name,type,pref,city,tags,description,url,address,phone,source,source_url,last_updated,external_search
訪問看護リハビリステーションスマイル,訪問看護,青森県,青森市,"介護,訪問看護,医療",看護師などが自宅へ訪問し、健康状態の確認や医療的ケア、療養生活の支援を行います。,caresmile.net,青森県青森市問屋町2－14－6,017-738-8111,厚生労働省オープンデータ,https://www.mhlw.go.jp/content/12300000/jigyosho_130.csv,2025-12末,https://www.google.com/search?q=%E8%A8%AA%E5%95%8F%E7%9C%8B%E8%AD%B7%E3%83%AA%E3%83%8F%E3%83%93%E3%83%AA%E3%82%B9%E3%83%86%E3%83%BC%E3%82%B7%E3%83%A7%E3%83%B3%E3%82%B9%E3%83%9E%E3%82%A4%E3%83%AB%20%E9%9D%92%E6%A3%AE%E5%B8%82
リリオンナースステーション,訪問看護,青森県,青森市,"介護,訪問看護,医療",看護師などが自宅へ訪問し、健康状態の確認や医療的ケア、療養生活の支援を行います。,https://www.google.com/search?q=%E3%83%AA%E3%83%AA%E3%82%AA%E3%83%B3%E3%83%8A%E3%83%BC%E3%82%B9%E3%82%B9%E3%83%86%E3%83%BC%E3%82%B7%E3%83%A7%E3%83%B3%20%E9%9D%92%E6%A3%AE%E5%B8%82,青森県青森市自由ヶ丘1丁目３－１,017-757-8217,厚生労働省オープンデータ,https://www.mhlw.go.jp/content/12300000/jigyosho_130.csv,2025-12末,https://www.google.com/search?q=%E3%83%AA%E3%83%AA%E3%82%AA%E3%83%B3%E3%83%8A%E3%83%BC%E3%82%B9%E3%82%B9%E3%83%86%E3%83%BC%E3%82%B7%E3%83%A7%E3%83%B3%20%E9%9D%92%E6%A3%AE%E5%B8%82
ワンだふる訪問看護ステーション,訪問看護,青森県,青森市,"介護,訪問看護,医療",看護師などが自宅へ訪問し、健康状態の確認や医療的ケア、療養生活の支援を行います。,https://wander-ful1101.my.canva.site/,青森県青森市中佃二丁目10番6号コーポかまた102号,017-752-0661,厚生労働省オープンデータ,https://www.mhlw.go.jp/content/12300000/jigyosho_130.csv,2025-12末,https://www.google.com/search?q=%E3%83%AF%E3%83%B3%E3%81%A0%E3%81%B5%E3%82%8B%E8%A8%AA%E5%95%8F%E7%9C%8B%E8%AD%B7%E3%82%B9%E3%83%86%E3%83%BC%E3%82%B7%E3%83%A7%E3%83%B3%20%E9%9D%92%E6%A3%AE%E5%B8%82
ツクイ青森訪問看護ステーション,訪問看護,青森県,青森市,"介護,訪問看護,医療",看護師などが自宅へ訪問し、健康状態の確認や医療的ケア、療養生活の支援を行います。,https://corp.tsukui.net,青森県青森市本町1丁目4番17号大樹生命青森ビル4階,017-721-8022,厚生労働省オープンデータ,https://www.mhlw.go.jp/content/12300000/jigyosho_130.csv,2025-12末,https://www.google.com/search?q=%E3%83%84%E3%82%AF%E3%82%A4%E9%9D%92%E6%A3%AE%E8%A8%AA%E5%95%8F%E7%9C%8B%E8%AD%B7%E3%82%B9%E3%83%86%E3%83%BC%E3%82%B7%E3%83%A7%E3%83%B3%20%E9%9D%92%E6%A3%AE%E5%B8%82
訪問看護ステーションフウカ,訪問看護,青森県,青森市,"介護,訪問看護,医療",看護師などが自宅へ訪問し、健康状態の確認や医療的ケア、療養生活の支援を行います。,http://hhk-peace.jp,青森県青森市南佃2丁目18-7,017－752－8768,厚生労働省オープンデータ,https://www.mhlw.go.jp/content/12300000/jigyosho_130.csv,2025-12末,https://www.google.com/search?q=%E8%A8%AA%E5%95%8F%E7%9C%8B%E8%AD%B7%E3%82%B9%E3%83%86%E3%83%BC%E3%82%B7%E3%83%A7%E3%83%B3%E3%83%95%E3%82%A6%E3%82%AB%20%E9%9D%92%E6%A3%AE%E5%B8%82
えみい訪問看護ステーション,訪問看護,青森県,青森市,"介護,訪問看護,医療",看護師などが自宅へ訪問し、健康状態の確認や医療的ケア、療養生活の支援を行います。,https://www.google.com/search?q=%E3%81%88%E3%81%BF%E3%81%84%E8%A8%AA%E5%95%8F%E7%9C%8B%E8%AD%B7%E3%82%B9%E3%83%86%E3%83%BC%E3%82%B7%E3%83%A7%E3%83%B3%20%E9%9D%92%E6%A3%AE%E5%B8%82,青森県青森市中央1丁目18-9ハイツTOMI　A棟102号室,017-718-2825,厚生労働省オープンデータ,https://www.mhlw.go.jp/content/12300000/jigyosho_130.csv,2025-12末,https://www.google.com/search?q=%E3%81%88%E3%81%BF%E3%81%84%E8%A8%AA%E5%95%8F%E7%9C%8B%E8%AD%B7%E3%82%B9%E3%83%86%E3%83%BC%E3%82%B7%E3%83%A7%E3%83%B3%20%E9%9D%92%E6%A3%AE%E5%B8%82
青森厚生病院　介護事業部,訪問看護,青森県,青森市,"介護,訪問看護,医療",看護師などが自宅へ訪問し、健康状態の確認や医療的ケア、療養生活の支援を行います。,https://www.google.com/search?q=%E9%9D%92%E6%A3%AE%E5%8E%9A%E7%94%9F%E7%97%85%E9%99%A2%E3%80%80%E4%BB%8B%E8%AD%B7%E4%BA%8B%E6%A5%AD%E9%83%A8%20%E9%9D%92%E6%A3%AE%E5%B8%82,青森県青森市大字新城字山田488番地１,017-788-3121,厚生労働省オープンデータ,https://www.mhlw.go.jp/content/12300000/jigyosho_130.csv,2025-12末,https://www.google.com/search?q=%E9%9D%92%E6%A3%AE%E5%8E%9A%E7%94%9F%E7%97%85%E9%99%A2%E3%80%80%E4%BB%8B%E8%AD%B7%E4%BA%8B%E6%A5%AD%E9%83%A8%20%E9%9D%92%E6%A3%AE%E5%B8%82
医療法人明友会嶋中内科循環器科,訪問看護,青森県,青森市,"介護,訪問看護,医療",看護師などが自宅へ訪問し、健康状態の確認や医療的ケア、療養生活の支援を行います。,http://www3.ocn.ne.jp/~simanaka/index.html,青森県青森市青柳２丁目9-38,017-775-2111,厚生労働省オープンデータ,https://www.mhlw.go.jp/content/12300000/jigyosho_130.csv,2025-12末,https://www.google.com/search?q=%E5%8C%BB%E7%99%82%E6%B3%95%E4%BA%BA%E6%98%8E%E5%8F%8B%E4%BC%9A%E5%B6%8B%E4%B8%AD%E5%86%85%E7%A7%91%E5%BE%AA%E7%92%B0%E5%99%A8%E7%A7%91%20%E9%9D%92%E6%A3%AE%E5%B8%82
訪問看護ステーションすずかけ,訪問看護,青森県,青森市,"介護,訪問看護,医療",看護師などが自宅へ訪問し、健康状態の確認や医療的ケア、療養生活の支援を行います。,http://www.amc-headquarters-med.or.jp,青森市里見2丁目13番1号社会福祉法人　すずかけの里,017-761-1100,厚生労働省オープンデータ,https://www.mhlw.go.jp/content/12300000/jigyosho_130.csv,2025-12末,https://www.google.com/search?q=%E8%A8%AA%E5%95%8F%E7%9C%8B%E8%AD%B7%E3%82%B9%E3%83%86%E3%83%BC%E3%82%B7%E3%83%A7%E3%83%B3%E3%81%99%E3%81%9A%E3%81%8B%E3%81%91%20%E9%9D%92%E6%A3%AE%E5%B8%82
訪問看護ステーションやよい,訪問看護,青森県,青森市,"介護,訪問看護,医療",看護師などが自宅へ訪問し、健康状態の確認や医療的ケア、療養生活の支援を行います。,http://www.keiju-w.or.jp/,青森市大字矢田前字弥生田47-2,017-726-5656,厚生労働省オープンデータ,https://www.mhlw.go.jp/content/12300000/jigyosho_130.csv,2025-12末,https://www.google.com/search?q=%E8%A8%AA%E5%95%8F%E7%9C%8B%E8%AD%B7%E3%82%B9%E3%83%86%E3%83%BC%E3%82%B7%E3%83%A7%E3%83%B3%E3%82%84%E3%82%88%E3%81%84%20%E9%9D%92%E6%A3%AE%E5%B8%82
じけいかい訪問看護ステーション,訪問看護,青森県,青森市,"介護,訪問看護,医療",看護師などが自宅へ訪問し、健康状態の確認や医療的ケア、療養生活の支援を行います。,http://www.jikei-kai.org,青森県青森市安田字近野146番地1青森慈恵会病院内,017-783-5120,厚生労働省オープンデータ,https://www.mhlw.go.jp/content/12300000/jigyosho_130.csv,2025-12末,https://www.google.com/search?q=%E3%81%98%E3%81%91%E3%81%84%E3%81%8B%E3%81%84%E8%A8%AA%E5%95%8F%E7%9C%8B%E8%AD%B7%E3%82%B9%E3%83%86%E3%83%BC%E3%82%B7%E3%83%A7%E3%83%B3%20%E9%9D%92%E6%A3%AE%E5%B8%82
訪問看護ステーションのぞみ,訪問看護,青森県,青森市,"介護,訪問看護,医療",看護師などが自宅へ訪問し、健康状態の確認や医療的ケア、療養生活の支援を行います。,https://www.google.com/search?q=%E8%A8%AA%E5%95%8F%E7%9C%8B%E8%AD%B7%E3%82%B9%E3%83%86%E3%83%BC%E3%82%B7%E3%83%A7%E3%83%B3%E3%81%AE%E3%81%9E%E3%81%BF%20%E9%9D%92%E6%A3%AE%E5%B8%82,青森県青森市東大野一丁目１－１２レトア１０１,017-763-5755,厚生労働省オープンデータ,https://www.mhlw.go.jp/content/12300000/jigyosho_130.csv,2025-12末,https://www.google.com/search?q=%E8%A8%AA%E5%95%8F%E7%9C%8B%E8%AD%B7%E3%82%B9%E3%83%86%E3%83%BC%E3%82%B7%E3%83%A7%E3%83%B3%E3%81%AE%E3%81%9E%E3%81%BF%20%E9%9D%92%E6%A3%AE%E5%B8%82
協立訪問看護ステーション,訪問看護,青森県,青森市,"介護,訪問看護,医療",看護師などが自宅へ訪問し、健康状態の確認や医療的ケア、療養生活の支援を行います。,http://www.aomori-h-coop.com,青森市問屋町１丁目１５番１０号看護多機能型居宅介護事業所ひまわり　2階,017-764-4477,厚生労働省オープンデータ,https://www.mhlw.go.jp/content/12300000/jigyosho_130.csv,2025-12末,https://www.google.com/search?q=%E5%8D%94%E7%AB%8B%E8%A8%AA%E5%95%8F%E7%9C%8B%E8%AD%B7%E3%82%B9%E3%83%86%E3%83%BC%E3%82%B7%E3%83%A7%E3%83%B3%20%E9%9D%92%E6%A3%AE%E5%B8%82
医療法人　芙蓉会　訪問看護ステーション　マザー,訪問看護,青森県,青森市,"介護,訪問看護,医療",看護師などが自宅へ訪問し、健康状態の確認や医療的ケア、療養生活の支援を行います。,https://www.fuyoukai.or.jp/sanraku/jigyousho/houmon/mother.html,青森県青森市妙見３丁目１１－１４総合ケアセンターさんらく,017-728-2202,厚生労働省オープンデータ,https://www.mhlw.go.jp/content/12300000/jigyosho_130.csv,2025-12末,https://www.google.com/search?q=%E5%8C%BB%E7%99%82%E6%B3%95%E4%BA%BA%E3%80%80%E8%8A%99%E8%93%89%E4%BC%9A%E3%80%80%E8%A8%AA%E5%95%8F%E7%9C%8B%E8%AD%B7%E3%82%B9%E3%83%86%E3%83%BC%E3%82%B7%E3%83%A7%E3%83%B3%E3%80%80%E3%83%9E%E3%82%B6%E3%83%BC%20%E9%9D%92%E6%A3%AE%E5%B8%82
訪問看護ステーションはーとけあ,訪問看護,青森県,青森市,"介護,訪問看護,医療",看護師などが自宅へ訪問し、健康状態の確認や医療的ケア、療養生活の支援を行います。,http://www.heartcare-service.com/facility.html,青森市青葉１丁目２－２２,017-735-1500,厚生労働省オープンデータ,https://www.mhlw.go.jp/content/12300000/jigyosho_130.csv,2025-12末,https://www.google.com/search?q=%E8%A8%AA%E5%95%8F%E7%9C%8B%E8%AD%B7%E3%82%B9%E3%83%86%E3%83%BC%E3%82%B7%E3%83%A7%E3%83%B3%E3%81%AF%E3%83%BC%E3%81%A8%E3%81%91%E3%81%82%20%E9%9D%92%E6%A3%AE%E5%B8%82
訪問看護ステーションあうら,訪問看護,青森県,青森市,"介護,訪問看護,医療",看護師などが自宅へ訪問し、健康状態の確認や医療的ケア、療養生活の支援を行います。,http://www.aura-group.jp/,青森県青森市幸畑2丁目6-10,017-752-9119,厚生労働省オープンデータ,https://www.mhlw.go.jp/content/12300000/jigyosho_130.csv,2025-12末,https://www.google.com/search?q=%E8%A8%AA%E5%95%8F%E7%9C%8B%E8%AD%B7%E3%82%B9%E3%83%86%E3%83%BC%E3%82%B7%E3%83%A7%E3%83%B3%E3%81%82%E3%81%86%E3%82%89%20%E9%9D%92%E6%A3%AE%E5%B8%82
訪問看護ステーションユリカ,訪問看護,青森県,青森市,"介護,訪問看護,医療",看護師などが自宅へ訪問し、健康状態の確認や医療的ケア、療養生活の支援を行います。,www.yurika-hashimoto.com,青森県青森市橋本２丁目15番8号,017-775-2300,厚生労働省オープンデータ,https://www.mhlw.go.jp/content/12300000/jigyosho_130.csv,2025-12末,https://www.google.com/search?q=%E8%A8%AA%E5%95%8F%E7%9C%8B%E8%AD%B7%E3%82%B9%E3%83%86%E3%83%BC%E3%82%B7%E3%83%A7%E3%83%B3%E3%83%A6%E3%83%AA%E3%82%AB%20%E9%9D%92%E6%A3%AE%E5%B8%82
株式会社　光仁介護サービス　まちだ訪問看護ステーション,訪問看護,青森県,青森市,"介護,訪問看護,医療",看護師などが自宅へ訪問し、健康状態の確認や医療的ケア、療養生活の支援を行います。,https://www.google.com/search?q=%E6%A0%AA%E5%BC%8F%E4%BC%9A%E7%A4%BE%E3%80%80%E5%85%89%E4%BB%81%E4%BB%8B%E8%AD%B7%E3%82%B5%E3%83%BC%E3%83%93%E3%82%B9%E3%80%80%E3%81%BE%E3%81%A1%E3%81%A0%E8%A8%AA%E5%95%8F%E7%9C%8B%E8%AD%B7%E3%82%B9%E3%83%86%E3%83%BC%E3%82%B7%E3%83%A7%E3%83%B3%20%E9%9D%92%E6%A3%AE%E5%B8%82,青森県青森市大字羽白字沢田44番地2,017-763-3360,厚生労働省オープンデータ,https://www.mhlw.go.jp/content/12300000/jigyosho_130.csv,2025-12末,https://www.google.com/search?q=%E6%A0%AA%E5%BC%8F%E4%BC%9A%E7%A4%BE%E3%80%80%E5%85%89%E4%BB%81%E4%BB%8B%E8%AD%B7%E3%82%B5%E3%83%BC%E3%83%93%E3%82%B9%E3%80%80%E3%81%BE%E3%81%A1%E3%81%A0%E8%A8%AA%E5%95%8F%E7%9C%8B%E8%AD%B7%E3%82%B9%E3%83%86%E3%83%BC%E3%82%B7%E3%83%A7%E3%83%B3%20%E9%9D%92%E6%A3%AE%E5%B8%82
訪問看護ステーションあかり,訪問看護,青森県,青森市,"介護,訪問看護,医療",看護師などが自宅へ訪問し、健康状態の確認や医療的ケア、療養生活の支援を行います。,https://www.google.com/search?q=%E8%A8%AA%E5%95%8F%E7%9C%8B%E8%AD%B7%E3%82%B9%E3%83%86%E3%83%BC%E3%82%B7%E3%83%A7%E3%83%B3%E3%81%82%E3%81%8B%E3%82%8A%20%E9%9D%92%E6%A3%AE%E5%B8%82,青森県青森市羽白字沢田719-3,017-753-2330,厚生労働省オープンデータ,https://www.mhlw.go.jp/content/12300000/jigyosho_130.csv,2025-12末,https://www.google.com/search?q=%E8%A8%AA%E5%95%8F%E7%9C%8B%E8%AD%B7%E3%82%B9%E3%83%86%E3%83%BC%E3%82%B7%E3%83%A7%E3%83%B3%E3%81%82%E3%81%8B%E3%82%8A%20%E9%9D%92%E6%A3%AE%E5%B8%82
あおかい訪問看護,訪問看護,青森県,青森市,"介護,訪問看護,医療",看護師などが自宅へ訪問し、健康状態の確認や医療的ケア、療養生活の支援を行います。,https://aokaigo.co.jp,青森県青森市古川2-15-7JMG古川ビル,017-752-0044,厚生労働省オープンデータ,https://www.mhlw.go.jp/content/12300000/jigyosho_130.csv,2025-12末,https://www.google.com/search?q=%E3%81%82%E3%81%8A%E3%81%8B%E3%81%84%E8%A8%AA%E5%95%8F%E7%9C%8B%E8%AD%B7%20%E9%9D%92%E6%A3%AE%E5%B8%82
訪問看護ステーション　デューン青森,訪問看護,青森県,青森市,"介護,訪問看護,医療",看護師などが自宅へ訪問し、健康状態の確認や医療的ケア、療養生活の支援を行います。,https://www.google.com/search?q=%E8%A8%AA%E5%95%8F%E7%9C%8B%E8%AD%B7%E3%82%B9%E3%83%86%E3%83%BC%E3%82%B7%E3%83%A7%E3%83%B3%E3%80%80%E3%83%87%E3%83%A5%E3%83%BC%E3%83%B3%E9%9D%92%E6%A3%AE%20%E9%9D%92%E6%A3%AE%E5%B8%82,青森県青森市長島2丁目16-2岩渕ビル2階,017-775-8556,厚生労働省オープンデータ,https://www.mhlw.go.jp/content/12300000/jigyosho_130.csv,2025-12末,https://www.google.com/search?q=%E8%A8%AA%E5%95%8F%E7%9C%8B%E8%AD%B7%E3%82%B9%E3%83%86%E3%83%BC%E3%82%B7%E3%83%A7%E3%83%B3%E3%80%80%E3%83%87%E3%83%A5%E3%83%BC%E3%83%B3%E9%9D%92%E6%A3%AE%20%E9%9D%92%E6%A3%AE%E5%B8%82
医療法人雄心会　新都市訪問看護ステーション,訪問看護,青森県,青森市,"介護,訪問看護,医療",看護師などが自宅へ訪問し、健康状態の確認や医療的ケア、療養生活の支援を行います。,https://aomorishintoshi-hp.yushinkai.jp/,青森県青森市大字石江3-2-4ひまわり薬局2F,017-757-8373,厚生労働省オープンデータ,https://www.mhlw.go.jp/content/12300000/jigyosho_130.csv,2025-12末,https://www.google.com/search?q=%E5%8C%BB%E7%99%82%E6%B3%95%E4%BA%BA%E9%9B%84%E5%BF%83%E4%BC%9A%E3%80%80%E6%96%B0%E9%83%BD%E5%B8%82%E8%A8%AA%E5%95%8F%E7%9C%8B%E8%AD%B7%E3%82%B9%E3%83%86%E3%83%BC%E3%82%B7%E3%83%A7%E3%83%B3%20%E9%9D%92%E6%A3%AE%E5%B8%82
ほ〜むおんナースステーション,訪問看護,青森県,青森市,"介護,訪問看護,医療",看護師などが自宅へ訪問し、健康状態の確認や医療的ケア、療養生活の支援を行います。,https://www.homeon.info,小柳１丁目１７－２１,017-763-0972,厚生労働省オープンデータ,https://www.mhlw.go.jp/content/12300000/jigyosho_130.csv,2025-12末,https://www.google.com/search?q=%E3%81%BB%E3%80%9C%E3%82%80%E3%81%8A%E3%82%93%E3%83%8A%E3%83%BC%E3%82%B9%E3%82%B9%E3%83%86%E3%83%BC%E3%82%B7%E3%83%A7%E3%83%B3%20%E9%9D%92%E6%A3%AE%E5%B8%82
ナースステーションまごの手,訪問看護,青森県,青森市,"介護,訪問看護,医療",看護師などが自宅へ訪問し、健康状態の確認や医療的ケア、療養生活の支援を行います。,https://magocoro-co.jp/,青森県青森市沖館５丁目８－５,0177634720,厚生労働省オープンデータ,https://www.mhlw.go.jp/content/12300000/jigyosho_130.csv,2025-12末,https://www.google.com/search?q=%E3%83%8A%E3%83%BC%E3%82%B9%E3%82%B9%E3%83%86%E3%83%BC%E3%82%B7%E3%83%A7%E3%83%B3%E3%81%BE%E3%81%94%E3%81%AE%E6%89%8B%20%E9%9D%92%E6%A3%AE%E5%B8%82
アピイ訪問看護ステーション,訪問看護,青森県,青森市,"介護,訪問看護,医療",看護師などが自宅へ訪問し、健康状態の確認や医療的ケア、療養生活の支援を行います。,https://www.ape-life.co.jp/,青森県青森市問屋町1丁目7-21,017-738-6616,厚生労働省オープンデータ,https://www.mhlw.go.jp/content/12300000/jigyosho_130.csv,2025-12末,https://www.google.com/search?q=%E3%82%A2%E3%83%94%E3%82%A4%E8%A8%AA%E5%95%8F%E7%9C%8B%E8%AD%B7%E3%82%B9%E3%83%86%E3%83%BC%E3%82%B7%E3%83%A7%E3%83%B3%20%E9%9D%92%E6%A3%AE%E5%B8%82
訪問看護ステーション　いなせ,訪問看護,青森県,青森市,"介護,訪問看護,医療",看護師などが自宅へ訪問し、健康状態の確認や医療的ケア、療養生活の支援を行います。,https://www.google.com/search?q=%E8%A8%AA%E5%95%8F%E7%9C%8B%E8%AD%B7%E3%82%B9%E3%83%86%E3%83%BC%E3%82%B7%E3%83%A7%E3%83%B3%E3%80%80%E3%81%84%E3%81%AA%E3%81%9B%20%E9%9D%92%E6%A3%AE%E5%B8%82,青森市小柳１丁目１７番１１号Lumino小柳１０３号,017-764-6334,厚生労働省オープンデータ,https://www.mhlw.go.jp/content/12300000/jigyosho_130.csv,2025-12末,https://www.google.com/search?q=%E8%A8%AA%E5%95%8F%E7%9C%8B%E8%AD%B7%E3%82%B9%E3%83%86%E3%83%BC%E3%82%B7%E3%83%A7%E3%83%B3%E3%80%80%E3%81%84%E3%81%AA%E3%81%9B%20%E9%9D%92%E6%A3%AE%E5%B8%82
リニエ訪問看護ステーション青森青葉,訪問看護,青森県,青森市,"介護,訪問看護,医療",看護師などが自宅へ訪問し、健康状態の確認や医療的ケア、療養生活の支援を行います。,https://linie-group.jp/office/houmonkango-aomoriaoba/,〒030-0846青森県青森市青葉3-9-8三成ビル2階E号室,017-763-4001,厚生労働省オープンデータ,https://www.mhlw.go.jp/content/12300000/jigyosho_130.csv,2025-12末,https://www.google.com/search?q=%E3%83%AA%E3%83%8B%E3%82%A8%E8%A8%AA%E5%95%8F%E7%9C%8B%E8%AD%B7%E3%82%B9%E3%83%86%E3%83%BC%E3%82%B7%E3%83%A7%E3%83%B3%E9%9D%92%E6%A3%AE%E9%9D%92%E8%91%89%20%E9%9D%92%E6%A3%AE%E5%B8%82
医心館訪問看護ステーション青森,訪問看護,青森県,青森市,"介護,訪問看護,医療",看護師などが自宅へ訪問し、健康状態の確認や医療的ケア、療養生活の支援を行います。,https://www.google.com/search?q=%E5%8C%BB%E5%BF%83%E9%A4%A8%E8%A8%AA%E5%95%8F%E7%9C%8B%E8%AD%B7%E3%82%B9%E3%83%86%E3%83%BC%E3%82%B7%E3%83%A7%E3%83%B3%E9%9D%92%E6%A3%AE%20%E9%9D%92%E6%A3%AE%E5%B8%82,奥野三丁目14番21号,017-718-5682,厚生労働省オープンデータ,https://www.mhlw.go.jp/content/12300000/jigyosho_130.csv,2025-12末,https://www.google.com/search?q=%E5%8C%BB%E5%BF%83%E9%A4%A8%E8%A8%AA%E5%95%8F%E7%9C%8B%E8%AD%B7%E3%82%B9%E3%83%86%E3%83%BC%E3%82%B7%E3%83%A7%E3%83%B3%E9%9D%92%E6%A3%AE%20%E9%9D%92%E6%A3%AE%E5%B8%82
訪問看護ステーションえにし,訪問看護,青森県,青森市,"介護,訪問看護,医療",看護師などが自宅へ訪問し、健康状態の確認や医療的ケア、療養生活の支援を行います。,https://www.google.com/search?q=%E8%A8%AA%E5%95%8F%E7%9C%8B%E8%AD%B7%E3%82%B9%E3%83%86%E3%83%BC%E3%82%B7%E3%83%A7%E3%83%B3%E3%81%88%E3%81%AB%E3%81%97%20%E9%9D%92%E6%A3%AE%E5%B8%82,青森県青森市南佃2丁目17-1メゾンオリンピアB号,017-762-0572,厚生労働省オープンデータ,https://www.mhlw.go.jp/content/12300000/jigyosho_130.csv,2025-12末,https://www.google.com/search?q=%E8%A8%AA%E5%95%8F%E7%9C%8B%E8%AD%B7%E3%82%B9%E3%83%86%E3%83%BC%E3%82%B7%E3%83%A7%E3%83%B3%E3%81%88%E3%81%AB%E3%81%97%20%E9%9D%92%E6%A3%AE%E5%B8%82
訪問看護ステーション心,訪問看護,青森県,青森市,"介護,訪問看護,医療",看護師などが自宅へ訪問し、健康状態の確認や医療的ケア、療養生活の支援を行います。,https://www.google.com/search?q=%E8%A8%AA%E5%95%8F%E7%9C%8B%E8%AD%B7%E3%82%B9%E3%83%86%E3%83%BC%E3%82%B7%E3%83%A7%E3%83%B3%E5%BF%83%20%E9%9D%92%E6%A3%AE%E5%B8%82,青森県青森市佃3丁目1番5号,017-762-0919,厚生労働省オープンデータ,https://www.mhlw.go.jp/content/12300000/jigyosho_130.csv,2025-12末,https://www.google.com/search?q=%E8%A8%AA%E5%95%8F%E7%9C%8B%E8%AD%B7%E3%82%B9%E3%83%86%E3%83%BC%E3%82%B7%E3%83%A7%E3%83%B3%E5%BF%83%20%E9%9D%92%E6%A3%AE%E5%B8%82
訪問看護ステーション　バンドー青森,訪問看護,青森県,青森市,"介護,訪問看護,医療",看護師などが自宅へ訪問し、健康状態の確認や医療的ケア、療養生活の支援を行います。,http://www.bwfg.co.jp/,青森県青森市野木字山口15-11,017-762-0788,厚生労働省オープンデータ,https://www.mhlw.go.jp/content/12300000/jigyosho_130.csv,2025-12末,https://www.google.com/search?q=%E8%A8%AA%E5%95%8F%E7%9C%8B%E8%AD%B7%E3%82%B9%E3%83%86%E3%83%BC%E3%82%B7%E3%83%A7%E3%83%B3%E3%80%80%E3%83%90%E3%83%B3%E3%83%89%E3%83%BC%E9%9D%92%E6%A3%AE%20%E9%9D%92%E6%A3%AE%E5%B8%82
訪問看護ステーション健心,訪問看護,青森県,青森市,"介護,訪問看護,医療",看護師などが自宅へ訪問し、健康状態の確認や医療的ケア、療養生活の支援を行います。,https://www.houmonkango-kensin.com,青森県青森市篠田3丁目12-21ハイツそうま1号室,017-718-7513,厚生労働省オープンデータ,https://www.mhlw.go.jp/content/12300000/jigyosho_130.csv,2025-12末,https://www.google.com/search?q=%E8%A8%AA%E5%95%8F%E7%9C%8B%E8%AD%B7%E3%82%B9%E3%83%86%E3%83%BC%E3%82%B7%E3%83%A7%E3%83%B3%E5%81%A5%E5%BF%83%20%E9%9D%92%E6%A3%AE%E5%B8%82
ナースステーションいきいきケア,訪問看護,青森県,青森市,"介護,訪問看護,医療",看護師などが自宅へ訪問し、健康状態の確認や医療的ケア、療養生活の支援を行います。,https://iki-iki.co.jp/company/,青森県青森市佃1丁目23-10,017-743-7575,厚生労働省オープンデータ,https://www.mhlw.go.jp/content/12300000/jigyosho_130.csv,2025-12末,https://www.google.com/search?q=%E3%83%8A%E3%83%BC%E3%82%B9%E3%82%B9%E3%83%86%E3%83%BC%E3%82%B7%E3%83%A7%E3%83%B3%E3%81%84%E3%81%8D%E3%81%84%E3%81%8D%E3%82%B1%E3%82%A2%20%E9%9D%92%E6%A3%AE%E5%B8%82
サンライズ訪問看護ステーション,訪問看護,青森県,青森市,"介護,訪問看護,医療",看護師などが自宅へ訪問し、健康状態の確認や医療的ケア、療養生活の支援を行います。,https://www.google.com/search?q=%E3%82%B5%E3%83%B3%E3%83%A9%E3%82%A4%E3%82%BA%E8%A8%AA%E5%95%8F%E7%9C%8B%E8%AD%B7%E3%82%B9%E3%83%86%E3%83%BC%E3%82%B7%E3%83%A7%E3%83%B3%20%E9%9D%92%E6%A3%AE%E5%B8%82,青森県上北郡東北町旭南3丁目296-2,0176-58-1551,厚生労働省オープンデータ,https://www.mhlw.go.jp/content/12300000/jigyosho_130.csv,2025-12末,https://www.google.com/search?q=%E3%82%B5%E3%83%B3%E3%83%A9%E3%82%A4%E3%82%BA%E8%A8%AA%E5%95%8F%E7%9C%8B%E8%AD%B7%E3%82%B9%E3%83%86%E3%83%BC%E3%82%B7%E3%83%A7%E3%83%B3%20%E9%9D%92%E6%A3%AE%E5%B8%82
ハピネス訪問看護ステーション,訪問看護,青森県,青森市,"介護,訪問看護,医療",看護師などが自宅へ訪問し、健康状態の確認や医療的ケア、療養生活の支援を行います。,https://www.google.com/search?q=%E3%83%8F%E3%83%94%E3%83%8D%E3%82%B9%E8%A8%AA%E5%95%8F%E7%9C%8B%E8%AD%B7%E3%82%B9%E3%83%86%E3%83%BC%E3%82%B7%E3%83%A7%E3%83%B3%20%E9%9D%92%E6%A3%AE%E5%B8%82,青森県青森市浪岡大字下十川字村元59-1,0172-88-8038,厚生労働省オープンデータ,https://www.mhlw.go.jp/content/12300000/jigyosho_130.csv,2025-12末,https://www.google.com/search?q=%E3%83%8F%E3%83%94%E3%83%8D%E3%82%B9%E8%A8%AA%E5%95%8F%E7%9C%8B%E8%AD%B7%E3%82%B9%E3%83%86%E3%83%BC%E3%82%B7%E3%83%A7%E3%83%B3%20%E9%9D%92%E6%A3%AE%E5%B8%82
ナースステーションめりい,訪問看護,青森県,青森市,"介護,訪問看護,医療",看護師などが自宅へ訪問し、健康状態の確認や医療的ケア、療養生活の支援を行います。,https://www.google.com/search?q=%E3%83%8A%E3%83%BC%E3%82%B9%E3%82%B9%E3%83%86%E3%83%BC%E3%82%B7%E3%83%A7%E3%83%B3%E3%82%81%E3%82%8A%E3%81%84%20%E9%9D%92%E6%A3%AE%E5%B8%82,青森県青森市中佃3丁目7番5号丸忠ハイツ　201号室,017‐718‐3603,厚生労働省オープンデータ,https://www.mhlw.go.jp/content/12300000/jigyosho_130.csv,2025-12末,https://www.google.com/search?q=%E3%83%8A%E3%83%BC%E3%82%B9%E3%82%B9%E3%83%86%E3%83%BC%E3%82%B7%E3%83%A7%E3%83%B3%E3%82%81%E3%82%8A%E3%81%84%20%E9%9D%92%E6%A3%AE%E5%B8%82
フレディ訪問看護ステーション,訪問看護,青森県,弘前市,"介護,訪問看護,医療",看護師などが自宅へ訪問し、健康状態の確認や医療的ケア、療養生活の支援を行います。,https://fredy2015.com,青森県弘前市百石町47-1,0172-31-3132,厚生労働省オープンデータ,https://www.mhlw.go.jp/content/12300000/jigyosho_130.csv,2025-12末,https://www.google.com/search?q=%E3%83%95%E3%83%AC%E3%83%87%E3%82%A3%E8%A8%AA%E5%95%8F%E7%9C%8B%E8%AD%B7%E3%82%B9%E3%83%86%E3%83%BC%E3%82%B7%E3%83%A7%E3%83%B3%20%E5%BC%98%E5%89%8D%E5%B8%82
ＥＳＴクリニック　訪問看護部,訪問看護,青森県,弘前市,"介護,訪問看護,医療",看護師などが自宅へ訪問し、健康状態の確認や医療的ケア、療養生活の支援を行います。,www.estclinic.com,青森県弘前市福村字新舘添20-1ＥＳＴクリニック,0172-29-5500,厚生労働省オープンデータ,https://www.mhlw.go.jp/content/12300000/jigyosho_130.csv,2025-12末,https://www.google.com/search?q=%EF%BC%A5%EF%BC%B3%EF%BC%B4%E3%82%AF%E3%83%AA%E3%83%8B%E3%83%83%E3%82%AF%E3%80%80%E8%A8%AA%E5%95%8F%E7%9C%8B%E8%AD%B7%E9%83%A8%20%E5%BC%98%E5%89%8D%E5%B8%82
訪問看護ステーション　トナカイハウス,訪問看護,青森県,弘前市,"介護,訪問看護,医療",看護師などが自宅へ訪問し、健康状態の確認や医療的ケア、療養生活の支援を行います。,https://www.houtokukai.org/,青森県弘前市大字大川字中桜川１８番地１０,0172-99-1234,厚生労働省オープンデータ,https://www.mhlw.go.jp/content/12300000/jigyosho_130.csv,2025-12末,https://www.google.com/search?q=%E8%A8%AA%E5%95%8F%E7%9C%8B%E8%AD%B7%E3%82%B9%E3%83%86%E3%83%BC%E3%82%B7%E3%83%A7%E3%83%B3%E3%80%80%E3%83%88%E3%83%8A%E3%82%AB%E3%82%A4%E3%83%8F%E3%82%A6%E3%82%B9%20%E5%BC%98%E5%89%8D%E5%B8%82
医療法人仙知会八幡町クリニック,訪問看護,青森県,弘前市,"介護,訪問看護,医療",看護師などが自宅へ訪問し、健康状態の確認や医療的ケア、療養生活の支援を行います。,https://senchikai.jp/,青森県弘前市大字青山４丁目２７番地１０,0172-31-6188,厚生労働省オープンデータ,https://www.mhlw.go.jp/content/12300000/jigyosho_130.csv,2025-12末,https://www.google.com/search?q=%E5%8C%BB%E7%99%82%E6%B3%95%E4%BA%BA%E4%BB%99%E7%9F%A5%E4%BC%9A%E5%85%AB%E5%B9%A1%E7%94%BA%E3%82%AF%E3%83%AA%E3%83%8B%E3%83%83%E3%82%AF%20%E5%BC%98%E5%89%8D%E5%B8%82
訪問看護ステーション　ことぶき,訪問看護,青森県,弘前市,"介護,訪問看護,医療",看護師などが自宅へ訪問し、健康状態の確認や医療的ケア、療養生活の支援を行います。,https://www.google.com/search?q=%E8%A8%AA%E5%95%8F%E7%9C%8B%E8%AD%B7%E3%82%B9%E3%83%86%E3%83%BC%E3%82%B7%E3%83%A7%E3%83%B3%E3%80%80%E3%81%93%E3%81%A8%E3%81%B6%E3%81%8D%20%E5%BC%98%E5%89%8D%E5%B8%82,青森県弘前市大字清野袋字岡部433-1老人保健施設　幸陽荘　内,0172-37-6070,厚生労働省オープンデータ,https://www.mhlw.go.jp/content/12300000/jigyosho_130.csv,2025-12末,https://www.google.com/search?q=%E8%A8%AA%E5%95%8F%E7%9C%8B%E8%AD%B7%E3%82%B9%E3%83%86%E3%83%BC%E3%82%B7%E3%83%A7%E3%83%B3%E3%80%80%E3%81%93%E3%81%A8%E3%81%B6%E3%81%8D%20%E5%BC%98%E5%89%8D%E5%B8%82
城東訪問看護ステーション,訪問看護,青森県,弘前市,"介護,訪問看護,医療",看護師などが自宅へ訪問し、健康状態の確認や医療的ケア、療養生活の支援を行います。,https://www.google.com/search?q=%E5%9F%8E%E6%9D%B1%E8%A8%AA%E5%95%8F%E7%9C%8B%E8%AD%B7%E3%82%B9%E3%83%86%E3%83%BC%E3%82%B7%E3%83%A7%E3%83%B3%20%E5%BC%98%E5%89%8D%E5%B8%82,青森県弘前市城東中央４丁目１－２グラン城東１階,0172-28-0046,厚生労働省オープンデータ,https://www.mhlw.go.jp/content/12300000/jigyosho_130.csv,2025-12末,https://www.google.com/search?q=%E5%9F%8E%E6%9D%B1%E8%A8%AA%E5%95%8F%E7%9C%8B%E8%AD%B7%E3%82%B9%E3%83%86%E3%83%BC%E3%82%B7%E3%83%A7%E3%83%B3%20%E5%BC%98%E5%89%8D%E5%B8%82
津軽保健生活協同組合　健生訪問看護ステーションたまち,訪問看護,青森県,弘前市,"介護,訪問看護,医療",看護師などが自宅へ訪問し、健康状態の確認や医療的ケア、療養生活の支援を行います。,https://www.google.com/search?q=%E6%B4%A5%E8%BB%BD%E4%BF%9D%E5%81%A5%E7%94%9F%E6%B4%BB%E5%8D%94%E5%90%8C%E7%B5%84%E5%90%88%E3%80%80%E5%81%A5%E7%94%9F%E8%A8%AA%E5%95%8F%E7%9C%8B%E8%AD%B7%E3%82%B9%E3%83%86%E3%83%BC%E3%82%B7%E3%83%A7%E3%83%B3%E3%81%9F%E3%81%BE%E3%81%A1%20%E5%BC%98%E5%89%8D%E5%B8%82,青森県弘前市大字向外瀬字豊田292の1健生介護センター虹　1階,0172-36-8833,厚生労働省オープンデータ,https://www.mhlw.go.jp/content/12300000/jigyosho_130.csv,2025-12末,https://www.google.com/search?q=%E6%B4%A5%E8%BB%BD%E4%BF%9D%E5%81%A5%E7%94%9F%E6%B4%BB%E5%8D%94%E5%90%8C%E7%B5%84%E5%90%88%E3%80%80%E5%81%A5%E7%94%9F%E8%A8%AA%E5%95%8F%E7%9C%8B%E8%AD%B7%E3%82%B9%E3%83%86%E3%83%BC%E3%82%B7%E3%83%A7%E3%83%B3%E3%81%9F%E3%81%BE%E3%81%A1%20%E5%BC%98%E5%89%8D%E5%B8%82
訪問看護ステーション　ふれあい,訪問看護,青森県,弘前市,"介護,訪問看護,医療",看護師などが自宅へ訪問し、健康状態の確認や医療的ケア、療養生活の支援を行います。,http://www.kouaikai.com,青森県弘前市八幡町3-1-1,0172-31-0585,厚生労働省オープンデータ,https://www.mhlw.go.jp/content/12300000/jigyosho_130.csv,2025-12末,https://www.google.com/search?q=%E8%A8%AA%E5%95%8F%E7%9C%8B%E8%AD%B7%E3%82%B9%E3%83%86%E3%83%BC%E3%82%B7%E3%83%A7%E3%83%B3%E3%80%80%E3%81%B5%E3%82%8C%E3%81%82%E3%81%84%20%E5%BC%98%E5%89%8D%E5%B8%82
訪問看護ステーション　バンドー弘前,訪問看護,青森県,弘前市,"介護,訪問看護,医療",看護師などが自宅へ訪問し、健康状態の確認や医療的ケア、療養生活の支援を行います。,http://www.bwfg.co.jp/,青森県弘前市神田1丁目7-14,0172-55-7635,厚生労働省オープンデータ,https://www.mhlw.go.jp/content/12300000/jigyosho_130.csv,2025-12末,https://www.google.com/search?q=%E8%A8%AA%E5%95%8F%E7%9C%8B%E8%AD%B7%E3%82%B9%E3%83%86%E3%83%BC%E3%82%B7%E3%83%A7%E3%83%B3%E3%80%80%E3%83%90%E3%83%B3%E3%83%89%E3%83%BC%E5%BC%98%E5%89%8D%20%E5%BC%98%E5%89%8D%E5%B8%82
訪問看護ステーションほのか,訪問看護,青森県,弘前市,"介護,訪問看護,医療",看護師などが自宅へ訪問し、健康状態の確認や医療的ケア、療養生活の支援を行います。,https://www.google.com/search?q=%E8%A8%AA%E5%95%8F%E7%9C%8B%E8%AD%B7%E3%82%B9%E3%83%86%E3%83%BC%E3%82%B7%E3%83%A7%E3%83%B3%E3%81%BB%E3%81%AE%E3%81%8B%20%E5%BC%98%E5%89%8D%E5%B8%82,青森県弘前市大字泉野五丁目６番地７訪問看護ステーション　ほのか,0172-89-3125,厚生労働省オープンデータ,https://www.mhlw.go.jp/content/12300000/jigyosho_130.csv,2025-12末,https://www.google.com/search?q=%E8%A8%AA%E5%95%8F%E7%9C%8B%E8%AD%B7%E3%82%B9%E3%83%86%E3%83%BC%E3%82%B7%E3%83%A7%E3%83%B3%E3%81%BB%E3%81%AE%E3%81%8B%20%E5%BC%98%E5%89%8D%E5%B8%82
訪問看護ステーション　アシスト,訪問看護,青森県,弘前市,"介護,訪問看護,医療",看護師などが自宅へ訪問し、健康状態の確認や医療的ケア、療養生活の支援を行います。,https://www.google.com/search?q=%E8%A8%AA%E5%95%8F%E7%9C%8B%E8%AD%B7%E3%82%B9%E3%83%86%E3%83%BC%E3%82%B7%E3%83%A7%E3%83%B3%E3%80%80%E3%82%A2%E3%82%B7%E3%82%B9%E3%83%88%20%E5%BC%98%E5%89%8D%E5%B8%82,青森県弘前市川先３丁目４番地５,0172-26-6460,厚生労働省オープンデータ,https://www.mhlw.go.jp/content/12300000/jigyosho_130.csv,2025-12末,https://www.google.com/search?q=%E8%A8%AA%E5%95%8F%E7%9C%8B%E8%AD%B7%E3%82%B9%E3%83%86%E3%83%BC%E3%82%B7%E3%83%A7%E3%83%B3%E3%80%80%E3%82%A2%E3%82%B7%E3%82%B9%E3%83%88%20%E5%BC%98%E5%89%8D%E5%B8%82
訪問看護ステーション　あいびす,訪問看護,青森県,弘前市,"介護,訪問看護,医療",看護師などが自宅へ訪問し、健康状態の確認や医療的ケア、療養生活の支援を行います。,https://www.google.com/search?q=%E8%A8%AA%E5%95%8F%E7%9C%8B%E8%AD%B7%E3%82%B9%E3%83%86%E3%83%BC%E3%82%B7%E3%83%A7%E3%83%B3%E3%80%80%E3%81%82%E3%81%84%E3%81%B3%E3%81%99%20%E5%BC%98%E5%89%8D%E5%B8%82,青森県弘前市大字館野１丁目３－２３,0172-40-0543,厚生労働省オープンデータ,https://www.mhlw.go.jp/content/12300000/jigyosho_130.csv,2025-12末,https://www.google.com/search?q=%E8%A8%AA%E5%95%8F%E7%9C%8B%E8%AD%B7%E3%82%B9%E3%83%86%E3%83%BC%E3%82%B7%E3%83%A7%E3%83%B3%E3%80%80%E3%81%82%E3%81%84%E3%81%B3%E3%81%99%20%E5%BC%98%E5%89%8D%E5%B8%82
有限会社　ケアサポートかがやき,訪問看護,青森県,弘前市,"介護,訪問看護,医療",看護師などが自宅へ訪問し、健康状態の確認や医療的ケア、療養生活の支援を行います。,https://www.google.com/search?q=%E6%9C%89%E9%99%90%E4%BC%9A%E7%A4%BE%E3%80%80%E3%82%B1%E3%82%A2%E3%82%B5%E3%83%9D%E3%83%BC%E3%83%88%E3%81%8B%E3%81%8C%E3%82%84%E3%81%8D%20%E5%BC%98%E5%89%8D%E5%B8%82,青森県弘前市大字野田一丁目４番地１６,0172-39-7051,厚生労働省オープンデータ,https://www.mhlw.go.jp/content/12300000/jigyosho_130.csv,2025-12末,https://www.google.com/search?q=%E6%9C%89%E9%99%90%E4%BC%9A%E7%A4%BE%E3%80%80%E3%82%B1%E3%82%A2%E3%82%B5%E3%83%9D%E3%83%BC%E3%83%88%E3%81%8B%E3%81%8C%E3%82%84%E3%81%8D%20%E5%BC%98%E5%89%8D%E5%B8%82
ひいらぎ訪問看護ステーション,訪問看護,青森県,弘前市,"介護,訪問看護,医療",看護師などが自宅へ訪問し、健康状態の確認や医療的ケア、療養生活の支援を行います。,https://www.google.com/search?q=%E3%81%B2%E3%81%84%E3%82%89%E3%81%8E%E8%A8%AA%E5%95%8F%E7%9C%8B%E8%AD%B7%E3%82%B9%E3%83%86%E3%83%BC%E3%82%B7%E3%83%A7%E3%83%B3%20%E5%BC%98%E5%89%8D%E5%B8%82,弘前市大字南大町一丁目11番地3,0172－31－0575,厚生労働省オープンデータ,https://www.mhlw.go.jp/content/12300000/jigyosho_130.csv,2025-12末,https://www.google.com/search?q=%E3%81%B2%E3%81%84%E3%82%89%E3%81%8E%E8%A8%AA%E5%95%8F%E7%9C%8B%E8%AD%B7%E3%82%B9%E3%83%86%E3%83%BC%E3%82%B7%E3%83%A7%E3%83%B3%20%E5%BC%98%E5%89%8D%E5%B8%82
訪問看護ステーション高舘山,訪問看護,青森県,弘前市,"介護,訪問看護,医療",看護師などが自宅へ訪問し、健康状態の確認や医療的ケア、療養生活の支援を行います。,http://zenseikai.com/,青森県弘前市大字五代字沼田13-5,0172-82-3337,厚生労働省オープンデータ,https://www.mhlw.go.jp/content/12300000/jigyosho_130.csv,2025-12末,https://www.google.com/search?q=%E8%A8%AA%E5%95%8F%E7%9C%8B%E8%AD%B7%E3%82%B9%E3%83%86%E3%83%BC%E3%82%B7%E3%83%A7%E3%83%B3%E9%AB%98%E8%88%98%E5%B1%B1%20%E5%BC%98%E5%89%8D%E5%B8%82
訪問看護事業所　共,訪問看護,青森県,弘前市,"介護,訪問看護,医療",看護師などが自宅へ訪問し、健康状態の確認や医療的ケア、療養生活の支援を行います。,tomosugou@gmail.coⅿ,青森県弘前市大字清原２丁目10-20,0172-55-0163,厚生労働省オープンデータ,https://www.mhlw.go.jp/content/12300000/jigyosho_130.csv,2025-12末,https://www.google.com/search?q=%E8%A8%AA%E5%95%8F%E7%9C%8B%E8%AD%B7%E4%BA%8B%E6%A5%AD%E6%89%80%E3%80%80%E5%85%B1%20%E5%BC%98%E5%89%8D%E5%B8%82
石川訪問看護ステーションやすらぎ,訪問看護,青森県,弘前市,"介護,訪問看護,医療",看護師などが自宅へ訪問し、健康状態の確認や医療的ケア、療養生活の支援を行います。,https://www.google.com/search?q=%E7%9F%B3%E5%B7%9D%E8%A8%AA%E5%95%8F%E7%9C%8B%E8%AD%B7%E3%82%B9%E3%83%86%E3%83%BC%E3%82%B7%E3%83%A7%E3%83%B3%E3%82%84%E3%81%99%E3%82%89%E3%81%8E%20%E5%BC%98%E5%89%8D%E5%B8%82,青森県弘前市大字石川字大仏下２５－１,０１７２－９２－３３７２,厚生労働省オープンデータ,https://www.mhlw.go.jp/content/12300000/jigyosho_130.csv,2025-12末,https://www.google.com/search?q=%E7%9F%B3%E5%B7%9D%E8%A8%AA%E5%95%8F%E7%9C%8B%E8%AD%B7%E3%82%B9%E3%83%86%E3%83%BC%E3%82%B7%E3%83%A7%E3%83%B3%E3%82%84%E3%81%99%E3%82%89%E3%81%8E%20%E5%BC%98%E5%89%8D%E5%B8%82
訪問看護ステーションひなた,訪問看護,青森県,弘前市,"介護,訪問看護,医療",看護師などが自宅へ訪問し、健康状態の確認や医療的ケア、療養生活の支援を行います。,http://www.jhd.ne.jp/,青森県弘前市宮川3丁目17－13,0172-88-5788,厚生労働省オープンデータ,https://www.mhlw.go.jp/content/12300000/jigyosho_130.csv,2025-12末,https://www.google.com/search?q=%E8%A8%AA%E5%95%8F%E7%9C%8B%E8%AD%B7%E3%82%B9%E3%83%86%E3%83%BC%E3%82%B7%E3%83%A7%E3%83%B3%E3%81%B2%E3%81%AA%E3%81%9F%20%E5%BC%98%E5%89%8D%E5%B8%82
ビーンズ訪問看護ステーション,訪問看護,青森県,弘前市,"介護,訪問看護,医療",看護師などが自宅へ訪問し、健康状態の確認や医療的ケア、療養生活の支援を行います。,http://hirosaki.rehabilitation.pro/,高田三丁目1-10,0172-29-3545,厚生労働省オープンデータ,https://www.mhlw.go.jp/content/12300000/jigyosho_130.csv,2025-12末,https://www.google.com/search?q=%E3%83%93%E3%83%BC%E3%83%B3%E3%82%BA%E8%A8%AA%E5%95%8F%E7%9C%8B%E8%AD%B7%E3%82%B9%E3%83%86%E3%83%BC%E3%82%B7%E3%83%A7%E3%83%B3%20%E5%BC%98%E5%89%8D%E5%B8%82
三笠訪問看護ステーション,訪問看護,青森県,弘前市,"介護,訪問看護,医療",看護師などが自宅へ訪問し、健康状態の確認や医療的ケア、療養生活の支援を行います。,http://www.ans.co.jp/sankyo/mikasaen/,青森県弘前市堀越柳元２９３,0172－29－5512,厚生労働省オープンデータ,https://www.mhlw.go.jp/content/12300000/jigyosho_130.csv,2025-12末,https://www.google.com/search?q=%E4%B8%89%E7%AC%A0%E8%A8%AA%E5%95%8F%E7%9C%8B%E8%AD%B7%E3%82%B9%E3%83%86%E3%83%BC%E3%82%B7%E3%83%A7%E3%83%B3%20%E5%BC%98%E5%89%8D%E5%B8%82
訪問看護ステーションゆとり,訪問看護,青森県,弘前市,"介護,訪問看護,医療",看護師などが自宅へ訪問し、健康状態の確認や医療的ケア、療養生活の支援を行います。,https://www.google.com/search?q=%E8%A8%AA%E5%95%8F%E7%9C%8B%E8%AD%B7%E3%82%B9%E3%83%86%E3%83%BC%E3%82%B7%E3%83%A7%E3%83%B3%E3%82%86%E3%81%A8%E3%82%8A%20%E5%BC%98%E5%89%8D%E5%B8%82,青森県弘前市大字高屋字本宮５１９－１住宅型有料老人ホームゆとり,０８０-７０２３-９３１２,厚生労働省オープンデータ,https://www.mhlw.go.jp/content/12300000/jigyosho_130.csv,2025-12末,https://www.google.com/search?q=%E8%A8%AA%E5%95%8F%E7%9C%8B%E8%AD%B7%E3%82%B9%E3%83%86%E3%83%BC%E3%82%B7%E3%83%A7%E3%83%B3%E3%82%86%E3%81%A8%E3%82%8A%20%E5%BC%98%E5%89%8D%E5%B8%82
弘前医療福祉大学在宅ケア研究所附属訪問看護リハビリステーションそら,訪問看護,青森県,弘前市,"介護,訪問看護,医療",看護師などが自宅へ訪問し、健康状態の確認や医療的ケア、療養生活の支援を行います。,https://sora.hirosakiuhw.jp,青森県弘前市小比内3丁目18-1,0172-27-6466,厚生労働省オープンデータ,https://www.mhlw.go.jp/content/12300000/jigyosho_130.csv,2025-12末,https://www.google.com/search?q=%E5%BC%98%E5%89%8D%E5%8C%BB%E7%99%82%E7%A6%8F%E7%A5%89%E5%A4%A7%E5%AD%A6%E5%9C%A8%E5%AE%85%E3%82%B1%E3%82%A2%E7%A0%94%E7%A9%B6%E6%89%80%E9%99%84%E5%B1%9E%E8%A8%AA%E5%95%8F%E7%9C%8B%E8%AD%B7%E3%83%AA%E3%83%8F%E3%83%93%E3%83%AA%E3%82%B9%E3%83%86%E3%83%BC%E3%82%B7%E3%83%A7%E3%83%B3%E3%81%9D%E3%82%89%20%E5%BC%98%E5%89%8D%E5%B8%82
訪問看護リハビリステーションかふく,訪問看護,青森県,弘前市,"介護,訪問看護,医療",看護師などが自宅へ訪問し、健康状態の確認や医療的ケア、療養生活の支援を行います。,http://baII-hearIt.com,青森県弘前市大字清水三丁目1番地15サービス付高齢者向け住宅シニアハウス三和,0172-39-6378,厚生労働省オープンデータ,https://www.mhlw.go.jp/content/12300000/jigyosho_130.csv,2025-12末,https://www.google.com/search?q=%E8%A8%AA%E5%95%8F%E7%9C%8B%E8%AD%B7%E3%83%AA%E3%83%8F%E3%83%93%E3%83%AA%E3%82%B9%E3%83%86%E3%83%BC%E3%82%B7%E3%83%A7%E3%83%B3%E3%81%8B%E3%81%B5%E3%81%8F%20%E5%BC%98%E5%89%8D%E5%B8%82
訪問看護ステーション翡翠,訪問看護,青森県,弘前市,"介護,訪問看護,医療",看護師などが自宅へ訪問し、健康状態の確認や医療的ケア、療養生活の支援を行います。,https://www.google.com/search?q=%E8%A8%AA%E5%95%8F%E7%9C%8B%E8%AD%B7%E3%82%B9%E3%83%86%E3%83%BC%E3%82%B7%E3%83%A7%E3%83%B3%E7%BF%A1%E7%BF%A0%20%E5%BC%98%E5%89%8D%E5%B8%82,青森県弘前市大字寒沢町16-36DORMYやました103号,0172-26-8370,厚生労働省オープンデータ,https://www.mhlw.go.jp/content/12300000/jigyosho_130.csv,2025-12末,https://www.google.com/search?q=%E8%A8%AA%E5%95%8F%E7%9C%8B%E8%AD%B7%E3%82%B9%E3%83%86%E3%83%BC%E3%82%B7%E3%83%A7%E3%83%B3%E7%BF%A1%E7%BF%A0%20%E5%BC%98%E5%89%8D%E5%B8%82
医心館訪問看護ステーション弘前,訪問看護,青森県,弘前市,"介護,訪問看護,医療",看護師などが自宅へ訪問し、健康状態の確認や医療的ケア、療養生活の支援を行います。,https://www.google.com/search?q=%E5%8C%BB%E5%BF%83%E9%A4%A8%E8%A8%AA%E5%95%8F%E7%9C%8B%E8%AD%B7%E3%82%B9%E3%83%86%E3%83%BC%E3%82%B7%E3%83%A7%E3%83%B3%E5%BC%98%E5%89%8D%20%E5%BC%98%E5%89%8D%E5%B8%82,青森県弘前市大字外崎４丁目２－３,0172-26-6502,厚生労働省オープンデータ,https://www.mhlw.go.jp/content/12300000/jigyosho_130.csv,2025-12末,https://www.google.com/search?q=%E5%8C%BB%E5%BF%83%E9%A4%A8%E8%A8%AA%E5%95%8F%E7%9C%8B%E8%AD%B7%E3%82%B9%E3%83%86%E3%83%BC%E3%82%B7%E3%83%A7%E3%83%B3%E5%BC%98%E5%89%8D%20%E5%BC%98%E5%89%8D%E5%B8%82
ツクイ弘前訪問看護ステーション,訪問看護,青森県,弘前市,"介護,訪問看護,医療",看護師などが自宅へ訪問し、健康状態の確認や医療的ケア、療養生活の支援を行います。,tsukui.net,青森県弘前市駅前2丁目2－5弘前第一生命ビルディング2階,0172-31-2970,厚生労働省オープンデータ,https://www.mhlw.go.jp/content/12300000/jigyosho_130.csv,2025-12末,https://www.google.com/search?q=%E3%83%84%E3%82%AF%E3%82%A4%E5%BC%98%E5%89%8D%E8%A8%AA%E5%95%8F%E7%9C%8B%E8%AD%B7%E3%82%B9%E3%83%86%E3%83%BC%E3%82%B7%E3%83%A7%E3%83%B3%20%E5%BC%98%E5%89%8D%E5%B8%82
ナーシングホーム弘前,訪問看護,青森県,弘前市,"介護,訪問看護,医療",看護師などが自宅へ訪問し、健康状態の確認や医療的ケア、療養生活の支援を行います。,http://heisei-ie.jp,弘前市石渡4-13-18ナーシングホーム弘前,050-8892-9406,厚生労働省オープンデータ,https://www.mhlw.go.jp/content/12300000/jigyosho_130.csv,2025-12末,https://www.google.com/search?q=%E3%83%8A%E3%83%BC%E3%82%B7%E3%83%B3%E3%82%B0%E3%83%9B%E3%83%BC%E3%83%A0%E5%BC%98%E5%89%8D%20%E5%BC%98%E5%89%8D%E5%B8%82
株式会社　志心会　訪問看護ステーションえふ,訪問看護,青森県,弘前市,"介護,訪問看護,医療",看護師などが自宅へ訪問し、健康状態の確認や医療的ケア、療養生活の支援を行います。,https://houkan-efu.simdif.com,青森県弘前市城東中央1-12-4ワンミリオン中央B号室,0172-88-5637,厚生労働省オープンデータ,https://www.mhlw.go.jp/content/12300000/jigyosho_130.csv,2025-12末,https://www.google.com/search?q=%E6%A0%AA%E5%BC%8F%E4%BC%9A%E7%A4%BE%E3%80%80%E5%BF%97%E5%BF%83%E4%BC%9A%E3%80%80%E8%A8%AA%E5%95%8F%E7%9C%8B%E8%AD%B7%E3%82%B9%E3%83%86%E3%83%BC%E3%82%B7%E3%83%A7%E3%83%B3%E3%81%88%E3%81%B5%20%E5%BC%98%E5%89%8D%E5%B8%82
訪問看護ステーションのぞみ,訪問看護,青森県,弘前市,"介護,訪問看護,医療",看護師などが自宅へ訪問し、健康状態の確認や医療的ケア、療養生活の支援を行います。,http://senchikai.me/,青森県弘前市大字八幡町1丁目2番地2,0172-26-8495,厚生労働省オープンデータ,https://www.mhlw.go.jp/content/12300000/jigyosho_130.csv,2025-12末,https://www.google.com/search?q=%E8%A8%AA%E5%95%8F%E7%9C%8B%E8%AD%B7%E3%82%B9%E3%83%86%E3%83%BC%E3%82%B7%E3%83%A7%E3%83%B3%E3%81%AE%E3%81%9E%E3%81%BF%20%E5%BC%98%E5%89%8D%E5%B8%82
杏の里訪問看護ステーション,訪問看護,青森県,八戸市,"介護,訪問看護,医療",看護師などが自宅へ訪問し、健康状態の確認や医療的ケア、療養生活の支援を行います。,info@mihono.jp,青森県八戸市大字大久保字大山３１－２,0178-25-0111,厚生労働省オープンデータ,https://www.mhlw.go.jp/content/12300000/jigyosho_130.csv,2025-12末,https://www.google.com/search?q=%E6%9D%8F%E3%81%AE%E9%87%8C%E8%A8%AA%E5%95%8F%E7%9C%8B%E8%AD%B7%E3%82%B9%E3%83%86%E3%83%BC%E3%82%B7%E3%83%A7%E3%83%B3%20%E5%85%AB%E6%88%B8%E5%B8%82
ハーモニーナースステーション,訪問看護,青森県,八戸市,"介護,訪問看護,医療",看護師などが自宅へ訪問し、健康状態の確認や医療的ケア、療養生活の支援を行います。,https://www.google.com/search?q=%E3%83%8F%E3%83%BC%E3%83%A2%E3%83%8B%E3%83%BC%E3%83%8A%E3%83%BC%E3%82%B9%E3%82%B9%E3%83%86%E3%83%BC%E3%82%B7%E3%83%A7%E3%83%B3%20%E5%85%AB%E6%88%B8%E5%B8%82,八戸市類家3丁目4-12,0178-24-7777,厚生労働省オープンデータ,https://www.mhlw.go.jp/content/12300000/jigyosho_130.csv,2025-12末,https://www.google.com/search?q=%E3%83%8F%E3%83%BC%E3%83%A2%E3%83%8B%E3%83%BC%E3%83%8A%E3%83%BC%E3%82%B9%E3%82%B9%E3%83%86%E3%83%BC%E3%82%B7%E3%83%A7%E3%83%B3%20%E5%85%AB%E6%88%B8%E5%B8%82
オードリー　ナースステーション,訪問看護,青森県,八戸市,"介護,訪問看護,医療",看護師などが自宅へ訪問し、健康状態の確認や医療的ケア、療養生活の支援を行います。,https://www.google.com/search?q=%E3%82%AA%E3%83%BC%E3%83%89%E3%83%AA%E3%83%BC%E3%80%80%E3%83%8A%E3%83%BC%E3%82%B9%E3%82%B9%E3%83%86%E3%83%BC%E3%82%B7%E3%83%A7%E3%83%B3%20%E5%85%AB%E6%88%B8%E5%B8%82,新井田西3丁目18-4リバースワンＤ,0178-32-0510,厚生労働省オープンデータ,https://www.mhlw.go.jp/content/12300000/jigyosho_130.csv,2025-12末,https://www.google.com/search?q=%E3%82%AA%E3%83%BC%E3%83%89%E3%83%AA%E3%83%BC%E3%80%80%E3%83%8A%E3%83%BC%E3%82%B9%E3%82%B9%E3%83%86%E3%83%BC%E3%82%B7%E3%83%A7%E3%83%B3%20%E5%85%AB%E6%88%B8%E5%B8%82
訪問看護事業所ラインヒルズ,訪問看護,青森県,八戸市,"介護,訪問看護,医療",看護師などが自宅へ訪問し、健康状態の確認や医療的ケア、療養生活の支援を行います。,https://www.google.com/search?q=%E8%A8%AA%E5%95%8F%E7%9C%8B%E8%AD%B7%E4%BA%8B%E6%A5%AD%E6%89%80%E3%83%A9%E3%82%A4%E3%83%B3%E3%83%92%E3%83%AB%E3%82%BA%20%E5%85%AB%E6%88%B8%E5%B8%82,青森県八戸市新井田木戸場20,0178-20-7706,厚生労働省オープンデータ,https://www.mhlw.go.jp/content/12300000/jigyosho_130.csv,2025-12末,https://www.google.com/search?q=%E8%A8%AA%E5%95%8F%E7%9C%8B%E8%AD%B7%E4%BA%8B%E6%A5%AD%E6%89%80%E3%83%A9%E3%82%A4%E3%83%B3%E3%83%92%E3%83%AB%E3%82%BA%20%E5%85%AB%E6%88%B8%E5%B8%82
訪問看護ステーション　はるかぜ,訪問看護,青森県,八戸市,"介護,訪問看護,医療",看護師などが自宅へ訪問し、健康状態の確認や医療的ケア、療養生活の支援を行います。,https://www.google.com/search?q=%E8%A8%AA%E5%95%8F%E7%9C%8B%E8%AD%B7%E3%82%B9%E3%83%86%E3%83%BC%E3%82%B7%E3%83%A7%E3%83%B3%E3%80%80%E3%81%AF%E3%82%8B%E3%81%8B%E3%81%9C%20%E5%85%AB%E6%88%B8%E5%B8%82,青森県八戸市大字尻内町字三条目3番地1,0178-80-7296,厚生労働省オープンデータ,https://www.mhlw.go.jp/content/12300000/jigyosho_130.csv,2025-12末,https://www.google.com/search?q=%E8%A8%AA%E5%95%8F%E7%9C%8B%E8%AD%B7%E3%82%B9%E3%83%86%E3%83%BC%E3%82%B7%E3%83%A7%E3%83%B3%E3%80%80%E3%81%AF%E3%82%8B%E3%81%8B%E3%81%9C%20%E5%85%AB%E6%88%B8%E5%B8%82
シルバークリニック,訪問看護,青森県,八戸市,"介護,訪問看護,医療",看護師などが自宅へ訪問し、健康状態の確認や医療的ケア、療養生活の支援を行います。,http://sg-silver.com/,青森県八戸市大字河原木字八太郎山１０－４４４,0178-28-4688,厚生労働省オープンデータ,https://www.mhlw.go.jp/content/12300000/jigyosho_130.csv,2025-12末,https://www.google.com/search?q=%E3%82%B7%E3%83%AB%E3%83%90%E3%83%BC%E3%82%AF%E3%83%AA%E3%83%8B%E3%83%83%E3%82%AF%20%E5%85%AB%E6%88%B8%E5%B8%82
ねんりん訪問看護ステーション,訪問看護,青森県,八戸市,"介護,訪問看護,医療",看護師などが自宅へ訪問し、健康状態の確認や医療的ケア、療養生活の支援を行います。,http://www.nanrokukai.com/,青森県八戸市小中野一丁目4番52号,0178-46-2233,厚生労働省オープンデータ,https://www.mhlw.go.jp/content/12300000/jigyosho_130.csv,2025-12末,https://www.google.com/search?q=%E3%81%AD%E3%82%93%E3%82%8A%E3%82%93%E8%A8%AA%E5%95%8F%E7%9C%8B%E8%AD%B7%E3%82%B9%E3%83%86%E3%83%BC%E3%82%B7%E3%83%A7%E3%83%B3%20%E5%85%AB%E6%88%B8%E5%B8%82
リハビリパ－ク訪問看護ステ－ション,訪問看護,青森県,八戸市,"介護,訪問看護,医療",看護師などが自宅へ訪問し、健康状態の確認や医療的ケア、療養生活の支援を行います。,https://www.google.com/search?q=%E3%83%AA%E3%83%8F%E3%83%93%E3%83%AA%E3%83%91%EF%BC%8D%E3%82%AF%E8%A8%AA%E5%95%8F%E7%9C%8B%E8%AD%B7%E3%82%B9%E3%83%86%EF%BC%8D%E3%82%B7%E3%83%A7%E3%83%B3%20%E5%85%AB%E6%88%B8%E5%B8%82,青森県八戸市小中野4-1-60,0178-22-9000,厚生労働省オープンデータ,https://www.mhlw.go.jp/content/12300000/jigyosho_130.csv,2025-12末,https://www.google.com/search?q=%E3%83%AA%E3%83%8F%E3%83%93%E3%83%AA%E3%83%91%EF%BC%8D%E3%82%AF%E8%A8%AA%E5%95%8F%E7%9C%8B%E8%AD%B7%E3%82%B9%E3%83%86%EF%BC%8D%E3%82%B7%E3%83%A7%E3%83%B3%20%E5%85%AB%E6%88%B8%E5%B8%82
長者訪問看護ステーション,訪問看護,青森県,八戸市,"介護,訪問看護,医療",看護師などが自宅へ訪問し、健康状態の確認や医療的ケア、療養生活の支援を行います。,http://www.choujanomori-naika.com,青森県八戸市大字糠塚字下道7-39,0178-46-5855,厚生労働省オープンデータ,https://www.mhlw.go.jp/content/12300000/jigyosho_130.csv,2025-12末,https://www.google.com/search?q=%E9%95%B7%E8%80%85%E8%A8%AA%E5%95%8F%E7%9C%8B%E8%AD%B7%E3%82%B9%E3%83%86%E3%83%BC%E3%82%B7%E3%83%A7%E3%83%B3%20%E5%85%AB%E6%88%B8%E5%B8%82
訪問看護ステーションケアポート,訪問看護,青森県,八戸市,"介護,訪問看護,医療",看護師などが自宅へ訪問し、健康状態の確認や医療的ケア、療養生活の支援を行います。,http://sg-kumiai.or.jp/careport/,青森県八戸市河原木字北沼22-39,0178-28-1900,厚生労働省オープンデータ,https://www.mhlw.go.jp/content/12300000/jigyosho_130.csv,2025-12末,https://www.google.com/search?q=%E8%A8%AA%E5%95%8F%E7%9C%8B%E8%AD%B7%E3%82%B9%E3%83%86%E3%83%BC%E3%82%B7%E3%83%A7%E3%83%B3%E3%82%B1%E3%82%A2%E3%83%9D%E3%83%BC%E3%83%88%20%E5%85%AB%E6%88%B8%E5%B8%82
訪問看護・介護ステーション　五福,訪問看護,青森県,八戸市,"介護,訪問看護,医療",看護師などが自宅へ訪問し、健康状態の確認や医療的ケア、療養生活の支援を行います。,http://www.seijin.or.jp/,青森県八戸市大字田面木字赤坂16-3,0178-70-1622,厚生労働省オープンデータ,https://www.mhlw.go.jp/content/12300000/jigyosho_130.csv,2025-12末,https://www.google.com/search?q=%E8%A8%AA%E5%95%8F%E7%9C%8B%E8%AD%B7%E3%83%BB%E4%BB%8B%E8%AD%B7%E3%82%B9%E3%83%86%E3%83%BC%E3%82%B7%E3%83%A7%E3%83%B3%E3%80%80%E4%BA%94%E7%A6%8F%20%E5%85%AB%E6%88%B8%E5%B8%82
八戸市医師会訪問看護ステーション,訪問看護,青森県,八戸市,"介護,訪問看護,医療",看護師などが自宅へ訪問し、健康状態の確認や医療的ケア、療養生活の支援を行います。,https://houkan.8kouryu.com/,青森県八戸市柏崎六丁目２６－１八戸市医師会交流センター内,0178-71-2100,厚生労働省オープンデータ,https://www.mhlw.go.jp/content/12300000/jigyosho_130.csv,2025-12末,https://www.google.com/search?q=%E5%85%AB%E6%88%B8%E5%B8%82%E5%8C%BB%E5%B8%AB%E4%BC%9A%E8%A8%AA%E5%95%8F%E7%9C%8B%E8%AD%B7%E3%82%B9%E3%83%86%E3%83%BC%E3%82%B7%E3%83%A7%E3%83%B3%20%E5%85%AB%E6%88%B8%E5%B8%82
八戸医療生活協同組合　生協訪問看護ステーション虹,訪問看護,青森県,八戸市,"介護,訪問看護,医療",看護師などが自宅へ訪問し、健康状態の確認や医療的ケア、療養生活の支援を行います。,http://www.hachinohe-iryou.jp,八戸市南類家1丁目13-10,0178-44-8300,厚生労働省オープンデータ,https://www.mhlw.go.jp/content/12300000/jigyosho_130.csv,2025-12末,https://www.google.com/search?q=%E5%85%AB%E6%88%B8%E5%8C%BB%E7%99%82%E7%94%9F%E6%B4%BB%E5%8D%94%E5%90%8C%E7%B5%84%E5%90%88%E3%80%80%E7%94%9F%E5%8D%94%E8%A8%AA%E5%95%8F%E7%9C%8B%E8%AD%B7%E3%82%B9%E3%83%86%E3%83%BC%E3%82%B7%E3%83%A7%E3%83%B3%E8%99%B9%20%E5%85%AB%E6%88%B8%E5%B8%82
八太郎山の家訪問看護ステーション,訪問看護,青森県,八戸市,"介護,訪問看護,医療",看護師などが自宅へ訪問し、健康状態の確認や医療的ケア、療養生活の支援を行います。,http://www.akibakai.com,青森県八戸市大字河原木字八太郎山3-140八太郎山の家,0178-21-2238,厚生労働省オープンデータ,https://www.mhlw.go.jp/content/12300000/jigyosho_130.csv,2025-12末,https://www.google.com/search?q=%E5%85%AB%E5%A4%AA%E9%83%8E%E5%B1%B1%E3%81%AE%E5%AE%B6%E8%A8%AA%E5%95%8F%E7%9C%8B%E8%AD%B7%E3%82%B9%E3%83%86%E3%83%BC%E3%82%B7%E3%83%A7%E3%83%B3%20%E5%85%AB%E6%88%B8%E5%B8%82
訪問看護ステーション　売市訪問看護サービス,訪問看護,青森県,八戸市,"介護,訪問看護,医療",看護師などが自宅へ訪問し、健康状態の確認や医療的ケア、療養生活の支援を行います。,https://www.google.com/search?q=%E8%A8%AA%E5%95%8F%E7%9C%8B%E8%AD%B7%E3%82%B9%E3%83%86%E3%83%BC%E3%82%B7%E3%83%A7%E3%83%B3%E3%80%80%E5%A3%B2%E5%B8%82%E8%A8%AA%E5%95%8F%E7%9C%8B%E8%AD%B7%E3%82%B5%E3%83%BC%E3%83%93%E3%82%B9%20%E5%85%AB%E6%88%B8%E5%B8%82,青森県八戸市売市１丁目２－２７,0178-71-2157,厚生労働省オープンデータ,https://www.mhlw.go.jp/content/12300000/jigyosho_130.csv,2025-12末,https://www.google.com/search?q=%E8%A8%AA%E5%95%8F%E7%9C%8B%E8%AD%B7%E3%82%B9%E3%83%86%E3%83%BC%E3%82%B7%E3%83%A7%E3%83%B3%E3%80%80%E5%A3%B2%E5%B8%82%E8%A8%AA%E5%95%8F%E7%9C%8B%E8%AD%B7%E3%82%B5%E3%83%BC%E3%83%93%E3%82%B9%20%E5%85%AB%E6%88%B8%E5%B8%82
訪問看護ステーションえがおみょう,訪問看護,青森県,八戸市,"介護,訪問看護,医療",看護師などが自宅へ訪問し、健康状態の確認や医療的ケア、療養生活の支援を行います。,https://myosuien.jp,八戸市大字妙字分枝３８番地３,0178-30-1313,厚生労働省オープンデータ,https://www.mhlw.go.jp/content/12300000/jigyosho_130.csv,2025-12末,https://www.google.com/search?q=%E8%A8%AA%E5%95%8F%E7%9C%8B%E8%AD%B7%E3%82%B9%E3%83%86%E3%83%BC%E3%82%B7%E3%83%A7%E3%83%B3%E3%81%88%E3%81%8C%E3%81%8A%E3%81%BF%E3%82%87%E3%81%86%20%E5%85%AB%E6%88%B8%E5%B8%82
おおひらき訪問看護サービス,訪問看護,青森県,八戸市,"介護,訪問看護,医療",看護師などが自宅へ訪問し、健康状態の確認や医療的ケア、療養生活の支援を行います。,http://www.i-infinite.jp,青森県八戸市鮫町字大開15-2,0178-20-9511,厚生労働省オープンデータ,https://www.mhlw.go.jp/content/12300000/jigyosho_130.csv,2025-12末,https://www.google.com/search?q=%E3%81%8A%E3%81%8A%E3%81%B2%E3%82%89%E3%81%8D%E8%A8%AA%E5%95%8F%E7%9C%8B%E8%AD%B7%E3%82%B5%E3%83%BC%E3%83%93%E3%82%B9%20%E5%85%AB%E6%88%B8%E5%B8%82
ニチイケアセンター八戸訪問看護ステーション,訪問看護,青森県,八戸市,"介護,訪問看護,医療",看護師などが自宅へ訪問し、健康状態の確認や医療的ケア、療養生活の支援を行います。,http://www.nichiigakkan.co.jp,青森県八戸市根城3丁目4-17,0178-73-2775,厚生労働省オープンデータ,https://www.mhlw.go.jp/content/12300000/jigyosho_130.csv,2025-12末,https://www.google.com/search?q=%E3%83%8B%E3%83%81%E3%82%A4%E3%82%B1%E3%82%A2%E3%82%BB%E3%83%B3%E3%82%BF%E3%83%BC%E5%85%AB%E6%88%B8%E8%A8%AA%E5%95%8F%E7%9C%8B%E8%AD%B7%E3%82%B9%E3%83%86%E3%83%BC%E3%82%B7%E3%83%A7%E3%83%B3%20%E5%85%AB%E6%88%B8%E5%B8%82
ビリーブ訪問看護八戸中央,訪問看護,青森県,八戸市,"介護,訪問看護,医療",看護師などが自宅へ訪問し、健康状態の確認や医療的ケア、療養生活の支援を行います。,http://www.believecare.jp/visit_nurse.html,類家５丁目27-1,0178-24-5718,厚生労働省オープンデータ,https://www.mhlw.go.jp/content/12300000/jigyosho_130.csv,2025-12末,https://www.google.com/search?q=%E3%83%93%E3%83%AA%E3%83%BC%E3%83%96%E8%A8%AA%E5%95%8F%E7%9C%8B%E8%AD%B7%E5%85%AB%E6%88%B8%E4%B8%AD%E5%A4%AE%20%E5%85%AB%E6%88%B8%E5%B8%82
訪問看護ステーションやわた,訪問看護,青森県,八戸市,"介護,訪問看護,医療",看護師などが自宅へ訪問し、健康状態の確認や医療的ケア、療養生活の支援を行います。,http://medicalfrontier.or.jp/,青森県八戸市大字八幡字下樋田1番地４,0178-32-7382,厚生労働省オープンデータ,https://www.mhlw.go.jp/content/12300000/jigyosho_130.csv,2025-12末,https://www.google.com/search?q=%E8%A8%AA%E5%95%8F%E7%9C%8B%E8%AD%B7%E3%82%B9%E3%83%86%E3%83%BC%E3%82%B7%E3%83%A7%E3%83%B3%E3%82%84%E3%82%8F%E3%81%9F%20%E5%85%AB%E6%88%B8%E5%B8%82
訪問看護ステーション　愛和の里リーベ,訪問看護,青森県,八戸市,"介護,訪問看護,医療",看護師などが自宅へ訪問し、健康状態の確認や医療的ケア、療養生活の支援を行います。,https://aiwanosato.com/,青森県八戸市大久保下長根20-5,0178-32-7510,厚生労働省オープンデータ,https://www.mhlw.go.jp/content/12300000/jigyosho_130.csv,2025-12末,https://www.google.com/search?q=%E8%A8%AA%E5%95%8F%E7%9C%8B%E8%AD%B7%E3%82%B9%E3%83%86%E3%83%BC%E3%82%B7%E3%83%A7%E3%83%B3%E3%80%80%E6%84%9B%E5%92%8C%E3%81%AE%E9%87%8C%E3%83%AA%E3%83%BC%E3%83%99%20%E5%85%AB%E6%88%B8%E5%B8%82
訪問看護ステーションふくろう,訪問看護,青森県,八戸市,"介護,訪問看護,医療",看護師などが自宅へ訪問し、健康状態の確認や医療的ケア、療養生活の支援を行います。,http://www.care-owl.com/,青森県八戸市江陽1丁目3番16号,0178-71-1329,厚生労働省オープンデータ,https://www.mhlw.go.jp/content/12300000/jigyosho_130.csv,2025-12末,https://www.google.com/search?q=%E8%A8%AA%E5%95%8F%E7%9C%8B%E8%AD%B7%E3%82%B9%E3%83%86%E3%83%BC%E3%82%B7%E3%83%A7%E3%83%B3%E3%81%B5%E3%81%8F%E3%82%8D%E3%81%86%20%E5%85%AB%E6%88%B8%E5%B8%82
訪問看護ステーションひだまり家,訪問看護,青森県,八戸市,"介護,訪問看護,医療",看護師などが自宅へ訪問し、健康状態の確認や医療的ケア、療養生活の支援を行います。,https://www.google.com/search?q=%E8%A8%AA%E5%95%8F%E7%9C%8B%E8%AD%B7%E3%82%B9%E3%83%86%E3%83%BC%E3%82%B7%E3%83%A7%E3%83%B3%E3%81%B2%E3%81%A0%E3%81%BE%E3%82%8A%E5%AE%B6%20%E5%85%AB%E6%88%B8%E5%B8%82,青森県八戸市新井田字平ノ前７－１,0178－51-8405,厚生労働省オープンデータ,https://www.mhlw.go.jp/content/12300000/jigyosho_130.csv,2025-12末,https://www.google.com/search?q=%E8%A8%AA%E5%95%8F%E7%9C%8B%E8%AD%B7%E3%82%B9%E3%83%86%E3%83%BC%E3%82%B7%E3%83%A7%E3%83%B3%E3%81%B2%E3%81%A0%E3%81%BE%E3%82%8A%E5%AE%B6%20%E5%85%AB%E6%88%B8%E5%B8%82
しろがね訪問看護ステーション,訪問看護,青森県,八戸市,"介護,訪問看護,医療",看護師などが自宅へ訪問し、健康状態の確認や医療的ケア、療養生活の支援を行います。,https://www.google.com/search?q=%E3%81%97%E3%82%8D%E3%81%8C%E3%81%AD%E8%A8%AA%E5%95%8F%E7%9C%8B%E8%AD%B7%E3%82%B9%E3%83%86%E3%83%BC%E3%82%B7%E3%83%A7%E3%83%B3%20%E5%85%AB%E6%88%B8%E5%B8%82,青森県八戸市大字白銀町字堀ノ内6番5,0178-80-7808,厚生労働省オープンデータ,https://www.mhlw.go.jp/content/12300000/jigyosho_130.csv,2025-12末,https://www.google.com/search?q=%E3%81%97%E3%82%8D%E3%81%8C%E3%81%AD%E8%A8%AA%E5%95%8F%E7%9C%8B%E8%AD%B7%E3%82%B9%E3%83%86%E3%83%BC%E3%82%B7%E3%83%A7%E3%83%B3%20%E5%85%AB%E6%88%B8%E5%B8%82
訪問看護ステーションアットティー,訪問看護,青森県,八戸市,"介護,訪問看護,医療",看護師などが自宅へ訪問し、健康状態の確認や医療的ケア、療養生活の支援を行います。,http;//at-t.co.jp,尻内町鴨ヶ池138-2peer小夏D棟,0178-20-8172,厚生労働省オープンデータ,https://www.mhlw.go.jp/content/12300000/jigyosho_130.csv,2025-12末,https://www.google.com/search?q=%E8%A8%AA%E5%95%8F%E7%9C%8B%E8%AD%B7%E3%82%B9%E3%83%86%E3%83%BC%E3%82%B7%E3%83%A7%E3%83%B3%E3%82%A2%E3%83%83%E3%83%88%E3%83%86%E3%82%A3%E3%83%BC%20%E5%85%AB%E6%88%B8%E5%B8%82
あい楽訪問看護リハステーション,訪問看護,青森県,八戸市,"介護,訪問看護,医療",看護師などが自宅へ訪問し、健康状態の確認や医療的ケア、療養生活の支援を行います。,https://www.google.com/search?q=%E3%81%82%E3%81%84%E6%A5%BD%E8%A8%AA%E5%95%8F%E7%9C%8B%E8%AD%B7%E3%83%AA%E3%83%8F%E3%82%B9%E3%83%86%E3%83%BC%E3%82%B7%E3%83%A7%E3%83%B3%20%E5%85%AB%E6%88%B8%E5%B8%82,青森県八戸市大字新井田字石動木平１－１１,0178-38-6906,厚生労働省オープンデータ,https://www.mhlw.go.jp/content/12300000/jigyosho_130.csv,2025-12末,https://www.google.com/search?q=%E3%81%82%E3%81%84%E6%A5%BD%E8%A8%AA%E5%95%8F%E7%9C%8B%E8%AD%B7%E3%83%AA%E3%83%8F%E3%82%B9%E3%83%86%E3%83%BC%E3%82%B7%E3%83%A7%E3%83%B3%20%E5%85%AB%E6%88%B8%E5%B8%82
あいケア訪問看護ステーション,訪問看護,青森県,八戸市,"介護,訪問看護,医療",看護師などが自宅へ訪問し、健康状態の確認や医療的ケア、療養生活の支援を行います。,https://www.google.com/search?q=%E3%81%82%E3%81%84%E3%82%B1%E3%82%A2%E8%A8%AA%E5%95%8F%E7%9C%8B%E8%AD%B7%E3%82%B9%E3%83%86%E3%83%BC%E3%82%B7%E3%83%A7%E3%83%B3%20%E5%85%AB%E6%88%B8%E5%B8%82,青森県八戸市南類家1丁目3-8,0178-79-6130,厚生労働省オープンデータ,https://www.mhlw.go.jp/content/12300000/jigyosho_130.csv,2025-12末,https://www.google.com/search?q=%E3%81%82%E3%81%84%E3%82%B1%E3%82%A2%E8%A8%AA%E5%95%8F%E7%9C%8B%E8%AD%B7%E3%82%B9%E3%83%86%E3%83%BC%E3%82%B7%E3%83%A7%E3%83%B3%20%E5%85%AB%E6%88%B8%E5%B8%82
医心館訪問看護ステーション八戸,訪問看護,青森県,八戸市,"介護,訪問看護,医療",看護師などが自宅へ訪問し、健康状態の確認や医療的ケア、療養生活の支援を行います。,https://www.google.com/search?q=%E5%8C%BB%E5%BF%83%E9%A4%A8%E8%A8%AA%E5%95%8F%E7%9C%8B%E8%AD%B7%E3%82%B9%E3%83%86%E3%83%BC%E3%82%B7%E3%83%A7%E3%83%B3%E5%85%AB%E6%88%B8%20%E5%85%AB%E6%88%B8%E5%B8%82,青森県八戸市田向五丁目12番1号,0178-38-7872,厚生労働省オープンデータ,https://www.mhlw.go.jp/content/12300000/jigyosho_130.csv,2025-12末,https://www.google.com/search?q=%E5%8C%BB%E5%BF%83%E9%A4%A8%E8%A8%AA%E5%95%8F%E7%9C%8B%E8%AD%B7%E3%82%B9%E3%83%86%E3%83%BC%E3%82%B7%E3%83%A7%E3%83%B3%E5%85%AB%E6%88%B8%20%E5%85%AB%E6%88%B8%E5%B8%82
訪問看護ステーション結,訪問看護,青森県,八戸市,"介護,訪問看護,医療",看護師などが自宅へ訪問し、健康状態の確認や医療的ケア、療養生活の支援を行います。,http://www.shunkoukai.or.jp,青森県八戸市東白山台３丁目20-5,0178-51-8846,厚生労働省オープンデータ,https://www.mhlw.go.jp/content/12300000/jigyosho_130.csv,2025-12末,https://www.google.com/search?q=%E8%A8%AA%E5%95%8F%E7%9C%8B%E8%AD%B7%E3%82%B9%E3%83%86%E3%83%BC%E3%82%B7%E3%83%A7%E3%83%B3%E7%B5%90%20%E5%85%AB%E6%88%B8%E5%B8%82
訪問看護ステーションわすれな,訪問看護,青森県,八戸市,"介護,訪問看護,医療",看護師などが自宅へ訪問し、健康状態の確認や医療的ケア、療養生活の支援を行います。,https://www.google.com/search?q=%E8%A8%AA%E5%95%8F%E7%9C%8B%E8%AD%B7%E3%82%B9%E3%83%86%E3%83%BC%E3%82%B7%E3%83%A7%E3%83%B3%E3%82%8F%E3%81%99%E3%82%8C%E3%81%AA%20%E5%85%AB%E6%88%B8%E5%B8%82,青森県八戸市根城3丁目14‐20シャルマンＣ５,0178-51-9235,厚生労働省オープンデータ,https://www.mhlw.go.jp/content/12300000/jigyosho_130.csv,2025-12末,https://www.google.com/search?q=%E8%A8%AA%E5%95%8F%E7%9C%8B%E8%AD%B7%E3%82%B9%E3%83%86%E3%83%BC%E3%82%B7%E3%83%A7%E3%83%B3%E3%82%8F%E3%81%99%E3%82%8C%E3%81%AA%20%E5%85%AB%E6%88%B8%E5%B8%82
訪問看護ステーション蘭,訪問看護,青森県,八戸市,"介護,訪問看護,医療",看護師などが自宅へ訪問し、健康状態の確認や医療的ケア、療養生活の支援を行います。,https://kourin-ran.com,青森県八戸市北白山台5丁目2-5,0178-38-9322,厚生労働省オープンデータ,https://www.mhlw.go.jp/content/12300000/jigyosho_130.csv,2025-12末,https://www.google.com/search?q=%E8%A8%AA%E5%95%8F%E7%9C%8B%E8%AD%B7%E3%82%B9%E3%83%86%E3%83%BC%E3%82%B7%E3%83%A7%E3%83%B3%E8%98%AD%20%E5%85%AB%E6%88%B8%E5%B8%82
ナーシング　ケア　しずく,訪問看護,青森県,八戸市,"介護,訪問看護,医療",看護師などが自宅へ訪問し、健康状態の確認や医療的ケア、療養生活の支援を行います。,https://nursing-sizuku.com/,青森県八戸市根城１丁目３６番９号,0178-32-7059,厚生労働省オープンデータ,https://www.mhlw.go.jp/content/12300000/jigyosho_130.csv,2025-12末,https://www.google.com/search?q=%E3%83%8A%E3%83%BC%E3%82%B7%E3%83%B3%E3%82%B0%E3%80%80%E3%82%B1%E3%82%A2%E3%80%80%E3%81%97%E3%81%9A%E3%81%8F%20%E5%85%AB%E6%88%B8%E5%B8%82
岸原病院,訪問看護,青森県,八戸市,"介護,訪問看護,医療",看護師などが自宅へ訪問し、健康状態の確認や医療的ケア、療養生活の支援を行います。,https://www.google.com/search?q=%E5%B2%B8%E5%8E%9F%E7%97%85%E9%99%A2%20%E5%85%AB%E6%88%B8%E5%B8%82,青森県八戸市柏崎六丁目２９－６,0178-45-8111,厚生労働省オープンデータ,https://www.mhlw.go.jp/content/12300000/jigyosho_130.csv,2025-12末,https://www.google.com/search?q=%E5%B2%B8%E5%8E%9F%E7%97%85%E9%99%A2%20%E5%85%AB%E6%88%B8%E5%B8%82
訪問看護ステーションゆとり,訪問看護,青森県,八戸市,"介護,訪問看護,医療",看護師などが自宅へ訪問し、健康状態の確認や医療的ケア、療養生活の支援を行います。,http://yutori-hachinohe.jimdo.com/,尻内町字表河原31-2,０１７８－３８－３４４３,厚生労働省オープンデータ,https://www.mhlw.go.jp/content/12300000/jigyosho_130.csv,2025-12末,https://www.google.com/search?q=%E8%A8%AA%E5%95%8F%E7%9C%8B%E8%AD%B7%E3%82%B9%E3%83%86%E3%83%BC%E3%82%B7%E3%83%A7%E3%83%B3%E3%82%86%E3%81%A8%E3%82%8A%20%E5%85%AB%E6%88%B8%E5%B8%82
たものき訪問看護事業所,訪問看護,青森県,八戸市,"介護,訪問看護,医療",看護師などが自宅へ訪問し、健康状態の確認や医療的ケア、療養生活の支援を行います。,https://www.google.com/search?q=%E3%81%9F%E3%82%82%E3%81%AE%E3%81%8D%E8%A8%AA%E5%95%8F%E7%9C%8B%E8%AD%B7%E4%BA%8B%E6%A5%AD%E6%89%80%20%E5%85%AB%E6%88%B8%E5%B8%82,大字田面木字堤下９－４１０６号,０１７８-３２-７５８８,厚生労働省オープンデータ,https://www.mhlw.go.jp/content/12300000/jigyosho_130.csv,2025-12末,https://www.google.com/search?q=%E3%81%9F%E3%82%82%E3%81%AE%E3%81%8D%E8%A8%AA%E5%95%8F%E7%9C%8B%E8%AD%B7%E4%BA%8B%E6%A5%AD%E6%89%80%20%E5%85%AB%E6%88%B8%E5%B8%82
あおいそら訪問看護ステーション,訪問看護,青森県,八戸市,"介護,訪問看護,医療",看護師などが自宅へ訪問し、健康状態の確認や医療的ケア、療養生活の支援を行います。,https://aoisora-houkan.studio.site/,八戸市類家５丁目38-11マイ・アネックスA　２号室,0178-38-3818,厚生労働省オープンデータ,https://www.mhlw.go.jp/content/12300000/jigyosho_130.csv,2025-12末,https://www.google.com/search?q=%E3%81%82%E3%81%8A%E3%81%84%E3%81%9D%E3%82%89%E8%A8%AA%E5%95%8F%E7%9C%8B%E8%AD%B7%E3%82%B9%E3%83%86%E3%83%BC%E3%82%B7%E3%83%A7%E3%83%B3%20%E5%85%AB%E6%88%B8%E5%B8%82
ツクイ八戸訪問看護ステーション,訪問看護,青森県,八戸市,"介護,訪問看護,医療",看護師などが自宅へ訪問し、健康状態の確認や医療的ケア、療養生活の支援を行います。,https://corp.tsukui.net,青森県八戸市大字十三日町25番地オオハシヒルズ4階,0178-20-8970,厚生労働省オープンデータ,https://www.mhlw.go.jp/content/12300000/jigyosho_130.csv,2025-12末,https://www.google.com/search?q=%E3%83%84%E3%82%AF%E3%82%A4%E5%85%AB%E6%88%B8%E8%A8%AA%E5%95%8F%E7%9C%8B%E8%AD%B7%E3%82%B9%E3%83%86%E3%83%BC%E3%82%B7%E3%83%A7%E3%83%B3%20%E5%85%AB%E6%88%B8%E5%B8%82
あおい訪問看護ステーション,訪問看護,青森県,八戸市,"介護,訪問看護,医療",看護師などが自宅へ訪問し、健康状態の確認や医療的ケア、療養生活の支援を行います。,https://www.aoihoukan.com/,青森県八戸市城下4丁目9番5号,090-4559-6475,厚生労働省オープンデータ,https://www.mhlw.go.jp/content/12300000/jigyosho_130.csv,2025-12末,https://www.google.com/search?q=%E3%81%82%E3%81%8A%E3%81%84%E8%A8%AA%E5%95%8F%E7%9C%8B%E8%AD%B7%E3%82%B9%E3%83%86%E3%83%BC%E3%82%B7%E3%83%A7%E3%83%B3%20%E5%85%AB%E6%88%B8%E5%B8%82
訪問看護ステーション　ケアパークこうよう,訪問看護,青森県,八戸市,"介護,訪問看護,医療",看護師などが自宅へ訪問し、健康状態の確認や医療的ケア、療養生活の支援を行います。,https://www.net-pier.org/,青森県八戸市江陽二丁目１番３２号クローバーズ・ピアこうよう,０１７８－４５－１５７３,厚生労働省オープンデータ,https://www.mhlw.go.jp/content/12300000/jigyosho_130.csv,2025-12末,https://www.google.com/search?q=%E8%A8%AA%E5%95%8F%E7%9C%8B%E8%AD%B7%E3%82%B9%E3%83%86%E3%83%BC%E3%82%B7%E3%83%A7%E3%83%B3%E3%80%80%E3%82%B1%E3%82%A2%E3%83%91%E3%83%BC%E3%82%AF%E3%81%93%E3%81%86%E3%82%88%E3%81%86%20%E5%85%AB%E6%88%B8%E5%B8%82
ミライフルホームナースサービス八戸,訪問看護,青森県,八戸市,"介護,訪問看護,医療",看護師などが自宅へ訪問し、健康状態の確認や医療的ケア、療養生活の支援を行います。,http://melife1.com,青森県八戸市南類家二丁目１７番１９号,0178-51-6298,厚生労働省オープンデータ,https://www.mhlw.go.jp/content/12300000/jigyosho_130.csv,2025-12末,https://www.google.com/search?q=%E3%83%9F%E3%83%A9%E3%82%A4%E3%83%95%E3%83%AB%E3%83%9B%E3%83%BC%E3%83%A0%E3%83%8A%E3%83%BC%E3%82%B9%E3%82%B5%E3%83%BC%E3%83%93%E3%82%B9%E5%85%AB%E6%88%B8%20%E5%85%AB%E6%88%B8%E5%B8%82
ハート訪問看護ステーション,訪問看護,青森県,黒石市,"介護,訪問看護,医療",看護師などが自宅へ訪問し、健康状態の確認や医療的ケア、療養生活の支援を行います。,https://www.google.com/search?q=%E3%83%8F%E3%83%BC%E3%83%88%E8%A8%AA%E5%95%8F%E7%9C%8B%E8%AD%B7%E3%82%B9%E3%83%86%E3%83%BC%E3%82%B7%E3%83%A7%E3%83%B3%20%E9%BB%92%E7%9F%B3%E5%B8%82,黒石市松原78番地13,0172-53-8010,厚生労働省オープンデータ,https://www.mhlw.go.jp/content/12300000/jigyosho_130.csv,2025-12末,https://www.google.com/search?q=%E3%83%8F%E3%83%BC%E3%83%88%E8%A8%AA%E5%95%8F%E7%9C%8B%E8%AD%B7%E3%82%B9%E3%83%86%E3%83%BC%E3%82%B7%E3%83%A7%E3%83%B3%20%E9%BB%92%E7%9F%B3%E5%B8%82
訪問看護ステーション　あんずの里,訪問看護,青森県,黒石市,"介護,訪問看護,医療",看護師などが自宅へ訪問し、健康状態の確認や医療的ケア、療養生活の支援を行います。,https://www.google.com/search?q=%E8%A8%AA%E5%95%8F%E7%9C%8B%E8%AD%B7%E3%82%B9%E3%83%86%E3%83%BC%E3%82%B7%E3%83%A7%E3%83%B3%E3%80%80%E3%81%82%E3%82%93%E3%81%9A%E3%81%AE%E9%87%8C%20%E9%BB%92%E7%9F%B3%E5%B8%82,青森県黒石市大字牡丹平字福民西77-1,0172-88-6310,厚生労働省オープンデータ,https://www.mhlw.go.jp/content/12300000/jigyosho_130.csv,2025-12末,https://www.google.com/search?q=%E8%A8%AA%E5%95%8F%E7%9C%8B%E8%AD%B7%E3%82%B9%E3%83%86%E3%83%BC%E3%82%B7%E3%83%A7%E3%83%B3%E3%80%80%E3%81%82%E3%82%93%E3%81%9A%E3%81%AE%E9%87%8C%20%E9%BB%92%E7%9F%B3%E5%B8%82
訪問看護ステーションはと,訪問看護,青森県,黒石市,"介護,訪問看護,医療",看護師などが自宅へ訪問し、健康状態の確認や医療的ケア、療養生活の支援を行います。,https://www.google.com/search?q=%E8%A8%AA%E5%95%8F%E7%9C%8B%E8%AD%B7%E3%82%B9%E3%83%86%E3%83%BC%E3%82%B7%E3%83%A7%E3%83%B3%E3%81%AF%E3%81%A8%20%E9%BB%92%E7%9F%B3%E5%B8%82,青森県黒石市大字浅瀬石字扇田379,0172-53-7725,厚生労働省オープンデータ,https://www.mhlw.go.jp/content/12300000/jigyosho_130.csv,2025-12末,https://www.google.com/search?q=%E8%A8%AA%E5%95%8F%E7%9C%8B%E8%AD%B7%E3%82%B9%E3%83%86%E3%83%BC%E3%82%B7%E3%83%A7%E3%83%B3%E3%81%AF%E3%81%A8%20%E9%BB%92%E7%9F%B3%E5%B8%82
訪問看護ステーション結,訪問看護,青森県,五所川原市,"介護,訪問看護,医療",看護師などが自宅へ訪問し、健康状態の確認や医療的ケア、療養生活の支援を行います。,https://www.google.com/search?q=%E8%A8%AA%E5%95%8F%E7%9C%8B%E8%AD%B7%E3%82%B9%E3%83%86%E3%83%BC%E3%82%B7%E3%83%A7%E3%83%B3%E7%B5%90%20%E4%BA%94%E6%89%80%E5%B7%9D%E5%8E%9F%E5%B8%82,青森県五所川原市字芭蕉18-4,0173-38-3480,厚生労働省オープンデータ,https://www.mhlw.go.jp/content/12300000/jigyosho_130.csv,2025-12末,https://www.google.com/search?q=%E8%A8%AA%E5%95%8F%E7%9C%8B%E8%AD%B7%E3%82%B9%E3%83%86%E3%83%BC%E3%82%B7%E3%83%A7%E3%83%B3%E7%B5%90%20%E4%BA%94%E6%89%80%E5%B7%9D%E5%8E%9F%E5%B8%82
訪問看護ステーション　マスダ,訪問看護,青森県,五所川原市,"介護,訪問看護,医療",看護師などが自宅へ訪問し、健康状態の確認や医療的ケア、療養生活の支援を行います。,https://www.google.com/search?q=%E8%A8%AA%E5%95%8F%E7%9C%8B%E8%AD%B7%E3%82%B9%E3%83%86%E3%83%BC%E3%82%B7%E3%83%A7%E3%83%B3%E3%80%80%E3%83%9E%E3%82%B9%E3%83%80%20%E4%BA%94%E6%89%80%E5%B7%9D%E5%8E%9F%E5%B8%82,五所川原市新町41番地,0173-34-2737,厚生労働省オープンデータ,https://www.mhlw.go.jp/content/12300000/jigyosho_130.csv,2025-12末,https://www.google.com/search?q=%E8%A8%AA%E5%95%8F%E7%9C%8B%E8%AD%B7%E3%82%B9%E3%83%86%E3%83%BC%E3%82%B7%E3%83%A7%E3%83%B3%E3%80%80%E3%83%9E%E3%82%B9%E3%83%80%20%E4%BA%94%E6%89%80%E5%B7%9D%E5%8E%9F%E5%B8%82
訪問看護のざと,訪問看護,青森県,五所川原市,"介護,訪問看護,医療",看護師などが自宅へ訪問し、健康状態の確認や医療的ケア、療養生活の支援を行います。,http://www.nh-nozato.jp/1.html,青森県五所川原市大字神山字牧原56-1,0173-26-6303,厚生労働省オープンデータ,https://www.mhlw.go.jp/content/12300000/jigyosho_130.csv,2025-12末,https://www.google.com/search?q=%E8%A8%AA%E5%95%8F%E7%9C%8B%E8%AD%B7%E3%81%AE%E3%81%96%E3%81%A8%20%E4%BA%94%E6%89%80%E5%B7%9D%E5%8E%9F%E5%B8%82
訪問看護ステーション　ハルニレ,訪問看護,青森県,五所川原市,"介護,訪問看護,医療",看護師などが自宅へ訪問し、健康状態の確認や医療的ケア、療養生活の支援を行います。,http://www.takusinnkai.or.jp,青森県五所川原市大字水野尾字懸樋218-1,0173-26-5963,厚生労働省オープンデータ,https://www.mhlw.go.jp/content/12300000/jigyosho_130.csv,2025-12末,https://www.google.com/search?q=%E8%A8%AA%E5%95%8F%E7%9C%8B%E8%AD%B7%E3%82%B9%E3%83%86%E3%83%BC%E3%82%B7%E3%83%A7%E3%83%B3%E3%80%80%E3%83%8F%E3%83%AB%E3%83%8B%E3%83%AC%20%E4%BA%94%E6%89%80%E5%B7%9D%E5%8E%9F%E5%B8%82
訪問看護ステーションいしずえ五所川原,訪問看護,青森県,五所川原市,"介護,訪問看護,医療",看護師などが自宅へ訪問し、健康状態の確認や医療的ケア、療養生活の支援を行います。,https://ishizue-goshogawara.jp,青森県五所川原市栄町34-6,0173-26-0740,厚生労働省オープンデータ,https://www.mhlw.go.jp/content/12300000/jigyosho_130.csv,2025-12末,https://www.google.com/search?q=%E8%A8%AA%E5%95%8F%E7%9C%8B%E8%AD%B7%E3%82%B9%E3%83%86%E3%83%BC%E3%82%B7%E3%83%A7%E3%83%B3%E3%81%84%E3%81%97%E3%81%9A%E3%81%88%E4%BA%94%E6%89%80%E5%B7%9D%E5%8E%9F%20%E4%BA%94%E6%89%80%E5%B7%9D%E5%8E%9F%E5%B8%82
訪問看護ステーション　みちのく,訪問看護,青森県,十和田市,"介護,訪問看護,医療",看護師などが自宅へ訪問し、健康状態の確認や医療的ケア、療養生活の支援を行います。,http://www.takamatsu-hp.jp/,青森県十和田市三本木字里ノ沢148-5有料老人ホームロイヤルヴィラみちのく内,0176-58-0765,厚生労働省オープンデータ,https://www.mhlw.go.jp/content/12300000/jigyosho_130.csv,2025-12末,https://www.google.com/search?q=%E8%A8%AA%E5%95%8F%E7%9C%8B%E8%AD%B7%E3%82%B9%E3%83%86%E3%83%BC%E3%82%B7%E3%83%A7%E3%83%B3%E3%80%80%E3%81%BF%E3%81%A1%E3%81%AE%E3%81%8F%20%E5%8D%81%E5%92%8C%E7%94%B0%E5%B8%82
訪問看護ステーションちくば,訪問看護,青森県,十和田市,"介護,訪問看護,医療",看護師などが自宅へ訪問し、健康状態の確認や医療的ケア、療養生活の支援を行います。,https://www.google.com/search?q=%E8%A8%AA%E5%95%8F%E7%9C%8B%E8%AD%B7%E3%82%B9%E3%83%86%E3%83%BC%E3%82%B7%E3%83%A7%E3%83%B3%E3%81%A1%E3%81%8F%E3%81%B0%20%E5%8D%81%E5%92%8C%E7%94%B0%E5%B8%82,青森県十和田市東三番町10番55-6号,0176-21-2715,厚生労働省オープンデータ,https://www.mhlw.go.jp/content/12300000/jigyosho_130.csv,2025-12末,https://www.google.com/search?q=%E8%A8%AA%E5%95%8F%E7%9C%8B%E8%AD%B7%E3%82%B9%E3%83%86%E3%83%BC%E3%82%B7%E3%83%A7%E3%83%B3%E3%81%A1%E3%81%8F%E3%81%B0%20%E5%8D%81%E5%92%8C%E7%94%B0%E5%B8%82
訪問看護ステーションえがお,訪問看護,青森県,十和田市,"介護,訪問看護,医療",看護師などが自宅へ訪問し、健康状態の確認や医療的ケア、療養生活の支援を行います。,https://www.sg-heart.or.jp/,青森県十和田市穂並町6-27,0176-23-3369,厚生労働省オープンデータ,https://www.mhlw.go.jp/content/12300000/jigyosho_130.csv,2025-12末,https://www.google.com/search?q=%E8%A8%AA%E5%95%8F%E7%9C%8B%E8%AD%B7%E3%82%B9%E3%83%86%E3%83%BC%E3%82%B7%E3%83%A7%E3%83%B3%E3%81%88%E3%81%8C%E3%81%8A%20%E5%8D%81%E5%92%8C%E7%94%B0%E5%B8%82
訪問看護ステーション　ふたば,訪問看護,青森県,十和田市,"介護,訪問看護,医療",看護師などが自宅へ訪問し、健康状態の確認や医療的ケア、療養生活の支援を行います。,https://www.google.com/search?q=%E8%A8%AA%E5%95%8F%E7%9C%8B%E8%AD%B7%E3%82%B9%E3%83%86%E3%83%BC%E3%82%B7%E3%83%A7%E3%83%B3%E3%80%80%E3%81%B5%E3%81%9F%E3%81%B0%20%E5%8D%81%E5%92%8C%E7%94%B0%E5%B8%82,青森県十和田市東三番町6番33号,0176-25-3289,厚生労働省オープンデータ,https://www.mhlw.go.jp/content/12300000/jigyosho_130.csv,2025-12末,https://www.google.com/search?q=%E8%A8%AA%E5%95%8F%E7%9C%8B%E8%AD%B7%E3%82%B9%E3%83%86%E3%83%BC%E3%82%B7%E3%83%A7%E3%83%B3%E3%80%80%E3%81%B5%E3%81%9F%E3%81%B0%20%E5%8D%81%E5%92%8C%E7%94%B0%E5%B8%82
訪問看護ステーションどんぐり村,訪問看護,青森県,十和田市,"介護,訪問看護,医療",看護師などが自宅へ訪問し、健康状態の確認や医療的ケア、療養生活の支援を行います。,http：//ikigai-towada.net,青森県十和田市大字三本木字一本木沢93-7,0176-21-3033,厚生労働省オープンデータ,https://www.mhlw.go.jp/content/12300000/jigyosho_130.csv,2025-12末,https://www.google.com/search?q=%E8%A8%AA%E5%95%8F%E7%9C%8B%E8%AD%B7%E3%82%B9%E3%83%86%E3%83%BC%E3%82%B7%E3%83%A7%E3%83%B3%E3%81%A9%E3%82%93%E3%81%90%E3%82%8A%E6%9D%91%20%E5%8D%81%E5%92%8C%E7%94%B0%E5%B8%82
みどりの風訪問看護ステーション,訪問看護,青森県,十和田市,"介護,訪問看護,医療",看護師などが自宅へ訪問し、健康状態の確認や医療的ケア、療養生活の支援を行います。,https://midori-mori.jimdo.com,青森県十和田市西三番町２２－３２,0176-58-6727,厚生労働省オープンデータ,https://www.mhlw.go.jp/content/12300000/jigyosho_130.csv,2025-12末,https://www.google.com/search?q=%E3%81%BF%E3%81%A9%E3%82%8A%E3%81%AE%E9%A2%A8%E8%A8%AA%E5%95%8F%E7%9C%8B%E8%AD%B7%E3%82%B9%E3%83%86%E3%83%BC%E3%82%B7%E3%83%A7%E3%83%B3%20%E5%8D%81%E5%92%8C%E7%94%B0%E5%B8%82
訪問看護ステーションTsugu,訪問看護,青森県,十和田市,"介護,訪問看護,医療",看護師などが自宅へ訪問し、健康状態の確認や医療的ケア、療養生活の支援を行います。,https://www.google.com/search?q=%E8%A8%AA%E5%95%8F%E7%9C%8B%E8%AD%B7%E3%82%B9%E3%83%86%E3%83%BC%E3%82%B7%E3%83%A7%E3%83%B3Tsugu%20%E5%8D%81%E5%92%8C%E7%94%B0%E5%B8%82,青森県十和田市大字三本木字西小稲189番地6,0176‐27‐1306,厚生労働省オープンデータ,https://www.mhlw.go.jp/content/12300000/jigyosho_130.csv,2025-12末,https://www.google.com/search?q=%E8%A8%AA%E5%95%8F%E7%9C%8B%E8%AD%B7%E3%82%B9%E3%83%86%E3%83%BC%E3%82%B7%E3%83%A7%E3%83%B3Tsugu%20%E5%8D%81%E5%92%8C%E7%94%B0%E5%B8%82
訪問看護ステーションえいと,訪問看護,青森県,三沢市,"介護,訪問看護,医療",看護師などが自宅へ訪問し、健康状態の確認や医療的ケア、療養生活の支援を行います。,https://www.google.com/search?q=%E8%A8%AA%E5%95%8F%E7%9C%8B%E8%AD%B7%E3%82%B9%E3%83%86%E3%83%BC%E3%82%B7%E3%83%A7%E3%83%B3%E3%81%88%E3%81%84%E3%81%A8%20%E4%B8%89%E6%B2%A2%E5%B8%82,青森県三沢市松園町３丁目6-16中野プラザ206,0176-51-5497,厚生労働省オープンデータ,https://www.mhlw.go.jp/content/12300000/jigyosho_130.csv,2025-12末,https://www.google.com/search?q=%E8%A8%AA%E5%95%8F%E7%9C%8B%E8%AD%B7%E3%82%B9%E3%83%86%E3%83%BC%E3%82%B7%E3%83%A7%E3%83%B3%E3%81%88%E3%81%84%E3%81%A8%20%E4%B8%89%E6%B2%A2%E5%B8%82
訪問看護ステーションケアポートみさわ,訪問看護,青森県,三沢市,"介護,訪問看護,医療",看護師などが自宅へ訪問し、健康状態の確認や医療的ケア、療養生活の支援を行います。,http://www.sg-silver.or.jp/careport/,青森県三沢市三沢字園沢219-104,0176-50-1707,厚生労働省オープンデータ,https://www.mhlw.go.jp/content/12300000/jigyosho_130.csv,2025-12末,https://www.google.com/search?q=%E8%A8%AA%E5%95%8F%E7%9C%8B%E8%AD%B7%E3%82%B9%E3%83%86%E3%83%BC%E3%82%B7%E3%83%A7%E3%83%B3%E3%82%B1%E3%82%A2%E3%83%9D%E3%83%BC%E3%83%88%E3%81%BF%E3%81%95%E3%82%8F%20%E4%B8%89%E6%B2%A2%E5%B8%82
のぞみ訪問看護ステーション,訪問看護,青森県,三沢市,"介護,訪問看護,医療",看護師などが自宅へ訪問し、健康状態の確認や医療的ケア、療養生活の支援を行います。,https://syafuku-nozomi.jimdo.com/,青森県三沢市中央町4丁目6-13,0176-50-1888,厚生労働省オープンデータ,https://www.mhlw.go.jp/content/12300000/jigyosho_130.csv,2025-12末,https://www.google.com/search?q=%E3%81%AE%E3%81%9E%E3%81%BF%E8%A8%AA%E5%95%8F%E7%9C%8B%E8%AD%B7%E3%82%B9%E3%83%86%E3%83%BC%E3%82%B7%E3%83%A7%E3%83%B3%20%E4%B8%89%E6%B2%A2%E5%B8%82
ハッピー訪問看護ステーション,訪問看護,青森県,三沢市,"介護,訪問看護,医療",看護師などが自宅へ訪問し、健康状態の確認や医療的ケア、療養生活の支援を行います。,https://www.google.com/search?q=%E3%83%8F%E3%83%83%E3%83%94%E3%83%BC%E8%A8%AA%E5%95%8F%E7%9C%8B%E8%AD%B7%E3%82%B9%E3%83%86%E3%83%BC%E3%82%B7%E3%83%A7%E3%83%B3%20%E4%B8%89%E6%B2%A2%E5%B8%82,青森県三沢市字古間木山１４１－１８４,0176-58-0230,厚生労働省オープンデータ,https://www.mhlw.go.jp/content/12300000/jigyosho_130.csv,2025-12末,https://www.google.com/search?q=%E3%83%8F%E3%83%83%E3%83%94%E3%83%BC%E8%A8%AA%E5%95%8F%E7%9C%8B%E8%AD%B7%E3%82%B9%E3%83%86%E3%83%BC%E3%82%B7%E3%83%A7%E3%83%B3%20%E4%B8%89%E6%B2%A2%E5%B8%82
ニチイケアセンター三沢訪問看護ステーション,訪問看護,青森県,三沢市,"介護,訪問看護,医療",看護師などが自宅へ訪問し、健康状態の確認や医療的ケア、療養生活の支援を行います。,https://www.google.com/search?q=%E3%83%8B%E3%83%81%E3%82%A4%E3%82%B1%E3%82%A2%E3%82%BB%E3%83%B3%E3%82%BF%E3%83%BC%E4%B8%89%E6%B2%A2%E8%A8%AA%E5%95%8F%E7%9C%8B%E8%AD%B7%E3%82%B9%E3%83%86%E3%83%BC%E3%82%B7%E3%83%A7%E3%83%B3%20%E4%B8%89%E6%B2%A2%E5%B8%82,青森県三沢市大町２丁目８－３,0176-50-1715,厚生労働省オープンデータ,https://www.mhlw.go.jp/content/12300000/jigyosho_130.csv,2025-12末,https://www.google.com/search?q=%E3%83%8B%E3%83%81%E3%82%A4%E3%82%B1%E3%82%A2%E3%82%BB%E3%83%B3%E3%82%BF%E3%83%BC%E4%B8%89%E6%B2%A2%E8%A8%AA%E5%95%8F%E7%9C%8B%E8%AD%B7%E3%82%B9%E3%83%86%E3%83%BC%E3%82%B7%E3%83%A7%E3%83%B3%20%E4%B8%89%E6%B2%A2%E5%B8%82
かすがだい訪問看護ステーション,訪問看護,青森県,三沢市,"介護,訪問看護,医療",看護師などが自宅へ訪問し、健康状態の確認や医療的ケア、療養生活の支援を行います。,https://www.google.com/search?q=%E3%81%8B%E3%81%99%E3%81%8C%E3%81%A0%E3%81%84%E8%A8%AA%E5%95%8F%E7%9C%8B%E8%AD%B7%E3%82%B9%E3%83%86%E3%83%BC%E3%82%B7%E3%83%A7%E3%83%B3%20%E4%B8%89%E6%B2%A2%E5%B8%82,三沢市春日台2-152-414春日台介護センター　事務所,0176-58-6317,厚生労働省オープンデータ,https://www.mhlw.go.jp/content/12300000/jigyosho_130.csv,2025-12末,https://www.google.com/search?q=%E3%81%8B%E3%81%99%E3%81%8C%E3%81%A0%E3%81%84%E8%A8%AA%E5%95%8F%E7%9C%8B%E8%AD%B7%E3%82%B9%E3%83%86%E3%83%BC%E3%82%B7%E3%83%A7%E3%83%B3%20%E4%B8%89%E6%B2%A2%E5%B8%82
三沢訪問看護ステーション,訪問看護,青森県,三沢市,"介護,訪問看護,医療",看護師などが自宅へ訪問し、健康状態の確認や医療的ケア、療養生活の支援を行います。,http://www.rakuseikai.or.jp/,青森県三沢市栄町三丁目１２５－１栄町コラボケアセンター,0176-50-1139,厚生労働省オープンデータ,https://www.mhlw.go.jp/content/12300000/jigyosho_130.csv,2025-12末,https://www.google.com/search?q=%E4%B8%89%E6%B2%A2%E8%A8%AA%E5%95%8F%E7%9C%8B%E8%AD%B7%E3%82%B9%E3%83%86%E3%83%BC%E3%82%B7%E3%83%A7%E3%83%B3%20%E4%B8%89%E6%B2%A2%E5%B8%82
ひばり訪問看護ステーション,訪問看護,青森県,三沢市,"介護,訪問看護,医療",看護師などが自宅へ訪問し、健康状態の確認や医療的ケア、療養生活の支援を行います。,http://www.joukdkoukai.or.jp/,青森県三沢市大字三沢字南山60番地2号,0176-58-7791,厚生労働省オープンデータ,https://www.mhlw.go.jp/content/12300000/jigyosho_130.csv,2025-12末,https://www.google.com/search?q=%E3%81%B2%E3%81%B0%E3%82%8A%E8%A8%AA%E5%95%8F%E7%9C%8B%E8%AD%B7%E3%82%B9%E3%83%86%E3%83%BC%E3%82%B7%E3%83%A7%E3%83%B3%20%E4%B8%89%E6%B2%A2%E5%B8%82
みちのく訪問看護ステーション,訪問看護,青森県,むつ市,"介護,訪問看護,医療",看護師などが自宅へ訪問し、健康状態の確認や医療的ケア、療養生活の支援を行います。,http://michinokuso.or.jp,青森県むつ市十二林１７番１号,0175-23-6000,厚生労働省オープンデータ,https://www.mhlw.go.jp/content/12300000/jigyosho_130.csv,2025-12末,https://www.google.com/search?q=%E3%81%BF%E3%81%A1%E3%81%AE%E3%81%8F%E8%A8%AA%E5%95%8F%E7%9C%8B%E8%AD%B7%E3%82%B9%E3%83%86%E3%83%BC%E3%82%B7%E3%83%A7%E3%83%B3%20%E3%82%80%E3%81%A4%E5%B8%82
公済会訪問看護ステーションやまびこ,訪問看護,青森県,むつ市,"介護,訪問看護,医療",看護師などが自宅へ訪問し、健康状態の確認や医療的ケア、療養生活の支援を行います。,https://cjp-kousaikai.or.jp/,青森県むつ市小川町一丁目１番５号,0175-23-7228,厚生労働省オープンデータ,https://www.mhlw.go.jp/content/12300000/jigyosho_130.csv,2025-12末,https://www.google.com/search?q=%E5%85%AC%E6%B8%88%E4%BC%9A%E8%A8%AA%E5%95%8F%E7%9C%8B%E8%AD%B7%E3%82%B9%E3%83%86%E3%83%BC%E3%82%B7%E3%83%A7%E3%83%B3%E3%82%84%E3%81%BE%E3%81%B3%E3%81%93%20%E3%82%80%E3%81%A4%E5%B8%82
訪問看護ステーション　むつ,訪問看護,青森県,むつ市,"介護,訪問看護,医療",看護師などが自宅へ訪問し、健康状態の確認や医療的ケア、療養生活の支援を行います。,http://kango-mutsu.com,青森県むつ市緑町16番18号ヴィヴィエンダＡ棟事務所,0175-31-1414,厚生労働省オープンデータ,https://www.mhlw.go.jp/content/12300000/jigyosho_130.csv,2025-12末,https://www.google.com/search?q=%E8%A8%AA%E5%95%8F%E7%9C%8B%E8%AD%B7%E3%82%B9%E3%83%86%E3%83%BC%E3%82%B7%E3%83%A7%E3%83%B3%E3%80%80%E3%82%80%E3%81%A4%20%E3%82%80%E3%81%A4%E5%B8%82
バンドーウエルフェアグループ株式会社　訪問看護事業部　むつ,訪問看護,青森県,むつ市,"介護,訪問看護,医療",看護師などが自宅へ訪問し、健康状態の確認や医療的ケア、療養生活の支援を行います。,http://www.bwfg.co.jp/,青森kwんむつ市新町32-15,0175-22-9526,厚生労働省オープンデータ,https://www.mhlw.go.jp/content/12300000/jigyosho_130.csv,2025-12末,https://www.google.com/search?q=%E3%83%90%E3%83%B3%E3%83%89%E3%83%BC%E3%82%A6%E3%82%A8%E3%83%AB%E3%83%95%E3%82%A7%E3%82%A2%E3%82%B0%E3%83%AB%E3%83%BC%E3%83%97%E6%A0%AA%E5%BC%8F%E4%BC%9A%E7%A4%BE%E3%80%80%E8%A8%AA%E5%95%8F%E7%9C%8B%E8%AD%B7%E4%BA%8B%E6%A5%AD%E9%83%A8%E3%80%80%E3%82%80%E3%81%A4%20%E3%82%80%E3%81%A4%E5%B8%82
えむナースステーション,訪問看護,青森県,むつ市,"介護,訪問看護,医療",看護師などが自宅へ訪問し、健康状態の確認や医療的ケア、療養生活の支援を行います。,https://www.google.com/search?q=%E3%81%88%E3%82%80%E3%83%8A%E3%83%BC%E3%82%B9%E3%82%B9%E3%83%86%E3%83%BC%E3%82%B7%E3%83%A7%E3%83%B3%20%E3%82%80%E3%81%A4%E5%B8%82,青森県むつ市小川町一丁目1番12号,0175-31-0515,厚生労働省オープンデータ,https://www.mhlw.go.jp/content/12300000/jigyosho_130.csv,2025-12末,https://www.google.com/search?q=%E3%81%88%E3%82%80%E3%83%8A%E3%83%BC%E3%82%B9%E3%82%B9%E3%83%86%E3%83%BC%E3%82%B7%E3%83%A7%E3%83%B3%20%E3%82%80%E3%81%A4%E5%B8%82
合同会社訪問看護ステーションにじの樹,訪問看護,青森県,つがる市,"介護,訪問看護,医療",看護師などが自宅へ訪問し、健康状態の確認や医療的ケア、療養生活の支援を行います。,https://www.google.com/search?q=%E5%90%88%E5%90%8C%E4%BC%9A%E7%A4%BE%E8%A8%AA%E5%95%8F%E7%9C%8B%E8%AD%B7%E3%82%B9%E3%83%86%E3%83%BC%E3%82%B7%E3%83%A7%E3%83%B3%E3%81%AB%E3%81%98%E3%81%AE%E6%A8%B9%20%E3%81%A4%E3%81%8C%E3%82%8B%E5%B8%82,青森県つがる市木造赤根３－１６メゾンドアカネ101号,0173-42-5964,厚生労働省オープンデータ,https://www.mhlw.go.jp/content/12300000/jigyosho_130.csv,2025-12末,https://www.google.com/search?q=%E5%90%88%E5%90%8C%E4%BC%9A%E7%A4%BE%E8%A8%AA%E5%95%8F%E7%9C%8B%E8%AD%B7%E3%82%B9%E3%83%86%E3%83%BC%E3%82%B7%E3%83%A7%E3%83%B3%E3%81%AB%E3%81%98%E3%81%AE%E6%A8%B9%20%E3%81%A4%E3%81%8C%E3%82%8B%E5%B8%82
平内町国民健康保険平内中央病院,訪問看護,青森県,平内町,"介護,訪問看護,医療",看護師などが自宅へ訪問し、健康状態の確認や医療的ケア、療養生活の支援を行います。,https://www.hiranai-chp.jp/,青森県東津軽郡平内町大字小湊字外ノ沢１－１,017-755-2131,厚生労働省オープンデータ,https://www.mhlw.go.jp/content/12300000/jigyosho_130.csv,2025-12末,https://www.google.com/search?q=%E5%B9%B3%E5%86%85%E7%94%BA%E5%9B%BD%E6%B0%91%E5%81%A5%E5%BA%B7%E4%BF%9D%E9%99%BA%E5%B9%B3%E5%86%85%E4%B8%AD%E5%A4%AE%E7%97%85%E9%99%A2%20%E5%B9%B3%E5%86%85%E7%94%BA
TOWAナースステーション,訪問看護,青森県,平内町,"介護,訪問看護,医療",看護師などが自宅へ訪問し、健康状態の確認や医療的ケア、療養生活の支援を行います。,https://towakosan-towahome.com/,青森県東津軽郡平内町大字小湊字愛宕92番地1,017‐718‐5702,厚生労働省オープンデータ,https://www.mhlw.go.jp/content/12300000/jigyosho_130.csv,2025-12末,https://www.google.com/search?q=TOWA%E3%83%8A%E3%83%BC%E3%82%B9%E3%82%B9%E3%83%86%E3%83%BC%E3%82%B7%E3%83%A7%E3%83%B3%20%E5%B9%B3%E5%86%85%E7%94%BA
あじがさわ訪問看護ステーションしあわせ,訪問看護,青森県,鰺ヶ沢町,"介護,訪問看護,医療",看護師などが自宅へ訪問し、健康状態の確認や医療的ケア、療養生活の支援を行います。,https://www.google.com/search?q=%E3%81%82%E3%81%98%E3%81%8C%E3%81%95%E3%82%8F%E8%A8%AA%E5%95%8F%E7%9C%8B%E8%AD%B7%E3%82%B9%E3%83%86%E3%83%BC%E3%82%B7%E3%83%A7%E3%83%B3%E3%81%97%E3%81%82%E3%82%8F%E3%81%9B%20%E9%B0%BA%E3%83%B6%E6%B2%A2%E7%94%BA,青森県西津軽郡鰺ヶ沢町大字南浮田町字金沢街道ノ沢55-9,0173-82-1150,厚生労働省オープンデータ,https://www.mhlw.go.jp/content/12300000/jigyosho_130.csv,2025-12末,https://www.google.com/search?q=%E3%81%82%E3%81%98%E3%81%8C%E3%81%95%E3%82%8F%E8%A8%AA%E5%95%8F%E7%9C%8B%E8%AD%B7%E3%82%B9%E3%83%86%E3%83%BC%E3%82%B7%E3%83%A7%E3%83%B3%E3%81%97%E3%81%82%E3%82%8F%E3%81%9B%20%E9%B0%BA%E3%83%B6%E6%B2%A2%E7%94%BA
深浦町訪問看護ステーション,訪問看護,青森県,深浦町,"介護,訪問看護,医療",看護師などが自宅へ訪問し、健康状態の確認や医療的ケア、療養生活の支援を行います。,http://www.town.fukaura.lg.jp/,青森県西津軽郡深浦町大字広戸字家野上１０４－１深浦町保健センター,0173-82-0145,厚生労働省オープンデータ,https://www.mhlw.go.jp/content/12300000/jigyosho_130.csv,2025-12末,https://www.google.com/search?q=%E6%B7%B1%E6%B5%A6%E7%94%BA%E8%A8%AA%E5%95%8F%E7%9C%8B%E8%AD%B7%E3%82%B9%E3%83%86%E3%83%BC%E3%82%B7%E3%83%A7%E3%83%B3%20%E6%B7%B1%E6%B5%A6%E7%94%BA
ときわ会訪問看護ステーション,訪問看護,青森県,藤崎町,"介護,訪問看護,医療",看護師などが自宅へ訪問し、健康状態の確認や医療的ケア、療養生活の支援を行います。,https://www.tokiwakai.or.jp,青森県南津軽郡藤崎町大字榊字亀田2-1介護センター2F,0172-65-4335,厚生労働省オープンデータ,https://www.mhlw.go.jp/content/12300000/jigyosho_130.csv,2025-12末,https://www.google.com/search?q=%E3%81%A8%E3%81%8D%E3%82%8F%E4%BC%9A%E8%A8%AA%E5%95%8F%E7%9C%8B%E8%AD%B7%E3%82%B9%E3%83%86%E3%83%BC%E3%82%B7%E3%83%A7%E3%83%B3%20%E8%97%A4%E5%B4%8E%E7%94%BA
大鰐町訪問看護ステーション,訪問看護,青森県,大鰐町,"介護,訪問看護,医療",看護師などが自宅へ訪問し、健康状態の確認や医療的ケア、療養生活の支援を行います。,https://www.google.com/search?q=%E5%A4%A7%E9%B0%90%E7%94%BA%E8%A8%AA%E5%95%8F%E7%9C%8B%E8%AD%B7%E3%82%B9%E3%83%86%E3%83%BC%E3%82%B7%E3%83%A7%E3%83%B3%20%E5%A4%A7%E9%B0%90%E7%94%BA,青森県南津軽郡大鰐町大字蔵館字川原田４０番地４町立大鰐診療所内,0172-55-6575,厚生労働省オープンデータ,https://www.mhlw.go.jp/content/12300000/jigyosho_130.csv,2025-12末,https://www.google.com/search?q=%E5%A4%A7%E9%B0%90%E7%94%BA%E8%A8%AA%E5%95%8F%E7%9C%8B%E8%AD%B7%E3%82%B9%E3%83%86%E3%83%BC%E3%82%B7%E3%83%A7%E3%83%B3%20%E5%A4%A7%E9%B0%90%E7%94%BA
訪問看護ステーション　ライラック,訪問看護,青森県,板柳町,"介護,訪問看護,医療",看護師などが自宅へ訪問し、健康状態の確認や医療的ケア、療養生活の支援を行います。,lilac-group.jp,青森県北津軽郡板柳町掛落林字前田262-1,0172-40-3055,厚生労働省オープンデータ,https://www.mhlw.go.jp/content/12300000/jigyosho_130.csv,2025-12末,https://www.google.com/search?q=%E8%A8%AA%E5%95%8F%E7%9C%8B%E8%AD%B7%E3%82%B9%E3%83%86%E3%83%BC%E3%82%B7%E3%83%A7%E3%83%B3%E3%80%80%E3%83%A9%E3%82%A4%E3%83%A9%E3%83%83%E3%82%AF%20%E6%9D%BF%E6%9F%B3%E7%94%BA
鶴田町社会福祉協議会　訪問看護ステーション,訪問看護,青森県,鶴田町,"介護,訪問看護,医療",看護師などが自宅へ訪問し、健康状態の確認や医療的ケア、療養生活の支援を行います。,http://turuta-shakyo.or.jp/,青森県北津軽郡鶴田町大字鶴田字鷹ノ尾34番地,0173-23-2355,厚生労働省オープンデータ,https://www.mhlw.go.jp/content/12300000/jigyosho_130.csv,2025-12末,https://www.google.com/search?q=%E9%B6%B4%E7%94%B0%E7%94%BA%E7%A4%BE%E4%BC%9A%E7%A6%8F%E7%A5%89%E5%8D%94%E8%AD%B0%E4%BC%9A%E3%80%80%E8%A8%AA%E5%95%8F%E7%9C%8B%E8%AD%B7%E3%82%B9%E3%83%86%E3%83%BC%E3%82%B7%E3%83%A7%E3%83%B3%20%E9%B6%B4%E7%94%B0%E7%94%BA
公立野辺地病院訪問看護ステーション,訪問看護,青森県,野辺地町,"介護,訪問看護,医療",看護師などが自宅へ訪問し、健康状態の確認や医療的ケア、療養生活の支援を行います。,hosptal-noheji-aomori.jp,青森県上北郡野辺地町字鳴沢9番地12,0175-65-1085,厚生労働省オープンデータ,https://www.mhlw.go.jp/content/12300000/jigyosho_130.csv,2025-12末,https://www.google.com/search?q=%E5%85%AC%E7%AB%8B%E9%87%8E%E8%BE%BA%E5%9C%B0%E7%97%85%E9%99%A2%E8%A8%AA%E5%95%8F%E7%9C%8B%E8%AD%B7%E3%82%B9%E3%83%86%E3%83%BC%E3%82%B7%E3%83%A7%E3%83%B3%20%E9%87%8E%E8%BE%BA%E5%9C%B0%E7%94%BA
公立七戸病院訪問看護ステーション,訪問看護,青森県,七戸町,"介護,訪問看護,医療",看護師などが自宅へ訪問し、健康状態の確認や医療的ケア、療養生活の支援を行います。,http://hospital-shichinohe.aomori.jp,青森県上北郡七戸町字影津内98-1,0176-62-2105,厚生労働省オープンデータ,https://www.mhlw.go.jp/content/12300000/jigyosho_130.csv,2025-12末,https://www.google.com/search?q=%E5%85%AC%E7%AB%8B%E4%B8%83%E6%88%B8%E7%97%85%E9%99%A2%E8%A8%AA%E5%95%8F%E7%9C%8B%E8%AD%B7%E3%82%B9%E3%83%86%E3%83%BC%E3%82%B7%E3%83%A7%E3%83%B3%20%E4%B8%83%E6%88%B8%E7%94%BA
医療法人　瑞翔会　旭日クリニック,訪問看護,青森県,東北町,"介護,訪問看護,医療",看護師などが自宅へ訪問し、健康状態の確認や医療的ケア、療養生活の支援を行います。,https://asahi-clinic.jp/,青森県上北郡東北町大字上野字南谷地258-1,0176-58-2050,厚生労働省オープンデータ,https://www.mhlw.go.jp/content/12300000/jigyosho_130.csv,2025-12末,https://www.google.com/search?q=%E5%8C%BB%E7%99%82%E6%B3%95%E4%BA%BA%E3%80%80%E7%91%9E%E7%BF%94%E4%BC%9A%E3%80%80%E6%97%AD%E6%97%A5%E3%82%AF%E3%83%AA%E3%83%8B%E3%83%83%E3%82%AF%20%E6%9D%B1%E5%8C%97%E7%94%BA
六ヶ所村地域家庭医療センター,訪問看護,青森県,六ヶ所村,"介護,訪問看護,医療",看護師などが自宅へ訪問し、健康状態の確認や医療的ケア、療養生活の支援を行います。,http://rokkasyo.jadecom.or.jp,青森県上北郡六ヶ所村尾駮字野附986番地4,0175-73-7122,厚生労働省オープンデータ,https://www.mhlw.go.jp/content/12300000/jigyosho_130.csv,2025-12末,https://www.google.com/search?q=%E5%85%AD%E3%83%B6%E6%89%80%E6%9D%91%E5%9C%B0%E5%9F%9F%E5%AE%B6%E5%BA%AD%E5%8C%BB%E7%99%82%E3%82%BB%E3%83%B3%E3%82%BF%E3%83%BC%20%E5%85%AD%E3%83%B6%E6%89%80%E6%9D%91
訪問看護ステーションケアポートしもだ,訪問看護,青森県,おいらせ町,"介護,訪問看護,医療",看護師などが自宅へ訪問し、健康状態の確認や医療的ケア、療養生活の支援を行います。,www.sg-silver.or.jp/careport,青森県上北郡おいらせ町山崎２６０８－５,0178-56-3808,厚生労働省オープンデータ,https://www.mhlw.go.jp/content/12300000/jigyosho_130.csv,2025-12末,https://www.google.com/search?q=%E8%A8%AA%E5%95%8F%E7%9C%8B%E8%AD%B7%E3%82%B9%E3%83%86%E3%83%BC%E3%82%B7%E3%83%A7%E3%83%B3%E3%82%B1%E3%82%A2%E3%83%9D%E3%83%BC%E3%83%88%E3%81%97%E3%82%82%E3%81%A0%20%E3%81%8A%E3%81%84%E3%82%89%E3%81%9B%E7%94%BA
訪問看護ステーションエール,訪問看護,青森県,おいらせ町,"介護,訪問看護,医療",看護師などが自宅へ訪問し、健康状態の確認や医療的ケア、療養生活の支援を行います。,https://vns-yell.com/,青森県上北郡おいらせ町緑ヶ丘6丁目50-2010,0176-51-0950,厚生労働省オープンデータ,https://www.mhlw.go.jp/content/12300000/jigyosho_130.csv,2025-12末,https://www.google.com/search?q=%E8%A8%AA%E5%95%8F%E7%9C%8B%E8%AD%B7%E3%82%B9%E3%83%86%E3%83%BC%E3%82%B7%E3%83%A7%E3%83%B3%E3%82%A8%E3%83%BC%E3%83%AB%20%E3%81%8A%E3%81%84%E3%82%89%E3%81%9B%E7%94%BA
一部事務組合下北医療センター国民健康保険大間病院,訪問看護,青森県,大間町,"介護,訪問看護,医療",看護師などが自宅へ訪問し、健康状態の確認や医療的ケア、療養生活の支援を行います。,http://www.shimokita-mc.jp/oma/index.html,青森県下北郡大間町大字大間字大間平20-78,0175-37-2105,厚生労働省オープンデータ,https://www.mhlw.go.jp/content/12300000/jigyosho_130.csv,2025-12末,https://www.google.com/search?q=%E4%B8%80%E9%83%A8%E4%BA%8B%E5%8B%99%E7%B5%84%E5%90%88%E4%B8%8B%E5%8C%97%E5%8C%BB%E7%99%82%E3%82%BB%E3%83%B3%E3%82%BF%E3%83%BC%E5%9B%BD%E6%B0%91%E5%81%A5%E5%BA%B7%E4%BF%9D%E9%99%BA%E5%A4%A7%E9%96%93%E7%97%85%E9%99%A2%20%E5%A4%A7%E9%96%93%E7%94%BA
一部事務組合下北医療センター東通村診療所,訪問看護,青森県,東通村,"介護,訪問看護,医療",看護師などが自宅へ訪問し、健康状態の確認や医療的ケア、療養生活の支援を行います。,https://higashidori.jadecom.or.jp,青森県下北郡東通村大字砂子又字里１７番地２,0175-28-5111,厚生労働省オープンデータ,https://www.mhlw.go.jp/content/12300000/jigyosho_130.csv,2025-12末,https://www.google.com/search?q=%E4%B8%80%E9%83%A8%E4%BA%8B%E5%8B%99%E7%B5%84%E5%90%88%E4%B8%8B%E5%8C%97%E5%8C%BB%E7%99%82%E3%82%BB%E3%83%B3%E3%82%BF%E3%83%BC%E6%9D%B1%E9%80%9A%E6%9D%91%E8%A8%BA%E7%99%82%E6%89%80%20%E6%9D%B1%E9%80%9A%E6%9D%91
三戸町国民健康保険三戸中央病院,訪問看護,青森県,三戸町,"介護,訪問看護,医療",看護師などが自宅へ訪問し、健康状態の確認や医療的ケア、療養生活の支援を行います。,https://hospital.town.sannohe.aomori.jp/,青森県三戸郡三戸町大字川守田字沖中９番地１,0179-20-1131,厚生労働省オープンデータ,https://www.mhlw.go.jp/content/12300000/jigyosho_130.csv,2025-12末,https://www.google.com/search?q=%E4%B8%89%E6%88%B8%E7%94%BA%E5%9B%BD%E6%B0%91%E5%81%A5%E5%BA%B7%E4%BF%9D%E9%99%BA%E4%B8%89%E6%88%B8%E4%B8%AD%E5%A4%AE%E7%97%85%E9%99%A2%20%E4%B8%89%E6%88%B8%E7%94%BA
ごのへ訪問看護ステーションinさくら荘,訪問看護,青森県,五戸町,"介護,訪問看護,医療",看護師などが自宅へ訪問し、健康状態の確認や医療的ケア、療養生活の支援を行います。,https://www.sakuraso.or.jp,青森県三戸郡五戸町大字倉石中市字新山平６４-１,0178-77-2160,厚生労働省オープンデータ,https://www.mhlw.go.jp/content/12300000/jigyosho_130.csv,2025-12末,https://www.google.com/search?q=%E3%81%94%E3%81%AE%E3%81%B8%E8%A8%AA%E5%95%8F%E7%9C%8B%E8%AD%B7%E3%82%B9%E3%83%86%E3%83%BC%E3%82%B7%E3%83%A7%E3%83%B3in%E3%81%95%E3%81%8F%E3%82%89%E8%8D%98%20%E4%BA%94%E6%88%B8%E7%94%BA
訪問看護リハビリステーション愛あい,訪問看護,青森県,五戸町,"介護,訪問看護,医療",看護師などが自宅へ訪問し、健康状態の確認や医療的ケア、療養生活の支援を行います。,http://www.kango-aiai.com/,青森県三戸郡五戸町字下長下タ９１－８,0178-51-9553,厚生労働省オープンデータ,https://www.mhlw.go.jp/content/12300000/jigyosho_130.csv,2025-12末,https://www.google.com/search?q=%E8%A8%AA%E5%95%8F%E7%9C%8B%E8%AD%B7%E3%83%AA%E3%83%8F%E3%83%93%E3%83%AA%E3%82%B9%E3%83%86%E3%83%BC%E3%82%B7%E3%83%A7%E3%83%B3%E6%84%9B%E3%81%82%E3%81%84%20%E4%BA%94%E6%88%B8%E7%94%BA
田子町訪問看護ステーション,訪問看護,青森県,田子町,"介護,訪問看護,医療",看護師などが自宅へ訪問し、健康状態の確認や医療的ケア、療養生活の支援を行います。,https://www.google.com/search?q=%E7%94%B0%E5%AD%90%E7%94%BA%E8%A8%AA%E5%95%8F%E7%9C%8B%E8%AD%B7%E3%82%B9%E3%83%86%E3%83%BC%E3%82%B7%E3%83%A7%E3%83%B3%20%E7%94%B0%E5%AD%90%E7%94%BA,青森県三戸郡田子町大字田子字前田２－１,0179-32-3177,厚生労働省オープンデータ,https://www.mhlw.go.jp/content/12300000/jigyosho_130.csv,2025-12末,https://www.google.com/search?q=%E7%94%B0%E5%AD%90%E7%94%BA%E8%A8%AA%E5%95%8F%E7%9C%8B%E8%AD%B7%E3%82%B9%E3%83%86%E3%83%BC%E3%82%B7%E3%83%A7%E3%83%B3%20%E7%94%B0%E5%AD%90%E7%94%BA
はらクリ訪問看護ステーション,訪問看護,青森県,南部町,"介護,訪問看護,医療",看護師などが自宅へ訪問し、健康状態の確認や医療的ケア、療養生活の支援を行います。,hc-houkan@tea.ocn.ne.jp,青森県三戸郡南部町大字苫米地字白山堂13-2,0178-84-4111,厚生労働省オープンデータ,https://www.mhlw.go.jp/content/12300000/jigyosho_130.csv,2025-12末,https://www.google.com/search?q=%E3%81%AF%E3%82%89%E3%82%AF%E3%83%AA%E8%A8%AA%E5%95%8F%E7%9C%8B%E8%AD%B7%E3%82%B9%E3%83%86%E3%83%BC%E3%82%B7%E3%83%A7%E3%83%B3%20%E5%8D%97%E9%83%A8%E7%94%BA
訪問看護ステーション想い,訪問看護,青森県,南部町,"介護,訪問看護,医療",看護師などが自宅へ訪問し、健康状態の確認や医療的ケア、療養生活の支援を行います。,http://hp.kaipoke.biz/ade/,青森県三戸郡南部町大字大向字小波田47番地2,0179-37-4401,厚生労働省オープンデータ,https://www.mhlw.go.jp/content/12300000/jigyosho_130.csv,2025-12末,https://www.google.com/search?q=%E8%A8%AA%E5%95%8F%E7%9C%8B%E8%AD%B7%E3%82%B9%E3%83%86%E3%83%BC%E3%82%B7%E3%83%A7%E3%83%B3%E6%83%B3%E3%81%84%20%E5%8D%97%E9%83%A8%E7%94%BA
訪問看護リハビリステーション和み,訪問看護,青森県,南部町,"介護,訪問看護,医療",看護師などが自宅へ訪問し、健康状態の確認や医療的ケア、療養生活の支援を行います。,http://hp.kaipoke.biz/dzc/,青森県三戸郡南部町大字剣吉字岩ノ下４番地1,0178-20-7657,厚生労働省オープンデータ,https://www.mhlw.go.jp/content/12300000/jigyosho_130.csv,2025-12末,https://www.google.com/search?q=%E8%A8%AA%E5%95%8F%E7%9C%8B%E8%AD%B7%E3%83%AA%E3%83%8F%E3%83%93%E3%83%AA%E3%82%B9%E3%83%86%E3%83%BC%E3%82%B7%E3%83%A7%E3%83%B3%E5%92%8C%E3%81%BF%20%E5%8D%97%E9%83%A8%E7%94%BA
ナースセンターサイン,訪問看護,青森県,階上町,"介護,訪問看護,医療",看護師などが自宅へ訪問し、健康状態の確認や医療的ケア、療養生活の支援を行います。,http://sign-aomori.com,青森県三戸郡階上町蒼前西3丁目9-1806セカンドホームサインの家内,0178-38-5745,厚生労働省オープンデータ,https://www.mhlw.go.jp/content/12300000/jigyosho_130.csv,2025-12末,https://www.google.com/search?q=%E3%83%8A%E3%83%BC%E3%82%B9%E3%82%BB%E3%83%B3%E3%82%BF%E3%83%BC%E3%82%B5%E3%82%A4%E3%83%B3%20%E9%9A%8E%E4%B8%8A%E7%94%BA
村上病院,訪問リハビリ,青森県,青森市,"介護,訪問リハビリ,リハビリ",訪問リハビリの公式オープンデータから取り込んだ候補です。詳細は公式情報・電話・見学で確認してください。,http://www.fuyoukai.or.jp/murakami_h/,青森市浜田3丁目3-14,017-729-8888,厚生労働省オープンデータ,https://www.mhlw.go.jp/content/12300000/jigyosho_140.csv,2025-12末,https://www.google.com/search?q=%E6%9D%91%E4%B8%8A%E7%97%85%E9%99%A2%20%E9%9D%92%E6%A3%AE%E5%B8%82
青森新都市病院　訪問リハビリテーション,訪問リハビリ,青森県,青森市,"介護,訪問リハビリ,リハビリ",訪問リハビリの公式オープンデータから取り込んだ候補です。詳細は公式情報・電話・見学で確認してください。,http://aomorishintoshi-hp.yushinkai.jp/,青森県青森市石江3丁目1番地,017-757-8750,厚生労働省オープンデータ,https://www.mhlw.go.jp/content/12300000/jigyosho_140.csv,2025-12末,https://www.google.com/search?q=%E9%9D%92%E6%A3%AE%E6%96%B0%E9%83%BD%E5%B8%82%E7%97%85%E9%99%A2%E3%80%80%E8%A8%AA%E5%95%8F%E3%83%AA%E3%83%8F%E3%83%93%E3%83%AA%E3%83%86%E3%83%BC%E3%82%B7%E3%83%A7%E3%83%B3%20%E9%9D%92%E6%A3%AE%E5%B8%82
青森慈恵会病院　訪問リハビリテーション,訪問リハビリ,青森県,青森市,"介護,訪問リハビリ,リハビリ",訪問リハビリの公式オープンデータから取り込んだ候補です。詳細は公式情報・電話・見学で確認してください。,jikeikai.aomori.jp,青森県青森市大字安田字近野146-1,017-718-1061,厚生労働省オープンデータ,https://www.mhlw.go.jp/content/12300000/jigyosho_140.csv,2025-12末,https://www.google.com/search?q=%E9%9D%92%E6%A3%AE%E6%85%88%E6%81%B5%E4%BC%9A%E7%97%85%E9%99%A2%E3%80%80%E8%A8%AA%E5%95%8F%E3%83%AA%E3%83%8F%E3%83%93%E3%83%AA%E3%83%86%E3%83%BC%E3%82%B7%E3%83%A7%E3%83%B3%20%E9%9D%92%E6%A3%AE%E5%B8%82
青森厚生病院　介護事業部,訪問リハビリ,青森県,青森市,"介護,訪問リハビリ,リハビリ",訪問リハビリの公式オープンデータから取り込んだ候補です。詳細は公式情報・電話・見学で確認してください。,https://soujinkai-kousei.org/kousei-aomori/,青森県青森市大字新城字山田488番地1,017-788-3121,厚生労働省オープンデータ,https://www.mhlw.go.jp/content/12300000/jigyosho_140.csv,2025-12末,https://www.google.com/search?q=%E9%9D%92%E6%A3%AE%E5%8E%9A%E7%94%9F%E7%97%85%E9%99%A2%E3%80%80%E4%BB%8B%E8%AD%B7%E4%BA%8B%E6%A5%AD%E9%83%A8%20%E9%9D%92%E6%A3%AE%E5%B8%82
あおもり協立病院,訪問リハビリ,青森県,青森市,"介護,訪問リハビリ,リハビリ",訪問リハビリの公式オープンデータから取り込んだ候補です。詳細は公式情報・電話・見学で確認してください。,https://www.aomori-h-coop.com/kyoritsu/,青森県青森市東大野2-1-10,017-729-3778,厚生労働省オープンデータ,https://www.mhlw.go.jp/content/12300000/jigyosho_140.csv,2025-12末,https://www.google.com/search?q=%E3%81%82%E3%81%8A%E3%82%82%E3%82%8A%E5%8D%94%E7%AB%8B%E7%97%85%E9%99%A2%20%E9%9D%92%E6%A3%AE%E5%B8%82
青森クリニック,訪問リハビリ,青森県,青森市,"介護,訪問リハビリ,リハビリ",訪問リハビリの公式オープンデータから取り込んだ候補です。詳細は公式情報・電話・見学で確認してください。,http://www.a-clinic.jp/index.html,青森市篠田1丁目９－１１,017-783-2222,厚生労働省オープンデータ,https://www.mhlw.go.jp/content/12300000/jigyosho_140.csv,2025-12末,https://www.google.com/search?q=%E9%9D%92%E6%A3%AE%E3%82%AF%E3%83%AA%E3%83%8B%E3%83%83%E3%82%AF%20%E9%9D%92%E6%A3%AE%E5%B8%82
津軽医院　訪問リハビリテーション,訪問リハビリ,青森県,青森市,"介護,訪問リハビリ,リハビリ",訪問リハビリの公式オープンデータから取り込んだ候補です。詳細は公式情報・電話・見学で確認してください。,https://www.google.com/search?q=%E6%B4%A5%E8%BB%BD%E5%8C%BB%E9%99%A2%E3%80%80%E8%A8%AA%E5%95%8F%E3%83%AA%E3%83%8F%E3%83%93%E3%83%AA%E3%83%86%E3%83%BC%E3%82%B7%E3%83%A7%E3%83%B3%20%E9%9D%92%E6%A3%AE%E5%B8%82,青森県青森市浪岡大字浪岡字浅井205,0172-62-3101,厚生労働省オープンデータ,https://www.mhlw.go.jp/content/12300000/jigyosho_140.csv,2025-12末,https://www.google.com/search?q=%E6%B4%A5%E8%BB%BD%E5%8C%BB%E9%99%A2%E3%80%80%E8%A8%AA%E5%95%8F%E3%83%AA%E3%83%8F%E3%83%93%E3%83%AA%E3%83%86%E3%83%BC%E3%82%B7%E3%83%A7%E3%83%B3%20%E9%9D%92%E6%A3%AE%E5%B8%82
訪問リハビリテーション　ブルーム,訪問リハビリ,青森県,青森市,"介護,訪問リハビリ,リハビリ",訪問リハビリの公式オープンデータから取り込んだ候補です。詳細は公式情報・電話・見学で確認してください。,www.keiju-w.or.jp,青森県青森市大字矢田前字弥生田４７－２,017-726-5211,厚生労働省オープンデータ,https://www.mhlw.go.jp/content/12300000/jigyosho_140.csv,2025-12末,https://www.google.com/search?q=%E8%A8%AA%E5%95%8F%E3%83%AA%E3%83%8F%E3%83%93%E3%83%AA%E3%83%86%E3%83%BC%E3%82%B7%E3%83%A7%E3%83%B3%E3%80%80%E3%83%96%E3%83%AB%E3%83%BC%E3%83%A0%20%E9%9D%92%E6%A3%AE%E5%B8%82
一般財団法人　黎明郷　弘前脳卒中・リハビリテーションセンター,訪問リハビリ,青森県,弘前市,"介護,訪問リハビリ,リハビリ",訪問リハビリの公式オープンデータから取り込んだ候補です。詳細は公式情報・電話・見学で確認してください。,https://reimeikyou.jp/hsc/,青森県弘前市大字扇町一丁目２番地１,０１７２－２８－８２２０,厚生労働省オープンデータ,https://www.mhlw.go.jp/content/12300000/jigyosho_140.csv,2025-12末,https://www.google.com/search?q=%E4%B8%80%E8%88%AC%E8%B2%A1%E5%9B%A3%E6%B3%95%E4%BA%BA%E3%80%80%E9%BB%8E%E6%98%8E%E9%83%B7%E3%80%80%E5%BC%98%E5%89%8D%E8%84%B3%E5%8D%92%E4%B8%AD%E3%83%BB%E3%83%AA%E3%83%8F%E3%83%93%E3%83%AA%E3%83%86%E3%83%BC%E3%82%B7%E3%83%A7%E3%83%B3%E3%82%BB%E3%83%B3%E3%82%BF%E3%83%BC%20%E5%BC%98%E5%89%8D%E5%B8%82
健生クリニック　リハビリセンター,訪問リハビリ,青森県,弘前市,"介護,訪問リハビリ,リハビリ",訪問リハビリの公式オープンデータから取り込んだ候補です。詳細は公式情報・電話・見学で確認してください。,http://www.kensei-hp.jp/,青森県弘前市大字扇町2丁目2-12健生クリニック,0172-55-7707,厚生労働省オープンデータ,https://www.mhlw.go.jp/content/12300000/jigyosho_140.csv,2025-12末,https://www.google.com/search?q=%E5%81%A5%E7%94%9F%E3%82%AF%E3%83%AA%E3%83%8B%E3%83%83%E3%82%AF%E3%80%80%E3%83%AA%E3%83%8F%E3%83%93%E3%83%AA%E3%82%BB%E3%83%B3%E3%82%BF%E3%83%BC%20%E5%BC%98%E5%89%8D%E5%B8%82
八戸城北病院,訪問リハビリ,青森県,八戸市,"介護,訪問リハビリ,リハビリ",訪問リハビリの公式オープンデータから取り込んだ候補です。詳細は公式情報・電話・見学で確認してください。,http://www.jouhoku-hp.jp/,石堂1丁目14-14,0178-20-2222,厚生労働省オープンデータ,https://www.mhlw.go.jp/content/12300000/jigyosho_140.csv,2025-12末,https://www.google.com/search?q=%E5%85%AB%E6%88%B8%E5%9F%8E%E5%8C%97%E7%97%85%E9%99%A2%20%E5%85%AB%E6%88%B8%E5%B8%82
ちょうじゃの森内科クリニック,訪問リハビリ,青森県,八戸市,"介護,訪問リハビリ,リハビリ",訪問リハビリの公式オープンデータから取り込んだ候補です。詳細は公式情報・電話・見学で確認してください。,http://www.choujanomori-naika.com,八戸市大字糠塚字下道7番地32ちょうじゃの森内科クリニック,0178-46-0811,厚生労働省オープンデータ,https://www.mhlw.go.jp/content/12300000/jigyosho_140.csv,2025-12末,https://www.google.com/search?q=%E3%81%A1%E3%82%87%E3%81%86%E3%81%98%E3%82%83%E3%81%AE%E6%A3%AE%E5%86%85%E7%A7%91%E3%82%AF%E3%83%AA%E3%83%8B%E3%83%83%E3%82%AF%20%E5%85%AB%E6%88%B8%E5%B8%82
八戸医療生活協同組合　八戸生協診療所　訪問リハビリテーション,訪問リハビリ,青森県,八戸市,"介護,訪問リハビリ,リハビリ",訪問リハビリの公式オープンデータから取り込んだ候補です。詳細は公式情報・電話・見学で確認してください。,https://www.hachinohe-iryou.jp/,青森県八戸市南類家1-17-1,0178-71-2525,厚生労働省オープンデータ,https://www.mhlw.go.jp/content/12300000/jigyosho_140.csv,2025-12末,https://www.google.com/search?q=%E5%85%AB%E6%88%B8%E5%8C%BB%E7%99%82%E7%94%9F%E6%B4%BB%E5%8D%94%E5%90%8C%E7%B5%84%E5%90%88%E3%80%80%E5%85%AB%E6%88%B8%E7%94%9F%E5%8D%94%E8%A8%BA%E7%99%82%E6%89%80%E3%80%80%E8%A8%AA%E5%95%8F%E3%83%AA%E3%83%8F%E3%83%93%E3%83%AA%E3%83%86%E3%83%BC%E3%82%B7%E3%83%A7%E3%83%B3%20%E5%85%AB%E6%88%B8%E5%B8%82
なかざわスポーツクリニック,訪問リハビリ,青森県,八戸市,"介護,訪問リハビリ,リハビリ",訪問リハビリの公式オープンデータから取り込んだ候補です。詳細は公式情報・電話・見学で確認してください。,http://www.nakazawa-clinic.com,青森県八戸市新井田館下1番地,0178-30-2020,厚生労働省オープンデータ,https://www.mhlw.go.jp/content/12300000/jigyosho_140.csv,2025-12末,https://www.google.com/search?q=%E3%81%AA%E3%81%8B%E3%81%96%E3%82%8F%E3%82%B9%E3%83%9D%E3%83%BC%E3%83%84%E3%82%AF%E3%83%AA%E3%83%8B%E3%83%83%E3%82%AF%20%E5%85%AB%E6%88%B8%E5%B8%82
メディカルコート　八戸西病院,訪問リハビリ,青森県,八戸市,"介護,訪問リハビリ,リハビリ",訪問リハビリの公式オープンデータから取り込んだ候補です。詳細は公式情報・電話・見学で確認してください。,http://www.sg-silver.or.jp/,青森県八戸市長苗代字中坪７７番地,0178-28-4000,厚生労働省オープンデータ,https://www.mhlw.go.jp/content/12300000/jigyosho_140.csv,2025-12末,https://www.google.com/search?q=%E3%83%A1%E3%83%87%E3%82%A3%E3%82%AB%E3%83%AB%E3%82%B3%E3%83%BC%E3%83%88%E3%80%80%E5%85%AB%E6%88%B8%E8%A5%BF%E7%97%85%E9%99%A2%20%E5%85%AB%E6%88%B8%E5%B8%82
シルバークリニック,訪問リハビリ,青森県,八戸市,"介護,訪問リハビリ,リハビリ",訪問リハビリの公式オープンデータから取り込んだ候補です。詳細は公式情報・電話・見学で確認してください。,http://sg-silver.com/,青森県八戸市大字河原木字八太郎山10-444,0178-28-4688,厚生労働省オープンデータ,https://www.mhlw.go.jp/content/12300000/jigyosho_140.csv,2025-12末,https://www.google.com/search?q=%E3%82%B7%E3%83%AB%E3%83%90%E3%83%BC%E3%82%AF%E3%83%AA%E3%83%8B%E3%83%83%E3%82%AF%20%E5%85%AB%E6%88%B8%E5%B8%82
津軽保健生活協同組合　健生五所川原診療所,訪問リハビリ,青森県,五所川原市,"介護,訪問リハビリ,リハビリ",訪問リハビリの公式オープンデータから取り込んだ候補です。詳細は公式情報・電話・見学で確認してください。,https://www.google.com/search?q=%E6%B4%A5%E8%BB%BD%E4%BF%9D%E5%81%A5%E7%94%9F%E6%B4%BB%E5%8D%94%E5%90%8C%E7%B5%84%E5%90%88%E3%80%80%E5%81%A5%E7%94%9F%E4%BA%94%E6%89%80%E5%B7%9D%E5%8E%9F%E8%A8%BA%E7%99%82%E6%89%80%20%E4%BA%94%E6%89%80%E5%B7%9D%E5%8E%9F%E5%B8%82,青森県五所川原市一ツ谷508-7,0173-35-2542,厚生労働省オープンデータ,https://www.mhlw.go.jp/content/12300000/jigyosho_140.csv,2025-12末,https://www.google.com/search?q=%E6%B4%A5%E8%BB%BD%E4%BF%9D%E5%81%A5%E7%94%9F%E6%B4%BB%E5%8D%94%E5%90%8C%E7%B5%84%E5%90%88%E3%80%80%E5%81%A5%E7%94%9F%E4%BA%94%E6%89%80%E5%B7%9D%E5%8E%9F%E8%A8%BA%E7%99%82%E6%89%80%20%E4%BA%94%E6%89%80%E5%B7%9D%E5%8E%9F%E5%B8%82
つがる西北五広域連合かなぎ病院,訪問リハビリ,青森県,五所川原市,"介護,訪問リハビリ,リハビリ",訪問リハビリの公式オープンデータから取り込んだ候補です。詳細は公式情報・電話・見学で確認してください。,https://www.tsgren.jp/kanagi-hospital/,青森県五所川原市金木町菅原１３番１,0173-53-3111,厚生労働省オープンデータ,https://www.mhlw.go.jp/content/12300000/jigyosho_140.csv,2025-12末,https://www.google.com/search?q=%E3%81%A4%E3%81%8C%E3%82%8B%E8%A5%BF%E5%8C%97%E4%BA%94%E5%BA%83%E5%9F%9F%E9%80%A3%E5%90%88%E3%81%8B%E3%81%AA%E3%81%8E%E7%97%85%E9%99%A2%20%E4%BA%94%E6%89%80%E5%B7%9D%E5%8E%9F%E5%B8%82
十和田第一病院,訪問リハビリ,青森県,十和田市,"介護,訪問リハビリ,リハビリ",訪問リハビリの公式オープンデータから取り込んだ候補です。詳細は公式情報・電話・見学で確認してください。,http://www.towadahp.or.jp/,青森県十和田市東三番町10-70十和田第一病院,0176-22-5511,厚生労働省オープンデータ,https://www.mhlw.go.jp/content/12300000/jigyosho_140.csv,2025-12末,https://www.google.com/search?q=%E5%8D%81%E5%92%8C%E7%94%B0%E7%AC%AC%E4%B8%80%E7%97%85%E9%99%A2%20%E5%8D%81%E5%92%8C%E7%94%B0%E5%B8%82
老人保健施設　みのり苑　訪問リハビリテーション,訪問リハビリ,青森県,十和田市,"介護,訪問リハビリ,リハビリ",訪問リハビリの公式オープンデータから取り込んだ候補です。詳細は公式情報・電話・見学で確認してください。,http://www.fukushinosato.com,青森県十和田市大字切田字横道100-22,0176-25-1100,厚生労働省オープンデータ,https://www.mhlw.go.jp/content/12300000/jigyosho_140.csv,2025-12末,https://www.google.com/search?q=%E8%80%81%E4%BA%BA%E4%BF%9D%E5%81%A5%E6%96%BD%E8%A8%AD%E3%80%80%E3%81%BF%E3%81%AE%E3%82%8A%E8%8B%91%E3%80%80%E8%A8%AA%E5%95%8F%E3%83%AA%E3%83%8F%E3%83%93%E3%83%AA%E3%83%86%E3%83%BC%E3%82%B7%E3%83%A7%E3%83%B3%20%E5%8D%81%E5%92%8C%E7%94%B0%E5%B8%82
むつリハビリテーション病院,訪問リハビリ,青森県,むつ市,"介護,訪問リハビリ,リハビリ",訪問リハビリの公式オープンデータから取り込んだ候補です。詳細は公式情報・電話・見学で確認してください。,http://www.rihabiri-mutsu.jp,青森県むつ市桜木町１３番１号,0175-24-1211,厚生労働省オープンデータ,https://www.mhlw.go.jp/content/12300000/jigyosho_140.csv,2025-12末,https://www.google.com/search?q=%E3%82%80%E3%81%A4%E3%83%AA%E3%83%8F%E3%83%93%E3%83%AA%E3%83%86%E3%83%BC%E3%82%B7%E3%83%A7%E3%83%B3%E7%97%85%E9%99%A2%20%E3%82%80%E3%81%A4%E5%B8%82
介護老人保健施設　はまなす苑,訪問リハビリ,青森県,むつ市,"介護,訪問リハビリ,リハビリ",訪問リハビリの公式オープンデータから取り込んだ候補です。詳細は公式情報・電話・見学で確認してください。,https://www.google.com/search?q=%E4%BB%8B%E8%AD%B7%E8%80%81%E4%BA%BA%E4%BF%9D%E5%81%A5%E6%96%BD%E8%A8%AD%E3%80%80%E3%81%AF%E3%81%BE%E3%81%AA%E3%81%99%E8%8B%91%20%E3%82%80%E3%81%A4%E5%B8%82,青森県むつ市大字奥内字金谷沢1-167,0175-26-3333,厚生労働省オープンデータ,https://www.mhlw.go.jp/content/12300000/jigyosho_140.csv,2025-12末,https://www.google.com/search?q=%E4%BB%8B%E8%AD%B7%E8%80%81%E4%BA%BA%E4%BF%9D%E5%81%A5%E6%96%BD%E8%A8%AD%E3%80%80%E3%81%AF%E3%81%BE%E3%81%AA%E3%81%99%E8%8B%91%20%E3%82%80%E3%81%A4%E5%B8%82
みちのく訪問リハビリテーションセンター,訪問リハビリ,青森県,むつ市,"介護,訪問リハビリ,リハビリ",訪問リハビリの公式オープンデータから取り込んだ候補です。詳細は公式情報・電話・見学で確認してください。,http://www.michinokuso.or.jp,青森県むつ市金谷二丁目20番1号みちのく金谷リハビリテーションセンター,0175-23-1170,厚生労働省オープンデータ,https://www.mhlw.go.jp/content/12300000/jigyosho_140.csv,2025-12末,https://www.google.com/search?q=%E3%81%BF%E3%81%A1%E3%81%AE%E3%81%8F%E8%A8%AA%E5%95%8F%E3%83%AA%E3%83%8F%E3%83%93%E3%83%AA%E3%83%86%E3%83%BC%E3%82%B7%E3%83%A7%E3%83%B3%E3%82%BB%E3%83%B3%E3%82%BF%E3%83%BC%20%E3%82%80%E3%81%A4%E5%B8%82
平内町国民健康保険平内中央病院,訪問リハビリ,青森県,平内町,"介護,訪問リハビリ,リハビリ",訪問リハビリの公式オープンデータから取り込んだ候補です。詳細は公式情報・電話・見学で確認してください。,https://www.hiranai-chp.jp/,青森県東津軽郡平内町大字小湊字外ノ沢１－１,017-755-2131,厚生労働省オープンデータ,https://www.mhlw.go.jp/content/12300000/jigyosho_140.csv,2025-12末,https://www.google.com/search?q=%E5%B9%B3%E5%86%85%E7%94%BA%E5%9B%BD%E6%B0%91%E5%81%A5%E5%BA%B7%E4%BF%9D%E9%99%BA%E5%B9%B3%E5%86%85%E4%B8%AD%E5%A4%AE%E7%97%85%E9%99%A2%20%E5%B9%B3%E5%86%85%E7%94%BA
外ヶ浜町介護老人保健施設たんぽぽ,訪問リハビリ,青森県,外ヶ浜町,"介護,訪問リハビリ,リハビリ",訪問リハビリの公式オープンデータから取り込んだ候補です。詳細は公式情報・電話・見学で確認してください。,https://www.town.sotogahama.lg.jp/kurashi/byouin/2025-0318-1117-18.html,青森県東津軽郡外ヶ浜町字下蟹田42-1,0174223070,厚生労働省オープンデータ,https://www.mhlw.go.jp/content/12300000/jigyosho_140.csv,2025-12末,https://www.google.com/search?q=%E5%A4%96%E3%83%B6%E6%B5%9C%E7%94%BA%E4%BB%8B%E8%AD%B7%E8%80%81%E4%BA%BA%E4%BF%9D%E5%81%A5%E6%96%BD%E8%A8%AD%E3%81%9F%E3%82%93%E3%81%BD%E3%81%BD%20%E5%A4%96%E3%83%B6%E6%B5%9C%E7%94%BA
老人保健施設ながだい荘,訪問リハビリ,青森県,鰺ヶ沢町,"介護,訪問リハビリ,リハビリ",訪問リハビリの公式オープンデータから取り込んだ候補です。詳細は公式情報・電話・見学で確認してください。,http://otowakai.or.jp/,青森県西津軽郡鯵ヶ沢町大字長平町字甲音羽山６５-４１２老人保健施設ながだい荘,0173-72-1122,厚生労働省オープンデータ,https://www.mhlw.go.jp/content/12300000/jigyosho_140.csv,2025-12末,https://www.google.com/search?q=%E8%80%81%E4%BA%BA%E4%BF%9D%E5%81%A5%E6%96%BD%E8%A8%AD%E3%81%AA%E3%81%8C%E3%81%A0%E3%81%84%E8%8D%98%20%E9%B0%BA%E3%83%B6%E6%B2%A2%E7%94%BA
ときわ会病院,訪問リハビリ,青森県,藤崎町,"介護,訪問リハビリ,リハビリ",訪問リハビリの公式オープンデータから取り込んだ候補です。詳細は公式情報・電話・見学で確認してください。,tkhp-reha@tokiwakai.or.jp,大字榊字亀田2-1,0172-65-3771,厚生労働省オープンデータ,https://www.mhlw.go.jp/content/12300000/jigyosho_140.csv,2025-12末,https://www.google.com/search?q=%E3%81%A8%E3%81%8D%E3%82%8F%E4%BC%9A%E7%97%85%E9%99%A2%20%E8%97%A4%E5%B4%8E%E7%94%BA
北部上北広域事務組合　公立野辺地病院,訪問リハビリ,青森県,野辺地町,"介護,訪問リハビリ,リハビリ",訪問リハビリの公式オープンデータから取り込んだ候補です。詳細は公式情報・電話・見学で確認してください。,http://hospital-noheji-aomori.jp,青森県上北郡野辺地町字鳴沢9-12,0175-64-3211,厚生労働省オープンデータ,https://www.mhlw.go.jp/content/12300000/jigyosho_140.csv,2025-12末,https://www.google.com/search?q=%E5%8C%97%E9%83%A8%E4%B8%8A%E5%8C%97%E5%BA%83%E5%9F%9F%E4%BA%8B%E5%8B%99%E7%B5%84%E5%90%88%E3%80%80%E5%85%AC%E7%AB%8B%E9%87%8E%E8%BE%BA%E5%9C%B0%E7%97%85%E9%99%A2%20%E9%87%8E%E8%BE%BA%E5%9C%B0%E7%94%BA
介護老人保健施設しもだ,訪問リハビリ,青森県,おいらせ町,"介護,訪問リハビリ,リハビリ",訪問リハビリの公式オープンデータから取り込んだ候補です。詳細は公式情報・電話・見学で確認してください。,https://www.sg-shimoda.org/,青森県上北郡おいらせ町山崎2592-7,0178-56-4888,厚生労働省オープンデータ,https://www.mhlw.go.jp/content/12300000/jigyosho_140.csv,2025-12末,https://www.google.com/search?q=%E4%BB%8B%E8%AD%B7%E8%80%81%E4%BA%BA%E4%BF%9D%E5%81%A5%E6%96%BD%E8%A8%AD%E3%81%97%E3%82%82%E3%81%A0%20%E3%81%8A%E3%81%84%E3%82%89%E3%81%9B%E7%94%BA
東通村介護老人保健施設「のはなしょうぶ」,訪問リハビリ,青森県,東通村,"介護,訪問リハビリ,リハビリ",訪問リハビリの公式オープンデータから取り込んだ候補です。詳細は公式情報・電話・見学で確認してください。,https://higashidori.jadecom.or.jp/,青森県下北郡東通村砂子又字里１７番地２,0175-28-5400,厚生労働省オープンデータ,https://www.mhlw.go.jp/content/12300000/jigyosho_140.csv,2025-12末,https://www.google.com/search?q=%E6%9D%B1%E9%80%9A%E6%9D%91%E4%BB%8B%E8%AD%B7%E8%80%81%E4%BA%BA%E4%BF%9D%E5%81%A5%E6%96%BD%E8%A8%AD%E3%80%8C%E3%81%AE%E3%81%AF%E3%81%AA%E3%81%97%E3%82%87%E3%81%86%E3%81%B6%E3%80%8D%20%E6%9D%B1%E9%80%9A%E6%9D%91
三戸町国民健康保険三戸中央病院,訪問リハビリ,青森県,三戸町,"介護,訪問リハビリ,リハビリ",訪問リハビリの公式オープンデータから取り込んだ候補です。詳細は公式情報・電話・見学で確認してください。,https://hospital.town.sannohe.aomori.jp/,青森県三戸郡三戸町大字川守田字沖中9番地1,0179-20-1131,厚生労働省オープンデータ,https://www.mhlw.go.jp/content/12300000/jigyosho_140.csv,2025-12末,https://www.google.com/search?q=%E4%B8%89%E6%88%B8%E7%94%BA%E5%9B%BD%E6%B0%91%E5%81%A5%E5%BA%B7%E4%BF%9D%E9%99%BA%E4%B8%89%E6%88%B8%E4%B8%AD%E5%A4%AE%E7%97%85%E9%99%A2%20%E4%B8%89%E6%88%B8%E7%94%BA
医療法人孝信会　福原胃腸科外科医院,訪問リハビリ,青森県,田子町,"介護,訪問リハビリ,リハビリ",訪問リハビリの公式オープンデータから取り込んだ候補です。詳細は公式情報・電話・見学で確認してください。,https://www.google.com/search?q=%E5%8C%BB%E7%99%82%E6%B3%95%E4%BA%BA%E5%AD%9D%E4%BF%A1%E4%BC%9A%E3%80%80%E7%A6%8F%E5%8E%9F%E8%83%83%E8%85%B8%E7%A7%91%E5%A4%96%E7%A7%91%E5%8C%BB%E9%99%A2%20%E7%94%B0%E5%AD%90%E7%94%BA,青森県三戸郡田子町大字田子字上野ノ下タ９８－７,0179-32-2338,厚生労働省オープンデータ,https://www.mhlw.go.jp/content/12300000/jigyosho_140.csv,2025-12末,https://www.google.com/search?q=%E5%8C%BB%E7%99%82%E6%B3%95%E4%BA%BA%E5%AD%9D%E4%BF%A1%E4%BC%9A%E3%80%80%E7%A6%8F%E5%8E%9F%E8%83%83%E8%85%B8%E7%A7%91%E5%A4%96%E7%A7%91%E5%8C%BB%E9%99%A2%20%E7%94%B0%E5%AD%90%E7%94%BA
デイサービス虹のひろば,デイサービス,青森県,青森市,"介護,デイサービス",日中に通って食事・入浴・機能訓練・見守りなどを受けるサービスです。,https://nijiweb.net/,東大野２丁目３－１３,017-762-3008,厚生労働省オープンデータ,https://www.mhlw.go.jp/content/12300000/jigyosho_150.csv,2025-12末,https://www.google.com/search?q=%E3%83%87%E3%82%A4%E3%82%B5%E3%83%BC%E3%83%93%E3%82%B9%E8%99%B9%E3%81%AE%E3%81%B2%E3%82%8D%E3%81%B0%20%E9%9D%92%E6%A3%AE%E5%B8%82
デイサービスセンタ―やながわ,デイサービス,青森県,青森市,"介護,デイサービス",日中に通って食事・入浴・機能訓練・見守りなどを受けるサービスです。,https://www.google.com/search?q=%E3%83%87%E3%82%A4%E3%82%B5%E3%83%BC%E3%83%93%E3%82%B9%E3%82%BB%E3%83%B3%E3%82%BF%E2%80%95%E3%82%84%E3%81%AA%E3%81%8C%E3%82%8F%20%E9%9D%92%E6%A3%AE%E5%B8%82,青森県青森市柳川二丁目4番14号,017-752-9585,厚生労働省オープンデータ,https://www.mhlw.go.jp/content/12300000/jigyosho_150.csv,2025-12末,https://www.google.com/search?q=%E3%83%87%E3%82%A4%E3%82%B5%E3%83%BC%E3%83%93%E3%82%B9%E3%82%BB%E3%83%B3%E3%82%BF%E2%80%95%E3%82%84%E3%81%AA%E3%81%8C%E3%82%8F%20%E9%9D%92%E6%A3%AE%E5%B8%82
通所介護事業所　屋形船,デイサービス,青森県,青森市,"介護,デイサービス",日中に通って食事・入浴・機能訓練・見守りなどを受けるサービスです。,www.kaienkai.com,青森県青森市西大野5丁目24番地4,017-757-8847,厚生労働省オープンデータ,https://www.mhlw.go.jp/content/12300000/jigyosho_150.csv,2025-12末,https://www.google.com/search?q=%E9%80%9A%E6%89%80%E4%BB%8B%E8%AD%B7%E4%BA%8B%E6%A5%AD%E6%89%80%E3%80%80%E5%B1%8B%E5%BD%A2%E8%88%B9%20%E9%9D%92%E6%A3%AE%E5%B8%82
リハビリ特化型短時間デイサービススマイル新城,デイサービス,青森県,青森市,"介護,デイサービス",日中に通って食事・入浴・機能訓練・見守りなどを受けるサービスです。,https://smilegroup.info/dayservice_about,青森県青森市大字新城平岡258-565,017-751-2006,厚生労働省オープンデータ,https://www.mhlw.go.jp/content/12300000/jigyosho_150.csv,2025-12末,https://www.google.com/search?q=%E3%83%AA%E3%83%8F%E3%83%93%E3%83%AA%E7%89%B9%E5%8C%96%E5%9E%8B%E7%9F%AD%E6%99%82%E9%96%93%E3%83%87%E3%82%A4%E3%82%B5%E3%83%BC%E3%83%93%E3%82%B9%E3%82%B9%E3%83%9E%E3%82%A4%E3%83%AB%E6%96%B0%E5%9F%8E%20%E9%9D%92%E6%A3%AE%E5%B8%82
ワイズ・パーク青森西店,デイサービス,青森県,青森市,"介護,デイサービス",日中に通って食事・入浴・機能訓練・見守りなどを受けるサービスです。,https://ak-company.jp/,青森県青森市浪館前田１丁目12-28山口ビル1F,017-718-1545,厚生労働省オープンデータ,https://www.mhlw.go.jp/content/12300000/jigyosho_150.csv,2025-12末,https://www.google.com/search?q=%E3%83%AF%E3%82%A4%E3%82%BA%E3%83%BB%E3%83%91%E3%83%BC%E3%82%AF%E9%9D%92%E6%A3%AE%E8%A5%BF%E5%BA%97%20%E9%9D%92%E6%A3%AE%E5%B8%82
ヴィアスデイサービスセンター,デイサービス,青森県,青森市,"介護,デイサービス",日中に通って食事・入浴・機能訓練・見守りなどを受けるサービスです。,https://www.google.com/search?q=%E3%83%B4%E3%82%A3%E3%82%A2%E3%82%B9%E3%83%87%E3%82%A4%E3%82%B5%E3%83%BC%E3%83%93%E3%82%B9%E3%82%BB%E3%83%B3%E3%82%BF%E3%83%BC%20%E9%9D%92%E6%A3%AE%E5%B8%82,青森県青森市西大野1丁目3-7,017-762-7832,厚生労働省オープンデータ,https://www.mhlw.go.jp/content/12300000/jigyosho_150.csv,2025-12末,https://www.google.com/search?q=%E3%83%B4%E3%82%A3%E3%82%A2%E3%82%B9%E3%83%87%E3%82%A4%E3%82%B5%E3%83%BC%E3%83%93%E3%82%B9%E3%82%BB%E3%83%B3%E3%82%BF%E3%83%BC%20%E9%9D%92%E6%A3%AE%E5%B8%82
デイサービスきたえる～む青森三内,デイサービス,青森県,青森市,"介護,デイサービス",日中に通って食事・入浴・機能訓練・見守りなどを受けるサービスです。,https://kitaeroom.com/shop/post-143.shtml,青森市大字三内字稲元90-7きたえる～む青森三内,017-718-7836,厚生労働省オープンデータ,https://www.mhlw.go.jp/content/12300000/jigyosho_150.csv,2025-12末,https://www.google.com/search?q=%E3%83%87%E3%82%A4%E3%82%B5%E3%83%BC%E3%83%93%E3%82%B9%E3%81%8D%E3%81%9F%E3%81%88%E3%82%8B%EF%BD%9E%E3%82%80%E9%9D%92%E6%A3%AE%E4%B8%89%E5%86%85%20%E9%9D%92%E6%A3%AE%E5%B8%82
デイサービスセンターふれあい,デイサービス,青森県,青森市,"介護,デイサービス",日中に通って食事・入浴・機能訓練・見守りなどを受けるサービスです。,http://www.meikeikai.or.jp,青森県青森市小柳一丁目１７番１８号,017-765-1533,厚生労働省オープンデータ,https://www.mhlw.go.jp/content/12300000/jigyosho_150.csv,2025-12末,https://www.google.com/search?q=%E3%83%87%E3%82%A4%E3%82%B5%E3%83%BC%E3%83%93%E3%82%B9%E3%82%BB%E3%83%B3%E3%82%BF%E3%83%BC%E3%81%B5%E3%82%8C%E3%81%82%E3%81%84%20%E9%9D%92%E6%A3%AE%E5%B8%82
デイサービスセンター鶴ヶ丘,デイサービス,青森県,青森市,"介護,デイサービス",日中に通って食事・入浴・機能訓練・見守りなどを受けるサービスです。,http://www.keizinkai-ao.jp/day/,青森県青森市大字新城字平岡746番地,017-788-5897,厚生労働省オープンデータ,https://www.mhlw.go.jp/content/12300000/jigyosho_150.csv,2025-12末,https://www.google.com/search?q=%E3%83%87%E3%82%A4%E3%82%B5%E3%83%BC%E3%83%93%E3%82%B9%E3%82%BB%E3%83%B3%E3%82%BF%E3%83%BC%E9%B6%B4%E3%83%B6%E4%B8%98%20%E9%9D%92%E6%A3%AE%E5%B8%82
デイサービスセンター　寿永,デイサービス,青森県,青森市,"介護,デイサービス",日中に通って食事・入浴・機能訓練・見守りなどを受けるサービスです。,https://heigenkai.jp,青森市大字高田字川瀬１８６－１,017-762-4841,厚生労働省オープンデータ,https://www.mhlw.go.jp/content/12300000/jigyosho_150.csv,2025-12末,https://www.google.com/search?q=%E3%83%87%E3%82%A4%E3%82%B5%E3%83%BC%E3%83%93%E3%82%B9%E3%82%BB%E3%83%B3%E3%82%BF%E3%83%BC%E3%80%80%E5%AF%BF%E6%B0%B8%20%E9%9D%92%E6%A3%AE%E5%B8%82
ニチイケアセンター青森,デイサービス,青森県,青森市,"介護,デイサービス",日中に通って食事・入浴・機能訓練・見守りなどを受けるサービスです。,https://www.google.com/search?q=%E3%83%8B%E3%83%81%E3%82%A4%E3%82%B1%E3%82%A2%E3%82%BB%E3%83%B3%E3%82%BF%E3%83%BC%E9%9D%92%E6%A3%AE%20%E9%9D%92%E6%A3%AE%E5%B8%82,青森県青森市西滝3丁目1-15,017-761-6560,厚生労働省オープンデータ,https://www.mhlw.go.jp/content/12300000/jigyosho_150.csv,2025-12末,https://www.google.com/search?q=%E3%83%8B%E3%83%81%E3%82%A4%E3%82%B1%E3%82%A2%E3%82%BB%E3%83%B3%E3%82%BF%E3%83%BC%E9%9D%92%E6%A3%AE%20%E9%9D%92%E6%A3%AE%E5%B8%82
デイサービスセンターきさらぎ,デイサービス,青森県,青森市,"介護,デイサービス",日中に通って食事・入浴・機能訓練・見守りなどを受けるサービスです。,http://www.megumikai.net,青森県青森市大字安田字稲森１７７－７,017-782-8633,厚生労働省オープンデータ,https://www.mhlw.go.jp/content/12300000/jigyosho_150.csv,2025-12末,https://www.google.com/search?q=%E3%83%87%E3%82%A4%E3%82%B5%E3%83%BC%E3%83%93%E3%82%B9%E3%82%BB%E3%83%B3%E3%82%BF%E3%83%BC%E3%81%8D%E3%81%95%E3%82%89%E3%81%8E%20%E9%9D%92%E6%A3%AE%E5%B8%82
デイサービスセンターはづき,デイサービス,青森県,青森市,"介護,デイサービス",日中に通って食事・入浴・機能訓練・見守りなどを受けるサービスです。,http://www.megumikai.net/hazuki/,青森県青森市大字荒川字藤戸224,017-729-4211,厚生労働省オープンデータ,https://www.mhlw.go.jp/content/12300000/jigyosho_150.csv,2025-12末,https://www.google.com/search?q=%E3%83%87%E3%82%A4%E3%82%B5%E3%83%BC%E3%83%93%E3%82%B9%E3%82%BB%E3%83%B3%E3%82%BF%E3%83%BC%E3%81%AF%E3%81%A5%E3%81%8D%20%E9%9D%92%E6%A3%AE%E5%B8%82
デイサービスセンターやすかた,デイサービス,青森県,青森市,"介護,デイサービス",日中に通って食事・入浴・機能訓練・見守りなどを受けるサービスです。,http://www.aomori-h-coop.com,青森県青森市安方1丁目11番6号ヘルスサポートやすかた（旧安方クリニック）　3階,017-732-3915,厚生労働省オープンデータ,https://www.mhlw.go.jp/content/12300000/jigyosho_150.csv,2025-12末,https://www.google.com/search?q=%E3%83%87%E3%82%A4%E3%82%B5%E3%83%BC%E3%83%93%E3%82%B9%E3%82%BB%E3%83%B3%E3%82%BF%E3%83%BC%E3%82%84%E3%81%99%E3%81%8B%E3%81%9F%20%E9%9D%92%E6%A3%AE%E5%B8%82
デイサービスセンターせんじゅ園,デイサービス,青森県,青森市,"介護,デイサービス",日中に通って食事・入浴・機能訓練・見守りなどを受けるサービスです。,http://care-net.biz/02/senjyu/,青森県青森市大字新城字福田７９－２,017-787-2411,厚生労働省オープンデータ,https://www.mhlw.go.jp/content/12300000/jigyosho_150.csv,2025-12末,https://www.google.com/search?q=%E3%83%87%E3%82%A4%E3%82%B5%E3%83%BC%E3%83%93%E3%82%B9%E3%82%BB%E3%83%B3%E3%82%BF%E3%83%BC%E3%81%9B%E3%82%93%E3%81%98%E3%82%85%E5%9C%92%20%E9%9D%92%E6%A3%AE%E5%B8%82
デイサービスセンター和幸,デイサービス,青森県,青森市,"介護,デイサービス",日中に通って食事・入浴・機能訓練・見守りなどを受けるサービスです。,http://www.wakouen.or.jp,青森県青森市大字矢田字下野尻48-3,017-737-3358,厚生労働省オープンデータ,https://www.mhlw.go.jp/content/12300000/jigyosho_150.csv,2025-12末,https://www.google.com/search?q=%E3%83%87%E3%82%A4%E3%82%B5%E3%83%BC%E3%83%93%E3%82%B9%E3%82%BB%E3%83%B3%E3%82%BF%E3%83%BC%E5%92%8C%E5%B9%B8%20%E9%9D%92%E6%A3%AE%E5%B8%82
デイサービスセンター　あかしや,デイサービス,青森県,青森市,"介護,デイサービス",日中に通って食事・入浴・機能訓練・見守りなどを受けるサービスです。,https://heigenkai.jp/,青森市緑1丁目19-10,017-718-3898,厚生労働省オープンデータ,https://www.mhlw.go.jp/content/12300000/jigyosho_150.csv,2025-12末,https://www.google.com/search?q=%E3%83%87%E3%82%A4%E3%82%B5%E3%83%BC%E3%83%93%E3%82%B9%E3%82%BB%E3%83%B3%E3%82%BF%E3%83%BC%E3%80%80%E3%81%82%E3%81%8B%E3%81%97%E3%82%84%20%E9%9D%92%E6%A3%AE%E5%B8%82
デイサービスセンターおきだて,デイサービス,青森県,青森市,"介護,デイサービス",日中に通って食事・入浴・機能訓練・見守りなどを受けるサービスです。,https://www.google.com/search?q=%E3%83%87%E3%82%A4%E3%82%B5%E3%83%BC%E3%83%93%E3%82%B9%E3%82%BB%E3%83%B3%E3%82%BF%E3%83%BC%E3%81%8A%E3%81%8D%E3%81%A0%E3%81%A6%20%E9%9D%92%E6%A3%AE%E5%B8%82,青森県青森市富田５丁目１９番４５号,017-761-4567,厚生労働省オープンデータ,https://www.mhlw.go.jp/content/12300000/jigyosho_150.csv,2025-12末,https://www.google.com/search?q=%E3%83%87%E3%82%A4%E3%82%B5%E3%83%BC%E3%83%93%E3%82%B9%E3%82%BB%E3%83%B3%E3%82%BF%E3%83%BC%E3%81%8A%E3%81%8D%E3%81%A0%E3%81%A6%20%E9%9D%92%E6%A3%AE%E5%B8%82
デイサービスセンター外ヶ浜,デイサービス,青森県,青森市,"介護,デイサービス",日中に通って食事・入浴・機能訓練・見守りなどを受けるサービスです。,www.seiyu-kai.lp,青森県青森市大字奥内字宮田568-2,017-754-4060,厚生労働省オープンデータ,https://www.mhlw.go.jp/content/12300000/jigyosho_150.csv,2025-12末,https://www.google.com/search?q=%E3%83%87%E3%82%A4%E3%82%B5%E3%83%BC%E3%83%93%E3%82%B9%E3%82%BB%E3%83%B3%E3%82%BF%E3%83%BC%E5%A4%96%E3%83%B6%E6%B5%9C%20%E9%9D%92%E6%A3%AE%E5%B8%82
デイサービスセンター　里見ヶ丘ホーム,デイサービス,青森県,青森市,"介護,デイサービス",日中に通って食事・入浴・機能訓練・見守りなどを受けるサービスです。,http://www.satomigaoka.com/,青森市幸畑五丁目８番３８号,017-728-6877,厚生労働省オープンデータ,https://www.mhlw.go.jp/content/12300000/jigyosho_150.csv,2025-12末,https://www.google.com/search?q=%E3%83%87%E3%82%A4%E3%82%B5%E3%83%BC%E3%83%93%E3%82%B9%E3%82%BB%E3%83%B3%E3%82%BF%E3%83%BC%E3%80%80%E9%87%8C%E8%A6%8B%E3%83%B6%E4%B8%98%E3%83%9B%E3%83%BC%E3%83%A0%20%E9%9D%92%E6%A3%AE%E5%B8%82
デイサービスセンター　ポピー,デイサービス,青森県,青森市,"介護,デイサービス",日中に通って食事・入浴・機能訓練・見守りなどを受けるサービスです。,http://heigenkai.jp/,青森県青森市大野片岡12-16,017-718-0404,厚生労働省オープンデータ,https://www.mhlw.go.jp/content/12300000/jigyosho_150.csv,2025-12末,https://www.google.com/search?q=%E3%83%87%E3%82%A4%E3%82%B5%E3%83%BC%E3%83%93%E3%82%B9%E3%82%BB%E3%83%B3%E3%82%BF%E3%83%BC%E3%80%80%E3%83%9D%E3%83%94%E3%83%BC%20%E9%9D%92%E6%A3%AE%E5%B8%82
ツクイ青森浜館,デイサービス,青森県,青森市,"介護,デイサービス",日中に通って食事・入浴・機能訓練・見守りなどを受けるサービスです。,http://www.tsukui.net/,青森市浜館2丁目13-7,017-765-3880,厚生労働省オープンデータ,https://www.mhlw.go.jp/content/12300000/jigyosho_150.csv,2025-12末,https://www.google.com/search?q=%E3%83%84%E3%82%AF%E3%82%A4%E9%9D%92%E6%A3%AE%E6%B5%9C%E9%A4%A8%20%E9%9D%92%E6%A3%AE%E5%B8%82
デイサービスこころ,デイサービス,青森県,青森市,"介護,デイサービス",日中に通って食事・入浴・機能訓練・見守りなどを受けるサービスです。,http://www.heartcare-service.com/index.html,青森県青森市中央１丁目２７番地５号,017-735-1502,厚生労働省オープンデータ,https://www.mhlw.go.jp/content/12300000/jigyosho_150.csv,2025-12末,https://www.google.com/search?q=%E3%83%87%E3%82%A4%E3%82%B5%E3%83%BC%E3%83%93%E3%82%B9%E3%81%93%E3%81%93%E3%82%8D%20%E9%9D%92%E6%A3%AE%E5%B8%82
リハビリ特化型短時間デイサービススマイル問屋町,デイサービス,青森県,青森市,"介護,デイサービス",日中に通って食事・入浴・機能訓練・見守りなどを受けるサービスです。,http://osahima.web.fc2.com/smile_day/index.html,青森県青森市問屋町２丁目14-6,017-762-7171,厚生労働省オープンデータ,https://www.mhlw.go.jp/content/12300000/jigyosho_150.csv,2025-12末,https://www.google.com/search?q=%E3%83%AA%E3%83%8F%E3%83%93%E3%83%AA%E7%89%B9%E5%8C%96%E5%9E%8B%E7%9F%AD%E6%99%82%E9%96%93%E3%83%87%E3%82%A4%E3%82%B5%E3%83%BC%E3%83%93%E3%82%B9%E3%82%B9%E3%83%9E%E3%82%A4%E3%83%AB%E5%95%8F%E5%B1%8B%E7%94%BA%20%E9%9D%92%E6%A3%AE%E5%B8%82
桃源,デイサービス,青森県,青森市,"介護,デイサービス",日中に通って食事・入浴・機能訓練・見守りなどを受けるサービスです。,https://www.tougen-touka.net/index.html,青森県青森市造道三丁目14番18号,017-752-1950,厚生労働省オープンデータ,https://www.mhlw.go.jp/content/12300000/jigyosho_150.csv,2025-12末,https://www.google.com/search?q=%E6%A1%83%E6%BA%90%20%E9%9D%92%E6%A3%AE%E5%B8%82
リハビリ特化型短時間デイサービススマイル青柳,デイサービス,青森県,青森市,"介護,デイサービス",日中に通って食事・入浴・機能訓練・見守りなどを受けるサービスです。,https://smilegroup.info,青森県青森市青柳1-16-4,017-735-7878,厚生労働省オープンデータ,https://www.mhlw.go.jp/content/12300000/jigyosho_150.csv,2025-12末,https://www.google.com/search?q=%E3%83%AA%E3%83%8F%E3%83%93%E3%83%AA%E7%89%B9%E5%8C%96%E5%9E%8B%E7%9F%AD%E6%99%82%E9%96%93%E3%83%87%E3%82%A4%E3%82%B5%E3%83%BC%E3%83%93%E3%82%B9%E3%82%B9%E3%83%9E%E3%82%A4%E3%83%AB%E9%9D%92%E6%9F%B3%20%E9%9D%92%E6%A3%AE%E5%B8%82
社会福祉法人　緑鴎会　かもめデイサービスセンター,デイサービス,青森県,青森市,"介護,デイサービス",日中に通って食事・入浴・機能訓練・見守りなどを受けるサービスです。,kamome2012@crux.ocn.ne.jp,青森市大字油川字大浜147-1,017-763-1151,厚生労働省オープンデータ,https://www.mhlw.go.jp/content/12300000/jigyosho_150.csv,2025-12末,https://www.google.com/search?q=%E7%A4%BE%E4%BC%9A%E7%A6%8F%E7%A5%89%E6%B3%95%E4%BA%BA%E3%80%80%E7%B7%91%E9%B4%8E%E4%BC%9A%E3%80%80%E3%81%8B%E3%82%82%E3%82%81%E3%83%87%E3%82%A4%E3%82%B5%E3%83%BC%E3%83%93%E3%82%B9%E3%82%BB%E3%83%B3%E3%82%BF%E3%83%BC%20%E9%9D%92%E6%A3%AE%E5%B8%82
デイサービスセンター　陽だまりの里,デイサービス,青森県,青森市,"介護,デイサービス",日中に通って食事・入浴・機能訓練・見守りなどを受けるサービスです。,http://hidamari-no-sato.com,千刈1-20-15,017-766-7882,厚生労働省オープンデータ,https://www.mhlw.go.jp/content/12300000/jigyosho_150.csv,2025-12末,https://www.google.com/search?q=%E3%83%87%E3%82%A4%E3%82%B5%E3%83%BC%E3%83%93%E3%82%B9%E3%82%BB%E3%83%B3%E3%82%BF%E3%83%BC%E3%80%80%E9%99%BD%E3%81%A0%E3%81%BE%E3%82%8A%E3%81%AE%E9%87%8C%20%E9%9D%92%E6%A3%AE%E5%B8%82
アースサポート新青森,デイサービス,青森県,青森市,"介護,デイサービス",日中に通って食事・入浴・機能訓練・見守りなどを受けるサービスです。,http://www.earthsupport.co.jp,青森県青森市大字三内字沢部258番13号,017-766-8411,厚生労働省オープンデータ,https://www.mhlw.go.jp/content/12300000/jigyosho_150.csv,2025-12末,https://www.google.com/search?q=%E3%82%A2%E3%83%BC%E3%82%B9%E3%82%B5%E3%83%9D%E3%83%BC%E3%83%88%E6%96%B0%E9%9D%92%E6%A3%AE%20%E9%9D%92%E6%A3%AE%E5%B8%82
ツクイ青森金沢,デイサービス,青森県,青森市,"介護,デイサービス",日中に通って食事・入浴・機能訓練・見守りなどを受けるサービスです。,http://www.tsukui.net,青森県青森市金沢三丁目１２－２７,017-721-5808,厚生労働省オープンデータ,https://www.mhlw.go.jp/content/12300000/jigyosho_150.csv,2025-12末,https://www.google.com/search?q=%E3%83%84%E3%82%AF%E3%82%A4%E9%9D%92%E6%A3%AE%E9%87%91%E6%B2%A2%20%E9%9D%92%E6%A3%AE%E5%B8%82
朝光苑デイサービスセンターはなおもい,デイサービス,青森県,青森市,"介護,デイサービス",日中に通って食事・入浴・機能訓練・見守りなどを受けるサービスです。,https://www.google.com/search?q=%E6%9C%9D%E5%85%89%E8%8B%91%E3%83%87%E3%82%A4%E3%82%B5%E3%83%BC%E3%83%93%E3%82%B9%E3%82%BB%E3%83%B3%E3%82%BF%E3%83%BC%E3%81%AF%E3%81%AA%E3%81%8A%E3%82%82%E3%81%84%20%E9%9D%92%E6%A3%AE%E5%B8%82,青森県青森市大字横内字亀井２４６番地１,017-738-8701,厚生労働省オープンデータ,https://www.mhlw.go.jp/content/12300000/jigyosho_150.csv,2025-12末,https://www.google.com/search?q=%E6%9C%9D%E5%85%89%E8%8B%91%E3%83%87%E3%82%A4%E3%82%B5%E3%83%BC%E3%83%93%E3%82%B9%E3%82%BB%E3%83%B3%E3%82%BF%E3%83%BC%E3%81%AF%E3%81%AA%E3%81%8A%E3%82%82%E3%81%84%20%E9%9D%92%E6%A3%AE%E5%B8%82
いきいきクラブ勝田,デイサービス,青森県,青森市,"介護,デイサービス",日中に通って食事・入浴・機能訓練・見守りなどを受けるサービスです。,https://iki-iki.co.jp/,青森市勝田１丁目２０‐１ハッピータウン２F,017-763-5685,厚生労働省オープンデータ,https://www.mhlw.go.jp/content/12300000/jigyosho_150.csv,2025-12末,https://www.google.com/search?q=%E3%81%84%E3%81%8D%E3%81%84%E3%81%8D%E3%82%AF%E3%83%A9%E3%83%96%E5%8B%9D%E7%94%B0%20%E9%9D%92%E6%A3%AE%E5%B8%82
ワイズ・パーク青森センター店,デイサービス,青森県,青森市,"介護,デイサービス",日中に通って食事・入浴・機能訓練・見守りなどを受けるサービスです。,https://ak-company.jp/,青森県青森市妙見２丁目1-14,017-752-0778,厚生労働省オープンデータ,https://www.mhlw.go.jp/content/12300000/jigyosho_150.csv,2025-12末,https://www.google.com/search?q=%E3%83%AF%E3%82%A4%E3%82%BA%E3%83%BB%E3%83%91%E3%83%BC%E3%82%AF%E9%9D%92%E6%A3%AE%E3%82%BB%E3%83%B3%E3%82%BF%E3%83%BC%E5%BA%97%20%E9%9D%92%E6%A3%AE%E5%B8%82
デイサービスきたえる～む青森松原,デイサービス,青森県,青森市,"介護,デイサービス",日中に通って食事・入浴・機能訓練・見守りなどを受けるサービスです。,https://www.google.com/search?q=%E3%83%87%E3%82%A4%E3%82%B5%E3%83%BC%E3%83%93%E3%82%B9%E3%81%8D%E3%81%9F%E3%81%88%E3%82%8B%EF%BD%9E%E3%82%80%E9%9D%92%E6%A3%AE%E6%9D%BE%E5%8E%9F%20%E9%9D%92%E6%A3%AE%E5%B8%82,青森県青森市松原2丁目11-13１F,017-757-8531,厚生労働省オープンデータ,https://www.mhlw.go.jp/content/12300000/jigyosho_150.csv,2025-12末,https://www.google.com/search?q=%E3%83%87%E3%82%A4%E3%82%B5%E3%83%BC%E3%83%93%E3%82%B9%E3%81%8D%E3%81%9F%E3%81%88%E3%82%8B%EF%BD%9E%E3%82%80%E9%9D%92%E6%A3%AE%E6%9D%BE%E5%8E%9F%20%E9%9D%92%E6%A3%AE%E5%B8%82
アースサポート青森,デイサービス,青森県,青森市,"介護,デイサービス",日中に通って食事・入浴・機能訓練・見守りなどを受けるサービスです。,http://www.earthsupport.co.jp,青森県青森市松森1丁目10番地1号,017-742-4900,厚生労働省オープンデータ,https://www.mhlw.go.jp/content/12300000/jigyosho_150.csv,2025-12末,https://www.google.com/search?q=%E3%82%A2%E3%83%BC%E3%82%B9%E3%82%B5%E3%83%9D%E3%83%BC%E3%83%88%E9%9D%92%E6%A3%AE%20%E9%9D%92%E6%A3%AE%E5%B8%82
社会福祉法人　青森市社会福祉協議会青森市中央,デイサービス,青森県,青森市,"介護,デイサービス",日中に通って食事・入浴・機能訓練・見守りなどを受けるサービスです。,http://www.aomoricity-shakyo.or.jp/,青森県青森市本町四丁目1番3号,017-774-2683,厚生労働省オープンデータ,https://www.mhlw.go.jp/content/12300000/jigyosho_150.csv,2025-12末,https://www.google.com/search?q=%E7%A4%BE%E4%BC%9A%E7%A6%8F%E7%A5%89%E6%B3%95%E4%BA%BA%E3%80%80%E9%9D%92%E6%A3%AE%E5%B8%82%E7%A4%BE%E4%BC%9A%E7%A6%8F%E7%A5%89%E5%8D%94%E8%AD%B0%E4%BC%9A%E9%9D%92%E6%A3%AE%E5%B8%82%E4%B8%AD%E5%A4%AE%20%E9%9D%92%E6%A3%AE%E5%B8%82
社会福祉法人　青森市社会福祉協議会　青森市中央浪岡支部,デイサービス,青森県,青森市,"介護,デイサービス",日中に通って食事・入浴・機能訓練・見守りなどを受けるサービスです。,https://www.aomoricity-shakyo.or.jp/,青森県青森市浪岡大字浪岡字稲村274番地,0172-69-1118,厚生労働省オープンデータ,https://www.mhlw.go.jp/content/12300000/jigyosho_150.csv,2025-12末,https://www.google.com/search?q=%E7%A4%BE%E4%BC%9A%E7%A6%8F%E7%A5%89%E6%B3%95%E4%BA%BA%E3%80%80%E9%9D%92%E6%A3%AE%E5%B8%82%E7%A4%BE%E4%BC%9A%E7%A6%8F%E7%A5%89%E5%8D%94%E8%AD%B0%E4%BC%9A%E3%80%80%E9%9D%92%E6%A3%AE%E5%B8%82%E4%B8%AD%E5%A4%AE%E6%B5%AA%E5%B2%A1%E6%94%AF%E9%83%A8%20%E9%9D%92%E6%A3%AE%E5%B8%82
デイサービスセンター雅de華美,デイサービス,青森県,青森市,"介護,デイサービス",日中に通って食事・入浴・機能訓練・見守りなどを受けるサービスです。,https://www.google.com/search?q=%E3%83%87%E3%82%A4%E3%82%B5%E3%83%BC%E3%83%93%E3%82%B9%E3%82%BB%E3%83%B3%E3%82%BF%E3%83%BC%E9%9B%85de%E8%8F%AF%E7%BE%8E%20%E9%9D%92%E6%A3%AE%E5%B8%82,青森県青森市大字原別字下海原３５番地１,017-762-7616,厚生労働省オープンデータ,https://www.mhlw.go.jp/content/12300000/jigyosho_150.csv,2025-12末,https://www.google.com/search?q=%E3%83%87%E3%82%A4%E3%82%B5%E3%83%BC%E3%83%93%E3%82%B9%E3%82%BB%E3%83%B3%E3%82%BF%E3%83%BC%E9%9B%85de%E8%8F%AF%E7%BE%8E%20%E9%9D%92%E6%A3%AE%E5%B8%82
デイサービスセンターみなみ,デイサービス,青森県,青森市,"介護,デイサービス",日中に通って食事・入浴・機能訓練・見守りなどを受けるサービスです。,https://www.google.com/search?q=%E3%83%87%E3%82%A4%E3%82%B5%E3%83%BC%E3%83%93%E3%82%B9%E3%82%BB%E3%83%B3%E3%82%BF%E3%83%BC%E3%81%BF%E3%81%AA%E3%81%BF%20%E9%9D%92%E6%A3%AE%E5%B8%82,岡造道一丁目17番8号,017-741-1611,厚生労働省オープンデータ,https://www.mhlw.go.jp/content/12300000/jigyosho_150.csv,2025-12末,https://www.google.com/search?q=%E3%83%87%E3%82%A4%E3%82%B5%E3%83%BC%E3%83%93%E3%82%B9%E3%82%BB%E3%83%B3%E3%82%BF%E3%83%BC%E3%81%BF%E3%81%AA%E3%81%BF%20%E9%9D%92%E6%A3%AE%E5%B8%82
デイサービス中部,デイサービス,青森県,青森市,"介護,デイサービス",日中に通って食事・入浴・機能訓練・見守りなどを受けるサービスです。,https://www.google.com/search?q=%E3%83%87%E3%82%A4%E3%82%B5%E3%83%BC%E3%83%93%E3%82%B9%E4%B8%AD%E9%83%A8%20%E9%9D%92%E6%A3%AE%E5%B8%82,青森県青森市中央3丁目10番2号中部クリニック　2階,017-722-6526,厚生労働省オープンデータ,https://www.mhlw.go.jp/content/12300000/jigyosho_150.csv,2025-12末,https://www.google.com/search?q=%E3%83%87%E3%82%A4%E3%82%B5%E3%83%BC%E3%83%93%E3%82%B9%E4%B8%AD%E9%83%A8%20%E9%9D%92%E6%A3%AE%E5%B8%82
在宅老人デイサービスセンター悠悠,デイサービス,青森県,青森市,"介護,デイサービス",日中に通って食事・入浴・機能訓練・見守りなどを受けるサービスです。,http://care-net.biz/02/yuyusou/,青森県青森市浪岡大字樽沢字村元３３０番地７,0172-62-8101,厚生労働省オープンデータ,https://www.mhlw.go.jp/content/12300000/jigyosho_150.csv,2025-12末,https://www.google.com/search?q=%E5%9C%A8%E5%AE%85%E8%80%81%E4%BA%BA%E3%83%87%E3%82%A4%E3%82%B5%E3%83%BC%E3%83%93%E3%82%B9%E3%82%BB%E3%83%B3%E3%82%BF%E3%83%BC%E6%82%A0%E6%82%A0%20%E9%9D%92%E6%A3%AE%E5%B8%82
ツクイ青森石江,デイサービス,青森県,青森市,"介護,デイサービス",日中に通って食事・入浴・機能訓練・見守りなどを受けるサービスです。,http:/www.tsukui.net,大字石江４丁目９番地９,017-763-3744,厚生労働省オープンデータ,https://www.mhlw.go.jp/content/12300000/jigyosho_150.csv,2025-12末,https://www.google.com/search?q=%E3%83%84%E3%82%AF%E3%82%A4%E9%9D%92%E6%A3%AE%E7%9F%B3%E6%B1%9F%20%E9%9D%92%E6%A3%AE%E5%B8%82
デイサービスセンターきずなランド,デイサービス,青森県,青森市,"介護,デイサービス",日中に通って食事・入浴・機能訓練・見守りなどを受けるサービスです。,https://www.supportcareland.com/,青森県青森市大野字若宮５７,017-764-0188,厚生労働省オープンデータ,https://www.mhlw.go.jp/content/12300000/jigyosho_150.csv,2025-12末,https://www.google.com/search?q=%E3%83%87%E3%82%A4%E3%82%B5%E3%83%BC%E3%83%93%E3%82%B9%E3%82%BB%E3%83%B3%E3%82%BF%E3%83%BC%E3%81%8D%E3%81%9A%E3%81%AA%E3%83%A9%E3%83%B3%E3%83%89%20%E9%9D%92%E6%A3%AE%E5%B8%82
弘前特別養護老人ホーム介護保険サービス事業センター,デイサービス,青森県,弘前市,"介護,デイサービス",日中に通って食事・入浴・機能訓練・見守りなどを受けるサービスです。,http://tsugarufujimikai.com,青森県弘前市自由ヶ丘５－５－３,0172-88-1432,厚生労働省オープンデータ,https://www.mhlw.go.jp/content/12300000/jigyosho_150.csv,2025-12末,https://www.google.com/search?q=%E5%BC%98%E5%89%8D%E7%89%B9%E5%88%A5%E9%A4%8A%E8%AD%B7%E8%80%81%E4%BA%BA%E3%83%9B%E3%83%BC%E3%83%A0%E4%BB%8B%E8%AD%B7%E4%BF%9D%E9%99%BA%E3%82%B5%E3%83%BC%E3%83%93%E3%82%B9%E4%BA%8B%E6%A5%AD%E3%82%BB%E3%83%B3%E3%82%BF%E3%83%BC%20%E5%BC%98%E5%89%8D%E5%B8%82
ひなた,デイサービス,青森県,弘前市,"介護,デイサービス",日中に通って食事・入浴・機能訓練・見守りなどを受けるサービスです。,http://www.jhd.ne.jp/,青森県弘前市神田一丁目6番地3デイサービスセンターひなた,0172-39-1061,厚生労働省オープンデータ,https://www.mhlw.go.jp/content/12300000/jigyosho_150.csv,2025-12末,https://www.google.com/search?q=%E3%81%B2%E3%81%AA%E3%81%9F%20%E5%BC%98%E5%89%8D%E5%B8%82
デイサービスファミリー,デイサービス,青森県,弘前市,"介護,デイサービス",日中に通って食事・入浴・機能訓練・見守りなどを受けるサービスです。,https://www.google.com/search?q=%E3%83%87%E3%82%A4%E3%82%B5%E3%83%BC%E3%83%93%E3%82%B9%E3%83%95%E3%82%A1%E3%83%9F%E3%83%AA%E3%83%BC%20%E5%BC%98%E5%89%8D%E5%B8%82,青森県弘前市大字撫牛子二丁目8番地4,0172-55-9783,厚生労働省オープンデータ,https://www.mhlw.go.jp/content/12300000/jigyosho_150.csv,2025-12末,https://www.google.com/search?q=%E3%83%87%E3%82%A4%E3%82%B5%E3%83%BC%E3%83%93%E3%82%B9%E3%83%95%E3%82%A1%E3%83%9F%E3%83%AA%E3%83%BC%20%E5%BC%98%E5%89%8D%E5%B8%82
富田町デイサービスセンター,デイサービス,青森県,弘前市,"介護,デイサービス",日中に通って食事・入浴・機能訓練・見守りなどを受けるサービスです。,http://www2.ocn.ne.jp/~care.s/,弘前市大字冨田163番地,0172-32-1165,厚生労働省オープンデータ,https://www.mhlw.go.jp/content/12300000/jigyosho_150.csv,2025-12末,https://www.google.com/search?q=%E5%AF%8C%E7%94%B0%E7%94%BA%E3%83%87%E3%82%A4%E3%82%B5%E3%83%BC%E3%83%93%E3%82%B9%E3%82%BB%E3%83%B3%E3%82%BF%E3%83%BC%20%E5%BC%98%E5%89%8D%E5%B8%82
通所介護事業パインハウス弘前,デイサービス,青森県,弘前市,"介護,デイサービス",日中に通って食事・入浴・機能訓練・見守りなどを受けるサービスです。,http://www.gakuyokai.jp,青森県弘前市大字国吉字坂本138-10,0172-86-3800,厚生労働省オープンデータ,https://www.mhlw.go.jp/content/12300000/jigyosho_150.csv,2025-12末,https://www.google.com/search?q=%E9%80%9A%E6%89%80%E4%BB%8B%E8%AD%B7%E4%BA%8B%E6%A5%AD%E3%83%91%E3%82%A4%E3%83%B3%E3%83%8F%E3%82%A6%E3%82%B9%E5%BC%98%E5%89%8D%20%E5%BC%98%E5%89%8D%E5%B8%82
デイサービスセンター白寿園,デイサービス,青森県,弘前市,"介護,デイサービス",日中に通って食事・入浴・機能訓練・見守りなどを受けるサービスです。,http://www.hakujuen-t.or.jp/,青森県弘前市大字大沢字稲元1番地13,0172-55-9511,厚生労働省オープンデータ,https://www.mhlw.go.jp/content/12300000/jigyosho_150.csv,2025-12末,https://www.google.com/search?q=%E3%83%87%E3%82%A4%E3%82%B5%E3%83%BC%E3%83%93%E3%82%B9%E3%82%BB%E3%83%B3%E3%82%BF%E3%83%BC%E7%99%BD%E5%AF%BF%E5%9C%92%20%E5%BC%98%E5%89%8D%E5%B8%82
城東デイサービスセンター,デイサービス,青森県,弘前市,"介護,デイサービス",日中に通って食事・入浴・機能訓練・見守りなどを受けるサービスです。,https://www.google.com/search?q=%E5%9F%8E%E6%9D%B1%E3%83%87%E3%82%A4%E3%82%B5%E3%83%BC%E3%83%93%E3%82%B9%E3%82%BB%E3%83%B3%E3%82%BF%E3%83%BC%20%E5%BC%98%E5%89%8D%E5%B8%82,弘前市大字城東中央四丁目１番地４,0172-28-0054,厚生労働省オープンデータ,https://www.mhlw.go.jp/content/12300000/jigyosho_150.csv,2025-12末,https://www.google.com/search?q=%E5%9F%8E%E6%9D%B1%E3%83%87%E3%82%A4%E3%82%B5%E3%83%BC%E3%83%93%E3%82%B9%E3%82%BB%E3%83%B3%E3%82%BF%E3%83%BC%20%E5%BC%98%E5%89%8D%E5%B8%82
草薙デイサービスセンター,デイサービス,青森県,弘前市,"介護,デイサービス",日中に通って食事・入浴・機能訓練・見守りなどを受けるサービスです。,http://www.geocities.jp/toukoukai_hirosaki/index.html,弘前市大字大森字勝山278番18,0172-93-2222,厚生労働省オープンデータ,https://www.mhlw.go.jp/content/12300000/jigyosho_150.csv,2025-12末,https://www.google.com/search?q=%E8%8D%89%E8%96%99%E3%83%87%E3%82%A4%E3%82%B5%E3%83%BC%E3%83%93%E3%82%B9%E3%82%BB%E3%83%B3%E3%82%BF%E3%83%BC%20%E5%BC%98%E5%89%8D%E5%B8%82
サンアップルホームデイサービスセンター,デイサービス,青森県,弘前市,"介護,デイサービス",日中に通って食事・入浴・機能訓練・見守りなどを受けるサービスです。,http://www.sunapplehome.jp/454.html,青森県弘前市大字高杉字尾上山３５０番地,0172-26-5330,厚生労働省オープンデータ,https://www.mhlw.go.jp/content/12300000/jigyosho_150.csv,2025-12末,https://www.google.com/search?q=%E3%82%B5%E3%83%B3%E3%82%A2%E3%83%83%E3%83%97%E3%83%AB%E3%83%9B%E3%83%BC%E3%83%A0%E3%83%87%E3%82%A4%E3%82%B5%E3%83%BC%E3%83%93%E3%82%B9%E3%82%BB%E3%83%B3%E3%82%BF%E3%83%BC%20%E5%BC%98%E5%89%8D%E5%B8%82
おうよう園デイサービスセンター,デイサービス,青森県,弘前市,"介護,デイサービス",日中に通って食事・入浴・機能訓練・見守りなどを受けるサービスです。,http://www.oyoen.com,青森県弘前市城南5丁目13-15,0172-38-0400,厚生労働省オープンデータ,https://www.mhlw.go.jp/content/12300000/jigyosho_150.csv,2025-12末,https://www.google.com/search?q=%E3%81%8A%E3%81%86%E3%82%88%E3%81%86%E5%9C%92%E3%83%87%E3%82%A4%E3%82%B5%E3%83%BC%E3%83%93%E3%82%B9%E3%82%BB%E3%83%B3%E3%82%BF%E3%83%BC%20%E5%BC%98%E5%89%8D%E5%B8%82
弘前静光園デイサービスセンター,デイサービス,青森県,弘前市,"介護,デイサービス",日中に通って食事・入浴・機能訓練・見守りなどを受けるサービスです。,https://dayseikouen.wixsite.com/seikouenday,青森県弘前市大字豊原一丁目１番地２,0172-37-8500,厚生労働省オープンデータ,https://www.mhlw.go.jp/content/12300000/jigyosho_150.csv,2025-12末,https://www.google.com/search?q=%E5%BC%98%E5%89%8D%E9%9D%99%E5%85%89%E5%9C%92%E3%83%87%E3%82%A4%E3%82%B5%E3%83%BC%E3%83%93%E3%82%B9%E3%82%BB%E3%83%B3%E3%82%BF%E3%83%BC%20%E5%BC%98%E5%89%8D%E5%B8%82
デイサービスセンター　三和園,デイサービス,青森県,弘前市,"介護,デイサービス",日中に通って食事・入浴・機能訓練・見守りなどを受けるサービスです。,http://www.sanwakai.info/,青森県弘前市大字三和字上恋塚19番地,0172-93-3960,厚生労働省オープンデータ,https://www.mhlw.go.jp/content/12300000/jigyosho_150.csv,2025-12末,https://www.google.com/search?q=%E3%83%87%E3%82%A4%E3%82%B5%E3%83%BC%E3%83%93%E3%82%B9%E3%82%BB%E3%83%B3%E3%82%BF%E3%83%BC%E3%80%80%E4%B8%89%E5%92%8C%E5%9C%92%20%E5%BC%98%E5%89%8D%E5%B8%82
特別養護老人ホーム弘前園通所介護事業所,デイサービス,青森県,弘前市,"介護,デイサービス",日中に通って食事・入浴・機能訓練・見守りなどを受けるサービスです。,https://www.google.com/search?q=%E7%89%B9%E5%88%A5%E9%A4%8A%E8%AD%B7%E8%80%81%E4%BA%BA%E3%83%9B%E3%83%BC%E3%83%A0%E5%BC%98%E5%89%8D%E5%9C%92%E9%80%9A%E6%89%80%E4%BB%8B%E8%AD%B7%E4%BA%8B%E6%A5%AD%E6%89%80%20%E5%BC%98%E5%89%8D%E5%B8%82,青森県弘前市大字鬼沢字山ノ越249番地,0172-99-5050,厚生労働省オープンデータ,https://www.mhlw.go.jp/content/12300000/jigyosho_150.csv,2025-12末,https://www.google.com/search?q=%E7%89%B9%E5%88%A5%E9%A4%8A%E8%AD%B7%E8%80%81%E4%BA%BA%E3%83%9B%E3%83%BC%E3%83%A0%E5%BC%98%E5%89%8D%E5%9C%92%E9%80%9A%E6%89%80%E4%BB%8B%E8%AD%B7%E4%BA%8B%E6%A5%AD%E6%89%80%20%E5%BC%98%E5%89%8D%E5%B8%82
デイサービスセンター　サン・フラワー,デイサービス,青森県,弘前市,"介護,デイサービス",日中に通って食事・入浴・機能訓練・見守りなどを受けるサービスです。,http://www5.ocn.ne.jp/~kouyukai/index.htm,青森県弘前市大字向外瀬字豊田３２０番１,0172-34-3434,厚生労働省オープンデータ,https://www.mhlw.go.jp/content/12300000/jigyosho_150.csv,2025-12末,https://www.google.com/search?q=%E3%83%87%E3%82%A4%E3%82%B5%E3%83%BC%E3%83%93%E3%82%B9%E3%82%BB%E3%83%B3%E3%82%BF%E3%83%BC%E3%80%80%E3%82%B5%E3%83%B3%E3%83%BB%E3%83%95%E3%83%A9%E3%83%AF%E3%83%BC%20%E5%BC%98%E5%89%8D%E5%B8%82
ほりこし介護福祉センター　ほりこしデイサービスセンター,デイサービス,青森県,弘前市,"介護,デイサービス",日中に通って食事・入浴・機能訓練・見守りなどを受けるサービスです。,ＵＲＬ：ｈｔｔｐ：//ｒｙｏｋｕｆｕ．ｏｒ．ｊｐ/,青森県弘前市大字堀越字柳田1-16,0172-29-5220,厚生労働省オープンデータ,https://www.mhlw.go.jp/content/12300000/jigyosho_150.csv,2025-12末,https://www.google.com/search?q=%E3%81%BB%E3%82%8A%E3%81%93%E3%81%97%E4%BB%8B%E8%AD%B7%E7%A6%8F%E7%A5%89%E3%82%BB%E3%83%B3%E3%82%BF%E3%83%BC%E3%80%80%E3%81%BB%E3%82%8A%E3%81%93%E3%81%97%E3%83%87%E3%82%A4%E3%82%B5%E3%83%BC%E3%83%93%E3%82%B9%E3%82%BB%E3%83%B3%E3%82%BF%E3%83%BC%20%E5%BC%98%E5%89%8D%E5%B8%82
通所介護事業パインハウス城南,デイサービス,青森県,弘前市,"介護,デイサービス",日中に通って食事・入浴・機能訓練・見守りなどを受けるサービスです。,http://www.gakuyokai.jp,青森県弘前市大字原ヶ平字山元118番地1,0172-88-1764,厚生労働省オープンデータ,https://www.mhlw.go.jp/content/12300000/jigyosho_150.csv,2025-12末,https://www.google.com/search?q=%E9%80%9A%E6%89%80%E4%BB%8B%E8%AD%B7%E4%BA%8B%E6%A5%AD%E3%83%91%E3%82%A4%E3%83%B3%E3%83%8F%E3%82%A6%E3%82%B9%E5%9F%8E%E5%8D%97%20%E5%BC%98%E5%89%8D%E5%B8%82
指定通所介護事業所　ウエルパーク,デイサービス,青森県,弘前市,"介護,デイサービス",日中に通って食事・入浴・機能訓練・見守りなどを受けるサービスです。,https://www.google.com/search?q=%E6%8C%87%E5%AE%9A%E9%80%9A%E6%89%80%E4%BB%8B%E8%AD%B7%E4%BA%8B%E6%A5%AD%E6%89%80%E3%80%80%E3%82%A6%E3%82%A8%E3%83%AB%E3%83%91%E3%83%BC%E3%82%AF%20%E5%BC%98%E5%89%8D%E5%B8%82,青森県弘前市福田字巻屋4-1,0172-29-4141,厚生労働省オープンデータ,https://www.mhlw.go.jp/content/12300000/jigyosho_150.csv,2025-12末,https://www.google.com/search?q=%E6%8C%87%E5%AE%9A%E9%80%9A%E6%89%80%E4%BB%8B%E8%AD%B7%E4%BA%8B%E6%A5%AD%E6%89%80%E3%80%80%E3%82%A6%E3%82%A8%E3%83%AB%E3%83%91%E3%83%BC%E3%82%AF%20%E5%BC%98%E5%89%8D%E5%B8%82
デイサービスセンター城西,デイサービス,青森県,弘前市,"介護,デイサービス",日中に通って食事・入浴・機能訓練・見守りなどを受けるサービスです。,http://sanwakai.info/,青森県弘前市大字茜町２丁目１－１８,0172-31-4544,厚生労働省オープンデータ,https://www.mhlw.go.jp/content/12300000/jigyosho_150.csv,2025-12末,https://www.google.com/search?q=%E3%83%87%E3%82%A4%E3%82%B5%E3%83%BC%E3%83%93%E3%82%B9%E3%82%BB%E3%83%B3%E3%82%BF%E3%83%BC%E5%9F%8E%E8%A5%BF%20%E5%BC%98%E5%89%8D%E5%B8%82
デイサービスセンターわかば,デイサービス,青森県,弘前市,"介護,デイサービス",日中に通って食事・入浴・機能訓練・見守りなどを受けるサービスです。,http://www.sunapplehome.jp/,青森県弘前市大字若葉二丁目15番地,0172-37-1165,厚生労働省オープンデータ,https://www.mhlw.go.jp/content/12300000/jigyosho_150.csv,2025-12末,https://www.google.com/search?q=%E3%83%87%E3%82%A4%E3%82%B5%E3%83%BC%E3%83%93%E3%82%B9%E3%82%BB%E3%83%B3%E3%82%BF%E3%83%BC%E3%82%8F%E3%81%8B%E3%81%B0%20%E5%BC%98%E5%89%8D%E5%B8%82
ケアパートナー弘前,デイサービス,青森県,弘前市,"介護,デイサービス",日中に通って食事・入浴・機能訓練・見守りなどを受けるサービスです。,http://www.care-partner,弘前市向外瀬三丁目2番地4,0172-31-3393,厚生労働省オープンデータ,https://www.mhlw.go.jp/content/12300000/jigyosho_150.csv,2025-12末,https://www.google.com/search?q=%E3%82%B1%E3%82%A2%E3%83%91%E3%83%BC%E3%83%88%E3%83%8A%E3%83%BC%E5%BC%98%E5%89%8D%20%E5%BC%98%E5%89%8D%E5%B8%82
デイサービスセンター高舘山温泉,デイサービス,青森県,弘前市,"介護,デイサービス",日中に通って食事・入浴・機能訓練・見守りなどを受けるサービスです。,http://zenseikai.com/,青森県弘前市大字五大字従弟沢1030-50,0172-83-2100,厚生労働省オープンデータ,https://www.mhlw.go.jp/content/12300000/jigyosho_150.csv,2025-12末,https://www.google.com/search?q=%E3%83%87%E3%82%A4%E3%82%B5%E3%83%BC%E3%83%93%E3%82%B9%E3%82%BB%E3%83%B3%E3%82%BF%E3%83%BC%E9%AB%98%E8%88%98%E5%B1%B1%E6%B8%A9%E6%B3%89%20%E5%BC%98%E5%89%8D%E5%B8%82
ことぶき荘温泉デイサービスセンター,デイサービス,青森県,弘前市,"介護,デイサービス",日中に通って食事・入浴・機能訓練・見守りなどを受けるサービスです。,http://www.ichiyoukai.jp/,青森県弘前市大字福村字早稲田27番地1介護予防拠点センター「100才館」,0172-27-0330,厚生労働省オープンデータ,https://www.mhlw.go.jp/content/12300000/jigyosho_150.csv,2025-12末,https://www.google.com/search?q=%E3%81%93%E3%81%A8%E3%81%B6%E3%81%8D%E8%8D%98%E6%B8%A9%E6%B3%89%E3%83%87%E3%82%A4%E3%82%B5%E3%83%BC%E3%83%93%E3%82%B9%E3%82%BB%E3%83%B3%E3%82%BF%E3%83%BC%20%E5%BC%98%E5%89%8D%E5%B8%82
ビーンズリハビリセンターひろさき,デイサービス,青森県,弘前市,"介護,デイサービス",日中に通って食事・入浴・機能訓練・見守りなどを受けるサービスです。,http://hirosaki.rehabilitation.pro/,青森県弘前市高田三丁目1-10,0172-29-3545,厚生労働省オープンデータ,https://www.mhlw.go.jp/content/12300000/jigyosho_150.csv,2025-12末,https://www.google.com/search?q=%E3%83%93%E3%83%BC%E3%83%B3%E3%82%BA%E3%83%AA%E3%83%8F%E3%83%93%E3%83%AA%E3%82%BB%E3%83%B3%E3%82%BF%E3%83%BC%E3%81%B2%E3%82%8D%E3%81%95%E3%81%8D%20%E5%BC%98%E5%89%8D%E5%B8%82
ツクイ弘前大町,デイサービス,青森県,弘前市,"介護,デイサービス",日中に通って食事・入浴・機能訓練・見守りなどを受けるサービスです。,https://www/tsukui.net/,大字大町1丁目17-20,0172-31-2150,厚生労働省オープンデータ,https://www.mhlw.go.jp/content/12300000/jigyosho_150.csv,2025-12末,https://www.google.com/search?q=%E3%83%84%E3%82%AF%E3%82%A4%E5%BC%98%E5%89%8D%E5%A4%A7%E7%94%BA%20%E5%BC%98%E5%89%8D%E5%B8%82
デイサービスセンター　まるめろ,デイサービス,青森県,弘前市,"介護,デイサービス",日中に通って食事・入浴・機能訓練・見守りなどを受けるサービスです。,https://senchikai.jp/,青森県弘前市大字東長町38番地3,0172-39-6202,厚生労働省オープンデータ,https://www.mhlw.go.jp/content/12300000/jigyosho_150.csv,2025-12末,https://www.google.com/search?q=%E3%83%87%E3%82%A4%E3%82%B5%E3%83%BC%E3%83%93%E3%82%B9%E3%82%BB%E3%83%B3%E3%82%BF%E3%83%BC%E3%80%80%E3%81%BE%E3%82%8B%E3%82%81%E3%82%8D%20%E5%BC%98%E5%89%8D%E5%B8%82
ひなたスマイルパーク,デイサービス,青森県,弘前市,"介護,デイサービス",日中に通って食事・入浴・機能訓練・見守りなどを受けるサービスです。,https://hinata.everyday.jp/sisetsu/spark/,青森県弘前市青山２丁目１－２,0172-88-6502,厚生労働省オープンデータ,https://www.mhlw.go.jp/content/12300000/jigyosho_150.csv,2025-12末,https://www.google.com/search?q=%E3%81%B2%E3%81%AA%E3%81%9F%E3%82%B9%E3%83%9E%E3%82%A4%E3%83%AB%E3%83%91%E3%83%BC%E3%82%AF%20%E5%BC%98%E5%89%8D%E5%B8%82
アスモ,デイサービス,青森県,弘前市,"介護,デイサービス",日中に通って食事・入浴・機能訓練・見守りなどを受けるサービスです。,https://www.google.com/search?q=%E3%82%A2%E3%82%B9%E3%83%A2%20%E5%BC%98%E5%89%8D%E5%B8%82,青森県弘前市大字中野３丁目２番地１２,0172-55-6828,厚生労働省オープンデータ,https://www.mhlw.go.jp/content/12300000/jigyosho_150.csv,2025-12末,https://www.google.com/search?q=%E3%82%A2%E3%82%B9%E3%83%A2%20%E5%BC%98%E5%89%8D%E5%B8%82
デイサービスセンター岩木,デイサービス,青森県,弘前市,"介護,デイサービス",日中に通って食事・入浴・機能訓練・見守りなどを受けるサービスです。,https://www.google.com/search?q=%E3%83%87%E3%82%A4%E3%82%B5%E3%83%BC%E3%83%93%E3%82%B9%E3%82%BB%E3%83%B3%E3%82%BF%E3%83%BC%E5%B2%A9%E6%9C%A8%20%E5%BC%98%E5%89%8D%E5%B8%82,青森県弘前市大字駒越字村元123番地1,0172‐34‐6720,厚生労働省オープンデータ,https://www.mhlw.go.jp/content/12300000/jigyosho_150.csv,2025-12末,https://www.google.com/search?q=%E3%83%87%E3%82%A4%E3%82%B5%E3%83%BC%E3%83%93%E3%82%B9%E3%82%BB%E3%83%B3%E3%82%BF%E3%83%BC%E5%B2%A9%E6%9C%A8%20%E5%BC%98%E5%89%8D%E5%B8%82
デイサービスセンター　サンタハウス弘前公園,デイサービス,青森県,弘前市,"介護,デイサービス",日中に通って食事・入浴・機能訓練・見守りなどを受けるサービスです。,https://www.houtokukai.org/,青森県弘前市大字元大工町26番地1,0172-88-7707,厚生労働省オープンデータ,https://www.mhlw.go.jp/content/12300000/jigyosho_150.csv,2025-12末,https://www.google.com/search?q=%E3%83%87%E3%82%A4%E3%82%B5%E3%83%BC%E3%83%93%E3%82%B9%E3%82%BB%E3%83%B3%E3%82%BF%E3%83%BC%E3%80%80%E3%82%B5%E3%83%B3%E3%82%BF%E3%83%8F%E3%82%A6%E3%82%B9%E5%BC%98%E5%89%8D%E5%85%AC%E5%9C%92%20%E5%BC%98%E5%89%8D%E5%B8%82
SAKURAS　REHACARESERVICE,デイサービス,青森県,弘前市,"介護,デイサービス",日中に通って食事・入浴・機能訓練・見守りなどを受けるサービスです。,https://rehacare.try-sakuras.com/,青森県弘前市大字大町一丁目３番地１,0172-88-5764,厚生労働省オープンデータ,https://www.mhlw.go.jp/content/12300000/jigyosho_150.csv,2025-12末,https://www.google.com/search?q=SAKURAS%E3%80%80REHACARESERVICE%20%E5%BC%98%E5%89%8D%E5%B8%82
通所介護事業　松山荘ケアステーション,デイサービス,青森県,弘前市,"介護,デイサービス",日中に通って食事・入浴・機能訓練・見守りなどを受けるサービスです。,https://gakuyokai.jp/,青森県弘前市大字賀田二丁目4番地2,0172-82-3330,厚生労働省オープンデータ,https://www.mhlw.go.jp/content/12300000/jigyosho_150.csv,2025-12末,https://www.google.com/search?q=%E9%80%9A%E6%89%80%E4%BB%8B%E8%AD%B7%E4%BA%8B%E6%A5%AD%E3%80%80%E6%9D%BE%E5%B1%B1%E8%8D%98%E3%82%B1%E3%82%A2%E3%82%B9%E3%83%86%E3%83%BC%E3%82%B7%E3%83%A7%E3%83%B3%20%E5%BC%98%E5%89%8D%E5%B8%82
通所介護事業　ピノカーサ岩木,デイサービス,青森県,弘前市,"介護,デイサービス",日中に通って食事・入浴・機能訓練・見守りなどを受けるサービスです。,https://www.gakuyokai.jp/,青森県弘前市大字五代字田屋敷240-1,0172-82-1515,厚生労働省オープンデータ,https://www.mhlw.go.jp/content/12300000/jigyosho_150.csv,2025-12末,https://www.google.com/search?q=%E9%80%9A%E6%89%80%E4%BB%8B%E8%AD%B7%E4%BA%8B%E6%A5%AD%E3%80%80%E3%83%94%E3%83%8E%E3%82%AB%E3%83%BC%E3%82%B5%E5%B2%A9%E6%9C%A8%20%E5%BC%98%E5%89%8D%E5%B8%82
デイサービスセンター　ふれあい温泉,デイサービス,青森県,弘前市,"介護,デイサービス",日中に通って食事・入浴・機能訓練・見守りなどを受けるサービスです。,http://www.kouaikai.com,弘前市旭ヶ丘2-6-4,0172-31-8008,厚生労働省オープンデータ,https://www.mhlw.go.jp/content/12300000/jigyosho_150.csv,2025-12末,https://www.google.com/search?q=%E3%83%87%E3%82%A4%E3%82%B5%E3%83%BC%E3%83%93%E3%82%B9%E3%82%BB%E3%83%B3%E3%82%BF%E3%83%BC%E3%80%80%E3%81%B5%E3%82%8C%E3%81%82%E3%81%84%E6%B8%A9%E6%B3%89%20%E5%BC%98%E5%89%8D%E5%B8%82
デイサービスセンター倶楽部フレディ,デイサービス,青森県,弘前市,"介護,デイサービス",日中に通って食事・入浴・機能訓練・見守りなどを受けるサービスです。,fredy2015.com/index.html,青森県弘前市大字百石町47-1フレディ弘前,0172-31-3132,厚生労働省オープンデータ,https://www.mhlw.go.jp/content/12300000/jigyosho_150.csv,2025-12末,https://www.google.com/search?q=%E3%83%87%E3%82%A4%E3%82%B5%E3%83%BC%E3%83%93%E3%82%B9%E3%82%BB%E3%83%B3%E3%82%BF%E3%83%BC%E5%80%B6%E6%A5%BD%E9%83%A8%E3%83%95%E3%83%AC%E3%83%87%E3%82%A3%20%E5%BC%98%E5%89%8D%E5%B8%82
長慶苑デイサービスセンター,デイサービス,青森県,弘前市,"介護,デイサービス",日中に通って食事・入浴・機能訓練・見守りなどを受けるサービスです。,http://www.choukeien.or.jp,青森県弘前市大字坂市字亀田53番地3,0172-84-1010,厚生労働省オープンデータ,https://www.mhlw.go.jp/content/12300000/jigyosho_150.csv,2025-12末,https://www.google.com/search?q=%E9%95%B7%E6%85%B6%E8%8B%91%E3%83%87%E3%82%A4%E3%82%B5%E3%83%BC%E3%83%93%E3%82%B9%E3%82%BB%E3%83%B3%E3%82%BF%E3%83%BC%20%E5%BC%98%E5%89%8D%E5%B8%82
医療法人ゆずりは　デイサービスセンターおくでら,デイサービス,青森県,八戸市,"介護,デイサービス",日中に通って食事・入浴・機能訓練・見守りなどを受けるサービスです。,https://www.google.com/search?q=%E5%8C%BB%E7%99%82%E6%B3%95%E4%BA%BA%E3%82%86%E3%81%9A%E3%82%8A%E3%81%AF%E3%80%80%E3%83%87%E3%82%A4%E3%82%B5%E3%83%BC%E3%83%93%E3%82%B9%E3%82%BB%E3%83%B3%E3%82%BF%E3%83%BC%E3%81%8A%E3%81%8F%E3%81%A7%E3%82%89%20%E5%85%AB%E6%88%B8%E5%B8%82,青森県八戸市尻内町八百刈　10-3,0178-32-0404,厚生労働省オープンデータ,https://www.mhlw.go.jp/content/12300000/jigyosho_150.csv,2025-12末,https://www.google.com/search?q=%E5%8C%BB%E7%99%82%E6%B3%95%E4%BA%BA%E3%82%86%E3%81%9A%E3%82%8A%E3%81%AF%E3%80%80%E3%83%87%E3%82%A4%E3%82%B5%E3%83%BC%E3%83%93%E3%82%B9%E3%82%BB%E3%83%B3%E3%82%BF%E3%83%BC%E3%81%8A%E3%81%8F%E3%81%A7%E3%82%89%20%E5%85%AB%E6%88%B8%E5%B8%82
なかざわデイサービスセンター,デイサービス,青森県,八戸市,"介護,デイサービス",日中に通って食事・入浴・機能訓練・見守りなどを受けるサービスです。,https://www.google.com/search?q=%E3%81%AA%E3%81%8B%E3%81%96%E3%82%8F%E3%83%87%E3%82%A4%E3%82%B5%E3%83%BC%E3%83%93%E3%82%B9%E3%82%BB%E3%83%B3%E3%82%BF%E3%83%BC%20%E5%85%AB%E6%88%B8%E5%B8%82,青森県八戸市湊高台2丁目12-2,0178-35-2915,厚生労働省オープンデータ,https://www.mhlw.go.jp/content/12300000/jigyosho_150.csv,2025-12末,https://www.google.com/search?q=%E3%81%AA%E3%81%8B%E3%81%96%E3%82%8F%E3%83%87%E3%82%A4%E3%82%B5%E3%83%BC%E3%83%93%E3%82%B9%E3%82%BB%E3%83%B3%E3%82%BF%E3%83%BC%20%E5%85%AB%E6%88%B8%E5%B8%82
ケア・ステーション淨信館,デイサービス,青森県,八戸市,"介護,デイサービス",日中に通って食事・入浴・機能訓練・見守りなどを受けるサービスです。,http://joshinkan.com/index.html,青森県八戸市一番町２丁目３-１２,0178-27-7450,厚生労働省オープンデータ,https://www.mhlw.go.jp/content/12300000/jigyosho_150.csv,2025-12末,https://www.google.com/search?q=%E3%82%B1%E3%82%A2%E3%83%BB%E3%82%B9%E3%83%86%E3%83%BC%E3%82%B7%E3%83%A7%E3%83%B3%E6%B7%A8%E4%BF%A1%E9%A4%A8%20%E5%85%AB%E6%88%B8%E5%B8%82
デイサービスセンターひまわり苑,デイサービス,青森県,八戸市,"介護,デイサービス",日中に通って食事・入浴・機能訓練・見守りなどを受けるサービスです。,himawarien@proof.ocn.ne.jp,青森県八戸市糠塚字下屋敷6-1,0178-44-4546,厚生労働省オープンデータ,https://www.mhlw.go.jp/content/12300000/jigyosho_150.csv,2025-12末,https://www.google.com/search?q=%E3%83%87%E3%82%A4%E3%82%B5%E3%83%BC%E3%83%93%E3%82%B9%E3%82%BB%E3%83%B3%E3%82%BF%E3%83%BC%E3%81%B2%E3%81%BE%E3%82%8F%E3%82%8A%E8%8B%91%20%E5%85%AB%E6%88%B8%E5%B8%82
特定非営利活動法人　来夢の里,デイサービス,青森県,八戸市,"介護,デイサービス",日中に通って食事・入浴・機能訓練・見守りなどを受けるサービスです。,https://www.google.com/search?q=%E7%89%B9%E5%AE%9A%E9%9D%9E%E5%96%B6%E5%88%A9%E6%B4%BB%E5%8B%95%E6%B3%95%E4%BA%BA%E3%80%80%E6%9D%A5%E5%A4%A2%E3%81%AE%E9%87%8C%20%E5%85%AB%E6%88%B8%E5%B8%82,青森県八戸市大字新井田字常光田25-1,0178-20-8641,厚生労働省オープンデータ,https://www.mhlw.go.jp/content/12300000/jigyosho_150.csv,2025-12末,https://www.google.com/search?q=%E7%89%B9%E5%AE%9A%E9%9D%9E%E5%96%B6%E5%88%A9%E6%B4%BB%E5%8B%95%E6%B3%95%E4%BA%BA%E3%80%80%E6%9D%A5%E5%A4%A2%E3%81%AE%E9%87%8C%20%E5%85%AB%E6%88%B8%E5%B8%82
デイサービスセンターリハコートみなと,デイサービス,青森県,八戸市,"介護,デイサービス",日中に通って食事・入浴・機能訓練・見守りなどを受けるサービスです。,https://www.google.com/search?q=%E3%83%87%E3%82%A4%E3%82%B5%E3%83%BC%E3%83%93%E3%82%B9%E3%82%BB%E3%83%B3%E3%82%BF%E3%83%BC%E3%83%AA%E3%83%8F%E3%82%B3%E3%83%BC%E3%83%88%E3%81%BF%E3%81%AA%E3%81%A8%20%E5%85%AB%E6%88%B8%E5%B8%82,湊町字本町１－２,0178-32-7432,厚生労働省オープンデータ,https://www.mhlw.go.jp/content/12300000/jigyosho_150.csv,2025-12末,https://www.google.com/search?q=%E3%83%87%E3%82%A4%E3%82%B5%E3%83%BC%E3%83%93%E3%82%B9%E3%82%BB%E3%83%B3%E3%82%BF%E3%83%BC%E3%83%AA%E3%83%8F%E3%82%B3%E3%83%BC%E3%83%88%E3%81%BF%E3%81%AA%E3%81%A8%20%E5%85%AB%E6%88%B8%E5%B8%82
デイサービスセンターフェニックス,デイサービス,青森県,八戸市,"介護,デイサービス",日中に通って食事・入浴・機能訓練・見守りなどを受けるサービスです。,http://www.heiwa-hp.or.jp/phenix/phenix.html,青森県八戸市湊高台二丁目３番１０号,0178-35-6300,厚生労働省オープンデータ,https://www.mhlw.go.jp/content/12300000/jigyosho_150.csv,2025-12末,https://www.google.com/search?q=%E3%83%87%E3%82%A4%E3%82%B5%E3%83%BC%E3%83%93%E3%82%B9%E3%82%BB%E3%83%B3%E3%82%BF%E3%83%BC%E3%83%95%E3%82%A7%E3%83%8B%E3%83%83%E3%82%AF%E3%82%B9%20%E5%85%AB%E6%88%B8%E5%B8%82
いこい苑デイサービスセンター,デイサービス,青森県,八戸市,"介護,デイサービス",日中に通って食事・入浴・機能訓練・見守りなどを受けるサービスです。,http://douyuukai.or.jp/,青森県八戸市大字豊崎町字渋民4-1,0178-23-5300,厚生労働省オープンデータ,https://www.mhlw.go.jp/content/12300000/jigyosho_150.csv,2025-12末,https://www.google.com/search?q=%E3%81%84%E3%81%93%E3%81%84%E8%8B%91%E3%83%87%E3%82%A4%E3%82%B5%E3%83%BC%E3%83%93%E3%82%B9%E3%82%BB%E3%83%B3%E3%82%BF%E3%83%BC%20%E5%85%AB%E6%88%B8%E5%B8%82
瑞光園デイサービスセンター,デイサービス,青森県,八戸市,"介護,デイサービス",日中に通って食事・入浴・機能訓練・見守りなどを受けるサービスです。,http://zuikoen.or.jp/,八戸市大字大久保字大山32番1,0178-25-7557,厚生労働省オープンデータ,https://www.mhlw.go.jp/content/12300000/jigyosho_150.csv,2025-12末,https://www.google.com/search?q=%E7%91%9E%E5%85%89%E5%9C%92%E3%83%87%E3%82%A4%E3%82%B5%E3%83%BC%E3%83%93%E3%82%B9%E3%82%BB%E3%83%B3%E3%82%BF%E3%83%BC%20%E5%85%AB%E6%88%B8%E5%B8%82
八戸グリーンハイツデイサービスセンター,デイサービス,青森県,八戸市,"介護,デイサービス",日中に通って食事・入浴・機能訓練・見守りなどを受けるサービスです。,https://www.google.com/search?q=%E5%85%AB%E6%88%B8%E3%82%B0%E3%83%AA%E3%83%BC%E3%83%B3%E3%83%8F%E3%82%A4%E3%83%84%E3%83%87%E3%82%A4%E3%82%B5%E3%83%BC%E3%83%93%E3%82%B9%E3%82%BB%E3%83%B3%E3%82%BF%E3%83%BC%20%E5%85%AB%E6%88%B8%E5%B8%82,青森県八戸市大字白銀町字沢向15-2,0178-31-0511,厚生労働省オープンデータ,https://www.mhlw.go.jp/content/12300000/jigyosho_150.csv,2025-12末,https://www.google.com/search?q=%E5%85%AB%E6%88%B8%E3%82%B0%E3%83%AA%E3%83%BC%E3%83%B3%E3%83%8F%E3%82%A4%E3%83%84%E3%83%87%E3%82%A4%E3%82%B5%E3%83%BC%E3%83%93%E3%82%B9%E3%82%BB%E3%83%B3%E3%82%BF%E3%83%BC%20%E5%85%AB%E6%88%B8%E5%B8%82
福寿草デイサービスセンター,デイサービス,青森県,八戸市,"介護,デイサービス",日中に通って食事・入浴・機能訓練・見守りなどを受けるサービスです。,http://www.fukujuso.or.jp/,青森県八戸市大字妙字西平６番地１９,0178-25-8181,厚生労働省オープンデータ,https://www.mhlw.go.jp/content/12300000/jigyosho_150.csv,2025-12末,https://www.google.com/search?q=%E7%A6%8F%E5%AF%BF%E8%8D%89%E3%83%87%E3%82%A4%E3%82%B5%E3%83%BC%E3%83%93%E3%82%B9%E3%82%BB%E3%83%B3%E3%82%BF%E3%83%BC%20%E5%85%AB%E6%88%B8%E5%B8%82
ニチイケアセンター八戸,デイサービス,青森県,八戸市,"介護,デイサービス",日中に通って食事・入浴・機能訓練・見守りなどを受けるサービスです。,http://www.nichiigakkan.co.jp,八戸市根城3丁目4-17,0178-73-2775,厚生労働省オープンデータ,https://www.mhlw.go.jp/content/12300000/jigyosho_150.csv,2025-12末,https://www.google.com/search?q=%E3%83%8B%E3%83%81%E3%82%A4%E3%82%B1%E3%82%A2%E3%82%BB%E3%83%B3%E3%82%BF%E3%83%BC%E5%85%AB%E6%88%B8%20%E5%85%AB%E6%88%B8%E5%B8%82
修光園デイサービスセンター,デイサービス,青森県,八戸市,"介護,デイサービス",日中に通って食事・入浴・機能訓練・見守りなどを受けるサービスです。,shukouen.or.jp,青森県八戸市大字十日市字黒坂３５番地,0178-96-6506,厚生労働省オープンデータ,https://www.mhlw.go.jp/content/12300000/jigyosho_150.csv,2025-12末,https://www.google.com/search?q=%E4%BF%AE%E5%85%89%E5%9C%92%E3%83%87%E3%82%A4%E3%82%B5%E3%83%BC%E3%83%93%E3%82%B9%E3%82%BB%E3%83%B3%E3%82%BF%E3%83%BC%20%E5%85%AB%E6%88%B8%E5%B8%82
デイサービスセンターみやぎ,デイサービス,青森県,八戸市,"介護,デイサービス",日中に通って食事・入浴・機能訓練・見守りなどを受けるサービスです。,http://www.sg-miyagikai.jp/,八戸市大字売市字観音下3番2,0178-71-2270,厚生労働省オープンデータ,https://www.mhlw.go.jp/content/12300000/jigyosho_150.csv,2025-12末,https://www.google.com/search?q=%E3%83%87%E3%82%A4%E3%82%B5%E3%83%BC%E3%83%93%E3%82%B9%E3%82%BB%E3%83%B3%E3%82%BF%E3%83%BC%E3%81%BF%E3%82%84%E3%81%8E%20%E5%85%AB%E6%88%B8%E5%B8%82
デイサービスセンターふれあい,デイサービス,青森県,八戸市,"介護,デイサービス",日中に通って食事・入浴・機能訓練・見守りなどを受けるサービスです。,https://www.google.com/search?q=%E3%83%87%E3%82%A4%E3%82%B5%E3%83%BC%E3%83%93%E3%82%B9%E3%82%BB%E3%83%B3%E3%82%BF%E3%83%BC%E3%81%B5%E3%82%8C%E3%81%82%E3%81%84%20%E5%85%AB%E6%88%B8%E5%B8%82,青森県八戸市吹上６丁目１０－３２,0178-71-2577,厚生労働省オープンデータ,https://www.mhlw.go.jp/content/12300000/jigyosho_150.csv,2025-12末,https://www.google.com/search?q=%E3%83%87%E3%82%A4%E3%82%B5%E3%83%BC%E3%83%93%E3%82%B9%E3%82%BB%E3%83%B3%E3%82%BF%E3%83%BC%E3%81%B5%E3%82%8C%E3%81%82%E3%81%84%20%E5%85%AB%E6%88%B8%E5%B8%82
デイサービスセンター　ちょうじゃの森,デイサービス,青森県,八戸市,"介護,デイサービス",日中に通って食事・入浴・機能訓練・見守りなどを受けるサービスです。,http://www.choujanomori-naika.com/,青森県八戸市糠塚字下道7-32,0178-72-5525,厚生労働省オープンデータ,https://www.mhlw.go.jp/content/12300000/jigyosho_150.csv,2025-12末,https://www.google.com/search?q=%E3%83%87%E3%82%A4%E3%82%B5%E3%83%BC%E3%83%93%E3%82%B9%E3%82%BB%E3%83%B3%E3%82%BF%E3%83%BC%E3%80%80%E3%81%A1%E3%82%87%E3%81%86%E3%81%98%E3%82%83%E3%81%AE%E6%A3%AE%20%E5%85%AB%E6%88%B8%E5%B8%82
デイサービスセンター寿楽荘苺一会,デイサービス,青森県,八戸市,"介護,デイサービス",日中に通って食事・入浴・機能訓練・見守りなどを受けるサービスです。,https://jurakuso.sakura.ne.jp/aisatu.html,青森県八戸市市川町字赤畑５６－１６,0178-52-4747,厚生労働省オープンデータ,https://www.mhlw.go.jp/content/12300000/jigyosho_150.csv,2025-12末,https://www.google.com/search?q=%E3%83%87%E3%82%A4%E3%82%B5%E3%83%BC%E3%83%93%E3%82%B9%E3%82%BB%E3%83%B3%E3%82%BF%E3%83%BC%E5%AF%BF%E6%A5%BD%E8%8D%98%E8%8B%BA%E4%B8%80%E4%BC%9A%20%E5%85%AB%E6%88%B8%E5%B8%82
リハビリパ-クアイリスデイサ-ビスセンタ-,デイサービス,青森県,八戸市,"介護,デイサービス",日中に通って食事・入浴・機能訓練・見守りなどを受けるサービスです。,iris@rehabili-park.com,八戸市小中野八丁目14-25,0178-43-3333,厚生労働省オープンデータ,https://www.mhlw.go.jp/content/12300000/jigyosho_150.csv,2025-12末,https://www.google.com/search?q=%E3%83%AA%E3%83%8F%E3%83%93%E3%83%AA%E3%83%91-%E3%82%AF%E3%82%A2%E3%82%A4%E3%83%AA%E3%82%B9%E3%83%87%E3%82%A4%E3%82%B5-%E3%83%93%E3%82%B9%E3%82%BB%E3%83%B3%E3%82%BF-%20%E5%85%AB%E6%88%B8%E5%B8%82
リハビリパークえんぶり物語デイサービスセンター,デイサービス,青森県,八戸市,"介護,デイサービス",日中に通って食事・入浴・機能訓練・見守りなどを受けるサービスです。,http://www.rehabili-park.com,青森県八戸市大字河原木字見立山６－２０９,0178-21-2000,厚生労働省オープンデータ,https://www.mhlw.go.jp/content/12300000/jigyosho_150.csv,2025-12末,https://www.google.com/search?q=%E3%83%AA%E3%83%8F%E3%83%93%E3%83%AA%E3%83%91%E3%83%BC%E3%82%AF%E3%81%88%E3%82%93%E3%81%B6%E3%82%8A%E7%89%A9%E8%AA%9E%E3%83%87%E3%82%A4%E3%82%B5%E3%83%BC%E3%83%93%E3%82%B9%E3%82%BB%E3%83%B3%E3%82%BF%E3%83%BC%20%E5%85%AB%E6%88%B8%E5%B8%82
デイサービスあんず,デイサービス,青森県,八戸市,"介護,デイサービス",日中に通って食事・入浴・機能訓練・見守りなどを受けるサービスです。,www.mihono.jp/service/tsuushokaigo/anzu,青森県八戸市大字新井田字外久保3-11,0178-25-1620,厚生労働省オープンデータ,https://www.mhlw.go.jp/content/12300000/jigyosho_150.csv,2025-12末,https://www.google.com/search?q=%E3%83%87%E3%82%A4%E3%82%B5%E3%83%BC%E3%83%93%E3%82%B9%E3%81%82%E3%82%93%E3%81%9A%20%E5%85%AB%E6%88%B8%E5%B8%82
デイサービスみほの,デイサービス,青森県,八戸市,"介護,デイサービス",日中に通って食事・入浴・機能訓練・見守りなどを受けるサービスです。,http://www.mihono.jp,青森県八戸市大字大久保字大山31-2,0178-25-1803,厚生労働省オープンデータ,https://www.mhlw.go.jp/content/12300000/jigyosho_150.csv,2025-12末,https://www.google.com/search?q=%E3%83%87%E3%82%A4%E3%82%B5%E3%83%BC%E3%83%93%E3%82%B9%E3%81%BF%E3%81%BB%E3%81%AE%20%E5%85%AB%E6%88%B8%E5%B8%82
石堂さくら通りルエ,デイサービス,青森県,八戸市,"介護,デイサービス",日中に通って食事・入浴・機能訓練・見守りなどを受けるサービスです。,https://jurakuso.sakura.ne.jp,青森県八戸市石堂二丁目29-7,0178-51-2252,厚生労働省オープンデータ,https://www.mhlw.go.jp/content/12300000/jigyosho_150.csv,2025-12末,https://www.google.com/search?q=%E7%9F%B3%E5%A0%82%E3%81%95%E3%81%8F%E3%82%89%E9%80%9A%E3%82%8A%E3%83%AB%E3%82%A8%20%E5%85%AB%E6%88%B8%E5%B8%82
あんずの里白銀デイサービスセンター,デイサービス,青森県,八戸市,"介護,デイサービス",日中に通って食事・入浴・機能訓練・見守りなどを受けるサービスです。,https://www.zuikoen.or.jp,八戸市白銀二丁目1番20,0178-35-3332,厚生労働省オープンデータ,https://www.mhlw.go.jp/content/12300000/jigyosho_150.csv,2025-12末,https://www.google.com/search?q=%E3%81%82%E3%82%93%E3%81%9A%E3%81%AE%E9%87%8C%E7%99%BD%E9%8A%80%E3%83%87%E3%82%A4%E3%82%B5%E3%83%BC%E3%83%93%E3%82%B9%E3%82%BB%E3%83%B3%E3%82%BF%E3%83%BC%20%E5%85%AB%E6%88%B8%E5%B8%82
デイサービスセンター　さざなみ,デイサービス,青森県,八戸市,"介護,デイサービス",日中に通って食事・入浴・機能訓練・見守りなどを受けるサービスです。,http://www.fukujuso.or.jp/,青森県八戸市小中野8丁目9番20号,0178-71-3373,厚生労働省オープンデータ,https://www.mhlw.go.jp/content/12300000/jigyosho_150.csv,2025-12末,https://www.google.com/search?q=%E3%83%87%E3%82%A4%E3%82%B5%E3%83%BC%E3%83%93%E3%82%B9%E3%82%BB%E3%83%B3%E3%82%BF%E3%83%BC%E3%80%80%E3%81%95%E3%81%96%E3%81%AA%E3%81%BF%20%E5%85%AB%E6%88%B8%E5%B8%82
デイサービスセンターばんちょう,デイサービス,青森県,八戸市,"介護,デイサービス",日中に通って食事・入浴・機能訓練・見守りなどを受けるサービスです。,http://www.sg-miyagikai.jp/,青森県八戸市大字番町７番１,0178-72-1070,厚生労働省オープンデータ,https://www.mhlw.go.jp/content/12300000/jigyosho_150.csv,2025-12末,https://www.google.com/search?q=%E3%83%87%E3%82%A4%E3%82%B5%E3%83%BC%E3%83%93%E3%82%B9%E3%82%BB%E3%83%B3%E3%82%BF%E3%83%BC%E3%81%B0%E3%82%93%E3%81%A1%E3%82%87%E3%81%86%20%E5%85%AB%E6%88%B8%E5%B8%82
ニチイケアセンター湊高台,デイサービス,青森県,八戸市,"介護,デイサービス",日中に通って食事・入浴・機能訓練・見守りなどを受けるサービスです。,hstk75@nichiigakkann.co.jp,湊高台3丁目12-5,0178-32-1468,厚生労働省オープンデータ,https://www.mhlw.go.jp/content/12300000/jigyosho_150.csv,2025-12末,https://www.google.com/search?q=%E3%83%8B%E3%83%81%E3%82%A4%E3%82%B1%E3%82%A2%E3%82%BB%E3%83%B3%E3%82%BF%E3%83%BC%E6%B9%8A%E9%AB%98%E5%8F%B0%20%E5%85%AB%E6%88%B8%E5%B8%82
デイサービスセンターなごむ,デイサービス,青森県,八戸市,"介護,デイサービス",日中に通って食事・入浴・機能訓練・見守りなどを受けるサービスです。,http://www.nanrokukai.com/,青森県八戸市南郷大字島守字阿庄内15番地6,0178-82-3888,厚生労働省オープンデータ,https://www.mhlw.go.jp/content/12300000/jigyosho_150.csv,2025-12末,https://www.google.com/search?q=%E3%83%87%E3%82%A4%E3%82%B5%E3%83%BC%E3%83%93%E3%82%B9%E3%82%BB%E3%83%B3%E3%82%BF%E3%83%BC%E3%81%AA%E3%81%94%E3%82%80%20%E5%85%AB%E6%88%B8%E5%B8%82
光葉園デイサービスセンター　にこにこクラブ,デイサービス,青森県,八戸市,"介護,デイサービス",日中に通って食事・入浴・機能訓練・見守りなどを受けるサービスです。,http://www.mirokukai.or.jp/koyoen/,青森県八戸市大字鮫町字金屎35-90,0178-32-1769,厚生労働省オープンデータ,https://www.mhlw.go.jp/content/12300000/jigyosho_150.csv,2025-12末,https://www.google.com/search?q=%E5%85%89%E8%91%89%E5%9C%92%E3%83%87%E3%82%A4%E3%82%B5%E3%83%BC%E3%83%93%E3%82%B9%E3%82%BB%E3%83%B3%E3%82%BF%E3%83%BC%E3%80%80%E3%81%AB%E3%81%93%E3%81%AB%E3%81%93%E3%82%AF%E3%83%A9%E3%83%96%20%E5%85%AB%E6%88%B8%E5%B8%82
デイサービスセンター　ほっとハウス,デイサービス,青森県,八戸市,"介護,デイサービス",日中に通って食事・入浴・機能訓練・見守りなどを受けるサービスです。,http://tomonokai.jp/,青森県八戸市大字尻内町字熊ノ沢35番2特別養護老人ホーム　ほっとハウス,0178-70-1875,厚生労働省オープンデータ,https://www.mhlw.go.jp/content/12300000/jigyosho_150.csv,2025-12末,https://www.google.com/search?q=%E3%83%87%E3%82%A4%E3%82%B5%E3%83%BC%E3%83%93%E3%82%B9%E3%82%BB%E3%83%B3%E3%82%BF%E3%83%BC%E3%80%80%E3%81%BB%E3%81%A3%E3%81%A8%E3%83%8F%E3%82%A6%E3%82%B9%20%E5%85%AB%E6%88%B8%E5%B8%82
妙水苑デイサービスセンター,デイサービス,青森県,八戸市,"介護,デイサービス",日中に通って食事・入浴・機能訓練・見守りなどを受けるサービスです。,http://sg-kumiai.or.jp/kumiai/,青森県八戸市大字妙字分枝３９－１,0178-30-1556,厚生労働省オープンデータ,https://www.mhlw.go.jp/content/12300000/jigyosho_150.csv,2025-12末,https://www.google.com/search?q=%E5%A6%99%E6%B0%B4%E8%8B%91%E3%83%87%E3%82%A4%E3%82%B5%E3%83%BC%E3%83%93%E3%82%B9%E3%82%BB%E3%83%B3%E3%82%BF%E3%83%BC%20%E5%85%AB%E6%88%B8%E5%B8%82
デイサービスセンター真ごころ,デイサービス,青森県,八戸市,"介護,デイサービス",日中に通って食事・入浴・機能訓練・見守りなどを受けるサービスです。,https://www.google.com/search?q=%E3%83%87%E3%82%A4%E3%82%B5%E3%83%BC%E3%83%93%E3%82%B9%E3%82%BB%E3%83%B3%E3%82%BF%E3%83%BC%E7%9C%9F%E3%81%94%E3%81%93%E3%82%8D%20%E5%85%AB%E6%88%B8%E5%B8%82,柏崎４丁目１６番２９号,０１７８－３８－７８４４,厚生労働省オープンデータ,https://www.mhlw.go.jp/content/12300000/jigyosho_150.csv,2025-12末,https://www.google.com/search?q=%E3%83%87%E3%82%A4%E3%82%B5%E3%83%BC%E3%83%93%E3%82%B9%E3%82%BB%E3%83%B3%E3%82%BF%E3%83%BC%E7%9C%9F%E3%81%94%E3%81%93%E3%82%8D%20%E5%85%AB%E6%88%B8%E5%B8%82
デイサービスセンターハッピースマイル,デイサービス,青森県,八戸市,"介護,デイサービス",日中に通って食事・入浴・機能訓練・見守りなどを受けるサービスです。,https://www.google.com/search?q=%E3%83%87%E3%82%A4%E3%82%B5%E3%83%BC%E3%83%93%E3%82%B9%E3%82%BB%E3%83%B3%E3%82%BF%E3%83%BC%E3%83%8F%E3%83%83%E3%83%94%E3%83%BC%E3%82%B9%E3%83%9E%E3%82%A4%E3%83%AB%20%E5%85%AB%E6%88%B8%E5%B8%82,青森県八戸市売市２丁目３－１２カームライフ　サンスマイル内,０１７８－４３－７８８１,厚生労働省オープンデータ,https://www.mhlw.go.jp/content/12300000/jigyosho_150.csv,2025-12末,https://www.google.com/search?q=%E3%83%87%E3%82%A4%E3%82%B5%E3%83%BC%E3%83%93%E3%82%B9%E3%82%BB%E3%83%B3%E3%82%BF%E3%83%BC%E3%83%8F%E3%83%83%E3%83%94%E3%83%BC%E3%82%B9%E3%83%9E%E3%82%A4%E3%83%AB%20%E5%85%AB%E6%88%B8%E5%B8%82
デイサービス　ささえ愛,デイサービス,青森県,八戸市,"介護,デイサービス",日中に通って食事・入浴・機能訓練・見守りなどを受けるサービスです。,https://jouhoku-hp.jp/related-facility/sasae-ai.php,青森県八戸市柏崎一丁目10－10すこやかホームゆうゆう　1階,0178-72-3226,厚生労働省オープンデータ,https://www.mhlw.go.jp/content/12300000/jigyosho_150.csv,2025-12末,https://www.google.com/search?q=%E3%83%87%E3%82%A4%E3%82%B5%E3%83%BC%E3%83%93%E3%82%B9%E3%80%80%E3%81%95%E3%81%95%E3%81%88%E6%84%9B%20%E5%85%AB%E6%88%B8%E5%B8%82
デイサービスあおmimi,デイサービス,青森県,八戸市,"介護,デイサービス",日中に通って食事・入浴・機能訓練・見守りなどを受けるサービスです。,https://www.google.com/search?q=%E3%83%87%E3%82%A4%E3%82%B5%E3%83%BC%E3%83%93%E3%82%B9%E3%81%82%E3%81%8Amimi%20%E5%85%AB%E6%88%B8%E5%B8%82,青森県八戸市青葉三丁目１６－１５,0178-72-5633,厚生労働省オープンデータ,https://www.mhlw.go.jp/content/12300000/jigyosho_150.csv,2025-12末,https://www.google.com/search?q=%E3%83%87%E3%82%A4%E3%82%B5%E3%83%BC%E3%83%93%E3%82%B9%E3%81%82%E3%81%8Amimi%20%E5%85%AB%E6%88%B8%E5%B8%82
生協デイサービスはんdon,デイサービス,青森県,八戸市,"介護,デイサービス",日中に通って食事・入浴・機能訓練・見守りなどを受けるサービスです。,http://www.hachinohe-iryou.jp/,青森県八戸市田向4丁目13-8,0178-51-6471,厚生労働省オープンデータ,https://www.mhlw.go.jp/content/12300000/jigyosho_150.csv,2025-12末,https://www.google.com/search?q=%E7%94%9F%E5%8D%94%E3%83%87%E3%82%A4%E3%82%B5%E3%83%BC%E3%83%93%E3%82%B9%E3%81%AF%E3%82%93don%20%E5%85%AB%E6%88%B8%E5%B8%82
ツクイ八戸江陽,デイサービス,青森県,八戸市,"介護,デイサービス",日中に通って食事・入浴・機能訓練・見守りなどを受けるサービスです。,http://www.tsukui.net,青森県八戸市江陽1丁目20-14,0178-73-5133,厚生労働省オープンデータ,https://www.mhlw.go.jp/content/12300000/jigyosho_150.csv,2025-12末,https://www.google.com/search?q=%E3%83%84%E3%82%AF%E3%82%A4%E5%85%AB%E6%88%B8%E6%B1%9F%E9%99%BD%20%E5%85%AB%E6%88%B8%E5%B8%82
デイサービスセンター　ハピネスやくら,デイサービス,青森県,八戸市,"介護,デイサービス",日中に通って食事・入浴・機能訓練・見守りなどを受けるサービスです。,https://www.family-wf.jp/happiness-yakura,青森県八戸市大字八幡字下樋田1番地1,0178-70-5363,厚生労働省オープンデータ,https://www.mhlw.go.jp/content/12300000/jigyosho_150.csv,2025-12末,https://www.google.com/search?q=%E3%83%87%E3%82%A4%E3%82%B5%E3%83%BC%E3%83%93%E3%82%B9%E3%82%BB%E3%83%B3%E3%82%BF%E3%83%BC%E3%80%80%E3%83%8F%E3%83%94%E3%83%8D%E3%82%B9%E3%82%84%E3%81%8F%E3%82%89%20%E5%85%AB%E6%88%B8%E5%B8%82
デイサービスセンターほおずき,デイサービス,青森県,八戸市,"介護,デイサービス",日中に通って食事・入浴・機能訓練・見守りなどを受けるサービスです。,http://www.medicalfrontier.or.jp,青森県八戸市大字糠塚字大杉平８－６,0178-51-6042,厚生労働省オープンデータ,https://www.mhlw.go.jp/content/12300000/jigyosho_150.csv,2025-12末,https://www.google.com/search?q=%E3%83%87%E3%82%A4%E3%82%B5%E3%83%BC%E3%83%93%E3%82%B9%E3%82%BB%E3%83%B3%E3%82%BF%E3%83%BC%E3%81%BB%E3%81%8A%E3%81%9A%E3%81%8D%20%E5%85%AB%E6%88%B8%E5%B8%82
レッツ倶楽部八戸田向,デイサービス,青森県,八戸市,"介護,デイサービス",日中に通って食事・入浴・機能訓練・見守りなどを受けるサービスです。,https://www.lets-club.jp/shop/hachinohetamukai/,青森県八戸市田向2-4-4,0178-51-8668,厚生労働省オープンデータ,https://www.mhlw.go.jp/content/12300000/jigyosho_150.csv,2025-12末,https://www.google.com/search?q=%E3%83%AC%E3%83%83%E3%83%84%E5%80%B6%E6%A5%BD%E9%83%A8%E5%85%AB%E6%88%B8%E7%94%B0%E5%90%91%20%E5%85%AB%E6%88%B8%E5%B8%82
特定非営利活動法人ポッケル,デイサービス,青森県,八戸市,"介護,デイサービス",日中に通って食事・入浴・機能訓練・見守りなどを受けるサービスです。,https://www.google.com/search?q=%E7%89%B9%E5%AE%9A%E9%9D%9E%E5%96%B6%E5%88%A9%E6%B4%BB%E5%8B%95%E6%B3%95%E4%BA%BA%E3%83%9D%E3%83%83%E3%82%B1%E3%83%AB%20%E5%85%AB%E6%88%B8%E5%B8%82,青森県八戸市西白山台5丁目11番12号,0178-20-8151,厚生労働省オープンデータ,https://www.mhlw.go.jp/content/12300000/jigyosho_150.csv,2025-12末,https://www.google.com/search?q=%E7%89%B9%E5%AE%9A%E9%9D%9E%E5%96%B6%E5%88%A9%E6%B4%BB%E5%8B%95%E6%B3%95%E4%BA%BA%E3%83%9D%E3%83%83%E3%82%B1%E3%83%AB%20%E5%85%AB%E6%88%B8%E5%B8%82
しろがね軟水泉,デイサービス,青森県,八戸市,"介護,デイサービス",日中に通って食事・入浴・機能訓練・見守りなどを受けるサービスです。,https://info36277.wixsite.com/shiroganeonsen,青森県八戸市白銀三丁目5-5,0178-34-2626,厚生労働省オープンデータ,https://www.mhlw.go.jp/content/12300000/jigyosho_150.csv,2025-12末,https://www.google.com/search?q=%E3%81%97%E3%82%8D%E3%81%8C%E3%81%AD%E8%BB%9F%E6%B0%B4%E6%B3%89%20%E5%85%AB%E6%88%B8%E5%B8%82
コンパスウォーク八戸柏崎,デイサービス,青森県,八戸市,"介護,デイサービス",日中に通って食事・入浴・機能訓練・見守りなどを受けるサービスです。,https://kinoukaifuku.com,青森県八戸市柏崎1-10-44ロイヤルマンション柏崎1F103号室,0178-20-8321,厚生労働省オープンデータ,https://www.mhlw.go.jp/content/12300000/jigyosho_150.csv,2025-12末,https://www.google.com/search?q=%E3%82%B3%E3%83%B3%E3%83%91%E3%82%B9%E3%82%A6%E3%82%A9%E3%83%BC%E3%82%AF%E5%85%AB%E6%88%B8%E6%9F%8F%E5%B4%8E%20%E5%85%AB%E6%88%B8%E5%B8%82
デイサ－ビスセンタ－岩泉町,デイサービス,青森県,八戸市,"介護,デイサービス",日中に通って食事・入浴・機能訓練・見守りなどを受けるサービスです。,https://www.google.com/search?q=%E3%83%87%E3%82%A4%E3%82%B5%EF%BC%8D%E3%83%93%E3%82%B9%E3%82%BB%E3%83%B3%E3%82%BF%EF%BC%8D%E5%B2%A9%E6%B3%89%E7%94%BA%20%E5%85%AB%E6%88%B8%E5%B8%82,青森県八戸市岩泉町7番地,0178-47-7757,厚生労働省オープンデータ,https://www.mhlw.go.jp/content/12300000/jigyosho_150.csv,2025-12末,https://www.google.com/search?q=%E3%83%87%E3%82%A4%E3%82%B5%EF%BC%8D%E3%83%93%E3%82%B9%E3%82%BB%E3%83%B3%E3%82%BF%EF%BC%8D%E5%B2%A9%E6%B3%89%E7%94%BA%20%E5%85%AB%E6%88%B8%E5%B8%82
コンパスウォーク八戸下長,デイサービス,青森県,八戸市,"介護,デイサービス",日中に通って食事・入浴・機能訓練・見守りなどを受けるサービスです。,https://keigo-group.co.jp/,青森県八戸市下長1丁目19-20,0178-38-1348,厚生労働省オープンデータ,https://www.mhlw.go.jp/content/12300000/jigyosho_150.csv,2025-12末,https://www.google.com/search?q=%E3%82%B3%E3%83%B3%E3%83%91%E3%82%B9%E3%82%A6%E3%82%A9%E3%83%BC%E3%82%AF%E5%85%AB%E6%88%B8%E4%B8%8B%E9%95%B7%20%E5%85%AB%E6%88%B8%E5%B8%82
社会福祉法人八戸市社会福祉協議会通所介護事業所,デイサービス,青森県,八戸市,"介護,デイサービス",日中に通って食事・入浴・機能訓練・見守りなどを受けるサービスです。,https://www.hachinohe-shakyo.or.jp,青森県八戸市南郷大字島守字阿庄内15-2,0178-82-3000,厚生労働省オープンデータ,https://www.mhlw.go.jp/content/12300000/jigyosho_150.csv,2025-12末,https://www.google.com/search?q=%E7%A4%BE%E4%BC%9A%E7%A6%8F%E7%A5%89%E6%B3%95%E4%BA%BA%E5%85%AB%E6%88%B8%E5%B8%82%E7%A4%BE%E4%BC%9A%E7%A6%8F%E7%A5%89%E5%8D%94%E8%AD%B0%E4%BC%9A%E9%80%9A%E6%89%80%E4%BB%8B%E8%AD%B7%E4%BA%8B%E6%A5%AD%E6%89%80%20%E5%85%AB%E6%88%B8%E5%B8%82
特別養護老人ホーム　サンシャイン,デイサービス,青森県,八戸市,"介護,デイサービス",日中に通って食事・入浴・機能訓練・見守りなどを受けるサービスです。,https://s-tokokai.or.jp/facility/tokubetuyogo/,青森県八戸市東白山台二丁目２番１,0178-23-5050,厚生労働省オープンデータ,https://www.mhlw.go.jp/content/12300000/jigyosho_150.csv,2025-12末,https://www.google.com/search?q=%E7%89%B9%E5%88%A5%E9%A4%8A%E8%AD%B7%E8%80%81%E4%BA%BA%E3%83%9B%E3%83%BC%E3%83%A0%E3%80%80%E3%82%B5%E3%83%B3%E3%82%B7%E3%83%A3%E3%82%A4%E3%83%B3%20%E5%85%AB%E6%88%B8%E5%B8%82
デイサービスセンターやわた,デイサービス,青森県,八戸市,"介護,デイサービス",日中に通って食事・入浴・機能訓練・見守りなどを受けるサービスです。,http://www.base-kaigo.com,青森県八戸市大字八幡字林崎２７－２,0178-70-1255,厚生労働省オープンデータ,https://www.mhlw.go.jp/content/12300000/jigyosho_150.csv,2025-12末,https://www.google.com/search?q=%E3%83%87%E3%82%A4%E3%82%B5%E3%83%BC%E3%83%93%E3%82%B9%E3%82%BB%E3%83%B3%E3%82%BF%E3%83%BC%E3%82%84%E3%82%8F%E3%81%9F%20%E5%85%AB%E6%88%B8%E5%B8%82
黒石デイサービスセンター,デイサービス,青森県,黒石市,"介護,デイサービス",日中に通って食事・入浴・機能訓練・見守りなどを受けるサービスです。,http://www.roujinhome-kuroishi.or.jp,青森県黒石市大字赤坂字池田136番地,0172-53-4477,厚生労働省オープンデータ,https://www.mhlw.go.jp/content/12300000/jigyosho_150.csv,2025-12末,https://www.google.com/search?q=%E9%BB%92%E7%9F%B3%E3%83%87%E3%82%A4%E3%82%B5%E3%83%BC%E3%83%93%E3%82%B9%E3%82%BB%E3%83%B3%E3%82%BF%E3%83%BC%20%E9%BB%92%E7%9F%B3%E5%B8%82
すみれデイサービスセンター,デイサービス,青森県,黒石市,"介護,デイサービス",日中に通って食事・入浴・機能訓練・見守りなどを受けるサービスです。,http://sumire-kai.jp/,黒石市馬場尻南61-2,0172-53-4837,厚生労働省オープンデータ,https://www.mhlw.go.jp/content/12300000/jigyosho_150.csv,2025-12末,https://www.google.com/search?q=%E3%81%99%E3%81%BF%E3%82%8C%E3%83%87%E3%82%A4%E3%82%B5%E3%83%BC%E3%83%93%E3%82%B9%E3%82%BB%E3%83%B3%E3%82%BF%E3%83%BC%20%E9%BB%92%E7%9F%B3%E5%B8%82
すみれデイサービスセンター花巻,デイサービス,青森県,黒石市,"介護,デイサービス",日中に通って食事・入浴・機能訓練・見守りなどを受けるサービスです。,http://社会福祉法人すみれ会.com/,青森県黒石市大字花巻字村北13-3,0172-59-5100,厚生労働省オープンデータ,https://www.mhlw.go.jp/content/12300000/jigyosho_150.csv,2025-12末,https://www.google.com/search?q=%E3%81%99%E3%81%BF%E3%82%8C%E3%83%87%E3%82%A4%E3%82%B5%E3%83%BC%E3%83%93%E3%82%B9%E3%82%BB%E3%83%B3%E3%82%BF%E3%83%BC%E8%8A%B1%E5%B7%BB%20%E9%BB%92%E7%9F%B3%E5%B8%82
デイサービスセンターあさがお,デイサービス,青森県,黒石市,"介護,デイサービス",日中に通って食事・入浴・機能訓練・見守りなどを受けるサービスです。,http://www.miyukikai.jpindexphp?id=3,青森県黒石市緑町4丁目１８０－２,0172-53-8451,厚生労働省オープンデータ,https://www.mhlw.go.jp/content/12300000/jigyosho_150.csv,2025-12末,https://www.google.com/search?q=%E3%83%87%E3%82%A4%E3%82%B5%E3%83%BC%E3%83%93%E3%82%B9%E3%82%BB%E3%83%B3%E3%82%BF%E3%83%BC%E3%81%82%E3%81%95%E3%81%8C%E3%81%8A%20%E9%BB%92%E7%9F%B3%E5%B8%82
デイサービス「ゆうじょう」,デイサービス,青森県,黒石市,"介護,デイサービス",日中に通って食事・入浴・機能訓練・見守りなどを受けるサービスです。,https://www.google.com/search?q=%E3%83%87%E3%82%A4%E3%82%B5%E3%83%BC%E3%83%93%E3%82%B9%E3%80%8C%E3%82%86%E3%81%86%E3%81%98%E3%82%87%E3%81%86%E3%80%8D%20%E9%BB%92%E7%9F%B3%E5%B8%82,青森県黒石市大字東野添字長坂道北152番地7,0172-59-2771,厚生労働省オープンデータ,https://www.mhlw.go.jp/content/12300000/jigyosho_150.csv,2025-12末,https://www.google.com/search?q=%E3%83%87%E3%82%A4%E3%82%B5%E3%83%BC%E3%83%93%E3%82%B9%E3%80%8C%E3%82%86%E3%81%86%E3%81%98%E3%82%87%E3%81%86%E3%80%8D%20%E9%BB%92%E7%9F%B3%E5%B8%82
あかねデイサービスセンター,デイサービス,青森県,五所川原市,"介護,デイサービス",日中に通って食事・入浴・機能訓練・見守りなどを受けるサービスです。,wakanakai.com,五所川原市大字前田野目字長峰112-2,0173-29-3532,厚生労働省オープンデータ,https://www.mhlw.go.jp/content/12300000/jigyosho_150.csv,2025-12末,https://www.google.com/search?q=%E3%81%82%E3%81%8B%E3%81%AD%E3%83%87%E3%82%A4%E3%82%B5%E3%83%BC%E3%83%93%E3%82%B9%E3%82%BB%E3%83%B3%E3%82%BF%E3%83%BC%20%E4%BA%94%E6%89%80%E5%B7%9D%E5%8E%9F%E5%B8%82
さかえデイサービスセンター,デイサービス,青森県,五所川原市,"介護,デイサービス",日中に通って食事・入浴・機能訓練・見守りなどを受けるサービスです。,https://www.google.com/search?q=%E3%81%95%E3%81%8B%E3%81%88%E3%83%87%E3%82%A4%E3%82%B5%E3%83%BC%E3%83%93%E3%82%B9%E3%82%BB%E3%83%B3%E3%82%BF%E3%83%BC%20%E4%BA%94%E6%89%80%E5%B7%9D%E5%8E%9F%E5%B8%82,五所川原市大字水野尾字懸樋222-3,0173-38-3000,厚生労働省オープンデータ,https://www.mhlw.go.jp/content/12300000/jigyosho_150.csv,2025-12末,https://www.google.com/search?q=%E3%81%95%E3%81%8B%E3%81%88%E3%83%87%E3%82%A4%E3%82%B5%E3%83%BC%E3%83%93%E3%82%B9%E3%82%BB%E3%83%B3%E3%82%BF%E3%83%BC%20%E4%BA%94%E6%89%80%E5%B7%9D%E5%8E%9F%E5%B8%82
デイサービスセンターラサンブレ御所,デイサービス,青森県,五所川原市,"介護,デイサービス",日中に通って食事・入浴・機能訓練・見守りなどを受けるサービスです。,www.seizanso.or.jp/,青森県五所川原市栄町７０番地４,0173-23-0215,厚生労働省オープンデータ,https://www.mhlw.go.jp/content/12300000/jigyosho_150.csv,2025-12末,https://www.google.com/search?q=%E3%83%87%E3%82%A4%E3%82%B5%E3%83%BC%E3%83%93%E3%82%B9%E3%82%BB%E3%83%B3%E3%82%BF%E3%83%BC%E3%83%A9%E3%82%B5%E3%83%B3%E3%83%96%E3%83%AC%E5%BE%A1%E6%89%80%20%E4%BA%94%E6%89%80%E5%B7%9D%E5%8E%9F%E5%B8%82
有限会社　ケアサービスたんぽぽ,デイサービス,青森県,五所川原市,"介護,デイサービス",日中に通って食事・入浴・機能訓練・見守りなどを受けるサービスです。,https://www.google.com/search?q=%E6%9C%89%E9%99%90%E4%BC%9A%E7%A4%BE%E3%80%80%E3%82%B1%E3%82%A2%E3%82%B5%E3%83%BC%E3%83%93%E3%82%B9%E3%81%9F%E3%82%93%E3%81%BD%E3%81%BD%20%E4%BA%94%E6%89%80%E5%B7%9D%E5%8E%9F%E5%B8%82,青森県五所川原市金木町芦野２００－２６７,0173-54-2770,厚生労働省オープンデータ,https://www.mhlw.go.jp/content/12300000/jigyosho_150.csv,2025-12末,https://www.google.com/search?q=%E6%9C%89%E9%99%90%E4%BC%9A%E7%A4%BE%E3%80%80%E3%82%B1%E3%82%A2%E3%82%B5%E3%83%BC%E3%83%93%E3%82%B9%E3%81%9F%E3%82%93%E3%81%BD%E3%81%BD%20%E4%BA%94%E6%89%80%E5%B7%9D%E5%8E%9F%E5%B8%82
祥光苑デイサービスセンター,デイサービス,青森県,五所川原市,"介護,デイサービス",日中に通って食事・入浴・機能訓練・見守りなどを受けるサービスです。,//www.shokoen.or.jp,青森県五所川原市大字沖飯詰字帯刀３５７番地１,0173-36-3300,厚生労働省オープンデータ,https://www.mhlw.go.jp/content/12300000/jigyosho_150.csv,2025-12末,https://www.google.com/search?q=%E7%A5%A5%E5%85%89%E8%8B%91%E3%83%87%E3%82%A4%E3%82%B5%E3%83%BC%E3%83%93%E3%82%B9%E3%82%BB%E3%83%B3%E3%82%BF%E3%83%BC%20%E4%BA%94%E6%89%80%E5%B7%9D%E5%8E%9F%E5%B8%82
青山荘デイサービスセンター,デイサービス,青森県,五所川原市,"介護,デイサービス",日中に通って食事・入浴・機能訓練・見守りなどを受けるサービスです。,http://www.seizanso.or.jp/,青森県五所川原市大字金山字盛山４２－８,0173-35-5225,厚生労働省オープンデータ,https://www.mhlw.go.jp/content/12300000/jigyosho_150.csv,2025-12末,https://www.google.com/search?q=%E9%9D%92%E5%B1%B1%E8%8D%98%E3%83%87%E3%82%A4%E3%82%B5%E3%83%BC%E3%83%93%E3%82%B9%E3%82%BB%E3%83%B3%E3%82%BF%E3%83%BC%20%E4%BA%94%E6%89%80%E5%B7%9D%E5%8E%9F%E5%B8%82
五所川原市地域福祉センター,デイサービス,青森県,五所川原市,"介護,デイサービス",日中に通って食事・入浴・機能訓練・見守りなどを受けるサービスです。,http://gccsw.net/sisetu/sisetuindex.html,青森県五所川原市字幾世森２４番地３８,0173-33-0702,厚生労働省オープンデータ,https://www.mhlw.go.jp/content/12300000/jigyosho_150.csv,2025-12末,https://www.google.com/search?q=%E4%BA%94%E6%89%80%E5%B7%9D%E5%8E%9F%E5%B8%82%E5%9C%B0%E5%9F%9F%E7%A6%8F%E7%A5%89%E3%82%BB%E3%83%B3%E3%82%BF%E3%83%BC%20%E4%BA%94%E6%89%80%E5%B7%9D%E5%8E%9F%E5%B8%82
うめたデイサービスセンター,デイサービス,青森県,五所川原市,"介護,デイサービス",日中に通って食事・入浴・機能訓練・見守りなどを受けるサービスです。,http://www4.plala.or.jp/umeta/index.html,青森県五所川原市大字梅田字福浦４０５－２,0173-27-1122,厚生労働省オープンデータ,https://www.mhlw.go.jp/content/12300000/jigyosho_150.csv,2025-12末,https://www.google.com/search?q=%E3%81%86%E3%82%81%E3%81%9F%E3%83%87%E3%82%A4%E3%82%B5%E3%83%BC%E3%83%93%E3%82%B9%E3%82%BB%E3%83%B3%E3%82%BF%E3%83%BC%20%E4%BA%94%E6%89%80%E5%B7%9D%E5%8E%9F%E5%B8%82
あけぼのデイサービスセンター,デイサービス,青森県,五所川原市,"介護,デイサービス",日中に通って食事・入浴・機能訓練・見守りなどを受けるサービスです。,https://www.google.com/search?q=%E3%81%82%E3%81%91%E3%81%BC%E3%81%AE%E3%83%87%E3%82%A4%E3%82%B5%E3%83%BC%E3%83%93%E3%82%B9%E3%82%BB%E3%83%B3%E3%82%BF%E3%83%BC%20%E4%BA%94%E6%89%80%E5%B7%9D%E5%8E%9F%E5%B8%82,青森県五所川原市長橋字橋元75-1,0173-26-7108,厚生労働省オープンデータ,https://www.mhlw.go.jp/content/12300000/jigyosho_150.csv,2025-12末,https://www.google.com/search?q=%E3%81%82%E3%81%91%E3%81%BC%E3%81%AE%E3%83%87%E3%82%A4%E3%82%B5%E3%83%BC%E3%83%93%E3%82%B9%E3%82%BB%E3%83%B3%E3%82%BF%E3%83%BC%20%E4%BA%94%E6%89%80%E5%B7%9D%E5%8E%9F%E5%B8%82
社会福祉法人　白生会　デイサービス　けやき,デイサービス,青森県,五所川原市,"介護,デイサービス",日中に通って食事・入浴・機能訓練・見守りなどを受けるサービスです。,http://welfare.hakuseikai.com/,青森県五所川原市字敷島町１番地３,0173-38-3380,厚生労働省オープンデータ,https://www.mhlw.go.jp/content/12300000/jigyosho_150.csv,2025-12末,https://www.google.com/search?q=%E7%A4%BE%E4%BC%9A%E7%A6%8F%E7%A5%89%E6%B3%95%E4%BA%BA%E3%80%80%E7%99%BD%E7%94%9F%E4%BC%9A%E3%80%80%E3%83%87%E3%82%A4%E3%82%B5%E3%83%BC%E3%83%93%E3%82%B9%E3%80%80%E3%81%91%E3%82%84%E3%81%8D%20%E4%BA%94%E6%89%80%E5%B7%9D%E5%8E%9F%E5%B8%82
市浦生活支援ハウス,デイサービス,青森県,五所川原市,"介護,デイサービス",日中に通って食事・入浴・機能訓練・見守りなどを受けるサービスです。,http://gccsw.net/,青森県五所川原市相内３２１番地,0173-62-3285,厚生労働省オープンデータ,https://www.mhlw.go.jp/content/12300000/jigyosho_150.csv,2025-12末,https://www.google.com/search?q=%E5%B8%82%E6%B5%A6%E7%94%9F%E6%B4%BB%E6%94%AF%E6%8F%B4%E3%83%8F%E3%82%A6%E3%82%B9%20%E4%BA%94%E6%89%80%E5%B7%9D%E5%8E%9F%E5%B8%82
デイサービスセンターひかり,デイサービス,青森県,五所川原市,"介護,デイサービス",日中に通って食事・入浴・機能訓練・見守りなどを受けるサービスです。,https://www.google.com/search?q=%E3%83%87%E3%82%A4%E3%82%B5%E3%83%BC%E3%83%93%E3%82%B9%E3%82%BB%E3%83%B3%E3%82%BF%E3%83%BC%E3%81%B2%E3%81%8B%E3%82%8A%20%E4%BA%94%E6%89%80%E5%B7%9D%E5%8E%9F%E5%B8%82,青森県五所川原市大字姥萢字桜木255,0173-38-4567,厚生労働省オープンデータ,https://www.mhlw.go.jp/content/12300000/jigyosho_150.csv,2025-12末,https://www.google.com/search?q=%E3%83%87%E3%82%A4%E3%82%B5%E3%83%BC%E3%83%93%E3%82%B9%E3%82%BB%E3%83%B3%E3%82%BF%E3%83%BC%E3%81%B2%E3%81%8B%E3%82%8A%20%E4%BA%94%E6%89%80%E5%B7%9D%E5%8E%9F%E5%B8%82
デイサービスセンターあしの園,デイサービス,青森県,五所川原市,"介護,デイサービス",日中に通って食事・入浴・機能訓練・見守りなどを受けるサービスです。,http：//asino-kai.com,青森県五所川原市金木町川倉七夕野84-442,0713-54-1003,厚生労働省オープンデータ,https://www.mhlw.go.jp/content/12300000/jigyosho_150.csv,2025-12末,https://www.google.com/search?q=%E3%83%87%E3%82%A4%E3%82%B5%E3%83%BC%E3%83%93%E3%82%B9%E3%82%BB%E3%83%B3%E3%82%BF%E3%83%BC%E3%81%82%E3%81%97%E3%81%AE%E5%9C%92%20%E4%BA%94%E6%89%80%E5%B7%9D%E5%8E%9F%E5%B8%82
さかもとデイサービスセンター,デイサービス,青森県,五所川原市,"介護,デイサービス",日中に通って食事・入浴・機能訓練・見守りなどを受けるサービスです。,http://www.sakamoto-sekkotu-in.com/,青森県五所川原市字鎌谷町519番地5,0173-23-3266,厚生労働省オープンデータ,https://www.mhlw.go.jp/content/12300000/jigyosho_150.csv,2025-12末,https://www.google.com/search?q=%E3%81%95%E3%81%8B%E3%82%82%E3%81%A8%E3%83%87%E3%82%A4%E3%82%B5%E3%83%BC%E3%83%93%E3%82%B9%E3%82%BB%E3%83%B3%E3%82%BF%E3%83%BC%20%E4%BA%94%E6%89%80%E5%B7%9D%E5%8E%9F%E5%B8%82
デイサービスセンターまごころ,デイサービス,青森県,五所川原市,"介護,デイサービス",日中に通って食事・入浴・機能訓練・見守りなどを受けるサービスです。,https://www.google.com/search?q=%E3%83%87%E3%82%A4%E3%82%B5%E3%83%BC%E3%83%93%E3%82%B9%E3%82%BB%E3%83%B3%E3%82%BF%E3%83%BC%E3%81%BE%E3%81%94%E3%81%93%E3%82%8D%20%E4%BA%94%E6%89%80%E5%B7%9D%E5%8E%9F%E5%B8%82,青森県五所川原市大字唐笠柳字藤巻478－17,0173-34-6682,厚生労働省オープンデータ,https://www.mhlw.go.jp/content/12300000/jigyosho_150.csv,2025-12末,https://www.google.com/search?q=%E3%83%87%E3%82%A4%E3%82%B5%E3%83%BC%E3%83%93%E3%82%B9%E3%82%BB%E3%83%B3%E3%82%BF%E3%83%BC%E3%81%BE%E3%81%94%E3%81%93%E3%82%8D%20%E4%BA%94%E6%89%80%E5%B7%9D%E5%8E%9F%E5%B8%82
デイサービス　ライラック,デイサービス,青森県,五所川原市,"介護,デイサービス",日中に通って食事・入浴・機能訓練・見守りなどを受けるサービスです。,http://lilac-group.jp,青森県五所川原市福山実吉72-3,0173-29-2015,厚生労働省オープンデータ,https://www.mhlw.go.jp/content/12300000/jigyosho_150.csv,2025-12末,https://www.google.com/search?q=%E3%83%87%E3%82%A4%E3%82%B5%E3%83%BC%E3%83%93%E3%82%B9%E3%80%80%E3%83%A9%E3%82%A4%E3%83%A9%E3%83%83%E3%82%AF%20%E4%BA%94%E6%89%80%E5%B7%9D%E5%8E%9F%E5%B8%82
通所介護事業所　さかもと広場,デイサービス,青森県,五所川原市,"介護,デイサービス",日中に通って食事・入浴・機能訓練・見守りなどを受けるサービスです。,http://sakamoto-sekkotu-in.com/,青森県五所川原市大字広田字榊森51-7,0173-34-0168,厚生労働省オープンデータ,https://www.mhlw.go.jp/content/12300000/jigyosho_150.csv,2025-12末,https://www.google.com/search?q=%E9%80%9A%E6%89%80%E4%BB%8B%E8%AD%B7%E4%BA%8B%E6%A5%AD%E6%89%80%E3%80%80%E3%81%95%E3%81%8B%E3%82%82%E3%81%A8%E5%BA%83%E5%A0%B4%20%E4%BA%94%E6%89%80%E5%B7%9D%E5%8E%9F%E5%B8%82
デイサービスのざと,デイサービス,青森県,五所川原市,"介護,デイサービス",日中に通って食事・入浴・機能訓練・見守りなどを受けるサービスです。,http://www.masuda-hp.net,青森県五所川原市大字神山字牧原56-1,0173-26-6303,厚生労働省オープンデータ,https://www.mhlw.go.jp/content/12300000/jigyosho_150.csv,2025-12末,https://www.google.com/search?q=%E3%83%87%E3%82%A4%E3%82%B5%E3%83%BC%E3%83%93%E3%82%B9%E3%81%AE%E3%81%96%E3%81%A8%20%E4%BA%94%E6%89%80%E5%B7%9D%E5%8E%9F%E5%B8%82
デイサービスセンター　ラポール,デイサービス,青森県,五所川原市,"介護,デイサービス",日中に通って食事・入浴・機能訓練・見守りなどを受けるサービスです。,rapport@takushinkai.or.jp,青森県五所川原市大字水野尾字懸樋218番地1,0173-26-7231,厚生労働省オープンデータ,https://www.mhlw.go.jp/content/12300000/jigyosho_150.csv,2025-12末,https://www.google.com/search?q=%E3%83%87%E3%82%A4%E3%82%B5%E3%83%BC%E3%83%93%E3%82%B9%E3%82%BB%E3%83%B3%E3%82%BF%E3%83%BC%E3%80%80%E3%83%A9%E3%83%9D%E3%83%BC%E3%83%AB%20%E4%BA%94%E6%89%80%E5%B7%9D%E5%8E%9F%E5%B8%82
ESCORTデイ　ここあす,デイサービス,青森県,五所川原市,"介護,デイサービス",日中に通って食事・入浴・機能訓練・見守りなどを受けるサービスです。,https://www.google.com/search?q=ESCORT%E3%83%87%E3%82%A4%E3%80%80%E3%81%93%E3%81%93%E3%81%82%E3%81%99%20%E4%BA%94%E6%89%80%E5%B7%9D%E5%8E%9F%E5%B8%82,青森県五所川原市栄町26番地,0173-23-0784,厚生労働省オープンデータ,https://www.mhlw.go.jp/content/12300000/jigyosho_150.csv,2025-12末,https://www.google.com/search?q=ESCORT%E3%83%87%E3%82%A4%E3%80%80%E3%81%93%E3%81%93%E3%81%82%E3%81%99%20%E4%BA%94%E6%89%80%E5%B7%9D%E5%8E%9F%E5%B8%82
五所川原リハビリ倶楽部,デイサービス,青森県,五所川原市,"介護,デイサービス",日中に通って食事・入浴・機能訓練・見守りなどを受けるサービスです。,http://www.takushinkai.or.jp,青森県五所川原市大字水野尾字懸樋222-1,0173-38-3521,厚生労働省オープンデータ,https://www.mhlw.go.jp/content/12300000/jigyosho_150.csv,2025-12末,https://www.google.com/search?q=%E4%BA%94%E6%89%80%E5%B7%9D%E5%8E%9F%E3%83%AA%E3%83%8F%E3%83%93%E3%83%AA%E5%80%B6%E6%A5%BD%E9%83%A8%20%E4%BA%94%E6%89%80%E5%B7%9D%E5%8E%9F%E5%B8%82
デイサービス　浅井,デイサービス,青森県,五所川原市,"介護,デイサービス",日中に通って食事・入浴・機能訓練・見守りなどを受けるサービスです。,asaidey@takushinkai.or.jp,浅井字色吉163番地1,0173-23-5481,厚生労働省オープンデータ,https://www.mhlw.go.jp/content/12300000/jigyosho_150.csv,2025-12末,https://www.google.com/search?q=%E3%83%87%E3%82%A4%E3%82%B5%E3%83%BC%E3%83%93%E3%82%B9%E3%80%80%E6%B5%85%E4%BA%95%20%E4%BA%94%E6%89%80%E5%B7%9D%E5%8E%9F%E5%B8%82
五所川原市社会福祉協議会金木支所,デイサービス,青森県,五所川原市,"介護,デイサービス",日中に通って食事・入浴・機能訓練・見守りなどを受けるサービスです。,https://www.google.com/search?q=%E4%BA%94%E6%89%80%E5%B7%9D%E5%8E%9F%E5%B8%82%E7%A4%BE%E4%BC%9A%E7%A6%8F%E7%A5%89%E5%8D%94%E8%AD%B0%E4%BC%9A%E9%87%91%E6%9C%A8%E6%94%AF%E6%89%80%20%E4%BA%94%E6%89%80%E5%B7%9D%E5%8E%9F%E5%B8%82,五所川原市金木町川倉七夕野426番地11,0173-54-1051,厚生労働省オープンデータ,https://www.mhlw.go.jp/content/12300000/jigyosho_150.csv,2025-12末,https://www.google.com/search?q=%E4%BA%94%E6%89%80%E5%B7%9D%E5%8E%9F%E5%B8%82%E7%A4%BE%E4%BC%9A%E7%A6%8F%E7%A5%89%E5%8D%94%E8%AD%B0%E4%BC%9A%E9%87%91%E6%9C%A8%E6%94%AF%E6%89%80%20%E4%BA%94%E6%89%80%E5%B7%9D%E5%8E%9F%E5%B8%82
トコスデイサービス,デイサービス,青森県,十和田市,"介護,デイサービス",日中に通って食事・入浴・機能訓練・見守りなどを受けるサービスです。,http://tocos.main.jp/,青森県十和田市一本木沢１丁目１１－２２,0176-51-3778,厚生労働省オープンデータ,https://www.mhlw.go.jp/content/12300000/jigyosho_150.csv,2025-12末,https://www.google.com/search?q=%E3%83%88%E3%82%B3%E3%82%B9%E3%83%87%E3%82%A4%E3%82%B5%E3%83%BC%E3%83%93%E3%82%B9%20%E5%8D%81%E5%92%8C%E7%94%B0%E5%B8%82
デイサービスセンター　まちなか,デイサービス,青森県,十和田市,"介護,デイサービス",日中に通って食事・入浴・機能訓練・見守りなどを受けるサービスです。,http://ikigai.towada.net,青森県十和田市東三番町1-6生きがいプラザ　1階,0176-51-0144,厚生労働省オープンデータ,https://www.mhlw.go.jp/content/12300000/jigyosho_150.csv,2025-12末,https://www.google.com/search?q=%E3%83%87%E3%82%A4%E3%82%B5%E3%83%BC%E3%83%93%E3%82%B9%E3%82%BB%E3%83%B3%E3%82%BF%E3%83%BC%E3%80%80%E3%81%BE%E3%81%A1%E3%81%AA%E3%81%8B%20%E5%8D%81%E5%92%8C%E7%94%B0%E5%B8%82
コンパスウォーク十和田中央,デイサービス,青森県,十和田市,"介護,デイサービス",日中に通って食事・入浴・機能訓練・見守りなどを受けるサービスです。,https://www.google.com/search?q=%E3%82%B3%E3%83%B3%E3%83%91%E3%82%B9%E3%82%A6%E3%82%A9%E3%83%BC%E3%82%AF%E5%8D%81%E5%92%8C%E7%94%B0%E4%B8%AD%E5%A4%AE%20%E5%8D%81%E5%92%8C%E7%94%B0%E5%B8%82,青森県十和田市稲生町17-11,0176-58-7174,厚生労働省オープンデータ,https://www.mhlw.go.jp/content/12300000/jigyosho_150.csv,2025-12末,https://www.google.com/search?q=%E3%82%B3%E3%83%B3%E3%83%91%E3%82%B9%E3%82%A6%E3%82%A9%E3%83%BC%E3%82%AF%E5%8D%81%E5%92%8C%E7%94%B0%E4%B8%AD%E5%A4%AE%20%E5%8D%81%E5%92%8C%E7%94%B0%E5%B8%82
デイサービスセンターなかよし荘,デイサービス,青森県,十和田市,"介護,デイサービス",日中に通って食事・入浴・機能訓練・見守りなどを受けるサービスです。,http://www.nakayoshi-sou.or.jp,青森県十和田市大字深持字南平３１２－４,0176-20-1622,厚生労働省オープンデータ,https://www.mhlw.go.jp/content/12300000/jigyosho_150.csv,2025-12末,https://www.google.com/search?q=%E3%83%87%E3%82%A4%E3%82%B5%E3%83%BC%E3%83%93%E3%82%B9%E3%82%BB%E3%83%B3%E3%82%BF%E3%83%BC%E3%81%AA%E3%81%8B%E3%82%88%E3%81%97%E8%8D%98%20%E5%8D%81%E5%92%8C%E7%94%B0%E5%B8%82
十和田デイサービスセンター,デイサービス,青森県,十和田市,"介護,デイサービス",日中に通って食事・入浴・機能訓練・見守りなどを受けるサービスです。,http://www.fukushinosato.com,青森県十和田市西二十三番町30-36,0176-21-1122,厚生労働省オープンデータ,https://www.mhlw.go.jp/content/12300000/jigyosho_150.csv,2025-12末,https://www.google.com/search?q=%E5%8D%81%E5%92%8C%E7%94%B0%E3%83%87%E3%82%A4%E3%82%B5%E3%83%BC%E3%83%93%E3%82%B9%E3%82%BB%E3%83%B3%E3%82%BF%E3%83%BC%20%E5%8D%81%E5%92%8C%E7%94%B0%E5%B8%82
デイサービスセンターきゃんぱす,デイサービス,青森県,十和田市,"介護,デイサービス",日中に通って食事・入浴・機能訓練・見守りなどを受けるサービスです。,http：//www.towadakokai.jp,十和田市大字相坂字小林76-5,0176-20-1855,厚生労働省オープンデータ,https://www.mhlw.go.jp/content/12300000/jigyosho_150.csv,2025-12末,https://www.google.com/search?q=%E3%83%87%E3%82%A4%E3%82%B5%E3%83%BC%E3%83%93%E3%82%B9%E3%82%BB%E3%83%B3%E3%82%BF%E3%83%BC%E3%81%8D%E3%82%83%E3%82%93%E3%81%B1%E3%81%99%20%E5%8D%81%E5%92%8C%E7%94%B0%E5%B8%82
ＪＡ十和田おいらせデイサービスセンター「きずな」,デイサービス,青森県,十和田市,"介護,デイサービス",日中に通って食事・入浴・機能訓練・見守りなどを受けるサービスです。,http://care-net.biz/02/kizuna/,十和田市東一番町6-5,0176-21-5335,厚生労働省オープンデータ,https://www.mhlw.go.jp/content/12300000/jigyosho_150.csv,2025-12末,https://www.google.com/search?q=%EF%BC%AA%EF%BC%A1%E5%8D%81%E5%92%8C%E7%94%B0%E3%81%8A%E3%81%84%E3%82%89%E3%81%9B%E3%83%87%E3%82%A4%E3%82%B5%E3%83%BC%E3%83%93%E3%82%B9%E3%82%BB%E3%83%B3%E3%82%BF%E3%83%BC%E3%80%8C%E3%81%8D%E3%81%9A%E3%81%AA%E3%80%8D%20%E5%8D%81%E5%92%8C%E7%94%B0%E5%B8%82
青い森ケアうるおい,デイサービス,青森県,十和田市,"介護,デイサービス",日中に通って食事・入浴・機能訓練・見守りなどを受けるサービスです。,http://aoimori-care.com/,青森県十和田市大字三本木字西小稲206-2,0176-25-7788,厚生労働省オープンデータ,https://www.mhlw.go.jp/content/12300000/jigyosho_150.csv,2025-12末,https://www.google.com/search?q=%E9%9D%92%E3%81%84%E6%A3%AE%E3%82%B1%E3%82%A2%E3%81%86%E3%82%8B%E3%81%8A%E3%81%84%20%E5%8D%81%E5%92%8C%E7%94%B0%E5%B8%82
デイサービスセンター八甲荘,デイサービス,青森県,十和田市,"介護,デイサービス",日中に通って食事・入浴・機能訓練・見守りなどを受けるサービスです。,http://hakkoudakai.jp,大字相坂字高清水７８－２３２,0176-58-5560,厚生労働省オープンデータ,https://www.mhlw.go.jp/content/12300000/jigyosho_150.csv,2025-12末,https://www.google.com/search?q=%E3%83%87%E3%82%A4%E3%82%B5%E3%83%BC%E3%83%93%E3%82%B9%E3%82%BB%E3%83%B3%E3%82%BF%E3%83%BC%E5%85%AB%E7%94%B2%E8%8D%98%20%E5%8D%81%E5%92%8C%E7%94%B0%E5%B8%82
デイサービスセンターよつ葉,デイサービス,青森県,十和田市,"介護,デイサービス",日中に通って食事・入浴・機能訓練・見守りなどを受けるサービスです。,http://www.yotuba4968.com,青森県十和田市東十一番町２３番３５号,0176-58-5757,厚生労働省オープンデータ,https://www.mhlw.go.jp/content/12300000/jigyosho_150.csv,2025-12末,https://www.google.com/search?q=%E3%83%87%E3%82%A4%E3%82%B5%E3%83%BC%E3%83%93%E3%82%B9%E3%82%BB%E3%83%B3%E3%82%BF%E3%83%BC%E3%82%88%E3%81%A4%E8%91%89%20%E5%8D%81%E5%92%8C%E7%94%B0%E5%B8%82
デイサービスセンターおいらせ,デイサービス,青森県,十和田市,"介護,デイサービス",日中に通って食事・入浴・機能訓練・見守りなどを受けるサービスです。,http://www.sg-kumiai.or.jp/oirase/index.htm,青森県十和田市大字奥瀬字中平155,0176-72-2400,厚生労働省オープンデータ,https://www.mhlw.go.jp/content/12300000/jigyosho_150.csv,2025-12末,https://www.google.com/search?q=%E3%83%87%E3%82%A4%E3%82%B5%E3%83%BC%E3%83%93%E3%82%B9%E3%82%BB%E3%83%B3%E3%82%BF%E3%83%BC%E3%81%8A%E3%81%84%E3%82%89%E3%81%9B%20%E5%8D%81%E5%92%8C%E7%94%B0%E5%B8%82
ほっと荘デイサービス,デイサービス,青森県,三沢市,"介護,デイサービス",日中に通って食事・入浴・機能訓練・見守りなどを受けるサービスです。,https://www.google.com/search?q=%E3%81%BB%E3%81%A3%E3%81%A8%E8%8D%98%E3%83%87%E3%82%A4%E3%82%B5%E3%83%BC%E3%83%93%E3%82%B9%20%E4%B8%89%E6%B2%A2%E5%B8%82,青森県三沢市緑町１丁目２－１０,0176574747,厚生労働省オープンデータ,https://www.mhlw.go.jp/content/12300000/jigyosho_150.csv,2025-12末,https://www.google.com/search?q=%E3%81%BB%E3%81%A3%E3%81%A8%E8%8D%98%E3%83%87%E3%82%A4%E3%82%B5%E3%83%BC%E3%83%93%E3%82%B9%20%E4%B8%89%E6%B2%A2%E5%B8%82
ニチイケアセンター三沢,デイサービス,青森県,三沢市,"介護,デイサービス",日中に通って食事・入浴・機能訓練・見守りなどを受けるサービスです。,http:/www.nichiigakkan.co.jp,青森県三沢市大町2丁目8-3,0176-50-1715,厚生労働省オープンデータ,https://www.mhlw.go.jp/content/12300000/jigyosho_150.csv,2025-12末,https://www.google.com/search?q=%E3%83%8B%E3%83%81%E3%82%A4%E3%82%B1%E3%82%A2%E3%82%BB%E3%83%B3%E3%82%BF%E3%83%BC%E4%B8%89%E6%B2%A2%20%E4%B8%89%E6%B2%A2%E5%B8%82
ひばり苑デイサービスセンター,デイサービス,青森県,三沢市,"介護,デイサービス",日中に通って食事・入浴・機能訓練・見守りなどを受けるサービスです。,Joukoukai@joukoukai.or.jp,青森県三沢市六川目六丁目２８番地６号,0176-59-3601,厚生労働省オープンデータ,https://www.mhlw.go.jp/content/12300000/jigyosho_150.csv,2025-12末,https://www.google.com/search?q=%E3%81%B2%E3%81%B0%E3%82%8A%E8%8B%91%E3%83%87%E3%82%A4%E3%82%B5%E3%83%BC%E3%83%93%E3%82%B9%E3%82%BB%E3%83%B3%E3%82%BF%E3%83%BC%20%E4%B8%89%E6%B2%A2%E5%B8%82
デイサービスセンターにこにこプラザみさわ,デイサービス,青森県,三沢市,"介護,デイサービス",日中に通って食事・入浴・機能訓練・見守りなどを受けるサービスです。,https://www.jinsenkai.com/,青森県三沢市松園町3丁目2番1号,0176-51-8844,厚生労働省オープンデータ,https://www.mhlw.go.jp/content/12300000/jigyosho_150.csv,2025-12末,https://www.google.com/search?q=%E3%83%87%E3%82%A4%E3%82%B5%E3%83%BC%E3%83%93%E3%82%B9%E3%82%BB%E3%83%B3%E3%82%BF%E3%83%BC%E3%81%AB%E3%81%93%E3%81%AB%E3%81%93%E3%83%97%E3%83%A9%E3%82%B6%E3%81%BF%E3%81%95%E3%82%8F%20%E4%B8%89%E6%B2%A2%E5%B8%82
合同会社All-gooo　歩行・リハビリ特化型デイサービス　アルクGYM,デイサービス,青森県,三沢市,"介護,デイサービス",日中に通って食事・入浴・機能訓練・見守りなどを受けるサービスです。,https://www.google.com/search?q=%E5%90%88%E5%90%8C%E4%BC%9A%E7%A4%BEAll-gooo%E3%80%80%E6%AD%A9%E8%A1%8C%E3%83%BB%E3%83%AA%E3%83%8F%E3%83%93%E3%83%AA%E7%89%B9%E5%8C%96%E5%9E%8B%E3%83%87%E3%82%A4%E3%82%B5%E3%83%BC%E3%83%93%E3%82%B9%E3%80%80%E3%82%A2%E3%83%AB%E3%82%AFGYM%20%E4%B8%89%E6%B2%A2%E5%B8%82,松園町2丁目19-9,0176-66-7638,厚生労働省オープンデータ,https://www.mhlw.go.jp/content/12300000/jigyosho_150.csv,2025-12末,https://www.google.com/search?q=%E5%90%88%E5%90%8C%E4%BC%9A%E7%A4%BEAll-gooo%E3%80%80%E6%AD%A9%E8%A1%8C%E3%83%BB%E3%83%AA%E3%83%8F%E3%83%93%E3%83%AA%E7%89%B9%E5%8C%96%E5%9E%8B%E3%83%87%E3%82%A4%E3%82%B5%E3%83%BC%E3%83%93%E3%82%B9%E3%80%80%E3%82%A2%E3%83%AB%E3%82%AFGYM%20%E4%B8%89%E6%B2%A2%E5%B8%82
むらなかデイサービス,デイサービス,青森県,むつ市,"介護,デイサービス",日中に通って食事・入浴・機能訓練・見守りなどを受けるサービスです。,http://www.muranaka.or.jp/aisatu.html,青森県むつ市新町１０－４６,0175-23-5595,厚生労働省オープンデータ,https://www.mhlw.go.jp/content/12300000/jigyosho_150.csv,2025-12末,https://www.google.com/search?q=%E3%82%80%E3%82%89%E3%81%AA%E3%81%8B%E3%83%87%E3%82%A4%E3%82%B5%E3%83%BC%E3%83%93%E3%82%B9%20%E3%82%80%E3%81%A4%E5%B8%82
夢・プラザデイサービスセンター,デイサービス,青森県,むつ市,"介護,デイサービス",日中に通って食事・入浴・機能訓練・見守りなどを受けるサービスです。,yumeplaza@bloom.ocn.ne.jp,大畑町中島60-1,0175-34-6251,厚生労働省オープンデータ,https://www.mhlw.go.jp/content/12300000/jigyosho_150.csv,2025-12末,https://www.google.com/search?q=%E5%A4%A2%E3%83%BB%E3%83%97%E3%83%A9%E3%82%B6%E3%83%87%E3%82%A4%E3%82%B5%E3%83%BC%E3%83%93%E3%82%B9%E3%82%BB%E3%83%B3%E3%82%BF%E3%83%BC%20%E3%82%80%E3%81%A4%E5%B8%82
ふれあいかんデイサービスセンター,デイサービス,青森県,むつ市,"介護,デイサービス",日中に通って食事・入浴・機能訓練・見守りなどを受けるサービスです。,http://sankeikai-aomori.com/,青森県むつ市大畑町観音堂25-1むつ市総合福祉センターふれあいかん,0175-34-4477,厚生労働省オープンデータ,https://www.mhlw.go.jp/content/12300000/jigyosho_150.csv,2025-12末,https://www.google.com/search?q=%E3%81%B5%E3%82%8C%E3%81%82%E3%81%84%E3%81%8B%E3%82%93%E3%83%87%E3%82%A4%E3%82%B5%E3%83%BC%E3%83%93%E3%82%B9%E3%82%BB%E3%83%B3%E3%82%BF%E3%83%BC%20%E3%82%80%E3%81%A4%E5%B8%82
恵光園デイサービスセンター,デイサービス,青森県,むつ市,"介護,デイサービス",日中に通って食事・入浴・機能訓練・見守りなどを受けるサービスです。,https://www.google.com/search?q=%E6%81%B5%E5%85%89%E5%9C%92%E3%83%87%E3%82%A4%E3%82%B5%E3%83%BC%E3%83%93%E3%82%B9%E3%82%BB%E3%83%B3%E3%82%BF%E3%83%BC%20%E3%82%80%E3%81%A4%E5%B8%82,青森県むつ市大字奥内字11番3号,0175-26-3227,厚生労働省オープンデータ,https://www.mhlw.go.jp/content/12300000/jigyosho_150.csv,2025-12末,https://www.google.com/search?q=%E6%81%B5%E5%85%89%E5%9C%92%E3%83%87%E3%82%A4%E3%82%B5%E3%83%BC%E3%83%93%E3%82%B9%E3%82%BB%E3%83%B3%E3%82%BF%E3%83%BC%20%E3%82%80%E3%81%A4%E5%B8%82
デイセンター桜木,デイサービス,青森県,むつ市,"介護,デイサービス",日中に通って食事・入浴・機能訓練・見守りなどを受けるサービスです。,https://sakuragien.sakuragikai.net,青森県むつ市中央二丁目23-1,0175-29-1225,厚生労働省オープンデータ,https://www.mhlw.go.jp/content/12300000/jigyosho_150.csv,2025-12末,https://www.google.com/search?q=%E3%83%87%E3%82%A4%E3%82%BB%E3%83%B3%E3%82%BF%E3%83%BC%E6%A1%9C%E6%9C%A8%20%E3%82%80%E3%81%A4%E5%B8%82
ニチイケアセンターむつ,デイサービス,青森県,むつ市,"介護,デイサービス",日中に通って食事・入浴・機能訓練・見守りなどを受けるサービスです。,http://nichiigakkan.co.jp,青森県むつ市関根字北関根205-4,0175-45-1531,厚生労働省オープンデータ,https://www.mhlw.go.jp/content/12300000/jigyosho_150.csv,2025-12末,https://www.google.com/search?q=%E3%83%8B%E3%83%81%E3%82%A4%E3%82%B1%E3%82%A2%E3%82%BB%E3%83%B3%E3%82%BF%E3%83%BC%E3%82%80%E3%81%A4%20%E3%82%80%E3%81%A4%E5%B8%82
いりえデイサービスセンター,デイサービス,青森県,むつ市,"介護,デイサービス",日中に通って食事・入浴・機能訓練・見守りなどを受けるサービスです。,https://www.google.com/search?q=%E3%81%84%E3%82%8A%E3%81%88%E3%83%87%E3%82%A4%E3%82%B5%E3%83%BC%E3%83%93%E3%82%B9%E3%82%BB%E3%83%B3%E3%82%BF%E3%83%BC%20%E3%82%80%E3%81%A4%E5%B8%82,青森県むつ市大字田名部字宮ノ後198-1,0175-33-8220,厚生労働省オープンデータ,https://www.mhlw.go.jp/content/12300000/jigyosho_150.csv,2025-12末,https://www.google.com/search?q=%E3%81%84%E3%82%8A%E3%81%88%E3%83%87%E3%82%A4%E3%82%B5%E3%83%BC%E3%83%93%E3%82%B9%E3%82%BB%E3%83%B3%E3%82%BF%E3%83%BC%20%E3%82%80%E3%81%A4%E5%B8%82
デイサービスアイランド,デイサービス,青森県,むつ市,"介護,デイサービス",日中に通って食事・入浴・機能訓練・見守りなどを受けるサービスです。,https://chitsukaoshima0106.wixsite.com/mysite-1,青森県むつ市大湊新町9番43号サービス付き高齢者向け住宅アイランド,0175-31-0890,厚生労働省オープンデータ,https://www.mhlw.go.jp/content/12300000/jigyosho_150.csv,2025-12末,https://www.google.com/search?q=%E3%83%87%E3%82%A4%E3%82%B5%E3%83%BC%E3%83%93%E3%82%B9%E3%82%A2%E3%82%A4%E3%83%A9%E3%83%B3%E3%83%89%20%E3%82%80%E3%81%A4%E5%B8%82
せせらぎデイサービスセンター,デイサービス,青森県,むつ市,"介護,デイサービス",日中に通って食事・入浴・機能訓練・見守りなどを受けるサービスです。,www.yachiyo-kai.com,青森県むつ市川内町獅子畑128番地4,0175-42-3103,厚生労働省オープンデータ,https://www.mhlw.go.jp/content/12300000/jigyosho_150.csv,2025-12末,https://www.google.com/search?q=%E3%81%9B%E3%81%9B%E3%82%89%E3%81%8E%E3%83%87%E3%82%A4%E3%82%B5%E3%83%BC%E3%83%93%E3%82%B9%E3%82%BB%E3%83%B3%E3%82%BF%E3%83%BC%20%E3%82%80%E3%81%A4%E5%B8%82
つがる市社会福祉協議会　デイサービスセンターしゃりき,デイサービス,青森県,つがる市,"介護,デイサービス",日中に通って食事・入浴・機能訓練・見守りなどを受けるサービスです。,http://tsugarushi-shakyo.net/,青森県つがる市豊富町屛風山１-377,0173-56-3051,厚生労働省オープンデータ,https://www.mhlw.go.jp/content/12300000/jigyosho_150.csv,2025-12末,https://www.google.com/search?q=%E3%81%A4%E3%81%8C%E3%82%8B%E5%B8%82%E7%A4%BE%E4%BC%9A%E7%A6%8F%E7%A5%89%E5%8D%94%E8%AD%B0%E4%BC%9A%E3%80%80%E3%83%87%E3%82%A4%E3%82%B5%E3%83%BC%E3%83%93%E3%82%B9%E3%82%BB%E3%83%B3%E3%82%BF%E3%83%BC%E3%81%97%E3%82%83%E3%82%8A%E3%81%8D%20%E3%81%A4%E3%81%8C%E3%82%8B%E5%B8%82
デイサービスセンター武田の湯,デイサービス,青森県,つがる市,"介護,デイサービス",日中に通って食事・入浴・機能訓練・見守りなどを受けるサービスです。,https://www.google.com/search?q=%E3%83%87%E3%82%A4%E3%82%B5%E3%83%BC%E3%83%93%E3%82%B9%E3%82%BB%E3%83%B3%E3%82%BF%E3%83%BC%E6%AD%A6%E7%94%B0%E3%81%AE%E6%B9%AF%20%E3%81%A4%E3%81%8C%E3%82%8B%E5%B8%82,青森県つがる市稲垣町繁田袋井１０９－１９デイサービスセンター武田の湯,0173-69-1919,厚生労働省オープンデータ,https://www.mhlw.go.jp/content/12300000/jigyosho_150.csv,2025-12末,https://www.google.com/search?q=%E3%83%87%E3%82%A4%E3%82%B5%E3%83%BC%E3%83%93%E3%82%B9%E3%82%BB%E3%83%B3%E3%82%BF%E3%83%BC%E6%AD%A6%E7%94%B0%E3%81%AE%E6%B9%AF%20%E3%81%A4%E3%81%8C%E3%82%8B%E5%B8%82
つがる市社会福祉協議会デイサービスセンターかっこうの館,デイサービス,青森県,つがる市,"介護,デイサービス",日中に通って食事・入浴・機能訓練・見守りなどを受けるサービスです。,http://tsugarushi-shaky.net/,青森県つがる市木造若緑５２番地,0173-42-4660,厚生労働省オープンデータ,https://www.mhlw.go.jp/content/12300000/jigyosho_150.csv,2025-12末,https://www.google.com/search?q=%E3%81%A4%E3%81%8C%E3%82%8B%E5%B8%82%E7%A4%BE%E4%BC%9A%E7%A6%8F%E7%A5%89%E5%8D%94%E8%AD%B0%E4%BC%9A%E3%83%87%E3%82%A4%E3%82%B5%E3%83%BC%E3%83%93%E3%82%B9%E3%82%BB%E3%83%B3%E3%82%BF%E3%83%BC%E3%81%8B%E3%81%A3%E3%81%93%E3%81%86%E3%81%AE%E9%A4%A8%20%E3%81%A4%E3%81%8C%E3%82%8B%E5%B8%82
つがる市社会福祉協議会デイサービスセンターいながき,デイサービス,青森県,つがる市,"介護,デイサービス",日中に通って食事・入浴・機能訓練・見守りなどを受けるサービスです。,http://tsugarushi-shakyo.net/,青森県つがる市稲垣町豊川宮川42番地3,0173-46-2305,厚生労働省オープンデータ,https://www.mhlw.go.jp/content/12300000/jigyosho_150.csv,2025-12末,https://www.google.com/search?q=%E3%81%A4%E3%81%8C%E3%82%8B%E5%B8%82%E7%A4%BE%E4%BC%9A%E7%A6%8F%E7%A5%89%E5%8D%94%E8%AD%B0%E4%BC%9A%E3%83%87%E3%82%A4%E3%82%B5%E3%83%BC%E3%83%93%E3%82%B9%E3%82%BB%E3%83%B3%E3%82%BF%E3%83%BC%E3%81%84%E3%81%AA%E3%81%8C%E3%81%8D%20%E3%81%A4%E3%81%8C%E3%82%8B%E5%B8%82
デイサービスセンター　かしわ,デイサービス,青森県,つがる市,"介護,デイサービス",日中に通って食事・入浴・機能訓練・見守りなどを受けるサービスです。,https://www.hakuyuukai.com,青森県つがる市柏桑野木田若宮２５８番地１,0173-25-2464,厚生労働省オープンデータ,https://www.mhlw.go.jp/content/12300000/jigyosho_150.csv,2025-12末,https://www.google.com/search?q=%E3%83%87%E3%82%A4%E3%82%B5%E3%83%BC%E3%83%93%E3%82%B9%E3%82%BB%E3%83%B3%E3%82%BF%E3%83%BC%E3%80%80%E3%81%8B%E3%81%97%E3%82%8F%20%E3%81%A4%E3%81%8C%E3%82%8B%E5%B8%82
つがる市社会福祉協議会　デイサービスセンターあーすとぴあ,デイサービス,青森県,つがる市,"介護,デイサービス",日中に通って食事・入浴・機能訓練・見守りなどを受けるサービスです。,http://tsugarushi-shakyo.net/,青森県つがる市森田町森田月見野２７７番地３,0173-49-7037,厚生労働省オープンデータ,https://www.mhlw.go.jp/content/12300000/jigyosho_150.csv,2025-12末,https://www.google.com/search?q=%E3%81%A4%E3%81%8C%E3%82%8B%E5%B8%82%E7%A4%BE%E4%BC%9A%E7%A6%8F%E7%A5%89%E5%8D%94%E8%AD%B0%E4%BC%9A%E3%80%80%E3%83%87%E3%82%A4%E3%82%B5%E3%83%BC%E3%83%93%E3%82%B9%E3%82%BB%E3%83%B3%E3%82%BF%E3%83%BC%E3%81%82%E3%83%BC%E3%81%99%E3%81%A8%E3%81%B4%E3%81%82%20%E3%81%A4%E3%81%8C%E3%82%8B%E5%B8%82
デイサービスセンター柏風園,デイサービス,青森県,つがる市,"介護,デイサービス",日中に通って食事・入浴・機能訓練・見守りなどを受けるサービスです。,https://hakufuen.com/,青森県つがる市木造筒木坂鳥谷沢１８－９,0173-49-5012,厚生労働省オープンデータ,https://www.mhlw.go.jp/content/12300000/jigyosho_150.csv,2025-12末,https://www.google.com/search?q=%E3%83%87%E3%82%A4%E3%82%B5%E3%83%BC%E3%83%93%E3%82%B9%E3%82%BB%E3%83%B3%E3%82%BF%E3%83%BC%E6%9F%8F%E9%A2%A8%E5%9C%92%20%E3%81%A4%E3%81%8C%E3%82%8B%E5%B8%82
デイサービスセンター和み,デイサービス,青森県,つがる市,"介護,デイサービス",日中に通って食事・入浴・機能訓練・見守りなどを受けるサービスです。,http://www.takushinkai.or.jp/,青森県つがる市木造藤田44-5,0173-49-2250,厚生労働省オープンデータ,https://www.mhlw.go.jp/content/12300000/jigyosho_150.csv,2025-12末,https://www.google.com/search?q=%E3%83%87%E3%82%A4%E3%82%B5%E3%83%BC%E3%83%93%E3%82%B9%E3%82%BB%E3%83%B3%E3%82%BF%E3%83%BC%E5%92%8C%E3%81%BF%20%E3%81%A4%E3%81%8C%E3%82%8B%E5%B8%82
デイサービスセンター　おのえ,デイサービス,青森県,平川市,"介護,デイサービス",日中に通って食事・入浴・機能訓練・見守りなどを受けるサービスです。,http://www.tsugaru-sanwakai.or.jp/,青森県平川市中佐渡上石田３６－１,0172-43-5225,厚生労働省オープンデータ,https://www.mhlw.go.jp/content/12300000/jigyosho_150.csv,2025-12末,https://www.google.com/search?q=%E3%83%87%E3%82%A4%E3%82%B5%E3%83%BC%E3%83%93%E3%82%B9%E3%82%BB%E3%83%B3%E3%82%BF%E3%83%BC%E3%80%80%E3%81%8A%E3%81%AE%E3%81%88%20%E5%B9%B3%E5%B7%9D%E5%B8%82
デイサービスセンター　三笠,デイサービス,青森県,平川市,"介護,デイサービス",日中に通って食事・入浴・機能訓練・見守りなどを受けるサービスです。,http://www.mikasaen.or.jp/,青森県平川市館田西和田200,0172-44-8833,厚生労働省オープンデータ,https://www.mhlw.go.jp/content/12300000/jigyosho_150.csv,2025-12末,https://www.google.com/search?q=%E3%83%87%E3%82%A4%E3%82%B5%E3%83%BC%E3%83%93%E3%82%B9%E3%82%BB%E3%83%B3%E3%82%BF%E3%83%BC%E3%80%80%E4%B8%89%E7%AC%A0%20%E5%B9%B3%E5%B7%9D%E5%B8%82
緑青園デイサービスセンター,デイサービス,青森県,平川市,"介護,デイサービス",日中に通って食事・入浴・機能訓練・見守りなどを受けるサービスです。,http://ryokufu.or.jp/,青森県平川市沖舘和田８４番地,0172-44-7400,厚生労働省オープンデータ,https://www.mhlw.go.jp/content/12300000/jigyosho_150.csv,2025-12末,https://www.google.com/search?q=%E7%B7%91%E9%9D%92%E5%9C%92%E3%83%87%E3%82%A4%E3%82%B5%E3%83%BC%E3%83%93%E3%82%B9%E3%82%BB%E3%83%B3%E3%82%BF%E3%83%BC%20%E5%B9%B3%E5%B7%9D%E5%B8%82
ディサービスセンターさわやか園,デイサービス,青森県,平川市,"介護,デイサービス",日中に通って食事・入浴・機能訓練・見守りなどを受けるサービスです。,http://www.sawayakaen.net/,青森県平川市日沼樋田８５,0172-43-5432,厚生労働省オープンデータ,https://www.mhlw.go.jp/content/12300000/jigyosho_150.csv,2025-12末,https://www.google.com/search?q=%E3%83%87%E3%82%A3%E3%82%B5%E3%83%BC%E3%83%93%E3%82%B9%E3%82%BB%E3%83%B3%E3%82%BF%E3%83%BC%E3%81%95%E3%82%8F%E3%82%84%E3%81%8B%E5%9C%92%20%E5%B9%B3%E5%B7%9D%E5%B8%82
社会福祉法人　平川市社会福祉協議会　尾上通所介護事業所,デイサービス,青森県,平川市,"介護,デイサービス",日中に通って食事・入浴・機能訓練・見守りなどを受けるサービスです。,http://www.hirasyakyo.org/,青森県平川市猿賀南田９６番地３平川市尾上地域福祉センター,0172-57-5311,厚生労働省オープンデータ,https://www.mhlw.go.jp/content/12300000/jigyosho_150.csv,2025-12末,https://www.google.com/search?q=%E7%A4%BE%E4%BC%9A%E7%A6%8F%E7%A5%89%E6%B3%95%E4%BA%BA%E3%80%80%E5%B9%B3%E5%B7%9D%E5%B8%82%E7%A4%BE%E4%BC%9A%E7%A6%8F%E7%A5%89%E5%8D%94%E8%AD%B0%E4%BC%9A%E3%80%80%E5%B0%BE%E4%B8%8A%E9%80%9A%E6%89%80%E4%BB%8B%E8%AD%B7%E4%BA%8B%E6%A5%AD%E6%89%80%20%E5%B9%B3%E5%B7%9D%E5%B8%82
デイサービスあすかの湯,デイサービス,青森県,平川市,"介護,デイサービス",日中に通って食事・入浴・機能訓練・見守りなどを受けるサービスです。,http://www.kaigo-support.co.jp/,青森県平川市町居西田111番地1,0172-43-1165,厚生労働省オープンデータ,https://www.mhlw.go.jp/content/12300000/jigyosho_150.csv,2025-12末,https://www.google.com/search?q=%E3%83%87%E3%82%A4%E3%82%B5%E3%83%BC%E3%83%93%E3%82%B9%E3%81%82%E3%81%99%E3%81%8B%E3%81%AE%E6%B9%AF%20%E5%B9%B3%E5%B7%9D%E5%B8%82
デイサービスセンターなごみ,デイサービス,青森県,平川市,"介護,デイサービス",日中に通って食事・入浴・機能訓練・見守りなどを受けるサービスです。,https://miraikai.cloud-line.com/,青森県平川市柏木町藤山30-35,0172-43-0505,厚生労働省オープンデータ,https://www.mhlw.go.jp/content/12300000/jigyosho_150.csv,2025-12末,https://www.google.com/search?q=%E3%83%87%E3%82%A4%E3%82%B5%E3%83%BC%E3%83%93%E3%82%B9%E3%82%BB%E3%83%B3%E3%82%BF%E3%83%BC%E3%81%AA%E3%81%94%E3%81%BF%20%E5%B9%B3%E5%B7%9D%E5%B8%82
デイサービスセンター夜越山,デイサービス,青森県,平内町,"介護,デイサービス",日中に通って食事・入浴・機能訓練・見守りなどを受けるサービスです。,http://www.s-care.jp/,青森県東津軽郡平内町大字浜子字堀替７７－３,017-755-6600,厚生労働省オープンデータ,https://www.mhlw.go.jp/content/12300000/jigyosho_150.csv,2025-12末,https://www.google.com/search?q=%E3%83%87%E3%82%A4%E3%82%B5%E3%83%BC%E3%83%93%E3%82%B9%E3%82%BB%E3%83%B3%E3%82%BF%E3%83%BC%E5%A4%9C%E8%B6%8A%E5%B1%B1%20%E5%B9%B3%E5%86%85%E7%94%BA
社会福祉法人徳寿福祉会　デイサービスセンターひまわり,デイサービス,青森県,平内町,"介護,デイサービス",日中に通って食事・入浴・機能訓練・見守りなどを受けるサービスです。,https://sites.google.com/view/hiranaitown-dsc-himawari/%E3%83%87%E3%82%A4%E3%82%B5%E3%83%BC%E3%83%93%E3%82%B9%E3%82%BB%E3%83%B3%E3%82%BF%E3%83%BC,青森県東津軽郡平内町清水川字権十郎新田８,017-758-1030,厚生労働省オープンデータ,https://www.mhlw.go.jp/content/12300000/jigyosho_150.csv,2025-12末,https://www.google.com/search?q=%E7%A4%BE%E4%BC%9A%E7%A6%8F%E7%A5%89%E6%B3%95%E4%BA%BA%E5%BE%B3%E5%AF%BF%E7%A6%8F%E7%A5%89%E4%BC%9A%E3%80%80%E3%83%87%E3%82%A4%E3%82%B5%E3%83%BC%E3%83%93%E3%82%B9%E3%82%BB%E3%83%B3%E3%82%BF%E3%83%BC%E3%81%B2%E3%81%BE%E3%82%8F%E3%82%8A%20%E5%B9%B3%E5%86%85%E7%94%BA
よもぎケアセンター,デイサービス,青森県,蓬田村,"介護,デイサービス",日中に通って食事・入浴・機能訓練・見守りなどを受けるサービスです。,http://www/watona-ru.com/houseien,青森県東津軽郡蓬田村大字郷沢字浜田397,0174-27-3445,厚生労働省オープンデータ,https://www.mhlw.go.jp/content/12300000/jigyosho_150.csv,2025-12末,https://www.google.com/search?q=%E3%82%88%E3%82%82%E3%81%8E%E3%82%B1%E3%82%A2%E3%82%BB%E3%83%B3%E3%82%BF%E3%83%BC%20%E8%93%AC%E7%94%B0%E6%9D%91
外ヶ浜町三厩高齢者生活福祉センター寿楽園,デイサービス,青森県,外ヶ浜町,"介護,デイサービス",日中に通って食事・入浴・機能訓練・見守りなどを受けるサービスです。,http://www.ajisaikai.or.jp,青森県東津軽郡外ヶ浜町字三厩新町７番地,0174-37-2280,厚生労働省オープンデータ,https://www.mhlw.go.jp/content/12300000/jigyosho_150.csv,2025-12末,https://www.google.com/search?q=%E5%A4%96%E3%83%B6%E6%B5%9C%E7%94%BA%E4%B8%89%E5%8E%A9%E9%AB%98%E9%BD%A2%E8%80%85%E7%94%9F%E6%B4%BB%E7%A6%8F%E7%A5%89%E3%82%BB%E3%83%B3%E3%82%BF%E3%83%BC%E5%AF%BF%E6%A5%BD%E5%9C%92%20%E5%A4%96%E3%83%B6%E6%B5%9C%E7%94%BA
外ヶ浜町社協蟹田通所介護事業所,デイサービス,青森県,外ヶ浜町,"介護,デイサービス",日中に通って食事・入浴・機能訓練・見守りなどを受けるサービスです。,http://www.s-syakyo.jp,青森県東津軽郡外ヶ浜町字下蟹田43-2外ヶ浜町総合福祉センター「などわーる」,0174-31-1082,厚生労働省オープンデータ,https://www.mhlw.go.jp/content/12300000/jigyosho_150.csv,2025-12末,https://www.google.com/search?q=%E5%A4%96%E3%83%B6%E6%B5%9C%E7%94%BA%E7%A4%BE%E5%8D%94%E8%9F%B9%E7%94%B0%E9%80%9A%E6%89%80%E4%BB%8B%E8%AD%B7%E4%BA%8B%E6%A5%AD%E6%89%80%20%E5%A4%96%E3%83%B6%E6%B5%9C%E7%94%BA
あいデイサービス,デイサービス,青森県,鰺ヶ沢町,"介護,デイサービス",日中に通って食事・入浴・機能訓練・見守りなどを受けるサービスです。,https://www.google.com/search?q=%E3%81%82%E3%81%84%E3%83%87%E3%82%A4%E3%82%B5%E3%83%BC%E3%83%93%E3%82%B9%20%E9%B0%BA%E3%83%B6%E6%B2%A2%E7%94%BA,青森県西津軽郡鯵ヶ沢町大字舞戸町字北禿142-1,0173-72-5123,厚生労働省オープンデータ,https://www.mhlw.go.jp/content/12300000/jigyosho_150.csv,2025-12末,https://www.google.com/search?q=%E3%81%82%E3%81%84%E3%83%87%E3%82%A4%E3%82%B5%E3%83%BC%E3%83%93%E3%82%B9%20%E9%B0%BA%E3%83%B6%E6%B2%A2%E7%94%BA
つくし荘デイサービスセンター,デイサービス,青森県,鰺ヶ沢町,"介護,デイサービス",日中に通って食事・入浴・機能訓練・見守りなどを受けるサービスです。,http://aomoritsukushikai.com/,青森県西津軽郡鯵ヶ沢町大字北浮田町字今須87-1,0173-72-7111,厚生労働省オープンデータ,https://www.mhlw.go.jp/content/12300000/jigyosho_150.csv,2025-12末,https://www.google.com/search?q=%E3%81%A4%E3%81%8F%E3%81%97%E8%8D%98%E3%83%87%E3%82%A4%E3%82%B5%E3%83%BC%E3%83%93%E3%82%B9%E3%82%BB%E3%83%B3%E3%82%BF%E3%83%BC%20%E9%B0%BA%E3%83%B6%E6%B2%A2%E7%94%BA
デイサービスセンター　えびす,デイサービス,青森県,藤崎町,"介護,デイサービス",日中に通って食事・入浴・機能訓練・見守りなどを受けるサービスです。,https://ebisu-2002-7-22.amebaownd.com/,青森県南津軽郡藤崎町大字藤崎字西浅田60,0172-89-7722,厚生労働省オープンデータ,https://www.mhlw.go.jp/content/12300000/jigyosho_150.csv,2025-12末,https://www.google.com/search?q=%E3%83%87%E3%82%A4%E3%82%B5%E3%83%BC%E3%83%93%E3%82%B9%E3%82%BB%E3%83%B3%E3%82%BF%E3%83%BC%E3%80%80%E3%81%88%E3%81%B3%E3%81%99%20%E8%97%A4%E5%B4%8E%E7%94%BA
デイサービスセンターさんふじ,デイサービス,青森県,藤崎町,"介護,デイサービス",日中に通って食事・入浴・機能訓練・見守りなどを受けるサービスです。,https://seneikai-sanfuji.com/,青森県南津軽郡藤崎町大字柏木堰字南亀田1番地１,0172-75-3511,厚生労働省オープンデータ,https://www.mhlw.go.jp/content/12300000/jigyosho_150.csv,2025-12末,https://www.google.com/search?q=%E3%83%87%E3%82%A4%E3%82%B5%E3%83%BC%E3%83%93%E3%82%B9%E3%82%BB%E3%83%B3%E3%82%BF%E3%83%BC%E3%81%95%E3%82%93%E3%81%B5%E3%81%98%20%E8%97%A4%E5%B4%8E%E7%94%BA
デイサービスセンターみずき,デイサービス,青森県,藤崎町,"介護,デイサービス",日中に通って食事・入浴・機能訓練・見守りなどを受けるサービスです。,http://care-net.biz/02toueikai/,青森県南津軽郡藤崎町大字水木字浅田９５,0172-65-4110,厚生労働省オープンデータ,https://www.mhlw.go.jp/content/12300000/jigyosho_150.csv,2025-12末,https://www.google.com/search?q=%E3%83%87%E3%82%A4%E3%82%B5%E3%83%BC%E3%83%93%E3%82%B9%E3%82%BB%E3%83%B3%E3%82%BF%E3%83%BC%E3%81%BF%E3%81%9A%E3%81%8D%20%E8%97%A4%E5%B4%8E%E7%94%BA
藤崎町社協デイサービスセンター,デイサービス,青森県,藤崎町,"介護,デイサービス",日中に通って食事・入浴・機能訓練・見守りなどを受けるサービスです。,http://www.@fujisakishakyo.or.jp/,青森県南津軽郡藤崎町大字常盤字富田67-1,0172-65-4071,厚生労働省オープンデータ,https://www.mhlw.go.jp/content/12300000/jigyosho_150.csv,2025-12末,https://www.google.com/search?q=%E8%97%A4%E5%B4%8E%E7%94%BA%E7%A4%BE%E5%8D%94%E3%83%87%E3%82%A4%E3%82%B5%E3%83%BC%E3%83%93%E3%82%B9%E3%82%BB%E3%83%B3%E3%82%BF%E3%83%BC%20%E8%97%A4%E5%B4%8E%E7%94%BA
デイサービスセンター　メープルの里ふじさき,デイサービス,青森県,藤崎町,"介護,デイサービス",日中に通って食事・入浴・機能訓練・見守りなどを受けるサービスです。,http://www.maple-sato.com,青森県南津軽郡藤崎町大字藤崎字東村井１４,0172-75-2600,厚生労働省オープンデータ,https://www.mhlw.go.jp/content/12300000/jigyosho_150.csv,2025-12末,https://www.google.com/search?q=%E3%83%87%E3%82%A4%E3%82%B5%E3%83%BC%E3%83%93%E3%82%B9%E3%82%BB%E3%83%B3%E3%82%BF%E3%83%BC%E3%80%80%E3%83%A1%E3%83%BC%E3%83%97%E3%83%AB%E3%81%AE%E9%87%8C%E3%81%B5%E3%81%98%E3%81%95%E3%81%8D%20%E8%97%A4%E5%B4%8E%E7%94%BA
おおわにデイサービスセンター　ゆけむり荘,デイサービス,青森県,大鰐町,"介護,デイサービス",日中に通って食事・入浴・機能訓練・見守りなどを受けるサービスです。,https://www.google.com/search?q=%E3%81%8A%E3%81%8A%E3%82%8F%E3%81%AB%E3%83%87%E3%82%A4%E3%82%B5%E3%83%BC%E3%83%93%E3%82%B9%E3%82%BB%E3%83%B3%E3%82%BF%E3%83%BC%E3%80%80%E3%82%86%E3%81%91%E3%82%80%E3%82%8A%E8%8D%98%20%E5%A4%A7%E9%B0%90%E7%94%BA,青森県南津軽郡大鰐町大字大鰐字湯野川原92-88,0172-48-5711,厚生労働省オープンデータ,https://www.mhlw.go.jp/content/12300000/jigyosho_150.csv,2025-12末,https://www.google.com/search?q=%E3%81%8A%E3%81%8A%E3%82%8F%E3%81%AB%E3%83%87%E3%82%A4%E3%82%B5%E3%83%BC%E3%83%93%E3%82%B9%E3%82%BB%E3%83%B3%E3%82%BF%E3%83%BC%E3%80%80%E3%82%86%E3%81%91%E3%82%80%E3%82%8A%E8%8D%98%20%E5%A4%A7%E9%B0%90%E7%94%BA
あずみ野デイセンター,デイサービス,青森県,大鰐町,"介護,デイサービス",日中に通って食事・入浴・機能訓練・見守りなどを受けるサービスです。,http://www.owani.com/,青森県南津軽郡大鰐町大字鯖石字浅瀬渕３５番地５,0172-47-6556,厚生労働省オープンデータ,https://www.mhlw.go.jp/content/12300000/jigyosho_150.csv,2025-12末,https://www.google.com/search?q=%E3%81%82%E3%81%9A%E3%81%BF%E9%87%8E%E3%83%87%E3%82%A4%E3%82%BB%E3%83%B3%E3%82%BF%E3%83%BC%20%E5%A4%A7%E9%B0%90%E7%94%BA
田舎館村老人デイサービス事業所,デイサービス,青森県,田舎館村,"介護,デイサービス",日中に通って食事・入浴・機能訓練・見守りなどを受けるサービスです。,http://inakadateshakyo.or.jp/,青森県南津軽郡田舎館村大字八反田字古舘206-1,0172-43-8112,厚生労働省オープンデータ,https://www.mhlw.go.jp/content/12300000/jigyosho_150.csv,2025-12末,https://www.google.com/search?q=%E7%94%B0%E8%88%8E%E9%A4%A8%E6%9D%91%E8%80%81%E4%BA%BA%E3%83%87%E3%82%A4%E3%82%B5%E3%83%BC%E3%83%93%E3%82%B9%E4%BA%8B%E6%A5%AD%E6%89%80%20%E7%94%B0%E8%88%8E%E9%A4%A8%E6%9D%91
デイサービスいぶし銀,デイサービス,青森県,田舎館村,"介護,デイサービス",日中に通って食事・入浴・機能訓練・見守りなどを受けるサービスです。,https://www.google.com/search?q=%E3%83%87%E3%82%A4%E3%82%B5%E3%83%BC%E3%83%93%E3%82%B9%E3%81%84%E3%81%B6%E3%81%97%E9%8A%80%20%E7%94%B0%E8%88%8E%E9%A4%A8%E6%9D%91,青森県南津軽田舎館村大字川部字中西田９９番地１,0172-88-6256,厚生労働省オープンデータ,https://www.mhlw.go.jp/content/12300000/jigyosho_150.csv,2025-12末,https://www.google.com/search?q=%E3%83%87%E3%82%A4%E3%82%B5%E3%83%BC%E3%83%93%E3%82%B9%E3%81%84%E3%81%B6%E3%81%97%E9%8A%80%20%E7%94%B0%E8%88%8E%E9%A4%A8%E6%9D%91
みどりデイサービスセンター,デイサービス,青森県,板柳町,"介護,デイサービス",日中に通って食事・入浴・機能訓練・見守りなどを受けるサービスです。,http://ryokuoukai.net/,北津軽郡板柳町大字福野田字実田５４番地3,0172-73-3660,厚生労働省オープンデータ,https://www.mhlw.go.jp/content/12300000/jigyosho_150.csv,2025-12末,https://www.google.com/search?q=%E3%81%BF%E3%81%A9%E3%82%8A%E3%83%87%E3%82%A4%E3%82%B5%E3%83%BC%E3%83%93%E3%82%B9%E3%82%BB%E3%83%B3%E3%82%BF%E3%83%BC%20%E6%9D%BF%E6%9F%B3%E7%94%BA
デイサービスセンター鶴住,デイサービス,青森県,板柳町,"介護,デイサービス",日中に通って食事・入浴・機能訓練・見守りなどを受けるサービスです。,http://turuzumikai.jp/,青森県北津軽郡板柳町大字野中字鶴住１０２－２,0172-73-3194,厚生労働省オープンデータ,https://www.mhlw.go.jp/content/12300000/jigyosho_150.csv,2025-12末,https://www.google.com/search?q=%E3%83%87%E3%82%A4%E3%82%B5%E3%83%BC%E3%83%93%E3%82%B9%E3%82%BB%E3%83%B3%E3%82%BF%E3%83%BC%E9%B6%B4%E4%BD%8F%20%E6%9D%BF%E6%9F%B3%E7%94%BA
デイサービスセンターいたや荘,デイサービス,青森県,板柳町,"介護,デイサービス",日中に通って食事・入浴・機能訓練・見守りなどを受けるサービスです。,http://www.tsugaru-sanwakai.or.jp,青森県北津軽郡板柳町大字辻字岸田６６番地いたや荘,0172-79-2100,厚生労働省オープンデータ,https://www.mhlw.go.jp/content/12300000/jigyosho_150.csv,2025-12末,https://www.google.com/search?q=%E3%83%87%E3%82%A4%E3%82%B5%E3%83%BC%E3%83%93%E3%82%B9%E3%82%BB%E3%83%B3%E3%82%BF%E3%83%BC%E3%81%84%E3%81%9F%E3%82%84%E8%8D%98%20%E6%9D%BF%E6%9F%B3%E7%94%BA
デイサービスセンター　ひばの里,デイサービス,青森県,板柳町,"介護,デイサービス",日中に通って食事・入浴・機能訓練・見守りなどを受けるサービスです。,hibanosato@iaa.itkeeper.ne.jp,青森県北津軽郡板柳町大字掛落林字前田140-1,0172-73-2651,厚生労働省オープンデータ,https://www.mhlw.go.jp/content/12300000/jigyosho_150.csv,2025-12末,https://www.google.com/search?q=%E3%83%87%E3%82%A4%E3%82%B5%E3%83%BC%E3%83%93%E3%82%B9%E3%82%BB%E3%83%B3%E3%82%BF%E3%83%BC%E3%80%80%E3%81%B2%E3%81%B0%E3%81%AE%E9%87%8C%20%E6%9D%BF%E6%9F%B3%E7%94%BA
ライフケア高増デイサービスセンター,デイサービス,青森県,板柳町,"介護,デイサービス",日中に通って食事・入浴・機能訓練・見守りなどを受けるサービスです。,http://tsugarunosato.com/takamasu/,青森県北津軽郡板柳町大字大俵字和田４２３番地６津軽の里　高増,0172-77-4170,厚生労働省オープンデータ,https://www.mhlw.go.jp/content/12300000/jigyosho_150.csv,2025-12末,https://www.google.com/search?q=%E3%83%A9%E3%82%A4%E3%83%95%E3%82%B1%E3%82%A2%E9%AB%98%E5%A2%97%E3%83%87%E3%82%A4%E3%82%B5%E3%83%BC%E3%83%93%E3%82%B9%E3%82%BB%E3%83%B3%E3%82%BF%E3%83%BC%20%E6%9D%BF%E6%9F%B3%E7%94%BA
鶴松園デイサービスセンター,デイサービス,青森県,鶴田町,"介護,デイサービス",日中に通って食事・入浴・機能訓練・見守りなどを受けるサービスです。,http://kakusyou.sakura.ne.jp/,青森県北津軽郡鶴田町大字廻堰字上野尻142,0173-22-2292,厚生労働省オープンデータ,https://www.mhlw.go.jp/content/12300000/jigyosho_150.csv,2025-12末,https://www.google.com/search?q=%E9%B6%B4%E6%9D%BE%E5%9C%92%E3%83%87%E3%82%A4%E3%82%B5%E3%83%BC%E3%83%93%E3%82%B9%E3%82%BB%E3%83%B3%E3%82%BF%E3%83%BC%20%E9%B6%B4%E7%94%B0%E7%94%BA
鶴田町社会福祉協議会,デイサービス,青森県,鶴田町,"介護,デイサービス",日中に通って食事・入浴・機能訓練・見守りなどを受けるサービスです。,http://tsuruta-syakyo.or.jp/,青森県北津軽郡鶴田町大字鶴田字沖津193番地,0173-22-3394,厚生労働省オープンデータ,https://www.mhlw.go.jp/content/12300000/jigyosho_150.csv,2025-12末,https://www.google.com/search?q=%E9%B6%B4%E7%94%B0%E7%94%BA%E7%A4%BE%E4%BC%9A%E7%A6%8F%E7%A5%89%E5%8D%94%E8%AD%B0%E4%BC%9A%20%E9%B6%B4%E7%94%B0%E7%94%BA
湖水荘デイサービスセンターみずもと,デイサービス,青森県,鶴田町,"介護,デイサービス",日中に通って食事・入浴・機能訓練・見守りなどを受けるサービスです。,https://www.google.com/search?q=%E6%B9%96%E6%B0%B4%E8%8D%98%E3%83%87%E3%82%A4%E3%82%B5%E3%83%BC%E3%83%93%E3%82%B9%E3%82%BB%E3%83%B3%E3%82%BF%E3%83%BC%E3%81%BF%E3%81%9A%E3%82%82%E3%81%A8%20%E9%B6%B4%E7%94%B0%E7%94%BA,青森県北津軽郡鶴田町大字廻堰字下桂井２６－２,0173-22-6750,厚生労働省オープンデータ,https://www.mhlw.go.jp/content/12300000/jigyosho_150.csv,2025-12末,https://www.google.com/search?q=%E6%B9%96%E6%B0%B4%E8%8D%98%E3%83%87%E3%82%A4%E3%82%B5%E3%83%BC%E3%83%93%E3%82%B9%E3%82%BB%E3%83%B3%E3%82%BF%E3%83%BC%E3%81%BF%E3%81%9A%E3%82%82%E3%81%A8%20%E9%B6%B4%E7%94%B0%E7%94%BA
アップル鶴の里,デイサービス,青森県,鶴田町,"介護,デイサービス",日中に通って食事・入浴・機能訓練・見守りなどを受けるサービスです。,https://www.google.com/search?q=%E3%82%A2%E3%83%83%E3%83%97%E3%83%AB%E9%B6%B4%E3%81%AE%E9%87%8C%20%E9%B6%B4%E7%94%B0%E7%94%BA,青森県北津軽郡鶴田町大字横萢字矢留崎97,0173-27-1234,厚生労働省オープンデータ,https://www.mhlw.go.jp/content/12300000/jigyosho_150.csv,2025-12末,https://www.google.com/search?q=%E3%82%A2%E3%83%83%E3%83%97%E3%83%AB%E9%B6%B4%E3%81%AE%E9%87%8C%20%E9%B6%B4%E7%94%B0%E7%94%BA
デイサービスセンター宝森,デイサービス,青森県,中泊町,"介護,デイサービス",日中に通って食事・入浴・機能訓練・見守りなどを受けるサービスです。,https://www.google.com/search?q=%E3%83%87%E3%82%A4%E3%82%B5%E3%83%BC%E3%83%93%E3%82%B9%E3%82%BB%E3%83%B3%E3%82%BF%E3%83%BC%E5%AE%9D%E6%A3%AE%20%E4%B8%AD%E6%B3%8A%E7%94%BA,青森県北津軽郡中泊町大字中里字宝森291番地1,0173-69-1193,厚生労働省オープンデータ,https://www.mhlw.go.jp/content/12300000/jigyosho_150.csv,2025-12末,https://www.google.com/search?q=%E3%83%87%E3%82%A4%E3%82%B5%E3%83%BC%E3%83%93%E3%82%B9%E3%82%BB%E3%83%B3%E3%82%BF%E3%83%BC%E5%AE%9D%E6%A3%AE%20%E4%B8%AD%E6%B3%8A%E7%94%BA
ワイズ・パーク青森中泊店,デイサービス,青森県,中泊町,"介護,デイサービス",日中に通って食事・入浴・機能訓練・見守りなどを受けるサービスです。,https://ak-company.jp/,青森県北津軽郡中泊町中里亀山170-1中泊町総合福祉健康センター湯らぱ〜く,0173-26-0848,厚生労働省オープンデータ,https://www.mhlw.go.jp/content/12300000/jigyosho_150.csv,2025-12末,https://www.google.com/search?q=%E3%83%AF%E3%82%A4%E3%82%BA%E3%83%BB%E3%83%91%E3%83%BC%E3%82%AF%E9%9D%92%E6%A3%AE%E4%B8%AD%E6%B3%8A%E5%BA%97%20%E4%B8%AD%E6%B3%8A%E7%94%BA
社会福祉法人中泊町社会福祉協議会通所介護事業所,デイサービス,青森県,中泊町,"介護,デイサービス",日中に通って食事・入浴・機能訓練・見守りなどを受けるサービスです。,https://www.google.com/search?q=%E7%A4%BE%E4%BC%9A%E7%A6%8F%E7%A5%89%E6%B3%95%E4%BA%BA%E4%B8%AD%E6%B3%8A%E7%94%BA%E7%A4%BE%E4%BC%9A%E7%A6%8F%E7%A5%89%E5%8D%94%E8%AD%B0%E4%BC%9A%E9%80%9A%E6%89%80%E4%BB%8B%E8%AD%B7%E4%BA%8B%E6%A5%AD%E6%89%80%20%E4%B8%AD%E6%B3%8A%E7%94%BA,青森県北津軽郡中泊町大字小泊字朝間25,0173-64-2905,厚生労働省オープンデータ,https://www.mhlw.go.jp/content/12300000/jigyosho_150.csv,2025-12末,https://www.google.com/search?q=%E7%A4%BE%E4%BC%9A%E7%A6%8F%E7%A5%89%E6%B3%95%E4%BA%BA%E4%B8%AD%E6%B3%8A%E7%94%BA%E7%A4%BE%E4%BC%9A%E7%A6%8F%E7%A5%89%E5%8D%94%E8%AD%B0%E4%BC%9A%E9%80%9A%E6%89%80%E4%BB%8B%E8%AD%B7%E4%BA%8B%E6%A5%AD%E6%89%80%20%E4%B8%AD%E6%B3%8A%E7%94%BA
内潟療護園デイサービスセンター,デイサービス,青森県,中泊町,"介護,デイサービス",日中に通って食事・入浴・機能訓練・見守りなどを受けるサービスです。,http://uchigata.or.jp/,青森県北津軽郡中泊町大字田茂木字若宮1933番地,0173-58-3001,厚生労働省オープンデータ,https://www.mhlw.go.jp/content/12300000/jigyosho_150.csv,2025-12末,https://www.google.com/search?q=%E5%86%85%E6%BD%9F%E7%99%82%E8%AD%B7%E5%9C%92%E3%83%87%E3%82%A4%E3%82%B5%E3%83%BC%E3%83%93%E3%82%B9%E3%82%BB%E3%83%B3%E3%82%BF%E3%83%BC%20%E4%B8%AD%E6%B3%8A%E7%94%BA
竹山荘デイサービスセンター,デイサービス,青森県,中泊町,"介護,デイサービス",日中に通って食事・入浴・機能訓練・見守りなどを受けるサービスです。,izuminosato@vanilla.ocn.ne.jp,青森県北津軽郡中泊町大字今泉字神山１４１,0173-58-3116,厚生労働省オープンデータ,https://www.mhlw.go.jp/content/12300000/jigyosho_150.csv,2025-12末,https://www.google.com/search?q=%E7%AB%B9%E5%B1%B1%E8%8D%98%E3%83%87%E3%82%A4%E3%82%B5%E3%83%BC%E3%83%93%E3%82%B9%E3%82%BB%E3%83%B3%E3%82%BF%E3%83%BC%20%E4%B8%AD%E6%B3%8A%E7%94%BA
花まるデイサービスセンター,デイサービス,青森県,中泊町,"介護,デイサービス",日中に通って食事・入浴・機能訓練・見守りなどを受けるサービスです。,https://www.google.com/search?q=%E8%8A%B1%E3%81%BE%E3%82%8B%E3%83%87%E3%82%A4%E3%82%B5%E3%83%BC%E3%83%93%E3%82%B9%E3%82%BB%E3%83%B3%E3%82%BF%E3%83%BC%20%E4%B8%AD%E6%B3%8A%E7%94%BA,北津軽郡中泊町大字大沢内字海原148-196,0173-69-1877,厚生労働省オープンデータ,https://www.mhlw.go.jp/content/12300000/jigyosho_150.csv,2025-12末,https://www.google.com/search?q=%E8%8A%B1%E3%81%BE%E3%82%8B%E3%83%87%E3%82%A4%E3%82%B5%E3%83%BC%E3%83%93%E3%82%B9%E3%82%BB%E3%83%B3%E3%82%BF%E3%83%BC%20%E4%B8%AD%E6%B3%8A%E7%94%BA
デイサービスセンターはまなす,デイサービス,青森県,野辺地町,"介護,デイサービス",日中に通って食事・入浴・機能訓練・見守りなどを受けるサービスです。,http://www.fukushinosato.com,青森県上北郡野辺地町字餅粟川原3-2,0175-65-2227,厚生労働省オープンデータ,https://www.mhlw.go.jp/content/12300000/jigyosho_150.csv,2025-12末,https://www.google.com/search?q=%E3%83%87%E3%82%A4%E3%82%B5%E3%83%BC%E3%83%93%E3%82%B9%E3%82%BB%E3%83%B3%E3%82%BF%E3%83%BC%E3%81%AF%E3%81%BE%E3%81%AA%E3%81%99%20%E9%87%8E%E8%BE%BA%E5%9C%B0%E7%94%BA
デイサービス　ふる里,デイサービス,青森県,野辺地町,"介護,デイサービス",日中に通って食事・入浴・機能訓練・見守りなどを受けるサービスです。,https://www.google.com/search?q=%E3%83%87%E3%82%A4%E3%82%B5%E3%83%BC%E3%83%93%E3%82%B9%E3%80%80%E3%81%B5%E3%82%8B%E9%87%8C%20%E9%87%8E%E8%BE%BA%E5%9C%B0%E7%94%BA,青森県上北郡野辺地町字大月平34-23,0175-72-8525,厚生労働省オープンデータ,https://www.mhlw.go.jp/content/12300000/jigyosho_150.csv,2025-12末,https://www.google.com/search?q=%E3%83%87%E3%82%A4%E3%82%B5%E3%83%BC%E3%83%93%E3%82%B9%E3%80%80%E3%81%B5%E3%82%8B%E9%87%8C%20%E9%87%8E%E8%BE%BA%E5%9C%B0%E7%94%BA
天寿園デイサービスセンター,デイサービス,青森県,七戸町,"介護,デイサービス",日中に通って食事・入浴・機能訓練・見守りなどを受けるサービスです。,https://tenjuen.net/,青森県上北郡七戸町字舟場向川久保308番地,0176-68-4888,厚生労働省オープンデータ,https://www.mhlw.go.jp/content/12300000/jigyosho_150.csv,2025-12末,https://www.google.com/search?q=%E5%A4%A9%E5%AF%BF%E5%9C%92%E3%83%87%E3%82%A4%E3%82%B5%E3%83%BC%E3%83%93%E3%82%B9%E3%82%BB%E3%83%B3%E3%82%BF%E3%83%BC%20%E4%B8%83%E6%88%B8%E7%94%BA
美土里荘デイサービスセンター梓,デイサービス,青森県,七戸町,"介護,デイサービス",日中に通って食事・入浴・機能訓練・見守りなどを受けるサービスです。,http://midorikai-gr.or.jp,青森県上北郡七戸町字寒水70-17,0176-62-2766,厚生労働省オープンデータ,https://www.mhlw.go.jp/content/12300000/jigyosho_150.csv,2025-12末,https://www.google.com/search?q=%E7%BE%8E%E5%9C%9F%E9%87%8C%E8%8D%98%E3%83%87%E3%82%A4%E3%82%B5%E3%83%BC%E3%83%93%E3%82%B9%E3%82%BB%E3%83%B3%E3%82%BF%E3%83%BC%E6%A2%93%20%E4%B8%83%E6%88%B8%E7%94%BA
城南デイサービスセンター,デイサービス,青森県,七戸町,"介護,デイサービス",日中に通って食事・入浴・機能訓練・見守りなどを受けるサービスです。,https://www.google.com/search?q=%E5%9F%8E%E5%8D%97%E3%83%87%E3%82%A4%E3%82%B5%E3%83%BC%E3%83%93%E3%82%B9%E3%82%BB%E3%83%B3%E3%82%BF%E3%83%BC%20%E4%B8%83%E6%88%B8%E7%94%BA,青森県上北郡七戸町字太田野19番地4城南福祉プラザ,0176-62-5268,厚生労働省オープンデータ,https://www.mhlw.go.jp/content/12300000/jigyosho_150.csv,2025-12末,https://www.google.com/search?q=%E5%9F%8E%E5%8D%97%E3%83%87%E3%82%A4%E3%82%B5%E3%83%BC%E3%83%93%E3%82%B9%E3%82%BB%E3%83%B3%E3%82%BF%E3%83%BC%20%E4%B8%83%E6%88%B8%E7%94%BA
デイサービスセンターメープル,デイサービス,青森県,六戸町,"介護,デイサービス",日中に通って食事・入浴・機能訓練・見守りなどを受けるサービスです。,http://meipuru.or.jp/,青森県上北郡六戸町大字上吉田字長谷８５番地１１,0176-55-5355,厚生労働省オープンデータ,https://www.mhlw.go.jp/content/12300000/jigyosho_150.csv,2025-12末,https://www.google.com/search?q=%E3%83%87%E3%82%A4%E3%82%B5%E3%83%BC%E3%83%93%E3%82%B9%E3%82%BB%E3%83%B3%E3%82%BF%E3%83%BC%E3%83%A1%E3%83%BC%E3%83%97%E3%83%AB%20%E5%85%AD%E6%88%B8%E7%94%BA
エスノス六戸福祉センター　デイサービスセンター,デイサービス,青森県,六戸町,"介護,デイサービス",日中に通って食事・入浴・機能訓練・見守りなどを受けるサービスです。,https://www.esnos.jp,青森県上北郡六戸町大字犬落瀬字前谷地98番地,0176-55-5601,厚生労働省オープンデータ,https://www.mhlw.go.jp/content/12300000/jigyosho_150.csv,2025-12末,https://www.google.com/search?q=%E3%82%A8%E3%82%B9%E3%83%8E%E3%82%B9%E5%85%AD%E6%88%B8%E7%A6%8F%E7%A5%89%E3%82%BB%E3%83%B3%E3%82%BF%E3%83%BC%E3%80%80%E3%83%87%E3%82%A4%E3%82%B5%E3%83%BC%E3%83%93%E3%82%B9%E3%82%BB%E3%83%B3%E3%82%BF%E3%83%BC%20%E5%85%AD%E6%88%B8%E7%94%BA
デイサービスセンターにこにこプラザ六戸,デイサービス,青森県,六戸町,"介護,デイサービス",日中に通って食事・入浴・機能訓練・見守りなどを受けるサービスです。,http://www.sg-momijikai.com/,青森県上北郡六戸町大字犬落瀬字権現沢54-767,0176-70-1100,厚生労働省オープンデータ,https://www.mhlw.go.jp/content/12300000/jigyosho_150.csv,2025-12末,https://www.google.com/search?q=%E3%83%87%E3%82%A4%E3%82%B5%E3%83%BC%E3%83%93%E3%82%B9%E3%82%BB%E3%83%B3%E3%82%BF%E3%83%BC%E3%81%AB%E3%81%93%E3%81%AB%E3%81%93%E3%83%97%E3%83%A9%E3%82%B6%E5%85%AD%E6%88%B8%20%E5%85%AD%E6%88%B8%E7%94%BA
はるが丘デイサービスセンター,デイサービス,青森県,六戸町,"介護,デイサービス",日中に通って食事・入浴・機能訓練・見守りなどを受けるサービスです。,http://www.rakuseikai.or.jp/,青森県上北郡六戸町大字犬落瀬字堀切沢５９－５４,0176-50-2122,厚生労働省オープンデータ,https://www.mhlw.go.jp/content/12300000/jigyosho_150.csv,2025-12末,https://www.google.com/search?q=%E3%81%AF%E3%82%8B%E3%81%8C%E4%B8%98%E3%83%87%E3%82%A4%E3%82%B5%E3%83%BC%E3%83%93%E3%82%B9%E3%82%BB%E3%83%B3%E3%82%BF%E3%83%BC%20%E5%85%AD%E6%88%B8%E7%94%BA
デイサービスセンター　ほのぼの,デイサービス,青森県,六戸町,"介護,デイサービス",日中に通って食事・入浴・機能訓練・見守りなどを受けるサービスです。,http://shafuku-nozomi.com/,青森県上北郡六戸町小松ヶ丘4丁目77-787,0176-58-5888,厚生労働省オープンデータ,https://www.mhlw.go.jp/content/12300000/jigyosho_150.csv,2025-12末,https://www.google.com/search?q=%E3%83%87%E3%82%A4%E3%82%B5%E3%83%BC%E3%83%93%E3%82%B9%E3%82%BB%E3%83%B3%E3%82%BF%E3%83%BC%E3%80%80%E3%81%BB%E3%81%AE%E3%81%BC%E3%81%AE%20%E5%85%AD%E6%88%B8%E7%94%BA
デイサービスセンターなのはな苑,デイサービス,青森県,横浜町,"介護,デイサービス",日中に通って食事・入浴・機能訓練・見守りなどを受けるサービスです。,http://kiboukai.com/,青森県上北郡横浜町字三保野５４番地,0175-78-3407,厚生労働省オープンデータ,https://www.mhlw.go.jp/content/12300000/jigyosho_150.csv,2025-12末,https://www.google.com/search?q=%E3%83%87%E3%82%A4%E3%82%B5%E3%83%BC%E3%83%93%E3%82%B9%E3%82%BB%E3%83%B3%E3%82%BF%E3%83%BC%E3%81%AA%E3%81%AE%E3%81%AF%E3%81%AA%E8%8B%91%20%E6%A8%AA%E6%B5%9C%E7%94%BA
リハビリデイサービスすみれ,デイサービス,青森県,東北町,"介護,デイサービス",日中に通って食事・入浴・機能訓練・見守りなどを受けるサービスです。,https://www.google.com/search?q=%E3%83%AA%E3%83%8F%E3%83%93%E3%83%AA%E3%83%87%E3%82%A4%E3%82%B5%E3%83%BC%E3%83%93%E3%82%B9%E3%81%99%E3%81%BF%E3%82%8C%20%E6%9D%B1%E5%8C%97%E7%94%BA,青森県上北郡東北町上北北1丁目34-103,0176-58-2290,厚生労働省オープンデータ,https://www.mhlw.go.jp/content/12300000/jigyosho_150.csv,2025-12末,https://www.google.com/search?q=%E3%83%AA%E3%83%8F%E3%83%93%E3%83%AA%E3%83%87%E3%82%A4%E3%82%B5%E3%83%BC%E3%83%93%E3%82%B9%E3%81%99%E3%81%BF%E3%82%8C%20%E6%9D%B1%E5%8C%97%E7%94%BA
デイサービスセンターサンポエム,デイサービス,青森県,東北町,"介護,デイサービス",日中に通って食事・入浴・機能訓練・見守りなどを受けるサービスです。,https://akibakai.com,青森県上北郡東北町大字大浦字境ノ沢１２７,0176-56-2111,厚生労働省オープンデータ,https://www.mhlw.go.jp/content/12300000/jigyosho_150.csv,2025-12末,https://www.google.com/search?q=%E3%83%87%E3%82%A4%E3%82%B5%E3%83%BC%E3%83%93%E3%82%B9%E3%82%BB%E3%83%B3%E3%82%BF%E3%83%BC%E3%82%B5%E3%83%B3%E3%83%9D%E3%82%A8%E3%83%A0%20%E6%9D%B1%E5%8C%97%E7%94%BA
デイサービスセンター　ヴィラ中央,デイサービス,青森県,東北町,"介護,デイサービス",日中に通って食事・入浴・機能訓練・見守りなどを受けるサービスです。,http://washinkai.or.jp,青森県上北郡東北町上北北2丁目３３－５５,0176-58-1110,厚生労働省オープンデータ,https://www.mhlw.go.jp/content/12300000/jigyosho_150.csv,2025-12末,https://www.google.com/search?q=%E3%83%87%E3%82%A4%E3%82%B5%E3%83%BC%E3%83%93%E3%82%B9%E3%82%BB%E3%83%B3%E3%82%BF%E3%83%BC%E3%80%80%E3%83%B4%E3%82%A3%E3%83%A9%E4%B8%AD%E5%A4%AE%20%E6%9D%B1%E5%8C%97%E7%94%BA
デイサービスセンター　ぽぷら,デイサービス,青森県,東北町,"介護,デイサービス",日中に通って食事・入浴・機能訓練・見守りなどを受けるサービスです。,http://care-net.biz/02/akamatsu/,青森県上北郡東北町字往来の下３３番地３,0175-62-3005,厚生労働省オープンデータ,https://www.mhlw.go.jp/content/12300000/jigyosho_150.csv,2025-12末,https://www.google.com/search?q=%E3%83%87%E3%82%A4%E3%82%B5%E3%83%BC%E3%83%93%E3%82%B9%E3%82%BB%E3%83%B3%E3%82%BF%E3%83%BC%E3%80%80%E3%81%BD%E3%81%B7%E3%82%89%20%E6%9D%B1%E5%8C%97%E7%94%BA
ちびきデイサービスセンター,デイサービス,青森県,東北町,"介護,デイサービス",日中に通って食事・入浴・機能訓練・見守りなどを受けるサービスです。,prime-line.jp,青森県上北郡東北町字大平１番地１１４,0175-64-7777,厚生労働省オープンデータ,https://www.mhlw.go.jp/content/12300000/jigyosho_150.csv,2025-12末,https://www.google.com/search?q=%E3%81%A1%E3%81%B3%E3%81%8D%E3%83%87%E3%82%A4%E3%82%B5%E3%83%BC%E3%83%93%E3%82%B9%E3%82%BB%E3%83%B3%E3%82%BF%E3%83%BC%20%E6%9D%B1%E5%8C%97%E7%94%BA
デイサービスみらい,デイサービス,青森県,東北町,"介護,デイサービス",日中に通って食事・入浴・機能訓練・見守りなどを受けるサービスです。,http://yuukikai.net/,青森県上北郡東北町大字大浦字唐虫沢４４－１７９,0176-56-3711,厚生労働省オープンデータ,https://www.mhlw.go.jp/content/12300000/jigyosho_150.csv,2025-12末,https://www.google.com/search?q=%E3%83%87%E3%82%A4%E3%82%B5%E3%83%BC%E3%83%93%E3%82%B9%E3%81%BF%E3%82%89%E3%81%84%20%E6%9D%B1%E5%8C%97%E7%94%BA
デイサービスセンター松風荘,デイサービス,青森県,東北町,"介護,デイサービス",日中に通って食事・入浴・機能訓練・見守りなどを受けるサービスです。,http://keitokukai-1992.com//,青森県上北郡東北町字乙供123番地,0175-63-4318,厚生労働省オープンデータ,https://www.mhlw.go.jp/content/12300000/jigyosho_150.csv,2025-12末,https://www.google.com/search?q=%E3%83%87%E3%82%A4%E3%82%B5%E3%83%BC%E3%83%93%E3%82%B9%E3%82%BB%E3%83%B3%E3%82%BF%E3%83%BC%E6%9D%BE%E9%A2%A8%E8%8D%98%20%E6%9D%B1%E5%8C%97%E7%94%BA
ぼんてん荘デイサ－ビスセンタ－,デイサービス,青森県,六ヶ所村,"介護,デイサービス",日中に通って食事・入浴・機能訓練・見守りなどを受けるサービスです。,http://syouryokufukusikai.com/,青森県上北郡六ヶ所村大字出戸字棚沢１３０番１６,0175-72-3886,厚生労働省オープンデータ,https://www.mhlw.go.jp/content/12300000/jigyosho_150.csv,2025-12末,https://www.google.com/search?q=%E3%81%BC%E3%82%93%E3%81%A6%E3%82%93%E8%8D%98%E3%83%87%E3%82%A4%E3%82%B5%EF%BC%8D%E3%83%93%E3%82%B9%E3%82%BB%E3%83%B3%E3%82%BF%EF%BC%8D%20%E5%85%AD%E3%83%B6%E6%89%80%E6%9D%91
たもぎデイサービスセンター,デイサービス,青森県,六ヶ所村,"介護,デイサービス",日中に通って食事・入浴・機能訓練・見守りなどを受けるサービスです。,https://www.google.com/search?q=%E3%81%9F%E3%82%82%E3%81%8E%E3%83%87%E3%82%A4%E3%82%B5%E3%83%BC%E3%83%93%E3%82%B9%E3%82%BB%E3%83%B3%E3%82%BF%E3%83%BC%20%E5%85%AD%E3%83%B6%E6%89%80%E6%9D%91,青森県上北郡六ヶ所村大字平沼字二階坂92-7,0175-71-3311,厚生労働省オープンデータ,https://www.mhlw.go.jp/content/12300000/jigyosho_150.csv,2025-12末,https://www.google.com/search?q=%E3%81%9F%E3%82%82%E3%81%8E%E3%83%87%E3%82%A4%E3%82%B5%E3%83%BC%E3%83%93%E3%82%B9%E3%82%BB%E3%83%B3%E3%82%BF%E3%83%BC%20%E5%85%AD%E3%83%B6%E6%89%80%E6%9D%91
米寿温泉,デイサービス,青森県,おいらせ町,"介護,デイサービス",日中に通って食事・入浴・機能訓練・見守りなどを受けるサービスです。,https://beijyuonsen.termedi.com/,青森県上北郡おいらせ町立蛇15-4,0178-38-1528,厚生労働省オープンデータ,https://www.mhlw.go.jp/content/12300000/jigyosho_150.csv,2025-12末,https://www.google.com/search?q=%E7%B1%B3%E5%AF%BF%E6%B8%A9%E6%B3%89%20%E3%81%8A%E3%81%84%E3%82%89%E3%81%9B%E7%94%BA
デイサービスセンター木崎野,デイサービス,青森県,おいらせ町,"介護,デイサービス",日中に通って食事・入浴・機能訓練・見守りなどを受けるサービスです。,https://www.seiyukai-oirase.jp,おいらせ町向山東二丁目２－１２６２,0178-56-4126,厚生労働省オープンデータ,https://www.mhlw.go.jp/content/12300000/jigyosho_150.csv,2025-12末,https://www.google.com/search?q=%E3%83%87%E3%82%A4%E3%82%B5%E3%83%BC%E3%83%93%E3%82%B9%E3%82%BB%E3%83%B3%E3%82%BF%E3%83%BC%E6%9C%A8%E5%B4%8E%E9%87%8E%20%E3%81%8A%E3%81%84%E3%82%89%E3%81%9B%E7%94%BA
デイサービスセンターいこいの森,デイサービス,青森県,おいらせ町,"介護,デイサービス",日中に通って食事・入浴・機能訓練・見守りなどを受けるサービスです。,http://kizakinosou.jp/,青森県上北郡おいらせ町緑ヶ丘一丁目50-2077デイサービスセンターいこいの森,0176-50-2238,厚生労働省オープンデータ,https://www.mhlw.go.jp/content/12300000/jigyosho_150.csv,2025-12末,https://www.google.com/search?q=%E3%83%87%E3%82%A4%E3%82%B5%E3%83%BC%E3%83%93%E3%82%B9%E3%82%BB%E3%83%B3%E3%82%BF%E3%83%BC%E3%81%84%E3%81%93%E3%81%84%E3%81%AE%E6%A3%AE%20%E3%81%8A%E3%81%84%E3%82%89%E3%81%9B%E7%94%BA
れいろう倶楽部,デイサービス,青森県,おいらせ町,"介護,デイサービス",日中に通って食事・入浴・機能訓練・見守りなどを受けるサービスです。,https://www.google.com/search?q=%E3%82%8C%E3%81%84%E3%82%8D%E3%81%86%E5%80%B6%E6%A5%BD%E9%83%A8%20%E3%81%8A%E3%81%84%E3%82%89%E3%81%9B%E7%94%BA,中野平40番地１イオンモール下田内,0178-50-3107,厚生労働省オープンデータ,https://www.mhlw.go.jp/content/12300000/jigyosho_150.csv,2025-12末,https://www.google.com/search?q=%E3%82%8C%E3%81%84%E3%82%8D%E3%81%86%E5%80%B6%E6%A5%BD%E9%83%A8%20%E3%81%8A%E3%81%84%E3%82%89%E3%81%9B%E7%94%BA
デイサービスセンター阿光坊の郷,デイサービス,青森県,おいらせ町,"介護,デイサービス",日中に通って食事・入浴・機能訓練・見守りなどを受けるサービスです。,http://www.momoishiso.or.jp,上北郡おいらせ町阿光坊１０５-１１０,0178-32-7661,厚生労働省オープンデータ,https://www.mhlw.go.jp/content/12300000/jigyosho_150.csv,2025-12末,https://www.google.com/search?q=%E3%83%87%E3%82%A4%E3%82%B5%E3%83%BC%E3%83%93%E3%82%B9%E3%82%BB%E3%83%B3%E3%82%BF%E3%83%BC%E9%98%BF%E5%85%89%E5%9D%8A%E3%81%AE%E9%83%B7%20%E3%81%8A%E3%81%84%E3%82%89%E3%81%9B%E7%94%BA
デイサービスセンター和花,デイサービス,青森県,おいらせ町,"介護,デイサービス",日中に通って食事・入浴・機能訓練・見守りなどを受けるサービスです。,http://www.momoishiso.or.jp,青森県上北郡おいらせ町下明堂56番地1,0178-51-8886,厚生労働省オープンデータ,https://www.mhlw.go.jp/content/12300000/jigyosho_150.csv,2025-12末,https://www.google.com/search?q=%E3%83%87%E3%82%A4%E3%82%B5%E3%83%BC%E3%83%93%E3%82%B9%E3%82%BB%E3%83%B3%E3%82%BF%E3%83%BC%E5%92%8C%E8%8A%B1%20%E3%81%8A%E3%81%84%E3%82%89%E3%81%9B%E7%94%BA
デイサービスセンター　ガーデンプレイスおいらせ,デイサービス,青森県,おいらせ町,"介護,デイサービス",日中に通って食事・入浴・機能訓練・見守りなどを受けるサービスです。,http:///www.momoishiso.or.jp,青森県上北郡おいらせ町鶉久保3-42,0176-58-0706,厚生労働省オープンデータ,https://www.mhlw.go.jp/content/12300000/jigyosho_150.csv,2025-12末,https://www.google.com/search?q=%E3%83%87%E3%82%A4%E3%82%B5%E3%83%BC%E3%83%93%E3%82%B9%E3%82%BB%E3%83%B3%E3%82%BF%E3%83%BC%E3%80%80%E3%82%AC%E3%83%BC%E3%83%87%E3%83%B3%E3%83%97%E3%83%AC%E3%82%A4%E3%82%B9%E3%81%8A%E3%81%84%E3%82%89%E3%81%9B%20%E3%81%8A%E3%81%84%E3%82%89%E3%81%9B%E7%94%BA
デイサービスセンターくろまつ,デイサービス,青森県,大間町,"介護,デイサービス",日中に通って食事・入浴・機能訓練・見守りなどを受けるサービスです。,https://www.google.com/search?q=%E3%83%87%E3%82%A4%E3%82%B5%E3%83%BC%E3%83%93%E3%82%B9%E3%82%BB%E3%83%B3%E3%82%BF%E3%83%BC%E3%81%8F%E3%82%8D%E3%81%BE%E3%81%A4%20%E5%A4%A7%E9%96%93%E7%94%BA,青森県下北郡大間町大字大間字大間平20－78,0175-37-5111,厚生労働省オープンデータ,https://www.mhlw.go.jp/content/12300000/jigyosho_150.csv,2025-12末,https://www.google.com/search?q=%E3%83%87%E3%82%A4%E3%82%B5%E3%83%BC%E3%83%93%E3%82%B9%E3%82%BB%E3%83%B3%E3%82%BF%E3%83%BC%E3%81%8F%E3%82%8D%E3%81%BE%E3%81%A4%20%E5%A4%A7%E9%96%93%E7%94%BA
公益社団法人地域医療振興協会東通村保健福祉センター通所介護事業所,デイサービス,青森県,東通村,"介護,デイサービス",日中に通って食事・入浴・機能訓練・見守りなどを受けるサービスです。,https://higashidori.jadecom.or.jp,青森県下北郡東通村大字砂子又字里１７－２,0175-28-5600,厚生労働省オープンデータ,https://www.mhlw.go.jp/content/12300000/jigyosho_150.csv,2025-12末,https://www.google.com/search?q=%E5%85%AC%E7%9B%8A%E7%A4%BE%E5%9B%A3%E6%B3%95%E4%BA%BA%E5%9C%B0%E5%9F%9F%E5%8C%BB%E7%99%82%E6%8C%AF%E8%88%88%E5%8D%94%E4%BC%9A%E6%9D%B1%E9%80%9A%E6%9D%91%E4%BF%9D%E5%81%A5%E7%A6%8F%E7%A5%89%E3%82%BB%E3%83%B3%E3%82%BF%E3%83%BC%E9%80%9A%E6%89%80%E4%BB%8B%E8%AD%B7%E4%BA%8B%E6%A5%AD%E6%89%80%20%E6%9D%B1%E9%80%9A%E6%9D%91
デイサービスセンター鶴亀,デイサービス,青森県,三戸町,"介護,デイサービス",日中に通って食事・入浴・機能訓練・見守りなどを受けるサービスです。,http://www.keishinkai.com/tsurukamesou,青森県三戸郡三戸町大字斗内字和田60-1,0179-23-4113,厚生労働省オープンデータ,https://www.mhlw.go.jp/content/12300000/jigyosho_150.csv,2025-12末,https://www.google.com/search?q=%E3%83%87%E3%82%A4%E3%82%B5%E3%83%BC%E3%83%93%E3%82%B9%E3%82%BB%E3%83%B3%E3%82%BF%E3%83%BC%E9%B6%B4%E4%BA%80%20%E4%B8%89%E6%88%B8%E7%94%BA
デイサービスセンター桜,デイサービス,青森県,三戸町,"介護,デイサービス",日中に通って食事・入浴・機能訓練・見守りなどを受けるサービスです。,https://www.google.com/search?q=%E3%83%87%E3%82%A4%E3%82%B5%E3%83%BC%E3%83%93%E3%82%B9%E3%82%BB%E3%83%B3%E3%82%BF%E3%83%BC%E6%A1%9C%20%E4%B8%89%E6%88%B8%E7%94%BA,青森県三戸郡三戸町川守田字大明地１８－４,0179-23-5132,厚生労働省オープンデータ,https://www.mhlw.go.jp/content/12300000/jigyosho_150.csv,2025-12末,https://www.google.com/search?q=%E3%83%87%E3%82%A4%E3%82%B5%E3%83%BC%E3%83%93%E3%82%B9%E3%82%BB%E3%83%B3%E3%82%BF%E3%83%BC%E6%A1%9C%20%E4%B8%89%E6%88%B8%E7%94%BA
デイサービスセンタールピナス,デイサービス,青森県,五戸町,"介護,デイサービス",日中に通って食事・入浴・機能訓練・見守りなどを受けるサービスです。,lupinus@family-wf.jp,青森県三戸郡五戸町大字浅水字下平35番2,0178-61-8311,厚生労働省オープンデータ,https://www.mhlw.go.jp/content/12300000/jigyosho_150.csv,2025-12末,https://www.google.com/search?q=%E3%83%87%E3%82%A4%E3%82%B5%E3%83%BC%E3%83%93%E3%82%B9%E3%82%BB%E3%83%B3%E3%82%BF%E3%83%BC%E3%83%AB%E3%83%94%E3%83%8A%E3%82%B9%20%E4%BA%94%E6%88%B8%E7%94%BA
デイサービスセンター　ハピネス五戸,デイサービス,青森県,五戸町,"介護,デイサービス",日中に通って食事・入浴・機能訓練・見守りなどを受けるサービスです。,http://familly-wf.jp/,青森県三戸郡五戸町字姥堤34番地1,0178-62-6760,厚生労働省オープンデータ,https://www.mhlw.go.jp/content/12300000/jigyosho_150.csv,2025-12末,https://www.google.com/search?q=%E3%83%87%E3%82%A4%E3%82%B5%E3%83%BC%E3%83%93%E3%82%B9%E3%82%BB%E3%83%B3%E3%82%BF%E3%83%BC%E3%80%80%E3%83%8F%E3%83%94%E3%83%8D%E3%82%B9%E4%BA%94%E6%88%B8%20%E4%BA%94%E6%88%B8%E7%94%BA
デイサービスセンター　コスモス,デイサービス,青森県,五戸町,"介護,デイサービス",日中に通って食事・入浴・機能訓練・見守りなどを受けるサービスです。,http://www.family-wf.jp,五戸町上市川字中坪37,0178-61-5000,厚生労働省オープンデータ,https://www.mhlw.go.jp/content/12300000/jigyosho_150.csv,2025-12末,https://www.google.com/search?q=%E3%83%87%E3%82%A4%E3%82%B5%E3%83%BC%E3%83%93%E3%82%B9%E3%82%BB%E3%83%B3%E3%82%BF%E3%83%BC%E3%80%80%E3%82%B3%E3%82%B9%E3%83%A2%E3%82%B9%20%E4%BA%94%E6%88%B8%E7%94%BA
さくら荘デイサービスセンター,デイサービス,青森県,五戸町,"介護,デイサービス",日中に通って食事・入浴・機能訓練・見守りなどを受けるサービスです。,https://www.sakuraso.or.jp,青森県三戸郡五戸町大字倉石中市字新山平６４-１,0178-77-2160,厚生労働省オープンデータ,https://www.mhlw.go.jp/content/12300000/jigyosho_150.csv,2025-12末,https://www.google.com/search?q=%E3%81%95%E3%81%8F%E3%82%89%E8%8D%98%E3%83%87%E3%82%A4%E3%82%B5%E3%83%BC%E3%83%93%E3%82%B9%E3%82%BB%E3%83%B3%E3%82%BF%E3%83%BC%20%E4%BA%94%E6%88%B8%E7%94%BA
デイサービスセンターにこにこプラザ五戸,デイサービス,青森県,五戸町,"介護,デイサービス",日中に通って食事・入浴・機能訓練・見守りなどを受けるサービスです。,https://www.sg-gonohe.com/,青森県三戸郡五戸町字川原町西裏5-80,0178-61-1060,厚生労働省オープンデータ,https://www.mhlw.go.jp/content/12300000/jigyosho_150.csv,2025-12末,https://www.google.com/search?q=%E3%83%87%E3%82%A4%E3%82%B5%E3%83%BC%E3%83%93%E3%82%B9%E3%82%BB%E3%83%B3%E3%82%BF%E3%83%BC%E3%81%AB%E3%81%93%E3%81%AB%E3%81%93%E3%83%97%E3%83%A9%E3%82%B6%E4%BA%94%E6%88%B8%20%E4%BA%94%E6%88%B8%E7%94%BA
田子町老人デイサービスセンター,デイサービス,青森県,田子町,"介護,デイサービス",日中に通って食事・入浴・機能訓練・見守りなどを受けるサービスです。,https://takko-shakyo.jp/,青森県三戸郡田子町大字田子字前田2番地1号,0179-20-7103,厚生労働省オープンデータ,https://www.mhlw.go.jp/content/12300000/jigyosho_150.csv,2025-12末,https://www.google.com/search?q=%E7%94%B0%E5%AD%90%E7%94%BA%E8%80%81%E4%BA%BA%E3%83%87%E3%82%A4%E3%82%B5%E3%83%BC%E3%83%93%E3%82%B9%E3%82%BB%E3%83%B3%E3%82%BF%E3%83%BC%20%E7%94%B0%E5%AD%90%E7%94%BA
デイサービスセンターみろく苑,デイサービス,青森県,田子町,"介護,デイサービス",日中に通って食事・入浴・機能訓練・見守りなどを受けるサービスです。,http://mirokuen.com/,青森県三戸郡田子町大字田子字七日市上ノ平60番地,0179-32-3699,厚生労働省オープンデータ,https://www.mhlw.go.jp/content/12300000/jigyosho_150.csv,2025-12末,https://www.google.com/search?q=%E3%83%87%E3%82%A4%E3%82%B5%E3%83%BC%E3%83%93%E3%82%B9%E3%82%BB%E3%83%B3%E3%82%BF%E3%83%BC%E3%81%BF%E3%82%8D%E3%81%8F%E8%8B%91%20%E7%94%B0%E5%AD%90%E7%94%BA
デイサービスセンター・リスパ,デイサービス,青森県,南部町,"介護,デイサービス",日中に通って食事・入浴・機能訓練・見守りなどを受けるサービスです。,https://www.google.com/search?q=%E3%83%87%E3%82%A4%E3%82%B5%E3%83%BC%E3%83%93%E3%82%B9%E3%82%BB%E3%83%B3%E3%82%BF%E3%83%BC%E3%83%BB%E3%83%AA%E3%82%B9%E3%83%91%20%E5%8D%97%E9%83%A8%E7%94%BA,青森県三戸郡南部町大字福田字赤坂脇10-72,0178-38-0973,厚生労働省オープンデータ,https://www.mhlw.go.jp/content/12300000/jigyosho_150.csv,2025-12末,https://www.google.com/search?q=%E3%83%87%E3%82%A4%E3%82%B5%E3%83%BC%E3%83%93%E3%82%B9%E3%82%BB%E3%83%B3%E3%82%BF%E3%83%BC%E3%83%BB%E3%83%AA%E3%82%B9%E3%83%91%20%E5%8D%97%E9%83%A8%E7%94%BA
社会福祉法人　恵生会　三老デイサービスセンター八幡のゆ,デイサービス,青森県,南部町,"介護,デイサービス",日中に通って食事・入浴・機能訓練・見守りなどを受けるサービスです。,https//www.sanrou-hatiman.com,青森県三戸郡南部町大字小向字八幡19-1三老デイサービスセンター八幡のゆ,0179-23-3680,厚生労働省オープンデータ,https://www.mhlw.go.jp/content/12300000/jigyosho_150.csv,2025-12末,https://www.google.com/search?q=%E7%A4%BE%E4%BC%9A%E7%A6%8F%E7%A5%89%E6%B3%95%E4%BA%BA%E3%80%80%E6%81%B5%E7%94%9F%E4%BC%9A%E3%80%80%E4%B8%89%E8%80%81%E3%83%87%E3%82%A4%E3%82%B5%E3%83%BC%E3%83%93%E3%82%B9%E3%82%BB%E3%83%B3%E3%82%BF%E3%83%BC%E5%85%AB%E5%B9%A1%E3%81%AE%E3%82%86%20%E5%8D%97%E9%83%A8%E7%94%BA
デイサービスセンターあじさい,デイサービス,青森県,南部町,"介護,デイサービス",日中に通って食事・入浴・機能訓練・見守りなどを受けるサービスです。,https://www.google.com/search?q=%E3%83%87%E3%82%A4%E3%82%B5%E3%83%BC%E3%83%93%E3%82%B9%E3%82%BB%E3%83%B3%E3%82%BF%E3%83%BC%E3%81%82%E3%81%98%E3%81%95%E3%81%84%20%E5%8D%97%E9%83%A8%E7%94%BA,青森県三戸郡南部町大字下名久井字剣吉前川原1-20,0178-60-5500,厚生労働省オープンデータ,https://www.mhlw.go.jp/content/12300000/jigyosho_150.csv,2025-12末,https://www.google.com/search?q=%E3%83%87%E3%82%A4%E3%82%B5%E3%83%BC%E3%83%93%E3%82%B9%E3%82%BB%E3%83%B3%E3%82%BF%E3%83%BC%E3%81%82%E3%81%98%E3%81%95%E3%81%84%20%E5%8D%97%E9%83%A8%E7%94%BA
あいたすデイサービスセンター,デイサービス,青森県,南部町,"介護,デイサービス",日中に通って食事・入浴・機能訓練・見守りなどを受けるサービスです。,http://chorokai.or.jp/,青森県三戸郡南部町大字福田字あかね１２－１,0178-60-1515,厚生労働省オープンデータ,https://www.mhlw.go.jp/content/12300000/jigyosho_150.csv,2025-12末,https://www.google.com/search?q=%E3%81%82%E3%81%84%E3%81%9F%E3%81%99%E3%83%87%E3%82%A4%E3%82%B5%E3%83%BC%E3%83%93%E3%82%B9%E3%82%BB%E3%83%B3%E3%82%BF%E3%83%BC%20%E5%8D%97%E9%83%A8%E7%94%BA
デイサービスセンター　スマイル,デイサービス,青森県,南部町,"介護,デイサービス",日中に通って食事・入浴・機能訓練・見守りなどを受けるサービスです。,daysmile@lime.ocn.ne.jp,青森県三戸郡南部町大字埖渡字下外窪12－67,0178－60－1788,厚生労働省オープンデータ,https://www.mhlw.go.jp/content/12300000/jigyosho_150.csv,2025-12末,https://www.google.com/search?q=%E3%83%87%E3%82%A4%E3%82%B5%E3%83%BC%E3%83%93%E3%82%B9%E3%82%BB%E3%83%B3%E3%82%BF%E3%83%BC%E3%80%80%E3%82%B9%E3%83%9E%E3%82%A4%E3%83%AB%20%E5%8D%97%E9%83%A8%E7%94%BA
見心園居宅サービスセンター（デイサービス）,デイサービス,青森県,階上町,"介護,デイサービス",日中に通って食事・入浴・機能訓練・見守りなどを受けるサービスです。,https://www.kenshinen.jp,青森県三戸郡階上町大字赤保内字道仏道添21-12,0178-88-3355,厚生労働省オープンデータ,https://www.mhlw.go.jp/content/12300000/jigyosho_150.csv,2025-12末,https://www.google.com/search?q=%E8%A6%8B%E5%BF%83%E5%9C%92%E5%B1%85%E5%AE%85%E3%82%B5%E3%83%BC%E3%83%93%E3%82%B9%E3%82%BB%E3%83%B3%E3%82%BF%E3%83%BC%EF%BC%88%E3%83%87%E3%82%A4%E3%82%B5%E3%83%BC%E3%83%93%E3%82%B9%EF%BC%89%20%E9%9A%8E%E4%B8%8A%E7%94%BA
デイサービスセンターありがとう,デイサービス,青森県,階上町,"介護,デイサービス",日中に通って食事・入浴・機能訓練・見守りなどを受けるサービスです。,http://www.arigato-hasikami.com/,青森県三戸郡階上町大字赤保内字柳沢１５番地３４３,0178-38-0088,厚生労働省オープンデータ,https://www.mhlw.go.jp/content/12300000/jigyosho_150.csv,2025-12末,https://www.google.com/search?q=%E3%83%87%E3%82%A4%E3%82%B5%E3%83%BC%E3%83%93%E3%82%B9%E3%82%BB%E3%83%B3%E3%82%BF%E3%83%BC%E3%81%82%E3%82%8A%E3%81%8C%E3%81%A8%E3%81%86%20%E9%9A%8E%E4%B8%8A%E7%94%BA
デイサービスセンター臥牛苑,デイサービス,青森県,階上町,"介護,デイサービス",日中に通って食事・入浴・機能訓練・見守りなどを受けるサービスです。,http://sousyou.jimdo.com,三戸郡階上町大字角柄折字餅粟久保4-1,0178-88-1461,厚生労働省オープンデータ,https://www.mhlw.go.jp/content/12300000/jigyosho_150.csv,2025-12末,https://www.google.com/search?q=%E3%83%87%E3%82%A4%E3%82%B5%E3%83%BC%E3%83%93%E3%82%B9%E3%82%BB%E3%83%B3%E3%82%BF%E3%83%BC%E8%87%A5%E7%89%9B%E8%8B%91%20%E9%9A%8E%E4%B8%8A%E7%94%BA
デイサービスセンター　かっこうの森,デイサービス,青森県,階上町,"介護,デイサービス",日中に通って食事・入浴・機能訓練・見守りなどを受けるサービスです。,e-mail:kakkou@mist.ocn.ne.jp,蒼前西3丁目9-153,0178-80-1515,厚生労働省オープンデータ,https://www.mhlw.go.jp/content/12300000/jigyosho_150.csv,2025-12末,https://www.google.com/search?q=%E3%83%87%E3%82%A4%E3%82%B5%E3%83%BC%E3%83%93%E3%82%B9%E3%82%BB%E3%83%B3%E3%82%BF%E3%83%BC%E3%80%80%E3%81%8B%E3%81%A3%E3%81%93%E3%81%86%E3%81%AE%E6%A3%AE%20%E9%9A%8E%E4%B8%8A%E7%94%BA
医療法人仁泉会　デイサービスセンターしんごう,デイサービス,青森県,新郷村,"介護,デイサービス",日中に通って食事・入浴・機能訓練・見守りなどを受けるサービスです。,https://www.google.com/search?q=%E5%8C%BB%E7%99%82%E6%B3%95%E4%BA%BA%E4%BB%81%E6%B3%89%E4%BC%9A%E3%80%80%E3%83%87%E3%82%A4%E3%82%B5%E3%83%BC%E3%83%93%E3%82%B9%E3%82%BB%E3%83%B3%E3%82%BF%E3%83%BC%E3%81%97%E3%82%93%E3%81%94%E3%81%86%20%E6%96%B0%E9%83%B7%E6%9D%91,青森県三戸郡新郷村大字戸来字金ヶ沢坂ノ下17-1,0178-61-7570,厚生労働省オープンデータ,https://www.mhlw.go.jp/content/12300000/jigyosho_150.csv,2025-12末,https://www.google.com/search?q=%E5%8C%BB%E7%99%82%E6%B3%95%E4%BA%BA%E4%BB%81%E6%B3%89%E4%BC%9A%E3%80%80%E3%83%87%E3%82%A4%E3%82%B5%E3%83%BC%E3%83%93%E3%82%B9%E3%82%BB%E3%83%B3%E3%82%BF%E3%83%BC%E3%81%97%E3%82%93%E3%81%94%E3%81%86%20%E6%96%B0%E9%83%B7%E6%9D%91
介護老人保健施設なみおか,通所リハビリ,青森県,青森市,"介護,通所リハビリ,リハビリ",通所リハビリの公式オープンデータから取り込んだ候補です。詳細は公式情報・電話・見学で確認してください。,https://www.google.com/search?q=%E4%BB%8B%E8%AD%B7%E8%80%81%E4%BA%BA%E4%BF%9D%E5%81%A5%E6%96%BD%E8%A8%AD%E3%81%AA%E3%81%BF%E3%81%8A%E3%81%8B%20%E9%9D%92%E6%A3%AE%E5%B8%82,青森県青森市浪岡大字杉沢字山元454番238号,0172-69-1120,厚生労働省オープンデータ,https://www.mhlw.go.jp/content/12300000/jigyosho_160.csv,2025-12末,https://www.google.com/search?q=%E4%BB%8B%E8%AD%B7%E8%80%81%E4%BA%BA%E4%BF%9D%E5%81%A5%E6%96%BD%E8%A8%AD%E3%81%AA%E3%81%BF%E3%81%8A%E3%81%8B%20%E9%9D%92%E6%A3%AE%E5%B8%82
協立クリニック通所リハビリセンター,通所リハビリ,青森県,青森市,"介護,通所リハビリ,リハビリ",通所リハビリの公式オープンデータから取り込んだ候補です。詳細は公式情報・電話・見学で確認してください。,http://www.aomori-h-coop.com,青森市東大野2-3-7,017-762-5592,厚生労働省オープンデータ,https://www.mhlw.go.jp/content/12300000/jigyosho_160.csv,2025-12末,https://www.google.com/search?q=%E5%8D%94%E7%AB%8B%E3%82%AF%E3%83%AA%E3%83%8B%E3%83%83%E3%82%AF%E9%80%9A%E6%89%80%E3%83%AA%E3%83%8F%E3%83%93%E3%83%AA%E3%82%BB%E3%83%B3%E3%82%BF%E3%83%BC%20%E9%9D%92%E6%A3%AE%E5%B8%82
社団法人慈恵会青森慈恵会病院,通所リハビリ,青森県,青森市,"介護,通所リハビリ,リハビリ",通所リハビリの公式オープンデータから取り込んだ候補です。詳細は公式情報・電話・見学で確認してください。,https://jikeikai.aomori.jp/department/section/care-center/day-care-rehab/,青森県青森市安田字近野146-1,017-782-8574,厚生労働省オープンデータ,https://www.mhlw.go.jp/content/12300000/jigyosho_160.csv,2025-12末,https://www.google.com/search?q=%E7%A4%BE%E5%9B%A3%E6%B3%95%E4%BA%BA%E6%85%88%E6%81%B5%E4%BC%9A%E9%9D%92%E6%A3%AE%E6%85%88%E6%81%B5%E4%BC%9A%E7%97%85%E9%99%A2%20%E9%9D%92%E6%A3%AE%E5%B8%82
青森厚生病院介護事業部,通所リハビリ,青森県,青森市,"介護,通所リハビリ,リハビリ",通所リハビリの公式オープンデータから取り込んだ候補です。詳細は公式情報・電話・見学で確認してください。,http://soujinkai-kousei.org/kousei-aomori/,新城字山田488-1,017-788-3125,厚生労働省オープンデータ,https://www.mhlw.go.jp/content/12300000/jigyosho_160.csv,2025-12末,https://www.google.com/search?q=%E9%9D%92%E6%A3%AE%E5%8E%9A%E7%94%9F%E7%97%85%E9%99%A2%E4%BB%8B%E8%AD%B7%E4%BA%8B%E6%A5%AD%E9%83%A8%20%E9%9D%92%E6%A3%AE%E5%B8%82
青森保健生活協同組合　あおもり協立病院,通所リハビリ,青森県,青森市,"介護,通所リハビリ,リハビリ",通所リハビリの公式オープンデータから取り込んだ候補です。詳細は公式情報・電話・見学で確認してください。,https://www.aomori-h-coop.com/kyoritsu/care-service/day-care.html,青森県青森市東大野2-1-10,017-762-5500,厚生労働省オープンデータ,https://www.mhlw.go.jp/content/12300000/jigyosho_160.csv,2025-12末,https://www.google.com/search?q=%E9%9D%92%E6%A3%AE%E4%BF%9D%E5%81%A5%E7%94%9F%E6%B4%BB%E5%8D%94%E5%90%8C%E7%B5%84%E5%90%88%E3%80%80%E3%81%82%E3%81%8A%E3%82%82%E3%82%8A%E5%8D%94%E7%AB%8B%E7%97%85%E9%99%A2%20%E9%9D%92%E6%A3%AE%E5%B8%82
津軽保健生活協同組合　津軽医院,通所リハビリ,青森県,青森市,"介護,通所リハビリ,リハビリ",通所リハビリの公式オープンデータから取り込んだ候補です。詳細は公式情報・電話・見学で確認してください。,https://www.google.com/search?q=%E6%B4%A5%E8%BB%BD%E4%BF%9D%E5%81%A5%E7%94%9F%E6%B4%BB%E5%8D%94%E5%90%8C%E7%B5%84%E5%90%88%E3%80%80%E6%B4%A5%E8%BB%BD%E5%8C%BB%E9%99%A2%20%E9%9D%92%E6%A3%AE%E5%B8%82,青森市浪岡大字浪岡字浅井205,0172-62-3101,厚生労働省オープンデータ,https://www.mhlw.go.jp/content/12300000/jigyosho_160.csv,2025-12末,https://www.google.com/search?q=%E6%B4%A5%E8%BB%BD%E4%BF%9D%E5%81%A5%E7%94%9F%E6%B4%BB%E5%8D%94%E5%90%8C%E7%B5%84%E5%90%88%E3%80%80%E6%B4%A5%E8%BB%BD%E5%8C%BB%E9%99%A2%20%E9%9D%92%E6%A3%AE%E5%B8%82
介護老人保健施設　青森ナーシングライフ,通所リハビリ,青森県,青森市,"介護,通所リハビリ,リハビリ",通所リハビリの公式オープンデータから取り込んだ候補です。詳細は公式情報・電話・見学で確認してください。,http://www.keiju-w.or.jp/,青森県青森市大字矢田前字弥生田４７－２,017-726-5211,厚生労働省オープンデータ,https://www.mhlw.go.jp/content/12300000/jigyosho_160.csv,2025-12末,https://www.google.com/search?q=%E4%BB%8B%E8%AD%B7%E8%80%81%E4%BA%BA%E4%BF%9D%E5%81%A5%E6%96%BD%E8%A8%AD%E3%80%80%E9%9D%92%E6%A3%AE%E3%83%8A%E3%83%BC%E3%82%B7%E3%83%B3%E3%82%B0%E3%83%A9%E3%82%A4%E3%83%95%20%E9%9D%92%E6%A3%AE%E5%B8%82
ユニット型介護老人保健施設青照苑　通所リハビリテーション,通所リハビリ,青森県,青森市,"介護,通所リハビリ,リハビリ",通所リハビリの公式オープンデータから取り込んだ候補です。詳細は公式情報・電話・見学で確認してください。,http://jikei-kai.org/,青森県青森市羽白字野木和４５,017-787-3330,厚生労働省オープンデータ,https://www.mhlw.go.jp/content/12300000/jigyosho_160.csv,2025-12末,https://www.google.com/search?q=%E3%83%A6%E3%83%8B%E3%83%83%E3%83%88%E5%9E%8B%E4%BB%8B%E8%AD%B7%E8%80%81%E4%BA%BA%E4%BF%9D%E5%81%A5%E6%96%BD%E8%A8%AD%E9%9D%92%E7%85%A7%E8%8B%91%E3%80%80%E9%80%9A%E6%89%80%E3%83%AA%E3%83%8F%E3%83%93%E3%83%AA%E3%83%86%E3%83%BC%E3%82%B7%E3%83%A7%E3%83%B3%20%E9%9D%92%E6%A3%AE%E5%B8%82
社会福祉法人諏訪ノ森会　介護老人保健施設いちい荘,通所リハビリ,青森県,青森市,"介護,通所リハビリ,リハビリ",通所リハビリの公式オープンデータから取り込んだ候補です。詳細は公式情報・電話・見学で確認してください。,http://www.suwanomorikai.com/,青森県青森市大字諏訪沢字丸山７２番地,017-726-3855,厚生労働省オープンデータ,https://www.mhlw.go.jp/content/12300000/jigyosho_160.csv,2025-12末,https://www.google.com/search?q=%E7%A4%BE%E4%BC%9A%E7%A6%8F%E7%A5%89%E6%B3%95%E4%BA%BA%E8%AB%8F%E8%A8%AA%E3%83%8E%E6%A3%AE%E4%BC%9A%E3%80%80%E4%BB%8B%E8%AD%B7%E8%80%81%E4%BA%BA%E4%BF%9D%E5%81%A5%E6%96%BD%E8%A8%AD%E3%81%84%E3%81%A1%E3%81%84%E8%8D%98%20%E9%9D%92%E6%A3%AE%E5%B8%82
老人保健施設すずかけの里,通所リハビリ,青森県,青森市,"介護,通所リハビリ,リハビリ",通所リハビリの公式オープンデータから取り込んだ候補です。詳細は公式情報・電話・見学で確認してください。,www.amc-headquarters-med.or.jp,青森県青森市里見2丁目13番1号,017-761-1111,厚生労働省オープンデータ,https://www.mhlw.go.jp/content/12300000/jigyosho_160.csv,2025-12末,https://www.google.com/search?q=%E8%80%81%E4%BA%BA%E4%BF%9D%E5%81%A5%E6%96%BD%E8%A8%AD%E3%81%99%E3%81%9A%E3%81%8B%E3%81%91%E3%81%AE%E9%87%8C%20%E9%9D%92%E6%A3%AE%E5%B8%82
桐紫苑,通所リハビリ,青森県,青森市,"介護,通所リハビリ,リハビリ",通所リハビリの公式オープンデータから取り込んだ候補です。詳細は公式情報・電話・見学で確認してください。,http://toushien.or.jp/toushien.html,青森県青森市大字幸畑字谷脇214-1,017-718-2960,厚生労働省オープンデータ,https://www.mhlw.go.jp/content/12300000/jigyosho_160.csv,2025-12末,https://www.google.com/search?q=%E6%A1%90%E7%B4%AB%E8%8B%91%20%E9%9D%92%E6%A3%AE%E5%B8%82
介護老人保健施設　みちのく青海荘,通所リハビリ,青森県,青森市,"介護,通所リハビリ,リハビリ",通所リハビリの公式オープンデータから取り込んだ候補です。詳細は公式情報・電話・見学で確認してください。,m.hakujukai.com,青森市港町三丁目６番３号,017-741-5188,厚生労働省オープンデータ,https://www.mhlw.go.jp/content/12300000/jigyosho_160.csv,2025-12末,https://www.google.com/search?q=%E4%BB%8B%E8%AD%B7%E8%80%81%E4%BA%BA%E4%BF%9D%E5%81%A5%E6%96%BD%E8%A8%AD%E3%80%80%E3%81%BF%E3%81%A1%E3%81%AE%E3%81%8F%E9%9D%92%E6%B5%B7%E8%8D%98%20%E9%9D%92%E6%A3%AE%E5%B8%82
介護老人保健施設ケア・ガーデン青森,通所リハビリ,青森県,青森市,"介護,通所リハビリ,リハビリ",通所リハビリの公式オープンデータから取り込んだ候補です。詳細は公式情報・電話・見学で確認してください。,http://www.hokushoukai.com,青森県青森市古館1丁目2-1,017-744-3311,厚生労働省オープンデータ,https://www.mhlw.go.jp/content/12300000/jigyosho_160.csv,2025-12末,https://www.google.com/search?q=%E4%BB%8B%E8%AD%B7%E8%80%81%E4%BA%BA%E4%BF%9D%E5%81%A5%E6%96%BD%E8%A8%AD%E3%82%B1%E3%82%A2%E3%83%BB%E3%82%AC%E3%83%BC%E3%83%87%E3%83%B3%E9%9D%92%E6%A3%AE%20%E9%9D%92%E6%A3%AE%E5%B8%82
介護医療院カトレア,通所リハビリ,青森県,青森市,"介護,通所リハビリ,リハビリ",通所リハビリの公式オープンデータから取り込んだ候補です。詳細は公式情報・電話・見学で確認してください。,http://heigenkai.jp/,青森県青森市大字高田字川瀬１１０-１,０１７‐７３９‐６１００,厚生労働省オープンデータ,https://www.mhlw.go.jp/content/12300000/jigyosho_160.csv,2025-12末,https://www.google.com/search?q=%E4%BB%8B%E8%AD%B7%E5%8C%BB%E7%99%82%E9%99%A2%E3%82%AB%E3%83%88%E3%83%AC%E3%82%A2%20%E9%9D%92%E6%A3%AE%E5%B8%82
医療法人　内科おひさまクリニック,通所リハビリ,青森県,青森市,"介護,通所リハビリ,リハビリ",通所リハビリの公式オープンデータから取り込んだ候補です。詳細は公式情報・電話・見学で確認してください。,https://www.google.com/search?q=%E5%8C%BB%E7%99%82%E6%B3%95%E4%BA%BA%E3%80%80%E5%86%85%E7%A7%91%E3%81%8A%E3%81%B2%E3%81%95%E3%81%BE%E3%82%AF%E3%83%AA%E3%83%8B%E3%83%83%E3%82%AF%20%E9%9D%92%E6%A3%AE%E5%B8%82,青森県青森市橋本１丁目9-26,017-723-0020,厚生労働省オープンデータ,https://www.mhlw.go.jp/content/12300000/jigyosho_160.csv,2025-12末,https://www.google.com/search?q=%E5%8C%BB%E7%99%82%E6%B3%95%E4%BA%BA%E3%80%80%E5%86%85%E7%A7%91%E3%81%8A%E3%81%B2%E3%81%95%E3%81%BE%E3%82%AF%E3%83%AA%E3%83%8B%E3%83%83%E3%82%AF%20%E9%9D%92%E6%A3%AE%E5%B8%82
石戸谷皮膚科泌尿器科医院,通所リハビリ,青森県,弘前市,"介護,通所リハビリ,リハビリ",通所リハビリの公式オープンデータから取り込んだ候補です。詳細は公式情報・電話・見学で確認してください。,http://ishitoyader.byoinnavi.jp/prepc/,青森県弘前市北川端町１番地,0172-32-9028,厚生労働省オープンデータ,https://www.mhlw.go.jp/content/12300000/jigyosho_160.csv,2025-12末,https://www.google.com/search?q=%E7%9F%B3%E6%88%B8%E8%B0%B7%E7%9A%AE%E8%86%9A%E7%A7%91%E6%B3%8C%E5%B0%BF%E5%99%A8%E7%A7%91%E5%8C%BB%E9%99%A2%20%E5%BC%98%E5%89%8D%E5%B8%82
吉田クリニック　通所リハビリテーション　フレディ２,通所リハビリ,青森県,弘前市,"介護,通所リハビリ,リハビリ",通所リハビリの公式オープンデータから取り込んだ候補です。詳細は公式情報・電話・見学で確認してください。,https://www.google.com/search?q=%E5%90%89%E7%94%B0%E3%82%AF%E3%83%AA%E3%83%8B%E3%83%83%E3%82%AF%E3%80%80%E9%80%9A%E6%89%80%E3%83%AA%E3%83%8F%E3%83%93%E3%83%AA%E3%83%86%E3%83%BC%E3%82%B7%E3%83%A7%E3%83%B3%E3%80%80%E3%83%95%E3%83%AC%E3%83%87%E3%82%A3%EF%BC%92%20%E5%BC%98%E5%89%8D%E5%B8%82,青森県弘前市百石町49の１吉田クリニック3階,0172-37-6301,厚生労働省オープンデータ,https://www.mhlw.go.jp/content/12300000/jigyosho_160.csv,2025-12末,https://www.google.com/search?q=%E5%90%89%E7%94%B0%E3%82%AF%E3%83%AA%E3%83%8B%E3%83%83%E3%82%AF%E3%80%80%E9%80%9A%E6%89%80%E3%83%AA%E3%83%8F%E3%83%93%E3%83%AA%E3%83%86%E3%83%BC%E3%82%B7%E3%83%A7%E3%83%B3%E3%80%80%E3%83%95%E3%83%AC%E3%83%87%E3%82%A3%EF%BC%92%20%E5%BC%98%E5%89%8D%E5%B8%82
介護老人保健施設　弘前リカバリーセンター,通所リハビリ,青森県,弘前市,"介護,通所リハビリ,リハビリ",通所リハビリの公式オープンデータから取り込んだ候補です。詳細は公式情報・電話・見学で確認してください。,https://recovery-center.jp/,青森県弘前市高田１丁目１０－７,0172-27-3322,厚生労働省オープンデータ,https://www.mhlw.go.jp/content/12300000/jigyosho_160.csv,2025-12末,https://www.google.com/search?q=%E4%BB%8B%E8%AD%B7%E8%80%81%E4%BA%BA%E4%BF%9D%E5%81%A5%E6%96%BD%E8%A8%AD%E3%80%80%E5%BC%98%E5%89%8D%E3%83%AA%E3%82%AB%E3%83%90%E3%83%AA%E3%83%BC%E3%82%BB%E3%83%B3%E3%82%BF%E3%83%BC%20%E5%BC%98%E5%89%8D%E5%B8%82
関医院中津軽診療所,通所リハビリ,青森県,弘前市,"介護,通所リハビリ,リハビリ",通所リハビリの公式オープンデータから取り込んだ候補です。詳細は公式情報・電話・見学で確認してください。,https://www.google.com/search?q=%E9%96%A2%E5%8C%BB%E9%99%A2%E4%B8%AD%E6%B4%A5%E8%BB%BD%E8%A8%BA%E7%99%82%E6%89%80%20%E5%BC%98%E5%89%8D%E5%B8%82,青森県弘前市大字賀田１丁目１４番地２,0172-82-3006,厚生労働省オープンデータ,https://www.mhlw.go.jp/content/12300000/jigyosho_160.csv,2025-12末,https://www.google.com/search?q=%E9%96%A2%E5%8C%BB%E9%99%A2%E4%B8%AD%E6%B4%A5%E8%BB%BD%E8%A8%BA%E7%99%82%E6%89%80%20%E5%BC%98%E5%89%8D%E5%B8%82
健生クリニック　リハビリセンター,通所リハビリ,青森県,弘前市,"介護,通所リハビリ,リハビリ",通所リハビリの公式オープンデータから取り込んだ候補です。詳細は公式情報・電話・見学で確認してください。,https://www.kensei-hp.jp/,青森県弘前市大字扇町２丁目２－１２,0172-55-7702,厚生労働省オープンデータ,https://www.mhlw.go.jp/content/12300000/jigyosho_160.csv,2025-12末,https://www.google.com/search?q=%E5%81%A5%E7%94%9F%E3%82%AF%E3%83%AA%E3%83%8B%E3%83%83%E3%82%AF%E3%80%80%E3%83%AA%E3%83%8F%E3%83%93%E3%83%AA%E3%82%BB%E3%83%B3%E3%82%BF%E3%83%BC%20%E5%BC%98%E5%89%8D%E5%B8%82
老人保健施設ケアセンター弘前,通所リハビリ,青森県,弘前市,"介護,通所リハビリ,リハビリ",通所リハビリの公式オープンデータから取り込んだ候補です。詳細は公式情報・電話・見学で確認してください。,tsugarufujimikai.com,青森県弘前市山崎一丁目3番地7,0172-87-0111,厚生労働省オープンデータ,https://www.mhlw.go.jp/content/12300000/jigyosho_160.csv,2025-12末,https://www.google.com/search?q=%E8%80%81%E4%BA%BA%E4%BF%9D%E5%81%A5%E6%96%BD%E8%A8%AD%E3%82%B1%E3%82%A2%E3%82%BB%E3%83%B3%E3%82%BF%E3%83%BC%E5%BC%98%E5%89%8D%20%E5%BC%98%E5%89%8D%E5%B8%82
平成の家,通所リハビリ,青森県,弘前市,"介護,通所リハビリ,リハビリ",通所リハビリの公式オープンデータから取り込んだ候補です。詳細は公式情報・電話・見学で確認してください。,http://heisei-ie.net/,弘前市大字独狐字石田121番地１,0172-95-3986,厚生労働省オープンデータ,https://www.mhlw.go.jp/content/12300000/jigyosho_160.csv,2025-12末,https://www.google.com/search?q=%E5%B9%B3%E6%88%90%E3%81%AE%E5%AE%B6%20%E5%BC%98%E5%89%8D%E5%B8%82
介護老人保健施設　ヴィラ弘前,通所リハビリ,青森県,弘前市,"介護,通所リハビリ,リハビリ",通所リハビリの公式オープンデータから取り込んだ候補です。詳細は公式情報・電話・見学で確認してください。,http://cf697202.cloudfree.jp,青森県弘前市岩賀２丁目１２－１１,0172-37-7300,厚生労働省オープンデータ,https://www.mhlw.go.jp/content/12300000/jigyosho_160.csv,2025-12末,https://www.google.com/search?q=%E4%BB%8B%E8%AD%B7%E8%80%81%E4%BA%BA%E4%BF%9D%E5%81%A5%E6%96%BD%E8%A8%AD%E3%80%80%E3%83%B4%E3%82%A3%E3%83%A9%E5%BC%98%E5%89%8D%20%E5%BC%98%E5%89%8D%E5%B8%82
介護老人保健施設　幸陽荘　通所リハビリテーション,通所リハビリ,青森県,弘前市,"介護,通所リハビリ,リハビリ",通所リハビリの公式オープンデータから取り込んだ候補です。詳細は公式情報・電話・見学で確認してください。,http://koyoso.com/,青森県弘前市清野袋字岡部433-1,0172-37-8311,厚生労働省オープンデータ,https://www.mhlw.go.jp/content/12300000/jigyosho_160.csv,2025-12末,https://www.google.com/search?q=%E4%BB%8B%E8%AD%B7%E8%80%81%E4%BA%BA%E4%BF%9D%E5%81%A5%E6%96%BD%E8%A8%AD%E3%80%80%E5%B9%B8%E9%99%BD%E8%8D%98%E3%80%80%E9%80%9A%E6%89%80%E3%83%AA%E3%83%8F%E3%83%93%E3%83%AA%E3%83%86%E3%83%BC%E3%82%B7%E3%83%A7%E3%83%B3%20%E5%BC%98%E5%89%8D%E5%B8%82
介護老人保健施設希望ヶ丘ホーム,通所リハビリ,青森県,弘前市,"介護,通所リハビリ,リハビリ",通所リハビリの公式オープンデータから取り込んだ候補です。詳細は公式情報・電話・見学で確認してください。,http://kibogaoka.net/,青森県弘前市大字小沢字山崎４４－９,0172-87-6655,厚生労働省オープンデータ,https://www.mhlw.go.jp/content/12300000/jigyosho_160.csv,2025-12末,https://www.google.com/search?q=%E4%BB%8B%E8%AD%B7%E8%80%81%E4%BA%BA%E4%BF%9D%E5%81%A5%E6%96%BD%E8%A8%AD%E5%B8%8C%E6%9C%9B%E3%83%B6%E4%B8%98%E3%83%9B%E3%83%BC%E3%83%A0%20%E5%BC%98%E5%89%8D%E5%B8%82
介護老人保健施設　ふじ苑,通所リハビリ,青森県,弘前市,"介護,通所リハビリ,リハビリ",通所リハビリの公式オープンデータから取り込んだ候補です。詳細は公式情報・電話・見学で確認してください。,https://www.google.com/search?q=%E4%BB%8B%E8%AD%B7%E8%80%81%E4%BA%BA%E4%BF%9D%E5%81%A5%E6%96%BD%E8%A8%AD%E3%80%80%E3%81%B5%E3%81%98%E8%8B%91%20%E5%BC%98%E5%89%8D%E5%B8%82,青森県弘前市大字土堂字長瀬385-1,0172-38-5550,厚生労働省オープンデータ,https://www.mhlw.go.jp/content/12300000/jigyosho_160.csv,2025-12末,https://www.google.com/search?q=%E4%BB%8B%E8%AD%B7%E8%80%81%E4%BA%BA%E4%BF%9D%E5%81%A5%E6%96%BD%E8%A8%AD%E3%80%80%E3%81%B5%E3%81%98%E8%8B%91%20%E5%BC%98%E5%89%8D%E5%B8%82
介護老人保健施設サンタハウス弘前　通所リハビリテーション,通所リハビリ,青森県,弘前市,"介護,通所リハビリ,リハビリ",通所リハビリの公式オープンデータから取り込んだ候補です。詳細は公式情報・電話・見学で確認してください。,https://www.houtokukai.org/,青森県弘前市大字大川字中桜川１８番地１０６号館,0172-99-1115,厚生労働省オープンデータ,https://www.mhlw.go.jp/content/12300000/jigyosho_160.csv,2025-12末,https://www.google.com/search?q=%E4%BB%8B%E8%AD%B7%E8%80%81%E4%BA%BA%E4%BF%9D%E5%81%A5%E6%96%BD%E8%A8%AD%E3%82%B5%E3%83%B3%E3%82%BF%E3%83%8F%E3%82%A6%E3%82%B9%E5%BC%98%E5%89%8D%E3%80%80%E9%80%9A%E6%89%80%E3%83%AA%E3%83%8F%E3%83%93%E3%83%AA%E3%83%86%E3%83%BC%E3%82%B7%E3%83%A7%E3%83%B3%20%E5%BC%98%E5%89%8D%E5%B8%82
鳥井野荘通所リハビリセンター,通所リハビリ,青森県,弘前市,"介護,通所リハビリ,リハビリ",通所リハビリの公式オープンデータから取り込んだ候補です。詳細は公式情報・電話・見学で確認してください。,http://toriino.jp/,青森県弘前市大字鳥井野字長田265番地,0172-82-5656,厚生労働省オープンデータ,https://www.mhlw.go.jp/content/12300000/jigyosho_160.csv,2025-12末,https://www.google.com/search?q=%E9%B3%A5%E4%BA%95%E9%87%8E%E8%8D%98%E9%80%9A%E6%89%80%E3%83%AA%E3%83%8F%E3%83%93%E3%83%AA%E3%82%BB%E3%83%B3%E3%82%BF%E3%83%BC%20%E5%BC%98%E5%89%8D%E5%B8%82
梅村介護医療院通所リハビリテーション,通所リハビリ,青森県,弘前市,"介護,通所リハビリ,リハビリ",通所リハビリの公式オープンデータから取り込んだ候補です。詳細は公式情報・電話・見学で確認してください。,https://www.google.com/search?q=%E6%A2%85%E6%9D%91%E4%BB%8B%E8%AD%B7%E5%8C%BB%E7%99%82%E9%99%A2%E9%80%9A%E6%89%80%E3%83%AA%E3%83%8F%E3%83%93%E3%83%AA%E3%83%86%E3%83%BC%E3%82%B7%E3%83%A7%E3%83%B3%20%E5%BC%98%E5%89%8D%E5%B8%82,青森県弘前市大字石渡1丁目1番地6号,0172-32-3593,厚生労働省オープンデータ,https://www.mhlw.go.jp/content/12300000/jigyosho_160.csv,2025-12末,https://www.google.com/search?q=%E6%A2%85%E6%9D%91%E4%BB%8B%E8%AD%B7%E5%8C%BB%E7%99%82%E9%99%A2%E9%80%9A%E6%89%80%E3%83%AA%E3%83%8F%E3%83%93%E3%83%AA%E3%83%86%E3%83%BC%E3%82%B7%E3%83%A7%E3%83%B3%20%E5%BC%98%E5%89%8D%E5%B8%82
近江整形外科通所リハビリテーション,通所リハビリ,青森県,弘前市,"介護,通所リハビリ,リハビリ",通所リハビリの公式オープンデータから取り込んだ候補です。詳細は公式情報・電話・見学で確認してください。,http://beauty.geocities.jp/mabudachi02,青森県弘前市山下町１－１,0172-55-0306,厚生労働省オープンデータ,https://www.mhlw.go.jp/content/12300000/jigyosho_160.csv,2025-12末,https://www.google.com/search?q=%E8%BF%91%E6%B1%9F%E6%95%B4%E5%BD%A2%E5%A4%96%E7%A7%91%E9%80%9A%E6%89%80%E3%83%AA%E3%83%8F%E3%83%93%E3%83%AA%E3%83%86%E3%83%BC%E3%82%B7%E3%83%A7%E3%83%B3%20%E5%BC%98%E5%89%8D%E5%B8%82
大里脳神経リハビリテーションクリニック,通所リハビリ,青森県,八戸市,"介護,通所リハビリ,リハビリ",通所リハビリの公式オープンデータから取り込んだ候補です。詳細は公式情報・電話・見学で確認してください。,https://www.ohsato-cl.com,青森県八戸市新井田西3丁目15-15,0178-30-1112,厚生労働省オープンデータ,https://www.mhlw.go.jp/content/12300000/jigyosho_160.csv,2025-12末,https://www.google.com/search?q=%E5%A4%A7%E9%87%8C%E8%84%B3%E7%A5%9E%E7%B5%8C%E3%83%AA%E3%83%8F%E3%83%93%E3%83%AA%E3%83%86%E3%83%BC%E3%82%B7%E3%83%A7%E3%83%B3%E3%82%AF%E3%83%AA%E3%83%8B%E3%83%83%E3%82%AF%20%E5%85%AB%E6%88%B8%E5%B8%82
南六クリニック,通所リハビリ,青森県,八戸市,"介護,通所リハビリ,リハビリ",通所リハビリの公式オープンデータから取り込んだ候補です。詳細は公式情報・電話・見学で確認してください。,http://www.nanrokukai.com/,青森県八戸市南郷大字島守字阿庄内15番地6,0178-82-3311,厚生労働省オープンデータ,https://www.mhlw.go.jp/content/12300000/jigyosho_160.csv,2025-12末,https://www.google.com/search?q=%E5%8D%97%E5%85%AD%E3%82%AF%E3%83%AA%E3%83%8B%E3%83%83%E3%82%AF%20%E5%85%AB%E6%88%B8%E5%B8%82
はちのへ西脳神経クリニック,通所リハビリ,青森県,八戸市,"介護,通所リハビリ,リハビリ",通所リハビリの公式オープンデータから取り込んだ候補です。詳細は公式情報・電話・見学で確認してください。,https://hn-brain.jp,青森県八戸市尻内町鴨ケ池15-1,0178-20-8122,厚生労働省オープンデータ,https://www.mhlw.go.jp/content/12300000/jigyosho_160.csv,2025-12末,https://www.google.com/search?q=%E3%81%AF%E3%81%A1%E3%81%AE%E3%81%B8%E8%A5%BF%E8%84%B3%E7%A5%9E%E7%B5%8C%E3%82%AF%E3%83%AA%E3%83%8B%E3%83%83%E3%82%AF%20%E5%85%AB%E6%88%B8%E5%B8%82
介護老人保健施設はくじゅ,通所リハビリ,青森県,八戸市,"介護,通所リハビリ,リハビリ",通所リハビリの公式オープンデータから取り込んだ候補です。詳細は公式情報・電話・見学で確認してください。,http://sg-hakuju.com/,青森県八戸市河原木字北沼２２－３９,0178-28-4001（,厚生労働省オープンデータ,https://www.mhlw.go.jp/content/12300000/jigyosho_160.csv,2025-12末,https://www.google.com/search?q=%E4%BB%8B%E8%AD%B7%E8%80%81%E4%BA%BA%E4%BF%9D%E5%81%A5%E6%96%BD%E8%A8%AD%E3%81%AF%E3%81%8F%E3%81%98%E3%82%85%20%E5%85%AB%E6%88%B8%E5%B8%82
介護老人保健施設　ひばりの里,通所リハビリ,青森県,八戸市,"介護,通所リハビリ,リハビリ",通所リハビリの公式オープンデータから取り込んだ候補です。詳細は公式情報・電話・見学で確認してください。,https://www.aikeikai-hibari.com,八戸市大字是川字雲畑９－２,0178-96-1212,厚生労働省オープンデータ,https://www.mhlw.go.jp/content/12300000/jigyosho_160.csv,2025-12末,https://www.google.com/search?q=%E4%BB%8B%E8%AD%B7%E8%80%81%E4%BA%BA%E4%BF%9D%E5%81%A5%E6%96%BD%E8%A8%AD%E3%80%80%E3%81%B2%E3%81%B0%E3%82%8A%E3%81%AE%E9%87%8C%20%E5%85%AB%E6%88%B8%E5%B8%82
サンライフ豊寿苑,通所リハビリ,青森県,八戸市,"介護,通所リハビリ,リハビリ",通所リハビリの公式オープンデータから取り込んだ候補です。詳細は公式情報・電話・見学で確認してください。,http://www.jouhoku-hp.jp,八戸市石堂一丁目14-11,0178-29-3232,厚生労働省オープンデータ,https://www.mhlw.go.jp/content/12300000/jigyosho_160.csv,2025-12末,https://www.google.com/search?q=%E3%82%B5%E3%83%B3%E3%83%A9%E3%82%A4%E3%83%95%E8%B1%8A%E5%AF%BF%E8%8B%91%20%E5%85%AB%E6%88%B8%E5%B8%82
リハビリパーク通所リハビリテーション,通所リハビリ,青森県,八戸市,"介護,通所リハビリ,リハビリ",通所リハビリの公式オープンデータから取り込んだ候補です。詳細は公式情報・電話・見学で確認してください。,http://www.rehabili-park.com,青森県八戸市小中野一丁目１番14号,0178-47-3000,厚生労働省オープンデータ,https://www.mhlw.go.jp/content/12300000/jigyosho_160.csv,2025-12末,https://www.google.com/search?q=%E3%83%AA%E3%83%8F%E3%83%93%E3%83%AA%E3%83%91%E3%83%BC%E3%82%AF%E9%80%9A%E6%89%80%E3%83%AA%E3%83%8F%E3%83%93%E3%83%AA%E3%83%86%E3%83%BC%E3%82%B7%E3%83%A7%E3%83%B3%20%E5%85%AB%E6%88%B8%E5%B8%82
介護老人保健施設　南山苑,通所リハビリ,青森県,八戸市,"介護,通所リハビリ,リハビリ",通所リハビリの公式オープンデータから取り込んだ候補です。詳細は公式情報・電話・見学で確認してください。,http://www.seijin.or.jp/,青森県八戸市大字田面木字赤坂24-1,0178-27-3009,厚生労働省オープンデータ,https://www.mhlw.go.jp/content/12300000/jigyosho_160.csv,2025-12末,https://www.google.com/search?q=%E4%BB%8B%E8%AD%B7%E8%80%81%E4%BA%BA%E4%BF%9D%E5%81%A5%E6%96%BD%E8%A8%AD%E3%80%80%E5%8D%97%E5%B1%B1%E8%8B%91%20%E5%85%AB%E6%88%B8%E5%B8%82
介護老人保健施設　ナーシングホーム・オリーブ　通所リハビリ,通所リハビリ,青森県,八戸市,"介護,通所リハビリ,リハビリ",通所リハビリの公式オープンデータから取り込んだ候補です。詳細は公式情報・電話・見学で確認してください。,http://www.heiwa-hp.or.jp/olv/olv.html,青森県八戸市湊高台２丁目４－６,0178-31-5500,厚生労働省オープンデータ,https://www.mhlw.go.jp/content/12300000/jigyosho_160.csv,2025-12末,https://www.google.com/search?q=%E4%BB%8B%E8%AD%B7%E8%80%81%E4%BA%BA%E4%BF%9D%E5%81%A5%E6%96%BD%E8%A8%AD%E3%80%80%E3%83%8A%E3%83%BC%E3%82%B7%E3%83%B3%E3%82%B0%E3%83%9B%E3%83%BC%E3%83%A0%E3%83%BB%E3%82%AA%E3%83%AA%E3%83%BC%E3%83%96%E3%80%80%E9%80%9A%E6%89%80%E3%83%AA%E3%83%8F%E3%83%93%E3%83%AA%20%E5%85%AB%E6%88%B8%E5%B8%82
デイケアセンター　おらんど,通所リハビリ,青森県,八戸市,"介護,通所リハビリ,リハビリ",通所リハビリの公式オープンデータから取り込んだ候補です。詳細は公式情報・電話・見学で確認してください。,http://www.mihono.jp/,青森県八戸市大久保字大山３１－２,0178-25-0176,厚生労働省オープンデータ,https://www.mhlw.go.jp/content/12300000/jigyosho_160.csv,2025-12末,https://www.google.com/search?q=%E3%83%87%E3%82%A4%E3%82%B1%E3%82%A2%E3%82%BB%E3%83%B3%E3%82%BF%E3%83%BC%E3%80%80%E3%81%8A%E3%82%89%E3%82%93%E3%81%A9%20%E5%85%AB%E6%88%B8%E5%B8%82
あい愛デイケアおっとも,通所リハビリ,青森県,八戸市,"介護,通所リハビリ,リハビリ",通所リハビリの公式オープンデータから取り込んだ候補です。詳細は公式情報・電話・見学で確認してください。,www.ottomo-noushinkei.com,青森県八戸市柏崎４丁目１４－４８,0178-41-2005,厚生労働省オープンデータ,https://www.mhlw.go.jp/content/12300000/jigyosho_160.csv,2025-12末,https://www.google.com/search?q=%E3%81%82%E3%81%84%E6%84%9B%E3%83%87%E3%82%A4%E3%82%B1%E3%82%A2%E3%81%8A%E3%81%A3%E3%81%A8%E3%82%82%20%E5%85%AB%E6%88%B8%E5%B8%82
なかざわスポーツクリニック,通所リハビリ,青森県,八戸市,"介護,通所リハビリ,リハビリ",通所リハビリの公式オープンデータから取り込んだ候補です。詳細は公式情報・電話・見学で確認してください。,www.nakazawa-clinic.com,青森県八戸市新井田館下1番地なかざわ整形外科,0178-30-2020,厚生労働省オープンデータ,https://www.mhlw.go.jp/content/12300000/jigyosho_160.csv,2025-12末,https://www.google.com/search?q=%E3%81%AA%E3%81%8B%E3%81%96%E3%82%8F%E3%82%B9%E3%83%9D%E3%83%BC%E3%83%84%E3%82%AF%E3%83%AA%E3%83%8B%E3%83%83%E3%82%AF%20%E5%85%AB%E6%88%B8%E5%B8%82
ちょうじゃの森内科クリニック,通所リハビリ,青森県,八戸市,"介護,通所リハビリ,リハビリ",通所リハビリの公式オープンデータから取り込んだ候補です。詳細は公式情報・電話・見学で確認してください。,http://www.chojanomori-naika.com,青森県八戸市大字糠塚字下道７番地３２,0178-46-0811,厚生労働省オープンデータ,https://www.mhlw.go.jp/content/12300000/jigyosho_160.csv,2025-12末,https://www.google.com/search?q=%E3%81%A1%E3%82%87%E3%81%86%E3%81%98%E3%82%83%E3%81%AE%E6%A3%AE%E5%86%85%E7%A7%91%E3%82%AF%E3%83%AA%E3%83%8B%E3%83%83%E3%82%AF%20%E5%85%AB%E6%88%B8%E5%B8%82
介護老人保健施設「あしたばの里・黒石」,通所リハビリ,青森県,黒石市,"介護,通所リハビリ,リハビリ",通所リハビリの公式オープンデータから取り込んだ候補です。詳細は公式情報・電話・見学で確認してください。,http://www.ashitabanosato.jp,青森県黒石市末広6番地1,0172-53-1213,厚生労働省オープンデータ,https://www.mhlw.go.jp/content/12300000/jigyosho_160.csv,2025-12末,https://www.google.com/search?q=%E4%BB%8B%E8%AD%B7%E8%80%81%E4%BA%BA%E4%BF%9D%E5%81%A5%E6%96%BD%E8%A8%AD%E3%80%8C%E3%81%82%E3%81%97%E3%81%9F%E3%81%B0%E3%81%AE%E9%87%8C%E3%83%BB%E9%BB%92%E7%9F%B3%E3%80%8D%20%E9%BB%92%E7%9F%B3%E5%B8%82
増田病院,通所リハビリ,青森県,五所川原市,"介護,通所リハビリ,リハビリ",通所リハビリの公式オープンデータから取り込んだ候補です。詳細は公式情報・電話・見学で確認してください。,https://www.masuda-med.jp/,青森県五所川原市字新町41番地,0173-35-2726,厚生労働省オープンデータ,https://www.mhlw.go.jp/content/12300000/jigyosho_160.csv,2025-12末,https://www.google.com/search?q=%E5%A2%97%E7%94%B0%E7%97%85%E9%99%A2%20%E4%BA%94%E6%89%80%E5%B7%9D%E5%8E%9F%E5%B8%82
津軽保健生活協同組合　健生五所川原診療所,通所リハビリ,青森県,五所川原市,"介護,通所リハビリ,リハビリ",通所リハビリの公式オープンデータから取り込んだ候補です。詳細は公式情報・電話・見学で確認してください。,https://www.google.com/search?q=%E6%B4%A5%E8%BB%BD%E4%BF%9D%E5%81%A5%E7%94%9F%E6%B4%BB%E5%8D%94%E5%90%8C%E7%B5%84%E5%90%88%E3%80%80%E5%81%A5%E7%94%9F%E4%BA%94%E6%89%80%E5%B7%9D%E5%8E%9F%E8%A8%BA%E7%99%82%E6%89%80%20%E4%BA%94%E6%89%80%E5%B7%9D%E5%8E%9F%E5%B8%82,青森県五所川原市一ツ谷508-7,0173-35-2542,厚生労働省オープンデータ,https://www.mhlw.go.jp/content/12300000/jigyosho_160.csv,2025-12末,https://www.google.com/search?q=%E6%B4%A5%E8%BB%BD%E4%BF%9D%E5%81%A5%E7%94%9F%E6%B4%BB%E5%8D%94%E5%90%8C%E7%B5%84%E5%90%88%E3%80%80%E5%81%A5%E7%94%9F%E4%BA%94%E6%89%80%E5%B7%9D%E5%8E%9F%E8%A8%BA%E7%99%82%E6%89%80%20%E4%BA%94%E6%89%80%E5%B7%9D%E5%8E%9F%E5%B8%82
介護老人保健施設緑風苑,通所リハビリ,青森県,五所川原市,"介護,通所リハビリ,リハビリ",通所リハビリの公式オープンデータから取り込んだ候補です。詳細は公式情報・電話・見学で確認してください。,ryokufuen@vesta.ocn.ne.jp,青森県五所川原市金山字竹崎２５４,0173-33-4155,厚生労働省オープンデータ,https://www.mhlw.go.jp/content/12300000/jigyosho_160.csv,2025-12末,https://www.google.com/search?q=%E4%BB%8B%E8%AD%B7%E8%80%81%E4%BA%BA%E4%BF%9D%E5%81%A5%E6%96%BD%E8%A8%AD%E7%B7%91%E9%A2%A8%E8%8B%91%20%E4%BA%94%E6%89%80%E5%B7%9D%E5%8E%9F%E5%B8%82
サンライフ通所リハビリテーション,通所リハビリ,青森県,五所川原市,"介護,通所リハビリ,リハビリ",通所リハビリの公式オープンデータから取り込んだ候補です。詳細は公式情報・電話・見学で確認してください。,http://www.hojyukai.or.jp/,青森県五所川原市金木町芦野２００－３０１,0173-53-3292,厚生労働省オープンデータ,https://www.mhlw.go.jp/content/12300000/jigyosho_160.csv,2025-12末,https://www.google.com/search?q=%E3%82%B5%E3%83%B3%E3%83%A9%E3%82%A4%E3%83%95%E9%80%9A%E6%89%80%E3%83%AA%E3%83%8F%E3%83%93%E3%83%AA%E3%83%86%E3%83%BC%E3%82%B7%E3%83%A7%E3%83%B3%20%E4%BA%94%E6%89%80%E5%B7%9D%E5%8E%9F%E5%B8%82
介護老人保健施設　みちのく苑,通所リハビリ,青森県,十和田市,"介護,通所リハビリ,リハビリ",通所リハビリの公式オープンデータから取り込んだ候補です。詳細は公式情報・電話・見学で確認してください。,https://www.google.com/search?q=%E4%BB%8B%E8%AD%B7%E8%80%81%E4%BA%BA%E4%BF%9D%E5%81%A5%E6%96%BD%E8%A8%AD%E3%80%80%E3%81%BF%E3%81%A1%E3%81%AE%E3%81%8F%E8%8B%91%20%E5%8D%81%E5%92%8C%E7%94%B0%E5%B8%82,青森県十和田市大字三本木字里ノ沢１－６２,0176-25-1333,厚生労働省オープンデータ,https://www.mhlw.go.jp/content/12300000/jigyosho_160.csv,2025-12末,https://www.google.com/search?q=%E4%BB%8B%E8%AD%B7%E8%80%81%E4%BA%BA%E4%BF%9D%E5%81%A5%E6%96%BD%E8%A8%AD%E3%80%80%E3%81%BF%E3%81%A1%E3%81%AE%E3%81%8F%E8%8B%91%20%E5%8D%81%E5%92%8C%E7%94%B0%E5%B8%82
老人保健施設　みのり苑,通所リハビリ,青森県,十和田市,"介護,通所リハビリ,リハビリ",通所リハビリの公式オープンデータから取り込んだ候補です。詳細は公式情報・電話・見学で確認してください。,http://www.fukushinosato.com,青森県十和田市大字切田字横道100-22,0176-25-1100,厚生労働省オープンデータ,https://www.mhlw.go.jp/content/12300000/jigyosho_160.csv,2025-12末,https://www.google.com/search?q=%E8%80%81%E4%BA%BA%E4%BF%9D%E5%81%A5%E6%96%BD%E8%A8%AD%E3%80%80%E3%81%BF%E3%81%AE%E3%82%8A%E8%8B%91%20%E5%8D%81%E5%92%8C%E7%94%B0%E5%B8%82
介護老人保健施設とわだ,通所リハビリ,青森県,十和田市,"介護,通所リハビリ,リハビリ",通所リハビリの公式オープンデータから取り込んだ候補です。詳細は公式情報・電話・見学で確認してください。,https://www.facebook.com/sgtowada/,青森県十和田市大字洞内字長田60番6,0176-27-3133,厚生労働省オープンデータ,https://www.mhlw.go.jp/content/12300000/jigyosho_160.csv,2025-12末,https://www.google.com/search?q=%E4%BB%8B%E8%AD%B7%E8%80%81%E4%BA%BA%E4%BF%9D%E5%81%A5%E6%96%BD%E8%A8%AD%E3%81%A8%E3%82%8F%E3%81%A0%20%E5%8D%81%E5%92%8C%E7%94%B0%E5%B8%82
介護老人保健施設ハートランド,通所リハビリ,青森県,十和田市,"介護,通所リハビリ,リハビリ",通所リハビリの公式オープンデータから取り込んだ候補です。詳細は公式情報・電話・見学で確認してください。,https://www.sg-heart.or.jp/,青森県十和田市大字相坂字高清水78-450,0176-25-1005,厚生労働省オープンデータ,https://www.mhlw.go.jp/content/12300000/jigyosho_160.csv,2025-12末,https://www.google.com/search?q=%E4%BB%8B%E8%AD%B7%E8%80%81%E4%BA%BA%E4%BF%9D%E5%81%A5%E6%96%BD%E8%A8%AD%E3%83%8F%E3%83%BC%E3%83%88%E3%83%A9%E3%83%B3%E3%83%89%20%E5%8D%81%E5%92%8C%E7%94%B0%E5%B8%82
老人保健施設やすらぎ苑,通所リハビリ,青森県,三沢市,"介護,通所リハビリ,リハビリ",通所リハビリの公式オープンデータから取り込んだ候補です。詳細は公式情報・電話・見学で確認してください。,https://www.dohjinkai-aomori.or.jp/yasuragi,青森県三沢市大字三沢字淋代平１１６－３０９７,0176-59-3784,厚生労働省オープンデータ,https://www.mhlw.go.jp/content/12300000/jigyosho_160.csv,2025-12末,https://www.google.com/search?q=%E8%80%81%E4%BA%BA%E4%BF%9D%E5%81%A5%E6%96%BD%E8%A8%AD%E3%82%84%E3%81%99%E3%82%89%E3%81%8E%E8%8B%91%20%E4%B8%89%E6%B2%A2%E5%B8%82
むつリハビリテーション病院,通所リハビリ,青森県,むつ市,"介護,通所リハビリ,リハビリ",通所リハビリの公式オープンデータから取り込んだ候補です。詳細は公式情報・電話・見学で確認してください。,http://www.rihabiri-mutsu.jp,青森県むつ市桜木町１３番１号,0175-24-1212,厚生労働省オープンデータ,https://www.mhlw.go.jp/content/12300000/jigyosho_160.csv,2025-12末,https://www.google.com/search?q=%E3%82%80%E3%81%A4%E3%83%AA%E3%83%8F%E3%83%93%E3%83%AA%E3%83%86%E3%83%BC%E3%82%B7%E3%83%A7%E3%83%B3%E7%97%85%E9%99%A2%20%E3%82%80%E3%81%A4%E5%B8%82
介護老人保健施設　はまなす苑,通所リハビリ,青森県,むつ市,"介護,通所リハビリ,リハビリ",通所リハビリの公式オープンデータから取り込んだ候補です。詳細は公式情報・電話・見学で確認してください。,https://www.google.com/search?q=%E4%BB%8B%E8%AD%B7%E8%80%81%E4%BA%BA%E4%BF%9D%E5%81%A5%E6%96%BD%E8%A8%AD%E3%80%80%E3%81%AF%E3%81%BE%E3%81%AA%E3%81%99%E8%8B%91%20%E3%82%80%E3%81%A4%E5%B8%82,青森県むつ市大字奥内字金谷沢１－１６７,0175-26-3333,厚生労働省オープンデータ,https://www.mhlw.go.jp/content/12300000/jigyosho_160.csv,2025-12末,https://www.google.com/search?q=%E4%BB%8B%E8%AD%B7%E8%80%81%E4%BA%BA%E4%BF%9D%E5%81%A5%E6%96%BD%E8%A8%AD%E3%80%80%E3%81%AF%E3%81%BE%E3%81%AA%E3%81%99%E8%8B%91%20%E3%82%80%E3%81%A4%E5%B8%82
みちのくデイケアセンター,通所リハビリ,青森県,むつ市,"介護,通所リハビリ,リハビリ",通所リハビリの公式オープンデータから取り込んだ候補です。詳細は公式情報・電話・見学で確認してください。,http://www.michinokuso.or.jp,十二林11番13号みちのくデイケアセンター,0175-23-0711,厚生労働省オープンデータ,https://www.mhlw.go.jp/content/12300000/jigyosho_160.csv,2025-12末,https://www.google.com/search?q=%E3%81%BF%E3%81%A1%E3%81%AE%E3%81%8F%E3%83%87%E3%82%A4%E3%82%B1%E3%82%A2%E3%82%BB%E3%83%B3%E3%82%BF%E3%83%BC%20%E3%82%80%E3%81%A4%E5%B8%82
みちのく金谷リハビリテーションセンター,通所リハビリ,青森県,むつ市,"介護,通所リハビリ,リハビリ",通所リハビリの公式オープンデータから取り込んだ候補です。詳細は公式情報・電話・見学で確認してください。,http://www.michinokuso.or.jp,金谷二丁目20番1号みちのく金谷リハビリテーションセンター,0175-23-1170,厚生労働省オープンデータ,https://www.mhlw.go.jp/content/12300000/jigyosho_160.csv,2025-12末,https://www.google.com/search?q=%E3%81%BF%E3%81%A1%E3%81%AE%E3%81%8F%E9%87%91%E8%B0%B7%E3%83%AA%E3%83%8F%E3%83%93%E3%83%AA%E3%83%86%E3%83%BC%E3%82%B7%E3%83%A7%E3%83%B3%E3%82%BB%E3%83%B3%E3%82%BF%E3%83%BC%20%E3%82%80%E3%81%A4%E5%B8%82
三笠ケアセンター　デイケア,通所リハビリ,青森県,平川市,"介護,通所リハビリ,リハビリ",通所リハビリの公式オープンデータから取り込んだ候補です。詳細は公式情報・電話・見学で確認してください。,rh-carecenter@mikasaen.or.jp,青森県平川市館田西和田195,0172-40-0811,厚生労働省オープンデータ,https://www.mhlw.go.jp/content/12300000/jigyosho_160.csv,2025-12末,https://www.google.com/search?q=%E4%B8%89%E7%AC%A0%E3%82%B1%E3%82%A2%E3%82%BB%E3%83%B3%E3%82%BF%E3%83%BC%E3%80%80%E3%83%87%E3%82%A4%E3%82%B1%E3%82%A2%20%E5%B9%B3%E5%B7%9D%E5%B8%82
介護老人保健施設のぞみ,通所リハビリ,青森県,平川市,"介護,通所リハビリ,リハビリ",通所リハビリの公式オープンデータから取り込んだ候補です。詳細は公式情報・電話・見学で確認してください。,https://miraikai.cloud-line.com,青森県平川市李平上山崎54-1,0172-57-5100,厚生労働省オープンデータ,https://www.mhlw.go.jp/content/12300000/jigyosho_160.csv,2025-12末,https://www.google.com/search?q=%E4%BB%8B%E8%AD%B7%E8%80%81%E4%BA%BA%E4%BF%9D%E5%81%A5%E6%96%BD%E8%A8%AD%E3%81%AE%E3%81%9E%E3%81%BF%20%E5%B9%B3%E5%B7%9D%E5%B8%82
一般財団法人　黎明郷　介護老人保健施設　つがる,通所リハビリ,青森県,平川市,"介護,通所リハビリ,リハビリ",通所リハビリの公式オープンデータから取り込んだ候補です。詳細は公式情報・電話・見学で確認してください。,https://reimeikyou.jp/tsugaru/,青森県平川市碇ヶ関湯向川添３０番地,0172-45-3525,厚生労働省オープンデータ,https://www.mhlw.go.jp/content/12300000/jigyosho_160.csv,2025-12末,https://www.google.com/search?q=%E4%B8%80%E8%88%AC%E8%B2%A1%E5%9B%A3%E6%B3%95%E4%BA%BA%E3%80%80%E9%BB%8E%E6%98%8E%E9%83%B7%E3%80%80%E4%BB%8B%E8%AD%B7%E8%80%81%E4%BA%BA%E4%BF%9D%E5%81%A5%E6%96%BD%E8%A8%AD%E3%80%80%E3%81%A4%E3%81%8C%E3%82%8B%20%E5%B9%B3%E5%B7%9D%E5%B8%82
老人保健施設　ながだい荘,通所リハビリ,青森県,鰺ヶ沢町,"介護,通所リハビリ,リハビリ",通所リハビリの公式オープンデータから取り込んだ候補です。詳細は公式情報・電話・見学で確認してください。,http://otowakai.or.jp/,青森県西津軽郡鯵ヶ沢町大字長平町字甲音羽山６５－４１２,0173-72-1122,厚生労働省オープンデータ,https://www.mhlw.go.jp/content/12300000/jigyosho_160.csv,2025-12末,https://www.google.com/search?q=%E8%80%81%E4%BA%BA%E4%BF%9D%E5%81%A5%E6%96%BD%E8%A8%AD%E3%80%80%E3%81%AA%E3%81%8C%E3%81%A0%E3%81%84%E8%8D%98%20%E9%B0%BA%E3%83%B6%E6%B2%A2%E7%94%BA
介護老人保健施設しらかみのさと,通所リハビリ,青森県,深浦町,"介護,通所リハビリ,リハビリ",通所リハビリの公式オープンデータから取り込んだ候補です。詳細は公式情報・電話・見学で確認してください。,http://www.shirakaminosato.or.jp,青森県西津軽郡深浦町大字関字小島崎５３－１,0173-84-3111,厚生労働省オープンデータ,https://www.mhlw.go.jp/content/12300000/jigyosho_160.csv,2025-12末,https://www.google.com/search?q=%E4%BB%8B%E8%AD%B7%E8%80%81%E4%BA%BA%E4%BF%9D%E5%81%A5%E6%96%BD%E8%A8%AD%E3%81%97%E3%82%89%E3%81%8B%E3%81%BF%E3%81%AE%E3%81%95%E3%81%A8%20%E6%B7%B1%E6%B5%A6%E7%94%BA
医療法人　ときわ会　介護老人保健施設　明生園,通所リハビリ,青森県,藤崎町,"介護,通所リハビリ,リハビリ",通所リハビリの公式オープンデータから取り込んだ候補です。詳細は公式情報・電話・見学で確認してください。,http://www.tokiwakai.or.jp/,青森県南津軽郡藤崎町大字榊字亀田2-1,0172-65-4066,厚生労働省オープンデータ,https://www.mhlw.go.jp/content/12300000/jigyosho_160.csv,2025-12末,https://www.google.com/search?q=%E5%8C%BB%E7%99%82%E6%B3%95%E4%BA%BA%E3%80%80%E3%81%A8%E3%81%8D%E3%82%8F%E4%BC%9A%E3%80%80%E4%BB%8B%E8%AD%B7%E8%80%81%E4%BA%BA%E4%BF%9D%E5%81%A5%E6%96%BD%E8%A8%AD%E3%80%80%E6%98%8E%E7%94%9F%E5%9C%92%20%E8%97%A4%E5%B4%8E%E7%94%BA
介護老人保健施設湖水荘　通所リハビリテーション事業所,通所リハビリ,青森県,鶴田町,"介護,通所リハビリ,リハビリ",通所リハビリの公式オープンデータから取り込んだ候補です。詳細は公式情報・電話・見学で確認してください。,http://keikyukai.ecnet.jp,青森県北津軽郡鶴田町大字廻堰字東下山９１番地２,0173-22-5694,厚生労働省オープンデータ,https://www.mhlw.go.jp/content/12300000/jigyosho_160.csv,2025-12末,https://www.google.com/search?q=%E4%BB%8B%E8%AD%B7%E8%80%81%E4%BA%BA%E4%BF%9D%E5%81%A5%E6%96%BD%E8%A8%AD%E6%B9%96%E6%B0%B4%E8%8D%98%E3%80%80%E9%80%9A%E6%89%80%E3%83%AA%E3%83%8F%E3%83%93%E3%83%AA%E3%83%86%E3%83%BC%E3%82%B7%E3%83%A7%E3%83%B3%E4%BA%8B%E6%A5%AD%E6%89%80%20%E9%B6%B4%E7%94%B0%E7%94%BA
介護老人保健施設　えぼし,通所リハビリ,青森県,野辺地町,"介護,通所リハビリ,リハビリ",通所リハビリの公式オープンデータから取り込んだ候補です。詳細は公式情報・電話・見学で確認してください。,http://www.tenjuen.net/tojinkai/,青森県上北郡野辺地町字川目88-1,0175-65-2666,厚生労働省オープンデータ,https://www.mhlw.go.jp/content/12300000/jigyosho_160.csv,2025-12末,https://www.google.com/search?q=%E4%BB%8B%E8%AD%B7%E8%80%81%E4%BA%BA%E4%BF%9D%E5%81%A5%E6%96%BD%E8%A8%AD%E3%80%80%E3%81%88%E3%81%BC%E3%81%97%20%E9%87%8E%E8%BE%BA%E5%9C%B0%E7%94%BA
介護老人保健施設　のへじ,通所リハビリ,青森県,野辺地町,"介護,通所リハビリ,リハビリ",通所リハビリの公式オープンデータから取り込んだ候補です。詳細は公式情報・電話・見学で確認してください。,http://www.fukushinosato.com,青森県上北郡野辺地町字餅粟川原4,0175-65-2333,厚生労働省オープンデータ,https://www.mhlw.go.jp/content/12300000/jigyosho_160.csv,2025-12末,https://www.google.com/search?q=%E4%BB%8B%E8%AD%B7%E8%80%81%E4%BA%BA%E4%BF%9D%E5%81%A5%E6%96%BD%E8%A8%AD%E3%80%80%E3%81%AE%E3%81%B8%E3%81%98%20%E9%87%8E%E8%BE%BA%E5%9C%B0%E7%94%BA
介護老人保健施設　ナーシングセンター柏葉　通所リハビリテーション,通所リハビリ,青森県,七戸町,"介護,通所リハビリ,リハビリ",通所リハビリの公式オープンデータから取り込んだ候補です。詳細は公式情報・電話・見学で確認してください。,http://kenjinnkai-kashiwaba.jp,青森県上北郡七戸町字笊田川久保100-1,0176-62-2201,厚生労働省オープンデータ,https://www.mhlw.go.jp/content/12300000/jigyosho_160.csv,2025-12末,https://www.google.com/search?q=%E4%BB%8B%E8%AD%B7%E8%80%81%E4%BA%BA%E4%BF%9D%E5%81%A5%E6%96%BD%E8%A8%AD%E3%80%80%E3%83%8A%E3%83%BC%E3%82%B7%E3%83%B3%E3%82%B0%E3%82%BB%E3%83%B3%E3%82%BF%E3%83%BC%E6%9F%8F%E8%91%89%E3%80%80%E9%80%9A%E6%89%80%E3%83%AA%E3%83%8F%E3%83%93%E3%83%AA%E3%83%86%E3%83%BC%E3%82%B7%E3%83%A7%E3%83%B3%20%E4%B8%83%E6%88%B8%E7%94%BA
六ヶ所村介護老人保健施設ニッコウキスゲ,通所リハビリ,青森県,六ヶ所村,"介護,通所リハビリ,リハビリ",通所リハビリの公式オープンデータから取り込んだ候補です。詳細は公式情報・電話・見学で確認してください。,http://rokkasyo.jadecom.or.jp,青森県上北郡六ヶ所村大字尾駮字野附986-4,0175-73-7200,厚生労働省オープンデータ,https://www.mhlw.go.jp/content/12300000/jigyosho_160.csv,2025-12末,https://www.google.com/search?q=%E5%85%AD%E3%83%B6%E6%89%80%E6%9D%91%E4%BB%8B%E8%AD%B7%E8%80%81%E4%BA%BA%E4%BF%9D%E5%81%A5%E6%96%BD%E8%A8%AD%E3%83%8B%E3%83%83%E3%82%B3%E3%82%A6%E3%82%AD%E3%82%B9%E3%82%B2%20%E5%85%AD%E3%83%B6%E6%89%80%E6%9D%91
介護老人保健施設しもだ,通所リハビリ,青森県,おいらせ町,"介護,通所リハビリ,リハビリ",通所リハビリの公式オープンデータから取り込んだ候補です。詳細は公式情報・電話・見学で確認してください。,https://www.sg-shimoda.org/,青森県上北郡おいらせ町山崎2592-7,0178-56-4888,厚生労働省オープンデータ,https://www.mhlw.go.jp/content/12300000/jigyosho_160.csv,2025-12末,https://www.google.com/search?q=%E4%BB%8B%E8%AD%B7%E8%80%81%E4%BA%BA%E4%BF%9D%E5%81%A5%E6%96%BD%E8%A8%AD%E3%81%97%E3%82%82%E3%81%A0%20%E3%81%8A%E3%81%84%E3%82%89%E3%81%9B%E7%94%BA
医療法人正恵会石田温泉病院デイケアセンターわの里,通所リハビリ,青森県,おいらせ町,"介護,通所リハビリ,リハビリ",通所リハビリの公式オープンデータから取り込んだ候補です。詳細は公式情報・電話・見学で確認してください。,https://www.google.com/search?q=%E5%8C%BB%E7%99%82%E6%B3%95%E4%BA%BA%E6%AD%A3%E6%81%B5%E4%BC%9A%E7%9F%B3%E7%94%B0%E6%B8%A9%E6%B3%89%E7%97%85%E9%99%A2%E3%83%87%E3%82%A4%E3%82%B1%E3%82%A2%E3%82%BB%E3%83%B3%E3%82%BF%E3%83%BC%E3%82%8F%E3%81%AE%E9%87%8C%20%E3%81%8A%E3%81%84%E3%82%89%E3%81%9B%E7%94%BA,青森県上北郡おいらせ町上前田２１番地１,0178-50-1212,厚生労働省オープンデータ,https://www.mhlw.go.jp/content/12300000/jigyosho_160.csv,2025-12末,https://www.google.com/search?q=%E5%8C%BB%E7%99%82%E6%B3%95%E4%BA%BA%E6%AD%A3%E6%81%B5%E4%BC%9A%E7%9F%B3%E7%94%B0%E6%B8%A9%E6%B3%89%E7%97%85%E9%99%A2%E3%83%87%E3%82%A4%E3%82%B1%E3%82%A2%E3%82%BB%E3%83%B3%E3%82%BF%E3%83%BC%E3%82%8F%E3%81%AE%E9%87%8C%20%E3%81%8A%E3%81%84%E3%82%89%E3%81%9B%E7%94%BA
東通村介護老人保健施設「のはなしょうぶ」,通所リハビリ,青森県,東通村,"介護,通所リハビリ,リハビリ",通所リハビリの公式オープンデータから取り込んだ候補です。詳細は公式情報・電話・見学で確認してください。,https://higashidori.jadecom.or.jp/,青森県下北郡東通村砂子又字里１７番地２,0175-28-5400,厚生労働省オープンデータ,https://www.mhlw.go.jp/content/12300000/jigyosho_160.csv,2025-12末,https://www.google.com/search?q=%E6%9D%B1%E9%80%9A%E6%9D%91%E4%BB%8B%E8%AD%B7%E8%80%81%E4%BA%BA%E4%BF%9D%E5%81%A5%E6%96%BD%E8%A8%AD%E3%80%8C%E3%81%AE%E3%81%AF%E3%81%AA%E3%81%97%E3%82%87%E3%81%86%E3%81%B6%E3%80%8D%20%E6%9D%B1%E9%80%9A%E6%9D%91
老人保健施設ほほえみ三戸,通所リハビリ,青森県,三戸町,"介護,通所リハビリ,リハビリ",通所リハビリの公式オープンデータから取り込んだ候補です。詳細は公式情報・電話・見学で確認してください。,https://hohoemi-sannohe.com,青森県三戸郡三戸町大字同心町字諏訪内１０番地,0179-23-5050,厚生労働省オープンデータ,https://www.mhlw.go.jp/content/12300000/jigyosho_160.csv,2025-12末,https://www.google.com/search?q=%E8%80%81%E4%BA%BA%E4%BF%9D%E5%81%A5%E6%96%BD%E8%A8%AD%E3%81%BB%E3%81%BB%E3%81%88%E3%81%BF%E4%B8%89%E6%88%B8%20%E4%B8%89%E6%88%B8%E7%94%BA
孔明荘デイケアセンターたのしい家,通所リハビリ,青森県,南部町,"介護,通所リハビリ,リハビリ",通所リハビリの公式オープンデータから取り込んだ候補です。詳細は公式情報・電話・見学で確認してください。,http://www.komeisou.or.jp/,青森県三戸郡南部町大字苫米地字蒼前11番地1,0178-84-4777,厚生労働省オープンデータ,https://www.mhlw.go.jp/content/12300000/jigyosho_160.csv,2025-12末,https://www.google.com/search?q=%E5%AD%94%E6%98%8E%E8%8D%98%E3%83%87%E3%82%A4%E3%82%B1%E3%82%A2%E3%82%BB%E3%83%B3%E3%82%BF%E3%83%BC%E3%81%9F%E3%81%AE%E3%81%97%E3%81%84%E5%AE%B6%20%E5%8D%97%E9%83%A8%E7%94%BA
特別養護老人ホーム　三思園,ショートステイ,青森県,青森市,"介護,ショートステイ,一時利用",家族の休息や一時的な受け入れが必要な時に短期間利用するサービスです。,http://sanshien.site,青森県青森市大字横内字若草1番地1,017-728-1133,厚生労働省オープンデータ,https://www.mhlw.go.jp/content/12300000/jigyosho_210.csv,2025-12末,https://www.google.com/search?q=%E7%89%B9%E5%88%A5%E9%A4%8A%E8%AD%B7%E8%80%81%E4%BA%BA%E3%83%9B%E3%83%BC%E3%83%A0%E3%80%80%E4%B8%89%E6%80%9D%E5%9C%92%20%E9%9D%92%E6%A3%AE%E5%B8%82
鶴ヶ丘苑,ショートステイ,青森県,青森市,"介護,ショートステイ,一時利用",家族の休息や一時的な受け入れが必要な時に短期間利用するサービスです。,http://www.keijinkai-ao.jp/turugaoka/,青森県青森市大字新城字平岡746番地,017-788-5872,厚生労働省オープンデータ,https://www.mhlw.go.jp/content/12300000/jigyosho_210.csv,2025-12末,https://www.google.com/search?q=%E9%B6%B4%E3%83%B6%E4%B8%98%E8%8B%91%20%E9%9D%92%E6%A3%AE%E5%B8%82
特別養護老人ホーム　寿幸園,ショートステイ,青森県,青森市,"介護,ショートステイ,一時利用",家族の休息や一時的な受け入れが必要な時に短期間利用するサービスです。,http://heigenkai.jp/publics/index/144/,青森市大字高田字川瀬186番地１,017-739-6473,厚生労働省オープンデータ,https://www.mhlw.go.jp/content/12300000/jigyosho_210.csv,2025-12末,https://www.google.com/search?q=%E7%89%B9%E5%88%A5%E9%A4%8A%E8%AD%B7%E8%80%81%E4%BA%BA%E3%83%9B%E3%83%BC%E3%83%A0%E3%80%80%E5%AF%BF%E5%B9%B8%E5%9C%92%20%E9%9D%92%E6%A3%AE%E5%B8%82
特別養護老人ホーム　正寿園,ショートステイ,青森県,青森市,"介護,ショートステイ,一時利用",家族の休息や一時的な受け入れが必要な時に短期間利用するサービスです。,https://heigenkai.jp/,青森市大字田茂木野字阿部野63－2,017-738-3711,厚生労働省オープンデータ,https://www.mhlw.go.jp/content/12300000/jigyosho_210.csv,2025-12末,https://www.google.com/search?q=%E7%89%B9%E5%88%A5%E9%A4%8A%E8%AD%B7%E8%80%81%E4%BA%BA%E3%83%9B%E3%83%BC%E3%83%A0%E3%80%80%E6%AD%A3%E5%AF%BF%E5%9C%92%20%E9%9D%92%E6%A3%AE%E5%B8%82
特別養護老人ホーム　和幸園,ショートステイ,青森県,青森市,"介護,ショートステイ,一時利用",家族の休息や一時的な受け入れが必要な時に短期間利用するサービスです。,http://www.wakouen.or.jp,青森市大字矢田字下野尻48-3,017-737-3333,厚生労働省オープンデータ,https://www.mhlw.go.jp/content/12300000/jigyosho_210.csv,2025-12末,https://www.google.com/search?q=%E7%89%B9%E5%88%A5%E9%A4%8A%E8%AD%B7%E8%80%81%E4%BA%BA%E3%83%9B%E3%83%BC%E3%83%A0%E3%80%80%E5%92%8C%E5%B9%B8%E5%9C%92%20%E9%9D%92%E6%A3%AE%E5%B8%82
短期入所生活介護事業所　藤の園,ショートステイ,青森県,青森市,"介護,ショートステイ,一時利用",家族の休息や一時的な受け入れが必要な時に短期間利用するサービスです。,http://www.fujiseiboen.or.jp/,青森県青森市大字駒込字蛍沢　387番地1,017-765-5685,厚生労働省オープンデータ,https://www.mhlw.go.jp/content/12300000/jigyosho_210.csv,2025-12末,https://www.google.com/search?q=%E7%9F%AD%E6%9C%9F%E5%85%A5%E6%89%80%E7%94%9F%E6%B4%BB%E4%BB%8B%E8%AD%B7%E4%BA%8B%E6%A5%AD%E6%89%80%E3%80%80%E8%97%A4%E3%81%AE%E5%9C%92%20%E9%9D%92%E6%A3%AE%E5%B8%82
指定介護老人福祉施設　樹の里,ショートステイ,青森県,青森市,"介護,ショートステイ,一時利用",家族の休息や一時的な受け入れが必要な時に短期間利用するサービスです。,http://www.suwanomorikai.or.jp,青森市大字諏訪沢字丸山56番地１,017-726-3550,厚生労働省オープンデータ,https://www.mhlw.go.jp/content/12300000/jigyosho_210.csv,2025-12末,https://www.google.com/search?q=%E6%8C%87%E5%AE%9A%E4%BB%8B%E8%AD%B7%E8%80%81%E4%BA%BA%E7%A6%8F%E7%A5%89%E6%96%BD%E8%A8%AD%E3%80%80%E6%A8%B9%E3%81%AE%E9%87%8C%20%E9%9D%92%E6%A3%AE%E5%B8%82
ショートステイやすかた,ショートステイ,青森県,青森市,"介護,ショートステイ,一時利用",家族の休息や一時的な受け入れが必要な時に短期間利用するサービスです。,http://www.aomori-h-coop.com,青森市安方1丁目11-6ヘルスサポートやすかた(旧安方クリニック)ビル内　４F、５F、６F,017-732-1002,厚生労働省オープンデータ,https://www.mhlw.go.jp/content/12300000/jigyosho_210.csv,2025-12末,https://www.google.com/search?q=%E3%82%B7%E3%83%A7%E3%83%BC%E3%83%88%E3%82%B9%E3%83%86%E3%82%A4%E3%82%84%E3%81%99%E3%81%8B%E3%81%9F%20%E9%9D%92%E6%A3%AE%E5%B8%82
特別養護老人ホーム　朝光苑,ショートステイ,青森県,青森市,"介護,ショートステイ,一時利用",家族の休息や一時的な受け入れが必要な時に短期間利用するサービスです。,http://www.onwakai.or.jp/,青森県青森市大字横内字亀井２４５番地１,017-764-5117,厚生労働省オープンデータ,https://www.mhlw.go.jp/content/12300000/jigyosho_210.csv,2025-12末,https://www.google.com/search?q=%E7%89%B9%E5%88%A5%E9%A4%8A%E8%AD%B7%E8%80%81%E4%BA%BA%E3%83%9B%E3%83%BC%E3%83%A0%E3%80%80%E6%9C%9D%E5%85%89%E8%8B%91%20%E9%9D%92%E6%A3%AE%E5%B8%82
特別養護老人ホーム　かいふう,ショートステイ,青森県,青森市,"介護,ショートステイ,一時利用",家族の休息や一時的な受け入れが必要な時に短期間利用するサービスです。,http://www.keijinkai-ao.jp/,青森県青森市大字久栗坂字山辺８９－１０,017-737-5080,厚生労働省オープンデータ,https://www.mhlw.go.jp/content/12300000/jigyosho_210.csv,2025-12末,https://www.google.com/search?q=%E7%89%B9%E5%88%A5%E9%A4%8A%E8%AD%B7%E8%80%81%E4%BA%BA%E3%83%9B%E3%83%BC%E3%83%A0%E3%80%80%E3%81%8B%E3%81%84%E3%81%B5%E3%81%86%20%E9%9D%92%E6%A3%AE%E5%B8%82
ショートステイ虹の郷,ショートステイ,青森県,青森市,"介護,ショートステイ,一時利用",家族の休息や一時的な受け入れが必要な時に短期間利用するサービスです。,http://nijiweb.net/,青森市東大野２丁目３番１３,017-762-1211,厚生労働省オープンデータ,https://www.mhlw.go.jp/content/12300000/jigyosho_210.csv,2025-12末,https://www.google.com/search?q=%E3%82%B7%E3%83%A7%E3%83%BC%E3%83%88%E3%82%B9%E3%83%86%E3%82%A4%E8%99%B9%E3%81%AE%E9%83%B7%20%E9%9D%92%E6%A3%AE%E5%B8%82
特別養護老人ホームつるがさか,ショートステイ,青森県,青森市,"介護,ショートステイ,一時利用",家族の休息や一時的な受け入れが必要な時に短期間利用するサービスです。,http://care-net.biz/02/tsurugasaka/,青森県青森市大字鶴ヶ坂字田川１８７－９４,０１７－７６３－１０５１,厚生労働省オープンデータ,https://www.mhlw.go.jp/content/12300000/jigyosho_210.csv,2025-12末,https://www.google.com/search?q=%E7%89%B9%E5%88%A5%E9%A4%8A%E8%AD%B7%E8%80%81%E4%BA%BA%E3%83%9B%E3%83%BC%E3%83%A0%E3%81%A4%E3%82%8B%E3%81%8C%E3%81%95%E3%81%8B%20%E9%9D%92%E6%A3%AE%E5%B8%82
特別養護老人ホーム大野和幸園,ショートステイ,青森県,青森市,"介護,ショートステイ,一時利用",家族の休息や一時的な受け入れが必要な時に短期間利用するサービスです。,http://www.wakouen.or.jp/,青森市西大野5丁目16番10号,017-752-8020,厚生労働省オープンデータ,https://www.mhlw.go.jp/content/12300000/jigyosho_210.csv,2025-12末,https://www.google.com/search?q=%E7%89%B9%E5%88%A5%E9%A4%8A%E8%AD%B7%E8%80%81%E4%BA%BA%E3%83%9B%E3%83%BC%E3%83%A0%E5%A4%A7%E9%87%8E%E5%92%8C%E5%B9%B8%E5%9C%92%20%E9%9D%92%E6%A3%AE%E5%B8%82
特別養護老人ホームおきだて苑,ショートステイ,青森県,青森市,"介護,ショートステイ,一時利用",家族の休息や一時的な受け入れが必要な時に短期間利用するサービスです。,https://okidateen-tokuyou.localinfo.jp/,青森市新田1丁目11番3号,017－763-0661,厚生労働省オープンデータ,https://www.mhlw.go.jp/content/12300000/jigyosho_210.csv,2025-12末,https://www.google.com/search?q=%E7%89%B9%E5%88%A5%E9%A4%8A%E8%AD%B7%E8%80%81%E4%BA%BA%E3%83%9B%E3%83%BC%E3%83%A0%E3%81%8A%E3%81%8D%E3%81%A0%E3%81%A6%E8%8B%91%20%E9%9D%92%E6%A3%AE%E5%B8%82
特別養護老人ホームすこやか苑,ショートステイ,青森県,青森市,"介護,ショートステイ,一時利用",家族の休息や一時的な受け入れが必要な時に短期間利用するサービスです。,http://sukoyakaen.com/,青森県青森市大字浜館字間瀬85番地6,017-757-8122,厚生労働省オープンデータ,https://www.mhlw.go.jp/content/12300000/jigyosho_210.csv,2025-12末,https://www.google.com/search?q=%E7%89%B9%E5%88%A5%E9%A4%8A%E8%AD%B7%E8%80%81%E4%BA%BA%E3%83%9B%E3%83%BC%E3%83%A0%E3%81%99%E3%81%93%E3%82%84%E3%81%8B%E8%8B%91%20%E9%9D%92%E6%A3%AE%E5%B8%82
特別養護老人ホーム勝田三思園,ショートステイ,青森県,青森市,"介護,ショートステイ,一時利用",家族の休息や一時的な受け入れが必要な時に短期間利用するサービスです。,https://k-sanshien.site,青森市勝田2丁目20-12,017-763-0036,厚生労働省オープンデータ,https://www.mhlw.go.jp/content/12300000/jigyosho_210.csv,2025-12末,https://www.google.com/search?q=%E7%89%B9%E5%88%A5%E9%A4%8A%E8%AD%B7%E8%80%81%E4%BA%BA%E3%83%9B%E3%83%BC%E3%83%A0%E5%8B%9D%E7%94%B0%E4%B8%89%E6%80%9D%E5%9C%92%20%E9%9D%92%E6%A3%AE%E5%B8%82
特別養護老人ホームゆうゆう荘,ショートステイ,青森県,青森市,"介護,ショートステイ,一時利用",家族の休息や一時的な受け入れが必要な時に短期間利用するサービスです。,http://care-net.biz/02/yuyusou/,青森県青森市浪岡大字樽沢字村元３３０－７,0172-62-9201,厚生労働省オープンデータ,https://www.mhlw.go.jp/content/12300000/jigyosho_210.csv,2025-12末,https://www.google.com/search?q=%E7%89%B9%E5%88%A5%E9%A4%8A%E8%AD%B7%E8%80%81%E4%BA%BA%E3%83%9B%E3%83%BC%E3%83%A0%E3%82%86%E3%81%86%E3%82%86%E3%81%86%E8%8D%98%20%E9%9D%92%E6%A3%AE%E5%B8%82
特別養護老人ホームときわ,ショートステイ,青森県,青森市,"介護,ショートステイ,一時利用",家族の休息や一時的な受け入れが必要な時に短期間利用するサービスです。,http://www.toueikai.jp/top.html,青森県南津軽郡藤崎町大字水木字浅田95,0172-69-5225,厚生労働省オープンデータ,https://www.mhlw.go.jp/content/12300000/jigyosho_210.csv,2025-12末,https://www.google.com/search?q=%E7%89%B9%E5%88%A5%E9%A4%8A%E8%AD%B7%E8%80%81%E4%BA%BA%E3%83%9B%E3%83%BC%E3%83%A0%E3%81%A8%E3%81%8D%E3%82%8F%20%E9%9D%92%E6%A3%AE%E5%B8%82
ときわショートステイ,ショートステイ,青森県,青森市,"介護,ショートステイ,一時利用",家族の休息や一時的な受け入れが必要な時に短期間利用するサービスです。,http://www.toueikai.jp/tokiwa-office.html,青森県南津軽郡藤崎町大字水木字浅田９５,0172-69-5225,厚生労働省オープンデータ,https://www.mhlw.go.jp/content/12300000/jigyosho_210.csv,2025-12末,https://www.google.com/search?q=%E3%81%A8%E3%81%8D%E3%82%8F%E3%82%B7%E3%83%A7%E3%83%BC%E3%83%88%E3%82%B9%E3%83%86%E3%82%A4%20%E9%9D%92%E6%A3%AE%E5%B8%82
短期入所生活介護施設　常源,ショートステイ,青森県,弘前市,"介護,ショートステイ,一時利用",家族の休息や一時的な受け入れが必要な時に短期間利用するサービスです。,http://sanwakai.info/,青森県弘前市大字南袋町5番地16,0172-55-0533,厚生労働省オープンデータ,https://www.mhlw.go.jp/content/12300000/jigyosho_210.csv,2025-12末,https://www.google.com/search?q=%E7%9F%AD%E6%9C%9F%E5%85%A5%E6%89%80%E7%94%9F%E6%B4%BB%E4%BB%8B%E8%AD%B7%E6%96%BD%E8%A8%AD%E3%80%80%E5%B8%B8%E6%BA%90%20%E5%BC%98%E5%89%8D%E5%B8%82
弘前特別養護老人ホーム介護保険サービス事業センター,ショートステイ,青森県,弘前市,"介護,ショートステイ,一時利用",家族の休息や一時的な受け入れが必要な時に短期間利用するサービスです。,http://tsugarufujimikai.com,青森県弘前市自由ヶ丘５－５－３,0172-88-1431,厚生労働省オープンデータ,https://www.mhlw.go.jp/content/12300000/jigyosho_210.csv,2025-12末,https://www.google.com/search?q=%E5%BC%98%E5%89%8D%E7%89%B9%E5%88%A5%E9%A4%8A%E8%AD%B7%E8%80%81%E4%BA%BA%E3%83%9B%E3%83%BC%E3%83%A0%E4%BB%8B%E8%AD%B7%E4%BF%9D%E9%99%BA%E3%82%B5%E3%83%BC%E3%83%93%E3%82%B9%E4%BA%8B%E6%A5%AD%E3%82%BB%E3%83%B3%E3%82%BF%E3%83%BC%20%E5%BC%98%E5%89%8D%E5%B8%82
サンアップル短期入所生活介護センター,ショートステイ,青森県,弘前市,"介護,ショートステイ,一時利用",家族の休息や一時的な受け入れが必要な時に短期間利用するサービスです。,http://www.sunapplehome.jp/,弘前市大字高杉字尾上山３５０,0172-97-2111,厚生労働省オープンデータ,https://www.mhlw.go.jp/content/12300000/jigyosho_210.csv,2025-12末,https://www.google.com/search?q=%E3%82%B5%E3%83%B3%E3%82%A2%E3%83%83%E3%83%97%E3%83%AB%E7%9F%AD%E6%9C%9F%E5%85%A5%E6%89%80%E7%94%9F%E6%B4%BB%E4%BB%8B%E8%AD%B7%E3%82%BB%E3%83%B3%E3%82%BF%E3%83%BC%20%E5%BC%98%E5%89%8D%E5%B8%82
特別養護老人ホーム　弘前大清水ホーム,ショートステイ,青森県,弘前市,"介護,ショートステイ,一時利用",家族の休息や一時的な受け入れが必要な時に短期間利用するサービスです。,http://www.fujiseiboen.or.jp/,青森県弘前市大字清原四丁目9番地2,0172-36-2266,厚生労働省オープンデータ,https://www.mhlw.go.jp/content/12300000/jigyosho_210.csv,2025-12末,https://www.google.com/search?q=%E7%89%B9%E5%88%A5%E9%A4%8A%E8%AD%B7%E8%80%81%E4%BA%BA%E3%83%9B%E3%83%BC%E3%83%A0%E3%80%80%E5%BC%98%E5%89%8D%E5%A4%A7%E6%B8%85%E6%B0%B4%E3%83%9B%E3%83%BC%E3%83%A0%20%E5%BC%98%E5%89%8D%E5%B8%82
白寿園　短期入所生活介護事業所,ショートステイ,青森県,弘前市,"介護,ショートステイ,一時利用",家族の休息や一時的な受け入れが必要な時に短期間利用するサービスです。,hakujuen-t.or.jp,青森県弘前市大字大沢字稲元3番地2,0172-92-2031,厚生労働省オープンデータ,https://www.mhlw.go.jp/content/12300000/jigyosho_210.csv,2025-12末,https://www.google.com/search?q=%E7%99%BD%E5%AF%BF%E5%9C%92%E3%80%80%E7%9F%AD%E6%9C%9F%E5%85%A5%E6%89%80%E7%94%9F%E6%B4%BB%E4%BB%8B%E8%AD%B7%E4%BA%8B%E6%A5%AD%E6%89%80%20%E5%BC%98%E5%89%8D%E5%B8%82
弘前静光園短期入所生活介護事業所,ショートステイ,青森県,弘前市,"介護,ショートステイ,一時利用",家族の休息や一時的な受け入れが必要な時に短期間利用するサービスです。,seikouen＠sh-aiseien.jp,青森県弘前市大字豊原一丁目1番地２特別養護老人ホーム弘前静光園,0172-33-1181,厚生労働省オープンデータ,https://www.mhlw.go.jp/content/12300000/jigyosho_210.csv,2025-12末,https://www.google.com/search?q=%E5%BC%98%E5%89%8D%E9%9D%99%E5%85%89%E5%9C%92%E7%9F%AD%E6%9C%9F%E5%85%A5%E6%89%80%E7%94%9F%E6%B4%BB%E4%BB%8B%E8%AD%B7%E4%BA%8B%E6%A5%AD%E6%89%80%20%E5%BC%98%E5%89%8D%E5%B8%82
おうよう園ショートステイ,ショートステイ,青森県,弘前市,"介護,ショートステイ,一時利用",家族の休息や一時的な受け入れが必要な時に短期間利用するサービスです。,http://www.oyoen.com/,青森県弘前市大字城南五丁目１３番地１５,0172-38-0406,厚生労働省オープンデータ,https://www.mhlw.go.jp/content/12300000/jigyosho_210.csv,2025-12末,https://www.google.com/search?q=%E3%81%8A%E3%81%86%E3%82%88%E3%81%86%E5%9C%92%E3%82%B7%E3%83%A7%E3%83%BC%E3%83%88%E3%82%B9%E3%83%86%E3%82%A4%20%E5%BC%98%E5%89%8D%E5%B8%82
特別養護老人ホーム三和園,ショートステイ,青森県,弘前市,"介護,ショートステイ,一時利用",家族の休息や一時的な受け入れが必要な時に短期間利用するサービスです。,http://sanwakai.info/,青森県弘前市大字茜町二丁目1番地2,0172-88-8890,厚生労働省オープンデータ,https://www.mhlw.go.jp/content/12300000/jigyosho_210.csv,2025-12末,https://www.google.com/search?q=%E7%89%B9%E5%88%A5%E9%A4%8A%E8%AD%B7%E8%80%81%E4%BA%BA%E3%83%9B%E3%83%BC%E3%83%A0%E4%B8%89%E5%92%8C%E5%9C%92%20%E5%BC%98%E5%89%8D%E5%B8%82
特別養護老人ホーム　　福寿園,ショートステイ,青森県,弘前市,"介護,ショートステイ,一時利用",家族の休息や一時的な受け入れが必要な時に短期間利用するサービスです。,http://ichiyoukai.jp,青森県弘前市大字福村字新舘添50-8,0172-28-0900,厚生労働省オープンデータ,https://www.mhlw.go.jp/content/12300000/jigyosho_210.csv,2025-12末,https://www.google.com/search?q=%E7%89%B9%E5%88%A5%E9%A4%8A%E8%AD%B7%E8%80%81%E4%BA%BA%E3%83%9B%E3%83%BC%E3%83%A0%E3%80%80%E3%80%80%E7%A6%8F%E5%AF%BF%E5%9C%92%20%E5%BC%98%E5%89%8D%E5%B8%82
津軽保健生活協同組合　健生介護センター虹,ショートステイ,青森県,弘前市,"介護,ショートステイ,一時利用",家族の休息や一時的な受け入れが必要な時に短期間利用するサービスです。,https://www.google.com/search?q=%E6%B4%A5%E8%BB%BD%E4%BF%9D%E5%81%A5%E7%94%9F%E6%B4%BB%E5%8D%94%E5%90%8C%E7%B5%84%E5%90%88%E3%80%80%E5%81%A5%E7%94%9F%E4%BB%8B%E8%AD%B7%E3%82%BB%E3%83%B3%E3%82%BF%E3%83%BC%E8%99%B9%20%E5%BC%98%E5%89%8D%E5%B8%82,弘前市大字向外瀬字豊田292-1,0172-35-7611,厚生労働省オープンデータ,https://www.mhlw.go.jp/content/12300000/jigyosho_210.csv,2025-12末,https://www.google.com/search?q=%E6%B4%A5%E8%BB%BD%E4%BF%9D%E5%81%A5%E7%94%9F%E6%B4%BB%E5%8D%94%E5%90%8C%E7%B5%84%E5%90%88%E3%80%80%E5%81%A5%E7%94%9F%E4%BB%8B%E8%AD%B7%E3%82%BB%E3%83%B3%E3%82%BF%E3%83%BC%E8%99%B9%20%E5%BC%98%E5%89%8D%E5%B8%82
短期入所生活介護　サンタハウス弘前,ショートステイ,青森県,弘前市,"介護,ショートステイ,一時利用",家族の休息や一時的な受け入れが必要な時に短期間利用するサービスです。,https://houtokukai.org/,青森県弘前市大字大川字中桜川１８番地１０１０号館,0172-99-1133,厚生労働省オープンデータ,https://www.mhlw.go.jp/content/12300000/jigyosho_210.csv,2025-12末,https://www.google.com/search?q=%E7%9F%AD%E6%9C%9F%E5%85%A5%E6%89%80%E7%94%9F%E6%B4%BB%E4%BB%8B%E8%AD%B7%E3%80%80%E3%82%B5%E3%83%B3%E3%82%BF%E3%83%8F%E3%82%A6%E3%82%B9%E5%BC%98%E5%89%8D%20%E5%BC%98%E5%89%8D%E5%B8%82
オリーブコート城西一丁目,ショートステイ,青森県,弘前市,"介護,ショートステイ,一時利用",家族の休息や一時的な受け入れが必要な時に短期間利用するサービスです。,https://www.google.com/search?q=%E3%82%AA%E3%83%AA%E3%83%BC%E3%83%96%E3%82%B3%E3%83%BC%E3%83%88%E5%9F%8E%E8%A5%BF%E4%B8%80%E4%B8%81%E7%9B%AE%20%E5%BC%98%E5%89%8D%E5%B8%82,青森県弘前市城西一丁目８番地７,0172-55-5908,厚生労働省オープンデータ,https://www.mhlw.go.jp/content/12300000/jigyosho_210.csv,2025-12末,https://www.google.com/search?q=%E3%82%AA%E3%83%AA%E3%83%BC%E3%83%96%E3%82%B3%E3%83%BC%E3%83%88%E5%9F%8E%E8%A5%BF%E4%B8%80%E4%B8%81%E7%9B%AE%20%E5%BC%98%E5%89%8D%E5%B8%82
ライフケア高増ショートステイ津軽の里豊原,ショートステイ,青森県,弘前市,"介護,ショートステイ,一時利用",家族の休息や一時的な受け入れが必要な時に短期間利用するサービスです。,http://tsugarunosato.com,豊原1丁目4番地11津軽の里　豊原,0172-33-3100,厚生労働省オープンデータ,https://www.mhlw.go.jp/content/12300000/jigyosho_210.csv,2025-12末,https://www.google.com/search?q=%E3%83%A9%E3%82%A4%E3%83%95%E3%82%B1%E3%82%A2%E9%AB%98%E5%A2%97%E3%82%B7%E3%83%A7%E3%83%BC%E3%83%88%E3%82%B9%E3%83%86%E3%82%A4%E6%B4%A5%E8%BB%BD%E3%81%AE%E9%87%8C%E8%B1%8A%E5%8E%9F%20%E5%BC%98%E5%89%8D%E5%B8%82
ショートステイおうよう園山崎,ショートステイ,青森県,弘前市,"介護,ショートステイ,一時利用",家族の休息や一時的な受け入れが必要な時に短期間利用するサービスです。,http://www.oyoen.com/,青森県弘前市大字山崎３丁目６番地１,0172-87-1165,厚生労働省オープンデータ,https://www.mhlw.go.jp/content/12300000/jigyosho_210.csv,2025-12末,https://www.google.com/search?q=%E3%82%B7%E3%83%A7%E3%83%BC%E3%83%88%E3%82%B9%E3%83%86%E3%82%A4%E3%81%8A%E3%81%86%E3%82%88%E3%81%86%E5%9C%92%E5%B1%B1%E5%B4%8E%20%E5%BC%98%E5%89%8D%E5%B8%82
短期入所生活介護事業　はくじゅ,ショートステイ,青森県,弘前市,"介護,ショートステイ,一時利用",家族の休息や一時的な受け入れが必要な時に短期間利用するサービスです。,https://www.hakujuen-t.or.jp/,青森県弘前市大字大沢字稲元1番地13白寿園驛前館,0172-55-9511,厚生労働省オープンデータ,https://www.mhlw.go.jp/content/12300000/jigyosho_210.csv,2025-12末,https://www.google.com/search?q=%E7%9F%AD%E6%9C%9F%E5%85%A5%E6%89%80%E7%94%9F%E6%B4%BB%E4%BB%8B%E8%AD%B7%E4%BA%8B%E6%A5%AD%E3%80%80%E3%81%AF%E3%81%8F%E3%81%98%E3%82%85%20%E5%BC%98%E5%89%8D%E5%B8%82
大開ショートステイすこや家,ショートステイ,青森県,弘前市,"介護,ショートステイ,一時利用",家族の休息や一時的な受け入れが必要な時に短期間利用するサービスです。,https://hikarisukoyaka.co.jp,青森県弘前市大開３－６－１,0172-88-8216,厚生労働省オープンデータ,https://www.mhlw.go.jp/content/12300000/jigyosho_210.csv,2025-12末,https://www.google.com/search?q=%E5%A4%A7%E9%96%8B%E3%82%B7%E3%83%A7%E3%83%BC%E3%83%88%E3%82%B9%E3%83%86%E3%82%A4%E3%81%99%E3%81%93%E3%82%84%E5%AE%B6%20%E5%BC%98%E5%89%8D%E5%B8%82
短期入所生活介護事業　松山荘ケアステーション,ショートステイ,青森県,弘前市,"介護,ショートステイ,一時利用",家族の休息や一時的な受け入れが必要な時に短期間利用するサービスです。,https://gakuyokai.jp/,青森県弘前市大字一町田字浅井443番地1,0172-82-3500,厚生労働省オープンデータ,https://www.mhlw.go.jp/content/12300000/jigyosho_210.csv,2025-12末,https://www.google.com/search?q=%E7%9F%AD%E6%9C%9F%E5%85%A5%E6%89%80%E7%94%9F%E6%B4%BB%E4%BB%8B%E8%AD%B7%E4%BA%8B%E6%A5%AD%E3%80%80%E6%9D%BE%E5%B1%B1%E8%8D%98%E3%82%B1%E3%82%A2%E3%82%B9%E3%83%86%E3%83%BC%E3%82%B7%E3%83%A7%E3%83%B3%20%E5%BC%98%E5%89%8D%E5%B8%82
特別養護老人ホーム弘前園介護保険サービス事業センター,ショートステイ,青森県,弘前市,"介護,ショートステイ,一時利用",家族の休息や一時的な受け入れが必要な時に短期間利用するサービスです。,https://www.google.com/search?q=%E7%89%B9%E5%88%A5%E9%A4%8A%E8%AD%B7%E8%80%81%E4%BA%BA%E3%83%9B%E3%83%BC%E3%83%A0%E5%BC%98%E5%89%8D%E5%9C%92%E4%BB%8B%E8%AD%B7%E4%BF%9D%E9%99%BA%E3%82%B5%E3%83%BC%E3%83%93%E3%82%B9%E4%BA%8B%E6%A5%AD%E3%82%BB%E3%83%B3%E3%82%BF%E3%83%BC%20%E5%BC%98%E5%89%8D%E5%B8%82,青森県弘前市大字鬼沢字山ノ越249番地,0172-99-5050,厚生労働省オープンデータ,https://www.mhlw.go.jp/content/12300000/jigyosho_210.csv,2025-12末,https://www.google.com/search?q=%E7%89%B9%E5%88%A5%E9%A4%8A%E8%AD%B7%E8%80%81%E4%BA%BA%E3%83%9B%E3%83%BC%E3%83%A0%E5%BC%98%E5%89%8D%E5%9C%92%E4%BB%8B%E8%AD%B7%E4%BF%9D%E9%99%BA%E3%82%B5%E3%83%BC%E3%83%93%E3%82%B9%E4%BA%8B%E6%A5%AD%E3%82%BB%E3%83%B3%E3%82%BF%E3%83%BC%20%E5%BC%98%E5%89%8D%E5%B8%82
ショートステイ長慶の里,ショートステイ,青森県,弘前市,"介護,ショートステイ,一時利用",家族の休息や一時的な受け入れが必要な時に短期間利用するサービスです。,htttp://www.choukeien.or.jp,大字坂市字亀田53番地3,0172-84-2224,厚生労働省オープンデータ,https://www.mhlw.go.jp/content/12300000/jigyosho_210.csv,2025-12末,https://www.google.com/search?q=%E3%82%B7%E3%83%A7%E3%83%BC%E3%83%88%E3%82%B9%E3%83%86%E3%82%A4%E9%95%B7%E6%85%B6%E3%81%AE%E9%87%8C%20%E5%BC%98%E5%89%8D%E5%B8%82
ショートスティ長慶苑,ショートステイ,青森県,弘前市,"介護,ショートステイ,一時利用",家族の休息や一時的な受け入れが必要な時に短期間利用するサービスです。,http://www.choukeien.or.jp,青森県弘前市大字坂市字亀田53番地3,0172-84-1010,厚生労働省オープンデータ,https://www.mhlw.go.jp/content/12300000/jigyosho_210.csv,2025-12末,https://www.google.com/search?q=%E3%82%B7%E3%83%A7%E3%83%BC%E3%83%88%E3%82%B9%E3%83%86%E3%82%A3%E9%95%B7%E6%85%B6%E8%8B%91%20%E5%BC%98%E5%89%8D%E5%B8%82
瑞光園短期入所生活介護,ショートステイ,青森県,八戸市,"介護,ショートステイ,一時利用",家族の休息や一時的な受け入れが必要な時に短期間利用するサービスです。,https://www.zuikoen.or.jp,青森県八戸市大字大久保字大山35番地1,0178-25-7588,厚生労働省オープンデータ,https://www.mhlw.go.jp/content/12300000/jigyosho_210.csv,2025-12末,https://www.google.com/search?q=%E7%91%9E%E5%85%89%E5%9C%92%E7%9F%AD%E6%9C%9F%E5%85%A5%E6%89%80%E7%94%9F%E6%B4%BB%E4%BB%8B%E8%AD%B7%20%E5%85%AB%E6%88%B8%E5%B8%82
福寿草インスプリング,ショートステイ,青森県,八戸市,"介護,ショートステイ,一時利用",家族の休息や一時的な受け入れが必要な時に短期間利用するサービスです。,http://fukujuso.or.jp/,青森県八戸市大字妙字西平6番地２７,0178-25-1021,厚生労働省オープンデータ,https://www.mhlw.go.jp/content/12300000/jigyosho_210.csv,2025-12末,https://www.google.com/search?q=%E7%A6%8F%E5%AF%BF%E8%8D%89%E3%82%A4%E3%83%B3%E3%82%B9%E3%83%97%E3%83%AA%E3%83%B3%E3%82%B0%20%E5%85%AB%E6%88%B8%E5%B8%82
寿楽荘ショートステイ,ショートステイ,青森県,八戸市,"介護,ショートステイ,一時利用",家族の休息や一時的な受け入れが必要な時に短期間利用するサービスです。,http://juei-kai.or.jp,青森県八戸市大字市川町字夏秋４,0178-52-5151,厚生労働省オープンデータ,https://www.mhlw.go.jp/content/12300000/jigyosho_210.csv,2025-12末,https://www.google.com/search?q=%E5%AF%BF%E6%A5%BD%E8%8D%98%E3%82%B7%E3%83%A7%E3%83%BC%E3%83%88%E3%82%B9%E3%83%86%E3%82%A4%20%E5%85%AB%E6%88%B8%E5%B8%82
特別養護老人ホーム　修光園,ショートステイ,青森県,八戸市,"介護,ショートステイ,一時利用",家族の休息や一時的な受け入れが必要な時に短期間利用するサービスです。,www.shukouen.or.jp,青森県八戸市大字十日市字黒坂３５番地,0178-96-4895,厚生労働省オープンデータ,https://www.mhlw.go.jp/content/12300000/jigyosho_210.csv,2025-12末,https://www.google.com/search?q=%E7%89%B9%E5%88%A5%E9%A4%8A%E8%AD%B7%E8%80%81%E4%BA%BA%E3%83%9B%E3%83%BC%E3%83%A0%E3%80%80%E4%BF%AE%E5%85%89%E5%9C%92%20%E5%85%AB%E6%88%B8%E5%B8%82
ショートステイ　さざなみ,ショートステイ,青森県,八戸市,"介護,ショートステイ,一時利用",家族の休息や一時的な受け入れが必要な時に短期間利用するサービスです。,http://www.fukujuso.or.jp,青森県八戸市小中野８丁目９番地２０,0178-71-3375,厚生労働省オープンデータ,https://www.mhlw.go.jp/content/12300000/jigyosho_210.csv,2025-12末,https://www.google.com/search?q=%E3%82%B7%E3%83%A7%E3%83%BC%E3%83%88%E3%82%B9%E3%83%86%E3%82%A4%E3%80%80%E3%81%95%E3%81%96%E3%81%AA%E3%81%BF%20%E5%85%AB%E6%88%B8%E5%B8%82
ケア・ステーション淨信館,ショートステイ,青森県,八戸市,"介護,ショートステイ,一時利用",家族の休息や一時的な受け入れが必要な時に短期間利用するサービスです。,http://joshinkan.com/,青森県八戸市一番町2丁目3番地12,0178-27-5599,厚生労働省オープンデータ,https://www.mhlw.go.jp/content/12300000/jigyosho_210.csv,2025-12末,https://www.google.com/search?q=%E3%82%B1%E3%82%A2%E3%83%BB%E3%82%B9%E3%83%86%E3%83%BC%E3%82%B7%E3%83%A7%E3%83%B3%E6%B7%A8%E4%BF%A1%E9%A4%A8%20%E5%85%AB%E6%88%B8%E5%B8%82
サンシャインショートステイ,ショートステイ,青森県,八戸市,"介護,ショートステイ,一時利用",家族の休息や一時的な受け入れが必要な時に短期間利用するサービスです。,https://s-tokokai.or.jp/facility/tokubetuyogo/,青森県八戸市東白山台二丁目２番１,0178-23-5050,厚生労働省オープンデータ,https://www.mhlw.go.jp/content/12300000/jigyosho_210.csv,2025-12末,https://www.google.com/search?q=%E3%82%B5%E3%83%B3%E3%82%B7%E3%83%A3%E3%82%A4%E3%83%B3%E3%82%B7%E3%83%A7%E3%83%BC%E3%83%88%E3%82%B9%E3%83%86%E3%82%A4%20%E5%85%AB%E6%88%B8%E5%B8%82
短期入所生活介護施設　光葉園,ショートステイ,青森県,八戸市,"介護,ショートステイ,一時利用",家族の休息や一時的な受け入れが必要な時に短期間利用するサービスです。,http://www.mirokukai.or.jp/koyoen/,青森県八戸市大字鮫町字金屎３５番地９０,0178-33-5426,厚生労働省オープンデータ,https://www.mhlw.go.jp/content/12300000/jigyosho_210.csv,2025-12末,https://www.google.com/search?q=%E7%9F%AD%E6%9C%9F%E5%85%A5%E6%89%80%E7%94%9F%E6%B4%BB%E4%BB%8B%E8%AD%B7%E6%96%BD%E8%A8%AD%E3%80%80%E5%85%89%E8%91%89%E5%9C%92%20%E5%85%AB%E6%88%B8%E5%B8%82
特別養護老人ホーム　ほっとハウス,ショートステイ,青森県,八戸市,"介護,ショートステイ,一時利用",家族の休息や一時的な受け入れが必要な時に短期間利用するサービスです。,http://tomonokai.jp/,青森県八戸市大字尻内町字熊ノ沢35番2号,0178-70-1818,厚生労働省オープンデータ,https://www.mhlw.go.jp/content/12300000/jigyosho_210.csv,2025-12末,https://www.google.com/search?q=%E7%89%B9%E5%88%A5%E9%A4%8A%E8%AD%B7%E8%80%81%E4%BA%BA%E3%83%9B%E3%83%BC%E3%83%A0%E3%80%80%E3%81%BB%E3%81%A3%E3%81%A8%E3%83%8F%E3%82%A6%E3%82%B9%20%E5%85%AB%E6%88%B8%E5%B8%82
特別養護老人ホーム　ハピネスやくら,ショートステイ,青森県,八戸市,"介護,ショートステイ,一時利用",家族の休息や一時的な受け入れが必要な時に短期間利用するサービスです。,http://family-wf.jp/,青森県八戸市大字八幡字下樋田１番１,0178-70-2540,厚生労働省オープンデータ,https://www.mhlw.go.jp/content/12300000/jigyosho_210.csv,2025-12末,https://www.google.com/search?q=%E7%89%B9%E5%88%A5%E9%A4%8A%E8%AD%B7%E8%80%81%E4%BA%BA%E3%83%9B%E3%83%BC%E3%83%A0%E3%80%80%E3%83%8F%E3%83%94%E3%83%8D%E3%82%B9%E3%82%84%E3%81%8F%E3%82%89%20%E5%85%AB%E6%88%B8%E5%B8%82
瑞光園短期入所生活介護,ショートステイ,青森県,八戸市,"介護,ショートステイ,一時利用",家族の休息や一時的な受け入れが必要な時に短期間利用するサービスです。,https://www.zuikoen.or.jp,青森県八戸市大字大久保字大山35番地1,0178-25-7588,厚生労働省オープンデータ,https://www.mhlw.go.jp/content/12300000/jigyosho_210.csv,2025-12末,https://www.google.com/search?q=%E7%91%9E%E5%85%89%E5%9C%92%E7%9F%AD%E6%9C%9F%E5%85%A5%E6%89%80%E7%94%9F%E6%B4%BB%E4%BB%8B%E8%AD%B7%20%E5%85%AB%E6%88%B8%E5%B8%82
修光園サテライト,ショートステイ,青森県,八戸市,"介護,ショートステイ,一時利用",家族の休息や一時的な受け入れが必要な時に短期間利用するサービスです。,shukouen.or.jp,八戸市田向５丁目７－１,0178-20-8415,厚生労働省オープンデータ,https://www.mhlw.go.jp/content/12300000/jigyosho_210.csv,2025-12末,https://www.google.com/search?q=%E4%BF%AE%E5%85%89%E5%9C%92%E3%82%B5%E3%83%86%E3%83%A9%E3%82%A4%E3%83%88%20%E5%85%AB%E6%88%B8%E5%B8%82
特別養護老人ホーム八戸素心苑,ショートステイ,青森県,八戸市,"介護,ショートステイ,一時利用",家族の休息や一時的な受け入れが必要な時に短期間利用するサービスです。,http://soshin-en.com/,青森県八戸市大字尻内町字矢沢６２－１,0178-27-3466,厚生労働省オープンデータ,https://www.mhlw.go.jp/content/12300000/jigyosho_210.csv,2025-12末,https://www.google.com/search?q=%E7%89%B9%E5%88%A5%E9%A4%8A%E8%AD%B7%E8%80%81%E4%BA%BA%E3%83%9B%E3%83%BC%E3%83%A0%E5%85%AB%E6%88%B8%E7%B4%A0%E5%BF%83%E8%8B%91%20%E5%85%AB%E6%88%B8%E5%B8%82
ショートステイ　ラ・メール白山台,ショートステイ,青森県,八戸市,"介護,ショートステイ,一時利用",家族の休息や一時的な受け入れが必要な時に短期間利用するサービスです。,http://mirokuen.com,青森県八戸市北白山台５丁目２番15号,0178-38-3321,厚生労働省オープンデータ,https://www.mhlw.go.jp/content/12300000/jigyosho_210.csv,2025-12末,https://www.google.com/search?q=%E3%82%B7%E3%83%A7%E3%83%BC%E3%83%88%E3%82%B9%E3%83%86%E3%82%A4%E3%80%80%E3%83%A9%E3%83%BB%E3%83%A1%E3%83%BC%E3%83%AB%E7%99%BD%E5%B1%B1%E5%8F%B0%20%E5%85%AB%E6%88%B8%E5%B8%82
福寿草インスプリング,ショートステイ,青森県,八戸市,"介護,ショートステイ,一時利用",家族の休息や一時的な受け入れが必要な時に短期間利用するサービスです。,http://www.fukujuso.or.jp/,青森県八戸市大字妙字西平6番地27,0178-25-1021,厚生労働省オープンデータ,https://www.mhlw.go.jp/content/12300000/jigyosho_210.csv,2025-12末,https://www.google.com/search?q=%E7%A6%8F%E5%AF%BF%E8%8D%89%E3%82%A4%E3%83%B3%E3%82%B9%E3%83%97%E3%83%AA%E3%83%B3%E3%82%B0%20%E5%85%AB%E6%88%B8%E5%B8%82
ショートステイラ・メール小中野,ショートステイ,青森県,八戸市,"介護,ショートステイ,一時利用",家族の休息や一時的な受け入れが必要な時に短期間利用するサービスです。,https://mirokuen.com/,青森県八戸市小中野5丁目10番1号,0178-38-3435,厚生労働省オープンデータ,https://www.mhlw.go.jp/content/12300000/jigyosho_210.csv,2025-12末,https://www.google.com/search?q=%E3%82%B7%E3%83%A7%E3%83%BC%E3%83%88%E3%82%B9%E3%83%86%E3%82%A4%E3%83%A9%E3%83%BB%E3%83%A1%E3%83%BC%E3%83%AB%E5%B0%8F%E4%B8%AD%E9%87%8E%20%E5%85%AB%E6%88%B8%E5%B8%82
ショートステイ　クローバーズ・ピア,ショートステイ,青森県,八戸市,"介護,ショートステイ,一時利用",家族の休息や一時的な受け入れが必要な時に短期間利用するサービスです。,https://www.net-pier.org,青森県八戸市南郷大字市野沢字山陣屋36-50,0178-82-3870,厚生労働省オープンデータ,https://www.mhlw.go.jp/content/12300000/jigyosho_210.csv,2025-12末,https://www.google.com/search?q=%E3%82%B7%E3%83%A7%E3%83%BC%E3%83%88%E3%82%B9%E3%83%86%E3%82%A4%E3%80%80%E3%82%AF%E3%83%AD%E3%83%BC%E3%83%90%E3%83%BC%E3%82%BA%E3%83%BB%E3%83%94%E3%82%A2%20%E5%85%AB%E6%88%B8%E5%B8%82
短期入所生活介護　リハビリパークえんぶり物語,ショートステイ,青森県,八戸市,"介護,ショートステイ,一時利用",家族の休息や一時的な受け入れが必要な時に短期間利用するサービスです。,http://www.rehabili-park.com,青森県八戸市大字河原木字見立山６番２０９,0178-21-2000,厚生労働省オープンデータ,https://www.mhlw.go.jp/content/12300000/jigyosho_210.csv,2025-12末,https://www.google.com/search?q=%E7%9F%AD%E6%9C%9F%E5%85%A5%E6%89%80%E7%94%9F%E6%B4%BB%E4%BB%8B%E8%AD%B7%E3%80%80%E3%83%AA%E3%83%8F%E3%83%93%E3%83%AA%E3%83%91%E3%83%BC%E3%82%AF%E3%81%88%E3%82%93%E3%81%B6%E3%82%8A%E7%89%A9%E8%AA%9E%20%E5%85%AB%E6%88%B8%E5%B8%82
すみれ特別養護老人ホーム,ショートステイ,青森県,黒石市,"介護,ショートステイ,一時利用",家族の休息や一時的な受け入れが必要な時に短期間利用するサービスです。,http://www.sumire-kai.jp/,青森県黒石市馬場尻南５８,0172-53-3018,厚生労働省オープンデータ,https://www.mhlw.go.jp/content/12300000/jigyosho_210.csv,2025-12末,https://www.google.com/search?q=%E3%81%99%E3%81%BF%E3%82%8C%E7%89%B9%E5%88%A5%E9%A4%8A%E8%AD%B7%E8%80%81%E4%BA%BA%E3%83%9B%E3%83%BC%E3%83%A0%20%E9%BB%92%E7%9F%B3%E5%B8%82
黒石特別養護老人ホーム,ショートステイ,青森県,黒石市,"介護,ショートステイ,一時利用",家族の休息や一時的な受け入れが必要な時に短期間利用するサービスです。,http://www.roujinhome-kuroishi.or.jp,青森県黒石市大字赤坂字池田１３６番地,0172-53-3325,厚生労働省オープンデータ,https://www.mhlw.go.jp/content/12300000/jigyosho_210.csv,2025-12末,https://www.google.com/search?q=%E9%BB%92%E7%9F%B3%E7%89%B9%E5%88%A5%E9%A4%8A%E8%AD%B7%E8%80%81%E4%BA%BA%E3%83%9B%E3%83%BC%E3%83%A0%20%E9%BB%92%E7%9F%B3%E5%B8%82
特別養護老人ホーム祥光苑,ショートステイ,青森県,五所川原市,"介護,ショートステイ,一時利用",家族の休息や一時的な受け入れが必要な時に短期間利用するサービスです。,http://www.shokoen.or.jp,青森県五所川原市大字沖飯詰字帯刀３５７番地１,0173-36-3100,厚生労働省オープンデータ,https://www.mhlw.go.jp/content/12300000/jigyosho_210.csv,2025-12末,https://www.google.com/search?q=%E7%89%B9%E5%88%A5%E9%A4%8A%E8%AD%B7%E8%80%81%E4%BA%BA%E3%83%9B%E3%83%BC%E3%83%A0%E7%A5%A5%E5%85%89%E8%8B%91%20%E4%BA%94%E6%89%80%E5%B7%9D%E5%8E%9F%E5%B8%82
特別養護老人ホーム　青山荘,ショートステイ,青森県,五所川原市,"介護,ショートステイ,一時利用",家族の休息や一時的な受け入れが必要な時に短期間利用するサービスです。,https://www.seizanso.or.jp,青森県五所川原市大字金山字盛山42-8,0173-35-4215,厚生労働省オープンデータ,https://www.mhlw.go.jp/content/12300000/jigyosho_210.csv,2025-12末,https://www.google.com/search?q=%E7%89%B9%E5%88%A5%E9%A4%8A%E8%AD%B7%E8%80%81%E4%BA%BA%E3%83%9B%E3%83%BC%E3%83%A0%E3%80%80%E9%9D%92%E5%B1%B1%E8%8D%98%20%E4%BA%94%E6%89%80%E5%B7%9D%E5%8E%9F%E5%B8%82
あかねショートステイセンター,ショートステイ,青森県,五所川原市,"介護,ショートステイ,一時利用",家族の休息や一時的な受け入れが必要な時に短期間利用するサービスです。,http://akanesou.web.fc2.com/,青森県五所川原市大字前田野目字長峰１１２番地２,0173-29-3533,厚生労働省オープンデータ,https://www.mhlw.go.jp/content/12300000/jigyosho_210.csv,2025-12末,https://www.google.com/search?q=%E3%81%82%E3%81%8B%E3%81%AD%E3%82%B7%E3%83%A7%E3%83%BC%E3%83%88%E3%82%B9%E3%83%86%E3%82%A4%E3%82%BB%E3%83%B3%E3%82%BF%E3%83%BC%20%E4%BA%94%E6%89%80%E5%B7%9D%E5%8E%9F%E5%B8%82
短期入所生活介護事業所　さくらの里,ショートステイ,青森県,五所川原市,"介護,ショートステイ,一時利用",家族の休息や一時的な受け入れが必要な時に短期間利用するサービスです。,http://sakuranosato.html.xdomain.jp/,青森県五所川原市大字姥萢字桜木424-1,0173-34-6100,厚生労働省オープンデータ,https://www.mhlw.go.jp/content/12300000/jigyosho_210.csv,2025-12末,https://www.google.com/search?q=%E7%9F%AD%E6%9C%9F%E5%85%A5%E6%89%80%E7%94%9F%E6%B4%BB%E4%BB%8B%E8%AD%B7%E4%BA%8B%E6%A5%AD%E6%89%80%E3%80%80%E3%81%95%E3%81%8F%E3%82%89%E3%81%AE%E9%87%8C%20%E4%BA%94%E6%89%80%E5%B7%9D%E5%8E%9F%E5%B8%82
特別養護老人ホームあしの園,ショートステイ,青森県,五所川原市,"介護,ショートステイ,一時利用",家族の休息や一時的な受け入れが必要な時に短期間利用するサービスです。,https://www.google.com/search?q=%E7%89%B9%E5%88%A5%E9%A4%8A%E8%AD%B7%E8%80%81%E4%BA%BA%E3%83%9B%E3%83%BC%E3%83%A0%E3%81%82%E3%81%97%E3%81%AE%E5%9C%92%20%E4%BA%94%E6%89%80%E5%B7%9D%E5%8E%9F%E5%B8%82,青森県五所川原市金木町川倉七夕野84-442,0173-53-2215,厚生労働省オープンデータ,https://www.mhlw.go.jp/content/12300000/jigyosho_210.csv,2025-12末,https://www.google.com/search?q=%E7%89%B9%E5%88%A5%E9%A4%8A%E8%AD%B7%E8%80%81%E4%BA%BA%E3%83%9B%E3%83%BC%E3%83%A0%E3%81%82%E3%81%97%E3%81%AE%E5%9C%92%20%E4%BA%94%E6%89%80%E5%B7%9D%E5%8E%9F%E5%B8%82
ショートステイすわんの里,ショートステイ,青森県,五所川原市,"介護,ショートステイ,一時利用",家族の休息や一時的な受け入れが必要な時に短期間利用するサービスです。,http://www.takushinkai.or.jp,青森県五所川原市脇元磯辺365番地1,0173-62-2622,厚生労働省オープンデータ,https://www.mhlw.go.jp/content/12300000/jigyosho_210.csv,2025-12末,https://www.google.com/search?q=%E3%82%B7%E3%83%A7%E3%83%BC%E3%83%88%E3%82%B9%E3%83%86%E3%82%A4%E3%81%99%E3%82%8F%E3%82%93%E3%81%AE%E9%87%8C%20%E4%BA%94%E6%89%80%E5%B7%9D%E5%8E%9F%E5%B8%82
一葉園短期入所生活介護,ショートステイ,青森県,十和田市,"介護,ショートステイ,一時利用",家族の休息や一時的な受け入れが必要な時に短期間利用するサービスです。,https://www.google.com/search?q=%E4%B8%80%E8%91%89%E5%9C%92%E7%9F%AD%E6%9C%9F%E5%85%A5%E6%89%80%E7%94%9F%E6%B4%BB%E4%BB%8B%E8%AD%B7%20%E5%8D%81%E5%92%8C%E7%94%B0%E5%B8%82,青森県十和田市元町西五丁目11-31,0176-27-1218,厚生労働省オープンデータ,https://www.mhlw.go.jp/content/12300000/jigyosho_210.csv,2025-12末,https://www.google.com/search?q=%E4%B8%80%E8%91%89%E5%9C%92%E7%9F%AD%E6%9C%9F%E5%85%A5%E6%89%80%E7%94%9F%E6%B4%BB%E4%BB%8B%E8%AD%B7%20%E5%8D%81%E5%92%8C%E7%94%B0%E5%B8%82
特別養護老人ホーム八甲荘,ショートステイ,青森県,十和田市,"介護,ショートステイ,一時利用",家族の休息や一時的な受け入れが必要な時に短期間利用するサービスです。,http://hakkoudakai.jp/,青森県十和田市大字相坂字高清水78番地232,0176-23-5500,厚生労働省オープンデータ,https://www.mhlw.go.jp/content/12300000/jigyosho_210.csv,2025-12末,https://www.google.com/search?q=%E7%89%B9%E5%88%A5%E9%A4%8A%E8%AD%B7%E8%80%81%E4%BA%BA%E3%83%9B%E3%83%BC%E3%83%A0%E5%85%AB%E7%94%B2%E8%8D%98%20%E5%8D%81%E5%92%8C%E7%94%B0%E5%B8%82
ショートステイよつ葉,ショートステイ,青森県,十和田市,"介護,ショートステイ,一時利用",家族の休息や一時的な受け入れが必要な時に短期間利用するサービスです。,http://www.yotuba4968.com/,青森県十和田市東十一番町23番35号,0176-58-5757,厚生労働省オープンデータ,https://www.mhlw.go.jp/content/12300000/jigyosho_210.csv,2025-12末,https://www.google.com/search?q=%E3%82%B7%E3%83%A7%E3%83%BC%E3%83%88%E3%82%B9%E3%83%86%E3%82%A4%E3%82%88%E3%81%A4%E8%91%89%20%E5%8D%81%E5%92%8C%E7%94%B0%E5%B8%82
社会福祉法人　十和田湖会　ショートステイ　きゃんぱす,ショートステイ,青森県,十和田市,"介護,ショートステイ,一時利用",家族の休息や一時的な受け入れが必要な時に短期間利用するサービスです。,http://www.towadakokai.jp,青森県十和田市大字相坂字小林94-1,0176-58-0335,厚生労働省オープンデータ,https://www.mhlw.go.jp/content/12300000/jigyosho_210.csv,2025-12末,https://www.google.com/search?q=%E7%A4%BE%E4%BC%9A%E7%A6%8F%E7%A5%89%E6%B3%95%E4%BA%BA%E3%80%80%E5%8D%81%E5%92%8C%E7%94%B0%E6%B9%96%E4%BC%9A%E3%80%80%E3%82%B7%E3%83%A7%E3%83%BC%E3%83%88%E3%82%B9%E3%83%86%E3%82%A4%E3%80%80%E3%81%8D%E3%82%83%E3%82%93%E3%81%B1%E3%81%99%20%E5%8D%81%E5%92%8C%E7%94%B0%E5%B8%82
短期入所生活介護事業所　湖楽園,ショートステイ,青森県,十和田市,"介護,ショートステイ,一時利用",家族の休息や一時的な受け入れが必要な時に短期間利用するサービスです。,http://www.towadakokai.jp,青森県十和田市大字奥瀬字下川目2-9,0176-72-2790,厚生労働省オープンデータ,https://www.mhlw.go.jp/content/12300000/jigyosho_210.csv,2025-12末,https://www.google.com/search?q=%E7%9F%AD%E6%9C%9F%E5%85%A5%E6%89%80%E7%94%9F%E6%B4%BB%E4%BB%8B%E8%AD%B7%E4%BA%8B%E6%A5%AD%E6%89%80%E3%80%80%E6%B9%96%E6%A5%BD%E5%9C%92%20%E5%8D%81%E5%92%8C%E7%94%B0%E5%B8%82
ショートステイ桜こまち,ショートステイ,青森県,十和田市,"介護,ショートステイ,一時利用",家族の休息や一時的な受け入れが必要な時に短期間利用するサービスです。,https://www.google.com/search?q=%E3%82%B7%E3%83%A7%E3%83%BC%E3%83%88%E3%82%B9%E3%83%86%E3%82%A4%E6%A1%9C%E3%81%93%E3%81%BE%E3%81%A1%20%E5%8D%81%E5%92%8C%E7%94%B0%E5%B8%82,十和田市赤沼字下平263-480,0176-58-5151,厚生労働省オープンデータ,https://www.mhlw.go.jp/content/12300000/jigyosho_210.csv,2025-12末,https://www.google.com/search?q=%E3%82%B7%E3%83%A7%E3%83%BC%E3%83%88%E3%82%B9%E3%83%86%E3%82%A4%E6%A1%9C%E3%81%93%E3%81%BE%E3%81%A1%20%E5%8D%81%E5%92%8C%E7%94%B0%E5%B8%82
三沢老人ホーム,ショートステイ,青森県,三沢市,"介護,ショートステイ,一時利用",家族の休息や一時的な受け入れが必要な時に短期間利用するサービスです。,http://www.rakuseikai.or.jp/,青森県三沢市大字三沢字園沢１５６－８,0176-54-2534,厚生労働省オープンデータ,https://www.mhlw.go.jp/content/12300000/jigyosho_210.csv,2025-12末,https://www.google.com/search?q=%E4%B8%89%E6%B2%A2%E8%80%81%E4%BA%BA%E3%83%9B%E3%83%BC%E3%83%A0%20%E4%B8%89%E6%B2%A2%E5%B8%82
特別養護老人ホーム　ひばり苑,ショートステイ,青森県,三沢市,"介護,ショートステイ,一時利用",家族の休息や一時的な受け入れが必要な時に短期間利用するサービスです。,http://www.joukoukai.or.jp/,青森県三沢市六川目６丁目２８－６,0176-59-3601,厚生労働省オープンデータ,https://www.mhlw.go.jp/content/12300000/jigyosho_210.csv,2025-12末,https://www.google.com/search?q=%E7%89%B9%E5%88%A5%E9%A4%8A%E8%AD%B7%E8%80%81%E4%BA%BA%E3%83%9B%E3%83%BC%E3%83%A0%E3%80%80%E3%81%B2%E3%81%B0%E3%82%8A%E8%8B%91%20%E4%B8%89%E6%B2%A2%E5%B8%82
エブリー春日台,ショートステイ,青森県,三沢市,"介護,ショートステイ,一時利用",家族の休息や一時的な受け入れが必要な時に短期間利用するサービスです。,https://www.google.com/search?q=%E3%82%A8%E3%83%96%E3%83%AA%E3%83%BC%E6%98%A5%E6%97%A5%E5%8F%B0%20%E4%B8%89%E6%B2%A2%E5%B8%82,青森県三沢市春日台３丁目154-893,0176-27-1715,厚生労働省オープンデータ,https://www.mhlw.go.jp/content/12300000/jigyosho_210.csv,2025-12末,https://www.google.com/search?q=%E3%82%A8%E3%83%96%E3%83%AA%E3%83%BC%E6%98%A5%E6%97%A5%E5%8F%B0%20%E4%B8%89%E6%B2%A2%E5%B8%82
特別養護老人ホーム　恵光園,ショートステイ,青森県,むつ市,"介護,ショートステイ,一時利用",家族の休息や一時的な受け入れが必要な時に短期間利用するサービスです。,http://keikouen-mutsu.com/,青森県むつ市大字奥内字竹立9番地,0175-26-2288,厚生労働省オープンデータ,https://www.mhlw.go.jp/content/12300000/jigyosho_210.csv,2025-12末,https://www.google.com/search?q=%E7%89%B9%E5%88%A5%E9%A4%8A%E8%AD%B7%E8%80%81%E4%BA%BA%E3%83%9B%E3%83%BC%E3%83%A0%E3%80%80%E6%81%B5%E5%85%89%E5%9C%92%20%E3%82%80%E3%81%A4%E5%B8%82
みちのく十二林ショートステイ,ショートステイ,青森県,むつ市,"介護,ショートステイ,一時利用",家族の休息や一時的な受け入れが必要な時に短期間利用するサービスです。,http:/www.michinokuso.or.jp,青森県むつ市十二林17-1,0175-23-1160,厚生労働省オープンデータ,https://www.mhlw.go.jp/content/12300000/jigyosho_210.csv,2025-12末,https://www.google.com/search?q=%E3%81%BF%E3%81%A1%E3%81%AE%E3%81%8F%E5%8D%81%E4%BA%8C%E6%9E%97%E3%82%B7%E3%83%A7%E3%83%BC%E3%83%88%E3%82%B9%E3%83%86%E3%82%A4%20%E3%82%80%E3%81%A4%E5%B8%82
おおみなと園,ショートステイ,青森県,むつ市,"介護,ショートステイ,一時利用",家族の休息や一時的な受け入れが必要な時に短期間利用するサービスです。,https://oominatoen.sakuragikai.net,青森県むつ市大湊新町30番10号,0175-28-3535,厚生労働省オープンデータ,https://www.mhlw.go.jp/content/12300000/jigyosho_210.csv,2025-12末,https://www.google.com/search?q=%E3%81%8A%E3%81%8A%E3%81%BF%E3%81%AA%E3%81%A8%E5%9C%92%20%E3%82%80%E3%81%A4%E5%B8%82
ショートステイ　季の恵,ショートステイ,青森県,むつ市,"介護,ショートステイ,一時利用",家族の休息や一時的な受け入れが必要な時に短期間利用するサービスです。,http://sankeikai-aomori.com/,青森県むつ市大畑町庚申堂２３番１,0175-45-3115,厚生労働省オープンデータ,https://www.mhlw.go.jp/content/12300000/jigyosho_210.csv,2025-12末,https://www.google.com/search?q=%E3%82%B7%E3%83%A7%E3%83%BC%E3%83%88%E3%82%B9%E3%83%86%E3%82%A4%E3%80%80%E5%AD%A3%E3%81%AE%E6%81%B5%20%E3%82%80%E3%81%A4%E5%B8%82
みちのく金谷ショートステイ,ショートステイ,青森県,むつ市,"介護,ショートステイ,一時利用",家族の休息や一時的な受け入れが必要な時に短期間利用するサービスです。,http//www.michinokuso.jp,青森県むつ市金谷２丁目20-2特別養護老人ホーム金谷みちのく荘,0175-23-0781,厚生労働省オープンデータ,https://www.mhlw.go.jp/content/12300000/jigyosho_210.csv,2025-12末,https://www.google.com/search?q=%E3%81%BF%E3%81%A1%E3%81%AE%E3%81%8F%E9%87%91%E8%B0%B7%E3%82%B7%E3%83%A7%E3%83%BC%E3%83%88%E3%82%B9%E3%83%86%E3%82%A4%20%E3%82%80%E3%81%A4%E5%B8%82
特別養護老人ホーム　いこいの里,ショートステイ,青森県,むつ市,"介護,ショートステイ,一時利用",家族の休息や一時的な受け入れが必要な時に短期間利用するサービスです。,http://www.sakuragikai.or.jp,青森県むつ市脇野沢渡向７３番地１,0175-31-5611,厚生労働省オープンデータ,https://www.mhlw.go.jp/content/12300000/jigyosho_210.csv,2025-12末,https://www.google.com/search?q=%E7%89%B9%E5%88%A5%E9%A4%8A%E8%AD%B7%E8%80%81%E4%BA%BA%E3%83%9B%E3%83%BC%E3%83%A0%E3%80%80%E3%81%84%E3%81%93%E3%81%84%E3%81%AE%E9%87%8C%20%E3%82%80%E3%81%A4%E5%B8%82
特別養護老人ホーム延寿園,ショートステイ,青森県,むつ市,"介護,ショートステイ,一時利用",家族の休息や一時的な受け入れが必要な時に短期間利用するサービスです。,http://sankeikai-aomori.com/,青森県むつ市大畑町大赤川29番地4,0175-34-3297,厚生労働省オープンデータ,https://www.mhlw.go.jp/content/12300000/jigyosho_210.csv,2025-12末,https://www.google.com/search?q=%E7%89%B9%E5%88%A5%E9%A4%8A%E8%AD%B7%E8%80%81%E4%BA%BA%E3%83%9B%E3%83%BC%E3%83%A0%E5%BB%B6%E5%AF%BF%E5%9C%92%20%E3%82%80%E3%81%A4%E5%B8%82
特別養護老人ホームせせらぎ荘,ショートステイ,青森県,むつ市,"介護,ショートステイ,一時利用",家族の休息や一時的な受け入れが必要な時に短期間利用するサービスです。,www.yachiyo-kai.com,青森県むつ市川内町獅子畑128番地4,0175-42-3103,厚生労働省オープンデータ,https://www.mhlw.go.jp/content/12300000/jigyosho_210.csv,2025-12末,https://www.google.com/search?q=%E7%89%B9%E5%88%A5%E9%A4%8A%E8%AD%B7%E8%80%81%E4%BA%BA%E3%83%9B%E3%83%BC%E3%83%A0%E3%81%9B%E3%81%9B%E3%82%89%E3%81%8E%E8%8D%98%20%E3%82%80%E3%81%A4%E5%B8%82
特別養護老人ホーム桜木園,ショートステイ,青森県,むつ市,"介護,ショートステイ,一時利用",家族の休息や一時的な受け入れが必要な時に短期間利用するサービスです。,http://www.sakuragikai.or.jp/,青森県むつ市中央二丁目23-1,0175-29-1243,厚生労働省オープンデータ,https://www.mhlw.go.jp/content/12300000/jigyosho_210.csv,2025-12末,https://www.google.com/search?q=%E7%89%B9%E5%88%A5%E9%A4%8A%E8%AD%B7%E8%80%81%E4%BA%BA%E3%83%9B%E3%83%BC%E3%83%A0%E6%A1%9C%E6%9C%A8%E5%9C%92%20%E3%82%80%E3%81%A4%E5%B8%82
柏風園短期入所生活介護事業所,ショートステイ,青森県,つがる市,"介護,ショートステイ,一時利用",家族の休息や一時的な受け入れが必要な時に短期間利用するサービスです。,https://hakufuen.com/,青森県つがる市木造筒木坂鳥谷沢１８－９,0173-49-5012,厚生労働省オープンデータ,https://www.mhlw.go.jp/content/12300000/jigyosho_210.csv,2025-12末,https://www.google.com/search?q=%E6%9F%8F%E9%A2%A8%E5%9C%92%E7%9F%AD%E6%9C%9F%E5%85%A5%E6%89%80%E7%94%9F%E6%B4%BB%E4%BB%8B%E8%AD%B7%E4%BA%8B%E6%A5%AD%E6%89%80%20%E3%81%A4%E3%81%8C%E3%82%8B%E5%B8%82
特別養護老人ホーム桑寿園,ショートステイ,青森県,つがる市,"介護,ショートステイ,一時利用",家族の休息や一時的な受け入れが必要な時に短期間利用するサービスです。,https://www.hakuyuukai.com,青森県つがる市柏桑野木田若宮２５５番地１,0173-25-2115,厚生労働省オープンデータ,https://www.mhlw.go.jp/content/12300000/jigyosho_210.csv,2025-12末,https://www.google.com/search?q=%E7%89%B9%E5%88%A5%E9%A4%8A%E8%AD%B7%E8%80%81%E4%BA%BA%E3%83%9B%E3%83%BC%E3%83%A0%E6%A1%91%E5%AF%BF%E5%9C%92%20%E3%81%A4%E3%81%8C%E3%82%8B%E5%B8%82
ショートステイゆうあいの里,ショートステイ,青森県,つがる市,"介護,ショートステイ,一時利用",家族の休息や一時的な受け入れが必要な時に短期間利用するサービスです。,https://www.google.com/search?q=%E3%82%B7%E3%83%A7%E3%83%BC%E3%83%88%E3%82%B9%E3%83%86%E3%82%A4%E3%82%86%E3%81%86%E3%81%82%E3%81%84%E3%81%AE%E9%87%8C%20%E3%81%A4%E3%81%8C%E3%82%8B%E5%B8%82,青森県つがる市豊富町屏風山1番地377,0173-69-5100,厚生労働省オープンデータ,https://www.mhlw.go.jp/content/12300000/jigyosho_210.csv,2025-12末,https://www.google.com/search?q=%E3%82%B7%E3%83%A7%E3%83%BC%E3%83%88%E3%82%B9%E3%83%86%E3%82%A4%E3%82%86%E3%81%86%E3%81%82%E3%81%84%E3%81%AE%E9%87%8C%20%E3%81%A4%E3%81%8C%E3%82%8B%E5%B8%82
つがる市社会福祉協議会　ショートステイ安住の里,ショートステイ,青森県,つがる市,"介護,ショートステイ,一時利用",家族の休息や一時的な受け入れが必要な時に短期間利用するサービスです。,https://www.google.com/search?q=%E3%81%A4%E3%81%8C%E3%82%8B%E5%B8%82%E7%A4%BE%E4%BC%9A%E7%A6%8F%E7%A5%89%E5%8D%94%E8%AD%B0%E4%BC%9A%E3%80%80%E3%82%B7%E3%83%A7%E3%83%BC%E3%83%88%E3%82%B9%E3%83%86%E3%82%A4%E5%AE%89%E4%BD%8F%E3%81%AE%E9%87%8C%20%E3%81%A4%E3%81%8C%E3%82%8B%E5%B8%82,青森県つがる市稲垣町豊川宮川143番地1,0173-46-3100,厚生労働省オープンデータ,https://www.mhlw.go.jp/content/12300000/jigyosho_210.csv,2025-12末,https://www.google.com/search?q=%E3%81%A4%E3%81%8C%E3%82%8B%E5%B8%82%E7%A4%BE%E4%BC%9A%E7%A6%8F%E7%A5%89%E5%8D%94%E8%AD%B0%E4%BC%9A%E3%80%80%E3%82%B7%E3%83%A7%E3%83%BC%E3%83%88%E3%82%B9%E3%83%86%E3%82%A4%E5%AE%89%E4%BD%8F%E3%81%AE%E9%87%8C%20%E3%81%A4%E3%81%8C%E3%82%8B%E5%B8%82
明光園短期入所生活介護事業所,ショートステイ,青森県,つがる市,"介護,ショートステイ,一時利用",家族の休息や一時的な受け入れが必要な時に短期間利用するサービスです。,http://www.inkoukai.com,青森県つがる市森田町大館勝山142番地3,0173-26-2026,厚生労働省オープンデータ,https://www.mhlw.go.jp/content/12300000/jigyosho_210.csv,2025-12末,https://www.google.com/search?q=%E6%98%8E%E5%85%89%E5%9C%92%E7%9F%AD%E6%9C%9F%E5%85%A5%E6%89%80%E7%94%9F%E6%B4%BB%E4%BB%8B%E8%AD%B7%E4%BA%8B%E6%A5%AD%E6%89%80%20%E3%81%A4%E3%81%8C%E3%82%8B%E5%B8%82
グレイスハウス平川,ショートステイ,青森県,平川市,"介護,ショートステイ,一時利用",家族の休息や一時的な受け入れが必要な時に短期間利用するサービスです。,http://www.kaigo-support.co.jp/,青森県平川市町居西田112番地2,0172-43-1765,厚生労働省オープンデータ,https://www.mhlw.go.jp/content/12300000/jigyosho_210.csv,2025-12末,https://www.google.com/search?q=%E3%82%B0%E3%83%AC%E3%82%A4%E3%82%B9%E3%83%8F%E3%82%A6%E3%82%B9%E5%B9%B3%E5%B7%9D%20%E5%B9%B3%E5%B7%9D%E5%B8%82
特別養護老人ホーム緑青園,ショートステイ,青森県,平川市,"介護,ショートステイ,一時利用",家族の休息や一時的な受け入れが必要な時に短期間利用するサービスです。,http://ryokufu.or.jp,青森県平川市沖館和田84番地,0172-44-7588,厚生労働省オープンデータ,https://www.mhlw.go.jp/content/12300000/jigyosho_210.csv,2025-12末,https://www.google.com/search?q=%E7%89%B9%E5%88%A5%E9%A4%8A%E8%AD%B7%E8%80%81%E4%BA%BA%E3%83%9B%E3%83%BC%E3%83%A0%E7%B7%91%E9%9D%92%E5%9C%92%20%E5%B9%B3%E5%B7%9D%E5%B8%82
特別養護老人ホーム　さわやか園,ショートステイ,青森県,平川市,"介護,ショートステイ,一時利用",家族の休息や一時的な受け入れが必要な時に短期間利用するサービスです。,http://www.sawayakaen.net/,青森県平川市日沼樋田８５,0172-43-5432,厚生労働省オープンデータ,https://www.mhlw.go.jp/content/12300000/jigyosho_210.csv,2025-12末,https://www.google.com/search?q=%E7%89%B9%E5%88%A5%E9%A4%8A%E8%AD%B7%E8%80%81%E4%BA%BA%E3%83%9B%E3%83%BC%E3%83%A0%E3%80%80%E3%81%95%E3%82%8F%E3%82%84%E3%81%8B%E5%9C%92%20%E5%B9%B3%E5%B7%9D%E5%B8%82
ショートステイ晏慈,ショートステイ,青森県,平川市,"介護,ショートステイ,一時利用",家族の休息や一時的な受け入れが必要な時に短期間利用するサービスです。,https://tsugaru-yawaragi.jp/,青森県平川市町居山元３０２番地３,0172-44-1255,厚生労働省オープンデータ,https://www.mhlw.go.jp/content/12300000/jigyosho_210.csv,2025-12末,https://www.google.com/search?q=%E3%82%B7%E3%83%A7%E3%83%BC%E3%83%88%E3%82%B9%E3%83%86%E3%82%A4%E6%99%8F%E6%85%88%20%E5%B9%B3%E5%B7%9D%E5%B8%82
特別養護老人ホーム　清風荘,ショートステイ,青森県,平内町,"介護,ショートステイ,一時利用",家族の休息や一時的な受け入れが必要な時に短期間利用するサービスです。,http://www.s-care.jp/,青森県東津軽郡平内町大字小湊字薬師堂６３番地２３,017-755-5531,厚生労働省オープンデータ,https://www.mhlw.go.jp/content/12300000/jigyosho_210.csv,2025-12末,https://www.google.com/search?q=%E7%89%B9%E5%88%A5%E9%A4%8A%E8%AD%B7%E8%80%81%E4%BA%BA%E3%83%9B%E3%83%BC%E3%83%A0%E3%80%80%E6%B8%85%E9%A2%A8%E8%8D%98%20%E5%B9%B3%E5%86%85%E7%94%BA
特別養護老人ホーム夜越山倶楽部,ショートステイ,青森県,平内町,"介護,ショートステイ,一時利用",家族の休息や一時的な受け入れが必要な時に短期間利用するサービスです。,https://koujinkai-seifu.com,青森県東津軽郡平内町浜子字堀替７７番地３,017-755-6600,厚生労働省オープンデータ,https://www.mhlw.go.jp/content/12300000/jigyosho_210.csv,2025-12末,https://www.google.com/search?q=%E7%89%B9%E5%88%A5%E9%A4%8A%E8%AD%B7%E8%80%81%E4%BA%BA%E3%83%9B%E3%83%BC%E3%83%A0%E5%A4%9C%E8%B6%8A%E5%B1%B1%E5%80%B6%E6%A5%BD%E9%83%A8%20%E5%B9%B3%E5%86%85%E7%94%BA
特別養護老人ホームなかやま荘,ショートステイ,青森県,今別町,"介護,ショートステイ,一時利用",家族の休息や一時的な受け入れが必要な時に短期間利用するサービスです。,http://www.soujuen.com/,青森県東津軽郡今別町大字今別字西田２４８番地２０５,0174-35-3961,厚生労働省オープンデータ,https://www.mhlw.go.jp/content/12300000/jigyosho_210.csv,2025-12末,https://www.google.com/search?q=%E7%89%B9%E5%88%A5%E9%A4%8A%E8%AD%B7%E8%80%81%E4%BA%BA%E3%83%9B%E3%83%BC%E3%83%A0%E3%81%AA%E3%81%8B%E3%82%84%E3%81%BE%E8%8D%98%20%E4%BB%8A%E5%88%A5%E7%94%BA
よもぎケアセンター,ショートステイ,青森県,蓬田村,"介護,ショートステイ,一時利用",家族の休息や一時的な受け入れが必要な時に短期間利用するサービスです。,http://www.watona-ru.com/houseien,青森県東津軽郡蓬田村大字郷沢字浜田３９７番地,0174-27-3445,厚生労働省オープンデータ,https://www.mhlw.go.jp/content/12300000/jigyosho_210.csv,2025-12末,https://www.google.com/search?q=%E3%82%88%E3%82%82%E3%81%8E%E3%82%B1%E3%82%A2%E3%82%BB%E3%83%B3%E3%82%BF%E3%83%BC%20%E8%93%AC%E7%94%B0%E6%9D%91
特別養護老人ホームあじさい,ショートステイ,青森県,外ヶ浜町,"介護,ショートステイ,一時利用",家族の休息や一時的な受け入れが必要な時に短期間利用するサービスです。,http://www.ajisaikai.or.jp/,青森県東津軽郡外ヶ浜町字三厩新町８番地,0174-31-7000,厚生労働省オープンデータ,https://www.mhlw.go.jp/content/12300000/jigyosho_210.csv,2025-12末,https://www.google.com/search?q=%E7%89%B9%E5%88%A5%E9%A4%8A%E8%AD%B7%E8%80%81%E4%BA%BA%E3%83%9B%E3%83%BC%E3%83%A0%E3%81%82%E3%81%98%E3%81%95%E3%81%84%20%E5%A4%96%E3%83%B6%E6%B5%9C%E7%94%BA
特別養護老人ホームあんじんの郷ショートステイ,ショートステイ,青森県,外ヶ浜町,"介護,ショートステイ,一時利用",家族の休息や一時的な受け入れが必要な時に短期間利用するサービスです。,https://www.google.com/search?q=%E7%89%B9%E5%88%A5%E9%A4%8A%E8%AD%B7%E8%80%81%E4%BA%BA%E3%83%9B%E3%83%BC%E3%83%A0%E3%81%82%E3%82%93%E3%81%98%E3%82%93%E3%81%AE%E9%83%B7%E3%82%B7%E3%83%A7%E3%83%BC%E3%83%88%E3%82%B9%E3%83%86%E3%82%A4%20%E5%A4%96%E3%83%B6%E6%B5%9C%E7%94%BA,青森県東津軽郡外ヶ浜町字平舘野田鳴川２２２－３,0174-31-2121,厚生労働省オープンデータ,https://www.mhlw.go.jp/content/12300000/jigyosho_210.csv,2025-12末,https://www.google.com/search?q=%E7%89%B9%E5%88%A5%E9%A4%8A%E8%AD%B7%E8%80%81%E4%BA%BA%E3%83%9B%E3%83%BC%E3%83%A0%E3%81%82%E3%82%93%E3%81%98%E3%82%93%E3%81%AE%E9%83%B7%E3%82%B7%E3%83%A7%E3%83%BC%E3%83%88%E3%82%B9%E3%83%86%E3%82%A4%20%E5%A4%96%E3%83%B6%E6%B5%9C%E7%94%BA
ショートステイ　はまゆう,ショートステイ,青森県,外ヶ浜町,"介護,ショートステイ,一時利用",家族の休息や一時的な受け入れが必要な時に短期間利用するサービスです。,http://www.watona-ru.com/,青森県東津軽郡外ヶ浜町字蟹田川原添２番地３,0174-31-1871,厚生労働省オープンデータ,https://www.mhlw.go.jp/content/12300000/jigyosho_210.csv,2025-12末,https://www.google.com/search?q=%E3%82%B7%E3%83%A7%E3%83%BC%E3%83%88%E3%82%B9%E3%83%86%E3%82%A4%E3%80%80%E3%81%AF%E3%81%BE%E3%82%86%E3%81%86%20%E5%A4%96%E3%83%B6%E6%B5%9C%E7%94%BA
ショートステイ桜良,ショートステイ,青森県,外ヶ浜町,"介護,ショートステイ,一時利用",家族の休息や一時的な受け入れが必要な時に短期間利用するサービスです。,http://www.fuku-sakura.or.jp,青森県東津軽郡外ヶ浜町字上蟹田６２番地２３特別養護老人ホーム桜良,0174-31-0087,厚生労働省オープンデータ,https://www.mhlw.go.jp/content/12300000/jigyosho_210.csv,2025-12末,https://www.google.com/search?q=%E3%82%B7%E3%83%A7%E3%83%BC%E3%83%88%E3%82%B9%E3%83%86%E3%82%A4%E6%A1%9C%E8%89%AF%20%E5%A4%96%E3%83%B6%E6%B5%9C%E7%94%BA
ショートステイ　カノア,ショートステイ,青森県,鰺ヶ沢町,"介護,ショートステイ,一時利用",家族の休息や一時的な受け入れが必要な時に短期間利用するサービスです。,http://www.aomoritsukushikai.com/,青森県西津軽郡鯵ヶ沢町大字北浮田町字今須82-3,0173-82-0900,厚生労働省オープンデータ,https://www.mhlw.go.jp/content/12300000/jigyosho_210.csv,2025-12末,https://www.google.com/search?q=%E3%82%B7%E3%83%A7%E3%83%BC%E3%83%88%E3%82%B9%E3%83%86%E3%82%A4%E3%80%80%E3%82%AB%E3%83%8E%E3%82%A2%20%E9%B0%BA%E3%83%B6%E6%B2%A2%E7%94%BA
特別養護老人ホーム　ひばり野,ショートステイ,青森県,鰺ヶ沢町,"介護,ショートステイ,一時利用",家族の休息や一時的な受け入れが必要な時に短期間利用するサービスです。,https://www.google.com/search?q=%E7%89%B9%E5%88%A5%E9%A4%8A%E8%AD%B7%E8%80%81%E4%BA%BA%E3%83%9B%E3%83%BC%E3%83%A0%E3%80%80%E3%81%B2%E3%81%B0%E3%82%8A%E9%87%8E%20%E9%B0%BA%E3%83%B6%E6%B2%A2%E7%94%BA,青森県西津軽郡鰺ヶ沢町大字建石町字雲雀野１２４－１８,０１７３－８２－０７０７,厚生労働省オープンデータ,https://www.mhlw.go.jp/content/12300000/jigyosho_210.csv,2025-12末,https://www.google.com/search?q=%E7%89%B9%E5%88%A5%E9%A4%8A%E8%AD%B7%E8%80%81%E4%BA%BA%E3%83%9B%E3%83%BC%E3%83%A0%E3%80%80%E3%81%B2%E3%81%B0%E3%82%8A%E9%87%8E%20%E9%B0%BA%E3%83%B6%E6%B2%A2%E7%94%BA
サンタ園ショートステイ,ショートステイ,青森県,深浦町,"介護,ショートステイ,一時利用",家族の休息や一時的な受け入れが必要な時に短期間利用するサービスです。,https://www.google.com/search?q=%E3%82%B5%E3%83%B3%E3%82%BF%E5%9C%92%E3%82%B7%E3%83%A7%E3%83%BC%E3%83%88%E3%82%B9%E3%83%86%E3%82%A4%20%E6%B7%B1%E6%B5%A6%E7%94%BA,青森県西津軽郡深浦町大字岩崎字松原57番地2特別養護老人ホームサンタ園,0173-77-2020,厚生労働省オープンデータ,https://www.mhlw.go.jp/content/12300000/jigyosho_210.csv,2025-12末,https://www.google.com/search?q=%E3%82%B5%E3%83%B3%E3%82%BF%E5%9C%92%E3%82%B7%E3%83%A7%E3%83%BC%E3%83%88%E3%82%B9%E3%83%86%E3%82%A4%20%E6%B7%B1%E6%B5%A6%E7%94%BA
はまなす荘短期入所生活介護事業所,ショートステイ,青森県,深浦町,"介護,ショートステイ,一時利用",家族の休息や一時的な受け入れが必要な時に短期間利用するサービスです。,ＵＲＬ：http://hamanasuso.com,青森県西津軽郡深浦町大字驫木字津山118番地44,0173-74-4381,厚生労働省オープンデータ,https://www.mhlw.go.jp/content/12300000/jigyosho_210.csv,2025-12末,https://www.google.com/search?q=%E3%81%AF%E3%81%BE%E3%81%AA%E3%81%99%E8%8D%98%E7%9F%AD%E6%9C%9F%E5%85%A5%E6%89%80%E7%94%9F%E6%B4%BB%E4%BB%8B%E8%AD%B7%E4%BA%8B%E6%A5%AD%E6%89%80%20%E6%B7%B1%E6%B5%A6%E7%94%BA
短期入所生活介護　華のさと,ショートステイ,青森県,深浦町,"介護,ショートステイ,一時利用",家族の休息や一時的な受け入れが必要な時に短期間利用するサービスです。,http:fc37821220180411.web2.blks.jp/,青森県西津軽郡深浦町大字広戸字家野上148－2,0173-82-0987,厚生労働省オープンデータ,https://www.mhlw.go.jp/content/12300000/jigyosho_210.csv,2025-12末,https://www.google.com/search?q=%E7%9F%AD%E6%9C%9F%E5%85%A5%E6%89%80%E7%94%9F%E6%B4%BB%E4%BB%8B%E8%AD%B7%E3%80%80%E8%8F%AF%E3%81%AE%E3%81%95%E3%81%A8%20%E6%B7%B1%E6%B5%A6%E7%94%BA
特別養護老人ホーム　桃の木,ショートステイ,青森県,深浦町,"介護,ショートステイ,一時利用",家族の休息や一時的な受け入れが必要な時に短期間利用するサービスです。,https://www.google.com/search?q=%E7%89%B9%E5%88%A5%E9%A4%8A%E8%AD%B7%E8%80%81%E4%BA%BA%E3%83%9B%E3%83%BC%E3%83%A0%E3%80%80%E6%A1%83%E3%81%AE%E6%9C%A8%20%E6%B7%B1%E6%B5%A6%E7%94%BA,青森県西津軽郡深浦町大字深浦字吾妻沢146番地65,0173-84-1630,厚生労働省オープンデータ,https://www.mhlw.go.jp/content/12300000/jigyosho_210.csv,2025-12末,https://www.google.com/search?q=%E7%89%B9%E5%88%A5%E9%A4%8A%E8%AD%B7%E8%80%81%E4%BA%BA%E3%83%9B%E3%83%BC%E3%83%A0%E3%80%80%E6%A1%83%E3%81%AE%E6%9C%A8%20%E6%B7%B1%E6%B5%A6%E7%94%BA
特別養護老人ホーム白神荘,ショートステイ,青森県,西目屋村,"介護,ショートステイ,一時利用",家族の休息や一時的な受け入れが必要な時に短期間利用するサービスです。,http://sanwakai.info/,青森県中津軽郡西目屋村大字田代字稲元143番地2号,0172-85-3123,厚生労働省オープンデータ,https://www.mhlw.go.jp/content/12300000/jigyosho_210.csv,2025-12末,https://www.google.com/search?q=%E7%89%B9%E5%88%A5%E9%A4%8A%E8%AD%B7%E8%80%81%E4%BA%BA%E3%83%9B%E3%83%BC%E3%83%A0%E7%99%BD%E7%A5%9E%E8%8D%98%20%E8%A5%BF%E7%9B%AE%E5%B1%8B%E6%9D%91
特別養護老人ホーム　さんふじ,ショートステイ,青森県,藤崎町,"介護,ショートステイ,一時利用",家族の休息や一時的な受け入れが必要な時に短期間利用するサービスです。,https://www.google.com/search?q=%E7%89%B9%E5%88%A5%E9%A4%8A%E8%AD%B7%E8%80%81%E4%BA%BA%E3%83%9B%E3%83%BC%E3%83%A0%E3%80%80%E3%81%95%E3%82%93%E3%81%B5%E3%81%98%20%E8%97%A4%E5%B4%8E%E7%94%BA,青森県南津軽郡藤崎町大字柏木堰字南亀田１番地１,0172-75-3511,厚生労働省オープンデータ,https://www.mhlw.go.jp/content/12300000/jigyosho_210.csv,2025-12末,https://www.google.com/search?q=%E7%89%B9%E5%88%A5%E9%A4%8A%E8%AD%B7%E8%80%81%E4%BA%BA%E3%83%9B%E3%83%BC%E3%83%A0%E3%80%80%E3%81%95%E3%82%93%E3%81%B5%E3%81%98%20%E8%97%A4%E5%B4%8E%E7%94%BA
特別養護老人ホーム　大鰐ホーム,ショートステイ,青森県,大鰐町,"介護,ショートステイ,一時利用",家族の休息や一時的な受け入れが必要な時に短期間利用するサービスです。,http://www.owani.com/,青森県南津軽郡大鰐町大字大鰐字萢頭９－２,0172-47-5036,厚生労働省オープンデータ,https://www.mhlw.go.jp/content/12300000/jigyosho_210.csv,2025-12末,https://www.google.com/search?q=%E7%89%B9%E5%88%A5%E9%A4%8A%E8%AD%B7%E8%80%81%E4%BA%BA%E3%83%9B%E3%83%BC%E3%83%A0%E3%80%80%E5%A4%A7%E9%B0%90%E3%83%9B%E3%83%BC%E3%83%A0%20%E5%A4%A7%E9%B0%90%E7%94%BA
特別養護老人ホームあじゃら,ショートステイ,青森県,大鰐町,"介護,ショートステイ,一時利用",家族の休息や一時的な受け入れが必要な時に短期間利用するサービスです。,https://www.google.com/search?q=%E7%89%B9%E5%88%A5%E9%A4%8A%E8%AD%B7%E8%80%81%E4%BA%BA%E3%83%9B%E3%83%BC%E3%83%A0%E3%81%82%E3%81%98%E3%82%83%E3%82%89%20%E5%A4%A7%E9%B0%90%E7%94%BA,青森県南津軽郡大鰐町大字虹貝字篠塚33-7,0172-55-8825,厚生労働省オープンデータ,https://www.mhlw.go.jp/content/12300000/jigyosho_210.csv,2025-12末,https://www.google.com/search?q=%E7%89%B9%E5%88%A5%E9%A4%8A%E8%AD%B7%E8%80%81%E4%BA%BA%E3%83%9B%E3%83%BC%E3%83%A0%E3%81%82%E3%81%98%E3%82%83%E3%82%89%20%E5%A4%A7%E9%B0%90%E7%94%BA
ショートステイ鶴住,ショートステイ,青森県,板柳町,"介護,ショートステイ,一時利用",家族の休息や一時的な受け入れが必要な時に短期間利用するサービスです。,http://turuzumikai.jp,青森県北津軽郡板柳町大字野中字鶴住102-2,0172-73-3197,厚生労働省オープンデータ,https://www.mhlw.go.jp/content/12300000/jigyosho_210.csv,2025-12末,https://www.google.com/search?q=%E3%82%B7%E3%83%A7%E3%83%BC%E3%83%88%E3%82%B9%E3%83%86%E3%82%A4%E9%B6%B4%E4%BD%8F%20%E6%9D%BF%E6%9F%B3%E7%94%BA
特別養護老人ホーム鶴松園,ショートステイ,青森県,鶴田町,"介護,ショートステイ,一時利用",家族の休息や一時的な受け入れが必要な時に短期間利用するサービスです。,http://kakusyou.sakura.ne.jp/,青森県北津軽郡鶴田町大字廻堰上野尻146番地１,0173-22-6633,厚生労働省オープンデータ,https://www.mhlw.go.jp/content/12300000/jigyosho_210.csv,2025-12末,https://www.google.com/search?q=%E7%89%B9%E5%88%A5%E9%A4%8A%E8%AD%B7%E8%80%81%E4%BA%BA%E3%83%9B%E3%83%BC%E3%83%A0%E9%B6%B4%E6%9D%BE%E5%9C%92%20%E9%B6%B4%E7%94%B0%E7%94%BA
短期入所生活介護事業所　「鶴のまどい」,ショートステイ,青森県,鶴田町,"介護,ショートステイ,一時利用",家族の休息や一時的な受け入れが必要な時に短期間利用するサービスです。,http://tsuruta-syakyo.or.jp/,青森県北津軽郡鶴田町大字鶴田字鷹ノ尾３４,0173-23-2355,厚生労働省オープンデータ,https://www.mhlw.go.jp/content/12300000/jigyosho_210.csv,2025-12末,https://www.google.com/search?q=%E7%9F%AD%E6%9C%9F%E5%85%A5%E6%89%80%E7%94%9F%E6%B4%BB%E4%BB%8B%E8%AD%B7%E4%BA%8B%E6%A5%AD%E6%89%80%E3%80%80%E3%80%8C%E9%B6%B4%E3%81%AE%E3%81%BE%E3%81%A9%E3%81%84%E3%80%8D%20%E9%B6%B4%E7%94%B0%E7%94%BA
特別養護老人ホーム静和園,ショートステイ,青森県,中泊町,"介護,ショートステイ,一時利用",家族の休息や一時的な受け入れが必要な時に短期間利用するサービスです。,seiwaen01@okutsugarukai.sub.jp,青森県北津軽郡中泊町大字中里字宝森1-2,0173-57-3101,厚生労働省オープンデータ,https://www.mhlw.go.jp/content/12300000/jigyosho_210.csv,2025-12末,https://www.google.com/search?q=%E7%89%B9%E5%88%A5%E9%A4%8A%E8%AD%B7%E8%80%81%E4%BA%BA%E3%83%9B%E3%83%BC%E3%83%A0%E9%9D%99%E5%92%8C%E5%9C%92%20%E4%B8%AD%E6%B3%8A%E7%94%BA
特別養護老人ホーム　きりん館,ショートステイ,青森県,中泊町,"介護,ショートステイ,一時利用",家族の休息や一時的な受け入れが必要な時に短期間利用するサービスです。,http://uchigata.or.jp/,青森県北津軽郡中泊町大字田茂木字若宮１９３３,0173-58-3181,厚生労働省オープンデータ,https://www.mhlw.go.jp/content/12300000/jigyosho_210.csv,2025-12末,https://www.google.com/search?q=%E7%89%B9%E5%88%A5%E9%A4%8A%E8%AD%B7%E8%80%81%E4%BA%BA%E3%83%9B%E3%83%BC%E3%83%A0%E3%80%80%E3%81%8D%E3%82%8A%E3%82%93%E9%A4%A8%20%E4%B8%AD%E6%B3%8A%E7%94%BA
ショートステイのへじ,ショートステイ,青森県,野辺地町,"介護,ショートステイ,一時利用",家族の休息や一時的な受け入れが必要な時に短期間利用するサービスです。,http://www.fukushinosato.com,青森県上北郡野辺地町字餅粟川原3-2,0175-65-2225,厚生労働省オープンデータ,https://www.mhlw.go.jp/content/12300000/jigyosho_210.csv,2025-12末,https://www.google.com/search?q=%E3%82%B7%E3%83%A7%E3%83%BC%E3%83%88%E3%82%B9%E3%83%86%E3%82%A4%E3%81%AE%E3%81%B8%E3%81%98%20%E9%87%8E%E8%BE%BA%E5%9C%B0%E7%94%BA
ショートステイ野辺地ホーム,ショートステイ,青森県,野辺地町,"介護,ショートステイ,一時利用",家族の休息や一時的な受け入れが必要な時に短期間利用するサービスです。,http://mirokuen.com/nohejihome/,青森県上北郡野辺地町字枇杷野51番地26特別養護老人ホーム野辺地ホーム,0175-73-1371,厚生労働省オープンデータ,https://www.mhlw.go.jp/content/12300000/jigyosho_210.csv,2025-12末,https://www.google.com/search?q=%E3%82%B7%E3%83%A7%E3%83%BC%E3%83%88%E3%82%B9%E3%83%86%E3%82%A4%E9%87%8E%E8%BE%BA%E5%9C%B0%E3%83%9B%E3%83%BC%E3%83%A0%20%E9%87%8E%E8%BE%BA%E5%9C%B0%E7%94%BA
天寿園ショートステイ,ショートステイ,青森県,七戸町,"介護,ショートステイ,一時利用",家族の休息や一時的な受け入れが必要な時に短期間利用するサービスです。,https://tenjuen.net/,青森県上北郡七戸町字舟場向川久保308番地,0176-68-4888,厚生労働省オープンデータ,https://www.mhlw.go.jp/content/12300000/jigyosho_210.csv,2025-12末,https://www.google.com/search?q=%E5%A4%A9%E5%AF%BF%E5%9C%92%E3%82%B7%E3%83%A7%E3%83%BC%E3%83%88%E3%82%B9%E3%83%86%E3%82%A4%20%E4%B8%83%E6%88%B8%E7%94%BA
社会福祉法人美土里会　特別養護老人ホーム美土里荘短期入所生活介護事業,ショートステイ,青森県,七戸町,"介護,ショートステイ,一時利用",家族の休息や一時的な受け入れが必要な時に短期間利用するサービスです。,http://www.midorikai-gr.or.jp/index.php/business/midorisou,青森県上北郡七戸町字寒水７０－１７,0176-62-2761,厚生労働省オープンデータ,https://www.mhlw.go.jp/content/12300000/jigyosho_210.csv,2025-12末,https://www.google.com/search?q=%E7%A4%BE%E4%BC%9A%E7%A6%8F%E7%A5%89%E6%B3%95%E4%BA%BA%E7%BE%8E%E5%9C%9F%E9%87%8C%E4%BC%9A%E3%80%80%E7%89%B9%E5%88%A5%E9%A4%8A%E8%AD%B7%E8%80%81%E4%BA%BA%E3%83%9B%E3%83%BC%E3%83%A0%E7%BE%8E%E5%9C%9F%E9%87%8C%E8%8D%98%E7%9F%AD%E6%9C%9F%E5%85%A5%E6%89%80%E7%94%9F%E6%B4%BB%E4%BB%8B%E8%AD%B7%E4%BA%8B%E6%A5%AD%20%E4%B8%83%E6%88%B8%E7%94%BA
天寿園ショートステイみちのかみ,ショートステイ,青森県,七戸町,"介護,ショートステイ,一時利用",家族の休息や一時的な受け入れが必要な時に短期間利用するサービスです。,www.tenjuen.net/,青森県上北郡七戸町字道ノ上５２番地４特別養護老人ホーム天寿園みちのかみ,0176-58-5282,厚生労働省オープンデータ,https://www.mhlw.go.jp/content/12300000/jigyosho_210.csv,2025-12末,https://www.google.com/search?q=%E5%A4%A9%E5%AF%BF%E5%9C%92%E3%82%B7%E3%83%A7%E3%83%BC%E3%83%88%E3%82%B9%E3%83%86%E3%82%A4%E3%81%BF%E3%81%A1%E3%81%AE%E3%81%8B%E3%81%BF%20%E4%B8%83%E6%88%B8%E7%94%BA
こだまショートステイ,ショートステイ,青森県,七戸町,"介護,ショートステイ,一時利用",家族の休息や一時的な受け入れが必要な時に短期間利用するサービスです。,aap51190@hkg.odn.ne.jp,青森県上北郡七戸町字道ノ上５４番地７２,0176-69-1551,厚生労働省オープンデータ,https://www.mhlw.go.jp/content/12300000/jigyosho_210.csv,2025-12末,https://www.google.com/search?q=%E3%81%93%E3%81%A0%E3%81%BE%E3%82%B7%E3%83%A7%E3%83%BC%E3%83%88%E3%82%B9%E3%83%86%E3%82%A4%20%E4%B8%83%E6%88%B8%E7%94%BA
短期入所生活介護　なのはな苑,ショートステイ,青森県,横浜町,"介護,ショートステイ,一時利用",家族の休息や一時的な受け入れが必要な時に短期間利用するサービスです。,http://kiboukai.com/,青森県上北郡横浜町字三保野５４番地,0175-78-3407,厚生労働省オープンデータ,https://www.mhlw.go.jp/content/12300000/jigyosho_210.csv,2025-12末,https://www.google.com/search?q=%E7%9F%AD%E6%9C%9F%E5%85%A5%E6%89%80%E7%94%9F%E6%B4%BB%E4%BB%8B%E8%AD%B7%E3%80%80%E3%81%AA%E3%81%AE%E3%81%AF%E3%81%AA%E8%8B%91%20%E6%A8%AA%E6%B5%9C%E7%94%BA
コレクティブハウス　彩香園アルテリーベ,ショートステイ,青森県,東北町,"介護,ショートステイ,一時利用",家族の休息や一時的な受け入れが必要な時に短期間利用するサービスです。,https://akibakai.com,青森県上北郡東北町大字大浦字境ノ沢132,0176-58-1611,厚生労働省オープンデータ,https://www.mhlw.go.jp/content/12300000/jigyosho_210.csv,2025-12末,https://www.google.com/search?q=%E3%82%B3%E3%83%AC%E3%82%AF%E3%83%86%E3%82%A3%E3%83%96%E3%83%8F%E3%82%A6%E3%82%B9%E3%80%80%E5%BD%A9%E9%A6%99%E5%9C%92%E3%82%A2%E3%83%AB%E3%83%86%E3%83%AA%E3%83%BC%E3%83%99%20%E6%9D%B1%E5%8C%97%E7%94%BA
地域密着型特別養護老人ホーム　森の郷,ショートステイ,青森県,東北町,"介護,ショートステイ,一時利用",家族の休息や一時的な受け入れが必要な時に短期間利用するサービスです。,http:/sinseikai.Jp/,青森県上北郡東北町大字大浦字井尻298-22,0176-27-1021,厚生労働省オープンデータ,https://www.mhlw.go.jp/content/12300000/jigyosho_210.csv,2025-12末,https://www.google.com/search?q=%E5%9C%B0%E5%9F%9F%E5%AF%86%E7%9D%80%E5%9E%8B%E7%89%B9%E5%88%A5%E9%A4%8A%E8%AD%B7%E8%80%81%E4%BA%BA%E3%83%9B%E3%83%BC%E3%83%A0%E3%80%80%E6%A3%AE%E3%81%AE%E9%83%B7%20%E6%9D%B1%E5%8C%97%E7%94%BA
松風荘短期入所生活介護事業所,ショートステイ,青森県,東北町,"介護,ショートステイ,一時利用",家族の休息や一時的な受け入れが必要な時に短期間利用するサービスです。,http://keitokukai-1992.com/shoufuso.html,青森県上北郡東北町字乙供１２３番地,0175-63-2031,厚生労働省オープンデータ,https://www.mhlw.go.jp/content/12300000/jigyosho_210.csv,2025-12末,https://www.google.com/search?q=%E6%9D%BE%E9%A2%A8%E8%8D%98%E7%9F%AD%E6%9C%9F%E5%85%A5%E6%89%80%E7%94%9F%E6%B4%BB%E4%BB%8B%E8%AD%B7%E4%BA%8B%E6%A5%AD%E6%89%80%20%E6%9D%B1%E5%8C%97%E7%94%BA
コレクティブハウス　彩香園アルテリーベ,ショートステイ,青森県,東北町,"介護,ショートステイ,一時利用",家族の休息や一時的な受け入れが必要な時に短期間利用するサービスです。,https://akibakai.com,青森県上北郡東北町大字大浦字境ノ沢132,0176-58-1611,厚生労働省オープンデータ,https://www.mhlw.go.jp/content/12300000/jigyosho_210.csv,2025-12末,https://www.google.com/search?q=%E3%82%B3%E3%83%AC%E3%82%AF%E3%83%86%E3%82%A3%E3%83%96%E3%83%8F%E3%82%A6%E3%82%B9%E3%80%80%E5%BD%A9%E9%A6%99%E5%9C%92%E3%82%A2%E3%83%AB%E3%83%86%E3%83%AA%E3%83%BC%E3%83%99%20%E6%9D%B1%E5%8C%97%E7%94%BA
特別養護老人ホ－ム　ぼんてん荘,ショートステイ,青森県,六ヶ所村,"介護,ショートステイ,一時利用",家族の休息や一時的な受け入れが必要な時に短期間利用するサービスです。,http://www.citydo.com/sp/0175-72-3886,青森県上北郡六ヶ所村大字出戸字棚沢１３０番１６,0175-72-3886,厚生労働省オープンデータ,https://www.mhlw.go.jp/content/12300000/jigyosho_210.csv,2025-12末,https://www.google.com/search?q=%E7%89%B9%E5%88%A5%E9%A4%8A%E8%AD%B7%E8%80%81%E4%BA%BA%E3%83%9B%EF%BC%8D%E3%83%A0%E3%80%80%E3%81%BC%E3%82%93%E3%81%A6%E3%82%93%E8%8D%98%20%E5%85%AD%E3%83%B6%E6%89%80%E6%9D%91
ショートステイ百石荘,ショートステイ,青森県,おいらせ町,"介護,ショートステイ,一時利用",家族の休息や一時的な受け入れが必要な時に短期間利用するサービスです。,http://www.momoishiso.or.jp,青森県上北郡おいらせ町沼端３７０番地１,0178-50-1055,厚生労働省オープンデータ,https://www.mhlw.go.jp/content/12300000/jigyosho_210.csv,2025-12末,https://www.google.com/search?q=%E3%82%B7%E3%83%A7%E3%83%BC%E3%83%88%E3%82%B9%E3%83%86%E3%82%A4%E7%99%BE%E7%9F%B3%E8%8D%98%20%E3%81%8A%E3%81%84%E3%82%89%E3%81%9B%E7%94%BA
特別養護老人ホーム木崎野荘,ショートステイ,青森県,おいらせ町,"介護,ショートステイ,一時利用",家族の休息や一時的な受け入れが必要な時に短期間利用するサービスです。,http://kizakinosou.jp/,青森県上北郡おいらせ町向山東二丁目2-1263,0178-56-4131,厚生労働省オープンデータ,https://www.mhlw.go.jp/content/12300000/jigyosho_210.csv,2025-12末,https://www.google.com/search?q=%E7%89%B9%E5%88%A5%E9%A4%8A%E8%AD%B7%E8%80%81%E4%BA%BA%E3%83%9B%E3%83%BC%E3%83%A0%E6%9C%A8%E5%B4%8E%E9%87%8E%E8%8D%98%20%E3%81%8A%E3%81%84%E3%82%89%E3%81%9B%E7%94%BA
医療法人正恵会ショートステイいしだ,ショートステイ,青森県,おいらせ町,"介護,ショートステイ,一時利用",家族の休息や一時的な受け入れが必要な時に短期間利用するサービスです。,https://www.google.com/search?q=%E5%8C%BB%E7%99%82%E6%B3%95%E4%BA%BA%E6%AD%A3%E6%81%B5%E4%BC%9A%E3%82%B7%E3%83%A7%E3%83%BC%E3%83%88%E3%82%B9%E3%83%86%E3%82%A4%E3%81%84%E3%81%97%E3%81%A0%20%E3%81%8A%E3%81%84%E3%82%89%E3%81%9B%E7%94%BA,青森県上北郡おいらせ町上前田２１－１石田温泉病院,0178-52-3611,厚生労働省オープンデータ,https://www.mhlw.go.jp/content/12300000/jigyosho_210.csv,2025-12末,https://www.google.com/search?q=%E5%8C%BB%E7%99%82%E6%B3%95%E4%BA%BA%E6%AD%A3%E6%81%B5%E4%BC%9A%E3%82%B7%E3%83%A7%E3%83%BC%E3%83%88%E3%82%B9%E3%83%86%E3%82%A4%E3%81%84%E3%81%97%E3%81%A0%20%E3%81%8A%E3%81%84%E3%82%89%E3%81%9B%E7%94%BA
ショートステイ　阿光坊の郷,ショートステイ,青森県,おいらせ町,"介護,ショートステイ,一時利用",家族の休息や一時的な受け入れが必要な時に短期間利用するサービスです。,http://www.momoishiso.or.jp,阿光坊105-110,0178-32-7661,厚生労働省オープンデータ,https://www.mhlw.go.jp/content/12300000/jigyosho_210.csv,2025-12末,https://www.google.com/search?q=%E3%82%B7%E3%83%A7%E3%83%BC%E3%83%88%E3%82%B9%E3%83%86%E3%82%A4%E3%80%80%E9%98%BF%E5%85%89%E5%9D%8A%E3%81%AE%E9%83%B7%20%E3%81%8A%E3%81%84%E3%82%89%E3%81%9B%E7%94%BA
ショートステイ　阿光坊の郷,ショートステイ,青森県,おいらせ町,"介護,ショートステイ,一時利用",家族の休息や一時的な受け入れが必要な時に短期間利用するサービスです。,http://www.momoishiso.or.jp,阿光坊105-110,0178-32-7661,厚生労働省オープンデータ,https://www.mhlw.go.jp/content/12300000/jigyosho_210.csv,2025-12末,https://www.google.com/search?q=%E3%82%B7%E3%83%A7%E3%83%BC%E3%83%88%E3%82%B9%E3%83%86%E3%82%A4%E3%80%80%E9%98%BF%E5%85%89%E5%9D%8A%E3%81%AE%E9%83%B7%20%E3%81%8A%E3%81%84%E3%82%89%E3%81%9B%E7%94%BA
特別養護老人ホームくろまつ,ショートステイ,青森県,大間町,"介護,ショートステイ,一時利用",家族の休息や一時的な受け入れが必要な時に短期間利用するサービスです。,https://www.google.com/search?q=%E7%89%B9%E5%88%A5%E9%A4%8A%E8%AD%B7%E8%80%81%E4%BA%BA%E3%83%9B%E3%83%BC%E3%83%A0%E3%81%8F%E3%82%8D%E3%81%BE%E3%81%A4%20%E5%A4%A7%E9%96%93%E7%94%BA,青森県下北郡大間町大字大間字大間平２０-７８,0175-37-5111,厚生労働省オープンデータ,https://www.mhlw.go.jp/content/12300000/jigyosho_210.csv,2025-12末,https://www.google.com/search?q=%E7%89%B9%E5%88%A5%E9%A4%8A%E8%AD%B7%E8%80%81%E4%BA%BA%E3%83%9B%E3%83%BC%E3%83%A0%E3%81%8F%E3%82%8D%E3%81%BE%E3%81%A4%20%E5%A4%A7%E9%96%93%E7%94%BA
ショートステイしおさい岬,ショートステイ,青森県,大間町,"介護,ショートステイ,一時利用",家族の休息や一時的な受け入れが必要な時に短期間利用するサービスです。,http://mirokuen.com/,青森県下北郡大間町大字大間字大間平38番地511,0175-31-1155,厚生労働省オープンデータ,https://www.mhlw.go.jp/content/12300000/jigyosho_210.csv,2025-12末,https://www.google.com/search?q=%E3%82%B7%E3%83%A7%E3%83%BC%E3%83%88%E3%82%B9%E3%83%86%E3%82%A4%E3%81%97%E3%81%8A%E3%81%95%E3%81%84%E5%B2%AC%20%E5%A4%A7%E9%96%93%E7%94%BA
社会福祉法人　吉幸会　特別養護老人ホーム　能舞の里,ショートステイ,青森県,東通村,"介護,ショートステイ,一時利用",家族の休息や一時的な受け入れが必要な時に短期間利用するサービスです。,http://mirokuen.com/,青森県下北郡東通村大字砂子又字桑原山１番地１０７,0175-28-5171,厚生労働省オープンデータ,https://www.mhlw.go.jp/content/12300000/jigyosho_210.csv,2025-12末,https://www.google.com/search?q=%E7%A4%BE%E4%BC%9A%E7%A6%8F%E7%A5%89%E6%B3%95%E4%BA%BA%E3%80%80%E5%90%89%E5%B9%B8%E4%BC%9A%E3%80%80%E7%89%B9%E5%88%A5%E9%A4%8A%E8%AD%B7%E8%80%81%E4%BA%BA%E3%83%9B%E3%83%BC%E3%83%A0%E3%80%80%E8%83%BD%E8%88%9E%E3%81%AE%E9%87%8C%20%E6%9D%B1%E9%80%9A%E6%9D%91
ショートステイいちいの森,ショートステイ,青森県,東通村,"介護,ショートステイ,一時利用",家族の休息や一時的な受け入れが必要な時に短期間利用するサービスです。,http://mirokuen.com,青森県下北郡東通村大字砂子又字桑原山1番地106特別養護老人ホームいちいの森,0175-33-2640,厚生労働省オープンデータ,https://www.mhlw.go.jp/content/12300000/jigyosho_210.csv,2025-12末,https://www.google.com/search?q=%E3%82%B7%E3%83%A7%E3%83%BC%E3%83%88%E3%82%B9%E3%83%86%E3%82%A4%E3%81%84%E3%81%A1%E3%81%84%E3%81%AE%E6%A3%AE%20%E6%9D%B1%E9%80%9A%E6%9D%91
ショートステイ　ゆうなぎの里,ショートステイ,青森県,佐井村,"介護,ショートステイ,一時利用",家族の休息や一時的な受け入れが必要な時に短期間利用するサービスです。,http://mirokuen.com/yuunaginosato/,下北郡佐井村原田55-2,0175-32-2220,厚生労働省オープンデータ,https://www.mhlw.go.jp/content/12300000/jigyosho_210.csv,2025-12末,https://www.google.com/search?q=%E3%82%B7%E3%83%A7%E3%83%BC%E3%83%88%E3%82%B9%E3%83%86%E3%82%A4%E3%80%80%E3%82%86%E3%81%86%E3%81%AA%E3%81%8E%E3%81%AE%E9%87%8C%20%E4%BD%90%E4%BA%95%E6%9D%91
特別養護老人ホーム鶴亀荘,ショートステイ,青森県,三戸町,"介護,ショートステイ,一時利用",家族の休息や一時的な受け入れが必要な時に短期間利用するサービスです。,http://www.keisinkai.com/,青森県三戸郡三戸町大字斗内字和田60-1,0179-23-4111,厚生労働省オープンデータ,https://www.mhlw.go.jp/content/12300000/jigyosho_210.csv,2025-12末,https://www.google.com/search?q=%E7%89%B9%E5%88%A5%E9%A4%8A%E8%AD%B7%E8%80%81%E4%BA%BA%E3%83%9B%E3%83%BC%E3%83%A0%E9%B6%B4%E4%BA%80%E8%8D%98%20%E4%B8%89%E6%88%B8%E7%94%BA
ショートステイ桜,ショートステイ,青森県,三戸町,"介護,ショートステイ,一時利用",家族の休息や一時的な受け入れが必要な時に短期間利用するサービスです。,https://www.google.com/search?q=%E3%82%B7%E3%83%A7%E3%83%BC%E3%83%88%E3%82%B9%E3%83%86%E3%82%A4%E6%A1%9C%20%E4%B8%89%E6%88%B8%E7%94%BA,青森県三戸郡三戸町大字川守田字大明地１８－４,0179-23-5132,厚生労働省オープンデータ,https://www.mhlw.go.jp/content/12300000/jigyosho_210.csv,2025-12末,https://www.google.com/search?q=%E3%82%B7%E3%83%A7%E3%83%BC%E3%83%88%E3%82%B9%E3%83%86%E3%82%A4%E6%A1%9C%20%E4%B8%89%E6%88%B8%E7%94%BA
ハピネス五戸,ショートステイ,青森県,五戸町,"介護,ショートステイ,一時利用",家族の休息や一時的な受け入れが必要な時に短期間利用するサービスです。,http://family-wf.jp/happiness_gonohe/,青森県三戸郡五戸町字姥堤34番1,0178-62-7491,厚生労働省オープンデータ,https://www.mhlw.go.jp/content/12300000/jigyosho_210.csv,2025-12末,https://www.google.com/search?q=%E3%83%8F%E3%83%94%E3%83%8D%E3%82%B9%E4%BA%94%E6%88%B8%20%E4%BA%94%E6%88%B8%E7%94%BA
特別養護老人ホーム素心苑,ショートステイ,青森県,五戸町,"介護,ショートステイ,一時利用",家族の休息や一時的な受け入れが必要な時に短期間利用するサービスです。,http://soshin-en.com/,青森県三戸郡五戸町字古舘向10番地1,0178－51－8188,厚生労働省オープンデータ,https://www.mhlw.go.jp/content/12300000/jigyosho_210.csv,2025-12末,https://www.google.com/search?q=%E7%89%B9%E5%88%A5%E9%A4%8A%E8%AD%B7%E8%80%81%E4%BA%BA%E3%83%9B%E3%83%BC%E3%83%A0%E7%B4%A0%E5%BF%83%E8%8B%91%20%E4%BA%94%E6%88%B8%E7%94%BA
ショートステイ　ひだまり,ショートステイ,青森県,五戸町,"介護,ショートステイ,一時利用",家族の休息や一時的な受け入れが必要な時に短期間利用するサービスです。,http://mirokuen.com/,青森県三戸郡五戸町字苗代沢3番660,0178-61-1300,厚生労働省オープンデータ,https://www.mhlw.go.jp/content/12300000/jigyosho_210.csv,2025-12末,https://www.google.com/search?q=%E3%82%B7%E3%83%A7%E3%83%BC%E3%83%88%E3%82%B9%E3%83%86%E3%82%A4%E3%80%80%E3%81%B2%E3%81%A0%E3%81%BE%E3%82%8A%20%E4%BA%94%E6%88%B8%E7%94%BA
ショートステイみろく苑,ショートステイ,青森県,田子町,"介護,ショートステイ,一時利用",家族の休息や一時的な受け入れが必要な時に短期間利用するサービスです。,http://mirokuen.com/,青森県三戸郡田子町大字田子字七日市上ノ平60番地,0179-32-3699,厚生労働省オープンデータ,https://www.mhlw.go.jp/content/12300000/jigyosho_210.csv,2025-12末,https://www.google.com/search?q=%E3%82%B7%E3%83%A7%E3%83%BC%E3%83%88%E3%82%B9%E3%83%86%E3%82%A4%E3%81%BF%E3%82%8D%E3%81%8F%E8%8B%91%20%E7%94%B0%E5%AD%90%E7%94%BA
特別養護老人ホーム　長老園,ショートステイ,青森県,南部町,"介護,ショートステイ,一時利用",家族の休息や一時的な受け入れが必要な時に短期間利用するサービスです。,http://chorokai.or.jp/,青森県三戸郡南部町大字埖渡字東あかね５-１２５,0178-84-3131,厚生労働省オープンデータ,https://www.mhlw.go.jp/content/12300000/jigyosho_210.csv,2025-12末,https://www.google.com/search?q=%E7%89%B9%E5%88%A5%E9%A4%8A%E8%AD%B7%E8%80%81%E4%BA%BA%E3%83%9B%E3%83%BC%E3%83%A0%E3%80%80%E9%95%B7%E8%80%81%E5%9C%92%20%E5%8D%97%E9%83%A8%E7%94%BA
特別養護老人ホーム三戸老人ホーム,ショートステイ,青森県,南部町,"介護,ショートステイ,一時利用",家族の休息や一時的な受け入れが必要な時に短期間利用するサービスです。,http://www.sanrou-hatiman.com,青森県三戸郡南部町大向字仙ノ木平31-1,0179-22-1215,厚生労働省オープンデータ,https://www.mhlw.go.jp/content/12300000/jigyosho_210.csv,2025-12末,https://www.google.com/search?q=%E7%89%B9%E5%88%A5%E9%A4%8A%E8%AD%B7%E8%80%81%E4%BA%BA%E3%83%9B%E3%83%BC%E3%83%A0%E4%B8%89%E6%88%B8%E8%80%81%E4%BA%BA%E3%83%9B%E3%83%BC%E3%83%A0%20%E5%8D%97%E9%83%A8%E7%94%BA
短期入所生活介護　ハピネスながわ,ショートステイ,青森県,南部町,"介護,ショートステイ,一時利用",家族の休息や一時的な受け入れが必要な時に短期間利用するサービスです。,http//famiIy-wf.jp/happiness_nagawa,青森県三戸郡南部町大字下名久井字剣吉前川原1-1,0178-60-5252,厚生労働省オープンデータ,https://www.mhlw.go.jp/content/12300000/jigyosho_210.csv,2025-12末,https://www.google.com/search?q=%E7%9F%AD%E6%9C%9F%E5%85%A5%E6%89%80%E7%94%9F%E6%B4%BB%E4%BB%8B%E8%AD%B7%E3%80%80%E3%83%8F%E3%83%94%E3%83%8D%E3%82%B9%E3%81%AA%E3%81%8C%E3%82%8F%20%E5%8D%97%E9%83%A8%E7%94%BA
エスコートあかね,ショートステイ,青森県,南部町,"介護,ショートステイ,一時利用",家族の休息や一時的な受け入れが必要な時に短期間利用するサービスです。,http://chorokai.or.jp/,青森県三戸郡南部町大字福田字あかね１２－１,0178-51-9688,厚生労働省オープンデータ,https://www.mhlw.go.jp/content/12300000/jigyosho_210.csv,2025-12末,https://www.google.com/search?q=%E3%82%A8%E3%82%B9%E3%82%B3%E3%83%BC%E3%83%88%E3%81%82%E3%81%8B%E3%81%AD%20%E5%8D%97%E9%83%A8%E7%94%BA
三老ショートステイ八幡のゆ,ショートステイ,青森県,南部町,"介護,ショートステイ,一時利用",家族の休息や一時的な受け入れが必要な時に短期間利用するサービスです。,https://www.sanrou-hatiman.com/,三戸郡南部町大字小向字八幡19-1,0179-23-3680,厚生労働省オープンデータ,https://www.mhlw.go.jp/content/12300000/jigyosho_210.csv,2025-12末,https://www.google.com/search?q=%E4%B8%89%E8%80%81%E3%82%B7%E3%83%A7%E3%83%BC%E3%83%88%E3%82%B9%E3%83%86%E3%82%A4%E5%85%AB%E5%B9%A1%E3%81%AE%E3%82%86%20%E5%8D%97%E9%83%A8%E7%94%BA
見心園居宅サービスセンター（ショート）,ショートステイ,青森県,階上町,"介護,ショートステイ,一時利用",家族の休息や一時的な受け入れが必要な時に短期間利用するサービスです。,https://www.kenshinen.jp,青森県三戸郡階上町大字赤保内字道仏道添21-12,0178-88-3355,厚生労働省オープンデータ,https://www.mhlw.go.jp/content/12300000/jigyosho_210.csv,2025-12末,https://www.google.com/search?q=%E8%A6%8B%E5%BF%83%E5%9C%92%E5%B1%85%E5%AE%85%E3%82%B5%E3%83%BC%E3%83%93%E3%82%B9%E3%82%BB%E3%83%B3%E3%82%BF%E3%83%BC%EF%BC%88%E3%82%B7%E3%83%A7%E3%83%BC%E3%83%88%EF%BC%89%20%E9%9A%8E%E4%B8%8A%E7%94%BA
介護老人保健施設　青森ナーシングライフ,短期入所療養介護_老健,青森県,青森市,"介護,短期入所療養介護_老健,リハビリ,一時利用",短期入所療養介護_老健の公式オープンデータから取り込んだ候補です。詳細は公式情報・電話・見学で確認してください。,http://www.keiju-w.or.jp/,青森県青森市大字矢田前字弥生田４７－２,017-726-5211,厚生労働省オープンデータ,https://www.mhlw.go.jp/content/12300000/jigyosho_220.csv,2025-12末,https://www.google.com/search?q=%E4%BB%8B%E8%AD%B7%E8%80%81%E4%BA%BA%E4%BF%9D%E5%81%A5%E6%96%BD%E8%A8%AD%E3%80%80%E9%9D%92%E6%A3%AE%E3%83%8A%E3%83%BC%E3%82%B7%E3%83%B3%E3%82%B0%E3%83%A9%E3%82%A4%E3%83%95%20%E9%9D%92%E6%A3%AE%E5%B8%82
ユニット型介護老人保健施設　青照苑,短期入所療養介護_老健,青森県,青森市,"介護,短期入所療養介護_老健,リハビリ,一時利用",短期入所療養介護_老健の公式オープンデータから取り込んだ候補です。詳細は公式情報・電話・見学で確認してください。,http://www.jikei-kai.org,青森市羽白字野木和４５,017-788-3000,厚生労働省オープンデータ,https://www.mhlw.go.jp/content/12300000/jigyosho_220.csv,2025-12末,https://www.google.com/search?q=%E3%83%A6%E3%83%8B%E3%83%83%E3%83%88%E5%9E%8B%E4%BB%8B%E8%AD%B7%E8%80%81%E4%BA%BA%E4%BF%9D%E5%81%A5%E6%96%BD%E8%A8%AD%E3%80%80%E9%9D%92%E7%85%A7%E8%8B%91%20%E9%9D%92%E6%A3%AE%E5%B8%82
介護老人保健施設なみおか,短期入所療養介護_老健,青森県,青森市,"介護,短期入所療養介護_老健,リハビリ,一時利用",短期入所療養介護_老健の公式オープンデータから取り込んだ候補です。詳細は公式情報・電話・見学で確認してください。,https://www.google.com/search?q=%E4%BB%8B%E8%AD%B7%E8%80%81%E4%BA%BA%E4%BF%9D%E5%81%A5%E6%96%BD%E8%A8%AD%E3%81%AA%E3%81%BF%E3%81%8A%E3%81%8B%20%E9%9D%92%E6%A3%AE%E5%B8%82,青森県青森市浪岡杉沢字山元454-238,0172-69-1120,厚生労働省オープンデータ,https://www.mhlw.go.jp/content/12300000/jigyosho_220.csv,2025-12末,https://www.google.com/search?q=%E4%BB%8B%E8%AD%B7%E8%80%81%E4%BA%BA%E4%BF%9D%E5%81%A5%E6%96%BD%E8%A8%AD%E3%81%AA%E3%81%BF%E3%81%8A%E3%81%8B%20%E9%9D%92%E6%A3%AE%E5%B8%82
社会福祉法人諏訪ノ森会　介護老人保健施設いちい荘,短期入所療養介護_老健,青森県,青森市,"介護,短期入所療養介護_老健,リハビリ,一時利用",短期入所療養介護_老健の公式オープンデータから取り込んだ候補です。詳細は公式情報・電話・見学で確認してください。,https://www.suwanomorikai.com/,青森県青森市大字諏訪沢字丸山７２番地,017-726-3855,厚生労働省オープンデータ,https://www.mhlw.go.jp/content/12300000/jigyosho_220.csv,2025-12末,https://www.google.com/search?q=%E7%A4%BE%E4%BC%9A%E7%A6%8F%E7%A5%89%E6%B3%95%E4%BA%BA%E8%AB%8F%E8%A8%AA%E3%83%8E%E6%A3%AE%E4%BC%9A%E3%80%80%E4%BB%8B%E8%AD%B7%E8%80%81%E4%BA%BA%E4%BF%9D%E5%81%A5%E6%96%BD%E8%A8%AD%E3%81%84%E3%81%A1%E3%81%84%E8%8D%98%20%E9%9D%92%E6%A3%AE%E5%B8%82
老人保健施設　すずかけの里,短期入所療養介護_老健,青森県,青森市,"介護,短期入所療養介護_老健,リハビリ,一時利用",短期入所療養介護_老健の公式オープンデータから取り込んだ候補です。詳細は公式情報・電話・見学で確認してください。,www.amc-headquarters-med.or.jp,青森県青森市里見2丁目13番地1号,017-761-1111,厚生労働省オープンデータ,https://www.mhlw.go.jp/content/12300000/jigyosho_220.csv,2025-12末,https://www.google.com/search?q=%E8%80%81%E4%BA%BA%E4%BF%9D%E5%81%A5%E6%96%BD%E8%A8%AD%E3%80%80%E3%81%99%E3%81%9A%E3%81%8B%E3%81%91%E3%81%AE%E9%87%8C%20%E9%9D%92%E6%A3%AE%E5%B8%82
医療法人芙蓉会　介護老人保健施設ニューライフ芙蓉,短期入所療養介護_老健,青森県,青森市,"介護,短期入所療養介護_老健,リハビリ,一時利用",短期入所療養介護_老健の公式オープンデータから取り込んだ候補です。詳細は公式情報・電話・見学で確認してください。,http://www.fuyoukai.or.jp/,青森県青森市妙見３丁目１１-１４,017-728-2200,厚生労働省オープンデータ,https://www.mhlw.go.jp/content/12300000/jigyosho_220.csv,2025-12末,https://www.google.com/search?q=%E5%8C%BB%E7%99%82%E6%B3%95%E4%BA%BA%E8%8A%99%E8%93%89%E4%BC%9A%E3%80%80%E4%BB%8B%E8%AD%B7%E8%80%81%E4%BA%BA%E4%BF%9D%E5%81%A5%E6%96%BD%E8%A8%AD%E3%83%8B%E3%83%A5%E3%83%BC%E3%83%A9%E3%82%A4%E3%83%95%E8%8A%99%E8%93%89%20%E9%9D%92%E6%A3%AE%E5%B8%82
介護老人保健施設ケア・ガーデン青森,短期入所療養介護_老健,青森県,青森市,"介護,短期入所療養介護_老健,リハビリ,一時利用",短期入所療養介護_老健の公式オープンデータから取り込んだ候補です。詳細は公式情報・電話・見学で確認してください。,http://www.hokushoukai.com/,青森市古館1丁目2-1,017-744-3311,厚生労働省オープンデータ,https://www.mhlw.go.jp/content/12300000/jigyosho_220.csv,2025-12末,https://www.google.com/search?q=%E4%BB%8B%E8%AD%B7%E8%80%81%E4%BA%BA%E4%BF%9D%E5%81%A5%E6%96%BD%E8%A8%AD%E3%82%B1%E3%82%A2%E3%83%BB%E3%82%AC%E3%83%BC%E3%83%87%E3%83%B3%E9%9D%92%E6%A3%AE%20%E9%9D%92%E6%A3%AE%E5%B8%82
介護老人保健施設　希望ヶ丘ホーム,短期入所療養介護_老健,青森県,弘前市,"介護,短期入所療養介護_老健,リハビリ,一時利用",短期入所療養介護_老健の公式オープンデータから取り込んだ候補です。詳細は公式情報・電話・見学で確認してください。,http://kibogaoka.net,青森県弘前市大字小沢字山崎４４－９,0172-87-6655,厚生労働省オープンデータ,https://www.mhlw.go.jp/content/12300000/jigyosho_220.csv,2025-12末,https://www.google.com/search?q=%E4%BB%8B%E8%AD%B7%E8%80%81%E4%BA%BA%E4%BF%9D%E5%81%A5%E6%96%BD%E8%A8%AD%E3%80%80%E5%B8%8C%E6%9C%9B%E3%83%B6%E4%B8%98%E3%83%9B%E3%83%BC%E3%83%A0%20%E5%BC%98%E5%89%8D%E5%B8%82
介護老人保健施設　鳥井野荘,短期入所療養介護_老健,青森県,弘前市,"介護,短期入所療養介護_老健,リハビリ,一時利用",短期入所療養介護_老健の公式オープンデータから取り込んだ候補です。詳細は公式情報・電話・見学で確認してください。,https://toriinoso.jp/,青森県弘前市大字鳥井野字長田２６５番地,0172-82-5600,厚生労働省オープンデータ,https://www.mhlw.go.jp/content/12300000/jigyosho_220.csv,2025-12末,https://www.google.com/search?q=%E4%BB%8B%E8%AD%B7%E8%80%81%E4%BA%BA%E4%BF%9D%E5%81%A5%E6%96%BD%E8%A8%AD%E3%80%80%E9%B3%A5%E4%BA%95%E9%87%8E%E8%8D%98%20%E5%BC%98%E5%89%8D%E5%B8%82
老人保健施設ケアセンター弘前,短期入所療養介護_老健,青森県,弘前市,"介護,短期入所療養介護_老健,リハビリ,一時利用",短期入所療養介護_老健の公式オープンデータから取り込んだ候補です。詳細は公式情報・電話・見学で確認してください。,http://tsugarufujimikai.com/,青森県弘前市山崎一丁目３番地７,0172-87-0111,厚生労働省オープンデータ,https://www.mhlw.go.jp/content/12300000/jigyosho_220.csv,2025-12末,https://www.google.com/search?q=%E8%80%81%E4%BA%BA%E4%BF%9D%E5%81%A5%E6%96%BD%E8%A8%AD%E3%82%B1%E3%82%A2%E3%82%BB%E3%83%B3%E3%82%BF%E3%83%BC%E5%BC%98%E5%89%8D%20%E5%BC%98%E5%89%8D%E5%B8%82
介護老人保健施設ヴィラ弘前,短期入所療養介護_老健,青森県,弘前市,"介護,短期入所療養介護_老健,リハビリ,一時利用",短期入所療養介護_老健の公式オープンデータから取り込んだ候補です。詳細は公式情報・電話・見学で確認してください。,http://villahiro7300.ec-net.jp,青森県弘前市大字岩賀２丁目12-11,0172-37-7300,厚生労働省オープンデータ,https://www.mhlw.go.jp/content/12300000/jigyosho_220.csv,2025-12末,https://www.google.com/search?q=%E4%BB%8B%E8%AD%B7%E8%80%81%E4%BA%BA%E4%BF%9D%E5%81%A5%E6%96%BD%E8%A8%AD%E3%83%B4%E3%82%A3%E3%83%A9%E5%BC%98%E5%89%8D%20%E5%BC%98%E5%89%8D%E5%B8%82
介護老人保健施設　幸陽荘,短期入所療養介護_老健,青森県,弘前市,"介護,短期入所療養介護_老健,リハビリ,一時利用",短期入所療養介護_老健の公式オープンデータから取り込んだ候補です。詳細は公式情報・電話・見学で確認してください。,http://koyoso.com/,青森県弘前市清野袋字岡部433-1,0172-37-8311,厚生労働省オープンデータ,https://www.mhlw.go.jp/content/12300000/jigyosho_220.csv,2025-12末,https://www.google.com/search?q=%E4%BB%8B%E8%AD%B7%E8%80%81%E4%BA%BA%E4%BF%9D%E5%81%A5%E6%96%BD%E8%A8%AD%E3%80%80%E5%B9%B8%E9%99%BD%E8%8D%98%20%E5%BC%98%E5%89%8D%E5%B8%82
介護老人保健施設はくじゅ,短期入所療養介護_老健,青森県,八戸市,"介護,短期入所療養介護_老健,リハビリ,一時利用",短期入所療養介護_老健の公式オープンデータから取り込んだ候補です。詳細は公式情報・電話・見学で確認してください。,http://sg-hakuju.com/,青森県八戸市河原木字北沼２２－３９,0178-28-4001,厚生労働省オープンデータ,https://www.mhlw.go.jp/content/12300000/jigyosho_220.csv,2025-12末,https://www.google.com/search?q=%E4%BB%8B%E8%AD%B7%E8%80%81%E4%BA%BA%E4%BF%9D%E5%81%A5%E6%96%BD%E8%A8%AD%E3%81%AF%E3%81%8F%E3%81%98%E3%82%85%20%E5%85%AB%E6%88%B8%E5%B8%82
介護老人保健施設　ひばりの里,短期入所療養介護_老健,青森県,八戸市,"介護,短期入所療養介護_老健,リハビリ,一時利用",短期入所療養介護_老健の公式オープンデータから取り込んだ候補です。詳細は公式情報・電話・見学で確認してください。,https://www.aikeikai-hibari.com/,青森県八戸市大字是川字雲畑９ー２,0178-96-1212,厚生労働省オープンデータ,https://www.mhlw.go.jp/content/12300000/jigyosho_220.csv,2025-12末,https://www.google.com/search?q=%E4%BB%8B%E8%AD%B7%E8%80%81%E4%BA%BA%E4%BF%9D%E5%81%A5%E6%96%BD%E8%A8%AD%E3%80%80%E3%81%B2%E3%81%B0%E3%82%8A%E3%81%AE%E9%87%8C%20%E5%85%AB%E6%88%B8%E5%B8%82
介護老人保健施設　南山苑,短期入所療養介護_老健,青森県,八戸市,"介護,短期入所療養介護_老健,リハビリ,一時利用",短期入所療養介護_老健の公式オープンデータから取り込んだ候補です。詳細は公式情報・電話・見学で確認してください。,http://www.seijin.or.jp/,青森県八戸市大字田面木字赤坂24-1,0178-27-3027,厚生労働省オープンデータ,https://www.mhlw.go.jp/content/12300000/jigyosho_220.csv,2025-12末,https://www.google.com/search?q=%E4%BB%8B%E8%AD%B7%E8%80%81%E4%BA%BA%E4%BF%9D%E5%81%A5%E6%96%BD%E8%A8%AD%E3%80%80%E5%8D%97%E5%B1%B1%E8%8B%91%20%E5%85%AB%E6%88%B8%E5%B8%82
ナーシングホームオリーブ,短期入所療養介護_老健,青森県,八戸市,"介護,短期入所療養介護_老健,リハビリ,一時利用",短期入所療養介護_老健の公式オープンデータから取り込んだ候補です。詳細は公式情報・電話・見学で確認してください。,http://www.heiwa-hp.or.jp/olv/olv.html,八戸市湊高台二丁目４－６,0178-31-5500,厚生労働省オープンデータ,https://www.mhlw.go.jp/content/12300000/jigyosho_220.csv,2025-12末,https://www.google.com/search?q=%E3%83%8A%E3%83%BC%E3%82%B7%E3%83%B3%E3%82%B0%E3%83%9B%E3%83%BC%E3%83%A0%E3%82%AA%E3%83%AA%E3%83%BC%E3%83%96%20%E5%85%AB%E6%88%B8%E5%B8%82
介護老人保健施設南郷メディエルデプラザ,短期入所療養介護_老健,青森県,八戸市,"介護,短期入所療養介護_老健,リハビリ,一時利用",短期入所療養介護_老健の公式オープンデータから取り込んだ候補です。詳細は公式情報・電話・見学で確認してください。,http://www.nanrokukai.com/,青森県八戸市南郷大字島守字阿庄内15番地6,0178-82-2000,厚生労働省オープンデータ,https://www.mhlw.go.jp/content/12300000/jigyosho_220.csv,2025-12末,https://www.google.com/search?q=%E4%BB%8B%E8%AD%B7%E8%80%81%E4%BA%BA%E4%BF%9D%E5%81%A5%E6%96%BD%E8%A8%AD%E5%8D%97%E9%83%B7%E3%83%A1%E3%83%87%E3%82%A3%E3%82%A8%E3%83%AB%E3%83%87%E3%83%97%E3%83%A9%E3%82%B6%20%E5%85%AB%E6%88%B8%E5%B8%82
介護老人保健施設「あしたばの里・黒石」,短期入所療養介護_老健,青森県,黒石市,"介護,短期入所療養介護_老健,リハビリ,一時利用",短期入所療養介護_老健の公式オープンデータから取り込んだ候補です。詳細は公式情報・電話・見学で確認してください。,http://www.ashitabanosato.jp,青森県黒石市末広6番地1,0172-53-1213,厚生労働省オープンデータ,https://www.mhlw.go.jp/content/12300000/jigyosho_220.csv,2025-12末,https://www.google.com/search?q=%E4%BB%8B%E8%AD%B7%E8%80%81%E4%BA%BA%E4%BF%9D%E5%81%A5%E6%96%BD%E8%A8%AD%E3%80%8C%E3%81%82%E3%81%97%E3%81%9F%E3%81%B0%E3%81%AE%E9%87%8C%E3%83%BB%E9%BB%92%E7%9F%B3%E3%80%8D%20%E9%BB%92%E7%9F%B3%E5%B8%82
介護老人保健施設緑風苑,短期入所療養介護_老健,青森県,五所川原市,"介護,短期入所療養介護_老健,リハビリ,一時利用",短期入所療養介護_老健の公式オープンデータから取り込んだ候補です。詳細は公式情報・電話・見学で確認してください。,http://ryoku.hakuseikai.com/,青森県五所川原市金山字竹崎254,0173-33-4155,厚生労働省オープンデータ,https://www.mhlw.go.jp/content/12300000/jigyosho_220.csv,2025-12末,https://www.google.com/search?q=%E4%BB%8B%E8%AD%B7%E8%80%81%E4%BA%BA%E4%BF%9D%E5%81%A5%E6%96%BD%E8%A8%AD%E7%B7%91%E9%A2%A8%E8%8B%91%20%E4%BA%94%E6%89%80%E5%B7%9D%E5%8E%9F%E5%B8%82
老人保健施設　みのり苑,短期入所療養介護_老健,青森県,十和田市,"介護,短期入所療養介護_老健,リハビリ,一時利用",短期入所療養介護_老健の公式オープンデータから取り込んだ候補です。詳細は公式情報・電話・見学で確認してください。,http://www.fukushinosato.com,青森県十和田市大字切田字横道100-22,0176-25-1100,厚生労働省オープンデータ,https://www.mhlw.go.jp/content/12300000/jigyosho_220.csv,2025-12末,https://www.google.com/search?q=%E8%80%81%E4%BA%BA%E4%BF%9D%E5%81%A5%E6%96%BD%E8%A8%AD%E3%80%80%E3%81%BF%E3%81%AE%E3%82%8A%E8%8B%91%20%E5%8D%81%E5%92%8C%E7%94%B0%E5%B8%82
介護老人保健施設とわだ,短期入所療養介護_老健,青森県,十和田市,"介護,短期入所療養介護_老健,リハビリ,一時利用",短期入所療養介護_老健の公式オープンデータから取り込んだ候補です。詳細は公式情報・電話・見学で確認してください。,https://www.facebook.com/sgtowada/,青森県十和田市大字洞内字長田60-6,0176-27-3131,厚生労働省オープンデータ,https://www.mhlw.go.jp/content/12300000/jigyosho_220.csv,2025-12末,https://www.google.com/search?q=%E4%BB%8B%E8%AD%B7%E8%80%81%E4%BA%BA%E4%BF%9D%E5%81%A5%E6%96%BD%E8%A8%AD%E3%81%A8%E3%82%8F%E3%81%A0%20%E5%8D%81%E5%92%8C%E7%94%B0%E5%B8%82
介護老人保健施設ハートランド,短期入所療養介護_老健,青森県,十和田市,"介護,短期入所療養介護_老健,リハビリ,一時利用",短期入所療養介護_老健の公式オープンデータから取り込んだ候補です。詳細は公式情報・電話・見学で確認してください。,https://www.sg-heart.or.jp/,十和田市大字相坂字高清水78-450,0176-25-0122,厚生労働省オープンデータ,https://www.mhlw.go.jp/content/12300000/jigyosho_220.csv,2025-12末,https://www.google.com/search?q=%E4%BB%8B%E8%AD%B7%E8%80%81%E4%BA%BA%E4%BF%9D%E5%81%A5%E6%96%BD%E8%A8%AD%E3%83%8F%E3%83%BC%E3%83%88%E3%83%A9%E3%83%B3%E3%83%89%20%E5%8D%81%E5%92%8C%E7%94%B0%E5%B8%82
老人保健施設　やすらぎ苑,短期入所療養介護_老健,青森県,三沢市,"介護,短期入所療養介護_老健,リハビリ,一時利用",短期入所療養介護_老健の公式オープンデータから取り込んだ候補です。詳細は公式情報・電話・見学で確認してください。,https://www.dohjinkai-aomori.or.jp/yasuragi,青森県三沢市大字三沢字淋代平１１６－３０９７,0176-59-3784,厚生労働省オープンデータ,https://www.mhlw.go.jp/content/12300000/jigyosho_220.csv,2025-12末,https://www.google.com/search?q=%E8%80%81%E4%BA%BA%E4%BF%9D%E5%81%A5%E6%96%BD%E8%A8%AD%E3%80%80%E3%82%84%E3%81%99%E3%82%89%E3%81%8E%E8%8B%91%20%E4%B8%89%E6%B2%A2%E5%B8%82
老人保健施設シルバーケアセンターむつ,短期入所療養介護_老健,青森県,むつ市,"介護,短期入所療養介護_老健,リハビリ,一時利用",短期入所療養介護_老健の公式オープンデータから取り込んだ候補です。詳細は公式情報・電話・見学で確認してください。,https://www.google.com/search?q=%E8%80%81%E4%BA%BA%E4%BF%9D%E5%81%A5%E6%96%BD%E8%A8%AD%E3%82%B7%E3%83%AB%E3%83%90%E3%83%BC%E3%82%B1%E3%82%A2%E3%82%BB%E3%83%B3%E3%82%BF%E3%83%BC%E3%82%80%E3%81%A4%20%E3%82%80%E3%81%A4%E5%B8%82,青森県むつ市中央一丁目１８番１号,0175-22-9925,厚生労働省オープンデータ,https://www.mhlw.go.jp/content/12300000/jigyosho_220.csv,2025-12末,https://www.google.com/search?q=%E8%80%81%E4%BA%BA%E4%BF%9D%E5%81%A5%E6%96%BD%E8%A8%AD%E3%82%B7%E3%83%AB%E3%83%90%E3%83%BC%E3%82%B1%E3%82%A2%E3%82%BB%E3%83%B3%E3%82%BF%E3%83%BC%E3%82%80%E3%81%A4%20%E3%82%80%E3%81%A4%E5%B8%82
介護老人保健施設三笠ケアセンター,短期入所療養介護_老健,青森県,平川市,"介護,短期入所療養介護_老健,リハビリ,一時利用",短期入所療養介護_老健の公式オープンデータから取り込んだ候補です。詳細は公式情報・電話・見学で確認してください。,https://www.mikasaen-hp.com/,青森県平川市館田西和田195番地,0172-44-8811,厚生労働省オープンデータ,https://www.mhlw.go.jp/content/12300000/jigyosho_220.csv,2025-12末,https://www.google.com/search?q=%E4%BB%8B%E8%AD%B7%E8%80%81%E4%BA%BA%E4%BF%9D%E5%81%A5%E6%96%BD%E8%A8%AD%E4%B8%89%E7%AC%A0%E3%82%B1%E3%82%A2%E3%82%BB%E3%83%B3%E3%82%BF%E3%83%BC%20%E5%B9%B3%E5%B7%9D%E5%B8%82
介護老人保健施設のぞみ,短期入所療養介護_老健,青森県,平川市,"介護,短期入所療養介護_老健,リハビリ,一時利用",短期入所療養介護_老健の公式オープンデータから取り込んだ候補です。詳細は公式情報・電話・見学で確認してください。,https://www.miraikai.cloud-line.com,青森県平川市李平上山崎54-1,0172-57-5100,厚生労働省オープンデータ,https://www.mhlw.go.jp/content/12300000/jigyosho_220.csv,2025-12末,https://www.google.com/search?q=%E4%BB%8B%E8%AD%B7%E8%80%81%E4%BA%BA%E4%BF%9D%E5%81%A5%E6%96%BD%E8%A8%AD%E3%81%AE%E3%81%9E%E3%81%BF%20%E5%B9%B3%E5%B7%9D%E5%B8%82
一般財団法人　黎明郷　介護老人保健施設　つがる,短期入所療養介護_老健,青森県,平川市,"介護,短期入所療養介護_老健,リハビリ,一時利用",短期入所療養介護_老健の公式オープンデータから取り込んだ候補です。詳細は公式情報・電話・見学で確認してください。,https://www.reimeikyou.jp/tsugaru/,青森県平川市碇ヶ関湯向川添30番地,0172-45-3525,厚生労働省オープンデータ,https://www.mhlw.go.jp/content/12300000/jigyosho_220.csv,2025-12末,https://www.google.com/search?q=%E4%B8%80%E8%88%AC%E8%B2%A1%E5%9B%A3%E6%B3%95%E4%BA%BA%E3%80%80%E9%BB%8E%E6%98%8E%E9%83%B7%E3%80%80%E4%BB%8B%E8%AD%B7%E8%80%81%E4%BA%BA%E4%BF%9D%E5%81%A5%E6%96%BD%E8%A8%AD%E3%80%80%E3%81%A4%E3%81%8C%E3%82%8B%20%E5%B9%B3%E5%B7%9D%E5%B8%82
外ヶ浜町介護老人保健施設たんぽぽ,短期入所療養介護_老健,青森県,外ヶ浜町,"介護,短期入所療養介護_老健,リハビリ,一時利用",短期入所療養介護_老健の公式オープンデータから取り込んだ候補です。詳細は公式情報・電話・見学で確認してください。,https://www.google.com/search?q=%E5%A4%96%E3%83%B6%E6%B5%9C%E7%94%BA%E4%BB%8B%E8%AD%B7%E8%80%81%E4%BA%BA%E4%BF%9D%E5%81%A5%E6%96%BD%E8%A8%AD%E3%81%9F%E3%82%93%E3%81%BD%E3%81%BD%20%E5%A4%96%E3%83%B6%E6%B5%9C%E7%94%BA,青森県東津軽郡外ヶ浜町下蟹田４２番地１,0174-22-3070,厚生労働省オープンデータ,https://www.mhlw.go.jp/content/12300000/jigyosho_220.csv,2025-12末,https://www.google.com/search?q=%E5%A4%96%E3%83%B6%E6%B5%9C%E7%94%BA%E4%BB%8B%E8%AD%B7%E8%80%81%E4%BA%BA%E4%BF%9D%E5%81%A5%E6%96%BD%E8%A8%AD%E3%81%9F%E3%82%93%E3%81%BD%E3%81%BD%20%E5%A4%96%E3%83%B6%E6%B5%9C%E7%94%BA
老人保健施設ながだい荘,短期入所療養介護_老健,青森県,鰺ヶ沢町,"介護,短期入所療養介護_老健,リハビリ,一時利用",短期入所療養介護_老健の公式オープンデータから取り込んだ候補です。詳細は公式情報・電話・見学で確認してください。,http://otowakai.or.jp/,青森県西津軽郡鯵ヶ沢町大字長平町字甲音羽山６５－４１２,0173-72-1122,厚生労働省オープンデータ,https://www.mhlw.go.jp/content/12300000/jigyosho_220.csv,2025-12末,https://www.google.com/search?q=%E8%80%81%E4%BA%BA%E4%BF%9D%E5%81%A5%E6%96%BD%E8%A8%AD%E3%81%AA%E3%81%8C%E3%81%A0%E3%81%84%E8%8D%98%20%E9%B0%BA%E3%83%B6%E6%B2%A2%E7%94%BA
介護老人保健施設　湖水荘,短期入所療養介護_老健,青森県,鶴田町,"介護,短期入所療養介護_老健,リハビリ,一時利用",短期入所療養介護_老健の公式オープンデータから取り込んだ候補です。詳細は公式情報・電話・見学で確認してください。,https://www.google.com/search?q=%E4%BB%8B%E8%AD%B7%E8%80%81%E4%BA%BA%E4%BF%9D%E5%81%A5%E6%96%BD%E8%A8%AD%E3%80%80%E6%B9%96%E6%B0%B4%E8%8D%98%20%E9%B6%B4%E7%94%B0%E7%94%BA,青森県北津軽郡鶴田町大字廻堰字東下山９１番地２,0173-22-5694,厚生労働省オープンデータ,https://www.mhlw.go.jp/content/12300000/jigyosho_220.csv,2025-12末,https://www.google.com/search?q=%E4%BB%8B%E8%AD%B7%E8%80%81%E4%BA%BA%E4%BF%9D%E5%81%A5%E6%96%BD%E8%A8%AD%E3%80%80%E6%B9%96%E6%B0%B4%E8%8D%98%20%E9%B6%B4%E7%94%B0%E7%94%BA
介護老人保健施設　えぼし,短期入所療養介護_老健,青森県,野辺地町,"介護,短期入所療養介護_老健,リハビリ,一時利用",短期入所療養介護_老健の公式オープンデータから取り込んだ候補です。詳細は公式情報・電話・見学で確認してください。,www.tenjuen.net,青森県上北郡野辺地町字川目88-1,0175-65-2666,厚生労働省オープンデータ,https://www.mhlw.go.jp/content/12300000/jigyosho_220.csv,2025-12末,https://www.google.com/search?q=%E4%BB%8B%E8%AD%B7%E8%80%81%E4%BA%BA%E4%BF%9D%E5%81%A5%E6%96%BD%E8%A8%AD%E3%80%80%E3%81%88%E3%81%BC%E3%81%97%20%E9%87%8E%E8%BE%BA%E5%9C%B0%E7%94%BA
介護老人保健施設　のへじ,短期入所療養介護_老健,青森県,野辺地町,"介護,短期入所療養介護_老健,リハビリ,一時利用",短期入所療養介護_老健の公式オープンデータから取り込んだ候補です。詳細は公式情報・電話・見学で確認してください。,http://www.fukushinosato.com,青森県上北郡野辺地町字餅粟川原4,0175-65-2333,厚生労働省オープンデータ,https://www.mhlw.go.jp/content/12300000/jigyosho_220.csv,2025-12末,https://www.google.com/search?q=%E4%BB%8B%E8%AD%B7%E8%80%81%E4%BA%BA%E4%BF%9D%E5%81%A5%E6%96%BD%E8%A8%AD%E3%80%80%E3%81%AE%E3%81%B8%E3%81%98%20%E9%87%8E%E8%BE%BA%E5%9C%B0%E7%94%BA
介護老人保健施設　ナーシングセンター柏葉,短期入所療養介護_老健,青森県,七戸町,"介護,短期入所療養介護_老健,リハビリ,一時利用",短期入所療養介護_老健の公式オープンデータから取り込んだ候補です。詳細は公式情報・電話・見学で確認してください。,http：//kenjinkaikashiwaba.jp,青森県上北郡七戸町字笊田川久保100-1,0176-62-2200,厚生労働省オープンデータ,https://www.mhlw.go.jp/content/12300000/jigyosho_220.csv,2025-12末,https://www.google.com/search?q=%E4%BB%8B%E8%AD%B7%E8%80%81%E4%BA%BA%E4%BF%9D%E5%81%A5%E6%96%BD%E8%A8%AD%E3%80%80%E3%83%8A%E3%83%BC%E3%82%B7%E3%83%B3%E3%82%B0%E3%82%BB%E3%83%B3%E3%82%BF%E3%83%BC%E6%9F%8F%E8%91%89%20%E4%B8%83%E6%88%B8%E7%94%BA
六ヶ所村介護老人保健施設ニッコウキスゲ,短期入所療養介護_老健,青森県,六ヶ所村,"介護,短期入所療養介護_老健,リハビリ,一時利用",短期入所療養介護_老健の公式オープンデータから取り込んだ候補です。詳細は公式情報・電話・見学で確認してください。,http://rokkasyo.jadecom.or.jp,青森県上北郡六ヶ所村大字尾駮字野附986-4,0175-73-7200,厚生労働省オープンデータ,https://www.mhlw.go.jp/content/12300000/jigyosho_220.csv,2025-12末,https://www.google.com/search?q=%E5%85%AD%E3%83%B6%E6%89%80%E6%9D%91%E4%BB%8B%E8%AD%B7%E8%80%81%E4%BA%BA%E4%BF%9D%E5%81%A5%E6%96%BD%E8%A8%AD%E3%83%8B%E3%83%83%E3%82%B3%E3%82%A6%E3%82%AD%E3%82%B9%E3%82%B2%20%E5%85%AD%E3%83%B6%E6%89%80%E6%9D%91
介護老人保健施設しもだ,短期入所療養介護_老健,青森県,おいらせ町,"介護,短期入所療養介護_老健,リハビリ,一時利用",短期入所療養介護_老健の公式オープンデータから取り込んだ候補です。詳細は公式情報・電話・見学で確認してください。,https://www.sg-shimoda.org/,青森県上北郡おいらせ町山崎2592-7,0178-56-4888,厚生労働省オープンデータ,https://www.mhlw.go.jp/content/12300000/jigyosho_220.csv,2025-12末,https://www.google.com/search?q=%E4%BB%8B%E8%AD%B7%E8%80%81%E4%BA%BA%E4%BF%9D%E5%81%A5%E6%96%BD%E8%A8%AD%E3%81%97%E3%82%82%E3%81%A0%20%E3%81%8A%E3%81%84%E3%82%89%E3%81%9B%E7%94%BA
東通村介護老人保健施設「のはなしょうぶ」,短期入所療養介護_老健,青森県,東通村,"介護,短期入所療養介護_老健,リハビリ,一時利用",短期入所療養介護_老健の公式オープンデータから取り込んだ候補です。詳細は公式情報・電話・見学で確認してください。,https://higashidori.jadecom.or.jp/,青森県下北郡東通村砂子又字里１７番地２,0175-28-5400,厚生労働省オープンデータ,https://www.mhlw.go.jp/content/12300000/jigyosho_220.csv,2025-12末,https://www.google.com/search?q=%E6%9D%B1%E9%80%9A%E6%9D%91%E4%BB%8B%E8%AD%B7%E8%80%81%E4%BA%BA%E4%BF%9D%E5%81%A5%E6%96%BD%E8%A8%AD%E3%80%8C%E3%81%AE%E3%81%AF%E3%81%AA%E3%81%97%E3%82%87%E3%81%86%E3%81%B6%E3%80%8D%20%E6%9D%B1%E9%80%9A%E6%9D%91
老人保健施設ほほえみ三戸,短期入所療養介護_老健,青森県,三戸町,"介護,短期入所療養介護_老健,リハビリ,一時利用",短期入所療養介護_老健の公式オープンデータから取り込んだ候補です。詳細は公式情報・電話・見学で確認してください。,https://hohoemi-sannohe.com/,青森県三戸郡三戸町大字同心町字諏訪内１０番地,0179-23-5050,厚生労働省オープンデータ,https://www.mhlw.go.jp/content/12300000/jigyosho_220.csv,2025-12末,https://www.google.com/search?q=%E8%80%81%E4%BA%BA%E4%BF%9D%E5%81%A5%E6%96%BD%E8%A8%AD%E3%81%BB%E3%81%BB%E3%81%88%E3%81%BF%E4%B8%89%E6%88%B8%20%E4%B8%89%E6%88%B8%E7%94%BA
田子町介護老人保健施設　老健たっこ,短期入所療養介護_老健,青森県,田子町,"介護,短期入所療養介護_老健,リハビリ,一時利用",短期入所療養介護_老健の公式オープンデータから取り込んだ候補です。詳細は公式情報・電話・見学で確認してください。,https://www.google.com/search?q=%E7%94%B0%E5%AD%90%E7%94%BA%E4%BB%8B%E8%AD%B7%E8%80%81%E4%BA%BA%E4%BF%9D%E5%81%A5%E6%96%BD%E8%A8%AD%E3%80%80%E8%80%81%E5%81%A5%E3%81%9F%E3%81%A3%E3%81%93%20%E7%94%B0%E5%AD%90%E7%94%BA,青森県三戸郡田子町大字田子字前田２－１７,0179-32-3172,厚生労働省オープンデータ,https://www.mhlw.go.jp/content/12300000/jigyosho_220.csv,2025-12末,https://www.google.com/search?q=%E7%94%B0%E5%AD%90%E7%94%BA%E4%BB%8B%E8%AD%B7%E8%80%81%E4%BA%BA%E4%BF%9D%E5%81%A5%E6%96%BD%E8%A8%AD%E3%80%80%E8%80%81%E5%81%A5%E3%81%9F%E3%81%A3%E3%81%93%20%E7%94%B0%E5%AD%90%E7%94%BA
介護老人保健施設　孔明荘,短期入所療養介護_老健,青森県,南部町,"介護,短期入所療養介護_老健,リハビリ,一時利用",短期入所療養介護_老健の公式オープンデータから取り込んだ候補です。詳細は公式情報・電話・見学で確認してください。,http://komeisou.or.jp/,青森県三戸郡南部町大字苫米地字蒼前11番1,0178-84-3333,厚生労働省オープンデータ,https://www.mhlw.go.jp/content/12300000/jigyosho_220.csv,2025-12末,https://www.google.com/search?q=%E4%BB%8B%E8%AD%B7%E8%80%81%E4%BA%BA%E4%BF%9D%E5%81%A5%E6%96%BD%E8%A8%AD%E3%80%80%E5%AD%94%E6%98%8E%E8%8D%98%20%E5%8D%97%E9%83%A8%E7%94%BA
医療法人　瑞翔会　旭日クリニック,短期入所療養介護_病院等,青森県,東北町,"介護,短期入所療養介護_病院等,医療,一時利用",入院・治療・退院支援の相談先になる医療機関です。退院先の調整は担当看護師や医療相談員に確認してください。,http://asahi-clinic.jp,青森県上北郡東北町大字上野字南谷地258番地1,0176-58-2050,厚生労働省オープンデータ,https://www.mhlw.go.jp/content/12300000/jigyosho_230.csv,2025-12末,https://www.google.com/search?q=%E5%8C%BB%E7%99%82%E6%B3%95%E4%BA%BA%E3%80%80%E7%91%9E%E7%BF%94%E4%BC%9A%E3%80%80%E6%97%AD%E6%97%A5%E3%82%AF%E3%83%AA%E3%83%8B%E3%83%83%E3%82%AF%20%E6%9D%B1%E5%8C%97%E7%94%BA
グループホーム　たもぎの,グループホーム,青森県,青森市,"介護,グループホーム,認知症",認知症のある方が少人数で生活する施設です。要支援・要介護度や地域要件を確認します。,http://www.toushien.or.jp/index.html,青森市大字幸畑字阿部野50-1,017-738-6660,厚生労働省オープンデータ,https://www.mhlw.go.jp/content/12300000/jigyosho_320.csv,2025-12末,https://www.google.com/search?q=%E3%82%B0%E3%83%AB%E3%83%BC%E3%83%97%E3%83%9B%E3%83%BC%E3%83%A0%E3%80%80%E3%81%9F%E3%82%82%E3%81%8E%E3%81%AE%20%E9%9D%92%E6%A3%AE%E5%B8%82
グループホーム　星遊荘,グループホーム,青森県,青森市,"介護,グループホーム,認知症",認知症のある方が少人数で生活する施設です。要支援・要介護度や地域要件を確認します。,https://www.google.com/search?q=%E3%82%B0%E3%83%AB%E3%83%BC%E3%83%97%E3%83%9B%E3%83%BC%E3%83%A0%E3%80%80%E6%98%9F%E9%81%8A%E8%8D%98%20%E9%9D%92%E6%A3%AE%E5%B8%82,青森市大字諏訪沢字丸山６３番地２,017-726-8500,厚生労働省オープンデータ,https://www.mhlw.go.jp/content/12300000/jigyosho_320.csv,2025-12末,https://www.google.com/search?q=%E3%82%B0%E3%83%AB%E3%83%BC%E3%83%97%E3%83%9B%E3%83%BC%E3%83%A0%E3%80%80%E6%98%9F%E9%81%8A%E8%8D%98%20%E9%9D%92%E6%A3%AE%E5%B8%82
グループホーム　こうばた,グループホーム,青森県,青森市,"介護,グループホーム,認知症",認知症のある方が少人数で生活する施設です。要支援・要介護度や地域要件を確認します。,http://www.toushien.or.jp/index.html,青森市大字幸畑字谷脇214-1,017-738-8080,厚生労働省オープンデータ,https://www.mhlw.go.jp/content/12300000/jigyosho_320.csv,2025-12末,https://www.google.com/search?q=%E3%82%B0%E3%83%AB%E3%83%BC%E3%83%97%E3%83%9B%E3%83%BC%E3%83%A0%E3%80%80%E3%81%93%E3%81%86%E3%81%B0%E3%81%9F%20%E9%9D%92%E6%A3%AE%E5%B8%82
グループホーム　千代の郷,グループホーム,青森県,青森市,"介護,グループホーム,認知症",認知症のある方が少人数で生活する施設です。要支援・要介護度や地域要件を確認します。,http://www.wakouen.or.jp,青森県青森市大字矢田字下野尻48-4,017-737-0810,厚生労働省オープンデータ,https://www.mhlw.go.jp/content/12300000/jigyosho_320.csv,2025-12末,https://www.google.com/search?q=%E3%82%B0%E3%83%AB%E3%83%BC%E3%83%97%E3%83%9B%E3%83%BC%E3%83%A0%E3%80%80%E5%8D%83%E4%BB%A3%E3%81%AE%E9%83%B7%20%E9%9D%92%E6%A3%AE%E5%B8%82
グループホーム　ミントとやま,グループホーム,青森県,青森市,"介護,グループホーム,認知症",認知症のある方が少人数で生活する施設です。要支援・要介護度や地域要件を確認します。,http://www.lifesaver.co.jp,青森市赤坂１丁目１２－１１,017-744-4591,厚生労働省オープンデータ,https://www.mhlw.go.jp/content/12300000/jigyosho_320.csv,2025-12末,https://www.google.com/search?q=%E3%82%B0%E3%83%AB%E3%83%BC%E3%83%97%E3%83%9B%E3%83%BC%E3%83%A0%E3%80%80%E3%83%9F%E3%83%B3%E3%83%88%E3%81%A8%E3%82%84%E3%81%BE%20%E9%9D%92%E6%A3%AE%E5%B8%82
グループ住宅さわやか,グループホーム,青森県,青森市,"介護,グループホーム,認知症",認知症のある方が少人数で生活する施設です。要支援・要介護度や地域要件を確認します。,https://www.google.com/search?q=%E3%82%B0%E3%83%AB%E3%83%BC%E3%83%97%E4%BD%8F%E5%AE%85%E3%81%95%E3%82%8F%E3%82%84%E3%81%8B%20%E9%9D%92%E6%A3%AE%E5%B8%82,青森県青森市中佃1丁目２６－１,017-744-7670,厚生労働省オープンデータ,https://www.mhlw.go.jp/content/12300000/jigyosho_320.csv,2025-12末,https://www.google.com/search?q=%E3%82%B0%E3%83%AB%E3%83%BC%E3%83%97%E4%BD%8F%E5%AE%85%E3%81%95%E3%82%8F%E3%82%84%E3%81%8B%20%E9%9D%92%E6%A3%AE%E5%B8%82
グループホーム宮田館,グループホーム,青森県,青森市,"介護,グループホーム,認知症",認知症のある方が少人数で生活する施設です。要支援・要介護度や地域要件を確認します。,https://www.google.com/search?q=%E3%82%B0%E3%83%AB%E3%83%BC%E3%83%97%E3%83%9B%E3%83%BC%E3%83%A0%E5%AE%AE%E7%94%B0%E9%A4%A8%20%E9%9D%92%E6%A3%AE%E5%B8%82,青森市大字宮田字玉水２３８番地４,017-726-2737,厚生労働省オープンデータ,https://www.mhlw.go.jp/content/12300000/jigyosho_320.csv,2025-12末,https://www.google.com/search?q=%E3%82%B0%E3%83%AB%E3%83%BC%E3%83%97%E3%83%9B%E3%83%BC%E3%83%A0%E5%AE%AE%E7%94%B0%E9%A4%A8%20%E9%9D%92%E6%A3%AE%E5%B8%82
グループホーム上磯,グループホーム,青森県,青森市,"介護,グループホーム,認知症",認知症のある方が少人数で生活する施設です。要支援・要介護度や地域要件を確認します。,https://www.google.com/search?q=%E3%82%B0%E3%83%AB%E3%83%BC%E3%83%97%E3%83%9B%E3%83%BC%E3%83%A0%E4%B8%8A%E7%A3%AF%20%E9%9D%92%E6%A3%AE%E5%B8%82,青森県青森市大字飛鳥字塩越４番地１,017-752-8155,厚生労働省オープンデータ,https://www.mhlw.go.jp/content/12300000/jigyosho_320.csv,2025-12末,https://www.google.com/search?q=%E3%82%B0%E3%83%AB%E3%83%BC%E3%83%97%E3%83%9B%E3%83%BC%E3%83%A0%E4%B8%8A%E7%A3%AF%20%E9%9D%92%E6%A3%AE%E5%B8%82
社団法人慈恵会　グループホームあおいもり,グループホーム,青森県,青森市,"介護,グループホーム,認知症",認知症のある方が少人数で生活する施設です。要支援・要介護度や地域要件を確認します。,www.jikei-kai.org/gh-aoimori/index.html,青森市大字大谷字山ノ内16-3,017-762-5222,厚生労働省オープンデータ,https://www.mhlw.go.jp/content/12300000/jigyosho_320.csv,2025-12末,https://www.google.com/search?q=%E7%A4%BE%E5%9B%A3%E6%B3%95%E4%BA%BA%E6%85%88%E6%81%B5%E4%BC%9A%E3%80%80%E3%82%B0%E3%83%AB%E3%83%BC%E3%83%97%E3%83%9B%E3%83%BC%E3%83%A0%E3%81%82%E3%81%8A%E3%81%84%E3%82%82%E3%82%8A%20%E9%9D%92%E6%A3%AE%E5%B8%82
グループホーム　ふれあい,グループホーム,青森県,青森市,"介護,グループホーム,認知症",認知症のある方が少人数で生活する施設です。要支援・要介護度や地域要件を確認します。,ghhureai@ec2.technowave.ne.jp,青森市小柳１丁目１７番１7号,017-765-5177,厚生労働省オープンデータ,https://www.mhlw.go.jp/content/12300000/jigyosho_320.csv,2025-12末,https://www.google.com/search?q=%E3%82%B0%E3%83%AB%E3%83%BC%E3%83%97%E3%83%9B%E3%83%BC%E3%83%A0%E3%80%80%E3%81%B5%E3%82%8C%E3%81%82%E3%81%84%20%E9%9D%92%E6%A3%AE%E5%B8%82
すかいグループホーム,グループホーム,青森県,青森市,"介護,グループホーム,認知症",認知症のある方が少人数で生活する施設です。要支援・要介護度や地域要件を確認します。,sky-p@dream.ocn.ne.jp,青森市花園２丁目４４番地７,017-765-2666,厚生労働省オープンデータ,https://www.mhlw.go.jp/content/12300000/jigyosho_320.csv,2025-12末,https://www.google.com/search?q=%E3%81%99%E3%81%8B%E3%81%84%E3%82%B0%E3%83%AB%E3%83%BC%E3%83%97%E3%83%9B%E3%83%BC%E3%83%A0%20%E9%9D%92%E6%A3%AE%E5%B8%82
グループホーム　バンドー青森,グループホーム,青森県,青森市,"介護,グループホーム,認知症",認知症のある方が少人数で生活する施設です。要支援・要介護度や地域要件を確認します。,http://www.bwfg.co.jp/,青森県青森市栄町１丁目８－２５,017-765-2616,厚生労働省オープンデータ,https://www.mhlw.go.jp/content/12300000/jigyosho_320.csv,2025-12末,https://www.google.com/search?q=%E3%82%B0%E3%83%AB%E3%83%BC%E3%83%97%E3%83%9B%E3%83%BC%E3%83%A0%E3%80%80%E3%83%90%E3%83%B3%E3%83%89%E3%83%BC%E9%9D%92%E6%A3%AE%20%E9%9D%92%E6%A3%AE%E5%B8%82
グループホーム　ふる里の家,グループホーム,青森県,青森市,"介護,グループホーム,認知症",認知症のある方が少人数で生活する施設です。要支援・要介護度や地域要件を確認します。,http://www.geocities.jp/ghfurusatonoie/,青森県青森市大字平新田字池上１１－１０９,017-737-0356,厚生労働省オープンデータ,https://www.mhlw.go.jp/content/12300000/jigyosho_320.csv,2025-12末,https://www.google.com/search?q=%E3%82%B0%E3%83%AB%E3%83%BC%E3%83%97%E3%83%9B%E3%83%BC%E3%83%A0%E3%80%80%E3%81%B5%E3%82%8B%E9%87%8C%E3%81%AE%E5%AE%B6%20%E9%9D%92%E6%A3%AE%E5%B8%82
グループホーム　陽だまりの里,グループホーム,青森県,青森市,"介護,グループホーム,認知症",認知症のある方が少人数で生活する施設です。要支援・要介護度や地域要件を確認します。,https://www.hidamari^no^sato.com,青森県青森市大字幸畑字阿部野163-331,017-764-5670,厚生労働省オープンデータ,https://www.mhlw.go.jp/content/12300000/jigyosho_320.csv,2025-12末,https://www.google.com/search?q=%E3%82%B0%E3%83%AB%E3%83%BC%E3%83%97%E3%83%9B%E3%83%BC%E3%83%A0%E3%80%80%E9%99%BD%E3%81%A0%E3%81%BE%E3%82%8A%E3%81%AE%E9%87%8C%20%E9%9D%92%E6%A3%AE%E5%B8%82
グループホームコスモス苑,グループホーム,青森県,青森市,"介護,グループホーム,認知症",認知症のある方が少人数で生活する施設です。要支援・要介護度や地域要件を確認します。,http://cosmos2003＠ab.auone-net.jp,青森県青森市大字金浜字稲田111-1,017-729-8946,厚生労働省オープンデータ,https://www.mhlw.go.jp/content/12300000/jigyosho_320.csv,2025-12末,https://www.google.com/search?q=%E3%82%B0%E3%83%AB%E3%83%BC%E3%83%97%E3%83%9B%E3%83%BC%E3%83%A0%E3%82%B3%E3%82%B9%E3%83%A2%E3%82%B9%E8%8B%91%20%E9%9D%92%E6%A3%AE%E5%B8%82
グループホーム　サニーライフ,グループホーム,青森県,青森市,"介護,グループホーム,認知症",認知症のある方が少人数で生活する施設です。要支援・要介護度や地域要件を確認します。,https://www.google.com/search?q=%E3%82%B0%E3%83%AB%E3%83%BC%E3%83%97%E3%83%9B%E3%83%BC%E3%83%A0%E3%80%80%E3%82%B5%E3%83%8B%E3%83%BC%E3%83%A9%E3%82%A4%E3%83%95%20%E9%9D%92%E6%A3%AE%E5%B8%82,青森県青森市中央４丁目９－９,017-774-5555,厚生労働省オープンデータ,https://www.mhlw.go.jp/content/12300000/jigyosho_320.csv,2025-12末,https://www.google.com/search?q=%E3%82%B0%E3%83%AB%E3%83%BC%E3%83%97%E3%83%9B%E3%83%BC%E3%83%A0%E3%80%80%E3%82%B5%E3%83%8B%E3%83%BC%E3%83%A9%E3%82%A4%E3%83%95%20%E9%9D%92%E6%A3%AE%E5%B8%82
グループホーム　善知鳥サニー・ライフ,グループホーム,青森県,青森市,"介護,グループホーム,認知症",認知症のある方が少人数で生活する施設です。要支援・要介護度や地域要件を確認します。,http://sankyohome.jp/sunnylife/,青森県青森市佃2丁目20-18,017-765-4100,厚生労働省オープンデータ,https://www.mhlw.go.jp/content/12300000/jigyosho_320.csv,2025-12末,https://www.google.com/search?q=%E3%82%B0%E3%83%AB%E3%83%BC%E3%83%97%E3%83%9B%E3%83%BC%E3%83%A0%E3%80%80%E5%96%84%E7%9F%A5%E9%B3%A5%E3%82%B5%E3%83%8B%E3%83%BC%E3%83%BB%E3%83%A9%E3%82%A4%E3%83%95%20%E9%9D%92%E6%A3%AE%E5%B8%82
社団法人慈恵会　グループホーム新城,グループホーム,青森県,青森市,"介護,グループホーム,認知症",認知症のある方が少人数で生活する施設です。要支援・要介護度や地域要件を確認します。,jikei-kai.org,青森県青森市大字新城字平岡２５８－９,017-787-0300,厚生労働省オープンデータ,https://www.mhlw.go.jp/content/12300000/jigyosho_320.csv,2025-12末,https://www.google.com/search?q=%E7%A4%BE%E5%9B%A3%E6%B3%95%E4%BA%BA%E6%85%88%E6%81%B5%E4%BC%9A%E3%80%80%E3%82%B0%E3%83%AB%E3%83%BC%E3%83%97%E3%83%9B%E3%83%BC%E3%83%A0%E6%96%B0%E5%9F%8E%20%E9%9D%92%E6%A3%AE%E5%B8%82
グループホーム　せんじゅ園,グループホーム,青森県,青森市,"介護,グループホーム,認知症",認知症のある方が少人数で生活する施設です。要支援・要介護度や地域要件を確認します。,http://care-net.biz/02/senjyu/,青森県青森市篠田２丁目１１－８,017-783-2887,厚生労働省オープンデータ,https://www.mhlw.go.jp/content/12300000/jigyosho_320.csv,2025-12末,https://www.google.com/search?q=%E3%82%B0%E3%83%AB%E3%83%BC%E3%83%97%E3%83%9B%E3%83%BC%E3%83%A0%E3%80%80%E3%81%9B%E3%82%93%E3%81%98%E3%82%85%E5%9C%92%20%E9%9D%92%E6%A3%AE%E5%B8%82
グループホーム　サンライフ善知鳥,グループホーム,青森県,青森市,"介護,グループホーム,認知症",認知症のある方が少人数で生活する施設です。要支援・要介護度や地域要件を確認します。,http://sankyohome.jp/sunlife/,青森県青森市古舘1丁目13-26,017-765-5217,厚生労働省オープンデータ,https://www.mhlw.go.jp/content/12300000/jigyosho_320.csv,2025-12末,https://www.google.com/search?q=%E3%82%B0%E3%83%AB%E3%83%BC%E3%83%97%E3%83%9B%E3%83%BC%E3%83%A0%E3%80%80%E3%82%B5%E3%83%B3%E3%83%A9%E3%82%A4%E3%83%95%E5%96%84%E7%9F%A5%E9%B3%A5%20%E9%9D%92%E6%A3%AE%E5%B8%82
医療法人　白鴎会　まちだパークホーム,グループホーム,青森県,青森市,"介護,グループホーム,認知症",認知症のある方が少人数で生活する施設です。要支援・要介護度や地域要件を確認します。,https://www.google.com/search?q=%E5%8C%BB%E7%99%82%E6%B3%95%E4%BA%BA%E3%80%80%E7%99%BD%E9%B4%8E%E4%BC%9A%E3%80%80%E3%81%BE%E3%81%A1%E3%81%A0%E3%83%91%E3%83%BC%E3%82%AF%E3%83%9B%E3%83%BC%E3%83%A0%20%E9%9D%92%E6%A3%AE%E5%B8%82,青森市大字羽白字野木和93-1,017-788-9300,厚生労働省オープンデータ,https://www.mhlw.go.jp/content/12300000/jigyosho_320.csv,2025-12末,https://www.google.com/search?q=%E5%8C%BB%E7%99%82%E6%B3%95%E4%BA%BA%E3%80%80%E7%99%BD%E9%B4%8E%E4%BC%9A%E3%80%80%E3%81%BE%E3%81%A1%E3%81%A0%E3%83%91%E3%83%BC%E3%82%AF%E3%83%9B%E3%83%BC%E3%83%A0%20%E9%9D%92%E6%A3%AE%E5%B8%82
桃源,グループホーム,青森県,青森市,"介護,グループホーム,認知症",認知症のある方が少人数で生活する施設です。要支援・要介護度や地域要件を確認します。,http://www2.actv.ne.jp/~tougen1/,造道三丁目21番地21号,017-765-6175,厚生労働省オープンデータ,https://www.mhlw.go.jp/content/12300000/jigyosho_320.csv,2025-12末,https://www.google.com/search?q=%E6%A1%83%E6%BA%90%20%E9%9D%92%E6%A3%AE%E5%B8%82
グループホーム三内丸山,グループホーム,青森県,青森市,"介護,グループホーム,認知症",認知症のある方が少人数で生活する施設です。要支援・要介護度や地域要件を確認します。,http://g-maruyama.jp,青森市大字三内字沢部305-4,017-783-4748,厚生労働省オープンデータ,https://www.mhlw.go.jp/content/12300000/jigyosho_320.csv,2025-12末,https://www.google.com/search?q=%E3%82%B0%E3%83%AB%E3%83%BC%E3%83%97%E3%83%9B%E3%83%BC%E3%83%A0%E4%B8%89%E5%86%85%E4%B8%B8%E5%B1%B1%20%E9%9D%92%E6%A3%AE%E5%B8%82
認知症対応型グループホーム　あんしんハウス,グループホーム,青森県,青森市,"介護,グループホーム,認知症",認知症のある方が少人数で生活する施設です。要支援・要介護度や地域要件を確認します。,http://kanehama.jp/,青森市大字大野字若宮１５１番地１９,017-739-1477,厚生労働省オープンデータ,https://www.mhlw.go.jp/content/12300000/jigyosho_320.csv,2025-12末,https://www.google.com/search?q=%E8%AA%8D%E7%9F%A5%E7%97%87%E5%AF%BE%E5%BF%9C%E5%9E%8B%E3%82%B0%E3%83%AB%E3%83%BC%E3%83%97%E3%83%9B%E3%83%BC%E3%83%A0%E3%80%80%E3%81%82%E3%82%93%E3%81%97%E3%82%93%E3%83%8F%E3%82%A6%E3%82%B9%20%E9%9D%92%E6%A3%AE%E5%B8%82
グループホーム蛍,グループホーム,青森県,青森市,"介護,グループホーム,認知症",認知症のある方が少人数で生活する施設です。要支援・要介護度や地域要件を確認します。,https://www.google.com/search?q=%E3%82%B0%E3%83%AB%E3%83%BC%E3%83%97%E3%83%9B%E3%83%BC%E3%83%A0%E8%9B%8D%20%E9%9D%92%E6%A3%AE%E5%B8%82,青森市浅虫字蛍谷327-.3,017-752-3700,厚生労働省オープンデータ,https://www.mhlw.go.jp/content/12300000/jigyosho_320.csv,2025-12末,https://www.google.com/search?q=%E3%82%B0%E3%83%AB%E3%83%BC%E3%83%97%E3%83%9B%E3%83%BC%E3%83%A0%E8%9B%8D%20%E9%9D%92%E6%A3%AE%E5%B8%82
グループホーム　ブロンディ,グループホーム,青森県,青森市,"介護,グループホーム,認知症",認知症のある方が少人数で生活する施設です。要支援・要介護度や地域要件を確認します。,https://www.google.com/search?q=%E3%82%B0%E3%83%AB%E3%83%BC%E3%83%97%E3%83%9B%E3%83%BC%E3%83%A0%E3%80%80%E3%83%96%E3%83%AD%E3%83%B3%E3%83%87%E3%82%A3%20%E9%9D%92%E6%A3%AE%E5%B8%82,青森市東大野1丁目21－2,017-762-3901,厚生労働省オープンデータ,https://www.mhlw.go.jp/content/12300000/jigyosho_320.csv,2025-12末,https://www.google.com/search?q=%E3%82%B0%E3%83%AB%E3%83%BC%E3%83%97%E3%83%9B%E3%83%BC%E3%83%A0%E3%80%80%E3%83%96%E3%83%AD%E3%83%B3%E3%83%87%E3%82%A3%20%E9%9D%92%E6%A3%AE%E5%B8%82
グループホームえにしの家,グループホーム,青森県,青森市,"介護,グループホーム,認知症",認知症のある方が少人数で生活する施設です。要支援・要介護度や地域要件を確認します。,https://www.google.com/search?q=%E3%82%B0%E3%83%AB%E3%83%BC%E3%83%97%E3%83%9B%E3%83%BC%E3%83%A0%E3%81%88%E3%81%AB%E3%81%97%E3%81%AE%E5%AE%B6%20%E9%9D%92%E6%A3%AE%E5%B8%82,青森市浪岡大字浪岡字佐野１４－１,0172-62-4724,厚生労働省オープンデータ,https://www.mhlw.go.jp/content/12300000/jigyosho_320.csv,2025-12末,https://www.google.com/search?q=%E3%82%B0%E3%83%AB%E3%83%BC%E3%83%97%E3%83%9B%E3%83%BC%E3%83%A0%E3%81%88%E3%81%AB%E3%81%97%E3%81%AE%E5%AE%B6%20%E9%9D%92%E6%A3%AE%E5%B8%82
グループホーム小春びより１号館,グループホーム,青森県,青森市,"介護,グループホーム,認知症",認知症のある方が少人数で生活する施設です。要支援・要介護度や地域要件を確認します。,http://www.jinsenkai.com,青森県三戸郡新郷村大字戸来字金ヶ沢森ノ下２４,0178-61-7788,厚生労働省オープンデータ,https://www.mhlw.go.jp/content/12300000/jigyosho_320.csv,2025-12末,https://www.google.com/search?q=%E3%82%B0%E3%83%AB%E3%83%BC%E3%83%97%E3%83%9B%E3%83%BC%E3%83%A0%E5%B0%8F%E6%98%A5%E3%81%B3%E3%82%88%E3%82%8A%EF%BC%91%E5%8F%B7%E9%A4%A8%20%E9%9D%92%E6%A3%AE%E5%B8%82
グループホームみずばしょう苑,グループホーム,青森県,青森市,"介護,グループホーム,認知症",認知症のある方が少人数で生活する施設です。要支援・要介護度や地域要件を確認します。,http://www.mizubasyouen.com/,青森市原別5-7-2,017-736-7250,厚生労働省オープンデータ,https://www.mhlw.go.jp/content/12300000/jigyosho_320.csv,2025-12末,https://www.google.com/search?q=%E3%82%B0%E3%83%AB%E3%83%BC%E3%83%97%E3%83%9B%E3%83%BC%E3%83%A0%E3%81%BF%E3%81%9A%E3%81%B0%E3%81%97%E3%82%87%E3%81%86%E8%8B%91%20%E9%9D%92%E6%A3%AE%E5%B8%82
グループホームまりあ,グループホーム,青森県,青森市,"介護,グループホーム,認知症",認知症のある方が少人数で生活する施設です。要支援・要介護度や地域要件を確認します。,https://www.google.com/search?q=%E3%82%B0%E3%83%AB%E3%83%BC%E3%83%97%E3%83%9B%E3%83%BC%E3%83%A0%E3%81%BE%E3%82%8A%E3%81%82%20%E9%9D%92%E6%A3%AE%E5%B8%82,青森県青森市大字浅虫字内野53番2,017-737-5067,厚生労働省オープンデータ,https://www.mhlw.go.jp/content/12300000/jigyosho_320.csv,2025-12末,https://www.google.com/search?q=%E3%82%B0%E3%83%AB%E3%83%BC%E3%83%97%E3%83%9B%E3%83%BC%E3%83%A0%E3%81%BE%E3%82%8A%E3%81%82%20%E9%9D%92%E6%A3%AE%E5%B8%82
グループホームあべの,グループホーム,青森県,青森市,"介護,グループホーム,認知症",認知症のある方が少人数で生活する施設です。要支援・要介護度や地域要件を確認します。,http://www.toushien.or.jp/index.html,青森市大字幸畑字阿部野163-112,017-738-6700,厚生労働省オープンデータ,https://www.mhlw.go.jp/content/12300000/jigyosho_320.csv,2025-12末,https://www.google.com/search?q=%E3%82%B0%E3%83%AB%E3%83%BC%E3%83%97%E3%83%9B%E3%83%BC%E3%83%A0%E3%81%82%E3%81%B9%E3%81%AE%20%E9%9D%92%E6%A3%AE%E5%B8%82
サングループホーム横内,グループホーム,青森県,青森市,"介護,グループホーム,認知症",認知症のある方が少人数で生活する施設です。要支援・要介護度や地域要件を確認します。,https://www.google.com/search?q=%E3%82%B5%E3%83%B3%E3%82%B0%E3%83%AB%E3%83%BC%E3%83%97%E3%83%9B%E3%83%BC%E3%83%A0%E6%A8%AA%E5%86%85%20%E9%9D%92%E6%A3%AE%E5%B8%82,青森市横内字若草１３－２,017-728-0001,厚生労働省オープンデータ,https://www.mhlw.go.jp/content/12300000/jigyosho_320.csv,2025-12末,https://www.google.com/search?q=%E3%82%B5%E3%83%B3%E3%82%B0%E3%83%AB%E3%83%BC%E3%83%97%E3%83%9B%E3%83%BC%E3%83%A0%E6%A8%AA%E5%86%85%20%E9%9D%92%E6%A3%AE%E5%B8%82
グループホームながしま,グループホーム,青森県,青森市,"介護,グループホーム,認知症",認知症のある方が少人数で生活する施設です。要支援・要介護度や地域要件を確認します。,https://www.google.com/search?q=%E3%82%B0%E3%83%AB%E3%83%BC%E3%83%97%E3%83%9B%E3%83%BC%E3%83%A0%E3%81%AA%E3%81%8C%E3%81%97%E3%81%BE%20%E9%9D%92%E6%A3%AE%E5%B8%82,青森市中央３丁目１－３,017-723-7466,厚生労働省オープンデータ,https://www.mhlw.go.jp/content/12300000/jigyosho_320.csv,2025-12末,https://www.google.com/search?q=%E3%82%B0%E3%83%AB%E3%83%BC%E3%83%97%E3%83%9B%E3%83%BC%E3%83%A0%E3%81%AA%E3%81%8C%E3%81%97%E3%81%BE%20%E9%9D%92%E6%A3%AE%E5%B8%82
グループホーム　ゆめの森,グループホーム,青森県,青森市,"介護,グループホーム,認知症",認知症のある方が少人数で生活する施設です。要支援・要介護度や地域要件を確認します。,https://yumenomori.wixsite.com/website,青森県青森市大字横内字神田38番地1,017-728-6266,厚生労働省オープンデータ,https://www.mhlw.go.jp/content/12300000/jigyosho_320.csv,2025-12末,https://www.google.com/search?q=%E3%82%B0%E3%83%AB%E3%83%BC%E3%83%97%E3%83%9B%E3%83%BC%E3%83%A0%E3%80%80%E3%82%86%E3%82%81%E3%81%AE%E6%A3%AE%20%E9%9D%92%E6%A3%AE%E5%B8%82
グループホーム　青空倶楽部　奥野館,グループホーム,青森県,青森市,"介護,グループホーム,認知症",認知症のある方が少人数で生活する施設です。要支援・要介護度や地域要件を確認します。,http://aozoraclub.com/,青森市奥野２丁目２７番１０号,017-763-4577,厚生労働省オープンデータ,https://www.mhlw.go.jp/content/12300000/jigyosho_320.csv,2025-12末,https://www.google.com/search?q=%E3%82%B0%E3%83%AB%E3%83%BC%E3%83%97%E3%83%9B%E3%83%BC%E3%83%A0%E3%80%80%E9%9D%92%E7%A9%BA%E5%80%B6%E6%A5%BD%E9%83%A8%E3%80%80%E5%A5%A5%E9%87%8E%E9%A4%A8%20%E9%9D%92%E6%A3%AE%E5%B8%82
グループホーム　えにしの里,グループホーム,青森県,青森市,"介護,グループホーム,認知症",認知症のある方が少人数で生活する施設です。要支援・要介護度や地域要件を確認します。,https://www.google.com/search?q=%E3%82%B0%E3%83%AB%E3%83%BC%E3%83%97%E3%83%9B%E3%83%BC%E3%83%A0%E3%80%80%E3%81%88%E3%81%AB%E3%81%97%E3%81%AE%E9%87%8C%20%E9%9D%92%E6%A3%AE%E5%B8%82,青森市浪岡大字北中野字北畠27,0172-69-1336,厚生労働省オープンデータ,https://www.mhlw.go.jp/content/12300000/jigyosho_320.csv,2025-12末,https://www.google.com/search?q=%E3%82%B0%E3%83%AB%E3%83%BC%E3%83%97%E3%83%9B%E3%83%BC%E3%83%A0%E3%80%80%E3%81%88%E3%81%AB%E3%81%97%E3%81%AE%E9%87%8C%20%E9%9D%92%E6%A3%AE%E5%B8%82
グループホーム　おきだて,グループホーム,青森県,青森市,"介護,グループホーム,認知症",認知症のある方が少人数で生活する施設です。要支援・要介護度や地域要件を確認します。,https://www.google.com/search?q=%E3%82%B0%E3%83%AB%E3%83%BC%E3%83%97%E3%83%9B%E3%83%BC%E3%83%A0%E3%80%80%E3%81%8A%E3%81%8D%E3%81%A0%E3%81%A6%20%E9%9D%92%E6%A3%AE%E5%B8%82,青森市富田５丁目７番２１号,017-762-7550,厚生労働省オープンデータ,https://www.mhlw.go.jp/content/12300000/jigyosho_320.csv,2025-12末,https://www.google.com/search?q=%E3%82%B0%E3%83%AB%E3%83%BC%E3%83%97%E3%83%9B%E3%83%BC%E3%83%A0%E3%80%80%E3%81%8A%E3%81%8D%E3%81%A0%E3%81%A6%20%E9%9D%92%E6%A3%AE%E5%B8%82
グループホーム港町,グループホーム,青森県,青森市,"介護,グループホーム,認知症",認知症のある方が少人数で生活する施設です。要支援・要介護度や地域要件を確認します。,https://www.google.com/search?q=%E3%82%B0%E3%83%AB%E3%83%BC%E3%83%97%E3%83%9B%E3%83%BC%E3%83%A0%E6%B8%AF%E7%94%BA%20%E9%9D%92%E6%A3%AE%E5%B8%82,青森市港町2丁目15-29,017-765-3710,厚生労働省オープンデータ,https://www.mhlw.go.jp/content/12300000/jigyosho_320.csv,2025-12末,https://www.google.com/search?q=%E3%82%B0%E3%83%AB%E3%83%BC%E3%83%97%E3%83%9B%E3%83%BC%E3%83%A0%E6%B8%AF%E7%94%BA%20%E9%9D%92%E6%A3%AE%E5%B8%82
あおやぎグループホーム,グループホーム,青森県,青森市,"介護,グループホーム,認知症",認知症のある方が少人数で生活する施設です。要支援・要介護度や地域要件を確認します。,https://www.google.com/search?q=%E3%81%82%E3%81%8A%E3%82%84%E3%81%8E%E3%82%B0%E3%83%AB%E3%83%BC%E3%83%97%E3%83%9B%E3%83%BC%E3%83%A0%20%E9%9D%92%E6%A3%AE%E5%B8%82,青柳2丁目９－２８,０１７－７２１－６２２０,厚生労働省オープンデータ,https://www.mhlw.go.jp/content/12300000/jigyosho_320.csv,2025-12末,https://www.google.com/search?q=%E3%81%82%E3%81%8A%E3%82%84%E3%81%8E%E3%82%B0%E3%83%AB%E3%83%BC%E3%83%97%E3%83%9B%E3%83%BC%E3%83%A0%20%E9%9D%92%E6%A3%AE%E5%B8%82
青森第１グループホーム,グループホーム,青森県,青森市,"介護,グループホーム,認知症",認知症のある方が少人数で生活する施設です。要支援・要介護度や地域要件を確認します。,https://www.google.com/search?q=%E9%9D%92%E6%A3%AE%E7%AC%AC%EF%BC%91%E3%82%B0%E3%83%AB%E3%83%BC%E3%83%97%E3%83%9B%E3%83%BC%E3%83%A0%20%E9%9D%92%E6%A3%AE%E5%B8%82,青柳1-16-5-1,017-752-1355,厚生労働省オープンデータ,https://www.mhlw.go.jp/content/12300000/jigyosho_320.csv,2025-12末,https://www.google.com/search?q=%E9%9D%92%E6%A3%AE%E7%AC%AC%EF%BC%91%E3%82%B0%E3%83%AB%E3%83%BC%E3%83%97%E3%83%9B%E3%83%BC%E3%83%A0%20%E9%9D%92%E6%A3%AE%E5%B8%82
グループホームきらら篠田,グループホーム,青森県,青森市,"介護,グループホーム,認知症",認知症のある方が少人数で生活する施設です。要支援・要介護度や地域要件を確認します。,kirara-group.com,青森県青森市篠田３丁目２０－２３,017-782-7051,厚生労働省オープンデータ,https://www.mhlw.go.jp/content/12300000/jigyosho_320.csv,2025-12末,https://www.google.com/search?q=%E3%82%B0%E3%83%AB%E3%83%BC%E3%83%97%E3%83%9B%E3%83%BC%E3%83%A0%E3%81%8D%E3%82%89%E3%82%89%E7%AF%A0%E7%94%B0%20%E9%9D%92%E6%A3%AE%E5%B8%82
白鴎ホーム,グループホーム,青森県,青森市,"介護,グループホーム,認知症",認知症のある方が少人数で生活する施設です。要支援・要介護度や地域要件を確認します。,https://www.google.com/search?q=%E7%99%BD%E9%B4%8E%E3%83%9B%E3%83%BC%E3%83%A0%20%E9%9D%92%E6%A3%AE%E5%B8%82,青森県青森市大字羽白字富田38番地1,017-718-7388,厚生労働省オープンデータ,https://www.mhlw.go.jp/content/12300000/jigyosho_320.csv,2025-12末,https://www.google.com/search?q=%E7%99%BD%E9%B4%8E%E3%83%9B%E3%83%BC%E3%83%A0%20%E9%9D%92%E6%A3%AE%E5%B8%82
青森第2グループホーム,グループホーム,青森県,青森市,"介護,グループホーム,認知症",認知症のある方が少人数で生活する施設です。要支援・要介護度や地域要件を確認します。,https://www.google.com/search?q=%E9%9D%92%E6%A3%AE%E7%AC%AC2%E3%82%B0%E3%83%AB%E3%83%BC%E3%83%97%E3%83%9B%E3%83%BC%E3%83%A0%20%E9%9D%92%E6%A3%AE%E5%B8%82,青森県青森市青柳1丁目16番5-2号,017-718-2900,厚生労働省オープンデータ,https://www.mhlw.go.jp/content/12300000/jigyosho_320.csv,2025-12末,https://www.google.com/search?q=%E9%9D%92%E6%A3%AE%E7%AC%AC2%E3%82%B0%E3%83%AB%E3%83%BC%E3%83%97%E3%83%9B%E3%83%BC%E3%83%A0%20%E9%9D%92%E6%A3%AE%E5%B8%82
まちだホーム青森,グループホーム,青森県,青森市,"介護,グループホーム,認知症",認知症のある方が少人数で生活する施設です。要支援・要介護度や地域要件を確認します。,https://www.google.com/search?q=%E3%81%BE%E3%81%A1%E3%81%A0%E3%83%9B%E3%83%BC%E3%83%A0%E9%9D%92%E6%A3%AE%20%E9%9D%92%E6%A3%AE%E5%B8%82,青森県青森市大字羽白字沢田46-2,017-752-6260,厚生労働省オープンデータ,https://www.mhlw.go.jp/content/12300000/jigyosho_320.csv,2025-12末,https://www.google.com/search?q=%E3%81%BE%E3%81%A1%E3%81%A0%E3%83%9B%E3%83%BC%E3%83%A0%E9%9D%92%E6%A3%AE%20%E9%9D%92%E6%A3%AE%E5%B8%82
医療法人蛍慈会　グループホーム　ポータウン,グループホーム,青森県,青森市,"介護,グループホーム,認知症",認知症のある方が少人数で生活する施設です。要支援・要介護度や地域要件を確認します。,https://www.google.com/search?q=%E5%8C%BB%E7%99%82%E6%B3%95%E4%BA%BA%E8%9B%8D%E6%85%88%E4%BC%9A%E3%80%80%E3%82%B0%E3%83%AB%E3%83%BC%E3%83%97%E3%83%9B%E3%83%BC%E3%83%A0%E3%80%80%E3%83%9D%E3%83%BC%E3%82%BF%E3%82%A6%E3%83%B3%20%E9%9D%92%E6%A3%AE%E5%B8%82,青森県青森市港町2丁目15番9号,017－718－3773,厚生労働省オープンデータ,https://www.mhlw.go.jp/content/12300000/jigyosho_320.csv,2025-12末,https://www.google.com/search?q=%E5%8C%BB%E7%99%82%E6%B3%95%E4%BA%BA%E8%9B%8D%E6%85%88%E4%BC%9A%E3%80%80%E3%82%B0%E3%83%AB%E3%83%BC%E3%83%97%E3%83%9B%E3%83%BC%E3%83%A0%E3%80%80%E3%83%9D%E3%83%BC%E3%82%BF%E3%82%A6%E3%83%B3%20%E9%9D%92%E6%A3%AE%E5%B8%82
グループホームはくちょう荘,グループホーム,青森県,青森市,"介護,グループホーム,認知症",認知症のある方が少人数で生活する施設です。要支援・要介護度や地域要件を確認します。,http://www.suwanomorikai.or.jp,青森県青森市大字野内字菊川57-64グループホームはくちょう荘,017-726-2515,厚生労働省オープンデータ,https://www.mhlw.go.jp/content/12300000/jigyosho_320.csv,2025-12末,https://www.google.com/search?q=%E3%82%B0%E3%83%AB%E3%83%BC%E3%83%97%E3%83%9B%E3%83%BC%E3%83%A0%E3%81%AF%E3%81%8F%E3%81%A1%E3%82%87%E3%81%86%E8%8D%98%20%E9%9D%92%E6%A3%AE%E5%B8%82
グループホーム　ミントつくだ,グループホーム,青森県,青森市,"介護,グループホーム,認知症",認知症のある方が少人数で生活する施設です。要支援・要介護度や地域要件を確認します。,http://www.lifesaver.co.jp,青森市中佃３丁目１８―９,017-744-2935,厚生労働省オープンデータ,https://www.mhlw.go.jp/content/12300000/jigyosho_320.csv,2025-12末,https://www.google.com/search?q=%E3%82%B0%E3%83%AB%E3%83%BC%E3%83%97%E3%83%9B%E3%83%BC%E3%83%A0%E3%80%80%E3%83%9F%E3%83%B3%E3%83%88%E3%81%A4%E3%81%8F%E3%81%A0%20%E9%9D%92%E6%A3%AE%E5%B8%82
グループホーム青空倶楽部筒井館,グループホーム,青森県,青森市,"介護,グループホーム,認知症",認知症のある方が少人数で生活する施設です。要支援・要介護度や地域要件を確認します。,http://aozoraclub.com/,青森市筒井4丁目８－１２,017-728-5811,厚生労働省オープンデータ,https://www.mhlw.go.jp/content/12300000/jigyosho_320.csv,2025-12末,https://www.google.com/search?q=%E3%82%B0%E3%83%AB%E3%83%BC%E3%83%97%E3%83%9B%E3%83%BC%E3%83%A0%E9%9D%92%E7%A9%BA%E5%80%B6%E6%A5%BD%E9%83%A8%E7%AD%92%E4%BA%95%E9%A4%A8%20%E9%9D%92%E6%A3%AE%E5%B8%82
グループホーム合浦,グループホーム,青森県,青森市,"介護,グループホーム,認知症",認知症のある方が少人数で生活する施設です。要支援・要介護度や地域要件を確認します。,https://www.google.com/search?q=%E3%82%B0%E3%83%AB%E3%83%BC%E3%83%97%E3%83%9B%E3%83%BC%E3%83%A0%E5%90%88%E6%B5%A6%20%E9%9D%92%E6%A3%AE%E5%B8%82,青森県青森市合浦1丁目8番地17,017-752-8761,厚生労働省オープンデータ,https://www.mhlw.go.jp/content/12300000/jigyosho_320.csv,2025-12末,https://www.google.com/search?q=%E3%82%B0%E3%83%AB%E3%83%BC%E3%83%97%E3%83%9B%E3%83%BC%E3%83%A0%E5%90%88%E6%B5%A6%20%E9%9D%92%E6%A3%AE%E5%B8%82
グループホームしおかぜ,グループホーム,青森県,青森市,"介護,グループホーム,認知症",認知症のある方が少人数で生活する施設です。要支援・要介護度や地域要件を確認します。,https://www.google.com/search?q=%E3%82%B0%E3%83%AB%E3%83%BC%E3%83%97%E3%83%9B%E3%83%BC%E3%83%A0%E3%81%97%E3%81%8A%E3%81%8B%E3%81%9C%20%E9%9D%92%E6%A3%AE%E5%B8%82,青森県青森市大字小橋字田川26番地39,017-754-4601,厚生労働省オープンデータ,https://www.mhlw.go.jp/content/12300000/jigyosho_320.csv,2025-12末,https://www.google.com/search?q=%E3%82%B0%E3%83%AB%E3%83%BC%E3%83%97%E3%83%9B%E3%83%BC%E3%83%A0%E3%81%97%E3%81%8A%E3%81%8B%E3%81%9C%20%E9%9D%92%E6%A3%AE%E5%B8%82
グループホーム　きらら高田,グループホーム,青森県,青森市,"介護,グループホーム,認知症",認知症のある方が少人数で生活する施設です。要支援・要介護度や地域要件を確認します。,https://kirara-group.com/,青森県青森市高田字川瀬３３４－５,017-739-1891,厚生労働省オープンデータ,https://www.mhlw.go.jp/content/12300000/jigyosho_320.csv,2025-12末,https://www.google.com/search?q=%E3%82%B0%E3%83%AB%E3%83%BC%E3%83%97%E3%83%9B%E3%83%BC%E3%83%A0%E3%80%80%E3%81%8D%E3%82%89%E3%82%89%E9%AB%98%E7%94%B0%20%E9%9D%92%E6%A3%AE%E5%B8%82
まちだグループホーム,グループホーム,青森県,青森市,"介護,グループホーム,認知症",認知症のある方が少人数で生活する施設です。要支援・要介護度や地域要件を確認します。,https://www.google.com/search?q=%E3%81%BE%E3%81%A1%E3%81%A0%E3%82%B0%E3%83%AB%E3%83%BC%E3%83%97%E3%83%9B%E3%83%BC%E3%83%A0%20%E9%9D%92%E6%A3%AE%E5%B8%82,青森市大字羽白字沢田5番地2,017-788-6749,厚生労働省オープンデータ,https://www.mhlw.go.jp/content/12300000/jigyosho_320.csv,2025-12末,https://www.google.com/search?q=%E3%81%BE%E3%81%A1%E3%81%A0%E3%82%B0%E3%83%AB%E3%83%BC%E3%83%97%E3%83%9B%E3%83%BC%E3%83%A0%20%E9%9D%92%E6%A3%AE%E5%B8%82
グループホームあさひ,グループホーム,青森県,青森市,"介護,グループホーム,認知症",認知症のある方が少人数で生活する施設です。要支援・要介護度や地域要件を確認します。,https://www.google.com/search?q=%E3%82%B0%E3%83%AB%E3%83%BC%E3%83%97%E3%83%9B%E3%83%BC%E3%83%A0%E3%81%82%E3%81%95%E3%81%B2%20%E9%9D%92%E6%A3%AE%E5%B8%82,青森県青森市四ツ石字下川原２５－９,017-728-8433,厚生労働省オープンデータ,https://www.mhlw.go.jp/content/12300000/jigyosho_320.csv,2025-12末,https://www.google.com/search?q=%E3%82%B0%E3%83%AB%E3%83%BC%E3%83%97%E3%83%9B%E3%83%BC%E3%83%A0%E3%81%82%E3%81%95%E3%81%B2%20%E9%9D%92%E6%A3%AE%E5%B8%82
グループホームななかまど,グループホーム,青森県,青森市,"介護,グループホーム,認知症",認知症のある方が少人数で生活する施設です。要支援・要介護度や地域要件を確認します。,nanakamado.tonyamachi@gmail.com,青森市第二問屋町1-7-14,017-718-5847,厚生労働省オープンデータ,https://www.mhlw.go.jp/content/12300000/jigyosho_320.csv,2025-12末,https://www.google.com/search?q=%E3%82%B0%E3%83%AB%E3%83%BC%E3%83%97%E3%83%9B%E3%83%BC%E3%83%A0%E3%81%AA%E3%81%AA%E3%81%8B%E3%81%BE%E3%81%A9%20%E9%9D%92%E6%A3%AE%E5%B8%82
グループホーム　のじり苑,グループホーム,青森県,青森市,"介護,グループホーム,認知症",認知症のある方が少人数で生活する施設です。要支援・要介護度や地域要件を確認します。,http://www.nojirien.jp,青森市大字野尻字今田58-1,017-738-6863,厚生労働省オープンデータ,https://www.mhlw.go.jp/content/12300000/jigyosho_320.csv,2025-12末,https://www.google.com/search?q=%E3%82%B0%E3%83%AB%E3%83%BC%E3%83%97%E3%83%9B%E3%83%BC%E3%83%A0%E3%80%80%E3%81%AE%E3%81%98%E3%82%8A%E8%8B%91%20%E9%9D%92%E6%A3%AE%E5%B8%82
グループホーム　メープルの里　なみおか,グループホーム,青森県,青森市,"介護,グループホーム,認知症",認知症のある方が少人数で生活する施設です。要支援・要介護度や地域要件を確認します。,http.//care-net.biz/02/me-puru/,青森県　青森市浪岡大字吉野田字木戸口52-12,0172-69-2228,厚生労働省オープンデータ,https://www.mhlw.go.jp/content/12300000/jigyosho_320.csv,2025-12末,https://www.google.com/search?q=%E3%82%B0%E3%83%AB%E3%83%BC%E3%83%97%E3%83%9B%E3%83%BC%E3%83%A0%E3%80%80%E3%83%A1%E3%83%BC%E3%83%97%E3%83%AB%E3%81%AE%E9%87%8C%E3%80%80%E3%81%AA%E3%81%BF%E3%81%8A%E3%81%8B%20%E9%9D%92%E6%A3%AE%E5%B8%82
グループホーム青空倶楽部浜田館,グループホーム,青森県,青森市,"介護,グループホーム,認知症",認知症のある方が少人数で生活する施設です。要支援・要介護度や地域要件を確認します。,http://www.aozoraclub.com,青森県青森市大字浦町字奥野275-8,017-752-8210,厚生労働省オープンデータ,https://www.mhlw.go.jp/content/12300000/jigyosho_320.csv,2025-12末,https://www.google.com/search?q=%E3%82%B0%E3%83%AB%E3%83%BC%E3%83%97%E3%83%9B%E3%83%BC%E3%83%A0%E9%9D%92%E7%A9%BA%E5%80%B6%E6%A5%BD%E9%83%A8%E6%B5%9C%E7%94%B0%E9%A4%A8%20%E9%9D%92%E6%A3%AE%E5%B8%82
グループホームやまびこ荘,グループホーム,青森県,青森市,"介護,グループホーム,認知症",認知症のある方が少人数で生活する施設です。要支援・要介護度や地域要件を確認します。,http://www.yamada-unyu.co.jp/page5,青森県青森市大矢沢里見209-220,017-728-7313,厚生労働省オープンデータ,https://www.mhlw.go.jp/content/12300000/jigyosho_320.csv,2025-12末,https://www.google.com/search?q=%E3%82%B0%E3%83%AB%E3%83%BC%E3%83%97%E3%83%9B%E3%83%BC%E3%83%A0%E3%82%84%E3%81%BE%E3%81%B3%E3%81%93%E8%8D%98%20%E9%9D%92%E6%A3%AE%E5%B8%82
グループホーム太陽,グループホーム,青森県,青森市,"介護,グループホーム,認知症",認知症のある方が少人数で生活する施設です。要支援・要介護度や地域要件を確認します。,https://www.google.com/search?q=%E3%82%B0%E3%83%AB%E3%83%BC%E3%83%97%E3%83%9B%E3%83%BC%E3%83%A0%E5%A4%AA%E9%99%BD%20%E9%9D%92%E6%A3%AE%E5%B8%82,青森県青森市富田３丁目１６番５０号,017-782-1655,厚生労働省オープンデータ,https://www.mhlw.go.jp/content/12300000/jigyosho_320.csv,2025-12末,https://www.google.com/search?q=%E3%82%B0%E3%83%AB%E3%83%BC%E3%83%97%E3%83%9B%E3%83%BC%E3%83%A0%E5%A4%AA%E9%99%BD%20%E9%9D%92%E6%A3%AE%E5%B8%82
医療法人　丸山会　グループホーム諏訪沢,グループホーム,青森県,青森市,"介護,グループホーム,認知症",認知症のある方が少人数で生活する施設です。要支援・要介護度や地域要件を確認します。,http://www.suwanomorikai.or.jp,青森市大字諏訪沢字丸山66番地１,017-726-3857,厚生労働省オープンデータ,https://www.mhlw.go.jp/content/12300000/jigyosho_320.csv,2025-12末,https://www.google.com/search?q=%E5%8C%BB%E7%99%82%E6%B3%95%E4%BA%BA%E3%80%80%E4%B8%B8%E5%B1%B1%E4%BC%9A%E3%80%80%E3%82%B0%E3%83%AB%E3%83%BC%E3%83%97%E3%83%9B%E3%83%BC%E3%83%A0%E8%AB%8F%E8%A8%AA%E6%B2%A2%20%E9%9D%92%E6%A3%AE%E5%B8%82
グループホーム惣乃家,グループホーム,青森県,青森市,"介護,グループホーム,認知症",認知症のある方が少人数で生活する施設です。要支援・要介護度や地域要件を確認します。,eisoukai@arion.ocn.ne.jp,青森県青森市新城平岡75-79グループホーム惣乃家,０１７－７６３－５１０７,厚生労働省オープンデータ,https://www.mhlw.go.jp/content/12300000/jigyosho_320.csv,2025-12末,https://www.google.com/search?q=%E3%82%B0%E3%83%AB%E3%83%BC%E3%83%97%E3%83%9B%E3%83%BC%E3%83%A0%E6%83%A3%E4%B9%83%E5%AE%B6%20%E9%9D%92%E6%A3%AE%E5%B8%82
グループホームこばし,グループホーム,青森県,青森市,"介護,グループホーム,認知症",認知症のある方が少人数で生活する施設です。要支援・要介護度や地域要件を確認します。,https://www.google.com/search?q=%E3%82%B0%E3%83%AB%E3%83%BC%E3%83%97%E3%83%9B%E3%83%BC%E3%83%A0%E3%81%93%E3%81%B0%E3%81%97%20%E9%9D%92%E6%A3%AE%E5%B8%82,青森県青森市大字小橋字田川２６番地６０,017-761-3033,厚生労働省オープンデータ,https://www.mhlw.go.jp/content/12300000/jigyosho_320.csv,2025-12末,https://www.google.com/search?q=%E3%82%B0%E3%83%AB%E3%83%BC%E3%83%97%E3%83%9B%E3%83%BC%E3%83%A0%E3%81%93%E3%81%B0%E3%81%97%20%E9%9D%92%E6%A3%AE%E5%B8%82
グループホーム　はるなの家,グループホーム,青森県,弘前市,"介護,グループホーム,認知症",認知症のある方が少人数で生活する施設です。要支援・要介護度や地域要件を確認します。,http://www.ichiyoukai.jp/,青森県弘前市大字福村字新館添50番地2,0172-28-7661,厚生労働省オープンデータ,https://www.mhlw.go.jp/content/12300000/jigyosho_320.csv,2025-12末,https://www.google.com/search?q=%E3%82%B0%E3%83%AB%E3%83%BC%E3%83%97%E3%83%9B%E3%83%BC%E3%83%A0%E3%80%80%E3%81%AF%E3%82%8B%E3%81%AA%E3%81%AE%E5%AE%B6%20%E5%BC%98%E5%89%8D%E5%B8%82
グループホーム　ヴィラ弘前,グループホーム,青森県,弘前市,"介護,グループホーム,認知症",認知症のある方が少人数で生活する施設です。要支援・要介護度や地域要件を確認します。,http://villahiro7300.ec-net.jp,青森県弘前市岩賀2丁目１２－１１,0172-37-7100,厚生労働省オープンデータ,https://www.mhlw.go.jp/content/12300000/jigyosho_320.csv,2025-12末,https://www.google.com/search?q=%E3%82%B0%E3%83%AB%E3%83%BC%E3%83%97%E3%83%9B%E3%83%BC%E3%83%A0%E3%80%80%E3%83%B4%E3%82%A3%E3%83%A9%E5%BC%98%E5%89%8D%20%E5%BC%98%E5%89%8D%E5%B8%82
グループホームアップル,グループホーム,青森県,弘前市,"介護,グループホーム,認知症",認知症のある方が少人数で生活する施設です。要支援・要介護度や地域要件を確認します。,http://www.sunapplehome.jp/,青森県弘前市大字高杉字尾上山３４９番地,0172-97-2778,厚生労働省オープンデータ,https://www.mhlw.go.jp/content/12300000/jigyosho_320.csv,2025-12末,https://www.google.com/search?q=%E3%82%B0%E3%83%AB%E3%83%BC%E3%83%97%E3%83%9B%E3%83%BC%E3%83%A0%E3%82%A2%E3%83%83%E3%83%97%E3%83%AB%20%E5%BC%98%E5%89%8D%E5%B8%82
グループホーム　さくらの里,グループホーム,青森県,弘前市,"介護,グループホーム,認知症",認知症のある方が少人数で生活する施設です。要支援・要介護度や地域要件を確認します。,https://www.google.com/search?q=%E3%82%B0%E3%83%AB%E3%83%BC%E3%83%97%E3%83%9B%E3%83%BC%E3%83%A0%E3%80%80%E3%81%95%E3%81%8F%E3%82%89%E3%81%AE%E9%87%8C%20%E5%BC%98%E5%89%8D%E5%B8%82,青森県弘前市大字藤代字広田131-1,0172-39-2122,厚生労働省オープンデータ,https://www.mhlw.go.jp/content/12300000/jigyosho_320.csv,2025-12末,https://www.google.com/search?q=%E3%82%B0%E3%83%AB%E3%83%BC%E3%83%97%E3%83%9B%E3%83%BC%E3%83%A0%E3%80%80%E3%81%95%E3%81%8F%E3%82%89%E3%81%AE%E9%87%8C%20%E5%BC%98%E5%89%8D%E5%B8%82
グループホームさくら,グループホーム,青森県,弘前市,"介護,グループホーム,認知症",認知症のある方が少人数で生活する施設です。要支援・要介護度や地域要件を確認します。,https://senchikai.jp/,弘前市大字高杉字五反田１７３番地７,0172-99-1188,厚生労働省オープンデータ,https://www.mhlw.go.jp/content/12300000/jigyosho_320.csv,2025-12末,https://www.google.com/search?q=%E3%82%B0%E3%83%AB%E3%83%BC%E3%83%97%E3%83%9B%E3%83%BC%E3%83%A0%E3%81%95%E3%81%8F%E3%82%89%20%E5%BC%98%E5%89%8D%E5%B8%82
グループホーム　まごの手独狐,グループホーム,青森県,弘前市,"介護,グループホーム,認知症",認知症のある方が少人数で生活する施設です。要支援・要介護度や地域要件を確認します。,http://heisei-ie.jp/,弘前市大字独狐字石田172-1,0172-95-3000,厚生労働省オープンデータ,https://www.mhlw.go.jp/content/12300000/jigyosho_320.csv,2025-12末,https://www.google.com/search?q=%E3%82%B0%E3%83%AB%E3%83%BC%E3%83%97%E3%83%9B%E3%83%BC%E3%83%A0%E3%80%80%E3%81%BE%E3%81%94%E3%81%AE%E6%89%8B%E7%8B%AC%E7%8B%90%20%E5%BC%98%E5%89%8D%E5%B8%82
グループホーム　バンドー弘前,グループホーム,青森県,弘前市,"介護,グループホーム,認知症",認知症のある方が少人数で生活する施設です。要支援・要介護度や地域要件を確認します。,http://www.bwfg.co.jp/,青森県弘前市西城北２丁目３－１１,0172-31-0126,厚生労働省オープンデータ,https://www.mhlw.go.jp/content/12300000/jigyosho_320.csv,2025-12末,https://www.google.com/search?q=%E3%82%B0%E3%83%AB%E3%83%BC%E3%83%97%E3%83%9B%E3%83%BC%E3%83%A0%E3%80%80%E3%83%90%E3%83%B3%E3%83%89%E3%83%BC%E5%BC%98%E5%89%8D%20%E5%BC%98%E5%89%8D%E5%B8%82
グループホーム　バンドー弘前公園,グループホーム,青森県,弘前市,"介護,グループホーム,認知症",認知症のある方が少人数で生活する施設です。要支援・要介護度や地域要件を確認します。,http：//www.bwfg.co.jp/,青森県弘前市亀甲町７０,0172-55-5711,厚生労働省オープンデータ,https://www.mhlw.go.jp/content/12300000/jigyosho_320.csv,2025-12末,https://www.google.com/search?q=%E3%82%B0%E3%83%AB%E3%83%BC%E3%83%97%E3%83%9B%E3%83%BC%E3%83%A0%E3%80%80%E3%83%90%E3%83%B3%E3%83%89%E3%83%BC%E5%BC%98%E5%89%8D%E5%85%AC%E5%9C%92%20%E5%BC%98%E5%89%8D%E5%B8%82
医療法人　光成会　グループホーム西弘,グループホーム,青森県,弘前市,"介護,グループホーム,認知症",認知症のある方が少人数で生活する施設です。要支援・要介護度や地域要件を確認します。,https://www.google.com/search?q=%E5%8C%BB%E7%99%82%E6%B3%95%E4%BA%BA%E3%80%80%E5%85%89%E6%88%90%E4%BC%9A%E3%80%80%E3%82%B0%E3%83%AB%E3%83%BC%E3%83%97%E3%83%9B%E3%83%BC%E3%83%A0%E8%A5%BF%E5%BC%98%20%E5%BC%98%E5%89%8D%E5%B8%82,青森県弘前市中野１丁目９番地１２,0172-31-6655,厚生労働省オープンデータ,https://www.mhlw.go.jp/content/12300000/jigyosho_320.csv,2025-12末,https://www.google.com/search?q=%E5%8C%BB%E7%99%82%E6%B3%95%E4%BA%BA%E3%80%80%E5%85%89%E6%88%90%E4%BC%9A%E3%80%80%E3%82%B0%E3%83%AB%E3%83%BC%E3%83%97%E3%83%9B%E3%83%BC%E3%83%A0%E8%A5%BF%E5%BC%98%20%E5%BC%98%E5%89%8D%E5%B8%82
認知症対応型共同生活介護グループホームさくらばやし,グループホーム,青森県,弘前市,"介護,グループホーム,認知症",認知症のある方が少人数で生活する施設です。要支援・要介護度や地域要件を確認します。,https://recovery-center.jp/,青森県弘前市桜林町3番地1号,0172-31-0022,厚生労働省オープンデータ,https://www.mhlw.go.jp/content/12300000/jigyosho_320.csv,2025-12末,https://www.google.com/search?q=%E8%AA%8D%E7%9F%A5%E7%97%87%E5%AF%BE%E5%BF%9C%E5%9E%8B%E5%85%B1%E5%90%8C%E7%94%9F%E6%B4%BB%E4%BB%8B%E8%AD%B7%E3%82%B0%E3%83%AB%E3%83%BC%E3%83%97%E3%83%9B%E3%83%BC%E3%83%A0%E3%81%95%E3%81%8F%E3%82%89%E3%81%B0%E3%82%84%E3%81%97%20%E5%BC%98%E5%89%8D%E5%B8%82
グループホーム太陽の里,グループホーム,青森県,弘前市,"介護,グループホーム,認知症",認知症のある方が少人数で生活する施設です。要支援・要介護度や地域要件を確認します。,https://www.ryokufu.or.jp,弘前市大字堀越字柳田３-１２,0172-29-3777,厚生労働省オープンデータ,https://www.mhlw.go.jp/content/12300000/jigyosho_320.csv,2025-12末,https://www.google.com/search?q=%E3%82%B0%E3%83%AB%E3%83%BC%E3%83%97%E3%83%9B%E3%83%BC%E3%83%A0%E5%A4%AA%E9%99%BD%E3%81%AE%E9%87%8C%20%E5%BC%98%E5%89%8D%E5%B8%82
グループホームふれあい温泉,グループホーム,青森県,弘前市,"介護,グループホーム,認知症",認知症のある方が少人数で生活する施設です。要支援・要介護度や地域要件を確認します。,http://www.kouaikai.com,旭ヶ丘2-6-4,0172-35-8282,厚生労働省オープンデータ,https://www.mhlw.go.jp/content/12300000/jigyosho_320.csv,2025-12末,https://www.google.com/search?q=%E3%82%B0%E3%83%AB%E3%83%BC%E3%83%97%E3%83%9B%E3%83%BC%E3%83%A0%E3%81%B5%E3%82%8C%E3%81%82%E3%81%84%E6%B8%A9%E6%B3%89%20%E5%BC%98%E5%89%8D%E5%B8%82
グループホームベルフラワー,グループホーム,青森県,弘前市,"介護,グループホーム,認知症",認知症のある方が少人数で生活する施設です。要支援・要介護度や地域要件を確認します。,http://www.oyoen.com/,青森県弘前市大字城南５丁目１３－１５,0172-36-6517,厚生労働省オープンデータ,https://www.mhlw.go.jp/content/12300000/jigyosho_320.csv,2025-12末,https://www.google.com/search?q=%E3%82%B0%E3%83%AB%E3%83%BC%E3%83%97%E3%83%9B%E3%83%BC%E3%83%A0%E3%83%99%E3%83%AB%E3%83%95%E3%83%A9%E3%83%AF%E3%83%BC%20%E5%BC%98%E5%89%8D%E5%B8%82
グループホームパインの里,グループホーム,青森県,弘前市,"介護,グループホーム,認知症",認知症のある方が少人数で生活する施設です。要支援・要介護度や地域要件を確認します。,http://www.gakuyokai.jp/,青森県弘前市大字国吉字坂本138-10,0172-86-3800,厚生労働省オープンデータ,https://www.mhlw.go.jp/content/12300000/jigyosho_320.csv,2025-12末,https://www.google.com/search?q=%E3%82%B0%E3%83%AB%E3%83%BC%E3%83%97%E3%83%9B%E3%83%BC%E3%83%A0%E3%83%91%E3%82%A4%E3%83%B3%E3%81%AE%E9%87%8C%20%E5%BC%98%E5%89%8D%E5%B8%82
グループホーム　バンドー弘前城北,グループホーム,青森県,弘前市,"介護,グループホーム,認知症",認知症のある方が少人数で生活する施設です。要支援・要介護度や地域要件を確認します。,http：//www.bwfg.co.jp/,青森県弘前市西城北2丁目3-4,0172-39-2681,厚生労働省オープンデータ,https://www.mhlw.go.jp/content/12300000/jigyosho_320.csv,2025-12末,https://www.google.com/search?q=%E3%82%B0%E3%83%AB%E3%83%BC%E3%83%97%E3%83%9B%E3%83%BC%E3%83%A0%E3%80%80%E3%83%90%E3%83%B3%E3%83%89%E3%83%BC%E5%BC%98%E5%89%8D%E5%9F%8E%E5%8C%97%20%E5%BC%98%E5%89%8D%E5%B8%82
グループホームパインの街,グループホーム,青森県,弘前市,"介護,グループホーム,認知症",認知症のある方が少人数で生活する施設です。要支援・要介護度や地域要件を確認します。,http://www.gakuyokai.jp,青森県弘前市大字原ヶ平字山元118番地1,0172-88-1764,厚生労働省オープンデータ,https://www.mhlw.go.jp/content/12300000/jigyosho_320.csv,2025-12末,https://www.google.com/search?q=%E3%82%B0%E3%83%AB%E3%83%BC%E3%83%97%E3%83%9B%E3%83%BC%E3%83%A0%E3%83%91%E3%82%A4%E3%83%B3%E3%81%AE%E8%A1%97%20%E5%BC%98%E5%89%8D%E5%B8%82
グループホーム　ウエルパーク,グループホーム,青森県,弘前市,"介護,グループホーム,認知症",認知症のある方が少人数で生活する施設です。要支援・要介護度や地域要件を確認します。,https://www.google.com/search?q=%E3%82%B0%E3%83%AB%E3%83%BC%E3%83%97%E3%83%9B%E3%83%BC%E3%83%A0%E3%80%80%E3%82%A6%E3%82%A8%E3%83%AB%E3%83%91%E3%83%BC%E3%82%AF%20%E5%BC%98%E5%89%8D%E5%B8%82,青森県弘前市大字福田字巻屋２５－８,0172-29-5533,厚生労働省オープンデータ,https://www.mhlw.go.jp/content/12300000/jigyosho_320.csv,2025-12末,https://www.google.com/search?q=%E3%82%B0%E3%83%AB%E3%83%BC%E3%83%97%E3%83%9B%E3%83%BC%E3%83%A0%E3%80%80%E3%82%A6%E3%82%A8%E3%83%AB%E3%83%91%E3%83%BC%E3%82%AF%20%E5%BC%98%E5%89%8D%E5%B8%82
グループホーム　バンドー弘前城東,グループホーム,青森県,弘前市,"介護,グループホーム,認知症",認知症のある方が少人数で生活する施設です。要支援・要介護度や地域要件を確認します。,http://www.bwfg.co.jp/,青森県弘前市城東北3丁目5-7,0172-28-2077,厚生労働省オープンデータ,https://www.mhlw.go.jp/content/12300000/jigyosho_320.csv,2025-12末,https://www.google.com/search?q=%E3%82%B0%E3%83%AB%E3%83%BC%E3%83%97%E3%83%9B%E3%83%BC%E3%83%A0%E3%80%80%E3%83%90%E3%83%B3%E3%83%89%E3%83%BC%E5%BC%98%E5%89%8D%E5%9F%8E%E6%9D%B1%20%E5%BC%98%E5%89%8D%E5%B8%82
グループホーム　ハールト,グループホーム,青森県,弘前市,"介護,グループホーム,認知症",認知症のある方が少人数で生活する施設です。要支援・要介護度や地域要件を確認します。,https://www.takemura-life-advisor.com/,青森県弘前市大字中崎字苅田２６０番地２,0172-95-2818,厚生労働省オープンデータ,https://www.mhlw.go.jp/content/12300000/jigyosho_320.csv,2025-12末,https://www.google.com/search?q=%E3%82%B0%E3%83%AB%E3%83%BC%E3%83%97%E3%83%9B%E3%83%BC%E3%83%A0%E3%80%80%E3%83%8F%E3%83%BC%E3%83%AB%E3%83%88%20%E5%BC%98%E5%89%8D%E5%B8%82
グループホームはるなの里,グループホーム,青森県,弘前市,"介護,グループホーム,認知症",認知症のある方が少人数で生活する施設です。要支援・要介護度や地域要件を確認します。,http://www.ichiyoukai.jp/,弘前市大字自由ヶ丘三丁目15番地9,0172-32-3331,厚生労働省オープンデータ,https://www.mhlw.go.jp/content/12300000/jigyosho_320.csv,2025-12末,https://www.google.com/search?q=%E3%82%B0%E3%83%AB%E3%83%BC%E3%83%97%E3%83%9B%E3%83%BC%E3%83%A0%E3%81%AF%E3%82%8B%E3%81%AA%E3%81%AE%E9%87%8C%20%E5%BC%98%E5%89%8D%E5%B8%82
草菴グループホーム,グループホーム,青森県,弘前市,"介護,グループホーム,認知症",認知症のある方が少人数で生活する施設です。要支援・要介護度や地域要件を確認します。,https://www.google.com/search?q=%E8%8D%89%E8%8F%B4%E3%82%B0%E3%83%AB%E3%83%BC%E3%83%97%E3%83%9B%E3%83%BC%E3%83%A0%20%E5%BC%98%E5%89%8D%E5%B8%82,弘前市城東２丁目２－６,0172-27-7221,厚生労働省オープンデータ,https://www.mhlw.go.jp/content/12300000/jigyosho_320.csv,2025-12末,https://www.google.com/search?q=%E8%8D%89%E8%8F%B4%E3%82%B0%E3%83%AB%E3%83%BC%E3%83%97%E3%83%9B%E3%83%BC%E3%83%A0%20%E5%BC%98%E5%89%8D%E5%B8%82
グループホームアップルハウス,グループホーム,青森県,弘前市,"介護,グループホーム,認知症",認知症のある方が少人数で生活する施設です。要支援・要介護度や地域要件を確認します。,https://www.google.com/search?q=%E3%82%B0%E3%83%AB%E3%83%BC%E3%83%97%E3%83%9B%E3%83%BC%E3%83%A0%E3%82%A2%E3%83%83%E3%83%97%E3%83%AB%E3%83%8F%E3%82%A6%E3%82%B9%20%E5%BC%98%E5%89%8D%E5%B8%82,青森県弘前市境関亥ノ宮29－1,0172-27-7878,厚生労働省オープンデータ,https://www.mhlw.go.jp/content/12300000/jigyosho_320.csv,2025-12末,https://www.google.com/search?q=%E3%82%B0%E3%83%AB%E3%83%BC%E3%83%97%E3%83%9B%E3%83%BC%E3%83%A0%E3%82%A2%E3%83%83%E3%83%97%E3%83%AB%E3%83%8F%E3%82%A6%E3%82%B9%20%E5%BC%98%E5%89%8D%E5%B8%82
グループホーム大森,グループホーム,青森県,弘前市,"介護,グループホーム,認知症",認知症のある方が少人数で生活する施設です。要支援・要介護度や地域要件を確認します。,http://www.geocities.jp/toukoukai_hirosaki/index-oomori.html,青森県弘前市大字大森字勝山２７８－２１,0172-93-2003,厚生労働省オープンデータ,https://www.mhlw.go.jp/content/12300000/jigyosho_320.csv,2025-12末,https://www.google.com/search?q=%E3%82%B0%E3%83%AB%E3%83%BC%E3%83%97%E3%83%9B%E3%83%BC%E3%83%A0%E5%A4%A7%E6%A3%AE%20%E5%BC%98%E5%89%8D%E5%B8%82
グループホーム　サンタの家,グループホーム,青森県,弘前市,"介護,グループホーム,認知症",認知症のある方が少人数で生活する施設です。要支援・要介護度や地域要件を確認します。,https://houtokukai.org/,青森県弘前市大字大川字中桜川１８番地１０６号館・７号館,0172-99-1115,厚生労働省オープンデータ,https://www.mhlw.go.jp/content/12300000/jigyosho_320.csv,2025-12末,https://www.google.com/search?q=%E3%82%B0%E3%83%AB%E3%83%BC%E3%83%97%E3%83%9B%E3%83%BC%E3%83%A0%E3%80%80%E3%82%B5%E3%83%B3%E3%82%BF%E3%81%AE%E5%AE%B6%20%E5%BC%98%E5%89%8D%E5%B8%82
グループホーム自由ヶ丘,グループホーム,青森県,弘前市,"介護,グループホーム,認知症",認知症のある方が少人数で生活する施設です。要支援・要介護度や地域要件を確認します。,http://www.sh-aiseien.jp/jiyuugaoka/,青森県弘前市大字金属町５番地３０,0172-89-1601,厚生労働省オープンデータ,https://www.mhlw.go.jp/content/12300000/jigyosho_320.csv,2025-12末,https://www.google.com/search?q=%E3%82%B0%E3%83%AB%E3%83%BC%E3%83%97%E3%83%9B%E3%83%BC%E3%83%A0%E8%87%AA%E7%94%B1%E3%83%B6%E4%B8%98%20%E5%BC%98%E5%89%8D%E5%B8%82
グループホーム　ききょうの,グループホーム,青森県,弘前市,"介護,グループホーム,認知症",認知症のある方が少人数で生活する施設です。要支援・要介護度や地域要件を確認します。,https://www.google.com/search?q=%E3%82%B0%E3%83%AB%E3%83%BC%E3%83%97%E3%83%9B%E3%83%BC%E3%83%A0%E3%80%80%E3%81%8D%E3%81%8D%E3%82%87%E3%81%86%E3%81%AE%20%E5%BC%98%E5%89%8D%E5%B8%82,青森県弘前市大字桔梗野一丁目２番地３,0172-33-3674,厚生労働省オープンデータ,https://www.mhlw.go.jp/content/12300000/jigyosho_320.csv,2025-12末,https://www.google.com/search?q=%E3%82%B0%E3%83%AB%E3%83%BC%E3%83%97%E3%83%9B%E3%83%BC%E3%83%A0%E3%80%80%E3%81%8D%E3%81%8D%E3%82%87%E3%81%86%E3%81%AE%20%E5%BC%98%E5%89%8D%E5%B8%82
グループホーム城西,グループホーム,青森県,弘前市,"介護,グループホーム,認知症",認知症のある方が少人数で生活する施設です。要支援・要介護度や地域要件を確認します。,http://sanwakai.info/,青森県弘前市茜町２丁目１－１８,0172-31-4533,厚生労働省オープンデータ,https://www.mhlw.go.jp/content/12300000/jigyosho_320.csv,2025-12末,https://www.google.com/search?q=%E3%82%B0%E3%83%AB%E3%83%BC%E3%83%97%E3%83%9B%E3%83%BC%E3%83%A0%E5%9F%8E%E8%A5%BF%20%E5%BC%98%E5%89%8D%E5%B8%82
グループホームわかば,グループホーム,青森県,弘前市,"介護,グループホーム,認知症",認知症のある方が少人数で生活する施設です。要支援・要介護度や地域要件を確認します。,www.shichihoukai.or.jp,青森県弘前市大字若葉２丁目１５,0172-37-1176,厚生労働省オープンデータ,https://www.mhlw.go.jp/content/12300000/jigyosho_320.csv,2025-12末,https://www.google.com/search?q=%E3%82%B0%E3%83%AB%E3%83%BC%E3%83%97%E3%83%9B%E3%83%BC%E3%83%A0%E3%82%8F%E3%81%8B%E3%81%B0%20%E5%BC%98%E5%89%8D%E5%B8%82
グループホーム薫風舎,グループホーム,青森県,弘前市,"介護,グループホーム,認知症",認知症のある方が少人数で生活する施設です。要支援・要介護度や地域要件を確認します。,http://www.mitsuwa-group.co.jp,弘前市大字大久保字西田105番地42,0172-37-8800,厚生労働省オープンデータ,https://www.mhlw.go.jp/content/12300000/jigyosho_320.csv,2025-12末,https://www.google.com/search?q=%E3%82%B0%E3%83%AB%E3%83%BC%E3%83%97%E3%83%9B%E3%83%BC%E3%83%A0%E8%96%AB%E9%A2%A8%E8%88%8E%20%E5%BC%98%E5%89%8D%E5%B8%82
グループホーム　うぐいすの里弘前,グループホーム,青森県,弘前市,"介護,グループホーム,認知症",認知症のある方が少人数で生活する施設です。要支援・要介護度や地域要件を確認します。,http://www1.ocn.ne.jp/~uguisu/uguisunosatohirosaki.index.html,青森県弘前市大字向外瀬字豊田３１９番地１,0172-36-0028,厚生労働省オープンデータ,https://www.mhlw.go.jp/content/12300000/jigyosho_320.csv,2025-12末,https://www.google.com/search?q=%E3%82%B0%E3%83%AB%E3%83%BC%E3%83%97%E3%83%9B%E3%83%BC%E3%83%A0%E3%80%80%E3%81%86%E3%81%90%E3%81%84%E3%81%99%E3%81%AE%E9%87%8C%E5%BC%98%E5%89%8D%20%E5%BC%98%E5%89%8D%E5%B8%82
グループホームパインの森,グループホーム,青森県,弘前市,"介護,グループホーム,認知症",認知症のある方が少人数で生活する施設です。要支援・要介護度や地域要件を確認します。,https://gakuyokai.jp/,青森県弘前市大字一町田字浅井440番地2,0172-82-3200,厚生労働省オープンデータ,https://www.mhlw.go.jp/content/12300000/jigyosho_320.csv,2025-12末,https://www.google.com/search?q=%E3%82%B0%E3%83%AB%E3%83%BC%E3%83%97%E3%83%9B%E3%83%BC%E3%83%A0%E3%83%91%E3%82%A4%E3%83%B3%E3%81%AE%E6%A3%AE%20%E5%BC%98%E5%89%8D%E5%B8%82
グループホーム　いわき,グループホーム,青森県,弘前市,"介護,グループホーム,認知症",認知症のある方が少人数で生活する施設です。要支援・要介護度や地域要件を確認します。,gh-iwaki@rhythm.ocn.ne.jp,青森県弘前市大字一町田字村元711-3,0172-82-3331,厚生労働省オープンデータ,https://www.mhlw.go.jp/content/12300000/jigyosho_320.csv,2025-12末,https://www.google.com/search?q=%E3%82%B0%E3%83%AB%E3%83%BC%E3%83%97%E3%83%9B%E3%83%BC%E3%83%A0%E3%80%80%E3%81%84%E3%82%8F%E3%81%8D%20%E5%BC%98%E5%89%8D%E5%B8%82
グループホーム　ピノッ郷,グループホーム,青森県,弘前市,"介護,グループホーム,認知症",認知症のある方が少人数で生活する施設です。要支援・要介護度や地域要件を確認します。,http://gakuyokai.jp,青森県弘前市大字五代字田屋敷240番地1,0172-82-1515,厚生労働省オープンデータ,https://www.mhlw.go.jp/content/12300000/jigyosho_320.csv,2025-12末,https://www.google.com/search?q=%E3%82%B0%E3%83%AB%E3%83%BC%E3%83%97%E3%83%9B%E3%83%BC%E3%83%A0%E3%80%80%E3%83%94%E3%83%8E%E3%83%83%E9%83%B7%20%E5%BC%98%E5%89%8D%E5%B8%82
医療法人慶成会グループホームかわばた,グループホーム,青森県,弘前市,"介護,グループホーム,認知症",認知症のある方が少人数で生活する施設です。要支援・要介護度や地域要件を確認します。,https://www.google.com/search?q=%E5%8C%BB%E7%99%82%E6%B3%95%E4%BA%BA%E6%85%B6%E6%88%90%E4%BC%9A%E3%82%B0%E3%83%AB%E3%83%BC%E3%83%97%E3%83%9B%E3%83%BC%E3%83%A0%E3%81%8B%E3%82%8F%E3%81%B0%E3%81%9F%20%E5%BC%98%E5%89%8D%E5%B8%82,弘前市大字西川岸町６－１,０１７２－３４－８２８３,厚生労働省オープンデータ,https://www.mhlw.go.jp/content/12300000/jigyosho_320.csv,2025-12末,https://www.google.com/search?q=%E5%8C%BB%E7%99%82%E6%B3%95%E4%BA%BA%E6%85%B6%E6%88%90%E4%BC%9A%E3%82%B0%E3%83%AB%E3%83%BC%E3%83%97%E3%83%9B%E3%83%BC%E3%83%A0%E3%81%8B%E3%82%8F%E3%81%B0%E3%81%9F%20%E5%BC%98%E5%89%8D%E5%B8%82
グループホーム城南山崎,グループホーム,青森県,弘前市,"介護,グループホーム,認知症",認知症のある方が少人数で生活する施設です。要支援・要介護度や地域要件を確認します。,http://ｗｗｗ.oyoen.com/,青森県弘前市山崎3丁目6－1,0172－87－1555,厚生労働省オープンデータ,https://www.mhlw.go.jp/content/12300000/jigyosho_320.csv,2025-12末,https://www.google.com/search?q=%E3%82%B0%E3%83%AB%E3%83%BC%E3%83%97%E3%83%9B%E3%83%BC%E3%83%A0%E5%9F%8E%E5%8D%97%E5%B1%B1%E5%B4%8E%20%E5%BC%98%E5%89%8D%E5%B8%82
グループホーム　白寿の家,グループホーム,青森県,弘前市,"介護,グループホーム,認知症",認知症のある方が少人数で生活する施設です。要支援・要介護度や地域要件を確認します。,https://www.google.com/search?q=%E3%82%B0%E3%83%AB%E3%83%BC%E3%83%97%E3%83%9B%E3%83%BC%E3%83%A0%E3%80%80%E7%99%BD%E5%AF%BF%E3%81%AE%E5%AE%B6%20%E5%BC%98%E5%89%8D%E5%B8%82,青森県弘前市大字石川字岸田１５２番地2,0172-49-7000,厚生労働省オープンデータ,https://www.mhlw.go.jp/content/12300000/jigyosho_320.csv,2025-12末,https://www.google.com/search?q=%E3%82%B0%E3%83%AB%E3%83%BC%E3%83%97%E3%83%9B%E3%83%BC%E3%83%A0%E3%80%80%E7%99%BD%E5%AF%BF%E3%81%AE%E5%AE%B6%20%E5%BC%98%E5%89%8D%E5%B8%82
グループホーム　サンライフ堀越,グループホーム,青森県,弘前市,"介護,グループホーム,認知症",認知症のある方が少人数で生活する施設です。要支援・要介護度や地域要件を確認します。,gh-horikosi@mikasaen.or.jp,青森県弘前市大字堀越字柳元２９３-1,0172-29-5511,厚生労働省オープンデータ,https://www.mhlw.go.jp/content/12300000/jigyosho_320.csv,2025-12末,https://www.google.com/search?q=%E3%82%B0%E3%83%AB%E3%83%BC%E3%83%97%E3%83%9B%E3%83%BC%E3%83%A0%E3%80%80%E3%82%B5%E3%83%B3%E3%83%A9%E3%82%A4%E3%83%95%E5%A0%80%E8%B6%8A%20%E5%BC%98%E5%89%8D%E5%B8%82
グループホーム　フリージア,グループホーム,青森県,弘前市,"介護,グループホーム,認知症",認知症のある方が少人数で生活する施設です。要支援・要介護度や地域要件を確認します。,http//www2.ocn.ne.jp/~care.s/,青森県弘前市川先一丁目6番地１０,0172-28-4165,厚生労働省オープンデータ,https://www.mhlw.go.jp/content/12300000/jigyosho_320.csv,2025-12末,https://www.google.com/search?q=%E3%82%B0%E3%83%AB%E3%83%BC%E3%83%97%E3%83%9B%E3%83%BC%E3%83%A0%E3%80%80%E3%83%95%E3%83%AA%E3%83%BC%E3%82%B8%E3%82%A2%20%E5%BC%98%E5%89%8D%E5%B8%82
グループホーム鬼沢,グループホーム,青森県,弘前市,"介護,グループホーム,認知症",認知症のある方が少人数で生活する施設です。要支援・要介護度や地域要件を確認します。,https://www.google.com/search?q=%E3%82%B0%E3%83%AB%E3%83%BC%E3%83%97%E3%83%9B%E3%83%BC%E3%83%A0%E9%AC%BC%E6%B2%A2%20%E5%BC%98%E5%89%8D%E5%B8%82,弘前市大字鬼沢字山ノ越２４９番地,0172-99-5002,厚生労働省オープンデータ,https://www.mhlw.go.jp/content/12300000/jigyosho_320.csv,2025-12末,https://www.google.com/search?q=%E3%82%B0%E3%83%AB%E3%83%BC%E3%83%97%E3%83%9B%E3%83%BC%E3%83%A0%E9%AC%BC%E6%B2%A2%20%E5%BC%98%E5%89%8D%E5%B8%82
グループホーム　りんご座,グループホーム,青森県,弘前市,"介護,グループホーム,認知症",認知症のある方が少人数で生活する施設です。要支援・要介護度や地域要件を確認します。,http://www.choukeien.or.jp,青森県弘前市大字坂市字亀田53番地3,0172-84-1310,厚生労働省オープンデータ,https://www.mhlw.go.jp/content/12300000/jigyosho_320.csv,2025-12末,https://www.google.com/search?q=%E3%82%B0%E3%83%AB%E3%83%BC%E3%83%97%E3%83%9B%E3%83%BC%E3%83%A0%E3%80%80%E3%82%8A%E3%82%93%E3%81%94%E5%BA%A7%20%E5%BC%98%E5%89%8D%E5%B8%82
グループホーム　バンドー弘前泉野,グループホーム,青森県,弘前市,"介護,グループホーム,認知症",認知症のある方が少人数で生活する施設です。要支援・要介護度や地域要件を確認します。,http://www.bwfg.co.jp,青森県弘前市泉野２丁目8-6,0172-88-8315,厚生労働省オープンデータ,https://www.mhlw.go.jp/content/12300000/jigyosho_320.csv,2025-12末,https://www.google.com/search?q=%E3%82%B0%E3%83%AB%E3%83%BC%E3%83%97%E3%83%9B%E3%83%BC%E3%83%A0%E3%80%80%E3%83%90%E3%83%B3%E3%83%89%E3%83%BC%E5%BC%98%E5%89%8D%E6%B3%89%E9%87%8E%20%E5%BC%98%E5%89%8D%E5%B8%82
グループホーム　やすらぎ,グループホーム,青森県,弘前市,"介護,グループホーム,認知症",認知症のある方が少人数で生活する施設です。要支援・要介護度や地域要件を確認します。,http://onkoukai.or.jp/,青森県弘前市大字石川字大仏下53,0172-49-7035,厚生労働省オープンデータ,https://www.mhlw.go.jp/content/12300000/jigyosho_320.csv,2025-12末,https://www.google.com/search?q=%E3%82%B0%E3%83%AB%E3%83%BC%E3%83%97%E3%83%9B%E3%83%BC%E3%83%A0%E3%80%80%E3%82%84%E3%81%99%E3%82%89%E3%81%8E%20%E5%BC%98%E5%89%8D%E5%B8%82
グループホーム賀田,グループホーム,青森県,弘前市,"介護,グループホーム,認知症",認知症のある方が少人数で生活する施設です。要支援・要介護度や地域要件を確認します。,https://www.google.com/search?q=%E3%82%B0%E3%83%AB%E3%83%BC%E3%83%97%E3%83%9B%E3%83%BC%E3%83%A0%E8%B3%80%E7%94%B0%20%E5%BC%98%E5%89%8D%E5%B8%82,青森県弘前市大字大久保字西田98-4,0172-39-4788,厚生労働省オープンデータ,https://www.mhlw.go.jp/content/12300000/jigyosho_320.csv,2025-12末,https://www.google.com/search?q=%E3%82%B0%E3%83%AB%E3%83%BC%E3%83%97%E3%83%9B%E3%83%BC%E3%83%A0%E8%B3%80%E7%94%B0%20%E5%BC%98%E5%89%8D%E5%B8%82
医療法人青仁会グループホーム南寿の里「丘の家」,グループホーム,青森県,八戸市,"介護,グループホーム,認知症",認知症のある方が少人数で生活する施設です。要支援・要介護度や地域要件を確認します。,http://www.seijin.or.jp,青森県八戸市田面木字赤坂２５－２,0178-20-9898,厚生労働省オープンデータ,https://www.mhlw.go.jp/content/12300000/jigyosho_320.csv,2025-12末,https://www.google.com/search?q=%E5%8C%BB%E7%99%82%E6%B3%95%E4%BA%BA%E9%9D%92%E4%BB%81%E4%BC%9A%E3%82%B0%E3%83%AB%E3%83%BC%E3%83%97%E3%83%9B%E3%83%BC%E3%83%A0%E5%8D%97%E5%AF%BF%E3%81%AE%E9%87%8C%E3%80%8C%E4%B8%98%E3%81%AE%E5%AE%B6%E3%80%8D%20%E5%85%AB%E6%88%B8%E5%B8%82
グループホーム　りんごの家,グループホーム,青森県,八戸市,"介護,グループホーム,認知症",認知症のある方が少人数で生活する施設です。要支援・要介護度や地域要件を確認します。,http://www.heiwa-hp.or.jp,青森県八戸市湊高台２丁目６－４,0178-32-4051,厚生労働省オープンデータ,https://www.mhlw.go.jp/content/12300000/jigyosho_320.csv,2025-12末,https://www.google.com/search?q=%E3%82%B0%E3%83%AB%E3%83%BC%E3%83%97%E3%83%9B%E3%83%BC%E3%83%A0%E3%80%80%E3%82%8A%E3%82%93%E3%81%94%E3%81%AE%E5%AE%B6%20%E5%85%AB%E6%88%B8%E5%B8%82
グループホームほたる,グループホーム,青森県,八戸市,"介護,グループホーム,認知症",認知症のある方が少人数で生活する施設です。要支援・要介護度や地域要件を確認します。,http://care-net.biz/02/zuikoen/,八戸市大字大久保字大山32番1,0178-25-0117,厚生労働省オープンデータ,https://www.mhlw.go.jp/content/12300000/jigyosho_320.csv,2025-12末,https://www.google.com/search?q=%E3%82%B0%E3%83%AB%E3%83%BC%E3%83%97%E3%83%9B%E3%83%BC%E3%83%A0%E3%81%BB%E3%81%9F%E3%82%8B%20%E5%85%AB%E6%88%B8%E5%B8%82
グループホームしろがね,グループホーム,青森県,八戸市,"介護,グループホーム,認知症",認知症のある方が少人数で生活する施設です。要支援・要介護度や地域要件を確認します。,http://.sg-kumiai.or.jp/sirogane/index.html#mid13,八戸市白銀台3丁目11-3,0178-32-1577,厚生労働省オープンデータ,https://www.mhlw.go.jp/content/12300000/jigyosho_320.csv,2025-12末,https://www.google.com/search?q=%E3%82%B0%E3%83%AB%E3%83%BC%E3%83%97%E3%83%9B%E3%83%BC%E3%83%A0%E3%81%97%E3%82%8D%E3%81%8C%E3%81%AD%20%E5%85%AB%E6%88%B8%E5%B8%82
くつろぎ保養館,グループホーム,青森県,八戸市,"介護,グループホーム,認知症",認知症のある方が少人数で生活する施設です。要支援・要介護度や地域要件を確認します。,https://www.google.com/search?q=%E3%81%8F%E3%81%A4%E3%82%8D%E3%81%8E%E4%BF%9D%E9%A4%8A%E9%A4%A8%20%E5%85%AB%E6%88%B8%E5%B8%82,青森県八戸市小中野４丁目　３－４５,0178-72-3111,厚生労働省オープンデータ,https://www.mhlw.go.jp/content/12300000/jigyosho_320.csv,2025-12末,https://www.google.com/search?q=%E3%81%8F%E3%81%A4%E3%82%8D%E3%81%8E%E4%BF%9D%E9%A4%8A%E9%A4%A8%20%E5%85%AB%E6%88%B8%E5%B8%82
リビング・ホームおおつか,グループホーム,青森県,八戸市,"介護,グループホーム,認知症",認知症のある方が少人数で生活する施設です。要支援・要介護度や地域要件を確認します。,https://www.care-unique.com/,八戸市大久保大塚17-1055,0178-32-3511,厚生労働省オープンデータ,https://www.mhlw.go.jp/content/12300000/jigyosho_320.csv,2025-12末,https://www.google.com/search?q=%E3%83%AA%E3%83%93%E3%83%B3%E3%82%B0%E3%83%BB%E3%83%9B%E3%83%BC%E3%83%A0%E3%81%8A%E3%81%8A%E3%81%A4%E3%81%8B%20%E5%85%AB%E6%88%B8%E5%B8%82
グループホーム桔梗野の家,グループホーム,青森県,八戸市,"介護,グループホーム,認知症",認知症のある方が少人数で生活する施設です。要支援・要介護度や地域要件を確認します。,E-meil:kikyounonoie15.7@gmail.com,青森県八戸市大字市川町字桔梗野１５番地７,0178-21-3561,厚生労働省オープンデータ,https://www.mhlw.go.jp/content/12300000/jigyosho_320.csv,2025-12末,https://www.google.com/search?q=%E3%82%B0%E3%83%AB%E3%83%BC%E3%83%97%E3%83%9B%E3%83%BC%E3%83%A0%E6%A1%94%E6%A2%97%E9%87%8E%E3%81%AE%E5%AE%B6%20%E5%85%AB%E6%88%B8%E5%B8%82
グループホーム　八戸グリーンハイツ,グループホーム,青森県,八戸市,"介護,グループホーム,認知症",認知症のある方が少人数で生活する施設です。要支援・要介護度や地域要件を確認します。,green-hts.jp,八戸市大字白銀町字沢向１３－１,0178-32-4764,厚生労働省オープンデータ,https://www.mhlw.go.jp/content/12300000/jigyosho_320.csv,2025-12末,https://www.google.com/search?q=%E3%82%B0%E3%83%AB%E3%83%BC%E3%83%97%E3%83%9B%E3%83%BC%E3%83%A0%E3%80%80%E5%85%AB%E6%88%B8%E3%82%B0%E3%83%AA%E3%83%BC%E3%83%B3%E3%83%8F%E3%82%A4%E3%83%84%20%E5%85%AB%E6%88%B8%E5%B8%82
グループホームそら,グループホーム,青森県,八戸市,"介護,グループホーム,認知症",認知症のある方が少人数で生活する施設です。要支援・要介護度や地域要件を確認します。,http://www.gh-sora.jp,青森県八戸市大字大久保字西ノ平25番207,0178-32-2371,厚生労働省オープンデータ,https://www.mhlw.go.jp/content/12300000/jigyosho_320.csv,2025-12末,https://www.google.com/search?q=%E3%82%B0%E3%83%AB%E3%83%BC%E3%83%97%E3%83%9B%E3%83%BC%E3%83%A0%E3%81%9D%E3%82%89%20%E5%85%AB%E6%88%B8%E5%B8%82
グループホームむつ湊苑,グループホーム,青森県,八戸市,"介護,グループホーム,認知症",認知症のある方が少人数で生活する施設です。要支援・要介護度や地域要件を確認します。,www.i-infinite.jp,青森県八戸市大字湊町字上中道１－１１,0178-33-6666,厚生労働省オープンデータ,https://www.mhlw.go.jp/content/12300000/jigyosho_320.csv,2025-12末,https://www.google.com/search?q=%E3%82%B0%E3%83%AB%E3%83%BC%E3%83%97%E3%83%9B%E3%83%BC%E3%83%A0%E3%82%80%E3%81%A4%E6%B9%8A%E8%8B%91%20%E5%85%AB%E6%88%B8%E5%B8%82
グループホーム　ひかる,グループホーム,青森県,八戸市,"介護,グループホーム,認知症",認知症のある方が少人数で生活する施設です。要支援・要介護度や地域要件を確認します。,greenh@hi-net.ne.jp,青森県　八戸市　白銀５丁目８－２,0178-32-1755,厚生労働省オープンデータ,https://www.mhlw.go.jp/content/12300000/jigyosho_320.csv,2025-12末,https://www.google.com/search?q=%E3%82%B0%E3%83%AB%E3%83%BC%E3%83%97%E3%83%9B%E3%83%BC%E3%83%A0%E3%80%80%E3%81%B2%E3%81%8B%E3%82%8B%20%E5%85%AB%E6%88%B8%E5%B8%82
たむかい寿楽荘,グループホーム,青森県,八戸市,"介護,グループホーム,認知症",認知症のある方が少人数で生活する施設です。要支援・要介護度や地域要件を確認します。,https://www.juei-kai.or.jp/,青森県八戸市田向二丁目２－１,0178-47-7755,厚生労働省オープンデータ,https://www.mhlw.go.jp/content/12300000/jigyosho_320.csv,2025-12末,https://www.google.com/search?q=%E3%81%9F%E3%82%80%E3%81%8B%E3%81%84%E5%AF%BF%E6%A5%BD%E8%8D%98%20%E5%85%AB%E6%88%B8%E5%B8%82
グループホーム智水寮,グループホーム,青森県,八戸市,"介護,グループホーム,認知症",認知症のある方が少人数で生活する施設です。要支援・要介護度や地域要件を確認します。,https://www.google.com/search?q=%E3%82%B0%E3%83%AB%E3%83%BC%E3%83%97%E3%83%9B%E3%83%BC%E3%83%A0%E6%99%BA%E6%B0%B4%E5%AF%AE%20%E5%85%AB%E6%88%B8%E5%B8%82,青森県八戸市江陽二丁目１８番８号,0178-22-0011,厚生労働省オープンデータ,https://www.mhlw.go.jp/content/12300000/jigyosho_320.csv,2025-12末,https://www.google.com/search?q=%E3%82%B0%E3%83%AB%E3%83%BC%E3%83%97%E3%83%9B%E3%83%BC%E3%83%A0%E6%99%BA%E6%B0%B4%E5%AF%AE%20%E5%85%AB%E6%88%B8%E5%B8%82
グループホーム・トントン邑,グループホーム,青森県,八戸市,"介護,グループホーム,認知症",認知症のある方が少人数で生活する施設です。要支援・要介護度や地域要件を確認します。,https://www.google.com/search?q=%E3%82%B0%E3%83%AB%E3%83%BC%E3%83%97%E3%83%9B%E3%83%BC%E3%83%A0%E3%83%BB%E3%83%88%E3%83%B3%E3%83%88%E3%83%B3%E9%82%91%20%E5%85%AB%E6%88%B8%E5%B8%82,湊高台三丁目1番10号,0178-33-6314,厚生労働省オープンデータ,https://www.mhlw.go.jp/content/12300000/jigyosho_320.csv,2025-12末,https://www.google.com/search?q=%E3%82%B0%E3%83%AB%E3%83%BC%E3%83%97%E3%83%9B%E3%83%BC%E3%83%A0%E3%83%BB%E3%83%88%E3%83%B3%E3%83%88%E3%83%B3%E9%82%91%20%E5%85%AB%E6%88%B8%E5%B8%82
ケア・サポートふたつ家,グループホーム,青森県,八戸市,"介護,グループホーム,認知症",認知症のある方が少人数で生活する施設です。要支援・要介護度や地域要件を確認します。,https://www.google.com/search?q=%E3%82%B1%E3%82%A2%E3%83%BB%E3%82%B5%E3%83%9D%E3%83%BC%E3%83%88%E3%81%B5%E3%81%9F%E3%81%A4%E5%AE%B6%20%E5%85%AB%E6%88%B8%E5%B8%82,青森県八戸市大字糠塚字大開２０番地３２ケア・サポートふたつ家,0178-73-8570,厚生労働省オープンデータ,https://www.mhlw.go.jp/content/12300000/jigyosho_320.csv,2025-12末,https://www.google.com/search?q=%E3%82%B1%E3%82%A2%E3%83%BB%E3%82%B5%E3%83%9D%E3%83%BC%E3%83%88%E3%81%B5%E3%81%9F%E3%81%A4%E5%AE%B6%20%E5%85%AB%E6%88%B8%E5%B8%82
グループホーム市川,グループホーム,青森県,八戸市,"介護,グループホーム,認知症",認知症のある方が少人数で生活する施設です。要支援・要介護度や地域要件を確認します。,http://sg-hakuju.com/gh.html,青森県八戸市大字市川町字南尻引８４－１,0178-52-7070,厚生労働省オープンデータ,https://www.mhlw.go.jp/content/12300000/jigyosho_320.csv,2025-12末,https://www.google.com/search?q=%E3%82%B0%E3%83%AB%E3%83%BC%E3%83%97%E3%83%9B%E3%83%BC%E3%83%A0%E5%B8%82%E5%B7%9D%20%E5%85%AB%E6%88%B8%E5%B8%82
グループホームさいうん,グループホーム,青森県,八戸市,"介護,グループホーム,認知症",認知症のある方が少人数で生活する施設です。要支援・要介護度や地域要件を確認します。,http://www.nanrokukai.com/,青森県八戸市南郷大字島守字阿庄内15番地6,0178-82-3722,厚生労働省オープンデータ,https://www.mhlw.go.jp/content/12300000/jigyosho_320.csv,2025-12末,https://www.google.com/search?q=%E3%82%B0%E3%83%AB%E3%83%BC%E3%83%97%E3%83%9B%E3%83%BC%E3%83%A0%E3%81%95%E3%81%84%E3%81%86%E3%82%93%20%E5%85%AB%E6%88%B8%E5%B8%82
グループホーム妙水苑,グループホーム,青森県,八戸市,"介護,グループホーム,認知症",認知症のある方が少人数で生活する施設です。要支援・要介護度や地域要件を確認します。,http://www.sg-kumiai.or.jp/jinsenkai.htm,青森県八戸市大字妙字分枝４３,0178-30-2778,厚生労働省オープンデータ,https://www.mhlw.go.jp/content/12300000/jigyosho_320.csv,2025-12末,https://www.google.com/search?q=%E3%82%B0%E3%83%AB%E3%83%BC%E3%83%97%E3%83%9B%E3%83%BC%E3%83%A0%E5%A6%99%E6%B0%B4%E8%8B%91%20%E5%85%AB%E6%88%B8%E5%B8%82
グループホーム大地,グループホーム,青森県,八戸市,"介護,グループホーム,認知症",認知症のある方が少人数で生活する施設です。要支援・要介護度や地域要件を確認します。,http://www.gh-sora.jp/,青森県八戸市白銀町白浜道１４,０１７８－３８－７８０８,厚生労働省オープンデータ,https://www.mhlw.go.jp/content/12300000/jigyosho_320.csv,2025-12末,https://www.google.com/search?q=%E3%82%B0%E3%83%AB%E3%83%BC%E3%83%97%E3%83%9B%E3%83%BC%E3%83%A0%E5%A4%A7%E5%9C%B0%20%E5%85%AB%E6%88%B8%E5%B8%82
グループホーム南部山さきおりの家,グループホーム,青森県,八戸市,"介護,グループホーム,認知症",認知症のある方が少人数で生活する施設です。要支援・要介護度や地域要件を確認します。,https://sunrise-team.com,青森県八戸市河原木字平5－2,0178-21-2393,厚生労働省オープンデータ,https://www.mhlw.go.jp/content/12300000/jigyosho_320.csv,2025-12末,https://www.google.com/search?q=%E3%82%B0%E3%83%AB%E3%83%BC%E3%83%97%E3%83%9B%E3%83%BC%E3%83%A0%E5%8D%97%E9%83%A8%E5%B1%B1%E3%81%95%E3%81%8D%E3%81%8A%E3%82%8A%E3%81%AE%E5%AE%B6%20%E5%85%AB%E6%88%B8%E5%B8%82
グループホーム　サポージュ白山台,グループホーム,青森県,八戸市,"介護,グループホーム,認知症",認知症のある方が少人数で生活する施設です。要支援・要介護度や地域要件を確認します。,http://www.medicalfrontier.or.jp,青森県八戸市西白山台5丁目３番地１２,0178-38-3988,厚生労働省オープンデータ,https://www.mhlw.go.jp/content/12300000/jigyosho_320.csv,2025-12末,https://www.google.com/search?q=%E3%82%B0%E3%83%AB%E3%83%BC%E3%83%97%E3%83%9B%E3%83%BC%E3%83%A0%E3%80%80%E3%82%B5%E3%83%9D%E3%83%BC%E3%82%B8%E3%83%A5%E7%99%BD%E5%B1%B1%E5%8F%B0%20%E5%85%AB%E6%88%B8%E5%B8%82
グループホームかっこうの森ぬまだて,グループホーム,青森県,八戸市,"介護,グループホーム,認知症",認知症のある方が少人数で生活する施設です。要支援・要介護度や地域要件を確認します。,https://www.google.com/search?q=%E3%82%B0%E3%83%AB%E3%83%BC%E3%83%97%E3%83%9B%E3%83%BC%E3%83%A0%E3%81%8B%E3%81%A3%E3%81%93%E3%81%86%E3%81%AE%E6%A3%AE%E3%81%AC%E3%81%BE%E3%81%A0%E3%81%A6%20%E5%85%AB%E6%88%B8%E5%B8%82,青森県八戸市沼館１丁目１０－１３,０１７８－７３－２５１５,厚生労働省オープンデータ,https://www.mhlw.go.jp/content/12300000/jigyosho_320.csv,2025-12末,https://www.google.com/search?q=%E3%82%B0%E3%83%AB%E3%83%BC%E3%83%97%E3%83%9B%E3%83%BC%E3%83%A0%E3%81%8B%E3%81%A3%E3%81%93%E3%81%86%E3%81%AE%E6%A3%AE%E3%81%AC%E3%81%BE%E3%81%A0%E3%81%A6%20%E5%85%AB%E6%88%B8%E5%B8%82
グループホームぬくもり,グループホーム,青森県,八戸市,"介護,グループホーム,認知症",認知症のある方が少人数で生活する施設です。要支援・要介護度や地域要件を確認します。,https://www.jouhoku-hp.jp/,石堂一丁目14-27,0178-21-2688,厚生労働省オープンデータ,https://www.mhlw.go.jp/content/12300000/jigyosho_320.csv,2025-12末,https://www.google.com/search?q=%E3%82%B0%E3%83%AB%E3%83%BC%E3%83%97%E3%83%9B%E3%83%BC%E3%83%A0%E3%81%AC%E3%81%8F%E3%82%82%E3%82%8A%20%E5%85%AB%E6%88%B8%E5%B8%82
グループホーム舟見町,グループホーム,青森県,八戸市,"介護,グループホーム,認知症",認知症のある方が少人数で生活する施設です。要支援・要介護度や地域要件を確認します。,https://www.google.com/search?q=%E3%82%B0%E3%83%AB%E3%83%BC%E3%83%97%E3%83%9B%E3%83%BC%E3%83%A0%E8%88%9F%E8%A6%8B%E7%94%BA%20%E5%85%AB%E6%88%B8%E5%B8%82,青森県八戸市江陽５丁目７－２４,0178-73-5725,厚生労働省オープンデータ,https://www.mhlw.go.jp/content/12300000/jigyosho_320.csv,2025-12末,https://www.google.com/search?q=%E3%82%B0%E3%83%AB%E3%83%BC%E3%83%97%E3%83%9B%E3%83%BC%E3%83%A0%E8%88%9F%E8%A6%8B%E7%94%BA%20%E5%85%AB%E6%88%B8%E5%B8%82
リビング・ホームおおくぼ,グループホーム,青森県,八戸市,"介護,グループホーム,認知症",認知症のある方が少人数で生活する施設です。要支援・要介護度や地域要件を確認します。,https://www.google.com/search?q=%E3%83%AA%E3%83%93%E3%83%B3%E3%82%B0%E3%83%BB%E3%83%9B%E3%83%BC%E3%83%A0%E3%81%8A%E3%81%8A%E3%81%8F%E3%81%BC%20%E5%85%AB%E6%88%B8%E5%B8%82,八戸市大字大久保字大塚17-521,0178-32-4888,厚生労働省オープンデータ,https://www.mhlw.go.jp/content/12300000/jigyosho_320.csv,2025-12末,https://www.google.com/search?q=%E3%83%AA%E3%83%93%E3%83%B3%E3%82%B0%E3%83%BB%E3%83%9B%E3%83%BC%E3%83%A0%E3%81%8A%E3%81%8A%E3%81%8F%E3%81%BC%20%E5%85%AB%E6%88%B8%E5%B8%82
グループホームハピネスやくら,グループホーム,青森県,八戸市,"介護,グループホーム,認知症",認知症のある方が少人数で生活する施設です。要支援・要介護度や地域要件を確認します。,happiness-y@family-wf.jp,青森県八戸市大字八幡字下樋田1番5,0178-27-9055,厚生労働省オープンデータ,https://www.mhlw.go.jp/content/12300000/jigyosho_320.csv,2025-12末,https://www.google.com/search?q=%E3%82%B0%E3%83%AB%E3%83%BC%E3%83%97%E3%83%9B%E3%83%BC%E3%83%A0%E3%83%8F%E3%83%94%E3%83%8D%E3%82%B9%E3%82%84%E3%81%8F%E3%82%89%20%E5%85%AB%E6%88%B8%E5%B8%82
グループホームあんずの家,グループホーム,青森県,八戸市,"介護,グループホーム,認知症",認知症のある方が少人数で生活する施設です。要支援・要介護度や地域要件を確認します。,http://www.mihono.jp,青森県八戸市大字新井田字外久保３－１１1Fグループホームあんずの家　2Ｆデイサービスあんず,0178-25-6263,厚生労働省オープンデータ,https://www.mhlw.go.jp/content/12300000/jigyosho_320.csv,2025-12末,https://www.google.com/search?q=%E3%82%B0%E3%83%AB%E3%83%BC%E3%83%97%E3%83%9B%E3%83%BC%E3%83%A0%E3%81%82%E3%82%93%E3%81%9A%E3%81%AE%E5%AE%B6%20%E5%85%AB%E6%88%B8%E5%B8%82
グループホーム　こもれびの家,グループホーム,青森県,八戸市,"介護,グループホーム,認知症",認知症のある方が少人数で生活する施設です。要支援・要介護度や地域要件を確認します。,https://www.net-pier.org,青森県八戸市江陽二丁目13番36号,0178-45-5304,厚生労働省オープンデータ,https://www.mhlw.go.jp/content/12300000/jigyosho_320.csv,2025-12末,https://www.google.com/search?q=%E3%82%B0%E3%83%AB%E3%83%BC%E3%83%97%E3%83%9B%E3%83%BC%E3%83%A0%E3%80%80%E3%81%93%E3%82%82%E3%82%8C%E3%81%B3%E3%81%AE%E5%AE%B6%20%E5%85%AB%E6%88%B8%E5%B8%82
グループホーム　オーランド,グループホーム,青森県,八戸市,"介護,グループホーム,認知症",認知症のある方が少人数で生活する施設です。要支援・要介護度や地域要件を確認します。,http://www.nanayo.com/oland/index.html,青森県八戸市白銀町佐部長根２４－３１７,0178-35-2500,厚生労働省オープンデータ,https://www.mhlw.go.jp/content/12300000/jigyosho_320.csv,2025-12末,https://www.google.com/search?q=%E3%82%B0%E3%83%AB%E3%83%BC%E3%83%97%E3%83%9B%E3%83%BC%E3%83%A0%E3%80%80%E3%82%AA%E3%83%BC%E3%83%A9%E3%83%B3%E3%83%89%20%E5%85%AB%E6%88%B8%E5%B8%82
グループホーム　サポージュ中居林,グループホーム,青森県,八戸市,"介護,グループホーム,認知症",認知症のある方が少人数で生活する施設です。要支援・要介護度や地域要件を確認します。,http://www.medicalfrontier.or.jp,青森県八戸市大字石手洗字泉筋40番地1,0178-96-4311,厚生労働省オープンデータ,https://www.mhlw.go.jp/content/12300000/jigyosho_320.csv,2025-12末,https://www.google.com/search?q=%E3%82%B0%E3%83%AB%E3%83%BC%E3%83%97%E3%83%9B%E3%83%BC%E3%83%A0%E3%80%80%E3%82%B5%E3%83%9D%E3%83%BC%E3%82%B8%E3%83%A5%E4%B8%AD%E5%B1%85%E6%9E%97%20%E5%85%AB%E6%88%B8%E5%B8%82
グループホーム　あしたばの家,グループホーム,青森県,黒石市,"介護,グループホーム,認知症",認知症のある方が少人数で生活する施設です。要支援・要介護度や地域要件を確認します。,http://www.asitabanosato.jp,青森県黒石市末広６－１,0172-59-1422,厚生労働省オープンデータ,https://www.mhlw.go.jp/content/12300000/jigyosho_320.csv,2025-12末,https://www.google.com/search?q=%E3%82%B0%E3%83%AB%E3%83%BC%E3%83%97%E3%83%9B%E3%83%BC%E3%83%A0%E3%80%80%E3%81%82%E3%81%97%E3%81%9F%E3%81%B0%E3%81%AE%E5%AE%B6%20%E9%BB%92%E7%9F%B3%E5%B8%82
すみれの里,グループホーム,青森県,黒石市,"介護,グループホーム,認知症",認知症のある方が少人数で生活する施設です。要支援・要介護度や地域要件を確認します。,http://www.sumire-kai.jp/,黒石市馬場尻南６１－５,0172-53-6065,厚生労働省オープンデータ,https://www.mhlw.go.jp/content/12300000/jigyosho_320.csv,2025-12末,https://www.google.com/search?q=%E3%81%99%E3%81%BF%E3%82%8C%E3%81%AE%E9%87%8C%20%E9%BB%92%E7%9F%B3%E5%B8%82
黒石ケアサポートセンター,グループホーム,青森県,黒石市,"介護,グループホーム,認知症",認知症のある方が少人数で生活する施設です。要支援・要介護度や地域要件を確認します。,http://www.roujinhome-kuroishi.or.jp,大字赤坂字池田１３６番地,0172-59-1135,厚生労働省オープンデータ,https://www.mhlw.go.jp/content/12300000/jigyosho_320.csv,2025-12末,https://www.google.com/search?q=%E9%BB%92%E7%9F%B3%E3%82%B1%E3%82%A2%E3%82%B5%E3%83%9D%E3%83%BC%E3%83%88%E3%82%BB%E3%83%B3%E3%82%BF%E3%83%BC%20%E9%BB%92%E7%9F%B3%E5%B8%82
ハートハウス,グループホーム,青森県,黒石市,"介護,グループホーム,認知症",認知症のある方が少人数で生活する施設です。要支援・要介護度や地域要件を確認します。,https://www.google.com/search?q=%E3%83%8F%E3%83%BC%E3%83%88%E3%83%8F%E3%82%A6%E3%82%B9%20%E9%BB%92%E7%9F%B3%E5%B8%82,青森県黒石市あけぼの町105－2,0172－88－8020,厚生労働省オープンデータ,https://www.mhlw.go.jp/content/12300000/jigyosho_320.csv,2025-12末,https://www.google.com/search?q=%E3%83%8F%E3%83%BC%E3%83%88%E3%83%8F%E3%82%A6%E3%82%B9%20%E9%BB%92%E7%9F%B3%E5%B8%82
グループホーム静香荘,グループホーム,青森県,黒石市,"介護,グループホーム,認知症",認知症のある方が少人数で生活する施設です。要支援・要介護度や地域要件を確認します。,https://www.hakuyuukai.com,青森県黒石市浅瀬石字龍ノ口170番地1,0172-59-2425,厚生労働省オープンデータ,https://www.mhlw.go.jp/content/12300000/jigyosho_320.csv,2025-12末,https://www.google.com/search?q=%E3%82%B0%E3%83%AB%E3%83%BC%E3%83%97%E3%83%9B%E3%83%BC%E3%83%A0%E9%9D%99%E9%A6%99%E8%8D%98%20%E9%BB%92%E7%9F%B3%E5%B8%82
グループホームサンライフ浦町,グループホーム,青森県,黒石市,"介護,グループホーム,認知症",認知症のある方が少人数で生活する施設です。要支援・要介護度や地域要件を確認します。,http://www.mikasaen.or.jp,青森県黒石市浦町一丁目82,0172-55-7560,厚生労働省オープンデータ,https://www.mhlw.go.jp/content/12300000/jigyosho_320.csv,2025-12末,https://www.google.com/search?q=%E3%82%B0%E3%83%AB%E3%83%BC%E3%83%97%E3%83%9B%E3%83%BC%E3%83%A0%E3%82%B5%E3%83%B3%E3%83%A9%E3%82%A4%E3%83%95%E6%B5%A6%E7%94%BA%20%E9%BB%92%E7%9F%B3%E5%B8%82
グループホーム　バンドー黒石,グループホーム,青森県,黒石市,"介護,グループホーム,認知症",認知症のある方が少人数で生活する施設です。要支援・要介護度や地域要件を確認します。,http://www.bwfg.co.jp/,青森県黒石市追子野木１丁目１９０－２,0172-59-2626,厚生労働省オープンデータ,https://www.mhlw.go.jp/content/12300000/jigyosho_320.csv,2025-12末,https://www.google.com/search?q=%E3%82%B0%E3%83%AB%E3%83%BC%E3%83%97%E3%83%9B%E3%83%BC%E3%83%A0%E3%80%80%E3%83%90%E3%83%B3%E3%83%89%E3%83%BC%E9%BB%92%E7%9F%B3%20%E9%BB%92%E7%9F%B3%E5%B8%82
医療法人白生会　グループホームすずらん,グループホーム,青森県,五所川原市,"介護,グループホーム,認知症",認知症のある方が少人数で生活する施設です。要支援・要介護度や地域要件を確認します。,suzuran_hakuseikai@aioros.ocn.ne.jp,青森県五所川原市大字金山字竹崎254,0173-33-4158,厚生労働省オープンデータ,https://www.mhlw.go.jp/content/12300000/jigyosho_320.csv,2025-12末,https://www.google.com/search?q=%E5%8C%BB%E7%99%82%E6%B3%95%E4%BA%BA%E7%99%BD%E7%94%9F%E4%BC%9A%E3%80%80%E3%82%B0%E3%83%AB%E3%83%BC%E3%83%97%E3%83%9B%E3%83%BC%E3%83%A0%E3%81%99%E3%81%9A%E3%82%89%E3%82%93%20%E4%BA%94%E6%89%80%E5%B7%9D%E5%8E%9F%E5%B8%82
グループホーム　ひまわり,グループホーム,青森県,五所川原市,"介護,グループホーム,認知症",認知症のある方が少人数で生活する施設です。要支援・要介護度や地域要件を確認します。,http://shuseikai.com/,青森県五所川原市字一ッ谷５１０番地２３,0173-34-5551,厚生労働省オープンデータ,https://www.mhlw.go.jp/content/12300000/jigyosho_320.csv,2025-12末,https://www.google.com/search?q=%E3%82%B0%E3%83%AB%E3%83%BC%E3%83%97%E3%83%9B%E3%83%BC%E3%83%A0%E3%80%80%E3%81%B2%E3%81%BE%E3%82%8F%E3%82%8A%20%E4%BA%94%E6%89%80%E5%B7%9D%E5%8E%9F%E5%B8%82
高齢者グループホーム憩いの家,グループホーム,青森県,五所川原市,"介護,グループホーム,認知症",認知症のある方が少人数で生活する施設です。要支援・要介護度や地域要件を確認します。,http://norita-group.com,青森県五所川原市字一ツ谷５５４番地１０,0173-33-4301,厚生労働省オープンデータ,https://www.mhlw.go.jp/content/12300000/jigyosho_320.csv,2025-12末,https://www.google.com/search?q=%E9%AB%98%E9%BD%A2%E8%80%85%E3%82%B0%E3%83%AB%E3%83%BC%E3%83%97%E3%83%9B%E3%83%BC%E3%83%A0%E6%86%A9%E3%81%84%E3%81%AE%E5%AE%B6%20%E4%BA%94%E6%89%80%E5%B7%9D%E5%8E%9F%E5%B8%82
グループホームひまわり２,グループホーム,青森県,五所川原市,"介護,グループホーム,認知症",認知症のある方が少人数で生活する施設です。要支援・要介護度や地域要件を確認します。,shuseikai.com,青森県五所川原市字一ツ谷５１０番地２３,0173-34-5346,厚生労働省オープンデータ,https://www.mhlw.go.jp/content/12300000/jigyosho_320.csv,2025-12末,https://www.google.com/search?q=%E3%82%B0%E3%83%AB%E3%83%BC%E3%83%97%E3%83%9B%E3%83%BC%E3%83%A0%E3%81%B2%E3%81%BE%E3%82%8F%E3%82%8A%EF%BC%92%20%E4%BA%94%E6%89%80%E5%B7%9D%E5%8E%9F%E5%B8%82
グループホームわらび,グループホーム,青森県,五所川原市,"介護,グループホーム,認知症",認知症のある方が少人数で生活する施設です。要支援・要介護度や地域要件を確認します。,http://www.takushinkai.or.jp,青森県五所川原市大字水野尾字懸樋222-5,0173-38-3088,厚生労働省オープンデータ,https://www.mhlw.go.jp/content/12300000/jigyosho_320.csv,2025-12末,https://www.google.com/search?q=%E3%82%B0%E3%83%AB%E3%83%BC%E3%83%97%E3%83%9B%E3%83%BC%E3%83%A0%E3%82%8F%E3%82%89%E3%81%B3%20%E4%BA%94%E6%89%80%E5%B7%9D%E5%8E%9F%E5%B8%82
医療法人白生会　グループホーム楓,グループホーム,青森県,五所川原市,"介護,グループホーム,認知症",認知症のある方が少人数で生活する施設です。要支援・要介護度や地域要件を確認します。,sp4a3ya9@carol.ocn.ne.jp,青森県五所川原市金山字竹崎230-1,0173-33-5010,厚生労働省オープンデータ,https://www.mhlw.go.jp/content/12300000/jigyosho_320.csv,2025-12末,https://www.google.com/search?q=%E5%8C%BB%E7%99%82%E6%B3%95%E4%BA%BA%E7%99%BD%E7%94%9F%E4%BC%9A%E3%80%80%E3%82%B0%E3%83%AB%E3%83%BC%E3%83%97%E3%83%9B%E3%83%BC%E3%83%A0%E6%A5%93%20%E4%BA%94%E6%89%80%E5%B7%9D%E5%8E%9F%E5%B8%82
うめたグループホーム,グループホーム,青森県,五所川原市,"介護,グループホーム,認知症",認知症のある方が少人数で生活する施設です。要支援・要介護度や地域要件を確認します。,https://www.google.com/search?q=%E3%81%86%E3%82%81%E3%81%9F%E3%82%B0%E3%83%AB%E3%83%BC%E3%83%97%E3%83%9B%E3%83%BC%E3%83%A0%20%E4%BA%94%E6%89%80%E5%B7%9D%E5%8E%9F%E5%B8%82,青森県五所川原市大字梅田字福浦字475-13,0173-27-1331,厚生労働省オープンデータ,https://www.mhlw.go.jp/content/12300000/jigyosho_320.csv,2025-12末,https://www.google.com/search?q=%E3%81%86%E3%82%81%E3%81%9F%E3%82%B0%E3%83%AB%E3%83%BC%E3%83%97%E3%83%9B%E3%83%BC%E3%83%A0%20%E4%BA%94%E6%89%80%E5%B7%9D%E5%8E%9F%E5%B8%82
グループホーム毘沙門,グループホーム,青森県,五所川原市,"介護,グループホーム,認知症",認知症のある方が少人数で生活する施設です。要支援・要介護度や地域要件を確認します。,https://www.google.com/search?q=%E3%82%B0%E3%83%AB%E3%83%BC%E3%83%97%E3%83%9B%E3%83%BC%E3%83%A0%E6%AF%98%E6%B2%99%E9%96%80%20%E4%BA%94%E6%89%80%E5%B7%9D%E5%8E%9F%E5%B8%82,青森県五所川原市大字毘沙門字上熊石113-18,0173-37-2423,厚生労働省オープンデータ,https://www.mhlw.go.jp/content/12300000/jigyosho_320.csv,2025-12末,https://www.google.com/search?q=%E3%82%B0%E3%83%AB%E3%83%BC%E3%83%97%E3%83%9B%E3%83%BC%E3%83%A0%E6%AF%98%E6%B2%99%E9%96%80%20%E4%BA%94%E6%89%80%E5%B7%9D%E5%8E%9F%E5%B8%82
青山荘グループホーム,グループホーム,青森県,五所川原市,"介護,グループホーム,認知症",認知症のある方が少人数で生活する施設です。要支援・要介護度や地域要件を確認します。,http://www.seizanso.or.jp/,青森県五所川原市大字金山字盛山42番地8,0173-35-4252,厚生労働省オープンデータ,https://www.mhlw.go.jp/content/12300000/jigyosho_320.csv,2025-12末,https://www.google.com/search?q=%E9%9D%92%E5%B1%B1%E8%8D%98%E3%82%B0%E3%83%AB%E3%83%BC%E3%83%97%E3%83%9B%E3%83%BC%E3%83%A0%20%E4%BA%94%E6%89%80%E5%B7%9D%E5%8E%9F%E5%B8%82
グループホーム　こころ,グループホーム,青森県,五所川原市,"介護,グループホーム,認知症",認知症のある方が少人数で生活する施設です。要支援・要介護度や地域要件を確認します。,https://www.google.com/search?q=%E3%82%B0%E3%83%AB%E3%83%BC%E3%83%97%E3%83%9B%E3%83%BC%E3%83%A0%E3%80%80%E3%81%93%E3%81%93%E3%82%8D%20%E4%BA%94%E6%89%80%E5%B7%9D%E5%8E%9F%E5%B8%82,青森県五所川原市大字桜田字鴻ノ巣431番地1,0173-36-3001,厚生労働省オープンデータ,https://www.mhlw.go.jp/content/12300000/jigyosho_320.csv,2025-12末,https://www.google.com/search?q=%E3%82%B0%E3%83%AB%E3%83%BC%E3%83%97%E3%83%9B%E3%83%BC%E3%83%A0%E3%80%80%E3%81%93%E3%81%93%E3%82%8D%20%E4%BA%94%E6%89%80%E5%B7%9D%E5%8E%9F%E5%B8%82
グループホームあけぼの,グループホーム,青森県,五所川原市,"介護,グループホーム,認知症",認知症のある方が少人数で生活する施設です。要支援・要介護度や地域要件を確認します。,https://www.google.com/search?q=%E3%82%B0%E3%83%AB%E3%83%BC%E3%83%97%E3%83%9B%E3%83%BC%E3%83%A0%E3%81%82%E3%81%91%E3%81%BC%E3%81%AE%20%E4%BA%94%E6%89%80%E5%B7%9D%E5%8E%9F%E5%B8%82,青森県五所川原市大字稲実字開野１７７番地２０,0173-33-3171,厚生労働省オープンデータ,https://www.mhlw.go.jp/content/12300000/jigyosho_320.csv,2025-12末,https://www.google.com/search?q=%E3%82%B0%E3%83%AB%E3%83%BC%E3%83%97%E3%83%9B%E3%83%BC%E3%83%A0%E3%81%82%E3%81%91%E3%81%BC%E3%81%AE%20%E4%BA%94%E6%89%80%E5%B7%9D%E5%8E%9F%E5%B8%82
社会福祉法人白生会グループホームけやき,グループホーム,青森県,五所川原市,"介護,グループホーム,認知症",認知症のある方が少人数で生活する施設です。要支援・要介護度や地域要件を確認します。,keyaki@herb.ocn.ne.jp,青森県五所川原市敷島町1番地３,0173-38-3388,厚生労働省オープンデータ,https://www.mhlw.go.jp/content/12300000/jigyosho_320.csv,2025-12末,https://www.google.com/search?q=%E7%A4%BE%E4%BC%9A%E7%A6%8F%E7%A5%89%E6%B3%95%E4%BA%BA%E7%99%BD%E7%94%9F%E4%BC%9A%E3%82%B0%E3%83%AB%E3%83%BC%E3%83%97%E3%83%9B%E3%83%BC%E3%83%A0%E3%81%91%E3%82%84%E3%81%8D%20%E4%BA%94%E6%89%80%E5%B7%9D%E5%8E%9F%E5%B8%82
グループホームすこやか,グループホーム,青森県,五所川原市,"介護,グループホーム,認知症",認知症のある方が少人数で生活する施設です。要支援・要介護度や地域要件を確認します。,https://www.google.com/search?q=%E3%82%B0%E3%83%AB%E3%83%BC%E3%83%97%E3%83%9B%E3%83%BC%E3%83%A0%E3%81%99%E3%81%93%E3%82%84%E3%81%8B%20%E4%BA%94%E6%89%80%E5%B7%9D%E5%8E%9F%E5%B8%82,青森県五所川原市金木町芦野８４番地４４１,0173-53-3186,厚生労働省オープンデータ,https://www.mhlw.go.jp/content/12300000/jigyosho_320.csv,2025-12末,https://www.google.com/search?q=%E3%82%B0%E3%83%AB%E3%83%BC%E3%83%97%E3%83%9B%E3%83%BC%E3%83%A0%E3%81%99%E3%81%93%E3%82%84%E3%81%8B%20%E4%BA%94%E6%89%80%E5%B7%9D%E5%8E%9F%E5%B8%82
グループホーム　さくら園,グループホーム,青森県,五所川原市,"介護,グループホーム,認知症",認知症のある方が少人数で生活する施設です。要支援・要介護度や地域要件を確認します。,https://www.google.com/search?q=%E3%82%B0%E3%83%AB%E3%83%BC%E3%83%97%E3%83%9B%E3%83%BC%E3%83%A0%E3%80%80%E3%81%95%E3%81%8F%E3%82%89%E5%9C%92%20%E4%BA%94%E6%89%80%E5%B7%9D%E5%8E%9F%E5%B8%82,青森県五所川原市金木町川倉七夕野84番地367,0173-52-5053,厚生労働省オープンデータ,https://www.mhlw.go.jp/content/12300000/jigyosho_320.csv,2025-12末,https://www.google.com/search?q=%E3%82%B0%E3%83%AB%E3%83%BC%E3%83%97%E3%83%9B%E3%83%BC%E3%83%A0%E3%80%80%E3%81%95%E3%81%8F%E3%82%89%E5%9C%92%20%E4%BA%94%E6%89%80%E5%B7%9D%E5%8E%9F%E5%B8%82
グループホーム福祉の里,グループホーム,青森県,五所川原市,"介護,グループホーム,認知症",認知症のある方が少人数で生活する施設です。要支援・要介護度や地域要件を確認します。,https://www.google.com/search?q=%E3%82%B0%E3%83%AB%E3%83%BC%E3%83%97%E3%83%9B%E3%83%BC%E3%83%A0%E7%A6%8F%E7%A5%89%E3%81%AE%E9%87%8C%20%E4%BA%94%E6%89%80%E5%B7%9D%E5%8E%9F%E5%B8%82,金木町中柏木鎧石342番地2有限会社福祉の里,0173-52-2123,厚生労働省オープンデータ,https://www.mhlw.go.jp/content/12300000/jigyosho_320.csv,2025-12末,https://www.google.com/search?q=%E3%82%B0%E3%83%AB%E3%83%BC%E3%83%97%E3%83%9B%E3%83%BC%E3%83%A0%E7%A6%8F%E7%A5%89%E3%81%AE%E9%87%8C%20%E4%BA%94%E6%89%80%E5%B7%9D%E5%8E%9F%E5%B8%82
グループホーム大東ヶ丘,グループホーム,青森県,五所川原市,"介護,グループホーム,認知症",認知症のある方が少人数で生活する施設です。要支援・要介護度や地域要件を確認します。,http://kanou-fukushikai.jp/,青森県五所川原市金木町芦野363番地141,0173-54-1060,厚生労働省オープンデータ,https://www.mhlw.go.jp/content/12300000/jigyosho_320.csv,2025-12末,https://www.google.com/search?q=%E3%82%B0%E3%83%AB%E3%83%BC%E3%83%97%E3%83%9B%E3%83%BC%E3%83%A0%E5%A4%A7%E6%9D%B1%E3%83%B6%E4%B8%98%20%E4%BA%94%E6%89%80%E5%B7%9D%E5%8E%9F%E5%B8%82
グループホームいこいの里,グループホーム,青森県,五所川原市,"介護,グループホーム,認知症",認知症のある方が少人数で生活する施設です。要支援・要介護度や地域要件を確認します。,https://www.google.com/search?q=%E3%82%B0%E3%83%AB%E3%83%BC%E3%83%97%E3%83%9B%E3%83%BC%E3%83%A0%E3%81%84%E3%81%93%E3%81%84%E3%81%AE%E9%87%8C%20%E4%BA%94%E6%89%80%E5%B7%9D%E5%8E%9F%E5%B8%82,青森県五所川原市相内222番地1グループホームいこいの里,0173-62-3470,厚生労働省オープンデータ,https://www.mhlw.go.jp/content/12300000/jigyosho_320.csv,2025-12末,https://www.google.com/search?q=%E3%82%B0%E3%83%AB%E3%83%BC%E3%83%97%E3%83%9B%E3%83%BC%E3%83%A0%E3%81%84%E3%81%93%E3%81%84%E3%81%AE%E9%87%8C%20%E4%BA%94%E6%89%80%E5%B7%9D%E5%8E%9F%E5%B8%82
グループホームたんぽぽ,グループホーム,青森県,五所川原市,"介護,グループホーム,認知症",認知症のある方が少人数で生活する施設です。要支援・要介護度や地域要件を確認します。,https://www.care-tanpopo.co.jp,金木町芦野200-269,0173-54-2785,厚生労働省オープンデータ,https://www.mhlw.go.jp/content/12300000/jigyosho_320.csv,2025-12末,https://www.google.com/search?q=%E3%82%B0%E3%83%AB%E3%83%BC%E3%83%97%E3%83%9B%E3%83%BC%E3%83%A0%E3%81%9F%E3%82%93%E3%81%BD%E3%81%BD%20%E4%BA%94%E6%89%80%E5%B7%9D%E5%8E%9F%E5%B8%82
グループホーム　ふくうら,グループホーム,青森県,五所川原市,"介護,グループホーム,認知症",認知症のある方が少人数で生活する施設です。要支援・要介護度や地域要件を確認します。,http://www.hakuyuukai.com,青森県五所川原市大字梅田字福浦349番地2,0173-33-6056,厚生労働省オープンデータ,https://www.mhlw.go.jp/content/12300000/jigyosho_320.csv,2025-12末,https://www.google.com/search?q=%E3%82%B0%E3%83%AB%E3%83%BC%E3%83%97%E3%83%9B%E3%83%BC%E3%83%A0%E3%80%80%E3%81%B5%E3%81%8F%E3%81%86%E3%82%89%20%E4%BA%94%E6%89%80%E5%B7%9D%E5%8E%9F%E5%B8%82
グループホーム　エルムの里,グループホーム,青森県,五所川原市,"介護,グループホーム,認知症",認知症のある方が少人数で生活する施設です。要支援・要介護度や地域要件を確認します。,wing-2003,烏森572番地2,0173-34-7405,厚生労働省オープンデータ,https://www.mhlw.go.jp/content/12300000/jigyosho_320.csv,2025-12末,https://www.google.com/search?q=%E3%82%B0%E3%83%AB%E3%83%BC%E3%83%97%E3%83%9B%E3%83%BC%E3%83%A0%E3%80%80%E3%82%A8%E3%83%AB%E3%83%A0%E3%81%AE%E9%87%8C%20%E4%BA%94%E6%89%80%E5%B7%9D%E5%8E%9F%E5%B8%82
グループホーム祥光苑,グループホーム,青森県,五所川原市,"介護,グループホーム,認知症",認知症のある方が少人数で生活する施設です。要支援・要介護度や地域要件を確認します。,https://www.google.com/search?q=%E3%82%B0%E3%83%AB%E3%83%BC%E3%83%97%E3%83%9B%E3%83%BC%E3%83%A0%E7%A5%A5%E5%85%89%E8%8B%91%20%E4%BA%94%E6%89%80%E5%B7%9D%E5%8E%9F%E5%B8%82,大字沖飯詰字帯刀３７８番地,0173-39-5080,厚生労働省オープンデータ,https://www.mhlw.go.jp/content/12300000/jigyosho_320.csv,2025-12末,https://www.google.com/search?q=%E3%82%B0%E3%83%AB%E3%83%BC%E3%83%97%E3%83%9B%E3%83%BC%E3%83%A0%E7%A5%A5%E5%85%89%E8%8B%91%20%E4%BA%94%E6%89%80%E5%B7%9D%E5%8E%9F%E5%B8%82
グループホーム浅井,グループホーム,青森県,五所川原市,"介護,グループホーム,認知症",認知症のある方が少人数で生活する施設です。要支援・要介護度や地域要件を確認します。,asai.shishi@takushinkai.or.jp,青森県五所川原市大字浅井字色吉164-1,0173-29-4618,厚生労働省オープンデータ,https://www.mhlw.go.jp/content/12300000/jigyosho_320.csv,2025-12末,https://www.google.com/search?q=%E3%82%B0%E3%83%AB%E3%83%BC%E3%83%97%E3%83%9B%E3%83%BC%E3%83%A0%E6%B5%85%E4%BA%95%20%E4%BA%94%E6%89%80%E5%B7%9D%E5%8E%9F%E5%B8%82
グループホーム　ゆりの家,グループホーム,青森県,五所川原市,"介護,グループホーム,認知症",認知症のある方が少人数で生活する施設です。要支援・要介護度や地域要件を確認します。,http://hojyukai.or.jp/lily.html,青森県五所川原市金木町200番地242,0173-54-1391,厚生労働省オープンデータ,https://www.mhlw.go.jp/content/12300000/jigyosho_320.csv,2025-12末,https://www.google.com/search?q=%E3%82%B0%E3%83%AB%E3%83%BC%E3%83%97%E3%83%9B%E3%83%BC%E3%83%A0%E3%80%80%E3%82%86%E3%82%8A%E3%81%AE%E5%AE%B6%20%E4%BA%94%E6%89%80%E5%B7%9D%E5%8E%9F%E5%B8%82
グループホーム　たかしずの森,グループホーム,青森県,十和田市,"介護,グループホーム,認知症",認知症のある方が少人数で生活する施設です。要支援・要介護度や地域要件を確認します。,https://www.google.com/search?q=%E3%82%B0%E3%83%AB%E3%83%BC%E3%83%97%E3%83%9B%E3%83%BC%E3%83%A0%E3%80%80%E3%81%9F%E3%81%8B%E3%81%97%E3%81%9A%E3%81%AE%E6%A3%AE%20%E5%8D%81%E5%92%8C%E7%94%B0%E5%B8%82,青森県十和田市大字相坂字高清水７８番地５４,0176-22-0150,厚生労働省オープンデータ,https://www.mhlw.go.jp/content/12300000/jigyosho_320.csv,2025-12末,https://www.google.com/search?q=%E3%82%B0%E3%83%AB%E3%83%BC%E3%83%97%E3%83%9B%E3%83%BC%E3%83%A0%E3%80%80%E3%81%9F%E3%81%8B%E3%81%97%E3%81%9A%E3%81%AE%E6%A3%AE%20%E5%8D%81%E5%92%8C%E7%94%B0%E5%B8%82
グルーホーム　なかよし荘,グループホーム,青森県,十和田市,"介護,グループホーム,認知症",認知症のある方が少人数で生活する施設です。要支援・要介護度や地域要件を確認します。,http://www.nakayoshi-sou.or.jp,青森県十和田市大字深持字南平３１２－６,0176-20-1656,厚生労働省オープンデータ,https://www.mhlw.go.jp/content/12300000/jigyosho_320.csv,2025-12末,https://www.google.com/search?q=%E3%82%B0%E3%83%AB%E3%83%BC%E3%83%9B%E3%83%BC%E3%83%A0%E3%80%80%E3%81%AA%E3%81%8B%E3%82%88%E3%81%97%E8%8D%98%20%E5%8D%81%E5%92%8C%E7%94%B0%E5%B8%82
グループホームはなは,グループホーム,青森県,十和田市,"介護,グループホーム,認知症",認知症のある方が少人数で生活する施設です。要支援・要介護度や地域要件を確認します。,https://www.google.com/search?q=%E3%82%B0%E3%83%AB%E3%83%BC%E3%83%97%E3%83%9B%E3%83%BC%E3%83%A0%E3%81%AF%E3%81%AA%E3%81%AF%20%E5%8D%81%E5%92%8C%E7%94%B0%E5%B8%82,十和田市大字藤島字中道５２－１,0176-20-8784,厚生労働省オープンデータ,https://www.mhlw.go.jp/content/12300000/jigyosho_320.csv,2025-12末,https://www.google.com/search?q=%E3%82%B0%E3%83%AB%E3%83%BC%E3%83%97%E3%83%9B%E3%83%BC%E3%83%A0%E3%81%AF%E3%81%AA%E3%81%AF%20%E5%8D%81%E5%92%8C%E7%94%B0%E5%B8%82
グループホーム　きゃんぱす,グループホーム,青森県,十和田市,"介護,グループホーム,認知症",認知症のある方が少人数で生活する施設です。要支援・要介護度や地域要件を確認します。,http://www.towadakokai.jp,青森県十和田市大字相坂字小林76-5,0176-20-1822,厚生労働省オープンデータ,https://www.mhlw.go.jp/content/12300000/jigyosho_320.csv,2025-12末,https://www.google.com/search?q=%E3%82%B0%E3%83%AB%E3%83%BC%E3%83%97%E3%83%9B%E3%83%BC%E3%83%A0%E3%80%80%E3%81%8D%E3%82%83%E3%82%93%E3%81%B1%E3%81%99%20%E5%8D%81%E5%92%8C%E7%94%B0%E5%B8%82
グループホーム　らっこ,グループホーム,青森県,十和田市,"介護,グループホーム,認知症",認知症のある方が少人数で生活する施設です。要支援・要介護度や地域要件を確認します。,http://www.towadakokai.jp/,十和田市大字奥瀬字下川目2-1,0176-72-3122,厚生労働省オープンデータ,https://www.mhlw.go.jp/content/12300000/jigyosho_320.csv,2025-12末,https://www.google.com/search?q=%E3%82%B0%E3%83%AB%E3%83%BC%E3%83%97%E3%83%9B%E3%83%BC%E3%83%A0%E3%80%80%E3%82%89%E3%81%A3%E3%81%93%20%E5%8D%81%E5%92%8C%E7%94%B0%E5%B8%82
グループホーム　にこにこ館,グループホーム,青森県,十和田市,"介護,グループホーム,認知症",認知症のある方が少人数で生活する施設です。要支援・要介護度や地域要件を確認します。,https://www.sg-heart.or.jp/,青森県十和田市大字相坂字高清水１２６９,0176-22-0067,厚生労働省オープンデータ,https://www.mhlw.go.jp/content/12300000/jigyosho_320.csv,2025-12末,https://www.google.com/search?q=%E3%82%B0%E3%83%AB%E3%83%BC%E3%83%97%E3%83%9B%E3%83%BC%E3%83%A0%E3%80%80%E3%81%AB%E3%81%93%E3%81%AB%E3%81%93%E9%A4%A8%20%E5%8D%81%E5%92%8C%E7%94%B0%E5%B8%82
グループホーム西小稲八甲荘,グループホーム,青森県,十和田市,"介護,グループホーム,認知症",認知症のある方が少人数で生活する施設です。要支援・要介護度や地域要件を確認します。,https://www.google.com/search?q=%E3%82%B0%E3%83%AB%E3%83%BC%E3%83%97%E3%83%9B%E3%83%BC%E3%83%A0%E8%A5%BF%E5%B0%8F%E7%A8%B2%E5%85%AB%E7%94%B2%E8%8D%98%20%E5%8D%81%E5%92%8C%E7%94%B0%E5%B8%82,青森県十和田市大字三本木字西小稲１９５－１,0176-25-4540,厚生労働省オープンデータ,https://www.mhlw.go.jp/content/12300000/jigyosho_320.csv,2025-12末,https://www.google.com/search?q=%E3%82%B0%E3%83%AB%E3%83%BC%E3%83%97%E3%83%9B%E3%83%BC%E3%83%A0%E8%A5%BF%E5%B0%8F%E7%A8%B2%E5%85%AB%E7%94%B2%E8%8D%98%20%E5%8D%81%E5%92%8C%E7%94%B0%E5%B8%82
医療法人仁泉会　おしどりの里　グループホームおいらせ,グループホーム,青森県,十和田市,"介護,グループホーム,認知症",認知症のある方が少人数で生活する施設です。要支援・要介護度や地域要件を確認します。,http://jinsenkai.com,大字奥瀬字中平155,0176-72-3016,厚生労働省オープンデータ,https://www.mhlw.go.jp/content/12300000/jigyosho_320.csv,2025-12末,https://www.google.com/search?q=%E5%8C%BB%E7%99%82%E6%B3%95%E4%BA%BA%E4%BB%81%E6%B3%89%E4%BC%9A%E3%80%80%E3%81%8A%E3%81%97%E3%81%A9%E3%82%8A%E3%81%AE%E9%87%8C%E3%80%80%E3%82%B0%E3%83%AB%E3%83%BC%E3%83%97%E3%83%9B%E3%83%BC%E3%83%A0%E3%81%8A%E3%81%84%E3%82%89%E3%81%9B%20%E5%8D%81%E5%92%8C%E7%94%B0%E5%B8%82
グループホーム東一番町八甲荘,グループホーム,青森県,十和田市,"介護,グループホーム,認知症",認知症のある方が少人数で生活する施設です。要支援・要介護度や地域要件を確認します。,https://www.google.com/search?q=%E3%82%B0%E3%83%AB%E3%83%BC%E3%83%97%E3%83%9B%E3%83%BC%E3%83%A0%E6%9D%B1%E4%B8%80%E7%95%AA%E7%94%BA%E5%85%AB%E7%94%B2%E8%8D%98%20%E5%8D%81%E5%92%8C%E7%94%B0%E5%B8%82,青森県十和田市東一番町11-24,0176-58-7610,厚生労働省オープンデータ,https://www.mhlw.go.jp/content/12300000/jigyosho_320.csv,2025-12末,https://www.google.com/search?q=%E3%82%B0%E3%83%AB%E3%83%BC%E3%83%97%E3%83%9B%E3%83%BC%E3%83%A0%E6%9D%B1%E4%B8%80%E7%95%AA%E7%94%BA%E5%85%AB%E7%94%B2%E8%8D%98%20%E5%8D%81%E5%92%8C%E7%94%B0%E5%B8%82
グループホーム　らいぶ,グループホーム,青森県,十和田市,"介護,グループホーム,認知症",認知症のある方が少人数で生活する施設です。要支援・要介護度や地域要件を確認します。,https://www.google.com/search?q=%E3%82%B0%E3%83%AB%E3%83%BC%E3%83%97%E3%83%9B%E3%83%BC%E3%83%A0%E3%80%80%E3%82%89%E3%81%84%E3%81%B6%20%E5%8D%81%E5%92%8C%E7%94%B0%E5%B8%82,青森県十和田市西十ニ番町16-2,0176－58－7272,厚生労働省オープンデータ,https://www.mhlw.go.jp/content/12300000/jigyosho_320.csv,2025-12末,https://www.google.com/search?q=%E3%82%B0%E3%83%AB%E3%83%BC%E3%83%97%E3%83%9B%E3%83%BC%E3%83%A0%E3%80%80%E3%82%89%E3%81%84%E3%81%B6%20%E5%8D%81%E5%92%8C%E7%94%B0%E5%B8%82
沢田のグループホーム和っぷる,グループホーム,青森県,十和田市,"介護,グループホーム,認知症",認知症のある方が少人数で生活する施設です。要支援・要介護度や地域要件を確認します。,https://www.google.com/search?q=%E6%B2%A2%E7%94%B0%E3%81%AE%E3%82%B0%E3%83%AB%E3%83%BC%E3%83%97%E3%83%9B%E3%83%BC%E3%83%A0%E5%92%8C%E3%81%A3%E3%81%B7%E3%82%8B%20%E5%8D%81%E5%92%8C%E7%94%B0%E5%B8%82,青森県十和田市大字沢田字田屋10番地4,0176-73-2020,厚生労働省オープンデータ,https://www.mhlw.go.jp/content/12300000/jigyosho_320.csv,2025-12末,https://www.google.com/search?q=%E6%B2%A2%E7%94%B0%E3%81%AE%E3%82%B0%E3%83%AB%E3%83%BC%E3%83%97%E3%83%9B%E3%83%BC%E3%83%A0%E5%92%8C%E3%81%A3%E3%81%B7%E3%82%8B%20%E5%8D%81%E5%92%8C%E7%94%B0%E5%B8%82
松園グループホーム・スカイ,グループホーム,青森県,三沢市,"介護,グループホーム,認知症",認知症のある方が少人数で生活する施設です。要支援・要介護度や地域要件を確認します。,http://www.rakuseikai.ro.jp/,青森県三沢市松園町二丁目7－7,0176-57-5753,厚生労働省オープンデータ,https://www.mhlw.go.jp/content/12300000/jigyosho_320.csv,2025-12末,https://www.google.com/search?q=%E6%9D%BE%E5%9C%92%E3%82%B0%E3%83%AB%E3%83%BC%E3%83%97%E3%83%9B%E3%83%BC%E3%83%A0%E3%83%BB%E3%82%B9%E3%82%AB%E3%82%A4%20%E4%B8%89%E6%B2%A2%E5%B8%82
グループホーム　赤とんぼ,グループホーム,青森県,三沢市,"介護,グループホーム,認知症",認知症のある方が少人数で生活する施設です。要支援・要介護度や地域要件を確認します。,https://care-net.biz/02/akatonbo/,青森県三沢市大字三沢字南山85-10,0176-54-2332,厚生労働省オープンデータ,https://www.mhlw.go.jp/content/12300000/jigyosho_320.csv,2025-12末,https://www.google.com/search?q=%E3%82%B0%E3%83%AB%E3%83%BC%E3%83%97%E3%83%9B%E3%83%BC%E3%83%A0%E3%80%80%E8%B5%A4%E3%81%A8%E3%82%93%E3%81%BC%20%E4%B8%89%E6%B2%A2%E5%B8%82
グループホームクローバー,グループホーム,青森県,三沢市,"介護,グループホーム,認知症",認知症のある方が少人数で生活する施設です。要支援・要介護度や地域要件を確認します。,https://www.google.com/search?q=%E3%82%B0%E3%83%AB%E3%83%BC%E3%83%97%E3%83%9B%E3%83%BC%E3%83%A0%E3%82%AF%E3%83%AD%E3%83%BC%E3%83%90%E3%83%BC%20%E4%B8%89%E6%B2%A2%E5%B8%82,古間木二丁目181-13,0176-58-5354,厚生労働省オープンデータ,https://www.mhlw.go.jp/content/12300000/jigyosho_320.csv,2025-12末,https://www.google.com/search?q=%E3%82%B0%E3%83%AB%E3%83%BC%E3%83%97%E3%83%9B%E3%83%BC%E3%83%A0%E3%82%AF%E3%83%AD%E3%83%BC%E3%83%90%E3%83%BC%20%E4%B8%89%E6%B2%A2%E5%B8%82
グループホーム　ひばり苑,グループホーム,青森県,三沢市,"介護,グループホーム,認知症",認知症のある方が少人数で生活する施設です。要支援・要介護度や地域要件を確認します。,http://www.joukoukai.or.jp/,青森県三沢市六川目六丁目２８番地６号,0176-59-3601,厚生労働省オープンデータ,https://www.mhlw.go.jp/content/12300000/jigyosho_320.csv,2025-12末,https://www.google.com/search?q=%E3%82%B0%E3%83%AB%E3%83%BC%E3%83%97%E3%83%9B%E3%83%BC%E3%83%A0%E3%80%80%E3%81%B2%E3%81%B0%E3%82%8A%E8%8B%91%20%E4%B8%89%E6%B2%A2%E5%B8%82
グループホームにこにこプラザみさわ,グループホーム,青森県,三沢市,"介護,グループホーム,認知症",認知症のある方が少人数で生活する施設です。要支援・要介護度や地域要件を確認します。,http://www.sg-silver.or.jp/,青森県三沢市松園町3丁目2番1号,0176-51-7474,厚生労働省オープンデータ,https://www.mhlw.go.jp/content/12300000/jigyosho_320.csv,2025-12末,https://www.google.com/search?q=%E3%82%B0%E3%83%AB%E3%83%BC%E3%83%97%E3%83%9B%E3%83%BC%E3%83%A0%E3%81%AB%E3%81%93%E3%81%AB%E3%81%93%E3%83%97%E3%83%A9%E3%82%B6%E3%81%BF%E3%81%95%E3%82%8F%20%E4%B8%89%E6%B2%A2%E5%B8%82
グループホーム赤とんぼ花園,グループホーム,青森県,三沢市,"介護,グループホーム,認知症",認知症のある方が少人数で生活する施設です。要支援・要介護度や地域要件を確認します。,https://www.google.com/search?q=%E3%82%B0%E3%83%AB%E3%83%BC%E3%83%97%E3%83%9B%E3%83%BC%E3%83%A0%E8%B5%A4%E3%81%A8%E3%82%93%E3%81%BC%E8%8A%B1%E5%9C%92%20%E4%B8%89%E6%B2%A2%E5%B8%82,青森県三沢市花園町一丁目5-16,0176-50-1007,厚生労働省オープンデータ,https://www.mhlw.go.jp/content/12300000/jigyosho_320.csv,2025-12末,https://www.google.com/search?q=%E3%82%B0%E3%83%AB%E3%83%BC%E3%83%97%E3%83%9B%E3%83%BC%E3%83%A0%E8%B5%A4%E3%81%A8%E3%82%93%E3%81%BC%E8%8A%B1%E5%9C%92%20%E4%B8%89%E6%B2%A2%E5%B8%82
グループホームまるめろ,グループホーム,青森県,むつ市,"介護,グループホーム,認知症",認知症のある方が少人数で生活する施設です。要支援・要介護度や地域要件を確認します。,http://www.michinokuso.or.jp/,青森県むつ市十二林１１－１３,0175-23-0611,厚生労働省オープンデータ,https://www.mhlw.go.jp/content/12300000/jigyosho_320.csv,2025-12末,https://www.google.com/search?q=%E3%82%B0%E3%83%AB%E3%83%BC%E3%83%97%E3%83%9B%E3%83%BC%E3%83%A0%E3%81%BE%E3%82%8B%E3%82%81%E3%82%8D%20%E3%82%80%E3%81%A4%E5%B8%82
グループホーム　　バンドー下北,グループホーム,青森県,むつ市,"介護,グループホーム,認知症",認知症のある方が少人数で生活する施設です。要支援・要介護度や地域要件を確認します。,http://www.bwfg.co.jp/,青森県むつ市新町３２－１５,0175-23-5541,厚生労働省オープンデータ,https://www.mhlw.go.jp/content/12300000/jigyosho_320.csv,2025-12末,https://www.google.com/search?q=%E3%82%B0%E3%83%AB%E3%83%BC%E3%83%97%E3%83%9B%E3%83%BC%E3%83%A0%E3%80%80%E3%80%80%E3%83%90%E3%83%B3%E3%83%89%E3%83%BC%E4%B8%8B%E5%8C%97%20%E3%82%80%E3%81%A4%E5%B8%82
グループホーム　バンドー大湊,グループホーム,青森県,むつ市,"介護,グループホーム,認知症",認知症のある方が少人数で生活する施設です。要支援・要介護度や地域要件を確認します。,http://www.bwfg.co.jp/,青森県むつ市真砂町７－１,0175-28-3726,厚生労働省オープンデータ,https://www.mhlw.go.jp/content/12300000/jigyosho_320.csv,2025-12末,https://www.google.com/search?q=%E3%82%B0%E3%83%AB%E3%83%BC%E3%83%97%E3%83%9B%E3%83%BC%E3%83%A0%E3%80%80%E3%83%90%E3%83%B3%E3%83%89%E3%83%BC%E5%A4%A7%E6%B9%8A%20%E3%82%80%E3%81%A4%E5%B8%82
グループホーム　さくらの里,グループホーム,青森県,むつ市,"介護,グループホーム,認知症",認知症のある方が少人数で生活する施設です。要支援・要介護度や地域要件を確認します。,https://www.google.com/search?q=%E3%82%B0%E3%83%AB%E3%83%BC%E3%83%97%E3%83%9B%E3%83%BC%E3%83%A0%E3%80%80%E3%81%95%E3%81%8F%E3%82%89%E3%81%AE%E9%87%8C%20%E3%82%80%E3%81%A4%E5%B8%82,青森県むつ市田名部字土手内74-237,0175-22-1765,厚生労働省オープンデータ,https://www.mhlw.go.jp/content/12300000/jigyosho_320.csv,2025-12末,https://www.google.com/search?q=%E3%82%B0%E3%83%AB%E3%83%BC%E3%83%97%E3%83%9B%E3%83%BC%E3%83%A0%E3%80%80%E3%81%95%E3%81%8F%E3%82%89%E3%81%AE%E9%87%8C%20%E3%82%80%E3%81%A4%E5%B8%82
グループホームせせらぎ,グループホーム,青森県,むつ市,"介護,グループホーム,認知症",認知症のある方が少人数で生活する施設です。要支援・要介護度や地域要件を確認します。,www.yachiyo-kai.com,青森県むつ市川内町獅子畑128番地4,0175-42-3103,厚生労働省オープンデータ,https://www.mhlw.go.jp/content/12300000/jigyosho_320.csv,2025-12末,https://www.google.com/search?q=%E3%82%B0%E3%83%AB%E3%83%BC%E3%83%97%E3%83%9B%E3%83%BC%E3%83%A0%E3%81%9B%E3%81%9B%E3%82%89%E3%81%8E%20%E3%82%80%E3%81%A4%E5%B8%82
医療法人　光和会　にこにこハウス金曲,グループホーム,青森県,むつ市,"介護,グループホーム,認知症",認知症のある方が少人数で生活する施設です。要支援・要介護度や地域要件を確認します。,https://www.google.com/search?q=%E5%8C%BB%E7%99%82%E6%B3%95%E4%BA%BA%E3%80%80%E5%85%89%E5%92%8C%E4%BC%9A%E3%80%80%E3%81%AB%E3%81%93%E3%81%AB%E3%81%93%E3%83%8F%E3%82%A6%E3%82%B9%E9%87%91%E6%9B%B2%20%E3%82%80%E3%81%A4%E5%B8%82,むつ市金曲３丁目５番２９号,0175-23-1660,厚生労働省オープンデータ,https://www.mhlw.go.jp/content/12300000/jigyosho_320.csv,2025-12末,https://www.google.com/search?q=%E5%8C%BB%E7%99%82%E6%B3%95%E4%BA%BA%E3%80%80%E5%85%89%E5%92%8C%E4%BC%9A%E3%80%80%E3%81%AB%E3%81%93%E3%81%AB%E3%81%93%E3%83%8F%E3%82%A6%E3%82%B9%E9%87%91%E6%9B%B2%20%E3%82%80%E3%81%A4%E5%B8%82
認知症対応型共同生活介護　おおみなと園,グループホーム,青森県,むつ市,"介護,グループホーム,認知症",認知症のある方が少人数で生活する施設です。要支援・要介護度や地域要件を確認します。,http://www.sakuragikai.or.jp,青森県むつ市大湊新町30番10号,0715-34-1496,厚生労働省オープンデータ,https://www.mhlw.go.jp/content/12300000/jigyosho_320.csv,2025-12末,https://www.google.com/search?q=%E8%AA%8D%E7%9F%A5%E7%97%87%E5%AF%BE%E5%BF%9C%E5%9E%8B%E5%85%B1%E5%90%8C%E7%94%9F%E6%B4%BB%E4%BB%8B%E8%AD%B7%E3%80%80%E3%81%8A%E3%81%8A%E3%81%BF%E3%81%AA%E3%81%A8%E5%9C%92%20%E3%82%80%E3%81%A4%E5%B8%82
グループホームゆうあいの里,グループホーム,青森県,つがる市,"介護,グループホーム,認知症",認知症のある方が少人数で生活する施設です。要支援・要介護度や地域要件を確認します。,https://www.google.com/search?q=%E3%82%B0%E3%83%AB%E3%83%BC%E3%83%97%E3%83%9B%E3%83%BC%E3%83%A0%E3%82%86%E3%81%86%E3%81%82%E3%81%84%E3%81%AE%E9%87%8C%20%E3%81%A4%E3%81%8C%E3%82%8B%E5%B8%82,青森県つがる市豊富町屏風山1番地377,0173-69-5100,厚生労働省オープンデータ,https://www.mhlw.go.jp/content/12300000/jigyosho_320.csv,2025-12末,https://www.google.com/search?q=%E3%82%B0%E3%83%AB%E3%83%BC%E3%83%97%E3%83%9B%E3%83%BC%E3%83%A0%E3%82%86%E3%81%86%E3%81%82%E3%81%84%E3%81%AE%E9%87%8C%20%E3%81%A4%E3%81%8C%E3%82%8B%E5%B8%82
つがる市社会福祉協議会　グループホーム安住の里,グループホーム,青森県,つがる市,"介護,グループホーム,認知症",認知症のある方が少人数で生活する施設です。要支援・要介護度や地域要件を確認します。,https://www.google.com/search?q=%E3%81%A4%E3%81%8C%E3%82%8B%E5%B8%82%E7%A4%BE%E4%BC%9A%E7%A6%8F%E7%A5%89%E5%8D%94%E8%AD%B0%E4%BC%9A%E3%80%80%E3%82%B0%E3%83%AB%E3%83%BC%E3%83%97%E3%83%9B%E3%83%BC%E3%83%A0%E5%AE%89%E4%BD%8F%E3%81%AE%E9%87%8C%20%E3%81%A4%E3%81%8C%E3%82%8B%E5%B8%82,青森県つがる市稲垣町豊川宮川143番地1,0173-46-3100,厚生労働省オープンデータ,https://www.mhlw.go.jp/content/12300000/jigyosho_320.csv,2025-12末,https://www.google.com/search?q=%E3%81%A4%E3%81%8C%E3%82%8B%E5%B8%82%E7%A4%BE%E4%BC%9A%E7%A6%8F%E7%A5%89%E5%8D%94%E8%AD%B0%E4%BC%9A%E3%80%80%E3%82%B0%E3%83%AB%E3%83%BC%E3%83%97%E3%83%9B%E3%83%BC%E3%83%A0%E5%AE%89%E4%BD%8F%E3%81%AE%E9%87%8C%20%E3%81%A4%E3%81%8C%E3%82%8B%E5%B8%82
グループホーム桑寿園,グループホーム,青森県,つがる市,"介護,グループホーム,認知症",認知症のある方が少人数で生活する施設です。要支援・要介護度や地域要件を確認します。,https://www.hakuyuukai.com,青森県つがる市柏桑野木田若宮２５５番地１,0173-25-2115,厚生労働省オープンデータ,https://www.mhlw.go.jp/content/12300000/jigyosho_320.csv,2025-12末,https://www.google.com/search?q=%E3%82%B0%E3%83%AB%E3%83%BC%E3%83%97%E3%83%9B%E3%83%BC%E3%83%A0%E6%A1%91%E5%AF%BF%E5%9C%92%20%E3%81%A4%E3%81%8C%E3%82%8B%E5%B8%82
グループホーム我が家,グループホーム,青森県,つがる市,"介護,グループホーム,認知症",認知症のある方が少人数で生活する施設です。要支援・要介護度や地域要件を確認します。,https://www.google.com/search?q=%E3%82%B0%E3%83%AB%E3%83%BC%E3%83%97%E3%83%9B%E3%83%BC%E3%83%A0%E6%88%91%E3%81%8C%E5%AE%B6%20%E3%81%A4%E3%81%8C%E3%82%8B%E5%B8%82,つがる市木造中館田浦４４－１,0173-49-2312,厚生労働省オープンデータ,https://www.mhlw.go.jp/content/12300000/jigyosho_320.csv,2025-12末,https://www.google.com/search?q=%E3%82%B0%E3%83%AB%E3%83%BC%E3%83%97%E3%83%9B%E3%83%BC%E3%83%A0%E6%88%91%E3%81%8C%E5%AE%B6%20%E3%81%A4%E3%81%8C%E3%82%8B%E5%B8%82
グループホーム　白壽,グループホーム,青森県,つがる市,"介護,グループホーム,認知症",認知症のある方が少人数で生活する施設です。要支援・要介護度や地域要件を確認します。,https://www.google.com/search?q=%E3%82%B0%E3%83%AB%E3%83%BC%E3%83%97%E3%83%9B%E3%83%BC%E3%83%A0%E3%80%80%E7%99%BD%E5%A3%BD%20%E3%81%A4%E3%81%8C%E3%82%8B%E5%B8%82,青森県つがる市福原印元61-1,0173-42-7032,厚生労働省オープンデータ,https://www.mhlw.go.jp/content/12300000/jigyosho_320.csv,2025-12末,https://www.google.com/search?q=%E3%82%B0%E3%83%AB%E3%83%BC%E3%83%97%E3%83%9B%E3%83%BC%E3%83%A0%E3%80%80%E7%99%BD%E5%A3%BD%20%E3%81%A4%E3%81%8C%E3%82%8B%E5%B8%82
グループホームきづくり,グループホーム,青森県,つがる市,"介護,グループホーム,認知症",認知症のある方が少人数で生活する施設です。要支援・要介護度や地域要件を確認します。,https://gh-kidukuri.circle-care.jp/,青森県つがる市木造芦沼15番地,0173-49-1217,厚生労働省オープンデータ,https://www.mhlw.go.jp/content/12300000/jigyosho_320.csv,2025-12末,https://www.google.com/search?q=%E3%82%B0%E3%83%AB%E3%83%BC%E3%83%97%E3%83%9B%E3%83%BC%E3%83%A0%E3%81%8D%E3%81%A5%E3%81%8F%E3%82%8A%20%E3%81%A4%E3%81%8C%E3%82%8B%E5%B8%82
グループホーム　ぬくもりの家,グループホーム,青森県,つがる市,"介護,グループホーム,認知症",認知症のある方が少人数で生活する施設です。要支援・要介護度や地域要件を確認します。,gh-nukumorinoie.circle-care.jp,つがる市森田町上相野柾木１９－４,0173-49-1577,厚生労働省オープンデータ,https://www.mhlw.go.jp/content/12300000/jigyosho_320.csv,2025-12末,https://www.google.com/search?q=%E3%82%B0%E3%83%AB%E3%83%BC%E3%83%97%E3%83%9B%E3%83%BC%E3%83%A0%E3%80%80%E3%81%AC%E3%81%8F%E3%82%82%E3%82%8A%E3%81%AE%E5%AE%B6%20%E3%81%A4%E3%81%8C%E3%82%8B%E5%B8%82
グループホーム　清里,グループホーム,青森県,つがる市,"介護,グループホーム,認知症",認知症のある方が少人数で生活する施設です。要支援・要介護度や地域要件を確認します。,https://kiyosato7.wixsite.com./-grouphome,富萢町屏風山1番地1048,0173-26-7533,厚生労働省オープンデータ,https://www.mhlw.go.jp/content/12300000/jigyosho_320.csv,2025-12末,https://www.google.com/search?q=%E3%82%B0%E3%83%AB%E3%83%BC%E3%83%97%E3%83%9B%E3%83%BC%E3%83%A0%E3%80%80%E6%B8%85%E9%87%8C%20%E3%81%A4%E3%81%8C%E3%82%8B%E5%B8%82
グループホーム日和,グループホーム,青森県,つがる市,"介護,グループホーム,認知症",認知症のある方が少人数で生活する施設です。要支援・要介護度や地域要件を確認します。,https://www.google.com/search?q=%E3%82%B0%E3%83%AB%E3%83%BC%E3%83%97%E3%83%9B%E3%83%BC%E3%83%A0%E6%97%A5%E5%92%8C%20%E3%81%A4%E3%81%8C%E3%82%8B%E5%B8%82,青森県つがる市木造福原常盤20-1,0173-26-7466,厚生労働省オープンデータ,https://www.mhlw.go.jp/content/12300000/jigyosho_320.csv,2025-12末,https://www.google.com/search?q=%E3%82%B0%E3%83%AB%E3%83%BC%E3%83%97%E3%83%9B%E3%83%BC%E3%83%A0%E6%97%A5%E5%92%8C%20%E3%81%A4%E3%81%8C%E3%82%8B%E5%B8%82
グループホームつがる,グループホーム,青森県,つがる市,"介護,グループホーム,認知症",認知症のある方が少人数で生活する施設です。要支援・要介護度や地域要件を確認します。,https://www.shimano-group.jp/,青森県つがる市木造吹原西前田21番18,0173-26-2388,厚生労働省オープンデータ,https://www.mhlw.go.jp/content/12300000/jigyosho_320.csv,2025-12末,https://www.google.com/search?q=%E3%82%B0%E3%83%AB%E3%83%BC%E3%83%97%E3%83%9B%E3%83%BC%E3%83%A0%E3%81%A4%E3%81%8C%E3%82%8B%20%E3%81%A4%E3%81%8C%E3%82%8B%E5%B8%82
グループホームきさく,グループホーム,青森県,つがる市,"介護,グループホーム,認知症",認知症のある方が少人数で生活する施設です。要支援・要介護度や地域要件を確認します。,https://www.google.com/search?q=%E3%82%B0%E3%83%AB%E3%83%BC%E3%83%97%E3%83%9B%E3%83%BC%E3%83%A0%E3%81%8D%E3%81%95%E3%81%8F%20%E3%81%A4%E3%81%8C%E3%82%8B%E5%B8%82,青森県つがる市木造朝日13-8グループホームきさく,0173-23-5833,厚生労働省オープンデータ,https://www.mhlw.go.jp/content/12300000/jigyosho_320.csv,2025-12末,https://www.google.com/search?q=%E3%82%B0%E3%83%AB%E3%83%BC%E3%83%97%E3%83%9B%E3%83%BC%E3%83%A0%E3%81%8D%E3%81%95%E3%81%8F%20%E3%81%A4%E3%81%8C%E3%82%8B%E5%B8%82
グループホーム　太陽の家,グループホーム,青森県,平川市,"介護,グループホーム,認知症",認知症のある方が少人数で生活する施設です。要支援・要介護度や地域要件を確認します。,http://ryokufu.or.jp/,平川市沖館向野９１－１,0172-43-0080,厚生労働省オープンデータ,https://www.mhlw.go.jp/content/12300000/jigyosho_320.csv,2025-12末,https://www.google.com/search?q=%E3%82%B0%E3%83%AB%E3%83%BC%E3%83%97%E3%83%9B%E3%83%BC%E3%83%A0%E3%80%80%E5%A4%AA%E9%99%BD%E3%81%AE%E5%AE%B6%20%E5%B9%B3%E5%B7%9D%E5%B8%82
グループホームいずみ,グループホーム,青森県,平川市,"介護,グループホーム,認知症",認知症のある方が少人数で生活する施設です。要支援・要介護度や地域要件を確認します。,https://miraikai.cloud-line.com,青森県平川市李平上山崎53-1,0172-57-5110,厚生労働省オープンデータ,https://www.mhlw.go.jp/content/12300000/jigyosho_320.csv,2025-12末,https://www.google.com/search?q=%E3%82%B0%E3%83%AB%E3%83%BC%E3%83%97%E3%83%9B%E3%83%BC%E3%83%A0%E3%81%84%E3%81%9A%E3%81%BF%20%E5%B9%B3%E5%B7%9D%E5%B8%82
グループホーム　あすか,グループホーム,青森県,平川市,"介護,グループホーム,認知症",認知症のある方が少人数で生活する施設です。要支援・要介護度や地域要件を確認します。,http://www.kaigo-support.co.jp/,町居西田111番地１,0172-38-4165,厚生労働省オープンデータ,https://www.mhlw.go.jp/content/12300000/jigyosho_320.csv,2025-12末,https://www.google.com/search?q=%E3%82%B0%E3%83%AB%E3%83%BC%E3%83%97%E3%83%9B%E3%83%BC%E3%83%A0%E3%80%80%E3%81%82%E3%81%99%E3%81%8B%20%E5%B9%B3%E5%B7%9D%E5%B8%82
グループホームなごみ,グループホーム,青森県,平川市,"介護,グループホーム,認知症",認知症のある方が少人数で生活する施設です。要支援・要介護度や地域要件を確認します。,https://www.google.com/search?q=%E3%82%B0%E3%83%AB%E3%83%BC%E3%83%97%E3%83%9B%E3%83%BC%E3%83%A0%E3%81%AA%E3%81%94%E3%81%BF%20%E5%B9%B3%E5%B7%9D%E5%B8%82,青森県平川市柏木町藤山30-35,0172-43-0505,厚生労働省オープンデータ,https://www.mhlw.go.jp/content/12300000/jigyosho_320.csv,2025-12末,https://www.google.com/search?q=%E3%82%B0%E3%83%AB%E3%83%BC%E3%83%97%E3%83%9B%E3%83%BC%E3%83%A0%E3%81%AA%E3%81%94%E3%81%BF%20%E5%B9%B3%E5%B7%9D%E5%B8%82
グループホームサンライフ三笠,グループホーム,青森県,平川市,"介護,グループホーム,認知症",認知症のある方が少人数で生活する施設です。要支援・要介護度や地域要件を確認します。,http://www.mikasaen-hp.com/nyusho#nyusho07,青森県平川市館田西和田201‐2,0172‐44‐8010,厚生労働省オープンデータ,https://www.mhlw.go.jp/content/12300000/jigyosho_320.csv,2025-12末,https://www.google.com/search?q=%E3%82%B0%E3%83%AB%E3%83%BC%E3%83%97%E3%83%9B%E3%83%BC%E3%83%A0%E3%82%B5%E3%83%B3%E3%83%A9%E3%82%A4%E3%83%95%E4%B8%89%E7%AC%A0%20%E5%B9%B3%E5%B7%9D%E5%B8%82
グループホームおのえ,グループホーム,青森県,平川市,"介護,グループホーム,認知症",認知症のある方が少人数で生活する施設です。要支援・要介護度や地域要件を確認します。,http://sanwakai.info/,青森県平川市中佐渡上石田36-1,0172-43-5227,厚生労働省オープンデータ,https://www.mhlw.go.jp/content/12300000/jigyosho_320.csv,2025-12末,https://www.google.com/search?q=%E3%82%B0%E3%83%AB%E3%83%BC%E3%83%97%E3%83%9B%E3%83%BC%E3%83%A0%E3%81%8A%E3%81%AE%E3%81%88%20%E5%B9%B3%E5%B7%9D%E5%B8%82
グループホーム　サンライフ碇ヶ関,グループホーム,青森県,平川市,"介護,グループホーム,認知症",認知症のある方が少人数で生活する施設です。要支援・要介護度や地域要件を確認します。,http;//www.mikasaen-hp.com,青森県平川市碇ヶ関鯨森90-1,0172-49-5070,厚生労働省オープンデータ,https://www.mhlw.go.jp/content/12300000/jigyosho_320.csv,2025-12末,https://www.google.com/search?q=%E3%82%B0%E3%83%AB%E3%83%BC%E3%83%97%E3%83%9B%E3%83%BC%E3%83%A0%E3%80%80%E3%82%B5%E3%83%B3%E3%83%A9%E3%82%A4%E3%83%95%E7%A2%87%E3%83%B6%E9%96%A2%20%E5%B9%B3%E5%B7%9D%E5%B8%82
グループホームからたけ,グループホーム,青森県,平川市,"介護,グループホーム,認知症",認知症のある方が少人数で生活する施設です。要支援・要介護度や地域要件を確認します。,www.k5.dion.ne.jp/~hakuyuu/index2.html,青森県平川市唐竹苺原71番地2,0172-44-9111,厚生労働省オープンデータ,https://www.mhlw.go.jp/content/12300000/jigyosho_320.csv,2025-12末,https://www.google.com/search?q=%E3%82%B0%E3%83%AB%E3%83%BC%E3%83%97%E3%83%9B%E3%83%BC%E3%83%A0%E3%81%8B%E3%82%89%E3%81%9F%E3%81%91%20%E5%B9%B3%E5%B7%9D%E5%B8%82
グループホームあいのり,グループホーム,青森県,平川市,"介護,グループホーム,認知症",認知症のある方が少人数で生活する施設です。要支援・要介護度や地域要件を確認します。,http://www16.ocn.ne.jp/~ushuji/ushuji_007.htm,青森県平川市碇ヶ関西碇ヶ関１８５番地,0172-49-5678,厚生労働省オープンデータ,https://www.mhlw.go.jp/content/12300000/jigyosho_320.csv,2025-12末,https://www.google.com/search?q=%E3%82%B0%E3%83%AB%E3%83%BC%E3%83%97%E3%83%9B%E3%83%BC%E3%83%A0%E3%81%82%E3%81%84%E3%81%AE%E3%82%8A%20%E5%B9%B3%E5%B7%9D%E5%B8%82
グループホーム岩木望おのえ,グループホーム,青森県,平川市,"介護,グループホーム,認知症",認知症のある方が少人数で生活する施設です。要支援・要介護度や地域要件を確認します。,https://www.google.com/search?q=%E3%82%B0%E3%83%AB%E3%83%BC%E3%83%97%E3%83%9B%E3%83%BC%E3%83%A0%E5%B2%A9%E6%9C%A8%E6%9C%9B%E3%81%8A%E3%81%AE%E3%81%88%20%E5%B9%B3%E5%B7%9D%E5%B8%82,平川市原上原24-4,0172-57-5720,厚生労働省オープンデータ,https://www.mhlw.go.jp/content/12300000/jigyosho_320.csv,2025-12末,https://www.google.com/search?q=%E3%82%B0%E3%83%AB%E3%83%BC%E3%83%97%E3%83%9B%E3%83%BC%E3%83%A0%E5%B2%A9%E6%9C%A8%E6%9C%9B%E3%81%8A%E3%81%AE%E3%81%88%20%E5%B9%B3%E5%B7%9D%E5%B8%82
グループホーム　もみじの森,グループホーム,青森県,平川市,"介護,グループホーム,認知症",認知症のある方が少人数で生活する施設です。要支援・要介護度や地域要件を確認します。,https://www.google.com/search?q=%E3%82%B0%E3%83%AB%E3%83%BC%E3%83%97%E3%83%9B%E3%83%BC%E3%83%A0%E3%80%80%E3%82%82%E3%81%BF%E3%81%98%E3%81%AE%E6%A3%AE%20%E5%B9%B3%E5%B7%9D%E5%B8%82,平川市猿賀石林３７番地３,0172-43-5213,厚生労働省オープンデータ,https://www.mhlw.go.jp/content/12300000/jigyosho_320.csv,2025-12末,https://www.google.com/search?q=%E3%82%B0%E3%83%AB%E3%83%BC%E3%83%97%E3%83%9B%E3%83%BC%E3%83%A0%E3%80%80%E3%82%82%E3%81%BF%E3%81%98%E3%81%AE%E6%A3%AE%20%E5%B9%B3%E5%B7%9D%E5%B8%82
社会福祉法人徳寿福祉会,グループホーム,青森県,平内町,"介護,グループホーム,認知症",認知症のある方が少人数で生活する施設です。要支援・要介護度や地域要件を確認します。,https://sites.google.com/view/hiranaitown-dsc-himawari/%E9%99%BD%E3%81%A0%E3%81%BE%E3%82%8A%E3%81%AE%E5%AE%B6%E3%81%B2%E3%81%BE%E3%82%8F%E3%82%8A,青森県東津軽郡平内町清水川字権十郎新田８,017-758-1030,厚生労働省オープンデータ,https://www.mhlw.go.jp/content/12300000/jigyosho_320.csv,2025-12末,https://www.google.com/search?q=%E7%A4%BE%E4%BC%9A%E7%A6%8F%E7%A5%89%E6%B3%95%E4%BA%BA%E5%BE%B3%E5%AF%BF%E7%A6%8F%E7%A5%89%E4%BC%9A%20%E5%B9%B3%E5%86%85%E7%94%BA
グループホーム　ふれあいの里,グループホーム,青森県,今別町,"介護,グループホーム,認知症",認知症のある方が少人数で生活する施設です。要支援・要介護度や地域要件を確認します。,https://www.google.com/search?q=%E3%82%B0%E3%83%AB%E3%83%BC%E3%83%97%E3%83%9B%E3%83%BC%E3%83%A0%E3%80%80%E3%81%B5%E3%82%8C%E3%81%82%E3%81%84%E3%81%AE%E9%87%8C%20%E4%BB%8A%E5%88%A5%E7%94%BA,青森県東津軽郡今別町大字今別字中沢　149-1,0174-35-3020,厚生労働省オープンデータ,https://www.mhlw.go.jp/content/12300000/jigyosho_320.csv,2025-12末,https://www.google.com/search?q=%E3%82%B0%E3%83%AB%E3%83%BC%E3%83%97%E3%83%9B%E3%83%BC%E3%83%A0%E3%80%80%E3%81%B5%E3%82%8C%E3%81%82%E3%81%84%E3%81%AE%E9%87%8C%20%E4%BB%8A%E5%88%A5%E7%94%BA
グループホーム　ふれあいの里Ⅱ,グループホーム,青森県,今別町,"介護,グループホーム,認知症",認知症のある方が少人数で生活する施設です。要支援・要介護度や地域要件を確認します。,https://www.google.com/search?q=%E3%82%B0%E3%83%AB%E3%83%BC%E3%83%97%E3%83%9B%E3%83%BC%E3%83%A0%E3%80%80%E3%81%B5%E3%82%8C%E3%81%82%E3%81%84%E3%81%AE%E9%87%8C%E2%85%A1%20%E4%BB%8A%E5%88%A5%E7%94%BA,青森県東津軽郡今別町大字今別字中沢　149-1,0174-35-3020,厚生労働省オープンデータ,https://www.mhlw.go.jp/content/12300000/jigyosho_320.csv,2025-12末,https://www.google.com/search?q=%E3%82%B0%E3%83%AB%E3%83%BC%E3%83%97%E3%83%9B%E3%83%BC%E3%83%A0%E3%80%80%E3%81%B5%E3%82%8C%E3%81%82%E3%81%84%E3%81%AE%E9%87%8C%E2%85%A1%20%E4%BB%8A%E5%88%A5%E7%94%BA
グループホーム　よもぎた,グループホーム,青森県,蓬田村,"介護,グループホーム,認知症",認知症のある方が少人数で生活する施設です。要支援・要介護度や地域要件を確認します。,https://www.google.com/search?q=%E3%82%B0%E3%83%AB%E3%83%BC%E3%83%97%E3%83%9B%E3%83%BC%E3%83%A0%E3%80%80%E3%82%88%E3%82%82%E3%81%8E%E3%81%9F%20%E8%93%AC%E7%94%B0%E6%9D%91,青森県東津軽郡蓬田村大字阿弥陀川字汐干１１６番地１,0174-31-3151,厚生労働省オープンデータ,https://www.mhlw.go.jp/content/12300000/jigyosho_320.csv,2025-12末,https://www.google.com/search?q=%E3%82%B0%E3%83%AB%E3%83%BC%E3%83%97%E3%83%9B%E3%83%BC%E3%83%A0%E3%80%80%E3%82%88%E3%82%82%E3%81%8E%E3%81%9F%20%E8%93%AC%E7%94%B0%E6%9D%91
社会福祉法人緑鴎会玉松ホーム,グループホーム,青森県,蓬田村,"介護,グループホーム,認知症",認知症のある方が少人数で生活する施設です。要支援・要介護度や地域要件を確認します。,http://ryokuoukai.net/,東津軽郡蓬田村大字瀬辺地字山田１－６５,0174-27-2255,厚生労働省オープンデータ,https://www.mhlw.go.jp/content/12300000/jigyosho_320.csv,2025-12末,https://www.google.com/search?q=%E7%A4%BE%E4%BC%9A%E7%A6%8F%E7%A5%89%E6%B3%95%E4%BA%BA%E7%B7%91%E9%B4%8E%E4%BC%9A%E7%8E%89%E6%9D%BE%E3%83%9B%E3%83%BC%E3%83%A0%20%E8%93%AC%E7%94%B0%E6%9D%91
有限会社　グループホーム逢々,グループホーム,青森県,蓬田村,"介護,グループホーム,認知症",認知症のある方が少人数で生活する施設です。要支援・要介護度や地域要件を確認します。,https://www.google.com/search?q=%E6%9C%89%E9%99%90%E4%BC%9A%E7%A4%BE%E3%80%80%E3%82%B0%E3%83%AB%E3%83%BC%E3%83%97%E3%83%9B%E3%83%BC%E3%83%A0%E9%80%A2%E3%80%85%20%E8%93%AC%E7%94%B0%E6%9D%91,青森県東津軽群蓬田村大字瀬辺地字山田１番地２８,0174-31-3890,厚生労働省オープンデータ,https://www.mhlw.go.jp/content/12300000/jigyosho_320.csv,2025-12末,https://www.google.com/search?q=%E6%9C%89%E9%99%90%E4%BC%9A%E7%A4%BE%E3%80%80%E3%82%B0%E3%83%AB%E3%83%BC%E3%83%97%E3%83%9B%E3%83%BC%E3%83%A0%E9%80%A2%E3%80%85%20%E8%93%AC%E7%94%B0%E6%9D%91
グループホーム　いきがいの里,グループホーム,青森県,外ヶ浜町,"介護,グループホーム,認知症",認知症のある方が少人数で生活する施設です。要支援・要介護度や地域要件を確認します。,https://www.ikigainosato.jp,青森県東津軽郡外ヶ浜町字蟹田内黒山１２番地１６４,0174-31-1105,厚生労働省オープンデータ,https://www.mhlw.go.jp/content/12300000/jigyosho_320.csv,2025-12末,https://www.google.com/search?q=%E3%82%B0%E3%83%AB%E3%83%BC%E3%83%97%E3%83%9B%E3%83%BC%E3%83%A0%E3%80%80%E3%81%84%E3%81%8D%E3%81%8C%E3%81%84%E3%81%AE%E9%87%8C%20%E5%A4%96%E3%83%B6%E6%B5%9C%E7%94%BA
グループホームみんまや,グループホーム,青森県,外ヶ浜町,"介護,グループホーム,認知症",認知症のある方が少人数で生活する施設です。要支援・要介護度や地域要件を確認します。,https://www.google.com/search?q=%E3%82%B0%E3%83%AB%E3%83%BC%E3%83%97%E3%83%9B%E3%83%BC%E3%83%A0%E3%81%BF%E3%82%93%E3%81%BE%E3%82%84%20%E5%A4%96%E3%83%B6%E6%B5%9C%E7%94%BA,青森県東津軽郡外ヶ浜町字三厩桃ヶ丘209番地1,0174-37-3181,厚生労働省オープンデータ,https://www.mhlw.go.jp/content/12300000/jigyosho_320.csv,2025-12末,https://www.google.com/search?q=%E3%82%B0%E3%83%AB%E3%83%BC%E3%83%97%E3%83%9B%E3%83%BC%E3%83%A0%E3%81%BF%E3%82%93%E3%81%BE%E3%82%84%20%E5%A4%96%E3%83%B6%E6%B5%9C%E7%94%BA
グループホーム　よつば,グループホーム,青森県,外ヶ浜町,"介護,グループホーム,認知症",認知症のある方が少人数で生活する施設です。要支援・要介護度や地域要件を確認します。,https://www.google.com/search?q=%E3%82%B0%E3%83%AB%E3%83%BC%E3%83%97%E3%83%9B%E3%83%BC%E3%83%A0%E3%80%80%E3%82%88%E3%81%A4%E3%81%B0%20%E5%A4%96%E3%83%B6%E6%B5%9C%E7%94%BA,平舘根岸小川258-2,0174-31-2755,厚生労働省オープンデータ,https://www.mhlw.go.jp/content/12300000/jigyosho_320.csv,2025-12末,https://www.google.com/search?q=%E3%82%B0%E3%83%AB%E3%83%BC%E3%83%97%E3%83%9B%E3%83%BC%E3%83%A0%E3%80%80%E3%82%88%E3%81%A4%E3%81%B0%20%E5%A4%96%E3%83%B6%E6%B5%9C%E7%94%BA
グループホーム　うぐいすの里,グループホーム,青森県,鰺ヶ沢町,"介護,グループホーム,認知症",認知症のある方が少人数で生活する施設です。要支援・要介護度や地域要件を確認します。,http://otowakai.or.jp/,西津軽郡鯵ヶ沢町大字長平町字甲音羽山６５－４１１,0173-72-1314,厚生労働省オープンデータ,https://www.mhlw.go.jp/content/12300000/jigyosho_320.csv,2025-12末,https://www.google.com/search?q=%E3%82%B0%E3%83%AB%E3%83%BC%E3%83%97%E3%83%9B%E3%83%BC%E3%83%A0%E3%80%80%E3%81%86%E3%81%90%E3%81%84%E3%81%99%E3%81%AE%E9%87%8C%20%E9%B0%BA%E3%83%B6%E6%B2%A2%E7%94%BA
グループホーム百代ハウス,グループホーム,青森県,鰺ヶ沢町,"介護,グループホーム,認知症",認知症のある方が少人数で生活する施設です。要支援・要介護度や地域要件を確認します。,http://aomoritsukushikai.com/,青森県西津軽郡鯵ヶ沢町大字北浮田町字今須87-1グループホーム百代ハウス,0173-72-7111,厚生労働省オープンデータ,https://www.mhlw.go.jp/content/12300000/jigyosho_320.csv,2025-12末,https://www.google.com/search?q=%E3%82%B0%E3%83%AB%E3%83%BC%E3%83%97%E3%83%9B%E3%83%BC%E3%83%A0%E7%99%BE%E4%BB%A3%E3%83%8F%E3%82%A6%E3%82%B9%20%E9%B0%BA%E3%83%B6%E6%B2%A2%E7%94%BA
グループホーム　しあわせ,グループホーム,青森県,鰺ヶ沢町,"介護,グループホーム,認知症",認知症のある方が少人数で生活する施設です。要支援・要介護度や地域要件を確認します。,https://www.google.com/search?q=%E3%82%B0%E3%83%AB%E3%83%BC%E3%83%97%E3%83%9B%E3%83%BC%E3%83%A0%E3%80%80%E3%81%97%E3%81%82%E3%82%8F%E3%81%9B%20%E9%B0%BA%E3%83%B6%E6%B2%A2%E7%94%BA,青森県西津軽郡鯵ヶ沢町大字南浮田字金沢街道ノ沢55-9,0173-82-1701,厚生労働省オープンデータ,https://www.mhlw.go.jp/content/12300000/jigyosho_320.csv,2025-12末,https://www.google.com/search?q=%E3%82%B0%E3%83%AB%E3%83%BC%E3%83%97%E3%83%9B%E3%83%BC%E3%83%A0%E3%80%80%E3%81%97%E3%81%82%E3%82%8F%E3%81%9B%20%E9%B0%BA%E3%83%B6%E6%B2%A2%E7%94%BA
グループホームにこにこ,グループホーム,青森県,鰺ヶ沢町,"介護,グループホーム,認知症",認知症のある方が少人数で生活する施設です。要支援・要介護度や地域要件を確認します。,https://www.google.com/search?q=%E3%82%B0%E3%83%AB%E3%83%BC%E3%83%97%E3%83%9B%E3%83%BC%E3%83%A0%E3%81%AB%E3%81%93%E3%81%AB%E3%81%93%20%E9%B0%BA%E3%83%B6%E6%B2%A2%E7%94%BA,青森県西津軽郡鯵ヶ沢町大字北浮田町字平野206番地4,0173-82-1122,厚生労働省オープンデータ,https://www.mhlw.go.jp/content/12300000/jigyosho_320.csv,2025-12末,https://www.google.com/search?q=%E3%82%B0%E3%83%AB%E3%83%BC%E3%83%97%E3%83%9B%E3%83%BC%E3%83%A0%E3%81%AB%E3%81%93%E3%81%AB%E3%81%93%20%E9%B0%BA%E3%83%B6%E6%B2%A2%E7%94%BA
グループホーム　やよい荘,グループホーム,青森県,鰺ヶ沢町,"介護,グループホーム,認知症",認知症のある方が少人数で生活する施設です。要支援・要介護度や地域要件を確認します。,https://www.google.com/search?q=%E3%82%B0%E3%83%AB%E3%83%BC%E3%83%97%E3%83%9B%E3%83%BC%E3%83%A0%E3%80%80%E3%82%84%E3%82%88%E3%81%84%E8%8D%98%20%E9%B0%BA%E3%83%B6%E6%B2%A2%E7%94%BA,青森県西津軽郡鯵ヶ沢町大字舞戸町字蒲生85-1,0173-72-8413,厚生労働省オープンデータ,https://www.mhlw.go.jp/content/12300000/jigyosho_320.csv,2025-12末,https://www.google.com/search?q=%E3%82%B0%E3%83%AB%E3%83%BC%E3%83%97%E3%83%9B%E3%83%BC%E3%83%A0%E3%80%80%E3%82%84%E3%82%88%E3%81%84%E8%8D%98%20%E9%B0%BA%E3%83%B6%E6%B2%A2%E7%94%BA
グループホームトント園,グループホーム,青森県,深浦町,"介護,グループホーム,認知症",認知症のある方が少人数で生活する施設です。要支援・要介護度や地域要件を確認します。,https://www.google.com/search?q=%E3%82%B0%E3%83%AB%E3%83%BC%E3%83%97%E3%83%9B%E3%83%BC%E3%83%A0%E3%83%88%E3%83%B3%E3%83%88%E5%9C%92%20%E6%B7%B1%E6%B5%A6%E7%94%BA,青森県西津軽郡深浦町大字岩崎字松原５７番地６,0173-77-3848,厚生労働省オープンデータ,https://www.mhlw.go.jp/content/12300000/jigyosho_320.csv,2025-12末,https://www.google.com/search?q=%E3%82%B0%E3%83%AB%E3%83%BC%E3%83%97%E3%83%9B%E3%83%BC%E3%83%A0%E3%83%88%E3%83%B3%E3%83%88%E5%9C%92%20%E6%B7%B1%E6%B5%A6%E7%94%BA
グループホーム　しらかみのさと,グループホーム,青森県,深浦町,"介護,グループホーム,認知症",認知症のある方が少人数で生活する施設です。要支援・要介護度や地域要件を確認します。,https://www.shirakaminosato.or.jp/,青森県西津軽郡深浦町大字関字小島崎５８－３,0173-84-3535,厚生労働省オープンデータ,https://www.mhlw.go.jp/content/12300000/jigyosho_320.csv,2025-12末,https://www.google.com/search?q=%E3%82%B0%E3%83%AB%E3%83%BC%E3%83%97%E3%83%9B%E3%83%BC%E3%83%A0%E3%80%80%E3%81%97%E3%82%89%E3%81%8B%E3%81%BF%E3%81%AE%E3%81%95%E3%81%A8%20%E6%B7%B1%E6%B5%A6%E7%94%BA
グループホームいちえ,グループホーム,青森県,深浦町,"介護,グループホーム,認知症",認知症のある方が少人数で生活する施設です。要支援・要介護度や地域要件を確認します。,https://www.google.com/search?q=%E3%82%B0%E3%83%AB%E3%83%BC%E3%83%97%E3%83%9B%E3%83%BC%E3%83%A0%E3%81%84%E3%81%A1%E3%81%88%20%E6%B7%B1%E6%B5%A6%E7%94%BA,青森県西津軽郡深浦町大字沢辺字吉花１０２－２７,0173-77-2210,厚生労働省オープンデータ,https://www.mhlw.go.jp/content/12300000/jigyosho_320.csv,2025-12末,https://www.google.com/search?q=%E3%82%B0%E3%83%AB%E3%83%BC%E3%83%97%E3%83%9B%E3%83%BC%E3%83%A0%E3%81%84%E3%81%A1%E3%81%88%20%E6%B7%B1%E6%B5%A6%E7%94%BA
グループホーム　はまなす,グループホーム,青森県,深浦町,"介護,グループホーム,認知症",認知症のある方が少人数で生活する施設です。要支援・要介護度や地域要件を確認します。,URL:http://hamanasuso.com,青森県西津軽郡深浦町大字驫木字津山91,0173-74-3855,厚生労働省オープンデータ,https://www.mhlw.go.jp/content/12300000/jigyosho_320.csv,2025-12末,https://www.google.com/search?q=%E3%82%B0%E3%83%AB%E3%83%BC%E3%83%97%E3%83%9B%E3%83%BC%E3%83%A0%E3%80%80%E3%81%AF%E3%81%BE%E3%81%AA%E3%81%99%20%E6%B7%B1%E6%B5%A6%E7%94%BA
グループホームサニーライフ,グループホーム,青森県,深浦町,"介護,グループホーム,認知症",認知症のある方が少人数で生活する施設です。要支援・要介護度や地域要件を確認します。,https://www.google.com/search?q=%E3%82%B0%E3%83%AB%E3%83%BC%E3%83%97%E3%83%9B%E3%83%BC%E3%83%A0%E3%82%B5%E3%83%8B%E3%83%BC%E3%83%A9%E3%82%A4%E3%83%95%20%E6%B7%B1%E6%B5%A6%E7%94%BA,青森県西津軽郡深浦町大字柳田字桜田34-5,0173-76-3666,厚生労働省オープンデータ,https://www.mhlw.go.jp/content/12300000/jigyosho_320.csv,2025-12末,https://www.google.com/search?q=%E3%82%B0%E3%83%AB%E3%83%BC%E3%83%97%E3%83%9B%E3%83%BC%E3%83%A0%E3%82%B5%E3%83%8B%E3%83%BC%E3%83%A9%E3%82%A4%E3%83%95%20%E6%B7%B1%E6%B5%A6%E7%94%BA
グループホーム　ユリの花,グループホーム,青森県,深浦町,"介護,グループホーム,認知症",認知症のある方が少人数で生活する施設です。要支援・要介護度や地域要件を確認します。,https://www.google.com/search?q=%E3%82%B0%E3%83%AB%E3%83%BC%E3%83%97%E3%83%9B%E3%83%BC%E3%83%A0%E3%80%80%E3%83%A6%E3%83%AA%E3%81%AE%E8%8A%B1%20%E6%B7%B1%E6%B5%A6%E7%94%BA,青森県西津軽郡深浦町大字深浦字吾妻沢１３番地１,０１７３－８４－１１３７,厚生労働省オープンデータ,https://www.mhlw.go.jp/content/12300000/jigyosho_320.csv,2025-12末,https://www.google.com/search?q=%E3%82%B0%E3%83%AB%E3%83%BC%E3%83%97%E3%83%9B%E3%83%BC%E3%83%A0%E3%80%80%E3%83%A6%E3%83%AA%E3%81%AE%E8%8A%B1%20%E6%B7%B1%E6%B5%A6%E7%94%BA
グループホーム三愛園,グループホーム,青森県,深浦町,"介護,グループホーム,認知症",認知症のある方が少人数で生活する施設です。要支援・要介護度や地域要件を確認します。,http://www.aiji-fukushikai.com/,大字関字栃沢80-9,0173-76-3112,厚生労働省オープンデータ,https://www.mhlw.go.jp/content/12300000/jigyosho_320.csv,2025-12末,https://www.google.com/search?q=%E3%82%B0%E3%83%AB%E3%83%BC%E3%83%97%E3%83%9B%E3%83%BC%E3%83%A0%E4%B8%89%E6%84%9B%E5%9C%92%20%E6%B7%B1%E6%B5%A6%E7%94%BA
グループホームユートピア白神,グループホーム,青森県,西目屋村,"介護,グループホーム,認知症",認知症のある方が少人数で生活する施設です。要支援・要介護度や地域要件を確認します。,http://www.mikasaen-hp.com/,青森県中津軽郡西目屋村大字田代字稲元3-1,0172-81-5678,厚生労働省オープンデータ,https://www.mhlw.go.jp/content/12300000/jigyosho_320.csv,2025-12末,https://www.google.com/search?q=%E3%82%B0%E3%83%AB%E3%83%BC%E3%83%97%E3%83%9B%E3%83%BC%E3%83%A0%E3%83%A6%E3%83%BC%E3%83%88%E3%83%94%E3%82%A2%E7%99%BD%E7%A5%9E%20%E8%A5%BF%E7%9B%AE%E5%B1%8B%E6%9D%91
グループホームすごう,グループホーム,青森県,藤崎町,"介護,グループホーム,認知症",認知症のある方が少人数で生活する施設です。要支援・要介護度や地域要件を確認します。,https://www.google.com/search?q=%E3%82%B0%E3%83%AB%E3%83%BC%E3%83%97%E3%83%9B%E3%83%BC%E3%83%A0%E3%81%99%E3%81%94%E3%81%86%20%E8%97%A4%E5%B4%8E%E7%94%BA,青森県南津軽郡藤崎町大字葛野字新岡元56-1,0172-75-3330,厚生労働省オープンデータ,https://www.mhlw.go.jp/content/12300000/jigyosho_320.csv,2025-12末,https://www.google.com/search?q=%E3%82%B0%E3%83%AB%E3%83%BC%E3%83%97%E3%83%9B%E3%83%BC%E3%83%A0%E3%81%99%E3%81%94%E3%81%86%20%E8%97%A4%E5%B4%8E%E7%94%BA
グループホーム　さんふじ,グループホーム,青森県,藤崎町,"介護,グループホーム,認知症",認知症のある方が少人数で生活する施設です。要支援・要介護度や地域要件を確認します。,https://www.google.com/search?q=%E3%82%B0%E3%83%AB%E3%83%BC%E3%83%97%E3%83%9B%E3%83%BC%E3%83%A0%E3%80%80%E3%81%95%E3%82%93%E3%81%B5%E3%81%98%20%E8%97%A4%E5%B4%8E%E7%94%BA,青森県南津軽郡藤崎町大字柏木堰字亀田６７番地１,0172-75-3511,厚生労働省オープンデータ,https://www.mhlw.go.jp/content/12300000/jigyosho_320.csv,2025-12末,https://www.google.com/search?q=%E3%82%B0%E3%83%AB%E3%83%BC%E3%83%97%E3%83%9B%E3%83%BC%E3%83%A0%E3%80%80%E3%81%95%E3%82%93%E3%81%B5%E3%81%98%20%E8%97%A4%E5%B4%8E%E7%94%BA
グループホーム　えびす,グループホーム,青森県,藤崎町,"介護,グループホーム,認知症",認知症のある方が少人数で生活する施設です。要支援・要介護度や地域要件を確認します。,https://ebisu-2002-7-22.amebaownd.com/pages/2058118/page_201807030914,青森県南津軽郡藤崎町大字藤崎字西浅田20－2,0172-75-5995,厚生労働省オープンデータ,https://www.mhlw.go.jp/content/12300000/jigyosho_320.csv,2025-12末,https://www.google.com/search?q=%E3%82%B0%E3%83%AB%E3%83%BC%E3%83%97%E3%83%9B%E3%83%BC%E3%83%A0%E3%80%80%E3%81%88%E3%81%B3%E3%81%99%20%E8%97%A4%E5%B4%8E%E7%94%BA
グループホーム　テレサ苑,グループホーム,青森県,藤崎町,"介護,グループホーム,認知症",認知症のある方が少人数で生活する施設です。要支援・要介護度や地域要件を確認します。,https://www.google.com/search?q=%E3%82%B0%E3%83%AB%E3%83%BC%E3%83%97%E3%83%9B%E3%83%BC%E3%83%A0%E3%80%80%E3%83%86%E3%83%AC%E3%82%B5%E8%8B%91%20%E8%97%A4%E5%B4%8E%E7%94%BA,青森県南津軽郡藤崎町大字林崎字宮本67番地1,0172-89-7107,厚生労働省オープンデータ,https://www.mhlw.go.jp/content/12300000/jigyosho_320.csv,2025-12末,https://www.google.com/search?q=%E3%82%B0%E3%83%AB%E3%83%BC%E3%83%97%E3%83%9B%E3%83%BC%E3%83%A0%E3%80%80%E3%83%86%E3%83%AC%E3%82%B5%E8%8B%91%20%E8%97%A4%E5%B4%8E%E7%94%BA
グループホームいこい,グループホーム,青森県,藤崎町,"介護,グループホーム,認知症",認知症のある方が少人数で生活する施設です。要支援・要介護度や地域要件を確認します。,http://care-net.biz/02toueikai/,青森県南津軽郡藤崎町大字水木字浅田９５,0172-69-5007,厚生労働省オープンデータ,https://www.mhlw.go.jp/content/12300000/jigyosho_320.csv,2025-12末,https://www.google.com/search?q=%E3%82%B0%E3%83%AB%E3%83%BC%E3%83%97%E3%83%9B%E3%83%BC%E3%83%A0%E3%81%84%E3%81%93%E3%81%84%20%E8%97%A4%E5%B4%8E%E7%94%BA
グループホーム　メープルの里　ときわ,グループホーム,青森県,藤崎町,"介護,グループホーム,認知症",認知症のある方が少人数で生活する施設です。要支援・要介護度や地域要件を確認します。,care-net.biz/02/fuzi-me-puru/,青森県南津軽郡藤崎町大字常盤字三西田８－８,0172-65-2228,厚生労働省オープンデータ,https://www.mhlw.go.jp/content/12300000/jigyosho_320.csv,2025-12末,https://www.google.com/search?q=%E3%82%B0%E3%83%AB%E3%83%BC%E3%83%97%E3%83%9B%E3%83%BC%E3%83%A0%E3%80%80%E3%83%A1%E3%83%BC%E3%83%97%E3%83%AB%E3%81%AE%E9%87%8C%E3%80%80%E3%81%A8%E3%81%8D%E3%82%8F%20%E8%97%A4%E5%B4%8E%E7%94%BA
あずみ野グループホーム,グループホーム,青森県,大鰐町,"介護,グループホーム,認知症",認知症のある方が少人数で生活する施設です。要支援・要介護度や地域要件を確認します。,http:www.owani.com/,青森県南津軽郡大鰐町大字鯖石字浅瀬渕35-5,0172-49-1133,厚生労働省オープンデータ,https://www.mhlw.go.jp/content/12300000/jigyosho_320.csv,2025-12末,https://www.google.com/search?q=%E3%81%82%E3%81%9A%E3%81%BF%E9%87%8E%E3%82%B0%E3%83%AB%E3%83%BC%E3%83%97%E3%83%9B%E3%83%BC%E3%83%A0%20%E5%A4%A7%E9%B0%90%E7%94%BA
グループホーム大鰐温泉保養館,グループホーム,青森県,大鰐町,"介護,グループホーム,認知症",認知症のある方が少人数で生活する施設です。要支援・要介護度や地域要件を確認します。,oowani@mikasaen.or.jp,青森県南津軽郡大鰐町大字大鰐字湯野川原８－４,0172-47-5006,厚生労働省オープンデータ,https://www.mhlw.go.jp/content/12300000/jigyosho_320.csv,2025-12末,https://www.google.com/search?q=%E3%82%B0%E3%83%AB%E3%83%BC%E3%83%97%E3%83%9B%E3%83%BC%E3%83%A0%E5%A4%A7%E9%B0%90%E6%B8%A9%E6%B3%89%E4%BF%9D%E9%A4%8A%E9%A4%A8%20%E5%A4%A7%E9%B0%90%E7%94%BA
グループホーム月のうさぎ,グループホーム,青森県,大鰐町,"介護,グループホーム,認知症",認知症のある方が少人数で生活する施設です。要支援・要介護度や地域要件を確認します。,http://www6.ocn.ne.jp/~tukiusa/,青森県南津軽郡大鰐町大字鯖石字広田１３－３,0172-48-2169,厚生労働省オープンデータ,https://www.mhlw.go.jp/content/12300000/jigyosho_320.csv,2025-12末,https://www.google.com/search?q=%E3%82%B0%E3%83%AB%E3%83%BC%E3%83%97%E3%83%9B%E3%83%BC%E3%83%A0%E6%9C%88%E3%81%AE%E3%81%86%E3%81%95%E3%81%8E%20%E5%A4%A7%E9%B0%90%E7%94%BA
グループホームえびす　いなかだて,グループホーム,青森県,田舎館村,"介護,グループホーム,認知症",認知症のある方が少人数で生活する施設です。要支援・要介護度や地域要件を確認します。,https://ebisu-2002-7-22.amebaownd.com/pages/2038294/page_201806251023,青森県南津軽郡田舎館村大字川部字中西田30-58,0172-75-2562,厚生労働省オープンデータ,https://www.mhlw.go.jp/content/12300000/jigyosho_320.csv,2025-12末,https://www.google.com/search?q=%E3%82%B0%E3%83%AB%E3%83%BC%E3%83%97%E3%83%9B%E3%83%BC%E3%83%A0%E3%81%88%E3%81%B3%E3%81%99%E3%80%80%E3%81%84%E3%81%AA%E3%81%8B%E3%81%A0%E3%81%A6%20%E7%94%B0%E8%88%8E%E9%A4%A8%E6%9D%91
グループホーム岩木望,グループホーム,青森県,田舎館村,"介護,グループホーム,認知症",認知症のある方が少人数で生活する施設です。要支援・要介護度や地域要件を確認します。,https://www.google.com/search?q=%E3%82%B0%E3%83%AB%E3%83%BC%E3%83%97%E3%83%9B%E3%83%BC%E3%83%A0%E5%B2%A9%E6%9C%A8%E6%9C%9B%20%E7%94%B0%E8%88%8E%E9%A4%A8%E6%9D%91,畑中字樋口１５８,0172-58-2021,厚生労働省オープンデータ,https://www.mhlw.go.jp/content/12300000/jigyosho_320.csv,2025-12末,https://www.google.com/search?q=%E3%82%B0%E3%83%AB%E3%83%BC%E3%83%97%E3%83%9B%E3%83%BC%E3%83%A0%E5%B2%A9%E6%9C%A8%E6%9C%9B%20%E7%94%B0%E8%88%8E%E9%A4%A8%E6%9D%91
グループホーム　みどり,グループホーム,青森県,板柳町,"介護,グループホーム,認知症",認知症のある方が少人数で生活する施設です。要支援・要介護度や地域要件を確認します。,http://ryokuoukai.net/,北津軽郡板柳町大字福野田字実田54番地4,0172-79-1150,厚生労働省オープンデータ,https://www.mhlw.go.jp/content/12300000/jigyosho_320.csv,2025-12末,https://www.google.com/search?q=%E3%82%B0%E3%83%AB%E3%83%BC%E3%83%97%E3%83%9B%E3%83%BC%E3%83%A0%E3%80%80%E3%81%BF%E3%81%A9%E3%82%8A%20%E6%9D%BF%E6%9F%B3%E7%94%BA
グループホーム　ライラック,グループホーム,青森県,板柳町,"介護,グループホーム,認知症",認知症のある方が少人数で生活する施設です。要支援・要介護度や地域要件を確認します。,https://www.google.com/search?q=%E3%82%B0%E3%83%AB%E3%83%BC%E3%83%97%E3%83%9B%E3%83%BC%E3%83%A0%E3%80%80%E3%83%A9%E3%82%A4%E3%83%A9%E3%83%83%E3%82%AF%20%E6%9D%BF%E6%9F%B3%E7%94%BA,青森県北津軽郡板柳町大字掛落林字前田263,0172-79-1078,厚生労働省オープンデータ,https://www.mhlw.go.jp/content/12300000/jigyosho_320.csv,2025-12末,https://www.google.com/search?q=%E3%82%B0%E3%83%AB%E3%83%BC%E3%83%97%E3%83%9B%E3%83%BC%E3%83%A0%E3%80%80%E3%83%A9%E3%82%A4%E3%83%A9%E3%83%83%E3%82%AF%20%E6%9D%BF%E6%9F%B3%E7%94%BA
グループホーム鶴住,グループホーム,青森県,板柳町,"介護,グループホーム,認知症",認知症のある方が少人数で生活する施設です。要支援・要介護度や地域要件を確認します。,http://turuzumikai.jp,青森県北津軽郡板柳町大字野中字鶴住102-2,0172-73-3196,厚生労働省オープンデータ,https://www.mhlw.go.jp/content/12300000/jigyosho_320.csv,2025-12末,https://www.google.com/search?q=%E3%82%B0%E3%83%AB%E3%83%BC%E3%83%97%E3%83%9B%E3%83%BC%E3%83%A0%E9%B6%B4%E4%BD%8F%20%E6%9D%BF%E6%9F%B3%E7%94%BA
グループホームいたや荘,グループホーム,青森県,板柳町,"介護,グループホーム,認知症",認知症のある方が少人数で生活する施設です。要支援・要介護度や地域要件を確認します。,http://sanwakai.info/?page_id=19,青森県北津軽郡板柳町大字辻字岸田66番地1,0172-79-2101,厚生労働省オープンデータ,https://www.mhlw.go.jp/content/12300000/jigyosho_320.csv,2025-12末,https://www.google.com/search?q=%E3%82%B0%E3%83%AB%E3%83%BC%E3%83%97%E3%83%9B%E3%83%BC%E3%83%A0%E3%81%84%E3%81%9F%E3%82%84%E8%8D%98%20%E6%9D%BF%E6%9F%B3%E7%94%BA
グループホームひら岡,グループホーム,青森県,鶴田町,"介護,グループホーム,認知症",認知症のある方が少人数で生活する施設です。要支援・要介護度や地域要件を確認します。,https://www.google.com/search?q=%E3%82%B0%E3%83%AB%E3%83%BC%E3%83%97%E3%83%9B%E3%83%BC%E3%83%A0%E3%81%B2%E3%82%89%E5%B2%A1%20%E9%B6%B4%E7%94%B0%E7%94%BA,青森県北津軽郡鶴田町大字廻堰字東下山１番地１,0173-22-2887,厚生労働省オープンデータ,https://www.mhlw.go.jp/content/12300000/jigyosho_320.csv,2025-12末,https://www.google.com/search?q=%E3%82%B0%E3%83%AB%E3%83%BC%E3%83%97%E3%83%9B%E3%83%BC%E3%83%A0%E3%81%B2%E3%82%89%E5%B2%A1%20%E9%B6%B4%E7%94%B0%E7%94%BA
グループホーム鶴松園,グループホーム,青森県,鶴田町,"介護,グループホーム,認知症",認知症のある方が少人数で生活する施設です。要支援・要介護度や地域要件を確認します。,http://kakusyou.sakura.ne.jp/,青森県北津軽郡鶴田町大字廻堰字上野尻１４２,0173-22-6780,厚生労働省オープンデータ,https://www.mhlw.go.jp/content/12300000/jigyosho_320.csv,2025-12末,https://www.google.com/search?q=%E3%82%B0%E3%83%AB%E3%83%BC%E3%83%97%E3%83%9B%E3%83%BC%E3%83%A0%E9%B6%B4%E6%9D%BE%E5%9C%92%20%E9%B6%B4%E7%94%B0%E7%94%BA
グループホーム　さくら荘,グループホーム,青森県,鶴田町,"介護,グループホーム,認知症",認知症のある方が少人数で生活する施設です。要支援・要介護度や地域要件を確認します。,https://www.google.com/search?q=%E3%82%B0%E3%83%AB%E3%83%BC%E3%83%97%E3%83%9B%E3%83%BC%E3%83%A0%E3%80%80%E3%81%95%E3%81%8F%E3%82%89%E8%8D%98%20%E9%B6%B4%E7%94%B0%E7%94%BA,青森県北津軽郡鶴田町大字山道字小泉301番地,0173-22-5680,厚生労働省オープンデータ,https://www.mhlw.go.jp/content/12300000/jigyosho_320.csv,2025-12末,https://www.google.com/search?q=%E3%82%B0%E3%83%AB%E3%83%BC%E3%83%97%E3%83%9B%E3%83%BC%E3%83%A0%E3%80%80%E3%81%95%E3%81%8F%E3%82%89%E8%8D%98%20%E9%B6%B4%E7%94%B0%E7%94%BA
グループホーム　たなか,グループホーム,青森県,鶴田町,"介護,グループホーム,認知症",認知症のある方が少人数で生活する施設です。要支援・要介護度や地域要件を確認します。,https://www.google.com/search?q=%E3%82%B0%E3%83%AB%E3%83%BC%E3%83%97%E3%83%9B%E3%83%BC%E3%83%A0%E3%80%80%E3%81%9F%E3%81%AA%E3%81%8B%20%E9%B6%B4%E7%94%B0%E7%94%BA,青森県北津軽郡鶴田町大字鶴田字小泉３０４－１,0173-23-1321,厚生労働省オープンデータ,https://www.mhlw.go.jp/content/12300000/jigyosho_320.csv,2025-12末,https://www.google.com/search?q=%E3%82%B0%E3%83%AB%E3%83%BC%E3%83%97%E3%83%9B%E3%83%BC%E3%83%A0%E3%80%80%E3%81%9F%E3%81%AA%E3%81%8B%20%E9%B6%B4%E7%94%B0%E7%94%BA
グループホーム　鶴泊の家,グループホーム,青森県,鶴田町,"介護,グループホーム,認知症",認知症のある方が少人数で生活する施設です。要支援・要介護度や地域要件を確認します。,https://www.google.com/search?q=%E3%82%B0%E3%83%AB%E3%83%BC%E3%83%97%E3%83%9B%E3%83%BC%E3%83%A0%E3%80%80%E9%B6%B4%E6%B3%8A%E3%81%AE%E5%AE%B6%20%E9%B6%B4%E7%94%B0%E7%94%BA,青森県北津軽郡鶴田町大字鶴泊字前田９９－１,0173-23-1618,厚生労働省オープンデータ,https://www.mhlw.go.jp/content/12300000/jigyosho_320.csv,2025-12末,https://www.google.com/search?q=%E3%82%B0%E3%83%AB%E3%83%BC%E3%83%97%E3%83%9B%E3%83%BC%E3%83%A0%E3%80%80%E9%B6%B4%E6%B3%8A%E3%81%AE%E5%AE%B6%20%E9%B6%B4%E7%94%B0%E7%94%BA
グループホームアップル鶴の里,グループホーム,青森県,鶴田町,"介護,グループホーム,認知症",認知症のある方が少人数で生活する施設です。要支援・要介護度や地域要件を確認します。,https://www.google.com/search?q=%E3%82%B0%E3%83%AB%E3%83%BC%E3%83%97%E3%83%9B%E3%83%BC%E3%83%A0%E3%82%A2%E3%83%83%E3%83%97%E3%83%AB%E9%B6%B4%E3%81%AE%E9%87%8C%20%E9%B6%B4%E7%94%B0%E7%94%BA,青森県北津軽郡鶴田町大字横萢字矢留崎97,0173-26-1316,厚生労働省オープンデータ,https://www.mhlw.go.jp/content/12300000/jigyosho_320.csv,2025-12末,https://www.google.com/search?q=%E3%82%B0%E3%83%AB%E3%83%BC%E3%83%97%E3%83%9B%E3%83%BC%E3%83%A0%E3%82%A2%E3%83%83%E3%83%97%E3%83%AB%E9%B6%B4%E3%81%AE%E9%87%8C%20%E9%B6%B4%E7%94%B0%E7%94%BA
グループホームさきしり,グループホーム,青森県,鶴田町,"介護,グループホーム,認知症",認知症のある方が少人数で生活する施設です。要支援・要介護度や地域要件を確認します。,https://www.shimano-group.jp/,青森県北津軽郡鶴田町大字妙堂崎字﨑尻４４－１グループホームさきしり,0173-26-4021,厚生労働省オープンデータ,https://www.mhlw.go.jp/content/12300000/jigyosho_320.csv,2025-12末,https://www.google.com/search?q=%E3%82%B0%E3%83%AB%E3%83%BC%E3%83%97%E3%83%9B%E3%83%BC%E3%83%A0%E3%81%95%E3%81%8D%E3%81%97%E3%82%8A%20%E9%B6%B4%E7%94%B0%E7%94%BA
グループホーム　福寿荘,グループホーム,青森県,鶴田町,"介護,グループホーム,認知症",認知症のある方が少人数で生活する施設です。要支援・要介護度や地域要件を確認します。,https://www.google.com/search?q=%E3%82%B0%E3%83%AB%E3%83%BC%E3%83%97%E3%83%9B%E3%83%BC%E3%83%A0%E3%80%80%E7%A6%8F%E5%AF%BF%E8%8D%98%20%E9%B6%B4%E7%94%B0%E7%94%BA,青森県北津軽郡鶴田町大字鶴田字柳元２７６－１,0173-22-5969,厚生労働省オープンデータ,https://www.mhlw.go.jp/content/12300000/jigyosho_320.csv,2025-12末,https://www.google.com/search?q=%E3%82%B0%E3%83%AB%E3%83%BC%E3%83%97%E3%83%9B%E3%83%BC%E3%83%A0%E3%80%80%E7%A6%8F%E5%AF%BF%E8%8D%98%20%E9%B6%B4%E7%94%B0%E7%94%BA
グループホーム宝森,グループホーム,青森県,中泊町,"介護,グループホーム,認知症",認知症のある方が少人数で生活する施設です。要支援・要介護度や地域要件を確認します。,https://www.google.com/search?q=%E3%82%B0%E3%83%AB%E3%83%BC%E3%83%97%E3%83%9B%E3%83%BC%E3%83%A0%E5%AE%9D%E6%A3%AE%20%E4%B8%AD%E6%B3%8A%E7%94%BA,青森県北津軽郡中泊町大字中里字宝森２９１番地１,0173-69-1192,厚生労働省オープンデータ,https://www.mhlw.go.jp/content/12300000/jigyosho_320.csv,2025-12末,https://www.google.com/search?q=%E3%82%B0%E3%83%AB%E3%83%BC%E3%83%97%E3%83%9B%E3%83%BC%E3%83%A0%E5%AE%9D%E6%A3%AE%20%E4%B8%AD%E6%B3%8A%E7%94%BA
グループホーム八幡荘,グループホーム,青森県,中泊町,"介護,グループホーム,認知症",認知症のある方が少人数で生活する施設です。要支援・要介護度や地域要件を確認します。,https://www.google.com/search?q=%E3%82%B0%E3%83%AB%E3%83%BC%E3%83%97%E3%83%9B%E3%83%BC%E3%83%A0%E5%85%AB%E5%B9%A1%E8%8D%98%20%E4%B8%AD%E6%B3%8A%E7%94%BA,北津軽郡中泊町大字中里字亀山４３４番地１,0173-69-2580,厚生労働省オープンデータ,https://www.mhlw.go.jp/content/12300000/jigyosho_320.csv,2025-12末,https://www.google.com/search?q=%E3%82%B0%E3%83%AB%E3%83%BC%E3%83%97%E3%83%9B%E3%83%BC%E3%83%A0%E5%85%AB%E5%B9%A1%E8%8D%98%20%E4%B8%AD%E6%B3%8A%E7%94%BA
グループホームやすらぎの里,グループホーム,青森県,中泊町,"介護,グループホーム,認知症",認知症のある方が少人数で生活する施設です。要支援・要介護度や地域要件を確認します。,https://koumeikai.net/,青森県北津軽郡中泊町大字尾別字小谷26番地1,0173-26-7725,厚生労働省オープンデータ,https://www.mhlw.go.jp/content/12300000/jigyosho_320.csv,2025-12末,https://www.google.com/search?q=%E3%82%B0%E3%83%AB%E3%83%BC%E3%83%97%E3%83%9B%E3%83%BC%E3%83%A0%E3%82%84%E3%81%99%E3%82%89%E3%81%8E%E3%81%AE%E9%87%8C%20%E4%B8%AD%E6%B3%8A%E7%94%BA
グループホーム　すい賓荘,グループホーム,青森県,中泊町,"介護,グループホーム,認知症",認知症のある方が少人数で生活する施設です。要支援・要介護度や地域要件を確認します。,https://www.google.com/search?q=%E3%82%B0%E3%83%AB%E3%83%BC%E3%83%97%E3%83%9B%E3%83%BC%E3%83%A0%E3%80%80%E3%81%99%E3%81%84%E8%B3%93%E8%8D%98%20%E4%B8%AD%E6%B3%8A%E7%94%BA,青森県北津軽郡中泊町大字小泊字浜野６１－１,0173-64-3018,厚生労働省オープンデータ,https://www.mhlw.go.jp/content/12300000/jigyosho_320.csv,2025-12末,https://www.google.com/search?q=%E3%82%B0%E3%83%AB%E3%83%BC%E3%83%97%E3%83%9B%E3%83%BC%E3%83%A0%E3%80%80%E3%81%99%E3%81%84%E8%B3%93%E8%8D%98%20%E4%B8%AD%E6%B3%8A%E7%94%BA
グループホーム泉の里,グループホーム,青森県,中泊町,"介護,グループホーム,認知症",認知症のある方が少人数で生活する施設です。要支援・要介護度や地域要件を確認します。,https://www.google.com/search?q=%E3%82%B0%E3%83%AB%E3%83%BC%E3%83%97%E3%83%9B%E3%83%BC%E3%83%A0%E6%B3%89%E3%81%AE%E9%87%8C%20%E4%B8%AD%E6%B3%8A%E7%94%BA,青森県北津軽郡中泊町大字今泉字神山１４１,0173-58-3115,厚生労働省オープンデータ,https://www.mhlw.go.jp/content/12300000/jigyosho_320.csv,2025-12末,https://www.google.com/search?q=%E3%82%B0%E3%83%AB%E3%83%BC%E3%83%97%E3%83%9B%E3%83%BC%E3%83%A0%E6%B3%89%E3%81%AE%E9%87%8C%20%E4%B8%AD%E6%B3%8A%E7%94%BA
グループホームさくら,グループホーム,青森県,中泊町,"介護,グループホーム,認知症",認知症のある方が少人数で生活する施設です。要支援・要介護度や地域要件を確認します。,https://www.google.com/search?q=%E3%82%B0%E3%83%AB%E3%83%BC%E3%83%97%E3%83%9B%E3%83%BC%E3%83%A0%E3%81%95%E3%81%8F%E3%82%89%20%E4%B8%AD%E6%B3%8A%E7%94%BA,青森県北津軽郡中泊町大字中里字亀山777-164,0173-69-1088,厚生労働省オープンデータ,https://www.mhlw.go.jp/content/12300000/jigyosho_320.csv,2025-12末,https://www.google.com/search?q=%E3%82%B0%E3%83%AB%E3%83%BC%E3%83%97%E3%83%9B%E3%83%BC%E3%83%A0%E3%81%95%E3%81%8F%E3%82%89%20%E4%B8%AD%E6%B3%8A%E7%94%BA
グループホームやまなみ,グループホーム,青森県,中泊町,"介護,グループホーム,認知症",認知症のある方が少人数で生活する施設です。要支援・要介護度や地域要件を確認します。,https://www.google.com/search?q=%E3%82%B0%E3%83%AB%E3%83%BC%E3%83%97%E3%83%9B%E3%83%BC%E3%83%A0%E3%82%84%E3%81%BE%E3%81%AA%E3%81%BF%20%E4%B8%AD%E6%B3%8A%E7%94%BA,青森県北津軽郡中泊町大字今泉字神山147-1,0173-58-2188,厚生労働省オープンデータ,https://www.mhlw.go.jp/content/12300000/jigyosho_320.csv,2025-12末,https://www.google.com/search?q=%E3%82%B0%E3%83%AB%E3%83%BC%E3%83%97%E3%83%9B%E3%83%BC%E3%83%A0%E3%82%84%E3%81%BE%E3%81%AA%E3%81%BF%20%E4%B8%AD%E6%B3%8A%E7%94%BA
グループホームなかさと,グループホーム,青森県,中泊町,"介護,グループホーム,認知症",認知症のある方が少人数で生活する施設です。要支援・要介護度や地域要件を確認します。,https://www.google.com/search?q=%E3%82%B0%E3%83%AB%E3%83%BC%E3%83%97%E3%83%9B%E3%83%BC%E3%83%A0%E3%81%AA%E3%81%8B%E3%81%95%E3%81%A8%20%E4%B8%AD%E6%B3%8A%E7%94%BA,青森県北津軽郡中泊町大字中里字亀山434-1,0173-26-0192,厚生労働省オープンデータ,https://www.mhlw.go.jp/content/12300000/jigyosho_320.csv,2025-12末,https://www.google.com/search?q=%E3%82%B0%E3%83%AB%E3%83%BC%E3%83%97%E3%83%9B%E3%83%BC%E3%83%A0%E3%81%AA%E3%81%8B%E3%81%95%E3%81%A8%20%E4%B8%AD%E6%B3%8A%E7%94%BA
グループホームしおさい,グループホーム,青森県,中泊町,"介護,グループホーム,認知症",認知症のある方が少人数で生活する施設です。要支援・要介護度や地域要件を確認します。,https://www.google.com/search?q=%E3%82%B0%E3%83%AB%E3%83%BC%E3%83%97%E3%83%9B%E3%83%BC%E3%83%A0%E3%81%97%E3%81%8A%E3%81%95%E3%81%84%20%E4%B8%AD%E6%B3%8A%E7%94%BA,北津軽郡中泊町大字小泊字朝間1-25小泊診療所2階,0173-64-3080,厚生労働省オープンデータ,https://www.mhlw.go.jp/content/12300000/jigyosho_320.csv,2025-12末,https://www.google.com/search?q=%E3%82%B0%E3%83%AB%E3%83%BC%E3%83%97%E3%83%9B%E3%83%BC%E3%83%A0%E3%81%97%E3%81%8A%E3%81%95%E3%81%84%20%E4%B8%AD%E6%B3%8A%E7%94%BA
グループホーム第二みほの,グループホーム,青森県,野辺地町,"介護,グループホーム,認知症",認知症のある方が少人数で生活する施設です。要支援・要介護度や地域要件を確認します。,https://www.google.com/search?q=%E3%82%B0%E3%83%AB%E3%83%BC%E3%83%97%E3%83%9B%E3%83%BC%E3%83%A0%E7%AC%AC%E4%BA%8C%E3%81%BF%E3%81%BB%E3%81%AE%20%E9%87%8E%E8%BE%BA%E5%9C%B0%E7%94%BA,青森県上北郡野辺地町字一ノ渡１９－１,0175-64-1630,厚生労働省オープンデータ,https://www.mhlw.go.jp/content/12300000/jigyosho_320.csv,2025-12末,https://www.google.com/search?q=%E3%82%B0%E3%83%AB%E3%83%BC%E3%83%97%E3%83%9B%E3%83%BC%E3%83%A0%E7%AC%AC%E4%BA%8C%E3%81%BF%E3%81%BB%E3%81%AE%20%E9%87%8E%E8%BE%BA%E5%9C%B0%E7%94%BA
グループホームびわの荘,グループホーム,青森県,野辺地町,"介護,グループホーム,認知症",認知症のある方が少人数で生活する施設です。要支援・要介護度や地域要件を確認します。,https://www.google.com/search?q=%E3%82%B0%E3%83%AB%E3%83%BC%E3%83%97%E3%83%9B%E3%83%BC%E3%83%A0%E3%81%B3%E3%82%8F%E3%81%AE%E8%8D%98%20%E9%87%8E%E8%BE%BA%E5%9C%B0%E7%94%BA,青森県上北郡野辺地町字枇杷野５１-２４グループホームびわの荘,0175-72-8508,厚生労働省オープンデータ,https://www.mhlw.go.jp/content/12300000/jigyosho_320.csv,2025-12末,https://www.google.com/search?q=%E3%82%B0%E3%83%AB%E3%83%BC%E3%83%97%E3%83%9B%E3%83%BC%E3%83%A0%E3%81%B3%E3%82%8F%E3%81%AE%E8%8D%98%20%E9%87%8E%E8%BE%BA%E5%9C%B0%E7%94%BA
天寿園グループホーム,グループホーム,青森県,七戸町,"介護,グループホーム,認知症",認知症のある方が少人数で生活する施設です。要支援・要介護度や地域要件を確認します。,www.tenjuen.net/,青森県上北郡七戸町字舟場向川久保308番地,0176-68-4888,厚生労働省オープンデータ,https://www.mhlw.go.jp/content/12300000/jigyosho_320.csv,2025-12末,https://www.google.com/search?q=%E5%A4%A9%E5%AF%BF%E5%9C%92%E3%82%B0%E3%83%AB%E3%83%BC%E3%83%97%E3%83%9B%E3%83%BC%E3%83%A0%20%E4%B8%83%E6%88%B8%E7%94%BA
グループホームクオレ七戸,グループホーム,青森県,七戸町,"介護,グループホーム,認知症",認知症のある方が少人数で生活する施設です。要支援・要介護度や地域要件を確認します。,https://www.google.com/search?q=%E3%82%B0%E3%83%AB%E3%83%BC%E3%83%97%E3%83%9B%E3%83%BC%E3%83%A0%E3%82%AF%E3%82%AA%E3%83%AC%E4%B8%83%E6%88%B8%20%E4%B8%83%E6%88%B8%E7%94%BA,青森県上北郡七戸町字太田野19番地4,0176-62-5200,厚生労働省オープンデータ,https://www.mhlw.go.jp/content/12300000/jigyosho_320.csv,2025-12末,https://www.google.com/search?q=%E3%82%B0%E3%83%AB%E3%83%BC%E3%83%97%E3%83%9B%E3%83%BC%E3%83%A0%E3%82%AF%E3%82%AA%E3%83%AC%E4%B8%83%E6%88%B8%20%E4%B8%83%E6%88%B8%E7%94%BA
美土里荘グループホーム櫟,グループホーム,青森県,七戸町,"介護,グループホーム,認知症",認知症のある方が少人数で生活する施設です。要支援・要介護度や地域要件を確認します。,htts://midorikai-gr.or.jp/,青森県上北郡七戸町字寒水７０－２５,0176-62-5221,厚生労働省オープンデータ,https://www.mhlw.go.jp/content/12300000/jigyosho_320.csv,2025-12末,https://www.google.com/search?q=%E7%BE%8E%E5%9C%9F%E9%87%8C%E8%8D%98%E3%82%B0%E3%83%AB%E3%83%BC%E3%83%97%E3%83%9B%E3%83%BC%E3%83%A0%E6%AB%9F%20%E4%B8%83%E6%88%B8%E7%94%BA
グループホーム　はるが丘,グループホーム,青森県,六戸町,"介護,グループホーム,認知症",認知症のある方が少人数で生活する施設です。要支援・要介護度や地域要件を確認します。,http://www.rakuseikai｡ro.jp･,大字犬落瀬字堀切沢59-54,0176-50-2162,厚生労働省オープンデータ,https://www.mhlw.go.jp/content/12300000/jigyosho_320.csv,2025-12末,https://www.google.com/search?q=%E3%82%B0%E3%83%AB%E3%83%BC%E3%83%97%E3%83%9B%E3%83%BC%E3%83%A0%E3%80%80%E3%81%AF%E3%82%8B%E3%81%8C%E4%B8%98%20%E5%85%AD%E6%88%B8%E7%94%BA
グループホームにこにこプラザ六戸,グループホーム,青森県,六戸町,"介護,グループホーム,認知症",認知症のある方が少人数で生活する施設です。要支援・要介護度や地域要件を確認します。,https://www.sg-momijikai.com/,青森県上北郡六戸町大字犬落瀬権現沢54-636,0176-70-1200,厚生労働省オープンデータ,https://www.mhlw.go.jp/content/12300000/jigyosho_320.csv,2025-12末,https://www.google.com/search?q=%E3%82%B0%E3%83%AB%E3%83%BC%E3%83%97%E3%83%9B%E3%83%BC%E3%83%A0%E3%81%AB%E3%81%93%E3%81%AB%E3%81%93%E3%83%97%E3%83%A9%E3%82%B6%E5%85%AD%E6%88%B8%20%E5%85%AD%E6%88%B8%E7%94%BA
グループホーム　かえでの森,グループホーム,青森県,六戸町,"介護,グループホーム,認知症",認知症のある方が少人数で生活する施設です。要支援・要介護度や地域要件を確認します。,https://www.google.com/search?q=%E3%82%B0%E3%83%AB%E3%83%BC%E3%83%97%E3%83%9B%E3%83%BC%E3%83%A0%E3%80%80%E3%81%8B%E3%81%88%E3%81%A7%E3%81%AE%E6%A3%AE%20%E5%85%AD%E6%88%B8%E7%94%BA,青森県上北郡六戸町大字犬落瀬字柴山55-129,0176-70-1818,厚生労働省オープンデータ,https://www.mhlw.go.jp/content/12300000/jigyosho_320.csv,2025-12末,https://www.google.com/search?q=%E3%82%B0%E3%83%AB%E3%83%BC%E3%83%97%E3%83%9B%E3%83%BC%E3%83%A0%E3%80%80%E3%81%8B%E3%81%88%E3%81%A7%E3%81%AE%E6%A3%AE%20%E5%85%AD%E6%88%B8%E7%94%BA
グループホームよこはま荘,グループホーム,青森県,横浜町,"介護,グループホーム,認知症",認知症のある方が少人数で生活する施設です。要支援・要介護度や地域要件を確認します。,gh-yokohama@sweet.ocn.ne.jp,青森県上北郡横浜町上イタヤノ木438-5,0175-76-1255,厚生労働省オープンデータ,https://www.mhlw.go.jp/content/12300000/jigyosho_320.csv,2025-12末,https://www.google.com/search?q=%E3%82%B0%E3%83%AB%E3%83%BC%E3%83%97%E3%83%9B%E3%83%BC%E3%83%A0%E3%82%88%E3%81%93%E3%81%AF%E3%81%BE%E8%8D%98%20%E6%A8%AA%E6%B5%9C%E7%94%BA
グループホーム　みほの,グループホーム,青森県,横浜町,"介護,グループホーム,認知症",認知症のある方が少人数で生活する施設です。要支援・要介護度や地域要件を確認します。,http://kiboukai.com/,青森県上北郡横浜町字三保野５４番地,0175-78-6640,厚生労働省オープンデータ,https://www.mhlw.go.jp/content/12300000/jigyosho_320.csv,2025-12末,https://www.google.com/search?q=%E3%82%B0%E3%83%AB%E3%83%BC%E3%83%97%E3%83%9B%E3%83%BC%E3%83%A0%E3%80%80%E3%81%BF%E3%81%BB%E3%81%AE%20%E6%A8%AA%E6%B5%9C%E7%94%BA
グループホーム　ぽぷら,グループホーム,青森県,東北町,"介護,グループホーム,認知症",認知症のある方が少人数で生活する施設です。要支援・要介護度や地域要件を確認します。,http://care-net.biz/02/akamatsu/b32.php,青森県上北郡東北町字往来ノ下３３番地３,0175-65-3117,厚生労働省オープンデータ,https://www.mhlw.go.jp/content/12300000/jigyosho_320.csv,2025-12末,https://www.google.com/search?q=%E3%82%B0%E3%83%AB%E3%83%BC%E3%83%97%E3%83%9B%E3%83%BC%E3%83%A0%E3%80%80%E3%81%BD%E3%81%B7%E3%82%89%20%E6%9D%B1%E5%8C%97%E7%94%BA
グループホーム　ひばの里,グループホーム,青森県,東北町,"介護,グループホーム,認知症",認知症のある方が少人数で生活する施設です。要支援・要介護度や地域要件を確認します。,http://care-net.biz/02/akamatu/,字膳前５６番地1,０１７５－６５－５３０５,厚生労働省オープンデータ,https://www.mhlw.go.jp/content/12300000/jigyosho_320.csv,2025-12末,https://www.google.com/search?q=%E3%82%B0%E3%83%AB%E3%83%BC%E3%83%97%E3%83%9B%E3%83%BC%E3%83%A0%E3%80%80%E3%81%B2%E3%81%B0%E3%81%AE%E9%87%8C%20%E6%9D%B1%E5%8C%97%E7%94%BA
グループホーム　やまゆり,グループホーム,青森県,東北町,"介護,グループホーム,認知症",認知症のある方が少人数で生活する施設です。要支援・要介護度や地域要件を確認します。,yuukikai.net,青森県上北郡東北町大字大浦字唐虫沢44番地100,0176-58-0232,厚生労働省オープンデータ,https://www.mhlw.go.jp/content/12300000/jigyosho_320.csv,2025-12末,https://www.google.com/search?q=%E3%82%B0%E3%83%AB%E3%83%BC%E3%83%97%E3%83%9B%E3%83%BC%E3%83%A0%E3%80%80%E3%82%84%E3%81%BE%E3%82%86%E3%82%8A%20%E6%9D%B1%E5%8C%97%E7%94%BA
グループホーム青い空,グループホーム,青森県,東北町,"介護,グループホーム,認知症",認知症のある方が少人数で生活する施設です。要支援・要介護度や地域要件を確認します。,http://www.akibakai.com,青森県上北郡東北町大字大浦字境ノ沢１２７,0176-56-3531,厚生労働省オープンデータ,https://www.mhlw.go.jp/content/12300000/jigyosho_320.csv,2025-12末,https://www.google.com/search?q=%E3%82%B0%E3%83%AB%E3%83%BC%E3%83%97%E3%83%9B%E3%83%BC%E3%83%A0%E9%9D%92%E3%81%84%E7%A9%BA%20%E6%9D%B1%E5%8C%97%E7%94%BA
グループホームすみれ湖,グループホーム,青森県,東北町,"介護,グループホーム,認知症",認知症のある方が少人数で生活する施設です。要支援・要介護度や地域要件を確認します。,https://sumirekai.or.jp/,青森県上北郡東北町上北北一丁目３４－３９０,0176-58-1127,厚生労働省オープンデータ,https://www.mhlw.go.jp/content/12300000/jigyosho_320.csv,2025-12末,https://www.google.com/search?q=%E3%82%B0%E3%83%AB%E3%83%BC%E3%83%97%E3%83%9B%E3%83%BC%E3%83%A0%E3%81%99%E3%81%BF%E3%82%8C%E6%B9%96%20%E6%9D%B1%E5%8C%97%E7%94%BA
グループホームちびき,グループホーム,青森県,東北町,"介護,グループホーム,認知症",認知症のある方が少人数で生活する施設です。要支援・要介護度や地域要件を確認します。,prime-line.jp,青森県上北郡東北町字大平1番地115,0175－65－2885,厚生労働省オープンデータ,https://www.mhlw.go.jp/content/12300000/jigyosho_320.csv,2025-12末,https://www.google.com/search?q=%E3%82%B0%E3%83%AB%E3%83%BC%E3%83%97%E3%83%9B%E3%83%BC%E3%83%A0%E3%81%A1%E3%81%B3%E3%81%8D%20%E6%9D%B1%E5%8C%97%E7%94%BA
グループホームたんぽぽハウス,グループホーム,青森県,六ヶ所村,"介護,グループホーム,認知症",認知症のある方が少人数で生活する施設です。要支援・要介護度や地域要件を確認します。,http://care-net.biz/02/kihouen/,青森県上北郡六ヶ所村大字泊字川原７５番地９８,0175-77-3106,厚生労働省オープンデータ,https://www.mhlw.go.jp/content/12300000/jigyosho_320.csv,2025-12末,https://www.google.com/search?q=%E3%82%B0%E3%83%AB%E3%83%BC%E3%83%97%E3%83%9B%E3%83%BC%E3%83%A0%E3%81%9F%E3%82%93%E3%81%BD%E3%81%BD%E3%83%8F%E3%82%A6%E3%82%B9%20%E5%85%AD%E3%83%B6%E6%89%80%E6%9D%91
グループホームわたぼうし,グループホーム,青森県,おいらせ町,"介護,グループホーム,認知症",認知症のある方が少人数で生活する施設です。要支援・要介護度や地域要件を確認します。,http://www.sg-shimoda.org/,青森県上北郡おいらせ町山崎　2592-7,0178-56-2828,厚生労働省オープンデータ,https://www.mhlw.go.jp/content/12300000/jigyosho_320.csv,2025-12末,https://www.google.com/search?q=%E3%82%B0%E3%83%AB%E3%83%BC%E3%83%97%E3%83%9B%E3%83%BC%E3%83%A0%E3%82%8F%E3%81%9F%E3%81%BC%E3%81%86%E3%81%97%20%E3%81%8A%E3%81%84%E3%82%89%E3%81%9B%E7%94%BA
グループホーム　いこいの森,グループホーム,青森県,おいらせ町,"介護,グループホーム,認知症",認知症のある方が少人数で生活する施設です。要支援・要介護度や地域要件を確認します。,http://seiyukai-oirase.jp,青森県上北郡おいらせ町緑ヶ丘一丁目５０－２０７７,0176-57-5734,厚生労働省オープンデータ,https://www.mhlw.go.jp/content/12300000/jigyosho_320.csv,2025-12末,https://www.google.com/search?q=%E3%82%B0%E3%83%AB%E3%83%BC%E3%83%97%E3%83%9B%E3%83%BC%E3%83%A0%E3%80%80%E3%81%84%E3%81%93%E3%81%84%E3%81%AE%E6%A3%AE%20%E3%81%8A%E3%81%84%E3%82%89%E3%81%9B%E7%94%BA
グループホーム　あゆみの里,グループホーム,青森県,おいらせ町,"介護,グループホーム,認知症",認知症のある方が少人数で生活する施設です。要支援・要介護度や地域要件を確認します。,http://www.momoishiso.or.jp,青森県上北郡おいらせ町東下谷地６１８,0178-50-1801,厚生労働省オープンデータ,https://www.mhlw.go.jp/content/12300000/jigyosho_320.csv,2025-12末,https://www.google.com/search?q=%E3%82%B0%E3%83%AB%E3%83%BC%E3%83%97%E3%83%9B%E3%83%BC%E3%83%A0%E3%80%80%E3%81%82%E3%82%86%E3%81%BF%E3%81%AE%E9%87%8C%20%E3%81%8A%E3%81%84%E3%82%89%E3%81%9B%E7%94%BA
グループホームおおま荘,グループホーム,青森県,大間町,"介護,グループホーム,認知症",認知症のある方が少人数で生活する施設です。要支援・要介護度や地域要件を確認します。,https://www.google.com/search?q=%E3%82%B0%E3%83%AB%E3%83%BC%E3%83%97%E3%83%9B%E3%83%BC%E3%83%A0%E3%81%8A%E3%81%8A%E3%81%BE%E8%8D%98%20%E5%A4%A7%E9%96%93%E7%94%BA,青森県下北郡大間町大字大間字大間平58-519,0175-31-1068,厚生労働省オープンデータ,https://www.mhlw.go.jp/content/12300000/jigyosho_320.csv,2025-12末,https://www.google.com/search?q=%E3%82%B0%E3%83%AB%E3%83%BC%E3%83%97%E3%83%9B%E3%83%BC%E3%83%A0%E3%81%8A%E3%81%8A%E3%81%BE%E8%8D%98%20%E5%A4%A7%E9%96%93%E7%94%BA
グループホーム　内山苑,グループホーム,青森県,大間町,"介護,グループホーム,認知症",認知症のある方が少人数で生活する施設です。要支援・要介護度や地域要件を確認します。,http://www.utiyamaen.com/,青森県下北郡大間町大字大間字大川目37-1,0175-37-5122,厚生労働省オープンデータ,https://www.mhlw.go.jp/content/12300000/jigyosho_320.csv,2025-12末,https://www.google.com/search?q=%E3%82%B0%E3%83%AB%E3%83%BC%E3%83%97%E3%83%9B%E3%83%BC%E3%83%A0%E3%80%80%E5%86%85%E5%B1%B1%E8%8B%91%20%E5%A4%A7%E9%96%93%E7%94%BA
グループホームいこくま荘,グループホーム,青森県,風間浦村,"介護,グループホーム,認知症",認知症のある方が少人数で生活する施設です。要支援・要介護度や地域要件を確認します。,https://www.google.com/search?q=%E3%82%B0%E3%83%AB%E3%83%BC%E3%83%97%E3%83%9B%E3%83%BC%E3%83%A0%E3%81%84%E3%81%93%E3%81%8F%E3%81%BE%E8%8D%98%20%E9%A2%A8%E9%96%93%E6%B5%A6%E6%9D%91,青森県下北郡風間浦村易国間字大川目１７－２,0175-32-6770,厚生労働省オープンデータ,https://www.mhlw.go.jp/content/12300000/jigyosho_320.csv,2025-12末,https://www.google.com/search?q=%E3%82%B0%E3%83%AB%E3%83%BC%E3%83%97%E3%83%9B%E3%83%BC%E3%83%A0%E3%81%84%E3%81%93%E3%81%8F%E3%81%BE%E8%8D%98%20%E9%A2%A8%E9%96%93%E6%B5%A6%E6%9D%91
グループホームさい荘,グループホーム,青森県,佐井村,"介護,グループホーム,認知症",認知症のある方が少人数で生活する施設です。要支援・要介護度や地域要件を確認します。,touhokusangyou.jp/41fukushijigyoubu,青森県下北郡佐井村佐井字原田川目19-19,0175-32-2557,厚生労働省オープンデータ,https://www.mhlw.go.jp/content/12300000/jigyosho_320.csv,2025-12末,https://www.google.com/search?q=%E3%82%B0%E3%83%AB%E3%83%BC%E3%83%97%E3%83%9B%E3%83%BC%E3%83%A0%E3%81%95%E3%81%84%E8%8D%98%20%E4%BD%90%E4%BA%95%E6%9D%91
グループホーム鶴亀,グループホーム,青森県,三戸町,"介護,グループホーム,認知症",認知症のある方が少人数で生活する施設です。要支援・要介護度や地域要件を確認します。,http://www.keisinkai.com/,青森県三戸郡三戸町大字斗内字和田60－1,0179-23-4112,厚生労働省オープンデータ,https://www.mhlw.go.jp/content/12300000/jigyosho_320.csv,2025-12末,https://www.google.com/search?q=%E3%82%B0%E3%83%AB%E3%83%BC%E3%83%97%E3%83%9B%E3%83%BC%E3%83%A0%E9%B6%B4%E4%BA%80%20%E4%B8%89%E6%88%B8%E7%94%BA
グループホームしろやま,グループホーム,青森県,三戸町,"介護,グループホーム,認知症",認知症のある方が少人数で生活する施設です。要支援・要介護度や地域要件を確認します。,https://www.google.com/search?q=%E3%82%B0%E3%83%AB%E3%83%BC%E3%83%97%E3%83%9B%E3%83%BC%E3%83%A0%E3%81%97%E3%82%8D%E3%82%84%E3%81%BE%20%E4%B8%89%E6%88%B8%E7%94%BA,青森県三戸町大字梅内字桐萩162-8,0179-20-0260,厚生労働省オープンデータ,https://www.mhlw.go.jp/content/12300000/jigyosho_320.csv,2025-12末,https://www.google.com/search?q=%E3%82%B0%E3%83%AB%E3%83%BC%E3%83%97%E3%83%9B%E3%83%BC%E3%83%A0%E3%81%97%E3%82%8D%E3%82%84%E3%81%BE%20%E4%B8%89%E6%88%B8%E7%94%BA
グループホームひまわり,グループホーム,青森県,三戸町,"介護,グループホーム,認知症",認知症のある方が少人数で生活する施設です。要支援・要介護度や地域要件を確認します。,http://www.jstnystage.com/home/ghhimawari/,青森県三戸郡三戸町大字川守田字冷水68,0179-22-1119,厚生労働省オープンデータ,https://www.mhlw.go.jp/content/12300000/jigyosho_320.csv,2025-12末,https://www.google.com/search?q=%E3%82%B0%E3%83%AB%E3%83%BC%E3%83%97%E3%83%9B%E3%83%BC%E3%83%A0%E3%81%B2%E3%81%BE%E3%82%8F%E3%82%8A%20%E4%B8%89%E6%88%B8%E7%94%BA
グループホームまきば,グループホーム,青森県,五戸町,"介護,グループホーム,認知症",認知症のある方が少人数で生活する施設です。要支援・要介護度や地域要件を確認します。,https://www.google.com/search?q=%E3%82%B0%E3%83%AB%E3%83%BC%E3%83%97%E3%83%9B%E3%83%BC%E3%83%A0%E3%81%BE%E3%81%8D%E3%81%B0%20%E4%BA%94%E6%88%B8%E7%94%BA,三戸郡五戸町大字豊間内字地蔵平21-1,0178-62-7113,厚生労働省オープンデータ,https://www.mhlw.go.jp/content/12300000/jigyosho_320.csv,2025-12末,https://www.google.com/search?q=%E3%82%B0%E3%83%AB%E3%83%BC%E3%83%97%E3%83%9B%E3%83%BC%E3%83%A0%E3%81%BE%E3%81%8D%E3%81%B0%20%E4%BA%94%E6%88%B8%E7%94%BA
認知症対応型共同生活介護　ハピネス五戸,グループホーム,青森県,五戸町,"介護,グループホーム,認知症",認知症のある方が少人数で生活する施設です。要支援・要介護度や地域要件を確認します。,http://family.wf.jp,青森県三戸郡五戸町字姥堤３４－１,0178-62-7491,厚生労働省オープンデータ,https://www.mhlw.go.jp/content/12300000/jigyosho_320.csv,2025-12末,https://www.google.com/search?q=%E8%AA%8D%E7%9F%A5%E7%97%87%E5%AF%BE%E5%BF%9C%E5%9E%8B%E5%85%B1%E5%90%8C%E7%94%9F%E6%B4%BB%E4%BB%8B%E8%AD%B7%E3%80%80%E3%83%8F%E3%83%94%E3%83%8D%E3%82%B9%E4%BA%94%E6%88%B8%20%E4%BA%94%E6%88%B8%E7%94%BA
グループホーム　誉,グループホーム,青森県,五戸町,"介護,グループホーム,認知症",認知症のある方が少人数で生活する施設です。要支援・要介護度や地域要件を確認します。,nanyukai.or.jp,青森県三戸郡五戸町字銀杏木１－４５,0178-61-0311,厚生労働省オープンデータ,https://www.mhlw.go.jp/content/12300000/jigyosho_320.csv,2025-12末,https://www.google.com/search?q=%E3%82%B0%E3%83%AB%E3%83%BC%E3%83%97%E3%83%9B%E3%83%BC%E3%83%A0%E3%80%80%E8%AA%89%20%E4%BA%94%E6%88%B8%E7%94%BA
グループホームみろく苑,グループホーム,青森県,田子町,"介護,グループホーム,認知症",認知症のある方が少人数で生活する施設です。要支援・要介護度や地域要件を確認します。,http://mirokuen.com/,青森県三戸郡田子町大字田子字七日市上ノ平60番地,0179-32-3699,厚生労働省オープンデータ,https://www.mhlw.go.jp/content/12300000/jigyosho_320.csv,2025-12末,https://www.google.com/search?q=%E3%82%B0%E3%83%AB%E3%83%BC%E3%83%97%E3%83%9B%E3%83%BC%E3%83%A0%E3%81%BF%E3%82%8D%E3%81%8F%E8%8B%91%20%E7%94%B0%E5%AD%90%E7%94%BA
グループホームみろくの郷けんど,グループホーム,青森県,田子町,"介護,グループホーム,認知症",認知症のある方が少人数で生活する施設です。要支援・要介護度や地域要件を確認します。,http://mirokuen.com,青森県三戸郡田子町大字茂市字仲田２－２,0179-33-1300,厚生労働省オープンデータ,https://www.mhlw.go.jp/content/12300000/jigyosho_320.csv,2025-12末,https://www.google.com/search?q=%E3%82%B0%E3%83%AB%E3%83%BC%E3%83%97%E3%83%9B%E3%83%BC%E3%83%A0%E3%81%BF%E3%82%8D%E3%81%8F%E3%81%AE%E9%83%B7%E3%81%91%E3%82%93%E3%81%A9%20%E7%94%B0%E5%AD%90%E7%94%BA
グループホームみろくの郷　かぐぢ,グループホーム,青森県,田子町,"介護,グループホーム,認知症",認知症のある方が少人数で生活する施設です。要支援・要介護度や地域要件を確認します。,http://mirokuen.com,青森県三戸郡田子町大字茂市字茂市仲田2-4,0179-33-1200,厚生労働省オープンデータ,https://www.mhlw.go.jp/content/12300000/jigyosho_320.csv,2025-12末,https://www.google.com/search?q=%E3%82%B0%E3%83%AB%E3%83%BC%E3%83%97%E3%83%9B%E3%83%BC%E3%83%A0%E3%81%BF%E3%82%8D%E3%81%8F%E3%81%AE%E9%83%B7%E3%80%80%E3%81%8B%E3%81%90%E3%81%A2%20%E7%94%B0%E5%AD%90%E7%94%BA
グループホームけやき荘,グループホーム,青森県,田子町,"介護,グループホーム,認知症",認知症のある方が少人数で生活する施設です。要支援・要介護度や地域要件を確認します。,https://www.google.com/search?q=%E3%82%B0%E3%83%AB%E3%83%BC%E3%83%97%E3%83%9B%E3%83%BC%E3%83%A0%E3%81%91%E3%82%84%E3%81%8D%E8%8D%98%20%E7%94%B0%E5%AD%90%E7%94%BA,青森県三戸郡田子町大字田子字風張　20-21,0179-20-7131,厚生労働省オープンデータ,https://www.mhlw.go.jp/content/12300000/jigyosho_320.csv,2025-12末,https://www.google.com/search?q=%E3%82%B0%E3%83%AB%E3%83%BC%E3%83%97%E3%83%9B%E3%83%BC%E3%83%A0%E3%81%91%E3%82%84%E3%81%8D%E8%8D%98%20%E7%94%B0%E5%AD%90%E7%94%BA
認知症対応型共同生活介護　ハピネスながわ,グループホーム,青森県,南部町,"介護,グループホーム,認知症",認知症のある方が少人数で生活する施設です。要支援・要介護度や地域要件を確認します。,http://family‐wf.jp/happiness_nagawa,青森県三戸郡南部町大字下名久井字剣吉前川原1-1ハピネスながわ,0178-60-5252,厚生労働省オープンデータ,https://www.mhlw.go.jp/content/12300000/jigyosho_320.csv,2025-12末,https://www.google.com/search?q=%E8%AA%8D%E7%9F%A5%E7%97%87%E5%AF%BE%E5%BF%9C%E5%9E%8B%E5%85%B1%E5%90%8C%E7%94%9F%E6%B4%BB%E4%BB%8B%E8%AD%B7%E3%80%80%E3%83%8F%E3%83%94%E3%83%8D%E3%82%B9%E3%81%AA%E3%81%8C%E3%82%8F%20%E5%8D%97%E9%83%A8%E7%94%BA
グループホーム　せせらぎ荘,グループホーム,青森県,南部町,"介護,グループホーム,認知症",認知症のある方が少人数で生活する施設です。要支援・要介護度や地域要件を確認します。,https://www.google.com/search?q=%E3%82%B0%E3%83%AB%E3%83%BC%E3%83%97%E3%83%9B%E3%83%BC%E3%83%A0%E3%80%80%E3%81%9B%E3%81%9B%E3%82%89%E3%81%8E%E8%8D%98%20%E5%8D%97%E9%83%A8%E7%94%BA,青森県三戸郡南部町大字平字虚空蔵29番地2,0178-38-8252,厚生労働省オープンデータ,https://www.mhlw.go.jp/content/12300000/jigyosho_320.csv,2025-12末,https://www.google.com/search?q=%E3%82%B0%E3%83%AB%E3%83%BC%E3%83%97%E3%83%9B%E3%83%BC%E3%83%A0%E3%80%80%E3%81%9B%E3%81%9B%E3%82%89%E3%81%8E%E8%8D%98%20%E5%8D%97%E9%83%A8%E7%94%BA
グループホームあいの里,グループホーム,青森県,南部町,"介護,グループホーム,認知症",認知症のある方が少人数で生活する施設です。要支援・要介護度や地域要件を確認します。,inosato@hi-net.ne.jp,青森県三戸郡南部町大字小泉字下舘野７－６,0178-84-3342,厚生労働省オープンデータ,https://www.mhlw.go.jp/content/12300000/jigyosho_320.csv,2025-12末,https://www.google.com/search?q=%E3%82%B0%E3%83%AB%E3%83%BC%E3%83%97%E3%83%9B%E3%83%BC%E3%83%A0%E3%81%82%E3%81%84%E3%81%AE%E9%87%8C%20%E5%8D%97%E9%83%A8%E7%94%BA
グループホーム　赤ずきん一番館・二番館　　グループホーム赤ずきん三番館,グループホーム,青森県,南部町,"介護,グループホーム,認知症",認知症のある方が少人数で生活する施設です。要支援・要介護度や地域要件を確認します。,https://www.google.com/search?q=%E3%82%B0%E3%83%AB%E3%83%BC%E3%83%97%E3%83%9B%E3%83%BC%E3%83%A0%E3%80%80%E8%B5%A4%E3%81%9A%E3%81%8D%E3%82%93%E4%B8%80%E7%95%AA%E9%A4%A8%E3%83%BB%E4%BA%8C%E7%95%AA%E9%A4%A8%E3%80%80%E3%80%80%E3%82%B0%E3%83%AB%E3%83%BC%E3%83%97%E3%83%9B%E3%83%BC%E3%83%A0%E8%B5%A4%E3%81%9A%E3%81%8D%E3%82%93%E4%B8%89%E7%95%AA%E9%A4%A8%20%E5%8D%97%E9%83%A8%E7%94%BA,青森県三戸郡南部町大字大向字泉山道２８－１(一番館・二番館)　　青森県三戸郡南部町大字大向字森合20-1(三番館),0179-20-1717(,厚生労働省オープンデータ,https://www.mhlw.go.jp/content/12300000/jigyosho_320.csv,2025-12末,https://www.google.com/search?q=%E3%82%B0%E3%83%AB%E3%83%BC%E3%83%97%E3%83%9B%E3%83%BC%E3%83%A0%E3%80%80%E8%B5%A4%E3%81%9A%E3%81%8D%E3%82%93%E4%B8%80%E7%95%AA%E9%A4%A8%E3%83%BB%E4%BA%8C%E7%95%AA%E9%A4%A8%E3%80%80%E3%80%80%E3%82%B0%E3%83%AB%E3%83%BC%E3%83%97%E3%83%9B%E3%83%BC%E3%83%A0%E8%B5%A4%E3%81%9A%E3%81%8D%E3%82%93%E4%B8%89%E7%95%AA%E9%A4%A8%20%E5%8D%97%E9%83%A8%E7%94%BA
グループホームふくち,グループホーム,青森県,南部町,"介護,グループホーム,認知症",認知症のある方が少人数で生活する施設です。要支援・要介護度や地域要件を確認します。,https://sunrise-team.com,青森県三戸郡南部町大字福田字町頭８－１,0178-60-1313,厚生労働省オープンデータ,https://www.mhlw.go.jp/content/12300000/jigyosho_320.csv,2025-12末,https://www.google.com/search?q=%E3%82%B0%E3%83%AB%E3%83%BC%E3%83%97%E3%83%9B%E3%83%BC%E3%83%A0%E3%81%B5%E3%81%8F%E3%81%A1%20%E5%8D%97%E9%83%A8%E7%94%BA
グループホーム　ひだまりの里,グループホーム,青森県,南部町,"介護,グループホーム,認知症",認知症のある方が少人数で生活する施設です。要支援・要介護度や地域要件を確認します。,http://www.komeisou.or.jp/,青森県三戸郡南部町大字埖渡字舘２－７,0178-84-4774,厚生労働省オープンデータ,https://www.mhlw.go.jp/content/12300000/jigyosho_320.csv,2025-12末,https://www.google.com/search?q=%E3%82%B0%E3%83%AB%E3%83%BC%E3%83%97%E3%83%9B%E3%83%BC%E3%83%A0%E3%80%80%E3%81%B2%E3%81%A0%E3%81%BE%E3%82%8A%E3%81%AE%E9%87%8C%20%E5%8D%97%E9%83%A8%E7%94%BA
グループホーム「スマイル荘」,グループホーム,青森県,南部町,"介護,グループホーム,認知症",認知症のある方が少人数で生活する施設です。要支援・要介護度や地域要件を確認します。,ｆｕｋｕｓｅｉｋａｉ－ｇｈ＠ｄｒｅａｍ．ｏｃｎ．ｎｅ．ｊｐ,大字埖渡字下外窪12番地67,0178-60-1788,厚生労働省オープンデータ,https://www.mhlw.go.jp/content/12300000/jigyosho_320.csv,2025-12末,https://www.google.com/search?q=%E3%82%B0%E3%83%AB%E3%83%BC%E3%83%97%E3%83%9B%E3%83%BC%E3%83%A0%E3%80%8C%E3%82%B9%E3%83%9E%E3%82%A4%E3%83%AB%E8%8D%98%E3%80%8D%20%E5%8D%97%E9%83%A8%E7%94%BA
グループホーム「スマイル荘2号館」,グループホーム,青森県,南部町,"介護,グループホーム,認知症",認知症のある方が少人数で生活する施設です。要支援・要介護度や地域要件を確認します。,https://www.google.com/search?q=%E3%82%B0%E3%83%AB%E3%83%BC%E3%83%97%E3%83%9B%E3%83%BC%E3%83%A0%E3%80%8C%E3%82%B9%E3%83%9E%E3%82%A4%E3%83%AB%E8%8D%982%E5%8F%B7%E9%A4%A8%E3%80%8D%20%E5%8D%97%E9%83%A8%E7%94%BA,青森県三戸郡南部町大字埖渡字舘13番地13,0178516891,厚生労働省オープンデータ,https://www.mhlw.go.jp/content/12300000/jigyosho_320.csv,2025-12末,https://www.google.com/search?q=%E3%82%B0%E3%83%AB%E3%83%BC%E3%83%97%E3%83%9B%E3%83%BC%E3%83%A0%E3%80%8C%E3%82%B9%E3%83%9E%E3%82%A4%E3%83%AB%E8%8D%982%E5%8F%B7%E9%A4%A8%E3%80%8D%20%E5%8D%97%E9%83%A8%E7%94%BA
グループホーム絆,グループホーム,青森県,南部町,"介護,グループホーム,認知症",認知症のある方が少人数で生活する施設です。要支援・要介護度や地域要件を確認します。,https://www.google.com/search?q=%E3%82%B0%E3%83%AB%E3%83%BC%E3%83%97%E3%83%9B%E3%83%BC%E3%83%A0%E7%B5%86%20%E5%8D%97%E9%83%A8%E7%94%BA,青森県三戸郡南部町大字斗賀字沼田71-1,0178-70-5545,厚生労働省オープンデータ,https://www.mhlw.go.jp/content/12300000/jigyosho_320.csv,2025-12末,https://www.google.com/search?q=%E3%82%B0%E3%83%AB%E3%83%BC%E3%83%97%E3%83%9B%E3%83%BC%E3%83%A0%E7%B5%86%20%E5%8D%97%E9%83%A8%E7%94%BA
グループホーム三老,グループホーム,青森県,南部町,"介護,グループホーム,認知症",認知症のある方が少人数で生活する施設です。要支援・要介護度や地域要件を確認します。,https://www.google.com/search?q=%E3%82%B0%E3%83%AB%E3%83%BC%E3%83%97%E3%83%9B%E3%83%BC%E3%83%A0%E4%B8%89%E8%80%81%20%E5%8D%97%E9%83%A8%E7%94%BA,青森県三戸郡南部町大字大向字仙ノ木平４２,0179-22-1252,厚生労働省オープンデータ,https://www.mhlw.go.jp/content/12300000/jigyosho_320.csv,2025-12末,https://www.google.com/search?q=%E3%82%B0%E3%83%AB%E3%83%BC%E3%83%97%E3%83%9B%E3%83%BC%E3%83%A0%E4%B8%89%E8%80%81%20%E5%8D%97%E9%83%A8%E7%94%BA
グループホームながわ荘,グループホーム,青森県,南部町,"介護,グループホーム,認知症",認知症のある方が少人数で生活する施設です。要支援・要介護度や地域要件を確認します。,gh-nagawa@poem.ocn.ne.jp,青森県三戸郡南部町大字上名久井字伊勢堂下21番地７,0178-60-7860,厚生労働省オープンデータ,https://www.mhlw.go.jp/content/12300000/jigyosho_320.csv,2025-12末,https://www.google.com/search?q=%E3%82%B0%E3%83%AB%E3%83%BC%E3%83%97%E3%83%9B%E3%83%BC%E3%83%A0%E3%81%AA%E3%81%8C%E3%82%8F%E8%8D%98%20%E5%8D%97%E9%83%A8%E7%94%BA
グループホームゆとり,グループホーム,青森県,階上町,"介護,グループホーム,認知症",認知症のある方が少人数で生活する施設です。要支援・要介護度や地域要件を確認します。,https://www.yutori-web.net,三戸郡階上町蒼前東六丁目９－１８１,0178-88-1920,厚生労働省オープンデータ,https://www.mhlw.go.jp/content/12300000/jigyosho_320.csv,2025-12末,https://www.google.com/search?q=%E3%82%B0%E3%83%AB%E3%83%BC%E3%83%97%E3%83%9B%E3%83%BC%E3%83%A0%E3%82%86%E3%81%A8%E3%82%8A%20%E9%9A%8E%E4%B8%8A%E7%94%BA
グループホームかっこうの森,グループホーム,青森県,階上町,"介護,グループホーム,認知症",認知症のある方が少人数で生活する施設です。要支援・要介護度や地域要件を確認します。,http://kakkounomori.com,青森県三戸郡階上町蒼前西2丁目９－９９２,0178-80-1515,厚生労働省オープンデータ,https://www.mhlw.go.jp/content/12300000/jigyosho_320.csv,2025-12末,https://www.google.com/search?q=%E3%82%B0%E3%83%AB%E3%83%BC%E3%83%97%E3%83%9B%E3%83%BC%E3%83%A0%E3%81%8B%E3%81%A3%E3%81%93%E3%81%86%E3%81%AE%E6%A3%AE%20%E9%9A%8E%E4%B8%8A%E7%94%BA
グループホームわらび苑,グループホーム,青森県,階上町,"介護,グループホーム,認知症",認知症のある方が少人数で生活する施設です。要支援・要介護度や地域要件を確認します。,ｓｏｕｓｈｏｕ＠ｗｉｎｇ．ｏｃｎ．ｎｅ．ｊｐ,三戸郡階上町大字角柄折字餅粟久保４－１,0178-88-1461,厚生労働省オープンデータ,https://www.mhlw.go.jp/content/12300000/jigyosho_320.csv,2025-12末,https://www.google.com/search?q=%E3%82%B0%E3%83%AB%E3%83%BC%E3%83%97%E3%83%9B%E3%83%BC%E3%83%A0%E3%82%8F%E3%82%89%E3%81%B3%E8%8B%91%20%E9%9A%8E%E4%B8%8A%E7%94%BA
グループホームはしかみ苑,グループホーム,青森県,階上町,"介護,グループホーム,認知症",認知症のある方が少人数で生活する施設です。要支援・要介護度や地域要件を確認します。,https://www.google.com/search?q=%E3%82%B0%E3%83%AB%E3%83%BC%E3%83%97%E3%83%9B%E3%83%BC%E3%83%A0%E3%81%AF%E3%81%97%E3%81%8B%E3%81%BF%E8%8B%91%20%E9%9A%8E%E4%B8%8A%E7%94%BA,青森県三戸郡階上町蒼前西７丁目９－４０７,0178-80-1818,厚生労働省オープンデータ,https://www.mhlw.go.jp/content/12300000/jigyosho_320.csv,2025-12末,https://www.google.com/search?q=%E3%82%B0%E3%83%AB%E3%83%BC%E3%83%97%E3%83%9B%E3%83%BC%E3%83%A0%E3%81%AF%E3%81%97%E3%81%8B%E3%81%BF%E8%8B%91%20%E9%9A%8E%E4%B8%8A%E7%94%BA
グループホームいちょうの郷,グループホーム,青森県,階上町,"介護,グループホーム,認知症",認知症のある方が少人数で生活する施設です。要支援・要介護度や地域要件を確認します。,https://www.google.com/search?q=%E3%82%B0%E3%83%AB%E3%83%BC%E3%83%97%E3%83%9B%E3%83%BC%E3%83%A0%E3%81%84%E3%81%A1%E3%82%87%E3%81%86%E3%81%AE%E9%83%B7%20%E9%9A%8E%E4%B8%8A%E7%94%BA,青森県三戸郡階上町大字赤保内字柳沢１５番地269,0178-80-1007,厚生労働省オープンデータ,https://www.mhlw.go.jp/content/12300000/jigyosho_320.csv,2025-12末,https://www.google.com/search?q=%E3%82%B0%E3%83%AB%E3%83%BC%E3%83%97%E3%83%9B%E3%83%BC%E3%83%A0%E3%81%84%E3%81%A1%E3%82%87%E3%81%86%E3%81%AE%E9%83%B7%20%E9%9A%8E%E4%B8%8A%E7%94%BA
グループホーム小春びより2号館,グループホーム,青森県,新郷村,"介護,グループホーム,認知症",認知症のある方が少人数で生活する施設です。要支援・要介護度や地域要件を確認します。,https://www.google.com/search?q=%E3%82%B0%E3%83%AB%E3%83%BC%E3%83%97%E3%83%9B%E3%83%BC%E3%83%A0%E5%B0%8F%E6%98%A5%E3%81%B3%E3%82%88%E3%82%8A2%E5%8F%B7%E9%A4%A8%20%E6%96%B0%E9%83%B7%E6%9D%91,青森県三戸郡新郷村大字戸来字金ヶ沢坂ノ下９,0178-61-7550,厚生労働省オープンデータ,https://www.mhlw.go.jp/content/12300000/jigyosho_320.csv,2025-12末,https://www.google.com/search?q=%E3%82%B0%E3%83%AB%E3%83%BC%E3%83%97%E3%83%9B%E3%83%BC%E3%83%A0%E5%B0%8F%E6%98%A5%E3%81%B3%E3%82%88%E3%82%8A2%E5%8F%B7%E9%A4%A8%20%E6%96%B0%E9%83%B7%E6%9D%91
クローバーズ・ピア八戸ひまわりの家,介護付き有料老人ホーム,青森県,八戸市,"介護,介護付き有料老人ホーム,入所",介護付き有料老人ホームの公式オープンデータから取り込んだ候補です。詳細は公式情報・電話・見学で確認してください。,http://www.net-pier.org,青森県八戸市江陽二丁目13番33号,0178-45-5304,厚生労働省オープンデータ,https://www.mhlw.go.jp/content/12300000/jigyosho_331.csv,2025-12末,https://www.google.com/search?q=%E3%82%AF%E3%83%AD%E3%83%BC%E3%83%90%E3%83%BC%E3%82%BA%E3%83%BB%E3%83%94%E3%82%A2%E5%85%AB%E6%88%B8%E3%81%B2%E3%81%BE%E3%82%8F%E3%82%8A%E3%81%AE%E5%AE%B6%20%E5%85%AB%E6%88%B8%E5%B8%82
特定有料老人ホームクローバーズ・アネックス,介護付き有料老人ホーム,青森県,八戸市,"介護,介護付き有料老人ホーム,入所",介護付き有料老人ホームの公式オープンデータから取り込んだ候補です。詳細は公式情報・電話・見学で確認してください。,https://www.net-pier.org,青森県八戸市南郷大字市野沢字山陣屋３６－５０,0178-82-3870,厚生労働省オープンデータ,https://www.mhlw.go.jp/content/12300000/jigyosho_331.csv,2025-12末,https://www.google.com/search?q=%E7%89%B9%E5%AE%9A%E6%9C%89%E6%96%99%E8%80%81%E4%BA%BA%E3%83%9B%E3%83%BC%E3%83%A0%E3%82%AF%E3%83%AD%E3%83%BC%E3%83%90%E3%83%BC%E3%82%BA%E3%83%BB%E3%82%A2%E3%83%8D%E3%83%83%E3%82%AF%E3%82%B9%20%E5%85%AB%E6%88%B8%E5%B8%82
介護付有料老人ホーム　シーガル,介護付き有料老人ホーム,青森県,八戸市,"介護,介護付き有料老人ホーム,入所",介護付き有料老人ホームの公式オープンデータから取り込んだ候補です。詳細は公式情報・電話・見学で確認してください。,http://www.heiwa-hp.or.jp/seagull/seagull.html,青森県八戸市湊高台二丁目３番２号,0178-32-2900,厚生労働省オープンデータ,https://www.mhlw.go.jp/content/12300000/jigyosho_331.csv,2025-12末,https://www.google.com/search?q=%E4%BB%8B%E8%AD%B7%E4%BB%98%E6%9C%89%E6%96%99%E8%80%81%E4%BA%BA%E3%83%9B%E3%83%BC%E3%83%A0%E3%80%80%E3%82%B7%E3%83%BC%E3%82%AC%E3%83%AB%20%E5%85%AB%E6%88%B8%E5%B8%82
介護付有料老人ホーム生協たむかいの家,介護付き有料老人ホーム,青森県,八戸市,"介護,介護付き有料老人ホーム,入所",介護付き有料老人ホームの公式オープンデータから取り込んだ候補です。詳細は公式情報・電話・見学で確認してください。,https://www.hachinohe-iryou.jp/,青森県八戸市田向４丁目13-8,0178-51-6461,厚生労働省オープンデータ,https://www.mhlw.go.jp/content/12300000/jigyosho_331.csv,2025-12末,https://www.google.com/search?q=%E4%BB%8B%E8%AD%B7%E4%BB%98%E6%9C%89%E6%96%99%E8%80%81%E4%BA%BA%E3%83%9B%E3%83%BC%E3%83%A0%E7%94%9F%E5%8D%94%E3%81%9F%E3%82%80%E3%81%8B%E3%81%84%E3%81%AE%E5%AE%B6%20%E5%85%AB%E6%88%B8%E5%B8%82
介護付有料老人ホームサポージュ是川,介護付き有料老人ホーム,青森県,八戸市,"介護,介護付き有料老人ホーム,入所",介護付き有料老人ホームの公式オープンデータから取り込んだ候補です。詳細は公式情報・電話・見学で確認してください。,https:www.medicalfrontier.or.jp,是川四丁目３番地３,0178-20-8770,厚生労働省オープンデータ,https://www.mhlw.go.jp/content/12300000/jigyosho_331.csv,2025-12末,https://www.google.com/search?q=%E4%BB%8B%E8%AD%B7%E4%BB%98%E6%9C%89%E6%96%99%E8%80%81%E4%BA%BA%E3%83%9B%E3%83%BC%E3%83%A0%E3%82%B5%E3%83%9D%E3%83%BC%E3%82%B8%E3%83%A5%E6%98%AF%E5%B7%9D%20%E5%85%AB%E6%88%B8%E5%B8%82
松園ひばり苑,介護付き有料老人ホーム,青森県,三沢市,"介護,介護付き有料老人ホーム,入所",介護付き有料老人ホームの公式オープンデータから取り込んだ候補です。詳細は公式情報・電話・見学で確認してください。,https://www.joukoukai.or.jp,青森県三沢市松園町二丁目21-7,0176-51-7075,厚生労働省オープンデータ,https://www.mhlw.go.jp/content/12300000/jigyosho_331.csv,2025-12末,https://www.google.com/search?q=%E6%9D%BE%E5%9C%92%E3%81%B2%E3%81%B0%E3%82%8A%E8%8B%91%20%E4%B8%89%E6%B2%A2%E5%B8%82
松園ケアラウンジ・スカイ,介護付き有料老人ホーム,青森県,三沢市,"介護,介護付き有料老人ホーム,入所",介護付き有料老人ホームの公式オープンデータから取り込んだ候補です。詳細は公式情報・電話・見学で確認してください。,http://www.rakuseikai.or.jp/,青森県三沢市松園町二丁目７－７,0176-57-5751,厚生労働省オープンデータ,https://www.mhlw.go.jp/content/12300000/jigyosho_331.csv,2025-12末,https://www.google.com/search?q=%E6%9D%BE%E5%9C%92%E3%82%B1%E3%82%A2%E3%83%A9%E3%82%A6%E3%83%B3%E3%82%B8%E3%83%BB%E3%82%B9%E3%82%AB%E3%82%A4%20%E4%B8%89%E6%B2%A2%E5%B8%82
堀口ひばり苑,介護付き有料老人ホーム,青森県,三沢市,"介護,介護付き有料老人ホーム,入所",介護付き有料老人ホームの公式オープンデータから取り込んだ候補です。詳細は公式情報・電話・見学で確認してください。,http://www.joukoukai.or.jp/,三沢市大字三沢字堀口164-291,0176-58-7231,厚生労働省オープンデータ,https://www.mhlw.go.jp/content/12300000/jigyosho_331.csv,2025-12末,https://www.google.com/search?q=%E5%A0%80%E5%8F%A3%E3%81%B2%E3%81%B0%E3%82%8A%E8%8B%91%20%E4%B8%89%E6%B2%A2%E5%B8%82
介護付き有料老人ホームひばりの,介護付き有料老人ホーム,青森県,五戸町,"介護,介護付き有料老人ホーム,入所",介護付き有料老人ホームの公式オープンデータから取り込んだ候補です。詳細は公式情報・電話・見学で確認してください。,https://www.google.com/search?q=%E4%BB%8B%E8%AD%B7%E4%BB%98%E3%81%8D%E6%9C%89%E6%96%99%E8%80%81%E4%BA%BA%E3%83%9B%E3%83%BC%E3%83%A0%E3%81%B2%E3%81%B0%E3%82%8A%E3%81%AE%20%E4%BA%94%E6%88%B8%E7%94%BA,青森県三戸郡五戸町字苗代沢3-653,0178-62-7760,厚生労働省オープンデータ,https://www.mhlw.go.jp/content/12300000/jigyosho_331.csv,2025-12末,https://www.google.com/search?q=%E4%BB%8B%E8%AD%B7%E4%BB%98%E3%81%8D%E6%9C%89%E6%96%99%E8%80%81%E4%BA%BA%E3%83%9B%E3%83%BC%E3%83%A0%E3%81%B2%E3%81%B0%E3%82%8A%E3%81%AE%20%E4%BA%94%E6%88%B8%E7%94%BA
ミッドライフケアレジデンス,軽費老人ホーム,青森県,青森市,"介護,軽費老人ホーム",軽費老人ホームの公式オープンデータから取り込んだ候補です。詳細は公式情報・電話・見学で確認してください。,ｍｉｄｌｉｆｅ@amc-headquarters-med.or.jp,青森県青森市新町1丁目2番5号,017-721-8111,厚生労働省オープンデータ,https://www.mhlw.go.jp/content/12300000/jigyosho_332.csv,2025-12末,https://www.google.com/search?q=%E3%83%9F%E3%83%83%E3%83%89%E3%83%A9%E3%82%A4%E3%83%95%E3%82%B1%E3%82%A2%E3%83%AC%E3%82%B8%E3%83%87%E3%83%B3%E3%82%B9%20%E9%9D%92%E6%A3%AE%E5%B8%82
ケアハウス　サン・フラワー,軽費老人ホーム,青森県,弘前市,"介護,軽費老人ホーム",軽費老人ホームの公式オープンデータから取り込んだ候補です。詳細は公式情報・電話・見学で確認してください。,http://www5.ocn.ne.jp/~kouyukai/index.htm,青森県弘前市大字向外瀬字豊田３２０番１,0172-34-3434,厚生労働省オープンデータ,https://www.mhlw.go.jp/content/12300000/jigyosho_332.csv,2025-12末,https://www.google.com/search?q=%E3%82%B1%E3%82%A2%E3%83%8F%E3%82%A6%E3%82%B9%E3%80%80%E3%82%B5%E3%83%B3%E3%83%BB%E3%83%95%E3%83%A9%E3%83%AF%E3%83%BC%20%E5%BC%98%E5%89%8D%E5%B8%82
ケアハウスハルニレ,軽費老人ホーム,青森県,五所川原市,"介護,軽費老人ホーム",軽費老人ホームの公式オープンデータから取り込んだ候補です。詳細は公式情報・電話・見学で確認してください。,httｐ//：www.takushinkai.or.jp,青森県五所川原市大字水野尾字懸樋２２２番地3ケアハウスハルニレ,0173-38-3001,厚生労働省オープンデータ,https://www.mhlw.go.jp/content/12300000/jigyosho_332.csv,2025-12末,https://www.google.com/search?q=%E3%82%B1%E3%82%A2%E3%83%8F%E3%82%A6%E3%82%B9%E3%83%8F%E3%83%AB%E3%83%8B%E3%83%AC%20%E4%BA%94%E6%89%80%E5%B7%9D%E5%8E%9F%E5%B8%82
サービス付高齢者住宅リゾート「きずな」,サービス付き高齢者向け住宅,青森県,十和田市,"介護,サービス付き高齢者向け住宅,入所",サービス付き高齢者向け住宅の公式オープンデータから取り込んだ候補です。詳細は公式情報・電話・見学で確認してください。,https://echo-aomori.jp/welfare/,青森県十和田市大字三本木字一本木沢19-1,0176-58-5520,厚生労働省オープンデータ,https://www.mhlw.go.jp/content/12300000/jigyosho_334.csv,2025-12末,https://www.google.com/search?q=%E3%82%B5%E3%83%BC%E3%83%93%E3%82%B9%E4%BB%98%E9%AB%98%E9%BD%A2%E8%80%85%E4%BD%8F%E5%AE%85%E3%83%AA%E3%82%BE%E3%83%BC%E3%83%88%E3%80%8C%E3%81%8D%E3%81%9A%E3%81%AA%E3%80%8D%20%E5%8D%81%E5%92%8C%E7%94%B0%E5%B8%82
シニアライフ大津,サービス付き高齢者向け住宅,青森県,三沢市,"介護,サービス付き高齢者向け住宅,入所",サービス付き高齢者向け住宅の公式オープンデータから取り込んだ候補です。詳細は公式情報・電話・見学で確認してください。,http://www.rakuseikai.or.jp/,青森県三沢市大津二丁目１２－３７４,0176-58-5057,厚生労働省オープンデータ,https://www.mhlw.go.jp/content/12300000/jigyosho_334.csv,2025-12末,https://www.google.com/search?q=%E3%82%B7%E3%83%8B%E3%82%A2%E3%83%A9%E3%82%A4%E3%83%95%E5%A4%A7%E6%B4%A5%20%E4%B8%89%E6%B2%A2%E5%B8%82
サービス付き高齢者向け住宅　双松苑,サービス付き高齢者向け住宅,青森県,階上町,"介護,サービス付き高齢者向け住宅,入所",サービス付き高齢者向け住宅の公式オープンデータから取り込んだ候補です。詳細は公式情報・電話・見学で確認してください。,https://www.google.com/search?q=%E3%82%B5%E3%83%BC%E3%83%93%E3%82%B9%E4%BB%98%E3%81%8D%E9%AB%98%E9%BD%A2%E8%80%85%E5%90%91%E3%81%91%E4%BD%8F%E5%AE%85%E3%80%80%E5%8F%8C%E6%9D%BE%E8%8B%91%20%E9%9A%8E%E4%B8%8A%E7%94%BA,青森県三戸郡階上町大字角柄折字餅粟久保４番地１,０１７８－８８－１４６１,厚生労働省オープンデータ,https://www.mhlw.go.jp/content/12300000/jigyosho_334.csv,2025-12末,https://www.google.com/search?q=%E3%82%B5%E3%83%BC%E3%83%93%E3%82%B9%E4%BB%98%E3%81%8D%E9%AB%98%E9%BD%A2%E8%80%85%E5%90%91%E3%81%91%E4%BD%8F%E5%AE%85%E3%80%80%E5%8F%8C%E6%9D%BE%E8%8B%91%20%E9%9A%8E%E4%B8%8A%E7%94%BA
地域密着型特定施設入居者生活介護事業所惣久,地域密着型有料老人ホーム,青森県,青森市,"介護,地域密着型有料老人ホーム,入所",地域密着型有料老人ホームの公式オープンデータから取り込んだ候補です。詳細は公式情報・電話・見学で確認してください。,https://eisoukai.com/,青森県青森市堤町2丁目4-9,017-763-0380,厚生労働省オープンデータ,https://www.mhlw.go.jp/content/12300000/jigyosho_361.csv,2025-12末,https://www.google.com/search?q=%E5%9C%B0%E5%9F%9F%E5%AF%86%E7%9D%80%E5%9E%8B%E7%89%B9%E5%AE%9A%E6%96%BD%E8%A8%AD%E5%85%A5%E5%B1%85%E8%80%85%E7%94%9F%E6%B4%BB%E4%BB%8B%E8%AD%B7%E4%BA%8B%E6%A5%AD%E6%89%80%E6%83%A3%E4%B9%85%20%E9%9D%92%E6%A3%AE%E5%B8%82
ぬくもり,地域密着型有料老人ホーム,青森県,今別町,"介護,地域密着型有料老人ホーム,入所",地域密着型有料老人ホームの公式オープンデータから取り込んだ候補です。詳細は公式情報・電話・見学で確認してください。,tugarusaport-khhy.com,青森県東津軽郡今別町浜名字中宇田１番地３１,0174-31-0037,厚生労働省オープンデータ,https://www.mhlw.go.jp/content/12300000/jigyosho_361.csv,2025-12末,https://www.google.com/search?q=%E3%81%AC%E3%81%8F%E3%82%82%E3%82%8A%20%E4%BB%8A%E5%88%A5%E7%94%BA
ケアハウス幸陽,地域密着型軽費老人ホーム,青森県,青森市,"介護,地域密着型軽費老人ホーム",地域密着型軽費老人ホームの公式オープンデータから取り込んだ候補です。詳細は公式情報・電話・見学で確認してください。,http://www.wakouen.or.jp/,青森市大字矢田字下野尻48番2,017-726-1777,厚生労働省オープンデータ,https://www.mhlw.go.jp/content/12300000/jigyosho_362.csv,2025-12末,https://www.google.com/search?q=%E3%82%B1%E3%82%A2%E3%83%8F%E3%82%A6%E3%82%B9%E5%B9%B8%E9%99%BD%20%E9%9D%92%E6%A3%AE%E5%B8%82
金吹沢の森,地域密着型サービス付き高齢者向け住宅,青森県,八戸市,"介護,地域密着型サービス付き高齢者向け住宅,入所",地域密着型サービス付き高齢者向け住宅の公式オープンデータから取り込んだ候補です。詳細は公式情報・電話・見学で確認してください。,https://www.google.com/search?q=%E9%87%91%E5%90%B9%E6%B2%A2%E3%81%AE%E6%A3%AE%20%E5%85%AB%E6%88%B8%E5%B8%82,青森県八戸市大字大久保字大山7番地,0178-34-2681,厚生労働省オープンデータ,https://www.mhlw.go.jp/content/12300000/jigyosho_364.csv,2025-12末,https://www.google.com/search?q=%E9%87%91%E5%90%B9%E6%B2%A2%E3%81%AE%E6%A3%AE%20%E5%85%AB%E6%88%B8%E5%B8%82
地域密着型特定施設なかよし荘,地域密着型サービス付き高齢者向け住宅,青森県,十和田市,"介護,地域密着型サービス付き高齢者向け住宅,入所",地域密着型サービス付き高齢者向け住宅の公式オープンデータから取り込んだ候補です。詳細は公式情報・電話・見学で確認してください。,http://www.nakayoshi-sou.or.jp,青森県十和田市大字深持字南平312番1,0176-58-5160,厚生労働省オープンデータ,https://www.mhlw.go.jp/content/12300000/jigyosho_364.csv,2025-12末,https://www.google.com/search?q=%E5%9C%B0%E5%9F%9F%E5%AF%86%E7%9D%80%E5%9E%8B%E7%89%B9%E5%AE%9A%E6%96%BD%E8%A8%AD%E3%81%AA%E3%81%8B%E3%82%88%E3%81%97%E8%8D%98%20%E5%8D%81%E5%92%8C%E7%94%B0%E5%B8%82
在宅介護支援センターとうし苑,ケアマネジャー・居宅介護支援,青森県,青森市,"介護,ケアマネジャー・居宅介護支援,相談",介護サービスの計画作成や事業所調整を行う相談先です。退院後の生活準備で重要です。,https://www.google.com/search?q=%E5%9C%A8%E5%AE%85%E4%BB%8B%E8%AD%B7%E6%94%AF%E6%8F%B4%E3%82%BB%E3%83%B3%E3%82%BF%E3%83%BC%E3%81%A8%E3%81%86%E3%81%97%E8%8B%91%20%E9%9D%92%E6%A3%AE%E5%B8%82,青森県青森市幸畑字谷脇214-1,017-738-8685,厚生労働省オープンデータ,https://www.mhlw.go.jp/content/12300000/jigyosho_430.csv,2025-12末,https://www.google.com/search?q=%E5%9C%A8%E5%AE%85%E4%BB%8B%E8%AD%B7%E6%94%AF%E6%8F%B4%E3%82%BB%E3%83%B3%E3%82%BF%E3%83%BC%E3%81%A8%E3%81%86%E3%81%97%E8%8B%91%20%E9%9D%92%E6%A3%AE%E5%B8%82
居宅介護支援事業所レインボー,ケアマネジャー・居宅介護支援,青森県,青森市,"介護,ケアマネジャー・居宅介護支援,相談",介護サービスの計画作成や事業所調整を行う相談先です。退院後の生活準備で重要です。,rainbow-1@cyber.ocn.ne.jp,青森県青森市幸畑3丁目5番21号居宅介護支援事業所レインボー,017-738-3860,厚生労働省オープンデータ,https://www.mhlw.go.jp/content/12300000/jigyosho_430.csv,2025-12末,https://www.google.com/search?q=%E5%B1%85%E5%AE%85%E4%BB%8B%E8%AD%B7%E6%94%AF%E6%8F%B4%E4%BA%8B%E6%A5%AD%E6%89%80%E3%83%AC%E3%82%A4%E3%83%B3%E3%83%9C%E3%83%BC%20%E9%9D%92%E6%A3%AE%E5%B8%82
医療法人明友会嶋中内科循環器科,ケアマネジャー・居宅介護支援,青森県,青森市,"介護,ケアマネジャー・居宅介護支援,相談",介護サービスの計画作成や事業所調整を行う相談先です。退院後の生活準備で重要です。,http://www3.ocn.ne.jp/~simanaka/index.html,青森県青森市青柳２丁目9号の38番地,017-775-2111,厚生労働省オープンデータ,https://www.mhlw.go.jp/content/12300000/jigyosho_430.csv,2025-12末,https://www.google.com/search?q=%E5%8C%BB%E7%99%82%E6%B3%95%E4%BA%BA%E6%98%8E%E5%8F%8B%E4%BC%9A%E5%B6%8B%E4%B8%AD%E5%86%85%E7%A7%91%E5%BE%AA%E7%92%B0%E5%99%A8%E7%A7%91%20%E9%9D%92%E6%A3%AE%E5%B8%82
在宅介護支援センターしんまち,ケアマネジャー・居宅介護支援,青森県,青森市,"介護,ケアマネジャー・居宅介護支援,相談",介護サービスの計画作成や事業所調整を行う相談先です。退院後の生活準備で重要です。,http://www.zaikaishi@amc-headquarters-med.or.jp,青森市新町２丁目1-8,017-723-9991,厚生労働省オープンデータ,https://www.mhlw.go.jp/content/12300000/jigyosho_430.csv,2025-12末,https://www.google.com/search?q=%E5%9C%A8%E5%AE%85%E4%BB%8B%E8%AD%B7%E6%94%AF%E6%8F%B4%E3%82%BB%E3%83%B3%E3%82%BF%E3%83%BC%E3%81%97%E3%82%93%E3%81%BE%E3%81%A1%20%E9%9D%92%E6%A3%AE%E5%B8%82
協立クリニック　　居宅介護支援事業所,ケアマネジャー・居宅介護支援,青森県,青森市,"介護,ケアマネジャー・居宅介護支援,相談",介護サービスの計画作成や事業所調整を行う相談先です。退院後の生活準備で重要です。,http://www.aomori-h-coop.com/kyoritsu,青森県東大野2丁目２－２協立クリニック,017-762-2861,厚生労働省オープンデータ,https://www.mhlw.go.jp/content/12300000/jigyosho_430.csv,2025-12末,https://www.google.com/search?q=%E5%8D%94%E7%AB%8B%E3%82%AF%E3%83%AA%E3%83%8B%E3%83%83%E3%82%AF%E3%80%80%E3%80%80%E5%B1%85%E5%AE%85%E4%BB%8B%E8%AD%B7%E6%94%AF%E6%8F%B4%E4%BA%8B%E6%A5%AD%E6%89%80%20%E9%9D%92%E6%A3%AE%E5%B8%82
居宅介護支援事業所　悦びの里,ケアマネジャー・居宅介護支援,青森県,青森市,"介護,ケアマネジャー・居宅介護支援,相談",介護サービスの計画作成や事業所調整を行う相談先です。退院後の生活準備で重要です。,https://www.google.com/search?q=%E5%B1%85%E5%AE%85%E4%BB%8B%E8%AD%B7%E6%94%AF%E6%8F%B4%E4%BA%8B%E6%A5%AD%E6%89%80%E3%80%80%E6%82%A6%E3%81%B3%E3%81%AE%E9%87%8C%20%E9%9D%92%E6%A3%AE%E5%B8%82,青森県青森市浜館2丁目2番10号サニープラザ101号,017-752-7586,厚生労働省オープンデータ,https://www.mhlw.go.jp/content/12300000/jigyosho_430.csv,2025-12末,https://www.google.com/search?q=%E5%B1%85%E5%AE%85%E4%BB%8B%E8%AD%B7%E6%94%AF%E6%8F%B4%E4%BA%8B%E6%A5%AD%E6%89%80%E3%80%80%E6%82%A6%E3%81%B3%E3%81%AE%E9%87%8C%20%E9%9D%92%E6%A3%AE%E5%B8%82
アコード介護支援事業所,ケアマネジャー・居宅介護支援,青森県,青森市,"介護,ケアマネジャー・居宅介護支援,相談",介護サービスの計画作成や事業所調整を行う相談先です。退院後の生活準備で重要です。,https://www.google.com/search?q=%E3%82%A2%E3%82%B3%E3%83%BC%E3%83%89%E4%BB%8B%E8%AD%B7%E6%94%AF%E6%8F%B4%E4%BA%8B%E6%A5%AD%E6%89%80%20%E9%9D%92%E6%A3%AE%E5%B8%82,青森県青森市第二問屋町４丁目６番１７号ヴェルニーチェＢ１０１,017-718-8023,厚生労働省オープンデータ,https://www.mhlw.go.jp/content/12300000/jigyosho_430.csv,2025-12末,https://www.google.com/search?q=%E3%82%A2%E3%82%B3%E3%83%BC%E3%83%89%E4%BB%8B%E8%AD%B7%E6%94%AF%E6%8F%B4%E4%BA%8B%E6%A5%AD%E6%89%80%20%E9%9D%92%E6%A3%AE%E5%B8%82
居宅介護支援事業所パンダ,ケアマネジャー・居宅介護支援,青森県,青森市,"介護,ケアマネジャー・居宅介護支援,相談",介護サービスの計画作成や事業所調整を行う相談先です。退院後の生活準備で重要です。,www.clover-net.co.jp,青森県青森市松森3丁目17-69　10号,017-762-0453,厚生労働省オープンデータ,https://www.mhlw.go.jp/content/12300000/jigyosho_430.csv,2025-12末,https://www.google.com/search?q=%E5%B1%85%E5%AE%85%E4%BB%8B%E8%AD%B7%E6%94%AF%E6%8F%B4%E4%BA%8B%E6%A5%AD%E6%89%80%E3%83%91%E3%83%B3%E3%83%80%20%E9%9D%92%E6%A3%AE%E5%B8%82
居宅介護支援センター芙蓉,ケアマネジャー・居宅介護支援,青森県,青森市,"介護,ケアマネジャー・居宅介護支援,相談",介護サービスの計画作成や事業所調整を行う相談先です。退院後の生活準備で重要です。,http://www.fuyoukai.or.jp/sanraku/jigyousho/kyotakufuyou.html,青森市妙見３丁目１１－１４総合ケアセンターさんらく内,017-738-7008,厚生労働省オープンデータ,https://www.mhlw.go.jp/content/12300000/jigyosho_430.csv,2025-12末,https://www.google.com/search?q=%E5%B1%85%E5%AE%85%E4%BB%8B%E8%AD%B7%E6%94%AF%E6%8F%B4%E3%82%BB%E3%83%B3%E3%82%BF%E3%83%BC%E8%8A%99%E8%93%89%20%E9%9D%92%E6%A3%AE%E5%B8%82
居宅介護支援事業所スマイル,ケアマネジャー・居宅介護支援,青森県,青森市,"介護,ケアマネジャー・居宅介護支援,相談",介護サービスの計画作成や事業所調整を行う相談先です。退院後の生活準備で重要です。,http://kyotaku-smile.com/,青森県青森市問屋町2－14－6,017－772－2049,厚生労働省オープンデータ,https://www.mhlw.go.jp/content/12300000/jigyosho_430.csv,2025-12末,https://www.google.com/search?q=%E5%B1%85%E5%AE%85%E4%BB%8B%E8%AD%B7%E6%94%AF%E6%8F%B4%E4%BA%8B%E6%A5%AD%E6%89%80%E3%82%B9%E3%83%9E%E3%82%A4%E3%83%AB%20%E9%9D%92%E6%A3%AE%E5%B8%82
ケアワーク・ラボ　えにし,ケアマネジャー・居宅介護支援,青森県,青森市,"介護,ケアマネジャー・居宅介護支援,相談",介護サービスの計画作成や事業所調整を行う相談先です。退院後の生活準備で重要です。,https://www.forets.co.jp/,青森県青森市柳川一丁目2-11-402号,017-718-7350,厚生労働省オープンデータ,https://www.mhlw.go.jp/content/12300000/jigyosho_430.csv,2025-12末,https://www.google.com/search?q=%E3%82%B1%E3%82%A2%E3%83%AF%E3%83%BC%E3%82%AF%E3%83%BB%E3%83%A9%E3%83%9C%E3%80%80%E3%81%88%E3%81%AB%E3%81%97%20%E9%9D%92%E6%A3%AE%E5%B8%82
医心館居宅介護支援事業所青森,ケアマネジャー・居宅介護支援,青森県,青森市,"介護,ケアマネジャー・居宅介護支援,相談",介護サービスの計画作成や事業所調整を行う相談先です。退院後の生活準備で重要です。,https://www.google.com/search?q=%E5%8C%BB%E5%BF%83%E9%A4%A8%E5%B1%85%E5%AE%85%E4%BB%8B%E8%AD%B7%E6%94%AF%E6%8F%B4%E4%BA%8B%E6%A5%AD%E6%89%80%E9%9D%92%E6%A3%AE%20%E9%9D%92%E6%A3%AE%E5%B8%82,青森県青森市奥野三丁目14番21号,017-718-5682,厚生労働省オープンデータ,https://www.mhlw.go.jp/content/12300000/jigyosho_430.csv,2025-12末,https://www.google.com/search?q=%E5%8C%BB%E5%BF%83%E9%A4%A8%E5%B1%85%E5%AE%85%E4%BB%8B%E8%AD%B7%E6%94%AF%E6%8F%B4%E4%BA%8B%E6%A5%AD%E6%89%80%E9%9D%92%E6%A3%AE%20%E9%9D%92%E6%A3%AE%E5%B8%82
相談支援事業所カラー,ケアマネジャー・居宅介護支援,青森県,青森市,"介護,ケアマネジャー・居宅介護支援,相談",介護サービスの計画作成や事業所調整を行う相談先です。退院後の生活準備で重要です。,https://www.google.com/search?q=%E7%9B%B8%E8%AB%87%E6%94%AF%E6%8F%B4%E4%BA%8B%E6%A5%AD%E6%89%80%E3%82%AB%E3%83%A9%E3%83%BC%20%E9%9D%92%E6%A3%AE%E5%B8%82,青森県青森市自由ヶ丘二丁目6-26ディアコート自由ヶ丘106号,017-752-0059,厚生労働省オープンデータ,https://www.mhlw.go.jp/content/12300000/jigyosho_430.csv,2025-12末,https://www.google.com/search?q=%E7%9B%B8%E8%AB%87%E6%94%AF%E6%8F%B4%E4%BA%8B%E6%A5%AD%E6%89%80%E3%82%AB%E3%83%A9%E3%83%BC%20%E9%9D%92%E6%A3%AE%E5%B8%82
居宅介護支援事業所レント,ケアマネジャー・居宅介護支援,青森県,青森市,"介護,ケアマネジャー・居宅介護支援,相談",介護サービスの計画作成や事業所調整を行う相談先です。退院後の生活準備で重要です。,https://www.google.com/search?q=%E5%B1%85%E5%AE%85%E4%BB%8B%E8%AD%B7%E6%94%AF%E6%8F%B4%E4%BA%8B%E6%A5%AD%E6%89%80%E3%83%AC%E3%83%B3%E3%83%88%20%E9%9D%92%E6%A3%AE%E5%B8%82,大字筒井字八ッ橋90-1,017-763-0411,厚生労働省オープンデータ,https://www.mhlw.go.jp/content/12300000/jigyosho_430.csv,2025-12末,https://www.google.com/search?q=%E5%B1%85%E5%AE%85%E4%BB%8B%E8%AD%B7%E6%94%AF%E6%8F%B4%E4%BA%8B%E6%A5%AD%E6%89%80%E3%83%AC%E3%83%B3%E3%83%88%20%E9%9D%92%E6%A3%AE%E5%B8%82
居宅介護支援事業所八ツ橋,ケアマネジャー・居宅介護支援,青森県,青森市,"介護,ケアマネジャー・居宅介護支援,相談",介護サービスの計画作成や事業所調整を行う相談先です。退院後の生活準備で重要です。,https://www.google.com/search?q=%E5%B1%85%E5%AE%85%E4%BB%8B%E8%AD%B7%E6%94%AF%E6%8F%B4%E4%BA%8B%E6%A5%AD%E6%89%80%E5%85%AB%E3%83%84%E6%A9%8B%20%E9%9D%92%E6%A3%AE%E5%B8%82,青森県青森市大字筒井字八ツ橋31-141,017-728-1721,厚生労働省オープンデータ,https://www.mhlw.go.jp/content/12300000/jigyosho_430.csv,2025-12末,https://www.google.com/search?q=%E5%B1%85%E5%AE%85%E4%BB%8B%E8%AD%B7%E6%94%AF%E6%8F%B4%E4%BA%8B%E6%A5%AD%E6%89%80%E5%85%AB%E3%83%84%E6%A9%8B%20%E9%9D%92%E6%A3%AE%E5%B8%82
居宅介護支援事業所　わらび,ケアマネジャー・居宅介護支援,青森県,青森市,"介護,ケアマネジャー・居宅介護支援,相談",介護サービスの計画作成や事業所調整を行う相談先です。退院後の生活準備で重要です。,https://www.google.com/search?q=%E5%B1%85%E5%AE%85%E4%BB%8B%E8%AD%B7%E6%94%AF%E6%8F%B4%E4%BA%8B%E6%A5%AD%E6%89%80%E3%80%80%E3%82%8F%E3%82%89%E3%81%B3%20%E9%9D%92%E6%A3%AE%E5%B8%82,青森県青森市幸畑一丁目11番4号,090-1062-7523,厚生労働省オープンデータ,https://www.mhlw.go.jp/content/12300000/jigyosho_430.csv,2025-12末,https://www.google.com/search?q=%E5%B1%85%E5%AE%85%E4%BB%8B%E8%AD%B7%E6%94%AF%E6%8F%B4%E4%BA%8B%E6%A5%AD%E6%89%80%E3%80%80%E3%82%8F%E3%82%89%E3%81%B3%20%E9%9D%92%E6%A3%AE%E5%B8%82
ツクイ青森金沢（居宅）,ケアマネジャー・居宅介護支援,青森県,青森市,"介護,ケアマネジャー・居宅介護支援,相談",介護サービスの計画作成や事業所調整を行う相談先です。退院後の生活準備で重要です。,"corp.tsukui,net",青森市金沢３丁目１２番２７号,017-721-8000,厚生労働省オープンデータ,https://www.mhlw.go.jp/content/12300000/jigyosho_430.csv,2025-12末,https://www.google.com/search?q=%E3%83%84%E3%82%AF%E3%82%A4%E9%9D%92%E6%A3%AE%E9%87%91%E6%B2%A2%EF%BC%88%E5%B1%85%E5%AE%85%EF%BC%89%20%E9%9D%92%E6%A3%AE%E5%B8%82
居宅介護支援事業所ケアサポートちとせ,ケアマネジャー・居宅介護支援,青森県,青森市,"介護,ケアマネジャー・居宅介護支援,相談",介護サービスの計画作成や事業所調整を行う相談先です。退院後の生活準備で重要です。,https://www.google.com/search?q=%E5%B1%85%E5%AE%85%E4%BB%8B%E8%AD%B7%E6%94%AF%E6%8F%B4%E4%BA%8B%E6%A5%AD%E6%89%80%E3%82%B1%E3%82%A2%E3%82%B5%E3%83%9D%E3%83%BC%E3%83%88%E3%81%A1%E3%81%A8%E3%81%9B%20%E9%9D%92%E6%A3%AE%E5%B8%82,青森県青森市浜館４丁目１２番地５,090-2603-3259,厚生労働省オープンデータ,https://www.mhlw.go.jp/content/12300000/jigyosho_430.csv,2025-12末,https://www.google.com/search?q=%E5%B1%85%E5%AE%85%E4%BB%8B%E8%AD%B7%E6%94%AF%E6%8F%B4%E4%BA%8B%E6%A5%AD%E6%89%80%E3%82%B1%E3%82%A2%E3%82%B5%E3%83%9D%E3%83%BC%E3%83%88%E3%81%A1%E3%81%A8%E3%81%9B%20%E9%9D%92%E6%A3%AE%E5%B8%82
ケアプランちしま,ケアマネジャー・居宅介護支援,青森県,青森市,"介護,ケアマネジャー・居宅介護支援,相談",介護サービスの計画作成や事業所調整を行う相談先です。退院後の生活準備で重要です。,https://www.google.com/search?q=%E3%82%B1%E3%82%A2%E3%83%97%E3%83%A9%E3%83%B3%E3%81%A1%E3%81%97%E3%81%BE%20%E9%9D%92%E6%A3%AE%E5%B8%82,青森県青森市浪岡大字女鹿沢字東花岡54番地37,070-3223-4683,厚生労働省オープンデータ,https://www.mhlw.go.jp/content/12300000/jigyosho_430.csv,2025-12末,https://www.google.com/search?q=%E3%82%B1%E3%82%A2%E3%83%97%E3%83%A9%E3%83%B3%E3%81%A1%E3%81%97%E3%81%BE%20%E9%9D%92%E6%A3%AE%E5%B8%82
みちのく居宅介護支援センター,ケアマネジャー・居宅介護支援,青森県,青森市,"介護,ケアマネジャー・居宅介護支援,相談",介護サービスの計画作成や事業所調整を行う相談先です。退院後の生活準備で重要です。,http://ｍ-hakujyukai．com/news/,青森市港町二丁目10番15号,017-744-7587,厚生労働省オープンデータ,https://www.mhlw.go.jp/content/12300000/jigyosho_430.csv,2025-12末,https://www.google.com/search?q=%E3%81%BF%E3%81%A1%E3%81%AE%E3%81%8F%E5%B1%85%E5%AE%85%E4%BB%8B%E8%AD%B7%E6%94%AF%E6%8F%B4%E3%82%BB%E3%83%B3%E3%82%BF%E3%83%BC%20%E9%9D%92%E6%A3%AE%E5%B8%82
在宅介護支援センター北翔,ケアマネジャー・居宅介護支援,青森県,青森市,"介護,ケアマネジャー・居宅介護支援,相談",介護サービスの計画作成や事業所調整を行う相談先です。退院後の生活準備で重要です。,https://www.google.com/search?q=%E5%9C%A8%E5%AE%85%E4%BB%8B%E8%AD%B7%E6%94%AF%E6%8F%B4%E3%82%BB%E3%83%B3%E3%82%BF%E3%83%BC%E5%8C%97%E7%BF%94%20%E9%9D%92%E6%A3%AE%E5%B8%82,青森市古館１丁目２－１,017-744-3327,厚生労働省オープンデータ,https://www.mhlw.go.jp/content/12300000/jigyosho_430.csv,2025-12末,https://www.google.com/search?q=%E5%9C%A8%E5%AE%85%E4%BB%8B%E8%AD%B7%E6%94%AF%E6%8F%B4%E3%82%BB%E3%83%B3%E3%82%BF%E3%83%BC%E5%8C%97%E7%BF%94%20%E9%9D%92%E6%A3%AE%E5%B8%82
恵寿福祉会　居宅介護支援事業所,ケアマネジャー・居宅介護支援,青森県,青森市,"介護,ケアマネジャー・居宅介護支援,相談",介護サービスの計画作成や事業所調整を行う相談先です。退院後の生活準備で重要です。,http://www.keiju-w.or.jp/,青森市けやき2丁目1－7,017-757-9225,厚生労働省オープンデータ,https://www.mhlw.go.jp/content/12300000/jigyosho_430.csv,2025-12末,https://www.google.com/search?q=%E6%81%B5%E5%AF%BF%E7%A6%8F%E7%A5%89%E4%BC%9A%E3%80%80%E5%B1%85%E5%AE%85%E4%BB%8B%E8%AD%B7%E6%94%AF%E6%8F%B4%E4%BA%8B%E6%A5%AD%E6%89%80%20%E9%9D%92%E6%A3%AE%E5%B8%82
藤聖母園居宅介護支援事業所,ケアマネジャー・居宅介護支援,青森県,青森市,"介護,ケアマネジャー・居宅介護支援,相談",介護サービスの計画作成や事業所調整を行う相談先です。退院後の生活準備で重要です。,http://www.fujiseiboen.or.jp/,青森県青森市奥野三丁目７番１号,017-776-0644,厚生労働省オープンデータ,https://www.mhlw.go.jp/content/12300000/jigyosho_430.csv,2025-12末,https://www.google.com/search?q=%E8%97%A4%E8%81%96%E6%AF%8D%E5%9C%92%E5%B1%85%E5%AE%85%E4%BB%8B%E8%AD%B7%E6%94%AF%E6%8F%B4%E4%BA%8B%E6%A5%AD%E6%89%80%20%E9%9D%92%E6%A3%AE%E5%B8%82
在宅介護支援センターせんじゅ園,ケアマネジャー・居宅介護支援,青森県,青森市,"介護,ケアマネジャー・居宅介護支援,相談",介護サービスの計画作成や事業所調整を行う相談先です。退院後の生活準備で重要です。,http://care-net.biz/02/senjyu/,青森県青森市大字新城字福田７９－1,017-763-2055,厚生労働省オープンデータ,https://www.mhlw.go.jp/content/12300000/jigyosho_430.csv,2025-12末,https://www.google.com/search?q=%E5%9C%A8%E5%AE%85%E4%BB%8B%E8%AD%B7%E6%94%AF%E6%8F%B4%E3%82%BB%E3%83%B3%E3%82%BF%E3%83%BC%E3%81%9B%E3%82%93%E3%81%98%E3%82%85%E5%9C%92%20%E9%9D%92%E6%A3%AE%E5%B8%82
在宅介護支援センター鶴ヶ丘,ケアマネジャー・居宅介護支援,青森県,青森市,"介護,ケアマネジャー・居宅介護支援,相談",介護サービスの計画作成や事業所調整を行う相談先です。退院後の生活準備で重要です。,http://www.keijinkai-ao.jp/zaitakukaigoshien/,青森市大字新城字平岡746,017-788-5918,厚生労働省オープンデータ,https://www.mhlw.go.jp/content/12300000/jigyosho_430.csv,2025-12末,https://www.google.com/search?q=%E5%9C%A8%E5%AE%85%E4%BB%8B%E8%AD%B7%E6%94%AF%E6%8F%B4%E3%82%BB%E3%83%B3%E3%82%BF%E3%83%BC%E9%B6%B4%E3%83%B6%E4%B8%98%20%E9%9D%92%E6%A3%AE%E5%B8%82
在宅介護支援センター和幸,ケアマネジャー・居宅介護支援,青森県,青森市,"介護,ケアマネジャー・居宅介護支援,相談",介護サービスの計画作成や事業所調整を行う相談先です。退院後の生活準備で重要です。,http://www.wakouen.or.jp,青森市大字矢田字下野尻48-2,017-737-3334,厚生労働省オープンデータ,https://www.mhlw.go.jp/content/12300000/jigyosho_430.csv,2025-12末,https://www.google.com/search?q=%E5%9C%A8%E5%AE%85%E4%BB%8B%E8%AD%B7%E6%94%AF%E6%8F%B4%E3%82%BB%E3%83%B3%E3%82%BF%E3%83%BC%E5%92%8C%E5%B9%B8%20%E9%9D%92%E6%A3%AE%E5%B8%82
在宅介護支援センター　すずかけ,ケアマネジャー・居宅介護支援,青森県,青森市,"介護,ケアマネジャー・居宅介護支援,相談",介護サービスの計画作成や事業所調整を行う相談先です。退院後の生活準備で重要です。,http://www.amc-headquarters-med.or.jp,青森市里見2丁目13-1,017-761-1110,厚生労働省オープンデータ,https://www.mhlw.go.jp/content/12300000/jigyosho_430.csv,2025-12末,https://www.google.com/search?q=%E5%9C%A8%E5%AE%85%E4%BB%8B%E8%AD%B7%E6%94%AF%E6%8F%B4%E3%82%BB%E3%83%B3%E3%82%BF%E3%83%BC%E3%80%80%E3%81%99%E3%81%9A%E3%81%8B%E3%81%91%20%E9%9D%92%E6%A3%AE%E5%B8%82
株式会社　ケアライフ青森　青森営業所,ケアマネジャー・居宅介護支援,青森県,青森市,"介護,ケアマネジャー・居宅介護支援,相談",介護サービスの計画作成や事業所調整を行う相談先です。退院後の生活準備で重要です。,http://www.carelife-net.co.jp,青森県青森市卸町３番５号,017-764-3225,厚生労働省オープンデータ,https://www.mhlw.go.jp/content/12300000/jigyosho_430.csv,2025-12末,https://www.google.com/search?q=%E6%A0%AA%E5%BC%8F%E4%BC%9A%E7%A4%BE%E3%80%80%E3%82%B1%E3%82%A2%E3%83%A9%E3%82%A4%E3%83%95%E9%9D%92%E6%A3%AE%E3%80%80%E9%9D%92%E6%A3%AE%E5%96%B6%E6%A5%AD%E6%89%80%20%E9%9D%92%E6%A3%AE%E5%B8%82
居宅介護支援事業所ふれあい,ケアマネジャー・居宅介護支援,青森県,青森市,"介護,ケアマネジャー・居宅介護支援,相談",介護サービスの計画作成や事業所調整を行う相談先です。退院後の生活準備で重要です。,http://www.meikeikai.or.jp,青森県青森市小柳1丁目17番18号,017-744-1422,厚生労働省オープンデータ,https://www.mhlw.go.jp/content/12300000/jigyosho_430.csv,2025-12末,https://www.google.com/search?q=%E5%B1%85%E5%AE%85%E4%BB%8B%E8%AD%B7%E6%94%AF%E6%8F%B4%E4%BA%8B%E6%A5%AD%E6%89%80%E3%81%B5%E3%82%8C%E3%81%82%E3%81%84%20%E9%9D%92%E6%A3%AE%E5%B8%82
在宅介護支援センターきさらぎ,ケアマネジャー・居宅介護支援,青森県,青森市,"介護,ケアマネジャー・居宅介護支援,相談",介護サービスの計画作成や事業所調整を行う相談先です。退院後の生活準備で重要です。,http://www.megumikai.net/zaitaku/about.html,青森市安田字稲森177-7,017-782-8686,厚生労働省オープンデータ,https://www.mhlw.go.jp/content/12300000/jigyosho_430.csv,2025-12末,https://www.google.com/search?q=%E5%9C%A8%E5%AE%85%E4%BB%8B%E8%AD%B7%E6%94%AF%E6%8F%B4%E3%82%BB%E3%83%B3%E3%82%BF%E3%83%BC%E3%81%8D%E3%81%95%E3%82%89%E3%81%8E%20%E9%9D%92%E6%A3%AE%E5%B8%82
特別養護老人ホーム三思園,ケアマネジャー・居宅介護支援,青森県,青森市,"介護,ケアマネジャー・居宅介護支援,相談",介護サービスの計画作成や事業所調整を行う相談先です。退院後の生活準備で重要です。,https://sanshien.site/,青森県青森市大字横内字若草１番地１,017-728-1133,厚生労働省オープンデータ,https://www.mhlw.go.jp/content/12300000/jigyosho_430.csv,2025-12末,https://www.google.com/search?q=%E7%89%B9%E5%88%A5%E9%A4%8A%E8%AD%B7%E8%80%81%E4%BA%BA%E3%83%9B%E3%83%BC%E3%83%A0%E4%B8%89%E6%80%9D%E5%9C%92%20%E9%9D%92%E6%A3%AE%E5%B8%82
まちだケアプランサービス,ケアマネジャー・居宅介護支援,青森県,青森市,"介護,ケアマネジャー・居宅介護支援,相談",介護サービスの計画作成や事業所調整を行う相談先です。退院後の生活準備で重要です。,http://www.machidaclinic.jp/,青森市大字油川字大浜109-13,017-787-0433,厚生労働省オープンデータ,https://www.mhlw.go.jp/content/12300000/jigyosho_430.csv,2025-12末,https://www.google.com/search?q=%E3%81%BE%E3%81%A1%E3%81%A0%E3%82%B1%E3%82%A2%E3%83%97%E3%83%A9%E3%83%B3%E3%82%B5%E3%83%BC%E3%83%93%E3%82%B9%20%E9%9D%92%E6%A3%AE%E5%B8%82
ニチイケアセンター青森,ケアマネジャー・居宅介護支援,青森県,青森市,"介護,ケアマネジャー・居宅介護支援,相談",介護サービスの計画作成や事業所調整を行う相談先です。退院後の生活準備で重要です。,http://www.nichiigakkan.co.jp,青森県青森市西滝3丁目1番15号,017-761-6560,厚生労働省オープンデータ,https://www.mhlw.go.jp/content/12300000/jigyosho_430.csv,2025-12末,https://www.google.com/search?q=%E3%83%8B%E3%83%81%E3%82%A4%E3%82%B1%E3%82%A2%E3%82%BB%E3%83%B3%E3%82%BF%E3%83%BC%E9%9D%92%E6%A3%AE%20%E9%9D%92%E6%A3%AE%E5%B8%82
社会福祉法人　青森市社会福祉協議会青森市中央,ケアマネジャー・居宅介護支援,青森県,青森市,"介護,ケアマネジャー・居宅介護支援,相談",介護サービスの計画作成や事業所調整を行う相談先です。退院後の生活準備で重要です。,http://www.aomoricity-shakyo.or.jp/,青森市本町４丁目１番３号青森市福祉増進センター,017-775-7928,厚生労働省オープンデータ,https://www.mhlw.go.jp/content/12300000/jigyosho_430.csv,2025-12末,https://www.google.com/search?q=%E7%A4%BE%E4%BC%9A%E7%A6%8F%E7%A5%89%E6%B3%95%E4%BA%BA%E3%80%80%E9%9D%92%E6%A3%AE%E5%B8%82%E7%A4%BE%E4%BC%9A%E7%A6%8F%E7%A5%89%E5%8D%94%E8%AD%B0%E4%BC%9A%E9%9D%92%E6%A3%AE%E5%B8%82%E4%B8%AD%E5%A4%AE%20%E9%9D%92%E6%A3%AE%E5%B8%82
在宅介護支援センターおきだて,ケアマネジャー・居宅介護支援,青森県,青森市,"介護,ケアマネジャー・居宅介護支援,相談",介護サービスの計画作成や事業所調整を行う相談先です。退院後の生活準備で重要です。,https://tokusei-fukushikai.jp/nursing/zai/,青森県青森市富田５丁目１９番４５号,017-761-4566,厚生労働省オープンデータ,https://www.mhlw.go.jp/content/12300000/jigyosho_430.csv,2025-12末,https://www.google.com/search?q=%E5%9C%A8%E5%AE%85%E4%BB%8B%E8%AD%B7%E6%94%AF%E6%8F%B4%E3%82%BB%E3%83%B3%E3%82%BF%E3%83%BC%E3%81%8A%E3%81%8D%E3%81%A0%E3%81%A6%20%E9%9D%92%E6%A3%AE%E5%B8%82
じけいかい居宅介護支援事業所,ケアマネジャー・居宅介護支援,青森県,青森市,"介護,ケアマネジャー・居宅介護支援,相談",介護サービスの計画作成や事業所調整を行う相談先です。退院後の生活準備で重要です。,http://www.jikei-kai.org,青森県青森市大字荒川字柴田191-2,017-752-1189,厚生労働省オープンデータ,https://www.mhlw.go.jp/content/12300000/jigyosho_430.csv,2025-12末,https://www.google.com/search?q=%E3%81%98%E3%81%91%E3%81%84%E3%81%8B%E3%81%84%E5%B1%85%E5%AE%85%E4%BB%8B%E8%AD%B7%E6%94%AF%E6%8F%B4%E4%BA%8B%E6%A5%AD%E6%89%80%20%E9%9D%92%E6%A3%AE%E5%B8%82
青森介護サービスケアプランセンター,ケアマネジャー・居宅介護支援,青森県,青森市,"介護,ケアマネジャー・居宅介護支援,相談",介護サービスの計画作成や事業所調整を行う相談先です。退院後の生活準備で重要です。,https://aokaigo.co.jp,青森市古川2丁目15-7JMG古川ビル,017-721-1239,厚生労働省オープンデータ,https://www.mhlw.go.jp/content/12300000/jigyosho_430.csv,2025-12末,https://www.google.com/search?q=%E9%9D%92%E6%A3%AE%E4%BB%8B%E8%AD%B7%E3%82%B5%E3%83%BC%E3%83%93%E3%82%B9%E3%82%B1%E3%82%A2%E3%83%97%E3%83%A9%E3%83%B3%E3%82%BB%E3%83%B3%E3%82%BF%E3%83%BC%20%E9%9D%92%E6%A3%AE%E5%B8%82
有限会社ほっとケアサービス,ケアマネジャー・居宅介護支援,青森県,青森市,"介護,ケアマネジャー・居宅介護支援,相談",介護サービスの計画作成や事業所調整を行う相談先です。退院後の生活準備で重要です。,https://www.google.com/search?q=%E6%9C%89%E9%99%90%E4%BC%9A%E7%A4%BE%E3%81%BB%E3%81%A3%E3%81%A8%E3%82%B1%E3%82%A2%E3%82%B5%E3%83%BC%E3%83%93%E3%82%B9%20%E9%9D%92%E6%A3%AE%E5%B8%82,青森県青森市南佃二丁目２３－８０,017-741-0738,厚生労働省オープンデータ,https://www.mhlw.go.jp/content/12300000/jigyosho_430.csv,2025-12末,https://www.google.com/search?q=%E6%9C%89%E9%99%90%E4%BC%9A%E7%A4%BE%E3%81%BB%E3%81%A3%E3%81%A8%E3%82%B1%E3%82%A2%E3%82%B5%E3%83%BC%E3%83%93%E3%82%B9%20%E9%9D%92%E6%A3%AE%E5%B8%82
指定居宅介護支援事業所「かねはま」,ケアマネジャー・居宅介護支援,青森県,青森市,"介護,ケアマネジャー・居宅介護支援,相談",介護サービスの計画作成や事業所調整を行う相談先です。退院後の生活準備で重要です。,http://kanehama.jp,青森県青森市大別内字葛野１８０,017-718-7181,厚生労働省オープンデータ,https://www.mhlw.go.jp/content/12300000/jigyosho_430.csv,2025-12末,https://www.google.com/search?q=%E6%8C%87%E5%AE%9A%E5%B1%85%E5%AE%85%E4%BB%8B%E8%AD%B7%E6%94%AF%E6%8F%B4%E4%BA%8B%E6%A5%AD%E6%89%80%E3%80%8C%E3%81%8B%E3%81%AD%E3%81%AF%E3%81%BE%E3%80%8D%20%E9%9D%92%E6%A3%AE%E5%B8%82
青森保健生活協同組合　居宅介護支援事業所つつみ,ケアマネジャー・居宅介護支援,青森県,青森市,"介護,ケアマネジャー・居宅介護支援,相談",介護サービスの計画作成や事業所調整を行う相談先です。退院後の生活準備で重要です。,https://www.google.com/search?q=%E9%9D%92%E6%A3%AE%E4%BF%9D%E5%81%A5%E7%94%9F%E6%B4%BB%E5%8D%94%E5%90%8C%E7%B5%84%E5%90%88%E3%80%80%E5%B1%85%E5%AE%85%E4%BB%8B%E8%AD%B7%E6%94%AF%E6%8F%B4%E4%BA%8B%E6%A5%AD%E6%89%80%E3%81%A4%E3%81%A4%E3%81%BF%20%E9%9D%92%E6%A3%AE%E5%B8%82,青森県青森市安方１丁目11-6,017-732-3955,厚生労働省オープンデータ,https://www.mhlw.go.jp/content/12300000/jigyosho_430.csv,2025-12末,https://www.google.com/search?q=%E9%9D%92%E6%A3%AE%E4%BF%9D%E5%81%A5%E7%94%9F%E6%B4%BB%E5%8D%94%E5%90%8C%E7%B5%84%E5%90%88%E3%80%80%E5%B1%85%E5%AE%85%E4%BB%8B%E8%AD%B7%E6%94%AF%E6%8F%B4%E4%BA%8B%E6%A5%AD%E6%89%80%E3%81%A4%E3%81%A4%E3%81%BF%20%E9%9D%92%E6%A3%AE%E5%B8%82
居宅介護支援事業所　ケアネット中部,ケアマネジャー・居宅介護支援,青森県,青森市,"介護,ケアマネジャー・居宅介護支援,相談",介護サービスの計画作成や事業所調整を行う相談先です。退院後の生活準備で重要です。,http://www.aomori-h-coop.com,青森県青森市問屋町１丁目15-10看護小規模多機能型居宅介護事業所ひまわり2階,017-764-1860,厚生労働省オープンデータ,https://www.mhlw.go.jp/content/12300000/jigyosho_430.csv,2025-12末,https://www.google.com/search?q=%E5%B1%85%E5%AE%85%E4%BB%8B%E8%AD%B7%E6%94%AF%E6%8F%B4%E4%BA%8B%E6%A5%AD%E6%89%80%E3%80%80%E3%82%B1%E3%82%A2%E3%83%8D%E3%83%83%E3%83%88%E4%B8%AD%E9%83%A8%20%E9%9D%92%E6%A3%AE%E5%B8%82
居宅介護支援事業所マミーの手,ケアマネジャー・居宅介護支援,青森県,青森市,"介護,ケアマネジャー・居宅介護支援,相談",介護サービスの計画作成や事業所調整を行う相談先です。退院後の生活準備で重要です。,https://www.google.com/search?q=%E5%B1%85%E5%AE%85%E4%BB%8B%E8%AD%B7%E6%94%AF%E6%8F%B4%E4%BA%8B%E6%A5%AD%E6%89%80%E3%83%9E%E3%83%9F%E3%83%BC%E3%81%AE%E6%89%8B%20%E9%9D%92%E6%A3%AE%E5%B8%82,青森県青森市第二問屋町一丁目４番地２９,017-729-2773,厚生労働省オープンデータ,https://www.mhlw.go.jp/content/12300000/jigyosho_430.csv,2025-12末,https://www.google.com/search?q=%E5%B1%85%E5%AE%85%E4%BB%8B%E8%AD%B7%E6%94%AF%E6%8F%B4%E4%BA%8B%E6%A5%AD%E6%89%80%E3%83%9E%E3%83%9F%E3%83%BC%E3%81%AE%E6%89%8B%20%E9%9D%92%E6%A3%AE%E5%B8%82
介護計画　ケア・グー,ケアマネジャー・居宅介護支援,青森県,青森市,"介護,ケアマネジャー・居宅介護支援,相談",介護サービスの計画作成や事業所調整を行う相談先です。退院後の生活準備で重要です。,https://www.google.com/search?q=%E4%BB%8B%E8%AD%B7%E8%A8%88%E7%94%BB%E3%80%80%E3%82%B1%E3%82%A2%E3%83%BB%E3%82%B0%E3%83%BC%20%E9%9D%92%E6%A3%AE%E5%B8%82,青森県青森市奥野２丁目２０－１,017-775-2977,厚生労働省オープンデータ,https://www.mhlw.go.jp/content/12300000/jigyosho_430.csv,2025-12末,https://www.google.com/search?q=%E4%BB%8B%E8%AD%B7%E8%A8%88%E7%94%BB%E3%80%80%E3%82%B1%E3%82%A2%E3%83%BB%E3%82%B0%E3%83%BC%20%E9%9D%92%E6%A3%AE%E5%B8%82
居宅介護支援センターあんじょう,ケアマネジャー・居宅介護支援,青森県,青森市,"介護,ケアマネジャー・居宅介護支援,相談",介護サービスの計画作成や事業所調整を行う相談先です。退院後の生活準備で重要です。,https://www.jomon.ne.jp/~anjouen/kaigo-service.html,青森県青森市大字浜館字間瀬85番地１,017-765-0380,厚生労働省オープンデータ,https://www.mhlw.go.jp/content/12300000/jigyosho_430.csv,2025-12末,https://www.google.com/search?q=%E5%B1%85%E5%AE%85%E4%BB%8B%E8%AD%B7%E6%94%AF%E6%8F%B4%E3%82%BB%E3%83%B3%E3%82%BF%E3%83%BC%E3%81%82%E3%82%93%E3%81%98%E3%82%87%E3%81%86%20%E9%9D%92%E6%A3%AE%E5%B8%82
株式会社ケアライフ青森　浪岡営業所,ケアマネジャー・居宅介護支援,青森県,青森市,"介護,ケアマネジャー・居宅介護支援,相談",介護サービスの計画作成や事業所調整を行う相談先です。退院後の生活準備で重要です。,www.carelife-net.co.jp,青森県青森市浪岡大字浪岡字若松12-4,0172-69-1321,厚生労働省オープンデータ,https://www.mhlw.go.jp/content/12300000/jigyosho_430.csv,2025-12末,https://www.google.com/search?q=%E6%A0%AA%E5%BC%8F%E4%BC%9A%E7%A4%BE%E3%82%B1%E3%82%A2%E3%83%A9%E3%82%A4%E3%83%95%E9%9D%92%E6%A3%AE%E3%80%80%E6%B5%AA%E5%B2%A1%E5%96%B6%E6%A5%AD%E6%89%80%20%E9%9D%92%E6%A3%AE%E5%B8%82
居宅介護支援事業所　野いちご,ケアマネジャー・居宅介護支援,青森県,青森市,"介護,ケアマネジャー・居宅介護支援,相談",介護サービスの計画作成や事業所調整を行う相談先です。退院後の生活準備で重要です。,http://www.nijiweb.net/noichigo.html,青森市問屋町１丁目１５番１０号,017-738-1106,厚生労働省オープンデータ,https://www.mhlw.go.jp/content/12300000/jigyosho_430.csv,2025-12末,https://www.google.com/search?q=%E5%B1%85%E5%AE%85%E4%BB%8B%E8%AD%B7%E6%94%AF%E6%8F%B4%E4%BA%8B%E6%A5%AD%E6%89%80%E3%80%80%E9%87%8E%E3%81%84%E3%81%A1%E3%81%94%20%E9%9D%92%E6%A3%AE%E5%B8%82
あおぞら在宅介護相談センター,ケアマネジャー・居宅介護支援,青森県,青森市,"介護,ケアマネジャー・居宅介護支援,相談",介護サービスの計画作成や事業所調整を行う相談先です。退院後の生活準備で重要です。,http://aozoraclub.com,青森県青森市奥野２丁目２７－１０,017-732-3720,厚生労働省オープンデータ,https://www.mhlw.go.jp/content/12300000/jigyosho_430.csv,2025-12末,https://www.google.com/search?q=%E3%81%82%E3%81%8A%E3%81%9E%E3%82%89%E5%9C%A8%E5%AE%85%E4%BB%8B%E8%AD%B7%E7%9B%B8%E8%AB%87%E3%82%BB%E3%83%B3%E3%82%BF%E3%83%BC%20%E9%9D%92%E6%A3%AE%E5%B8%82
ケアサポートステーション　清風荘,ケアマネジャー・居宅介護支援,青森県,青森市,"介護,ケアマネジャー・居宅介護支援,相談",介護サービスの計画作成や事業所調整を行う相談先です。退院後の生活準備で重要です。,https://koujinkai-seifu.com,青森県青森市第二問屋町4丁目11-18ソフトアカデミーあおもりビル4階,090-3366-5144,厚生労働省オープンデータ,https://www.mhlw.go.jp/content/12300000/jigyosho_430.csv,2025-12末,https://www.google.com/search?q=%E3%82%B1%E3%82%A2%E3%82%B5%E3%83%9D%E3%83%BC%E3%83%88%E3%82%B9%E3%83%86%E3%83%BC%E3%82%B7%E3%83%A7%E3%83%B3%E3%80%80%E6%B8%85%E9%A2%A8%E8%8D%98%20%E9%9D%92%E6%A3%AE%E5%B8%82
光仁ケアプランサービス,ケアマネジャー・居宅介護支援,青森県,青森市,"介護,ケアマネジャー・居宅介護支援,相談",介護サービスの計画作成や事業所調整を行う相談先です。退院後の生活準備で重要です。,https://www.google.com/search?q=%E5%85%89%E4%BB%81%E3%82%B1%E3%82%A2%E3%83%97%E3%83%A9%E3%83%B3%E3%82%B5%E3%83%BC%E3%83%93%E3%82%B9%20%E9%9D%92%E6%A3%AE%E5%B8%82,青森市大字油川字大浜１４１番地２,017-763-2410,厚生労働省オープンデータ,https://www.mhlw.go.jp/content/12300000/jigyosho_430.csv,2025-12末,https://www.google.com/search?q=%E5%85%89%E4%BB%81%E3%82%B1%E3%82%A2%E3%83%97%E3%83%A9%E3%83%B3%E3%82%B5%E3%83%BC%E3%83%93%E3%82%B9%20%E9%9D%92%E6%A3%AE%E5%B8%82
アースサポート青森,ケアマネジャー・居宅介護支援,青森県,青森市,"介護,ケアマネジャー・居宅介護支援,相談",介護サービスの計画作成や事業所調整を行う相談先です。退院後の生活準備で重要です。,http://www.earthsupport.co.jp/,青森県青森市松森１丁目１０番１号,017-742-4900,厚生労働省オープンデータ,https://www.mhlw.go.jp/content/12300000/jigyosho_430.csv,2025-12末,https://www.google.com/search?q=%E3%82%A2%E3%83%BC%E3%82%B9%E3%82%B5%E3%83%9D%E3%83%BC%E3%83%88%E9%9D%92%E6%A3%AE%20%E9%9D%92%E6%A3%AE%E5%B8%82
居宅介護支援センターあうら,ケアマネジャー・居宅介護支援,青森県,青森市,"介護,ケアマネジャー・居宅介護支援,相談",介護サービスの計画作成や事業所調整を行う相談先です。退院後の生活準備で重要です。,http．//www.aura-group.jp/,幸畑２丁目6番地16号,017-752－9111,厚生労働省オープンデータ,https://www.mhlw.go.jp/content/12300000/jigyosho_430.csv,2025-12末,https://www.google.com/search?q=%E5%B1%85%E5%AE%85%E4%BB%8B%E8%AD%B7%E6%94%AF%E6%8F%B4%E3%82%BB%E3%83%B3%E3%82%BF%E3%83%BC%E3%81%82%E3%81%86%E3%82%89%20%E9%9D%92%E6%A3%AE%E5%B8%82
居宅介護支援事業所　さいとうプランサービス,ケアマネジャー・居宅介護支援,青森県,青森市,"介護,ケアマネジャー・居宅介護支援,相談",介護サービスの計画作成や事業所調整を行う相談先です。退院後の生活準備で重要です。,3110pian.service@gmail.com,青森県青森市大字荒川字柴田105-2ルミエルユウ101号室,070-5017-0311,厚生労働省オープンデータ,https://www.mhlw.go.jp/content/12300000/jigyosho_430.csv,2025-12末,https://www.google.com/search?q=%E5%B1%85%E5%AE%85%E4%BB%8B%E8%AD%B7%E6%94%AF%E6%8F%B4%E4%BA%8B%E6%A5%AD%E6%89%80%E3%80%80%E3%81%95%E3%81%84%E3%81%A8%E3%81%86%E3%83%97%E3%83%A9%E3%83%B3%E3%82%B5%E3%83%BC%E3%83%93%E3%82%B9%20%E9%9D%92%E6%A3%AE%E5%B8%82
あおば居宅介護支援事業所,ケアマネジャー・居宅介護支援,青森県,青森市,"介護,ケアマネジャー・居宅介護支援,相談",介護サービスの計画作成や事業所調整を行う相談先です。退院後の生活準備で重要です。,http://watona-ru.com,青森県青森市堤町2丁目1-3あおばビル2階,017-774-5505,厚生労働省オープンデータ,https://www.mhlw.go.jp/content/12300000/jigyosho_430.csv,2025-12末,https://www.google.com/search?q=%E3%81%82%E3%81%8A%E3%81%B0%E5%B1%85%E5%AE%85%E4%BB%8B%E8%AD%B7%E6%94%AF%E6%8F%B4%E4%BA%8B%E6%A5%AD%E6%89%80%20%E9%9D%92%E6%A3%AE%E5%B8%82
すかい居宅介護支援事業所,ケアマネジャー・居宅介護支援,青森県,青森市,"介護,ケアマネジャー・居宅介護支援,相談",介護サービスの計画作成や事業所調整を行う相談先です。退院後の生活準備で重要です。,https://www.google.com/search?q=%E3%81%99%E3%81%8B%E3%81%84%E5%B1%85%E5%AE%85%E4%BB%8B%E8%AD%B7%E6%94%AF%E6%8F%B4%E4%BA%8B%E6%A5%AD%E6%89%80%20%E9%9D%92%E6%A3%AE%E5%B8%82,青森市佃１丁目２３番１０号,017-741-1777,厚生労働省オープンデータ,https://www.mhlw.go.jp/content/12300000/jigyosho_430.csv,2025-12末,https://www.google.com/search?q=%E3%81%99%E3%81%8B%E3%81%84%E5%B1%85%E5%AE%85%E4%BB%8B%E8%AD%B7%E6%94%AF%E6%8F%B4%E4%BA%8B%E6%A5%AD%E6%89%80%20%E9%9D%92%E6%A3%AE%E5%B8%82
居宅介護支援事業所　もみじ,ケアマネジャー・居宅介護支援,青森県,青森市,"介護,ケアマネジャー・居宅介護支援,相談",介護サービスの計画作成や事業所調整を行う相談先です。退院後の生活準備で重要です。,https://www.google.com/search?q=%E5%B1%85%E5%AE%85%E4%BB%8B%E8%AD%B7%E6%94%AF%E6%8F%B4%E4%BA%8B%E6%A5%AD%E6%89%80%E3%80%80%E3%82%82%E3%81%BF%E3%81%98%20%E9%9D%92%E6%A3%AE%E5%B8%82,青森市幸畑4丁目４番13号,017-752-7013,厚生労働省オープンデータ,https://www.mhlw.go.jp/content/12300000/jigyosho_430.csv,2025-12末,https://www.google.com/search?q=%E5%B1%85%E5%AE%85%E4%BB%8B%E8%AD%B7%E6%94%AF%E6%8F%B4%E4%BA%8B%E6%A5%AD%E6%89%80%E3%80%80%E3%82%82%E3%81%BF%E3%81%98%20%E9%9D%92%E6%A3%AE%E5%B8%82
居宅介護支援事業所はなまる,ケアマネジャー・居宅介護支援,青森県,青森市,"介護,ケアマネジャー・居宅介護支援,相談",介護サービスの計画作成や事業所調整を行う相談先です。退院後の生活準備で重要です。,https://www.suwanomorikai.com/,青森県青森市蛍沢三丁目12番24号,017-765-3030,厚生労働省オープンデータ,https://www.mhlw.go.jp/content/12300000/jigyosho_430.csv,2025-12末,https://www.google.com/search?q=%E5%B1%85%E5%AE%85%E4%BB%8B%E8%AD%B7%E6%94%AF%E6%8F%B4%E4%BA%8B%E6%A5%AD%E6%89%80%E3%81%AF%E3%81%AA%E3%81%BE%E3%82%8B%20%E9%9D%92%E6%A3%AE%E5%B8%82
居宅介護支援事業所さくらの家,ケアマネジャー・居宅介護支援,青森県,青森市,"介護,ケアマネジャー・居宅介護支援,相談",介護サービスの計画作成や事業所調整を行う相談先です。退院後の生活準備で重要です。,https://www.google.com/search?q=%E5%B1%85%E5%AE%85%E4%BB%8B%E8%AD%B7%E6%94%AF%E6%8F%B4%E4%BA%8B%E6%A5%AD%E6%89%80%E3%81%95%E3%81%8F%E3%82%89%E3%81%AE%E5%AE%B6%20%E9%9D%92%E6%A3%AE%E5%B8%82,青森県青森市桜川5丁目17番6号,017-718-3815,厚生労働省オープンデータ,https://www.mhlw.go.jp/content/12300000/jigyosho_430.csv,2025-12末,https://www.google.com/search?q=%E5%B1%85%E5%AE%85%E4%BB%8B%E8%AD%B7%E6%94%AF%E6%8F%B4%E4%BA%8B%E6%A5%AD%E6%89%80%E3%81%95%E3%81%8F%E3%82%89%E3%81%AE%E5%AE%B6%20%E9%9D%92%E6%A3%AE%E5%B8%82
居宅介護支援センターメディケア,ケアマネジャー・居宅介護支援,青森県,青森市,"介護,ケアマネジャー・居宅介護支援,相談",介護サービスの計画作成や事業所調整を行う相談先です。退院後の生活準備で重要です。,http://www.aomorimedicare.jp/,青森市浜館4丁目14番地4駒井胃腸科内科2階,017-765-5030,厚生労働省オープンデータ,https://www.mhlw.go.jp/content/12300000/jigyosho_430.csv,2025-12末,https://www.google.com/search?q=%E5%B1%85%E5%AE%85%E4%BB%8B%E8%AD%B7%E6%94%AF%E6%8F%B4%E3%82%BB%E3%83%B3%E3%82%BF%E3%83%BC%E3%83%A1%E3%83%87%E3%82%A3%E3%82%B1%E3%82%A2%20%E9%9D%92%E6%A3%AE%E5%B8%82
トヨタカローラ青森ケアプランセンター,ケアマネジャー・居宅介護支援,青森県,青森市,"介護,ケアマネジャー・居宅介護支援,相談",介護サービスの計画作成や事業所調整を行う相談先です。退院後の生活準備で重要です。,https://www.google.com/search?q=%E3%83%88%E3%83%A8%E3%82%BF%E3%82%AB%E3%83%AD%E3%83%BC%E3%83%A9%E9%9D%92%E6%A3%AE%E3%82%B1%E3%82%A2%E3%83%97%E3%83%A9%E3%83%B3%E3%82%BB%E3%83%B3%E3%82%BF%E3%83%BC%20%E9%9D%92%E6%A3%AE%E5%B8%82,青森市沖館3丁目1-65,017-761-7727,厚生労働省オープンデータ,https://www.mhlw.go.jp/content/12300000/jigyosho_430.csv,2025-12末,https://www.google.com/search?q=%E3%83%88%E3%83%A8%E3%82%BF%E3%82%AB%E3%83%AD%E3%83%BC%E3%83%A9%E9%9D%92%E6%A3%AE%E3%82%B1%E3%82%A2%E3%83%97%E3%83%A9%E3%83%B3%E3%82%BB%E3%83%B3%E3%82%BF%E3%83%BC%20%E9%9D%92%E6%A3%AE%E5%B8%82
アースサポート新青森,ケアマネジャー・居宅介護支援,青森県,青森市,"介護,ケアマネジャー・居宅介護支援,相談",介護サービスの計画作成や事業所調整を行う相談先です。退院後の生活準備で重要です。,http://www.earthsupport.co.jp,青森県青森市大字三内字沢部258番13号,017-766-8411,厚生労働省オープンデータ,https://www.mhlw.go.jp/content/12300000/jigyosho_430.csv,2025-12末,https://www.google.com/search?q=%E3%82%A2%E3%83%BC%E3%82%B9%E3%82%B5%E3%83%9D%E3%83%BC%E3%83%88%E6%96%B0%E9%9D%92%E6%A3%AE%20%E9%9D%92%E6%A3%AE%E5%B8%82
青森介護相談センター,ケアマネジャー・居宅介護支援,青森県,青森市,"介護,ケアマネジャー・居宅介護支援,相談",介護サービスの計画作成や事業所調整を行う相談先です。退院後の生活準備で重要です。,http://kaigosoudan.jp,青森市桂木4丁目3番地14　デイサービス沢庵2Ｆﾃﾞｲｻｰﾋﾞｽ沢庵2F,017-763-0180,厚生労働省オープンデータ,https://www.mhlw.go.jp/content/12300000/jigyosho_430.csv,2025-12末,https://www.google.com/search?q=%E9%9D%92%E6%A3%AE%E4%BB%8B%E8%AD%B7%E7%9B%B8%E8%AB%87%E3%82%BB%E3%83%B3%E3%82%BF%E3%83%BC%20%E9%9D%92%E6%A3%AE%E5%B8%82
居宅介護支援センター結,ケアマネジャー・居宅介護支援,青森県,青森市,"介護,ケアマネジャー・居宅介護支援,相談",介護サービスの計画作成や事業所調整を行う相談先です。退院後の生活準備で重要です。,https://www.google.com/search?q=%E5%B1%85%E5%AE%85%E4%BB%8B%E8%AD%B7%E6%94%AF%E6%8F%B4%E3%82%BB%E3%83%B3%E3%82%BF%E3%83%BC%E7%B5%90%20%E9%9D%92%E6%A3%AE%E5%B8%82,古館1丁目4番18号オリーブA201号,017-762-7762,厚生労働省オープンデータ,https://www.mhlw.go.jp/content/12300000/jigyosho_430.csv,2025-12末,https://www.google.com/search?q=%E5%B1%85%E5%AE%85%E4%BB%8B%E8%AD%B7%E6%94%AF%E6%8F%B4%E3%82%BB%E3%83%B3%E3%82%BF%E3%83%BC%E7%B5%90%20%E9%9D%92%E6%A3%AE%E5%B8%82
居宅介護支援事業所いしき,ケアマネジャー・居宅介護支援,青森県,青森市,"介護,ケアマネジャー・居宅介護支援,相談",介護サービスの計画作成や事業所調整を行う相談先です。退院後の生活準備で重要です。,https://www.google.com/search?q=%E5%B1%85%E5%AE%85%E4%BB%8B%E8%AD%B7%E6%94%AF%E6%8F%B4%E4%BA%8B%E6%A5%AD%E6%89%80%E3%81%84%E3%81%97%E3%81%8D%20%E9%9D%92%E6%A3%AE%E5%B8%82,浅虫字蛍谷65-40,017-737-5252,厚生労働省オープンデータ,https://www.mhlw.go.jp/content/12300000/jigyosho_430.csv,2025-12末,https://www.google.com/search?q=%E5%B1%85%E5%AE%85%E4%BB%8B%E8%AD%B7%E6%94%AF%E6%8F%B4%E4%BA%8B%E6%A5%AD%E6%89%80%E3%81%84%E3%81%97%E3%81%8D%20%E9%9D%92%E6%A3%AE%E5%B8%82
しあわせ介護ケアプラン,ケアマネジャー・居宅介護支援,青森県,青森市,"介護,ケアマネジャー・居宅介護支援,相談",介護サービスの計画作成や事業所調整を行う相談先です。退院後の生活準備で重要です。,saitou12@amail.plala.or.jp,花園１丁目１５－５,０１７－７６２－７００６,厚生労働省オープンデータ,https://www.mhlw.go.jp/content/12300000/jigyosho_430.csv,2025-12末,https://www.google.com/search?q=%E3%81%97%E3%81%82%E3%82%8F%E3%81%9B%E4%BB%8B%E8%AD%B7%E3%82%B1%E3%82%A2%E3%83%97%E3%83%A9%E3%83%B3%20%E9%9D%92%E6%A3%AE%E5%B8%82
居宅介護支援センター　ケア・プロモーション,ケアマネジャー・居宅介護支援,青森県,青森市,"介護,ケアマネジャー・居宅介護支援,相談",介護サービスの計画作成や事業所調整を行う相談先です。退院後の生活準備で重要です。,www.care-promotion.jp/,青森市中央3丁目8－16シティパレス中央102,017-718-7883,厚生労働省オープンデータ,https://www.mhlw.go.jp/content/12300000/jigyosho_430.csv,2025-12末,https://www.google.com/search?q=%E5%B1%85%E5%AE%85%E4%BB%8B%E8%AD%B7%E6%94%AF%E6%8F%B4%E3%82%BB%E3%83%B3%E3%82%BF%E3%83%BC%E3%80%80%E3%82%B1%E3%82%A2%E3%83%BB%E3%83%97%E3%83%AD%E3%83%A2%E3%83%BC%E3%82%B7%E3%83%A7%E3%83%B3%20%E9%9D%92%E6%A3%AE%E5%B8%82
株式会社まご心　ｹｱﾌﾟﾗﾝｻｰﾋﾞｽまごの手,ケアマネジャー・居宅介護支援,青森県,青森市,"介護,ケアマネジャー・居宅介護支援,相談",介護サービスの計画作成や事業所調整を行う相談先です。退院後の生活準備で重要です。,http://magocoro-co.jp,青森県青森市沖館5-8-5,017-762-7920,厚生労働省オープンデータ,https://www.mhlw.go.jp/content/12300000/jigyosho_430.csv,2025-12末,https://www.google.com/search?q=%E6%A0%AA%E5%BC%8F%E4%BC%9A%E7%A4%BE%E3%81%BE%E3%81%94%E5%BF%83%E3%80%80%EF%BD%B9%EF%BD%B1%EF%BE%8C%EF%BE%9F%EF%BE%97%EF%BE%9D%EF%BD%BB%EF%BD%B0%EF%BE%8B%EF%BE%9E%EF%BD%BD%E3%81%BE%E3%81%94%E3%81%AE%E6%89%8B%20%E9%9D%92%E6%A3%AE%E5%B8%82
居宅介護支援事業所　いこい,ケアマネジャー・居宅介護支援,青森県,青森市,"介護,ケアマネジャー・居宅介護支援,相談",介護サービスの計画作成や事業所調整を行う相談先です。退院後の生活準備で重要です。,https://www.google.com/search?q=%E5%B1%85%E5%AE%85%E4%BB%8B%E8%AD%B7%E6%94%AF%E6%8F%B4%E4%BA%8B%E6%A5%AD%E6%89%80%E3%80%80%E3%81%84%E3%81%93%E3%81%84%20%E9%9D%92%E6%A3%AE%E5%B8%82,青森県青森市蛍沢四丁目２番４号,017-752-8585,厚生労働省オープンデータ,https://www.mhlw.go.jp/content/12300000/jigyosho_430.csv,2025-12末,https://www.google.com/search?q=%E5%B1%85%E5%AE%85%E4%BB%8B%E8%AD%B7%E6%94%AF%E6%8F%B4%E4%BA%8B%E6%A5%AD%E6%89%80%E3%80%80%E3%81%84%E3%81%93%E3%81%84%20%E9%9D%92%E6%A3%AE%E5%B8%82
居宅介護支援センター七輝,ケアマネジャー・居宅介護支援,青森県,青森市,"介護,ケアマネジャー・居宅介護支援,相談",介護サービスの計画作成や事業所調整を行う相談先です。退院後の生活準備で重要です。,http://nanaki5900.amebaownd.com,青森県青森市浜田２丁目9-8,017-752-7786,厚生労働省オープンデータ,https://www.mhlw.go.jp/content/12300000/jigyosho_430.csv,2025-12末,https://www.google.com/search?q=%E5%B1%85%E5%AE%85%E4%BB%8B%E8%AD%B7%E6%94%AF%E6%8F%B4%E3%82%BB%E3%83%B3%E3%82%BF%E3%83%BC%E4%B8%83%E8%BC%9D%20%E9%9D%92%E6%A3%AE%E5%B8%82
テック介護相談室,ケアマネジャー・居宅介護支援,青森県,青森市,"介護,ケアマネジャー・居宅介護支援,相談",介護サービスの計画作成や事業所調整を行う相談先です。退院後の生活準備で重要です。,http://tech-ph.co.jp/,青森県青森市大字浪館字泉川22番地６,０１７－７６３－５６００,厚生労働省オープンデータ,https://www.mhlw.go.jp/content/12300000/jigyosho_430.csv,2025-12末,https://www.google.com/search?q=%E3%83%86%E3%83%83%E3%82%AF%E4%BB%8B%E8%AD%B7%E7%9B%B8%E8%AB%87%E5%AE%A4%20%E9%9D%92%E6%A3%AE%E5%B8%82
新都市居宅介護支援事業所,ケアマネジャー・居宅介護支援,青森県,青森市,"介護,ケアマネジャー・居宅介護支援,相談",介護サービスの計画作成や事業所調整を行う相談先です。退院後の生活準備で重要です。,https://www.google.com/search?q=%E6%96%B0%E9%83%BD%E5%B8%82%E5%B1%85%E5%AE%85%E4%BB%8B%E8%AD%B7%E6%94%AF%E6%8F%B4%E4%BA%8B%E6%A5%AD%E6%89%80%20%E9%9D%92%E6%A3%AE%E5%B8%82,青森県青森市大字石江３丁目２番地４ひまわり薬局２階,017-757-8373,厚生労働省オープンデータ,https://www.mhlw.go.jp/content/12300000/jigyosho_430.csv,2025-12末,https://www.google.com/search?q=%E6%96%B0%E9%83%BD%E5%B8%82%E5%B1%85%E5%AE%85%E4%BB%8B%E8%AD%B7%E6%94%AF%E6%8F%B4%E4%BA%8B%E6%A5%AD%E6%89%80%20%E9%9D%92%E6%A3%AE%E5%B8%82
居宅介護支援事業所アーサス,ケアマネジャー・居宅介護支援,青森県,青森市,"介護,ケアマネジャー・居宅介護支援,相談",介護サービスの計画作成や事業所調整を行う相談先です。退院後の生活準備で重要です。,https://www.ape-life.co.jp,問屋町1丁目7-21,017-757-8682,厚生労働省オープンデータ,https://www.mhlw.go.jp/content/12300000/jigyosho_430.csv,2025-12末,https://www.google.com/search?q=%E5%B1%85%E5%AE%85%E4%BB%8B%E8%AD%B7%E6%94%AF%E6%8F%B4%E4%BA%8B%E6%A5%AD%E6%89%80%E3%82%A2%E3%83%BC%E3%82%B5%E3%82%B9%20%E9%9D%92%E6%A3%AE%E5%B8%82
居宅介護支援事業所　アライブ,ケアマネジャー・居宅介護支援,青森県,青森市,"介護,ケアマネジャー・居宅介護支援,相談",介護サービスの計画作成や事業所調整を行う相談先です。退院後の生活準備で重要です。,https://www.google.com/search?q=%E5%B1%85%E5%AE%85%E4%BB%8B%E8%AD%B7%E6%94%AF%E6%8F%B4%E4%BA%8B%E6%A5%AD%E6%89%80%E3%80%80%E3%82%A2%E3%83%A9%E3%82%A4%E3%83%96%20%E9%9D%92%E6%A3%AE%E5%B8%82,青森県青森市蛍沢一丁目22番5号,017-752-6690,厚生労働省オープンデータ,https://www.mhlw.go.jp/content/12300000/jigyosho_430.csv,2025-12末,https://www.google.com/search?q=%E5%B1%85%E5%AE%85%E4%BB%8B%E8%AD%B7%E6%94%AF%E6%8F%B4%E4%BA%8B%E6%A5%AD%E6%89%80%E3%80%80%E3%82%A2%E3%83%A9%E3%82%A4%E3%83%96%20%E9%9D%92%E6%A3%AE%E5%B8%82
後見事務所のあ,ケアマネジャー・居宅介護支援,青森県,青森市,"介護,ケアマネジャー・居宅介護支援,相談",介護サービスの計画作成や事業所調整を行う相談先です。退院後の生活準備で重要です。,https://www.google.com/search?q=%E5%BE%8C%E8%A6%8B%E4%BA%8B%E5%8B%99%E6%89%80%E3%81%AE%E3%81%82%20%E9%9D%92%E6%A3%AE%E5%B8%82,青森県青森市小柳3-7-32　ｋハイツ105号,017-752-9708,厚生労働省オープンデータ,https://www.mhlw.go.jp/content/12300000/jigyosho_430.csv,2025-12末,https://www.google.com/search?q=%E5%BE%8C%E8%A6%8B%E4%BA%8B%E5%8B%99%E6%89%80%E3%81%AE%E3%81%82%20%E9%9D%92%E6%A3%AE%E5%B8%82
居宅介護支援いきいきプラン,ケアマネジャー・居宅介護支援,青森県,青森市,"介護,ケアマネジャー・居宅介護支援,相談",介護サービスの計画作成や事業所調整を行う相談先です。退院後の生活準備で重要です。,https://iki-iki.co.jp/company/,青森県青森市佃１-１７-３ハイツプラネット201号室,017-763-5366,厚生労働省オープンデータ,https://www.mhlw.go.jp/content/12300000/jigyosho_430.csv,2025-12末,https://www.google.com/search?q=%E5%B1%85%E5%AE%85%E4%BB%8B%E8%AD%B7%E6%94%AF%E6%8F%B4%E3%81%84%E3%81%8D%E3%81%84%E3%81%8D%E3%83%97%E3%83%A9%E3%83%B3%20%E9%9D%92%E6%A3%AE%E5%B8%82
居宅介護支援事業所ふたば,ケアマネジャー・居宅介護支援,青森県,青森市,"介護,ケアマネジャー・居宅介護支援,相談",介護サービスの計画作成や事業所調整を行う相談先です。退院後の生活準備で重要です。,http://heigenkai.jp/,青森県青森市田茂木野字阿部野６３－２特別養護老人ホーム正寿園内,017-764-6899,厚生労働省オープンデータ,https://www.mhlw.go.jp/content/12300000/jigyosho_430.csv,2025-12末,https://www.google.com/search?q=%E5%B1%85%E5%AE%85%E4%BB%8B%E8%AD%B7%E6%94%AF%E6%8F%B4%E4%BA%8B%E6%A5%AD%E6%89%80%E3%81%B5%E3%81%9F%E3%81%B0%20%E9%9D%92%E6%A3%AE%E5%B8%82
居宅介護支援事業所アクトリー,ケアマネジャー・居宅介護支援,青森県,青森市,"介護,ケアマネジャー・居宅介護支援,相談",介護サービスの計画作成や事業所調整を行う相談先です。退院後の生活準備で重要です。,https://actry-live.com,浜館4丁目8-13,０１７－７５２－６４０４,厚生労働省オープンデータ,https://www.mhlw.go.jp/content/12300000/jigyosho_430.csv,2025-12末,https://www.google.com/search?q=%E5%B1%85%E5%AE%85%E4%BB%8B%E8%AD%B7%E6%94%AF%E6%8F%B4%E4%BA%8B%E6%A5%AD%E6%89%80%E3%82%A2%E3%82%AF%E3%83%88%E3%83%AA%E3%83%BC%20%E9%9D%92%E6%A3%AE%E5%B8%82
認知症ケア特化型居宅介護支援事業所メサイア,ケアマネジャー・居宅介護支援,青森県,青森市,"介護,ケアマネジャー・居宅介護支援,相談",介護サービスの計画作成や事業所調整を行う相談先です。退院後の生活準備で重要です。,www.hhk-peace.jp/,青森県青森市南佃2丁目18-7株式会社ＨＨＫピース,017-752-8765,厚生労働省オープンデータ,https://www.mhlw.go.jp/content/12300000/jigyosho_430.csv,2025-12末,https://www.google.com/search?q=%E8%AA%8D%E7%9F%A5%E7%97%87%E3%82%B1%E3%82%A2%E7%89%B9%E5%8C%96%E5%9E%8B%E5%B1%85%E5%AE%85%E4%BB%8B%E8%AD%B7%E6%94%AF%E6%8F%B4%E4%BA%8B%E6%A5%AD%E6%89%80%E3%83%A1%E3%82%B5%E3%82%A4%E3%82%A2%20%E9%9D%92%E6%A3%AE%E5%B8%82
ケアホーム　ふれあいの里,ケアマネジャー・居宅介護支援,青森県,青森市,"介護,ケアマネジャー・居宅介護支援,相談",介護サービスの計画作成や事業所調整を行う相談先です。退院後の生活準備で重要です。,https://www.google.com/search?q=%E3%82%B1%E3%82%A2%E3%83%9B%E3%83%BC%E3%83%A0%E3%80%80%E3%81%B5%E3%82%8C%E3%81%82%E3%81%84%E3%81%AE%E9%87%8C%20%E9%9D%92%E6%A3%AE%E5%B8%82,青森県青森市富田3丁目17-23,017-781-6344,厚生労働省オープンデータ,https://www.mhlw.go.jp/content/12300000/jigyosho_430.csv,2025-12末,https://www.google.com/search?q=%E3%82%B1%E3%82%A2%E3%83%9B%E3%83%BC%E3%83%A0%E3%80%80%E3%81%B5%E3%82%8C%E3%81%82%E3%81%84%E3%81%AE%E9%87%8C%20%E9%9D%92%E6%A3%AE%E5%B8%82
優・遊　介護ステーション,ケアマネジャー・居宅介護支援,青森県,青森市,"介護,ケアマネジャー・居宅介護支援,相談",介護サービスの計画作成や事業所調整を行う相談先です。退院後の生活準備で重要です。,https://www.yuyukaigo.com,青森県青森市大字六枚橋字字磯打４０番地1,017-754-3993,厚生労働省オープンデータ,https://www.mhlw.go.jp/content/12300000/jigyosho_430.csv,2025-12末,https://www.google.com/search?q=%E5%84%AA%E3%83%BB%E9%81%8A%E3%80%80%E4%BB%8B%E8%AD%B7%E3%82%B9%E3%83%86%E3%83%BC%E3%82%B7%E3%83%A7%E3%83%B3%20%E9%9D%92%E6%A3%AE%E5%B8%82
桃源,ケアマネジャー・居宅介護支援,青森県,青森市,"介護,ケアマネジャー・居宅介護支援,相談",介護サービスの計画作成や事業所調整を行う相談先です。退院後の生活準備で重要です。,https://www.tougen-touka.net/,青森県青森市造道三丁目14番18号,017-752-7450,厚生労働省オープンデータ,https://www.mhlw.go.jp/content/12300000/jigyosho_430.csv,2025-12末,https://www.google.com/search?q=%E6%A1%83%E6%BA%90%20%E9%9D%92%E6%A3%AE%E5%B8%82
藤の園居宅介護支援事業所,ケアマネジャー・居宅介護支援,青森県,青森市,"介護,ケアマネジャー・居宅介護支援,相談",介護サービスの計画作成や事業所調整を行う相談先です。退院後の生活準備で重要です。,www.fujiseiboen.or.jp,青森県青森市大字駒込字蛍沢387番地1特別養護老人ホーム藤の園,017-765-5686,厚生労働省オープンデータ,https://www.mhlw.go.jp/content/12300000/jigyosho_430.csv,2025-12末,https://www.google.com/search?q=%E8%97%A4%E3%81%AE%E5%9C%92%E5%B1%85%E5%AE%85%E4%BB%8B%E8%AD%B7%E6%94%AF%E6%8F%B4%E4%BA%8B%E6%A5%AD%E6%89%80%20%E9%9D%92%E6%A3%AE%E5%B8%82
サニーフィールド,ケアマネジャー・居宅介護支援,青森県,青森市,"介護,ケアマネジャー・居宅介護支援,相談",介護サービスの計画作成や事業所調整を行う相談先です。退院後の生活準備で重要です。,https://www.google.com/search?q=%E3%82%B5%E3%83%8B%E3%83%BC%E3%83%95%E3%82%A3%E3%83%BC%E3%83%AB%E3%83%89%20%E9%9D%92%E6%A3%AE%E5%B8%82,青森県青森市卸町2番7号フレンドリー卸町　1号館110号,017-718-7071,厚生労働省オープンデータ,https://www.mhlw.go.jp/content/12300000/jigyosho_430.csv,2025-12末,https://www.google.com/search?q=%E3%82%B5%E3%83%8B%E3%83%BC%E3%83%95%E3%82%A3%E3%83%BC%E3%83%AB%E3%83%89%20%E9%9D%92%E6%A3%AE%E5%B8%82
居宅ケアサークル,ケアマネジャー・居宅介護支援,青森県,青森市,"介護,ケアマネジャー・居宅介護支援,相談",介護サービスの計画作成や事業所調整を行う相談先です。退院後の生活準備で重要です。,https://www.google.com/search?q=%E5%B1%85%E5%AE%85%E3%82%B1%E3%82%A2%E3%82%B5%E3%83%BC%E3%82%AF%E3%83%AB%20%E9%9D%92%E6%A3%AE%E5%B8%82,小柳1丁目17-21,017-752-1272,厚生労働省オープンデータ,https://www.mhlw.go.jp/content/12300000/jigyosho_430.csv,2025-12末,https://www.google.com/search?q=%E5%B1%85%E5%AE%85%E3%82%B1%E3%82%A2%E3%82%B5%E3%83%BC%E3%82%AF%E3%83%AB%20%E9%9D%92%E6%A3%AE%E5%B8%82
くぅさん居宅介護支援事業所,ケアマネジャー・居宅介護支援,青森県,青森市,"介護,ケアマネジャー・居宅介護支援,相談",介護サービスの計画作成や事業所調整を行う相談先です。退院後の生活準備で重要です。,https://www.google.com/search?q=%E3%81%8F%E3%81%85%E3%81%95%E3%82%93%E5%B1%85%E5%AE%85%E4%BB%8B%E8%AD%B7%E6%94%AF%E6%8F%B4%E4%BA%8B%E6%A5%AD%E6%89%80%20%E9%9D%92%E6%A3%AE%E5%B8%82,青森県青森市第二問屋町１丁目4-13ライヴリータウン202号,017-752-1085,厚生労働省オープンデータ,https://www.mhlw.go.jp/content/12300000/jigyosho_430.csv,2025-12末,https://www.google.com/search?q=%E3%81%8F%E3%81%85%E3%81%95%E3%82%93%E5%B1%85%E5%AE%85%E4%BB%8B%E8%AD%B7%E6%94%AF%E6%8F%B4%E4%BA%8B%E6%A5%AD%E6%89%80%20%E9%9D%92%E6%A3%AE%E5%B8%82
グロースプラン,ケアマネジャー・居宅介護支援,青森県,青森市,"介護,ケアマネジャー・居宅介護支援,相談",介護サービスの計画作成や事業所調整を行う相談先です。退院後の生活準備で重要です。,https://www.google.com/search?q=%E3%82%B0%E3%83%AD%E3%83%BC%E3%82%B9%E3%83%97%E3%83%A9%E3%83%B3%20%E9%9D%92%E6%A3%AE%E5%B8%82,青森県青森市第二問屋町1-7-12アロッジオ202,017-762-7572,厚生労働省オープンデータ,https://www.mhlw.go.jp/content/12300000/jigyosho_430.csv,2025-12末,https://www.google.com/search?q=%E3%82%B0%E3%83%AD%E3%83%BC%E3%82%B9%E3%83%97%E3%83%A9%E3%83%B3%20%E9%9D%92%E6%A3%AE%E5%B8%82
ケア事務所グリーン,ケアマネジャー・居宅介護支援,青森県,青森市,"介護,ケアマネジャー・居宅介護支援,相談",介護サービスの計画作成や事業所調整を行う相談先です。退院後の生活準備で重要です。,https://www.google.com/search?q=%E3%82%B1%E3%82%A2%E4%BA%8B%E5%8B%99%E6%89%80%E3%82%B0%E3%83%AA%E3%83%BC%E3%83%B3%20%E9%9D%92%E6%A3%AE%E5%B8%82,青森県青森市松森１丁目９－８・B１０１号,090-3237-4929,厚生労働省オープンデータ,https://www.mhlw.go.jp/content/12300000/jigyosho_430.csv,2025-12末,https://www.google.com/search?q=%E3%82%B1%E3%82%A2%E4%BA%8B%E5%8B%99%E6%89%80%E3%82%B0%E3%83%AA%E3%83%BC%E3%83%B3%20%E9%9D%92%E6%A3%AE%E5%B8%82
居宅介護支援事業所ぬくもり,ケアマネジャー・居宅介護支援,青森県,青森市,"介護,ケアマネジャー・居宅介護支援,相談",介護サービスの計画作成や事業所調整を行う相談先です。退院後の生活準備で重要です。,https://www.google.com/search?q=%E5%B1%85%E5%AE%85%E4%BB%8B%E8%AD%B7%E6%94%AF%E6%8F%B4%E4%BA%8B%E6%A5%AD%E6%89%80%E3%81%AC%E3%81%8F%E3%82%82%E3%82%8A%20%E9%9D%92%E6%A3%AE%E5%B8%82,青森県青森市小柳6丁目24番4号Cハウス59番地　102号,017-718-7633,厚生労働省オープンデータ,https://www.mhlw.go.jp/content/12300000/jigyosho_430.csv,2025-12末,https://www.google.com/search?q=%E5%B1%85%E5%AE%85%E4%BB%8B%E8%AD%B7%E6%94%AF%E6%8F%B4%E4%BA%8B%E6%A5%AD%E6%89%80%E3%81%AC%E3%81%8F%E3%82%82%E3%82%8A%20%E9%9D%92%E6%A3%AE%E5%B8%82
居宅介護支援事業所いでばす,ケアマネジャー・居宅介護支援,青森県,青森市,"介護,ケアマネジャー・居宅介護支援,相談",介護サービスの計画作成や事業所調整を行う相談先です。退院後の生活準備で重要です。,https://seekhope-dandanhome.com/,青森市大字羽白字池上１９４－１住宅型有料老人ホームだんだん内,017-772-9426,厚生労働省オープンデータ,https://www.mhlw.go.jp/content/12300000/jigyosho_430.csv,2025-12末,https://www.google.com/search?q=%E5%B1%85%E5%AE%85%E4%BB%8B%E8%AD%B7%E6%94%AF%E6%8F%B4%E4%BA%8B%E6%A5%AD%E6%89%80%E3%81%84%E3%81%A7%E3%81%B0%E3%81%99%20%E9%9D%92%E6%A3%AE%E5%B8%82
ケアプランセンターみなみ,ケアマネジャー・居宅介護支援,青森県,青森市,"介護,ケアマネジャー・居宅介護支援,相談",介護サービスの計画作成や事業所調整を行う相談先です。退院後の生活準備で重要です。,https://www.google.com/search?q=%E3%82%B1%E3%82%A2%E3%83%97%E3%83%A9%E3%83%B3%E3%82%BB%E3%83%B3%E3%82%BF%E3%83%BC%E3%81%BF%E3%81%AA%E3%81%BF%20%E9%9D%92%E6%A3%AE%E5%B8%82,岡造道一丁目17番8号,017-752-0190,厚生労働省オープンデータ,https://www.mhlw.go.jp/content/12300000/jigyosho_430.csv,2025-12末,https://www.google.com/search?q=%E3%82%B1%E3%82%A2%E3%83%97%E3%83%A9%E3%83%B3%E3%82%BB%E3%83%B3%E3%82%BF%E3%83%BC%E3%81%BF%E3%81%AA%E3%81%BF%20%E9%9D%92%E6%A3%AE%E5%B8%82
居宅介護支援事業所グッドケア,ケアマネジャー・居宅介護支援,青森県,青森市,"介護,ケアマネジャー・居宅介護支援,相談",介護サービスの計画作成や事業所調整を行う相談先です。退院後の生活準備で重要です。,https://goodcare.fs-group.jp,青森県青森市新城福田308番地202F,017-752-9292,厚生労働省オープンデータ,https://www.mhlw.go.jp/content/12300000/jigyosho_430.csv,2025-12末,https://www.google.com/search?q=%E5%B1%85%E5%AE%85%E4%BB%8B%E8%AD%B7%E6%94%AF%E6%8F%B4%E4%BA%8B%E6%A5%AD%E6%89%80%E3%82%B0%E3%83%83%E3%83%89%E3%82%B1%E3%82%A2%20%E9%9D%92%E6%A3%AE%E5%B8%82
浪岡在宅介護支援センター,ケアマネジャー・居宅介護支援,青森県,青森市,"介護,ケアマネジャー・居宅介護支援,相談",介護サービスの計画作成や事業所調整を行う相談先です。退院後の生活準備で重要です。,http://care-net.biz/02/toueikai/,青森県青森市浪岡大字樽沢字村元330-7,0172-62-1212,厚生労働省オープンデータ,https://www.mhlw.go.jp/content/12300000/jigyosho_430.csv,2025-12末,https://www.google.com/search?q=%E6%B5%AA%E5%B2%A1%E5%9C%A8%E5%AE%85%E4%BB%8B%E8%AD%B7%E6%94%AF%E6%8F%B4%E3%82%BB%E3%83%B3%E3%82%BF%E3%83%BC%20%E9%9D%92%E6%A3%AE%E5%B8%82
社会福祉法人青森市社会福祉協議会青森市中央浪岡支部,ケアマネジャー・居宅介護支援,青森県,青森市,"介護,ケアマネジャー・居宅介護支援,相談",介護サービスの計画作成や事業所調整を行う相談先です。退院後の生活準備で重要です。,http://www.aomoricity-shakyo.or.jp/,青森市浪岡大字浪岡字稲村274番地青森市浪岡総合保健福祉センター内,0172-55-6770,厚生労働省オープンデータ,https://www.mhlw.go.jp/content/12300000/jigyosho_430.csv,2025-12末,https://www.google.com/search?q=%E7%A4%BE%E4%BC%9A%E7%A6%8F%E7%A5%89%E6%B3%95%E4%BA%BA%E9%9D%92%E6%A3%AE%E5%B8%82%E7%A4%BE%E4%BC%9A%E7%A6%8F%E7%A5%89%E5%8D%94%E8%AD%B0%E4%BC%9A%E9%9D%92%E6%A3%AE%E5%B8%82%E4%B8%AD%E5%A4%AE%E6%B5%AA%E5%B2%A1%E6%94%AF%E9%83%A8%20%E9%9D%92%E6%A3%AE%E5%B8%82
ここふくサポート,ケアマネジャー・居宅介護支援,青森県,青森市,"介護,ケアマネジャー・居宅介護支援,相談",介護サービスの計画作成や事業所調整を行う相談先です。退院後の生活準備で重要です。,https://www.google.com/search?q=%E3%81%93%E3%81%93%E3%81%B5%E3%81%8F%E3%82%B5%E3%83%9D%E3%83%BC%E3%83%88%20%E9%9D%92%E6%A3%AE%E5%B8%82,青森県青森市浪岡大字銀字前田４番地２,0172-62-6823,厚生労働省オープンデータ,https://www.mhlw.go.jp/content/12300000/jigyosho_430.csv,2025-12末,https://www.google.com/search?q=%E3%81%93%E3%81%93%E3%81%B5%E3%81%8F%E3%82%B5%E3%83%9D%E3%83%BC%E3%83%88%20%E9%9D%92%E6%A3%AE%E5%B8%82
ケアサービスハロー,ケアマネジャー・居宅介護支援,青森県,弘前市,"介護,ケアマネジャー・居宅介護支援,相談",介護サービスの計画作成や事業所調整を行う相談先です。退院後の生活準備で重要です。,https://www.google.com/search?q=%E3%82%B1%E3%82%A2%E3%82%B5%E3%83%BC%E3%83%93%E3%82%B9%E3%83%8F%E3%83%AD%E3%83%BC%20%E5%BC%98%E5%89%8D%E5%B8%82,弘前市大字南富田町11番地1,0172-88-5065,厚生労働省オープンデータ,https://www.mhlw.go.jp/content/12300000/jigyosho_430.csv,2025-12末,https://www.google.com/search?q=%E3%82%B1%E3%82%A2%E3%82%B5%E3%83%BC%E3%83%93%E3%82%B9%E3%83%8F%E3%83%AD%E3%83%BC%20%E5%BC%98%E5%89%8D%E5%B8%82
サンケアネット弘前　指定居宅支援事業所,ケアマネジャー・居宅介護支援,青森県,弘前市,"介護,ケアマネジャー・居宅介護支援,相談",介護サービスの計画作成や事業所調整を行う相談先です。退院後の生活準備で重要です。,http://suncarenet.co.jp,青森県弘前市大町2丁目10-13,0172-36-3132,厚生労働省オープンデータ,https://www.mhlw.go.jp/content/12300000/jigyosho_430.csv,2025-12末,https://www.google.com/search?q=%E3%82%B5%E3%83%B3%E3%82%B1%E3%82%A2%E3%83%8D%E3%83%83%E3%83%88%E5%BC%98%E5%89%8D%E3%80%80%E6%8C%87%E5%AE%9A%E5%B1%85%E5%AE%85%E6%94%AF%E6%8F%B4%E4%BA%8B%E6%A5%AD%E6%89%80%20%E5%BC%98%E5%89%8D%E5%B8%82
居宅介護支援事業センター　サン・フラワー,ケアマネジャー・居宅介護支援,青森県,弘前市,"介護,ケアマネジャー・居宅介護支援,相談",介護サービスの計画作成や事業所調整を行う相談先です。退院後の生活準備で重要です。,http://www5.ocn.ne.jp/~kouyukai/index.htm,青森県弘前市大字向外瀬字豊田３２０番１,0172-34-3633,厚生労働省オープンデータ,https://www.mhlw.go.jp/content/12300000/jigyosho_430.csv,2025-12末,https://www.google.com/search?q=%E5%B1%85%E5%AE%85%E4%BB%8B%E8%AD%B7%E6%94%AF%E6%8F%B4%E4%BA%8B%E6%A5%AD%E3%82%BB%E3%83%B3%E3%82%BF%E3%83%BC%E3%80%80%E3%82%B5%E3%83%B3%E3%83%BB%E3%83%95%E3%83%A9%E3%83%AF%E3%83%BC%20%E5%BC%98%E5%89%8D%E5%B8%82
居宅介護支援事業所パインハウス城南,ケアマネジャー・居宅介護支援,青森県,弘前市,"介護,ケアマネジャー・居宅介護支援,相談",介護サービスの計画作成や事業所調整を行う相談先です。退院後の生活準備で重要です。,http://www.gakuyokai.jp,青森県弘前市大字原ヶ平字山元118番地1,0172-88-1764,厚生労働省オープンデータ,https://www.mhlw.go.jp/content/12300000/jigyosho_430.csv,2025-12末,https://www.google.com/search?q=%E5%B1%85%E5%AE%85%E4%BB%8B%E8%AD%B7%E6%94%AF%E6%8F%B4%E4%BA%8B%E6%A5%AD%E6%89%80%E3%83%91%E3%82%A4%E3%83%B3%E3%83%8F%E3%82%A6%E3%82%B9%E5%9F%8E%E5%8D%97%20%E5%BC%98%E5%89%8D%E5%B8%82
居宅介護支援事業所くんぷうしゃ,ケアマネジャー・居宅介護支援,青森県,弘前市,"介護,ケアマネジャー・居宅介護支援,相談",介護サービスの計画作成や事業所調整を行う相談先です。退院後の生活準備で重要です。,http://www.mitsuwa-group.co.jp/index.html,弘前市代官町86番地,0172-26-7020,厚生労働省オープンデータ,https://www.mhlw.go.jp/content/12300000/jigyosho_430.csv,2025-12末,https://www.google.com/search?q=%E5%B1%85%E5%AE%85%E4%BB%8B%E8%AD%B7%E6%94%AF%E6%8F%B4%E4%BA%8B%E6%A5%AD%E6%89%80%E3%81%8F%E3%82%93%E3%81%B7%E3%81%86%E3%81%97%E3%82%83%20%E5%BC%98%E5%89%8D%E5%B8%82
居宅介護支援事業所ちとせ,ケアマネジャー・居宅介護支援,青森県,弘前市,"介護,ケアマネジャー・居宅介護支援,相談",介護サービスの計画作成や事業所調整を行う相談先です。退院後の生活準備で重要です。,https://www.google.com/search?q=%E5%B1%85%E5%AE%85%E4%BB%8B%E8%AD%B7%E6%94%AF%E6%8F%B4%E4%BA%8B%E6%A5%AD%E6%89%80%E3%81%A1%E3%81%A8%E3%81%9B%20%E5%BC%98%E5%89%8D%E5%B8%82,青森県弘前市千年三丁目1番地8,0172-88-8609,厚生労働省オープンデータ,https://www.mhlw.go.jp/content/12300000/jigyosho_430.csv,2025-12末,https://www.google.com/search?q=%E5%B1%85%E5%AE%85%E4%BB%8B%E8%AD%B7%E6%94%AF%E6%8F%B4%E4%BA%8B%E6%A5%AD%E6%89%80%E3%81%A1%E3%81%A8%E3%81%9B%20%E5%BC%98%E5%89%8D%E5%B8%82
まるげん居宅介護支援事業所,ケアマネジャー・居宅介護支援,青森県,弘前市,"介護,ケアマネジャー・居宅介護支援,相談",介護サービスの計画作成や事業所調整を行う相談先です。退院後の生活準備で重要です。,https://www.google.com/search?q=%E3%81%BE%E3%82%8B%E3%81%92%E3%82%93%E5%B1%85%E5%AE%85%E4%BB%8B%E8%AD%B7%E6%94%AF%E6%8F%B4%E4%BA%8B%E6%A5%AD%E6%89%80%20%E5%BC%98%E5%89%8D%E5%B8%82,青森県弘前市大町一丁目17‐11北斗ビル2階,0172-88-6693,厚生労働省オープンデータ,https://www.mhlw.go.jp/content/12300000/jigyosho_430.csv,2025-12末,https://www.google.com/search?q=%E3%81%BE%E3%82%8B%E3%81%92%E3%82%93%E5%B1%85%E5%AE%85%E4%BB%8B%E8%AD%B7%E6%94%AF%E6%8F%B4%E4%BA%8B%E6%A5%AD%E6%89%80%20%E5%BC%98%E5%89%8D%E5%B8%82
ほりこし介護福祉センター　居宅介護支援事業,ケアマネジャー・居宅介護支援,青森県,弘前市,"介護,ケアマネジャー・居宅介護支援,相談",介護サービスの計画作成や事業所調整を行う相談先です。退院後の生活準備で重要です。,http://ryokufu.or.jp/,青森県弘前市大字堀越字柳田1-16,0172-29-5220,厚生労働省オープンデータ,https://www.mhlw.go.jp/content/12300000/jigyosho_430.csv,2025-12末,https://www.google.com/search?q=%E3%81%BB%E3%82%8A%E3%81%93%E3%81%97%E4%BB%8B%E8%AD%B7%E7%A6%8F%E7%A5%89%E3%82%BB%E3%83%B3%E3%82%BF%E3%83%BC%E3%80%80%E5%B1%85%E5%AE%85%E4%BB%8B%E8%AD%B7%E6%94%AF%E6%8F%B4%E4%BA%8B%E6%A5%AD%20%E5%BC%98%E5%89%8D%E5%B8%82
バンドー介護サポート株式会社　ケアプランセンター弘前,ケアマネジャー・居宅介護支援,青森県,弘前市,"介護,ケアマネジャー・居宅介護支援,相談",介護サービスの計画作成や事業所調整を行う相談先です。退院後の生活準備で重要です。,http://www.bwfg.co.jp/,青森県弘前市西城北２丁目３番地４,0172-37-2020,厚生労働省オープンデータ,https://www.mhlw.go.jp/content/12300000/jigyosho_430.csv,2025-12末,https://www.google.com/search?q=%E3%83%90%E3%83%B3%E3%83%89%E3%83%BC%E4%BB%8B%E8%AD%B7%E3%82%B5%E3%83%9D%E3%83%BC%E3%83%88%E6%A0%AA%E5%BC%8F%E4%BC%9A%E7%A4%BE%E3%80%80%E3%82%B1%E3%82%A2%E3%83%97%E3%83%A9%E3%83%B3%E3%82%BB%E3%83%B3%E3%82%BF%E3%83%BC%E5%BC%98%E5%89%8D%20%E5%BC%98%E5%89%8D%E5%B8%82
ケアプランセンタ―結,ケアマネジャー・居宅介護支援,青森県,弘前市,"介護,ケアマネジャー・居宅介護支援,相談",介護サービスの計画作成や事業所調整を行う相談先です。退院後の生活準備で重要です。,https://www.google.com/search?q=%E3%82%B1%E3%82%A2%E3%83%97%E3%83%A9%E3%83%B3%E3%82%BB%E3%83%B3%E3%82%BF%E2%80%95%E7%B5%90%20%E5%BC%98%E5%89%8D%E5%B8%82,青森県弘前市大字山崎二丁目３番地5,0172-88-7107,厚生労働省オープンデータ,https://www.mhlw.go.jp/content/12300000/jigyosho_430.csv,2025-12末,https://www.google.com/search?q=%E3%82%B1%E3%82%A2%E3%83%97%E3%83%A9%E3%83%B3%E3%82%BB%E3%83%B3%E3%82%BF%E2%80%95%E7%B5%90%20%E5%BC%98%E5%89%8D%E5%B8%82
ケアプランセンター早稲田,ケアマネジャー・居宅介護支援,青森県,弘前市,"介護,ケアマネジャー・居宅介護支援,相談",介護サービスの計画作成や事業所調整を行う相談先です。退院後の生活準備で重要です。,https://www.google.com/search?q=%E3%82%B1%E3%82%A2%E3%83%97%E3%83%A9%E3%83%B3%E3%82%BB%E3%83%B3%E3%82%BF%E3%83%BC%E6%97%A9%E7%A8%B2%E7%94%B0%20%E5%BC%98%E5%89%8D%E5%B8%82,青森県弘前市大字早稲田３丁目11-11,0172-28-1941,厚生労働省オープンデータ,https://www.mhlw.go.jp/content/12300000/jigyosho_430.csv,2025-12末,https://www.google.com/search?q=%E3%82%B1%E3%82%A2%E3%83%97%E3%83%A9%E3%83%B3%E3%82%BB%E3%83%B3%E3%82%BF%E3%83%BC%E6%97%A9%E7%A8%B2%E7%94%B0%20%E5%BC%98%E5%89%8D%E5%B8%82
希望ケ丘居宅介護支援事業所,ケアマネジャー・居宅介護支援,青森県,弘前市,"介護,ケアマネジャー・居宅介護支援,相談",介護サービスの計画作成や事業所調整を行う相談先です。退院後の生活準備で重要です。,http://kibogaoka.net/,青森県弘前市大字小沢字山崎４４番地9,0172-88-5105,厚生労働省オープンデータ,https://www.mhlw.go.jp/content/12300000/jigyosho_430.csv,2025-12末,https://www.google.com/search?q=%E5%B8%8C%E6%9C%9B%E3%82%B1%E4%B8%98%E5%B1%85%E5%AE%85%E4%BB%8B%E8%AD%B7%E6%94%AF%E6%8F%B4%E4%BA%8B%E6%A5%AD%E6%89%80%20%E5%BC%98%E5%89%8D%E5%B8%82
一般財団法人黎明郷　弘前脳卒中・リハビリテーションセンター,ケアマネジャー・居宅介護支援,青森県,弘前市,"介護,ケアマネジャー・居宅介護支援,相談",介護サービスの計画作成や事業所調整を行う相談先です。退院後の生活準備で重要です。,http://www.reimeikyou.jp/hsc/,青森県弘前市大字扇町１丁目２番地１,０１７２－２８－８２２０,厚生労働省オープンデータ,https://www.mhlw.go.jp/content/12300000/jigyosho_430.csv,2025-12末,https://www.google.com/search?q=%E4%B8%80%E8%88%AC%E8%B2%A1%E5%9B%A3%E6%B3%95%E4%BA%BA%E9%BB%8E%E6%98%8E%E9%83%B7%E3%80%80%E5%BC%98%E5%89%8D%E8%84%B3%E5%8D%92%E4%B8%AD%E3%83%BB%E3%83%AA%E3%83%8F%E3%83%93%E3%83%AA%E3%83%86%E3%83%BC%E3%82%B7%E3%83%A7%E3%83%B3%E3%82%BB%E3%83%B3%E3%82%BF%E3%83%BC%20%E5%BC%98%E5%89%8D%E5%B8%82
医療法人サンメディコ介護老人保健施設ヴィラ弘前,ケアマネジャー・居宅介護支援,青森県,弘前市,"介護,ケアマネジャー・居宅介護支援,相談",介護サービスの計画作成や事業所調整を行う相談先です。退院後の生活準備で重要です。,http://villahiro.html.xdomain.jp/villa.html,青森県弘前市大字岩賀２丁目１２－１１,0172-37-7200,厚生労働省オープンデータ,https://www.mhlw.go.jp/content/12300000/jigyosho_430.csv,2025-12末,https://www.google.com/search?q=%E5%8C%BB%E7%99%82%E6%B3%95%E4%BA%BA%E3%82%B5%E3%83%B3%E3%83%A1%E3%83%87%E3%82%A3%E3%82%B3%E4%BB%8B%E8%AD%B7%E8%80%81%E4%BA%BA%E4%BF%9D%E5%81%A5%E6%96%BD%E8%A8%AD%E3%83%B4%E3%82%A3%E3%83%A9%E5%BC%98%E5%89%8D%20%E5%BC%98%E5%89%8D%E5%B8%82
うめむら,ケアマネジャー・居宅介護支援,青森県,弘前市,"介護,ケアマネジャー・居宅介護支援,相談",介護サービスの計画作成や事業所調整を行う相談先です。退院後の生活準備で重要です。,https://www.google.com/search?q=%E3%81%86%E3%82%81%E3%82%80%E3%82%89%20%E5%BC%98%E5%89%8D%E5%B8%82,青森県弘前市大字石渡1丁目1番地6号,0172-32-3593,厚生労働省オープンデータ,https://www.mhlw.go.jp/content/12300000/jigyosho_430.csv,2025-12末,https://www.google.com/search?q=%E3%81%86%E3%82%81%E3%82%80%E3%82%89%20%E5%BC%98%E5%89%8D%E5%B8%82
訪問看護ステーションふれあい,ケアマネジャー・居宅介護支援,青森県,弘前市,"介護,ケアマネジャー・居宅介護支援,相談",介護サービスの計画作成や事業所調整を行う相談先です。退院後の生活準備で重要です。,http://www.kouaikai.com,弘前市大字八幡町三丁目1番地1,0172-32-0011,厚生労働省オープンデータ,https://www.mhlw.go.jp/content/12300000/jigyosho_430.csv,2025-12末,https://www.google.com/search?q=%E8%A8%AA%E5%95%8F%E7%9C%8B%E8%AD%B7%E3%82%B9%E3%83%86%E3%83%BC%E3%82%B7%E3%83%A7%E3%83%B3%E3%81%B5%E3%82%8C%E3%81%82%E3%81%84%20%E5%BC%98%E5%89%8D%E5%B8%82
ケアサービス弘前指定居宅介護支援事業所,ケアマネジャー・居宅介護支援,青森県,弘前市,"介護,ケアマネジャー・居宅介護支援,相談",介護サービスの計画作成や事業所調整を行う相談先です。退院後の生活準備で重要です。,https://www.google.com/search?q=%E3%82%B1%E3%82%A2%E3%82%B5%E3%83%BC%E3%83%93%E3%82%B9%E5%BC%98%E5%89%8D%E6%8C%87%E5%AE%9A%E5%B1%85%E5%AE%85%E4%BB%8B%E8%AD%B7%E6%94%AF%E6%8F%B4%E4%BA%8B%E6%A5%AD%E6%89%80%20%E5%BC%98%E5%89%8D%E5%B8%82,弘前市大字品川町１５５番地２,0172-36-3011,厚生労働省オープンデータ,https://www.mhlw.go.jp/content/12300000/jigyosho_430.csv,2025-12末,https://www.google.com/search?q=%E3%82%B1%E3%82%A2%E3%82%B5%E3%83%BC%E3%83%93%E3%82%B9%E5%BC%98%E5%89%8D%E6%8C%87%E5%AE%9A%E5%B1%85%E5%AE%85%E4%BB%8B%E8%AD%B7%E6%94%AF%E6%8F%B4%E4%BA%8B%E6%A5%AD%E6%89%80%20%E5%BC%98%E5%89%8D%E5%B8%82
居宅介護支援事業所　パインハウス弘前,ケアマネジャー・居宅介護支援,青森県,弘前市,"介護,ケアマネジャー・居宅介護支援,相談",介護サービスの計画作成や事業所調整を行う相談先です。退院後の生活準備で重要です。,http://www.gakuyokai.jp/,青森県弘前市大字国吉字坂本１３８－１０,0172-86-3800,厚生労働省オープンデータ,https://www.mhlw.go.jp/content/12300000/jigyosho_430.csv,2025-12末,https://www.google.com/search?q=%E5%B1%85%E5%AE%85%E4%BB%8B%E8%AD%B7%E6%94%AF%E6%8F%B4%E4%BA%8B%E6%A5%AD%E6%89%80%E3%80%80%E3%83%91%E3%82%A4%E3%83%B3%E3%83%8F%E3%82%A6%E3%82%B9%E5%BC%98%E5%89%8D%20%E5%BC%98%E5%89%8D%E5%B8%82
城東居宅介護支援センター,ケアマネジャー・居宅介護支援,青森県,弘前市,"介護,ケアマネジャー・居宅介護支援,相談",介護サービスの計画作成や事業所調整を行う相談先です。退院後の生活準備で重要です。,https://www.google.com/search?q=%E5%9F%8E%E6%9D%B1%E5%B1%85%E5%AE%85%E4%BB%8B%E8%AD%B7%E6%94%AF%E6%8F%B4%E3%82%BB%E3%83%B3%E3%82%BF%E3%83%BC%20%E5%BC%98%E5%89%8D%E5%B8%82,青森県弘前市城東中央４丁目１－４,0172-28-0082,厚生労働省オープンデータ,https://www.mhlw.go.jp/content/12300000/jigyosho_430.csv,2025-12末,https://www.google.com/search?q=%E5%9F%8E%E6%9D%B1%E5%B1%85%E5%AE%85%E4%BB%8B%E8%AD%B7%E6%94%AF%E6%8F%B4%E3%82%BB%E3%83%B3%E3%82%BF%E3%83%BC%20%E5%BC%98%E5%89%8D%E5%B8%82
鷹揚郷弘前介護支援事業所,ケアマネジャー・居宅介護支援,青森県,弘前市,"介護,ケアマネジャー・居宅介護支援,相談",介護サービスの計画作成や事業所調整を行う相談先です。退院後の生活準備で重要です。,http://www.oyokyo.jp/,青森県弘前市大字小沢字山崎９０番地,0172-87-1221,厚生労働省オープンデータ,https://www.mhlw.go.jp/content/12300000/jigyosho_430.csv,2025-12末,https://www.google.com/search?q=%E9%B7%B9%E6%8F%9A%E9%83%B7%E5%BC%98%E5%89%8D%E4%BB%8B%E8%AD%B7%E6%94%AF%E6%8F%B4%E4%BA%8B%E6%A5%AD%E6%89%80%20%E5%BC%98%E5%89%8D%E5%B8%82
ことぶき荘居宅介護支援事業所,ケアマネジャー・居宅介護支援,青森県,弘前市,"介護,ケアマネジャー・居宅介護支援,相談",介護サービスの計画作成や事業所調整を行う相談先です。退院後の生活準備で重要です。,http://www.ichiyoukai.jp/,青森県弘前市大字福村字早稲田２７番地１,0172-28-2992,厚生労働省オープンデータ,https://www.mhlw.go.jp/content/12300000/jigyosho_430.csv,2025-12末,https://www.google.com/search?q=%E3%81%93%E3%81%A8%E3%81%B6%E3%81%8D%E8%8D%98%E5%B1%85%E5%AE%85%E4%BB%8B%E8%AD%B7%E6%94%AF%E6%8F%B4%E4%BA%8B%E6%A5%AD%E6%89%80%20%E5%BC%98%E5%89%8D%E5%B8%82
オリーブ居宅介護支援事業所,ケアマネジャー・居宅介護支援,青森県,弘前市,"介護,ケアマネジャー・居宅介護支援,相談",介護サービスの計画作成や事業所調整を行う相談先です。退院後の生活準備で重要です。,https://www.google.com/search?q=%E3%82%AA%E3%83%AA%E3%83%BC%E3%83%96%E5%B1%85%E5%AE%85%E4%BB%8B%E8%AD%B7%E6%94%AF%E6%8F%B4%E4%BA%8B%E6%A5%AD%E6%89%80%20%E5%BC%98%E5%89%8D%E5%B8%82,青森県弘前市大字鷹匠町16番地1,0172-39-2200,厚生労働省オープンデータ,https://www.mhlw.go.jp/content/12300000/jigyosho_430.csv,2025-12末,https://www.google.com/search?q=%E3%82%AA%E3%83%AA%E3%83%BC%E3%83%96%E5%B1%85%E5%AE%85%E4%BB%8B%E8%AD%B7%E6%94%AF%E6%8F%B4%E4%BA%8B%E6%A5%AD%E6%89%80%20%E5%BC%98%E5%89%8D%E5%B8%82
サンアップル居宅介護支援センター,ケアマネジャー・居宅介護支援,青森県,弘前市,"介護,ケアマネジャー・居宅介護支援,相談",介護サービスの計画作成や事業所調整を行う相談先です。退院後の生活準備で重要です。,http://www.sunapplehome.jp/,青森県弘前市大字浜の町東5丁目24-3,0172-97-2131,厚生労働省オープンデータ,https://www.mhlw.go.jp/content/12300000/jigyosho_430.csv,2025-12末,https://www.google.com/search?q=%E3%82%B5%E3%83%B3%E3%82%A2%E3%83%83%E3%83%97%E3%83%AB%E5%B1%85%E5%AE%85%E4%BB%8B%E8%AD%B7%E6%94%AF%E6%8F%B4%E3%82%BB%E3%83%B3%E3%82%BF%E3%83%BC%20%E5%BC%98%E5%89%8D%E5%B8%82
居宅介護支援事業所弘前リカバリーセンター,ケアマネジャー・居宅介護支援,青森県,弘前市,"介護,ケアマネジャー・居宅介護支援,相談",介護サービスの計画作成や事業所調整を行う相談先です。退院後の生活準備で重要です。,https://recovery-center.jp/,青森県弘前市高田1丁目10-7,0172-27-3322,厚生労働省オープンデータ,https://www.mhlw.go.jp/content/12300000/jigyosho_430.csv,2025-12末,https://www.google.com/search?q=%E5%B1%85%E5%AE%85%E4%BB%8B%E8%AD%B7%E6%94%AF%E6%8F%B4%E4%BA%8B%E6%A5%AD%E6%89%80%E5%BC%98%E5%89%8D%E3%83%AA%E3%82%AB%E3%83%90%E3%83%AA%E3%83%BC%E3%82%BB%E3%83%B3%E3%82%BF%E3%83%BC%20%E5%BC%98%E5%89%8D%E5%B8%82
居宅介護支援事業　サンタハウス弘前,ケアマネジャー・居宅介護支援,青森県,弘前市,"介護,ケアマネジャー・居宅介護支援,相談",介護サービスの計画作成や事業所調整を行う相談先です。退院後の生活準備で重要です。,https://www.houtokukai.org/,青森県弘前市大字大川字中桜川18番地10,0172-95-3123,厚生労働省オープンデータ,https://www.mhlw.go.jp/content/12300000/jigyosho_430.csv,2025-12末,https://www.google.com/search?q=%E5%B1%85%E5%AE%85%E4%BB%8B%E8%AD%B7%E6%94%AF%E6%8F%B4%E4%BA%8B%E6%A5%AD%E3%80%80%E3%82%B5%E3%83%B3%E3%82%BF%E3%83%8F%E3%82%A6%E3%82%B9%E5%BC%98%E5%89%8D%20%E5%BC%98%E5%89%8D%E5%B8%82
ケアセンター弘前介護保険サービス事業センター,ケアマネジャー・居宅介護支援,青森県,弘前市,"介護,ケアマネジャー・居宅介護支援,相談",介護サービスの計画作成や事業所調整を行う相談先です。退院後の生活準備で重要です。,http://tsugarufujimikai.com/,青森県弘前市大字山崎一丁目3番地7,0172-88-5207,厚生労働省オープンデータ,https://www.mhlw.go.jp/content/12300000/jigyosho_430.csv,2025-12末,https://www.google.com/search?q=%E3%82%B1%E3%82%A2%E3%82%BB%E3%83%B3%E3%82%BF%E3%83%BC%E5%BC%98%E5%89%8D%E4%BB%8B%E8%AD%B7%E4%BF%9D%E9%99%BA%E3%82%B5%E3%83%BC%E3%83%93%E3%82%B9%E4%BA%8B%E6%A5%AD%E3%82%BB%E3%83%B3%E3%82%BF%E3%83%BC%20%E5%BC%98%E5%89%8D%E5%B8%82
幸陽荘居宅介護支援事業所,ケアマネジャー・居宅介護支援,青森県,弘前市,"介護,ケアマネジャー・居宅介護支援,相談",介護サービスの計画作成や事業所調整を行う相談先です。退院後の生活準備で重要です。,http://koyoso.com/,青森県弘前市大字清野袋字岡部４３３番地１,0172-37-8790,厚生労働省オープンデータ,https://www.mhlw.go.jp/content/12300000/jigyosho_430.csv,2025-12末,https://www.google.com/search?q=%E5%B9%B8%E9%99%BD%E8%8D%98%E5%B1%85%E5%AE%85%E4%BB%8B%E8%AD%B7%E6%94%AF%E6%8F%B4%E4%BA%8B%E6%A5%AD%E6%89%80%20%E5%BC%98%E5%89%8D%E5%B8%82
愛成居宅介護支援事業所,ケアマネジャー・居宅介護支援,青森県,弘前市,"介護,ケアマネジャー・居宅介護支援,相談",介護サービスの計画作成や事業所調整を行う相談先です。退院後の生活準備で重要です。,http://www.sh-aiseien.jp/seikouen/jigyousyo/,青森県弘前市大字豊原一丁目１番地３,0172-33-7100,厚生労働省オープンデータ,https://www.mhlw.go.jp/content/12300000/jigyosho_430.csv,2025-12末,https://www.google.com/search?q=%E6%84%9B%E6%88%90%E5%B1%85%E5%AE%85%E4%BB%8B%E8%AD%B7%E6%94%AF%E6%8F%B4%E4%BA%8B%E6%A5%AD%E6%89%80%20%E5%BC%98%E5%89%8D%E5%B8%82
草薙居宅介護支援事業所,ケアマネジャー・居宅介護支援,青森県,弘前市,"介護,ケアマネジャー・居宅介護支援,相談",介護サービスの計画作成や事業所調整を行う相談先です。退院後の生活準備で重要です。,https://www.google.com/search?q=%E8%8D%89%E8%96%99%E5%B1%85%E5%AE%85%E4%BB%8B%E8%AD%B7%E6%94%AF%E6%8F%B4%E4%BA%8B%E6%A5%AD%E6%89%80%20%E5%BC%98%E5%89%8D%E5%B8%82,弘前市大字大森字勝山278番18,0172-93-2222,厚生労働省オープンデータ,https://www.mhlw.go.jp/content/12300000/jigyosho_430.csv,2025-12末,https://www.google.com/search?q=%E8%8D%89%E8%96%99%E5%B1%85%E5%AE%85%E4%BB%8B%E8%AD%B7%E6%94%AF%E6%8F%B4%E4%BA%8B%E6%A5%AD%E6%89%80%20%E5%BC%98%E5%89%8D%E5%B8%82
居宅介護支援事業センター　ひばり,ケアマネジャー・居宅介護支援,青森県,弘前市,"介護,ケアマネジャー・居宅介護支援,相談",介護サービスの計画作成や事業所調整を行う相談先です。退院後の生活準備で重要です。,https://www.google.com/search?q=%E5%B1%85%E5%AE%85%E4%BB%8B%E8%AD%B7%E6%94%AF%E6%8F%B4%E4%BA%8B%E6%A5%AD%E3%82%BB%E3%83%B3%E3%82%BF%E3%83%BC%E3%80%80%E3%81%B2%E3%81%B0%E3%82%8A%20%E5%BC%98%E5%89%8D%E5%B8%82,弘前市大字藤代字広田131-1,0172-39-2020,厚生労働省オープンデータ,https://www.mhlw.go.jp/content/12300000/jigyosho_430.csv,2025-12末,https://www.google.com/search?q=%E5%B1%85%E5%AE%85%E4%BB%8B%E8%AD%B7%E6%94%AF%E6%8F%B4%E4%BA%8B%E6%A5%AD%E3%82%BB%E3%83%B3%E3%82%BF%E3%83%BC%E3%80%80%E3%81%B2%E3%81%B0%E3%82%8A%20%E5%BC%98%E5%89%8D%E5%B8%82
白寿園居宅介護支援事業所,ケアマネジャー・居宅介護支援,青森県,弘前市,"介護,ケアマネジャー・居宅介護支援,相談",介護サービスの計画作成や事業所調整を行う相談先です。退院後の生活準備で重要です。,http://www.hakujuen-t.or.jp,青森県弘前市大字大沢字稲元３番地２,0172-26-8626,厚生労働省オープンデータ,https://www.mhlw.go.jp/content/12300000/jigyosho_430.csv,2025-12末,https://www.google.com/search?q=%E7%99%BD%E5%AF%BF%E5%9C%92%E5%B1%85%E5%AE%85%E4%BB%8B%E8%AD%B7%E6%94%AF%E6%8F%B4%E4%BA%8B%E6%A5%AD%E6%89%80%20%E5%BC%98%E5%89%8D%E5%B8%82
居宅介護支援事業所「きずな」,ケアマネジャー・居宅介護支援,青森県,弘前市,"介護,ケアマネジャー・居宅介護支援,相談",介護サービスの計画作成や事業所調整を行う相談先です。退院後の生活準備で重要です。,http:http://www.kizuna-hirosaki.com/,青森県弘前市大字高崎二丁目７－７,0172-29-3730,厚生労働省オープンデータ,https://www.mhlw.go.jp/content/12300000/jigyosho_430.csv,2025-12末,https://www.google.com/search?q=%E5%B1%85%E5%AE%85%E4%BB%8B%E8%AD%B7%E6%94%AF%E6%8F%B4%E4%BA%8B%E6%A5%AD%E6%89%80%E3%80%8C%E3%81%8D%E3%81%9A%E3%81%AA%E3%80%8D%20%E5%BC%98%E5%89%8D%E5%B8%82
株式会社ケアライフ青森　弘前営業所,ケアマネジャー・居宅介護支援,青森県,弘前市,"介護,ケアマネジャー・居宅介護支援,相談",介護サービスの計画作成や事業所調整を行う相談先です。退院後の生活準備で重要です。,http://www.carelife-net.co.jp,青森県弘前市神田2丁目6-1,0172-31-2023,厚生労働省オープンデータ,https://www.mhlw.go.jp/content/12300000/jigyosho_430.csv,2025-12末,https://www.google.com/search?q=%E6%A0%AA%E5%BC%8F%E4%BC%9A%E7%A4%BE%E3%82%B1%E3%82%A2%E3%83%A9%E3%82%A4%E3%83%95%E9%9D%92%E6%A3%AE%E3%80%80%E5%BC%98%E5%89%8D%E5%96%B6%E6%A5%AD%E6%89%80%20%E5%BC%98%E5%89%8D%E5%B8%82
弘前大清水ホーム　居宅介護支援事業所,ケアマネジャー・居宅介護支援,青森県,弘前市,"介護,ケアマネジャー・居宅介護支援,相談",介護サービスの計画作成や事業所調整を行う相談先です。退院後の生活準備で重要です。,http://www.fujiseiboen.or.jp,青森県弘前市大字清原四丁目9番地2,0172-36-2266,厚生労働省オープンデータ,https://www.mhlw.go.jp/content/12300000/jigyosho_430.csv,2025-12末,https://www.google.com/search?q=%E5%BC%98%E5%89%8D%E5%A4%A7%E6%B8%85%E6%B0%B4%E3%83%9B%E3%83%BC%E3%83%A0%E3%80%80%E5%B1%85%E5%AE%85%E4%BB%8B%E8%AD%B7%E6%94%AF%E6%8F%B4%E4%BA%8B%E6%A5%AD%E6%89%80%20%E5%BC%98%E5%89%8D%E5%B8%82
有限会社　ケアサポートかがやき,ケアマネジャー・居宅介護支援,青森県,弘前市,"介護,ケアマネジャー・居宅介護支援,相談",介護サービスの計画作成や事業所調整を行う相談先です。退院後の生活準備で重要です。,なし,青森県弘前市大字野田1丁目4-16,0172-39-7051,厚生労働省オープンデータ,https://www.mhlw.go.jp/content/12300000/jigyosho_430.csv,2025-12末,https://www.google.com/search?q=%E6%9C%89%E9%99%90%E4%BC%9A%E7%A4%BE%E3%80%80%E3%82%B1%E3%82%A2%E3%82%B5%E3%83%9D%E3%83%BC%E3%83%88%E3%81%8B%E3%81%8C%E3%82%84%E3%81%8D%20%E5%BC%98%E5%89%8D%E5%B8%82
松森ケアプランセンター,ケアマネジャー・居宅介護支援,青森県,弘前市,"介護,ケアマネジャー・居宅介護支援,相談",介護サービスの計画作成や事業所調整を行う相談先です。退院後の生活準備で重要です。,matumori-keapuran@mikasaen.or.jp,青森県弘前市大字松森町53-2サービス付高齢者住宅桜林館,0172-55-8817,厚生労働省オープンデータ,https://www.mhlw.go.jp/content/12300000/jigyosho_430.csv,2025-12末,https://www.google.com/search?q=%E6%9D%BE%E6%A3%AE%E3%82%B1%E3%82%A2%E3%83%97%E3%83%A9%E3%83%B3%E3%82%BB%E3%83%B3%E3%82%BF%E3%83%BC%20%E5%BC%98%E5%89%8D%E5%B8%82
弘前市医師会居宅介護支援事業所,ケアマネジャー・居宅介護支援,青森県,弘前市,"介護,ケアマネジャー・居宅介護支援,相談",介護サービスの計画作成や事業所調整を行う相談先です。退院後の生活準備で重要です。,http://hirosaki-med.jp/,弘前市大字野田二丁目７番地１,0172-32-2371,厚生労働省オープンデータ,https://www.mhlw.go.jp/content/12300000/jigyosho_430.csv,2025-12末,https://www.google.com/search?q=%E5%BC%98%E5%89%8D%E5%B8%82%E5%8C%BB%E5%B8%AB%E4%BC%9A%E5%B1%85%E5%AE%85%E4%BB%8B%E8%AD%B7%E6%94%AF%E6%8F%B4%E4%BA%8B%E6%A5%AD%E6%89%80%20%E5%BC%98%E5%89%8D%E5%B8%82
草菴居宅介護支援事業所,ケアマネジャー・居宅介護支援,青森県,弘前市,"介護,ケアマネジャー・居宅介護支援,相談",介護サービスの計画作成や事業所調整を行う相談先です。退院後の生活準備で重要です。,https://www.google.com/search?q=%E8%8D%89%E8%8F%B4%E5%B1%85%E5%AE%85%E4%BB%8B%E8%AD%B7%E6%94%AF%E6%8F%B4%E4%BA%8B%E6%A5%AD%E6%89%80%20%E5%BC%98%E5%89%8D%E5%B8%82,青森県弘前市大字稲田２丁目１１－１９,0172-27-7221,厚生労働省オープンデータ,https://www.mhlw.go.jp/content/12300000/jigyosho_430.csv,2025-12末,https://www.google.com/search?q=%E8%8D%89%E8%8F%B4%E5%B1%85%E5%AE%85%E4%BB%8B%E8%AD%B7%E6%94%AF%E6%8F%B4%E4%BA%8B%E6%A5%AD%E6%89%80%20%E5%BC%98%E5%89%8D%E5%B8%82
居宅介護支援事業所　ウエルパーク,ケアマネジャー・居宅介護支援,青森県,弘前市,"介護,ケアマネジャー・居宅介護支援,相談",介護サービスの計画作成や事業所調整を行う相談先です。退院後の生活準備で重要です。,https://www.google.com/search?q=%E5%B1%85%E5%AE%85%E4%BB%8B%E8%AD%B7%E6%94%AF%E6%8F%B4%E4%BA%8B%E6%A5%AD%E6%89%80%E3%80%80%E3%82%A6%E3%82%A8%E3%83%AB%E3%83%91%E3%83%BC%E3%82%AF%20%E5%BC%98%E5%89%8D%E5%B8%82,青森県弘前市大字福田字巻屋25番地８,0172-29-4163,厚生労働省オープンデータ,https://www.mhlw.go.jp/content/12300000/jigyosho_430.csv,2025-12末,https://www.google.com/search?q=%E5%B1%85%E5%AE%85%E4%BB%8B%E8%AD%B7%E6%94%AF%E6%8F%B4%E4%BA%8B%E6%A5%AD%E6%89%80%E3%80%80%E3%82%A6%E3%82%A8%E3%83%AB%E3%83%91%E3%83%BC%E3%82%AF%20%E5%BC%98%E5%89%8D%E5%B8%82
居宅介護支援事業所　ふれあい温泉,ケアマネジャー・居宅介護支援,青森県,弘前市,"介護,ケアマネジャー・居宅介護支援,相談",介護サービスの計画作成や事業所調整を行う相談先です。退院後の生活準備で重要です。,http://www.kouaikai.com,弘前市大字旭ヶ丘二丁目6番地４,0172-31-8011,厚生労働省オープンデータ,https://www.mhlw.go.jp/content/12300000/jigyosho_430.csv,2025-12末,https://www.google.com/search?q=%E5%B1%85%E5%AE%85%E4%BB%8B%E8%AD%B7%E6%94%AF%E6%8F%B4%E4%BA%8B%E6%A5%AD%E6%89%80%E3%80%80%E3%81%B5%E3%82%8C%E3%81%82%E3%81%84%E6%B8%A9%E6%B3%89%20%E5%BC%98%E5%89%8D%E5%B8%82
居宅介護支援事業所城西,ケアマネジャー・居宅介護支援,青森県,弘前市,"介護,ケアマネジャー・居宅介護支援,相談",介護サービスの計画作成や事業所調整を行う相談先です。退院後の生活準備で重要です。,http:www.tsugaru-sanwakai.ai.oy.jp/,青森県弘前市大字茜町二丁目1番地18,0172-31-4544,厚生労働省オープンデータ,https://www.mhlw.go.jp/content/12300000/jigyosho_430.csv,2025-12末,https://www.google.com/search?q=%E5%B1%85%E5%AE%85%E4%BB%8B%E8%AD%B7%E6%94%AF%E6%8F%B4%E4%BA%8B%E6%A5%AD%E6%89%80%E5%9F%8E%E8%A5%BF%20%E5%BC%98%E5%89%8D%E5%B8%82
バンドーウエルフェアグループ株式会社　ケアプランセンターバンドー,ケアマネジャー・居宅介護支援,青森県,弘前市,"介護,ケアマネジャー・居宅介護支援,相談",介護サービスの計画作成や事業所調整を行う相談先です。退院後の生活準備で重要です。,http：//www.bwfg.co.jp/,青森県弘前市西城北２丁目６－３,0172-31-1526,厚生労働省オープンデータ,https://www.mhlw.go.jp/content/12300000/jigyosho_430.csv,2025-12末,https://www.google.com/search?q=%E3%83%90%E3%83%B3%E3%83%89%E3%83%BC%E3%82%A6%E3%82%A8%E3%83%AB%E3%83%95%E3%82%A7%E3%82%A2%E3%82%B0%E3%83%AB%E3%83%BC%E3%83%97%E6%A0%AA%E5%BC%8F%E4%BC%9A%E7%A4%BE%E3%80%80%E3%82%B1%E3%82%A2%E3%83%97%E3%83%A9%E3%83%B3%E3%82%BB%E3%83%B3%E3%82%BF%E3%83%BC%E3%83%90%E3%83%B3%E3%83%89%E3%83%BC%20%E5%BC%98%E5%89%8D%E5%B8%82
居宅介護支援事業所えんむすび,ケアマネジャー・居宅介護支援,青森県,弘前市,"介護,ケアマネジャー・居宅介護支援,相談",介護サービスの計画作成や事業所調整を行う相談先です。退院後の生活準備で重要です。,http://www.enmusubi-kaigo.jp,青森県弘前市大字狼森字天王23番地15,0172-87-5000,厚生労働省オープンデータ,https://www.mhlw.go.jp/content/12300000/jigyosho_430.csv,2025-12末,https://www.google.com/search?q=%E5%B1%85%E5%AE%85%E4%BB%8B%E8%AD%B7%E6%94%AF%E6%8F%B4%E4%BA%8B%E6%A5%AD%E6%89%80%E3%81%88%E3%82%93%E3%82%80%E3%81%99%E3%81%B3%20%E5%BC%98%E5%89%8D%E5%B8%82
居宅介護支援事業所　高舘山温泉,ケアマネジャー・居宅介護支援,青森県,弘前市,"介護,ケアマネジャー・居宅介護支援,相談",介護サービスの計画作成や事業所調整を行う相談先です。退院後の生活準備で重要です。,http://zenseikai.com/,青森県弘前市大字五代字沼田１３－５,0172-82-3337,厚生労働省オープンデータ,https://www.mhlw.go.jp/content/12300000/jigyosho_430.csv,2025-12末,https://www.google.com/search?q=%E5%B1%85%E5%AE%85%E4%BB%8B%E8%AD%B7%E6%94%AF%E6%8F%B4%E4%BA%8B%E6%A5%AD%E6%89%80%E3%80%80%E9%AB%98%E8%88%98%E5%B1%B1%E6%B8%A9%E6%B3%89%20%E5%BC%98%E5%89%8D%E5%B8%82
おうよう園介護相談センター,ケアマネジャー・居宅介護支援,青森県,弘前市,"介護,ケアマネジャー・居宅介護支援,相談",介護サービスの計画作成や事業所調整を行う相談先です。退院後の生活準備で重要です。,http://www.oyoen.com,青森県弘前市山崎３丁目６－１,0172-88-5825,厚生労働省オープンデータ,https://www.mhlw.go.jp/content/12300000/jigyosho_430.csv,2025-12末,https://www.google.com/search?q=%E3%81%8A%E3%81%86%E3%82%88%E3%81%86%E5%9C%92%E4%BB%8B%E8%AD%B7%E7%9B%B8%E8%AB%87%E3%82%BB%E3%83%B3%E3%82%BF%E3%83%BC%20%E5%BC%98%E5%89%8D%E5%B8%82
居宅介護支援事業所なごみの里ひろさき,ケアマネジャー・居宅介護支援,青森県,弘前市,"介護,ケアマネジャー・居宅介護支援,相談",介護サービスの計画作成や事業所調整を行う相談先です。退院後の生活準備で重要です。,https://www.google.com/search?q=%E5%B1%85%E5%AE%85%E4%BB%8B%E8%AD%B7%E6%94%AF%E6%8F%B4%E4%BA%8B%E6%A5%AD%E6%89%80%E3%81%AA%E3%81%94%E3%81%BF%E3%81%AE%E9%87%8C%E3%81%B2%E3%82%8D%E3%81%95%E3%81%8D%20%E5%BC%98%E5%89%8D%E5%B8%82,青森県弘前市大字五代字早稲田507-7,0172-40-4467,厚生労働省オープンデータ,https://www.mhlw.go.jp/content/12300000/jigyosho_430.csv,2025-12末,https://www.google.com/search?q=%E5%B1%85%E5%AE%85%E4%BB%8B%E8%AD%B7%E6%94%AF%E6%8F%B4%E4%BA%8B%E6%A5%AD%E6%89%80%E3%81%AA%E3%81%94%E3%81%BF%E3%81%AE%E9%87%8C%E3%81%B2%E3%82%8D%E3%81%95%E3%81%8D%20%E5%BC%98%E5%89%8D%E5%B8%82
ライフIWAKI,ケアマネジャー・居宅介護支援,青森県,弘前市,"介護,ケアマネジャー・居宅介護支援,相談",介護サービスの計画作成や事業所調整を行う相談先です。退院後の生活準備で重要です。,https://www.google.com/search?q=%E3%83%A9%E3%82%A4%E3%83%95IWAKI%20%E5%BC%98%E5%89%8D%E5%B8%82,青森県弘前市大字松原西３丁目7-20,0172-87-1171,厚生労働省オープンデータ,https://www.mhlw.go.jp/content/12300000/jigyosho_430.csv,2025-12末,https://www.google.com/search?q=%E3%83%A9%E3%82%A4%E3%83%95IWAKI%20%E5%BC%98%E5%89%8D%E5%B8%82
居宅介護支援センター　みのり,ケアマネジャー・居宅介護支援,青森県,弘前市,"介護,ケアマネジャー・居宅介護支援,相談",介護サービスの計画作成や事業所調整を行う相談先です。退院後の生活準備で重要です。,http://www.aura-group.jp/,青森県弘前市五所字里見124シニアガーデンさとみ,0172-88-6715,厚生労働省オープンデータ,https://www.mhlw.go.jp/content/12300000/jigyosho_430.csv,2025-12末,https://www.google.com/search?q=%E5%B1%85%E5%AE%85%E4%BB%8B%E8%AD%B7%E6%94%AF%E6%8F%B4%E3%82%BB%E3%83%B3%E3%82%BF%E3%83%BC%E3%80%80%E3%81%BF%E3%81%AE%E3%82%8A%20%E5%BC%98%E5%89%8D%E5%B8%82
居宅介護支援事業所ひなたスマイル,ケアマネジャー・居宅介護支援,青森県,弘前市,"介護,ケアマネジャー・居宅介護支援,相談",介護サービスの計画作成や事業所調整を行う相談先です。退院後の生活準備で重要です。,http://www.jhd.ne.jp/,青森県弘前市大字青山二丁目1番地2,0172-33-8898,厚生労働省オープンデータ,https://www.mhlw.go.jp/content/12300000/jigyosho_430.csv,2025-12末,https://www.google.com/search?q=%E5%B1%85%E5%AE%85%E4%BB%8B%E8%AD%B7%E6%94%AF%E6%8F%B4%E4%BA%8B%E6%A5%AD%E6%89%80%E3%81%B2%E3%81%AA%E3%81%9F%E3%82%B9%E3%83%9E%E3%82%A4%E3%83%AB%20%E5%BC%98%E5%89%8D%E5%B8%82
居宅介護支援事業所　あおいもり,ケアマネジャー・居宅介護支援,青森県,弘前市,"介護,ケアマネジャー・居宅介護支援,相談",介護サービスの計画作成や事業所調整を行う相談先です。退院後の生活準備で重要です。,http://aoimorinet.web.fc2.com/index.html,青森県弘前市大字末広二丁目4-3,0172-40-2763,厚生労働省オープンデータ,https://www.mhlw.go.jp/content/12300000/jigyosho_430.csv,2025-12末,https://www.google.com/search?q=%E5%B1%85%E5%AE%85%E4%BB%8B%E8%AD%B7%E6%94%AF%E6%8F%B4%E4%BA%8B%E6%A5%AD%E6%89%80%E3%80%80%E3%81%82%E3%81%8A%E3%81%84%E3%82%82%E3%82%8A%20%E5%BC%98%E5%89%8D%E5%B8%82
伸栄会,ケアマネジャー・居宅介護支援,青森県,弘前市,"介護,ケアマネジャー・居宅介護支援,相談",介護サービスの計画作成や事業所調整を行う相談先です。退院後の生活準備で重要です。,https://www.google.com/search?q=%E4%BC%B8%E6%A0%84%E4%BC%9A%20%E5%BC%98%E5%89%8D%E5%B8%82,青森県弘前市大字広野二丁目28番地2,0172-55-8686,厚生労働省オープンデータ,https://www.mhlw.go.jp/content/12300000/jigyosho_430.csv,2025-12末,https://www.google.com/search?q=%E4%BC%B8%E6%A0%84%E4%BC%9A%20%E5%BC%98%E5%89%8D%E5%B8%82
居宅介護支援事業所　寿楽,ケアマネジャー・居宅介護支援,青森県,弘前市,"介護,ケアマネジャー・居宅介護支援,相談",介護サービスの計画作成や事業所調整を行う相談先です。退院後の生活準備で重要です。,https://www.google.com/search?q=%E5%B1%85%E5%AE%85%E4%BB%8B%E8%AD%B7%E6%94%AF%E6%8F%B4%E4%BA%8B%E6%A5%AD%E6%89%80%E3%80%80%E5%AF%BF%E6%A5%BD%20%E5%BC%98%E5%89%8D%E5%B8%82,弘前市大字城東中央一丁目２番地１０,0172-26-2270,厚生労働省オープンデータ,https://www.mhlw.go.jp/content/12300000/jigyosho_430.csv,2025-12末,https://www.google.com/search?q=%E5%B1%85%E5%AE%85%E4%BB%8B%E8%AD%B7%E6%94%AF%E6%8F%B4%E4%BA%8B%E6%A5%AD%E6%89%80%E3%80%80%E5%AF%BF%E6%A5%BD%20%E5%BC%98%E5%89%8D%E5%B8%82
ひのき居宅介護支援センター,ケアマネジャー・居宅介護支援,青森県,弘前市,"介護,ケアマネジャー・居宅介護支援,相談",介護サービスの計画作成や事業所調整を行う相談先です。退院後の生活準備で重要です。,https://houju-a.com,弘前市大字湯口字一ノ細川40-9,0172-55-5165,厚生労働省オープンデータ,https://www.mhlw.go.jp/content/12300000/jigyosho_430.csv,2025-12末,https://www.google.com/search?q=%E3%81%B2%E3%81%AE%E3%81%8D%E5%B1%85%E5%AE%85%E4%BB%8B%E8%AD%B7%E6%94%AF%E6%8F%B4%E3%82%BB%E3%83%B3%E3%82%BF%E3%83%BC%20%E5%BC%98%E5%89%8D%E5%B8%82
居宅介護支援事業所　北斗桜ヶ丘,ケアマネジャー・居宅介護支援,青森県,弘前市,"介護,ケアマネジャー・居宅介護支援,相談",介護サービスの計画作成や事業所調整を行う相談先です。退院後の生活準備で重要です。,https://www.google.com/search?q=%E5%B1%85%E5%AE%85%E4%BB%8B%E8%AD%B7%E6%94%AF%E6%8F%B4%E4%BA%8B%E6%A5%AD%E6%89%80%E3%80%80%E5%8C%97%E6%96%97%E6%A1%9C%E3%83%B6%E4%B8%98%20%E5%BC%98%E5%89%8D%E5%B8%82,青森県弘前市桜ヶ丘四丁目１番地５,0172-87-9471,厚生労働省オープンデータ,https://www.mhlw.go.jp/content/12300000/jigyosho_430.csv,2025-12末,https://www.google.com/search?q=%E5%B1%85%E5%AE%85%E4%BB%8B%E8%AD%B7%E6%94%AF%E6%8F%B4%E4%BA%8B%E6%A5%AD%E6%89%80%E3%80%80%E5%8C%97%E6%96%97%E6%A1%9C%E3%83%B6%E4%B8%98%20%E5%BC%98%E5%89%8D%E5%B8%82
Ｍ＆Ｃサービスステーション,ケアマネジャー・居宅介護支援,青森県,弘前市,"介護,ケアマネジャー・居宅介護支援,相談",介護サービスの計画作成や事業所調整を行う相談先です。退院後の生活準備で重要です。,https://www.google.com/search?q=%EF%BC%AD%EF%BC%86%EF%BC%A3%E3%82%B5%E3%83%BC%E3%83%93%E3%82%B9%E3%82%B9%E3%83%86%E3%83%BC%E3%82%B7%E3%83%A7%E3%83%B3%20%E5%BC%98%E5%89%8D%E5%B8%82,青森県弘前市大字福村字新舘添22番地2,0172-29-5000,厚生労働省オープンデータ,https://www.mhlw.go.jp/content/12300000/jigyosho_430.csv,2025-12末,https://www.google.com/search?q=%EF%BC%AD%EF%BC%86%EF%BC%A3%E3%82%B5%E3%83%BC%E3%83%93%E3%82%B9%E3%82%B9%E3%83%86%E3%83%BC%E3%82%B7%E3%83%A7%E3%83%B3%20%E5%BC%98%E5%89%8D%E5%B8%82
フレディ居宅介護支援事業所,ケアマネジャー・居宅介護支援,青森県,弘前市,"介護,ケアマネジャー・居宅介護支援,相談",介護サービスの計画作成や事業所調整を行う相談先です。退院後の生活準備で重要です。,fredy2015.com,青森県弘前市大字黒滝字ニノ川瀬１－１２,0172-31-3235,厚生労働省オープンデータ,https://www.mhlw.go.jp/content/12300000/jigyosho_430.csv,2025-12末,https://www.google.com/search?q=%E3%83%95%E3%83%AC%E3%83%87%E3%82%A3%E5%B1%85%E5%AE%85%E4%BB%8B%E8%AD%B7%E6%94%AF%E6%8F%B4%E4%BA%8B%E6%A5%AD%E6%89%80%20%E5%BC%98%E5%89%8D%E5%B8%82
津軽保健生活協同組合　健生介護センター虹居宅介護支援事業所,ケアマネジャー・居宅介護支援,青森県,弘前市,"介護,ケアマネジャー・居宅介護支援,相談",介護サービスの計画作成や事業所調整を行う相談先です。退院後の生活準備で重要です。,https://www.google.com/search?q=%E6%B4%A5%E8%BB%BD%E4%BF%9D%E5%81%A5%E7%94%9F%E6%B4%BB%E5%8D%94%E5%90%8C%E7%B5%84%E5%90%88%E3%80%80%E5%81%A5%E7%94%9F%E4%BB%8B%E8%AD%B7%E3%82%BB%E3%83%B3%E3%82%BF%E3%83%BC%E8%99%B9%E5%B1%85%E5%AE%85%E4%BB%8B%E8%AD%B7%E6%94%AF%E6%8F%B4%E4%BA%8B%E6%A5%AD%E6%89%80%20%E5%BC%98%E5%89%8D%E5%B8%82,青森県弘前市大字向外瀬字豊田292-1,0172-40-3256,厚生労働省オープンデータ,https://www.mhlw.go.jp/content/12300000/jigyosho_430.csv,2025-12末,https://www.google.com/search?q=%E6%B4%A5%E8%BB%BD%E4%BF%9D%E5%81%A5%E7%94%9F%E6%B4%BB%E5%8D%94%E5%90%8C%E7%B5%84%E5%90%88%E3%80%80%E5%81%A5%E7%94%9F%E4%BB%8B%E8%AD%B7%E3%82%BB%E3%83%B3%E3%82%BF%E3%83%BC%E8%99%B9%E5%B1%85%E5%AE%85%E4%BB%8B%E8%AD%B7%E6%94%AF%E6%8F%B4%E4%BA%8B%E6%A5%AD%E6%89%80%20%E5%BC%98%E5%89%8D%E5%B8%82
ろうかつプランセンター,ケアマネジャー・居宅介護支援,青森県,弘前市,"介護,ケアマネジャー・居宅介護支援,相談",介護サービスの計画作成や事業所調整を行う相談先です。退院後の生活準備で重要です。,https://www.google.com/search?q=%E3%82%8D%E3%81%86%E3%81%8B%E3%81%A4%E3%83%97%E3%83%A9%E3%83%B3%E3%82%BB%E3%83%B3%E3%82%BF%E3%83%BC%20%E5%BC%98%E5%89%8D%E5%B8%82,青森県弘前市大字中野５丁目８－１３,0172-55-5262,厚生労働省オープンデータ,https://www.mhlw.go.jp/content/12300000/jigyosho_430.csv,2025-12末,https://www.google.com/search?q=%E3%82%8D%E3%81%86%E3%81%8B%E3%81%A4%E3%83%97%E3%83%A9%E3%83%B3%E3%82%BB%E3%83%B3%E3%82%BF%E3%83%BC%20%E5%BC%98%E5%89%8D%E5%B8%82
居宅介護支援事業所ファルマ,ケアマネジャー・居宅介護支援,青森県,弘前市,"介護,ケアマネジャー・居宅介護支援,相談",介護サービスの計画作成や事業所調整を行う相談先です。退院後の生活準備で重要です。,https://www.pharmaizm.co.jp/,青森県弘前市大字北横町19番地1,0172-40-0119,厚生労働省オープンデータ,https://www.mhlw.go.jp/content/12300000/jigyosho_430.csv,2025-12末,https://www.google.com/search?q=%E5%B1%85%E5%AE%85%E4%BB%8B%E8%AD%B7%E6%94%AF%E6%8F%B4%E4%BA%8B%E6%A5%AD%E6%89%80%E3%83%95%E3%82%A1%E3%83%AB%E3%83%9E%20%E5%BC%98%E5%89%8D%E5%B8%82
可なう介護,ケアマネジャー・居宅介護支援,青森県,弘前市,"介護,ケアマネジャー・居宅介護支援,相談",介護サービスの計画作成や事業所調整を行う相談先です。退院後の生活準備で重要です。,https://www.google.com/search?q=%E5%8F%AF%E3%81%AA%E3%81%86%E4%BB%8B%E8%AD%B7%20%E5%BC%98%E5%89%8D%E5%B8%82,青森県弘前市大字末広二丁目5番地10,0172-27-0467,厚生労働省オープンデータ,https://www.mhlw.go.jp/content/12300000/jigyosho_430.csv,2025-12末,https://www.google.com/search?q=%E5%8F%AF%E3%81%AA%E3%81%86%E4%BB%8B%E8%AD%B7%20%E5%BC%98%E5%89%8D%E5%B8%82
居宅介護支援センターナーシングホーム弘前,ケアマネジャー・居宅介護支援,青森県,弘前市,"介護,ケアマネジャー・居宅介護支援,相談",介護サービスの計画作成や事業所調整を行う相談先です。退院後の生活準備で重要です。,https://heisei-ie.jp/,青森県弘前市石渡４－１３－１８,0172-55-6361,厚生労働省オープンデータ,https://www.mhlw.go.jp/content/12300000/jigyosho_430.csv,2025-12末,https://www.google.com/search?q=%E5%B1%85%E5%AE%85%E4%BB%8B%E8%AD%B7%E6%94%AF%E6%8F%B4%E3%82%BB%E3%83%B3%E3%82%BF%E3%83%BC%E3%83%8A%E3%83%BC%E3%82%B7%E3%83%B3%E3%82%B0%E3%83%9B%E3%83%BC%E3%83%A0%E5%BC%98%E5%89%8D%20%E5%BC%98%E5%89%8D%E5%B8%82
居宅介護支援事業所ゆとり,ケアマネジャー・居宅介護支援,青森県,弘前市,"介護,ケアマネジャー・居宅介護支援,相談",介護サービスの計画作成や事業所調整を行う相談先です。退院後の生活準備で重要です。,https://yuttorigroup.1net.jp,青森県弘前市大字高屋字本宮５１９－１住宅型有料老人ホームゆとり,０１７２－８２－３８３８,厚生労働省オープンデータ,https://www.mhlw.go.jp/content/12300000/jigyosho_430.csv,2025-12末,https://www.google.com/search?q=%E5%B1%85%E5%AE%85%E4%BB%8B%E8%AD%B7%E6%94%AF%E6%8F%B4%E4%BA%8B%E6%A5%AD%E6%89%80%E3%82%86%E3%81%A8%E3%82%8A%20%E5%BC%98%E5%89%8D%E5%B8%82
居宅介護支援事業所ポム,ケアマネジャー・居宅介護支援,青森県,弘前市,"介護,ケアマネジャー・居宅介護支援,相談",介護サービスの計画作成や事業所調整を行う相談先です。退院後の生活準備で重要です。,https://www.google.com/search?q=%E5%B1%85%E5%AE%85%E4%BB%8B%E8%AD%B7%E6%94%AF%E6%8F%B4%E4%BA%8B%E6%A5%AD%E6%89%80%E3%83%9D%E3%83%A0%20%E5%BC%98%E5%89%8D%E5%B8%82,青森県弘前市大字山崎一丁目4-2山崎齊藤住宅8号,0172-78-3238,厚生労働省オープンデータ,https://www.mhlw.go.jp/content/12300000/jigyosho_430.csv,2025-12末,https://www.google.com/search?q=%E5%B1%85%E5%AE%85%E4%BB%8B%E8%AD%B7%E6%94%AF%E6%8F%B4%E4%BA%8B%E6%A5%AD%E6%89%80%E3%83%9D%E3%83%A0%20%E5%BC%98%E5%89%8D%E5%B8%82
居宅介護支援事業所　日和,ケアマネジャー・居宅介護支援,青森県,弘前市,"介護,ケアマネジャー・居宅介護支援,相談",介護サービスの計画作成や事業所調整を行う相談先です。退院後の生活準備で重要です。,https://www.google.com/search?q=%E5%B1%85%E5%AE%85%E4%BB%8B%E8%AD%B7%E6%94%AF%E6%8F%B4%E4%BA%8B%E6%A5%AD%E6%89%80%E3%80%80%E6%97%A5%E5%92%8C%20%E5%BC%98%E5%89%8D%E5%B8%82,青森県弘前市葛原字大柳167-1,0172-55-8512,厚生労働省オープンデータ,https://www.mhlw.go.jp/content/12300000/jigyosho_430.csv,2025-12末,https://www.google.com/search?q=%E5%B1%85%E5%AE%85%E4%BB%8B%E8%AD%B7%E6%94%AF%E6%8F%B4%E4%BA%8B%E6%A5%AD%E6%89%80%E3%80%80%E6%97%A5%E5%92%8C%20%E5%BC%98%E5%89%8D%E5%B8%82
居宅介護支援事業所レジェロ,ケアマネジャー・居宅介護支援,青森県,弘前市,"介護,ケアマネジャー・居宅介護支援,相談",介護サービスの計画作成や事業所調整を行う相談先です。退院後の生活準備で重要です。,https://www.google.com/search?q=%E5%B1%85%E5%AE%85%E4%BB%8B%E8%AD%B7%E6%94%AF%E6%8F%B4%E4%BA%8B%E6%A5%AD%E6%89%80%E3%83%AC%E3%82%B8%E3%82%A7%E3%83%AD%20%E5%BC%98%E5%89%8D%E5%B8%82,青森県弘前市中野5丁目25-1,0172-88-5341,厚生労働省オープンデータ,https://www.mhlw.go.jp/content/12300000/jigyosho_430.csv,2025-12末,https://www.google.com/search?q=%E5%B1%85%E5%AE%85%E4%BB%8B%E8%AD%B7%E6%94%AF%E6%8F%B4%E4%BA%8B%E6%A5%AD%E6%89%80%E3%83%AC%E3%82%B8%E3%82%A7%E3%83%AD%20%E5%BC%98%E5%89%8D%E5%B8%82
つながる弘前,ケアマネジャー・居宅介護支援,青森県,弘前市,"介護,ケアマネジャー・居宅介護支援,相談",介護サービスの計画作成や事業所調整を行う相談先です。退院後の生活準備で重要です。,https://www.google.com/search?q=%E3%81%A4%E3%81%AA%E3%81%8C%E3%82%8B%E5%BC%98%E5%89%8D%20%E5%BC%98%E5%89%8D%E5%B8%82,青森県弘前市大字高田３丁目７－６,0172-26-8153,厚生労働省オープンデータ,https://www.mhlw.go.jp/content/12300000/jigyosho_430.csv,2025-12末,https://www.google.com/search?q=%E3%81%A4%E3%81%AA%E3%81%8C%E3%82%8B%E5%BC%98%E5%89%8D%20%E5%BC%98%E5%89%8D%E5%B8%82
居宅介護支援事業所なかさん,ケアマネジャー・居宅介護支援,青森県,弘前市,"介護,ケアマネジャー・居宅介護支援,相談",介護サービスの計画作成や事業所調整を行う相談先です。退院後の生活準備で重要です。,https://www.google.com/search?q=%E5%B1%85%E5%AE%85%E4%BB%8B%E8%AD%B7%E6%94%AF%E6%8F%B4%E4%BA%8B%E6%A5%AD%E6%89%80%E3%81%AA%E3%81%8B%E3%81%95%E3%82%93%20%E5%BC%98%E5%89%8D%E5%B8%82,青森県弘前市大字湯口字一ノ細川40番地5,090-2952-5767,厚生労働省オープンデータ,https://www.mhlw.go.jp/content/12300000/jigyosho_430.csv,2025-12末,https://www.google.com/search?q=%E5%B1%85%E5%AE%85%E4%BB%8B%E8%AD%B7%E6%94%AF%E6%8F%B4%E4%BA%8B%E6%A5%AD%E6%89%80%E3%81%AA%E3%81%8B%E3%81%95%E3%82%93%20%E5%BC%98%E5%89%8D%E5%B8%82
もりの灯台　居宅介護支援事業所,ケアマネジャー・居宅介護支援,青森県,弘前市,"介護,ケアマネジャー・居宅介護支援,相談",介護サービスの計画作成や事業所調整を行う相談先です。退院後の生活準備で重要です。,https://www.google.com/search?q=%E3%82%82%E3%82%8A%E3%81%AE%E7%81%AF%E5%8F%B0%E3%80%80%E5%B1%85%E5%AE%85%E4%BB%8B%E8%AD%B7%E6%94%AF%E6%8F%B4%E4%BA%8B%E6%A5%AD%E6%89%80%20%E5%BC%98%E5%89%8D%E5%B8%82,青森県弘前市富栄字平岡36‐2,0172-96-2423,厚生労働省オープンデータ,https://www.mhlw.go.jp/content/12300000/jigyosho_430.csv,2025-12末,https://www.google.com/search?q=%E3%82%82%E3%82%8A%E3%81%AE%E7%81%AF%E5%8F%B0%E3%80%80%E5%B1%85%E5%AE%85%E4%BB%8B%E8%AD%B7%E6%94%AF%E6%8F%B4%E4%BA%8B%E6%A5%AD%E6%89%80%20%E5%BC%98%E5%89%8D%E5%B8%82
医心館居宅介護支援事業所弘前,ケアマネジャー・居宅介護支援,青森県,弘前市,"介護,ケアマネジャー・居宅介護支援,相談",介護サービスの計画作成や事業所調整を行う相談先です。退院後の生活準備で重要です。,https://www.google.com/search?q=%E5%8C%BB%E5%BF%83%E9%A4%A8%E5%B1%85%E5%AE%85%E4%BB%8B%E8%AD%B7%E6%94%AF%E6%8F%B4%E4%BA%8B%E6%A5%AD%E6%89%80%E5%BC%98%E5%89%8D%20%E5%BC%98%E5%89%8D%E5%B8%82,青森県弘前市大字外崎４丁目２－３,0172-26-6502,厚生労働省オープンデータ,https://www.mhlw.go.jp/content/12300000/jigyosho_430.csv,2025-12末,https://www.google.com/search?q=%E5%8C%BB%E5%BF%83%E9%A4%A8%E5%B1%85%E5%AE%85%E4%BB%8B%E8%AD%B7%E6%94%AF%E6%8F%B4%E4%BA%8B%E6%A5%AD%E6%89%80%E5%BC%98%E5%89%8D%20%E5%BC%98%E5%89%8D%E5%B8%82
居宅介護支援事業所いずみの,ケアマネジャー・居宅介護支援,青森県,弘前市,"介護,ケアマネジャー・居宅介護支援,相談",介護サービスの計画作成や事業所調整を行う相談先です。退院後の生活準備で重要です。,https://www.google.com/search?q=%E5%B1%85%E5%AE%85%E4%BB%8B%E8%AD%B7%E6%94%AF%E6%8F%B4%E4%BA%8B%E6%A5%AD%E6%89%80%E3%81%84%E3%81%9A%E3%81%BF%E3%81%AE%20%E5%BC%98%E5%89%8D%E5%B8%82,青森県弘前市大字泉野四丁目２‐１１,0172-55-0645,厚生労働省オープンデータ,https://www.mhlw.go.jp/content/12300000/jigyosho_430.csv,2025-12末,https://www.google.com/search?q=%E5%B1%85%E5%AE%85%E4%BB%8B%E8%AD%B7%E6%94%AF%E6%8F%B4%E4%BA%8B%E6%A5%AD%E6%89%80%E3%81%84%E3%81%9A%E3%81%BF%E3%81%AE%20%E5%BC%98%E5%89%8D%E5%B8%82
鳥井野荘居宅介護支援センター,ケアマネジャー・居宅介護支援,青森県,弘前市,"介護,ケアマネジャー・居宅介護支援,相談",介護サービスの計画作成や事業所調整を行う相談先です。退院後の生活準備で重要です。,https://www.google.com/search?q=%E9%B3%A5%E4%BA%95%E9%87%8E%E8%8D%98%E5%B1%85%E5%AE%85%E4%BB%8B%E8%AD%B7%E6%94%AF%E6%8F%B4%E3%82%BB%E3%83%B3%E3%82%BF%E3%83%BC%20%E5%BC%98%E5%89%8D%E5%B8%82,弘前市大字鳥井野字長田265番地,0172-82-1133,厚生労働省オープンデータ,https://www.mhlw.go.jp/content/12300000/jigyosho_430.csv,2025-12末,https://www.google.com/search?q=%E9%B3%A5%E4%BA%95%E9%87%8E%E8%8D%98%E5%B1%85%E5%AE%85%E4%BB%8B%E8%AD%B7%E6%94%AF%E6%8F%B4%E3%82%BB%E3%83%B3%E3%82%BF%E3%83%BC%20%E5%BC%98%E5%89%8D%E5%B8%82
長慶苑ケアプランセンター,ケアマネジャー・居宅介護支援,青森県,弘前市,"介護,ケアマネジャー・居宅介護支援,相談",介護サービスの計画作成や事業所調整を行う相談先です。退院後の生活準備で重要です。,http:///www.choukeien.or.jp/,青森県弘前市坂市字亀田53-3,0172-84-1010,厚生労働省オープンデータ,https://www.mhlw.go.jp/content/12300000/jigyosho_430.csv,2025-12末,https://www.google.com/search?q=%E9%95%B7%E6%85%B6%E8%8B%91%E3%82%B1%E3%82%A2%E3%83%97%E3%83%A9%E3%83%B3%E3%82%BB%E3%83%B3%E3%82%BF%E3%83%BC%20%E5%BC%98%E5%89%8D%E5%B8%82
株式会社大与居宅介護支援事業所,ケアマネジャー・居宅介護支援,青森県,弘前市,"介護,ケアマネジャー・居宅介護支援,相談",介護サービスの計画作成や事業所調整を行う相談先です。退院後の生活準備で重要です。,https://kk-daiyo.jp/,青森県弘前市大字高屋字本宮480番地4,0172-82-6720,厚生労働省オープンデータ,https://www.mhlw.go.jp/content/12300000/jigyosho_430.csv,2025-12末,https://www.google.com/search?q=%E6%A0%AA%E5%BC%8F%E4%BC%9A%E7%A4%BE%E5%A4%A7%E4%B8%8E%E5%B1%85%E5%AE%85%E4%BB%8B%E8%AD%B7%E6%94%AF%E6%8F%B4%E4%BA%8B%E6%A5%AD%E6%89%80%20%E5%BC%98%E5%89%8D%E5%B8%82
医療法人仙知会　居宅介護支援事業所,ケアマネジャー・居宅介護支援,青森県,弘前市,"介護,ケアマネジャー・居宅介護支援,相談",介護サービスの計画作成や事業所調整を行う相談先です。退院後の生活準備で重要です。,https://senchikai.jp/,青森県弘前市大字高屋字本宮480-4,0172-82-3248,厚生労働省オープンデータ,https://www.mhlw.go.jp/content/12300000/jigyosho_430.csv,2025-12末,https://www.google.com/search?q=%E5%8C%BB%E7%99%82%E6%B3%95%E4%BA%BA%E4%BB%99%E7%9F%A5%E4%BC%9A%E3%80%80%E5%B1%85%E5%AE%85%E4%BB%8B%E8%AD%B7%E6%94%AF%E6%8F%B4%E4%BA%8B%E6%A5%AD%E6%89%80%20%E5%BC%98%E5%89%8D%E5%B8%82
居宅介護支援事業所　ピノカーサ岩木,ケアマネジャー・居宅介護支援,青森県,弘前市,"介護,ケアマネジャー・居宅介護支援,相談",介護サービスの計画作成や事業所調整を行う相談先です。退院後の生活準備で重要です。,https://gakuyokai.jp,青森県弘前市大字五代字田屋敷240番地1,0172-82-1515,厚生労働省オープンデータ,https://www.mhlw.go.jp/content/12300000/jigyosho_430.csv,2025-12末,https://www.google.com/search?q=%E5%B1%85%E5%AE%85%E4%BB%8B%E8%AD%B7%E6%94%AF%E6%8F%B4%E4%BA%8B%E6%A5%AD%E6%89%80%E3%80%80%E3%83%94%E3%83%8E%E3%82%AB%E3%83%BC%E3%82%B5%E5%B2%A9%E6%9C%A8%20%E5%BC%98%E5%89%8D%E5%B8%82
みやぎ居宅介護支援事業所,ケアマネジャー・居宅介護支援,青森県,八戸市,"介護,ケアマネジャー・居宅介護支援,相談",介護サービスの計画作成や事業所調整を行う相談先です。退院後の生活準備で重要です。,http://www.sg-miyagikai.jp/,青森県八戸市売市字観音下3-2,0178-71-2272,厚生労働省オープンデータ,https://www.mhlw.go.jp/content/12300000/jigyosho_430.csv,2025-12末,https://www.google.com/search?q=%E3%81%BF%E3%82%84%E3%81%8E%E5%B1%85%E5%AE%85%E4%BB%8B%E8%AD%B7%E6%94%AF%E6%8F%B4%E4%BA%8B%E6%A5%AD%E6%89%80%20%E5%85%AB%E6%88%B8%E5%B8%82
一般社団法人八戸市医師会　八戸市医師会在宅介護支援センター,ケアマネジャー・居宅介護支援,青森県,八戸市,"介護,ケアマネジャー・居宅介護支援,相談",介護サービスの計画作成や事業所調整を行う相談先です。退院後の生活準備で重要です。,https://zaikai.8kouryu.com,青森県八戸市柏崎六丁目26-1,0178-71-2251,厚生労働省オープンデータ,https://www.mhlw.go.jp/content/12300000/jigyosho_430.csv,2025-12末,https://www.google.com/search?q=%E4%B8%80%E8%88%AC%E7%A4%BE%E5%9B%A3%E6%B3%95%E4%BA%BA%E5%85%AB%E6%88%B8%E5%B8%82%E5%8C%BB%E5%B8%AB%E4%BC%9A%E3%80%80%E5%85%AB%E6%88%B8%E5%B8%82%E5%8C%BB%E5%B8%AB%E4%BC%9A%E5%9C%A8%E5%AE%85%E4%BB%8B%E8%AD%B7%E6%94%AF%E6%8F%B4%E3%82%BB%E3%83%B3%E3%82%BF%E3%83%BC%20%E5%85%AB%E6%88%B8%E5%B8%82
ケアプランセンター　しもなが,ケアマネジャー・居宅介護支援,青森県,八戸市,"介護,ケアマネジャー・居宅介護支援,相談",介護サービスの計画作成や事業所調整を行う相談先です。退院後の生活準備で重要です。,https://www.base-kaigo.com,八戸市下長3-5-3,0178-21-8175,厚生労働省オープンデータ,https://www.mhlw.go.jp/content/12300000/jigyosho_430.csv,2025-12末,https://www.google.com/search?q=%E3%82%B1%E3%82%A2%E3%83%97%E3%83%A9%E3%83%B3%E3%82%BB%E3%83%B3%E3%82%BF%E3%83%BC%E3%80%80%E3%81%97%E3%82%82%E3%81%AA%E3%81%8C%20%E5%85%AB%E6%88%B8%E5%B8%82
医心館居宅介護支援事業所八戸,ケアマネジャー・居宅介護支援,青森県,八戸市,"介護,ケアマネジャー・居宅介護支援,相談",介護サービスの計画作成や事業所調整を行う相談先です。退院後の生活準備で重要です。,https://www.google.com/search?q=%E5%8C%BB%E5%BF%83%E9%A4%A8%E5%B1%85%E5%AE%85%E4%BB%8B%E8%AD%B7%E6%94%AF%E6%8F%B4%E4%BA%8B%E6%A5%AD%E6%89%80%E5%85%AB%E6%88%B8%20%E5%85%AB%E6%88%B8%E5%B8%82,青森県八戸市田向五丁目12番1号,0178-38-7872,厚生労働省オープンデータ,https://www.mhlw.go.jp/content/12300000/jigyosho_430.csv,2025-12末,https://www.google.com/search?q=%E5%8C%BB%E5%BF%83%E9%A4%A8%E5%B1%85%E5%AE%85%E4%BB%8B%E8%AD%B7%E6%94%AF%E6%8F%B4%E4%BA%8B%E6%A5%AD%E6%89%80%E5%85%AB%E6%88%B8%20%E5%85%AB%E6%88%B8%E5%B8%82
居宅介護支援センター　クローバーズ・ピア,ケアマネジャー・居宅介護支援,青森県,八戸市,"介護,ケアマネジャー・居宅介護支援,相談",介護サービスの計画作成や事業所調整を行う相談先です。退院後の生活準備で重要です。,https://www.net-pier.org,青森県八戸市江陽二丁目１番３２号,0178-22-3992,厚生労働省オープンデータ,https://www.mhlw.go.jp/content/12300000/jigyosho_430.csv,2025-12末,https://www.google.com/search?q=%E5%B1%85%E5%AE%85%E4%BB%8B%E8%AD%B7%E6%94%AF%E6%8F%B4%E3%82%BB%E3%83%B3%E3%82%BF%E3%83%BC%E3%80%80%E3%82%AF%E3%83%AD%E3%83%BC%E3%83%90%E3%83%BC%E3%82%BA%E3%83%BB%E3%83%94%E3%82%A2%20%E5%85%AB%E6%88%B8%E5%B8%82
合同会社居宅介護支援センターしらはま,ケアマネジャー・居宅介護支援,青森県,八戸市,"介護,ケアマネジャー・居宅介護支援,相談",介護サービスの計画作成や事業所調整を行う相談先です。退院後の生活準備で重要です。,https://www.google.com/search?q=%E5%90%88%E5%90%8C%E4%BC%9A%E7%A4%BE%E5%B1%85%E5%AE%85%E4%BB%8B%E8%AD%B7%E6%94%AF%E6%8F%B4%E3%82%BB%E3%83%B3%E3%82%BF%E3%83%BC%E3%81%97%E3%82%89%E3%81%AF%E3%81%BE%20%E5%85%AB%E6%88%B8%E5%B8%82,青森県八戸市鮫町字妻ノ神１１－１,0178-39-3580,厚生労働省オープンデータ,https://www.mhlw.go.jp/content/12300000/jigyosho_430.csv,2025-12末,https://www.google.com/search?q=%E5%90%88%E5%90%8C%E4%BC%9A%E7%A4%BE%E5%B1%85%E5%AE%85%E4%BB%8B%E8%AD%B7%E6%94%AF%E6%8F%B4%E3%82%BB%E3%83%B3%E3%82%BF%E3%83%BC%E3%81%97%E3%82%89%E3%81%AF%E3%81%BE%20%E5%85%AB%E6%88%B8%E5%B8%82
居宅介護支援事業所　まる,ケアマネジャー・居宅介護支援,青森県,八戸市,"介護,ケアマネジャー・居宅介護支援,相談",介護サービスの計画作成や事業所調整を行う相談先です。退院後の生活準備で重要です。,https://www.facebook.com/ikedacarelab?ref=hl,大字長苗代字内舟渡73-3,0178-32-0098,厚生労働省オープンデータ,https://www.mhlw.go.jp/content/12300000/jigyosho_430.csv,2025-12末,https://www.google.com/search?q=%E5%B1%85%E5%AE%85%E4%BB%8B%E8%AD%B7%E6%94%AF%E6%8F%B4%E4%BA%8B%E6%A5%AD%E6%89%80%E3%80%80%E3%81%BE%E3%82%8B%20%E5%85%AB%E6%88%B8%E5%B8%82
訪問看護ステーションえがおみょう,ケアマネジャー・居宅介護支援,青森県,八戸市,"介護,ケアマネジャー・居宅介護支援,相談",介護サービスの計画作成や事業所調整を行う相談先です。退院後の生活準備で重要です。,https://myosuien.jp/,青森県八戸市大字妙字分枝３８番地３,0178-30-1501,厚生労働省オープンデータ,https://www.mhlw.go.jp/content/12300000/jigyosho_430.csv,2025-12末,https://www.google.com/search?q=%E8%A8%AA%E5%95%8F%E7%9C%8B%E8%AD%B7%E3%82%B9%E3%83%86%E3%83%BC%E3%82%B7%E3%83%A7%E3%83%B3%E3%81%88%E3%81%8C%E3%81%8A%E3%81%BF%E3%82%87%E3%81%86%20%E5%85%AB%E6%88%B8%E5%B8%82
ケアプランセンター　アンビエンス,ケアマネジャー・居宅介護支援,青森県,八戸市,"介護,ケアマネジャー・居宅介護支援,相談",介護サービスの計画作成や事業所調整を行う相談先です。退院後の生活準備で重要です。,https://www.google.com/search?q=%E3%82%B1%E3%82%A2%E3%83%97%E3%83%A9%E3%83%B3%E3%82%BB%E3%83%B3%E3%82%BF%E3%83%BC%E3%80%80%E3%82%A2%E3%83%B3%E3%83%93%E3%82%A8%E3%83%B3%E3%82%B9%20%E5%85%AB%E6%88%B8%E5%B8%82,青森県八戸市小中野六丁目8-30第二ライズ　２階　D号室,0178-38-9785,厚生労働省オープンデータ,https://www.mhlw.go.jp/content/12300000/jigyosho_430.csv,2025-12末,https://www.google.com/search?q=%E3%82%B1%E3%82%A2%E3%83%97%E3%83%A9%E3%83%B3%E3%82%BB%E3%83%B3%E3%82%BF%E3%83%BC%E3%80%80%E3%82%A2%E3%83%B3%E3%83%93%E3%82%A8%E3%83%B3%E3%82%B9%20%E5%85%AB%E6%88%B8%E5%B8%82
介護サポートけあたす,ケアマネジャー・居宅介護支援,青森県,八戸市,"介護,ケアマネジャー・居宅介護支援,相談",介護サービスの計画作成や事業所調整を行う相談先です。退院後の生活準備で重要です。,https://keatasu.com/,青森県八戸市沼館一丁目16-20,0178-38-9644,厚生労働省オープンデータ,https://www.mhlw.go.jp/content/12300000/jigyosho_430.csv,2025-12末,https://www.google.com/search?q=%E4%BB%8B%E8%AD%B7%E3%82%B5%E3%83%9D%E3%83%BC%E3%83%88%E3%81%91%E3%81%82%E3%81%9F%E3%81%99%20%E5%85%AB%E6%88%B8%E5%B8%82
居宅介護支援事業所ちょうじゃ様の宿,ケアマネジャー・居宅介護支援,青森県,八戸市,"介護,ケアマネジャー・居宅介護支援,相談",介護サービスの計画作成や事業所調整を行う相談先です。退院後の生活準備で重要です。,https://www.google.com/search?q=%E5%B1%85%E5%AE%85%E4%BB%8B%E8%AD%B7%E6%94%AF%E6%8F%B4%E4%BA%8B%E6%A5%AD%E6%89%80%E3%81%A1%E3%82%87%E3%81%86%E3%81%98%E3%82%83%E6%A7%98%E3%81%AE%E5%AE%BF%20%E5%85%AB%E6%88%B8%E5%B8%82,青森県八戸市糠塚字大杉平6-1住宅型有料老人ホームちょうじゃ様の宿,0178-43-2833,厚生労働省オープンデータ,https://www.mhlw.go.jp/content/12300000/jigyosho_430.csv,2025-12末,https://www.google.com/search?q=%E5%B1%85%E5%AE%85%E4%BB%8B%E8%AD%B7%E6%94%AF%E6%8F%B4%E4%BA%8B%E6%A5%AD%E6%89%80%E3%81%A1%E3%82%87%E3%81%86%E3%81%98%E3%82%83%E6%A7%98%E3%81%AE%E5%AE%BF%20%E5%85%AB%E6%88%B8%E5%B8%82
居宅介護支援事業所　ほんのり,ケアマネジャー・居宅介護支援,青森県,八戸市,"介護,ケアマネジャー・居宅介護支援,相談",介護サービスの計画作成や事業所調整を行う相談先です。退院後の生活準備で重要です。,https://www.google.com/search?q=%E5%B1%85%E5%AE%85%E4%BB%8B%E8%AD%B7%E6%94%AF%E6%8F%B4%E4%BA%8B%E6%A5%AD%E6%89%80%E3%80%80%E3%81%BB%E3%82%93%E3%81%AE%E3%82%8A%20%E5%85%AB%E6%88%B8%E5%B8%82,八戸市大字沢里字沢里山1-23,①0178-32-6401,厚生労働省オープンデータ,https://www.mhlw.go.jp/content/12300000/jigyosho_430.csv,2025-12末,https://www.google.com/search?q=%E5%B1%85%E5%AE%85%E4%BB%8B%E8%AD%B7%E6%94%AF%E6%8F%B4%E4%BA%8B%E6%A5%AD%E6%89%80%E3%80%80%E3%81%BB%E3%82%93%E3%81%AE%E3%82%8A%20%E5%85%AB%E6%88%B8%E5%B8%82
難病・がん特化型介護相談所いぶき,ケアマネジャー・居宅介護支援,青森県,八戸市,"介護,ケアマネジャー・居宅介護支援,相談",介護サービスの計画作成や事業所調整を行う相談先です。退院後の生活準備で重要です。,https://www.carenavigation-llc.com/,青森県八戸市新井田西3丁目17-18掛端住宅B,0178-20-7807,厚生労働省オープンデータ,https://www.mhlw.go.jp/content/12300000/jigyosho_430.csv,2025-12末,https://www.google.com/search?q=%E9%9B%A3%E7%97%85%E3%83%BB%E3%81%8C%E3%82%93%E7%89%B9%E5%8C%96%E5%9E%8B%E4%BB%8B%E8%AD%B7%E7%9B%B8%E8%AB%87%E6%89%80%E3%81%84%E3%81%B6%E3%81%8D%20%E5%85%AB%E6%88%B8%E5%B8%82
居宅介護支援事業所よもぎ,ケアマネジャー・居宅介護支援,青森県,八戸市,"介護,ケアマネジャー・居宅介護支援,相談",介護サービスの計画作成や事業所調整を行う相談先です。退院後の生活準備で重要です。,https://www.google.com/search?q=%E5%B1%85%E5%AE%85%E4%BB%8B%E8%AD%B7%E6%94%AF%E6%8F%B4%E4%BA%8B%E6%A5%AD%E6%89%80%E3%82%88%E3%82%82%E3%81%8E%20%E5%85%AB%E6%88%B8%E5%B8%82,青森県八戸市小中野四丁目2-11よもぎ鍼灸院デイサービスセンター,0178-80-7402,厚生労働省オープンデータ,https://www.mhlw.go.jp/content/12300000/jigyosho_430.csv,2025-12末,https://www.google.com/search?q=%E5%B1%85%E5%AE%85%E4%BB%8B%E8%AD%B7%E6%94%AF%E6%8F%B4%E4%BA%8B%E6%A5%AD%E6%89%80%E3%82%88%E3%82%82%E3%81%8E%20%E5%85%AB%E6%88%B8%E5%B8%82
ふれあいケア居宅介護支援事業所,ケアマネジャー・居宅介護支援,青森県,八戸市,"介護,ケアマネジャー・居宅介護支援,相談",介護サービスの計画作成や事業所調整を行う相談先です。退院後の生活準備で重要です。,https://www.google.com/search?q=%E3%81%B5%E3%82%8C%E3%81%82%E3%81%84%E3%82%B1%E3%82%A2%E5%B1%85%E5%AE%85%E4%BB%8B%E8%AD%B7%E6%94%AF%E6%8F%B4%E4%BA%8B%E6%A5%AD%E6%89%80%20%E5%85%AB%E6%88%B8%E5%B8%82,根城９丁目13-2オフィス西野A号室,0178-20-8773,厚生労働省オープンデータ,https://www.mhlw.go.jp/content/12300000/jigyosho_430.csv,2025-12末,https://www.google.com/search?q=%E3%81%B5%E3%82%8C%E3%81%82%E3%81%84%E3%82%B1%E3%82%A2%E5%B1%85%E5%AE%85%E4%BB%8B%E8%AD%B7%E6%94%AF%E6%8F%B4%E4%BA%8B%E6%A5%AD%E6%89%80%20%E5%85%AB%E6%88%B8%E5%B8%82
瑞光園居宅介護支援センター,ケアマネジャー・居宅介護支援,青森県,八戸市,"介護,ケアマネジャー・居宅介護支援,相談",介護サービスの計画作成や事業所調整を行う相談先です。退院後の生活準備で重要です。,http://zuikoen.or.jp,青森県八戸市大字大久保字大山32番1,0178-25-7558,厚生労働省オープンデータ,https://www.mhlw.go.jp/content/12300000/jigyosho_430.csv,2025-12末,https://www.google.com/search?q=%E7%91%9E%E5%85%89%E5%9C%92%E5%B1%85%E5%AE%85%E4%BB%8B%E8%AD%B7%E6%94%AF%E6%8F%B4%E3%82%BB%E3%83%B3%E3%82%BF%E3%83%BC%20%E5%85%AB%E6%88%B8%E5%B8%82
ちょうじゃの森在宅介護支援センタ－,ケアマネジャー・居宅介護支援,青森県,八戸市,"介護,ケアマネジャー・居宅介護支援,相談",介護サービスの計画作成や事業所調整を行う相談先です。退院後の生活準備で重要です。,http://www.choujanomori-naika.com/,八戸市大字糠塚字下道７-３２,0178-46-3775,厚生労働省オープンデータ,https://www.mhlw.go.jp/content/12300000/jigyosho_430.csv,2025-12末,https://www.google.com/search?q=%E3%81%A1%E3%82%87%E3%81%86%E3%81%98%E3%82%83%E3%81%AE%E6%A3%AE%E5%9C%A8%E5%AE%85%E4%BB%8B%E8%AD%B7%E6%94%AF%E6%8F%B4%E3%82%BB%E3%83%B3%E3%82%BF%EF%BC%8D%20%E5%85%AB%E6%88%B8%E5%B8%82
福寿草居宅介護支援センター,ケアマネジャー・居宅介護支援,青森県,八戸市,"介護,ケアマネジャー・居宅介護支援,相談",介護サービスの計画作成や事業所調整を行う相談先です。退院後の生活準備で重要です。,http://http://www.fukujuso.or.jp/,青森県八戸市大字妙字西平６番地１９特別養護老人ホーム福寿草,0178-25-0100,厚生労働省オープンデータ,https://www.mhlw.go.jp/content/12300000/jigyosho_430.csv,2025-12末,https://www.google.com/search?q=%E7%A6%8F%E5%AF%BF%E8%8D%89%E5%B1%85%E5%AE%85%E4%BB%8B%E8%AD%B7%E6%94%AF%E6%8F%B4%E3%82%BB%E3%83%B3%E3%82%BF%E3%83%BC%20%E5%85%AB%E6%88%B8%E5%B8%82
介護支援事業所ケア・ネット,ケアマネジャー・居宅介護支援,青森県,八戸市,"介護,ケアマネジャー・居宅介護支援,相談",介護サービスの計画作成や事業所調整を行う相談先です。退院後の生活準備で重要です。,http://www.mihono.jp,青森県八戸市大字大久保字大山31番地2,0178-25-0216,厚生労働省オープンデータ,https://www.mhlw.go.jp/content/12300000/jigyosho_430.csv,2025-12末,https://www.google.com/search?q=%E4%BB%8B%E8%AD%B7%E6%94%AF%E6%8F%B4%E4%BA%8B%E6%A5%AD%E6%89%80%E3%82%B1%E3%82%A2%E3%83%BB%E3%83%8D%E3%83%83%E3%83%88%20%E5%85%AB%E6%88%B8%E5%B8%82
生協ケアプラン･かいごの相談室,ケアマネジャー・居宅介護支援,青森県,八戸市,"介護,ケアマネジャー・居宅介護支援,相談",介護サービスの計画作成や事業所調整を行う相談先です。退院後の生活準備で重要です。,http://www.hachinohe-iryou.jp/,青森県八戸市南類家１丁目１３－１０,0178-71-2411,厚生労働省オープンデータ,https://www.mhlw.go.jp/content/12300000/jigyosho_430.csv,2025-12末,https://www.google.com/search?q=%E7%94%9F%E5%8D%94%E3%82%B1%E3%82%A2%E3%83%97%E3%83%A9%E3%83%B3%EF%BD%A5%E3%81%8B%E3%81%84%E3%81%94%E3%81%AE%E7%9B%B8%E8%AB%87%E5%AE%A4%20%E5%85%AB%E6%88%B8%E5%B8%82
豊仁会居宅介護支援事業所,ケアマネジャー・居宅介護支援,青森県,八戸市,"介護,ケアマネジャー・居宅介護支援,相談",介護サービスの計画作成や事業所調整を行う相談先です。退院後の生活準備で重要です。,https://jouhoku-hp.jp/related-facility/kaigo-shien.php,青森県八戸市石堂1丁目１４－１１,0178-20-2277,厚生労働省オープンデータ,https://www.mhlw.go.jp/content/12300000/jigyosho_430.csv,2025-12末,https://www.google.com/search?q=%E8%B1%8A%E4%BB%81%E4%BC%9A%E5%B1%85%E5%AE%85%E4%BB%8B%E8%AD%B7%E6%94%AF%E6%8F%B4%E4%BA%8B%E6%A5%AD%E6%89%80%20%E5%85%AB%E6%88%B8%E5%B8%82
シルバー居宅介護支援事業所,ケアマネジャー・居宅介護支援,青森県,八戸市,"介護,ケアマネジャー・居宅介護支援,相談",介護サービスの計画作成や事業所調整を行う相談先です。退院後の生活準備で重要です。,http://sg-hakuju.com/,青森県八戸市大字河原木字北沼22-39,0178-21-1181,厚生労働省オープンデータ,https://www.mhlw.go.jp/content/12300000/jigyosho_430.csv,2025-12末,https://www.google.com/search?q=%E3%82%B7%E3%83%AB%E3%83%90%E3%83%BC%E5%B1%85%E5%AE%85%E4%BB%8B%E8%AD%B7%E6%94%AF%E6%8F%B4%E4%BA%8B%E6%A5%AD%E6%89%80%20%E5%85%AB%E6%88%B8%E5%B8%82
ひばりの里居宅介護支援事業所,ケアマネジャー・居宅介護支援,青森県,八戸市,"介護,ケアマネジャー・居宅介護支援,相談",介護サービスの計画作成や事業所調整を行う相談先です。退院後の生活準備で重要です。,https://www.aikeikai-hibari.com/,青森県八戸市大字是川字雲畑9-2,0178-96-5500,厚生労働省オープンデータ,https://www.mhlw.go.jp/content/12300000/jigyosho_430.csv,2025-12末,https://www.google.com/search?q=%E3%81%B2%E3%81%B0%E3%82%8A%E3%81%AE%E9%87%8C%E5%B1%85%E5%AE%85%E4%BB%8B%E8%AD%B7%E6%94%AF%E6%8F%B4%E4%BA%8B%E6%A5%AD%E6%89%80%20%E5%85%AB%E6%88%B8%E5%B8%82
みなと居宅介護支援事業所,ケアマネジャー・居宅介護支援,青森県,八戸市,"介護,ケアマネジャー・居宅介護支援,相談",介護サービスの計画作成や事業所調整を行う相談先です。退院後の生活準備で重要です。,http://www.heiwa-hp.or.jp/,八戸市湊高台２丁目４－６,0178-31-5001,厚生労働省オープンデータ,https://www.mhlw.go.jp/content/12300000/jigyosho_430.csv,2025-12末,https://www.google.com/search?q=%E3%81%BF%E3%81%AA%E3%81%A8%E5%B1%85%E5%AE%85%E4%BB%8B%E8%AD%B7%E6%94%AF%E6%8F%B4%E4%BA%8B%E6%A5%AD%E6%89%80%20%E5%85%AB%E6%88%B8%E5%B8%82
寿楽荘居宅介護支援事業所,ケアマネジャー・居宅介護支援,青森県,八戸市,"介護,ケアマネジャー・居宅介護支援,相談",介護サービスの計画作成や事業所調整を行う相談先です。退院後の生活準備で重要です。,http://juei-kai.or.jp,青森県八戸市大字市川町字夏秋４,0178-52-8828,厚生労働省オープンデータ,https://www.mhlw.go.jp/content/12300000/jigyosho_430.csv,2025-12末,https://www.google.com/search?q=%E5%AF%BF%E6%A5%BD%E8%8D%98%E5%B1%85%E5%AE%85%E4%BB%8B%E8%AD%B7%E6%94%AF%E6%8F%B4%E4%BA%8B%E6%A5%AD%E6%89%80%20%E5%85%AB%E6%88%B8%E5%B8%82
修光園在宅介護支援センター,ケアマネジャー・居宅介護支援,青森県,八戸市,"介護,ケアマネジャー・居宅介護支援,相談",介護サービスの計画作成や事業所調整を行う相談先です。退院後の生活準備で重要です。,shukouen.or.jp,青森県八戸市大字十日市字黒坂３５番地,0178-96-6507,厚生労働省オープンデータ,https://www.mhlw.go.jp/content/12300000/jigyosho_430.csv,2025-12末,https://www.google.com/search?q=%E4%BF%AE%E5%85%89%E5%9C%92%E5%9C%A8%E5%AE%85%E4%BB%8B%E8%AD%B7%E6%94%AF%E6%8F%B4%E3%82%BB%E3%83%B3%E3%82%BF%E3%83%BC%20%E5%85%AB%E6%88%B8%E5%B8%82
いこい苑在宅介護支援センター,ケアマネジャー・居宅介護支援,青森県,八戸市,"介護,ケアマネジャー・居宅介護支援,相談",介護サービスの計画作成や事業所調整を行う相談先です。退院後の生活準備で重要です。,http://douyuukai.or.jp,青森県八戸市大字豊崎町字渋民4番地1,0178-23-5301,厚生労働省オープンデータ,https://www.mhlw.go.jp/content/12300000/jigyosho_430.csv,2025-12末,https://www.google.com/search?q=%E3%81%84%E3%81%93%E3%81%84%E8%8B%91%E5%9C%A8%E5%AE%85%E4%BB%8B%E8%AD%B7%E6%94%AF%E6%8F%B4%E3%82%BB%E3%83%B3%E3%82%BF%E3%83%BC%20%E5%85%AB%E6%88%B8%E5%B8%82
社会福祉法人八戸市社会福祉事業団,ケアマネジャー・居宅介護支援,青森県,八戸市,"介護,ケアマネジャー・居宅介護支援,相談",介護サービスの計画作成や事業所調整を行う相談先です。退院後の生活準備で重要です。,https://www.hsfj.or.jp/,青森県八戸市根城八丁目8番155号八戸市総合福祉会館5階,0178-46-3951,厚生労働省オープンデータ,https://www.mhlw.go.jp/content/12300000/jigyosho_430.csv,2025-12末,https://www.google.com/search?q=%E7%A4%BE%E4%BC%9A%E7%A6%8F%E7%A5%89%E6%B3%95%E4%BA%BA%E5%85%AB%E6%88%B8%E5%B8%82%E7%A4%BE%E4%BC%9A%E7%A6%8F%E7%A5%89%E4%BA%8B%E6%A5%AD%E5%9B%A3%20%E5%85%AB%E6%88%B8%E5%B8%82
八戸グリーンハイツ居宅介護支援事業所,ケアマネジャー・居宅介護支援,青森県,八戸市,"介護,ケアマネジャー・居宅介護支援,相談",介護サービスの計画作成や事業所調整を行う相談先です。退院後の生活準備で重要です。,http://green-hts.jp/,青森県八戸市大字白銀町字沢向　15-2,0178-31-0521,厚生労働省オープンデータ,https://www.mhlw.go.jp/content/12300000/jigyosho_430.csv,2025-12末,https://www.google.com/search?q=%E5%85%AB%E6%88%B8%E3%82%B0%E3%83%AA%E3%83%BC%E3%83%B3%E3%83%8F%E3%82%A4%E3%83%84%E5%B1%85%E5%AE%85%E4%BB%8B%E8%AD%B7%E6%94%AF%E6%8F%B4%E4%BA%8B%E6%A5%AD%E6%89%80%20%E5%85%AB%E6%88%B8%E5%B8%82
えんぶり物語居宅介護支援センター,ケアマネジャー・居宅介護支援,青森県,八戸市,"介護,ケアマネジャー・居宅介護支援,相談",介護サービスの計画作成や事業所調整を行う相談先です。退院後の生活準備で重要です。,http://www.rehabili-park.com,青森県八戸市大字河原木字見立山6-209,0178-21-2002,厚生労働省オープンデータ,https://www.mhlw.go.jp/content/12300000/jigyosho_430.csv,2025-12末,https://www.google.com/search?q=%E3%81%88%E3%82%93%E3%81%B6%E3%82%8A%E7%89%A9%E8%AA%9E%E5%B1%85%E5%AE%85%E4%BB%8B%E8%AD%B7%E6%94%AF%E6%8F%B4%E3%82%BB%E3%83%B3%E3%82%BF%E3%83%BC%20%E5%85%AB%E6%88%B8%E5%B8%82
在宅介護支援センター　アクティブ２４,ケアマネジャー・居宅介護支援,青森県,八戸市,"介護,ケアマネジャー・居宅介護支援,相談",介護サービスの計画作成や事業所調整を行う相談先です。退院後の生活準備で重要です。,http://www.rehabili-park.com,青森県八戸市小中野１－１－１４,0178-45-3000,厚生労働省オープンデータ,https://www.mhlw.go.jp/content/12300000/jigyosho_430.csv,2025-12末,https://www.google.com/search?q=%E5%9C%A8%E5%AE%85%E4%BB%8B%E8%AD%B7%E6%94%AF%E6%8F%B4%E3%82%BB%E3%83%B3%E3%82%BF%E3%83%BC%E3%80%80%E3%82%A2%E3%82%AF%E3%83%86%E3%82%A3%E3%83%96%EF%BC%92%EF%BC%94%20%E5%85%AB%E6%88%B8%E5%B8%82
ニチイケアセンター八戸,ケアマネジャー・居宅介護支援,青森県,八戸市,"介護,ケアマネジャー・居宅介護支援,相談",介護サービスの計画作成や事業所調整を行う相談先です。退院後の生活準備で重要です。,http://www.nichiigakkan.co.jp,青森県八戸市根城3丁目4-17,0178-73-2775,厚生労働省オープンデータ,https://www.mhlw.go.jp/content/12300000/jigyosho_430.csv,2025-12末,https://www.google.com/search?q=%E3%83%8B%E3%83%81%E3%82%A4%E3%82%B1%E3%82%A2%E3%82%BB%E3%83%B3%E3%82%BF%E3%83%BC%E5%85%AB%E6%88%B8%20%E5%85%AB%E6%88%B8%E5%B8%82
居宅介護支援事業所　ゆとり,ケアマネジャー・居宅介護支援,青森県,八戸市,"介護,ケアマネジャー・居宅介護支援,相談",介護サービスの計画作成や事業所調整を行う相談先です。退院後の生活準備で重要です。,yutori-hactinohe.jimdo.com,八戸市青葉三丁目１６番１５号,0178-73-5339,厚生労働省オープンデータ,https://www.mhlw.go.jp/content/12300000/jigyosho_430.csv,2025-12末,https://www.google.com/search?q=%E5%B1%85%E5%AE%85%E4%BB%8B%E8%AD%B7%E6%94%AF%E6%8F%B4%E4%BA%8B%E6%A5%AD%E6%89%80%E3%80%80%E3%82%86%E3%81%A8%E3%82%8A%20%E5%85%AB%E6%88%B8%E5%B8%82
居宅介護支援事業所　こなかの,ケアマネジャー・居宅介護支援,青森県,八戸市,"介護,ケアマネジャー・居宅介護支援,相談",介護サービスの計画作成や事業所調整を行う相談先です。退院後の生活準備で重要です。,https://www.konakano.jp/,八戸市小中野八丁目８－８ケアハウスこなかの内,0178-22-7213,厚生労働省オープンデータ,https://www.mhlw.go.jp/content/12300000/jigyosho_430.csv,2025-12末,https://www.google.com/search?q=%E5%B1%85%E5%AE%85%E4%BB%8B%E8%AD%B7%E6%94%AF%E6%8F%B4%E4%BA%8B%E6%A5%AD%E6%89%80%E3%80%80%E3%81%93%E3%81%AA%E3%81%8B%E3%81%AE%20%E5%85%AB%E6%88%B8%E5%B8%82
居宅介護支援・相談支援事業所　八太郎山の家そうだん室,ケアマネジャー・居宅介護支援,青森県,八戸市,"介護,ケアマネジャー・居宅介護支援,相談",介護サービスの計画作成や事業所調整を行う相談先です。退院後の生活準備で重要です。,http://www.akibakai.com/,青森県八戸市大字河原木字八太郎山3-140,0178-21-2238,厚生労働省オープンデータ,https://www.mhlw.go.jp/content/12300000/jigyosho_430.csv,2025-12末,https://www.google.com/search?q=%E5%B1%85%E5%AE%85%E4%BB%8B%E8%AD%B7%E6%94%AF%E6%8F%B4%E3%83%BB%E7%9B%B8%E8%AB%87%E6%94%AF%E6%8F%B4%E4%BA%8B%E6%A5%AD%E6%89%80%E3%80%80%E5%85%AB%E5%A4%AA%E9%83%8E%E5%B1%B1%E3%81%AE%E5%AE%B6%E3%81%9D%E3%81%86%E3%81%A0%E3%82%93%E5%AE%A4%20%E5%85%AB%E6%88%B8%E5%B8%82
居宅介護支援センターそれいゆ,ケアマネジャー・居宅介護支援,青森県,八戸市,"介護,ケアマネジャー・居宅介護支援,相談",介護サービスの計画作成や事業所調整を行う相談先です。退院後の生活準備で重要です。,soleil-dc@bz03..plala.or.jp,白銀町字八森23-2,0178-32-1511,厚生労働省オープンデータ,https://www.mhlw.go.jp/content/12300000/jigyosho_430.csv,2025-12末,https://www.google.com/search?q=%E5%B1%85%E5%AE%85%E4%BB%8B%E8%AD%B7%E6%94%AF%E6%8F%B4%E3%82%BB%E3%83%B3%E3%82%BF%E3%83%BC%E3%81%9D%E3%82%8C%E3%81%84%E3%82%86%20%E5%85%AB%E6%88%B8%E5%B8%82
サンシャイン居宅介護支援センター,ケアマネジャー・居宅介護支援,青森県,八戸市,"介護,ケアマネジャー・居宅介護支援,相談",介護サービスの計画作成や事業所調整を行う相談先です。退院後の生活準備で重要です。,https://s-tokokai.or.jp/,青森県八戸市東白山台二丁目２番１,0178-23-5050,厚生労働省オープンデータ,https://www.mhlw.go.jp/content/12300000/jigyosho_430.csv,2025-12末,https://www.google.com/search?q=%E3%82%B5%E3%83%B3%E3%82%B7%E3%83%A3%E3%82%A4%E3%83%B3%E5%B1%85%E5%AE%85%E4%BB%8B%E8%AD%B7%E6%94%AF%E6%8F%B4%E3%82%BB%E3%83%B3%E3%82%BF%E3%83%BC%20%E5%85%AB%E6%88%B8%E5%B8%82
居宅介護支援センターさざなみ,ケアマネジャー・居宅介護支援,青森県,八戸市,"介護,ケアマネジャー・居宅介護支援,相談",介護サービスの計画作成や事業所調整を行う相談先です。退院後の生活準備で重要です。,fukujuso.ar.jp,青森県八戸市小中野八丁目９番２０号,0178-71-3377,厚生労働省オープンデータ,https://www.mhlw.go.jp/content/12300000/jigyosho_430.csv,2025-12末,https://www.google.com/search?q=%E5%B1%85%E5%AE%85%E4%BB%8B%E8%AD%B7%E6%94%AF%E6%8F%B4%E3%82%BB%E3%83%B3%E3%82%BF%E3%83%BC%E3%81%95%E3%81%96%E3%81%AA%E3%81%BF%20%E5%85%AB%E6%88%B8%E5%B8%82
ニチイケアセンター湊高台,ケアマネジャー・居宅介護支援,青森県,八戸市,"介護,ケアマネジャー・居宅介護支援,相談",介護サービスの計画作成や事業所調整を行う相談先です。退院後の生活準備で重要です。,http://www.nichiigakkan.co.jp,青森県八戸市湊高台3丁目12-5,0178-32-1468,厚生労働省オープンデータ,https://www.mhlw.go.jp/content/12300000/jigyosho_430.csv,2025-12末,https://www.google.com/search?q=%E3%83%8B%E3%83%81%E3%82%A4%E3%82%B1%E3%82%A2%E3%82%BB%E3%83%B3%E3%82%BF%E3%83%BC%E6%B9%8A%E9%AB%98%E5%8F%B0%20%E5%85%AB%E6%88%B8%E5%B8%82
居宅介護支援事業所ほっとハウス,ケアマネジャー・居宅介護支援,青森県,八戸市,"介護,ケアマネジャー・居宅介護支援,相談",介護サービスの計画作成や事業所調整を行う相談先です。退院後の生活準備で重要です。,https://www.tomonokai.jp/,青森県八戸市大字尻内町字熊ノ沢35番2号,0178-20-0417,厚生労働省オープンデータ,https://www.mhlw.go.jp/content/12300000/jigyosho_430.csv,2025-12末,https://www.google.com/search?q=%E5%B1%85%E5%AE%85%E4%BB%8B%E8%AD%B7%E6%94%AF%E6%8F%B4%E4%BA%8B%E6%A5%AD%E6%89%80%E3%81%BB%E3%81%A3%E3%81%A8%E3%83%8F%E3%82%A6%E3%82%B9%20%E5%85%AB%E6%88%B8%E5%B8%82
居宅介護支援事業所　ポラリス,ケアマネジャー・居宅介護支援,青森県,八戸市,"介護,ケアマネジャー・居宅介護支援,相談",介護サービスの計画作成や事業所調整を行う相談先です。退院後の生活準備で重要です。,http://www.polaris-sunlime.com/,八戸市田向四丁目９番３号,0178-96-6040,厚生労働省オープンデータ,https://www.mhlw.go.jp/content/12300000/jigyosho_430.csv,2025-12末,https://www.google.com/search?q=%E5%B1%85%E5%AE%85%E4%BB%8B%E8%AD%B7%E6%94%AF%E6%8F%B4%E4%BA%8B%E6%A5%AD%E6%89%80%E3%80%80%E3%83%9D%E3%83%A9%E3%83%AA%E3%82%B9%20%E5%85%AB%E6%88%B8%E5%B8%82
あすなろライフ居宅介護支援事業所,ケアマネジャー・居宅介護支援,青森県,八戸市,"介護,ケアマネジャー・居宅介護支援,相談",介護サービスの計画作成や事業所調整を行う相談先です。退院後の生活準備で重要です。,https://www.google.com/search?q=%E3%81%82%E3%81%99%E3%81%AA%E3%82%8D%E3%83%A9%E3%82%A4%E3%83%95%E5%B1%85%E5%AE%85%E4%BB%8B%E8%AD%B7%E6%94%AF%E6%8F%B4%E4%BA%8B%E6%A5%AD%E6%89%80%20%E5%85%AB%E6%88%B8%E5%B8%82,青森県八戸市大字鮫町字蟻子１８－６,0178-33-5375,厚生労働省オープンデータ,https://www.mhlw.go.jp/content/12300000/jigyosho_430.csv,2025-12末,https://www.google.com/search?q=%E3%81%82%E3%81%99%E3%81%AA%E3%82%8D%E3%83%A9%E3%82%A4%E3%83%95%E5%B1%85%E5%AE%85%E4%BB%8B%E8%AD%B7%E6%94%AF%E6%8F%B4%E4%BA%8B%E6%A5%AD%E6%89%80%20%E5%85%AB%E6%88%B8%E5%B8%82
株式会社ケアライフ青森　八戸営業所,ケアマネジャー・居宅介護支援,青森県,八戸市,"介護,ケアマネジャー・居宅介護支援,相談",介護サービスの計画作成や事業所調整を行う相談先です。退院後の生活準備で重要です。,http://www.carelife-net.co.jp,南類家一丁目6-2,0178-38-9166,厚生労働省オープンデータ,https://www.mhlw.go.jp/content/12300000/jigyosho_430.csv,2025-12末,https://www.google.com/search?q=%E6%A0%AA%E5%BC%8F%E4%BC%9A%E7%A4%BE%E3%82%B1%E3%82%A2%E3%83%A9%E3%82%A4%E3%83%95%E9%9D%92%E6%A3%AE%E3%80%80%E5%85%AB%E6%88%B8%E5%96%B6%E6%A5%AD%E6%89%80%20%E5%85%AB%E6%88%B8%E5%B8%82
おおひらきケアプランサービス,ケアマネジャー・居宅介護支援,青森県,八戸市,"介護,ケアマネジャー・居宅介護支援,相談",介護サービスの計画作成や事業所調整を行う相談先です。退院後の生活準備で重要です。,http://www.i-infnite.jp/,青森県八戸市大字鮫町字大開１５－２,0178-20-9512,厚生労働省オープンデータ,https://www.mhlw.go.jp/content/12300000/jigyosho_430.csv,2025-12末,https://www.google.com/search?q=%E3%81%8A%E3%81%8A%E3%81%B2%E3%82%89%E3%81%8D%E3%82%B1%E3%82%A2%E3%83%97%E3%83%A9%E3%83%B3%E3%82%B5%E3%83%BC%E3%83%93%E3%82%B9%20%E5%85%AB%E6%88%B8%E5%B8%82
居宅介護支援事業所まつば,ケアマネジャー・居宅介護支援,青森県,八戸市,"介護,ケアマネジャー・居宅介護支援,相談",介護サービスの計画作成や事業所調整を行う相談先です。退院後の生活準備で重要です。,https://www.google.com/search?q=%E5%B1%85%E5%AE%85%E4%BB%8B%E8%AD%B7%E6%94%AF%E6%8F%B4%E4%BA%8B%E6%A5%AD%E6%89%80%E3%81%BE%E3%81%A4%E3%81%B0%20%E5%85%AB%E6%88%B8%E5%B8%82,青森県八戸市小中野６丁目２１番１０号,0178-22-1963,厚生労働省オープンデータ,https://www.mhlw.go.jp/content/12300000/jigyosho_430.csv,2025-12末,https://www.google.com/search?q=%E5%B1%85%E5%AE%85%E4%BB%8B%E8%AD%B7%E6%94%AF%E6%8F%B4%E4%BA%8B%E6%A5%AD%E6%89%80%E3%81%BE%E3%81%A4%E3%81%B0%20%E5%85%AB%E6%88%B8%E5%B8%82
居宅介護支援事業所ひな,ケアマネジャー・居宅介護支援,青森県,八戸市,"介護,ケアマネジャー・居宅介護支援,相談",介護サービスの計画作成や事業所調整を行う相談先です。退院後の生活準備で重要です。,https://www.google.com/search?q=%E5%B1%85%E5%AE%85%E4%BB%8B%E8%AD%B7%E6%94%AF%E6%8F%B4%E4%BA%8B%E6%A5%AD%E6%89%80%E3%81%B2%E3%81%AA%20%E5%85%AB%E6%88%B8%E5%B8%82,青森県八戸市西白山台六丁目５－１２,0178-32-7787,厚生労働省オープンデータ,https://www.mhlw.go.jp/content/12300000/jigyosho_430.csv,2025-12末,https://www.google.com/search?q=%E5%B1%85%E5%AE%85%E4%BB%8B%E8%AD%B7%E6%94%AF%E6%8F%B4%E4%BA%8B%E6%A5%AD%E6%89%80%E3%81%B2%E3%81%AA%20%E5%85%AB%E6%88%B8%E5%B8%82
居宅介護支援事業所かっこうの森こなかの,ケアマネジャー・居宅介護支援,青森県,八戸市,"介護,ケアマネジャー・居宅介護支援,相談",介護サービスの計画作成や事業所調整を行う相談先です。退院後の生活準備で重要です。,https://kakkounomori.com/,八戸市小中野三丁目24-13ユニバース小中野店内,0178-32-7732,厚生労働省オープンデータ,https://www.mhlw.go.jp/content/12300000/jigyosho_430.csv,2025-12末,https://www.google.com/search?q=%E5%B1%85%E5%AE%85%E4%BB%8B%E8%AD%B7%E6%94%AF%E6%8F%B4%E4%BA%8B%E6%A5%AD%E6%89%80%E3%81%8B%E3%81%A3%E3%81%93%E3%81%86%E3%81%AE%E6%A3%AE%E3%81%93%E3%81%AA%E3%81%8B%E3%81%AE%20%E5%85%AB%E6%88%B8%E5%B8%82
居宅介護支援事業所シュガー,ケアマネジャー・居宅介護支援,青森県,八戸市,"介護,ケアマネジャー・居宅介護支援,相談",介護サービスの計画作成や事業所調整を行う相談先です。退院後の生活準備で重要です。,https://www.google.com/search?q=%E5%B1%85%E5%AE%85%E4%BB%8B%E8%AD%B7%E6%94%AF%E6%8F%B4%E4%BA%8B%E6%A5%AD%E6%89%80%E3%82%B7%E3%83%A5%E3%82%AC%E3%83%BC%20%E5%85%AB%E6%88%B8%E5%B8%82,新井田字木戸場１９－１株式会社ピュアハート　サコージュ塩入内,0178－80－7575,厚生労働省オープンデータ,https://www.mhlw.go.jp/content/12300000/jigyosho_430.csv,2025-12末,https://www.google.com/search?q=%E5%B1%85%E5%AE%85%E4%BB%8B%E8%AD%B7%E6%94%AF%E6%8F%B4%E4%BA%8B%E6%A5%AD%E6%89%80%E3%82%B7%E3%83%A5%E3%82%AC%E3%83%BC%20%E5%85%AB%E6%88%B8%E5%B8%82
居宅介護支援事業所　かけはし,ケアマネジャー・居宅介護支援,青森県,八戸市,"介護,ケアマネジャー・居宅介護支援,相談",介護サービスの計画作成や事業所調整を行う相談先です。退院後の生活準備で重要です。,https://www.google.com/search?q=%E5%B1%85%E5%AE%85%E4%BB%8B%E8%AD%B7%E6%94%AF%E6%8F%B4%E4%BA%8B%E6%A5%AD%E6%89%80%E3%80%80%E3%81%8B%E3%81%91%E3%81%AF%E3%81%97%20%E5%85%AB%E6%88%B8%E5%B8%82,青森県八戸市江陽五丁目27番21号,0178　-　45　-　1,厚生労働省オープンデータ,https://www.mhlw.go.jp/content/12300000/jigyosho_430.csv,2025-12末,https://www.google.com/search?q=%E5%B1%85%E5%AE%85%E4%BB%8B%E8%AD%B7%E6%94%AF%E6%8F%B4%E4%BA%8B%E6%A5%AD%E6%89%80%E3%80%80%E3%81%8B%E3%81%91%E3%81%AF%E3%81%97%20%E5%85%AB%E6%88%B8%E5%B8%82
ケアステーション　香ノ鳥の里,ケアマネジャー・居宅介護支援,青森県,八戸市,"介護,ケアマネジャー・居宅介護支援,相談",介護サービスの計画作成や事業所調整を行う相談先です。退院後の生活準備で重要です。,https://www.google.com/search?q=%E3%82%B1%E3%82%A2%E3%82%B9%E3%83%86%E3%83%BC%E3%82%B7%E3%83%A7%E3%83%B3%E3%80%80%E9%A6%99%E3%83%8E%E9%B3%A5%E3%81%AE%E9%87%8C%20%E5%85%AB%E6%88%B8%E5%B8%82,大字尻内町字張田６４番地８,0178-23-3376,厚生労働省オープンデータ,https://www.mhlw.go.jp/content/12300000/jigyosho_430.csv,2025-12末,https://www.google.com/search?q=%E3%82%B1%E3%82%A2%E3%82%B9%E3%83%86%E3%83%BC%E3%82%B7%E3%83%A7%E3%83%B3%E3%80%80%E9%A6%99%E3%83%8E%E9%B3%A5%E3%81%AE%E9%87%8C%20%E5%85%AB%E6%88%B8%E5%B8%82
ケアステーション　ハピネスやくら,ケアマネジャー・居宅介護支援,青森県,八戸市,"介護,ケアマネジャー・居宅介護支援,相談",介護サービスの計画作成や事業所調整を行う相談先です。退院後の生活準備で重要です。,http//family-wf.jp/happiness_yakura,八戸市大字八幡字下樋田1番1,0178-27-2232,厚生労働省オープンデータ,https://www.mhlw.go.jp/content/12300000/jigyosho_430.csv,2025-12末,https://www.google.com/search?q=%E3%82%B1%E3%82%A2%E3%82%B9%E3%83%86%E3%83%BC%E3%82%B7%E3%83%A7%E3%83%B3%E3%80%80%E3%83%8F%E3%83%94%E3%83%8D%E3%82%B9%E3%82%84%E3%81%8F%E3%82%89%20%E5%85%AB%E6%88%B8%E5%B8%82
ケアプラン西町,ケアマネジャー・居宅介護支援,青森県,八戸市,"介護,ケアマネジャー・居宅介護支援,相談",介護サービスの計画作成や事業所調整を行う相談先です。退院後の生活準備で重要です。,http://www.nishimachi.co.jp/,柏崎1ー8－22西町ビル2階,0178－51－8780,厚生労働省オープンデータ,https://www.mhlw.go.jp/content/12300000/jigyosho_430.csv,2025-12末,https://www.google.com/search?q=%E3%82%B1%E3%82%A2%E3%83%97%E3%83%A9%E3%83%B3%E8%A5%BF%E7%94%BA%20%E5%85%AB%E6%88%B8%E5%B8%82
ビリーブケアプラン八戸中央,ケアマネジャー・居宅介護支援,青森県,八戸市,"介護,ケアマネジャー・居宅介護支援,相談",介護サービスの計画作成や事業所調整を行う相談先です。退院後の生活準備で重要です。,http://believecare.jp/,青森県八戸市類家5丁目27-1,0178-20-0598,厚生労働省オープンデータ,https://www.mhlw.go.jp/content/12300000/jigyosho_430.csv,2025-12末,https://www.google.com/search?q=%E3%83%93%E3%83%AA%E3%83%BC%E3%83%96%E3%82%B1%E3%82%A2%E3%83%97%E3%83%A9%E3%83%B3%E5%85%AB%E6%88%B8%E4%B8%AD%E5%A4%AE%20%E5%85%AB%E6%88%B8%E5%B8%82
ケアプランセンター　オードリー,ケアマネジャー・居宅介護支援,青森県,八戸市,"介護,ケアマネジャー・居宅介護支援,相談",介護サービスの計画作成や事業所調整を行う相談先です。退院後の生活準備で重要です。,https://audry.jp/,新井田西3丁目１８番４号リバースワンD,0178-25-2471,厚生労働省オープンデータ,https://www.mhlw.go.jp/content/12300000/jigyosho_430.csv,2025-12末,https://www.google.com/search?q=%E3%82%B1%E3%82%A2%E3%83%97%E3%83%A9%E3%83%B3%E3%82%BB%E3%83%B3%E3%82%BF%E3%83%BC%E3%80%80%E3%82%AA%E3%83%BC%E3%83%89%E3%83%AA%E3%83%BC%20%E5%85%AB%E6%88%B8%E5%B8%82
あゆみ居宅介護支援事業所,ケアマネジャー・居宅介護支援,青森県,八戸市,"介護,ケアマネジャー・居宅介護支援,相談",介護サービスの計画作成や事業所調整を行う相談先です。退院後の生活準備で重要です。,https://www.google.com/search?q=%E3%81%82%E3%82%86%E3%81%BF%E5%B1%85%E5%AE%85%E4%BB%8B%E8%AD%B7%E6%94%AF%E6%8F%B4%E4%BA%8B%E6%A5%AD%E6%89%80%20%E5%85%AB%E6%88%B8%E5%B8%82,青森県八戸市大字新井田字鷹待場１番地３号,０１７８－３２－１７５７,厚生労働省オープンデータ,https://www.mhlw.go.jp/content/12300000/jigyosho_430.csv,2025-12末,https://www.google.com/search?q=%E3%81%82%E3%82%86%E3%81%BF%E5%B1%85%E5%AE%85%E4%BB%8B%E8%AD%B7%E6%94%AF%E6%8F%B4%E4%BA%8B%E6%A5%AD%E6%89%80%20%E5%85%AB%E6%88%B8%E5%B8%82
居宅介護支援センターあうら八戸,ケアマネジャー・居宅介護支援,青森県,八戸市,"介護,ケアマネジャー・居宅介護支援,相談",介護サービスの計画作成や事業所調整を行う相談先です。退院後の生活準備で重要です。,https://www.google.com/search?q=%E5%B1%85%E5%AE%85%E4%BB%8B%E8%AD%B7%E6%94%AF%E6%8F%B4%E3%82%BB%E3%83%B3%E3%82%BF%E3%83%BC%E3%81%82%E3%81%86%E3%82%89%E5%85%AB%E6%88%B8%20%E5%85%AB%E6%88%B8%E5%B8%82,青森県八戸市類家5丁目33番2,0178-20-9477,厚生労働省オープンデータ,https://www.mhlw.go.jp/content/12300000/jigyosho_430.csv,2025-12末,https://www.google.com/search?q=%E5%B1%85%E5%AE%85%E4%BB%8B%E8%AD%B7%E6%94%AF%E6%8F%B4%E3%82%BB%E3%83%B3%E3%82%BF%E3%83%BC%E3%81%82%E3%81%86%E3%82%89%E5%85%AB%E6%88%B8%20%E5%85%AB%E6%88%B8%E5%B8%82
アーチ居宅介護支援事業所,ケアマネジャー・居宅介護支援,青森県,八戸市,"介護,ケアマネジャー・居宅介護支援,相談",介護サービスの計画作成や事業所調整を行う相談先です。退院後の生活準備で重要です。,https://www.google.com/search?q=%E3%82%A2%E3%83%BC%E3%83%81%E5%B1%85%E5%AE%85%E4%BB%8B%E8%AD%B7%E6%94%AF%E6%8F%B4%E4%BA%8B%E6%A5%AD%E6%89%80%20%E5%85%AB%E6%88%B8%E5%B8%82,新井田西一丁目10-8,0178-79-5231,厚生労働省オープンデータ,https://www.mhlw.go.jp/content/12300000/jigyosho_430.csv,2025-12末,https://www.google.com/search?q=%E3%82%A2%E3%83%BC%E3%83%81%E5%B1%85%E5%AE%85%E4%BB%8B%E8%AD%B7%E6%94%AF%E6%8F%B4%E4%BA%8B%E6%A5%AD%E6%89%80%20%E5%85%AB%E6%88%B8%E5%B8%82
ケアプランセンターまゆすい,ケアマネジャー・居宅介護支援,青森県,八戸市,"介護,ケアマネジャー・居宅介護支援,相談",介護サービスの計画作成や事業所調整を行う相談先です。退院後の生活準備で重要です。,http://www.kokorosukoyaka.org/,青森県八戸市尻内町字島田13-1,0178-27-7211,厚生労働省オープンデータ,https://www.mhlw.go.jp/content/12300000/jigyosho_430.csv,2025-12末,https://www.google.com/search?q=%E3%82%B1%E3%82%A2%E3%83%97%E3%83%A9%E3%83%B3%E3%82%BB%E3%83%B3%E3%82%BF%E3%83%BC%E3%81%BE%E3%82%86%E3%81%99%E3%81%84%20%E5%85%AB%E6%88%B8%E5%B8%82
八戸西居宅介護支援事業所,ケアマネジャー・居宅介護支援,青森県,八戸市,"介護,ケアマネジャー・居宅介護支援,相談",介護サービスの計画作成や事業所調整を行う相談先です。退院後の生活準備で重要です。,http://www.sg-silver.or.jp/,青森県八戸市大字長苗代字中坪77番地メディカルコート八戸西病院,0178－28－4067,厚生労働省オープンデータ,https://www.mhlw.go.jp/content/12300000/jigyosho_430.csv,2025-12末,https://www.google.com/search?q=%E5%85%AB%E6%88%B8%E8%A5%BF%E5%B1%85%E5%AE%85%E4%BB%8B%E8%AD%B7%E6%94%AF%E6%8F%B4%E4%BA%8B%E6%A5%AD%E6%89%80%20%E5%85%AB%E6%88%B8%E5%B8%82
ケアプランセンターオードリー絆,ケアマネジャー・居宅介護支援,青森県,八戸市,"介護,ケアマネジャー・居宅介護支援,相談",介護サービスの計画作成や事業所調整を行う相談先です。退院後の生活準備で重要です。,https://audry.jp/,青森県八戸市北白山台5丁目2-5東奥日報社八戸ビル4階東奥日報社八戸ビル,0178-51-6640,厚生労働省オープンデータ,https://www.mhlw.go.jp/content/12300000/jigyosho_430.csv,2025-12末,https://www.google.com/search?q=%E3%82%B1%E3%82%A2%E3%83%97%E3%83%A9%E3%83%B3%E3%82%BB%E3%83%B3%E3%82%BF%E3%83%BC%E3%82%AA%E3%83%BC%E3%83%89%E3%83%AA%E3%83%BC%E7%B5%86%20%E5%85%AB%E6%88%B8%E5%B8%82
しろがね居宅介護支援事業所,ケアマネジャー・居宅介護支援,青森県,八戸市,"介護,ケアマネジャー・居宅介護支援,相談",介護サービスの計画作成や事業所調整を行う相談先です。退院後の生活準備で重要です。,https://sg-shizuku.com,青森県八戸市大字白銀町字堀ノ内6番5号,0178-80-7553,厚生労働省オープンデータ,https://www.mhlw.go.jp/content/12300000/jigyosho_430.csv,2025-12末,https://www.google.com/search?q=%E3%81%97%E3%82%8D%E3%81%8C%E3%81%AD%E5%B1%85%E5%AE%85%E4%BB%8B%E8%AD%B7%E6%94%AF%E6%8F%B4%E4%BA%8B%E6%A5%AD%E6%89%80%20%E5%85%AB%E6%88%B8%E5%B8%82
介護あんしん相談室サンパチ,ケアマネジャー・居宅介護支援,青森県,八戸市,"介護,ケアマネジャー・居宅介護支援,相談",介護サービスの計画作成や事業所調整を行う相談先です。退院後の生活準備で重要です。,http://ecomo38.com/,青森県八戸市根城七丁目１２−２１,0178-38-9538,厚生労働省オープンデータ,https://www.mhlw.go.jp/content/12300000/jigyosho_430.csv,2025-12末,https://www.google.com/search?q=%E4%BB%8B%E8%AD%B7%E3%81%82%E3%82%93%E3%81%97%E3%82%93%E7%9B%B8%E8%AB%87%E5%AE%A4%E3%82%B5%E3%83%B3%E3%83%91%E3%83%81%20%E5%85%AB%E6%88%B8%E5%B8%82
白山台やすらぎ館居宅介護支援センター,ケアマネジャー・居宅介護支援,青森県,八戸市,"介護,ケアマネジャー・居宅介護支援,相談",介護サービスの計画作成や事業所調整を行う相談先です。退院後の生活準備で重要です。,http://www.maturyou.or.jp/yasuragikan/,青森県八戸市西白山台６丁目９－３０,0178-27-5216,厚生労働省オープンデータ,https://www.mhlw.go.jp/content/12300000/jigyosho_430.csv,2025-12末,https://www.google.com/search?q=%E7%99%BD%E5%B1%B1%E5%8F%B0%E3%82%84%E3%81%99%E3%82%89%E3%81%8E%E9%A4%A8%E5%B1%85%E5%AE%85%E4%BB%8B%E8%AD%B7%E6%94%AF%E6%8F%B4%E3%82%BB%E3%83%B3%E3%82%BF%E3%83%BC%20%E5%85%AB%E6%88%B8%E5%B8%82
居宅介護支援事業所　キラキラ,ケアマネジャー・居宅介護支援,青森県,八戸市,"介護,ケアマネジャー・居宅介護支援,相談",介護サービスの計画作成や事業所調整を行う相談先です。退院後の生活準備で重要です。,https://www.google.com/search?q=%E5%B1%85%E5%AE%85%E4%BB%8B%E8%AD%B7%E6%94%AF%E6%8F%B4%E4%BA%8B%E6%A5%AD%E6%89%80%E3%80%80%E3%82%AD%E3%83%A9%E3%82%AD%E3%83%A9%20%E5%85%AB%E6%88%B8%E5%B8%82,青森県八戸市市川町高屋敷32-2,09053478861,厚生労働省オープンデータ,https://www.mhlw.go.jp/content/12300000/jigyosho_430.csv,2025-12末,https://www.google.com/search?q=%E5%B1%85%E5%AE%85%E4%BB%8B%E8%AD%B7%E6%94%AF%E6%8F%B4%E4%BA%8B%E6%A5%AD%E6%89%80%E3%80%80%E3%82%AD%E3%83%A9%E3%82%AD%E3%83%A9%20%E5%85%AB%E6%88%B8%E5%B8%82
ミライフルケアプランサービス八戸,ケアマネジャー・居宅介護支援,青森県,八戸市,"介護,ケアマネジャー・居宅介護支援,相談",介護サービスの計画作成や事業所調整を行う相談先です。退院後の生活準備で重要です。,http://melife1.com/,青森県八戸市日計四丁目8-47オフィースアルタ101,0178-20-7535,厚生労働省オープンデータ,https://www.mhlw.go.jp/content/12300000/jigyosho_430.csv,2025-12末,https://www.google.com/search?q=%E3%83%9F%E3%83%A9%E3%82%A4%E3%83%95%E3%83%AB%E3%82%B1%E3%82%A2%E3%83%97%E3%83%A9%E3%83%B3%E3%82%B5%E3%83%BC%E3%83%93%E3%82%B9%E5%85%AB%E6%88%B8%20%E5%85%AB%E6%88%B8%E5%B8%82
居宅介護支援事業所　ほおずき,ケアマネジャー・居宅介護支援,青森県,八戸市,"介護,ケアマネジャー・居宅介護支援,相談",介護サービスの計画作成や事業所調整を行う相談先です。退院後の生活準備で重要です。,http://www.medicalfrontier.or.jp,青森県八戸市大字糠塚字大杉平8番地6,0178-38-7567,厚生労働省オープンデータ,https://www.mhlw.go.jp/content/12300000/jigyosho_430.csv,2025-12末,https://www.google.com/search?q=%E5%B1%85%E5%AE%85%E4%BB%8B%E8%AD%B7%E6%94%AF%E6%8F%B4%E4%BA%8B%E6%A5%AD%E6%89%80%E3%80%80%E3%81%BB%E3%81%8A%E3%81%9A%E3%81%8D%20%E5%85%AB%E6%88%B8%E5%B8%82
ケアプランサービスかざみどり,ケアマネジャー・居宅介護支援,青森県,八戸市,"介護,ケアマネジャー・居宅介護支援,相談",介護サービスの計画作成や事業所調整を行う相談先です。退院後の生活準備で重要です。,https://www.google.com/search?q=%E3%82%B1%E3%82%A2%E3%83%97%E3%83%A9%E3%83%B3%E3%82%B5%E3%83%BC%E3%83%93%E3%82%B9%E3%81%8B%E3%81%96%E3%81%BF%E3%81%A9%E3%82%8A%20%E5%85%AB%E6%88%B8%E5%B8%82,青森県八戸市尻内町鴨ヶ池138-2Peer小夏D棟,0178-20-7026,厚生労働省オープンデータ,https://www.mhlw.go.jp/content/12300000/jigyosho_430.csv,2025-12末,https://www.google.com/search?q=%E3%82%B1%E3%82%A2%E3%83%97%E3%83%A9%E3%83%B3%E3%82%B5%E3%83%BC%E3%83%93%E3%82%B9%E3%81%8B%E3%81%96%E3%81%BF%E3%81%A9%E3%82%8A%20%E5%85%AB%E6%88%B8%E5%B8%82
なかざわ居宅介護支援事業所,ケアマネジャー・居宅介護支援,青森県,八戸市,"介護,ケアマネジャー・居宅介護支援,相談",介護サービスの計画作成や事業所調整を行う相談先です。退院後の生活準備で重要です。,https://www.google.com/search?q=%E3%81%AA%E3%81%8B%E3%81%96%E3%82%8F%E5%B1%85%E5%AE%85%E4%BB%8B%E8%AD%B7%E6%94%AF%E6%8F%B4%E4%BA%8B%E6%A5%AD%E6%89%80%20%E5%85%AB%E6%88%B8%E5%B8%82,青森県八戸市大字新井田字館下1番地,0178-51-6009,厚生労働省オープンデータ,https://www.mhlw.go.jp/content/12300000/jigyosho_430.csv,2025-12末,https://www.google.com/search?q=%E3%81%AA%E3%81%8B%E3%81%96%E3%82%8F%E5%B1%85%E5%AE%85%E4%BB%8B%E8%AD%B7%E6%94%AF%E6%8F%B4%E4%BA%8B%E6%A5%AD%E6%89%80%20%E5%85%AB%E6%88%B8%E5%B8%82
居宅介護支援事業所いなほ,ケアマネジャー・居宅介護支援,青森県,八戸市,"介護,ケアマネジャー・居宅介護支援,相談",介護サービスの計画作成や事業所調整を行う相談先です。退院後の生活準備で重要です。,www.shunkoukai.or.jp,青森県八戸市東白山台三丁目20-5,0178-51-8813,厚生労働省オープンデータ,https://www.mhlw.go.jp/content/12300000/jigyosho_430.csv,2025-12末,https://www.google.com/search?q=%E5%B1%85%E5%AE%85%E4%BB%8B%E8%AD%B7%E6%94%AF%E6%8F%B4%E4%BA%8B%E6%A5%AD%E6%89%80%E3%81%84%E3%81%AA%E3%81%BB%20%E5%85%AB%E6%88%B8%E5%B8%82
ケアプランセンター淨信館,ケアマネジャー・居宅介護支援,青森県,八戸市,"介護,ケアマネジャー・居宅介護支援,相談",介護サービスの計画作成や事業所調整を行う相談先です。退院後の生活準備で重要です。,http://www.joshinkan.com,一番町二丁目3-11マンションエクレール１０５号室,0178-38-3102,厚生労働省オープンデータ,https://www.mhlw.go.jp/content/12300000/jigyosho_430.csv,2025-12末,https://www.google.com/search?q=%E3%82%B1%E3%82%A2%E3%83%97%E3%83%A9%E3%83%B3%E3%82%BB%E3%83%B3%E3%82%BF%E3%83%BC%E6%B7%A8%E4%BF%A1%E9%A4%A8%20%E5%85%AB%E6%88%B8%E5%B8%82
居宅介護支援事業所まほろば,ケアマネジャー・居宅介護支援,青森県,八戸市,"介護,ケアマネジャー・居宅介護支援,相談",介護サービスの計画作成や事業所調整を行う相談先です。退院後の生活準備で重要です。,https://www.google.com/search?q=%E5%B1%85%E5%AE%85%E4%BB%8B%E8%AD%B7%E6%94%AF%E6%8F%B4%E4%BA%8B%E6%A5%AD%E6%89%80%E3%81%BE%E3%81%BB%E3%82%8D%E3%81%B0%20%E5%85%AB%E6%88%B8%E5%B8%82,青森県八戸市柏崎４丁目7-29TOYビル３号室,0178-20-0331,厚生労働省オープンデータ,https://www.mhlw.go.jp/content/12300000/jigyosho_430.csv,2025-12末,https://www.google.com/search?q=%E5%B1%85%E5%AE%85%E4%BB%8B%E8%AD%B7%E6%94%AF%E6%8F%B4%E4%BA%8B%E6%A5%AD%E6%89%80%E3%81%BE%E3%81%BB%E3%82%8D%E3%81%B0%20%E5%85%AB%E6%88%B8%E5%B8%82
介護相談所テラ,ケアマネジャー・居宅介護支援,青森県,八戸市,"介護,ケアマネジャー・居宅介護支援,相談",介護サービスの計画作成や事業所調整を行う相談先です。退院後の生活準備で重要です。,https://www.google.com/search?q=%E4%BB%8B%E8%AD%B7%E7%9B%B8%E8%AB%87%E6%89%80%E3%83%86%E3%83%A9%20%E5%85%AB%E6%88%B8%E5%B8%82,青森県八戸市青葉２丁目10-8マンションあおば101,0178-38-1981,厚生労働省オープンデータ,https://www.mhlw.go.jp/content/12300000/jigyosho_430.csv,2025-12末,https://www.google.com/search?q=%E4%BB%8B%E8%AD%B7%E7%9B%B8%E8%AB%87%E6%89%80%E3%83%86%E3%83%A9%20%E5%85%AB%E6%88%B8%E5%B8%82
くまさか歯科介護支援センター,ケアマネジャー・居宅介護支援,青森県,八戸市,"介護,ケアマネジャー・居宅介護支援,相談",介護サービスの計画作成や事業所調整を行う相談先です。退院後の生活準備で重要です。,https://www.dentalkuma.com/bellemaison-k/,青森県八戸市石堂一丁目28-6コスモハイツC-2-3,0178-32-0590,厚生労働省オープンデータ,https://www.mhlw.go.jp/content/12300000/jigyosho_430.csv,2025-12末,https://www.google.com/search?q=%E3%81%8F%E3%81%BE%E3%81%95%E3%81%8B%E6%AD%AF%E7%A7%91%E4%BB%8B%E8%AD%B7%E6%94%AF%E6%8F%B4%E3%82%BB%E3%83%B3%E3%82%BF%E3%83%BC%20%E5%85%AB%E6%88%B8%E5%B8%82
社会福祉法人八戸市社会福祉協議会居宅介護支援事業所,ケアマネジャー・居宅介護支援,青森県,八戸市,"介護,ケアマネジャー・居宅介護支援,相談",介護サービスの計画作成や事業所調整を行う相談先です。退院後の生活準備で重要です。,https://www.hachinohe-shakyo.or.jp,青森県八戸市南郷大字島守字阿庄内１５－２,0178-82-3000,厚生労働省オープンデータ,https://www.mhlw.go.jp/content/12300000/jigyosho_430.csv,2025-12末,https://www.google.com/search?q=%E7%A4%BE%E4%BC%9A%E7%A6%8F%E7%A5%89%E6%B3%95%E4%BA%BA%E5%85%AB%E6%88%B8%E5%B8%82%E7%A4%BE%E4%BC%9A%E7%A6%8F%E7%A5%89%E5%8D%94%E8%AD%B0%E4%BC%9A%E5%B1%85%E5%AE%85%E4%BB%8B%E8%AD%B7%E6%94%AF%E6%8F%B4%E4%BA%8B%E6%A5%AD%E6%89%80%20%E5%85%AB%E6%88%B8%E5%B8%82
なんろく居宅介護支援事業所,ケアマネジャー・居宅介護支援,青森県,八戸市,"介護,ケアマネジャー・居宅介護支援,相談",介護サービスの計画作成や事業所調整を行う相談先です。退院後の生活準備で重要です。,http://www.nanrokukai.com/,青森県八戸市南郷大字島守字阿庄内15番地6,0178-82-3855,厚生労働省オープンデータ,https://www.mhlw.go.jp/content/12300000/jigyosho_430.csv,2025-12末,https://www.google.com/search?q=%E3%81%AA%E3%82%93%E3%82%8D%E3%81%8F%E5%B1%85%E5%AE%85%E4%BB%8B%E8%AD%B7%E6%94%AF%E6%8F%B4%E4%BA%8B%E6%A5%AD%E6%89%80%20%E5%85%AB%E6%88%B8%E5%B8%82
すみれ在宅介護支援センター,ケアマネジャー・居宅介護支援,青森県,黒石市,"介護,ケアマネジャー・居宅介護支援,相談",介護サービスの計画作成や事業所調整を行う相談先です。退院後の生活準備で重要です。,https://社会福祉法人すみれ会.com/,黒石市大字花巻字村北１３－３,0172-59-5123,厚生労働省オープンデータ,https://www.mhlw.go.jp/content/12300000/jigyosho_430.csv,2025-12末,https://www.google.com/search?q=%E3%81%99%E3%81%BF%E3%82%8C%E5%9C%A8%E5%AE%85%E4%BB%8B%E8%AD%B7%E6%94%AF%E6%8F%B4%E3%82%BB%E3%83%B3%E3%82%BF%E3%83%BC%20%E9%BB%92%E7%9F%B3%E5%B8%82
あしたばの里,ケアマネジャー・居宅介護支援,青森県,黒石市,"介護,ケアマネジャー・居宅介護支援,相談",介護サービスの計画作成や事業所調整を行う相談先です。退院後の生活準備で重要です。,http://www.ashitabanosato.jp,青森県黒石市末広６－１,0172-52-5101,厚生労働省オープンデータ,https://www.mhlw.go.jp/content/12300000/jigyosho_430.csv,2025-12末,https://www.google.com/search?q=%E3%81%82%E3%81%97%E3%81%9F%E3%81%B0%E3%81%AE%E9%87%8C%20%E9%BB%92%E7%9F%B3%E5%B8%82
黒石在宅介護支援センター,ケアマネジャー・居宅介護支援,青森県,黒石市,"介護,ケアマネジャー・居宅介護支援,相談",介護サービスの計画作成や事業所調整を行う相談先です。退院後の生活準備で重要です。,http://www.roujinhome-kuroishi.or.jp,青森県黒石市大字赤坂字池田１３６番地,0172-53-3228,厚生労働省オープンデータ,https://www.mhlw.go.jp/content/12300000/jigyosho_430.csv,2025-12末,https://www.google.com/search?q=%E9%BB%92%E7%9F%B3%E5%9C%A8%E5%AE%85%E4%BB%8B%E8%AD%B7%E6%94%AF%E6%8F%B4%E3%82%BB%E3%83%B3%E3%82%BF%E3%83%BC%20%E9%BB%92%E7%9F%B3%E5%B8%82
津軽在宅介護支援センター,ケアマネジャー・居宅介護支援,青森県,黒石市,"介護,ケアマネジャー・居宅介護支援,相談",介護サービスの計画作成や事業所調整を行う相談先です。退院後の生活準備で重要です。,https://www.google.com/search?q=%E6%B4%A5%E8%BB%BD%E5%9C%A8%E5%AE%85%E4%BB%8B%E8%AD%B7%E6%94%AF%E6%8F%B4%E3%82%BB%E3%83%B3%E3%82%BF%E3%83%BC%20%E9%BB%92%E7%9F%B3%E5%B8%82,青森県黒石市角田36番地3,0172-59-2872,厚生労働省オープンデータ,https://www.mhlw.go.jp/content/12300000/jigyosho_430.csv,2025-12末,https://www.google.com/search?q=%E6%B4%A5%E8%BB%BD%E5%9C%A8%E5%AE%85%E4%BB%8B%E8%AD%B7%E6%94%AF%E6%8F%B4%E3%82%BB%E3%83%B3%E3%82%BF%E3%83%BC%20%E9%BB%92%E7%9F%B3%E5%B8%82
居宅支援ハート,ケアマネジャー・居宅介護支援,青森県,黒石市,"介護,ケアマネジャー・居宅介護支援,相談",介護サービスの計画作成や事業所調整を行う相談先です。退院後の生活準備で重要です。,https://www.google.com/search?q=%E5%B1%85%E5%AE%85%E6%94%AF%E6%8F%B4%E3%83%8F%E3%83%BC%E3%83%88%20%E9%BB%92%E7%9F%B3%E5%B8%82,青森県黒石市松原78番地13,0172-53-8010,厚生労働省オープンデータ,https://www.mhlw.go.jp/content/12300000/jigyosho_430.csv,2025-12末,https://www.google.com/search?q=%E5%B1%85%E5%AE%85%E6%94%AF%E6%8F%B4%E3%83%8F%E3%83%BC%E3%83%88%20%E9%BB%92%E7%9F%B3%E5%B8%82
居宅介護支援事業所あさがお,ケアマネジャー・居宅介護支援,青森県,黒石市,"介護,ケアマネジャー・居宅介護支援,相談",介護サービスの計画作成や事業所調整を行う相談先です。退院後の生活準備で重要です。,https://www.google.com/search?q=%E5%B1%85%E5%AE%85%E4%BB%8B%E8%AD%B7%E6%94%AF%E6%8F%B4%E4%BA%8B%E6%A5%AD%E6%89%80%E3%81%82%E3%81%95%E3%81%8C%E3%81%8A%20%E9%BB%92%E7%9F%B3%E5%B8%82,青森県黒石市緑町4丁目180番地2,0172-55-9658,厚生労働省オープンデータ,https://www.mhlw.go.jp/content/12300000/jigyosho_430.csv,2025-12末,https://www.google.com/search?q=%E5%B1%85%E5%AE%85%E4%BB%8B%E8%AD%B7%E6%94%AF%E6%8F%B4%E4%BA%8B%E6%A5%AD%E6%89%80%E3%81%82%E3%81%95%E3%81%8C%E3%81%8A%20%E9%BB%92%E7%9F%B3%E5%B8%82
浦町居宅介護支援センター,ケアマネジャー・居宅介護支援,青森県,黒石市,"介護,ケアマネジャー・居宅介護支援,相談",介護サービスの計画作成や事業所調整を行う相談先です。退院後の生活準備で重要です。,http://www.mikasaen-hp.com/,黒石市浦町１丁目８２番地,0172-52-3733,厚生労働省オープンデータ,https://www.mhlw.go.jp/content/12300000/jigyosho_430.csv,2025-12末,https://www.google.com/search?q=%E6%B5%A6%E7%94%BA%E5%B1%85%E5%AE%85%E4%BB%8B%E8%AD%B7%E6%94%AF%E6%8F%B4%E3%82%BB%E3%83%B3%E3%82%BF%E3%83%BC%20%E9%BB%92%E7%9F%B3%E5%B8%82
居宅介護支援事業所ふくじゅ,ケアマネジャー・居宅介護支援,青森県,黒石市,"介護,ケアマネジャー・居宅介護支援,相談",介護サービスの計画作成や事業所調整を行う相談先です。退院後の生活準備で重要です。,https://www.google.com/search?q=%E5%B1%85%E5%AE%85%E4%BB%8B%E8%AD%B7%E6%94%AF%E6%8F%B4%E4%BA%8B%E6%A5%AD%E6%89%80%E3%81%B5%E3%81%8F%E3%81%98%E3%82%85%20%E9%BB%92%E7%9F%B3%E5%B8%82,青森県黒石市西ヶ丘２７４住宅型有料老人ホームきらら西ヶ丘内,０１７２－５５－８６７２,厚生労働省オープンデータ,https://www.mhlw.go.jp/content/12300000/jigyosho_430.csv,2025-12末,https://www.google.com/search?q=%E5%B1%85%E5%AE%85%E4%BB%8B%E8%AD%B7%E6%94%AF%E6%8F%B4%E4%BA%8B%E6%A5%AD%E6%89%80%E3%81%B5%E3%81%8F%E3%81%98%E3%82%85%20%E9%BB%92%E7%9F%B3%E5%B8%82
健生居宅ステーションちとせ,ケアマネジャー・居宅介護支援,青森県,黒石市,"介護,ケアマネジャー・居宅介護支援,相談",介護サービスの計画作成や事業所調整を行う相談先です。退院後の生活準備で重要です。,https://www.google.com/search?q=%E5%81%A5%E7%94%9F%E5%B1%85%E5%AE%85%E3%82%B9%E3%83%86%E3%83%BC%E3%82%B7%E3%83%A7%E3%83%B3%E3%81%A1%E3%81%A8%E3%81%9B%20%E9%BB%92%E7%9F%B3%E5%B8%82,青森県黒石市大字寿町23番地,0172-55-8488,厚生労働省オープンデータ,https://www.mhlw.go.jp/content/12300000/jigyosho_430.csv,2025-12末,https://www.google.com/search?q=%E5%81%A5%E7%94%9F%E5%B1%85%E5%AE%85%E3%82%B9%E3%83%86%E3%83%BC%E3%82%B7%E3%83%A7%E3%83%B3%E3%81%A1%E3%81%A8%E3%81%9B%20%E9%BB%92%E7%9F%B3%E5%B8%82
居宅介護支援「友情」,ケアマネジャー・居宅介護支援,青森県,黒石市,"介護,ケアマネジャー・居宅介護支援,相談",介護サービスの計画作成や事業所調整を行う相談先です。退院後の生活準備で重要です。,https://www.google.com/search?q=%E5%B1%85%E5%AE%85%E4%BB%8B%E8%AD%B7%E6%94%AF%E6%8F%B4%E3%80%8C%E5%8F%8B%E6%83%85%E3%80%8D%20%E9%BB%92%E7%9F%B3%E5%B8%82,大字中川字富田10番地2,0172-53-8236,厚生労働省オープンデータ,https://www.mhlw.go.jp/content/12300000/jigyosho_430.csv,2025-12末,https://www.google.com/search?q=%E5%B1%85%E5%AE%85%E4%BB%8B%E8%AD%B7%E6%94%AF%E6%8F%B4%E3%80%8C%E5%8F%8B%E6%83%85%E3%80%8D%20%E9%BB%92%E7%9F%B3%E5%B8%82
ケアプランすまいる,ケアマネジャー・居宅介護支援,青森県,黒石市,"介護,ケアマネジャー・居宅介護支援,相談",介護サービスの計画作成や事業所調整を行う相談先です。退院後の生活準備で重要です。,https://www.google.com/search?q=%E3%82%B1%E3%82%A2%E3%83%97%E3%83%A9%E3%83%B3%E3%81%99%E3%81%BE%E3%81%84%E3%82%8B%20%E9%BB%92%E7%9F%B3%E5%B8%82,青森県黒石市大字牡丹平字福民西５８番地１,0172-40-4611,厚生労働省オープンデータ,https://www.mhlw.go.jp/content/12300000/jigyosho_430.csv,2025-12末,https://www.google.com/search?q=%E3%82%B1%E3%82%A2%E3%83%97%E3%83%A9%E3%83%B3%E3%81%99%E3%81%BE%E3%81%84%E3%82%8B%20%E9%BB%92%E7%9F%B3%E5%B8%82
居宅介護支援事業所ハッピーライフ,ケアマネジャー・居宅介護支援,青森県,黒石市,"介護,ケアマネジャー・居宅介護支援,相談",介護サービスの計画作成や事業所調整を行う相談先です。退院後の生活準備で重要です。,https://www.google.com/search?q=%E5%B1%85%E5%AE%85%E4%BB%8B%E8%AD%B7%E6%94%AF%E6%8F%B4%E4%BA%8B%E6%A5%AD%E6%89%80%E3%83%8F%E3%83%83%E3%83%94%E3%83%BC%E3%83%A9%E3%82%A4%E3%83%95%20%E9%BB%92%E7%9F%B3%E5%B8%82,青森県黒石市大字牡丹平字福民西82番地12プランドール1号,0172-55-6033,厚生労働省オープンデータ,https://www.mhlw.go.jp/content/12300000/jigyosho_430.csv,2025-12末,https://www.google.com/search?q=%E5%B1%85%E5%AE%85%E4%BB%8B%E8%AD%B7%E6%94%AF%E6%8F%B4%E4%BA%8B%E6%A5%AD%E6%89%80%E3%83%8F%E3%83%83%E3%83%94%E3%83%BC%E3%83%A9%E3%82%A4%E3%83%95%20%E9%BB%92%E7%9F%B3%E5%B8%82
居宅介護支援事業所やわらぎ,ケアマネジャー・居宅介護支援,青森県,黒石市,"介護,ケアマネジャー・居宅介護支援,相談",介護サービスの計画作成や事業所調整を行う相談先です。退院後の生活準備で重要です。,http://nagomi-wagaya.jp,青森県黒石市大字牡丹平字福民23番地1,0172-26-7535,厚生労働省オープンデータ,https://www.mhlw.go.jp/content/12300000/jigyosho_430.csv,2025-12末,https://www.google.com/search?q=%E5%B1%85%E5%AE%85%E4%BB%8B%E8%AD%B7%E6%94%AF%E6%8F%B4%E4%BA%8B%E6%A5%AD%E6%89%80%E3%82%84%E3%82%8F%E3%82%89%E3%81%8E%20%E9%BB%92%E7%9F%B3%E5%B8%82
介護サービスまごころ,ケアマネジャー・居宅介護支援,青森県,五所川原市,"介護,ケアマネジャー・居宅介護支援,相談",介護サービスの計画作成や事業所調整を行う相談先です。退院後の生活準備で重要です。,https://www.google.com/search?q=%E4%BB%8B%E8%AD%B7%E3%82%B5%E3%83%BC%E3%83%93%E3%82%B9%E3%81%BE%E3%81%94%E3%81%93%E3%82%8D%20%E4%BA%94%E6%89%80%E5%B7%9D%E5%8E%9F%E5%B8%82,青森県五所川原市大字唐笠柳字藤巻４７８番地１７,0173-34-6682,厚生労働省オープンデータ,https://www.mhlw.go.jp/content/12300000/jigyosho_430.csv,2025-12末,https://www.google.com/search?q=%E4%BB%8B%E8%AD%B7%E3%82%B5%E3%83%BC%E3%83%93%E3%82%B9%E3%81%BE%E3%81%94%E3%81%93%E3%82%8D%20%E4%BA%94%E6%89%80%E5%B7%9D%E5%8E%9F%E5%B8%82
居宅介護支援事業所すわんの里,ケアマネジャー・居宅介護支援,青森県,五所川原市,"介護,ケアマネジャー・居宅介護支援,相談",介護サービスの計画作成や事業所調整を行う相談先です。退院後の生活準備で重要です。,http://www.swan-or.jp,青森県五所川原市脇元磯辺　365番地1,0173-62-2622,厚生労働省オープンデータ,https://www.mhlw.go.jp/content/12300000/jigyosho_430.csv,2025-12末,https://www.google.com/search?q=%E5%B1%85%E5%AE%85%E4%BB%8B%E8%AD%B7%E6%94%AF%E6%8F%B4%E4%BA%8B%E6%A5%AD%E6%89%80%E3%81%99%E3%82%8F%E3%82%93%E3%81%AE%E9%87%8C%20%E4%BA%94%E6%89%80%E5%B7%9D%E5%8E%9F%E5%B8%82
有限会社ケアサービスたんぽぽ,ケアマネジャー・居宅介護支援,青森県,五所川原市,"介護,ケアマネジャー・居宅介護支援,相談",介護サービスの計画作成や事業所調整を行う相談先です。退院後の生活準備で重要です。,https://www.care-tanpopo.co.jp/,青森県五所川原市金木町芦野200番地263,0173-54-2770,厚生労働省オープンデータ,https://www.mhlw.go.jp/content/12300000/jigyosho_430.csv,2025-12末,https://www.google.com/search?q=%E6%9C%89%E9%99%90%E4%BC%9A%E7%A4%BE%E3%82%B1%E3%82%A2%E3%82%B5%E3%83%BC%E3%83%93%E3%82%B9%E3%81%9F%E3%82%93%E3%81%BD%E3%81%BD%20%E4%BA%94%E6%89%80%E5%B7%9D%E5%8E%9F%E5%B8%82
白生会指定居宅介護支援事業所,ケアマネジャー・居宅介護支援,青森県,五所川原市,"介護,ケアマネジャー・居宅介護支援,相談",介護サービスの計画作成や事業所調整を行う相談先です。退院後の生活準備で重要です。,kaigosien-hakuseikai@rhythm.ocn.ne.jp,青森県五所川原市大字金山字竹崎254,0173-33-3102,厚生労働省オープンデータ,https://www.mhlw.go.jp/content/12300000/jigyosho_430.csv,2025-12末,https://www.google.com/search?q=%E7%99%BD%E7%94%9F%E4%BC%9A%E6%8C%87%E5%AE%9A%E5%B1%85%E5%AE%85%E4%BB%8B%E8%AD%B7%E6%94%AF%E6%8F%B4%E4%BA%8B%E6%A5%AD%E6%89%80%20%E4%BA%94%E6%89%80%E5%B7%9D%E5%8E%9F%E5%B8%82
あかね居宅介護支援センター,ケアマネジャー・居宅介護支援,青森県,五所川原市,"介護,ケアマネジャー・居宅介護支援,相談",介護サービスの計画作成や事業所調整を行う相談先です。退院後の生活準備で重要です。,http://wakanakai.com,青森県五所川原市大字前田野目字長峰１１２－２,0173-29-3532,厚生労働省オープンデータ,https://www.mhlw.go.jp/content/12300000/jigyosho_430.csv,2025-12末,https://www.google.com/search?q=%E3%81%82%E3%81%8B%E3%81%AD%E5%B1%85%E5%AE%85%E4%BB%8B%E8%AD%B7%E6%94%AF%E6%8F%B4%E3%82%BB%E3%83%B3%E3%82%BF%E3%83%BC%20%E4%BA%94%E6%89%80%E5%B7%9D%E5%8E%9F%E5%B8%82
祥光苑居宅介護支援事業所,ケアマネジャー・居宅介護支援,青森県,五所川原市,"介護,ケアマネジャー・居宅介護支援,相談",介護サービスの計画作成や事業所調整を行う相談先です。退院後の生活準備で重要です。,http://www.shokoen.or.jp,青森県五所川原市大字沖飯詰字帯刀３５７番地１,0173-36-3300,厚生労働省オープンデータ,https://www.mhlw.go.jp/content/12300000/jigyosho_430.csv,2025-12末,https://www.google.com/search?q=%E7%A5%A5%E5%85%89%E8%8B%91%E5%B1%85%E5%AE%85%E4%BB%8B%E8%AD%B7%E6%94%AF%E6%8F%B4%E4%BA%8B%E6%A5%AD%E6%89%80%20%E4%BA%94%E6%89%80%E5%B7%9D%E5%8E%9F%E5%B8%82
青山荘居宅介護支援事業所,ケアマネジャー・居宅介護支援,青森県,五所川原市,"介護,ケアマネジャー・居宅介護支援,相談",介護サービスの計画作成や事業所調整を行う相談先です。退院後の生活準備で重要です。,http://www.seizanso.or.jp/,青森県五所川原市大字金山字盛山42-8,0173-35-5225,厚生労働省オープンデータ,https://www.mhlw.go.jp/content/12300000/jigyosho_430.csv,2025-12末,https://www.google.com/search?q=%E9%9D%92%E5%B1%B1%E8%8D%98%E5%B1%85%E5%AE%85%E4%BB%8B%E8%AD%B7%E6%94%AF%E6%8F%B4%E4%BA%8B%E6%A5%AD%E6%89%80%20%E4%BA%94%E6%89%80%E5%B7%9D%E5%8E%9F%E5%B8%82
さかえ居宅介護支援センター,ケアマネジャー・居宅介護支援,青森県,五所川原市,"介護,ケアマネジャー・居宅介護支援,相談",介護サービスの計画作成や事業所調整を行う相談先です。退院後の生活準備で重要です。,http://www.takushinkai.or.jp,青森県五所川原市大字水野尾字懸樋２２２番地の３,0173-38-3000,厚生労働省オープンデータ,https://www.mhlw.go.jp/content/12300000/jigyosho_430.csv,2025-12末,https://www.google.com/search?q=%E3%81%95%E3%81%8B%E3%81%88%E5%B1%85%E5%AE%85%E4%BB%8B%E8%AD%B7%E6%94%AF%E6%8F%B4%E3%82%BB%E3%83%B3%E3%82%BF%E3%83%BC%20%E4%BA%94%E6%89%80%E5%B7%9D%E5%8E%9F%E5%B8%82
社会福祉法人　五所川原市社会福祉協議会,ケアマネジャー・居宅介護支援,青森県,五所川原市,"介護,ケアマネジャー・居宅介護支援,相談",介護サービスの計画作成や事業所調整を行う相談先です。退院後の生活準備で重要です。,http://gccsw.net/,青森県五所川原市字幾世森24番地38五所川原市地域福祉センター,0173-34-3400,厚生労働省オープンデータ,https://www.mhlw.go.jp/content/12300000/jigyosho_430.csv,2025-12末,https://www.google.com/search?q=%E7%A4%BE%E4%BC%9A%E7%A6%8F%E7%A5%89%E6%B3%95%E4%BA%BA%E3%80%80%E4%BA%94%E6%89%80%E5%B7%9D%E5%8E%9F%E5%B8%82%E7%A4%BE%E4%BC%9A%E7%A6%8F%E7%A5%89%E5%8D%94%E8%AD%B0%E4%BC%9A%20%E4%BA%94%E6%89%80%E5%B7%9D%E5%8E%9F%E5%B8%82
うめた居介護支援センター,ケアマネジャー・居宅介護支援,青森県,五所川原市,"介護,ケアマネジャー・居宅介護支援,相談",介護サービスの計画作成や事業所調整を行う相談先です。退院後の生活準備で重要です。,https://www.google.com/search?q=%E3%81%86%E3%82%81%E3%81%9F%E5%B1%85%E4%BB%8B%E8%AD%B7%E6%94%AF%E6%8F%B4%E3%82%BB%E3%83%B3%E3%82%BF%E3%83%BC%20%E4%BA%94%E6%89%80%E5%B7%9D%E5%8E%9F%E5%B8%82,青森県五所川原市大字梅田字福浦405-2,0173-28-2829,厚生労働省オープンデータ,https://www.mhlw.go.jp/content/12300000/jigyosho_430.csv,2025-12末,https://www.google.com/search?q=%E3%81%86%E3%82%81%E3%81%9F%E5%B1%85%E4%BB%8B%E8%AD%B7%E6%94%AF%E6%8F%B4%E3%82%BB%E3%83%B3%E3%82%BF%E3%83%BC%20%E4%BA%94%E6%89%80%E5%B7%9D%E5%8E%9F%E5%B8%82
あけぼの居宅介護支援センター,ケアマネジャー・居宅介護支援,青森県,五所川原市,"介護,ケアマネジャー・居宅介護支援,相談",介護サービスの計画作成や事業所調整を行う相談先です。退院後の生活準備で重要です。,https://www.google.com/search?q=%E3%81%82%E3%81%91%E3%81%BC%E3%81%AE%E5%B1%85%E5%AE%85%E4%BB%8B%E8%AD%B7%E6%94%AF%E6%8F%B4%E3%82%BB%E3%83%B3%E3%82%BF%E3%83%BC%20%E4%BA%94%E6%89%80%E5%B7%9D%E5%8E%9F%E5%B8%82,青森県五所川原市大字長橋字橋元75番地1,0173-26-7108,厚生労働省オープンデータ,https://www.mhlw.go.jp/content/12300000/jigyosho_430.csv,2025-12末,https://www.google.com/search?q=%E3%81%82%E3%81%91%E3%81%BC%E3%81%AE%E5%B1%85%E5%AE%85%E4%BB%8B%E8%AD%B7%E6%94%AF%E6%8F%B4%E3%82%BB%E3%83%B3%E3%82%BF%E3%83%BC%20%E4%BA%94%E6%89%80%E5%B7%9D%E5%8E%9F%E5%B8%82
ケアセンターいこい,ケアマネジャー・居宅介護支援,青森県,五所川原市,"介護,ケアマネジャー・居宅介護支援,相談",介護サービスの計画作成や事業所調整を行う相談先です。退院後の生活準備で重要です。,http://norita-group.com/contact/index.html,五所川原市字一ツ谷554番地9,0173-33-4308,厚生労働省オープンデータ,https://www.mhlw.go.jp/content/12300000/jigyosho_430.csv,2025-12末,https://www.google.com/search?q=%E3%82%B1%E3%82%A2%E3%82%BB%E3%83%B3%E3%82%BF%E3%83%BC%E3%81%84%E3%81%93%E3%81%84%20%E4%BA%94%E6%89%80%E5%B7%9D%E5%8E%9F%E5%B8%82
介護の森居宅介護支援事業所,ケアマネジャー・居宅介護支援,青森県,五所川原市,"介護,ケアマネジャー・居宅介護支援,相談",介護サービスの計画作成や事業所調整を行う相談先です。退院後の生活準備で重要です。,https://www.google.com/search?q=%E4%BB%8B%E8%AD%B7%E3%81%AE%E6%A3%AE%E5%B1%85%E5%AE%85%E4%BB%8B%E8%AD%B7%E6%94%AF%E6%8F%B4%E4%BA%8B%E6%A5%AD%E6%89%80%20%E4%BA%94%E6%89%80%E5%B7%9D%E5%8E%9F%E5%B8%82,青森県五所川原市中央一丁目４２番地,0173-38-5322,厚生労働省オープンデータ,https://www.mhlw.go.jp/content/12300000/jigyosho_430.csv,2025-12末,https://www.google.com/search?q=%E4%BB%8B%E8%AD%B7%E3%81%AE%E6%A3%AE%E5%B1%85%E5%AE%85%E4%BB%8B%E8%AD%B7%E6%94%AF%E6%8F%B4%E4%BA%8B%E6%A5%AD%E6%89%80%20%E4%BA%94%E6%89%80%E5%B7%9D%E5%8E%9F%E5%B8%82
社会福祉法人　白生会　居宅介護支援事業所　けやき,ケアマネジャー・居宅介護支援,青森県,五所川原市,"介護,ケアマネジャー・居宅介護支援,相談",介護サービスの計画作成や事業所調整を行う相談先です。退院後の生活準備で重要です。,wｅｌｆａｒｅ．ｈａｋｕｓｅｉｋａｉ．ｃｏｍ,五所川原市字敷島町1番地３,0173-38-3381,厚生労働省オープンデータ,https://www.mhlw.go.jp/content/12300000/jigyosho_430.csv,2025-12末,https://www.google.com/search?q=%E7%A4%BE%E4%BC%9A%E7%A6%8F%E7%A5%89%E6%B3%95%E4%BA%BA%E3%80%80%E7%99%BD%E7%94%9F%E4%BC%9A%E3%80%80%E5%B1%85%E5%AE%85%E4%BB%8B%E8%AD%B7%E6%94%AF%E6%8F%B4%E4%BA%8B%E6%A5%AD%E6%89%80%E3%80%80%E3%81%91%E3%82%84%E3%81%8D%20%E4%BA%94%E6%89%80%E5%B7%9D%E5%8E%9F%E5%B8%82
居宅介護支援事業所あおぞら,ケアマネジャー・居宅介護支援,青森県,五所川原市,"介護,ケアマネジャー・居宅介護支援,相談",介護サービスの計画作成や事業所調整を行う相談先です。退院後の生活準備で重要です。,https://www.google.com/search?q=%E5%B1%85%E5%AE%85%E4%BB%8B%E8%AD%B7%E6%94%AF%E6%8F%B4%E4%BA%8B%E6%A5%AD%E6%89%80%E3%81%82%E3%81%8A%E3%81%9E%E3%82%89%20%E4%BA%94%E6%89%80%E5%B7%9D%E5%8E%9F%E5%B8%82,五所川原市大字湊字船越311-1,0173-34-8701,厚生労働省オープンデータ,https://www.mhlw.go.jp/content/12300000/jigyosho_430.csv,2025-12末,https://www.google.com/search?q=%E5%B1%85%E5%AE%85%E4%BB%8B%E8%AD%B7%E6%94%AF%E6%8F%B4%E4%BA%8B%E6%A5%AD%E6%89%80%E3%81%82%E3%81%8A%E3%81%9E%E3%82%89%20%E4%BA%94%E6%89%80%E5%B7%9D%E5%8E%9F%E5%B8%82
居宅介護支援事業所あしの園,ケアマネジャー・居宅介護支援,青森県,五所川原市,"介護,ケアマネジャー・居宅介護支援,相談",介護サービスの計画作成や事業所調整を行う相談先です。退院後の生活準備で重要です。,https://www.ashino-kai.com/,青森県五所川原市金木町川倉七夕野８４番地４４２,０１７３－５４－１００３,厚生労働省オープンデータ,https://www.mhlw.go.jp/content/12300000/jigyosho_430.csv,2025-12末,https://www.google.com/search?q=%E5%B1%85%E5%AE%85%E4%BB%8B%E8%AD%B7%E6%94%AF%E6%8F%B4%E4%BA%8B%E6%A5%AD%E6%89%80%E3%81%82%E3%81%97%E3%81%AE%E5%9C%92%20%E4%BA%94%E6%89%80%E5%B7%9D%E5%8E%9F%E5%B8%82
五所川原中央居宅介護支援センター,ケアマネジャー・居宅介護支援,青森県,五所川原市,"介護,ケアマネジャー・居宅介護支援,相談",介護サービスの計画作成や事業所調整を行う相談先です。退院後の生活準備で重要です。,https://www.google.com/search?q=%E4%BA%94%E6%89%80%E5%B7%9D%E5%8E%9F%E4%B8%AD%E5%A4%AE%E5%B1%85%E5%AE%85%E4%BB%8B%E8%AD%B7%E6%94%AF%E6%8F%B4%E3%82%BB%E3%83%B3%E3%82%BF%E3%83%BC%20%E4%BA%94%E6%89%80%E5%B7%9D%E5%8E%9F%E5%B8%82,中央一丁目８７番地,0173-38-5511,厚生労働省オープンデータ,https://www.mhlw.go.jp/content/12300000/jigyosho_430.csv,2025-12末,https://www.google.com/search?q=%E4%BA%94%E6%89%80%E5%B7%9D%E5%8E%9F%E4%B8%AD%E5%A4%AE%E5%B1%85%E5%AE%85%E4%BB%8B%E8%AD%B7%E6%94%AF%E6%8F%B4%E3%82%BB%E3%83%B3%E3%82%BF%E3%83%BC%20%E4%BA%94%E6%89%80%E5%B7%9D%E5%8E%9F%E5%B8%82
居宅介護支援事業所さかもと,ケアマネジャー・居宅介護支援,青森県,五所川原市,"介護,ケアマネジャー・居宅介護支援,相談",介護サービスの計画作成や事業所調整を行う相談先です。退院後の生活準備で重要です。,https://sakamoto-sekkotu-in.com/sakorjusakamoto.html,字一ツ谷548番地8,080-8215-6973,厚生労働省オープンデータ,https://www.mhlw.go.jp/content/12300000/jigyosho_430.csv,2025-12末,https://www.google.com/search?q=%E5%B1%85%E5%AE%85%E4%BB%8B%E8%AD%B7%E6%94%AF%E6%8F%B4%E4%BA%8B%E6%A5%AD%E6%89%80%E3%81%95%E3%81%8B%E3%82%82%E3%81%A8%20%E4%BA%94%E6%89%80%E5%B7%9D%E5%8E%9F%E5%B8%82
居宅介護支援事業のざと,ケアマネジャー・居宅介護支援,青森県,五所川原市,"介護,ケアマネジャー・居宅介護支援,相談",介護サービスの計画作成や事業所調整を行う相談先です。退院後の生活準備で重要です。,http://ｗｗｗ.nh-nozato.jp/,青森県五所川原市大字神山字牧原56-1ナーシングホーム野里,0173-26-6303,厚生労働省オープンデータ,https://www.mhlw.go.jp/content/12300000/jigyosho_430.csv,2025-12末,https://www.google.com/search?q=%E5%B1%85%E5%AE%85%E4%BB%8B%E8%AD%B7%E6%94%AF%E6%8F%B4%E4%BA%8B%E6%A5%AD%E3%81%AE%E3%81%96%E3%81%A8%20%E4%BA%94%E6%89%80%E5%B7%9D%E5%8E%9F%E5%B8%82
あずましや居宅介護支援事業所,ケアマネジャー・居宅介護支援,青森県,五所川原市,"介護,ケアマネジャー・居宅介護支援,相談",介護サービスの計画作成や事業所調整を行う相談先です。退院後の生活準備で重要です。,https://www.google.com/search?q=%E3%81%82%E3%81%9A%E3%81%BE%E3%81%97%E3%82%84%E5%B1%85%E5%AE%85%E4%BB%8B%E8%AD%B7%E6%94%AF%E6%8F%B4%E4%BA%8B%E6%A5%AD%E6%89%80%20%E4%BA%94%E6%89%80%E5%B7%9D%E5%8E%9F%E5%B8%82,青森県五所川原市字鎌谷町520番地4,0173-34-5856,厚生労働省オープンデータ,https://www.mhlw.go.jp/content/12300000/jigyosho_430.csv,2025-12末,https://www.google.com/search?q=%E3%81%82%E3%81%9A%E3%81%BE%E3%81%97%E3%82%84%E5%B1%85%E5%AE%85%E4%BB%8B%E8%AD%B7%E6%94%AF%E6%8F%B4%E4%BA%8B%E6%A5%AD%E6%89%80%20%E4%BA%94%E6%89%80%E5%B7%9D%E5%8E%9F%E5%B8%82
居宅介護支援事業所みどり,ケアマネジャー・居宅介護支援,青森県,五所川原市,"介護,ケアマネジャー・居宅介護支援,相談",介護サービスの計画作成や事業所調整を行う相談先です。退院後の生活準備で重要です。,https://www.google.com/search?q=%E5%B1%85%E5%AE%85%E4%BB%8B%E8%AD%B7%E6%94%AF%E6%8F%B4%E4%BA%8B%E6%A5%AD%E6%89%80%E3%81%BF%E3%81%A9%E3%82%8A%20%E4%BA%94%E6%89%80%E5%B7%9D%E5%8E%9F%E5%B8%82,青森県五所川原市みどり町四丁目４６番地,０１７３－２６－７７０５,厚生労働省オープンデータ,https://www.mhlw.go.jp/content/12300000/jigyosho_430.csv,2025-12末,https://www.google.com/search?q=%E5%B1%85%E5%AE%85%E4%BB%8B%E8%AD%B7%E6%94%AF%E6%8F%B4%E4%BA%8B%E6%A5%AD%E6%89%80%E3%81%BF%E3%81%A9%E3%82%8A%20%E4%BA%94%E6%89%80%E5%B7%9D%E5%8E%9F%E5%B8%82
居宅介護支援事業所　ふぁみりあ,ケアマネジャー・居宅介護支援,青森県,五所川原市,"介護,ケアマネジャー・居宅介護支援,相談",介護サービスの計画作成や事業所調整を行う相談先です。退院後の生活準備で重要です。,https://www.google.com/search?q=%E5%B1%85%E5%AE%85%E4%BB%8B%E8%AD%B7%E6%94%AF%E6%8F%B4%E4%BA%8B%E6%A5%AD%E6%89%80%E3%80%80%E3%81%B5%E3%81%81%E3%81%BF%E3%82%8A%E3%81%82%20%E4%BA%94%E6%89%80%E5%B7%9D%E5%8E%9F%E5%B8%82,青森県五所川原市大字高野字北原222-1,0173-26-7161,厚生労働省オープンデータ,https://www.mhlw.go.jp/content/12300000/jigyosho_430.csv,2025-12末,https://www.google.com/search?q=%E5%B1%85%E5%AE%85%E4%BB%8B%E8%AD%B7%E6%94%AF%E6%8F%B4%E4%BA%8B%E6%A5%AD%E6%89%80%E3%80%80%E3%81%B5%E3%81%81%E3%81%BF%E3%82%8A%E3%81%82%20%E4%BA%94%E6%89%80%E5%B7%9D%E5%8E%9F%E5%B8%82
居宅介護支援事業所森の明,ケアマネジャー・居宅介護支援,青森県,五所川原市,"介護,ケアマネジャー・居宅介護支援,相談",介護サービスの計画作成や事業所調整を行う相談先です。退院後の生活準備で重要です。,https://mori-no-akari.net/,青森県五所川原市松野木花笠95番地2,0173-26-7730,厚生労働省オープンデータ,https://www.mhlw.go.jp/content/12300000/jigyosho_430.csv,2025-12末,https://www.google.com/search?q=%E5%B1%85%E5%AE%85%E4%BB%8B%E8%AD%B7%E6%94%AF%E6%8F%B4%E4%BA%8B%E6%A5%AD%E6%89%80%E6%A3%AE%E3%81%AE%E6%98%8E%20%E4%BA%94%E6%89%80%E5%B7%9D%E5%8E%9F%E5%B8%82
みちのく居宅介護支援事業所,ケアマネジャー・居宅介護支援,青森県,五所川原市,"介護,ケアマネジャー・居宅介護支援,相談",介護サービスの計画作成や事業所調整を行う相談先です。退院後の生活準備で重要です。,https://www.google.com/search?q=%E3%81%BF%E3%81%A1%E3%81%AE%E3%81%8F%E5%B1%85%E5%AE%85%E4%BB%8B%E8%AD%B7%E6%94%AF%E6%8F%B4%E4%BA%8B%E6%A5%AD%E6%89%80%20%E4%BA%94%E6%89%80%E5%B7%9D%E5%8E%9F%E5%B8%82,青森県五所川原市姥萢字船橋245番地2みちのく調剤薬局　2階,0173-26-6185,厚生労働省オープンデータ,https://www.mhlw.go.jp/content/12300000/jigyosho_430.csv,2025-12末,https://www.google.com/search?q=%E3%81%BF%E3%81%A1%E3%81%AE%E3%81%8F%E5%B1%85%E5%AE%85%E4%BB%8B%E8%AD%B7%E6%94%AF%E6%8F%B4%E4%BA%8B%E6%A5%AD%E6%89%80%20%E4%BA%94%E6%89%80%E5%B7%9D%E5%8E%9F%E5%B8%82
居宅介護支援事業所すわんの里,ケアマネジャー・居宅介護支援,青森県,五所川原市,"介護,ケアマネジャー・居宅介護支援,相談",介護サービスの計画作成や事業所調整を行う相談先です。退院後の生活準備で重要です。,www.takushinkai.or.jp,青森県五所川原市脇元磯辺365番地1,0173－62－2622,厚生労働省オープンデータ,https://www.mhlw.go.jp/content/12300000/jigyosho_430.csv,2025-12末,https://www.google.com/search?q=%E5%B1%85%E5%AE%85%E4%BB%8B%E8%AD%B7%E6%94%AF%E6%8F%B4%E4%BA%8B%E6%A5%AD%E6%89%80%E3%81%99%E3%82%8F%E3%82%93%E3%81%AE%E9%87%8C%20%E4%BA%94%E6%89%80%E5%B7%9D%E5%8E%9F%E5%B8%82
市浦在宅介護支援センター,ケアマネジャー・居宅介護支援,青森県,五所川原市,"介護,ケアマネジャー・居宅介護支援,相談",介護サービスの計画作成や事業所調整を行う相談先です。退院後の生活準備で重要です。,http://gccsw.net/,五所川原市相内273番地,0173-62-3303,厚生労働省オープンデータ,https://www.mhlw.go.jp/content/12300000/jigyosho_430.csv,2025-12末,https://www.google.com/search?q=%E5%B8%82%E6%B5%A6%E5%9C%A8%E5%AE%85%E4%BB%8B%E8%AD%B7%E6%94%AF%E6%8F%B4%E3%82%BB%E3%83%B3%E3%82%BF%E3%83%BC%20%E4%BA%94%E6%89%80%E5%B7%9D%E5%8E%9F%E5%B8%82
五所川原市社会福祉協議会金木支所,ケアマネジャー・居宅介護支援,青森県,五所川原市,"介護,ケアマネジャー・居宅介護支援,相談",介護サービスの計画作成や事業所調整を行う相談先です。退院後の生活準備で重要です。,https://www.google.com/search?q=%E4%BA%94%E6%89%80%E5%B7%9D%E5%8E%9F%E5%B8%82%E7%A4%BE%E4%BC%9A%E7%A6%8F%E7%A5%89%E5%8D%94%E8%AD%B0%E4%BC%9A%E9%87%91%E6%9C%A8%E6%94%AF%E6%89%80%20%E4%BA%94%E6%89%80%E5%B7%9D%E5%8E%9F%E5%B8%82,五所川原市金木町川倉七夕野426番地11金木生活支援ハウス,0173-54-1051,厚生労働省オープンデータ,https://www.mhlw.go.jp/content/12300000/jigyosho_430.csv,2025-12末,https://www.google.com/search?q=%E4%BA%94%E6%89%80%E5%B7%9D%E5%8E%9F%E5%B8%82%E7%A4%BE%E4%BC%9A%E7%A6%8F%E7%A5%89%E5%8D%94%E8%AD%B0%E4%BC%9A%E9%87%91%E6%9C%A8%E6%94%AF%E6%89%80%20%E4%BA%94%E6%89%80%E5%B7%9D%E5%8E%9F%E5%B8%82
サンライフ居宅介護支援事業所,ケアマネジャー・居宅介護支援,青森県,五所川原市,"介護,ケアマネジャー・居宅介護支援,相談",介護サービスの計画作成や事業所調整を行う相談先です。退院後の生活準備で重要です。,http://www.hojyukai.or.jp/,青森県五所川原市金木町芦野２００番地１７６,0173-53-3350,厚生労働省オープンデータ,https://www.mhlw.go.jp/content/12300000/jigyosho_430.csv,2025-12末,https://www.google.com/search?q=%E3%82%B5%E3%83%B3%E3%83%A9%E3%82%A4%E3%83%95%E5%B1%85%E5%AE%85%E4%BB%8B%E8%AD%B7%E6%94%AF%E6%8F%B4%E4%BA%8B%E6%A5%AD%E6%89%80%20%E4%BA%94%E6%89%80%E5%B7%9D%E5%8E%9F%E5%B8%82
さくら社会福祉士事務所,ケアマネジャー・居宅介護支援,青森県,十和田市,"介護,ケアマネジャー・居宅介護支援,相談",介護サービスの計画作成や事業所調整を行う相談先です。退院後の生活準備で重要です。,http://hp.kaipoke.biz/0nm/,青森県十和田市東十一番町5-36,0176-58-6551,厚生労働省オープンデータ,https://www.mhlw.go.jp/content/12300000/jigyosho_430.csv,2025-12末,https://www.google.com/search?q=%E3%81%95%E3%81%8F%E3%82%89%E7%A4%BE%E4%BC%9A%E7%A6%8F%E7%A5%89%E5%A3%AB%E4%BA%8B%E5%8B%99%E6%89%80%20%E5%8D%81%E5%92%8C%E7%94%B0%E5%B8%82
居宅介護支援事業所Tsugu,ケアマネジャー・居宅介護支援,青森県,十和田市,"介護,ケアマネジャー・居宅介護支援,相談",介護サービスの計画作成や事業所調整を行う相談先です。退院後の生活準備で重要です。,https://www.beliefcare-towada.com,青森県十和田市大字三本木字西小稲189番地6,0176-27-1306,厚生労働省オープンデータ,https://www.mhlw.go.jp/content/12300000/jigyosho_430.csv,2025-12末,https://www.google.com/search?q=%E5%B1%85%E5%AE%85%E4%BB%8B%E8%AD%B7%E6%94%AF%E6%8F%B4%E4%BA%8B%E6%A5%AD%E6%89%80Tsugu%20%E5%8D%81%E5%92%8C%E7%94%B0%E5%B8%82
みどりの風居宅介護支援事業所,ケアマネジャー・居宅介護支援,青森県,十和田市,"介護,ケアマネジャー・居宅介護支援,相談",介護サービスの計画作成や事業所調整を行う相談先です。退院後の生活準備で重要です。,https://midori-mori.jimdo.com/,青森県十和田市西三番町２２番３２号,0176-58-6727,厚生労働省オープンデータ,https://www.mhlw.go.jp/content/12300000/jigyosho_430.csv,2025-12末,https://www.google.com/search?q=%E3%81%BF%E3%81%A9%E3%82%8A%E3%81%AE%E9%A2%A8%E5%B1%85%E5%AE%85%E4%BB%8B%E8%AD%B7%E6%94%AF%E6%8F%B4%E4%BA%8B%E6%A5%AD%E6%89%80%20%E5%8D%81%E5%92%8C%E7%94%B0%E5%B8%82
老人保健施設　みのり苑　居宅介護支援事業所,ケアマネジャー・居宅介護支援,青森県,十和田市,"介護,ケアマネジャー・居宅介護支援,相談",介護サービスの計画作成や事業所調整を行う相談先です。退院後の生活準備で重要です。,http://www.fukushinosato.com,青森県十和田市大字切田字横道100-22,0176-25-1100,厚生労働省オープンデータ,https://www.mhlw.go.jp/content/12300000/jigyosho_430.csv,2025-12末,https://www.google.com/search?q=%E8%80%81%E4%BA%BA%E4%BF%9D%E5%81%A5%E6%96%BD%E8%A8%AD%E3%80%80%E3%81%BF%E3%81%AE%E3%82%8A%E8%8B%91%E3%80%80%E5%B1%85%E5%AE%85%E4%BB%8B%E8%AD%B7%E6%94%AF%E6%8F%B4%E4%BA%8B%E6%A5%AD%E6%89%80%20%E5%8D%81%E5%92%8C%E7%94%B0%E5%B8%82
十和田在宅介護支援センター,ケアマネジャー・居宅介護支援,青森県,十和田市,"介護,ケアマネジャー・居宅介護支援,相談",介護サービスの計画作成や事業所調整を行う相談先です。退院後の生活準備で重要です。,http://www.fukushinosato.com,青森県十和田市西二十三番町30-36,0176-22-6666,厚生労働省オープンデータ,https://www.mhlw.go.jp/content/12300000/jigyosho_430.csv,2025-12末,https://www.google.com/search?q=%E5%8D%81%E5%92%8C%E7%94%B0%E5%9C%A8%E5%AE%85%E4%BB%8B%E8%AD%B7%E6%94%AF%E6%8F%B4%E3%82%BB%E3%83%B3%E3%82%BF%E3%83%BC%20%E5%8D%81%E5%92%8C%E7%94%B0%E5%B8%82
ニチイケアセンター十和田,ケアマネジャー・居宅介護支援,青森県,十和田市,"介護,ケアマネジャー・居宅介護支援,相談",介護サービスの計画作成や事業所調整を行う相談先です。退院後の生活準備で重要です。,http://www.nichiigakkan.co.jp,青森県十和田市稲生町４－２３第一田中ビル４階,0176-20-2781,厚生労働省オープンデータ,https://www.mhlw.go.jp/content/12300000/jigyosho_430.csv,2025-12末,https://www.google.com/search?q=%E3%83%8B%E3%83%81%E3%82%A4%E3%82%B1%E3%82%A2%E3%82%BB%E3%83%B3%E3%82%BF%E3%83%BC%E5%8D%81%E5%92%8C%E7%94%B0%20%E5%8D%81%E5%92%8C%E7%94%B0%E5%B8%82
居宅介護支援事業所みちのく,ケアマネジャー・居宅介護支援,青森県,十和田市,"介護,ケアマネジャー・居宅介護支援,相談",介護サービスの計画作成や事業所調整を行う相談先です。退院後の生活準備で重要です。,https://www.google.com/search?q=%E5%B1%85%E5%AE%85%E4%BB%8B%E8%AD%B7%E6%94%AF%E6%8F%B4%E4%BA%8B%E6%A5%AD%E6%89%80%E3%81%BF%E3%81%A1%E3%81%AE%E3%81%8F%20%E5%8D%81%E5%92%8C%E7%94%B0%E5%B8%82,十和田市大字三本木字里ノ沢1-249,0176-25-7700,厚生労働省オープンデータ,https://www.mhlw.go.jp/content/12300000/jigyosho_430.csv,2025-12末,https://www.google.com/search?q=%E5%B1%85%E5%AE%85%E4%BB%8B%E8%AD%B7%E6%94%AF%E6%8F%B4%E4%BA%8B%E6%A5%AD%E6%89%80%E3%81%BF%E3%81%A1%E3%81%AE%E3%81%8F%20%E5%8D%81%E5%92%8C%E7%94%B0%E5%B8%82
十和田第一病院居宅介護支援事業所,ケアマネジャー・居宅介護支援,青森県,十和田市,"介護,ケアマネジャー・居宅介護支援,相談",介護サービスの計画作成や事業所調整を行う相談先です。退院後の生活準備で重要です。,http://www.towadahp.or.jp,青森県十和田市東三番町１０－７０,0176-21-5770,厚生労働省オープンデータ,https://www.mhlw.go.jp/content/12300000/jigyosho_430.csv,2025-12末,https://www.google.com/search?q=%E5%8D%81%E5%92%8C%E7%94%B0%E7%AC%AC%E4%B8%80%E7%97%85%E9%99%A2%E5%B1%85%E5%AE%85%E4%BB%8B%E8%AD%B7%E6%94%AF%E6%8F%B4%E4%BA%8B%E6%A5%AD%E6%89%80%20%E5%8D%81%E5%92%8C%E7%94%B0%E5%B8%82
ケア・プランステーション「たかや」,ケアマネジャー・居宅介護支援,青森県,十和田市,"介護,ケアマネジャー・居宅介護支援,相談",介護サービスの計画作成や事業所調整を行う相談先です。退院後の生活準備で重要です。,https://www.google.com/search?q=%E3%82%B1%E3%82%A2%E3%83%BB%E3%83%97%E3%83%A9%E3%83%B3%E3%82%B9%E3%83%86%E3%83%BC%E3%82%B7%E3%83%A7%E3%83%B3%E3%80%8C%E3%81%9F%E3%81%8B%E3%82%84%E3%80%8D%20%E5%8D%81%E5%92%8C%E7%94%B0%E5%B8%82,青森県十和田市西一番町10-76,0176-21-2066,厚生労働省オープンデータ,https://www.mhlw.go.jp/content/12300000/jigyosho_430.csv,2025-12末,https://www.google.com/search?q=%E3%82%B1%E3%82%A2%E3%83%BB%E3%83%97%E3%83%A9%E3%83%B3%E3%82%B9%E3%83%86%E3%83%BC%E3%82%B7%E3%83%A7%E3%83%B3%E3%80%8C%E3%81%9F%E3%81%8B%E3%82%84%E3%80%8D%20%E5%8D%81%E5%92%8C%E7%94%B0%E5%B8%82
居宅介護支援事業所八甲荘,ケアマネジャー・居宅介護支援,青森県,十和田市,"介護,ケアマネジャー・居宅介護支援,相談",介護サービスの計画作成や事業所調整を行う相談先です。退院後の生活準備で重要です。,http://hakkoudakai.jp/,青森県十和田市西二番町4番3号十誠ビル1階,0176-58-5535,厚生労働省オープンデータ,https://www.mhlw.go.jp/content/12300000/jigyosho_430.csv,2025-12末,https://www.google.com/search?q=%E5%B1%85%E5%AE%85%E4%BB%8B%E8%AD%B7%E6%94%AF%E6%8F%B4%E4%BA%8B%E6%A5%AD%E6%89%80%E5%85%AB%E7%94%B2%E8%8D%98%20%E5%8D%81%E5%92%8C%E7%94%B0%E5%B8%82
居宅介護支援事業所　　きゃんぱす,ケアマネジャー・居宅介護支援,青森県,十和田市,"介護,ケアマネジャー・居宅介護支援,相談",介護サービスの計画作成や事業所調整を行う相談先です。退院後の生活準備で重要です。,http://www.korakuen.or.jp,十和田市大字相坂字小林７８－７,0176-20-1877,厚生労働省オープンデータ,https://www.mhlw.go.jp/content/12300000/jigyosho_430.csv,2025-12末,https://www.google.com/search?q=%E5%B1%85%E5%AE%85%E4%BB%8B%E8%AD%B7%E6%94%AF%E6%8F%B4%E4%BA%8B%E6%A5%AD%E6%89%80%E3%80%80%E3%80%80%E3%81%8D%E3%82%83%E3%82%93%E3%81%B1%E3%81%99%20%E5%8D%81%E5%92%8C%E7%94%B0%E5%B8%82
JA十和田おいらせ居宅介護支援事業所「きずな」,ケアマネジャー・居宅介護支援,青森県,十和田市,"介護,ケアマネジャー・居宅介護支援,相談",介護サービスの計画作成や事業所調整を行う相談先です。退院後の生活準備で重要です。,http://care-net.biz/02/kizuna/,十和田市東一番町6-51,0176-58-6009,厚生労働省オープンデータ,https://www.mhlw.go.jp/content/12300000/jigyosho_430.csv,2025-12末,https://www.google.com/search?q=JA%E5%8D%81%E5%92%8C%E7%94%B0%E3%81%8A%E3%81%84%E3%82%89%E3%81%9B%E5%B1%85%E5%AE%85%E4%BB%8B%E8%AD%B7%E6%94%AF%E6%8F%B4%E4%BA%8B%E6%A5%AD%E6%89%80%E3%80%8C%E3%81%8D%E3%81%9A%E3%81%AA%E3%80%8D%20%E5%8D%81%E5%92%8C%E7%94%B0%E5%B8%82
介護老人保健施設とわだ,ケアマネジャー・居宅介護支援,青森県,十和田市,"介護,ケアマネジャー・居宅介護支援,相談",介護サービスの計画作成や事業所調整を行う相談先です。退院後の生活準備で重要です。,https://www.facebook.com/sgtowada/,青森県十和田市大字洞内字長田60-6,0176-27-3158,厚生労働省オープンデータ,https://www.mhlw.go.jp/content/12300000/jigyosho_430.csv,2025-12末,https://www.google.com/search?q=%E4%BB%8B%E8%AD%B7%E8%80%81%E4%BA%BA%E4%BF%9D%E5%81%A5%E6%96%BD%E8%A8%AD%E3%81%A8%E3%82%8F%E3%81%A0%20%E5%8D%81%E5%92%8C%E7%94%B0%E5%B8%82
在宅介護支援センターハートランド　居宅介護支援事業所,ケアマネジャー・居宅介護支援,青森県,十和田市,"介護,ケアマネジャー・居宅介護支援,相談",介護サービスの計画作成や事業所調整を行う相談先です。退院後の生活準備で重要です。,https://www.sg-heart.or.jp/,青森県十和田市大字相坂字高清水７８－４５０,0176-23-2005,厚生労働省オープンデータ,https://www.mhlw.go.jp/content/12300000/jigyosho_430.csv,2025-12末,https://www.google.com/search?q=%E5%9C%A8%E5%AE%85%E4%BB%8B%E8%AD%B7%E6%94%AF%E6%8F%B4%E3%82%BB%E3%83%B3%E3%82%BF%E3%83%BC%E3%83%8F%E3%83%BC%E3%83%88%E3%83%A9%E3%83%B3%E3%83%89%E3%80%80%E5%B1%85%E5%AE%85%E4%BB%8B%E8%AD%B7%E6%94%AF%E6%8F%B4%E4%BA%8B%E6%A5%AD%E6%89%80%20%E5%8D%81%E5%92%8C%E7%94%B0%E5%B8%82
居宅介護支援事業所えがお,ケアマネジャー・居宅介護支援,青森県,十和田市,"介護,ケアマネジャー・居宅介護支援,相談",介護サービスの計画作成や事業所調整を行う相談先です。退院後の生活準備で重要です。,https://www.sg-heart.or.jp/,青森県十和田市穂並町6-27,0176-21-3355,厚生労働省オープンデータ,https://www.mhlw.go.jp/content/12300000/jigyosho_430.csv,2025-12末,https://www.google.com/search?q=%E5%B1%85%E5%AE%85%E4%BB%8B%E8%AD%B7%E6%94%AF%E6%8F%B4%E4%BA%8B%E6%A5%AD%E6%89%80%E3%81%88%E3%81%8C%E3%81%8A%20%E5%8D%81%E5%92%8C%E7%94%B0%E5%B8%82
株式会社ケアライフ青森　十和田営業所,ケアマネジャー・居宅介護支援,青森県,十和田市,"介護,ケアマネジャー・居宅介護支援,相談",介護サービスの計画作成や事業所調整を行う相談先です。退院後の生活準備で重要です。,http://www.carelife-net.co.jp,青森県十和田市大字洞内字後野331番15号アベニュービル1階,0176-27-6200,厚生労働省オープンデータ,https://www.mhlw.go.jp/content/12300000/jigyosho_430.csv,2025-12末,https://www.google.com/search?q=%E6%A0%AA%E5%BC%8F%E4%BC%9A%E7%A4%BE%E3%82%B1%E3%82%A2%E3%83%A9%E3%82%A4%E3%83%95%E9%9D%92%E6%A3%AE%E3%80%80%E5%8D%81%E5%92%8C%E7%94%B0%E5%96%B6%E6%A5%AD%E6%89%80%20%E5%8D%81%E5%92%8C%E7%94%B0%E5%B8%82
居宅介護支援事業所どんぐり村,ケアマネジャー・居宅介護支援,青森県,十和田市,"介護,ケアマネジャー・居宅介護支援,相談",介護サービスの計画作成や事業所調整を行う相談先です。退院後の生活準備で重要です。,http://ikigai-towada.net,青森県十和田市東三番町1番6号,0176-21-3036,厚生労働省オープンデータ,https://www.mhlw.go.jp/content/12300000/jigyosho_430.csv,2025-12末,https://www.google.com/search?q=%E5%B1%85%E5%AE%85%E4%BB%8B%E8%AD%B7%E6%94%AF%E6%8F%B4%E4%BA%8B%E6%A5%AD%E6%89%80%E3%81%A9%E3%82%93%E3%81%90%E3%82%8A%E6%9D%91%20%E5%8D%81%E5%92%8C%E7%94%B0%E5%B8%82
くらしの居宅介護支援事業所,ケアマネジャー・居宅介護支援,青森県,十和田市,"介護,ケアマネジャー・居宅介護支援,相談",介護サービスの計画作成や事業所調整を行う相談先です。退院後の生活準備で重要です。,https://kurashilabo.co.jp/,青森県十和田市西十一番町3番20号,0176-58-6490,厚生労働省オープンデータ,https://www.mhlw.go.jp/content/12300000/jigyosho_430.csv,2025-12末,https://www.google.com/search?q=%E3%81%8F%E3%82%89%E3%81%97%E3%81%AE%E5%B1%85%E5%AE%85%E4%BB%8B%E8%AD%B7%E6%94%AF%E6%8F%B4%E4%BA%8B%E6%A5%AD%E6%89%80%20%E5%8D%81%E5%92%8C%E7%94%B0%E5%B8%82
居宅介護支援事業所　虹心,ケアマネジャー・居宅介護支援,青森県,十和田市,"介護,ケアマネジャー・居宅介護支援,相談",介護サービスの計画作成や事業所調整を行う相談先です。退院後の生活準備で重要です。,https://www.google.com/search?q=%E5%B1%85%E5%AE%85%E4%BB%8B%E8%AD%B7%E6%94%AF%E6%8F%B4%E4%BA%8B%E6%A5%AD%E6%89%80%E3%80%80%E8%99%B9%E5%BF%83%20%E5%8D%81%E5%92%8C%E7%94%B0%E5%B8%82,東十三番町33番-18-10号向井宅2F,0176-51-0672,厚生労働省オープンデータ,https://www.mhlw.go.jp/content/12300000/jigyosho_430.csv,2025-12末,https://www.google.com/search?q=%E5%B1%85%E5%AE%85%E4%BB%8B%E8%AD%B7%E6%94%AF%E6%8F%B4%E4%BA%8B%E6%A5%AD%E6%89%80%E3%80%80%E8%99%B9%E5%BF%83%20%E5%8D%81%E5%92%8C%E7%94%B0%E5%B8%82
医療法人　仁泉会　おしどりの里　在宅介護支援センターおいらせ,ケアマネジャー・居宅介護支援,青森県,十和田市,"介護,ケアマネジャー・居宅介護支援,相談",介護サービスの計画作成や事業所調整を行う相談先です。退院後の生活準備で重要です。,https://www.google.com/search?q=%E5%8C%BB%E7%99%82%E6%B3%95%E4%BA%BA%E3%80%80%E4%BB%81%E6%B3%89%E4%BC%9A%E3%80%80%E3%81%8A%E3%81%97%E3%81%A9%E3%82%8A%E3%81%AE%E9%87%8C%E3%80%80%E5%9C%A8%E5%AE%85%E4%BB%8B%E8%AD%B7%E6%94%AF%E6%8F%B4%E3%82%BB%E3%83%B3%E3%82%BF%E3%83%BC%E3%81%8A%E3%81%84%E3%82%89%E3%81%9B%20%E5%8D%81%E5%92%8C%E7%94%B0%E5%B8%82,青森県十和田市大字奥瀬字中平155,0176-72-2052,厚生労働省オープンデータ,https://www.mhlw.go.jp/content/12300000/jigyosho_430.csv,2025-12末,https://www.google.com/search?q=%E5%8C%BB%E7%99%82%E6%B3%95%E4%BA%BA%E3%80%80%E4%BB%81%E6%B3%89%E4%BC%9A%E3%80%80%E3%81%8A%E3%81%97%E3%81%A9%E3%82%8A%E3%81%AE%E9%87%8C%E3%80%80%E5%9C%A8%E5%AE%85%E4%BB%8B%E8%AD%B7%E6%94%AF%E6%8F%B4%E3%82%BB%E3%83%B3%E3%82%BF%E3%83%BC%E3%81%8A%E3%81%84%E3%82%89%E3%81%9B%20%E5%8D%81%E5%92%8C%E7%94%B0%E5%B8%82
まもり介護福祉事務所,ケアマネジャー・居宅介護支援,青森県,十和田市,"介護,ケアマネジャー・居宅介護支援,相談",介護サービスの計画作成や事業所調整を行う相談先です。退院後の生活準備で重要です。,https://www.google.com/search?q=%E3%81%BE%E3%82%82%E3%82%8A%E4%BB%8B%E8%AD%B7%E7%A6%8F%E7%A5%89%E4%BA%8B%E5%8B%99%E6%89%80%20%E5%8D%81%E5%92%8C%E7%94%B0%E5%B8%82,青森県十和田市西五番町15-13コーポ福澤1-1号室,0176-51-6403,厚生労働省オープンデータ,https://www.mhlw.go.jp/content/12300000/jigyosho_430.csv,2025-12末,https://www.google.com/search?q=%E3%81%BE%E3%82%82%E3%82%8A%E4%BB%8B%E8%AD%B7%E7%A6%8F%E7%A5%89%E4%BA%8B%E5%8B%99%E6%89%80%20%E5%8D%81%E5%92%8C%E7%94%B0%E5%B8%82
三沢介護支援センター,ケアマネジャー・居宅介護支援,青森県,三沢市,"介護,ケアマネジャー・居宅介護支援,相談",介護サービスの計画作成や事業所調整を行う相談先です。退院後の生活準備で重要です。,http://www.rakuseikai.or.jp/,青森県三沢市大字三沢字園沢１５６－８,0176-54-3933,厚生労働省オープンデータ,https://www.mhlw.go.jp/content/12300000/jigyosho_430.csv,2025-12末,https://www.google.com/search?q=%E4%B8%89%E6%B2%A2%E4%BB%8B%E8%AD%B7%E6%94%AF%E6%8F%B4%E3%82%BB%E3%83%B3%E3%82%BF%E3%83%BC%20%E4%B8%89%E6%B2%A2%E5%B8%82
ひばり苑居宅介護支援事業所,ケアマネジャー・居宅介護支援,青森県,三沢市,"介護,ケアマネジャー・居宅介護支援,相談",介護サービスの計画作成や事業所調整を行う相談先です。退院後の生活準備で重要です。,http://www.joukoukai.or.jp,青森県三沢市大字三沢字南山60－2,0176-58-5518,厚生労働省オープンデータ,https://www.mhlw.go.jp/content/12300000/jigyosho_430.csv,2025-12末,https://www.google.com/search?q=%E3%81%B2%E3%81%B0%E3%82%8A%E8%8B%91%E5%B1%85%E5%AE%85%E4%BB%8B%E8%AD%B7%E6%94%AF%E6%8F%B4%E4%BA%8B%E6%A5%AD%E6%89%80%20%E4%B8%89%E6%B2%A2%E5%B8%82
ニチイケアセンター三沢,ケアマネジャー・居宅介護支援,青森県,三沢市,"介護,ケアマネジャー・居宅介護支援,相談",介護サービスの計画作成や事業所調整を行う相談先です。退院後の生活準備で重要です。,http://www.nichiigakkan.co.jp,青森県三沢市大町２丁目8番地3号,0176-50-1715,厚生労働省オープンデータ,https://www.mhlw.go.jp/content/12300000/jigyosho_430.csv,2025-12末,https://www.google.com/search?q=%E3%83%8B%E3%83%81%E3%82%A4%E3%82%B1%E3%82%A2%E3%82%BB%E3%83%B3%E3%82%BF%E3%83%BC%E4%B8%89%E6%B2%A2%20%E4%B8%89%E6%B2%A2%E5%B8%82
やすらぎ居宅介護支援事業所,ケアマネジャー・居宅介護支援,青森県,三沢市,"介護,ケアマネジャー・居宅介護支援,相談",介護サービスの計画作成や事業所調整を行う相談先です。退院後の生活準備で重要です。,roken_yasuragien＠dohjinkai-aomori.or.jp,青森県三沢市大字三沢字淋代平116－3097,0176-59-3619,厚生労働省オープンデータ,https://www.mhlw.go.jp/content/12300000/jigyosho_430.csv,2025-12末,https://www.google.com/search?q=%E3%82%84%E3%81%99%E3%82%89%E3%81%8E%E5%B1%85%E5%AE%85%E4%BB%8B%E8%AD%B7%E6%94%AF%E6%8F%B4%E4%BA%8B%E6%A5%AD%E6%89%80%20%E4%B8%89%E6%B2%A2%E5%B8%82
居宅介護支援事業所　アイディア,ケアマネジャー・居宅介護支援,青森県,三沢市,"介護,ケアマネジャー・居宅介護支援,相談",介護サービスの計画作成や事業所調整を行う相談先です。退院後の生活準備で重要です。,https://www.google.com/search?q=%E5%B1%85%E5%AE%85%E4%BB%8B%E8%AD%B7%E6%94%AF%E6%8F%B4%E4%BA%8B%E6%A5%AD%E6%89%80%E3%80%80%E3%82%A2%E3%82%A4%E3%83%87%E3%82%A3%E3%82%A2%20%E4%B8%89%E6%B2%A2%E5%B8%82,三沢市春日台2丁目152-414春日台介護センター,0176-52-2014,厚生労働省オープンデータ,https://www.mhlw.go.jp/content/12300000/jigyosho_430.csv,2025-12末,https://www.google.com/search?q=%E5%B1%85%E5%AE%85%E4%BB%8B%E8%AD%B7%E6%94%AF%E6%8F%B4%E4%BA%8B%E6%A5%AD%E6%89%80%E3%80%80%E3%82%A2%E3%82%A4%E3%83%87%E3%82%A3%E3%82%A2%20%E4%B8%89%E6%B2%A2%E5%B8%82
のぞみ居宅介護支援事業所,ケアマネジャー・居宅介護支援,青森県,三沢市,"介護,ケアマネジャー・居宅介護支援,相談",介護サービスの計画作成や事業所調整を行う相談先です。退院後の生活準備で重要です。,https://shafuku-nozomi.com,青森県三沢市中央町4丁目6-13,0176-50-1888,厚生労働省オープンデータ,https://www.mhlw.go.jp/content/12300000/jigyosho_430.csv,2025-12末,https://www.google.com/search?q=%E3%81%AE%E3%81%9E%E3%81%BF%E5%B1%85%E5%AE%85%E4%BB%8B%E8%AD%B7%E6%94%AF%E6%8F%B4%E4%BA%8B%E6%A5%AD%E6%89%80%20%E4%B8%89%E6%B2%A2%E5%B8%82
居宅介護支援事業所にこにこプラザみさわ,ケアマネジャー・居宅介護支援,青森県,三沢市,"介護,ケアマネジャー・居宅介護支援,相談",介護サービスの計画作成や事業所調整を行う相談先です。退院後の生活準備で重要です。,https://www.google.com/search?q=%E5%B1%85%E5%AE%85%E4%BB%8B%E8%AD%B7%E6%94%AF%E6%8F%B4%E4%BA%8B%E6%A5%AD%E6%89%80%E3%81%AB%E3%81%93%E3%81%AB%E3%81%93%E3%83%97%E3%83%A9%E3%82%B6%E3%81%BF%E3%81%95%E3%82%8F%20%E4%B8%89%E6%B2%A2%E5%B8%82,青森県三沢市松園町３丁目２番１号,0176-51-6744,厚生労働省オープンデータ,https://www.mhlw.go.jp/content/12300000/jigyosho_430.csv,2025-12末,https://www.google.com/search?q=%E5%B1%85%E5%AE%85%E4%BB%8B%E8%AD%B7%E6%94%AF%E6%8F%B4%E4%BA%8B%E6%A5%AD%E6%89%80%E3%81%AB%E3%81%93%E3%81%AB%E3%81%93%E3%83%97%E3%83%A9%E3%82%B6%E3%81%BF%E3%81%95%E3%82%8F%20%E4%B8%89%E6%B2%A2%E5%B8%82
居宅介護支援事業所ライフ,ケアマネジャー・居宅介護支援,青森県,三沢市,"介護,ケアマネジャー・居宅介護支援,相談",介護サービスの計画作成や事業所調整を行う相談先です。退院後の生活準備で重要です。,https://www.google.com/search?q=%E5%B1%85%E5%AE%85%E4%BB%8B%E8%AD%B7%E6%94%AF%E6%8F%B4%E4%BA%8B%E6%A5%AD%E6%89%80%E3%83%A9%E3%82%A4%E3%83%95%20%E4%B8%89%E6%B2%A2%E5%B8%82,青森県三沢市大町2-2-1,0176-58-7835,厚生労働省オープンデータ,https://www.mhlw.go.jp/content/12300000/jigyosho_430.csv,2025-12末,https://www.google.com/search?q=%E5%B1%85%E5%AE%85%E4%BB%8B%E8%AD%B7%E6%94%AF%E6%8F%B4%E4%BA%8B%E6%A5%AD%E6%89%80%E3%83%A9%E3%82%A4%E3%83%95%20%E4%B8%89%E6%B2%A2%E5%B8%82
ケアプランセンターたまゆら,ケアマネジャー・居宅介護支援,青森県,三沢市,"介護,ケアマネジャー・居宅介護支援,相談",介護サービスの計画作成や事業所調整を行う相談先です。退院後の生活準備で重要です。,tamayura-kkr＠outlook.jp,青森県三沢市松園町３丁目９番地１号,0176-51-5185,厚生労働省オープンデータ,https://www.mhlw.go.jp/content/12300000/jigyosho_430.csv,2025-12末,https://www.google.com/search?q=%E3%82%B1%E3%82%A2%E3%83%97%E3%83%A9%E3%83%B3%E3%82%BB%E3%83%B3%E3%82%BF%E3%83%BC%E3%81%9F%E3%81%BE%E3%82%86%E3%82%89%20%E4%B8%89%E6%B2%A2%E5%B8%82
むらなか居宅介護支援事業所,ケアマネジャー・居宅介護支援,青森県,むつ市,"介護,ケアマネジャー・居宅介護支援,相談",介護サービスの計画作成や事業所調整を行う相談先です。退院後の生活準備で重要です。,http://www.muranaka.or.jp/sisetu/muranaka.html,青森県むつ市新町１０番４６号,0175-33-8020,厚生労働省オープンデータ,https://www.mhlw.go.jp/content/12300000/jigyosho_430.csv,2025-12末,https://www.google.com/search?q=%E3%82%80%E3%82%89%E3%81%AA%E3%81%8B%E5%B1%85%E5%AE%85%E4%BB%8B%E8%AD%B7%E6%94%AF%E6%8F%B4%E4%BA%8B%E6%A5%AD%E6%89%80%20%E3%82%80%E3%81%A4%E5%B8%82
みちのく金谷ケアプランセンター,ケアマネジャー・居宅介護支援,青森県,むつ市,"介護,ケアマネジャー・居宅介護支援,相談",介護サービスの計画作成や事業所調整を行う相談先です。退院後の生活準備で重要です。,http://www.michinokuso.jp/,青森県むつ市金谷二丁目20番1号みちのく金谷ケアプランセンター,0175-31-1799,厚生労働省オープンデータ,https://www.mhlw.go.jp/content/12300000/jigyosho_430.csv,2025-12末,https://www.google.com/search?q=%E3%81%BF%E3%81%A1%E3%81%AE%E3%81%8F%E9%87%91%E8%B0%B7%E3%82%B1%E3%82%A2%E3%83%97%E3%83%A9%E3%83%B3%E3%82%BB%E3%83%B3%E3%82%BF%E3%83%BC%20%E3%82%80%E3%81%A4%E5%B8%82
居介護支援事業所たなぶ,ケアマネジャー・居宅介護支援,青森県,むつ市,"介護,ケアマネジャー・居宅介護支援,相談",介護サービスの計画作成や事業所調整を行う相談先です。退院後の生活準備で重要です。,https://www.google.com/search?q=%E5%B1%85%E4%BB%8B%E8%AD%B7%E6%94%AF%E6%8F%B4%E4%BA%8B%E6%A5%AD%E6%89%80%E3%81%9F%E3%81%AA%E3%81%B6%20%E3%82%80%E3%81%A4%E5%B8%82,青森県むつ市横迎町2丁目16-7,0175-31-1637,厚生労働省オープンデータ,https://www.mhlw.go.jp/content/12300000/jigyosho_430.csv,2025-12末,https://www.google.com/search?q=%E5%B1%85%E4%BB%8B%E8%AD%B7%E6%94%AF%E6%8F%B4%E4%BA%8B%E6%A5%AD%E6%89%80%E3%81%9F%E3%81%AA%E3%81%B6%20%E3%82%80%E3%81%A4%E5%B8%82
恵光園サポートセンター中央,ケアマネジャー・居宅介護支援,青森県,むつ市,"介護,ケアマネジャー・居宅介護支援,相談",介護サービスの計画作成や事業所調整を行う相談先です。退院後の生活準備で重要です。,https://www.google.com/search?q=%E6%81%B5%E5%85%89%E5%9C%92%E3%82%B5%E3%83%9D%E3%83%BC%E3%83%88%E3%82%BB%E3%83%B3%E3%82%BF%E3%83%BC%E4%B8%AD%E5%A4%AE%20%E3%82%80%E3%81%A4%E5%B8%82,青森県むつ市中央1丁目5番3号,0175-34-1215,厚生労働省オープンデータ,https://www.mhlw.go.jp/content/12300000/jigyosho_430.csv,2025-12末,https://www.google.com/search?q=%E6%81%B5%E5%85%89%E5%9C%92%E3%82%B5%E3%83%9D%E3%83%BC%E3%83%88%E3%82%BB%E3%83%B3%E3%82%BF%E3%83%BC%E4%B8%AD%E5%A4%AE%20%E3%82%80%E3%81%A4%E5%B8%82
みちのくケアプランセンター,ケアマネジャー・居宅介護支援,青森県,むつ市,"介護,ケアマネジャー・居宅介護支援,相談",介護サービスの計画作成や事業所調整を行う相談先です。退院後の生活準備で重要です。,http://www.michinokuso.or.jp,青森県むつ市十二林１１番１３号,0175-23-7070,厚生労働省オープンデータ,https://www.mhlw.go.jp/content/12300000/jigyosho_430.csv,2025-12末,https://www.google.com/search?q=%E3%81%BF%E3%81%A1%E3%81%AE%E3%81%8F%E3%82%B1%E3%82%A2%E3%83%97%E3%83%A9%E3%83%B3%E3%82%BB%E3%83%B3%E3%82%BF%E3%83%BC%20%E3%82%80%E3%81%A4%E5%B8%82
ニチイケアセンターむつ,ケアマネジャー・居宅介護支援,青森県,むつ市,"介護,ケアマネジャー・居宅介護支援,相談",介護サービスの計画作成や事業所調整を行う相談先です。退院後の生活準備で重要です。,http://www.nichiigakkan.co.jp,青森県むつ市大字関根字北関根205-4,0175-45-1531,厚生労働省オープンデータ,https://www.mhlw.go.jp/content/12300000/jigyosho_430.csv,2025-12末,https://www.google.com/search?q=%E3%83%8B%E3%83%81%E3%82%A4%E3%82%B1%E3%82%A2%E3%82%BB%E3%83%B3%E3%82%BF%E3%83%BC%E3%82%80%E3%81%A4%20%E3%82%80%E3%81%A4%E5%B8%82
公済会居宅介護支援事業所やまびこ,ケアマネジャー・居宅介護支援,青森県,むつ市,"介護,ケアマネジャー・居宅介護支援,相談",介護サービスの計画作成や事業所調整を行う相談先です。退院後の生活準備で重要です。,https://cjp-kousaikai.or.jp/,小川町一丁目１番５号,0175-23-7228,厚生労働省オープンデータ,https://www.mhlw.go.jp/content/12300000/jigyosho_430.csv,2025-12末,https://www.google.com/search?q=%E5%85%AC%E6%B8%88%E4%BC%9A%E5%B1%85%E5%AE%85%E4%BB%8B%E8%AD%B7%E6%94%AF%E6%8F%B4%E4%BA%8B%E6%A5%AD%E6%89%80%E3%82%84%E3%81%BE%E3%81%B3%E3%81%93%20%E3%82%80%E3%81%A4%E5%B8%82
株式会社ケアライフ青森　むつ営業所,ケアマネジャー・居宅介護支援,青森県,むつ市,"介護,ケアマネジャー・居宅介護支援,相談",介護サービスの計画作成や事業所調整を行う相談先です。退院後の生活準備で重要です。,http://www.carelife-net.co.jp,青森県むつ市新町37-7,0175-33-8150,厚生労働省オープンデータ,https://www.mhlw.go.jp/content/12300000/jigyosho_430.csv,2025-12末,https://www.google.com/search?q=%E6%A0%AA%E5%BC%8F%E4%BC%9A%E7%A4%BE%E3%82%B1%E3%82%A2%E3%83%A9%E3%82%A4%E3%83%95%E9%9D%92%E6%A3%AE%E3%80%80%E3%82%80%E3%81%A4%E5%96%B6%E6%A5%AD%E6%89%80%20%E3%82%80%E3%81%A4%E5%B8%82
むつリハビリテーション病院居宅介護支援センター,ケアマネジャー・居宅介護支援,青森県,むつ市,"介護,ケアマネジャー・居宅介護支援,相談",介護サービスの計画作成や事業所調整を行う相談先です。退院後の生活準備で重要です。,http://www.rihabiri-mutsu.jp,青森県むつ市桜木町13番1号,0175-24-1211,厚生労働省オープンデータ,https://www.mhlw.go.jp/content/12300000/jigyosho_430.csv,2025-12末,https://www.google.com/search?q=%E3%82%80%E3%81%A4%E3%83%AA%E3%83%8F%E3%83%93%E3%83%AA%E3%83%86%E3%83%BC%E3%82%B7%E3%83%A7%E3%83%B3%E7%97%85%E9%99%A2%E5%B1%85%E5%AE%85%E4%BB%8B%E8%AD%B7%E6%94%AF%E6%8F%B4%E3%82%BB%E3%83%B3%E3%82%BF%E3%83%BC%20%E3%82%80%E3%81%A4%E5%B8%82
居宅介護支援事業所しもきた,ケアマネジャー・居宅介護支援,青森県,むつ市,"介護,ケアマネジャー・居宅介護支援,相談",介護サービスの計画作成や事業所調整を行う相談先です。退院後の生活準備で重要です。,http://www.sakuragikai.or.jp/,青森県むつ市大湊新町30番10号おおみなと園,0175-34-1447,厚生労働省オープンデータ,https://www.mhlw.go.jp/content/12300000/jigyosho_430.csv,2025-12末,https://www.google.com/search?q=%E5%B1%85%E5%AE%85%E4%BB%8B%E8%AD%B7%E6%94%AF%E6%8F%B4%E4%BA%8B%E6%A5%AD%E6%89%80%E3%81%97%E3%82%82%E3%81%8D%E3%81%9F%20%E3%82%80%E3%81%A4%E5%B8%82
いわや介護相談所,ケアマネジャー・居宅介護支援,青森県,むつ市,"介護,ケアマネジャー・居宅介護支援,相談",介護サービスの計画作成や事業所調整を行う相談先です。退院後の生活準備で重要です。,https://www.google.com/search?q=%E3%81%84%E3%82%8F%E3%82%84%E4%BB%8B%E8%AD%B7%E7%9B%B8%E8%AB%87%E6%89%80%20%E3%82%80%E3%81%A4%E5%B8%82,青森県むつ市大畑町中島78-52,0175-31-0760,厚生労働省オープンデータ,https://www.mhlw.go.jp/content/12300000/jigyosho_430.csv,2025-12末,https://www.google.com/search?q=%E3%81%84%E3%82%8F%E3%82%84%E4%BB%8B%E8%AD%B7%E7%9B%B8%E8%AB%87%E6%89%80%20%E3%82%80%E3%81%A4%E5%B8%82
ケアプランニングアイランド,ケアマネジャー・居宅介護支援,青森県,むつ市,"介護,ケアマネジャー・居宅介護支援,相談",介護サービスの計画作成や事業所調整を行う相談先です。退院後の生活準備で重要です。,https://chitsukaoshima0106.wixsite.com/mysite-1,青森県むつ市大湊上町36番7号,0175-34-9485,厚生労働省オープンデータ,https://www.mhlw.go.jp/content/12300000/jigyosho_430.csv,2025-12末,https://www.google.com/search?q=%E3%82%B1%E3%82%A2%E3%83%97%E3%83%A9%E3%83%B3%E3%83%8B%E3%83%B3%E3%82%B0%E3%82%A2%E3%82%A4%E3%83%A9%E3%83%B3%E3%83%89%20%E3%82%80%E3%81%A4%E5%B8%82
えむのケアマネさん,ケアマネジャー・居宅介護支援,青森県,むつ市,"介護,ケアマネジャー・居宅介護支援,相談",介護サービスの計画作成や事業所調整を行う相談先です。退院後の生活準備で重要です。,https://www.google.com/search?q=%E3%81%88%E3%82%80%E3%81%AE%E3%82%B1%E3%82%A2%E3%83%9E%E3%83%8D%E3%81%95%E3%82%93%20%E3%82%80%E3%81%A4%E5%B8%82,青森県むつ市小川町一丁目1番12号,080-4810-8031,厚生労働省オープンデータ,https://www.mhlw.go.jp/content/12300000/jigyosho_430.csv,2025-12末,https://www.google.com/search?q=%E3%81%88%E3%82%80%E3%81%AE%E3%82%B1%E3%82%A2%E3%83%9E%E3%83%8D%E3%81%95%E3%82%93%20%E3%82%80%E3%81%A4%E5%B8%82
在宅介護支援センターかわうち,ケアマネジャー・居宅介護支援,青森県,むつ市,"介護,ケアマネジャー・居宅介護支援,相談",介護サービスの計画作成や事業所調整を行う相談先です。退院後の生活準備で重要です。,https://www.yachiyo-kai.com,青森県むつ市川内町獅子畑128-4,0175-31-2555,厚生労働省オープンデータ,https://www.mhlw.go.jp/content/12300000/jigyosho_430.csv,2025-12末,https://www.google.com/search?q=%E5%9C%A8%E5%AE%85%E4%BB%8B%E8%AD%B7%E6%94%AF%E6%8F%B4%E3%82%BB%E3%83%B3%E3%82%BF%E3%83%BC%E3%81%8B%E3%82%8F%E3%81%86%E3%81%A1%20%E3%82%80%E3%81%A4%E5%B8%82
延寿園在宅介護支援センター,ケアマネジャー・居宅介護支援,青森県,むつ市,"介護,ケアマネジャー・居宅介護支援,相談",介護サービスの計画作成や事業所調整を行う相談先です。退院後の生活準備で重要です。,http://sankeikai-aomori.com/,青森県むつ市大畑町観音堂25-1むつ市総合福祉センターふれあいかん,0175-34-4477,厚生労働省オープンデータ,https://www.mhlw.go.jp/content/12300000/jigyosho_430.csv,2025-12末,https://www.google.com/search?q=%E5%BB%B6%E5%AF%BF%E5%9C%92%E5%9C%A8%E5%AE%85%E4%BB%8B%E8%AD%B7%E6%94%AF%E6%8F%B4%E3%82%BB%E3%83%B3%E3%82%BF%E3%83%BC%20%E3%82%80%E3%81%A4%E5%B8%82
株式会社ケアライフ青森　大畑営業所,ケアマネジャー・居宅介護支援,青森県,むつ市,"介護,ケアマネジャー・居宅介護支援,相談",介護サービスの計画作成や事業所調整を行う相談先です。退院後の生活準備で重要です。,http://www.carelife-net.co.jp,むつ市大畑町中島102番地１号,0175-45-3600,厚生労働省オープンデータ,https://www.mhlw.go.jp/content/12300000/jigyosho_430.csv,2025-12末,https://www.google.com/search?q=%E6%A0%AA%E5%BC%8F%E4%BC%9A%E7%A4%BE%E3%82%B1%E3%82%A2%E3%83%A9%E3%82%A4%E3%83%95%E9%9D%92%E6%A3%AE%E3%80%80%E5%A4%A7%E7%95%91%E5%96%B6%E6%A5%AD%E6%89%80%20%E3%82%80%E3%81%A4%E5%B8%82
ケアプランセンターたんぽぽ,ケアマネジャー・居宅介護支援,青森県,つがる市,"介護,ケアマネジャー・居宅介護支援,相談",介護サービスの計画作成や事業所調整を行う相談先です。退院後の生活準備で重要です。,https://www.google.com/search?q=%E3%82%B1%E3%82%A2%E3%83%97%E3%83%A9%E3%83%B3%E3%82%BB%E3%83%B3%E3%82%BF%E3%83%BC%E3%81%9F%E3%82%93%E3%81%BD%E3%81%BD%20%E3%81%A4%E3%81%8C%E3%82%8B%E5%B8%82,木造善積藤田１８番地１,0173-42-5397,厚生労働省オープンデータ,https://www.mhlw.go.jp/content/12300000/jigyosho_430.csv,2025-12末,https://www.google.com/search?q=%E3%82%B1%E3%82%A2%E3%83%97%E3%83%A9%E3%83%B3%E3%82%BB%E3%83%B3%E3%82%BF%E3%83%BC%E3%81%9F%E3%82%93%E3%81%BD%E3%81%BD%20%E3%81%A4%E3%81%8C%E3%82%8B%E5%B8%82
くれもとデイサービスセンター,ケアマネジャー・居宅介護支援,青森県,つがる市,"介護,ケアマネジャー・居宅介護支援,相談",介護サービスの計画作成や事業所調整を行う相談先です。退院後の生活準備で重要です。,https://www.google.com/search?q=%E3%81%8F%E3%82%8C%E3%82%82%E3%81%A8%E3%83%87%E3%82%A4%E3%82%B5%E3%83%BC%E3%83%93%E3%82%B9%E3%82%BB%E3%83%B3%E3%82%BF%E3%83%BC%20%E3%81%A4%E3%81%8C%E3%82%8B%E5%B8%82,青森県つがる市木造曙39番地1,0173-49-1077,厚生労働省オープンデータ,https://www.mhlw.go.jp/content/12300000/jigyosho_430.csv,2025-12末,https://www.google.com/search?q=%E3%81%8F%E3%82%8C%E3%82%82%E3%81%A8%E3%83%87%E3%82%A4%E3%82%B5%E3%83%BC%E3%83%93%E3%82%B9%E3%82%BB%E3%83%B3%E3%82%BF%E3%83%BC%20%E3%81%A4%E3%81%8C%E3%82%8B%E5%B8%82
居宅介護支援事業所つがる,ケアマネジャー・居宅介護支援,青森県,つがる市,"介護,ケアマネジャー・居宅介護支援,相談",介護サービスの計画作成や事業所調整を行う相談先です。退院後の生活準備で重要です。,https://www.shimano-group.jp/,青森県つがる市木造吹原西前田21番18,0173-26-6525,厚生労働省オープンデータ,https://www.mhlw.go.jp/content/12300000/jigyosho_430.csv,2025-12末,https://www.google.com/search?q=%E5%B1%85%E5%AE%85%E4%BB%8B%E8%AD%B7%E6%94%AF%E6%8F%B4%E4%BA%8B%E6%A5%AD%E6%89%80%E3%81%A4%E3%81%8C%E3%82%8B%20%E3%81%A4%E3%81%8C%E3%82%8B%E5%B8%82
ずぐりケアプランセンター,ケアマネジャー・居宅介護支援,青森県,つがる市,"介護,ケアマネジャー・居宅介護支援,相談",介護サービスの計画作成や事業所調整を行う相談先です。退院後の生活準備で重要です。,https://ms-kaigo.com,青森県つがる市木造末広18,0173-42-1144,厚生労働省オープンデータ,https://www.mhlw.go.jp/content/12300000/jigyosho_430.csv,2025-12末,https://www.google.com/search?q=%E3%81%9A%E3%81%90%E3%82%8A%E3%82%B1%E3%82%A2%E3%83%97%E3%83%A9%E3%83%B3%E3%82%BB%E3%83%B3%E3%82%BF%E3%83%BC%20%E3%81%A4%E3%81%8C%E3%82%8B%E5%B8%82
介護保険指定居宅介護支援事業所　桑寿園,ケアマネジャー・居宅介護支援,青森県,つがる市,"介護,ケアマネジャー・居宅介護支援,相談",介護サービスの計画作成や事業所調整を行う相談先です。退院後の生活準備で重要です。,https://www.hakuyuukai.com,青森県つがる市柏桑野木田若宮２５５番地１,0173-25-2115,厚生労働省オープンデータ,https://www.mhlw.go.jp/content/12300000/jigyosho_430.csv,2025-12末,https://www.google.com/search?q=%E4%BB%8B%E8%AD%B7%E4%BF%9D%E9%99%BA%E6%8C%87%E5%AE%9A%E5%B1%85%E5%AE%85%E4%BB%8B%E8%AD%B7%E6%94%AF%E6%8F%B4%E4%BA%8B%E6%A5%AD%E6%89%80%E3%80%80%E6%A1%91%E5%AF%BF%E5%9C%92%20%E3%81%A4%E3%81%8C%E3%82%8B%E5%B8%82
ケアプランセンターしゃきょう,ケアマネジャー・居宅介護支援,青森県,つがる市,"介護,ケアマネジャー・居宅介護支援,相談",介護サービスの計画作成や事業所調整を行う相談先です。退院後の生活準備で重要です。,https://www.google.com/search?q=%E3%82%B1%E3%82%A2%E3%83%97%E3%83%A9%E3%83%B3%E3%82%BB%E3%83%B3%E3%82%BF%E3%83%BC%E3%81%97%E3%82%83%E3%81%8D%E3%82%87%E3%81%86%20%E3%81%A4%E3%81%8C%E3%82%8B%E5%B8%82,青森県つがる市木造若緑５２番地,0173-42-4620,厚生労働省オープンデータ,https://www.mhlw.go.jp/content/12300000/jigyosho_430.csv,2025-12末,https://www.google.com/search?q=%E3%82%B1%E3%82%A2%E3%83%97%E3%83%A9%E3%83%B3%E3%82%BB%E3%83%B3%E3%82%BF%E3%83%BC%E3%81%97%E3%82%83%E3%81%8D%E3%82%87%E3%81%86%20%E3%81%A4%E3%81%8C%E3%82%8B%E5%B8%82
株式会社ケアライフ青森木造営業所,ケアマネジャー・居宅介護支援,青森県,つがる市,"介護,ケアマネジャー・居宅介護支援,相談",介護サービスの計画作成や事業所調整を行う相談先です。退院後の生活準備で重要です。,http://www.carelife-net.co.jp,青森県つがる市木造若緑87-8,0173-49-1171,厚生労働省オープンデータ,https://www.mhlw.go.jp/content/12300000/jigyosho_430.csv,2025-12末,https://www.google.com/search?q=%E6%A0%AA%E5%BC%8F%E4%BC%9A%E7%A4%BE%E3%82%B1%E3%82%A2%E3%83%A9%E3%82%A4%E3%83%95%E9%9D%92%E6%A3%AE%E6%9C%A8%E9%80%A0%E5%96%B6%E6%A5%AD%E6%89%80%20%E3%81%A4%E3%81%8C%E3%82%8B%E5%B8%82
柏風園居宅介護支援事業所,ケアマネジャー・居宅介護支援,青森県,つがる市,"介護,ケアマネジャー・居宅介護支援,相談",介護サービスの計画作成や事業所調整を行う相談先です。退院後の生活準備で重要です。,https://hakufuen.com/,青森県つがる市木造筒木坂鳥谷沢１８－９,0173-49-5012,厚生労働省オープンデータ,https://www.mhlw.go.jp/content/12300000/jigyosho_430.csv,2025-12末,https://www.google.com/search?q=%E6%9F%8F%E9%A2%A8%E5%9C%92%E5%B1%85%E5%AE%85%E4%BB%8B%E8%AD%B7%E6%94%AF%E6%8F%B4%E4%BA%8B%E6%A5%AD%E6%89%80%20%E3%81%A4%E3%81%8C%E3%82%8B%E5%B8%82
つがる市社会福祉協議会ケアプランセンターしゃりき,ケアマネジャー・居宅介護支援,青森県,つがる市,"介護,ケアマネジャー・居宅介護支援,相談",介護サービスの計画作成や事業所調整を行う相談先です。退院後の生活準備で重要です。,http://tsugarusi-syakyo.net/,つがる市豊富町屏風山1番地377,0173-56-3000,厚生労働省オープンデータ,https://www.mhlw.go.jp/content/12300000/jigyosho_430.csv,2025-12末,https://www.google.com/search?q=%E3%81%A4%E3%81%8C%E3%82%8B%E5%B8%82%E7%A4%BE%E4%BC%9A%E7%A6%8F%E7%A5%89%E5%8D%94%E8%AD%B0%E4%BC%9A%E3%82%B1%E3%82%A2%E3%83%97%E3%83%A9%E3%83%B3%E3%82%BB%E3%83%B3%E3%82%BF%E3%83%BC%E3%81%97%E3%82%83%E3%82%8A%E3%81%8D%20%E3%81%A4%E3%81%8C%E3%82%8B%E5%B8%82
居宅介護支援事業所　和み,ケアマネジャー・居宅介護支援,青森県,つがる市,"介護,ケアマネジャー・居宅介護支援,相談",介護サービスの計画作成や事業所調整を行う相談先です。退院後の生活準備で重要です。,http://www.takusinkai.or.jp/,青森県つがる市木造藤田44-5,0173-49-2250,厚生労働省オープンデータ,https://www.mhlw.go.jp/content/12300000/jigyosho_430.csv,2025-12末,https://www.google.com/search?q=%E5%B1%85%E5%AE%85%E4%BB%8B%E8%AD%B7%E6%94%AF%E6%8F%B4%E4%BA%8B%E6%A5%AD%E6%89%80%E3%80%80%E5%92%8C%E3%81%BF%20%E3%81%A4%E3%81%8C%E3%82%8B%E5%B8%82
つがる市社会福祉協議会ケアプランセンターいながき,ケアマネジャー・居宅介護支援,青森県,つがる市,"介護,ケアマネジャー・居宅介護支援,相談",介護サービスの計画作成や事業所調整を行う相談先です。退院後の生活準備で重要です。,http://tsugarushi-shakyo.net/,青森県つがる市稲垣町豊川宮川42番地3つがる市稲垣老人福祉センター内,0173-46-2902,厚生労働省オープンデータ,https://www.mhlw.go.jp/content/12300000/jigyosho_430.csv,2025-12末,https://www.google.com/search?q=%E3%81%A4%E3%81%8C%E3%82%8B%E5%B8%82%E7%A4%BE%E4%BC%9A%E7%A6%8F%E7%A5%89%E5%8D%94%E8%AD%B0%E4%BC%9A%E3%82%B1%E3%82%A2%E3%83%97%E3%83%A9%E3%83%B3%E3%82%BB%E3%83%B3%E3%82%BF%E3%83%BC%E3%81%84%E3%81%AA%E3%81%8C%E3%81%8D%20%E3%81%A4%E3%81%8C%E3%82%8B%E5%B8%82
ケアプランセンターおのえ荘,ケアマネジャー・居宅介護支援,青森県,平川市,"介護,ケアマネジャー・居宅介護支援,相談",介護サービスの計画作成や事業所調整を行う相談先です。退院後の生活準備で重要です。,https://www.google.com/search?q=%E3%82%B1%E3%82%A2%E3%83%97%E3%83%A9%E3%83%B3%E3%82%BB%E3%83%B3%E3%82%BF%E3%83%BC%E3%81%8A%E3%81%AE%E3%81%88%E8%8D%98%20%E5%B9%B3%E5%B7%9D%E5%B8%82,青森県平川市猿賀池上100番地1有料老人ホームおのえ荘内,0172-57-3135,厚生労働省オープンデータ,https://www.mhlw.go.jp/content/12300000/jigyosho_430.csv,2025-12末,https://www.google.com/search?q=%E3%82%B1%E3%82%A2%E3%83%97%E3%83%A9%E3%83%B3%E3%82%BB%E3%83%B3%E3%82%BF%E3%83%BC%E3%81%8A%E3%81%AE%E3%81%88%E8%8D%98%20%E5%B9%B3%E5%B7%9D%E5%B8%82
ふるさと介護,ケアマネジャー・居宅介護支援,青森県,平川市,"介護,ケアマネジャー・居宅介護支援,相談",介護サービスの計画作成や事業所調整を行う相談先です。退院後の生活準備で重要です。,https://qixiul7-wakuwakuplan.jimdosite.com,青森県平川市唐竹堀合59-2,44-0155,厚生労働省オープンデータ,https://www.mhlw.go.jp/content/12300000/jigyosho_430.csv,2025-12末,https://www.google.com/search?q=%E3%81%B5%E3%82%8B%E3%81%95%E3%81%A8%E4%BB%8B%E8%AD%B7%20%E5%B9%B3%E5%B7%9D%E5%B8%82
一般財団法人黎明郷　介護老人保健施設つがる　居宅介護支援事業所,ケアマネジャー・居宅介護支援,青森県,平川市,"介護,ケアマネジャー・居宅介護支援,相談",介護サービスの計画作成や事業所調整を行う相談先です。退院後の生活準備で重要です。,http://www.reimeikyou.jp/tsugaru/index.htm,碇ヶ関湯向川添30番地,0172-45-3525,厚生労働省オープンデータ,https://www.mhlw.go.jp/content/12300000/jigyosho_430.csv,2025-12末,https://www.google.com/search?q=%E4%B8%80%E8%88%AC%E8%B2%A1%E5%9B%A3%E6%B3%95%E4%BA%BA%E9%BB%8E%E6%98%8E%E9%83%B7%E3%80%80%E4%BB%8B%E8%AD%B7%E8%80%81%E4%BA%BA%E4%BF%9D%E5%81%A5%E6%96%BD%E8%A8%AD%E3%81%A4%E3%81%8C%E3%82%8B%E3%80%80%E5%B1%85%E5%AE%85%E4%BB%8B%E8%AD%B7%E6%94%AF%E6%8F%B4%E4%BA%8B%E6%A5%AD%E6%89%80%20%E5%B9%B3%E5%B7%9D%E5%B8%82
平川居宅介護支援事業所,ケアマネジャー・居宅介護支援,青森県,平川市,"介護,ケアマネジャー・居宅介護支援,相談",介護サービスの計画作成や事業所調整を行う相談先です。退院後の生活準備で重要です。,http://www2.ocn.ne.jp/~care.s/,青森県平川市町居西田111番地1,0172-43-0062,厚生労働省オープンデータ,https://www.mhlw.go.jp/content/12300000/jigyosho_430.csv,2025-12末,https://www.google.com/search?q=%E5%B9%B3%E5%B7%9D%E5%B1%85%E5%AE%85%E4%BB%8B%E8%AD%B7%E6%94%AF%E6%8F%B4%E4%BA%8B%E6%A5%AD%E6%89%80%20%E5%B9%B3%E5%B7%9D%E5%B8%82
みらい会地域連携室,ケアマネジャー・居宅介護支援,青森県,平川市,"介護,ケアマネジャー・居宅介護支援,相談",介護サービスの計画作成や事業所調整を行う相談先です。退院後の生活準備で重要です。,https://miraikai.cloud-line.com/,柏木町藤山37-5,0172-44-6690,厚生労働省オープンデータ,https://www.mhlw.go.jp/content/12300000/jigyosho_430.csv,2025-12末,https://www.google.com/search?q=%E3%81%BF%E3%82%89%E3%81%84%E4%BC%9A%E5%9C%B0%E5%9F%9F%E9%80%A3%E6%90%BA%E5%AE%A4%20%E5%B9%B3%E5%B7%9D%E5%B8%82
竹村生活相談所,ケアマネジャー・居宅介護支援,青森県,平川市,"介護,ケアマネジャー・居宅介護支援,相談",介護サービスの計画作成や事業所調整を行う相談先です。退院後の生活準備で重要です。,https://ball－hearlt.com,青森県平川市新館藤巻14番地1,0172-55-7002,厚生労働省オープンデータ,https://www.mhlw.go.jp/content/12300000/jigyosho_430.csv,2025-12末,https://www.google.com/search?q=%E7%AB%B9%E6%9D%91%E7%94%9F%E6%B4%BB%E7%9B%B8%E8%AB%87%E6%89%80%20%E5%B9%B3%E5%B7%9D%E5%B8%82
居宅介護支援事業所そよ風,ケアマネジャー・居宅介護支援,青森県,平川市,"介護,ケアマネジャー・居宅介護支援,相談",介護サービスの計画作成や事業所調整を行う相談先です。退院後の生活準備で重要です。,https://www.google.com/search?q=%E5%B1%85%E5%AE%85%E4%BB%8B%E8%AD%B7%E6%94%AF%E6%8F%B4%E4%BA%8B%E6%A5%AD%E6%89%80%E3%81%9D%E3%82%88%E9%A2%A8%20%E5%B9%B3%E5%B7%9D%E5%B8%82,青森県平川市本町村元146番地6,0172-40-4147,厚生労働省オープンデータ,https://www.mhlw.go.jp/content/12300000/jigyosho_430.csv,2025-12末,https://www.google.com/search?q=%E5%B1%85%E5%AE%85%E4%BB%8B%E8%AD%B7%E6%94%AF%E6%8F%B4%E4%BA%8B%E6%A5%AD%E6%89%80%E3%81%9D%E3%82%88%E9%A2%A8%20%E5%B9%B3%E5%B7%9D%E5%B8%82
社会福祉法人　平川市社会福祉協議会尾上居宅介護支援事業所,ケアマネジャー・居宅介護支援,青森県,平川市,"介護,ケアマネジャー・居宅介護支援,相談",介護サービスの計画作成や事業所調整を行う相談先です。退院後の生活準備で重要です。,http://www.hirashakyo.org/,青森県平川市猿賀南田９６－３平川市尾上地域福祉センター,0172-57-5351,厚生労働省オープンデータ,https://www.mhlw.go.jp/content/12300000/jigyosho_430.csv,2025-12末,https://www.google.com/search?q=%E7%A4%BE%E4%BC%9A%E7%A6%8F%E7%A5%89%E6%B3%95%E4%BA%BA%E3%80%80%E5%B9%B3%E5%B7%9D%E5%B8%82%E7%A4%BE%E4%BC%9A%E7%A6%8F%E7%A5%89%E5%8D%94%E8%AD%B0%E4%BC%9A%E5%B0%BE%E4%B8%8A%E5%B1%85%E5%AE%85%E4%BB%8B%E8%AD%B7%E6%94%AF%E6%8F%B4%E4%BA%8B%E6%A5%AD%E6%89%80%20%E5%B9%B3%E5%B7%9D%E5%B8%82
三笠在宅介護支援センター,ケアマネジャー・居宅介護支援,青森県,平川市,"介護,ケアマネジャー・居宅介護支援,相談",介護サービスの計画作成や事業所調整を行う相談先です。退院後の生活準備で重要です。,http://www.mikasaen-hp.com/,青森県平川市館田西和田２００,0172-44-8877,厚生労働省オープンデータ,https://www.mhlw.go.jp/content/12300000/jigyosho_430.csv,2025-12末,https://www.google.com/search?q=%E4%B8%89%E7%AC%A0%E5%9C%A8%E5%AE%85%E4%BB%8B%E8%AD%B7%E6%94%AF%E6%8F%B4%E3%82%BB%E3%83%B3%E3%82%BF%E3%83%BC%20%E5%B9%B3%E5%B7%9D%E5%B8%82
緑青園居宅介護支援事業所,ケアマネジャー・居宅介護支援,青森県,平川市,"介護,ケアマネジャー・居宅介護支援,相談",介護サービスの計画作成や事業所調整を行う相談先です。退院後の生活準備で重要です。,http://ryokufu.or.jp,青森県平川市沖館和田84番地,0172-44-6116,厚生労働省オープンデータ,https://www.mhlw.go.jp/content/12300000/jigyosho_430.csv,2025-12末,https://www.google.com/search?q=%E7%B7%91%E9%9D%92%E5%9C%92%E5%B1%85%E5%AE%85%E4%BB%8B%E8%AD%B7%E6%94%AF%E6%8F%B4%E4%BA%8B%E6%A5%AD%E6%89%80%20%E5%B9%B3%E5%B7%9D%E5%B8%82
社会福祉法人平川市社会福祉協議会碇ヶ関居宅介護支援事業所,ケアマネジャー・居宅介護支援,青森県,平川市,"介護,ケアマネジャー・居宅介護支援,相談",介護サービスの計画作成や事業所調整を行う相談先です。退院後の生活準備で重要です。,http://www.hirsyakyo.org/,青森県平川市碇ケ関三笠山120番地1平川市碇ヶ関地域福祉センター・国民健康保険碇ヶ関診療所,0172-45-2182,厚生労働省オープンデータ,https://www.mhlw.go.jp/content/12300000/jigyosho_430.csv,2025-12末,https://www.google.com/search?q=%E7%A4%BE%E4%BC%9A%E7%A6%8F%E7%A5%89%E6%B3%95%E4%BA%BA%E5%B9%B3%E5%B7%9D%E5%B8%82%E7%A4%BE%E4%BC%9A%E7%A6%8F%E7%A5%89%E5%8D%94%E8%AD%B0%E4%BC%9A%E7%A2%87%E3%83%B6%E9%96%A2%E5%B1%85%E5%AE%85%E4%BB%8B%E8%AD%B7%E6%94%AF%E6%8F%B4%E4%BA%8B%E6%A5%AD%E6%89%80%20%E5%B9%B3%E5%B7%9D%E5%B8%82
在宅介護支援センターさわやか園,ケアマネジャー・居宅介護支援,青森県,平川市,"介護,ケアマネジャー・居宅介護支援,相談",介護サービスの計画作成や事業所調整を行う相談先です。退院後の生活準備で重要です。,http://www.sawayakaen.net/,青森県平川市日沼樋田８５,0172-43-5432,厚生労働省オープンデータ,https://www.mhlw.go.jp/content/12300000/jigyosho_430.csv,2025-12末,https://www.google.com/search?q=%E5%9C%A8%E5%AE%85%E4%BB%8B%E8%AD%B7%E6%94%AF%E6%8F%B4%E3%82%BB%E3%83%B3%E3%82%BF%E3%83%BC%E3%81%95%E3%82%8F%E3%82%84%E3%81%8B%E5%9C%92%20%E5%B9%B3%E5%B7%9D%E5%B8%82
居宅介護支援事業所　おのえ,ケアマネジャー・居宅介護支援,青森県,平川市,"介護,ケアマネジャー・居宅介護支援,相談",介護サービスの計画作成や事業所調整を行う相談先です。退院後の生活準備で重要です。,tttp://www.tsugaru-sanwakai.or.jp,青森県平川市中佐渡上石田３６ー１,0172-43-5225,厚生労働省オープンデータ,https://www.mhlw.go.jp/content/12300000/jigyosho_430.csv,2025-12末,https://www.google.com/search?q=%E5%B1%85%E5%AE%85%E4%BB%8B%E8%AD%B7%E6%94%AF%E6%8F%B4%E4%BA%8B%E6%A5%AD%E6%89%80%E3%80%80%E3%81%8A%E3%81%AE%E3%81%88%20%E5%B9%B3%E5%B7%9D%E5%B8%82
平内町在宅介護支援センター,ケアマネジャー・居宅介護支援,青森県,平内町,"介護,ケアマネジャー・居宅介護支援,相談",介護サービスの計画作成や事業所調整を行う相談先です。退院後の生活準備で重要です。,http://www.s-care.jp/,青森県東津軽郡平内町大字小湊字薬師堂63-23,017-755-5531,厚生労働省オープンデータ,https://www.mhlw.go.jp/content/12300000/jigyosho_430.csv,2025-12末,https://www.google.com/search?q=%E5%B9%B3%E5%86%85%E7%94%BA%E5%9C%A8%E5%AE%85%E4%BB%8B%E8%AD%B7%E6%94%AF%E6%8F%B4%E3%82%BB%E3%83%B3%E3%82%BF%E3%83%BC%20%E5%B9%B3%E5%86%85%E7%94%BA
平内町社協指定居宅介護支援事業所,ケアマネジャー・居宅介護支援,青森県,平内町,"介護,ケアマネジャー・居宅介護支援,相談",介護サービスの計画作成や事業所調整を行う相談先です。退院後の生活準備で重要です。,http//hiranaishakyo.jp,青森県東津軽郡平内町大字小湊字小湊83-2,017-755-5333,厚生労働省オープンデータ,https://www.mhlw.go.jp/content/12300000/jigyosho_430.csv,2025-12末,https://www.google.com/search?q=%E5%B9%B3%E5%86%85%E7%94%BA%E7%A4%BE%E5%8D%94%E6%8C%87%E5%AE%9A%E5%B1%85%E5%AE%85%E4%BB%8B%E8%AD%B7%E6%94%AF%E6%8F%B4%E4%BA%8B%E6%A5%AD%E6%89%80%20%E5%B9%B3%E5%86%85%E7%94%BA
社会福祉法人徳寿福祉会　ケアプランセンターひまわり,ケアマネジャー・居宅介護支援,青森県,平内町,"介護,ケアマネジャー・居宅介護支援,相談",介護サービスの計画作成や事業所調整を行う相談先です。退院後の生活準備で重要です。,https://sites.google.com/view/hiranaitown-dsc-himawari/%E3%83%87%E3%82%A4%E3%82%B5%E3%83%BC%E3%83%93%E3%82%B9%E3%82%BB%E3%83%B3%E3%82%BF%E3%83%BC,青森県東津軽郡平内町清水川字権十郎新田８,017-758-1030,厚生労働省オープンデータ,https://www.mhlw.go.jp/content/12300000/jigyosho_430.csv,2025-12末,https://www.google.com/search?q=%E7%A4%BE%E4%BC%9A%E7%A6%8F%E7%A5%89%E6%B3%95%E4%BA%BA%E5%BE%B3%E5%AF%BF%E7%A6%8F%E7%A5%89%E4%BC%9A%E3%80%80%E3%82%B1%E3%82%A2%E3%83%97%E3%83%A9%E3%83%B3%E3%82%BB%E3%83%B3%E3%82%BF%E3%83%BC%E3%81%B2%E3%81%BE%E3%82%8F%E3%82%8A%20%E5%B9%B3%E5%86%85%E7%94%BA
有限会社　津軽サポート,ケアマネジャー・居宅介護支援,青森県,今別町,"介護,ケアマネジャー・居宅介護支援,相談",介護サービスの計画作成や事業所調整を行う相談先です。退院後の生活準備で重要です。,tugarusaport-khhy.com,青森県東津軽郡今別町大字浜名字中宇田1-1,0174-35-3115,厚生労働省オープンデータ,https://www.mhlw.go.jp/content/12300000/jigyosho_430.csv,2025-12末,https://www.google.com/search?q=%E6%9C%89%E9%99%90%E4%BC%9A%E7%A4%BE%E3%80%80%E6%B4%A5%E8%BB%BD%E3%82%B5%E3%83%9D%E3%83%BC%E3%83%88%20%E4%BB%8A%E5%88%A5%E7%94%BA
よもぎケアセンター,ケアマネジャー・居宅介護支援,青森県,蓬田村,"介護,ケアマネジャー・居宅介護支援,相談",介護サービスの計画作成や事業所調整を行う相談先です。退院後の生活準備で重要です。,hｔｔｐ：//www.watona-ru.com,青森県東津軽郡蓬田村大字郷沢字浜田３９７番地,0174-27-3464,厚生労働省オープンデータ,https://www.mhlw.go.jp/content/12300000/jigyosho_430.csv,2025-12末,https://www.google.com/search?q=%E3%82%88%E3%82%82%E3%81%8E%E3%82%B1%E3%82%A2%E3%82%BB%E3%83%B3%E3%82%BF%E3%83%BC%20%E8%93%AC%E7%94%B0%E6%9D%91
外ヶ浜町社協居宅介護支援事業所,ケアマネジャー・居宅介護支援,青森県,外ヶ浜町,"介護,ケアマネジャー・居宅介護支援,相談",介護サービスの計画作成や事業所調整を行う相談先です。退院後の生活準備で重要です。,http://www.s-syako.jp,青森県東津軽郡外ヶ浜町字下蟹田43-2,0174-22-2617,厚生労働省オープンデータ,https://www.mhlw.go.jp/content/12300000/jigyosho_430.csv,2025-12末,https://www.google.com/search?q=%E5%A4%96%E3%83%B6%E6%B5%9C%E7%94%BA%E7%A4%BE%E5%8D%94%E5%B1%85%E5%AE%85%E4%BB%8B%E8%AD%B7%E6%94%AF%E6%8F%B4%E4%BA%8B%E6%A5%AD%E6%89%80%20%E5%A4%96%E3%83%B6%E6%B5%9C%E7%94%BA
外ヶ浜町三厩高齢者生活福祉センター寿楽園,ケアマネジャー・居宅介護支援,青森県,外ヶ浜町,"介護,ケアマネジャー・居宅介護支援,相談",介護サービスの計画作成や事業所調整を行う相談先です。退院後の生活準備で重要です。,www.ajisaikai.or.jp,青森県東津軽郡外ヶ浜町字三厩新町７番地,0174-37-2280,厚生労働省オープンデータ,https://www.mhlw.go.jp/content/12300000/jigyosho_430.csv,2025-12末,https://www.google.com/search?q=%E5%A4%96%E3%83%B6%E6%B5%9C%E7%94%BA%E4%B8%89%E5%8E%A9%E9%AB%98%E9%BD%A2%E8%80%85%E7%94%9F%E6%B4%BB%E7%A6%8F%E7%A5%89%E3%82%BB%E3%83%B3%E3%82%BF%E3%83%BC%E5%AF%BF%E6%A5%BD%E5%9C%92%20%E5%A4%96%E3%83%B6%E6%B5%9C%E7%94%BA
はまゆう居宅介護支援事業所,ケアマネジャー・居宅介護支援,青森県,外ヶ浜町,"介護,ケアマネジャー・居宅介護支援,相談",介護サービスの計画作成や事業所調整を行う相談先です。退院後の生活準備で重要です。,http://www.watona-ru.com,青森県東津軽郡外ヶ浜町字蟹田川原添2番地3,0174-31-1871,厚生労働省オープンデータ,https://www.mhlw.go.jp/content/12300000/jigyosho_430.csv,2025-12末,https://www.google.com/search?q=%E3%81%AF%E3%81%BE%E3%82%86%E3%81%86%E5%B1%85%E5%AE%85%E4%BB%8B%E8%AD%B7%E6%94%AF%E6%8F%B4%E4%BA%8B%E6%A5%AD%E6%89%80%20%E5%A4%96%E3%83%B6%E6%B5%9C%E7%94%BA
鯵ヶ沢町社会福祉協議会指定居宅介護支援事業所,ケアマネジャー・居宅介護支援,青森県,鰺ヶ沢町,"介護,ケアマネジャー・居宅介護支援,相談",介護サービスの計画作成や事業所調整を行う相談先です。退院後の生活準備で重要です。,ajisya@chic.ocn.ne.jp,青森県西津軽郡鰺ヶ沢町大字舞戸町字後家屋敷９番地４,0173-82-1602,厚生労働省オープンデータ,https://www.mhlw.go.jp/content/12300000/jigyosho_430.csv,2025-12末,https://www.google.com/search?q=%E9%AF%B5%E3%83%B6%E6%B2%A2%E7%94%BA%E7%A4%BE%E4%BC%9A%E7%A6%8F%E7%A5%89%E5%8D%94%E8%AD%B0%E4%BC%9A%E6%8C%87%E5%AE%9A%E5%B1%85%E5%AE%85%E4%BB%8B%E8%AD%B7%E6%94%AF%E6%8F%B4%E4%BA%8B%E6%A5%AD%E6%89%80%20%E9%B0%BA%E3%83%B6%E6%B2%A2%E7%94%BA
居宅介護支援事業センターけやきの里,ケアマネジャー・居宅介護支援,青森県,鰺ヶ沢町,"介護,ケアマネジャー・居宅介護支援,相談",介護サービスの計画作成や事業所調整を行う相談先です。退院後の生活準備で重要です。,http://otowakai.or.jp/,青森県西津軽郡鯵ヶ沢町大字長平町字甲音羽山６５-４１２,0173-72-1313,厚生労働省オープンデータ,https://www.mhlw.go.jp/content/12300000/jigyosho_430.csv,2025-12末,https://www.google.com/search?q=%E5%B1%85%E5%AE%85%E4%BB%8B%E8%AD%B7%E6%94%AF%E6%8F%B4%E4%BA%8B%E6%A5%AD%E3%82%BB%E3%83%B3%E3%82%BF%E3%83%BC%E3%81%91%E3%82%84%E3%81%8D%E3%81%AE%E9%87%8C%20%E9%B0%BA%E3%83%B6%E6%B2%A2%E7%94%BA
つくし荘在宅介護支援センタ－,ケアマネジャー・居宅介護支援,青森県,鰺ヶ沢町,"介護,ケアマネジャー・居宅介護支援,相談",介護サービスの計画作成や事業所調整を行う相談先です。退院後の生活準備で重要です。,http://aomoritsukushikai.com/,青森県西津軽郡鰺ヶ沢町大字北浮田町字今須87番地1,0173-72-7111,厚生労働省オープンデータ,https://www.mhlw.go.jp/content/12300000/jigyosho_430.csv,2025-12末,https://www.google.com/search?q=%E3%81%A4%E3%81%8F%E3%81%97%E8%8D%98%E5%9C%A8%E5%AE%85%E4%BB%8B%E8%AD%B7%E6%94%AF%E6%8F%B4%E3%82%BB%E3%83%B3%E3%82%BF%EF%BC%8D%20%E9%B0%BA%E3%83%B6%E6%B2%A2%E7%94%BA
社会福祉法人深浦町社会福祉協議会,ケアマネジャー・居宅介護支援,青森県,深浦町,"介護,ケアマネジャー・居宅介護支援,相談",介護サービスの計画作成や事業所調整を行う相談先です。退院後の生活準備で重要です。,https://www.fukaura-shakyo.com,青森県西津軽郡深浦町大字深浦字中沢３４－１深浦町フィットネスプラザゆとり,0173-74-3111,厚生労働省オープンデータ,https://www.mhlw.go.jp/content/12300000/jigyosho_430.csv,2025-12末,https://www.google.com/search?q=%E7%A4%BE%E4%BC%9A%E7%A6%8F%E7%A5%89%E6%B3%95%E4%BA%BA%E6%B7%B1%E6%B5%A6%E7%94%BA%E7%A4%BE%E4%BC%9A%E7%A6%8F%E7%A5%89%E5%8D%94%E8%AD%B0%E4%BC%9A%20%E6%B7%B1%E6%B5%A6%E7%94%BA
介護保険指定居宅介護支援事業所はまなす介護相談センター,ケアマネジャー・居宅介護支援,青森県,深浦町,"介護,ケアマネジャー・居宅介護支援,相談",介護サービスの計画作成や事業所調整を行う相談先です。退院後の生活準備で重要です。,URL:http://hamanasuso.com,青森県西津軽郡深浦町大字驫木字津山118番地44,0173-82-0515,厚生労働省オープンデータ,https://www.mhlw.go.jp/content/12300000/jigyosho_430.csv,2025-12末,https://www.google.com/search?q=%E4%BB%8B%E8%AD%B7%E4%BF%9D%E9%99%BA%E6%8C%87%E5%AE%9A%E5%B1%85%E5%AE%85%E4%BB%8B%E8%AD%B7%E6%94%AF%E6%8F%B4%E4%BA%8B%E6%A5%AD%E6%89%80%E3%81%AF%E3%81%BE%E3%81%AA%E3%81%99%E4%BB%8B%E8%AD%B7%E7%9B%B8%E8%AB%87%E3%82%BB%E3%83%B3%E3%82%BF%E3%83%BC%20%E6%B7%B1%E6%B5%A6%E7%94%BA
サンタ園介護支援センター,ケアマネジャー・居宅介護支援,青森県,深浦町,"介護,ケアマネジャー・居宅介護支援,相談",介護サービスの計画作成や事業所調整を行う相談先です。退院後の生活準備で重要です。,https://www.google.com/search?q=%E3%82%B5%E3%83%B3%E3%82%BF%E5%9C%92%E4%BB%8B%E8%AD%B7%E6%94%AF%E6%8F%B4%E3%82%BB%E3%83%B3%E3%82%BF%E3%83%BC%20%E6%B7%B1%E6%B5%A6%E7%94%BA,青森県西津軽郡深浦町大字岩崎字松原５７番地２,0173-77-2020,厚生労働省オープンデータ,https://www.mhlw.go.jp/content/12300000/jigyosho_430.csv,2025-12末,https://www.google.com/search?q=%E3%82%B5%E3%83%B3%E3%82%BF%E5%9C%92%E4%BB%8B%E8%AD%B7%E6%94%AF%E6%8F%B4%E3%82%BB%E3%83%B3%E3%82%BF%E3%83%BC%20%E6%B7%B1%E6%B5%A6%E7%94%BA
在宅介護支援センターしらかみのさと,ケアマネジャー・居宅介護支援,青森県,深浦町,"介護,ケアマネジャー・居宅介護支援,相談",介護サービスの計画作成や事業所調整を行う相談先です。退院後の生活準備で重要です。,https://www.shirakaminosato.or.jp/,青森県西津軽郡深浦町大字関字小島崎５８－３,0173-84-3020,厚生労働省オープンデータ,https://www.mhlw.go.jp/content/12300000/jigyosho_430.csv,2025-12末,https://www.google.com/search?q=%E5%9C%A8%E5%AE%85%E4%BB%8B%E8%AD%B7%E6%94%AF%E6%8F%B4%E3%82%BB%E3%83%B3%E3%82%BF%E3%83%BC%E3%81%97%E3%82%89%E3%81%8B%E3%81%BF%E3%81%AE%E3%81%95%E3%81%A8%20%E6%B7%B1%E6%B5%A6%E7%94%BA
在宅介護支援センター白神荘,ケアマネジャー・居宅介護支援,青森県,西目屋村,"介護,ケアマネジャー・居宅介護支援,相談",介護サービスの計画作成や事業所調整を行う相談先です。退院後の生活準備で重要です。,http://sanwakai.info/,中津軽郡西目屋村大字田代字稲元１４３番地２,0172-85-3123,厚生労働省オープンデータ,https://www.mhlw.go.jp/content/12300000/jigyosho_430.csv,2025-12末,https://www.google.com/search?q=%E5%9C%A8%E5%AE%85%E4%BB%8B%E8%AD%B7%E6%94%AF%E6%8F%B4%E3%82%BB%E3%83%B3%E3%82%BF%E3%83%BC%E7%99%BD%E7%A5%9E%E8%8D%98%20%E8%A5%BF%E7%9B%AE%E5%B1%8B%E6%9D%91
居宅介護支援センター「フィール・ライフ」,ケアマネジャー・居宅介護支援,青森県,藤崎町,"介護,ケアマネジャー・居宅介護支援,相談",介護サービスの計画作成や事業所調整を行う相談先です。退院後の生活準備で重要です。,https://www.google.com/search?q=%E5%B1%85%E5%AE%85%E4%BB%8B%E8%AD%B7%E6%94%AF%E6%8F%B4%E3%82%BB%E3%83%B3%E3%82%BF%E3%83%BC%E3%80%8C%E3%83%95%E3%82%A3%E3%83%BC%E3%83%AB%E3%83%BB%E3%83%A9%E3%82%A4%E3%83%95%E3%80%8D%20%E8%97%A4%E5%B4%8E%E7%94%BA,青森県南津軽郡藤崎町大字藤崎字西村井３２－１,0172-75-5844,厚生労働省オープンデータ,https://www.mhlw.go.jp/content/12300000/jigyosho_430.csv,2025-12末,https://www.google.com/search?q=%E5%B1%85%E5%AE%85%E4%BB%8B%E8%AD%B7%E6%94%AF%E6%8F%B4%E3%82%BB%E3%83%B3%E3%82%BF%E3%83%BC%E3%80%8C%E3%83%95%E3%82%A3%E3%83%BC%E3%83%AB%E3%83%BB%E3%83%A9%E3%82%A4%E3%83%95%E3%80%8D%20%E8%97%A4%E5%B4%8E%E7%94%BA
明生園　居宅介護支援事業所,ケアマネジャー・居宅介護支援,青森県,藤崎町,"介護,ケアマネジャー・居宅介護支援,相談",介護サービスの計画作成や事業所調整を行う相談先です。退院後の生活準備で重要です。,http://www.tokiwakai.or.jp/,青森県南津軽郡藤崎町榊字亀田２－１,0172-65-3901,厚生労働省オープンデータ,https://www.mhlw.go.jp/content/12300000/jigyosho_430.csv,2025-12末,https://www.google.com/search?q=%E6%98%8E%E7%94%9F%E5%9C%92%E3%80%80%E5%B1%85%E5%AE%85%E4%BB%8B%E8%AD%B7%E6%94%AF%E6%8F%B4%E4%BA%8B%E6%A5%AD%E6%89%80%20%E8%97%A4%E5%B4%8E%E7%94%BA
居宅介護支援事業さんふじ,ケアマネジャー・居宅介護支援,青森県,藤崎町,"介護,ケアマネジャー・居宅介護支援,相談",介護サービスの計画作成や事業所調整を行う相談先です。退院後の生活準備で重要です。,https://seneikai-sanfuji.com/,青森県南津軽郡藤崎町大字柏木堰字南亀田１番地１,0172-75-3511,厚生労働省オープンデータ,https://www.mhlw.go.jp/content/12300000/jigyosho_430.csv,2025-12末,https://www.google.com/search?q=%E5%B1%85%E5%AE%85%E4%BB%8B%E8%AD%B7%E6%94%AF%E6%8F%B4%E4%BA%8B%E6%A5%AD%E3%81%95%E3%82%93%E3%81%B5%E3%81%98%20%E8%97%A4%E5%B4%8E%E7%94%BA
藤崎町社協ケアプランセンター,ケアマネジャー・居宅介護支援,青森県,藤崎町,"介護,ケアマネジャー・居宅介護支援,相談",介護サービスの計画作成や事業所調整を行う相談先です。退院後の生活準備で重要です。,https://www.fujisakishakyo.or.jp/,青森県南津軽郡藤崎町大字西豊田1-3藤崎町藤崎老人福祉センター,0172-75-2030,厚生労働省オープンデータ,https://www.mhlw.go.jp/content/12300000/jigyosho_430.csv,2025-12末,https://www.google.com/search?q=%E8%97%A4%E5%B4%8E%E7%94%BA%E7%A4%BE%E5%8D%94%E3%82%B1%E3%82%A2%E3%83%97%E3%83%A9%E3%83%B3%E3%82%BB%E3%83%B3%E3%82%BF%E3%83%BC%20%E8%97%A4%E5%B4%8E%E7%94%BA
居宅介護支援事業所えびす,ケアマネジャー・居宅介護支援,青森県,藤崎町,"介護,ケアマネジャー・居宅介護支援,相談",介護サービスの計画作成や事業所調整を行う相談先です。退院後の生活準備で重要です。,https://ebisuguru-pu.amebaownd.com,青森県南津軽郡藤崎町大字藤崎字西浅田60,0172-75-3166,厚生労働省オープンデータ,https://www.mhlw.go.jp/content/12300000/jigyosho_430.csv,2025-12末,https://www.google.com/search?q=%E5%B1%85%E5%AE%85%E4%BB%8B%E8%AD%B7%E6%94%AF%E6%8F%B4%E4%BA%8B%E6%A5%AD%E6%89%80%E3%81%88%E3%81%B3%E3%81%99%20%E8%97%A4%E5%B4%8E%E7%94%BA
ケアプランセンターメープルの里,ケアマネジャー・居宅介護支援,青森県,藤崎町,"介護,ケアマネジャー・居宅介護支援,相談",介護サービスの計画作成や事業所調整を行う相談先です。退院後の生活準備で重要です。,https://www.google.com/search?q=%E3%82%B1%E3%82%A2%E3%83%97%E3%83%A9%E3%83%B3%E3%82%BB%E3%83%B3%E3%82%BF%E3%83%BC%E3%83%A1%E3%83%BC%E3%83%97%E3%83%AB%E3%81%AE%E9%87%8C%20%E8%97%A4%E5%B4%8E%E7%94%BA,青森県南津軽郡藤崎町大字藤崎字村井５６－８,０１７２－８８－８６０２,厚生労働省オープンデータ,https://www.mhlw.go.jp/content/12300000/jigyosho_430.csv,2025-12末,https://www.google.com/search?q=%E3%82%B1%E3%82%A2%E3%83%97%E3%83%A9%E3%83%B3%E3%82%BB%E3%83%B3%E3%82%BF%E3%83%BC%E3%83%A1%E3%83%BC%E3%83%97%E3%83%AB%E3%81%AE%E9%87%8C%20%E8%97%A4%E5%B4%8E%E7%94%BA
居宅介護支援事業所ひばの木,ケアマネジャー・居宅介護支援,青森県,藤崎町,"介護,ケアマネジャー・居宅介護支援,相談",介護サービスの計画作成や事業所調整を行う相談先です。退院後の生活準備で重要です。,http://www.hibanoki.com,青森県南津軽郡藤崎町大字藤崎字豊岡8番地7,0172-75-2151,厚生労働省オープンデータ,https://www.mhlw.go.jp/content/12300000/jigyosho_430.csv,2025-12末,https://www.google.com/search?q=%E5%B1%85%E5%AE%85%E4%BB%8B%E8%AD%B7%E6%94%AF%E6%8F%B4%E4%BA%8B%E6%A5%AD%E6%89%80%E3%81%B2%E3%81%B0%E3%81%AE%E6%9C%A8%20%E8%97%A4%E5%B4%8E%E7%94%BA
大鰐温泉介護センターあぜりあ,ケアマネジャー・居宅介護支援,青森県,大鰐町,"介護,ケアマネジャー・居宅介護支援,相談",介護サービスの計画作成や事業所調整を行う相談先です。退院後の生活準備で重要です。,http://www.owani.com,青森県南津軽郡大鰐町大字大鰐字湯野川原７番地２,0172-49-1015,厚生労働省オープンデータ,https://www.mhlw.go.jp/content/12300000/jigyosho_430.csv,2025-12末,https://www.google.com/search?q=%E5%A4%A7%E9%B0%90%E6%B8%A9%E6%B3%89%E4%BB%8B%E8%AD%B7%E3%82%BB%E3%83%B3%E3%82%BF%E3%83%BC%E3%81%82%E3%81%9C%E3%82%8A%E3%81%82%20%E5%A4%A7%E9%B0%90%E7%94%BA
居宅介護支援事業所川部西ヶ丘,ケアマネジャー・居宅介護支援,青森県,田舎館村,"介護,ケアマネジャー・居宅介護支援,相談",介護サービスの計画作成や事業所調整を行う相談先です。退院後の生活準備で重要です。,https://www.google.com/search?q=%E5%B1%85%E5%AE%85%E4%BB%8B%E8%AD%B7%E6%94%AF%E6%8F%B4%E4%BA%8B%E6%A5%AD%E6%89%80%E5%B7%9D%E9%83%A8%E8%A5%BF%E3%83%B6%E4%B8%98%20%E7%94%B0%E8%88%8E%E9%A4%A8%E6%9D%91,青森県南津軽郡田舎館村大字川部字中西田30-58,0172-75-6611,厚生労働省オープンデータ,https://www.mhlw.go.jp/content/12300000/jigyosho_430.csv,2025-12末,https://www.google.com/search?q=%E5%B1%85%E5%AE%85%E4%BB%8B%E8%AD%B7%E6%94%AF%E6%8F%B4%E4%BA%8B%E6%A5%AD%E6%89%80%E5%B7%9D%E9%83%A8%E8%A5%BF%E3%83%B6%E4%B8%98%20%E7%94%B0%E8%88%8E%E9%A4%A8%E6%9D%91
社会福祉法人　田舎館村社会福祉協議会,ケアマネジャー・居宅介護支援,青森県,田舎館村,"介護,ケアマネジャー・居宅介護支援,相談",介護サービスの計画作成や事業所調整を行う相談先です。退院後の生活準備で重要です。,http://inakadatesyakyo.or.jp,青森県南津軽郡田舎館村大字八反田字古舘２０６番地１号,0172-43-8113,厚生労働省オープンデータ,https://www.mhlw.go.jp/content/12300000/jigyosho_430.csv,2025-12末,https://www.google.com/search?q=%E7%A4%BE%E4%BC%9A%E7%A6%8F%E7%A5%89%E6%B3%95%E4%BA%BA%E3%80%80%E7%94%B0%E8%88%8E%E9%A4%A8%E6%9D%91%E7%A4%BE%E4%BC%9A%E7%A6%8F%E7%A5%89%E5%8D%94%E8%AD%B0%E4%BC%9A%20%E7%94%B0%E8%88%8E%E9%A4%A8%E6%9D%91
居宅介護支援センター鶴住,ケアマネジャー・居宅介護支援,青森県,板柳町,"介護,ケアマネジャー・居宅介護支援,相談",介護サービスの計画作成や事業所調整を行う相談先です。退院後の生活準備で重要です。,http://turuzumikai.jp/nursing/center/,青森県北津軽郡板柳町大字野中字鶴住102番地2,0172-73-3195,厚生労働省オープンデータ,https://www.mhlw.go.jp/content/12300000/jigyosho_430.csv,2025-12末,https://www.google.com/search?q=%E5%B1%85%E5%AE%85%E4%BB%8B%E8%AD%B7%E6%94%AF%E6%8F%B4%E3%82%BB%E3%83%B3%E3%82%BF%E3%83%BC%E9%B6%B4%E4%BD%8F%20%E6%9D%BF%E6%9F%B3%E7%94%BA
光仁ケアプランサービス板柳,ケアマネジャー・居宅介護支援,青森県,板柳町,"介護,ケアマネジャー・居宅介護支援,相談",介護サービスの計画作成や事業所調整を行う相談先です。退院後の生活準備で重要です。,http://www.koujin-kaigo.com,青森県北津軽郡板柳町大字福野田字実田７３番地５,0172-73-2771,厚生労働省オープンデータ,https://www.mhlw.go.jp/content/12300000/jigyosho_430.csv,2025-12末,https://www.google.com/search?q=%E5%85%89%E4%BB%81%E3%82%B1%E3%82%A2%E3%83%97%E3%83%A9%E3%83%B3%E3%82%B5%E3%83%BC%E3%83%93%E3%82%B9%E6%9D%BF%E6%9F%B3%20%E6%9D%BF%E6%9F%B3%E7%94%BA
社会福祉法人　板柳町社会福祉協議会,ケアマネジャー・居宅介護支援,青森県,板柳町,"介護,ケアマネジャー・居宅介護支援,相談",介護サービスの計画作成や事業所調整を行う相談先です。退院後の生活準備で重要です。,http://itayanagishakyo.or.jp,青森県北津軽郡板柳町大字福野田字実田11番地7号,0172-73-5894,厚生労働省オープンデータ,https://www.mhlw.go.jp/content/12300000/jigyosho_430.csv,2025-12末,https://www.google.com/search?q=%E7%A4%BE%E4%BC%9A%E7%A6%8F%E7%A5%89%E6%B3%95%E4%BA%BA%E3%80%80%E6%9D%BF%E6%9F%B3%E7%94%BA%E7%A4%BE%E4%BC%9A%E7%A6%8F%E7%A5%89%E5%8D%94%E8%AD%B0%E4%BC%9A%20%E6%9D%BF%E6%9F%B3%E7%94%BA
在宅介護支援センター　いたや荘,ケアマネジャー・居宅介護支援,青森県,板柳町,"介護,ケアマネジャー・居宅介護支援,相談",介護サービスの計画作成や事業所調整を行う相談先です。退院後の生活準備で重要です。,http://sanwakai.info/,青森県北津軽郡板柳町大字辻字岸田６６,0172-79-2100,厚生労働省オープンデータ,https://www.mhlw.go.jp/content/12300000/jigyosho_430.csv,2025-12末,https://www.google.com/search?q=%E5%9C%A8%E5%AE%85%E4%BB%8B%E8%AD%B7%E6%94%AF%E6%8F%B4%E3%82%BB%E3%83%B3%E3%82%BF%E3%83%BC%E3%80%80%E3%81%84%E3%81%9F%E3%82%84%E8%8D%98%20%E6%9D%BF%E6%9F%B3%E7%94%BA
有限会社　ユアホーム,ケアマネジャー・居宅介護支援,青森県,板柳町,"介護,ケアマネジャー・居宅介護支援,相談",介護サービスの計画作成や事業所調整を行う相談先です。退院後の生活準備で重要です。,lilac-group.jp,青森県北津軽郡板柳町大字掛落林字前田２６２－２,0172-73-5107,厚生労働省オープンデータ,https://www.mhlw.go.jp/content/12300000/jigyosho_430.csv,2025-12末,https://www.google.com/search?q=%E6%9C%89%E9%99%90%E4%BC%9A%E7%A4%BE%E3%80%80%E3%83%A6%E3%82%A2%E3%83%9B%E3%83%BC%E3%83%A0%20%E6%9D%BF%E6%9F%B3%E7%94%BA
ニチイケアセンターいたやなぎ,ケアマネジャー・居宅介護支援,青森県,板柳町,"介護,ケアマネジャー・居宅介護支援,相談",介護サービスの計画作成や事業所調整を行う相談先です。退院後の生活準備で重要です。,https://www.nichiigakkan.co.jp/,青森県北津軽郡板柳町大字辻字福岡65番地10ユーアートビル1Ｆ,0172-79-1521,厚生労働省オープンデータ,https://www.mhlw.go.jp/content/12300000/jigyosho_430.csv,2025-12末,https://www.google.com/search?q=%E3%83%8B%E3%83%81%E3%82%A4%E3%82%B1%E3%82%A2%E3%82%BB%E3%83%B3%E3%82%BF%E3%83%BC%E3%81%84%E3%81%9F%E3%82%84%E3%81%AA%E3%81%8E%20%E6%9D%BF%E6%9F%B3%E7%94%BA
居宅介護支援事業所のどか,ケアマネジャー・居宅介護支援,青森県,板柳町,"介護,ケアマネジャー・居宅介護支援,相談",介護サービスの計画作成や事業所調整を行う相談先です。退院後の生活準備で重要です。,https://r.goope.jp/nodokaitayanagi,青森県北津軽郡板柳町大字辻字松元４１番地１,0172-40-3245,厚生労働省オープンデータ,https://www.mhlw.go.jp/content/12300000/jigyosho_430.csv,2025-12末,https://www.google.com/search?q=%E5%B1%85%E5%AE%85%E4%BB%8B%E8%AD%B7%E6%94%AF%E6%8F%B4%E4%BA%8B%E6%A5%AD%E6%89%80%E3%81%AE%E3%81%A9%E3%81%8B%20%E6%9D%BF%E6%9F%B3%E7%94%BA
板柳ケアプランセンター,ケアマネジャー・居宅介護支援,青森県,板柳町,"介護,ケアマネジャー・居宅介護支援,相談",介護サービスの計画作成や事業所調整を行う相談先です。退院後の生活準備で重要です。,https://itayanagicare.biz,青森県北津軽郡板柳町大字福野田字実田108-4,0172-55-7911,厚生労働省オープンデータ,https://www.mhlw.go.jp/content/12300000/jigyosho_430.csv,2025-12末,https://www.google.com/search?q=%E6%9D%BF%E6%9F%B3%E3%82%B1%E3%82%A2%E3%83%97%E3%83%A9%E3%83%B3%E3%82%BB%E3%83%B3%E3%82%BF%E3%83%BC%20%E6%9D%BF%E6%9F%B3%E7%94%BA
介護老人保健施設　湖水荘　居宅介護支援事業所,ケアマネジャー・居宅介護支援,青森県,鶴田町,"介護,ケアマネジャー・居宅介護支援,相談",介護サービスの計画作成や事業所調整を行う相談先です。退院後の生活準備で重要です。,http://keikyukai.jp,青森県北津軽郡鶴田町大字廻堰字東下山９１－２,0173-22-5694,厚生労働省オープンデータ,https://www.mhlw.go.jp/content/12300000/jigyosho_430.csv,2025-12末,https://www.google.com/search?q=%E4%BB%8B%E8%AD%B7%E8%80%81%E4%BA%BA%E4%BF%9D%E5%81%A5%E6%96%BD%E8%A8%AD%E3%80%80%E6%B9%96%E6%B0%B4%E8%8D%98%E3%80%80%E5%B1%85%E5%AE%85%E4%BB%8B%E8%AD%B7%E6%94%AF%E6%8F%B4%E4%BA%8B%E6%A5%AD%E6%89%80%20%E9%B6%B4%E7%94%B0%E7%94%BA
鶴松園居宅介護支援事業所,ケアマネジャー・居宅介護支援,青森県,鶴田町,"介護,ケアマネジャー・居宅介護支援,相談",介護サービスの計画作成や事業所調整を行う相談先です。退院後の生活準備で重要です。,http://kakusyou.sakura.ne.jp/,青森県北津軽郡鶴田町大字廻堰字上野尻142,0173-22-6688,厚生労働省オープンデータ,https://www.mhlw.go.jp/content/12300000/jigyosho_430.csv,2025-12末,https://www.google.com/search?q=%E9%B6%B4%E6%9D%BE%E5%9C%92%E5%B1%85%E5%AE%85%E4%BB%8B%E8%AD%B7%E6%94%AF%E6%8F%B4%E4%BA%8B%E6%A5%AD%E6%89%80%20%E9%B6%B4%E7%94%B0%E7%94%BA
社会福祉法人鶴田町社会福祉協議会,ケアマネジャー・居宅介護支援,青森県,鶴田町,"介護,ケアマネジャー・居宅介護支援,相談",介護サービスの計画作成や事業所調整を行う相談先です。退院後の生活準備で重要です。,http://tsuruta-syakyo.or.jp/,青森県北津軽郡鶴田町大字鶴田字沖津193番地鶴田町保健福祉センター「鶴遊館」,0173-22-3394,厚生労働省オープンデータ,https://www.mhlw.go.jp/content/12300000/jigyosho_430.csv,2025-12末,https://www.google.com/search?q=%E7%A4%BE%E4%BC%9A%E7%A6%8F%E7%A5%89%E6%B3%95%E4%BA%BA%E9%B6%B4%E7%94%B0%E7%94%BA%E7%A4%BE%E4%BC%9A%E7%A6%8F%E7%A5%89%E5%8D%94%E8%AD%B0%E4%BC%9A%20%E9%B6%B4%E7%94%B0%E7%94%BA
居宅介護支援事業所アップル鶴の里,ケアマネジャー・居宅介護支援,青森県,鶴田町,"介護,ケアマネジャー・居宅介護支援,相談",介護サービスの計画作成や事業所調整を行う相談先です。退院後の生活準備で重要です。,https://www.google.com/search?q=%E5%B1%85%E5%AE%85%E4%BB%8B%E8%AD%B7%E6%94%AF%E6%8F%B4%E4%BA%8B%E6%A5%AD%E6%89%80%E3%82%A2%E3%83%83%E3%83%97%E3%83%AB%E9%B6%B4%E3%81%AE%E9%87%8C%20%E9%B6%B4%E7%94%B0%E7%94%BA,青森県北津軽郡鶴田町大字横萢字矢留崎97,0173-27-1235,厚生労働省オープンデータ,https://www.mhlw.go.jp/content/12300000/jigyosho_430.csv,2025-12末,https://www.google.com/search?q=%E5%B1%85%E5%AE%85%E4%BB%8B%E8%AD%B7%E6%94%AF%E6%8F%B4%E4%BA%8B%E6%A5%AD%E6%89%80%E3%82%A2%E3%83%83%E3%83%97%E3%83%AB%E9%B6%B4%E3%81%AE%E9%87%8C%20%E9%B6%B4%E7%94%B0%E7%94%BA
うぐいすの森居宅介護支援センター,ケアマネジャー・居宅介護支援,青森県,中泊町,"介護,ケアマネジャー・居宅介護支援,相談",介護サービスの計画作成や事業所調整を行う相談先です。退院後の生活準備で重要です。,https://www.google.com/search?q=%E3%81%86%E3%81%90%E3%81%84%E3%81%99%E3%81%AE%E6%A3%AE%E5%B1%85%E5%AE%85%E4%BB%8B%E8%AD%B7%E6%94%AF%E6%8F%B4%E3%82%BB%E3%83%B3%E3%82%BF%E3%83%BC%20%E4%B8%AD%E6%B3%8A%E7%94%BA,青森県北津軽郡中泊町大字中里字亀山４４９－１,0173-57-4773,厚生労働省オープンデータ,https://www.mhlw.go.jp/content/12300000/jigyosho_430.csv,2025-12末,https://www.google.com/search?q=%E3%81%86%E3%81%90%E3%81%84%E3%81%99%E3%81%AE%E6%A3%AE%E5%B1%85%E5%AE%85%E4%BB%8B%E8%AD%B7%E6%94%AF%E6%8F%B4%E3%82%BB%E3%83%B3%E3%82%BF%E3%83%BC%20%E4%B8%AD%E6%B3%8A%E7%94%BA
介護支援事業所間茶,ケアマネジャー・居宅介護支援,青森県,中泊町,"介護,ケアマネジャー・居宅介護支援,相談",介護サービスの計画作成や事業所調整を行う相談先です。退院後の生活準備で重要です。,https://www.google.com/search?q=%E4%BB%8B%E8%AD%B7%E6%94%AF%E6%8F%B4%E4%BA%8B%E6%A5%AD%E6%89%80%E9%96%93%E8%8C%B6%20%E4%B8%AD%E6%B3%8A%E7%94%BA,青も立件北津軽郡中泊町大字田茂木字川袋島122番地95,0173-26-7698,厚生労働省オープンデータ,https://www.mhlw.go.jp/content/12300000/jigyosho_430.csv,2025-12末,https://www.google.com/search?q=%E4%BB%8B%E8%AD%B7%E6%94%AF%E6%8F%B4%E4%BA%8B%E6%A5%AD%E6%89%80%E9%96%93%E8%8C%B6%20%E4%B8%AD%E6%B3%8A%E7%94%BA
社会福祉法人　中泊町社会福祉協議会,ケアマネジャー・居宅介護支援,青森県,中泊町,"介護,ケアマネジャー・居宅介護支援,相談",介護サービスの計画作成や事業所調整を行う相談先です。退院後の生活準備で重要です。,http://www.nakadomarimatishakyo.web.fc2.com/,青森県北津軽郡中泊町大字中里字亀山170-1,0173-57-4841,厚生労働省オープンデータ,https://www.mhlw.go.jp/content/12300000/jigyosho_430.csv,2025-12末,https://www.google.com/search?q=%E7%A4%BE%E4%BC%9A%E7%A6%8F%E7%A5%89%E6%B3%95%E4%BA%BA%E3%80%80%E4%B8%AD%E6%B3%8A%E7%94%BA%E7%A4%BE%E4%BC%9A%E7%A6%8F%E7%A5%89%E5%8D%94%E8%AD%B0%E4%BC%9A%20%E4%B8%AD%E6%B3%8A%E7%94%BA
内潟療護園相談センター,ケアマネジャー・居宅介護支援,青森県,中泊町,"介護,ケアマネジャー・居宅介護支援,相談",介護サービスの計画作成や事業所調整を行う相談先です。退院後の生活準備で重要です。,http://uchigata.or.jp/,青森県北津軽郡中泊町大字田茂木字若宮1933番地,0173-58-3182,厚生労働省オープンデータ,https://www.mhlw.go.jp/content/12300000/jigyosho_430.csv,2025-12末,https://www.google.com/search?q=%E5%86%85%E6%BD%9F%E7%99%82%E8%AD%B7%E5%9C%92%E7%9B%B8%E8%AB%87%E3%82%BB%E3%83%B3%E3%82%BF%E3%83%BC%20%E4%B8%AD%E6%B3%8A%E7%94%BA
泉の里居宅介護支援事業所,ケアマネジャー・居宅介護支援,青森県,中泊町,"介護,ケアマネジャー・居宅介護支援,相談",介護サービスの計画作成や事業所調整を行う相談先です。退院後の生活準備で重要です。,https://www.google.com/search?q=%E6%B3%89%E3%81%AE%E9%87%8C%E5%B1%85%E5%AE%85%E4%BB%8B%E8%AD%B7%E6%94%AF%E6%8F%B4%E4%BA%8B%E6%A5%AD%E6%89%80%20%E4%B8%AD%E6%B3%8A%E7%94%BA,青森県北津軽郡中泊町大字今泉字神山１４１番地,0173-58-3115,厚生労働省オープンデータ,https://www.mhlw.go.jp/content/12300000/jigyosho_430.csv,2025-12末,https://www.google.com/search?q=%E6%B3%89%E3%81%AE%E9%87%8C%E5%B1%85%E5%AE%85%E4%BB%8B%E8%AD%B7%E6%94%AF%E6%8F%B4%E4%BA%8B%E6%A5%AD%E6%89%80%20%E4%B8%AD%E6%B3%8A%E7%94%BA
介護相談センターはなまる,ケアマネジャー・居宅介護支援,青森県,中泊町,"介護,ケアマネジャー・居宅介護支援,相談",介護サービスの計画作成や事業所調整を行う相談先です。退院後の生活準備で重要です。,https://www.google.com/search?q=%E4%BB%8B%E8%AD%B7%E7%9B%B8%E8%AB%87%E3%82%BB%E3%83%B3%E3%82%BF%E3%83%BC%E3%81%AF%E3%81%AA%E3%81%BE%E3%82%8B%20%E4%B8%AD%E6%B3%8A%E7%94%BA,青森県北津軽郡中泊町大字大沢内字海原148-184,0173-26-5570,厚生労働省オープンデータ,https://www.mhlw.go.jp/content/12300000/jigyosho_430.csv,2025-12末,https://www.google.com/search?q=%E4%BB%8B%E8%AD%B7%E7%9B%B8%E8%AB%87%E3%82%BB%E3%83%B3%E3%82%BF%E3%83%BC%E3%81%AF%E3%81%AA%E3%81%BE%E3%82%8B%20%E4%B8%AD%E6%B3%8A%E7%94%BA
株式会社ケアライフ青森　野辺地営業所,ケアマネジャー・居宅介護支援,青森県,野辺地町,"介護,ケアマネジャー・居宅介護支援,相談",介護サービスの計画作成や事業所調整を行う相談先です。退院後の生活準備で重要です。,http://www.carelife-net.co.jp,青森県上北郡野辺地町字家の上103-2,0175-73-8586,厚生労働省オープンデータ,https://www.mhlw.go.jp/content/12300000/jigyosho_430.csv,2025-12末,https://www.google.com/search?q=%E6%A0%AA%E5%BC%8F%E4%BC%9A%E7%A4%BE%E3%82%B1%E3%82%A2%E3%83%A9%E3%82%A4%E3%83%95%E9%9D%92%E6%A3%AE%E3%80%80%E9%87%8E%E8%BE%BA%E5%9C%B0%E5%96%B6%E6%A5%AD%E6%89%80%20%E9%87%8E%E8%BE%BA%E5%9C%B0%E7%94%BA
のへじ社協居宅介護支援事業所,ケアマネジャー・居宅介護支援,青森県,野辺地町,"介護,ケアマネジャー・居宅介護支援,相談",介護サービスの計画作成や事業所調整を行う相談先です。退院後の生活準備で重要です。,http://nohejishakyo.jp/,青森県上北郡野辺地町字前田5番地2野辺地町健康増進センター内,0175-64-4400,厚生労働省オープンデータ,https://www.mhlw.go.jp/content/12300000/jigyosho_430.csv,2025-12末,https://www.google.com/search?q=%E3%81%AE%E3%81%B8%E3%81%98%E7%A4%BE%E5%8D%94%E5%B1%85%E5%AE%85%E4%BB%8B%E8%AD%B7%E6%94%AF%E6%8F%B4%E4%BA%8B%E6%A5%AD%E6%89%80%20%E9%87%8E%E8%BE%BA%E5%9C%B0%E7%94%BA
のへじ居宅介護支援センター,ケアマネジャー・居宅介護支援,青森県,野辺地町,"介護,ケアマネジャー・居宅介護支援,相談",介護サービスの計画作成や事業所調整を行う相談先です。退院後の生活準備で重要です。,http://www.noheji@fukushinosato.com,青森県上北郡野辺地町字餅粟川原4,0175-65-2330,厚生労働省オープンデータ,https://www.mhlw.go.jp/content/12300000/jigyosho_430.csv,2025-12末,https://www.google.com/search?q=%E3%81%AE%E3%81%B8%E3%81%98%E5%B1%85%E5%AE%85%E4%BB%8B%E8%AD%B7%E6%94%AF%E6%8F%B4%E3%82%BB%E3%83%B3%E3%82%BF%E3%83%BC%20%E9%87%8E%E8%BE%BA%E5%9C%B0%E7%94%BA
居宅介護支援事業所えぼし,ケアマネジャー・居宅介護支援,青森県,野辺地町,"介護,ケアマネジャー・居宅介護支援,相談",介護サービスの計画作成や事業所調整を行う相談先です。退院後の生活準備で重要です。,https://www.google.com/search?q=%E5%B1%85%E5%AE%85%E4%BB%8B%E8%AD%B7%E6%94%AF%E6%8F%B4%E4%BA%8B%E6%A5%AD%E6%89%80%E3%81%88%E3%81%BC%E3%81%97%20%E9%87%8E%E8%BE%BA%E5%9C%B0%E7%94%BA,青森県上北郡野辺地町字川目８８－１,0175-65-2666,厚生労働省オープンデータ,https://www.mhlw.go.jp/content/12300000/jigyosho_430.csv,2025-12末,https://www.google.com/search?q=%E5%B1%85%E5%AE%85%E4%BB%8B%E8%AD%B7%E6%94%AF%E6%8F%B4%E4%BA%8B%E6%A5%AD%E6%89%80%E3%81%88%E3%81%BC%E3%81%97%20%E9%87%8E%E8%BE%BA%E5%9C%B0%E7%94%BA
公立野辺地病院指定介護居宅支援事業所,ケアマネジャー・居宅介護支援,青森県,野辺地町,"介護,ケアマネジャー・居宅介護支援,相談",介護サービスの計画作成や事業所調整を行う相談先です。退院後の生活準備で重要です。,hospital-noheji-aomori.jp,青森県上北郡野辺地町字鳴沢9番地12,0175-65-2115,厚生労働省オープンデータ,https://www.mhlw.go.jp/content/12300000/jigyosho_430.csv,2025-12末,https://www.google.com/search?q=%E5%85%AC%E7%AB%8B%E9%87%8E%E8%BE%BA%E5%9C%B0%E7%97%85%E9%99%A2%E6%8C%87%E5%AE%9A%E4%BB%8B%E8%AD%B7%E5%B1%85%E5%AE%85%E6%94%AF%E6%8F%B4%E4%BA%8B%E6%A5%AD%E6%89%80%20%E9%87%8E%E8%BE%BA%E5%9C%B0%E7%94%BA
工藤医院,ケアマネジャー・居宅介護支援,青森県,七戸町,"介護,ケアマネジャー・居宅介護支援,相談",介護サービスの計画作成や事業所調整を行う相談先です。退院後の生活準備で重要です。,https://www.google.com/search?q=%E5%B7%A5%E8%97%A4%E5%8C%BB%E9%99%A2%20%E4%B8%83%E6%88%B8%E7%94%BA,青森県上北郡七戸町字道ノ上６３-４,0176-68-2666,厚生労働省オープンデータ,https://www.mhlw.go.jp/content/12300000/jigyosho_430.csv,2025-12末,https://www.google.com/search?q=%E5%B7%A5%E8%97%A4%E5%8C%BB%E9%99%A2%20%E4%B8%83%E6%88%B8%E7%94%BA
ナーシングセンター柏葉居宅介護支援事業所,ケアマネジャー・居宅介護支援,青森県,七戸町,"介護,ケアマネジャー・居宅介護支援,相談",介護サービスの計画作成や事業所調整を行う相談先です。退院後の生活準備で重要です。,https://www.google.com/search?q=%E3%83%8A%E3%83%BC%E3%82%B7%E3%83%B3%E3%82%B0%E3%82%BB%E3%83%B3%E3%82%BF%E3%83%BC%E6%9F%8F%E8%91%89%E5%B1%85%E5%AE%85%E4%BB%8B%E8%AD%B7%E6%94%AF%E6%8F%B4%E4%BA%8B%E6%A5%AD%E6%89%80%20%E4%B8%83%E6%88%B8%E7%94%BA,青森県上北郡七戸町字笊田川久保100-1,0176-62-2201,厚生労働省オープンデータ,https://www.mhlw.go.jp/content/12300000/jigyosho_430.csv,2025-12末,https://www.google.com/search?q=%E3%83%8A%E3%83%BC%E3%82%B7%E3%83%B3%E3%82%B0%E3%82%BB%E3%83%B3%E3%82%BF%E3%83%BC%E6%9F%8F%E8%91%89%E5%B1%85%E5%AE%85%E4%BB%8B%E8%AD%B7%E6%94%AF%E6%8F%B4%E4%BA%8B%E6%A5%AD%E6%89%80%20%E4%B8%83%E6%88%B8%E7%94%BA
美土里荘在宅介護支援センター櫟,ケアマネジャー・居宅介護支援,青森県,七戸町,"介護,ケアマネジャー・居宅介護支援,相談",介護サービスの計画作成や事業所調整を行う相談先です。退院後の生活準備で重要です。,https://midorikai-gr.or.jp,青森県上北郡七戸町字寒水７０－１７,0176-51-3890,厚生労働省オープンデータ,https://www.mhlw.go.jp/content/12300000/jigyosho_430.csv,2025-12末,https://www.google.com/search?q=%E7%BE%8E%E5%9C%9F%E9%87%8C%E8%8D%98%E5%9C%A8%E5%AE%85%E4%BB%8B%E8%AD%B7%E6%94%AF%E6%8F%B4%E3%82%BB%E3%83%B3%E3%82%BF%E3%83%BC%E6%AB%9F%20%E4%B8%83%E6%88%B8%E7%94%BA
天寿園在宅介護支援センター,ケアマネジャー・居宅介護支援,青森県,七戸町,"介護,ケアマネジャー・居宅介護支援,相談",介護サービスの計画作成や事業所調整を行う相談先です。退院後の生活準備で重要です。,www.tenjuen.net/,青森県上北郡七戸町字舟場向川久保308番地,0176-68-4888,厚生労働省オープンデータ,https://www.mhlw.go.jp/content/12300000/jigyosho_430.csv,2025-12末,https://www.google.com/search?q=%E5%A4%A9%E5%AF%BF%E5%9C%92%E5%9C%A8%E5%AE%85%E4%BB%8B%E8%AD%B7%E6%94%AF%E6%8F%B4%E3%82%BB%E3%83%B3%E3%82%BF%E3%83%BC%20%E4%B8%83%E6%88%B8%E7%94%BA
社会福祉法人七戸町社会福祉協議会,ケアマネジャー・居宅介護支援,青森県,七戸町,"介護,ケアマネジャー・居宅介護支援,相談",介護サービスの計画作成や事業所調整を行う相談先です。退院後の生活準備で重要です。,http://www.7shakyo.com,青森県上北郡七戸町字立野頭139番地1七戸町総合福祉センター,0176-62-4419,厚生労働省オープンデータ,https://www.mhlw.go.jp/content/12300000/jigyosho_430.csv,2025-12末,https://www.google.com/search?q=%E7%A4%BE%E4%BC%9A%E7%A6%8F%E7%A5%89%E6%B3%95%E4%BA%BA%E4%B8%83%E6%88%B8%E7%94%BA%E7%A4%BE%E4%BC%9A%E7%A6%8F%E7%A5%89%E5%8D%94%E8%AD%B0%E4%BC%9A%20%E4%B8%83%E6%88%B8%E7%94%BA
城南居宅介護支援センター,ケアマネジャー・居宅介護支援,青森県,七戸町,"介護,ケアマネジャー・居宅介護支援,相談",介護サービスの計画作成や事業所調整を行う相談先です。退院後の生活準備で重要です。,https://www.google.com/search?q=%E5%9F%8E%E5%8D%97%E5%B1%85%E5%AE%85%E4%BB%8B%E8%AD%B7%E6%94%AF%E6%8F%B4%E3%82%BB%E3%83%B3%E3%82%BF%E3%83%BC%20%E4%B8%83%E6%88%B8%E7%94%BA,青森県上北郡七戸町字太田野19番地4,0176-62-5348,厚生労働省オープンデータ,https://www.mhlw.go.jp/content/12300000/jigyosho_430.csv,2025-12末,https://www.google.com/search?q=%E5%9F%8E%E5%8D%97%E5%B1%85%E5%AE%85%E4%BB%8B%E8%AD%B7%E6%94%AF%E6%8F%B4%E3%82%BB%E3%83%B3%E3%82%BF%E3%83%BC%20%E4%B8%83%E6%88%B8%E7%94%BA
ケアサポート　ゆう,ケアマネジャー・居宅介護支援,青森県,七戸町,"介護,ケアマネジャー・居宅介護支援,相談",介護サービスの計画作成や事業所調整を行う相談先です。退院後の生活準備で重要です。,https://www.google.com/search?q=%E3%82%B1%E3%82%A2%E3%82%B5%E3%83%9D%E3%83%BC%E3%83%88%E3%80%80%E3%82%86%E3%81%86%20%E4%B8%83%E6%88%B8%E7%94%BA,青森県上北郡七戸町字道ノ上118－1,0176-68-4780,厚生労働省オープンデータ,https://www.mhlw.go.jp/content/12300000/jigyosho_430.csv,2025-12末,https://www.google.com/search?q=%E3%82%B1%E3%82%A2%E3%82%B5%E3%83%9D%E3%83%BC%E3%83%88%E3%80%80%E3%82%86%E3%81%86%20%E4%B8%83%E6%88%B8%E7%94%BA
在宅介護支援センターメープル,ケアマネジャー・居宅介護支援,青森県,六戸町,"介護,ケアマネジャー・居宅介護支援,相談",介護サービスの計画作成や事業所調整を行う相談先です。退院後の生活準備で重要です。,http://meipuru.or.jp/,青森県上北郡六戸町大字上吉田字長谷85番地11,0176-70-1111,厚生労働省オープンデータ,https://www.mhlw.go.jp/content/12300000/jigyosho_430.csv,2025-12末,https://www.google.com/search?q=%E5%9C%A8%E5%AE%85%E4%BB%8B%E8%AD%B7%E6%94%AF%E6%8F%B4%E3%82%BB%E3%83%B3%E3%82%BF%E3%83%BC%E3%83%A1%E3%83%BC%E3%83%97%E3%83%AB%20%E5%85%AD%E6%88%B8%E7%94%BA
社会福祉法人　六戸町社会福祉協議会,ケアマネジャー・居宅介護支援,青森県,六戸町,"介護,ケアマネジャー・居宅介護支援,相談",介護サービスの計画作成や事業所調整を行う相談先です。退院後の生活準備で重要です。,http://www.rokunohefukusi.jp/,青森県上北郡六戸町大字犬落瀬字柴山3番地の9六戸町老人福祉センター,0176-55-2943,厚生労働省オープンデータ,https://www.mhlw.go.jp/content/12300000/jigyosho_430.csv,2025-12末,https://www.google.com/search?q=%E7%A4%BE%E4%BC%9A%E7%A6%8F%E7%A5%89%E6%B3%95%E4%BA%BA%E3%80%80%E5%85%AD%E6%88%B8%E7%94%BA%E7%A4%BE%E4%BC%9A%E7%A6%8F%E7%A5%89%E5%8D%94%E8%AD%B0%E4%BC%9A%20%E5%85%AD%E6%88%B8%E7%94%BA
はるが丘介護支援センター,ケアマネジャー・居宅介護支援,青森県,六戸町,"介護,ケアマネジャー・居宅介護支援,相談",介護サービスの計画作成や事業所調整を行う相談先です。退院後の生活準備で重要です。,http://www.rakuseikai.or.jp/,青森県上北郡六戸町犬落瀬字堀切沢５９番５４,0176-50-2121,厚生労働省オープンデータ,https://www.mhlw.go.jp/content/12300000/jigyosho_430.csv,2025-12末,https://www.google.com/search?q=%E3%81%AF%E3%82%8B%E3%81%8C%E4%B8%98%E4%BB%8B%E8%AD%B7%E6%94%AF%E6%8F%B4%E3%82%BB%E3%83%B3%E3%82%BF%E3%83%BC%20%E5%85%AD%E6%88%B8%E7%94%BA
居宅介護支援事業所にこにこプラザ六戸,ケアマネジャー・居宅介護支援,青森県,六戸町,"介護,ケアマネジャー・居宅介護支援,相談",介護サービスの計画作成や事業所調整を行う相談先です。退院後の生活準備で重要です。,https://www.sg-momijikai.com/,青森県上北郡六戸町大字犬落瀬字権現沢54-455,0176-58-6680,厚生労働省オープンデータ,https://www.mhlw.go.jp/content/12300000/jigyosho_430.csv,2025-12末,https://www.google.com/search?q=%E5%B1%85%E5%AE%85%E4%BB%8B%E8%AD%B7%E6%94%AF%E6%8F%B4%E4%BA%8B%E6%A5%AD%E6%89%80%E3%81%AB%E3%81%93%E3%81%AB%E3%81%93%E3%83%97%E3%83%A9%E3%82%B6%E5%85%AD%E6%88%B8%20%E5%85%AD%E6%88%B8%E7%94%BA
社会福祉法人　横浜町社会福祉協議会,ケアマネジャー・居宅介護支援,青森県,横浜町,"介護,ケアマネジャー・居宅介護支援,相談",介護サービスの計画作成や事業所調整を行う相談先です。退院後の生活準備で重要です。,https://yokosyakyo.studio.site,青森県上北郡横浜町字三保野56,0175-76-1380,厚生労働省オープンデータ,https://www.mhlw.go.jp/content/12300000/jigyosho_430.csv,2025-12末,https://www.google.com/search?q=%E7%A4%BE%E4%BC%9A%E7%A6%8F%E7%A5%89%E6%B3%95%E4%BA%BA%E3%80%80%E6%A8%AA%E6%B5%9C%E7%94%BA%E7%A4%BE%E4%BC%9A%E7%A6%8F%E7%A5%89%E5%8D%94%E8%AD%B0%E4%BC%9A%20%E6%A8%AA%E6%B5%9C%E7%94%BA
居宅介護支援事業所　なのはな苑,ケアマネジャー・居宅介護支援,青森県,横浜町,"介護,ケアマネジャー・居宅介護支援,相談",介護サービスの計画作成や事業所調整を行う相談先です。退院後の生活準備で重要です。,http://kiboukai.com,青森県上北郡横浜町字三保野54番地,0175-78-3407,厚生労働省オープンデータ,https://www.mhlw.go.jp/content/12300000/jigyosho_430.csv,2025-12末,https://www.google.com/search?q=%E5%B1%85%E5%AE%85%E4%BB%8B%E8%AD%B7%E6%94%AF%E6%8F%B4%E4%BA%8B%E6%A5%AD%E6%89%80%E3%80%80%E3%81%AA%E3%81%AE%E3%81%AF%E3%81%AA%E8%8B%91%20%E6%A8%AA%E6%B5%9C%E7%94%BA
居宅介護支援事業所　よこはま,ケアマネジャー・居宅介護支援,青森県,横浜町,"介護,ケアマネジャー・居宅介護支援,相談",介護サービスの計画作成や事業所調整を行う相談先です。退院後の生活準備で重要です。,https://www.google.com/search?q=%E5%B1%85%E5%AE%85%E4%BB%8B%E8%AD%B7%E6%94%AF%E6%8F%B4%E4%BA%8B%E6%A5%AD%E6%89%80%E3%80%80%E3%82%88%E3%81%93%E3%81%AF%E3%81%BE%20%E6%A8%AA%E6%B5%9C%E7%94%BA,青森県上北郡横浜町字上イタヤノ木438番地8,0175-76-1116,厚生労働省オープンデータ,https://www.mhlw.go.jp/content/12300000/jigyosho_430.csv,2025-12末,https://www.google.com/search?q=%E5%B1%85%E5%AE%85%E4%BB%8B%E8%AD%B7%E6%94%AF%E6%8F%B4%E4%BA%8B%E6%A5%AD%E6%89%80%E3%80%80%E3%82%88%E3%81%93%E3%81%AF%E3%81%BE%20%E6%A8%AA%E6%B5%9C%E7%94%BA
社会福祉法人東北町社会福祉協議会,ケアマネジャー・居宅介護支援,青森県,東北町,"介護,ケアマネジャー・居宅介護支援,相談",介護サービスの計画作成や事業所調整を行う相談先です。退院後の生活準備で重要です。,http://tohoku-shakyo.jp,青森県上北郡東北町字上笹橋45-10東北町老人福祉センター内,0175-63-2717,厚生労働省オープンデータ,https://www.mhlw.go.jp/content/12300000/jigyosho_430.csv,2025-12末,https://www.google.com/search?q=%E7%A4%BE%E4%BC%9A%E7%A6%8F%E7%A5%89%E6%B3%95%E4%BA%BA%E6%9D%B1%E5%8C%97%E7%94%BA%E7%A4%BE%E4%BC%9A%E7%A6%8F%E7%A5%89%E5%8D%94%E8%AD%B0%E4%BC%9A%20%E6%9D%B1%E5%8C%97%E7%94%BA
彩香園アルテリーベ居宅介護支援事業所,ケアマネジャー・居宅介護支援,青森県,東北町,"介護,ケアマネジャー・居宅介護支援,相談",介護サービスの計画作成や事業所調整を行う相談先です。退院後の生活準備で重要です。,https://akibakai.com,上北郡東北町大字大浦字境ノ沢１２７,0176-58-1225,厚生労働省オープンデータ,https://www.mhlw.go.jp/content/12300000/jigyosho_430.csv,2025-12末,https://www.google.com/search?q=%E5%BD%A9%E9%A6%99%E5%9C%92%E3%82%A2%E3%83%AB%E3%83%86%E3%83%AA%E3%83%BC%E3%83%99%E5%B1%85%E5%AE%85%E4%BB%8B%E8%AD%B7%E6%94%AF%E6%8F%B4%E4%BA%8B%E6%A5%AD%E6%89%80%20%E6%9D%B1%E5%8C%97%E7%94%BA
居宅介護支援センターちびき,ケアマネジャー・居宅介護支援,青森県,東北町,"介護,ケアマネジャー・居宅介護支援,相談",介護サービスの計画作成や事業所調整を行う相談先です。退院後の生活準備で重要です。,http://prime-line.jp/,青森県上北郡東北町字大平１－１１４,0175-64-7777,厚生労働省オープンデータ,https://www.mhlw.go.jp/content/12300000/jigyosho_430.csv,2025-12末,https://www.google.com/search?q=%E5%B1%85%E5%AE%85%E4%BB%8B%E8%AD%B7%E6%94%AF%E6%8F%B4%E3%82%BB%E3%83%B3%E3%82%BF%E3%83%BC%E3%81%A1%E3%81%B3%E3%81%8D%20%E6%9D%B1%E5%8C%97%E7%94%BA
居宅介護支援センターみらい,ケアマネジャー・居宅介護支援,青森県,東北町,"介護,ケアマネジャー・居宅介護支援,相談",介護サービスの計画作成や事業所調整を行う相談先です。退院後の生活準備で重要です。,https://www.google.com/search?q=%E5%B1%85%E5%AE%85%E4%BB%8B%E8%AD%B7%E6%94%AF%E6%8F%B4%E3%82%BB%E3%83%B3%E3%82%BF%E3%83%BC%E3%81%BF%E3%82%89%E3%81%84%20%E6%9D%B1%E5%8C%97%E7%94%BA,青森県上北郡東北町大字大浦字唐虫沢４４－１７９,0176-56-3722,厚生労働省オープンデータ,https://www.mhlw.go.jp/content/12300000/jigyosho_430.csv,2025-12末,https://www.google.com/search?q=%E5%B1%85%E5%AE%85%E4%BB%8B%E8%AD%B7%E6%94%AF%E6%8F%B4%E3%82%BB%E3%83%B3%E3%82%BF%E3%83%BC%E3%81%BF%E3%82%89%E3%81%84%20%E6%9D%B1%E5%8C%97%E7%94%BA
松風荘在宅介護支援センター,ケアマネジャー・居宅介護支援,青森県,東北町,"介護,ケアマネジャー・居宅介護支援,相談",介護サービスの計画作成や事業所調整を行う相談先です。退院後の生活準備で重要です。,https://www.google.com/search?q=%E6%9D%BE%E9%A2%A8%E8%8D%98%E5%9C%A8%E5%AE%85%E4%BB%8B%E8%AD%B7%E6%94%AF%E6%8F%B4%E3%82%BB%E3%83%B3%E3%82%BF%E3%83%BC%20%E6%9D%B1%E5%8C%97%E7%94%BA,青森県上北郡東北町字乙供１２３番地,０１７５－６３－４３１８,厚生労働省オープンデータ,https://www.mhlw.go.jp/content/12300000/jigyosho_430.csv,2025-12末,https://www.google.com/search?q=%E6%9D%BE%E9%A2%A8%E8%8D%98%E5%9C%A8%E5%AE%85%E4%BB%8B%E8%AD%B7%E6%94%AF%E6%8F%B4%E3%82%BB%E3%83%B3%E3%82%BF%E3%83%BC%20%E6%9D%B1%E5%8C%97%E7%94%BA
すみれ居宅介護支援事業所,ケアマネジャー・居宅介護支援,青森県,東北町,"介護,ケアマネジャー・居宅介護支援,相談",介護サービスの計画作成や事業所調整を行う相談先です。退院後の生活準備で重要です。,https://www.google.com/search?q=%E3%81%99%E3%81%BF%E3%82%8C%E5%B1%85%E5%AE%85%E4%BB%8B%E8%AD%B7%E6%94%AF%E6%8F%B4%E4%BA%8B%E6%A5%AD%E6%89%80%20%E6%9D%B1%E5%8C%97%E7%94%BA,青森県上北郡東北町上北北一丁目34-103,0176-56-2221,厚生労働省オープンデータ,https://www.mhlw.go.jp/content/12300000/jigyosho_430.csv,2025-12末,https://www.google.com/search?q=%E3%81%99%E3%81%BF%E3%82%8C%E5%B1%85%E5%AE%85%E4%BB%8B%E8%AD%B7%E6%94%AF%E6%8F%B4%E4%BA%8B%E6%A5%AD%E6%89%80%20%E6%9D%B1%E5%8C%97%E7%94%BA
ケアステーション芽生,ケアマネジャー・居宅介護支援,青森県,東北町,"介護,ケアマネジャー・居宅介護支援,相談",介護サービスの計画作成や事業所調整を行う相談先です。退院後の生活準備で重要です。,https://www.google.com/search?q=%E3%82%B1%E3%82%A2%E3%82%B9%E3%83%86%E3%83%BC%E3%82%B7%E3%83%A7%E3%83%B3%E8%8A%BD%E7%94%9F%20%E6%9D%B1%E5%8C%97%E7%94%BA,青森県上北郡東北町字塔ノ沢山１蛯沢アパート２,0175-72-9517,厚生労働省オープンデータ,https://www.mhlw.go.jp/content/12300000/jigyosho_430.csv,2025-12末,https://www.google.com/search?q=%E3%82%B1%E3%82%A2%E3%82%B9%E3%83%86%E3%83%BC%E3%82%B7%E3%83%A7%E3%83%B3%E8%8A%BD%E7%94%9F%20%E6%9D%B1%E5%8C%97%E7%94%BA
居宅介護支援事業者尚祐の里,ケアマネジャー・居宅介護支援,青森県,六ヶ所村,"介護,ケアマネジャー・居宅介護支援,相談",介護サービスの計画作成や事業所調整を行う相談先です。退院後の生活準備で重要です。,https://www.google.com/search?q=%E5%B1%85%E5%AE%85%E4%BB%8B%E8%AD%B7%E6%94%AF%E6%8F%B4%E4%BA%8B%E6%A5%AD%E8%80%85%E5%B0%9A%E7%A5%90%E3%81%AE%E9%87%8C%20%E5%85%AD%E3%83%B6%E6%89%80%E6%9D%91,青森県上北郡六ヶ所村大字泊字川原75-98,0175-77-2040,厚生労働省オープンデータ,https://www.mhlw.go.jp/content/12300000/jigyosho_430.csv,2025-12末,https://www.google.com/search?q=%E5%B1%85%E5%AE%85%E4%BB%8B%E8%AD%B7%E6%94%AF%E6%8F%B4%E4%BA%8B%E6%A5%AD%E8%80%85%E5%B0%9A%E7%A5%90%E3%81%AE%E9%87%8C%20%E5%85%AD%E3%83%B6%E6%89%80%E6%9D%91
六ヶ所在宅介護支援センタ－,ケアマネジャー・居宅介護支援,青森県,六ヶ所村,"介護,ケアマネジャー・居宅介護支援,相談",介護サービスの計画作成や事業所調整を行う相談先です。退院後の生活準備で重要です。,http://www.citydo.com/sp/0175-72-3886,青森県上北郡六ヶ所村大字出戸字棚沢１３０番１６,0175-72-3886,厚生労働省オープンデータ,https://www.mhlw.go.jp/content/12300000/jigyosho_430.csv,2025-12末,https://www.google.com/search?q=%E5%85%AD%E3%83%B6%E6%89%80%E5%9C%A8%E5%AE%85%E4%BB%8B%E8%AD%B7%E6%94%AF%E6%8F%B4%E3%82%BB%E3%83%B3%E3%82%BF%EF%BC%8D%20%E5%85%AD%E3%83%B6%E6%89%80%E6%9D%91
たもぎ在宅介護支援センター,ケアマネジャー・居宅介護支援,青森県,六ヶ所村,"介護,ケアマネジャー・居宅介護支援,相談",介護サービスの計画作成や事業所調整を行う相談先です。退院後の生活準備で重要です。,https://www.google.com/search?q=%E3%81%9F%E3%82%82%E3%81%8E%E5%9C%A8%E5%AE%85%E4%BB%8B%E8%AD%B7%E6%94%AF%E6%8F%B4%E3%82%BB%E3%83%B3%E3%82%BF%E3%83%BC%20%E5%85%AD%E3%83%B6%E6%89%80%E6%9D%91,青森県上北郡六ヶ所村大字平沼字二階坂92－7,0175-71-3311,厚生労働省オープンデータ,https://www.mhlw.go.jp/content/12300000/jigyosho_430.csv,2025-12末,https://www.google.com/search?q=%E3%81%9F%E3%82%82%E3%81%8E%E5%9C%A8%E5%AE%85%E4%BB%8B%E8%AD%B7%E6%94%AF%E6%8F%B4%E3%82%BB%E3%83%B3%E3%82%BF%E3%83%BC%20%E5%85%AD%E3%83%B6%E6%89%80%E6%9D%91
居宅介護支援事業者在宅生活,ケアマネジャー・居宅介護支援,青森県,六ヶ所村,"介護,ケアマネジャー・居宅介護支援,相談",介護サービスの計画作成や事業所調整を行う相談先です。退院後の生活準備で重要です。,https://www.google.com/search?q=%E5%B1%85%E5%AE%85%E4%BB%8B%E8%AD%B7%E6%94%AF%E6%8F%B4%E4%BA%8B%E6%A5%AD%E8%80%85%E5%9C%A8%E5%AE%85%E7%94%9F%E6%B4%BB%20%E5%85%AD%E3%83%B6%E6%89%80%E6%9D%91,泊字焼山262-5,0175-76-2236,厚生労働省オープンデータ,https://www.mhlw.go.jp/content/12300000/jigyosho_430.csv,2025-12末,https://www.google.com/search?q=%E5%B1%85%E5%AE%85%E4%BB%8B%E8%AD%B7%E6%94%AF%E6%8F%B4%E4%BA%8B%E6%A5%AD%E8%80%85%E5%9C%A8%E5%AE%85%E7%94%9F%E6%B4%BB%20%E5%85%AD%E3%83%B6%E6%89%80%E6%9D%91
介護老人保健施設しもだ居宅介護支援事業所,ケアマネジャー・居宅介護支援,青森県,おいらせ町,"介護,ケアマネジャー・居宅介護支援,相談",介護サービスの計画作成や事業所調整を行う相談先です。退院後の生活準備で重要です。,https://www.google.com/search?q=%E4%BB%8B%E8%AD%B7%E8%80%81%E4%BA%BA%E4%BF%9D%E5%81%A5%E6%96%BD%E8%A8%AD%E3%81%97%E3%82%82%E3%81%A0%E5%B1%85%E5%AE%85%E4%BB%8B%E8%AD%B7%E6%94%AF%E6%8F%B4%E4%BA%8B%E6%A5%AD%E6%89%80%20%E3%81%8A%E3%81%84%E3%82%89%E3%81%9B%E7%94%BA,青森県上北郡おいらせ町山崎2592-7,0178-50-6151,厚生労働省オープンデータ,https://www.mhlw.go.jp/content/12300000/jigyosho_430.csv,2025-12末,https://www.google.com/search?q=%E4%BB%8B%E8%AD%B7%E8%80%81%E4%BA%BA%E4%BF%9D%E5%81%A5%E6%96%BD%E8%A8%AD%E3%81%97%E3%82%82%E3%81%A0%E5%B1%85%E5%AE%85%E4%BB%8B%E8%AD%B7%E6%94%AF%E6%8F%B4%E4%BA%8B%E6%A5%AD%E6%89%80%20%E3%81%8A%E3%81%84%E3%82%89%E3%81%9B%E7%94%BA
居宅介護支援事業所　たんぽぽ,ケアマネジャー・居宅介護支援,青森県,おいらせ町,"介護,ケアマネジャー・居宅介護支援,相談",介護サービスの計画作成や事業所調整を行う相談先です。退院後の生活準備で重要です。,http://www.momoishiso.or.jp,青森県上北郡おいらせ町沼端３７０番地１,0178-50-1056,厚生労働省オープンデータ,https://www.mhlw.go.jp/content/12300000/jigyosho_430.csv,2025-12末,https://www.google.com/search?q=%E5%B1%85%E5%AE%85%E4%BB%8B%E8%AD%B7%E6%94%AF%E6%8F%B4%E4%BA%8B%E6%A5%AD%E6%89%80%E3%80%80%E3%81%9F%E3%82%93%E3%81%BD%E3%81%BD%20%E3%81%8A%E3%81%84%E3%82%89%E3%81%9B%E7%94%BA
医療法人正恵会ケアサポートももいし,ケアマネジャー・居宅介護支援,青森県,おいらせ町,"介護,ケアマネジャー・居宅介護支援,相談",介護サービスの計画作成や事業所調整を行う相談先です。退院後の生活準備で重要です。,https://www.google.com/search?q=%E5%8C%BB%E7%99%82%E6%B3%95%E4%BA%BA%E6%AD%A3%E6%81%B5%E4%BC%9A%E3%82%B1%E3%82%A2%E3%82%B5%E3%83%9D%E3%83%BC%E3%83%88%E3%82%82%E3%82%82%E3%81%84%E3%81%97%20%E3%81%8A%E3%81%84%E3%82%89%E3%81%9B%E7%94%BA,青森県上北郡おいらせ町上前田２１－１,0178-52-3611,厚生労働省オープンデータ,https://www.mhlw.go.jp/content/12300000/jigyosho_430.csv,2025-12末,https://www.google.com/search?q=%E5%8C%BB%E7%99%82%E6%B3%95%E4%BA%BA%E6%AD%A3%E6%81%B5%E4%BC%9A%E3%82%B1%E3%82%A2%E3%82%B5%E3%83%9D%E3%83%BC%E3%83%88%E3%82%82%E3%82%82%E3%81%84%E3%81%97%20%E3%81%8A%E3%81%84%E3%82%89%E3%81%9B%E7%94%BA
在宅介護支援センター木崎野,ケアマネジャー・居宅介護支援,青森県,おいらせ町,"介護,ケアマネジャー・居宅介護支援,相談",介護サービスの計画作成や事業所調整を行う相談先です。退院後の生活準備で重要です。,http://www.kizakinosou.jp/,おいらせ町向山東二丁目２－１２６３,0178-56-3663,厚生労働省オープンデータ,https://www.mhlw.go.jp/content/12300000/jigyosho_430.csv,2025-12末,https://www.google.com/search?q=%E5%9C%A8%E5%AE%85%E4%BB%8B%E8%AD%B7%E6%94%AF%E6%8F%B4%E3%82%BB%E3%83%B3%E3%82%BF%E3%83%BC%E6%9C%A8%E5%B4%8E%E9%87%8E%20%E3%81%8A%E3%81%84%E3%82%89%E3%81%9B%E7%94%BA
ｌｅｇａｍｅケアプランセンター,ケアマネジャー・居宅介護支援,青森県,おいらせ町,"介護,ケアマネジャー・居宅介護支援,相談",介護サービスの計画作成や事業所調整を行う相談先です。退院後の生活準備で重要です。,https://www.google.com/search?q=%EF%BD%8C%EF%BD%85%EF%BD%87%EF%BD%81%EF%BD%8D%EF%BD%85%E3%82%B1%E3%82%A2%E3%83%97%E3%83%A9%E3%83%B3%E3%82%BB%E3%83%B3%E3%82%BF%E3%83%BC%20%E3%81%8A%E3%81%84%E3%82%89%E3%81%9B%E7%94%BA,北下田10－5,0178-32-0836,厚生労働省オープンデータ,https://www.mhlw.go.jp/content/12300000/jigyosho_430.csv,2025-12末,https://www.google.com/search?q=%EF%BD%8C%EF%BD%85%EF%BD%87%EF%BD%81%EF%BD%8D%EF%BD%85%E3%82%B1%E3%82%A2%E3%83%97%E3%83%A9%E3%83%B3%E3%82%BB%E3%83%B3%E3%82%BF%E3%83%BC%20%E3%81%8A%E3%81%84%E3%82%89%E3%81%9B%E7%94%BA
居宅介護支援事業所　あじさい,ケアマネジャー・居宅介護支援,青森県,おいらせ町,"介護,ケアマネジャー・居宅介護支援,相談",介護サービスの計画作成や事業所調整を行う相談先です。退院後の生活準備で重要です。,https://www.google.com/search?q=%E5%B1%85%E5%AE%85%E4%BB%8B%E8%AD%B7%E6%94%AF%E6%8F%B4%E4%BA%8B%E6%A5%AD%E6%89%80%E3%80%80%E3%81%82%E3%81%98%E3%81%95%E3%81%84%20%E3%81%8A%E3%81%84%E3%82%89%E3%81%9B%E7%94%BA,青森県上北郡おいらせ町一川目３丁目３３１番地,070-5324-4672,厚生労働省オープンデータ,https://www.mhlw.go.jp/content/12300000/jigyosho_430.csv,2025-12末,https://www.google.com/search?q=%E5%B1%85%E5%AE%85%E4%BB%8B%E8%AD%B7%E6%94%AF%E6%8F%B4%E4%BA%8B%E6%A5%AD%E6%89%80%E3%80%80%E3%81%82%E3%81%98%E3%81%95%E3%81%84%20%E3%81%8A%E3%81%84%E3%82%89%E3%81%9B%E7%94%BA
スマイルタカラ居宅介護,ケアマネジャー・居宅介護支援,青森県,おいらせ町,"介護,ケアマネジャー・居宅介護支援,相談",介護サービスの計画作成や事業所調整を行う相談先です。退院後の生活準備で重要です。,https://www.smailtakara.com/,青森県上北郡おいらせ町青葉６丁目50-2092,0176-27-6086,厚生労働省オープンデータ,https://www.mhlw.go.jp/content/12300000/jigyosho_430.csv,2025-12末,https://www.google.com/search?q=%E3%82%B9%E3%83%9E%E3%82%A4%E3%83%AB%E3%82%BF%E3%82%AB%E3%83%A9%E5%B1%85%E5%AE%85%E4%BB%8B%E8%AD%B7%20%E3%81%8A%E3%81%84%E3%82%89%E3%81%9B%E7%94%BA
介護支援センターくろまつ,ケアマネジャー・居宅介護支援,青森県,大間町,"介護,ケアマネジャー・居宅介護支援,相談",介護サービスの計画作成や事業所調整を行う相談先です。退院後の生活準備で重要です。,https://www.google.com/search?q=%E4%BB%8B%E8%AD%B7%E6%94%AF%E6%8F%B4%E3%82%BB%E3%83%B3%E3%82%BF%E3%83%BC%E3%81%8F%E3%82%8D%E3%81%BE%E3%81%A4%20%E5%A4%A7%E9%96%93%E7%94%BA,下北郡大間町大字大間字大間平２０－７８,0175-37-5111,厚生労働省オープンデータ,https://www.mhlw.go.jp/content/12300000/jigyosho_430.csv,2025-12末,https://www.google.com/search?q=%E4%BB%8B%E8%AD%B7%E6%94%AF%E6%8F%B4%E3%82%BB%E3%83%B3%E3%82%BF%E3%83%BC%E3%81%8F%E3%82%8D%E3%81%BE%E3%81%A4%20%E5%A4%A7%E9%96%93%E7%94%BA
居宅介護支援センター和,ケアマネジャー・居宅介護支援,青森県,東通村,"介護,ケアマネジャー・居宅介護支援,相談",介護サービスの計画作成や事業所調整を行う相談先です。退院後の生活準備で重要です。,https://www.google.com/search?q=%E5%B1%85%E5%AE%85%E4%BB%8B%E8%AD%B7%E6%94%AF%E6%8F%B4%E3%82%BB%E3%83%B3%E3%82%BF%E3%83%BC%E5%92%8C%20%E6%9D%B1%E9%80%9A%E6%9D%91,青森県下北郡東通村大字白糠字家ノ上４３-４,0175-45-5687,厚生労働省オープンデータ,https://www.mhlw.go.jp/content/12300000/jigyosho_430.csv,2025-12末,https://www.google.com/search?q=%E5%B1%85%E5%AE%85%E4%BB%8B%E8%AD%B7%E6%94%AF%E6%8F%B4%E3%82%BB%E3%83%B3%E3%82%BF%E3%83%BC%E5%92%8C%20%E6%9D%B1%E9%80%9A%E6%9D%91
あしすと居宅介護支援事業所,ケアマネジャー・居宅介護支援,青森県,東通村,"介護,ケアマネジャー・居宅介護支援,相談",介護サービスの計画作成や事業所調整を行う相談先です。退院後の生活準備で重要です。,https://www.google.com/search?q=%E3%81%82%E3%81%97%E3%81%99%E3%81%A8%E5%B1%85%E5%AE%85%E4%BB%8B%E8%AD%B7%E6%94%AF%E6%8F%B4%E4%BA%8B%E6%A5%AD%E6%89%80%20%E6%9D%B1%E9%80%9A%E6%9D%91,青森県下北郡東通村白糠字赤平679番地あしすと介護サービス事業所,0175-45-5681,厚生労働省オープンデータ,https://www.mhlw.go.jp/content/12300000/jigyosho_430.csv,2025-12末,https://www.google.com/search?q=%E3%81%82%E3%81%97%E3%81%99%E3%81%A8%E5%B1%85%E5%AE%85%E4%BB%8B%E8%AD%B7%E6%94%AF%E6%8F%B4%E4%BA%8B%E6%A5%AD%E6%89%80%20%E6%9D%B1%E9%80%9A%E6%9D%91
公益社団法人地域医療振興協会　東通村保健福祉センター　居宅介護支援事業所,ケアマネジャー・居宅介護支援,青森県,東通村,"介護,ケアマネジャー・居宅介護支援,相談",介護サービスの計画作成や事業所調整を行う相談先です。退院後の生活準備で重要です。,https://higashidori.jadecom.or.jp,青森県下北郡東通村大字砂子又字里17番地2,0175-28-5600,厚生労働省オープンデータ,https://www.mhlw.go.jp/content/12300000/jigyosho_430.csv,2025-12末,https://www.google.com/search?q=%E5%85%AC%E7%9B%8A%E7%A4%BE%E5%9B%A3%E6%B3%95%E4%BA%BA%E5%9C%B0%E5%9F%9F%E5%8C%BB%E7%99%82%E6%8C%AF%E8%88%88%E5%8D%94%E4%BC%9A%E3%80%80%E6%9D%B1%E9%80%9A%E6%9D%91%E4%BF%9D%E5%81%A5%E7%A6%8F%E7%A5%89%E3%82%BB%E3%83%B3%E3%82%BF%E3%83%BC%E3%80%80%E5%B1%85%E5%AE%85%E4%BB%8B%E8%AD%B7%E6%94%AF%E6%8F%B4%E4%BA%8B%E6%A5%AD%E6%89%80%20%E6%9D%B1%E9%80%9A%E6%9D%91
居宅介護支援事業所ゆめこし,ケアマネジャー・居宅介護支援,青森県,東通村,"介護,ケアマネジャー・居宅介護支援,相談",介護サービスの計画作成や事業所調整を行う相談先です。退院後の生活準備で重要です。,https://www.google.com/search?q=%E5%B1%85%E5%AE%85%E4%BB%8B%E8%AD%B7%E6%94%AF%E6%8F%B4%E4%BA%8B%E6%A5%AD%E6%89%80%E3%82%86%E3%82%81%E3%81%93%E3%81%97%20%E6%9D%B1%E9%80%9A%E6%9D%91,青森県下北郡東通村大字田屋字青平道4-1,0175-31-0152,厚生労働省オープンデータ,https://www.mhlw.go.jp/content/12300000/jigyosho_430.csv,2025-12末,https://www.google.com/search?q=%E5%B1%85%E5%AE%85%E4%BB%8B%E8%AD%B7%E6%94%AF%E6%8F%B4%E4%BA%8B%E6%A5%AD%E6%89%80%E3%82%86%E3%82%81%E3%81%93%E3%81%97%20%E6%9D%B1%E9%80%9A%E6%9D%91
合同会社　　大室介護支援事務所,ケアマネジャー・居宅介護支援,青森県,風間浦村,"介護,ケアマネジャー・居宅介護支援,相談",介護サービスの計画作成や事業所調整を行う相談先です。退院後の生活準備で重要です。,https://www.google.com/search?q=%E5%90%88%E5%90%8C%E4%BC%9A%E7%A4%BE%E3%80%80%E3%80%80%E5%A4%A7%E5%AE%A4%E4%BB%8B%E8%AD%B7%E6%94%AF%E6%8F%B4%E4%BA%8B%E5%8B%99%E6%89%80%20%E9%A2%A8%E9%96%93%E6%B5%A6%E6%9D%91,大字易国間字易国間61-1,0175-31-0540,厚生労働省オープンデータ,https://www.mhlw.go.jp/content/12300000/jigyosho_430.csv,2025-12末,https://www.google.com/search?q=%E5%90%88%E5%90%8C%E4%BC%9A%E7%A4%BE%E3%80%80%E3%80%80%E5%A4%A7%E5%AE%A4%E4%BB%8B%E8%AD%B7%E6%94%AF%E6%8F%B4%E4%BA%8B%E5%8B%99%E6%89%80%20%E9%A2%A8%E9%96%93%E6%B5%A6%E6%9D%91
社会福祉法人　風間浦村社会福祉協議会　居宅介護支援事業所,ケアマネジャー・居宅介護支援,青森県,風間浦村,"介護,ケアマネジャー・居宅介護支援,相談",介護サービスの計画作成や事業所調整を行う相談先です。退院後の生活準備で重要です。,https://www.google.com/search?q=%E7%A4%BE%E4%BC%9A%E7%A6%8F%E7%A5%89%E6%B3%95%E4%BA%BA%E3%80%80%E9%A2%A8%E9%96%93%E6%B5%A6%E6%9D%91%E7%A4%BE%E4%BC%9A%E7%A6%8F%E7%A5%89%E5%8D%94%E8%AD%B0%E4%BC%9A%E3%80%80%E5%B1%85%E5%AE%85%E4%BB%8B%E8%AD%B7%E6%94%AF%E6%8F%B4%E4%BA%8B%E6%A5%AD%E6%89%80%20%E9%A2%A8%E9%96%93%E6%B5%A6%E6%9D%91,青森県下北郡風間浦村大字易国間字大川目11-2,0175-35-2243,厚生労働省オープンデータ,https://www.mhlw.go.jp/content/12300000/jigyosho_430.csv,2025-12末,https://www.google.com/search?q=%E7%A4%BE%E4%BC%9A%E7%A6%8F%E7%A5%89%E6%B3%95%E4%BA%BA%E3%80%80%E9%A2%A8%E9%96%93%E6%B5%A6%E6%9D%91%E7%A4%BE%E4%BC%9A%E7%A6%8F%E7%A5%89%E5%8D%94%E8%AD%B0%E4%BC%9A%E3%80%80%E5%B1%85%E5%AE%85%E4%BB%8B%E8%AD%B7%E6%94%AF%E6%8F%B4%E4%BA%8B%E6%A5%AD%E6%89%80%20%E9%A2%A8%E9%96%93%E6%B5%A6%E6%9D%91
社会福祉法人佐井村社会福祉協議会居宅介護支援事業所,ケアマネジャー・居宅介護支援,青森県,佐井村,"介護,ケアマネジャー・居宅介護支援,相談",介護サービスの計画作成や事業所調整を行う相談先です。退院後の生活準備で重要です。,http://www.sai-shakyo.com/,青森県下北郡佐井村大字佐井字大佐井川目３９番地１２,0175-38-4181,厚生労働省オープンデータ,https://www.mhlw.go.jp/content/12300000/jigyosho_430.csv,2025-12末,https://www.google.com/search?q=%E7%A4%BE%E4%BC%9A%E7%A6%8F%E7%A5%89%E6%B3%95%E4%BA%BA%E4%BD%90%E4%BA%95%E6%9D%91%E7%A4%BE%E4%BC%9A%E7%A6%8F%E7%A5%89%E5%8D%94%E8%AD%B0%E4%BC%9A%E5%B1%85%E5%AE%85%E4%BB%8B%E8%AD%B7%E6%94%AF%E6%8F%B4%E4%BA%8B%E6%A5%AD%E6%89%80%20%E4%BD%90%E4%BA%95%E6%9D%91
うらら居宅介護支援センター,ケアマネジャー・居宅介護支援,青森県,三戸町,"介護,ケアマネジャー・居宅介護支援,相談",介護サービスの計画作成や事業所調整を行う相談先です。退院後の生活準備で重要です。,mirokuen.com,青森県三戸郡三戸町大字六日町31,0179-20-1715,厚生労働省オープンデータ,https://www.mhlw.go.jp/content/12300000/jigyosho_430.csv,2025-12末,https://www.google.com/search?q=%E3%81%86%E3%82%89%E3%82%89%E5%B1%85%E5%AE%85%E4%BB%8B%E8%AD%B7%E6%94%AF%E6%8F%B4%E3%82%BB%E3%83%B3%E3%82%BF%E3%83%BC%20%E4%B8%89%E6%88%B8%E7%94%BA
居宅介護支援事業所鶴亀,ケアマネジャー・居宅介護支援,青森県,三戸町,"介護,ケアマネジャー・居宅介護支援,相談",介護サービスの計画作成や事業所調整を行う相談先です。退院後の生活準備で重要です。,http://www.keisinkai.com/,青森県三戸郡三戸町大字斗内字和田60-1,0179-23-4833,厚生労働省オープンデータ,https://www.mhlw.go.jp/content/12300000/jigyosho_430.csv,2025-12末,https://www.google.com/search?q=%E5%B1%85%E5%AE%85%E4%BB%8B%E8%AD%B7%E6%94%AF%E6%8F%B4%E4%BA%8B%E6%A5%AD%E6%89%80%E9%B6%B4%E4%BA%80%20%E4%B8%89%E6%88%B8%E7%94%BA
社会福祉法人　三戸町社会福祉協議会,ケアマネジャー・居宅介護支援,青森県,三戸町,"介護,ケアマネジャー・居宅介護支援,相談",介護サービスの計画作成や事業所調整を行う相談先です。退院後の生活準備で重要です。,https：//www.syakyo.or.jp/hp/216/,青森県三戸郡三戸町大字在府小路町17番地,0179-22-0262,厚生労働省オープンデータ,https://www.mhlw.go.jp/content/12300000/jigyosho_430.csv,2025-12末,https://www.google.com/search?q=%E7%A4%BE%E4%BC%9A%E7%A6%8F%E7%A5%89%E6%B3%95%E4%BA%BA%E3%80%80%E4%B8%89%E6%88%B8%E7%94%BA%E7%A4%BE%E4%BC%9A%E7%A6%8F%E7%A5%89%E5%8D%94%E8%AD%B0%E4%BC%9A%20%E4%B8%89%E6%88%B8%E7%94%BA
ほほえみ三戸居宅介護支援センター,ケアマネジャー・居宅介護支援,青森県,三戸町,"介護,ケアマネジャー・居宅介護支援,相談",介護サービスの計画作成や事業所調整を行う相談先です。退院後の生活準備で重要です。,https://hohoemi-sannohe.com,青森県三戸郡三戸町大字同心町字諏訪内１０,0179-20-0606,厚生労働省オープンデータ,https://www.mhlw.go.jp/content/12300000/jigyosho_430.csv,2025-12末,https://www.google.com/search?q=%E3%81%BB%E3%81%BB%E3%81%88%E3%81%BF%E4%B8%89%E6%88%B8%E5%B1%85%E5%AE%85%E4%BB%8B%E8%AD%B7%E6%94%AF%E6%8F%B4%E3%82%BB%E3%83%B3%E3%82%BF%E3%83%BC%20%E4%B8%89%E6%88%B8%E7%94%BA
五戸町社会福祉協議会居宅介護支援事業所,ケアマネジャー・居宅介護支援,青森県,五戸町,"介護,ケアマネジャー・居宅介護支援,相談",介護サービスの計画作成や事業所調整を行う相談先です。退院後の生活準備で重要です。,https://www.google.com/search?q=%E4%BA%94%E6%88%B8%E7%94%BA%E7%A4%BE%E4%BC%9A%E7%A6%8F%E7%A5%89%E5%8D%94%E8%AD%B0%E4%BC%9A%E5%B1%85%E5%AE%85%E4%BB%8B%E8%AD%B7%E6%94%AF%E6%8F%B4%E4%BA%8B%E6%A5%AD%E6%89%80%20%E4%BA%94%E6%88%B8%E7%94%BA,青森県三戸郡五戸町大字倉石中市字幸神道前１５－４,0178-77-2844,厚生労働省オープンデータ,https://www.mhlw.go.jp/content/12300000/jigyosho_430.csv,2025-12末,https://www.google.com/search?q=%E4%BA%94%E6%88%B8%E7%94%BA%E7%A4%BE%E4%BC%9A%E7%A6%8F%E7%A5%89%E5%8D%94%E8%AD%B0%E4%BC%9A%E5%B1%85%E5%AE%85%E4%BB%8B%E8%AD%B7%E6%94%AF%E6%8F%B4%E4%BA%8B%E6%A5%AD%E6%89%80%20%E4%BA%94%E6%88%B8%E7%94%BA
ケアステーション　ハピネス五戸,ケアマネジャー・居宅介護支援,青森県,五戸町,"介護,ケアマネジャー・居宅介護支援,相談",介護サービスの計画作成や事業所調整を行う相談先です。退院後の生活準備で重要です。,http://www.senior-navi.com/family,青森県三戸郡五戸町字姥堤34番1,0178-62-6999,厚生労働省オープンデータ,https://www.mhlw.go.jp/content/12300000/jigyosho_430.csv,2025-12末,https://www.google.com/search?q=%E3%82%B1%E3%82%A2%E3%82%B9%E3%83%86%E3%83%BC%E3%82%B7%E3%83%A7%E3%83%B3%E3%80%80%E3%83%8F%E3%83%94%E3%83%8D%E3%82%B9%E4%BA%94%E6%88%B8%20%E4%BA%94%E6%88%B8%E7%94%BA
さくら荘居宅介護支援センター,ケアマネジャー・居宅介護支援,青森県,五戸町,"介護,ケアマネジャー・居宅介護支援,相談",介護サービスの計画作成や事業所調整を行う相談先です。退院後の生活準備で重要です。,https://www.sakuraso.or.jp,青森県三戸郡五戸町大字倉石中市字新山平６４-１,0178-77-2160,厚生労働省オープンデータ,https://www.mhlw.go.jp/content/12300000/jigyosho_430.csv,2025-12末,https://www.google.com/search?q=%E3%81%95%E3%81%8F%E3%82%89%E8%8D%98%E5%B1%85%E5%AE%85%E4%BB%8B%E8%AD%B7%E6%94%AF%E6%8F%B4%E3%82%BB%E3%83%B3%E3%82%BF%E3%83%BC%20%E4%BA%94%E6%88%B8%E7%94%BA
居宅介護支援センター愛あい,ケアマネジャー・居宅介護支援,青森県,五戸町,"介護,ケアマネジャー・居宅介護支援,相談",介護サービスの計画作成や事業所調整を行う相談先です。退院後の生活準備で重要です。,https://www.google.com/search?q=%E5%B1%85%E5%AE%85%E4%BB%8B%E8%AD%B7%E6%94%AF%E6%8F%B4%E3%82%BB%E3%83%B3%E3%82%BF%E3%83%BC%E6%84%9B%E3%81%82%E3%81%84%20%E4%BA%94%E6%88%B8%E7%94%BA,青森県三戸郡五戸町字下長下タ９１－８,0178-20-0124,厚生労働省オープンデータ,https://www.mhlw.go.jp/content/12300000/jigyosho_430.csv,2025-12末,https://www.google.com/search?q=%E5%B1%85%E5%AE%85%E4%BB%8B%E8%AD%B7%E6%94%AF%E6%8F%B4%E3%82%BB%E3%83%B3%E3%82%BF%E3%83%BC%E6%84%9B%E3%81%82%E3%81%84%20%E4%BA%94%E6%88%B8%E7%94%BA
ケアプランセンターごのへ,ケアマネジャー・居宅介護支援,青森県,五戸町,"介護,ケアマネジャー・居宅介護支援,相談",介護サービスの計画作成や事業所調整を行う相談先です。退院後の生活準備で重要です。,https://www.google.com/search?q=%E3%82%B1%E3%82%A2%E3%83%97%E3%83%A9%E3%83%B3%E3%82%BB%E3%83%B3%E3%82%BF%E3%83%BC%E3%81%94%E3%81%AE%E3%81%B8%20%E4%BA%94%E6%88%B8%E7%94%BA,青森県三戸郡五戸町字下モ沢向21番地21,0178-32-6023,厚生労働省オープンデータ,https://www.mhlw.go.jp/content/12300000/jigyosho_430.csv,2025-12末,https://www.google.com/search?q=%E3%82%B1%E3%82%A2%E3%83%97%E3%83%A9%E3%83%B3%E3%82%BB%E3%83%B3%E3%82%BF%E3%83%BC%E3%81%94%E3%81%AE%E3%81%B8%20%E4%BA%94%E6%88%B8%E7%94%BA
田子町社協指定居宅介護支援事業所,ケアマネジャー・居宅介護支援,青森県,田子町,"介護,ケアマネジャー・居宅介護支援,相談",介護サービスの計画作成や事業所調整を行う相談先です。退院後の生活準備で重要です。,http://takko-shakyo.jp/,青森県三戸郡田子町大字田子字前田２番地１号せせらぎの郷２階,0179-32-4045,厚生労働省オープンデータ,https://www.mhlw.go.jp/content/12300000/jigyosho_430.csv,2025-12末,https://www.google.com/search?q=%E7%94%B0%E5%AD%90%E7%94%BA%E7%A4%BE%E5%8D%94%E6%8C%87%E5%AE%9A%E5%B1%85%E5%AE%85%E4%BB%8B%E8%AD%B7%E6%94%AF%E6%8F%B4%E4%BA%8B%E6%A5%AD%E6%89%80%20%E7%94%B0%E5%AD%90%E7%94%BA
居宅介護支援センターみろくの郷,ケアマネジャー・居宅介護支援,青森県,田子町,"介護,ケアマネジャー・居宅介護支援,相談",介護サービスの計画作成や事業所調整を行う相談先です。退院後の生活準備で重要です。,https://mirokuen.com,青森県三戸郡田子町大字田子字七日市上ノ平60,0179-32-3699,厚生労働省オープンデータ,https://www.mhlw.go.jp/content/12300000/jigyosho_430.csv,2025-12末,https://www.google.com/search?q=%E5%B1%85%E5%AE%85%E4%BB%8B%E8%AD%B7%E6%94%AF%E6%8F%B4%E3%82%BB%E3%83%B3%E3%82%BF%E3%83%BC%E3%81%BF%E3%82%8D%E3%81%8F%E3%81%AE%E9%83%B7%20%E7%94%B0%E5%AD%90%E7%94%BA
居宅介護支援事業所サリヴァン,ケアマネジャー・居宅介護支援,青森県,南部町,"介護,ケアマネジャー・居宅介護支援,相談",介護サービスの計画作成や事業所調整を行う相談先です。退院後の生活準備で重要です。,https://www.google.com/search?q=%E5%B1%85%E5%AE%85%E4%BB%8B%E8%AD%B7%E6%94%AF%E6%8F%B4%E4%BA%8B%E6%A5%AD%E6%89%80%E3%82%B5%E3%83%AA%E3%83%B4%E3%82%A1%E3%83%B3%20%E5%8D%97%E9%83%A8%E7%94%BA,青森県三戸郡南部町大字大向字泉山道９番地９５,0179-23-6588,厚生労働省オープンデータ,https://www.mhlw.go.jp/content/12300000/jigyosho_430.csv,2025-12末,https://www.google.com/search?q=%E5%B1%85%E5%AE%85%E4%BB%8B%E8%AD%B7%E6%94%AF%E6%8F%B4%E4%BA%8B%E6%A5%AD%E6%89%80%E3%82%B5%E3%83%AA%E3%83%B4%E3%82%A1%E3%83%B3%20%E5%8D%97%E9%83%A8%E7%94%BA
居宅介護支援事業所アプリ,ケアマネジャー・居宅介護支援,青森県,南部町,"介護,ケアマネジャー・居宅介護支援,相談",介護サービスの計画作成や事業所調整を行う相談先です。退院後の生活準備で重要です。,https://www.google.com/search?q=%E5%B1%85%E5%AE%85%E4%BB%8B%E8%AD%B7%E6%94%AF%E6%8F%B4%E4%BA%8B%E6%A5%AD%E6%89%80%E3%82%A2%E3%83%97%E3%83%AA%20%E5%8D%97%E9%83%A8%E7%94%BA,青森県三戸郡南部町大字下名久井字左比代2-5,080-5566-7555,厚生労働省オープンデータ,https://www.mhlw.go.jp/content/12300000/jigyosho_430.csv,2025-12末,https://www.google.com/search?q=%E5%B1%85%E5%AE%85%E4%BB%8B%E8%AD%B7%E6%94%AF%E6%8F%B4%E4%BA%8B%E6%A5%AD%E6%89%80%E3%82%A2%E3%83%97%E3%83%AA%20%E5%8D%97%E9%83%A8%E7%94%BA
孔明荘居宅介護支援事業所　きぼう,ケアマネジャー・居宅介護支援,青森県,南部町,"介護,ケアマネジャー・居宅介護支援,相談",介護サービスの計画作成や事業所調整を行う相談先です。退院後の生活準備で重要です。,http://www.komeisou.or.jp,青森県三戸郡南部町大字苫米地字蒼前１１－１,0178-84-4778,厚生労働省オープンデータ,https://www.mhlw.go.jp/content/12300000/jigyosho_430.csv,2025-12末,https://www.google.com/search?q=%E5%AD%94%E6%98%8E%E8%8D%98%E5%B1%85%E5%AE%85%E4%BB%8B%E8%AD%B7%E6%94%AF%E6%8F%B4%E4%BA%8B%E6%A5%AD%E6%89%80%E3%80%80%E3%81%8D%E3%81%BC%E3%81%86%20%E5%8D%97%E9%83%A8%E7%94%BA
ふくち在宅介護支援センター,ケアマネジャー・居宅介護支援,青森県,南部町,"介護,ケアマネジャー・居宅介護支援,相談",介護サービスの計画作成や事業所調整を行う相談先です。退院後の生活準備で重要です。,chorokai.or.jp,青森県三戸郡南部町大字福田字あかね１２－１,0178-84-2011,厚生労働省オープンデータ,https://www.mhlw.go.jp/content/12300000/jigyosho_430.csv,2025-12末,https://www.google.com/search?q=%E3%81%B5%E3%81%8F%E3%81%A1%E5%9C%A8%E5%AE%85%E4%BB%8B%E8%AD%B7%E6%94%AF%E6%8F%B4%E3%82%BB%E3%83%B3%E3%82%BF%E3%83%BC%20%E5%8D%97%E9%83%A8%E7%94%BA
ニチイケアセンターなんぶ,ケアマネジャー・居宅介護支援,青森県,南部町,"介護,ケアマネジャー・居宅介護支援,相談",介護サービスの計画作成や事業所調整を行う相談先です。退院後の生活準備で重要です。,http://www.nichiigukkan.co.jp,青森県三戸郡南部町大字沖田面字土城後28-1テナント・メグ1F3号,0179-20-6180,厚生労働省オープンデータ,https://www.mhlw.go.jp/content/12300000/jigyosho_430.csv,2025-12末,https://www.google.com/search?q=%E3%83%8B%E3%83%81%E3%82%A4%E3%82%B1%E3%82%A2%E3%82%BB%E3%83%B3%E3%82%BF%E3%83%BC%E3%81%AA%E3%82%93%E3%81%B6%20%E5%8D%97%E9%83%A8%E7%94%BA
スマイル居宅介護支援事業所,ケアマネジャー・居宅介護支援,青森県,南部町,"介護,ケアマネジャー・居宅介護支援,相談",介護サービスの計画作成や事業所調整を行う相談先です。退院後の生活準備で重要です。,http://fukuseikai-smile.jimdo.com/,青森県三戸郡南部町大字埖渡字下外窪　12-67,0178-84-4108,厚生労働省オープンデータ,https://www.mhlw.go.jp/content/12300000/jigyosho_430.csv,2025-12末,https://www.google.com/search?q=%E3%82%B9%E3%83%9E%E3%82%A4%E3%83%AB%E5%B1%85%E5%AE%85%E4%BB%8B%E8%AD%B7%E6%94%AF%E6%8F%B4%E4%BA%8B%E6%A5%AD%E6%89%80%20%E5%8D%97%E9%83%A8%E7%94%BA
南部社協ケアプランセンター,ケアマネジャー・居宅介護支援,青森県,南部町,"介護,ケアマネジャー・居宅介護支援,相談",介護サービスの計画作成や事業所調整を行う相談先です。退院後の生活準備で重要です。,http://nanbusyakyo.jimdo.com,青森県三戸郡南部町大字平字広場２８－１南部町名川老人福祉センター,０１７８－７６－２９９２,厚生労働省オープンデータ,https://www.mhlw.go.jp/content/12300000/jigyosho_430.csv,2025-12末,https://www.google.com/search?q=%E5%8D%97%E9%83%A8%E7%A4%BE%E5%8D%94%E3%82%B1%E3%82%A2%E3%83%97%E3%83%A9%E3%83%B3%E3%82%BB%E3%83%B3%E3%82%BF%E3%83%BC%20%E5%8D%97%E9%83%A8%E7%94%BA
居宅介護支援事業所　咲の里,ケアマネジャー・居宅介護支援,青森県,南部町,"介護,ケアマネジャー・居宅介護支援,相談",介護サービスの計画作成や事業所調整を行う相談先です。退院後の生活準備で重要です。,https://harada-clinic-nanbu.com,青森県三戸郡南部町大字苫米地字白山堂13番地2,0178-84-4111,厚生労働省オープンデータ,https://www.mhlw.go.jp/content/12300000/jigyosho_430.csv,2025-12末,https://www.google.com/search?q=%E5%B1%85%E5%AE%85%E4%BB%8B%E8%AD%B7%E6%94%AF%E6%8F%B4%E4%BA%8B%E6%A5%AD%E6%89%80%E3%80%80%E5%92%B2%E3%81%AE%E9%87%8C%20%E5%8D%97%E9%83%A8%E7%94%BA
ケアプランニング想い,ケアマネジャー・居宅介護支援,青森県,南部町,"介護,ケアマネジャー・居宅介護支援,相談",介護サービスの計画作成や事業所調整を行う相談先です。退院後の生活準備で重要です。,http://hp.kaipoke.biz/ade/,青森県三戸郡南部町大字大向字小波田47番地２,0179-37-4401,厚生労働省オープンデータ,https://www.mhlw.go.jp/content/12300000/jigyosho_430.csv,2025-12末,https://www.google.com/search?q=%E3%82%B1%E3%82%A2%E3%83%97%E3%83%A9%E3%83%B3%E3%83%8B%E3%83%B3%E3%82%B0%E6%83%B3%E3%81%84%20%E5%8D%97%E9%83%A8%E7%94%BA
居宅介護支援事業所つなぐ,ケアマネジャー・居宅介護支援,青森県,階上町,"介護,ケアマネジャー・居宅介護支援,相談",介護サービスの計画作成や事業所調整を行う相談先です。退院後の生活準備で重要です。,https://www.google.com/search?q=%E5%B1%85%E5%AE%85%E4%BB%8B%E8%AD%B7%E6%94%AF%E6%8F%B4%E4%BA%8B%E6%A5%AD%E6%89%80%E3%81%A4%E3%81%AA%E3%81%90%20%E9%9A%8E%E4%B8%8A%E7%94%BA,青森県階上町蒼前西7丁目9‐2771パレセイユB101,0178‐85‐9227,厚生労働省オープンデータ,https://www.mhlw.go.jp/content/12300000/jigyosho_430.csv,2025-12末,https://www.google.com/search?q=%E5%B1%85%E5%AE%85%E4%BB%8B%E8%AD%B7%E6%94%AF%E6%8F%B4%E4%BA%8B%E6%A5%AD%E6%89%80%E3%81%A4%E3%81%AA%E3%81%90%20%E9%9A%8E%E4%B8%8A%E7%94%BA
階上町社協指定居宅介護支援事業所,ケアマネジャー・居宅介護支援,青森県,階上町,"介護,ケアマネジャー・居宅介護支援,相談",介護サービスの計画作成や事業所調整を行う相談先です。退院後の生活準備で重要です。,http://hashikami-shakyo.jp,青森県三戸郡階上町大字道仏字天当平1-182ハートフルプラザ・はしかみ内,0178-88-3067,厚生労働省オープンデータ,https://www.mhlw.go.jp/content/12300000/jigyosho_430.csv,2025-12末,https://www.google.com/search?q=%E9%9A%8E%E4%B8%8A%E7%94%BA%E7%A4%BE%E5%8D%94%E6%8C%87%E5%AE%9A%E5%B1%85%E5%AE%85%E4%BB%8B%E8%AD%B7%E6%94%AF%E6%8F%B4%E4%BA%8B%E6%A5%AD%E6%89%80%20%E9%9A%8E%E4%B8%8A%E7%94%BA
見心園居宅介護支援事業所,ケアマネジャー・居宅介護支援,青森県,階上町,"介護,ケアマネジャー・居宅介護支援,相談",介護サービスの計画作成や事業所調整を行う相談先です。退院後の生活準備で重要です。,https://kenshinen.jp,青森県三戸郡階上町大字赤保内字道仏道添21-12,0178-88-3355,厚生労働省オープンデータ,https://www.mhlw.go.jp/content/12300000/jigyosho_430.csv,2025-12末,https://www.google.com/search?q=%E8%A6%8B%E5%BF%83%E5%9C%92%E5%B1%85%E5%AE%85%E4%BB%8B%E8%AD%B7%E6%94%AF%E6%8F%B4%E4%BA%8B%E6%A5%AD%E6%89%80%20%E9%9A%8E%E4%B8%8A%E7%94%BA
臥牛苑居宅介護支援事業所,ケアマネジャー・居宅介護支援,青森県,階上町,"介護,ケアマネジャー・居宅介護支援,相談",介護サービスの計画作成や事業所調整を行う相談先です。退院後の生活準備で重要です。,https://www.google.com/search?q=%E8%87%A5%E7%89%9B%E8%8B%91%E5%B1%85%E5%AE%85%E4%BB%8B%E8%AD%B7%E6%94%AF%E6%8F%B4%E4%BA%8B%E6%A5%AD%E6%89%80%20%E9%9A%8E%E4%B8%8A%E7%94%BA,青森県三戸郡階上町大字角柄折字餅粟久保４番地１,0178-88-1461,厚生労働省オープンデータ,https://www.mhlw.go.jp/content/12300000/jigyosho_430.csv,2025-12末,https://www.google.com/search?q=%E8%87%A5%E7%89%9B%E8%8B%91%E5%B1%85%E5%AE%85%E4%BB%8B%E8%AD%B7%E6%94%AF%E6%8F%B4%E4%BA%8B%E6%A5%AD%E6%89%80%20%E9%9A%8E%E4%B8%8A%E7%94%BA
居宅介護支援事業所ありがとうの家,ケアマネジャー・居宅介護支援,青森県,階上町,"介護,ケアマネジャー・居宅介護支援,相談",介護サービスの計画作成や事業所調整を行う相談先です。退院後の生活準備で重要です。,https://www.google.com/search?q=%E5%B1%85%E5%AE%85%E4%BB%8B%E8%AD%B7%E6%94%AF%E6%8F%B4%E4%BA%8B%E6%A5%AD%E6%89%80%E3%81%82%E3%82%8A%E3%81%8C%E3%81%A8%E3%81%86%E3%81%AE%E5%AE%B6%20%E9%9A%8E%E4%B8%8A%E7%94%BA,青森県三戸郡階上町大字赤保内字柳沢15-343,0178-38-0085,厚生労働省オープンデータ,https://www.mhlw.go.jp/content/12300000/jigyosho_430.csv,2025-12末,https://www.google.com/search?q=%E5%B1%85%E5%AE%85%E4%BB%8B%E8%AD%B7%E6%94%AF%E6%8F%B4%E4%BA%8B%E6%A5%AD%E6%89%80%E3%81%82%E3%82%8A%E3%81%8C%E3%81%A8%E3%81%86%E3%81%AE%E5%AE%B6%20%E9%9A%8E%E4%B8%8A%E7%94%BA
ケアプランセンターつなぐ,ケアマネジャー・居宅介護支援,青森県,階上町,"介護,ケアマネジャー・居宅介護支援,相談",介護サービスの計画作成や事業所調整を行う相談先です。退院後の生活準備で重要です。,https://sign-aomori.com/,青森県三戸郡階上町蒼前西７丁目9-2771パレセイユB101,0178-51-9742,厚生労働省オープンデータ,https://www.mhlw.go.jp/content/12300000/jigyosho_430.csv,2025-12末,https://www.google.com/search?q=%E3%82%B1%E3%82%A2%E3%83%97%E3%83%A9%E3%83%B3%E3%82%BB%E3%83%B3%E3%82%BF%E3%83%BC%E3%81%A4%E3%81%AA%E3%81%90%20%E9%9A%8E%E4%B8%8A%E7%94%BA
居宅介護支援事業所　介護老人保健施設しんごう,ケアマネジャー・居宅介護支援,青森県,新郷村,"介護,ケアマネジャー・居宅介護支援,相談",介護サービスの計画作成や事業所調整を行う相談先です。退院後の生活準備で重要です。,https://www.google.com/search?q=%E5%B1%85%E5%AE%85%E4%BB%8B%E8%AD%B7%E6%94%AF%E6%8F%B4%E4%BA%8B%E6%A5%AD%E6%89%80%E3%80%80%E4%BB%8B%E8%AD%B7%E8%80%81%E4%BA%BA%E4%BF%9D%E5%81%A5%E6%96%BD%E8%A8%AD%E3%81%97%E3%82%93%E3%81%94%E3%81%86%20%E6%96%B0%E9%83%B7%E6%9D%91,青森県三戸郡新郷村大字戸来字金ヶ沢森ノ下24,0178-78-3181,厚生労働省オープンデータ,https://www.mhlw.go.jp/content/12300000/jigyosho_430.csv,2025-12末,https://www.google.com/search?q=%E5%B1%85%E5%AE%85%E4%BB%8B%E8%AD%B7%E6%94%AF%E6%8F%B4%E4%BA%8B%E6%A5%AD%E6%89%80%E3%80%80%E4%BB%8B%E8%AD%B7%E8%80%81%E4%BA%BA%E4%BF%9D%E5%81%A5%E6%96%BD%E8%A8%AD%E3%81%97%E3%82%93%E3%81%94%E3%81%86%20%E6%96%B0%E9%83%B7%E6%9D%91
特別養護老人ホーム三思園,特別養護老人ホーム,青森県,青森市,"介護,特別養護老人ホーム,入所",常時介護が必要で在宅生活が難しい方の生活の場となる施設です。入所条件や待機状況を確認します。,https://sanshien.site,青森県青森市大字横内字若草1番地1,017-728-1133,厚生労働省オープンデータ,https://www.mhlw.go.jp/content/12300000/jigyosho_510.csv,2025-12末,https://www.google.com/search?q=%E7%89%B9%E5%88%A5%E9%A4%8A%E8%AD%B7%E8%80%81%E4%BA%BA%E3%83%9B%E3%83%BC%E3%83%A0%E4%B8%89%E6%80%9D%E5%9C%92%20%E9%9D%92%E6%A3%AE%E5%B8%82
鶴ヶ丘苑,特別養護老人ホーム,青森県,青森市,"介護,特別養護老人ホーム,入所",常時介護が必要で在宅生活が難しい方の生活の場となる施設です。入所条件や待機状況を確認します。,http://www.keijinkai-ao.jp/turugaoka/,青森県青森市大字新城字平岡746番地,017-788-5872,厚生労働省オープンデータ,https://www.mhlw.go.jp/content/12300000/jigyosho_510.csv,2025-12末,https://www.google.com/search?q=%E9%B6%B4%E3%83%B6%E4%B8%98%E8%8B%91%20%E9%9D%92%E6%A3%AE%E5%B8%82
特別養護老人ホーム　寿幸園,特別養護老人ホーム,青森県,青森市,"介護,特別養護老人ホーム,入所",常時介護が必要で在宅生活が難しい方の生活の場となる施設です。入所条件や待機状況を確認します。,http://heigenkai.jp,青森市大字高田字川瀬186番地１,017-739-6473,厚生労働省オープンデータ,https://www.mhlw.go.jp/content/12300000/jigyosho_510.csv,2025-12末,https://www.google.com/search?q=%E7%89%B9%E5%88%A5%E9%A4%8A%E8%AD%B7%E8%80%81%E4%BA%BA%E3%83%9B%E3%83%BC%E3%83%A0%E3%80%80%E5%AF%BF%E5%B9%B8%E5%9C%92%20%E9%9D%92%E6%A3%AE%E5%B8%82
特別養護老人ホーム　正寿園,特別養護老人ホーム,青森県,青森市,"介護,特別養護老人ホーム,入所",常時介護が必要で在宅生活が難しい方の生活の場となる施設です。入所条件や待機状況を確認します。,http://heigenkai.jp/,青森市大字田茂木野字阿部野６３－２,017-738-3711,厚生労働省オープンデータ,https://www.mhlw.go.jp/content/12300000/jigyosho_510.csv,2025-12末,https://www.google.com/search?q=%E7%89%B9%E5%88%A5%E9%A4%8A%E8%AD%B7%E8%80%81%E4%BA%BA%E3%83%9B%E3%83%BC%E3%83%A0%E3%80%80%E6%AD%A3%E5%AF%BF%E5%9C%92%20%E9%9D%92%E6%A3%AE%E5%B8%82
特別養護老人ホーム　和幸園,特別養護老人ホーム,青森県,青森市,"介護,特別養護老人ホーム,入所",常時介護が必要で在宅生活が難しい方の生活の場となる施設です。入所条件や待機状況を確認します。,http://www.wakouen.or.jp,青森市大字矢田字下野尻48-3,017-737-3333,厚生労働省オープンデータ,https://www.mhlw.go.jp/content/12300000/jigyosho_510.csv,2025-12末,https://www.google.com/search?q=%E7%89%B9%E5%88%A5%E9%A4%8A%E8%AD%B7%E8%80%81%E4%BA%BA%E3%83%9B%E3%83%BC%E3%83%A0%E3%80%80%E5%92%8C%E5%B9%B8%E5%9C%92%20%E9%9D%92%E6%A3%AE%E5%B8%82
特別養護老人ホーム　藤の園,特別養護老人ホーム,青森県,青森市,"介護,特別養護老人ホーム,入所",常時介護が必要で在宅生活が難しい方の生活の場となる施設です。入所条件や待機状況を確認します。,http://www.fujiseiboen.or.jp/,青森県青森市大字駒込字蛍沢　387番地1,017-765-5685,厚生労働省オープンデータ,https://www.mhlw.go.jp/content/12300000/jigyosho_510.csv,2025-12末,https://www.google.com/search?q=%E7%89%B9%E5%88%A5%E9%A4%8A%E8%AD%B7%E8%80%81%E4%BA%BA%E3%83%9B%E3%83%BC%E3%83%A0%E3%80%80%E8%97%A4%E3%81%AE%E5%9C%92%20%E9%9D%92%E6%A3%AE%E5%B8%82
指定介護老人福祉施設　樹の里,特別養護老人ホーム,青森県,青森市,"介護,特別養護老人ホーム,入所",常時介護が必要で在宅生活が難しい方の生活の場となる施設です。入所条件や待機状況を確認します。,http://www.suwanomorikai.or.jp,青森市大字諏訪沢字丸山56番地１,017-726-3550,厚生労働省オープンデータ,https://www.mhlw.go.jp/content/12300000/jigyosho_510.csv,2025-12末,https://www.google.com/search?q=%E6%8C%87%E5%AE%9A%E4%BB%8B%E8%AD%B7%E8%80%81%E4%BA%BA%E7%A6%8F%E7%A5%89%E6%96%BD%E8%A8%AD%E3%80%80%E6%A8%B9%E3%81%AE%E9%87%8C%20%E9%9D%92%E6%A3%AE%E5%B8%82
特別養護老人ホーム　朝光苑,特別養護老人ホーム,青森県,青森市,"介護,特別養護老人ホーム,入所",常時介護が必要で在宅生活が難しい方の生活の場となる施設です。入所条件や待機状況を確認します。,http://www.onwakai.or.jp/,青森県青森市大字横内字亀井２４５番地１,017-764-5117,厚生労働省オープンデータ,https://www.mhlw.go.jp/content/12300000/jigyosho_510.csv,2025-12末,https://www.google.com/search?q=%E7%89%B9%E5%88%A5%E9%A4%8A%E8%AD%B7%E8%80%81%E4%BA%BA%E3%83%9B%E3%83%BC%E3%83%A0%E3%80%80%E6%9C%9D%E5%85%89%E8%8B%91%20%E9%9D%92%E6%A3%AE%E5%B8%82
特別養護老人ホーム　かいふう,特別養護老人ホーム,青森県,青森市,"介護,特別養護老人ホーム,入所",常時介護が必要で在宅生活が難しい方の生活の場となる施設です。入所条件や待機状況を確認します。,http://www.keijinkai-ao.jp/,青森県青森市大字久栗坂字山辺８９－１０,017-737-5080,厚生労働省オープンデータ,https://www.mhlw.go.jp/content/12300000/jigyosho_510.csv,2025-12末,https://www.google.com/search?q=%E7%89%B9%E5%88%A5%E9%A4%8A%E8%AD%B7%E8%80%81%E4%BA%BA%E3%83%9B%E3%83%BC%E3%83%A0%E3%80%80%E3%81%8B%E3%81%84%E3%81%B5%E3%81%86%20%E9%9D%92%E6%A3%AE%E5%B8%82
特別養護老人ホーム外ヶ浜荘,特別養護老人ホーム,青森県,青森市,"介護,特別養護老人ホーム,入所",常時介護が必要で在宅生活が難しい方の生活の場となる施設です。入所条件や待機状況を確認します。,http://www.seiyu-kai.jp/sotogahamasou/index.html,青森県青森市大字奥内字宮田５６４－２,017-761-3040,厚生労働省オープンデータ,https://www.mhlw.go.jp/content/12300000/jigyosho_510.csv,2025-12末,https://www.google.com/search?q=%E7%89%B9%E5%88%A5%E9%A4%8A%E8%AD%B7%E8%80%81%E4%BA%BA%E3%83%9B%E3%83%BC%E3%83%A0%E5%A4%96%E3%83%B6%E6%B5%9C%E8%8D%98%20%E9%9D%92%E6%A3%AE%E5%B8%82
特別養護老人ホームつるがさか,特別養護老人ホーム,青森県,青森市,"介護,特別養護老人ホーム,入所",常時介護が必要で在宅生活が難しい方の生活の場となる施設です。入所条件や待機状況を確認します。,http://care-net.biz/02/tsurugasaka/,青森県青森市大字鶴ヶ坂字田川187－94,０１７－７６３－１０５１,厚生労働省オープンデータ,https://www.mhlw.go.jp/content/12300000/jigyosho_510.csv,2025-12末,https://www.google.com/search?q=%E7%89%B9%E5%88%A5%E9%A4%8A%E8%AD%B7%E8%80%81%E4%BA%BA%E3%83%9B%E3%83%BC%E3%83%A0%E3%81%A4%E3%82%8B%E3%81%8C%E3%81%95%E3%81%8B%20%E9%9D%92%E6%A3%AE%E5%B8%82
特別養護⽼⼈ホーム正寿園,特別養護老人ホーム,青森県,青森市,"介護,特別養護老人ホーム,入所",常時介護が必要で在宅生活が難しい方の生活の場となる施設です。入所条件や待機状況を確認します。,http://heigenkai.jp/,⻘森市⼤字⽥茂⽊野字阿部野６３－２,017-738-3711,厚生労働省オープンデータ,https://www.mhlw.go.jp/content/12300000/jigyosho_510.csv,2025-12末,https://www.google.com/search?q=%E7%89%B9%E5%88%A5%E9%A4%8A%E8%AD%B7%E2%BD%BC%E2%BC%88%E3%83%9B%E3%83%BC%E3%83%A0%E6%AD%A3%E5%AF%BF%E5%9C%92%20%E9%9D%92%E6%A3%AE%E5%B8%82
特別養護老人ホームゆうゆう荘,特別養護老人ホーム,青森県,青森市,"介護,特別養護老人ホーム,入所",常時介護が必要で在宅生活が難しい方の生活の場となる施設です。入所条件や待機状況を確認します。,http://care-net.biz/02/yuyusou/,青森県青森市浪岡大字樽沢字村元３３０－７,0172-62-9201,厚生労働省オープンデータ,https://www.mhlw.go.jp/content/12300000/jigyosho_510.csv,2025-12末,https://www.google.com/search?q=%E7%89%B9%E5%88%A5%E9%A4%8A%E8%AD%B7%E8%80%81%E4%BA%BA%E3%83%9B%E3%83%BC%E3%83%A0%E3%82%86%E3%81%86%E3%82%86%E3%81%86%E8%8D%98%20%E9%9D%92%E6%A3%AE%E5%B8%82
特別養護老人ホーム　雲谷ホーム,特別養護老人ホーム,青森県,青森市,"介護,特別養護老人ホーム,入所",常時介護が必要で在宅生活が難しい方の生活の場となる施設です。入所条件や待機状況を確認します。,http://www.moyahomu.com,青森市大字雲谷字山吹92番地170,017-728-2910,厚生労働省オープンデータ,https://www.mhlw.go.jp/content/12300000/jigyosho_510.csv,2025-12末,https://www.google.com/search?q=%E7%89%B9%E5%88%A5%E9%A4%8A%E8%AD%B7%E8%80%81%E4%BA%BA%E3%83%9B%E3%83%BC%E3%83%A0%E3%80%80%E9%9B%B2%E8%B0%B7%E3%83%9B%E3%83%BC%E3%83%A0%20%E9%9D%92%E6%A3%AE%E5%B8%82
特別養護老人ホーム　弘前大清水ホーム,特別養護老人ホーム,青森県,弘前市,"介護,特別養護老人ホーム,入所",常時介護が必要で在宅生活が難しい方の生活の場となる施設です。入所条件や待機状況を確認します。,http://www.fujiseiboen.or.jp/,青森県弘前市大字清原四丁目9番地2,0172-36-2266,厚生労働省オープンデータ,https://www.mhlw.go.jp/content/12300000/jigyosho_510.csv,2025-12末,https://www.google.com/search?q=%E7%89%B9%E5%88%A5%E9%A4%8A%E8%AD%B7%E8%80%81%E4%BA%BA%E3%83%9B%E3%83%BC%E3%83%A0%E3%80%80%E5%BC%98%E5%89%8D%E5%A4%A7%E6%B8%85%E6%B0%B4%E3%83%9B%E3%83%BC%E3%83%A0%20%E5%BC%98%E5%89%8D%E5%B8%82
特別養護老人ホーム三和園,特別養護老人ホーム,青森県,弘前市,"介護,特別養護老人ホーム,入所",常時介護が必要で在宅生活が難しい方の生活の場となる施設です。入所条件や待機状況を確認します。,http://sanwakai.info/,青森県弘前市大字茜町二丁目1番地2,0172-88-8890,厚生労働省オープンデータ,https://www.mhlw.go.jp/content/12300000/jigyosho_510.csv,2025-12末,https://www.google.com/search?q=%E7%89%B9%E5%88%A5%E9%A4%8A%E8%AD%B7%E8%80%81%E4%BA%BA%E3%83%9B%E3%83%BC%E3%83%A0%E4%B8%89%E5%92%8C%E5%9C%92%20%E5%BC%98%E5%89%8D%E5%B8%82
特別養護老人ホーム　弘前静光園,特別養護老人ホーム,青森県,弘前市,"介護,特別養護老人ホーム,入所",常時介護が必要で在宅生活が難しい方の生活の場となる施設です。入所条件や待機状況を確認します。,seikouen＠sh-aiseien.jp,青森県弘前市大字豊原一丁目1番地２特別養護老人ホーム　弘前静光園,0172-33-1181,厚生労働省オープンデータ,https://www.mhlw.go.jp/content/12300000/jigyosho_510.csv,2025-12末,https://www.google.com/search?q=%E7%89%B9%E5%88%A5%E9%A4%8A%E8%AD%B7%E8%80%81%E4%BA%BA%E3%83%9B%E3%83%BC%E3%83%A0%E3%80%80%E5%BC%98%E5%89%8D%E9%9D%99%E5%85%89%E5%9C%92%20%E5%BC%98%E5%89%8D%E5%B8%82
特別養護老人ホーム　　福寿園,特別養護老人ホーム,青森県,弘前市,"介護,特別養護老人ホーム,入所",常時介護が必要で在宅生活が難しい方の生活の場となる施設です。入所条件や待機状況を確認します。,http://ichiyoukai.jp,青森県弘前市大字福村字新舘添50-8特別養護老人ホーム福寿園,0172-28-0900,厚生労働省オープンデータ,https://www.mhlw.go.jp/content/12300000/jigyosho_510.csv,2025-12末,https://www.google.com/search?q=%E7%89%B9%E5%88%A5%E9%A4%8A%E8%AD%B7%E8%80%81%E4%BA%BA%E3%83%9B%E3%83%BC%E3%83%A0%E3%80%80%E3%80%80%E7%A6%8F%E5%AF%BF%E5%9C%92%20%E5%BC%98%E5%89%8D%E5%B8%82
弘前特別養護老人ホーム,特別養護老人ホーム,青森県,弘前市,"介護,特別養護老人ホーム,入所",常時介護が必要で在宅生活が難しい方の生活の場となる施設です。入所条件や待機状況を確認します。,http://tsugarufujimikai.com,青森県弘前市自由ヶ丘５－５－３,0172-88-1431,厚生労働省オープンデータ,https://www.mhlw.go.jp/content/12300000/jigyosho_510.csv,2025-12末,https://www.google.com/search?q=%E5%BC%98%E5%89%8D%E7%89%B9%E5%88%A5%E9%A4%8A%E8%AD%B7%E8%80%81%E4%BA%BA%E3%83%9B%E3%83%BC%E3%83%A0%20%E5%BC%98%E5%89%8D%E5%B8%82
特別養護老人ホーム　白寿園,特別養護老人ホーム,青森県,弘前市,"介護,特別養護老人ホーム,入所",常時介護が必要で在宅生活が難しい方の生活の場となる施設です。入所条件や待機状況を確認します。,hakujuen-t.or.jp,青森県弘前市大字大沢字稲元3番地2,0172-92-2031,厚生労働省オープンデータ,https://www.mhlw.go.jp/content/12300000/jigyosho_510.csv,2025-12末,https://www.google.com/search?q=%E7%89%B9%E5%88%A5%E9%A4%8A%E8%AD%B7%E8%80%81%E4%BA%BA%E3%83%9B%E3%83%BC%E3%83%A0%E3%80%80%E7%99%BD%E5%AF%BF%E5%9C%92%20%E5%BC%98%E5%89%8D%E5%B8%82
特別養護老人ホーム　サンアップルホーム,特別養護老人ホーム,青森県,弘前市,"介護,特別養護老人ホーム,入所",常時介護が必要で在宅生活が難しい方の生活の場となる施設です。入所条件や待機状況を確認します。,http://www.sunapplehome.jp/,弘前市大字高杉字尾上山３５０,0172-97-2111,厚生労働省オープンデータ,https://www.mhlw.go.jp/content/12300000/jigyosho_510.csv,2025-12末,https://www.google.com/search?q=%E7%89%B9%E5%88%A5%E9%A4%8A%E8%AD%B7%E8%80%81%E4%BA%BA%E3%83%9B%E3%83%BC%E3%83%A0%E3%80%80%E3%82%B5%E3%83%B3%E3%82%A2%E3%83%83%E3%83%97%E3%83%AB%E3%83%9B%E3%83%BC%E3%83%A0%20%E5%BC%98%E5%89%8D%E5%B8%82
特別養護老人ホーム　おうよう園,特別養護老人ホーム,青森県,弘前市,"介護,特別養護老人ホーム,入所",常時介護が必要で在宅生活が難しい方の生活の場となる施設です。入所条件や待機状況を確認します。,http://www.oyoen.com/,青森県弘前市大字城南五丁目１３番地１５,0172-36-2074,厚生労働省オープンデータ,https://www.mhlw.go.jp/content/12300000/jigyosho_510.csv,2025-12末,https://www.google.com/search?q=%E7%89%B9%E5%88%A5%E9%A4%8A%E8%AD%B7%E8%80%81%E4%BA%BA%E3%83%9B%E3%83%BC%E3%83%A0%E3%80%80%E3%81%8A%E3%81%86%E3%82%88%E3%81%86%E5%9C%92%20%E5%BC%98%E5%89%8D%E5%B8%82
介護老人福祉施設　特別養護老人ホーム　松山荘,特別養護老人ホーム,青森県,弘前市,"介護,特別養護老人ホーム,入所",常時介護が必要で在宅生活が難しい方の生活の場となる施設です。入所条件や待機状況を確認します。,https://www.gakuyokai.jp/,青森県弘前市大字一町田字浅井443番地1,0172-82-3500,厚生労働省オープンデータ,https://www.mhlw.go.jp/content/12300000/jigyosho_510.csv,2025-12末,https://www.google.com/search?q=%E4%BB%8B%E8%AD%B7%E8%80%81%E4%BA%BA%E7%A6%8F%E7%A5%89%E6%96%BD%E8%A8%AD%E3%80%80%E7%89%B9%E5%88%A5%E9%A4%8A%E8%AD%B7%E8%80%81%E4%BA%BA%E3%83%9B%E3%83%BC%E3%83%A0%E3%80%80%E6%9D%BE%E5%B1%B1%E8%8D%98%20%E5%BC%98%E5%89%8D%E5%B8%82
特別養護老人ホーム弘前園,特別養護老人ホーム,青森県,弘前市,"介護,特別養護老人ホーム,入所",常時介護が必要で在宅生活が難しい方の生活の場となる施設です。入所条件や待機状況を確認します。,https://www.google.com/search?q=%E7%89%B9%E5%88%A5%E9%A4%8A%E8%AD%B7%E8%80%81%E4%BA%BA%E3%83%9B%E3%83%BC%E3%83%A0%E5%BC%98%E5%89%8D%E5%9C%92%20%E5%BC%98%E5%89%8D%E5%B8%82,青森県弘前市大字鬼沢字山ノ越249番地,0172-99-5050,厚生労働省オープンデータ,https://www.mhlw.go.jp/content/12300000/jigyosho_510.csv,2025-12末,https://www.google.com/search?q=%E7%89%B9%E5%88%A5%E9%A4%8A%E8%AD%B7%E8%80%81%E4%BA%BA%E3%83%9B%E3%83%BC%E3%83%A0%E5%BC%98%E5%89%8D%E5%9C%92%20%E5%BC%98%E5%89%8D%E5%B8%82
特別養護老人ホーム長慶苑,特別養護老人ホーム,青森県,弘前市,"介護,特別養護老人ホーム,入所",常時介護が必要で在宅生活が難しい方の生活の場となる施設です。入所条件や待機状況を確認します。,http://www.choukeien.or.jp,青森県弘前市大字坂市字亀田53番地3,0172-84-1010,厚生労働省オープンデータ,https://www.mhlw.go.jp/content/12300000/jigyosho_510.csv,2025-12末,https://www.google.com/search?q=%E7%89%B9%E5%88%A5%E9%A4%8A%E8%AD%B7%E8%80%81%E4%BA%BA%E3%83%9B%E3%83%BC%E3%83%A0%E9%95%B7%E6%85%B6%E8%8B%91%20%E5%BC%98%E5%89%8D%E5%B8%82
特別養護老人ホーム　サンアップルホーム,特別養護老人ホーム,青森県,弘前市,"介護,特別養護老人ホーム,入所",常時介護が必要で在宅生活が難しい方の生活の場となる施設です。入所条件や待機状況を確認します。,http://www.sunapplehome.jp/,青森県弘前市浜の町東五丁目24番地3,0172-97-2111,厚生労働省オープンデータ,https://www.mhlw.go.jp/content/12300000/jigyosho_510.csv,2025-12末,https://www.google.com/search?q=%E7%89%B9%E5%88%A5%E9%A4%8A%E8%AD%B7%E8%80%81%E4%BA%BA%E3%83%9B%E3%83%BC%E3%83%A0%E3%80%80%E3%82%B5%E3%83%B3%E3%82%A2%E3%83%83%E3%83%97%E3%83%AB%E3%83%9B%E3%83%BC%E3%83%A0%20%E5%BC%98%E5%89%8D%E5%B8%82
瑞光園,特別養護老人ホーム,青森県,八戸市,"介護,特別養護老人ホーム,入所",常時介護が必要で在宅生活が難しい方の生活の場となる施設です。入所条件や待機状況を確認します。,https://www.zuikoen.or.jp,青森県八戸市大字大久保字大山35番地1,0178-25-0101,厚生労働省オープンデータ,https://www.mhlw.go.jp/content/12300000/jigyosho_510.csv,2025-12末,https://www.google.com/search?q=%E7%91%9E%E5%85%89%E5%9C%92%20%E5%85%AB%E6%88%B8%E5%B8%82
福寿草インスプリング,特別養護老人ホーム,青森県,八戸市,"介護,特別養護老人ホーム,入所",常時介護が必要で在宅生活が難しい方の生活の場となる施設です。入所条件や待機状況を確認します。,http://fukujuso.or.jp/,青森県八戸市大字妙字西平6番地２７,0178-25-1021,厚生労働省オープンデータ,https://www.mhlw.go.jp/content/12300000/jigyosho_510.csv,2025-12末,https://www.google.com/search?q=%E7%A6%8F%E5%AF%BF%E8%8D%89%E3%82%A4%E3%83%B3%E3%82%B9%E3%83%97%E3%83%AA%E3%83%B3%E3%82%B0%20%E5%85%AB%E6%88%B8%E5%B8%82
特別養護老人ホーム　修光園,特別養護老人ホーム,青森県,八戸市,"介護,特別養護老人ホーム,入所",常時介護が必要で在宅生活が難しい方の生活の場となる施設です。入所条件や待機状況を確認します。,http://www.shukouen.or.jp/,青森県八戸市大字十日市字黒坂３５番地,0178-96-4895,厚生労働省オープンデータ,https://www.mhlw.go.jp/content/12300000/jigyosho_510.csv,2025-12末,https://www.google.com/search?q=%E7%89%B9%E5%88%A5%E9%A4%8A%E8%AD%B7%E8%80%81%E4%BA%BA%E3%83%9B%E3%83%BC%E3%83%A0%E3%80%80%E4%BF%AE%E5%85%89%E5%9C%92%20%E5%85%AB%E6%88%B8%E5%B8%82
特別養護老人ホーム寿楽荘,特別養護老人ホーム,青森県,八戸市,"介護,特別養護老人ホーム,入所",常時介護が必要で在宅生活が難しい方の生活の場となる施設です。入所条件や待機状況を確認します。,http://juei-kai.or.jp,青森県八戸市大字市川町字夏秋４,0178-52-5151,厚生労働省オープンデータ,https://www.mhlw.go.jp/content/12300000/jigyosho_510.csv,2025-12末,https://www.google.com/search?q=%E7%89%B9%E5%88%A5%E9%A4%8A%E8%AD%B7%E8%80%81%E4%BA%BA%E3%83%9B%E3%83%BC%E3%83%A0%E5%AF%BF%E6%A5%BD%E8%8D%98%20%E5%85%AB%E6%88%B8%E5%B8%82
特別養護老人ホーム　サンシャイン,特別養護老人ホーム,青森県,八戸市,"介護,特別養護老人ホーム,入所",常時介護が必要で在宅生活が難しい方の生活の場となる施設です。入所条件や待機状況を確認します。,https://s-tokokai.or.jp/facility/tokubetuyogo/,青森県八戸市東白山台二丁目２番１,0178-23-5050,厚生労働省オープンデータ,https://www.mhlw.go.jp/content/12300000/jigyosho_510.csv,2025-12末,https://www.google.com/search?q=%E7%89%B9%E5%88%A5%E9%A4%8A%E8%AD%B7%E8%80%81%E4%BA%BA%E3%83%9B%E3%83%BC%E3%83%A0%E3%80%80%E3%82%B5%E3%83%B3%E3%82%B7%E3%83%A3%E3%82%A4%E3%83%B3%20%E5%85%AB%E6%88%B8%E5%B8%82
特別養護老人ホーム　光葉園,特別養護老人ホーム,青森県,八戸市,"介護,特別養護老人ホーム,入所",常時介護が必要で在宅生活が難しい方の生活の場となる施設です。入所条件や待機状況を確認します。,http://www.mirokukai.or.jp/koyoen/,青森県八戸市大字鮫町字金屎３５番地９０,0178-33-5426,厚生労働省オープンデータ,https://www.mhlw.go.jp/content/12300000/jigyosho_510.csv,2025-12末,https://www.google.com/search?q=%E7%89%B9%E5%88%A5%E9%A4%8A%E8%AD%B7%E8%80%81%E4%BA%BA%E3%83%9B%E3%83%BC%E3%83%A0%E3%80%80%E5%85%89%E8%91%89%E5%9C%92%20%E5%85%AB%E6%88%B8%E5%B8%82
特別養護老人ホーム　ほっとハウス,特別養護老人ホーム,青森県,八戸市,"介護,特別養護老人ホーム,入所",常時介護が必要で在宅生活が難しい方の生活の場となる施設です。入所条件や待機状況を確認します。,http://tomonokai.jp/,青森県八戸市大字尻内町字熊ノ沢35番2号,0178-70-1818,厚生労働省オープンデータ,https://www.mhlw.go.jp/content/12300000/jigyosho_510.csv,2025-12末,https://www.google.com/search?q=%E7%89%B9%E5%88%A5%E9%A4%8A%E8%AD%B7%E8%80%81%E4%BA%BA%E3%83%9B%E3%83%BC%E3%83%A0%E3%80%80%E3%81%BB%E3%81%A3%E3%81%A8%E3%83%8F%E3%82%A6%E3%82%B9%20%E5%85%AB%E6%88%B8%E5%B8%82
特別養護老人ホーム　ハピネスやくら,特別養護老人ホーム,青森県,八戸市,"介護,特別養護老人ホーム,入所",常時介護が必要で在宅生活が難しい方の生活の場となる施設です。入所条件や待機状況を確認します。,http://family-wf.jp/happiness_yakura/,青森県八戸市大字八幡字下樋田1番1,0178-70-2540,厚生労働省オープンデータ,https://www.mhlw.go.jp/content/12300000/jigyosho_510.csv,2025-12末,https://www.google.com/search?q=%E7%89%B9%E5%88%A5%E9%A4%8A%E8%AD%B7%E8%80%81%E4%BA%BA%E3%83%9B%E3%83%BC%E3%83%A0%E3%80%80%E3%83%8F%E3%83%94%E3%83%8D%E3%82%B9%E3%82%84%E3%81%8F%E3%82%89%20%E5%85%AB%E6%88%B8%E5%B8%82
福寿草インスプリング,特別養護老人ホーム,青森県,八戸市,"介護,特別養護老人ホーム,入所",常時介護が必要で在宅生活が難しい方の生活の場となる施設です。入所条件や待機状況を確認します。,http://www.fukujuso.or.jp/,青森県八戸市大字妙字西平6番地２７,0178-25-1021,厚生労働省オープンデータ,https://www.mhlw.go.jp/content/12300000/jigyosho_510.csv,2025-12末,https://www.google.com/search?q=%E7%A6%8F%E5%AF%BF%E8%8D%89%E3%82%A4%E3%83%B3%E3%82%B9%E3%83%97%E3%83%AA%E3%83%B3%E3%82%B0%20%E5%85%AB%E6%88%B8%E5%B8%82
特別養護老人ホームリハビリパークえんぶり物語,特別養護老人ホーム,青森県,八戸市,"介護,特別養護老人ホーム,入所",常時介護が必要で在宅生活が難しい方の生活の場となる施設です。入所条件や待機状況を確認します。,http://www.rehabili-park.com,青森県八戸市大字河原木字見立山６番２０９,0178-21-2000,厚生労働省オープンデータ,https://www.mhlw.go.jp/content/12300000/jigyosho_510.csv,2025-12末,https://www.google.com/search?q=%E7%89%B9%E5%88%A5%E9%A4%8A%E8%AD%B7%E8%80%81%E4%BA%BA%E3%83%9B%E3%83%BC%E3%83%A0%E3%83%AA%E3%83%8F%E3%83%93%E3%83%AA%E3%83%91%E3%83%BC%E3%82%AF%E3%81%88%E3%82%93%E3%81%B6%E3%82%8A%E7%89%A9%E8%AA%9E%20%E5%85%AB%E6%88%B8%E5%B8%82
すみれ特別養護老人ホーム,特別養護老人ホーム,青森県,黒石市,"介護,特別養護老人ホーム,入所",常時介護が必要で在宅生活が難しい方の生活の場となる施設です。入所条件や待機状況を確認します。,http://www.sumire-kai.jp/,青森県黒石市馬場尻南５８,0172-53-3018,厚生労働省オープンデータ,https://www.mhlw.go.jp/content/12300000/jigyosho_510.csv,2025-12末,https://www.google.com/search?q=%E3%81%99%E3%81%BF%E3%82%8C%E7%89%B9%E5%88%A5%E9%A4%8A%E8%AD%B7%E8%80%81%E4%BA%BA%E3%83%9B%E3%83%BC%E3%83%A0%20%E9%BB%92%E7%9F%B3%E5%B8%82
黒石特別養護老人ホーム,特別養護老人ホーム,青森県,黒石市,"介護,特別養護老人ホーム,入所",常時介護が必要で在宅生活が難しい方の生活の場となる施設です。入所条件や待機状況を確認します。,http://www.roujinhome-kuroishi.or.jp,青森県黒石市大字赤坂字池田１３６番地,0172-53-3325,厚生労働省オープンデータ,https://www.mhlw.go.jp/content/12300000/jigyosho_510.csv,2025-12末,https://www.google.com/search?q=%E9%BB%92%E7%9F%B3%E7%89%B9%E5%88%A5%E9%A4%8A%E8%AD%B7%E8%80%81%E4%BA%BA%E3%83%9B%E3%83%BC%E3%83%A0%20%E9%BB%92%E7%9F%B3%E5%B8%82
特別養護老人ホーム　青山荘,特別養護老人ホーム,青森県,五所川原市,"介護,特別養護老人ホーム,入所",常時介護が必要で在宅生活が難しい方の生活の場となる施設です。入所条件や待機状況を確認します。,http://www.seizanso.or.jp,青森県五所川原市大字金山字盛山42-8,0173-35-4215,厚生労働省オープンデータ,https://www.mhlw.go.jp/content/12300000/jigyosho_510.csv,2025-12末,https://www.google.com/search?q=%E7%89%B9%E5%88%A5%E9%A4%8A%E8%AD%B7%E8%80%81%E4%BA%BA%E3%83%9B%E3%83%BC%E3%83%A0%E3%80%80%E9%9D%92%E5%B1%B1%E8%8D%98%20%E4%BA%94%E6%89%80%E5%B7%9D%E5%8E%9F%E5%B8%82
特別養護老人ホームあかね荘,特別養護老人ホーム,青森県,五所川原市,"介護,特別養護老人ホーム,入所",常時介護が必要で在宅生活が難しい方の生活の場となる施設です。入所条件や待機状況を確認します。,http://akanesou.web.fc2.com/,青森県五所川原市大字前田野目字長峰１１２番地２,0173-29-3533,厚生労働省オープンデータ,https://www.mhlw.go.jp/content/12300000/jigyosho_510.csv,2025-12末,https://www.google.com/search?q=%E7%89%B9%E5%88%A5%E9%A4%8A%E8%AD%B7%E8%80%81%E4%BA%BA%E3%83%9B%E3%83%BC%E3%83%A0%E3%81%82%E3%81%8B%E3%81%AD%E8%8D%98%20%E4%BA%94%E6%89%80%E5%B7%9D%E5%8E%9F%E5%B8%82
特別養護老人ホーム祥光苑,特別養護老人ホーム,青森県,五所川原市,"介護,特別養護老人ホーム,入所",常時介護が必要で在宅生活が難しい方の生活の場となる施設です。入所条件や待機状況を確認します。,http://www1.ocn.ocn.ne.jp/~shoko-en/,青森県五所川原市大字沖飯詰字帯刀３５７番地１,0173-36-3100,厚生労働省オープンデータ,https://www.mhlw.go.jp/content/12300000/jigyosho_510.csv,2025-12末,https://www.google.com/search?q=%E7%89%B9%E5%88%A5%E9%A4%8A%E8%AD%B7%E8%80%81%E4%BA%BA%E3%83%9B%E3%83%BC%E3%83%A0%E7%A5%A5%E5%85%89%E8%8B%91%20%E4%BA%94%E6%89%80%E5%B7%9D%E5%8E%9F%E5%B8%82
特別養護老人ホーム青山荘,特別養護老人ホーム,青森県,五所川原市,"介護,特別養護老人ホーム,入所",常時介護が必要で在宅生活が難しい方の生活の場となる施設です。入所条件や待機状況を確認します。,https://www.seizanso/or.jp,青森県五所川原市大字金山字盛山42-8,0173-35-4215,厚生労働省オープンデータ,https://www.mhlw.go.jp/content/12300000/jigyosho_510.csv,2025-12末,https://www.google.com/search?q=%E7%89%B9%E5%88%A5%E9%A4%8A%E8%AD%B7%E8%80%81%E4%BA%BA%E3%83%9B%E3%83%BC%E3%83%A0%E9%9D%92%E5%B1%B1%E8%8D%98%20%E4%BA%94%E6%89%80%E5%B7%9D%E5%8E%9F%E5%B8%82
特別養護老人ホームあしの園,特別養護老人ホーム,青森県,五所川原市,"介護,特別養護老人ホーム,入所",常時介護が必要で在宅生活が難しい方の生活の場となる施設です。入所条件や待機状況を確認します。,https://www.google.com/search?q=%E7%89%B9%E5%88%A5%E9%A4%8A%E8%AD%B7%E8%80%81%E4%BA%BA%E3%83%9B%E3%83%BC%E3%83%A0%E3%81%82%E3%81%97%E3%81%AE%E5%9C%92%20%E4%BA%94%E6%89%80%E5%B7%9D%E5%8E%9F%E5%B8%82,青森県五所川原市金木町川倉七夕野84-442,0173-53-2215,厚生労働省オープンデータ,https://www.mhlw.go.jp/content/12300000/jigyosho_510.csv,2025-12末,https://www.google.com/search?q=%E7%89%B9%E5%88%A5%E9%A4%8A%E8%AD%B7%E8%80%81%E4%BA%BA%E3%83%9B%E3%83%BC%E3%83%A0%E3%81%82%E3%81%97%E3%81%AE%E5%9C%92%20%E4%BA%94%E6%89%80%E5%B7%9D%E5%8E%9F%E5%B8%82
特別養護老人ホームすわんの里,特別養護老人ホーム,青森県,五所川原市,"介護,特別養護老人ホーム,入所",常時介護が必要で在宅生活が難しい方の生活の場となる施設です。入所条件や待機状況を確認します。,http://www.takushinkai.or.jp,青森県五所川原市脇元磯辺365番地1,0173-62-2622,厚生労働省オープンデータ,https://www.mhlw.go.jp/content/12300000/jigyosho_510.csv,2025-12末,https://www.google.com/search?q=%E7%89%B9%E5%88%A5%E9%A4%8A%E8%AD%B7%E8%80%81%E4%BA%BA%E3%83%9B%E3%83%BC%E3%83%A0%E3%81%99%E3%82%8F%E3%82%93%E3%81%AE%E9%87%8C%20%E4%BA%94%E6%89%80%E5%B7%9D%E5%8E%9F%E5%B8%82
特別養護老人ホーム　一葉園,特別養護老人ホーム,青森県,十和田市,"介護,特別養護老人ホーム,入所",常時介護が必要で在宅生活が難しい方の生活の場となる施設です。入所条件や待機状況を確認します。,http://shiseikai-1960.or.jp/,青森県十和田市元町西五丁目11番31号,0176-27-1218,厚生労働省オープンデータ,https://www.mhlw.go.jp/content/12300000/jigyosho_510.csv,2025-12末,https://www.google.com/search?q=%E7%89%B9%E5%88%A5%E9%A4%8A%E8%AD%B7%E8%80%81%E4%BA%BA%E3%83%9B%E3%83%BC%E3%83%A0%E3%80%80%E4%B8%80%E8%91%89%E5%9C%92%20%E5%8D%81%E5%92%8C%E7%94%B0%E5%B8%82
特別養護老人ホーム八甲荘,特別養護老人ホーム,青森県,十和田市,"介護,特別養護老人ホーム,入所",常時介護が必要で在宅生活が難しい方の生活の場となる施設です。入所条件や待機状況を確認します。,http://hakkoudakai.jp,青森県十和田市大字相坂字高清水78番地232,0176-23-5500,厚生労働省オープンデータ,https://www.mhlw.go.jp/content/12300000/jigyosho_510.csv,2025-12末,https://www.google.com/search?q=%E7%89%B9%E5%88%A5%E9%A4%8A%E8%AD%B7%E8%80%81%E4%BA%BA%E3%83%9B%E3%83%BC%E3%83%A0%E5%85%AB%E7%94%B2%E8%8D%98%20%E5%8D%81%E5%92%8C%E7%94%B0%E5%B8%82
特別養護老人ホーム　湖楽園,特別養護老人ホーム,青森県,十和田市,"介護,特別養護老人ホーム,入所",常時介護が必要で在宅生活が難しい方の生活の場となる施設です。入所条件や待機状況を確認します。,http//www.towadakokai.jp,青森県十和田市大字奥瀬字下川目2-9,0176-72-2790,厚生労働省オープンデータ,https://www.mhlw.go.jp/content/12300000/jigyosho_510.csv,2025-12末,https://www.google.com/search?q=%E7%89%B9%E5%88%A5%E9%A4%8A%E8%AD%B7%E8%80%81%E4%BA%BA%E3%83%9B%E3%83%BC%E3%83%A0%E3%80%80%E6%B9%96%E6%A5%BD%E5%9C%92%20%E5%8D%81%E5%92%8C%E7%94%B0%E5%B8%82
三沢老人ホーム,特別養護老人ホーム,青森県,三沢市,"介護,特別養護老人ホーム,入所",常時介護が必要で在宅生活が難しい方の生活の場となる施設です。入所条件や待機状況を確認します。,http://www.rakuseikai.or.jp/,青森県三沢市大字三沢字園沢１５６－８,0176-54-2534,厚生労働省オープンデータ,https://www.mhlw.go.jp/content/12300000/jigyosho_510.csv,2025-12末,https://www.google.com/search?q=%E4%B8%89%E6%B2%A2%E8%80%81%E4%BA%BA%E3%83%9B%E3%83%BC%E3%83%A0%20%E4%B8%89%E6%B2%A2%E5%B8%82
特別養護老人ホーム　ひばり苑,特別養護老人ホーム,青森県,三沢市,"介護,特別養護老人ホーム,入所",常時介護が必要で在宅生活が難しい方の生活の場となる施設です。入所条件や待機状況を確認します。,http://www.joukoukai.or.jp,青森県三沢市六川目６丁目２８－６,0176-59-3601,厚生労働省オープンデータ,https://www.mhlw.go.jp/content/12300000/jigyosho_510.csv,2025-12末,https://www.google.com/search?q=%E7%89%B9%E5%88%A5%E9%A4%8A%E8%AD%B7%E8%80%81%E4%BA%BA%E3%83%9B%E3%83%BC%E3%83%A0%E3%80%80%E3%81%B2%E3%81%B0%E3%82%8A%E8%8B%91%20%E4%B8%89%E6%B2%A2%E5%B8%82
特別養護老人ホームうるわしの杜,特別養護老人ホーム,青森県,三沢市,"介護,特別養護老人ホーム,入所",常時介護が必要で在宅生活が難しい方の生活の場となる施設です。入所条件や待機状況を確認します。,www.dohjinkai⁻aomori.or.jp/uruwashi,青森県三沢市千代田町4丁目140-851,0176-53-7773,厚生労働省オープンデータ,https://www.mhlw.go.jp/content/12300000/jigyosho_510.csv,2025-12末,https://www.google.com/search?q=%E7%89%B9%E5%88%A5%E9%A4%8A%E8%AD%B7%E8%80%81%E4%BA%BA%E3%83%9B%E3%83%BC%E3%83%A0%E3%81%86%E3%82%8B%E3%82%8F%E3%81%97%E3%81%AE%E6%9D%9C%20%E4%B8%89%E6%B2%A2%E5%B8%82
三沢老人ホーム,特別養護老人ホーム,青森県,三沢市,"介護,特別養護老人ホーム,入所",常時介護が必要で在宅生活が難しい方の生活の場となる施設です。入所条件や待機状況を確認します。,https://www.rakuseikai.or.jp/,青森県三沢市大字三沢字園沢156-8,0176-54-2534,厚生労働省オープンデータ,https://www.mhlw.go.jp/content/12300000/jigyosho_510.csv,2025-12末,https://www.google.com/search?q=%E4%B8%89%E6%B2%A2%E8%80%81%E4%BA%BA%E3%83%9B%E3%83%BC%E3%83%A0%20%E4%B8%89%E6%B2%A2%E5%B8%82
特別養護老人ホーム　恵光園,特別養護老人ホーム,青森県,むつ市,"介護,特別養護老人ホーム,入所",常時介護が必要で在宅生活が難しい方の生活の場となる施設です。入所条件や待機状況を確認します。,http://keikouen-mutsu.com/,青森県むつ市大字奥内字竹立9番地,0175-26-2288,厚生労働省オープンデータ,https://www.mhlw.go.jp/content/12300000/jigyosho_510.csv,2025-12末,https://www.google.com/search?q=%E7%89%B9%E5%88%A5%E9%A4%8A%E8%AD%B7%E8%80%81%E4%BA%BA%E3%83%9B%E3%83%BC%E3%83%A0%E3%80%80%E6%81%B5%E5%85%89%E5%9C%92%20%E3%82%80%E3%81%A4%E5%B8%82
特別養護老人ホームみちのく荘,特別養護老人ホーム,青森県,むつ市,"介護,特別養護老人ホーム,入所",常時介護が必要で在宅生活が難しい方の生活の場となる施設です。入所条件や待機状況を確認します。,https://www.michinokuso.jp/,青森県むつ市十二林１１番１３号,0175-23-1600,厚生労働省オープンデータ,https://www.mhlw.go.jp/content/12300000/jigyosho_510.csv,2025-12末,https://www.google.com/search?q=%E7%89%B9%E5%88%A5%E9%A4%8A%E8%AD%B7%E8%80%81%E4%BA%BA%E3%83%9B%E3%83%BC%E3%83%A0%E3%81%BF%E3%81%A1%E3%81%AE%E3%81%8F%E8%8D%98%20%E3%82%80%E3%81%A4%E5%B8%82
特別養護老人ホーム　いこいの里,特別養護老人ホーム,青森県,むつ市,"介護,特別養護老人ホーム,入所",常時介護が必要で在宅生活が難しい方の生活の場となる施設です。入所条件や待機状況を確認します。,http://www.sakuragikai.or.jp,青森県むつ市脇野沢渡向７３番地１,0175-31-5611,厚生労働省オープンデータ,https://www.mhlw.go.jp/content/12300000/jigyosho_510.csv,2025-12末,https://www.google.com/search?q=%E7%89%B9%E5%88%A5%E9%A4%8A%E8%AD%B7%E8%80%81%E4%BA%BA%E3%83%9B%E3%83%BC%E3%83%A0%E3%80%80%E3%81%84%E3%81%93%E3%81%84%E3%81%AE%E9%87%8C%20%E3%82%80%E3%81%A4%E5%B8%82
特別養護老人ホーム延寿園,特別養護老人ホーム,青森県,むつ市,"介護,特別養護老人ホーム,入所",常時介護が必要で在宅生活が難しい方の生活の場となる施設です。入所条件や待機状況を確認します。,http://sankeikai-aomori.com/,青森県むつ市大畑町大赤川29番地4,0175-34-3297,厚生労働省オープンデータ,https://www.mhlw.go.jp/content/12300000/jigyosho_510.csv,2025-12末,https://www.google.com/search?q=%E7%89%B9%E5%88%A5%E9%A4%8A%E8%AD%B7%E8%80%81%E4%BA%BA%E3%83%9B%E3%83%BC%E3%83%A0%E5%BB%B6%E5%AF%BF%E5%9C%92%20%E3%82%80%E3%81%A4%E5%B8%82
特別養護老人ホームせせらぎ荘,特別養護老人ホーム,青森県,むつ市,"介護,特別養護老人ホーム,入所",常時介護が必要で在宅生活が難しい方の生活の場となる施設です。入所条件や待機状況を確認します。,www.yachiyo-kai.com,青森県むつ市川内町獅子畑128番地4,0175-42-3103,厚生労働省オープンデータ,https://www.mhlw.go.jp/content/12300000/jigyosho_510.csv,2025-12末,https://www.google.com/search?q=%E7%89%B9%E5%88%A5%E9%A4%8A%E8%AD%B7%E8%80%81%E4%BA%BA%E3%83%9B%E3%83%BC%E3%83%A0%E3%81%9B%E3%81%9B%E3%82%89%E3%81%8E%E8%8D%98%20%E3%82%80%E3%81%A4%E5%B8%82
特別養護老人ホーム桜木園,特別養護老人ホーム,青森県,むつ市,"介護,特別養護老人ホーム,入所",常時介護が必要で在宅生活が難しい方の生活の場となる施設です。入所条件や待機状況を確認します。,http://www.sakuragikai.or.jp/,青森県むつ市中央二丁目23-1,0175-29-1243,厚生労働省オープンデータ,https://www.mhlw.go.jp/content/12300000/jigyosho_510.csv,2025-12末,https://www.google.com/search?q=%E7%89%B9%E5%88%A5%E9%A4%8A%E8%AD%B7%E8%80%81%E4%BA%BA%E3%83%9B%E3%83%BC%E3%83%A0%E6%A1%9C%E6%9C%A8%E5%9C%92%20%E3%82%80%E3%81%A4%E5%B8%82
特別養護老人ホーム桑寿園,特別養護老人ホーム,青森県,つがる市,"介護,特別養護老人ホーム,入所",常時介護が必要で在宅生活が難しい方の生活の場となる施設です。入所条件や待機状況を確認します。,https://www.hakuyuukai.com,青森県つがる市柏桑野木田若宮２５５番地１,0173-25-2115,厚生労働省オープンデータ,https://www.mhlw.go.jp/content/12300000/jigyosho_510.csv,2025-12末,https://www.google.com/search?q=%E7%89%B9%E5%88%A5%E9%A4%8A%E8%AD%B7%E8%80%81%E4%BA%BA%E3%83%9B%E3%83%BC%E3%83%A0%E6%A1%91%E5%AF%BF%E5%9C%92%20%E3%81%A4%E3%81%8C%E3%82%8B%E5%B8%82
特別養護老人ホーム柏風園,特別養護老人ホーム,青森県,つがる市,"介護,特別養護老人ホーム,入所",常時介護が必要で在宅生活が難しい方の生活の場となる施設です。入所条件や待機状況を確認します。,https://hakufuen.com/,青森県つがる市木造筒木坂鳥谷沢１８－９,0173-45-3006,厚生労働省オープンデータ,https://www.mhlw.go.jp/content/12300000/jigyosho_510.csv,2025-12末,https://www.google.com/search?q=%E7%89%B9%E5%88%A5%E9%A4%8A%E8%AD%B7%E8%80%81%E4%BA%BA%E3%83%9B%E3%83%BC%E3%83%A0%E6%9F%8F%E9%A2%A8%E5%9C%92%20%E3%81%A4%E3%81%8C%E3%82%8B%E5%B8%82
特別養護老人ホーム明光園,特別養護老人ホーム,青森県,つがる市,"介護,特別養護老人ホーム,入所",常時介護が必要で在宅生活が難しい方の生活の場となる施設です。入所条件や待機状況を確認します。,http://www.inkoukai.com,青森県つがる市森田町大館勝山142-3,0173-26-2026,厚生労働省オープンデータ,https://www.mhlw.go.jp/content/12300000/jigyosho_510.csv,2025-12末,https://www.google.com/search?q=%E7%89%B9%E5%88%A5%E9%A4%8A%E8%AD%B7%E8%80%81%E4%BA%BA%E3%83%9B%E3%83%BC%E3%83%A0%E6%98%8E%E5%85%89%E5%9C%92%20%E3%81%A4%E3%81%8C%E3%82%8B%E5%B8%82
特別養護老人ホーム緑青園,特別養護老人ホーム,青森県,平川市,"介護,特別養護老人ホーム,入所",常時介護が必要で在宅生活が難しい方の生活の場となる施設です。入所条件や待機状況を確認します。,http://ryokufu.or.jp/,青森県平川市沖館和田84番地,0172-44-7588,厚生労働省オープンデータ,https://www.mhlw.go.jp/content/12300000/jigyosho_510.csv,2025-12末,https://www.google.com/search?q=%E7%89%B9%E5%88%A5%E9%A4%8A%E8%AD%B7%E8%80%81%E4%BA%BA%E3%83%9B%E3%83%BC%E3%83%A0%E7%B7%91%E9%9D%92%E5%9C%92%20%E5%B9%B3%E5%B7%9D%E5%B8%82
特別養護老人ホーム　さわやか園,特別養護老人ホーム,青森県,平川市,"介護,特別養護老人ホーム,入所",常時介護が必要で在宅生活が難しい方の生活の場となる施設です。入所条件や待機状況を確認します。,http://www.sawayakaen.net/,青森県平川市日沼樋田８５,0172-43-5432,厚生労働省オープンデータ,https://www.mhlw.go.jp/content/12300000/jigyosho_510.csv,2025-12末,https://www.google.com/search?q=%E7%89%B9%E5%88%A5%E9%A4%8A%E8%AD%B7%E8%80%81%E4%BA%BA%E3%83%9B%E3%83%BC%E3%83%A0%E3%80%80%E3%81%95%E3%82%8F%E3%82%84%E3%81%8B%E5%9C%92%20%E5%B9%B3%E5%B7%9D%E5%B8%82
特別養護老人ホーム　清風荘,特別養護老人ホーム,青森県,平内町,"介護,特別養護老人ホーム,入所",常時介護が必要で在宅生活が難しい方の生活の場となる施設です。入所条件や待機状況を確認します。,http://www.s-care.jp/,青森県東津軽郡平内町大字小湊字薬師堂63番地23,017-755-5531,厚生労働省オープンデータ,https://www.mhlw.go.jp/content/12300000/jigyosho_510.csv,2025-12末,https://www.google.com/search?q=%E7%89%B9%E5%88%A5%E9%A4%8A%E8%AD%B7%E8%80%81%E4%BA%BA%E3%83%9B%E3%83%BC%E3%83%A0%E3%80%80%E6%B8%85%E9%A2%A8%E8%8D%98%20%E5%B9%B3%E5%86%85%E7%94%BA
特別養護老人ホーム夜越山倶楽部,特別養護老人ホーム,青森県,平内町,"介護,特別養護老人ホーム,入所",常時介護が必要で在宅生活が難しい方の生活の場となる施設です。入所条件や待機状況を確認します。,https://koujinkai-seifu.com,青森県東津軽郡平内町浜子字堀替７７番地３,017-755-6600,厚生労働省オープンデータ,https://www.mhlw.go.jp/content/12300000/jigyosho_510.csv,2025-12末,https://www.google.com/search?q=%E7%89%B9%E5%88%A5%E9%A4%8A%E8%AD%B7%E8%80%81%E4%BA%BA%E3%83%9B%E3%83%BC%E3%83%A0%E5%A4%9C%E8%B6%8A%E5%B1%B1%E5%80%B6%E6%A5%BD%E9%83%A8%20%E5%B9%B3%E5%86%85%E7%94%BA
特別養護老人ホームなかやま荘,特別養護老人ホーム,青森県,今別町,"介護,特別養護老人ホーム,入所",常時介護が必要で在宅生活が難しい方の生活の場となる施設です。入所条件や待機状況を確認します。,http://www.soujuen.com/,青森県東津軽郡今別町大字今別字西田２４８番地２０５,0174-35-3961,厚生労働省オープンデータ,https://www.mhlw.go.jp/content/12300000/jigyosho_510.csv,2025-12末,https://www.google.com/search?q=%E7%89%B9%E5%88%A5%E9%A4%8A%E8%AD%B7%E8%80%81%E4%BA%BA%E3%83%9B%E3%83%BC%E3%83%A0%E3%81%AA%E3%81%8B%E3%82%84%E3%81%BE%E8%8D%98%20%E4%BB%8A%E5%88%A5%E7%94%BA
特別養護老人ホーム　蓬生園,特別養護老人ホーム,青森県,蓬田村,"介護,特別養護老人ホーム,入所",常時介護が必要で在宅生活が難しい方の生活の場となる施設です。入所条件や待機状況を確認します。,http://www.watona-ru.com/houseien,青森県東津軽郡蓬田村大字郷沢字浜田３９７番地,0174-27-3445,厚生労働省オープンデータ,https://www.mhlw.go.jp/content/12300000/jigyosho_510.csv,2025-12末,https://www.google.com/search?q=%E7%89%B9%E5%88%A5%E9%A4%8A%E8%AD%B7%E8%80%81%E4%BA%BA%E3%83%9B%E3%83%BC%E3%83%A0%E3%80%80%E8%93%AC%E7%94%9F%E5%9C%92%20%E8%93%AC%E7%94%B0%E6%9D%91
特別養護老人ホームあじさい,特別養護老人ホーム,青森県,外ヶ浜町,"介護,特別養護老人ホーム,入所",常時介護が必要で在宅生活が難しい方の生活の場となる施設です。入所条件や待機状況を確認します。,http://www.ajisaikai.or.jp,青森県東津軽郡外ヶ浜町字三厩新町８番地,0174-31-7000,厚生労働省オープンデータ,https://www.mhlw.go.jp/content/12300000/jigyosho_510.csv,2025-12末,https://www.google.com/search?q=%E7%89%B9%E5%88%A5%E9%A4%8A%E8%AD%B7%E8%80%81%E4%BA%BA%E3%83%9B%E3%83%BC%E3%83%A0%E3%81%82%E3%81%98%E3%81%95%E3%81%84%20%E5%A4%96%E3%83%B6%E6%B5%9C%E7%94%BA
特別養護老人ホーム　あんじんの郷,特別養護老人ホーム,青森県,外ヶ浜町,"介護,特別養護老人ホーム,入所",常時介護が必要で在宅生活が難しい方の生活の場となる施設です。入所条件や待機状況を確認します。,https://www.google.com/search?q=%E7%89%B9%E5%88%A5%E9%A4%8A%E8%AD%B7%E8%80%81%E4%BA%BA%E3%83%9B%E3%83%BC%E3%83%A0%E3%80%80%E3%81%82%E3%82%93%E3%81%98%E3%82%93%E3%81%AE%E9%83%B7%20%E5%A4%96%E3%83%B6%E6%B5%9C%E7%94%BA,青森県東津軽郡外ヶ浜町字平舘野田鳴川２２２－３,0174-31-2121,厚生労働省オープンデータ,https://www.mhlw.go.jp/content/12300000/jigyosho_510.csv,2025-12末,https://www.google.com/search?q=%E7%89%B9%E5%88%A5%E9%A4%8A%E8%AD%B7%E8%80%81%E4%BA%BA%E3%83%9B%E3%83%BC%E3%83%A0%E3%80%80%E3%81%82%E3%82%93%E3%81%98%E3%82%93%E3%81%AE%E9%83%B7%20%E5%A4%96%E3%83%B6%E6%B5%9C%E7%94%BA
特別養護老人ホーム　つくし荘,特別養護老人ホーム,青森県,鰺ヶ沢町,"介護,特別養護老人ホーム,入所",常時介護が必要で在宅生活が難しい方の生活の場となる施設です。入所条件や待機状況を確認します。,http://www.aomoritsukushikai.com/,青森県西津軽郡鯵ヶ沢町大字北浮田町字今須87番地1,0173-72-7111,厚生労働省オープンデータ,https://www.mhlw.go.jp/content/12300000/jigyosho_510.csv,2025-12末,https://www.google.com/search?q=%E7%89%B9%E5%88%A5%E9%A4%8A%E8%AD%B7%E8%80%81%E4%BA%BA%E3%83%9B%E3%83%BC%E3%83%A0%E3%80%80%E3%81%A4%E3%81%8F%E3%81%97%E8%8D%98%20%E9%B0%BA%E3%83%B6%E6%B2%A2%E7%94%BA
特別養護老人ホームはまなす荘,特別養護老人ホーム,青森県,深浦町,"介護,特別養護老人ホーム,入所",常時介護が必要で在宅生活が難しい方の生活の場となる施設です。入所条件や待機状況を確認します。,ＵＲＬ：http://hamanasusou.com,青森県西津軽郡深浦町大字驫木字津山118番地44,0173-74-4381,厚生労働省オープンデータ,https://www.mhlw.go.jp/content/12300000/jigyosho_510.csv,2025-12末,https://www.google.com/search?q=%E7%89%B9%E5%88%A5%E9%A4%8A%E8%AD%B7%E8%80%81%E4%BA%BA%E3%83%9B%E3%83%BC%E3%83%A0%E3%81%AF%E3%81%BE%E3%81%AA%E3%81%99%E8%8D%98%20%E6%B7%B1%E6%B5%A6%E7%94%BA
特別養護老人ホームサンタ園,特別養護老人ホーム,青森県,深浦町,"介護,特別養護老人ホーム,入所",常時介護が必要で在宅生活が難しい方の生活の場となる施設です。入所条件や待機状況を確認します。,https://www.google.com/search?q=%E7%89%B9%E5%88%A5%E9%A4%8A%E8%AD%B7%E8%80%81%E4%BA%BA%E3%83%9B%E3%83%BC%E3%83%A0%E3%82%B5%E3%83%B3%E3%82%BF%E5%9C%92%20%E6%B7%B1%E6%B5%A6%E7%94%BA,青森県西津軽郡深浦町大字岩崎字松原57番地2,0173-77-2020,厚生労働省オープンデータ,https://www.mhlw.go.jp/content/12300000/jigyosho_510.csv,2025-12末,https://www.google.com/search?q=%E7%89%B9%E5%88%A5%E9%A4%8A%E8%AD%B7%E8%80%81%E4%BA%BA%E3%83%9B%E3%83%BC%E3%83%A0%E3%82%B5%E3%83%B3%E3%82%BF%E5%9C%92%20%E6%B7%B1%E6%B5%A6%E7%94%BA
特別養護老人ホーム白神荘,特別養護老人ホーム,青森県,西目屋村,"介護,特別養護老人ホーム,入所",常時介護が必要で在宅生活が難しい方の生活の場となる施設です。入所条件や待機状況を確認します。,http://sanwakai.info/,青森県中津軽郡西目屋村大字田代字稲元143番地2号,0172-85-3123,厚生労働省オープンデータ,https://www.mhlw.go.jp/content/12300000/jigyosho_510.csv,2025-12末,https://www.google.com/search?q=%E7%89%B9%E5%88%A5%E9%A4%8A%E8%AD%B7%E8%80%81%E4%BA%BA%E3%83%9B%E3%83%BC%E3%83%A0%E7%99%BD%E7%A5%9E%E8%8D%98%20%E8%A5%BF%E7%9B%AE%E5%B1%8B%E6%9D%91
特別養護老人ホーム　さんふじ,特別養護老人ホーム,青森県,藤崎町,"介護,特別養護老人ホーム,入所",常時介護が必要で在宅生活が難しい方の生活の場となる施設です。入所条件や待機状況を確認します。,https://www.google.com/search?q=%E7%89%B9%E5%88%A5%E9%A4%8A%E8%AD%B7%E8%80%81%E4%BA%BA%E3%83%9B%E3%83%BC%E3%83%A0%E3%80%80%E3%81%95%E3%82%93%E3%81%B5%E3%81%98%20%E8%97%A4%E5%B4%8E%E7%94%BA,青森県南津軽郡藤崎町大字柏木堰字南亀田１番地１,0172-75-3511,厚生労働省オープンデータ,https://www.mhlw.go.jp/content/12300000/jigyosho_510.csv,2025-12末,https://www.google.com/search?q=%E7%89%B9%E5%88%A5%E9%A4%8A%E8%AD%B7%E8%80%81%E4%BA%BA%E3%83%9B%E3%83%BC%E3%83%A0%E3%80%80%E3%81%95%E3%82%93%E3%81%B5%E3%81%98%20%E8%97%A4%E5%B4%8E%E7%94%BA
特別養護老人ホームときわ,特別養護老人ホーム,青森県,藤崎町,"介護,特別養護老人ホーム,入所",常時介護が必要で在宅生活が難しい方の生活の場となる施設です。入所条件や待機状況を確認します。,http://www.toueikai.jp/tokiwa-office.html,青森県南津軽郡藤崎町大字水木字浅田９５,0172-69-5225,厚生労働省オープンデータ,https://www.mhlw.go.jp/content/12300000/jigyosho_510.csv,2025-12末,https://www.google.com/search?q=%E7%89%B9%E5%88%A5%E9%A4%8A%E8%AD%B7%E8%80%81%E4%BA%BA%E3%83%9B%E3%83%BC%E3%83%A0%E3%81%A8%E3%81%8D%E3%82%8F%20%E8%97%A4%E5%B4%8E%E7%94%BA
特別養護老人ホーム　大鰐ホーム,特別養護老人ホーム,青森県,大鰐町,"介護,特別養護老人ホーム,入所",常時介護が必要で在宅生活が難しい方の生活の場となる施設です。入所条件や待機状況を確認します。,http://www.owani.com/,青森県南津軽郡大鰐町大字大鰐字萢頭９－２,0172-47-5036,厚生労働省オープンデータ,https://www.mhlw.go.jp/content/12300000/jigyosho_510.csv,2025-12末,https://www.google.com/search?q=%E7%89%B9%E5%88%A5%E9%A4%8A%E8%AD%B7%E8%80%81%E4%BA%BA%E3%83%9B%E3%83%BC%E3%83%A0%E3%80%80%E5%A4%A7%E9%B0%90%E3%83%9B%E3%83%BC%E3%83%A0%20%E5%A4%A7%E9%B0%90%E7%94%BA
特別養護老人ホーム　鶴住荘,特別養護老人ホーム,青森県,板柳町,"介護,特別養護老人ホーム,入所",常時介護が必要で在宅生活が難しい方の生活の場となる施設です。入所条件や待機状況を確認します。,http://turuzumikai.jp,青森県北津軽郡板柳町大字野中字鶴住102番地2,0172-73-3197,厚生労働省オープンデータ,https://www.mhlw.go.jp/content/12300000/jigyosho_510.csv,2025-12末,https://www.google.com/search?q=%E7%89%B9%E5%88%A5%E9%A4%8A%E8%AD%B7%E8%80%81%E4%BA%BA%E3%83%9B%E3%83%BC%E3%83%A0%E3%80%80%E9%B6%B4%E4%BD%8F%E8%8D%98%20%E6%9D%BF%E6%9F%B3%E7%94%BA
特別養護老人ホーム鶴松園,特別養護老人ホーム,青森県,鶴田町,"介護,特別養護老人ホーム,入所",常時介護が必要で在宅生活が難しい方の生活の場となる施設です。入所条件や待機状況を確認します。,http://kakusyou.sakura.ne.jp/,青森県北津軽郡鶴田町大字廻堰上野尻146番地１,0173-22-6633,厚生労働省オープンデータ,https://www.mhlw.go.jp/content/12300000/jigyosho_510.csv,2025-12末,https://www.google.com/search?q=%E7%89%B9%E5%88%A5%E9%A4%8A%E8%AD%B7%E8%80%81%E4%BA%BA%E3%83%9B%E3%83%BC%E3%83%A0%E9%B6%B4%E6%9D%BE%E5%9C%92%20%E9%B6%B4%E7%94%B0%E7%94%BA
特別養護老人ホーム　静和園,特別養護老人ホーム,青森県,中泊町,"介護,特別養護老人ホーム,入所",常時介護が必要で在宅生活が難しい方の生活の場となる施設です。入所条件や待機状況を確認します。,https://www.google.com/search?q=%E7%89%B9%E5%88%A5%E9%A4%8A%E8%AD%B7%E8%80%81%E4%BA%BA%E3%83%9B%E3%83%BC%E3%83%A0%E3%80%80%E9%9D%99%E5%92%8C%E5%9C%92%20%E4%B8%AD%E6%B3%8A%E7%94%BA,青森県北津軽郡中泊町大字中里字宝森1番地２特別養護老人ホーム　静和園,0173-57-3101,厚生労働省オープンデータ,https://www.mhlw.go.jp/content/12300000/jigyosho_510.csv,2025-12末,https://www.google.com/search?q=%E7%89%B9%E5%88%A5%E9%A4%8A%E8%AD%B7%E8%80%81%E4%BA%BA%E3%83%9B%E3%83%BC%E3%83%A0%E3%80%80%E9%9D%99%E5%92%8C%E5%9C%92%20%E4%B8%AD%E6%B3%8A%E7%94%BA
特別養護老人ホーム幸,特別養護老人ホーム,青森県,中泊町,"介護,特別養護老人ホーム,入所",常時介護が必要で在宅生活が難しい方の生活の場となる施設です。入所条件や待機状況を確認します。,https://koumeikai.net/,青森県北津軽郡中泊町大字尾別字小谷26番地1,0173-26-5330,厚生労働省オープンデータ,https://www.mhlw.go.jp/content/12300000/jigyosho_510.csv,2025-12末,https://www.google.com/search?q=%E7%89%B9%E5%88%A5%E9%A4%8A%E8%AD%B7%E8%80%81%E4%BA%BA%E3%83%9B%E3%83%BC%E3%83%A0%E5%B9%B8%20%E4%B8%AD%E6%B3%8A%E7%94%BA
特別養護老人ホーム野辺地ホーム,特別養護老人ホーム,青森県,野辺地町,"介護,特別養護老人ホーム,入所",常時介護が必要で在宅生活が難しい方の生活の場となる施設です。入所条件や待機状況を確認します。,http://mirokuen.com/nohejihome/,青森県上北郡野辺地町字枇杷野51番地26特別養護老人ホーム野辺地ホーム,0175-73-1371,厚生労働省オープンデータ,https://www.mhlw.go.jp/content/12300000/jigyosho_510.csv,2025-12末,https://www.google.com/search?q=%E7%89%B9%E5%88%A5%E9%A4%8A%E8%AD%B7%E8%80%81%E4%BA%BA%E3%83%9B%E3%83%BC%E3%83%A0%E9%87%8E%E8%BE%BA%E5%9C%B0%E3%83%9B%E3%83%BC%E3%83%A0%20%E9%87%8E%E8%BE%BA%E5%9C%B0%E7%94%BA
社会福祉法人美土里会　特別養護老人ホーム美土里荘,特別養護老人ホーム,青森県,七戸町,"介護,特別養護老人ホーム,入所",常時介護が必要で在宅生活が難しい方の生活の場となる施設です。入所条件や待機状況を確認します。,http://www.midorikai-gr.or.jp/index.php/business/midorisou,青森県上北郡七戸町字寒水７０－１７,0176-62-2761,厚生労働省オープンデータ,https://www.mhlw.go.jp/content/12300000/jigyosho_510.csv,2025-12末,https://www.google.com/search?q=%E7%A4%BE%E4%BC%9A%E7%A6%8F%E7%A5%89%E6%B3%95%E4%BA%BA%E7%BE%8E%E5%9C%9F%E9%87%8C%E4%BC%9A%E3%80%80%E7%89%B9%E5%88%A5%E9%A4%8A%E8%AD%B7%E8%80%81%E4%BA%BA%E3%83%9B%E3%83%BC%E3%83%A0%E7%BE%8E%E5%9C%9F%E9%87%8C%E8%8D%98%20%E4%B8%83%E6%88%B8%E7%94%BA
特別養護老人ホーム天寿園,特別養護老人ホーム,青森県,七戸町,"介護,特別養護老人ホーム,入所",常時介護が必要で在宅生活が難しい方の生活の場となる施設です。入所条件や待機状況を確認します。,https://tenjuen.net/,青森県上北郡七戸町字舟場向川久保308番地,0176-68-4888,厚生労働省オープンデータ,https://www.mhlw.go.jp/content/12300000/jigyosho_510.csv,2025-12末,https://www.google.com/search?q=%E7%89%B9%E5%88%A5%E9%A4%8A%E8%AD%B7%E8%80%81%E4%BA%BA%E3%83%9B%E3%83%BC%E3%83%A0%E5%A4%A9%E5%AF%BF%E5%9C%92%20%E4%B8%83%E6%88%B8%E7%94%BA
特別養護老人ホーム天寿園みちのかみ,特別養護老人ホーム,青森県,七戸町,"介護,特別養護老人ホーム,入所",常時介護が必要で在宅生活が難しい方の生活の場となる施設です。入所条件や待機状況を確認します。,www.tenjuen.net/,青森県上北郡七戸町字道ノ上５２番地４特別養護老人ホーム天寿園みちのかみ,0176-58-5282,厚生労働省オープンデータ,https://www.mhlw.go.jp/content/12300000/jigyosho_510.csv,2025-12末,https://www.google.com/search?q=%E7%89%B9%E5%88%A5%E9%A4%8A%E8%AD%B7%E8%80%81%E4%BA%BA%E3%83%9B%E3%83%BC%E3%83%A0%E5%A4%A9%E5%AF%BF%E5%9C%92%E3%81%BF%E3%81%A1%E3%81%AE%E3%81%8B%E3%81%BF%20%E4%B8%83%E6%88%B8%E7%94%BA
特別養護老人ホーム　メープル,特別養護老人ホーム,青森県,六戸町,"介護,特別養護老人ホーム,入所",常時介護が必要で在宅生活が難しい方の生活の場となる施設です。入所条件や待機状況を確認します。,http://meipuru.or.jp/,青森県上北郡六戸町大字上吉田字長谷85番地11,0176-70-1115,厚生労働省オープンデータ,https://www.mhlw.go.jp/content/12300000/jigyosho_510.csv,2025-12末,https://www.google.com/search?q=%E7%89%B9%E5%88%A5%E9%A4%8A%E8%AD%B7%E8%80%81%E4%BA%BA%E3%83%9B%E3%83%BC%E3%83%A0%E3%80%80%E3%83%A1%E3%83%BC%E3%83%97%E3%83%AB%20%E5%85%AD%E6%88%B8%E7%94%BA
特別養護老人ホームなのはな苑,特別養護老人ホーム,青森県,横浜町,"介護,特別養護老人ホーム,入所",常時介護が必要で在宅生活が難しい方の生活の場となる施設です。入所条件や待機状況を確認します。,http://kiboukai.com/,青森県上北郡横浜町字三保野５４番地,0175-78-3407,厚生労働省オープンデータ,https://www.mhlw.go.jp/content/12300000/jigyosho_510.csv,2025-12末,https://www.google.com/search?q=%E7%89%B9%E5%88%A5%E9%A4%8A%E8%AD%B7%E8%80%81%E4%BA%BA%E3%83%9B%E3%83%BC%E3%83%A0%E3%81%AA%E3%81%AE%E3%81%AF%E3%81%AA%E8%8B%91%20%E6%A8%AA%E6%B5%9C%E7%94%BA
特別養護老人ホーム　彩香園アルテリーベ,特別養護老人ホーム,青森県,東北町,"介護,特別養護老人ホーム,入所",常時介護が必要で在宅生活が難しい方の生活の場となる施設です。入所条件や待機状況を確認します。,https://www.akibakai.com,青森県上北郡東北町大字大浦字境ノ沢127,0176-56-2111,厚生労働省オープンデータ,https://www.mhlw.go.jp/content/12300000/jigyosho_510.csv,2025-12末,https://www.google.com/search?q=%E7%89%B9%E5%88%A5%E9%A4%8A%E8%AD%B7%E8%80%81%E4%BA%BA%E3%83%9B%E3%83%BC%E3%83%A0%E3%80%80%E5%BD%A9%E9%A6%99%E5%9C%92%E3%82%A2%E3%83%AB%E3%83%86%E3%83%AA%E3%83%BC%E3%83%99%20%E6%9D%B1%E5%8C%97%E7%94%BA
特別養護老人ホーム松風荘,特別養護老人ホーム,青森県,東北町,"介護,特別養護老人ホーム,入所",常時介護が必要で在宅生活が難しい方の生活の場となる施設です。入所条件や待機状況を確認します。,http://keitokukai-1992.com/shoufusou.html,青森県上北郡東北町字乙供１２３番地,0175-63-2031,厚生労働省オープンデータ,https://www.mhlw.go.jp/content/12300000/jigyosho_510.csv,2025-12末,https://www.google.com/search?q=%E7%89%B9%E5%88%A5%E9%A4%8A%E8%AD%B7%E8%80%81%E4%BA%BA%E3%83%9B%E3%83%BC%E3%83%A0%E6%9D%BE%E9%A2%A8%E8%8D%98%20%E6%9D%B1%E5%8C%97%E7%94%BA
特別養護老人ホ－ム　ぼんてん荘,特別養護老人ホーム,青森県,六ヶ所村,"介護,特別養護老人ホーム,入所",常時介護が必要で在宅生活が難しい方の生活の場となる施設です。入所条件や待機状況を確認します。,http://syouryokushikai.com/,青森県上北郡六ヶ所村大字出戸字棚沢１３０番１６,0175-72-3886,厚生労働省オープンデータ,https://www.mhlw.go.jp/content/12300000/jigyosho_510.csv,2025-12末,https://www.google.com/search?q=%E7%89%B9%E5%88%A5%E9%A4%8A%E8%AD%B7%E8%80%81%E4%BA%BA%E3%83%9B%EF%BC%8D%E3%83%A0%E3%80%80%E3%81%BC%E3%82%93%E3%81%A6%E3%82%93%E8%8D%98%20%E5%85%AD%E3%83%B6%E6%89%80%E6%9D%91
特別養護老人ホーム木崎野荘,特別養護老人ホーム,青森県,おいらせ町,"介護,特別養護老人ホーム,入所",常時介護が必要で在宅生活が難しい方の生活の場となる施設です。入所条件や待機状況を確認します。,http://kizakinosou.jp/,青森県上北郡おいらせ町向山東二丁目2-1263,0178-56-4131,厚生労働省オープンデータ,https://www.mhlw.go.jp/content/12300000/jigyosho_510.csv,2025-12末,https://www.google.com/search?q=%E7%89%B9%E5%88%A5%E9%A4%8A%E8%AD%B7%E8%80%81%E4%BA%BA%E3%83%9B%E3%83%BC%E3%83%A0%E6%9C%A8%E5%B4%8E%E9%87%8E%E8%8D%98%20%E3%81%8A%E3%81%84%E3%82%89%E3%81%9B%E7%94%BA
特別養護老人ホーム百石荘,特別養護老人ホーム,青森県,おいらせ町,"介護,特別養護老人ホーム,入所",常時介護が必要で在宅生活が難しい方の生活の場となる施設です。入所条件や待機状況を確認します。,http://www.momoishiso.or.jp,青森県上北郡おいらせ町沼端３７０番地１,0178-50-1055,厚生労働省オープンデータ,https://www.mhlw.go.jp/content/12300000/jigyosho_510.csv,2025-12末,https://www.google.com/search?q=%E7%89%B9%E5%88%A5%E9%A4%8A%E8%AD%B7%E8%80%81%E4%BA%BA%E3%83%9B%E3%83%BC%E3%83%A0%E7%99%BE%E7%9F%B3%E8%8D%98%20%E3%81%8A%E3%81%84%E3%82%89%E3%81%9B%E7%94%BA
特別養護老人ホームくろまつ,特別養護老人ホーム,青森県,大間町,"介護,特別養護老人ホーム,入所",常時介護が必要で在宅生活が難しい方の生活の場となる施設です。入所条件や待機状況を確認します。,https://www.google.com/search?q=%E7%89%B9%E5%88%A5%E9%A4%8A%E8%AD%B7%E8%80%81%E4%BA%BA%E3%83%9B%E3%83%BC%E3%83%A0%E3%81%8F%E3%82%8D%E3%81%BE%E3%81%A4%20%E5%A4%A7%E9%96%93%E7%94%BA,青森県下北郡大間町大字大間字大間平２０-７８,0175-37-5111,厚生労働省オープンデータ,https://www.mhlw.go.jp/content/12300000/jigyosho_510.csv,2025-12末,https://www.google.com/search?q=%E7%89%B9%E5%88%A5%E9%A4%8A%E8%AD%B7%E8%80%81%E4%BA%BA%E3%83%9B%E3%83%BC%E3%83%A0%E3%81%8F%E3%82%8D%E3%81%BE%E3%81%A4%20%E5%A4%A7%E9%96%93%E7%94%BA
特別養護老人ホーム　ゆうなぎの里,特別養護老人ホーム,青森県,佐井村,"介護,特別養護老人ホーム,入所",常時介護が必要で在宅生活が難しい方の生活の場となる施設です。入所条件や待機状況を確認します。,htt://mirokuen.com/yuunaginosato/,青森県下北郡佐井村大字佐井字原田５５－２,０１７５－３２－２２２０,厚生労働省オープンデータ,https://www.mhlw.go.jp/content/12300000/jigyosho_510.csv,2025-12末,https://www.google.com/search?q=%E7%89%B9%E5%88%A5%E9%A4%8A%E8%AD%B7%E8%80%81%E4%BA%BA%E3%83%9B%E3%83%BC%E3%83%A0%E3%80%80%E3%82%86%E3%81%86%E3%81%AA%E3%81%8E%E3%81%AE%E9%87%8C%20%E4%BD%90%E4%BA%95%E6%9D%91
特別養護老人ホーム鶴亀荘,特別養護老人ホーム,青森県,三戸町,"介護,特別養護老人ホーム,入所",常時介護が必要で在宅生活が難しい方の生活の場となる施設です。入所条件や待機状況を確認します。,www.keisinkai.com/,青森県三戸郡三戸町大字斗内字和田60-1,0179-23-4111,厚生労働省オープンデータ,https://www.mhlw.go.jp/content/12300000/jigyosho_510.csv,2025-12末,https://www.google.com/search?q=%E7%89%B9%E5%88%A5%E9%A4%8A%E8%AD%B7%E8%80%81%E4%BA%BA%E3%83%9B%E3%83%BC%E3%83%A0%E9%B6%B4%E4%BA%80%E8%8D%98%20%E4%B8%89%E6%88%B8%E7%94%BA
ハピネス五戸,特別養護老人ホーム,青森県,五戸町,"介護,特別養護老人ホーム,入所",常時介護が必要で在宅生活が難しい方の生活の場となる施設です。入所条件や待機状況を確認します。,http://family-wf.jp/happiness_gonohe/,青森県三戸郡五戸町字姥堤34番地1,0178-62-7491,厚生労働省オープンデータ,https://www.mhlw.go.jp/content/12300000/jigyosho_510.csv,2025-12末,https://www.google.com/search?q=%E3%83%8F%E3%83%94%E3%83%8D%E3%82%B9%E4%BA%94%E6%88%B8%20%E4%BA%94%E6%88%B8%E7%94%BA
特別養護老人ホームさくら荘,特別養護老人ホーム,青森県,五戸町,"介護,特別養護老人ホーム,入所",常時介護が必要で在宅生活が難しい方の生活の場となる施設です。入所条件や待機状況を確認します。,https://www.sakuraso.or.jp/,青森県三戸郡五戸町大字倉石中市字新山平６４－１,0178-77-2160,厚生労働省オープンデータ,https://www.mhlw.go.jp/content/12300000/jigyosho_510.csv,2025-12末,https://www.google.com/search?q=%E7%89%B9%E5%88%A5%E9%A4%8A%E8%AD%B7%E8%80%81%E4%BA%BA%E3%83%9B%E3%83%BC%E3%83%A0%E3%81%95%E3%81%8F%E3%82%89%E8%8D%98%20%E4%BA%94%E6%88%B8%E7%94%BA
特別養護老人ホームみろく苑,特別養護老人ホーム,青森県,田子町,"介護,特別養護老人ホーム,入所",常時介護が必要で在宅生活が難しい方の生活の場となる施設です。入所条件や待機状況を確認します。,ｈｔｔｐ：//mirokuen.com/,青森県三戸郡田子町大字田子字七日市上ノ平60番地特別養護老人ホームみろく苑,0179-32-3699,厚生労働省オープンデータ,https://www.mhlw.go.jp/content/12300000/jigyosho_510.csv,2025-12末,https://www.google.com/search?q=%E7%89%B9%E5%88%A5%E9%A4%8A%E8%AD%B7%E8%80%81%E4%BA%BA%E3%83%9B%E3%83%BC%E3%83%A0%E3%81%BF%E3%82%8D%E3%81%8F%E8%8B%91%20%E7%94%B0%E5%AD%90%E7%94%BA
特別養護老人ホーム　長老園,特別養護老人ホーム,青森県,南部町,"介護,特別養護老人ホーム,入所",常時介護が必要で在宅生活が難しい方の生活の場となる施設です。入所条件や待機状況を確認します。,http://chorokai.or.jp/,青森県三戸郡南部町大字埖渡字東あかね５-１２５,0178-84-3131,厚生労働省オープンデータ,https://www.mhlw.go.jp/content/12300000/jigyosho_510.csv,2025-12末,https://www.google.com/search?q=%E7%89%B9%E5%88%A5%E9%A4%8A%E8%AD%B7%E8%80%81%E4%BA%BA%E3%83%9B%E3%83%BC%E3%83%A0%E3%80%80%E9%95%B7%E8%80%81%E5%9C%92%20%E5%8D%97%E9%83%A8%E7%94%BA
特別養護老人ホーム三戸老人ホーム,特別養護老人ホーム,青森県,南部町,"介護,特別養護老人ホーム,入所",常時介護が必要で在宅生活が難しい方の生活の場となる施設です。入所条件や待機状況を確認します。,https://www.google.com/search?q=%E7%89%B9%E5%88%A5%E9%A4%8A%E8%AD%B7%E8%80%81%E4%BA%BA%E3%83%9B%E3%83%BC%E3%83%A0%E4%B8%89%E6%88%B8%E8%80%81%E4%BA%BA%E3%83%9B%E3%83%BC%E3%83%A0%20%E5%8D%97%E9%83%A8%E7%94%BA,青森県三戸郡南部町大向字仙ノ木平31-1,0179-22-1215,厚生労働省オープンデータ,https://www.mhlw.go.jp/content/12300000/jigyosho_510.csv,2025-12末,https://www.google.com/search?q=%E7%89%B9%E5%88%A5%E9%A4%8A%E8%AD%B7%E8%80%81%E4%BA%BA%E3%83%9B%E3%83%BC%E3%83%A0%E4%B8%89%E6%88%B8%E8%80%81%E4%BA%BA%E3%83%9B%E3%83%BC%E3%83%A0%20%E5%8D%97%E9%83%A8%E7%94%BA
特別養護老人ホーム　ハピネスながわ,特別養護老人ホーム,青森県,南部町,"介護,特別養護老人ホーム,入所",常時介護が必要で在宅生活が難しい方の生活の場となる施設です。入所条件や待機状況を確認します。,http://family-wf.jp/happiness_nagawa,青森県三戸郡南部町大字下名久井字剣吉前川原1-1,0178-60-5252,厚生労働省オープンデータ,https://www.mhlw.go.jp/content/12300000/jigyosho_510.csv,2025-12末,https://www.google.com/search?q=%E7%89%B9%E5%88%A5%E9%A4%8A%E8%AD%B7%E8%80%81%E4%BA%BA%E3%83%9B%E3%83%BC%E3%83%A0%E3%80%80%E3%83%8F%E3%83%94%E3%83%8D%E3%82%B9%E3%81%AA%E3%81%8C%E3%82%8F%20%E5%8D%97%E9%83%A8%E7%94%BA
特別養護老人ホーム見心園,特別養護老人ホーム,青森県,階上町,"介護,特別養護老人ホーム,入所",常時介護が必要で在宅生活が難しい方の生活の場となる施設です。入所条件や待機状況を確認します。,https://www.kenshinen.jp,青森県三戸郡階上町大字赤保内字道仏道添21-12,0178-88-3355,厚生労働省オープンデータ,https://www.mhlw.go.jp/content/12300000/jigyosho_510.csv,2025-12末,https://www.google.com/search?q=%E7%89%B9%E5%88%A5%E9%A4%8A%E8%AD%B7%E8%80%81%E4%BA%BA%E3%83%9B%E3%83%BC%E3%83%A0%E8%A6%8B%E5%BF%83%E5%9C%92%20%E9%9A%8E%E4%B8%8A%E7%94%BA
特別養護老人ホーム見心園,特別養護老人ホーム,青森県,階上町,"介護,特別養護老人ホーム,入所",常時介護が必要で在宅生活が難しい方の生活の場となる施設です。入所条件や待機状況を確認します。,https://www.kenshinen.jp,青森県三戸郡階上町大字赤保内字道仏道添21-12,0178-88-3355,厚生労働省オープンデータ,https://www.mhlw.go.jp/content/12300000/jigyosho_510.csv,2025-12末,https://www.google.com/search?q=%E7%89%B9%E5%88%A5%E9%A4%8A%E8%AD%B7%E8%80%81%E4%BA%BA%E3%83%9B%E3%83%BC%E3%83%A0%E8%A6%8B%E5%BF%83%E5%9C%92%20%E9%9A%8E%E4%B8%8A%E7%94%BA
ユニット型介護老人保健施設　青照苑,介護老人保健施設,青森県,青森市,"介護,介護老人保健施設,リハビリ",病院退院後すぐ自宅へ戻るのが不安な場合に、リハビリをしながら在宅復帰を目指す施設です。,http://www.jikei-kai.org,青森市羽白字野木和４５,017-788-3000,厚生労働省オープンデータ,https://www.mhlw.go.jp/content/12300000/jigyosho_520.csv,2025-12末,https://www.google.com/search?q=%E3%83%A6%E3%83%8B%E3%83%83%E3%83%88%E5%9E%8B%E4%BB%8B%E8%AD%B7%E8%80%81%E4%BA%BA%E4%BF%9D%E5%81%A5%E6%96%BD%E8%A8%AD%E3%80%80%E9%9D%92%E7%85%A7%E8%8B%91%20%E9%9D%92%E6%A3%AE%E5%B8%82
介護老人保健施設　青森ナーシングライフ,介護老人保健施設,青森県,青森市,"介護,介護老人保健施設,リハビリ",病院退院後すぐ自宅へ戻るのが不安な場合に、リハビリをしながら在宅復帰を目指す施設です。,http://www.keiju-w.or.jp/,青森県青森市大字矢田前字弥生田４７－２,017-726-5211,厚生労働省オープンデータ,https://www.mhlw.go.jp/content/12300000/jigyosho_520.csv,2025-12末,https://www.google.com/search?q=%E4%BB%8B%E8%AD%B7%E8%80%81%E4%BA%BA%E4%BF%9D%E5%81%A5%E6%96%BD%E8%A8%AD%E3%80%80%E9%9D%92%E6%A3%AE%E3%83%8A%E3%83%BC%E3%82%B7%E3%83%B3%E3%82%B0%E3%83%A9%E3%82%A4%E3%83%95%20%E9%9D%92%E6%A3%AE%E5%B8%82
社会福祉法人諏訪ノ森会　介護老人保健施設いちい荘,介護老人保健施設,青森県,青森市,"介護,介護老人保健施設,リハビリ",病院退院後すぐ自宅へ戻るのが不安な場合に、リハビリをしながら在宅復帰を目指す施設です。,https://www.suwanomorikai.com/,青森県青森市大字諏訪沢字丸山７２番地,017-726-3855,厚生労働省オープンデータ,https://www.mhlw.go.jp/content/12300000/jigyosho_520.csv,2025-12末,https://www.google.com/search?q=%E7%A4%BE%E4%BC%9A%E7%A6%8F%E7%A5%89%E6%B3%95%E4%BA%BA%E8%AB%8F%E8%A8%AA%E3%83%8E%E6%A3%AE%E4%BC%9A%E3%80%80%E4%BB%8B%E8%AD%B7%E8%80%81%E4%BA%BA%E4%BF%9D%E5%81%A5%E6%96%BD%E8%A8%AD%E3%81%84%E3%81%A1%E3%81%84%E8%8D%98%20%E9%9D%92%E6%A3%AE%E5%B8%82
青森南老人保健施設甲田苑,介護老人保健施設,青森県,青森市,"介護,介護老人保健施設,リハビリ",病院退院後すぐ自宅へ戻るのが不安な場合に、リハビリをしながら在宅復帰を目指す施設です。,https://www.google.com/search?q=%E9%9D%92%E6%A3%AE%E5%8D%97%E8%80%81%E4%BA%BA%E4%BF%9D%E5%81%A5%E6%96%BD%E8%A8%AD%E7%94%B2%E7%94%B0%E8%8B%91%20%E9%9D%92%E6%A3%AE%E5%B8%82,青森県青森市大字横内字亀井２５９－２,017-728-3939,厚生労働省オープンデータ,https://www.mhlw.go.jp/content/12300000/jigyosho_520.csv,2025-12末,https://www.google.com/search?q=%E9%9D%92%E6%A3%AE%E5%8D%97%E8%80%81%E4%BA%BA%E4%BF%9D%E5%81%A5%E6%96%BD%E8%A8%AD%E7%94%B2%E7%94%B0%E8%8B%91%20%E9%9D%92%E6%A3%AE%E5%B8%82
老人保健施設　すずかけの里,介護老人保健施設,青森県,青森市,"介護,介護老人保健施設,リハビリ",病院退院後すぐ自宅へ戻るのが不安な場合に、リハビリをしながら在宅復帰を目指す施設です。,www.amc-headquarters-med.or.jp,青森県青森市里見2丁目13番１号,017-761-1111,厚生労働省オープンデータ,https://www.mhlw.go.jp/content/12300000/jigyosho_520.csv,2025-12末,https://www.google.com/search?q=%E8%80%81%E4%BA%BA%E4%BF%9D%E5%81%A5%E6%96%BD%E8%A8%AD%E3%80%80%E3%81%99%E3%81%9A%E3%81%8B%E3%81%91%E3%81%AE%E9%87%8C%20%E9%9D%92%E6%A3%AE%E5%B8%82
桐紫苑,介護老人保健施設,青森県,青森市,"介護,介護老人保健施設,リハビリ",病院退院後すぐ自宅へ戻るのが不安な場合に、リハビリをしながら在宅復帰を目指す施設です。,https://www.google.com/search?q=%E6%A1%90%E7%B4%AB%E8%8B%91%20%E9%9D%92%E6%A3%AE%E5%B8%82,青森県青森市大字幸畑字谷脇214-1,017-738-8080,厚生労働省オープンデータ,https://www.mhlw.go.jp/content/12300000/jigyosho_520.csv,2025-12末,https://www.google.com/search?q=%E6%A1%90%E7%B4%AB%E8%8B%91%20%E9%9D%92%E6%A3%AE%E5%B8%82
医療法人芙蓉会　介護老人保健施設ニューライフ芙蓉,介護老人保健施設,青森県,青森市,"介護,介護老人保健施設,リハビリ",病院退院後すぐ自宅へ戻るのが不安な場合に、リハビリをしながら在宅復帰を目指す施設です。,http://www.fuyoukai.or.jp/,青森県青森市妙見3丁目11-14,017-728-2200,厚生労働省オープンデータ,https://www.mhlw.go.jp/content/12300000/jigyosho_520.csv,2025-12末,https://www.google.com/search?q=%E5%8C%BB%E7%99%82%E6%B3%95%E4%BA%BA%E8%8A%99%E8%93%89%E4%BC%9A%E3%80%80%E4%BB%8B%E8%AD%B7%E8%80%81%E4%BA%BA%E4%BF%9D%E5%81%A5%E6%96%BD%E8%A8%AD%E3%83%8B%E3%83%A5%E3%83%BC%E3%83%A9%E3%82%A4%E3%83%95%E8%8A%99%E8%93%89%20%E9%9D%92%E6%A3%AE%E5%B8%82
介護老人保健施設　みちのく青海荘,介護老人保健施設,青森県,青森市,"介護,介護老人保健施設,リハビリ",病院退院後すぐ自宅へ戻るのが不安な場合に、リハビリをしながら在宅復帰を目指す施設です。,m-hakujukai.com,青森県青森市港町三丁目6番3号,017-741-5188,厚生労働省オープンデータ,https://www.mhlw.go.jp/content/12300000/jigyosho_520.csv,2025-12末,https://www.google.com/search?q=%E4%BB%8B%E8%AD%B7%E8%80%81%E4%BA%BA%E4%BF%9D%E5%81%A5%E6%96%BD%E8%A8%AD%E3%80%80%E3%81%BF%E3%81%A1%E3%81%AE%E3%81%8F%E9%9D%92%E6%B5%B7%E8%8D%98%20%E9%9D%92%E6%A3%AE%E5%B8%82
介護老人保健施設ケア・ガーデン青森,介護老人保健施設,青森県,青森市,"介護,介護老人保健施設,リハビリ",病院退院後すぐ自宅へ戻るのが不安な場合に、リハビリをしながら在宅復帰を目指す施設です。,http://www.hokushoukai.com/,青森市古館1丁目2-1,017-744-3311,厚生労働省オープンデータ,https://www.mhlw.go.jp/content/12300000/jigyosho_520.csv,2025-12末,https://www.google.com/search?q=%E4%BB%8B%E8%AD%B7%E8%80%81%E4%BA%BA%E4%BF%9D%E5%81%A5%E6%96%BD%E8%A8%AD%E3%82%B1%E3%82%A2%E3%83%BB%E3%82%AC%E3%83%BC%E3%83%87%E3%83%B3%E9%9D%92%E6%A3%AE%20%E9%9D%92%E6%A3%AE%E5%B8%82
老人保健施設　すずかけの里,介護老人保健施設,青森県,青森市,"介護,介護老人保健施設,リハビリ",病院退院後すぐ自宅へ戻るのが不安な場合に、リハビリをしながら在宅復帰を目指す施設です。,www.amc-headquarters-med.or.jp/suzukake.html,青森県青森市里見2丁目13番1号,017-761-1111,厚生労働省オープンデータ,https://www.mhlw.go.jp/content/12300000/jigyosho_520.csv,2025-12末,https://www.google.com/search?q=%E8%80%81%E4%BA%BA%E4%BF%9D%E5%81%A5%E6%96%BD%E8%A8%AD%E3%80%80%E3%81%99%E3%81%9A%E3%81%8B%E3%81%91%E3%81%AE%E9%87%8C%20%E9%9D%92%E6%A3%AE%E5%B8%82
介護老人保健施設なみおか,介護老人保健施設,青森県,青森市,"介護,介護老人保健施設,リハビリ",病院退院後すぐ自宅へ戻るのが不安な場合に、リハビリをしながら在宅復帰を目指す施設です。,https://www.google.com/search?q=%E4%BB%8B%E8%AD%B7%E8%80%81%E4%BA%BA%E4%BF%9D%E5%81%A5%E6%96%BD%E8%A8%AD%E3%81%AA%E3%81%BF%E3%81%8A%E3%81%8B%20%E9%9D%92%E6%A3%AE%E5%B8%82,青森県青森市浪岡杉沢字山元454-238,0172-69-1120,厚生労働省オープンデータ,https://www.mhlw.go.jp/content/12300000/jigyosho_520.csv,2025-12末,https://www.google.com/search?q=%E4%BB%8B%E8%AD%B7%E8%80%81%E4%BA%BA%E4%BF%9D%E5%81%A5%E6%96%BD%E8%A8%AD%E3%81%AA%E3%81%BF%E3%81%8A%E3%81%8B%20%E9%9D%92%E6%A3%AE%E5%B8%82
介護老人保健施設　希望ヶ丘ホーム,介護老人保健施設,青森県,弘前市,"介護,介護老人保健施設,リハビリ",病院退院後すぐ自宅へ戻るのが不安な場合に、リハビリをしながら在宅復帰を目指す施設です。,http://kibogaoka.net,青森県弘前市大字小沢字山崎４４－９,0172-87-6655,厚生労働省オープンデータ,https://www.mhlw.go.jp/content/12300000/jigyosho_520.csv,2025-12末,https://www.google.com/search?q=%E4%BB%8B%E8%AD%B7%E8%80%81%E4%BA%BA%E4%BF%9D%E5%81%A5%E6%96%BD%E8%A8%AD%E3%80%80%E5%B8%8C%E6%9C%9B%E3%83%B6%E4%B8%98%E3%83%9B%E3%83%BC%E3%83%A0%20%E5%BC%98%E5%89%8D%E5%B8%82
老人保健施設ケアセンター弘前,介護老人保健施設,青森県,弘前市,"介護,介護老人保健施設,リハビリ",病院退院後すぐ自宅へ戻るのが不安な場合に、リハビリをしながら在宅復帰を目指す施設です。,http://tsugarufujimikai.com/,青森県弘前市山崎一丁目３番地７,0172-87-0111,厚生労働省オープンデータ,https://www.mhlw.go.jp/content/12300000/jigyosho_520.csv,2025-12末,https://www.google.com/search?q=%E8%80%81%E4%BA%BA%E4%BF%9D%E5%81%A5%E6%96%BD%E8%A8%AD%E3%82%B1%E3%82%A2%E3%82%BB%E3%83%B3%E3%82%BF%E3%83%BC%E5%BC%98%E5%89%8D%20%E5%BC%98%E5%89%8D%E5%B8%82
介護老人保健施設平成の家,介護老人保健施設,青森県,弘前市,"介護,介護老人保健施設,リハビリ",病院退院後すぐ自宅へ戻るのが不安な場合に、リハビリをしながら在宅復帰を目指す施設です。,http://www.heisei-ie.jp,弘前市大字独狐字石田121番地１,0172-95-3981,厚生労働省オープンデータ,https://www.mhlw.go.jp/content/12300000/jigyosho_520.csv,2025-12末,https://www.google.com/search?q=%E4%BB%8B%E8%AD%B7%E8%80%81%E4%BA%BA%E4%BF%9D%E5%81%A5%E6%96%BD%E8%A8%AD%E5%B9%B3%E6%88%90%E3%81%AE%E5%AE%B6%20%E5%BC%98%E5%89%8D%E5%B8%82
介護老人保健施設　弘前リカバリーセンター,介護老人保健施設,青森県,弘前市,"介護,介護老人保健施設,リハビリ",病院退院後すぐ自宅へ戻るのが不安な場合に、リハビリをしながら在宅復帰を目指す施設です。,https:recovery-center.jp/,青森県弘前市高田1丁目１０－７,0172-27-3322,厚生労働省オープンデータ,https://www.mhlw.go.jp/content/12300000/jigyosho_520.csv,2025-12末,https://www.google.com/search?q=%E4%BB%8B%E8%AD%B7%E8%80%81%E4%BA%BA%E4%BF%9D%E5%81%A5%E6%96%BD%E8%A8%AD%E3%80%80%E5%BC%98%E5%89%8D%E3%83%AA%E3%82%AB%E3%83%90%E3%83%AA%E3%83%BC%E3%82%BB%E3%83%B3%E3%82%BF%E3%83%BC%20%E5%BC%98%E5%89%8D%E5%B8%82
介護老人保健施設　ヴィラ弘前,介護老人保健施設,青森県,弘前市,"介護,介護老人保健施設,リハビリ",病院退院後すぐ自宅へ戻るのが不安な場合に、リハビリをしながら在宅復帰を目指す施設です。,http://cf697202.cloudfree.jp,青森県弘前市大字岩賀２丁目１２－１１,0172-37-7300,厚生労働省オープンデータ,https://www.mhlw.go.jp/content/12300000/jigyosho_520.csv,2025-12末,https://www.google.com/search?q=%E4%BB%8B%E8%AD%B7%E8%80%81%E4%BA%BA%E4%BF%9D%E5%81%A5%E6%96%BD%E8%A8%AD%E3%80%80%E3%83%B4%E3%82%A3%E3%83%A9%E5%BC%98%E5%89%8D%20%E5%BC%98%E5%89%8D%E5%B8%82
介護老人保健施設　幸陽荘,介護老人保健施設,青森県,弘前市,"介護,介護老人保健施設,リハビリ",病院退院後すぐ自宅へ戻るのが不安な場合に、リハビリをしながら在宅復帰を目指す施設です。,http://koyoso.com/,青森県弘前市清野袋字岡部433-1,0172-37-8311,厚生労働省オープンデータ,https://www.mhlw.go.jp/content/12300000/jigyosho_520.csv,2025-12末,https://www.google.com/search?q=%E4%BB%8B%E8%AD%B7%E8%80%81%E4%BA%BA%E4%BF%9D%E5%81%A5%E6%96%BD%E8%A8%AD%E3%80%80%E5%B9%B8%E9%99%BD%E8%8D%98%20%E5%BC%98%E5%89%8D%E5%B8%82
介護老人保健施設　ふじ苑,介護老人保健施設,青森県,弘前市,"介護,介護老人保健施設,リハビリ",病院退院後すぐ自宅へ戻るのが不安な場合に、リハビリをしながら在宅復帰を目指す施設です。,https://www.google.com/search?q=%E4%BB%8B%E8%AD%B7%E8%80%81%E4%BA%BA%E4%BF%9D%E5%81%A5%E6%96%BD%E8%A8%AD%E3%80%80%E3%81%B5%E3%81%98%E8%8B%91%20%E5%BC%98%E5%89%8D%E5%B8%82,青森県弘前市大字土堂字長瀬385－1,0172-38-5550,厚生労働省オープンデータ,https://www.mhlw.go.jp/content/12300000/jigyosho_520.csv,2025-12末,https://www.google.com/search?q=%E4%BB%8B%E8%AD%B7%E8%80%81%E4%BA%BA%E4%BF%9D%E5%81%A5%E6%96%BD%E8%A8%AD%E3%80%80%E3%81%B5%E3%81%98%E8%8B%91%20%E5%BC%98%E5%89%8D%E5%B8%82
介護老人保健施設サンタハウス弘前,介護老人保健施設,青森県,弘前市,"介護,介護老人保健施設,リハビリ",病院退院後すぐ自宅へ戻るのが不安な場合に、リハビリをしながら在宅復帰を目指す施設です。,https://houtokukai.org/,青森県弘前市大字大川字中桜川１８番地１０４号館,0172-99-1133,厚生労働省オープンデータ,https://www.mhlw.go.jp/content/12300000/jigyosho_520.csv,2025-12末,https://www.google.com/search?q=%E4%BB%8B%E8%AD%B7%E8%80%81%E4%BA%BA%E4%BF%9D%E5%81%A5%E6%96%BD%E8%A8%AD%E3%82%B5%E3%83%B3%E3%82%BF%E3%83%8F%E3%82%A6%E3%82%B9%E5%BC%98%E5%89%8D%20%E5%BC%98%E5%89%8D%E5%B8%82
ユニット型介護老人保健施設　サンタハウス弘前,介護老人保健施設,青森県,弘前市,"介護,介護老人保健施設,リハビリ",病院退院後すぐ自宅へ戻るのが不安な場合に、リハビリをしながら在宅復帰を目指す施設です。,https://houtokukai.org/,青森県弘前市大字大川字中桜川１８番地１０４号館,０１７２－９９－１１３３,厚生労働省オープンデータ,https://www.mhlw.go.jp/content/12300000/jigyosho_520.csv,2025-12末,https://www.google.com/search?q=%E3%83%A6%E3%83%8B%E3%83%83%E3%83%88%E5%9E%8B%E4%BB%8B%E8%AD%B7%E8%80%81%E4%BA%BA%E4%BF%9D%E5%81%A5%E6%96%BD%E8%A8%AD%E3%80%80%E3%82%B5%E3%83%B3%E3%82%BF%E3%83%8F%E3%82%A6%E3%82%B9%E5%BC%98%E5%89%8D%20%E5%BC%98%E5%89%8D%E5%B8%82
介護老人保健施設　鳥井野荘,介護老人保健施設,青森県,弘前市,"介護,介護老人保健施設,リハビリ",病院退院後すぐ自宅へ戻るのが不安な場合に、リハビリをしながら在宅復帰を目指す施設です。,http://toriinoso.jp/,青森県弘前市大字鳥井野字長田265番地,0172-82-5600,厚生労働省オープンデータ,https://www.mhlw.go.jp/content/12300000/jigyosho_520.csv,2025-12末,https://www.google.com/search?q=%E4%BB%8B%E8%AD%B7%E8%80%81%E4%BA%BA%E4%BF%9D%E5%81%A5%E6%96%BD%E8%A8%AD%E3%80%80%E9%B3%A5%E4%BA%95%E9%87%8E%E8%8D%98%20%E5%BC%98%E5%89%8D%E5%B8%82
介護老人保健施設はくじゅ,介護老人保健施設,青森県,八戸市,"介護,介護老人保健施設,リハビリ",病院退院後すぐ自宅へ戻るのが不安な場合に、リハビリをしながら在宅復帰を目指す施設です。,http://sg-hakuju.com/,青森県八戸市河原木字北沼２２－３９,0178-28-4001,厚生労働省オープンデータ,https://www.mhlw.go.jp/content/12300000/jigyosho_520.csv,2025-12末,https://www.google.com/search?q=%E4%BB%8B%E8%AD%B7%E8%80%81%E4%BA%BA%E4%BF%9D%E5%81%A5%E6%96%BD%E8%A8%AD%E3%81%AF%E3%81%8F%E3%81%98%E3%82%85%20%E5%85%AB%E6%88%B8%E5%B8%82
介護老人保健施設　ひばりの里,介護老人保健施設,青森県,八戸市,"介護,介護老人保健施設,リハビリ",病院退院後すぐ自宅へ戻るのが不安な場合に、リハビリをしながら在宅復帰を目指す施設です。,https://www.aikeikai-hibari.com/,青森県八戸市大字是川字雲畑９－２,0178-96-1212,厚生労働省オープンデータ,https://www.mhlw.go.jp/content/12300000/jigyosho_520.csv,2025-12末,https://www.google.com/search?q=%E4%BB%8B%E8%AD%B7%E8%80%81%E4%BA%BA%E4%BF%9D%E5%81%A5%E6%96%BD%E8%A8%AD%E3%80%80%E3%81%B2%E3%81%B0%E3%82%8A%E3%81%AE%E9%87%8C%20%E5%85%AB%E6%88%B8%E5%B8%82
サンライフ豊寿苑,介護老人保健施設,青森県,八戸市,"介護,介護老人保健施設,リハビリ",病院退院後すぐ自宅へ戻るのが不安な場合に、リハビリをしながら在宅復帰を目指す施設です。,http://www.jouhoku-hp.jp/,青森県八戸市石堂一丁目14-11,0178-29-3232,厚生労働省オープンデータ,https://www.mhlw.go.jp/content/12300000/jigyosho_520.csv,2025-12末,https://www.google.com/search?q=%E3%82%B5%E3%83%B3%E3%83%A9%E3%82%A4%E3%83%95%E8%B1%8A%E5%AF%BF%E8%8B%91%20%E5%85%AB%E6%88%B8%E5%B8%82
介護老人保健施設　リハビリパーク,介護老人保健施設,青森県,八戸市,"介護,介護老人保健施設,リハビリ",病院退院後すぐ自宅へ戻るのが不安な場合に、リハビリをしながら在宅復帰を目指す施設です。,http://www.rehabili-park.com,青森県八戸市小中野一丁目1-14,0178-47-3000,厚生労働省オープンデータ,https://www.mhlw.go.jp/content/12300000/jigyosho_520.csv,2025-12末,https://www.google.com/search?q=%E4%BB%8B%E8%AD%B7%E8%80%81%E4%BA%BA%E4%BF%9D%E5%81%A5%E6%96%BD%E8%A8%AD%E3%80%80%E3%83%AA%E3%83%8F%E3%83%93%E3%83%AA%E3%83%91%E3%83%BC%E3%82%AF%20%E5%85%AB%E6%88%B8%E5%B8%82
介護老人保健施設　南山苑,介護老人保健施設,青森県,八戸市,"介護,介護老人保健施設,リハビリ",病院退院後すぐ自宅へ戻るのが不安な場合に、リハビリをしながら在宅復帰を目指す施設です。,http://www.seijin.or.jp/,青森県八戸市大字田面木字赤坂24-1,0178-27-3027,厚生労働省オープンデータ,https://www.mhlw.go.jp/content/12300000/jigyosho_520.csv,2025-12末,https://www.google.com/search?q=%E4%BB%8B%E8%AD%B7%E8%80%81%E4%BA%BA%E4%BF%9D%E5%81%A5%E6%96%BD%E8%A8%AD%E3%80%80%E5%8D%97%E5%B1%B1%E8%8B%91%20%E5%85%AB%E6%88%B8%E5%B8%82
ナーシングホームオリーブ,介護老人保健施設,青森県,八戸市,"介護,介護老人保健施設,リハビリ",病院退院後すぐ自宅へ戻るのが不安な場合に、リハビリをしながら在宅復帰を目指す施設です。,http://www.heiwa-hp.or.jp/olv/olv.html,八戸市湊高台二丁目４－６,0178-31-5500,厚生労働省オープンデータ,https://www.mhlw.go.jp/content/12300000/jigyosho_520.csv,2025-12末,https://www.google.com/search?q=%E3%83%8A%E3%83%BC%E3%82%B7%E3%83%B3%E3%82%B0%E3%83%9B%E3%83%BC%E3%83%A0%E3%82%AA%E3%83%AA%E3%83%BC%E3%83%96%20%E5%85%AB%E6%88%B8%E5%B8%82
介護老人保健施設南郷メディエルデプラザ,介護老人保健施設,青森県,八戸市,"介護,介護老人保健施設,リハビリ",病院退院後すぐ自宅へ戻るのが不安な場合に、リハビリをしながら在宅復帰を目指す施設です。,http://www.nanrokukai.com/,青森県八戸市南郷大字島守字阿庄内15番地6,0178-82-2000,厚生労働省オープンデータ,https://www.mhlw.go.jp/content/12300000/jigyosho_520.csv,2025-12末,https://www.google.com/search?q=%E4%BB%8B%E8%AD%B7%E8%80%81%E4%BA%BA%E4%BF%9D%E5%81%A5%E6%96%BD%E8%A8%AD%E5%8D%97%E9%83%B7%E3%83%A1%E3%83%87%E3%82%A3%E3%82%A8%E3%83%AB%E3%83%87%E3%83%97%E3%83%A9%E3%82%B6%20%E5%85%AB%E6%88%B8%E5%B8%82
介護老人保健施設「あしたばの里・黒石」,介護老人保健施設,青森県,黒石市,"介護,介護老人保健施設,リハビリ",病院退院後すぐ自宅へ戻るのが不安な場合に、リハビリをしながら在宅復帰を目指す施設です。,http://www.ashitabanosato.jp,青森県黒石市末広6番地1,0172-53-1213,厚生労働省オープンデータ,https://www.mhlw.go.jp/content/12300000/jigyosho_520.csv,2025-12末,https://www.google.com/search?q=%E4%BB%8B%E8%AD%B7%E8%80%81%E4%BA%BA%E4%BF%9D%E5%81%A5%E6%96%BD%E8%A8%AD%E3%80%8C%E3%81%82%E3%81%97%E3%81%9F%E3%81%B0%E3%81%AE%E9%87%8C%E3%83%BB%E9%BB%92%E7%9F%B3%E3%80%8D%20%E9%BB%92%E7%9F%B3%E5%B8%82
介護老人保健施設緑風苑,介護老人保健施設,青森県,五所川原市,"介護,介護老人保健施設,リハビリ",病院退院後すぐ自宅へ戻るのが不安な場合に、リハビリをしながら在宅復帰を目指す施設です。,http://ryoku.hakuseikai.com/,青森県五所川原市金山字竹崎254,0173-33-4155,厚生労働省オープンデータ,https://www.mhlw.go.jp/content/12300000/jigyosho_520.csv,2025-12末,https://www.google.com/search?q=%E4%BB%8B%E8%AD%B7%E8%80%81%E4%BA%BA%E4%BF%9D%E5%81%A5%E6%96%BD%E8%A8%AD%E7%B7%91%E9%A2%A8%E8%8B%91%20%E4%BA%94%E6%89%80%E5%B7%9D%E5%8E%9F%E5%B8%82
介護老人保健施設　サンライフかなぎ,介護老人保健施設,青森県,五所川原市,"介護,介護老人保健施設,リハビリ",病院退院後すぐ自宅へ戻るのが不安な場合に、リハビリをしながら在宅復帰を目指す施設です。,http://hojyukai.or.jp,青森県五所川原市金木町芦野200番地301,0173-53-3292,厚生労働省オープンデータ,https://www.mhlw.go.jp/content/12300000/jigyosho_520.csv,2025-12末,https://www.google.com/search?q=%E4%BB%8B%E8%AD%B7%E8%80%81%E4%BA%BA%E4%BF%9D%E5%81%A5%E6%96%BD%E8%A8%AD%E3%80%80%E3%82%B5%E3%83%B3%E3%83%A9%E3%82%A4%E3%83%95%E3%81%8B%E3%81%AA%E3%81%8E%20%E4%BA%94%E6%89%80%E5%B7%9D%E5%8E%9F%E5%B8%82
介護老人保健施設　みちのく苑,介護老人保健施設,青森県,十和田市,"介護,介護老人保健施設,リハビリ",病院退院後すぐ自宅へ戻るのが不安な場合に、リハビリをしながら在宅復帰を目指す施設です。,https://www.google.com/search?q=%E4%BB%8B%E8%AD%B7%E8%80%81%E4%BA%BA%E4%BF%9D%E5%81%A5%E6%96%BD%E8%A8%AD%E3%80%80%E3%81%BF%E3%81%A1%E3%81%AE%E3%81%8F%E8%8B%91%20%E5%8D%81%E5%92%8C%E7%94%B0%E5%B8%82,青森県十和田市大字三本木字里ノ沢１－６２,0176-25-1333,厚生労働省オープンデータ,https://www.mhlw.go.jp/content/12300000/jigyosho_520.csv,2025-12末,https://www.google.com/search?q=%E4%BB%8B%E8%AD%B7%E8%80%81%E4%BA%BA%E4%BF%9D%E5%81%A5%E6%96%BD%E8%A8%AD%E3%80%80%E3%81%BF%E3%81%A1%E3%81%AE%E3%81%8F%E8%8B%91%20%E5%8D%81%E5%92%8C%E7%94%B0%E5%B8%82
老人保健施設　みのり苑,介護老人保健施設,青森県,十和田市,"介護,介護老人保健施設,リハビリ",病院退院後すぐ自宅へ戻るのが不安な場合に、リハビリをしながら在宅復帰を目指す施設です。,http://www.fukushinosato.com,青森県十和田市大字切田字横道100-22,0176-25-1100,厚生労働省オープンデータ,https://www.mhlw.go.jp/content/12300000/jigyosho_520.csv,2025-12末,https://www.google.com/search?q=%E8%80%81%E4%BA%BA%E4%BF%9D%E5%81%A5%E6%96%BD%E8%A8%AD%E3%80%80%E3%81%BF%E3%81%AE%E3%82%8A%E8%8B%91%20%E5%8D%81%E5%92%8C%E7%94%B0%E5%B8%82
介護老人保健施設とわだ,介護老人保健施設,青森県,十和田市,"介護,介護老人保健施設,リハビリ",病院退院後すぐ自宅へ戻るのが不安な場合に、リハビリをしながら在宅復帰を目指す施設です。,https://www.facebook.com/sgtowada/,青森県十和田市大字洞内字長田60-6,0176-27-3131,厚生労働省オープンデータ,https://www.mhlw.go.jp/content/12300000/jigyosho_520.csv,2025-12末,https://www.google.com/search?q=%E4%BB%8B%E8%AD%B7%E8%80%81%E4%BA%BA%E4%BF%9D%E5%81%A5%E6%96%BD%E8%A8%AD%E3%81%A8%E3%82%8F%E3%81%A0%20%E5%8D%81%E5%92%8C%E7%94%B0%E5%B8%82
介護老人保健施設ハートランド,介護老人保健施設,青森県,十和田市,"介護,介護老人保健施設,リハビリ",病院退院後すぐ自宅へ戻るのが不安な場合に、リハビリをしながら在宅復帰を目指す施設です。,https://www.sg-heart.or.jp/,十和田市大字相坂字高清水78-450,0176-25-0122,厚生労働省オープンデータ,https://www.mhlw.go.jp/content/12300000/jigyosho_520.csv,2025-12末,https://www.google.com/search?q=%E4%BB%8B%E8%AD%B7%E8%80%81%E4%BA%BA%E4%BF%9D%E5%81%A5%E6%96%BD%E8%A8%AD%E3%83%8F%E3%83%BC%E3%83%88%E3%83%A9%E3%83%B3%E3%83%89%20%E5%8D%81%E5%92%8C%E7%94%B0%E5%B8%82
老人保健施設　やすらぎ苑,介護老人保健施設,青森県,三沢市,"介護,介護老人保健施設,リハビリ",病院退院後すぐ自宅へ戻るのが不安な場合に、リハビリをしながら在宅復帰を目指す施設です。,https://www.dohjinkai-aomori.or.jp/yasuragi,青森県三沢市大字三沢字淋代平１１６－３０９７,0176-59-3784,厚生労働省オープンデータ,https://www.mhlw.go.jp/content/12300000/jigyosho_520.csv,2025-12末,https://www.google.com/search?q=%E8%80%81%E4%BA%BA%E4%BF%9D%E5%81%A5%E6%96%BD%E8%A8%AD%E3%80%80%E3%82%84%E3%81%99%E3%82%89%E3%81%8E%E8%8B%91%20%E4%B8%89%E6%B2%A2%E5%B8%82
老人保健施設シルバーケアセンターむつ,介護老人保健施設,青森県,むつ市,"介護,介護老人保健施設,リハビリ",病院退院後すぐ自宅へ戻るのが不安な場合に、リハビリをしながら在宅復帰を目指す施設です。,https://www.silvercarecenter-mutsu.com/,青森県むつ市中央一丁目18番1号,0175-22-9925,厚生労働省オープンデータ,https://www.mhlw.go.jp/content/12300000/jigyosho_520.csv,2025-12末,https://www.google.com/search?q=%E8%80%81%E4%BA%BA%E4%BF%9D%E5%81%A5%E6%96%BD%E8%A8%AD%E3%82%B7%E3%83%AB%E3%83%90%E3%83%BC%E3%82%B1%E3%82%A2%E3%82%BB%E3%83%B3%E3%82%BF%E3%83%BC%E3%82%80%E3%81%A4%20%E3%82%80%E3%81%A4%E5%B8%82
むつ市介護老人保健施設やげん,介護老人保健施設,青森県,むつ市,"介護,介護老人保健施設,リハビリ",病院退院後すぐ自宅へ戻るのが不安な場合に、リハビリをしながら在宅復帰を目指す施設です。,https://www.google.com/search?q=%E3%82%80%E3%81%A4%E5%B8%82%E4%BB%8B%E8%AD%B7%E8%80%81%E4%BA%BA%E4%BF%9D%E5%81%A5%E6%96%BD%E8%A8%AD%E3%82%84%E3%81%92%E3%82%93%20%E3%82%80%E3%81%A4%E5%B8%82,青森県むつ市大畑町観音堂２５－１国民健康保険大畑診療所内,0175-34-2211,厚生労働省オープンデータ,https://www.mhlw.go.jp/content/12300000/jigyosho_520.csv,2025-12末,https://www.google.com/search?q=%E3%82%80%E3%81%A4%E5%B8%82%E4%BB%8B%E8%AD%B7%E8%80%81%E4%BA%BA%E4%BF%9D%E5%81%A5%E6%96%BD%E8%A8%AD%E3%82%84%E3%81%92%E3%82%93%20%E3%82%80%E3%81%A4%E5%B8%82
介護老人保健施設　はまなす苑,介護老人保健施設,青森県,むつ市,"介護,介護老人保健施設,リハビリ",病院退院後すぐ自宅へ戻るのが不安な場合に、リハビリをしながら在宅復帰を目指す施設です。,hamanasuen.net,青森県むつ市大字奥内字金谷沢１－１６７,0175-26-3333,厚生労働省オープンデータ,https://www.mhlw.go.jp/content/12300000/jigyosho_520.csv,2025-12末,https://www.google.com/search?q=%E4%BB%8B%E8%AD%B7%E8%80%81%E4%BA%BA%E4%BF%9D%E5%81%A5%E6%96%BD%E8%A8%AD%E3%80%80%E3%81%AF%E3%81%BE%E3%81%AA%E3%81%99%E8%8B%91%20%E3%82%80%E3%81%A4%E5%B8%82
介護老人保健施設　えんじゅの里,介護老人保健施設,青森県,つがる市,"介護,介護老人保健施設,リハビリ",病院退院後すぐ自宅へ戻るのが不安な場合に、リハビリをしながら在宅復帰を目指す施設です。,http://www.aomori-seijinkai.or.jp/enju.html,青森県つがる市木造曙82,0173-42-3734,厚生労働省オープンデータ,https://www.mhlw.go.jp/content/12300000/jigyosho_520.csv,2025-12末,https://www.google.com/search?q=%E4%BB%8B%E8%AD%B7%E8%80%81%E4%BA%BA%E4%BF%9D%E5%81%A5%E6%96%BD%E8%A8%AD%E3%80%80%E3%81%88%E3%82%93%E3%81%98%E3%82%85%E3%81%AE%E9%87%8C%20%E3%81%A4%E3%81%8C%E3%82%8B%E5%B8%82
介護老人保健施設三笠ケアセンター,介護老人保健施設,青森県,平川市,"介護,介護老人保健施設,リハビリ",病院退院後すぐ自宅へ戻るのが不安な場合に、リハビリをしながら在宅復帰を目指す施設です。,https://www.mikasaen-hp.com/,青森県平川市館田西和田195番地,0172-44-8811,厚生労働省オープンデータ,https://www.mhlw.go.jp/content/12300000/jigyosho_520.csv,2025-12末,https://www.google.com/search?q=%E4%BB%8B%E8%AD%B7%E8%80%81%E4%BA%BA%E4%BF%9D%E5%81%A5%E6%96%BD%E8%A8%AD%E4%B8%89%E7%AC%A0%E3%82%B1%E3%82%A2%E3%82%BB%E3%83%B3%E3%82%BF%E3%83%BC%20%E5%B9%B3%E5%B7%9D%E5%B8%82
介護老人保健施設のぞみ,介護老人保健施設,青森県,平川市,"介護,介護老人保健施設,リハビリ",病院退院後すぐ自宅へ戻るのが不安な場合に、リハビリをしながら在宅復帰を目指す施設です。,https://www.miraikai.cloud-line.com,青森県平川市李平上山崎54-1,0172-57-5100,厚生労働省オープンデータ,https://www.mhlw.go.jp/content/12300000/jigyosho_520.csv,2025-12末,https://www.google.com/search?q=%E4%BB%8B%E8%AD%B7%E8%80%81%E4%BA%BA%E4%BF%9D%E5%81%A5%E6%96%BD%E8%A8%AD%E3%81%AE%E3%81%9E%E3%81%BF%20%E5%B9%B3%E5%B7%9D%E5%B8%82
一般財団法人　黎明郷　介護老人保健施設　つがる,介護老人保健施設,青森県,平川市,"介護,介護老人保健施設,リハビリ",病院退院後すぐ自宅へ戻るのが不安な場合に、リハビリをしながら在宅復帰を目指す施設です。,https://www.reimeikyou.jp/tsugaru/,青森県平川市碇ヶ関湯向川添30番地,0172-45-3525,厚生労働省オープンデータ,https://www.mhlw.go.jp/content/12300000/jigyosho_520.csv,2025-12末,https://www.google.com/search?q=%E4%B8%80%E8%88%AC%E8%B2%A1%E5%9B%A3%E6%B3%95%E4%BA%BA%E3%80%80%E9%BB%8E%E6%98%8E%E9%83%B7%E3%80%80%E4%BB%8B%E8%AD%B7%E8%80%81%E4%BA%BA%E4%BF%9D%E5%81%A5%E6%96%BD%E8%A8%AD%E3%80%80%E3%81%A4%E3%81%8C%E3%82%8B%20%E5%B9%B3%E5%B7%9D%E5%B8%82
外ヶ浜町介護老人保健施設たんぽぽ,介護老人保健施設,青森県,外ヶ浜町,"介護,介護老人保健施設,リハビリ",病院退院後すぐ自宅へ戻るのが不安な場合に、リハビリをしながら在宅復帰を目指す施設です。,https://www.google.com/search?q=%E5%A4%96%E3%83%B6%E6%B5%9C%E7%94%BA%E4%BB%8B%E8%AD%B7%E8%80%81%E4%BA%BA%E4%BF%9D%E5%81%A5%E6%96%BD%E8%A8%AD%E3%81%9F%E3%82%93%E3%81%BD%E3%81%BD%20%E5%A4%96%E3%83%B6%E6%B5%9C%E7%94%BA,青森県東津軽郡外ヶ浜町下蟹田４２番地１,0174-22-3070,厚生労働省オープンデータ,https://www.mhlw.go.jp/content/12300000/jigyosho_520.csv,2025-12末,https://www.google.com/search?q=%E5%A4%96%E3%83%B6%E6%B5%9C%E7%94%BA%E4%BB%8B%E8%AD%B7%E8%80%81%E4%BA%BA%E4%BF%9D%E5%81%A5%E6%96%BD%E8%A8%AD%E3%81%9F%E3%82%93%E3%81%BD%E3%81%BD%20%E5%A4%96%E3%83%B6%E6%B5%9C%E7%94%BA
老人保健施設ながだい荘,介護老人保健施設,青森県,鰺ヶ沢町,"介護,介護老人保健施設,リハビリ",病院退院後すぐ自宅へ戻るのが不安な場合に、リハビリをしながら在宅復帰を目指す施設です。,http://otowakai.or.jp/,青森県西津軽郡鯵ヶ沢町大字長平町字甲音羽山６５－４１２,0173-72-1122,厚生労働省オープンデータ,https://www.mhlw.go.jp/content/12300000/jigyosho_520.csv,2025-12末,https://www.google.com/search?q=%E8%80%81%E4%BA%BA%E4%BF%9D%E5%81%A5%E6%96%BD%E8%A8%AD%E3%81%AA%E3%81%8C%E3%81%A0%E3%81%84%E8%8D%98%20%E9%B0%BA%E3%83%B6%E6%B2%A2%E7%94%BA
介護老人保健施設しらかみのさと,介護老人保健施設,青森県,深浦町,"介護,介護老人保健施設,リハビリ",病院退院後すぐ自宅へ戻るのが不安な場合に、リハビリをしながら在宅復帰を目指す施設です。,https://www.shirakaminosato.or.jp/,青森県西津軽郡深浦町大字関字小島崎５３－１,0173-84-3111,厚生労働省オープンデータ,https://www.mhlw.go.jp/content/12300000/jigyosho_520.csv,2025-12末,https://www.google.com/search?q=%E4%BB%8B%E8%AD%B7%E8%80%81%E4%BA%BA%E4%BF%9D%E5%81%A5%E6%96%BD%E8%A8%AD%E3%81%97%E3%82%89%E3%81%8B%E3%81%BF%E3%81%AE%E3%81%95%E3%81%A8%20%E6%B7%B1%E6%B5%A6%E7%94%BA
医療法人ときわ会　介護老人保健施設明生園,介護老人保健施設,青森県,藤崎町,"介護,介護老人保健施設,リハビリ",病院退院後すぐ自宅へ戻るのが不安な場合に、リハビリをしながら在宅復帰を目指す施設です。,http://www.tokiwakai.or.jp/,青森県南津軽郡藤崎町大字榊字亀田2-1,0172-65-4066,厚生労働省オープンデータ,https://www.mhlw.go.jp/content/12300000/jigyosho_520.csv,2025-12末,https://www.google.com/search?q=%E5%8C%BB%E7%99%82%E6%B3%95%E4%BA%BA%E3%81%A8%E3%81%8D%E3%82%8F%E4%BC%9A%E3%80%80%E4%BB%8B%E8%AD%B7%E8%80%81%E4%BA%BA%E4%BF%9D%E5%81%A5%E6%96%BD%E8%A8%AD%E6%98%8E%E7%94%9F%E5%9C%92%20%E8%97%A4%E5%B4%8E%E7%94%BA
介護老人保健施設　湖水荘,介護老人保健施設,青森県,鶴田町,"介護,介護老人保健施設,リハビリ",病院退院後すぐ自宅へ戻るのが不安な場合に、リハビリをしながら在宅復帰を目指す施設です。,https://keikyukai.jp,青森県北津軽郡鶴田町大字廻堰字東下山９１番地２,0173-22-5694,厚生労働省オープンデータ,https://www.mhlw.go.jp/content/12300000/jigyosho_520.csv,2025-12末,https://www.google.com/search?q=%E4%BB%8B%E8%AD%B7%E8%80%81%E4%BA%BA%E4%BF%9D%E5%81%A5%E6%96%BD%E8%A8%AD%E3%80%80%E6%B9%96%E6%B0%B4%E8%8D%98%20%E9%B6%B4%E7%94%B0%E7%94%BA
介護老人保健施設　えぼし,介護老人保健施設,青森県,野辺地町,"介護,介護老人保健施設,リハビリ",病院退院後すぐ自宅へ戻るのが不安な場合に、リハビリをしながら在宅復帰を目指す施設です。,www.tenjuen.net,青森県上北郡野辺地町字川目８８－１,0175-65-2666,厚生労働省オープンデータ,https://www.mhlw.go.jp/content/12300000/jigyosho_520.csv,2025-12末,https://www.google.com/search?q=%E4%BB%8B%E8%AD%B7%E8%80%81%E4%BA%BA%E4%BF%9D%E5%81%A5%E6%96%BD%E8%A8%AD%E3%80%80%E3%81%88%E3%81%BC%E3%81%97%20%E9%87%8E%E8%BE%BA%E5%9C%B0%E7%94%BA
介護老人保健施設　のへじ,介護老人保健施設,青森県,野辺地町,"介護,介護老人保健施設,リハビリ",病院退院後すぐ自宅へ戻るのが不安な場合に、リハビリをしながら在宅復帰を目指す施設です。,http://www.fukushinosato.com,青森県上北郡野辺地町字餅粟川原4,0175-65-2333,厚生労働省オープンデータ,https://www.mhlw.go.jp/content/12300000/jigyosho_520.csv,2025-12末,https://www.google.com/search?q=%E4%BB%8B%E8%AD%B7%E8%80%81%E4%BA%BA%E4%BF%9D%E5%81%A5%E6%96%BD%E8%A8%AD%E3%80%80%E3%81%AE%E3%81%B8%E3%81%98%20%E9%87%8E%E8%BE%BA%E5%9C%B0%E7%94%BA
介護老人保健施設　「ナーシングセンター柏葉」,介護老人保健施設,青森県,七戸町,"介護,介護老人保健施設,リハビリ",病院退院後すぐ自宅へ戻るのが不安な場合に、リハビリをしながら在宅復帰を目指す施設です。,http://kenjinkaikashiwaba.jp,青森県上北郡七戸町字笊田川久保100-1,0176-62-2200,厚生労働省オープンデータ,https://www.mhlw.go.jp/content/12300000/jigyosho_520.csv,2025-12末,https://www.google.com/search?q=%E4%BB%8B%E8%AD%B7%E8%80%81%E4%BA%BA%E4%BF%9D%E5%81%A5%E6%96%BD%E8%A8%AD%E3%80%80%E3%80%8C%E3%83%8A%E3%83%BC%E3%82%B7%E3%83%B3%E3%82%B0%E3%82%BB%E3%83%B3%E3%82%BF%E3%83%BC%E6%9F%8F%E8%91%89%E3%80%8D%20%E4%B8%83%E6%88%B8%E7%94%BA
六ヶ所村介護老人保健施設ニッコウキスゲ,介護老人保健施設,青森県,六ヶ所村,"介護,介護老人保健施設,リハビリ",病院退院後すぐ自宅へ戻るのが不安な場合に、リハビリをしながら在宅復帰を目指す施設です。,http://rokkasyo.jadecom.or.jp,青森県上北郡六ヶ所村大字尾駮字野附986-4,0175-73-7200,厚生労働省オープンデータ,https://www.mhlw.go.jp/content/12300000/jigyosho_520.csv,2025-12末,https://www.google.com/search?q=%E5%85%AD%E3%83%B6%E6%89%80%E6%9D%91%E4%BB%8B%E8%AD%B7%E8%80%81%E4%BA%BA%E4%BF%9D%E5%81%A5%E6%96%BD%E8%A8%AD%E3%83%8B%E3%83%83%E3%82%B3%E3%82%A6%E3%82%AD%E3%82%B9%E3%82%B2%20%E5%85%AD%E3%83%B6%E6%89%80%E6%9D%91
介護老人保健施設しもだ,介護老人保健施設,青森県,おいらせ町,"介護,介護老人保健施設,リハビリ",病院退院後すぐ自宅へ戻るのが不安な場合に、リハビリをしながら在宅復帰を目指す施設です。,https://www.sg-shimoda.org/,青森県上北郡おいらせ町山崎２５９２－７,0178-56-4888,厚生労働省オープンデータ,https://www.mhlw.go.jp/content/12300000/jigyosho_520.csv,2025-12末,https://www.google.com/search?q=%E4%BB%8B%E8%AD%B7%E8%80%81%E4%BA%BA%E4%BF%9D%E5%81%A5%E6%96%BD%E8%A8%AD%E3%81%97%E3%82%82%E3%81%A0%20%E3%81%8A%E3%81%84%E3%82%89%E3%81%9B%E7%94%BA
東通村介護老人保健施設「のはなしょうぶ」,介護老人保健施設,青森県,東通村,"介護,介護老人保健施設,リハビリ",病院退院後すぐ自宅へ戻るのが不安な場合に、リハビリをしながら在宅復帰を目指す施設です。,https://higashidori.jadecom.or.jp/,青森県下北郡東通村砂子又字里１７番地２,0175-28-5400,厚生労働省オープンデータ,https://www.mhlw.go.jp/content/12300000/jigyosho_520.csv,2025-12末,https://www.google.com/search?q=%E6%9D%B1%E9%80%9A%E6%9D%91%E4%BB%8B%E8%AD%B7%E8%80%81%E4%BA%BA%E4%BF%9D%E5%81%A5%E6%96%BD%E8%A8%AD%E3%80%8C%E3%81%AE%E3%81%AF%E3%81%AA%E3%81%97%E3%82%87%E3%81%86%E3%81%B6%E3%80%8D%20%E6%9D%B1%E9%80%9A%E6%9D%91
老人保健施設ほほえみ三戸,介護老人保健施設,青森県,三戸町,"介護,介護老人保健施設,リハビリ",病院退院後すぐ自宅へ戻るのが不安な場合に、リハビリをしながら在宅復帰を目指す施設です。,https://hohoemi-sannohe.com,青森県三戸郡三戸町大字同心町字諏訪内１０番地,0179-23-5050,厚生労働省オープンデータ,https://www.mhlw.go.jp/content/12300000/jigyosho_520.csv,2025-12末,https://www.google.com/search?q=%E8%80%81%E4%BA%BA%E4%BF%9D%E5%81%A5%E6%96%BD%E8%A8%AD%E3%81%BB%E3%81%BB%E3%81%88%E3%81%BF%E4%B8%89%E6%88%B8%20%E4%B8%89%E6%88%B8%E7%94%BA
田子町介護老人保健施設老健たっこ,介護老人保健施設,青森県,田子町,"介護,介護老人保健施設,リハビリ",病院退院後すぐ自宅へ戻るのが不安な場合に、リハビリをしながら在宅復帰を目指す施設です。,https://www.town.takko.lg.jp/,青森県三戸郡田子町大字田子字前田２－１７,0179-32-3172,厚生労働省オープンデータ,https://www.mhlw.go.jp/content/12300000/jigyosho_520.csv,2025-12末,https://www.google.com/search?q=%E7%94%B0%E5%AD%90%E7%94%BA%E4%BB%8B%E8%AD%B7%E8%80%81%E4%BA%BA%E4%BF%9D%E5%81%A5%E6%96%BD%E8%A8%AD%E8%80%81%E5%81%A5%E3%81%9F%E3%81%A3%E3%81%93%20%E7%94%B0%E5%AD%90%E7%94%BA
介護老人保健施設なんぶ,介護老人保健施設,青森県,南部町,"介護,介護老人保健施設,リハビリ",病院退院後すぐ自宅へ戻るのが不安な場合に、リハビリをしながら在宅復帰を目指す施設です。,https://www.google.com/search?q=%E4%BB%8B%E8%AD%B7%E8%80%81%E4%BA%BA%E4%BF%9D%E5%81%A5%E6%96%BD%E8%A8%AD%E3%81%AA%E3%82%93%E3%81%B6%20%E5%8D%97%E9%83%A8%E7%94%BA,青森県三戸郡南部町大字沖田面字千刈32-1,0179-34-3260,厚生労働省オープンデータ,https://www.mhlw.go.jp/content/12300000/jigyosho_520.csv,2025-12末,https://www.google.com/search?q=%E4%BB%8B%E8%AD%B7%E8%80%81%E4%BA%BA%E4%BF%9D%E5%81%A5%E6%96%BD%E8%A8%AD%E3%81%AA%E3%82%93%E3%81%B6%20%E5%8D%97%E9%83%A8%E7%94%BA
介護老人保健施設　孔明荘,介護老人保健施設,青森県,南部町,"介護,介護老人保健施設,リハビリ",病院退院後すぐ自宅へ戻るのが不安な場合に、リハビリをしながら在宅復帰を目指す施設です。,http://komeisou.or.jp/,青森県三戸郡南部町大字苫米地字蒼前11番1,0178-84-3333,厚生労働省オープンデータ,https://www.mhlw.go.jp/content/12300000/jigyosho_520.csv,2025-12末,https://www.google.com/search?q=%E4%BB%8B%E8%AD%B7%E8%80%81%E4%BA%BA%E4%BF%9D%E5%81%A5%E6%96%BD%E8%A8%AD%E3%80%80%E5%AD%94%E6%98%8E%E8%8D%98%20%E5%8D%97%E9%83%A8%E7%94%BA
医療法人仁泉会　介護老人保健施設しんごう,介護老人保健施設,青森県,新郷村,"介護,介護老人保健施設,リハビリ",病院退院後すぐ自宅へ戻るのが不安な場合に、リハビリをしながら在宅復帰を目指す施設です。,https://www.google.com/search?q=%E5%8C%BB%E7%99%82%E6%B3%95%E4%BA%BA%E4%BB%81%E6%B3%89%E4%BC%9A%E3%80%80%E4%BB%8B%E8%AD%B7%E8%80%81%E4%BA%BA%E4%BF%9D%E5%81%A5%E6%96%BD%E8%A8%AD%E3%81%97%E3%82%93%E3%81%94%E3%81%86%20%E6%96%B0%E9%83%B7%E6%9D%91,青森県三戸郡新郷村大字戸来字金ヶ沢森ノ下24,0178-78-3181,厚生労働省オープンデータ,https://www.mhlw.go.jp/content/12300000/jigyosho_520.csv,2025-12末,https://www.google.com/search?q=%E5%8C%BB%E7%99%82%E6%B3%95%E4%BA%BA%E4%BB%81%E6%B3%89%E4%BC%9A%E3%80%80%E4%BB%8B%E8%AD%B7%E8%80%81%E4%BA%BA%E4%BF%9D%E5%81%A5%E6%96%BD%E8%A8%AD%E3%81%97%E3%82%93%E3%81%94%E3%81%86%20%E6%96%B0%E9%83%B7%E6%9D%91
特別養護老人ホームつるがさか,地域密着型特別養護老人ホーム,青森県,青森市,"介護,地域密着型特別養護老人ホーム,入所",常時介護が必要で在宅生活が難しい方の生活の場となる施設です。入所条件や待機状況を確認します。,http://care-net.biz/02/tsurugasaka/,青森県青森市大字鶴ヶ坂字田川１８７－９４,０１７－７６３－１０５１,厚生労働省オープンデータ,https://www.mhlw.go.jp/content/12300000/jigyosho_540.csv,2025-12末,https://www.google.com/search?q=%E7%89%B9%E5%88%A5%E9%A4%8A%E8%AD%B7%E8%80%81%E4%BA%BA%E3%83%9B%E3%83%BC%E3%83%A0%E3%81%A4%E3%82%8B%E3%81%8C%E3%81%95%E3%81%8B%20%E9%9D%92%E6%A3%AE%E5%B8%82
特別養護老人ﾎｰﾑ　大野和幸園,地域密着型特別養護老人ホーム,青森県,青森市,"介護,地域密着型特別養護老人ホーム,入所",常時介護が必要で在宅生活が難しい方の生活の場となる施設です。入所条件や待機状況を確認します。,http://www.wakouen.or.jp/,青森県青森市西大野5丁目16番10号,017-752-8020,厚生労働省オープンデータ,https://www.mhlw.go.jp/content/12300000/jigyosho_540.csv,2025-12末,https://www.google.com/search?q=%E7%89%B9%E5%88%A5%E9%A4%8A%E8%AD%B7%E8%80%81%E4%BA%BA%EF%BE%8E%EF%BD%B0%EF%BE%91%E3%80%80%E5%A4%A7%E9%87%8E%E5%92%8C%E5%B9%B8%E5%9C%92%20%E9%9D%92%E6%A3%AE%E5%B8%82
特別養護老人ホームおきだて苑,地域密着型特別養護老人ホーム,青森県,青森市,"介護,地域密着型特別養護老人ホーム,入所",常時介護が必要で在宅生活が難しい方の生活の場となる施設です。入所条件や待機状況を確認します。,https://okidateen-tokuyou.localinfo.jp/,青森市新田1丁目11番3号,017-763-0661,厚生労働省オープンデータ,https://www.mhlw.go.jp/content/12300000/jigyosho_540.csv,2025-12末,https://www.google.com/search?q=%E7%89%B9%E5%88%A5%E9%A4%8A%E8%AD%B7%E8%80%81%E4%BA%BA%E3%83%9B%E3%83%BC%E3%83%A0%E3%81%8A%E3%81%8D%E3%81%A0%E3%81%A6%E8%8B%91%20%E9%9D%92%E6%A3%AE%E5%B8%82
特別養護老人ホ－ム勝田三思園,地域密着型特別養護老人ホーム,青森県,青森市,"介護,地域密着型特別養護老人ホーム,入所",常時介護が必要で在宅生活が難しい方の生活の場となる施設です。入所条件や待機状況を確認します。,https://k-sanshien.site,青森県青森市勝田2丁目20-12,017-763-0036,厚生労働省オープンデータ,https://www.mhlw.go.jp/content/12300000/jigyosho_540.csv,2025-12末,https://www.google.com/search?q=%E7%89%B9%E5%88%A5%E9%A4%8A%E8%AD%B7%E8%80%81%E4%BA%BA%E3%83%9B%EF%BC%8D%E3%83%A0%E5%8B%9D%E7%94%B0%E4%B8%89%E6%80%9D%E5%9C%92%20%E9%9D%92%E6%A3%AE%E5%B8%82
特別養護老人ホームささえ,地域密着型特別養護老人ホーム,青森県,青森市,"介護,地域密着型特別養護老人ホーム,入所",常時介護が必要で在宅生活が難しい方の生活の場となる施設です。入所条件や待機状況を確認します。,sasae@air.ocn.ne.jp,青森県青森市港町3丁目10-36,017-764-0765,厚生労働省オープンデータ,https://www.mhlw.go.jp/content/12300000/jigyosho_540.csv,2025-12末,https://www.google.com/search?q=%E7%89%B9%E5%88%A5%E9%A4%8A%E8%AD%B7%E8%80%81%E4%BA%BA%E3%83%9B%E3%83%BC%E3%83%A0%E3%81%95%E3%81%95%E3%81%88%20%E9%9D%92%E6%A3%AE%E5%B8%82
特別養護老人ホームすこやか苑,地域密着型特別養護老人ホーム,青森県,青森市,"介護,地域密着型特別養護老人ホーム,入所",常時介護が必要で在宅生活が難しい方の生活の場となる施設です。入所条件や待機状況を確認します。,http://sukoyakaen.com/,青森県青森市大字浜館字間瀬85番地6,017-757-8122,厚生労働省オープンデータ,https://www.mhlw.go.jp/content/12300000/jigyosho_540.csv,2025-12末,https://www.google.com/search?q=%E7%89%B9%E5%88%A5%E9%A4%8A%E8%AD%B7%E8%80%81%E4%BA%BA%E3%83%9B%E3%83%BC%E3%83%A0%E3%81%99%E3%81%93%E3%82%84%E3%81%8B%E8%8B%91%20%E9%9D%92%E6%A3%AE%E5%B8%82
特別養護老人ホーム　サンタハウス弘前,地域密着型特別養護老人ホーム,青森県,弘前市,"介護,地域密着型特別養護老人ホーム,入所",常時介護が必要で在宅生活が難しい方の生活の場となる施設です。入所条件や待機状況を確認します。,https://houtokukai.org,青森県弘前市大字大川字中桜川１８番地１０１０号館,0172-99-1122,厚生労働省オープンデータ,https://www.mhlw.go.jp/content/12300000/jigyosho_540.csv,2025-12末,https://www.google.com/search?q=%E7%89%B9%E5%88%A5%E9%A4%8A%E8%AD%B7%E8%80%81%E4%BA%BA%E3%83%9B%E3%83%BC%E3%83%A0%E3%80%80%E3%82%B5%E3%83%B3%E3%82%BF%E3%83%8F%E3%82%A6%E3%82%B9%E5%BC%98%E5%89%8D%20%E5%BC%98%E5%89%8D%E5%B8%82
修光園サテライト,地域密着型特別養護老人ホーム,青森県,八戸市,"介護,地域密着型特別養護老人ホーム,入所",常時介護が必要で在宅生活が難しい方の生活の場となる施設です。入所条件や待機状況を確認します。,shukouen.or.jp,八戸市田向５丁目７－１,0178-20-8415,厚生労働省オープンデータ,https://www.mhlw.go.jp/content/12300000/jigyosho_540.csv,2025-12末,https://www.google.com/search?q=%E4%BF%AE%E5%85%89%E5%9C%92%E3%82%B5%E3%83%86%E3%83%A9%E3%82%A4%E3%83%88%20%E5%85%AB%E6%88%B8%E5%B8%82
特別養護老人ホーム　修光園サテライト,地域密着型特別養護老人ホーム,青森県,八戸市,"介護,地域密着型特別養護老人ホーム,入所",常時介護が必要で在宅生活が難しい方の生活の場となる施設です。入所条件や待機状況を確認します。,shukouen.or.jp,青森県八戸市田向５丁目７－１,0178-20-8415,厚生労働省オープンデータ,https://www.mhlw.go.jp/content/12300000/jigyosho_540.csv,2025-12末,https://www.google.com/search?q=%E7%89%B9%E5%88%A5%E9%A4%8A%E8%AD%B7%E8%80%81%E4%BA%BA%E3%83%9B%E3%83%BC%E3%83%A0%E3%80%80%E4%BF%AE%E5%85%89%E5%9C%92%E3%82%B5%E3%83%86%E3%83%A9%E3%82%A4%E3%83%88%20%E5%85%AB%E6%88%B8%E5%B8%82
特別養護老人ホーム　ハピネスやくら,地域密着型特別養護老人ホーム,青森県,八戸市,"介護,地域密着型特別養護老人ホーム,入所",常時介護が必要で在宅生活が難しい方の生活の場となる施設です。入所条件や待機状況を確認します。,family-wf.jp/happiness-yakura/,青森県八戸市大字八幡字下樋田1番1,０１７８－７０－２５４０,厚生労働省オープンデータ,https://www.mhlw.go.jp/content/12300000/jigyosho_540.csv,2025-12末,https://www.google.com/search?q=%E7%89%B9%E5%88%A5%E9%A4%8A%E8%AD%B7%E8%80%81%E4%BA%BA%E3%83%9B%E3%83%BC%E3%83%A0%E3%80%80%E3%83%8F%E3%83%94%E3%83%8D%E3%82%B9%E3%82%84%E3%81%8F%E3%82%89%20%E5%85%AB%E6%88%B8%E5%B8%82
瑞光園ハイツ白銀台,地域密着型特別養護老人ホーム,青森県,八戸市,"介護,地域密着型特別養護老人ホーム,入所",常時介護が必要で在宅生活が難しい方の生活の場となる施設です。入所条件や待機状況を確認します。,http://www.zuikoen.or.jp,青森県八戸市大字白銀町字姥久保２５番地１,0178-32-6447,厚生労働省オープンデータ,https://www.mhlw.go.jp/content/12300000/jigyosho_540.csv,2025-12末,https://www.google.com/search?q=%E7%91%9E%E5%85%89%E5%9C%92%E3%83%8F%E3%82%A4%E3%83%84%E7%99%BD%E9%8A%80%E5%8F%B0%20%E5%85%AB%E6%88%B8%E5%B8%82
特別養護老人ホーム八戸素心苑,地域密着型特別養護老人ホーム,青森県,八戸市,"介護,地域密着型特別養護老人ホーム,入所",常時介護が必要で在宅生活が難しい方の生活の場となる施設です。入所条件や待機状況を確認します。,http://soshin-en.com/,青森県八戸市大字尻内町字矢沢６２番地１,0178-27-3466,厚生労働省オープンデータ,https://www.mhlw.go.jp/content/12300000/jigyosho_540.csv,2025-12末,https://www.google.com/search?q=%E7%89%B9%E5%88%A5%E9%A4%8A%E8%AD%B7%E8%80%81%E4%BA%BA%E3%83%9B%E3%83%BC%E3%83%A0%E5%85%AB%E6%88%B8%E7%B4%A0%E5%BF%83%E8%8B%91%20%E5%85%AB%E6%88%B8%E5%B8%82
特別養護老人ホーム　ラ・メール白山台,地域密着型特別養護老人ホーム,青森県,八戸市,"介護,地域密着型特別養護老人ホーム,入所",常時介護が必要で在宅生活が難しい方の生活の場となる施設です。入所条件や待機状況を確認します。,http://mirokuen.com/lamer-hakusandai/,青森県八戸市北白山台五丁目2番15号,0178-38-3321,厚生労働省オープンデータ,https://www.mhlw.go.jp/content/12300000/jigyosho_540.csv,2025-12末,https://www.google.com/search?q=%E7%89%B9%E5%88%A5%E9%A4%8A%E8%AD%B7%E8%80%81%E4%BA%BA%E3%83%9B%E3%83%BC%E3%83%A0%E3%80%80%E3%83%A9%E3%83%BB%E3%83%A1%E3%83%BC%E3%83%AB%E7%99%BD%E5%B1%B1%E5%8F%B0%20%E5%85%AB%E6%88%B8%E5%B8%82
特別養護老人ホーム　ラ・メール小中野,地域密着型特別養護老人ホーム,青森県,八戸市,"介護,地域密着型特別養護老人ホーム,入所",常時介護が必要で在宅生活が難しい方の生活の場となる施設です。入所条件や待機状況を確認します。,https://mirokuen.com/,青森県八戸市小中野5丁目10番1号,0178-38-3435,厚生労働省オープンデータ,https://www.mhlw.go.jp/content/12300000/jigyosho_540.csv,2025-12末,https://www.google.com/search?q=%E7%89%B9%E5%88%A5%E9%A4%8A%E8%AD%B7%E8%80%81%E4%BA%BA%E3%83%9B%E3%83%BC%E3%83%A0%E3%80%80%E3%83%A9%E3%83%BB%E3%83%A1%E3%83%BC%E3%83%AB%E5%B0%8F%E4%B8%AD%E9%87%8E%20%E5%85%AB%E6%88%B8%E5%B8%82
特別養護老人ホームクローバーズ・ピア,地域密着型特別養護老人ホーム,青森県,八戸市,"介護,地域密着型特別養護老人ホーム,入所",常時介護が必要で在宅生活が難しい方の生活の場となる施設です。入所条件や待機状況を確認します。,https://www.net-pier.org,青森県八戸市南郷大字市野沢字山陣屋３６－５０,0178-82-3870,厚生労働省オープンデータ,https://www.mhlw.go.jp/content/12300000/jigyosho_540.csv,2025-12末,https://www.google.com/search?q=%E7%89%B9%E5%88%A5%E9%A4%8A%E8%AD%B7%E8%80%81%E4%BA%BA%E3%83%9B%E3%83%BC%E3%83%A0%E3%82%AF%E3%83%AD%E3%83%BC%E3%83%90%E3%83%BC%E3%82%BA%E3%83%BB%E3%83%94%E3%82%A2%20%E5%85%AB%E6%88%B8%E5%B8%82
地域密着型介護老人福祉施設　ことぶき苑,地域密着型特別養護老人ホーム,青森県,五所川原市,"介護,地域密着型特別養護老人ホーム,入所",常時介護が必要で在宅生活が難しい方の生活の場となる施設です。入所条件や待機状況を確認します。,http:/kanou-fukusikai.jp/,青森県五所川原市金木町喜良市桔梗野20-9,0173-54-1520,厚生労働省オープンデータ,https://www.mhlw.go.jp/content/12300000/jigyosho_540.csv,2025-12末,https://www.google.com/search?q=%E5%9C%B0%E5%9F%9F%E5%AF%86%E7%9D%80%E5%9E%8B%E4%BB%8B%E8%AD%B7%E8%80%81%E4%BA%BA%E7%A6%8F%E7%A5%89%E6%96%BD%E8%A8%AD%E3%80%80%E3%81%93%E3%81%A8%E3%81%B6%E3%81%8D%E8%8B%91%20%E4%BA%94%E6%89%80%E5%B7%9D%E5%8E%9F%E5%B8%82
地域密着型特別養護老人ホーム　さくらの里,地域密着型特別養護老人ホーム,青森県,五所川原市,"介護,地域密着型特別養護老人ホーム,入所",常時介護が必要で在宅生活が難しい方の生活の場となる施設です。入所条件や待機状況を確認します。,https://hv37p.hp.peraichi.com,青森県五所川原市大字姥萢字桜木424-1,0173-34-6100,厚生労働省オープンデータ,https://www.mhlw.go.jp/content/12300000/jigyosho_540.csv,2025-12末,https://www.google.com/search?q=%E5%9C%B0%E5%9F%9F%E5%AF%86%E7%9D%80%E5%9E%8B%E7%89%B9%E5%88%A5%E9%A4%8A%E8%AD%B7%E8%80%81%E4%BA%BA%E3%83%9B%E3%83%BC%E3%83%A0%E3%80%80%E3%81%95%E3%81%8F%E3%82%89%E3%81%AE%E9%87%8C%20%E4%BA%94%E6%89%80%E5%B7%9D%E5%8E%9F%E5%B8%82
特別養護老人ホーム　雙葉苑,地域密着型特別養護老人ホーム,青森県,十和田市,"介護,地域密着型特別養護老人ホーム,入所",常時介護が必要で在宅生活が難しい方の生活の場となる施設です。入所条件や待機状況を確認します。,http://shiseikai-1960.or.jp/,青森県十和田市大字三本木字上平２００番地１,0176-22-1055,厚生労働省オープンデータ,https://www.mhlw.go.jp/content/12300000/jigyosho_540.csv,2025-12末,https://www.google.com/search?q=%E7%89%B9%E5%88%A5%E9%A4%8A%E8%AD%B7%E8%80%81%E4%BA%BA%E3%83%9B%E3%83%BC%E3%83%A0%E3%80%80%E9%9B%99%E8%91%89%E8%8B%91%20%E5%8D%81%E5%92%8C%E7%94%B0%E5%B8%82
栄町ぬくもりの家,地域密着型特別養護老人ホーム,青森県,三沢市,"介護,地域密着型特別養護老人ホーム,入所",常時介護が必要で在宅生活が難しい方の生活の場となる施設です。入所条件や待機状況を確認します。,http://www.rakuseikai.or.jp/,青森県三沢市栄町三丁目１２５－１,0176-53-1283,厚生労働省オープンデータ,https://www.mhlw.go.jp/content/12300000/jigyosho_540.csv,2025-12末,https://www.google.com/search?q=%E6%A0%84%E7%94%BA%E3%81%AC%E3%81%8F%E3%82%82%E3%82%8A%E3%81%AE%E5%AE%B6%20%E4%B8%89%E6%B2%A2%E5%B8%82
松原ぬくもりの家,地域密着型特別養護老人ホーム,青森県,三沢市,"介護,地域密着型特別養護老人ホーム,入所",常時介護が必要で在宅生活が難しい方の生活の場となる施設です。入所条件や待機状況を確認します。,http://www.rakuseikai.or.jp/,青森県三沢市松原町1丁目31番3704号,0176-53-3708,厚生労働省オープンデータ,https://www.mhlw.go.jp/content/12300000/jigyosho_540.csv,2025-12末,https://www.google.com/search?q=%E6%9D%BE%E5%8E%9F%E3%81%AC%E3%81%8F%E3%82%82%E3%82%8A%E3%81%AE%E5%AE%B6%20%E4%B8%89%E6%B2%A2%E5%B8%82
特別養護老人ホーム　南山ひばり苑,地域密着型特別養護老人ホーム,青森県,三沢市,"介護,地域密着型特別養護老人ホーム,入所",常時介護が必要で在宅生活が難しい方の生活の場となる施設です。入所条件や待機状況を確認します。,joukoukai.or.jp,三沢市大字三沢字南山６０－１,0176-58-5132,厚生労働省オープンデータ,https://www.mhlw.go.jp/content/12300000/jigyosho_540.csv,2025-12末,https://www.google.com/search?q=%E7%89%B9%E5%88%A5%E9%A4%8A%E8%AD%B7%E8%80%81%E4%BA%BA%E3%83%9B%E3%83%BC%E3%83%A0%E3%80%80%E5%8D%97%E5%B1%B1%E3%81%B2%E3%81%B0%E3%82%8A%E8%8B%91%20%E4%B8%89%E6%B2%A2%E5%B8%82
岡三沢ぬくもりの家,地域密着型特別養護老人ホーム,青森県,三沢市,"介護,地域密着型特別養護老人ホーム,入所",常時介護が必要で在宅生活が難しい方の生活の場となる施設です。入所条件や待機状況を確認します。,http://www.rakuseikai.or.jp/,青森県三沢市岡三沢一丁目1番97,0176-52-6146,厚生労働省オープンデータ,https://www.mhlw.go.jp/content/12300000/jigyosho_540.csv,2025-12末,https://www.google.com/search?q=%E5%B2%A1%E4%B8%89%E6%B2%A2%E3%81%AC%E3%81%8F%E3%82%82%E3%82%8A%E3%81%AE%E5%AE%B6%20%E4%B8%89%E6%B2%A2%E5%B8%82
おおみなと園,地域密着型特別養護老人ホーム,青森県,むつ市,"介護,地域密着型特別養護老人ホーム,入所",常時介護が必要で在宅生活が難しい方の生活の場となる施設です。入所条件や待機状況を確認します。,https://oominatoen.sakuragikai.net,青森県むつ市大湊新町30番10号,0175-28-3535,厚生労働省オープンデータ,https://www.mhlw.go.jp/content/12300000/jigyosho_540.csv,2025-12末,https://www.google.com/search?q=%E3%81%8A%E3%81%8A%E3%81%BF%E3%81%AA%E3%81%A8%E5%9C%92%20%E3%82%80%E3%81%A4%E5%B8%82
特別養護老人ホーム金谷みちのく荘,地域密着型特別養護老人ホーム,青森県,むつ市,"介護,地域密着型特別養護老人ホーム,入所",常時介護が必要で在宅生活が難しい方の生活の場となる施設です。入所条件や待機状況を確認します。,http://www.michinokuso.jp,青森県むつ市金谷２丁目２０－２特別養護老人ホーム金谷みちのく荘,0175-23-0781,厚生労働省オープンデータ,https://www.mhlw.go.jp/content/12300000/jigyosho_540.csv,2025-12末,https://www.google.com/search?q=%E7%89%B9%E5%88%A5%E9%A4%8A%E8%AD%B7%E8%80%81%E4%BA%BA%E3%83%9B%E3%83%BC%E3%83%A0%E9%87%91%E8%B0%B7%E3%81%BF%E3%81%A1%E3%81%AE%E3%81%8F%E8%8D%98%20%E3%82%80%E3%81%A4%E5%B8%82
特別養護老人ホームみちのく荘,地域密着型特別養護老人ホーム,青森県,むつ市,"介護,地域密着型特別養護老人ホーム,入所",常時介護が必要で在宅生活が難しい方の生活の場となる施設です。入所条件や待機状況を確認します。,http://www.michinokuso.or.jp,青森県むつ市十二林11-13,0175-23-7101,厚生労働省オープンデータ,https://www.mhlw.go.jp/content/12300000/jigyosho_540.csv,2025-12末,https://www.google.com/search?q=%E7%89%B9%E5%88%A5%E9%A4%8A%E8%AD%B7%E8%80%81%E4%BA%BA%E3%83%9B%E3%83%BC%E3%83%A0%E3%81%BF%E3%81%A1%E3%81%AE%E3%81%8F%E8%8D%98%20%E3%82%80%E3%81%A4%E5%B8%82
特別養護老人ホームゆうあいの里,地域密着型特別養護老人ホーム,青森県,つがる市,"介護,地域密着型特別養護老人ホーム,入所",常時介護が必要で在宅生活が難しい方の生活の場となる施設です。入所条件や待機状況を確認します。,https://www.google.com/search?q=%E7%89%B9%E5%88%A5%E9%A4%8A%E8%AD%B7%E8%80%81%E4%BA%BA%E3%83%9B%E3%83%BC%E3%83%A0%E3%82%86%E3%81%86%E3%81%82%E3%81%84%E3%81%AE%E9%87%8C%20%E3%81%A4%E3%81%8C%E3%82%8B%E5%B8%82,青森県つがる市豊富町屏風山1番地377,0173-69-5100,厚生労働省オープンデータ,https://www.mhlw.go.jp/content/12300000/jigyosho_540.csv,2025-12末,https://www.google.com/search?q=%E7%89%B9%E5%88%A5%E9%A4%8A%E8%AD%B7%E8%80%81%E4%BA%BA%E3%83%9B%E3%83%BC%E3%83%A0%E3%82%86%E3%81%86%E3%81%82%E3%81%84%E3%81%AE%E9%87%8C%20%E3%81%A4%E3%81%8C%E3%82%8B%E5%B8%82
つがる市社会福祉協議会　特別養護老人ホーム安住の里,地域密着型特別養護老人ホーム,青森県,つがる市,"介護,地域密着型特別養護老人ホーム,入所",常時介護が必要で在宅生活が難しい方の生活の場となる施設です。入所条件や待機状況を確認します。,https://www.google.com/search?q=%E3%81%A4%E3%81%8C%E3%82%8B%E5%B8%82%E7%A4%BE%E4%BC%9A%E7%A6%8F%E7%A5%89%E5%8D%94%E8%AD%B0%E4%BC%9A%E3%80%80%E7%89%B9%E5%88%A5%E9%A4%8A%E8%AD%B7%E8%80%81%E4%BA%BA%E3%83%9B%E3%83%BC%E3%83%A0%E5%AE%89%E4%BD%8F%E3%81%AE%E9%87%8C%20%E3%81%A4%E3%81%8C%E3%82%8B%E5%B8%82,青森県つがる市稲垣町豊川宮川143番地1,0173-46-3100,厚生労働省オープンデータ,https://www.mhlw.go.jp/content/12300000/jigyosho_540.csv,2025-12末,https://www.google.com/search?q=%E3%81%A4%E3%81%8C%E3%82%8B%E5%B8%82%E7%A4%BE%E4%BC%9A%E7%A6%8F%E7%A5%89%E5%8D%94%E8%AD%B0%E4%BC%9A%E3%80%80%E7%89%B9%E5%88%A5%E9%A4%8A%E8%AD%B7%E8%80%81%E4%BA%BA%E3%83%9B%E3%83%BC%E3%83%A0%E5%AE%89%E4%BD%8F%E3%81%AE%E9%87%8C%20%E3%81%A4%E3%81%8C%E3%82%8B%E5%B8%82
特別養護老人ホーム　慶游荘,地域密着型特別養護老人ホーム,青森県,平川市,"介護,地域密着型特別養護老人ホーム,入所",常時介護が必要で在宅生活が難しい方の生活の場となる施設です。入所条件や待機状況を確認します。,http://www.tsugaru-yawaragi.jp,青森県平川市町居山元304-1,0172-44-5011,厚生労働省オープンデータ,https://www.mhlw.go.jp/content/12300000/jigyosho_540.csv,2025-12末,https://www.google.com/search?q=%E7%89%B9%E5%88%A5%E9%A4%8A%E8%AD%B7%E8%80%81%E4%BA%BA%E3%83%9B%E3%83%BC%E3%83%A0%E3%80%80%E6%85%B6%E6%B8%B8%E8%8D%98%20%E5%B9%B3%E5%B7%9D%E5%B8%82
特別養護老人ホームおのえ荘,地域密着型特別養護老人ホーム,青森県,平川市,"介護,地域密着型特別養護老人ホーム,入所",常時介護が必要で在宅生活が難しい方の生活の場となる施設です。入所条件や待機状況を確認します。,http://www.hakuyuukai.com,青森県平川市猿賀池上１００-１,0172-57-3293,厚生労働省オープンデータ,https://www.mhlw.go.jp/content/12300000/jigyosho_540.csv,2025-12末,https://www.google.com/search?q=%E7%89%B9%E5%88%A5%E9%A4%8A%E8%AD%B7%E8%80%81%E4%BA%BA%E3%83%9B%E3%83%BC%E3%83%A0%E3%81%8A%E3%81%AE%E3%81%88%E8%8D%98%20%E5%B9%B3%E5%B7%9D%E5%B8%82
特別養護老人ホーム　はまゆう,地域密着型特別養護老人ホーム,青森県,外ヶ浜町,"介護,地域密着型特別養護老人ホーム,入所",常時介護が必要で在宅生活が難しい方の生活の場となる施設です。入所条件や待機状況を確認します。,http://www.watona-ru.com/,青森県東津軽郡外ヶ浜町字蟹田川原添２番地３,0174-31-1871,厚生労働省オープンデータ,https://www.mhlw.go.jp/content/12300000/jigyosho_540.csv,2025-12末,https://www.google.com/search?q=%E7%89%B9%E5%88%A5%E9%A4%8A%E8%AD%B7%E8%80%81%E4%BA%BA%E3%83%9B%E3%83%BC%E3%83%A0%E3%80%80%E3%81%AF%E3%81%BE%E3%82%86%E3%81%86%20%E5%A4%96%E3%83%B6%E6%B5%9C%E7%94%BA
特別養護老人ホーム桜良(従来型),地域密着型特別養護老人ホーム,青森県,外ヶ浜町,"介護,地域密着型特別養護老人ホーム,入所",常時介護が必要で在宅生活が難しい方の生活の場となる施設です。入所条件や待機状況を確認します。,http://www.fuku-sakura.or.jp,青森県東津軽郡外ヶ浜町字上蟹田６２番地２３特別養護老人ホーム桜良,0174-31-0087,厚生労働省オープンデータ,https://www.mhlw.go.jp/content/12300000/jigyosho_540.csv,2025-12末,https://www.google.com/search?q=%E7%89%B9%E5%88%A5%E9%A4%8A%E8%AD%B7%E8%80%81%E4%BA%BA%E3%83%9B%E3%83%BC%E3%83%A0%E6%A1%9C%E8%89%AF%28%E5%BE%93%E6%9D%A5%E5%9E%8B%29%20%E5%A4%96%E3%83%B6%E6%B5%9C%E7%94%BA
特別養護老人ホーム桜良(ユニット型),地域密着型特別養護老人ホーム,青森県,外ヶ浜町,"介護,地域密着型特別養護老人ホーム,入所",常時介護が必要で在宅生活が難しい方の生活の場となる施設です。入所条件や待機状況を確認します。,http://www.fuku-sakura.or.jp,青森県東津軽郡外ヶ浜町字上蟹田62番地23特別養護老人ホーム桜良,0174-31-0087,厚生労働省オープンデータ,https://www.mhlw.go.jp/content/12300000/jigyosho_540.csv,2025-12末,https://www.google.com/search?q=%E7%89%B9%E5%88%A5%E9%A4%8A%E8%AD%B7%E8%80%81%E4%BA%BA%E3%83%9B%E3%83%BC%E3%83%A0%E6%A1%9C%E8%89%AF%28%E3%83%A6%E3%83%8B%E3%83%83%E3%83%88%E5%9E%8B%29%20%E5%A4%96%E3%83%B6%E6%B5%9C%E7%94%BA
特別養護老人ホーム　ひばり野,地域密着型特別養護老人ホーム,青森県,鰺ヶ沢町,"介護,地域密着型特別養護老人ホーム,入所",常時介護が必要で在宅生活が難しい方の生活の場となる施設です。入所条件や待機状況を確認します。,https://www.google.com/search?q=%E7%89%B9%E5%88%A5%E9%A4%8A%E8%AD%B7%E8%80%81%E4%BA%BA%E3%83%9B%E3%83%BC%E3%83%A0%E3%80%80%E3%81%B2%E3%81%B0%E3%82%8A%E9%87%8E%20%E9%B0%BA%E3%83%B6%E6%B2%A2%E7%94%BA,青森県西津軽郡鯵ヶ沢町大字建石町字雲雀野１２４－１８,０１７３－８２－０７０７,厚生労働省オープンデータ,https://www.mhlw.go.jp/content/12300000/jigyosho_540.csv,2025-12末,https://www.google.com/search?q=%E7%89%B9%E5%88%A5%E9%A4%8A%E8%AD%B7%E8%80%81%E4%BA%BA%E3%83%9B%E3%83%BC%E3%83%A0%E3%80%80%E3%81%B2%E3%81%B0%E3%82%8A%E9%87%8E%20%E9%B0%BA%E3%83%B6%E6%B2%A2%E7%94%BA
特別養護老人ホーム華のさと,地域密着型特別養護老人ホーム,青森県,深浦町,"介護,地域密着型特別養護老人ホーム,入所",常時介護が必要で在宅生活が難しい方の生活の場となる施設です。入所条件や待機状況を確認します。,http://fc09690220192001.web2.blks.jp/hananosato/,青森県西津軽郡深浦町大字広戸字家野上148-2,0173-82-0987,厚生労働省オープンデータ,https://www.mhlw.go.jp/content/12300000/jigyosho_540.csv,2025-12末,https://www.google.com/search?q=%E7%89%B9%E5%88%A5%E9%A4%8A%E8%AD%B7%E8%80%81%E4%BA%BA%E3%83%9B%E3%83%BC%E3%83%A0%E8%8F%AF%E3%81%AE%E3%81%95%E3%81%A8%20%E6%B7%B1%E6%B5%A6%E7%94%BA
特別養護老人ホーム　桃の木,地域密着型特別養護老人ホーム,青森県,深浦町,"介護,地域密着型特別養護老人ホーム,入所",常時介護が必要で在宅生活が難しい方の生活の場となる施設です。入所条件や待機状況を確認します。,https://www.google.com/search?q=%E7%89%B9%E5%88%A5%E9%A4%8A%E8%AD%B7%E8%80%81%E4%BA%BA%E3%83%9B%E3%83%BC%E3%83%A0%E3%80%80%E6%A1%83%E3%81%AE%E6%9C%A8%20%E6%B7%B1%E6%B5%A6%E7%94%BA,青森県西津軽郡深浦町大字深浦字吾妻沢146番地65,0173-84-1630,厚生労働省オープンデータ,https://www.mhlw.go.jp/content/12300000/jigyosho_540.csv,2025-12末,https://www.google.com/search?q=%E7%89%B9%E5%88%A5%E9%A4%8A%E8%AD%B7%E8%80%81%E4%BA%BA%E3%83%9B%E3%83%BC%E3%83%A0%E3%80%80%E6%A1%83%E3%81%AE%E6%9C%A8%20%E6%B7%B1%E6%B5%A6%E7%94%BA
特別養護老人ホームあじゃら,地域密着型特別養護老人ホーム,青森県,大鰐町,"介護,地域密着型特別養護老人ホーム,入所",常時介護が必要で在宅生活が難しい方の生活の場となる施設です。入所条件や待機状況を確認します。,https://www.google.com/search?q=%E7%89%B9%E5%88%A5%E9%A4%8A%E8%AD%B7%E8%80%81%E4%BA%BA%E3%83%9B%E3%83%BC%E3%83%A0%E3%81%82%E3%81%98%E3%82%83%E3%82%89%20%E5%A4%A7%E9%B0%90%E7%94%BA,青森県南津軽郡大鰐町大字虹貝字篠塚３３－７,0172-55-8825,厚生労働省オープンデータ,https://www.mhlw.go.jp/content/12300000/jigyosho_540.csv,2025-12末,https://www.google.com/search?q=%E7%89%B9%E5%88%A5%E9%A4%8A%E8%AD%B7%E8%80%81%E4%BA%BA%E3%83%9B%E3%83%BC%E3%83%A0%E3%81%82%E3%81%98%E3%82%83%E3%82%89%20%E5%A4%A7%E9%B0%90%E7%94%BA
特別養護老人ホームやすらぎの郷,地域密着型特別養護老人ホーム,青森県,田舎館村,"介護,地域密着型特別養護老人ホーム,入所",常時介護が必要で在宅生活が難しい方の生活の場となる施設です。入所条件や待機状況を確認します。,inakadateshakyo@vega.ocn.ne.jp,青森県南津軽郡田舎館村大字畑中字藤巻180番地3号,0172-88-7734,厚生労働省オープンデータ,https://www.mhlw.go.jp/content/12300000/jigyosho_540.csv,2025-12末,https://www.google.com/search?q=%E7%89%B9%E5%88%A5%E9%A4%8A%E8%AD%B7%E8%80%81%E4%BA%BA%E3%83%9B%E3%83%BC%E3%83%A0%E3%82%84%E3%81%99%E3%82%89%E3%81%8E%E3%81%AE%E9%83%B7%20%E7%94%B0%E8%88%8E%E9%A4%A8%E6%9D%91
地域密着型特別養護老人ホーム「鶴のまどい」,地域密着型特別養護老人ホーム,青森県,鶴田町,"介護,地域密着型特別養護老人ホーム,入所",常時介護が必要で在宅生活が難しい方の生活の場となる施設です。入所条件や待機状況を確認します。,http://tsuruta-syakyo.or.jp/,青森県北津軽郡鶴田町大字鶴田字鷹ノ尾３４,0173-23-2355,厚生労働省オープンデータ,https://www.mhlw.go.jp/content/12300000/jigyosho_540.csv,2025-12末,https://www.google.com/search?q=%E5%9C%B0%E5%9F%9F%E5%AF%86%E7%9D%80%E5%9E%8B%E7%89%B9%E5%88%A5%E9%A4%8A%E8%AD%B7%E8%80%81%E4%BA%BA%E3%83%9B%E3%83%BC%E3%83%A0%E3%80%8C%E9%B6%B4%E3%81%AE%E3%81%BE%E3%81%A9%E3%81%84%E3%80%8D%20%E9%B6%B4%E7%94%B0%E7%94%BA
特別養護老人ホーム　きりん館,地域密着型特別養護老人ホーム,青森県,中泊町,"介護,地域密着型特別養護老人ホーム,入所",常時介護が必要で在宅生活が難しい方の生活の場となる施設です。入所条件や待機状況を確認します。,http://uchigata.or.jp/,青森県北津軽郡中泊町大字田茂木字若宮１９３３,0173-58-3181,厚生労働省オープンデータ,https://www.mhlw.go.jp/content/12300000/jigyosho_540.csv,2025-12末,https://www.google.com/search?q=%E7%89%B9%E5%88%A5%E9%A4%8A%E8%AD%B7%E8%80%81%E4%BA%BA%E3%83%9B%E3%83%BC%E3%83%A0%E3%80%80%E3%81%8D%E3%82%8A%E3%82%93%E9%A4%A8%20%E4%B8%AD%E6%B3%8A%E7%94%BA
地域密着型特別養護老人ホーム　森の郷,地域密着型特別養護老人ホーム,青森県,東北町,"介護,地域密着型特別養護老人ホーム,入所",常時介護が必要で在宅生活が難しい方の生活の場となる施設です。入所条件や待機状況を確認します。,http://sinseikai.jp/facilities/morinosato/,青森県上北郡東北町大字大浦字井尻298-22,0176-27-1021,厚生労働省オープンデータ,https://www.mhlw.go.jp/content/12300000/jigyosho_540.csv,2025-12末,https://www.google.com/search?q=%E5%9C%B0%E5%9F%9F%E5%AF%86%E7%9D%80%E5%9E%8B%E7%89%B9%E5%88%A5%E9%A4%8A%E8%AD%B7%E8%80%81%E4%BA%BA%E3%83%9B%E3%83%BC%E3%83%A0%E3%80%80%E6%A3%AE%E3%81%AE%E9%83%B7%20%E6%9D%B1%E5%8C%97%E7%94%BA
特別養護老人ホーム　貴宝園,地域密着型特別養護老人ホーム,青森県,六ヶ所村,"介護,地域密着型特別養護老人ホーム,入所",常時介護が必要で在宅生活が難しい方の生活の場となる施設です。入所条件や待機状況を確認します。,http://care-net.biz/02/kihouen/,青森県上北郡六ヶ所村大字泊字川原75番地97号,0175-76-2227,厚生労働省オープンデータ,https://www.mhlw.go.jp/content/12300000/jigyosho_540.csv,2025-12末,https://www.google.com/search?q=%E7%89%B9%E5%88%A5%E9%A4%8A%E8%AD%B7%E8%80%81%E4%BA%BA%E3%83%9B%E3%83%BC%E3%83%A0%E3%80%80%E8%B2%B4%E5%AE%9D%E5%9C%92%20%E5%85%AD%E3%83%B6%E6%89%80%E6%9D%91
特別養護老人ホーム阿光坊の郷,地域密着型特別養護老人ホーム,青森県,おいらせ町,"介護,地域密着型特別養護老人ホーム,入所",常時介護が必要で在宅生活が難しい方の生活の場となる施設です。入所条件や待機状況を確認します。,http://www.momoishiso.or.jp,青森県上北郡おいらせ町阿光坊105-110,0178-32-7661,厚生労働省オープンデータ,https://www.mhlw.go.jp/content/12300000/jigyosho_540.csv,2025-12末,https://www.google.com/search?q=%E7%89%B9%E5%88%A5%E9%A4%8A%E8%AD%B7%E8%80%81%E4%BA%BA%E3%83%9B%E3%83%BC%E3%83%A0%E9%98%BF%E5%85%89%E5%9D%8A%E3%81%AE%E9%83%B7%20%E3%81%8A%E3%81%84%E3%82%89%E3%81%9B%E7%94%BA
特別養護老人ホームしおさい岬,地域密着型特別養護老人ホーム,青森県,大間町,"介護,地域密着型特別養護老人ホーム,入所",常時介護が必要で在宅生活が難しい方の生活の場となる施設です。入所条件や待機状況を確認します。,http://mirokuen.com/,青森県下北郡大間町大字大間字大間平38番地511,0175-31-1155,厚生労働省オープンデータ,https://www.mhlw.go.jp/content/12300000/jigyosho_540.csv,2025-12末,https://www.google.com/search?q=%E7%89%B9%E5%88%A5%E9%A4%8A%E8%AD%B7%E8%80%81%E4%BA%BA%E3%83%9B%E3%83%BC%E3%83%A0%E3%81%97%E3%81%8A%E3%81%95%E3%81%84%E5%B2%AC%20%E5%A4%A7%E9%96%93%E7%94%BA
社会福祉法人　吉幸会　　特別養護老人ホーム　能舞の里,地域密着型特別養護老人ホーム,青森県,東通村,"介護,地域密着型特別養護老人ホーム,入所",常時介護が必要で在宅生活が難しい方の生活の場となる施設です。入所条件や待機状況を確認します。,http://mirokuen.com/,青森県下北郡東通村大字砂子又字桑原山1番地１０７,0175-28-5171,厚生労働省オープンデータ,https://www.mhlw.go.jp/content/12300000/jigyosho_540.csv,2025-12末,https://www.google.com/search?q=%E7%A4%BE%E4%BC%9A%E7%A6%8F%E7%A5%89%E6%B3%95%E4%BA%BA%E3%80%80%E5%90%89%E5%B9%B8%E4%BC%9A%E3%80%80%E3%80%80%E7%89%B9%E5%88%A5%E9%A4%8A%E8%AD%B7%E8%80%81%E4%BA%BA%E3%83%9B%E3%83%BC%E3%83%A0%E3%80%80%E8%83%BD%E8%88%9E%E3%81%AE%E9%87%8C%20%E6%9D%B1%E9%80%9A%E6%9D%91
特別養護老人ホームいちいの森,地域密着型特別養護老人ホーム,青森県,東通村,"介護,地域密着型特別養護老人ホーム,入所",常時介護が必要で在宅生活が難しい方の生活の場となる施設です。入所条件や待機状況を確認します。,http://mirokuen.com,青森県下北郡東通村大字砂子又字桑原山1番地106特別養護老人ホームいちいの森,0175-33-2640,厚生労働省オープンデータ,https://www.mhlw.go.jp/content/12300000/jigyosho_540.csv,2025-12末,https://www.google.com/search?q=%E7%89%B9%E5%88%A5%E9%A4%8A%E8%AD%B7%E8%80%81%E4%BA%BA%E3%83%9B%E3%83%BC%E3%83%A0%E3%81%84%E3%81%A1%E3%81%84%E3%81%AE%E6%A3%AE%20%E6%9D%B1%E9%80%9A%E6%9D%91
特別養護老人ホーム素心苑,地域密着型特別養護老人ホーム,青森県,五戸町,"介護,地域密着型特別養護老人ホーム,入所",常時介護が必要で在宅生活が難しい方の生活の場となる施設です。入所条件や待機状況を確認します。,http://soshin-en.com/,青森県三戸郡五戸町字古舘向10番地1,0178-51-8188,厚生労働省オープンデータ,https://www.mhlw.go.jp/content/12300000/jigyosho_540.csv,2025-12末,https://www.google.com/search?q=%E7%89%B9%E5%88%A5%E9%A4%8A%E8%AD%B7%E8%80%81%E4%BA%BA%E3%83%9B%E3%83%BC%E3%83%A0%E7%B4%A0%E5%BF%83%E8%8B%91%20%E4%BA%94%E6%88%B8%E7%94%BA
特別養護老人ホーム　ひだまり,地域密着型特別養護老人ホーム,青森県,五戸町,"介護,地域密着型特別養護老人ホーム,入所",常時介護が必要で在宅生活が難しい方の生活の場となる施設です。入所条件や待機状況を確認します。,http://mirokuen.com/,青森県三戸郡五戸町字苗代沢3番660,0178-61-1300,厚生労働省オープンデータ,https://www.mhlw.go.jp/content/12300000/jigyosho_540.csv,2025-12末,https://www.google.com/search?q=%E7%89%B9%E5%88%A5%E9%A4%8A%E8%AD%B7%E8%80%81%E4%BA%BA%E3%83%9B%E3%83%BC%E3%83%A0%E3%80%80%E3%81%B2%E3%81%A0%E3%81%BE%E3%82%8A%20%E4%BA%94%E6%88%B8%E7%94%BA
介護医療院　石木医院,介護医療院,青森県,青森市,"介護,介護医療院,医療,入所",長期的な医療管理と介護の両方が必要な方の入所施設です。,https://www.google.com/search?q=%E4%BB%8B%E8%AD%B7%E5%8C%BB%E7%99%82%E9%99%A2%E3%80%80%E7%9F%B3%E6%9C%A8%E5%8C%BB%E9%99%A2%20%E9%9D%92%E6%A3%AE%E5%B8%82,青森県青森市大字浅虫字蛍谷65番地37,017-752-3015,厚生労働省オープンデータ,https://www.mhlw.go.jp/content/12300000/jigyosho_550.csv,2025-12末,https://www.google.com/search?q=%E4%BB%8B%E8%AD%B7%E5%8C%BB%E7%99%82%E9%99%A2%E3%80%80%E7%9F%B3%E6%9C%A8%E5%8C%BB%E9%99%A2%20%E9%9D%92%E6%A3%AE%E5%B8%82
介護医療院カトレア,介護医療院,青森県,青森市,"介護,介護医療院,医療,入所",長期的な医療管理と介護の両方が必要な方の入所施設です。,https://heigenkai.jp/,高田川瀬110－1,017-739-6100,厚生労働省オープンデータ,https://www.mhlw.go.jp/content/12300000/jigyosho_550.csv,2025-12末,https://www.google.com/search?q=%E4%BB%8B%E8%AD%B7%E5%8C%BB%E7%99%82%E9%99%A2%E3%82%AB%E3%83%88%E3%83%AC%E3%82%A2%20%E9%9D%92%E6%A3%AE%E5%B8%82
介護医療院　白取医院,介護医療院,青森県,青森市,"介護,介護医療院,医療,入所",長期的な医療管理と介護の両方が必要な方の入所施設です。,https://www.google.com/search?q=%E4%BB%8B%E8%AD%B7%E5%8C%BB%E7%99%82%E9%99%A2%E3%80%80%E7%99%BD%E5%8F%96%E5%8C%BB%E9%99%A2%20%E9%9D%92%E6%A3%AE%E5%B8%82,青森県青森市大字高田字川瀬２９４番地９,017-739-2342,厚生労働省オープンデータ,https://www.mhlw.go.jp/content/12300000/jigyosho_550.csv,2025-12末,https://www.google.com/search?q=%E4%BB%8B%E8%AD%B7%E5%8C%BB%E7%99%82%E9%99%A2%E3%80%80%E7%99%BD%E5%8F%96%E5%8C%BB%E9%99%A2%20%E9%9D%92%E6%A3%AE%E5%B8%82
梅村介護医療院,介護医療院,青森県,弘前市,"介護,介護医療院,医療,入所",長期的な医療管理と介護の両方が必要な方の入所施設です。,https://www.google.com/search?q=%E6%A2%85%E6%9D%91%E4%BB%8B%E8%AD%B7%E5%8C%BB%E7%99%82%E9%99%A2%20%E5%BC%98%E5%89%8D%E5%B8%82,青森県弘前市石渡一丁目1番地6,0172-32-3593,厚生労働省オープンデータ,https://www.mhlw.go.jp/content/12300000/jigyosho_550.csv,2025-12末,https://www.google.com/search?q=%E6%A2%85%E6%9D%91%E4%BB%8B%E8%AD%B7%E5%8C%BB%E7%99%82%E9%99%A2%20%E5%BC%98%E5%89%8D%E5%B8%82
医療法人聖誠会オリーブ介護医療院,介護医療院,青森県,弘前市,"介護,介護医療院,医療,入所",長期的な医療管理と介護の両方が必要な方の入所施設です。,http://www.myclinic.ne.jp/ishizawa,青森県弘前市大字新町１５１番地,0172-34-3252,厚生労働省オープンデータ,https://www.mhlw.go.jp/content/12300000/jigyosho_550.csv,2025-12末,https://www.google.com/search?q=%E5%8C%BB%E7%99%82%E6%B3%95%E4%BA%BA%E8%81%96%E8%AA%A0%E4%BC%9A%E3%82%AA%E3%83%AA%E3%83%BC%E3%83%96%E4%BB%8B%E8%AD%B7%E5%8C%BB%E7%99%82%E9%99%A2%20%E5%BC%98%E5%89%8D%E5%B8%82
介護医療院くどう,介護医療院,青森県,弘前市,"介護,介護医療院,医療,入所",長期的な医療管理と介護の両方が必要な方の入所施設です。,https://www.google.com/search?q=%E4%BB%8B%E8%AD%B7%E5%8C%BB%E7%99%82%E9%99%A2%E3%81%8F%E3%81%A9%E3%81%86%20%E5%BC%98%E5%89%8D%E5%B8%82,青森県弘前市大字石川字石川97番地,0172-92-3316,厚生労働省オープンデータ,https://www.mhlw.go.jp/content/12300000/jigyosho_550.csv,2025-12末,https://www.google.com/search?q=%E4%BB%8B%E8%AD%B7%E5%8C%BB%E7%99%82%E9%99%A2%E3%81%8F%E3%81%A9%E3%81%86%20%E5%BC%98%E5%89%8D%E5%B8%82
湊病院介護医療院,介護医療院,青森県,八戸市,"介護,介護医療院,医療,入所",長期的な医療管理と介護の両方が必要な方の入所施設です。,https://www.seishou.jp/careclinic/,青森県八戸市大字新井田字松山下野場7番地15,0178-25-0011,厚生労働省オープンデータ,https://www.mhlw.go.jp/content/12300000/jigyosho_550.csv,2025-12末,https://www.google.com/search?q=%E6%B9%8A%E7%97%85%E9%99%A2%E4%BB%8B%E8%AD%B7%E5%8C%BB%E7%99%82%E9%99%A2%20%E5%85%AB%E6%88%B8%E5%B8%82
みちのく記念病院介護医療院,介護医療院,青森県,八戸市,"介護,介護医療院,医療,入所",長期的な医療管理と介護の両方が必要な方の入所施設です。,https://www.google.com/search?q=%E3%81%BF%E3%81%A1%E3%81%AE%E3%81%8F%E8%A8%98%E5%BF%B5%E7%97%85%E9%99%A2%E4%BB%8B%E8%AD%B7%E5%8C%BB%E7%99%82%E9%99%A2%20%E5%85%AB%E6%88%B8%E5%B8%82,青森県八戸市小中野４丁目１番６０号,0178-22-3999,厚生労働省オープンデータ,https://www.mhlw.go.jp/content/12300000/jigyosho_550.csv,2025-12末,https://www.google.com/search?q=%E3%81%BF%E3%81%A1%E3%81%AE%E3%81%8F%E8%A8%98%E5%BF%B5%E7%97%85%E9%99%A2%E4%BB%8B%E8%AD%B7%E5%8C%BB%E7%99%82%E9%99%A2%20%E5%85%AB%E6%88%B8%E5%B8%82
医療法人慈仁会　尾野病院,介護医療院,青森県,五所川原市,"介護,介護医療院,医療,入所",長期的な医療管理と介護の両方が必要な方の入所施設です。,http://www.ono-hospital.com,青森県五所川原市金木町朝日山453,0173-53-2071,厚生労働省オープンデータ,https://www.mhlw.go.jp/content/12300000/jigyosho_550.csv,2025-12末,https://www.google.com/search?q=%E5%8C%BB%E7%99%82%E6%B3%95%E4%BA%BA%E6%85%88%E4%BB%81%E4%BC%9A%E3%80%80%E5%B0%BE%E9%87%8E%E7%97%85%E9%99%A2%20%E4%BA%94%E6%89%80%E5%B7%9D%E5%8E%9F%E5%B8%82
医療法人誠仁会　介護医療院　尾野病院,介護医療院,青森県,つがる市,"介護,介護医療院,医療,入所",長期的な医療管理と介護の両方が必要な方の入所施設です。,http://www.aomori-seijinkai.or.jp,青森県つがる市木造若竹5,0173-42-2133,厚生労働省オープンデータ,https://www.mhlw.go.jp/content/12300000/jigyosho_550.csv,2025-12末,https://www.google.com/search?q=%E5%8C%BB%E7%99%82%E6%B3%95%E4%BA%BA%E8%AA%A0%E4%BB%81%E4%BC%9A%E3%80%80%E4%BB%8B%E8%AD%B7%E5%8C%BB%E7%99%82%E9%99%A2%E3%80%80%E5%B0%BE%E9%87%8E%E7%97%85%E9%99%A2%20%E3%81%A4%E3%81%8C%E3%82%8B%E5%B8%82
みらい会介護医療院,介護医療院,青森県,平川市,"介護,介護医療院,医療,入所",長期的な医療管理と介護の両方が必要な方の入所施設です。,https://miraikai.cloud-line.com/kaigoiryouinn/,青森県平川市柏木町藤山37-5,0172-44-3100,厚生労働省オープンデータ,https://www.mhlw.go.jp/content/12300000/jigyosho_550.csv,2025-12末,https://www.google.com/search?q=%E3%81%BF%E3%82%89%E3%81%84%E4%BC%9A%E4%BB%8B%E8%AD%B7%E5%8C%BB%E7%99%82%E9%99%A2%20%E5%B9%B3%E5%B7%9D%E5%B8%82
医療法人正恵会　石田温泉病院,介護医療院,青森県,おいらせ町,"介護,介護医療院,医療,入所",長期的な医療管理と介護の両方が必要な方の入所施設です。,https://seikeikai-ao.jp,青森県上北郡おいらせ町上前田２１－１,0178-52-3611,厚生労働省オープンデータ,https://www.mhlw.go.jp/content/12300000/jigyosho_550.csv,2025-12末,https://www.google.com/search?q=%E5%8C%BB%E7%99%82%E6%B3%95%E4%BA%BA%E6%AD%A3%E6%81%B5%E4%BC%9A%E3%80%80%E7%9F%B3%E7%94%B0%E6%B8%A9%E6%B3%89%E7%97%85%E9%99%A2%20%E3%81%8A%E3%81%84%E3%82%89%E3%81%9B%E7%94%BA
共用型認知症対応型デイサービスえにしの家,認知症対応型デイサービス,青森県,青森市,"介護,認知症対応型デイサービス,認知症",日中に通って食事・入浴・機能訓練・見守りなどを受けるサービスです。,https://www.google.com/search?q=%E5%85%B1%E7%94%A8%E5%9E%8B%E8%AA%8D%E7%9F%A5%E7%97%87%E5%AF%BE%E5%BF%9C%E5%9E%8B%E3%83%87%E3%82%A4%E3%82%B5%E3%83%BC%E3%83%93%E3%82%B9%E3%81%88%E3%81%AB%E3%81%97%E3%81%AE%E5%AE%B6%20%E9%9D%92%E6%A3%AE%E5%B8%82,青森市浪岡大字浪岡字佐野１４－１,0172-62-4724,厚生労働省オープンデータ,https://www.mhlw.go.jp/content/12300000/jigyosho_720.csv,2025-12末,https://www.google.com/search?q=%E5%85%B1%E7%94%A8%E5%9E%8B%E8%AA%8D%E7%9F%A5%E7%97%87%E5%AF%BE%E5%BF%9C%E5%9E%8B%E3%83%87%E3%82%A4%E3%82%B5%E3%83%BC%E3%83%93%E3%82%B9%E3%81%88%E3%81%AB%E3%81%97%E3%81%AE%E5%AE%B6%20%E9%9D%92%E6%A3%AE%E5%B8%82
元気町デイサービスセンター,認知症対応型デイサービス,青森県,青森市,"介護,認知症対応型デイサービス,認知症",日中に通って食事・入浴・機能訓練・見守りなどを受けるサービスです。,http://ryokuoukai.net,青森市大字羽白字沢田48番地2,017-763-3091,厚生労働省オープンデータ,https://www.mhlw.go.jp/content/12300000/jigyosho_720.csv,2025-12末,https://www.google.com/search?q=%E5%85%83%E6%B0%97%E7%94%BA%E3%83%87%E3%82%A4%E3%82%B5%E3%83%BC%E3%83%93%E3%82%B9%E3%82%BB%E3%83%B3%E3%82%BF%E3%83%BC%20%E9%9D%92%E6%A3%AE%E5%B8%82
さいとうデイサービス,認知症対応型デイサービス,青森県,青森市,"介護,認知症対応型デイサービス,認知症",日中に通って食事・入浴・機能訓練・見守りなどを受けるサービスです。,https://www.google.com/search?q=%E3%81%95%E3%81%84%E3%81%A8%E3%81%86%E3%83%87%E3%82%A4%E3%82%B5%E3%83%BC%E3%83%93%E3%82%B9%20%E9%9D%92%E6%A3%AE%E5%B8%82,青森県青森市青柳２丁目６番２３号,017-774-0119,厚生労働省オープンデータ,https://www.mhlw.go.jp/content/12300000/jigyosho_720.csv,2025-12末,https://www.google.com/search?q=%E3%81%95%E3%81%84%E3%81%A8%E3%81%86%E3%83%87%E3%82%A4%E3%82%B5%E3%83%BC%E3%83%93%E3%82%B9%20%E9%9D%92%E6%A3%AE%E5%B8%82
デイサービスセンター鷹匠町,認知症対応型デイサービス,青森県,弘前市,"介護,認知症対応型デイサービス,認知症",日中に通って食事・入浴・機能訓練・見守りなどを受けるサービスです。,https://www.google.com/search?q=%E3%83%87%E3%82%A4%E3%82%B5%E3%83%BC%E3%83%93%E3%82%B9%E3%82%BB%E3%83%B3%E3%82%BF%E3%83%BC%E9%B7%B9%E5%8C%A0%E7%94%BA%20%E5%BC%98%E5%89%8D%E5%B8%82,青森県弘前市鷹匠町16-1,0172-39-2200,厚生労働省オープンデータ,https://www.mhlw.go.jp/content/12300000/jigyosho_720.csv,2025-12末,https://www.google.com/search?q=%E3%83%87%E3%82%A4%E3%82%B5%E3%83%BC%E3%83%93%E3%82%B9%E3%82%BB%E3%83%B3%E3%82%BF%E3%83%BC%E9%B7%B9%E5%8C%A0%E7%94%BA%20%E5%BC%98%E5%89%8D%E5%B8%82
デイサービスセンターはるなの家,認知症対応型デイサービス,青森県,弘前市,"介護,認知症対応型デイサービス,認知症",日中に通って食事・入浴・機能訓練・見守りなどを受けるサービスです。,http://www.ichiyoukai.jp/,青森県弘前市大字福村字新舘添５０番地２,0172-28-7661,厚生労働省オープンデータ,https://www.mhlw.go.jp/content/12300000/jigyosho_720.csv,2025-12末,https://www.google.com/search?q=%E3%83%87%E3%82%A4%E3%82%B5%E3%83%BC%E3%83%93%E3%82%B9%E3%82%BB%E3%83%B3%E3%82%BF%E3%83%BC%E3%81%AF%E3%82%8B%E3%81%AA%E3%81%AE%E5%AE%B6%20%E5%BC%98%E5%89%8D%E5%B8%82
デイサービスセンター朝日温泉,認知症対応型デイサービス,青森県,弘前市,"介護,認知症対応型デイサービス,認知症",日中に通って食事・入浴・機能訓練・見守りなどを受けるサービスです。,https://www.google.com/search?q=%E3%83%87%E3%82%A4%E3%82%B5%E3%83%BC%E3%83%93%E3%82%B9%E3%82%BB%E3%83%B3%E3%82%BF%E3%83%BC%E6%9C%9D%E6%97%A5%E6%B8%A9%E6%B3%89%20%E5%BC%98%E5%89%8D%E5%B8%82,弘前市福田巻屋4-1,0172-29-4141,厚生労働省オープンデータ,https://www.mhlw.go.jp/content/12300000/jigyosho_720.csv,2025-12末,https://www.google.com/search?q=%E3%83%87%E3%82%A4%E3%82%B5%E3%83%BC%E3%83%93%E3%82%B9%E3%82%BB%E3%83%B3%E3%82%BF%E3%83%BC%E6%9C%9D%E6%97%A5%E6%B8%A9%E6%B3%89%20%E5%BC%98%E5%89%8D%E5%B8%82
通所介護事業　パインハウス岩木,認知症対応型デイサービス,青森県,弘前市,"介護,認知症対応型デイサービス,認知症",日中に通って食事・入浴・機能訓練・見守りなどを受けるサービスです。,https://gakuyokai.jp/,青森県弘前市大字賀田二丁目4番地2,0172-82-3330,厚生労働省オープンデータ,https://www.mhlw.go.jp/content/12300000/jigyosho_720.csv,2025-12末,https://www.google.com/search?q=%E9%80%9A%E6%89%80%E4%BB%8B%E8%AD%B7%E4%BA%8B%E6%A5%AD%E3%80%80%E3%83%91%E3%82%A4%E3%83%B3%E3%83%8F%E3%82%A6%E3%82%B9%E5%B2%A9%E6%9C%A8%20%E5%BC%98%E5%89%8D%E5%B8%82
八戸医療生活協同組合　デイサービスセンターさるかどした,認知症対応型デイサービス,青森県,八戸市,"介護,認知症対応型デイサービス,認知症",日中に通って食事・入浴・機能訓練・見守りなどを受けるサービスです。,http://www.hachinohe-iryou.jp/,青森県八戸市南類家1丁目13－7,0178-44-8488,厚生労働省オープンデータ,https://www.mhlw.go.jp/content/12300000/jigyosho_720.csv,2025-12末,https://www.google.com/search?q=%E5%85%AB%E6%88%B8%E5%8C%BB%E7%99%82%E7%94%9F%E6%B4%BB%E5%8D%94%E5%90%8C%E7%B5%84%E5%90%88%E3%80%80%E3%83%87%E3%82%A4%E3%82%B5%E3%83%BC%E3%83%93%E3%82%B9%E3%82%BB%E3%83%B3%E3%82%BF%E3%83%BC%E3%81%95%E3%82%8B%E3%81%8B%E3%81%A9%E3%81%97%E3%81%9F%20%E5%85%AB%E6%88%B8%E5%B8%82
共用型デイサービスすみれ,認知症対応型デイサービス,青森県,八戸市,"介護,認知症対応型デイサービス,認知症",日中に通って食事・入浴・機能訓練・見守りなどを受けるサービスです。,https://www.google.com/search?q=%E5%85%B1%E7%94%A8%E5%9E%8B%E3%83%87%E3%82%A4%E3%82%B5%E3%83%BC%E3%83%93%E3%82%B9%E3%81%99%E3%81%BF%E3%82%8C%20%E5%85%AB%E6%88%B8%E5%B8%82,青森県八戸市江陽5丁目７－２４グループホーム舟見町,0178-73-5725,厚生労働省オープンデータ,https://www.mhlw.go.jp/content/12300000/jigyosho_720.csv,2025-12末,https://www.google.com/search?q=%E5%85%B1%E7%94%A8%E5%9E%8B%E3%83%87%E3%82%A4%E3%82%B5%E3%83%BC%E3%83%93%E3%82%B9%E3%81%99%E3%81%BF%E3%82%8C%20%E5%85%AB%E6%88%B8%E5%B8%82
福寿草デイサービスセンター,認知症対応型デイサービス,青森県,八戸市,"介護,認知症対応型デイサービス,認知症",日中に通って食事・入浴・機能訓練・見守りなどを受けるサービスです。,http://www.fukujuso.or.jp/,青森県八戸市大字妙字西平６番19,0178-25-8181,厚生労働省オープンデータ,https://www.mhlw.go.jp/content/12300000/jigyosho_720.csv,2025-12末,https://www.google.com/search?q=%E7%A6%8F%E5%AF%BF%E8%8D%89%E3%83%87%E3%82%A4%E3%82%B5%E3%83%BC%E3%83%93%E3%82%B9%E3%82%BB%E3%83%B3%E3%82%BF%E3%83%BC%20%E5%85%AB%E6%88%B8%E5%B8%82
介護老人保健施設　南山苑,認知症対応型デイサービス,青森県,八戸市,"介護,認知症対応型デイサービス,認知症",日中に通って食事・入浴・機能訓練・見守りなどを受けるサービスです。,http://www.seijin.or.jp,青森県八戸市大字田面木字赤坂24-1,0178-27-3009,厚生労働省オープンデータ,https://www.mhlw.go.jp/content/12300000/jigyosho_720.csv,2025-12末,https://www.google.com/search?q=%E4%BB%8B%E8%AD%B7%E8%80%81%E4%BA%BA%E4%BF%9D%E5%81%A5%E6%96%BD%E8%A8%AD%E3%80%80%E5%8D%97%E5%B1%B1%E8%8B%91%20%E5%85%AB%E6%88%B8%E5%B8%82
地域密着型通所介護きずな,認知症対応型デイサービス,青森県,八戸市,"介護,認知症対応型デイサービス,認知症",日中に通って食事・入浴・機能訓練・見守りなどを受けるサービスです。,http://www.sg-miyagikai.jp/,八戸市大字売市字観音下３番２,0178-71-2270,厚生労働省オープンデータ,https://www.mhlw.go.jp/content/12300000/jigyosho_720.csv,2025-12末,https://www.google.com/search?q=%E5%9C%B0%E5%9F%9F%E5%AF%86%E7%9D%80%E5%9E%8B%E9%80%9A%E6%89%80%E4%BB%8B%E8%AD%B7%E3%81%8D%E3%81%9A%E3%81%AA%20%E5%85%AB%E6%88%B8%E5%B8%82
石堂さくら通りしおん,認知症対応型デイサービス,青森県,八戸市,"介護,認知症対応型デイサービス,認知症",日中に通って食事・入浴・機能訓練・見守りなどを受けるサービスです。,https://jurakuso.sakura.ne.jp/,青森県八戸市石堂２丁目２９－７,0178-51-2282,厚生労働省オープンデータ,https://www.mhlw.go.jp/content/12300000/jigyosho_720.csv,2025-12末,https://www.google.com/search?q=%E7%9F%B3%E5%A0%82%E3%81%95%E3%81%8F%E3%82%89%E9%80%9A%E3%82%8A%E3%81%97%E3%81%8A%E3%82%93%20%E5%85%AB%E6%88%B8%E5%B8%82
結び家,認知症対応型デイサービス,青森県,八戸市,"介護,認知症対応型デイサービス,認知症",日中に通って食事・入浴・機能訓練・見守りなどを受けるサービスです。,https://www.kokorosukoyaka.com,青森県八戸市尻内町島田13-1結び家,0178-51-6131,厚生労働省オープンデータ,https://www.mhlw.go.jp/content/12300000/jigyosho_720.csv,2025-12末,https://www.google.com/search?q=%E7%B5%90%E3%81%B3%E5%AE%B6%20%E5%85%AB%E6%88%B8%E5%B8%82
グループホーム南部山さきおりの家,認知症対応型デイサービス,青森県,八戸市,"介護,認知症対応型デイサービス,認知症",日中に通って食事・入浴・機能訓練・見守りなどを受けるサービスです。,https://sunrise-team.com,青森県八戸市河原木字平5-2,0178-21-2393,厚生労働省オープンデータ,https://www.mhlw.go.jp/content/12300000/jigyosho_720.csv,2025-12末,https://www.google.com/search?q=%E3%82%B0%E3%83%AB%E3%83%BC%E3%83%97%E3%83%9B%E3%83%BC%E3%83%A0%E5%8D%97%E9%83%A8%E5%B1%B1%E3%81%95%E3%81%8D%E3%81%8A%E3%82%8A%E3%81%AE%E5%AE%B6%20%E5%85%AB%E6%88%B8%E5%B8%82
共用デイ　グループホームかっこうの森ぬまだて,認知症対応型デイサービス,青森県,八戸市,"介護,認知症対応型デイサービス,認知症",日中に通って食事・入浴・機能訓練・見守りなどを受けるサービスです。,https://www.google.com/search?q=%E5%85%B1%E7%94%A8%E3%83%87%E3%82%A4%E3%80%80%E3%82%B0%E3%83%AB%E3%83%BC%E3%83%97%E3%83%9B%E3%83%BC%E3%83%A0%E3%81%8B%E3%81%A3%E3%81%93%E3%81%86%E3%81%AE%E6%A3%AE%E3%81%AC%E3%81%BE%E3%81%A0%E3%81%A6%20%E5%85%AB%E6%88%B8%E5%B8%82,青森県八戸市沼館１丁目１０－１３,０１７８－７３－２５１５,厚生労働省オープンデータ,https://www.mhlw.go.jp/content/12300000/jigyosho_720.csv,2025-12末,https://www.google.com/search?q=%E5%85%B1%E7%94%A8%E3%83%87%E3%82%A4%E3%80%80%E3%82%B0%E3%83%AB%E3%83%BC%E3%83%97%E3%83%9B%E3%83%BC%E3%83%A0%E3%81%8B%E3%81%A3%E3%81%93%E3%81%86%E3%81%AE%E6%A3%AE%E3%81%AC%E3%81%BE%E3%81%A0%E3%81%A6%20%E5%85%AB%E6%88%B8%E5%B8%82
デイサービスAKYまえだ希望,認知症対応型デイサービス,青森県,黒石市,"介護,認知症対応型デイサービス,認知症",日中に通って食事・入浴・機能訓練・見守りなどを受けるサービスです。,https://www.google.com/search?q=%E3%83%87%E3%82%A4%E3%82%B5%E3%83%BC%E3%83%93%E3%82%B9AKY%E3%81%BE%E3%81%88%E3%81%A0%E5%B8%8C%E6%9C%9B%20%E9%BB%92%E7%9F%B3%E5%B8%82,青森県黒石市追子野木３丁目２１５番地１,0172-55-6786,厚生労働省オープンデータ,https://www.mhlw.go.jp/content/12300000/jigyosho_720.csv,2025-12末,https://www.google.com/search?q=%E3%83%87%E3%82%A4%E3%82%B5%E3%83%BC%E3%83%93%E3%82%B9AKY%E3%81%BE%E3%81%88%E3%81%A0%E5%B8%8C%E6%9C%9B%20%E9%BB%92%E7%9F%B3%E5%B8%82
青山荘デイサービスセンター,認知症対応型デイサービス,青森県,五所川原市,"介護,認知症対応型デイサービス,認知症",日中に通って食事・入浴・機能訓練・見守りなどを受けるサービスです。,http://www.seizanso.or.jp/,青森県五所川原市大字金山字盛山４２－８,0173-35-5225,厚生労働省オープンデータ,https://www.mhlw.go.jp/content/12300000/jigyosho_720.csv,2025-12末,https://www.google.com/search?q=%E9%9D%92%E5%B1%B1%E8%8D%98%E3%83%87%E3%82%A4%E3%82%B5%E3%83%BC%E3%83%93%E3%82%B9%E3%82%BB%E3%83%B3%E3%82%BF%E3%83%BC%20%E4%BA%94%E6%89%80%E5%B7%9D%E5%8E%9F%E5%B8%82
高齢者グループホーム憩いの家,認知症対応型デイサービス,青森県,五所川原市,"介護,認知症対応型デイサービス,認知症",日中に通って食事・入浴・機能訓練・見守りなどを受けるサービスです。,http:/norita-group.com/,五所川原市字一ツ谷５５４番地１０,0173-33-4301,厚生労働省オープンデータ,https://www.mhlw.go.jp/content/12300000/jigyosho_720.csv,2025-12末,https://www.google.com/search?q=%E9%AB%98%E9%BD%A2%E8%80%85%E3%82%B0%E3%83%AB%E3%83%BC%E3%83%97%E3%83%9B%E3%83%BC%E3%83%A0%E6%86%A9%E3%81%84%E3%81%AE%E5%AE%B6%20%E4%BA%94%E6%89%80%E5%B7%9D%E5%8E%9F%E5%B8%82
デイサービスセンターみちのくの里,認知症対応型デイサービス,青森県,十和田市,"介護,認知症対応型デイサービス,認知症",日中に通って食事・入浴・機能訓練・見守りなどを受けるサービスです。,https://www.google.com/search?q=%E3%83%87%E3%82%A4%E3%82%B5%E3%83%BC%E3%83%93%E3%82%B9%E3%82%BB%E3%83%B3%E3%82%BF%E3%83%BC%E3%81%BF%E3%81%A1%E3%81%AE%E3%81%8F%E3%81%AE%E9%87%8C%20%E5%8D%81%E5%92%8C%E7%94%B0%E5%B8%82,青森県十和田市大字三本木字里ノ沢１番５６９号,0176-20-2822,厚生労働省オープンデータ,https://www.mhlw.go.jp/content/12300000/jigyosho_720.csv,2025-12末,https://www.google.com/search?q=%E3%83%87%E3%82%A4%E3%82%B5%E3%83%BC%E3%83%93%E3%82%B9%E3%82%BB%E3%83%B3%E3%82%BF%E3%83%BC%E3%81%BF%E3%81%A1%E3%81%AE%E3%81%8F%E3%81%AE%E9%87%8C%20%E5%8D%81%E5%92%8C%E7%94%B0%E5%B8%82
指定地域密着型サービス認知症対応型通所介護施設　ポプラの家,認知症対応型デイサービス,青森県,三沢市,"介護,認知症対応型デイサービス,認知症",日中に通って食事・入浴・機能訓練・見守りなどを受けるサービスです。,https://www.google.com/search?q=%E6%8C%87%E5%AE%9A%E5%9C%B0%E5%9F%9F%E5%AF%86%E7%9D%80%E5%9E%8B%E3%82%B5%E3%83%BC%E3%83%93%E3%82%B9%E8%AA%8D%E7%9F%A5%E7%97%87%E5%AF%BE%E5%BF%9C%E5%9E%8B%E9%80%9A%E6%89%80%E4%BB%8B%E8%AD%B7%E6%96%BD%E8%A8%AD%E3%80%80%E3%83%9D%E3%83%97%E3%83%A9%E3%81%AE%E5%AE%B6%20%E4%B8%89%E6%B2%A2%E5%B8%82,青森県三沢市大字三沢字南山１１－２３,０１７６－５８－５２２５,厚生労働省オープンデータ,https://www.mhlw.go.jp/content/12300000/jigyosho_720.csv,2025-12末,https://www.google.com/search?q=%E6%8C%87%E5%AE%9A%E5%9C%B0%E5%9F%9F%E5%AF%86%E7%9D%80%E5%9E%8B%E3%82%B5%E3%83%BC%E3%83%93%E3%82%B9%E8%AA%8D%E7%9F%A5%E7%97%87%E5%AF%BE%E5%BF%9C%E5%9E%8B%E9%80%9A%E6%89%80%E4%BB%8B%E8%AD%B7%E6%96%BD%E8%A8%AD%E3%80%80%E3%83%9D%E3%83%97%E3%83%A9%E3%81%AE%E5%AE%B6%20%E4%B8%89%E6%B2%A2%E5%B8%82
みちのく金谷デイサービスセンターまるめろ,認知症対応型デイサービス,青森県,むつ市,"介護,認知症対応型デイサービス,認知症",日中に通って食事・入浴・機能訓練・見守りなどを受けるサービスです。,http://www.michinokuso/or.jp,青森県むつ市金谷二丁目20番1号,0175-23-0772,厚生労働省オープンデータ,https://www.mhlw.go.jp/content/12300000/jigyosho_720.csv,2025-12末,https://www.google.com/search?q=%E3%81%BF%E3%81%A1%E3%81%AE%E3%81%8F%E9%87%91%E8%B0%B7%E3%83%87%E3%82%A4%E3%82%B5%E3%83%BC%E3%83%93%E3%82%B9%E3%82%BB%E3%83%B3%E3%82%BF%E3%83%BC%E3%81%BE%E3%82%8B%E3%82%81%E3%82%8D%20%E3%82%80%E3%81%A4%E5%B8%82
グループホーム我が家,認知症対応型デイサービス,青森県,つがる市,"介護,認知症対応型デイサービス,認知症",日中に通って食事・入浴・機能訓練・見守りなどを受けるサービスです。,https://www.google.com/search?q=%E3%82%B0%E3%83%AB%E3%83%BC%E3%83%97%E3%83%9B%E3%83%BC%E3%83%A0%E6%88%91%E3%81%8C%E5%AE%B6%20%E3%81%A4%E3%81%8C%E3%82%8B%E5%B8%82,青森県つがる市木造中館田浦44-1,0173-49-2312,厚生労働省オープンデータ,https://www.mhlw.go.jp/content/12300000/jigyosho_720.csv,2025-12末,https://www.google.com/search?q=%E3%82%B0%E3%83%AB%E3%83%BC%E3%83%97%E3%83%9B%E3%83%BC%E3%83%A0%E6%88%91%E3%81%8C%E5%AE%B6%20%E3%81%A4%E3%81%8C%E3%82%8B%E5%B8%82
グループホーム　よつば,認知症対応型デイサービス,青森県,外ヶ浜町,"介護,認知症対応型デイサービス,認知症",日中に通って食事・入浴・機能訓練・見守りなどを受けるサービスです。,https://www.google.com/search?q=%E3%82%B0%E3%83%AB%E3%83%BC%E3%83%97%E3%83%9B%E3%83%BC%E3%83%A0%E3%80%80%E3%82%88%E3%81%A4%E3%81%B0%20%E5%A4%96%E3%83%B6%E6%B5%9C%E7%94%BA,平舘根岸小川258-2,0174-31-2755,厚生労働省オープンデータ,https://www.mhlw.go.jp/content/12300000/jigyosho_720.csv,2025-12末,https://www.google.com/search?q=%E3%82%B0%E3%83%AB%E3%83%BC%E3%83%97%E3%83%9B%E3%83%BC%E3%83%A0%E3%80%80%E3%82%88%E3%81%A4%E3%81%B0%20%E5%A4%96%E3%83%B6%E6%B5%9C%E7%94%BA
デイサービスセンター　はまゆう,認知症対応型デイサービス,青森県,外ヶ浜町,"介護,認知症対応型デイサービス,認知症",日中に通って食事・入浴・機能訓練・見守りなどを受けるサービスです。,http://watona-ru.com,青森県東津軽郡外ヶ浜町字蟹田川原添２番地３,0174-31-1871,厚生労働省オープンデータ,https://www.mhlw.go.jp/content/12300000/jigyosho_720.csv,2025-12末,https://www.google.com/search?q=%E3%83%87%E3%82%A4%E3%82%B5%E3%83%BC%E3%83%93%E3%82%B9%E3%82%BB%E3%83%B3%E3%82%BF%E3%83%BC%E3%80%80%E3%81%AF%E3%81%BE%E3%82%86%E3%81%86%20%E5%A4%96%E3%83%B6%E6%B5%9C%E7%94%BA
テレサ苑,認知症対応型デイサービス,青森県,藤崎町,"介護,認知症対応型デイサービス,認知症",日中に通って食事・入浴・機能訓練・見守りなどを受けるサービスです。,https://www.google.com/search?q=%E3%83%86%E3%83%AC%E3%82%B5%E8%8B%91%20%E8%97%A4%E5%B4%8E%E7%94%BA,青森県南津軽郡藤崎町大字林崎字宮本67番地1,0172-75-3162,厚生労働省オープンデータ,https://www.mhlw.go.jp/content/12300000/jigyosho_720.csv,2025-12末,https://www.google.com/search?q=%E3%83%86%E3%83%AC%E3%82%B5%E8%8B%91%20%E8%97%A4%E5%B4%8E%E7%94%BA
認知症対応型通所介護　グループホームやすらぎの里,認知症対応型デイサービス,青森県,中泊町,"介護,認知症対応型デイサービス,認知症",日中に通って食事・入浴・機能訓練・見守りなどを受けるサービスです。,https://koumeikai.net/,青森県北津軽郡中泊町大字尾別字小谷２６番地１,0173-26-7725,厚生労働省オープンデータ,https://www.mhlw.go.jp/content/12300000/jigyosho_720.csv,2025-12末,https://www.google.com/search?q=%E8%AA%8D%E7%9F%A5%E7%97%87%E5%AF%BE%E5%BF%9C%E5%9E%8B%E9%80%9A%E6%89%80%E4%BB%8B%E8%AD%B7%E3%80%80%E3%82%B0%E3%83%AB%E3%83%BC%E3%83%97%E3%83%9B%E3%83%BC%E3%83%A0%E3%82%84%E3%81%99%E3%82%89%E3%81%8E%E3%81%AE%E9%87%8C%20%E4%B8%AD%E6%B3%8A%E7%94%BA
地域密着型通所介護にこにこ七百,認知症対応型デイサービス,青森県,六戸町,"介護,認知症対応型デイサービス,認知症",日中に通って食事・入浴・機能訓練・見守りなどを受けるサービスです。,https:/www.sg-momijikai.com/,青森県上北郡六戸町大字犬落瀬字権現沢54番地455,0176-58-6686,厚生労働省オープンデータ,https://www.mhlw.go.jp/content/12300000/jigyosho_720.csv,2025-12末,https://www.google.com/search?q=%E5%9C%B0%E5%9F%9F%E5%AF%86%E7%9D%80%E5%9E%8B%E9%80%9A%E6%89%80%E4%BB%8B%E8%AD%B7%E3%81%AB%E3%81%93%E3%81%AB%E3%81%93%E4%B8%83%E7%99%BE%20%E5%85%AD%E6%88%B8%E7%94%BA
デイサービスセンター　リバティ中央,認知症対応型デイサービス,青森県,東北町,"介護,認知症対応型デイサービス,認知症",日中に通って食事・入浴・機能訓練・見守りなどを受けるサービスです。,http://washinkai.or.jp,青森県上北郡東北町上北北２丁目３３－３１５,0176-58-1112,厚生労働省オープンデータ,https://www.mhlw.go.jp/content/12300000/jigyosho_720.csv,2025-12末,https://www.google.com/search?q=%E3%83%87%E3%82%A4%E3%82%B5%E3%83%BC%E3%83%93%E3%82%B9%E3%82%BB%E3%83%B3%E3%82%BF%E3%83%BC%E3%80%80%E3%83%AA%E3%83%90%E3%83%86%E3%82%A3%E4%B8%AD%E5%A4%AE%20%E6%9D%B1%E5%8C%97%E7%94%BA
グループホームおおま荘,認知症対応型デイサービス,青森県,大間町,"介護,認知症対応型デイサービス,認知症",日中に通って食事・入浴・機能訓練・見守りなどを受けるサービスです。,https://www.google.com/search?q=%E3%82%B0%E3%83%AB%E3%83%BC%E3%83%97%E3%83%9B%E3%83%BC%E3%83%A0%E3%81%8A%E3%81%8A%E3%81%BE%E8%8D%98%20%E5%A4%A7%E9%96%93%E7%94%BA,青森県下北郡大間町大字大間字大間平38-519,0175-31-1068,厚生労働省オープンデータ,https://www.mhlw.go.jp/content/12300000/jigyosho_720.csv,2025-12末,https://www.google.com/search?q=%E3%82%B0%E3%83%AB%E3%83%BC%E3%83%97%E3%83%9B%E3%83%BC%E3%83%A0%E3%81%8A%E3%81%8A%E3%81%BE%E8%8D%98%20%E5%A4%A7%E9%96%93%E7%94%BA
グループホーム　内山苑,認知症対応型デイサービス,青森県,大間町,"介護,認知症対応型デイサービス,認知症",日中に通って食事・入浴・機能訓練・見守りなどを受けるサービスです。,www.utiyamaen.com/,青森県下北郡大間町大字大間字大川目37-1,0175-37-5122,厚生労働省オープンデータ,https://www.mhlw.go.jp/content/12300000/jigyosho_720.csv,2025-12末,https://www.google.com/search?q=%E3%82%B0%E3%83%AB%E3%83%BC%E3%83%97%E3%83%9B%E3%83%BC%E3%83%A0%E3%80%80%E5%86%85%E5%B1%B1%E8%8B%91%20%E5%A4%A7%E9%96%93%E7%94%BA
デイサービスセンターけやき,認知症対応型デイサービス,青森県,田子町,"介護,認知症対応型デイサービス,認知症",日中に通って食事・入浴・機能訓練・見守りなどを受けるサービスです。,https://www.google.com/search?q=%E3%83%87%E3%82%A4%E3%82%B5%E3%83%BC%E3%83%93%E3%82%B9%E3%82%BB%E3%83%B3%E3%82%BF%E3%83%BC%E3%81%91%E3%82%84%E3%81%8D%20%E7%94%B0%E5%AD%90%E7%94%BA,大字田子字風張20-21,0179-20-7131,厚生労働省オープンデータ,https://www.mhlw.go.jp/content/12300000/jigyosho_720.csv,2025-12末,https://www.google.com/search?q=%E3%83%87%E3%82%A4%E3%82%B5%E3%83%BC%E3%83%93%E3%82%B9%E3%82%BB%E3%83%B3%E3%82%BF%E3%83%BC%E3%81%91%E3%82%84%E3%81%8D%20%E7%94%B0%E5%AD%90%E7%94%BA
認知症対応型デイサービスセンターあいのて,認知症対応型デイサービス,青森県,南部町,"介護,認知症対応型デイサービス,認知症",日中に通って食事・入浴・機能訓練・見守りなどを受けるサービスです。,https://www.google.com/search?q=%E8%AA%8D%E7%9F%A5%E7%97%87%E5%AF%BE%E5%BF%9C%E5%9E%8B%E3%83%87%E3%82%A4%E3%82%B5%E3%83%BC%E3%83%93%E3%82%B9%E3%82%BB%E3%83%B3%E3%82%BF%E3%83%BC%E3%81%82%E3%81%84%E3%81%AE%E3%81%A6%20%E5%8D%97%E9%83%A8%E7%94%BA,青森県三戸郡南部町大字剣吉字中河原１番地２６,0178-60-5070,厚生労働省オープンデータ,https://www.mhlw.go.jp/content/12300000/jigyosho_720.csv,2025-12末,https://www.google.com/search?q=%E8%AA%8D%E7%9F%A5%E7%97%87%E5%AF%BE%E5%BF%9C%E5%9E%8B%E3%83%87%E3%82%A4%E3%82%B5%E3%83%BC%E3%83%93%E3%82%B9%E3%82%BB%E3%83%B3%E3%82%BF%E3%83%BC%E3%81%82%E3%81%84%E3%81%AE%E3%81%A6%20%E5%8D%97%E9%83%A8%E7%94%BA
見心園居宅サービスセンター（デイサービス）,認知症対応型デイサービス,青森県,階上町,"介護,認知症対応型デイサービス,認知症",日中に通って食事・入浴・機能訓練・見守りなどを受けるサービスです。,https://www.kenshinen.jp/,青森県三戸郡階上町大字赤保内字道仏道添21-12,0178-88-3355,厚生労働省オープンデータ,https://www.mhlw.go.jp/content/12300000/jigyosho_720.csv,2025-12末,https://www.google.com/search?q=%E8%A6%8B%E5%BF%83%E5%9C%92%E5%B1%85%E5%AE%85%E3%82%B5%E3%83%BC%E3%83%93%E3%82%B9%E3%82%BB%E3%83%B3%E3%82%BF%E3%83%BC%EF%BC%88%E3%83%87%E3%82%A4%E3%82%B5%E3%83%BC%E3%83%93%E3%82%B9%EF%BC%89%20%E9%9A%8E%E4%B8%8A%E7%94%BA
小規模多機能型居宅介護事業所あおぞら,小規模多機能型居宅介護,青森県,青森市,"介護,小規模多機能型居宅介護",小規模多機能型居宅介護の公式オープンデータから取り込んだ候補です。詳細は公式情報・電話・見学で確認してください。,http://www.aozoraclub.com/shotaki.html,青森県青森市筒井４丁目８－１７,017-764-6388,厚生労働省オープンデータ,https://www.mhlw.go.jp/content/12300000/jigyosho_730.csv,2025-12末,https://www.google.com/search?q=%E5%B0%8F%E8%A6%8F%E6%A8%A1%E5%A4%9A%E6%A9%9F%E8%83%BD%E5%9E%8B%E5%B1%85%E5%AE%85%E4%BB%8B%E8%AD%B7%E4%BA%8B%E6%A5%AD%E6%89%80%E3%81%82%E3%81%8A%E3%81%9E%E3%82%89%20%E9%9D%92%E6%A3%AE%E5%B8%82
小規模多機能型居宅介護事業所　なみうち,小規模多機能型居宅介護,青森県,青森市,"介護,小規模多機能型居宅介護",小規模多機能型居宅介護の公式オープンデータから取り込んだ候補です。詳細は公式情報・電話・見学で確認してください。,https://www.namiuchihp-aomori.com/shokibokyotakukaigonamiuchi,青森市合浦２丁目１１番２４号,017-743-7351,厚生労働省オープンデータ,https://www.mhlw.go.jp/content/12300000/jigyosho_730.csv,2025-12末,https://www.google.com/search?q=%E5%B0%8F%E8%A6%8F%E6%A8%A1%E5%A4%9A%E6%A9%9F%E8%83%BD%E5%9E%8B%E5%B1%85%E5%AE%85%E4%BB%8B%E8%AD%B7%E4%BA%8B%E6%A5%AD%E6%89%80%E3%80%80%E3%81%AA%E3%81%BF%E3%81%86%E3%81%A1%20%E9%9D%92%E6%A3%AE%E5%B8%82
小規模多機能型居宅介護事業所オアシス,小規模多機能型居宅介護,青森県,青森市,"介護,小規模多機能型居宅介護",小規模多機能型居宅介護の公式オープンデータから取り込んだ候補です。詳細は公式情報・電話・見学で確認してください。,http://www.jikei-kai.org,青森県青森市大字安田字近野136番地1,017-783-3344,厚生労働省オープンデータ,https://www.mhlw.go.jp/content/12300000/jigyosho_730.csv,2025-12末,https://www.google.com/search?q=%E5%B0%8F%E8%A6%8F%E6%A8%A1%E5%A4%9A%E6%A9%9F%E8%83%BD%E5%9E%8B%E5%B1%85%E5%AE%85%E4%BB%8B%E8%AD%B7%E4%BA%8B%E6%A5%AD%E6%89%80%E3%82%AA%E3%82%A2%E3%82%B7%E3%82%B9%20%E9%9D%92%E6%A3%AE%E5%B8%82
小規模多機能型居宅介護事業所のぎわ,小規模多機能型居宅介護,青森県,青森市,"介護,小規模多機能型居宅介護",小規模多機能型居宅介護の公式オープンデータから取り込んだ候補です。詳細は公式情報・電話・見学で確認してください。,http://www.jikei-kai.org,青森県青森市大字羽白字野木和４５,017-763-3311,厚生労働省オープンデータ,https://www.mhlw.go.jp/content/12300000/jigyosho_730.csv,2025-12末,https://www.google.com/search?q=%E5%B0%8F%E8%A6%8F%E6%A8%A1%E5%A4%9A%E6%A9%9F%E8%83%BD%E5%9E%8B%E5%B1%85%E5%AE%85%E4%BB%8B%E8%AD%B7%E4%BA%8B%E6%A5%AD%E6%89%80%E3%81%AE%E3%81%8E%E3%82%8F%20%E9%9D%92%E6%A3%AE%E5%B8%82
小規模多機能型居宅介護事業所しんじょう,小規模多機能型居宅介護,青森県,青森市,"介護,小規模多機能型居宅介護",小規模多機能型居宅介護の公式オープンデータから取り込んだ候補です。詳細は公式情報・電話・見学で確認してください。,http://www.jikei-kai.org,青森県青森市大字新城字平岡258-28,017-763-0585,厚生労働省オープンデータ,https://www.mhlw.go.jp/content/12300000/jigyosho_730.csv,2025-12末,https://www.google.com/search?q=%E5%B0%8F%E8%A6%8F%E6%A8%A1%E5%A4%9A%E6%A9%9F%E8%83%BD%E5%9E%8B%E5%B1%85%E5%AE%85%E4%BB%8B%E8%AD%B7%E4%BA%8B%E6%A5%AD%E6%89%80%E3%81%97%E3%82%93%E3%81%98%E3%82%87%E3%81%86%20%E9%9D%92%E6%A3%AE%E5%B8%82
小規模多機能型居宅介護ヴァンピュール南青森,小規模多機能型居宅介護,青森県,青森市,"介護,小規模多機能型居宅介護",小規模多機能型居宅介護の公式オープンデータから取り込んだ候補です。詳細は公式情報・電話・見学で確認してください。,https://koujinkai-seifu.com/,青森県青森市大字浜田字玉川247番地1,017-762-5333,厚生労働省オープンデータ,https://www.mhlw.go.jp/content/12300000/jigyosho_730.csv,2025-12末,https://www.google.com/search?q=%E5%B0%8F%E8%A6%8F%E6%A8%A1%E5%A4%9A%E6%A9%9F%E8%83%BD%E5%9E%8B%E5%B1%85%E5%AE%85%E4%BB%8B%E8%AD%B7%E3%83%B4%E3%82%A1%E3%83%B3%E3%83%94%E3%83%A5%E3%83%BC%E3%83%AB%E5%8D%97%E9%9D%92%E6%A3%AE%20%E9%9D%92%E6%A3%AE%E5%B8%82
小規模多機能型居宅介護事業所　まつばら,小規模多機能型居宅介護,青森県,青森市,"介護,小規模多機能型居宅介護",小規模多機能型居宅介護の公式オープンデータから取り込んだ候補です。詳細は公式情報・電話・見学で確認してください。,https://syokibomatubara.com/,青森県青森市松原2丁目8番8号,017-718-3455,厚生労働省オープンデータ,https://www.mhlw.go.jp/content/12300000/jigyosho_730.csv,2025-12末,https://www.google.com/search?q=%E5%B0%8F%E8%A6%8F%E6%A8%A1%E5%A4%9A%E6%A9%9F%E8%83%BD%E5%9E%8B%E5%B1%85%E5%AE%85%E4%BB%8B%E8%AD%B7%E4%BA%8B%E6%A5%AD%E6%89%80%E3%80%80%E3%81%BE%E3%81%A4%E3%81%B0%E3%82%89%20%E9%9D%92%E6%A3%AE%E5%B8%82
小規模多機能型居宅介護事業所けいじんかい,小規模多機能型居宅介護,青森県,青森市,"介護,小規模多機能型居宅介護",小規模多機能型居宅介護の公式オープンデータから取り込んだ候補です。詳細は公式情報・電話・見学で確認してください。,https://www.keijinkai-ao.jp,青森市大字久栗坂字山辺89番地10,017-752-0880,厚生労働省オープンデータ,https://www.mhlw.go.jp/content/12300000/jigyosho_730.csv,2025-12末,https://www.google.com/search?q=%E5%B0%8F%E8%A6%8F%E6%A8%A1%E5%A4%9A%E6%A9%9F%E8%83%BD%E5%9E%8B%E5%B1%85%E5%AE%85%E4%BB%8B%E8%AD%B7%E4%BA%8B%E6%A5%AD%E6%89%80%E3%81%91%E3%81%84%E3%81%98%E3%82%93%E3%81%8B%E3%81%84%20%E9%9D%92%E6%A3%AE%E5%B8%82
小規模多機能型居宅介護事業所おおの,小規模多機能型居宅介護,青森県,青森市,"介護,小規模多機能型居宅介護",小規模多機能型居宅介護の公式オープンデータから取り込んだ候補です。詳細は公式情報・電話・見学で確認してください。,https://www.google.com/search?q=%E5%B0%8F%E8%A6%8F%E6%A8%A1%E5%A4%9A%E6%A9%9F%E8%83%BD%E5%9E%8B%E5%B1%85%E5%AE%85%E4%BB%8B%E8%AD%B7%E4%BA%8B%E6%A5%AD%E6%89%80%E3%81%8A%E3%81%8A%E3%81%AE%20%E9%9D%92%E6%A3%AE%E5%B8%82,青森市東大野2-9-2,017-762-0065,厚生労働省オープンデータ,https://www.mhlw.go.jp/content/12300000/jigyosho_730.csv,2025-12末,https://www.google.com/search?q=%E5%B0%8F%E8%A6%8F%E6%A8%A1%E5%A4%9A%E6%A9%9F%E8%83%BD%E5%9E%8B%E5%B1%85%E5%AE%85%E4%BB%8B%E8%AD%B7%E4%BA%8B%E6%A5%AD%E6%89%80%E3%81%8A%E3%81%8A%E3%81%AE%20%E9%9D%92%E6%A3%AE%E5%B8%82
小規模多機能型居宅介護まごの手,小規模多機能型居宅介護,青森県,弘前市,"介護,小規模多機能型居宅介護",小規模多機能型居宅介護の公式オープンデータから取り込んだ候補です。詳細は公式情報・電話・見学で確認してください。,https://heisei-ie.jp/,青森県弘前市宮川3丁目17番地7,0172-35-3300,厚生労働省オープンデータ,https://www.mhlw.go.jp/content/12300000/jigyosho_730.csv,2025-12末,https://www.google.com/search?q=%E5%B0%8F%E8%A6%8F%E6%A8%A1%E5%A4%9A%E6%A9%9F%E8%83%BD%E5%9E%8B%E5%B1%85%E5%AE%85%E4%BB%8B%E8%AD%B7%E3%81%BE%E3%81%94%E3%81%AE%E6%89%8B%20%E5%BC%98%E5%89%8D%E5%B8%82
生活支援多機能ホーム　パインの雫,小規模多機能型居宅介護,青森県,弘前市,"介護,小規模多機能型居宅介護",小規模多機能型居宅介護の公式オープンデータから取り込んだ候補です。詳細は公式情報・電話・見学で確認してください。,https://www.gakuyokai.jp/,青森県弘前市大字一町田字浅井440番地2パインの雫,0172-82-3200,厚生労働省オープンデータ,https://www.mhlw.go.jp/content/12300000/jigyosho_730.csv,2025-12末,https://www.google.com/search?q=%E7%94%9F%E6%B4%BB%E6%94%AF%E6%8F%B4%E5%A4%9A%E6%A9%9F%E8%83%BD%E3%83%9B%E3%83%BC%E3%83%A0%E3%80%80%E3%83%91%E3%82%A4%E3%83%B3%E3%81%AE%E9%9B%AB%20%E5%BC%98%E5%89%8D%E5%B8%82
小規模多機能ホーム自由ヶ丘,小規模多機能型居宅介護,青森県,弘前市,"介護,小規模多機能型居宅介護",小規模多機能型居宅介護の公式オープンデータから取り込んだ候補です。詳細は公式情報・電話・見学で確認してください。,http://www.sh-aiseien.jp/jiyuugaoka/,青森県弘前市大字金属町5番地30,0172-89-1600,厚生労働省オープンデータ,https://www.mhlw.go.jp/content/12300000/jigyosho_730.csv,2025-12末,https://www.google.com/search?q=%E5%B0%8F%E8%A6%8F%E6%A8%A1%E5%A4%9A%E6%A9%9F%E8%83%BD%E3%83%9B%E3%83%BC%E3%83%A0%E8%87%AA%E7%94%B1%E3%83%B6%E4%B8%98%20%E5%BC%98%E5%89%8D%E5%B8%82
小規模多機能型居宅介護事業所　「たんぽぽの丘」,小規模多機能型居宅介護,青森県,弘前市,"介護,小規模多機能型居宅介護",小規模多機能型居宅介護の公式オープンデータから取り込んだ候補です。詳細は公式情報・電話・見学で確認してください。,http.//www.ichiyoukai.jp/,福村字新舘添49-4小規模多機能型居宅介護事業所たんぽぽの丘,0172280150,厚生労働省オープンデータ,https://www.mhlw.go.jp/content/12300000/jigyosho_730.csv,2025-12末,https://www.google.com/search?q=%E5%B0%8F%E8%A6%8F%E6%A8%A1%E5%A4%9A%E6%A9%9F%E8%83%BD%E5%9E%8B%E5%B1%85%E5%AE%85%E4%BB%8B%E8%AD%B7%E4%BA%8B%E6%A5%AD%E6%89%80%E3%80%80%E3%80%8C%E3%81%9F%E3%82%93%E3%81%BD%E3%81%BD%E3%81%AE%E4%B8%98%E3%80%8D%20%E5%BC%98%E5%89%8D%E5%B8%82
小規模多機能型居宅介護　きらら弘前,小規模多機能型居宅介護,青森県,弘前市,"介護,小規模多機能型居宅介護",小規模多機能型居宅介護の公式オープンデータから取り込んだ候補です。詳細は公式情報・電話・見学で確認してください。,https://www.houtokukai.org,青森県弘前市大字藤野二丁目6番地10,0172-31-7571,厚生労働省オープンデータ,https://www.mhlw.go.jp/content/12300000/jigyosho_730.csv,2025-12末,https://www.google.com/search?q=%E5%B0%8F%E8%A6%8F%E6%A8%A1%E5%A4%9A%E6%A9%9F%E8%83%BD%E5%9E%8B%E5%B1%85%E5%AE%85%E4%BB%8B%E8%AD%B7%E3%80%80%E3%81%8D%E3%82%89%E3%82%89%E5%BC%98%E5%89%8D%20%E5%BC%98%E5%89%8D%E5%B8%82
南浜の家くじら,小規模多機能型居宅介護,青森県,八戸市,"介護,小規模多機能型居宅介護",小規模多機能型居宅介護の公式オープンデータから取り込んだ候補です。詳細は公式情報・電話・見学で確認してください。,http://aoiuminokai.jp/,青森県八戸市大字鮫町字安川目8番地14,0178-30-8500,厚生労働省オープンデータ,https://www.mhlw.go.jp/content/12300000/jigyosho_730.csv,2025-12末,https://www.google.com/search?q=%E5%8D%97%E6%B5%9C%E3%81%AE%E5%AE%B6%E3%81%8F%E3%81%98%E3%82%89%20%E5%85%AB%E6%88%B8%E5%B8%82
小規模多機能ホーム　サンシャイン,小規模多機能型居宅介護,青森県,八戸市,"介護,小規模多機能型居宅介護",小規模多機能型居宅介護の公式オープンデータから取り込んだ候補です。詳細は公式情報・電話・見学で確認してください。,https://s-tokokai.or.jp/facility/tokubetuyogo/,青森県八戸市大字常番町１８番,0178-73-5350,厚生労働省オープンデータ,https://www.mhlw.go.jp/content/12300000/jigyosho_730.csv,2025-12末,https://www.google.com/search?q=%E5%B0%8F%E8%A6%8F%E6%A8%A1%E5%A4%9A%E6%A9%9F%E8%83%BD%E3%83%9B%E3%83%BC%E3%83%A0%E3%80%80%E3%82%B5%E3%83%B3%E3%82%B7%E3%83%A3%E3%82%A4%E3%83%B3%20%E5%85%AB%E6%88%B8%E5%B8%82
りんごっこ寿楽荘,小規模多機能型居宅介護,青森県,八戸市,"介護,小規模多機能型居宅介護",小規模多機能型居宅介護の公式オープンデータから取り込んだ候補です。詳細は公式情報・電話・見学で確認してください。,https://www.juei-kai.or.jp/,青森県八戸市田向２丁目２－１,0178-47-7711,厚生労働省オープンデータ,https://www.mhlw.go.jp/content/12300000/jigyosho_730.csv,2025-12末,https://www.google.com/search?q=%E3%82%8A%E3%82%93%E3%81%94%E3%81%A3%E3%81%93%E5%AF%BF%E6%A5%BD%E8%8D%98%20%E5%85%AB%E6%88%B8%E5%B8%82
うみ,小規模多機能型居宅介護,青森県,八戸市,"介護,小規模多機能型居宅介護",小規模多機能型居宅介護の公式オープンデータから取り込んだ候補です。詳細は公式情報・電話・見学で確認してください。,http://www.gh-sora.jp,青森県八戸市白銀町白浜道14,0178-34-3316,厚生労働省オープンデータ,https://www.mhlw.go.jp/content/12300000/jigyosho_730.csv,2025-12末,https://www.google.com/search?q=%E3%81%86%E3%81%BF%20%E5%85%AB%E6%88%B8%E5%B8%82
生協小規模多機能ホームみなみるいけの家,小規模多機能型居宅介護,青森県,八戸市,"介護,小規模多機能型居宅介護",小規模多機能型居宅介護の公式オープンデータから取り込んだ候補です。詳細は公式情報・電話・見学で確認してください。,https://www.hachinohe-iryou.jp/,八戸市南類家１丁目１６番１号,0178-72-3213,厚生労働省オープンデータ,https://www.mhlw.go.jp/content/12300000/jigyosho_730.csv,2025-12末,https://www.google.com/search?q=%E7%94%9F%E5%8D%94%E5%B0%8F%E8%A6%8F%E6%A8%A1%E5%A4%9A%E6%A9%9F%E8%83%BD%E3%83%9B%E3%83%BC%E3%83%A0%E3%81%BF%E3%81%AA%E3%81%BF%E3%82%8B%E3%81%84%E3%81%91%E3%81%AE%E5%AE%B6%20%E5%85%AB%E6%88%B8%E5%B8%82
あんずの里小規模多機能ホームおりあい,小規模多機能型居宅介護,青森県,八戸市,"介護,小規模多機能型居宅介護",小規模多機能型居宅介護の公式オープンデータから取り込んだ候補です。詳細は公式情報・電話・見学で確認してください。,http://care-net.biz/02/zuikoen/,八戸市大字鮫町字居合6番3,0178-32-1300,厚生労働省オープンデータ,https://www.mhlw.go.jp/content/12300000/jigyosho_730.csv,2025-12末,https://www.google.com/search?q=%E3%81%82%E3%82%93%E3%81%9A%E3%81%AE%E9%87%8C%E5%B0%8F%E8%A6%8F%E6%A8%A1%E5%A4%9A%E6%A9%9F%E8%83%BD%E3%83%9B%E3%83%BC%E3%83%A0%E3%81%8A%E3%82%8A%E3%81%82%E3%81%84%20%E5%85%AB%E6%88%B8%E5%B8%82
あんずの里小規模多機能ホームにいだ,小規模多機能型居宅介護,青森県,八戸市,"介護,小規模多機能型居宅介護",小規模多機能型居宅介護の公式オープンデータから取り込んだ候補です。詳細は公式情報・電話・見学で確認してください。,https://zuikoen.or.jp,青森県八戸市大字新井田字坂9-1,0178-32-7650,厚生労働省オープンデータ,https://www.mhlw.go.jp/content/12300000/jigyosho_730.csv,2025-12末,https://www.google.com/search?q=%E3%81%82%E3%82%93%E3%81%9A%E3%81%AE%E9%87%8C%E5%B0%8F%E8%A6%8F%E6%A8%A1%E5%A4%9A%E6%A9%9F%E8%83%BD%E3%83%9B%E3%83%BC%E3%83%A0%E3%81%AB%E3%81%84%E3%81%A0%20%E5%85%AB%E6%88%B8%E5%B8%82
小規模多機能ホーム椿寿園,小規模多機能型居宅介護,青森県,八戸市,"介護,小規模多機能型居宅介護",小規模多機能型居宅介護の公式オープンデータから取り込んだ候補です。詳細は公式情報・電話・見学で確認してください。,https://www.google.com/search?q=%E5%B0%8F%E8%A6%8F%E6%A8%A1%E5%A4%9A%E6%A9%9F%E8%83%BD%E3%83%9B%E3%83%BC%E3%83%A0%E6%A4%BF%E5%AF%BF%E5%9C%92%20%E5%85%AB%E6%88%B8%E5%B8%82,沼館一丁目7-41,0178-73-2202,厚生労働省オープンデータ,https://www.mhlw.go.jp/content/12300000/jigyosho_730.csv,2025-12末,https://www.google.com/search?q=%E5%B0%8F%E8%A6%8F%E6%A8%A1%E5%A4%9A%E6%A9%9F%E8%83%BD%E3%83%9B%E3%83%BC%E3%83%A0%E6%A4%BF%E5%AF%BF%E5%9C%92%20%E5%85%AB%E6%88%B8%E5%B8%82
小規模多機能ホーム長根の森,小規模多機能型居宅介護,青森県,八戸市,"介護,小規模多機能型居宅介護",小規模多機能型居宅介護の公式オープンデータから取り込んだ候補です。詳細は公式情報・電話・見学で確認してください。,http://tomonokai.jp/,青森県八戸市長根1丁目2-8友の会福祉会館３階,0178-20-0455,厚生労働省オープンデータ,https://www.mhlw.go.jp/content/12300000/jigyosho_730.csv,2025-12末,https://www.google.com/search?q=%E5%B0%8F%E8%A6%8F%E6%A8%A1%E5%A4%9A%E6%A9%9F%E8%83%BD%E3%83%9B%E3%83%BC%E3%83%A0%E9%95%B7%E6%A0%B9%E3%81%AE%E6%A3%AE%20%E5%85%AB%E6%88%B8%E5%B8%82
小規模多機能の家　是川淨信館,小規模多機能型居宅介護,青森県,八戸市,"介護,小規模多機能型居宅介護",小規模多機能型居宅介護の公式オープンデータから取り込んだ候補です。詳細は公式情報・電話・見学で確認してください。,www.joshinkan.com/,青森県八戸市是川三丁目1番地1,0178-96-5051,厚生労働省オープンデータ,https://www.mhlw.go.jp/content/12300000/jigyosho_730.csv,2025-12末,https://www.google.com/search?q=%E5%B0%8F%E8%A6%8F%E6%A8%A1%E5%A4%9A%E6%A9%9F%E8%83%BD%E3%81%AE%E5%AE%B6%E3%80%80%E6%98%AF%E5%B7%9D%E6%B7%A8%E4%BF%A1%E9%A4%A8%20%E5%85%AB%E6%88%B8%E5%B8%82
小規模多機能デイサービスセンターりんごの郷,小規模多機能型居宅介護,青森県,黒石市,"介護,小規模多機能型居宅介護",小規模多機能型居宅介護の公式オープンデータから取り込んだ候補です。詳細は公式情報・電話・見学で確認してください。,hakuyuu@hakuyuukai.com,青森県黒石市浅瀬石字龍ノ口170番地1,0172-59-2424,厚生労働省オープンデータ,https://www.mhlw.go.jp/content/12300000/jigyosho_730.csv,2025-12末,https://www.google.com/search?q=%E5%B0%8F%E8%A6%8F%E6%A8%A1%E5%A4%9A%E6%A9%9F%E8%83%BD%E3%83%87%E3%82%A4%E3%82%B5%E3%83%BC%E3%83%93%E3%82%B9%E3%82%BB%E3%83%B3%E3%82%BF%E3%83%BC%E3%82%8A%E3%82%93%E3%81%94%E3%81%AE%E9%83%B7%20%E9%BB%92%E7%9F%B3%E5%B8%82
黒石ケアサポートセンター,小規模多機能型居宅介護,青森県,黒石市,"介護,小規模多機能型居宅介護",小規模多機能型居宅介護の公式オープンデータから取り込んだ候補です。詳細は公式情報・電話・見学で確認してください。,http://www.roujinhome-kuroishi.or.jp,大字赤坂字池田１３６番地,0172-59-1135,厚生労働省オープンデータ,https://www.mhlw.go.jp/content/12300000/jigyosho_730.csv,2025-12末,https://www.google.com/search?q=%E9%BB%92%E7%9F%B3%E3%82%B1%E3%82%A2%E3%82%B5%E3%83%9D%E3%83%BC%E3%83%88%E3%82%BB%E3%83%B3%E3%82%BF%E3%83%BC%20%E9%BB%92%E7%9F%B3%E5%B8%82
よりあい拠わらび,小規模多機能型居宅介護,青森県,五所川原市,"介護,小規模多機能型居宅介護",小規模多機能型居宅介護の公式オープンデータから取り込んだ候補です。詳細は公式情報・電話・見学で確認してください。,http/www.takusinkai.or.jp/,青森県五所川原市大字水野尾字懸樋222番地５,0173-38-3088,厚生労働省オープンデータ,https://www.mhlw.go.jp/content/12300000/jigyosho_730.csv,2025-12末,https://www.google.com/search?q=%E3%82%88%E3%82%8A%E3%81%82%E3%81%84%E6%8B%A0%E3%82%8F%E3%82%89%E3%81%B3%20%E4%BA%94%E6%89%80%E5%B7%9D%E5%8E%9F%E5%B8%82
小規模多機能型居宅介護　ケアホームのりた,小規模多機能型居宅介護,青森県,五所川原市,"介護,小規模多機能型居宅介護",小規模多機能型居宅介護の公式オープンデータから取り込んだ候補です。詳細は公式情報・電話・見学で確認してください。,norita-group.com/,五所川原市松島町四丁目５５番地,0173-34-4856,厚生労働省オープンデータ,https://www.mhlw.go.jp/content/12300000/jigyosho_730.csv,2025-12末,https://www.google.com/search?q=%E5%B0%8F%E8%A6%8F%E6%A8%A1%E5%A4%9A%E6%A9%9F%E8%83%BD%E5%9E%8B%E5%B1%85%E5%AE%85%E4%BB%8B%E8%AD%B7%E3%80%80%E3%82%B1%E3%82%A2%E3%83%9B%E3%83%BC%E3%83%A0%E3%81%AE%E3%82%8A%E3%81%9F%20%E4%BA%94%E6%89%80%E5%B7%9D%E5%8E%9F%E5%B8%82
ＥＳＣＯＲＴケア　ここあん,小規模多機能型居宅介護,青森県,五所川原市,"介護,小規模多機能型居宅介護",小規模多機能型居宅介護の公式オープンデータから取り込んだ候補です。詳細は公式情報・電話・見学で確認してください。,http://www.takushinkai.or.jp,青森県五所川原市栄町26,0173-23-0757,厚生労働省オープンデータ,https://www.mhlw.go.jp/content/12300000/jigyosho_730.csv,2025-12末,https://www.google.com/search?q=%EF%BC%A5%EF%BC%B3%EF%BC%A3%EF%BC%AF%EF%BC%B2%EF%BC%B4%E3%82%B1%E3%82%A2%E3%80%80%E3%81%93%E3%81%93%E3%81%82%E3%82%93%20%E4%BA%94%E6%89%80%E5%B7%9D%E5%8E%9F%E5%B8%82
小規模多機能型居宅介護　ふれあいホームいこい,小規模多機能型居宅介護,青森県,五所川原市,"介護,小規模多機能型居宅介護",小規模多機能型居宅介護の公式オープンデータから取り込んだ候補です。詳細は公式情報・電話・見学で確認してください。,https://www.google.com/search?q=%E5%B0%8F%E8%A6%8F%E6%A8%A1%E5%A4%9A%E6%A9%9F%E8%83%BD%E5%9E%8B%E5%B1%85%E5%AE%85%E4%BB%8B%E8%AD%B7%E3%80%80%E3%81%B5%E3%82%8C%E3%81%82%E3%81%84%E3%83%9B%E3%83%BC%E3%83%A0%E3%81%84%E3%81%93%E3%81%84%20%E4%BA%94%E6%89%80%E5%B7%9D%E5%8E%9F%E5%B8%82,青森県五所川原市大字漆川字浅井143-4,0173-26-5518,厚生労働省オープンデータ,https://www.mhlw.go.jp/content/12300000/jigyosho_730.csv,2025-12末,https://www.google.com/search?q=%E5%B0%8F%E8%A6%8F%E6%A8%A1%E5%A4%9A%E6%A9%9F%E8%83%BD%E5%9E%8B%E5%B1%85%E5%AE%85%E4%BB%8B%E8%AD%B7%E3%80%80%E3%81%B5%E3%82%8C%E3%81%82%E3%81%84%E3%83%9B%E3%83%BC%E3%83%A0%E3%81%84%E3%81%93%E3%81%84%20%E4%BA%94%E6%89%80%E5%B7%9D%E5%8E%9F%E5%B8%82
小規模多機能ホームくらしの家,小規模多機能型居宅介護,青森県,十和田市,"介護,小規模多機能型居宅介護",小規模多機能型居宅介護の公式オープンデータから取り込んだ候補です。詳細は公式情報・電話・見学で確認してください。,https://kurashilabo.co.jp,青森県十和田市西十一番町３－２０,0176-22-2356,厚生労働省オープンデータ,https://www.mhlw.go.jp/content/12300000/jigyosho_730.csv,2025-12末,https://www.google.com/search?q=%E5%B0%8F%E8%A6%8F%E6%A8%A1%E5%A4%9A%E6%A9%9F%E8%83%BD%E3%83%9B%E3%83%BC%E3%83%A0%E3%81%8F%E3%82%89%E3%81%97%E3%81%AE%E5%AE%B6%20%E5%8D%81%E5%92%8C%E7%94%B0%E5%B8%82
岡三沢コラボケアセンター,小規模多機能型居宅介護,青森県,三沢市,"介護,小規模多機能型居宅介護",小規模多機能型居宅介護の公式オープンデータから取り込んだ候補です。詳細は公式情報・電話・見学で確認してください。,http/www.rakuseikai.or.jp/,青森県三沢市岡三沢一丁目1番９７,0176-52-6100,厚生労働省オープンデータ,https://www.mhlw.go.jp/content/12300000/jigyosho_730.csv,2025-12末,https://www.google.com/search?q=%E5%B2%A1%E4%B8%89%E6%B2%A2%E3%82%B3%E3%83%A9%E3%83%9C%E3%82%B1%E3%82%A2%E3%82%BB%E3%83%B3%E3%82%BF%E3%83%BC%20%E4%B8%89%E6%B2%A2%E5%B8%82
栄町コラボケアセンター,小規模多機能型居宅介護,青森県,三沢市,"介護,小規模多機能型居宅介護",小規模多機能型居宅介護の公式オープンデータから取り込んだ候補です。詳細は公式情報・電話・見学で確認してください。,http://www.rakuseikai.or.jp/,青森県三沢市栄町３丁目１２５－１,0176-53-1284,厚生労働省オープンデータ,https://www.mhlw.go.jp/content/12300000/jigyosho_730.csv,2025-12末,https://www.google.com/search?q=%E6%A0%84%E7%94%BA%E3%82%B3%E3%83%A9%E3%83%9C%E3%82%B1%E3%82%A2%E3%82%BB%E3%83%B3%E3%82%BF%E3%83%BC%20%E4%B8%89%E6%B2%A2%E5%B8%82
松原コラボケアセンター,小規模多機能型居宅介護,青森県,三沢市,"介護,小規模多機能型居宅介護",小規模多機能型居宅介護の公式オープンデータから取り込んだ候補です。詳細は公式情報・電話・見学で確認してください。,http//www.rakuseikai.or.jp/,青森県三沢市松原1丁目31番3704号,0176-53-3783,厚生労働省オープンデータ,https://www.mhlw.go.jp/content/12300000/jigyosho_730.csv,2025-12末,https://www.google.com/search?q=%E6%9D%BE%E5%8E%9F%E3%82%B3%E3%83%A9%E3%83%9C%E3%82%B1%E3%82%A2%E3%82%BB%E3%83%B3%E3%82%BF%E3%83%BC%20%E4%B8%89%E6%B2%A2%E5%B8%82
シニアライフサービス　南天の郷,小規模多機能型居宅介護,青森県,三沢市,"介護,小規模多機能型居宅介護",小規模多機能型居宅介護の公式オープンデータから取り込んだ候補です。詳細は公式情報・電話・見学で確認してください。,http://www.seijin.or.jp/life-misawa/,中央町4丁目1-2,0176-58-5320,厚生労働省オープンデータ,https://www.mhlw.go.jp/content/12300000/jigyosho_730.csv,2025-12末,https://www.google.com/search?q=%E3%82%B7%E3%83%8B%E3%82%A2%E3%83%A9%E3%82%A4%E3%83%95%E3%82%B5%E3%83%BC%E3%83%93%E3%82%B9%E3%80%80%E5%8D%97%E5%A4%A9%E3%81%AE%E9%83%B7%20%E4%B8%89%E6%B2%A2%E5%B8%82
おおみなと園,小規模多機能型居宅介護,青森県,むつ市,"介護,小規模多機能型居宅介護",小規模多機能型居宅介護の公式オープンデータから取り込んだ候補です。詳細は公式情報・電話・見学で確認してください。,http://www.sakuragikai.or.jp/,青森県むつ市大湊新町30番10号,0175-28-3310,厚生労働省オープンデータ,https://www.mhlw.go.jp/content/12300000/jigyosho_730.csv,2025-12末,https://www.google.com/search?q=%E3%81%8A%E3%81%8A%E3%81%BF%E3%81%AA%E3%81%A8%E5%9C%92%20%E3%82%80%E3%81%A4%E5%B8%82
小規模多機能型居宅介護　清風荘,小規模多機能型居宅介護,青森県,平内町,"介護,小規模多機能型居宅介護",小規模多機能型居宅介護の公式オープンデータから取り込んだ候補です。詳細は公式情報・電話・見学で確認してください。,http://koujinkai-seifu.com,青森県東津軽郡平内町大字小豆沢字茂浦沢14-14,017-755-6180,厚生労働省オープンデータ,https://www.mhlw.go.jp/content/12300000/jigyosho_730.csv,2025-12末,https://www.google.com/search?q=%E5%B0%8F%E8%A6%8F%E6%A8%A1%E5%A4%9A%E6%A9%9F%E8%83%BD%E5%9E%8B%E5%B1%85%E5%AE%85%E4%BB%8B%E8%AD%B7%E3%80%80%E6%B8%85%E9%A2%A8%E8%8D%98%20%E5%B9%B3%E5%86%85%E7%94%BA
小規模多機能型居宅介護ひばり野,小規模多機能型居宅介護,青森県,鰺ヶ沢町,"介護,小規模多機能型居宅介護",小規模多機能型居宅介護の公式オープンデータから取り込んだ候補です。詳細は公式情報・電話・見学で確認してください。,https://www.google.com/search?q=%E5%B0%8F%E8%A6%8F%E6%A8%A1%E5%A4%9A%E6%A9%9F%E8%83%BD%E5%9E%8B%E5%B1%85%E5%AE%85%E4%BB%8B%E8%AD%B7%E3%81%B2%E3%81%B0%E3%82%8A%E9%87%8E%20%E9%B0%BA%E3%83%B6%E6%B2%A2%E7%94%BA,青森県西津軽郡鰺ヶ沢町大字建石町字雲雀野124‐18,0173‐82‐0707,厚生労働省オープンデータ,https://www.mhlw.go.jp/content/12300000/jigyosho_730.csv,2025-12末,https://www.google.com/search?q=%E5%B0%8F%E8%A6%8F%E6%A8%A1%E5%A4%9A%E6%A9%9F%E8%83%BD%E5%9E%8B%E5%B1%85%E5%AE%85%E4%BB%8B%E8%AD%B7%E3%81%B2%E3%81%B0%E3%82%8A%E9%87%8E%20%E9%B0%BA%E3%83%B6%E6%B2%A2%E7%94%BA
小規模多機能型居宅介護ケアホーム華,小規模多機能型居宅介護,青森県,深浦町,"介護,小規模多機能型居宅介護",小規模多機能型居宅介護の公式オープンデータから取り込んだ候補です。詳細は公式情報・電話・見学で確認してください。,http://fc09690220192001.web2.blks.jp/carehomehana/,青森県西津軽郡深浦町大字田野沢字汐干浜５－３,０１７３－８２－００９８,厚生労働省オープンデータ,https://www.mhlw.go.jp/content/12300000/jigyosho_730.csv,2025-12末,https://www.google.com/search?q=%E5%B0%8F%E8%A6%8F%E6%A8%A1%E5%A4%9A%E6%A9%9F%E8%83%BD%E5%9E%8B%E5%B1%85%E5%AE%85%E4%BB%8B%E8%AD%B7%E3%82%B1%E3%82%A2%E3%83%9B%E3%83%BC%E3%83%A0%E8%8F%AF%20%E6%B7%B1%E6%B5%A6%E7%94%BA
プラットフォームさくら,小規模多機能型居宅介護,青森県,中泊町,"介護,小規模多機能型居宅介護",小規模多機能型居宅介護の公式オープンデータから取り込んだ候補です。詳細は公式情報・電話・見学で確認してください。,https://www.google.com/search?q=%E3%83%97%E3%83%A9%E3%83%83%E3%83%88%E3%83%95%E3%82%A9%E3%83%BC%E3%83%A0%E3%81%95%E3%81%8F%E3%82%89%20%E4%B8%AD%E6%B3%8A%E7%94%BA,青森県北津軽郡中泊町大字中里字亀山777番地１６４,０１７３－６９－１０８８,厚生労働省オープンデータ,https://www.mhlw.go.jp/content/12300000/jigyosho_730.csv,2025-12末,https://www.google.com/search?q=%E3%83%97%E3%83%A9%E3%83%83%E3%83%88%E3%83%95%E3%82%A9%E3%83%BC%E3%83%A0%E3%81%95%E3%81%8F%E3%82%89%20%E4%B8%AD%E6%B3%8A%E7%94%BA
小規模多機能型居宅介護なかさと,小規模多機能型居宅介護,青森県,中泊町,"介護,小規模多機能型居宅介護",小規模多機能型居宅介護の公式オープンデータから取り込んだ候補です。詳細は公式情報・電話・見学で確認してください。,https://www.google.com/search?q=%E5%B0%8F%E8%A6%8F%E6%A8%A1%E5%A4%9A%E6%A9%9F%E8%83%BD%E5%9E%8B%E5%B1%85%E5%AE%85%E4%BB%8B%E8%AD%B7%E3%81%AA%E3%81%8B%E3%81%95%E3%81%A8%20%E4%B8%AD%E6%B3%8A%E7%94%BA,青森県北津軽郡中泊町大字中里字亀山434-1,0173-26-0193,厚生労働省オープンデータ,https://www.mhlw.go.jp/content/12300000/jigyosho_730.csv,2025-12末,https://www.google.com/search?q=%E5%B0%8F%E8%A6%8F%E6%A8%A1%E5%A4%9A%E6%A9%9F%E8%83%BD%E5%9E%8B%E5%B1%85%E5%AE%85%E4%BB%8B%E8%AD%B7%E3%81%AA%E3%81%8B%E3%81%95%E3%81%A8%20%E4%B8%AD%E6%B3%8A%E7%94%BA
パリアティブケアセンターこだま,小規模多機能型居宅介護,青森県,七戸町,"介護,小規模多機能型居宅介護",小規模多機能型居宅介護の公式オープンデータから取り込んだ候補です。詳細は公式情報・電話・見学で確認してください。,aap51190@hkg.odn.ne.jp,青森県上北郡七戸町字道ノ上５４番地７２,0176-69-1551,厚生労働省オープンデータ,https://www.mhlw.go.jp/content/12300000/jigyosho_730.csv,2025-12末,https://www.google.com/search?q=%E3%83%91%E3%83%AA%E3%82%A2%E3%83%86%E3%82%A3%E3%83%96%E3%82%B1%E3%82%A2%E3%82%BB%E3%83%B3%E3%82%BF%E3%83%BC%E3%81%93%E3%81%A0%E3%81%BE%20%E4%B8%83%E6%88%B8%E7%94%BA
医療法人蛍慈会　小規模多機能居宅介護事業所いしき,小規模多機能型居宅介護,青森県,横浜町,"介護,小規模多機能型居宅介護",小規模多機能型居宅介護の公式オープンデータから取り込んだ候補です。詳細は公式情報・電話・見学で確認してください。,https://www.google.com/search?q=%E5%8C%BB%E7%99%82%E6%B3%95%E4%BA%BA%E8%9B%8D%E6%85%88%E4%BC%9A%E3%80%80%E5%B0%8F%E8%A6%8F%E6%A8%A1%E5%A4%9A%E6%A9%9F%E8%83%BD%E5%B1%85%E5%AE%85%E4%BB%8B%E8%AD%B7%E4%BA%8B%E6%A5%AD%E6%89%80%E3%81%84%E3%81%97%E3%81%8D%20%E6%A8%AA%E6%B5%9C%E7%94%BA,青森県上北郡横浜町字屋敷形63-1医療法人　蛍慈会　小規模多機能型居宅介護事業所いしき,0175-72-1067,厚生労働省オープンデータ,https://www.mhlw.go.jp/content/12300000/jigyosho_730.csv,2025-12末,https://www.google.com/search?q=%E5%8C%BB%E7%99%82%E6%B3%95%E4%BA%BA%E8%9B%8D%E6%85%88%E4%BC%9A%E3%80%80%E5%B0%8F%E8%A6%8F%E6%A8%A1%E5%A4%9A%E6%A9%9F%E8%83%BD%E5%B1%85%E5%AE%85%E4%BB%8B%E8%AD%B7%E4%BA%8B%E6%A5%AD%E6%89%80%E3%81%84%E3%81%97%E3%81%8D%20%E6%A8%AA%E6%B5%9C%E7%94%BA
小規模多機能型居宅介護事業所ひまわりの里上北,小規模多機能型居宅介護,青森県,東北町,"介護,小規模多機能型居宅介護",小規模多機能型居宅介護の公式オープンデータから取り込んだ候補です。詳細は公式情報・電話・見学で確認してください。,http://care-net.biz/02/himawarien/,青森県上北郡東北町大字大浦字菅林116-1,0176-58-1022,厚生労働省オープンデータ,https://www.mhlw.go.jp/content/12300000/jigyosho_730.csv,2025-12末,https://www.google.com/search?q=%E5%B0%8F%E8%A6%8F%E6%A8%A1%E5%A4%9A%E6%A9%9F%E8%83%BD%E5%9E%8B%E5%B1%85%E5%AE%85%E4%BB%8B%E8%AD%B7%E4%BA%8B%E6%A5%AD%E6%89%80%E3%81%B2%E3%81%BE%E3%82%8F%E3%82%8A%E3%81%AE%E9%87%8C%E4%B8%8A%E5%8C%97%20%E6%9D%B1%E5%8C%97%E7%94%BA
ケアプラザ　ひばの里,小規模多機能型居宅介護,青森県,東北町,"介護,小規模多機能型居宅介護",小規模多機能型居宅介護の公式オープンデータから取り込んだ候補です。詳細は公式情報・電話・見学で確認してください。,http://care-net.biz/02/akamatu/,青森県上北郡東北町字膳前５６－１,0175-65-5303,厚生労働省オープンデータ,https://www.mhlw.go.jp/content/12300000/jigyosho_730.csv,2025-12末,https://www.google.com/search?q=%E3%82%B1%E3%82%A2%E3%83%97%E3%83%A9%E3%82%B6%E3%80%80%E3%81%B2%E3%81%B0%E3%81%AE%E9%87%8C%20%E6%9D%B1%E5%8C%97%E7%94%BA
小規模多機能型居宅介護事業所なごみの家すもも,小規模多機能型居宅介護,青森県,東北町,"介護,小規模多機能型居宅介護",小規模多機能型居宅介護の公式オープンデータから取り込んだ候補です。詳細は公式情報・電話・見学で確認してください。,https://www.google.com/search?q=%E5%B0%8F%E8%A6%8F%E6%A8%A1%E5%A4%9A%E6%A9%9F%E8%83%BD%E5%9E%8B%E5%B1%85%E5%AE%85%E4%BB%8B%E8%AD%B7%E4%BA%8B%E6%A5%AD%E6%89%80%E3%81%AA%E3%81%94%E3%81%BF%E3%81%AE%E5%AE%B6%E3%81%99%E3%82%82%E3%82%82%20%E6%9D%B1%E5%8C%97%E7%94%BA,青森県東北町字上笹橋２３－３１,0175-63-4461,厚生労働省オープンデータ,https://www.mhlw.go.jp/content/12300000/jigyosho_730.csv,2025-12末,https://www.google.com/search?q=%E5%B0%8F%E8%A6%8F%E6%A8%A1%E5%A4%9A%E6%A9%9F%E8%83%BD%E5%9E%8B%E5%B1%85%E5%AE%85%E4%BB%8B%E8%AD%B7%E4%BA%8B%E6%A5%AD%E6%89%80%E3%81%AA%E3%81%94%E3%81%BF%E3%81%AE%E5%AE%B6%E3%81%99%E3%82%82%E3%82%82%20%E6%9D%B1%E5%8C%97%E7%94%BA
小規模多機能型ホーム森の郷,小規模多機能型居宅介護,青森県,東北町,"介護,小規模多機能型居宅介護",小規模多機能型居宅介護の公式オープンデータから取り込んだ候補です。詳細は公式情報・電話・見学で確認してください。,http://sinseikai.jp/,青森県上北郡東北町大字大浦字井尻298-22,0176-27-1109,厚生労働省オープンデータ,https://www.mhlw.go.jp/content/12300000/jigyosho_730.csv,2025-12末,https://www.google.com/search?q=%E5%B0%8F%E8%A6%8F%E6%A8%A1%E5%A4%9A%E6%A9%9F%E8%83%BD%E5%9E%8B%E3%83%9B%E3%83%BC%E3%83%A0%E6%A3%AE%E3%81%AE%E9%83%B7%20%E6%9D%B1%E5%8C%97%E7%94%BA
小規模多機能ホーム蒼,小規模多機能型居宅介護,青森県,南部町,"介護,小規模多機能型居宅介護",小規模多機能型居宅介護の公式オープンデータから取り込んだ候補です。詳細は公式情報・電話・見学で確認してください。,https://nanyukai.or.jp/,青森県三戸郡南部町大字下名久井字如来堂5番地1小規模多機能ホーム蒼,0178-38-8963,厚生労働省オープンデータ,https://www.mhlw.go.jp/content/12300000/jigyosho_730.csv,2025-12末,https://www.google.com/search?q=%E5%B0%8F%E8%A6%8F%E6%A8%A1%E5%A4%9A%E6%A9%9F%E8%83%BD%E3%83%9B%E3%83%BC%E3%83%A0%E8%92%BC%20%E5%8D%97%E9%83%A8%E7%94%BA
小規模多機能ホーム　あかぼないの里,小規模多機能型居宅介護,青森県,階上町,"介護,小規模多機能型居宅介護",小規模多機能型居宅介護の公式オープンデータから取り込んだ候補です。詳細は公式情報・電話・見学で確認してください。,http://shafuku-asunarokai.jp,青森県三戸郡階上町大字赤保内字外平23-273,0178-20-7574,厚生労働省オープンデータ,https://www.mhlw.go.jp/content/12300000/jigyosho_730.csv,2025-12末,https://www.google.com/search?q=%E5%B0%8F%E8%A6%8F%E6%A8%A1%E5%A4%9A%E6%A9%9F%E8%83%BD%E3%83%9B%E3%83%BC%E3%83%A0%E3%80%80%E3%81%82%E3%81%8B%E3%81%BC%E3%81%AA%E3%81%84%E3%81%AE%E9%87%8C%20%E9%9A%8E%E4%B8%8A%E7%94%BA
社会福祉法人　緑鴎会　みどり定期巡回サービス,定期巡回・随時対応型訪問介護看護,青森県,青森市,"介護,定期巡回・随時対応型訪問介護看護",定期巡回・随時対応型訪問介護看護の公式オープンデータから取り込んだ候補です。詳細は公式情報・電話・見学で確認してください。,https://www.google.com/search?q=%E7%A4%BE%E4%BC%9A%E7%A6%8F%E7%A5%89%E6%B3%95%E4%BA%BA%E3%80%80%E7%B7%91%E9%B4%8E%E4%BC%9A%E3%80%80%E3%81%BF%E3%81%A9%E3%82%8A%E5%AE%9A%E6%9C%9F%E5%B7%A1%E5%9B%9E%E3%82%B5%E3%83%BC%E3%83%93%E3%82%B9%20%E9%9D%92%E6%A3%AE%E5%B8%82,青森市大字羽白字沢田55番地5,080-1012-5876,厚生労働省オープンデータ,https://www.mhlw.go.jp/content/12300000/jigyosho_760.csv,2025-12末,https://www.google.com/search?q=%E7%A4%BE%E4%BC%9A%E7%A6%8F%E7%A5%89%E6%B3%95%E4%BA%BA%E3%80%80%E7%B7%91%E9%B4%8E%E4%BC%9A%E3%80%80%E3%81%BF%E3%81%A9%E3%82%8A%E5%AE%9A%E6%9C%9F%E5%B7%A1%E5%9B%9E%E3%82%B5%E3%83%BC%E3%83%93%E3%82%B9%20%E9%9D%92%E6%A3%AE%E5%B8%82
じけいかい定期巡回・随時対応型訪問介護看護事業所,定期巡回・随時対応型訪問介護看護,青森県,青森市,"介護,定期巡回・随時対応型訪問介護看護",定期巡回・随時対応型訪問介護看護の公式オープンデータから取り込んだ候補です。詳細は公式情報・電話・見学で確認してください。,http://www.jikei-kai.org,青森県青森市大字安田字近野136番地2,017-718-5230,厚生労働省オープンデータ,https://www.mhlw.go.jp/content/12300000/jigyosho_760.csv,2025-12末,https://www.google.com/search?q=%E3%81%98%E3%81%91%E3%81%84%E3%81%8B%E3%81%84%E5%AE%9A%E6%9C%9F%E5%B7%A1%E5%9B%9E%E3%83%BB%E9%9A%8F%E6%99%82%E5%AF%BE%E5%BF%9C%E5%9E%8B%E8%A8%AA%E5%95%8F%E4%BB%8B%E8%AD%B7%E7%9C%8B%E8%AD%B7%E4%BA%8B%E6%A5%AD%E6%89%80%20%E9%9D%92%E6%A3%AE%E5%B8%82
あおかい定期巡回ケア青森中央,定期巡回・随時対応型訪問介護看護,青森県,青森市,"介護,定期巡回・随時対応型訪問介護看護",定期巡回・随時対応型訪問介護看護の公式オープンデータから取り込んだ候補です。詳細は公式情報・電話・見学で確認してください。,https://aokaigo.co.jp,青森県青森市古川2丁目15番7号JMG古川ビル,017-718-3453,厚生労働省オープンデータ,https://www.mhlw.go.jp/content/12300000/jigyosho_760.csv,2025-12末,https://www.google.com/search?q=%E3%81%82%E3%81%8A%E3%81%8B%E3%81%84%E5%AE%9A%E6%9C%9F%E5%B7%A1%E5%9B%9E%E3%82%B1%E3%82%A2%E9%9D%92%E6%A3%AE%E4%B8%AD%E5%A4%AE%20%E9%9D%92%E6%A3%AE%E5%B8%82
定期巡回サービス和幸,定期巡回・随時対応型訪問介護看護,青森県,青森市,"介護,定期巡回・随時対応型訪問介護看護",定期巡回・随時対応型訪問介護看護の公式オープンデータから取り込んだ候補です。詳細は公式情報・電話・見学で確認してください。,http://www.wakouen.or.jp,青森市大字矢田字下野尻48番2,017-752-6248,厚生労働省オープンデータ,https://www.mhlw.go.jp/content/12300000/jigyosho_760.csv,2025-12末,https://www.google.com/search?q=%E5%AE%9A%E6%9C%9F%E5%B7%A1%E5%9B%9E%E3%82%B5%E3%83%BC%E3%83%93%E3%82%B9%E5%92%8C%E5%B9%B8%20%E9%9D%92%E6%A3%AE%E5%B8%82
ホームヘルパーステーション北星,定期巡回・随時対応型訪問介護看護,青森県,弘前市,"介護,定期巡回・随時対応型訪問介護看護",定期巡回・随時対応型訪問介護看護の公式オープンデータから取り込んだ候補です。詳細は公式情報・電話・見学で確認してください。,http://www.hokuseikotsu.co.jp,青森県弘前市新寺町62-1,0172-33-3555,厚生労働省オープンデータ,https://www.mhlw.go.jp/content/12300000/jigyosho_760.csv,2025-12末,https://www.google.com/search?q=%E3%83%9B%E3%83%BC%E3%83%A0%E3%83%98%E3%83%AB%E3%83%91%E3%83%BC%E3%82%B9%E3%83%86%E3%83%BC%E3%82%B7%E3%83%A7%E3%83%B3%E5%8C%97%E6%98%9F%20%E5%BC%98%E5%89%8D%E5%B8%82
瑞光園ホームヘルパーステーション,定期巡回・随時対応型訪問介護看護,青森県,八戸市,"介護,定期巡回・随時対応型訪問介護看護",定期巡回・随時対応型訪問介護看護の公式オープンデータから取り込んだ候補です。詳細は公式情報・電話・見学で確認してください。,http://zuikoen.or.jp/,八戸市大字大久保字大山32番1,0178-25-8517,厚生労働省オープンデータ,https://www.mhlw.go.jp/content/12300000/jigyosho_760.csv,2025-12末,https://www.google.com/search?q=%E7%91%9E%E5%85%89%E5%9C%92%E3%83%9B%E3%83%BC%E3%83%A0%E3%83%98%E3%83%AB%E3%83%91%E3%83%BC%E3%82%B9%E3%83%86%E3%83%BC%E3%82%B7%E3%83%A7%E3%83%B3%20%E5%85%AB%E6%88%B8%E5%B8%82
ビリーブ定期巡回ケア八戸中央,定期巡回・随時対応型訪問介護看護,青森県,八戸市,"介護,定期巡回・随時対応型訪問介護看護",定期巡回・随時対応型訪問介護看護の公式オープンデータから取り込んだ候補です。詳細は公式情報・電話・見学で確認してください。,http://believecare.jp/,類家５丁目27-1,0178-20-7750,厚生労働省オープンデータ,https://www.mhlw.go.jp/content/12300000/jigyosho_760.csv,2025-12末,https://www.google.com/search?q=%E3%83%93%E3%83%AA%E3%83%BC%E3%83%96%E5%AE%9A%E6%9C%9F%E5%B7%A1%E5%9B%9E%E3%82%B1%E3%82%A2%E5%85%AB%E6%88%B8%E4%B8%AD%E5%A4%AE%20%E5%85%AB%E6%88%B8%E5%B8%82
あんしんコールセンター生きがい十和田,定期巡回・随時対応型訪問介護看護,青森県,十和田市,"介護,定期巡回・随時対応型訪問介護看護",定期巡回・随時対応型訪問介護看護の公式オープンデータから取り込んだ候補です。詳細は公式情報・電話・見学で確認してください。,http://ikigai-towada.net,青森県十和田市三本木字一本木沢93-7,0176-23-3443,厚生労働省オープンデータ,https://www.mhlw.go.jp/content/12300000/jigyosho_760.csv,2025-12末,https://www.google.com/search?q=%E3%81%82%E3%82%93%E3%81%97%E3%82%93%E3%82%B3%E3%83%BC%E3%83%AB%E3%82%BB%E3%83%B3%E3%82%BF%E3%83%BC%E7%94%9F%E3%81%8D%E3%81%8C%E3%81%84%E5%8D%81%E5%92%8C%E7%94%B0%20%E5%8D%81%E5%92%8C%E7%94%B0%E5%B8%82
看護小規模多機能型居宅介護事業所　ひまわり,看護小規模多機能型居宅介護,青森県,青森市,"介護,看護小規模多機能型居宅介護,医療",看護小規模多機能型居宅介護の公式オープンデータから取り込んだ候補です。詳細は公式情報・電話・見学で確認してください。,http://www.aomori-h-coop.com/sakura/,青森市問屋町1-15-10看護小規模多機能型居宅介護事業所ひまわり,017-764-5020,厚生労働省オープンデータ,https://www.mhlw.go.jp/content/12300000/jigyosho_770.csv,2025-12末,https://www.google.com/search?q=%E7%9C%8B%E8%AD%B7%E5%B0%8F%E8%A6%8F%E6%A8%A1%E5%A4%9A%E6%A9%9F%E8%83%BD%E5%9E%8B%E5%B1%85%E5%AE%85%E4%BB%8B%E8%AD%B7%E4%BA%8B%E6%A5%AD%E6%89%80%E3%80%80%E3%81%B2%E3%81%BE%E3%82%8F%E3%82%8A%20%E9%9D%92%E6%A3%AE%E5%B8%82
社会福祉法人敬仁会　看護小規模多機能型居宅介護事業所まごころ,看護小規模多機能型居宅介護,青森県,青森市,"介護,看護小規模多機能型居宅介護,医療",看護小規模多機能型居宅介護の公式オープンデータから取り込んだ候補です。詳細は公式情報・電話・見学で確認してください。,http:wwwhp-keizinkai.or.jp,青森県青森市大字久栗坂字山辺89-10,017-737-5766,厚生労働省オープンデータ,https://www.mhlw.go.jp/content/12300000/jigyosho_770.csv,2025-12末,https://www.google.com/search?q=%E7%A4%BE%E4%BC%9A%E7%A6%8F%E7%A5%89%E6%B3%95%E4%BA%BA%E6%95%AC%E4%BB%81%E4%BC%9A%E3%80%80%E7%9C%8B%E8%AD%B7%E5%B0%8F%E8%A6%8F%E6%A8%A1%E5%A4%9A%E6%A9%9F%E8%83%BD%E5%9E%8B%E5%B1%85%E5%AE%85%E4%BB%8B%E8%AD%B7%E4%BA%8B%E6%A5%AD%E6%89%80%E3%81%BE%E3%81%94%E3%81%93%E3%82%8D%20%E9%9D%92%E6%A3%AE%E5%B8%82
看護小規模多機能ホーム　サンアップル,看護小規模多機能型居宅介護,青森県,弘前市,"介護,看護小規模多機能型居宅介護,医療",看護小規模多機能型居宅介護の公式オープンデータから取り込んだ候補です。詳細は公式情報・電話・見学で確認してください。,http://www.shichihoukai.or.jp/,青森県弘前市大字高杉字長谷野143番地1,0172-26-5330,厚生労働省オープンデータ,https://www.mhlw.go.jp/content/12300000/jigyosho_770.csv,2025-12末,https://www.google.com/search?q=%E7%9C%8B%E8%AD%B7%E5%B0%8F%E8%A6%8F%E6%A8%A1%E5%A4%9A%E6%A9%9F%E8%83%BD%E3%83%9B%E3%83%BC%E3%83%A0%E3%80%80%E3%82%B5%E3%83%B3%E3%82%A2%E3%83%83%E3%83%97%E3%83%AB%20%E5%BC%98%E5%89%8D%E5%B8%82
健生訪問看護ステーションたまち　ナーシングホームたまち,看護小規模多機能型居宅介護,青森県,弘前市,"介護,看護小規模多機能型居宅介護,医療",看護小規模多機能型居宅介護の公式オープンデータから取り込んだ候補です。詳細は公式情報・電話・見学で確認してください。,https://www.google.com/search?q=%E5%81%A5%E7%94%9F%E8%A8%AA%E5%95%8F%E7%9C%8B%E8%AD%B7%E3%82%B9%E3%83%86%E3%83%BC%E3%82%B7%E3%83%A7%E3%83%B3%E3%81%9F%E3%81%BE%E3%81%A1%E3%80%80%E3%83%8A%E3%83%BC%E3%82%B7%E3%83%B3%E3%82%B0%E3%83%9B%E3%83%BC%E3%83%A0%E3%81%9F%E3%81%BE%E3%81%A1%20%E5%BC%98%E5%89%8D%E5%B8%82,青森県弘前市大字向外瀬字豊田292番1健生介護センター虹　1階,0172-55-9724,厚生労働省オープンデータ,https://www.mhlw.go.jp/content/12300000/jigyosho_770.csv,2025-12末,https://www.google.com/search?q=%E5%81%A5%E7%94%9F%E8%A8%AA%E5%95%8F%E7%9C%8B%E8%AD%B7%E3%82%B9%E3%83%86%E3%83%BC%E3%82%B7%E3%83%A7%E3%83%B3%E3%81%9F%E3%81%BE%E3%81%A1%E3%80%80%E3%83%8A%E3%83%BC%E3%82%B7%E3%83%B3%E3%82%B0%E3%83%9B%E3%83%BC%E3%83%A0%E3%81%9F%E3%81%BE%E3%81%A1%20%E5%BC%98%E5%89%8D%E5%B8%82
看護多機能ホーム　まべちの風,看護小規模多機能型居宅介護,青森県,八戸市,"介護,看護小規模多機能型居宅介護,医療",看護小規模多機能型居宅介護の公式オープンデータから取り込んだ候補です。詳細は公式情報・電話・見学で確認してください。,http://cms.jimdo.com/cms/,青森県八戸市大字尻内町字表河原３１－２,0178-38-1088,厚生労働省オープンデータ,https://www.mhlw.go.jp/content/12300000/jigyosho_770.csv,2025-12末,https://www.google.com/search?q=%E7%9C%8B%E8%AD%B7%E5%A4%9A%E6%A9%9F%E8%83%BD%E3%83%9B%E3%83%BC%E3%83%A0%E3%80%80%E3%81%BE%E3%81%B9%E3%81%A1%E3%81%AE%E9%A2%A8%20%E5%85%AB%E6%88%B8%E5%B8%82
看護小規模多機能ケアパークこうよう,看護小規模多機能型居宅介護,青森県,八戸市,"介護,看護小規模多機能型居宅介護,医療",看護小規模多機能型居宅介護の公式オープンデータから取り込んだ候補です。詳細は公式情報・電話・見学で確認してください。,https://www.net-pier.org/,青森県八戸市江陽二丁目１番３２号クローバーズ・ピアこうよう,0178-45-1573,厚生労働省オープンデータ,https://www.mhlw.go.jp/content/12300000/jigyosho_770.csv,2025-12末,https://www.google.com/search?q=%E7%9C%8B%E8%AD%B7%E5%B0%8F%E8%A6%8F%E6%A8%A1%E5%A4%9A%E6%A9%9F%E8%83%BD%E3%82%B1%E3%82%A2%E3%83%91%E3%83%BC%E3%82%AF%E3%81%93%E3%81%86%E3%82%88%E3%81%86%20%E5%85%AB%E6%88%B8%E5%B8%82
看護小規模多機能ホームラインヒルズ,看護小規模多機能型居宅介護,青森県,八戸市,"介護,看護小規模多機能型居宅介護,医療",看護小規模多機能型居宅介護の公式オープンデータから取り込んだ候補です。詳細は公式情報・電話・見学で確認してください。,https://www.google.com/search?q=%E7%9C%8B%E8%AD%B7%E5%B0%8F%E8%A6%8F%E6%A8%A1%E5%A4%9A%E6%A9%9F%E8%83%BD%E3%83%9B%E3%83%BC%E3%83%A0%E3%83%A9%E3%82%A4%E3%83%B3%E3%83%92%E3%83%AB%E3%82%BA%20%E5%85%AB%E6%88%B8%E5%B8%82,青森県八戸市新井田字木戸場20,0178-20-7706,厚生労働省オープンデータ,https://www.mhlw.go.jp/content/12300000/jigyosho_770.csv,2025-12末,https://www.google.com/search?q=%E7%9C%8B%E8%AD%B7%E5%B0%8F%E8%A6%8F%E6%A8%A1%E5%A4%9A%E6%A9%9F%E8%83%BD%E3%83%9B%E3%83%BC%E3%83%A0%E3%83%A9%E3%82%A4%E3%83%B3%E3%83%92%E3%83%AB%E3%82%BA%20%E5%85%AB%E6%88%B8%E5%B8%82
生協看護小規模多機能ホーム虹の家,看護小規模多機能型居宅介護,青森県,八戸市,"介護,看護小規模多機能型居宅介護,医療",看護小規模多機能型居宅介護の公式オープンデータから取り込んだ候補です。詳細は公式情報・電話・見学で確認してください。,https://www.hadhinohe-iryou.jp/,青森県八戸市南類家1丁目13-10,0178-32-7330,厚生労働省オープンデータ,https://www.mhlw.go.jp/content/12300000/jigyosho_770.csv,2025-12末,https://www.google.com/search?q=%E7%94%9F%E5%8D%94%E7%9C%8B%E8%AD%B7%E5%B0%8F%E8%A6%8F%E6%A8%A1%E5%A4%9A%E6%A9%9F%E8%83%BD%E3%83%9B%E3%83%BC%E3%83%A0%E8%99%B9%E3%81%AE%E5%AE%B6%20%E5%85%AB%E6%88%B8%E5%B8%82
ナースケア２４,看護小規模多機能型居宅介護,青森県,十和田市,"介護,看護小規模多機能型居宅介護,医療",看護小規模多機能型居宅介護の公式オープンデータから取り込んだ候補です。詳細は公式情報・電話・見学で確認してください。,http://ikigai-towada.net/,青森県十和田市大字三本木字一本木沢93番地7,0176-25-3113,厚生労働省オープンデータ,https://www.mhlw.go.jp/content/12300000/jigyosho_770.csv,2025-12末,https://www.google.com/search?q=%E3%83%8A%E3%83%BC%E3%82%B9%E3%82%B1%E3%82%A2%EF%BC%92%EF%BC%94%20%E5%8D%81%E5%92%8C%E7%94%B0%E5%B8%82
看護多機能サービス　如来苑,看護小規模多機能型居宅介護,青森県,南部町,"介護,看護小規模多機能型居宅介護,医療",看護小規模多機能型居宅介護の公式オープンデータから取り込んだ候補です。詳細は公式情報・電話・見学で確認してください。,https://www.google.com/search?q=%E7%9C%8B%E8%AD%B7%E5%A4%9A%E6%A9%9F%E8%83%BD%E3%82%B5%E3%83%BC%E3%83%93%E3%82%B9%E3%80%80%E5%A6%82%E6%9D%A5%E8%8B%91%20%E5%8D%97%E9%83%A8%E7%94%BA,青森県三戸郡南部町大字下名久井字青柳4番地1,0178-60-7581,厚生労働省オープンデータ,https://www.mhlw.go.jp/content/12300000/jigyosho_770.csv,2025-12末,https://www.google.com/search?q=%E7%9C%8B%E8%AD%B7%E5%A4%9A%E6%A9%9F%E8%83%BD%E3%82%B5%E3%83%BC%E3%83%93%E3%82%B9%E3%80%80%E5%A6%82%E6%9D%A5%E8%8B%91%20%E5%8D%97%E9%83%A8%E7%94%BA
ケアサポートステーション清風荘デイサービス,地域密着型デイサービス,青森県,青森市,"介護,地域密着型デイサービス",日中に通って食事・入浴・機能訓練・見守りなどを受けるサービスです。,http://www.s-care.jp,青森県青森市大字新城字福田308-20,017-718-5222,厚生労働省オープンデータ,https://www.mhlw.go.jp/content/12300000/jigyosho_780.csv,2025-12末,https://www.google.com/search?q=%E3%82%B1%E3%82%A2%E3%82%B5%E3%83%9D%E3%83%BC%E3%83%88%E3%82%B9%E3%83%86%E3%83%BC%E3%82%B7%E3%83%A7%E3%83%B3%E6%B8%85%E9%A2%A8%E8%8D%98%E3%83%87%E3%82%A4%E3%82%B5%E3%83%BC%E3%83%93%E3%82%B9%20%E9%9D%92%E6%A3%AE%E5%B8%82
デイサービス　元気,地域密着型デイサービス,青森県,青森市,"介護,地域密着型デイサービス",日中に通って食事・入浴・機能訓練・見守りなどを受けるサービスです。,https://www.google.com/search?q=%E3%83%87%E3%82%A4%E3%82%B5%E3%83%BC%E3%83%93%E3%82%B9%E3%80%80%E5%85%83%E6%B0%97%20%E9%9D%92%E6%A3%AE%E5%B8%82,青森市三内丸山323,017-763-0330,厚生労働省オープンデータ,https://www.mhlw.go.jp/content/12300000/jigyosho_780.csv,2025-12末,https://www.google.com/search?q=%E3%83%87%E3%82%A4%E3%82%B5%E3%83%BC%E3%83%93%E3%82%B9%E3%80%80%E5%85%83%E6%B0%97%20%E9%9D%92%E6%A3%AE%E5%B8%82
デイサービスワンライブ,地域密着型デイサービス,青森県,青森市,"介護,地域密着型デイサービス",日中に通って食事・入浴・機能訓練・見守りなどを受けるサービスです。,https://www.google.com/search?q=%E3%83%87%E3%82%A4%E3%82%B5%E3%83%BC%E3%83%93%E3%82%B9%E3%83%AF%E3%83%B3%E3%83%A9%E3%82%A4%E3%83%96%20%E9%9D%92%E6%A3%AE%E5%B8%82,青森県青森市港町2丁目１３－７,017-763-5811,厚生労働省オープンデータ,https://www.mhlw.go.jp/content/12300000/jigyosho_780.csv,2025-12末,https://www.google.com/search?q=%E3%83%87%E3%82%A4%E3%82%B5%E3%83%BC%E3%83%93%E3%82%B9%E3%83%AF%E3%83%B3%E3%83%A9%E3%82%A4%E3%83%96%20%E9%9D%92%E6%A3%AE%E5%B8%82
デイサービスセンターあうら,地域密着型デイサービス,青森県,青森市,"介護,地域密着型デイサービス",日中に通って食事・入浴・機能訓練・見守りなどを受けるサービスです。,http://www.aura-group.jp/,青森県青森市幸畑２丁目６番10号,017-763-5130,厚生労働省オープンデータ,https://www.mhlw.go.jp/content/12300000/jigyosho_780.csv,2025-12末,https://www.google.com/search?q=%E3%83%87%E3%82%A4%E3%82%B5%E3%83%BC%E3%83%93%E3%82%B9%E3%82%BB%E3%83%B3%E3%82%BF%E3%83%BC%E3%81%82%E3%81%86%E3%82%89%20%E9%9D%92%E6%A3%AE%E5%B8%82
息吹リハデイ,地域密着型デイサービス,青森県,青森市,"介護,地域密着型デイサービス",日中に通って食事・入浴・機能訓練・見守りなどを受けるサービスです。,http://feelyourbreath.hp.gogo.jp/pc/index.html,桜川７丁目１１－１,017-752-8679,厚生労働省オープンデータ,https://www.mhlw.go.jp/content/12300000/jigyosho_780.csv,2025-12末,https://www.google.com/search?q=%E6%81%AF%E5%90%B9%E3%83%AA%E3%83%8F%E3%83%87%E3%82%A4%20%E9%9D%92%E6%A3%AE%E5%B8%82
リハビリ特化型デイサービスあゆみ,地域密着型デイサービス,青森県,青森市,"介護,地域密着型デイサービス",日中に通って食事・入浴・機能訓練・見守りなどを受けるサービスです。,http://www.heartcare-service.com/company.html,青森県青森市本町３丁目４－１１はままち団地１階,０１７－７７６－００２２,厚生労働省オープンデータ,https://www.mhlw.go.jp/content/12300000/jigyosho_780.csv,2025-12末,https://www.google.com/search?q=%E3%83%AA%E3%83%8F%E3%83%93%E3%83%AA%E7%89%B9%E5%8C%96%E5%9E%8B%E3%83%87%E3%82%A4%E3%82%B5%E3%83%BC%E3%83%93%E3%82%B9%E3%81%82%E3%82%86%E3%81%BF%20%E9%9D%92%E6%A3%AE%E5%B8%82
デイサービスきたえるーむ青森三内,地域密着型デイサービス,青森県,青森市,"介護,地域密着型デイサービス",日中に通って食事・入浴・機能訓練・見守りなどを受けるサービスです。,https://kitaeroom.com/,青森県青森市大字三内字稲元90-7,017-718-7836,厚生労働省オープンデータ,https://www.mhlw.go.jp/content/12300000/jigyosho_780.csv,2025-12末,https://www.google.com/search?q=%E3%83%87%E3%82%A4%E3%82%B5%E3%83%BC%E3%83%93%E3%82%B9%E3%81%8D%E3%81%9F%E3%81%88%E3%82%8B%E3%83%BC%E3%82%80%E9%9D%92%E6%A3%AE%E4%B8%89%E5%86%85%20%E9%9D%92%E6%A3%AE%E5%B8%82
デイサービス喜楽,地域密着型デイサービス,青森県,青森市,"介護,地域密着型デイサービス",日中に通って食事・入浴・機能訓練・見守りなどを受けるサービスです。,https://aomorishi-nisioono--kiraku--kiraku.studio.site/,青森県青森市西大野三丁目１１番地４シャーメゾンMIWA　　1F,０１７－７１８－３０２０,厚生労働省オープンデータ,https://www.mhlw.go.jp/content/12300000/jigyosho_780.csv,2025-12末,https://www.google.com/search?q=%E3%83%87%E3%82%A4%E3%82%B5%E3%83%BC%E3%83%93%E3%82%B9%E5%96%9C%E6%A5%BD%20%E9%9D%92%E6%A3%AE%E5%B8%82
第二デイサービス喜楽,地域密着型デイサービス,青森県,青森市,"介護,地域密着型デイサービス",日中に通って食事・入浴・機能訓練・見守りなどを受けるサービスです。,https://aomorishi-nisioono--kiraku--kiraku.studio.site/,青森市西大野三丁目１１番地１９,０１７－７６３－０６１１,厚生労働省オープンデータ,https://www.mhlw.go.jp/content/12300000/jigyosho_780.csv,2025-12末,https://www.google.com/search?q=%E7%AC%AC%E4%BA%8C%E3%83%87%E3%82%A4%E3%82%B5%E3%83%BC%E3%83%93%E3%82%B9%E5%96%9C%E6%A5%BD%20%E9%9D%92%E6%A3%AE%E5%B8%82
デイサービスてｔｏて,地域密着型デイサービス,青森県,青森市,"介護,地域密着型デイサービス",日中に通って食事・入浴・機能訓練・見守りなどを受けるサービスです。,https://www.google.com/search?q=%E3%83%87%E3%82%A4%E3%82%B5%E3%83%BC%E3%83%93%E3%82%B9%E3%81%A6%EF%BD%94%EF%BD%8F%E3%81%A6%20%E9%9D%92%E6%A3%AE%E5%B8%82,青森県青森市赤坂1丁目46‐14,017-752-1234,厚生労働省オープンデータ,https://www.mhlw.go.jp/content/12300000/jigyosho_780.csv,2025-12末,https://www.google.com/search?q=%E3%83%87%E3%82%A4%E3%82%B5%E3%83%BC%E3%83%93%E3%82%B9%E3%81%A6%EF%BD%94%EF%BD%8F%E3%81%A6%20%E9%9D%92%E6%A3%AE%E5%B8%82
1,地域密着型デイサービス,青森県,青森市,"介護,地域密着型デイサービス",日中に通って食事・入浴・機能訓練・見守りなどを受けるサービスです。,ｈｔｔｐ,1,1,厚生労働省オープンデータ,https://www.mhlw.go.jp/content/12300000/jigyosho_780.csv,2025-12末,https://www.google.com/search?q=1%20%E9%9D%92%E6%A3%AE%E5%B8%82
デイサービスセンターかねはま,地域密着型デイサービス,青森県,青森市,"介護,地域密着型デイサービス",日中に通って食事・入浴・機能訓練・見守りなどを受けるサービスです。,http://kanehama.jp,青森県青森市大字大別内字葛野180番地,017-739-7201,厚生労働省オープンデータ,https://www.mhlw.go.jp/content/12300000/jigyosho_780.csv,2025-12末,https://www.google.com/search?q=%E3%83%87%E3%82%A4%E3%82%B5%E3%83%BC%E3%83%93%E3%82%B9%E3%82%BB%E3%83%B3%E3%82%BF%E3%83%BC%E3%81%8B%E3%81%AD%E3%81%AF%E3%81%BE%20%E9%9D%92%E6%A3%AE%E5%B8%82
デイサービスセンター三思園,地域密着型デイサービス,青森県,青森市,"介護,地域密着型デイサービス",日中に通って食事・入浴・機能訓練・見守りなどを受けるサービスです。,https://sanshien.site/,青森市大字横内字若草1番地1,017-728-1133,厚生労働省オープンデータ,https://www.mhlw.go.jp/content/12300000/jigyosho_780.csv,2025-12末,https://www.google.com/search?q=%E3%83%87%E3%82%A4%E3%82%B5%E3%83%BC%E3%83%93%E3%82%B9%E3%82%BB%E3%83%B3%E3%82%BF%E3%83%BC%E4%B8%89%E6%80%9D%E5%9C%92%20%E9%9D%92%E6%A3%AE%E5%B8%82
デイサービスセンター　あおいうみ,地域密着型デイサービス,青森県,青森市,"介護,地域密着型デイサービス",日中に通って食事・入浴・機能訓練・見守りなどを受けるサービスです。,www.amc-headquarters-med,青森県青森市安方1丁目103-2,017-721-1111,厚生労働省オープンデータ,https://www.mhlw.go.jp/content/12300000/jigyosho_780.csv,2025-12末,https://www.google.com/search?q=%E3%83%87%E3%82%A4%E3%82%B5%E3%83%BC%E3%83%93%E3%82%B9%E3%82%BB%E3%83%B3%E3%82%BF%E3%83%BC%E3%80%80%E3%81%82%E3%81%8A%E3%81%84%E3%81%86%E3%81%BF%20%E9%9D%92%E6%A3%AE%E5%B8%82
デイサービスセンター小牧野,地域密着型デイサービス,青森県,青森市,"介護,地域密着型デイサービス",日中に通って食事・入浴・機能訓練・見守りなどを受けるサービスです。,https://www.big-advance.site/c/188/1260/profile,青森県青森市大字荒川字筒井306-11,017-752-6651,厚生労働省オープンデータ,https://www.mhlw.go.jp/content/12300000/jigyosho_780.csv,2025-12末,https://www.google.com/search?q=%E3%83%87%E3%82%A4%E3%82%B5%E3%83%BC%E3%83%93%E3%82%B9%E3%82%BB%E3%83%B3%E3%82%BF%E3%83%BC%E5%B0%8F%E7%89%A7%E9%87%8E%20%E9%9D%92%E6%A3%AE%E5%B8%82
デイサービスさくらの家,地域密着型デイサービス,青森県,青森市,"介護,地域密着型デイサービス",日中に通って食事・入浴・機能訓練・見守りなどを受けるサービスです。,https://www.google.com/search?q=%E3%83%87%E3%82%A4%E3%82%B5%E3%83%BC%E3%83%93%E3%82%B9%E3%81%95%E3%81%8F%E3%82%89%E3%81%AE%E5%AE%B6%20%E9%9D%92%E6%A3%AE%E5%B8%82,青森県青森市桜川5丁目17番6号,017-718-3815,厚生労働省オープンデータ,https://www.mhlw.go.jp/content/12300000/jigyosho_780.csv,2025-12末,https://www.google.com/search?q=%E3%83%87%E3%82%A4%E3%82%B5%E3%83%BC%E3%83%93%E3%82%B9%E3%81%95%E3%81%8F%E3%82%89%E3%81%AE%E5%AE%B6%20%E9%9D%92%E6%A3%AE%E5%B8%82
デイサービス　さくら,地域密着型デイサービス,青森県,青森市,"介護,地域密着型デイサービス",日中に通って食事・入浴・機能訓練・見守りなどを受けるサービスです。,https://www.google.com/search?q=%E3%83%87%E3%82%A4%E3%82%B5%E3%83%BC%E3%83%93%E3%82%B9%E3%80%80%E3%81%95%E3%81%8F%E3%82%89%20%E9%9D%92%E6%A3%AE%E5%B8%82,青森県青森市小柳一丁目18-11,017-752-8350,厚生労働省オープンデータ,https://www.mhlw.go.jp/content/12300000/jigyosho_780.csv,2025-12末,https://www.google.com/search?q=%E3%83%87%E3%82%A4%E3%82%B5%E3%83%BC%E3%83%93%E3%82%B9%E3%80%80%E3%81%95%E3%81%8F%E3%82%89%20%E9%9D%92%E6%A3%AE%E5%B8%82
小規模デイサービスアウルの森,地域密着型デイサービス,青森県,青森市,"介護,地域密着型デイサービス",日中に通って食事・入浴・機能訓練・見守りなどを受けるサービスです。,http://www.owl-llc.jp/,青森県青森市松森３丁目１－１０,017-742-2450,厚生労働省オープンデータ,https://www.mhlw.go.jp/content/12300000/jigyosho_780.csv,2025-12末,https://www.google.com/search?q=%E5%B0%8F%E8%A6%8F%E6%A8%A1%E3%83%87%E3%82%A4%E3%82%B5%E3%83%BC%E3%83%93%E3%82%B9%E3%82%A2%E3%82%A6%E3%83%AB%E3%81%AE%E6%A3%AE%20%E9%9D%92%E6%A3%AE%E5%B8%82
デイサービス沢庵,地域密着型デイサービス,青森県,青森市,"介護,地域密着型デイサービス",日中に通って食事・入浴・機能訓練・見守りなどを受けるサービスです。,http://day-takuan.jp,青森県青森市桂木4丁目3-14,017-752-1638,厚生労働省オープンデータ,https://www.mhlw.go.jp/content/12300000/jigyosho_780.csv,2025-12末,https://www.google.com/search?q=%E3%83%87%E3%82%A4%E3%82%B5%E3%83%BC%E3%83%93%E3%82%B9%E6%B2%A2%E5%BA%B5%20%E9%9D%92%E6%A3%AE%E5%B8%82
デイサービス　美法,地域密着型デイサービス,青森県,青森市,"介護,地域密着型デイサービス",日中に通って食事・入浴・機能訓練・見守りなどを受けるサービスです。,https://www.google.com/search?q=%E3%83%87%E3%82%A4%E3%82%B5%E3%83%BC%E3%83%93%E3%82%B9%E3%80%80%E7%BE%8E%E6%B3%95%20%E9%9D%92%E6%A3%AE%E5%B8%82,古川1丁目10-9-1,017-735-6625,厚生労働省オープンデータ,https://www.mhlw.go.jp/content/12300000/jigyosho_780.csv,2025-12末,https://www.google.com/search?q=%E3%83%87%E3%82%A4%E3%82%B5%E3%83%BC%E3%83%93%E3%82%B9%E3%80%80%E7%BE%8E%E6%B3%95%20%E9%9D%92%E6%A3%AE%E5%B8%82
機能訓練特化型　しのだディサービス,地域密着型デイサービス,青森県,青森市,"介護,地域密着型デイサービス",日中に通って食事・入浴・機能訓練・見守りなどを受けるサービスです。,http://care-net.biz/02/senjyu/,篠田1丁目9番11号青森クリニック　3階,017-763-0527,厚生労働省オープンデータ,https://www.mhlw.go.jp/content/12300000/jigyosho_780.csv,2025-12末,https://www.google.com/search?q=%E6%A9%9F%E8%83%BD%E8%A8%93%E7%B7%B4%E7%89%B9%E5%8C%96%E5%9E%8B%E3%80%80%E3%81%97%E3%81%AE%E3%81%A0%E3%83%87%E3%82%A3%E3%82%B5%E3%83%BC%E3%83%93%E3%82%B9%20%E9%9D%92%E6%A3%AE%E5%B8%82
優・遊　介護ステーション,地域密着型デイサービス,青森県,青森市,"介護,地域密着型デイサービス",日中に通って食事・入浴・機能訓練・見守りなどを受けるサービスです。,https://www.google.com/search?q=%E5%84%AA%E3%83%BB%E9%81%8A%E3%80%80%E4%BB%8B%E8%AD%B7%E3%82%B9%E3%83%86%E3%83%BC%E3%82%B7%E3%83%A7%E3%83%B3%20%E9%9D%92%E6%A3%AE%E5%B8%82,青森県青森市六枚橋字磯打40-1,017-754-3993,厚生労働省オープンデータ,https://www.mhlw.go.jp/content/12300000/jigyosho_780.csv,2025-12末,https://www.google.com/search?q=%E5%84%AA%E3%83%BB%E9%81%8A%E3%80%80%E4%BB%8B%E8%AD%B7%E3%82%B9%E3%83%86%E3%83%BC%E3%82%B7%E3%83%A7%E3%83%B3%20%E9%9D%92%E6%A3%AE%E5%B8%82
デイサービス　ブロンディ,地域密着型デイサービス,青森県,青森市,"介護,地域密着型デイサービス",日中に通って食事・入浴・機能訓練・見守りなどを受けるサービスです。,https://blondie-co-jp.sakura.ne.jp/,浜田1丁目6番1号,017-739-5514,厚生労働省オープンデータ,https://www.mhlw.go.jp/content/12300000/jigyosho_780.csv,2025-12末,https://www.google.com/search?q=%E3%83%87%E3%82%A4%E3%82%B5%E3%83%BC%E3%83%93%E3%82%B9%E3%80%80%E3%83%96%E3%83%AD%E3%83%B3%E3%83%87%E3%82%A3%20%E9%9D%92%E6%A3%AE%E5%B8%82
青い鳥ハッピーホーム　リハビリスト俱楽部・ハッピーホーム,地域密着型デイサービス,青森県,青森市,"介護,地域密着型デイサービス",日中に通って食事・入浴・機能訓練・見守りなどを受けるサービスです。,www.aoitori-happyhome.jp,青森県青森市松森１丁目１５番地15号青い鳥ハッピーホーム　リハビリスト俱楽部・ハッピーホーム,0177446100,厚生労働省オープンデータ,https://www.mhlw.go.jp/content/12300000/jigyosho_780.csv,2025-12末,https://www.google.com/search?q=%E9%9D%92%E3%81%84%E9%B3%A5%E3%83%8F%E3%83%83%E3%83%94%E3%83%BC%E3%83%9B%E3%83%BC%E3%83%A0%E3%80%80%E3%83%AA%E3%83%8F%E3%83%93%E3%83%AA%E3%82%B9%E3%83%88%E4%BF%B1%E6%A5%BD%E9%83%A8%E3%83%BB%E3%83%8F%E3%83%83%E3%83%94%E3%83%BC%E3%83%9B%E3%83%BC%E3%83%A0%20%E9%9D%92%E6%A3%AE%E5%B8%82
通所介護うぇるかめ,地域密着型デイサービス,青森県,青森市,"介護,地域密着型デイサービス",日中に通って食事・入浴・機能訓練・見守りなどを受けるサービスです。,https://www.google.com/search?q=%E9%80%9A%E6%89%80%E4%BB%8B%E8%AD%B7%E3%81%86%E3%81%87%E3%82%8B%E3%81%8B%E3%82%81%20%E9%9D%92%E6%A3%AE%E5%B8%82,青森県青森市幸畑１丁目９番5号,017-738-2639,厚生労働省オープンデータ,https://www.mhlw.go.jp/content/12300000/jigyosho_780.csv,2025-12末,https://www.google.com/search?q=%E9%80%9A%E6%89%80%E4%BB%8B%E8%AD%B7%E3%81%86%E3%81%87%E3%82%8B%E3%81%8B%E3%82%81%20%E9%9D%92%E6%A3%AE%E5%B8%82
デイサービスセンター　ビバ・イン,地域密着型デイサービス,青森県,青森市,"介護,地域密着型デイサービス",日中に通って食事・入浴・機能訓練・見守りなどを受けるサービスです。,http://www.viva-inn.jp,青森県青森市奥野２丁目２０－１有料老人ホーム　ビバ・イン松原,０１７－７２１－３３６６,厚生労働省オープンデータ,https://www.mhlw.go.jp/content/12300000/jigyosho_780.csv,2025-12末,https://www.google.com/search?q=%E3%83%87%E3%82%A4%E3%82%B5%E3%83%BC%E3%83%93%E3%82%B9%E3%82%BB%E3%83%B3%E3%82%BF%E3%83%BC%E3%80%80%E3%83%93%E3%83%90%E3%83%BB%E3%82%A4%E3%83%B3%20%E9%9D%92%E6%A3%AE%E5%B8%82
デイサービス遊楽苑,地域密着型デイサービス,青森県,青森市,"介護,地域密着型デイサービス",日中に通って食事・入浴・機能訓練・見守りなどを受けるサービスです。,http://www.yurakuen-egao.co.jp/,青森県青森市小柳3-6-12ﾃﾞｲｻｰﾋﾞｽ遊楽苑,017-772-9981,厚生労働省オープンデータ,https://www.mhlw.go.jp/content/12300000/jigyosho_780.csv,2025-12末,https://www.google.com/search?q=%E3%83%87%E3%82%A4%E3%82%B5%E3%83%BC%E3%83%93%E3%82%B9%E9%81%8A%E6%A5%BD%E8%8B%91%20%E9%9D%92%E6%A3%AE%E5%B8%82
デイサービス　みちのく,地域密着型デイサービス,青森県,青森市,"介護,地域密着型デイサービス",日中に通って食事・入浴・機能訓練・見守りなどを受けるサービスです。,http://m-hakujukai.com/,青森市港町2丁目10-15,017-744-7586,厚生労働省オープンデータ,https://www.mhlw.go.jp/content/12300000/jigyosho_780.csv,2025-12末,https://www.google.com/search?q=%E3%83%87%E3%82%A4%E3%82%B5%E3%83%BC%E3%83%93%E3%82%B9%E3%80%80%E3%81%BF%E3%81%A1%E3%81%AE%E3%81%8F%20%E9%9D%92%E6%A3%AE%E5%B8%82
デイサービスセンターまごの手,地域密着型デイサービス,青森県,青森市,"介護,地域密着型デイサービス",日中に通って食事・入浴・機能訓練・見守りなどを受けるサービスです。,http://magocoro-co.jp,青森県青森市油川柳川54-8,017-763-2320,厚生労働省オープンデータ,https://www.mhlw.go.jp/content/12300000/jigyosho_780.csv,2025-12末,https://www.google.com/search?q=%E3%83%87%E3%82%A4%E3%82%B5%E3%83%BC%E3%83%93%E3%82%B9%E3%82%BB%E3%83%B3%E3%82%BF%E3%83%BC%E3%81%BE%E3%81%94%E3%81%AE%E6%89%8B%20%E9%9D%92%E6%A3%AE%E5%B8%82
デイサービス八ツ橋,地域密着型デイサービス,青森県,青森市,"介護,地域密着型デイサービス",日中に通って食事・入浴・機能訓練・見守りなどを受けるサービスです。,https://www.google.com/search?q=%E3%83%87%E3%82%A4%E3%82%B5%E3%83%BC%E3%83%93%E3%82%B9%E5%85%AB%E3%83%84%E6%A9%8B%20%E9%9D%92%E6%A3%AE%E5%B8%82,青森県青森市大字筒井字八ツ橋31-141,017-728-1721,厚生労働省オープンデータ,https://www.mhlw.go.jp/content/12300000/jigyosho_780.csv,2025-12末,https://www.google.com/search?q=%E3%83%87%E3%82%A4%E3%82%B5%E3%83%BC%E3%83%93%E3%82%B9%E5%85%AB%E3%83%84%E6%A9%8B%20%E9%9D%92%E6%A3%AE%E5%B8%82
桃花,地域密着型デイサービス,青森県,青森市,"介護,地域密着型デイサービス",日中に通って食事・入浴・機能訓練・見守りなどを受けるサービスです。,http://www2.actv.ne.jp/~tougen1/,青森県青森市大字安田字近野３３５番地１,017-757-8351,厚生労働省オープンデータ,https://www.mhlw.go.jp/content/12300000/jigyosho_780.csv,2025-12末,https://www.google.com/search?q=%E6%A1%83%E8%8A%B1%20%E9%9D%92%E6%A3%AE%E5%B8%82
デイサービス虹のひろば新城,地域密着型デイサービス,青森県,青森市,"介護,地域密着型デイサービス",日中に通って食事・入浴・機能訓練・見守りなどを受けるサービスです。,http://www.nijiweb.net,青森県青森市新城字平岡190-34,017-757-9005,厚生労働省オープンデータ,https://www.mhlw.go.jp/content/12300000/jigyosho_780.csv,2025-12末,https://www.google.com/search?q=%E3%83%87%E3%82%A4%E3%82%B5%E3%83%BC%E3%83%93%E3%82%B9%E8%99%B9%E3%81%AE%E3%81%B2%E3%82%8D%E3%81%B0%E6%96%B0%E5%9F%8E%20%E9%9D%92%E6%A3%AE%E5%B8%82
中央デイサービスリハビリクラブ,地域密着型デイサービス,青森県,青森市,"介護,地域密着型デイサービス",日中に通って食事・入浴・機能訓練・見守りなどを受けるサービスです。,https://www.google.com/search?q=%E4%B8%AD%E5%A4%AE%E3%83%87%E3%82%A4%E3%82%B5%E3%83%BC%E3%83%93%E3%82%B9%E3%83%AA%E3%83%8F%E3%83%93%E3%83%AA%E3%82%AF%E3%83%A9%E3%83%96%20%E9%9D%92%E6%A3%AE%E5%B8%82,青森県青森市中央２丁目１番６号,017-723-3185,厚生労働省オープンデータ,https://www.mhlw.go.jp/content/12300000/jigyosho_780.csv,2025-12末,https://www.google.com/search?q=%E4%B8%AD%E5%A4%AE%E3%83%87%E3%82%A4%E3%82%B5%E3%83%BC%E3%83%93%E3%82%B9%E3%83%AA%E3%83%8F%E3%83%93%E3%83%AA%E3%82%AF%E3%83%A9%E3%83%96%20%E9%9D%92%E6%A3%AE%E5%B8%82
生活動作訓練型デイサービス　ほーむ,地域密着型デイサービス,青森県,青森市,"介護,地域密着型デイサービス",日中に通って食事・入浴・機能訓練・見守りなどを受けるサービスです。,http://www.ai-support.info,青森県青森市羽白字池上38-9,017-752-7504,厚生労働省オープンデータ,https://www.mhlw.go.jp/content/12300000/jigyosho_780.csv,2025-12末,https://www.google.com/search?q=%E7%94%9F%E6%B4%BB%E5%8B%95%E4%BD%9C%E8%A8%93%E7%B7%B4%E5%9E%8B%E3%83%87%E3%82%A4%E3%82%B5%E3%83%BC%E3%83%93%E3%82%B9%E3%80%80%E3%81%BB%E3%83%BC%E3%82%80%20%E9%9D%92%E6%A3%AE%E5%B8%82
リハビリスト倶楽部・メリーランド,地域密着型デイサービス,青森県,青森市,"介護,地域密着型デイサービス",日中に通って食事・入浴・機能訓練・見守りなどを受けるサービスです。,www.merryland-aomori.jp,奥野2丁目19‐1,017-718-1522,厚生労働省オープンデータ,https://www.mhlw.go.jp/content/12300000/jigyosho_780.csv,2025-12末,https://www.google.com/search?q=%E3%83%AA%E3%83%8F%E3%83%93%E3%83%AA%E3%82%B9%E3%83%88%E5%80%B6%E6%A5%BD%E9%83%A8%E3%83%BB%E3%83%A1%E3%83%AA%E3%83%BC%E3%83%A9%E3%83%B3%E3%83%89%20%E9%9D%92%E6%A3%AE%E5%B8%82
樹楽　新青森,地域密着型デイサービス,青森県,青森市,"介護,地域密着型デイサービス",日中に通って食事・入浴・機能訓練・見守りなどを受けるサービスです。,https://www.google.com/search?q=%E6%A8%B9%E6%A5%BD%E3%80%80%E6%96%B0%E9%9D%92%E6%A3%AE%20%E9%9D%92%E6%A3%AE%E5%B8%82,青森県青森市三内沢部418-11樹楽　新青森,017-674-6755,厚生労働省オープンデータ,https://www.mhlw.go.jp/content/12300000/jigyosho_780.csv,2025-12末,https://www.google.com/search?q=%E6%A8%B9%E6%A5%BD%E3%80%80%E6%96%B0%E9%9D%92%E6%A3%AE%20%E9%9D%92%E6%A3%AE%E5%B8%82
デイサービスいきいきクラブ桂木,地域密着型デイサービス,青森県,青森市,"介護,地域密着型デイサービス",日中に通って食事・入浴・機能訓練・見守りなどを受けるサービスです。,https://yorimichi.iki-iki.co.jp/club/,青森県青森市桂木3丁目18-2,017-757-8938,厚生労働省オープンデータ,https://www.mhlw.go.jp/content/12300000/jigyosho_780.csv,2025-12末,https://www.google.com/search?q=%E3%83%87%E3%82%A4%E3%82%B5%E3%83%BC%E3%83%93%E3%82%B9%E3%81%84%E3%81%8D%E3%81%84%E3%81%8D%E3%82%AF%E3%83%A9%E3%83%96%E6%A1%82%E6%9C%A8%20%E9%9D%92%E6%A3%AE%E5%B8%82
コンパスウォーク青森千刈,地域密着型デイサービス,青森県,青森市,"介護,地域密着型デイサービス",日中に通って食事・入浴・機能訓練・見守りなどを受けるサービスです。,https://www.google.com/search?q=%E3%82%B3%E3%83%B3%E3%83%91%E3%82%B9%E3%82%A6%E3%82%A9%E3%83%BC%E3%82%AF%E9%9D%92%E6%A3%AE%E5%8D%83%E5%88%88%20%E9%9D%92%E6%A3%AE%E5%B8%82,青森県青森市千刈1－21－22,017-718-3795,厚生労働省オープンデータ,https://www.mhlw.go.jp/content/12300000/jigyosho_780.csv,2025-12末,https://www.google.com/search?q=%E3%82%B3%E3%83%B3%E3%83%91%E3%82%B9%E3%82%A6%E3%82%A9%E3%83%BC%E3%82%AF%E9%9D%92%E6%A3%AE%E5%8D%83%E5%88%88%20%E9%9D%92%E6%A3%AE%E5%B8%82
デイサービスセンター藤の園,地域密着型デイサービス,青森県,青森市,"介護,地域密着型デイサービス",日中に通って食事・入浴・機能訓練・見守りなどを受けるサービスです。,www.fujiseiboen.or.jp,青森県青森市大字駒込字蛍沢387番地1特別養護老人ホーム藤の園2Ｆ,017-765-5687,厚生労働省オープンデータ,https://www.mhlw.go.jp/content/12300000/jigyosho_780.csv,2025-12末,https://www.google.com/search?q=%E3%83%87%E3%82%A4%E3%82%B5%E3%83%BC%E3%83%93%E3%82%B9%E3%82%BB%E3%83%B3%E3%82%BF%E3%83%BC%E8%97%A4%E3%81%AE%E5%9C%92%20%E9%9D%92%E6%A3%AE%E5%B8%82
デイサービスセンターフーミー,地域密着型デイサービス,青森県,青森市,"介護,地域密着型デイサービス",日中に通って食事・入浴・機能訓練・見守りなどを受けるサービスです。,www.hhk-peace.jp/,青森県青森市大字浪館字前田43番地5,017-752-1976,厚生労働省オープンデータ,https://www.mhlw.go.jp/content/12300000/jigyosho_780.csv,2025-12末,https://www.google.com/search?q=%E3%83%87%E3%82%A4%E3%82%B5%E3%83%BC%E3%83%93%E3%82%B9%E3%82%BB%E3%83%B3%E3%82%BF%E3%83%BC%E3%83%95%E3%83%BC%E3%83%9F%E3%83%BC%20%E9%9D%92%E6%A3%AE%E5%B8%82
デイサービスセンターいちか,地域密着型デイサービス,青森県,青森市,"介護,地域密着型デイサービス",日中に通って食事・入浴・機能訓練・見守りなどを受けるサービスです。,www.hhk-pease.jp,青森県青森市南佃2丁目18-7,017-752-8120,厚生労働省オープンデータ,https://www.mhlw.go.jp/content/12300000/jigyosho_780.csv,2025-12末,https://www.google.com/search?q=%E3%83%87%E3%82%A4%E3%82%B5%E3%83%BC%E3%83%93%E3%82%B9%E3%82%BB%E3%83%B3%E3%82%BF%E3%83%BC%E3%81%84%E3%81%A1%E3%81%8B%20%E9%9D%92%E6%A3%AE%E5%B8%82
サポートセンターいきいき　武さん家　弘前,地域密着型デイサービス,青森県,弘前市,"介護,地域密着型デイサービス",日中に通って食事・入浴・機能訓練・見守りなどを受けるサービスです。,https://www.google.com/search?q=%E3%82%B5%E3%83%9D%E3%83%BC%E3%83%88%E3%82%BB%E3%83%B3%E3%82%BF%E3%83%BC%E3%81%84%E3%81%8D%E3%81%84%E3%81%8D%E3%80%80%E6%AD%A6%E3%81%95%E3%82%93%E5%AE%B6%E3%80%80%E5%BC%98%E5%89%8D%20%E5%BC%98%E5%89%8D%E5%B8%82,青森県弘前市田園3丁目1-8,0172-55-0697,厚生労働省オープンデータ,https://www.mhlw.go.jp/content/12300000/jigyosho_780.csv,2025-12末,https://www.google.com/search?q=%E3%82%B5%E3%83%9D%E3%83%BC%E3%83%88%E3%82%BB%E3%83%B3%E3%82%BF%E3%83%BC%E3%81%84%E3%81%8D%E3%81%84%E3%81%8D%E3%80%80%E6%AD%A6%E3%81%95%E3%82%93%E5%AE%B6%E3%80%80%E5%BC%98%E5%89%8D%20%E5%BC%98%E5%89%8D%E5%B8%82
大開デイサービス,地域密着型デイサービス,青森県,弘前市,"介護,地域密着型デイサービス",日中に通って食事・入浴・機能訓練・見守りなどを受けるサービスです。,https://ball-hearlt.com,青森県弘前市大字小沢字大開44番地21,０１７２－８９－２１４０,厚生労働省オープンデータ,https://www.mhlw.go.jp/content/12300000/jigyosho_780.csv,2025-12末,https://www.google.com/search?q=%E5%A4%A7%E9%96%8B%E3%83%87%E3%82%A4%E3%82%B5%E3%83%BC%E3%83%93%E3%82%B9%20%E5%BC%98%E5%89%8D%E5%B8%82
草菴デイサービスセンター,地域密着型デイサービス,青森県,弘前市,"介護,地域密着型デイサービス",日中に通って食事・入浴・機能訓練・見守りなどを受けるサービスです。,https://www.google.com/search?q=%E8%8D%89%E8%8F%B4%E3%83%87%E3%82%A4%E3%82%B5%E3%83%BC%E3%83%93%E3%82%B9%E3%82%BB%E3%83%B3%E3%82%BF%E3%83%BC%20%E5%BC%98%E5%89%8D%E5%B8%82,青森県弘前市大字城東２丁目２－６,0172-27-7221,厚生労働省オープンデータ,https://www.mhlw.go.jp/content/12300000/jigyosho_780.csv,2025-12末,https://www.google.com/search?q=%E8%8D%89%E8%8F%B4%E3%83%87%E3%82%A4%E3%82%B5%E3%83%BC%E3%83%93%E3%82%B9%E3%82%BB%E3%83%B3%E3%82%BF%E3%83%BC%20%E5%BC%98%E5%89%8D%E5%B8%82
デイサービスセンターわ,地域密着型デイサービス,青森県,弘前市,"介護,地域密着型デイサービス",日中に通って食事・入浴・機能訓練・見守りなどを受けるサービスです。,http://hp.kaipoke.biz/etr/,青森県弘前市取上4丁目3-25,0172-88-8185,厚生労働省オープンデータ,https://www.mhlw.go.jp/content/12300000/jigyosho_780.csv,2025-12末,https://www.google.com/search?q=%E3%83%87%E3%82%A4%E3%82%B5%E3%83%BC%E3%83%93%E3%82%B9%E3%82%BB%E3%83%B3%E3%82%BF%E3%83%BC%E3%82%8F%20%E5%BC%98%E5%89%8D%E5%B8%82
デイサービス　湯口の宿,地域密着型デイサービス,青森県,弘前市,"介護,地域密着型デイサービス",日中に通って食事・入浴・機能訓練・見守りなどを受けるサービスです。,https://houju-a.com,青森県弘前市大字湯口一ノ細川４０番地９,0172-404474,厚生労働省オープンデータ,https://www.mhlw.go.jp/content/12300000/jigyosho_780.csv,2025-12末,https://www.google.com/search?q=%E3%83%87%E3%82%A4%E3%82%B5%E3%83%BC%E3%83%93%E3%82%B9%E3%80%80%E6%B9%AF%E5%8F%A3%E3%81%AE%E5%AE%BF%20%E5%BC%98%E5%89%8D%E5%B8%82
デイサービスきたえるーむ弘前城北,地域密着型デイサービス,青森県,弘前市,"介護,地域密着型デイサービス",日中に通って食事・入浴・機能訓練・見守りなどを受けるサービスです。,https://kitaeroom.com/,東城北2丁目1-16,0172-55-0785,厚生労働省オープンデータ,https://www.mhlw.go.jp/content/12300000/jigyosho_780.csv,2025-12末,https://www.google.com/search?q=%E3%83%87%E3%82%A4%E3%82%B5%E3%83%BC%E3%83%93%E3%82%B9%E3%81%8D%E3%81%9F%E3%81%88%E3%82%8B%E3%83%BC%E3%82%80%E5%BC%98%E5%89%8D%E5%9F%8E%E5%8C%97%20%E5%BC%98%E5%89%8D%E5%B8%82
ジョイライフ倶楽部かさい,地域密着型デイサービス,青森県,弘前市,"介護,地域密着型デイサービス",日中に通って食事・入浴・機能訓練・見守りなどを受けるサービスです。,http://kasaikagu.co.jp,青森県弘前市田町一丁目１番地６,0172-31-3955,厚生労働省オープンデータ,https://www.mhlw.go.jp/content/12300000/jigyosho_780.csv,2025-12末,https://www.google.com/search?q=%E3%82%B8%E3%83%A7%E3%82%A4%E3%83%A9%E3%82%A4%E3%83%95%E5%80%B6%E6%A5%BD%E9%83%A8%E3%81%8B%E3%81%95%E3%81%84%20%E5%BC%98%E5%89%8D%E5%B8%82
デイサービス　よし,地域密着型デイサービス,青森県,弘前市,"介護,地域密着型デイサービス",日中に通って食事・入浴・機能訓練・見守りなどを受けるサービスです。,https://www.google.com/search?q=%E3%83%87%E3%82%A4%E3%82%B5%E3%83%BC%E3%83%93%E3%82%B9%E3%80%80%E3%82%88%E3%81%97%20%E5%BC%98%E5%89%8D%E5%B8%82,青森県弘前市大字小比内5丁目20-1,0172-29-1970,厚生労働省オープンデータ,https://www.mhlw.go.jp/content/12300000/jigyosho_780.csv,2025-12末,https://www.google.com/search?q=%E3%83%87%E3%82%A4%E3%82%B5%E3%83%BC%E3%83%93%E3%82%B9%E3%80%80%E3%82%88%E3%81%97%20%E5%BC%98%E5%89%8D%E5%B8%82
デイサービスセンター　いわき山,地域密着型デイサービス,青森県,弘前市,"介護,地域密着型デイサービス",日中に通って食事・入浴・機能訓練・見守りなどを受けるサービスです。,http://zenseikai.com/,大字五代字従弟沢1030番地50,0172-83-2100,厚生労働省オープンデータ,https://www.mhlw.go.jp/content/12300000/jigyosho_780.csv,2025-12末,https://www.google.com/search?q=%E3%83%87%E3%82%A4%E3%82%B5%E3%83%BC%E3%83%93%E3%82%B9%E3%82%BB%E3%83%B3%E3%82%BF%E3%83%BC%E3%80%80%E3%81%84%E3%82%8F%E3%81%8D%E5%B1%B1%20%E5%BC%98%E5%89%8D%E5%B8%82
デイサービス我が家,地域密着型デイサービス,青森県,弘前市,"介護,地域密着型デイサービス",日中に通って食事・入浴・機能訓練・見守りなどを受けるサービスです。,https://www.google.com/search?q=%E3%83%87%E3%82%A4%E3%82%B5%E3%83%BC%E3%83%93%E3%82%B9%E6%88%91%E3%81%8C%E5%AE%B6%20%E5%BC%98%E5%89%8D%E5%B8%82,青森県弘前市川先3-9-1,0172-27-8875,厚生労働省オープンデータ,https://www.mhlw.go.jp/content/12300000/jigyosho_780.csv,2025-12末,https://www.google.com/search?q=%E3%83%87%E3%82%A4%E3%82%B5%E3%83%BC%E3%83%93%E3%82%B9%E6%88%91%E3%81%8C%E5%AE%B6%20%E5%BC%98%E5%89%8D%E5%B8%82
通所介護事業所　ちとせ,地域密着型デイサービス,青森県,弘前市,"介護,地域密着型デイサービス",日中に通って食事・入浴・機能訓練・見守りなどを受けるサービスです。,https://www.google.com/search?q=%E9%80%9A%E6%89%80%E4%BB%8B%E8%AD%B7%E4%BA%8B%E6%A5%AD%E6%89%80%E3%80%80%E3%81%A1%E3%81%A8%E3%81%9B%20%E5%BC%98%E5%89%8D%E5%B8%82,青森県弘前市千年三丁目一番地六,0172-88-7362,厚生労働省オープンデータ,https://www.mhlw.go.jp/content/12300000/jigyosho_780.csv,2025-12末,https://www.google.com/search?q=%E9%80%9A%E6%89%80%E4%BB%8B%E8%AD%B7%E4%BA%8B%E6%A5%AD%E6%89%80%E3%80%80%E3%81%A1%E3%81%A8%E3%81%9B%20%E5%BC%98%E5%89%8D%E5%B8%82
デイサービスセンターみのり,地域密着型デイサービス,青森県,弘前市,"介護,地域密着型デイサービス",日中に通って食事・入浴・機能訓練・見守りなどを受けるサービスです。,http://www.aura-group.jp/,青森県弘前市大原２丁目10-1,0172-55-5473,厚生労働省オープンデータ,https://www.mhlw.go.jp/content/12300000/jigyosho_780.csv,2025-12末,https://www.google.com/search?q=%E3%83%87%E3%82%A4%E3%82%B5%E3%83%BC%E3%83%93%E3%82%B9%E3%82%BB%E3%83%B3%E3%82%BF%E3%83%BC%E3%81%BF%E3%81%AE%E3%82%8A%20%E5%BC%98%E5%89%8D%E5%B8%82
小規模デイサービス　静,地域密着型デイサービス,青森県,弘前市,"介護,地域密着型デイサービス",日中に通って食事・入浴・機能訓練・見守りなどを受けるサービスです。,https://www.google.com/search?q=%E5%B0%8F%E8%A6%8F%E6%A8%A1%E3%83%87%E3%82%A4%E3%82%B5%E3%83%BC%E3%83%93%E3%82%B9%E3%80%80%E9%9D%99%20%E5%BC%98%E5%89%8D%E5%B8%82,青森県弘前市大字中崎字野脇176番地,0172‐55‐5535,厚生労働省オープンデータ,https://www.mhlw.go.jp/content/12300000/jigyosho_780.csv,2025-12末,https://www.google.com/search?q=%E5%B0%8F%E8%A6%8F%E6%A8%A1%E3%83%87%E3%82%A4%E3%82%B5%E3%83%BC%E3%83%93%E3%82%B9%E3%80%80%E9%9D%99%20%E5%BC%98%E5%89%8D%E5%B8%82
ひなたストレッチ,地域密着型デイサービス,青森県,弘前市,"介護,地域密着型デイサービス",日中に通って食事・入浴・機能訓練・見守りなどを受けるサービスです。,http://www.jhd.ne.jp/,弘前市南城西二丁目2-1,0172-40-0016,厚生労働省オープンデータ,https://www.mhlw.go.jp/content/12300000/jigyosho_780.csv,2025-12末,https://www.google.com/search?q=%E3%81%B2%E3%81%AA%E3%81%9F%E3%82%B9%E3%83%88%E3%83%AC%E3%83%83%E3%83%81%20%E5%BC%98%E5%89%8D%E5%B8%82
デイサービスセンター　ＳＰＡ大浦の湯,地域密着型デイサービス,青森県,弘前市,"介護,地域密着型デイサービス",日中に通って食事・入浴・機能訓練・見守りなどを受けるサービスです。,https://zenseikai.com/,青森県弘前市大字五代字山本600-1デイサービスセンター　ＳＰＡ大浦の湯,0172-88-6886,厚生労働省オープンデータ,https://www.mhlw.go.jp/content/12300000/jigyosho_780.csv,2025-12末,https://www.google.com/search?q=%E3%83%87%E3%82%A4%E3%82%B5%E3%83%BC%E3%83%93%E3%82%B9%E3%82%BB%E3%83%B3%E3%82%BF%E3%83%BC%E3%80%80%EF%BC%B3%EF%BC%B0%EF%BC%A1%E5%A4%A7%E6%B5%A6%E3%81%AE%E6%B9%AF%20%E5%BC%98%E5%89%8D%E5%B8%82
エールリハビリデイサービス,地域密着型デイサービス,青森県,弘前市,"介護,地域密着型デイサービス",日中に通って食事・入浴・機能訓練・見守りなどを受けるサービスです。,https://www.yell-rehab.com/,外崎3-1-9河内テナント,0172-88-6864,厚生労働省オープンデータ,https://www.mhlw.go.jp/content/12300000/jigyosho_780.csv,2025-12末,https://www.google.com/search?q=%E3%82%A8%E3%83%BC%E3%83%AB%E3%83%AA%E3%83%8F%E3%83%93%E3%83%AA%E3%83%87%E3%82%A4%E3%82%B5%E3%83%BC%E3%83%93%E3%82%B9%20%E5%BC%98%E5%89%8D%E5%B8%82
弘前リハビリデイサービスセンター　ソラーレ,地域密着型デイサービス,青森県,弘前市,"介護,地域密着型デイサービス",日中に通って食事・入浴・機能訓練・見守りなどを受けるサービスです。,http://solare-h.net/infomation/,青森県弘前市大字城南3丁目4番地1,0172-55-7215,厚生労働省オープンデータ,https://www.mhlw.go.jp/content/12300000/jigyosho_780.csv,2025-12末,https://www.google.com/search?q=%E5%BC%98%E5%89%8D%E3%83%AA%E3%83%8F%E3%83%93%E3%83%AA%E3%83%87%E3%82%A4%E3%82%B5%E3%83%BC%E3%83%93%E3%82%B9%E3%82%BB%E3%83%B3%E3%82%BF%E3%83%BC%E3%80%80%E3%82%BD%E3%83%A9%E3%83%BC%E3%83%AC%20%E5%BC%98%E5%89%8D%E5%B8%82
合同会社ソラーレ　大開デイサービスソラーレ,地域密着型デイサービス,青森県,弘前市,"介護,地域密着型デイサービス",日中に通って食事・入浴・機能訓練・見守りなどを受けるサービスです。,https://www.google.com/search?q=%E5%90%88%E5%90%8C%E4%BC%9A%E7%A4%BE%E3%82%BD%E3%83%A9%E3%83%BC%E3%83%AC%E3%80%80%E5%A4%A7%E9%96%8B%E3%83%87%E3%82%A4%E3%82%B5%E3%83%BC%E3%83%93%E3%82%B9%E3%82%BD%E3%83%A9%E3%83%BC%E3%83%AC%20%E5%BC%98%E5%89%8D%E5%B8%82,青森県弘前市小沢大開44番地21,0172-40-0520,厚生労働省オープンデータ,https://www.mhlw.go.jp/content/12300000/jigyosho_780.csv,2025-12末,https://www.google.com/search?q=%E5%90%88%E5%90%8C%E4%BC%9A%E7%A4%BE%E3%82%BD%E3%83%A9%E3%83%BC%E3%83%AC%E3%80%80%E5%A4%A7%E9%96%8B%E3%83%87%E3%82%A4%E3%82%B5%E3%83%BC%E3%83%93%E3%82%B9%E3%82%BD%E3%83%A9%E3%83%BC%E3%83%AC%20%E5%BC%98%E5%89%8D%E5%B8%82
デイサービスたまちの運動場,地域密着型デイサービス,青森県,弘前市,"介護,地域密着型デイサービス",日中に通って食事・入浴・機能訓練・見守りなどを受けるサービスです。,houju-a.com,青森県弘前市大字田町一丁目1-6,0172-31-3955,厚生労働省オープンデータ,https://www.mhlw.go.jp/content/12300000/jigyosho_780.csv,2025-12末,https://www.google.com/search?q=%E3%83%87%E3%82%A4%E3%82%B5%E3%83%BC%E3%83%93%E3%82%B9%E3%81%9F%E3%81%BE%E3%81%A1%E3%81%AE%E9%81%8B%E5%8B%95%E5%A0%B4%20%E5%BC%98%E5%89%8D%E5%B8%82
樹楽　おいの杜,地域密着型デイサービス,青森県,弘前市,"介護,地域密着型デイサービス",日中に通って食事・入浴・機能訓練・見守りなどを受けるサービスです。,http://www.kiraku-oinomori.com/,狼森字西元3-9,0172-88-6811,厚生労働省オープンデータ,https://www.mhlw.go.jp/content/12300000/jigyosho_780.csv,2025-12末,https://www.google.com/search?q=%E6%A8%B9%E6%A5%BD%E3%80%80%E3%81%8A%E3%81%84%E3%81%AE%E6%9D%9C%20%E5%BC%98%E5%89%8D%E5%B8%82
デイサービスセンター　クローバーズ・ピア江陽,地域密着型デイサービス,青森県,八戸市,"介護,地域密着型デイサービス",日中に通って食事・入浴・機能訓練・見守りなどを受けるサービスです。,http://www.net-pier.com,青森県八戸市江陽二丁目13-36,0178-22-1993,厚生労働省オープンデータ,https://www.mhlw.go.jp/content/12300000/jigyosho_780.csv,2025-12末,https://www.google.com/search?q=%E3%83%87%E3%82%A4%E3%82%B5%E3%83%BC%E3%83%93%E3%82%B9%E3%82%BB%E3%83%B3%E3%82%BF%E3%83%BC%E3%80%80%E3%82%AF%E3%83%AD%E3%83%BC%E3%83%90%E3%83%BC%E3%82%BA%E3%83%BB%E3%83%94%E3%82%A2%E6%B1%9F%E9%99%BD%20%E5%85%AB%E6%88%B8%E5%B8%82
長生園デイサービスセンター,地域密着型デイサービス,青森県,八戸市,"介護,地域密着型デイサービス",日中に通って食事・入浴・機能訓練・見守りなどを受けるサービスです。,http://www.hsfj.or.jp/nagaiki/,青森県八戸市大字是川字犾森33番地,0178-96-3883,厚生労働省オープンデータ,https://www.mhlw.go.jp/content/12300000/jigyosho_780.csv,2025-12末,https://www.google.com/search?q=%E9%95%B7%E7%94%9F%E5%9C%92%E3%83%87%E3%82%A4%E3%82%B5%E3%83%BC%E3%83%93%E3%82%B9%E3%82%BB%E3%83%B3%E3%82%BF%E3%83%BC%20%E5%85%AB%E6%88%B8%E5%B8%82
株式会社池田介護研究所,地域密着型デイサービス,青森県,八戸市,"介護,地域密着型デイサービス",日中に通って食事・入浴・機能訓練・見守りなどを受けるサービスです。,https://www.facebook.com/ikedacarelab/,大字長苗代字内舟渡73‐3,0178-32-0097,厚生労働省オープンデータ,https://www.mhlw.go.jp/content/12300000/jigyosho_780.csv,2025-12末,https://www.google.com/search?q=%E6%A0%AA%E5%BC%8F%E4%BC%9A%E7%A4%BE%E6%B1%A0%E7%94%B0%E4%BB%8B%E8%AD%B7%E7%A0%94%E7%A9%B6%E6%89%80%20%E5%85%AB%E6%88%B8%E5%B8%82
無添加お弁当二重まる＆キャトルフィユ,地域密着型デイサービス,青森県,八戸市,"介護,地域密着型デイサービス",日中に通って食事・入浴・機能訓練・見守りなどを受けるサービスです。,https://www.facebook.com/ikedacarelab/,青森県八戸市大字尻内町字八百刈２５－１,0178-20-0961,厚生労働省オープンデータ,https://www.mhlw.go.jp/content/12300000/jigyosho_780.csv,2025-12末,https://www.google.com/search?q=%E7%84%A1%E6%B7%BB%E5%8A%A0%E3%81%8A%E5%BC%81%E5%BD%93%E4%BA%8C%E9%87%8D%E3%81%BE%E3%82%8B%EF%BC%86%E3%82%AD%E3%83%A3%E3%83%88%E3%83%AB%E3%83%95%E3%82%A3%E3%83%A6%20%E5%85%AB%E6%88%B8%E5%B8%82
レコードブック八戸中央,地域密着型デイサービス,青森県,八戸市,"介護,地域密着型デイサービス",日中に通って食事・入浴・機能訓練・見守りなどを受けるサービスです。,https://www.google.com/search?q=%E3%83%AC%E3%82%B3%E3%83%BC%E3%83%89%E3%83%96%E3%83%83%E3%82%AF%E5%85%AB%E6%88%B8%E4%B8%AD%E5%A4%AE%20%E5%85%AB%E6%88%B8%E5%B8%82,青森県八戸市柏崎１丁目１０－１６Jビル１階,0178-20-8108,厚生労働省オープンデータ,https://www.mhlw.go.jp/content/12300000/jigyosho_780.csv,2025-12末,https://www.google.com/search?q=%E3%83%AC%E3%82%B3%E3%83%BC%E3%83%89%E3%83%96%E3%83%83%E3%82%AF%E5%85%AB%E6%88%B8%E4%B8%AD%E5%A4%AE%20%E5%85%AB%E6%88%B8%E5%B8%82
たものきほっとハウス,地域密着型デイサービス,青森県,八戸市,"介護,地域密着型デイサービス",日中に通って食事・入浴・機能訓練・見守りなどを受けるサービスです。,http://tomonokai.jp/,田面木字神明沢16番40号,0178-32-7765,厚生労働省オープンデータ,https://www.mhlw.go.jp/content/12300000/jigyosho_780.csv,2025-12末,https://www.google.com/search?q=%E3%81%9F%E3%82%82%E3%81%AE%E3%81%8D%E3%81%BB%E3%81%A3%E3%81%A8%E3%83%8F%E3%82%A6%E3%82%B9%20%E5%85%AB%E6%88%B8%E5%B8%82
よもぎ鍼灸院デイサービスセンター,地域密着型デイサービス,青森県,八戸市,"介護,地域密着型デイサービス",日中に通って食事・入浴・機能訓練・見守りなどを受けるサービスです。,https://www.google.com/search?q=%E3%82%88%E3%82%82%E3%81%8E%E9%8D%BC%E7%81%B8%E9%99%A2%E3%83%87%E3%82%A4%E3%82%B5%E3%83%BC%E3%83%93%E3%82%B9%E3%82%BB%E3%83%B3%E3%82%BF%E3%83%BC%20%E5%85%AB%E6%88%B8%E5%B8%82,青森県八戸市小中野４丁目２－１１,0178-80-7402,厚生労働省オープンデータ,https://www.mhlw.go.jp/content/12300000/jigyosho_780.csv,2025-12末,https://www.google.com/search?q=%E3%82%88%E3%82%82%E3%81%8E%E9%8D%BC%E7%81%B8%E9%99%A2%E3%83%87%E3%82%A4%E3%82%B5%E3%83%BC%E3%83%93%E3%82%B9%E3%82%BB%E3%83%B3%E3%82%BF%E3%83%BC%20%E5%85%AB%E6%88%B8%E5%B8%82
リハビリデイサービスサンテ,地域密着型デイサービス,青森県,八戸市,"介護,地域密着型デイサービス",日中に通って食事・入浴・機能訓練・見守りなどを受けるサービスです。,https://preview.studio.site/live/XKOkYdZka4,石手洗字斎郷7-19,0178-79-6161,厚生労働省オープンデータ,https://www.mhlw.go.jp/content/12300000/jigyosho_780.csv,2025-12末,https://www.google.com/search?q=%E3%83%AA%E3%83%8F%E3%83%93%E3%83%AA%E3%83%87%E3%82%A4%E3%82%B5%E3%83%BC%E3%83%93%E3%82%B9%E3%82%B5%E3%83%B3%E3%83%86%20%E5%85%AB%E6%88%B8%E5%B8%82
それいゆデイセンター,地域密着型デイサービス,青森県,八戸市,"介護,地域密着型デイサービス",日中に通って食事・入浴・機能訓練・見守りなどを受けるサービスです。,https://www.care-unique.com/,青森県八戸市大字白銀町字八森２３－２,0178-32-1511,厚生労働省オープンデータ,https://www.mhlw.go.jp/content/12300000/jigyosho_780.csv,2025-12末,https://www.google.com/search?q=%E3%81%9D%E3%82%8C%E3%81%84%E3%82%86%E3%83%87%E3%82%A4%E3%82%BB%E3%83%B3%E3%82%BF%E3%83%BC%20%E5%85%AB%E6%88%B8%E5%B8%82
テレサの丘デイサービスセンター,地域密着型デイサービス,青森県,八戸市,"介護,地域密着型デイサービス",日中に通って食事・入浴・機能訓練・見守りなどを受けるサービスです。,https://teresa-oka.com,青森県八戸市湊高台7丁目26番地6号,0178-34-5534,厚生労働省オープンデータ,https://www.mhlw.go.jp/content/12300000/jigyosho_780.csv,2025-12末,https://www.google.com/search?q=%E3%83%86%E3%83%AC%E3%82%B5%E3%81%AE%E4%B8%98%E3%83%87%E3%82%A4%E3%82%B5%E3%83%BC%E3%83%93%E3%82%B9%E3%82%BB%E3%83%B3%E3%82%BF%E3%83%BC%20%E5%85%AB%E6%88%B8%E5%B8%82
リハビリデイサービスサンテ田面木,地域密着型デイサービス,青森県,八戸市,"介護,地域密着型デイサービス",日中に通って食事・入浴・機能訓練・見守りなどを受けるサービスです。,http://sante-rehaday.com,青森県八戸市田面木字上田面木39-2,0178-80-7301,厚生労働省オープンデータ,https://www.mhlw.go.jp/content/12300000/jigyosho_780.csv,2025-12末,https://www.google.com/search?q=%E3%83%AA%E3%83%8F%E3%83%93%E3%83%AA%E3%83%87%E3%82%A4%E3%82%B5%E3%83%BC%E3%83%93%E3%82%B9%E3%82%B5%E3%83%B3%E3%83%86%E7%94%B0%E9%9D%A2%E6%9C%A8%20%E5%85%AB%E6%88%B8%E5%B8%82
白山台やすらぎ館デイサービスセンター,地域密着型デイサービス,青森県,八戸市,"介護,地域密着型デイサービス",日中に通って食事・入浴・機能訓練・見守りなどを受けるサービスです。,http://maturyou.or.jp/yasuragikan/,青森県八戸市西白山台６丁目９－３０,0178-32-7635,厚生労働省オープンデータ,https://www.mhlw.go.jp/content/12300000/jigyosho_780.csv,2025-12末,https://www.google.com/search?q=%E7%99%BD%E5%B1%B1%E5%8F%B0%E3%82%84%E3%81%99%E3%82%89%E3%81%8E%E9%A4%A8%E3%83%87%E3%82%A4%E3%82%B5%E3%83%BC%E3%83%93%E3%82%B9%E3%82%BB%E3%83%B3%E3%82%BF%E3%83%BC%20%E5%85%AB%E6%88%B8%E5%B8%82
リハビリデイサロンかりん,地域密着型デイサービス,青森県,八戸市,"介護,地域密着型デイサービス",日中に通って食事・入浴・機能訓練・見守りなどを受けるサービスです。,http://karin-day.com,青森県八戸市大字田面木字松長根3-2リハビリデイサロン　かりん,0178-71-3308,厚生労働省オープンデータ,https://www.mhlw.go.jp/content/12300000/jigyosho_780.csv,2025-12末,https://www.google.com/search?q=%E3%83%AA%E3%83%8F%E3%83%93%E3%83%AA%E3%83%87%E3%82%A4%E3%82%B5%E3%83%AD%E3%83%B3%E3%81%8B%E3%82%8A%E3%82%93%20%E5%85%AB%E6%88%B8%E5%B8%82
デイサービス八戸中央,地域密着型デイサービス,青森県,八戸市,"介護,地域密着型デイサービス",日中に通って食事・入浴・機能訓練・見守りなどを受けるサービスです。,http://www.enburi-style.com/detail/index_303.html,青森県八戸市沼館4丁目1番87号株式会社アマテラス,0178-32-7726,厚生労働省オープンデータ,https://www.mhlw.go.jp/content/12300000/jigyosho_780.csv,2025-12末,https://www.google.com/search?q=%E3%83%87%E3%82%A4%E3%82%B5%E3%83%BC%E3%83%93%E3%82%B9%E5%85%AB%E6%88%B8%E4%B8%AD%E5%A4%AE%20%E5%85%AB%E6%88%B8%E5%B8%82
デイサービスセンター下長,地域密着型デイサービス,青森県,八戸市,"介護,地域密着型デイサービス",日中に通って食事・入浴・機能訓練・見守りなどを受けるサービスです。,https://sunrise-team.com,青森県八戸市下長4丁目22番地8,0178-51-8681,厚生労働省オープンデータ,https://www.mhlw.go.jp/content/12300000/jigyosho_780.csv,2025-12末,https://www.google.com/search?q=%E3%83%87%E3%82%A4%E3%82%B5%E3%83%BC%E3%83%93%E3%82%B9%E3%82%BB%E3%83%B3%E3%82%BF%E3%83%BC%E4%B8%8B%E9%95%B7%20%E5%85%AB%E6%88%B8%E5%B8%82
コンパスウォーク八戸新井田,地域密着型デイサービス,青森県,八戸市,"介護,地域密着型デイサービス",日中に通って食事・入浴・機能訓練・見守りなどを受けるサービスです。,https://keigo-group.co.jp/,青森県八戸市新井田西1-10-14,0178-80-7147,厚生労働省オープンデータ,https://www.mhlw.go.jp/content/12300000/jigyosho_780.csv,2025-12末,https://www.google.com/search?q=%E3%82%B3%E3%83%B3%E3%83%91%E3%82%B9%E3%82%A6%E3%82%A9%E3%83%BC%E3%82%AF%E5%85%AB%E6%88%B8%E6%96%B0%E4%BA%95%E7%94%B0%20%E5%85%AB%E6%88%B8%E5%B8%82
デイサービスcococolor,地域密着型デイサービス,青森県,八戸市,"介護,地域密着型デイサービス",日中に通って食事・入浴・機能訓練・見守りなどを受けるサービスです。,https://www.google.com/search?q=%E3%83%87%E3%82%A4%E3%82%B5%E3%83%BC%E3%83%93%E3%82%B9cococolor%20%E5%85%AB%E6%88%B8%E5%B8%82,青森県八戸市大字尻内町字正法寺１１３番地,0178-32-6375,厚生労働省オープンデータ,https://www.mhlw.go.jp/content/12300000/jigyosho_780.csv,2025-12末,https://www.google.com/search?q=%E3%83%87%E3%82%A4%E3%82%B5%E3%83%BC%E3%83%93%E3%82%B9cococolor%20%E5%85%AB%E6%88%B8%E5%B8%82
ホップステップサンテ,地域密着型デイサービス,青森県,八戸市,"介護,地域密着型デイサービス",日中に通って食事・入浴・機能訓練・見守りなどを受けるサービスです。,https://sante-rehaday.com/,青森県八戸市江陽二丁目１４－１八戸ショッピングセンターラピア１階,0178-38-8125,厚生労働省オープンデータ,https://www.mhlw.go.jp/content/12300000/jigyosho_780.csv,2025-12末,https://www.google.com/search?q=%E3%83%9B%E3%83%83%E3%83%97%E3%82%B9%E3%83%86%E3%83%83%E3%83%97%E3%82%B5%E3%83%B3%E3%83%86%20%E5%85%AB%E6%88%B8%E5%B8%82
デイサービスセンター二双子,地域密着型デイサービス,青森県,黒石市,"介護,地域密着型デイサービス",日中に通って食事・入浴・機能訓練・見守りなどを受けるサービスです。,https://www.google.com/search?q=%E3%83%87%E3%82%A4%E3%82%B5%E3%83%BC%E3%83%93%E3%82%B9%E3%82%BB%E3%83%B3%E3%82%BF%E3%83%BC%E4%BA%8C%E5%8F%8C%E5%AD%90%20%E9%BB%92%E7%9F%B3%E5%B8%82,青森県黒石市大字二双子字野田178番地43デイサービスセンター二双子,0172-59-2304,厚生労働省オープンデータ,https://www.mhlw.go.jp/content/12300000/jigyosho_780.csv,2025-12末,https://www.google.com/search?q=%E3%83%87%E3%82%A4%E3%82%B5%E3%83%BC%E3%83%93%E3%82%B9%E3%82%BB%E3%83%B3%E3%82%BF%E3%83%BC%E4%BA%8C%E5%8F%8C%E5%AD%90%20%E9%BB%92%E7%9F%B3%E5%B8%82
ハートデイサービス,地域密着型デイサービス,青森県,黒石市,"介護,地域密着型デイサービス",日中に通って食事・入浴・機能訓練・見守りなどを受けるサービスです。,https://www.google.com/search?q=%E3%83%8F%E3%83%BC%E3%83%88%E3%83%87%E3%82%A4%E3%82%B5%E3%83%BC%E3%83%93%E3%82%B9%20%E9%BB%92%E7%9F%B3%E5%B8%82,青森県黒石市松原78-13,0172-53-8010,厚生労働省オープンデータ,https://www.mhlw.go.jp/content/12300000/jigyosho_780.csv,2025-12末,https://www.google.com/search?q=%E3%83%8F%E3%83%BC%E3%83%88%E3%83%87%E3%82%A4%E3%82%B5%E3%83%BC%E3%83%93%E3%82%B9%20%E9%BB%92%E7%9F%B3%E5%B8%82
デイサービスセンター浦町,地域密着型デイサービス,青森県,黒石市,"介護,地域密着型デイサービス",日中に通って食事・入浴・機能訓練・見守りなどを受けるサービスです。,http://www.mikasaen.or.jp/,青森県黒石市浦町一丁目82,0172-52-5133,厚生労働省オープンデータ,https://www.mhlw.go.jp/content/12300000/jigyosho_780.csv,2025-12末,https://www.google.com/search?q=%E3%83%87%E3%82%A4%E3%82%B5%E3%83%BC%E3%83%93%E3%82%B9%E3%82%BB%E3%83%B3%E3%82%BF%E3%83%BC%E6%B5%A6%E7%94%BA%20%E9%BB%92%E7%9F%B3%E5%B8%82
デイサービスAKYまえだ,地域密着型デイサービス,青森県,黒石市,"介護,地域密着型デイサービス",日中に通って食事・入浴・機能訓練・見守りなどを受けるサービスです。,https://www.google.com/search?q=%E3%83%87%E3%82%A4%E3%82%B5%E3%83%BC%E3%83%93%E3%82%B9AKY%E3%81%BE%E3%81%88%E3%81%A0%20%E9%BB%92%E7%9F%B3%E5%B8%82,青森県黒石市追子野木三丁目２１７番地７,0172-55-6786,厚生労働省オープンデータ,https://www.mhlw.go.jp/content/12300000/jigyosho_780.csv,2025-12末,https://www.google.com/search?q=%E3%83%87%E3%82%A4%E3%82%B5%E3%83%BC%E3%83%93%E3%82%B9AKY%E3%81%BE%E3%81%88%E3%81%A0%20%E9%BB%92%E7%9F%B3%E5%B8%82
リハビリ堂やすらぎデイサービス,地域密着型デイサービス,青森県,五所川原市,"介護,地域密着型デイサービス",日中に通って食事・入浴・機能訓練・見守りなどを受けるサービスです。,http://terako.fc2web.com/,青森県五所川原市字中平井町144-2,0173-33-6030,厚生労働省オープンデータ,https://www.mhlw.go.jp/content/12300000/jigyosho_780.csv,2025-12末,https://www.google.com/search?q=%E3%83%AA%E3%83%8F%E3%83%93%E3%83%AA%E5%A0%82%E3%82%84%E3%81%99%E3%82%89%E3%81%8E%E3%83%87%E3%82%A4%E3%82%B5%E3%83%BC%E3%83%93%E3%82%B9%20%E4%BA%94%E6%89%80%E5%B7%9D%E5%8E%9F%E5%B8%82
デイサービス憩いの杜,地域密着型デイサービス,青森県,五所川原市,"介護,地域密着型デイサービス",日中に通って食事・入浴・機能訓練・見守りなどを受けるサービスです。,https://norita-group.com/,青森県五所川原市漆川字清水流２番３シルバービレッジ憩いの杜,0173-26-6195,厚生労働省オープンデータ,https://www.mhlw.go.jp/content/12300000/jigyosho_780.csv,2025-12末,https://www.google.com/search?q=%E3%83%87%E3%82%A4%E3%82%B5%E3%83%BC%E3%83%93%E3%82%B9%E6%86%A9%E3%81%84%E3%81%AE%E6%9D%9C%20%E4%BA%94%E6%89%80%E5%B7%9D%E5%8E%9F%E5%B8%82
デイサービスふぁみりあ,地域密着型デイサービス,青森県,五所川原市,"介護,地域密着型デイサービス",日中に通って食事・入浴・機能訓練・見守りなどを受けるサービスです。,https://www.google.com/search?q=%E3%83%87%E3%82%A4%E3%82%B5%E3%83%BC%E3%83%93%E3%82%B9%E3%81%B5%E3%81%81%E3%81%BF%E3%82%8A%E3%81%82%20%E4%BA%94%E6%89%80%E5%B7%9D%E5%8E%9F%E5%B8%82,青森県五所川原市大字高野字北原222-1,0173-26-7161,厚生労働省オープンデータ,https://www.mhlw.go.jp/content/12300000/jigyosho_780.csv,2025-12末,https://www.google.com/search?q=%E3%83%87%E3%82%A4%E3%82%B5%E3%83%BC%E3%83%93%E3%82%B9%E3%81%B5%E3%81%81%E3%81%BF%E3%82%8A%E3%81%82%20%E4%BA%94%E6%89%80%E5%B7%9D%E5%8E%9F%E5%B8%82
さくら園デイサービスセンター,地域密着型デイサービス,青森県,五所川原市,"介護,地域密着型デイサービス",日中に通って食事・入浴・機能訓練・見守りなどを受けるサービスです。,https://www.google.com/search?q=%E3%81%95%E3%81%8F%E3%82%89%E5%9C%92%E3%83%87%E3%82%A4%E3%82%B5%E3%83%BC%E3%83%93%E3%82%B9%E3%82%BB%E3%83%B3%E3%82%BF%E3%83%BC%20%E4%BA%94%E6%89%80%E5%B7%9D%E5%8E%9F%E5%B8%82,青森県五所川原市金木町川倉七夕野84番地367,0173-52-5053,厚生労働省オープンデータ,https://www.mhlw.go.jp/content/12300000/jigyosho_780.csv,2025-12末,https://www.google.com/search?q=%E3%81%95%E3%81%8F%E3%82%89%E5%9C%92%E3%83%87%E3%82%A4%E3%82%B5%E3%83%BC%E3%83%93%E3%82%B9%E3%82%BB%E3%83%B3%E3%82%BF%E3%83%BC%20%E4%BA%94%E6%89%80%E5%B7%9D%E5%8E%9F%E5%B8%82
茶話本舗デイサービス十和田,地域密着型デイサービス,青森県,十和田市,"介護,地域密着型デイサービス",日中に通って食事・入浴・機能訓練・見守りなどを受けるサービスです。,https://www.google.com/search?q=%E8%8C%B6%E8%A9%B1%E6%9C%AC%E8%88%97%E3%83%87%E3%82%A4%E3%82%B5%E3%83%BC%E3%83%93%E3%82%B9%E5%8D%81%E5%92%8C%E7%94%B0%20%E5%8D%81%E5%92%8C%E7%94%B0%E5%B8%82,青森県十和田市西十三番町35-9,0176-58-5291,厚生労働省オープンデータ,https://www.mhlw.go.jp/content/12300000/jigyosho_780.csv,2025-12末,https://www.google.com/search?q=%E8%8C%B6%E8%A9%B1%E6%9C%AC%E8%88%97%E3%83%87%E3%82%A4%E3%82%B5%E3%83%BC%E3%83%93%E3%82%B9%E5%8D%81%E5%92%8C%E7%94%B0%20%E5%8D%81%E5%92%8C%E7%94%B0%E5%B8%82
トコスデイサービス東５番町,地域密着型デイサービス,青森県,十和田市,"介護,地域密着型デイサービス",日中に通って食事・入浴・機能訓練・見守りなどを受けるサービスです。,http://tocos.main.jp/,青森県十和田市東五番町8-28,0176-27-1867,厚生労働省オープンデータ,https://www.mhlw.go.jp/content/12300000/jigyosho_780.csv,2025-12末,https://www.google.com/search?q=%E3%83%88%E3%82%B3%E3%82%B9%E3%83%87%E3%82%A4%E3%82%B5%E3%83%BC%E3%83%93%E3%82%B9%E6%9D%B1%EF%BC%95%E7%95%AA%E7%94%BA%20%E5%8D%81%E5%92%8C%E7%94%B0%E5%B8%82
茶話本舗デイサービス十和田西,地域密着型デイサービス,青森県,十和田市,"介護,地域密着型デイサービス",日中に通って食事・入浴・機能訓練・見守りなどを受けるサービスです。,https://www.google.com/search?q=%E8%8C%B6%E8%A9%B1%E6%9C%AC%E8%88%97%E3%83%87%E3%82%A4%E3%82%B5%E3%83%BC%E3%83%93%E3%82%B9%E5%8D%81%E5%92%8C%E7%94%B0%E8%A5%BF%20%E5%8D%81%E5%92%8C%E7%94%B0%E5%B8%82,青森県十和田市西四番町3-48,0176-27-0231,厚生労働省オープンデータ,https://www.mhlw.go.jp/content/12300000/jigyosho_780.csv,2025-12末,https://www.google.com/search?q=%E8%8C%B6%E8%A9%B1%E6%9C%AC%E8%88%97%E3%83%87%E3%82%A4%E3%82%B5%E3%83%BC%E3%83%93%E3%82%B9%E5%8D%81%E5%92%8C%E7%94%B0%E8%A5%BF%20%E5%8D%81%E5%92%8C%E7%94%B0%E5%B8%82
オーダーメイドのデイサービスくらしっこ,地域密着型デイサービス,青森県,十和田市,"介護,地域密着型デイサービス",日中に通って食事・入浴・機能訓練・見守りなどを受けるサービスです。,https://kurashilabo.co.jp,青森県十和田市西十二番町11-1,0176-58-0481,厚生労働省オープンデータ,https://www.mhlw.go.jp/content/12300000/jigyosho_780.csv,2025-12末,https://www.google.com/search?q=%E3%82%AA%E3%83%BC%E3%83%80%E3%83%BC%E3%83%A1%E3%82%A4%E3%83%89%E3%81%AE%E3%83%87%E3%82%A4%E3%82%B5%E3%83%BC%E3%83%93%E3%82%B9%E3%81%8F%E3%82%89%E3%81%97%E3%81%A3%E3%81%93%20%E5%8D%81%E5%92%8C%E7%94%B0%E5%B8%82
デイサービスセンター湖楽園,地域密着型デイサービス,青森県,十和田市,"介護,地域密着型デイサービス",日中に通って食事・入浴・機能訓練・見守りなどを受けるサービスです。,http:/www.towadakokai.jp/,十和田市大字奥瀬字下川目2-58,0176-70-3025,厚生労働省オープンデータ,https://www.mhlw.go.jp/content/12300000/jigyosho_780.csv,2025-12末,https://www.google.com/search?q=%E3%83%87%E3%82%A4%E3%82%B5%E3%83%BC%E3%83%93%E3%82%B9%E3%82%BB%E3%83%B3%E3%82%BF%E3%83%BC%E6%B9%96%E6%A5%BD%E5%9C%92%20%E5%8D%81%E5%92%8C%E7%94%B0%E5%B8%82
ひばり苑リハビリデイセンター,地域密着型デイサービス,青森県,三沢市,"介護,地域密着型デイサービス",日中に通って食事・入浴・機能訓練・見守りなどを受けるサービスです。,www.joukoukai.or.jp,大字三沢字南山60番地２,0176-58-7792,厚生労働省オープンデータ,https://www.mhlw.go.jp/content/12300000/jigyosho_780.csv,2025-12末,https://www.google.com/search?q=%E3%81%B2%E3%81%B0%E3%82%8A%E8%8B%91%E3%83%AA%E3%83%8F%E3%83%93%E3%83%AA%E3%83%87%E3%82%A4%E3%82%BB%E3%83%B3%E3%82%BF%E3%83%BC%20%E4%B8%89%E6%B2%A2%E5%B8%82
リハビリ特化型デイサービス　カラダラボ三沢,地域密着型デイサービス,青森県,三沢市,"介護,地域密着型デイサービス",日中に通って食事・入浴・機能訓練・見守りなどを受けるサービスです。,www.karadalabo.com/,青森県三沢市中央町3-6-2,0176-51-1680,厚生労働省オープンデータ,https://www.mhlw.go.jp/content/12300000/jigyosho_780.csv,2025-12末,https://www.google.com/search?q=%E3%83%AA%E3%83%8F%E3%83%93%E3%83%AA%E7%89%B9%E5%8C%96%E5%9E%8B%E3%83%87%E3%82%A4%E3%82%B5%E3%83%BC%E3%83%93%E3%82%B9%E3%80%80%E3%82%AB%E3%83%A9%E3%83%80%E3%83%A9%E3%83%9C%E4%B8%89%E6%B2%A2%20%E4%B8%89%E6%B2%A2%E5%B8%82
松園デイサービス・スカイ,地域密着型デイサービス,青森県,三沢市,"介護,地域密着型デイサービス",日中に通って食事・入浴・機能訓練・見守りなどを受けるサービスです。,http://www.rakuseikai.or.jp/,青森県三沢市松園町二丁目７－７,0176-57-5752,厚生労働省オープンデータ,https://www.mhlw.go.jp/content/12300000/jigyosho_780.csv,2025-12末,https://www.google.com/search?q=%E6%9D%BE%E5%9C%92%E3%83%87%E3%82%A4%E3%82%B5%E3%83%BC%E3%83%93%E3%82%B9%E3%83%BB%E3%82%B9%E3%82%AB%E3%82%A4%20%E4%B8%89%E6%B2%A2%E5%B8%82
デイサービスセンターふれあい,地域密着型デイサービス,青森県,三沢市,"介護,地域密着型デイサービス",日中に通って食事・入浴・機能訓練・見守りなどを受けるサービスです。,https://www.google.com/search?q=%E3%83%87%E3%82%A4%E3%82%B5%E3%83%BC%E3%83%93%E3%82%B9%E3%82%BB%E3%83%B3%E3%82%BF%E3%83%BC%E3%81%B5%E3%82%8C%E3%81%82%E3%81%84%20%E4%B8%89%E6%B2%A2%E5%B8%82,青森県三沢市桜町2丁目5-23,0176-58-5444,厚生労働省オープンデータ,https://www.mhlw.go.jp/content/12300000/jigyosho_780.csv,2025-12末,https://www.google.com/search?q=%E3%83%87%E3%82%A4%E3%82%B5%E3%83%BC%E3%83%93%E3%82%B9%E3%82%BB%E3%83%B3%E3%82%BF%E3%83%BC%E3%81%B5%E3%82%8C%E3%81%82%E3%81%84%20%E4%B8%89%E6%B2%A2%E5%B8%82
サードプレイスミサワ,地域密着型デイサービス,青森県,三沢市,"介護,地域密着型デイサービス",日中に通って食事・入浴・機能訓練・見守りなどを受けるサービスです。,https://thirdplacemisawa.com,青森県三沢市古間木山56,090-7009-8352,厚生労働省オープンデータ,https://www.mhlw.go.jp/content/12300000/jigyosho_780.csv,2025-12末,https://www.google.com/search?q=%E3%82%B5%E3%83%BC%E3%83%89%E3%83%97%E3%83%AC%E3%82%A4%E3%82%B9%E3%83%9F%E3%82%B5%E3%83%AF%20%E4%B8%89%E6%B2%A2%E5%B8%82
三沢デイサービスセンター,地域密着型デイサービス,青森県,三沢市,"介護,地域密着型デイサービス",日中に通って食事・入浴・機能訓練・見守りなどを受けるサービスです。,https://www.rakuseikai.or.jp/,青森県三沢市大津二丁目１２-３７４,0176-58-5058,厚生労働省オープンデータ,https://www.mhlw.go.jp/content/12300000/jigyosho_780.csv,2025-12末,https://www.google.com/search?q=%E4%B8%89%E6%B2%A2%E3%83%87%E3%82%A4%E3%82%B5%E3%83%BC%E3%83%93%E3%82%B9%E3%82%BB%E3%83%B3%E3%82%BF%E3%83%BC%20%E4%B8%89%E6%B2%A2%E5%B8%82
ディサービスなみのこ,地域密着型デイサービス,青森県,むつ市,"介護,地域密着型デイサービス",日中に通って食事・入浴・機能訓練・見守りなどを受けるサービスです。,https://www.google.com/search?q=%E3%83%87%E3%82%A3%E3%82%B5%E3%83%BC%E3%83%93%E3%82%B9%E3%81%AA%E3%81%BF%E3%81%AE%E3%81%93%20%E3%82%80%E3%81%A4%E5%B8%82,松原町2番2号,0175－31－0672,厚生労働省オープンデータ,https://www.mhlw.go.jp/content/12300000/jigyosho_780.csv,2025-12末,https://www.google.com/search?q=%E3%83%87%E3%82%A3%E3%82%B5%E3%83%BC%E3%83%93%E3%82%B9%E3%81%AA%E3%81%BF%E3%81%AE%E3%81%93%20%E3%82%80%E3%81%A4%E5%B8%82
デイサービスセンターねむのき,地域密着型デイサービス,青森県,むつ市,"介護,地域密着型デイサービス",日中に通って食事・入浴・機能訓練・見守りなどを受けるサービスです。,http://nemunoki.info/,青森県むつ市大字田名部字赤川ノ内並木73-11ディサービスセンターねむのき,0175-33-8818,厚生労働省オープンデータ,https://www.mhlw.go.jp/content/12300000/jigyosho_780.csv,2025-12末,https://www.google.com/search?q=%E3%83%87%E3%82%A4%E3%82%B5%E3%83%BC%E3%83%93%E3%82%B9%E3%82%BB%E3%83%B3%E3%82%BF%E3%83%BC%E3%81%AD%E3%82%80%E3%81%AE%E3%81%8D%20%E3%82%80%E3%81%A4%E5%B8%82
いこいの里デイサービスセンター,地域密着型デイサービス,青森県,むつ市,"介護,地域密着型デイサービス",日中に通って食事・入浴・機能訓練・見守りなどを受けるサービスです。,https://ikoinosato.sakuragikai.net/tokuyou.html,青森県むつ市脇野沢渡向73番地1,0175-44-2690,厚生労働省オープンデータ,https://www.mhlw.go.jp/content/12300000/jigyosho_780.csv,2025-12末,https://www.google.com/search?q=%E3%81%84%E3%81%93%E3%81%84%E3%81%AE%E9%87%8C%E3%83%87%E3%82%A4%E3%82%B5%E3%83%BC%E3%83%93%E3%82%B9%E3%82%BB%E3%83%B3%E3%82%BF%E3%83%BC%20%E3%82%80%E3%81%A4%E5%B8%82
デイサービスセンターたんぽぽ,地域密着型デイサービス,青森県,つがる市,"介護,地域密着型デイサービス",日中に通って食事・入浴・機能訓練・見守りなどを受けるサービスです。,https://www.google.com/search?q=%E3%83%87%E3%82%A4%E3%82%B5%E3%83%BC%E3%83%93%E3%82%B9%E3%82%BB%E3%83%B3%E3%82%BF%E3%83%BC%E3%81%9F%E3%82%93%E3%81%BD%E3%81%BD%20%E3%81%A4%E3%81%8C%E3%82%8B%E5%B8%82,木造善積藤田１８の１,（０１７３）４２－５３９７,厚生労働省オープンデータ,https://www.mhlw.go.jp/content/12300000/jigyosho_780.csv,2025-12末,https://www.google.com/search?q=%E3%83%87%E3%82%A4%E3%82%B5%E3%83%BC%E3%83%93%E3%82%B9%E3%82%BB%E3%83%B3%E3%82%BF%E3%83%BC%E3%81%9F%E3%82%93%E3%81%BD%E3%81%BD%20%E3%81%A4%E3%81%8C%E3%82%8B%E5%B8%82
つがるデイサービスセンター,地域密着型デイサービス,青森県,つがる市,"介護,地域密着型デイサービス",日中に通って食事・入浴・機能訓練・見守りなどを受けるサービスです。,https://www.shimano-group.jp/,青森県つがる市木造吹原西前田21-18,0173-26-4666,厚生労働省オープンデータ,https://www.mhlw.go.jp/content/12300000/jigyosho_780.csv,2025-12末,https://www.google.com/search?q=%E3%81%A4%E3%81%8C%E3%82%8B%E3%83%87%E3%82%A4%E3%82%B5%E3%83%BC%E3%83%93%E3%82%B9%E3%82%BB%E3%83%B3%E3%82%BF%E3%83%BC%20%E3%81%A4%E3%81%8C%E3%82%8B%E5%B8%82
デイサービスセンターはなさき,地域密着型デイサービス,青森県,つがる市,"介護,地域密着型デイサービス",日中に通って食事・入浴・機能訓練・見守りなどを受けるサービスです。,https://www.hakuyuukai.com,青森県つがる市柏下古川花崎１１２－２,0173-25-2840,厚生労働省オープンデータ,https://www.mhlw.go.jp/content/12300000/jigyosho_780.csv,2025-12末,https://www.google.com/search?q=%E3%83%87%E3%82%A4%E3%82%B5%E3%83%BC%E3%83%93%E3%82%B9%E3%82%BB%E3%83%B3%E3%82%BF%E3%83%BC%E3%81%AF%E3%81%AA%E3%81%95%E3%81%8D%20%E3%81%A4%E3%81%8C%E3%82%8B%E5%B8%82
デイサービスずぐり通泊サロン,地域密着型デイサービス,青森県,つがる市,"介護,地域密着型デイサービス",日中に通って食事・入浴・機能訓練・見守りなどを受けるサービスです。,https://ms-kaigo.com/,木造末広18,0173-42-1144,厚生労働省オープンデータ,https://www.mhlw.go.jp/content/12300000/jigyosho_780.csv,2025-12末,https://www.google.com/search?q=%E3%83%87%E3%82%A4%E3%82%B5%E3%83%BC%E3%83%93%E3%82%B9%E3%81%9A%E3%81%90%E3%82%8A%E9%80%9A%E6%B3%8A%E3%82%B5%E3%83%AD%E3%83%B3%20%E3%81%A4%E3%81%8C%E3%82%8B%E5%B8%82
高橋リハビリデイサービスセンター,地域密着型デイサービス,青森県,つがる市,"介護,地域密着型デイサービス",日中に通って食事・入浴・機能訓練・見守りなどを受けるサービスです。,https://www.google.com/search?q=%E9%AB%98%E6%A9%8B%E3%83%AA%E3%83%8F%E3%83%93%E3%83%AA%E3%83%87%E3%82%A4%E3%82%B5%E3%83%BC%E3%83%93%E3%82%B9%E3%82%BB%E3%83%B3%E3%82%BF%E3%83%BC%20%E3%81%A4%E3%81%8C%E3%82%8B%E5%B8%82,木造　有楽町　13－1,0173－26－6577,厚生労働省オープンデータ,https://www.mhlw.go.jp/content/12300000/jigyosho_780.csv,2025-12末,https://www.google.com/search?q=%E9%AB%98%E6%A9%8B%E3%83%AA%E3%83%8F%E3%83%93%E3%83%AA%E3%83%87%E3%82%A4%E3%82%B5%E3%83%BC%E3%83%93%E3%82%B9%E3%82%BB%E3%83%B3%E3%82%BF%E3%83%BC%20%E3%81%A4%E3%81%8C%E3%82%8B%E5%B8%82
小規模デイサービス陽だまり,地域密着型デイサービス,青森県,つがる市,"介護,地域密着型デイサービス",日中に通って食事・入浴・機能訓練・見守りなどを受けるサービスです。,https://www.google.com/search?q=%E5%B0%8F%E8%A6%8F%E6%A8%A1%E3%83%87%E3%82%A4%E3%82%B5%E3%83%BC%E3%83%93%E3%82%B9%E9%99%BD%E3%81%A0%E3%81%BE%E3%82%8A%20%E3%81%A4%E3%81%8C%E3%82%8B%E5%B8%82,青森県つがる市木造下遠山里小田原２１３－５,０１７３－２６－５２０７,厚生労働省オープンデータ,https://www.mhlw.go.jp/content/12300000/jigyosho_780.csv,2025-12末,https://www.google.com/search?q=%E5%B0%8F%E8%A6%8F%E6%A8%A1%E3%83%87%E3%82%A4%E3%82%B5%E3%83%BC%E3%83%93%E3%82%B9%E9%99%BD%E3%81%A0%E3%81%BE%E3%82%8A%20%E3%81%A4%E3%81%8C%E3%82%8B%E5%B8%82
くれもとデイサービスセンター,地域密着型デイサービス,青森県,つがる市,"介護,地域密着型デイサービス",日中に通って食事・入浴・機能訓練・見守りなどを受けるサービスです。,https://www.google.com/search?q=%E3%81%8F%E3%82%8C%E3%82%82%E3%81%A8%E3%83%87%E3%82%A4%E3%82%B5%E3%83%BC%E3%83%93%E3%82%B9%E3%82%BB%E3%83%B3%E3%82%BF%E3%83%BC%20%E3%81%A4%E3%81%8C%E3%82%8B%E5%B8%82,青森県つがる市木造曙39番地1,0173-49-1077,厚生労働省オープンデータ,https://www.mhlw.go.jp/content/12300000/jigyosho_780.csv,2025-12末,https://www.google.com/search?q=%E3%81%8F%E3%82%8C%E3%82%82%E3%81%A8%E3%83%87%E3%82%A4%E3%82%B5%E3%83%BC%E3%83%93%E3%82%B9%E3%82%BB%E3%83%B3%E3%82%BF%E3%83%BC%20%E3%81%A4%E3%81%8C%E3%82%8B%E5%B8%82
山口さん家のディホーム,地域密着型デイサービス,青森県,つがる市,"介護,地域密着型デイサービス",日中に通って食事・入浴・機能訓練・見守りなどを受けるサービスです。,https://www.google.com/search?q=%E5%B1%B1%E5%8F%A3%E3%81%95%E3%82%93%E5%AE%B6%E3%81%AE%E3%83%87%E3%82%A3%E3%83%9B%E3%83%BC%E3%83%A0%20%E3%81%A4%E3%81%8C%E3%82%8B%E5%B8%82,稲垣町吉出霞９６－１,０１７３－４６－２０９３,厚生労働省オープンデータ,https://www.mhlw.go.jp/content/12300000/jigyosho_780.csv,2025-12末,https://www.google.com/search?q=%E5%B1%B1%E5%8F%A3%E3%81%95%E3%82%93%E5%AE%B6%E3%81%AE%E3%83%87%E3%82%A3%E3%83%9B%E3%83%BC%E3%83%A0%20%E3%81%A4%E3%81%8C%E3%82%8B%E5%B8%82
ふるさと温泉,地域密着型デイサービス,青森県,平川市,"介護,地域密着型デイサービス",日中に通って食事・入浴・機能訓練・見守りなどを受けるサービスです。,https://qixiul7furusato-onnsenn.jimdosite.com/,平川市唐竹堀合５９－２,0172-44-0155,厚生労働省オープンデータ,https://www.mhlw.go.jp/content/12300000/jigyosho_780.csv,2025-12末,https://www.google.com/search?q=%E3%81%B5%E3%82%8B%E3%81%95%E3%81%A8%E6%B8%A9%E6%B3%89%20%E5%B9%B3%E5%B7%9D%E5%B8%82
デイサービスセンター　寿逢,地域密着型デイサービス,青森県,平川市,"介護,地域密着型デイサービス",日中に通って食事・入浴・機能訓練・見守りなどを受けるサービスです。,http://ryokufu.or.jp,青森県平川市葛川田ノ沢口５－１,0172-59-7020,厚生労働省オープンデータ,https://www.mhlw.go.jp/content/12300000/jigyosho_780.csv,2025-12末,https://www.google.com/search?q=%E3%83%87%E3%82%A4%E3%82%B5%E3%83%BC%E3%83%93%E3%82%B9%E3%82%BB%E3%83%B3%E3%82%BF%E3%83%BC%E3%80%80%E5%AF%BF%E9%80%A2%20%E5%B9%B3%E5%B7%9D%E5%B8%82
デイサービスセンターおのえ荘,地域密着型デイサービス,青森県,平川市,"介護,地域密着型デイサービス",日中に通って食事・入浴・機能訓練・見守りなどを受けるサービスです。,https://www.hakuyuukai.com,青森県平川市猿賀池上100-1,0172-57-3135,厚生労働省オープンデータ,https://www.mhlw.go.jp/content/12300000/jigyosho_780.csv,2025-12末,https://www.google.com/search?q=%E3%83%87%E3%82%A4%E3%82%B5%E3%83%BC%E3%83%93%E3%82%B9%E3%82%BB%E3%83%B3%E3%82%BF%E3%83%BC%E3%81%8A%E3%81%AE%E3%81%88%E8%8D%98%20%E5%B9%B3%E5%B7%9D%E5%B8%82
デイサービス笑がお,地域密着型デイサービス,青森県,平川市,"介護,地域密着型デイサービス",日中に通って食事・入浴・機能訓練・見守りなどを受けるサービスです。,https://www.google.com/search?q=%E3%83%87%E3%82%A4%E3%82%B5%E3%83%BC%E3%83%93%E3%82%B9%E7%AC%91%E3%81%8C%E3%81%8A%20%E5%B9%B3%E5%B7%9D%E5%B8%82,青森県平川市館山下扇田77-1,0172-44-7770,厚生労働省オープンデータ,https://www.mhlw.go.jp/content/12300000/jigyosho_780.csv,2025-12末,https://www.google.com/search?q=%E3%83%87%E3%82%A4%E3%82%B5%E3%83%BC%E3%83%93%E3%82%B9%E7%AC%91%E3%81%8C%E3%81%8A%20%E5%B9%B3%E5%B7%9D%E5%B8%82
社会福祉法人　平川市社会福祉協議会　碇ヶ関地域密着型通所介護事業所,地域密着型デイサービス,青森県,平川市,"介護,地域密着型デイサービス",日中に通って食事・入浴・機能訓練・見守りなどを受けるサービスです。,https://www.hirasyakyo.org/,青森県平川市碇ケ関三笠山１２０番地１平川市碇ケ関地域福祉センター　ハッピィハウス,0172-45-2725,厚生労働省オープンデータ,https://www.mhlw.go.jp/content/12300000/jigyosho_780.csv,2025-12末,https://www.google.com/search?q=%E7%A4%BE%E4%BC%9A%E7%A6%8F%E7%A5%89%E6%B3%95%E4%BA%BA%E3%80%80%E5%B9%B3%E5%B7%9D%E5%B8%82%E7%A4%BE%E4%BC%9A%E7%A6%8F%E7%A5%89%E5%8D%94%E8%AD%B0%E4%BC%9A%E3%80%80%E7%A2%87%E3%83%B6%E9%96%A2%E5%9C%B0%E5%9F%9F%E5%AF%86%E7%9D%80%E5%9E%8B%E9%80%9A%E6%89%80%E4%BB%8B%E8%AD%B7%E4%BA%8B%E6%A5%AD%E6%89%80%20%E5%B9%B3%E5%B7%9D%E5%B8%82
社協の湯っこほのぼの,地域密着型デイサービス,青森県,平内町,"介護,地域密着型デイサービス",日中に通って食事・入浴・機能訓練・見守りなどを受けるサービスです。,https://hiranaishakyo.jp/,青森県東津軽郡平内町大字小湊字後萢60-19,017-718-8404,厚生労働省オープンデータ,https://www.mhlw.go.jp/content/12300000/jigyosho_780.csv,2025-12末,https://www.google.com/search?q=%E7%A4%BE%E5%8D%94%E3%81%AE%E6%B9%AF%E3%81%A3%E3%81%93%E3%81%BB%E3%81%AE%E3%81%BC%E3%81%AE%20%E5%B9%B3%E5%86%85%E7%94%BA
今別町デイサービスセンターひより,地域密着型デイサービス,青森県,今別町,"介護,地域密着型デイサービス",日中に通って食事・入浴・機能訓練・見守りなどを受けるサービスです。,http://www.soujuen.com/,青森県東津軽郡今別町大字今別字西田２４８番地３９,0174-35-2941,厚生労働省オープンデータ,https://www.mhlw.go.jp/content/12300000/jigyosho_780.csv,2025-12末,https://www.google.com/search?q=%E4%BB%8A%E5%88%A5%E7%94%BA%E3%83%87%E3%82%A4%E3%82%B5%E3%83%BC%E3%83%93%E3%82%B9%E3%82%BB%E3%83%B3%E3%82%BF%E3%83%BC%E3%81%B2%E3%82%88%E3%82%8A%20%E4%BB%8A%E5%88%A5%E7%94%BA
優・遊　よもぎた,地域密着型デイサービス,青森県,蓬田村,"介護,地域密着型デイサービス",日中に通って食事・入浴・機能訓練・見守りなどを受けるサービスです。,www//yuyukaigo.com,東津軽郡蓬田村大字阿弥陀川字汐干116-1,0174-31-0057,厚生労働省オープンデータ,https://www.mhlw.go.jp/content/12300000/jigyosho_780.csv,2025-12末,https://www.google.com/search?q=%E5%84%AA%E3%83%BB%E9%81%8A%E3%80%80%E3%82%88%E3%82%82%E3%81%8E%E3%81%9F%20%E8%93%AC%E7%94%B0%E6%9D%91
鯵ヶ沢町社会福祉協議会　指定通所介護事業所,地域密着型デイサービス,青森県,鰺ヶ沢町,"介護,地域密着型デイサービス",日中に通って食事・入浴・機能訓練・見守りなどを受けるサービスです。,http://www.ajisyakyo.justhpbs.jp/home.html,青森県西津軽郡鰺ヶ沢町大字舞戸町字後家屋敷9番地の4鰺ヶ沢町総合保健福祉センター,0173－82－1602,厚生労働省オープンデータ,https://www.mhlw.go.jp/content/12300000/jigyosho_780.csv,2025-12末,https://www.google.com/search?q=%E9%AF%B5%E3%83%B6%E6%B2%A2%E7%94%BA%E7%A4%BE%E4%BC%9A%E7%A6%8F%E7%A5%89%E5%8D%94%E8%AD%B0%E4%BC%9A%E3%80%80%E6%8C%87%E5%AE%9A%E9%80%9A%E6%89%80%E4%BB%8B%E8%AD%B7%E4%BA%8B%E6%A5%AD%E6%89%80%20%E9%B0%BA%E3%83%B6%E6%B2%A2%E7%94%BA
デイサービスセンターみなみ,地域密着型デイサービス,青森県,鰺ヶ沢町,"介護,地域密着型デイサービス",日中に通って食事・入浴・機能訓練・見守りなどを受けるサービスです。,https://www.google.com/search?q=%E3%83%87%E3%82%A4%E3%82%B5%E3%83%BC%E3%83%93%E3%82%B9%E3%82%BB%E3%83%B3%E3%82%BF%E3%83%BC%E3%81%BF%E3%81%AA%E3%81%BF%20%E9%B0%BA%E3%83%B6%E6%B2%A2%E7%94%BA,青森県西津軽郡鯵ヶ沢町大字舘前町字後口田28-4,0173-79-2444,厚生労働省オープンデータ,https://www.mhlw.go.jp/content/12300000/jigyosho_780.csv,2025-12末,https://www.google.com/search?q=%E3%83%87%E3%82%A4%E3%82%B5%E3%83%BC%E3%83%93%E3%82%B9%E3%82%BB%E3%83%B3%E3%82%BF%E3%83%BC%E3%81%BF%E3%81%AA%E3%81%BF%20%E9%B0%BA%E3%83%B6%E6%B2%A2%E7%94%BA
白寿の郷デイサービスセンター,地域密着型デイサービス,青森県,深浦町,"介護,地域密着型デイサービス",日中に通って食事・入浴・機能訓練・見守りなどを受けるサービスです。,https://www.google.com/search?q=%E7%99%BD%E5%AF%BF%E3%81%AE%E9%83%B7%E3%83%87%E3%82%A4%E3%82%B5%E3%83%BC%E3%83%93%E3%82%B9%E3%82%BB%E3%83%B3%E3%82%BF%E3%83%BC%20%E6%B7%B1%E6%B5%A6%E7%94%BA,青森県西津軽郡深浦町大字岩崎字松原５７番地１,0173-77-2870,厚生労働省オープンデータ,https://www.mhlw.go.jp/content/12300000/jigyosho_780.csv,2025-12末,https://www.google.com/search?q=%E7%99%BD%E5%AF%BF%E3%81%AE%E9%83%B7%E3%83%87%E3%82%A4%E3%82%B5%E3%83%BC%E3%83%93%E3%82%B9%E3%82%BB%E3%83%B3%E3%82%BF%E3%83%BC%20%E6%B7%B1%E6%B5%A6%E7%94%BA
深浦町デイサービスセンター,地域密着型デイサービス,青森県,深浦町,"介護,地域密着型デイサービス",日中に通って食事・入浴・機能訓練・見守りなどを受けるサービスです。,URL:http://hamanasuso.com,青森県西津軽郡深浦町大字驫木字津山118-44,0173-74-4075,厚生労働省オープンデータ,https://www.mhlw.go.jp/content/12300000/jigyosho_780.csv,2025-12末,https://www.google.com/search?q=%E6%B7%B1%E6%B5%A6%E7%94%BA%E3%83%87%E3%82%A4%E3%82%B5%E3%83%BC%E3%83%93%E3%82%B9%E3%82%BB%E3%83%B3%E3%82%BF%E3%83%BC%20%E6%B7%B1%E6%B5%A6%E7%94%BA
リハジムらしかる,地域密着型デイサービス,青森県,深浦町,"介護,地域密着型デイサービス",日中に通って食事・入浴・機能訓練・見守りなどを受けるサービスです。,URL：http://hamanasuso.com,青森県西津軽郡深浦町大字深浦字浜町137-1,0173-82-0551,厚生労働省オープンデータ,https://www.mhlw.go.jp/content/12300000/jigyosho_780.csv,2025-12末,https://www.google.com/search?q=%E3%83%AA%E3%83%8F%E3%82%B8%E3%83%A0%E3%82%89%E3%81%97%E3%81%8B%E3%82%8B%20%E6%B7%B1%E6%B5%A6%E7%94%BA
サポートセンターいきいき武さん家,地域密着型デイサービス,青森県,藤崎町,"介護,地域密着型デイサービス",日中に通って食事・入浴・機能訓練・見守りなどを受けるサービスです。,https://www.google.com/search?q=%E3%82%B5%E3%83%9D%E3%83%BC%E3%83%88%E3%82%BB%E3%83%B3%E3%82%BF%E3%83%BC%E3%81%84%E3%81%8D%E3%81%84%E3%81%8D%E6%AD%A6%E3%81%95%E3%82%93%E5%AE%B6%20%E8%97%A4%E5%B4%8E%E7%94%BA,青森県南津軽郡藤崎町大字三ツ屋字上前田63-2,0172-55-0638,厚生労働省オープンデータ,https://www.mhlw.go.jp/content/12300000/jigyosho_780.csv,2025-12末,https://www.google.com/search?q=%E3%82%B5%E3%83%9D%E3%83%BC%E3%83%88%E3%82%BB%E3%83%B3%E3%82%BF%E3%83%BC%E3%81%84%E3%81%8D%E3%81%84%E3%81%8D%E6%AD%A6%E3%81%95%E3%82%93%E5%AE%B6%20%E8%97%A4%E5%B4%8E%E7%94%BA
デイサービスセンター虹貝,地域密着型デイサービス,青森県,大鰐町,"介護,地域密着型デイサービス",日中に通って食事・入浴・機能訓練・見守りなどを受けるサービスです。,https://www.google.com/search?q=%E3%83%87%E3%82%A4%E3%82%B5%E3%83%BC%E3%83%93%E3%82%B9%E3%82%BB%E3%83%B3%E3%82%BF%E3%83%BC%E8%99%B9%E8%B2%9D%20%E5%A4%A7%E9%B0%90%E7%94%BA,青森県南津軽郡大鰐町大字虹貝字篠塚３３－７,0172-55-8826,厚生労働省オープンデータ,https://www.mhlw.go.jp/content/12300000/jigyosho_780.csv,2025-12末,https://www.google.com/search?q=%E3%83%87%E3%82%A4%E3%82%B5%E3%83%BC%E3%83%93%E3%82%B9%E3%82%BB%E3%83%B3%E3%82%BF%E3%83%BC%E8%99%B9%E8%B2%9D%20%E5%A4%A7%E9%B0%90%E7%94%BA
デイサービスセンター鶴東館,地域密着型デイサービス,青森県,鶴田町,"介護,地域密着型デイサービス",日中に通って食事・入浴・機能訓練・見守りなどを受けるサービスです。,turutasyakyou@oregano.ocn.ne.jp,青森県北津軽郡鶴田町大字境字宮内1-1,0173-22-6663,厚生労働省オープンデータ,https://www.mhlw.go.jp/content/12300000/jigyosho_780.csv,2025-12末,https://www.google.com/search?q=%E3%83%87%E3%82%A4%E3%82%B5%E3%83%BC%E3%83%93%E3%82%B9%E3%82%BB%E3%83%B3%E3%82%BF%E3%83%BC%E9%B6%B4%E6%9D%B1%E9%A4%A8%20%E9%B6%B4%E7%94%B0%E7%94%BA
デイサービスセンターまた明日,地域密着型デイサービス,青森県,鶴田町,"介護,地域密着型デイサービス",日中に通って食事・入浴・機能訓練・見守りなどを受けるサービスです。,https://www.google.com/search?q=%E3%83%87%E3%82%A4%E3%82%B5%E3%83%BC%E3%83%93%E3%82%B9%E3%82%BB%E3%83%B3%E3%82%BF%E3%83%BC%E3%81%BE%E3%81%9F%E6%98%8E%E6%97%A5%20%E9%B6%B4%E7%94%B0%E7%94%BA,青森県北津軽郡鶴田町大字鶴泊字前田９９－３,０１７３－２６－６７７３,厚生労働省オープンデータ,https://www.mhlw.go.jp/content/12300000/jigyosho_780.csv,2025-12末,https://www.google.com/search?q=%E3%83%87%E3%82%A4%E3%82%B5%E3%83%BC%E3%83%93%E3%82%B9%E3%82%BB%E3%83%B3%E3%82%BF%E3%83%BC%E3%81%BE%E3%81%9F%E6%98%8E%E6%97%A5%20%E9%B6%B4%E7%94%B0%E7%94%BA
ディサービスセンターよこはま,地域密着型デイサービス,青森県,横浜町,"介護,地域密着型デイサービス",日中に通って食事・入浴・機能訓練・見守りなどを受けるサービスです。,https://www.google.com/search?q=%E3%83%87%E3%82%A3%E3%82%B5%E3%83%BC%E3%83%93%E3%82%B9%E3%82%BB%E3%83%B3%E3%82%BF%E3%83%BC%E3%82%88%E3%81%93%E3%81%AF%E3%81%BE%20%E6%A8%AA%E6%B5%9C%E7%94%BA,青森県上北郡横浜町上イタヤノ木438-6,0175-76-1277,厚生労働省オープンデータ,https://www.mhlw.go.jp/content/12300000/jigyosho_780.csv,2025-12末,https://www.google.com/search?q=%E3%83%87%E3%82%A3%E3%82%B5%E3%83%BC%E3%83%93%E3%82%B9%E3%82%BB%E3%83%B3%E3%82%BF%E3%83%BC%E3%82%88%E3%81%93%E3%81%AF%E3%81%BE%20%E6%A8%AA%E6%B5%9C%E7%94%BA
デイサービスセンター　あゆみの里,地域密着型デイサービス,青森県,おいらせ町,"介護,地域密着型デイサービス",日中に通って食事・入浴・機能訓練・見守りなどを受けるサービスです。,http://www.momoishiso.or.jp,青森県上北郡おいらせ町東下谷地618,0178-50-1186,厚生労働省オープンデータ,https://www.mhlw.go.jp/content/12300000/jigyosho_780.csv,2025-12末,https://www.google.com/search?q=%E3%83%87%E3%82%A4%E3%82%B5%E3%83%BC%E3%83%93%E3%82%B9%E3%82%BB%E3%83%B3%E3%82%BF%E3%83%BC%E3%80%80%E3%81%82%E3%82%86%E3%81%BF%E3%81%AE%E9%87%8C%20%E3%81%8A%E3%81%84%E3%82%89%E3%81%9B%E7%94%BA
和楽通所介護,地域密着型デイサービス,青森県,東通村,"介護,地域密着型デイサービス",日中に通って食事・入浴・機能訓練・見守りなどを受けるサービスです。,https://www.google.com/search?q=%E5%92%8C%E6%A5%BD%E9%80%9A%E6%89%80%E4%BB%8B%E8%AD%B7%20%E6%9D%B1%E9%80%9A%E6%9D%91,青森県下北郡東通村大字白糠字家ノ上43-4,0175-45-5687,厚生労働省オープンデータ,https://www.mhlw.go.jp/content/12300000/jigyosho_780.csv,2025-12末,https://www.google.com/search?q=%E5%92%8C%E6%A5%BD%E9%80%9A%E6%89%80%E4%BB%8B%E8%AD%B7%20%E6%9D%B1%E9%80%9A%E6%9D%91
社会福祉法人東通村社会福祉協議会あしすと介護サービス事業所,地域密着型デイサービス,青森県,東通村,"介護,地域密着型デイサービス",日中に通って食事・入浴・機能訓練・見守りなどを受けるサービスです。,https://www.google.com/search?q=%E7%A4%BE%E4%BC%9A%E7%A6%8F%E7%A5%89%E6%B3%95%E4%BA%BA%E6%9D%B1%E9%80%9A%E6%9D%91%E7%A4%BE%E4%BC%9A%E7%A6%8F%E7%A5%89%E5%8D%94%E8%AD%B0%E4%BC%9A%E3%81%82%E3%81%97%E3%81%99%E3%81%A8%E4%BB%8B%E8%AD%B7%E3%82%B5%E3%83%BC%E3%83%93%E3%82%B9%E4%BA%8B%E6%A5%AD%E6%89%80%20%E6%9D%B1%E9%80%9A%E6%9D%91,青森県下北郡東通村大字白糠字赤平679番地,0175-45-5681,厚生労働省オープンデータ,https://www.mhlw.go.jp/content/12300000/jigyosho_780.csv,2025-12末,https://www.google.com/search?q=%E7%A4%BE%E4%BC%9A%E7%A6%8F%E7%A5%89%E6%B3%95%E4%BA%BA%E6%9D%B1%E9%80%9A%E6%9D%91%E7%A4%BE%E4%BC%9A%E7%A6%8F%E7%A5%89%E5%8D%94%E8%AD%B0%E4%BC%9A%E3%81%82%E3%81%97%E3%81%99%E3%81%A8%E4%BB%8B%E8%AD%B7%E3%82%B5%E3%83%BC%E3%83%93%E3%82%B9%E4%BA%8B%E6%A5%AD%E6%89%80%20%E6%9D%B1%E9%80%9A%E6%9D%91
風間浦村社協デイサービスセンター,地域密着型デイサービス,青森県,風間浦村,"介護,地域密着型デイサービス",日中に通って食事・入浴・機能訓練・見守りなどを受けるサービスです。,https://www.google.com/search?q=%E9%A2%A8%E9%96%93%E6%B5%A6%E6%9D%91%E7%A4%BE%E5%8D%94%E3%83%87%E3%82%A4%E3%82%B5%E3%83%BC%E3%83%93%E3%82%B9%E3%82%BB%E3%83%B3%E3%82%BF%E3%83%BC%20%E9%A2%A8%E9%96%93%E6%B5%A6%E6%9D%91,青森県下北郡風間浦村大字易国間字大川目１１－２,0175-35-2243,厚生労働省オープンデータ,https://www.mhlw.go.jp/content/12300000/jigyosho_780.csv,2025-12末,https://www.google.com/search?q=%E9%A2%A8%E9%96%93%E6%B5%A6%E6%9D%91%E7%A4%BE%E5%8D%94%E3%83%87%E3%82%A4%E3%82%B5%E3%83%BC%E3%83%93%E3%82%B9%E3%82%BB%E3%83%B3%E3%82%BF%E3%83%BC%20%E9%A2%A8%E9%96%93%E6%B5%A6%E6%9D%91
あすなろ通所介護事業所,地域密着型デイサービス,青森県,佐井村,"介護,地域密着型デイサービス",日中に通って食事・入浴・機能訓練・見守りなどを受けるサービスです。,http:www.sai-shakyo.com/,青森県下北郡佐井村大字佐井字大佐井川目39番地12,0175-38-4181,厚生労働省オープンデータ,https://www.mhlw.go.jp/content/12300000/jigyosho_780.csv,2025-12末,https://www.google.com/search?q=%E3%81%82%E3%81%99%E3%81%AA%E3%82%8D%E9%80%9A%E6%89%80%E4%BB%8B%E8%AD%B7%E4%BA%8B%E6%A5%AD%E6%89%80%20%E4%BD%90%E4%BA%95%E6%9D%91
デイサービスセンター虹,地域密着型デイサービス,青森県,三戸町,"介護,地域密着型デイサービス",日中に通って食事・入浴・機能訓練・見守りなどを受けるサービスです。,https://www.google.com/search?q=%E3%83%87%E3%82%A4%E3%82%B5%E3%83%BC%E3%83%93%E3%82%B9%E3%82%BB%E3%83%B3%E3%82%BF%E3%83%BC%E8%99%B9%20%E4%B8%89%E6%88%B8%E7%94%BA,三戸郡三戸町大字在府小路町17,0179-20-0072,厚生労働省オープンデータ,https://www.mhlw.go.jp/content/12300000/jigyosho_780.csv,2025-12末,https://www.google.com/search?q=%E3%83%87%E3%82%A4%E3%82%B5%E3%83%BC%E3%83%93%E3%82%B9%E3%82%BB%E3%83%B3%E3%82%BF%E3%83%BC%E8%99%B9%20%E4%B8%89%E6%88%B8%E7%94%BA
三老デイサービスセンター,地域密着型デイサービス,青森県,南部町,"介護,地域密着型デイサービス",日中に通って食事・入浴・機能訓練・見守りなどを受けるサービスです。,https://sanrou-hatiman.net/,青森県三戸郡南部町大字大向字仙ノ木平31-1,0179-22-1218,厚生労働省オープンデータ,https://www.mhlw.go.jp/content/12300000/jigyosho_780.csv,2025-12末,https://www.google.com/search?q=%E4%B8%89%E8%80%81%E3%83%87%E3%82%A4%E3%82%B5%E3%83%BC%E3%83%93%E3%82%B9%E3%82%BB%E3%83%B3%E3%82%BF%E3%83%BC%20%E5%8D%97%E9%83%A8%E7%94%BA
