name,type,pref,city,tags,description,url,address,phone,source,source_url,last_updated,external_search
訪問看護ステーションバウンス,訪問看護,山形県,山形市,"介護,訪問看護,医療",看護師などが自宅へ訪問し、健康状態の確認や医療的ケア、療養生活の支援を行います。,http://bounce.yamagata.jp/,山形県山形市村木沢426の1,023-616-4117,厚生労働省オープンデータ,https://www.mhlw.go.jp/content/12300000/jigyosho_130.csv,2025-12末,https://www.google.com/search?q=%E8%A8%AA%E5%95%8F%E7%9C%8B%E8%AD%B7%E3%82%B9%E3%83%86%E3%83%BC%E3%82%B7%E3%83%A7%E3%83%B3%E3%83%90%E3%82%A6%E3%83%B3%E3%82%B9%20%E5%B1%B1%E5%BD%A2%E5%B8%82
訪問看護ステーションふれあい,訪問看護,山形県,山形市,"介護,訪問看護,医療",看護師などが自宅へ訪問し、健康状態の確認や医療的ケア、療養生活の支援を行います。,https://www.google.com/search?q=%E8%A8%AA%E5%95%8F%E7%9C%8B%E8%AD%B7%E3%82%B9%E3%83%86%E3%83%BC%E3%82%B7%E3%83%A7%E3%83%B3%E3%81%B5%E3%82%8C%E3%81%82%E3%81%84%20%E5%B1%B1%E5%BD%A2%E5%B8%82,山形県山形市桜田西４丁目1-14,023-628-3977,厚生労働省オープンデータ,https://www.mhlw.go.jp/content/12300000/jigyosho_130.csv,2025-12末,https://www.google.com/search?q=%E8%A8%AA%E5%95%8F%E7%9C%8B%E8%AD%B7%E3%82%B9%E3%83%86%E3%83%BC%E3%82%B7%E3%83%A7%E3%83%B3%E3%81%B5%E3%82%8C%E3%81%82%E3%81%84%20%E5%B1%B1%E5%BD%A2%E5%B8%82
済生会山形訪問看護ステーション,訪問看護,山形県,山形市,"介護,訪問看護,医療",看護師などが自宅へ訪問し、健康状態の確認や医療的ケア、療養生活の支援を行います。,http://www.yamagata-saiseikai.org/nu_station_main.html,山形県山形市沖町７９－１,023-682-0135,厚生労働省オープンデータ,https://www.mhlw.go.jp/content/12300000/jigyosho_130.csv,2025-12末,https://www.google.com/search?q=%E6%B8%88%E7%94%9F%E4%BC%9A%E5%B1%B1%E5%BD%A2%E8%A8%AA%E5%95%8F%E7%9C%8B%E8%AD%B7%E3%82%B9%E3%83%86%E3%83%BC%E3%82%B7%E3%83%A7%E3%83%B3%20%E5%B1%B1%E5%BD%A2%E5%B8%82
訪問看護ステーション　樫の木,訪問看護,山形県,山形市,"介護,訪問看護,医療",看護師などが自宅へ訪問し、健康状態の確認や医療的ケア、療養生活の支援を行います。,https://daiwa-med.co.jp/,山形市上町４丁目６-２４,023-644-3364,厚生労働省オープンデータ,https://www.mhlw.go.jp/content/12300000/jigyosho_130.csv,2025-12末,https://www.google.com/search?q=%E8%A8%AA%E5%95%8F%E7%9C%8B%E8%AD%B7%E3%82%B9%E3%83%86%E3%83%BC%E3%82%B7%E3%83%A7%E3%83%B3%E3%80%80%E6%A8%AB%E3%81%AE%E6%9C%A8%20%E5%B1%B1%E5%BD%A2%E5%B8%82
訪問看護リハビリステーション敬寿園,訪問看護,山形県,山形市,"介護,訪問看護,医療",看護師などが自宅へ訪問し、健康状態の確認や医療的ケア、療養生活の支援を行います。,http://keijuen.or.jp/,山形県山形市南原町3-16-1佐藤ビル102,023-687-1420,厚生労働省オープンデータ,https://www.mhlw.go.jp/content/12300000/jigyosho_130.csv,2025-12末,https://www.google.com/search?q=%E8%A8%AA%E5%95%8F%E7%9C%8B%E8%AD%B7%E3%83%AA%E3%83%8F%E3%83%93%E3%83%AA%E3%82%B9%E3%83%86%E3%83%BC%E3%82%B7%E3%83%A7%E3%83%B3%E6%95%AC%E5%AF%BF%E5%9C%92%20%E5%B1%B1%E5%BD%A2%E5%B8%82
ナースケア山形,訪問看護,山形県,山形市,"介護,訪問看護,医療",看護師などが自宅へ訪問し、健康状態の確認や医療的ケア、療養生活の支援を行います。,https://www.google.com/search?q=%E3%83%8A%E3%83%BC%E3%82%B9%E3%82%B1%E3%82%A2%E5%B1%B1%E5%BD%A2%20%E5%B1%B1%E5%BD%A2%E5%B8%82,山形市嶋南２-２-７,023-682-8544,厚生労働省オープンデータ,https://www.mhlw.go.jp/content/12300000/jigyosho_130.csv,2025-12末,https://www.google.com/search?q=%E3%83%8A%E3%83%BC%E3%82%B9%E3%82%B1%E3%82%A2%E5%B1%B1%E5%BD%A2%20%E5%B1%B1%E5%BD%A2%E5%B8%82
オールケア山形,訪問看護,山形県,山形市,"介護,訪問看護,医療",看護師などが自宅へ訪問し、健康状態の確認や医療的ケア、療養生活の支援を行います。,https://www.google.com/search?q=%E3%82%AA%E3%83%BC%E3%83%AB%E3%82%B1%E3%82%A2%E5%B1%B1%E5%BD%A2%20%E5%B1%B1%E5%BD%A2%E5%B8%82,山形県山形市西田三丁目3-15,023-674-8871,厚生労働省オープンデータ,https://www.mhlw.go.jp/content/12300000/jigyosho_130.csv,2025-12末,https://www.google.com/search?q=%E3%82%AA%E3%83%BC%E3%83%AB%E3%82%B1%E3%82%A2%E5%B1%B1%E5%BD%A2%20%E5%B1%B1%E5%BD%A2%E5%B8%82
在宅リハビリ看護ステーションつばさ,訪問看護,山形県,山形市,"介護,訪問看護,医療",看護師などが自宅へ訪問し、健康状態の確認や医療的ケア、療養生活の支援を行います。,http://www.tbasa.co.jp,山形県山形市青田南6番13号,023-627-7011,厚生労働省オープンデータ,https://www.mhlw.go.jp/content/12300000/jigyosho_130.csv,2025-12末,https://www.google.com/search?q=%E5%9C%A8%E5%AE%85%E3%83%AA%E3%83%8F%E3%83%93%E3%83%AA%E7%9C%8B%E8%AD%B7%E3%82%B9%E3%83%86%E3%83%BC%E3%82%B7%E3%83%A7%E3%83%B3%E3%81%A4%E3%81%B0%E3%81%95%20%E5%B1%B1%E5%BD%A2%E5%B8%82
社会福祉法人山形　　サンシャイン訪問看護ステーション,訪問看護,山形県,山形市,"介護,訪問看護,医療",看護師などが自宅へ訪問し、健康状態の確認や医療的ケア、療養生活の支援を行います。,http://sunshine-oomori.jp/,山形県山形市大字大森2139番地1,023-676-8660,厚生労働省オープンデータ,https://www.mhlw.go.jp/content/12300000/jigyosho_130.csv,2025-12末,https://www.google.com/search?q=%E7%A4%BE%E4%BC%9A%E7%A6%8F%E7%A5%89%E6%B3%95%E4%BA%BA%E5%B1%B1%E5%BD%A2%E3%80%80%E3%80%80%E3%82%B5%E3%83%B3%E3%82%B7%E3%83%A3%E3%82%A4%E3%83%B3%E8%A8%AA%E5%95%8F%E7%9C%8B%E8%AD%B7%E3%82%B9%E3%83%86%E3%83%BC%E3%82%B7%E3%83%A7%E3%83%B3%20%E5%B1%B1%E5%BD%A2%E5%B8%82
リハビリ特化型　訪問看護ステーション菜の花,訪問看護,山形県,山形市,"介護,訪問看護,医療",看護師などが自宅へ訪問し、健康状態の確認や医療的ケア、療養生活の支援を行います。,https://www.google.com/search?q=%E3%83%AA%E3%83%8F%E3%83%93%E3%83%AA%E7%89%B9%E5%8C%96%E5%9E%8B%E3%80%80%E8%A8%AA%E5%95%8F%E7%9C%8B%E8%AD%B7%E3%82%B9%E3%83%86%E3%83%BC%E3%82%B7%E3%83%A7%E3%83%B3%E8%8F%9C%E3%81%AE%E8%8A%B1%20%E5%B1%B1%E5%BD%A2%E5%B8%82,山形県山形市印役町4丁目5番23号,023-665-5590,厚生労働省オープンデータ,https://www.mhlw.go.jp/content/12300000/jigyosho_130.csv,2025-12末,https://www.google.com/search?q=%E3%83%AA%E3%83%8F%E3%83%93%E3%83%AA%E7%89%B9%E5%8C%96%E5%9E%8B%E3%80%80%E8%A8%AA%E5%95%8F%E7%9C%8B%E8%AD%B7%E3%82%B9%E3%83%86%E3%83%BC%E3%82%B7%E3%83%A7%E3%83%B3%E8%8F%9C%E3%81%AE%E8%8A%B1%20%E5%B1%B1%E5%BD%A2%E5%B8%82
訪問看護ステーションYONEKI,訪問看護,山形県,山形市,"介護,訪問看護,医療",看護師などが自宅へ訪問し、健康状態の確認や医療的ケア、療養生活の支援を行います。,http://yonekiya.com/,山形県山形市あかねヶ丘2-1-4ＹＯＮＥＫＩプレミアム,033-616-7515,厚生労働省オープンデータ,https://www.mhlw.go.jp/content/12300000/jigyosho_130.csv,2025-12末,https://www.google.com/search?q=%E8%A8%AA%E5%95%8F%E7%9C%8B%E8%AD%B7%E3%82%B9%E3%83%86%E3%83%BC%E3%82%B7%E3%83%A7%E3%83%B3YONEKI%20%E5%B1%B1%E5%BD%A2%E5%B8%82
セントケア訪問看護ステーション山形,訪問看護,山形県,山形市,"介護,訪問看護,医療",看護師などが自宅へ訪問し、健康状態の確認や医療的ケア、療養生活の支援を行います。,http://www.saint-care.com/,山形県山形市十日町3丁目6番43号ほうゆうキャピタル,023-615-1014,厚生労働省オープンデータ,https://www.mhlw.go.jp/content/12300000/jigyosho_130.csv,2025-12末,https://www.google.com/search?q=%E3%82%BB%E3%83%B3%E3%83%88%E3%82%B1%E3%82%A2%E8%A8%AA%E5%95%8F%E7%9C%8B%E8%AD%B7%E3%82%B9%E3%83%86%E3%83%BC%E3%82%B7%E3%83%A7%E3%83%B3%E5%B1%B1%E5%BD%A2%20%E5%B1%B1%E5%BD%A2%E5%B8%82
ウィル訪問看護ステーション山形,訪問看護,山形県,山形市,"介護,訪問看護,医療",看護師などが自宅へ訪問し、健康状態の確認や医療的ケア、療養生活の支援を行います。,https://wyl.co.jp,山形県山形市桜田東４丁目8-44,023−666−8207,厚生労働省オープンデータ,https://www.mhlw.go.jp/content/12300000/jigyosho_130.csv,2025-12末,https://www.google.com/search?q=%E3%82%A6%E3%82%A3%E3%83%AB%E8%A8%AA%E5%95%8F%E7%9C%8B%E8%AD%B7%E3%82%B9%E3%83%86%E3%83%BC%E3%82%B7%E3%83%A7%E3%83%B3%E5%B1%B1%E5%BD%A2%20%E5%B1%B1%E5%BD%A2%E5%B8%82
訪問看護ステーション　ライズ,訪問看護,山形県,山形市,"介護,訪問看護,医療",看護師などが自宅へ訪問し、健康状態の確認や医療的ケア、療養生活の支援を行います。,http://lcrip.com/,山形県山形市大字松原下河原300−51,023-666-8211,厚生労働省オープンデータ,https://www.mhlw.go.jp/content/12300000/jigyosho_130.csv,2025-12末,https://www.google.com/search?q=%E8%A8%AA%E5%95%8F%E7%9C%8B%E8%AD%B7%E3%82%B9%E3%83%86%E3%83%BC%E3%82%B7%E3%83%A7%E3%83%B3%E3%80%80%E3%83%A9%E3%82%A4%E3%82%BA%20%E5%B1%B1%E5%BD%A2%E5%B8%82
訪問看護ステーション和来やまがた,訪問看護,山形県,山形市,"介護,訪問看護,医療",看護師などが自宅へ訪問し、健康状態の確認や医療的ケア、療養生活の支援を行います。,https://warai.life/,山形県山形市江俣４丁目18番29号サニーメゾン1F,023-616-3907,厚生労働省オープンデータ,https://www.mhlw.go.jp/content/12300000/jigyosho_130.csv,2025-12末,https://www.google.com/search?q=%E8%A8%AA%E5%95%8F%E7%9C%8B%E8%AD%B7%E3%82%B9%E3%83%86%E3%83%BC%E3%82%B7%E3%83%A7%E3%83%B3%E5%92%8C%E6%9D%A5%E3%82%84%E3%81%BE%E3%81%8C%E3%81%9F%20%E5%B1%B1%E5%BD%A2%E5%B8%82
アイノア訪問看護ステーション,訪問看護,山形県,山形市,"介護,訪問看護,医療",看護師などが自宅へ訪問し、健康状態の確認や医療的ケア、療養生活の支援を行います。,ainoa@ainoa-kango.co.jp,山形県山形市南原町二丁目8番47号南原アネックス2階北,023-679-5855,厚生労働省オープンデータ,https://www.mhlw.go.jp/content/12300000/jigyosho_130.csv,2025-12末,https://www.google.com/search?q=%E3%82%A2%E3%82%A4%E3%83%8E%E3%82%A2%E8%A8%AA%E5%95%8F%E7%9C%8B%E8%AD%B7%E3%82%B9%E3%83%86%E3%83%BC%E3%82%B7%E3%83%A7%E3%83%B3%20%E5%B1%B1%E5%BD%A2%E5%B8%82
訪問看護ステーションひまわり,訪問看護,山形県,山形市,"介護,訪問看護,医療",看護師などが自宅へ訪問し、健康状態の確認や医療的ケア、療養生活の支援を行います。,https://www.google.com/search?q=%E8%A8%AA%E5%95%8F%E7%9C%8B%E8%AD%B7%E3%82%B9%E3%83%86%E3%83%BC%E3%82%B7%E3%83%A7%E3%83%B3%E3%81%B2%E3%81%BE%E3%82%8F%E3%82%8A%20%E5%B1%B1%E5%BD%A2%E5%B8%82,山形県山形市大字漆山771-1,0236166280,厚生労働省オープンデータ,https://www.mhlw.go.jp/content/12300000/jigyosho_130.csv,2025-12末,https://www.google.com/search?q=%E8%A8%AA%E5%95%8F%E7%9C%8B%E8%AD%B7%E3%82%B9%E3%83%86%E3%83%BC%E3%82%B7%E3%83%A7%E3%83%B3%E3%81%B2%E3%81%BE%E3%82%8F%E3%82%8A%20%E5%B1%B1%E5%BD%A2%E5%B8%82
いちまる訪問看護ステーション,訪問看護,山形県,山形市,"介護,訪問看護,医療",看護師などが自宅へ訪問し、健康状態の確認や医療的ケア、療養生活の支援を行います。,http://ichimaru.fab3.co.jp/hp/,山形県山形市若宮2丁目17-1,0236643166,厚生労働省オープンデータ,https://www.mhlw.go.jp/content/12300000/jigyosho_130.csv,2025-12末,https://www.google.com/search?q=%E3%81%84%E3%81%A1%E3%81%BE%E3%82%8B%E8%A8%AA%E5%95%8F%E7%9C%8B%E8%AD%B7%E3%82%B9%E3%83%86%E3%83%BC%E3%82%B7%E3%83%A7%E3%83%B3%20%E5%B1%B1%E5%BD%A2%E5%B8%82
SOIN訪問看護ステーション山形,訪問看護,山形県,山形市,"介護,訪問看護,医療",看護師などが自宅へ訪問し、健康状態の確認や医療的ケア、療養生活の支援を行います。,https://sedge.co.jp/,山形県山形市春日町9-4,023-676-6577,厚生労働省オープンデータ,https://www.mhlw.go.jp/content/12300000/jigyosho_130.csv,2025-12末,https://www.google.com/search?q=SOIN%E8%A8%AA%E5%95%8F%E7%9C%8B%E8%AD%B7%E3%82%B9%E3%83%86%E3%83%BC%E3%82%B7%E3%83%A7%E3%83%B3%E5%B1%B1%E5%BD%A2%20%E5%B1%B1%E5%BD%A2%E5%B8%82
医心館訪問看護ステーション山形Ⅱ,訪問看護,山形県,山形市,"介護,訪問看護,医療",看護師などが自宅へ訪問し、健康状態の確認や医療的ケア、療養生活の支援を行います。,https://www.google.com/search?q=%E5%8C%BB%E5%BF%83%E9%A4%A8%E8%A8%AA%E5%95%8F%E7%9C%8B%E8%AD%B7%E3%82%B9%E3%83%86%E3%83%BC%E3%82%B7%E3%83%A7%E3%83%B3%E5%B1%B1%E5%BD%A2%E2%85%A1%20%E5%B1%B1%E5%BD%A2%E5%B8%82,山形県山形市南栄町二丁目14番2号,023-664-2062,厚生労働省オープンデータ,https://www.mhlw.go.jp/content/12300000/jigyosho_130.csv,2025-12末,https://www.google.com/search?q=%E5%8C%BB%E5%BF%83%E9%A4%A8%E8%A8%AA%E5%95%8F%E7%9C%8B%E8%AD%B7%E3%82%B9%E3%83%86%E3%83%BC%E3%82%B7%E3%83%A7%E3%83%B3%E5%B1%B1%E5%BD%A2%E2%85%A1%20%E5%B1%B1%E5%BD%A2%E5%B8%82
訪問看護ステーションいぶき,訪問看護,山形県,山形市,"介護,訪問看護,医療",看護師などが自宅へ訪問し、健康状態の確認や医療的ケア、療養生活の支援を行います。,https://ibuki-yamagata.jp,山形県山形市落合町337,023-615-8539,厚生労働省オープンデータ,https://www.mhlw.go.jp/content/12300000/jigyosho_130.csv,2025-12末,https://www.google.com/search?q=%E8%A8%AA%E5%95%8F%E7%9C%8B%E8%AD%B7%E3%82%B9%E3%83%86%E3%83%BC%E3%82%B7%E3%83%A7%E3%83%B3%E3%81%84%E3%81%B6%E3%81%8D%20%E5%B1%B1%E5%BD%A2%E5%B8%82
萬屋薬局訪問看護ステーション松の実,訪問看護,山形県,山形市,"介護,訪問看護,医療",看護師などが自宅へ訪問し、健康状態の確認や医療的ケア、療養生活の支援を行います。,http://www.yorozuya-yakkyoku.jp/,山形県山形市七日町一丁目2番35号ピノスビル2階,023-676-7770,厚生労働省オープンデータ,https://www.mhlw.go.jp/content/12300000/jigyosho_130.csv,2025-12末,https://www.google.com/search?q=%E8%90%AC%E5%B1%8B%E8%96%AC%E5%B1%80%E8%A8%AA%E5%95%8F%E7%9C%8B%E8%AD%B7%E3%82%B9%E3%83%86%E3%83%BC%E3%82%B7%E3%83%A7%E3%83%B3%E6%9D%BE%E3%81%AE%E5%AE%9F%20%E5%B1%B1%E5%BD%A2%E5%B8%82
訪問看護ステーションやまがた,訪問看護,山形県,山形市,"介護,訪問看護,医療",看護師などが自宅へ訪問し、健康状態の確認や医療的ケア、療養生活の支援を行います。,https://www.nurse-yamagata.or.jp,山形市松栄一丁目５番６３号,023-685-8061,厚生労働省オープンデータ,https://www.mhlw.go.jp/content/12300000/jigyosho_130.csv,2025-12末,https://www.google.com/search?q=%E8%A8%AA%E5%95%8F%E7%9C%8B%E8%AD%B7%E3%82%B9%E3%83%86%E3%83%BC%E3%82%B7%E3%83%A7%E3%83%B3%E3%82%84%E3%81%BE%E3%81%8C%E3%81%9F%20%E5%B1%B1%E5%BD%A2%E5%B8%82
リニエ訪問看護ステーション山形,訪問看護,山形県,山形市,"介護,訪問看護,医療",看護師などが自宅へ訪問し、健康状態の確認や医療的ケア、療養生活の支援を行います。,https://linie-group.jp/office/houmonkango-yamagata/,山形県山形市城南町1丁目15番17,023-665-0157,厚生労働省オープンデータ,https://www.mhlw.go.jp/content/12300000/jigyosho_130.csv,2025-12末,https://www.google.com/search?q=%E3%83%AA%E3%83%8B%E3%82%A8%E8%A8%AA%E5%95%8F%E7%9C%8B%E8%AD%B7%E3%82%B9%E3%83%86%E3%83%BC%E3%82%B7%E3%83%A7%E3%83%B3%E5%B1%B1%E5%BD%A2%20%E5%B1%B1%E5%BD%A2%E5%B8%82
訪問看護ステーションなないろ,訪問看護,山形県,山形市,"介護,訪問看護,医療",看護師などが自宅へ訪問し、健康状態の確認や医療的ケア、療養生活の支援を行います。,https://www.google.com/search?q=%E8%A8%AA%E5%95%8F%E7%9C%8B%E8%AD%B7%E3%82%B9%E3%83%86%E3%83%BC%E3%82%B7%E3%83%A7%E3%83%B3%E3%81%AA%E3%81%AA%E3%81%84%E3%82%8D%20%E5%B1%B1%E5%BD%A2%E5%B8%82,山形県山形市平清水2-7-20,023-676-5277,厚生労働省オープンデータ,https://www.mhlw.go.jp/content/12300000/jigyosho_130.csv,2025-12末,https://www.google.com/search?q=%E8%A8%AA%E5%95%8F%E7%9C%8B%E8%AD%B7%E3%82%B9%E3%83%86%E3%83%BC%E3%82%B7%E3%83%A7%E3%83%B3%E3%81%AA%E3%81%AA%E3%81%84%E3%82%8D%20%E5%B1%B1%E5%BD%A2%E5%B8%82
篠田訪問看護ステーション,訪問看護,山形県,山形市,"介護,訪問看護,医療",看護師などが自宅へ訪問し、健康状態の確認や医療的ケア、療養生活の支援を行います。,http://www.shinoda-hp.or.jp/,山形市桜町2番68号,023-623-1104,厚生労働省オープンデータ,https://www.mhlw.go.jp/content/12300000/jigyosho_130.csv,2025-12末,https://www.google.com/search?q=%E7%AF%A0%E7%94%B0%E8%A8%AA%E5%95%8F%E7%9C%8B%E8%AD%B7%E3%82%B9%E3%83%86%E3%83%BC%E3%82%B7%E3%83%A7%E3%83%B3%20%E5%B1%B1%E5%BD%A2%E5%B8%82
至誠堂訪問サービスセンターコスモス,訪問看護,山形県,山形市,"介護,訪問看護,医療",看護師などが自宅へ訪問し、健康状態の確認や医療的ケア、療養生活の支援を行います。,https://www.shiseido-hp.jp/facilities/other/%E8%A8%AA%E5%95%8F%E3%82%B5%E3%83%BC%E3%83%93%E3%82%B9%E3%82%BB%E3%83%B3%E3%82%BF%E3%83%BC-%E3%82%B3%E3%82%B9%E3%83%A2%E3%82%B9/,山形市桜町7番44号,023-631-1674,厚生労働省オープンデータ,https://www.mhlw.go.jp/content/12300000/jigyosho_130.csv,2025-12末,https://www.google.com/search?q=%E8%87%B3%E8%AA%A0%E5%A0%82%E8%A8%AA%E5%95%8F%E3%82%B5%E3%83%BC%E3%83%93%E3%82%B9%E3%82%BB%E3%83%B3%E3%82%BF%E3%83%BC%E3%82%B3%E3%82%B9%E3%83%A2%E3%82%B9%20%E5%B1%B1%E5%BD%A2%E5%B8%82
訪問看護ステーションあやめ山形,訪問看護,山形県,山形市,"介護,訪問看護,医療",看護師などが自宅へ訪問し、健康状態の確認や医療的ケア、療養生活の支援を行います。,https://firstnurse.co.jp/,七日町5丁目13番23号VESTA七日町105号室,023-616-3551,厚生労働省オープンデータ,https://www.mhlw.go.jp/content/12300000/jigyosho_130.csv,2025-12末,https://www.google.com/search?q=%E8%A8%AA%E5%95%8F%E7%9C%8B%E8%AD%B7%E3%82%B9%E3%83%86%E3%83%BC%E3%82%B7%E3%83%A7%E3%83%B3%E3%81%82%E3%82%84%E3%82%81%E5%B1%B1%E5%BD%A2%20%E5%B1%B1%E5%BD%A2%E5%B8%82
リクラス山形メディフル訪問看護ステーション,訪問看護,山形県,山形市,"介護,訪問看護,医療",看護師などが自宅へ訪問し、健康状態の確認や医療的ケア、療養生活の支援を行います。,https://www.medi-full.com,山形県山形市馬見ヶ崎一丁目１３番２０号,023-664-0660,厚生労働省オープンデータ,https://www.mhlw.go.jp/content/12300000/jigyosho_130.csv,2025-12末,https://www.google.com/search?q=%E3%83%AA%E3%82%AF%E3%83%A9%E3%82%B9%E5%B1%B1%E5%BD%A2%E3%83%A1%E3%83%87%E3%82%A3%E3%83%95%E3%83%AB%E8%A8%AA%E5%95%8F%E7%9C%8B%E8%AD%B7%E3%82%B9%E3%83%86%E3%83%BC%E3%82%B7%E3%83%A7%E3%83%B3%20%E5%B1%B1%E5%BD%A2%E5%B8%82
訪問看護ステーションバウンス,訪問看護,山形県,山形市,"介護,訪問看護,医療",看護師などが自宅へ訪問し、健康状態の確認や医療的ケア、療養生活の支援を行います。,http://bounce.yamagata.jp,山形県山形市大字村木沢426番地1,023-616-4117,厚生労働省オープンデータ,https://www.mhlw.go.jp/content/12300000/jigyosho_130.csv,2025-12末,https://www.google.com/search?q=%E8%A8%AA%E5%95%8F%E7%9C%8B%E8%AD%B7%E3%82%B9%E3%83%86%E3%83%BC%E3%82%B7%E3%83%A7%E3%83%B3%E3%83%90%E3%82%A6%E3%83%B3%E3%82%B9%20%E5%B1%B1%E5%BD%A2%E5%B8%82
訪問看護ステーション　ナーシングなごみ,訪問看護,山形県,米沢市,"介護,訪問看護,医療",看護師などが自宅へ訪問し、健康状態の確認や医療的ケア、療養生活の支援を行います。,https://nagomi-calm.com,山形県米沢市門東町2丁目8番34号,0238-26-8760,厚生労働省オープンデータ,https://www.mhlw.go.jp/content/12300000/jigyosho_130.csv,2025-12末,https://www.google.com/search?q=%E8%A8%AA%E5%95%8F%E7%9C%8B%E8%AD%B7%E3%82%B9%E3%83%86%E3%83%BC%E3%82%B7%E3%83%A7%E3%83%B3%E3%80%80%E3%83%8A%E3%83%BC%E3%82%B7%E3%83%B3%E3%82%B0%E3%81%AA%E3%81%94%E3%81%BF%20%E7%B1%B3%E6%B2%A2%E5%B8%82
訪問看護ステーション　ナーシングケアこもれび,訪問看護,山形県,米沢市,"介護,訪問看護,医療",看護師などが自宅へ訪問し、健康状態の確認や医療的ケア、療養生活の支援を行います。,https://komorebi-yonezawa.co.jp/,山形県米沢市花沢3069－2,0238-26-1521,厚生労働省オープンデータ,https://www.mhlw.go.jp/content/12300000/jigyosho_130.csv,2025-12末,https://www.google.com/search?q=%E8%A8%AA%E5%95%8F%E7%9C%8B%E8%AD%B7%E3%82%B9%E3%83%86%E3%83%BC%E3%82%B7%E3%83%A7%E3%83%B3%E3%80%80%E3%83%8A%E3%83%BC%E3%82%B7%E3%83%B3%E3%82%B0%E3%82%B1%E3%82%A2%E3%81%93%E3%82%82%E3%82%8C%E3%81%B3%20%E7%B1%B3%E6%B2%A2%E5%B8%82
医療法人よこやまクリニック,訪問看護,山形県,米沢市,"介護,訪問看護,医療",看護師などが自宅へ訪問し、健康状態の確認や医療的ケア、療養生活の支援を行います。,https://eyokoyama-cl.jimdo.com/,東１－３－２１,0238-40-1884,厚生労働省オープンデータ,https://www.mhlw.go.jp/content/12300000/jigyosho_130.csv,2025-12末,https://www.google.com/search?q=%E5%8C%BB%E7%99%82%E6%B3%95%E4%BA%BA%E3%82%88%E3%81%93%E3%82%84%E3%81%BE%E3%82%AF%E3%83%AA%E3%83%8B%E3%83%83%E3%82%AF%20%E7%B1%B3%E6%B2%A2%E5%B8%82
医療法人舟山病院米沢訪問看護ステーション,訪問看護,山形県,米沢市,"介護,訪問看護,医療",看護師などが自宅へ訪問し、健康状態の確認や医療的ケア、療養生活の支援を行います。,http://fnymhp.jp/,山形県米沢市駅前二丁目４番８号,0238-23-4012,厚生労働省オープンデータ,https://www.mhlw.go.jp/content/12300000/jigyosho_130.csv,2025-12末,https://www.google.com/search?q=%E5%8C%BB%E7%99%82%E6%B3%95%E4%BA%BA%E8%88%9F%E5%B1%B1%E7%97%85%E9%99%A2%E7%B1%B3%E6%B2%A2%E8%A8%AA%E5%95%8F%E7%9C%8B%E8%AD%B7%E3%82%B9%E3%83%86%E3%83%BC%E3%82%B7%E3%83%A7%E3%83%B3%20%E7%B1%B3%E6%B2%A2%E5%B8%82
ひばり訪問看護ステーション米沢,訪問看護,山形県,米沢市,"介護,訪問看護,医療",看護師などが自宅へ訪問し、健康状態の確認や医療的ケア、療養生活の支援を行います。,https://hibari-nurse.com/,山形県米沢市泉町2丁目3-10,0238-33-0305,厚生労働省オープンデータ,https://www.mhlw.go.jp/content/12300000/jigyosho_130.csv,2025-12末,https://www.google.com/search?q=%E3%81%B2%E3%81%B0%E3%82%8A%E8%A8%AA%E5%95%8F%E7%9C%8B%E8%AD%B7%E3%82%B9%E3%83%86%E3%83%BC%E3%82%B7%E3%83%A7%E3%83%B3%E7%B1%B3%E6%B2%A2%20%E7%B1%B3%E6%B2%A2%E5%B8%82
ぬくもり訪問看護ステーション,訪問看護,山形県,米沢市,"介護,訪問看護,医療",看護師などが自宅へ訪問し、健康状態の確認や医療的ケア、療養生活の支援を行います。,http://www.nukumori-service.com/,山形県米沢市松が岬2-6-16,0238-26-1632,厚生労働省オープンデータ,https://www.mhlw.go.jp/content/12300000/jigyosho_130.csv,2025-12末,https://www.google.com/search?q=%E3%81%AC%E3%81%8F%E3%82%82%E3%82%8A%E8%A8%AA%E5%95%8F%E7%9C%8B%E8%AD%B7%E3%82%B9%E3%83%86%E3%83%BC%E3%82%B7%E3%83%A7%E3%83%B3%20%E7%B1%B3%E6%B2%A2%E5%B8%82
三友堂訪問看護ステーション,訪問看護,山形県,米沢市,"介護,訪問看護,医療",看護師などが自宅へ訪問し、健康状態の確認や医療的ケア、療養生活の支援を行います。,http://www.sanyudo.or.jp,山形県米沢市大字塩野2755番地の3,0238-21-8125,厚生労働省オープンデータ,https://www.mhlw.go.jp/content/12300000/jigyosho_130.csv,2025-12末,https://www.google.com/search?q=%E4%B8%89%E5%8F%8B%E5%A0%82%E8%A8%AA%E5%95%8F%E7%9C%8B%E8%AD%B7%E3%82%B9%E3%83%86%E3%83%BC%E3%82%B7%E3%83%A7%E3%83%B3%20%E7%B1%B3%E6%B2%A2%E5%B8%82
訪問看護ステーションシャンティさんゆう,訪問看護,山形県,米沢市,"介護,訪問看護,医療",看護師などが自宅へ訪問し、健康状態の確認や医療的ケア、療養生活の支援を行います。,https://www.santhy-sanyou.com/,山形県米沢市西大通二丁目2-30,0238-24-5220,厚生労働省オープンデータ,https://www.mhlw.go.jp/content/12300000/jigyosho_130.csv,2025-12末,https://www.google.com/search?q=%E8%A8%AA%E5%95%8F%E7%9C%8B%E8%AD%B7%E3%82%B9%E3%83%86%E3%83%BC%E3%82%B7%E3%83%A7%E3%83%B3%E3%82%B7%E3%83%A3%E3%83%B3%E3%83%86%E3%82%A3%E3%81%95%E3%82%93%E3%82%86%E3%81%86%20%E7%B1%B3%E6%B2%A2%E5%B8%82
訪問看護ステーション　とるて,訪問看護,山形県,鶴岡市,"介護,訪問看護,医療",看護師などが自宅へ訪問し、健康状態の確認や医療的ケア、療養生活の支援を行います。,https://connect-torute.jp,山形県鶴岡市みどり町２１番２９号,０２３５-６４-８７８５,厚生労働省オープンデータ,https://www.mhlw.go.jp/content/12300000/jigyosho_130.csv,2025-12末,https://www.google.com/search?q=%E8%A8%AA%E5%95%8F%E7%9C%8B%E8%AD%B7%E3%82%B9%E3%83%86%E3%83%BC%E3%82%B7%E3%83%A7%E3%83%B3%E3%80%80%E3%81%A8%E3%82%8B%E3%81%A6%20%E9%B6%B4%E5%B2%A1%E5%B8%82
訪問看護ステーション奏,訪問看護,山形県,鶴岡市,"介護,訪問看護,医療",看護師などが自宅へ訪問し、健康状態の確認や医療的ケア、療養生活の支援を行います。,http://www.toyomi-rd.jp,山形県鶴岡市藤沢字石渡15-16,0235-33-8571,厚生労働省オープンデータ,https://www.mhlw.go.jp/content/12300000/jigyosho_130.csv,2025-12末,https://www.google.com/search?q=%E8%A8%AA%E5%95%8F%E7%9C%8B%E8%AD%B7%E3%82%B9%E3%83%86%E3%83%BC%E3%82%B7%E3%83%A7%E3%83%B3%E5%A5%8F%20%E9%B6%B4%E5%B2%A1%E5%B8%82
リハビリ訪問看護ステーションみどり,訪問看護,山形県,鶴岡市,"介護,訪問看護,医療",看護師などが自宅へ訪問し、健康状態の確認や医療的ケア、療養生活の支援を行います。,https://www.google.com/search?q=%E3%83%AA%E3%83%8F%E3%83%93%E3%83%AA%E8%A8%AA%E5%95%8F%E7%9C%8B%E8%AD%B7%E3%82%B9%E3%83%86%E3%83%BC%E3%82%B7%E3%83%A7%E3%83%B3%E3%81%BF%E3%81%A9%E3%82%8A%20%E9%B6%B4%E5%B2%A1%E5%B8%82,山形県鶴岡市みどり町6番41‐1号,0235-25-3050,厚生労働省オープンデータ,https://www.mhlw.go.jp/content/12300000/jigyosho_130.csv,2025-12末,https://www.google.com/search?q=%E3%83%AA%E3%83%8F%E3%83%93%E3%83%AA%E8%A8%AA%E5%95%8F%E7%9C%8B%E8%AD%B7%E3%82%B9%E3%83%86%E3%83%BC%E3%82%B7%E3%83%A7%E3%83%B3%E3%81%BF%E3%81%A9%E3%82%8A%20%E9%B6%B4%E5%B2%A1%E5%B8%82
合同会社在宅ケアサービスえーる,訪問看護,山形県,鶴岡市,"介護,訪問看護,医療",看護師などが自宅へ訪問し、健康状態の確認や医療的ケア、療養生活の支援を行います。,https://www.google.com/search?q=%E5%90%88%E5%90%8C%E4%BC%9A%E7%A4%BE%E5%9C%A8%E5%AE%85%E3%82%B1%E3%82%A2%E3%82%B5%E3%83%BC%E3%83%93%E3%82%B9%E3%81%88%E3%83%BC%E3%82%8B%20%E9%B6%B4%E5%B2%A1%E5%B8%82,山形県鶴岡市湯田川乙107-3,0235-26-0845,厚生労働省オープンデータ,https://www.mhlw.go.jp/content/12300000/jigyosho_130.csv,2025-12末,https://www.google.com/search?q=%E5%90%88%E5%90%8C%E4%BC%9A%E7%A4%BE%E5%9C%A8%E5%AE%85%E3%82%B1%E3%82%A2%E3%82%B5%E3%83%BC%E3%83%93%E3%82%B9%E3%81%88%E3%83%BC%E3%82%8B%20%E9%B6%B4%E5%B2%A1%E5%B8%82
訪問看護ステーション　タカラ,訪問看護,山形県,鶴岡市,"介護,訪問看護,医療",看護師などが自宅へ訪問し、健康状態の確認や医療的ケア、療養生活の支援を行います。,http://www.takaradaseikei.com/,山形県鶴岡市切添町５番８号,0235-33-8834,厚生労働省オープンデータ,https://www.mhlw.go.jp/content/12300000/jigyosho_130.csv,2025-12末,https://www.google.com/search?q=%E8%A8%AA%E5%95%8F%E7%9C%8B%E8%AD%B7%E3%82%B9%E3%83%86%E3%83%BC%E3%82%B7%E3%83%A7%E3%83%B3%E3%80%80%E3%82%BF%E3%82%AB%E3%83%A9%20%E9%B6%B4%E5%B2%A1%E5%B8%82
藤吉内科医院,訪問看護,山形県,鶴岡市,"介護,訪問看護,医療",看護師などが自宅へ訪問し、健康状態の確認や医療的ケア、療養生活の支援を行います。,https://www.google.com/search?q=%E8%97%A4%E5%90%89%E5%86%85%E7%A7%91%E5%8C%BB%E9%99%A2%20%E9%B6%B4%E5%B2%A1%E5%B8%82,山形県鶴岡市山王町14-15,0235-23-0072,厚生労働省オープンデータ,https://www.mhlw.go.jp/content/12300000/jigyosho_130.csv,2025-12末,https://www.google.com/search?q=%E8%97%A4%E5%90%89%E5%86%85%E7%A7%91%E5%8C%BB%E9%99%A2%20%E9%B6%B4%E5%B2%A1%E5%B8%82
訪問看護ステーション　きずな,訪問看護,山形県,鶴岡市,"介護,訪問看護,医療",看護師などが自宅へ訪問し、健康状態の確認や医療的ケア、療養生活の支援を行います。,https://www.google.com/search?q=%E8%A8%AA%E5%95%8F%E7%9C%8B%E8%AD%B7%E3%82%B9%E3%83%86%E3%83%BC%E3%82%B7%E3%83%A7%E3%83%B3%E3%80%80%E3%81%8D%E3%81%9A%E3%81%AA%20%E9%B6%B4%E5%B2%A1%E5%B8%82,鶴岡市日枝字海老島159-1,0235-25-8880,厚生労働省オープンデータ,https://www.mhlw.go.jp/content/12300000/jigyosho_130.csv,2025-12末,https://www.google.com/search?q=%E8%A8%AA%E5%95%8F%E7%9C%8B%E8%AD%B7%E3%82%B9%E3%83%86%E3%83%BC%E3%82%B7%E3%83%A7%E3%83%B3%E3%80%80%E3%81%8D%E3%81%9A%E3%81%AA%20%E9%B6%B4%E5%B2%A1%E5%B8%82
いのちの華　訪問看護ステーション,訪問看護,山形県,鶴岡市,"介護,訪問看護,医療",看護師などが自宅へ訪問し、健康状態の確認や医療的ケア、療養生活の支援を行います。,https://www.google.com/search?q=%E3%81%84%E3%81%AE%E3%81%A1%E3%81%AE%E8%8F%AF%E3%80%80%E8%A8%AA%E5%95%8F%E7%9C%8B%E8%AD%B7%E3%82%B9%E3%83%86%E3%83%BC%E3%82%B7%E3%83%A7%E3%83%B3%20%E9%B6%B4%E5%B2%A1%E5%B8%82,山形県鶴岡市城北町1－26,0235-25-3203,厚生労働省オープンデータ,https://www.mhlw.go.jp/content/12300000/jigyosho_130.csv,2025-12末,https://www.google.com/search?q=%E3%81%84%E3%81%AE%E3%81%A1%E3%81%AE%E8%8F%AF%E3%80%80%E8%A8%AA%E5%95%8F%E7%9C%8B%E8%AD%B7%E3%82%B9%E3%83%86%E3%83%BC%E3%82%B7%E3%83%A7%E3%83%B3%20%E9%B6%B4%E5%B2%A1%E5%B8%82
茅原クリニック,訪問看護,山形県,鶴岡市,"介護,訪問看護,医療",看護師などが自宅へ訪問し、健康状態の確認や医療的ケア、療養生活の支援を行います。,http://www.mituwakai.com,山形県鶴岡市茅原町26-23,0235-22-8777,厚生労働省オープンデータ,https://www.mhlw.go.jp/content/12300000/jigyosho_130.csv,2025-12末,https://www.google.com/search?q=%E8%8C%85%E5%8E%9F%E3%82%AF%E3%83%AA%E3%83%8B%E3%83%83%E3%82%AF%20%E9%B6%B4%E5%B2%A1%E5%B8%82
一般社団法人鶴岡地区医師会　訪問看護ステーションハローナース,訪問看護,山形県,鶴岡市,"介護,訪問看護,医療",看護師などが自宅へ訪問し、健康状態の確認や医療的ケア、療養生活の支援を行います。,http://tsuruoka-zaitakusc.jp/,山形県鶴岡市馬場町1番34号鶴岡地区医師会館,0235-25-3055,厚生労働省オープンデータ,https://www.mhlw.go.jp/content/12300000/jigyosho_130.csv,2025-12末,https://www.google.com/search?q=%E4%B8%80%E8%88%AC%E7%A4%BE%E5%9B%A3%E6%B3%95%E4%BA%BA%E9%B6%B4%E5%B2%A1%E5%9C%B0%E5%8C%BA%E5%8C%BB%E5%B8%AB%E4%BC%9A%E3%80%80%E8%A8%AA%E5%95%8F%E7%9C%8B%E8%AD%B7%E3%82%B9%E3%83%86%E3%83%BC%E3%82%B7%E3%83%A7%E3%83%B3%E3%83%8F%E3%83%AD%E3%83%BC%E3%83%8A%E3%83%BC%E3%82%B9%20%E9%B6%B4%E5%B2%A1%E5%B8%82
訪問看護　すずらん,訪問看護,山形県,酒田市,"介護,訪問看護,医療",看護師などが自宅へ訪問し、健康状態の確認や医療的ケア、療養生活の支援を行います。,https://www.cp-suzuran.co.jp/,山形県酒田市上安町３丁目７番１１号,0234-35-8358,厚生労働省オープンデータ,https://www.mhlw.go.jp/content/12300000/jigyosho_130.csv,2025-12末,https://www.google.com/search?q=%E8%A8%AA%E5%95%8F%E7%9C%8B%E8%AD%B7%E3%80%80%E3%81%99%E3%81%9A%E3%82%89%E3%82%93%20%E9%85%92%E7%94%B0%E5%B8%82
ラポール訪問看護ステーション,訪問看護,山形県,酒田市,"介護,訪問看護,医療",看護師などが自宅へ訪問し、健康状態の確認や医療的ケア、療養生活の支援を行います。,https://houkan‐rapport.net,山形県酒田市亀ヶ崎2丁目26番地41,0234-25-5232,厚生労働省オープンデータ,https://www.mhlw.go.jp/content/12300000/jigyosho_130.csv,2025-12末,https://www.google.com/search?q=%E3%83%A9%E3%83%9D%E3%83%BC%E3%83%AB%E8%A8%AA%E5%95%8F%E7%9C%8B%E8%AD%B7%E3%82%B9%E3%83%86%E3%83%BC%E3%82%B7%E3%83%A7%E3%83%B3%20%E9%85%92%E7%94%B0%E5%B8%82
合同会社　訪問看護ずっと,訪問看護,山形県,酒田市,"介護,訪問看護,医療",看護師などが自宅へ訪問し、健康状態の確認や医療的ケア、療養生活の支援を行います。,https://www.google.com/search?q=%E5%90%88%E5%90%8C%E4%BC%9A%E7%A4%BE%E3%80%80%E8%A8%AA%E5%95%8F%E7%9C%8B%E8%AD%B7%E3%81%9A%E3%81%A3%E3%81%A8%20%E9%85%92%E7%94%B0%E5%B8%82,山形県酒田市東両羽町165番地の1デルタビル2階A号,0234-43-1711,厚生労働省オープンデータ,https://www.mhlw.go.jp/content/12300000/jigyosho_130.csv,2025-12末,https://www.google.com/search?q=%E5%90%88%E5%90%8C%E4%BC%9A%E7%A4%BE%E3%80%80%E8%A8%AA%E5%95%8F%E7%9C%8B%E8%AD%B7%E3%81%9A%E3%81%A3%E3%81%A8%20%E9%85%92%E7%94%B0%E5%B8%82
訪問看護ステーション　アムザ酒田,訪問看護,山形県,酒田市,"介護,訪問看護,医療",看護師などが自宅へ訪問し、健康状態の確認や医療的ケア、療養生活の支援を行います。,https://houkan-amuza.net/,山形県酒田市緑ヶ丘1-19-8,0234250312,厚生労働省オープンデータ,https://www.mhlw.go.jp/content/12300000/jigyosho_130.csv,2025-12末,https://www.google.com/search?q=%E8%A8%AA%E5%95%8F%E7%9C%8B%E8%AD%B7%E3%82%B9%E3%83%86%E3%83%BC%E3%82%B7%E3%83%A7%E3%83%B3%E3%80%80%E3%82%A2%E3%83%A0%E3%82%B6%E9%85%92%E7%94%B0%20%E9%85%92%E7%94%B0%E5%B8%82
訪問看護ステーションらいふ,訪問看護,山形県,酒田市,"介護,訪問看護,医療",看護師などが自宅へ訪問し、健康状態の確認や医療的ケア、療養生活の支援を行います。,http://www.lifenet-syonai.co.jp,山形県酒田市こがね町2丁目23番地の3,0234-43-1888,厚生労働省オープンデータ,https://www.mhlw.go.jp/content/12300000/jigyosho_130.csv,2025-12末,https://www.google.com/search?q=%E8%A8%AA%E5%95%8F%E7%9C%8B%E8%AD%B7%E3%82%B9%E3%83%86%E3%83%BC%E3%82%B7%E3%83%A7%E3%83%B3%E3%82%89%E3%81%84%E3%81%B5%20%E9%85%92%E7%94%B0%E5%B8%82
訪問看護ステーション　スワン,訪問看護,山形県,酒田市,"介護,訪問看護,医療",看護師などが自宅へ訪問し、健康状態の確認や医療的ケア、療養生活の支援を行います。,http：//www.kenyukai-sakata.jp,山形県酒田市中町３－５－２３,0234-21-7345,厚生労働省オープンデータ,https://www.mhlw.go.jp/content/12300000/jigyosho_130.csv,2025-12末,https://www.google.com/search?q=%E8%A8%AA%E5%95%8F%E7%9C%8B%E8%AD%B7%E3%82%B9%E3%83%86%E3%83%BC%E3%82%B7%E3%83%A7%E3%83%B3%E3%80%80%E3%82%B9%E3%83%AF%E3%83%B3%20%E9%85%92%E7%94%B0%E5%B8%82
コンフォート樫の木,訪問看護,山形県,酒田市,"介護,訪問看護,医療",看護師などが自宅へ訪問し、健康状態の確認や医療的ケア、療養生活の支援を行います。,http://www.kashink.jp,山形県酒田市こあら２丁目４番地の６,０２３４－４３－１７７１,厚生労働省オープンデータ,https://www.mhlw.go.jp/content/12300000/jigyosho_130.csv,2025-12末,https://www.google.com/search?q=%E3%82%B3%E3%83%B3%E3%83%95%E3%82%A9%E3%83%BC%E3%83%88%E6%A8%AB%E3%81%AE%E6%9C%A8%20%E9%85%92%E7%94%B0%E5%B8%82
ワン・ライフ訪問看護リハビリステーション庄内,訪問看護,山形県,酒田市,"介護,訪問看護,医療",看護師などが自宅へ訪問し、健康状態の確認や医療的ケア、療養生活の支援を行います。,https://www.onelife-syonai.com/,山形県酒田市あきほ町654-1,0234-25-1177,厚生労働省オープンデータ,https://www.mhlw.go.jp/content/12300000/jigyosho_130.csv,2025-12末,https://www.google.com/search?q=%E3%83%AF%E3%83%B3%E3%83%BB%E3%83%A9%E3%82%A4%E3%83%95%E8%A8%AA%E5%95%8F%E7%9C%8B%E8%AD%B7%E3%83%AA%E3%83%8F%E3%83%93%E3%83%AA%E3%82%B9%E3%83%86%E3%83%BC%E3%82%B7%E3%83%A7%E3%83%B3%E5%BA%84%E5%86%85%20%E9%85%92%E7%94%B0%E5%B8%82
訪問看護ステーションやわた,訪問看護,山形県,酒田市,"介護,訪問看護,医療",看護師などが自宅へ訪問し、健康状態の確認や医療的ケア、療養生活の支援を行います。,https://www.nihonkai-hos.jp/,山形県酒田市小泉字前田37番地,0234-64-4585,厚生労働省オープンデータ,https://www.mhlw.go.jp/content/12300000/jigyosho_130.csv,2025-12末,https://www.google.com/search?q=%E8%A8%AA%E5%95%8F%E7%9C%8B%E8%AD%B7%E3%82%B9%E3%83%86%E3%83%BC%E3%82%B7%E3%83%A7%E3%83%B3%E3%82%84%E3%82%8F%E3%81%9F%20%E9%85%92%E7%94%B0%E5%B8%82
訪問看護ステーションあらた,訪問看護,山形県,酒田市,"介護,訪問看護,医療",看護師などが自宅へ訪問し、健康状態の確認や医療的ケア、療養生活の支援を行います。,https://idealfaro.com/,山形県酒田市東町一丁目15番地の25,0234－26－0488,厚生労働省オープンデータ,https://www.mhlw.go.jp/content/12300000/jigyosho_130.csv,2025-12末,https://www.google.com/search?q=%E8%A8%AA%E5%95%8F%E7%9C%8B%E8%AD%B7%E3%82%B9%E3%83%86%E3%83%BC%E3%82%B7%E3%83%A7%E3%83%B3%E3%81%82%E3%82%89%E3%81%9F%20%E9%85%92%E7%94%B0%E5%B8%82
医療法人　丸岡医院,訪問看護,山形県,酒田市,"介護,訪問看護,医療",看護師などが自宅へ訪問し、健康状態の確認や医療的ケア、療養生活の支援を行います。,http://www.maruoka.or.jp/,山形県酒田市松原南15-1,0234-23-8166,厚生労働省オープンデータ,https://www.mhlw.go.jp/content/12300000/jigyosho_130.csv,2025-12末,https://www.google.com/search?q=%E5%8C%BB%E7%99%82%E6%B3%95%E4%BA%BA%E3%80%80%E4%B8%B8%E5%B2%A1%E5%8C%BB%E9%99%A2%20%E9%85%92%E7%94%B0%E5%B8%82
ひばり訪問看護ステーション酒田,訪問看護,山形県,酒田市,"介護,訪問看護,医療",看護師などが自宅へ訪問し、健康状態の確認や医療的ケア、療養生活の支援を行います。,https://hibari-sakata.com/,山形県酒田市亀ケ崎5丁目7番10号,0234-31-8872,厚生労働省オープンデータ,https://www.mhlw.go.jp/content/12300000/jigyosho_130.csv,2025-12末,https://www.google.com/search?q=%E3%81%B2%E3%81%B0%E3%82%8A%E8%A8%AA%E5%95%8F%E7%9C%8B%E8%AD%B7%E3%82%B9%E3%83%86%E3%83%BC%E3%82%B7%E3%83%A7%E3%83%B3%E9%85%92%E7%94%B0%20%E9%85%92%E7%94%B0%E5%B8%82
健生ふれあいクリニック,訪問看護,山形県,酒田市,"介護,訪問看護,医療",看護師などが自宅へ訪問し、健康状態の確認や医療的ケア、療養生活の支援を行います。,http://www.ken-sei.or.jp,山形県酒田市泉町１番地１６,0234-33-6333,厚生労働省オープンデータ,https://www.mhlw.go.jp/content/12300000/jigyosho_130.csv,2025-12末,https://www.google.com/search?q=%E5%81%A5%E7%94%9F%E3%81%B5%E3%82%8C%E3%81%82%E3%81%84%E3%82%AF%E3%83%AA%E3%83%8B%E3%83%83%E3%82%AF%20%E9%85%92%E7%94%B0%E5%B8%82
訪問看護ステーションアーユス新庄,訪問看護,山形県,新庄市,"介護,訪問看護,医療",看護師などが自宅へ訪問し、健康状態の確認や医療的ケア、療養生活の支援を行います。,https://coayus.co.jp,山形県新庄市金沢1964番地1,0233774418,厚生労働省オープンデータ,https://www.mhlw.go.jp/content/12300000/jigyosho_130.csv,2025-12末,https://www.google.com/search?q=%E8%A8%AA%E5%95%8F%E7%9C%8B%E8%AD%B7%E3%82%B9%E3%83%86%E3%83%BC%E3%82%B7%E3%83%A7%E3%83%B3%E3%82%A2%E3%83%BC%E3%83%A6%E3%82%B9%E6%96%B0%E5%BA%84%20%E6%96%B0%E5%BA%84%E5%B8%82
医療法人徳洲会　新庄徳洲会訪問看護ステーション,訪問看護,山形県,新庄市,"介護,訪問看護,医療",看護師などが自宅へ訪問し、健康状態の確認や医療的ケア、療養生活の支援を行います。,http://www.shin-toku.com,山形県新庄市大字鳥越字駒場4623,0233-29-4607,厚生労働省オープンデータ,https://www.mhlw.go.jp/content/12300000/jigyosho_130.csv,2025-12末,https://www.google.com/search?q=%E5%8C%BB%E7%99%82%E6%B3%95%E4%BA%BA%E5%BE%B3%E6%B4%B2%E4%BC%9A%E3%80%80%E6%96%B0%E5%BA%84%E5%BE%B3%E6%B4%B2%E4%BC%9A%E8%A8%AA%E5%95%8F%E7%9C%8B%E8%AD%B7%E3%82%B9%E3%83%86%E3%83%BC%E3%82%B7%E3%83%A7%E3%83%B3%20%E6%96%B0%E5%BA%84%E5%B8%82
訪問看護ステーション　あたしん家,訪問看護,山形県,新庄市,"介護,訪問看護,医療",看護師などが自宅へ訪問し、健康状態の確認や医療的ケア、療養生活の支援を行います。,http://www.atasinchi.co.jp/,山形県新庄市住吉町1番12号,0233-29-3871,厚生労働省オープンデータ,https://www.mhlw.go.jp/content/12300000/jigyosho_130.csv,2025-12末,https://www.google.com/search?q=%E8%A8%AA%E5%95%8F%E7%9C%8B%E8%AD%B7%E3%82%B9%E3%83%86%E3%83%BC%E3%82%B7%E3%83%A7%E3%83%B3%E3%80%80%E3%81%82%E3%81%9F%E3%81%97%E3%82%93%E5%AE%B6%20%E6%96%B0%E5%BA%84%E5%B8%82
公益社団法人山形県看護協会訪問看護ステーション新庄,訪問看護,山形県,新庄市,"介護,訪問看護,医療",看護師などが自宅へ訪問し、健康状態の確認や医療的ケア、療養生活の支援を行います。,www.nurse-yamagata.or.jp,山形県新庄市金沢1835-82ユニオン新庄ビル201,0233-28-7330,厚生労働省オープンデータ,https://www.mhlw.go.jp/content/12300000/jigyosho_130.csv,2025-12末,https://www.google.com/search?q=%E5%85%AC%E7%9B%8A%E7%A4%BE%E5%9B%A3%E6%B3%95%E4%BA%BA%E5%B1%B1%E5%BD%A2%E7%9C%8C%E7%9C%8B%E8%AD%B7%E5%8D%94%E4%BC%9A%E8%A8%AA%E5%95%8F%E7%9C%8B%E8%AD%B7%E3%82%B9%E3%83%86%E3%83%BC%E3%82%B7%E3%83%A7%E3%83%B3%E6%96%B0%E5%BA%84%20%E6%96%B0%E5%BA%84%E5%B8%82
かけはし訪問看護ステーション,訪問看護,山形県,寒河江市,"介護,訪問看護,医療",看護師などが自宅へ訪問し、健康状態の確認や医療的ケア、療養生活の支援を行います。,https://www.kakehashi-3630.com,山形県寒河江市元町四丁目３－３カーサシャンティE,0237-84-6263,厚生労働省オープンデータ,https://www.mhlw.go.jp/content/12300000/jigyosho_130.csv,2025-12末,https://www.google.com/search?q=%E3%81%8B%E3%81%91%E3%81%AF%E3%81%97%E8%A8%AA%E5%95%8F%E7%9C%8B%E8%AD%B7%E3%82%B9%E3%83%86%E3%83%BC%E3%82%B7%E3%83%A7%E3%83%B3%20%E5%AF%92%E6%B2%B3%E6%B1%9F%E5%B8%82
訪問看護つつじ,訪問看護,山形県,寒河江市,"介護,訪問看護,医療",看護師などが自宅へ訪問し、健康状態の確認や医療的ケア、療養生活の支援を行います。,http://www.npo-ajisai.jp/,山形県寒河江市大字寒河江字塩水6-1,0237-85-1326,厚生労働省オープンデータ,https://www.mhlw.go.jp/content/12300000/jigyosho_130.csv,2025-12末,https://www.google.com/search?q=%E8%A8%AA%E5%95%8F%E7%9C%8B%E8%AD%B7%E3%81%A4%E3%81%A4%E3%81%98%20%E5%AF%92%E6%B2%B3%E6%B1%9F%E5%B8%82
寒河江市西村山郡訪問看護ステーション,訪問看護,山形県,寒河江市,"介護,訪問看護,医療",看護師などが自宅へ訪問し、健康状態の確認や医療的ケア、療養生活の支援を行います。,http://www.snma.or.jp/houmon/jigyou.html,寒河江市中央二丁目2番1号寒河江市総合福祉保健センター2階(ﾊｰﾄﾌﾙｾﾝﾀｰ内),0237-83-3222,厚生労働省オープンデータ,https://www.mhlw.go.jp/content/12300000/jigyosho_130.csv,2025-12末,https://www.google.com/search?q=%E5%AF%92%E6%B2%B3%E6%B1%9F%E5%B8%82%E8%A5%BF%E6%9D%91%E5%B1%B1%E9%83%A1%E8%A8%AA%E5%95%8F%E7%9C%8B%E8%AD%B7%E3%82%B9%E3%83%86%E3%83%BC%E3%82%B7%E3%83%A7%E3%83%B3%20%E5%AF%92%E6%B2%B3%E6%B1%9F%E5%B8%82
訪問看護・リハビリステーションりんくす,訪問看護,山形県,寒河江市,"介護,訪問看護,医療",看護師などが自宅へ訪問し、健康状態の確認や医療的ケア、療養生活の支援を行います。,https://www.google.com/search?q=%E8%A8%AA%E5%95%8F%E7%9C%8B%E8%AD%B7%E3%83%BB%E3%83%AA%E3%83%8F%E3%83%93%E3%83%AA%E3%82%B9%E3%83%86%E3%83%BC%E3%82%B7%E3%83%A7%E3%83%B3%E3%82%8A%E3%82%93%E3%81%8F%E3%81%99%20%E5%AF%92%E6%B2%B3%E6%B1%9F%E5%B8%82,山形県寒河江市大字日田字後田72番地の3,0237-84-1545,厚生労働省オープンデータ,https://www.mhlw.go.jp/content/12300000/jigyosho_130.csv,2025-12末,https://www.google.com/search?q=%E8%A8%AA%E5%95%8F%E7%9C%8B%E8%AD%B7%E3%83%BB%E3%83%AA%E3%83%8F%E3%83%93%E3%83%AA%E3%82%B9%E3%83%86%E3%83%BC%E3%82%B7%E3%83%A7%E3%83%B3%E3%82%8A%E3%82%93%E3%81%8F%E3%81%99%20%E5%AF%92%E6%B2%B3%E6%B1%9F%E5%B8%82
訪問看護ステーション「あららぎ」,訪問看護,山形県,上山市,"介護,訪問看護,医療",看護師などが自宅へ訪問し、健康状態の確認や医療的ケア、療養生活の支援を行います。,https://www.google.com/search?q=%E8%A8%AA%E5%95%8F%E7%9C%8B%E8%AD%B7%E3%82%B9%E3%83%86%E3%83%BC%E3%82%B7%E3%83%A7%E3%83%B3%E3%80%8C%E3%81%82%E3%82%89%E3%82%89%E3%81%8E%E3%80%8D%20%E4%B8%8A%E5%B1%B1%E5%B8%82,上山市金谷字下河原1370,023－672-2556,厚生労働省オープンデータ,https://www.mhlw.go.jp/content/12300000/jigyosho_130.csv,2025-12末,https://www.google.com/search?q=%E8%A8%AA%E5%95%8F%E7%9C%8B%E8%AD%B7%E3%82%B9%E3%83%86%E3%83%BC%E3%82%B7%E3%83%A7%E3%83%B3%E3%80%8C%E3%81%82%E3%82%89%E3%82%89%E3%81%8E%E3%80%8D%20%E4%B8%8A%E5%B1%B1%E5%B8%82
かみのやま訪問看護ステーション,訪問看護,山形県,上山市,"介護,訪問看護,医療",看護師などが自宅へ訪問し、健康状態の確認や医療的ケア、療養生活の支援を行います。,http://www.miyuki.or.jp,山形県上山市弁天2丁目2番11号みゆき会病院内,023-672-6767,厚生労働省オープンデータ,https://www.mhlw.go.jp/content/12300000/jigyosho_130.csv,2025-12末,https://www.google.com/search?q=%E3%81%8B%E3%81%BF%E3%81%AE%E3%82%84%E3%81%BE%E8%A8%AA%E5%95%8F%E7%9C%8B%E8%AD%B7%E3%82%B9%E3%83%86%E3%83%BC%E3%82%B7%E3%83%A7%E3%83%B3%20%E4%B8%8A%E5%B1%B1%E5%B8%82
訪問看護ステーションむらやま,訪問看護,山形県,村山市,"介護,訪問看護,医療",看護師などが自宅へ訪問し、健康状態の確認や医療的ケア、療養生活の支援を行います。,https://www.google.com/search?q=%E8%A8%AA%E5%95%8F%E7%9C%8B%E8%AD%B7%E3%82%B9%E3%83%86%E3%83%BC%E3%82%B7%E3%83%A7%E3%83%B3%E3%82%80%E3%82%89%E3%82%84%E3%81%BE%20%E6%9D%91%E5%B1%B1%E5%B8%82,山形県村山市楯岡俵町２０番１６号,0237-55-3730,厚生労働省オープンデータ,https://www.mhlw.go.jp/content/12300000/jigyosho_130.csv,2025-12末,https://www.google.com/search?q=%E8%A8%AA%E5%95%8F%E7%9C%8B%E8%AD%B7%E3%82%B9%E3%83%86%E3%83%BC%E3%82%B7%E3%83%A7%E3%83%B3%E3%82%80%E3%82%89%E3%82%84%E3%81%BE%20%E6%9D%91%E5%B1%B1%E5%B8%82
訪問看護ステーション和来おいたま,訪問看護,山形県,長井市,"介護,訪問看護,医療",看護師などが自宅へ訪問し、健康状態の確認や医療的ケア、療養生活の支援を行います。,https://warai.life,緑町6番11-1号,0238-87-3680,厚生労働省オープンデータ,https://www.mhlw.go.jp/content/12300000/jigyosho_130.csv,2025-12末,https://www.google.com/search?q=%E8%A8%AA%E5%95%8F%E7%9C%8B%E8%AD%B7%E3%82%B9%E3%83%86%E3%83%BC%E3%82%B7%E3%83%A7%E3%83%B3%E5%92%8C%E6%9D%A5%E3%81%8A%E3%81%84%E3%81%9F%E3%81%BE%20%E9%95%B7%E4%BA%95%E5%B8%82
訪問看護ステーション　さくら,訪問看護,山形県,長井市,"介護,訪問看護,医療",看護師などが自宅へ訪問し、健康状態の確認や医療的ケア、療養生活の支援を行います。,https://www.google.com/search?q=%E8%A8%AA%E5%95%8F%E7%9C%8B%E8%AD%B7%E3%82%B9%E3%83%86%E3%83%BC%E3%82%B7%E3%83%A7%E3%83%B3%E3%80%80%E3%81%95%E3%81%8F%E3%82%89%20%E9%95%B7%E4%BA%95%E5%B8%82,山形県長井市平山2782番地,0238-87-1119,厚生労働省オープンデータ,https://www.mhlw.go.jp/content/12300000/jigyosho_130.csv,2025-12末,https://www.google.com/search?q=%E8%A8%AA%E5%95%8F%E7%9C%8B%E8%AD%B7%E3%82%B9%E3%83%86%E3%83%BC%E3%82%B7%E3%83%A7%E3%83%B3%E3%80%80%E3%81%95%E3%81%8F%E3%82%89%20%E9%95%B7%E4%BA%95%E5%B8%82
長井市訪問看護ステーション,訪問看護,山形県,長井市,"介護,訪問看護,医療",看護師などが自宅へ訪問し、健康状態の確認や医療的ケア、療養生活の支援を行います。,http://www.city.nagai.yamagata.jp/,山形県長井市屋城町2番1号公立置賜長井病院内,0238-82-8010,厚生労働省オープンデータ,https://www.mhlw.go.jp/content/12300000/jigyosho_130.csv,2025-12末,https://www.google.com/search?q=%E9%95%B7%E4%BA%95%E5%B8%82%E8%A8%AA%E5%95%8F%E7%9C%8B%E8%AD%B7%E3%82%B9%E3%83%86%E3%83%BC%E3%82%B7%E3%83%A7%E3%83%B3%20%E9%95%B7%E4%BA%95%E5%B8%82
天童訪問看護ステーション,訪問看護,山形県,天童市,"介護,訪問看護,医療",看護師などが自宅へ訪問し、健康状態の確認や医療的ケア、療養生活の支援を行います。,http://yoshioka-hp.or.jp/,天童市鎌田本町三丁目6番11号,023-654-2450,厚生労働省オープンデータ,https://www.mhlw.go.jp/content/12300000/jigyosho_130.csv,2025-12末,https://www.google.com/search?q=%E5%A4%A9%E7%AB%A5%E8%A8%AA%E5%95%8F%E7%9C%8B%E8%AD%B7%E3%82%B9%E3%83%86%E3%83%BC%E3%82%B7%E3%83%A7%E3%83%B3%20%E5%A4%A9%E7%AB%A5%E5%B8%82
ラ・フォーレ天童訪問看護ステーション,訪問看護,山形県,天童市,"介護,訪問看護,医療",看護師などが自宅へ訪問し、健康状態の確認や医療的ケア、療養生活の支援を行います。,http://www.laforet-tendo.com/,山形県天童市大字道満１９３－１,023-651-2838,厚生労働省オープンデータ,https://www.mhlw.go.jp/content/12300000/jigyosho_130.csv,2025-12末,https://www.google.com/search?q=%E3%83%A9%E3%83%BB%E3%83%95%E3%82%A9%E3%83%BC%E3%83%AC%E5%A4%A9%E7%AB%A5%E8%A8%AA%E5%95%8F%E7%9C%8B%E8%AD%B7%E3%82%B9%E3%83%86%E3%83%BC%E3%82%B7%E3%83%A7%E3%83%B3%20%E5%A4%A9%E7%AB%A5%E5%B8%82
ほうもんかんごすてーしょんれんと,訪問看護,山形県,天童市,"介護,訪問看護,医療",看護師などが自宅へ訪問し、健康状態の確認や医療的ケア、療養生活の支援を行います。,https://lentokango.wixsite.com/mysite,山形県天童市東久野本3丁目4-24,023-676-8677,厚生労働省オープンデータ,https://www.mhlw.go.jp/content/12300000/jigyosho_130.csv,2025-12末,https://www.google.com/search?q=%E3%81%BB%E3%81%86%E3%82%82%E3%82%93%E3%81%8B%E3%82%93%E3%81%94%E3%81%99%E3%81%A6%E3%83%BC%E3%81%97%E3%82%87%E3%82%93%E3%82%8C%E3%82%93%E3%81%A8%20%E5%A4%A9%E7%AB%A5%E5%B8%82
訪問看護ステーション　デューン天童,訪問看護,山形県,天童市,"介護,訪問看護,医療",看護師などが自宅へ訪問し、健康状態の確認や医療的ケア、療養生活の支援を行います。,https://www.nfield.co.jp/,山形県天童市老野森1丁目4番7号老野森須藤ビル2F,023-674-0820,厚生労働省オープンデータ,https://www.mhlw.go.jp/content/12300000/jigyosho_130.csv,2025-12末,https://www.google.com/search?q=%E8%A8%AA%E5%95%8F%E7%9C%8B%E8%AD%B7%E3%82%B9%E3%83%86%E3%83%BC%E3%82%B7%E3%83%A7%E3%83%B3%E3%80%80%E3%83%87%E3%83%A5%E3%83%BC%E3%83%B3%E5%A4%A9%E7%AB%A5%20%E5%A4%A9%E7%AB%A5%E5%B8%82
訪問看護ステーションまいづる,訪問看護,山形県,天童市,"介護,訪問看護,医療",看護師などが自宅へ訪問し、健康状態の確認や医療的ケア、療養生活の支援を行います。,https://www.google.com/search?q=%E8%A8%AA%E5%95%8F%E7%9C%8B%E8%AD%B7%E3%82%B9%E3%83%86%E3%83%BC%E3%82%B7%E3%83%A7%E3%83%B3%E3%81%BE%E3%81%84%E3%81%A5%E3%82%8B%20%E5%A4%A9%E7%AB%A5%E5%B8%82,山形県天童市南小畑二丁目２－２１,023-651-2206,厚生労働省オープンデータ,https://www.mhlw.go.jp/content/12300000/jigyosho_130.csv,2025-12末,https://www.google.com/search?q=%E8%A8%AA%E5%95%8F%E7%9C%8B%E8%AD%B7%E3%82%B9%E3%83%86%E3%83%BC%E3%82%B7%E3%83%A7%E3%83%B3%E3%81%BE%E3%81%84%E3%81%A5%E3%82%8B%20%E5%A4%A9%E7%AB%A5%E5%B8%82
医療法人財団明理会　山形ロイヤル訪問看護ステーション,訪問看護,山形県,東根市,"介護,訪問看護,医療",看護師などが自宅へ訪問し、健康状態の確認や医療的ケア、療養生活の支援を行います。,https://ims-tohoku.com/yamagata-royal/,山形県東根市大森二丁目3番6号,0237-53-6815,厚生労働省オープンデータ,https://www.mhlw.go.jp/content/12300000/jigyosho_130.csv,2025-12末,https://www.google.com/search?q=%E5%8C%BB%E7%99%82%E6%B3%95%E4%BA%BA%E8%B2%A1%E5%9B%A3%E6%98%8E%E7%90%86%E4%BC%9A%E3%80%80%E5%B1%B1%E5%BD%A2%E3%83%AD%E3%82%A4%E3%83%A4%E3%83%AB%E8%A8%AA%E5%95%8F%E7%9C%8B%E8%AD%B7%E3%82%B9%E3%83%86%E3%83%BC%E3%82%B7%E3%83%A7%E3%83%B3%20%E6%9D%B1%E6%A0%B9%E5%B8%82
訪問看護ステーション　もり,訪問看護,山形県,東根市,"介護,訪問看護,医療",看護師などが自宅へ訪問し、健康状態の確認や医療的ケア、療養生活の支援を行います。,https://www.google.com/search?q=%E8%A8%AA%E5%95%8F%E7%9C%8B%E8%AD%B7%E3%82%B9%E3%83%86%E3%83%BC%E3%82%B7%E3%83%A7%E3%83%B3%E3%80%80%E3%82%82%E3%82%8A%20%E6%9D%B1%E6%A0%B9%E5%B8%82,本丸西4-1-48,0237-48-7739,厚生労働省オープンデータ,https://www.mhlw.go.jp/content/12300000/jigyosho_130.csv,2025-12末,https://www.google.com/search?q=%E8%A8%AA%E5%95%8F%E7%9C%8B%E8%AD%B7%E3%82%B9%E3%83%86%E3%83%BC%E3%82%B7%E3%83%A7%E3%83%B3%E3%80%80%E3%82%82%E3%82%8A%20%E6%9D%B1%E6%A0%B9%E5%B8%82
訪問看護ステーション　にじ,訪問看護,山形県,東根市,"介護,訪問看護,医療",看護師などが自宅へ訪問し、健康状態の確認や医療的ケア、療養生活の支援を行います。,https://www.google.com/search?q=%E8%A8%AA%E5%95%8F%E7%9C%8B%E8%AD%B7%E3%82%B9%E3%83%86%E3%83%BC%E3%82%B7%E3%83%A7%E3%83%B3%E3%80%80%E3%81%AB%E3%81%98%20%E6%9D%B1%E6%A0%B9%E5%B8%82,山形県東根市温泉町三丁目4－38－110,0237-53-6424,厚生労働省オープンデータ,https://www.mhlw.go.jp/content/12300000/jigyosho_130.csv,2025-12末,https://www.google.com/search?q=%E8%A8%AA%E5%95%8F%E7%9C%8B%E8%AD%B7%E3%82%B9%E3%83%86%E3%83%BC%E3%82%B7%E3%83%A7%E3%83%B3%E3%80%80%E3%81%AB%E3%81%98%20%E6%9D%B1%E6%A0%B9%E5%B8%82
南陽訪問看護ステーション,訪問看護,山形県,南陽市,"介護,訪問看護,医療",看護師などが自宅へ訪問し、健康状態の確認や医療的ケア、療養生活の支援を行います。,http://www.koutoku.or.jp/medical/nanyo/,山形県南陽市椚塚1180-2トータルヘルス複合施設3F,0238-40-3007,厚生労働省オープンデータ,https://www.mhlw.go.jp/content/12300000/jigyosho_130.csv,2025-12末,https://www.google.com/search?q=%E5%8D%97%E9%99%BD%E8%A8%AA%E5%95%8F%E7%9C%8B%E8%AD%B7%E3%82%B9%E3%83%86%E3%83%BC%E3%82%B7%E3%83%A7%E3%83%B3%20%E5%8D%97%E9%99%BD%E5%B8%82
公立置賜南陽病院　訪問看護事業所,訪問看護,山形県,南陽市,"介護,訪問看護,医療",看護師などが自宅へ訪問し、健康状態の確認や医療的ケア、療養生活の支援を行います。,https://www.okitama-hp.or.jp/index.html,山形県南陽市宮内1204番地,0238-47-3000,厚生労働省オープンデータ,https://www.mhlw.go.jp/content/12300000/jigyosho_130.csv,2025-12末,https://www.google.com/search?q=%E5%85%AC%E7%AB%8B%E7%BD%AE%E8%B3%9C%E5%8D%97%E9%99%BD%E7%97%85%E9%99%A2%E3%80%80%E8%A8%AA%E5%95%8F%E7%9C%8B%E8%AD%B7%E4%BA%8B%E6%A5%AD%E6%89%80%20%E5%8D%97%E9%99%BD%E5%B8%82
訪問看護ステーションメルヘン,訪問看護,山形県,山辺町,"介護,訪問看護,医療",看護師などが自宅へ訪問し、健康状態の確認や医療的ケア、療養生活の支援を行います。,https://www.google.com/search?q=%E8%A8%AA%E5%95%8F%E7%9C%8B%E8%AD%B7%E3%82%B9%E3%83%86%E3%83%BC%E3%82%B7%E3%83%A7%E3%83%B3%E3%83%A1%E3%83%AB%E3%83%98%E3%83%B3%20%E5%B1%B1%E8%BE%BA%E7%94%BA,東村山郡山辺町大字大寺1152番1,023-667-0005,厚生労働省オープンデータ,https://www.mhlw.go.jp/content/12300000/jigyosho_130.csv,2025-12末,https://www.google.com/search?q=%E8%A8%AA%E5%95%8F%E7%9C%8B%E8%AD%B7%E3%82%B9%E3%83%86%E3%83%BC%E3%82%B7%E3%83%A7%E3%83%B3%E3%83%A1%E3%83%AB%E3%83%98%E3%83%B3%20%E5%B1%B1%E8%BE%BA%E7%94%BA
青空訪問看護事業所,訪問看護,山形県,河北町,"介護,訪問看護,医療",看護師などが自宅へ訪問し、健康状態の確認や医療的ケア、療養生活の支援を行います。,https://aozora-kaigo.com/,山形県西村山郡河北町西里字白山堂737番地の1,0237-84-1215,厚生労働省オープンデータ,https://www.mhlw.go.jp/content/12300000/jigyosho_130.csv,2025-12末,https://www.google.com/search?q=%E9%9D%92%E7%A9%BA%E8%A8%AA%E5%95%8F%E7%9C%8B%E8%AD%B7%E4%BA%8B%E6%A5%AD%E6%89%80%20%E6%B2%B3%E5%8C%97%E7%94%BA
朝日町立病院,訪問看護,山形県,朝日町,"介護,訪問看護,医療",看護師などが自宅へ訪問し、健康状態の確認や医療的ケア、療養生活の支援を行います。,www.town.asahi.yamagata.jp/site/byoin/,山形県西村山郡朝日町大字宮宿843,0237-67-2125,厚生労働省オープンデータ,https://www.mhlw.go.jp/content/12300000/jigyosho_130.csv,2025-12末,https://www.google.com/search?q=%E6%9C%9D%E6%97%A5%E7%94%BA%E7%AB%8B%E7%97%85%E9%99%A2%20%E6%9C%9D%E6%97%A5%E7%94%BA
鮭川訪問看護ステーションともり,訪問看護,山形県,鮭川村,"介護,訪問看護,医療",看護師などが自宅へ訪問し、健康状態の確認や医療的ケア、療養生活の支援を行います。,https://tomori-nursestation.com/,山形県最上郡鮭川村大字川口2839-33,0233-25-8227,厚生労働省オープンデータ,https://www.mhlw.go.jp/content/12300000/jigyosho_130.csv,2025-12末,https://www.google.com/search?q=%E9%AE%AD%E5%B7%9D%E8%A8%AA%E5%95%8F%E7%9C%8B%E8%AD%B7%E3%82%B9%E3%83%86%E3%83%BC%E3%82%B7%E3%83%A7%E3%83%B3%E3%81%A8%E3%82%82%E3%82%8A%20%E9%AE%AD%E5%B7%9D%E6%9D%91
高畠町訪問看護ステーション,訪問看護,山形県,高畠町,"介護,訪問看護,医療",看護師などが自宅へ訪問し、健康状態の確認や医療的ケア、療養生活の支援を行います。,http://www.takahatahospital.jp,山形県東置賜郡高畠町大字高畠379-1,0238-52-4605,厚生労働省オープンデータ,https://www.mhlw.go.jp/content/12300000/jigyosho_130.csv,2025-12末,https://www.google.com/search?q=%E9%AB%98%E7%95%A0%E7%94%BA%E8%A8%AA%E5%95%8F%E7%9C%8B%E8%AD%B7%E3%82%B9%E3%83%86%E3%83%BC%E3%82%B7%E3%83%A7%E3%83%B3%20%E9%AB%98%E7%95%A0%E7%94%BA
湖山病院訪問看護ステーション,訪問看護,山形県,川西町,"介護,訪問看護,医療",看護師などが自宅へ訪問し、健康状態の確認や医療的ケア、療養生活の支援を行います。,http://www.ryokuaikai.com/,東置賜郡川西町大字下奥田3796番地20号,0238-42-2071,厚生労働省オープンデータ,https://www.mhlw.go.jp/content/12300000/jigyosho_130.csv,2025-12末,https://www.google.com/search?q=%E6%B9%96%E5%B1%B1%E7%97%85%E9%99%A2%E8%A8%AA%E5%95%8F%E7%9C%8B%E8%AD%B7%E3%82%B9%E3%83%86%E3%83%BC%E3%82%B7%E3%83%A7%E3%83%B3%20%E5%B7%9D%E8%A5%BF%E7%94%BA
おぐに訪問看護ステーション,訪問看護,山形県,小国町,"介護,訪問看護,医療",看護師などが自宅へ訪問し、健康状態の確認や医療的ケア、療養生活の支援を行います。,http://www.ogunibyoin.jp/houkan/,山形県西置賜郡小国町大字あけぼの一丁目１番地小国町立病院　内,0238-61-1002,厚生労働省オープンデータ,https://www.mhlw.go.jp/content/12300000/jigyosho_130.csv,2025-12末,https://www.google.com/search?q=%E3%81%8A%E3%81%90%E3%81%AB%E8%A8%AA%E5%95%8F%E7%9C%8B%E8%AD%B7%E3%82%B9%E3%83%86%E3%83%BC%E3%82%B7%E3%83%A7%E3%83%B3%20%E5%B0%8F%E5%9B%BD%E7%94%BA
白鷹町立病院,訪問看護,山形県,白鷹町,"介護,訪問看護,医療",看護師などが自宅へ訪問し、健康状態の確認や医療的ケア、療養生活の支援を行います。,http://hospital.shirataka.yamagata.jp/wp/,山形県西置賜郡白鷹町大字荒砥甲501,0238-86-0123,厚生労働省オープンデータ,https://www.mhlw.go.jp/content/12300000/jigyosho_130.csv,2025-12末,https://www.google.com/search?q=%E7%99%BD%E9%B7%B9%E7%94%BA%E7%AB%8B%E7%97%85%E9%99%A2%20%E7%99%BD%E9%B7%B9%E7%94%BA
飯豊町訪問看護ステーション,訪問看護,山形県,飯豊町,"介護,訪問看護,医療",看護師などが自宅へ訪問し、健康状態の確認や医療的ケア、療養生活の支援を行います。,https://www.town.iide.yamagata.jp/013/daiyaruinn.html,山形県西置賜郡飯豊町大字椿3654番地1飯豊町健康福祉センター,0238-86-2232,厚生労働省オープンデータ,https://www.mhlw.go.jp/content/12300000/jigyosho_130.csv,2025-12末,https://www.google.com/search?q=%E9%A3%AF%E8%B1%8A%E7%94%BA%E8%A8%AA%E5%95%8F%E7%9C%8B%E8%AD%B7%E3%82%B9%E3%83%86%E3%83%BC%E3%82%B7%E3%83%A7%E3%83%B3%20%E9%A3%AF%E8%B1%8A%E7%94%BA
訪問看護ステーション　にこ,訪問看護,山形県,三川町,"介護,訪問看護,医療",看護師などが自宅へ訪問し、健康状態の確認や医療的ケア、療養生活の支援を行います。,https://kukurunico.com/,山形県東田川郡三川町大字青山字外川原234番地1,0235-77-1025,厚生労働省オープンデータ,https://www.mhlw.go.jp/content/12300000/jigyosho_130.csv,2025-12末,https://www.google.com/search?q=%E8%A8%AA%E5%95%8F%E7%9C%8B%E8%AD%B7%E3%82%B9%E3%83%86%E3%83%BC%E3%82%B7%E3%83%A7%E3%83%B3%E3%80%80%E3%81%AB%E3%81%93%20%E4%B8%89%E5%B7%9D%E7%94%BA
医療法人徳洲会訪問看護ステーションひまわり,訪問看護,山形県,庄内町,"介護,訪問看護,医療",看護師などが自宅へ訪問し、健康状態の確認や医療的ケア、療養生活の支援を行います。,http://www.tokushukai.jp,山形県東田川郡庄内町松陽1-1-6,0234-43-2964,厚生労働省オープンデータ,https://www.mhlw.go.jp/content/12300000/jigyosho_130.csv,2025-12末,https://www.google.com/search?q=%E5%8C%BB%E7%99%82%E6%B3%95%E4%BA%BA%E5%BE%B3%E6%B4%B2%E4%BC%9A%E8%A8%AA%E5%95%8F%E7%9C%8B%E8%AD%B7%E3%82%B9%E3%83%86%E3%83%BC%E3%82%B7%E3%83%A7%E3%83%B3%E3%81%B2%E3%81%BE%E3%82%8F%E3%82%8A%20%E5%BA%84%E5%86%85%E7%94%BA
訪問看護ステーションゆざ,訪問看護,山形県,遊佐町,"介護,訪問看護,医療",看護師などが自宅へ訪問し、健康状態の確認や医療的ケア、療養生活の支援を行います。,yuzahst@inetshonai.or.jp,山形県飽海郡遊佐町遊佐字石田７,０２３４－２８－８１６６,厚生労働省オープンデータ,https://www.mhlw.go.jp/content/12300000/jigyosho_130.csv,2025-12末,https://www.google.com/search?q=%E8%A8%AA%E5%95%8F%E7%9C%8B%E8%AD%B7%E3%82%B9%E3%83%86%E3%83%BC%E3%82%B7%E3%83%A7%E3%83%B3%E3%82%86%E3%81%96%20%E9%81%8A%E4%BD%90%E7%94%BA
介護老人保健施設さくらパレス,訪問リハビリ,山形県,山形市,"介護,訪問リハビリ,リハビリ",訪問リハビリの公式オープンデータから取り込んだ候補です。詳細は公式情報・電話・見学で確認してください。,https://www.google.com/search?q=%E4%BB%8B%E8%AD%B7%E8%80%81%E4%BA%BA%E4%BF%9D%E5%81%A5%E6%96%BD%E8%A8%AD%E3%81%95%E3%81%8F%E3%82%89%E3%83%91%E3%83%AC%E3%82%B9%20%E5%B1%B1%E5%BD%A2%E5%B8%82,山形県山形市桜田西四丁目３番２６号,023-628-3980,厚生労働省オープンデータ,https://www.mhlw.go.jp/content/12300000/jigyosho_140.csv,2025-12末,https://www.google.com/search?q=%E4%BB%8B%E8%AD%B7%E8%80%81%E4%BA%BA%E4%BF%9D%E5%81%A5%E6%96%BD%E8%A8%AD%E3%81%95%E3%81%8F%E3%82%89%E3%83%91%E3%83%AC%E3%82%B9%20%E5%B1%B1%E5%BD%A2%E5%B8%82
訪問診療クリニックやまがた,訪問リハビリ,山形県,山形市,"介護,訪問リハビリ,リハビリ",訪問リハビリの公式オープンデータから取り込んだ候補です。詳細は公式情報・電話・見学で確認してください。,https://www.hmc-yamagata.com/,山形県山形市銅町2-13-11,023-616-6360,厚生労働省オープンデータ,https://www.mhlw.go.jp/content/12300000/jigyosho_140.csv,2025-12末,https://www.google.com/search?q=%E8%A8%AA%E5%95%8F%E8%A8%BA%E7%99%82%E3%82%AF%E3%83%AA%E3%83%8B%E3%83%83%E3%82%AF%E3%82%84%E3%81%BE%E3%81%8C%E3%81%9F%20%E5%B1%B1%E5%BD%A2%E5%B8%82
医療法人徳洲会山形徳洲会病院,訪問リハビリ,山形県,山形市,"介護,訪問リハビリ,リハビリ",訪問リハビリの公式オープンデータから取り込んだ候補です。詳細は公式情報・電話・見学で確認してください。,http://www.yamatoku-hp.jp,山形市清住町2丁目3-51,023-647-3434,厚生労働省オープンデータ,https://www.mhlw.go.jp/content/12300000/jigyosho_140.csv,2025-12末,https://www.google.com/search?q=%E5%8C%BB%E7%99%82%E6%B3%95%E4%BA%BA%E5%BE%B3%E6%B4%B2%E4%BC%9A%E5%B1%B1%E5%BD%A2%E5%BE%B3%E6%B4%B2%E4%BC%9A%E7%97%85%E9%99%A2%20%E5%B1%B1%E5%BD%A2%E5%B8%82
さとう花の森呼吸器内科クリニック訪問リハビリテーションそらいろ,訪問リハビリ,山形県,山形市,"介護,訪問リハビリ,リハビリ",訪問リハビリの公式オープンデータから取り込んだ候補です。詳細は公式情報・電話・見学で確認してください。,http://satohananomori-clinic.com,山形県山形市馬見ヶ崎3丁目8番35号,023‐615‐8171,厚生労働省オープンデータ,https://www.mhlw.go.jp/content/12300000/jigyosho_140.csv,2025-12末,https://www.google.com/search?q=%E3%81%95%E3%81%A8%E3%81%86%E8%8A%B1%E3%81%AE%E6%A3%AE%E5%91%BC%E5%90%B8%E5%99%A8%E5%86%85%E7%A7%91%E3%82%AF%E3%83%AA%E3%83%8B%E3%83%83%E3%82%AF%E8%A8%AA%E5%95%8F%E3%83%AA%E3%83%8F%E3%83%93%E3%83%AA%E3%83%86%E3%83%BC%E3%82%B7%E3%83%A7%E3%83%B3%E3%81%9D%E3%82%89%E3%81%84%E3%82%8D%20%E5%B1%B1%E5%BD%A2%E5%B8%82
至誠堂総合病院,訪問リハビリ,山形県,山形市,"介護,訪問リハビリ,リハビリ",訪問リハビリの公式オープンデータから取り込んだ候補です。詳細は公式情報・電話・見学で確認してください。,https://www.shiseido-hp.jp/,山形市桜町7番44号,023-622-7181,厚生労働省オープンデータ,https://www.mhlw.go.jp/content/12300000/jigyosho_140.csv,2025-12末,https://www.google.com/search?q=%E8%87%B3%E8%AA%A0%E5%A0%82%E7%B7%8F%E5%90%88%E7%97%85%E9%99%A2%20%E5%B1%B1%E5%BD%A2%E5%B8%82
介護老人保健施設あづま,訪問リハビリ,山形県,米沢市,"介護,訪問リハビリ,リハビリ",訪問リハビリの公式オープンデータから取り込んだ候補です。詳細は公式情報・電話・見学で確認してください。,http://www.y-aduma.com/,山形県米沢市大字李山8132番地11,0238－38－5535,厚生労働省オープンデータ,https://www.mhlw.go.jp/content/12300000/jigyosho_140.csv,2025-12末,https://www.google.com/search?q=%E4%BB%8B%E8%AD%B7%E8%80%81%E4%BA%BA%E4%BF%9D%E5%81%A5%E6%96%BD%E8%A8%AD%E3%81%82%E3%81%A5%E3%81%BE%20%E7%B1%B3%E6%B2%A2%E5%B8%82
医療法人よこやまクリニック訪問リハビリテーション,訪問リハビリ,山形県,米沢市,"介護,訪問リハビリ,リハビリ",訪問リハビリの公式オープンデータから取り込んだ候補です。詳細は公式情報・電話・見学で確認してください。,https://eyokoyama-cl.jimdo.com/,米沢市東1丁目3-21,0238206218,厚生労働省オープンデータ,https://www.mhlw.go.jp/content/12300000/jigyosho_140.csv,2025-12末,https://www.google.com/search?q=%E5%8C%BB%E7%99%82%E6%B3%95%E4%BA%BA%E3%82%88%E3%81%93%E3%82%84%E3%81%BE%E3%82%AF%E3%83%AA%E3%83%8B%E3%83%83%E3%82%AF%E8%A8%AA%E5%95%8F%E3%83%AA%E3%83%8F%E3%83%93%E3%83%AA%E3%83%86%E3%83%BC%E3%82%B7%E3%83%A7%E3%83%B3%20%E7%B1%B3%E6%B2%A2%E5%B8%82
特定医療法人　舟山病院,訪問リハビリ,山形県,米沢市,"介護,訪問リハビリ,リハビリ",訪問リハビリの公式オープンデータから取り込んだ候補です。詳細は公式情報・電話・見学で確認してください。,http://fnymhp.jp/,山形県米沢市駅前2-4-8,0238-23-4435,厚生労働省オープンデータ,https://www.mhlw.go.jp/content/12300000/jigyosho_140.csv,2025-12末,https://www.google.com/search?q=%E7%89%B9%E5%AE%9A%E5%8C%BB%E7%99%82%E6%B3%95%E4%BA%BA%E3%80%80%E8%88%9F%E5%B1%B1%E7%97%85%E9%99%A2%20%E7%B1%B3%E6%B2%A2%E5%B8%82
三友堂訪問リハビリテーション,訪問リハビリ,山形県,米沢市,"介護,訪問リハビリ,リハビリ",訪問リハビリの公式オープンデータから取り込んだ候補です。詳細は公式情報・電話・見学で確認してください。,https://www.google.com/search?q=%E4%B8%89%E5%8F%8B%E5%A0%82%E8%A8%AA%E5%95%8F%E3%83%AA%E3%83%8F%E3%83%93%E3%83%AA%E3%83%86%E3%83%BC%E3%82%B7%E3%83%A7%E3%83%B3%20%E7%B1%B3%E6%B2%A2%E5%B8%82,山形県米沢市福田町２丁目１番５５号,0238-40-8182,厚生労働省オープンデータ,https://www.mhlw.go.jp/content/12300000/jigyosho_140.csv,2025-12末,https://www.google.com/search?q=%E4%B8%89%E5%8F%8B%E5%A0%82%E8%A8%AA%E5%95%8F%E3%83%AA%E3%83%8F%E3%83%93%E3%83%AA%E3%83%86%E3%83%BC%E3%82%B7%E3%83%A7%E3%83%B3%20%E7%B1%B3%E6%B2%A2%E5%B8%82
訪問リハビリテーション　いでは,訪問リハビリ,山形県,鶴岡市,"介護,訪問リハビリ,リハビリ",訪問リハビリの公式オープンデータから取り込んだ候補です。詳細は公式情報・電話・見学で確認してください。,https://www.idehariha.com,山形県鶴岡市羽黒町荒川字谷地堰42番4号,0235-62-3789,厚生労働省オープンデータ,https://www.mhlw.go.jp/content/12300000/jigyosho_140.csv,2025-12末,https://www.google.com/search?q=%E8%A8%AA%E5%95%8F%E3%83%AA%E3%83%8F%E3%83%93%E3%83%AA%E3%83%86%E3%83%BC%E3%82%B7%E3%83%A7%E3%83%B3%E3%80%80%E3%81%84%E3%81%A7%E3%81%AF%20%E9%B6%B4%E5%B2%A1%E5%B8%82
サテライト老健のぞみ,訪問リハビリ,山形県,鶴岡市,"介護,訪問リハビリ,リハビリ",訪問リハビリの公式オープンデータから取り込んだ候補です。詳細は公式情報・電話・見学で確認してください。,https://www.google.com/search?q=%E3%82%B5%E3%83%86%E3%83%A9%E3%82%A4%E3%83%88%E8%80%81%E5%81%A5%E3%81%AE%E3%81%9E%E3%81%BF%20%E9%B6%B4%E5%B2%A1%E5%B8%82,山形県鶴岡市日枝字小真木原116-8サテライト老健のぞみ,0235-24-7724,厚生労働省オープンデータ,https://www.mhlw.go.jp/content/12300000/jigyosho_140.csv,2025-12末,https://www.google.com/search?q=%E3%82%B5%E3%83%86%E3%83%A9%E3%82%A4%E3%83%88%E8%80%81%E5%81%A5%E3%81%AE%E3%81%9E%E3%81%BF%20%E9%B6%B4%E5%B2%A1%E5%B8%82
鶴岡協立リハビリテーション病院,訪問リハビリ,山形県,鶴岡市,"介護,訪問リハビリ,リハビリ",訪問リハビリの公式オープンデータから取り込んだ候補です。詳細は公式情報・電話・見学で確認してください。,http://www.turuoka-kyoritu-hp.or.jp/,鶴岡市上山添字神明前38,0235-78-7511,厚生労働省オープンデータ,https://www.mhlw.go.jp/content/12300000/jigyosho_140.csv,2025-12末,https://www.google.com/search?q=%E9%B6%B4%E5%B2%A1%E5%8D%94%E7%AB%8B%E3%83%AA%E3%83%8F%E3%83%93%E3%83%AA%E3%83%86%E3%83%BC%E3%82%B7%E3%83%A7%E3%83%B3%E7%97%85%E9%99%A2%20%E9%B6%B4%E5%B2%A1%E5%B8%82
サテライト老健ちわら,訪問リハビリ,山形県,鶴岡市,"介護,訪問リハビリ,リハビリ",訪問リハビリの公式オープンデータから取り込んだ候補です。詳細は公式情報・電話・見学で確認してください。,https://www.google.com/search?q=%E3%82%B5%E3%83%86%E3%83%A9%E3%82%A4%E3%83%88%E8%80%81%E5%81%A5%E3%81%A1%E3%82%8F%E3%82%89%20%E9%B6%B4%E5%B2%A1%E5%B8%82,山形県鶴岡市北茅原町5番10号サテライト老健ちわら,0235-26-0122,厚生労働省オープンデータ,https://www.mhlw.go.jp/content/12300000/jigyosho_140.csv,2025-12末,https://www.google.com/search?q=%E3%82%B5%E3%83%86%E3%83%A9%E3%82%A4%E3%83%88%E8%80%81%E5%81%A5%E3%81%A1%E3%82%8F%E3%82%89%20%E9%B6%B4%E5%B2%A1%E5%B8%82
介護老人保健施設シェ・モワ,訪問リハビリ,山形県,酒田市,"介護,訪問リハビリ,リハビリ",訪問リハビリの公式オープンデータから取り込んだ候補です。詳細は公式情報・電話・見学で確認してください。,http://www.koufukai.or.jp,酒田市緑町13-37,0234-22-1400,厚生労働省オープンデータ,https://www.mhlw.go.jp/content/12300000/jigyosho_140.csv,2025-12末,https://www.google.com/search?q=%E4%BB%8B%E8%AD%B7%E8%80%81%E4%BA%BA%E4%BF%9D%E5%81%A5%E6%96%BD%E8%A8%AD%E3%82%B7%E3%82%A7%E3%83%BB%E3%83%A2%E3%83%AF%20%E9%85%92%E7%94%B0%E5%B8%82
医療法人本間病院,訪問リハビリ,山形県,酒田市,"介護,訪問リハビリ,リハビリ",訪問リハビリの公式オープンデータから取り込んだ候補です。詳細は公式情報・電話・見学で確認してください。,http://www.kenyukai-sakata.jp,酒田市中町3丁目５－２３,070-5473-5754,厚生労働省オープンデータ,https://www.mhlw.go.jp/content/12300000/jigyosho_140.csv,2025-12末,https://www.google.com/search?q=%E5%8C%BB%E7%99%82%E6%B3%95%E4%BA%BA%E6%9C%AC%E9%96%93%E7%97%85%E9%99%A2%20%E9%85%92%E7%94%B0%E5%B8%82
医療法人　丸岡医院,訪問リハビリ,山形県,酒田市,"介護,訪問リハビリ,リハビリ",訪問リハビリの公式オープンデータから取り込んだ候補です。詳細は公式情報・電話・見学で確認してください。,http://www.maruoka.or.jp/,山形県酒田市松原南15-1,0234-23-8177,厚生労働省オープンデータ,https://www.mhlw.go.jp/content/12300000/jigyosho_140.csv,2025-12末,https://www.google.com/search?q=%E5%8C%BB%E7%99%82%E6%B3%95%E4%BA%BA%E3%80%80%E4%B8%B8%E5%B2%A1%E5%8C%BB%E9%99%A2%20%E9%85%92%E7%94%B0%E5%B8%82
老人保健施設うらら,訪問リハビリ,山形県,酒田市,"介護,訪問リハビリ,リハビリ",訪問リハビリの公式オープンデータから取り込んだ候補です。詳細は公式情報・電話・見学で確認してください。,http://www.kouyuu-kai.or.jp,山形県酒田市本楯前田１２７－２,0234-28-3131,厚生労働省オープンデータ,https://www.mhlw.go.jp/content/12300000/jigyosho_140.csv,2025-12末,https://www.google.com/search?q=%E8%80%81%E4%BA%BA%E4%BF%9D%E5%81%A5%E6%96%BD%E8%A8%AD%E3%81%86%E3%82%89%E3%82%89%20%E9%85%92%E7%94%B0%E5%B8%82
健生ふれあいクリニック,訪問リハビリ,山形県,酒田市,"介護,訪問リハビリ,リハビリ",訪問リハビリの公式オープンデータから取り込んだ候補です。詳細は公式情報・電話・見学で確認してください。,http://www.ken-sei.or.jp,山形県酒田市泉町1番地16,0234-33-6338,厚生労働省オープンデータ,https://www.mhlw.go.jp/content/12300000/jigyosho_140.csv,2025-12末,https://www.google.com/search?q=%E5%81%A5%E7%94%9F%E3%81%B5%E3%82%8C%E3%81%82%E3%81%84%E3%82%AF%E3%83%AA%E3%83%8B%E3%83%83%E3%82%AF%20%E9%85%92%E7%94%B0%E5%B8%82
老人保健施設　明日葉,訪問リハビリ,山形県,酒田市,"介護,訪問リハビリ,リハビリ",訪問リハビリの公式オープンデータから取り込んだ候補です。詳細は公式情報・電話・見学で確認してください。,http://www.satsuki-ashitaba.jp,酒田市曙町２－１８－６,0234-22-3885,厚生労働省オープンデータ,https://www.mhlw.go.jp/content/12300000/jigyosho_140.csv,2025-12末,https://www.google.com/search?q=%E8%80%81%E4%BA%BA%E4%BF%9D%E5%81%A5%E6%96%BD%E8%A8%AD%E3%80%80%E6%98%8E%E6%97%A5%E8%91%89%20%E9%85%92%E7%94%B0%E5%B8%82
介護老人保健施設　寒河江やすらぎの里,訪問リハビリ,山形県,寒河江市,"介護,訪問リハビリ,リハビリ",訪問リハビリの公式オープンデータから取り込んだ候補です。詳細は公式情報・電話・見学で確認してください。,http://care-net.biz/06/s-yasuragi/,寒河江市本楯二丁目２４番地1,0237－83－0566,厚生労働省オープンデータ,https://www.mhlw.go.jp/content/12300000/jigyosho_140.csv,2025-12末,https://www.google.com/search?q=%E4%BB%8B%E8%AD%B7%E8%80%81%E4%BA%BA%E4%BF%9D%E5%81%A5%E6%96%BD%E8%A8%AD%E3%80%80%E5%AF%92%E6%B2%B3%E6%B1%9F%E3%82%84%E3%81%99%E3%82%89%E3%81%8E%E3%81%AE%E9%87%8C%20%E5%AF%92%E6%B2%B3%E6%B1%9F%E5%B8%82
リバーヒル長井訪問リハビリセンター,訪問リハビリ,山形県,長井市,"介護,訪問リハビリ,リハビリ",訪問リハビリの公式オープンデータから取り込んだ候補です。詳細は公式情報・電話・見学で確認してください。,http://www.riverhill.jp/,山形県長井市寺泉3525-1,0238-87-0838,厚生労働省オープンデータ,https://www.mhlw.go.jp/content/12300000/jigyosho_140.csv,2025-12末,https://www.google.com/search?q=%E3%83%AA%E3%83%90%E3%83%BC%E3%83%92%E3%83%AB%E9%95%B7%E4%BA%95%E8%A8%AA%E5%95%8F%E3%83%AA%E3%83%8F%E3%83%93%E3%83%AA%E3%82%BB%E3%83%B3%E3%82%BF%E3%83%BC%20%E9%95%B7%E4%BA%95%E5%B8%82
ミロク脳神経リハビリクリニック,訪問リハビリ,山形県,天童市,"介護,訪問リハビリ,リハビリ",訪問リハビリの公式オープンデータから取り込んだ候補です。詳細は公式情報・電話・見学で確認してください。,https://miroku.clinic/,山形県天童市鎌田2丁目5番1号,023-616-3691,厚生労働省オープンデータ,https://www.mhlw.go.jp/content/12300000/jigyosho_140.csv,2025-12末,https://www.google.com/search?q=%E3%83%9F%E3%83%AD%E3%82%AF%E8%84%B3%E7%A5%9E%E7%B5%8C%E3%83%AA%E3%83%8F%E3%83%93%E3%83%AA%E3%82%AF%E3%83%AA%E3%83%8B%E3%83%83%E3%82%AF%20%E5%A4%A9%E7%AB%A5%E5%B8%82
医療法人財団明理会　山形ロイヤル病院,訪問リハビリ,山形県,東根市,"介護,訪問リハビリ,リハビリ",訪問リハビリの公式オープンデータから取り込んだ候補です。詳細は公式情報・電話・見学で確認してください。,https://ims-tohoku.com/yamagata-royal/,山形県東根市大森二丁目3番6号,0237-43-8080,厚生労働省オープンデータ,https://www.mhlw.go.jp/content/12300000/jigyosho_140.csv,2025-12末,https://www.google.com/search?q=%E5%8C%BB%E7%99%82%E6%B3%95%E4%BA%BA%E8%B2%A1%E5%9B%A3%E6%98%8E%E7%90%86%E4%BC%9A%E3%80%80%E5%B1%B1%E5%BD%A2%E3%83%AD%E3%82%A4%E3%83%A4%E3%83%AB%E7%97%85%E9%99%A2%20%E6%9D%B1%E6%A0%B9%E5%B8%82
介護老人保健施設　ナーシングホームさくらんぼ,訪問リハビリ,山形県,東根市,"介護,訪問リハビリ,リハビリ",訪問リハビリの公式オープンデータから取り込んだ候補です。詳細は公式情報・電話・見学で確認してください。,http://kjg-net.jp/,山形県東根市大字野田1921,0237-36-0017,厚生労働省オープンデータ,https://www.mhlw.go.jp/content/12300000/jigyosho_140.csv,2025-12末,https://www.google.com/search?q=%E4%BB%8B%E8%AD%B7%E8%80%81%E4%BA%BA%E4%BF%9D%E5%81%A5%E6%96%BD%E8%A8%AD%E3%80%80%E3%83%8A%E3%83%BC%E3%82%B7%E3%83%B3%E3%82%B0%E3%83%9B%E3%83%BC%E3%83%A0%E3%81%95%E3%81%8F%E3%82%89%E3%82%93%E3%81%BC%20%E6%9D%B1%E6%A0%B9%E5%B8%82
介護老人保健施設ハイマート福原,訪問リハビリ,山形県,尾花沢市,"介護,訪問リハビリ,リハビリ",訪問リハビリの公式オープンデータから取り込んだ候補です。詳細は公式情報・電話・見学で確認してください。,https://www.google.com/search?q=%E4%BB%8B%E8%AD%B7%E8%80%81%E4%BA%BA%E4%BF%9D%E5%81%A5%E6%96%BD%E8%A8%AD%E3%83%8F%E3%82%A4%E3%83%9E%E3%83%BC%E3%83%88%E7%A6%8F%E5%8E%9F%20%E5%B0%BE%E8%8A%B1%E6%B2%A2%E5%B8%82,山形県尾花沢市大字野黒沢554番地29,0237-25-3300,厚生労働省オープンデータ,https://www.mhlw.go.jp/content/12300000/jigyosho_140.csv,2025-12末,https://www.google.com/search?q=%E4%BB%8B%E8%AD%B7%E8%80%81%E4%BA%BA%E4%BF%9D%E5%81%A5%E6%96%BD%E8%A8%AD%E3%83%8F%E3%82%A4%E3%83%9E%E3%83%BC%E3%83%88%E7%A6%8F%E5%8E%9F%20%E5%B0%BE%E8%8A%B1%E6%B2%A2%E5%B8%82
社会福祉法人南陽　介護老人保健施設ほなみ荘,訪問リハビリ,山形県,南陽市,"介護,訪問リハビリ,リハビリ",訪問リハビリの公式オープンデータから取り込んだ候補です。詳細は公式情報・電話・見学で確認してください。,http://nanyohonami.or.jp,山形県南陽市宮内3750-1,0238-47-6000,厚生労働省オープンデータ,https://www.mhlw.go.jp/content/12300000/jigyosho_140.csv,2025-12末,https://www.google.com/search?q=%E7%A4%BE%E4%BC%9A%E7%A6%8F%E7%A5%89%E6%B3%95%E4%BA%BA%E5%8D%97%E9%99%BD%E3%80%80%E4%BB%8B%E8%AD%B7%E8%80%81%E4%BA%BA%E4%BF%9D%E5%81%A5%E6%96%BD%E8%A8%AD%E3%81%BB%E3%81%AA%E3%81%BF%E8%8D%98%20%E5%8D%97%E9%99%BD%E5%B8%82
介護老人保健施設メルヘン　訪問リハビリテーション,訪問リハビリ,山形県,山辺町,"介護,訪問リハビリ,リハビリ",訪問リハビリの公式オープンデータから取り込んだ候補です。詳細は公式情報・電話・見学で確認してください。,https://www.google.com/search?q=%E4%BB%8B%E8%AD%B7%E8%80%81%E4%BA%BA%E4%BF%9D%E5%81%A5%E6%96%BD%E8%A8%AD%E3%83%A1%E3%83%AB%E3%83%98%E3%83%B3%E3%80%80%E8%A8%AA%E5%95%8F%E3%83%AA%E3%83%8F%E3%83%93%E3%83%AA%E3%83%86%E3%83%BC%E3%82%B7%E3%83%A7%E3%83%B3%20%E5%B1%B1%E8%BE%BA%E7%94%BA,山形県東村山郡山辺町大字大寺字竹ノ花1152番1,023-667-0001,厚生労働省オープンデータ,https://www.mhlw.go.jp/content/12300000/jigyosho_140.csv,2025-12末,https://www.google.com/search?q=%E4%BB%8B%E8%AD%B7%E8%80%81%E4%BA%BA%E4%BF%9D%E5%81%A5%E6%96%BD%E8%A8%AD%E3%83%A1%E3%83%AB%E3%83%98%E3%83%B3%E3%80%80%E8%A8%AA%E5%95%8F%E3%83%AA%E3%83%8F%E3%83%93%E3%83%AA%E3%83%86%E3%83%BC%E3%82%B7%E3%83%A7%E3%83%B3%20%E5%B1%B1%E8%BE%BA%E7%94%BA
朝日町立病院,訪問リハビリ,山形県,朝日町,"介護,訪問リハビリ,リハビリ",訪問リハビリの公式オープンデータから取り込んだ候補です。詳細は公式情報・電話・見学で確認してください。,http://www.town.asahi.yamagata.jp/,山形県西村山郡朝日町大字宮宿843番地,0237-67-2125,厚生労働省オープンデータ,https://www.mhlw.go.jp/content/12300000/jigyosho_140.csv,2025-12末,https://www.google.com/search?q=%E6%9C%9D%E6%97%A5%E7%94%BA%E7%AB%8B%E7%97%85%E9%99%A2%20%E6%9C%9D%E6%97%A5%E7%94%BA
町立金山診療所,訪問リハビリ,山形県,金山町,"介護,訪問リハビリ,リハビリ",訪問リハビリの公式オープンデータから取り込んだ候補です。詳細は公式情報・電話・見学で確認してください。,https://www.town.kaneyama.yamagata.jp/kenko_fukushi/choritsukaneyamashinryojo,山形県最上郡金山町大字金山548番地2,0233-52-2915,厚生労働省オープンデータ,https://www.mhlw.go.jp/content/12300000/jigyosho_140.csv,2025-12末,https://www.google.com/search?q=%E7%94%BA%E7%AB%8B%E9%87%91%E5%B1%B1%E8%A8%BA%E7%99%82%E6%89%80%20%E9%87%91%E5%B1%B1%E7%94%BA
最上町立最上病院,訪問リハビリ,山形県,最上町,"介護,訪問リハビリ,リハビリ",訪問リハビリの公式オープンデータから取り込んだ候補です。詳細は公式情報・電話・見学で確認してください。,https://town.mogami.lg.jp/hospital/,山形県最上郡最上町向町64-3,0233-43-2112,厚生労働省オープンデータ,https://www.mhlw.go.jp/content/12300000/jigyosho_140.csv,2025-12末,https://www.google.com/search?q=%E6%9C%80%E4%B8%8A%E7%94%BA%E7%AB%8B%E6%9C%80%E4%B8%8A%E7%97%85%E9%99%A2%20%E6%9C%80%E4%B8%8A%E7%94%BA
公立高畠病院,訪問リハビリ,山形県,高畠町,"介護,訪問リハビリ,リハビリ",訪問リハビリの公式オープンデータから取り込んだ候補です。詳細は公式情報・電話・見学で確認してください。,http://www.takahatahospital.jp/,山形県東置賜郡高畠町大字高畠386番地,0238-52-1500,厚生労働省オープンデータ,https://www.mhlw.go.jp/content/12300000/jigyosho_140.csv,2025-12末,https://www.google.com/search?q=%E5%85%AC%E7%AB%8B%E9%AB%98%E7%95%A0%E7%97%85%E9%99%A2%20%E9%AB%98%E7%95%A0%E7%94%BA
白鷹町立病院,訪問リハビリ,山形県,白鷹町,"介護,訪問リハビリ,リハビリ",訪問リハビリの公式オープンデータから取り込んだ候補です。詳細は公式情報・電話・見学で確認してください。,http://www.hospital.shirataka.yamagata.jp/,山形県西置賜郡白鷹町大字荒砥甲501番地,0238-85-2155,厚生労働省オープンデータ,https://www.mhlw.go.jp/content/12300000/jigyosho_140.csv,2025-12末,https://www.google.com/search?q=%E7%99%BD%E9%B7%B9%E7%94%BA%E7%AB%8B%E7%97%85%E9%99%A2%20%E7%99%BD%E9%B7%B9%E7%94%BA
医療法人　徳洲会　庄内余目病院,訪問リハビリ,山形県,庄内町,"介護,訪問リハビリ,リハビリ",訪問リハビリの公式オープンデータから取り込んだ候補です。詳細は公式情報・電話・見学で確認してください。,http//www.amarume-hp.jp,山形県東田川郡庄内町松陽１－１－１,０２３４－４３－３４３４,厚生労働省オープンデータ,https://www.mhlw.go.jp/content/12300000/jigyosho_140.csv,2025-12末,https://www.google.com/search?q=%E5%8C%BB%E7%99%82%E6%B3%95%E4%BA%BA%E3%80%80%E5%BE%B3%E6%B4%B2%E4%BC%9A%E3%80%80%E5%BA%84%E5%86%85%E4%BD%99%E7%9B%AE%E7%97%85%E9%99%A2%20%E5%BA%84%E5%86%85%E7%94%BA
指定通所介護事業所ながまち荘,デイサービス,山形県,山形市,"介護,デイサービス",日中に通って食事・入浴・機能訓練・見守りなどを受けるサービスです。,http://www.yamagata-saiseikai.org,山形市長町751番地,023-681-7589,厚生労働省オープンデータ,https://www.mhlw.go.jp/content/12300000/jigyosho_150.csv,2025-12末,https://www.google.com/search?q=%E6%8C%87%E5%AE%9A%E9%80%9A%E6%89%80%E4%BB%8B%E8%AD%B7%E4%BA%8B%E6%A5%AD%E6%89%80%E3%81%AA%E3%81%8C%E3%81%BE%E3%81%A1%E8%8D%98%20%E5%B1%B1%E5%BD%A2%E5%B8%82
デイサービスセンター小白川,デイサービス,山形県,山形市,"介護,デイサービス",日中に通って食事・入浴・機能訓練・見守りなどを受けるサービスです。,https://yamagata-saiseikai.org/,山形県山形市小白川町二丁目３番１号　小白川ケアセンター内,023-616-5080,厚生労働省オープンデータ,https://www.mhlw.go.jp/content/12300000/jigyosho_150.csv,2025-12末,https://www.google.com/search?q=%E3%83%87%E3%82%A4%E3%82%B5%E3%83%BC%E3%83%93%E3%82%B9%E3%82%BB%E3%83%B3%E3%82%BF%E3%83%BC%E5%B0%8F%E7%99%BD%E5%B7%9D%20%E5%B1%B1%E5%BD%A2%E5%B8%82
なごみの里指定通所介護事業所,デイサービス,山形県,山形市,"介護,デイサービス",日中に通って食事・入浴・機能訓練・見守りなどを受けるサービスです。,http://www.jifukai.org,山形県山形市吉原三丁目10番8号,023-647-8864,厚生労働省オープンデータ,https://www.mhlw.go.jp/content/12300000/jigyosho_150.csv,2025-12末,https://www.google.com/search?q=%E3%81%AA%E3%81%94%E3%81%BF%E3%81%AE%E9%87%8C%E6%8C%87%E5%AE%9A%E9%80%9A%E6%89%80%E4%BB%8B%E8%AD%B7%E4%BA%8B%E6%A5%AD%E6%89%80%20%E5%B1%B1%E5%BD%A2%E5%B8%82
ツクイ山形江俣,デイサービス,山形県,山形市,"介護,デイサービス",日中に通って食事・入浴・機能訓練・見守りなどを受けるサービスです。,https://www.tsukui.net,山形県山形市江俣4-6-15,023-682-3386,厚生労働省オープンデータ,https://www.mhlw.go.jp/content/12300000/jigyosho_150.csv,2025-12末,https://www.google.com/search?q=%E3%83%84%E3%82%AF%E3%82%A4%E5%B1%B1%E5%BD%A2%E6%B1%9F%E4%BF%A3%20%E5%B1%B1%E5%BD%A2%E5%B8%82
ツクイ山形東青田,デイサービス,山形県,山形市,"介護,デイサービス",日中に通って食事・入浴・機能訓練・見守りなどを受けるサービスです。,yamagata_higasiaota@tsukui.net,山形県山形市東青田1-4-15,023-629-6835,厚生労働省オープンデータ,https://www.mhlw.go.jp/content/12300000/jigyosho_150.csv,2025-12末,https://www.google.com/search?q=%E3%83%84%E3%82%AF%E3%82%A4%E5%B1%B1%E5%BD%A2%E6%9D%B1%E9%9D%92%E7%94%B0%20%E5%B1%B1%E5%BD%A2%E5%B8%82
デイサービス　樫の木,デイサービス,山形県,山形市,"介護,デイサービス",日中に通って食事・入浴・機能訓練・見守りなどを受けるサービスです。,https://daiwa-med.co.jp,山形市上町４丁目６-２４,023-673-9701,厚生労働省オープンデータ,https://www.mhlw.go.jp/content/12300000/jigyosho_150.csv,2025-12末,https://www.google.com/search?q=%E3%83%87%E3%82%A4%E3%82%B5%E3%83%BC%E3%83%93%E3%82%B9%E3%80%80%E6%A8%AB%E3%81%AE%E6%9C%A8%20%E5%B1%B1%E5%BD%A2%E5%B8%82
デイサービスグランドホーム樫の木,デイサービス,山形県,山形市,"介護,デイサービス",日中に通って食事・入浴・機能訓練・見守りなどを受けるサービスです。,https://daiwa-med.co.jp,山形県山形市桧町一丁目１０番１０号,023-665-0512,厚生労働省オープンデータ,https://www.mhlw.go.jp/content/12300000/jigyosho_150.csv,2025-12末,https://www.google.com/search?q=%E3%83%87%E3%82%A4%E3%82%B5%E3%83%BC%E3%83%93%E3%82%B9%E3%82%B0%E3%83%A9%E3%83%B3%E3%83%89%E3%83%9B%E3%83%BC%E3%83%A0%E6%A8%AB%E3%81%AE%E6%9C%A8%20%E5%B1%B1%E5%BD%A2%E5%B8%82
げんきサロン　Gillnexus,デイサービス,山形県,山形市,"介護,デイサービス",日中に通って食事・入浴・機能訓練・見守りなどを受けるサービスです。,http://www.maruwi.co.jp/genki_salon.html,山形県山形市北町二丁目２番４５号山形ファミリーボウル内,023-681-6820,厚生労働省オープンデータ,https://www.mhlw.go.jp/content/12300000/jigyosho_150.csv,2025-12末,https://www.google.com/search?q=%E3%81%92%E3%82%93%E3%81%8D%E3%82%B5%E3%83%AD%E3%83%B3%E3%80%80Gillnexus%20%E5%B1%B1%E5%BD%A2%E5%B8%82
蔵王やすらぎの里　指定通所介護事業所,デイサービス,山形県,山形市,"介護,デイサービス",日中に通って食事・入浴・機能訓練・見守りなどを受けるサービスです。,http://care-net.biz/06/z-yasuragi/,山形県山形市蔵王上野９２０番地,023-688-7022,厚生労働省オープンデータ,https://www.mhlw.go.jp/content/12300000/jigyosho_150.csv,2025-12末,https://www.google.com/search?q=%E8%94%B5%E7%8E%8B%E3%82%84%E3%81%99%E3%82%89%E3%81%8E%E3%81%AE%E9%87%8C%E3%80%80%E6%8C%87%E5%AE%9A%E9%80%9A%E6%89%80%E4%BB%8B%E8%AD%B7%E4%BA%8B%E6%A5%AD%E6%89%80%20%E5%B1%B1%E5%BD%A2%E5%B8%82
やすらぎの里半郷指定通所介護事業所,デイサービス,山形県,山形市,"介護,デイサービス",日中に通って食事・入浴・機能訓練・見守りなどを受けるサービスです。,http://care-net.biz06/yasuragi-h/,山形市蔵王半郷７９番地７,023-688-8288,厚生労働省オープンデータ,https://www.mhlw.go.jp/content/12300000/jigyosho_150.csv,2025-12末,https://www.google.com/search?q=%E3%82%84%E3%81%99%E3%82%89%E3%81%8E%E3%81%AE%E9%87%8C%E5%8D%8A%E9%83%B7%E6%8C%87%E5%AE%9A%E9%80%9A%E6%89%80%E4%BB%8B%E8%AD%B7%E4%BA%8B%E6%A5%AD%E6%89%80%20%E5%B1%B1%E5%BD%A2%E5%B8%82
天然温泉老人デイサービスセンターくろさわ,デイサービス,山形県,山形市,"介護,デイサービス",日中に通って食事・入浴・機能訓練・見守りなどを受けるサービスです。,http://www.yuuai-kai.or.jp/,山形市大字黒沢440番地,023-689-9630,厚生労働省オープンデータ,https://www.mhlw.go.jp/content/12300000/jigyosho_150.csv,2025-12末,https://www.google.com/search?q=%E5%A4%A9%E7%84%B6%E6%B8%A9%E6%B3%89%E8%80%81%E4%BA%BA%E3%83%87%E3%82%A4%E3%82%B5%E3%83%BC%E3%83%93%E3%82%B9%E3%82%BB%E3%83%B3%E3%82%BF%E3%83%BC%E3%81%8F%E3%82%8D%E3%81%95%E3%82%8F%20%E5%B1%B1%E5%BD%A2%E5%B8%82
天然温泉湯の郷くろさわ,デイサービス,山形県,山形市,"介護,デイサービス",日中に通って食事・入浴・機能訓練・見守りなどを受けるサービスです。,http://www.yuuai-kai.or.jp/,山形市大字黒沢547番地67,023-674-0039,厚生労働省オープンデータ,https://www.mhlw.go.jp/content/12300000/jigyosho_150.csv,2025-12末,https://www.google.com/search?q=%E5%A4%A9%E7%84%B6%E6%B8%A9%E6%B3%89%E6%B9%AF%E3%81%AE%E9%83%B7%E3%81%8F%E3%82%8D%E3%81%95%E3%82%8F%20%E5%B1%B1%E5%BD%A2%E5%B8%82
特定非営利活動法人エンジェル・ハート「通所介護サービス事業所」,デイサービス,山形県,山形市,"介護,デイサービス",日中に通って食事・入浴・機能訓練・見守りなどを受けるサービスです。,https://www.google.com/search?q=%E7%89%B9%E5%AE%9A%E9%9D%9E%E5%96%B6%E5%88%A9%E6%B4%BB%E5%8B%95%E6%B3%95%E4%BA%BA%E3%82%A8%E3%83%B3%E3%82%B8%E3%82%A7%E3%83%AB%E3%83%BB%E3%83%8F%E3%83%BC%E3%83%88%E3%80%8C%E9%80%9A%E6%89%80%E4%BB%8B%E8%AD%B7%E3%82%B5%E3%83%BC%E3%83%93%E3%82%B9%E4%BA%8B%E6%A5%AD%E6%89%80%E3%80%8D%20%E5%B1%B1%E5%BD%A2%E5%B8%82,山形県山形市松波一丁目１１-８,023-625-2383,厚生労働省オープンデータ,https://www.mhlw.go.jp/content/12300000/jigyosho_150.csv,2025-12末,https://www.google.com/search?q=%E7%89%B9%E5%AE%9A%E9%9D%9E%E5%96%B6%E5%88%A9%E6%B4%BB%E5%8B%95%E6%B3%95%E4%BA%BA%E3%82%A8%E3%83%B3%E3%82%B8%E3%82%A7%E3%83%AB%E3%83%BB%E3%83%8F%E3%83%BC%E3%83%88%E3%80%8C%E9%80%9A%E6%89%80%E4%BB%8B%E8%AD%B7%E3%82%B5%E3%83%BC%E3%83%93%E3%82%B9%E4%BA%8B%E6%A5%AD%E6%89%80%E3%80%8D%20%E5%B1%B1%E5%BD%A2%E5%B8%82
介護ホーム　みのりの里,デイサービス,山形県,山形市,"介護,デイサービス",日中に通って食事・入浴・機能訓練・見守りなどを受けるサービスです。,http://aiwacc.com/,山形市漆山１８３５介護ホーム　みのりの里,023-686-9035,厚生労働省オープンデータ,https://www.mhlw.go.jp/content/12300000/jigyosho_150.csv,2025-12末,https://www.google.com/search?q=%E4%BB%8B%E8%AD%B7%E3%83%9B%E3%83%BC%E3%83%A0%E3%80%80%E3%81%BF%E3%81%AE%E3%82%8A%E3%81%AE%E9%87%8C%20%E5%B1%B1%E5%BD%A2%E5%B8%82
宅老所ど～む中野,デイサービス,山形県,山形市,"介護,デイサービス",日中に通って食事・入浴・機能訓練・見守りなどを受けるサービスです。,http://do-mu.seesaa.net,山形市大字中野３２７番地,023-666-8015,厚生労働省オープンデータ,https://www.mhlw.go.jp/content/12300000/jigyosho_150.csv,2025-12末,https://www.google.com/search?q=%E5%AE%85%E8%80%81%E6%89%80%E3%81%A9%EF%BD%9E%E3%82%80%E4%B8%AD%E9%87%8E%20%E5%B1%B1%E5%BD%A2%E5%B8%82
ソーレホーム吉原デイサービス,デイサービス,山形県,山形市,"介護,デイサービス",日中に通って食事・入浴・機能訓練・見守りなどを受けるサービスです。,https://www.sole.ne.jp,山形市若宮二丁目9-12,023-645-8226,厚生労働省オープンデータ,https://www.mhlw.go.jp/content/12300000/jigyosho_150.csv,2025-12末,https://www.google.com/search?q=%E3%82%BD%E3%83%BC%E3%83%AC%E3%83%9B%E3%83%BC%E3%83%A0%E5%90%89%E5%8E%9F%E3%83%87%E3%82%A4%E3%82%B5%E3%83%BC%E3%83%93%E3%82%B9%20%E5%B1%B1%E5%BD%A2%E5%B8%82
ソーレホーム前田デイサービス,デイサービス,山形県,山形市,"介護,デイサービス",日中に通って食事・入浴・機能訓練・見守りなどを受けるサービスです。,http://www.sole.ne.jp,山形市前田町１４－８,023-615-2344,厚生労働省オープンデータ,https://www.mhlw.go.jp/content/12300000/jigyosho_150.csv,2025-12末,https://www.google.com/search?q=%E3%82%BD%E3%83%BC%E3%83%AC%E3%83%9B%E3%83%BC%E3%83%A0%E5%89%8D%E7%94%B0%E3%83%87%E3%82%A4%E3%82%B5%E3%83%BC%E3%83%93%E3%82%B9%20%E5%B1%B1%E5%BD%A2%E5%B8%82
ソーレホーム江俣デイサービス,デイサービス,山形県,山形市,"介護,デイサービス",日中に通って食事・入浴・機能訓練・見守りなどを受けるサービスです。,http://www.sole.ne.jp,山形市嶋南一丁目１番２号,023-681-2225,厚生労働省オープンデータ,https://www.mhlw.go.jp/content/12300000/jigyosho_150.csv,2025-12末,https://www.google.com/search?q=%E3%82%BD%E3%83%BC%E3%83%AC%E3%83%9B%E3%83%BC%E3%83%A0%E6%B1%9F%E4%BF%A3%E3%83%87%E3%82%A4%E3%82%B5%E3%83%BC%E3%83%93%E3%82%B9%20%E5%B1%B1%E5%BD%A2%E5%B8%82
ソーレヒルズ花楯デイサービス,デイサービス,山形県,山形市,"介護,デイサービス",日中に通って食事・入浴・機能訓練・見守りなどを受けるサービスです。,https://www.sole.ne.jp,山形市花楯二丁目18番78-101号,023-615-6267,厚生労働省オープンデータ,https://www.mhlw.go.jp/content/12300000/jigyosho_150.csv,2025-12末,https://www.google.com/search?q=%E3%82%BD%E3%83%BC%E3%83%AC%E3%83%92%E3%83%AB%E3%82%BA%E8%8A%B1%E6%A5%AF%E3%83%87%E3%82%A4%E3%82%B5%E3%83%BC%E3%83%93%E3%82%B9%20%E5%B1%B1%E5%BD%A2%E5%B8%82
敬寿園通所介護事業所,デイサービス,山形県,山形市,"介護,デイサービス",日中に通って食事・入浴・機能訓練・見守りなどを受けるサービスです。,http://www.keijuen.or.jp,山形県山形市大字妙見寺５００－１,023-634-2308,厚生労働省オープンデータ,https://www.mhlw.go.jp/content/12300000/jigyosho_150.csv,2025-12末,https://www.google.com/search?q=%E6%95%AC%E5%AF%BF%E5%9C%92%E9%80%9A%E6%89%80%E4%BB%8B%E8%AD%B7%E4%BA%8B%E6%A5%AD%E6%89%80%20%E5%B1%B1%E5%BD%A2%E5%B8%82
デイドリームセンター笑顔のたね,デイサービス,山形県,山形市,"介護,デイサービス",日中に通って食事・入浴・機能訓練・見守りなどを受けるサービスです。,http://www.egao-tane.com/,山形市西田1丁目2-5,023-664-3386,厚生労働省オープンデータ,https://www.mhlw.go.jp/content/12300000/jigyosho_150.csv,2025-12末,https://www.google.com/search?q=%E3%83%87%E3%82%A4%E3%83%89%E3%83%AA%E3%83%BC%E3%83%A0%E3%82%BB%E3%83%B3%E3%82%BF%E3%83%BC%E7%AC%91%E9%A1%94%E3%81%AE%E3%81%9F%E3%81%AD%20%E5%B1%B1%E5%BD%A2%E5%B8%82
楽しく元気になれるデイサービス笑顔のたね,デイサービス,山形県,山形市,"介護,デイサービス",日中に通って食事・入浴・機能訓練・見守りなどを受けるサービスです。,http://www.egao-tane.com/,山形市あかねヶ丘二丁目12番15号,023-666-6691,厚生労働省オープンデータ,https://www.mhlw.go.jp/content/12300000/jigyosho_150.csv,2025-12末,https://www.google.com/search?q=%E6%A5%BD%E3%81%97%E3%81%8F%E5%85%83%E6%B0%97%E3%81%AB%E3%81%AA%E3%82%8C%E3%82%8B%E3%83%87%E3%82%A4%E3%82%B5%E3%83%BC%E3%83%93%E3%82%B9%E7%AC%91%E9%A1%94%E3%81%AE%E3%81%9F%E3%81%AD%20%E5%B1%B1%E5%BD%A2%E5%B8%82
山形ケアセンターそよ風,デイサービス,山形県,山形市,"介護,デイサービス",日中に通って食事・入浴・機能訓練・見守りなどを受けるサービスです。,http://www.sykz.co.jp,山形市荒楯町1丁目4-1,023-615-4335,厚生労働省オープンデータ,https://www.mhlw.go.jp/content/12300000/jigyosho_150.csv,2025-12末,https://www.google.com/search?q=%E5%B1%B1%E5%BD%A2%E3%82%B1%E3%82%A2%E3%82%BB%E3%83%B3%E3%82%BF%E3%83%BC%E3%81%9D%E3%82%88%E9%A2%A8%20%E5%B1%B1%E5%BD%A2%E5%B8%82
とかみ共生苑デイサービスセンター,デイサービス,山形県,山形市,"介護,デイサービス",日中に通って食事・入浴・機能訓練・見守りなどを受けるサービスです。,http://www.y-shiminhukushikai.org,山形県山形市富神前６番地,023-646-5056,厚生労働省オープンデータ,https://www.mhlw.go.jp/content/12300000/jigyosho_150.csv,2025-12末,https://www.google.com/search?q=%E3%81%A8%E3%81%8B%E3%81%BF%E5%85%B1%E7%94%9F%E8%8B%91%E3%83%87%E3%82%A4%E3%82%B5%E3%83%BC%E3%83%93%E3%82%B9%E3%82%BB%E3%83%B3%E3%82%BF%E3%83%BC%20%E5%B1%B1%E5%BD%A2%E5%B8%82
総合福祉施設いきいきの郷,デイサービス,山形県,山形市,"介護,デイサービス",日中に通って食事・入浴・機能訓練・見守りなどを受けるサービスです。,https://kagayakinokai.or.jp/rouday/,山形県山形市大字成安425番地2,023-681-4768,厚生労働省オープンデータ,https://www.mhlw.go.jp/content/12300000/jigyosho_150.csv,2025-12末,https://www.google.com/search?q=%E7%B7%8F%E5%90%88%E7%A6%8F%E7%A5%89%E6%96%BD%E8%A8%AD%E3%81%84%E3%81%8D%E3%81%84%E3%81%8D%E3%81%AE%E9%83%B7%20%E5%B1%B1%E5%BD%A2%E5%B8%82
サンシャイン大森デイサービスセンター,デイサービス,山形県,山形市,"介護,デイサービス",日中に通って食事・入浴・機能訓練・見守りなどを受けるサービスです。,https://sunshine-oomori.jp/,山形市大字大森２１３９番地１,023-685-1223,厚生労働省オープンデータ,https://www.mhlw.go.jp/content/12300000/jigyosho_150.csv,2025-12末,https://www.google.com/search?q=%E3%82%B5%E3%83%B3%E3%82%B7%E3%83%A3%E3%82%A4%E3%83%B3%E5%A4%A7%E6%A3%AE%E3%83%87%E3%82%A4%E3%82%B5%E3%83%BC%E3%83%93%E3%82%B9%E3%82%BB%E3%83%B3%E3%82%BF%E3%83%BC%20%E5%B1%B1%E5%BD%A2%E5%B8%82
みこころの園指定通所介護事業所,デイサービス,山形県,山形市,"介護,デイサービス",日中に通って食事・入浴・機能訓練・見守りなどを受けるサービスです。,http://www.mikokoronosono.or.jp,山形県山形市大字沼木字下河原1129-1,023-644-7103,厚生労働省オープンデータ,https://www.mhlw.go.jp/content/12300000/jigyosho_150.csv,2025-12末,https://www.google.com/search?q=%E3%81%BF%E3%81%93%E3%81%93%E3%82%8D%E3%81%AE%E5%9C%92%E6%8C%87%E5%AE%9A%E9%80%9A%E6%89%80%E4%BB%8B%E8%AD%B7%E4%BA%8B%E6%A5%AD%E6%89%80%20%E5%B1%B1%E5%BD%A2%E5%B8%82
指定通所介護事業所　菅沢デイサービスセンター,デイサービス,山形県,山形市,"介護,デイサービス",日中に通って食事・入浴・機能訓練・見守りなどを受けるサービスです。,yamagatashi-si.or.jp,山形県山形市すげさわの丘４６,023-646-1168,厚生労働省オープンデータ,https://www.mhlw.go.jp/content/12300000/jigyosho_150.csv,2025-12末,https://www.google.com/search?q=%E6%8C%87%E5%AE%9A%E9%80%9A%E6%89%80%E4%BB%8B%E8%AD%B7%E4%BA%8B%E6%A5%AD%E6%89%80%E3%80%80%E8%8F%85%E6%B2%A2%E3%83%87%E3%82%A4%E3%82%B5%E3%83%BC%E3%83%93%E3%82%B9%E3%82%BB%E3%83%B3%E3%82%BF%E3%83%BC%20%E5%B1%B1%E5%BD%A2%E5%B8%82
通所介護事業所　六日町あいあい,デイサービス,山形県,山形市,"介護,デイサービス",日中に通って食事・入浴・機能訓練・見守りなどを受けるサービスです。,https://aiai-yamagata.org/,山形県山形市六日町２－７,023-634-6017,厚生労働省オープンデータ,https://www.mhlw.go.jp/content/12300000/jigyosho_150.csv,2025-12末,https://www.google.com/search?q=%E9%80%9A%E6%89%80%E4%BB%8B%E8%AD%B7%E4%BA%8B%E6%A5%AD%E6%89%80%E3%80%80%E5%85%AD%E6%97%A5%E7%94%BA%E3%81%82%E3%81%84%E3%81%82%E3%81%84%20%E5%B1%B1%E5%BD%A2%E5%B8%82
ほほえみデイ七日町,デイサービス,山形県,山形市,"介護,デイサービス",日中に通って食事・入浴・機能訓練・見守りなどを受けるサービスです。,https://hohoemi-yamagata.com/,七日町二丁目7番43号,023-666-7300,厚生労働省オープンデータ,https://www.mhlw.go.jp/content/12300000/jigyosho_150.csv,2025-12末,https://www.google.com/search?q=%E3%81%BB%E3%81%BB%E3%81%88%E3%81%BF%E3%83%87%E3%82%A4%E4%B8%83%E6%97%A5%E7%94%BA%20%E5%B1%B1%E5%BD%A2%E5%B8%82
つつじの里浄光苑,デイサービス,山形県,山形市,"介護,デイサービス",日中に通って食事・入浴・機能訓練・見守りなどを受けるサービスです。,http://joukouen.jp/about.html,山形県山形市八日町二丁目4番10号,023-635-2226,厚生労働省オープンデータ,https://www.mhlw.go.jp/content/12300000/jigyosho_150.csv,2025-12末,https://www.google.com/search?q=%E3%81%A4%E3%81%A4%E3%81%98%E3%81%AE%E9%87%8C%E6%B5%84%E5%85%89%E8%8B%91%20%E5%B1%B1%E5%BD%A2%E5%B8%82
くつろ木吉の原通所介護事業所,デイサービス,山形県,山形市,"介護,デイサービス",日中に通って食事・入浴・機能訓練・見守りなどを受けるサービスです。,https://kutsurogi-home.net/,山形県山形市若宮四丁目1番1号,023-646-0772,厚生労働省オープンデータ,https://www.mhlw.go.jp/content/12300000/jigyosho_150.csv,2025-12末,https://www.google.com/search?q=%E3%81%8F%E3%81%A4%E3%82%8D%E6%9C%A8%E5%90%89%E3%81%AE%E5%8E%9F%E9%80%9A%E6%89%80%E4%BB%8B%E8%AD%B7%E4%BA%8B%E6%A5%AD%E6%89%80%20%E5%B1%B1%E5%BD%A2%E5%B8%82
ウェルハウス成沢,デイサービス,山形県,山形市,"介護,デイサービス",日中に通って食事・入浴・機能訓練・見守りなどを受けるサービスです。,http://www.t-fukushi-service.co.jp,山形県山形市成沢西四丁目3番30号,023-689-1185,厚生労働省オープンデータ,https://www.mhlw.go.jp/content/12300000/jigyosho_150.csv,2025-12末,https://www.google.com/search?q=%E3%82%A6%E3%82%A7%E3%83%AB%E3%83%8F%E3%82%A6%E3%82%B9%E6%88%90%E6%B2%A2%20%E5%B1%B1%E5%BD%A2%E5%B8%82
ウェルハウス桜田,デイサービス,山形県,山形市,"介護,デイサービス",日中に通って食事・入浴・機能訓練・見守りなどを受けるサービスです。,http://www.t-fukushi-service.co.jp,山形県山形市桜田西三丁目6番12号,023-615-0607,厚生労働省オープンデータ,https://www.mhlw.go.jp/content/12300000/jigyosho_150.csv,2025-12末,https://www.google.com/search?q=%E3%82%A6%E3%82%A7%E3%83%AB%E3%83%8F%E3%82%A6%E3%82%B9%E6%A1%9C%E7%94%B0%20%E5%B1%B1%E5%BD%A2%E5%B8%82
ウェルハウス大野目,デイサービス,山形県,山形市,"介護,デイサービス",日中に通って食事・入浴・機能訓練・見守りなどを受けるサービスです。,http://www.t-fukushi-service.co.jp,山形県山形市早乙女46番1,023-615-1390,厚生労働省オープンデータ,https://www.mhlw.go.jp/content/12300000/jigyosho_150.csv,2025-12末,https://www.google.com/search?q=%E3%82%A6%E3%82%A7%E3%83%AB%E3%83%8F%E3%82%A6%E3%82%B9%E5%A4%A7%E9%87%8E%E7%9B%AE%20%E5%B1%B1%E5%BD%A2%E5%B8%82
宅老所いんやく,デイサービス,山形県,山形市,"介護,デイサービス",日中に通って食事・入浴・機能訓練・見守りなどを受けるサービスです。,http://www.t-fukushi-service.co.jp,山形市印役町二丁目5番5号,023-615-4277,厚生労働省オープンデータ,https://www.mhlw.go.jp/content/12300000/jigyosho_150.csv,2025-12末,https://www.google.com/search?q=%E5%AE%85%E8%80%81%E6%89%80%E3%81%84%E3%82%93%E3%82%84%E3%81%8F%20%E5%B1%B1%E5%BD%A2%E5%B8%82
宅老所飯田,デイサービス,山形県,山形市,"介護,デイサービス",日中に通って食事・入浴・機能訓練・見守りなどを受けるサービスです。,http://www.t-fukushi-service.co.jp,山形市飯田西4-5-30,023-674-0211,厚生労働省オープンデータ,https://www.mhlw.go.jp/content/12300000/jigyosho_150.csv,2025-12末,https://www.google.com/search?q=%E5%AE%85%E8%80%81%E6%89%80%E9%A3%AF%E7%94%B0%20%E5%B1%B1%E5%BD%A2%E5%B8%82
ウェルハウス嶋,デイサービス,山形県,山形市,"介護,デイサービス",日中に通って食事・入浴・機能訓練・見守りなどを受けるサービスです。,http://www.t-fukushi-service.co.jp,山形県山形市嶋南一丁目2番14号,023-682-1056,厚生労働省オープンデータ,https://www.mhlw.go.jp/content/12300000/jigyosho_150.csv,2025-12末,https://www.google.com/search?q=%E3%82%A6%E3%82%A7%E3%83%AB%E3%83%8F%E3%82%A6%E3%82%B9%E5%B6%8B%20%E5%B1%B1%E5%BD%A2%E5%B8%82
宅老所嶋,デイサービス,山形県,山形市,"介護,デイサービス",日中に通って食事・入浴・機能訓練・見守りなどを受けるサービスです。,http://www.t‐fukushi‐service.co.jp,山形県山形市嶋南一丁目10番13号,023-682-1176,厚生労働省オープンデータ,https://www.mhlw.go.jp/content/12300000/jigyosho_150.csv,2025-12末,https://www.google.com/search?q=%E5%AE%85%E8%80%81%E6%89%80%E5%B6%8B%20%E5%B1%B1%E5%BD%A2%E5%B8%82
あかねヶ丘ケアセンター,デイサービス,山形県,山形市,"介護,デイサービス",日中に通って食事・入浴・機能訓練・見守りなどを受けるサービスです。,http://rakusei-kai.or.jp/service/day/akane-day,山形県山形市あかねヶ丘3丁目15-8,023-647-6630,厚生労働省オープンデータ,https://www.mhlw.go.jp/content/12300000/jigyosho_150.csv,2025-12末,https://www.google.com/search?q=%E3%81%82%E3%81%8B%E3%81%AD%E3%83%B6%E4%B8%98%E3%82%B1%E3%82%A2%E3%82%BB%E3%83%B3%E3%82%BF%E3%83%BC%20%E5%B1%B1%E5%BD%A2%E5%B8%82
ほっとin福寿草,デイサービス,山形県,山形市,"介護,デイサービス",日中に通って食事・入浴・機能訓練・見守りなどを受けるサービスです。,www.fukujukai.ｊｐ,山形市飯田５丁目1-53,023-631-1122,厚生労働省オープンデータ,https://www.mhlw.go.jp/content/12300000/jigyosho_150.csv,2025-12末,https://www.google.com/search?q=%E3%81%BB%E3%81%A3%E3%81%A8in%E7%A6%8F%E5%AF%BF%E8%8D%89%20%E5%B1%B1%E5%BD%A2%E5%B8%82
ニチイケアセンター山形五十鈴,デイサービス,山形県,山形市,"介護,デイサービス",日中に通って食事・入浴・機能訓練・見守りなどを受けるサービスです。,http://www.nichiigakkan.co.jp,山形県山形市五十鈴２丁目２-６８,023-626-4520,厚生労働省オープンデータ,https://www.mhlw.go.jp/content/12300000/jigyosho_150.csv,2025-12末,https://www.google.com/search?q=%E3%83%8B%E3%83%81%E3%82%A4%E3%82%B1%E3%82%A2%E3%82%BB%E3%83%B3%E3%82%BF%E3%83%BC%E5%B1%B1%E5%BD%A2%E4%BA%94%E5%8D%81%E9%88%B4%20%E5%B1%B1%E5%BD%A2%E5%B8%82
ニチイケアセンター山形,デイサービス,山形県,山形市,"介護,デイサービス",日中に通って食事・入浴・機能訓練・見守りなどを受けるサービスです。,http://www/nichiigakkan.co.jp,山形市上町三丁目12-6,023-647-1951,厚生労働省オープンデータ,https://www.mhlw.go.jp/content/12300000/jigyosho_150.csv,2025-12末,https://www.google.com/search?q=%E3%83%8B%E3%83%81%E3%82%A4%E3%82%B1%E3%82%A2%E3%82%BB%E3%83%B3%E3%82%BF%E3%83%BC%E5%B1%B1%E5%BD%A2%20%E5%B1%B1%E5%BD%A2%E5%B8%82
ニチイケアセンター山形中央,デイサービス,山形県,山形市,"介護,デイサービス",日中に通って食事・入浴・機能訓練・見守りなどを受けるサービスです。,http://www.nichiigakkan.co.jp,山形市城西町四丁目18番30号,023-647-7366,厚生労働省オープンデータ,https://www.mhlw.go.jp/content/12300000/jigyosho_150.csv,2025-12末,https://www.google.com/search?q=%E3%83%8B%E3%83%81%E3%82%A4%E3%82%B1%E3%82%A2%E3%82%BB%E3%83%B3%E3%82%BF%E3%83%BC%E5%B1%B1%E5%BD%A2%E4%B8%AD%E5%A4%AE%20%E5%B1%B1%E5%BD%A2%E5%B8%82
ＳＯＭＰＯケア　山形あかねヶ丘　デイサービス,デイサービス,山形県,山形市,"介護,デイサービス",日中に通って食事・入浴・機能訓練・見守りなどを受けるサービスです。,http://www.sompocare.com,山形県山形市あかねヶ丘一丁目2番33号結城貸店舗　1Ｆ,023-647-6531,厚生労働省オープンデータ,https://www.mhlw.go.jp/content/12300000/jigyosho_150.csv,2025-12末,https://www.google.com/search?q=%EF%BC%B3%EF%BC%AF%EF%BC%AD%EF%BC%B0%EF%BC%AF%E3%82%B1%E3%82%A2%E3%80%80%E5%B1%B1%E5%BD%A2%E3%81%82%E3%81%8B%E3%81%AD%E3%83%B6%E4%B8%98%E3%80%80%E3%83%87%E3%82%A4%E3%82%B5%E3%83%BC%E3%83%93%E3%82%B9%20%E5%B1%B1%E5%BD%A2%E5%B8%82
デイサービス「ぬくもりの里」,デイサービス,山形県,山形市,"介護,デイサービス",日中に通って食事・入浴・機能訓練・見守りなどを受けるサービスです。,https://www.google.com/search?q=%E3%83%87%E3%82%A4%E3%82%B5%E3%83%BC%E3%83%93%E3%82%B9%E3%80%8C%E3%81%AC%E3%81%8F%E3%82%82%E3%82%8A%E3%81%AE%E9%87%8C%E3%80%8D%20%E5%B1%B1%E5%BD%A2%E5%B8%82,山形市上柳28番地,023-679-4792,厚生労働省オープンデータ,https://www.mhlw.go.jp/content/12300000/jigyosho_150.csv,2025-12末,https://www.google.com/search?q=%E3%83%87%E3%82%A4%E3%82%B5%E3%83%BC%E3%83%93%E3%82%B9%E3%80%8C%E3%81%AC%E3%81%8F%E3%82%82%E3%82%8A%E3%81%AE%E9%87%8C%E3%80%8D%20%E5%B1%B1%E5%BD%A2%E5%B8%82
デイサービスセンター馬見ヶ崎,デイサービス,山形県,山形市,"介護,デイサービス",日中に通って食事・入浴・機能訓練・見守りなどを受けるサービスです。,http://kjg-net.jp,山形県山形市桧町1丁目17-23,023-682-7555,厚生労働省オープンデータ,https://www.mhlw.go.jp/content/12300000/jigyosho_150.csv,2025-12末,https://www.google.com/search?q=%E3%83%87%E3%82%A4%E3%82%B5%E3%83%BC%E3%83%93%E3%82%B9%E3%82%BB%E3%83%B3%E3%82%BF%E3%83%BC%E9%A6%AC%E8%A6%8B%E3%83%B6%E5%B4%8E%20%E5%B1%B1%E5%BD%A2%E5%B8%82
デイサービス虹,デイサービス,山形県,山形市,"介護,デイサービス",日中に通って食事・入浴・機能訓練・見守りなどを受けるサービスです。,http://y-mcoop.com/,山形県山形市北町三丁目1-37協同の家虹,023-674-0362,厚生労働省オープンデータ,https://www.mhlw.go.jp/content/12300000/jigyosho_150.csv,2025-12末,https://www.google.com/search?q=%E3%83%87%E3%82%A4%E3%82%B5%E3%83%BC%E3%83%93%E3%82%B9%E8%99%B9%20%E5%B1%B1%E5%BD%A2%E5%B8%82
介護予防センターさくら山形,デイサービス,山形県,山形市,"介護,デイサービス",日中に通って食事・入浴・機能訓練・見守りなどを受けるサービスです。,http://www.sakura-welfare.jp/,山形市嶋北三丁目14-24,023-674-6303,厚生労働省オープンデータ,https://www.mhlw.go.jp/content/12300000/jigyosho_150.csv,2025-12末,https://www.google.com/search?q=%E4%BB%8B%E8%AD%B7%E4%BA%88%E9%98%B2%E3%82%BB%E3%83%B3%E3%82%BF%E3%83%BC%E3%81%95%E3%81%8F%E3%82%89%E5%B1%B1%E5%BD%A2%20%E5%B1%B1%E5%BD%A2%E5%B8%82
介護福祉施設　燦燦,デイサービス,山形県,山形市,"介護,デイサービス",日中に通って食事・入浴・機能訓練・見守りなどを受けるサービスです。,http://san-san.jp,山形県山形市大字十文字字大原848番1,023-686-9885,厚生労働省オープンデータ,https://www.mhlw.go.jp/content/12300000/jigyosho_150.csv,2025-12末,https://www.google.com/search?q=%E4%BB%8B%E8%AD%B7%E7%A6%8F%E7%A5%89%E6%96%BD%E8%A8%AD%E3%80%80%E7%87%A6%E7%87%A6%20%E5%B1%B1%E5%BD%A2%E5%B8%82
デイサービスセンター友結,デイサービス,山形県,山形市,"介護,デイサービス",日中に通って食事・入浴・機能訓練・見守りなどを受けるサービスです。,http:/www.ryokuaikai.com/,山形県山形市桜田西1丁目13番9号,023-615-2201,厚生労働省オープンデータ,https://www.mhlw.go.jp/content/12300000/jigyosho_150.csv,2025-12末,https://www.google.com/search?q=%E3%83%87%E3%82%A4%E3%82%B5%E3%83%BC%E3%83%93%E3%82%B9%E3%82%BB%E3%83%B3%E3%82%BF%E3%83%BC%E5%8F%8B%E7%B5%90%20%E5%B1%B1%E5%BD%A2%E5%B8%82
ＪＡやまがた福祉センター青田,デイサービス,山形県,山形市,"介護,デイサービス",日中に通って食事・入浴・機能訓練・見守りなどを受けるサービスです。,http://www.jayamagata.or.jp,山形市青田一丁目４番２１号,023-616-8002,厚生労働省オープンデータ,https://www.mhlw.go.jp/content/12300000/jigyosho_150.csv,2025-12末,https://www.google.com/search?q=%EF%BC%AA%EF%BC%A1%E3%82%84%E3%81%BE%E3%81%8C%E3%81%9F%E7%A6%8F%E7%A5%89%E3%82%BB%E3%83%B3%E3%82%BF%E3%83%BC%E9%9D%92%E7%94%B0%20%E5%B1%B1%E5%BD%A2%E5%B8%82
シャイン下条,デイサービス,山形県,山形市,"介護,デイサービス",日中に通って食事・入浴・機能訓練・見守りなどを受けるサービスです。,kirakira-life.care,山形県山形市下条町三丁目13番14号シャイン下条,023-673-0807,厚生労働省オープンデータ,https://www.mhlw.go.jp/content/12300000/jigyosho_150.csv,2025-12末,https://www.google.com/search?q=%E3%82%B7%E3%83%A3%E3%82%A4%E3%83%B3%E4%B8%8B%E6%9D%A1%20%E5%B1%B1%E5%BD%A2%E5%B8%82
デイサービスセンター　夢のみずうみ村　すまいる,デイサービス,山形県,米沢市,"介護,デイサービス",日中に通って食事・入浴・機能訓練・見守りなどを受けるサービスです。,http://care-net.biz/06/yasuragi/,山形県米沢市成島町３丁目２番９１号,０２３８－４０－８５１２,厚生労働省オープンデータ,https://www.mhlw.go.jp/content/12300000/jigyosho_150.csv,2025-12末,https://www.google.com/search?q=%E3%83%87%E3%82%A4%E3%82%B5%E3%83%BC%E3%83%93%E3%82%B9%E3%82%BB%E3%83%B3%E3%82%BF%E3%83%BC%E3%80%80%E5%A4%A2%E3%81%AE%E3%81%BF%E3%81%9A%E3%81%86%E3%81%BF%E6%9D%91%E3%80%80%E3%81%99%E3%81%BE%E3%81%84%E3%82%8B%20%E7%B1%B3%E6%B2%A2%E5%B8%82
おいたまの郷指定通所介護事業所,デイサービス,山形県,米沢市,"介護,デイサービス",日中に通って食事・入浴・機能訓練・見守りなどを受けるサービスです。,http://oitamanosato.jp,米沢市下新田２８番地,0238-37-7788,厚生労働省オープンデータ,https://www.mhlw.go.jp/content/12300000/jigyosho_150.csv,2025-12末,https://www.google.com/search?q=%E3%81%8A%E3%81%84%E3%81%9F%E3%81%BE%E3%81%AE%E9%83%B7%E6%8C%87%E5%AE%9A%E9%80%9A%E6%89%80%E4%BB%8B%E8%AD%B7%E4%BA%8B%E6%A5%AD%E6%89%80%20%E7%B1%B3%E6%B2%A2%E5%B8%82
ツクイ米沢,デイサービス,山形県,米沢市,"介護,デイサービス",日中に通って食事・入浴・機能訓練・見守りなどを受けるサービスです。,http://tsukui-hd.co.jp,山形県米沢市栄町1-4,0238-24-2539,厚生労働省オープンデータ,https://www.mhlw.go.jp/content/12300000/jigyosho_150.csv,2025-12末,https://www.google.com/search?q=%E3%83%84%E3%82%AF%E3%82%A4%E7%B1%B3%E6%B2%A2%20%E7%B1%B3%E6%B2%A2%E5%B8%82
万世園デイサービスセンター,デイサービス,山形県,米沢市,"介護,デイサービス",日中に通って食事・入浴・機能訓練・見守りなどを受けるサービスです。,https://www.google.com/search?q=%E4%B8%87%E4%B8%96%E5%9C%92%E3%83%87%E3%82%A4%E3%82%B5%E3%83%BC%E3%83%93%E3%82%B9%E3%82%BB%E3%83%B3%E3%82%BF%E3%83%BC%20%E7%B1%B3%E6%B2%A2%E5%B8%82,山形県米沢市万世町牛森4172-5,0238-28-1480,厚生労働省オープンデータ,https://www.mhlw.go.jp/content/12300000/jigyosho_150.csv,2025-12末,https://www.google.com/search?q=%E4%B8%87%E4%B8%96%E5%9C%92%E3%83%87%E3%82%A4%E3%82%B5%E3%83%BC%E3%83%93%E3%82%B9%E3%82%BB%E3%83%B3%E3%82%BF%E3%83%BC%20%E7%B1%B3%E6%B2%A2%E5%B8%82
ディサービスセンター結いのき,デイサービス,山形県,米沢市,"介護,デイサービス",日中に通って食事・入浴・機能訓練・見守りなどを受けるサービスです。,https://yuinoki.or.jp,山形県米沢市花沢町2686-4,0238-27-1228,厚生労働省オープンデータ,https://www.mhlw.go.jp/content/12300000/jigyosho_150.csv,2025-12末,https://www.google.com/search?q=%E3%83%87%E3%82%A3%E3%82%B5%E3%83%BC%E3%83%93%E3%82%B9%E3%82%BB%E3%83%B3%E3%82%BF%E3%83%BC%E7%B5%90%E3%81%84%E3%81%AE%E3%81%8D%20%E7%B1%B3%E6%B2%A2%E5%B8%82
デイサービスセンター東陽館,デイサービス,山形県,米沢市,"介護,デイサービス",日中に通って食事・入浴・機能訓練・見守りなどを受けるサービスです。,http://care-net.biz/06/touyoukan/,山形県米沢市城北1丁目2-5地域ケアセンター東陽館,0238-27-8187,厚生労働省オープンデータ,https://www.mhlw.go.jp/content/12300000/jigyosho_150.csv,2025-12末,https://www.google.com/search?q=%E3%83%87%E3%82%A4%E3%82%B5%E3%83%BC%E3%83%93%E3%82%B9%E3%82%BB%E3%83%B3%E3%82%BF%E3%83%BC%E6%9D%B1%E9%99%BD%E9%A4%A8%20%E7%B1%B3%E6%B2%A2%E5%B8%82
いちごのこころ,デイサービス,山形県,米沢市,"介護,デイサービス",日中に通って食事・入浴・機能訓練・見守りなどを受けるサービスです。,https://nagomi-calm.com,山形県米沢市泉町２丁目１番６号,0238-38-7030,厚生労働省オープンデータ,https://www.mhlw.go.jp/content/12300000/jigyosho_150.csv,2025-12末,https://www.google.com/search?q=%E3%81%84%E3%81%A1%E3%81%94%E3%81%AE%E3%81%93%E3%81%93%E3%82%8D%20%E7%B1%B3%E6%B2%A2%E5%B8%82
レッツ倶楽部米沢徳町,デイサービス,山形県,米沢市,"介護,デイサービス",日中に通って食事・入浴・機能訓練・見守りなどを受けるサービスです。,sakizaki-anshin.com,山形県米沢市徳町225-1,0238-40-8851,厚生労働省オープンデータ,https://www.mhlw.go.jp/content/12300000/jigyosho_150.csv,2025-12末,https://www.google.com/search?q=%E3%83%AC%E3%83%83%E3%83%84%E5%80%B6%E6%A5%BD%E9%83%A8%E7%B1%B3%E6%B2%A2%E5%BE%B3%E7%94%BA%20%E7%B1%B3%E6%B2%A2%E5%B8%82
笑楽び塾,デイサービス,山形県,米沢市,"介護,デイサービス",日中に通って食事・入浴・機能訓練・見守りなどを受けるサービスです。,https://nagomi-calm.com,山形県米沢市東大通一丁目２番３４号２,0238-37-1730,厚生労働省オープンデータ,https://www.mhlw.go.jp/content/12300000/jigyosho_150.csv,2025-12末,https://www.google.com/search?q=%E7%AC%91%E6%A5%BD%E3%81%B3%E5%A1%BE%20%E7%B1%B3%E6%B2%A2%E5%B8%82
JA山形おきたまデイサービスセンター愛遊,デイサービス,山形県,米沢市,"介護,デイサービス",日中に通って食事・入浴・機能訓練・見守りなどを受けるサービスです。,https://www.okitama-yt-ja.or.jp/,山形県米沢市広幡町上小菅638-4,0238-36-0336,厚生労働省オープンデータ,https://www.mhlw.go.jp/content/12300000/jigyosho_150.csv,2025-12末,https://www.google.com/search?q=JA%E5%B1%B1%E5%BD%A2%E3%81%8A%E3%81%8D%E3%81%9F%E3%81%BE%E3%83%87%E3%82%A4%E3%82%B5%E3%83%BC%E3%83%93%E3%82%B9%E3%82%BB%E3%83%B3%E3%82%BF%E3%83%BC%E6%84%9B%E9%81%8A%20%E7%B1%B3%E6%B2%A2%E5%B8%82
成島園デイサービスセンター,デイサービス,山形県,米沢市,"介護,デイサービス",日中に通って食事・入浴・機能訓練・見守りなどを受けるサービスです。,http://narusimaen.org/,山形県米沢市広幡町成島字窪平山2120番地5,0238-37-4048,厚生労働省オープンデータ,https://www.mhlw.go.jp/content/12300000/jigyosho_150.csv,2025-12末,https://www.google.com/search?q=%E6%88%90%E5%B3%B6%E5%9C%92%E3%83%87%E3%82%A4%E3%82%B5%E3%83%BC%E3%83%93%E3%82%B9%E3%82%BB%E3%83%B3%E3%82%BF%E3%83%BC%20%E7%B1%B3%E6%B2%A2%E5%B8%82
ニチイケアセンター米沢,デイサービス,山形県,米沢市,"介護,デイサービス",日中に通って食事・入浴・機能訓練・見守りなどを受けるサービスです。,http://www.nichiigakkan.co.jp,米沢市金池５丁目１３－２１,0238-26-5222,厚生労働省オープンデータ,https://www.mhlw.go.jp/content/12300000/jigyosho_150.csv,2025-12末,https://www.google.com/search?q=%E3%83%8B%E3%83%81%E3%82%A4%E3%82%B1%E3%82%A2%E3%82%BB%E3%83%B3%E3%82%BF%E3%83%BC%E7%B1%B3%E6%B2%A2%20%E7%B1%B3%E6%B2%A2%E5%B8%82
ニチイケアセンター西米沢,デイサービス,山形県,米沢市,"介護,デイサービス",日中に通って食事・入浴・機能訓練・見守りなどを受けるサービスです。,http://www.nichiigakkan.jp,山形県米沢市成島町2丁目1-110-16,0238-37-0725,厚生労働省オープンデータ,https://www.mhlw.go.jp/content/12300000/jigyosho_150.csv,2025-12末,https://www.google.com/search?q=%E3%83%8B%E3%83%81%E3%82%A4%E3%82%B1%E3%82%A2%E3%82%BB%E3%83%B3%E3%82%BF%E3%83%BC%E8%A5%BF%E7%B1%B3%E6%B2%A2%20%E7%B1%B3%E6%B2%A2%E5%B8%82
デイサービスひいらぎ,デイサービス,山形県,米沢市,"介護,デイサービス",日中に通って食事・入浴・機能訓練・見守りなどを受けるサービスです。,https://www.google.com/search?q=%E3%83%87%E3%82%A4%E3%82%B5%E3%83%BC%E3%83%93%E3%82%B9%E3%81%B2%E3%81%84%E3%82%89%E3%81%8E%20%E7%B1%B3%E6%B2%A2%E5%B8%82,山形県米沢市徳町210-1,0238-22-7525,厚生労働省オープンデータ,https://www.mhlw.go.jp/content/12300000/jigyosho_150.csv,2025-12末,https://www.google.com/search?q=%E3%83%87%E3%82%A4%E3%82%B5%E3%83%BC%E3%83%93%E3%82%B9%E3%81%B2%E3%81%84%E3%82%89%E3%81%8E%20%E7%B1%B3%E6%B2%A2%E5%B8%82
スマート倶楽部,デイサービス,山形県,米沢市,"介護,デイサービス",日中に通って食事・入浴・機能訓練・見守りなどを受けるサービスです。,http://www.smartlife-jpn.co.jp/smartclub/,山形県米沢市駅前1丁目1番110号,0238-40-0630,厚生労働省オープンデータ,https://www.mhlw.go.jp/content/12300000/jigyosho_150.csv,2025-12末,https://www.google.com/search?q=%E3%82%B9%E3%83%9E%E3%83%BC%E3%83%88%E5%80%B6%E6%A5%BD%E9%83%A8%20%E7%B1%B3%E6%B2%A2%E5%B8%82
デイサービスセンター　楓の家,デイサービス,山形県,米沢市,"介護,デイサービス",日中に通って食事・入浴・機能訓練・見守りなどを受けるサービスです。,http://www.ryokuaikai.com/,山形県米沢市金池6丁目8番26号,0238-21-7222,厚生労働省オープンデータ,https://www.mhlw.go.jp/content/12300000/jigyosho_150.csv,2025-12末,https://www.google.com/search?q=%E3%83%87%E3%82%A4%E3%82%B5%E3%83%BC%E3%83%93%E3%82%B9%E3%82%BB%E3%83%B3%E3%82%BF%E3%83%BC%E3%80%80%E6%A5%93%E3%81%AE%E5%AE%B6%20%E7%B1%B3%E6%B2%A2%E5%B8%82
回春堂デイサービスセンター,デイサービス,山形県,米沢市,"介護,デイサービス",日中に通って食事・入浴・機能訓練・見守りなどを受けるサービスです。,http://kaisyundo.jp/,米沢市駅前2丁目5番7号,0238-21-2122,厚生労働省オープンデータ,https://www.mhlw.go.jp/content/12300000/jigyosho_150.csv,2025-12末,https://www.google.com/search?q=%E5%9B%9E%E6%98%A5%E5%A0%82%E3%83%87%E3%82%A4%E3%82%B5%E3%83%BC%E3%83%93%E3%82%B9%E3%82%BB%E3%83%B3%E3%82%BF%E3%83%BC%20%E7%B1%B3%E6%B2%A2%E5%B8%82
デイサービス回春堂花沢,デイサービス,山形県,米沢市,"介護,デイサービス",日中に通って食事・入浴・機能訓練・見守りなどを受けるサービスです。,https://kaisyundo.jp/,米沢市大字花沢2986番地の1,0238-26-8851,厚生労働省オープンデータ,https://www.mhlw.go.jp/content/12300000/jigyosho_150.csv,2025-12末,https://www.google.com/search?q=%E3%83%87%E3%82%A4%E3%82%B5%E3%83%BC%E3%83%93%E3%82%B9%E5%9B%9E%E6%98%A5%E5%A0%82%E8%8A%B1%E6%B2%A2%20%E7%B1%B3%E6%B2%A2%E5%B8%82
デイサービスセンターサンファミリア米沢,デイサービス,山形県,米沢市,"介護,デイサービス",日中に通って食事・入浴・機能訓練・見守りなどを受けるサービスです。,http://y-kowakaijp/sannfamiria-kaigo,山形県米沢市塩井町塩野５２０番地,0238-26-8258,厚生労働省オープンデータ,https://www.mhlw.go.jp/content/12300000/jigyosho_150.csv,2025-12末,https://www.google.com/search?q=%E3%83%87%E3%82%A4%E3%82%B5%E3%83%BC%E3%83%93%E3%82%B9%E3%82%BB%E3%83%B3%E3%82%BF%E3%83%BC%E3%82%B5%E3%83%B3%E3%83%95%E3%82%A1%E3%83%9F%E3%83%AA%E3%82%A2%E7%B1%B3%E6%B2%A2%20%E7%B1%B3%E6%B2%A2%E5%B8%82
デイサービスセンター「さんデイケア」,デイサービス,山形県,米沢市,"介護,デイサービス",日中に通って食事・入浴・機能訓練・見守りなどを受けるサービスです。,http://kouwakai.jp/,米沢市大字簗沢３４６３,0238-32-2030,厚生労働省オープンデータ,https://www.mhlw.go.jp/content/12300000/jigyosho_150.csv,2025-12末,https://www.google.com/search?q=%E3%83%87%E3%82%A4%E3%82%B5%E3%83%BC%E3%83%93%E3%82%B9%E3%82%BB%E3%83%B3%E3%82%BF%E3%83%BC%E3%80%8C%E3%81%95%E3%82%93%E3%83%87%E3%82%A4%E3%82%B1%E3%82%A2%E3%80%8D%20%E7%B1%B3%E6%B2%A2%E5%B8%82
ラベンダーの丘　れんげ草,デイサービス,山形県,米沢市,"介護,デイサービス",日中に通って食事・入浴・機能訓練・見守りなどを受けるサービスです。,https://www.google.com/search?q=%E3%83%A9%E3%83%99%E3%83%B3%E3%83%80%E3%83%BC%E3%81%AE%E4%B8%98%E3%80%80%E3%82%8C%E3%82%93%E3%81%92%E8%8D%89%20%E7%B1%B3%E6%B2%A2%E5%B8%82,山形県米沢市直江石堤２８－２,0238-38-4032,厚生労働省オープンデータ,https://www.mhlw.go.jp/content/12300000/jigyosho_150.csv,2025-12末,https://www.google.com/search?q=%E3%83%A9%E3%83%99%E3%83%B3%E3%83%80%E3%83%BC%E3%81%AE%E4%B8%98%E3%80%80%E3%82%8C%E3%82%93%E3%81%92%E8%8D%89%20%E7%B1%B3%E6%B2%A2%E5%B8%82
瑞穂の郷　デイサービスセンター本館,デイサービス,山形県,鶴岡市,"介護,デイサービス",日中に通って食事・入浴・機能訓練・見守りなどを受けるサービスです。,http://www.hcp-net.co.jp,鶴岡市羽黒町細谷字北田１２８－１,0235-29-1025,厚生労働省オープンデータ,https://www.mhlw.go.jp/content/12300000/jigyosho_150.csv,2025-12末,https://www.google.com/search?q=%E7%91%9E%E7%A9%82%E3%81%AE%E9%83%B7%E3%80%80%E3%83%87%E3%82%A4%E3%82%B5%E3%83%BC%E3%83%93%E3%82%B9%E3%82%BB%E3%83%B3%E3%82%BF%E3%83%BC%E6%9C%AC%E9%A4%A8%20%E9%B6%B4%E5%B2%A1%E5%B8%82
デイサービスセンター　みどり,デイサービス,山形県,鶴岡市,"介護,デイサービス",日中に通って食事・入浴・機能訓練・見守りなどを受けるサービスです。,http://yamagata.koureikyou.or.jp,山形県鶴岡市大西町3番35号,0235-26-8812,厚生労働省オープンデータ,https://www.mhlw.go.jp/content/12300000/jigyosho_150.csv,2025-12末,https://www.google.com/search?q=%E3%83%87%E3%82%A4%E3%82%B5%E3%83%BC%E3%83%93%E3%82%B9%E3%82%BB%E3%83%B3%E3%82%BF%E3%83%BC%E3%80%80%E3%81%BF%E3%81%A9%E3%82%8A%20%E9%B6%B4%E5%B2%A1%E5%B8%82
オープンハウス　奏,デイサービス,山形県,鶴岡市,"介護,デイサービス",日中に通って食事・入浴・機能訓練・見守りなどを受けるサービスです。,http://www.toyomi-rd.jp/,山形県鶴岡市藤沢字石渡15-13,0235-33-8571,厚生労働省オープンデータ,https://www.mhlw.go.jp/content/12300000/jigyosho_150.csv,2025-12末,https://www.google.com/search?q=%E3%82%AA%E3%83%BC%E3%83%97%E3%83%B3%E3%83%8F%E3%82%A6%E3%82%B9%E3%80%80%E5%A5%8F%20%E9%B6%B4%E5%B2%A1%E5%B8%82
デイサービスきらり,デイサービス,山形県,鶴岡市,"介護,デイサービス",日中に通って食事・入浴・機能訓練・見守りなどを受けるサービスです。,http://shonai-niji.jp/,山形県鶴岡市日枝字海老島３６番４号,0235-24-5628,厚生労働省オープンデータ,https://www.mhlw.go.jp/content/12300000/jigyosho_150.csv,2025-12末,https://www.google.com/search?q=%E3%83%87%E3%82%A4%E3%82%B5%E3%83%BC%E3%83%93%E3%82%B9%E3%81%8D%E3%82%89%E3%82%8A%20%E9%B6%B4%E5%B2%A1%E5%B8%82
デイサービスセンターキャット藤島,デイサービス,山形県,鶴岡市,"介護,デイサービス",日中に通って食事・入浴・機能訓練・見守りなどを受けるサービスです。,https://catsgp.com/,山形県鶴岡市藤島字笹花48-12,0235-64-6042,厚生労働省オープンデータ,https://www.mhlw.go.jp/content/12300000/jigyosho_150.csv,2025-12末,https://www.google.com/search?q=%E3%83%87%E3%82%A4%E3%82%B5%E3%83%BC%E3%83%93%E3%82%B9%E3%82%BB%E3%83%B3%E3%82%BF%E3%83%BC%E3%82%AD%E3%83%A3%E3%83%83%E3%83%88%E8%97%A4%E5%B3%B6%20%E9%B6%B4%E5%B2%A1%E5%B8%82
デイサービス　えがお・デ・あいと,デイサービス,山形県,鶴岡市,"介護,デイサービス",日中に通って食事・入浴・機能訓練・見守りなどを受けるサービスです。,http://www.ja-shonai.or.jp/,山形県鶴岡市長沼字宮前23番1,0235-33-8165,厚生労働省オープンデータ,https://www.mhlw.go.jp/content/12300000/jigyosho_150.csv,2025-12末,https://www.google.com/search?q=%E3%83%87%E3%82%A4%E3%82%B5%E3%83%BC%E3%83%93%E3%82%B9%E3%80%80%E3%81%88%E3%81%8C%E3%81%8A%E3%83%BB%E3%83%87%E3%83%BB%E3%81%82%E3%81%84%E3%81%A8%20%E9%B6%B4%E5%B2%A1%E5%B8%82
デイサービス　はなの里,デイサービス,山形県,鶴岡市,"介護,デイサービス",日中に通って食事・入浴・機能訓練・見守りなどを受けるサービスです。,http://hananosato.biz,山形県鶴岡市田川字八幡212,０２３５－６４－０４７１,厚生労働省オープンデータ,https://www.mhlw.go.jp/content/12300000/jigyosho_150.csv,2025-12末,https://www.google.com/search?q=%E3%83%87%E3%82%A4%E3%82%B5%E3%83%BC%E3%83%93%E3%82%B9%E3%80%80%E3%81%AF%E3%81%AA%E3%81%AE%E9%87%8C%20%E9%B6%B4%E5%B2%A1%E5%B8%82
古民家かふぇ　はなだま,デイサービス,山形県,鶴岡市,"介護,デイサービス",日中に通って食事・入浴・機能訓練・見守りなどを受けるサービスです。,https://www.google.com/search?q=%E5%8F%A4%E6%B0%91%E5%AE%B6%E3%81%8B%E3%81%B5%E3%81%87%E3%80%80%E3%81%AF%E3%81%AA%E3%81%A0%E3%81%BE%20%E9%B6%B4%E5%B2%A1%E5%B8%82,山形県鶴岡市民田字十二前１９６,0235-64-8244,厚生労働省オープンデータ,https://www.mhlw.go.jp/content/12300000/jigyosho_150.csv,2025-12末,https://www.google.com/search?q=%E5%8F%A4%E6%B0%91%E5%AE%B6%E3%81%8B%E3%81%B5%E3%81%87%E3%80%80%E3%81%AF%E3%81%AA%E3%81%A0%E3%81%BE%20%E9%B6%B4%E5%B2%A1%E5%B8%82
リラクゼーション型デイサービスふらっと,デイサービス,山形県,鶴岡市,"介護,デイサービス",日中に通って食事・入浴・機能訓練・見守りなどを受けるサービスです。,http://flat-yamagata.jp/index.html,山形県鶴岡市日和田町１９番地１,0235-29-2303,厚生労働省オープンデータ,https://www.mhlw.go.jp/content/12300000/jigyosho_150.csv,2025-12末,https://www.google.com/search?q=%E3%83%AA%E3%83%A9%E3%82%AF%E3%82%BC%E3%83%BC%E3%82%B7%E3%83%A7%E3%83%B3%E5%9E%8B%E3%83%87%E3%82%A4%E3%82%B5%E3%83%BC%E3%83%93%E3%82%B9%E3%81%B5%E3%82%89%E3%81%A3%E3%81%A8%20%E9%B6%B4%E5%B2%A1%E5%B8%82
デイサービスみんなの家,デイサービス,山形県,鶴岡市,"介護,デイサービス",日中に通って食事・入浴・機能訓練・見守りなどを受けるサービスです。,https://www.google.com/search?q=%E3%83%87%E3%82%A4%E3%82%B5%E3%83%BC%E3%83%93%E3%82%B9%E3%81%BF%E3%82%93%E3%81%AA%E3%81%AE%E5%AE%B6%20%E9%B6%B4%E5%B2%A1%E5%B8%82,山形県鶴岡市齋藤川原字林俣234-28有料老人ホームみんなの家,0235-26-8910,厚生労働省オープンデータ,https://www.mhlw.go.jp/content/12300000/jigyosho_150.csv,2025-12末,https://www.google.com/search?q=%E3%83%87%E3%82%A4%E3%82%B5%E3%83%BC%E3%83%93%E3%82%B9%E3%81%BF%E3%82%93%E3%81%AA%E3%81%AE%E5%AE%B6%20%E9%B6%B4%E5%B2%A1%E5%B8%82
デイサービス　ぽぽろ,デイサービス,山形県,鶴岡市,"介護,デイサービス",日中に通って食事・入浴・機能訓練・見守りなどを受けるサービスです。,https://www.google.com/search?q=%E3%83%87%E3%82%A4%E3%82%B5%E3%83%BC%E3%83%93%E3%82%B9%E3%80%80%E3%81%BD%E3%81%BD%E3%82%8D%20%E9%B6%B4%E5%B2%A1%E5%B8%82,山形県鶴岡市大東町３番１７号,0235-64-8978,厚生労働省オープンデータ,https://www.mhlw.go.jp/content/12300000/jigyosho_150.csv,2025-12末,https://www.google.com/search?q=%E3%83%87%E3%82%A4%E3%82%B5%E3%83%BC%E3%83%93%E3%82%B9%E3%80%80%E3%81%BD%E3%81%BD%E3%82%8D%20%E9%B6%B4%E5%B2%A1%E5%B8%82
指定通所介護事業所「デイサービスセンターであい」,デイサービス,山形県,鶴岡市,"介護,デイサービス",日中に通って食事・入浴・機能訓練・見守りなどを受けるサービスです。,httb://care-net.biz/o6/bunanoki/,山形県鶴岡市熊出字東村１５７－２,0235-53-2850,厚生労働省オープンデータ,https://www.mhlw.go.jp/content/12300000/jigyosho_150.csv,2025-12末,https://www.google.com/search?q=%E6%8C%87%E5%AE%9A%E9%80%9A%E6%89%80%E4%BB%8B%E8%AD%B7%E4%BA%8B%E6%A5%AD%E6%89%80%E3%80%8C%E3%83%87%E3%82%A4%E3%82%B5%E3%83%BC%E3%83%93%E3%82%B9%E3%82%BB%E3%83%B3%E3%82%BF%E3%83%BC%E3%81%A7%E3%81%82%E3%81%84%E3%80%8D%20%E9%B6%B4%E5%B2%A1%E5%B8%82
デイサービス　すずらん・ケア,デイサービス,山形県,鶴岡市,"介護,デイサービス",日中に通って食事・入浴・機能訓練・見守りなどを受けるサービスです。,https://www.google.com/search?q=%E3%83%87%E3%82%A4%E3%82%B5%E3%83%BC%E3%83%93%E3%82%B9%E3%80%80%E3%81%99%E3%81%9A%E3%82%89%E3%82%93%E3%83%BB%E3%82%B1%E3%82%A2%20%E9%B6%B4%E5%B2%A1%E5%B8%82,鶴岡市柳田字田中30番地1,0235-24-9370,厚生労働省オープンデータ,https://www.mhlw.go.jp/content/12300000/jigyosho_150.csv,2025-12末,https://www.google.com/search?q=%E3%83%87%E3%82%A4%E3%82%B5%E3%83%BC%E3%83%93%E3%82%B9%E3%80%80%E3%81%99%E3%81%9A%E3%82%89%E3%82%93%E3%83%BB%E3%82%B1%E3%82%A2%20%E9%B6%B4%E5%B2%A1%E5%B8%82
ニチイケアセンター鶴岡,デイサービス,山形県,鶴岡市,"介護,デイサービス",日中に通って食事・入浴・機能訓練・見守りなどを受けるサービスです。,http://www.nichiigakkan.co.jp,山形県鶴岡市若葉町23番38号,0235-29-6889,厚生労働省オープンデータ,https://www.mhlw.go.jp/content/12300000/jigyosho_150.csv,2025-12末,https://www.google.com/search?q=%E3%83%8B%E3%83%81%E3%82%A4%E3%82%B1%E3%82%A2%E3%82%BB%E3%83%B3%E3%82%BF%E3%83%BC%E9%B6%B4%E5%B2%A1%20%E9%B6%B4%E5%B2%A1%E5%B8%82
ニチイケアセンター鶴岡みさき,デイサービス,山形県,鶴岡市,"介護,デイサービス",日中に通って食事・入浴・機能訓練・見守りなどを受けるサービスです。,http://www.nichiigakkan.co.jp,山形県鶴岡市美咲町７－１６,0235-29-0305,厚生労働省オープンデータ,https://www.mhlw.go.jp/content/12300000/jigyosho_150.csv,2025-12末,https://www.google.com/search?q=%E3%83%8B%E3%83%81%E3%82%A4%E3%82%B1%E3%82%A2%E3%82%BB%E3%83%B3%E3%82%BF%E3%83%BC%E9%B6%B4%E5%B2%A1%E3%81%BF%E3%81%95%E3%81%8D%20%E9%B6%B4%E5%B2%A1%E5%B8%82
あかり,デイサービス,山形県,鶴岡市,"介護,デイサービス",日中に通って食事・入浴・機能訓練・見守りなどを受けるサービスです。,http://www.mutumi-kaigo.jp/,山形県鶴岡市小真木原町10－17,0235-29-8203,厚生労働省オープンデータ,https://www.mhlw.go.jp/content/12300000/jigyosho_150.csv,2025-12末,https://www.google.com/search?q=%E3%81%82%E3%81%8B%E3%82%8A%20%E9%B6%B4%E5%B2%A1%E5%B8%82
デイサービスセンター西目,デイサービス,山形県,鶴岡市,"介護,デイサービス",日中に通って食事・入浴・機能訓練・見守りなどを受けるサービスです。,http://www.mutumi-kaigo.jp,山形県鶴岡市西目123－8,0235-35-3880,厚生労働省オープンデータ,https://www.mhlw.go.jp/content/12300000/jigyosho_150.csv,2025-12末,https://www.google.com/search?q=%E3%83%87%E3%82%A4%E3%82%B5%E3%83%BC%E3%83%93%E3%82%B9%E3%82%BB%E3%83%B3%E3%82%BF%E3%83%BC%E8%A5%BF%E7%9B%AE%20%E9%B6%B4%E5%B2%A1%E5%B8%82
デイサービス温寿荘,デイサービス,山形県,鶴岡市,"介護,デイサービス",日中に通って食事・入浴・機能訓練・見守りなどを受けるサービスです。,http://atsumifukusikai.jp,山形県鶴岡市槙代丁５３番地１,0235-43-2173,厚生労働省オープンデータ,https://www.mhlw.go.jp/content/12300000/jigyosho_150.csv,2025-12末,https://www.google.com/search?q=%E3%83%87%E3%82%A4%E3%82%B5%E3%83%BC%E3%83%93%E3%82%B9%E6%B8%A9%E5%AF%BF%E8%8D%98%20%E9%B6%B4%E5%B2%A1%E5%B8%82
デイサービスかみじ荘,デイサービス,山形県,鶴岡市,"介護,デイサービス",日中に通って食事・入浴・機能訓練・見守りなどを受けるサービスです。,https://www.kamiji.or.jp/,山形県鶴岡市羽黒町手向字薬師沢198番地３,0235-62-2007,厚生労働省オープンデータ,https://www.mhlw.go.jp/content/12300000/jigyosho_150.csv,2025-12末,https://www.google.com/search?q=%E3%83%87%E3%82%A4%E3%82%B5%E3%83%BC%E3%83%93%E3%82%B9%E3%81%8B%E3%81%BF%E3%81%98%E8%8D%98%20%E9%B6%B4%E5%B2%A1%E5%B8%82
永寿荘デイサービスセンター,デイサービス,山形県,鶴岡市,"介護,デイサービス",日中に通って食事・入浴・機能訓練・見守りなどを受けるサービスです。,http://www.keisen-swc.jp,山形県鶴岡市茅原町２８番１０号,0235-25-6111,厚生労働省オープンデータ,https://www.mhlw.go.jp/content/12300000/jigyosho_150.csv,2025-12末,https://www.google.com/search?q=%E6%B0%B8%E5%AF%BF%E8%8D%98%E3%83%87%E3%82%A4%E3%82%B5%E3%83%BC%E3%83%93%E3%82%B9%E3%82%BB%E3%83%B3%E3%82%BF%E3%83%BC%20%E9%B6%B4%E5%B2%A1%E5%B8%82
デイサービスセンター　そよ風の森,デイサービス,山形県,鶴岡市,"介護,デイサービス",日中に通って食事・入浴・機能訓練・見守りなどを受けるサービスです。,https://care-net.biz/06/soyokazenomori/,山形県鶴岡市下川字龍花崎41番1039号,0235-76-2170,厚生労働省オープンデータ,https://www.mhlw.go.jp/content/12300000/jigyosho_150.csv,2025-12末,https://www.google.com/search?q=%E3%83%87%E3%82%A4%E3%82%B5%E3%83%BC%E3%83%93%E3%82%B9%E3%82%BB%E3%83%B3%E3%82%BF%E3%83%BC%E3%80%80%E3%81%9D%E3%82%88%E9%A2%A8%E3%81%AE%E6%A3%AE%20%E9%B6%B4%E5%B2%A1%E5%B8%82
銀座夢ハウスデイサービスステーション,デイサービス,山形県,鶴岡市,"介護,デイサービス",日中に通って食事・入浴・機能訓練・見守りなどを受けるサービスです。,https://www.google.com/search?q=%E9%8A%80%E5%BA%A7%E5%A4%A2%E3%83%8F%E3%82%A6%E3%82%B9%E3%83%87%E3%82%A4%E3%82%B5%E3%83%BC%E3%83%93%E3%82%B9%E3%82%B9%E3%83%86%E3%83%BC%E3%82%B7%E3%83%A7%E3%83%B3%20%E9%B6%B4%E5%B2%A1%E5%B8%82,山形県鶴岡市本町一丁目5番6号,0235-64-8800,厚生労働省オープンデータ,https://www.mhlw.go.jp/content/12300000/jigyosho_150.csv,2025-12末,https://www.google.com/search?q=%E9%8A%80%E5%BA%A7%E5%A4%A2%E3%83%8F%E3%82%A6%E3%82%B9%E3%83%87%E3%82%A4%E3%82%B5%E3%83%BC%E3%83%93%E3%82%B9%E3%82%B9%E3%83%86%E3%83%BC%E3%82%B7%E3%83%A7%E3%83%B3%20%E9%B6%B4%E5%B2%A1%E5%B8%82
デイサービスセンター澄花,デイサービス,山形県,鶴岡市,"介護,デイサービス",日中に通って食事・入浴・機能訓練・見守りなどを受けるサービスです。,http://third-stage.net,山形県鶴岡市友江字川向６１番地８,0235-64-1665,厚生労働省オープンデータ,https://www.mhlw.go.jp/content/12300000/jigyosho_150.csv,2025-12末,https://www.google.com/search?q=%E3%83%87%E3%82%A4%E3%82%B5%E3%83%BC%E3%83%93%E3%82%B9%E3%82%BB%E3%83%B3%E3%82%BF%E3%83%BC%E6%BE%84%E8%8A%B1%20%E9%B6%B4%E5%B2%A1%E5%B8%82
老人保健施設のぞみの園,デイサービス,山形県,鶴岡市,"介護,デイサービス",日中に通って食事・入浴・機能訓練・見守りなどを受けるサービスです。,http://www.mituwakai.com,山形県鶴岡市茅原町２６－２３,0235-25-8255,厚生労働省オープンデータ,https://www.mhlw.go.jp/content/12300000/jigyosho_150.csv,2025-12末,https://www.google.com/search?q=%E8%80%81%E4%BA%BA%E4%BF%9D%E5%81%A5%E6%96%BD%E8%A8%AD%E3%81%AE%E3%81%9E%E3%81%BF%E3%81%AE%E5%9C%92%20%E9%B6%B4%E5%B2%A1%E5%B8%82
デイサービスひまわりいいずん,デイサービス,山形県,鶴岡市,"介護,デイサービス",日中に通って食事・入浴・機能訓練・見守りなどを受けるサービスです。,https://www.himawari-s.co.jp,山形県鶴岡市稲生一丁目３番４５号,0235-64-0604,厚生労働省オープンデータ,https://www.mhlw.go.jp/content/12300000/jigyosho_150.csv,2025-12末,https://www.google.com/search?q=%E3%83%87%E3%82%A4%E3%82%B5%E3%83%BC%E3%83%93%E3%82%B9%E3%81%B2%E3%81%BE%E3%82%8F%E3%82%8A%E3%81%84%E3%81%84%E3%81%9A%E3%82%93%20%E9%B6%B4%E5%B2%A1%E5%B8%82
デイサービスひまわりアプラ,デイサービス,山形県,鶴岡市,"介護,デイサービス",日中に通って食事・入浴・機能訓練・見守りなどを受けるサービスです。,https://himawari-s.co.jp,山形県鶴岡市稲生一丁目4番53号,0235-64-0302,厚生労働省オープンデータ,https://www.mhlw.go.jp/content/12300000/jigyosho_150.csv,2025-12末,https://www.google.com/search?q=%E3%83%87%E3%82%A4%E3%82%B5%E3%83%BC%E3%83%93%E3%82%B9%E3%81%B2%E3%81%BE%E3%82%8F%E3%82%8A%E3%82%A2%E3%83%97%E3%83%A9%20%E9%B6%B4%E5%B2%A1%E5%B8%82
福祉のひろば　いなおい,デイサービス,山形県,鶴岡市,"介護,デイサービス",日中に通って食事・入浴・機能訓練・見守りなどを受けるサービスです。,http:/www.f-hiroba.co.jp/,鶴岡市稲生2丁目39番4号,0235-23-3205,厚生労働省オープンデータ,https://www.mhlw.go.jp/content/12300000/jigyosho_150.csv,2025-12末,https://www.google.com/search?q=%E7%A6%8F%E7%A5%89%E3%81%AE%E3%81%B2%E3%82%8D%E3%81%B0%E3%80%80%E3%81%84%E3%81%AA%E3%81%8A%E3%81%84%20%E9%B6%B4%E5%B2%A1%E5%B8%82
指定通所デイサービスセンターふじの花荘,デイサービス,山形県,鶴岡市,"介護,デイサービス",日中に通って食事・入浴・機能訓練・見守りなどを受けるサービスです。,http://www.fujino-sato.or.jp/dayservice/,山形県鶴岡市藤の花１丁目１８番地-1,0235-64-5880,厚生労働省オープンデータ,https://www.mhlw.go.jp/content/12300000/jigyosho_150.csv,2025-12末,https://www.google.com/search?q=%E6%8C%87%E5%AE%9A%E9%80%9A%E6%89%80%E3%83%87%E3%82%A4%E3%82%B5%E3%83%BC%E3%83%93%E3%82%B9%E3%82%BB%E3%83%B3%E3%82%BF%E3%83%BC%E3%81%B5%E3%81%98%E3%81%AE%E8%8A%B1%E8%8D%98%20%E9%B6%B4%E5%B2%A1%E5%B8%82
デイサービスセンター健楽園,デイサービス,山形県,鶴岡市,"介護,デイサービス",日中に通って食事・入浴・機能訓練・見守りなどを受けるサービスです。,http://www.ikkoukai.or.jp,山形県鶴岡市美原町４番４０号,0235-25-2881,厚生労働省オープンデータ,https://www.mhlw.go.jp/content/12300000/jigyosho_150.csv,2025-12末,https://www.google.com/search?q=%E3%83%87%E3%82%A4%E3%82%B5%E3%83%BC%E3%83%93%E3%82%B9%E3%82%BB%E3%83%B3%E3%82%BF%E3%83%BC%E5%81%A5%E6%A5%BD%E5%9C%92%20%E9%B6%B4%E5%B2%A1%E5%B8%82
JA鶴岡げんき館デイサービスセンター,デイサービス,山形県,鶴岡市,"介護,デイサービス",日中に通って食事・入浴・機能訓練・見守りなどを受けるサービスです。,https:/www.ja-tsuruoka.or.jp,山形県鶴岡市青龍寺字村下34-1,0235-29-7725,厚生労働省オープンデータ,https://www.mhlw.go.jp/content/12300000/jigyosho_150.csv,2025-12末,https://www.google.com/search?q=JA%E9%B6%B4%E5%B2%A1%E3%81%92%E3%82%93%E3%81%8D%E9%A4%A8%E3%83%87%E3%82%A4%E3%82%B5%E3%83%BC%E3%83%93%E3%82%B9%E3%82%BB%E3%83%B3%E3%82%BF%E3%83%BC%20%E9%B6%B4%E5%B2%A1%E5%B8%82
デイサービスセンターくしびき,デイサービス,山形県,鶴岡市,"介護,デイサービス",日中に通って食事・入浴・機能訓練・見守りなどを受けるサービスです。,http://www.shk01.jp/shisetsu_14_ksbk_sukoyaka.html,山形県鶴岡市上山添字成田２１－９櫛,0235-57-5080,厚生労働省オープンデータ,https://www.mhlw.go.jp/content/12300000/jigyosho_150.csv,2025-12末,https://www.google.com/search?q=%E3%83%87%E3%82%A4%E3%82%B5%E3%83%BC%E3%83%93%E3%82%B9%E3%82%BB%E3%83%B3%E3%82%BF%E3%83%BC%E3%81%8F%E3%81%97%E3%81%B3%E3%81%8D%20%E9%B6%B4%E5%B2%A1%E5%B8%82
デイサービスセンターなえづ,デイサービス,山形県,鶴岡市,"介護,デイサービス",日中に通って食事・入浴・機能訓練・見守りなどを受けるサービスです。,http://www.shk01.jp/,山形県鶴岡市ほなみ町3番1号地域福祉センターなえづ,0235-25-9255,厚生労働省オープンデータ,https://www.mhlw.go.jp/content/12300000/jigyosho_150.csv,2025-12末,https://www.google.com/search?q=%E3%83%87%E3%82%A4%E3%82%B5%E3%83%BC%E3%83%93%E3%82%B9%E3%82%BB%E3%83%B3%E3%82%BF%E3%83%BC%E3%81%AA%E3%81%88%E3%81%A5%20%E9%B6%B4%E5%B2%A1%E5%B8%82
デイサービスセンターふれあい,デイサービス,山形県,鶴岡市,"介護,デイサービス",日中に通って食事・入浴・機能訓練・見守りなどを受けるサービスです。,http://www.shk01.jp/,山形県鶴岡市西新斎町14番26号,0235-29-0370,厚生労働省オープンデータ,https://www.mhlw.go.jp/content/12300000/jigyosho_150.csv,2025-12末,https://www.google.com/search?q=%E3%83%87%E3%82%A4%E3%82%B5%E3%83%BC%E3%83%93%E3%82%B9%E3%82%BB%E3%83%B3%E3%82%BF%E3%83%BC%E3%81%B5%E3%82%8C%E3%81%82%E3%81%84%20%E9%B6%B4%E5%B2%A1%E5%B8%82
デイサービスセンターおおやま,デイサービス,山形県,鶴岡市,"介護,デイサービス",日中に通って食事・入浴・機能訓練・見守りなどを受けるサービスです。,http://www.shk01.jp/,鶴岡市大山3丁目34番1号,0235-38-0255,厚生労働省オープンデータ,https://www.mhlw.go.jp/content/12300000/jigyosho_150.csv,2025-12末,https://www.google.com/search?q=%E3%83%87%E3%82%A4%E3%82%B5%E3%83%BC%E3%83%93%E3%82%B9%E3%82%BB%E3%83%B3%E3%82%BF%E3%83%BC%E3%81%8A%E3%81%8A%E3%82%84%E3%81%BE%20%E9%B6%B4%E5%B2%A1%E5%B8%82
デイサービスセンターたかだて,デイサービス,山形県,鶴岡市,"介護,デイサービス",日中に通って食事・入浴・機能訓練・見守りなどを受けるサービスです。,http://www/.biz.biglobe.ne.jp/~t-shakyo.,山形県鶴岡市友江町23番14号,0235-33-0833,厚生労働省オープンデータ,https://www.mhlw.go.jp/content/12300000/jigyosho_150.csv,2025-12末,https://www.google.com/search?q=%E3%83%87%E3%82%A4%E3%82%B5%E3%83%BC%E3%83%93%E3%82%B9%E3%82%BB%E3%83%B3%E3%82%BF%E3%83%BC%E3%81%9F%E3%81%8B%E3%81%A0%E3%81%A6%20%E9%B6%B4%E5%B2%A1%E5%B8%82
デイサービスセンターとようら,デイサービス,山形県,鶴岡市,"介護,デイサービス",日中に通って食事・入浴・機能訓練・見守りなどを受けるサービスです。,http://www1.biz.biglobe.ne.jp/^t-shakyo,鶴岡市三瀬字菖蒲田67-1,0235-38-8155,厚生労働省オープンデータ,https://www.mhlw.go.jp/content/12300000/jigyosho_150.csv,2025-12末,https://www.google.com/search?q=%E3%83%87%E3%82%A4%E3%82%B5%E3%83%BC%E3%83%93%E3%82%B9%E3%82%BB%E3%83%B3%E3%82%BF%E3%83%BC%E3%81%A8%E3%82%88%E3%81%86%E3%82%89%20%E9%B6%B4%E5%B2%A1%E5%B8%82
デイサービスセンターめぐみ,デイサービス,山形県,酒田市,"介護,デイサービス",日中に通って食事・入浴・機能訓練・見守りなどを受けるサービスです。,http://megumiday.com/,山形県酒田市こがね町1-20-11,0234-43-0470,厚生労働省オープンデータ,https://www.mhlw.go.jp/content/12300000/jigyosho_150.csv,2025-12末,https://www.google.com/search?q=%E3%83%87%E3%82%A4%E3%82%B5%E3%83%BC%E3%83%93%E3%82%B9%E3%82%BB%E3%83%B3%E3%82%BF%E3%83%BC%E3%82%81%E3%81%90%E3%81%BF%20%E9%85%92%E7%94%B0%E5%B8%82
ディサ－ビスセンタ－あずま,デイサービス,山形県,酒田市,"介護,デイサービス",日中に通って食事・入浴・機能訓練・見守りなどを受けるサービスです。,http://www.east-azuma.or.jp/outline/,山形県酒田市関字向126番地の2,0234-94-2377,厚生労働省オープンデータ,https://www.mhlw.go.jp/content/12300000/jigyosho_150.csv,2025-12末,https://www.google.com/search?q=%E3%83%87%E3%82%A3%E3%82%B5%EF%BC%8D%E3%83%93%E3%82%B9%E3%82%BB%E3%83%B3%E3%82%BF%EF%BC%8D%E3%81%82%E3%81%9A%E3%81%BE%20%E9%85%92%E7%94%B0%E5%B8%82
指定通所デイサービスセンターキャット,デイサービス,山形県,酒田市,"介護,デイサービス",日中に通って食事・入浴・機能訓練・見守りなどを受けるサービスです。,https://catsgp.com,山形県酒田市東泉町3丁目2-11,0234-21-9088,厚生労働省オープンデータ,https://www.mhlw.go.jp/content/12300000/jigyosho_150.csv,2025-12末,https://www.google.com/search?q=%E6%8C%87%E5%AE%9A%E9%80%9A%E6%89%80%E3%83%87%E3%82%A4%E3%82%B5%E3%83%BC%E3%83%93%E3%82%B9%E3%82%BB%E3%83%B3%E3%82%BF%E3%83%BC%E3%82%AD%E3%83%A3%E3%83%83%E3%83%88%20%E9%85%92%E7%94%B0%E5%B8%82
ライフケア黒森指定通所介護事業所,デイサービス,山形県,酒田市,"介護,デイサービス",日中に通って食事・入浴・機能訓練・見守りなどを受けるサービスです。,http://syokaku-lc.com/,山形県酒田市黒森字葭葉山５４番１０,0234-25-4500,厚生労働省オープンデータ,https://www.mhlw.go.jp/content/12300000/jigyosho_150.csv,2025-12末,https://www.google.com/search?q=%E3%83%A9%E3%82%A4%E3%83%95%E3%82%B1%E3%82%A2%E9%BB%92%E6%A3%AE%E6%8C%87%E5%AE%9A%E9%80%9A%E6%89%80%E4%BB%8B%E8%AD%B7%E4%BA%8B%E6%A5%AD%E6%89%80%20%E9%85%92%E7%94%B0%E5%B8%82
北のかがやき,デイサービス,山形県,酒田市,"介護,デイサービス",日中に通って食事・入浴・機能訓練・見守りなどを受けるサービスです。,http://www.syokaku-lc.com/,酒田市漆曽根字腰廻34番地,0234-35-8600,厚生労働省オープンデータ,https://www.mhlw.go.jp/content/12300000/jigyosho_150.csv,2025-12末,https://www.google.com/search?q=%E5%8C%97%E3%81%AE%E3%81%8B%E3%81%8C%E3%82%84%E3%81%8D%20%E9%85%92%E7%94%B0%E5%B8%82
こもれびの郷浜中,デイサービス,山形県,酒田市,"介護,デイサービス",日中に通って食事・入浴・機能訓練・見守りなどを受けるサービスです。,http://syokaku-lc.com/,山形県酒田市浜中字上村378番地1,0234-92-3170,厚生労働省オープンデータ,https://www.mhlw.go.jp/content/12300000/jigyosho_150.csv,2025-12末,https://www.google.com/search?q=%E3%81%93%E3%82%82%E3%82%8C%E3%81%B3%E3%81%AE%E9%83%B7%E6%B5%9C%E4%B8%AD%20%E9%85%92%E7%94%B0%E5%B8%82
通所介護八重櫻,デイサービス,山形県,酒田市,"介護,デイサービス",日中に通って食事・入浴・機能訓練・見守りなどを受けるサービスです。,https://www.google.com/search?q=%E9%80%9A%E6%89%80%E4%BB%8B%E8%AD%B7%E5%85%AB%E9%87%8D%E6%AB%BB%20%E9%85%92%E7%94%B0%E5%B8%82,山形県酒田市牧曽根字宮ノ越９２番地３サービス付き高齢者向け住宅八重櫻,0234-43-6955,厚生労働省オープンデータ,https://www.mhlw.go.jp/content/12300000/jigyosho_150.csv,2025-12末,https://www.google.com/search?q=%E9%80%9A%E6%89%80%E4%BB%8B%E8%AD%B7%E5%85%AB%E9%87%8D%E6%AB%BB%20%E9%85%92%E7%94%B0%E5%B8%82
ＪＡ庄内みどりデイサービス　結い・なかひらた,デイサービス,山形県,酒田市,"介護,デイサービス",日中に通って食事・入浴・機能訓練・見守りなどを受けるサービスです。,http://midorinet.or.jp,山形県酒田市熊手島字道の下熊興屋17番1,0234-24-5411,厚生労働省オープンデータ,https://www.mhlw.go.jp/content/12300000/jigyosho_150.csv,2025-12末,https://www.google.com/search?q=%EF%BC%AA%EF%BC%A1%E5%BA%84%E5%86%85%E3%81%BF%E3%81%A9%E3%82%8A%E3%83%87%E3%82%A4%E3%82%B5%E3%83%BC%E3%83%93%E3%82%B9%E3%80%80%E7%B5%90%E3%81%84%E3%83%BB%E3%81%AA%E3%81%8B%E3%81%B2%E3%82%89%E3%81%9F%20%E9%85%92%E7%94%B0%E5%B8%82
デイサービス春,デイサービス,山形県,酒田市,"介護,デイサービス",日中に通って食事・入浴・機能訓練・見守りなどを受けるサービスです。,https://www.google.com/search?q=%E3%83%87%E3%82%A4%E3%82%B5%E3%83%BC%E3%83%93%E3%82%B9%E6%98%A5%20%E9%85%92%E7%94%B0%E5%B8%82,法連寺字村前13-2,0234-31-8900,厚生労働省オープンデータ,https://www.mhlw.go.jp/content/12300000/jigyosho_150.csv,2025-12末,https://www.google.com/search?q=%E3%83%87%E3%82%A4%E3%82%B5%E3%83%BC%E3%83%93%E3%82%B9%E6%98%A5%20%E9%85%92%E7%94%B0%E5%B8%82
デイサービス明日葉,デイサービス,山形県,酒田市,"介護,デイサービス",日中に通って食事・入浴・機能訓練・見守りなどを受けるサービスです。,https://www.s-fukushi.jp/,駅東２丁目３番地の６多機能複合施設明日葉,0234-23-1125,厚生労働省オープンデータ,https://www.mhlw.go.jp/content/12300000/jigyosho_150.csv,2025-12末,https://www.google.com/search?q=%E3%83%87%E3%82%A4%E3%82%B5%E3%83%BC%E3%83%93%E3%82%B9%E6%98%8E%E6%97%A5%E8%91%89%20%E9%85%92%E7%94%B0%E5%B8%82
デイサービスグラン,デイサービス,山形県,酒田市,"介護,デイサービス",日中に通って食事・入浴・機能訓練・見守りなどを受けるサービスです。,https://s-fukushi.jp/,山形県酒田市新橋3丁目1番地の1,0234-31-8255,厚生労働省オープンデータ,https://www.mhlw.go.jp/content/12300000/jigyosho_150.csv,2025-12末,https://www.google.com/search?q=%E3%83%87%E3%82%A4%E3%82%B5%E3%83%BC%E3%83%93%E3%82%B9%E3%82%B0%E3%83%A9%E3%83%B3%20%E9%85%92%E7%94%B0%E5%B8%82
酒田市デイサービスセンター松山,デイサービス,山形県,酒田市,"介護,デイサービス",日中に通って食事・入浴・機能訓練・見守りなどを受けるサービスです。,http://www.sakata-syakyo.or.jp/,酒田市字西田6番地,0234-62-2843,厚生労働省オープンデータ,https://www.mhlw.go.jp/content/12300000/jigyosho_150.csv,2025-12末,https://www.google.com/search?q=%E9%85%92%E7%94%B0%E5%B8%82%E3%83%87%E3%82%A4%E3%82%B5%E3%83%BC%E3%83%93%E3%82%B9%E3%82%BB%E3%83%B3%E3%82%BF%E3%83%BC%E6%9D%BE%E5%B1%B1%20%E9%85%92%E7%94%B0%E5%B8%82
酒田市デイサービスセンターいずみ,デイサービス,山形県,酒田市,"介護,デイサービス",日中に通って食事・入浴・機能訓練・見守りなどを受けるサービスです。,http://www.sakata-shakyo.or.jp,山形県酒田市東泉町4丁目6-13,0234-26-7345,厚生労働省オープンデータ,https://www.mhlw.go.jp/content/12300000/jigyosho_150.csv,2025-12末,https://www.google.com/search?q=%E9%85%92%E7%94%B0%E5%B8%82%E3%83%87%E3%82%A4%E3%82%B5%E3%83%BC%E3%83%93%E3%82%B9%E3%82%BB%E3%83%B3%E3%82%BF%E3%83%BC%E3%81%84%E3%81%9A%E3%81%BF%20%E9%85%92%E7%94%B0%E5%B8%82
通所介護事業所　幸楽荘,デイサービス,山形県,酒田市,"介護,デイサービス",日中に通って食事・入浴・機能訓練・見守りなどを受けるサービスです。,http://www.kourakusou.or.jp,山形県酒田市市条字荒瀬115番地,0234-64-4380,厚生労働省オープンデータ,https://www.mhlw.go.jp/content/12300000/jigyosho_150.csv,2025-12末,https://www.google.com/search?q=%E9%80%9A%E6%89%80%E4%BB%8B%E8%AD%B7%E4%BA%8B%E6%A5%AD%E6%89%80%E3%80%80%E5%B9%B8%E6%A5%BD%E8%8D%98%20%E9%85%92%E7%94%B0%E5%B8%82
デイサービスセンターたんぽぽ,デイサービス,山形県,酒田市,"介護,デイサービス",日中に通って食事・入浴・機能訓練・見守りなどを受けるサービスです。,http://www.koufukai.or.jp,山形県酒田市宮野浦３－２０－１,0234-31-2244,厚生労働省オープンデータ,https://www.mhlw.go.jp/content/12300000/jigyosho_150.csv,2025-12末,https://www.google.com/search?q=%E3%83%87%E3%82%A4%E3%82%B5%E3%83%BC%E3%83%93%E3%82%B9%E3%82%BB%E3%83%B3%E3%82%BF%E3%83%BC%E3%81%9F%E3%82%93%E3%81%BD%E3%81%BD%20%E9%85%92%E7%94%B0%E5%B8%82
ソーシャルいずみ,デイサービス,山形県,酒田市,"介護,デイサービス",日中に通って食事・入浴・機能訓練・見守りなどを受けるサービスです。,http//:www.t-fukushi-service.co.jp,山形県酒田市東泉町5-5-6,0234-21-2207,厚生労働省オープンデータ,https://www.mhlw.go.jp/content/12300000/jigyosho_150.csv,2025-12末,https://www.google.com/search?q=%E3%82%BD%E3%83%BC%E3%82%B7%E3%83%A3%E3%83%AB%E3%81%84%E3%81%9A%E3%81%BF%20%E9%85%92%E7%94%B0%E5%B8%82
ソーシャルさつき,デイサービス,山形県,酒田市,"介護,デイサービス",日中に通って食事・入浴・機能訓練・見守りなどを受けるサービスです。,http://www.t-fukushi-service.co.jp,酒田市東泉町5-5-1,0234-43-1530,厚生労働省オープンデータ,https://www.mhlw.go.jp/content/12300000/jigyosho_150.csv,2025-12末,https://www.google.com/search?q=%E3%82%BD%E3%83%BC%E3%82%B7%E3%83%A3%E3%83%AB%E3%81%95%E3%81%A4%E3%81%8D%20%E9%85%92%E7%94%B0%E5%B8%82
ソーシャルわかば,デイサービス,山形県,酒田市,"介護,デイサービス",日中に通って食事・入浴・機能訓練・見守りなどを受けるサービスです。,http://www.t-fukushi-service.co.jp,酒田市亀ヶ崎4-11-5,0234-43-6725,厚生労働省オープンデータ,https://www.mhlw.go.jp/content/12300000/jigyosho_150.csv,2025-12末,https://www.google.com/search?q=%E3%82%BD%E3%83%BC%E3%82%B7%E3%83%A3%E3%83%AB%E3%82%8F%E3%81%8B%E3%81%B0%20%E9%85%92%E7%94%B0%E5%B8%82
多機能型介護ステーション　ぬくもり,デイサービス,山形県,酒田市,"介護,デイサービス",日中に通って食事・入浴・機能訓練・見守りなどを受けるサービスです。,https://www.google.com/search?q=%E5%A4%9A%E6%A9%9F%E8%83%BD%E5%9E%8B%E4%BB%8B%E8%AD%B7%E3%82%B9%E3%83%86%E3%83%BC%E3%82%B7%E3%83%A7%E3%83%B3%E3%80%80%E3%81%AC%E3%81%8F%E3%82%82%E3%82%8A%20%E9%85%92%E7%94%B0%E5%B8%82,山形県酒田市泉町９－１９,0234-34-7300,厚生労働省オープンデータ,https://www.mhlw.go.jp/content/12300000/jigyosho_150.csv,2025-12末,https://www.google.com/search?q=%E5%A4%9A%E6%A9%9F%E8%83%BD%E5%9E%8B%E4%BB%8B%E8%AD%B7%E3%82%B9%E3%83%86%E3%83%BC%E3%82%B7%E3%83%A7%E3%83%B3%E3%80%80%E3%81%AC%E3%81%8F%E3%82%82%E3%82%8A%20%E9%85%92%E7%94%B0%E5%B8%82
ケアホーム　わかみやの郷,デイサービス,山形県,酒田市,"介護,デイサービス",日中に通って食事・入浴・機能訓練・見守りなどを受けるサービスです。,http://www.hikari-sato.jp/,酒田市若宮町二丁目２番２９号,0234-41-2556,厚生労働省オープンデータ,https://www.mhlw.go.jp/content/12300000/jigyosho_150.csv,2025-12末,https://www.google.com/search?q=%E3%82%B1%E3%82%A2%E3%83%9B%E3%83%BC%E3%83%A0%E3%80%80%E3%82%8F%E3%81%8B%E3%81%BF%E3%82%84%E3%81%AE%E9%83%B7%20%E9%85%92%E7%94%B0%E5%B8%82
デイサービスまごころひばり,デイサービス,山形県,酒田市,"介護,デイサービス",日中に通って食事・入浴・機能訓練・見守りなどを受けるサービスです。,https://www.google.com/search?q=%E3%83%87%E3%82%A4%E3%82%B5%E3%83%BC%E3%83%93%E3%82%B9%E3%81%BE%E3%81%94%E3%81%93%E3%82%8D%E3%81%B2%E3%81%B0%E3%82%8A%20%E9%85%92%E7%94%B0%E5%B8%82,山形県酒田市こあら三丁目6番18,0234-21-8750,厚生労働省オープンデータ,https://www.mhlw.go.jp/content/12300000/jigyosho_150.csv,2025-12末,https://www.google.com/search?q=%E3%83%87%E3%82%A4%E3%82%B5%E3%83%BC%E3%83%93%E3%82%B9%E3%81%BE%E3%81%94%E3%81%93%E3%82%8D%E3%81%B2%E3%81%B0%E3%82%8A%20%E9%85%92%E7%94%B0%E5%B8%82
パワーリハデイサービス酒田,デイサービス,山形県,酒田市,"介護,デイサービス",日中に通って食事・入浴・機能訓練・見守りなどを受けるサービスです。,https://www.google.com/search?q=%E3%83%91%E3%83%AF%E3%83%BC%E3%83%AA%E3%83%8F%E3%83%87%E3%82%A4%E3%82%B5%E3%83%BC%E3%83%93%E3%82%B9%E9%85%92%E7%94%B0%20%E9%85%92%E7%94%B0%E5%B8%82,山形県酒田市こあら3丁目1-5,0234-21-0305,厚生労働省オープンデータ,https://www.mhlw.go.jp/content/12300000/jigyosho_150.csv,2025-12末,https://www.google.com/search?q=%E3%83%91%E3%83%AF%E3%83%BC%E3%83%AA%E3%83%8F%E3%83%87%E3%82%A4%E3%82%B5%E3%83%BC%E3%83%93%E3%82%B9%E9%85%92%E7%94%B0%20%E9%85%92%E7%94%B0%E5%B8%82
いこいの家,デイサービス,山形県,酒田市,"介護,デイサービス",日中に通って食事・入浴・機能訓練・見守りなどを受けるサービスです。,http://care-net.biz/06/choukai/,山形県酒田市麓字横道10-8,0234-64-3321,厚生労働省オープンデータ,https://www.mhlw.go.jp/content/12300000/jigyosho_150.csv,2025-12末,https://www.google.com/search?q=%E3%81%84%E3%81%93%E3%81%84%E3%81%AE%E5%AE%B6%20%E9%85%92%E7%94%B0%E5%B8%82
ニチイケアセンター酒田みずほ,デイサービス,山形県,酒田市,"介護,デイサービス",日中に通って食事・入浴・機能訓練・見守りなどを受けるサービスです。,http://www.nichiigakkan.co.jp,山形県酒田市亀ヶ崎3丁目5-55,0234-21-8920,厚生労働省オープンデータ,https://www.mhlw.go.jp/content/12300000/jigyosho_150.csv,2025-12末,https://www.google.com/search?q=%E3%83%8B%E3%83%81%E3%82%A4%E3%82%B1%E3%82%A2%E3%82%BB%E3%83%B3%E3%82%BF%E3%83%BC%E9%85%92%E7%94%B0%E3%81%BF%E3%81%9A%E3%81%BB%20%E9%85%92%E7%94%B0%E5%B8%82
ニチイケアセンターこあら,デイサービス,山形県,酒田市,"介護,デイサービス",日中に通って食事・入浴・機能訓練・見守りなどを受けるサービスです。,hittp://www.ninciigakkan.co.jp,山形県酒田市こあら２丁目５番地の２,0234-21-8581,厚生労働省オープンデータ,https://www.mhlw.go.jp/content/12300000/jigyosho_150.csv,2025-12末,https://www.google.com/search?q=%E3%83%8B%E3%83%81%E3%82%A4%E3%82%B1%E3%82%A2%E3%82%BB%E3%83%B3%E3%82%BF%E3%83%BC%E3%81%93%E3%81%82%E3%82%89%20%E9%85%92%E7%94%B0%E5%B8%82
ニチイケアセンター東泉,デイサービス,山形県,酒田市,"介護,デイサービス",日中に通って食事・入浴・機能訓練・見守りなどを受けるサービスです。,http://www.nichiigakkan.co.jp,山形県酒田市東泉町五丁目8-10,0234-21-7311,厚生労働省オープンデータ,https://www.mhlw.go.jp/content/12300000/jigyosho_150.csv,2025-12末,https://www.google.com/search?q=%E3%83%8B%E3%83%81%E3%82%A4%E3%82%B1%E3%82%A2%E3%82%BB%E3%83%B3%E3%82%BF%E3%83%BC%E6%9D%B1%E6%B3%89%20%E9%85%92%E7%94%B0%E5%B8%82
デイサービスセンター　クローバー,デイサービス,山形県,酒田市,"介護,デイサービス",日中に通って食事・入浴・機能訓練・見守りなどを受けるサービスです。,https://www.google.com/search?q=%E3%83%87%E3%82%A4%E3%82%B5%E3%83%BC%E3%83%93%E3%82%B9%E3%82%BB%E3%83%B3%E3%82%BF%E3%83%BC%E3%80%80%E3%82%AF%E3%83%AD%E3%83%BC%E3%83%90%E3%83%BC%20%E9%85%92%E7%94%B0%E5%B8%82,山形県酒田市山居町二丁目１０番７号,0234-28-8870,厚生労働省オープンデータ,https://www.mhlw.go.jp/content/12300000/jigyosho_150.csv,2025-12末,https://www.google.com/search?q=%E3%83%87%E3%82%A4%E3%82%B5%E3%83%BC%E3%83%93%E3%82%B9%E3%82%BB%E3%83%B3%E3%82%BF%E3%83%BC%E3%80%80%E3%82%AF%E3%83%AD%E3%83%BC%E3%83%90%E3%83%BC%20%E9%85%92%E7%94%B0%E5%B8%82
デイサービスセンター　ハート,デイサービス,山形県,酒田市,"介護,デイサービス",日中に通って食事・入浴・機能訓練・見守りなどを受けるサービスです。,https://www.google.com/search?q=%E3%83%87%E3%82%A4%E3%82%B5%E3%83%BC%E3%83%93%E3%82%B9%E3%82%BB%E3%83%B3%E3%82%BF%E3%83%BC%E3%80%80%E3%83%8F%E3%83%BC%E3%83%88%20%E9%85%92%E7%94%B0%E5%B8%82,山形県酒田市山居町二丁目１１番２３号,0234-43-6127,厚生労働省オープンデータ,https://www.mhlw.go.jp/content/12300000/jigyosho_150.csv,2025-12末,https://www.google.com/search?q=%E3%83%87%E3%82%A4%E3%82%B5%E3%83%BC%E3%83%93%E3%82%B9%E3%82%BB%E3%83%B3%E3%82%BF%E3%83%BC%E3%80%80%E3%83%8F%E3%83%BC%E3%83%88%20%E9%85%92%E7%94%B0%E5%B8%82
デイサービス眺海,デイサービス,山形県,酒田市,"介護,デイサービス",日中に通って食事・入浴・機能訓練・見守りなどを受けるサービスです。,http://www.kashin.jp,酒田市山寺字宅地１５９番地,0234-62-3555,厚生労働省オープンデータ,https://www.mhlw.go.jp/content/12300000/jigyosho_150.csv,2025-12末,https://www.google.com/search?q=%E3%83%87%E3%82%A4%E3%82%B5%E3%83%BC%E3%83%93%E3%82%B9%E7%9C%BA%E6%B5%B7%20%E9%85%92%E7%94%B0%E5%B8%82
コンフォート樫の木,デイサービス,山形県,酒田市,"介護,デイサービス",日中に通って食事・入浴・機能訓練・見守りなどを受けるサービスです。,http://www.kashink.jp,山形県酒田市こあら２丁目４番地の６,０２３４－４３－１２４５,厚生労働省オープンデータ,https://www.mhlw.go.jp/content/12300000/jigyosho_150.csv,2025-12末,https://www.google.com/search?q=%E3%82%B3%E3%83%B3%E3%83%95%E3%82%A9%E3%83%BC%E3%83%88%E6%A8%AB%E3%81%AE%E6%9C%A8%20%E9%85%92%E7%94%B0%E5%B8%82
デイサービスあらた,デイサービス,山形県,酒田市,"介護,デイサービス",日中に通って食事・入浴・機能訓練・見守りなどを受けるサービスです。,https://idealfaro.com,山形県酒田市東町1-15-25,0234-26-0488,厚生労働省オープンデータ,https://www.mhlw.go.jp/content/12300000/jigyosho_150.csv,2025-12末,https://www.google.com/search?q=%E3%83%87%E3%82%A4%E3%82%B5%E3%83%BC%E3%83%93%E3%82%B9%E3%81%82%E3%82%89%E3%81%9F%20%E9%85%92%E7%94%B0%E5%B8%82
みすみ指定通所介護事業所,デイサービス,山形県,酒田市,"介護,デイサービス",日中に通って食事・入浴・機能訓練・見守りなどを受けるサービスです。,www.hirata.or.jp/,山形県酒田市楢橋字大柳1番地16,0234-52-3470,厚生労働省オープンデータ,https://www.mhlw.go.jp/content/12300000/jigyosho_150.csv,2025-12末,https://www.google.com/search?q=%E3%81%BF%E3%81%99%E3%81%BF%E6%8C%87%E5%AE%9A%E9%80%9A%E6%89%80%E4%BB%8B%E8%AD%B7%E4%BA%8B%E6%A5%AD%E6%89%80%20%E9%85%92%E7%94%B0%E5%B8%82
デイサービスセンター　すまいる,デイサービス,山形県,酒田市,"介護,デイサービス",日中に通って食事・入浴・機能訓練・見守りなどを受けるサービスです。,https://www.google.com/search?q=%E3%83%87%E3%82%A4%E3%82%B5%E3%83%BC%E3%83%93%E3%82%B9%E3%82%BB%E3%83%B3%E3%82%BF%E3%83%BC%E3%80%80%E3%81%99%E3%81%BE%E3%81%84%E3%82%8B%20%E9%85%92%E7%94%B0%E5%B8%82,山形県酒田市船場町1丁目9番10号,0234-23-6155,厚生労働省オープンデータ,https://www.mhlw.go.jp/content/12300000/jigyosho_150.csv,2025-12末,https://www.google.com/search?q=%E3%83%87%E3%82%A4%E3%82%B5%E3%83%BC%E3%83%93%E3%82%B9%E3%82%BB%E3%83%B3%E3%82%BF%E3%83%BC%E3%80%80%E3%81%99%E3%81%BE%E3%81%84%E3%82%8B%20%E9%85%92%E7%94%B0%E5%B8%82
介護予防センターさくら広野,デイサービス,山形県,酒田市,"介護,デイサービス",日中に通って食事・入浴・機能訓練・見守りなどを受けるサービスです。,http://www.sakura-welfare.jp,山形県酒田市広野字末広102-1,0234-92-4531,厚生労働省オープンデータ,https://www.mhlw.go.jp/content/12300000/jigyosho_150.csv,2025-12末,https://www.google.com/search?q=%E4%BB%8B%E8%AD%B7%E4%BA%88%E9%98%B2%E3%82%BB%E3%83%B3%E3%82%BF%E3%83%BC%E3%81%95%E3%81%8F%E3%82%89%E5%BA%83%E9%87%8E%20%E9%85%92%E7%94%B0%E5%B8%82
介護予防センターさくら,デイサービス,山形県,酒田市,"介護,デイサービス",日中に通って食事・入浴・機能訓練・見守りなどを受けるサービスです。,http://.sakura.welfare.jp/,山形県酒田市山居町2丁目1-7,0234-22-3520,厚生労働省オープンデータ,https://www.mhlw.go.jp/content/12300000/jigyosho_150.csv,2025-12末,https://www.google.com/search?q=%E4%BB%8B%E8%AD%B7%E4%BA%88%E9%98%B2%E3%82%BB%E3%83%B3%E3%82%BF%E3%83%BC%E3%81%95%E3%81%8F%E3%82%89%20%E9%85%92%E7%94%B0%E5%B8%82
介護予防センターさくら東泉,デイサービス,山形県,酒田市,"介護,デイサービス",日中に通って食事・入浴・機能訓練・見守りなどを受けるサービスです。,http://www.sakura-welfare.jp/,山形県酒田市東泉町6丁目1-9,0234-31-9130,厚生労働省オープンデータ,https://www.mhlw.go.jp/content/12300000/jigyosho_150.csv,2025-12末,https://www.google.com/search?q=%E4%BB%8B%E8%AD%B7%E4%BA%88%E9%98%B2%E3%82%BB%E3%83%B3%E3%82%BF%E3%83%BC%E3%81%95%E3%81%8F%E3%82%89%E6%9D%B1%E6%B3%89%20%E9%85%92%E7%94%B0%E5%B8%82
介護予防センターさくらの里,デイサービス,山形県,酒田市,"介護,デイサービス",日中に通って食事・入浴・機能訓練・見守りなどを受けるサービスです。,http://www.sakura-welfare.jp/,山形県酒田市字山田32-2,0234-61-4871,厚生労働省オープンデータ,https://www.mhlw.go.jp/content/12300000/jigyosho_150.csv,2025-12末,https://www.google.com/search?q=%E4%BB%8B%E8%AD%B7%E4%BA%88%E9%98%B2%E3%82%BB%E3%83%B3%E3%82%BF%E3%83%BC%E3%81%95%E3%81%8F%E3%82%89%E3%81%AE%E9%87%8C%20%E9%85%92%E7%94%B0%E5%B8%82
ゆたかの家,デイサービス,山形県,酒田市,"介護,デイサービス",日中に通って食事・入浴・機能訓練・見守りなどを受けるサービスです。,http://third-stage.net,山形県酒田市ゆたか２丁目５番地の１,0234-43-1661,厚生労働省オープンデータ,https://www.mhlw.go.jp/content/12300000/jigyosho_150.csv,2025-12末,https://www.google.com/search?q=%E3%82%86%E3%81%9F%E3%81%8B%E3%81%AE%E5%AE%B6%20%E9%85%92%E7%94%B0%E5%B8%82
丸岡医院通所介護事業所いぶき,デイサービス,山形県,酒田市,"介護,デイサービス",日中に通って食事・入浴・機能訓練・見守りなどを受けるサービスです。,http://maruoka.or.jp/,山形県酒田市亀ヶ崎6丁目9番15号,0234-25-5702,厚生労働省オープンデータ,https://www.mhlw.go.jp/content/12300000/jigyosho_150.csv,2025-12末,https://www.google.com/search?q=%E4%B8%B8%E5%B2%A1%E5%8C%BB%E9%99%A2%E9%80%9A%E6%89%80%E4%BB%8B%E8%AD%B7%E4%BA%8B%E6%A5%AD%E6%89%80%E3%81%84%E3%81%B6%E3%81%8D%20%E9%85%92%E7%94%B0%E5%B8%82
デイサービスセンターすずかぜ,デイサービス,山形県,酒田市,"介護,デイサービス",日中に通って食事・入浴・機能訓練・見守りなどを受けるサービスです。,http://www.maruoka.or.jp,山形県酒田市東両羽町6-2,0234-28-8067,厚生労働省オープンデータ,https://www.mhlw.go.jp/content/12300000/jigyosho_150.csv,2025-12末,https://www.google.com/search?q=%E3%83%87%E3%82%A4%E3%82%B5%E3%83%BC%E3%83%93%E3%82%B9%E3%82%BB%E3%83%B3%E3%82%BF%E3%83%BC%E3%81%99%E3%81%9A%E3%81%8B%E3%81%9C%20%E9%85%92%E7%94%B0%E5%B8%82
福祉のひろば通所介護事業所,デイサービス,山形県,酒田市,"介護,デイサービス",日中に通って食事・入浴・機能訓練・見守りなどを受けるサービスです。,https://www.f-hiroba.co.jp/,山形県酒田市穂積字上市神139-5,0234-33-2210,厚生労働省オープンデータ,https://www.mhlw.go.jp/content/12300000/jigyosho_150.csv,2025-12末,https://www.google.com/search?q=%E7%A6%8F%E7%A5%89%E3%81%AE%E3%81%B2%E3%82%8D%E3%81%B0%E9%80%9A%E6%89%80%E4%BB%8B%E8%AD%B7%E4%BA%8B%E6%A5%AD%E6%89%80%20%E9%85%92%E7%94%B0%E5%B8%82
在宅介護複合施設ほづみ通所介護事業所,デイサービス,山形県,酒田市,"介護,デイサービス",日中に通って食事・入浴・機能訓練・見守りなどを受けるサービスです。,http://www.hodumi.info/,山形県酒田市宮海字林内23番地,0234-33-1150,厚生労働省オープンデータ,https://www.mhlw.go.jp/content/12300000/jigyosho_150.csv,2025-12末,https://www.google.com/search?q=%E5%9C%A8%E5%AE%85%E4%BB%8B%E8%AD%B7%E8%A4%87%E5%90%88%E6%96%BD%E8%A8%AD%E3%81%BB%E3%81%A5%E3%81%BF%E9%80%9A%E6%89%80%E4%BB%8B%E8%AD%B7%E4%BA%8B%E6%A5%AD%E6%89%80%20%E9%85%92%E7%94%B0%E5%B8%82
サン・シティ指定通所介護事業所,デイサービス,山形県,酒田市,"介護,デイサービス",日中に通って食事・入浴・機能訓練・見守りなどを受けるサービスです。,www.fuku-yuwakai.jp,山形県酒田市曙町二丁目28番地の5サン・シティ別館,0234-26-7770,厚生労働省オープンデータ,https://www.mhlw.go.jp/content/12300000/jigyosho_150.csv,2025-12末,https://www.google.com/search?q=%E3%82%B5%E3%83%B3%E3%83%BB%E3%82%B7%E3%83%86%E3%82%A3%E6%8C%87%E5%AE%9A%E9%80%9A%E6%89%80%E4%BB%8B%E8%AD%B7%E4%BA%8B%E6%A5%AD%E6%89%80%20%E9%85%92%E7%94%B0%E5%B8%82
健生ふれあいクリニック通所介護,デイサービス,山形県,酒田市,"介護,デイサービス",日中に通って食事・入浴・機能訓練・見守りなどを受けるサービスです。,http://www.ken-sei.or.jp,山形県酒田市泉町１番地１６,0234-35-1339,厚生労働省オープンデータ,https://www.mhlw.go.jp/content/12300000/jigyosho_150.csv,2025-12末,https://www.google.com/search?q=%E5%81%A5%E7%94%9F%E3%81%B5%E3%82%8C%E3%81%82%E3%81%84%E3%82%AF%E3%83%AA%E3%83%8B%E3%83%83%E3%82%AF%E9%80%9A%E6%89%80%E4%BB%8B%E8%AD%B7%20%E9%85%92%E7%94%B0%E5%B8%82
デイサービスセンター　ネスト・デイ,デイサービス,山形県,新庄市,"介護,デイサービス",日中に通って食事・入浴・機能訓練・見守りなどを受けるサービスです。,http://www.dreamnest.or.jp,山形県新庄市住吉町３番３号,0233-23-3993,厚生労働省オープンデータ,https://www.mhlw.go.jp/content/12300000/jigyosho_150.csv,2025-12末,https://www.google.com/search?q=%E3%83%87%E3%82%A4%E3%82%B5%E3%83%BC%E3%83%93%E3%82%B9%E3%82%BB%E3%83%B3%E3%82%BF%E3%83%BC%E3%80%80%E3%83%8D%E3%82%B9%E3%83%88%E3%83%BB%E3%83%87%E3%82%A4%20%E6%96%B0%E5%BA%84%E5%B8%82
カイセイデイサービス,デイサービス,山形県,新庄市,"介護,デイサービス",日中に通って食事・入浴・機能訓練・見守りなどを受けるサービスです。,http://www.kaisei-company.com,新庄市末広町7-4,0233-29-2912,厚生労働省オープンデータ,https://www.mhlw.go.jp/content/12300000/jigyosho_150.csv,2025-12末,https://www.google.com/search?q=%E3%82%AB%E3%82%A4%E3%82%BB%E3%82%A4%E3%83%87%E3%82%A4%E3%82%B5%E3%83%BC%E3%83%93%E3%82%B9%20%E6%96%B0%E5%BA%84%E5%B8%82
カイセイホーム・デイ,デイサービス,山形県,新庄市,"介護,デイサービス",日中に通って食事・入浴・機能訓練・見守りなどを受けるサービスです。,http://www.kaisei-company.com/,山形県新庄市末広町7-3,0233-29-2912,厚生労働省オープンデータ,https://www.mhlw.go.jp/content/12300000/jigyosho_150.csv,2025-12末,https://www.google.com/search?q=%E3%82%AB%E3%82%A4%E3%82%BB%E3%82%A4%E3%83%9B%E3%83%BC%E3%83%A0%E3%83%BB%E3%83%87%E3%82%A4%20%E6%96%B0%E5%BA%84%E5%B8%82
カイセイほっと新庄,デイサービス,山形県,新庄市,"介護,デイサービス",日中に通って食事・入浴・機能訓練・見守りなどを受けるサービスです。,http://www.kaisei-company.com,山形県新庄市大字泉田字下村西19-72,0233-25-2312,厚生労働省オープンデータ,https://www.mhlw.go.jp/content/12300000/jigyosho_150.csv,2025-12末,https://www.google.com/search?q=%E3%82%AB%E3%82%A4%E3%82%BB%E3%82%A4%E3%81%BB%E3%81%A3%E3%81%A8%E6%96%B0%E5%BA%84%20%E6%96%B0%E5%BA%84%E5%B8%82
デイサービスセカンドライフ,デイサービス,山形県,新庄市,"介護,デイサービス",日中に通って食事・入浴・機能訓練・見守りなどを受けるサービスです。,https://www.google.com/search?q=%E3%83%87%E3%82%A4%E3%82%B5%E3%83%BC%E3%83%93%E3%82%B9%E3%82%BB%E3%82%AB%E3%83%B3%E3%83%89%E3%83%A9%E3%82%A4%E3%83%95%20%E6%96%B0%E5%BA%84%E5%B8%82,山形県新庄市鳥越９９９－２１,０２３３－３２－０９１３,厚生労働省オープンデータ,https://www.mhlw.go.jp/content/12300000/jigyosho_150.csv,2025-12末,https://www.google.com/search?q=%E3%83%87%E3%82%A4%E3%82%B5%E3%83%BC%E3%83%93%E3%82%B9%E3%82%BB%E3%82%AB%E3%83%B3%E3%83%89%E3%83%A9%E3%82%A4%E3%83%95%20%E6%96%B0%E5%BA%84%E5%B8%82
デイサービスマイライフ,デイサービス,山形県,新庄市,"介護,デイサービス",日中に通って食事・入浴・機能訓練・見守りなどを受けるサービスです。,https://www.google.com/search?q=%E3%83%87%E3%82%A4%E3%82%B5%E3%83%BC%E3%83%93%E3%82%B9%E3%83%9E%E3%82%A4%E3%83%A9%E3%82%A4%E3%83%95%20%E6%96%B0%E5%BA%84%E5%B8%82,山形県新庄市大字泉田字上村西１２１,0233-32-1648,厚生労働省オープンデータ,https://www.mhlw.go.jp/content/12300000/jigyosho_150.csv,2025-12末,https://www.google.com/search?q=%E3%83%87%E3%82%A4%E3%82%B5%E3%83%BC%E3%83%93%E3%82%B9%E3%83%9E%E3%82%A4%E3%83%A9%E3%82%A4%E3%83%95%20%E6%96%B0%E5%BA%84%E5%B8%82
デイサービスセンター第二あじさい,デイサービス,山形県,新庄市,"介護,デイサービス",日中に通って食事・入浴・機能訓練・見守りなどを受けるサービスです。,https://www.google.com/search?q=%E3%83%87%E3%82%A4%E3%82%B5%E3%83%BC%E3%83%93%E3%82%B9%E3%82%BB%E3%83%B3%E3%82%BF%E3%83%BC%E7%AC%AC%E4%BA%8C%E3%81%82%E3%81%98%E3%81%95%E3%81%84%20%E6%96%B0%E5%BA%84%E5%B8%82,山形県新庄市大字泉田字上村西170番地,0233-25-2223,厚生労働省オープンデータ,https://www.mhlw.go.jp/content/12300000/jigyosho_150.csv,2025-12末,https://www.google.com/search?q=%E3%83%87%E3%82%A4%E3%82%B5%E3%83%BC%E3%83%93%E3%82%B9%E3%82%BB%E3%83%B3%E3%82%BF%E3%83%BC%E7%AC%AC%E4%BA%8C%E3%81%82%E3%81%98%E3%81%95%E3%81%84%20%E6%96%B0%E5%BA%84%E5%B8%82
デイサービスカナン,デイサービス,山形県,新庄市,"介護,デイサービス",日中に通って食事・入浴・機能訓練・見守りなどを受けるサービスです。,http://care-home-canaan.com,山形県新庄市金沢2864番地,0233-22-2911,厚生労働省オープンデータ,https://www.mhlw.go.jp/content/12300000/jigyosho_150.csv,2025-12末,https://www.google.com/search?q=%E3%83%87%E3%82%A4%E3%82%B5%E3%83%BC%E3%83%93%E3%82%B9%E3%82%AB%E3%83%8A%E3%83%B3%20%E6%96%B0%E5%BA%84%E5%B8%82
デイサービス「かつろく」,デイサービス,山形県,新庄市,"介護,デイサービス",日中に通って食事・入浴・機能訓練・見守りなどを受けるサービスです。,https://katsuroku.jp/,山形県新庄市金沢字西ノ山3027-10,0233-28-7870,厚生労働省オープンデータ,https://www.mhlw.go.jp/content/12300000/jigyosho_150.csv,2025-12末,https://www.google.com/search?q=%E3%83%87%E3%82%A4%E3%82%B5%E3%83%BC%E3%83%93%E3%82%B9%E3%80%8C%E3%81%8B%E3%81%A4%E3%82%8D%E3%81%8F%E3%80%8D%20%E6%96%B0%E5%BA%84%E5%B8%82
福祉ステーション・つばさ,デイサービス,山形県,新庄市,"介護,デイサービス",日中に通って食事・入浴・機能訓練・見守りなどを受けるサービスです。,https://www.google.com/search?q=%E7%A6%8F%E7%A5%89%E3%82%B9%E3%83%86%E3%83%BC%E3%82%B7%E3%83%A7%E3%83%B3%E3%83%BB%E3%81%A4%E3%81%B0%E3%81%95%20%E6%96%B0%E5%BA%84%E5%B8%82,山形県新庄市大町3番34号,0233－32－0320,厚生労働省オープンデータ,https://www.mhlw.go.jp/content/12300000/jigyosho_150.csv,2025-12末,https://www.google.com/search?q=%E7%A6%8F%E7%A5%89%E3%82%B9%E3%83%86%E3%83%BC%E3%82%B7%E3%83%A7%E3%83%B3%E3%83%BB%E3%81%A4%E3%81%B0%E3%81%95%20%E6%96%B0%E5%BA%84%E5%B8%82
デイサービスセンターぱれっと新庄,デイサービス,山形県,新庄市,"介護,デイサービス",日中に通って食事・入浴・機能訓練・見守りなどを受けるサービスです。,https://www.yis-palette.co.jp/,山形県新庄市大字萩野字横根山101-1,0233-25-2231,厚生労働省オープンデータ,https://www.mhlw.go.jp/content/12300000/jigyosho_150.csv,2025-12末,https://www.google.com/search?q=%E3%83%87%E3%82%A4%E3%82%B5%E3%83%BC%E3%83%93%E3%82%B9%E3%82%BB%E3%83%B3%E3%82%BF%E3%83%BC%E3%81%B1%E3%82%8C%E3%81%A3%E3%81%A8%E6%96%B0%E5%BA%84%20%E6%96%B0%E5%BA%84%E5%B8%82
ＳＯＭＰＯケア　新庄金沢　デイサービス,デイサービス,山形県,新庄市,"介護,デイサービス",日中に通って食事・入浴・機能訓練・見守りなどを受けるサービスです。,https://www.sompocare.com,山形県新庄市金沢1863-1,0233-23-5351,厚生労働省オープンデータ,https://www.mhlw.go.jp/content/12300000/jigyosho_150.csv,2025-12末,https://www.google.com/search?q=%EF%BC%B3%EF%BC%AF%EF%BC%AD%EF%BC%B0%EF%BC%AF%E3%82%B1%E3%82%A2%E3%80%80%E6%96%B0%E5%BA%84%E9%87%91%E6%B2%A2%E3%80%80%E3%83%87%E3%82%A4%E3%82%B5%E3%83%BC%E3%83%93%E3%82%B9%20%E6%96%B0%E5%BA%84%E5%B8%82
ディサービスセンター三光舎・新庄,デイサービス,山形県,新庄市,"介護,デイサービス",日中に通って食事・入浴・機能訓練・見守りなどを受けるサービスです。,https://www.google.com/search?q=%E3%83%87%E3%82%A3%E3%82%B5%E3%83%BC%E3%83%93%E3%82%B9%E3%82%BB%E3%83%B3%E3%82%BF%E3%83%BC%E4%B8%89%E5%85%89%E8%88%8E%E3%83%BB%E6%96%B0%E5%BA%84%20%E6%96%B0%E5%BA%84%E5%B8%82,山形県新庄市万場町３番地の２９,0233-22-0786,厚生労働省オープンデータ,https://www.mhlw.go.jp/content/12300000/jigyosho_150.csv,2025-12末,https://www.google.com/search?q=%E3%83%87%E3%82%A3%E3%82%B5%E3%83%BC%E3%83%93%E3%82%B9%E3%82%BB%E3%83%B3%E3%82%BF%E3%83%BC%E4%B8%89%E5%85%89%E8%88%8E%E3%83%BB%E6%96%B0%E5%BA%84%20%E6%96%B0%E5%BA%84%E5%B8%82
デイサービスいぶき,デイサービス,山形県,新庄市,"介護,デイサービス",日中に通って食事・入浴・機能訓練・見守りなどを受けるサービスです。,https://www.google.com/search?q=%E3%83%87%E3%82%A4%E3%82%B5%E3%83%BC%E3%83%93%E3%82%B9%E3%81%84%E3%81%B6%E3%81%8D%20%E6%96%B0%E5%BA%84%E5%B8%82,山形県新庄市大字松本３９３番地の９,０２３３－２２－１３７２,厚生労働省オープンデータ,https://www.mhlw.go.jp/content/12300000/jigyosho_150.csv,2025-12末,https://www.google.com/search?q=%E3%83%87%E3%82%A4%E3%82%B5%E3%83%BC%E3%83%93%E3%82%B9%E3%81%84%E3%81%B6%E3%81%8D%20%E6%96%B0%E5%BA%84%E5%B8%82
デイサロン日和,デイサービス,山形県,新庄市,"介護,デイサービス",日中に通って食事・入浴・機能訓練・見守りなどを受けるサービスです。,http://hiyori.colasse.jp/,山形県新庄市本町4番33号こらっせ新庄2階,0233320565,厚生労働省オープンデータ,https://www.mhlw.go.jp/content/12300000/jigyosho_150.csv,2025-12末,https://www.google.com/search?q=%E3%83%87%E3%82%A4%E3%82%B5%E3%83%AD%E3%83%B3%E6%97%A5%E5%92%8C%20%E6%96%B0%E5%BA%84%E5%B8%82
デイサービス　み～んな　えがお,デイサービス,山形県,寒河江市,"介護,デイサービス",日中に通って食事・入浴・機能訓練・見守りなどを受けるサービスです。,https://www.google.com/search?q=%E3%83%87%E3%82%A4%E3%82%B5%E3%83%BC%E3%83%93%E3%82%B9%E3%80%80%E3%81%BF%EF%BD%9E%E3%82%93%E3%81%AA%E3%80%80%E3%81%88%E3%81%8C%E3%81%8A%20%E5%AF%92%E6%B2%B3%E6%B1%9F%E5%B8%82,寒河江市大字西根字石川西269-1,0237-85-1201,厚生労働省オープンデータ,https://www.mhlw.go.jp/content/12300000/jigyosho_150.csv,2025-12末,https://www.google.com/search?q=%E3%83%87%E3%82%A4%E3%82%B5%E3%83%BC%E3%83%93%E3%82%B9%E3%80%80%E3%81%BF%EF%BD%9E%E3%82%93%E3%81%AA%E3%80%80%E3%81%88%E3%81%8C%E3%81%8A%20%E5%AF%92%E6%B2%B3%E6%B1%9F%E5%B8%82
リハビリセンターVESTA,デイサービス,山形県,寒河江市,"介護,デイサービス",日中に通って食事・入浴・機能訓練・見守りなどを受けるサービスです。,https://vesita.co.jp,寒河江市栄町8-41SAKAECHOU841,0237-84-1907,厚生労働省オープンデータ,https://www.mhlw.go.jp/content/12300000/jigyosho_150.csv,2025-12末,https://www.google.com/search?q=%E3%83%AA%E3%83%8F%E3%83%93%E3%83%AA%E3%82%BB%E3%83%B3%E3%82%BF%E3%83%BCVESTA%20%E5%AF%92%E6%B2%B3%E6%B1%9F%E5%B8%82
デイサービス花,デイサービス,山形県,寒河江市,"介護,デイサービス",日中に通って食事・入浴・機能訓練・見守りなどを受けるサービスです。,https://vesita.co.jp/,山形県寒河江市大字日和田6番地の14,0237-83-2487,厚生労働省オープンデータ,https://www.mhlw.go.jp/content/12300000/jigyosho_150.csv,2025-12末,https://www.google.com/search?q=%E3%83%87%E3%82%A4%E3%82%B5%E3%83%BC%E3%83%93%E3%82%B9%E8%8A%B1%20%E5%AF%92%E6%B2%B3%E6%B1%9F%E5%B8%82
デイサービスなごみ,デイサービス,山形県,寒河江市,"介護,デイサービス",日中に通って食事・入浴・機能訓練・見守りなどを受けるサービスです。,https://vesita.co.jp/,寒河江市大字日和田６番地の11,0237-85-0753,厚生労働省オープンデータ,https://www.mhlw.go.jp/content/12300000/jigyosho_150.csv,2025-12末,https://www.google.com/search?q=%E3%83%87%E3%82%A4%E3%82%B5%E3%83%BC%E3%83%93%E3%82%B9%E3%81%AA%E3%81%94%E3%81%BF%20%E5%AF%92%E6%B2%B3%E6%B1%9F%E5%B8%82
ツクイ寒河江,デイサービス,山形県,寒河江市,"介護,デイサービス",日中に通って食事・入浴・機能訓練・見守りなどを受けるサービスです。,https://www.google.com/search?q=%E3%83%84%E3%82%AF%E3%82%A4%E5%AF%92%E6%B2%B3%E6%B1%9F%20%E5%AF%92%E6%B2%B3%E6%B1%9F%E5%B8%82,山形県寒河江市緑町108-2,0237-83-1288,厚生労働省オープンデータ,https://www.mhlw.go.jp/content/12300000/jigyosho_150.csv,2025-12末,https://www.google.com/search?q=%E3%83%84%E3%82%AF%E3%82%A4%E5%AF%92%E6%B2%B3%E6%B1%9F%20%E5%AF%92%E6%B2%B3%E6%B1%9F%E5%B8%82
ソーレホーム寒河江デイサービス,デイサービス,山形県,寒河江市,"介護,デイサービス",日中に通って食事・入浴・機能訓練・見守りなどを受けるサービスです。,http://www.sole.ne.jp,寒河江市越井坂町142番1号,0237-83-3330,厚生労働省オープンデータ,https://www.mhlw.go.jp/content/12300000/jigyosho_150.csv,2025-12末,https://www.google.com/search?q=%E3%82%BD%E3%83%BC%E3%83%AC%E3%83%9B%E3%83%BC%E3%83%A0%E5%AF%92%E6%B2%B3%E6%B1%9F%E3%83%87%E3%82%A4%E3%82%B5%E3%83%BC%E3%83%93%E3%82%B9%20%E5%AF%92%E6%B2%B3%E6%B1%9F%E5%B8%82
長生園指定通所介護事業所,デイサービス,山形県,寒河江市,"介護,デイサービス",日中に通って食事・入浴・機能訓練・見守りなどを受けるサービスです。,http://www.chouseien.or.jp,寒河江市大字柴橋2246番地の1,0237-86-5855,厚生労働省オープンデータ,https://www.mhlw.go.jp/content/12300000/jigyosho_150.csv,2025-12末,https://www.google.com/search?q=%E9%95%B7%E7%94%9F%E5%9C%92%E6%8C%87%E5%AE%9A%E9%80%9A%E6%89%80%E4%BB%8B%E8%AD%B7%E4%BA%8B%E6%A5%AD%E6%89%80%20%E5%AF%92%E6%B2%B3%E6%B1%9F%E5%B8%82
デイサービスセンター　しらいわ,デイサービス,山形県,寒河江市,"介護,デイサービス",日中に通って食事・入浴・機能訓練・見守りなどを受けるサービスです。,https://www.sagae-yuuyuukai.org/,山形県寒河江市大字白岩６３２４番地,0237-87-5110,厚生労働省オープンデータ,https://www.mhlw.go.jp/content/12300000/jigyosho_150.csv,2025-12末,https://www.google.com/search?q=%E3%83%87%E3%82%A4%E3%82%B5%E3%83%BC%E3%83%93%E3%82%B9%E3%82%BB%E3%83%B3%E3%82%BF%E3%83%BC%E3%80%80%E3%81%97%E3%82%89%E3%81%84%E3%82%8F%20%E5%AF%92%E6%B2%B3%E6%B1%9F%E5%B8%82
笑和感,デイサービス,山形県,寒河江市,"介護,デイサービス",日中に通って食事・入浴・機能訓練・見守りなどを受けるサービスです。,https://aozora-kaigo.com/,寒河江市大字白岩８番地１,0237-85-0366,厚生労働省オープンデータ,https://www.mhlw.go.jp/content/12300000/jigyosho_150.csv,2025-12末,https://www.google.com/search?q=%E7%AC%91%E5%92%8C%E6%84%9F%20%E5%AF%92%E6%B2%B3%E6%B1%9F%E5%B8%82
宅老所南さがえ,デイサービス,山形県,寒河江市,"介護,デイサービス",日中に通って食事・入浴・機能訓練・見守りなどを受けるサービスです。,http://www.t-fukushi-service.co.jp/dayservice/sagae.html,山形県寒河江市大字島字島東30-1,0237-83-1147,厚生労働省オープンデータ,https://www.mhlw.go.jp/content/12300000/jigyosho_150.csv,2025-12末,https://www.google.com/search?q=%E5%AE%85%E8%80%81%E6%89%80%E5%8D%97%E3%81%95%E3%81%8C%E3%81%88%20%E5%AF%92%E6%B2%B3%E6%B1%9F%E5%B8%82
さがえ西村山農業協同組合,デイサービス,山形県,寒河江市,"介護,デイサービス",日中に通って食事・入浴・機能訓練・見守りなどを受けるサービスです。,http://www.ic-net.or.jp/home/jasagae/,山形県寒河江市大字寒河江字久保２番地ＪＡ健康福祉センター,0237-86-8165,厚生労働省オープンデータ,https://www.mhlw.go.jp/content/12300000/jigyosho_150.csv,2025-12末,https://www.google.com/search?q=%E3%81%95%E3%81%8C%E3%81%88%E8%A5%BF%E6%9D%91%E5%B1%B1%E8%BE%B2%E6%A5%AD%E5%8D%94%E5%90%8C%E7%B5%84%E5%90%88%20%E5%AF%92%E6%B2%B3%E6%B1%9F%E5%B8%82
通所介護つつじの家,デイサービス,山形県,寒河江市,"介護,デイサービス",日中に通って食事・入浴・機能訓練・見守りなどを受けるサービスです。,https://www.npo-ajisai.jp/,山形県寒河江市大字寒河江字塩水6-1つつじの家,0237-85-1326,厚生労働省オープンデータ,https://www.mhlw.go.jp/content/12300000/jigyosho_150.csv,2025-12末,https://www.google.com/search?q=%E9%80%9A%E6%89%80%E4%BB%8B%E8%AD%B7%E3%81%A4%E3%81%A4%E3%81%98%E3%81%AE%E5%AE%B6%20%E5%AF%92%E6%B2%B3%E6%B1%9F%E5%B8%82
コンパスウォーク上山石崎店,デイサービス,山形県,上山市,"介護,デイサービス",日中に通って食事・入浴・機能訓練・見守りなどを受けるサービスです。,https://www.google.com/search?q=%E3%82%B3%E3%83%B3%E3%83%91%E3%82%B9%E3%82%A6%E3%82%A9%E3%83%BC%E3%82%AF%E4%B8%8A%E5%B1%B1%E7%9F%B3%E5%B4%8E%E5%BA%97%20%E4%B8%8A%E5%B1%B1%E5%B8%82,山形県上山市石崎1丁目2番地41,023-666-5180,厚生労働省オープンデータ,https://www.mhlw.go.jp/content/12300000/jigyosho_150.csv,2025-12末,https://www.google.com/search?q=%E3%82%B3%E3%83%B3%E3%83%91%E3%82%B9%E3%82%A6%E3%82%A9%E3%83%BC%E3%82%AF%E4%B8%8A%E5%B1%B1%E7%9F%B3%E5%B4%8E%E5%BA%97%20%E4%B8%8A%E5%B1%B1%E5%B8%82
みゆきデイサービス金生,デイサービス,山形県,上山市,"介護,デイサービス",日中に通って食事・入浴・機能訓練・見守りなどを受けるサービスです。,https://www.miyuki.or.jp/,山形県上山市金生東二丁目6-41,023-672-5201,厚生労働省オープンデータ,https://www.mhlw.go.jp/content/12300000/jigyosho_150.csv,2025-12末,https://www.google.com/search?q=%E3%81%BF%E3%82%86%E3%81%8D%E3%83%87%E3%82%A4%E3%82%B5%E3%83%BC%E3%83%93%E3%82%B9%E9%87%91%E7%94%9F%20%E4%B8%8A%E5%B1%B1%E5%B8%82
デイサービスセンターまる指定通所介護事業所,デイサービス,山形県,上山市,"介護,デイサービス",日中に通って食事・入浴・機能訓練・見守りなどを受けるサービスです。,http://www.miyuki-fukushi.jp/,山形県上山市牧野字清水21-1,023-674-3380,厚生労働省オープンデータ,https://www.mhlw.go.jp/content/12300000/jigyosho_150.csv,2025-12末,https://www.google.com/search?q=%E3%83%87%E3%82%A4%E3%82%B5%E3%83%BC%E3%83%93%E3%82%B9%E3%82%BB%E3%83%B3%E3%82%BF%E3%83%BC%E3%81%BE%E3%82%8B%E6%8C%87%E5%AE%9A%E9%80%9A%E6%89%80%E4%BB%8B%E8%AD%B7%E4%BA%8B%E6%A5%AD%E6%89%80%20%E4%B8%8A%E5%B1%B1%E5%B8%82
デイサービスセンターひがしざわ,デイサービス,山形県,村山市,"介護,デイサービス",日中に通って食事・入浴・機能訓練・見守りなどを受けるサービスです。,http://kjg-net.jp/,山形県村山市楯岡笛田二丁目１９番５７号,0237-52-1511,厚生労働省オープンデータ,https://www.mhlw.go.jp/content/12300000/jigyosho_150.csv,2025-12末,https://www.google.com/search?q=%E3%83%87%E3%82%A4%E3%82%B5%E3%83%BC%E3%83%93%E3%82%B9%E3%82%BB%E3%83%B3%E3%82%BF%E3%83%BC%E3%81%B2%E3%81%8C%E3%81%97%E3%81%96%E3%82%8F%20%E6%9D%91%E5%B1%B1%E5%B8%82
デイサービスまごころ村山,デイサービス,山形県,村山市,"介護,デイサービス",日中に通って食事・入浴・機能訓練・見守りなどを受けるサービスです。,https://www.google.com/search?q=%E3%83%87%E3%82%A4%E3%82%B5%E3%83%BC%E3%83%93%E3%82%B9%E3%81%BE%E3%81%94%E3%81%93%E3%82%8D%E6%9D%91%E5%B1%B1%20%E6%9D%91%E5%B1%B1%E5%B8%82,山形県村山市櫤山字金谷西4752-1,0237-53-8471,厚生労働省オープンデータ,https://www.mhlw.go.jp/content/12300000/jigyosho_150.csv,2025-12末,https://www.google.com/search?q=%E3%83%87%E3%82%A4%E3%82%B5%E3%83%BC%E3%83%93%E3%82%B9%E3%81%BE%E3%81%94%E3%81%93%E3%82%8D%E6%9D%91%E5%B1%B1%20%E6%9D%91%E5%B1%B1%E5%B8%82
指定通所介護事業所ふもと,デイサービス,山形県,村山市,"介護,デイサービス",日中に通って食事・入浴・機能訓練・見守りなどを受けるサービスです。,http://murayama-hikari-kouseikai.jp/,山形県村山市大字湯野沢956番地の3,0237-54-2010,厚生労働省オープンデータ,https://www.mhlw.go.jp/content/12300000/jigyosho_150.csv,2025-12末,https://www.google.com/search?q=%E6%8C%87%E5%AE%9A%E9%80%9A%E6%89%80%E4%BB%8B%E8%AD%B7%E4%BA%8B%E6%A5%AD%E6%89%80%E3%81%B5%E3%82%82%E3%81%A8%20%E6%9D%91%E5%B1%B1%E5%B8%82
ニチイケアセンター村山,デイサービス,山形県,村山市,"介護,デイサービス",日中に通って食事・入浴・機能訓練・見守りなどを受けるサービスです。,http://www.nichiigakkan.co.jp,山形県村山市楯岡五日町16-15,0237-52-0233,厚生労働省オープンデータ,https://www.mhlw.go.jp/content/12300000/jigyosho_150.csv,2025-12末,https://www.google.com/search?q=%E3%83%8B%E3%83%81%E3%82%A4%E3%82%B1%E3%82%A2%E3%82%BB%E3%83%B3%E3%82%BF%E3%83%BC%E6%9D%91%E5%B1%B1%20%E6%9D%91%E5%B1%B1%E5%B8%82
デイサービスセンター　香紅の里,デイサービス,山形県,村山市,"介護,デイサービス",日中に通って食事・入浴・機能訓練・見守りなどを受けるサービスです。,http://www.ryokuaikai.com,村山市楯岡俵町20－19,0237-52-1001,厚生労働省オープンデータ,https://www.mhlw.go.jp/content/12300000/jigyosho_150.csv,2025-12末,https://www.google.com/search?q=%E3%83%87%E3%82%A4%E3%82%B5%E3%83%BC%E3%83%93%E3%82%B9%E3%82%BB%E3%83%B3%E3%82%BF%E3%83%BC%E3%80%80%E9%A6%99%E7%B4%85%E3%81%AE%E9%87%8C%20%E6%9D%91%E5%B1%B1%E5%B8%82
デイサービスセンター菊香,デイサービス,山形県,村山市,"介護,デイサービス",日中に通って食事・入浴・機能訓練・見守りなどを受けるサービスです。,https://www.google.com/search?q=%E3%83%87%E3%82%A4%E3%82%B5%E3%83%BC%E3%83%93%E3%82%B9%E3%82%BB%E3%83%B3%E3%82%BF%E3%83%BC%E8%8F%8A%E9%A6%99%20%E6%9D%91%E5%B1%B1%E5%B8%82,山形県村山市中央二丁目５番４３号,0237-53-0168,厚生労働省オープンデータ,https://www.mhlw.go.jp/content/12300000/jigyosho_150.csv,2025-12末,https://www.google.com/search?q=%E3%83%87%E3%82%A4%E3%82%B5%E3%83%BC%E3%83%93%E3%82%B9%E3%82%BB%E3%83%B3%E3%82%BF%E3%83%BC%E8%8F%8A%E9%A6%99%20%E6%9D%91%E5%B1%B1%E5%B8%82
デイサービス　にしごう,デイサービス,山形県,村山市,"介護,デイサービス",日中に通って食事・入浴・機能訓練・見守りなどを受けるサービスです。,https://www.google.com/search?q=%E3%83%87%E3%82%A4%E3%82%B5%E3%83%BC%E3%83%93%E3%82%B9%E3%80%80%E3%81%AB%E3%81%97%E3%81%94%E3%81%86%20%E6%9D%91%E5%B1%B1%E5%B8%82,山形県村山市大字名取1020番地,0237-52-1020,厚生労働省オープンデータ,https://www.mhlw.go.jp/content/12300000/jigyosho_150.csv,2025-12末,https://www.google.com/search?q=%E3%83%87%E3%82%A4%E3%82%B5%E3%83%BC%E3%83%93%E3%82%B9%E3%80%80%E3%81%AB%E3%81%97%E3%81%94%E3%81%86%20%E6%9D%91%E5%B1%B1%E5%B8%82
リバーヒルデイサービスセンターすこやか,デイサービス,山形県,長井市,"介護,デイサービス",日中に通って食事・入浴・機能訓練・見守りなどを受けるサービスです。,https://www.riverhill.jp,山形県長井市中道２丁目２－３７,0238-88-1013,厚生労働省オープンデータ,https://www.mhlw.go.jp/content/12300000/jigyosho_150.csv,2025-12末,https://www.google.com/search?q=%E3%83%AA%E3%83%90%E3%83%BC%E3%83%92%E3%83%AB%E3%83%87%E3%82%A4%E3%82%B5%E3%83%BC%E3%83%93%E3%82%B9%E3%82%BB%E3%83%B3%E3%82%BF%E3%83%BC%E3%81%99%E3%81%93%E3%82%84%E3%81%8B%20%E9%95%B7%E4%BA%95%E5%B8%82
慈光園中央デイサービスセンター,デイサービス,山形県,長井市,"介護,デイサービス",日中に通って食事・入浴・機能訓練・見守りなどを受けるサービスです。,http://www2.jan.ne.jp/~jikouen1/,山形県長井市ままの上７番１０号保健センター内,0238-84-6801,厚生労働省オープンデータ,https://www.mhlw.go.jp/content/12300000/jigyosho_150.csv,2025-12末,https://www.google.com/search?q=%E6%85%88%E5%85%89%E5%9C%92%E4%B8%AD%E5%A4%AE%E3%83%87%E3%82%A4%E3%82%B5%E3%83%BC%E3%83%93%E3%82%B9%E3%82%BB%E3%83%B3%E3%82%BF%E3%83%BC%20%E9%95%B7%E4%BA%95%E5%B8%82
慈光園デイサービスセンター,デイサービス,山形県,長井市,"介護,デイサービス",日中に通って食事・入浴・機能訓練・見守りなどを受けるサービスです。,http://www2.jan.ne.jp/jikouen1/,山形県長井市小出3453番地,0238-84-3021,厚生労働省オープンデータ,https://www.mhlw.go.jp/content/12300000/jigyosho_150.csv,2025-12末,https://www.google.com/search?q=%E6%85%88%E5%85%89%E5%9C%92%E3%83%87%E3%82%A4%E3%82%B5%E3%83%BC%E3%83%93%E3%82%B9%E3%82%BB%E3%83%B3%E3%82%BF%E3%83%BC%20%E9%95%B7%E4%BA%95%E5%B8%82
ツクイ長井,デイサービス,山形県,長井市,"介護,デイサービス",日中に通って食事・入浴・機能訓練・見守りなどを受けるサービスです。,http://www.tsukui.net/,山形県長井市九野本268番地,0238-83-3770,厚生労働省オープンデータ,https://www.mhlw.go.jp/content/12300000/jigyosho_150.csv,2025-12末,https://www.google.com/search?q=%E3%83%84%E3%82%AF%E3%82%A4%E9%95%B7%E4%BA%95%20%E9%95%B7%E4%BA%95%E5%B8%82
デイサービスセンター　風ぐるま,デイサービス,山形県,長井市,"介護,デイサービス",日中に通って食事・入浴・機能訓練・見守りなどを受けるサービスです。,curedream.com,山形県長井市今泉2944-3,0238-88-5660,厚生労働省オープンデータ,https://www.mhlw.go.jp/content/12300000/jigyosho_150.csv,2025-12末,https://www.google.com/search?q=%E3%83%87%E3%82%A4%E3%82%B5%E3%83%BC%E3%83%93%E3%82%B9%E3%82%BB%E3%83%B3%E3%82%BF%E3%83%BC%E3%80%80%E9%A2%A8%E3%81%90%E3%82%8B%E3%81%BE%20%E9%95%B7%E4%BA%95%E5%B8%82
指定通所介護事業所　デイサービスセンターあこがれ,デイサービス,山形県,天童市,"介護,デイサービス",日中に通って食事・入浴・機能訓練・見守りなどを受けるサービスです。,https://www.google.com/search?q=%E6%8C%87%E5%AE%9A%E9%80%9A%E6%89%80%E4%BB%8B%E8%AD%B7%E4%BA%8B%E6%A5%AD%E6%89%80%E3%80%80%E3%83%87%E3%82%A4%E3%82%B5%E3%83%BC%E3%83%93%E3%82%B9%E3%82%BB%E3%83%B3%E3%82%BF%E3%83%BC%E3%81%82%E3%81%93%E3%81%8C%E3%82%8C%20%E5%A4%A9%E7%AB%A5%E5%B8%82,天童市大字荒谷1973番地1345,023-652-2711,厚生労働省オープンデータ,https://www.mhlw.go.jp/content/12300000/jigyosho_150.csv,2025-12末,https://www.google.com/search?q=%E6%8C%87%E5%AE%9A%E9%80%9A%E6%89%80%E4%BB%8B%E8%AD%B7%E4%BA%8B%E6%A5%AD%E6%89%80%E3%80%80%E3%83%87%E3%82%A4%E3%82%B5%E3%83%BC%E3%83%93%E3%82%B9%E3%82%BB%E3%83%B3%E3%82%BF%E3%83%BC%E3%81%82%E3%81%93%E3%81%8C%E3%82%8C%20%E5%A4%A9%E7%AB%A5%E5%B8%82
久遠の湯デイサービス,デイサービス,山形県,天童市,"介護,デイサービス",日中に通って食事・入浴・機能訓練・見守りなどを受けるサービスです。,http://www.kuon-tendo.jp,山形県天童市鎌田一丁目１－１１,023-651-5667,厚生労働省オープンデータ,https://www.mhlw.go.jp/content/12300000/jigyosho_150.csv,2025-12末,https://www.google.com/search?q=%E4%B9%85%E9%81%A0%E3%81%AE%E6%B9%AF%E3%83%87%E3%82%A4%E3%82%B5%E3%83%BC%E3%83%93%E3%82%B9%20%E5%A4%A9%E7%AB%A5%E5%B8%82
天童デイサービスセンターつるかめ,デイサービス,山形県,天童市,"介護,デイサービス",日中に通って食事・入浴・機能訓練・見守りなどを受けるサービスです。,http://care-net.biz/06/turukame/index.php,山形県天童市大字小関１２０４－５,023-654-6478,厚生労働省オープンデータ,https://www.mhlw.go.jp/content/12300000/jigyosho_150.csv,2025-12末,https://www.google.com/search?q=%E5%A4%A9%E7%AB%A5%E3%83%87%E3%82%A4%E3%82%B5%E3%83%BC%E3%83%93%E3%82%B9%E3%82%BB%E3%83%B3%E3%82%BF%E3%83%BC%E3%81%A4%E3%82%8B%E3%81%8B%E3%82%81%20%E5%A4%A9%E7%AB%A5%E5%B8%82
天童デイサービスセンター　となりのつるかめ,デイサービス,山形県,天童市,"介護,デイサービス",日中に通って食事・入浴・機能訓練・見守りなどを受けるサービスです。,http://care-net.biz/06/turukame/,山形県天童市大字小関1204-6,023-676-7755,厚生労働省オープンデータ,https://www.mhlw.go.jp/content/12300000/jigyosho_150.csv,2025-12末,https://www.google.com/search?q=%E5%A4%A9%E7%AB%A5%E3%83%87%E3%82%A4%E3%82%B5%E3%83%BC%E3%83%93%E3%82%B9%E3%82%BB%E3%83%B3%E3%82%BF%E3%83%BC%E3%80%80%E3%81%A8%E3%81%AA%E3%82%8A%E3%81%AE%E3%81%A4%E3%82%8B%E3%81%8B%E3%82%81%20%E5%A4%A9%E7%AB%A5%E5%B8%82
デイサービスセンターわらうつるかめ,デイサービス,山形県,天童市,"介護,デイサービス",日中に通って食事・入浴・機能訓練・見守りなどを受けるサービスです。,https://www.google.com/search?q=%E3%83%87%E3%82%A4%E3%82%B5%E3%83%BC%E3%83%93%E3%82%B9%E3%82%BB%E3%83%B3%E3%82%BF%E3%83%BC%E3%82%8F%E3%82%89%E3%81%86%E3%81%A4%E3%82%8B%E3%81%8B%E3%82%81%20%E5%A4%A9%E7%AB%A5%E5%B8%82,山形県天童市北久野本１丁目２－３０,023-687-1122,厚生労働省オープンデータ,https://www.mhlw.go.jp/content/12300000/jigyosho_150.csv,2025-12末,https://www.google.com/search?q=%E3%83%87%E3%82%A4%E3%82%B5%E3%83%BC%E3%83%93%E3%82%B9%E3%82%BB%E3%83%B3%E3%82%BF%E3%83%BC%E3%82%8F%E3%82%89%E3%81%86%E3%81%A4%E3%82%8B%E3%81%8B%E3%82%81%20%E5%A4%A9%E7%AB%A5%E5%B8%82
介護予防センター歩くつるかめ,デイサービス,山形県,天童市,"介護,デイサービス",日中に通って食事・入浴・機能訓練・見守りなどを受けるサービスです。,http://care-net.biz/06/turukame/,山形県天童市北久野本二丁目4-6,023-674-0348,厚生労働省オープンデータ,https://www.mhlw.go.jp/content/12300000/jigyosho_150.csv,2025-12末,https://www.google.com/search?q=%E4%BB%8B%E8%AD%B7%E4%BA%88%E9%98%B2%E3%82%BB%E3%83%B3%E3%82%BF%E3%83%BC%E6%AD%A9%E3%81%8F%E3%81%A4%E3%82%8B%E3%81%8B%E3%82%81%20%E5%A4%A9%E7%AB%A5%E5%B8%82
社会福祉法人みらい　デイサービス　きらめきの里,デイサービス,山形県,天童市,"介護,デイサービス",日中に通って食事・入浴・機能訓練・見守りなどを受けるサービスです。,http://www.mirai-welfare.jp/,山形県天童市大字山口4540-1,023-665-5803,厚生労働省オープンデータ,https://www.mhlw.go.jp/content/12300000/jigyosho_150.csv,2025-12末,https://www.google.com/search?q=%E7%A4%BE%E4%BC%9A%E7%A6%8F%E7%A5%89%E6%B3%95%E4%BA%BA%E3%81%BF%E3%82%89%E3%81%84%E3%80%80%E3%83%87%E3%82%A4%E3%82%B5%E3%83%BC%E3%83%93%E3%82%B9%E3%80%80%E3%81%8D%E3%82%89%E3%82%81%E3%81%8D%E3%81%AE%E9%87%8C%20%E5%A4%A9%E7%AB%A5%E5%B8%82
清幸園デイサービスセンター,デイサービス,山形県,天童市,"介護,デイサービス",日中に通って食事・入浴・機能訓練・見守りなどを受けるサービスです。,http://www.seikouen.or.jp,天童市大清水４９１－１,023-651-3326,厚生労働省オープンデータ,https://www.mhlw.go.jp/content/12300000/jigyosho_150.csv,2025-12末,https://www.google.com/search?q=%E6%B8%85%E5%B9%B8%E5%9C%92%E3%83%87%E3%82%A4%E3%82%B5%E3%83%BC%E3%83%93%E3%82%B9%E3%82%BB%E3%83%B3%E3%82%BF%E3%83%BC%20%E5%A4%A9%E7%AB%A5%E5%B8%82
明幸園デイサービスセンター,デイサービス,山形県,天童市,"介護,デイサービス",日中に通って食事・入浴・機能訓練・見守りなどを受けるサービスです。,http://www.meikouen.or.jp,山形県天童市大字矢野目150番地,023-653-1530,厚生労働省オープンデータ,https://www.mhlw.go.jp/content/12300000/jigyosho_150.csv,2025-12末,https://www.google.com/search?q=%E6%98%8E%E5%B9%B8%E5%9C%92%E3%83%87%E3%82%A4%E3%82%B5%E3%83%BC%E3%83%93%E3%82%B9%E3%82%BB%E3%83%B3%E3%82%BF%E3%83%BC%20%E5%A4%A9%E7%AB%A5%E5%B8%82
リハビリ特化型デイサービス　カラダラボ　天童老野森,デイサービス,山形県,天童市,"介護,デイサービス",日中に通って食事・入浴・機能訓練・見守りなどを受けるサービスです。,https://www.google.com/search?q=%E3%83%AA%E3%83%8F%E3%83%93%E3%83%AA%E7%89%B9%E5%8C%96%E5%9E%8B%E3%83%87%E3%82%A4%E3%82%B5%E3%83%BC%E3%83%93%E3%82%B9%E3%80%80%E3%82%AB%E3%83%A9%E3%83%80%E3%83%A9%E3%83%9C%E3%80%80%E5%A4%A9%E7%AB%A5%E8%80%81%E9%87%8E%E6%A3%AE%20%E5%A4%A9%E7%AB%A5%E5%B8%82,山形県天童市老野森１丁目６－１０,023-665-5893,厚生労働省オープンデータ,https://www.mhlw.go.jp/content/12300000/jigyosho_150.csv,2025-12末,https://www.google.com/search?q=%E3%83%AA%E3%83%8F%E3%83%93%E3%83%AA%E7%89%B9%E5%8C%96%E5%9E%8B%E3%83%87%E3%82%A4%E3%82%B5%E3%83%BC%E3%83%93%E3%82%B9%E3%80%80%E3%82%AB%E3%83%A9%E3%83%80%E3%83%A9%E3%83%9C%E3%80%80%E5%A4%A9%E7%AB%A5%E8%80%81%E9%87%8E%E6%A3%AE%20%E5%A4%A9%E7%AB%A5%E5%B8%82
ソーシャル支援デイサービス,デイサービス,山形県,天童市,"介護,デイサービス",日中に通って食事・入浴・機能訓練・見守りなどを受けるサービスです。,http://care-net.biz/06/office-yamagata/company.php,山形県天童市糠塚2丁目9-6,023-674-6890,厚生労働省オープンデータ,https://www.mhlw.go.jp/content/12300000/jigyosho_150.csv,2025-12末,https://www.google.com/search?q=%E3%82%BD%E3%83%BC%E3%82%B7%E3%83%A3%E3%83%AB%E6%94%AF%E6%8F%B4%E3%83%87%E3%82%A4%E3%82%B5%E3%83%BC%E3%83%93%E3%82%B9%20%E5%A4%A9%E7%AB%A5%E5%B8%82
天童もみじ館,デイサービス,山形県,天童市,"介護,デイサービス",日中に通って食事・入浴・機能訓練・見守りなどを受けるサービスです。,http://www.t-fukushi-service.co.jp/,山形県天童市鎌田1-6-37,023-652-0223,厚生労働省オープンデータ,https://www.mhlw.go.jp/content/12300000/jigyosho_150.csv,2025-12末,https://www.google.com/search?q=%E5%A4%A9%E7%AB%A5%E3%82%82%E3%81%BF%E3%81%98%E9%A4%A8%20%E5%A4%A9%E7%AB%A5%E5%B8%82
デイフィットたび空,デイサービス,山形県,天童市,"介護,デイサービス",日中に通って食事・入浴・機能訓練・見守りなどを受けるサービスです。,https://www.google.com/search?q=%E3%83%87%E3%82%A4%E3%83%95%E3%82%A3%E3%83%83%E3%83%88%E3%81%9F%E3%81%B3%E7%A9%BA%20%E5%A4%A9%E7%AB%A5%E5%B8%82,山形県天童市一日町4丁目2ｰ6,023ｰ615ｰ9787,厚生労働省オープンデータ,https://www.mhlw.go.jp/content/12300000/jigyosho_150.csv,2025-12末,https://www.google.com/search?q=%E3%83%87%E3%82%A4%E3%83%95%E3%82%A3%E3%83%83%E3%83%88%E3%81%9F%E3%81%B3%E7%A9%BA%20%E5%A4%A9%E7%AB%A5%E5%B8%82
デイサービス　まごころ,デイサービス,山形県,東根市,"介護,デイサービス",日中に通って食事・入浴・機能訓練・見守りなどを受けるサービスです。,https://dayservicemagokoro.jimdo.com/,山形県東根市中央一丁目11-3ー,0237-53-6636,厚生労働省オープンデータ,https://www.mhlw.go.jp/content/12300000/jigyosho_150.csv,2025-12末,https://www.google.com/search?q=%E3%83%87%E3%82%A4%E3%82%B5%E3%83%BC%E3%83%93%E3%82%B9%E3%80%80%E3%81%BE%E3%81%94%E3%81%93%E3%82%8D%20%E6%9D%B1%E6%A0%B9%E5%B8%82
デイサービスセンターおさなぎ,デイサービス,山形県,東根市,"介護,デイサービス",日中に通って食事・入浴・機能訓練・見守りなどを受けるサービスです。,https://ims-tohoku.com>osanagi,山形県東根市中島通り一丁目25号,0237-47-1234,厚生労働省オープンデータ,https://www.mhlw.go.jp/content/12300000/jigyosho_150.csv,2025-12末,https://www.google.com/search?q=%E3%83%87%E3%82%A4%E3%82%B5%E3%83%BC%E3%83%93%E3%82%B9%E3%82%BB%E3%83%B3%E3%82%BF%E3%83%BC%E3%81%8A%E3%81%95%E3%81%AA%E3%81%8E%20%E6%9D%B1%E6%A0%B9%E5%B8%82
ほっとデイサ-ビスセンター水晶館,デイサービス,山形県,東根市,"介護,デイサービス",日中に通って食事・入浴・機能訓練・見守りなどを受けるサービスです。,hot.s@extra.ocn.ne.jp,東根市温泉町1-15-10,0237-43-2133,厚生労働省オープンデータ,https://www.mhlw.go.jp/content/12300000/jigyosho_150.csv,2025-12末,https://www.google.com/search?q=%E3%81%BB%E3%81%A3%E3%81%A8%E3%83%87%E3%82%A4%E3%82%B5-%E3%83%93%E3%82%B9%E3%82%BB%E3%83%B3%E3%82%BF%E3%83%BC%E6%B0%B4%E6%99%B6%E9%A4%A8%20%E6%9D%B1%E6%A0%B9%E5%B8%82
デイサービスセンター第二白水荘,デイサービス,山形県,東根市,"介護,デイサービス",日中に通って食事・入浴・機能訓練・見守りなどを受けるサービスです。,http://www.higashine-fukushikai.org,東根市大字蟹沢897-1,0237-41-1132,厚生労働省オープンデータ,https://www.mhlw.go.jp/content/12300000/jigyosho_150.csv,2025-12末,https://www.google.com/search?q=%E3%83%87%E3%82%A4%E3%82%B5%E3%83%BC%E3%83%93%E3%82%B9%E3%82%BB%E3%83%B3%E3%82%BF%E3%83%BC%E7%AC%AC%E4%BA%8C%E7%99%BD%E6%B0%B4%E8%8D%98%20%E6%9D%B1%E6%A0%B9%E5%B8%82
デイサービスセンター白水荘,デイサービス,山形県,東根市,"介護,デイサービス",日中に通って食事・入浴・機能訓練・見守りなどを受けるサービスです。,http://www.higashine-fukushikai.org,山形県東根市大字野川2074番地の99,0237-44-2784,厚生労働省オープンデータ,https://www.mhlw.go.jp/content/12300000/jigyosho_150.csv,2025-12末,https://www.google.com/search?q=%E3%83%87%E3%82%A4%E3%82%B5%E3%83%BC%E3%83%93%E3%82%B9%E3%82%BB%E3%83%B3%E3%82%BF%E3%83%BC%E7%99%BD%E6%B0%B4%E8%8D%98%20%E6%9D%B1%E6%A0%B9%E5%B8%82
宅老所じんまち,デイサービス,山形県,東根市,"介護,デイサービス",日中に通って食事・入浴・機能訓練・見守りなどを受けるサービスです。,http://www.fukushi-service.co.jp,山形県東根市神町西３丁目4-62,0237-49-1556,厚生労働省オープンデータ,https://www.mhlw.go.jp/content/12300000/jigyosho_150.csv,2025-12末,https://www.google.com/search?q=%E5%AE%85%E8%80%81%E6%89%80%E3%81%98%E3%82%93%E3%81%BE%E3%81%A1%20%E6%9D%B1%E6%A0%B9%E5%B8%82
月あかり神町,デイサービス,山形県,東根市,"介護,デイサービス",日中に通って食事・入浴・機能訓練・見守りなどを受けるサービスです。,http://www.t-fukushi-service.co.jp,山形県東根市神町北4-2-3,0237-53-1889,厚生労働省オープンデータ,https://www.mhlw.go.jp/content/12300000/jigyosho_150.csv,2025-12末,https://www.google.com/search?q=%E6%9C%88%E3%81%82%E3%81%8B%E3%82%8A%E7%A5%9E%E7%94%BA%20%E6%9D%B1%E6%A0%B9%E5%B8%82
ニチイケアセンター東根,デイサービス,山形県,東根市,"介護,デイサービス",日中に通って食事・入浴・機能訓練・見守りなどを受けるサービスです。,http://www.nichiigakkan.co.jp,山形県東根市神町東1-17-30,0237-49-1553,厚生労働省オープンデータ,https://www.mhlw.go.jp/content/12300000/jigyosho_150.csv,2025-12末,https://www.google.com/search?q=%E3%83%8B%E3%83%81%E3%82%A4%E3%82%B1%E3%82%A2%E3%82%BB%E3%83%B3%E3%82%BF%E3%83%BC%E6%9D%B1%E6%A0%B9%20%E6%9D%B1%E6%A0%B9%E5%B8%82
通所介護事業所ソーレ東根,デイサービス,山形県,東根市,"介護,デイサービス",日中に通って食事・入浴・機能訓練・見守りなどを受けるサービスです。,https://taiyo-fukushikai.jp/,山形県東根市温泉町二丁目5番3-5号,0237-53-8803,厚生労働省オープンデータ,https://www.mhlw.go.jp/content/12300000/jigyosho_150.csv,2025-12末,https://www.google.com/search?q=%E9%80%9A%E6%89%80%E4%BB%8B%E8%AD%B7%E4%BA%8B%E6%A5%AD%E6%89%80%E3%82%BD%E3%83%BC%E3%83%AC%E6%9D%B1%E6%A0%B9%20%E6%9D%B1%E6%A0%B9%E5%B8%82
ゆいケア,デイサービス,山形県,東根市,"介護,デイサービス",日中に通って食事・入浴・機能訓練・見守りなどを受けるサービスです。,https://www.google.com/search?q=%E3%82%86%E3%81%84%E3%82%B1%E3%82%A2%20%E6%9D%B1%E6%A0%B9%E5%B8%82,山形県東根市温泉町二丁目２番２０号,０２３７－４３－５６７８,厚生労働省オープンデータ,https://www.mhlw.go.jp/content/12300000/jigyosho_150.csv,2025-12末,https://www.google.com/search?q=%E3%82%86%E3%81%84%E3%82%B1%E3%82%A2%20%E6%9D%B1%E6%A0%B9%E5%B8%82
デイこもれび,デイサービス,山形県,東根市,"介護,デイサービス",日中に通って食事・入浴・機能訓練・見守りなどを受けるサービスです。,http://higashine-komorebi.com/,山形県東根市中央四丁目３番１０号,0237-53-0212,厚生労働省オープンデータ,https://www.mhlw.go.jp/content/12300000/jigyosho_150.csv,2025-12末,https://www.google.com/search?q=%E3%83%87%E3%82%A4%E3%81%93%E3%82%82%E3%82%8C%E3%81%B3%20%E6%9D%B1%E6%A0%B9%E5%B8%82
老人デイサービスセンター長寿園,デイサービス,山形県,尾花沢市,"介護,デイサービス",日中に通って食事・入浴・機能訓練・見守りなどを受けるサービスです。,http://www.tokurakai.jp/,尾花沢市新町三丁目2番21号,0237-22-1325,厚生労働省オープンデータ,https://www.mhlw.go.jp/content/12300000/jigyosho_150.csv,2025-12末,https://www.google.com/search?q=%E8%80%81%E4%BA%BA%E3%83%87%E3%82%A4%E3%82%B5%E3%83%BC%E3%83%93%E3%82%B9%E3%82%BB%E3%83%B3%E3%82%BF%E3%83%BC%E9%95%B7%E5%AF%BF%E5%9C%92%20%E5%B0%BE%E8%8A%B1%E6%B2%A2%E5%B8%82
尾花沢市社会福祉協議会通所介護事業所,デイサービス,山形県,尾花沢市,"介護,デイサービス",日中に通って食事・入浴・機能訓練・見守りなどを受けるサービスです。,http://www.obanazawa-syakyo.jp/index.html,山形県尾花沢市新町３丁目２番５号,0237-22-1075,厚生労働省オープンデータ,https://www.mhlw.go.jp/content/12300000/jigyosho_150.csv,2025-12末,https://www.google.com/search?q=%E5%B0%BE%E8%8A%B1%E6%B2%A2%E5%B8%82%E7%A4%BE%E4%BC%9A%E7%A6%8F%E7%A5%89%E5%8D%94%E8%AD%B0%E4%BC%9A%E9%80%9A%E6%89%80%E4%BB%8B%E8%AD%B7%E4%BA%8B%E6%A5%AD%E6%89%80%20%E5%B0%BE%E8%8A%B1%E6%B2%A2%E5%B8%82
デイサービスセンターよつば荘,デイサービス,山形県,尾花沢市,"介護,デイサービス",日中に通って食事・入浴・機能訓練・見守りなどを受けるサービスです。,https://www.yotsubasou-kaigo.com/,山形県尾花沢市大字荻袋１２８７番地20,0237-24-3678,厚生労働省オープンデータ,https://www.mhlw.go.jp/content/12300000/jigyosho_150.csv,2025-12末,https://www.google.com/search?q=%E3%83%87%E3%82%A4%E3%82%B5%E3%83%BC%E3%83%93%E3%82%B9%E3%82%BB%E3%83%B3%E3%82%BF%E3%83%BC%E3%82%88%E3%81%A4%E3%81%B0%E8%8D%98%20%E5%B0%BE%E8%8A%B1%E6%B2%A2%E5%B8%82
通所介護事業所まごころの家,デイサービス,山形県,尾花沢市,"介護,デイサービス",日中に通って食事・入浴・機能訓練・見守りなどを受けるサービスです。,http://www.tenpress.jp/~care-service/,山形県尾花沢市大字芦沢1216番地1,0237-24-3838,厚生労働省オープンデータ,https://www.mhlw.go.jp/content/12300000/jigyosho_150.csv,2025-12末,https://www.google.com/search?q=%E9%80%9A%E6%89%80%E4%BB%8B%E8%AD%B7%E4%BA%8B%E6%A5%AD%E6%89%80%E3%81%BE%E3%81%94%E3%81%93%E3%82%8D%E3%81%AE%E5%AE%B6%20%E5%B0%BE%E8%8A%B1%E6%B2%A2%E5%B8%82
デイサービス　カインド・ホーム萩生田,デイサービス,山形県,南陽市,"介護,デイサービス",日中に通って食事・入浴・機能訓練・見守りなどを受けるサービスです。,https://www.google.com/search?q=%E3%83%87%E3%82%A4%E3%82%B5%E3%83%BC%E3%83%93%E3%82%B9%E3%80%80%E3%82%AB%E3%82%A4%E3%83%B3%E3%83%89%E3%83%BB%E3%83%9B%E3%83%BC%E3%83%A0%E8%90%A9%E7%94%9F%E7%94%B0%20%E5%8D%97%E9%99%BD%E5%B8%82,山形県南陽市萩生田1114-5,0238-43-6523,厚生労働省オープンデータ,https://www.mhlw.go.jp/content/12300000/jigyosho_150.csv,2025-12末,https://www.google.com/search?q=%E3%83%87%E3%82%A4%E3%82%B5%E3%83%BC%E3%83%93%E3%82%B9%E3%80%80%E3%82%AB%E3%82%A4%E3%83%B3%E3%83%89%E3%83%BB%E3%83%9B%E3%83%BC%E3%83%A0%E8%90%A9%E7%94%9F%E7%94%B0%20%E5%8D%97%E9%99%BD%E5%B8%82
南陽市社会福祉協議会　通所介護事業所,デイサービス,山形県,南陽市,"介護,デイサービス",日中に通って食事・入浴・機能訓練・見守りなどを受けるサービスです。,http://www.nanyoshishakyo.or.jp,山形県南陽市赤湯215番地の2,0238-43-3288,厚生労働省オープンデータ,https://www.mhlw.go.jp/content/12300000/jigyosho_150.csv,2025-12末,https://www.google.com/search?q=%E5%8D%97%E9%99%BD%E5%B8%82%E7%A4%BE%E4%BC%9A%E7%A6%8F%E7%A5%89%E5%8D%94%E8%AD%B0%E4%BC%9A%E3%80%80%E9%80%9A%E6%89%80%E4%BB%8B%E8%AD%B7%E4%BA%8B%E6%A5%AD%E6%89%80%20%E5%8D%97%E9%99%BD%E5%B8%82
リハビリデイ　てのひら,デイサービス,山形県,南陽市,"介護,デイサービス",日中に通って食事・入浴・機能訓練・見守りなどを受けるサービスです。,reha-tenohira.com,山形県南陽市宮内2833-38,0238-40-1511,厚生労働省オープンデータ,https://www.mhlw.go.jp/content/12300000/jigyosho_150.csv,2025-12末,https://www.google.com/search?q=%E3%83%AA%E3%83%8F%E3%83%93%E3%83%AA%E3%83%87%E3%82%A4%E3%80%80%E3%81%A6%E3%81%AE%E3%81%B2%E3%82%89%20%E5%8D%97%E9%99%BD%E5%B8%82
老人デイサービスセンター太陽の里ふたば,デイサービス,山形県,南陽市,"介護,デイサービス",日中に通って食事・入浴・機能訓練・見守りなどを受けるサービスです。,http://futaba-nanyo.sakura.ne.jp/,山形県南陽市宮内２３８１番地,0238-59-4321,厚生労働省オープンデータ,https://www.mhlw.go.jp/content/12300000/jigyosho_150.csv,2025-12末,https://www.google.com/search?q=%E8%80%81%E4%BA%BA%E3%83%87%E3%82%A4%E3%82%B5%E3%83%BC%E3%83%93%E3%82%B9%E3%82%BB%E3%83%B3%E3%82%BF%E3%83%BC%E5%A4%AA%E9%99%BD%E3%81%AE%E9%87%8C%E3%81%B5%E3%81%9F%E3%81%B0%20%E5%8D%97%E9%99%BD%E5%B8%82
ケアステージARK赤湯駅西,デイサービス,山形県,南陽市,"介護,デイサービス",日中に通って食事・入浴・機能訓練・見守りなどを受けるサービスです。,http://www.tokoshie.net,山形県南陽市島貫599番地4,0238-50-1422,厚生労働省オープンデータ,https://www.mhlw.go.jp/content/12300000/jigyosho_150.csv,2025-12末,https://www.google.com/search?q=%E3%82%B1%E3%82%A2%E3%82%B9%E3%83%86%E3%83%BC%E3%82%B8ARK%E8%B5%A4%E6%B9%AF%E9%A7%85%E8%A5%BF%20%E5%8D%97%E9%99%BD%E5%B8%82
指定通所介護事業所やまのべ荘,デイサービス,山形県,山辺町,"介護,デイサービス",日中に通って食事・入浴・機能訓練・見守りなどを受けるサービスです。,http://www.yamagata-saiseikai.org,山形県東村山郡山辺町大字大塚８１４番地２,023-665-7869,厚生労働省オープンデータ,https://www.mhlw.go.jp/content/12300000/jigyosho_150.csv,2025-12末,https://www.google.com/search?q=%E6%8C%87%E5%AE%9A%E9%80%9A%E6%89%80%E4%BB%8B%E8%AD%B7%E4%BA%8B%E6%A5%AD%E6%89%80%E3%82%84%E3%81%BE%E3%81%AE%E3%81%B9%E8%8D%98%20%E5%B1%B1%E8%BE%BA%E7%94%BA
中山ひまわり荘指定通所介護事業所,デイサービス,山形県,中山町,"介護,デイサービス",日中に通って食事・入浴・機能訓練・見守りなどを受けるサービスです。,https://www.google.com/search?q=%E4%B8%AD%E5%B1%B1%E3%81%B2%E3%81%BE%E3%82%8F%E3%82%8A%E8%8D%98%E6%8C%87%E5%AE%9A%E9%80%9A%E6%89%80%E4%BB%8B%E8%AD%B7%E4%BA%8B%E6%A5%AD%E6%89%80%20%E4%B8%AD%E5%B1%B1%E7%94%BA,山形県東村山郡中山町大字柳沢2333番地,023-662-6633,厚生労働省オープンデータ,https://www.mhlw.go.jp/content/12300000/jigyosho_150.csv,2025-12末,https://www.google.com/search?q=%E4%B8%AD%E5%B1%B1%E3%81%B2%E3%81%BE%E3%82%8F%E3%82%8A%E8%8D%98%E6%8C%87%E5%AE%9A%E9%80%9A%E6%89%80%E4%BB%8B%E8%AD%B7%E4%BA%8B%E6%A5%AD%E6%89%80%20%E4%B8%AD%E5%B1%B1%E7%94%BA
ケアガーデンえびす邸,デイサービス,山形県,中山町,"介護,デイサービス",日中に通って食事・入浴・機能訓練・見守りなどを受けるサービスです。,care-garden-ebite.jp,山形県東村山郡中山町大字長崎４５４番地,023-666-3755,厚生労働省オープンデータ,https://www.mhlw.go.jp/content/12300000/jigyosho_150.csv,2025-12末,https://www.google.com/search?q=%E3%82%B1%E3%82%A2%E3%82%AC%E3%83%BC%E3%83%87%E3%83%B3%E3%81%88%E3%81%B3%E3%81%99%E9%82%B8%20%E4%B8%AD%E5%B1%B1%E7%94%BA
い～かお　えがお,デイサービス,山形県,河北町,"介護,デイサービス",日中に通って食事・入浴・機能訓練・見守りなどを受けるサービスです。,https://www.google.com/search?q=%E3%81%84%EF%BD%9E%E3%81%8B%E3%81%8A%E3%80%80%E3%81%88%E3%81%8C%E3%81%8A%20%E6%B2%B3%E5%8C%97%E7%94%BA,山形県西村山郡河北町谷地中央三丁目16-12,0237-85-0501,厚生労働省オープンデータ,https://www.mhlw.go.jp/content/12300000/jigyosho_150.csv,2025-12末,https://www.google.com/search?q=%E3%81%84%EF%BD%9E%E3%81%8B%E3%81%8A%E3%80%80%E3%81%88%E3%81%8C%E3%81%8A%20%E6%B2%B3%E5%8C%97%E7%94%BA
青空つどいの家,デイサービス,山形県,河北町,"介護,デイサービス",日中に通って食事・入浴・機能訓練・見守りなどを受けるサービスです。,http://aozora-kaigo.com,山形県西村山郡河北町西里字白山堂737番地の1,0237-72-6558,厚生労働省オープンデータ,https://www.mhlw.go.jp/content/12300000/jigyosho_150.csv,2025-12末,https://www.google.com/search?q=%E9%9D%92%E7%A9%BA%E3%81%A4%E3%81%A9%E3%81%84%E3%81%AE%E5%AE%B6%20%E6%B2%B3%E5%8C%97%E7%94%BA
ケアセンター縁,デイサービス,山形県,河北町,"介護,デイサービス",日中に通って食事・入浴・機能訓練・見守りなどを受けるサービスです。,https://www.google.com/search?q=%E3%82%B1%E3%82%A2%E3%82%BB%E3%83%B3%E3%82%BF%E3%83%BC%E7%B8%81%20%E6%B2%B3%E5%8C%97%E7%94%BA,山形県西村山郡河北町谷地字東566番地1,0237-85-1726,厚生労働省オープンデータ,https://www.mhlw.go.jp/content/12300000/jigyosho_150.csv,2025-12末,https://www.google.com/search?q=%E3%82%B1%E3%82%A2%E3%82%BB%E3%83%B3%E3%82%BF%E3%83%BC%E7%B8%81%20%E6%B2%B3%E5%8C%97%E7%94%BA
ココロリビング河北,デイサービス,山形県,河北町,"介護,デイサービス",日中に通って食事・入浴・機能訓練・見守りなどを受けるサービスです。,http://www.care-w.com/,西村山郡河北町谷地中央五丁目５－２６,0237-85-1604,厚生労働省オープンデータ,https://www.mhlw.go.jp/content/12300000/jigyosho_150.csv,2025-12末,https://www.google.com/search?q=%E3%82%B3%E3%82%B3%E3%83%AD%E3%83%AA%E3%83%93%E3%83%B3%E3%82%B0%E6%B2%B3%E5%8C%97%20%E6%B2%B3%E5%8C%97%E7%94%BA
デイサービスセンターひいな通所介護事業所,デイサービス,山形県,河北町,"介護,デイサービス",日中に通って食事・入浴・機能訓練・見守りなどを受けるサービスです。,https://miyuki-fukushi.jp/,山形県西村山郡河北町谷地字月山堂1217-5,0237-71-1885,厚生労働省オープンデータ,https://www.mhlw.go.jp/content/12300000/jigyosho_150.csv,2025-12末,https://www.google.com/search?q=%E3%83%87%E3%82%A4%E3%82%B5%E3%83%BC%E3%83%93%E3%82%B9%E3%82%BB%E3%83%B3%E3%82%BF%E3%83%BC%E3%81%B2%E3%81%84%E3%81%AA%E9%80%9A%E6%89%80%E4%BB%8B%E8%AD%B7%E4%BA%8B%E6%A5%AD%E6%89%80%20%E6%B2%B3%E5%8C%97%E7%94%BA
デイサービスセンターケアハイツ西川,デイサービス,山形県,西川町,"介護,デイサービス",日中に通って食事・入浴・機能訓練・見守りなどを受けるサービスです。,https://care-h-n.or.jp/,山形県西村山郡西川町大字海味５４８,0237-74-4065,厚生労働省オープンデータ,https://www.mhlw.go.jp/content/12300000/jigyosho_150.csv,2025-12末,https://www.google.com/search?q=%E3%83%87%E3%82%A4%E3%82%B5%E3%83%BC%E3%83%93%E3%82%B9%E3%82%BB%E3%83%B3%E3%82%BF%E3%83%BC%E3%82%B1%E3%82%A2%E3%83%8F%E3%82%A4%E3%83%84%E8%A5%BF%E5%B7%9D%20%E8%A5%BF%E5%B7%9D%E7%94%BA
ふれあい荘デイサービスセンター,デイサービス,山形県,朝日町,"介護,デイサービス",日中に通って食事・入浴・機能訓練・見守りなどを受けるサービスです。,www.fureaiso.or.jp/dayservice,山形県西村山郡朝日町大字四ノ沢８７０番地,0237-67-3701,厚生労働省オープンデータ,https://www.mhlw.go.jp/content/12300000/jigyosho_150.csv,2025-12末,https://www.google.com/search?q=%E3%81%B5%E3%82%8C%E3%81%82%E3%81%84%E8%8D%98%E3%83%87%E3%82%A4%E3%82%B5%E3%83%BC%E3%83%93%E3%82%B9%E3%82%BB%E3%83%B3%E3%82%BF%E3%83%BC%20%E6%9C%9D%E6%97%A5%E7%94%BA
老人デイサービス事業所らふらんす大江,デイサービス,山形県,大江町,"介護,デイサービス",日中に通って食事・入浴・機能訓練・見守りなどを受けるサービスです。,http://care-net.biz/06/lafrance-ooe/,山形県西村山郡大江町大字左沢1277番地,0237-83-4800,厚生労働省オープンデータ,https://www.mhlw.go.jp/content/12300000/jigyosho_150.csv,2025-12末,https://www.google.com/search?q=%E8%80%81%E4%BA%BA%E3%83%87%E3%82%A4%E3%82%B5%E3%83%BC%E3%83%93%E3%82%B9%E4%BA%8B%E6%A5%AD%E6%89%80%E3%82%89%E3%81%B5%E3%82%89%E3%82%93%E3%81%99%E5%A4%A7%E6%B1%9F%20%E5%A4%A7%E6%B1%9F%E7%94%BA
仁風荘デイサービスセンター,デイサービス,山形県,大石田町,"介護,デイサービス",日中に通って食事・入浴・機能訓練・見守りなどを受けるサービスです。,https://keitenkai.or.jp,山形県北村山郡大石田町大字大石田甲５７４番地,0237-35-2920,厚生労働省オープンデータ,https://www.mhlw.go.jp/content/12300000/jigyosho_150.csv,2025-12末,https://www.google.com/search?q=%E4%BB%81%E9%A2%A8%E8%8D%98%E3%83%87%E3%82%A4%E3%82%B5%E3%83%BC%E3%83%93%E3%82%B9%E3%82%BB%E3%83%B3%E3%82%BF%E3%83%BC%20%E5%A4%A7%E7%9F%B3%E7%94%B0%E7%94%BA
高齢者生活福祉センター「みすぎ荘」,デイサービス,山形県,金山町,"介護,デイサービス",日中に通って食事・入浴・機能訓練・見守りなどを受けるサービスです。,https://www.kaneyamakouseikai.or.jp/,山形県最上郡金山町大字金山字荒屋829番地1,0233-52-3300,厚生労働省オープンデータ,https://www.mhlw.go.jp/content/12300000/jigyosho_150.csv,2025-12末,https://www.google.com/search?q=%E9%AB%98%E9%BD%A2%E8%80%85%E7%94%9F%E6%B4%BB%E7%A6%8F%E7%A5%89%E3%82%BB%E3%83%B3%E3%82%BF%E3%83%BC%E3%80%8C%E3%81%BF%E3%81%99%E3%81%8E%E8%8D%98%E3%80%8D%20%E9%87%91%E5%B1%B1%E7%94%BA
通所介護事業所「グリーン」,デイサービス,山形県,最上町,"介護,デイサービス",日中に通って食事・入浴・機能訓練・見守りなどを受けるサービスです。,http://www.mogami-shakyo.net,山形県最上郡最上町大字向町43番地の1,0233-43-3112,厚生労働省オープンデータ,https://www.mhlw.go.jp/content/12300000/jigyosho_150.csv,2025-12末,https://www.google.com/search?q=%E9%80%9A%E6%89%80%E4%BB%8B%E8%AD%B7%E4%BA%8B%E6%A5%AD%E6%89%80%E3%80%8C%E3%82%B0%E3%83%AA%E3%83%BC%E3%83%B3%E3%80%8D%20%E6%9C%80%E4%B8%8A%E7%94%BA
デイサービスセンターえんじゅ,デイサービス,山形県,舟形町,"介護,デイサービス",日中に通って食事・入浴・機能訓練・見守りなどを受けるサービスです。,https://www.google.com/search?q=%E3%83%87%E3%82%A4%E3%82%B5%E3%83%BC%E3%83%93%E3%82%B9%E3%82%BB%E3%83%B3%E3%82%BF%E3%83%BC%E3%81%88%E3%82%93%E3%81%98%E3%82%85%20%E8%88%9F%E5%BD%A2%E7%94%BA,山形県最上郡舟形町長者原１７１２－１,0233-32-3555,厚生労働省オープンデータ,https://www.mhlw.go.jp/content/12300000/jigyosho_150.csv,2025-12末,https://www.google.com/search?q=%E3%83%87%E3%82%A4%E3%82%B5%E3%83%BC%E3%83%93%E3%82%B9%E3%82%BB%E3%83%B3%E3%82%BF%E3%83%BC%E3%81%88%E3%82%93%E3%81%98%E3%82%85%20%E8%88%9F%E5%BD%A2%E7%94%BA
老人デイサービスセンター「ゆうゆう」,デイサービス,山形県,真室川町,"介護,デイサービス",日中に通って食事・入浴・機能訓練・見守りなどを受けるサービスです。,https://www.google.com/search?q=%E8%80%81%E4%BA%BA%E3%83%87%E3%82%A4%E3%82%B5%E3%83%BC%E3%83%93%E3%82%B9%E3%82%BB%E3%83%B3%E3%82%BF%E3%83%BC%E3%80%8C%E3%82%86%E3%81%86%E3%82%86%E3%81%86%E3%80%8D%20%E7%9C%9F%E5%AE%A4%E5%B7%9D%E7%94%BA,山形県最上郡真室川町大字新町４６９番５,0233-62-3431,厚生労働省オープンデータ,https://www.mhlw.go.jp/content/12300000/jigyosho_150.csv,2025-12末,https://www.google.com/search?q=%E8%80%81%E4%BA%BA%E3%83%87%E3%82%A4%E3%82%B5%E3%83%BC%E3%83%93%E3%82%B9%E3%82%BB%E3%83%B3%E3%82%BF%E3%83%BC%E3%80%8C%E3%82%86%E3%81%86%E3%82%86%E3%81%86%E3%80%8D%20%E7%9C%9F%E5%AE%A4%E5%B7%9D%E7%94%BA
指定通所介護事業所　デイサービスセンターすいめい,デイサービス,山形県,大蔵村,"介護,デイサービス",日中に通って食事・入浴・機能訓練・見守りなどを受けるサービスです。,http://www.suimeisou.net,山形県最上郡大蔵村大字清水3137番地60,0233-75-2601,厚生労働省オープンデータ,https://www.mhlw.go.jp/content/12300000/jigyosho_150.csv,2025-12末,https://www.google.com/search?q=%E6%8C%87%E5%AE%9A%E9%80%9A%E6%89%80%E4%BB%8B%E8%AD%B7%E4%BA%8B%E6%A5%AD%E6%89%80%E3%80%80%E3%83%87%E3%82%A4%E3%82%B5%E3%83%BC%E3%83%93%E3%82%B9%E3%82%BB%E3%83%B3%E3%82%BF%E3%83%BC%E3%81%99%E3%81%84%E3%82%81%E3%81%84%20%E5%A4%A7%E8%94%B5%E6%9D%91
デイサービスセンターひめゆり,デイサービス,山形県,鮭川村,"介護,デイサービス",日中に通って食事・入浴・機能訓練・見守りなどを受けるサービスです。,https://www.google.com/search?q=%E3%83%87%E3%82%A4%E3%82%B5%E3%83%BC%E3%83%93%E3%82%B9%E3%82%BB%E3%83%B3%E3%82%BF%E3%83%BC%E3%81%B2%E3%82%81%E3%82%86%E3%82%8A%20%E9%AE%AD%E5%B7%9D%E6%9D%91,山形県最上郡鮭川村大字石名坂589番7,0233-55-3480,厚生労働省オープンデータ,https://www.mhlw.go.jp/content/12300000/jigyosho_150.csv,2025-12末,https://www.google.com/search?q=%E3%83%87%E3%82%A4%E3%82%B5%E3%83%BC%E3%83%93%E3%82%B9%E3%82%BB%E3%83%B3%E3%82%BF%E3%83%BC%E3%81%B2%E3%82%81%E3%82%86%E3%82%8A%20%E9%AE%AD%E5%B7%9D%E6%9D%91
デイサービスセンターあさぎり,デイサービス,山形県,戸沢村,"介護,デイサービス",日中に通って食事・入浴・機能訓練・見守りなどを受けるサービスです。,http://www.seiryu-magokoro.or.jp/,山形県最上郡戸沢村大字蔵岡２７５９番地,0233-34-7011,厚生労働省オープンデータ,https://www.mhlw.go.jp/content/12300000/jigyosho_150.csv,2025-12末,https://www.google.com/search?q=%E3%83%87%E3%82%A4%E3%82%B5%E3%83%BC%E3%83%93%E3%82%B9%E3%82%BB%E3%83%B3%E3%82%BF%E3%83%BC%E3%81%82%E3%81%95%E3%81%8E%E3%82%8A%20%E6%88%B8%E6%B2%A2%E6%9D%91
デイフィットネス　が.あ.べ.ら,デイサービス,山形県,高畠町,"介護,デイサービス",日中に通って食事・入浴・機能訓練・見守りなどを受けるサービスです。,https://www.google.com/search?q=%E3%83%87%E3%82%A4%E3%83%95%E3%82%A3%E3%83%83%E3%83%88%E3%83%8D%E3%82%B9%E3%80%80%E3%81%8C.%E3%81%82.%E3%81%B9.%E3%82%89%20%E9%AB%98%E7%95%A0%E7%94%BA,山形県東置賜郡高畠町大字福沢289番地1,0238-57-3310,厚生労働省オープンデータ,https://www.mhlw.go.jp/content/12300000/jigyosho_150.csv,2025-12末,https://www.google.com/search?q=%E3%83%87%E3%82%A4%E3%83%95%E3%82%A3%E3%83%83%E3%83%88%E3%83%8D%E3%82%B9%E3%80%80%E3%81%8C.%E3%81%82.%E3%81%B9.%E3%82%89%20%E9%AB%98%E7%95%A0%E7%94%BA
デイサービスすみれの花,デイサービス,山形県,高畠町,"介護,デイサービス",日中に通って食事・入浴・機能訓練・見守りなどを受けるサービスです。,https://www.google.com/search?q=%E3%83%87%E3%82%A4%E3%82%B5%E3%83%BC%E3%83%93%E3%82%B9%E3%81%99%E3%81%BF%E3%82%8C%E3%81%AE%E8%8A%B1%20%E9%AB%98%E7%95%A0%E7%94%BA,山形県東置賜郡高畠町大字佐沢2733番地3,0238-33-3378,厚生労働省オープンデータ,https://www.mhlw.go.jp/content/12300000/jigyosho_150.csv,2025-12末,https://www.google.com/search?q=%E3%83%87%E3%82%A4%E3%82%B5%E3%83%BC%E3%83%93%E3%82%B9%E3%81%99%E3%81%BF%E3%82%8C%E3%81%AE%E8%8A%B1%20%E9%AB%98%E7%95%A0%E7%94%BA
デイサービス歩夢,デイサービス,山形県,高畠町,"介護,デイサービス",日中に通って食事・入浴・機能訓練・見守りなどを受けるサービスです。,ｈｔｔｐ：//ｆ-ｈ-ｔ.ｊｐ/,山形県東置賜郡高畠町大字高畠173-2,0238-40-0777,厚生労働省オープンデータ,https://www.mhlw.go.jp/content/12300000/jigyosho_150.csv,2025-12末,https://www.google.com/search?q=%E3%83%87%E3%82%A4%E3%82%B5%E3%83%BC%E3%83%93%E3%82%B9%E6%AD%A9%E5%A4%A2%20%E9%AB%98%E7%95%A0%E7%94%BA
デイサービスたちばな,デイサービス,山形県,高畠町,"介護,デイサービス",日中に通って食事・入浴・機能訓練・見守りなどを受けるサービスです。,https://www.office-yamagata.co.jp/,山形県東置賜郡高畠町大字山崎２９０－５番地,０２３８－４９－７４７７,厚生労働省オープンデータ,https://www.mhlw.go.jp/content/12300000/jigyosho_150.csv,2025-12末,https://www.google.com/search?q=%E3%83%87%E3%82%A4%E3%82%B5%E3%83%BC%E3%83%93%E3%82%B9%E3%81%9F%E3%81%A1%E3%81%B0%E3%81%AA%20%E9%AB%98%E7%95%A0%E7%94%BA
デイサービス糠ノ目,デイサービス,山形県,高畠町,"介護,デイサービス",日中に通って食事・入浴・機能訓練・見守りなどを受けるサービスです。,https://www.office-yamagata.co.jp/,高畠町大字福沢５６３番地の１０,0238－40－1110,厚生労働省オープンデータ,https://www.mhlw.go.jp/content/12300000/jigyosho_150.csv,2025-12末,https://www.google.com/search?q=%E3%83%87%E3%82%A4%E3%82%B5%E3%83%BC%E3%83%93%E3%82%B9%E7%B3%A0%E3%83%8E%E7%9B%AE%20%E9%AB%98%E7%95%A0%E7%94%BA
株式会社デイサービスセンターひまわり,デイサービス,山形県,高畠町,"介護,デイサービス",日中に通って食事・入浴・機能訓練・見守りなどを受けるサービスです。,https://www.google.com/search?q=%E6%A0%AA%E5%BC%8F%E4%BC%9A%E7%A4%BE%E3%83%87%E3%82%A4%E3%82%B5%E3%83%BC%E3%83%93%E3%82%B9%E3%82%BB%E3%83%B3%E3%82%BF%E3%83%BC%E3%81%B2%E3%81%BE%E3%82%8F%E3%82%8A%20%E9%AB%98%E7%95%A0%E7%94%BA,山形県東置賜郡高畠町大字上平柳2167,0238-57-5311,厚生労働省オープンデータ,https://www.mhlw.go.jp/content/12300000/jigyosho_150.csv,2025-12末,https://www.google.com/search?q=%E6%A0%AA%E5%BC%8F%E4%BC%9A%E7%A4%BE%E3%83%87%E3%82%A4%E3%82%B5%E3%83%BC%E3%83%93%E3%82%B9%E3%82%BB%E3%83%B3%E3%82%BF%E3%83%BC%E3%81%B2%E3%81%BE%E3%82%8F%E3%82%8A%20%E9%AB%98%E7%95%A0%E7%94%BA
はとみね荘デイサービスセンター,デイサービス,山形県,高畠町,"介護,デイサービス",日中に通って食事・入浴・機能訓練・見守りなどを受けるサービスです。,http://www.shoufukai.net/,山形県高畠町大字高畠303番地,0238-51-2071,厚生労働省オープンデータ,https://www.mhlw.go.jp/content/12300000/jigyosho_150.csv,2025-12末,https://www.google.com/search?q=%E3%81%AF%E3%81%A8%E3%81%BF%E3%81%AD%E8%8D%98%E3%83%87%E3%82%A4%E3%82%B5%E3%83%BC%E3%83%93%E3%82%B9%E3%82%BB%E3%83%B3%E3%82%BF%E3%83%BC%20%E9%AB%98%E7%95%A0%E7%94%BA
天然温泉竹とんぼ彩時季,デイサービス,山形県,高畠町,"介護,デイサービス",日中に通って食事・入浴・機能訓練・見守りなどを受けるサービスです。,http://www.cessna.co.jp/taketonbo,山形県東置賜郡高畠町入生田2068-1,0238-58-5161,厚生労働省オープンデータ,https://www.mhlw.go.jp/content/12300000/jigyosho_150.csv,2025-12末,https://www.google.com/search?q=%E5%A4%A9%E7%84%B6%E6%B8%A9%E6%B3%89%E7%AB%B9%E3%81%A8%E3%82%93%E3%81%BC%E5%BD%A9%E6%99%82%E5%AD%A3%20%E9%AB%98%E7%95%A0%E7%94%BA
デイサービスセンター薬師温泉,デイサービス,山形県,川西町,"介護,デイサービス",日中に通って食事・入浴・機能訓練・見守りなどを受けるサービスです。,http://yakushi-onsen.com,山形県東置賜郡川西町西大塚１３５４－１３介護センター薬師温泉,0238-46-2255,厚生労働省オープンデータ,https://www.mhlw.go.jp/content/12300000/jigyosho_150.csv,2025-12末,https://www.google.com/search?q=%E3%83%87%E3%82%A4%E3%82%B5%E3%83%BC%E3%83%93%E3%82%B9%E3%82%BB%E3%83%B3%E3%82%BF%E3%83%BC%E8%96%AC%E5%B8%AB%E6%B8%A9%E6%B3%89%20%E5%B7%9D%E8%A5%BF%E7%94%BA
けんしんリハビリデイサービス,デイサービス,山形県,川西町,"介護,デイサービス",日中に通って食事・入浴・機能訓練・見守りなどを受けるサービスです。,https://www.google.com/search?q=%E3%81%91%E3%82%93%E3%81%97%E3%82%93%E3%83%AA%E3%83%8F%E3%83%93%E3%83%AA%E3%83%87%E3%82%A4%E3%82%B5%E3%83%BC%E3%83%93%E3%82%B9%20%E5%B7%9D%E8%A5%BF%E7%94%BA,山形県東置賜郡川西町大字西大塚1374番1号ビューライト西大塚　A号室,0238-46-3919,厚生労働省オープンデータ,https://www.mhlw.go.jp/content/12300000/jigyosho_150.csv,2025-12末,https://www.google.com/search?q=%E3%81%91%E3%82%93%E3%81%97%E3%82%93%E3%83%AA%E3%83%8F%E3%83%93%E3%83%AA%E3%83%87%E3%82%A4%E3%82%B5%E3%83%BC%E3%83%93%E3%82%B9%20%E5%B7%9D%E8%A5%BF%E7%94%BA
さいわい荘デイサービスセンター通所介護事業所,デイサービス,山形県,小国町,"介護,デイサービス",日中に通って食事・入浴・機能訓練・見守りなどを受けるサービスです。,https://saiwaiso.jp/,山形県西置賜郡小国町大字岩井沢563番地1,0238-62-4142,厚生労働省オープンデータ,https://www.mhlw.go.jp/content/12300000/jigyosho_150.csv,2025-12末,https://www.google.com/search?q=%E3%81%95%E3%81%84%E3%82%8F%E3%81%84%E8%8D%98%E3%83%87%E3%82%A4%E3%82%B5%E3%83%BC%E3%83%93%E3%82%B9%E3%82%BB%E3%83%B3%E3%82%BF%E3%83%BC%E9%80%9A%E6%89%80%E4%BB%8B%E8%AD%B7%E4%BA%8B%E6%A5%AD%E6%89%80%20%E5%B0%8F%E5%9B%BD%E7%94%BA
デイサービスセンター満天の家,デイサービス,山形県,小国町,"介護,デイサービス",日中に通って食事・入浴・機能訓練・見守りなどを受けるサービスです。,http://www.ryokuaikai.com/,山形県西置賜郡小国町大字幸町６番１号,0238-62-3311,厚生労働省オープンデータ,https://www.mhlw.go.jp/content/12300000/jigyosho_150.csv,2025-12末,https://www.google.com/search?q=%E3%83%87%E3%82%A4%E3%82%B5%E3%83%BC%E3%83%93%E3%82%B9%E3%82%BB%E3%83%B3%E3%82%BF%E3%83%BC%E6%BA%80%E5%A4%A9%E3%81%AE%E5%AE%B6%20%E5%B0%8F%E5%9B%BD%E7%94%BA
白鷹介護サービスセンターふれあいの里,デイサービス,山形県,白鷹町,"介護,デイサービス",日中に通って食事・入浴・機能訓練・見守りなどを受けるサービスです。,https://www.office-yamagata.co.jp/,山形県西置賜郡白鷹町大字畔藤５０４９,0238-85-3332,厚生労働省オープンデータ,https://www.mhlw.go.jp/content/12300000/jigyosho_150.csv,2025-12末,https://www.google.com/search?q=%E7%99%BD%E9%B7%B9%E4%BB%8B%E8%AD%B7%E3%82%B5%E3%83%BC%E3%83%93%E3%82%B9%E3%82%BB%E3%83%B3%E3%82%BF%E3%83%BC%E3%81%B5%E3%82%8C%E3%81%82%E3%81%84%E3%81%AE%E9%87%8C%20%E7%99%BD%E9%B7%B9%E7%94%BA
白光園デイサービスセンター,デイサービス,山形県,白鷹町,"介護,デイサービス",日中に通って食事・入浴・機能訓練・見守りなどを受けるサービスです。,http://www.shirafuku.jp/,山形県西置賜郡白鷹町大字荒砥甲377番地,0238-85-0033,厚生労働省オープンデータ,https://www.mhlw.go.jp/content/12300000/jigyosho_150.csv,2025-12末,https://www.google.com/search?q=%E7%99%BD%E5%85%89%E5%9C%92%E3%83%87%E3%82%A4%E3%82%B5%E3%83%BC%E3%83%93%E3%82%B9%E3%82%BB%E3%83%B3%E3%82%BF%E3%83%BC%20%E7%99%BD%E9%B7%B9%E7%94%BA
日帰り介護センター福祉の里めざみ,デイサービス,山形県,飯豊町,"介護,デイサービス",日中に通って食事・入浴・機能訓練・見守りなどを受けるサービスです。,http://iide-shakyo.jp/,山形県西置賜郡飯豊町大字椿3642,0238-86-2237,厚生労働省オープンデータ,https://www.mhlw.go.jp/content/12300000/jigyosho_150.csv,2025-12末,https://www.google.com/search?q=%E6%97%A5%E5%B8%B0%E3%82%8A%E4%BB%8B%E8%AD%B7%E3%82%BB%E3%83%B3%E3%82%BF%E3%83%BC%E7%A6%8F%E7%A5%89%E3%81%AE%E9%87%8C%E3%82%81%E3%81%96%E3%81%BF%20%E9%A3%AF%E8%B1%8A%E7%94%BA
指定通所介護施設デイサービスセンターなの花荘,デイサービス,山形県,三川町,"介護,デイサービス",日中に通って食事・入浴・機能訓練・見守りなどを受けるサービスです。,https://www.nanohanaso.or.jp,山形県東田川郡三川町大字横山字堤189番地2,0235-66-4832,厚生労働省オープンデータ,https://www.mhlw.go.jp/content/12300000/jigyosho_150.csv,2025-12末,https://www.google.com/search?q=%E6%8C%87%E5%AE%9A%E9%80%9A%E6%89%80%E4%BB%8B%E8%AD%B7%E6%96%BD%E8%A8%AD%E3%83%87%E3%82%A4%E3%82%B5%E3%83%BC%E3%83%93%E3%82%B9%E3%82%BB%E3%83%B3%E3%82%BF%E3%83%BC%E3%81%AA%E3%81%AE%E8%8A%B1%E8%8D%98%20%E4%B8%89%E5%B7%9D%E7%94%BA
ソラーナデイサービスセンター,デイサービス,山形県,庄内町,"介護,デイサービス",日中に通って食事・入浴・機能訓練・見守りなどを受けるサービスです。,http://www.minori-f.or.jp,山形県東田川郡庄内町南野字北野１００番地２号,0234-44-2011,厚生労働省オープンデータ,https://www.mhlw.go.jp/content/12300000/jigyosho_150.csv,2025-12末,https://www.google.com/search?q=%E3%82%BD%E3%83%A9%E3%83%BC%E3%83%8A%E3%83%87%E3%82%A4%E3%82%B5%E3%83%BC%E3%83%93%E3%82%B9%E3%82%BB%E3%83%B3%E3%82%BF%E3%83%BC%20%E5%BA%84%E5%86%85%E7%94%BA
山水園指定通所介護事業所,デイサービス,山形県,庄内町,"介護,デイサービス",日中に通って食事・入浴・機能訓練・見守りなどを受けるサービスです。,https://www.tk-kouseikai.or.jp/,山形県東田川郡庄内町狩川字笠山４３３番地３,0234-25-0087,厚生労働省オープンデータ,https://www.mhlw.go.jp/content/12300000/jigyosho_150.csv,2025-12末,https://www.google.com/search?q=%E5%B1%B1%E6%B0%B4%E5%9C%92%E6%8C%87%E5%AE%9A%E9%80%9A%E6%89%80%E4%BB%8B%E8%AD%B7%E4%BA%8B%E6%A5%AD%E6%89%80%20%E5%BA%84%E5%86%85%E7%94%BA
デイサービスセンターキャット遊佐,デイサービス,山形県,遊佐町,"介護,デイサービス",日中に通って食事・入浴・機能訓練・見守りなどを受けるサービスです。,http://catsgp.com,山形県飽海郡遊佐町菅里字十里塚193番32,0234-71-6122,厚生労働省オープンデータ,https://www.mhlw.go.jp/content/12300000/jigyosho_150.csv,2025-12末,https://www.google.com/search?q=%E3%83%87%E3%82%A4%E3%82%B5%E3%83%BC%E3%83%93%E3%82%B9%E3%82%BB%E3%83%B3%E3%82%BF%E3%83%BC%E3%82%AD%E3%83%A3%E3%83%83%E3%83%88%E9%81%8A%E4%BD%90%20%E9%81%8A%E4%BD%90%E7%94%BA
デイサービス「のどか」,デイサービス,山形県,遊佐町,"介護,デイサービス",日中に通って食事・入浴・機能訓練・見守りなどを受けるサービスです。,https://www.google.com/search?q=%E3%83%87%E3%82%A4%E3%82%B5%E3%83%BC%E3%83%93%E3%82%B9%E3%80%8C%E3%81%AE%E3%81%A9%E3%81%8B%E3%80%8D%20%E9%81%8A%E4%BD%90%E7%94%BA,飽海郡遊佐町庄泉字大谷地467,0234-75-3210,厚生労働省オープンデータ,https://www.mhlw.go.jp/content/12300000/jigyosho_150.csv,2025-12末,https://www.google.com/search?q=%E3%83%87%E3%82%A4%E3%82%B5%E3%83%BC%E3%83%93%E3%82%B9%E3%80%8C%E3%81%AE%E3%81%A9%E3%81%8B%E3%80%8D%20%E9%81%8A%E4%BD%90%E7%94%BA
デイサービスセンターあいあい,デイサービス,山形県,遊佐町,"介護,デイサービス",日中に通って食事・入浴・機能訓練・見守りなどを受けるサービスです。,https://www.yuzakouseikai.or.jp/yusui/,山形県飽海郡遊佐町遊佐字木ノ下2,0234-71-2144,厚生労働省オープンデータ,https://www.mhlw.go.jp/content/12300000/jigyosho_150.csv,2025-12末,https://www.google.com/search?q=%E3%83%87%E3%82%A4%E3%82%B5%E3%83%BC%E3%83%93%E3%82%B9%E3%82%BB%E3%83%B3%E3%82%BF%E3%83%BC%E3%81%82%E3%81%84%E3%81%82%E3%81%84%20%E9%81%8A%E4%BD%90%E7%94%BA
介護老人保健施設さくらパレス,通所リハビリ,山形県,山形市,"介護,通所リハビリ,リハビリ",通所リハビリの公式オープンデータから取り込んだ候補です。詳細は公式情報・電話・見学で確認してください。,https://www.google.com/search?q=%E4%BB%8B%E8%AD%B7%E8%80%81%E4%BA%BA%E4%BF%9D%E5%81%A5%E6%96%BD%E8%A8%AD%E3%81%95%E3%81%8F%E3%82%89%E3%83%91%E3%83%AC%E3%82%B9%20%E5%B1%B1%E5%BD%A2%E5%B8%82,山形県山形市桜田西４丁目3-26,023-628-3981,厚生労働省オープンデータ,https://www.mhlw.go.jp/content/12300000/jigyosho_160.csv,2025-12末,https://www.google.com/search?q=%E4%BB%8B%E8%AD%B7%E8%80%81%E4%BA%BA%E4%BF%9D%E5%81%A5%E6%96%BD%E8%A8%AD%E3%81%95%E3%81%8F%E3%82%89%E3%83%91%E3%83%AC%E3%82%B9%20%E5%B1%B1%E5%BD%A2%E5%B8%82
介護老人保健施設サニーヒル菅沢,通所リハビリ,山形県,山形市,"介護,通所リハビリ,リハビリ",通所リハビリの公式オープンデータから取り込んだ候補です。詳細は公式情報・電話・見学で確認してください。,http://sunny91.sakura.ne.jp,山形市すげさわの丘727番地20,023-645-8500,厚生労働省オープンデータ,https://www.mhlw.go.jp/content/12300000/jigyosho_160.csv,2025-12末,https://www.google.com/search?q=%E4%BB%8B%E8%AD%B7%E8%80%81%E4%BA%BA%E4%BF%9D%E5%81%A5%E6%96%BD%E8%A8%AD%E3%82%B5%E3%83%8B%E3%83%BC%E3%83%92%E3%83%AB%E8%8F%85%E6%B2%A2%20%E5%B1%B1%E5%BD%A2%E5%B8%82
介護老人保健施設サニーヒル山寺,通所リハビリ,山形県,山形市,"介護,通所リハビリ,リハビリ",通所リハビリの公式オープンデータから取り込んだ候補です。詳細は公式情報・電話・見学で確認してください。,http://sunny91.sakura.ne.jp,山形県山形市大字山寺1973-335,023-667-5010,厚生労働省オープンデータ,https://www.mhlw.go.jp/content/12300000/jigyosho_160.csv,2025-12末,https://www.google.com/search?q=%E4%BB%8B%E8%AD%B7%E8%80%81%E4%BA%BA%E4%BF%9D%E5%81%A5%E6%96%BD%E8%A8%AD%E3%82%B5%E3%83%8B%E3%83%BC%E3%83%92%E3%83%AB%E5%B1%B1%E5%AF%BA%20%E5%B1%B1%E5%BD%A2%E5%B8%82
山形済生病院附属小白川診療所通所リハビリテーション,通所リハビリ,山形県,山形市,"介護,通所リハビリ,リハビリ",通所リハビリの公式オープンデータから取り込んだ候補です。詳細は公式情報・電話・見学で確認してください。,https://yamagata-saiseikai.org/,山形県山形市小白川町2丁目3番1号　小白川ケアセンター内,023-616-5080,厚生労働省オープンデータ,https://www.mhlw.go.jp/content/12300000/jigyosho_160.csv,2025-12末,https://www.google.com/search?q=%E5%B1%B1%E5%BD%A2%E6%B8%88%E7%94%9F%E7%97%85%E9%99%A2%E9%99%84%E5%B1%9E%E5%B0%8F%E7%99%BD%E5%B7%9D%E8%A8%BA%E7%99%82%E6%89%80%E9%80%9A%E6%89%80%E3%83%AA%E3%83%8F%E3%83%93%E3%83%AA%E3%83%86%E3%83%BC%E3%82%B7%E3%83%A7%E3%83%B3%20%E5%B1%B1%E5%BD%A2%E5%B8%82
セントラルクリニック,通所リハビリ,山形県,山形市,"介護,通所リハビリ,リハビリ",通所リハビリの公式オープンデータから取り込んだ候補です。詳細は公式情報・電話・見学で確認してください。,http://www.central-clinic.jp,山形県山形市吉原三丁目10番17号,023-647-6727,厚生労働省オープンデータ,https://www.mhlw.go.jp/content/12300000/jigyosho_160.csv,2025-12末,https://www.google.com/search?q=%E3%82%BB%E3%83%B3%E3%83%88%E3%83%A9%E3%83%AB%E3%82%AF%E3%83%AA%E3%83%8B%E3%83%83%E3%82%AF%20%E5%B1%B1%E5%BD%A2%E5%B8%82
こころのクリニック山形（リハビリテーションセンター「らくせい」）,通所リハビリ,山形県,山形市,"介護,通所リハビリ,リハビリ",通所リハビリの公式オープンデータから取り込んだ候補です。詳細は公式情報・電話・見学で確認してください。,http://rakusei-kai.or.jp,山形県山形市江俣四丁目18番26号こころのクリニック山形ビル4階,023-682-7575,厚生労働省オープンデータ,https://www.mhlw.go.jp/content/12300000/jigyosho_160.csv,2025-12末,https://www.google.com/search?q=%E3%81%93%E3%81%93%E3%82%8D%E3%81%AE%E3%82%AF%E3%83%AA%E3%83%8B%E3%83%83%E3%82%AF%E5%B1%B1%E5%BD%A2%EF%BC%88%E3%83%AA%E3%83%8F%E3%83%93%E3%83%AA%E3%83%86%E3%83%BC%E3%82%B7%E3%83%A7%E3%83%B3%E3%82%BB%E3%83%B3%E3%82%BF%E3%83%BC%E3%80%8C%E3%82%89%E3%81%8F%E3%81%9B%E3%81%84%E3%80%8D%EF%BC%89%20%E5%B1%B1%E5%BD%A2%E5%B8%82
医療法人徳洲会山形徳洲会病院,通所リハビリ,山形県,山形市,"介護,通所リハビリ,リハビリ",通所リハビリの公式オープンデータから取り込んだ候補です。詳細は公式情報・電話・見学で確認してください。,http://www.yamatoku-hp.jp,山形市清住町2丁目3-51,023-647-3434,厚生労働省オープンデータ,https://www.mhlw.go.jp/content/12300000/jigyosho_160.csv,2025-12末,https://www.google.com/search?q=%E5%8C%BB%E7%99%82%E6%B3%95%E4%BA%BA%E5%BE%B3%E6%B4%B2%E4%BC%9A%E5%B1%B1%E5%BD%A2%E5%BE%B3%E6%B4%B2%E4%BC%9A%E7%97%85%E9%99%A2%20%E5%B1%B1%E5%BD%A2%E5%B8%82
通所リハビリテーション南館,通所リハビリ,山形県,山形市,"介護,通所リハビリ,リハビリ",通所リハビリの公式オープンデータから取り込んだ候補です。詳細は公式情報・電話・見学で確認してください。,http://www.miyuki.or.jp/,山形市南館4丁目１－４５,023-647-7559,厚生労働省オープンデータ,https://www.mhlw.go.jp/content/12300000/jigyosho_160.csv,2025-12末,https://www.google.com/search?q=%E9%80%9A%E6%89%80%E3%83%AA%E3%83%8F%E3%83%93%E3%83%AA%E3%83%86%E3%83%BC%E3%82%B7%E3%83%A7%E3%83%B3%E5%8D%97%E9%A4%A8%20%E5%B1%B1%E5%BD%A2%E5%B8%82
通所リハビリテーションすてっぷ,通所リハビリ,山形県,山形市,"介護,通所リハビリ,リハビリ",通所リハビリの公式オープンデータから取り込んだ候補です。詳細は公式情報・電話・見学で確認してください。,http://www.miyuki.or.jp/,山形市南館四丁目１－４５,023-647-7559,厚生労働省オープンデータ,https://www.mhlw.go.jp/content/12300000/jigyosho_160.csv,2025-12末,https://www.google.com/search?q=%E9%80%9A%E6%89%80%E3%83%AA%E3%83%8F%E3%83%93%E3%83%AA%E3%83%86%E3%83%BC%E3%82%B7%E3%83%A7%E3%83%B3%E3%81%99%E3%81%A6%E3%81%A3%E3%81%B7%20%E5%B1%B1%E5%BD%A2%E5%B8%82
医療法人社団笠原整形外科ひまわりデイケア,通所リハビリ,山形県,山形市,"介護,通所リハビリ,リハビリ",通所リハビリの公式オープンデータから取り込んだ候補です。詳細は公式情報・電話・見学で確認してください。,http://kasaharaseikeigeka.com,山形市久保田1-8-21,023-645-1533,厚生労働省オープンデータ,https://www.mhlw.go.jp/content/12300000/jigyosho_160.csv,2025-12末,https://www.google.com/search?q=%E5%8C%BB%E7%99%82%E6%B3%95%E4%BA%BA%E7%A4%BE%E5%9B%A3%E7%AC%A0%E5%8E%9F%E6%95%B4%E5%BD%A2%E5%A4%96%E7%A7%91%E3%81%B2%E3%81%BE%E3%82%8F%E3%82%8A%E3%83%87%E3%82%A4%E3%82%B1%E3%82%A2%20%E5%B1%B1%E5%BD%A2%E5%B8%82
医療法人篠田好生会　篠田総合病院　指定通所リハビリテーション事業所,通所リハビリ,山形県,山形市,"介護,通所リハビリ,リハビリ",通所リハビリの公式オープンデータから取り込んだ候補です。詳細は公式情報・電話・見学で確認してください。,http://www.shinoda-hp.or.jp/,山形県山形市桜町2番68号,023-623-1711,厚生労働省オープンデータ,https://www.mhlw.go.jp/content/12300000/jigyosho_160.csv,2025-12末,https://www.google.com/search?q=%E5%8C%BB%E7%99%82%E6%B3%95%E4%BA%BA%E7%AF%A0%E7%94%B0%E5%A5%BD%E7%94%9F%E4%BC%9A%E3%80%80%E7%AF%A0%E7%94%B0%E7%B7%8F%E5%90%88%E7%97%85%E9%99%A2%E3%80%80%E6%8C%87%E5%AE%9A%E9%80%9A%E6%89%80%E3%83%AA%E3%83%8F%E3%83%93%E3%83%AA%E3%83%86%E3%83%BC%E3%82%B7%E3%83%A7%E3%83%B3%E4%BA%8B%E6%A5%AD%E6%89%80%20%E5%B1%B1%E5%BD%A2%E5%B8%82
介護療養型老人保健施設木の実,通所リハビリ,山形県,山形市,"介護,通所リハビリ,リハビリ",通所リハビリの公式オープンデータから取り込んだ候補です。詳細は公式情報・電話・見学で確認してください。,http://www.shiseido-hp.jp,山形市旅篭町１丁目７番２３号,023-679-5172,厚生労働省オープンデータ,https://www.mhlw.go.jp/content/12300000/jigyosho_160.csv,2025-12末,https://www.google.com/search?q=%E4%BB%8B%E8%AD%B7%E7%99%82%E9%A4%8A%E5%9E%8B%E8%80%81%E4%BA%BA%E4%BF%9D%E5%81%A5%E6%96%BD%E8%A8%AD%E6%9C%A8%E3%81%AE%E5%AE%9F%20%E5%B1%B1%E5%BD%A2%E5%B8%82
介護老人保健施設あづま,通所リハビリ,山形県,米沢市,"介護,通所リハビリ,リハビリ",通所リハビリの公式オープンデータから取り込んだ候補です。詳細は公式情報・電話・見学で確認してください。,http://www.y-aduma.com./,米沢市大字李山8132番地11,0238－38－5535,厚生労働省オープンデータ,https://www.mhlw.go.jp/content/12300000/jigyosho_160.csv,2025-12末,https://www.google.com/search?q=%E4%BB%8B%E8%AD%B7%E8%80%81%E4%BA%BA%E4%BF%9D%E5%81%A5%E6%96%BD%E8%A8%AD%E3%81%82%E3%81%A5%E3%81%BE%20%E7%B1%B3%E6%B2%A2%E5%B8%82
三友堂クリニック　通所リハビリテーション,通所リハビリ,山形県,米沢市,"介護,通所リハビリ,リハビリ",通所リハビリの公式オープンデータから取り込んだ候補です。詳細は公式情報・電話・見学で確認してください。,http://www.sanyudo.or.jp,山形県米沢市大字塩野2755番地の3三友堂地域リハ・ケアセンター,0238-21-8138,厚生労働省オープンデータ,https://www.mhlw.go.jp/content/12300000/jigyosho_160.csv,2025-12末,https://www.google.com/search?q=%E4%B8%89%E5%8F%8B%E5%A0%82%E3%82%AF%E3%83%AA%E3%83%8B%E3%83%83%E3%82%AF%E3%80%80%E9%80%9A%E6%89%80%E3%83%AA%E3%83%8F%E3%83%93%E3%83%AA%E3%83%86%E3%83%BC%E3%82%B7%E3%83%A7%E3%83%B3%20%E7%B1%B3%E6%B2%A2%E5%B8%82
鶴岡市立湯田川温泉リハビリテーション病院,通所リハビリ,山形県,鶴岡市,"介護,通所リハビリ,リハビリ",通所リハビリの公式オープンデータから取り込んだ候補です。詳細は公式情報・電話・見学で確認してください。,http://www.tsuruoka-med.jp/yutagawa/,山形県鶴岡市湯田川字中田35番地10,0235-38-5151,厚生労働省オープンデータ,https://www.mhlw.go.jp/content/12300000/jigyosho_160.csv,2025-12末,https://www.google.com/search?q=%E9%B6%B4%E5%B2%A1%E5%B8%82%E7%AB%8B%E6%B9%AF%E7%94%B0%E5%B7%9D%E6%B8%A9%E6%B3%89%E3%83%AA%E3%83%8F%E3%83%93%E3%83%AA%E3%83%86%E3%83%BC%E3%82%B7%E3%83%A7%E3%83%B3%E7%97%85%E9%99%A2%20%E9%B6%B4%E5%B2%A1%E5%B8%82
宝田整形外科クリニック,通所リハビリ,山形県,鶴岡市,"介護,通所リハビリ,リハビリ",通所リハビリの公式オープンデータから取り込んだ候補です。詳細は公式情報・電話・見学で確認してください。,https://takaradaclinic.com/,山形県鶴岡市宝田1丁目9番80号,0235-29-2134,厚生労働省オープンデータ,https://www.mhlw.go.jp/content/12300000/jigyosho_160.csv,2025-12末,https://www.google.com/search?q=%E5%AE%9D%E7%94%B0%E6%95%B4%E5%BD%A2%E5%A4%96%E7%A7%91%E3%82%AF%E3%83%AA%E3%83%8B%E3%83%83%E3%82%AF%20%E9%B6%B4%E5%B2%A1%E5%B8%82
医療生活協同組合やまがた鶴岡協立病院,通所リハビリ,山形県,鶴岡市,"介護,通所リハビリ,リハビリ",通所リハビリの公式オープンデータから取り込んだ候補です。詳細は公式情報・電話・見学で確認してください。,http://y-mcoop/com/,鶴岡市日枝字海老島159-1協立病院通所リハビリテーション,0235-23-6060,厚生労働省オープンデータ,https://www.mhlw.go.jp/content/12300000/jigyosho_160.csv,2025-12末,https://www.google.com/search?q=%E5%8C%BB%E7%99%82%E7%94%9F%E6%B4%BB%E5%8D%94%E5%90%8C%E7%B5%84%E5%90%88%E3%82%84%E3%81%BE%E3%81%8C%E3%81%9F%E9%B6%B4%E5%B2%A1%E5%8D%94%E7%AB%8B%E7%97%85%E9%99%A2%20%E9%B6%B4%E5%B2%A1%E5%B8%82
鶴岡協立リハビリテーション病院,通所リハビリ,山形県,鶴岡市,"介護,通所リハビリ,リハビリ",通所リハビリの公式オープンデータから取り込んだ候補です。詳細は公式情報・電話・見学で確認してください。,http：//www.turuoka-kyoritu-hp.or.jp/rehabilitation/,鶴岡市上山添字神明前３８,0235-78-7511,厚生労働省オープンデータ,https://www.mhlw.go.jp/content/12300000/jigyosho_160.csv,2025-12末,https://www.google.com/search?q=%E9%B6%B4%E5%B2%A1%E5%8D%94%E7%AB%8B%E3%83%AA%E3%83%8F%E3%83%93%E3%83%AA%E3%83%86%E3%83%BC%E3%82%B7%E3%83%A7%E3%83%B3%E7%97%85%E9%99%A2%20%E9%B6%B4%E5%B2%A1%E5%B8%82
老人保健施設のぞみの園,通所リハビリ,山形県,鶴岡市,"介護,通所リハビリ,リハビリ",通所リハビリの公式オープンデータから取り込んだ候補です。詳細は公式情報・電話・見学で確認してください。,http://www.mituwakai.com,山形県鶴岡市茅原町26番23号,0235-25-8255,厚生労働省オープンデータ,https://www.mhlw.go.jp/content/12300000/jigyosho_160.csv,2025-12末,https://www.google.com/search?q=%E8%80%81%E4%BA%BA%E4%BF%9D%E5%81%A5%E6%96%BD%E8%A8%AD%E3%81%AE%E3%81%9E%E3%81%BF%E3%81%AE%E5%9C%92%20%E9%B6%B4%E5%B2%A1%E5%B8%82
サテライト老健ちわら,通所リハビリ,山形県,鶴岡市,"介護,通所リハビリ,リハビリ",通所リハビリの公式オープンデータから取り込んだ候補です。詳細は公式情報・電話・見学で確認してください。,http://www.mituwakai.com,山形県鶴岡市北茅原町5番10号,0235-25-5000,厚生労働省オープンデータ,https://www.mhlw.go.jp/content/12300000/jigyosho_160.csv,2025-12末,https://www.google.com/search?q=%E3%82%B5%E3%83%86%E3%83%A9%E3%82%A4%E3%83%88%E8%80%81%E5%81%A5%E3%81%A1%E3%82%8F%E3%82%89%20%E9%B6%B4%E5%B2%A1%E5%B8%82
サテライト老健のぞみ,通所リハビリ,山形県,鶴岡市,"介護,通所リハビリ,リハビリ",通所リハビリの公式オープンデータから取り込んだ候補です。詳細は公式情報・電話・見学で確認してください。,http://www.mituwakai.com,山形県鶴岡市日枝字小真木原116-8,0235-24-7724,厚生労働省オープンデータ,https://www.mhlw.go.jp/content/12300000/jigyosho_160.csv,2025-12末,https://www.google.com/search?q=%E3%82%B5%E3%83%86%E3%83%A9%E3%82%A4%E3%83%88%E8%80%81%E5%81%A5%E3%81%AE%E3%81%9E%E3%81%BF%20%E9%B6%B4%E5%B2%A1%E5%B8%82
介護老人保健施設かけはし,通所リハビリ,山形県,鶴岡市,"介護,通所リハビリ,リハビリ",通所リハビリの公式オープンデータから取り込んだ候補です。詳細は公式情報・電話・見学で確認してください。,hppts://niji-kakehashi.or.jp/,鶴岡市民田字代家田１００－１,0235-25-1131,厚生労働省オープンデータ,https://www.mhlw.go.jp/content/12300000/jigyosho_160.csv,2025-12末,https://www.google.com/search?q=%E4%BB%8B%E8%AD%B7%E8%80%81%E4%BA%BA%E4%BF%9D%E5%81%A5%E6%96%BD%E8%A8%AD%E3%81%8B%E3%81%91%E3%81%AF%E3%81%97%20%E9%B6%B4%E5%B2%A1%E5%B8%82
介護老人保健施設　みずばしょう,通所リハビリ,山形県,鶴岡市,"介護,通所リハビリ,リハビリ",通所リハビリの公式オープンデータから取り込んだ候補です。詳細は公式情報・電話・見学で確認してください。,https://www.tsuruoka-rm.jp,鶴岡市羽黒町後田字谷地田191-4,0235-78-0951,厚生労働省オープンデータ,https://www.mhlw.go.jp/content/12300000/jigyosho_160.csv,2025-12末,https://www.google.com/search?q=%E4%BB%8B%E8%AD%B7%E8%80%81%E4%BA%BA%E4%BF%9D%E5%81%A5%E6%96%BD%E8%A8%AD%E3%80%80%E3%81%BF%E3%81%9A%E3%81%B0%E3%81%97%E3%82%87%E3%81%86%20%E9%B6%B4%E5%B2%A1%E5%B8%82
介護老人保健施設シェ・モワ,通所リハビリ,山形県,酒田市,"介護,通所リハビリ,リハビリ",通所リハビリの公式オープンデータから取り込んだ候補です。詳細は公式情報・電話・見学で確認してください。,http://www.koufukai.or.jp,酒田市緑町13-37,0234-21-3055,厚生労働省オープンデータ,https://www.mhlw.go.jp/content/12300000/jigyosho_160.csv,2025-12末,https://www.google.com/search?q=%E4%BB%8B%E8%AD%B7%E8%80%81%E4%BA%BA%E4%BF%9D%E5%81%A5%E6%96%BD%E8%A8%AD%E3%82%B7%E3%82%A7%E3%83%BB%E3%83%A2%E3%83%AF%20%E9%85%92%E7%94%B0%E5%B8%82
医療法人本間病院,通所リハビリ,山形県,酒田市,"介護,通所リハビリ,リハビリ",通所リハビリの公式オープンデータから取り込んだ候補です。詳細は公式情報・電話・見学で確認してください。,http://www.kenyukai-sakata.jp,酒田市中町３丁目５－２３,0234-22-4709,厚生労働省オープンデータ,https://www.mhlw.go.jp/content/12300000/jigyosho_160.csv,2025-12末,https://www.google.com/search?q=%E5%8C%BB%E7%99%82%E6%B3%95%E4%BA%BA%E6%9C%AC%E9%96%93%E7%97%85%E9%99%A2%20%E9%85%92%E7%94%B0%E5%B8%82
高見台クリニック,通所リハビリ,山形県,酒田市,"介護,通所リハビリ,リハビリ",通所リハビリの公式オープンデータから取り込んだ候補です。詳細は公式情報・電話・見学で確認してください。,www.kenyukai-sakata.jp,高見台１－１３－１４,0234-31-7872,厚生労働省オープンデータ,https://www.mhlw.go.jp/content/12300000/jigyosho_160.csv,2025-12末,https://www.google.com/search?q=%E9%AB%98%E8%A6%8B%E5%8F%B0%E3%82%AF%E3%83%AA%E3%83%8B%E3%83%83%E3%82%AF%20%E9%85%92%E7%94%B0%E5%B8%82
医療法人　徳洲会　介護老人保健施設　徳田山,通所リハビリ,山形県,酒田市,"介護,通所リハビリ,リハビリ",通所リハビリの公式オープンデータから取り込んだ候補です。詳細は公式情報・電話・見学で確認してください。,tokudayama.com,山形県酒田市相沢字道脇7番地,0234-61-4040,厚生労働省オープンデータ,https://www.mhlw.go.jp/content/12300000/jigyosho_160.csv,2025-12末,https://www.google.com/search?q=%E5%8C%BB%E7%99%82%E6%B3%95%E4%BA%BA%E3%80%80%E5%BE%B3%E6%B4%B2%E4%BC%9A%E3%80%80%E4%BB%8B%E8%AD%B7%E8%80%81%E4%BA%BA%E4%BF%9D%E5%81%A5%E6%96%BD%E8%A8%AD%E3%80%80%E5%BE%B3%E7%94%B0%E5%B1%B1%20%E9%85%92%E7%94%B0%E5%B8%82
医療法人　丸岡医院,通所リハビリ,山形県,酒田市,"介護,通所リハビリ,リハビリ",通所リハビリの公式オープンデータから取り込んだ候補です。詳細は公式情報・電話・見学で確認してください。,http://www.maruoka.or.jp/,山形県酒田市松原南15-1,0234-23-8177,厚生労働省オープンデータ,https://www.mhlw.go.jp/content/12300000/jigyosho_160.csv,2025-12末,https://www.google.com/search?q=%E5%8C%BB%E7%99%82%E6%B3%95%E4%BA%BA%E3%80%80%E4%B8%B8%E5%B2%A1%E5%8C%BB%E9%99%A2%20%E9%85%92%E7%94%B0%E5%B8%82
老人保健施設うらら,通所リハビリ,山形県,酒田市,"介護,通所リハビリ,リハビリ",通所リハビリの公式オープンデータから取り込んだ候補です。詳細は公式情報・電話・見学で確認してください。,http://www.kouyuu-kai.or.jp/,山形県酒田市本楯字前田１２７－２,0234-28-3131,厚生労働省オープンデータ,https://www.mhlw.go.jp/content/12300000/jigyosho_160.csv,2025-12末,https://www.google.com/search?q=%E8%80%81%E4%BA%BA%E4%BF%9D%E5%81%A5%E6%96%BD%E8%A8%AD%E3%81%86%E3%82%89%E3%82%89%20%E9%85%92%E7%94%B0%E5%B8%82
健生ふれあいクリニック,通所リハビリ,山形県,酒田市,"介護,通所リハビリ,リハビリ",通所リハビリの公式オープンデータから取り込んだ候補です。詳細は公式情報・電話・見学で確認してください。,http://www.ken-sei.or.jp,山形県酒田市泉町1番地16,0234-33-6338,厚生労働省オープンデータ,https://www.mhlw.go.jp/content/12300000/jigyosho_160.csv,2025-12末,https://www.google.com/search?q=%E5%81%A5%E7%94%9F%E3%81%B5%E3%82%8C%E3%81%82%E3%81%84%E3%82%AF%E3%83%AA%E3%83%8B%E3%83%83%E3%82%AF%20%E9%85%92%E7%94%B0%E5%B8%82
老人保健施設　明日葉,通所リハビリ,山形県,酒田市,"介護,通所リハビリ,リハビリ",通所リハビリの公式オープンデータから取り込んだ候補です。詳細は公式情報・電話・見学で確認してください。,https://www.satsuki-ashitaba.jp/,山形県酒田市曙町２－１８－６,0234-22-3885,厚生労働省オープンデータ,https://www.mhlw.go.jp/content/12300000/jigyosho_160.csv,2025-12末,https://www.google.com/search?q=%E8%80%81%E4%BA%BA%E4%BF%9D%E5%81%A5%E6%96%BD%E8%A8%AD%E3%80%80%E6%98%8E%E6%97%A5%E8%91%89%20%E9%85%92%E7%94%B0%E5%B8%82
介護老人保健施設　新庄薬師園,通所リハビリ,山形県,新庄市,"介護,通所リハビリ,リハビリ",通所リハビリの公式オープンデータから取り込んだ候補です。詳細は公式情報・電話・見学で確認してください。,https://katsuroku.jp/,山形県新庄市金沢字西ノ山3027-4,0233-23-8060,厚生労働省オープンデータ,https://www.mhlw.go.jp/content/12300000/jigyosho_160.csv,2025-12末,https://www.google.com/search?q=%E4%BB%8B%E8%AD%B7%E8%80%81%E4%BA%BA%E4%BF%9D%E5%81%A5%E6%96%BD%E8%A8%AD%E3%80%80%E6%96%B0%E5%BA%84%E8%96%AC%E5%B8%AB%E5%9C%92%20%E6%96%B0%E5%BA%84%E5%B8%82
医療法人徳洲会　新庄徳洲会病院,通所リハビリ,山形県,新庄市,"介護,通所リハビリ,リハビリ",通所リハビリの公式オープンデータから取り込んだ候補です。詳細は公式情報・電話・見学で確認してください。,http://www.shin-toku.com/,山形県新庄市大字鳥越字駒場4623,0233-23-3434,厚生労働省オープンデータ,https://www.mhlw.go.jp/content/12300000/jigyosho_160.csv,2025-12末,https://www.google.com/search?q=%E5%8C%BB%E7%99%82%E6%B3%95%E4%BA%BA%E5%BE%B3%E6%B4%B2%E4%BC%9A%E3%80%80%E6%96%B0%E5%BA%84%E5%BE%B3%E6%B4%B2%E4%BC%9A%E7%97%85%E9%99%A2%20%E6%96%B0%E5%BA%84%E5%B8%82
医療法人社団清明会介護老人保健施設PFCエーデルワイス,通所リハビリ,山形県,新庄市,"介護,通所リハビリ,リハビリ",通所リハビリの公式オープンデータから取り込んだ候補です。詳細は公式情報・電話・見学で確認してください。,https://ew.seimei-kai.or.jp/,山形県新庄市大字本合海字福田界１８０２番地３,0233-26-2685,厚生労働省オープンデータ,https://www.mhlw.go.jp/content/12300000/jigyosho_160.csv,2025-12末,https://www.google.com/search?q=%E5%8C%BB%E7%99%82%E6%B3%95%E4%BA%BA%E7%A4%BE%E5%9B%A3%E6%B8%85%E6%98%8E%E4%BC%9A%E4%BB%8B%E8%AD%B7%E8%80%81%E4%BA%BA%E4%BF%9D%E5%81%A5%E6%96%BD%E8%A8%ADPFC%E3%82%A8%E3%83%BC%E3%83%87%E3%83%AB%E3%83%AF%E3%82%A4%E3%82%B9%20%E6%96%B0%E5%BA%84%E5%B8%82
おやま整形外科クリニック,通所リハビリ,山形県,寒河江市,"介護,通所リハビリ,リハビリ",通所リハビリの公式オープンデータから取り込んだ候補です。詳細は公式情報・電話・見学で確認してください。,https://oyama-seikei.gassankai.com/,山形県寒河江市七日町5-1,0237-84-6631,厚生労働省オープンデータ,https://www.mhlw.go.jp/content/12300000/jigyosho_160.csv,2025-12末,https://www.google.com/search?q=%E3%81%8A%E3%82%84%E3%81%BE%E6%95%B4%E5%BD%A2%E5%A4%96%E7%A7%91%E3%82%AF%E3%83%AA%E3%83%8B%E3%83%83%E3%82%AF%20%E5%AF%92%E6%B2%B3%E6%B1%9F%E5%B8%82
介護老人保健施設　寒河江やすらぎの里,通所リハビリ,山形県,寒河江市,"介護,通所リハビリ,リハビリ",通所リハビリの公式オープンデータから取り込んだ候補です。詳細は公式情報・電話・見学で確認してください。,http://care-net.biz/06/s-yasuragi/,寒河江市本楯二丁目24番地１,0237-83-0566,厚生労働省オープンデータ,https://www.mhlw.go.jp/content/12300000/jigyosho_160.csv,2025-12末,https://www.google.com/search?q=%E4%BB%8B%E8%AD%B7%E8%80%81%E4%BA%BA%E4%BF%9D%E5%81%A5%E6%96%BD%E8%A8%AD%E3%80%80%E5%AF%92%E6%B2%B3%E6%B1%9F%E3%82%84%E3%81%99%E3%82%89%E3%81%8E%E3%81%AE%E9%87%8C%20%E5%AF%92%E6%B2%B3%E6%B1%9F%E5%B8%82
健成会　新田クリニック,通所リハビリ,山形県,上山市,"介護,通所リハビリ,リハビリ",通所リハビリの公式オープンデータから取り込んだ候補です。詳細は公式情報・電話・見学で確認してください。,http://www.kenseikai-nitta.jp,山形県上山市金生1-15-10,023-672-8001,厚生労働省オープンデータ,https://www.mhlw.go.jp/content/12300000/jigyosho_160.csv,2025-12末,https://www.google.com/search?q=%E5%81%A5%E6%88%90%E4%BC%9A%E3%80%80%E6%96%B0%E7%94%B0%E3%82%AF%E3%83%AA%E3%83%8B%E3%83%83%E3%82%AF%20%E4%B8%8A%E5%B1%B1%E5%B8%82
医療法人社団　博誠会　原田医院,通所リハビリ,山形県,上山市,"介護,通所リハビリ,リハビリ",通所リハビリの公式オープンデータから取り込んだ候補です。詳細は公式情報・電話・見学で確認してください。,"http://www.haradaiin,com",上山市石崎二丁目１－８,023-672-1028,厚生労働省オープンデータ,https://www.mhlw.go.jp/content/12300000/jigyosho_160.csv,2025-12末,https://www.google.com/search?q=%E5%8C%BB%E7%99%82%E6%B3%95%E4%BA%BA%E7%A4%BE%E5%9B%A3%E3%80%80%E5%8D%9A%E8%AA%A0%E4%BC%9A%E3%80%80%E5%8E%9F%E7%94%B0%E5%8C%BB%E9%99%A2%20%E4%B8%8A%E5%B1%B1%E5%B8%82
介護老人保健施設みゆきの丘,通所リハビリ,山形県,上山市,"介護,通所リハビリ,リハビリ",通所リハビリの公式オープンデータから取り込んだ候補です。詳細は公式情報・電話・見学で確認してください。,https://www.miyuki.or.jp/,山形県上山市弁天二丁目2番11号,023-672-8585,厚生労働省オープンデータ,https://www.mhlw.go.jp/content/12300000/jigyosho_160.csv,2025-12末,https://www.google.com/search?q=%E4%BB%8B%E8%AD%B7%E8%80%81%E4%BA%BA%E4%BF%9D%E5%81%A5%E6%96%BD%E8%A8%AD%E3%81%BF%E3%82%86%E3%81%8D%E3%81%AE%E4%B8%98%20%E4%B8%8A%E5%B1%B1%E5%B8%82
指定通所リハビリテーション事業所　あかね,通所リハビリ,山形県,上山市,"介護,通所リハビリ,リハビリ",通所リハビリの公式オープンデータから取り込んだ候補です。詳細は公式情報・電話・見学で確認してください。,https://www.miyuki.or.jp,山形県上山市弁天二丁目2番11号,023-672-8585,厚生労働省オープンデータ,https://www.mhlw.go.jp/content/12300000/jigyosho_160.csv,2025-12末,https://www.google.com/search?q=%E6%8C%87%E5%AE%9A%E9%80%9A%E6%89%80%E3%83%AA%E3%83%8F%E3%83%93%E3%83%AA%E3%83%86%E3%83%BC%E3%82%B7%E3%83%A7%E3%83%B3%E4%BA%8B%E6%A5%AD%E6%89%80%E3%80%80%E3%81%82%E3%81%8B%E3%81%AD%20%E4%B8%8A%E5%B1%B1%E5%B8%82
介護老人保健施設ローズむらやま,通所リハビリ,山形県,村山市,"介護,通所リハビリ,リハビリ",通所リハビリの公式オープンデータから取り込んだ候補です。詳細は公式情報・電話・見学で確認してください。,https://www.kodama-hp.com,山形県村山市大字本飯田字柳堤2486-65,0237-52-3020,厚生労働省オープンデータ,https://www.mhlw.go.jp/content/12300000/jigyosho_160.csv,2025-12末,https://www.google.com/search?q=%E4%BB%8B%E8%AD%B7%E8%80%81%E4%BA%BA%E4%BF%9D%E5%81%A5%E6%96%BD%E8%A8%AD%E3%83%AD%E3%83%BC%E3%82%BA%E3%82%80%E3%82%89%E3%82%84%E3%81%BE%20%E6%9D%91%E5%B1%B1%E5%B8%82
介護老人保健施設リバーヒル長井,通所リハビリ,山形県,長井市,"介護,通所リハビリ,リハビリ",通所リハビリの公式オープンデータから取り込んだ候補です。詳細は公式情報・電話・見学で確認してください。,http://www.riverhill.jp/,山形県長井市寺泉３５２５－１,0238-83-3315,厚生労働省オープンデータ,https://www.mhlw.go.jp/content/12300000/jigyosho_160.csv,2025-12末,https://www.google.com/search?q=%E4%BB%8B%E8%AD%B7%E8%80%81%E4%BA%BA%E4%BF%9D%E5%81%A5%E6%96%BD%E8%A8%AD%E3%83%AA%E3%83%90%E3%83%BC%E3%83%92%E3%83%AB%E9%95%B7%E4%BA%95%20%E9%95%B7%E4%BA%95%E5%B8%82
介護老人保健施設あこがれ,通所リハビリ,山形県,天童市,"介護,通所リハビリ,リハビリ",通所リハビリの公式オープンデータから取り込んだ候補です。詳細は公式情報・電話・見学で確認してください。,http://www.yuuaikai-yamagata.or.jp,山形県天童市大字荒谷　1973番地884,023-652-2801,厚生労働省オープンデータ,https://www.mhlw.go.jp/content/12300000/jigyosho_160.csv,2025-12末,https://www.google.com/search?q=%E4%BB%8B%E8%AD%B7%E8%80%81%E4%BA%BA%E4%BF%9D%E5%81%A5%E6%96%BD%E8%A8%AD%E3%81%82%E3%81%93%E3%81%8C%E3%82%8C%20%E5%A4%A9%E7%AB%A5%E5%B8%82
医療法人社団丹心会吉岡病院指定通所リハビリテーション,通所リハビリ,山形県,天童市,"介護,通所リハビリ,リハビリ",通所リハビリの公式オープンデータから取り込んだ候補です。詳細は公式情報・電話・見学で確認してください。,http://www.yoshioka-hp.or.jp/,山形県天童市東本町三丁目５番２１号,023-654-1188,厚生労働省オープンデータ,https://www.mhlw.go.jp/content/12300000/jigyosho_160.csv,2025-12末,https://www.google.com/search?q=%E5%8C%BB%E7%99%82%E6%B3%95%E4%BA%BA%E7%A4%BE%E5%9B%A3%E4%B8%B9%E5%BF%83%E4%BC%9A%E5%90%89%E5%B2%A1%E7%97%85%E9%99%A2%E6%8C%87%E5%AE%9A%E9%80%9A%E6%89%80%E3%83%AA%E3%83%8F%E3%83%93%E3%83%AA%E3%83%86%E3%83%BC%E3%82%B7%E3%83%A7%E3%83%B3%20%E5%A4%A9%E7%AB%A5%E5%B8%82
介護老人保健施設ラ・フォーレ天童,通所リハビリ,山形県,天童市,"介護,通所リハビリ,リハビリ",通所リハビリの公式オープンデータから取り込んだ候補です。詳細は公式情報・電話・見学で確認してください。,http://www.laforet-tendo.com/,山形県天童市大字道満１９３－１,023-653-8211,厚生労働省オープンデータ,https://www.mhlw.go.jp/content/12300000/jigyosho_160.csv,2025-12末,https://www.google.com/search?q=%E4%BB%8B%E8%AD%B7%E8%80%81%E4%BA%BA%E4%BF%9D%E5%81%A5%E6%96%BD%E8%A8%AD%E3%83%A9%E3%83%BB%E3%83%95%E3%82%A9%E3%83%BC%E3%83%AC%E5%A4%A9%E7%AB%A5%20%E5%A4%A9%E7%AB%A5%E5%B8%82
通所リハビリテーション　もり,通所リハビリ,山形県,東根市,"介護,通所リハビリ,リハビリ",通所リハビリの公式オープンデータから取り込んだ候補です。詳細は公式情報・電話・見学で確認してください。,https://www.google.com/search?q=%E9%80%9A%E6%89%80%E3%83%AA%E3%83%8F%E3%83%93%E3%83%AA%E3%83%86%E3%83%BC%E3%82%B7%E3%83%A7%E3%83%B3%E3%80%80%E3%82%82%E3%82%8A%20%E6%9D%B1%E6%A0%B9%E5%B8%82,山形県東根市本丸西4‐1‐48,0237-48-7739,厚生労働省オープンデータ,https://www.mhlw.go.jp/content/12300000/jigyosho_160.csv,2025-12末,https://www.google.com/search?q=%E9%80%9A%E6%89%80%E3%83%AA%E3%83%8F%E3%83%93%E3%83%AA%E3%83%86%E3%83%BC%E3%82%B7%E3%83%A7%E3%83%B3%E3%80%80%E3%82%82%E3%82%8A%20%E6%9D%B1%E6%A0%B9%E5%B8%82
医療法人財団明理会　山形ロイヤル病院,通所リハビリ,山形県,東根市,"介護,通所リハビリ,リハビリ",通所リハビリの公式オープンデータから取り込んだ候補です。詳細は公式情報・電話・見学で確認してください。,https://ims-tohoku.com/yamagata-royal/,山形県東根市大森二丁目3番6号,0237-43-8080,厚生労働省オープンデータ,https://www.mhlw.go.jp/content/12300000/jigyosho_160.csv,2025-12末,https://www.google.com/search?q=%E5%8C%BB%E7%99%82%E6%B3%95%E4%BA%BA%E8%B2%A1%E5%9B%A3%E6%98%8E%E7%90%86%E4%BC%9A%E3%80%80%E5%B1%B1%E5%BD%A2%E3%83%AD%E3%82%A4%E3%83%A4%E3%83%AB%E7%97%85%E9%99%A2%20%E6%9D%B1%E6%A0%B9%E5%B8%82
介護老人保健施設ナーシングホームさくらんぼ,通所リハビリ,山形県,東根市,"介護,通所リハビリ,リハビリ",通所リハビリの公式オープンデータから取り込んだ候補です。詳細は公式情報・電話・見学で確認してください。,http://kjg-net.jp/,山形県東根市大字野田1921,0237-36-0017,厚生労働省オープンデータ,https://www.mhlw.go.jp/content/12300000/jigyosho_160.csv,2025-12末,https://www.google.com/search?q=%E4%BB%8B%E8%AD%B7%E8%80%81%E4%BA%BA%E4%BF%9D%E5%81%A5%E6%96%BD%E8%A8%AD%E3%83%8A%E3%83%BC%E3%82%B7%E3%83%B3%E3%82%B0%E3%83%9B%E3%83%BC%E3%83%A0%E3%81%95%E3%81%8F%E3%82%89%E3%82%93%E3%81%BC%20%E6%9D%B1%E6%A0%B9%E5%B8%82
介護老人保健施設　ハイマート福原,通所リハビリ,山形県,尾花沢市,"介護,通所リハビリ,リハビリ",通所リハビリの公式オープンデータから取り込んだ候補です。詳細は公式情報・電話・見学で確認してください。,http://www.haimart-kaigo.com,山形県尾花沢市大字野黒沢５５４番地２９,0237-25-3300,厚生労働省オープンデータ,https://www.mhlw.go.jp/content/12300000/jigyosho_160.csv,2025-12末,https://www.google.com/search?q=%E4%BB%8B%E8%AD%B7%E8%80%81%E4%BA%BA%E4%BF%9D%E5%81%A5%E6%96%BD%E8%A8%AD%E3%80%80%E3%83%8F%E3%82%A4%E3%83%9E%E3%83%BC%E3%83%88%E7%A6%8F%E5%8E%9F%20%E5%B0%BE%E8%8A%B1%E6%B2%A2%E5%B8%82
尾花沢病院デイケアセンターぽかぽか,通所リハビリ,山形県,尾花沢市,"介護,通所リハビリ,リハビリ",通所リハビリの公式オープンデータから取り込んだ候補です。詳細は公式情報・電話・見学で確認してください。,http://www.ic-net.or.jp/home/keiaikai/,尾花沢市大字朧気６９５番地の３,0237-23-3637,厚生労働省オープンデータ,https://www.mhlw.go.jp/content/12300000/jigyosho_160.csv,2025-12末,https://www.google.com/search?q=%E5%B0%BE%E8%8A%B1%E6%B2%A2%E7%97%85%E9%99%A2%E3%83%87%E3%82%A4%E3%82%B1%E3%82%A2%E3%82%BB%E3%83%B3%E3%82%BF%E3%83%BC%E3%81%BD%E3%81%8B%E3%81%BD%E3%81%8B%20%E5%B0%BE%E8%8A%B1%E6%B2%A2%E5%B8%82
介護老人保健施設ドミール南陽,通所リハビリ,山形県,南陽市,"介護,通所リハビリ,リハビリ",通所リハビリの公式オープンデータから取り込んだ候補です。詳細は公式情報・電話・見学で確認してください。,http://www.koutoku.or.jp,山形県南陽市椚塚940,0238-40-3888,厚生労働省オープンデータ,https://www.mhlw.go.jp/content/12300000/jigyosho_160.csv,2025-12末,https://www.google.com/search?q=%E4%BB%8B%E8%AD%B7%E8%80%81%E4%BA%BA%E4%BF%9D%E5%81%A5%E6%96%BD%E8%A8%AD%E3%83%89%E3%83%9F%E3%83%BC%E3%83%AB%E5%8D%97%E9%99%BD%20%E5%8D%97%E9%99%BD%E5%B8%82
介護老人保健施設ほなみ荘,通所リハビリ,山形県,南陽市,"介護,通所リハビリ,リハビリ",通所リハビリの公式オープンデータから取り込んだ候補です。詳細は公式情報・電話・見学で確認してください。,ｈｔｔｐ：//nanyohonami.or.jp,山形県南陽市宮内3750-1,0238-47-6000,厚生労働省オープンデータ,https://www.mhlw.go.jp/content/12300000/jigyosho_160.csv,2025-12末,https://www.google.com/search?q=%E4%BB%8B%E8%AD%B7%E8%80%81%E4%BA%BA%E4%BF%9D%E5%81%A5%E6%96%BD%E8%A8%AD%E3%81%BB%E3%81%AA%E3%81%BF%E8%8D%98%20%E5%8D%97%E9%99%BD%E5%B8%82
介護老人保健施設メルヘン,通所リハビリ,山形県,山辺町,"介護,通所リハビリ,リハビリ",通所リハビリの公式オープンデータから取り込んだ候補です。詳細は公式情報・電話・見学で確認してください。,https://www.google.com/search?q=%E4%BB%8B%E8%AD%B7%E8%80%81%E4%BA%BA%E4%BF%9D%E5%81%A5%E6%96%BD%E8%A8%AD%E3%83%A1%E3%83%AB%E3%83%98%E3%83%B3%20%E5%B1%B1%E8%BE%BA%E7%94%BA,山形県東村山郡山辺町大字大寺１１５２番１,023-667-0001,厚生労働省オープンデータ,https://www.mhlw.go.jp/content/12300000/jigyosho_160.csv,2025-12末,https://www.google.com/search?q=%E4%BB%8B%E8%AD%B7%E8%80%81%E4%BA%BA%E4%BF%9D%E5%81%A5%E6%96%BD%E8%A8%AD%E3%83%A1%E3%83%AB%E3%83%98%E3%83%B3%20%E5%B1%B1%E8%BE%BA%E7%94%BA
クリニックメルヘン,通所リハビリ,山形県,山辺町,"介護,通所リハビリ,リハビリ",通所リハビリの公式オープンデータから取り込んだ候補です。詳細は公式情報・電話・見学で確認してください。,https://www.google.com/search?q=%E3%82%AF%E3%83%AA%E3%83%8B%E3%83%83%E3%82%AF%E3%83%A1%E3%83%AB%E3%83%98%E3%83%B3%20%E5%B1%B1%E8%BE%BA%E7%94%BA,東村山郡山辺町大字大寺１１５２－４クリニックメルヘン,023-667-0080,厚生労働省オープンデータ,https://www.mhlw.go.jp/content/12300000/jigyosho_160.csv,2025-12末,https://www.google.com/search?q=%E3%82%AF%E3%83%AA%E3%83%8B%E3%83%83%E3%82%AF%E3%83%A1%E3%83%AB%E3%83%98%E3%83%B3%20%E5%B1%B1%E8%BE%BA%E7%94%BA
医療法人和敬会クリニック,通所リハビリ,山形県,山辺町,"介護,通所リハビリ,リハビリ",通所リハビリの公式オープンデータから取り込んだ候補です。詳細は公式情報・電話・見学で確認してください。,https://www.google.com/search?q=%E5%8C%BB%E7%99%82%E6%B3%95%E4%BA%BA%E5%92%8C%E6%95%AC%E4%BC%9A%E3%82%AF%E3%83%AA%E3%83%8B%E3%83%83%E3%82%AF%20%E5%B1%B1%E8%BE%BA%E7%94%BA,東村山郡山辺町大字山辺265,023-664-7870,厚生労働省オープンデータ,https://www.mhlw.go.jp/content/12300000/jigyosho_160.csv,2025-12末,https://www.google.com/search?q=%E5%8C%BB%E7%99%82%E6%B3%95%E4%BA%BA%E5%92%8C%E6%95%AC%E4%BC%9A%E3%82%AF%E3%83%AA%E3%83%8B%E3%83%83%E3%82%AF%20%E5%B1%B1%E8%BE%BA%E7%94%BA
洋々会秋葉医院パワーランド,通所リハビリ,山形県,中山町,"介護,通所リハビリ,リハビリ",通所リハビリの公式オープンデータから取り込んだ候補です。詳細は公式情報・電話・見学で確認してください。,https://www.google.com/search?q=%E6%B4%8B%E3%80%85%E4%BC%9A%E7%A7%8B%E8%91%89%E5%8C%BB%E9%99%A2%E3%83%91%E3%83%AF%E3%83%BC%E3%83%A9%E3%83%B3%E3%83%89%20%E4%B8%AD%E5%B1%B1%E7%94%BA,東村山郡中山町長崎303-6,023-663-1070,厚生労働省オープンデータ,https://www.mhlw.go.jp/content/12300000/jigyosho_160.csv,2025-12末,https://www.google.com/search?q=%E6%B4%8B%E3%80%85%E4%BC%9A%E7%A7%8B%E8%91%89%E5%8C%BB%E9%99%A2%E3%83%91%E3%83%AF%E3%83%BC%E3%83%A9%E3%83%B3%E3%83%89%20%E4%B8%AD%E5%B1%B1%E7%94%BA
介護老人保健施設　紅寿の里,通所リハビリ,山形県,河北町,"介護,通所リハビリ,リハビリ",通所リハビリの公式オープンデータから取り込んだ候補です。詳細は公式情報・電話・見学で確認してください。,http://www.miyuki.or.jp/kouju/,山形県西村山郡河北町大字溝延字本丸８－１,0237-73-5850,厚生労働省オープンデータ,https://www.mhlw.go.jp/content/12300000/jigyosho_160.csv,2025-12末,https://www.google.com/search?q=%E4%BB%8B%E8%AD%B7%E8%80%81%E4%BA%BA%E4%BF%9D%E5%81%A5%E6%96%BD%E8%A8%AD%E3%80%80%E7%B4%85%E5%AF%BF%E3%81%AE%E9%87%8C%20%E6%B2%B3%E5%8C%97%E7%94%BA
指定通所リハビリテーション事業所まんてん,通所リハビリ,山形県,河北町,"介護,通所リハビリ,リハビリ",通所リハビリの公式オープンデータから取り込んだ候補です。詳細は公式情報・電話・見学で確認してください。,http://www.miyuki.or.jp/kouju/,山形県西村山郡河北町大字溝延字本丸８－１,0237-73-5850,厚生労働省オープンデータ,https://www.mhlw.go.jp/content/12300000/jigyosho_160.csv,2025-12末,https://www.google.com/search?q=%E6%8C%87%E5%AE%9A%E9%80%9A%E6%89%80%E3%83%AA%E3%83%8F%E3%83%93%E3%83%AA%E3%83%86%E3%83%BC%E3%82%B7%E3%83%A7%E3%83%B3%E4%BA%8B%E6%A5%AD%E6%89%80%E3%81%BE%E3%82%93%E3%81%A6%E3%82%93%20%E6%B2%B3%E5%8C%97%E7%94%BA
朝日町立病院,通所リハビリ,山形県,朝日町,"介護,通所リハビリ,リハビリ",通所リハビリの公式オープンデータから取り込んだ候補です。詳細は公式情報・電話・見学で確認してください。,https://www.google.com/search?q=%E6%9C%9D%E6%97%A5%E7%94%BA%E7%AB%8B%E7%97%85%E9%99%A2%20%E6%9C%9D%E6%97%A5%E7%94%BA,山形県西村山郡朝日町大字宮宿８４３番地,0237-67-2125,厚生労働省オープンデータ,https://www.mhlw.go.jp/content/12300000/jigyosho_160.csv,2025-12末,https://www.google.com/search?q=%E6%9C%9D%E6%97%A5%E7%94%BA%E7%AB%8B%E7%97%85%E9%99%A2%20%E6%9C%9D%E6%97%A5%E7%94%BA
介護老人保健施設　景雲荘,通所リハビリ,山形県,大江町,"介護,通所リハビリ,リハビリ",通所リハビリの公式オープンデータから取り込んだ候補です。詳細は公式情報・電話・見学で確認してください。,https://www.google.com/search?q=%E4%BB%8B%E8%AD%B7%E8%80%81%E4%BA%BA%E4%BF%9D%E5%81%A5%E6%96%BD%E8%A8%AD%E3%80%80%E6%99%AF%E9%9B%B2%E8%8D%98%20%E5%A4%A7%E6%B1%9F%E7%94%BA,山形県西村山郡大江町大字左沢1187,0237-62-3155,厚生労働省オープンデータ,https://www.mhlw.go.jp/content/12300000/jigyosho_160.csv,2025-12末,https://www.google.com/search?q=%E4%BB%8B%E8%AD%B7%E8%80%81%E4%BA%BA%E4%BF%9D%E5%81%A5%E6%96%BD%E8%A8%AD%E3%80%80%E6%99%AF%E9%9B%B2%E8%8D%98%20%E5%A4%A7%E6%B1%9F%E7%94%BA
最上町介護老人保健施設　やすらぎ,通所リハビリ,山形県,最上町,"介護,通所リハビリ,リハビリ",通所リハビリの公式オープンデータから取り込んだ候補です。詳細は公式情報・電話・見学で確認してください。,https://www.google.com/search?q=%E6%9C%80%E4%B8%8A%E7%94%BA%E4%BB%8B%E8%AD%B7%E8%80%81%E4%BA%BA%E4%BF%9D%E5%81%A5%E6%96%BD%E8%A8%AD%E3%80%80%E3%82%84%E3%81%99%E3%82%89%E3%81%8E%20%E6%9C%80%E4%B8%8A%E7%94%BA,山形県最上郡最上町大字向町64-3,0233-43-3378,厚生労働省オープンデータ,https://www.mhlw.go.jp/content/12300000/jigyosho_160.csv,2025-12末,https://www.google.com/search?q=%E6%9C%80%E4%B8%8A%E7%94%BA%E4%BB%8B%E8%AD%B7%E8%80%81%E4%BA%BA%E4%BF%9D%E5%81%A5%E6%96%BD%E8%A8%AD%E3%80%80%E3%82%84%E3%81%99%E3%82%89%E3%81%8E%20%E6%9C%80%E4%B8%8A%E7%94%BA
医療法人徳洲会介護老人保健施設舟形徳洲苑,通所リハビリ,山形県,舟形町,"介護,通所リハビリ,リハビリ",通所リハビリの公式オープンデータから取り込んだ候補です。詳細は公式情報・電話・見学で確認してください。,http://care-net.biz/06/funatoku/,山形県最上郡舟形町富田字富田135-1,0233-35-2228,厚生労働省オープンデータ,https://www.mhlw.go.jp/content/12300000/jigyosho_160.csv,2025-12末,https://www.google.com/search?q=%E5%8C%BB%E7%99%82%E6%B3%95%E4%BA%BA%E5%BE%B3%E6%B4%B2%E4%BC%9A%E4%BB%8B%E8%AD%B7%E8%80%81%E4%BA%BA%E4%BF%9D%E5%81%A5%E6%96%BD%E8%A8%AD%E8%88%9F%E5%BD%A2%E5%BE%B3%E6%B4%B2%E8%8B%91%20%E8%88%9F%E5%BD%A2%E7%94%BA
医療法人徳洲会　介護老人保健施設　梅花苑,通所リハビリ,山形県,真室川町,"介護,通所リハビリ,リハビリ",通所リハビリの公式オープンデータから取り込んだ候補です。詳細は公式情報・電話・見学で確認してください。,"http://care-net,biz/06/baikaen/",山形県最上郡真室川大字木ノ下字片渕山1125-286,0233-32-0505,厚生労働省オープンデータ,https://www.mhlw.go.jp/content/12300000/jigyosho_160.csv,2025-12末,https://www.google.com/search?q=%E5%8C%BB%E7%99%82%E6%B3%95%E4%BA%BA%E5%BE%B3%E6%B4%B2%E4%BC%9A%E3%80%80%E4%BB%8B%E8%AD%B7%E8%80%81%E4%BA%BA%E4%BF%9D%E5%81%A5%E6%96%BD%E8%A8%AD%E3%80%80%E6%A2%85%E8%8A%B1%E8%8B%91%20%E7%9C%9F%E5%AE%A4%E5%B7%9D%E7%94%BA
公立高畠病院,通所リハビリ,山形県,高畠町,"介護,通所リハビリ,リハビリ",通所リハビリの公式オープンデータから取り込んだ候補です。詳細は公式情報・電話・見学で確認してください。,https://takahatahospital.jp/,山形県東置賜郡高畠町大字高畠386番地,0238-52-1500,厚生労働省オープンデータ,https://www.mhlw.go.jp/content/12300000/jigyosho_160.csv,2025-12末,https://www.google.com/search?q=%E5%85%AC%E7%AB%8B%E9%AB%98%E7%95%A0%E7%97%85%E9%99%A2%20%E9%AB%98%E7%95%A0%E7%94%BA
介護老人保健施設かがやきの丘,通所リハビリ,山形県,川西町,"介護,通所リハビリ,リハビリ",通所リハビリの公式オープンデータから取り込んだ候補です。詳細は公式情報・電話・見学で確認してください。,http://www.ryokuaikai.com,山形県東置賜郡川西町大字下奥田字穴澤平3796番地20号,0238-42-5000,厚生労働省オープンデータ,https://www.mhlw.go.jp/content/12300000/jigyosho_160.csv,2025-12末,https://www.google.com/search?q=%E4%BB%8B%E8%AD%B7%E8%80%81%E4%BA%BA%E4%BF%9D%E5%81%A5%E6%96%BD%E8%A8%AD%E3%81%8B%E3%81%8C%E3%82%84%E3%81%8D%E3%81%AE%E4%B8%98%20%E5%B7%9D%E8%A5%BF%E7%94%BA
介護老人保健施設　白鷹あゆみの園,通所リハビリ,山形県,白鷹町,"介護,通所リハビリ,リハビリ",通所リハビリの公式オープンデータから取り込んだ候補です。詳細は公式情報・電話・見学で確認してください。,http://soumeikai.jp/,山形県西置賜郡白鷹町大字十王5087番地1,0238-85-5678,厚生労働省オープンデータ,https://www.mhlw.go.jp/content/12300000/jigyosho_160.csv,2025-12末,https://www.google.com/search?q=%E4%BB%8B%E8%AD%B7%E8%80%81%E4%BA%BA%E4%BF%9D%E5%81%A5%E6%96%BD%E8%A8%AD%E3%80%80%E7%99%BD%E9%B7%B9%E3%81%82%E3%82%86%E3%81%BF%E3%81%AE%E5%9C%92%20%E7%99%BD%E9%B7%B9%E7%94%BA
医療法人社団　聰明会　みゆき整形外科クリニック,通所リハビリ,山形県,白鷹町,"介護,通所リハビリ,リハビリ",通所リハビリの公式オープンデータから取り込んだ候補です。詳細は公式情報・電話・見学で確認してください。,http://soumeikai.jp/,山形県西置賜郡白鷹町大字十王字塩田5059番地13,0238-85-5533,厚生労働省オープンデータ,https://www.mhlw.go.jp/content/12300000/jigyosho_160.csv,2025-12末,https://www.google.com/search?q=%E5%8C%BB%E7%99%82%E6%B3%95%E4%BA%BA%E7%A4%BE%E5%9B%A3%E3%80%80%E8%81%B0%E6%98%8E%E4%BC%9A%E3%80%80%E3%81%BF%E3%82%86%E3%81%8D%E6%95%B4%E5%BD%A2%E5%A4%96%E7%A7%91%E3%82%AF%E3%83%AA%E3%83%8B%E3%83%83%E3%82%AF%20%E7%99%BD%E9%B7%B9%E7%94%BA
飯豊町介護老人保健施設「美の里」,通所リハビリ,山形県,飯豊町,"介護,通所リハビリ,リハビリ",通所リハビリの公式オープンデータから取り込んだ候補です。詳細は公式情報・電話・見学で確認してください。,https://www.google.com/search?q=%E9%A3%AF%E8%B1%8A%E7%94%BA%E4%BB%8B%E8%AD%B7%E8%80%81%E4%BA%BA%E4%BF%9D%E5%81%A5%E6%96%BD%E8%A8%AD%E3%80%8C%E7%BE%8E%E3%81%AE%E9%87%8C%E3%80%8D%20%E9%A3%AF%E8%B1%8A%E7%94%BA,山形県西置賜郡飯豊町大字椿3654番1,0238-86-2117,厚生労働省オープンデータ,https://www.mhlw.go.jp/content/12300000/jigyosho_160.csv,2025-12末,https://www.google.com/search?q=%E9%A3%AF%E8%B1%8A%E7%94%BA%E4%BB%8B%E8%AD%B7%E8%80%81%E4%BA%BA%E4%BF%9D%E5%81%A5%E6%96%BD%E8%A8%AD%E3%80%8C%E7%BE%8E%E3%81%AE%E9%87%8C%E3%80%8D%20%E9%A3%AF%E8%B1%8A%E7%94%BA
医療法人徳洲会　介護老人保健施設ほのか,通所リハビリ,山形県,三川町,"介護,通所リハビリ,リハビリ",通所リハビリの公式オープンデータから取り込んだ候補です。詳細は公式情報・電話・見学で確認してください。,https://www.tokushukai.or.jp/,山形県東田川郡三川町大字押切新田字深田1番地,0235-68-0020,厚生労働省オープンデータ,https://www.mhlw.go.jp/content/12300000/jigyosho_160.csv,2025-12末,https://www.google.com/search?q=%E5%8C%BB%E7%99%82%E6%B3%95%E4%BA%BA%E5%BE%B3%E6%B4%B2%E4%BC%9A%E3%80%80%E4%BB%8B%E8%AD%B7%E8%80%81%E4%BA%BA%E4%BF%9D%E5%81%A5%E6%96%BD%E8%A8%AD%E3%81%BB%E3%81%AE%E3%81%8B%20%E4%B8%89%E5%B7%9D%E7%94%BA
医療法人徳洲会介護老人保健施設余目徳洲苑,通所リハビリ,山形県,庄内町,"介護,通所リハビリ,リハビリ",通所リハビリの公式オープンデータから取り込んだ候補です。詳細は公式情報・電話・見学で確認してください。,http://www.amarume-tokushuen.com,山形県東田川郡庄内町松陽1丁目1-6,0234-43-2477,厚生労働省オープンデータ,https://www.mhlw.go.jp/content/12300000/jigyosho_160.csv,2025-12末,https://www.google.com/search?q=%E5%8C%BB%E7%99%82%E6%B3%95%E4%BA%BA%E5%BE%B3%E6%B4%B2%E4%BC%9A%E4%BB%8B%E8%AD%B7%E8%80%81%E4%BA%BA%E4%BF%9D%E5%81%A5%E6%96%BD%E8%A8%AD%E4%BD%99%E7%9B%AE%E5%BE%B3%E6%B4%B2%E8%8B%91%20%E5%BA%84%E5%86%85%E7%94%BA
医療法人　徳洲会　介護老人保健施設　あかね,通所リハビリ,山形県,庄内町,"介護,通所リハビリ,リハビリ",通所リハビリの公式オープンデータから取り込んだ候補です。詳細は公式情報・電話・見学で確認してください。,http://www.rouken-akane.com/index.html,山形県東田川郡庄内町添津字家の下97,0234-51-1100,厚生労働省オープンデータ,https://www.mhlw.go.jp/content/12300000/jigyosho_160.csv,2025-12末,https://www.google.com/search?q=%E5%8C%BB%E7%99%82%E6%B3%95%E4%BA%BA%E3%80%80%E5%BE%B3%E6%B4%B2%E4%BC%9A%E3%80%80%E4%BB%8B%E8%AD%B7%E8%80%81%E4%BA%BA%E4%BF%9D%E5%81%A5%E6%96%BD%E8%A8%AD%E3%80%80%E3%81%82%E3%81%8B%E3%81%AD%20%E5%BA%84%E5%86%85%E7%94%BA
たんきにゅうしょせいかつかいごじぎょうしょ　ふくじゅのさと,ショートステイ,山形県,山形市,"介護,ショートステイ,一時利用",家族の休息や一時的な受け入れが必要な時に短期間利用するサービスです。,http://www.fukujukai.jp/,山形市飯田二丁目7番30号,023-625-5212,厚生労働省オープンデータ,https://www.mhlw.go.jp/content/12300000/jigyosho_210.csv,2025-12末,https://www.google.com/search?q=%E3%81%9F%E3%82%93%E3%81%8D%E3%81%AB%E3%82%85%E3%81%86%E3%81%97%E3%82%87%E3%81%9B%E3%81%84%E3%81%8B%E3%81%A4%E3%81%8B%E3%81%84%E3%81%94%E3%81%98%E3%81%8E%E3%82%87%E3%81%86%E3%81%97%E3%82%87%E3%80%80%E3%81%B5%E3%81%8F%E3%81%98%E3%82%85%E3%81%AE%E3%81%95%E3%81%A8%20%E5%B1%B1%E5%BD%A2%E5%B8%82
指定短期入所生活介護事業所　ながまち荘,ショートステイ,山形県,山形市,"介護,ショートステイ,一時利用",家族の休息や一時的な受け入れが必要な時に短期間利用するサービスです。,http://www.yamagata-saiseikai.org,山形市長町751番地,023-681-5732,厚生労働省オープンデータ,https://www.mhlw.go.jp/content/12300000/jigyosho_210.csv,2025-12末,https://www.google.com/search?q=%E6%8C%87%E5%AE%9A%E7%9F%AD%E6%9C%9F%E5%85%A5%E6%89%80%E7%94%9F%E6%B4%BB%E4%BB%8B%E8%AD%B7%E4%BA%8B%E6%A5%AD%E6%89%80%E3%80%80%E3%81%AA%E3%81%8C%E3%81%BE%E3%81%A1%E8%8D%98%20%E5%B1%B1%E5%BD%A2%E5%B8%82
特別養護老人ホーム　山静寿,ショートステイ,山形県,山形市,"介護,ショートステイ,一時利用",家族の休息や一時的な受け入れが必要な時に短期間利用するサービスです。,http://www.yamagata-saiseikai.org.,山形市大字沼木字下河原１１３３－１,023-646-3410,厚生労働省オープンデータ,https://www.mhlw.go.jp/content/12300000/jigyosho_210.csv,2025-12末,https://www.google.com/search?q=%E7%89%B9%E5%88%A5%E9%A4%8A%E8%AD%B7%E8%80%81%E4%BA%BA%E3%83%9B%E3%83%BC%E3%83%A0%E3%80%80%E5%B1%B1%E9%9D%99%E5%AF%BF%20%E5%B1%B1%E5%BD%A2%E5%B8%82
短期入所生活介護事業所愛日荘,ショートステイ,山形県,山形市,"介護,ショートステイ,一時利用",家族の休息や一時的な受け入れが必要な時に短期間利用するサービスです。,http://www.yamagata-saiseikai.org,山形県山形市大字妙見寺４番地,023-632-2791,厚生労働省オープンデータ,https://www.mhlw.go.jp/content/12300000/jigyosho_210.csv,2025-12末,https://www.google.com/search?q=%E7%9F%AD%E6%9C%9F%E5%85%A5%E6%89%80%E7%94%9F%E6%B4%BB%E4%BB%8B%E8%AD%B7%E4%BA%8B%E6%A5%AD%E6%89%80%E6%84%9B%E6%97%A5%E8%8D%98%20%E5%B1%B1%E5%BD%A2%E5%B8%82
ショートステイ小白川,ショートステイ,山形県,山形市,"介護,ショートステイ,一時利用",家族の休息や一時的な受け入れが必要な時に短期間利用するサービスです。,https://yamagata-saiseikai.org/,山形県山形市小白川町2丁目3番1号　小白川ケアセンター内,023-616-5080,厚生労働省オープンデータ,https://www.mhlw.go.jp/content/12300000/jigyosho_210.csv,2025-12末,https://www.google.com/search?q=%E3%82%B7%E3%83%A7%E3%83%BC%E3%83%88%E3%82%B9%E3%83%86%E3%82%A4%E5%B0%8F%E7%99%BD%E5%B7%9D%20%E5%B1%B1%E5%BD%A2%E5%B8%82
なごみの里指定短期入所生活介護事業所,ショートステイ,山形県,山形市,"介護,ショートステイ,一時利用",家族の休息や一時的な受け入れが必要な時に短期間利用するサービスです。,http://www.jifukai.org,山形県山形市吉原三丁目10番8号,023-647-8872,厚生労働省オープンデータ,https://www.mhlw.go.jp/content/12300000/jigyosho_210.csv,2025-12末,https://www.google.com/search?q=%E3%81%AA%E3%81%94%E3%81%BF%E3%81%AE%E9%87%8C%E6%8C%87%E5%AE%9A%E7%9F%AD%E6%9C%9F%E5%85%A5%E6%89%80%E7%94%9F%E6%B4%BB%E4%BB%8B%E8%AD%B7%E4%BA%8B%E6%A5%AD%E6%89%80%20%E5%B1%B1%E5%BD%A2%E5%B8%82
蔵王やすらぎの里　指定短期入所生活介護事業所,ショートステイ,山形県,山形市,"介護,ショートステイ,一時利用",家族の休息や一時的な受け入れが必要な時に短期間利用するサービスです。,http://care-net.biz/06/z-yasuragi/,山形県山形市蔵王上野920番地,023-688-7022,厚生労働省オープンデータ,https://www.mhlw.go.jp/content/12300000/jigyosho_210.csv,2025-12末,https://www.google.com/search?q=%E8%94%B5%E7%8E%8B%E3%82%84%E3%81%99%E3%82%89%E3%81%8E%E3%81%AE%E9%87%8C%E3%80%80%E6%8C%87%E5%AE%9A%E7%9F%AD%E6%9C%9F%E5%85%A5%E6%89%80%E7%94%9F%E6%B4%BB%E4%BB%8B%E8%AD%B7%E4%BA%8B%E6%A5%AD%E6%89%80%20%E5%B1%B1%E5%BD%A2%E5%B8%82
天然温泉湯の郷くろさわ,ショートステイ,山形県,山形市,"介護,ショートステイ,一時利用",家族の休息や一時的な受け入れが必要な時に短期間利用するサービスです。,http://www.yuuai-kai.or.jp,山形市大字黒沢547番地67,023-674-0039,厚生労働省オープンデータ,https://www.mhlw.go.jp/content/12300000/jigyosho_210.csv,2025-12末,https://www.google.com/search?q=%E5%A4%A9%E7%84%B6%E6%B8%A9%E6%B3%89%E6%B9%AF%E3%81%AE%E9%83%B7%E3%81%8F%E3%82%8D%E3%81%95%E3%82%8F%20%E5%B1%B1%E5%BD%A2%E5%B8%82
指定短期入所生活介護事業所　みはらしの丘,ショートステイ,山形県,山形市,"介護,ショートステイ,一時利用",家族の休息や一時的な受け入れが必要な時に短期間利用するサービスです。,https://www.yuuai-kai.oｒ.jp/,山形市みはらしの丘四丁目15番地3,023-688-3854,厚生労働省オープンデータ,https://www.mhlw.go.jp/content/12300000/jigyosho_210.csv,2025-12末,https://www.google.com/search?q=%E6%8C%87%E5%AE%9A%E7%9F%AD%E6%9C%9F%E5%85%A5%E6%89%80%E7%94%9F%E6%B4%BB%E4%BB%8B%E8%AD%B7%E4%BA%8B%E6%A5%AD%E6%89%80%E3%80%80%E3%81%BF%E3%81%AF%E3%82%89%E3%81%97%E3%81%AE%E4%B8%98%20%E5%B1%B1%E5%BD%A2%E5%B8%82
ソーレ江俣,ショートステイ,山形県,山形市,"介護,ショートステイ,一時利用",家族の休息や一時的な受け入れが必要な時に短期間利用するサービスです。,http://www.sole.ne.jp,山形市江俣一丁目9-15,023-681-2282,厚生労働省オープンデータ,https://www.mhlw.go.jp/content/12300000/jigyosho_210.csv,2025-12末,https://www.google.com/search?q=%E3%82%BD%E3%83%BC%E3%83%AC%E6%B1%9F%E4%BF%A3%20%E5%B1%B1%E5%BD%A2%E5%B8%82
いずみケアセンター昭和館,ショートステイ,山形県,山形市,"介護,ショートステイ,一時利用",家族の休息や一時的な受け入れが必要な時に短期間利用するサービスです。,http://www.izumi-lan.com/,山形県山形市長町一丁目９番５９－１４号,023-681-0909,厚生労働省オープンデータ,https://www.mhlw.go.jp/content/12300000/jigyosho_210.csv,2025-12末,https://www.google.com/search?q=%E3%81%84%E3%81%9A%E3%81%BF%E3%82%B1%E3%82%A2%E3%82%BB%E3%83%B3%E3%82%BF%E3%83%BC%E6%98%AD%E5%92%8C%E9%A4%A8%20%E5%B1%B1%E5%BD%A2%E5%B8%82
ショートステイ沼木敬寿園,ショートステイ,山形県,山形市,"介護,ショートステイ,一時利用",家族の休息や一時的な受け入れが必要な時に短期間利用するサービスです。,http://www.keijuen.or.jp,山形県山形市大字沼木68-1,023-674-9881,厚生労働省オープンデータ,https://www.mhlw.go.jp/content/12300000/jigyosho_210.csv,2025-12末,https://www.google.com/search?q=%E3%82%B7%E3%83%A7%E3%83%BC%E3%83%88%E3%82%B9%E3%83%86%E3%82%A4%E6%B2%BC%E6%9C%A8%E6%95%AC%E5%AF%BF%E5%9C%92%20%E5%B1%B1%E5%BD%A2%E5%B8%82
ショートステイ鈴川敬寿園,ショートステイ,山形県,山形市,"介護,ショートステイ,一時利用",家族の休息や一時的な受け入れが必要な時に短期間利用するサービスです。,http://www.keijuen.or.jp,山形市大野目二丁目２－６７,023-666-8100,厚生労働省オープンデータ,https://www.mhlw.go.jp/content/12300000/jigyosho_210.csv,2025-12末,https://www.google.com/search?q=%E3%82%B7%E3%83%A7%E3%83%BC%E3%83%88%E3%82%B9%E3%83%86%E3%82%A4%E9%88%B4%E5%B7%9D%E6%95%AC%E5%AF%BF%E5%9C%92%20%E5%B1%B1%E5%BD%A2%E5%B8%82
山形ケアセンター　そよ風,ショートステイ,山形県,山形市,"介護,ショートステイ,一時利用",家族の休息や一時的な受け入れが必要な時に短期間利用するサービスです。,yamagata@sykz.co.jp,山形県山形市荒楯町1丁目4-1,023-615-4335,厚生労働省オープンデータ,https://www.mhlw.go.jp/content/12300000/jigyosho_210.csv,2025-12末,https://www.google.com/search?q=%E5%B1%B1%E5%BD%A2%E3%82%B1%E3%82%A2%E3%82%BB%E3%83%B3%E3%82%BF%E3%83%BC%E3%80%80%E3%81%9D%E3%82%88%E9%A2%A8%20%E5%B1%B1%E5%BD%A2%E5%B8%82
ショートステイあかしや共生苑,ショートステイ,山形県,山形市,"介護,ショートステイ,一時利用",家族の休息や一時的な受け入れが必要な時に短期間利用するサービスです。,https://www.y-shiminfukushikai.org/,山形県山形市桧町３－４－１７,023-674-7776,厚生労働省オープンデータ,https://www.mhlw.go.jp/content/12300000/jigyosho_210.csv,2025-12末,https://www.google.com/search?q=%E3%82%B7%E3%83%A7%E3%83%BC%E3%83%88%E3%82%B9%E3%83%86%E3%82%A4%E3%81%82%E3%81%8B%E3%81%97%E3%82%84%E5%85%B1%E7%94%9F%E8%8B%91%20%E5%B1%B1%E5%BD%A2%E5%B8%82
とかみ共生苑指定短期入所生活介護事業所,ショートステイ,山形県,山形市,"介護,ショートステイ,一時利用",家族の休息や一時的な受け入れが必要な時に短期間利用するサービスです。,https://www.y-shiminfukushikai.org/,山形県山形市富神前6番地,023-646-5052,厚生労働省オープンデータ,https://www.mhlw.go.jp/content/12300000/jigyosho_210.csv,2025-12末,https://www.google.com/search?q=%E3%81%A8%E3%81%8B%E3%81%BF%E5%85%B1%E7%94%9F%E8%8B%91%E6%8C%87%E5%AE%9A%E7%9F%AD%E6%9C%9F%E5%85%A5%E6%89%80%E7%94%9F%E6%B4%BB%E4%BB%8B%E8%AD%B7%E4%BA%8B%E6%A5%AD%E6%89%80%20%E5%B1%B1%E5%BD%A2%E5%B8%82
総合福祉施設いきいきの郷,ショートステイ,山形県,山形市,"介護,ショートステイ,一時利用",家族の休息や一時的な受け入れが必要な時に短期間利用するサービスです。,https://kagayakinokai.or.jp/,山形市大字成安４２５番地２,023-681-2940,厚生労働省オープンデータ,https://www.mhlw.go.jp/content/12300000/jigyosho_210.csv,2025-12末,https://www.google.com/search?q=%E7%B7%8F%E5%90%88%E7%A6%8F%E7%A5%89%E6%96%BD%E8%A8%AD%E3%81%84%E3%81%8D%E3%81%84%E3%81%8D%E3%81%AE%E9%83%B7%20%E5%B1%B1%E5%BD%A2%E5%B8%82
サンシャイン大森ショートステイセンター,ショートステイ,山形県,山形市,"介護,ショートステイ,一時利用",家族の休息や一時的な受け入れが必要な時に短期間利用するサービスです。,http://www.sunshine-oomori.jp/,山形市大字大森２１３９番地１,023-685-1226,厚生労働省オープンデータ,https://www.mhlw.go.jp/content/12300000/jigyosho_210.csv,2025-12末,https://www.google.com/search?q=%E3%82%B5%E3%83%B3%E3%82%B7%E3%83%A3%E3%82%A4%E3%83%B3%E5%A4%A7%E6%A3%AE%E3%82%B7%E3%83%A7%E3%83%BC%E3%83%88%E3%82%B9%E3%83%86%E3%82%A4%E3%82%BB%E3%83%B3%E3%82%BF%E3%83%BC%20%E5%B1%B1%E5%BD%A2%E5%B8%82
サンシャイン大森ショートステイセンター（ユニット型空床利用型）,ショートステイ,山形県,山形市,"介護,ショートステイ,一時利用",家族の休息や一時的な受け入れが必要な時に短期間利用するサービスです。,http://sunshine-oomori.jp/,山形県山形市大字大森２１３９番地１,023-685-1226,厚生労働省オープンデータ,https://www.mhlw.go.jp/content/12300000/jigyosho_210.csv,2025-12末,https://www.google.com/search?q=%E3%82%B5%E3%83%B3%E3%82%B7%E3%83%A3%E3%82%A4%E3%83%B3%E5%A4%A7%E6%A3%AE%E3%82%B7%E3%83%A7%E3%83%BC%E3%83%88%E3%82%B9%E3%83%86%E3%82%A4%E3%82%BB%E3%83%B3%E3%82%BF%E3%83%BC%EF%BC%88%E3%83%A6%E3%83%8B%E3%83%83%E3%83%88%E5%9E%8B%E7%A9%BA%E5%BA%8A%E5%88%A9%E7%94%A8%E5%9E%8B%EF%BC%89%20%E5%B1%B1%E5%BD%A2%E5%B8%82
みこころの園指定短期入所生活介護事業所,ショートステイ,山形県,山形市,"介護,ショートステイ,一時利用",家族の休息や一時的な受け入れが必要な時に短期間利用するサービスです。,http://www.mikokoronosono.or.jp,山形県山形市大字沼木字下河原1129-1,023-644-7571,厚生労働省オープンデータ,https://www.mhlw.go.jp/content/12300000/jigyosho_210.csv,2025-12末,https://www.google.com/search?q=%E3%81%BF%E3%81%93%E3%81%93%E3%82%8D%E3%81%AE%E5%9C%92%E6%8C%87%E5%AE%9A%E7%9F%AD%E6%9C%9F%E5%85%A5%E6%89%80%E7%94%9F%E6%B4%BB%E4%BB%8B%E8%AD%B7%E4%BA%8B%E6%A5%AD%E6%89%80%20%E5%B1%B1%E5%BD%A2%E5%B8%82
指定短期入所生活介護事業所菅沢荘,ショートステイ,山形県,山形市,"介護,ショートステイ,一時利用",家族の休息や一時的な受け入れが必要な時に短期間利用するサービスです。,http://yamagatashi-sj.or.jp/,山形市すげさわの丘４６番地,023-646-1160,厚生労働省オープンデータ,https://www.mhlw.go.jp/content/12300000/jigyosho_210.csv,2025-12末,https://www.google.com/search?q=%E6%8C%87%E5%AE%9A%E7%9F%AD%E6%9C%9F%E5%85%A5%E6%89%80%E7%94%9F%E6%B4%BB%E4%BB%8B%E8%AD%B7%E4%BA%8B%E6%A5%AD%E6%89%80%E8%8F%85%E6%B2%A2%E8%8D%98%20%E5%B1%B1%E5%BD%A2%E5%B8%82
短期入所生活介護　六日町あいあい,ショートステイ,山形県,山形市,"介護,ショートステイ,一時利用",家族の休息や一時的な受け入れが必要な時に短期間利用するサービスです。,https://aiai-yamagata.org/,山形市六日町２番７号,023-641-8421,厚生労働省オープンデータ,https://www.mhlw.go.jp/content/12300000/jigyosho_210.csv,2025-12末,https://www.google.com/search?q=%E7%9F%AD%E6%9C%9F%E5%85%A5%E6%89%80%E7%94%9F%E6%B4%BB%E4%BB%8B%E8%AD%B7%E3%80%80%E5%85%AD%E6%97%A5%E7%94%BA%E3%81%82%E3%81%84%E3%81%82%E3%81%84%20%E5%B1%B1%E5%BD%A2%E5%B8%82
短期入所生活介護事業所「あっぷるの里久保田」,ショートステイ,山形県,山形市,"介護,ショートステイ,一時利用",家族の休息や一時的な受け入れが必要な時に短期間利用するサービスです。,applenosato.sakura.ne.jp,山形市久保田一丁目７番７号,０２３－６４７－６３３０,厚生労働省オープンデータ,https://www.mhlw.go.jp/content/12300000/jigyosho_210.csv,2025-12末,https://www.google.com/search?q=%E7%9F%AD%E6%9C%9F%E5%85%A5%E6%89%80%E7%94%9F%E6%B4%BB%E4%BB%8B%E8%AD%B7%E4%BA%8B%E6%A5%AD%E6%89%80%E3%80%8C%E3%81%82%E3%81%A3%E3%81%B7%E3%82%8B%E3%81%AE%E9%87%8C%E4%B9%85%E4%BF%9D%E7%94%B0%E3%80%8D%20%E5%B1%B1%E5%BD%A2%E5%B8%82
ほっとin福寿草,ショートステイ,山形県,山形市,"介護,ショートステイ,一時利用",家族の休息や一時的な受け入れが必要な時に短期間利用するサービスです。,www.fukujukai.jp,山形市飯田５丁目１番53号,023-631-1122,厚生労働省オープンデータ,https://www.mhlw.go.jp/content/12300000/jigyosho_210.csv,2025-12末,https://www.google.com/search?q=%E3%81%BB%E3%81%A3%E3%81%A8in%E7%A6%8F%E5%AF%BF%E8%8D%89%20%E5%B1%B1%E5%BD%A2%E5%B8%82
社会福祉法人　ユトリア会　短期入所ユトリアケアセンターかすみ,ショートステイ,山形県,山形市,"介護,ショートステイ,一時利用",家族の休息や一時的な受け入れが必要な時に短期間利用するサービスです。,http://utoria-kai.com,山形県山形市香澄町二丁目３番３２号,023-625-1294,厚生労働省オープンデータ,https://www.mhlw.go.jp/content/12300000/jigyosho_210.csv,2025-12末,https://www.google.com/search?q=%E7%A4%BE%E4%BC%9A%E7%A6%8F%E7%A5%89%E6%B3%95%E4%BA%BA%E3%80%80%E3%83%A6%E3%83%88%E3%83%AA%E3%82%A2%E4%BC%9A%E3%80%80%E7%9F%AD%E6%9C%9F%E5%85%A5%E6%89%80%E3%83%A6%E3%83%88%E3%83%AA%E3%82%A2%E3%82%B1%E3%82%A2%E3%82%BB%E3%83%B3%E3%82%BF%E3%83%BC%E3%81%8B%E3%81%99%E3%81%BF%20%E5%B1%B1%E5%BD%A2%E5%B8%82
短期入所生活介護事業所さくらホーム山形,ショートステイ,山形県,山形市,"介護,ショートステイ,一時利用",家族の休息や一時的な受け入れが必要な時に短期間利用するサービスです。,http://www.sakura-welfare.jp/,山形市嶋北三丁目１４番２４号,023-674-7303,厚生労働省オープンデータ,https://www.mhlw.go.jp/content/12300000/jigyosho_210.csv,2025-12末,https://www.google.com/search?q=%E7%9F%AD%E6%9C%9F%E5%85%A5%E6%89%80%E7%94%9F%E6%B4%BB%E4%BB%8B%E8%AD%B7%E4%BA%8B%E6%A5%AD%E6%89%80%E3%81%95%E3%81%8F%E3%82%89%E3%83%9B%E3%83%BC%E3%83%A0%E5%B1%B1%E5%BD%A2%20%E5%B1%B1%E5%BD%A2%E5%B8%82
介護福祉施設　燦燦,ショートステイ,山形県,山形市,"介護,ショートステイ,一時利用",家族の休息や一時的な受け入れが必要な時に短期間利用するサービスです。,http://www.san-san.jp,山形県山形市大字十文字字大原848番1,023-686-9875,厚生労働省オープンデータ,https://www.mhlw.go.jp/content/12300000/jigyosho_210.csv,2025-12末,https://www.google.com/search?q=%E4%BB%8B%E8%AD%B7%E7%A6%8F%E7%A5%89%E6%96%BD%E8%A8%AD%E3%80%80%E7%87%A6%E7%87%A6%20%E5%B1%B1%E5%BD%A2%E5%B8%82
短期入所生活介護　みなみ,ショートステイ,山形県,山形市,"介護,ショートステイ,一時利用",家族の休息や一時的な受け入れが必要な時に短期間利用するサービスです。,http://www.miyuki.or.jp,山形市南館四丁目1－45,023-647-6030,厚生労働省オープンデータ,https://www.mhlw.go.jp/content/12300000/jigyosho_210.csv,2025-12末,https://www.google.com/search?q=%E7%9F%AD%E6%9C%9F%E5%85%A5%E6%89%80%E7%94%9F%E6%B4%BB%E4%BB%8B%E8%AD%B7%E3%80%80%E3%81%BF%E3%81%AA%E3%81%BF%20%E5%B1%B1%E5%BD%A2%E5%B8%82
介護付有料老人ホーム　やすらぎ苑,ショートステイ,山形県,米沢市,"介護,ショートステイ,一時利用",家族の休息や一時的な受け入れが必要な時に短期間利用するサービスです。,https://utopialife.co.jp/,米沢市成島町3丁目2番127-12号,0238-37-1865,厚生労働省オープンデータ,https://www.mhlw.go.jp/content/12300000/jigyosho_210.csv,2025-12末,https://www.google.com/search?q=%E4%BB%8B%E8%AD%B7%E4%BB%98%E6%9C%89%E6%96%99%E8%80%81%E4%BA%BA%E3%83%9B%E3%83%BC%E3%83%A0%E3%80%80%E3%82%84%E3%81%99%E3%82%89%E3%81%8E%E8%8B%91%20%E7%B1%B3%E6%B2%A2%E5%B8%82
おいたまの郷指定短期入所生活介護事業所,ショートステイ,山形県,米沢市,"介護,ショートステイ,一時利用",家族の休息や一時的な受け入れが必要な時に短期間利用するサービスです。,http://oitamanosato.jp,米沢市下新田２８番地,0238-37-7788,厚生労働省オープンデータ,https://www.mhlw.go.jp/content/12300000/jigyosho_210.csv,2025-12末,https://www.google.com/search?q=%E3%81%8A%E3%81%84%E3%81%9F%E3%81%BE%E3%81%AE%E9%83%B7%E6%8C%87%E5%AE%9A%E7%9F%AD%E6%9C%9F%E5%85%A5%E6%89%80%E7%94%9F%E6%B4%BB%E4%BB%8B%E8%AD%B7%E4%BA%8B%E6%A5%AD%E6%89%80%20%E7%B1%B3%E6%B2%A2%E5%B8%82
万世園ショートステイ,ショートステイ,山形県,米沢市,"介護,ショートステイ,一時利用",家族の休息や一時的な受け入れが必要な時に短期間利用するサービスです。,eikounosato.ocn.ne.jp,山形県米沢市万世町牛森4172-5,0238-28-1455,厚生労働省オープンデータ,https://www.mhlw.go.jp/content/12300000/jigyosho_210.csv,2025-12末,https://www.google.com/search?q=%E4%B8%87%E4%B8%96%E5%9C%92%E3%82%B7%E3%83%A7%E3%83%BC%E3%83%88%E3%82%B9%E3%83%86%E3%82%A4%20%E7%B1%B3%E6%B2%A2%E5%B8%82
成島園ショートステイ,ショートステイ,山形県,米沢市,"介護,ショートステイ,一時利用",家族の休息や一時的な受け入れが必要な時に短期間利用するサービスです。,http://narusimaen.org/,山形県米沢市広幡町成島字窪平山2120番地5,0238-37-2133,厚生労働省オープンデータ,https://www.mhlw.go.jp/content/12300000/jigyosho_210.csv,2025-12末,https://www.google.com/search?q=%E6%88%90%E5%B3%B6%E5%9C%92%E3%82%B7%E3%83%A7%E3%83%BC%E3%83%88%E3%82%B9%E3%83%86%E3%82%A4%20%E7%B1%B3%E6%B2%A2%E5%B8%82
特別養護老人ホーム回春堂,ショートステイ,山形県,米沢市,"介護,ショートステイ,一時利用",家族の休息や一時的な受け入れが必要な時に短期間利用するサービスです。,https://kaisyundo.jp/,米沢市大字花沢2986番地の1,0238-26-8850,厚生労働省オープンデータ,https://www.mhlw.go.jp/content/12300000/jigyosho_210.csv,2025-12末,https://www.google.com/search?q=%E7%89%B9%E5%88%A5%E9%A4%8A%E8%AD%B7%E8%80%81%E4%BA%BA%E3%83%9B%E3%83%BC%E3%83%A0%E5%9B%9E%E6%98%A5%E5%A0%82%20%E7%B1%B3%E6%B2%A2%E5%B8%82
特別養護老人ホーム　サンファミリア米沢,ショートステイ,山形県,米沢市,"介護,ショートステイ,一時利用",家族の休息や一時的な受け入れが必要な時に短期間利用するサービスです。,http://www.y-kouwakai.jp,山形県米沢市塩井町塩野520番地,0238-26-8255,厚生労働省オープンデータ,https://www.mhlw.go.jp/content/12300000/jigyosho_210.csv,2025-12末,https://www.google.com/search?q=%E7%89%B9%E5%88%A5%E9%A4%8A%E8%AD%B7%E8%80%81%E4%BA%BA%E3%83%9B%E3%83%BC%E3%83%A0%E3%80%80%E3%82%B5%E3%83%B3%E3%83%95%E3%82%A1%E3%83%9F%E3%83%AA%E3%82%A2%E7%B1%B3%E6%B2%A2%20%E7%B1%B3%E6%B2%A2%E5%B8%82
短期入所生活介護事業所めぐみの郷しらやま,ショートステイ,山形県,鶴岡市,"介護,ショートステイ,一時利用",家族の休息や一時的な受け入れが必要な時に短期間利用するサービスです。,http://www.s-megumikai.or.jp/,山形県鶴岡市白山字西木村１０１番地1,0235-64-1171,厚生労働省オープンデータ,https://www.mhlw.go.jp/content/12300000/jigyosho_210.csv,2025-12末,https://www.google.com/search?q=%E7%9F%AD%E6%9C%9F%E5%85%A5%E6%89%80%E7%94%9F%E6%B4%BB%E4%BB%8B%E8%AD%B7%E4%BA%8B%E6%A5%AD%E6%89%80%E3%82%81%E3%81%90%E3%81%BF%E3%81%AE%E9%83%B7%E3%81%97%E3%82%89%E3%82%84%E3%81%BE%20%E9%B6%B4%E5%B2%A1%E5%B8%82
指定短期入所生活介護事業所「かたくり荘」,ショートステイ,山形県,鶴岡市,"介護,ショートステイ,一時利用",家族の休息や一時的な受け入れが必要な時に短期間利用するサービスです。,http://care-net:biz/06/bunanoki/,山形県鶴岡市熊出字東村157-2,0235-53-2300,厚生労働省オープンデータ,https://www.mhlw.go.jp/content/12300000/jigyosho_210.csv,2025-12末,https://www.google.com/search?q=%E6%8C%87%E5%AE%9A%E7%9F%AD%E6%9C%9F%E5%85%A5%E6%89%80%E7%94%9F%E6%B4%BB%E4%BB%8B%E8%AD%B7%E4%BA%8B%E6%A5%AD%E6%89%80%E3%80%8C%E3%81%8B%E3%81%9F%E3%81%8F%E3%82%8A%E8%8D%98%E3%80%8D%20%E9%B6%B4%E5%B2%A1%E5%B8%82
しおん荘ショートステイセンター,ショートステイ,山形県,鶴岡市,"介護,ショートステイ,一時利用",家族の休息や一時的な受け入れが必要な時に短期間利用するサービスです。,https://www.sionkai.or.jp/,山形県鶴岡市湯野浜1丁目17番35号,0235-76-3735,厚生労働省オープンデータ,https://www.mhlw.go.jp/content/12300000/jigyosho_210.csv,2025-12末,https://www.google.com/search?q=%E3%81%97%E3%81%8A%E3%82%93%E8%8D%98%E3%82%B7%E3%83%A7%E3%83%BC%E3%83%88%E3%82%B9%E3%83%86%E3%82%A4%E3%82%BB%E3%83%B3%E3%82%BF%E3%83%BC%20%E9%B6%B4%E5%B2%A1%E5%B8%82
ショートステイ温寿荘,ショートステイ,山形県,鶴岡市,"介護,ショートステイ,一時利用",家族の休息や一時的な受け入れが必要な時に短期間利用するサービスです。,http://atumifukusikai.jp,山形県鶴岡市槙代丁53番地1,0235-43-2351,厚生労働省オープンデータ,https://www.mhlw.go.jp/content/12300000/jigyosho_210.csv,2025-12末,https://www.google.com/search?q=%E3%82%B7%E3%83%A7%E3%83%BC%E3%83%88%E3%82%B9%E3%83%86%E3%82%A4%E6%B8%A9%E5%AF%BF%E8%8D%98%20%E9%B6%B4%E5%B2%A1%E5%B8%82
ショートステイかみじ荘,ショートステイ,山形県,鶴岡市,"介護,ショートステイ,一時利用",家族の休息や一時的な受け入れが必要な時に短期間利用するサービスです。,http://www.kamiji.or.jp,鶴岡市羽黒町手向字薬師沢198-3,0235-62-2233,厚生労働省オープンデータ,https://www.mhlw.go.jp/content/12300000/jigyosho_210.csv,2025-12末,https://www.google.com/search?q=%E3%82%B7%E3%83%A7%E3%83%BC%E3%83%88%E3%82%B9%E3%83%86%E3%82%A4%E3%81%8B%E3%81%BF%E3%81%98%E8%8D%98%20%E9%B6%B4%E5%B2%A1%E5%B8%82
ショートステイかみじ荘,ショートステイ,山形県,鶴岡市,"介護,ショートステイ,一時利用",家族の休息や一時的な受け入れが必要な時に短期間利用するサービスです。,https://www.kamiji.or.jp/,山形県鶴岡市羽黒町手向字薬師沢198番地の3,0235-64-0224,厚生労働省オープンデータ,https://www.mhlw.go.jp/content/12300000/jigyosho_210.csv,2025-12末,https://www.google.com/search?q=%E3%82%B7%E3%83%A7%E3%83%BC%E3%83%88%E3%82%B9%E3%83%86%E3%82%A4%E3%81%8B%E3%81%BF%E3%81%98%E8%8D%98%20%E9%B6%B4%E5%B2%A1%E5%B8%82
桃寿荘指定短期入所生活介護事業所,ショートステイ,山形県,鶴岡市,"介護,ショートステイ,一時利用",家族の休息や一時的な受け入れが必要な時に短期間利用するサービスです。,http://kushibiki-fukujukai.or.jp,山形県鶴岡市たらのき代字桃平123番地,0235-57-3222,厚生労働省オープンデータ,https://www.mhlw.go.jp/content/12300000/jigyosho_210.csv,2025-12末,https://www.google.com/search?q=%E6%A1%83%E5%AF%BF%E8%8D%98%E6%8C%87%E5%AE%9A%E7%9F%AD%E6%9C%9F%E5%85%A5%E6%89%80%E7%94%9F%E6%B4%BB%E4%BB%8B%E8%AD%B7%E4%BA%8B%E6%A5%AD%E6%89%80%20%E9%B6%B4%E5%B2%A1%E5%B8%82
永寿荘ショートステイセンター,ショートステイ,山形県,鶴岡市,"介護,ショートステイ,一時利用",家族の休息や一時的な受け入れが必要な時に短期間利用するサービスです。,http://www.keisen-swc.jp,山形県鶴岡市茅原町２８番１０号,0235-25-6111,厚生労働省オープンデータ,https://www.mhlw.go.jp/content/12300000/jigyosho_210.csv,2025-12末,https://www.google.com/search?q=%E6%B0%B8%E5%AF%BF%E8%8D%98%E3%82%B7%E3%83%A7%E3%83%BC%E3%83%88%E3%82%B9%E3%83%86%E3%82%A4%E3%82%BB%E3%83%B3%E3%82%BF%E3%83%BC%20%E9%B6%B4%E5%B2%A1%E5%B8%82
指定短期入所生活介護サービスセンターふじの花荘,ショートステイ,山形県,鶴岡市,"介護,ショートステイ,一時利用",家族の休息や一時的な受け入れが必要な時に短期間利用するサービスです。,http://www.fujino-sato.or.jp,山形県鶴岡市藤の花1丁目１８－１,0235-64-5880,厚生労働省オープンデータ,https://www.mhlw.go.jp/content/12300000/jigyosho_210.csv,2025-12末,https://www.google.com/search?q=%E6%8C%87%E5%AE%9A%E7%9F%AD%E6%9C%9F%E5%85%A5%E6%89%80%E7%94%9F%E6%B4%BB%E4%BB%8B%E8%AD%B7%E3%82%B5%E3%83%BC%E3%83%93%E3%82%B9%E3%82%BB%E3%83%B3%E3%82%BF%E3%83%BC%E3%81%B5%E3%81%98%E3%81%AE%E8%8A%B1%E8%8D%98%20%E9%B6%B4%E5%B2%A1%E5%B8%82
池幸園ショートステイみはら,ショートステイ,山形県,鶴岡市,"介護,ショートステイ,一時利用",家族の休息や一時的な受け入れが必要な時に短期間利用するサービスです。,ｈｔｔｐ://www.ikkoukai.or.jp,山形県鶴岡市美原町4-40,0235-25-2881,厚生労働省オープンデータ,https://www.mhlw.go.jp/content/12300000/jigyosho_210.csv,2025-12末,https://www.google.com/search?q=%E6%B1%A0%E5%B9%B8%E5%9C%92%E3%82%B7%E3%83%A7%E3%83%BC%E3%83%88%E3%82%B9%E3%83%86%E3%82%A4%E3%81%BF%E3%81%AF%E3%82%89%20%E9%B6%B4%E5%B2%A1%E5%B8%82
池幸園ショートステイ,ショートステイ,山形県,鶴岡市,"介護,ショートステイ,一時利用",家族の休息や一時的な受け入れが必要な時に短期間利用するサービスです。,http://ikkoukai.or.jp,山形県鶴岡市陽光町9-20,0235-33-8106,厚生労働省オープンデータ,https://www.mhlw.go.jp/content/12300000/jigyosho_210.csv,2025-12末,https://www.google.com/search?q=%E6%B1%A0%E5%B9%B8%E5%9C%92%E3%82%B7%E3%83%A7%E3%83%BC%E3%83%88%E3%82%B9%E3%83%86%E3%82%A4%20%E9%B6%B4%E5%B2%A1%E5%B8%82
ショートステイかけはし２号館,ショートステイ,山形県,鶴岡市,"介護,ショートステイ,一時利用",家族の休息や一時的な受け入れが必要な時に短期間利用するサービスです。,https://niji-kakehashi.or.jp/,山形県鶴岡市民田字代家田９９－１,０２３５－２５－１１３１,厚生労働省オープンデータ,https://www.mhlw.go.jp/content/12300000/jigyosho_210.csv,2025-12末,https://www.google.com/search?q=%E3%82%B7%E3%83%A7%E3%83%BC%E3%83%88%E3%82%B9%E3%83%86%E3%82%A4%E3%81%8B%E3%81%91%E3%81%AF%E3%81%97%EF%BC%92%E5%8F%B7%E9%A4%A8%20%E9%B6%B4%E5%B2%A1%E5%B8%82
ショートステイかけはし,ショートステイ,山形県,鶴岡市,"介護,ショートステイ,一時利用",家族の休息や一時的な受け入れが必要な時に短期間利用するサービスです。,https://niji-kakehashi.or.jp/,山形県鶴岡市民田字代家田100-1,0235-25-1131,厚生労働省オープンデータ,https://www.mhlw.go.jp/content/12300000/jigyosho_210.csv,2025-12末,https://www.google.com/search?q=%E3%82%B7%E3%83%A7%E3%83%BC%E3%83%88%E3%82%B9%E3%83%86%E3%82%A4%E3%81%8B%E3%81%91%E3%81%AF%E3%81%97%20%E9%B6%B4%E5%B2%A1%E5%B8%82
短期入所センター　おおやま,ショートステイ,山形県,鶴岡市,"介護,ショートステイ,一時利用",家族の休息や一時的な受け入れが必要な時に短期間利用するサービスです。,http://www.shk01.jp/index.html,鶴岡市大山三丁目３４番１号,0235-38-0250,厚生労働省オープンデータ,https://www.mhlw.go.jp/content/12300000/jigyosho_210.csv,2025-12末,https://www.google.com/search?q=%E7%9F%AD%E6%9C%9F%E5%85%A5%E6%89%80%E3%82%BB%E3%83%B3%E3%82%BF%E3%83%BC%E3%80%80%E3%81%8A%E3%81%8A%E3%82%84%E3%81%BE%20%E9%B6%B4%E5%B2%A1%E5%B8%82
ショートステイあずま,ショートステイ,山形県,酒田市,"介護,ショートステイ,一時利用",家族の休息や一時的な受け入れが必要な時に短期間利用するサービスです。,http://www.east-azuma.or.jp,山形県酒田市生石字奥山１５５番１地域密着型特別養護老人ホームあずま,０２３４－９４－２８００,厚生労働省オープンデータ,https://www.mhlw.go.jp/content/12300000/jigyosho_210.csv,2025-12末,https://www.google.com/search?q=%E3%82%B7%E3%83%A7%E3%83%BC%E3%83%88%E3%82%B9%E3%83%86%E3%82%A4%E3%81%82%E3%81%9A%E3%81%BE%20%E9%85%92%E7%94%B0%E5%B8%82
ライフケア黒森指定短期入所生活介護事業所,ショートステイ,山形県,酒田市,"介護,ショートステイ,一時利用",家族の休息や一時的な受け入れが必要な時に短期間利用するサービスです。,http://syokaku-lc.com,山形県酒田市黒森字葭葉山５４番１０,0234-92-3355,厚生労働省オープンデータ,https://www.mhlw.go.jp/content/12300000/jigyosho_210.csv,2025-12末,https://www.google.com/search?q=%E3%83%A9%E3%82%A4%E3%83%95%E3%82%B1%E3%82%A2%E9%BB%92%E6%A3%AE%E6%8C%87%E5%AE%9A%E7%9F%AD%E6%9C%9F%E5%85%A5%E6%89%80%E7%94%9F%E6%B4%BB%E4%BB%8B%E8%AD%B7%E4%BA%8B%E6%A5%AD%E6%89%80%20%E9%85%92%E7%94%B0%E5%B8%82
ライフケア黒森ユニット型指定（介護予防）短期入所生活介護事業所,ショートステイ,山形県,酒田市,"介護,ショートステイ,一時利用",家族の休息や一時的な受け入れが必要な時に短期間利用するサービスです。,http：//syokaku-lc.com,山形県酒田市黒森字葭葉山５４番１０,０２３４ー９２ー３３７１,厚生労働省オープンデータ,https://www.mhlw.go.jp/content/12300000/jigyosho_210.csv,2025-12末,https://www.google.com/search?q=%E3%83%A9%E3%82%A4%E3%83%95%E3%82%B1%E3%82%A2%E9%BB%92%E6%A3%AE%E3%83%A6%E3%83%8B%E3%83%83%E3%83%88%E5%9E%8B%E6%8C%87%E5%AE%9A%EF%BC%88%E4%BB%8B%E8%AD%B7%E4%BA%88%E9%98%B2%EF%BC%89%E7%9F%AD%E6%9C%9F%E5%85%A5%E6%89%80%E7%94%9F%E6%B4%BB%E4%BB%8B%E8%AD%B7%E4%BA%8B%E6%A5%AD%E6%89%80%20%E9%85%92%E7%94%B0%E5%B8%82
ショートステイグランパ・グランマ,ショートステイ,山形県,酒田市,"介護,ショートステイ,一時利用",家族の休息や一時的な受け入れが必要な時に短期間利用するサービスです。,https://s-fukushi.jp/,山形県酒田市新橋3丁目1番地の1,0234-31-8255,厚生労働省オープンデータ,https://www.mhlw.go.jp/content/12300000/jigyosho_210.csv,2025-12末,https://www.google.com/search?q=%E3%82%B7%E3%83%A7%E3%83%BC%E3%83%88%E3%82%B9%E3%83%86%E3%82%A4%E3%82%B0%E3%83%A9%E3%83%B3%E3%83%91%E3%83%BB%E3%82%B0%E3%83%A9%E3%83%B3%E3%83%9E%20%E9%85%92%E7%94%B0%E5%B8%82
短期入所生活介護事業所　幸楽荘,ショートステイ,山形県,酒田市,"介護,ショートステイ,一時利用",家族の休息や一時的な受け入れが必要な時に短期間利用するサービスです。,http://www.kourakusou.or.jp,山形県酒田市小泉字前田50番地,0234-64-3755,厚生労働省オープンデータ,https://www.mhlw.go.jp/content/12300000/jigyosho_210.csv,2025-12末,https://www.google.com/search?q=%E7%9F%AD%E6%9C%9F%E5%85%A5%E6%89%80%E7%94%9F%E6%B4%BB%E4%BB%8B%E8%AD%B7%E4%BA%8B%E6%A5%AD%E6%89%80%E3%80%80%E5%B9%B8%E6%A5%BD%E8%8D%98%20%E9%85%92%E7%94%B0%E5%B8%82
ショートステイ　ひめふよう,ショートステイ,山形県,酒田市,"介護,ショートステイ,一時利用",家族の休息や一時的な受け入れが必要な時に短期間利用するサービスです。,http://www.koufukai.or.jp,山形県酒田市宮野浦3丁目２０－１,0234-31-2525,厚生労働省オープンデータ,https://www.mhlw.go.jp/content/12300000/jigyosho_210.csv,2025-12末,https://www.google.com/search?q=%E3%82%B7%E3%83%A7%E3%83%BC%E3%83%88%E3%82%B9%E3%83%86%E3%82%A4%E3%80%80%E3%81%B2%E3%82%81%E3%81%B5%E3%82%88%E3%81%86%20%E9%85%92%E7%94%B0%E5%B8%82
ショートステイあおい,ショートステイ,山形県,酒田市,"介護,ショートステイ,一時利用",家族の休息や一時的な受け入れが必要な時に短期間利用するサービスです。,http://koufukai.or.jp,山形県酒田市緑ヶ丘2-16-1,0234-41-2260,厚生労働省オープンデータ,https://www.mhlw.go.jp/content/12300000/jigyosho_210.csv,2025-12末,https://www.google.com/search?q=%E3%82%B7%E3%83%A7%E3%83%BC%E3%83%88%E3%82%B9%E3%83%86%E3%82%A4%E3%81%82%E3%81%8A%E3%81%84%20%E9%85%92%E7%94%B0%E5%B8%82
ショートステイサービス　かたばみ荘,ショートステイ,山形県,酒田市,"介護,ショートステイ,一時利用",家族の休息や一時的な受け入れが必要な時に短期間利用するサービスです。,https://www.katabamisou.jp/,山形県酒田市北千日堂前字松境18番1,0234-35-1451,厚生労働省オープンデータ,https://www.mhlw.go.jp/content/12300000/jigyosho_210.csv,2025-12末,https://www.google.com/search?q=%E3%82%B7%E3%83%A7%E3%83%BC%E3%83%88%E3%82%B9%E3%83%86%E3%82%A4%E3%82%B5%E3%83%BC%E3%83%93%E3%82%B9%E3%80%80%E3%81%8B%E3%81%9F%E3%81%B0%E3%81%BF%E8%8D%98%20%E9%85%92%E7%94%B0%E5%B8%82
寿康園指定短期入所生活介護事業所,ショートステイ,山形県,酒田市,"介護,ショートステイ,一時利用",家族の休息や一時的な受け入れが必要な時に短期間利用するサービスです。,https://www.hirata.or.jp/,山形県酒田市楢橋字大柳3番地1,0234－52－3283,厚生労働省オープンデータ,https://www.mhlw.go.jp/content/12300000/jigyosho_210.csv,2025-12末,https://www.google.com/search?q=%E5%AF%BF%E5%BA%B7%E5%9C%92%E6%8C%87%E5%AE%9A%E7%9F%AD%E6%9C%9F%E5%85%A5%E6%89%80%E7%94%9F%E6%B4%BB%E4%BB%8B%E8%AD%B7%E4%BA%8B%E6%A5%AD%E6%89%80%20%E9%85%92%E7%94%B0%E5%B8%82
寿康園指定短期入所生活介護事業所,ショートステイ,山形県,酒田市,"介護,ショートステイ,一時利用",家族の休息や一時的な受け入れが必要な時に短期間利用するサービスです。,www.hirata.or.jp/,山形県酒田市楢橋字大柳3番地1,0234-52-3283,厚生労働省オープンデータ,https://www.mhlw.go.jp/content/12300000/jigyosho_210.csv,2025-12末,https://www.google.com/search?q=%E5%AF%BF%E5%BA%B7%E5%9C%92%E6%8C%87%E5%AE%9A%E7%9F%AD%E6%9C%9F%E5%85%A5%E6%89%80%E7%94%9F%E6%B4%BB%E4%BB%8B%E8%AD%B7%E4%BA%8B%E6%A5%AD%E6%89%80%20%E9%85%92%E7%94%B0%E5%B8%82
短期入所生活介護事業所さくらホーム広野,ショートステイ,山形県,酒田市,"介護,ショートステイ,一時利用",家族の休息や一時的な受け入れが必要な時に短期間利用するサービスです。,http://www.sakura-welfare.jp/,山形県酒田市広野字末広102-1,0234-91-1233,厚生労働省オープンデータ,https://www.mhlw.go.jp/content/12300000/jigyosho_210.csv,2025-12末,https://www.google.com/search?q=%E7%9F%AD%E6%9C%9F%E5%85%A5%E6%89%80%E7%94%9F%E6%B4%BB%E4%BB%8B%E8%AD%B7%E4%BA%8B%E6%A5%AD%E6%89%80%E3%81%95%E3%81%8F%E3%82%89%E3%83%9B%E3%83%BC%E3%83%A0%E5%BA%83%E9%87%8E%20%E9%85%92%E7%94%B0%E5%B8%82
さくらホーム短期入所生活介護事業所,ショートステイ,山形県,酒田市,"介護,ショートステイ,一時利用",家族の休息や一時的な受け入れが必要な時に短期間利用するサービスです。,http://www.sakura-welfare.jp/,山形県酒田市中牧田字丸福171番地,0234-62-2941,厚生労働省オープンデータ,https://www.mhlw.go.jp/content/12300000/jigyosho_210.csv,2025-12末,https://www.google.com/search?q=%E3%81%95%E3%81%8F%E3%82%89%E3%83%9B%E3%83%BC%E3%83%A0%E7%9F%AD%E6%9C%9F%E5%85%A5%E6%89%80%E7%94%9F%E6%B4%BB%E4%BB%8B%E8%AD%B7%E4%BA%8B%E6%A5%AD%E6%89%80%20%E9%85%92%E7%94%B0%E5%B8%82
短期入所生活介護事業所さくらの里,ショートステイ,山形県,酒田市,"介護,ショートステイ,一時利用",家族の休息や一時的な受け入れが必要な時に短期間利用するサービスです。,http://www.sakura-welfare.jp/,山形県酒田市西田16-1,0234-61-4355,厚生労働省オープンデータ,https://www.mhlw.go.jp/content/12300000/jigyosho_210.csv,2025-12末,https://www.google.com/search?q=%E7%9F%AD%E6%9C%9F%E5%85%A5%E6%89%80%E7%94%9F%E6%B4%BB%E4%BB%8B%E8%AD%B7%E4%BA%8B%E6%A5%AD%E6%89%80%E3%81%95%E3%81%8F%E3%82%89%E3%81%AE%E9%87%8C%20%E9%85%92%E7%94%B0%E5%B8%82
在宅介護複合施設ほづみ短期入所生活介護事業所,ショートステイ,山形県,酒田市,"介護,ショートステイ,一時利用",家族の休息や一時的な受け入れが必要な時に短期間利用するサービスです。,https://www.hodumi.info/,山形県酒田市宮海字林内23番地,0234-33-1150,厚生労働省オープンデータ,https://www.mhlw.go.jp/content/12300000/jigyosho_210.csv,2025-12末,https://www.google.com/search?q=%E5%9C%A8%E5%AE%85%E4%BB%8B%E8%AD%B7%E8%A4%87%E5%90%88%E6%96%BD%E8%A8%AD%E3%81%BB%E3%81%A5%E3%81%BF%E7%9F%AD%E6%9C%9F%E5%85%A5%E6%89%80%E7%94%9F%E6%B4%BB%E4%BB%8B%E8%AD%B7%E4%BA%8B%E6%A5%AD%E6%89%80%20%E9%85%92%E7%94%B0%E5%B8%82
サン・シティ指定短期入所生活介護事業所,ショートステイ,山形県,酒田市,"介護,ショートステイ,一時利用",家族の休息や一時的な受け入れが必要な時に短期間利用するサービスです。,http://www4.ocn.ne.jp/~suncity,山形県酒田市曙町二丁目26番地の1,0234-26-7788,厚生労働省オープンデータ,https://www.mhlw.go.jp/content/12300000/jigyosho_210.csv,2025-12末,https://www.google.com/search?q=%E3%82%B5%E3%83%B3%E3%83%BB%E3%82%B7%E3%83%86%E3%82%A3%E6%8C%87%E5%AE%9A%E7%9F%AD%E6%9C%9F%E5%85%A5%E6%89%80%E7%94%9F%E6%B4%BB%E4%BB%8B%E8%AD%B7%E4%BA%8B%E6%A5%AD%E6%89%80%20%E9%85%92%E7%94%B0%E5%B8%82
在宅介護支援施設にじの輪,ショートステイ,山形県,酒田市,"介護,ショートステイ,一時利用",家族の休息や一時的な受け入れが必要な時に短期間利用するサービスです。,http://www.ken-sei.or.jp,山形県酒田市泉町１番地１６,0234-33-3480,厚生労働省オープンデータ,https://www.mhlw.go.jp/content/12300000/jigyosho_210.csv,2025-12末,https://www.google.com/search?q=%E5%9C%A8%E5%AE%85%E4%BB%8B%E8%AD%B7%E6%94%AF%E6%8F%B4%E6%96%BD%E8%A8%AD%E3%81%AB%E3%81%98%E3%81%AE%E8%BC%AA%20%E9%85%92%E7%94%B0%E5%B8%82
短期入所生活介護施設　ネスト・ステイ,ショートステイ,山形県,新庄市,"介護,ショートステイ,一時利用",家族の休息や一時的な受け入れが必要な時に短期間利用するサービスです。,http://www.dreamnest.or.jp,山形県新庄市住吉町３番３号,0233-23-3993,厚生労働省オープンデータ,https://www.mhlw.go.jp/content/12300000/jigyosho_210.csv,2025-12末,https://www.google.com/search?q=%E7%9F%AD%E6%9C%9F%E5%85%A5%E6%89%80%E7%94%9F%E6%B4%BB%E4%BB%8B%E8%AD%B7%E6%96%BD%E8%A8%AD%E3%80%80%E3%83%8D%E3%82%B9%E3%83%88%E3%83%BB%E3%82%B9%E3%83%86%E3%82%A4%20%E6%96%B0%E5%BA%84%E5%B8%82
特別養護老人ホーム　新寿荘,ショートステイ,山形県,新庄市,"介護,ショートステイ,一時利用",家族の休息や一時的な受け入れが必要な時に短期間利用するサービスです。,http://www.shinjyukai.or.jp/,新庄市大字本合海字福田界２６４５番地,0233-26-2316,厚生労働省オープンデータ,https://www.mhlw.go.jp/content/12300000/jigyosho_210.csv,2025-12末,https://www.google.com/search?q=%E7%89%B9%E5%88%A5%E9%A4%8A%E8%AD%B7%E8%80%81%E4%BA%BA%E3%83%9B%E3%83%BC%E3%83%A0%E3%80%80%E6%96%B0%E5%AF%BF%E8%8D%98%20%E6%96%B0%E5%BA%84%E5%B8%82
ショートステイふきのとう,ショートステイ,山形県,新庄市,"介護,ショートステイ,一時利用",家族の休息や一時的な受け入れが必要な時に短期間利用するサービスです。,http://care-net.co.jp/,山形県新庄市大字鳥越字駒場4519-1,023-332-0771,厚生労働省オープンデータ,https://www.mhlw.go.jp/content/12300000/jigyosho_210.csv,2025-12末,https://www.google.com/search?q=%E3%82%B7%E3%83%A7%E3%83%BC%E3%83%88%E3%82%B9%E3%83%86%E3%82%A4%E3%81%B5%E3%81%8D%E3%81%AE%E3%81%A8%E3%81%86%20%E6%96%B0%E5%BA%84%E5%B8%82
ショートステイ醍醐,ショートステイ,山形県,寒河江市,"介護,ショートステイ,一時利用",家族の休息や一時的な受け入れが必要な時に短期間利用するサービスです。,http://subaru-sagae.or.jp,山形県寒河江市慈恩寺235番地,0237840309,厚生労働省オープンデータ,https://www.mhlw.go.jp/content/12300000/jigyosho_210.csv,2025-12末,https://www.google.com/search?q=%E3%82%B7%E3%83%A7%E3%83%BC%E3%83%88%E3%82%B9%E3%83%86%E3%82%A4%E9%86%8D%E9%86%90%20%E5%AF%92%E6%B2%B3%E6%B1%9F%E5%B8%82
長生園指定短期入所生活介護事業所,ショートステイ,山形県,寒河江市,"介護,ショートステイ,一時利用",家族の休息や一時的な受け入れが必要な時に短期間利用するサービスです。,http://www.chouseien.or.jp,山形県寒河江市大字柴橋２２４６番地の１,0237-86-5855,厚生労働省オープンデータ,https://www.mhlw.go.jp/content/12300000/jigyosho_210.csv,2025-12末,https://www.google.com/search?q=%E9%95%B7%E7%94%9F%E5%9C%92%E6%8C%87%E5%AE%9A%E7%9F%AD%E6%9C%9F%E5%85%A5%E6%89%80%E7%94%9F%E6%B4%BB%E4%BB%8B%E8%AD%B7%E4%BA%8B%E6%A5%AD%E6%89%80%20%E5%AF%92%E6%B2%B3%E6%B1%9F%E5%B8%82
短期入所サービスさがえ,ショートステイ,山形県,寒河江市,"介護,ショートステイ,一時利用",家族の休息や一時的な受け入れが必要な時に短期間利用するサービスです。,http://www.sagae-yuuyuukai.org,寒河江市大字白岩6330番地の1,0237-85-1321,厚生労働省オープンデータ,https://www.mhlw.go.jp/content/12300000/jigyosho_210.csv,2025-12末,https://www.google.com/search?q=%E7%9F%AD%E6%9C%9F%E5%85%A5%E6%89%80%E3%82%B5%E3%83%BC%E3%83%93%E3%82%B9%E3%81%95%E3%81%8C%E3%81%88%20%E5%AF%92%E6%B2%B3%E6%B1%9F%E5%B8%82
さがえ西村山農業協同組合,ショートステイ,山形県,寒河江市,"介護,ショートステイ,一時利用",家族の休息や一時的な受け入れが必要な時に短期間利用するサービスです。,http://www.ic-net.or.jp/home/jasagae/,山形県寒河江市大字寒河江字久保２番地ＪＡ健康福祉センター,0237-86-8165,厚生労働省オープンデータ,https://www.mhlw.go.jp/content/12300000/jigyosho_210.csv,2025-12末,https://www.google.com/search?q=%E3%81%95%E3%81%8C%E3%81%88%E8%A5%BF%E6%9D%91%E5%B1%B1%E8%BE%B2%E6%A5%AD%E5%8D%94%E5%90%8C%E7%B5%84%E5%90%88%20%E5%AF%92%E6%B2%B3%E6%B1%9F%E5%B8%82
蓬仙園短期入所生活介護事業所,ショートステイ,山形県,上山市,"介護,ショートステイ,一時利用",家族の休息や一時的な受け入れが必要な時に短期間利用するサービスです。,http://kaijukai.jp,山形県上山市金谷字藤木2401,023-679-2366,厚生労働省オープンデータ,https://www.mhlw.go.jp/content/12300000/jigyosho_210.csv,2025-12末,https://www.google.com/search?q=%E8%93%AC%E4%BB%99%E5%9C%92%E7%9F%AD%E6%9C%9F%E5%85%A5%E6%89%80%E7%94%9F%E6%B4%BB%E4%BB%8B%E8%AD%B7%E4%BA%8B%E6%A5%AD%E6%89%80%20%E4%B8%8A%E5%B1%B1%E5%B8%82
指定短期入所生活介護事業所みゆきの丘,ショートステイ,山形県,上山市,"介護,ショートステイ,一時利用",家族の休息や一時的な受け入れが必要な時に短期間利用するサービスです。,http://www.miyuki.or.jp,山形県上山市弁天二丁目2番11号,023-672-8585,厚生労働省オープンデータ,https://www.mhlw.go.jp/content/12300000/jigyosho_210.csv,2025-12末,https://www.google.com/search?q=%E6%8C%87%E5%AE%9A%E7%9F%AD%E6%9C%9F%E5%85%A5%E6%89%80%E7%94%9F%E6%B4%BB%E4%BB%8B%E8%AD%B7%E4%BA%8B%E6%A5%AD%E6%89%80%E3%81%BF%E3%82%86%E3%81%8D%E3%81%AE%E4%B8%98%20%E4%B8%8A%E5%B1%B1%E5%B8%82
指定短期入所生活介護施設みずほの里,ショートステイ,山形県,上山市,"介護,ショートステイ,一時利用",家族の休息や一時的な受け入れが必要な時に短期間利用するサービスです。,https://miyuki-fukushi.jp,山形県上山市牧野字清水２１－１,023-674-3388,厚生労働省オープンデータ,https://www.mhlw.go.jp/content/12300000/jigyosho_210.csv,2025-12末,https://www.google.com/search?q=%E6%8C%87%E5%AE%9A%E7%9F%AD%E6%9C%9F%E5%85%A5%E6%89%80%E7%94%9F%E6%B4%BB%E4%BB%8B%E8%AD%B7%E6%96%BD%E8%A8%AD%E3%81%BF%E3%81%9A%E3%81%BB%E3%81%AE%E9%87%8C%20%E4%B8%8A%E5%B1%B1%E5%B8%82
指定短期入所生活介護施設みずほの里(空床),ショートステイ,山形県,上山市,"介護,ショートステイ,一時利用",家族の休息や一時的な受け入れが必要な時に短期間利用するサービスです。,http://miyuki-fukushi.jp,山形県上山市牧野字清水21-1,023-674-3388,厚生労働省オープンデータ,https://www.mhlw.go.jp/content/12300000/jigyosho_210.csv,2025-12末,https://www.google.com/search?q=%E6%8C%87%E5%AE%9A%E7%9F%AD%E6%9C%9F%E5%85%A5%E6%89%80%E7%94%9F%E6%B4%BB%E4%BB%8B%E8%AD%B7%E6%96%BD%E8%A8%AD%E3%81%BF%E3%81%9A%E3%81%BB%E3%81%AE%E9%87%8C%28%E7%A9%BA%E5%BA%8A%29%20%E4%B8%8A%E5%B1%B1%E5%B8%82
短期入所生活介護施設ながすずの里,ショートステイ,山形県,上山市,"介護,ショートステイ,一時利用",家族の休息や一時的な受け入れが必要な時に短期間利用するサービスです。,https://miyuki-fukushi.jp/,山形県上山市長清水2丁目5番19号,023-666-7780,厚生労働省オープンデータ,https://www.mhlw.go.jp/content/12300000/jigyosho_210.csv,2025-12末,https://www.google.com/search?q=%E7%9F%AD%E6%9C%9F%E5%85%A5%E6%89%80%E7%94%9F%E6%B4%BB%E4%BB%8B%E8%AD%B7%E6%96%BD%E8%A8%AD%E3%81%AA%E3%81%8C%E3%81%99%E3%81%9A%E3%81%AE%E9%87%8C%20%E4%B8%8A%E5%B1%B1%E5%B8%82
特別養護老人ホームひがしざわ,ショートステイ,山形県,村山市,"介護,ショートステイ,一時利用",家族の休息や一時的な受け入れが必要な時に短期間利用するサービスです。,http://kjg-net.jp/,山形県村山市楯岡笛田二丁目１９番５７号,0237-52-1511,厚生労働省オープンデータ,https://www.mhlw.go.jp/content/12300000/jigyosho_210.csv,2025-12末,https://www.google.com/search?q=%E7%89%B9%E5%88%A5%E9%A4%8A%E8%AD%B7%E8%80%81%E4%BA%BA%E3%83%9B%E3%83%BC%E3%83%A0%E3%81%B2%E3%81%8C%E3%81%97%E3%81%96%E3%82%8F%20%E6%9D%91%E5%B1%B1%E5%B8%82
地域密着型特別養護老人ホームむらやま,ショートステイ,山形県,村山市,"介護,ショートステイ,一時利用",家族の休息や一時的な受け入れが必要な時に短期間利用するサービスです。,http://kjg-net.jp/,山形県村山市中央二丁目３番４６号,0237-52-3456,厚生労働省オープンデータ,https://www.mhlw.go.jp/content/12300000/jigyosho_210.csv,2025-12末,https://www.google.com/search?q=%E5%9C%B0%E5%9F%9F%E5%AF%86%E7%9D%80%E5%9E%8B%E7%89%B9%E5%88%A5%E9%A4%8A%E8%AD%B7%E8%80%81%E4%BA%BA%E3%83%9B%E3%83%BC%E3%83%A0%E3%82%80%E3%82%89%E3%82%84%E3%81%BE%20%E6%9D%91%E5%B1%B1%E5%B8%82
指定短期入所生活介護事業所ふもと,ショートステイ,山形県,村山市,"介護,ショートステイ,一時利用",家族の休息や一時的な受け入れが必要な時に短期間利用するサービスです。,http://murayama-hikari-kouseikai.jp/,村山市大字湯野沢956番地の3,0237-54-2010,厚生労働省オープンデータ,https://www.mhlw.go.jp/content/12300000/jigyosho_210.csv,2025-12末,https://www.google.com/search?q=%E6%8C%87%E5%AE%9A%E7%9F%AD%E6%9C%9F%E5%85%A5%E6%89%80%E7%94%9F%E6%B4%BB%E4%BB%8B%E8%AD%B7%E4%BA%8B%E6%A5%AD%E6%89%80%E3%81%B5%E3%82%82%E3%81%A8%20%E6%9D%91%E5%B1%B1%E5%B8%82
野の香短期入所,ショートステイ,山形県,長井市,"介護,ショートステイ,一時利用",家族の休息や一時的な受け入れが必要な時に短期間利用するサービスです。,https://www.riverhill.jp/,長井市館町南9番63号地域密着型特別養護老人ホーム野の香,0238-87-0567,厚生労働省オープンデータ,https://www.mhlw.go.jp/content/12300000/jigyosho_210.csv,2025-12末,https://www.google.com/search?q=%E9%87%8E%E3%81%AE%E9%A6%99%E7%9F%AD%E6%9C%9F%E5%85%A5%E6%89%80%20%E9%95%B7%E4%BA%95%E5%B8%82
特別養護老人ホーム慈光園,ショートステイ,山形県,長井市,"介護,ショートステイ,一時利用",家族の休息や一時的な受け入れが必要な時に短期間利用するサービスです。,http://www2.jan.ne.jp/~jikouen1/,山形県長井市小出3453番地,0238-88-5700,厚生労働省オープンデータ,https://www.mhlw.go.jp/content/12300000/jigyosho_210.csv,2025-12末,https://www.google.com/search?q=%E7%89%B9%E5%88%A5%E9%A4%8A%E8%AD%B7%E8%80%81%E4%BA%BA%E3%83%9B%E3%83%BC%E3%83%A0%E6%85%88%E5%85%89%E5%9C%92%20%E9%95%B7%E4%BA%95%E5%B8%82
寿泉荘指定短期入所生活介護事業所,ショートステイ,山形県,長井市,"介護,ショートステイ,一時利用",家族の休息や一時的な受け入れが必要な時に短期間利用するサービスです。,http://www.ysj.or.jp/,長井市今泉１８５７,0238-88-9127,厚生労働省オープンデータ,https://www.mhlw.go.jp/content/12300000/jigyosho_210.csv,2025-12末,https://www.google.com/search?q=%E5%AF%BF%E6%B3%89%E8%8D%98%E6%8C%87%E5%AE%9A%E7%9F%AD%E6%9C%9F%E5%85%A5%E6%89%80%E7%94%9F%E6%B4%BB%E4%BB%8B%E8%AD%B7%E4%BA%8B%E6%A5%AD%E6%89%80%20%E9%95%B7%E4%BA%95%E5%B8%82
特別養護老人ホームあこがれ,ショートステイ,山形県,天童市,"介護,ショートステイ,一時利用",家族の休息や一時的な受け入れが必要な時に短期間利用するサービスです。,https://www.google.com/search?q=%E7%89%B9%E5%88%A5%E9%A4%8A%E8%AD%B7%E8%80%81%E4%BA%BA%E3%83%9B%E3%83%BC%E3%83%A0%E3%81%82%E3%81%93%E3%81%8C%E3%82%8C%20%E5%A4%A9%E7%AB%A5%E5%B8%82,天童市大字荒谷1973番地1345,023-652-2711,厚生労働省オープンデータ,https://www.mhlw.go.jp/content/12300000/jigyosho_210.csv,2025-12末,https://www.google.com/search?q=%E7%89%B9%E5%88%A5%E9%A4%8A%E8%AD%B7%E8%80%81%E4%BA%BA%E3%83%9B%E3%83%BC%E3%83%A0%E3%81%82%E3%81%93%E3%81%8C%E3%82%8C%20%E5%A4%A9%E7%AB%A5%E5%B8%82
ショートステイつるかめの縁,ショートステイ,山形県,天童市,"介護,ショートステイ,一時利用",家族の休息や一時的な受け入れが必要な時に短期間利用するサービスです。,http://tendo-turukame.com/,山形県天童市大字小関７７番地１,023-652-1255,厚生労働省オープンデータ,https://www.mhlw.go.jp/content/12300000/jigyosho_210.csv,2025-12末,https://www.google.com/search?q=%E3%82%B7%E3%83%A7%E3%83%BC%E3%83%88%E3%82%B9%E3%83%86%E3%82%A4%E3%81%A4%E3%82%8B%E3%81%8B%E3%82%81%E3%81%AE%E7%B8%81%20%E5%A4%A9%E7%AB%A5%E5%B8%82
ショートステイお宿つるかめ,ショートステイ,山形県,天童市,"介護,ショートステイ,一時利用",家族の休息や一時的な受け入れが必要な時に短期間利用するサービスです。,http://care-net.biz/06/turukame/b21.php,天童市北久野本一丁目2-30,023-687-1556,厚生労働省オープンデータ,https://www.mhlw.go.jp/content/12300000/jigyosho_210.csv,2025-12末,https://www.google.com/search?q=%E3%82%B7%E3%83%A7%E3%83%BC%E3%83%88%E3%82%B9%E3%83%86%E3%82%A4%E3%81%8A%E5%AE%BF%E3%81%A4%E3%82%8B%E3%81%8B%E3%82%81%20%E5%A4%A9%E7%AB%A5%E5%B8%82
ソーレホーム天童ショートステイ,ショートステイ,山形県,天童市,"介護,ショートステイ,一時利用",家族の休息や一時的な受け入れが必要な時に短期間利用するサービスです。,http://www.sole.ne.jp,天童市桜町１番７号,023-674-6600,厚生労働省オープンデータ,https://www.mhlw.go.jp/content/12300000/jigyosho_210.csv,2025-12末,https://www.google.com/search?q=%E3%82%BD%E3%83%BC%E3%83%AC%E3%83%9B%E3%83%BC%E3%83%A0%E5%A4%A9%E7%AB%A5%E3%82%B7%E3%83%A7%E3%83%BC%E3%83%88%E3%82%B9%E3%83%86%E3%82%A4%20%E5%A4%A9%E7%AB%A5%E5%B8%82
特別養護老人ホーム清幸園,ショートステイ,山形県,天童市,"介護,ショートステイ,一時利用",家族の休息や一時的な受け入れが必要な時に短期間利用するサービスです。,https://www.tendo-seikouen.org/,天童市大清水４９１番地１,023-651-3325,厚生労働省オープンデータ,https://www.mhlw.go.jp/content/12300000/jigyosho_210.csv,2025-12末,https://www.google.com/search?q=%E7%89%B9%E5%88%A5%E9%A4%8A%E8%AD%B7%E8%80%81%E4%BA%BA%E3%83%9B%E3%83%BC%E3%83%A0%E6%B8%85%E5%B9%B8%E5%9C%92%20%E5%A4%A9%E7%AB%A5%E5%B8%82
地域密着型特別養護老人ホーム清幸園,ショートステイ,山形県,天童市,"介護,ショートステイ,一時利用",家族の休息や一時的な受け入れが必要な時に短期間利用するサービスです。,http://www.tendo-seikouen.org,山形県天童市大字大清水491番地1,023-687-1120,厚生労働省オープンデータ,https://www.mhlw.go.jp/content/12300000/jigyosho_210.csv,2025-12末,https://www.google.com/search?q=%E5%9C%B0%E5%9F%9F%E5%AF%86%E7%9D%80%E5%9E%8B%E7%89%B9%E5%88%A5%E9%A4%8A%E8%AD%B7%E8%80%81%E4%BA%BA%E3%83%9B%E3%83%BC%E3%83%A0%E6%B8%85%E5%B9%B8%E5%9C%92%20%E5%A4%A9%E7%AB%A5%E5%B8%82
特別養護老人ホーム明幸園,ショートステイ,山形県,天童市,"介護,ショートステイ,一時利用",家族の休息や一時的な受け入れが必要な時に短期間利用するサービスです。,http://www.meikouen.or.jp,山形県天童市大字矢野目150番地,023-653-3071,厚生労働省オープンデータ,https://www.mhlw.go.jp/content/12300000/jigyosho_210.csv,2025-12末,https://www.google.com/search?q=%E7%89%B9%E5%88%A5%E9%A4%8A%E8%AD%B7%E8%80%81%E4%BA%BA%E3%83%9B%E3%83%BC%E3%83%A0%E6%98%8E%E5%B9%B8%E5%9C%92%20%E5%A4%A9%E7%AB%A5%E5%B8%82
明幸園ショートステイセンター,ショートステイ,山形県,天童市,"介護,ショートステイ,一時利用",家族の休息や一時的な受け入れが必要な時に短期間利用するサービスです。,http://www.meikouen.or.jp,山形県天童市大字矢野目150番地,023-673-0550,厚生労働省オープンデータ,https://www.mhlw.go.jp/content/12300000/jigyosho_210.csv,2025-12末,https://www.google.com/search?q=%E6%98%8E%E5%B9%B8%E5%9C%92%E3%82%B7%E3%83%A7%E3%83%BC%E3%83%88%E3%82%B9%E3%83%86%E3%82%A4%E3%82%BB%E3%83%B3%E3%82%BF%E3%83%BC%20%E5%A4%A9%E7%AB%A5%E5%B8%82
短期入所生活介護事業所たかだま,ショートステイ,山形県,天童市,"介護,ショートステイ,一時利用",家族の休息や一時的な受け入れが必要な時に短期間利用するサービスです。,https://uyo-sato.jimdo.com/,山形県天童市大字清池１５５９番１,023-674-8711,厚生労働省オープンデータ,https://www.mhlw.go.jp/content/12300000/jigyosho_210.csv,2025-12末,https://www.google.com/search?q=%E7%9F%AD%E6%9C%9F%E5%85%A5%E6%89%80%E7%94%9F%E6%B4%BB%E4%BB%8B%E8%AD%B7%E4%BA%8B%E6%A5%AD%E6%89%80%E3%81%9F%E3%81%8B%E3%81%A0%E3%81%BE%20%E5%A4%A9%E7%AB%A5%E5%B8%82
短期入所生活介護事業所さくらホーム天童,ショートステイ,山形県,天童市,"介護,ショートステイ,一時利用",家族の休息や一時的な受け入れが必要な時に短期間利用するサービスです。,http://www.sakura-welfare.jp/,山形県天童市芳賀タウン南四丁目8番3号,023-651-8733,厚生労働省オープンデータ,https://www.mhlw.go.jp/content/12300000/jigyosho_210.csv,2025-12末,https://www.google.com/search?q=%E7%9F%AD%E6%9C%9F%E5%85%A5%E6%89%80%E7%94%9F%E6%B4%BB%E4%BB%8B%E8%AD%B7%E4%BA%8B%E6%A5%AD%E6%89%80%E3%81%95%E3%81%8F%E3%82%89%E3%83%9B%E3%83%BC%E3%83%A0%E5%A4%A9%E7%AB%A5%20%E5%A4%A9%E7%AB%A5%E5%B8%82
ショートステイおさなぎ,ショートステイ,山形県,東根市,"介護,ショートステイ,一時利用",家族の休息や一時的な受け入れが必要な時に短期間利用するサービスです。,https://ims-tohoku.com>osanagi,山形県東根市中島通り一丁目25号,0237-47-1234,厚生労働省オープンデータ,https://www.mhlw.go.jp/content/12300000/jigyosho_210.csv,2025-12末,https://www.google.com/search?q=%E3%82%B7%E3%83%A7%E3%83%BC%E3%83%88%E3%82%B9%E3%83%86%E3%82%A4%E3%81%8A%E3%81%95%E3%81%AA%E3%81%8E%20%E6%9D%B1%E6%A0%B9%E5%B8%82
短期入所施設第二白水荘,ショートステイ,山形県,東根市,"介護,ショートステイ,一時利用",家族の休息や一時的な受け入れが必要な時に短期間利用するサービスです。,http://www.higashine-fukushikai.org,東根市大字蟹沢897-1,0237-41-1121,厚生労働省オープンデータ,https://www.mhlw.go.jp/content/12300000/jigyosho_210.csv,2025-12末,https://www.google.com/search?q=%E7%9F%AD%E6%9C%9F%E5%85%A5%E6%89%80%E6%96%BD%E8%A8%AD%E7%AC%AC%E4%BA%8C%E7%99%BD%E6%B0%B4%E8%8D%98%20%E6%9D%B1%E6%A0%B9%E5%B8%82
短期入所施設白水荘,ショートステイ,山形県,東根市,"介護,ショートステイ,一時利用",家族の休息や一時的な受け入れが必要な時に短期間利用するサービスです。,http://www.higashine-fukusikai.org,山形県東根市大字野川2074番地の99,0237-44-2366,厚生労働省オープンデータ,https://www.mhlw.go.jp/content/12300000/jigyosho_210.csv,2025-12末,https://www.google.com/search?q=%E7%9F%AD%E6%9C%9F%E5%85%A5%E6%89%80%E6%96%BD%E8%A8%AD%E7%99%BD%E6%B0%B4%E8%8D%98%20%E6%9D%B1%E6%A0%B9%E5%B8%82
短期入所生活介護事業所ソーレ東根,ショートステイ,山形県,東根市,"介護,ショートステイ,一時利用",家族の休息や一時的な受け入れが必要な時に短期間利用するサービスです。,https://taiyo-fukushikai.jp/,山形県東根市温泉町二丁目5番3‐5号,0237-53-8802,厚生労働省オープンデータ,https://www.mhlw.go.jp/content/12300000/jigyosho_210.csv,2025-12末,https://www.google.com/search?q=%E7%9F%AD%E6%9C%9F%E5%85%A5%E6%89%80%E7%94%9F%E6%B4%BB%E4%BB%8B%E8%AD%B7%E4%BA%8B%E6%A5%AD%E6%89%80%E3%82%BD%E3%83%BC%E3%83%AC%E6%9D%B1%E6%A0%B9%20%E6%9D%B1%E6%A0%B9%E5%B8%82
特別養護老人ホームおばなざわ,ショートステイ,山形県,尾花沢市,"介護,ショートステイ,一時利用",家族の休息や一時的な受け入れが必要な時に短期間利用するサービスです。,http://kjg-net.jp/index.php,山形県尾花沢市大字五十沢186番地,0237-23-3030,厚生労働省オープンデータ,https://www.mhlw.go.jp/content/12300000/jigyosho_210.csv,2025-12末,https://www.google.com/search?q=%E7%89%B9%E5%88%A5%E9%A4%8A%E8%AD%B7%E8%80%81%E4%BA%BA%E3%83%9B%E3%83%BC%E3%83%A0%E3%81%8A%E3%81%B0%E3%81%AA%E3%81%96%E3%82%8F%20%E5%B0%BE%E8%8A%B1%E6%B2%A2%E5%B8%82
指定短期入所生活介護事業所長寿園,ショートステイ,山形県,尾花沢市,"介護,ショートステイ,一時利用",家族の休息や一時的な受け入れが必要な時に短期間利用するサービスです。,http://www.tokurakai.jp/html/choju.html,尾花沢市新町三丁目２番２１号,0237-22-1325,厚生労働省オープンデータ,https://www.mhlw.go.jp/content/12300000/jigyosho_210.csv,2025-12末,https://www.google.com/search?q=%E6%8C%87%E5%AE%9A%E7%9F%AD%E6%9C%9F%E5%85%A5%E6%89%80%E7%94%9F%E6%B4%BB%E4%BB%8B%E8%AD%B7%E4%BA%8B%E6%A5%AD%E6%89%80%E9%95%B7%E5%AF%BF%E5%9C%92%20%E5%B0%BE%E8%8A%B1%E6%B2%A2%E5%B8%82
特別養護老人ホーム　よつば荘,ショートステイ,山形県,尾花沢市,"介護,ショートステイ,一時利用",家族の休息や一時的な受け入れが必要な時に短期間利用するサービスです。,https://www.yotsubasou-kaigo.com/,山形県尾花沢市大字荻袋１２８７番地２０,0237-24-3678,厚生労働省オープンデータ,https://www.mhlw.go.jp/content/12300000/jigyosho_210.csv,2025-12末,https://www.google.com/search?q=%E7%89%B9%E5%88%A5%E9%A4%8A%E8%AD%B7%E8%80%81%E4%BA%BA%E3%83%9B%E3%83%BC%E3%83%A0%E3%80%80%E3%82%88%E3%81%A4%E3%81%B0%E8%8D%98%20%E5%B0%BE%E8%8A%B1%E6%B2%A2%E5%B8%82
短期入所生活介護事業所ドミール南陽,ショートステイ,山形県,南陽市,"介護,ショートステイ,一時利用",家族の休息や一時的な受け入れが必要な時に短期間利用するサービスです。,http://www.koutoku.or.jp,山形県南陽市椚塚940,0238-40-4020,厚生労働省オープンデータ,https://www.mhlw.go.jp/content/12300000/jigyosho_210.csv,2025-12末,https://www.google.com/search?q=%E7%9F%AD%E6%9C%9F%E5%85%A5%E6%89%80%E7%94%9F%E6%B4%BB%E4%BB%8B%E8%AD%B7%E4%BA%8B%E6%A5%AD%E6%89%80%E3%83%89%E3%83%9F%E3%83%BC%E3%83%AB%E5%8D%97%E9%99%BD%20%E5%8D%97%E9%99%BD%E5%B8%82
特別養護老人ホームこぶし荘,ショートステイ,山形県,南陽市,"介護,ショートステイ,一時利用",家族の休息や一時的な受け入れが必要な時に短期間利用するサービスです。,http://www.kobushiso.jp/,山形県南陽市川樋508番地,0238-49-2800,厚生労働省オープンデータ,https://www.mhlw.go.jp/content/12300000/jigyosho_210.csv,2025-12末,https://www.google.com/search?q=%E7%89%B9%E5%88%A5%E9%A4%8A%E8%AD%B7%E8%80%81%E4%BA%BA%E3%83%9B%E3%83%BC%E3%83%A0%E3%81%93%E3%81%B6%E3%81%97%E8%8D%98%20%E5%8D%97%E9%99%BD%E5%B8%82
特別養護老人ホーム太陽の里ふたば,ショートステイ,山形県,南陽市,"介護,ショートステイ,一時利用",家族の休息や一時的な受け入れが必要な時に短期間利用するサービスです。,http://futaba-nanyo.sakura.ne.jp,山形県南陽市宮内２３８１番地,0238-59-4333,厚生労働省オープンデータ,https://www.mhlw.go.jp/content/12300000/jigyosho_210.csv,2025-12末,https://www.google.com/search?q=%E7%89%B9%E5%88%A5%E9%A4%8A%E8%AD%B7%E8%80%81%E4%BA%BA%E3%83%9B%E3%83%BC%E3%83%A0%E5%A4%AA%E9%99%BD%E3%81%AE%E9%87%8C%E3%81%B5%E3%81%9F%E3%81%B0%20%E5%8D%97%E9%99%BD%E5%B8%82
指定短期入所生活介護事業所　やまのべ荘,ショートステイ,山形県,山辺町,"介護,ショートステイ,一時利用",家族の休息や一時的な受け入れが必要な時に短期間利用するサービスです。,http://www.yamagata-saiseikai.org,山形県東村山郡山辺町大字大塚８１４番地の２,023-665-7891,厚生労働省オープンデータ,https://www.mhlw.go.jp/content/12300000/jigyosho_210.csv,2025-12末,https://www.google.com/search?q=%E6%8C%87%E5%AE%9A%E7%9F%AD%E6%9C%9F%E5%85%A5%E6%89%80%E7%94%9F%E6%B4%BB%E4%BB%8B%E8%AD%B7%E4%BA%8B%E6%A5%AD%E6%89%80%E3%80%80%E3%82%84%E3%81%BE%E3%81%AE%E3%81%B9%E8%8D%98%20%E5%B1%B1%E8%BE%BA%E7%94%BA
複合介護健康施設　しらかば,ショートステイ,山形県,山辺町,"介護,ショートステイ,一時利用",家族の休息や一時的な受け入れが必要な時に短期間利用するサービスです。,https://www.google.com/search?q=%E8%A4%87%E5%90%88%E4%BB%8B%E8%AD%B7%E5%81%A5%E5%BA%B7%E6%96%BD%E8%A8%AD%E3%80%80%E3%81%97%E3%82%89%E3%81%8B%E3%81%B0%20%E5%B1%B1%E8%BE%BA%E7%94%BA,山形県東村山郡山辺町大字山辺675－1,023-664-5155,厚生労働省オープンデータ,https://www.mhlw.go.jp/content/12300000/jigyosho_210.csv,2025-12末,https://www.google.com/search?q=%E8%A4%87%E5%90%88%E4%BB%8B%E8%AD%B7%E5%81%A5%E5%BA%B7%E6%96%BD%E8%A8%AD%E3%80%80%E3%81%97%E3%82%89%E3%81%8B%E3%81%B0%20%E5%B1%B1%E8%BE%BA%E7%94%BA
スマイルやまのべショートステイ,ショートステイ,山形県,山辺町,"介護,ショートステイ,一時利用",家族の休息や一時的な受け入れが必要な時に短期間利用するサービスです。,ｈｔｔｐ：//ｓｍｉｌｅ-ｙａｍａｎｏｂｅ.ｃｏｍ/,山形県東村山郡山辺町大字山辺１３８０,023-667-0438,厚生労働省オープンデータ,https://www.mhlw.go.jp/content/12300000/jigyosho_210.csv,2025-12末,https://www.google.com/search?q=%E3%82%B9%E3%83%9E%E3%82%A4%E3%83%AB%E3%82%84%E3%81%BE%E3%81%AE%E3%81%B9%E3%82%B7%E3%83%A7%E3%83%BC%E3%83%88%E3%82%B9%E3%83%86%E3%82%A4%20%E5%B1%B1%E8%BE%BA%E7%94%BA
中山ひまわり荘指定短期入所生活介護事業所,ショートステイ,山形県,中山町,"介護,ショートステイ,一時利用",家族の休息や一時的な受け入れが必要な時に短期間利用するサービスです。,https://www.google.com/search?q=%E4%B8%AD%E5%B1%B1%E3%81%B2%E3%81%BE%E3%82%8F%E3%82%8A%E8%8D%98%E6%8C%87%E5%AE%9A%E7%9F%AD%E6%9C%9F%E5%85%A5%E6%89%80%E7%94%9F%E6%B4%BB%E4%BB%8B%E8%AD%B7%E4%BA%8B%E6%A5%AD%E6%89%80%20%E4%B8%AD%E5%B1%B1%E7%94%BA,山形県東村山郡中山町大字柳沢2333番地,023-662-6633,厚生労働省オープンデータ,https://www.mhlw.go.jp/content/12300000/jigyosho_210.csv,2025-12末,https://www.google.com/search?q=%E4%B8%AD%E5%B1%B1%E3%81%B2%E3%81%BE%E3%82%8F%E3%82%8A%E8%8D%98%E6%8C%87%E5%AE%9A%E7%9F%AD%E6%9C%9F%E5%85%A5%E6%89%80%E7%94%9F%E6%B4%BB%E4%BB%8B%E8%AD%B7%E4%BA%8B%E6%A5%AD%E6%89%80%20%E4%B8%AD%E5%B1%B1%E7%94%BA
指定短期入所生活介護事業所眺葉園,ショートステイ,山形県,河北町,"介護,ショートステイ,一時利用",家族の休息や一時的な受け入れが必要な時に短期間利用するサービスです。,http://www.tyoyoen.jp,山形県西村山郡河北町谷地字東680番地,0237-73-3890,厚生労働省オープンデータ,https://www.mhlw.go.jp/content/12300000/jigyosho_210.csv,2025-12末,https://www.google.com/search?q=%E6%8C%87%E5%AE%9A%E7%9F%AD%E6%9C%9F%E5%85%A5%E6%89%80%E7%94%9F%E6%B4%BB%E4%BB%8B%E8%AD%B7%E4%BA%8B%E6%A5%AD%E6%89%80%E7%9C%BA%E8%91%89%E5%9C%92%20%E6%B2%B3%E5%8C%97%E7%94%BA
短期入所生活介護施設ひいなの里,ショートステイ,山形県,河北町,"介護,ショートステイ,一時利用",家族の休息や一時的な受け入れが必要な時に短期間利用するサービスです。,https://miyuki-fukushi.jp,山形県西村山郡河北町谷地字月山堂１２１７－５,0237-71-1880,厚生労働省オープンデータ,https://www.mhlw.go.jp/content/12300000/jigyosho_210.csv,2025-12末,https://www.google.com/search?q=%E7%9F%AD%E6%9C%9F%E5%85%A5%E6%89%80%E7%94%9F%E6%B4%BB%E4%BB%8B%E8%AD%B7%E6%96%BD%E8%A8%AD%E3%81%B2%E3%81%84%E3%81%AA%E3%81%AE%E9%87%8C%20%E6%B2%B3%E5%8C%97%E7%94%BA
短期入所サービスケアハイツ西川,ショートステイ,山形県,西川町,"介護,ショートステイ,一時利用",家族の休息や一時的な受け入れが必要な時に短期間利用するサービスです。,https://care-h-n.or.jp/,山形県西村山郡西川町大字海味548,0237-74-4065,厚生労働省オープンデータ,https://www.mhlw.go.jp/content/12300000/jigyosho_210.csv,2025-12末,https://www.google.com/search?q=%E7%9F%AD%E6%9C%9F%E5%85%A5%E6%89%80%E3%82%B5%E3%83%BC%E3%83%93%E3%82%B9%E3%82%B1%E3%82%A2%E3%83%8F%E3%82%A4%E3%83%84%E8%A5%BF%E5%B7%9D%20%E8%A5%BF%E5%B7%9D%E7%94%BA
盲特別養護老人ホーム和合荘　指定短期入所生活介護事業所,ショートステイ,山形県,朝日町,"介護,ショートステイ,一時利用",家族の休息や一時的な受け入れが必要な時に短期間利用するサービスです。,https://wagousou.jp,山形県西村山郡朝日町大字和合422番地1,0237-85-1672,厚生労働省オープンデータ,https://www.mhlw.go.jp/content/12300000/jigyosho_210.csv,2025-12末,https://www.google.com/search?q=%E7%9B%B2%E7%89%B9%E5%88%A5%E9%A4%8A%E8%AD%B7%E8%80%81%E4%BA%BA%E3%83%9B%E3%83%BC%E3%83%A0%E5%92%8C%E5%90%88%E8%8D%98%E3%80%80%E6%8C%87%E5%AE%9A%E7%9F%AD%E6%9C%9F%E5%85%A5%E6%89%80%E7%94%9F%E6%B4%BB%E4%BB%8B%E8%AD%B7%E4%BA%8B%E6%A5%AD%E6%89%80%20%E6%9C%9D%E6%97%A5%E7%94%BA
ふれあい荘短期入所サービス,ショートステイ,山形県,朝日町,"介護,ショートステイ,一時利用",家族の休息や一時的な受け入れが必要な時に短期間利用するサービスです。,https://www.google.com/search?q=%E3%81%B5%E3%82%8C%E3%81%82%E3%81%84%E8%8D%98%E7%9F%AD%E6%9C%9F%E5%85%A5%E6%89%80%E3%82%B5%E3%83%BC%E3%83%93%E3%82%B9%20%E6%9C%9D%E6%97%A5%E7%94%BA,山形県西村山郡朝日町大字四ノ沢870,0237-67-3701,厚生労働省オープンデータ,https://www.mhlw.go.jp/content/12300000/jigyosho_210.csv,2025-12末,https://www.google.com/search?q=%E3%81%B5%E3%82%8C%E3%81%82%E3%81%84%E8%8D%98%E7%9F%AD%E6%9C%9F%E5%85%A5%E6%89%80%E3%82%B5%E3%83%BC%E3%83%93%E3%82%B9%20%E6%9C%9D%E6%97%A5%E7%94%BA
老人短期入所事業所らふらんす大江,ショートステイ,山形県,大江町,"介護,ショートステイ,一時利用",家族の休息や一時的な受け入れが必要な時に短期間利用するサービスです。,http://care-net.biz/06/lafrance-ooe/,山形県西村山郡大江町大字左沢１２７７番地,0237-83-4800,厚生労働省オープンデータ,https://www.mhlw.go.jp/content/12300000/jigyosho_210.csv,2025-12末,https://www.google.com/search?q=%E8%80%81%E4%BA%BA%E7%9F%AD%E6%9C%9F%E5%85%A5%E6%89%80%E4%BA%8B%E6%A5%AD%E6%89%80%E3%82%89%E3%81%B5%E3%82%89%E3%82%93%E3%81%99%E5%A4%A7%E6%B1%9F%20%E5%A4%A7%E6%B1%9F%E7%94%BA
大寿荘指定短期入所生活介護事業所,ショートステイ,山形県,大江町,"介護,ショートステイ,一時利用",家族の休息や一時的な受け入れが必要な時に短期間利用するサービスです。,https://www.ysj.or.jp,山形県西村山郡大江町大字藤田８３９－１,0237-62-4328,厚生労働省オープンデータ,https://www.mhlw.go.jp/content/12300000/jigyosho_210.csv,2025-12末,https://www.google.com/search?q=%E5%A4%A7%E5%AF%BF%E8%8D%98%E6%8C%87%E5%AE%9A%E7%9F%AD%E6%9C%9F%E5%85%A5%E6%89%80%E7%94%9F%E6%B4%BB%E4%BB%8B%E8%AD%B7%E4%BA%8B%E6%A5%AD%E6%89%80%20%E5%A4%A7%E6%B1%9F%E7%94%BA
指定短期入所生活介護事業所仁風荘,ショートステイ,山形県,大石田町,"介護,ショートステイ,一時利用",家族の休息や一時的な受け入れが必要な時に短期間利用するサービスです。,https://teitenkai.or.jp,山形県北村山郡大石田町大字大石田甲574,0237-35-2126,厚生労働省オープンデータ,https://www.mhlw.go.jp/content/12300000/jigyosho_210.csv,2025-12末,https://www.google.com/search?q=%E6%8C%87%E5%AE%9A%E7%9F%AD%E6%9C%9F%E5%85%A5%E6%89%80%E7%94%9F%E6%B4%BB%E4%BB%8B%E8%AD%B7%E4%BA%8B%E6%A5%AD%E6%89%80%E4%BB%81%E9%A2%A8%E8%8D%98%20%E5%A4%A7%E7%9F%B3%E7%94%B0%E7%94%BA
指定短期入所生活介護事業所第二仁風荘,ショートステイ,山形県,大石田町,"介護,ショートステイ,一時利用",家族の休息や一時的な受け入れが必要な時に短期間利用するサービスです。,https://keitenkai.or.jp,山形県北村山郡大石田町大字大石田甲574,0237-35-2126,厚生労働省オープンデータ,https://www.mhlw.go.jp/content/12300000/jigyosho_210.csv,2025-12末,https://www.google.com/search?q=%E6%8C%87%E5%AE%9A%E7%9F%AD%E6%9C%9F%E5%85%A5%E6%89%80%E7%94%9F%E6%B4%BB%E4%BB%8B%E8%AD%B7%E4%BA%8B%E6%A5%AD%E6%89%80%E7%AC%AC%E4%BA%8C%E4%BB%81%E9%A2%A8%E8%8D%98%20%E5%A4%A7%E7%9F%B3%E7%94%B0%E7%94%BA
特別養護老人ホーム「みすぎ荘」,ショートステイ,山形県,金山町,"介護,ショートステイ,一時利用",家族の休息や一時的な受け入れが必要な時に短期間利用するサービスです。,https://www.kaneyamakouseikai.or.jp/,山形県最上郡金山町大字金山字荒屋829番地1,0233-52-3300,厚生労働省オープンデータ,https://www.mhlw.go.jp/content/12300000/jigyosho_210.csv,2025-12末,https://www.google.com/search?q=%E7%89%B9%E5%88%A5%E9%A4%8A%E8%AD%B7%E8%80%81%E4%BA%BA%E3%83%9B%E3%83%BC%E3%83%A0%E3%80%8C%E3%81%BF%E3%81%99%E3%81%8E%E8%8D%98%E3%80%8D%20%E9%87%91%E5%B1%B1%E7%94%BA
紅梅荘指定短期入所生活介護事業所,ショートステイ,山形県,最上町,"介護,ショートステイ,一時利用",家族の休息や一時的な受け入れが必要な時に短期間利用するサービスです。,http://www.koubaisou.or.jp/,山形県最上郡最上町大字向町73番地の3,0233-43-3661,厚生労働省オープンデータ,https://www.mhlw.go.jp/content/12300000/jigyosho_210.csv,2025-12末,https://www.google.com/search?q=%E7%B4%85%E6%A2%85%E8%8D%98%E6%8C%87%E5%AE%9A%E7%9F%AD%E6%9C%9F%E5%85%A5%E6%89%80%E7%94%9F%E6%B4%BB%E4%BB%8B%E8%AD%B7%E4%BA%8B%E6%A5%AD%E6%89%80%20%E6%9C%80%E4%B8%8A%E7%94%BA
紅梅荘(ユニット型)指定短期入所生活介護事業所,ショートステイ,山形県,最上町,"介護,ショートステイ,一時利用",家族の休息や一時的な受け入れが必要な時に短期間利用するサービスです。,https://houjyukai-yamagata.jp/,山形県最上郡最上町大字向町７３－３,0233-43-3661,厚生労働省オープンデータ,https://www.mhlw.go.jp/content/12300000/jigyosho_210.csv,2025-12末,https://www.google.com/search?q=%E7%B4%85%E6%A2%85%E8%8D%98%28%E3%83%A6%E3%83%8B%E3%83%83%E3%83%88%E5%9E%8B%29%E6%8C%87%E5%AE%9A%E7%9F%AD%E6%9C%9F%E5%85%A5%E6%89%80%E7%94%9F%E6%B4%BB%E4%BB%8B%E8%AD%B7%E4%BA%8B%E6%A5%AD%E6%89%80%20%E6%9C%80%E4%B8%8A%E7%94%BA
指定短期入所生活介護事業所　特別養護老人ホームえんじゅ荘,ショートステイ,山形県,舟形町,"介護,ショートステイ,一時利用",家族の休息や一時的な受け入れが必要な時に短期間利用するサービスです。,http://shuwakai.jp/,山形県最上郡舟形町長者原1712－1,0233-32-3550,厚生労働省オープンデータ,https://www.mhlw.go.jp/content/12300000/jigyosho_210.csv,2025-12末,https://www.google.com/search?q=%E6%8C%87%E5%AE%9A%E7%9F%AD%E6%9C%9F%E5%85%A5%E6%89%80%E7%94%9F%E6%B4%BB%E4%BB%8B%E8%AD%B7%E4%BA%8B%E6%A5%AD%E6%89%80%E3%80%80%E7%89%B9%E5%88%A5%E9%A4%8A%E8%AD%B7%E8%80%81%E4%BA%BA%E3%83%9B%E3%83%BC%E3%83%A0%E3%81%88%E3%82%93%E3%81%98%E3%82%85%E8%8D%98%20%E8%88%9F%E5%BD%A2%E7%94%BA
地域密着型介護老人福祉施設ほなみ,ショートステイ,山形県,舟形町,"介護,ショートステイ,一時利用",家族の休息や一時的な受け入れが必要な時に短期間利用するサービスです。,http://shuwakai.jp/,山形県最上郡舟形町舟形４２番地１,0233-32-3900,厚生労働省オープンデータ,https://www.mhlw.go.jp/content/12300000/jigyosho_210.csv,2025-12末,https://www.google.com/search?q=%E5%9C%B0%E5%9F%9F%E5%AF%86%E7%9D%80%E5%9E%8B%E4%BB%8B%E8%AD%B7%E8%80%81%E4%BA%BA%E7%A6%8F%E7%A5%89%E6%96%BD%E8%A8%AD%E3%81%BB%E3%81%AA%E3%81%BF%20%E8%88%9F%E5%BD%A2%E7%94%BA
短期入所生活介護事業所「悠悠」,ショートステイ,山形県,真室川町,"介護,ショートステイ,一時利用",家族の休息や一時的な受け入れが必要な時に短期間利用するサービスです。,https://www.google.com/search?q=%E7%9F%AD%E6%9C%9F%E5%85%A5%E6%89%80%E7%94%9F%E6%B4%BB%E4%BB%8B%E8%AD%B7%E4%BA%8B%E6%A5%AD%E6%89%80%E3%80%8C%E6%82%A0%E6%82%A0%E3%80%8D%20%E7%9C%9F%E5%AE%A4%E5%B7%9D%E7%94%BA,山形県最上郡真室川町大字新町４６９番５,0233-62-3431,厚生労働省オープンデータ,https://www.mhlw.go.jp/content/12300000/jigyosho_210.csv,2025-12末,https://www.google.com/search?q=%E7%9F%AD%E6%9C%9F%E5%85%A5%E6%89%80%E7%94%9F%E6%B4%BB%E4%BB%8B%E8%AD%B7%E4%BA%8B%E6%A5%AD%E6%89%80%E3%80%8C%E6%82%A0%E6%82%A0%E3%80%8D%20%E7%9C%9F%E5%AE%A4%E5%B7%9D%E7%94%BA
福寿荘指定短期入所生活介護事業所,ショートステイ,山形県,真室川町,"介護,ショートステイ,一時利用",家族の休息や一時的な受け入れが必要な時に短期間利用するサービスです。,https://www.google.com/search?q=%E7%A6%8F%E5%AF%BF%E8%8D%98%E6%8C%87%E5%AE%9A%E7%9F%AD%E6%9C%9F%E5%85%A5%E6%89%80%E7%94%9F%E6%B4%BB%E4%BB%8B%E8%AD%B7%E4%BA%8B%E6%A5%AD%E6%89%80%20%E7%9C%9F%E5%AE%A4%E5%B7%9D%E7%94%BA,山形県最上郡真室川町大字木ノ下1101番１,0233-62-2396,厚生労働省オープンデータ,https://www.mhlw.go.jp/content/12300000/jigyosho_210.csv,2025-12末,https://www.google.com/search?q=%E7%A6%8F%E5%AF%BF%E8%8D%98%E6%8C%87%E5%AE%9A%E7%9F%AD%E6%9C%9F%E5%85%A5%E6%89%80%E7%94%9F%E6%B4%BB%E4%BB%8B%E8%AD%B7%E4%BA%8B%E6%A5%AD%E6%89%80%20%E7%9C%9F%E5%AE%A4%E5%B7%9D%E7%94%BA
指定短期入所生活介護事業所　翠明荘,ショートステイ,山形県,大蔵村,"介護,ショートステイ,一時利用",家族の休息や一時的な受け入れが必要な時に短期間利用するサービスです。,http://www.suimeisou.net,山形県最上郡大蔵村大字清水3137番地60,0233-75-2601,厚生労働省オープンデータ,https://www.mhlw.go.jp/content/12300000/jigyosho_210.csv,2025-12末,https://www.google.com/search?q=%E6%8C%87%E5%AE%9A%E7%9F%AD%E6%9C%9F%E5%85%A5%E6%89%80%E7%94%9F%E6%B4%BB%E4%BB%8B%E8%AD%B7%E4%BA%8B%E6%A5%AD%E6%89%80%E3%80%80%E7%BF%A0%E6%98%8E%E8%8D%98%20%E5%A4%A7%E8%94%B5%E6%9D%91
ショートステイひめゆり,ショートステイ,山形県,鮭川村,"介護,ショートステイ,一時利用",家族の休息や一時的な受け入れが必要な時に短期間利用するサービスです。,https://www.google.com/search?q=%E3%82%B7%E3%83%A7%E3%83%BC%E3%83%88%E3%82%B9%E3%83%86%E3%82%A4%E3%81%B2%E3%82%81%E3%82%86%E3%82%8A%20%E9%AE%AD%E5%B7%9D%E6%9D%91,山形県最上郡鮭川村大字石名坂５８９番７,0233-55-3480,厚生労働省オープンデータ,https://www.mhlw.go.jp/content/12300000/jigyosho_210.csv,2025-12末,https://www.google.com/search?q=%E3%82%B7%E3%83%A7%E3%83%BC%E3%83%88%E3%82%B9%E3%83%86%E3%82%A4%E3%81%B2%E3%82%81%E3%82%86%E3%82%8A%20%E9%AE%AD%E5%B7%9D%E6%9D%91
まごころ荘ショ－トステイセンタ－,ショートステイ,山形県,戸沢村,"介護,ショートステイ,一時利用",家族の休息や一時的な受け入れが必要な時に短期間利用するサービスです。,http://www.seiryu-magokoro.or.jp/,山形県最上郡戸沢村大字蔵岡２７５９番地,0233-34-7011,厚生労働省オープンデータ,https://www.mhlw.go.jp/content/12300000/jigyosho_210.csv,2025-12末,https://www.google.com/search?q=%E3%81%BE%E3%81%94%E3%81%93%E3%82%8D%E8%8D%98%E3%82%B7%E3%83%A7%EF%BC%8D%E3%83%88%E3%82%B9%E3%83%86%E3%82%A4%E3%82%BB%E3%83%B3%E3%82%BF%EF%BC%8D%20%E6%88%B8%E6%B2%A2%E6%9D%91
特別養護老人ホーム　はとみね荘,ショートステイ,山形県,高畠町,"介護,ショートステイ,一時利用",家族の休息や一時的な受け入れが必要な時に短期間利用するサービスです。,http://www.shoufukai.net/,山形県東置賜郡高畠町大字高畠303,0238-51-0001,厚生労働省オープンデータ,https://www.mhlw.go.jp/content/12300000/jigyosho_210.csv,2025-12末,https://www.google.com/search?q=%E7%89%B9%E5%88%A5%E9%A4%8A%E8%AD%B7%E8%80%81%E4%BA%BA%E3%83%9B%E3%83%BC%E3%83%A0%E3%80%80%E3%81%AF%E3%81%A8%E3%81%BF%E3%81%AD%E8%8D%98%20%E9%AB%98%E7%95%A0%E7%94%BA
特別養護老人ホーム　たかはた荘,ショートステイ,山形県,高畠町,"介護,ショートステイ,一時利用",家族の休息や一時的な受け入れが必要な時に短期間利用するサービスです。,http://www.shoufukai.net/,山形県東置賜郡高畠町大字高畠３０３番地の１,0238-52-5550,厚生労働省オープンデータ,https://www.mhlw.go.jp/content/12300000/jigyosho_210.csv,2025-12末,https://www.google.com/search?q=%E7%89%B9%E5%88%A5%E9%A4%8A%E8%AD%B7%E8%80%81%E4%BA%BA%E3%83%9B%E3%83%BC%E3%83%A0%E3%80%80%E3%81%9F%E3%81%8B%E3%81%AF%E3%81%9F%E8%8D%98%20%E9%AB%98%E7%95%A0%E7%94%BA
特別養護老人ホームまほろば荘,ショートステイ,山形県,高畠町,"介護,ショートステイ,一時利用",家族の休息や一時的な受け入れが必要な時に短期間利用するサービスです。,http://www.shoufukai.net/,山形県東置賜郡高畠町大字福沢705-1,0238-57-5000,厚生労働省オープンデータ,https://www.mhlw.go.jp/content/12300000/jigyosho_210.csv,2025-12末,https://www.google.com/search?q=%E7%89%B9%E5%88%A5%E9%A4%8A%E8%AD%B7%E8%80%81%E4%BA%BA%E3%83%9B%E3%83%BC%E3%83%A0%E3%81%BE%E3%81%BB%E3%82%8D%E3%81%B0%E8%8D%98%20%E9%AB%98%E7%95%A0%E7%94%BA
指定短期入所生活介護事業所　そよ風の森,ショートステイ,山形県,川西町,"介護,ショートステイ,一時利用",家族の休息や一時的な受け入れが必要な時に短期間利用するサービスです。,https://soyokazenomori.jp,山形県東置賜郡川西町大字時田1417番地,0238-46-2121,厚生労働省オープンデータ,https://www.mhlw.go.jp/content/12300000/jigyosho_210.csv,2025-12末,https://www.google.com/search?q=%E6%8C%87%E5%AE%9A%E7%9F%AD%E6%9C%9F%E5%85%A5%E6%89%80%E7%94%9F%E6%B4%BB%E4%BB%8B%E8%AD%B7%E4%BA%8B%E6%A5%AD%E6%89%80%E3%80%80%E3%81%9D%E3%82%88%E9%A2%A8%E3%81%AE%E6%A3%AE%20%E5%B7%9D%E8%A5%BF%E7%94%BA
特別養護老人ホームさいわい荘,ショートステイ,山形県,小国町,"介護,ショートステイ,一時利用",家族の休息や一時的な受け入れが必要な時に短期間利用するサービスです。,https://saiwaiso.jp/,山形県西置賜郡小国町大字岩井沢563番地1,0238-62-3821,厚生労働省オープンデータ,https://www.mhlw.go.jp/content/12300000/jigyosho_210.csv,2025-12末,https://www.google.com/search?q=%E7%89%B9%E5%88%A5%E9%A4%8A%E8%AD%B7%E8%80%81%E4%BA%BA%E3%83%9B%E3%83%BC%E3%83%A0%E3%81%95%E3%81%84%E3%82%8F%E3%81%84%E8%8D%98%20%E5%B0%8F%E5%9B%BD%E7%94%BA
特別養護老人ホーム白光園,ショートステイ,山形県,白鷹町,"介護,ショートステイ,一時利用",家族の休息や一時的な受け入れが必要な時に短期間利用するサービスです。,http://www.shirafuku.jp/,山形県西置賜郡白鷹町大字鮎貝１０８番地,0238-85-1511,厚生労働省オープンデータ,https://www.mhlw.go.jp/content/12300000/jigyosho_210.csv,2025-12末,https://www.google.com/search?q=%E7%89%B9%E5%88%A5%E9%A4%8A%E8%AD%B7%E8%80%81%E4%BA%BA%E3%83%9B%E3%83%BC%E3%83%A0%E7%99%BD%E5%85%89%E5%9C%92%20%E7%99%BD%E9%B7%B9%E7%94%BA
短期入所生活介護事業所　マイスカイ中山,ショートステイ,山形県,白鷹町,"介護,ショートステイ,一時利用",家族の休息や一時的な受け入れが必要な時に短期間利用するサービスです。,http://mysky-nakayama.jp,西置賜郡白鷹町大字中山２７６０番地,０２３８－８５－６６３６,厚生労働省オープンデータ,https://www.mhlw.go.jp/content/12300000/jigyosho_210.csv,2025-12末,https://www.google.com/search?q=%E7%9F%AD%E6%9C%9F%E5%85%A5%E6%89%80%E7%94%9F%E6%B4%BB%E4%BB%8B%E8%AD%B7%E4%BA%8B%E6%A5%AD%E6%89%80%E3%80%80%E3%83%9E%E3%82%A4%E3%82%B9%E3%82%AB%E3%82%A4%E4%B8%AD%E5%B1%B1%20%E7%99%BD%E9%B7%B9%E7%94%BA
特別養護老人ホームひめさゆり荘,ショートステイ,山形県,飯豊町,"介護,ショートステイ,一時利用",家族の休息や一時的な受け入れが必要な時に短期間利用するサービスです。,http://himesayurisou.jp,山形県西置賜郡飯豊町大字添川3514番地82,0238-74-2011,厚生労働省オープンデータ,https://www.mhlw.go.jp/content/12300000/jigyosho_210.csv,2025-12末,https://www.google.com/search?q=%E7%89%B9%E5%88%A5%E9%A4%8A%E8%AD%B7%E8%80%81%E4%BA%BA%E3%83%9B%E3%83%BC%E3%83%A0%E3%81%B2%E3%82%81%E3%81%95%E3%82%86%E3%82%8A%E8%8D%98%20%E9%A3%AF%E8%B1%8A%E7%94%BA
指定短期入所生活介護施設特別養護老人ホームなの花荘,ショートステイ,山形県,三川町,"介護,ショートステイ,一時利用",家族の休息や一時的な受け入れが必要な時に短期間利用するサービスです。,https://www.nanohanaso.or.jp,山形県東田川郡三川町大字横山字堤189番地2,0235-66-4831,厚生労働省オープンデータ,https://www.mhlw.go.jp/content/12300000/jigyosho_210.csv,2025-12末,https://www.google.com/search?q=%E6%8C%87%E5%AE%9A%E7%9F%AD%E6%9C%9F%E5%85%A5%E6%89%80%E7%94%9F%E6%B4%BB%E4%BB%8B%E8%AD%B7%E6%96%BD%E8%A8%AD%E7%89%B9%E5%88%A5%E9%A4%8A%E8%AD%B7%E8%80%81%E4%BA%BA%E3%83%9B%E3%83%BC%E3%83%A0%E3%81%AA%E3%81%AE%E8%8A%B1%E8%8D%98%20%E4%B8%89%E5%B7%9D%E7%94%BA
ソラーナ短期入所生活介護事業所,ショートステイ,山形県,庄内町,"介護,ショートステイ,一時利用",家族の休息や一時的な受け入れが必要な時に短期間利用するサービスです。,http://www.minori-f.or.jp/,山形県東田川郡庄内町南野字北野100-2,0234-44-2011,厚生労働省オープンデータ,https://www.mhlw.go.jp/content/12300000/jigyosho_210.csv,2025-12末,https://www.google.com/search?q=%E3%82%BD%E3%83%A9%E3%83%BC%E3%83%8A%E7%9F%AD%E6%9C%9F%E5%85%A5%E6%89%80%E7%94%9F%E6%B4%BB%E4%BB%8B%E8%AD%B7%E4%BA%8B%E6%A5%AD%E6%89%80%20%E5%BA%84%E5%86%85%E7%94%BA
ラ・ルーナ短期入所生活介護事業所,ショートステイ,山形県,庄内町,"介護,ショートステイ,一時利用",家族の休息や一時的な受け入れが必要な時に短期間利用するサービスです。,http://www.minori-f.or.jp,山形県東田川郡庄内町余目字矢口92-1,0234-43-6730,厚生労働省オープンデータ,https://www.mhlw.go.jp/content/12300000/jigyosho_210.csv,2025-12末,https://www.google.com/search?q=%E3%83%A9%E3%83%BB%E3%83%AB%E3%83%BC%E3%83%8A%E7%9F%AD%E6%9C%9F%E5%85%A5%E6%89%80%E7%94%9F%E6%B4%BB%E4%BB%8B%E8%AD%B7%E4%BA%8B%E6%A5%AD%E6%89%80%20%E5%BA%84%E5%86%85%E7%94%BA
山水園指定短期入所生活介護事業所,ショートステイ,山形県,庄内町,"介護,ショートステイ,一時利用",家族の休息や一時的な受け入れが必要な時に短期間利用するサービスです。,https://www.tk-kouseiki.or.jp/,山形県東田川郡庄内町狩川字笠山４３３番地３,0234-56-3522,厚生労働省オープンデータ,https://www.mhlw.go.jp/content/12300000/jigyosho_210.csv,2025-12末,https://www.google.com/search?q=%E5%B1%B1%E6%B0%B4%E5%9C%92%E6%8C%87%E5%AE%9A%E7%9F%AD%E6%9C%9F%E5%85%A5%E6%89%80%E7%94%9F%E6%B4%BB%E4%BB%8B%E8%AD%B7%E4%BA%8B%E6%A5%AD%E6%89%80%20%E5%BA%84%E5%86%85%E7%94%BA
ショートステイゆうすい,ショートステイ,山形県,遊佐町,"介護,ショートステイ,一時利用",家族の休息や一時的な受け入れが必要な時に短期間利用するサービスです。,https://www.yuzakouseikai.or.jp/yusui/,山形県飽海郡遊佐町遊佐字木ノ下２,0234-71-2133,厚生労働省オープンデータ,https://www.mhlw.go.jp/content/12300000/jigyosho_210.csv,2025-12末,https://www.google.com/search?q=%E3%82%B7%E3%83%A7%E3%83%BC%E3%83%88%E3%82%B9%E3%83%86%E3%82%A4%E3%82%86%E3%81%86%E3%81%99%E3%81%84%20%E9%81%8A%E4%BD%90%E7%94%BA
ショートステイゆうすい,ショートステイ,山形県,遊佐町,"介護,ショートステイ,一時利用",家族の休息や一時的な受け入れが必要な時に短期間利用するサービスです。,https://www.yuzakouseikai.or.jp/yusui/,山形県飽海郡遊佐町遊佐字木ノ下２,0234-71-2133,厚生労働省オープンデータ,https://www.mhlw.go.jp/content/12300000/jigyosho_210.csv,2025-12末,https://www.google.com/search?q=%E3%82%B7%E3%83%A7%E3%83%BC%E3%83%88%E3%82%B9%E3%83%86%E3%82%A4%E3%82%86%E3%81%86%E3%81%99%E3%81%84%20%E9%81%8A%E4%BD%90%E7%94%BA
ショートステイにしだて,ショートステイ,山形県,遊佐町,"介護,ショートステイ,一時利用",家族の休息や一時的な受け入れが必要な時に短期間利用するサービスです。,http://www.yuzakouseikai.or.jp/,山形県飽海郡遊佐町吹浦字西楯２３番地の９特別養護老人ホームにしだて,0234-71-6061,厚生労働省オープンデータ,https://www.mhlw.go.jp/content/12300000/jigyosho_210.csv,2025-12末,https://www.google.com/search?q=%E3%82%B7%E3%83%A7%E3%83%BC%E3%83%88%E3%82%B9%E3%83%86%E3%82%A4%E3%81%AB%E3%81%97%E3%81%A0%E3%81%A6%20%E9%81%8A%E4%BD%90%E7%94%BA
松濤荘指定短期入所生活介護事業所,ショートステイ,山形県,遊佐町,"介護,ショートステイ,一時利用",家族の休息や一時的な受け入れが必要な時に短期間利用するサービスです。,http://www.ysj.or.jp/home/matsunami/inndex.html,飽海郡遊佐町菅里字菅野南山７番地１,0234-76-2103,厚生労働省オープンデータ,https://www.mhlw.go.jp/content/12300000/jigyosho_210.csv,2025-12末,https://www.google.com/search?q=%E6%9D%BE%E6%BF%A4%E8%8D%98%E6%8C%87%E5%AE%9A%E7%9F%AD%E6%9C%9F%E5%85%A5%E6%89%80%E7%94%9F%E6%B4%BB%E4%BB%8B%E8%AD%B7%E4%BA%8B%E6%A5%AD%E6%89%80%20%E9%81%8A%E4%BD%90%E7%94%BA
松濤荘指定短期入所生活介護事業所,ショートステイ,山形県,遊佐町,"介護,ショートステイ,一時利用",家族の休息や一時的な受け入れが必要な時に短期間利用するサービスです。,http://www.ysj.or.jp/home/matsunami/inndex.html,山形県飽海郡遊佐町菅里字菅野南山７番地１,０２３４－７６－２１０３,厚生労働省オープンデータ,https://www.mhlw.go.jp/content/12300000/jigyosho_210.csv,2025-12末,https://www.google.com/search?q=%E6%9D%BE%E6%BF%A4%E8%8D%98%E6%8C%87%E5%AE%9A%E7%9F%AD%E6%9C%9F%E5%85%A5%E6%89%80%E7%94%9F%E6%B4%BB%E4%BB%8B%E8%AD%B7%E4%BA%8B%E6%A5%AD%E6%89%80%20%E9%81%8A%E4%BD%90%E7%94%BA
介護老人保健施設さくらパレス,短期入所療養介護_老健,山形県,山形市,"介護,短期入所療養介護_老健,リハビリ,一時利用",短期入所療養介護_老健の公式オープンデータから取り込んだ候補です。詳細は公式情報・電話・見学で確認してください。,https://www.google.com/search?q=%E4%BB%8B%E8%AD%B7%E8%80%81%E4%BA%BA%E4%BF%9D%E5%81%A5%E6%96%BD%E8%A8%AD%E3%81%95%E3%81%8F%E3%82%89%E3%83%91%E3%83%AC%E3%82%B9%20%E5%B1%B1%E5%BD%A2%E5%B8%82,山形市桜田西４丁目3-26,023-628-3980,厚生労働省オープンデータ,https://www.mhlw.go.jp/content/12300000/jigyosho_220.csv,2025-12末,https://www.google.com/search?q=%E4%BB%8B%E8%AD%B7%E8%80%81%E4%BA%BA%E4%BF%9D%E5%81%A5%E6%96%BD%E8%A8%AD%E3%81%95%E3%81%8F%E3%82%89%E3%83%91%E3%83%AC%E3%82%B9%20%E5%B1%B1%E5%BD%A2%E5%B8%82
介護老人保健施設サニーヒル菅沢,短期入所療養介護_老健,山形県,山形市,"介護,短期入所療養介護_老健,リハビリ,一時利用",短期入所療養介護_老健の公式オープンデータから取り込んだ候補です。詳細は公式情報・電話・見学で確認してください。,http://sunny91.sakura.ne.jp,山形市すげさわの丘727番地20,023-645-8500,厚生労働省オープンデータ,https://www.mhlw.go.jp/content/12300000/jigyosho_220.csv,2025-12末,https://www.google.com/search?q=%E4%BB%8B%E8%AD%B7%E8%80%81%E4%BA%BA%E4%BF%9D%E5%81%A5%E6%96%BD%E8%A8%AD%E3%82%B5%E3%83%8B%E3%83%BC%E3%83%92%E3%83%AB%E8%8F%85%E6%B2%A2%20%E5%B1%B1%E5%BD%A2%E5%B8%82
介護老人保健施設サニーヒル山寺,短期入所療養介護_老健,山形県,山形市,"介護,短期入所療養介護_老健,リハビリ,一時利用",短期入所療養介護_老健の公式オープンデータから取り込んだ候補です。詳細は公式情報・電話・見学で確認してください。,http://sunny91.sakura.ne.jp,山形県山形市大字山寺1973-335,023-667-5010,厚生労働省オープンデータ,https://www.mhlw.go.jp/content/12300000/jigyosho_220.csv,2025-12末,https://www.google.com/search?q=%E4%BB%8B%E8%AD%B7%E8%80%81%E4%BA%BA%E4%BF%9D%E5%81%A5%E6%96%BD%E8%A8%AD%E3%82%B5%E3%83%8B%E3%83%BC%E3%83%92%E3%83%AB%E5%B1%B1%E5%AF%BA%20%E5%B1%B1%E5%BD%A2%E5%B8%82
介護老人保健施設フローラさいせい,短期入所療養介護_老健,山形県,山形市,"介護,短期入所療養介護_老健,リハビリ,一時利用",短期入所療養介護_老健の公式オープンデータから取り込んだ候補です。詳細は公式情報・電話・見学で確認してください。,http://yamagata-saiseikai.org,山形県山形市沖町７９番地の１山形済生病院　南館４階、５階,023-664-1556,厚生労働省オープンデータ,https://www.mhlw.go.jp/content/12300000/jigyosho_220.csv,2025-12末,https://www.google.com/search?q=%E4%BB%8B%E8%AD%B7%E8%80%81%E4%BA%BA%E4%BF%9D%E5%81%A5%E6%96%BD%E8%A8%AD%E3%83%95%E3%83%AD%E3%83%BC%E3%83%A9%E3%81%95%E3%81%84%E3%81%9B%E3%81%84%20%E5%B1%B1%E5%BD%A2%E5%B8%82
介護老人保健施設　あづま,短期入所療養介護_老健,山形県,米沢市,"介護,短期入所療養介護_老健,リハビリ,一時利用",短期入所療養介護_老健の公式オープンデータから取り込んだ候補です。詳細は公式情報・電話・見学で確認してください。,http://www.y-aduma.com./,米沢市大字李山８１３２－１１,0238-38-5535,厚生労働省オープンデータ,https://www.mhlw.go.jp/content/12300000/jigyosho_220.csv,2025-12末,https://www.google.com/search?q=%E4%BB%8B%E8%AD%B7%E8%80%81%E4%BA%BA%E4%BF%9D%E5%81%A5%E6%96%BD%E8%A8%AD%E3%80%80%E3%81%82%E3%81%A5%E3%81%BE%20%E7%B1%B3%E6%B2%A2%E5%B8%82
介護老人保健施設「サンファミリア米沢」,短期入所療養介護_老健,山形県,米沢市,"介護,短期入所療養介護_老健,リハビリ,一時利用",短期入所療養介護_老健の公式オープンデータから取り込んだ候補です。詳細は公式情報・電話・見学で確認してください。,http://www.y-kouwakai.jp,山形県米沢市塩井町塩野520,0238-26-8255,厚生労働省オープンデータ,https://www.mhlw.go.jp/content/12300000/jigyosho_220.csv,2025-12末,https://www.google.com/search?q=%E4%BB%8B%E8%AD%B7%E8%80%81%E4%BA%BA%E4%BF%9D%E5%81%A5%E6%96%BD%E8%A8%AD%E3%80%8C%E3%82%B5%E3%83%B3%E3%83%95%E3%82%A1%E3%83%9F%E3%83%AA%E3%82%A2%E7%B1%B3%E6%B2%A2%E3%80%8D%20%E7%B1%B3%E6%B2%A2%E5%B8%82
介護老人保健施設サンプラザ米沢,短期入所療養介護_老健,山形県,米沢市,"介護,短期入所療養介護_老健,リハビリ,一時利用",短期入所療養介護_老健の公式オープンデータから取り込んだ候補です。詳細は公式情報・電話・見学で確認してください。,https://www.google.com/search?q=%E4%BB%8B%E8%AD%B7%E8%80%81%E4%BA%BA%E4%BF%9D%E5%81%A5%E6%96%BD%E8%A8%AD%E3%82%B5%E3%83%B3%E3%83%97%E3%83%A9%E3%82%B6%E7%B1%B3%E6%B2%A2%20%E7%B1%B3%E6%B2%A2%E5%B8%82,山形県米沢市大字簗沢３０４６,0238-32-2234,厚生労働省オープンデータ,https://www.mhlw.go.jp/content/12300000/jigyosho_220.csv,2025-12末,https://www.google.com/search?q=%E4%BB%8B%E8%AD%B7%E8%80%81%E4%BA%BA%E4%BF%9D%E5%81%A5%E6%96%BD%E8%A8%AD%E3%82%B5%E3%83%B3%E3%83%97%E3%83%A9%E3%82%B6%E7%B1%B3%E6%B2%A2%20%E7%B1%B3%E6%B2%A2%E5%B8%82
介護療養型老人保健施設せせらぎ,短期入所療養介護_老健,山形県,鶴岡市,"介護,短期入所療養介護_老健,リハビリ,一時利用",短期入所療養介護_老健の公式オープンデータから取り込んだ候補です。詳細は公式情報・電話・見学で確認してください。,http://www.turuoka-kyoritu-hp.or.jp/seseragi/,山形県鶴岡市文園町9-34,0235-28-2160,厚生労働省オープンデータ,https://www.mhlw.go.jp/content/12300000/jigyosho_220.csv,2025-12末,https://www.google.com/search?q=%E4%BB%8B%E8%AD%B7%E7%99%82%E9%A4%8A%E5%9E%8B%E8%80%81%E4%BA%BA%E4%BF%9D%E5%81%A5%E6%96%BD%E8%A8%AD%E3%81%9B%E3%81%9B%E3%82%89%E3%81%8E%20%E9%B6%B4%E5%B2%A1%E5%B8%82
介護老人保健施設ケアホームみやはら,短期入所療養介護_老健,山形県,鶴岡市,"介護,短期入所療養介護_老健,リハビリ,一時利用",短期入所療養介護_老健の公式オープンデータから取り込んだ候補です。詳細は公式情報・電話・見学で確認してください。,http://www.miyahara-hp.jp/,鶴岡市三和町１番53号,0235-28-2061,厚生労働省オープンデータ,https://www.mhlw.go.jp/content/12300000/jigyosho_220.csv,2025-12末,https://www.google.com/search?q=%E4%BB%8B%E8%AD%B7%E8%80%81%E4%BA%BA%E4%BF%9D%E5%81%A5%E6%96%BD%E8%A8%AD%E3%82%B1%E3%82%A2%E3%83%9B%E3%83%BC%E3%83%A0%E3%81%BF%E3%82%84%E3%81%AF%E3%82%89%20%E9%B6%B4%E5%B2%A1%E5%B8%82
老人保健施設のぞみの園,短期入所療養介護_老健,山形県,鶴岡市,"介護,短期入所療養介護_老健,リハビリ,一時利用",短期入所療養介護_老健の公式オープンデータから取り込んだ候補です。詳細は公式情報・電話・見学で確認してください。,http://www.mituwakai.com,山形県鶴岡市茅原町26番23号,0235-25-8255,厚生労働省オープンデータ,https://www.mhlw.go.jp/content/12300000/jigyosho_220.csv,2025-12末,https://www.google.com/search?q=%E8%80%81%E4%BA%BA%E4%BF%9D%E5%81%A5%E6%96%BD%E8%A8%AD%E3%81%AE%E3%81%9E%E3%81%BF%E3%81%AE%E5%9C%92%20%E9%B6%B4%E5%B2%A1%E5%B8%82
サテライト老健ちわら,短期入所療養介護_老健,山形県,鶴岡市,"介護,短期入所療養介護_老健,リハビリ,一時利用",短期入所療養介護_老健の公式オープンデータから取り込んだ候補です。詳細は公式情報・電話・見学で確認してください。,https://www.google.com/search?q=%E3%82%B5%E3%83%86%E3%83%A9%E3%82%A4%E3%83%88%E8%80%81%E5%81%A5%E3%81%A1%E3%82%8F%E3%82%89%20%E9%B6%B4%E5%B2%A1%E5%B8%82,山形県鶴岡市北茅原5番10号,0235-25-5000,厚生労働省オープンデータ,https://www.mhlw.go.jp/content/12300000/jigyosho_220.csv,2025-12末,https://www.google.com/search?q=%E3%82%B5%E3%83%86%E3%83%A9%E3%82%A4%E3%83%88%E8%80%81%E5%81%A5%E3%81%A1%E3%82%8F%E3%82%89%20%E9%B6%B4%E5%B2%A1%E5%B8%82
サテライト老健のぞみ,短期入所療養介護_老健,山形県,鶴岡市,"介護,短期入所療養介護_老健,リハビリ,一時利用",短期入所療養介護_老健の公式オープンデータから取り込んだ候補です。詳細は公式情報・電話・見学で確認してください。,https://www.google.com/search?q=%E3%82%B5%E3%83%86%E3%83%A9%E3%82%A4%E3%83%88%E8%80%81%E5%81%A5%E3%81%AE%E3%81%9E%E3%81%BF%20%E9%B6%B4%E5%B2%A1%E5%B8%82,山形県鶴岡市日枝字小真木原116-8サテライト老健のぞみ,0235-24-7724,厚生労働省オープンデータ,https://www.mhlw.go.jp/content/12300000/jigyosho_220.csv,2025-12末,https://www.google.com/search?q=%E3%82%B5%E3%83%86%E3%83%A9%E3%82%A4%E3%83%88%E8%80%81%E5%81%A5%E3%81%AE%E3%81%9E%E3%81%BF%20%E9%B6%B4%E5%B2%A1%E5%B8%82
介護老人保健施設かけはし,短期入所療養介護_老健,山形県,鶴岡市,"介護,短期入所療養介護_老健,リハビリ,一時利用",短期入所療養介護_老健の公式オープンデータから取り込んだ候補です。詳細は公式情報・電話・見学で確認してください。,https://niji-kakehashi.or.jp,鶴岡市民田字代家田１００－１,0235-25-1131,厚生労働省オープンデータ,https://www.mhlw.go.jp/content/12300000/jigyosho_220.csv,2025-12末,https://www.google.com/search?q=%E4%BB%8B%E8%AD%B7%E8%80%81%E4%BA%BA%E4%BF%9D%E5%81%A5%E6%96%BD%E8%A8%AD%E3%81%8B%E3%81%91%E3%81%AF%E3%81%97%20%E9%B6%B4%E5%B2%A1%E5%B8%82
介護老人保健施設　みずばしょう,短期入所療養介護_老健,山形県,鶴岡市,"介護,短期入所療養介護_老健,リハビリ,一時利用",短期入所療養介護_老健の公式オープンデータから取り込んだ候補です。詳細は公式情報・電話・見学で確認してください。,https://www.tsuruoka-rm.jp,鶴岡市羽黒町後田字谷地田191-4,0235-78-0951,厚生労働省オープンデータ,https://www.mhlw.go.jp/content/12300000/jigyosho_220.csv,2025-12末,https://www.google.com/search?q=%E4%BB%8B%E8%AD%B7%E8%80%81%E4%BA%BA%E4%BF%9D%E5%81%A5%E6%96%BD%E8%A8%AD%E3%80%80%E3%81%BF%E3%81%9A%E3%81%B0%E3%81%97%E3%82%87%E3%81%86%20%E9%B6%B4%E5%B2%A1%E5%B8%82
介護老人保健施設シェ・モワ,短期入所療養介護_老健,山形県,酒田市,"介護,短期入所療養介護_老健,リハビリ,一時利用",短期入所療養介護_老健の公式オープンデータから取り込んだ候補です。詳細は公式情報・電話・見学で確認してください。,http://www.koufukai.or.jp,酒田市緑町13-37,0234-22-1400,厚生労働省オープンデータ,https://www.mhlw.go.jp/content/12300000/jigyosho_220.csv,2025-12末,https://www.google.com/search?q=%E4%BB%8B%E8%AD%B7%E8%80%81%E4%BA%BA%E4%BF%9D%E5%81%A5%E6%96%BD%E8%A8%AD%E3%82%B7%E3%82%A7%E3%83%BB%E3%83%A2%E3%83%AF%20%E9%85%92%E7%94%B0%E5%B8%82
介護老人保健施設　ひだまり,短期入所療養介護_老健,山形県,酒田市,"介護,短期入所療養介護_老健,リハビリ,一時利用",短期入所療養介護_老健の公式オープンデータから取り込んだ候補です。詳細は公式情報・電話・見学で確認してください。,http://www.kenyukai-sakata.jp,酒田市中町３丁目５－２３,0234-25-6356,厚生労働省オープンデータ,https://www.mhlw.go.jp/content/12300000/jigyosho_220.csv,2025-12末,https://www.google.com/search?q=%E4%BB%8B%E8%AD%B7%E8%80%81%E4%BA%BA%E4%BF%9D%E5%81%A5%E6%96%BD%E8%A8%AD%E3%80%80%E3%81%B2%E3%81%A0%E3%81%BE%E3%82%8A%20%E9%85%92%E7%94%B0%E5%B8%82
医療法人　徳洲会　介護老人保健施設　徳田山,短期入所療養介護_老健,山形県,酒田市,"介護,短期入所療養介護_老健,リハビリ,一時利用",短期入所療養介護_老健の公式オープンデータから取り込んだ候補です。詳細は公式情報・電話・見学で確認してください。,tokudayama.com,山形県酒田市相沢字道脇7番地,0234-61-4040,厚生労働省オープンデータ,https://www.mhlw.go.jp/content/12300000/jigyosho_220.csv,2025-12末,https://www.google.com/search?q=%E5%8C%BB%E7%99%82%E6%B3%95%E4%BA%BA%E3%80%80%E5%BE%B3%E6%B4%B2%E4%BC%9A%E3%80%80%E4%BB%8B%E8%AD%B7%E8%80%81%E4%BA%BA%E4%BF%9D%E5%81%A5%E6%96%BD%E8%A8%AD%E3%80%80%E5%BE%B3%E7%94%B0%E5%B1%B1%20%E9%85%92%E7%94%B0%E5%B8%82
老人保健施設うらら,短期入所療養介護_老健,山形県,酒田市,"介護,短期入所療養介護_老健,リハビリ,一時利用",短期入所療養介護_老健の公式オープンデータから取り込んだ候補です。詳細は公式情報・電話・見学で確認してください。,http://www.kouyuu-kai.or.jp/,酒田市本楯字前田１２７－２,0234-28-3131,厚生労働省オープンデータ,https://www.mhlw.go.jp/content/12300000/jigyosho_220.csv,2025-12末,https://www.google.com/search?q=%E8%80%81%E4%BA%BA%E4%BF%9D%E5%81%A5%E6%96%BD%E8%A8%AD%E3%81%86%E3%82%89%E3%82%89%20%E9%85%92%E7%94%B0%E5%B8%82
老人保健施設　明日葉,短期入所療養介護_老健,山形県,酒田市,"介護,短期入所療養介護_老健,リハビリ,一時利用",短期入所療養介護_老健の公式オープンデータから取り込んだ候補です。詳細は公式情報・電話・見学で確認してください。,https://www.satsuki-ashitaba.jp/,山形県酒田市曙町２－１８－６,0234-22-3885,厚生労働省オープンデータ,https://www.mhlw.go.jp/content/12300000/jigyosho_220.csv,2025-12末,https://www.google.com/search?q=%E8%80%81%E4%BA%BA%E4%BF%9D%E5%81%A5%E6%96%BD%E8%A8%AD%E3%80%80%E6%98%8E%E6%97%A5%E8%91%89%20%E9%85%92%E7%94%B0%E5%B8%82
介護老人保健施設　新庄薬師園,短期入所療養介護_老健,山形県,新庄市,"介護,短期入所療養介護_老健,リハビリ,一時利用",短期入所療養介護_老健の公式オープンデータから取り込んだ候補です。詳細は公式情報・電話・見学で確認してください。,https://katsuroku.jp/,山形県新庄市金沢字西ノ山3027-4,0233-23-8060,厚生労働省オープンデータ,https://www.mhlw.go.jp/content/12300000/jigyosho_220.csv,2025-12末,https://www.google.com/search?q=%E4%BB%8B%E8%AD%B7%E8%80%81%E4%BA%BA%E4%BF%9D%E5%81%A5%E6%96%BD%E8%A8%AD%E3%80%80%E6%96%B0%E5%BA%84%E8%96%AC%E5%B8%AB%E5%9C%92%20%E6%96%B0%E5%BA%84%E5%B8%82
医療法人社団清明会　介護老人保健施設　エーデルワイス,短期入所療養介護_老健,山形県,新庄市,"介護,短期入所療養介護_老健,リハビリ,一時利用",短期入所療養介護_老健の公式オープンデータから取り込んだ候補です。詳細は公式情報・電話・見学で確認してください。,https://seimei-kai.or.jp/,山形県新庄市大字本合海字福田界1802番地3,0233-26-2685,厚生労働省オープンデータ,https://www.mhlw.go.jp/content/12300000/jigyosho_220.csv,2025-12末,https://www.google.com/search?q=%E5%8C%BB%E7%99%82%E6%B3%95%E4%BA%BA%E7%A4%BE%E5%9B%A3%E6%B8%85%E6%98%8E%E4%BC%9A%E3%80%80%E4%BB%8B%E8%AD%B7%E8%80%81%E4%BA%BA%E4%BF%9D%E5%81%A5%E6%96%BD%E8%A8%AD%E3%80%80%E3%82%A8%E3%83%BC%E3%83%87%E3%83%AB%E3%83%AF%E3%82%A4%E3%82%B9%20%E6%96%B0%E5%BA%84%E5%B8%82
介護老人保健施設寒河江やすらぎの里,短期入所療養介護_老健,山形県,寒河江市,"介護,短期入所療養介護_老健,リハビリ,一時利用",短期入所療養介護_老健の公式オープンデータから取り込んだ候補です。詳細は公式情報・電話・見学で確認してください。,"hittp://care-net,biz/06/s-yasuragi/",山形県寒河江市本楯二丁目24番地1,0237-83-0566,厚生労働省オープンデータ,https://www.mhlw.go.jp/content/12300000/jigyosho_220.csv,2025-12末,https://www.google.com/search?q=%E4%BB%8B%E8%AD%B7%E8%80%81%E4%BA%BA%E4%BF%9D%E5%81%A5%E6%96%BD%E8%A8%AD%E5%AF%92%E6%B2%B3%E6%B1%9F%E3%82%84%E3%81%99%E3%82%89%E3%81%8E%E3%81%AE%E9%87%8C%20%E5%AF%92%E6%B2%B3%E6%B1%9F%E5%B8%82
介護老人保健施設　かなやの里,短期入所療養介護_老健,山形県,上山市,"介護,短期入所療養介護_老健,リハビリ,一時利用",短期入所療養介護_老健の公式オープンデータから取り込んだ候補です。詳細は公式情報・電話・見学で確認してください。,http://www.nihonmatsukai.or.jp,山形県上山市金谷字下河原　1370二本松会　かみのやま病院　かなやの里,023-677-1081,厚生労働省オープンデータ,https://www.mhlw.go.jp/content/12300000/jigyosho_220.csv,2025-12末,https://www.google.com/search?q=%E4%BB%8B%E8%AD%B7%E8%80%81%E4%BA%BA%E4%BF%9D%E5%81%A5%E6%96%BD%E8%A8%AD%E3%80%80%E3%81%8B%E3%81%AA%E3%82%84%E3%81%AE%E9%87%8C%20%E4%B8%8A%E5%B1%B1%E5%B8%82
介護老人保健施設みゆきの丘,短期入所療養介護_老健,山形県,上山市,"介護,短期入所療養介護_老健,リハビリ,一時利用",短期入所療養介護_老健の公式オープンデータから取り込んだ候補です。詳細は公式情報・電話・見学で確認してください。,http://www.miyuki.or.jp,山形県上山市弁天二丁目2番11号,023-672-8585,厚生労働省オープンデータ,https://www.mhlw.go.jp/content/12300000/jigyosho_220.csv,2025-12末,https://www.google.com/search?q=%E4%BB%8B%E8%AD%B7%E8%80%81%E4%BA%BA%E4%BF%9D%E5%81%A5%E6%96%BD%E8%A8%AD%E3%81%BF%E3%82%86%E3%81%8D%E3%81%AE%E4%B8%98%20%E4%B8%8A%E5%B1%B1%E5%B8%82
介護老人保健施設ローズむらやま,短期入所療養介護_老健,山形県,村山市,"介護,短期入所療養介護_老健,リハビリ,一時利用",短期入所療養介護_老健の公式オープンデータから取り込んだ候補です。詳細は公式情報・電話・見学で確認してください。,hpps://www.kodama-hp.com,山形県村山市大字本飯田字柳堤2486-65,0237-52-3020,厚生労働省オープンデータ,https://www.mhlw.go.jp/content/12300000/jigyosho_220.csv,2025-12末,https://www.google.com/search?q=%E4%BB%8B%E8%AD%B7%E8%80%81%E4%BA%BA%E4%BF%9D%E5%81%A5%E6%96%BD%E8%A8%AD%E3%83%AD%E3%83%BC%E3%82%BA%E3%82%80%E3%82%89%E3%82%84%E3%81%BE%20%E6%9D%91%E5%B1%B1%E5%B8%82
介護老人保健施設リバーヒル長井,短期入所療養介護_老健,山形県,長井市,"介護,短期入所療養介護_老健,リハビリ,一時利用",短期入所療養介護_老健の公式オープンデータから取り込んだ候補です。詳細は公式情報・電話・見学で確認してください。,http://www.riverhill.jp,山形県長井市寺泉３５２５－１,0238-84-7575,厚生労働省オープンデータ,https://www.mhlw.go.jp/content/12300000/jigyosho_220.csv,2025-12末,https://www.google.com/search?q=%E4%BB%8B%E8%AD%B7%E8%80%81%E4%BA%BA%E4%BF%9D%E5%81%A5%E6%96%BD%E8%A8%AD%E3%83%AA%E3%83%90%E3%83%BC%E3%83%92%E3%83%AB%E9%95%B7%E4%BA%95%20%E9%95%B7%E4%BA%95%E5%B8%82
介護老人保健施設あこがれ,短期入所療養介護_老健,山形県,天童市,"介護,短期入所療養介護_老健,リハビリ,一時利用",短期入所療養介護_老健の公式オープンデータから取り込んだ候補です。詳細は公式情報・電話・見学で確認してください。,https://www.google.com/search?q=%E4%BB%8B%E8%AD%B7%E8%80%81%E4%BA%BA%E4%BF%9D%E5%81%A5%E6%96%BD%E8%A8%AD%E3%81%82%E3%81%93%E3%81%8C%E3%82%8C%20%E5%A4%A9%E7%AB%A5%E5%B8%82,山形県天童市大字荒谷　1973-884,023-652-2801,厚生労働省オープンデータ,https://www.mhlw.go.jp/content/12300000/jigyosho_220.csv,2025-12末,https://www.google.com/search?q=%E4%BB%8B%E8%AD%B7%E8%80%81%E4%BA%BA%E4%BF%9D%E5%81%A5%E6%96%BD%E8%A8%AD%E3%81%82%E3%81%93%E3%81%8C%E3%82%8C%20%E5%A4%A9%E7%AB%A5%E5%B8%82
介護老人保健施設ラ・フォーレ天童,短期入所療養介護_老健,山形県,天童市,"介護,短期入所療養介護_老健,リハビリ,一時利用",短期入所療養介護_老健の公式オープンデータから取り込んだ候補です。詳細は公式情報・電話・見学で確認してください。,http://www.laforet-tendo.com/,山形県天童市大字道満１９３－１,023-653-8211,厚生労働省オープンデータ,https://www.mhlw.go.jp/content/12300000/jigyosho_220.csv,2025-12末,https://www.google.com/search?q=%E4%BB%8B%E8%AD%B7%E8%80%81%E4%BA%BA%E4%BF%9D%E5%81%A5%E6%96%BD%E8%A8%AD%E3%83%A9%E3%83%BB%E3%83%95%E3%82%A9%E3%83%BC%E3%83%AC%E5%A4%A9%E7%AB%A5%20%E5%A4%A9%E7%AB%A5%E5%B8%82
介護老人保健施設ナーシングホームさくらんぼ,短期入所療養介護_老健,山形県,東根市,"介護,短期入所療養介護_老健,リハビリ,一時利用",短期入所療養介護_老健の公式オープンデータから取り込んだ候補です。詳細は公式情報・電話・見学で確認してください。,http://kjg-net.jp/,東根市大字野田1921,0237-36-0017,厚生労働省オープンデータ,https://www.mhlw.go.jp/content/12300000/jigyosho_220.csv,2025-12末,https://www.google.com/search?q=%E4%BB%8B%E8%AD%B7%E8%80%81%E4%BA%BA%E4%BF%9D%E5%81%A5%E6%96%BD%E8%A8%AD%E3%83%8A%E3%83%BC%E3%82%B7%E3%83%B3%E3%82%B0%E3%83%9B%E3%83%BC%E3%83%A0%E3%81%95%E3%81%8F%E3%82%89%E3%82%93%E3%81%BC%20%E6%9D%B1%E6%A0%B9%E5%B8%82
介護老人保健施設ハイマート福原,短期入所療養介護_老健,山形県,尾花沢市,"介護,短期入所療養介護_老健,リハビリ,一時利用",短期入所療養介護_老健の公式オープンデータから取り込んだ候補です。詳細は公式情報・電話・見学で確認してください。,http://www.haimart-kaigo.com,山形県尾花沢市大字野黒沢５５４番地２９,0237-25-3300,厚生労働省オープンデータ,https://www.mhlw.go.jp/content/12300000/jigyosho_220.csv,2025-12末,https://www.google.com/search?q=%E4%BB%8B%E8%AD%B7%E8%80%81%E4%BA%BA%E4%BF%9D%E5%81%A5%E6%96%BD%E8%A8%AD%E3%83%8F%E3%82%A4%E3%83%9E%E3%83%BC%E3%83%88%E7%A6%8F%E5%8E%9F%20%E5%B0%BE%E8%8A%B1%E6%B2%A2%E5%B8%82
介護老人保健施設ドミール南陽,短期入所療養介護_老健,山形県,南陽市,"介護,短期入所療養介護_老健,リハビリ,一時利用",短期入所療養介護_老健の公式オープンデータから取り込んだ候補です。詳細は公式情報・電話・見学で確認してください。,http://www.koutoku.or.jp,山形県南陽市椚塚940,0238-40-3888,厚生労働省オープンデータ,https://www.mhlw.go.jp/content/12300000/jigyosho_220.csv,2025-12末,https://www.google.com/search?q=%E4%BB%8B%E8%AD%B7%E8%80%81%E4%BA%BA%E4%BF%9D%E5%81%A5%E6%96%BD%E8%A8%AD%E3%83%89%E3%83%9F%E3%83%BC%E3%83%AB%E5%8D%97%E9%99%BD%20%E5%8D%97%E9%99%BD%E5%B8%82
介護老人保健施設ほなみ荘,短期入所療養介護_老健,山形県,南陽市,"介護,短期入所療養介護_老健,リハビリ,一時利用",短期入所療養介護_老健の公式オープンデータから取り込んだ候補です。詳細は公式情報・電話・見学で確認してください。,http://nanyohonami.or.jp,山形県南陽市宮内３７５０－１,0238-47-6000,厚生労働省オープンデータ,https://www.mhlw.go.jp/content/12300000/jigyosho_220.csv,2025-12末,https://www.google.com/search?q=%E4%BB%8B%E8%AD%B7%E8%80%81%E4%BA%BA%E4%BF%9D%E5%81%A5%E6%96%BD%E8%A8%AD%E3%81%BB%E3%81%AA%E3%81%BF%E8%8D%98%20%E5%8D%97%E9%99%BD%E5%B8%82
介護老人保健施設メルヘン,短期入所療養介護_老健,山形県,山辺町,"介護,短期入所療養介護_老健,リハビリ,一時利用",短期入所療養介護_老健の公式オープンデータから取り込んだ候補です。詳細は公式情報・電話・見学で確認してください。,https://www.google.com/search?q=%E4%BB%8B%E8%AD%B7%E8%80%81%E4%BA%BA%E4%BF%9D%E5%81%A5%E6%96%BD%E8%A8%AD%E3%83%A1%E3%83%AB%E3%83%98%E3%83%B3%20%E5%B1%B1%E8%BE%BA%E7%94%BA,山形県東村山郡山辺町大字大寺1152番1,023-667-0001,厚生労働省オープンデータ,https://www.mhlw.go.jp/content/12300000/jigyosho_220.csv,2025-12末,https://www.google.com/search?q=%E4%BB%8B%E8%AD%B7%E8%80%81%E4%BA%BA%E4%BF%9D%E5%81%A5%E6%96%BD%E8%A8%AD%E3%83%A1%E3%83%AB%E3%83%98%E3%83%B3%20%E5%B1%B1%E8%BE%BA%E7%94%BA
介護老人保健施設　紅寿の里,短期入所療養介護_老健,山形県,河北町,"介護,短期入所療養介護_老健,リハビリ,一時利用",短期入所療養介護_老健の公式オープンデータから取り込んだ候補です。詳細は公式情報・電話・見学で確認してください。,http://www.miyuki.or.jp/kouju/,山形県西村山郡河北町大字溝延字本丸８－１,0237-73-5850,厚生労働省オープンデータ,https://www.mhlw.go.jp/content/12300000/jigyosho_220.csv,2025-12末,https://www.google.com/search?q=%E4%BB%8B%E8%AD%B7%E8%80%81%E4%BA%BA%E4%BF%9D%E5%81%A5%E6%96%BD%E8%A8%AD%E3%80%80%E7%B4%85%E5%AF%BF%E3%81%AE%E9%87%8C%20%E6%B2%B3%E5%8C%97%E7%94%BA
介護老人保健施設　景雲荘,短期入所療養介護_老健,山形県,大江町,"介護,短期入所療養介護_老健,リハビリ,一時利用",短期入所療養介護_老健の公式オープンデータから取り込んだ候補です。詳細は公式情報・電話・見学で確認してください。,https://www.google.com/search?q=%E4%BB%8B%E8%AD%B7%E8%80%81%E4%BA%BA%E4%BF%9D%E5%81%A5%E6%96%BD%E8%A8%AD%E3%80%80%E6%99%AF%E9%9B%B2%E8%8D%98%20%E5%A4%A7%E6%B1%9F%E7%94%BA,山形県西村山郡大江町大字左沢1187,0237-62-3155,厚生労働省オープンデータ,https://www.mhlw.go.jp/content/12300000/jigyosho_220.csv,2025-12末,https://www.google.com/search?q=%E4%BB%8B%E8%AD%B7%E8%80%81%E4%BA%BA%E4%BF%9D%E5%81%A5%E6%96%BD%E8%A8%AD%E3%80%80%E6%99%AF%E9%9B%B2%E8%8D%98%20%E5%A4%A7%E6%B1%9F%E7%94%BA
最上町介護老人保健施設やすらぎ,短期入所療養介護_老健,山形県,最上町,"介護,短期入所療養介護_老健,リハビリ,一時利用",短期入所療養介護_老健の公式オープンデータから取り込んだ候補です。詳細は公式情報・電話・見学で確認してください。,https://www.google.com/search?q=%E6%9C%80%E4%B8%8A%E7%94%BA%E4%BB%8B%E8%AD%B7%E8%80%81%E4%BA%BA%E4%BF%9D%E5%81%A5%E6%96%BD%E8%A8%AD%E3%82%84%E3%81%99%E3%82%89%E3%81%8E%20%E6%9C%80%E4%B8%8A%E7%94%BA,山形県最上郡最上町大字向町64-3,0233-43-3378,厚生労働省オープンデータ,https://www.mhlw.go.jp/content/12300000/jigyosho_220.csv,2025-12末,https://www.google.com/search?q=%E6%9C%80%E4%B8%8A%E7%94%BA%E4%BB%8B%E8%AD%B7%E8%80%81%E4%BA%BA%E4%BF%9D%E5%81%A5%E6%96%BD%E8%A8%AD%E3%82%84%E3%81%99%E3%82%89%E3%81%8E%20%E6%9C%80%E4%B8%8A%E7%94%BA
医療法人徳洲会　介護老人保健施設　舟形徳洲苑,短期入所療養介護_老健,山形県,舟形町,"介護,短期入所療養介護_老健,リハビリ,一時利用",短期入所療養介護_老健の公式オープンデータから取り込んだ候補です。詳細は公式情報・電話・見学で確認してください。,http://care-net.biz/06/funatoku/,山形県最上郡舟形町富田字富田135-1,0233-35-2228,厚生労働省オープンデータ,https://www.mhlw.go.jp/content/12300000/jigyosho_220.csv,2025-12末,https://www.google.com/search?q=%E5%8C%BB%E7%99%82%E6%B3%95%E4%BA%BA%E5%BE%B3%E6%B4%B2%E4%BC%9A%E3%80%80%E4%BB%8B%E8%AD%B7%E8%80%81%E4%BA%BA%E4%BF%9D%E5%81%A5%E6%96%BD%E8%A8%AD%E3%80%80%E8%88%9F%E5%BD%A2%E5%BE%B3%E6%B4%B2%E8%8B%91%20%E8%88%9F%E5%BD%A2%E7%94%BA
医療法人徳洲会　介護老人保健施設　梅花苑,短期入所療養介護_老健,山形県,真室川町,"介護,短期入所療養介護_老健,リハビリ,一時利用",短期入所療養介護_老健の公式オープンデータから取り込んだ候補です。詳細は公式情報・電話・見学で確認してください。,http://care-net.biz/06/baikaen/,山形県最上郡真室川大字木ノ下字片渕山1125-286,0233-32-0505,厚生労働省オープンデータ,https://www.mhlw.go.jp/content/12300000/jigyosho_220.csv,2025-12末,https://www.google.com/search?q=%E5%8C%BB%E7%99%82%E6%B3%95%E4%BA%BA%E5%BE%B3%E6%B4%B2%E4%BC%9A%E3%80%80%E4%BB%8B%E8%AD%B7%E8%80%81%E4%BA%BA%E4%BF%9D%E5%81%A5%E6%96%BD%E8%A8%AD%E3%80%80%E6%A2%85%E8%8A%B1%E8%8B%91%20%E7%9C%9F%E5%AE%A4%E5%B7%9D%E7%94%BA
介護老人保健施設かがやきの丘,短期入所療養介護_老健,山形県,川西町,"介護,短期入所療養介護_老健,リハビリ,一時利用",短期入所療養介護_老健の公式オープンデータから取り込んだ候補です。詳細は公式情報・電話・見学で確認してください。,http://www.ryokuaikai.com,山形県東置賜郡川西町大字下奥田字穴澤平３７９６番地２０号,0238-42-5000,厚生労働省オープンデータ,https://www.mhlw.go.jp/content/12300000/jigyosho_220.csv,2025-12末,https://www.google.com/search?q=%E4%BB%8B%E8%AD%B7%E8%80%81%E4%BA%BA%E4%BF%9D%E5%81%A5%E6%96%BD%E8%A8%AD%E3%81%8B%E3%81%8C%E3%82%84%E3%81%8D%E3%81%AE%E4%B8%98%20%E5%B7%9D%E8%A5%BF%E7%94%BA
介護老人保健施設　白鷹あゆみの園,短期入所療養介護_老健,山形県,白鷹町,"介護,短期入所療養介護_老健,リハビリ,一時利用",短期入所療養介護_老健の公式オープンデータから取り込んだ候補です。詳細は公式情報・電話・見学で確認してください。,http://soumeikai.jp/,山形県西置賜郡白鷹町大字十王5087番地1,0238-85-5678,厚生労働省オープンデータ,https://www.mhlw.go.jp/content/12300000/jigyosho_220.csv,2025-12末,https://www.google.com/search?q=%E4%BB%8B%E8%AD%B7%E8%80%81%E4%BA%BA%E4%BF%9D%E5%81%A5%E6%96%BD%E8%A8%AD%E3%80%80%E7%99%BD%E9%B7%B9%E3%81%82%E3%82%86%E3%81%BF%E3%81%AE%E5%9C%92%20%E7%99%BD%E9%B7%B9%E7%94%BA
医療法人徳洲会　介護老人保健施設ほのか,短期入所療養介護_老健,山形県,三川町,"介護,短期入所療養介護_老健,リハビリ,一時利用",短期入所療養介護_老健の公式オープンデータから取り込んだ候補です。詳細は公式情報・電話・見学で確認してください。,https://www.tokushukai.or.jp/,山形県東田川郡三川町大字押切新田字深田1番地,0235-68-0020,厚生労働省オープンデータ,https://www.mhlw.go.jp/content/12300000/jigyosho_220.csv,2025-12末,https://www.google.com/search?q=%E5%8C%BB%E7%99%82%E6%B3%95%E4%BA%BA%E5%BE%B3%E6%B4%B2%E4%BC%9A%E3%80%80%E4%BB%8B%E8%AD%B7%E8%80%81%E4%BA%BA%E4%BF%9D%E5%81%A5%E6%96%BD%E8%A8%AD%E3%81%BB%E3%81%AE%E3%81%8B%20%E4%B8%89%E5%B7%9D%E7%94%BA
医療法人徳洲会介護老人保健施設余目徳洲苑,短期入所療養介護_老健,山形県,庄内町,"介護,短期入所療養介護_老健,リハビリ,一時利用",短期入所療養介護_老健の公式オープンデータから取り込んだ候補です。詳細は公式情報・電話・見学で確認してください。,http://www.amarume-tokushuen.com,山形県東田川郡庄内町松陽1丁目1-6,0234-43-2477,厚生労働省オープンデータ,https://www.mhlw.go.jp/content/12300000/jigyosho_220.csv,2025-12末,https://www.google.com/search?q=%E5%8C%BB%E7%99%82%E6%B3%95%E4%BA%BA%E5%BE%B3%E6%B4%B2%E4%BC%9A%E4%BB%8B%E8%AD%B7%E8%80%81%E4%BA%BA%E4%BF%9D%E5%81%A5%E6%96%BD%E8%A8%AD%E4%BD%99%E7%9B%AE%E5%BE%B3%E6%B4%B2%E8%8B%91%20%E5%BA%84%E5%86%85%E7%94%BA
医療法人　徳洲会　介護老人保健施設　あかね,短期入所療養介護_老健,山形県,庄内町,"介護,短期入所療養介護_老健,リハビリ,一時利用",短期入所療養介護_老健の公式オープンデータから取り込んだ候補です。詳細は公式情報・電話・見学で確認してください。,http://www.rouken-akane.com/,山形県東田川郡庄内町添津字家の下97,0234-51-1100,厚生労働省オープンデータ,https://www.mhlw.go.jp/content/12300000/jigyosho_220.csv,2025-12末,https://www.google.com/search?q=%E5%8C%BB%E7%99%82%E6%B3%95%E4%BA%BA%E3%80%80%E5%BE%B3%E6%B4%B2%E4%BC%9A%E3%80%80%E4%BB%8B%E8%AD%B7%E8%80%81%E4%BA%BA%E4%BF%9D%E5%81%A5%E6%96%BD%E8%A8%AD%E3%80%80%E3%81%82%E3%81%8B%E3%81%AD%20%E5%BA%84%E5%86%85%E7%94%BA
順仁堂　遊佐病院,短期入所療養介護_病院等,山形県,遊佐町,"介護,短期入所療養介護_病院等,医療,一時利用",入院・治療・退院支援の相談先になる医療機関です。退院先の調整は担当看護師や医療相談員に確認してください。,http://www.yuza-hospital.jp/,山形県飽海郡遊佐町遊佐字石田７,０２３４－７２－２５２２,厚生労働省オープンデータ,https://www.mhlw.go.jp/content/12300000/jigyosho_230.csv,2025-12末,https://www.google.com/search?q=%E9%A0%86%E4%BB%81%E5%A0%82%E3%80%80%E9%81%8A%E4%BD%90%E7%97%85%E9%99%A2%20%E9%81%8A%E4%BD%90%E7%94%BA
天童温泉篠田介護医療院,短期入所療養介護_介護医療院,山形県,天童市,"介護,短期入所療養介護_介護医療院,医療,入所,一時利用",長期的な医療管理と介護の両方が必要な方の入所施設です。,https://www.tendo-shinoda.jp,山形県天童市鎌田1丁目7-1天童温泉篠田病院,023-653-5711,厚生労働省オープンデータ,https://www.mhlw.go.jp/content/12300000/jigyosho_551.csv,2025-12末,https://www.google.com/search?q=%E5%A4%A9%E7%AB%A5%E6%B8%A9%E6%B3%89%E7%AF%A0%E7%94%B0%E4%BB%8B%E8%AD%B7%E5%8C%BB%E7%99%82%E9%99%A2%20%E5%A4%A9%E7%AB%A5%E5%B8%82
グループホームもも太郎さん　黄金,グループホーム,山形県,山形市,"介護,グループホーム,認知症",認知症のある方が少人数で生活する施設です。要支援・要介護度や地域要件を確認します。,http://www.momotarousan.com,山形市黄金　81-1,023-646-6577,厚生労働省オープンデータ,https://www.mhlw.go.jp/content/12300000/jigyosho_320.csv,2025-12末,https://www.google.com/search?q=%E3%82%B0%E3%83%AB%E3%83%BC%E3%83%97%E3%83%9B%E3%83%BC%E3%83%A0%E3%82%82%E3%82%82%E5%A4%AA%E9%83%8E%E3%81%95%E3%82%93%E3%80%80%E9%BB%84%E9%87%91%20%E5%B1%B1%E5%BD%A2%E5%B8%82
やすらぎ苑　山形,グループホーム,山形県,山形市,"介護,グループホーム,認知症",認知症のある方が少人数で生活する施設です。要支援・要介護度や地域要件を確認します。,http://www.yasuragien.co.jp/,山形県山形市東山形1丁目4番12号,023-625-0661,厚生労働省オープンデータ,https://www.mhlw.go.jp/content/12300000/jigyosho_320.csv,2025-12末,https://www.google.com/search?q=%E3%82%84%E3%81%99%E3%82%89%E3%81%8E%E8%8B%91%E3%80%80%E5%B1%B1%E5%BD%A2%20%E5%B1%B1%E5%BD%A2%E5%B8%82
指定認知症対応型共同生活介護事業所　グループホームなごみの里,グループホーム,山形県,山形市,"介護,グループホーム,認知症",認知症のある方が少人数で生活する施設です。要支援・要介護度や地域要件を確認します。,http://www.jifukai.org,山形県山形市飯塚町1447番地4,023-666-3237,厚生労働省オープンデータ,https://www.mhlw.go.jp/content/12300000/jigyosho_320.csv,2025-12末,https://www.google.com/search?q=%E6%8C%87%E5%AE%9A%E8%AA%8D%E7%9F%A5%E7%97%87%E5%AF%BE%E5%BF%9C%E5%9E%8B%E5%85%B1%E5%90%8C%E7%94%9F%E6%B4%BB%E4%BB%8B%E8%AD%B7%E4%BA%8B%E6%A5%AD%E6%89%80%E3%80%80%E3%82%B0%E3%83%AB%E3%83%BC%E3%83%97%E3%83%9B%E3%83%BC%E3%83%A0%E3%81%AA%E3%81%94%E3%81%BF%E3%81%AE%E9%87%8C%20%E5%B1%B1%E5%BD%A2%E5%B8%82
グループホームおおさと,グループホーム,山形県,山形市,"介護,グループホーム,認知症",認知症のある方が少人数で生活する施設です。要支援・要介護度や地域要件を確認します。,www.yuuai-kai.or.jp,山形県山形市大字中野469番6グループホームおおさと,023-665-5170,厚生労働省オープンデータ,https://www.mhlw.go.jp/content/12300000/jigyosho_320.csv,2025-12末,https://www.google.com/search?q=%E3%82%B0%E3%83%AB%E3%83%BC%E3%83%97%E3%83%9B%E3%83%BC%E3%83%A0%E3%81%8A%E3%81%8A%E3%81%95%E3%81%A8%20%E5%B1%B1%E5%BD%A2%E5%B8%82
人生の楽園,グループホーム,山形県,山形市,"介護,グループホーム,認知症",認知症のある方が少人数で生活する施設です。要支援・要介護度や地域要件を確認します。,http://apec-yamagata.com,山形市大字風間１２６１番１,023-686-4482,厚生労働省オープンデータ,https://www.mhlw.go.jp/content/12300000/jigyosho_320.csv,2025-12末,https://www.google.com/search?q=%E4%BA%BA%E7%94%9F%E3%81%AE%E6%A5%BD%E5%9C%92%20%E5%B1%B1%E5%BD%A2%E5%B8%82
オークランドホーム南原町木洩れ陽,グループホーム,山形県,山形市,"介護,グループホーム,認知症",認知症のある方が少人数で生活する施設です。要支援・要介護度や地域要件を確認します。,http://oakland-kaigo.com,山形市南原町三丁目11-1,023-622-9002,厚生労働省オープンデータ,https://www.mhlw.go.jp/content/12300000/jigyosho_320.csv,2025-12末,https://www.google.com/search?q=%E3%82%AA%E3%83%BC%E3%82%AF%E3%83%A9%E3%83%B3%E3%83%89%E3%83%9B%E3%83%BC%E3%83%A0%E5%8D%97%E5%8E%9F%E7%94%BA%E6%9C%A8%E6%B4%A9%E3%82%8C%E9%99%BD%20%E5%B1%B1%E5%BD%A2%E5%B8%82
オークランドホーム　荒楯町　さくら苑,グループホーム,山形県,山形市,"介護,グループホーム,認知症",認知症のある方が少人数で生活する施設です。要支援・要介護度や地域要件を確認します。,http://oakland-kaigo.com,山形県山形市荒楯町二丁目18-7,023-633-2350,厚生労働省オープンデータ,https://www.mhlw.go.jp/content/12300000/jigyosho_320.csv,2025-12末,https://www.google.com/search?q=%E3%82%AA%E3%83%BC%E3%82%AF%E3%83%A9%E3%83%B3%E3%83%89%E3%83%9B%E3%83%BC%E3%83%A0%E3%80%80%E8%8D%92%E6%A5%AF%E7%94%BA%E3%80%80%E3%81%95%E3%81%8F%E3%82%89%E8%8B%91%20%E5%B1%B1%E5%BD%A2%E5%B8%82
認知症高齢者グループホーム沼木敬寿園,グループホーム,山形県,山形市,"介護,グループホーム,認知症",認知症のある方が少人数で生活する施設です。要支援・要介護度や地域要件を確認します。,https://keijuen.or.jp/numagi/,山形市沼木６９番地,023-674-9888,厚生労働省オープンデータ,https://www.mhlw.go.jp/content/12300000/jigyosho_320.csv,2025-12末,https://www.google.com/search?q=%E8%AA%8D%E7%9F%A5%E7%97%87%E9%AB%98%E9%BD%A2%E8%80%85%E3%82%B0%E3%83%AB%E3%83%BC%E3%83%97%E3%83%9B%E3%83%BC%E3%83%A0%E6%B2%BC%E6%9C%A8%E6%95%AC%E5%AF%BF%E5%9C%92%20%E5%B1%B1%E5%BD%A2%E5%B8%82
認知症高齢者グループホーム敬寿園,グループホーム,山形県,山形市,"介護,グループホーム,認知症",認知症のある方が少人数で生活する施設です。要支援・要介護度や地域要件を確認します。,http://www.keijuen.or.jp,山形市大字妙見寺５００－１,023-634-2020,厚生労働省オープンデータ,https://www.mhlw.go.jp/content/12300000/jigyosho_320.csv,2025-12末,https://www.google.com/search?q=%E8%AA%8D%E7%9F%A5%E7%97%87%E9%AB%98%E9%BD%A2%E8%80%85%E3%82%B0%E3%83%AB%E3%83%BC%E3%83%97%E3%83%9B%E3%83%BC%E3%83%A0%E6%95%AC%E5%AF%BF%E5%9C%92%20%E5%B1%B1%E5%BD%A2%E5%B8%82
グループホームつばさ金井,グループホーム,山形県,山形市,"介護,グループホーム,認知症",認知症のある方が少人数で生活する施設です。要支援・要介護度や地域要件を確認します。,http://www.tbasa.co.jp,山形県山形市大字志戸田1685番地１,023-666-6578,厚生労働省オープンデータ,https://www.mhlw.go.jp/content/12300000/jigyosho_320.csv,2025-12末,https://www.google.com/search?q=%E3%82%B0%E3%83%AB%E3%83%BC%E3%83%97%E3%83%9B%E3%83%BC%E3%83%A0%E3%81%A4%E3%81%B0%E3%81%95%E9%87%91%E4%BA%95%20%E5%B1%B1%E5%BD%A2%E5%B8%82
グループホームとかみ楽生苑,グループホーム,山形県,山形市,"介護,グループホーム,認知症",認知症のある方が少人数で生活する施設です。要支援・要介護度や地域要件を確認します。,http://tokami.org/gh/ghtop.html,山形県山形市富神前11番地,023-646-5650,厚生労働省オープンデータ,https://www.mhlw.go.jp/content/12300000/jigyosho_320.csv,2025-12末,https://www.google.com/search?q=%E3%82%B0%E3%83%AB%E3%83%BC%E3%83%97%E3%83%9B%E3%83%BC%E3%83%A0%E3%81%A8%E3%81%8B%E3%81%BF%E6%A5%BD%E7%94%9F%E8%8B%91%20%E5%B1%B1%E5%BD%A2%E5%B8%82
グループホームはなみずき,グループホーム,山形県,山形市,"介護,グループホーム,認知症",認知症のある方が少人数で生活する施設です。要支援・要介護度や地域要件を確認します。,https://cc-hanamizuki.jp/,山形市深町一丁目9-14ケアセンターはなみずき,023-644-2777,厚生労働省オープンデータ,https://www.mhlw.go.jp/content/12300000/jigyosho_320.csv,2025-12末,https://www.google.com/search?q=%E3%82%B0%E3%83%AB%E3%83%BC%E3%83%97%E3%83%9B%E3%83%BC%E3%83%A0%E3%81%AF%E3%81%AA%E3%81%BF%E3%81%9A%E3%81%8D%20%E5%B1%B1%E5%BD%A2%E5%B8%82
グループホーム嶋,グループホーム,山形県,山形市,"介護,グループホーム,認知症",認知症のある方が少人数で生活する施設です。要支援・要介護度や地域要件を確認します。,https://www.t-fukushi-service.co.jp,山形県山形市嶋南１丁目９－７,023-682-7171,厚生労働省オープンデータ,https://www.mhlw.go.jp/content/12300000/jigyosho_320.csv,2025-12末,https://www.google.com/search?q=%E3%82%B0%E3%83%AB%E3%83%BC%E3%83%97%E3%83%9B%E3%83%BC%E3%83%A0%E5%B6%8B%20%E5%B1%B1%E5%BD%A2%E5%B8%82
らくせいグループホーム南館,グループホーム,山形県,山形市,"介護,グループホーム,認知症",認知症のある方が少人数で生活する施設です。要支援・要介護度や地域要件を確認します。,http://rakusei-kai.or.jp,山形県山形市南館1-1-32,023-676-6166,厚生労働省オープンデータ,https://www.mhlw.go.jp/content/12300000/jigyosho_320.csv,2025-12末,https://www.google.com/search?q=%E3%82%89%E3%81%8F%E3%81%9B%E3%81%84%E3%82%B0%E3%83%AB%E3%83%BC%E3%83%97%E3%83%9B%E3%83%BC%E3%83%A0%E5%8D%97%E9%A4%A8%20%E5%B1%B1%E5%BD%A2%E5%B8%82
愛の家グループホーム山形前田町,グループホーム,山形県,山形市,"介護,グループホーム,認知症",認知症のある方が少人数で生活する施設です。要支援・要介護度や地域要件を確認します。,https://www.mcsg.co.jp,山形県山形市前田町9番3号愛の家グループホーム山形前田町,0236163327,厚生労働省オープンデータ,https://www.mhlw.go.jp/content/12300000/jigyosho_320.csv,2025-12末,https://www.google.com/search?q=%E6%84%9B%E3%81%AE%E5%AE%B6%E3%82%B0%E3%83%AB%E3%83%BC%E3%83%97%E3%83%9B%E3%83%BC%E3%83%A0%E5%B1%B1%E5%BD%A2%E5%89%8D%E7%94%B0%E7%94%BA%20%E5%B1%B1%E5%BD%A2%E5%B8%82
グループホーム馬見ヶ崎,グループホーム,山形県,山形市,"介護,グループホーム,認知症",認知症のある方が少人数で生活する施設です。要支援・要介護度や地域要件を確認します。,http://www.kjg-net.jp/,山形県山形市桧町一丁目１７番２３号,023-682-7556,厚生労働省オープンデータ,https://www.mhlw.go.jp/content/12300000/jigyosho_320.csv,2025-12末,https://www.google.com/search?q=%E3%82%B0%E3%83%AB%E3%83%BC%E3%83%97%E3%83%9B%E3%83%BC%E3%83%A0%E9%A6%AC%E8%A6%8B%E3%83%B6%E5%B4%8E%20%E5%B1%B1%E5%BD%A2%E5%B8%82
グループホーム北山形,グループホーム,山形県,山形市,"介護,グループホーム,認知症",認知症のある方が少人数で生活する施設です。要支援・要介護度や地域要件を確認します。,http://www.sakura-welfare.jp/gouphom/kitayamagata,山形市嶋北３丁目１０番６号,023-664-0788,厚生労働省オープンデータ,https://www.mhlw.go.jp/content/12300000/jigyosho_320.csv,2025-12末,https://www.google.com/search?q=%E3%82%B0%E3%83%AB%E3%83%BC%E3%83%97%E3%83%9B%E3%83%BC%E3%83%A0%E5%8C%97%E5%B1%B1%E5%BD%A2%20%E5%B1%B1%E5%BD%A2%E5%B8%82
グループホーム友結,グループホーム,山形県,山形市,"介護,グループホーム,認知症",認知症のある方が少人数で生活する施設です。要支援・要介護度や地域要件を確認します。,http://www.ryokuaikai.com,山形県山形市桜田西1丁目13番9号,023-615-2201,厚生労働省オープンデータ,https://www.mhlw.go.jp/content/12300000/jigyosho_320.csv,2025-12末,https://www.google.com/search?q=%E3%82%B0%E3%83%AB%E3%83%BC%E3%83%97%E3%83%9B%E3%83%BC%E3%83%A0%E5%8F%8B%E7%B5%90%20%E5%B1%B1%E5%BD%A2%E5%B8%82
フラワー小姓町,グループホーム,山形県,山形市,"介護,グループホーム,認知症",認知症のある方が少人数で生活する施設です。要支援・要介護度や地域要件を確認します。,https://www.google.com/search?q=%E3%83%95%E3%83%A9%E3%83%AF%E3%83%BC%E5%B0%8F%E5%A7%93%E7%94%BA%20%E5%B1%B1%E5%BD%A2%E5%B8%82,山形市小姓町７番１５号,023-625-7210,厚生労働省オープンデータ,https://www.mhlw.go.jp/content/12300000/jigyosho_320.csv,2025-12末,https://www.google.com/search?q=%E3%83%95%E3%83%A9%E3%83%AF%E3%83%BC%E5%B0%8F%E5%A7%93%E7%94%BA%20%E5%B1%B1%E5%BD%A2%E5%B8%82
フラワー吉原,グループホーム,山形県,山形市,"介護,グループホーム,認知症",認知症のある方が少人数で生活する施設です。要支援・要介護度や地域要件を確認します。,https://www.google.com/search?q=%E3%83%95%E3%83%A9%E3%83%AF%E3%83%BC%E5%90%89%E5%8E%9F%20%E5%B1%B1%E5%BD%A2%E5%B8%82,山形市南館3丁目21番50号,023-647-5051,厚生労働省オープンデータ,https://www.mhlw.go.jp/content/12300000/jigyosho_320.csv,2025-12末,https://www.google.com/search?q=%E3%83%95%E3%83%A9%E3%83%AF%E3%83%BC%E5%90%89%E5%8E%9F%20%E5%B1%B1%E5%BD%A2%E5%B8%82
みはたの里,グループホーム,山形県,山形市,"介護,グループホーム,認知症",認知症のある方が少人数で生活する施設です。要支援・要介護度や地域要件を確認します。,http://www16.plala.or.jp/yamagatakousei/,山形市美畑町4番35号,023-666-6678,厚生労働省オープンデータ,https://www.mhlw.go.jp/content/12300000/jigyosho_320.csv,2025-12末,https://www.google.com/search?q=%E3%81%BF%E3%81%AF%E3%81%9F%E3%81%AE%E9%87%8C%20%E5%B1%B1%E5%BD%A2%E5%B8%82
社会福祉法人　山形市社会福祉協議会　グループホーム鈴川,グループホーム,山形県,山形市,"介護,グループホーム,認知症",認知症のある方が少人数で生活する施設です。要支援・要介護度や地域要件を確認します。,法人のホームページ内に掲載,山形県山形市大野目一丁目4番62号,023-674-9045,厚生労働省オープンデータ,https://www.mhlw.go.jp/content/12300000/jigyosho_320.csv,2025-12末,https://www.google.com/search?q=%E7%A4%BE%E4%BC%9A%E7%A6%8F%E7%A5%89%E6%B3%95%E4%BA%BA%E3%80%80%E5%B1%B1%E5%BD%A2%E5%B8%82%E7%A4%BE%E4%BC%9A%E7%A6%8F%E7%A5%89%E5%8D%94%E8%AD%B0%E4%BC%9A%E3%80%80%E3%82%B0%E3%83%AB%E3%83%BC%E3%83%97%E3%83%9B%E3%83%BC%E3%83%A0%E9%88%B4%E5%B7%9D%20%E5%B1%B1%E5%BD%A2%E5%B8%82
グループホームもも太郎さん米沢,グループホーム,山形県,米沢市,"介護,グループホーム,認知症",認知症のある方が少人数で生活する施設です。要支援・要介護度や地域要件を確認します。,http://www.momotarousan.com,米沢市通町5丁目3-46,0238-37-0845,厚生労働省オープンデータ,https://www.mhlw.go.jp/content/12300000/jigyosho_320.csv,2025-12末,https://www.google.com/search?q=%E3%82%B0%E3%83%AB%E3%83%BC%E3%83%97%E3%83%9B%E3%83%BC%E3%83%A0%E3%82%82%E3%82%82%E5%A4%AA%E9%83%8E%E3%81%95%E3%82%93%E7%B1%B3%E6%B2%A2%20%E7%B1%B3%E6%B2%A2%E5%B8%82
グループホーム　ピュアフォレスト,グループホーム,山形県,米沢市,"介護,グループホーム,認知症",認知症のある方が少人数で生活する施設です。要支援・要介護度や地域要件を確認します。,"http://y-seiyukai,com/",米沢市大字三沢26106-14,0238-21-1973,厚生労働省オープンデータ,https://www.mhlw.go.jp/content/12300000/jigyosho_320.csv,2025-12末,https://www.google.com/search?q=%E3%82%B0%E3%83%AB%E3%83%BC%E3%83%97%E3%83%9B%E3%83%BC%E3%83%A0%E3%80%80%E3%83%94%E3%83%A5%E3%82%A2%E3%83%95%E3%82%A9%E3%83%AC%E3%82%B9%E3%83%88%20%E7%B1%B3%E6%B2%A2%E5%B8%82
グループホーム　ピュアグローブ,グループホーム,山形県,米沢市,"介護,グループホーム,認知症",認知症のある方が少人数で生活する施設です。要支援・要介護度や地域要件を確認します。,"http://y-seiyukai,com/",山形県米沢市通町２丁目５番地６２,0238-21-1967,厚生労働省オープンデータ,https://www.mhlw.go.jp/content/12300000/jigyosho_320.csv,2025-12末,https://www.google.com/search?q=%E3%82%B0%E3%83%AB%E3%83%BC%E3%83%97%E3%83%9B%E3%83%BC%E3%83%A0%E3%80%80%E3%83%94%E3%83%A5%E3%82%A2%E3%82%B0%E3%83%AD%E3%83%BC%E3%83%96%20%E7%B1%B3%E6%B2%A2%E5%B8%82
グループホーム東陽館,グループホーム,山形県,米沢市,"介護,グループホーム,認知症",認知症のある方が少人数で生活する施設です。要支援・要介護度や地域要件を確認します。,http://care-net.biz/06/touyoukan/,山形県米沢市城北1丁目2番5号地域ケアセンター東陽館,0238-37-8181,厚生労働省オープンデータ,https://www.mhlw.go.jp/content/12300000/jigyosho_320.csv,2025-12末,https://www.google.com/search?q=%E3%82%B0%E3%83%AB%E3%83%BC%E3%83%97%E3%83%9B%E3%83%BC%E3%83%A0%E6%9D%B1%E9%99%BD%E9%A4%A8%20%E7%B1%B3%E6%B2%A2%E5%B8%82
グループホーム　こもれびの家,グループホーム,山形県,米沢市,"介護,グループホーム,認知症",認知症のある方が少人数で生活する施設です。要支援・要介護度や地域要件を確認します。,https://komorebi-yonezawa.co.jp,山形県米沢市大字花沢３６１２番地の１,0238-37-8065,厚生労働省オープンデータ,https://www.mhlw.go.jp/content/12300000/jigyosho_320.csv,2025-12末,https://www.google.com/search?q=%E3%82%B0%E3%83%AB%E3%83%BC%E3%83%97%E3%83%9B%E3%83%BC%E3%83%A0%E3%80%80%E3%81%93%E3%82%82%E3%82%8C%E3%81%B3%E3%81%AE%E5%AE%B6%20%E7%B1%B3%E6%B2%A2%E5%B8%82
グループホームやまぼうし,グループホーム,山形県,米沢市,"介護,グループホーム,認知症",認知症のある方が少人数で生活する施設です。要支援・要介護度や地域要件を確認します。,http://www.yamabo-si.jp,山形県米沢市直江町１番５号,0238-22-6660,厚生労働省オープンデータ,https://www.mhlw.go.jp/content/12300000/jigyosho_320.csv,2025-12末,https://www.google.com/search?q=%E3%82%B0%E3%83%AB%E3%83%BC%E3%83%97%E3%83%9B%E3%83%BC%E3%83%A0%E3%82%84%E3%81%BE%E3%81%BC%E3%81%86%E3%81%97%20%E7%B1%B3%E6%B2%A2%E5%B8%82
グループホームあすなろ窪田,グループホーム,山形県,米沢市,"介護,グループホーム,認知症",認知症のある方が少人数で生活する施設です。要支援・要介護度や地域要件を確認します。,https://www.google.com/search?q=%E3%82%B0%E3%83%AB%E3%83%BC%E3%83%97%E3%83%9B%E3%83%BC%E3%83%A0%E3%81%82%E3%81%99%E3%81%AA%E3%82%8D%E7%AA%AA%E7%94%B0%20%E7%B1%B3%E6%B2%A2%E5%B8%82,山形県米沢市窪田町窪田1421-1,0238-37-2070,厚生労働省オープンデータ,https://www.mhlw.go.jp/content/12300000/jigyosho_320.csv,2025-12末,https://www.google.com/search?q=%E3%82%B0%E3%83%AB%E3%83%BC%E3%83%97%E3%83%9B%E3%83%BC%E3%83%A0%E3%81%82%E3%81%99%E3%81%AA%E3%82%8D%E7%AA%AA%E7%94%B0%20%E7%B1%B3%E6%B2%A2%E5%B8%82
グループホームあすなろ白旗,グループホーム,山形県,米沢市,"介護,グループホーム,認知症",認知症のある方が少人数で生活する施設です。要支援・要介護度や地域要件を確認します。,https://hinoki.or.jp,山形県米沢市大字三沢白旗壱八－26113番地65,0238-21-5260,厚生労働省オープンデータ,https://www.mhlw.go.jp/content/12300000/jigyosho_320.csv,2025-12末,https://www.google.com/search?q=%E3%82%B0%E3%83%AB%E3%83%BC%E3%83%97%E3%83%9B%E3%83%BC%E3%83%A0%E3%81%82%E3%81%99%E3%81%AA%E3%82%8D%E7%99%BD%E6%97%97%20%E7%B1%B3%E6%B2%A2%E5%B8%82
グループホーム成島園,グループホーム,山形県,米沢市,"介護,グループホーム,認知症",認知症のある方が少人数で生活する施設です。要支援・要介護度や地域要件を確認します。,http：//narusimaen.org/,山形県米沢市広幡町成島字窪平山2120番地5,0238-36-1003,厚生労働省オープンデータ,https://www.mhlw.go.jp/content/12300000/jigyosho_320.csv,2025-12末,https://www.google.com/search?q=%E3%82%B0%E3%83%AB%E3%83%BC%E3%83%97%E3%83%9B%E3%83%BC%E3%83%A0%E6%88%90%E5%B3%B6%E5%9C%92%20%E7%B1%B3%E6%B2%A2%E5%B8%82
グループホームふきのとう,グループホーム,山形県,米沢市,"介護,グループホーム,認知症",認知症のある方が少人数で生活する施設です。要支援・要介護度や地域要件を確認します。,https://www.google.com/search?q=%E3%82%B0%E3%83%AB%E3%83%BC%E3%83%97%E3%83%9B%E3%83%BC%E3%83%A0%E3%81%B5%E3%81%8D%E3%81%AE%E3%81%A8%E3%81%86%20%E7%B1%B3%E6%B2%A2%E5%B8%82,山形県米沢市塩井町塩野2057,0238-21-5616,厚生労働省オープンデータ,https://www.mhlw.go.jp/content/12300000/jigyosho_320.csv,2025-12末,https://www.google.com/search?q=%E3%82%B0%E3%83%AB%E3%83%BC%E3%83%97%E3%83%9B%E3%83%BC%E3%83%A0%E3%81%B5%E3%81%8D%E3%81%AE%E3%81%A8%E3%81%86%20%E7%B1%B3%E6%B2%A2%E5%B8%82
グループホーム楓の家,グループホーム,山形県,米沢市,"介護,グループホーム,認知症",認知症のある方が少人数で生活する施設です。要支援・要介護度や地域要件を確認します。,http://www.ryokuaikai.com/,山形県米沢市金池6丁目8番26号,0238-21-7222,厚生労働省オープンデータ,https://www.mhlw.go.jp/content/12300000/jigyosho_320.csv,2025-12末,https://www.google.com/search?q=%E3%82%B0%E3%83%AB%E3%83%BC%E3%83%97%E3%83%9B%E3%83%BC%E3%83%A0%E6%A5%93%E3%81%AE%E5%AE%B6%20%E7%B1%B3%E6%B2%A2%E5%B8%82
さんゆうグループホーム　ふぃりあ,グループホーム,山形県,米沢市,"介護,グループホーム,認知症",認知症のある方が少人数で生活する施設です。要支援・要介護度や地域要件を確認します。,http://www.santhy-sanyou.com,山形県米沢市万世町桑山4660番地,0238-28-5720,厚生労働省オープンデータ,https://www.mhlw.go.jp/content/12300000/jigyosho_320.csv,2025-12末,https://www.google.com/search?q=%E3%81%95%E3%82%93%E3%82%86%E3%81%86%E3%82%B0%E3%83%AB%E3%83%BC%E3%83%97%E3%83%9B%E3%83%BC%E3%83%A0%E3%80%80%E3%81%B5%E3%81%83%E3%82%8A%E3%81%82%20%E7%B1%B3%E6%B2%A2%E5%B8%82
グループホーム「ママ家」,グループホーム,山形県,鶴岡市,"介護,グループホーム,認知症",認知症のある方が少人数で生活する施設です。要支援・要介護度や地域要件を確認します。,mamaya.jp,山形県鶴岡市常盤木字関口１０３‐３,0235-78-7900,厚生労働省オープンデータ,https://www.mhlw.go.jp/content/12300000/jigyosho_320.csv,2025-12末,https://www.google.com/search?q=%E3%82%B0%E3%83%AB%E3%83%BC%E3%83%97%E3%83%9B%E3%83%BC%E3%83%A0%E3%80%8C%E3%83%9E%E3%83%9E%E5%AE%B6%E3%80%8D%20%E9%B6%B4%E5%B2%A1%E5%B8%82
コミュニティママ家,グループホーム,山形県,鶴岡市,"介護,グループホーム,認知症",認知症のある方が少人数で生活する施設です。要支援・要介護度や地域要件を確認します。,mamaya.jp,鶴岡市中田字追分162-2,0235-57-5050,厚生労働省オープンデータ,https://www.mhlw.go.jp/content/12300000/jigyosho_320.csv,2025-12末,https://www.google.com/search?q=%E3%82%B3%E3%83%9F%E3%83%A5%E3%83%8B%E3%83%86%E3%82%A3%E3%83%9E%E3%83%9E%E5%AE%B6%20%E9%B6%B4%E5%B2%A1%E5%B8%82
あった家きゃっと,グループホーム,山形県,鶴岡市,"介護,グループホーム,認知症",認知症のある方が少人数で生活する施設です。要支援・要介護度や地域要件を確認します。,https://catsgp.com/,山形県鶴岡市藤島字笹花48-12,0235-64-6042,厚生労働省オープンデータ,https://www.mhlw.go.jp/content/12300000/jigyosho_320.csv,2025-12末,https://www.google.com/search?q=%E3%81%82%E3%81%A3%E3%81%9F%E5%AE%B6%E3%81%8D%E3%82%83%E3%81%A3%E3%81%A8%20%E9%B6%B4%E5%B2%A1%E5%B8%82
認知症高齢者グループホーム「和心」ふじ荘,グループホーム,山形県,鶴岡市,"介護,グループホーム,認知症",認知症のある方が少人数で生活する施設です。要支援・要介護度や地域要件を確認します。,https://www.google.com/search?q=%E8%AA%8D%E7%9F%A5%E7%97%87%E9%AB%98%E9%BD%A2%E8%80%85%E3%82%B0%E3%83%AB%E3%83%BC%E3%83%97%E3%83%9B%E3%83%BC%E3%83%A0%E3%80%8C%E5%92%8C%E5%BF%83%E3%80%8D%E3%81%B5%E3%81%98%E8%8D%98%20%E9%B6%B4%E5%B2%A1%E5%B8%82,山形県鶴岡市八色木字西野３３５－１,0235-78-2620,厚生労働省オープンデータ,https://www.mhlw.go.jp/content/12300000/jigyosho_320.csv,2025-12末,https://www.google.com/search?q=%E8%AA%8D%E7%9F%A5%E7%97%87%E9%AB%98%E9%BD%A2%E8%80%85%E3%82%B0%E3%83%AB%E3%83%BC%E3%83%97%E3%83%9B%E3%83%BC%E3%83%A0%E3%80%8C%E5%92%8C%E5%BF%83%E3%80%8D%E3%81%B5%E3%81%98%E8%8D%98%20%E9%B6%B4%E5%B2%A1%E5%B8%82
グループホームこもれび,グループホーム,山形県,鶴岡市,"介護,グループホーム,認知症",認知症のある方が少人数で生活する施設です。要支援・要介護度や地域要件を確認します。,https://www.google.com/search?q=%E3%82%B0%E3%83%AB%E3%83%BC%E3%83%97%E3%83%9B%E3%83%BC%E3%83%A0%E3%81%93%E3%82%82%E3%82%8C%E3%81%B3%20%E9%B6%B4%E5%B2%A1%E5%B8%82,山形県鶴岡市八色木字西野３３５－1,0235-33-8920,厚生労働省オープンデータ,https://www.mhlw.go.jp/content/12300000/jigyosho_320.csv,2025-12末,https://www.google.com/search?q=%E3%82%B0%E3%83%AB%E3%83%BC%E3%83%97%E3%83%9B%E3%83%BC%E3%83%A0%E3%81%93%E3%82%82%E3%82%8C%E3%81%B3%20%E9%B6%B4%E5%B2%A1%E5%B8%82
グループホームかたくり荘,グループホーム,山形県,鶴岡市,"介護,グループホーム,認知症",認知症のある方が少人数で生活する施設です。要支援・要介護度や地域要件を確認します。,http://care-net.biz/06/bunanoki/company.php,山形県鶴岡市熊出字東村157-2,0235-53-3900,厚生労働省オープンデータ,https://www.mhlw.go.jp/content/12300000/jigyosho_320.csv,2025-12末,https://www.google.com/search?q=%E3%82%B0%E3%83%AB%E3%83%BC%E3%83%97%E3%83%9B%E3%83%BC%E3%83%A0%E3%81%8B%E3%81%9F%E3%81%8F%E3%82%8A%E8%8D%98%20%E9%B6%B4%E5%B2%A1%E5%B8%82
グループホームいろ花の里,グループホーム,山形県,鶴岡市,"介護,グループホーム,認知症",認知症のある方が少人数で生活する施設です。要支援・要介護度や地域要件を確認します。,http://www.lifenet-syonai.co.jp/,山形県鶴岡市下山添字中通39-1いろ花の里,0235-78-7338,厚生労働省オープンデータ,https://www.mhlw.go.jp/content/12300000/jigyosho_320.csv,2025-12末,https://www.google.com/search?q=%E3%82%B0%E3%83%AB%E3%83%BC%E3%83%97%E3%83%9B%E3%83%BC%E3%83%A0%E3%81%84%E3%82%8D%E8%8A%B1%E3%81%AE%E9%87%8C%20%E9%B6%B4%E5%B2%A1%E5%B8%82
グループホーム　コスモス,グループホーム,山形県,鶴岡市,"介護,グループホーム,認知症",認知症のある方が少人数で生活する施設です。要支援・要介護度や地域要件を確認します。,https://www.google.com/search?q=%E3%82%B0%E3%83%AB%E3%83%BC%E3%83%97%E3%83%9B%E3%83%BC%E3%83%A0%E3%80%80%E3%82%B3%E3%82%B9%E3%83%A2%E3%82%B9%20%E9%B6%B4%E5%B2%A1%E5%B8%82,山形県鶴岡市西茅原町21-16,0235-23-5858,厚生労働省オープンデータ,https://www.mhlw.go.jp/content/12300000/jigyosho_320.csv,2025-12末,https://www.google.com/search?q=%E3%82%B0%E3%83%AB%E3%83%BC%E3%83%97%E3%83%9B%E3%83%BC%E3%83%A0%E3%80%80%E3%82%B3%E3%82%B9%E3%83%A2%E3%82%B9%20%E9%B6%B4%E5%B2%A1%E5%B8%82
ニチイケアセンターこまぎはら,グループホーム,山形県,鶴岡市,"介護,グループホーム,認知症",認知症のある方が少人数で生活する施設です。要支援・要介護度や地域要件を確認します。,ｈｔｔｐ://www.nichiigakkan.co.jp,山形県鶴岡市日枝字鳥居上38-1,0235-28-1025,厚生労働省オープンデータ,https://www.mhlw.go.jp/content/12300000/jigyosho_320.csv,2025-12末,https://www.google.com/search?q=%E3%83%8B%E3%83%81%E3%82%A4%E3%82%B1%E3%82%A2%E3%82%BB%E3%83%B3%E3%82%BF%E3%83%BC%E3%81%93%E3%81%BE%E3%81%8E%E3%81%AF%E3%82%89%20%E9%B6%B4%E5%B2%A1%E5%B8%82
グループホーム　はもれび,グループホーム,山形県,鶴岡市,"介護,グループホーム,認知症",認知症のある方が少人数で生活する施設です。要支援・要介護度や地域要件を確認します。,http://kushibiki-fukujukai/or.jp,山形県鶴岡市下山添字茶屋川原75番地,0235-57-5200,厚生労働省オープンデータ,https://www.mhlw.go.jp/content/12300000/jigyosho_320.csv,2025-12末,https://www.google.com/search?q=%E3%82%B0%E3%83%AB%E3%83%BC%E3%83%97%E3%83%9B%E3%83%BC%E3%83%A0%E3%80%80%E3%81%AF%E3%82%82%E3%82%8C%E3%81%B3%20%E9%B6%B4%E5%B2%A1%E5%B8%82
グループホームねずがせき,グループホーム,山形県,鶴岡市,"介護,グループホーム,認知症",認知症のある方が少人数で生活する施設です。要支援・要介護度や地域要件を確認します。,https://www.google.com/search?q=%E3%82%B0%E3%83%AB%E3%83%BC%E3%83%97%E3%83%9B%E3%83%BC%E3%83%A0%E3%81%AD%E3%81%9A%E3%81%8C%E3%81%9B%E3%81%8D%20%E9%B6%B4%E5%B2%A1%E5%B8%82,山形県鶴岡市鼠ヶ関字横路9番3号,0235－48－4555,厚生労働省オープンデータ,https://www.mhlw.go.jp/content/12300000/jigyosho_320.csv,2025-12末,https://www.google.com/search?q=%E3%82%B0%E3%83%AB%E3%83%BC%E3%83%97%E3%83%9B%E3%83%BC%E3%83%A0%E3%81%AD%E3%81%9A%E3%81%8C%E3%81%9B%E3%81%8D%20%E9%B6%B4%E5%B2%A1%E5%B8%82
グループホーム和楽居,グループホーム,山形県,鶴岡市,"介護,グループホーム,認知症",認知症のある方が少人数で生活する施設です。要支援・要介護度や地域要件を確認します。,http://y-mcoop.com/warai/,日枝字海老島63番5,0235-33-8931,厚生労働省オープンデータ,https://www.mhlw.go.jp/content/12300000/jigyosho_320.csv,2025-12末,https://www.google.com/search?q=%E3%82%B0%E3%83%AB%E3%83%BC%E3%83%97%E3%83%9B%E3%83%BC%E3%83%A0%E5%92%8C%E6%A5%BD%E5%B1%85%20%E9%B6%B4%E5%B2%A1%E5%B8%82
グループホームひだまりの家,グループホーム,山形県,鶴岡市,"介護,グループホーム,認知症",認知症のある方が少人数で生活する施設です。要支援・要介護度や地域要件を確認します。,http://www.mituwakai.com,山形県鶴岡市茅原町27－1,0235-25-5502,厚生労働省オープンデータ,https://www.mhlw.go.jp/content/12300000/jigyosho_320.csv,2025-12末,https://www.google.com/search?q=%E3%82%B0%E3%83%AB%E3%83%BC%E3%83%97%E3%83%9B%E3%83%BC%E3%83%A0%E3%81%B2%E3%81%A0%E3%81%BE%E3%82%8A%E3%81%AE%E5%AE%B6%20%E9%B6%B4%E5%B2%A1%E5%B8%82
グループホームそよ風の森,グループホーム,山形県,鶴岡市,"介護,グループホーム,認知症",認知症のある方が少人数で生活する施設です。要支援・要介護度や地域要件を確認します。,https://care-net.biz/06/soyokazenomori/,山形県鶴岡市下川字龍花崎41番1035号,0235-68-5860,厚生労働省オープンデータ,https://www.mhlw.go.jp/content/12300000/jigyosho_320.csv,2025-12末,https://www.google.com/search?q=%E3%82%B0%E3%83%AB%E3%83%BC%E3%83%97%E3%83%9B%E3%83%BC%E3%83%A0%E3%81%9D%E3%82%88%E9%A2%A8%E3%81%AE%E6%A3%AE%20%E9%B6%B4%E5%B2%A1%E5%B8%82
グループホーム愛あい館,グループホーム,山形県,鶴岡市,"介護,グループホーム,認知症",認知症のある方が少人数で生活する施設です。要支援・要介護度や地域要件を確認します。,https://ja-tsuruoka.or.jp/office/syousai_aiaikan/,鶴岡市大山字中道92-2,0235-64-0605,厚生労働省オープンデータ,https://www.mhlw.go.jp/content/12300000/jigyosho_320.csv,2025-12末,https://www.google.com/search?q=%E3%82%B0%E3%83%AB%E3%83%BC%E3%83%97%E3%83%9B%E3%83%BC%E3%83%A0%E6%84%9B%E3%81%82%E3%81%84%E9%A4%A8%20%E9%B6%B4%E5%B2%A1%E5%B8%82
グループホームひまわり,グループホーム,山形県,鶴岡市,"介護,グループホーム,認知症",認知症のある方が少人数で生活する施設です。要支援・要介護度や地域要件を確認します。,https://www.himawari-s.co.jp,山形県鶴岡市稲生一丁目3番5号,0235-25-5145,厚生労働省オープンデータ,https://www.mhlw.go.jp/content/12300000/jigyosho_320.csv,2025-12末,https://www.google.com/search?q=%E3%82%B0%E3%83%AB%E3%83%BC%E3%83%97%E3%83%9B%E3%83%BC%E3%83%A0%E3%81%B2%E3%81%BE%E3%82%8F%E3%82%8A%20%E9%B6%B4%E5%B2%A1%E5%B8%82
グループホーム　はぐろの里,グループホーム,山形県,鶴岡市,"介護,グループホーム,認知症",認知症のある方が少人数で生活する施設です。要支援・要介護度や地域要件を確認します。,https://www.google.com/search?q=%E3%82%B0%E3%83%AB%E3%83%BC%E3%83%97%E3%83%9B%E3%83%BC%E3%83%A0%E3%80%80%E3%81%AF%E3%81%90%E3%82%8D%E3%81%AE%E9%87%8C%20%E9%B6%B4%E5%B2%A1%E5%B8%82,山形県鶴岡市羽黒町荒川字谷地堰42番地1,0235-26-0120,厚生労働省オープンデータ,https://www.mhlw.go.jp/content/12300000/jigyosho_320.csv,2025-12末,https://www.google.com/search?q=%E3%82%B0%E3%83%AB%E3%83%BC%E3%83%97%E3%83%9B%E3%83%BC%E3%83%A0%E3%80%80%E3%81%AF%E3%81%90%E3%82%8D%E3%81%AE%E9%87%8C%20%E9%B6%B4%E5%B2%A1%E5%B8%82
グループホーム　なでしこ,グループホーム,山形県,鶴岡市,"介護,グループホーム,認知症",認知症のある方が少人数で生活する施設です。要支援・要介護度や地域要件を確認します。,http://kisuke7778.co.jp/,鶴岡市斎藤川原字間々下３５,0235-25-5613,厚生労働省オープンデータ,https://www.mhlw.go.jp/content/12300000/jigyosho_320.csv,2025-12末,https://www.google.com/search?q=%E3%82%B0%E3%83%AB%E3%83%BC%E3%83%97%E3%83%9B%E3%83%BC%E3%83%A0%E3%80%80%E3%81%AA%E3%81%A7%E3%81%97%E3%81%93%20%E9%B6%B4%E5%B2%A1%E5%B8%82
グループホームなずな,グループホーム,山形県,鶴岡市,"介護,グループホーム,認知症",認知症のある方が少人数で生活する施設です。要支援・要介護度や地域要件を確認します。,http://kisuke7778.co.jp/,鶴岡市神明町15-15,0235-64-1303,厚生労働省オープンデータ,https://www.mhlw.go.jp/content/12300000/jigyosho_320.csv,2025-12末,https://www.google.com/search?q=%E3%82%B0%E3%83%AB%E3%83%BC%E3%83%97%E3%83%9B%E3%83%BC%E3%83%A0%E3%81%AA%E3%81%9A%E3%81%AA%20%E9%B6%B4%E5%B2%A1%E5%B8%82
グループホームなな草,グループホーム,山形県,鶴岡市,"介護,グループホーム,認知症",認知症のある方が少人数で生活する施設です。要支援・要介護度や地域要件を確認します。,http://kisuke7778.co.jp/,山形県鶴岡市外内島字石名田82-23,0235-26-0558,厚生労働省オープンデータ,https://www.mhlw.go.jp/content/12300000/jigyosho_320.csv,2025-12末,https://www.google.com/search?q=%E3%82%B0%E3%83%AB%E3%83%BC%E3%83%97%E3%83%9B%E3%83%BC%E3%83%A0%E3%81%AA%E3%81%AA%E8%8D%89%20%E9%B6%B4%E5%B2%A1%E5%B8%82
グループホームふじの花荘,グループホーム,山形県,鶴岡市,"介護,グループホーム,認知症",認知症のある方が少人数で生活する施設です。要支援・要介護度や地域要件を確認します。,http://www.fujino-sato.or.jp,山形県鶴岡市藤の花１丁目18－1,0235-64-5880,厚生労働省オープンデータ,https://www.mhlw.go.jp/content/12300000/jigyosho_320.csv,2025-12末,https://www.google.com/search?q=%E3%82%B0%E3%83%AB%E3%83%BC%E3%83%97%E3%83%9B%E3%83%BC%E3%83%A0%E3%81%B5%E3%81%98%E3%81%AE%E8%8A%B1%E8%8D%98%20%E9%B6%B4%E5%B2%A1%E5%B8%82
グループホームかけはし南館,グループホーム,山形県,鶴岡市,"介護,グループホーム,認知症",認知症のある方が少人数で生活する施設です。要支援・要介護度や地域要件を確認します。,https://niji-kakehashi.or.jp,山形県鶴岡市民田字船附193,0235-25-1131,厚生労働省オープンデータ,https://www.mhlw.go.jp/content/12300000/jigyosho_320.csv,2025-12末,https://www.google.com/search?q=%E3%82%B0%E3%83%AB%E3%83%BC%E3%83%97%E3%83%9B%E3%83%BC%E3%83%A0%E3%81%8B%E3%81%91%E3%81%AF%E3%81%97%E5%8D%97%E9%A4%A8%20%E9%B6%B4%E5%B2%A1%E5%B8%82
グループホームかけはし,グループホーム,山形県,鶴岡市,"介護,グループホーム,認知症",認知症のある方が少人数で生活する施設です。要支援・要介護度や地域要件を確認します。,https://niji-kakehashi.or.jp/,鶴岡市民田字代家田１００－１,0235-25-1131,厚生労働省オープンデータ,https://www.mhlw.go.jp/content/12300000/jigyosho_320.csv,2025-12末,https://www.google.com/search?q=%E3%82%B0%E3%83%AB%E3%83%BC%E3%83%97%E3%83%9B%E3%83%BC%E3%83%A0%E3%81%8B%E3%81%91%E3%81%AF%E3%81%97%20%E9%B6%B4%E5%B2%A1%E5%B8%82
グループホームはちもり,グループホーム,山形県,鶴岡市,"介護,グループホーム,認知症",認知症のある方が少人数で生活する施設です。要支援・要介護度や地域要件を確認します。,http://www.shk01.jp/,山形県鶴岡市三瀬字菖蒲田64番2,0235-64-0122,厚生労働省オープンデータ,https://www.mhlw.go.jp/content/12300000/jigyosho_320.csv,2025-12末,https://www.google.com/search?q=%E3%82%B0%E3%83%AB%E3%83%BC%E3%83%97%E3%83%9B%E3%83%BC%E3%83%A0%E3%81%AF%E3%81%A1%E3%82%82%E3%82%8A%20%E9%B6%B4%E5%B2%A1%E5%B8%82
認知症高齢者グループホームなごみ,グループホーム,山形県,鶴岡市,"介護,グループホーム,認知症",認知症のある方が少人数で生活する施設です。要支援・要介護度や地域要件を確認します。,https://npo-daichi.sakura/ne/jp,山形県鶴岡市羽黒町赤川字熊坂47番３,0235-62-4331,厚生労働省オープンデータ,https://www.mhlw.go.jp/content/12300000/jigyosho_320.csv,2025-12末,https://www.google.com/search?q=%E8%AA%8D%E7%9F%A5%E7%97%87%E9%AB%98%E9%BD%A2%E8%80%85%E3%82%B0%E3%83%AB%E3%83%BC%E3%83%97%E3%83%9B%E3%83%BC%E3%83%A0%E3%81%AA%E3%81%94%E3%81%BF%20%E9%B6%B4%E5%B2%A1%E5%B8%82
グループホームなごみ２号館,グループホーム,山形県,鶴岡市,"介護,グループホーム,認知症",認知症のある方が少人数で生活する施設です。要支援・要介護度や地域要件を確認します。,http://www7.plala.or.jp/npo-daichi/,山形県鶴岡市羽黒町三ツ橋字向田46番３,0235-62-4881,厚生労働省オープンデータ,https://www.mhlw.go.jp/content/12300000/jigyosho_320.csv,2025-12末,https://www.google.com/search?q=%E3%82%B0%E3%83%AB%E3%83%BC%E3%83%97%E3%83%9B%E3%83%BC%E3%83%A0%E3%81%AA%E3%81%94%E3%81%BF%EF%BC%92%E5%8F%B7%E9%A4%A8%20%E9%B6%B4%E5%B2%A1%E5%B8%82
グループホームライフケア黒森,グループホーム,山形県,酒田市,"介護,グループホーム,認知症",認知症のある方が少人数で生活する施設です。要支援・要介護度や地域要件を確認します。,http://syokaku-lc.com/,山形県酒田市黒森字葭葉山54番１０,０２３４－９２－３３７２,厚生労働省オープンデータ,https://www.mhlw.go.jp/content/12300000/jigyosho_320.csv,2025-12末,https://www.google.com/search?q=%E3%82%B0%E3%83%AB%E3%83%BC%E3%83%97%E3%83%9B%E3%83%BC%E3%83%A0%E3%83%A9%E3%82%A4%E3%83%95%E3%82%B1%E3%82%A2%E9%BB%92%E6%A3%AE%20%E9%85%92%E7%94%B0%E5%B8%82
グループホーム　結ぶ,グループホーム,山形県,酒田市,"介護,グループホーム,認知症",認知症のある方が少人数で生活する施設です。要支援・要介護度や地域要件を確認します。,http://midorinet.or.jp,山形県酒田市熊手島字道の下熊興屋17番1,0234-43-6334,厚生労働省オープンデータ,https://www.mhlw.go.jp/content/12300000/jigyosho_320.csv,2025-12末,https://www.google.com/search?q=%E3%82%B0%E3%83%AB%E3%83%BC%E3%83%97%E3%83%9B%E3%83%BC%E3%83%A0%E3%80%80%E7%B5%90%E3%81%B6%20%E9%85%92%E7%94%B0%E5%B8%82
グループホーム　結い,グループホーム,山形県,酒田市,"介護,グループホーム,認知症",認知症のある方が少人数で生活する施設です。要支援・要介護度や地域要件を確認します。,http://midorinet.or.jp,山形県酒田市千日町4-4,0234-33-2255,厚生労働省オープンデータ,https://www.mhlw.go.jp/content/12300000/jigyosho_320.csv,2025-12末,https://www.google.com/search?q=%E3%82%B0%E3%83%AB%E3%83%BC%E3%83%97%E3%83%9B%E3%83%BC%E3%83%A0%E3%80%80%E7%B5%90%E3%81%84%20%E9%85%92%E7%94%B0%E5%B8%82
グループホーム　こうらく,グループホーム,山形県,酒田市,"介護,グループホーム,認知症",認知症のある方が少人数で生活する施設です。要支援・要介護度や地域要件を確認します。,http://www.kourakusou.or.jp,山形県酒田市小泉字前田44番地グループホームこうらく,0234-64-3704,厚生労働省オープンデータ,https://www.mhlw.go.jp/content/12300000/jigyosho_320.csv,2025-12末,https://www.google.com/search?q=%E3%82%B0%E3%83%AB%E3%83%BC%E3%83%97%E3%83%9B%E3%83%BC%E3%83%A0%E3%80%80%E3%81%93%E3%81%86%E3%82%89%E3%81%8F%20%E9%85%92%E7%94%B0%E5%B8%82
グループホームはまゆう,グループホーム,山形県,酒田市,"介護,グループホーム,認知症",認知症のある方が少人数で生活する施設です。要支援・要介護度や地域要件を確認します。,http://www.koufukai.or.jp,山形県酒田市宮野浦３丁目２０－１,0234-31-4466,厚生労働省オープンデータ,https://www.mhlw.go.jp/content/12300000/jigyosho_320.csv,2025-12末,https://www.google.com/search?q=%E3%82%B0%E3%83%AB%E3%83%BC%E3%83%97%E3%83%9B%E3%83%BC%E3%83%A0%E3%81%AF%E3%81%BE%E3%82%86%E3%81%86%20%E9%85%92%E7%94%B0%E5%B8%82
グループホーム　まいづる,グループホーム,山形県,酒田市,"介護,グループホーム,認知症",認知症のある方が少人数で生活する施設です。要支援・要介護度や地域要件を確認します。,http://www.lifenet-syonai.co.jp/publics/index/20/,山形県酒田市麓字横道10-8,0234-25-0525,厚生労働省オープンデータ,https://www.mhlw.go.jp/content/12300000/jigyosho_320.csv,2025-12末,https://www.google.com/search?q=%E3%82%B0%E3%83%AB%E3%83%BC%E3%83%97%E3%83%9B%E3%83%BC%E3%83%A0%E3%80%80%E3%81%BE%E3%81%84%E3%81%A5%E3%82%8B%20%E9%85%92%E7%94%B0%E5%B8%82
グループホーム眺海,グループホーム,山形県,酒田市,"介護,グループホーム,認知症",認知症のある方が少人数で生活する施設です。要支援・要介護度や地域要件を確認します。,http://www.kashink.jp,酒田市山寺字宅地１５９番地,0234-62-2730,厚生労働省オープンデータ,https://www.mhlw.go.jp/content/12300000/jigyosho_320.csv,2025-12末,https://www.google.com/search?q=%E3%82%B0%E3%83%AB%E3%83%BC%E3%83%97%E3%83%9B%E3%83%BC%E3%83%A0%E7%9C%BA%E6%B5%B7%20%E9%85%92%E7%94%B0%E5%B8%82
グループホームふれんど,グループホーム,山形県,酒田市,"介護,グループホーム,認知症",認知症のある方が少人数で生活する施設です。要支援・要介護度や地域要件を確認します。,https://www.google.com/search?q=%E3%82%B0%E3%83%AB%E3%83%BC%E3%83%97%E3%83%9B%E3%83%BC%E3%83%A0%E3%81%B5%E3%82%8C%E3%82%93%E3%81%A9%20%E9%85%92%E7%94%B0%E5%B8%82,山形県酒田市古湊町9番8号,0234-35-1210,厚生労働省オープンデータ,https://www.mhlw.go.jp/content/12300000/jigyosho_320.csv,2025-12末,https://www.google.com/search?q=%E3%82%B0%E3%83%AB%E3%83%BC%E3%83%97%E3%83%9B%E3%83%BC%E3%83%A0%E3%81%B5%E3%82%8C%E3%82%93%E3%81%A9%20%E9%85%92%E7%94%B0%E5%B8%82
グループホームみどり,グループホーム,山形県,酒田市,"介護,グループホーム,認知症",認知症のある方が少人数で生活する施設です。要支援・要介護度や地域要件を確認します。,http//www.sakura-welfare.jp/,山形県酒田市砂越緑町5-43,0234-61-7551,厚生労働省オープンデータ,https://www.mhlw.go.jp/content/12300000/jigyosho_320.csv,2025-12末,https://www.google.com/search?q=%E3%82%B0%E3%83%AB%E3%83%BC%E3%83%97%E3%83%9B%E3%83%BC%E3%83%A0%E3%81%BF%E3%81%A9%E3%82%8A%20%E9%85%92%E7%94%B0%E5%B8%82
グループホームまつやま,グループホーム,山形県,酒田市,"介護,グループホーム,認知症",認知症のある方が少人数で生活する施設です。要支援・要介護度や地域要件を確認します。,https://www.google.com/search?q=%E3%82%B0%E3%83%AB%E3%83%BC%E3%83%97%E3%83%9B%E3%83%BC%E3%83%A0%E3%81%BE%E3%81%A4%E3%82%84%E3%81%BE%20%E9%85%92%E7%94%B0%E5%B8%82,山形県酒田市字西田１２－５,0234-61-4088,厚生労働省オープンデータ,https://www.mhlw.go.jp/content/12300000/jigyosho_320.csv,2025-12末,https://www.google.com/search?q=%E3%82%B0%E3%83%AB%E3%83%BC%E3%83%97%E3%83%9B%E3%83%BC%E3%83%A0%E3%81%BE%E3%81%A4%E3%82%84%E3%81%BE%20%E9%85%92%E7%94%B0%E5%B8%82
グループホーム亀ヶ崎,グループホーム,山形県,酒田市,"介護,グループホーム,認知症",認知症のある方が少人数で生活する施設です。要支援・要介護度や地域要件を確認します。,http://www.sakura-welfare.jp,山形県酒田市亀ヶ崎4丁目1番14号,0234-21-0880,厚生労働省オープンデータ,https://www.mhlw.go.jp/content/12300000/jigyosho_320.csv,2025-12末,https://www.google.com/search?q=%E3%82%B0%E3%83%AB%E3%83%BC%E3%83%97%E3%83%9B%E3%83%BC%E3%83%A0%E4%BA%80%E3%83%B6%E5%B4%8E%20%E9%85%92%E7%94%B0%E5%B8%82
認知症対応型グループホーム　「ほなみ」,グループホーム,山形県,酒田市,"介護,グループホーム,認知症",認知症のある方が少人数で生活する施設です。要支援・要介護度や地域要件を確認します。,http://www.kouyuu-kai.or.jp/,山形県酒田市本楯字前田127-2,0234-91-7123,厚生労働省オープンデータ,https://www.mhlw.go.jp/content/12300000/jigyosho_320.csv,2025-12末,https://www.google.com/search?q=%E8%AA%8D%E7%9F%A5%E7%97%87%E5%AF%BE%E5%BF%9C%E5%9E%8B%E3%82%B0%E3%83%AB%E3%83%BC%E3%83%97%E3%83%9B%E3%83%BC%E3%83%A0%E3%80%80%E3%80%8C%E3%81%BB%E3%81%AA%E3%81%BF%E3%80%8D%20%E9%85%92%E7%94%B0%E5%B8%82
グループホームサン・シティ,グループホーム,山形県,酒田市,"介護,グループホーム,認知症",認知症のある方が少人数で生活する施設です。要支援・要介護度や地域要件を確認します。,http://www.fuku-yuwakai.jp,山形県酒田市曙町二丁目２８－５,０２３４－２６－７８１０,厚生労働省オープンデータ,https://www.mhlw.go.jp/content/12300000/jigyosho_320.csv,2025-12末,https://www.google.com/search?q=%E3%82%B0%E3%83%AB%E3%83%BC%E3%83%97%E3%83%9B%E3%83%BC%E3%83%A0%E3%82%B5%E3%83%B3%E3%83%BB%E3%82%B7%E3%83%86%E3%82%A3%20%E9%85%92%E7%94%B0%E5%B8%82
グループホーム　明日葉,グループホーム,山形県,酒田市,"介護,グループホーム,認知症",認知症のある方が少人数で生活する施設です。要支援・要介護度や地域要件を確認します。,https://www.satsuki-ashitaba.jp,酒田市曙町２－２４－２,0234-26-7173,厚生労働省オープンデータ,https://www.mhlw.go.jp/content/12300000/jigyosho_320.csv,2025-12末,https://www.google.com/search?q=%E3%82%B0%E3%83%AB%E3%83%BC%E3%83%97%E3%83%9B%E3%83%BC%E3%83%A0%E3%80%80%E6%98%8E%E6%97%A5%E8%91%89%20%E9%85%92%E7%94%B0%E5%B8%82
グループホームひより,グループホーム,山形県,酒田市,"介護,グループホーム,認知症",認知症のある方が少人数で生活する施設です。要支援・要介護度や地域要件を確認します。,http://www.npo-arata.com/,山形県酒田市京田二丁目69-7,0234-25-8380,厚生労働省オープンデータ,https://www.mhlw.go.jp/content/12300000/jigyosho_320.csv,2025-12末,https://www.google.com/search?q=%E3%82%B0%E3%83%AB%E3%83%BC%E3%83%97%E3%83%9B%E3%83%BC%E3%83%A0%E3%81%B2%E3%82%88%E3%82%8A%20%E9%85%92%E7%94%B0%E5%B8%82
グループホーㇺ　あらた,グループホーム,山形県,酒田市,"介護,グループホーム,認知症",認知症のある方が少人数で生活する施設です。要支援・要介護度や地域要件を確認します。,http://www.npo-arata.com,山形県酒田市東町一丁目15番地の25,0234-25-8380,厚生労働省オープンデータ,https://www.mhlw.go.jp/content/12300000/jigyosho_320.csv,2025-12末,https://www.google.com/search?q=%E3%82%B0%E3%83%AB%E3%83%BC%E3%83%97%E3%83%9B%E3%83%BC%E3%87%BA%E3%80%80%E3%81%82%E3%82%89%E3%81%9F%20%E9%85%92%E7%94%B0%E5%B8%82
グループホーム大手町　和心,グループホーム,山形県,新庄市,"介護,グループホーム,認知症",認知症のある方が少人数で生活する施設です。要支援・要介護度や地域要件を確認します。,http://www.ootemachi.jp/,新庄市大手町１－２５,0233-32-0866,厚生労働省オープンデータ,https://www.mhlw.go.jp/content/12300000/jigyosho_320.csv,2025-12末,https://www.google.com/search?q=%E3%82%B0%E3%83%AB%E3%83%BC%E3%83%97%E3%83%9B%E3%83%BC%E3%83%A0%E5%A4%A7%E6%89%8B%E7%94%BA%E3%80%80%E5%92%8C%E5%BF%83%20%E6%96%B0%E5%BA%84%E5%B8%82
グループホーム大手町,グループホーム,山形県,新庄市,"介護,グループホーム,認知症",認知症のある方が少人数で生活する施設です。要支援・要介護度や地域要件を確認します。,http://www.ootemachi.jp,新庄市大手町2番８３号,0233-23-8080,厚生労働省オープンデータ,https://www.mhlw.go.jp/content/12300000/jigyosho_320.csv,2025-12末,https://www.google.com/search?q=%E3%82%B0%E3%83%AB%E3%83%BC%E3%83%97%E3%83%9B%E3%83%BC%E3%83%A0%E5%A4%A7%E6%89%8B%E7%94%BA%20%E6%96%B0%E5%BA%84%E5%B8%82
認知症対応型共同生活介護　グループホームふきのとう,グループホーム,山形県,新庄市,"介護,グループホーム,認知症",認知症のある方が少人数で生活する施設です。要支援・要介護度や地域要件を確認します。,http://care-net.co.jp/,山形県新庄市大字鳥越字駒場４５１９－２,0233-28-0771,厚生労働省オープンデータ,https://www.mhlw.go.jp/content/12300000/jigyosho_320.csv,2025-12末,https://www.google.com/search?q=%E8%AA%8D%E7%9F%A5%E7%97%87%E5%AF%BE%E5%BF%9C%E5%9E%8B%E5%85%B1%E5%90%8C%E7%94%9F%E6%B4%BB%E4%BB%8B%E8%AD%B7%E3%80%80%E3%82%B0%E3%83%AB%E3%83%BC%E3%83%97%E3%83%9B%E3%83%BC%E3%83%A0%E3%81%B5%E3%81%8D%E3%81%AE%E3%81%A8%E3%81%86%20%E6%96%B0%E5%BA%84%E5%B8%82
寒河江やすらぎの里　認知症高齢者グループホーム,グループホーム,山形県,寒河江市,"介護,グループホーム,認知症",認知症のある方が少人数で生活する施設です。要支援・要介護度や地域要件を確認します。,http://care-net.biz/06/s-yasuragi/,山形県寒河江市本楯二丁目24番地1,0237-83-0596,厚生労働省オープンデータ,https://www.mhlw.go.jp/content/12300000/jigyosho_320.csv,2025-12末,https://www.google.com/search?q=%E5%AF%92%E6%B2%B3%E6%B1%9F%E3%82%84%E3%81%99%E3%82%89%E3%81%8E%E3%81%AE%E9%87%8C%E3%80%80%E8%AA%8D%E7%9F%A5%E7%97%87%E9%AB%98%E9%BD%A2%E8%80%85%E3%82%B0%E3%83%AB%E3%83%BC%E3%83%97%E3%83%9B%E3%83%BC%E3%83%A0%20%E5%AF%92%E6%B2%B3%E6%B1%9F%E5%B8%82
グループホームつばさ栄町,グループホーム,山形県,寒河江市,"介護,グループホーム,認知症",認知症のある方が少人数で生活する施設です。要支援・要介護度や地域要件を確認します。,http://www.tbasa.co.jp,山形県寒河江市大字寒河江字横道13-2,0237-85-1725,厚生労働省オープンデータ,https://www.mhlw.go.jp/content/12300000/jigyosho_320.csv,2025-12末,https://www.google.com/search?q=%E3%82%B0%E3%83%AB%E3%83%BC%E3%83%97%E3%83%9B%E3%83%BC%E3%83%A0%E3%81%A4%E3%81%B0%E3%81%95%E6%A0%84%E7%94%BA%20%E5%AF%92%E6%B2%B3%E6%B1%9F%E5%B8%82
グループホームあしたば,グループホーム,山形県,寒河江市,"介護,グループホーム,認知症",認知症のある方が少人数で生活する施設です。要支援・要介護度や地域要件を確認します。,https://www.google.com/search?q=%E3%82%B0%E3%83%AB%E3%83%BC%E3%83%97%E3%83%9B%E3%83%BC%E3%83%A0%E3%81%82%E3%81%97%E3%81%9F%E3%81%B0%20%E5%AF%92%E6%B2%B3%E6%B1%9F%E5%B8%82,山形県寒河江市大字西根字石川西２９４－３,0237-83-1622,厚生労働省オープンデータ,https://www.mhlw.go.jp/content/12300000/jigyosho_320.csv,2025-12末,https://www.google.com/search?q=%E3%82%B0%E3%83%AB%E3%83%BC%E3%83%97%E3%83%9B%E3%83%BC%E3%83%A0%E3%81%82%E3%81%97%E3%81%9F%E3%81%B0%20%E5%AF%92%E6%B2%B3%E6%B1%9F%E5%B8%82
フラワーさがえ,グループホーム,山形県,寒河江市,"介護,グループホーム,認知症",認知症のある方が少人数で生活する施設です。要支援・要介護度や地域要件を確認します。,https://www.google.com/search?q=%E3%83%95%E3%83%A9%E3%83%AF%E3%83%BC%E3%81%95%E3%81%8C%E3%81%88%20%E5%AF%92%E6%B2%B3%E6%B1%9F%E5%B8%82,山形県寒河江市大字寒河江字小和田41-5,0237-83-1022,厚生労働省オープンデータ,https://www.mhlw.go.jp/content/12300000/jigyosho_320.csv,2025-12末,https://www.google.com/search?q=%E3%83%95%E3%83%A9%E3%83%AF%E3%83%BC%E3%81%95%E3%81%8C%E3%81%88%20%E5%AF%92%E6%B2%B3%E6%B1%9F%E5%B8%82
グループホーム　スマイルしばはし,グループホーム,山形県,寒河江市,"介護,グループホーム,認知症",認知症のある方が少人数で生活する施設です。要支援・要介護度や地域要件を確認します。,https://www.smile-care.co.jp/shibahashi/,大字柴橋1634番地の6,0237-85-4884,厚生労働省オープンデータ,https://www.mhlw.go.jp/content/12300000/jigyosho_320.csv,2025-12末,https://www.google.com/search?q=%E3%82%B0%E3%83%AB%E3%83%BC%E3%83%97%E3%83%9B%E3%83%BC%E3%83%A0%E3%80%80%E3%82%B9%E3%83%9E%E3%82%A4%E3%83%AB%E3%81%97%E3%81%B0%E3%81%AF%E3%81%97%20%E5%AF%92%E6%B2%B3%E6%B1%9F%E5%B8%82
グループホーム笑顔,グループホーム,山形県,上山市,"介護,グループホーム,認知症",認知症のある方が少人数で生活する施設です。要支援・要介護度や地域要件を確認します。,http://www.miyuki.or.jp,山形県上山市弁天二丁目2番45号,023-672-8510,厚生労働省オープンデータ,https://www.mhlw.go.jp/content/12300000/jigyosho_320.csv,2025-12末,https://www.google.com/search?q=%E3%82%B0%E3%83%AB%E3%83%BC%E3%83%97%E3%83%9B%E3%83%BC%E3%83%A0%E7%AC%91%E9%A1%94%20%E4%B8%8A%E5%B1%B1%E5%B8%82
グループホームみずほ,グループホーム,山形県,上山市,"介護,グループホーム,認知症",認知症のある方が少人数で生活する施設です。要支援・要介護度や地域要件を確認します。,https://miyuki-fukushi.jp,山形県上山市牧野字妻神１６１５,023-677-2122,厚生労働省オープンデータ,https://www.mhlw.go.jp/content/12300000/jigyosho_320.csv,2025-12末,https://www.google.com/search?q=%E3%82%B0%E3%83%AB%E3%83%BC%E3%83%97%E3%83%9B%E3%83%BC%E3%83%A0%E3%81%BF%E3%81%9A%E3%81%BB%20%E4%B8%8A%E5%B1%B1%E5%B8%82
グループホームながすず,グループホーム,山形県,上山市,"介護,グループホーム,認知症",認知症のある方が少人数で生活する施設です。要支援・要介護度や地域要件を確認します。,https://miyuki-fukushi.jp,山形県上山市長清水二丁目５番１９号,０２３－６６６－７７８０,厚生労働省オープンデータ,https://www.mhlw.go.jp/content/12300000/jigyosho_320.csv,2025-12末,https://www.google.com/search?q=%E3%82%B0%E3%83%AB%E3%83%BC%E3%83%97%E3%83%9B%E3%83%BC%E3%83%A0%E3%81%AA%E3%81%8C%E3%81%99%E3%81%9A%20%E4%B8%8A%E5%B1%B1%E5%B8%82
グループホーム　美咲の木,グループホーム,山形県,上山市,"介護,グループホーム,認知症",認知症のある方が少人数で生活する施設です。要支援・要介護度や地域要件を確認します。,https://www.google.com/search?q=%E3%82%B0%E3%83%AB%E3%83%BC%E3%83%97%E3%83%9B%E3%83%BC%E3%83%A0%E3%80%80%E7%BE%8E%E5%92%B2%E3%81%AE%E6%9C%A8%20%E4%B8%8A%E5%B1%B1%E5%B8%82,山形県上山市美咲町一丁目2番18号,023-673-7900,厚生労働省オープンデータ,https://www.mhlw.go.jp/content/12300000/jigyosho_320.csv,2025-12末,https://www.google.com/search?q=%E3%82%B0%E3%83%AB%E3%83%BC%E3%83%97%E3%83%9B%E3%83%BC%E3%83%A0%E3%80%80%E7%BE%8E%E5%92%B2%E3%81%AE%E6%9C%A8%20%E4%B8%8A%E5%B1%B1%E5%B8%82
グループホーム村山,グループホーム,山形県,村山市,"介護,グループホーム,認知症",認知症のある方が少人数で生活する施設です。要支援・要介護度や地域要件を確認します。,https://www.google.com/search?q=%E3%82%B0%E3%83%AB%E3%83%BC%E3%83%97%E3%83%9B%E3%83%BC%E3%83%A0%E6%9D%91%E5%B1%B1%20%E6%9D%91%E5%B1%B1%E5%B8%82,山形県村山市大字富並1469-9,0237-52-7033,厚生労働省オープンデータ,https://www.mhlw.go.jp/content/12300000/jigyosho_320.csv,2025-12末,https://www.google.com/search?q=%E3%82%B0%E3%83%AB%E3%83%BC%E3%83%97%E3%83%9B%E3%83%BC%E3%83%A0%E6%9D%91%E5%B1%B1%20%E6%9D%91%E5%B1%B1%E5%B8%82
グループホーム香紅の里,グループホーム,山形県,村山市,"介護,グループホーム,認知症",認知症のある方が少人数で生活する施設です。要支援・要介護度や地域要件を確認します。,http://www.ryokuaikai.com/,山形県村山市楯岡俵町20番19号,0237-52-1001,厚生労働省オープンデータ,https://www.mhlw.go.jp/content/12300000/jigyosho_320.csv,2025-12末,https://www.google.com/search?q=%E3%82%B0%E3%83%AB%E3%83%BC%E3%83%97%E3%83%9B%E3%83%BC%E3%83%A0%E9%A6%99%E7%B4%85%E3%81%AE%E9%87%8C%20%E6%9D%91%E5%B1%B1%E5%B8%82
グループホームリバーヒル長井,グループホーム,山形県,長井市,"介護,グループホーム,認知症",認知症のある方が少人数で生活する施設です。要支援・要介護度や地域要件を確認します。,https://www.riverhill.jp,山形県長井市寺泉3081-21,0238-84-8550,厚生労働省オープンデータ,https://www.mhlw.go.jp/content/12300000/jigyosho_320.csv,2025-12末,https://www.google.com/search?q=%E3%82%B0%E3%83%AB%E3%83%BC%E3%83%97%E3%83%9B%E3%83%BC%E3%83%A0%E3%83%AA%E3%83%90%E3%83%BC%E3%83%92%E3%83%AB%E9%95%B7%E4%BA%95%20%E9%95%B7%E4%BA%95%E5%B8%82
グループホームリバーヒル長井　館町,グループホーム,山形県,長井市,"介護,グループホーム,認知症",認知症のある方が少人数で生活する施設です。要支援・要介護度や地域要件を確認します。,https://www.riverhill.jp,山形県長井市館町南9-72-10,0238-88-3011・,厚生労働省オープンデータ,https://www.mhlw.go.jp/content/12300000/jigyosho_320.csv,2025-12末,https://www.google.com/search?q=%E3%82%B0%E3%83%AB%E3%83%BC%E3%83%97%E3%83%9B%E3%83%BC%E3%83%A0%E3%83%AA%E3%83%90%E3%83%BC%E3%83%92%E3%83%AB%E9%95%B7%E4%BA%95%E3%80%80%E9%A4%A8%E7%94%BA%20%E9%95%B7%E4%BA%95%E5%B8%82
グループホームすずな,グループホーム,山形県,長井市,"介護,グループホーム,認知症",認知症のある方が少人数で生活する施設です。要支援・要介護度や地域要件を確認します。,https://www.google.com/search?q=%E3%82%B0%E3%83%AB%E3%83%BC%E3%83%97%E3%83%9B%E3%83%BC%E3%83%A0%E3%81%99%E3%81%9A%E3%81%AA%20%E9%95%B7%E4%BA%95%E5%B8%82,山形県長井市寺泉６４１番地,0238-87-0327,厚生労働省オープンデータ,https://www.mhlw.go.jp/content/12300000/jigyosho_320.csv,2025-12末,https://www.google.com/search?q=%E3%82%B0%E3%83%AB%E3%83%BC%E3%83%97%E3%83%9B%E3%83%BC%E3%83%A0%E3%81%99%E3%81%9A%E3%81%AA%20%E9%95%B7%E4%BA%95%E5%B8%82
グループホーム「さくらの家」認知症対応型共同生活介護事業所,グループホーム,山形県,長井市,"介護,グループホーム,認知症",認知症のある方が少人数で生活する施設です。要支援・要介護度や地域要件を確認します。,https://www.google.com/search?q=%E3%82%B0%E3%83%AB%E3%83%BC%E3%83%97%E3%83%9B%E3%83%BC%E3%83%A0%E3%80%8C%E3%81%95%E3%81%8F%E3%82%89%E3%81%AE%E5%AE%B6%E3%80%8D%E8%AA%8D%E7%9F%A5%E7%97%87%E5%AF%BE%E5%BF%9C%E5%9E%8B%E5%85%B1%E5%90%8C%E7%94%9F%E6%B4%BB%E4%BB%8B%E8%AD%B7%E4%BA%8B%E6%A5%AD%E6%89%80%20%E9%95%B7%E4%BA%95%E5%B8%82,長井市平山911番地21,0238-83-3131,厚生労働省オープンデータ,https://www.mhlw.go.jp/content/12300000/jigyosho_320.csv,2025-12末,https://www.google.com/search?q=%E3%82%B0%E3%83%AB%E3%83%BC%E3%83%97%E3%83%9B%E3%83%BC%E3%83%A0%E3%80%8C%E3%81%95%E3%81%8F%E3%82%89%E3%81%AE%E5%AE%B6%E3%80%8D%E8%AA%8D%E7%9F%A5%E7%97%87%E5%AF%BE%E5%BF%9C%E5%9E%8B%E5%85%B1%E5%90%8C%E7%94%9F%E6%B4%BB%E4%BB%8B%E8%AD%B7%E4%BA%8B%E6%A5%AD%E6%89%80%20%E9%95%B7%E4%BA%95%E5%B8%82
グループホーム　風ぐるま,グループホーム,山形県,長井市,"介護,グループホーム,認知症",認知症のある方が少人数で生活する施設です。要支援・要介護度や地域要件を確認します。,curedream.com,山形県長井市今泉2945-3,0238-88-9500,厚生労働省オープンデータ,https://www.mhlw.go.jp/content/12300000/jigyosho_320.csv,2025-12末,https://www.google.com/search?q=%E3%82%B0%E3%83%AB%E3%83%BC%E3%83%97%E3%83%9B%E3%83%BC%E3%83%A0%E3%80%80%E9%A2%A8%E3%81%90%E3%82%8B%E3%81%BE%20%E9%95%B7%E4%BA%95%E5%B8%82
グループホームつるかめ,グループホーム,山形県,天童市,"介護,グループホーム,認知症",認知症のある方が少人数で生活する施設です。要支援・要介護度や地域要件を確認します。,http://care-net.biz/06/turukame/,山形県天童市小関1-2-37,023-665-1330,厚生労働省オープンデータ,https://www.mhlw.go.jp/content/12300000/jigyosho_320.csv,2025-12末,https://www.google.com/search?q=%E3%82%B0%E3%83%AB%E3%83%BC%E3%83%97%E3%83%9B%E3%83%BC%E3%83%A0%E3%81%A4%E3%82%8B%E3%81%8B%E3%82%81%20%E5%A4%A9%E7%AB%A5%E5%B8%82
グループホームつばさ原町,グループホーム,山形県,天童市,"介護,グループホーム,認知症",認知症のある方が少人数で生活する施設です。要支援・要介護度や地域要件を確認します。,http://www.tbasa.co.jp,山形県天童市大字原町145-1,023-665-0852,厚生労働省オープンデータ,https://www.mhlw.go.jp/content/12300000/jigyosho_320.csv,2025-12末,https://www.google.com/search?q=%E3%82%B0%E3%83%AB%E3%83%BC%E3%83%97%E3%83%9B%E3%83%BC%E3%83%A0%E3%81%A4%E3%81%B0%E3%81%95%E5%8E%9F%E7%94%BA%20%E5%A4%A9%E7%AB%A5%E5%B8%82
グループホームきらめきの里,グループホーム,山形県,天童市,"介護,グループホーム,認知症",認知症のある方が少人数で生活する施設です。要支援・要介護度や地域要件を確認します。,http//www.mirai-welfare.jp,山形県天童市大字山口4540番地1,023-665-5806,厚生労働省オープンデータ,https://www.mhlw.go.jp/content/12300000/jigyosho_320.csv,2025-12末,https://www.google.com/search?q=%E3%82%B0%E3%83%AB%E3%83%BC%E3%83%97%E3%83%9B%E3%83%BC%E3%83%A0%E3%81%8D%E3%82%89%E3%82%81%E3%81%8D%E3%81%AE%E9%87%8C%20%E5%A4%A9%E7%AB%A5%E5%B8%82
ラ・フォーレ天童グループホーム,グループホーム,山形県,天童市,"介護,グループホーム,認知症",認知症のある方が少人数で生活する施設です。要支援・要介護度や地域要件を確認します。,http://www.mutsumikai-tendo.or.jp/,山形県天童市大字道満176-1,023-658-8707,厚生労働省オープンデータ,https://www.mhlw.go.jp/content/12300000/jigyosho_320.csv,2025-12末,https://www.google.com/search?q=%E3%83%A9%E3%83%BB%E3%83%95%E3%82%A9%E3%83%BC%E3%83%AC%E5%A4%A9%E7%AB%A5%E3%82%B0%E3%83%AB%E3%83%BC%E3%83%97%E3%83%9B%E3%83%BC%E3%83%A0%20%E5%A4%A9%E7%AB%A5%E5%B8%82
ケアステーション２１清池（グループホーム）,グループホーム,山形県,天童市,"介護,グループホーム,認知症",認知症のある方が少人数で生活する施設です。要支援・要介護度や地域要件を確認します。,http://www.t-fukushi-service.co.jp,天童市大字清池３８－３,023-658-1050,厚生労働省オープンデータ,https://www.mhlw.go.jp/content/12300000/jigyosho_320.csv,2025-12末,https://www.google.com/search?q=%E3%82%B1%E3%82%A2%E3%82%B9%E3%83%86%E3%83%BC%E3%82%B7%E3%83%A7%E3%83%B3%EF%BC%92%EF%BC%91%E6%B8%85%E6%B1%A0%EF%BC%88%E3%82%B0%E3%83%AB%E3%83%BC%E3%83%97%E3%83%9B%E3%83%BC%E3%83%A0%EF%BC%89%20%E5%A4%A9%E7%AB%A5%E5%B8%82
ライフステーション寺津（グループホーム）,グループホーム,山形県,天童市,"介護,グループホーム,認知症",認知症のある方が少人数で生活する施設です。要支援・要介護度や地域要件を確認します。,http://www.t-fukushi-service.co.jp,天童市大字藤内新田字天神塚２０６－４,023-656-9630,厚生労働省オープンデータ,https://www.mhlw.go.jp/content/12300000/jigyosho_320.csv,2025-12末,https://www.google.com/search?q=%E3%83%A9%E3%82%A4%E3%83%95%E3%82%B9%E3%83%86%E3%83%BC%E3%82%B7%E3%83%A7%E3%83%B3%E5%AF%BA%E6%B4%A5%EF%BC%88%E3%82%B0%E3%83%AB%E3%83%BC%E3%83%97%E3%83%9B%E3%83%BC%E3%83%A0%EF%BC%89%20%E5%A4%A9%E7%AB%A5%E5%B8%82
ハートステーション西原（グループホーム）,グループホーム,山形県,天童市,"介護,グループホーム,認知症",認知症のある方が少人数で生活する施設です。要支援・要介護度や地域要件を確認します。,http://www.t-fukushi-service.co.jp,天童市大字乱川１５７９－５３,023-658-8477,厚生労働省オープンデータ,https://www.mhlw.go.jp/content/12300000/jigyosho_320.csv,2025-12末,https://www.google.com/search?q=%E3%83%8F%E3%83%BC%E3%83%88%E3%82%B9%E3%83%86%E3%83%BC%E3%82%B7%E3%83%A7%E3%83%B3%E8%A5%BF%E5%8E%9F%EF%BC%88%E3%82%B0%E3%83%AB%E3%83%BC%E3%83%97%E3%83%9B%E3%83%BC%E3%83%A0%EF%BC%89%20%E5%A4%A9%E7%AB%A5%E5%B8%82
グループホーム鎌田,グループホーム,山形県,天童市,"介護,グループホーム,認知症",認知症のある方が少人数で生活する施設です。要支援・要介護度や地域要件を確認します。,https://www.google.com/search?q=%E3%82%B0%E3%83%AB%E3%83%BC%E3%83%97%E3%83%9B%E3%83%BC%E3%83%A0%E9%8E%8C%E7%94%B0%20%E5%A4%A9%E7%AB%A5%E5%B8%82,山形県天童市鎌田一丁目6番36号,023-674-7770,厚生労働省オープンデータ,https://www.mhlw.go.jp/content/12300000/jigyosho_320.csv,2025-12末,https://www.google.com/search?q=%E3%82%B0%E3%83%AB%E3%83%BC%E3%83%97%E3%83%9B%E3%83%BC%E3%83%A0%E9%8E%8C%E7%94%B0%20%E5%A4%A9%E7%AB%A5%E5%B8%82
けあビジョンホーム天童,グループホーム,山形県,天童市,"介護,グループホーム,認知症",認知症のある方が少人数で生活する施設です。要支援・要介護度や地域要件を確認します。,http://www.visualvision.co.jp/care/,山形県天童市老野森3-6-8,023-652-3115,厚生労働省オープンデータ,https://www.mhlw.go.jp/content/12300000/jigyosho_320.csv,2025-12末,https://www.google.com/search?q=%E3%81%91%E3%81%82%E3%83%93%E3%82%B8%E3%83%A7%E3%83%B3%E3%83%9B%E3%83%BC%E3%83%A0%E5%A4%A9%E7%AB%A5%20%E5%A4%A9%E7%AB%A5%E5%B8%82
グループホームとうごう,グループホーム,山形県,東根市,"介護,グループホーム,認知症",認知症のある方が少人数で生活する施設です。要支援・要介護度や地域要件を確認します。,http://www.t-fukushi-service.co.jp,山形県東根市泉郷386-1,0237-41-5022,厚生労働省オープンデータ,https://www.mhlw.go.jp/content/12300000/jigyosho_320.csv,2025-12末,https://www.google.com/search?q=%E3%82%B0%E3%83%AB%E3%83%BC%E3%83%97%E3%83%9B%E3%83%BC%E3%83%A0%E3%81%A8%E3%81%86%E3%81%94%E3%81%86%20%E6%9D%B1%E6%A0%B9%E5%B8%82
ニチイケアセンター神町,グループホーム,山形県,東根市,"介護,グループホーム,認知症",認知症のある方が少人数で生活する施設です。要支援・要介護度や地域要件を確認します。,www.nichiigakkan.co.jp,東根市神町東1丁目16-58,0237-49-2821,厚生労働省オープンデータ,https://www.mhlw.go.jp/content/12300000/jigyosho_320.csv,2025-12末,https://www.google.com/search?q=%E3%83%8B%E3%83%81%E3%82%A4%E3%82%B1%E3%82%A2%E3%82%BB%E3%83%B3%E3%82%BF%E3%83%BC%E7%A5%9E%E7%94%BA%20%E6%9D%B1%E6%A0%B9%E5%B8%82
グループホーム　ソーレ東根,グループホーム,山形県,東根市,"介護,グループホーム,認知症",認知症のある方が少人数で生活する施設です。要支援・要介護度や地域要件を確認します。,ｈｔｔｐ：//ｗｗｗ．ｔａｉｙｏ－ｆｕｋｕｓｈｉｋａｉ．ｊｐ/,山形県東根市温泉町二丁目5-15,0237-43-7727,厚生労働省オープンデータ,https://www.mhlw.go.jp/content/12300000/jigyosho_320.csv,2025-12末,https://www.google.com/search?q=%E3%82%B0%E3%83%AB%E3%83%BC%E3%83%97%E3%83%9B%E3%83%BC%E3%83%A0%E3%80%80%E3%82%BD%E3%83%BC%E3%83%AC%E6%9D%B1%E6%A0%B9%20%E6%9D%B1%E6%A0%B9%E5%B8%82
グループホームさくらんぼ,グループホーム,山形県,東根市,"介護,グループホーム,認知症",認知症のある方が少人数で生活する施設です。要支援・要介護度や地域要件を確認します。,http://kjg-net.jp/,山形県東根市大字野田1924番地,0237-41-2828,厚生労働省オープンデータ,https://www.mhlw.go.jp/content/12300000/jigyosho_320.csv,2025-12末,https://www.google.com/search?q=%E3%82%B0%E3%83%AB%E3%83%BC%E3%83%97%E3%83%9B%E3%83%BC%E3%83%A0%E3%81%95%E3%81%8F%E3%82%89%E3%82%93%E3%81%BC%20%E6%9D%B1%E6%A0%B9%E5%B8%82
ハイマート福原グループホーム,グループホーム,山形県,尾花沢市,"介護,グループホーム,認知症",認知症のある方が少人数で生活する施設です。要支援・要介護度や地域要件を確認します。,"obanazawafukisikai@beach,ocn,ne,jp",山形県尾花沢市大字野黒沢554-35,0237-24-2102,厚生労働省オープンデータ,https://www.mhlw.go.jp/content/12300000/jigyosho_320.csv,2025-12末,https://www.google.com/search?q=%E3%83%8F%E3%82%A4%E3%83%9E%E3%83%BC%E3%83%88%E7%A6%8F%E5%8E%9F%E3%82%B0%E3%83%AB%E3%83%BC%E3%83%97%E3%83%9B%E3%83%BC%E3%83%A0%20%E5%B0%BE%E8%8A%B1%E6%B2%A2%E5%B8%82
グループホームぬくもりの家,グループホーム,山形県,南陽市,"介護,グループホーム,認知症",認知症のある方が少人数で生活する施設です。要支援・要介護度や地域要件を確認します。,http://www.koutoku.or.jp,南陽市椚塚９２９,0238-43-4171,厚生労働省オープンデータ,https://www.mhlw.go.jp/content/12300000/jigyosho_320.csv,2025-12末,https://www.google.com/search?q=%E3%82%B0%E3%83%AB%E3%83%BC%E3%83%97%E3%83%9B%E3%83%BC%E3%83%A0%E3%81%AC%E3%81%8F%E3%82%82%E3%82%8A%E3%81%AE%E5%AE%B6%20%E5%8D%97%E9%99%BD%E5%B8%82
こぶし荘認知症高齢者グループホームこぶしの家,グループホーム,山形県,南陽市,"介護,グループホーム,認知症",認知症のある方が少人数で生活する施設です。要支援・要介護度や地域要件を確認します。,http://www.kobushiso.jp/,山形県南陽市川樋508番地,0238-49-2810,厚生労働省オープンデータ,https://www.mhlw.go.jp/content/12300000/jigyosho_320.csv,2025-12末,https://www.google.com/search?q=%E3%81%93%E3%81%B6%E3%81%97%E8%8D%98%E8%AA%8D%E7%9F%A5%E7%97%87%E9%AB%98%E9%BD%A2%E8%80%85%E3%82%B0%E3%83%AB%E3%83%BC%E3%83%97%E3%83%9B%E3%83%BC%E3%83%A0%E3%81%93%E3%81%B6%E3%81%97%E3%81%AE%E5%AE%B6%20%E5%8D%97%E9%99%BD%E5%B8%82
グループホーム沖郷,グループホーム,山形県,南陽市,"介護,グループホーム,認知症",認知症のある方が少人数で生活する施設です。要支援・要介護度や地域要件を確認します。,https://www.google.com/search?q=%E3%82%B0%E3%83%AB%E3%83%BC%E3%83%97%E3%83%9B%E3%83%BC%E3%83%A0%E6%B2%96%E9%83%B7%20%E5%8D%97%E9%99%BD%E5%B8%82,山形県南陽市若狭郷屋797-3,0238-40-4050,厚生労働省オープンデータ,https://www.mhlw.go.jp/content/12300000/jigyosho_320.csv,2025-12末,https://www.google.com/search?q=%E3%82%B0%E3%83%AB%E3%83%BC%E3%83%97%E3%83%9B%E3%83%BC%E3%83%A0%E6%B2%96%E9%83%B7%20%E5%8D%97%E9%99%BD%E5%B8%82
NPO法人ひのき　ｸﾞﾙｰﾌﾟﾎｰﾑあすなろ南陽,グループホーム,山形県,南陽市,"介護,グループホーム,認知症",認知症のある方が少人数で生活する施設です。要支援・要介護度や地域要件を確認します。,https://www.google.com/search?q=NPO%E6%B3%95%E4%BA%BA%E3%81%B2%E3%81%AE%E3%81%8D%E3%80%80%EF%BD%B8%EF%BE%9E%EF%BE%99%EF%BD%B0%EF%BE%8C%EF%BE%9F%EF%BE%8E%EF%BD%B0%EF%BE%91%E3%81%82%E3%81%99%E3%81%AA%E3%82%8D%E5%8D%97%E9%99%BD%20%E5%8D%97%E9%99%BD%E5%B8%82,山形県南陽市宮内2767-15,0238-59-5320,厚生労働省オープンデータ,https://www.mhlw.go.jp/content/12300000/jigyosho_320.csv,2025-12末,https://www.google.com/search?q=NPO%E6%B3%95%E4%BA%BA%E3%81%B2%E3%81%AE%E3%81%8D%E3%80%80%EF%BD%B8%EF%BE%9E%EF%BE%99%EF%BD%B0%EF%BE%8C%EF%BE%9F%EF%BE%8E%EF%BD%B0%EF%BE%91%E3%81%82%E3%81%99%E3%81%AA%E3%82%8D%E5%8D%97%E9%99%BD%20%E5%8D%97%E9%99%BD%E5%B8%82
NPO法人ひのきグランデージあすなろ川樋,グループホーム,山形県,南陽市,"介護,グループホーム,認知症",認知症のある方が少人数で生活する施設です。要支援・要介護度や地域要件を確認します。,https://www.google.com/search?q=NPO%E6%B3%95%E4%BA%BA%E3%81%B2%E3%81%AE%E3%81%8D%E3%82%B0%E3%83%A9%E3%83%B3%E3%83%87%E3%83%BC%E3%82%B8%E3%81%82%E3%81%99%E3%81%AA%E3%82%8D%E5%B7%9D%E6%A8%8B%20%E5%8D%97%E9%99%BD%E5%B8%82,山形県南陽市新田５７７番地,０２３８－４３－５５６６,厚生労働省オープンデータ,https://www.mhlw.go.jp/content/12300000/jigyosho_320.csv,2025-12末,https://www.google.com/search?q=NPO%E6%B3%95%E4%BA%BA%E3%81%B2%E3%81%AE%E3%81%8D%E3%82%B0%E3%83%A9%E3%83%B3%E3%83%87%E3%83%BC%E3%82%B8%E3%81%82%E3%81%99%E3%81%AA%E3%82%8D%E5%B7%9D%E6%A8%8B%20%E5%8D%97%E9%99%BD%E5%B8%82
グループホームゆらり,グループホーム,山形県,南陽市,"介護,グループホーム,認知症",認知症のある方が少人数で生活する施設です。要支援・要介護度や地域要件を確認します。,http://www.ryokuaikai.com,山形県南陽市椚塚字１８９６－１３,0238-43-8123,厚生労働省オープンデータ,https://www.mhlw.go.jp/content/12300000/jigyosho_320.csv,2025-12末,https://www.google.com/search?q=%E3%82%B0%E3%83%AB%E3%83%BC%E3%83%97%E3%83%9B%E3%83%BC%E3%83%A0%E3%82%86%E3%82%89%E3%82%8A%20%E5%8D%97%E9%99%BD%E5%B8%82
認知症対応型共同生活介護施設　グループホーム桜の里双葉,グループホーム,山形県,南陽市,"介護,グループホーム,認知症",認知症のある方が少人数で生活する施設です。要支援・要介護度や地域要件を確認します。,http://www.futaba-nanyo.or.jp/group-home/,山形県南陽市椚塚1632-19,0238-40-2211,厚生労働省オープンデータ,https://www.mhlw.go.jp/content/12300000/jigyosho_320.csv,2025-12末,https://www.google.com/search?q=%E8%AA%8D%E7%9F%A5%E7%97%87%E5%AF%BE%E5%BF%9C%E5%9E%8B%E5%85%B1%E5%90%8C%E7%94%9F%E6%B4%BB%E4%BB%8B%E8%AD%B7%E6%96%BD%E8%A8%AD%E3%80%80%E3%82%B0%E3%83%AB%E3%83%BC%E3%83%97%E3%83%9B%E3%83%BC%E3%83%A0%E6%A1%9C%E3%81%AE%E9%87%8C%E5%8F%8C%E8%91%89%20%E5%8D%97%E9%99%BD%E5%B8%82
グループホームメルヘン,グループホーム,山形県,山辺町,"介護,グループホーム,認知症",認知症のある方が少人数で生活する施設です。要支援・要介護度や地域要件を確認します。,https://www.google.com/search?q=%E3%82%B0%E3%83%AB%E3%83%BC%E3%83%97%E3%83%9B%E3%83%BC%E3%83%A0%E3%83%A1%E3%83%AB%E3%83%98%E3%83%B3%20%E5%B1%B1%E8%BE%BA%E7%94%BA,東村山郡山辺町大字大寺1132番5,023-667-0850,厚生労働省オープンデータ,https://www.mhlw.go.jp/content/12300000/jigyosho_320.csv,2025-12末,https://www.google.com/search?q=%E3%82%B0%E3%83%AB%E3%83%BC%E3%83%97%E3%83%9B%E3%83%BC%E3%83%A0%E3%83%A1%E3%83%AB%E3%83%98%E3%83%B3%20%E5%B1%B1%E8%BE%BA%E7%94%BA
ライトステーション中山（グループホーム）,グループホーム,山形県,中山町,"介護,グループホーム,認知症",認知症のある方が少人数で生活する施設です。要支援・要介護度や地域要件を確認します。,http://www.t-fukushi-service.co.jp,東村山郡中山町大字土橋２２－１７,023-663-1125,厚生労働省オープンデータ,https://www.mhlw.go.jp/content/12300000/jigyosho_320.csv,2025-12末,https://www.google.com/search?q=%E3%83%A9%E3%82%A4%E3%83%88%E3%82%B9%E3%83%86%E3%83%BC%E3%82%B7%E3%83%A7%E3%83%B3%E4%B8%AD%E5%B1%B1%EF%BC%88%E3%82%B0%E3%83%AB%E3%83%BC%E3%83%97%E3%83%9B%E3%83%BC%E3%83%A0%EF%BC%89%20%E4%B8%AD%E5%B1%B1%E7%94%BA
リーフステーション谷地（グループホーム）,グループホーム,山形県,河北町,"介護,グループホーム,認知症",認知症のある方が少人数で生活する施設です。要支援・要介護度や地域要件を確認します。,http://www.t-fukushi-service.co.jp,山形県西村山郡河北町谷地字砂田115-1,0237-71-1722,厚生労働省オープンデータ,https://www.mhlw.go.jp/content/12300000/jigyosho_320.csv,2025-12末,https://www.google.com/search?q=%E3%83%AA%E3%83%BC%E3%83%95%E3%82%B9%E3%83%86%E3%83%BC%E3%82%B7%E3%83%A7%E3%83%B3%E8%B0%B7%E5%9C%B0%EF%BC%88%E3%82%B0%E3%83%AB%E3%83%BC%E3%83%97%E3%83%9B%E3%83%BC%E3%83%A0%EF%BC%89%20%E6%B2%B3%E5%8C%97%E7%94%BA
グループホームかほく,グループホーム,山形県,河北町,"介護,グループホーム,認知症",認知症のある方が少人数で生活する施設です。要支援・要介護度や地域要件を確認します。,http://www.sakura-welfare.jp,山形県西村山郡河北町谷地字砂田２０７－１,0237-71-1201,厚生労働省オープンデータ,https://www.mhlw.go.jp/content/12300000/jigyosho_320.csv,2025-12末,https://www.google.com/search?q=%E3%82%B0%E3%83%AB%E3%83%BC%E3%83%97%E3%83%9B%E3%83%BC%E3%83%A0%E3%81%8B%E3%81%BB%E3%81%8F%20%E6%B2%B3%E5%8C%97%E7%94%BA
認知症対応型共同生活介護グループホームこころ,グループホーム,山形県,河北町,"介護,グループホーム,認知症",認知症のある方が少人数で生活する施設です。要支援・要介護度や地域要件を確認します。,http://www.miyuki.or.jp/kouju/,山形県西村山郡河北町大字溝延字本丸８－１,0237-73-5853,厚生労働省オープンデータ,https://www.mhlw.go.jp/content/12300000/jigyosho_320.csv,2025-12末,https://www.google.com/search?q=%E8%AA%8D%E7%9F%A5%E7%97%87%E5%AF%BE%E5%BF%9C%E5%9E%8B%E5%85%B1%E5%90%8C%E7%94%9F%E6%B4%BB%E4%BB%8B%E8%AD%B7%E3%82%B0%E3%83%AB%E3%83%BC%E3%83%97%E3%83%9B%E3%83%BC%E3%83%A0%E3%81%93%E3%81%93%E3%82%8D%20%E6%B2%B3%E5%8C%97%E7%94%BA
グループホームあさひ,グループホーム,山形県,朝日町,"介護,グループホーム,認知症",認知症のある方が少人数で生活する施設です。要支援・要介護度や地域要件を確認します。,https://www.grouphome-asahi.jp/,山形県西村山郡朝日町大字宮宿３２０番地の６,0237-67-7766,厚生労働省オープンデータ,https://www.mhlw.go.jp/content/12300000/jigyosho_320.csv,2025-12末,https://www.google.com/search?q=%E3%82%B0%E3%83%AB%E3%83%BC%E3%83%97%E3%83%9B%E3%83%BC%E3%83%A0%E3%81%82%E3%81%95%E3%81%B2%20%E6%9C%9D%E6%97%A5%E7%94%BA
グループホーム大江,グループホーム,山形県,大江町,"介護,グループホーム,認知症",認知症のある方が少人数で生活する施設です。要支援・要介護度や地域要件を確認します。,https://www.google.com/search?q=%E3%82%B0%E3%83%AB%E3%83%BC%E3%83%97%E3%83%9B%E3%83%BC%E3%83%A0%E5%A4%A7%E6%B1%9F%20%E5%A4%A7%E6%B1%9F%E7%94%BA,山形県　西村山郡大江町大字左沢５３６番地の１,0237-62-6615,厚生労働省オープンデータ,https://www.mhlw.go.jp/content/12300000/jigyosho_320.csv,2025-12末,https://www.google.com/search?q=%E3%82%B0%E3%83%AB%E3%83%BC%E3%83%97%E3%83%9B%E3%83%BC%E3%83%A0%E5%A4%A7%E6%B1%9F%20%E5%A4%A7%E6%B1%9F%E7%94%BA
グループホームもも太郎さん（大石田）,グループホーム,山形県,大石田町,"介護,グループホーム,認知症",認知症のある方が少人数で生活する施設です。要支援・要介護度や地域要件を確認します。,http://www.momotarousan.com,山形県北村山郡大石田町桂木町2-3,0237-35-5517,厚生労働省オープンデータ,https://www.mhlw.go.jp/content/12300000/jigyosho_320.csv,2025-12末,https://www.google.com/search?q=%E3%82%B0%E3%83%AB%E3%83%BC%E3%83%97%E3%83%9B%E3%83%BC%E3%83%A0%E3%82%82%E3%82%82%E5%A4%AA%E9%83%8E%E3%81%95%E3%82%93%EF%BC%88%E5%A4%A7%E7%9F%B3%E7%94%B0%EF%BC%89%20%E5%A4%A7%E7%9F%B3%E7%94%B0%E7%94%BA
グループホームやまなみ,グループホーム,山形県,最上町,"介護,グループホーム,認知症",認知症のある方が少人数で生活する施設です。要支援・要介護度や地域要件を確認します。,https://www.google.com/search?q=%E3%82%B0%E3%83%AB%E3%83%BC%E3%83%97%E3%83%9B%E3%83%BC%E3%83%A0%E3%82%84%E3%81%BE%E3%81%AA%E3%81%BF%20%E6%9C%80%E4%B8%8A%E7%94%BA,山形県最上郡最上町向町5-10,0233-43-3606,厚生労働省オープンデータ,https://www.mhlw.go.jp/content/12300000/jigyosho_320.csv,2025-12末,https://www.google.com/search?q=%E3%82%B0%E3%83%AB%E3%83%BC%E3%83%97%E3%83%9B%E3%83%BC%E3%83%A0%E3%82%84%E3%81%BE%E3%81%AA%E3%81%BF%20%E6%9C%80%E4%B8%8A%E7%94%BA
グループホーム紅芭,グループホーム,山形県,戸沢村,"介護,グループホーム,認知症",認知症のある方が少人数で生活する施設です。要支援・要介護度や地域要件を確認します。,https://clelia.co.jp,山形県最上郡戸沢村大字津谷字鞭打野2096-1,0233-72-9339,厚生労働省オープンデータ,https://www.mhlw.go.jp/content/12300000/jigyosho_320.csv,2025-12末,https://www.google.com/search?q=%E3%82%B0%E3%83%AB%E3%83%BC%E3%83%97%E3%83%9B%E3%83%BC%E3%83%A0%E7%B4%85%E8%8A%AD%20%E6%88%B8%E6%B2%A2%E6%9D%91
グループホームもも太郎さん　高畠,グループホーム,山形県,高畠町,"介護,グループホーム,認知症",認知症のある方が少人数で生活する施設です。要支援・要介護度や地域要件を確認します。,http://www.momotarousan.com/,東置賜郡高畠町大字深沼字　191番3,0238-40-0554,厚生労働省オープンデータ,https://www.mhlw.go.jp/content/12300000/jigyosho_320.csv,2025-12末,https://www.google.com/search?q=%E3%82%B0%E3%83%AB%E3%83%BC%E3%83%97%E3%83%9B%E3%83%BC%E3%83%A0%E3%82%82%E3%82%82%E5%A4%AA%E9%83%8E%E3%81%95%E3%82%93%E3%80%80%E9%AB%98%E7%95%A0%20%E9%AB%98%E7%95%A0%E7%94%BA
山形県東置賜郡高畠町大字高畠1181-3,グループホーム,山形県,高畠町,"介護,グループホーム,認知症",認知症のある方が少人数で生活する施設です。要支援・要介護度や地域要件を確認します。,https://www.sawayakaclub.jp,山形県東置賜郡高畠町大字高畠1181-3さわやかグループホームたかはた,0238-51-1165,厚生労働省オープンデータ,https://www.mhlw.go.jp/content/12300000/jigyosho_320.csv,2025-12末,https://www.google.com/search?q=%E5%B1%B1%E5%BD%A2%E7%9C%8C%E6%9D%B1%E7%BD%AE%E8%B3%9C%E9%83%A1%E9%AB%98%E7%95%A0%E7%94%BA%E5%A4%A7%E5%AD%97%E9%AB%98%E7%95%A01181-3%20%E9%AB%98%E7%95%A0%E7%94%BA
グループホーム　はやま荘,グループホーム,山形県,高畠町,"介護,グループホーム,認知症",認知症のある方が少人数で生活する施設です。要支援・要介護度や地域要件を確認します。,https://www.google.com/search?q=%E3%82%B0%E3%83%AB%E3%83%BC%E3%83%97%E3%83%9B%E3%83%BC%E3%83%A0%E3%80%80%E3%81%AF%E3%82%84%E3%81%BE%E8%8D%98%20%E9%AB%98%E7%95%A0%E7%94%BA,山形県東置賜郡高畠町大字高畠５３０－１,0238-52-5451,厚生労働省オープンデータ,https://www.mhlw.go.jp/content/12300000/jigyosho_320.csv,2025-12末,https://www.google.com/search?q=%E3%82%B0%E3%83%AB%E3%83%BC%E3%83%97%E3%83%9B%E3%83%BC%E3%83%A0%E3%80%80%E3%81%AF%E3%82%84%E3%81%BE%E8%8D%98%20%E9%AB%98%E7%95%A0%E7%94%BA
グループホーム　新緑の丘,グループホーム,山形県,川西町,"介護,グループホーム,認知症",認知症のある方が少人数で生活する施設です。要支援・要介護度や地域要件を確認します。,http://sryokuaikai.com/,山形県東置賜郡川西町大字下奥田字穴澤平3796番地65号,0238-54-0083,厚生労働省オープンデータ,https://www.mhlw.go.jp/content/12300000/jigyosho_320.csv,2025-12末,https://www.google.com/search?q=%E3%82%B0%E3%83%AB%E3%83%BC%E3%83%97%E3%83%9B%E3%83%BC%E3%83%A0%E3%80%80%E6%96%B0%E7%B7%91%E3%81%AE%E4%B8%98%20%E5%B7%9D%E8%A5%BF%E7%94%BA
グループホーム　薬師温泉,グループホーム,山形県,川西町,"介護,グループホーム,認知症",認知症のある方が少人数で生活する施設です。要支援・要介護度や地域要件を確認します。,http://yakushi-onsen.com/,山形県東置賜郡川西町西大塚字横道1354-13,0238-46-2255,厚生労働省オープンデータ,https://www.mhlw.go.jp/content/12300000/jigyosho_320.csv,2025-12末,https://www.google.com/search?q=%E3%82%B0%E3%83%AB%E3%83%BC%E3%83%97%E3%83%9B%E3%83%BC%E3%83%A0%E3%80%80%E8%96%AC%E5%B8%AB%E6%B8%A9%E6%B3%89%20%E5%B7%9D%E8%A5%BF%E7%94%BA
グループホーム満天の家,グループホーム,山形県,小国町,"介護,グループホーム,認知症",認知症のある方が少人数で生活する施設です。要支援・要介護度や地域要件を確認します。,http://www.ryokuaikai.com,山形県西置賜郡小国町大字幸町6-1,0238-62-3311,厚生労働省オープンデータ,https://www.mhlw.go.jp/content/12300000/jigyosho_320.csv,2025-12末,https://www.google.com/search?q=%E3%82%B0%E3%83%AB%E3%83%BC%E3%83%97%E3%83%9B%E3%83%BC%E3%83%A0%E6%BA%80%E5%A4%A9%E3%81%AE%E5%AE%B6%20%E5%B0%8F%E5%9B%BD%E7%94%BA
グループホーム　さわやか,グループホーム,山形県,飯豊町,"介護,グループホーム,認知症",認知症のある方が少人数で生活する施設です。要支援・要介護度や地域要件を確認します。,https://www.google.com/search?q=%E3%82%B0%E3%83%AB%E3%83%BC%E3%83%97%E3%83%9B%E3%83%BC%E3%83%A0%E3%80%80%E3%81%95%E3%82%8F%E3%82%84%E3%81%8B%20%E9%A3%AF%E8%B1%8A%E7%94%BA,山形県西置賜郡飯豊町大字萩生4284-3番地,0238-87-0304,厚生労働省オープンデータ,https://www.mhlw.go.jp/content/12300000/jigyosho_320.csv,2025-12末,https://www.google.com/search?q=%E3%82%B0%E3%83%AB%E3%83%BC%E3%83%97%E3%83%9B%E3%83%BC%E3%83%A0%E3%80%80%E3%81%95%E3%82%8F%E3%82%84%E3%81%8B%20%E9%A3%AF%E8%B1%8A%E7%94%BA
グループホームひめさゆり荘2号館,グループホーム,山形県,飯豊町,"介護,グループホーム,認知症",認知症のある方が少人数で生活する施設です。要支援・要介護度や地域要件を確認します。,http://himesayurisou.jp,山形県西置賜郡飯豊町大字椿3642番地,0238-86-2286,厚生労働省オープンデータ,https://www.mhlw.go.jp/content/12300000/jigyosho_320.csv,2025-12末,https://www.google.com/search?q=%E3%82%B0%E3%83%AB%E3%83%BC%E3%83%97%E3%83%9B%E3%83%BC%E3%83%A0%E3%81%B2%E3%82%81%E3%81%95%E3%82%86%E3%82%8A%E8%8D%982%E5%8F%B7%E9%A4%A8%20%E9%A3%AF%E8%B1%8A%E7%94%BA
グループホームひめさゆり荘,グループホーム,山形県,飯豊町,"介護,グループホーム,認知症",認知症のある方が少人数で生活する施設です。要支援・要介護度や地域要件を確認します。,http://himesayurisou.jp,山形県西置賜郡飯豊町大字添川3514番地82,0238-74-2525,厚生労働省オープンデータ,https://www.mhlw.go.jp/content/12300000/jigyosho_320.csv,2025-12末,https://www.google.com/search?q=%E3%82%B0%E3%83%AB%E3%83%BC%E3%83%97%E3%83%9B%E3%83%BC%E3%83%A0%E3%81%B2%E3%82%81%E3%81%95%E3%82%86%E3%82%8A%E8%8D%98%20%E9%A3%AF%E8%B1%8A%E7%94%BA
グループホームのんき,グループホーム,山形県,三川町,"介護,グループホーム,認知症",認知症のある方が少人数で生活する施設です。要支援・要介護度や地域要件を確認します。,https://www.nodoka-nonki.co.jp,山形県東田川郡三川町大字猪子字下堀田230番地１,0235-68-1750,厚生労働省オープンデータ,https://www.mhlw.go.jp/content/12300000/jigyosho_320.csv,2025-12末,https://www.google.com/search?q=%E3%82%B0%E3%83%AB%E3%83%BC%E3%83%97%E3%83%9B%E3%83%BC%E3%83%A0%E3%81%AE%E3%82%93%E3%81%8D%20%E4%B8%89%E5%B7%9D%E7%94%BA
あっとホームのんき,グループホーム,山形県,三川町,"介護,グループホーム,認知症",認知症のある方が少人数で生活する施設です。要支援・要介護度や地域要件を確認します。,https://www.nodoka-nonki.co.jp/,山形県東田川郡三川町大字猪子字大堰端３３６番地,0235-68-1750,厚生労働省オープンデータ,https://www.mhlw.go.jp/content/12300000/jigyosho_320.csv,2025-12末,https://www.google.com/search?q=%E3%81%82%E3%81%A3%E3%81%A8%E3%83%9B%E3%83%BC%E3%83%A0%E3%81%AE%E3%82%93%E3%81%8D%20%E4%B8%89%E5%B7%9D%E7%94%BA
グループホームみかわ,グループホーム,山形県,三川町,"介護,グループホーム,認知症",認知症のある方が少人数で生活する施設です。要支援・要介護度や地域要件を確認します。,https://www.google.com/search?q=%E3%82%B0%E3%83%AB%E3%83%BC%E3%83%97%E3%83%9B%E3%83%BC%E3%83%A0%E3%81%BF%E3%81%8B%E3%82%8F%20%E4%B8%89%E5%B7%9D%E7%94%BA,山形県東田川郡三川町大字青山字筬元22-1,0235-68-1088,厚生労働省オープンデータ,https://www.mhlw.go.jp/content/12300000/jigyosho_320.csv,2025-12末,https://www.google.com/search?q=%E3%82%B0%E3%83%AB%E3%83%BC%E3%83%97%E3%83%9B%E3%83%BC%E3%83%A0%E3%81%BF%E3%81%8B%E3%82%8F%20%E4%B8%89%E5%B7%9D%E7%94%BA
グループホーム　ほなみ家,グループホーム,山形県,庄内町,"介護,グループホーム,認知症",認知症のある方が少人数で生活する施設です。要支援・要介護度や地域要件を確認します。,http://www.lifenet-syonai.co.jp,山形県東田川郡庄内町余目字四ッ興野123,0234-43-0723,厚生労働省オープンデータ,https://www.mhlw.go.jp/content/12300000/jigyosho_320.csv,2025-12末,https://www.google.com/search?q=%E3%82%B0%E3%83%AB%E3%83%BC%E3%83%97%E3%83%9B%E3%83%BC%E3%83%A0%E3%80%80%E3%81%BB%E3%81%AA%E3%81%BF%E5%AE%B6%20%E5%BA%84%E5%86%85%E7%94%BA
グループホームひまわりの丘,グループホーム,山形県,庄内町,"介護,グループホーム,認知症",認知症のある方が少人数で生活する施設です。要支援・要介護度や地域要件を確認します。,http://www.amarume-tokushuen.com,山形県東田川郡庄内町松陽１－１－６,0234-45-1050,厚生労働省オープンデータ,https://www.mhlw.go.jp/content/12300000/jigyosho_320.csv,2025-12末,https://www.google.com/search?q=%E3%82%B0%E3%83%AB%E3%83%BC%E3%83%97%E3%83%9B%E3%83%BC%E3%83%A0%E3%81%B2%E3%81%BE%E3%82%8F%E3%82%8A%E3%81%AE%E4%B8%98%20%E5%BA%84%E5%86%85%E7%94%BA
グループホームやまゆり,グループホーム,山形県,庄内町,"介護,グループホーム,認知症",認知症のある方が少人数で生活する施設です。要支援・要介護度や地域要件を確認します。,http://g-yamayuri.com/,山形県東田川郡庄内町狩川字小縄3-3,0234-51-2580,厚生労働省オープンデータ,https://www.mhlw.go.jp/content/12300000/jigyosho_320.csv,2025-12末,https://www.google.com/search?q=%E3%82%B0%E3%83%AB%E3%83%BC%E3%83%97%E3%83%9B%E3%83%BC%E3%83%A0%E3%82%84%E3%81%BE%E3%82%86%E3%82%8A%20%E5%BA%84%E5%86%85%E7%94%BA
グループホーム　なごやか,グループホーム,山形県,遊佐町,"介護,グループホーム,認知症",認知症のある方が少人数で生活する施設です。要支援・要介護度や地域要件を確認します。,https://www.google.com/search?q=%E3%82%B0%E3%83%AB%E3%83%BC%E3%83%97%E3%83%9B%E3%83%BC%E3%83%A0%E3%80%80%E3%81%AA%E3%81%94%E3%82%84%E3%81%8B%20%E9%81%8A%E4%BD%90%E7%94%BA,山形県飽海郡遊佐町江地字中屋敷田3-7,0234-71-5575,厚生労働省オープンデータ,https://www.mhlw.go.jp/content/12300000/jigyosho_320.csv,2025-12末,https://www.google.com/search?q=%E3%82%B0%E3%83%AB%E3%83%BC%E3%83%97%E3%83%9B%E3%83%BC%E3%83%A0%E3%80%80%E3%81%AA%E3%81%94%E3%82%84%E3%81%8B%20%E9%81%8A%E4%BD%90%E7%94%BA
グループホーム燦燦,グループホーム,山形県,遊佐町,"介護,グループホーム,認知症",認知症のある方が少人数で生活する施設です。要支援・要介護度や地域要件を確認します。,sunsun-yuza@kawamura-33.co.jp,山形県飽海郡遊佐町遊佐字南大坪１２－１,0234-72-5900,厚生労働省オープンデータ,https://www.mhlw.go.jp/content/12300000/jigyosho_320.csv,2025-12末,https://www.google.com/search?q=%E3%82%B0%E3%83%AB%E3%83%BC%E3%83%97%E3%83%9B%E3%83%BC%E3%83%A0%E7%87%A6%E7%87%A6%20%E9%81%8A%E4%BD%90%E7%94%BA
ベル宮町,介護付き有料老人ホーム,山形県,山形市,"介護,介護付き有料老人ホーム,入所",介護付き有料老人ホームの公式オープンデータから取り込んだ候補です。詳細は公式情報・電話・見学で確認してください。,https://bell-is.jp,山形市宮町1-7-18ベル宮町,023-615-3330,厚生労働省オープンデータ,https://www.mhlw.go.jp/content/12300000/jigyosho_331.csv,2025-12末,https://www.google.com/search?q=%E3%83%99%E3%83%AB%E5%AE%AE%E7%94%BA%20%E5%B1%B1%E5%BD%A2%E5%B8%82
ベル北町,介護付き有料老人ホーム,山形県,山形市,"介護,介護付き有料老人ホーム,入所",介護付き有料老人ホームの公式オープンデータから取り込んだ候補です。詳細は公式情報・電話・見学で確認してください。,http://bell-is.jp,山形市北町４－１１－１３,023-682-8675,厚生労働省オープンデータ,https://www.mhlw.go.jp/content/12300000/jigyosho_331.csv,2025-12末,https://www.google.com/search?q=%E3%83%99%E3%83%AB%E5%8C%97%E7%94%BA%20%E5%B1%B1%E5%BD%A2%E5%B8%82
介護付き有料老人ホームこころ,介護付き有料老人ホーム,山形県,山形市,"介護,介護付き有料老人ホーム,入所",介護付き有料老人ホームの公式オープンデータから取り込んだ候補です。詳細は公式情報・電話・見学で確認してください。,https//home.cocolo.biz,山形県山形市桜田南2-24,023-666-6922,厚生労働省オープンデータ,https://www.mhlw.go.jp/content/12300000/jigyosho_331.csv,2025-12末,https://www.google.com/search?q=%E4%BB%8B%E8%AD%B7%E4%BB%98%E3%81%8D%E6%9C%89%E6%96%99%E8%80%81%E4%BA%BA%E3%83%9B%E3%83%BC%E3%83%A0%E3%81%93%E3%81%93%E3%82%8D%20%E5%B1%B1%E5%BD%A2%E5%B8%82
ソーレ吉原,介護付き有料老人ホーム,山形県,山形市,"介護,介護付き有料老人ホーム,入所",介護付き有料老人ホームの公式オープンデータから取り込んだ候補です。詳細は公式情報・電話・見学で確認してください。,https://www.sole.ne.jp,山形市若宮二丁目8-3,023-646-5666,厚生労働省オープンデータ,https://www.mhlw.go.jp/content/12300000/jigyosho_331.csv,2025-12末,https://www.google.com/search?q=%E3%82%BD%E3%83%BC%E3%83%AC%E5%90%89%E5%8E%9F%20%E5%B1%B1%E5%BD%A2%E5%B8%82
ソーレ前田,介護付き有料老人ホーム,山形県,山形市,"介護,介護付き有料老人ホーム,入所",介護付き有料老人ホームの公式オープンデータから取り込んだ候補です。詳細は公式情報・電話・見学で確認してください。,http://www.sole.ne.jp/pg_sl_maeda/pg_sl_maeda.html,山形市前田町１４－５,023-631-1161,厚生労働省オープンデータ,https://www.mhlw.go.jp/content/12300000/jigyosho_331.csv,2025-12末,https://www.google.com/search?q=%E3%82%BD%E3%83%BC%E3%83%AC%E5%89%8D%E7%94%B0%20%E5%B1%B1%E5%BD%A2%E5%B8%82
ソーレ中桜田,介護付き有料老人ホーム,山形県,山形市,"介護,介護付き有料老人ホーム,入所",介護付き有料老人ホームの公式オープンデータから取り込んだ候補です。詳細は公式情報・電話・見学で確認してください。,http://www.sole.ne.jp,山形市中桜田２－１２－７,023-632-5355,厚生労働省オープンデータ,https://www.mhlw.go.jp/content/12300000/jigyosho_331.csv,2025-12末,https://www.google.com/search?q=%E3%82%BD%E3%83%BC%E3%83%AC%E4%B8%AD%E6%A1%9C%E7%94%B0%20%E5%B1%B1%E5%BD%A2%E5%B8%82
介護付有料老人ホーム　フォーリーフ嶋,介護付き有料老人ホーム,山形県,山形市,"介護,介護付き有料老人ホーム,入所",介護付き有料老人ホームの公式オープンデータから取り込んだ候補です。詳細は公式情報・電話・見学で確認してください。,https://www.fourleaf-sima.com,山形県山形市嶋北一丁目16番35号,023-666-6111,厚生労働省オープンデータ,https://www.mhlw.go.jp/content/12300000/jigyosho_331.csv,2025-12末,https://www.google.com/search?q=%E4%BB%8B%E8%AD%B7%E4%BB%98%E6%9C%89%E6%96%99%E8%80%81%E4%BA%BA%E3%83%9B%E3%83%BC%E3%83%A0%E3%80%80%E3%83%95%E3%82%A9%E3%83%BC%E3%83%AA%E3%83%BC%E3%83%95%E5%B6%8B%20%E5%B1%B1%E5%BD%A2%E5%B8%82
介護付有料老人ホーム　せなみ米喜家,介護付き有料老人ホーム,山形県,山形市,"介護,介護付き有料老人ホーム,入所",介護付き有料老人ホームの公式オープンデータから取り込んだ候補です。詳細は公式情報・電話・見学で確認してください。,https://yonekiya.com/,山形市瀬波１－１１－１１,023-674-7557,厚生労働省オープンデータ,https://www.mhlw.go.jp/content/12300000/jigyosho_331.csv,2025-12末,https://www.google.com/search?q=%E4%BB%8B%E8%AD%B7%E4%BB%98%E6%9C%89%E6%96%99%E8%80%81%E4%BA%BA%E3%83%9B%E3%83%BC%E3%83%A0%E3%80%80%E3%81%9B%E3%81%AA%E3%81%BF%E7%B1%B3%E5%96%9C%E5%AE%B6%20%E5%B1%B1%E5%BD%A2%E5%B8%82
スマイルコート清住,介護付き有料老人ホーム,山形県,山形市,"介護,介護付き有料老人ホーム,入所",介護付き有料老人ホームの公式オープンデータから取り込んだ候補です。詳細は公式情報・電話・見学で確認してください。,https://www.google.com/search?q=%E3%82%B9%E3%83%9E%E3%82%A4%E3%83%AB%E3%82%B3%E3%83%BC%E3%83%88%E6%B8%85%E4%BD%8F%20%E5%B1%B1%E5%BD%A2%E5%B8%82,山形市清住町二丁目3-70,023-674-7261,厚生労働省オープンデータ,https://www.mhlw.go.jp/content/12300000/jigyosho_331.csv,2025-12末,https://www.google.com/search?q=%E3%82%B9%E3%83%9E%E3%82%A4%E3%83%AB%E3%82%B3%E3%83%BC%E3%83%88%E6%B8%85%E4%BD%8F%20%E5%B1%B1%E5%BD%A2%E5%B8%82
ニチイケアセンター山形三日町,介護付き有料老人ホーム,山形県,山形市,"介護,介護付き有料老人ホーム,入所",介護付き有料老人ホームの公式オープンデータから取り込んだ候補です。詳細は公式情報・電話・見学で確認してください。,:http://www.nichiigakkan.co.jp,山形市三日町１－３－４８,023-615-7371,厚生労働省オープンデータ,https://www.mhlw.go.jp/content/12300000/jigyosho_331.csv,2025-12末,https://www.google.com/search?q=%E3%83%8B%E3%83%81%E3%82%A4%E3%82%B1%E3%82%A2%E3%82%BB%E3%83%B3%E3%82%BF%E3%83%BC%E5%B1%B1%E5%BD%A2%E4%B8%89%E6%97%A5%E7%94%BA%20%E5%B1%B1%E5%BD%A2%E5%B8%82
ニチイケアセンター山形桧町,介護付き有料老人ホーム,山形県,山形市,"介護,介護付き有料老人ホーム,入所",介護付き有料老人ホームの公式オープンデータから取り込んだ候補です。詳細は公式情報・電話・見学で確認してください。,http://www.nichiigakkan.co.jp,山形市桧町４－３－４５,023-681-3761,厚生労働省オープンデータ,https://www.mhlw.go.jp/content/12300000/jigyosho_331.csv,2025-12末,https://www.google.com/search?q=%E3%83%8B%E3%83%81%E3%82%A4%E3%82%B1%E3%82%A2%E3%82%BB%E3%83%B3%E3%82%BF%E3%83%BC%E5%B1%B1%E5%BD%A2%E6%A1%A7%E7%94%BA%20%E5%B1%B1%E5%BD%A2%E5%B8%82
介護付有料老人ホームときめき七日町,介護付き有料老人ホーム,山形県,山形市,"介護,介護付き有料老人ホーム,入所",介護付き有料老人ホームの公式オープンデータから取り込んだ候補です。詳細は公式情報・電話・見学で確認してください。,https://www.google.com/search?q=%E4%BB%8B%E8%AD%B7%E4%BB%98%E6%9C%89%E6%96%99%E8%80%81%E4%BA%BA%E3%83%9B%E3%83%BC%E3%83%A0%E3%81%A8%E3%81%8D%E3%82%81%E3%81%8D%E4%B8%83%E6%97%A5%E7%94%BA%20%E5%B1%B1%E5%BD%A2%E5%B8%82,山形県山形市七日町三丁目3番27号,０２３－６８７－０１１１,厚生労働省オープンデータ,https://www.mhlw.go.jp/content/12300000/jigyosho_331.csv,2025-12末,https://www.google.com/search?q=%E4%BB%8B%E8%AD%B7%E4%BB%98%E6%9C%89%E6%96%99%E8%80%81%E4%BA%BA%E3%83%9B%E3%83%BC%E3%83%A0%E3%81%A8%E3%81%8D%E3%82%81%E3%81%8D%E4%B8%83%E6%97%A5%E7%94%BA%20%E5%B1%B1%E5%BD%A2%E5%B8%82
介護福祉施設　燦燦,介護付き有料老人ホーム,山形県,山形市,"介護,介護付き有料老人ホーム,入所",介護付き有料老人ホームの公式オープンデータから取り込んだ候補です。詳細は公式情報・電話・見学で確認してください。,http://www.san-san.jp,山形県山形市大字十文字字大原848番1,023-686-9875,厚生労働省オープンデータ,https://www.mhlw.go.jp/content/12300000/jigyosho_331.csv,2025-12末,https://www.google.com/search?q=%E4%BB%8B%E8%AD%B7%E7%A6%8F%E7%A5%89%E6%96%BD%E8%A8%AD%E3%80%80%E7%87%A6%E7%87%A6%20%E5%B1%B1%E5%BD%A2%E5%B8%82
介護付有料老人ホーム　やすらぎ苑,介護付き有料老人ホーム,山形県,米沢市,"介護,介護付き有料老人ホーム,入所",介護付き有料老人ホームの公式オープンデータから取り込んだ候補です。詳細は公式情報・電話・見学で確認してください。,https://utopialife.co.jp/,米沢市成島町３丁目２番１２７－１２号,0238-37-1865,厚生労働省オープンデータ,https://www.mhlw.go.jp/content/12300000/jigyosho_331.csv,2025-12末,https://www.google.com/search?q=%E4%BB%8B%E8%AD%B7%E4%BB%98%E6%9C%89%E6%96%99%E8%80%81%E4%BA%BA%E3%83%9B%E3%83%BC%E3%83%A0%E3%80%80%E3%82%84%E3%81%99%E3%82%89%E3%81%8E%E8%8B%91%20%E7%B1%B3%E6%B2%A2%E5%B8%82
介護付有料老人ホームさわやかサンメイトきらら,介護付き有料老人ホーム,山形県,米沢市,"介護,介護付き有料老人ホーム,入所",介護付き有料老人ホームの公式オープンデータから取り込んだ候補です。詳細は公式情報・電話・見学で確認してください。,https://www.google.com/search?q=%E4%BB%8B%E8%AD%B7%E4%BB%98%E6%9C%89%E6%96%99%E8%80%81%E4%BA%BA%E3%83%9B%E3%83%BC%E3%83%A0%E3%81%95%E3%82%8F%E3%82%84%E3%81%8B%E3%82%B5%E3%83%B3%E3%83%A1%E3%82%A4%E3%83%88%E3%81%8D%E3%82%89%E3%82%89%20%E7%B1%B3%E6%B2%A2%E5%B8%82,山形県米沢市徳町4番26号,0238-37-1222,厚生労働省オープンデータ,https://www.mhlw.go.jp/content/12300000/jigyosho_331.csv,2025-12末,https://www.google.com/search?q=%E4%BB%8B%E8%AD%B7%E4%BB%98%E6%9C%89%E6%96%99%E8%80%81%E4%BA%BA%E3%83%9B%E3%83%BC%E3%83%A0%E3%81%95%E3%82%8F%E3%82%84%E3%81%8B%E3%82%B5%E3%83%B3%E3%83%A1%E3%82%A4%E3%83%88%E3%81%8D%E3%82%89%E3%82%89%20%E7%B1%B3%E6%B2%A2%E5%B8%82
シニアタウン山王フジックス,介護付き有料老人ホーム,山形県,鶴岡市,"介護,介護付き有料老人ホーム,入所",介護付き有料老人ホームの公式オープンデータから取り込んだ候補です。詳細は公式情報・電話・見学で確認してください。,https://www.google.com/search?q=%E3%82%B7%E3%83%8B%E3%82%A2%E3%82%BF%E3%82%A6%E3%83%B3%E5%B1%B1%E7%8E%8B%E3%83%95%E3%82%B8%E3%83%83%E3%82%AF%E3%82%B9%20%E9%B6%B4%E5%B2%A1%E5%B8%82,山形県鶴岡市山王町14-23,0235-29-0030,厚生労働省オープンデータ,https://www.mhlw.go.jp/content/12300000/jigyosho_331.csv,2025-12末,https://www.google.com/search?q=%E3%82%B7%E3%83%8B%E3%82%A2%E3%82%BF%E3%82%A6%E3%83%B3%E5%B1%B1%E7%8E%8B%E3%83%95%E3%82%B8%E3%83%83%E3%82%AF%E3%82%B9%20%E9%B6%B4%E5%B2%A1%E5%B8%82
アメニティハウスひまわり,介護付き有料老人ホーム,山形県,鶴岡市,"介護,介護付き有料老人ホーム,入所",介護付き有料老人ホームの公式オープンデータから取り込んだ候補です。詳細は公式情報・電話・見学で確認してください。,https://www.himawari-s.co.jp,山形県鶴岡市稲生１丁目３番地５号,0235-25-5145,厚生労働省オープンデータ,https://www.mhlw.go.jp/content/12300000/jigyosho_331.csv,2025-12末,https://www.google.com/search?q=%E3%82%A2%E3%83%A1%E3%83%8B%E3%83%86%E3%82%A3%E3%83%8F%E3%82%A6%E3%82%B9%E3%81%B2%E3%81%BE%E3%82%8F%E3%82%8A%20%E9%B6%B4%E5%B2%A1%E5%B8%82
スマイル・ガーデンふきのとう,介護付き有料老人ホーム,山形県,新庄市,"介護,介護付き有料老人ホーム,入所",介護付き有料老人ホームの公式オープンデータから取り込んだ候補です。詳細は公式情報・電話・見学で確認してください。,http://care-net.co.jp/,新庄市鳥越字駒場4519-1,0233-32-0773,厚生労働省オープンデータ,https://www.mhlw.go.jp/content/12300000/jigyosho_331.csv,2025-12末,https://www.google.com/search?q=%E3%82%B9%E3%83%9E%E3%82%A4%E3%83%AB%E3%83%BB%E3%82%AC%E3%83%BC%E3%83%87%E3%83%B3%E3%81%B5%E3%81%8D%E3%81%AE%E3%81%A8%E3%81%86%20%E6%96%B0%E5%BA%84%E5%B8%82
ソーレ寒河江,介護付き有料老人ホーム,山形県,寒河江市,"介護,介護付き有料老人ホーム,入所",介護付き有料老人ホームの公式オープンデータから取り込んだ候補です。詳細は公式情報・電話・見学で確認してください。,https://www.sole.ne.jp/,寒河江市大字寒河江字月越１番地の２,0237-83-1183,厚生労働省オープンデータ,https://www.mhlw.go.jp/content/12300000/jigyosho_331.csv,2025-12末,https://www.google.com/search?q=%E3%82%BD%E3%83%BC%E3%83%AC%E5%AF%92%E6%B2%B3%E6%B1%9F%20%E5%AF%92%E6%B2%B3%E6%B1%9F%E5%B8%82
有料老人ホーム　リライフ美咲,介護付き有料老人ホーム,山形県,上山市,"介護,介護付き有料老人ホーム,入所",介護付き有料老人ホームの公式オープンデータから取り込んだ候補です。詳細は公式情報・電話・見学で確認してください。,https://relife-misaki.com/,山形県上山市美咲町一丁目３番２５号,023-677-0030,厚生労働省オープンデータ,https://www.mhlw.go.jp/content/12300000/jigyosho_331.csv,2025-12末,https://www.google.com/search?q=%E6%9C%89%E6%96%99%E8%80%81%E4%BA%BA%E3%83%9B%E3%83%BC%E3%83%A0%E3%80%80%E3%83%AA%E3%83%A9%E3%82%A4%E3%83%95%E7%BE%8E%E5%92%B2%20%E4%B8%8A%E5%B1%B1%E5%B8%82
介護付有料老人ホームほほえみ,介護付き有料老人ホーム,山形県,長井市,"介護,介護付き有料老人ホーム,入所",介護付き有料老人ホームの公式オープンデータから取り込んだ候補です。詳細は公式情報・電話・見学で確認してください。,https://www.riverhill.jp/,山形県長井市寺泉3081-1,0238-84-8515,厚生労働省オープンデータ,https://www.mhlw.go.jp/content/12300000/jigyosho_331.csv,2025-12末,https://www.google.com/search?q=%E4%BB%8B%E8%AD%B7%E4%BB%98%E6%9C%89%E6%96%99%E8%80%81%E4%BA%BA%E3%83%9B%E3%83%BC%E3%83%A0%E3%81%BB%E3%81%BB%E3%81%88%E3%81%BF%20%E9%95%B7%E4%BA%95%E5%B8%82
ソーレ天童,介護付き有料老人ホーム,山形県,天童市,"介護,介護付き有料老人ホーム,入所",介護付き有料老人ホームの公式オープンデータから取り込んだ候補です。詳細は公式情報・電話・見学で確認してください。,https://www.sole.ne.jp/group/sole-05,山形県天童市田鶴町三丁目5番11号,023-673-9250,厚生労働省オープンデータ,https://www.mhlw.go.jp/content/12300000/jigyosho_331.csv,2025-12末,https://www.google.com/search?q=%E3%82%BD%E3%83%BC%E3%83%AC%E5%A4%A9%E7%AB%A5%20%E5%A4%A9%E7%AB%A5%E5%B8%82
介護付有料老人ホーム　はなことば天童,介護付き有料老人ホーム,山形県,天童市,"介護,介護付き有料老人ホーム,入所",介護付き有料老人ホームの公式オープンデータから取り込んだ候補です。詳細は公式情報・電話・見学で確認してください。,http://www.hanakotoba.co.jp,山形県天童市南小畑3-3-20,023-674-9555,厚生労働省オープンデータ,https://www.mhlw.go.jp/content/12300000/jigyosho_331.csv,2025-12末,https://www.google.com/search?q=%E4%BB%8B%E8%AD%B7%E4%BB%98%E6%9C%89%E6%96%99%E8%80%81%E4%BA%BA%E3%83%9B%E3%83%BC%E3%83%A0%E3%80%80%E3%81%AF%E3%81%AA%E3%81%93%E3%81%A8%E3%81%B0%E5%A4%A9%E7%AB%A5%20%E5%A4%A9%E7%AB%A5%E5%B8%82
特定施設入居者生活介護事業所　ソーレ東根,介護付き有料老人ホーム,山形県,東根市,"介護,介護付き有料老人ホーム,入所",介護付き有料老人ホームの公式オープンデータから取り込んだ候補です。詳細は公式情報・電話・見学で確認してください。,http://www.taiyo-fukushikai.jp/,東根市温泉町二丁目5番3-5号,0237-53-8811,厚生労働省オープンデータ,https://www.mhlw.go.jp/content/12300000/jigyosho_331.csv,2025-12末,https://www.google.com/search?q=%E7%89%B9%E5%AE%9A%E6%96%BD%E8%A8%AD%E5%85%A5%E5%B1%85%E8%80%85%E7%94%9F%E6%B4%BB%E4%BB%8B%E8%AD%B7%E4%BA%8B%E6%A5%AD%E6%89%80%E3%80%80%E3%82%BD%E3%83%BC%E3%83%AC%E6%9D%B1%E6%A0%B9%20%E6%9D%B1%E6%A0%B9%E5%B8%82
介護付有料老人ホーム　ヒルサイド羽黒,介護付き有料老人ホーム,山形県,南陽市,"介護,介護付き有料老人ホーム,入所",介護付き有料老人ホームの公式オープンデータから取り込んだ候補です。詳細は公式情報・電話・見学で確認してください。,http://www.koutoku.or.jp,山形県南陽市椚塚1410番地,0238-43-8600,厚生労働省オープンデータ,https://www.mhlw.go.jp/content/12300000/jigyosho_331.csv,2025-12末,https://www.google.com/search?q=%E4%BB%8B%E8%AD%B7%E4%BB%98%E6%9C%89%E6%96%99%E8%80%81%E4%BA%BA%E3%83%9B%E3%83%BC%E3%83%A0%E3%80%80%E3%83%92%E3%83%AB%E3%82%B5%E3%82%A4%E3%83%89%E7%BE%BD%E9%BB%92%20%E5%8D%97%E9%99%BD%E5%B8%82
スマイルやまのべ介護付有料老人ホーム,介護付き有料老人ホーム,山形県,山辺町,"介護,介護付き有料老人ホーム,入所",介護付き有料老人ホームの公式オープンデータから取り込んだ候補です。詳細は公式情報・電話・見学で確認してください。,https://www.google.com/search?q=%E3%82%B9%E3%83%9E%E3%82%A4%E3%83%AB%E3%82%84%E3%81%BE%E3%81%AE%E3%81%B9%E4%BB%8B%E8%AD%B7%E4%BB%98%E6%9C%89%E6%96%99%E8%80%81%E4%BA%BA%E3%83%9B%E3%83%BC%E3%83%A0%20%E5%B1%B1%E8%BE%BA%E7%94%BA,山形県東村山郡山辺町大字山辺１３８０,023-667-0438,厚生労働省オープンデータ,https://www.mhlw.go.jp/content/12300000/jigyosho_331.csv,2025-12末,https://www.google.com/search?q=%E3%82%B9%E3%83%9E%E3%82%A4%E3%83%AB%E3%82%84%E3%81%BE%E3%81%AE%E3%81%B9%E4%BB%8B%E8%AD%B7%E4%BB%98%E6%9C%89%E6%96%99%E8%80%81%E4%BA%BA%E3%83%9B%E3%83%BC%E3%83%A0%20%E5%B1%B1%E8%BE%BA%E7%94%BA
介護付き有料老人ホームこもれびの里,介護付き有料老人ホーム,山形県,小国町,"介護,介護付き有料老人ホーム,入所",介護付き有料老人ホームの公式オープンデータから取り込んだ候補です。詳細は公式情報・電話・見学で確認してください。,https://www.google.com/search?q=%E4%BB%8B%E8%AD%B7%E4%BB%98%E3%81%8D%E6%9C%89%E6%96%99%E8%80%81%E4%BA%BA%E3%83%9B%E3%83%BC%E3%83%A0%E3%81%93%E3%82%82%E3%82%8C%E3%81%B3%E3%81%AE%E9%87%8C%20%E5%B0%8F%E5%9B%BD%E7%94%BA,山形県西置賜郡小国町大字あけぼの３丁目５番地４,0238-62-2355,厚生労働省オープンデータ,https://www.mhlw.go.jp/content/12300000/jigyosho_331.csv,2025-12末,https://www.google.com/search?q=%E4%BB%8B%E8%AD%B7%E4%BB%98%E3%81%8D%E6%9C%89%E6%96%99%E8%80%81%E4%BA%BA%E3%83%9B%E3%83%BC%E3%83%A0%E3%81%93%E3%82%82%E3%82%8C%E3%81%B3%E3%81%AE%E9%87%8C%20%E5%B0%8F%E5%9B%BD%E7%94%BA
介護付有料老人ホーム　こでらの樹,介護付き有料老人ホーム,山形県,三川町,"介護,介護付き有料老人ホーム,入所",介護付き有料老人ホームの公式オープンデータから取り込んだ候補です。詳細は公式情報・電話・見学で確認してください。,https://www.aiyoukai-mikawahp.com/,山形県東田川郡三川町大字横山字堤38-1,0235-33-8232,厚生労働省オープンデータ,https://www.mhlw.go.jp/content/12300000/jigyosho_331.csv,2025-12末,https://www.google.com/search?q=%E4%BB%8B%E8%AD%B7%E4%BB%98%E6%9C%89%E6%96%99%E8%80%81%E4%BA%BA%E3%83%9B%E3%83%BC%E3%83%A0%E3%80%80%E3%81%93%E3%81%A7%E3%82%89%E3%81%AE%E6%A8%B9%20%E4%B8%89%E5%B7%9D%E7%94%BA
ケアハウス敬寿園,軽費老人ホーム,山形県,山形市,"介護,軽費老人ホーム",軽費老人ホームの公式オープンデータから取り込んだ候補です。詳細は公式情報・電話・見学で確認してください。,http://keijuen.or.jp,山形市大字妙見寺５００－１,023-634-2020,厚生労働省オープンデータ,https://www.mhlw.go.jp/content/12300000/jigyosho_332.csv,2025-12末,https://www.google.com/search?q=%E3%82%B1%E3%82%A2%E3%83%8F%E3%82%A6%E3%82%B9%E6%95%AC%E5%AF%BF%E5%9C%92%20%E5%B1%B1%E5%BD%A2%E5%B8%82
ケアハウスふるさと,軽費老人ホーム,山形県,酒田市,"介護,軽費老人ホーム",軽費老人ホームの公式オープンデータから取り込んだ候補です。詳細は公式情報・電話・見学で確認してください。,https://care-furusato.jp/,山形県酒田市豊原字大坪37番地,0234-28-3133,厚生労働省オープンデータ,https://www.mhlw.go.jp/content/12300000/jigyosho_332.csv,2025-12末,https://www.google.com/search?q=%E3%82%B1%E3%82%A2%E3%83%8F%E3%82%A6%E3%82%B9%E3%81%B5%E3%82%8B%E3%81%95%E3%81%A8%20%E9%85%92%E7%94%B0%E5%B8%82
ケアハウスウエルフェア慈光園,軽費老人ホーム,山形県,長井市,"介護,軽費老人ホーム",軽費老人ホームの公式オープンデータから取り込んだ候補です。詳細は公式情報・電話・見学で確認してください。,http://www2.jan.ne.jp/~jikouen1/,山形県長井市小出３４５３番地,0238-88-5557,厚生労働省オープンデータ,https://www.mhlw.go.jp/content/12300000/jigyosho_332.csv,2025-12末,https://www.google.com/search?q=%E3%82%B1%E3%82%A2%E3%83%8F%E3%82%A6%E3%82%B9%E3%82%A6%E3%82%A8%E3%83%AB%E3%83%95%E3%82%A7%E3%82%A2%E6%85%88%E5%85%89%E5%9C%92%20%E9%95%B7%E4%BA%95%E5%B8%82
サービス付き高齢者向け住宅清永の里,サービス付き高齢者向け住宅,山形県,山形市,"介護,サービス付き高齢者向け住宅,入所",サービス付き高齢者向け住宅の公式オープンデータから取り込んだ候補です。詳細は公式情報・電話・見学で確認してください。,http://www.seieig.or.jp/,山形県山形市嶋北四丁目4ｰ13,023－676-8459,厚生労働省オープンデータ,https://www.mhlw.go.jp/content/12300000/jigyosho_334.csv,2025-12末,https://www.google.com/search?q=%E3%82%B5%E3%83%BC%E3%83%93%E3%82%B9%E4%BB%98%E3%81%8D%E9%AB%98%E9%BD%A2%E8%80%85%E5%90%91%E3%81%91%E4%BD%8F%E5%AE%85%E6%B8%85%E6%B0%B8%E3%81%AE%E9%87%8C%20%E5%B1%B1%E5%BD%A2%E5%B8%82
サービス付き高齢者向け住宅　グランドホームはたごまち,サービス付き高齢者向け住宅,山形県,山形市,"介護,サービス付き高齢者向け住宅,入所",サービス付き高齢者向け住宅の公式オープンデータから取り込んだ候補です。詳細は公式情報・電話・見学で確認してください。,http://www.shiseido-hp.jp/index.html,山形市旅篭町一丁目７番２３号,023-679-5172,厚生労働省オープンデータ,https://www.mhlw.go.jp/content/12300000/jigyosho_334.csv,2025-12末,https://www.google.com/search?q=%E3%82%B5%E3%83%BC%E3%83%93%E3%82%B9%E4%BB%98%E3%81%8D%E9%AB%98%E9%BD%A2%E8%80%85%E5%90%91%E3%81%91%E4%BD%8F%E5%AE%85%E3%80%80%E3%82%B0%E3%83%A9%E3%83%B3%E3%83%89%E3%83%9B%E3%83%BC%E3%83%A0%E3%81%AF%E3%81%9F%E3%81%94%E3%81%BE%E3%81%A1%20%E5%B1%B1%E5%BD%A2%E5%B8%82
サービス付高齢者向け住宅　日和,サービス付き高齢者向け住宅,山形県,新庄市,"介護,サービス付き高齢者向け住宅,入所",サービス付き高齢者向け住宅の公式オープンデータから取り込んだ候補です。詳細は公式情報・電話・見学で確認してください。,hiyori@grape.plala.or.jp,山形県新庄市本町4番33号こらっせ新庄3Ｆ,0233-32-0330,厚生労働省オープンデータ,https://www.mhlw.go.jp/content/12300000/jigyosho_334.csv,2025-12末,https://www.google.com/search?q=%E3%82%B5%E3%83%BC%E3%83%93%E3%82%B9%E4%BB%98%E9%AB%98%E9%BD%A2%E8%80%85%E5%90%91%E3%81%91%E4%BD%8F%E5%AE%85%E3%80%80%E6%97%A5%E5%92%8C%20%E6%96%B0%E5%BA%84%E5%B8%82
サービス付き高齢者向け住宅小白川,地域密着型サービス付き高齢者向け住宅,山形県,山形市,"介護,地域密着型サービス付き高齢者向け住宅,入所",地域密着型サービス付き高齢者向け住宅の公式オープンデータから取り込んだ候補です。詳細は公式情報・電話・見学で確認してください。,https://yamagata-saiseikai.org/,山形県山形市小白川町二丁目3番1号　小白川ケアセンター内,023-616-5080,厚生労働省オープンデータ,https://www.mhlw.go.jp/content/12300000/jigyosho_364.csv,2025-12末,https://www.google.com/search?q=%E3%82%B5%E3%83%BC%E3%83%93%E3%82%B9%E4%BB%98%E3%81%8D%E9%AB%98%E9%BD%A2%E8%80%85%E5%90%91%E3%81%91%E4%BD%8F%E5%AE%85%E5%B0%8F%E7%99%BD%E5%B7%9D%20%E5%B1%B1%E5%BD%A2%E5%B8%82
さくらパレス指定居宅介護支援事業所,ケアマネジャー・居宅介護支援,山形県,山形市,"介護,ケアマネジャー・居宅介護支援,相談",介護サービスの計画作成や事業所調整を行う相談先です。退院後の生活準備で重要です。,https://www.google.com/search?q=%E3%81%95%E3%81%8F%E3%82%89%E3%83%91%E3%83%AC%E3%82%B9%E6%8C%87%E5%AE%9A%E5%B1%85%E5%AE%85%E4%BB%8B%E8%AD%B7%E6%94%AF%E6%8F%B4%E4%BA%8B%E6%A5%AD%E6%89%80%20%E5%B1%B1%E5%BD%A2%E5%B8%82,山形県山形市桜田西4丁目1-14,023-633-3107,厚生労働省オープンデータ,https://www.mhlw.go.jp/content/12300000/jigyosho_430.csv,2025-12末,https://www.google.com/search?q=%E3%81%95%E3%81%8F%E3%82%89%E3%83%91%E3%83%AC%E3%82%B9%E6%8C%87%E5%AE%9A%E5%B1%85%E5%AE%85%E4%BB%8B%E8%AD%B7%E6%94%AF%E6%8F%B4%E4%BA%8B%E6%A5%AD%E6%89%80%20%E5%B1%B1%E5%BD%A2%E5%B8%82
指定居宅介護支援事業所サニ－ヒル菅沢,ケアマネジャー・居宅介護支援,山形県,山形市,"介護,ケアマネジャー・居宅介護支援,相談",介護サービスの計画作成や事業所調整を行う相談先です。退院後の生活準備で重要です。,http://sunny91.sakura.ne.jp,山形市すげさわの丘727番地20,023-645-8500,厚生労働省オープンデータ,https://www.mhlw.go.jp/content/12300000/jigyosho_430.csv,2025-12末,https://www.google.com/search?q=%E6%8C%87%E5%AE%9A%E5%B1%85%E5%AE%85%E4%BB%8B%E8%AD%B7%E6%94%AF%E6%8F%B4%E4%BA%8B%E6%A5%AD%E6%89%80%E3%82%B5%E3%83%8B%EF%BC%8D%E3%83%92%E3%83%AB%E8%8F%85%E6%B2%A2%20%E5%B1%B1%E5%BD%A2%E5%B8%82
指定居宅介護支援事業所サニーヒル山寺,ケアマネジャー・居宅介護支援,山形県,山形市,"介護,ケアマネジャー・居宅介護支援,相談",介護サービスの計画作成や事業所調整を行う相談先です。退院後の生活準備で重要です。,http://sunny91.sakura.ne.jp,山形県山形市大字山寺1973-335,023-667-5007,厚生労働省オープンデータ,https://www.mhlw.go.jp/content/12300000/jigyosho_430.csv,2025-12末,https://www.google.com/search?q=%E6%8C%87%E5%AE%9A%E5%B1%85%E5%AE%85%E4%BB%8B%E8%AD%B7%E6%94%AF%E6%8F%B4%E4%BA%8B%E6%A5%AD%E6%89%80%E3%82%B5%E3%83%8B%E3%83%BC%E3%83%92%E3%83%AB%E5%B1%B1%E5%AF%BA%20%E5%B1%B1%E5%BD%A2%E5%B8%82
指定居宅介護支援事業所ながまち荘,ケアマネジャー・居宅介護支援,山形県,山形市,"介護,ケアマネジャー・居宅介護支援,相談",介護サービスの計画作成や事業所調整を行う相談先です。退院後の生活準備で重要です。,http://www.yamagata-saiseikai.org,山形市長町751番地,023-681-2865,厚生労働省オープンデータ,https://www.mhlw.go.jp/content/12300000/jigyosho_430.csv,2025-12末,https://www.google.com/search?q=%E6%8C%87%E5%AE%9A%E5%B1%85%E5%AE%85%E4%BB%8B%E8%AD%B7%E6%94%AF%E6%8F%B4%E4%BA%8B%E6%A5%AD%E6%89%80%E3%81%AA%E3%81%8C%E3%81%BE%E3%81%A1%E8%8D%98%20%E5%B1%B1%E5%BD%A2%E5%B8%82
居宅介護支援事業所済生会山形訪問看護ステーション,ケアマネジャー・居宅介護支援,山形県,山形市,"介護,ケアマネジャー・居宅介護支援,相談",介護サービスの計画作成や事業所調整を行う相談先です。退院後の生活準備で重要です。,https://www.yamagata-saiseikai.org/kango-station/,山形県山形市沖町79-1,023-682-0135,厚生労働省オープンデータ,https://www.mhlw.go.jp/content/12300000/jigyosho_430.csv,2025-12末,https://www.google.com/search?q=%E5%B1%85%E5%AE%85%E4%BB%8B%E8%AD%B7%E6%94%AF%E6%8F%B4%E4%BA%8B%E6%A5%AD%E6%89%80%E6%B8%88%E7%94%9F%E4%BC%9A%E5%B1%B1%E5%BD%A2%E8%A8%AA%E5%95%8F%E7%9C%8B%E8%AD%B7%E3%82%B9%E3%83%86%E3%83%BC%E3%82%B7%E3%83%A7%E3%83%B3%20%E5%B1%B1%E5%BD%A2%E5%B8%82
指定居宅介護支援事業所　愛日荘,ケアマネジャー・居宅介護支援,山形県,山形市,"介護,ケアマネジャー・居宅介護支援,相談",介護サービスの計画作成や事業所調整を行う相談先です。退院後の生活準備で重要です。,https://www.google.com/search?q=%E6%8C%87%E5%AE%9A%E5%B1%85%E5%AE%85%E4%BB%8B%E8%AD%B7%E6%94%AF%E6%8F%B4%E4%BA%8B%E6%A5%AD%E6%89%80%E3%80%80%E6%84%9B%E6%97%A5%E8%8D%98%20%E5%B1%B1%E5%BD%A2%E5%B8%82,山形県山形市大字妙見寺4番地,023-631-9955,厚生労働省オープンデータ,https://www.mhlw.go.jp/content/12300000/jigyosho_430.csv,2025-12末,https://www.google.com/search?q=%E6%8C%87%E5%AE%9A%E5%B1%85%E5%AE%85%E4%BB%8B%E8%AD%B7%E6%94%AF%E6%8F%B4%E4%BA%8B%E6%A5%AD%E6%89%80%E3%80%80%E6%84%9B%E6%97%A5%E8%8D%98%20%E5%B1%B1%E5%BD%A2%E5%B8%82
なごみの里指定居宅介護支援事業所,ケアマネジャー・居宅介護支援,山形県,山形市,"介護,ケアマネジャー・居宅介護支援,相談",介護サービスの計画作成や事業所調整を行う相談先です。退院後の生活準備で重要です。,http://www.jifukai.org,山形県山形市吉原三丁目10番8号,023-647-8860,厚生労働省オープンデータ,https://www.mhlw.go.jp/content/12300000/jigyosho_430.csv,2025-12末,https://www.google.com/search?q=%E3%81%AA%E3%81%94%E3%81%BF%E3%81%AE%E9%87%8C%E6%8C%87%E5%AE%9A%E5%B1%85%E5%AE%85%E4%BB%8B%E8%AD%B7%E6%94%AF%E6%8F%B4%E4%BA%8B%E6%A5%AD%E6%89%80%20%E5%B1%B1%E5%BD%A2%E5%B8%82
居宅介護支援事業所　樫の木,ケアマネジャー・居宅介護支援,山形県,山形市,"介護,ケアマネジャー・居宅介護支援,相談",介護サービスの計画作成や事業所調整を行う相談先です。退院後の生活準備で重要です。,https://daiwa-med.co.jp/,山形県山形市桧町一丁目10番10号,023-665-0511,厚生労働省オープンデータ,https://www.mhlw.go.jp/content/12300000/jigyosho_430.csv,2025-12末,https://www.google.com/search?q=%E5%B1%85%E5%AE%85%E4%BB%8B%E8%AD%B7%E6%94%AF%E6%8F%B4%E4%BA%8B%E6%A5%AD%E6%89%80%E3%80%80%E6%A8%AB%E3%81%AE%E6%9C%A8%20%E5%B1%B1%E5%BD%A2%E5%B8%82
蔵王やすらぎの里指定居宅介護支援事業所,ケアマネジャー・居宅介護支援,山形県,山形市,"介護,ケアマネジャー・居宅介護支援,相談",介護サービスの計画作成や事業所調整を行う相談先です。退院後の生活準備で重要です。,http://care-net.biz/06/yasuragi-h/,山形市蔵王半郷字石高７９－７,023-688-8002,厚生労働省オープンデータ,https://www.mhlw.go.jp/content/12300000/jigyosho_430.csv,2025-12末,https://www.google.com/search?q=%E8%94%B5%E7%8E%8B%E3%82%84%E3%81%99%E3%82%89%E3%81%8E%E3%81%AE%E9%87%8C%E6%8C%87%E5%AE%9A%E5%B1%85%E5%AE%85%E4%BB%8B%E8%AD%B7%E6%94%AF%E6%8F%B4%E4%BA%8B%E6%A5%AD%E6%89%80%20%E5%B1%B1%E5%BD%A2%E5%B8%82
居宅介護支援事業所くろさわ,ケアマネジャー・居宅介護支援,山形県,山形市,"介護,ケアマネジャー・居宅介護支援,相談",介護サービスの計画作成や事業所調整を行う相談先です。退院後の生活準備で重要です。,http://www.yuuai-kai.or.jp/,山形県山形市大字黒沢547番地67天然温泉　湯の郷くろさわ,023-674-0037,厚生労働省オープンデータ,https://www.mhlw.go.jp/content/12300000/jigyosho_430.csv,2025-12末,https://www.google.com/search?q=%E5%B1%85%E5%AE%85%E4%BB%8B%E8%AD%B7%E6%94%AF%E6%8F%B4%E4%BA%8B%E6%A5%AD%E6%89%80%E3%81%8F%E3%82%8D%E3%81%95%E3%82%8F%20%E5%B1%B1%E5%BD%A2%E5%B8%82
愛和ケアセンター,ケアマネジャー・居宅介護支援,山形県,山形市,"介護,ケアマネジャー・居宅介護支援,相談",介護サービスの計画作成や事業所調整を行う相談先です。退院後の生活準備で重要です。,http://aiwacc.com/,山形市漆山1835,023-686-9034,厚生労働省オープンデータ,https://www.mhlw.go.jp/content/12300000/jigyosho_430.csv,2025-12末,https://www.google.com/search?q=%E6%84%9B%E5%92%8C%E3%82%B1%E3%82%A2%E3%82%BB%E3%83%B3%E3%82%BF%E3%83%BC%20%E5%B1%B1%E5%BD%A2%E5%B8%82
ソーレケアセンター花楯,ケアマネジャー・居宅介護支援,山形県,山形市,"介護,ケアマネジャー・居宅介護支援,相談",介護サービスの計画作成や事業所調整を行う相談先です。退院後の生活準備で重要です。,https://www.sole.ne.jp/,山形市花楯二丁目１８番７８１０１号,023-679-3221,厚生労働省オープンデータ,https://www.mhlw.go.jp/content/12300000/jigyosho_430.csv,2025-12末,https://www.google.com/search?q=%E3%82%BD%E3%83%BC%E3%83%AC%E3%82%B1%E3%82%A2%E3%82%BB%E3%83%B3%E3%82%BF%E3%83%BC%E8%8A%B1%E6%A5%AF%20%E5%B1%B1%E5%BD%A2%E5%B8%82
いずみケアセンター居宅介護支援事業所,ケアマネジャー・居宅介護支援,山形県,山形市,"介護,ケアマネジャー・居宅介護支援,相談",介護サービスの計画作成や事業所調整を行う相談先です。退院後の生活準備で重要です。,https://izumi-lan.com/,山形市長町一丁目9番59‐17号,023-682-0915,厚生労働省オープンデータ,https://www.mhlw.go.jp/content/12300000/jigyosho_430.csv,2025-12末,https://www.google.com/search?q=%E3%81%84%E3%81%9A%E3%81%BF%E3%82%B1%E3%82%A2%E3%82%BB%E3%83%B3%E3%82%BF%E3%83%BC%E5%B1%85%E5%AE%85%E4%BB%8B%E8%AD%B7%E6%94%AF%E6%8F%B4%E4%BA%8B%E6%A5%AD%E6%89%80%20%E5%B1%B1%E5%BD%A2%E5%B8%82
敬寿園居宅介護支援事業所,ケアマネジャー・居宅介護支援,山形県,山形市,"介護,ケアマネジャー・居宅介護支援,相談",介護サービスの計画作成や事業所調整を行う相談先です。退院後の生活準備で重要です。,https://keijuen.or.jp/,山形県山形市大字妙見寺５００－１,023-634-2310,厚生労働省オープンデータ,https://www.mhlw.go.jp/content/12300000/jigyosho_430.csv,2025-12末,https://www.google.com/search?q=%E6%95%AC%E5%AF%BF%E5%9C%92%E5%B1%85%E5%AE%85%E4%BB%8B%E8%AD%B7%E6%94%AF%E6%8F%B4%E4%BA%8B%E6%A5%AD%E6%89%80%20%E5%B1%B1%E5%BD%A2%E5%B8%82
株式会社あっぷるケアサービス,ケアマネジャー・居宅介護支援,山形県,山形市,"介護,ケアマネジャー・居宅介護支援,相談",介護サービスの計画作成や事業所調整を行う相談先です。退院後の生活準備で重要です。,http://www.join-group.jp/apple/,山形県山形市久保田１－７－７,023-647-7233,厚生労働省オープンデータ,https://www.mhlw.go.jp/content/12300000/jigyosho_430.csv,2025-12末,https://www.google.com/search?q=%E6%A0%AA%E5%BC%8F%E4%BC%9A%E7%A4%BE%E3%81%82%E3%81%A3%E3%81%B7%E3%82%8B%E3%82%B1%E3%82%A2%E3%82%B5%E3%83%BC%E3%83%93%E3%82%B9%20%E5%B1%B1%E5%BD%A2%E5%B8%82
ライフサポートセンターめだか,ケアマネジャー・居宅介護支援,山形県,山形市,"介護,ケアマネジャー・居宅介護支援,相談",介護サービスの計画作成や事業所調整を行う相談先です。退院後の生活準備で重要です。,https://www.google.com/search?q=%E3%83%A9%E3%82%A4%E3%83%95%E3%82%B5%E3%83%9D%E3%83%BC%E3%83%88%E3%82%BB%E3%83%B3%E3%82%BF%E3%83%BC%E3%82%81%E3%81%A0%E3%81%8B%20%E5%B1%B1%E5%BD%A2%E5%B8%82,山形県山形市嶋南二丁目2番7号,023-682-8422,厚生労働省オープンデータ,https://www.mhlw.go.jp/content/12300000/jigyosho_430.csv,2025-12末,https://www.google.com/search?q=%E3%83%A9%E3%82%A4%E3%83%95%E3%82%B5%E3%83%9D%E3%83%BC%E3%83%88%E3%82%BB%E3%83%B3%E3%82%BF%E3%83%BC%E3%82%81%E3%81%A0%E3%81%8B%20%E5%B1%B1%E5%BD%A2%E5%B8%82
ライフサポートセンターめだか山形南,ケアマネジャー・居宅介護支援,山形県,山形市,"介護,ケアマネジャー・居宅介護支援,相談",介護サービスの計画作成や事業所調整を行う相談先です。退院後の生活準備で重要です。,https://www.google.com/search?q=%E3%83%A9%E3%82%A4%E3%83%95%E3%82%B5%E3%83%9D%E3%83%BC%E3%83%88%E3%82%BB%E3%83%B3%E3%82%BF%E3%83%BC%E3%82%81%E3%81%A0%E3%81%8B%E5%B1%B1%E5%BD%A2%E5%8D%97%20%E5%B1%B1%E5%BD%A2%E5%B8%82,山形県山形市成沢西５丁目７番８号キュア・パレスキクチ１０２号,023-616-4805,厚生労働省オープンデータ,https://www.mhlw.go.jp/content/12300000/jigyosho_430.csv,2025-12末,https://www.google.com/search?q=%E3%83%A9%E3%82%A4%E3%83%95%E3%82%B5%E3%83%9D%E3%83%BC%E3%83%88%E3%82%BB%E3%83%B3%E3%82%BF%E3%83%BC%E3%82%81%E3%81%A0%E3%81%8B%E5%B1%B1%E5%BD%A2%E5%8D%97%20%E5%B1%B1%E5%BD%A2%E5%B8%82
居宅介護支援事業所つばさ北町,ケアマネジャー・居宅介護支援,山形県,山形市,"介護,ケアマネジャー・居宅介護支援,相談",介護サービスの計画作成や事業所調整を行う相談先です。退院後の生活準備で重要です。,tbasa.co.jp,山形県山形市北町２－６－６,０２３－６１５－８６１０,厚生労働省オープンデータ,https://www.mhlw.go.jp/content/12300000/jigyosho_430.csv,2025-12末,https://www.google.com/search?q=%E5%B1%85%E5%AE%85%E4%BB%8B%E8%AD%B7%E6%94%AF%E6%8F%B4%E4%BA%8B%E6%A5%AD%E6%89%80%E3%81%A4%E3%81%B0%E3%81%95%E5%8C%97%E7%94%BA%20%E5%B1%B1%E5%BD%A2%E5%B8%82
居宅介護支援事業所つばさ,ケアマネジャー・居宅介護支援,山形県,山形市,"介護,ケアマネジャー・居宅介護支援,相談",介護サービスの計画作成や事業所調整を行う相談先です。退院後の生活準備で重要です。,http://www.tbasa.co.jp,山形県山形市青田南6番13号,023-627-7011,厚生労働省オープンデータ,https://www.mhlw.go.jp/content/12300000/jigyosho_430.csv,2025-12末,https://www.google.com/search?q=%E5%B1%85%E5%AE%85%E4%BB%8B%E8%AD%B7%E6%94%AF%E6%8F%B4%E4%BA%8B%E6%A5%AD%E6%89%80%E3%81%A4%E3%81%B0%E3%81%95%20%E5%B1%B1%E5%BD%A2%E5%B8%82
山形ケアセンターそよ風,ケアマネジャー・居宅介護支援,山形県,山形市,"介護,ケアマネジャー・居宅介護支援,相談",介護サービスの計画作成や事業所調整を行う相談先です。退院後の生活準備で重要です。,http://www.sykz.co.jp,山形県山形市荒楯町一丁目4-1,023-615-4335,厚生労働省オープンデータ,https://www.mhlw.go.jp/content/12300000/jigyosho_430.csv,2025-12末,https://www.google.com/search?q=%E5%B1%B1%E5%BD%A2%E3%82%B1%E3%82%A2%E3%82%BB%E3%83%B3%E3%82%BF%E3%83%BC%E3%81%9D%E3%82%88%E9%A2%A8%20%E5%B1%B1%E5%BD%A2%E5%B8%82
とかみ共生苑指定居宅介護支援事業所,ケアマネジャー・居宅介護支援,山形県,山形市,"介護,ケアマネジャー・居宅介護支援,相談",介護サービスの計画作成や事業所調整を行う相談先です。退院後の生活準備で重要です。,"https://www,y-shiminfukushikai.org/",山形県山形市富神前6番地特別養護老人ホームとかみ共生苑,023-646-5037,厚生労働省オープンデータ,https://www.mhlw.go.jp/content/12300000/jigyosho_430.csv,2025-12末,https://www.google.com/search?q=%E3%81%A8%E3%81%8B%E3%81%BF%E5%85%B1%E7%94%9F%E8%8B%91%E6%8C%87%E5%AE%9A%E5%B1%85%E5%AE%85%E4%BB%8B%E8%AD%B7%E6%94%AF%E6%8F%B4%E4%BA%8B%E6%A5%AD%E6%89%80%20%E5%B1%B1%E5%BD%A2%E5%B8%82
総合福祉施設いきいきの郷,ケアマネジャー・居宅介護支援,山形県,山形市,"介護,ケアマネジャー・居宅介護支援,相談",介護サービスの計画作成や事業所調整を行う相談先です。退院後の生活準備で重要です。,https://kagayakinokai.or.jp/,山形市大字成安425番地2,023-681-2941,厚生労働省オープンデータ,https://www.mhlw.go.jp/content/12300000/jigyosho_430.csv,2025-12末,https://www.google.com/search?q=%E7%B7%8F%E5%90%88%E7%A6%8F%E7%A5%89%E6%96%BD%E8%A8%AD%E3%81%84%E3%81%8D%E3%81%84%E3%81%8D%E3%81%AE%E9%83%B7%20%E5%B1%B1%E5%BD%A2%E5%B8%82
サンシャイン大森居宅介護支援センター,ケアマネジャー・居宅介護支援,山形県,山形市,"介護,ケアマネジャー・居宅介護支援,相談",介護サービスの計画作成や事業所調整を行う相談先です。退院後の生活準備で重要です。,http://s-oomori.jp/,山形市大字大森２１３９番地１,023-685-1218,厚生労働省オープンデータ,https://www.mhlw.go.jp/content/12300000/jigyosho_430.csv,2025-12末,https://www.google.com/search?q=%E3%82%B5%E3%83%B3%E3%82%B7%E3%83%A3%E3%82%A4%E3%83%B3%E5%A4%A7%E6%A3%AE%E5%B1%85%E5%AE%85%E4%BB%8B%E8%AD%B7%E6%94%AF%E6%8F%B4%E3%82%BB%E3%83%B3%E3%82%BF%E3%83%BC%20%E5%B1%B1%E5%BD%A2%E5%B8%82
みこころの園指定居宅介護支援事業所,ケアマネジャー・居宅介護支援,山形県,山形市,"介護,ケアマネジャー・居宅介護支援,相談",介護サービスの計画作成や事業所調整を行う相談先です。退院後の生活準備で重要です。,http://www.mikokoronosono.or.jp,山形県山形市大字沼木字下河原1129-1,023-644-7160,厚生労働省オープンデータ,https://www.mhlw.go.jp/content/12300000/jigyosho_430.csv,2025-12末,https://www.google.com/search?q=%E3%81%BF%E3%81%93%E3%81%93%E3%82%8D%E3%81%AE%E5%9C%92%E6%8C%87%E5%AE%9A%E5%B1%85%E5%AE%85%E4%BB%8B%E8%AD%B7%E6%94%AF%E6%8F%B4%E4%BA%8B%E6%A5%AD%E6%89%80%20%E5%B1%B1%E5%BD%A2%E5%B8%82
指定居宅介護支援事業所すげさわ,ケアマネジャー・居宅介護支援,山形県,山形市,"介護,ケアマネジャー・居宅介護支援,相談",介護サービスの計画作成や事業所調整を行う相談先です。退院後の生活準備で重要です。,http://yamagatashi-sj.or.jp/,山形県山形市すげさわの丘４６,023-646-1162,厚生労働省オープンデータ,https://www.mhlw.go.jp/content/12300000/jigyosho_430.csv,2025-12末,https://www.google.com/search?q=%E6%8C%87%E5%AE%9A%E5%B1%85%E5%AE%85%E4%BB%8B%E8%AD%B7%E6%94%AF%E6%8F%B4%E4%BA%8B%E6%A5%AD%E6%89%80%E3%81%99%E3%81%92%E3%81%95%E3%82%8F%20%E5%B1%B1%E5%BD%A2%E5%B8%82
指定居宅介護支援事業所たきやま,ケアマネジャー・居宅介護支援,山形県,山形市,"介護,ケアマネジャー・居宅介護支援,相談",介護サービスの計画作成や事業所調整を行う相談先です。退院後の生活準備で重要です。,http://yamagatashi-sj.or.jp/index.html,山形市大字岩波５番地,023-632-6099,厚生労働省オープンデータ,https://www.mhlw.go.jp/content/12300000/jigyosho_430.csv,2025-12末,https://www.google.com/search?q=%E6%8C%87%E5%AE%9A%E5%B1%85%E5%AE%85%E4%BB%8B%E8%AD%B7%E6%94%AF%E6%8F%B4%E4%BA%8B%E6%A5%AD%E6%89%80%E3%81%9F%E3%81%8D%E3%82%84%E3%81%BE%20%E5%B1%B1%E5%BD%A2%E5%B8%82
居宅介護支援事業所六日町あいあい,ケアマネジャー・居宅介護支援,山形県,山形市,"介護,ケアマネジャー・居宅介護支援,相談",介護サービスの計画作成や事業所調整を行う相談先です。退院後の生活準備で重要です。,https://aiai-yamagata.org,山形市六日町２番７号,023-634-6018,厚生労働省オープンデータ,https://www.mhlw.go.jp/content/12300000/jigyosho_430.csv,2025-12末,https://www.google.com/search?q=%E5%B1%85%E5%AE%85%E4%BB%8B%E8%AD%B7%E6%94%AF%E6%8F%B4%E4%BA%8B%E6%A5%AD%E6%89%80%E5%85%AD%E6%97%A5%E7%94%BA%E3%81%82%E3%81%84%E3%81%82%E3%81%84%20%E5%B1%B1%E5%BD%A2%E5%B8%82
ほほえみ介護,ケアマネジャー・居宅介護支援,山形県,山形市,"介護,ケアマネジャー・居宅介護支援,相談",介護サービスの計画作成や事業所調整を行う相談先です。退院後の生活準備で重要です。,hohoemi-kaigo＠silver.plala.or.jp,山形県山形市七日町2-7-43,023-666-7300,厚生労働省オープンデータ,https://www.mhlw.go.jp/content/12300000/jigyosho_430.csv,2025-12末,https://www.google.com/search?q=%E3%81%BB%E3%81%BB%E3%81%88%E3%81%BF%E4%BB%8B%E8%AD%B7%20%E5%B1%B1%E5%BD%A2%E5%B8%82
セントケア訪問看護ステーション山形,ケアマネジャー・居宅介護支援,山形県,山形市,"介護,ケアマネジャー・居宅介護支援,相談",介護サービスの計画作成や事業所調整を行う相談先です。退院後の生活準備で重要です。,http://www.saint-care.com/,山形県山形市十日町3丁目6番43号ほうゆうキャピタル,023-615-1014,厚生労働省オープンデータ,https://www.mhlw.go.jp/content/12300000/jigyosho_430.csv,2025-12末,https://www.google.com/search?q=%E3%82%BB%E3%83%B3%E3%83%88%E3%82%B1%E3%82%A2%E8%A8%AA%E5%95%8F%E7%9C%8B%E8%AD%B7%E3%82%B9%E3%83%86%E3%83%BC%E3%82%B7%E3%83%A7%E3%83%B3%E5%B1%B1%E5%BD%A2%20%E5%B1%B1%E5%BD%A2%E5%B8%82
ケアプランセンター　EMIO,ケアマネジャー・居宅介護支援,山形県,山形市,"介護,ケアマネジャー・居宅介護支援,相談",介護サービスの計画作成や事業所調整を行う相談先です。退院後の生活準備で重要です。,https://www.google.com/search?q=%E3%82%B1%E3%82%A2%E3%83%97%E3%83%A9%E3%83%B3%E3%82%BB%E3%83%B3%E3%82%BF%E3%83%BC%E3%80%80EMIO%20%E5%B1%B1%E5%BD%A2%E5%B8%82,山形県山形市陣場二丁目8-35,023-674-0375,厚生労働省オープンデータ,https://www.mhlw.go.jp/content/12300000/jigyosho_430.csv,2025-12末,https://www.google.com/search?q=%E3%82%B1%E3%82%A2%E3%83%97%E3%83%A9%E3%83%B3%E3%82%BB%E3%83%B3%E3%82%BF%E3%83%BC%E3%80%80EMIO%20%E5%B1%B1%E5%BD%A2%E5%B8%82
指定居宅介護支援事業所　花笑み,ケアマネジャー・居宅介護支援,山形県,山形市,"介護,ケアマネジャー・居宅介護支援,相談",介護サービスの計画作成や事業所調整を行う相談先です。退院後の生活準備で重要です。,https://www.google.com/search?q=%E6%8C%87%E5%AE%9A%E5%B1%85%E5%AE%85%E4%BB%8B%E8%AD%B7%E6%94%AF%E6%8F%B4%E4%BA%8B%E6%A5%AD%E6%89%80%E3%80%80%E8%8A%B1%E7%AC%91%E3%81%BF%20%E5%B1%B1%E5%BD%A2%E5%B8%82,山形市あけぼの1丁目6番8号,023-666-6633,厚生労働省オープンデータ,https://www.mhlw.go.jp/content/12300000/jigyosho_430.csv,2025-12末,https://www.google.com/search?q=%E6%8C%87%E5%AE%9A%E5%B1%85%E5%AE%85%E4%BB%8B%E8%AD%B7%E6%94%AF%E6%8F%B4%E4%BA%8B%E6%A5%AD%E6%89%80%E3%80%80%E8%8A%B1%E7%AC%91%E3%81%BF%20%E5%B1%B1%E5%BD%A2%E5%B8%82
居宅介護支援事業所ゆうじん,ケアマネジャー・居宅介護支援,山形県,山形市,"介護,ケアマネジャー・居宅介護支援,相談",介護サービスの計画作成や事業所調整を行う相談先です。退院後の生活準備で重要です。,https://www.google.com/search?q=%E5%B1%85%E5%AE%85%E4%BB%8B%E8%AD%B7%E6%94%AF%E6%8F%B4%E4%BA%8B%E6%A5%AD%E6%89%80%E3%82%86%E3%81%86%E3%81%98%E3%82%93%20%E5%B1%B1%E5%BD%A2%E5%B8%82,山形県山形市銅町２丁目１３番１１号,023-676-7472,厚生労働省オープンデータ,https://www.mhlw.go.jp/content/12300000/jigyosho_430.csv,2025-12末,https://www.google.com/search?q=%E5%B1%85%E5%AE%85%E4%BB%8B%E8%AD%B7%E6%94%AF%E6%8F%B4%E4%BA%8B%E6%A5%AD%E6%89%80%E3%82%86%E3%81%86%E3%81%98%E3%82%93%20%E5%B1%B1%E5%BD%A2%E5%B8%82
ケアプランセンターつどい,ケアマネジャー・居宅介護支援,山形県,山形市,"介護,ケアマネジャー・居宅介護支援,相談",介護サービスの計画作成や事業所調整を行う相談先です。退院後の生活準備で重要です。,https://www.google.com/search?q=%E3%82%B1%E3%82%A2%E3%83%97%E3%83%A9%E3%83%B3%E3%82%BB%E3%83%B3%E3%82%BF%E3%83%BC%E3%81%A4%E3%81%A9%E3%81%84%20%E5%B1%B1%E5%BD%A2%E5%B8%82,山形県山形市大字漆山1841-9株式会社つどい,023-600-2111,厚生労働省オープンデータ,https://www.mhlw.go.jp/content/12300000/jigyosho_430.csv,2025-12末,https://www.google.com/search?q=%E3%82%B1%E3%82%A2%E3%83%97%E3%83%A9%E3%83%B3%E3%82%BB%E3%83%B3%E3%82%BF%E3%83%BC%E3%81%A4%E3%81%A9%E3%81%84%20%E5%B1%B1%E5%BD%A2%E5%B8%82
ゴールデンスタッフ山形居宅介護支援センター,ケアマネジャー・居宅介護支援,山形県,山形市,"介護,ケアマネジャー・居宅介護支援,相談",介護サービスの計画作成や事業所調整を行う相談先です。退院後の生活準備で重要です。,https://pwig.jp,山形県山形市上町五丁目５－２７フォレストネットビル２０１号,023-646-6868,厚生労働省オープンデータ,https://www.mhlw.go.jp/content/12300000/jigyosho_430.csv,2025-12末,https://www.google.com/search?q=%E3%82%B4%E3%83%BC%E3%83%AB%E3%83%87%E3%83%B3%E3%82%B9%E3%82%BF%E3%83%83%E3%83%95%E5%B1%B1%E5%BD%A2%E5%B1%85%E5%AE%85%E4%BB%8B%E8%AD%B7%E6%94%AF%E6%8F%B4%E3%82%BB%E3%83%B3%E3%82%BF%E3%83%BC%20%E5%B1%B1%E5%BD%A2%E5%B8%82
ネヲハルケアセンター,ケアマネジャー・居宅介護支援,山形県,山形市,"介護,ケアマネジャー・居宅介護支援,相談",介護サービスの計画作成や事業所調整を行う相談先です。退院後の生活準備で重要です。,https://www.google.com/search?q=%E3%83%8D%E3%83%B2%E3%83%8F%E3%83%AB%E3%82%B1%E3%82%A2%E3%82%BB%E3%83%B3%E3%82%BF%E3%83%BC%20%E5%B1%B1%E5%BD%A2%E5%B8%82,山形県山形市陣場二丁目１０番１０号パレ・ドール1,023-666-4260,厚生労働省オープンデータ,https://www.mhlw.go.jp/content/12300000/jigyosho_430.csv,2025-12末,https://www.google.com/search?q=%E3%83%8D%E3%83%B2%E3%83%8F%E3%83%AB%E3%82%B1%E3%82%A2%E3%82%BB%E3%83%B3%E3%82%BF%E3%83%BC%20%E5%B1%B1%E5%BD%A2%E5%B8%82
居宅介護支援事業所　いろは,ケアマネジャー・居宅介護支援,山形県,山形市,"介護,ケアマネジャー・居宅介護支援,相談",介護サービスの計画作成や事業所調整を行う相談先です。退院後の生活準備で重要です。,https://www.google.com/search?q=%E5%B1%85%E5%AE%85%E4%BB%8B%E8%AD%B7%E6%94%AF%E6%8F%B4%E4%BA%8B%E6%A5%AD%E6%89%80%E3%80%80%E3%81%84%E3%82%8D%E3%81%AF%20%E5%B1%B1%E5%BD%A2%E5%B8%82,山形県山形市上桜田４丁目７－３,023-624-1768,厚生労働省オープンデータ,https://www.mhlw.go.jp/content/12300000/jigyosho_430.csv,2025-12末,https://www.google.com/search?q=%E5%B1%85%E5%AE%85%E4%BB%8B%E8%AD%B7%E6%94%AF%E6%8F%B4%E4%BA%8B%E6%A5%AD%E6%89%80%E3%80%80%E3%81%84%E3%82%8D%E3%81%AF%20%E5%B1%B1%E5%BD%A2%E5%B8%82
居宅介護支援事業所心音,ケアマネジャー・居宅介護支援,山形県,山形市,"介護,ケアマネジャー・居宅介護支援,相談",介護サービスの計画作成や事業所調整を行う相談先です。退院後の生活準備で重要です。,https://www.google.com/search?q=%E5%B1%85%E5%AE%85%E4%BB%8B%E8%AD%B7%E6%94%AF%E6%8F%B4%E4%BA%8B%E6%A5%AD%E6%89%80%E5%BF%83%E9%9F%B3%20%E5%B1%B1%E5%BD%A2%E5%B8%82,山形県山形市江俣１－９－２６,0236793244,厚生労働省オープンデータ,https://www.mhlw.go.jp/content/12300000/jigyosho_430.csv,2025-12末,https://www.google.com/search?q=%E5%B1%85%E5%AE%85%E4%BB%8B%E8%AD%B7%E6%94%AF%E6%8F%B4%E4%BA%8B%E6%A5%AD%E6%89%80%E5%BF%83%E9%9F%B3%20%E5%B1%B1%E5%BD%A2%E5%B8%82
ｴ･ｱﾛｰﾙｺﾝｽﾄﾗｸｼｮﾝﾏﾈｼﾞﾒﾝﾄ,ケアマネジャー・居宅介護支援,山形県,山形市,"介護,ケアマネジャー・居宅介護支援,相談",介護サービスの計画作成や事業所調整を行う相談先です。退院後の生活準備で重要です。,https://www.google.com/search?q=%EF%BD%B4%EF%BD%A5%EF%BD%B1%EF%BE%9B%EF%BD%B0%EF%BE%99%EF%BD%BA%EF%BE%9D%EF%BD%BD%EF%BE%84%EF%BE%97%EF%BD%B8%EF%BD%BC%EF%BD%AE%EF%BE%9D%EF%BE%8F%EF%BE%88%EF%BD%BC%EF%BE%9E%EF%BE%92%EF%BE%9D%EF%BE%84%20%E5%B1%B1%E5%BD%A2%E5%B8%82,山形県山形市桜田西2丁目5-12,023-600-2065,厚生労働省オープンデータ,https://www.mhlw.go.jp/content/12300000/jigyosho_430.csv,2025-12末,https://www.google.com/search?q=%EF%BD%B4%EF%BD%A5%EF%BD%B1%EF%BE%9B%EF%BD%B0%EF%BE%99%EF%BD%BA%EF%BE%9D%EF%BD%BD%EF%BE%84%EF%BE%97%EF%BD%B8%EF%BD%BC%EF%BD%AE%EF%BE%9D%EF%BE%8F%EF%BE%88%EF%BD%BC%EF%BE%9E%EF%BE%92%EF%BE%9D%EF%BE%84%20%E5%B1%B1%E5%BD%A2%E5%B8%82
指定居宅介護支援事業所よつば,ケアマネジャー・居宅介護支援,山形県,山形市,"介護,ケアマネジャー・居宅介護支援,相談",介護サービスの計画作成や事業所調整を行う相談先です。退院後の生活準備で重要です。,http://www.t-fukushi-service.co.jp,山形市嶋南一丁目10番7号,023-682-7250,厚生労働省オープンデータ,https://www.mhlw.go.jp/content/12300000/jigyosho_430.csv,2025-12末,https://www.google.com/search?q=%E6%8C%87%E5%AE%9A%E5%B1%85%E5%AE%85%E4%BB%8B%E8%AD%B7%E6%94%AF%E6%8F%B4%E4%BA%8B%E6%A5%AD%E6%89%80%E3%82%88%E3%81%A4%E3%81%B0%20%E5%B1%B1%E5%BD%A2%E5%B8%82
居宅介護支援事業所　くるみ,ケアマネジャー・居宅介護支援,山形県,山形市,"介護,ケアマネジャー・居宅介護支援,相談",介護サービスの計画作成や事業所調整を行う相談先です。退院後の生活準備で重要です。,https://www.google.com/search?q=%E5%B1%85%E5%AE%85%E4%BB%8B%E8%AD%B7%E6%94%AF%E6%8F%B4%E4%BA%8B%E6%A5%AD%E6%89%80%E3%80%80%E3%81%8F%E3%82%8B%E3%81%BF%20%E5%B1%B1%E5%BD%A2%E5%B8%82,山形県山形市あかねケ丘三丁目１－１０３号メゾンドワイズ,023-674-0926,厚生労働省オープンデータ,https://www.mhlw.go.jp/content/12300000/jigyosho_430.csv,2025-12末,https://www.google.com/search?q=%E5%B1%85%E5%AE%85%E4%BB%8B%E8%AD%B7%E6%94%AF%E6%8F%B4%E4%BA%8B%E6%A5%AD%E6%89%80%E3%80%80%E3%81%8F%E3%82%8B%E3%81%BF%20%E5%B1%B1%E5%BD%A2%E5%B8%82
いちまる居宅介護支援事業所,ケアマネジャー・居宅介護支援,山形県,山形市,"介護,ケアマネジャー・居宅介護支援,相談",介護サービスの計画作成や事業所調整を行う相談先です。退院後の生活準備で重要です。,https://ichimaru.fab3.co.jp/,山形県山形市若宮２－１７－１,023-664-3802,厚生労働省オープンデータ,https://www.mhlw.go.jp/content/12300000/jigyosho_430.csv,2025-12末,https://www.google.com/search?q=%E3%81%84%E3%81%A1%E3%81%BE%E3%82%8B%E5%B1%85%E5%AE%85%E4%BB%8B%E8%AD%B7%E6%94%AF%E6%8F%B4%E4%BA%8B%E6%A5%AD%E6%89%80%20%E5%B1%B1%E5%BD%A2%E5%B8%82
あかねヶ丘ケアセンター　あかねヶ丘居宅介護支援事業所,ケアマネジャー・居宅介護支援,山形県,山形市,"介護,ケアマネジャー・居宅介護支援,相談",介護サービスの計画作成や事業所調整を行う相談先です。退院後の生活準備で重要です。,http://rakusei-kai.or.jp/service/house,山形市あかねヶ丘3丁目15番7号,023-647-6632,厚生労働省オープンデータ,https://www.mhlw.go.jp/content/12300000/jigyosho_430.csv,2025-12末,https://www.google.com/search?q=%E3%81%82%E3%81%8B%E3%81%AD%E3%83%B6%E4%B8%98%E3%82%B1%E3%82%A2%E3%82%BB%E3%83%B3%E3%82%BF%E3%83%BC%E3%80%80%E3%81%82%E3%81%8B%E3%81%AD%E3%83%B6%E4%B8%98%E5%B1%85%E5%AE%85%E4%BB%8B%E8%AD%B7%E6%94%AF%E6%8F%B4%E4%BA%8B%E6%A5%AD%E6%89%80%20%E5%B1%B1%E5%BD%A2%E5%B8%82
楽聖ケアプランセンター,ケアマネジャー・居宅介護支援,山形県,山形市,"介護,ケアマネジャー・居宅介護支援,相談",介護サービスの計画作成や事業所調整を行う相談先です。退院後の生活準備で重要です。,http://rakusei-kai.or.jp/about,山形市江俣四丁目18番26号こころのクリニック山形ビル1階,023-687-0606,厚生労働省オープンデータ,https://www.mhlw.go.jp/content/12300000/jigyosho_430.csv,2025-12末,https://www.google.com/search?q=%E6%A5%BD%E8%81%96%E3%82%B1%E3%82%A2%E3%83%97%E3%83%A9%E3%83%B3%E3%82%BB%E3%83%B3%E3%82%BF%E3%83%BC%20%E5%B1%B1%E5%BD%A2%E5%B8%82
医療法人徳洲会山形徳洲会介護センター,ケアマネジャー・居宅介護支援,山形県,山形市,"介護,ケアマネジャー・居宅介護支援,相談",介護サービスの計画作成や事業所調整を行う相談先です。退院後の生活準備で重要です。,http://www.yamatoku-hp.jp/department/office/carecenter/,山形市清住町二丁目3-51,023-647-6969,厚生労働省オープンデータ,https://www.mhlw.go.jp/content/12300000/jigyosho_430.csv,2025-12末,https://www.google.com/search?q=%E5%8C%BB%E7%99%82%E6%B3%95%E4%BA%BA%E5%BE%B3%E6%B4%B2%E4%BC%9A%E5%B1%B1%E5%BD%A2%E5%BE%B3%E6%B4%B2%E4%BC%9A%E4%BB%8B%E8%AD%B7%E3%82%BB%E3%83%B3%E3%82%BF%E3%83%BC%20%E5%B1%B1%E5%BD%A2%E5%B8%82
アエル介護サービス,ケアマネジャー・居宅介護支援,山形県,山形市,"介護,ケアマネジャー・居宅介護支援,相談",介護サービスの計画作成や事業所調整を行う相談先です。退院後の生活準備で重要です。,https://www.google.com/search?q=%E3%82%A2%E3%82%A8%E3%83%AB%E4%BB%8B%E8%AD%B7%E3%82%B5%E3%83%BC%E3%83%93%E3%82%B9%20%E5%B1%B1%E5%BD%A2%E5%B8%82,山形県山形市城西町二丁目8番28-5号,023-679-4651,厚生労働省オープンデータ,https://www.mhlw.go.jp/content/12300000/jigyosho_430.csv,2025-12末,https://www.google.com/search?q=%E3%82%A2%E3%82%A8%E3%83%AB%E4%BB%8B%E8%AD%B7%E3%82%B5%E3%83%BC%E3%83%93%E3%82%B9%20%E5%B1%B1%E5%BD%A2%E5%B8%82
居宅介護支援事業所　　福寿草,ケアマネジャー・居宅介護支援,山形県,山形市,"介護,ケアマネジャー・居宅介護支援,相談",介護サービスの計画作成や事業所調整を行う相談先です。退院後の生活準備で重要です。,http://www.fukujukai.jp,山形県山形市小荷駄町12-46,０２３－６６６－３６６５,厚生労働省オープンデータ,https://www.mhlw.go.jp/content/12300000/jigyosho_430.csv,2025-12末,https://www.google.com/search?q=%E5%B1%85%E5%AE%85%E4%BB%8B%E8%AD%B7%E6%94%AF%E6%8F%B4%E4%BA%8B%E6%A5%AD%E6%89%80%E3%80%80%E3%80%80%E7%A6%8F%E5%AF%BF%E8%8D%89%20%E5%B1%B1%E5%BD%A2%E5%B8%82
ニチイケアセンター山形,ケアマネジャー・居宅介護支援,山形県,山形市,"介護,ケアマネジャー・居宅介護支援,相談",介護サービスの計画作成や事業所調整を行う相談先です。退院後の生活準備で重要です。,http://www.nichiigakkan.co.jp,山形県山形市上町3-12-6,023-647-1951,厚生労働省オープンデータ,https://www.mhlw.go.jp/content/12300000/jigyosho_430.csv,2025-12末,https://www.google.com/search?q=%E3%83%8B%E3%83%81%E3%82%A4%E3%82%B1%E3%82%A2%E3%82%BB%E3%83%B3%E3%82%BF%E3%83%BC%E5%B1%B1%E5%BD%A2%20%E5%B1%B1%E5%BD%A2%E5%B8%82
居宅介護支援事業所かけはし,ケアマネジャー・居宅介護支援,山形県,山形市,"介護,ケアマネジャー・居宅介護支援,相談",介護サービスの計画作成や事業所調整を行う相談先です。退院後の生活準備で重要です。,https://hairy-harmony.com/,山形県山形市三日町二丁目2番55号,023-666-7065,厚生労働省オープンデータ,https://www.mhlw.go.jp/content/12300000/jigyosho_430.csv,2025-12末,https://www.google.com/search?q=%E5%B1%85%E5%AE%85%E4%BB%8B%E8%AD%B7%E6%94%AF%E6%8F%B4%E4%BA%8B%E6%A5%AD%E6%89%80%E3%81%8B%E3%81%91%E3%81%AF%E3%81%97%20%E5%B1%B1%E5%BD%A2%E5%B8%82
居宅介護支援事業所ちとせ,ケアマネジャー・居宅介護支援,山形県,山形市,"介護,ケアマネジャー・居宅介護支援,相談",介護サービスの計画作成や事業所調整を行う相談先です。退院後の生活準備で重要です。,https://www.izumi-no-mori.jp/,山形県山形市落合町205番地,023-634-5525,厚生労働省オープンデータ,https://www.mhlw.go.jp/content/12300000/jigyosho_430.csv,2025-12末,https://www.google.com/search?q=%E5%B1%85%E5%AE%85%E4%BB%8B%E8%AD%B7%E6%94%AF%E6%8F%B4%E4%BA%8B%E6%A5%AD%E6%89%80%E3%81%A1%E3%81%A8%E3%81%9B%20%E5%B1%B1%E5%BD%A2%E5%B8%82
ＳＯＭＰＯケア　山形あかねヶ丘　居宅介護支援,ケアマネジャー・居宅介護支援,山形県,山形市,"介護,ケアマネジャー・居宅介護支援,相談",介護サービスの計画作成や事業所調整を行う相談先です。退院後の生活準備で重要です。,https://www.sompocare.com,山形県山形市あかねヶ丘一丁目丁目2番33号　結城貸店舗2F結城貸店舗2F,023-647-7123,厚生労働省オープンデータ,https://www.mhlw.go.jp/content/12300000/jigyosho_430.csv,2025-12末,https://www.google.com/search?q=%EF%BC%B3%EF%BC%AF%EF%BC%AD%EF%BC%B0%EF%BC%AF%E3%82%B1%E3%82%A2%E3%80%80%E5%B1%B1%E5%BD%A2%E3%81%82%E3%81%8B%E3%81%AD%E3%83%B6%E4%B8%98%E3%80%80%E5%B1%85%E5%AE%85%E4%BB%8B%E8%AD%B7%E6%94%AF%E6%8F%B4%20%E5%B1%B1%E5%BD%A2%E5%B8%82
グラシアスケアプランセンター,ケアマネジャー・居宅介護支援,山形県,山形市,"介護,ケアマネジャー・居宅介護支援,相談",介護サービスの計画作成や事業所調整を行う相談先です。退院後の生活準備で重要です。,https://www.google.com/search?q=%E3%82%B0%E3%83%A9%E3%82%B7%E3%82%A2%E3%82%B9%E3%82%B1%E3%82%A2%E3%83%97%E3%83%A9%E3%83%B3%E3%82%BB%E3%83%B3%E3%82%BF%E3%83%BC%20%E5%B1%B1%E5%BD%A2%E5%B8%82,山形県山形市大字中野69番地3,023-616-5330,厚生労働省オープンデータ,https://www.mhlw.go.jp/content/12300000/jigyosho_430.csv,2025-12末,https://www.google.com/search?q=%E3%82%B0%E3%83%A9%E3%82%B7%E3%82%A2%E3%82%B9%E3%82%B1%E3%82%A2%E3%83%97%E3%83%A9%E3%83%B3%E3%82%BB%E3%83%B3%E3%82%BF%E3%83%BC%20%E5%B1%B1%E5%BD%A2%E5%B8%82
居宅介護支援事業所　けやきの森,ケアマネジャー・居宅介護支援,山形県,山形市,"介護,ケアマネジャー・居宅介護支援,相談",介護サービスの計画作成や事業所調整を行う相談先です。退院後の生活準備で重要です。,https://www.google.com/search?q=%E5%B1%85%E5%AE%85%E4%BB%8B%E8%AD%B7%E6%94%AF%E6%8F%B4%E4%BA%8B%E6%A5%AD%E6%89%80%E3%80%80%E3%81%91%E3%82%84%E3%81%8D%E3%81%AE%E6%A3%AE%20%E5%B1%B1%E5%BD%A2%E5%B8%82,山形市大字漆山字念仏段1903-1,023-674-9327,厚生労働省オープンデータ,https://www.mhlw.go.jp/content/12300000/jigyosho_430.csv,2025-12末,https://www.google.com/search?q=%E5%B1%85%E5%AE%85%E4%BB%8B%E8%AD%B7%E6%94%AF%E6%8F%B4%E4%BA%8B%E6%A5%AD%E6%89%80%E3%80%80%E3%81%91%E3%82%84%E3%81%8D%E3%81%AE%E6%A3%AE%20%E5%B1%B1%E5%BD%A2%E5%B8%82
居宅介護支援事業所馬見ヶ崎,ケアマネジャー・居宅介護支援,山形県,山形市,"介護,ケアマネジャー・居宅介護支援,相談",介護サービスの計画作成や事業所調整を行う相談先です。退院後の生活準備で重要です。,http://kjp-net.jp,山形県山形市桧町一丁目１７番２３号,023-681-5822,厚生労働省オープンデータ,https://www.mhlw.go.jp/content/12300000/jigyosho_430.csv,2025-12末,https://www.google.com/search?q=%E5%B1%85%E5%AE%85%E4%BB%8B%E8%AD%B7%E6%94%AF%E6%8F%B4%E4%BA%8B%E6%A5%AD%E6%89%80%E9%A6%AC%E8%A6%8B%E3%83%B6%E5%B4%8E%20%E5%B1%B1%E5%BD%A2%E5%B8%82
ケアプランセンターすみれ,ケアマネジャー・居宅介護支援,山形県,山形市,"介護,ケアマネジャー・居宅介護支援,相談",介護サービスの計画作成や事業所調整を行う相談先です。退院後の生活準備で重要です。,http://www.sumirekanon.com/,山形市城西町五丁目１番７号,023-664-1500,厚生労働省オープンデータ,https://www.mhlw.go.jp/content/12300000/jigyosho_430.csv,2025-12末,https://www.google.com/search?q=%E3%82%B1%E3%82%A2%E3%83%97%E3%83%A9%E3%83%B3%E3%82%BB%E3%83%B3%E3%82%BF%E3%83%BC%E3%81%99%E3%81%BF%E3%82%8C%20%E5%B1%B1%E5%BD%A2%E5%B8%82
指定居宅介護支援事業所　虹,ケアマネジャー・居宅介護支援,山形県,山形市,"介護,ケアマネジャー・居宅介護支援,相談",介護サービスの計画作成や事業所調整を行う相談先です。退院後の生活準備で重要です。,http://y-mcoop.com/,山形県山形市城西町4-27-25,023-643-2883,厚生労働省オープンデータ,https://www.mhlw.go.jp/content/12300000/jigyosho_430.csv,2025-12末,https://www.google.com/search?q=%E6%8C%87%E5%AE%9A%E5%B1%85%E5%AE%85%E4%BB%8B%E8%AD%B7%E6%94%AF%E6%8F%B4%E4%BA%8B%E6%A5%AD%E6%89%80%E3%80%80%E8%99%B9%20%E5%B1%B1%E5%BD%A2%E5%B8%82
居宅介護支援事業所結いの和,ケアマネジャー・居宅介護支援,山形県,山形市,"介護,ケアマネジャー・居宅介護支援,相談",介護サービスの計画作成や事業所調整を行う相談先です。退院後の生活準備で重要です。,https://www.google.com/search?q=%E5%B1%85%E5%AE%85%E4%BB%8B%E8%AD%B7%E6%94%AF%E6%8F%B4%E4%BA%8B%E6%A5%AD%E6%89%80%E7%B5%90%E3%81%84%E3%81%AE%E5%92%8C%20%E5%B1%B1%E5%BD%A2%E5%B8%82,山形県山形市北江俣71-2メリーアパート101号室,023-666-3360,厚生労働省オープンデータ,https://www.mhlw.go.jp/content/12300000/jigyosho_430.csv,2025-12末,https://www.google.com/search?q=%E5%B1%85%E5%AE%85%E4%BB%8B%E8%AD%B7%E6%94%AF%E6%8F%B4%E4%BA%8B%E6%A5%AD%E6%89%80%E7%B5%90%E3%81%84%E3%81%AE%E5%92%8C%20%E5%B1%B1%E5%BD%A2%E5%B8%82
居宅介護支援事業所さくらホーム山形,ケアマネジャー・居宅介護支援,山形県,山形市,"介護,ケアマネジャー・居宅介護支援,相談",介護サービスの計画作成や事業所調整を行う相談先です。退院後の生活準備で重要です。,http://sakura-welfare.sakura.ne.jp/,山形県山形市嶋北三丁目14番24号,023-674-6510,厚生労働省オープンデータ,https://www.mhlw.go.jp/content/12300000/jigyosho_430.csv,2025-12末,https://www.google.com/search?q=%E5%B1%85%E5%AE%85%E4%BB%8B%E8%AD%B7%E6%94%AF%E6%8F%B4%E4%BA%8B%E6%A5%AD%E6%89%80%E3%81%95%E3%81%8F%E3%82%89%E3%83%9B%E3%83%BC%E3%83%A0%E5%B1%B1%E5%BD%A2%20%E5%B1%B1%E5%BD%A2%E5%B8%82
萬屋薬局ケアプランセンター松の実,ケアマネジャー・居宅介護支援,山形県,山形市,"介護,ケアマネジャー・居宅介護支援,相談",介護サービスの計画作成や事業所調整を行う相談先です。退院後の生活準備で重要です。,http://www.yorozuya-yakkyoku.jp/,山形県山形市七日町一丁目２番３５号萬屋薬局Pinusビル2階,023-676-7770,厚生労働省オープンデータ,https://www.mhlw.go.jp/content/12300000/jigyosho_430.csv,2025-12末,https://www.google.com/search?q=%E8%90%AC%E5%B1%8B%E8%96%AC%E5%B1%80%E3%82%B1%E3%82%A2%E3%83%97%E3%83%A9%E3%83%B3%E3%82%BB%E3%83%B3%E3%82%BF%E3%83%BC%E6%9D%BE%E3%81%AE%E5%AE%9F%20%E5%B1%B1%E5%BD%A2%E5%B8%82
介護福祉施設　燦燦,ケアマネジャー・居宅介護支援,山形県,山形市,"介護,ケアマネジャー・居宅介護支援,相談",介護サービスの計画作成や事業所調整を行う相談先です。退院後の生活準備で重要です。,http://www.san-san.jp,山形県山形市大字十文字字大原848番1,023-686-9866,厚生労働省オープンデータ,https://www.mhlw.go.jp/content/12300000/jigyosho_430.csv,2025-12末,https://www.google.com/search?q=%E4%BB%8B%E8%AD%B7%E7%A6%8F%E7%A5%89%E6%96%BD%E8%A8%AD%E3%80%80%E7%87%A6%E7%87%A6%20%E5%B1%B1%E5%BD%A2%E5%B8%82
居宅介護支援事業所訪問看護ステーションやまがた,ケアマネジャー・居宅介護支援,山形県,山形市,"介護,ケアマネジャー・居宅介護支援,相談",介護サービスの計画作成や事業所調整を行う相談先です。退院後の生活準備で重要です。,https://www.google.com/search?q=%E5%B1%85%E5%AE%85%E4%BB%8B%E8%AD%B7%E6%94%AF%E6%8F%B4%E4%BA%8B%E6%A5%AD%E6%89%80%E8%A8%AA%E5%95%8F%E7%9C%8B%E8%AD%B7%E3%82%B9%E3%83%86%E3%83%BC%E3%82%B7%E3%83%A7%E3%83%B3%E3%82%84%E3%81%BE%E3%81%8C%E3%81%9F%20%E5%B1%B1%E5%BD%A2%E5%B8%82,山形市松栄一丁目５番６３号,023-685-8082,厚生労働省オープンデータ,https://www.mhlw.go.jp/content/12300000/jigyosho_430.csv,2025-12末,https://www.google.com/search?q=%E5%B1%85%E5%AE%85%E4%BB%8B%E8%AD%B7%E6%94%AF%E6%8F%B4%E4%BA%8B%E6%A5%AD%E6%89%80%E8%A8%AA%E5%95%8F%E7%9C%8B%E8%AD%B7%E3%82%B9%E3%83%86%E3%83%BC%E3%82%B7%E3%83%A7%E3%83%B3%E3%82%84%E3%81%BE%E3%81%8C%E3%81%9F%20%E5%B1%B1%E5%BD%A2%E5%B8%82
湖山病院ケアプランセンター,ケアマネジャー・居宅介護支援,山形県,山形市,"介護,ケアマネジャー・居宅介護支援,相談",介護サービスの計画作成や事業所調整を行う相談先です。退院後の生活準備で重要です。,hppt://www.ryokuaikai.com/,山形県山形市上桜田5丁目1番1号,023-664-1803,厚生労働省オープンデータ,https://www.mhlw.go.jp/content/12300000/jigyosho_430.csv,2025-12末,https://www.google.com/search?q=%E6%B9%96%E5%B1%B1%E7%97%85%E9%99%A2%E3%82%B1%E3%82%A2%E3%83%97%E3%83%A9%E3%83%B3%E3%82%BB%E3%83%B3%E3%82%BF%E3%83%BC%20%E5%B1%B1%E5%BD%A2%E5%B8%82
山形市社会福祉協議会居宅介護支援事業所,ケアマネジャー・居宅介護支援,山形県,山形市,"介護,ケアマネジャー・居宅介護支援,相談",介護サービスの計画作成や事業所調整を行う相談先です。退院後の生活準備で重要です。,http://www.yamagatashishakyo.or.jp/,山形市城西町二丁目２番２２号,023-647-9753,厚生労働省オープンデータ,https://www.mhlw.go.jp/content/12300000/jigyosho_430.csv,2025-12末,https://www.google.com/search?q=%E5%B1%B1%E5%BD%A2%E5%B8%82%E7%A4%BE%E4%BC%9A%E7%A6%8F%E7%A5%89%E5%8D%94%E8%AD%B0%E4%BC%9A%E5%B1%85%E5%AE%85%E4%BB%8B%E8%AD%B7%E6%94%AF%E6%8F%B4%E4%BA%8B%E6%A5%AD%E6%89%80%20%E5%B1%B1%E5%BD%A2%E5%B8%82
ふくふくケアプランセンター,ケアマネジャー・居宅介護支援,山形県,山形市,"介護,ケアマネジャー・居宅介護支援,相談",介護サービスの計画作成や事業所調整を行う相談先です。退院後の生活準備で重要です。,https://www.google.com/search?q=%E3%81%B5%E3%81%8F%E3%81%B5%E3%81%8F%E3%82%B1%E3%82%A2%E3%83%97%E3%83%A9%E3%83%B3%E3%82%BB%E3%83%B3%E3%82%BF%E3%83%BC%20%E5%B1%B1%E5%BD%A2%E5%B8%82,山形県山形市落合町337,023-665-1195,厚生労働省オープンデータ,https://www.mhlw.go.jp/content/12300000/jigyosho_430.csv,2025-12末,https://www.google.com/search?q=%E3%81%B5%E3%81%8F%E3%81%B5%E3%81%8F%E3%82%B1%E3%82%A2%E3%83%97%E3%83%A9%E3%83%B3%E3%82%BB%E3%83%B3%E3%82%BF%E3%83%BC%20%E5%B1%B1%E5%BD%A2%E5%B8%82
訪問看護ステーションなないろ,ケアマネジャー・居宅介護支援,山形県,山形市,"介護,ケアマネジャー・居宅介護支援,相談",介護サービスの計画作成や事業所調整を行う相談先です。退院後の生活準備で重要です。,https://www.google.com/search?q=%E8%A8%AA%E5%95%8F%E7%9C%8B%E8%AD%B7%E3%82%B9%E3%83%86%E3%83%BC%E3%82%B7%E3%83%A7%E3%83%B3%E3%81%AA%E3%81%AA%E3%81%84%E3%82%8D%20%E5%B1%B1%E5%BD%A2%E5%B8%82,山形県山形市平清水2丁目7番20号,023-676-5277,厚生労働省オープンデータ,https://www.mhlw.go.jp/content/12300000/jigyosho_430.csv,2025-12末,https://www.google.com/search?q=%E8%A8%AA%E5%95%8F%E7%9C%8B%E8%AD%B7%E3%82%B9%E3%83%86%E3%83%BC%E3%82%B7%E3%83%A7%E3%83%B3%E3%81%AA%E3%81%AA%E3%81%84%E3%82%8D%20%E5%B1%B1%E5%BD%A2%E5%B8%82
篠田指定居宅介護支援事業所,ケアマネジャー・居宅介護支援,山形県,山形市,"介護,ケアマネジャー・居宅介護支援,相談",介護サービスの計画作成や事業所調整を行う相談先です。退院後の生活準備で重要です。,http://www.shinoda-hp.or.jp,山形市桜町2番68号,023-629-8636,厚生労働省オープンデータ,https://www.mhlw.go.jp/content/12300000/jigyosho_430.csv,2025-12末,https://www.google.com/search?q=%E7%AF%A0%E7%94%B0%E6%8C%87%E5%AE%9A%E5%B1%85%E5%AE%85%E4%BB%8B%E8%AD%B7%E6%94%AF%E6%8F%B4%E4%BA%8B%E6%A5%AD%E6%89%80%20%E5%B1%B1%E5%BD%A2%E5%B8%82
至誠堂ケアプランセンター　みらい,ケアマネジャー・居宅介護支援,山形県,山形市,"介護,ケアマネジャー・居宅介護支援,相談",介護サービスの計画作成や事業所調整を行う相談先です。退院後の生活準備で重要です。,https://www.shiseido-hp.jp/facilities/service/mirai/,山形県山形市旅篭町1丁目7番23号至誠堂総合ケアセンター２階,023-615-7216,厚生労働省オープンデータ,https://www.mhlw.go.jp/content/12300000/jigyosho_430.csv,2025-12末,https://www.google.com/search?q=%E8%87%B3%E8%AA%A0%E5%A0%82%E3%82%B1%E3%82%A2%E3%83%97%E3%83%A9%E3%83%B3%E3%82%BB%E3%83%B3%E3%82%BF%E3%83%BC%E3%80%80%E3%81%BF%E3%82%89%E3%81%84%20%E5%B1%B1%E5%BD%A2%E5%B8%82
居宅介護支援事業所つばさ米沢,ケアマネジャー・居宅介護支援,山形県,米沢市,"介護,ケアマネジャー・居宅介護支援,相談",介護サービスの計画作成や事業所調整を行う相談先です。退院後の生活準備で重要です。,http://www.tbasa.co.jp,山形県米沢市花沢町2823-3,0238-26-1277,厚生労働省オープンデータ,https://www.mhlw.go.jp/content/12300000/jigyosho_430.csv,2025-12末,https://www.google.com/search?q=%E5%B1%85%E5%AE%85%E4%BB%8B%E8%AD%B7%E6%94%AF%E6%8F%B4%E4%BA%8B%E6%A5%AD%E6%89%80%E3%81%A4%E3%81%B0%E3%81%95%E7%B1%B3%E6%B2%A2%20%E7%B1%B3%E6%B2%A2%E5%B8%82
居宅介護支援事業所フランシア,ケアマネジャー・居宅介護支援,山形県,米沢市,"介護,ケアマネジャー・居宅介護支援,相談",介護サービスの計画作成や事業所調整を行う相談先です。退院後の生活準備で重要です。,https://www.google.com/search?q=%E5%B1%85%E5%AE%85%E4%BB%8B%E8%AD%B7%E6%94%AF%E6%8F%B4%E4%BA%8B%E6%A5%AD%E6%89%80%E3%83%95%E3%83%A9%E3%83%B3%E3%82%B7%E3%82%A2%20%E7%B1%B3%E6%B2%A2%E5%B8%82,山形県米沢市大字笹野６３６番地の５,0238-38-2300,厚生労働省オープンデータ,https://www.mhlw.go.jp/content/12300000/jigyosho_430.csv,2025-12末,https://www.google.com/search?q=%E5%B1%85%E5%AE%85%E4%BB%8B%E8%AD%B7%E6%94%AF%E6%8F%B4%E4%BA%8B%E6%A5%AD%E6%89%80%E3%83%95%E3%83%A9%E3%83%B3%E3%82%B7%E3%82%A2%20%E7%B1%B3%E6%B2%A2%E5%B8%82
ケアセンターてらす,ケアマネジャー・居宅介護支援,山形県,米沢市,"介護,ケアマネジャー・居宅介護支援,相談",介護サービスの計画作成や事業所調整を行う相談先です。退院後の生活準備で重要です。,http://hp.kaipoke.biz/bgz/,山形県米沢市窪田町窪田1435番地の13,0238－27－8695,厚生労働省オープンデータ,https://www.mhlw.go.jp/content/12300000/jigyosho_430.csv,2025-12末,https://www.google.com/search?q=%E3%82%B1%E3%82%A2%E3%82%BB%E3%83%B3%E3%82%BF%E3%83%BC%E3%81%A6%E3%82%89%E3%81%99%20%E7%B1%B3%E6%B2%A2%E5%B8%82
スマートライフ　かいごの窓口,ケアマネジャー・居宅介護支援,山形県,米沢市,"介護,ケアマネジャー・居宅介護支援,相談",介護サービスの計画作成や事業所調整を行う相談先です。退院後の生活準備で重要です。,https://www.google.com/search?q=%E3%82%B9%E3%83%9E%E3%83%BC%E3%83%88%E3%83%A9%E3%82%A4%E3%83%95%E3%80%80%E3%81%8B%E3%81%84%E3%81%94%E3%81%AE%E7%AA%93%E5%8F%A3%20%E7%B1%B3%E6%B2%A2%E5%B8%82,山形県米沢市駅前1丁目1番110号,0238-20-5550,厚生労働省オープンデータ,https://www.mhlw.go.jp/content/12300000/jigyosho_430.csv,2025-12末,https://www.google.com/search?q=%E3%82%B9%E3%83%9E%E3%83%BC%E3%83%88%E3%83%A9%E3%82%A4%E3%83%95%E3%80%80%E3%81%8B%E3%81%84%E3%81%94%E3%81%AE%E7%AA%93%E5%8F%A3%20%E7%B1%B3%E6%B2%A2%E5%B8%82
楽らくケアセンター居宅介護支援事業所,ケアマネジャー・居宅介護支援,山形県,米沢市,"介護,ケアマネジャー・居宅介護支援,相談",介護サービスの計画作成や事業所調整を行う相談先です。退院後の生活準備で重要です。,http://raku-raku.info,山形県米沢市大町五丁目４－５１,0238-24-0087,厚生労働省オープンデータ,https://www.mhlw.go.jp/content/12300000/jigyosho_430.csv,2025-12末,https://www.google.com/search?q=%E6%A5%BD%E3%82%89%E3%81%8F%E3%82%B1%E3%82%A2%E3%82%BB%E3%83%B3%E3%82%BF%E3%83%BC%E5%B1%85%E5%AE%85%E4%BB%8B%E8%AD%B7%E6%94%AF%E6%8F%B4%E4%BA%8B%E6%A5%AD%E6%89%80%20%E7%B1%B3%E6%B2%A2%E5%B8%82
公徳会米沢居宅介護支援事業所,ケアマネジャー・居宅介護支援,山形県,米沢市,"介護,ケアマネジャー・居宅介護支援,相談",介護サービスの計画作成や事業所調整を行う相談先です。退院後の生活準備で重要です。,http://www.koutoku.or.jp,山形県米沢市下花沢2丁目5番20号,0238-49-7190,厚生労働省オープンデータ,https://www.mhlw.go.jp/content/12300000/jigyosho_430.csv,2025-12末,https://www.google.com/search?q=%E5%85%AC%E5%BE%B3%E4%BC%9A%E7%B1%B3%E6%B2%A2%E5%B1%85%E5%AE%85%E4%BB%8B%E8%AD%B7%E6%94%AF%E6%8F%B4%E4%BA%8B%E6%A5%AD%E6%89%80%20%E7%B1%B3%E6%B2%A2%E5%B8%82
あづま居宅介護支援事業所,ケアマネジャー・居宅介護支援,山形県,米沢市,"介護,ケアマネジャー・居宅介護支援,相談",介護サービスの計画作成や事業所調整を行う相談先です。退院後の生活準備で重要です。,http://www.y-aduma.com./,山形県米沢市大字李山８１３２－１１,０２３８－３８－５５３６,厚生労働省オープンデータ,https://www.mhlw.go.jp/content/12300000/jigyosho_430.csv,2025-12末,https://www.google.com/search?q=%E3%81%82%E3%81%A5%E3%81%BE%E5%B1%85%E5%AE%85%E4%BB%8B%E8%AD%B7%E6%94%AF%E6%8F%B4%E4%BA%8B%E6%A5%AD%E6%89%80%20%E7%B1%B3%E6%B2%A2%E5%B8%82
おいたまの郷指定居宅介護支援事業所,ケアマネジャー・居宅介護支援,山形県,米沢市,"介護,ケアマネジャー・居宅介護支援,相談",介護サービスの計画作成や事業所調整を行う相談先です。退院後の生活準備で重要です。,http://oitamanosato.jp,米沢市下新田28番地,0238-37-7800,厚生労働省オープンデータ,https://www.mhlw.go.jp/content/12300000/jigyosho_430.csv,2025-12末,https://www.google.com/search?q=%E3%81%8A%E3%81%84%E3%81%9F%E3%81%BE%E3%81%AE%E9%83%B7%E6%8C%87%E5%AE%9A%E5%B1%85%E5%AE%85%E4%BB%8B%E8%AD%B7%E6%94%AF%E6%8F%B4%E4%BA%8B%E6%A5%AD%E6%89%80%20%E7%B1%B3%E6%B2%A2%E5%B8%82
ツクイ米沢,ケアマネジャー・居宅介護支援,山形県,米沢市,"介護,ケアマネジャー・居宅介護支援,相談",介護サービスの計画作成や事業所調整を行う相談先です。退院後の生活準備で重要です。,https://www.google.com/search?q=%E3%83%84%E3%82%AF%E3%82%A4%E7%B1%B3%E6%B2%A2%20%E7%B1%B3%E6%B2%A2%E5%B8%82,山形県米沢市栄町1-4,0238-26-7302,厚生労働省オープンデータ,https://www.mhlw.go.jp/content/12300000/jigyosho_430.csv,2025-12末,https://www.google.com/search?q=%E3%83%84%E3%82%AF%E3%82%A4%E7%B1%B3%E6%B2%A2%20%E7%B1%B3%E6%B2%A2%E5%B8%82
万世園居宅介護支援事業所,ケアマネジャー・居宅介護支援,山形県,米沢市,"介護,ケアマネジャー・居宅介護支援,相談",介護サービスの計画作成や事業所調整を行う相談先です。退院後の生活準備で重要です。,https://www.google.com/search?q=%E4%B8%87%E4%B8%96%E5%9C%92%E5%B1%85%E5%AE%85%E4%BB%8B%E8%AD%B7%E6%94%AF%E6%8F%B4%E4%BA%8B%E6%A5%AD%E6%89%80%20%E7%B1%B3%E6%B2%A2%E5%B8%82,山形県米沢市万世町牛森4172-5,0238-28-1456,厚生労働省オープンデータ,https://www.mhlw.go.jp/content/12300000/jigyosho_430.csv,2025-12末,https://www.google.com/search?q=%E4%B8%87%E4%B8%96%E5%9C%92%E5%B1%85%E5%AE%85%E4%BB%8B%E8%AD%B7%E6%94%AF%E6%8F%B4%E4%BA%8B%E6%A5%AD%E6%89%80%20%E7%B1%B3%E6%B2%A2%E5%B8%82
山形県高齢者福祉生活協同組合米沢地域福祉事業所「まごころ」,ケアマネジャー・居宅介護支援,山形県,米沢市,"介護,ケアマネジャー・居宅介護支援,相談",介護サービスの計画作成や事業所調整を行う相談先です。退院後の生活準備で重要です。,https://www.google.com/search?q=%E5%B1%B1%E5%BD%A2%E7%9C%8C%E9%AB%98%E9%BD%A2%E8%80%85%E7%A6%8F%E7%A5%89%E7%94%9F%E6%B4%BB%E5%8D%94%E5%90%8C%E7%B5%84%E5%90%88%E7%B1%B3%E6%B2%A2%E5%9C%B0%E5%9F%9F%E7%A6%8F%E7%A5%89%E4%BA%8B%E6%A5%AD%E6%89%80%E3%80%8C%E3%81%BE%E3%81%94%E3%81%93%E3%82%8D%E3%80%8D%20%E7%B1%B3%E6%B2%A2%E5%B8%82,山形県米沢市舘山1丁目1番19号,0238-37-8236,厚生労働省オープンデータ,https://www.mhlw.go.jp/content/12300000/jigyosho_430.csv,2025-12末,https://www.google.com/search?q=%E5%B1%B1%E5%BD%A2%E7%9C%8C%E9%AB%98%E9%BD%A2%E8%80%85%E7%A6%8F%E7%A5%89%E7%94%9F%E6%B4%BB%E5%8D%94%E5%90%8C%E7%B5%84%E5%90%88%E7%B1%B3%E6%B2%A2%E5%9C%B0%E5%9F%9F%E7%A6%8F%E7%A5%89%E4%BA%8B%E6%A5%AD%E6%89%80%E3%80%8C%E3%81%BE%E3%81%94%E3%81%93%E3%82%8D%E3%80%8D%20%E7%B1%B3%E6%B2%A2%E5%B8%82
居宅介護支援センターぴゅあふる,ケアマネジャー・居宅介護支援,山形県,米沢市,"介護,ケアマネジャー・居宅介護支援,相談",介護サービスの計画作成や事業所調整を行う相談先です。退院後の生活準備で重要です。,https://y-seiyukai.com/kyotakuhome/,山形県米沢市春日1丁目4-27,0238-21-1995,厚生労働省オープンデータ,https://www.mhlw.go.jp/content/12300000/jigyosho_430.csv,2025-12末,https://www.google.com/search?q=%E5%B1%85%E5%AE%85%E4%BB%8B%E8%AD%B7%E6%94%AF%E6%8F%B4%E3%82%BB%E3%83%B3%E3%82%BF%E3%83%BC%E3%81%B4%E3%82%85%E3%81%82%E3%81%B5%E3%82%8B%20%E7%B1%B3%E6%B2%A2%E5%B8%82
地域ケアセンター東陽館　居宅介護支援事業所,ケアマネジャー・居宅介護支援,山形県,米沢市,"介護,ケアマネジャー・居宅介護支援,相談",介護サービスの計画作成や事業所調整を行う相談先です。退院後の生活準備で重要です。,http://care-net.biz/06/touyoukan/,山形県米沢市丸の内2丁目3番3号,0238-22-5170,厚生労働省オープンデータ,https://www.mhlw.go.jp/content/12300000/jigyosho_430.csv,2025-12末,https://www.google.com/search?q=%E5%9C%B0%E5%9F%9F%E3%82%B1%E3%82%A2%E3%82%BB%E3%83%B3%E3%82%BF%E3%83%BC%E6%9D%B1%E9%99%BD%E9%A4%A8%E3%80%80%E5%B1%85%E5%AE%85%E4%BB%8B%E8%AD%B7%E6%94%AF%E6%8F%B4%E4%BA%8B%E6%A5%AD%E6%89%80%20%E7%B1%B3%E6%B2%A2%E5%B8%82
ケアプランセンターなごみ,ケアマネジャー・居宅介護支援,山形県,米沢市,"介護,ケアマネジャー・居宅介護支援,相談",介護サービスの計画作成や事業所調整を行う相談先です。退院後の生活準備で重要です。,https://nagomi-calm.com,山形県米沢市門東町2丁目8番38号,0238-22-7557,厚生労働省オープンデータ,https://www.mhlw.go.jp/content/12300000/jigyosho_430.csv,2025-12末,https://www.google.com/search?q=%E3%82%B1%E3%82%A2%E3%83%97%E3%83%A9%E3%83%B3%E3%82%BB%E3%83%B3%E3%82%BF%E3%83%BC%E3%81%AA%E3%81%94%E3%81%BF%20%E7%B1%B3%E6%B2%A2%E5%B8%82
ひなたぼっこ　指定居宅介護支援事業所,ケアマネジャー・居宅介護支援,山形県,米沢市,"介護,ケアマネジャー・居宅介護支援,相談",介護サービスの計画作成や事業所調整を行う相談先です。退院後の生活準備で重要です。,https://y-hinata.com,米沢市館山1丁目2-15-3,0238-37-0786,厚生労働省オープンデータ,https://www.mhlw.go.jp/content/12300000/jigyosho_430.csv,2025-12末,https://www.google.com/search?q=%E3%81%B2%E3%81%AA%E3%81%9F%E3%81%BC%E3%81%A3%E3%81%93%E3%80%80%E6%8C%87%E5%AE%9A%E5%B1%85%E5%AE%85%E4%BB%8B%E8%AD%B7%E6%94%AF%E6%8F%B4%E4%BA%8B%E6%A5%AD%E6%89%80%20%E7%B1%B3%E6%B2%A2%E5%B8%82
居宅介護事業所やまぼうし,ケアマネジャー・居宅介護支援,山形県,米沢市,"介護,ケアマネジャー・居宅介護支援,相談",介護サービスの計画作成や事業所調整を行う相談先です。退院後の生活準備で重要です。,https://kaigo-yamabousi.net,山形県米沢市直江町２番３５号,0238228511,厚生労働省オープンデータ,https://www.mhlw.go.jp/content/12300000/jigyosho_430.csv,2025-12末,https://www.google.com/search?q=%E5%B1%85%E5%AE%85%E4%BB%8B%E8%AD%B7%E4%BA%8B%E6%A5%AD%E6%89%80%E3%82%84%E3%81%BE%E3%81%BC%E3%81%86%E3%81%97%20%E7%B1%B3%E6%B2%A2%E5%B8%82
ケアプランセンター米沢敬寿園,ケアマネジャー・居宅介護支援,山形県,米沢市,"介護,ケアマネジャー・居宅介護支援,相談",介護サービスの計画作成や事業所調整を行う相談先です。退院後の生活準備で重要です。,https://keijuen.or.jp/,山形県米沢市金池５丁目６－１１７,０２３８－２７－１８１５,厚生労働省オープンデータ,https://www.mhlw.go.jp/content/12300000/jigyosho_430.csv,2025-12末,https://www.google.com/search?q=%E3%82%B1%E3%82%A2%E3%83%97%E3%83%A9%E3%83%B3%E3%82%BB%E3%83%B3%E3%82%BF%E3%83%BC%E7%B1%B3%E6%B2%A2%E6%95%AC%E5%AF%BF%E5%9C%92%20%E7%B1%B3%E6%B2%A2%E5%B8%82
シエンズケアマネジメント事務所米沢,ケアマネジャー・居宅介護支援,山形県,米沢市,"介護,ケアマネジャー・居宅介護支援,相談",介護サービスの計画作成や事業所調整を行う相談先です。退院後の生活準備で重要です。,https://www.google.com/search?q=%E3%82%B7%E3%82%A8%E3%83%B3%E3%82%BA%E3%82%B1%E3%82%A2%E3%83%9E%E3%83%8D%E3%82%B8%E3%83%A1%E3%83%B3%E3%83%88%E4%BA%8B%E5%8B%99%E6%89%80%E7%B1%B3%E6%B2%A2%20%E7%B1%B3%E6%B2%A2%E5%B8%82,山形県米沢市万世町桑山２１９４介護と住まい生活支援センター米沢,050-8886-7740,厚生労働省オープンデータ,https://www.mhlw.go.jp/content/12300000/jigyosho_430.csv,2025-12末,https://www.google.com/search?q=%E3%82%B7%E3%82%A8%E3%83%B3%E3%82%BA%E3%82%B1%E3%82%A2%E3%83%9E%E3%83%8D%E3%82%B8%E3%83%A1%E3%83%B3%E3%83%88%E4%BA%8B%E5%8B%99%E6%89%80%E7%B1%B3%E6%B2%A2%20%E7%B1%B3%E6%B2%A2%E5%B8%82
舟山病院居宅介護支援センター,ケアマネジャー・居宅介護支援,山形県,米沢市,"介護,ケアマネジャー・居宅介護支援,相談",介護サービスの計画作成や事業所調整を行う相談先です。退院後の生活準備で重要です。,http://fnymhp.jp/established/kyotakukaigo/kyotakukaigo.htm,山形県米沢市駅前二丁目４番８号舟山病院　西棟１階,0238-23-4013,厚生労働省オープンデータ,https://www.mhlw.go.jp/content/12300000/jigyosho_430.csv,2025-12末,https://www.google.com/search?q=%E8%88%9F%E5%B1%B1%E7%97%85%E9%99%A2%E5%B1%85%E5%AE%85%E4%BB%8B%E8%AD%B7%E6%94%AF%E6%8F%B4%E3%82%BB%E3%83%B3%E3%82%BF%E3%83%BC%20%E7%B1%B3%E6%B2%A2%E5%B8%82
JA山形おきたま福祉センター米沢,ケアマネジャー・居宅介護支援,山形県,米沢市,"介護,ケアマネジャー・居宅介護支援,相談",介護サービスの計画作成や事業所調整を行う相談先です。退院後の生活準備で重要です。,http://www.okitama-yt-ja.or.jp,山形県米沢市広幡町上小菅638-4,0238-36-0383,厚生労働省オープンデータ,https://www.mhlw.go.jp/content/12300000/jigyosho_430.csv,2025-12末,https://www.google.com/search?q=JA%E5%B1%B1%E5%BD%A2%E3%81%8A%E3%81%8D%E3%81%9F%E3%81%BE%E7%A6%8F%E7%A5%89%E3%82%BB%E3%83%B3%E3%82%BF%E3%83%BC%E7%B1%B3%E6%B2%A2%20%E7%B1%B3%E6%B2%A2%E5%B8%82
米沢市社会福祉協議会　居宅介護支援事業所,ケアマネジャー・居宅介護支援,山形県,米沢市,"介護,ケアマネジャー・居宅介護支援,相談",介護サービスの計画作成や事業所調整を行う相談先です。退院後の生活準備で重要です。,https://www.google.com/search?q=%E7%B1%B3%E6%B2%A2%E5%B8%82%E7%A4%BE%E4%BC%9A%E7%A6%8F%E7%A5%89%E5%8D%94%E8%AD%B0%E4%BC%9A%E3%80%80%E5%B1%85%E5%AE%85%E4%BB%8B%E8%AD%B7%E6%94%AF%E6%8F%B4%E4%BA%8B%E6%A5%AD%E6%89%80%20%E7%B1%B3%E6%B2%A2%E5%B8%82,山形県米沢市西大通1丁目５番６０号すこやかセンター内,0238-24-4167,厚生労働省オープンデータ,https://www.mhlw.go.jp/content/12300000/jigyosho_430.csv,2025-12末,https://www.google.com/search?q=%E7%B1%B3%E6%B2%A2%E5%B8%82%E7%A4%BE%E4%BC%9A%E7%A6%8F%E7%A5%89%E5%8D%94%E8%AD%B0%E4%BC%9A%E3%80%80%E5%B1%85%E5%AE%85%E4%BB%8B%E8%AD%B7%E6%94%AF%E6%8F%B4%E4%BA%8B%E6%A5%AD%E6%89%80%20%E7%B1%B3%E6%B2%A2%E5%B8%82
成島園ケアプランセンター,ケアマネジャー・居宅介護支援,山形県,米沢市,"介護,ケアマネジャー・居宅介護支援,相談",介護サービスの計画作成や事業所調整を行う相談先です。退院後の生活準備で重要です。,https://narusimaen.org/,山形県米沢市広幡町成島字窪平山2120番地5,0238-37-2122,厚生労働省オープンデータ,https://www.mhlw.go.jp/content/12300000/jigyosho_430.csv,2025-12末,https://www.google.com/search?q=%E6%88%90%E5%B3%B6%E5%9C%92%E3%82%B1%E3%82%A2%E3%83%97%E3%83%A9%E3%83%B3%E3%82%BB%E3%83%B3%E3%82%BF%E3%83%BC%20%E7%B1%B3%E6%B2%A2%E5%B8%82
ニチイケアセンター米沢,ケアマネジャー・居宅介護支援,山形県,米沢市,"介護,ケアマネジャー・居宅介護支援,相談",介護サービスの計画作成や事業所調整を行う相談先です。退院後の生活準備で重要です。,http://www.nichiigakkan.co.jp,米沢市金池５丁目１３番２１号,0238-26-5222,厚生労働省オープンデータ,https://www.mhlw.go.jp/content/12300000/jigyosho_430.csv,2025-12末,https://www.google.com/search?q=%E3%83%8B%E3%83%81%E3%82%A4%E3%82%B1%E3%82%A2%E3%82%BB%E3%83%B3%E3%82%BF%E3%83%BC%E7%B1%B3%E6%B2%A2%20%E7%B1%B3%E6%B2%A2%E5%B8%82
株式会社サン十字居宅介護支援サービス,ケアマネジャー・居宅介護支援,山形県,米沢市,"介護,ケアマネジャー・居宅介護支援,相談",介護サービスの計画作成や事業所調整を行う相談先です。退院後の生活準備で重要です。,http://www.pro-care-sanjyuji.jp/,山形県米沢市中田町７５１－１,0238-37-7231,厚生労働省オープンデータ,https://www.mhlw.go.jp/content/12300000/jigyosho_430.csv,2025-12末,https://www.google.com/search?q=%E6%A0%AA%E5%BC%8F%E4%BC%9A%E7%A4%BE%E3%82%B5%E3%83%B3%E5%8D%81%E5%AD%97%E5%B1%85%E5%AE%85%E4%BB%8B%E8%AD%B7%E6%94%AF%E6%8F%B4%E3%82%B5%E3%83%BC%E3%83%93%E3%82%B9%20%E7%B1%B3%E6%B2%A2%E5%B8%82
ぬくもり居宅介護支援センター,ケアマネジャー・居宅介護支援,山形県,米沢市,"介護,ケアマネジャー・居宅介護支援,相談",介護サービスの計画作成や事業所調整を行う相談先です。退院後の生活準備で重要です。,http://www.nukumori‐service.com/,山形県米沢市松が岬2丁目6番16号,0238-27-0085,厚生労働省オープンデータ,https://www.mhlw.go.jp/content/12300000/jigyosho_430.csv,2025-12末,https://www.google.com/search?q=%E3%81%AC%E3%81%8F%E3%82%82%E3%82%8A%E5%B1%85%E5%AE%85%E4%BB%8B%E8%AD%B7%E6%94%AF%E6%8F%B4%E3%82%BB%E3%83%B3%E3%82%BF%E3%83%BC%20%E7%B1%B3%E6%B2%A2%E5%B8%82
はみんぐ指定居宅介護支援事業所,ケアマネジャー・居宅介護支援,山形県,米沢市,"介護,ケアマネジャー・居宅介護支援,相談",介護サービスの計画作成や事業所調整を行う相談先です。退院後の生活準備で重要です。,https://www.google.com/search?q=%E3%81%AF%E3%81%BF%E3%82%93%E3%81%90%E6%8C%87%E5%AE%9A%E5%B1%85%E5%AE%85%E4%BB%8B%E8%AD%B7%E6%94%AF%E6%8F%B4%E4%BA%8B%E6%A5%AD%E6%89%80%20%E7%B1%B3%E6%B2%A2%E5%B8%82,山形県米沢市大字川井字道下2995番地の5,0238-28-5766,厚生労働省オープンデータ,https://www.mhlw.go.jp/content/12300000/jigyosho_430.csv,2025-12末,https://www.google.com/search?q=%E3%81%AF%E3%81%BF%E3%82%93%E3%81%90%E6%8C%87%E5%AE%9A%E5%B1%85%E5%AE%85%E4%BB%8B%E8%AD%B7%E6%94%AF%E6%8F%B4%E4%BA%8B%E6%A5%AD%E6%89%80%20%E7%B1%B3%E6%B2%A2%E5%B8%82
三友堂居宅介護支援センター,ケアマネジャー・居宅介護支援,山形県,米沢市,"介護,ケアマネジャー・居宅介護支援,相談",介護サービスの計画作成や事業所調整を行う相談先です。退院後の生活準備で重要です。,http://sanyudo.or.jp,山形県米沢市大字塩野２７５５番地の３,0238-21-8101,厚生労働省オープンデータ,https://www.mhlw.go.jp/content/12300000/jigyosho_430.csv,2025-12末,https://www.google.com/search?q=%E4%B8%89%E5%8F%8B%E5%A0%82%E5%B1%85%E5%AE%85%E4%BB%8B%E8%AD%B7%E6%94%AF%E6%8F%B4%E3%82%BB%E3%83%B3%E3%82%BF%E3%83%BC%20%E7%B1%B3%E6%B2%A2%E5%B8%82
回春堂ケアサービス,ケアマネジャー・居宅介護支援,山形県,米沢市,"介護,ケアマネジャー・居宅介護支援,相談",介護サービスの計画作成や事業所調整を行う相談先です。退院後の生活準備で重要です。,https://kaisyundo.jp/,米沢市大字花沢2986番地の1,0238-27-8875,厚生労働省オープンデータ,https://www.mhlw.go.jp/content/12300000/jigyosho_430.csv,2025-12末,https://www.google.com/search?q=%E5%9B%9E%E6%98%A5%E5%A0%82%E3%82%B1%E3%82%A2%E3%82%B5%E3%83%BC%E3%83%93%E3%82%B9%20%E7%B1%B3%E6%B2%A2%E5%B8%82
サンファミリア米沢居宅介護支援センター,ケアマネジャー・居宅介護支援,山形県,米沢市,"介護,ケアマネジャー・居宅介護支援,相談",介護サービスの計画作成や事業所調整を行う相談先です。退院後の生活準備で重要です。,http://www.y-kouwakai.jp,山形県米沢市塩井町塩野520,0238-26-8259,厚生労働省オープンデータ,https://www.mhlw.go.jp/content/12300000/jigyosho_430.csv,2025-12末,https://www.google.com/search?q=%E3%82%B5%E3%83%B3%E3%83%95%E3%82%A1%E3%83%9F%E3%83%AA%E3%82%A2%E7%B1%B3%E6%B2%A2%E5%B1%85%E5%AE%85%E4%BB%8B%E8%AD%B7%E6%94%AF%E6%8F%B4%E3%82%BB%E3%83%B3%E3%82%BF%E3%83%BC%20%E7%B1%B3%E6%B2%A2%E5%B8%82
サンプラザ米沢居宅介護支援センター,ケアマネジャー・居宅介護支援,山形県,米沢市,"介護,ケアマネジャー・居宅介護支援,相談",介護サービスの計画作成や事業所調整を行う相談先です。退院後の生活準備で重要です。,http://www.y-kouwakai.jp,山形県米沢市大字簗沢3463番地,0238-32-2288,厚生労働省オープンデータ,https://www.mhlw.go.jp/content/12300000/jigyosho_430.csv,2025-12末,https://www.google.com/search?q=%E3%82%B5%E3%83%B3%E3%83%97%E3%83%A9%E3%82%B6%E7%B1%B3%E6%B2%A2%E5%B1%85%E5%AE%85%E4%BB%8B%E8%AD%B7%E6%94%AF%E6%8F%B4%E3%82%BB%E3%83%B3%E3%82%BF%E3%83%BC%20%E7%B1%B3%E6%B2%A2%E5%B8%82
協立ケアプランセンターわかば,ケアマネジャー・居宅介護支援,山形県,鶴岡市,"介護,ケアマネジャー・居宅介護支援,相談",介護サービスの計画作成や事業所調整を行う相談先です。退院後の生活準備で重要です。,https://www.google.com/search?q=%E5%8D%94%E7%AB%8B%E3%82%B1%E3%82%A2%E3%83%97%E3%83%A9%E3%83%B3%E3%82%BB%E3%83%B3%E3%82%BF%E3%83%BC%E3%82%8F%E3%81%8B%E3%81%B0%20%E9%B6%B4%E5%B2%A1%E5%B8%82,鶴岡市双葉町13-45,0235-26-2550,厚生労働省オープンデータ,https://www.mhlw.go.jp/content/12300000/jigyosho_430.csv,2025-12末,https://www.google.com/search?q=%E5%8D%94%E7%AB%8B%E3%82%B1%E3%82%A2%E3%83%97%E3%83%A9%E3%83%B3%E3%82%BB%E3%83%B3%E3%82%BF%E3%83%BC%E3%82%8F%E3%81%8B%E3%81%B0%20%E9%B6%B4%E5%B2%A1%E5%B8%82
瑞穂の郷　ケアプランセンター,ケアマネジャー・居宅介護支援,山形県,鶴岡市,"介護,ケアマネジャー・居宅介護支援,相談",介護サービスの計画作成や事業所調整を行う相談先です。退院後の生活準備で重要です。,http://www.hcp-net.co.jp,山形県鶴岡市羽黒町細谷字北田１２８-１,0235-29-1025,厚生労働省オープンデータ,https://www.mhlw.go.jp/content/12300000/jigyosho_430.csv,2025-12末,https://www.google.com/search?q=%E7%91%9E%E7%A9%82%E3%81%AE%E9%83%B7%E3%80%80%E3%82%B1%E3%82%A2%E3%83%97%E3%83%A9%E3%83%B3%E3%82%BB%E3%83%B3%E3%82%BF%E3%83%BC%20%E9%B6%B4%E5%B2%A1%E5%B8%82
ケアプランセンター大地,ケアマネジャー・居宅介護支援,山形県,鶴岡市,"介護,ケアマネジャー・居宅介護支援,相談",介護サービスの計画作成や事業所調整を行う相談先です。退院後の生活準備で重要です。,http://ｗｗｗ.toyomi-rd.jp/,山形県鶴岡市藤沢字石渡15-13,0235-33-8571,厚生労働省オープンデータ,https://www.mhlw.go.jp/content/12300000/jigyosho_430.csv,2025-12末,https://www.google.com/search?q=%E3%82%B1%E3%82%A2%E3%83%97%E3%83%A9%E3%83%B3%E3%82%BB%E3%83%B3%E3%82%BF%E3%83%BC%E5%A4%A7%E5%9C%B0%20%E9%B6%B4%E5%B2%A1%E5%B8%82
庄内たがわ農業協同組合,ケアマネジャー・居宅介護支援,山形県,鶴岡市,"介護,ケアマネジャー・居宅介護支援,相談",介護サービスの計画作成や事業所調整を行う相談先です。退院後の生活準備で重要です。,http://www.ja-shonai.or.jp/,山形県鶴岡市長沼字宮前23番1,0235-33-8165,厚生労働省オープンデータ,https://www.mhlw.go.jp/content/12300000/jigyosho_430.csv,2025-12末,https://www.google.com/search?q=%E5%BA%84%E5%86%85%E3%81%9F%E3%81%8C%E3%82%8F%E8%BE%B2%E6%A5%AD%E5%8D%94%E5%90%8C%E7%B5%84%E5%90%88%20%E9%B6%B4%E5%B2%A1%E5%B8%82
里くみ居宅介護支援事業所,ケアマネジャー・居宅介護支援,山形県,鶴岡市,"介護,ケアマネジャー・居宅介護支援,相談",介護サービスの計画作成や事業所調整を行う相談先です。退院後の生活準備で重要です。,https://www.google.com/search?q=%E9%87%8C%E3%81%8F%E3%81%BF%E5%B1%85%E5%AE%85%E4%BB%8B%E8%AD%B7%E6%94%AF%E6%8F%B4%E4%BA%8B%E6%A5%AD%E6%89%80%20%E9%B6%B4%E5%B2%A1%E5%B8%82,山形県鶴岡市田川字八幡212番地,090-2004-3093,厚生労働省オープンデータ,https://www.mhlw.go.jp/content/12300000/jigyosho_430.csv,2025-12末,https://www.google.com/search?q=%E9%87%8C%E3%81%8F%E3%81%BF%E5%B1%85%E5%AE%85%E4%BB%8B%E8%AD%B7%E6%94%AF%E6%8F%B4%E4%BA%8B%E6%A5%AD%E6%89%80%20%E9%B6%B4%E5%B2%A1%E5%B8%82
居宅介護支援センターであい,ケアマネジャー・居宅介護支援,山形県,鶴岡市,"介護,ケアマネジャー・居宅介護支援,相談",介護サービスの計画作成や事業所調整を行う相談先です。退院後の生活準備で重要です。,http://care-net.biz/06/bunanoki/,山形県鶴岡市熊出字東村157-2,0235-58-1062,厚生労働省オープンデータ,https://www.mhlw.go.jp/content/12300000/jigyosho_430.csv,2025-12末,https://www.google.com/search?q=%E5%B1%85%E5%AE%85%E4%BB%8B%E8%AD%B7%E6%94%AF%E6%8F%B4%E3%82%BB%E3%83%B3%E3%82%BF%E3%83%BC%E3%81%A7%E3%81%82%E3%81%84%20%E9%B6%B4%E5%B2%A1%E5%B8%82
ニチイケアセンター鶴岡みさき,ケアマネジャー・居宅介護支援,山形県,鶴岡市,"介護,ケアマネジャー・居宅介護支援,相談",介護サービスの計画作成や事業所調整を行う相談先です。退院後の生活準備で重要です。,http://www.nichiigakkan.co.jp,山形県鶴岡市美咲町7-16,0235-29-0305,厚生労働省オープンデータ,https://www.mhlw.go.jp/content/12300000/jigyosho_430.csv,2025-12末,https://www.google.com/search?q=%E3%83%8B%E3%83%81%E3%82%A4%E3%82%B1%E3%82%A2%E3%82%BB%E3%83%B3%E3%82%BF%E3%83%BC%E9%B6%B4%E5%B2%A1%E3%81%BF%E3%81%95%E3%81%8D%20%E9%B6%B4%E5%B2%A1%E5%B8%82
しおん荘居宅介護支援事業所,ケアマネジャー・居宅介護支援,山形県,鶴岡市,"介護,ケアマネジャー・居宅介護支援,相談",介護サービスの計画作成や事業所調整を行う相談先です。退院後の生活準備で重要です。,https://www.sionkai.or.jp/,山形県鶴岡市湯野浜１丁目19番28号,0235-76-3760,厚生労働省オープンデータ,https://www.mhlw.go.jp/content/12300000/jigyosho_430.csv,2025-12末,https://www.google.com/search?q=%E3%81%97%E3%81%8A%E3%82%93%E8%8D%98%E5%B1%85%E5%AE%85%E4%BB%8B%E8%AD%B7%E6%94%AF%E6%8F%B4%E4%BA%8B%E6%A5%AD%E6%89%80%20%E9%B6%B4%E5%B2%A1%E5%B8%82
支援センター温寿荘,ケアマネジャー・居宅介護支援,山形県,鶴岡市,"介護,ケアマネジャー・居宅介護支援,相談",介護サービスの計画作成や事業所調整を行う相談先です。退院後の生活準備で重要です。,http://atumihukushikai.jp,山形県鶴岡市槙代丁５３番地1,0235-43-2182,厚生労働省オープンデータ,https://www.mhlw.go.jp/content/12300000/jigyosho_430.csv,2025-12末,https://www.google.com/search?q=%E6%94%AF%E6%8F%B4%E3%82%BB%E3%83%B3%E3%82%BF%E3%83%BC%E6%B8%A9%E5%AF%BF%E8%8D%98%20%E9%B6%B4%E5%B2%A1%E5%B8%82
支援センターかみじ荘,ケアマネジャー・居宅介護支援,山形県,鶴岡市,"介護,ケアマネジャー・居宅介護支援,相談",介護サービスの計画作成や事業所調整を行う相談先です。退院後の生活準備で重要です。,http://care-net.biz/06/kamiji/b43.php,山形県鶴岡市羽黒町手向字薬師沢198番地3,0235-62-2026,厚生労働省オープンデータ,https://www.mhlw.go.jp/content/12300000/jigyosho_430.csv,2025-12末,https://www.google.com/search?q=%E6%94%AF%E6%8F%B4%E3%82%BB%E3%83%B3%E3%82%BF%E3%83%BC%E3%81%8B%E3%81%BF%E3%81%98%E8%8D%98%20%E9%B6%B4%E5%B2%A1%E5%B8%82
永寿荘居宅介護支援センター,ケアマネジャー・居宅介護支援,山形県,鶴岡市,"介護,ケアマネジャー・居宅介護支援,相談",介護サービスの計画作成や事業所調整を行う相談先です。退院後の生活準備で重要です。,http://www.keisen-swc.jp,山形県鶴岡市宝田2丁目7番29号,0235-26-8311,厚生労働省オープンデータ,https://www.mhlw.go.jp/content/12300000/jigyosho_430.csv,2025-12末,https://www.google.com/search?q=%E6%B0%B8%E5%AF%BF%E8%8D%98%E5%B1%85%E5%AE%85%E4%BB%8B%E8%AD%B7%E6%94%AF%E6%8F%B4%E3%82%BB%E3%83%B3%E3%82%BF%E3%83%BC%20%E9%B6%B4%E5%B2%A1%E5%B8%82
協立ケアプランセンターふたば,ケアマネジャー・居宅介護支援,山形県,鶴岡市,"介護,ケアマネジャー・居宅介護支援,相談",介護サービスの計画作成や事業所調整を行う相談先です。退院後の生活準備で重要です。,http://y-mcoop.com/cpfutaba/,鶴岡市双葉町１３－４５,0235-28-1717,厚生労働省オープンデータ,https://www.mhlw.go.jp/content/12300000/jigyosho_430.csv,2025-12末,https://www.google.com/search?q=%E5%8D%94%E7%AB%8B%E3%82%B1%E3%82%A2%E3%83%97%E3%83%A9%E3%83%B3%E3%82%BB%E3%83%B3%E3%82%BF%E3%83%BC%E3%81%B5%E3%81%9F%E3%81%B0%20%E9%B6%B4%E5%B2%A1%E5%B8%82
居宅介護支援事業所いつき,ケアマネジャー・居宅介護支援,山形県,鶴岡市,"介護,ケアマネジャー・居宅介護支援,相談",介護サービスの計画作成や事業所調整を行う相談先です。退院後の生活準備で重要です。,https://sugamiho.com/,山形県鶴岡市勝福寺字下川田236番地1,0235-26-1035,厚生労働省オープンデータ,https://www.mhlw.go.jp/content/12300000/jigyosho_430.csv,2025-12末,https://www.google.com/search?q=%E5%B1%85%E5%AE%85%E4%BB%8B%E8%AD%B7%E6%94%AF%E6%8F%B4%E4%BA%8B%E6%A5%AD%E6%89%80%E3%81%84%E3%81%A4%E3%81%8D%20%E9%B6%B4%E5%B2%A1%E5%B8%82
銀座夢ハウスケアプランステーション,ケアマネジャー・居宅介護支援,山形県,鶴岡市,"介護,ケアマネジャー・居宅介護支援,相談",介護サービスの計画作成や事業所調整を行う相談先です。退院後の生活準備で重要です。,https://www.google.com/search?q=%E9%8A%80%E5%BA%A7%E5%A4%A2%E3%83%8F%E3%82%A6%E3%82%B9%E3%82%B1%E3%82%A2%E3%83%97%E3%83%A9%E3%83%B3%E3%82%B9%E3%83%86%E3%83%BC%E3%82%B7%E3%83%A7%E3%83%B3%20%E9%B6%B4%E5%B2%A1%E5%B8%82,山形県鶴岡市本町一丁目５番６号,0235-64-8801,厚生労働省オープンデータ,https://www.mhlw.go.jp/content/12300000/jigyosho_430.csv,2025-12末,https://www.google.com/search?q=%E9%8A%80%E5%BA%A7%E5%A4%A2%E3%83%8F%E3%82%A6%E3%82%B9%E3%82%B1%E3%82%A2%E3%83%97%E3%83%A9%E3%83%B3%E3%82%B9%E3%83%86%E3%83%BC%E3%82%B7%E3%83%A7%E3%83%B3%20%E9%B6%B4%E5%B2%A1%E5%B8%82
指定居宅介護支援事業所　澄花,ケアマネジャー・居宅介護支援,山形県,鶴岡市,"介護,ケアマネジャー・居宅介護支援,相談",介護サービスの計画作成や事業所調整を行う相談先です。退院後の生活準備で重要です。,http://sa-dosute-ji-corp.hp.gogo.jp/pc,山形県鶴岡市友江字川向61番地7,0235-64-1669,厚生労働省オープンデータ,https://www.mhlw.go.jp/content/12300000/jigyosho_430.csv,2025-12末,https://www.google.com/search?q=%E6%8C%87%E5%AE%9A%E5%B1%85%E5%AE%85%E4%BB%8B%E8%AD%B7%E6%94%AF%E6%8F%B4%E4%BA%8B%E6%A5%AD%E6%89%80%E3%80%80%E6%BE%84%E8%8A%B1%20%E9%B6%B4%E5%B2%A1%E5%B8%82
ケアプランセンターひだまり,ケアマネジャー・居宅介護支援,山形県,鶴岡市,"介護,ケアマネジャー・居宅介護支援,相談",介護サービスの計画作成や事業所調整を行う相談先です。退院後の生活準備で重要です。,http://www.mituwakai.com/,山形県鶴岡市北茅原町5番10号,0235-22-6511,厚生労働省オープンデータ,https://www.mhlw.go.jp/content/12300000/jigyosho_430.csv,2025-12末,https://www.google.com/search?q=%E3%82%B1%E3%82%A2%E3%83%97%E3%83%A9%E3%83%B3%E3%82%BB%E3%83%B3%E3%82%BF%E3%83%BC%E3%81%B2%E3%81%A0%E3%81%BE%E3%82%8A%20%E9%B6%B4%E5%B2%A1%E5%B8%82
ひまわり居宅介護支援事業所,ケアマネジャー・居宅介護支援,山形県,鶴岡市,"介護,ケアマネジャー・居宅介護支援,相談",介護サービスの計画作成や事業所調整を行う相談先です。退院後の生活準備で重要です。,https://www.himawari-s.co.jp,山形県鶴岡市稲生1丁目3番5号,0235-25-5145,厚生労働省オープンデータ,https://www.mhlw.go.jp/content/12300000/jigyosho_430.csv,2025-12末,https://www.google.com/search?q=%E3%81%B2%E3%81%BE%E3%82%8F%E3%82%8A%E5%B1%85%E5%AE%85%E4%BB%8B%E8%AD%B7%E6%94%AF%E6%8F%B4%E4%BA%8B%E6%A5%AD%E6%89%80%20%E9%B6%B4%E5%B2%A1%E5%B8%82
指定居宅介護支援センターふじの花荘,ケアマネジャー・居宅介護支援,山形県,鶴岡市,"介護,ケアマネジャー・居宅介護支援,相談",介護サービスの計画作成や事業所調整を行う相談先です。退院後の生活準備で重要です。,http://www.kyotaku@fujino-sato.or.jp,山形県鶴岡市藤の花一丁目18番地１,0235-64-5883,厚生労働省オープンデータ,https://www.mhlw.go.jp/content/12300000/jigyosho_430.csv,2025-12末,https://www.google.com/search?q=%E6%8C%87%E5%AE%9A%E5%B1%85%E5%AE%85%E4%BB%8B%E8%AD%B7%E6%94%AF%E6%8F%B4%E3%82%BB%E3%83%B3%E3%82%BF%E3%83%BC%E3%81%B5%E3%81%98%E3%81%AE%E8%8A%B1%E8%8D%98%20%E9%B6%B4%E5%B2%A1%E5%B8%82
健楽園居宅介護支援センターみはら,ケアマネジャー・居宅介護支援,山形県,鶴岡市,"介護,ケアマネジャー・居宅介護支援,相談",介護サービスの計画作成や事業所調整を行う相談先です。退院後の生活準備で重要です。,http://www.ikkoukai.or.jp,山形県鶴岡市美原町3番7号,0235-25-3047,厚生労働省オープンデータ,https://www.mhlw.go.jp/content/12300000/jigyosho_430.csv,2025-12末,https://www.google.com/search?q=%E5%81%A5%E6%A5%BD%E5%9C%92%E5%B1%85%E5%AE%85%E4%BB%8B%E8%AD%B7%E6%94%AF%E6%8F%B4%E3%82%BB%E3%83%B3%E3%82%BF%E3%83%BC%E3%81%BF%E3%81%AF%E3%82%89%20%E9%B6%B4%E5%B2%A1%E5%B8%82
介護老人保健施設かけはし,ケアマネジャー・居宅介護支援,山形県,鶴岡市,"介護,ケアマネジャー・居宅介護支援,相談",介護サービスの計画作成や事業所調整を行う相談先です。退院後の生活準備で重要です。,https://niji-kakehashi.or.jp,鶴岡市民田字代家田100-1,0235-25-1040,厚生労働省オープンデータ,https://www.mhlw.go.jp/content/12300000/jigyosho_430.csv,2025-12末,https://www.google.com/search?q=%E4%BB%8B%E8%AD%B7%E8%80%81%E4%BA%BA%E4%BF%9D%E5%81%A5%E6%96%BD%E8%A8%AD%E3%81%8B%E3%81%91%E3%81%AF%E3%81%97%20%E9%B6%B4%E5%B2%A1%E5%B8%82
鶴岡市農業協同組合福祉サービス,ケアマネジャー・居宅介護支援,山形県,鶴岡市,"介護,ケアマネジャー・居宅介護支援,相談",介護サービスの計画作成や事業所調整を行う相談先です。退院後の生活準備で重要です。,http://www.ja-tsuruoka.or.jp,山形県鶴岡市青龍寺字村下34-1,0235-25-4345,厚生労働省オープンデータ,https://www.mhlw.go.jp/content/12300000/jigyosho_430.csv,2025-12末,https://www.google.com/search?q=%E9%B6%B4%E5%B2%A1%E5%B8%82%E8%BE%B2%E6%A5%AD%E5%8D%94%E5%90%8C%E7%B5%84%E5%90%88%E7%A6%8F%E7%A5%89%E3%82%B5%E3%83%BC%E3%83%93%E3%82%B9%20%E9%B6%B4%E5%B2%A1%E5%B8%82
居宅介護支援センターくしびき,ケアマネジャー・居宅介護支援,山形県,鶴岡市,"介護,ケアマネジャー・居宅介護支援,相談",介護サービスの計画作成や事業所調整を行う相談先です。退院後の生活準備で重要です。,http://www.shk01.jp/shisetsu_14_ksbk_sukoyaka.html,山形県鶴岡市上山添字成田２１番９号,0235-78-7450,厚生労働省オープンデータ,https://www.mhlw.go.jp/content/12300000/jigyosho_430.csv,2025-12末,https://www.google.com/search?q=%E5%B1%85%E5%AE%85%E4%BB%8B%E8%AD%B7%E6%94%AF%E6%8F%B4%E3%82%BB%E3%83%B3%E3%82%BF%E3%83%BC%E3%81%8F%E3%81%97%E3%81%B3%E3%81%8D%20%E9%B6%B4%E5%B2%A1%E5%B8%82
居宅介護支援センターなえづ,ケアマネジャー・居宅介護支援,山形県,鶴岡市,"介護,ケアマネジャー・居宅介護支援,相談",介護サービスの計画作成や事業所調整を行う相談先です。退院後の生活準備で重要です。,https://www.google.com/search?q=%E5%B1%85%E5%AE%85%E4%BB%8B%E8%AD%B7%E6%94%AF%E6%8F%B4%E3%82%BB%E3%83%B3%E3%82%BF%E3%83%BC%E3%81%AA%E3%81%88%E3%81%A5%20%E9%B6%B4%E5%B2%A1%E5%B8%82,鶴岡市ほなみ町3-1地域福祉センターなえづ,0235-25-9275,厚生労働省オープンデータ,https://www.mhlw.go.jp/content/12300000/jigyosho_430.csv,2025-12末,https://www.google.com/search?q=%E5%B1%85%E5%AE%85%E4%BB%8B%E8%AD%B7%E6%94%AF%E6%8F%B4%E3%82%BB%E3%83%B3%E3%82%BF%E3%83%BC%E3%81%AA%E3%81%88%E3%81%A5%20%E9%B6%B4%E5%B2%A1%E5%B8%82
居宅介護支援センターふれあい,ケアマネジャー・居宅介護支援,山形県,鶴岡市,"介護,ケアマネジャー・居宅介護支援,相談",介護サービスの計画作成や事業所調整を行う相談先です。退院後の生活準備で重要です。,http://www.shk01.jp/,山形県鶴岡市西新斎町１４番２６号,0235-29-6129,厚生労働省オープンデータ,https://www.mhlw.go.jp/content/12300000/jigyosho_430.csv,2025-12末,https://www.google.com/search?q=%E5%B1%85%E5%AE%85%E4%BB%8B%E8%AD%B7%E6%94%AF%E6%8F%B4%E3%82%BB%E3%83%B3%E3%82%BF%E3%83%BC%E3%81%B5%E3%82%8C%E3%81%82%E3%81%84%20%E9%B6%B4%E5%B2%A1%E5%B8%82
居宅介護支援センターおおやま,ケアマネジャー・居宅介護支援,山形県,鶴岡市,"介護,ケアマネジャー・居宅介護支援,相談",介護サービスの計画作成や事業所調整を行う相談先です。退院後の生活準備で重要です。,http://www.shk01.jp/index.html,山形県鶴岡市大山3丁目34-1,0235-33-0202,厚生労働省オープンデータ,https://www.mhlw.go.jp/content/12300000/jigyosho_430.csv,2025-12末,https://www.google.com/search?q=%E5%B1%85%E5%AE%85%E4%BB%8B%E8%AD%B7%E6%94%AF%E6%8F%B4%E3%82%BB%E3%83%B3%E3%82%BF%E3%83%BC%E3%81%8A%E3%81%8A%E3%82%84%E3%81%BE%20%E9%B6%B4%E5%B2%A1%E5%B8%82
居宅介護支援センターとようら,ケアマネジャー・居宅介護支援,山形県,鶴岡市,"介護,ケアマネジャー・居宅介護支援,相談",介護サービスの計画作成や事業所調整を行う相談先です。退院後の生活準備で重要です。,http://www.shk01.jp/,山形県鶴岡市三瀬字菖蒲田67-1,0235-38-8150,厚生労働省オープンデータ,https://www.mhlw.go.jp/content/12300000/jigyosho_430.csv,2025-12末,https://www.google.com/search?q=%E5%B1%85%E5%AE%85%E4%BB%8B%E8%AD%B7%E6%94%AF%E6%8F%B4%E3%82%BB%E3%83%B3%E3%82%BF%E3%83%BC%E3%81%A8%E3%82%88%E3%81%86%E3%82%89%20%E9%B6%B4%E5%B2%A1%E5%B8%82
鶴岡地区医師会　ケアプランセンター　ふきのとう,ケアマネジャー・居宅介護支援,山形県,鶴岡市,"介護,ケアマネジャー・居宅介護支援,相談",介護サービスの計画作成や事業所調整を行う相談先です。退院後の生活準備で重要です。,http://tsuruoka-med.jp/kanren/fukinotou/,山形県鶴岡市馬場町１番３４号,0235-29-1255,厚生労働省オープンデータ,https://www.mhlw.go.jp/content/12300000/jigyosho_430.csv,2025-12末,https://www.google.com/search?q=%E9%B6%B4%E5%B2%A1%E5%9C%B0%E5%8C%BA%E5%8C%BB%E5%B8%AB%E4%BC%9A%E3%80%80%E3%82%B1%E3%82%A2%E3%83%97%E3%83%A9%E3%83%B3%E3%82%BB%E3%83%B3%E3%82%BF%E3%83%BC%E3%80%80%E3%81%B5%E3%81%8D%E3%81%AE%E3%81%A8%E3%81%86%20%E9%B6%B4%E5%B2%A1%E5%B8%82
あずま指定居宅介護支援事業所,ケアマネジャー・居宅介護支援,山形県,酒田市,"介護,ケアマネジャー・居宅介護支援,相談",介護サービスの計画作成や事業所調整を行う相談先です。退院後の生活準備で重要です。,http://www.east-azuma.or.jp/outline/,山形県酒田市関字向126番地の2,0234-94-2470,厚生労働省オープンデータ,https://www.mhlw.go.jp/content/12300000/jigyosho_430.csv,2025-12末,https://www.google.com/search?q=%E3%81%82%E3%81%9A%E3%81%BE%E6%8C%87%E5%AE%9A%E5%B1%85%E5%AE%85%E4%BB%8B%E8%AD%B7%E6%94%AF%E6%8F%B4%E4%BA%8B%E6%A5%AD%E6%89%80%20%E9%85%92%E7%94%B0%E5%B8%82
酒田地域福祉事業所ヘルパーステーションこだま,ケアマネジャー・居宅介護支援,山形県,酒田市,"介護,ケアマネジャー・居宅介護支援,相談",介護サービスの計画作成や事業所調整を行う相談先です。退院後の生活準備で重要です。,kodama2955@ic-net.or.jp,山形県酒田市光ヶ丘５丁目１３－３２,0234-35-2955,厚生労働省オープンデータ,https://www.mhlw.go.jp/content/12300000/jigyosho_430.csv,2025-12末,https://www.google.com/search?q=%E9%85%92%E7%94%B0%E5%9C%B0%E5%9F%9F%E7%A6%8F%E7%A5%89%E4%BA%8B%E6%A5%AD%E6%89%80%E3%83%98%E3%83%AB%E3%83%91%E3%83%BC%E3%82%B9%E3%83%86%E3%83%BC%E3%82%B7%E3%83%A7%E3%83%B3%E3%81%93%E3%81%A0%E3%81%BE%20%E9%85%92%E7%94%B0%E5%B8%82
指定居宅介護支援事業所キャット,ケアマネジャー・居宅介護支援,山形県,酒田市,"介護,ケアマネジャー・居宅介護支援,相談",介護サービスの計画作成や事業所調整を行う相談先です。退院後の生活準備で重要です。,https://catsgp.com,酒田市東泉町３丁目2-11,0234-21-9088,厚生労働省オープンデータ,https://www.mhlw.go.jp/content/12300000/jigyosho_430.csv,2025-12末,https://www.google.com/search?q=%E6%8C%87%E5%AE%9A%E5%B1%85%E5%AE%85%E4%BB%8B%E8%AD%B7%E6%94%AF%E6%8F%B4%E4%BA%8B%E6%A5%AD%E6%89%80%E3%82%AD%E3%83%A3%E3%83%83%E3%83%88%20%E9%85%92%E7%94%B0%E5%B8%82
ライフケア黒森指定居宅介護支援事業所,ケアマネジャー・居宅介護支援,山形県,酒田市,"介護,ケアマネジャー・居宅介護支援,相談",介護サービスの計画作成や事業所調整を行う相談先です。退院後の生活準備で重要です。,http://syokaku-lc.com/,山形県酒田市黒森字葭葉山５４－１０,0234-92-3414,厚生労働省オープンデータ,https://www.mhlw.go.jp/content/12300000/jigyosho_430.csv,2025-12末,https://www.google.com/search?q=%E3%83%A9%E3%82%A4%E3%83%95%E3%82%B1%E3%82%A2%E9%BB%92%E6%A3%AE%E6%8C%87%E5%AE%9A%E5%B1%85%E5%AE%85%E4%BB%8B%E8%AD%B7%E6%94%AF%E6%8F%B4%E4%BA%8B%E6%A5%AD%E6%89%80%20%E9%85%92%E7%94%B0%E5%B8%82
介護プラザすずらん（居宅介護支援）,ケアマネジャー・居宅介護支援,山形県,酒田市,"介護,ケアマネジャー・居宅介護支援,相談",介護サービスの計画作成や事業所調整を行う相談先です。退院後の生活準備で重要です。,https://www.cp-suzuran.co.jp/,山形県酒田市上安町３－７－１１,0234-35-8355,厚生労働省オープンデータ,https://www.mhlw.go.jp/content/12300000/jigyosho_430.csv,2025-12末,https://www.google.com/search?q=%E4%BB%8B%E8%AD%B7%E3%83%97%E3%83%A9%E3%82%B6%E3%81%99%E3%81%9A%E3%82%89%E3%82%93%EF%BC%88%E5%B1%85%E5%AE%85%E4%BB%8B%E8%AD%B7%E6%94%AF%E6%8F%B4%EF%BC%89%20%E9%85%92%E7%94%B0%E5%B8%82
ＪＡ庄内みどり福祉センター,ケアマネジャー・居宅介護支援,山形県,酒田市,"介護,ケアマネジャー・居宅介護支援,相談",介護サービスの計画作成や事業所調整を行う相談先です。退院後の生活準備で重要です。,http://ja.midorinet.or.jp,山形県酒田市熊手島字道の下熊興屋17番1,0234-24-5411,厚生労働省オープンデータ,https://www.mhlw.go.jp/content/12300000/jigyosho_430.csv,2025-12末,https://www.google.com/search?q=%EF%BC%AA%EF%BC%A1%E5%BA%84%E5%86%85%E3%81%BF%E3%81%A9%E3%82%8A%E7%A6%8F%E7%A5%89%E3%82%BB%E3%83%B3%E3%82%BF%E3%83%BC%20%E9%85%92%E7%94%B0%E5%B8%82
ラポールケアプランセンター,ケアマネジャー・居宅介護支援,山形県,酒田市,"介護,ケアマネジャー・居宅介護支援,相談",介護サービスの計画作成や事業所調整を行う相談先です。退院後の生活準備で重要です。,https://houkan-rapport.net,山形県酒田市亀ヶ崎2丁目26番地41,0234-25-5239,厚生労働省オープンデータ,https://www.mhlw.go.jp/content/12300000/jigyosho_430.csv,2025-12末,https://www.google.com/search?q=%E3%83%A9%E3%83%9D%E3%83%BC%E3%83%AB%E3%82%B1%E3%82%A2%E3%83%97%E3%83%A9%E3%83%B3%E3%82%BB%E3%83%B3%E3%82%BF%E3%83%BC%20%E9%85%92%E7%94%B0%E5%B8%82
居宅介護支援事業所　酒田市社会福祉協議会,ケアマネジャー・居宅介護支援,山形県,酒田市,"介護,ケアマネジャー・居宅介護支援,相談",介護サービスの計画作成や事業所調整を行う相談先です。退院後の生活準備で重要です。,http://www.sakata-shakyo.or.jp/,酒田市新橋二丁目１番地の１９酒田市地域福祉センター,0234-23-5504,厚生労働省オープンデータ,https://www.mhlw.go.jp/content/12300000/jigyosho_430.csv,2025-12末,https://www.google.com/search?q=%E5%B1%85%E5%AE%85%E4%BB%8B%E8%AD%B7%E6%94%AF%E6%8F%B4%E4%BA%8B%E6%A5%AD%E6%89%80%E3%80%80%E9%85%92%E7%94%B0%E5%B8%82%E7%A4%BE%E4%BC%9A%E7%A6%8F%E7%A5%89%E5%8D%94%E8%AD%B0%E4%BC%9A%20%E9%85%92%E7%94%B0%E5%B8%82
居宅介護支援事業所　幸楽荘,ケアマネジャー・居宅介護支援,山形県,酒田市,"介護,ケアマネジャー・居宅介護支援,相談",介護サービスの計画作成や事業所調整を行う相談先です。退院後の生活準備で重要です。,http://www.kourakusou.or.jp,山形県酒田市市条字荒瀬115番地,0234-64-4379,厚生労働省オープンデータ,https://www.mhlw.go.jp/content/12300000/jigyosho_430.csv,2025-12末,https://www.google.com/search?q=%E5%B1%85%E5%AE%85%E4%BB%8B%E8%AD%B7%E6%94%AF%E6%8F%B4%E4%BA%8B%E6%A5%AD%E6%89%80%E3%80%80%E5%B9%B8%E6%A5%BD%E8%8D%98%20%E9%85%92%E7%94%B0%E5%B8%82
シェ・モワ介護支援サービス,ケアマネジャー・居宅介護支援,山形県,酒田市,"介護,ケアマネジャー・居宅介護支援,相談",介護サービスの計画作成や事業所調整を行う相談先です。退院後の生活準備で重要です。,http://www.koufukai.or.jp,山形県酒田市緑町13番38号シェ・モワ介護予防センター,0234-24-0033,厚生労働省オープンデータ,https://www.mhlw.go.jp/content/12300000/jigyosho_430.csv,2025-12末,https://www.google.com/search?q=%E3%82%B7%E3%82%A7%E3%83%BB%E3%83%A2%E3%83%AF%E4%BB%8B%E8%AD%B7%E6%94%AF%E6%8F%B4%E3%82%B5%E3%83%BC%E3%83%93%E3%82%B9%20%E9%85%92%E7%94%B0%E5%B8%82
ケアプランセンターみずほ,ケアマネジャー・居宅介護支援,山形県,酒田市,"介護,ケアマネジャー・居宅介護支援,相談",介護サービスの計画作成や事業所調整を行う相談先です。退院後の生活準備で重要です。,http:www.t-fukushi-service.co.jp,酒田市東泉町五丁目5-1,0234-23-0735,厚生労働省オープンデータ,https://www.mhlw.go.jp/content/12300000/jigyosho_430.csv,2025-12末,https://www.google.com/search?q=%E3%82%B1%E3%82%A2%E3%83%97%E3%83%A9%E3%83%B3%E3%82%BB%E3%83%B3%E3%82%BF%E3%83%BC%E3%81%BF%E3%81%9A%E3%81%BB%20%E9%85%92%E7%94%B0%E5%B8%82
多機能型介護ステーション　ぬくもり,ケアマネジャー・居宅介護支援,山形県,酒田市,"介護,ケアマネジャー・居宅介護支援,相談",介護サービスの計画作成や事業所調整を行う相談先です。退院後の生活準備で重要です。,https://www.google.com/search?q=%E5%A4%9A%E6%A9%9F%E8%83%BD%E5%9E%8B%E4%BB%8B%E8%AD%B7%E3%82%B9%E3%83%86%E3%83%BC%E3%82%B7%E3%83%A7%E3%83%B3%E3%80%80%E3%81%AC%E3%81%8F%E3%82%82%E3%82%8A%20%E9%85%92%E7%94%B0%E5%B8%82,山形県酒田市泉町９－１９,0234-34-7300,厚生労働省オープンデータ,https://www.mhlw.go.jp/content/12300000/jigyosho_430.csv,2025-12末,https://www.google.com/search?q=%E5%A4%9A%E6%A9%9F%E8%83%BD%E5%9E%8B%E4%BB%8B%E8%AD%B7%E3%82%B9%E3%83%86%E3%83%BC%E3%82%B7%E3%83%A7%E3%83%B3%E3%80%80%E3%81%AC%E3%81%8F%E3%82%82%E3%82%8A%20%E9%85%92%E7%94%B0%E5%B8%82
本間病院居宅介護支援事業所,ケアマネジャー・居宅介護支援,山形県,酒田市,"介護,ケアマネジャー・居宅介護支援,相談",介護サービスの計画作成や事業所調整を行う相談先です。退院後の生活準備で重要です。,http://www.kenyukai-sakata.jp,酒田市中町３丁目５番２３号,0234-25-6320,厚生労働省オープンデータ,https://www.mhlw.go.jp/content/12300000/jigyosho_430.csv,2025-12末,https://www.google.com/search?q=%E6%9C%AC%E9%96%93%E7%97%85%E9%99%A2%E5%B1%85%E5%AE%85%E4%BB%8B%E8%AD%B7%E6%94%AF%E6%8F%B4%E4%BA%8B%E6%A5%AD%E6%89%80%20%E9%85%92%E7%94%B0%E5%B8%82
医療法人　徳洲会　介護老人保健施設　徳田山介護センター,ケアマネジャー・居宅介護支援,山形県,酒田市,"介護,ケアマネジャー・居宅介護支援,相談",介護サービスの計画作成や事業所調整を行う相談先です。退院後の生活準備で重要です。,https://tokudayama.com/content1.html,山形県酒田市相沢字道脇7番地,0234-43-1919,厚生労働省オープンデータ,https://www.mhlw.go.jp/content/12300000/jigyosho_430.csv,2025-12末,https://www.google.com/search?q=%E5%8C%BB%E7%99%82%E6%B3%95%E4%BA%BA%E3%80%80%E5%BE%B3%E6%B4%B2%E4%BC%9A%E3%80%80%E4%BB%8B%E8%AD%B7%E8%80%81%E4%BA%BA%E4%BF%9D%E5%81%A5%E6%96%BD%E8%A8%AD%E3%80%80%E5%BE%B3%E7%94%B0%E5%B1%B1%E4%BB%8B%E8%AD%B7%E3%82%BB%E3%83%B3%E3%82%BF%E3%83%BC%20%E9%85%92%E7%94%B0%E5%B8%82
ニチイケアセンター酒田,ケアマネジャー・居宅介護支援,山形県,酒田市,"介護,ケアマネジャー・居宅介護支援,相談",介護サービスの計画作成や事業所調整を行う相談先です。退院後の生活準備で重要です。,http://www.nichiigakkan.co.jp,山形県酒田市中町１丁目13-15本立ビル1Ｆ,0234-21-4801,厚生労働省オープンデータ,https://www.mhlw.go.jp/content/12300000/jigyosho_430.csv,2025-12末,https://www.google.com/search?q=%E3%83%8B%E3%83%81%E3%82%A4%E3%82%B1%E3%82%A2%E3%82%BB%E3%83%B3%E3%82%BF%E3%83%BC%E9%85%92%E7%94%B0%20%E9%85%92%E7%94%B0%E5%B8%82
居宅介護支援事業所　樫の木,ケアマネジャー・居宅介護支援,山形県,酒田市,"介護,ケアマネジャー・居宅介護支援,相談",介護サービスの計画作成や事業所調整を行う相談先です。退院後の生活準備で重要です。,http://www.kashink.jp/,山形県酒田市こあら二丁目4番地の6コンフォート樫の木,0234-43-1781,厚生労働省オープンデータ,https://www.mhlw.go.jp/content/12300000/jigyosho_430.csv,2025-12末,https://www.google.com/search?q=%E5%B1%85%E5%AE%85%E4%BB%8B%E8%AD%B7%E6%94%AF%E6%8F%B4%E4%BA%8B%E6%A5%AD%E6%89%80%E3%80%80%E6%A8%AB%E3%81%AE%E6%9C%A8%20%E9%85%92%E7%94%B0%E5%B8%82
在宅介護支援センター　かたばみ荘,ケアマネジャー・居宅介護支援,山形県,酒田市,"介護,ケアマネジャー・居宅介護支援,相談",介護サービスの計画作成や事業所調整を行う相談先です。退院後の生活準備で重要です。,https;//www.katabamisou.jp,山形県酒田市北千日堂前字松境１８番１,0234-35-1407,厚生労働省オープンデータ,https://www.mhlw.go.jp/content/12300000/jigyosho_430.csv,2025-12末,https://www.google.com/search?q=%E5%9C%A8%E5%AE%85%E4%BB%8B%E8%AD%B7%E6%94%AF%E6%8F%B4%E3%82%BB%E3%83%B3%E3%82%BF%E3%83%BC%E3%80%80%E3%81%8B%E3%81%9F%E3%81%B0%E3%81%BF%E8%8D%98%20%E9%85%92%E7%94%B0%E5%B8%82
ケアステーションあらた,ケアマネジャー・居宅介護支援,山形県,酒田市,"介護,ケアマネジャー・居宅介護支援,相談",介護サービスの計画作成や事業所調整を行う相談先です。退院後の生活準備で重要です。,https://idealfaro.com/,山形県酒田市東町一丁目15番地の25未来創造館,0234‐26‐0488,厚生労働省オープンデータ,https://www.mhlw.go.jp/content/12300000/jigyosho_430.csv,2025-12末,https://www.google.com/search?q=%E3%82%B1%E3%82%A2%E3%82%B9%E3%83%86%E3%83%BC%E3%82%B7%E3%83%A7%E3%83%B3%E3%81%82%E3%82%89%E3%81%9F%20%E9%85%92%E7%94%B0%E5%B8%82
みすみ指定居宅介護支援事業所,ケアマネジャー・居宅介護支援,山形県,酒田市,"介護,ケアマネジャー・居宅介護支援,相談",介護サービスの計画作成や事業所調整を行う相談先です。退院後の生活準備で重要です。,www.hirata.or.jp/,山形県酒田市楢橋字大柳１番地１６,0234-43-6861,厚生労働省オープンデータ,https://www.mhlw.go.jp/content/12300000/jigyosho_430.csv,2025-12末,https://www.google.com/search?q=%E3%81%BF%E3%81%99%E3%81%BF%E6%8C%87%E5%AE%9A%E5%B1%85%E5%AE%85%E4%BB%8B%E8%AD%B7%E6%94%AF%E6%8F%B4%E4%BA%8B%E6%A5%AD%E6%89%80%20%E9%85%92%E7%94%B0%E5%B8%82
アースサポート酒田,ケアマネジャー・居宅介護支援,山形県,酒田市,"介護,ケアマネジャー・居宅介護支援,相談",介護サービスの計画作成や事業所調整を行う相談先です。退院後の生活準備で重要です。,http://www.earthsupport.co.jp,山形県酒田市若原町5番2,0234-26-9900,厚生労働省オープンデータ,https://www.mhlw.go.jp/content/12300000/jigyosho_430.csv,2025-12末,https://www.google.com/search?q=%E3%82%A2%E3%83%BC%E3%82%B9%E3%82%B5%E3%83%9D%E3%83%BC%E3%83%88%E9%85%92%E7%94%B0%20%E9%85%92%E7%94%B0%E5%B8%82
さくらホーム居宅介護支援事業所,ケアマネジャー・居宅介護支援,山形県,酒田市,"介護,ケアマネジャー・居宅介護支援,相談",介護サービスの計画作成や事業所調整を行う相談先です。退院後の生活準備で重要です。,http://www.sakura-welfare.jp/,山形県酒田市若浜町６－２５,0234-25-6636,厚生労働省オープンデータ,https://www.mhlw.go.jp/content/12300000/jigyosho_430.csv,2025-12末,https://www.google.com/search?q=%E3%81%95%E3%81%8F%E3%82%89%E3%83%9B%E3%83%BC%E3%83%A0%E5%B1%85%E5%AE%85%E4%BB%8B%E8%AD%B7%E6%94%AF%E6%8F%B4%E4%BA%8B%E6%A5%AD%E6%89%80%20%E9%85%92%E7%94%B0%E5%B8%82
居宅介護支援事業所はな,ケアマネジャー・居宅介護支援,山形県,酒田市,"介護,ケアマネジャー・居宅介護支援,相談",介護サービスの計画作成や事業所調整を行う相談先です。退院後の生活準備で重要です。,https://www.google.com/search?q=%E5%B1%85%E5%AE%85%E4%BB%8B%E8%AD%B7%E6%94%AF%E6%8F%B4%E4%BA%8B%E6%A5%AD%E6%89%80%E3%81%AF%E3%81%AA%20%E9%85%92%E7%94%B0%E5%B8%82,山形県酒田市亀ヶ崎1丁目6番54号,0234-22-8577,厚生労働省オープンデータ,https://www.mhlw.go.jp/content/12300000/jigyosho_430.csv,2025-12末,https://www.google.com/search?q=%E5%B1%85%E5%AE%85%E4%BB%8B%E8%AD%B7%E6%94%AF%E6%8F%B4%E4%BA%8B%E6%A5%AD%E6%89%80%E3%81%AF%E3%81%AA%20%E9%85%92%E7%94%B0%E5%B8%82
丸岡医院指定居宅介護支援事業所,ケアマネジャー・居宅介護支援,山形県,酒田市,"介護,ケアマネジャー・居宅介護支援,相談",介護サービスの計画作成や事業所調整を行う相談先です。退院後の生活準備で重要です。,http://www.maruoka.or.jp/careservice.html,山形県酒田市亀ヶ崎6-9-15,0234-23-8133,厚生労働省オープンデータ,https://www.mhlw.go.jp/content/12300000/jigyosho_430.csv,2025-12末,https://www.google.com/search?q=%E4%B8%B8%E5%B2%A1%E5%8C%BB%E9%99%A2%E6%8C%87%E5%AE%9A%E5%B1%85%E5%AE%85%E4%BB%8B%E8%AD%B7%E6%94%AF%E6%8F%B4%E4%BA%8B%E6%A5%AD%E6%89%80%20%E9%85%92%E7%94%B0%E5%B8%82
在宅介護支援センターうらら,ケアマネジャー・居宅介護支援,山形県,酒田市,"介護,ケアマネジャー・居宅介護支援,相談",介護サービスの計画作成や事業所調整を行う相談先です。退院後の生活準備で重要です。,http://www.kouyuu-kai.or.jp/,山形県酒田市上野曽根字上中割73,0234-31-9770,厚生労働省オープンデータ,https://www.mhlw.go.jp/content/12300000/jigyosho_430.csv,2025-12末,https://www.google.com/search?q=%E5%9C%A8%E5%AE%85%E4%BB%8B%E8%AD%B7%E6%94%AF%E6%8F%B4%E3%82%BB%E3%83%B3%E3%82%BF%E3%83%BC%E3%81%86%E3%82%89%E3%82%89%20%E9%85%92%E7%94%B0%E5%B8%82
介護プランありす,ケアマネジャー・居宅介護支援,山形県,酒田市,"介護,ケアマネジャー・居宅介護支援,相談",介護サービスの計画作成や事業所調整を行う相談先です。退院後の生活準備で重要です。,https://www.google.com/search?q=%E4%BB%8B%E8%AD%B7%E3%83%97%E3%83%A9%E3%83%B3%E3%81%82%E3%82%8A%E3%81%99%20%E9%85%92%E7%94%B0%E5%B8%82,山形県酒田市宮野浦２丁目１７－７,0234-31-4945,厚生労働省オープンデータ,https://www.mhlw.go.jp/content/12300000/jigyosho_430.csv,2025-12末,https://www.google.com/search?q=%E4%BB%8B%E8%AD%B7%E3%83%97%E3%83%A9%E3%83%B3%E3%81%82%E3%82%8A%E3%81%99%20%E9%85%92%E7%94%B0%E5%B8%82
さふらん酒田南店,ケアマネジャー・居宅介護支援,山形県,酒田市,"介護,ケアマネジャー・居宅介護支援,相談",介護サービスの計画作成や事業所調整を行う相談先です。退院後の生活準備で重要です。,https://www.google.com/search?q=%E3%81%95%E3%81%B5%E3%82%89%E3%82%93%E9%85%92%E7%94%B0%E5%8D%97%E5%BA%97%20%E9%85%92%E7%94%B0%E5%B8%82,酒田市中町３－２－１８,0234-21-3201,厚生労働省オープンデータ,https://www.mhlw.go.jp/content/12300000/jigyosho_430.csv,2025-12末,https://www.google.com/search?q=%E3%81%95%E3%81%B5%E3%82%89%E3%82%93%E9%85%92%E7%94%B0%E5%8D%97%E5%BA%97%20%E9%85%92%E7%94%B0%E5%B8%82
在宅介護複合施設ほづみ指定居宅介護支援事業所,ケアマネジャー・居宅介護支援,山形県,酒田市,"介護,ケアマネジャー・居宅介護支援,相談",介護サービスの計画作成や事業所調整を行う相談先です。退院後の生活準備で重要です。,https://www.hodumi.info/,山形県酒田市宮海字林内23番地,0234-33-1150,厚生労働省オープンデータ,https://www.mhlw.go.jp/content/12300000/jigyosho_430.csv,2025-12末,https://www.google.com/search?q=%E5%9C%A8%E5%AE%85%E4%BB%8B%E8%AD%B7%E8%A4%87%E5%90%88%E6%96%BD%E8%A8%AD%E3%81%BB%E3%81%A5%E3%81%BF%E6%8C%87%E5%AE%9A%E5%B1%85%E5%AE%85%E4%BB%8B%E8%AD%B7%E6%94%AF%E6%8F%B4%E4%BA%8B%E6%A5%AD%E6%89%80%20%E9%85%92%E7%94%B0%E5%B8%82
サン・シティ指定居宅介護支援事業所,ケアマネジャー・居宅介護支援,山形県,酒田市,"介護,ケアマネジャー・居宅介護支援,相談",介護サービスの計画作成や事業所調整を行う相談先です。退院後の生活準備で重要です。,http://www4.ocn.ne.jp/~suncity,山形県酒田市曙町二丁目28番地の5,0234-26-7786,厚生労働省オープンデータ,https://www.mhlw.go.jp/content/12300000/jigyosho_430.csv,2025-12末,https://www.google.com/search?q=%E3%82%B5%E3%83%B3%E3%83%BB%E3%82%B7%E3%83%86%E3%82%A3%E6%8C%87%E5%AE%9A%E5%B1%85%E5%AE%85%E4%BB%8B%E8%AD%B7%E6%94%AF%E6%8F%B4%E4%BA%8B%E6%A5%AD%E6%89%80%20%E9%85%92%E7%94%B0%E5%B8%82
にじの輪,ケアマネジャー・居宅介護支援,山形県,酒田市,"介護,ケアマネジャー・居宅介護支援,相談",介護サービスの計画作成や事業所調整を行う相談先です。退院後の生活準備で重要です。,http://www.ken-sei.or.jp,山形県酒田市泉町１番地１６,0234-35-1636,厚生労働省オープンデータ,https://www.mhlw.go.jp/content/12300000/jigyosho_430.csv,2025-12末,https://www.google.com/search?q=%E3%81%AB%E3%81%98%E3%81%AE%E8%BC%AA%20%E9%85%92%E7%94%B0%E5%B8%82
ケアプランセンター　明日葉,ケアマネジャー・居宅介護支援,山形県,酒田市,"介護,ケアマネジャー・居宅介護支援,相談",介護サービスの計画作成や事業所調整を行う相談先です。退院後の生活準備で重要です。,http://www.satsuki-ashitaba.jp,酒田市曙町２－１８－６,0234-43-8666,厚生労働省オープンデータ,https://www.mhlw.go.jp/content/12300000/jigyosho_430.csv,2025-12末,https://www.google.com/search?q=%E3%82%B1%E3%82%A2%E3%83%97%E3%83%A9%E3%83%B3%E3%82%BB%E3%83%B3%E3%82%BF%E3%83%BC%E3%80%80%E6%98%8E%E6%97%A5%E8%91%89%20%E9%85%92%E7%94%B0%E5%B8%82
虹居宅介護支援事業所,ケアマネジャー・居宅介護支援,山形県,新庄市,"介護,ケアマネジャー・居宅介護支援,相談",介護サービスの計画作成や事業所調整を行う相談先です。退院後の生活準備で重要です。,https://www.nijikaigo.com/,山形県新庄市十日町6373番地の76,0233-23-1558,厚生労働省オープンデータ,https://www.mhlw.go.jp/content/12300000/jigyosho_430.csv,2025-12末,https://www.google.com/search?q=%E8%99%B9%E5%B1%85%E5%AE%85%E4%BB%8B%E8%AD%B7%E6%94%AF%E6%8F%B4%E4%BA%8B%E6%A5%AD%E6%89%80%20%E6%96%B0%E5%BA%84%E5%B8%82
新庄地域福祉事業所　さんのほり,ケアマネジャー・居宅介護支援,山形県,新庄市,"介護,ケアマネジャー・居宅介護支援,相談",介護サービスの計画作成や事業所調整を行う相談先です。退院後の生活準備で重要です。,https://www.google.com/search?q=%E6%96%B0%E5%BA%84%E5%9C%B0%E5%9F%9F%E7%A6%8F%E7%A5%89%E4%BA%8B%E6%A5%AD%E6%89%80%E3%80%80%E3%81%95%E3%82%93%E3%81%AE%E3%81%BB%E3%82%8A%20%E6%96%B0%E5%BA%84%E5%B8%82,山形県新庄市大字鳥越1013-37,0233-28-9371,厚生労働省オープンデータ,https://www.mhlw.go.jp/content/12300000/jigyosho_430.csv,2025-12末,https://www.google.com/search?q=%E6%96%B0%E5%BA%84%E5%9C%B0%E5%9F%9F%E7%A6%8F%E7%A5%89%E4%BA%8B%E6%A5%AD%E6%89%80%E3%80%80%E3%81%95%E3%82%93%E3%81%AE%E3%81%BB%E3%82%8A%20%E6%96%B0%E5%BA%84%E5%B8%82
居宅介護支援事業所　ネスト・サポート,ケアマネジャー・居宅介護支援,山形県,新庄市,"介護,ケアマネジャー・居宅介護支援,相談",介護サービスの計画作成や事業所調整を行う相談先です。退院後の生活準備で重要です。,http://www.dreamnest.or.jp,新庄市住吉町３番３号,0233-23-3993,厚生労働省オープンデータ,https://www.mhlw.go.jp/content/12300000/jigyosho_430.csv,2025-12末,https://www.google.com/search?q=%E5%B1%85%E5%AE%85%E4%BB%8B%E8%AD%B7%E6%94%AF%E6%8F%B4%E4%BA%8B%E6%A5%AD%E6%89%80%E3%80%80%E3%83%8D%E3%82%B9%E3%83%88%E3%83%BB%E3%82%B5%E3%83%9D%E3%83%BC%E3%83%88%20%E6%96%B0%E5%BA%84%E5%B8%82
カイセイ介護サービス,ケアマネジャー・居宅介護支援,山形県,新庄市,"介護,ケアマネジャー・居宅介護支援,相談",介護サービスの計画作成や事業所調整を行う相談先です。退院後の生活準備で重要です。,http://www.kaisei-company.com/,山形県新庄市末広町７-４,0233-29-2912,厚生労働省オープンデータ,https://www.mhlw.go.jp/content/12300000/jigyosho_430.csv,2025-12末,https://www.google.com/search?q=%E3%82%AB%E3%82%A4%E3%82%BB%E3%82%A4%E4%BB%8B%E8%AD%B7%E3%82%B5%E3%83%BC%E3%83%93%E3%82%B9%20%E6%96%B0%E5%BA%84%E5%B8%82
在宅介護支援センター第二あじさい,ケアマネジャー・居宅介護支援,山形県,新庄市,"介護,ケアマネジャー・居宅介護支援,相談",介護サービスの計画作成や事業所調整を行う相談先です。退院後の生活準備で重要です。,https://www.google.com/search?q=%E5%9C%A8%E5%AE%85%E4%BB%8B%E8%AD%B7%E6%94%AF%E6%8F%B4%E3%82%BB%E3%83%B3%E3%82%BF%E3%83%BC%E7%AC%AC%E4%BA%8C%E3%81%82%E3%81%98%E3%81%95%E3%81%84%20%E6%96%B0%E5%BA%84%E5%B8%82,新庄市大字泉田字上村西170番地,0233-25-2223,厚生労働省オープンデータ,https://www.mhlw.go.jp/content/12300000/jigyosho_430.csv,2025-12末,https://www.google.com/search?q=%E5%9C%A8%E5%AE%85%E4%BB%8B%E8%AD%B7%E6%94%AF%E6%8F%B4%E3%82%BB%E3%83%B3%E3%82%BF%E3%83%BC%E7%AC%AC%E4%BA%8C%E3%81%82%E3%81%98%E3%81%95%E3%81%84%20%E6%96%B0%E5%BA%84%E5%B8%82
居宅介護支援センターカナン,ケアマネジャー・居宅介護支援,山形県,新庄市,"介護,ケアマネジャー・居宅介護支援,相談",介護サービスの計画作成や事業所調整を行う相談先です。退院後の生活準備で重要です。,https://www.google.com/search?q=%E5%B1%85%E5%AE%85%E4%BB%8B%E8%AD%B7%E6%94%AF%E6%8F%B4%E3%82%BB%E3%83%B3%E3%82%BF%E3%83%BC%E3%82%AB%E3%83%8A%E3%83%B3%20%E6%96%B0%E5%BA%84%E5%B8%82,山形県新庄市金沢2864ケアホームカナン,0233ー22ー2911,厚生労働省オープンデータ,https://www.mhlw.go.jp/content/12300000/jigyosho_430.csv,2025-12末,https://www.google.com/search?q=%E5%B1%85%E5%AE%85%E4%BB%8B%E8%AD%B7%E6%94%AF%E6%8F%B4%E3%82%BB%E3%83%B3%E3%82%BF%E3%83%BC%E3%82%AB%E3%83%8A%E3%83%B3%20%E6%96%B0%E5%BA%84%E5%B8%82
ほがら介護支援センター,ケアマネジャー・居宅介護支援,山形県,新庄市,"介護,ケアマネジャー・居宅介護支援,相談",介護サービスの計画作成や事業所調整を行う相談先です。退院後の生活準備で重要です。,http://www.hogara-kaigo.com/,山形県新庄市大字泉田字村東229番地,0233-32-0480,厚生労働省オープンデータ,https://www.mhlw.go.jp/content/12300000/jigyosho_430.csv,2025-12末,https://www.google.com/search?q=%E3%81%BB%E3%81%8C%E3%82%89%E4%BB%8B%E8%AD%B7%E6%94%AF%E6%8F%B4%E3%82%BB%E3%83%B3%E3%82%BF%E3%83%BC%20%E6%96%B0%E5%BA%84%E5%B8%82
ゴールデンスタッフ新庄居宅介護支援センター,ケアマネジャー・居宅介護支援,山形県,新庄市,"介護,ケアマネジャー・居宅介護支援,相談",介護サービスの計画作成や事業所調整を行う相談先です。退院後の生活準備で重要です。,https://www.google.com/search?q=%E3%82%B4%E3%83%BC%E3%83%AB%E3%83%87%E3%83%B3%E3%82%B9%E3%82%BF%E3%83%83%E3%83%95%E6%96%B0%E5%BA%84%E5%B1%85%E5%AE%85%E4%BB%8B%E8%AD%B7%E6%94%AF%E6%8F%B4%E3%82%BB%E3%83%B3%E3%82%BF%E3%83%BC%20%E6%96%B0%E5%BA%84%E5%B8%82,山形県新庄市小田島町1-1,0233-28-0001,厚生労働省オープンデータ,https://www.mhlw.go.jp/content/12300000/jigyosho_430.csv,2025-12末,https://www.google.com/search?q=%E3%82%B4%E3%83%BC%E3%83%AB%E3%83%87%E3%83%B3%E3%82%B9%E3%82%BF%E3%83%83%E3%83%95%E6%96%B0%E5%BA%84%E5%B1%85%E5%AE%85%E4%BB%8B%E8%AD%B7%E6%94%AF%E6%8F%B4%E3%82%BB%E3%83%B3%E3%82%BF%E3%83%BC%20%E6%96%B0%E5%BA%84%E5%B8%82
新庄薬師園指定居宅介護支援事業所,ケアマネジャー・居宅介護支援,山形県,新庄市,"介護,ケアマネジャー・居宅介護支援,相談",介護サービスの計画作成や事業所調整を行う相談先です。退院後の生活準備で重要です。,https://www.google.com/search?q=%E6%96%B0%E5%BA%84%E8%96%AC%E5%B8%AB%E5%9C%92%E6%8C%87%E5%AE%9A%E5%B1%85%E5%AE%85%E4%BB%8B%E8%AD%B7%E6%94%AF%E6%8F%B4%E4%BA%8B%E6%A5%AD%E6%89%80%20%E6%96%B0%E5%BA%84%E5%B8%82,山形県新庄市金沢字西ノ山３０２７－４,0233-23-6208,厚生労働省オープンデータ,https://www.mhlw.go.jp/content/12300000/jigyosho_430.csv,2025-12末,https://www.google.com/search?q=%E6%96%B0%E5%BA%84%E8%96%AC%E5%B8%AB%E5%9C%92%E6%8C%87%E5%AE%9A%E5%B1%85%E5%AE%85%E4%BB%8B%E8%AD%B7%E6%94%AF%E6%8F%B4%E4%BA%8B%E6%A5%AD%E6%89%80%20%E6%96%B0%E5%BA%84%E5%B8%82
もみの木介護支援事業所,ケアマネジャー・居宅介護支援,山形県,新庄市,"介護,ケアマネジャー・居宅介護支援,相談",介護サービスの計画作成や事業所調整を行う相談先です。退院後の生活準備で重要です。,http://www.shinjo-shakyo.or.jp/,山形県新庄市五日町字宮内２４０番地２,0233-28-7345,厚生労働省オープンデータ,https://www.mhlw.go.jp/content/12300000/jigyosho_430.csv,2025-12末,https://www.google.com/search?q=%E3%82%82%E3%81%BF%E3%81%AE%E6%9C%A8%E4%BB%8B%E8%AD%B7%E6%94%AF%E6%8F%B4%E4%BA%8B%E6%A5%AD%E6%89%80%20%E6%96%B0%E5%BA%84%E5%B8%82
居宅介護支援ｾﾝﾀｰ　ぱれっと,ケアマネジャー・居宅介護支援,山形県,新庄市,"介護,ケアマネジャー・居宅介護支援,相談",介護サービスの計画作成や事業所調整を行う相談先です。退院後の生活準備で重要です。,https://www.google.com/search?q=%E5%B1%85%E5%AE%85%E4%BB%8B%E8%AD%B7%E6%94%AF%E6%8F%B4%EF%BD%BE%EF%BE%9D%EF%BE%80%EF%BD%B0%E3%80%80%E3%81%B1%E3%82%8C%E3%81%A3%E3%81%A8%20%E6%96%B0%E5%BA%84%E5%B8%82,山形県新庄市大字萩野字横根山101-1,0233-25-2231,厚生労働省オープンデータ,https://www.mhlw.go.jp/content/12300000/jigyosho_430.csv,2025-12末,https://www.google.com/search?q=%E5%B1%85%E5%AE%85%E4%BB%8B%E8%AD%B7%E6%94%AF%E6%8F%B4%EF%BD%BE%EF%BE%9D%EF%BE%80%EF%BD%B0%E3%80%80%E3%81%B1%E3%82%8C%E3%81%A3%E3%81%A8%20%E6%96%B0%E5%BA%84%E5%B8%82
居宅介護支援事業所アーユス新庄,ケアマネジャー・居宅介護支援,山形県,新庄市,"介護,ケアマネジャー・居宅介護支援,相談",介護サービスの計画作成や事業所調整を行う相談先です。退院後の生活準備で重要です。,coayus.co.jp,山形県新庄市金沢1964-1,0233-77-4418,厚生労働省オープンデータ,https://www.mhlw.go.jp/content/12300000/jigyosho_430.csv,2025-12末,https://www.google.com/search?q=%E5%B1%85%E5%AE%85%E4%BB%8B%E8%AD%B7%E6%94%AF%E6%8F%B4%E4%BA%8B%E6%A5%AD%E6%89%80%E3%82%A2%E3%83%BC%E3%83%A6%E3%82%B9%E6%96%B0%E5%BA%84%20%E6%96%B0%E5%BA%84%E5%B8%82
医療法人　徳洲会　新庄徳洲会介護センター,ケアマネジャー・居宅介護支援,山形県,新庄市,"介護,ケアマネジャー・居宅介護支援,相談",介護サービスの計画作成や事業所調整を行う相談先です。退院後の生活準備で重要です。,http://www.shin-toku.com,新庄市大字鳥越字駒場4623,0233-28-8287,厚生労働省オープンデータ,https://www.mhlw.go.jp/content/12300000/jigyosho_430.csv,2025-12末,https://www.google.com/search?q=%E5%8C%BB%E7%99%82%E6%B3%95%E4%BA%BA%E3%80%80%E5%BE%B3%E6%B4%B2%E4%BC%9A%E3%80%80%E6%96%B0%E5%BA%84%E5%BE%B3%E6%B4%B2%E4%BC%9A%E4%BB%8B%E8%AD%B7%E3%82%BB%E3%83%B3%E3%82%BF%E3%83%BC%20%E6%96%B0%E5%BA%84%E5%B8%82
福祉サポートセンター山形,ケアマネジャー・居宅介護支援,山形県,新庄市,"介護,ケアマネジャー・居宅介護支援,相談",介護サービスの計画作成や事業所調整を行う相談先です。退院後の生活準備で重要です。,http://www.fukusi-sc-yamagata.org,山形県新庄市本町６番１１号,0233-29-4556,厚生労働省オープンデータ,https://www.mhlw.go.jp/content/12300000/jigyosho_430.csv,2025-12末,https://www.google.com/search?q=%E7%A6%8F%E7%A5%89%E3%82%B5%E3%83%9D%E3%83%BC%E3%83%88%E3%82%BB%E3%83%B3%E3%82%BF%E3%83%BC%E5%B1%B1%E5%BD%A2%20%E6%96%B0%E5%BA%84%E5%B8%82
ネットワークいとう,ケアマネジャー・居宅介護支援,山形県,新庄市,"介護,ケアマネジャー・居宅介護支援,相談",介護サービスの計画作成や事業所調整を行う相談先です。退院後の生活準備で重要です。,https://www.google.com/search?q=%E3%83%8D%E3%83%83%E3%83%88%E3%83%AF%E3%83%BC%E3%82%AF%E3%81%84%E3%81%A8%E3%81%86%20%E6%96%B0%E5%BA%84%E5%B8%82,山形県新庄市大手町２番６７号,0233-22-2745,厚生労働省オープンデータ,https://www.mhlw.go.jp/content/12300000/jigyosho_430.csv,2025-12末,https://www.google.com/search?q=%E3%83%8D%E3%83%83%E3%83%88%E3%83%AF%E3%83%BC%E3%82%AF%E3%81%84%E3%81%A8%E3%81%86%20%E6%96%B0%E5%BA%84%E5%B8%82
ほし薬局居宅介護支援事業所,ケアマネジャー・居宅介護支援,山形県,新庄市,"介護,ケアマネジャー・居宅介護支援,相談",介護サービスの計画作成や事業所調整を行う相談先です。退院後の生活準備で重要です。,medica-info.jp,山形県新庄市桧町10番8号,0233-32-1123,厚生労働省オープンデータ,https://www.mhlw.go.jp/content/12300000/jigyosho_430.csv,2025-12末,https://www.google.com/search?q=%E3%81%BB%E3%81%97%E8%96%AC%E5%B1%80%E5%B1%85%E5%AE%85%E4%BB%8B%E8%AD%B7%E6%94%AF%E6%8F%B4%E4%BA%8B%E6%A5%AD%E6%89%80%20%E6%96%B0%E5%BA%84%E5%B8%82
居宅介護支援事業所いぶき,ケアマネジャー・居宅介護支援,山形県,新庄市,"介護,ケアマネジャー・居宅介護支援,相談",介護サービスの計画作成や事業所調整を行う相談先です。退院後の生活準備で重要です。,https://www.google.com/search?q=%E5%B1%85%E5%AE%85%E4%BB%8B%E8%AD%B7%E6%94%AF%E6%8F%B4%E4%BA%8B%E6%A5%AD%E6%89%80%E3%81%84%E3%81%B6%E3%81%8D%20%E6%96%B0%E5%BA%84%E5%B8%82,山形県新庄市大字松本３９３番地の９,０２３３－２２－１３７２,厚生労働省オープンデータ,https://www.mhlw.go.jp/content/12300000/jigyosho_430.csv,2025-12末,https://www.google.com/search?q=%E5%B1%85%E5%AE%85%E4%BB%8B%E8%AD%B7%E6%94%AF%E6%8F%B4%E4%BA%8B%E6%A5%AD%E6%89%80%E3%81%84%E3%81%B6%E3%81%8D%20%E6%96%B0%E5%BA%84%E5%B8%82
かいごサポートひとむすび,ケアマネジャー・居宅介護支援,山形県,新庄市,"介護,ケアマネジャー・居宅介護支援,相談",介護サービスの計画作成や事業所調整を行う相談先です。退院後の生活準備で重要です。,https://www.google.com/search?q=%E3%81%8B%E3%81%84%E3%81%94%E3%82%B5%E3%83%9D%E3%83%BC%E3%83%88%E3%81%B2%E3%81%A8%E3%82%80%E3%81%99%E3%81%B3%20%E6%96%B0%E5%BA%84%E5%B8%82,山形県新庄市万場町5番16号のくらしA,0233-29-7235,厚生労働省オープンデータ,https://www.mhlw.go.jp/content/12300000/jigyosho_430.csv,2025-12末,https://www.google.com/search?q=%E3%81%8B%E3%81%84%E3%81%94%E3%82%B5%E3%83%9D%E3%83%BC%E3%83%88%E3%81%B2%E3%81%A8%E3%82%80%E3%81%99%E3%81%B3%20%E6%96%B0%E5%BA%84%E5%B8%82
居宅介護支援事業所ＰＦＣエーデルワイス,ケアマネジャー・居宅介護支援,山形県,新庄市,"介護,ケアマネジャー・居宅介護支援,相談",介護サービスの計画作成や事業所調整を行う相談先です。退院後の生活準備で重要です。,https://ew.seimei-kai.or.jp/,山形県新庄市大字本合海字福田界1802番地3,0233-26-2685,厚生労働省オープンデータ,https://www.mhlw.go.jp/content/12300000/jigyosho_430.csv,2025-12末,https://www.google.com/search?q=%E5%B1%85%E5%AE%85%E4%BB%8B%E8%AD%B7%E6%94%AF%E6%8F%B4%E4%BA%8B%E6%A5%AD%E6%89%80%EF%BC%B0%EF%BC%A6%EF%BC%A3%E3%82%A8%E3%83%BC%E3%83%87%E3%83%AB%E3%83%AF%E3%82%A4%E3%82%B9%20%E6%96%B0%E5%BA%84%E5%B8%82
居宅介護支援センター日和,ケアマネジャー・居宅介護支援,山形県,新庄市,"介護,ケアマネジャー・居宅介護支援,相談",介護サービスの計画作成や事業所調整を行う相談先です。退院後の生活準備で重要です。,https://hiyori.colasse.jp,山形県新庄市本町4番33号こらっせ新庄2階,0233-32-0565,厚生労働省オープンデータ,https://www.mhlw.go.jp/content/12300000/jigyosho_430.csv,2025-12末,https://www.google.com/search?q=%E5%B1%85%E5%AE%85%E4%BB%8B%E8%AD%B7%E6%94%AF%E6%8F%B4%E3%82%BB%E3%83%B3%E3%82%BF%E3%83%BC%E6%97%A5%E5%92%8C%20%E6%96%B0%E5%BA%84%E5%B8%82
アスケアケアプランセンター新庄,ケアマネジャー・居宅介護支援,山形県,新庄市,"介護,ケアマネジャー・居宅介護支援,相談",介護サービスの計画作成や事業所調整を行う相談先です。退院後の生活準備で重要です。,http://www.asahi-sun-clean.co.jp/,新庄市大町16-6,050-3317-7052,厚生労働省オープンデータ,https://www.mhlw.go.jp/content/12300000/jigyosho_430.csv,2025-12末,https://www.google.com/search?q=%E3%82%A2%E3%82%B9%E3%82%B1%E3%82%A2%E3%82%B1%E3%82%A2%E3%83%97%E3%83%A9%E3%83%B3%E3%82%BB%E3%83%B3%E3%82%BF%E3%83%BC%E6%96%B0%E5%BA%84%20%E6%96%B0%E5%BA%84%E5%B8%82
なごみ指定居宅介護支援事業所,ケアマネジャー・居宅介護支援,山形県,寒河江市,"介護,ケアマネジャー・居宅介護支援,相談",介護サービスの計画作成や事業所調整を行う相談先です。退院後の生活準備で重要です。,https://vesita.co.jp/,寒河江市大字日和田6番地の14,0237-83-2487,厚生労働省オープンデータ,https://www.mhlw.go.jp/content/12300000/jigyosho_430.csv,2025-12末,https://www.google.com/search?q=%E3%81%AA%E3%81%94%E3%81%BF%E6%8C%87%E5%AE%9A%E5%B1%85%E5%AE%85%E4%BB%8B%E8%AD%B7%E6%94%AF%E6%8F%B4%E4%BA%8B%E6%A5%AD%E6%89%80%20%E5%AF%92%E6%B2%B3%E6%B1%9F%E5%B8%82
寒河江やすらぎの里指定居宅介護支援事業所,ケアマネジャー・居宅介護支援,山形県,寒河江市,"介護,ケアマネジャー・居宅介護支援,相談",介護サービスの計画作成や事業所調整を行う相談先です。退院後の生活準備で重要です。,http://care-net.biz/06/s-yasuragi/,寒河江市本楯二丁目24番地1,0237-83-0568,厚生労働省オープンデータ,https://www.mhlw.go.jp/content/12300000/jigyosho_430.csv,2025-12末,https://www.google.com/search?q=%E5%AF%92%E6%B2%B3%E6%B1%9F%E3%82%84%E3%81%99%E3%82%89%E3%81%8E%E3%81%AE%E9%87%8C%E6%8C%87%E5%AE%9A%E5%B1%85%E5%AE%85%E4%BB%8B%E8%AD%B7%E6%94%AF%E6%8F%B4%E4%BA%8B%E6%A5%AD%E6%89%80%20%E5%AF%92%E6%B2%B3%E6%B1%9F%E5%B8%82
居宅介護支援事業所　だいご,ケアマネジャー・居宅介護支援,山形県,寒河江市,"介護,ケアマネジャー・居宅介護支援,相談",介護サービスの計画作成や事業所調整を行う相談先です。退院後の生活準備で重要です。,https://vesita.co.jp/subaru,山形県寒河江市大字慈恩寺235番地,0237-84-7200,厚生労働省オープンデータ,https://www.mhlw.go.jp/content/12300000/jigyosho_430.csv,2025-12末,https://www.google.com/search?q=%E5%B1%85%E5%AE%85%E4%BB%8B%E8%AD%B7%E6%94%AF%E6%8F%B4%E4%BA%8B%E6%A5%AD%E6%89%80%E3%80%80%E3%81%A0%E3%81%84%E3%81%94%20%E5%AF%92%E6%B2%B3%E6%B1%9F%E5%B8%82
ケアプランセンター寒河江敬寿園,ケアマネジャー・居宅介護支援,山形県,寒河江市,"介護,ケアマネジャー・居宅介護支援,相談",介護サービスの計画作成や事業所調整を行う相談先です。退院後の生活準備で重要です。,https://keijuen.or.jp,山形県寒河江市本町2丁目2－24OMビル一号館１F,0237ｰ84‐7700,厚生労働省オープンデータ,https://www.mhlw.go.jp/content/12300000/jigyosho_430.csv,2025-12末,https://www.google.com/search?q=%E3%82%B1%E3%82%A2%E3%83%97%E3%83%A9%E3%83%B3%E3%82%BB%E3%83%B3%E3%82%BF%E3%83%BC%E5%AF%92%E6%B2%B3%E6%B1%9F%E6%95%AC%E5%AF%BF%E5%9C%92%20%E5%AF%92%E6%B2%B3%E6%B1%9F%E5%B8%82
長生園指定居宅介護支援事業所,ケアマネジャー・居宅介護支援,山形県,寒河江市,"介護,ケアマネジャー・居宅介護支援,相談",介護サービスの計画作成や事業所調整を行う相談先です。退院後の生活準備で重要です。,http://www.chouseien.or.jp,山形県寒河江市大字柴橋２２４６番地の１,0237-86-8568,厚生労働省オープンデータ,https://www.mhlw.go.jp/content/12300000/jigyosho_430.csv,2025-12末,https://www.google.com/search?q=%E9%95%B7%E7%94%9F%E5%9C%92%E6%8C%87%E5%AE%9A%E5%B1%85%E5%AE%85%E4%BB%8B%E8%AD%B7%E6%94%AF%E6%8F%B4%E4%BA%8B%E6%A5%AD%E6%89%80%20%E5%AF%92%E6%B2%B3%E6%B1%9F%E5%B8%82
しらいわ指定居宅介護支援事業所,ケアマネジャー・居宅介護支援,山形県,寒河江市,"介護,ケアマネジャー・居宅介護支援,相談",介護サービスの計画作成や事業所調整を行う相談先です。退院後の生活準備で重要です。,https://www.sagae-yuuyuukai.org/,山形県寒河江市大字白岩６３２４番地,0237-87-5111,厚生労働省オープンデータ,https://www.mhlw.go.jp/content/12300000/jigyosho_430.csv,2025-12末,https://www.google.com/search?q=%E3%81%97%E3%82%89%E3%81%84%E3%82%8F%E6%8C%87%E5%AE%9A%E5%B1%85%E5%AE%85%E4%BB%8B%E8%AD%B7%E6%94%AF%E6%8F%B4%E4%BA%8B%E6%A5%AD%E6%89%80%20%E5%AF%92%E6%B2%B3%E6%B1%9F%E5%B8%82
寒河江市社会福祉協議会指定居宅介護支援事業所,ケアマネジャー・居宅介護支援,山形県,寒河江市,"介護,ケアマネジャー・居宅介護支援,相談",介護サービスの計画作成や事業所調整を行う相談先です。退院後の生活準備で重要です。,http://care-net.biz/06/sagae/,山形県寒河江市中央二丁目2番1号寒河江市ハートフルセンター内,0237-83-3207,厚生労働省オープンデータ,https://www.mhlw.go.jp/content/12300000/jigyosho_430.csv,2025-12末,https://www.google.com/search?q=%E5%AF%92%E6%B2%B3%E6%B1%9F%E5%B8%82%E7%A4%BE%E4%BC%9A%E7%A6%8F%E7%A5%89%E5%8D%94%E8%AD%B0%E4%BC%9A%E6%8C%87%E5%AE%9A%E5%B1%85%E5%AE%85%E4%BB%8B%E8%AD%B7%E6%94%AF%E6%8F%B4%E4%BA%8B%E6%A5%AD%E6%89%80%20%E5%AF%92%E6%B2%B3%E6%B1%9F%E5%B8%82
長岡観音福祉相談センター　西村山介護計画室,ケアマネジャー・居宅介護支援,山形県,寒河江市,"介護,ケアマネジャー・居宅介護支援,相談",介護サービスの計画作成や事業所調整を行う相談先です。退院後の生活準備で重要です。,www.nagaoka16.com,山形県寒河江市丸内二丁目4番19号長念寺事務所内,0237-85-1666,厚生労働省オープンデータ,https://www.mhlw.go.jp/content/12300000/jigyosho_430.csv,2025-12末,https://www.google.com/search?q=%E9%95%B7%E5%B2%A1%E8%A6%B3%E9%9F%B3%E7%A6%8F%E7%A5%89%E7%9B%B8%E8%AB%87%E3%82%BB%E3%83%B3%E3%82%BF%E3%83%BC%E3%80%80%E8%A5%BF%E6%9D%91%E5%B1%B1%E4%BB%8B%E8%AD%B7%E8%A8%88%E7%94%BB%E5%AE%A4%20%E5%AF%92%E6%B2%B3%E6%B1%9F%E5%B8%82
さがえ西村山農業協同組合,ケアマネジャー・居宅介護支援,山形県,寒河江市,"介護,ケアマネジャー・居宅介護支援,相談",介護サービスの計画作成や事業所調整を行う相談先です。退院後の生活準備で重要です。,http://www.ic-net.or.jp/home/jasagae/,山形県寒河江市大字寒河江字久保２番地ＪＡ健康福祉センター,0237-86-8165,厚生労働省オープンデータ,https://www.mhlw.go.jp/content/12300000/jigyosho_430.csv,2025-12末,https://www.google.com/search?q=%E3%81%95%E3%81%8C%E3%81%88%E8%A5%BF%E6%9D%91%E5%B1%B1%E8%BE%B2%E6%A5%AD%E5%8D%94%E5%90%8C%E7%B5%84%E5%90%88%20%E5%AF%92%E6%B2%B3%E6%B1%9F%E5%B8%82
ひかり居宅介護支援事業所,ケアマネジャー・居宅介護支援,山形県,寒河江市,"介護,ケアマネジャー・居宅介護支援,相談",介護サービスの計画作成や事業所調整を行う相談先です。退院後の生活準備で重要です。,https://www.google.com/search?q=%E3%81%B2%E3%81%8B%E3%82%8A%E5%B1%85%E5%AE%85%E4%BB%8B%E8%AD%B7%E6%94%AF%E6%8F%B4%E4%BA%8B%E6%A5%AD%E6%89%80%20%E5%AF%92%E6%B2%B3%E6%B1%9F%E5%B8%82,山形県寒河江市大字寒河江字塩水60-1,0237-85-1251,厚生労働省オープンデータ,https://www.mhlw.go.jp/content/12300000/jigyosho_430.csv,2025-12末,https://www.google.com/search?q=%E3%81%B2%E3%81%8B%E3%82%8A%E5%B1%85%E5%AE%85%E4%BB%8B%E8%AD%B7%E6%94%AF%E6%8F%B4%E4%BA%8B%E6%A5%AD%E6%89%80%20%E5%AF%92%E6%B2%B3%E6%B1%9F%E5%B8%82
居宅介護支援事業所つつじ,ケアマネジャー・居宅介護支援,山形県,寒河江市,"介護,ケアマネジャー・居宅介護支援,相談",介護サービスの計画作成や事業所調整を行う相談先です。退院後の生活準備で重要です。,http://www.npo-ajisai.jp/,山形県寒河江市大字寒河江字塩水6-1,0237-85-1326,厚生労働省オープンデータ,https://www.mhlw.go.jp/content/12300000/jigyosho_430.csv,2025-12末,https://www.google.com/search?q=%E5%B1%85%E5%AE%85%E4%BB%8B%E8%AD%B7%E6%94%AF%E6%8F%B4%E4%BA%8B%E6%A5%AD%E6%89%80%E3%81%A4%E3%81%A4%E3%81%98%20%E5%AF%92%E6%B2%B3%E6%B1%9F%E5%B8%82
山形県寒河江市西村山郡訪問看護ステーション,ケアマネジャー・居宅介護支援,山形県,寒河江市,"介護,ケアマネジャー・居宅介護支援,相談",介護サービスの計画作成や事業所調整を行う相談先です。退院後の生活準備で重要です。,http://www.snma.or.jp/houmon/jigyou.html,山形県寒河江市中央二丁目2番1号ハートフルセンター二階,0237-83-3222,厚生労働省オープンデータ,https://www.mhlw.go.jp/content/12300000/jigyosho_430.csv,2025-12末,https://www.google.com/search?q=%E5%B1%B1%E5%BD%A2%E7%9C%8C%E5%AF%92%E6%B2%B3%E6%B1%9F%E5%B8%82%E8%A5%BF%E6%9D%91%E5%B1%B1%E9%83%A1%E8%A8%AA%E5%95%8F%E7%9C%8B%E8%AD%B7%E3%82%B9%E3%83%86%E3%83%BC%E3%82%B7%E3%83%A7%E3%83%B3%20%E5%AF%92%E6%B2%B3%E6%B1%9F%E5%B8%82
ケアプランセンターいこい,ケアマネジャー・居宅介護支援,山形県,寒河江市,"介護,ケアマネジャー・居宅介護支援,相談",介護サービスの計画作成や事業所調整を行う相談先です。退院後の生活準備で重要です。,https://www.google.com/search?q=%E3%82%B1%E3%82%A2%E3%83%97%E3%83%A9%E3%83%B3%E3%82%BB%E3%83%B3%E3%82%BF%E3%83%BC%E3%81%84%E3%81%93%E3%81%84%20%E5%AF%92%E6%B2%B3%E6%B1%9F%E5%B8%82,山形県寒河江市大字高屋字北江59番地の19,０９０－７５２９－０９２１,厚生労働省オープンデータ,https://www.mhlw.go.jp/content/12300000/jigyosho_430.csv,2025-12末,https://www.google.com/search?q=%E3%82%B1%E3%82%A2%E3%83%97%E3%83%A9%E3%83%B3%E3%82%BB%E3%83%B3%E3%82%BF%E3%83%BC%E3%81%84%E3%81%93%E3%81%84%20%E5%AF%92%E6%B2%B3%E6%B1%9F%E5%B8%82
かみのやま病院介護支援事業所,ケアマネジャー・居宅介護支援,山形県,上山市,"介護,ケアマネジャー・居宅介護支援,相談",介護サービスの計画作成や事業所調整を行う相談先です。退院後の生活準備で重要です。,http://nihonmatsukai.or.jp/,上山市金谷字下河原１３７０,023-672-2551,厚生労働省オープンデータ,https://www.mhlw.go.jp/content/12300000/jigyosho_430.csv,2025-12末,https://www.google.com/search?q=%E3%81%8B%E3%81%BF%E3%81%AE%E3%82%84%E3%81%BE%E7%97%85%E9%99%A2%E4%BB%8B%E8%AD%B7%E6%94%AF%E6%8F%B4%E4%BA%8B%E6%A5%AD%E6%89%80%20%E4%B8%8A%E5%B1%B1%E5%B8%82
須田居宅介護支援事業所,ケアマネジャー・居宅介護支援,山形県,上山市,"介護,ケアマネジャー・居宅介護支援,相談",介護サービスの計画作成や事業所調整を行う相談先です。退院後の生活準備で重要です。,https://www.google.com/search?q=%E9%A0%88%E7%94%B0%E5%B1%85%E5%AE%85%E4%BB%8B%E8%AD%B7%E6%94%AF%E6%8F%B4%E4%BA%8B%E6%A5%AD%E6%89%80%20%E4%B8%8A%E5%B1%B1%E5%B8%82,山形県上山市美咲町1-3-25,023-677-0030,厚生労働省オープンデータ,https://www.mhlw.go.jp/content/12300000/jigyosho_430.csv,2025-12末,https://www.google.com/search?q=%E9%A0%88%E7%94%B0%E5%B1%85%E5%AE%85%E4%BB%8B%E8%AD%B7%E6%94%AF%E6%8F%B4%E4%BA%8B%E6%A5%AD%E6%89%80%20%E4%B8%8A%E5%B1%B1%E5%B8%82
ほうせんえん居宅介護支援事業所,ケアマネジャー・居宅介護支援,山形県,上山市,"介護,ケアマネジャー・居宅介護支援,相談",介護サービスの計画作成や事業所調整を行う相談先です。退院後の生活準備で重要です。,http://kaijukai.jp,山形県上山市金谷字藤木2401番地,023-673-6228,厚生労働省オープンデータ,https://www.mhlw.go.jp/content/12300000/jigyosho_430.csv,2025-12末,https://www.google.com/search?q=%E3%81%BB%E3%81%86%E3%81%9B%E3%82%93%E3%81%88%E3%82%93%E5%B1%85%E5%AE%85%E4%BB%8B%E8%AD%B7%E6%94%AF%E6%8F%B4%E4%BA%8B%E6%A5%AD%E6%89%80%20%E4%B8%8A%E5%B1%B1%E5%B8%82
指定居宅介護支援事業所長岡医院,ケアマネジャー・居宅介護支援,山形県,上山市,"介護,ケアマネジャー・居宅介護支援,相談",介護サービスの計画作成や事業所調整を行う相談先です。退院後の生活準備で重要です。,http://www.nagaokaiin.com,山形県上山市沢丁9番13号,023-676-7017,厚生労働省オープンデータ,https://www.mhlw.go.jp/content/12300000/jigyosho_430.csv,2025-12末,https://www.google.com/search?q=%E6%8C%87%E5%AE%9A%E5%B1%85%E5%AE%85%E4%BB%8B%E8%AD%B7%E6%94%AF%E6%8F%B4%E4%BA%8B%E6%A5%AD%E6%89%80%E9%95%B7%E5%B2%A1%E5%8C%BB%E9%99%A2%20%E4%B8%8A%E5%B1%B1%E5%B8%82
いちまる上山居宅介護支援事業所,ケアマネジャー・居宅介護支援,山形県,上山市,"介護,ケアマネジャー・居宅介護支援,相談",介護サービスの計画作成や事業所調整を行う相談先です。退院後の生活準備で重要です。,https://ichimaru.fab3.co.jp/hp/,山形県上山市矢来1-3-5イガラシビル２F‐B,023-664-1636,厚生労働省オープンデータ,https://www.mhlw.go.jp/content/12300000/jigyosho_430.csv,2025-12末,https://www.google.com/search?q=%E3%81%84%E3%81%A1%E3%81%BE%E3%82%8B%E4%B8%8A%E5%B1%B1%E5%B1%85%E5%AE%85%E4%BB%8B%E8%AD%B7%E6%94%AF%E6%8F%B4%E4%BA%8B%E6%A5%AD%E6%89%80%20%E4%B8%8A%E5%B1%B1%E5%B8%82
SOMPOケア　上山　居宅介護支援,ケアマネジャー・居宅介護支援,山形県,上山市,"介護,ケアマネジャー・居宅介護支援,相談",介護サービスの計画作成や事業所調整を行う相談先です。退院後の生活準備で重要です。,https://www.sompocare.com,山形県上山市石曽根37番地,023-695-5580,厚生労働省オープンデータ,https://www.mhlw.go.jp/content/12300000/jigyosho_430.csv,2025-12末,https://www.google.com/search?q=SOMPO%E3%82%B1%E3%82%A2%E3%80%80%E4%B8%8A%E5%B1%B1%E3%80%80%E5%B1%85%E5%AE%85%E4%BB%8B%E8%AD%B7%E6%94%AF%E6%8F%B4%20%E4%B8%8A%E5%B1%B1%E5%B8%82
上山市社会福祉協議会指定居宅介護支援事業所,ケアマネジャー・居宅介護支援,山形県,上山市,"介護,ケアマネジャー・居宅介護支援,相談",介護サービスの計画作成や事業所調整を行う相談先です。退院後の生活準備で重要です。,http://care-net.biz/06/kaminoyama/,山形県上山市南町4番5-12号,023-673-2820,厚生労働省オープンデータ,https://www.mhlw.go.jp/content/12300000/jigyosho_430.csv,2025-12末,https://www.google.com/search?q=%E4%B8%8A%E5%B1%B1%E5%B8%82%E7%A4%BE%E4%BC%9A%E7%A6%8F%E7%A5%89%E5%8D%94%E8%AD%B0%E4%BC%9A%E6%8C%87%E5%AE%9A%E5%B1%85%E5%AE%85%E4%BB%8B%E8%AD%B7%E6%94%AF%E6%8F%B4%E4%BA%8B%E6%A5%AD%E6%89%80%20%E4%B8%8A%E5%B1%B1%E5%B8%82
居宅介護支援事業所はらだ,ケアマネジャー・居宅介護支援,山形県,上山市,"介護,ケアマネジャー・居宅介護支援,相談",介護サービスの計画作成や事業所調整を行う相談先です。退院後の生活準備で重要です。,http://www.haradaiin.com/,山形県上山市石崎二丁目１－３４,023-687-0918,厚生労働省オープンデータ,https://www.mhlw.go.jp/content/12300000/jigyosho_430.csv,2025-12末,https://www.google.com/search?q=%E5%B1%85%E5%AE%85%E4%BB%8B%E8%AD%B7%E6%94%AF%E6%8F%B4%E4%BA%8B%E6%A5%AD%E6%89%80%E3%81%AF%E3%82%89%E3%81%A0%20%E4%B8%8A%E5%B1%B1%E5%B8%82
指定居宅介護支援事業所　ケアサポート蔵王（みゆき会）,ケアマネジャー・居宅介護支援,山形県,上山市,"介護,ケアマネジャー・居宅介護支援,相談",介護サービスの計画作成や事業所調整を行う相談先です。退院後の生活準備で重要です。,http://www．ｍｉｙｕｋｉ.or.jp,山形県上山市弁天二丁目２番１１号,023-672-8587,厚生労働省オープンデータ,https://www.mhlw.go.jp/content/12300000/jigyosho_430.csv,2025-12末,https://www.google.com/search?q=%E6%8C%87%E5%AE%9A%E5%B1%85%E5%AE%85%E4%BB%8B%E8%AD%B7%E6%94%AF%E6%8F%B4%E4%BA%8B%E6%A5%AD%E6%89%80%E3%80%80%E3%82%B1%E3%82%A2%E3%82%B5%E3%83%9D%E3%83%BC%E3%83%88%E8%94%B5%E7%8E%8B%EF%BC%88%E3%81%BF%E3%82%86%E3%81%8D%E4%BC%9A%EF%BC%89%20%E4%B8%8A%E5%B1%B1%E5%B8%82
指定居宅介護支援事業所みずほ,ケアマネジャー・居宅介護支援,山形県,上山市,"介護,ケアマネジャー・居宅介護支援,相談",介護サービスの計画作成や事業所調整を行う相談先です。退院後の生活準備で重要です。,https://miyuki-fukushi.jp,山形県上山市牧野字清水２１－１,023-674-3382,厚生労働省オープンデータ,https://www.mhlw.go.jp/content/12300000/jigyosho_430.csv,2025-12末,https://www.google.com/search?q=%E6%8C%87%E5%AE%9A%E5%B1%85%E5%AE%85%E4%BB%8B%E8%AD%B7%E6%94%AF%E6%8F%B4%E4%BA%8B%E6%A5%AD%E6%89%80%E3%81%BF%E3%81%9A%E3%81%BB%20%E4%B8%8A%E5%B1%B1%E5%B8%82
居宅介護支援事業所ながすず,ケアマネジャー・居宅介護支援,山形県,上山市,"介護,ケアマネジャー・居宅介護支援,相談",介護サービスの計画作成や事業所調整を行う相談先です。退院後の生活準備で重要です。,https://miyuki-fukushi.jp,山形県上山市長清水２－５－１９,０２３－６６６－７７８０,厚生労働省オープンデータ,https://www.mhlw.go.jp/content/12300000/jigyosho_430.csv,2025-12末,https://www.google.com/search?q=%E5%B1%85%E5%AE%85%E4%BB%8B%E8%AD%B7%E6%94%AF%E6%8F%B4%E4%BA%8B%E6%A5%AD%E6%89%80%E3%81%AA%E3%81%8C%E3%81%99%E3%81%9A%20%E4%B8%8A%E5%B1%B1%E5%B8%82
指定居宅介護支援事業所ふもと,ケアマネジャー・居宅介護支援,山形県,村山市,"介護,ケアマネジャー・居宅介護支援,相談",介護サービスの計画作成や事業所調整を行う相談先です。退院後の生活準備で重要です。,http://murayama-hikari-kouseikai.jp/,山形県村山市大字湯野沢956番地の3,0237-54-2010,厚生労働省オープンデータ,https://www.mhlw.go.jp/content/12300000/jigyosho_430.csv,2025-12末,https://www.google.com/search?q=%E6%8C%87%E5%AE%9A%E5%B1%85%E5%AE%85%E4%BB%8B%E8%AD%B7%E6%94%AF%E6%8F%B4%E4%BA%8B%E6%A5%AD%E6%89%80%E3%81%B5%E3%82%82%E3%81%A8%20%E6%9D%91%E5%B1%B1%E5%B8%82
村山市社会福祉協議会居宅介護支援事業所,ケアマネジャー・居宅介護支援,山形県,村山市,"介護,ケアマネジャー・居宅介護支援,相談",介護サービスの計画作成や事業所調整を行う相談先です。退院後の生活準備で重要です。,http://www.mrymshakyo.org/,山形県村山市中央一丁目5番24号,0237-52-0323,厚生労働省オープンデータ,https://www.mhlw.go.jp/content/12300000/jigyosho_430.csv,2025-12末,https://www.google.com/search?q=%E6%9D%91%E5%B1%B1%E5%B8%82%E7%A4%BE%E4%BC%9A%E7%A6%8F%E7%A5%89%E5%8D%94%E8%AD%B0%E4%BC%9A%E5%B1%85%E5%AE%85%E4%BB%8B%E8%AD%B7%E6%94%AF%E6%8F%B4%E4%BA%8B%E6%A5%AD%E6%89%80%20%E6%9D%91%E5%B1%B1%E5%B8%82
ニチイケアセンター村山,ケアマネジャー・居宅介護支援,山形県,村山市,"介護,ケアマネジャー・居宅介護支援,相談",介護サービスの計画作成や事業所調整を行う相談先です。退院後の生活準備で重要です。,http://www.nichiigakkan.co.jp,山形県村山市楯岡五日町16-15,0237-52-0231,厚生労働省オープンデータ,https://www.mhlw.go.jp/content/12300000/jigyosho_430.csv,2025-12末,https://www.google.com/search?q=%E3%83%8B%E3%83%81%E3%82%A4%E3%82%B1%E3%82%A2%E3%82%BB%E3%83%B3%E3%82%BF%E3%83%BC%E6%9D%91%E5%B1%B1%20%E6%9D%91%E5%B1%B1%E5%B8%82
指定居宅介護支援事業所　ローズむらやま,ケアマネジャー・居宅介護支援,山形県,村山市,"介護,ケアマネジャー・居宅介護支援,相談",介護サービスの計画作成や事業所調整を行う相談先です。退院後の生活準備で重要です。,http://www.rose-m.or.jp,山形県村山市大字本飯田字柳堤2486-65,0237-55-2223,厚生労働省オープンデータ,https://www.mhlw.go.jp/content/12300000/jigyosho_430.csv,2025-12末,https://www.google.com/search?q=%E6%8C%87%E5%AE%9A%E5%B1%85%E5%AE%85%E4%BB%8B%E8%AD%B7%E6%94%AF%E6%8F%B4%E4%BA%8B%E6%A5%AD%E6%89%80%E3%80%80%E3%83%AD%E3%83%BC%E3%82%BA%E3%82%80%E3%82%89%E3%82%84%E3%81%BE%20%E6%9D%91%E5%B1%B1%E5%B8%82
指定居宅介護支援事業所訪問看護ステーションむらやま,ケアマネジャー・居宅介護支援,山形県,村山市,"介護,ケアマネジャー・居宅介護支援,相談",介護サービスの計画作成や事業所調整を行う相談先です。退院後の生活準備で重要です。,https://www.google.com/search?q=%E6%8C%87%E5%AE%9A%E5%B1%85%E5%AE%85%E4%BB%8B%E8%AD%B7%E6%94%AF%E6%8F%B4%E4%BA%8B%E6%A5%AD%E6%89%80%E8%A8%AA%E5%95%8F%E7%9C%8B%E8%AD%B7%E3%82%B9%E3%83%86%E3%83%BC%E3%82%B7%E3%83%A7%E3%83%B3%E3%82%80%E3%82%89%E3%82%84%E3%81%BE%20%E6%9D%91%E5%B1%B1%E5%B8%82,山形県村山市楯岡俵町２０番１６号,0237-55-3730,厚生労働省オープンデータ,https://www.mhlw.go.jp/content/12300000/jigyosho_430.csv,2025-12末,https://www.google.com/search?q=%E6%8C%87%E5%AE%9A%E5%B1%85%E5%AE%85%E4%BB%8B%E8%AD%B7%E6%94%AF%E6%8F%B4%E4%BA%8B%E6%A5%AD%E6%89%80%E8%A8%AA%E5%95%8F%E7%9C%8B%E8%AD%B7%E3%82%B9%E3%83%86%E3%83%BC%E3%82%B7%E3%83%A7%E3%83%B3%E3%82%80%E3%82%89%E3%82%84%E3%81%BE%20%E6%9D%91%E5%B1%B1%E5%B8%82
居宅介護支援事業所香紅の里,ケアマネジャー・居宅介護支援,山形県,村山市,"介護,ケアマネジャー・居宅介護支援,相談",介護サービスの計画作成や事業所調整を行う相談先です。退院後の生活準備で重要です。,http//www.ryokuaikai.com/kakou.html,村山市楯岡俵町２０番１９号,0237-52-1001,厚生労働省オープンデータ,https://www.mhlw.go.jp/content/12300000/jigyosho_430.csv,2025-12末,https://www.google.com/search?q=%E5%B1%85%E5%AE%85%E4%BB%8B%E8%AD%B7%E6%94%AF%E6%8F%B4%E4%BA%8B%E6%A5%AD%E6%89%80%E9%A6%99%E7%B4%85%E3%81%AE%E9%87%8C%20%E6%9D%91%E5%B1%B1%E5%B8%82
奥山クリニック居宅介護支援事業所,ケアマネジャー・居宅介護支援,山形県,村山市,"介護,ケアマネジャー・居宅介護支援,相談",介護サービスの計画作成や事業所調整を行う相談先です。退院後の生活準備で重要です。,https://www.google.com/search?q=%E5%A5%A5%E5%B1%B1%E3%82%AF%E3%83%AA%E3%83%8B%E3%83%83%E3%82%AF%E5%B1%85%E5%AE%85%E4%BB%8B%E8%AD%B7%E6%94%AF%E6%8F%B4%E4%BA%8B%E6%A5%AD%E6%89%80%20%E6%9D%91%E5%B1%B1%E5%B8%82,山形県村山市駅西19番17号,0237-53-1891,厚生労働省オープンデータ,https://www.mhlw.go.jp/content/12300000/jigyosho_430.csv,2025-12末,https://www.google.com/search?q=%E5%A5%A5%E5%B1%B1%E3%82%AF%E3%83%AA%E3%83%8B%E3%83%83%E3%82%AF%E5%B1%85%E5%AE%85%E4%BB%8B%E8%AD%B7%E6%94%AF%E6%8F%B4%E4%BA%8B%E6%A5%AD%E6%89%80%20%E6%9D%91%E5%B1%B1%E5%B8%82
リバーヒル長井　介護支援サービスセンター,ケアマネジャー・居宅介護支援,山形県,長井市,"介護,ケアマネジャー・居宅介護支援,相談",介護サービスの計画作成や事業所調整を行う相談先です。退院後の生活準備で重要です。,https://www.riverhill.jp,山形県長井市寺泉3525-1,0238-88-1011,厚生労働省オープンデータ,https://www.mhlw.go.jp/content/12300000/jigyosho_430.csv,2025-12末,https://www.google.com/search?q=%E3%83%AA%E3%83%90%E3%83%BC%E3%83%92%E3%83%AB%E9%95%B7%E4%BA%95%E3%80%80%E4%BB%8B%E8%AD%B7%E6%94%AF%E6%8F%B4%E3%82%B5%E3%83%BC%E3%83%93%E3%82%B9%E3%82%BB%E3%83%B3%E3%82%BF%E3%83%BC%20%E9%95%B7%E4%BA%95%E5%B8%82
在宅介護支援センター慈光園,ケアマネジャー・居宅介護支援,山形県,長井市,"介護,ケアマネジャー・居宅介護支援,相談",介護サービスの計画作成や事業所調整を行う相談先です。退院後の生活準備で重要です。,http://www2.jan.ne.jp/~jikouen1/,山形県長井市小出3453番地,0238-84-7620,厚生労働省オープンデータ,https://www.mhlw.go.jp/content/12300000/jigyosho_430.csv,2025-12末,https://www.google.com/search?q=%E5%9C%A8%E5%AE%85%E4%BB%8B%E8%AD%B7%E6%94%AF%E6%8F%B4%E3%82%BB%E3%83%B3%E3%82%BF%E3%83%BC%E6%85%88%E5%85%89%E5%9C%92%20%E9%95%B7%E4%BA%95%E5%B8%82
ケアサービス　さくら　指定居宅介護支援事業所,ケアマネジャー・居宅介護支援,山形県,長井市,"介護,ケアマネジャー・居宅介護支援,相談",介護サービスの計画作成や事業所調整を行う相談先です。退院後の生活準備で重要です。,https://www.google.com/search?q=%E3%82%B1%E3%82%A2%E3%82%B5%E3%83%BC%E3%83%93%E3%82%B9%E3%80%80%E3%81%95%E3%81%8F%E3%82%89%E3%80%80%E6%8C%87%E5%AE%9A%E5%B1%85%E5%AE%85%E4%BB%8B%E8%AD%B7%E6%94%AF%E6%8F%B4%E4%BA%8B%E6%A5%AD%E6%89%80%20%E9%95%B7%E4%BA%95%E5%B8%82,山形県長井市平山2782番地2F,0238-87-1175,厚生労働省オープンデータ,https://www.mhlw.go.jp/content/12300000/jigyosho_430.csv,2025-12末,https://www.google.com/search?q=%E3%82%B1%E3%82%A2%E3%82%B5%E3%83%BC%E3%83%93%E3%82%B9%E3%80%80%E3%81%95%E3%81%8F%E3%82%89%E3%80%80%E6%8C%87%E5%AE%9A%E5%B1%85%E5%AE%85%E4%BB%8B%E8%AD%B7%E6%94%AF%E6%8F%B4%E4%BA%8B%E6%A5%AD%E6%89%80%20%E9%95%B7%E4%BA%95%E5%B8%82
長井市社会福祉協議会　指定居宅介護支援事業所,ケアマネジャー・居宅介護支援,山形県,長井市,"介護,ケアマネジャー・居宅介護支援,相談",介護サービスの計画作成や事業所調整を行う相談先です。退院後の生活準備で重要です。,http://nagai-shakyo.jp/,山形県長井市館町北6番19号,0238-88-3711,厚生労働省オープンデータ,https://www.mhlw.go.jp/content/12300000/jigyosho_430.csv,2025-12末,https://www.google.com/search?q=%E9%95%B7%E4%BA%95%E5%B8%82%E7%A4%BE%E4%BC%9A%E7%A6%8F%E7%A5%89%E5%8D%94%E8%AD%B0%E4%BC%9A%E3%80%80%E6%8C%87%E5%AE%9A%E5%B1%85%E5%AE%85%E4%BB%8B%E8%AD%B7%E6%94%AF%E6%8F%B4%E4%BA%8B%E6%A5%AD%E6%89%80%20%E9%95%B7%E4%BA%95%E5%B8%82
寿泉荘居宅介護支援事業所,ケアマネジャー・居宅介護支援,山形県,長井市,"介護,ケアマネジャー・居宅介護支援,相談",介護サービスの計画作成や事業所調整を行う相談先です。退院後の生活準備で重要です。,http://www.ysj.or.ip/,長井市今泉１８５７番地,0238-88-9127,厚生労働省オープンデータ,https://www.mhlw.go.jp/content/12300000/jigyosho_430.csv,2025-12末,https://www.google.com/search?q=%E5%AF%BF%E6%B3%89%E8%8D%98%E5%B1%85%E5%AE%85%E4%BB%8B%E8%AD%B7%E6%94%AF%E6%8F%B4%E4%BA%8B%E6%A5%AD%E6%89%80%20%E9%95%B7%E4%BA%95%E5%B8%82
指定居宅介護支援事業所　風ぐるま,ケアマネジャー・居宅介護支援,山形県,長井市,"介護,ケアマネジャー・居宅介護支援,相談",介護サービスの計画作成や事業所調整を行う相談先です。退院後の生活準備で重要です。,https://www.google.com/search?q=%E6%8C%87%E5%AE%9A%E5%B1%85%E5%AE%85%E4%BB%8B%E8%AD%B7%E6%94%AF%E6%8F%B4%E4%BA%8B%E6%A5%AD%E6%89%80%E3%80%80%E9%A2%A8%E3%81%90%E3%82%8B%E3%81%BE%20%E9%95%B7%E4%BA%95%E5%B8%82,山形県長井市今泉2944-3,0238-88-5660,厚生労働省オープンデータ,https://www.mhlw.go.jp/content/12300000/jigyosho_430.csv,2025-12末,https://www.google.com/search?q=%E6%8C%87%E5%AE%9A%E5%B1%85%E5%AE%85%E4%BB%8B%E8%AD%B7%E6%94%AF%E6%8F%B4%E4%BA%8B%E6%A5%AD%E6%89%80%E3%80%80%E9%A2%A8%E3%81%90%E3%82%8B%E3%81%BE%20%E9%95%B7%E4%BA%95%E5%B8%82
株式会社サン十字居宅介護支援サービス　長井,ケアマネジャー・居宅介護支援,山形県,長井市,"介護,ケアマネジャー・居宅介護支援,相談",介護サービスの計画作成や事業所調整を行う相談先です。退院後の生活準備で重要です。,http://www.pro-care-sanjyuji.jp,山形県長井市栄町４番２１号,0238-84-8037,厚生労働省オープンデータ,https://www.mhlw.go.jp/content/12300000/jigyosho_430.csv,2025-12末,https://www.google.com/search?q=%E6%A0%AA%E5%BC%8F%E4%BC%9A%E7%A4%BE%E3%82%B5%E3%83%B3%E5%8D%81%E5%AD%97%E5%B1%85%E5%AE%85%E4%BB%8B%E8%AD%B7%E6%94%AF%E6%8F%B4%E3%82%B5%E3%83%BC%E3%83%93%E3%82%B9%E3%80%80%E9%95%B7%E4%BA%95%20%E9%95%B7%E4%BA%95%E5%B8%82
指定居宅介護支援事業所　あこがれ,ケアマネジャー・居宅介護支援,山形県,天童市,"介護,ケアマネジャー・居宅介護支援,相談",介護サービスの計画作成や事業所調整を行う相談先です。退院後の生活準備で重要です。,https://www.google.com/search?q=%E6%8C%87%E5%AE%9A%E5%B1%85%E5%AE%85%E4%BB%8B%E8%AD%B7%E6%94%AF%E6%8F%B4%E4%BA%8B%E6%A5%AD%E6%89%80%E3%80%80%E3%81%82%E3%81%93%E3%81%8C%E3%82%8C%20%E5%A4%A9%E7%AB%A5%E5%B8%82,山形県天童市大字荒谷　1973-884,023-652-3610,厚生労働省オープンデータ,https://www.mhlw.go.jp/content/12300000/jigyosho_430.csv,2025-12末,https://www.google.com/search?q=%E6%8C%87%E5%AE%9A%E5%B1%85%E5%AE%85%E4%BB%8B%E8%AD%B7%E6%94%AF%E6%8F%B4%E4%BA%8B%E6%A5%AD%E6%89%80%E3%80%80%E3%81%82%E3%81%93%E3%81%8C%E3%82%8C%20%E5%A4%A9%E7%AB%A5%E5%B8%82
医療法人社団丹心会吉岡病院居宅介護支援事業所,ケアマネジャー・居宅介護支援,山形県,天童市,"介護,ケアマネジャー・居宅介護支援,相談",介護サービスの計画作成や事業所調整を行う相談先です。退院後の生活準備で重要です。,http://www.yoshioka-hp.or.jp/,山形県天童市鎌田本町三丁目6番11号,023-656-8578,厚生労働省オープンデータ,https://www.mhlw.go.jp/content/12300000/jigyosho_430.csv,2025-12末,https://www.google.com/search?q=%E5%8C%BB%E7%99%82%E6%B3%95%E4%BA%BA%E7%A4%BE%E5%9B%A3%E4%B8%B9%E5%BF%83%E4%BC%9A%E5%90%89%E5%B2%A1%E7%97%85%E9%99%A2%E5%B1%85%E5%AE%85%E4%BB%8B%E8%AD%B7%E6%94%AF%E6%8F%B4%E4%BA%8B%E6%A5%AD%E6%89%80%20%E5%A4%A9%E7%AB%A5%E5%B8%82
ラ・フォーレ天童在宅介護支援センター,ケアマネジャー・居宅介護支援,山形県,天童市,"介護,ケアマネジャー・居宅介護支援,相談",介護サービスの計画作成や事業所調整を行う相談先です。退院後の生活準備で重要です。,http://www.laforet-tendo.com/,山形県天童市大字道満１９３－１,023-653-8217,厚生労働省オープンデータ,https://www.mhlw.go.jp/content/12300000/jigyosho_430.csv,2025-12末,https://www.google.com/search?q=%E3%83%A9%E3%83%BB%E3%83%95%E3%82%A9%E3%83%BC%E3%83%AC%E5%A4%A9%E7%AB%A5%E5%9C%A8%E5%AE%85%E4%BB%8B%E8%AD%B7%E6%94%AF%E6%8F%B4%E3%82%BB%E3%83%B3%E3%82%BF%E3%83%BC%20%E5%A4%A9%E7%AB%A5%E5%B8%82
居宅介護支援事業所つるかめ,ケアマネジャー・居宅介護支援,山形県,天童市,"介護,ケアマネジャー・居宅介護支援,相談",介護サービスの計画作成や事業所調整を行う相談先です。退院後の生活準備で重要です。,http://care-net.biz/06/turukame/,山形県天童市大字小関1204-5,023-654-6478,厚生労働省オープンデータ,https://www.mhlw.go.jp/content/12300000/jigyosho_430.csv,2025-12末,https://www.google.com/search?q=%E5%B1%85%E5%AE%85%E4%BB%8B%E8%AD%B7%E6%94%AF%E6%8F%B4%E4%BA%8B%E6%A5%AD%E6%89%80%E3%81%A4%E3%82%8B%E3%81%8B%E3%82%81%20%E5%A4%A9%E7%AB%A5%E5%B8%82
天童市居宅介護支援事業所,ケアマネジャー・居宅介護支援,山形県,天童市,"介護,ケアマネジャー・居宅介護支援,相談",介護サービスの計画作成や事業所調整を行う相談先です。退院後の生活準備で重要です。,http://www.tendo-shakyo.or.jp/,山形県天童市老野森二丁目6番3号,023-658-7350,厚生労働省オープンデータ,https://www.mhlw.go.jp/content/12300000/jigyosho_430.csv,2025-12末,https://www.google.com/search?q=%E5%A4%A9%E7%AB%A5%E5%B8%82%E5%B1%85%E5%AE%85%E4%BB%8B%E8%AD%B7%E6%94%AF%E6%8F%B4%E4%BA%8B%E6%A5%AD%E6%89%80%20%E5%A4%A9%E7%AB%A5%E5%B8%82
居宅介護支援事業所つばさ天童,ケアマネジャー・居宅介護支援,山形県,天童市,"介護,ケアマネジャー・居宅介護支援,相談",介護サービスの計画作成や事業所調整を行う相談先です。退院後の生活準備で重要です。,http://www.tbasa.co.jp/,天童市東久野本1-1-12,023-656-8561,厚生労働省オープンデータ,https://www.mhlw.go.jp/content/12300000/jigyosho_430.csv,2025-12末,https://www.google.com/search?q=%E5%B1%85%E5%AE%85%E4%BB%8B%E8%AD%B7%E6%94%AF%E6%8F%B4%E4%BA%8B%E6%A5%AD%E6%89%80%E3%81%A4%E3%81%B0%E3%81%95%E5%A4%A9%E7%AB%A5%20%E5%A4%A9%E7%AB%A5%E5%B8%82
株式会社多田木工製作所指定居宅介護支援事業所,ケアマネジャー・居宅介護支援,山形県,天童市,"介護,ケアマネジャー・居宅介護支援,相談",介護サービスの計画作成や事業所調整を行う相談先です。退院後の生活準備で重要です。,http://www.wel-land.com,山形県天童市鍬ノ町二丁目２番２９号２階,023-653-5829,厚生労働省オープンデータ,https://www.mhlw.go.jp/content/12300000/jigyosho_430.csv,2025-12末,https://www.google.com/search?q=%E6%A0%AA%E5%BC%8F%E4%BC%9A%E7%A4%BE%E5%A4%9A%E7%94%B0%E6%9C%A8%E5%B7%A5%E8%A3%BD%E4%BD%9C%E6%89%80%E6%8C%87%E5%AE%9A%E5%B1%85%E5%AE%85%E4%BB%8B%E8%AD%B7%E6%94%AF%E6%8F%B4%E4%BA%8B%E6%A5%AD%E6%89%80%20%E5%A4%A9%E7%AB%A5%E5%B8%82
ケアプランセンターきらめきの里,ケアマネジャー・居宅介護支援,山形県,天童市,"介護,ケアマネジャー・居宅介護支援,相談",介護サービスの計画作成や事業所調整を行う相談先です。退院後の生活準備で重要です。,http://www.mirai-welfare.jp/,山形県　天童市　大字山口4540-1,023-665-5801,厚生労働省オープンデータ,https://www.mhlw.go.jp/content/12300000/jigyosho_430.csv,2025-12末,https://www.google.com/search?q=%E3%82%B1%E3%82%A2%E3%83%97%E3%83%A9%E3%83%B3%E3%82%BB%E3%83%B3%E3%82%BF%E3%83%BC%E3%81%8D%E3%82%89%E3%82%81%E3%81%8D%E3%81%AE%E9%87%8C%20%E5%A4%A9%E7%AB%A5%E5%B8%82
清幸園ケアプランセンター,ケアマネジャー・居宅介護支援,山形県,天童市,"介護,ケアマネジャー・居宅介護支援,相談",介護サービスの計画作成や事業所調整を行う相談先です。退院後の生活準備で重要です。,https://www.tendo-seikouen.org/,天童市大字大清水491番地1,023-651-3327,厚生労働省オープンデータ,https://www.mhlw.go.jp/content/12300000/jigyosho_430.csv,2025-12末,https://www.google.com/search?q=%E6%B8%85%E5%B9%B8%E5%9C%92%E3%82%B1%E3%82%A2%E3%83%97%E3%83%A9%E3%83%B3%E3%82%BB%E3%83%B3%E3%82%BF%E3%83%BC%20%E5%A4%A9%E7%AB%A5%E5%B8%82
明幸園ケアプランセンター,ケアマネジャー・居宅介護支援,山形県,天童市,"介護,ケアマネジャー・居宅介護支援,相談",介護サービスの計画作成や事業所調整を行う相談先です。退院後の生活準備で重要です。,http://www.meikouen.or.jp,山形県天童市大字矢野目150番地,023-653-1170,厚生労働省オープンデータ,https://www.mhlw.go.jp/content/12300000/jigyosho_430.csv,2025-12末,https://www.google.com/search?q=%E6%98%8E%E5%B9%B8%E5%9C%92%E3%82%B1%E3%82%A2%E3%83%97%E3%83%A9%E3%83%B3%E3%82%BB%E3%83%B3%E3%82%BF%E3%83%BC%20%E5%A4%A9%E7%AB%A5%E5%B8%82
居宅介護支援事業所　たかだま,ケアマネジャー・居宅介護支援,山形県,天童市,"介護,ケアマネジャー・居宅介護支援,相談",介護サービスの計画作成や事業所調整を行う相談先です。退院後の生活準備で重要です。,http://uyo-sato.jimdo.com/,山形県天童市大字清池1559番1,０２３－６７４－８７１１,厚生労働省オープンデータ,https://www.mhlw.go.jp/content/12300000/jigyosho_430.csv,2025-12末,https://www.google.com/search?q=%E5%B1%85%E5%AE%85%E4%BB%8B%E8%AD%B7%E6%94%AF%E6%8F%B4%E4%BA%8B%E6%A5%AD%E6%89%80%E3%80%80%E3%81%9F%E3%81%8B%E3%81%A0%E3%81%BE%20%E5%A4%A9%E7%AB%A5%E5%B8%82
ケアプランセンター天童敬寿園,ケアマネジャー・居宅介護支援,山形県,天童市,"介護,ケアマネジャー・居宅介護支援,相談",介護サービスの計画作成や事業所調整を行う相談先です。退院後の生活準備で重要です。,https://keijuen.or.jp/,山形県天童市北目4丁目17番12号,０２３－６６５－５５７０,厚生労働省オープンデータ,https://www.mhlw.go.jp/content/12300000/jigyosho_430.csv,2025-12末,https://www.google.com/search?q=%E3%82%B1%E3%82%A2%E3%83%97%E3%83%A9%E3%83%B3%E3%82%BB%E3%83%B3%E3%82%BF%E3%83%BC%E5%A4%A9%E7%AB%A5%E6%95%AC%E5%AF%BF%E5%9C%92%20%E5%A4%A9%E7%AB%A5%E5%B8%82
Ｂ＆Ｇケアマネジマントサービス,ケアマネジャー・居宅介護支援,山形県,天童市,"介護,ケアマネジャー・居宅介護支援,相談",介護サービスの計画作成や事業所調整を行う相談先です。退院後の生活準備で重要です。,http://www.shpe.co.jp/,山形県天童市駅西二丁目１０番１３号,０２３－６５１－５１３３,厚生労働省オープンデータ,https://www.mhlw.go.jp/content/12300000/jigyosho_430.csv,2025-12末,https://www.google.com/search?q=%EF%BC%A2%EF%BC%86%EF%BC%A7%E3%82%B1%E3%82%A2%E3%83%9E%E3%83%8D%E3%82%B8%E3%83%9E%E3%83%B3%E3%83%88%E3%82%B5%E3%83%BC%E3%83%93%E3%82%B9%20%E5%A4%A9%E7%AB%A5%E5%B8%82
SOMPOケア　天童　居宅介護支援,ケアマネジャー・居宅介護支援,山形県,天童市,"介護,ケアマネジャー・居宅介護支援,相談",介護サービスの計画作成や事業所調整を行う相談先です。退院後の生活準備で重要です。,https://www.sompocare.com,山形県天童市老野森2丁目7-1,023-656-9755,厚生労働省オープンデータ,https://www.mhlw.go.jp/content/12300000/jigyosho_430.csv,2025-12末,https://www.google.com/search?q=SOMPO%E3%82%B1%E3%82%A2%E3%80%80%E5%A4%A9%E7%AB%A5%E3%80%80%E5%B1%85%E5%AE%85%E4%BB%8B%E8%AD%B7%E6%94%AF%E6%8F%B4%20%E5%A4%A9%E7%AB%A5%E5%B8%82
ケアプランセンター東根敬寿園,ケアマネジャー・居宅介護支援,山形県,東根市,"介護,ケアマネジャー・居宅介護支援,相談",介護サービスの計画作成や事業所調整を行う相談先です。退院後の生活準備で重要です。,https://keijuen.or.jp/,山形県東根市大字蟹沢１６６３番地１,０２３７－４８－７９５１,厚生労働省オープンデータ,https://www.mhlw.go.jp/content/12300000/jigyosho_430.csv,2025-12末,https://www.google.com/search?q=%E3%82%B1%E3%82%A2%E3%83%97%E3%83%A9%E3%83%B3%E3%82%BB%E3%83%B3%E3%82%BF%E3%83%BC%E6%9D%B1%E6%A0%B9%E6%95%AC%E5%AF%BF%E5%9C%92%20%E6%9D%B1%E6%A0%B9%E5%B8%82
山形ロイヤル病院指定居宅介護支援事業所,ケアマネジャー・居宅介護支援,山形県,東根市,"介護,ケアマネジャー・居宅介護支援,相談",介護サービスの計画作成や事業所調整を行う相談先です。退院後の生活準備で重要です。,https：//ims-tohoku.com/yamagata-royal/,山形県東根市大森二丁目３番６号,0237-43-8222,厚生労働省オープンデータ,https://www.mhlw.go.jp/content/12300000/jigyosho_430.csv,2025-12末,https://www.google.com/search?q=%E5%B1%B1%E5%BD%A2%E3%83%AD%E3%82%A4%E3%83%A4%E3%83%AB%E7%97%85%E9%99%A2%E6%8C%87%E5%AE%9A%E5%B1%85%E5%AE%85%E4%BB%8B%E8%AD%B7%E6%94%AF%E6%8F%B4%E4%BA%8B%E6%A5%AD%E6%89%80%20%E6%9D%B1%E6%A0%B9%E5%B8%82
居宅介護支援事業所まごころ,ケアマネジャー・居宅介護支援,山形県,東根市,"介護,ケアマネジャー・居宅介護支援,相談",介護サービスの計画作成や事業所調整を行う相談先です。退院後の生活準備で重要です。,http://r.goope.jp/magokoro-ootomi,山形県東根市大字羽入500-1アエロポールA１１２号室,0237-53-1620,厚生労働省オープンデータ,https://www.mhlw.go.jp/content/12300000/jigyosho_430.csv,2025-12末,https://www.google.com/search?q=%E5%B1%85%E5%AE%85%E4%BB%8B%E8%AD%B7%E6%94%AF%E6%8F%B4%E4%BA%8B%E6%A5%AD%E6%89%80%E3%81%BE%E3%81%94%E3%81%93%E3%82%8D%20%E6%9D%B1%E6%A0%B9%E5%B8%82
居宅介護支援事業所おさなぎ,ケアマネジャー・居宅介護支援,山形県,東根市,"介護,ケアマネジャー・居宅介護支援,相談",介護サービスの計画作成や事業所調整を行う相談先です。退院後の生活準備で重要です。,https://ims-tohoku.com>osanagi,山形県東根市中島通り一丁目25号,0237-47-1234,厚生労働省オープンデータ,https://www.mhlw.go.jp/content/12300000/jigyosho_430.csv,2025-12末,https://www.google.com/search?q=%E5%B1%85%E5%AE%85%E4%BB%8B%E8%AD%B7%E6%94%AF%E6%8F%B4%E4%BA%8B%E6%A5%AD%E6%89%80%E3%81%8A%E3%81%95%E3%81%AA%E3%81%8E%20%E6%9D%B1%E6%A0%B9%E5%B8%82
指定居宅介護支援事業所　はなまるはあと,ケアマネジャー・居宅介護支援,山形県,東根市,"介護,ケアマネジャー・居宅介護支援,相談",介護サービスの計画作成や事業所調整を行う相談先です。退院後の生活準備で重要です。,https://www.google.com/search?q=%E6%8C%87%E5%AE%9A%E5%B1%85%E5%AE%85%E4%BB%8B%E8%AD%B7%E6%94%AF%E6%8F%B4%E4%BA%8B%E6%A5%AD%E6%89%80%E3%80%80%E3%81%AF%E3%81%AA%E3%81%BE%E3%82%8B%E3%81%AF%E3%81%82%E3%81%A8%20%E6%9D%B1%E6%A0%B9%E5%B8%82,山形県東根市大字猪野沢147番地の内1号,0237-44-2555,厚生労働省オープンデータ,https://www.mhlw.go.jp/content/12300000/jigyosho_430.csv,2025-12末,https://www.google.com/search?q=%E6%8C%87%E5%AE%9A%E5%B1%85%E5%AE%85%E4%BB%8B%E8%AD%B7%E6%94%AF%E6%8F%B4%E4%BA%8B%E6%A5%AD%E6%89%80%E3%80%80%E3%81%AF%E3%81%AA%E3%81%BE%E3%82%8B%E3%81%AF%E3%81%82%E3%81%A8%20%E6%9D%B1%E6%A0%B9%E5%B8%82
ケアプランセンターりんく,ケアマネジャー・居宅介護支援,山形県,東根市,"介護,ケアマネジャー・居宅介護支援,相談",介護サービスの計画作成や事業所調整を行う相談先です。退院後の生活準備で重要です。,https://www.careplancenterlink.com/,山形県東根市大字島大堀270番地,0237-22-9283,厚生労働省オープンデータ,https://www.mhlw.go.jp/content/12300000/jigyosho_430.csv,2025-12末,https://www.google.com/search?q=%E3%82%B1%E3%82%A2%E3%83%97%E3%83%A9%E3%83%B3%E3%82%BB%E3%83%B3%E3%82%BF%E3%83%BC%E3%82%8A%E3%82%93%E3%81%8F%20%E6%9D%B1%E6%A0%B9%E5%B8%82
東根市社会福祉協議会指定居宅介護支援事業所,ケアマネジャー・居宅介護支援,山形県,東根市,"介護,ケアマネジャー・居宅介護支援,相談",介護サービスの計画作成や事業所調整を行う相談先です。退院後の生活準備で重要です。,http://www.higashine-shakyo.or.jp/,山形県東根市中央一丁目3番5号東根市ふれあいセンター,0237-53-8211,厚生労働省オープンデータ,https://www.mhlw.go.jp/content/12300000/jigyosho_430.csv,2025-12末,https://www.google.com/search?q=%E6%9D%B1%E6%A0%B9%E5%B8%82%E7%A4%BE%E4%BC%9A%E7%A6%8F%E7%A5%89%E5%8D%94%E8%AD%B0%E4%BC%9A%E6%8C%87%E5%AE%9A%E5%B1%85%E5%AE%85%E4%BB%8B%E8%AD%B7%E6%94%AF%E6%8F%B4%E4%BA%8B%E6%A5%AD%E6%89%80%20%E6%9D%B1%E6%A0%B9%E5%B8%82
ケアプランセンター東根,ケアマネジャー・居宅介護支援,山形県,東根市,"介護,ケアマネジャー・居宅介護支援,相談",介護サービスの計画作成や事業所調整を行う相談先です。退院後の生活準備で重要です。,http://www.higashine-fukusikai.org,山形県東根市大字野川2074番地の99,0237-44-2786,厚生労働省オープンデータ,https://www.mhlw.go.jp/content/12300000/jigyosho_430.csv,2025-12末,https://www.google.com/search?q=%E3%82%B1%E3%82%A2%E3%83%97%E3%83%A9%E3%83%B3%E3%82%BB%E3%83%B3%E3%82%BF%E3%83%BC%E6%9D%B1%E6%A0%B9%20%E6%9D%B1%E6%A0%B9%E5%B8%82
指定居宅介護支援事業所にじ,ケアマネジャー・居宅介護支援,山形県,東根市,"介護,ケアマネジャー・居宅介護支援,相談",介護サービスの計画作成や事業所調整を行う相談先です。退院後の生活準備で重要です。,https://www.google.com/search?q=%E6%8C%87%E5%AE%9A%E5%B1%85%E5%AE%85%E4%BB%8B%E8%AD%B7%E6%94%AF%E6%8F%B4%E4%BA%8B%E6%A5%AD%E6%89%80%E3%81%AB%E3%81%98%20%E6%9D%B1%E6%A0%B9%E5%B8%82,山形県東根市温泉町3丁目4－38－110,0237－53－6424,厚生労働省オープンデータ,https://www.mhlw.go.jp/content/12300000/jigyosho_430.csv,2025-12末,https://www.google.com/search?q=%E6%8C%87%E5%AE%9A%E5%B1%85%E5%AE%85%E4%BB%8B%E8%AD%B7%E6%94%AF%E6%8F%B4%E4%BA%8B%E6%A5%AD%E6%89%80%E3%81%AB%E3%81%98%20%E6%9D%B1%E6%A0%B9%E5%B8%82
居宅介護支援事業所ソーレ東根,ケアマネジャー・居宅介護支援,山形県,東根市,"介護,ケアマネジャー・居宅介護支援,相談",介護サービスの計画作成や事業所調整を行う相談先です。退院後の生活準備で重要です。,https://taiyo-fukushikai.jp,山形県東根市温泉町二丁目５番３－５号,0237-53-0362,厚生労働省オープンデータ,https://www.mhlw.go.jp/content/12300000/jigyosho_430.csv,2025-12末,https://www.google.com/search?q=%E5%B1%85%E5%AE%85%E4%BB%8B%E8%AD%B7%E6%94%AF%E6%8F%B4%E4%BA%8B%E6%A5%AD%E6%89%80%E3%82%BD%E3%83%BC%E3%83%AC%E6%9D%B1%E6%A0%B9%20%E6%9D%B1%E6%A0%B9%E5%B8%82
ナーシングホームさくらんぼ在宅介護支援センター,ケアマネジャー・居宅介護支援,山形県,東根市,"介護,ケアマネジャー・居宅介護支援,相談",介護サービスの計画作成や事業所調整を行う相談先です。退院後の生活準備で重要です。,http://kig-net.jp/,山形県東根市大字野田1921,0237-36-0086,厚生労働省オープンデータ,https://www.mhlw.go.jp/content/12300000/jigyosho_430.csv,2025-12末,https://www.google.com/search?q=%E3%83%8A%E3%83%BC%E3%82%B7%E3%83%B3%E3%82%B0%E3%83%9B%E3%83%BC%E3%83%A0%E3%81%95%E3%81%8F%E3%82%89%E3%82%93%E3%81%BC%E5%9C%A8%E5%AE%85%E4%BB%8B%E8%AD%B7%E6%94%AF%E6%8F%B4%E3%82%BB%E3%83%B3%E3%82%BF%E3%83%BC%20%E6%9D%B1%E6%A0%B9%E5%B8%82
居宅介護支援事業所にこにこヘルパーステーション,ケアマネジャー・居宅介護支援,山形県,東根市,"介護,ケアマネジャー・居宅介護支援,相談",介護サービスの計画作成や事業所調整を行う相談先です。退院後の生活準備で重要です。,http://www.nikoniko-life.com,東根市温泉町2丁目1-19,0237-41-1125,厚生労働省オープンデータ,https://www.mhlw.go.jp/content/12300000/jigyosho_430.csv,2025-12末,https://www.google.com/search?q=%E5%B1%85%E5%AE%85%E4%BB%8B%E8%AD%B7%E6%94%AF%E6%8F%B4%E4%BA%8B%E6%A5%AD%E6%89%80%E3%81%AB%E3%81%93%E3%81%AB%E3%81%93%E3%83%98%E3%83%AB%E3%83%91%E3%83%BC%E3%82%B9%E3%83%86%E3%83%BC%E3%82%B7%E3%83%A7%E3%83%B3%20%E6%9D%B1%E6%A0%B9%E5%B8%82
在宅ケアサポートこもれび,ケアマネジャー・居宅介護支援,山形県,東根市,"介護,ケアマネジャー・居宅介護支援,相談",介護サービスの計画作成や事業所調整を行う相談先です。退院後の生活準備で重要です。,http://higashine-komorebi.com/,山形県東根市中央四丁目３番１０号,0237-53-1106,厚生労働省オープンデータ,https://www.mhlw.go.jp/content/12300000/jigyosho_430.csv,2025-12末,https://www.google.com/search?q=%E5%9C%A8%E5%AE%85%E3%82%B1%E3%82%A2%E3%82%B5%E3%83%9D%E3%83%BC%E3%83%88%E3%81%93%E3%82%82%E3%82%8C%E3%81%B3%20%E6%9D%B1%E6%A0%B9%E5%B8%82
指定居宅介護支援事業所長寿園,ケアマネジャー・居宅介護支援,山形県,尾花沢市,"介護,ケアマネジャー・居宅介護支援,相談",介護サービスの計画作成や事業所調整を行う相談先です。退院後の生活準備で重要です。,http://www.tokurakai.jp/,尾花沢市新町三丁目2番21号,0237-22-1325,厚生労働省オープンデータ,https://www.mhlw.go.jp/content/12300000/jigyosho_430.csv,2025-12末,https://www.google.com/search?q=%E6%8C%87%E5%AE%9A%E5%B1%85%E5%AE%85%E4%BB%8B%E8%AD%B7%E6%94%AF%E6%8F%B4%E4%BA%8B%E6%A5%AD%E6%89%80%E9%95%B7%E5%AF%BF%E5%9C%92%20%E5%B0%BE%E8%8A%B1%E6%B2%A2%E5%B8%82
尾花沢市社会福祉協議会居宅介護支援事業所,ケアマネジャー・居宅介護支援,山形県,尾花沢市,"介護,ケアマネジャー・居宅介護支援,相談",介護サービスの計画作成や事業所調整を行う相談先です。退院後の生活準備で重要です。,http://www.obanazawa-syakyo.jp/index.html,尾花沢市新町3－2－5,0237-23-5567,厚生労働省オープンデータ,https://www.mhlw.go.jp/content/12300000/jigyosho_430.csv,2025-12末,https://www.google.com/search?q=%E5%B0%BE%E8%8A%B1%E6%B2%A2%E5%B8%82%E7%A4%BE%E4%BC%9A%E7%A6%8F%E7%A5%89%E5%8D%94%E8%AD%B0%E4%BC%9A%E5%B1%85%E5%AE%85%E4%BB%8B%E8%AD%B7%E6%94%AF%E6%8F%B4%E4%BA%8B%E6%A5%AD%E6%89%80%20%E5%B0%BE%E8%8A%B1%E6%B2%A2%E5%B8%82
ハイマート福原在宅介護支援センター,ケアマネジャー・居宅介護支援,山形県,尾花沢市,"介護,ケアマネジャー・居宅介護支援,相談",介護サービスの計画作成や事業所調整を行う相談先です。退院後の生活準備で重要です。,ｈｔｔｐ：//ｗｗｗ.ｈａｉｍａｒｔ-ｋａｉｇｏ.ｃｏｍ,山形県尾花沢市大字野黒沢554-29,0237-24-3431,厚生労働省オープンデータ,https://www.mhlw.go.jp/content/12300000/jigyosho_430.csv,2025-12末,https://www.google.com/search?q=%E3%83%8F%E3%82%A4%E3%83%9E%E3%83%BC%E3%83%88%E7%A6%8F%E5%8E%9F%E5%9C%A8%E5%AE%85%E4%BB%8B%E8%AD%B7%E6%94%AF%E6%8F%B4%E3%82%BB%E3%83%B3%E3%82%BF%E3%83%BC%20%E5%B0%BE%E8%8A%B1%E6%B2%A2%E5%B8%82
尾花沢病院在宅介護支援センター,ケアマネジャー・居宅介護支援,山形県,尾花沢市,"介護,ケアマネジャー・居宅介護支援,相談",介護サービスの計画作成や事業所調整を行う相談先です。退院後の生活準備で重要です。,hp-shien@kjg-net.jp,山形県尾花沢市大字朧気695番地の3,0237-23-3638,厚生労働省オープンデータ,https://www.mhlw.go.jp/content/12300000/jigyosho_430.csv,2025-12末,https://www.google.com/search?q=%E5%B0%BE%E8%8A%B1%E6%B2%A2%E7%97%85%E9%99%A2%E5%9C%A8%E5%AE%85%E4%BB%8B%E8%AD%B7%E6%94%AF%E6%8F%B4%E3%82%BB%E3%83%B3%E3%82%BF%E3%83%BC%20%E5%B0%BE%E8%8A%B1%E6%B2%A2%E5%B8%82
公徳会ほのぼの居宅支援センター,ケアマネジャー・居宅介護支援,山形県,南陽市,"介護,ケアマネジャー・居宅介護支援,相談",介護サービスの計画作成や事業所調整を行う相談先です。退院後の生活準備で重要です。,http://satohp.koutoku.or.jp/,山形県南陽市椚塚948-1公徳会本部管理棟,0238-43-8313,厚生労働省オープンデータ,https://www.mhlw.go.jp/content/12300000/jigyosho_430.csv,2025-12末,https://www.google.com/search?q=%E5%85%AC%E5%BE%B3%E4%BC%9A%E3%81%BB%E3%81%AE%E3%81%BC%E3%81%AE%E5%B1%85%E5%AE%85%E6%94%AF%E6%8F%B4%E3%82%BB%E3%83%B3%E3%82%BF%E3%83%BC%20%E5%8D%97%E9%99%BD%E5%B8%82
こぶし荘在宅介護支援センター,ケアマネジャー・居宅介護支援,山形県,南陽市,"介護,ケアマネジャー・居宅介護支援,相談",介護サービスの計画作成や事業所調整を行う相談先です。退院後の生活準備で重要です。,http://www.kobushiso.jp/,山形県南陽市川樋508番地,0238-49-2465,厚生労働省オープンデータ,https://www.mhlw.go.jp/content/12300000/jigyosho_430.csv,2025-12末,https://www.google.com/search?q=%E3%81%93%E3%81%B6%E3%81%97%E8%8D%98%E5%9C%A8%E5%AE%85%E4%BB%8B%E8%AD%B7%E6%94%AF%E6%8F%B4%E3%82%BB%E3%83%B3%E3%82%BF%E3%83%BC%20%E5%8D%97%E9%99%BD%E5%B8%82
すがの介護サービス,ケアマネジャー・居宅介護支援,山形県,南陽市,"介護,ケアマネジャー・居宅介護支援,相談",介護サービスの計画作成や事業所調整を行う相談先です。退院後の生活準備で重要です。,https://www.google.com/search?q=%E3%81%99%E3%81%8C%E3%81%AE%E4%BB%8B%E8%AD%B7%E3%82%B5%E3%83%BC%E3%83%93%E3%82%B9%20%E5%8D%97%E9%99%BD%E5%B8%82,山形県南陽市若狭郷屋755-1,0238-43-7377,厚生労働省オープンデータ,https://www.mhlw.go.jp/content/12300000/jigyosho_430.csv,2025-12末,https://www.google.com/search?q=%E3%81%99%E3%81%8C%E3%81%AE%E4%BB%8B%E8%AD%B7%E3%82%B5%E3%83%BC%E3%83%93%E3%82%B9%20%E5%8D%97%E9%99%BD%E5%B8%82
居宅介護支援事業所　にんじん,ケアマネジャー・居宅介護支援,山形県,南陽市,"介護,ケアマネジャー・居宅介護支援,相談",介護サービスの計画作成や事業所調整を行う相談先です。退院後の生活準備で重要です。,https://www.google.com/search?q=%E5%B1%85%E5%AE%85%E4%BB%8B%E8%AD%B7%E6%94%AF%E6%8F%B4%E4%BA%8B%E6%A5%AD%E6%89%80%E3%80%80%E3%81%AB%E3%82%93%E3%81%98%E3%82%93%20%E5%8D%97%E9%99%BD%E5%B8%82,南陽市高梨600番地の5,0238-49-2541,厚生労働省オープンデータ,https://www.mhlw.go.jp/content/12300000/jigyosho_430.csv,2025-12末,https://www.google.com/search?q=%E5%B1%85%E5%AE%85%E4%BB%8B%E8%AD%B7%E6%94%AF%E6%8F%B4%E4%BA%8B%E6%A5%AD%E6%89%80%E3%80%80%E3%81%AB%E3%82%93%E3%81%98%E3%82%93%20%E5%8D%97%E9%99%BD%E5%B8%82
ほなみ居宅支援センター,ケアマネジャー・居宅介護支援,山形県,南陽市,"介護,ケアマネジャー・居宅介護支援,相談",介護サービスの計画作成や事業所調整を行う相談先です。退院後の生活準備で重要です。,http://nanyohonami.or.jp,山形県南陽市宮内3750-1,0238-47-6026,厚生労働省オープンデータ,https://www.mhlw.go.jp/content/12300000/jigyosho_430.csv,2025-12末,https://www.google.com/search?q=%E3%81%BB%E3%81%AA%E3%81%BF%E5%B1%85%E5%AE%85%E6%94%AF%E6%8F%B4%E3%82%BB%E3%83%B3%E3%82%BF%E3%83%BC%20%E5%8D%97%E9%99%BD%E5%B8%82
居宅介護支援事業所　アスパラ,ケアマネジャー・居宅介護支援,山形県,南陽市,"介護,ケアマネジャー・居宅介護支援,相談",介護サービスの計画作成や事業所調整を行う相談先です。退院後の生活準備で重要です。,https://www.google.com/search?q=%E5%B1%85%E5%AE%85%E4%BB%8B%E8%AD%B7%E6%94%AF%E6%8F%B4%E4%BA%8B%E6%A5%AD%E6%89%80%E3%80%80%E3%82%A2%E3%82%B9%E3%83%91%E3%83%A9%20%E5%8D%97%E9%99%BD%E5%B8%82,山形県南陽市椚塚1837番地の1,080-6039-5733,厚生労働省オープンデータ,https://www.mhlw.go.jp/content/12300000/jigyosho_430.csv,2025-12末,https://www.google.com/search?q=%E5%B1%85%E5%AE%85%E4%BB%8B%E8%AD%B7%E6%94%AF%E6%8F%B4%E4%BA%8B%E6%A5%AD%E6%89%80%E3%80%80%E3%82%A2%E3%82%B9%E3%83%91%E3%83%A9%20%E5%8D%97%E9%99%BD%E5%B8%82
南陽市社会福祉協議会　居宅介護支援事業所,ケアマネジャー・居宅介護支援,山形県,南陽市,"介護,ケアマネジャー・居宅介護支援,相談",介護サービスの計画作成や事業所調整を行う相談先です。退院後の生活準備で重要です。,http://www.nanyoshishakyo.or.jp,山形県南陽市赤湯215-2南陽市健康長寿センター内,0238-43-7733,厚生労働省オープンデータ,https://www.mhlw.go.jp/content/12300000/jigyosho_430.csv,2025-12末,https://www.google.com/search?q=%E5%8D%97%E9%99%BD%E5%B8%82%E7%A4%BE%E4%BC%9A%E7%A6%8F%E7%A5%89%E5%8D%94%E8%AD%B0%E4%BC%9A%E3%80%80%E5%B1%85%E5%AE%85%E4%BB%8B%E8%AD%B7%E6%94%AF%E6%8F%B4%E4%BA%8B%E6%A5%AD%E6%89%80%20%E5%8D%97%E9%99%BD%E5%B8%82
株式会社サン十字居宅介護支援サービス　南陽,ケアマネジャー・居宅介護支援,山形県,南陽市,"介護,ケアマネジャー・居宅介護支援,相談",介護サービスの計画作成や事業所調整を行う相談先です。退院後の生活準備で重要です。,http://www.pro-care-sanjyuji.jp,山形県南陽市宮内５５４番地ー３,0238-40-0361,厚生労働省オープンデータ,https://www.mhlw.go.jp/content/12300000/jigyosho_430.csv,2025-12末,https://www.google.com/search?q=%E6%A0%AA%E5%BC%8F%E4%BC%9A%E7%A4%BE%E3%82%B5%E3%83%B3%E5%8D%81%E5%AD%97%E5%B1%85%E5%AE%85%E4%BB%8B%E8%AD%B7%E6%94%AF%E6%8F%B4%E3%82%B5%E3%83%BC%E3%83%93%E3%82%B9%E3%80%80%E5%8D%97%E9%99%BD%20%E5%8D%97%E9%99%BD%E5%B8%82
ケアプランセンターいっぽ一歩,ケアマネジャー・居宅介護支援,山形県,南陽市,"介護,ケアマネジャー・居宅介護支援,相談",介護サービスの計画作成や事業所調整を行う相談先です。退院後の生活準備で重要です。,https://www.google.com/search?q=%E3%82%B1%E3%82%A2%E3%83%97%E3%83%A9%E3%83%B3%E3%82%BB%E3%83%B3%E3%82%BF%E3%83%BC%E3%81%84%E3%81%A3%E3%81%BD%E4%B8%80%E6%AD%A9%20%E5%8D%97%E9%99%BD%E5%B8%82,山形県南陽市砂塚218番地,070-2024-2802,厚生労働省オープンデータ,https://www.mhlw.go.jp/content/12300000/jigyosho_430.csv,2025-12末,https://www.google.com/search?q=%E3%82%B1%E3%82%A2%E3%83%97%E3%83%A9%E3%83%B3%E3%82%BB%E3%83%B3%E3%82%BF%E3%83%BC%E3%81%84%E3%81%A3%E3%81%BD%E4%B8%80%E6%AD%A9%20%E5%8D%97%E9%99%BD%E5%B8%82
指定居宅介護支援事業所太陽の里ふたば,ケアマネジャー・居宅介護支援,山形県,南陽市,"介護,ケアマネジャー・居宅介護支援,相談",介護サービスの計画作成や事業所調整を行う相談先です。退院後の生活準備で重要です。,http://taiyo10@apricot.ocn.ne.jp/,山形県南陽市宮内2383-9番地,0238-59-1288,厚生労働省オープンデータ,https://www.mhlw.go.jp/content/12300000/jigyosho_430.csv,2025-12末,https://www.google.com/search?q=%E6%8C%87%E5%AE%9A%E5%B1%85%E5%AE%85%E4%BB%8B%E8%AD%B7%E6%94%AF%E6%8F%B4%E4%BA%8B%E6%A5%AD%E6%89%80%E5%A4%AA%E9%99%BD%E3%81%AE%E9%87%8C%E3%81%B5%E3%81%9F%E3%81%B0%20%E5%8D%97%E9%99%BD%E5%B8%82
メルヘン指定居宅介護支援事業所,ケアマネジャー・居宅介護支援,山形県,山辺町,"介護,ケアマネジャー・居宅介護支援,相談",介護サービスの計画作成や事業所調整を行う相談先です。退院後の生活準備で重要です。,https://www.google.com/search?q=%E3%83%A1%E3%83%AB%E3%83%98%E3%83%B3%E6%8C%87%E5%AE%9A%E5%B1%85%E5%AE%85%E4%BB%8B%E8%AD%B7%E6%94%AF%E6%8F%B4%E4%BA%8B%E6%A5%AD%E6%89%80%20%E5%B1%B1%E8%BE%BA%E7%94%BA,東村山郡山辺町大字大寺1152番1,023-667-0009,厚生労働省オープンデータ,https://www.mhlw.go.jp/content/12300000/jigyosho_430.csv,2025-12末,https://www.google.com/search?q=%E3%83%A1%E3%83%AB%E3%83%98%E3%83%B3%E6%8C%87%E5%AE%9A%E5%B1%85%E5%AE%85%E4%BB%8B%E8%AD%B7%E6%94%AF%E6%8F%B4%E4%BA%8B%E6%A5%AD%E6%89%80%20%E5%B1%B1%E8%BE%BA%E7%94%BA
指定居宅介護支援事業所やまのべ荘,ケアマネジャー・居宅介護支援,山形県,山辺町,"介護,ケアマネジャー・居宅介護支援,相談",介護サービスの計画作成や事業所調整を行う相談先です。退院後の生活準備で重要です。,http://www.yamagata-saiseikai.org,山形県東村山郡山辺町大字大塚814番地2号,023-665-7844,厚生労働省オープンデータ,https://www.mhlw.go.jp/content/12300000/jigyosho_430.csv,2025-12末,https://www.google.com/search?q=%E6%8C%87%E5%AE%9A%E5%B1%85%E5%AE%85%E4%BB%8B%E8%AD%B7%E6%94%AF%E6%8F%B4%E4%BA%8B%E6%A5%AD%E6%89%80%E3%82%84%E3%81%BE%E3%81%AE%E3%81%B9%E8%8D%98%20%E5%B1%B1%E8%BE%BA%E7%94%BA
居宅介護支援事業所ウェタスク,ケアマネジャー・居宅介護支援,山形県,山辺町,"介護,ケアマネジャー・居宅介護支援,相談",介護サービスの計画作成や事業所調整を行う相談先です。退院後の生活準備で重要です。,https://www.google.com/search?q=%E5%B1%85%E5%AE%85%E4%BB%8B%E8%AD%B7%E6%94%AF%E6%8F%B4%E4%BA%8B%E6%A5%AD%E6%89%80%E3%82%A6%E3%82%A7%E3%82%BF%E3%82%B9%E3%82%AF%20%E5%B1%B1%E8%BE%BA%E7%94%BA,山形県東村山郡山辺町大字山辺2911-7,023-615-8846,厚生労働省オープンデータ,https://www.mhlw.go.jp/content/12300000/jigyosho_430.csv,2025-12末,https://www.google.com/search?q=%E5%B1%85%E5%AE%85%E4%BB%8B%E8%AD%B7%E6%94%AF%E6%8F%B4%E4%BA%8B%E6%A5%AD%E6%89%80%E3%82%A6%E3%82%A7%E3%82%BF%E3%82%B9%E3%82%AF%20%E5%B1%B1%E8%BE%BA%E7%94%BA
スマイルやまのべ居宅介護支援事業所,ケアマネジャー・居宅介護支援,山形県,山辺町,"介護,ケアマネジャー・居宅介護支援,相談",介護サービスの計画作成や事業所調整を行う相談先です。退院後の生活準備で重要です。,https://www.google.com/search?q=%E3%82%B9%E3%83%9E%E3%82%A4%E3%83%AB%E3%82%84%E3%81%BE%E3%81%AE%E3%81%B9%E5%B1%85%E5%AE%85%E4%BB%8B%E8%AD%B7%E6%94%AF%E6%8F%B4%E4%BA%8B%E6%A5%AD%E6%89%80%20%E5%B1%B1%E8%BE%BA%E7%94%BA,東村山郡山辺町大字山辺１３８０,023-667-0438,厚生労働省オープンデータ,https://www.mhlw.go.jp/content/12300000/jigyosho_430.csv,2025-12末,https://www.google.com/search?q=%E3%82%B9%E3%83%9E%E3%82%A4%E3%83%AB%E3%82%84%E3%81%BE%E3%81%AE%E3%81%B9%E5%B1%85%E5%AE%85%E4%BB%8B%E8%AD%B7%E6%94%AF%E6%8F%B4%E4%BA%8B%E6%A5%AD%E6%89%80%20%E5%B1%B1%E8%BE%BA%E7%94%BA
中山ひまわり荘指定居宅介護支援事業所,ケアマネジャー・居宅介護支援,山形県,中山町,"介護,ケアマネジャー・居宅介護支援,相談",介護サービスの計画作成や事業所調整を行う相談先です。退院後の生活準備で重要です。,https://www.google.com/search?q=%E4%B8%AD%E5%B1%B1%E3%81%B2%E3%81%BE%E3%82%8F%E3%82%8A%E8%8D%98%E6%8C%87%E5%AE%9A%E5%B1%85%E5%AE%85%E4%BB%8B%E8%AD%B7%E6%94%AF%E6%8F%B4%E4%BA%8B%E6%A5%AD%E6%89%80%20%E4%B8%AD%E5%B1%B1%E7%94%BA,山形県東村山郡中山町大字柳沢2333番地,023-662-6635,厚生労働省オープンデータ,https://www.mhlw.go.jp/content/12300000/jigyosho_430.csv,2025-12末,https://www.google.com/search?q=%E4%B8%AD%E5%B1%B1%E3%81%B2%E3%81%BE%E3%82%8F%E3%82%8A%E8%8D%98%E6%8C%87%E5%AE%9A%E5%B1%85%E5%AE%85%E4%BB%8B%E8%AD%B7%E6%94%AF%E6%8F%B4%E4%BA%8B%E6%A5%AD%E6%89%80%20%E4%B8%AD%E5%B1%B1%E7%94%BA
ケアプランセンターぷらむ,ケアマネジャー・居宅介護支援,山形県,中山町,"介護,ケアマネジャー・居宅介護支援,相談",介護サービスの計画作成や事業所調整を行う相談先です。退院後の生活準備で重要です。,https://www.google.com/search?q=%E3%82%B1%E3%82%A2%E3%83%97%E3%83%A9%E3%83%B3%E3%82%BB%E3%83%B3%E3%82%BF%E3%83%BC%E3%81%B7%E3%82%89%E3%82%80%20%E4%B8%AD%E5%B1%B1%E7%94%BA,山形県東村山郡中山町いずみ04,023-666-6768,厚生労働省オープンデータ,https://www.mhlw.go.jp/content/12300000/jigyosho_430.csv,2025-12末,https://www.google.com/search?q=%E3%82%B1%E3%82%A2%E3%83%97%E3%83%A9%E3%83%B3%E3%82%BB%E3%83%B3%E3%82%BF%E3%83%BC%E3%81%B7%E3%82%89%E3%82%80%20%E4%B8%AD%E5%B1%B1%E7%94%BA
指定居宅介護支援事業所「はつらつ」,ケアマネジャー・居宅介護支援,山形県,河北町,"介護,ケアマネジャー・居宅介護支援,相談",介護サービスの計画作成や事業所調整を行う相談先です。退院後の生活準備で重要です。,http://www.tyoyoen.jp,山形県西村山郡河北町谷地字東704番地1,0237-72-3788,厚生労働省オープンデータ,https://www.mhlw.go.jp/content/12300000/jigyosho_430.csv,2025-12末,https://www.google.com/search?q=%E6%8C%87%E5%AE%9A%E5%B1%85%E5%AE%85%E4%BB%8B%E8%AD%B7%E6%94%AF%E6%8F%B4%E4%BA%8B%E6%A5%AD%E6%89%80%E3%80%8C%E3%81%AF%E3%81%A4%E3%82%89%E3%81%A4%E3%80%8D%20%E6%B2%B3%E5%8C%97%E7%94%BA
ケアセンター縁,ケアマネジャー・居宅介護支援,山形県,河北町,"介護,ケアマネジャー・居宅介護支援,相談",介護サービスの計画作成や事業所調整を行う相談先です。退院後の生活準備で重要です。,https://www.google.com/search?q=%E3%82%B1%E3%82%A2%E3%82%BB%E3%83%B3%E3%82%BF%E3%83%BC%E7%B8%81%20%E6%B2%B3%E5%8C%97%E7%94%BA,山形県西村山郡河北町谷地字東５６６番地１,0237-85-1726,厚生労働省オープンデータ,https://www.mhlw.go.jp/content/12300000/jigyosho_430.csv,2025-12末,https://www.google.com/search?q=%E3%82%B1%E3%82%A2%E3%82%BB%E3%83%B3%E3%82%BF%E3%83%BC%E7%B8%81%20%E6%B2%B3%E5%8C%97%E7%94%BA
居宅介護支援事業所　新芽,ケアマネジャー・居宅介護支援,山形県,河北町,"介護,ケアマネジャー・居宅介護支援,相談",介護サービスの計画作成や事業所調整を行う相談先です。退院後の生活準備で重要です。,https://www.google.com/search?q=%E5%B1%85%E5%AE%85%E4%BB%8B%E8%AD%B7%E6%94%AF%E6%8F%B4%E4%BA%8B%E6%A5%AD%E6%89%80%E3%80%80%E6%96%B0%E8%8A%BD%20%E6%B2%B3%E5%8C%97%E7%94%BA,山形県西村山郡河北町谷地ひな市一丁目3番地の5（細谷醫院内）,0237-84-0048,厚生労働省オープンデータ,https://www.mhlw.go.jp/content/12300000/jigyosho_430.csv,2025-12末,https://www.google.com/search?q=%E5%B1%85%E5%AE%85%E4%BB%8B%E8%AD%B7%E6%94%AF%E6%8F%B4%E4%BA%8B%E6%A5%AD%E6%89%80%E3%80%80%E6%96%B0%E8%8A%BD%20%E6%B2%B3%E5%8C%97%E7%94%BA
指定居宅介護支援事業所　ケアサポート紅寿,ケアマネジャー・居宅介護支援,山形県,河北町,"介護,ケアマネジャー・居宅介護支援,相談",介護サービスの計画作成や事業所調整を行う相談先です。退院後の生活準備で重要です。,http://www.miyuki.or.jp/kouju/,山形県西村山郡河北町大字溝延字本丸8－1,0237-73-5870,厚生労働省オープンデータ,https://www.mhlw.go.jp/content/12300000/jigyosho_430.csv,2025-12末,https://www.google.com/search?q=%E6%8C%87%E5%AE%9A%E5%B1%85%E5%AE%85%E4%BB%8B%E8%AD%B7%E6%94%AF%E6%8F%B4%E4%BA%8B%E6%A5%AD%E6%89%80%E3%80%80%E3%82%B1%E3%82%A2%E3%82%B5%E3%83%9D%E3%83%BC%E3%83%88%E7%B4%85%E5%AF%BF%20%E6%B2%B3%E5%8C%97%E7%94%BA
社会福祉法人河北町社会福祉協議会指定居宅介護支援事業所,ケアマネジャー・居宅介護支援,山形県,河北町,"介護,ケアマネジャー・居宅介護支援,相談",介護サービスの計画作成や事業所調整を行う相談先です。退院後の生活準備で重要です。,http://kahokushakyo.or.jp/,山形県西村山郡河北町谷地甲2325番地の2,0237-72-7800,厚生労働省オープンデータ,https://www.mhlw.go.jp/content/12300000/jigyosho_430.csv,2025-12末,https://www.google.com/search?q=%E7%A4%BE%E4%BC%9A%E7%A6%8F%E7%A5%89%E6%B3%95%E4%BA%BA%E6%B2%B3%E5%8C%97%E7%94%BA%E7%A4%BE%E4%BC%9A%E7%A6%8F%E7%A5%89%E5%8D%94%E8%AD%B0%E4%BC%9A%E6%8C%87%E5%AE%9A%E5%B1%85%E5%AE%85%E4%BB%8B%E8%AD%B7%E6%94%AF%E6%8F%B4%E4%BA%8B%E6%A5%AD%E6%89%80%20%E6%B2%B3%E5%8C%97%E7%94%BA
指定居宅介護支援事業所ひいな,ケアマネジャー・居宅介護支援,山形県,河北町,"介護,ケアマネジャー・居宅介護支援,相談",介護サービスの計画作成や事業所調整を行う相談先です。退院後の生活準備で重要です。,http://miyuki-fukushi.jp/,山形県西村山郡河北町谷地字月山堂1217-5,0237-71-1886,厚生労働省オープンデータ,https://www.mhlw.go.jp/content/12300000/jigyosho_430.csv,2025-12末,https://www.google.com/search?q=%E6%8C%87%E5%AE%9A%E5%B1%85%E5%AE%85%E4%BB%8B%E8%AD%B7%E6%94%AF%E6%8F%B4%E4%BA%8B%E6%A5%AD%E6%89%80%E3%81%B2%E3%81%84%E3%81%AA%20%E6%B2%B3%E5%8C%97%E7%94%BA
ケアハイツ西川介護支援事業所,ケアマネジャー・居宅介護支援,山形県,西川町,"介護,ケアマネジャー・居宅介護支援,相談",介護サービスの計画作成や事業所調整を行う相談先です。退院後の生活準備で重要です。,https://care-h-n.or.jp/,山形県西村山郡西川町大字海味５４８,0237-74-4065,厚生労働省オープンデータ,https://www.mhlw.go.jp/content/12300000/jigyosho_430.csv,2025-12末,https://www.google.com/search?q=%E3%82%B1%E3%82%A2%E3%83%8F%E3%82%A4%E3%83%84%E8%A5%BF%E5%B7%9D%E4%BB%8B%E8%AD%B7%E6%94%AF%E6%8F%B4%E4%BA%8B%E6%A5%AD%E6%89%80%20%E8%A5%BF%E5%B7%9D%E7%94%BA
社会福祉法人　朝日町社会福祉協議会　指定居宅介護支援事業所,ケアマネジャー・居宅介護支援,山形県,朝日町,"介護,ケアマネジャー・居宅介護支援,相談",介護サービスの計画作成や事業所調整を行う相談先です。退院後の生活準備で重要です。,https://www.google.com/search?q=%E7%A4%BE%E4%BC%9A%E7%A6%8F%E7%A5%89%E6%B3%95%E4%BA%BA%E3%80%80%E6%9C%9D%E6%97%A5%E7%94%BA%E7%A4%BE%E4%BC%9A%E7%A6%8F%E7%A5%89%E5%8D%94%E8%AD%B0%E4%BC%9A%E3%80%80%E6%8C%87%E5%AE%9A%E5%B1%85%E5%AE%85%E4%BB%8B%E8%AD%B7%E6%94%AF%E6%8F%B4%E4%BA%8B%E6%A5%AD%E6%89%80%20%E6%9C%9D%E6%97%A5%E7%94%BA,山形県西村山郡朝日町大字宮宿1115番地,0237-67-2463,厚生労働省オープンデータ,https://www.mhlw.go.jp/content/12300000/jigyosho_430.csv,2025-12末,https://www.google.com/search?q=%E7%A4%BE%E4%BC%9A%E7%A6%8F%E7%A5%89%E6%B3%95%E4%BA%BA%E3%80%80%E6%9C%9D%E6%97%A5%E7%94%BA%E7%A4%BE%E4%BC%9A%E7%A6%8F%E7%A5%89%E5%8D%94%E8%AD%B0%E4%BC%9A%E3%80%80%E6%8C%87%E5%AE%9A%E5%B1%85%E5%AE%85%E4%BB%8B%E8%AD%B7%E6%94%AF%E6%8F%B4%E4%BA%8B%E6%A5%AD%E6%89%80%20%E6%9C%9D%E6%97%A5%E7%94%BA
指定居宅介護支援事業所あさひ,ケアマネジャー・居宅介護支援,山形県,朝日町,"介護,ケアマネジャー・居宅介護支援,相談",介護サービスの計画作成や事業所調整を行う相談先です。退院後の生活準備で重要です。,https://www.google.com/search?q=%E6%8C%87%E5%AE%9A%E5%B1%85%E5%AE%85%E4%BB%8B%E8%AD%B7%E6%94%AF%E6%8F%B4%E4%BA%8B%E6%A5%AD%E6%89%80%E3%81%82%E3%81%95%E3%81%B2%20%E6%9C%9D%E6%97%A5%E7%94%BA,山形県西村山郡朝日町大字宮宿３２０番地の6,0237-67-8333,厚生労働省オープンデータ,https://www.mhlw.go.jp/content/12300000/jigyosho_430.csv,2025-12末,https://www.google.com/search?q=%E6%8C%87%E5%AE%9A%E5%B1%85%E5%AE%85%E4%BB%8B%E8%AD%B7%E6%94%AF%E6%8F%B4%E4%BA%8B%E6%A5%AD%E6%89%80%E3%81%82%E3%81%95%E3%81%B2%20%E6%9C%9D%E6%97%A5%E7%94%BA
ふれあい荘指定居宅介護支援事業所,ケアマネジャー・居宅介護支援,山形県,朝日町,"介護,ケアマネジャー・居宅介護支援,相談",介護サービスの計画作成や事業所調整を行う相談先です。退院後の生活準備で重要です。,https://www.fureaiso.or.jp,山形県西村山郡朝日町大字四ノ沢８７０,0237-67-3701,厚生労働省オープンデータ,https://www.mhlw.go.jp/content/12300000/jigyosho_430.csv,2025-12末,https://www.google.com/search?q=%E3%81%B5%E3%82%8C%E3%81%82%E3%81%84%E8%8D%98%E6%8C%87%E5%AE%9A%E5%B1%85%E5%AE%85%E4%BB%8B%E8%AD%B7%E6%94%AF%E6%8F%B4%E4%BA%8B%E6%A5%AD%E6%89%80%20%E6%9C%9D%E6%97%A5%E7%94%BA
指定居宅介護支援事業所朝日町立病院,ケアマネジャー・居宅介護支援,山形県,朝日町,"介護,ケアマネジャー・居宅介護支援,相談",介護サービスの計画作成や事業所調整を行う相談先です。退院後の生活準備で重要です。,https://www.google.com/search?q=%E6%8C%87%E5%AE%9A%E5%B1%85%E5%AE%85%E4%BB%8B%E8%AD%B7%E6%94%AF%E6%8F%B4%E4%BA%8B%E6%A5%AD%E6%89%80%E6%9C%9D%E6%97%A5%E7%94%BA%E7%AB%8B%E7%97%85%E9%99%A2%20%E6%9C%9D%E6%97%A5%E7%94%BA,山形県市西村山郡朝日町大字宮宿843番地,0237-67-2125,厚生労働省オープンデータ,https://www.mhlw.go.jp/content/12300000/jigyosho_430.csv,2025-12末,https://www.google.com/search?q=%E6%8C%87%E5%AE%9A%E5%B1%85%E5%AE%85%E4%BB%8B%E8%AD%B7%E6%94%AF%E6%8F%B4%E4%BA%8B%E6%A5%AD%E6%89%80%E6%9C%9D%E6%97%A5%E7%94%BA%E7%AB%8B%E7%97%85%E9%99%A2%20%E6%9C%9D%E6%97%A5%E7%94%BA
霞晴堂指定居宅介護支援事業所,ケアマネジャー・居宅介護支援,山形県,大江町,"介護,ケアマネジャー・居宅介護支援,相談",介護サービスの計画作成や事業所調整を行う相談先です。退院後の生活準備で重要です。,https://www.google.com/search?q=%E9%9C%9E%E6%99%B4%E5%A0%82%E6%8C%87%E5%AE%9A%E5%B1%85%E5%AE%85%E4%BB%8B%E8%AD%B7%E6%94%AF%E6%8F%B4%E4%BA%8B%E6%A5%AD%E6%89%80%20%E5%A4%A7%E6%B1%9F%E7%94%BA,山形県西村山郡大江町大字左沢1187,0237-62-3155,厚生労働省オープンデータ,https://www.mhlw.go.jp/content/12300000/jigyosho_430.csv,2025-12末,https://www.google.com/search?q=%E9%9C%9E%E6%99%B4%E5%A0%82%E6%8C%87%E5%AE%9A%E5%B1%85%E5%AE%85%E4%BB%8B%E8%AD%B7%E6%94%AF%E6%8F%B4%E4%BA%8B%E6%A5%AD%E6%89%80%20%E5%A4%A7%E6%B1%9F%E7%94%BA
居宅介護支援事業所らふらんす大江,ケアマネジャー・居宅介護支援,山形県,大江町,"介護,ケアマネジャー・居宅介護支援,相談",介護サービスの計画作成や事業所調整を行う相談先です。退院後の生活準備で重要です。,http://care-net.biz/06/lafrance-ooe/,山形県西村山郡大江町大字左沢１２７７番地,0237-83-4800,厚生労働省オープンデータ,https://www.mhlw.go.jp/content/12300000/jigyosho_430.csv,2025-12末,https://www.google.com/search?q=%E5%B1%85%E5%AE%85%E4%BB%8B%E8%AD%B7%E6%94%AF%E6%8F%B4%E4%BA%8B%E6%A5%AD%E6%89%80%E3%82%89%E3%81%B5%E3%82%89%E3%82%93%E3%81%99%E5%A4%A7%E6%B1%9F%20%E5%A4%A7%E6%B1%9F%E7%94%BA
大寿荘居宅介護支援事業所,ケアマネジャー・居宅介護支援,山形県,大江町,"介護,ケアマネジャー・居宅介護支援,相談",介護サービスの計画作成や事業所調整を行う相談先です。退院後の生活準備で重要です。,https://www.ysj.or.jp,山形県西村山郡大江町大字藤田８３９－１,0237-62-4328,厚生労働省オープンデータ,https://www.mhlw.go.jp/content/12300000/jigyosho_430.csv,2025-12末,https://www.google.com/search?q=%E5%A4%A7%E5%AF%BF%E8%8D%98%E5%B1%85%E5%AE%85%E4%BB%8B%E8%AD%B7%E6%94%AF%E6%8F%B4%E4%BA%8B%E6%A5%AD%E6%89%80%20%E5%A4%A7%E6%B1%9F%E7%94%BA
指定居宅介護支援事業所仁風荘,ケアマネジャー・居宅介護支援,山形県,大石田町,"介護,ケアマネジャー・居宅介護支援,相談",介護サービスの計画作成や事業所調整を行う相談先です。退院後の生活準備で重要です。,https://keitenkai.or.jp,山形県北村山郡大石田町大字大石田甲５７４番地,0237-53‐1604,厚生労働省オープンデータ,https://www.mhlw.go.jp/content/12300000/jigyosho_430.csv,2025-12末,https://www.google.com/search?q=%E6%8C%87%E5%AE%9A%E5%B1%85%E5%AE%85%E4%BB%8B%E8%AD%B7%E6%94%AF%E6%8F%B4%E4%BA%8B%E6%A5%AD%E6%89%80%E4%BB%81%E9%A2%A8%E8%8D%98%20%E5%A4%A7%E7%9F%B3%E7%94%B0%E7%94%BA
居宅介護支援センター「みすぎ荘」,ケアマネジャー・居宅介護支援,山形県,金山町,"介護,ケアマネジャー・居宅介護支援,相談",介護サービスの計画作成や事業所調整を行う相談先です。退院後の生活準備で重要です。,https://www.kaneyamakouseikai.or.jp/,山形県最上郡金山町大字金山字荒屋８２９番地１,0233-52-3502,厚生労働省オープンデータ,https://www.mhlw.go.jp/content/12300000/jigyosho_430.csv,2025-12末,https://www.google.com/search?q=%E5%B1%85%E5%AE%85%E4%BB%8B%E8%AD%B7%E6%94%AF%E6%8F%B4%E3%82%BB%E3%83%B3%E3%82%BF%E3%83%BC%E3%80%8C%E3%81%BF%E3%81%99%E3%81%8E%E8%8D%98%E3%80%8D%20%E9%87%91%E5%B1%B1%E7%94%BA
居宅介護支援事業所　「グリーン」,ケアマネジャー・居宅介護支援,山形県,最上町,"介護,ケアマネジャー・居宅介護支援,相談",介護サービスの計画作成や事業所調整を行う相談先です。退院後の生活準備で重要です。,URLhttp://www.mogami-shakyo.net/,山形県最上郡最上町大字向町４３番地の１最上町高齢者総合福祉センター,0233-43-3180,厚生労働省オープンデータ,https://www.mhlw.go.jp/content/12300000/jigyosho_430.csv,2025-12末,https://www.google.com/search?q=%E5%B1%85%E5%AE%85%E4%BB%8B%E8%AD%B7%E6%94%AF%E6%8F%B4%E4%BA%8B%E6%A5%AD%E6%89%80%E3%80%80%E3%80%8C%E3%82%B0%E3%83%AA%E3%83%BC%E3%83%B3%E3%80%8D%20%E6%9C%80%E4%B8%8A%E7%94%BA
指定居宅介護支援事業所　最上町　やすらぎ,ケアマネジャー・居宅介護支援,山形県,最上町,"介護,ケアマネジャー・居宅介護支援,相談",介護サービスの計画作成や事業所調整を行う相談先です。退院後の生活準備で重要です。,https://www.google.com/search?q=%E6%8C%87%E5%AE%9A%E5%B1%85%E5%AE%85%E4%BB%8B%E8%AD%B7%E6%94%AF%E6%8F%B4%E4%BA%8B%E6%A5%AD%E6%89%80%E3%80%80%E6%9C%80%E4%B8%8A%E7%94%BA%E3%80%80%E3%82%84%E3%81%99%E3%82%89%E3%81%8E%20%E6%9C%80%E4%B8%8A%E7%94%BA,山形県最上郡最上町大字向町64-3,0233-43-3378,厚生労働省オープンデータ,https://www.mhlw.go.jp/content/12300000/jigyosho_430.csv,2025-12末,https://www.google.com/search?q=%E6%8C%87%E5%AE%9A%E5%B1%85%E5%AE%85%E4%BB%8B%E8%AD%B7%E6%94%AF%E6%8F%B4%E4%BA%8B%E6%A5%AD%E6%89%80%E3%80%80%E6%9C%80%E4%B8%8A%E7%94%BA%E3%80%80%E3%82%84%E3%81%99%E3%82%89%E3%81%8E%20%E6%9C%80%E4%B8%8A%E7%94%BA
医療法人徳洲会　舟形徳洲苑介護センター,ケアマネジャー・居宅介護支援,山形県,舟形町,"介護,ケアマネジャー・居宅介護支援,相談",介護サービスの計画作成や事業所調整を行う相談先です。退院後の生活準備で重要です。,http://www.tokushukai.jp/hsp/j_funakata/index.htm/,山形県最上郡舟形町富田字富田１３５－１,0233-34-5561,厚生労働省オープンデータ,https://www.mhlw.go.jp/content/12300000/jigyosho_430.csv,2025-12末,https://www.google.com/search?q=%E5%8C%BB%E7%99%82%E6%B3%95%E4%BA%BA%E5%BE%B3%E6%B4%B2%E4%BC%9A%E3%80%80%E8%88%9F%E5%BD%A2%E5%BE%B3%E6%B4%B2%E8%8B%91%E4%BB%8B%E8%AD%B7%E3%82%BB%E3%83%B3%E3%82%BF%E3%83%BC%20%E8%88%9F%E5%BD%A2%E7%94%BA
ふながた指定居宅介護支援事業所,ケアマネジャー・居宅介護支援,山形県,舟形町,"介護,ケアマネジャー・居宅介護支援,相談",介護サービスの計画作成や事業所調整を行う相談先です。退院後の生活準備で重要です。,http://shuwakai.jp/,山形県最上郡舟形町長者原１７１２－１,0233-32-3553,厚生労働省オープンデータ,https://www.mhlw.go.jp/content/12300000/jigyosho_430.csv,2025-12末,https://www.google.com/search?q=%E3%81%B5%E3%81%AA%E3%81%8C%E3%81%9F%E6%8C%87%E5%AE%9A%E5%B1%85%E5%AE%85%E4%BB%8B%E8%AD%B7%E6%94%AF%E6%8F%B4%E4%BA%8B%E6%A5%AD%E6%89%80%20%E8%88%9F%E5%BD%A2%E7%94%BA
居宅介護支援事業所「ゆうゆう」,ケアマネジャー・居宅介護支援,山形県,真室川町,"介護,ケアマネジャー・居宅介護支援,相談",介護サービスの計画作成や事業所調整を行う相談先です。退院後の生活準備で重要です。,https://www.google.com/search?q=%E5%B1%85%E5%AE%85%E4%BB%8B%E8%AD%B7%E6%94%AF%E6%8F%B4%E4%BA%8B%E6%A5%AD%E6%89%80%E3%80%8C%E3%82%86%E3%81%86%E3%82%86%E3%81%86%E3%80%8D%20%E7%9C%9F%E5%AE%A4%E5%B7%9D%E7%94%BA,山形県最上郡真室川町大字新町４６９番５,0233-62-3431,厚生労働省オープンデータ,https://www.mhlw.go.jp/content/12300000/jigyosho_430.csv,2025-12末,https://www.google.com/search?q=%E5%B1%85%E5%AE%85%E4%BB%8B%E8%AD%B7%E6%94%AF%E6%8F%B4%E4%BA%8B%E6%A5%AD%E6%89%80%E3%80%8C%E3%82%86%E3%81%86%E3%82%86%E3%81%86%E3%80%8D%20%E7%9C%9F%E5%AE%A4%E5%B7%9D%E7%94%BA
指定居宅介護支援事業所　すいめい,ケアマネジャー・居宅介護支援,山形県,大蔵村,"介護,ケアマネジャー・居宅介護支援,相談",介護サービスの計画作成や事業所調整を行う相談先です。退院後の生活準備で重要です。,https://www.suimeisou.net,山形県最上郡大蔵村大字清水3137番地60,0233-75-2605,厚生労働省オープンデータ,https://www.mhlw.go.jp/content/12300000/jigyosho_430.csv,2025-12末,https://www.google.com/search?q=%E6%8C%87%E5%AE%9A%E5%B1%85%E5%AE%85%E4%BB%8B%E8%AD%B7%E6%94%AF%E6%8F%B4%E4%BA%8B%E6%A5%AD%E6%89%80%E3%80%80%E3%81%99%E3%81%84%E3%82%81%E3%81%84%20%E5%A4%A7%E8%94%B5%E6%9D%91
ひめゆり指定居宅介護支援事業所,ケアマネジャー・居宅介護支援,山形県,鮭川村,"介護,ケアマネジャー・居宅介護支援,相談",介護サービスの計画作成や事業所調整を行う相談先です。退院後の生活準備で重要です。,https://www.google.com/search?q=%E3%81%B2%E3%82%81%E3%82%86%E3%82%8A%E6%8C%87%E5%AE%9A%E5%B1%85%E5%AE%85%E4%BB%8B%E8%AD%B7%E6%94%AF%E6%8F%B4%E4%BA%8B%E6%A5%AD%E6%89%80%20%E9%AE%AD%E5%B7%9D%E6%9D%91,山形県最上郡鮭川村大字石名坂589-7,0233-55-3781,厚生労働省オープンデータ,https://www.mhlw.go.jp/content/12300000/jigyosho_430.csv,2025-12末,https://www.google.com/search?q=%E3%81%B2%E3%82%81%E3%82%86%E3%82%8A%E6%8C%87%E5%AE%9A%E5%B1%85%E5%AE%85%E4%BB%8B%E8%AD%B7%E6%94%AF%E6%8F%B4%E4%BA%8B%E6%A5%AD%E6%89%80%20%E9%AE%AD%E5%B7%9D%E6%9D%91
ケアプランセンター紅芭,ケアマネジャー・居宅介護支援,山形県,戸沢村,"介護,ケアマネジャー・居宅介護支援,相談",介護サービスの計画作成や事業所調整を行う相談先です。退院後の生活準備で重要です。,https://clelia.co.jp,山形県最上郡戸沢村大字津谷字鞭打野2096-1,0233-72-9339,厚生労働省オープンデータ,https://www.mhlw.go.jp/content/12300000/jigyosho_430.csv,2025-12末,https://www.google.com/search?q=%E3%82%B1%E3%82%A2%E3%83%97%E3%83%A9%E3%83%B3%E3%82%BB%E3%83%B3%E3%82%BF%E3%83%BC%E7%B4%85%E8%8A%AD%20%E6%88%B8%E6%B2%A2%E6%9D%91
居宅介護支援センターひまわり,ケアマネジャー・居宅介護支援,山形県,戸沢村,"介護,ケアマネジャー・居宅介護支援,相談",介護サービスの計画作成や事業所調整を行う相談先です。退院後の生活準備で重要です。,http://www.seiryu-magokoro.or.jp/,山形県最上郡戸沢村大字蔵岡2759,0233-72-9981,厚生労働省オープンデータ,https://www.mhlw.go.jp/content/12300000/jigyosho_430.csv,2025-12末,https://www.google.com/search?q=%E5%B1%85%E5%AE%85%E4%BB%8B%E8%AD%B7%E6%94%AF%E6%8F%B4%E3%82%BB%E3%83%B3%E3%82%BF%E3%83%BC%E3%81%B2%E3%81%BE%E3%82%8F%E3%82%8A%20%E6%88%B8%E6%B2%A2%E6%9D%91
おふぃすやまがたきょたくかいごしえんじぎょうしょ,ケアマネジャー・居宅介護支援,山形県,高畠町,"介護,ケアマネジャー・居宅介護支援,相談",介護サービスの計画作成や事業所調整を行う相談先です。退院後の生活準備で重要です。,https://www.office-yamagata.co.jp/,山形県東置賜郡高畠町大字福沢５６３－１０,0238-49-7870,厚生労働省オープンデータ,https://www.mhlw.go.jp/content/12300000/jigyosho_430.csv,2025-12末,https://www.google.com/search?q=%E3%81%8A%E3%81%B5%E3%81%83%E3%81%99%E3%82%84%E3%81%BE%E3%81%8C%E3%81%9F%E3%81%8D%E3%82%87%E3%81%9F%E3%81%8F%E3%81%8B%E3%81%84%E3%81%94%E3%81%97%E3%81%88%E3%82%93%E3%81%98%E3%81%8E%E3%82%87%E3%81%86%E3%81%97%E3%82%87%20%E9%AB%98%E7%95%A0%E7%94%BA
高畠ふれあいケアセンター,ケアマネジャー・居宅介護支援,山形県,高畠町,"介護,ケアマネジャー・居宅介護支援,相談",介護サービスの計画作成や事業所調整を行う相談先です。退院後の生活準備で重要です。,https://www.takahata-shakyo.or.jp,山形県東置賜郡高畠町大字高畠454番地の4高畠町老人福祉センター,0238-51-1080,厚生労働省オープンデータ,https://www.mhlw.go.jp/content/12300000/jigyosho_430.csv,2025-12末,https://www.google.com/search?q=%E9%AB%98%E7%95%A0%E3%81%B5%E3%82%8C%E3%81%82%E3%81%84%E3%82%B1%E3%82%A2%E3%82%BB%E3%83%B3%E3%82%BF%E3%83%BC%20%E9%AB%98%E7%95%A0%E7%94%BA
まつかぜケアサポートセンター,ケアマネジャー・居宅介護支援,山形県,高畠町,"介護,ケアマネジャー・居宅介護支援,相談",介護サービスの計画作成や事業所調整を行う相談先です。退院後の生活準備で重要です。,http://www.shoufukai.net/,山形県東置賜郡高畠町大字高畠303番地,0238-51-2070,厚生労働省オープンデータ,https://www.mhlw.go.jp/content/12300000/jigyosho_430.csv,2025-12末,https://www.google.com/search?q=%E3%81%BE%E3%81%A4%E3%81%8B%E3%81%9C%E3%82%B1%E3%82%A2%E3%82%B5%E3%83%9D%E3%83%BC%E3%83%88%E3%82%BB%E3%83%B3%E3%82%BF%E3%83%BC%20%E9%AB%98%E7%95%A0%E7%94%BA
ケアプランセンター竹とんぼ,ケアマネジャー・居宅介護支援,山形県,高畠町,"介護,ケアマネジャー・居宅介護支援,相談",介護サービスの計画作成や事業所調整を行う相談先です。退院後の生活準備で重要です。,http://www.cessna.co.jp/taketonbo,山形県東置賜郡高畠町入生田２０５７－２,0238-58-5161,厚生労働省オープンデータ,https://www.mhlw.go.jp/content/12300000/jigyosho_430.csv,2025-12末,https://www.google.com/search?q=%E3%82%B1%E3%82%A2%E3%83%97%E3%83%A9%E3%83%B3%E3%82%BB%E3%83%B3%E3%82%BF%E3%83%BC%E7%AB%B9%E3%81%A8%E3%82%93%E3%81%BC%20%E9%AB%98%E7%95%A0%E7%94%BA
居宅介護支援事業所　かたくりの会,ケアマネジャー・居宅介護支援,山形県,高畠町,"介護,ケアマネジャー・居宅介護支援,相談",介護サービスの計画作成や事業所調整を行う相談先です。退院後の生活準備で重要です。,https://www.google.com/search?q=%E5%B1%85%E5%AE%85%E4%BB%8B%E8%AD%B7%E6%94%AF%E6%8F%B4%E4%BA%8B%E6%A5%AD%E6%89%80%E3%80%80%E3%81%8B%E3%81%9F%E3%81%8F%E3%82%8A%E3%81%AE%E4%BC%9A%20%E9%AB%98%E7%95%A0%E7%94%BA,山形県東置賜郡高畠町大字元和田１５９９番地の２１,0238-58-3555,厚生労働省オープンデータ,https://www.mhlw.go.jp/content/12300000/jigyosho_430.csv,2025-12末,https://www.google.com/search?q=%E5%B1%85%E5%AE%85%E4%BB%8B%E8%AD%B7%E6%94%AF%E6%8F%B4%E4%BA%8B%E6%A5%AD%E6%89%80%E3%80%80%E3%81%8B%E3%81%9F%E3%81%8F%E3%82%8A%E3%81%AE%E4%BC%9A%20%E9%AB%98%E7%95%A0%E7%94%BA
JA山形おきたま福祉センター川西,ケアマネジャー・居宅介護支援,山形県,川西町,"介護,ケアマネジャー・居宅介護支援,相談",介護サービスの計画作成や事業所調整を行う相談先です。退院後の生活準備で重要です。,http://www.okitama-yt-ja.or.jp/,山形県東置賜郡川西町上小松978-1,0238-46-5575,厚生労働省オープンデータ,https://www.mhlw.go.jp/content/12300000/jigyosho_430.csv,2025-12末,https://www.google.com/search?q=JA%E5%B1%B1%E5%BD%A2%E3%81%8A%E3%81%8D%E3%81%9F%E3%81%BE%E7%A6%8F%E7%A5%89%E3%82%BB%E3%83%B3%E3%82%BF%E3%83%BC%E5%B7%9D%E8%A5%BF%20%E5%B7%9D%E8%A5%BF%E7%94%BA
川西町社会福祉協議会居宅介護支援事業所,ケアマネジャー・居宅介護支援,山形県,川西町,"介護,ケアマネジャー・居宅介護支援,相談",介護サービスの計画作成や事業所調整を行う相談先です。退院後の生活準備で重要です。,http://www5.omn.ne.jp/~kawanishi/,山形県東置賜郡川西町大字上小松上小松２９１８－２,0238-46-5500,厚生労働省オープンデータ,https://www.mhlw.go.jp/content/12300000/jigyosho_430.csv,2025-12末,https://www.google.com/search?q=%E5%B7%9D%E8%A5%BF%E7%94%BA%E7%A4%BE%E4%BC%9A%E7%A6%8F%E7%A5%89%E5%8D%94%E8%AD%B0%E4%BC%9A%E5%B1%85%E5%AE%85%E4%BB%8B%E8%AD%B7%E6%94%AF%E6%8F%B4%E4%BA%8B%E6%A5%AD%E6%89%80%20%E5%B7%9D%E8%A5%BF%E7%94%BA
在宅介護支援センターそよ風の森,ケアマネジャー・居宅介護支援,山形県,川西町,"介護,ケアマネジャー・居宅介護支援,相談",介護サービスの計画作成や事業所調整を行う相談先です。退院後の生活準備で重要です。,https://soyokazenomori.jp,山形県東置賜郡川西町時田1417番地,0238-46-2121,厚生労働省オープンデータ,https://www.mhlw.go.jp/content/12300000/jigyosho_430.csv,2025-12末,https://www.google.com/search?q=%E5%9C%A8%E5%AE%85%E4%BB%8B%E8%AD%B7%E6%94%AF%E6%8F%B4%E3%82%BB%E3%83%B3%E3%82%BF%E3%83%BC%E3%81%9D%E3%82%88%E9%A2%A8%E3%81%AE%E6%A3%AE%20%E5%B7%9D%E8%A5%BF%E7%94%BA
居宅介護支援事業所　薬師温泉,ケアマネジャー・居宅介護支援,山形県,川西町,"介護,ケアマネジャー・居宅介護支援,相談",介護サービスの計画作成や事業所調整を行う相談先です。退院後の生活準備で重要です。,http://yakusi-onsen.com/,山形県東置賜郡川西町大字西大塚１３５４－１３,0238-46-2255,厚生労働省オープンデータ,https://www.mhlw.go.jp/content/12300000/jigyosho_430.csv,2025-12末,https://www.google.com/search?q=%E5%B1%85%E5%AE%85%E4%BB%8B%E8%AD%B7%E6%94%AF%E6%8F%B4%E4%BA%8B%E6%A5%AD%E6%89%80%E3%80%80%E8%96%AC%E5%B8%AB%E6%B8%A9%E6%B3%89%20%E5%B7%9D%E8%A5%BF%E7%94%BA
かがやきの丘居宅介護支援事業所,ケアマネジャー・居宅介護支援,山形県,川西町,"介護,ケアマネジャー・居宅介護支援,相談",介護サービスの計画作成や事業所調整を行う相談先です。退院後の生活準備で重要です。,http://www.ryokuaikai.com/,山形県東置賜郡川西町大字下奥田字穴澤平3796番地20号,0238-42-5000,厚生労働省オープンデータ,https://www.mhlw.go.jp/content/12300000/jigyosho_430.csv,2025-12末,https://www.google.com/search?q=%E3%81%8B%E3%81%8C%E3%82%84%E3%81%8D%E3%81%AE%E4%B8%98%E5%B1%85%E5%AE%85%E4%BB%8B%E8%AD%B7%E6%94%AF%E6%8F%B4%E4%BA%8B%E6%A5%AD%E6%89%80%20%E5%B7%9D%E8%A5%BF%E7%94%BA
ケアプランセンターくるみ,ケアマネジャー・居宅介護支援,山形県,小国町,"介護,ケアマネジャー・居宅介護支援,相談",介護サービスの計画作成や事業所調整を行う相談先です。退院後の生活準備で重要です。,https://www.google.com/search?q=%E3%82%B1%E3%82%A2%E3%83%97%E3%83%A9%E3%83%B3%E3%82%BB%E3%83%B3%E3%82%BF%E3%83%BC%E3%81%8F%E3%82%8B%E3%81%BF%20%E5%B0%8F%E5%9B%BD%E7%94%BA,山形県西置賜郡小国町大字叶水346番地,0238-65-2102,厚生労働省オープンデータ,https://www.mhlw.go.jp/content/12300000/jigyosho_430.csv,2025-12末,https://www.google.com/search?q=%E3%82%B1%E3%82%A2%E3%83%97%E3%83%A9%E3%83%B3%E3%82%BB%E3%83%B3%E3%82%BF%E3%83%BC%E3%81%8F%E3%82%8B%E3%81%BF%20%E5%B0%8F%E5%9B%BD%E7%94%BA
おぐに社協指定居宅介護支援事業所,ケアマネジャー・居宅介護支援,山形県,小国町,"介護,ケアマネジャー・居宅介護支援,相談",介護サービスの計画作成や事業所調整を行う相談先です。退院後の生活準備で重要です。,https：//ogn-shakyo.jp,山形県西置賜郡小国町大字岩井沢604-2小国町老人福祉センター,0238-62-2825,厚生労働省オープンデータ,https://www.mhlw.go.jp/content/12300000/jigyosho_430.csv,2025-12末,https://www.google.com/search?q=%E3%81%8A%E3%81%90%E3%81%AB%E7%A4%BE%E5%8D%94%E6%8C%87%E5%AE%9A%E5%B1%85%E5%AE%85%E4%BB%8B%E8%AD%B7%E6%94%AF%E6%8F%B4%E4%BA%8B%E6%A5%AD%E6%89%80%20%E5%B0%8F%E5%9B%BD%E7%94%BA
おぐに訪問看護ステーション,ケアマネジャー・居宅介護支援,山形県,小国町,"介護,ケアマネジャー・居宅介護支援,相談",介護サービスの計画作成や事業所調整を行う相談先です。退院後の生活準備で重要です。,http://www.ogunibyoin.jp/houkan/,山形県西置賜郡小国町大字あけぼの一丁目１番地小国町立病院　内,0238-61-1002,厚生労働省オープンデータ,https://www.mhlw.go.jp/content/12300000/jigyosho_430.csv,2025-12末,https://www.google.com/search?q=%E3%81%8A%E3%81%90%E3%81%AB%E8%A8%AA%E5%95%8F%E7%9C%8B%E8%AD%B7%E3%82%B9%E3%83%86%E3%83%BC%E3%82%B7%E3%83%A7%E3%83%B3%20%E5%B0%8F%E5%9B%BD%E7%94%BA
白鷹町社会福祉協議会指定居宅介護支援事業所,ケアマネジャー・居宅介護支援,山形県,白鷹町,"介護,ケアマネジャー・居宅介護支援,相談",介護サービスの計画作成や事業所調整を行う相談先です。退院後の生活準備で重要です。,http://www.shirataka-syakyo.com/,山形県西置賜郡白鷹町大字荒砥甲４８８番地健康福祉センター内,0238-86-0203,厚生労働省オープンデータ,https://www.mhlw.go.jp/content/12300000/jigyosho_430.csv,2025-12末,https://www.google.com/search?q=%E7%99%BD%E9%B7%B9%E7%94%BA%E7%A4%BE%E4%BC%9A%E7%A6%8F%E7%A5%89%E5%8D%94%E8%AD%B0%E4%BC%9A%E6%8C%87%E5%AE%9A%E5%B1%85%E5%AE%85%E4%BB%8B%E8%AD%B7%E6%94%AF%E6%8F%B4%E4%BA%8B%E6%A5%AD%E6%89%80%20%E7%99%BD%E9%B7%B9%E7%94%BA
みゆき指定居宅介護支援事業所,ケアマネジャー・居宅介護支援,山形県,白鷹町,"介護,ケアマネジャー・居宅介護支援,相談",介護サービスの計画作成や事業所調整を行う相談先です。退院後の生活準備で重要です。,http://soumeikai.jp/,山形県西置賜郡白鷹町大字十王字5087番地1白鷹あゆみの園,0238-85-5536,厚生労働省オープンデータ,https://www.mhlw.go.jp/content/12300000/jigyosho_430.csv,2025-12末,https://www.google.com/search?q=%E3%81%BF%E3%82%86%E3%81%8D%E6%8C%87%E5%AE%9A%E5%B1%85%E5%AE%85%E4%BB%8B%E8%AD%B7%E6%94%AF%E6%8F%B4%E4%BA%8B%E6%A5%AD%E6%89%80%20%E7%99%BD%E9%B7%B9%E7%94%BA
白光園指定居宅介護支援事業所,ケアマネジャー・居宅介護支援,山形県,白鷹町,"介護,ケアマネジャー・居宅介護支援,相談",介護サービスの計画作成や事業所調整を行う相談先です。退院後の生活準備で重要です。,http://www.shirafuku.jp/,山形県西置賜郡白鷹町大字荒砥甲377番地,0238-85-6666,厚生労働省オープンデータ,https://www.mhlw.go.jp/content/12300000/jigyosho_430.csv,2025-12末,https://www.google.com/search?q=%E7%99%BD%E5%85%89%E5%9C%92%E6%8C%87%E5%AE%9A%E5%B1%85%E5%AE%85%E4%BB%8B%E8%AD%B7%E6%94%AF%E6%8F%B4%E4%BA%8B%E6%A5%AD%E6%89%80%20%E7%99%BD%E9%B7%B9%E7%94%BA
ウェルリンク白鷹,ケアマネジャー・居宅介護支援,山形県,白鷹町,"介護,ケアマネジャー・居宅介護支援,相談",介護サービスの計画作成や事業所調整を行う相談先です。退院後の生活準備で重要です。,https://www.google.com/search?q=%E3%82%A6%E3%82%A7%E3%83%AB%E3%83%AA%E3%83%B3%E3%82%AF%E7%99%BD%E9%B7%B9%20%E7%99%BD%E9%B7%B9%E7%94%BA,山形県西置賜郡白鷹町大字十王4615番地,０２３８－８７－０６９０,厚生労働省オープンデータ,https://www.mhlw.go.jp/content/12300000/jigyosho_430.csv,2025-12末,https://www.google.com/search?q=%E3%82%A6%E3%82%A7%E3%83%AB%E3%83%AA%E3%83%B3%E3%82%AF%E7%99%BD%E9%B7%B9%20%E7%99%BD%E9%B7%B9%E7%94%BA
居宅介護支援事業所えにし,ケアマネジャー・居宅介護支援,山形県,飯豊町,"介護,ケアマネジャー・居宅介護支援,相談",介護サービスの計画作成や事業所調整を行う相談先です。退院後の生活準備で重要です。,http://www.caremezami.com/,山形県西置賜郡飯豊町大字萩生3608番地1,0238-87-3808,厚生労働省オープンデータ,https://www.mhlw.go.jp/content/12300000/jigyosho_430.csv,2025-12末,https://www.google.com/search?q=%E5%B1%85%E5%AE%85%E4%BB%8B%E8%AD%B7%E6%94%AF%E6%8F%B4%E4%BA%8B%E6%A5%AD%E6%89%80%E3%81%88%E3%81%AB%E3%81%97%20%E9%A3%AF%E8%B1%8A%E7%94%BA
在宅介護支援センター福祉の里めざみ,ケアマネジャー・居宅介護支援,山形県,飯豊町,"介護,ケアマネジャー・居宅介護支援,相談",介護サービスの計画作成や事業所調整を行う相談先です。退院後の生活準備で重要です。,http://iide-shakyo.jp/,山形県西置賜郡飯豊町大字椿3642,0238-86-2231,厚生労働省オープンデータ,https://www.mhlw.go.jp/content/12300000/jigyosho_430.csv,2025-12末,https://www.google.com/search?q=%E5%9C%A8%E5%AE%85%E4%BB%8B%E8%AD%B7%E6%94%AF%E6%8F%B4%E3%82%BB%E3%83%B3%E3%82%BF%E3%83%BC%E7%A6%8F%E7%A5%89%E3%81%AE%E9%87%8C%E3%82%81%E3%81%96%E3%81%BF%20%E9%A3%AF%E8%B1%8A%E7%94%BA
在宅介護支援センターひめさゆり荘,ケアマネジャー・居宅介護支援,山形県,飯豊町,"介護,ケアマネジャー・居宅介護支援,相談",介護サービスの計画作成や事業所調整を行う相談先です。退院後の生活準備で重要です。,http://himesayurisou.jp,山形県西置賜郡飯豊町大字添川３５１４番地８２,0238-74-2061,厚生労働省オープンデータ,https://www.mhlw.go.jp/content/12300000/jigyosho_430.csv,2025-12末,https://www.google.com/search?q=%E5%9C%A8%E5%AE%85%E4%BB%8B%E8%AD%B7%E6%94%AF%E6%8F%B4%E3%82%BB%E3%83%B3%E3%82%BF%E3%83%BC%E3%81%B2%E3%82%81%E3%81%95%E3%82%86%E3%82%8A%E8%8D%98%20%E9%A3%AF%E8%B1%8A%E7%94%BA
愛陽会指定居宅介護支援事業所,ケアマネジャー・居宅介護支援,山形県,三川町,"介護,ケアマネジャー・居宅介護支援,相談",介護サービスの計画作成や事業所調整を行う相談先です。退院後の生活準備で重要です。,https://www.google.com/search?q=%E6%84%9B%E9%99%BD%E4%BC%9A%E6%8C%87%E5%AE%9A%E5%B1%85%E5%AE%85%E4%BB%8B%E8%AD%B7%E6%94%AF%E6%8F%B4%E4%BA%8B%E6%A5%AD%E6%89%80%20%E4%B8%89%E5%B7%9D%E7%94%BA,山形県東田川郡三川町大字横山字堤３９番,０２３５－６８－０１５０,厚生労働省オープンデータ,https://www.mhlw.go.jp/content/12300000/jigyosho_430.csv,2025-12末,https://www.google.com/search?q=%E6%84%9B%E9%99%BD%E4%BC%9A%E6%8C%87%E5%AE%9A%E5%B1%85%E5%AE%85%E4%BB%8B%E8%AD%B7%E6%94%AF%E6%8F%B4%E4%BA%8B%E6%A5%AD%E6%89%80%20%E4%B8%89%E5%B7%9D%E7%94%BA
居宅介護支援センター　にこ,ケアマネジャー・居宅介護支援,山形県,三川町,"介護,ケアマネジャー・居宅介護支援,相談",介護サービスの計画作成や事業所調整を行う相談先です。退院後の生活準備で重要です。,https://kukurunico.com/,山形県東田川郡三川町大字青山字外川原234-1,0235-77-1020,厚生労働省オープンデータ,https://www.mhlw.go.jp/content/12300000/jigyosho_430.csv,2025-12末,https://www.google.com/search?q=%E5%B1%85%E5%AE%85%E4%BB%8B%E8%AD%B7%E6%94%AF%E6%8F%B4%E3%82%BB%E3%83%B3%E3%82%BF%E3%83%BC%E3%80%80%E3%81%AB%E3%81%93%20%E4%B8%89%E5%B7%9D%E7%94%BA
医療法人徳洲会　介護支援相談所ほのか,ケアマネジャー・居宅介護支援,山形県,三川町,"介護,ケアマネジャー・居宅介護支援,相談",介護サービスの計画作成や事業所調整を行う相談先です。退院後の生活準備で重要です。,https//www.tokushukai.or.jp,山形県東田川郡三川町大字押切新田字深田１番地,0235-68-0025,厚生労働省オープンデータ,https://www.mhlw.go.jp/content/12300000/jigyosho_430.csv,2025-12末,https://www.google.com/search?q=%E5%8C%BB%E7%99%82%E6%B3%95%E4%BA%BA%E5%BE%B3%E6%B4%B2%E4%BC%9A%E3%80%80%E4%BB%8B%E8%AD%B7%E6%94%AF%E6%8F%B4%E7%9B%B8%E8%AB%87%E6%89%80%E3%81%BB%E3%81%AE%E3%81%8B%20%E4%B8%89%E5%B7%9D%E7%94%BA
指定居宅介護支援事業所なの花荘,ケアマネジャー・居宅介護支援,山形県,三川町,"介護,ケアマネジャー・居宅介護支援,相談",介護サービスの計画作成や事業所調整を行う相談先です。退院後の生活準備で重要です。,https://www.nanohanaso.or.jp,山形県東田川郡三川町大字横山字堤189番地2,0235-66-4832,厚生労働省オープンデータ,https://www.mhlw.go.jp/content/12300000/jigyosho_430.csv,2025-12末,https://www.google.com/search?q=%E6%8C%87%E5%AE%9A%E5%B1%85%E5%AE%85%E4%BB%8B%E8%AD%B7%E6%94%AF%E6%8F%B4%E4%BA%8B%E6%A5%AD%E6%89%80%E3%81%AA%E3%81%AE%E8%8A%B1%E8%8D%98%20%E4%B8%89%E5%B7%9D%E7%94%BA
介護センターほほえみ,ケアマネジャー・居宅介護支援,山形県,庄内町,"介護,ケアマネジャー・居宅介護支援,相談",介護サービスの計画作成や事業所調整を行う相談先です。退院後の生活準備で重要です。,http://shonai-shakyo.or.jp/,山形県東田川郡庄内町余目字大塚1番地2庄内町余目老人福祉センター,0234-42-1623,厚生労働省オープンデータ,https://www.mhlw.go.jp/content/12300000/jigyosho_430.csv,2025-12末,https://www.google.com/search?q=%E4%BB%8B%E8%AD%B7%E3%82%BB%E3%83%B3%E3%82%BF%E3%83%BC%E3%81%BB%E3%81%BB%E3%81%88%E3%81%BF%20%E5%BA%84%E5%86%85%E7%94%BA
医療法人徳洲会　介護老人保健施設余目徳洲苑介護センター,ケアマネジャー・居宅介護支援,山形県,庄内町,"介護,ケアマネジャー・居宅介護支援,相談",介護サービスの計画作成や事業所調整を行う相談先です。退院後の生活準備で重要です。,http://www.amarume-tokushuen.com,山形県東田川郡庄内町松陽1-1-6,0234-45-1678,厚生労働省オープンデータ,https://www.mhlw.go.jp/content/12300000/jigyosho_430.csv,2025-12末,https://www.google.com/search?q=%E5%8C%BB%E7%99%82%E6%B3%95%E4%BA%BA%E5%BE%B3%E6%B4%B2%E4%BC%9A%E3%80%80%E4%BB%8B%E8%AD%B7%E8%80%81%E4%BA%BA%E4%BF%9D%E5%81%A5%E6%96%BD%E8%A8%AD%E4%BD%99%E7%9B%AE%E5%BE%B3%E6%B4%B2%E8%8B%91%E4%BB%8B%E8%AD%B7%E3%82%BB%E3%83%B3%E3%82%BF%E3%83%BC%20%E5%BA%84%E5%86%85%E7%94%BA
介護老人保健施設あかね介護センター,ケアマネジャー・居宅介護支援,山形県,庄内町,"介護,ケアマネジャー・居宅介護支援,相談",介護サービスの計画作成や事業所調整を行う相談先です。退院後の生活準備で重要です。,https://www.google.com/search?q=%E4%BB%8B%E8%AD%B7%E8%80%81%E4%BA%BA%E4%BF%9D%E5%81%A5%E6%96%BD%E8%A8%AD%E3%81%82%E3%81%8B%E3%81%AD%E4%BB%8B%E8%AD%B7%E3%82%BB%E3%83%B3%E3%82%BF%E3%83%BC%20%E5%BA%84%E5%86%85%E7%94%BA,山形県東田川郡庄内町添津字家ノ下９７,0234-51-2415,厚生労働省オープンデータ,https://www.mhlw.go.jp/content/12300000/jigyosho_430.csv,2025-12末,https://www.google.com/search?q=%E4%BB%8B%E8%AD%B7%E8%80%81%E4%BA%BA%E4%BF%9D%E5%81%A5%E6%96%BD%E8%A8%AD%E3%81%82%E3%81%8B%E3%81%AD%E4%BB%8B%E8%AD%B7%E3%82%BB%E3%83%B3%E3%82%BF%E3%83%BC%20%E5%BA%84%E5%86%85%E7%94%BA
ケアプランセンター　ソラーナ,ケアマネジャー・居宅介護支援,山形県,庄内町,"介護,ケアマネジャー・居宅介護支援,相談",介護サービスの計画作成や事業所調整を行う相談先です。退院後の生活準備で重要です。,http://www.minori-f.or.jp/,山形県東田川郡庄内町南野字北野100番地2,0234-44-2011,厚生労働省オープンデータ,https://www.mhlw.go.jp/content/12300000/jigyosho_430.csv,2025-12末,https://www.google.com/search?q=%E3%82%B1%E3%82%A2%E3%83%97%E3%83%A9%E3%83%B3%E3%82%BB%E3%83%B3%E3%82%BF%E3%83%BC%E3%80%80%E3%82%BD%E3%83%A9%E3%83%BC%E3%83%8A%20%E5%BA%84%E5%86%85%E7%94%BA
山水園指定居宅介護支援事業所,ケアマネジャー・居宅介護支援,山形県,庄内町,"介護,ケアマネジャー・居宅介護支援,相談",介護サービスの計画作成や事業所調整を行う相談先です。退院後の生活準備で重要です。,http://www.tk-kouseikai.or.jp,山形県東田川郡庄内町狩川字笠山４３３番地３,0234-56-3524,厚生労働省オープンデータ,https://www.mhlw.go.jp/content/12300000/jigyosho_430.csv,2025-12末,https://www.google.com/search?q=%E5%B1%B1%E6%B0%B4%E5%9C%92%E6%8C%87%E5%AE%9A%E5%B1%85%E5%AE%85%E4%BB%8B%E8%AD%B7%E6%94%AF%E6%8F%B4%E4%BA%8B%E6%A5%AD%E6%89%80%20%E5%BA%84%E5%86%85%E7%94%BA
指定居宅介護支援事業所ゆざ,ケアマネジャー・居宅介護支援,山形県,遊佐町,"介護,ケアマネジャー・居宅介護支援,相談",介護サービスの計画作成や事業所調整を行う相談先です。退院後の生活準備で重要です。,http://www.yuza-hospital.jp/,山形県飽海郡遊佐町遊佐字石田7番地,０２３４－２８－８１６７,厚生労働省オープンデータ,https://www.mhlw.go.jp/content/12300000/jigyosho_430.csv,2025-12末,https://www.google.com/search?q=%E6%8C%87%E5%AE%9A%E5%B1%85%E5%AE%85%E4%BB%8B%E8%AD%B7%E6%94%AF%E6%8F%B4%E4%BA%8B%E6%A5%AD%E6%89%80%E3%82%86%E3%81%96%20%E9%81%8A%E4%BD%90%E7%94%BA
株式会社　在宅福祉サービスつくし,ケアマネジャー・居宅介護支援,山形県,遊佐町,"介護,ケアマネジャー・居宅介護支援,相談",介護サービスの計画作成や事業所調整を行う相談先です。退院後の生活準備で重要です。,https://www.google.com/search?q=%E6%A0%AA%E5%BC%8F%E4%BC%9A%E7%A4%BE%E3%80%80%E5%9C%A8%E5%AE%85%E7%A6%8F%E7%A5%89%E3%82%B5%E3%83%BC%E3%83%93%E3%82%B9%E3%81%A4%E3%81%8F%E3%81%97%20%E9%81%8A%E4%BD%90%E7%94%BA,山形県飽海郡遊佐町菅里字菅野南山１－２０９,0234-75-3066,厚生労働省オープンデータ,https://www.mhlw.go.jp/content/12300000/jigyosho_430.csv,2025-12末,https://www.google.com/search?q=%E6%A0%AA%E5%BC%8F%E4%BC%9A%E7%A4%BE%E3%80%80%E5%9C%A8%E5%AE%85%E7%A6%8F%E7%A5%89%E3%82%B5%E3%83%BC%E3%83%93%E3%82%B9%E3%81%A4%E3%81%8F%E3%81%97%20%E9%81%8A%E4%BD%90%E7%94%BA
ケアプランセンターゆうすい,ケアマネジャー・居宅介護支援,山形県,遊佐町,"介護,ケアマネジャー・居宅介護支援,相談",介護サービスの計画作成や事業所調整を行う相談先です。退院後の生活準備で重要です。,https://www.yuzakouseikai.or.jp/yusui/,山形県飽海郡遊佐町遊佐字木ノ下2,0234-71-2155,厚生労働省オープンデータ,https://www.mhlw.go.jp/content/12300000/jigyosho_430.csv,2025-12末,https://www.google.com/search?q=%E3%82%B1%E3%82%A2%E3%83%97%E3%83%A9%E3%83%B3%E3%82%BB%E3%83%B3%E3%82%BF%E3%83%BC%E3%82%86%E3%81%86%E3%81%99%E3%81%84%20%E9%81%8A%E4%BD%90%E7%94%BA
社会福祉法人遊佐町社会福祉協議会指定居宅介護支援事業所,ケアマネジャー・居宅介護支援,山形県,遊佐町,"介護,ケアマネジャー・居宅介護支援,相談",介護サービスの計画作成や事業所調整を行う相談先です。退院後の生活準備で重要です。,http://yuza-shakyo.sakura.ne.jp/,山形県飽海郡遊佐町遊佐字田子１番地遊佐町総合福祉センター,0234-72-4715(,厚生労働省オープンデータ,https://www.mhlw.go.jp/content/12300000/jigyosho_430.csv,2025-12末,https://www.google.com/search?q=%E7%A4%BE%E4%BC%9A%E7%A6%8F%E7%A5%89%E6%B3%95%E4%BA%BA%E9%81%8A%E4%BD%90%E7%94%BA%E7%A4%BE%E4%BC%9A%E7%A6%8F%E7%A5%89%E5%8D%94%E8%AD%B0%E4%BC%9A%E6%8C%87%E5%AE%9A%E5%B1%85%E5%AE%85%E4%BB%8B%E8%AD%B7%E6%94%AF%E6%8F%B4%E4%BA%8B%E6%A5%AD%E6%89%80%20%E9%81%8A%E4%BD%90%E7%94%BA
松濤荘居宅介護支援事業所,ケアマネジャー・居宅介護支援,山形県,遊佐町,"介護,ケアマネジャー・居宅介護支援,相談",介護サービスの計画作成や事業所調整を行う相談先です。退院後の生活準備で重要です。,https://www.google.com/search?q=%E6%9D%BE%E6%BF%A4%E8%8D%98%E5%B1%85%E5%AE%85%E4%BB%8B%E8%AD%B7%E6%94%AF%E6%8F%B4%E4%BA%8B%E6%A5%AD%E6%89%80%20%E9%81%8A%E4%BD%90%E7%94%BA,飽海郡遊佐町菅里字菅野南山７番地１,0234-76-2145,厚生労働省オープンデータ,https://www.mhlw.go.jp/content/12300000/jigyosho_430.csv,2025-12末,https://www.google.com/search?q=%E6%9D%BE%E6%BF%A4%E8%8D%98%E5%B1%85%E5%AE%85%E4%BB%8B%E8%AD%B7%E6%94%AF%E6%8F%B4%E4%BA%8B%E6%A5%AD%E6%89%80%20%E9%81%8A%E4%BD%90%E7%94%BA
指定介護老人福祉施設　ながまち荘,特別養護老人ホーム,山形県,山形市,"介護,特別養護老人ホーム,入所",常時介護が必要で在宅生活が難しい方の生活の場となる施設です。入所条件や待機状況を確認します。,http://www.yamagata-saiseikai.org,山形市長町751番地,023-684-2391,厚生労働省オープンデータ,https://www.mhlw.go.jp/content/12300000/jigyosho_510.csv,2025-12末,https://www.google.com/search?q=%E6%8C%87%E5%AE%9A%E4%BB%8B%E8%AD%B7%E8%80%81%E4%BA%BA%E7%A6%8F%E7%A5%89%E6%96%BD%E8%A8%AD%E3%80%80%E3%81%AA%E3%81%8C%E3%81%BE%E3%81%A1%E8%8D%98%20%E5%B1%B1%E5%BD%A2%E5%B8%82
特別養護老人ホーム　山静寿,特別養護老人ホーム,山形県,山形市,"介護,特別養護老人ホーム,入所",常時介護が必要で在宅生活が難しい方の生活の場となる施設です。入所条件や待機状況を確認します。,http://www.yamagata-saiseikai.org.,山形市大字沼木字下河原１１３３－１,023-646-3410,厚生労働省オープンデータ,https://www.mhlw.go.jp/content/12300000/jigyosho_510.csv,2025-12末,https://www.google.com/search?q=%E7%89%B9%E5%88%A5%E9%A4%8A%E8%AD%B7%E8%80%81%E4%BA%BA%E3%83%9B%E3%83%BC%E3%83%A0%E3%80%80%E5%B1%B1%E9%9D%99%E5%AF%BF%20%E5%B1%B1%E5%BD%A2%E5%B8%82
特別養護老人ホーム　愛日荘,特別養護老人ホーム,山形県,山形市,"介護,特別養護老人ホーム,入所",常時介護が必要で在宅生活が難しい方の生活の場となる施設です。入所条件や待機状況を確認します。,http://www.yamagata-saiseikai.org,山形県山形市大字妙見寺４番地,023-632-2791,厚生労働省オープンデータ,https://www.mhlw.go.jp/content/12300000/jigyosho_510.csv,2025-12末,https://www.google.com/search?q=%E7%89%B9%E5%88%A5%E9%A4%8A%E8%AD%B7%E8%80%81%E4%BA%BA%E3%83%9B%E3%83%BC%E3%83%A0%E3%80%80%E6%84%9B%E6%97%A5%E8%8D%98%20%E5%B1%B1%E5%BD%A2%E5%B8%82
特別養護老人ホームなごみの里,特別養護老人ホーム,山形県,山形市,"介護,特別養護老人ホーム,入所",常時介護が必要で在宅生活が難しい方の生活の場となる施設です。入所条件や待機状況を確認します。,http://www.jifukai.org,山形県山形市吉原三丁目10番8号,023-647-8871,厚生労働省オープンデータ,https://www.mhlw.go.jp/content/12300000/jigyosho_510.csv,2025-12末,https://www.google.com/search?q=%E7%89%B9%E5%88%A5%E9%A4%8A%E8%AD%B7%E8%80%81%E4%BA%BA%E3%83%9B%E3%83%BC%E3%83%A0%E3%81%AA%E3%81%94%E3%81%BF%E3%81%AE%E9%87%8C%20%E5%B1%B1%E5%BD%A2%E5%B8%82
特別養護老人ホーム　七日町こまくさ園,特別養護老人ホーム,山形県,山形市,"介護,特別養護老人ホーム,入所",常時介護が必要で在宅生活が難しい方の生活の場となる施設です。入所条件や待機状況を確認します。,http://www.nanokamachikomakusaen.or.jp,山形市七日町四丁目５番２０号,023-628-6000,厚生労働省オープンデータ,https://www.mhlw.go.jp/content/12300000/jigyosho_510.csv,2025-12末,https://www.google.com/search?q=%E7%89%B9%E5%88%A5%E9%A4%8A%E8%AD%B7%E8%80%81%E4%BA%BA%E3%83%9B%E3%83%BC%E3%83%A0%E3%80%80%E4%B8%83%E6%97%A5%E7%94%BA%E3%81%93%E3%81%BE%E3%81%8F%E3%81%95%E5%9C%92%20%E5%B1%B1%E5%BD%A2%E5%B8%82
特別養護老人ホーム　蔵王やすらぎの里,特別養護老人ホーム,山形県,山形市,"介護,特別養護老人ホーム,入所",常時介護が必要で在宅生活が難しい方の生活の場となる施設です。入所条件や待機状況を確認します。,http://care-net.biz/06/z-yasuragi/,山形県山形市蔵王上野920番地,023-688-7022,厚生労働省オープンデータ,https://www.mhlw.go.jp/content/12300000/jigyosho_510.csv,2025-12末,https://www.google.com/search?q=%E7%89%B9%E5%88%A5%E9%A4%8A%E8%AD%B7%E8%80%81%E4%BA%BA%E3%83%9B%E3%83%BC%E3%83%A0%E3%80%80%E8%94%B5%E7%8E%8B%E3%82%84%E3%81%99%E3%82%89%E3%81%8E%E3%81%AE%E9%87%8C%20%E5%B1%B1%E5%BD%A2%E5%B8%82
特別養護老人ホームみはらしの丘,特別養護老人ホーム,山形県,山形市,"介護,特別養護老人ホーム,入所",常時介護が必要で在宅生活が難しい方の生活の場となる施設です。入所条件や待機状況を確認します。,https://www.yuuai-kai.or.jp/,山形市みはらしの丘四丁目15番地3,023-688-3854,厚生労働省オープンデータ,https://www.mhlw.go.jp/content/12300000/jigyosho_510.csv,2025-12末,https://www.google.com/search?q=%E7%89%B9%E5%88%A5%E9%A4%8A%E8%AD%B7%E8%80%81%E4%BA%BA%E3%83%9B%E3%83%BC%E3%83%A0%E3%81%BF%E3%81%AF%E3%82%89%E3%81%97%E3%81%AE%E4%B8%98%20%E5%B1%B1%E5%BD%A2%E5%B8%82
特別養護老人ホームとかみ共生苑,特別養護老人ホーム,山形県,山形市,"介護,特別養護老人ホーム,入所",常時介護が必要で在宅生活が難しい方の生活の場となる施設です。入所条件や待機状況を確認します。,http:www.ｙ-shiminfukushikai.org/.,山形県山形市富神前6番地,023-646-5050,厚生労働省オープンデータ,https://www.mhlw.go.jp/content/12300000/jigyosho_510.csv,2025-12末,https://www.google.com/search?q=%E7%89%B9%E5%88%A5%E9%A4%8A%E8%AD%B7%E8%80%81%E4%BA%BA%E3%83%9B%E3%83%BC%E3%83%A0%E3%81%A8%E3%81%8B%E3%81%BF%E5%85%B1%E7%94%9F%E8%8B%91%20%E5%B1%B1%E5%BD%A2%E5%B8%82
特別養護老人ホームいきいきの郷,特別養護老人ホーム,山形県,山形市,"介護,特別養護老人ホーム,入所",常時介護が必要で在宅生活が難しい方の生活の場となる施設です。入所条件や待機状況を確認します。,https://kagayakinokai.or.jp/,山形市大字成安４２５番地２,023-681-4765,厚生労働省オープンデータ,https://www.mhlw.go.jp/content/12300000/jigyosho_510.csv,2025-12末,https://www.google.com/search?q=%E7%89%B9%E5%88%A5%E9%A4%8A%E8%AD%B7%E8%80%81%E4%BA%BA%E3%83%9B%E3%83%BC%E3%83%A0%E3%81%84%E3%81%8D%E3%81%84%E3%81%8D%E3%81%AE%E9%83%B7%20%E5%B1%B1%E5%BD%A2%E5%B8%82
特別養護老人ホーム　サンシャイン大森,特別養護老人ホーム,山形県,山形市,"介護,特別養護老人ホーム,入所",常時介護が必要で在宅生活が難しい方の生活の場となる施設です。入所条件や待機状況を確認します。,http://s-oomori.jp/,山形市大字大森２１３９番地１,023-685-1225,厚生労働省オープンデータ,https://www.mhlw.go.jp/content/12300000/jigyosho_510.csv,2025-12末,https://www.google.com/search?q=%E7%89%B9%E5%88%A5%E9%A4%8A%E8%AD%B7%E8%80%81%E4%BA%BA%E3%83%9B%E3%83%BC%E3%83%A0%E3%80%80%E3%82%B5%E3%83%B3%E3%82%B7%E3%83%A3%E3%82%A4%E3%83%B3%E5%A4%A7%E6%A3%AE%20%E5%B1%B1%E5%BD%A2%E5%B8%82
指定介護老人福祉施設みこころの園,特別養護老人ホーム,山形県,山形市,"介護,特別養護老人ホーム,入所",常時介護が必要で在宅生活が難しい方の生活の場となる施設です。入所条件や待機状況を確認します。,http://www.mikokoronosono.or.jp,山形県山形市大字沼木字下河原1129-1,023-644-7571,厚生労働省オープンデータ,https://www.mhlw.go.jp/content/12300000/jigyosho_510.csv,2025-12末,https://www.google.com/search?q=%E6%8C%87%E5%AE%9A%E4%BB%8B%E8%AD%B7%E8%80%81%E4%BA%BA%E7%A6%8F%E7%A5%89%E6%96%BD%E8%A8%AD%E3%81%BF%E3%81%93%E3%81%93%E3%82%8D%E3%81%AE%E5%9C%92%20%E5%B1%B1%E5%BD%A2%E5%B8%82
指定介護老人福祉施設菅沢荘,特別養護老人ホーム,山形県,山形市,"介護,特別養護老人ホーム,入所",常時介護が必要で在宅生活が難しい方の生活の場となる施設です。入所条件や待機状況を確認します。,https://yamagatashi-sj.or.jp/,山形市すげさわの丘４６番地,023-646-1160,厚生労働省オープンデータ,https://www.mhlw.go.jp/content/12300000/jigyosho_510.csv,2025-12末,https://www.google.com/search?q=%E6%8C%87%E5%AE%9A%E4%BB%8B%E8%AD%B7%E8%80%81%E4%BA%BA%E7%A6%8F%E7%A5%89%E6%96%BD%E8%A8%AD%E8%8F%85%E6%B2%A2%E8%8D%98%20%E5%B1%B1%E5%BD%A2%E5%B8%82
六日町あいあい　特別養護老人ホーム,特別養護老人ホーム,山形県,山形市,"介護,特別養護老人ホーム,入所",常時介護が必要で在宅生活が難しい方の生活の場となる施設です。入所条件や待機状況を確認します。,https://aiai-yamagata.org/,山形市六日町２番７号,023-641-8421,厚生労働省オープンデータ,https://www.mhlw.go.jp/content/12300000/jigyosho_510.csv,2025-12末,https://www.google.com/search?q=%E5%85%AD%E6%97%A5%E7%94%BA%E3%81%82%E3%81%84%E3%81%82%E3%81%84%E3%80%80%E7%89%B9%E5%88%A5%E9%A4%8A%E8%AD%B7%E8%80%81%E4%BA%BA%E3%83%9B%E3%83%BC%E3%83%A0%20%E5%B1%B1%E5%BD%A2%E5%B8%82
特別養護老人ホーム福寿乃郷,特別養護老人ホーム,山形県,山形市,"介護,特別養護老人ホーム,入所",常時介護が必要で在宅生活が難しい方の生活の場となる施設です。入所条件や待機状況を確認します。,http://www.fukujukai.jp/,山形県山形市飯田二丁目7番30号,023－625－5212,厚生労働省オープンデータ,https://www.mhlw.go.jp/content/12300000/jigyosho_510.csv,2025-12末,https://www.google.com/search?q=%E7%89%B9%E5%88%A5%E9%A4%8A%E8%AD%B7%E8%80%81%E4%BA%BA%E3%83%9B%E3%83%BC%E3%83%A0%E7%A6%8F%E5%AF%BF%E4%B9%83%E9%83%B7%20%E5%B1%B1%E5%BD%A2%E5%B8%82
特別養護老人ホームさくらホーム山形,特別養護老人ホーム,山形県,山形市,"介護,特別養護老人ホーム,入所",常時介護が必要で在宅生活が難しい方の生活の場となる施設です。入所条件や待機状況を確認します。,http://www.sakura-welfare.jp/,山形市嶋北三丁目14番24号,023-674-7303,厚生労働省オープンデータ,https://www.mhlw.go.jp/content/12300000/jigyosho_510.csv,2025-12末,https://www.google.com/search?q=%E7%89%B9%E5%88%A5%E9%A4%8A%E8%AD%B7%E8%80%81%E4%BA%BA%E3%83%9B%E3%83%BC%E3%83%A0%E3%81%95%E3%81%8F%E3%82%89%E3%83%9B%E3%83%BC%E3%83%A0%E5%B1%B1%E5%BD%A2%20%E5%B1%B1%E5%BD%A2%E5%B8%82
おいたまの郷指定介護老人福祉施設,特別養護老人ホーム,山形県,米沢市,"介護,特別養護老人ホーム,入所",常時介護が必要で在宅生活が難しい方の生活の場となる施設です。入所条件や待機状況を確認します。,http://oitamanosato.jp,米沢市下新田２８番地,0238-37-7788,厚生労働省オープンデータ,https://www.mhlw.go.jp/content/12300000/jigyosho_510.csv,2025-12末,https://www.google.com/search?q=%E3%81%8A%E3%81%84%E3%81%9F%E3%81%BE%E3%81%AE%E9%83%B7%E6%8C%87%E5%AE%9A%E4%BB%8B%E8%AD%B7%E8%80%81%E4%BA%BA%E7%A6%8F%E7%A5%89%E6%96%BD%E8%A8%AD%20%E7%B1%B3%E6%B2%A2%E5%B8%82
おいたまの郷指定介護老人福祉施設,特別養護老人ホーム,山形県,米沢市,"介護,特別養護老人ホーム,入所",常時介護が必要で在宅生活が難しい方の生活の場となる施設です。入所条件や待機状況を確認します。,http://oitamanosato.jp,米沢市下新田２８番地,0238-37-7788,厚生労働省オープンデータ,https://www.mhlw.go.jp/content/12300000/jigyosho_510.csv,2025-12末,https://www.google.com/search?q=%E3%81%8A%E3%81%84%E3%81%9F%E3%81%BE%E3%81%AE%E9%83%B7%E6%8C%87%E5%AE%9A%E4%BB%8B%E8%AD%B7%E8%80%81%E4%BA%BA%E7%A6%8F%E7%A5%89%E6%96%BD%E8%A8%AD%20%E7%B1%B3%E6%B2%A2%E5%B8%82
特別養護老人ホーム万世園,特別養護老人ホーム,山形県,米沢市,"介護,特別養護老人ホーム,入所",常時介護が必要で在宅生活が難しい方の生活の場となる施設です。入所条件や待機状況を確認します。,https://eikounosato.com,山形県米沢市万世町牛森4172-5,0238-28-1455,厚生労働省オープンデータ,https://www.mhlw.go.jp/content/12300000/jigyosho_510.csv,2025-12末,https://www.google.com/search?q=%E7%89%B9%E5%88%A5%E9%A4%8A%E8%AD%B7%E8%80%81%E4%BA%BA%E3%83%9B%E3%83%BC%E3%83%A0%E4%B8%87%E4%B8%96%E5%9C%92%20%E7%B1%B3%E6%B2%A2%E5%B8%82
特別養護老人ホーム成島園,特別養護老人ホーム,山形県,米沢市,"介護,特別養護老人ホーム,入所",常時介護が必要で在宅生活が難しい方の生活の場となる施設です。入所条件や待機状況を確認します。,http://narusimaen.org/,山形県米沢市広幡町成島字窪平山2120番地5,0238-37-2355,厚生労働省オープンデータ,https://www.mhlw.go.jp/content/12300000/jigyosho_510.csv,2025-12末,https://www.google.com/search?q=%E7%89%B9%E5%88%A5%E9%A4%8A%E8%AD%B7%E8%80%81%E4%BA%BA%E3%83%9B%E3%83%BC%E3%83%A0%E6%88%90%E5%B3%B6%E5%9C%92%20%E7%B1%B3%E6%B2%A2%E5%B8%82
特別養護老人ホーム成島園,特別養護老人ホーム,山形県,米沢市,"介護,特別養護老人ホーム,入所",常時介護が必要で在宅生活が難しい方の生活の場となる施設です。入所条件や待機状況を確認します。,http://narusimaen.org/,山形県米沢市広幡町成島字窪平山2120番地5,0238-37-2355,厚生労働省オープンデータ,https://www.mhlw.go.jp/content/12300000/jigyosho_510.csv,2025-12末,https://www.google.com/search?q=%E7%89%B9%E5%88%A5%E9%A4%8A%E8%AD%B7%E8%80%81%E4%BA%BA%E3%83%9B%E3%83%BC%E3%83%A0%E6%88%90%E5%B3%B6%E5%9C%92%20%E7%B1%B3%E6%B2%A2%E5%B8%82
特別養護老人ホーム回春堂,特別養護老人ホーム,山形県,米沢市,"介護,特別養護老人ホーム,入所",常時介護が必要で在宅生活が難しい方の生活の場となる施設です。入所条件や待機状況を確認します。,https://kaisyundo.jp/,米沢市大字花沢2986番地の1,0238-26-8850,厚生労働省オープンデータ,https://www.mhlw.go.jp/content/12300000/jigyosho_510.csv,2025-12末,https://www.google.com/search?q=%E7%89%B9%E5%88%A5%E9%A4%8A%E8%AD%B7%E8%80%81%E4%BA%BA%E3%83%9B%E3%83%BC%E3%83%A0%E5%9B%9E%E6%98%A5%E5%A0%82%20%E7%B1%B3%E6%B2%A2%E5%B8%82
特別養護老人ホームサンファミリア米沢,特別養護老人ホーム,山形県,米沢市,"介護,特別養護老人ホーム,入所",常時介護が必要で在宅生活が難しい方の生活の場となる施設です。入所条件や待機状況を確認します。,http://www.y-kouwakai.jp,山形県米沢市塩井町塩野520,0238-26-8255,厚生労働省オープンデータ,https://www.mhlw.go.jp/content/12300000/jigyosho_510.csv,2025-12末,https://www.google.com/search?q=%E7%89%B9%E5%88%A5%E9%A4%8A%E8%AD%B7%E8%80%81%E4%BA%BA%E3%83%9B%E3%83%BC%E3%83%A0%E3%82%B5%E3%83%B3%E3%83%95%E3%82%A1%E3%83%9F%E3%83%AA%E3%82%A2%E7%B1%B3%E6%B2%A2%20%E7%B1%B3%E6%B2%A2%E5%B8%82
特別養護老人ホームおおやま,特別養護老人ホーム,山形県,鶴岡市,"介護,特別養護老人ホーム,入所",常時介護が必要で在宅生活が難しい方の生活の場となる施設です。入所条件や待機状況を確認します。,https://www.shk01.jp/jigyo/jigyo2-2/,鶴岡市大山三丁目34番1号,0235-38-0250,厚生労働省オープンデータ,https://www.mhlw.go.jp/content/12300000/jigyosho_510.csv,2025-12末,https://www.google.com/search?q=%E7%89%B9%E5%88%A5%E9%A4%8A%E8%AD%B7%E8%80%81%E4%BA%BA%E3%83%9B%E3%83%BC%E3%83%A0%E3%81%8A%E3%81%8A%E3%82%84%E3%81%BE%20%E9%B6%B4%E5%B2%A1%E5%B8%82
特別養護老人ホームかたくり荘,特別養護老人ホーム,山形県,鶴岡市,"介護,特別養護老人ホーム,入所",常時介護が必要で在宅生活が難しい方の生活の場となる施設です。入所条件や待機状況を確認します。,http://care-net.biz/06/bunanoki/,山形県鶴岡市熊出字東村157-2,0235-53-2300,厚生労働省オープンデータ,https://www.mhlw.go.jp/content/12300000/jigyosho_510.csv,2025-12末,https://www.google.com/search?q=%E7%89%B9%E5%88%A5%E9%A4%8A%E8%AD%B7%E8%80%81%E4%BA%BA%E3%83%9B%E3%83%BC%E3%83%A0%E3%81%8B%E3%81%9F%E3%81%8F%E3%82%8A%E8%8D%98%20%E9%B6%B4%E5%B2%A1%E5%B8%82
特別養護老人ホームかたくり荘（ユニット型）,特別養護老人ホーム,山形県,鶴岡市,"介護,特別養護老人ホーム,入所",常時介護が必要で在宅生活が難しい方の生活の場となる施設です。入所条件や待機状況を確認します。,http//care-net:biz/06/bunanoki,山形県鶴岡市熊出字東村157－2,0235-53-2300,厚生労働省オープンデータ,https://www.mhlw.go.jp/content/12300000/jigyosho_510.csv,2025-12末,https://www.google.com/search?q=%E7%89%B9%E5%88%A5%E9%A4%8A%E8%AD%B7%E8%80%81%E4%BA%BA%E3%83%9B%E3%83%BC%E3%83%A0%E3%81%8B%E3%81%9F%E3%81%8F%E3%82%8A%E8%8D%98%EF%BC%88%E3%83%A6%E3%83%8B%E3%83%83%E3%83%88%E5%9E%8B%EF%BC%89%20%E9%B6%B4%E5%B2%A1%E5%B8%82
特別養護老人ホーム　しおん荘,特別養護老人ホーム,山形県,鶴岡市,"介護,特別養護老人ホーム,入所",常時介護が必要で在宅生活が難しい方の生活の場となる施設です。入所条件や待機状況を確認します。,https://www.sionkai.or.jp/index.php,山形県鶴岡市湯野浜1丁目17番35号,0235-76-3735,厚生労働省オープンデータ,https://www.mhlw.go.jp/content/12300000/jigyosho_510.csv,2025-12末,https://www.google.com/search?q=%E7%89%B9%E5%88%A5%E9%A4%8A%E8%AD%B7%E8%80%81%E4%BA%BA%E3%83%9B%E3%83%BC%E3%83%A0%E3%80%80%E3%81%97%E3%81%8A%E3%82%93%E8%8D%98%20%E9%B6%B4%E5%B2%A1%E5%B8%82
特別養護老人ホーム温寿荘,特別養護老人ホーム,山形県,鶴岡市,"介護,特別養護老人ホーム,入所",常時介護が必要で在宅生活が難しい方の生活の場となる施設です。入所条件や待機状況を確認します。,http://atumifukusikai.jp,山形県鶴岡市槙代丁53番地1,0235-43-2351,厚生労働省オープンデータ,https://www.mhlw.go.jp/content/12300000/jigyosho_510.csv,2025-12末,https://www.google.com/search?q=%E7%89%B9%E5%88%A5%E9%A4%8A%E8%AD%B7%E8%80%81%E4%BA%BA%E3%83%9B%E3%83%BC%E3%83%A0%E6%B8%A9%E5%AF%BF%E8%8D%98%20%E9%B6%B4%E5%B2%A1%E5%B8%82
特別養護老人ホームかみじ荘,特別養護老人ホーム,山形県,鶴岡市,"介護,特別養護老人ホーム,入所",常時介護が必要で在宅生活が難しい方の生活の場となる施設です。入所条件や待機状況を確認します。,https://www.kamiji.or.jp/,山形県鶴岡市羽黒町手向字薬師沢１９８番地３,0235-64-0224,厚生労働省オープンデータ,https://www.mhlw.go.jp/content/12300000/jigyosho_510.csv,2025-12末,https://www.google.com/search?q=%E7%89%B9%E5%88%A5%E9%A4%8A%E8%AD%B7%E8%80%81%E4%BA%BA%E3%83%9B%E3%83%BC%E3%83%A0%E3%81%8B%E3%81%BF%E3%81%98%E8%8D%98%20%E9%B6%B4%E5%B2%A1%E5%B8%82
ユニット型特別養護老人ホームかみじ荘,特別養護老人ホーム,山形県,鶴岡市,"介護,特別養護老人ホーム,入所",常時介護が必要で在宅生活が難しい方の生活の場となる施設です。入所条件や待機状況を確認します。,https://www.kamiji.or.jp/,山形県鶴岡市羽黒町手向字薬師沢１９８番地３,0235-64-0224,厚生労働省オープンデータ,https://www.mhlw.go.jp/content/12300000/jigyosho_510.csv,2025-12末,https://www.google.com/search?q=%E3%83%A6%E3%83%8B%E3%83%83%E3%83%88%E5%9E%8B%E7%89%B9%E5%88%A5%E9%A4%8A%E8%AD%B7%E8%80%81%E4%BA%BA%E3%83%9B%E3%83%BC%E3%83%A0%E3%81%8B%E3%81%BF%E3%81%98%E8%8D%98%20%E9%B6%B4%E5%B2%A1%E5%B8%82
特別養護老人ホーム桃寿荘,特別養護老人ホーム,山形県,鶴岡市,"介護,特別養護老人ホーム,入所",常時介護が必要で在宅生活が難しい方の生活の場となる施設です。入所条件や待機状況を確認します。,http://kushibiki-fukujukai.or.jp,山形県鶴岡市たらのき代字桃平123番地,0235-57-3222,厚生労働省オープンデータ,https://www.mhlw.go.jp/content/12300000/jigyosho_510.csv,2025-12末,https://www.google.com/search?q=%E7%89%B9%E5%88%A5%E9%A4%8A%E8%AD%B7%E8%80%81%E4%BA%BA%E3%83%9B%E3%83%BC%E3%83%A0%E6%A1%83%E5%AF%BF%E8%8D%98%20%E9%B6%B4%E5%B2%A1%E5%B8%82
ユニット型特別養護老人ホーム桃寿荘,特別養護老人ホーム,山形県,鶴岡市,"介護,特別養護老人ホーム,入所",常時介護が必要で在宅生活が難しい方の生活の場となる施設です。入所条件や待機状況を確認します。,http://kushibiki-fukujukai.or.jp,山形県鶴岡市たらのき代字桃平123番地,0235-57-3222,厚生労働省オープンデータ,https://www.mhlw.go.jp/content/12300000/jigyosho_510.csv,2025-12末,https://www.google.com/search?q=%E3%83%A6%E3%83%8B%E3%83%83%E3%83%88%E5%9E%8B%E7%89%B9%E5%88%A5%E9%A4%8A%E8%AD%B7%E8%80%81%E4%BA%BA%E3%83%9B%E3%83%BC%E3%83%A0%E6%A1%83%E5%AF%BF%E8%8D%98%20%E9%B6%B4%E5%B2%A1%E5%B8%82
特別養護老人ホーム永寿荘,特別養護老人ホーム,山形県,鶴岡市,"介護,特別養護老人ホーム,入所",常時介護が必要で在宅生活が難しい方の生活の場となる施設です。入所条件や待機状況を確認します。,http://www.keisen-swc.jp,山形県鶴岡市茅原町２８番１０号,0235-25-6111,厚生労働省オープンデータ,https://www.mhlw.go.jp/content/12300000/jigyosho_510.csv,2025-12末,https://www.google.com/search?q=%E7%89%B9%E5%88%A5%E9%A4%8A%E8%AD%B7%E8%80%81%E4%BA%BA%E3%83%9B%E3%83%BC%E3%83%A0%E6%B0%B8%E5%AF%BF%E8%8D%98%20%E9%B6%B4%E5%B2%A1%E5%B8%82
特別養護老人ホーム　ふじの花荘,特別養護老人ホーム,山形県,鶴岡市,"介護,特別養護老人ホーム,入所",常時介護が必要で在宅生活が難しい方の生活の場となる施設です。入所条件や待機状況を確認します。,http://www.fujino-sato.or.jp,山形県鶴岡市藤の花1丁目１８－１,0235-64-5880,厚生労働省オープンデータ,https://www.mhlw.go.jp/content/12300000/jigyosho_510.csv,2025-12末,https://www.google.com/search?q=%E7%89%B9%E5%88%A5%E9%A4%8A%E8%AD%B7%E8%80%81%E4%BA%BA%E3%83%9B%E3%83%BC%E3%83%A0%E3%80%80%E3%81%B5%E3%81%98%E3%81%AE%E8%8A%B1%E8%8D%98%20%E9%B6%B4%E5%B2%A1%E5%B8%82
介護老人福祉施設池幸園,特別養護老人ホーム,山形県,鶴岡市,"介護,特別養護老人ホーム,入所",常時介護が必要で在宅生活が難しい方の生活の場となる施設です。入所条件や待機状況を確認します。,http://ikkoukai.or.jp,山形県鶴岡市美原町4-40,0235-25-2881,厚生労働省オープンデータ,https://www.mhlw.go.jp/content/12300000/jigyosho_510.csv,2025-12末,https://www.google.com/search?q=%E4%BB%8B%E8%AD%B7%E8%80%81%E4%BA%BA%E7%A6%8F%E7%A5%89%E6%96%BD%E8%A8%AD%E6%B1%A0%E5%B9%B8%E5%9C%92%20%E9%B6%B4%E5%B2%A1%E5%B8%82
特別養護老人ホームライフケア黒森,特別養護老人ホーム,山形県,酒田市,"介護,特別養護老人ホーム,入所",常時介護が必要で在宅生活が難しい方の生活の場となる施設です。入所条件や待機状況を確認します。,http://syokaku-lc.com,山形県酒田市黒森字葭葉山54番10,0234-92-3355,厚生労働省オープンデータ,https://www.mhlw.go.jp/content/12300000/jigyosho_510.csv,2025-12末,https://www.google.com/search?q=%E7%89%B9%E5%88%A5%E9%A4%8A%E8%AD%B7%E8%80%81%E4%BA%BA%E3%83%9B%E3%83%BC%E3%83%A0%E3%83%A9%E3%82%A4%E3%83%95%E3%82%B1%E3%82%A2%E9%BB%92%E6%A3%AE%20%E9%85%92%E7%94%B0%E5%B8%82
特別養護老人ホーム幸楽荘,特別養護老人ホーム,山形県,酒田市,"介護,特別養護老人ホーム,入所",常時介護が必要で在宅生活が難しい方の生活の場となる施設です。入所条件や待機状況を確認します。,http://www.kourakusou/.or.jp,山形県酒田市小泉字前田50番地,0234-64-3711,厚生労働省オープンデータ,https://www.mhlw.go.jp/content/12300000/jigyosho_510.csv,2025-12末,https://www.google.com/search?q=%E7%89%B9%E5%88%A5%E9%A4%8A%E8%AD%B7%E8%80%81%E4%BA%BA%E3%83%9B%E3%83%BC%E3%83%A0%E5%B9%B8%E6%A5%BD%E8%8D%98%20%E9%85%92%E7%94%B0%E5%B8%82
特別養護老人ホーム　芙蓉荘,特別養護老人ホーム,山形県,酒田市,"介護,特別養護老人ホーム,入所",常時介護が必要で在宅生活が難しい方の生活の場となる施設です。入所条件や待機状況を確認します。,http://www.koufukai.or.jp,山形県酒田市宮野浦3-20-1,0234-31-2525,厚生労働省オープンデータ,https://www.mhlw.go.jp/content/12300000/jigyosho_510.csv,2025-12末,https://www.google.com/search?q=%E7%89%B9%E5%88%A5%E9%A4%8A%E8%AD%B7%E8%80%81%E4%BA%BA%E3%83%9B%E3%83%BC%E3%83%A0%E3%80%80%E8%8A%99%E8%93%89%E8%8D%98%20%E9%85%92%E7%94%B0%E5%B8%82
特別養護老人ホーム　かたばみ荘,特別養護老人ホーム,山形県,酒田市,"介護,特別養護老人ホーム,入所",常時介護が必要で在宅生活が難しい方の生活の場となる施設です。入所条件や待機状況を確認します。,https://www.katabamisou.jp/,山形県酒田市北千日堂前字松境18番1,0234-35-1451,厚生労働省オープンデータ,https://www.mhlw.go.jp/content/12300000/jigyosho_510.csv,2025-12末,https://www.google.com/search?q=%E7%89%B9%E5%88%A5%E9%A4%8A%E8%AD%B7%E8%80%81%E4%BA%BA%E3%83%9B%E3%83%BC%E3%83%A0%E3%80%80%E3%81%8B%E3%81%9F%E3%81%B0%E3%81%BF%E8%8D%98%20%E9%85%92%E7%94%B0%E5%B8%82
特別養護老人ホーム寿康園,特別養護老人ホーム,山形県,酒田市,"介護,特別養護老人ホーム,入所",常時介護が必要で在宅生活が難しい方の生活の場となる施設です。入所条件や待機状況を確認します。,www.hirata.or.jp/,山形県酒田市楢橋字大柳3番地1,0234-52-3413,厚生労働省オープンデータ,https://www.mhlw.go.jp/content/12300000/jigyosho_510.csv,2025-12末,https://www.google.com/search?q=%E7%89%B9%E5%88%A5%E9%A4%8A%E8%AD%B7%E8%80%81%E4%BA%BA%E3%83%9B%E3%83%BC%E3%83%A0%E5%AF%BF%E5%BA%B7%E5%9C%92%20%E9%85%92%E7%94%B0%E5%B8%82
特別養護老人ホーム寿康園,特別養護老人ホーム,山形県,酒田市,"介護,特別養護老人ホーム,入所",常時介護が必要で在宅生活が難しい方の生活の場となる施設です。入所条件や待機状況を確認します。,www.hirata.or.jp/,山形県酒田市楢橋字大柳３番地１,0234-52-3413,厚生労働省オープンデータ,https://www.mhlw.go.jp/content/12300000/jigyosho_510.csv,2025-12末,https://www.google.com/search?q=%E7%89%B9%E5%88%A5%E9%A4%8A%E8%AD%B7%E8%80%81%E4%BA%BA%E3%83%9B%E3%83%BC%E3%83%A0%E5%AF%BF%E5%BA%B7%E5%9C%92%20%E9%85%92%E7%94%B0%E5%B8%82
特別養護老人ホームさくらホーム広野,特別養護老人ホーム,山形県,酒田市,"介護,特別養護老人ホーム,入所",常時介護が必要で在宅生活が難しい方の生活の場となる施設です。入所条件や待機状況を確認します。,http://www.sakura-welfare.jp/,山形県酒田市広野字末広１０２－１,0234-91-1233,厚生労働省オープンデータ,https://www.mhlw.go.jp/content/12300000/jigyosho_510.csv,2025-12末,https://www.google.com/search?q=%E7%89%B9%E5%88%A5%E9%A4%8A%E8%AD%B7%E8%80%81%E4%BA%BA%E3%83%9B%E3%83%BC%E3%83%A0%E3%81%95%E3%81%8F%E3%82%89%E3%83%9B%E3%83%BC%E3%83%A0%E5%BA%83%E9%87%8E%20%E9%85%92%E7%94%B0%E5%B8%82
特別養護老人ホームさくらホーム,特別養護老人ホーム,山形県,酒田市,"介護,特別養護老人ホーム,入所",常時介護が必要で在宅生活が難しい方の生活の場となる施設です。入所条件や待機状況を確認します。,http://www.sakura-welfare.jp/,山形県酒田市中牧田字丸福171番地,0234-62-2941,厚生労働省オープンデータ,https://www.mhlw.go.jp/content/12300000/jigyosho_510.csv,2025-12末,https://www.google.com/search?q=%E7%89%B9%E5%88%A5%E9%A4%8A%E8%AD%B7%E8%80%81%E4%BA%BA%E3%83%9B%E3%83%BC%E3%83%A0%E3%81%95%E3%81%8F%E3%82%89%E3%83%9B%E3%83%BC%E3%83%A0%20%E9%85%92%E7%94%B0%E5%B8%82
特別養護老人ホーム　サン・シティ,特別養護老人ホーム,山形県,酒田市,"介護,特別養護老人ホーム,入所",常時介護が必要で在宅生活が難しい方の生活の場となる施設です。入所条件や待機状況を確認します。,http://www4.ocn.ne.jp/~suncity,山形県酒田市曙町二丁目26番地の1,0234-26-7788,厚生労働省オープンデータ,https://www.mhlw.go.jp/content/12300000/jigyosho_510.csv,2025-12末,https://www.google.com/search?q=%E7%89%B9%E5%88%A5%E9%A4%8A%E8%AD%B7%E8%80%81%E4%BA%BA%E3%83%9B%E3%83%BC%E3%83%A0%E3%80%80%E3%82%B5%E3%83%B3%E3%83%BB%E3%82%B7%E3%83%86%E3%82%A3%20%E9%85%92%E7%94%B0%E5%B8%82
特別養護老人ホーム　新寿荘,特別養護老人ホーム,山形県,新庄市,"介護,特別養護老人ホーム,入所",常時介護が必要で在宅生活が難しい方の生活の場となる施設です。入所条件や待機状況を確認します。,http://www.shinjyukai.or.jp/,新庄市大字本合海字福田界２６４５番地,0233-26-2316,厚生労働省オープンデータ,https://www.mhlw.go.jp/content/12300000/jigyosho_510.csv,2025-12末,https://www.google.com/search?q=%E7%89%B9%E5%88%A5%E9%A4%8A%E8%AD%B7%E8%80%81%E4%BA%BA%E3%83%9B%E3%83%BC%E3%83%A0%E3%80%80%E6%96%B0%E5%AF%BF%E8%8D%98%20%E6%96%B0%E5%BA%84%E5%B8%82
特別養護老人ホーム「かつろくの里」,特別養護老人ホーム,山形県,新庄市,"介護,特別養護老人ホーム,入所",常時介護が必要で在宅生活が難しい方の生活の場となる施設です。入所条件や待機状況を確認します。,https://katsuroku.jp,山形県新庄市金沢字西ノ山3027-10,0233-28-7870,厚生労働省オープンデータ,https://www.mhlw.go.jp/content/12300000/jigyosho_510.csv,2025-12末,https://www.google.com/search?q=%E7%89%B9%E5%88%A5%E9%A4%8A%E8%AD%B7%E8%80%81%E4%BA%BA%E3%83%9B%E3%83%BC%E3%83%A0%E3%80%8C%E3%81%8B%E3%81%A4%E3%82%8D%E3%81%8F%E3%81%AE%E9%87%8C%E3%80%8D%20%E6%96%B0%E5%BA%84%E5%B8%82
特別養護老人ホーム「かつろくの里」（ユニット型）,特別養護老人ホーム,山形県,新庄市,"介護,特別養護老人ホーム,入所",常時介護が必要で在宅生活が難しい方の生活の場となる施設です。入所条件や待機状況を確認します。,https://www.google.com/search?q=%E7%89%B9%E5%88%A5%E9%A4%8A%E8%AD%B7%E8%80%81%E4%BA%BA%E3%83%9B%E3%83%BC%E3%83%A0%E3%80%8C%E3%81%8B%E3%81%A4%E3%82%8D%E3%81%8F%E3%81%AE%E9%87%8C%E3%80%8D%EF%BC%88%E3%83%A6%E3%83%8B%E3%83%83%E3%83%88%E5%9E%8B%EF%BC%89%20%E6%96%B0%E5%BA%84%E5%B8%82,山形県新庄市金沢字西ノ山3027-10,0233-28-7870,厚生労働省オープンデータ,https://www.mhlw.go.jp/content/12300000/jigyosho_510.csv,2025-12末,https://www.google.com/search?q=%E7%89%B9%E5%88%A5%E9%A4%8A%E8%AD%B7%E8%80%81%E4%BA%BA%E3%83%9B%E3%83%BC%E3%83%A0%E3%80%8C%E3%81%8B%E3%81%A4%E3%82%8D%E3%81%8F%E3%81%AE%E9%87%8C%E3%80%8D%EF%BC%88%E3%83%A6%E3%83%8B%E3%83%83%E3%83%88%E5%9E%8B%EF%BC%89%20%E6%96%B0%E5%BA%84%E5%B8%82
特別養護老人ホーム「みどりの大地」,特別養護老人ホーム,山形県,新庄市,"介護,特別養護老人ホーム,入所",常時介護が必要で在宅生活が難しい方の生活の場となる施設です。入所条件や待機状況を確認します。,ｈｔｔｐｓ：//ｋａｔｓｕｒｏｋｕ.ｊｐ/ｄａｉｃｈｉ.ｈｔｍｌ,山形県新庄市沖の町1-20,0233-32-0535,厚生労働省オープンデータ,https://www.mhlw.go.jp/content/12300000/jigyosho_510.csv,2025-12末,https://www.google.com/search?q=%E7%89%B9%E5%88%A5%E9%A4%8A%E8%AD%B7%E8%80%81%E4%BA%BA%E3%83%9B%E3%83%BC%E3%83%A0%E3%80%8C%E3%81%BF%E3%81%A9%E3%82%8A%E3%81%AE%E5%A4%A7%E5%9C%B0%E3%80%8D%20%E6%96%B0%E5%BA%84%E5%B8%82
特別養護老人ホーム　長生園,特別養護老人ホーム,山形県,寒河江市,"介護,特別養護老人ホーム,入所",常時介護が必要で在宅生活が難しい方の生活の場となる施設です。入所条件や待機状況を確認します。,http://www.chouseien.or.jp,寒河江市大字柴橋２２４６－１,0237-86-8868,厚生労働省オープンデータ,https://www.mhlw.go.jp/content/12300000/jigyosho_510.csv,2025-12末,https://www.google.com/search?q=%E7%89%B9%E5%88%A5%E9%A4%8A%E8%AD%B7%E8%80%81%E4%BA%BA%E3%83%9B%E3%83%BC%E3%83%A0%E3%80%80%E9%95%B7%E7%94%9F%E5%9C%92%20%E5%AF%92%E6%B2%B3%E6%B1%9F%E5%B8%82
ユニット型特別養護老人ホーム長生園,特別養護老人ホーム,山形県,寒河江市,"介護,特別養護老人ホーム,入所",常時介護が必要で在宅生活が難しい方の生活の場となる施設です。入所条件や待機状況を確認します。,https://www.chouseien.or.jp/,山形県寒河江市大字柴橋2246番地の1,0237-86-8868,厚生労働省オープンデータ,https://www.mhlw.go.jp/content/12300000/jigyosho_510.csv,2025-12末,https://www.google.com/search?q=%E3%83%A6%E3%83%8B%E3%83%83%E3%83%88%E5%9E%8B%E7%89%B9%E5%88%A5%E9%A4%8A%E8%AD%B7%E8%80%81%E4%BA%BA%E3%83%9B%E3%83%BC%E3%83%A0%E9%95%B7%E7%94%9F%E5%9C%92%20%E5%AF%92%E6%B2%B3%E6%B1%9F%E5%B8%82
特別養護老人ホームいずみ,特別養護老人ホーム,山形県,寒河江市,"介護,特別養護老人ホーム,入所",常時介護が必要で在宅生活が難しい方の生活の場となる施設です。入所条件や待機状況を確認します。,http://www.sagae-yuuyuukai.org,山形県寒河江市字上河原２４１番地,0237-86-8880,厚生労働省オープンデータ,https://www.mhlw.go.jp/content/12300000/jigyosho_510.csv,2025-12末,https://www.google.com/search?q=%E7%89%B9%E5%88%A5%E9%A4%8A%E8%AD%B7%E8%80%81%E4%BA%BA%E3%83%9B%E3%83%BC%E3%83%A0%E3%81%84%E3%81%9A%E3%81%BF%20%E5%AF%92%E6%B2%B3%E6%B1%9F%E5%B8%82
特別養護老人ホーム　しらいわ,特別養護老人ホーム,山形県,寒河江市,"介護,特別養護老人ホーム,入所",常時介護が必要で在宅生活が難しい方の生活の場となる施設です。入所条件や待機状況を確認します。,https://www.sagae-yuuyuukai.org/,山形県寒河江市大字白岩６３２４番地,0237-87-5111,厚生労働省オープンデータ,https://www.mhlw.go.jp/content/12300000/jigyosho_510.csv,2025-12末,https://www.google.com/search?q=%E7%89%B9%E5%88%A5%E9%A4%8A%E8%AD%B7%E8%80%81%E4%BA%BA%E3%83%9B%E3%83%BC%E3%83%A0%E3%80%80%E3%81%97%E3%82%89%E3%81%84%E3%82%8F%20%E5%AF%92%E6%B2%B3%E6%B1%9F%E5%B8%82
特別養護老人ホーム蓬仙園,特別養護老人ホーム,山形県,上山市,"介護,特別養護老人ホーム,入所",常時介護が必要で在宅生活が難しい方の生活の場となる施設です。入所条件や待機状況を確認します。,http://kaijukai.jp,山形県上山市金谷字藤木2401,023-679-2366,厚生労働省オープンデータ,https://www.mhlw.go.jp/content/12300000/jigyosho_510.csv,2025-12末,https://www.google.com/search?q=%E7%89%B9%E5%88%A5%E9%A4%8A%E8%AD%B7%E8%80%81%E4%BA%BA%E3%83%9B%E3%83%BC%E3%83%A0%E8%93%AC%E4%BB%99%E5%9C%92%20%E4%B8%8A%E5%B1%B1%E5%B8%82
特別養護老人ホームみずほの里,特別養護老人ホーム,山形県,上山市,"介護,特別養護老人ホーム,入所",常時介護が必要で在宅生活が難しい方の生活の場となる施設です。入所条件や待機状況を確認します。,http://miyuki-fukushi.jp/,山形県上山市牧野字清水２１－１,023-674-3388,厚生労働省オープンデータ,https://www.mhlw.go.jp/content/12300000/jigyosho_510.csv,2025-12末,https://www.google.com/search?q=%E7%89%B9%E5%88%A5%E9%A4%8A%E8%AD%B7%E8%80%81%E4%BA%BA%E3%83%9B%E3%83%BC%E3%83%A0%E3%81%BF%E3%81%9A%E3%81%BB%E3%81%AE%E9%87%8C%20%E4%B8%8A%E5%B1%B1%E5%B8%82
特別養護老人ホームひがしざわ,特別養護老人ホーム,山形県,村山市,"介護,特別養護老人ホーム,入所",常時介護が必要で在宅生活が難しい方の生活の場となる施設です。入所条件や待機状況を確認します。,http://kjg-net.jp/,山形県村山市楯岡笛田二丁目１９番５７号,0237-52-1511,厚生労働省オープンデータ,https://www.mhlw.go.jp/content/12300000/jigyosho_510.csv,2025-12末,https://www.google.com/search?q=%E7%89%B9%E5%88%A5%E9%A4%8A%E8%AD%B7%E8%80%81%E4%BA%BA%E3%83%9B%E3%83%BC%E3%83%A0%E3%81%B2%E3%81%8C%E3%81%97%E3%81%96%E3%82%8F%20%E6%9D%91%E5%B1%B1%E5%B8%82
特別養護老人ホームふもと,特別養護老人ホーム,山形県,村山市,"介護,特別養護老人ホーム,入所",常時介護が必要で在宅生活が難しい方の生活の場となる施設です。入所条件や待機状況を確認します。,http://murayama-hikari-kouseikai.jp/,村山市大字湯野沢956番地の3,0237-54-2010,厚生労働省オープンデータ,https://www.mhlw.go.jp/content/12300000/jigyosho_510.csv,2025-12末,https://www.google.com/search?q=%E7%89%B9%E5%88%A5%E9%A4%8A%E8%AD%B7%E8%80%81%E4%BA%BA%E3%83%9B%E3%83%BC%E3%83%A0%E3%81%B5%E3%82%82%E3%81%A8%20%E6%9D%91%E5%B1%B1%E5%B8%82
特別養護老人ホーム慈光園,特別養護老人ホーム,山形県,長井市,"介護,特別養護老人ホーム,入所",常時介護が必要で在宅生活が難しい方の生活の場となる施設です。入所条件や待機状況を確認します。,http://www2.jan.ne.jp/~jikouen1/,山形県長井市小出3453番地,0238-88-2711,厚生労働省オープンデータ,https://www.mhlw.go.jp/content/12300000/jigyosho_510.csv,2025-12末,https://www.google.com/search?q=%E7%89%B9%E5%88%A5%E9%A4%8A%E8%AD%B7%E8%80%81%E4%BA%BA%E3%83%9B%E3%83%BC%E3%83%A0%E6%85%88%E5%85%89%E5%9C%92%20%E9%95%B7%E4%BA%95%E5%B8%82
特別養護老人ホーム寿泉荘,特別養護老人ホーム,山形県,長井市,"介護,特別養護老人ホーム,入所",常時介護が必要で在宅生活が難しい方の生活の場となる施設です。入所条件や待機状況を確認します。,http://www.ysj.or.jp/,長井市今泉１８５７,0238-88-9127,厚生労働省オープンデータ,https://www.mhlw.go.jp/content/12300000/jigyosho_510.csv,2025-12末,https://www.google.com/search?q=%E7%89%B9%E5%88%A5%E9%A4%8A%E8%AD%B7%E8%80%81%E4%BA%BA%E3%83%9B%E3%83%BC%E3%83%A0%E5%AF%BF%E6%B3%89%E8%8D%98%20%E9%95%B7%E4%BA%95%E5%B8%82
特別養護老人ホームあこがれ,特別養護老人ホーム,山形県,天童市,"介護,特別養護老人ホーム,入所",常時介護が必要で在宅生活が難しい方の生活の場となる施設です。入所条件や待機状況を確認します。,https://www.google.com/search?q=%E7%89%B9%E5%88%A5%E9%A4%8A%E8%AD%B7%E8%80%81%E4%BA%BA%E3%83%9B%E3%83%BC%E3%83%A0%E3%81%82%E3%81%93%E3%81%8C%E3%82%8C%20%E5%A4%A9%E7%AB%A5%E5%B8%82,天童市大字荒谷1973番地1345,023-652-2711,厚生労働省オープンデータ,https://www.mhlw.go.jp/content/12300000/jigyosho_510.csv,2025-12末,https://www.google.com/search?q=%E7%89%B9%E5%88%A5%E9%A4%8A%E8%AD%B7%E8%80%81%E4%BA%BA%E3%83%9B%E3%83%BC%E3%83%A0%E3%81%82%E3%81%93%E3%81%8C%E3%82%8C%20%E5%A4%A9%E7%AB%A5%E5%B8%82
特別養護老人ホーム清幸園,特別養護老人ホーム,山形県,天童市,"介護,特別養護老人ホーム,入所",常時介護が必要で在宅生活が難しい方の生活の場となる施設です。入所条件や待機状況を確認します。,https://www.tendo-seikouen.org/,天童市大清水４９１番地１,023-651-3325,厚生労働省オープンデータ,https://www.mhlw.go.jp/content/12300000/jigyosho_510.csv,2025-12末,https://www.google.com/search?q=%E7%89%B9%E5%88%A5%E9%A4%8A%E8%AD%B7%E8%80%81%E4%BA%BA%E3%83%9B%E3%83%BC%E3%83%A0%E6%B8%85%E5%B9%B8%E5%9C%92%20%E5%A4%A9%E7%AB%A5%E5%B8%82
特別養護老人ホーム明幸園,特別養護老人ホーム,山形県,天童市,"介護,特別養護老人ホーム,入所",常時介護が必要で在宅生活が難しい方の生活の場となる施設です。入所条件や待機状況を確認します。,http://www.meikouen.or.jp,山形県天童市大字矢野目150番地,023-653-3071,厚生労働省オープンデータ,https://www.mhlw.go.jp/content/12300000/jigyosho_510.csv,2025-12末,https://www.google.com/search?q=%E7%89%B9%E5%88%A5%E9%A4%8A%E8%AD%B7%E8%80%81%E4%BA%BA%E3%83%9B%E3%83%BC%E3%83%A0%E6%98%8E%E5%B9%B8%E5%9C%92%20%E5%A4%A9%E7%AB%A5%E5%B8%82
特別養護老人ホームさくらホーム天童,特別養護老人ホーム,山形県,天童市,"介護,特別養護老人ホーム,入所",常時介護が必要で在宅生活が難しい方の生活の場となる施設です。入所条件や待機状況を確認します。,http://www.sakura-welfare.jp/,山形県天童市芳賀タウン南四丁目8番3号,023-651-8733,厚生労働省オープンデータ,https://www.mhlw.go.jp/content/12300000/jigyosho_510.csv,2025-12末,https://www.google.com/search?q=%E7%89%B9%E5%88%A5%E9%A4%8A%E8%AD%B7%E8%80%81%E4%BA%BA%E3%83%9B%E3%83%BC%E3%83%A0%E3%81%95%E3%81%8F%E3%82%89%E3%83%9B%E3%83%BC%E3%83%A0%E5%A4%A9%E7%AB%A5%20%E5%A4%A9%E7%AB%A5%E5%B8%82
特別養護老人ホームおさなぎ,特別養護老人ホーム,山形県,東根市,"介護,特別養護老人ホーム,入所",常時介護が必要で在宅生活が難しい方の生活の場となる施設です。入所条件や待機状況を確認します。,https://ims-tohoku.com>osanagi,山形県東根市中島通り一丁目25号,0237-47-1234,厚生労働省オープンデータ,https://www.mhlw.go.jp/content/12300000/jigyosho_510.csv,2025-12末,https://www.google.com/search?q=%E7%89%B9%E5%88%A5%E9%A4%8A%E8%AD%B7%E8%80%81%E4%BA%BA%E3%83%9B%E3%83%BC%E3%83%A0%E3%81%8A%E3%81%95%E3%81%AA%E3%81%8E%20%E6%9D%B1%E6%A0%B9%E5%B8%82
特別養護老人ホーム第二白水荘,特別養護老人ホーム,山形県,東根市,"介護,特別養護老人ホーム,入所",常時介護が必要で在宅生活が難しい方の生活の場となる施設です。入所条件や待機状況を確認します。,http://www.higashine-fukushikai.org,東根市大字蟹沢897-1,0237-41-1121,厚生労働省オープンデータ,https://www.mhlw.go.jp/content/12300000/jigyosho_510.csv,2025-12末,https://www.google.com/search?q=%E7%89%B9%E5%88%A5%E9%A4%8A%E8%AD%B7%E8%80%81%E4%BA%BA%E3%83%9B%E3%83%BC%E3%83%A0%E7%AC%AC%E4%BA%8C%E7%99%BD%E6%B0%B4%E8%8D%98%20%E6%9D%B1%E6%A0%B9%E5%B8%82
特別養護老人ホーム白水荘,特別養護老人ホーム,山形県,東根市,"介護,特別養護老人ホーム,入所",常時介護が必要で在宅生活が難しい方の生活の場となる施設です。入所条件や待機状況を確認します。,http://www.higashine-fukushikai.org,山形県東根市大字野川2074番地の99,0237-44-2366,厚生労働省オープンデータ,https://www.mhlw.go.jp/content/12300000/jigyosho_510.csv,2025-12末,https://www.google.com/search?q=%E7%89%B9%E5%88%A5%E9%A4%8A%E8%AD%B7%E8%80%81%E4%BA%BA%E3%83%9B%E3%83%BC%E3%83%A0%E7%99%BD%E6%B0%B4%E8%8D%98%20%E6%9D%B1%E6%A0%B9%E5%B8%82
特別養護老人ホームソーレ東根,特別養護老人ホーム,山形県,東根市,"介護,特別養護老人ホーム,入所",常時介護が必要で在宅生活が難しい方の生活の場となる施設です。入所条件や待機状況を確認します。,https://taiyo-fukushikai.jp/,山形県東根市温泉町二丁目５番３－５号,0237-53-8800,厚生労働省オープンデータ,https://www.mhlw.go.jp/content/12300000/jigyosho_510.csv,2025-12末,https://www.google.com/search?q=%E7%89%B9%E5%88%A5%E9%A4%8A%E8%AD%B7%E8%80%81%E4%BA%BA%E3%83%9B%E3%83%BC%E3%83%A0%E3%82%BD%E3%83%BC%E3%83%AC%E6%9D%B1%E6%A0%B9%20%E6%9D%B1%E6%A0%B9%E5%B8%82
特別養護老人ホームおおとみ,特別養護老人ホーム,山形県,東根市,"介護,特別養護老人ホーム,入所",常時介護が必要で在宅生活が難しい方の生活の場となる施設です。入所条件や待機状況を確認します。,http://utoria-kai.com/,山形県東根市大字羽入2072番地1,0237-531250,厚生労働省オープンデータ,https://www.mhlw.go.jp/content/12300000/jigyosho_510.csv,2025-12末,https://www.google.com/search?q=%E7%89%B9%E5%88%A5%E9%A4%8A%E8%AD%B7%E8%80%81%E4%BA%BA%E3%83%9B%E3%83%BC%E3%83%A0%E3%81%8A%E3%81%8A%E3%81%A8%E3%81%BF%20%E6%9D%B1%E6%A0%B9%E5%B8%82
特別養護老人ホームおばなざわ,特別養護老人ホーム,山形県,尾花沢市,"介護,特別養護老人ホーム,入所",常時介護が必要で在宅生活が難しい方の生活の場となる施設です。入所条件や待機状況を確認します。,http://kjg-net.jp/index.php,山形県尾花沢市大字五十沢186番地,0237-23-3030,厚生労働省オープンデータ,https://www.mhlw.go.jp/content/12300000/jigyosho_510.csv,2025-12末,https://www.google.com/search?q=%E7%89%B9%E5%88%A5%E9%A4%8A%E8%AD%B7%E8%80%81%E4%BA%BA%E3%83%9B%E3%83%BC%E3%83%A0%E3%81%8A%E3%81%B0%E3%81%AA%E3%81%96%E3%82%8F%20%E5%B0%BE%E8%8A%B1%E6%B2%A2%E5%B8%82
特別養護老人ホーム長寿園,特別養護老人ホーム,山形県,尾花沢市,"介護,特別養護老人ホーム,入所",常時介護が必要で在宅生活が難しい方の生活の場となる施設です。入所条件や待機状況を確認します。,http://www.tokurakai.jp/,尾花沢市新町三丁目２番２１号,0237-22-1325,厚生労働省オープンデータ,https://www.mhlw.go.jp/content/12300000/jigyosho_510.csv,2025-12末,https://www.google.com/search?q=%E7%89%B9%E5%88%A5%E9%A4%8A%E8%AD%B7%E8%80%81%E4%BA%BA%E3%83%9B%E3%83%BC%E3%83%A0%E9%95%B7%E5%AF%BF%E5%9C%92%20%E5%B0%BE%E8%8A%B1%E6%B2%A2%E5%B8%82
特別養護老人ホーム　よつば荘,特別養護老人ホーム,山形県,尾花沢市,"介護,特別養護老人ホーム,入所",常時介護が必要で在宅生活が難しい方の生活の場となる施設です。入所条件や待機状況を確認します。,https://www.yotsubasou-kaigo.com,山形県尾花沢市大字荻袋１２８７番地２０,0237-24-3678,厚生労働省オープンデータ,https://www.mhlw.go.jp/content/12300000/jigyosho_510.csv,2025-12末,https://www.google.com/search?q=%E7%89%B9%E5%88%A5%E9%A4%8A%E8%AD%B7%E8%80%81%E4%BA%BA%E3%83%9B%E3%83%BC%E3%83%A0%E3%80%80%E3%82%88%E3%81%A4%E3%81%B0%E8%8D%98%20%E5%B0%BE%E8%8A%B1%E6%B2%A2%E5%B8%82
特別養護老人ホームこぶし荘,特別養護老人ホーム,山形県,南陽市,"介護,特別養護老人ホーム,入所",常時介護が必要で在宅生活が難しい方の生活の場となる施設です。入所条件や待機状況を確認します。,http://www.kobushiso.jp/,山形県南陽市川樋508番地,0238-49-2800,厚生労働省オープンデータ,https://www.mhlw.go.jp/content/12300000/jigyosho_510.csv,2025-12末,https://www.google.com/search?q=%E7%89%B9%E5%88%A5%E9%A4%8A%E8%AD%B7%E8%80%81%E4%BA%BA%E3%83%9B%E3%83%BC%E3%83%A0%E3%81%93%E3%81%B6%E3%81%97%E8%8D%98%20%E5%8D%97%E9%99%BD%E5%B8%82
特別養護老人ホーム太陽の里ふたば,特別養護老人ホーム,山形県,南陽市,"介護,特別養護老人ホーム,入所",常時介護が必要で在宅生活が難しい方の生活の場となる施設です。入所条件や待機状況を確認します。,http://futaba-nanyo.sakura.ne.jp,山形県南陽市宮内２３８１番地,0238-59-4333,厚生労働省オープンデータ,https://www.mhlw.go.jp/content/12300000/jigyosho_510.csv,2025-12末,https://www.google.com/search?q=%E7%89%B9%E5%88%A5%E9%A4%8A%E8%AD%B7%E8%80%81%E4%BA%BA%E3%83%9B%E3%83%BC%E3%83%A0%E5%A4%AA%E9%99%BD%E3%81%AE%E9%87%8C%E3%81%B5%E3%81%9F%E3%81%B0%20%E5%8D%97%E9%99%BD%E5%B8%82
指定介護老人福祉施設やまのべ荘,特別養護老人ホーム,山形県,山辺町,"介護,特別養護老人ホーム,入所",常時介護が必要で在宅生活が難しい方の生活の場となる施設です。入所条件や待機状況を確認します。,http://www.yamagata-saiseikai.org,山形県東村山郡山辺町大字大塚８１４番地２,023-665-7891,厚生労働省オープンデータ,https://www.mhlw.go.jp/content/12300000/jigyosho_510.csv,2025-12末,https://www.google.com/search?q=%E6%8C%87%E5%AE%9A%E4%BB%8B%E8%AD%B7%E8%80%81%E4%BA%BA%E7%A6%8F%E7%A5%89%E6%96%BD%E8%A8%AD%E3%82%84%E3%81%BE%E3%81%AE%E3%81%B9%E8%8D%98%20%E5%B1%B1%E8%BE%BA%E7%94%BA
中山ひまわり荘指定介護老人福祉施設,特別養護老人ホーム,山形県,中山町,"介護,特別養護老人ホーム,入所",常時介護が必要で在宅生活が難しい方の生活の場となる施設です。入所条件や待機状況を確認します。,https://www.google.com/search?q=%E4%B8%AD%E5%B1%B1%E3%81%B2%E3%81%BE%E3%82%8F%E3%82%8A%E8%8D%98%E6%8C%87%E5%AE%9A%E4%BB%8B%E8%AD%B7%E8%80%81%E4%BA%BA%E7%A6%8F%E7%A5%89%E6%96%BD%E8%A8%AD%20%E4%B8%AD%E5%B1%B1%E7%94%BA,山形県東村山郡中山町大字柳沢2333番地,023-662-6633,厚生労働省オープンデータ,https://www.mhlw.go.jp/content/12300000/jigyosho_510.csv,2025-12末,https://www.google.com/search?q=%E4%B8%AD%E5%B1%B1%E3%81%B2%E3%81%BE%E3%82%8F%E3%82%8A%E8%8D%98%E6%8C%87%E5%AE%9A%E4%BB%8B%E8%AD%B7%E8%80%81%E4%BA%BA%E7%A6%8F%E7%A5%89%E6%96%BD%E8%A8%AD%20%E4%B8%AD%E5%B1%B1%E7%94%BA
特別養護老人ホーム眺葉園,特別養護老人ホーム,山形県,河北町,"介護,特別養護老人ホーム,入所",常時介護が必要で在宅生活が難しい方の生活の場となる施設です。入所条件や待機状況を確認します。,http://www.tyoyoen.jp,山形県西村山郡河北町谷地字東680番地,0237-73-3890,厚生労働省オープンデータ,https://www.mhlw.go.jp/content/12300000/jigyosho_510.csv,2025-12末,https://www.google.com/search?q=%E7%89%B9%E5%88%A5%E9%A4%8A%E8%AD%B7%E8%80%81%E4%BA%BA%E3%83%9B%E3%83%BC%E3%83%A0%E7%9C%BA%E8%91%89%E5%9C%92%20%E6%B2%B3%E5%8C%97%E7%94%BA
特別養護老人ホーム眺葉園,特別養護老人ホーム,山形県,河北町,"介護,特別養護老人ホーム,入所",常時介護が必要で在宅生活が難しい方の生活の場となる施設です。入所条件や待機状況を確認します。,http://www.tyoyoen.jp,山形県西村山郡河北町谷地字東680番地,0237-73-3890,厚生労働省オープンデータ,https://www.mhlw.go.jp/content/12300000/jigyosho_510.csv,2025-12末,https://www.google.com/search?q=%E7%89%B9%E5%88%A5%E9%A4%8A%E8%AD%B7%E8%80%81%E4%BA%BA%E3%83%9B%E3%83%BC%E3%83%A0%E7%9C%BA%E8%91%89%E5%9C%92%20%E6%B2%B3%E5%8C%97%E7%94%BA
特別養護老人ホームケアハイツ西川,特別養護老人ホーム,山形県,西川町,"介護,特別養護老人ホーム,入所",常時介護が必要で在宅生活が難しい方の生活の場となる施設です。入所条件や待機状況を確認します。,https://care-h-n.or.jp/,山形県西村山郡西川町大字海味548,0237-74-4065,厚生労働省オープンデータ,https://www.mhlw.go.jp/content/12300000/jigyosho_510.csv,2025-12末,https://www.google.com/search?q=%E7%89%B9%E5%88%A5%E9%A4%8A%E8%AD%B7%E8%80%81%E4%BA%BA%E3%83%9B%E3%83%BC%E3%83%A0%E3%82%B1%E3%82%A2%E3%83%8F%E3%82%A4%E3%83%84%E8%A5%BF%E5%B7%9D%20%E8%A5%BF%E5%B7%9D%E7%94%BA
盲特別養護老人ホーム　和合荘,特別養護老人ホーム,山形県,朝日町,"介護,特別養護老人ホーム,入所",常時介護が必要で在宅生活が難しい方の生活の場となる施設です。入所条件や待機状況を確認します。,https://wagousou.jp,山形県西村山郡朝日町大字和合422番地1,0237-85-1672,厚生労働省オープンデータ,https://www.mhlw.go.jp/content/12300000/jigyosho_510.csv,2025-12末,https://www.google.com/search?q=%E7%9B%B2%E7%89%B9%E5%88%A5%E9%A4%8A%E8%AD%B7%E8%80%81%E4%BA%BA%E3%83%9B%E3%83%BC%E3%83%A0%E3%80%80%E5%92%8C%E5%90%88%E8%8D%98%20%E6%9C%9D%E6%97%A5%E7%94%BA
特別養護老人ホームふれあい荘,特別養護老人ホーム,山形県,朝日町,"介護,特別養護老人ホーム,入所",常時介護が必要で在宅生活が難しい方の生活の場となる施設です。入所条件や待機状況を確認します。,https://.fureaiso.or.jp,山形県西村山郡朝日町大字四ノ沢870,0237-67-3701,厚生労働省オープンデータ,https://www.mhlw.go.jp/content/12300000/jigyosho_510.csv,2025-12末,https://www.google.com/search?q=%E7%89%B9%E5%88%A5%E9%A4%8A%E8%AD%B7%E8%80%81%E4%BA%BA%E3%83%9B%E3%83%BC%E3%83%A0%E3%81%B5%E3%82%8C%E3%81%82%E3%81%84%E8%8D%98%20%E6%9C%9D%E6%97%A5%E7%94%BA
特別養護老人ホームらふらんす大江,特別養護老人ホーム,山形県,大江町,"介護,特別養護老人ホーム,入所",常時介護が必要で在宅生活が難しい方の生活の場となる施設です。入所条件や待機状況を確認します。,http://care-net.biz/06/lafrance-ooe/,山形県西村山郡大江町大字左沢１２７７番地,0237-83-4800,厚生労働省オープンデータ,https://www.mhlw.go.jp/content/12300000/jigyosho_510.csv,2025-12末,https://www.google.com/search?q=%E7%89%B9%E5%88%A5%E9%A4%8A%E8%AD%B7%E8%80%81%E4%BA%BA%E3%83%9B%E3%83%BC%E3%83%A0%E3%82%89%E3%81%B5%E3%82%89%E3%82%93%E3%81%99%E5%A4%A7%E6%B1%9F%20%E5%A4%A7%E6%B1%9F%E7%94%BA
特別養護老人ホーム大寿荘,特別養護老人ホーム,山形県,大江町,"介護,特別養護老人ホーム,入所",常時介護が必要で在宅生活が難しい方の生活の場となる施設です。入所条件や待機状況を確認します。,https://www.ysj.or.jp,山形県西村山郡大江町大字藤田８３９－１,0237-62-4328,厚生労働省オープンデータ,https://www.mhlw.go.jp/content/12300000/jigyosho_510.csv,2025-12末,https://www.google.com/search?q=%E7%89%B9%E5%88%A5%E9%A4%8A%E8%AD%B7%E8%80%81%E4%BA%BA%E3%83%9B%E3%83%BC%E3%83%A0%E5%A4%A7%E5%AF%BF%E8%8D%98%20%E5%A4%A7%E6%B1%9F%E7%94%BA
特別養護老人ホーム仁風荘,特別養護老人ホーム,山形県,大石田町,"介護,特別養護老人ホーム,入所",常時介護が必要で在宅生活が難しい方の生活の場となる施設です。入所条件や待機状況を確認します。,https://keitenkai.or.jp,山形県北村山郡大石田町大字大石田甲574番地,0237-35-2126,厚生労働省オープンデータ,https://www.mhlw.go.jp/content/12300000/jigyosho_510.csv,2025-12末,https://www.google.com/search?q=%E7%89%B9%E5%88%A5%E9%A4%8A%E8%AD%B7%E8%80%81%E4%BA%BA%E3%83%9B%E3%83%BC%E3%83%A0%E4%BB%81%E9%A2%A8%E8%8D%98%20%E5%A4%A7%E7%9F%B3%E7%94%B0%E7%94%BA
特別養護老人ホーム第二仁風荘,特別養護老人ホーム,山形県,大石田町,"介護,特別養護老人ホーム,入所",常時介護が必要で在宅生活が難しい方の生活の場となる施設です。入所条件や待機状況を確認します。,https://keitennkai.or.jp,山形県北村山郡大石田町大字大石田甲574,0237-35-2126,厚生労働省オープンデータ,https://www.mhlw.go.jp/content/12300000/jigyosho_510.csv,2025-12末,https://www.google.com/search?q=%E7%89%B9%E5%88%A5%E9%A4%8A%E8%AD%B7%E8%80%81%E4%BA%BA%E3%83%9B%E3%83%BC%E3%83%A0%E7%AC%AC%E4%BA%8C%E4%BB%81%E9%A2%A8%E8%8D%98%20%E5%A4%A7%E7%9F%B3%E7%94%B0%E7%94%BA
特別養護老人ホーム「みすぎ荘」,特別養護老人ホーム,山形県,金山町,"介護,特別養護老人ホーム,入所",常時介護が必要で在宅生活が難しい方の生活の場となる施設です。入所条件や待機状況を確認します。,https://www.kaneyamakouseikai.or.jp/,山形県最上郡金山町大字金山字荒屋829番地1,0233-52-3300,厚生労働省オープンデータ,https://www.mhlw.go.jp/content/12300000/jigyosho_510.csv,2025-12末,https://www.google.com/search?q=%E7%89%B9%E5%88%A5%E9%A4%8A%E8%AD%B7%E8%80%81%E4%BA%BA%E3%83%9B%E3%83%BC%E3%83%A0%E3%80%8C%E3%81%BF%E3%81%99%E3%81%8E%E8%8D%98%E3%80%8D%20%E9%87%91%E5%B1%B1%E7%94%BA
特別養護老人ホーム　紅梅荘,特別養護老人ホーム,山形県,最上町,"介護,特別養護老人ホーム,入所",常時介護が必要で在宅生活が難しい方の生活の場となる施設です。入所条件や待機状況を確認します。,http://www.koubaisou.or.jp/,山形県最上郡最上町大字向町73番地の3,0233-43-3661,厚生労働省オープンデータ,https://www.mhlw.go.jp/content/12300000/jigyosho_510.csv,2025-12末,https://www.google.com/search?q=%E7%89%B9%E5%88%A5%E9%A4%8A%E8%AD%B7%E8%80%81%E4%BA%BA%E3%83%9B%E3%83%BC%E3%83%A0%E3%80%80%E7%B4%85%E6%A2%85%E8%8D%98%20%E6%9C%80%E4%B8%8A%E7%94%BA
特別養護老人ホーム紅梅荘（ユニット型）,特別養護老人ホーム,山形県,最上町,"介護,特別養護老人ホーム,入所",常時介護が必要で在宅生活が難しい方の生活の場となる施設です。入所条件や待機状況を確認します。,http://www.koubaisou.or.jp/index.php,山形県最上郡最上町大字向町73-3,0233-43-3661,厚生労働省オープンデータ,https://www.mhlw.go.jp/content/12300000/jigyosho_510.csv,2025-12末,https://www.google.com/search?q=%E7%89%B9%E5%88%A5%E9%A4%8A%E8%AD%B7%E8%80%81%E4%BA%BA%E3%83%9B%E3%83%BC%E3%83%A0%E7%B4%85%E6%A2%85%E8%8D%98%EF%BC%88%E3%83%A6%E3%83%8B%E3%83%83%E3%83%88%E5%9E%8B%EF%BC%89%20%E6%9C%80%E4%B8%8A%E7%94%BA
特別養護老人ホーム　えんじゅ荘,特別養護老人ホーム,山形県,舟形町,"介護,特別養護老人ホーム,入所",常時介護が必要で在宅生活が難しい方の生活の場となる施設です。入所条件や待機状況を確認します。,http://shuwakai.jp/,山形県最上郡舟形町長者原1712－1,0233-32-3550,厚生労働省オープンデータ,https://www.mhlw.go.jp/content/12300000/jigyosho_510.csv,2025-12末,https://www.google.com/search?q=%E7%89%B9%E5%88%A5%E9%A4%8A%E8%AD%B7%E8%80%81%E4%BA%BA%E3%83%9B%E3%83%BC%E3%83%A0%E3%80%80%E3%81%88%E3%82%93%E3%81%98%E3%82%85%E8%8D%98%20%E8%88%9F%E5%BD%A2%E7%94%BA
特別養護老人ホーム「悠悠」,特別養護老人ホーム,山形県,真室川町,"介護,特別養護老人ホーム,入所",常時介護が必要で在宅生活が難しい方の生活の場となる施設です。入所条件や待機状況を確認します。,https://www.google.com/search?q=%E7%89%B9%E5%88%A5%E9%A4%8A%E8%AD%B7%E8%80%81%E4%BA%BA%E3%83%9B%E3%83%BC%E3%83%A0%E3%80%8C%E6%82%A0%E6%82%A0%E3%80%8D%20%E7%9C%9F%E5%AE%A4%E5%B7%9D%E7%94%BA,山形県最上郡真室川町大字新町４６９番５,0233-62-3431,厚生労働省オープンデータ,https://www.mhlw.go.jp/content/12300000/jigyosho_510.csv,2025-12末,https://www.google.com/search?q=%E7%89%B9%E5%88%A5%E9%A4%8A%E8%AD%B7%E8%80%81%E4%BA%BA%E3%83%9B%E3%83%BC%E3%83%A0%E3%80%8C%E6%82%A0%E6%82%A0%E3%80%8D%20%E7%9C%9F%E5%AE%A4%E5%B7%9D%E7%94%BA
特別養護老人ホーム福寿荘,特別養護老人ホーム,山形県,真室川町,"介護,特別養護老人ホーム,入所",常時介護が必要で在宅生活が難しい方の生活の場となる施設です。入所条件や待機状況を確認します。,https://www.google.com/search?q=%E7%89%B9%E5%88%A5%E9%A4%8A%E8%AD%B7%E8%80%81%E4%BA%BA%E3%83%9B%E3%83%BC%E3%83%A0%E7%A6%8F%E5%AF%BF%E8%8D%98%20%E7%9C%9F%E5%AE%A4%E5%B7%9D%E7%94%BA,山形県最上郡真室川町大字木ノ下1101番１,0233-62-2396,厚生労働省オープンデータ,https://www.mhlw.go.jp/content/12300000/jigyosho_510.csv,2025-12末,https://www.google.com/search?q=%E7%89%B9%E5%88%A5%E9%A4%8A%E8%AD%B7%E8%80%81%E4%BA%BA%E3%83%9B%E3%83%BC%E3%83%A0%E7%A6%8F%E5%AF%BF%E8%8D%98%20%E7%9C%9F%E5%AE%A4%E5%B7%9D%E7%94%BA
特別養護老人ホーム　翠明荘,特別養護老人ホーム,山形県,大蔵村,"介護,特別養護老人ホーム,入所",常時介護が必要で在宅生活が難しい方の生活の場となる施設です。入所条件や待機状況を確認します。,https://www.suimeisou.net,山形県最上郡大蔵村大字清水3137番地60,0233-75-2601,厚生労働省オープンデータ,https://www.mhlw.go.jp/content/12300000/jigyosho_510.csv,2025-12末,https://www.google.com/search?q=%E7%89%B9%E5%88%A5%E9%A4%8A%E8%AD%B7%E8%80%81%E4%BA%BA%E3%83%9B%E3%83%BC%E3%83%A0%E3%80%80%E7%BF%A0%E6%98%8E%E8%8D%98%20%E5%A4%A7%E8%94%B5%E6%9D%91
特別養護老人ホームひめゆり荘,特別養護老人ホーム,山形県,鮭川村,"介護,特別養護老人ホーム,入所",常時介護が必要で在宅生活が難しい方の生活の場となる施設です。入所条件や待機状況を確認します。,https://www.google.com/search?q=%E7%89%B9%E5%88%A5%E9%A4%8A%E8%AD%B7%E8%80%81%E4%BA%BA%E3%83%9B%E3%83%BC%E3%83%A0%E3%81%B2%E3%82%81%E3%82%86%E3%82%8A%E8%8D%98%20%E9%AE%AD%E5%B7%9D%E6%9D%91,山形県最上郡鮭川村大字石名坂５８９番７,0233-55-3480,厚生労働省オープンデータ,https://www.mhlw.go.jp/content/12300000/jigyosho_510.csv,2025-12末,https://www.google.com/search?q=%E7%89%B9%E5%88%A5%E9%A4%8A%E8%AD%B7%E8%80%81%E4%BA%BA%E3%83%9B%E3%83%BC%E3%83%A0%E3%81%B2%E3%82%81%E3%82%86%E3%82%8A%E8%8D%98%20%E9%AE%AD%E5%B7%9D%E6%9D%91
特別養護老人ホ－ム　まごころ荘,特別養護老人ホーム,山形県,戸沢村,"介護,特別養護老人ホーム,入所",常時介護が必要で在宅生活が難しい方の生活の場となる施設です。入所条件や待機状況を確認します。,http://www.seiryu-magokoro.or.jp/,山形県最上郡戸沢村大字蔵岡２７５９番地,0233-34-7011,厚生労働省オープンデータ,https://www.mhlw.go.jp/content/12300000/jigyosho_510.csv,2025-12末,https://www.google.com/search?q=%E7%89%B9%E5%88%A5%E9%A4%8A%E8%AD%B7%E8%80%81%E4%BA%BA%E3%83%9B%EF%BC%8D%E3%83%A0%E3%80%80%E3%81%BE%E3%81%94%E3%81%93%E3%82%8D%E8%8D%98%20%E6%88%B8%E6%B2%A2%E6%9D%91
特別養護老人ホーム　はとみね荘,特別養護老人ホーム,山形県,高畠町,"介護,特別養護老人ホーム,入所",常時介護が必要で在宅生活が難しい方の生活の場となる施設です。入所条件や待機状況を確認します。,http://www.shoufukai.net/,山形県東置賜郡高畠町大字高畠303番地,0238-51-0001,厚生労働省オープンデータ,https://www.mhlw.go.jp/content/12300000/jigyosho_510.csv,2025-12末,https://www.google.com/search?q=%E7%89%B9%E5%88%A5%E9%A4%8A%E8%AD%B7%E8%80%81%E4%BA%BA%E3%83%9B%E3%83%BC%E3%83%A0%E3%80%80%E3%81%AF%E3%81%A8%E3%81%BF%E3%81%AD%E8%8D%98%20%E9%AB%98%E7%95%A0%E7%94%BA
特別養護老人ホーム　たかはた荘,特別養護老人ホーム,山形県,高畠町,"介護,特別養護老人ホーム,入所",常時介護が必要で在宅生活が難しい方の生活の場となる施設です。入所条件や待機状況を確認します。,http://www.shoufukai.net/,山形県東置賜郡高畠町大字高畠３０３番地の１,0238-52-5550,厚生労働省オープンデータ,https://www.mhlw.go.jp/content/12300000/jigyosho_510.csv,2025-12末,https://www.google.com/search?q=%E7%89%B9%E5%88%A5%E9%A4%8A%E8%AD%B7%E8%80%81%E4%BA%BA%E3%83%9B%E3%83%BC%E3%83%A0%E3%80%80%E3%81%9F%E3%81%8B%E3%81%AF%E3%81%9F%E8%8D%98%20%E9%AB%98%E7%95%A0%E7%94%BA
特別養護老人ホームまほろば荘,特別養護老人ホーム,山形県,高畠町,"介護,特別養護老人ホーム,入所",常時介護が必要で在宅生活が難しい方の生活の場となる施設です。入所条件や待機状況を確認します。,https://www.shoufukai.net/,山形県東置賜郡高畠町大字福沢705-1,0238-57-5000,厚生労働省オープンデータ,https://www.mhlw.go.jp/content/12300000/jigyosho_510.csv,2025-12末,https://www.google.com/search?q=%E7%89%B9%E5%88%A5%E9%A4%8A%E8%AD%B7%E8%80%81%E4%BA%BA%E3%83%9B%E3%83%BC%E3%83%A0%E3%81%BE%E3%81%BB%E3%82%8D%E3%81%B0%E8%8D%98%20%E9%AB%98%E7%95%A0%E7%94%BA
特別養護老人ホームそよ風の森,特別養護老人ホーム,山形県,川西町,"介護,特別養護老人ホーム,入所",常時介護が必要で在宅生活が難しい方の生活の場となる施設です。入所条件や待機状況を確認します。,https://soyokazenomori.jp/,山形県東置賜郡川西町大字時田　1417番地特別養護老人ホーム　　そよ風の森,0238-46-2121,厚生労働省オープンデータ,https://www.mhlw.go.jp/content/12300000/jigyosho_510.csv,2025-12末,https://www.google.com/search?q=%E7%89%B9%E5%88%A5%E9%A4%8A%E8%AD%B7%E8%80%81%E4%BA%BA%E3%83%9B%E3%83%BC%E3%83%A0%E3%81%9D%E3%82%88%E9%A2%A8%E3%81%AE%E6%A3%AE%20%E5%B7%9D%E8%A5%BF%E7%94%BA
特別養護老人ホームさいわい荘,特別養護老人ホーム,山形県,小国町,"介護,特別養護老人ホーム,入所",常時介護が必要で在宅生活が難しい方の生活の場となる施設です。入所条件や待機状況を確認します。,https://saiwaiso.jp/,山形県西置賜郡小国町大字岩井沢563番地1,0238-62-3821,厚生労働省オープンデータ,https://www.mhlw.go.jp/content/12300000/jigyosho_510.csv,2025-12末,https://www.google.com/search?q=%E7%89%B9%E5%88%A5%E9%A4%8A%E8%AD%B7%E8%80%81%E4%BA%BA%E3%83%9B%E3%83%BC%E3%83%A0%E3%81%95%E3%81%84%E3%82%8F%E3%81%84%E8%8D%98%20%E5%B0%8F%E5%9B%BD%E7%94%BA
特別養護老人ホーム白光園,特別養護老人ホーム,山形県,白鷹町,"介護,特別養護老人ホーム,入所",常時介護が必要で在宅生活が難しい方の生活の場となる施設です。入所条件や待機状況を確認します。,http://www.shirafuku.jp/,山形県西置賜郡白鷹町大字鮎貝１０８番地,0238-85-1511,厚生労働省オープンデータ,https://www.mhlw.go.jp/content/12300000/jigyosho_510.csv,2025-12末,https://www.google.com/search?q=%E7%89%B9%E5%88%A5%E9%A4%8A%E8%AD%B7%E8%80%81%E4%BA%BA%E3%83%9B%E3%83%BC%E3%83%A0%E7%99%BD%E5%85%89%E5%9C%92%20%E7%99%BD%E9%B7%B9%E7%94%BA
特別養護老人ホームひめさゆり荘,特別養護老人ホーム,山形県,飯豊町,"介護,特別養護老人ホーム,入所",常時介護が必要で在宅生活が難しい方の生活の場となる施設です。入所条件や待機状況を確認します。,http://himesayurisou.jp,山形県西置賜郡飯豊町大字添川3514番地82,0238-74-2011,厚生労働省オープンデータ,https://www.mhlw.go.jp/content/12300000/jigyosho_510.csv,2025-12末,https://www.google.com/search?q=%E7%89%B9%E5%88%A5%E9%A4%8A%E8%AD%B7%E8%80%81%E4%BA%BA%E3%83%9B%E3%83%BC%E3%83%A0%E3%81%B2%E3%82%81%E3%81%95%E3%82%86%E3%82%8A%E8%8D%98%20%E9%A3%AF%E8%B1%8A%E7%94%BA
指定介護老人福祉施設特別養護老人ホームなの花荘,特別養護老人ホーム,山形県,三川町,"介護,特別養護老人ホーム,入所",常時介護が必要で在宅生活が難しい方の生活の場となる施設です。入所条件や待機状況を確認します。,https://www.nanohanaso.or.jp,山形県東田川郡三川町大字横山字堤189番地2,0235-66-4831,厚生労働省オープンデータ,https://www.mhlw.go.jp/content/12300000/jigyosho_510.csv,2025-12末,https://www.google.com/search?q=%E6%8C%87%E5%AE%9A%E4%BB%8B%E8%AD%B7%E8%80%81%E4%BA%BA%E7%A6%8F%E7%A5%89%E6%96%BD%E8%A8%AD%E7%89%B9%E5%88%A5%E9%A4%8A%E8%AD%B7%E8%80%81%E4%BA%BA%E3%83%9B%E3%83%BC%E3%83%A0%E3%81%AA%E3%81%AE%E8%8A%B1%E8%8D%98%20%E4%B8%89%E5%B7%9D%E7%94%BA
特別養護老人ホームソラーナ,特別養護老人ホーム,山形県,庄内町,"介護,特別養護老人ホーム,入所",常時介護が必要で在宅生活が難しい方の生活の場となる施設です。入所条件や待機状況を確認します。,http://www.minori-f.or.jp/,山形県東田川郡庄内町南野字北野100-2,0234-44-2011,厚生労働省オープンデータ,https://www.mhlw.go.jp/content/12300000/jigyosho_510.csv,2025-12末,https://www.google.com/search?q=%E7%89%B9%E5%88%A5%E9%A4%8A%E8%AD%B7%E8%80%81%E4%BA%BA%E3%83%9B%E3%83%BC%E3%83%A0%E3%82%BD%E3%83%A9%E3%83%BC%E3%83%8A%20%E5%BA%84%E5%86%85%E7%94%BA
特別養護老人ホーム山水園,特別養護老人ホーム,山形県,庄内町,"介護,特別養護老人ホーム,入所",常時介護が必要で在宅生活が難しい方の生活の場となる施設です。入所条件や待機状況を確認します。,https://www.tk-kouseikai.or.jp/,山形県東田川郡庄内町狩川字笠山４３３番地３,0234-56-3522,厚生労働省オープンデータ,https://www.mhlw.go.jp/content/12300000/jigyosho_510.csv,2025-12末,https://www.google.com/search?q=%E7%89%B9%E5%88%A5%E9%A4%8A%E8%AD%B7%E8%80%81%E4%BA%BA%E3%83%9B%E3%83%BC%E3%83%A0%E5%B1%B1%E6%B0%B4%E5%9C%92%20%E5%BA%84%E5%86%85%E7%94%BA
特別養護老人ホームゆうすい,特別養護老人ホーム,山形県,遊佐町,"介護,特別養護老人ホーム,入所",常時介護が必要で在宅生活が難しい方の生活の場となる施設です。入所条件や待機状況を確認します。,https://www.yuzakouseikai.or.jp/yusui/,山形県飽海郡遊佐町遊佐字木ノ下2,0234-71-2133,厚生労働省オープンデータ,https://www.mhlw.go.jp/content/12300000/jigyosho_510.csv,2025-12末,https://www.google.com/search?q=%E7%89%B9%E5%88%A5%E9%A4%8A%E8%AD%B7%E8%80%81%E4%BA%BA%E3%83%9B%E3%83%BC%E3%83%A0%E3%82%86%E3%81%86%E3%81%99%E3%81%84%20%E9%81%8A%E4%BD%90%E7%94%BA
特別養護老人ホームゆうすい,特別養護老人ホーム,山形県,遊佐町,"介護,特別養護老人ホーム,入所",常時介護が必要で在宅生活が難しい方の生活の場となる施設です。入所条件や待機状況を確認します。,https://www.yuzakouseikai.or.jp/yusui/,山形県飽海郡遊佐町遊佐字木ノ下2番地,0234-71-2133,厚生労働省オープンデータ,https://www.mhlw.go.jp/content/12300000/jigyosho_510.csv,2025-12末,https://www.google.com/search?q=%E7%89%B9%E5%88%A5%E9%A4%8A%E8%AD%B7%E8%80%81%E4%BA%BA%E3%83%9B%E3%83%BC%E3%83%A0%E3%82%86%E3%81%86%E3%81%99%E3%81%84%20%E9%81%8A%E4%BD%90%E7%94%BA
特別養護老人ホーム　松濤荘,特別養護老人ホーム,山形県,遊佐町,"介護,特別養護老人ホーム,入所",常時介護が必要で在宅生活が難しい方の生活の場となる施設です。入所条件や待機状況を確認します。,http://www.ysj.or.jp/home/matsunami/inndex.html,飽海郡遊佐町菅里字菅野南山７番地１,0234-76-2103,厚生労働省オープンデータ,https://www.mhlw.go.jp/content/12300000/jigyosho_510.csv,2025-12末,https://www.google.com/search?q=%E7%89%B9%E5%88%A5%E9%A4%8A%E8%AD%B7%E8%80%81%E4%BA%BA%E3%83%9B%E3%83%BC%E3%83%A0%E3%80%80%E6%9D%BE%E6%BF%A4%E8%8D%98%20%E9%81%8A%E4%BD%90%E7%94%BA
介護老人保健施設さくらパレス,介護老人保健施設,山形県,山形市,"介護,介護老人保健施設,リハビリ",病院退院後すぐ自宅へ戻るのが不安な場合に、リハビリをしながら在宅復帰を目指す施設です。,https://www.google.com/search?q=%E4%BB%8B%E8%AD%B7%E8%80%81%E4%BA%BA%E4%BF%9D%E5%81%A5%E6%96%BD%E8%A8%AD%E3%81%95%E3%81%8F%E3%82%89%E3%83%91%E3%83%AC%E3%82%B9%20%E5%B1%B1%E5%BD%A2%E5%B8%82,山形県山形市桜田西４丁目3-26,023-628-3980,厚生労働省オープンデータ,https://www.mhlw.go.jp/content/12300000/jigyosho_520.csv,2025-12末,https://www.google.com/search?q=%E4%BB%8B%E8%AD%B7%E8%80%81%E4%BA%BA%E4%BF%9D%E5%81%A5%E6%96%BD%E8%A8%AD%E3%81%95%E3%81%8F%E3%82%89%E3%83%91%E3%83%AC%E3%82%B9%20%E5%B1%B1%E5%BD%A2%E5%B8%82
介護老人保健施設サニーヒル菅沢,介護老人保健施設,山形県,山形市,"介護,介護老人保健施設,リハビリ",病院退院後すぐ自宅へ戻るのが不安な場合に、リハビリをしながら在宅復帰を目指す施設です。,http://sunny91.sakura.ne.jp,山形市すげさわの丘727番地20,023-645-8500,厚生労働省オープンデータ,https://www.mhlw.go.jp/content/12300000/jigyosho_520.csv,2025-12末,https://www.google.com/search?q=%E4%BB%8B%E8%AD%B7%E8%80%81%E4%BA%BA%E4%BF%9D%E5%81%A5%E6%96%BD%E8%A8%AD%E3%82%B5%E3%83%8B%E3%83%BC%E3%83%92%E3%83%AB%E8%8F%85%E6%B2%A2%20%E5%B1%B1%E5%BD%A2%E5%B8%82
介護老人保健施設サニーヒル山寺,介護老人保健施設,山形県,山形市,"介護,介護老人保健施設,リハビリ",病院退院後すぐ自宅へ戻るのが不安な場合に、リハビリをしながら在宅復帰を目指す施設です。,http://sunny91.sakura.ne.jp,山形県山形市大字山寺1973-335,023-667-5010,厚生労働省オープンデータ,https://www.mhlw.go.jp/content/12300000/jigyosho_520.csv,2025-12末,https://www.google.com/search?q=%E4%BB%8B%E8%AD%B7%E8%80%81%E4%BA%BA%E4%BF%9D%E5%81%A5%E6%96%BD%E8%A8%AD%E3%82%B5%E3%83%8B%E3%83%BC%E3%83%92%E3%83%AB%E5%B1%B1%E5%AF%BA%20%E5%B1%B1%E5%BD%A2%E5%B8%82
介護老人保健施設フローラさいせい,介護老人保健施設,山形県,山形市,"介護,介護老人保健施設,リハビリ",病院退院後すぐ自宅へ戻るのが不安な場合に、リハビリをしながら在宅復帰を目指す施設です。,http://yamagata-saiseikai.org,山形県山形市沖町７９番地の1山形済生病院　南館４階、５階,023-664-1556,厚生労働省オープンデータ,https://www.mhlw.go.jp/content/12300000/jigyosho_520.csv,2025-12末,https://www.google.com/search?q=%E4%BB%8B%E8%AD%B7%E8%80%81%E4%BA%BA%E4%BF%9D%E5%81%A5%E6%96%BD%E8%A8%AD%E3%83%95%E3%83%AD%E3%83%BC%E3%83%A9%E3%81%95%E3%81%84%E3%81%9B%E3%81%84%20%E5%B1%B1%E5%BD%A2%E5%B8%82
介護療養型老人保健施設　木の実,介護老人保健施設,山形県,山形市,"介護,介護老人保健施設,リハビリ",病院退院後すぐ自宅へ戻るのが不安な場合に、リハビリをしながら在宅復帰を目指す施設です。,http://www.shiseido-hp.jp/,山形市旅篭町１丁目７番２３号,023-679-5172,厚生労働省オープンデータ,https://www.mhlw.go.jp/content/12300000/jigyosho_520.csv,2025-12末,https://www.google.com/search?q=%E4%BB%8B%E8%AD%B7%E7%99%82%E9%A4%8A%E5%9E%8B%E8%80%81%E4%BA%BA%E4%BF%9D%E5%81%A5%E6%96%BD%E8%A8%AD%E3%80%80%E6%9C%A8%E3%81%AE%E5%AE%9F%20%E5%B1%B1%E5%BD%A2%E5%B8%82
介護老人保健施設　あづま,介護老人保健施設,山形県,米沢市,"介護,介護老人保健施設,リハビリ",病院退院後すぐ自宅へ戻るのが不安な場合に、リハビリをしながら在宅復帰を目指す施設です。,http://www.y-aduma.com./,山形県米沢市大字李山８１３２－１１,0238-38-5535,厚生労働省オープンデータ,https://www.mhlw.go.jp/content/12300000/jigyosho_520.csv,2025-12末,https://www.google.com/search?q=%E4%BB%8B%E8%AD%B7%E8%80%81%E4%BA%BA%E4%BF%9D%E5%81%A5%E6%96%BD%E8%A8%AD%E3%80%80%E3%81%82%E3%81%A5%E3%81%BE%20%E7%B1%B3%E6%B2%A2%E5%B8%82
介護老人保健施設「サンファミリア米沢」,介護老人保健施設,山形県,米沢市,"介護,介護老人保健施設,リハビリ",病院退院後すぐ自宅へ戻るのが不安な場合に、リハビリをしながら在宅復帰を目指す施設です。,http://www.y-kouwakai.jp,山形県米沢市塩井町塩野520,0238-26-8255,厚生労働省オープンデータ,https://www.mhlw.go.jp/content/12300000/jigyosho_520.csv,2025-12末,https://www.google.com/search?q=%E4%BB%8B%E8%AD%B7%E8%80%81%E4%BA%BA%E4%BF%9D%E5%81%A5%E6%96%BD%E8%A8%AD%E3%80%8C%E3%82%B5%E3%83%B3%E3%83%95%E3%82%A1%E3%83%9F%E3%83%AA%E3%82%A2%E7%B1%B3%E6%B2%A2%E3%80%8D%20%E7%B1%B3%E6%B2%A2%E5%B8%82
介護老人保健施設サンプラザ米沢,介護老人保健施設,山形県,米沢市,"介護,介護老人保健施設,リハビリ",病院退院後すぐ自宅へ戻るのが不安な場合に、リハビリをしながら在宅復帰を目指す施設です。,ｙ－kouwakai.jp,山形県米沢市大字簗沢３０４６番地,0238-32-2234,厚生労働省オープンデータ,https://www.mhlw.go.jp/content/12300000/jigyosho_520.csv,2025-12末,https://www.google.com/search?q=%E4%BB%8B%E8%AD%B7%E8%80%81%E4%BA%BA%E4%BF%9D%E5%81%A5%E6%96%BD%E8%A8%AD%E3%82%B5%E3%83%B3%E3%83%97%E3%83%A9%E3%82%B6%E7%B1%B3%E6%B2%A2%20%E7%B1%B3%E6%B2%A2%E5%B8%82
介護療養型老人保健施設せせらぎ,介護老人保健施設,山形県,鶴岡市,"介護,介護老人保健施設,リハビリ",病院退院後すぐ自宅へ戻るのが不安な場合に、リハビリをしながら在宅復帰を目指す施設です。,http://www.turuoka-kyoritu-hp.or.jp/seseragi/,山形県鶴岡市文園町9-34,0235-28-2160,厚生労働省オープンデータ,https://www.mhlw.go.jp/content/12300000/jigyosho_520.csv,2025-12末,https://www.google.com/search?q=%E4%BB%8B%E8%AD%B7%E7%99%82%E9%A4%8A%E5%9E%8B%E8%80%81%E4%BA%BA%E4%BF%9D%E5%81%A5%E6%96%BD%E8%A8%AD%E3%81%9B%E3%81%9B%E3%82%89%E3%81%8E%20%E9%B6%B4%E5%B2%A1%E5%B8%82
介護老人保健施設ケアホームみやはら,介護老人保健施設,山形県,鶴岡市,"介護,介護老人保健施設,リハビリ",病院退院後すぐ自宅へ戻るのが不安な場合に、リハビリをしながら在宅復帰を目指す施設です。,http://www.miyahara-hp.jp/,鶴岡市三和町１番５３号,0235-28-2061,厚生労働省オープンデータ,https://www.mhlw.go.jp/content/12300000/jigyosho_520.csv,2025-12末,https://www.google.com/search?q=%E4%BB%8B%E8%AD%B7%E8%80%81%E4%BA%BA%E4%BF%9D%E5%81%A5%E6%96%BD%E8%A8%AD%E3%82%B1%E3%82%A2%E3%83%9B%E3%83%BC%E3%83%A0%E3%81%BF%E3%82%84%E3%81%AF%E3%82%89%20%E9%B6%B4%E5%B2%A1%E5%B8%82
老人保健施設のぞみの園,介護老人保健施設,山形県,鶴岡市,"介護,介護老人保健施設,リハビリ",病院退院後すぐ自宅へ戻るのが不安な場合に、リハビリをしながら在宅復帰を目指す施設です。,http://www.mituwakai.com,山形県鶴岡市茅原町26番23号,0235-25-8255,厚生労働省オープンデータ,https://www.mhlw.go.jp/content/12300000/jigyosho_520.csv,2025-12末,https://www.google.com/search?q=%E8%80%81%E4%BA%BA%E4%BF%9D%E5%81%A5%E6%96%BD%E8%A8%AD%E3%81%AE%E3%81%9E%E3%81%BF%E3%81%AE%E5%9C%92%20%E9%B6%B4%E5%B2%A1%E5%B8%82
サテライト老健ちわら,介護老人保健施設,山形県,鶴岡市,"介護,介護老人保健施設,リハビリ",病院退院後すぐ自宅へ戻るのが不安な場合に、リハビリをしながら在宅復帰を目指す施設です。,https://www.google.com/search?q=%E3%82%B5%E3%83%86%E3%83%A9%E3%82%A4%E3%83%88%E8%80%81%E5%81%A5%E3%81%A1%E3%82%8F%E3%82%89%20%E9%B6%B4%E5%B2%A1%E5%B8%82,山形県鶴岡市北茅原町5番10号,0235-25-5000,厚生労働省オープンデータ,https://www.mhlw.go.jp/content/12300000/jigyosho_520.csv,2025-12末,https://www.google.com/search?q=%E3%82%B5%E3%83%86%E3%83%A9%E3%82%A4%E3%83%88%E8%80%81%E5%81%A5%E3%81%A1%E3%82%8F%E3%82%89%20%E9%B6%B4%E5%B2%A1%E5%B8%82
サテライト老健のぞみ,介護老人保健施設,山形県,鶴岡市,"介護,介護老人保健施設,リハビリ",病院退院後すぐ自宅へ戻るのが不安な場合に、リハビリをしながら在宅復帰を目指す施設です。,https://www.google.com/search?q=%E3%82%B5%E3%83%86%E3%83%A9%E3%82%A4%E3%83%88%E8%80%81%E5%81%A5%E3%81%AE%E3%81%9E%E3%81%BF%20%E9%B6%B4%E5%B2%A1%E5%B8%82,山形県鶴岡市日枝字小真木原116-8,0235-24-7724,厚生労働省オープンデータ,https://www.mhlw.go.jp/content/12300000/jigyosho_520.csv,2025-12末,https://www.google.com/search?q=%E3%82%B5%E3%83%86%E3%83%A9%E3%82%A4%E3%83%88%E8%80%81%E5%81%A5%E3%81%AE%E3%81%9E%E3%81%BF%20%E9%B6%B4%E5%B2%A1%E5%B8%82
介護老人保健施設かけはし,介護老人保健施設,山形県,鶴岡市,"介護,介護老人保健施設,リハビリ",病院退院後すぐ自宅へ戻るのが不安な場合に、リハビリをしながら在宅復帰を目指す施設です。,https://niji-kakehashi.or.jp,鶴岡市民田字代家田１００－１,0235-25-1131,厚生労働省オープンデータ,https://www.mhlw.go.jp/content/12300000/jigyosho_520.csv,2025-12末,https://www.google.com/search?q=%E4%BB%8B%E8%AD%B7%E8%80%81%E4%BA%BA%E4%BF%9D%E5%81%A5%E6%96%BD%E8%A8%AD%E3%81%8B%E3%81%91%E3%81%AF%E3%81%97%20%E9%B6%B4%E5%B2%A1%E5%B8%82
介護老人保健施設　みずばしょう,介護老人保健施設,山形県,鶴岡市,"介護,介護老人保健施設,リハビリ",病院退院後すぐ自宅へ戻るのが不安な場合に、リハビリをしながら在宅復帰を目指す施設です。,https://www.tsuruoka-rm.jp,鶴岡市羽黒町後田字谷地田191-4,0235-78-0951,厚生労働省オープンデータ,https://www.mhlw.go.jp/content/12300000/jigyosho_520.csv,2025-12末,https://www.google.com/search?q=%E4%BB%8B%E8%AD%B7%E8%80%81%E4%BA%BA%E4%BF%9D%E5%81%A5%E6%96%BD%E8%A8%AD%E3%80%80%E3%81%BF%E3%81%9A%E3%81%B0%E3%81%97%E3%82%87%E3%81%86%20%E9%B6%B4%E5%B2%A1%E5%B8%82
介護老人保健施設シェ・モワ,介護老人保健施設,山形県,酒田市,"介護,介護老人保健施設,リハビリ",病院退院後すぐ自宅へ戻るのが不安な場合に、リハビリをしながら在宅復帰を目指す施設です。,http://www.koufukai.or.jp,酒田市緑町13-37,0234-22-1400,厚生労働省オープンデータ,https://www.mhlw.go.jp/content/12300000/jigyosho_520.csv,2025-12末,https://www.google.com/search?q=%E4%BB%8B%E8%AD%B7%E8%80%81%E4%BA%BA%E4%BF%9D%E5%81%A5%E6%96%BD%E8%A8%AD%E3%82%B7%E3%82%A7%E3%83%BB%E3%83%A2%E3%83%AF%20%E9%85%92%E7%94%B0%E5%B8%82
介護老人保健施設　ひだまり,介護老人保健施設,山形県,酒田市,"介護,介護老人保健施設,リハビリ",病院退院後すぐ自宅へ戻るのが不安な場合に、リハビリをしながら在宅復帰を目指す施設です。,http://www.kenyukai-sakata.jp,酒田市中町３丁目５－２３,0234-25-6356,厚生労働省オープンデータ,https://www.mhlw.go.jp/content/12300000/jigyosho_520.csv,2025-12末,https://www.google.com/search?q=%E4%BB%8B%E8%AD%B7%E8%80%81%E4%BA%BA%E4%BF%9D%E5%81%A5%E6%96%BD%E8%A8%AD%E3%80%80%E3%81%B2%E3%81%A0%E3%81%BE%E3%82%8A%20%E9%85%92%E7%94%B0%E5%B8%82
医療法人　徳洲会　介護老人保健施設　徳田山,介護老人保健施設,山形県,酒田市,"介護,介護老人保健施設,リハビリ",病院退院後すぐ自宅へ戻るのが不安な場合に、リハビリをしながら在宅復帰を目指す施設です。,tokudayama.com,山形県酒田市相沢字道脇7番地,0234-61-4040,厚生労働省オープンデータ,https://www.mhlw.go.jp/content/12300000/jigyosho_520.csv,2025-12末,https://www.google.com/search?q=%E5%8C%BB%E7%99%82%E6%B3%95%E4%BA%BA%E3%80%80%E5%BE%B3%E6%B4%B2%E4%BC%9A%E3%80%80%E4%BB%8B%E8%AD%B7%E8%80%81%E4%BA%BA%E4%BF%9D%E5%81%A5%E6%96%BD%E8%A8%AD%E3%80%80%E5%BE%B3%E7%94%B0%E5%B1%B1%20%E9%85%92%E7%94%B0%E5%B8%82
老人保健施設うらら,介護老人保健施設,山形県,酒田市,"介護,介護老人保健施設,リハビリ",病院退院後すぐ自宅へ戻るのが不安な場合に、リハビリをしながら在宅復帰を目指す施設です。,http://www.kouyuu-kai.or.jp/,酒田市本楯字前田１２７－２,0234-28-3131,厚生労働省オープンデータ,https://www.mhlw.go.jp/content/12300000/jigyosho_520.csv,2025-12末,https://www.google.com/search?q=%E8%80%81%E4%BA%BA%E4%BF%9D%E5%81%A5%E6%96%BD%E8%A8%AD%E3%81%86%E3%82%89%E3%82%89%20%E9%85%92%E7%94%B0%E5%B8%82
老人保健施設　明日葉,介護老人保健施設,山形県,酒田市,"介護,介護老人保健施設,リハビリ",病院退院後すぐ自宅へ戻るのが不安な場合に、リハビリをしながら在宅復帰を目指す施設です。,https://www.satsuki-ashitaba.jp/,山形県酒田市曙町２－１８－６,0234-22-3885,厚生労働省オープンデータ,https://www.mhlw.go.jp/content/12300000/jigyosho_520.csv,2025-12末,https://www.google.com/search?q=%E8%80%81%E4%BA%BA%E4%BF%9D%E5%81%A5%E6%96%BD%E8%A8%AD%E3%80%80%E6%98%8E%E6%97%A5%E8%91%89%20%E9%85%92%E7%94%B0%E5%B8%82
介護老人保健施設　新庄薬師園,介護老人保健施設,山形県,新庄市,"介護,介護老人保健施設,リハビリ",病院退院後すぐ自宅へ戻るのが不安な場合に、リハビリをしながら在宅復帰を目指す施設です。,https://katsuroku.jp/,山形県新庄市金沢字西ノ山3027-4,0233-23-8060,厚生労働省オープンデータ,https://www.mhlw.go.jp/content/12300000/jigyosho_520.csv,2025-12末,https://www.google.com/search?q=%E4%BB%8B%E8%AD%B7%E8%80%81%E4%BA%BA%E4%BF%9D%E5%81%A5%E6%96%BD%E8%A8%AD%E3%80%80%E6%96%B0%E5%BA%84%E8%96%AC%E5%B8%AB%E5%9C%92%20%E6%96%B0%E5%BA%84%E5%B8%82
医療法人社団清明会　介護老人保健施設　ＰＦＣエーデルワイス,介護老人保健施設,山形県,新庄市,"介護,介護老人保健施設,リハビリ",病院退院後すぐ自宅へ戻るのが不安な場合に、リハビリをしながら在宅復帰を目指す施設です。,https://ew.seimei-kai.or.jp/,山形県新庄市大字本合海字福田界1802番地3,0233-26-2685,厚生労働省オープンデータ,https://www.mhlw.go.jp/content/12300000/jigyosho_520.csv,2025-12末,https://www.google.com/search?q=%E5%8C%BB%E7%99%82%E6%B3%95%E4%BA%BA%E7%A4%BE%E5%9B%A3%E6%B8%85%E6%98%8E%E4%BC%9A%E3%80%80%E4%BB%8B%E8%AD%B7%E8%80%81%E4%BA%BA%E4%BF%9D%E5%81%A5%E6%96%BD%E8%A8%AD%E3%80%80%EF%BC%B0%EF%BC%A6%EF%BC%A3%E3%82%A8%E3%83%BC%E3%83%87%E3%83%AB%E3%83%AF%E3%82%A4%E3%82%B9%20%E6%96%B0%E5%BA%84%E5%B8%82
介護老人保健施設寒河江やすらぎの里,介護老人保健施設,山形県,寒河江市,"介護,介護老人保健施設,リハビリ",病院退院後すぐ自宅へ戻るのが不安な場合に、リハビリをしながら在宅復帰を目指す施設です。,"hittp://care-net,biz/06/s-yasuragi/",山形県寒河江市本楯二丁目24番地1,0237-83-0566,厚生労働省オープンデータ,https://www.mhlw.go.jp/content/12300000/jigyosho_520.csv,2025-12末,https://www.google.com/search?q=%E4%BB%8B%E8%AD%B7%E8%80%81%E4%BA%BA%E4%BF%9D%E5%81%A5%E6%96%BD%E8%A8%AD%E5%AF%92%E6%B2%B3%E6%B1%9F%E3%82%84%E3%81%99%E3%82%89%E3%81%8E%E3%81%AE%E9%87%8C%20%E5%AF%92%E6%B2%B3%E6%B1%9F%E5%B8%82
介護老人保健施設　かなやの里,介護老人保健施設,山形県,上山市,"介護,介護老人保健施設,リハビリ",病院退院後すぐ自宅へ戻るのが不安な場合に、リハビリをしながら在宅復帰を目指す施設です。,http://www.nihonmatsukai.or.jp,山形県上山市金谷字下河原1370,023-677-1081,厚生労働省オープンデータ,https://www.mhlw.go.jp/content/12300000/jigyosho_520.csv,2025-12末,https://www.google.com/search?q=%E4%BB%8B%E8%AD%B7%E8%80%81%E4%BA%BA%E4%BF%9D%E5%81%A5%E6%96%BD%E8%A8%AD%E3%80%80%E3%81%8B%E3%81%AA%E3%82%84%E3%81%AE%E9%87%8C%20%E4%B8%8A%E5%B1%B1%E5%B8%82
介護老人保健施設みゆきの丘,介護老人保健施設,山形県,上山市,"介護,介護老人保健施設,リハビリ",病院退院後すぐ自宅へ戻るのが不安な場合に、リハビリをしながら在宅復帰を目指す施設です。,http://www.miyuki.or.jp,山形県上山市弁天二丁目2番11号,023-672-8585,厚生労働省オープンデータ,https://www.mhlw.go.jp/content/12300000/jigyosho_520.csv,2025-12末,https://www.google.com/search?q=%E4%BB%8B%E8%AD%B7%E8%80%81%E4%BA%BA%E4%BF%9D%E5%81%A5%E6%96%BD%E8%A8%AD%E3%81%BF%E3%82%86%E3%81%8D%E3%81%AE%E4%B8%98%20%E4%B8%8A%E5%B1%B1%E5%B8%82
介護老人保健施設ローズむらやま,介護老人保健施設,山形県,村山市,"介護,介護老人保健施設,リハビリ",病院退院後すぐ自宅へ戻るのが不安な場合に、リハビリをしながら在宅復帰を目指す施設です。,https://www.kodama-hp.com,大字本飯田字柳堤2486番地の65,0237-52-3020,厚生労働省オープンデータ,https://www.mhlw.go.jp/content/12300000/jigyosho_520.csv,2025-12末,https://www.google.com/search?q=%E4%BB%8B%E8%AD%B7%E8%80%81%E4%BA%BA%E4%BF%9D%E5%81%A5%E6%96%BD%E8%A8%AD%E3%83%AD%E3%83%BC%E3%82%BA%E3%82%80%E3%82%89%E3%82%84%E3%81%BE%20%E6%9D%91%E5%B1%B1%E5%B8%82
介護老人保健施設リバーヒル長井,介護老人保健施設,山形県,長井市,"介護,介護老人保健施設,リハビリ",病院退院後すぐ自宅へ戻るのが不安な場合に、リハビリをしながら在宅復帰を目指す施設です。,https://www.riverhill.jp,山形県長井市寺泉３５２５－１,0238-84-7575,厚生労働省オープンデータ,https://www.mhlw.go.jp/content/12300000/jigyosho_520.csv,2025-12末,https://www.google.com/search?q=%E4%BB%8B%E8%AD%B7%E8%80%81%E4%BA%BA%E4%BF%9D%E5%81%A5%E6%96%BD%E8%A8%AD%E3%83%AA%E3%83%90%E3%83%BC%E3%83%92%E3%83%AB%E9%95%B7%E4%BA%95%20%E9%95%B7%E4%BA%95%E5%B8%82
介護老人保健施設あこがれ,介護老人保健施設,山形県,天童市,"介護,介護老人保健施設,リハビリ",病院退院後すぐ自宅へ戻るのが不安な場合に、リハビリをしながら在宅復帰を目指す施設です。,https://www.google.com/search?q=%E4%BB%8B%E8%AD%B7%E8%80%81%E4%BA%BA%E4%BF%9D%E5%81%A5%E6%96%BD%E8%A8%AD%E3%81%82%E3%81%93%E3%81%8C%E3%82%8C%20%E5%A4%A9%E7%AB%A5%E5%B8%82,山形県天童市大字荒谷　1973-884,023-652-2801,厚生労働省オープンデータ,https://www.mhlw.go.jp/content/12300000/jigyosho_520.csv,2025-12末,https://www.google.com/search?q=%E4%BB%8B%E8%AD%B7%E8%80%81%E4%BA%BA%E4%BF%9D%E5%81%A5%E6%96%BD%E8%A8%AD%E3%81%82%E3%81%93%E3%81%8C%E3%82%8C%20%E5%A4%A9%E7%AB%A5%E5%B8%82
介護老人保健施設ラ・フォーレ天童,介護老人保健施設,山形県,天童市,"介護,介護老人保健施設,リハビリ",病院退院後すぐ自宅へ戻るのが不安な場合に、リハビリをしながら在宅復帰を目指す施設です。,http://www.laforet-tendo.com/,山形県天童市大字道満１９３－１,023-653-8211,厚生労働省オープンデータ,https://www.mhlw.go.jp/content/12300000/jigyosho_520.csv,2025-12末,https://www.google.com/search?q=%E4%BB%8B%E8%AD%B7%E8%80%81%E4%BA%BA%E4%BF%9D%E5%81%A5%E6%96%BD%E8%A8%AD%E3%83%A9%E3%83%BB%E3%83%95%E3%82%A9%E3%83%BC%E3%83%AC%E5%A4%A9%E7%AB%A5%20%E5%A4%A9%E7%AB%A5%E5%B8%82
介護老人保健施設ナーシングホームさくらんぼ,介護老人保健施設,山形県,東根市,"介護,介護老人保健施設,リハビリ",病院退院後すぐ自宅へ戻るのが不安な場合に、リハビリをしながら在宅復帰を目指す施設です。,http://kjg-net.jp/,東根市大字野田1921,0237-36-0017,厚生労働省オープンデータ,https://www.mhlw.go.jp/content/12300000/jigyosho_520.csv,2025-12末,https://www.google.com/search?q=%E4%BB%8B%E8%AD%B7%E8%80%81%E4%BA%BA%E4%BF%9D%E5%81%A5%E6%96%BD%E8%A8%AD%E3%83%8A%E3%83%BC%E3%82%B7%E3%83%B3%E3%82%B0%E3%83%9B%E3%83%BC%E3%83%A0%E3%81%95%E3%81%8F%E3%82%89%E3%82%93%E3%81%BC%20%E6%9D%B1%E6%A0%B9%E5%B8%82
介護老人保健施設ハイマート福原,介護老人保健施設,山形県,尾花沢市,"介護,介護老人保健施設,リハビリ",病院退院後すぐ自宅へ戻るのが不安な場合に、リハビリをしながら在宅復帰を目指す施設です。,http://www.haimart-kaigo.com,山形県尾花沢市大字野黒沢５５４番地２９,0237-25-3300,厚生労働省オープンデータ,https://www.mhlw.go.jp/content/12300000/jigyosho_520.csv,2025-12末,https://www.google.com/search?q=%E4%BB%8B%E8%AD%B7%E8%80%81%E4%BA%BA%E4%BF%9D%E5%81%A5%E6%96%BD%E8%A8%AD%E3%83%8F%E3%82%A4%E3%83%9E%E3%83%BC%E3%83%88%E7%A6%8F%E5%8E%9F%20%E5%B0%BE%E8%8A%B1%E6%B2%A2%E5%B8%82
介護老人保健施設ドミール南陽,介護老人保健施設,山形県,南陽市,"介護,介護老人保健施設,リハビリ",病院退院後すぐ自宅へ戻るのが不安な場合に、リハビリをしながら在宅復帰を目指す施設です。,http://www.koutoku.or.jp,山形県南陽市椚塚940,0238-40-3888,厚生労働省オープンデータ,https://www.mhlw.go.jp/content/12300000/jigyosho_520.csv,2025-12末,https://www.google.com/search?q=%E4%BB%8B%E8%AD%B7%E8%80%81%E4%BA%BA%E4%BF%9D%E5%81%A5%E6%96%BD%E8%A8%AD%E3%83%89%E3%83%9F%E3%83%BC%E3%83%AB%E5%8D%97%E9%99%BD%20%E5%8D%97%E9%99%BD%E5%B8%82
介護老人保健施設ほなみ荘,介護老人保健施設,山形県,南陽市,"介護,介護老人保健施設,リハビリ",病院退院後すぐ自宅へ戻るのが不安な場合に、リハビリをしながら在宅復帰を目指す施設です。,http://nanyohonami.or.jp,山形県南陽市宮内３７５０－１,0238-47-6000,厚生労働省オープンデータ,https://www.mhlw.go.jp/content/12300000/jigyosho_520.csv,2025-12末,https://www.google.com/search?q=%E4%BB%8B%E8%AD%B7%E8%80%81%E4%BA%BA%E4%BF%9D%E5%81%A5%E6%96%BD%E8%A8%AD%E3%81%BB%E3%81%AA%E3%81%BF%E8%8D%98%20%E5%8D%97%E9%99%BD%E5%B8%82
介護老人保健施設メルヘン,介護老人保健施設,山形県,山辺町,"介護,介護老人保健施設,リハビリ",病院退院後すぐ自宅へ戻るのが不安な場合に、リハビリをしながら在宅復帰を目指す施設です。,https://www.google.com/search?q=%E4%BB%8B%E8%AD%B7%E8%80%81%E4%BA%BA%E4%BF%9D%E5%81%A5%E6%96%BD%E8%A8%AD%E3%83%A1%E3%83%AB%E3%83%98%E3%83%B3%20%E5%B1%B1%E8%BE%BA%E7%94%BA,山形県東村山郡山辺町大字大寺1152番1,023-667-0001,厚生労働省オープンデータ,https://www.mhlw.go.jp/content/12300000/jigyosho_520.csv,2025-12末,https://www.google.com/search?q=%E4%BB%8B%E8%AD%B7%E8%80%81%E4%BA%BA%E4%BF%9D%E5%81%A5%E6%96%BD%E8%A8%AD%E3%83%A1%E3%83%AB%E3%83%98%E3%83%B3%20%E5%B1%B1%E8%BE%BA%E7%94%BA
介護老人保健施設　紅寿の里,介護老人保健施設,山形県,河北町,"介護,介護老人保健施設,リハビリ",病院退院後すぐ自宅へ戻るのが不安な場合に、リハビリをしながら在宅復帰を目指す施設です。,http://www.miyuki.or.jp/kouju/,山形県西村山郡河北町大字溝延字本丸８－１,0237-73-5850,厚生労働省オープンデータ,https://www.mhlw.go.jp/content/12300000/jigyosho_520.csv,2025-12末,https://www.google.com/search?q=%E4%BB%8B%E8%AD%B7%E8%80%81%E4%BA%BA%E4%BF%9D%E5%81%A5%E6%96%BD%E8%A8%AD%E3%80%80%E7%B4%85%E5%AF%BF%E3%81%AE%E9%87%8C%20%E6%B2%B3%E5%8C%97%E7%94%BA
最上町介護老人保健施設やすらぎ,介護老人保健施設,山形県,最上町,"介護,介護老人保健施設,リハビリ",病院退院後すぐ自宅へ戻るのが不安な場合に、リハビリをしながら在宅復帰を目指す施設です。,https://www.google.com/search?q=%E6%9C%80%E4%B8%8A%E7%94%BA%E4%BB%8B%E8%AD%B7%E8%80%81%E4%BA%BA%E4%BF%9D%E5%81%A5%E6%96%BD%E8%A8%AD%E3%82%84%E3%81%99%E3%82%89%E3%81%8E%20%E6%9C%80%E4%B8%8A%E7%94%BA,山形県最上郡最上町大字向町64-3,0233-43-3378,厚生労働省オープンデータ,https://www.mhlw.go.jp/content/12300000/jigyosho_520.csv,2025-12末,https://www.google.com/search?q=%E6%9C%80%E4%B8%8A%E7%94%BA%E4%BB%8B%E8%AD%B7%E8%80%81%E4%BA%BA%E4%BF%9D%E5%81%A5%E6%96%BD%E8%A8%AD%E3%82%84%E3%81%99%E3%82%89%E3%81%8E%20%E6%9C%80%E4%B8%8A%E7%94%BA
医療法人徳洲会　介護老人保健施設　舟形徳洲苑,介護老人保健施設,山形県,舟形町,"介護,介護老人保健施設,リハビリ",病院退院後すぐ自宅へ戻るのが不安な場合に、リハビリをしながら在宅復帰を目指す施設です。,http://care-net.biz/06/funatoku/,山形県最上郡舟形町富田字富田135-1,0233-35-2228,厚生労働省オープンデータ,https://www.mhlw.go.jp/content/12300000/jigyosho_520.csv,2025-12末,https://www.google.com/search?q=%E5%8C%BB%E7%99%82%E6%B3%95%E4%BA%BA%E5%BE%B3%E6%B4%B2%E4%BC%9A%E3%80%80%E4%BB%8B%E8%AD%B7%E8%80%81%E4%BA%BA%E4%BF%9D%E5%81%A5%E6%96%BD%E8%A8%AD%E3%80%80%E8%88%9F%E5%BD%A2%E5%BE%B3%E6%B4%B2%E8%8B%91%20%E8%88%9F%E5%BD%A2%E7%94%BA
医療法人徳洲会　介護老人保健施設　梅花苑,介護老人保健施設,山形県,真室川町,"介護,介護老人保健施設,リハビリ",病院退院後すぐ自宅へ戻るのが不安な場合に、リハビリをしながら在宅復帰を目指す施設です。,http://care-net.biz/06/baikaen/,山形県最上郡真室川町大字木ノ下字片渕山1125-286,0233-32-0505,厚生労働省オープンデータ,https://www.mhlw.go.jp/content/12300000/jigyosho_520.csv,2025-12末,https://www.google.com/search?q=%E5%8C%BB%E7%99%82%E6%B3%95%E4%BA%BA%E5%BE%B3%E6%B4%B2%E4%BC%9A%E3%80%80%E4%BB%8B%E8%AD%B7%E8%80%81%E4%BA%BA%E4%BF%9D%E5%81%A5%E6%96%BD%E8%A8%AD%E3%80%80%E6%A2%85%E8%8A%B1%E8%8B%91%20%E7%9C%9F%E5%AE%A4%E5%B7%9D%E7%94%BA
介護老人保健施設かがやきの丘,介護老人保健施設,山形県,川西町,"介護,介護老人保健施設,リハビリ",病院退院後すぐ自宅へ戻るのが不安な場合に、リハビリをしながら在宅復帰を目指す施設です。,http://www.ryokuaikai.com,山形県東置賜郡川西町大字下奥田字穴澤平３７９６番地２０号,0238-42-5000,厚生労働省オープンデータ,https://www.mhlw.go.jp/content/12300000/jigyosho_520.csv,2025-12末,https://www.google.com/search?q=%E4%BB%8B%E8%AD%B7%E8%80%81%E4%BA%BA%E4%BF%9D%E5%81%A5%E6%96%BD%E8%A8%AD%E3%81%8B%E3%81%8C%E3%82%84%E3%81%8D%E3%81%AE%E4%B8%98%20%E5%B7%9D%E8%A5%BF%E7%94%BA
介護老人保健施設　白鷹あゆみの園,介護老人保健施設,山形県,白鷹町,"介護,介護老人保健施設,リハビリ",病院退院後すぐ自宅へ戻るのが不安な場合に、リハビリをしながら在宅復帰を目指す施設です。,http://soumeikai.jp/,山形県西置賜郡白鷹町大字十王5087番地1,0238-85-5678,厚生労働省オープンデータ,https://www.mhlw.go.jp/content/12300000/jigyosho_520.csv,2025-12末,https://www.google.com/search?q=%E4%BB%8B%E8%AD%B7%E8%80%81%E4%BA%BA%E4%BF%9D%E5%81%A5%E6%96%BD%E8%A8%AD%E3%80%80%E7%99%BD%E9%B7%B9%E3%81%82%E3%82%86%E3%81%BF%E3%81%AE%E5%9C%92%20%E7%99%BD%E9%B7%B9%E7%94%BA
飯豊町介護老人保健施設「美の里」,介護老人保健施設,山形県,飯豊町,"介護,介護老人保健施設,リハビリ",病院退院後すぐ自宅へ戻るのが不安な場合に、リハビリをしながら在宅復帰を目指す施設です。,https://www.google.com/search?q=%E9%A3%AF%E8%B1%8A%E7%94%BA%E4%BB%8B%E8%AD%B7%E8%80%81%E4%BA%BA%E4%BF%9D%E5%81%A5%E6%96%BD%E8%A8%AD%E3%80%8C%E7%BE%8E%E3%81%AE%E9%87%8C%E3%80%8D%20%E9%A3%AF%E8%B1%8A%E7%94%BA,山形県西置賜郡飯豊町大字椿3654番1,0238-86-2117,厚生労働省オープンデータ,https://www.mhlw.go.jp/content/12300000/jigyosho_520.csv,2025-12末,https://www.google.com/search?q=%E9%A3%AF%E8%B1%8A%E7%94%BA%E4%BB%8B%E8%AD%B7%E8%80%81%E4%BA%BA%E4%BF%9D%E5%81%A5%E6%96%BD%E8%A8%AD%E3%80%8C%E7%BE%8E%E3%81%AE%E9%87%8C%E3%80%8D%20%E9%A3%AF%E8%B1%8A%E7%94%BA
医療法人徳洲会　介護老人保健施設　ほのか,介護老人保健施設,山形県,三川町,"介護,介護老人保健施設,リハビリ",病院退院後すぐ自宅へ戻るのが不安な場合に、リハビリをしながら在宅復帰を目指す施設です。,https://www.tokushukai.or.jp/,山形県東田川郡三川町大字押切新田字深田1番地,0235-68-0020,厚生労働省オープンデータ,https://www.mhlw.go.jp/content/12300000/jigyosho_520.csv,2025-12末,https://www.google.com/search?q=%E5%8C%BB%E7%99%82%E6%B3%95%E4%BA%BA%E5%BE%B3%E6%B4%B2%E4%BC%9A%E3%80%80%E4%BB%8B%E8%AD%B7%E8%80%81%E4%BA%BA%E4%BF%9D%E5%81%A5%E6%96%BD%E8%A8%AD%E3%80%80%E3%81%BB%E3%81%AE%E3%81%8B%20%E4%B8%89%E5%B7%9D%E7%94%BA
医療法人徳洲会介護老人保健施設余目徳洲苑,介護老人保健施設,山形県,庄内町,"介護,介護老人保健施設,リハビリ",病院退院後すぐ自宅へ戻るのが不安な場合に、リハビリをしながら在宅復帰を目指す施設です。,http://www.amarume-tokushuen.com,山形県東田川郡庄内町松陽1丁目1-6,0234-43-2477,厚生労働省オープンデータ,https://www.mhlw.go.jp/content/12300000/jigyosho_520.csv,2025-12末,https://www.google.com/search?q=%E5%8C%BB%E7%99%82%E6%B3%95%E4%BA%BA%E5%BE%B3%E6%B4%B2%E4%BC%9A%E4%BB%8B%E8%AD%B7%E8%80%81%E4%BA%BA%E4%BF%9D%E5%81%A5%E6%96%BD%E8%A8%AD%E4%BD%99%E7%9B%AE%E5%BE%B3%E6%B4%B2%E8%8B%91%20%E5%BA%84%E5%86%85%E7%94%BA
医療法人　徳洲会　介護老人保健施設　あかね,介護老人保健施設,山形県,庄内町,"介護,介護老人保健施設,リハビリ",病院退院後すぐ自宅へ戻るのが不安な場合に、リハビリをしながら在宅復帰を目指す施設です。,http://www.rouken-akane.com/index.html,山形県東田川郡庄内町添津字家の下97,0234-51-1100,厚生労働省オープンデータ,https://www.mhlw.go.jp/content/12300000/jigyosho_520.csv,2025-12末,https://www.google.com/search?q=%E5%8C%BB%E7%99%82%E6%B3%95%E4%BA%BA%E3%80%80%E5%BE%B3%E6%B4%B2%E4%BC%9A%E3%80%80%E4%BB%8B%E8%AD%B7%E8%80%81%E4%BA%BA%E4%BF%9D%E5%81%A5%E6%96%BD%E8%A8%AD%E3%80%80%E3%81%82%E3%81%8B%E3%81%AD%20%E5%BA%84%E5%86%85%E7%94%BA
特別養護老人ホーム滝山なごみの里,地域密着型特別養護老人ホーム,山形県,山形市,"介護,地域密着型特別養護老人ホーム,入所",常時介護が必要で在宅生活が難しい方の生活の場となる施設です。入所条件や待機状況を確認します。,http://www.jifukai.org,山形県山形市東青田二丁目6番4号,023-673-0681,厚生労働省オープンデータ,https://www.mhlw.go.jp/content/12300000/jigyosho_540.csv,2025-12末,https://www.google.com/search?q=%E7%89%B9%E5%88%A5%E9%A4%8A%E8%AD%B7%E8%80%81%E4%BA%BA%E3%83%9B%E3%83%BC%E3%83%A0%E6%BB%9D%E5%B1%B1%E3%81%AA%E3%81%94%E3%81%BF%E3%81%AE%E9%87%8C%20%E5%B1%B1%E5%BD%A2%E5%B8%82
特別養護老人ホーム飯塚なごみの里,地域密着型特別養護老人ホーム,山形県,山形市,"介護,地域密着型特別養護老人ホーム,入所",常時介護が必要で在宅生活が難しい方の生活の場となる施設です。入所条件や待機状況を確認します。,http://www.jifukai.org,"山形県山形市飯塚町１,４４７番地４",023-679-5021,厚生労働省オープンデータ,https://www.mhlw.go.jp/content/12300000/jigyosho_540.csv,2025-12末,https://www.google.com/search?q=%E7%89%B9%E5%88%A5%E9%A4%8A%E8%AD%B7%E8%80%81%E4%BA%BA%E3%83%9B%E3%83%BC%E3%83%A0%E9%A3%AF%E5%A1%9A%E3%81%AA%E3%81%94%E3%81%BF%E3%81%AE%E9%87%8C%20%E5%B1%B1%E5%BD%A2%E5%B8%82
やすらぎの里金井,地域密着型特別養護老人ホーム,山形県,山形市,"介護,地域密着型特別養護老人ホーム,入所",常時介護が必要で在宅生活が難しい方の生活の場となる施設です。入所条件や待機状況を確認します。,http://care-net.biz/06/yasuragi-k/,山形市内表東1番地,023-681-5711,厚生労働省オープンデータ,https://www.mhlw.go.jp/content/12300000/jigyosho_540.csv,2025-12末,https://www.google.com/search?q=%E3%82%84%E3%81%99%E3%82%89%E3%81%8E%E3%81%AE%E9%87%8C%E9%87%91%E4%BA%95%20%E5%B1%B1%E5%BD%A2%E5%B8%82
特別養護老人ホーム沼木敬寿園,地域密着型特別養護老人ホーム,山形県,山形市,"介護,地域密着型特別養護老人ホーム,入所",常時介護が必要で在宅生活が難しい方の生活の場となる施設です。入所条件や待機状況を確認します。,http://www.keijuen.or.jp,山形県山形市大字沼木68-1,023-674-9881,厚生労働省オープンデータ,https://www.mhlw.go.jp/content/12300000/jigyosho_540.csv,2025-12末,https://www.google.com/search?q=%E7%89%B9%E5%88%A5%E9%A4%8A%E8%AD%B7%E8%80%81%E4%BA%BA%E3%83%9B%E3%83%BC%E3%83%A0%E6%B2%BC%E6%9C%A8%E6%95%AC%E5%AF%BF%E5%9C%92%20%E5%B1%B1%E5%BD%A2%E5%B8%82
特別養護老人ホーム鈴川敬寿園,地域密着型特別養護老人ホーム,山形県,山形市,"介護,地域密着型特別養護老人ホーム,入所",常時介護が必要で在宅生活が難しい方の生活の場となる施設です。入所条件や待機状況を確認します。,http://www.keijuen.or.jp,山形市大野目２丁目２－６７,023-666-8100,厚生労働省オープンデータ,https://www.mhlw.go.jp/content/12300000/jigyosho_540.csv,2025-12末,https://www.google.com/search?q=%E7%89%B9%E5%88%A5%E9%A4%8A%E8%AD%B7%E8%80%81%E4%BA%BA%E3%83%9B%E3%83%BC%E3%83%A0%E9%88%B4%E5%B7%9D%E6%95%AC%E5%AF%BF%E5%9C%92%20%E5%B1%B1%E5%BD%A2%E5%B8%82
特別養護老人ホームあかしや共生苑,地域密着型特別養護老人ホーム,山形県,山形市,"介護,地域密着型特別養護老人ホーム,入所",常時介護が必要で在宅生活が難しい方の生活の場となる施設です。入所条件や待機状況を確認します。,http://www.y-shiminfukushikai.org,山形県山形市桧町３－４－１７,023-674-7777,厚生労働省オープンデータ,https://www.mhlw.go.jp/content/12300000/jigyosho_540.csv,2025-12末,https://www.google.com/search?q=%E7%89%B9%E5%88%A5%E9%A4%8A%E8%AD%B7%E8%80%81%E4%BA%BA%E3%83%9B%E3%83%BC%E3%83%A0%E3%81%82%E3%81%8B%E3%81%97%E3%82%84%E5%85%B1%E7%94%9F%E8%8B%91%20%E5%B1%B1%E5%BD%A2%E5%B8%82
地域密着型特別養護老人ホームサンシャイン大森,地域密着型特別養護老人ホーム,山形県,山形市,"介護,地域密着型特別養護老人ホーム,入所",常時介護が必要で在宅生活が難しい方の生活の場となる施設です。入所条件や待機状況を確認します。,https://www.sunshine-oomori.jp/,山形市大森2139番地1,023-685-1225,厚生労働省オープンデータ,https://www.mhlw.go.jp/content/12300000/jigyosho_540.csv,2025-12末,https://www.google.com/search?q=%E5%9C%B0%E5%9F%9F%E5%AF%86%E7%9D%80%E5%9E%8B%E7%89%B9%E5%88%A5%E9%A4%8A%E8%AD%B7%E8%80%81%E4%BA%BA%E3%83%9B%E3%83%BC%E3%83%A0%E3%82%B5%E3%83%B3%E3%82%B7%E3%83%A3%E3%82%A4%E3%83%B3%E5%A4%A7%E6%A3%AE%20%E5%B1%B1%E5%BD%A2%E5%B8%82
小規模特別養護老人ホームみこころの園南山形,地域密着型特別養護老人ホーム,山形県,山形市,"介護,地域密着型特別養護老人ホーム,入所",常時介護が必要で在宅生活が難しい方の生活の場となる施設です。入所条件や待機状況を確認します。,mikokoronosono.or.jp,山形県山形市大字松原字横手779番地1,023-665-1122,厚生労働省オープンデータ,https://www.mhlw.go.jp/content/12300000/jigyosho_540.csv,2025-12末,https://www.google.com/search?q=%E5%B0%8F%E8%A6%8F%E6%A8%A1%E7%89%B9%E5%88%A5%E9%A4%8A%E8%AD%B7%E8%80%81%E4%BA%BA%E3%83%9B%E3%83%BC%E3%83%A0%E3%81%BF%E3%81%93%E3%81%93%E3%82%8D%E3%81%AE%E5%9C%92%E5%8D%97%E5%B1%B1%E5%BD%A2%20%E5%B1%B1%E5%BD%A2%E5%B8%82
小規模特別養護老人ホーム　東部の郷,地域密着型特別養護老人ホーム,山形県,山形市,"介護,地域密着型特別養護老人ホーム,入所",常時介護が必要で在宅生活が難しい方の生活の場となる施設です。入所条件や待機状況を確認します。,http://www.kanyuukai.or.jp,山形県山形市松波三丁目４番５号ケアセンター松波,023-664-3851,厚生労働省オープンデータ,https://www.mhlw.go.jp/content/12300000/jigyosho_540.csv,2025-12末,https://www.google.com/search?q=%E5%B0%8F%E8%A6%8F%E6%A8%A1%E7%89%B9%E5%88%A5%E9%A4%8A%E8%AD%B7%E8%80%81%E4%BA%BA%E3%83%9B%E3%83%BC%E3%83%A0%E3%80%80%E6%9D%B1%E9%83%A8%E3%81%AE%E9%83%B7%20%E5%B1%B1%E5%BD%A2%E5%B8%82
小規模特別養護老人ホーム大曽根,地域密着型特別養護老人ホーム,山形県,山形市,"介護,地域密着型特別養護老人ホーム,入所",常時介護が必要で在宅生活が難しい方の生活の場となる施設です。入所条件や待機状況を確認します。,http://oosone-seioukai.com/,山形県山形市大字上反田８１１－１,023-674-7741,厚生労働省オープンデータ,https://www.mhlw.go.jp/content/12300000/jigyosho_540.csv,2025-12末,https://www.google.com/search?q=%E5%B0%8F%E8%A6%8F%E6%A8%A1%E7%89%B9%E5%88%A5%E9%A4%8A%E8%AD%B7%E8%80%81%E4%BA%BA%E3%83%9B%E3%83%BC%E3%83%A0%E5%A4%A7%E6%9B%BD%E6%A0%B9%20%E5%B1%B1%E5%BD%A2%E5%B8%82
小規模特別養護老人ホーム「あっぷるの里久保田」,地域密着型特別養護老人ホーム,山形県,山形市,"介護,地域密着型特別養護老人ホーム,入所",常時介護が必要で在宅生活が難しい方の生活の場となる施設です。入所条件や待機状況を確認します。,applenoato.sakura.ne.jp,山形県山形市久保田一丁目７番７号,023-647-6330,厚生労働省オープンデータ,https://www.mhlw.go.jp/content/12300000/jigyosho_540.csv,2025-12末,https://www.google.com/search?q=%E5%B0%8F%E8%A6%8F%E6%A8%A1%E7%89%B9%E5%88%A5%E9%A4%8A%E8%AD%B7%E8%80%81%E4%BA%BA%E3%83%9B%E3%83%BC%E3%83%A0%E3%80%8C%E3%81%82%E3%81%A3%E3%81%B7%E3%82%8B%E3%81%AE%E9%87%8C%E4%B9%85%E4%BF%9D%E7%94%B0%E3%80%8D%20%E5%B1%B1%E5%BD%A2%E5%B8%82
小規模特別養護老人ホーム　福寿草小荷駄町,地域密着型特別養護老人ホーム,山形県,山形市,"介護,地域密着型特別養護老人ホーム,入所",常時介護が必要で在宅生活が難しい方の生活の場となる施設です。入所条件や待機状況を確認します。,http://www.fukujukai.jp/,山形県山形市小荷駄町１２番４６号,023-666-6517,厚生労働省オープンデータ,https://www.mhlw.go.jp/content/12300000/jigyosho_540.csv,2025-12末,https://www.google.com/search?q=%E5%B0%8F%E8%A6%8F%E6%A8%A1%E7%89%B9%E5%88%A5%E9%A4%8A%E8%AD%B7%E8%80%81%E4%BA%BA%E3%83%9B%E3%83%BC%E3%83%A0%E3%80%80%E7%A6%8F%E5%AF%BF%E8%8D%89%E5%B0%8F%E8%8D%B7%E9%A7%84%E7%94%BA%20%E5%B1%B1%E5%BD%A2%E5%B8%82
特別養護老人ホームちとせノ杜,地域密着型特別養護老人ホーム,山形県,山形市,"介護,地域密着型特別養護老人ホーム,入所",常時介護が必要で在宅生活が難しい方の生活の場となる施設です。入所条件や待機状況を確認します。,https://www.izumi-no.mori.jp,山形市落合町２０５,023-634-5525,厚生労働省オープンデータ,https://www.mhlw.go.jp/content/12300000/jigyosho_540.csv,2025-12末,https://www.google.com/search?q=%E7%89%B9%E5%88%A5%E9%A4%8A%E8%AD%B7%E8%80%81%E4%BA%BA%E3%83%9B%E3%83%BC%E3%83%A0%E3%81%A1%E3%81%A8%E3%81%9B%E3%83%8E%E6%9D%9C%20%E5%B1%B1%E5%BD%A2%E5%B8%82
特別養護老人ホーム　べにはなノ杜,地域密着型特別養護老人ホーム,山形県,山形市,"介護,地域密着型特別養護老人ホーム,入所",常時介護が必要で在宅生活が難しい方の生活の場となる施設です。入所条件や待機状況を確認します。,http://www.chitosenomori.jp/,山形県山形市大字大森853番地,023-665-0316,厚生労働省オープンデータ,https://www.mhlw.go.jp/content/12300000/jigyosho_540.csv,2025-12末,https://www.google.com/search?q=%E7%89%B9%E5%88%A5%E9%A4%8A%E8%AD%B7%E8%80%81%E4%BA%BA%E3%83%9B%E3%83%BC%E3%83%A0%E3%80%80%E3%81%B9%E3%81%AB%E3%81%AF%E3%81%AA%E3%83%8E%E6%9D%9C%20%E5%B1%B1%E5%BD%A2%E5%B8%82
特別養護老人ホームせん寿ノ杜,地域密着型特別養護老人ホーム,山形県,山形市,"介護,地域密着型特別養護老人ホーム,入所",常時介護が必要で在宅生活が難しい方の生活の場となる施設です。入所条件や待機状況を確認します。,senjunomori@gmail.com,山形県山形市漆山字住吉715,023-674-8388,厚生労働省オープンデータ,https://www.mhlw.go.jp/content/12300000/jigyosho_540.csv,2025-12末,https://www.google.com/search?q=%E7%89%B9%E5%88%A5%E9%A4%8A%E8%AD%B7%E8%80%81%E4%BA%BA%E3%83%9B%E3%83%BC%E3%83%A0%E3%81%9B%E3%82%93%E5%AF%BF%E3%83%8E%E6%9D%9C%20%E5%B1%B1%E5%BD%A2%E5%B8%82
社会福祉法人　ユトリア会　ユトリアケアセンターかすみ,地域密着型特別養護老人ホーム,山形県,山形市,"介護,地域密着型特別養護老人ホーム,入所",常時介護が必要で在宅生活が難しい方の生活の場となる施設です。入所条件や待機状況を確認します。,http://utoria-kai.com,山形県山形市香澄町二丁目３番３２号,023-625-1294,厚生労働省オープンデータ,https://www.mhlw.go.jp/content/12300000/jigyosho_540.csv,2025-12末,https://www.google.com/search?q=%E7%A4%BE%E4%BC%9A%E7%A6%8F%E7%A5%89%E6%B3%95%E4%BA%BA%E3%80%80%E3%83%A6%E3%83%88%E3%83%AA%E3%82%A2%E4%BC%9A%E3%80%80%E3%83%A6%E3%83%88%E3%83%AA%E3%82%A2%E3%82%B1%E3%82%A2%E3%82%BB%E3%83%B3%E3%82%BF%E3%83%BC%E3%81%8B%E3%81%99%E3%81%BF%20%E5%B1%B1%E5%BD%A2%E5%B8%82
ユトリアケアセンターなりさわ,地域密着型特別養護老人ホーム,山形県,山形市,"介護,地域密着型特別養護老人ホーム,入所",常時介護が必要で在宅生活が難しい方の生活の場となる施設です。入所条件や待機状況を確認します。,http://utoria-kai.com,山形県山形市成沢西四丁目2番20号,023-674-7150,厚生労働省オープンデータ,https://www.mhlw.go.jp/content/12300000/jigyosho_540.csv,2025-12末,https://www.google.com/search?q=%E3%83%A6%E3%83%88%E3%83%AA%E3%82%A2%E3%82%B1%E3%82%A2%E3%82%BB%E3%83%B3%E3%82%BF%E3%83%BC%E3%81%AA%E3%82%8A%E3%81%95%E3%82%8F%20%E5%B1%B1%E5%BD%A2%E5%B8%82
地域密着型特別養護老人ホームあづま,地域密着型特別養護老人ホーム,山形県,米沢市,"介護,地域密着型特別養護老人ホーム,入所",常時介護が必要で在宅生活が難しい方の生活の場となる施設です。入所条件や待機状況を確認します。,https://www.y-aduma.com./,山形県米沢市大字李山8132番地11,0238-38-3850,厚生労働省オープンデータ,https://www.mhlw.go.jp/content/12300000/jigyosho_540.csv,2025-12末,https://www.google.com/search?q=%E5%9C%B0%E5%9F%9F%E5%AF%86%E7%9D%80%E5%9E%8B%E7%89%B9%E5%88%A5%E9%A4%8A%E8%AD%B7%E8%80%81%E4%BA%BA%E3%83%9B%E3%83%BC%E3%83%A0%E3%81%82%E3%81%A5%E3%81%BE%20%E7%B1%B3%E6%B2%A2%E5%B8%82
地域密着型特別養護老人ホーム回春堂,地域密着型特別養護老人ホーム,山形県,米沢市,"介護,地域密着型特別養護老人ホーム,入所",常時介護が必要で在宅生活が難しい方の生活の場となる施設です。入所条件や待機状況を確認します。,https://kaisyundo.jp/,大字花沢2986番地の1,0238-26-8850,厚生労働省オープンデータ,https://www.mhlw.go.jp/content/12300000/jigyosho_540.csv,2025-12末,https://www.google.com/search?q=%E5%9C%B0%E5%9F%9F%E5%AF%86%E7%9D%80%E5%9E%8B%E7%89%B9%E5%88%A5%E9%A4%8A%E8%AD%B7%E8%80%81%E4%BA%BA%E3%83%9B%E3%83%BC%E3%83%A0%E5%9B%9E%E6%98%A5%E5%A0%82%20%E7%B1%B3%E6%B2%A2%E5%B8%82
地域密着型小規模特別養護老人ホームめぐみの郷しらやま,地域密着型特別養護老人ホーム,山形県,鶴岡市,"介護,地域密着型特別養護老人ホーム,入所",常時介護が必要で在宅生活が難しい方の生活の場となる施設です。入所条件や待機状況を確認します。,http://www.s-megumikai.or.jp/,山形県鶴岡市白山字西木村101番地1,0235-64-1171,厚生労働省オープンデータ,https://www.mhlw.go.jp/content/12300000/jigyosho_540.csv,2025-12末,https://www.google.com/search?q=%E5%9C%B0%E5%9F%9F%E5%AF%86%E7%9D%80%E5%9E%8B%E5%B0%8F%E8%A6%8F%E6%A8%A1%E7%89%B9%E5%88%A5%E9%A4%8A%E8%AD%B7%E8%80%81%E4%BA%BA%E3%83%9B%E3%83%BC%E3%83%A0%E3%82%81%E3%81%90%E3%81%BF%E3%81%AE%E9%83%B7%E3%81%97%E3%82%89%E3%82%84%E3%81%BE%20%E9%B6%B4%E5%B2%A1%E5%B8%82
特別養護老人ホームぶなの杜,地域密着型特別養護老人ホーム,山形県,鶴岡市,"介護,地域密着型特別養護老人ホーム,入所",常時介護が必要で在宅生活が難しい方の生活の場となる施設です。入所条件や待機状況を確認します。,http://care-net.biz/06/bunanoki/company.php,鶴岡市熊出字東村152-1,0235-58-1535,厚生労働省オープンデータ,https://www.mhlw.go.jp/content/12300000/jigyosho_540.csv,2025-12末,https://www.google.com/search?q=%E7%89%B9%E5%88%A5%E9%A4%8A%E8%AD%B7%E8%80%81%E4%BA%BA%E3%83%9B%E3%83%BC%E3%83%A0%E3%81%B6%E3%81%AA%E3%81%AE%E6%9D%9C%20%E9%B6%B4%E5%B2%A1%E5%B8%82
地域密着型特別養護老人ホーム思恩,地域密着型特別養護老人ホーム,山形県,鶴岡市,"介護,地域密着型特別養護老人ホーム,入所",常時介護が必要で在宅生活が難しい方の生活の場となる施設です。入所条件や待機状況を確認します。,https://www.sionkai.or.jp/,鶴岡市馬町字枇杷川原23番地,0235-26-7610,厚生労働省オープンデータ,https://www.mhlw.go.jp/content/12300000/jigyosho_540.csv,2025-12末,https://www.google.com/search?q=%E5%9C%B0%E5%9F%9F%E5%AF%86%E7%9D%80%E5%9E%8B%E7%89%B9%E5%88%A5%E9%A4%8A%E8%AD%B7%E8%80%81%E4%BA%BA%E3%83%9B%E3%83%BC%E3%83%A0%E6%80%9D%E6%81%A9%20%E9%B6%B4%E5%B2%A1%E5%B8%82
小規模特別養護老人ホームともえ,地域密着型特別養護老人ホーム,山形県,鶴岡市,"介護,地域密着型特別養護老人ホーム,入所",常時介護が必要で在宅生活が難しい方の生活の場となる施設です。入所条件や待機状況を確認します。,http://www.keisen-swc.jp/index.html,山形県鶴岡市北茅原町17番1号恵泉会シニアサポートともえ,0235-35-0900,厚生労働省オープンデータ,https://www.mhlw.go.jp/content/12300000/jigyosho_540.csv,2025-12末,https://www.google.com/search?q=%E5%B0%8F%E8%A6%8F%E6%A8%A1%E7%89%B9%E5%88%A5%E9%A4%8A%E8%AD%B7%E8%80%81%E4%BA%BA%E3%83%9B%E3%83%BC%E3%83%A0%E3%81%A8%E3%82%82%E3%81%88%20%E9%B6%B4%E5%B2%A1%E5%B8%82
サテライト池幸園,地域密着型特別養護老人ホーム,山形県,鶴岡市,"介護,地域密着型特別養護老人ホーム,入所",常時介護が必要で在宅生活が難しい方の生活の場となる施設です。入所条件や待機状況を確認します。,http://www.ikkoukai.or.jp,山形県鶴岡市陽光町9番20号,0235-33-8106,厚生労働省オープンデータ,https://www.mhlw.go.jp/content/12300000/jigyosho_540.csv,2025-12末,https://www.google.com/search?q=%E3%82%B5%E3%83%86%E3%83%A9%E3%82%A4%E3%83%88%E6%B1%A0%E5%B9%B8%E5%9C%92%20%E9%B6%B4%E5%B2%A1%E5%B8%82
特別養護老人ホームかけはし,地域密着型特別養護老人ホーム,山形県,鶴岡市,"介護,地域密着型特別養護老人ホーム,入所",常時介護が必要で在宅生活が難しい方の生活の場となる施設です。入所条件や待機状況を確認します。,https://niji-kakehashi.or.jp/,山形県鶴岡市民田字代家田９９－１,０２３５－２５－１１３１,厚生労働省オープンデータ,https://www.mhlw.go.jp/content/12300000/jigyosho_540.csv,2025-12末,https://www.google.com/search?q=%E7%89%B9%E5%88%A5%E9%A4%8A%E8%AD%B7%E8%80%81%E4%BA%BA%E3%83%9B%E3%83%BC%E3%83%A0%E3%81%8B%E3%81%91%E3%81%AF%E3%81%97%20%E9%B6%B4%E5%B2%A1%E5%B8%82
地域密着型特別養護老人ホームあずま,地域密着型特別養護老人ホーム,山形県,酒田市,"介護,地域密着型特別養護老人ホーム,入所",常時介護が必要で在宅生活が難しい方の生活の場となる施設です。入所条件や待機状況を確認します。,http://www.east-azuma.or.jp,山形県酒田市生石字奥山155番地１地域密着型特別養護老人ホームあずま,0234-94-2800,厚生労働省オープンデータ,https://www.mhlw.go.jp/content/12300000/jigyosho_540.csv,2025-12末,https://www.google.com/search?q=%E5%9C%B0%E5%9F%9F%E5%AF%86%E7%9D%80%E5%9E%8B%E7%89%B9%E5%88%A5%E9%A4%8A%E8%AD%B7%E8%80%81%E4%BA%BA%E3%83%9B%E3%83%BC%E3%83%A0%E3%81%82%E3%81%9A%E3%81%BE%20%E9%85%92%E7%94%B0%E5%B8%82
小規模特別養護老人ホーム　ライフケア黒森,地域密着型特別養護老人ホーム,山形県,酒田市,"介護,地域密着型特別養護老人ホーム,入所",常時介護が必要で在宅生活が難しい方の生活の場となる施設です。入所条件や待機状況を確認します。,http：//syokaku-lc.com,山形県酒田市黒森字葭葉山５４番１０,０２３４－９２ー３３７１,厚生労働省オープンデータ,https://www.mhlw.go.jp/content/12300000/jigyosho_540.csv,2025-12末,https://www.google.com/search?q=%E5%B0%8F%E8%A6%8F%E6%A8%A1%E7%89%B9%E5%88%A5%E9%A4%8A%E8%AD%B7%E8%80%81%E4%BA%BA%E3%83%9B%E3%83%BC%E3%83%A0%E3%80%80%E3%83%A9%E3%82%A4%E3%83%95%E3%82%B1%E3%82%A2%E9%BB%92%E6%A3%AE%20%E9%85%92%E7%94%B0%E5%B8%82
特別養護老人ホームグランパ・グランマ,地域密着型特別養護老人ホーム,山形県,酒田市,"介護,地域密着型特別養護老人ホーム,入所",常時介護が必要で在宅生活が難しい方の生活の場となる施設です。入所条件や待機状況を確認します。,https://s-fukushi.jp/,山形県酒田市新橋3丁目1番地の1,0234-31-8255,厚生労働省オープンデータ,https://www.mhlw.go.jp/content/12300000/jigyosho_540.csv,2025-12末,https://www.google.com/search?q=%E7%89%B9%E5%88%A5%E9%A4%8A%E8%AD%B7%E8%80%81%E4%BA%BA%E3%83%9B%E3%83%BC%E3%83%A0%E3%82%B0%E3%83%A9%E3%83%B3%E3%83%91%E3%83%BB%E3%82%B0%E3%83%A9%E3%83%B3%E3%83%9E%20%E9%85%92%E7%94%B0%E5%B8%82
地域密着型介護老人福祉施設あおい,地域密着型特別養護老人ホーム,山形県,酒田市,"介護,地域密着型特別養護老人ホーム,入所",常時介護が必要で在宅生活が難しい方の生活の場となる施設です。入所条件や待機状況を確認します。,http://www.koufukai.or.jp,山形県酒田市緑ヶ丘2-16-1,0234-41-2260,厚生労働省オープンデータ,https://www.mhlw.go.jp/content/12300000/jigyosho_540.csv,2025-12末,https://www.google.com/search?q=%E5%9C%B0%E5%9F%9F%E5%AF%86%E7%9D%80%E5%9E%8B%E4%BB%8B%E8%AD%B7%E8%80%81%E4%BA%BA%E7%A6%8F%E7%A5%89%E6%96%BD%E8%A8%AD%E3%81%82%E3%81%8A%E3%81%84%20%E9%85%92%E7%94%B0%E5%B8%82
地域密着型特別養護老人ホームサン・シティII,地域密着型特別養護老人ホーム,山形県,酒田市,"介護,地域密着型特別養護老人ホーム,入所",常時介護が必要で在宅生活が難しい方の生活の場となる施設です。入所条件や待機状況を確認します。,http://www4.ocn.ne.jp/~suncity,山形県酒田市曙町二丁目28番地の５,0234-26-7770,厚生労働省オープンデータ,https://www.mhlw.go.jp/content/12300000/jigyosho_540.csv,2025-12末,https://www.google.com/search?q=%E5%9C%B0%E5%9F%9F%E5%AF%86%E7%9D%80%E5%9E%8B%E7%89%B9%E5%88%A5%E9%A4%8A%E8%AD%B7%E8%80%81%E4%BA%BA%E3%83%9B%E3%83%BC%E3%83%A0%E3%82%B5%E3%83%B3%E3%83%BB%E3%82%B7%E3%83%86%E3%82%A3II%20%E9%85%92%E7%94%B0%E5%B8%82
特別養護老人ホーム醍醐,地域密着型特別養護老人ホーム,山形県,寒河江市,"介護,地域密着型特別養護老人ホーム,入所",常時介護が必要で在宅生活が難しい方の生活の場となる施設です。入所条件や待機状況を確認します。,http://subaru-sagae.or.jp/,山形県寒河江市慈恩寺235番地,0237840309,厚生労働省オープンデータ,https://www.mhlw.go.jp/content/12300000/jigyosho_540.csv,2025-12末,https://www.google.com/search?q=%E7%89%B9%E5%88%A5%E9%A4%8A%E8%AD%B7%E8%80%81%E4%BA%BA%E3%83%9B%E3%83%BC%E3%83%A0%E9%86%8D%E9%86%90%20%E5%AF%92%E6%B2%B3%E6%B1%9F%E5%B8%82
地域密着型特別養護老人ホーム長生園,地域密着型特別養護老人ホーム,山形県,寒河江市,"介護,地域密着型特別養護老人ホーム,入所",常時介護が必要で在宅生活が難しい方の生活の場となる施設です。入所条件や待機状況を確認します。,https://www.chouseien.or.jp,山形県寒河江市大字柴橋２２４６番地の１,0237-86-8868,厚生労働省オープンデータ,https://www.mhlw.go.jp/content/12300000/jigyosho_540.csv,2025-12末,https://www.google.com/search?q=%E5%9C%B0%E5%9F%9F%E5%AF%86%E7%9D%80%E5%9E%8B%E7%89%B9%E5%88%A5%E9%A4%8A%E8%AD%B7%E8%80%81%E4%BA%BA%E3%83%9B%E3%83%BC%E3%83%A0%E9%95%B7%E7%94%9F%E5%9C%92%20%E5%AF%92%E6%B2%B3%E6%B1%9F%E5%B8%82
地域密着型特別養護老人ホームさがえ,地域密着型特別養護老人ホーム,山形県,寒河江市,"介護,地域密着型特別養護老人ホーム,入所",常時介護が必要で在宅生活が難しい方の生活の場となる施設です。入所条件や待機状況を確認します。,http://www.sagae-yuuyuukai.org,寒河江市大字白岩6330番地の1,0237-85-1321,厚生労働省オープンデータ,https://www.mhlw.go.jp/content/12300000/jigyosho_540.csv,2025-12末,https://www.google.com/search?q=%E5%9C%B0%E5%9F%9F%E5%AF%86%E7%9D%80%E5%9E%8B%E7%89%B9%E5%88%A5%E9%A4%8A%E8%AD%B7%E8%80%81%E4%BA%BA%E3%83%9B%E3%83%BC%E3%83%A0%E3%81%95%E3%81%8C%E3%81%88%20%E5%AF%92%E6%B2%B3%E6%B1%9F%E5%B8%82
特別養護老人ホームさくら,地域密着型特別養護老人ホーム,山形県,寒河江市,"介護,地域密着型特別養護老人ホーム,入所",常時介護が必要で在宅生活が難しい方の生活の場となる施設です。入所条件や待機状況を確認します。,https://vesita.co.jp/subaru/,山形県寒河江市大字白岩112番地の62,0237-84-7873,厚生労働省オープンデータ,https://www.mhlw.go.jp/content/12300000/jigyosho_540.csv,2025-12末,https://www.google.com/search?q=%E7%89%B9%E5%88%A5%E9%A4%8A%E8%AD%B7%E8%80%81%E4%BA%BA%E3%83%9B%E3%83%BC%E3%83%A0%E3%81%95%E3%81%8F%E3%82%89%20%E5%AF%92%E6%B2%B3%E6%B1%9F%E5%B8%82
地域密着型特別養護老人ホームみずほの里,地域密着型特別養護老人ホーム,山形県,上山市,"介護,地域密着型特別養護老人ホーム,入所",常時介護が必要で在宅生活が難しい方の生活の場となる施設です。入所条件や待機状況を確認します。,http://miyuki-fukushi.jp/,山形県上山市牧野字清水21-1,023-674-3388,厚生労働省オープンデータ,https://www.mhlw.go.jp/content/12300000/jigyosho_540.csv,2025-12末,https://www.google.com/search?q=%E5%9C%B0%E5%9F%9F%E5%AF%86%E7%9D%80%E5%9E%8B%E7%89%B9%E5%88%A5%E9%A4%8A%E8%AD%B7%E8%80%81%E4%BA%BA%E3%83%9B%E3%83%BC%E3%83%A0%E3%81%BF%E3%81%9A%E3%81%BB%E3%81%AE%E9%87%8C%20%E4%B8%8A%E5%B1%B1%E5%B8%82
地域密着型特別養護老人ホームながすずの里,地域密着型特別養護老人ホーム,山形県,上山市,"介護,地域密着型特別養護老人ホーム,入所",常時介護が必要で在宅生活が難しい方の生活の場となる施設です。入所条件や待機状況を確認します。,https://miyuki-fukushi.jp,山形県上山市長清水2丁目5番19号,023-666-7780,厚生労働省オープンデータ,https://www.mhlw.go.jp/content/12300000/jigyosho_540.csv,2025-12末,https://www.google.com/search?q=%E5%9C%B0%E5%9F%9F%E5%AF%86%E7%9D%80%E5%9E%8B%E7%89%B9%E5%88%A5%E9%A4%8A%E8%AD%B7%E8%80%81%E4%BA%BA%E3%83%9B%E3%83%BC%E3%83%A0%E3%81%AA%E3%81%8C%E3%81%99%E3%81%9A%E3%81%AE%E9%87%8C%20%E4%B8%8A%E5%B1%B1%E5%B8%82
地域密着型特別養護老人ホームむらやま,地域密着型特別養護老人ホーム,山形県,村山市,"介護,地域密着型特別養護老人ホーム,入所",常時介護が必要で在宅生活が難しい方の生活の場となる施設です。入所条件や待機状況を確認します。,http://kjg-net.jp/,山形県村山市中央二丁目３番４６号,0237-52-3456,厚生労働省オープンデータ,https://www.mhlw.go.jp/content/12300000/jigyosho_540.csv,2025-12末,https://www.google.com/search?q=%E5%9C%B0%E5%9F%9F%E5%AF%86%E7%9D%80%E5%9E%8B%E7%89%B9%E5%88%A5%E9%A4%8A%E8%AD%B7%E8%80%81%E4%BA%BA%E3%83%9B%E3%83%BC%E3%83%A0%E3%82%80%E3%82%89%E3%82%84%E3%81%BE%20%E6%9D%91%E5%B1%B1%E5%B8%82
小規模特別養護老人ホームはやまホーム,地域密着型特別養護老人ホーム,山形県,村山市,"介護,地域密着型特別養護老人ホーム,入所",常時介護が必要で在宅生活が難しい方の生活の場となる施設です。入所条件や待機状況を確認します。,http://murayama-hikari-kouseikai.jp/,村山市大字湯野沢1881番地の6,0237-54-2055,厚生労働省オープンデータ,https://www.mhlw.go.jp/content/12300000/jigyosho_540.csv,2025-12末,https://www.google.com/search?q=%E5%B0%8F%E8%A6%8F%E6%A8%A1%E7%89%B9%E5%88%A5%E9%A4%8A%E8%AD%B7%E8%80%81%E4%BA%BA%E3%83%9B%E3%83%BC%E3%83%A0%E3%81%AF%E3%82%84%E3%81%BE%E3%83%9B%E3%83%BC%E3%83%A0%20%E6%9D%91%E5%B1%B1%E5%B8%82
地域密着型特別養護老人ホーム袖崎,地域密着型特別養護老人ホーム,山形県,村山市,"介護,地域密着型特別養護老人ホーム,入所",常時介護が必要で在宅生活が難しい方の生活の場となる施設です。入所条件や待機状況を確認します。,http://www.tihiro.jp,山形県村山市大字土生田２６０−４,０２３７−５２−８８７１,厚生労働省オープンデータ,https://www.mhlw.go.jp/content/12300000/jigyosho_540.csv,2025-12末,https://www.google.com/search?q=%E5%9C%B0%E5%9F%9F%E5%AF%86%E7%9D%80%E5%9E%8B%E7%89%B9%E5%88%A5%E9%A4%8A%E8%AD%B7%E8%80%81%E4%BA%BA%E3%83%9B%E3%83%BC%E3%83%A0%E8%A2%96%E5%B4%8E%20%E6%9D%91%E5%B1%B1%E5%B8%82
地域密着型特別養護老人ホーム野の香,地域密着型特別養護老人ホーム,山形県,長井市,"介護,地域密着型特別養護老人ホーム,入所",常時介護が必要で在宅生活が難しい方の生活の場となる施設です。入所条件や待機状況を確認します。,https://www.riverhill.jp/,長井市館町南９番６３号,0238-87-0567,厚生労働省オープンデータ,https://www.mhlw.go.jp/content/12300000/jigyosho_540.csv,2025-12末,https://www.google.com/search?q=%E5%9C%B0%E5%9F%9F%E5%AF%86%E7%9D%80%E5%9E%8B%E7%89%B9%E5%88%A5%E9%A4%8A%E8%AD%B7%E8%80%81%E4%BA%BA%E3%83%9B%E3%83%BC%E3%83%A0%E9%87%8E%E3%81%AE%E9%A6%99%20%E9%95%B7%E4%BA%95%E5%B8%82
特別養護老人ホームつるかめの縁,地域密着型特別養護老人ホーム,山形県,天童市,"介護,地域密着型特別養護老人ホーム,入所",常時介護が必要で在宅生活が難しい方の生活の場となる施設です。入所条件や待機状況を確認します。,http://tendo-turukame.com/,山形県天童市大字小関７７番地１,023-652-1255,厚生労働省オープンデータ,https://www.mhlw.go.jp/content/12300000/jigyosho_540.csv,2025-12末,https://www.google.com/search?q=%E7%89%B9%E5%88%A5%E9%A4%8A%E8%AD%B7%E8%80%81%E4%BA%BA%E3%83%9B%E3%83%BC%E3%83%A0%E3%81%A4%E3%82%8B%E3%81%8B%E3%82%81%E3%81%AE%E7%B8%81%20%E5%A4%A9%E7%AB%A5%E5%B8%82
地域密着型特別養護老人ホーム　きらめきの里,地域密着型特別養護老人ホーム,山形県,天童市,"介護,地域密着型特別養護老人ホーム,入所",常時介護が必要で在宅生活が難しい方の生活の場となる施設です。入所条件や待機状況を確認します。,http://www.mirai-welfare.jp/,山形県天童市大字山口４５４０－１,０２３－６６５－５３３３,厚生労働省オープンデータ,https://www.mhlw.go.jp/content/12300000/jigyosho_540.csv,2025-12末,https://www.google.com/search?q=%E5%9C%B0%E5%9F%9F%E5%AF%86%E7%9D%80%E5%9E%8B%E7%89%B9%E5%88%A5%E9%A4%8A%E8%AD%B7%E8%80%81%E4%BA%BA%E3%83%9B%E3%83%BC%E3%83%A0%E3%80%80%E3%81%8D%E3%82%89%E3%82%81%E3%81%8D%E3%81%AE%E9%87%8C%20%E5%A4%A9%E7%AB%A5%E5%B8%82
地域密着型特別養護老人ホーム清幸園,地域密着型特別養護老人ホーム,山形県,天童市,"介護,地域密着型特別養護老人ホーム,入所",常時介護が必要で在宅生活が難しい方の生活の場となる施設です。入所条件や待機状況を確認します。,https://www.tendo-seikouen.org/,山形県天童市大字大清水491番地1,023-687-1120,厚生労働省オープンデータ,https://www.mhlw.go.jp/content/12300000/jigyosho_540.csv,2025-12末,https://www.google.com/search?q=%E5%9C%B0%E5%9F%9F%E5%AF%86%E7%9D%80%E5%9E%8B%E7%89%B9%E5%88%A5%E9%A4%8A%E8%AD%B7%E8%80%81%E4%BA%BA%E3%83%9B%E3%83%BC%E3%83%A0%E6%B8%85%E5%B9%B8%E5%9C%92%20%E5%A4%A9%E7%AB%A5%E5%B8%82
地域密着型特別養護老人ホームたかだま,地域密着型特別養護老人ホーム,山形県,天童市,"介護,地域密着型特別養護老人ホーム,入所",常時介護が必要で在宅生活が難しい方の生活の場となる施設です。入所条件や待機状況を確認します。,https://uyo-sato.jimdo.com/,山形県天童市大字清池１５５９番１,023-674-8711,厚生労働省オープンデータ,https://www.mhlw.go.jp/content/12300000/jigyosho_540.csv,2025-12末,https://www.google.com/search?q=%E5%9C%B0%E5%9F%9F%E5%AF%86%E7%9D%80%E5%9E%8B%E7%89%B9%E5%88%A5%E9%A4%8A%E8%AD%B7%E8%80%81%E4%BA%BA%E3%83%9B%E3%83%BC%E3%83%A0%E3%81%9F%E3%81%8B%E3%81%A0%E3%81%BE%20%E5%A4%A9%E7%AB%A5%E5%B8%82
地域密着型特別養護老人ホーム本丸ホーム,地域密着型特別養護老人ホーム,山形県,東根市,"介護,地域密着型特別養護老人ホーム,入所",常時介護が必要で在宅生活が難しい方の生活の場となる施設です。入所条件や待機状況を確認します。,http://www.higashine-fukushikai.org,山形県東根市本丸南1-10-16,0237-43-6980,厚生労働省オープンデータ,https://www.mhlw.go.jp/content/12300000/jigyosho_540.csv,2025-12末,https://www.google.com/search?q=%E5%9C%B0%E5%9F%9F%E5%AF%86%E7%9D%80%E5%9E%8B%E7%89%B9%E5%88%A5%E9%A4%8A%E8%AD%B7%E8%80%81%E4%BA%BA%E3%83%9B%E3%83%BC%E3%83%A0%E6%9C%AC%E4%B8%B8%E3%83%9B%E3%83%BC%E3%83%A0%20%E6%9D%B1%E6%A0%B9%E5%B8%82
特別養護老人ホームつばさノ杜,地域密着型特別養護老人ホーム,山形県,南陽市,"介護,地域密着型特別養護老人ホーム,入所",常時介護が必要で在宅生活が難しい方の生活の場となる施設です。入所条件や待機状況を確認します。,https://www.izumi-no-mori.jp,山形県南陽市若狭郷屋８１１番地の１,0238-40-8839,厚生労働省オープンデータ,https://www.mhlw.go.jp/content/12300000/jigyosho_540.csv,2025-12末,https://www.google.com/search?q=%E7%89%B9%E5%88%A5%E9%A4%8A%E8%AD%B7%E8%80%81%E4%BA%BA%E3%83%9B%E3%83%BC%E3%83%A0%E3%81%A4%E3%81%B0%E3%81%95%E3%83%8E%E6%9D%9C%20%E5%8D%97%E9%99%BD%E5%B8%82
桜の里双葉,地域密着型特別養護老人ホーム,山形県,南陽市,"介護,地域密着型特別養護老人ホーム,入所",常時介護が必要で在宅生活が難しい方の生活の場となる施設です。入所条件や待機状況を確認します。,http://futaba-nanyo.sakura.ne.jp,南陽市椚塚１６９０,0238-50-1588,厚生労働省オープンデータ,https://www.mhlw.go.jp/content/12300000/jigyosho_540.csv,2025-12末,https://www.google.com/search?q=%E6%A1%9C%E3%81%AE%E9%87%8C%E5%8F%8C%E8%91%89%20%E5%8D%97%E9%99%BD%E5%B8%82
地域密着型特別養護老人ホームやまのべ荘,地域密着型特別養護老人ホーム,山形県,山辺町,"介護,地域密着型特別養護老人ホーム,入所",常時介護が必要で在宅生活が難しい方の生活の場となる施設です。入所条件や待機状況を確認します。,http://www.yamagata-saiseikai.org,山形県東村山郡山辺町大字大塚８１４番地の２,023－665－7891,厚生労働省オープンデータ,https://www.mhlw.go.jp/content/12300000/jigyosho_540.csv,2025-12末,https://www.google.com/search?q=%E5%9C%B0%E5%9F%9F%E5%AF%86%E7%9D%80%E5%9E%8B%E7%89%B9%E5%88%A5%E9%A4%8A%E8%AD%B7%E8%80%81%E4%BA%BA%E3%83%9B%E3%83%BC%E3%83%A0%E3%82%84%E3%81%BE%E3%81%AE%E3%81%B9%E8%8D%98%20%E5%B1%B1%E8%BE%BA%E7%94%BA
中山ひまわり荘指定地域密着型介護老人福祉施設,地域密着型特別養護老人ホーム,山形県,中山町,"介護,地域密着型特別養護老人ホーム,入所",常時介護が必要で在宅生活が難しい方の生活の場となる施設です。入所条件や待機状況を確認します。,https://www.google.com/search?q=%E4%B8%AD%E5%B1%B1%E3%81%B2%E3%81%BE%E3%82%8F%E3%82%8A%E8%8D%98%E6%8C%87%E5%AE%9A%E5%9C%B0%E5%9F%9F%E5%AF%86%E7%9D%80%E5%9E%8B%E4%BB%8B%E8%AD%B7%E8%80%81%E4%BA%BA%E7%A6%8F%E7%A5%89%E6%96%BD%E8%A8%AD%20%E4%B8%AD%E5%B1%B1%E7%94%BA,山形県東村山郡中山町大字柳沢2333番地,023-662-6633,厚生労働省オープンデータ,https://www.mhlw.go.jp/content/12300000/jigyosho_540.csv,2025-12末,https://www.google.com/search?q=%E4%B8%AD%E5%B1%B1%E3%81%B2%E3%81%BE%E3%82%8F%E3%82%8A%E8%8D%98%E6%8C%87%E5%AE%9A%E5%9C%B0%E5%9F%9F%E5%AF%86%E7%9D%80%E5%9E%8B%E4%BB%8B%E8%AD%B7%E8%80%81%E4%BA%BA%E7%A6%8F%E7%A5%89%E6%96%BD%E8%A8%AD%20%E4%B8%AD%E5%B1%B1%E7%94%BA
地域密着型特別養護老人ホーム眺葉の家,地域密着型特別養護老人ホーム,山形県,河北町,"介護,地域密着型特別養護老人ホーム,入所",常時介護が必要で在宅生活が難しい方の生活の場となる施設です。入所条件や待機状況を確認します。,http://tyoyoen.jp,山形県西村山郡河北町谷地字東685番地,0237-73-5030,厚生労働省オープンデータ,https://www.mhlw.go.jp/content/12300000/jigyosho_540.csv,2025-12末,https://www.google.com/search?q=%E5%9C%B0%E5%9F%9F%E5%AF%86%E7%9D%80%E5%9E%8B%E7%89%B9%E5%88%A5%E9%A4%8A%E8%AD%B7%E8%80%81%E4%BA%BA%E3%83%9B%E3%83%BC%E3%83%A0%E7%9C%BA%E8%91%89%E3%81%AE%E5%AE%B6%20%E6%B2%B3%E5%8C%97%E7%94%BA
地域密着型特別養護老人ホームひいなの里,地域密着型特別養護老人ホーム,山形県,河北町,"介護,地域密着型特別養護老人ホーム,入所",常時介護が必要で在宅生活が難しい方の生活の場となる施設です。入所条件や待機状況を確認します。,https://miyuki-fukushi.jp/,山形県西村山郡河北町谷地字月山堂１２１７－５,0237-71-1880,厚生労働省オープンデータ,https://www.mhlw.go.jp/content/12300000/jigyosho_540.csv,2025-12末,https://www.google.com/search?q=%E5%9C%B0%E5%9F%9F%E5%AF%86%E7%9D%80%E5%9E%8B%E7%89%B9%E5%88%A5%E9%A4%8A%E8%AD%B7%E8%80%81%E4%BA%BA%E3%83%9B%E3%83%BC%E3%83%A0%E3%81%B2%E3%81%84%E3%81%AA%E3%81%AE%E9%87%8C%20%E6%B2%B3%E5%8C%97%E7%94%BA
地域密着型特別養護老人ホームソーレ大石田,地域密着型特別養護老人ホーム,山形県,大石田町,"介護,地域密着型特別養護老人ホーム,入所",常時介護が必要で在宅生活が難しい方の生活の場となる施設です。入所条件や待機状況を確認します。,https://taiyo-fukushikai.jp/,山形県北村山郡大石田町大字大石田駒籠４１３番地,０２３７－５３－１０７７,厚生労働省オープンデータ,https://www.mhlw.go.jp/content/12300000/jigyosho_540.csv,2025-12末,https://www.google.com/search?q=%E5%9C%B0%E5%9F%9F%E5%AF%86%E7%9D%80%E5%9E%8B%E7%89%B9%E5%88%A5%E9%A4%8A%E8%AD%B7%E8%80%81%E4%BA%BA%E3%83%9B%E3%83%BC%E3%83%A0%E3%82%BD%E3%83%BC%E3%83%AC%E5%A4%A7%E7%9F%B3%E7%94%B0%20%E5%A4%A7%E7%9F%B3%E7%94%B0%E7%94%BA
地域密着型介護老人福祉施設ほなみ,地域密着型特別養護老人ホーム,山形県,舟形町,"介護,地域密着型特別養護老人ホーム,入所",常時介護が必要で在宅生活が難しい方の生活の場となる施設です。入所条件や待機状況を確認します。,http://shuwakai.jp/,山形県最上郡舟形町舟形４２番地１,0233-32-3900,厚生労働省オープンデータ,https://www.mhlw.go.jp/content/12300000/jigyosho_540.csv,2025-12末,https://www.google.com/search?q=%E5%9C%B0%E5%9F%9F%E5%AF%86%E7%9D%80%E5%9E%8B%E4%BB%8B%E8%AD%B7%E8%80%81%E4%BA%BA%E7%A6%8F%E7%A5%89%E6%96%BD%E8%A8%AD%E3%81%BB%E3%81%AA%E3%81%BF%20%E8%88%9F%E5%BD%A2%E7%94%BA
地域密着型特別養護老人ホーム「悠悠」,地域密着型特別養護老人ホーム,山形県,真室川町,"介護,地域密着型特別養護老人ホーム,入所",常時介護が必要で在宅生活が難しい方の生活の場となる施設です。入所条件や待機状況を確認します。,https://www.google.com/search?q=%E5%9C%B0%E5%9F%9F%E5%AF%86%E7%9D%80%E5%9E%8B%E7%89%B9%E5%88%A5%E9%A4%8A%E8%AD%B7%E8%80%81%E4%BA%BA%E3%83%9B%E3%83%BC%E3%83%A0%E3%80%8C%E6%82%A0%E6%82%A0%E3%80%8D%20%E7%9C%9F%E5%AE%A4%E5%B7%9D%E7%94%BA,山形県最上郡真室川町大字新町４６９番５,0233-62-3431,厚生労働省オープンデータ,https://www.mhlw.go.jp/content/12300000/jigyosho_540.csv,2025-12末,https://www.google.com/search?q=%E5%9C%B0%E5%9F%9F%E5%AF%86%E7%9D%80%E5%9E%8B%E7%89%B9%E5%88%A5%E9%A4%8A%E8%AD%B7%E8%80%81%E4%BA%BA%E3%83%9B%E3%83%BC%E3%83%A0%E3%80%8C%E6%82%A0%E6%82%A0%E3%80%8D%20%E7%9C%9F%E5%AE%A4%E5%B7%9D%E7%94%BA
特別養護老人ホーム　マイスカイ中山,地域密着型特別養護老人ホーム,山形県,白鷹町,"介護,地域密着型特別養護老人ホーム,入所",常時介護が必要で在宅生活が難しい方の生活の場となる施設です。入所条件や待機状況を確認します。,http://mysky-nakayama.jp,西置賜郡白鷹町大字中山２７６０番地,０２３８－８５－６６３６,厚生労働省オープンデータ,https://www.mhlw.go.jp/content/12300000/jigyosho_540.csv,2025-12末,https://www.google.com/search?q=%E7%89%B9%E5%88%A5%E9%A4%8A%E8%AD%B7%E8%80%81%E4%BA%BA%E3%83%9B%E3%83%BC%E3%83%A0%E3%80%80%E3%83%9E%E3%82%A4%E3%82%B9%E3%82%AB%E3%82%A4%E4%B8%AD%E5%B1%B1%20%E7%99%BD%E9%B7%B9%E7%94%BA
地域密着型特別養護老人ホームひめさゆりの丘,地域密着型特別養護老人ホーム,山形県,飯豊町,"介護,地域密着型特別養護老人ホーム,入所",常時介護が必要で在宅生活が難しい方の生活の場となる施設です。入所条件や待機状況を確認します。,http://himesayurisou.jp,山形県西置賜郡飯豊町大字添川3514番地82,0238-74-2300,厚生労働省オープンデータ,https://www.mhlw.go.jp/content/12300000/jigyosho_540.csv,2025-12末,https://www.google.com/search?q=%E5%9C%B0%E5%9F%9F%E5%AF%86%E7%9D%80%E5%9E%8B%E7%89%B9%E5%88%A5%E9%A4%8A%E8%AD%B7%E8%80%81%E4%BA%BA%E3%83%9B%E3%83%BC%E3%83%A0%E3%81%B2%E3%82%81%E3%81%95%E3%82%86%E3%82%8A%E3%81%AE%E4%B8%98%20%E9%A3%AF%E8%B1%8A%E7%94%BA
ユニット型地域密着型特別養護老人ホームなの花荘,地域密着型特別養護老人ホーム,山形県,三川町,"介護,地域密着型特別養護老人ホーム,入所",常時介護が必要で在宅生活が難しい方の生活の場となる施設です。入所条件や待機状況を確認します。,https://www.nanohanaso.or.jp,山形県東田川郡三川町大字横山字堤１８９番地２,0235-66-4831,厚生労働省オープンデータ,https://www.mhlw.go.jp/content/12300000/jigyosho_540.csv,2025-12末,https://www.google.com/search?q=%E3%83%A6%E3%83%8B%E3%83%83%E3%83%88%E5%9E%8B%E5%9C%B0%E5%9F%9F%E5%AF%86%E7%9D%80%E5%9E%8B%E7%89%B9%E5%88%A5%E9%A4%8A%E8%AD%B7%E8%80%81%E4%BA%BA%E3%83%9B%E3%83%BC%E3%83%A0%E3%81%AA%E3%81%AE%E8%8A%B1%E8%8D%98%20%E4%B8%89%E5%B7%9D%E7%94%BA
地域密着型　特別養護老人ホーム　ラ・ルーナ,地域密着型特別養護老人ホーム,山形県,庄内町,"介護,地域密着型特別養護老人ホーム,入所",常時介護が必要で在宅生活が難しい方の生活の場となる施設です。入所条件や待機状況を確認します。,http://ｗｗｗ.ｍｉｎｏｒｉ-ｆ.ｏｒ.ｊｐ,山形県東田川郡庄内町余目字矢口　92番地1,0234-43-6730,厚生労働省オープンデータ,https://www.mhlw.go.jp/content/12300000/jigyosho_540.csv,2025-12末,https://www.google.com/search?q=%E5%9C%B0%E5%9F%9F%E5%AF%86%E7%9D%80%E5%9E%8B%E3%80%80%E7%89%B9%E5%88%A5%E9%A4%8A%E8%AD%B7%E8%80%81%E4%BA%BA%E3%83%9B%E3%83%BC%E3%83%A0%E3%80%80%E3%83%A9%E3%83%BB%E3%83%AB%E3%83%BC%E3%83%8A%20%E5%BA%84%E5%86%85%E7%94%BA
特別養護老人ホームにしだて,地域密着型特別養護老人ホーム,山形県,遊佐町,"介護,地域密着型特別養護老人ホーム,入所",常時介護が必要で在宅生活が難しい方の生活の場となる施設です。入所条件や待機状況を確認します。,http://www.yuzakouseikai.or.jp,山形県飽海郡遊佐町吹浦字西楯２３番地の９,0234-71-6061,厚生労働省オープンデータ,https://www.mhlw.go.jp/content/12300000/jigyosho_540.csv,2025-12末,https://www.google.com/search?q=%E7%89%B9%E5%88%A5%E9%A4%8A%E8%AD%B7%E8%80%81%E4%BA%BA%E3%83%9B%E3%83%BC%E3%83%A0%E3%81%AB%E3%81%97%E3%81%A0%E3%81%A6%20%E9%81%8A%E4%BD%90%E7%94%BA
特別養護老人ホーム松濤荘,地域密着型特別養護老人ホーム,山形県,遊佐町,"介護,地域密着型特別養護老人ホーム,入所",常時介護が必要で在宅生活が難しい方の生活の場となる施設です。入所条件や待機状況を確認します。,http://www.ｙｓｊ.or.jp/home/matsunami/inndex.html,山形県飽海郡遊佐町菅里字菅野南山７番地１,０２３４－７６－２１０３,厚生労働省オープンデータ,https://www.mhlw.go.jp/content/12300000/jigyosho_540.csv,2025-12末,https://www.google.com/search?q=%E7%89%B9%E5%88%A5%E9%A4%8A%E8%AD%B7%E8%80%81%E4%BA%BA%E3%83%9B%E3%83%BC%E3%83%A0%E6%9D%BE%E6%BF%A4%E8%8D%98%20%E9%81%8A%E4%BD%90%E7%94%BA
長岡医院　介護医療院,介護医療院,山形県,山形市,"介護,介護医療院,医療,入所",長期的な医療管理と介護の両方が必要な方の入所施設です。,https://www.google.com/search?q=%E9%95%B7%E5%B2%A1%E5%8C%BB%E9%99%A2%E3%80%80%E4%BB%8B%E8%AD%B7%E5%8C%BB%E7%99%82%E9%99%A2%20%E5%B1%B1%E5%BD%A2%E5%B8%82,山形県山形市七日町四丁目５－２０,023-622-1191,厚生労働省オープンデータ,https://www.mhlw.go.jp/content/12300000/jigyosho_550.csv,2025-12末,https://www.google.com/search?q=%E9%95%B7%E5%B2%A1%E5%8C%BB%E9%99%A2%E3%80%80%E4%BB%8B%E8%AD%B7%E5%8C%BB%E7%99%82%E9%99%A2%20%E5%B1%B1%E5%BD%A2%E5%B8%82
介護医療院松田外科医院,介護医療院,山形県,米沢市,"介護,介護医療院,医療,入所",長期的な医療管理と介護の両方が必要な方の入所施設です。,https://www.google.com/search?q=%E4%BB%8B%E8%AD%B7%E5%8C%BB%E7%99%82%E9%99%A2%E6%9D%BE%E7%94%B0%E5%A4%96%E7%A7%91%E5%8C%BB%E9%99%A2%20%E7%B1%B3%E6%B2%A2%E5%B8%82,山形県米沢市城西4-4-25,0238-21-1155,厚生労働省オープンデータ,https://www.mhlw.go.jp/content/12300000/jigyosho_550.csv,2025-12末,https://www.google.com/search?q=%E4%BB%8B%E8%AD%B7%E5%8C%BB%E7%99%82%E9%99%A2%E6%9D%BE%E7%94%B0%E5%A4%96%E7%A7%91%E5%8C%BB%E9%99%A2%20%E7%B1%B3%E6%B2%A2%E5%B8%82
三友堂介護医療院,介護医療院,山形県,米沢市,"介護,介護医療院,医療,入所",長期的な医療管理と介護の両方が必要な方の入所施設です。,https://kaigoiryouin.sanyudo.or.jp,山形県米沢市成島町３丁目２番９０号,0238-21-8100,厚生労働省オープンデータ,https://www.mhlw.go.jp/content/12300000/jigyosho_550.csv,2025-12末,https://www.google.com/search?q=%E4%B8%89%E5%8F%8B%E5%A0%82%E4%BB%8B%E8%AD%B7%E5%8C%BB%E7%99%82%E9%99%A2%20%E7%B1%B3%E6%B2%A2%E5%B8%82
吉川記念病院介護医療院,介護医療院,山形県,長井市,"介護,介護医療院,医療,入所",長期的な医療管理と介護の両方が必要な方の入所施設です。,https://yoshikawa-hp.com/,山形県長井市成田1888-1,0238-87-8000,厚生労働省オープンデータ,https://www.mhlw.go.jp/content/12300000/jigyosho_550.csv,2025-12末,https://www.google.com/search?q=%E5%90%89%E5%B7%9D%E8%A8%98%E5%BF%B5%E7%97%85%E9%99%A2%E4%BB%8B%E8%AD%B7%E5%8C%BB%E7%99%82%E9%99%A2%20%E9%95%B7%E4%BA%95%E5%B8%82
天童温泉篠田介護医療院,介護医療院,山形県,天童市,"介護,介護医療院,医療,入所",長期的な医療管理と介護の両方が必要な方の入所施設です。,https://www.tendo-shinoda.jp/,鎌田1-7-1,023-653-5711,厚生労働省オープンデータ,https://www.mhlw.go.jp/content/12300000/jigyosho_550.csv,2025-12末,https://www.google.com/search?q=%E5%A4%A9%E7%AB%A5%E6%B8%A9%E6%B3%89%E7%AF%A0%E7%94%B0%E4%BB%8B%E8%AD%B7%E5%8C%BB%E7%99%82%E9%99%A2%20%E5%A4%A9%E7%AB%A5%E5%B8%82
小国町立病院介護医療院,介護医療院,山形県,小国町,"介護,介護医療院,医療,入所",長期的な医療管理と介護の両方が必要な方の入所施設です。,https://www.ogunibyoin.jp/,山形県西置賜郡小国町大字あけぼの一丁目１番地,0238-61-1111,厚生労働省オープンデータ,https://www.mhlw.go.jp/content/12300000/jigyosho_550.csv,2025-12末,https://www.google.com/search?q=%E5%B0%8F%E5%9B%BD%E7%94%BA%E7%AB%8B%E7%97%85%E9%99%A2%E4%BB%8B%E8%AD%B7%E5%8C%BB%E7%99%82%E9%99%A2%20%E5%B0%8F%E5%9B%BD%E7%94%BA
三川病院介護医療院,介護医療院,山形県,三川町,"介護,介護医療院,医療,入所",長期的な医療管理と介護の両方が必要な方の入所施設です。,https://www.aiyoukai-mikawahp.com/,山形県東田川郡三川町大字横山字堤３９番三川病院内,0235-68-0150,厚生労働省オープンデータ,https://www.mhlw.go.jp/content/12300000/jigyosho_550.csv,2025-12末,https://www.google.com/search?q=%E4%B8%89%E5%B7%9D%E7%97%85%E9%99%A2%E4%BB%8B%E8%AD%B7%E5%8C%BB%E7%99%82%E9%99%A2%20%E4%B8%89%E5%B7%9D%E7%94%BA
認知症デイサービスセンターわが家,認知症対応型デイサービス,山形県,山形市,"介護,認知症対応型デイサービス,認知症",日中に通って食事・入浴・機能訓練・見守りなどを受けるサービスです。,http://wagaya-yamagata.jp/,山形県山形市荒楯町二丁目9番7号,023-674-7610,厚生労働省オープンデータ,https://www.mhlw.go.jp/content/12300000/jigyosho_720.csv,2025-12末,https://www.google.com/search?q=%E8%AA%8D%E7%9F%A5%E7%97%87%E3%83%87%E3%82%A4%E3%82%B5%E3%83%BC%E3%83%93%E3%82%B9%E3%82%BB%E3%83%B3%E3%82%BF%E3%83%BC%E3%82%8F%E3%81%8C%E5%AE%B6%20%E5%B1%B1%E5%BD%A2%E5%B8%82
オークランドホーム南原町木洩れ陽,認知症対応型デイサービス,山形県,山形市,"介護,認知症対応型デイサービス,認知症",日中に通って食事・入浴・機能訓練・見守りなどを受けるサービスです。,http://www.oakland.co.jp/kaigo/,山形県山形市南原町三丁目11-1,023-622-9002,厚生労働省オープンデータ,https://www.mhlw.go.jp/content/12300000/jigyosho_720.csv,2025-12末,https://www.google.com/search?q=%E3%82%AA%E3%83%BC%E3%82%AF%E3%83%A9%E3%83%B3%E3%83%89%E3%83%9B%E3%83%BC%E3%83%A0%E5%8D%97%E5%8E%9F%E7%94%BA%E6%9C%A8%E6%B4%A9%E3%82%8C%E9%99%BD%20%E5%B1%B1%E5%BD%A2%E5%B8%82
オークランドホーム荒楯町さくら苑,認知症対応型デイサービス,山形県,山形市,"介護,認知症対応型デイサービス,認知症",日中に通って食事・入浴・機能訓練・見守りなどを受けるサービスです。,http://oakland-kaigo.com,山形県山形市荒楯町二丁目18-7,023-633-2350,厚生労働省オープンデータ,https://www.mhlw.go.jp/content/12300000/jigyosho_720.csv,2025-12末,https://www.google.com/search?q=%E3%82%AA%E3%83%BC%E3%82%AF%E3%83%A9%E3%83%B3%E3%83%89%E3%83%9B%E3%83%BC%E3%83%A0%E8%8D%92%E6%A5%AF%E7%94%BA%E3%81%95%E3%81%8F%E3%82%89%E8%8B%91%20%E5%B1%B1%E5%BD%A2%E5%B8%82
とかみ共生苑デイサービスセンター,認知症対応型デイサービス,山形県,山形市,"介護,認知症対応型デイサービス,認知症",日中に通って食事・入浴・機能訓練・見守りなどを受けるサービスです。,http://www.y-shiminhukushikai.org,山形県山形市富神前６番地,023-646-5056,厚生労働省オープンデータ,https://www.mhlw.go.jp/content/12300000/jigyosho_720.csv,2025-12末,https://www.google.com/search?q=%E3%81%A8%E3%81%8B%E3%81%BF%E5%85%B1%E7%94%9F%E8%8B%91%E3%83%87%E3%82%A4%E3%82%B5%E3%83%BC%E3%83%93%E3%82%B9%E3%82%BB%E3%83%B3%E3%82%BF%E3%83%BC%20%E5%B1%B1%E5%BD%A2%E5%B8%82
オレアもとき　認知症対応型通所介護,認知症対応型デイサービス,山形県,山形市,"介護,認知症対応型デイサービス,認知症",日中に通って食事・入浴・機能訓練・見守りなどを受けるサービスです。,https://www.olea-iwaki.com/,山形県山形市元木二丁目９番３９号,023-674-9026,厚生労働省オープンデータ,https://www.mhlw.go.jp/content/12300000/jigyosho_720.csv,2025-12末,https://www.google.com/search?q=%E3%82%AA%E3%83%AC%E3%82%A2%E3%82%82%E3%81%A8%E3%81%8D%E3%80%80%E8%AA%8D%E7%9F%A5%E7%97%87%E5%AF%BE%E5%BF%9C%E5%9E%8B%E9%80%9A%E6%89%80%E4%BB%8B%E8%AD%B7%20%E5%B1%B1%E5%BD%A2%E5%B8%82
あかねヶ丘ケアセンター,認知症対応型デイサービス,山形県,山形市,"介護,認知症対応型デイサービス,認知症",日中に通って食事・入浴・機能訓練・見守りなどを受けるサービスです。,http://rakusei-kai.or.jp,山形県山形市あかねヶ丘3丁目15-7,023-647-6630,厚生労働省オープンデータ,https://www.mhlw.go.jp/content/12300000/jigyosho_720.csv,2025-12末,https://www.google.com/search?q=%E3%81%82%E3%81%8B%E3%81%AD%E3%83%B6%E4%B8%98%E3%82%B1%E3%82%A2%E3%82%BB%E3%83%B3%E3%82%BF%E3%83%BC%20%E5%B1%B1%E5%BD%A2%E5%B8%82
デイサービス　けやきの森,認知症対応型デイサービス,山形県,山形市,"介護,認知症対応型デイサービス,認知症",日中に通って食事・入浴・機能訓練・見守りなどを受けるサービスです。,http://www.keyakinomori.co.jp,山形市大字漆山字念仏段1903-1,023-674-9327,厚生労働省オープンデータ,https://www.mhlw.go.jp/content/12300000/jigyosho_720.csv,2025-12末,https://www.google.com/search?q=%E3%83%87%E3%82%A4%E3%82%B5%E3%83%BC%E3%83%93%E3%82%B9%E3%80%80%E3%81%91%E3%82%84%E3%81%8D%E3%81%AE%E6%A3%AE%20%E5%B1%B1%E5%BD%A2%E5%B8%82
指定通所介護事業所「デイサービスセンターであい」,認知症対応型デイサービス,山形県,鶴岡市,"介護,認知症対応型デイサービス,認知症",日中に通って食事・入浴・機能訓練・見守りなどを受けるサービスです。,httｂ：//care-net.biz/06/bunanoki/,山形県鶴岡市熊出字東村１５７－２,0235-53-2850,厚生労働省オープンデータ,https://www.mhlw.go.jp/content/12300000/jigyosho_720.csv,2025-12末,https://www.google.com/search?q=%E6%8C%87%E5%AE%9A%E9%80%9A%E6%89%80%E4%BB%8B%E8%AD%B7%E4%BA%8B%E6%A5%AD%E6%89%80%E3%80%8C%E3%83%87%E3%82%A4%E3%82%B5%E3%83%BC%E3%83%93%E3%82%B9%E3%82%BB%E3%83%B3%E3%82%BF%E3%83%BC%E3%81%A7%E3%81%82%E3%81%84%E3%80%8D%20%E9%B6%B4%E5%B2%A1%E5%B8%82
デイサービス「いろ花」,認知症対応型デイサービス,山形県,鶴岡市,"介護,認知症対応型デイサービス,認知症",日中に通って食事・入浴・機能訓練・見守りなどを受けるサービスです。,http://www.lifenet-syonai.co.jp,鶴岡市下山添字中通40番-1,0235-78-7335,厚生労働省オープンデータ,https://www.mhlw.go.jp/content/12300000/jigyosho_720.csv,2025-12末,https://www.google.com/search?q=%E3%83%87%E3%82%A4%E3%82%B5%E3%83%BC%E3%83%93%E3%82%B9%E3%80%8C%E3%81%84%E3%82%8D%E8%8A%B1%E3%80%8D%20%E9%B6%B4%E5%B2%A1%E5%B8%82
グループホームひだまりの家,認知症対応型デイサービス,山形県,鶴岡市,"介護,認知症対応型デイサービス,認知症",日中に通って食事・入浴・機能訓練・見守りなどを受けるサービスです。,http://www.mituwakai.com,山形県鶴岡市茅原町27-1,0235-25-5502,厚生労働省オープンデータ,https://www.mhlw.go.jp/content/12300000/jigyosho_720.csv,2025-12末,https://www.google.com/search?q=%E3%82%B0%E3%83%AB%E3%83%BC%E3%83%97%E3%83%9B%E3%83%BC%E3%83%A0%E3%81%B2%E3%81%A0%E3%81%BE%E3%82%8A%E3%81%AE%E5%AE%B6%20%E9%B6%B4%E5%B2%A1%E5%B8%82
グループホーム　なでしこ,認知症対応型デイサービス,山形県,鶴岡市,"介護,認知症対応型デイサービス,認知症",日中に通って食事・入浴・機能訓練・見守りなどを受けるサービスです。,http://kisuke7778.co.jp/,鶴岡市齋藤川原字間々下35,0235-25-5613,厚生労働省オープンデータ,https://www.mhlw.go.jp/content/12300000/jigyosho_720.csv,2025-12末,https://www.google.com/search?q=%E3%82%B0%E3%83%AB%E3%83%BC%E3%83%97%E3%83%9B%E3%83%BC%E3%83%A0%E3%80%80%E3%81%AA%E3%81%A7%E3%81%97%E3%81%93%20%E9%B6%B4%E5%B2%A1%E5%B8%82
グループホームなずな,認知症対応型デイサービス,山形県,鶴岡市,"介護,認知症対応型デイサービス,認知症",日中に通って食事・入浴・機能訓練・見守りなどを受けるサービスです。,http://kisuke7778.co.jp/,鶴岡市神明町15-15,0235-64-1303,厚生労働省オープンデータ,https://www.mhlw.go.jp/content/12300000/jigyosho_720.csv,2025-12末,https://www.google.com/search?q=%E3%82%B0%E3%83%AB%E3%83%BC%E3%83%97%E3%83%9B%E3%83%BC%E3%83%A0%E3%81%AA%E3%81%9A%E3%81%AA%20%E9%B6%B4%E5%B2%A1%E5%B8%82
グループホームなな草,認知症対応型デイサービス,山形県,鶴岡市,"介護,認知症対応型デイサービス,認知症",日中に通って食事・入浴・機能訓練・見守りなどを受けるサービスです。,http://kisuke7778.co.jp/,山形県鶴岡市外内島字石名田82-23,0235-26-0558,厚生労働省オープンデータ,https://www.mhlw.go.jp/content/12300000/jigyosho_720.csv,2025-12末,https://www.google.com/search?q=%E3%82%B0%E3%83%AB%E3%83%BC%E3%83%97%E3%83%9B%E3%83%BC%E3%83%A0%E3%81%AA%E3%81%AA%E8%8D%89%20%E9%B6%B4%E5%B2%A1%E5%B8%82
デイサービスセンターなえづ,認知症対応型デイサービス,山形県,鶴岡市,"介護,認知症対応型デイサービス,認知症",日中に通って食事・入浴・機能訓練・見守りなどを受けるサービスです。,http://www.shk01.jp/,山形県鶴岡市ほなみ町3番1号,0235-25-9255,厚生労働省オープンデータ,https://www.mhlw.go.jp/content/12300000/jigyosho_720.csv,2025-12末,https://www.google.com/search?q=%E3%83%87%E3%82%A4%E3%82%B5%E3%83%BC%E3%83%93%E3%82%B9%E3%82%BB%E3%83%B3%E3%82%BF%E3%83%BC%E3%81%AA%E3%81%88%E3%81%A5%20%E9%B6%B4%E5%B2%A1%E5%B8%82
デイサービスセンターふれあい,認知症対応型デイサービス,山形県,鶴岡市,"介護,認知症対応型デイサービス,認知症",日中に通って食事・入浴・機能訓練・見守りなどを受けるサービスです。,http://www.shk01.jp/,山形県鶴岡市西新斎町１４番２６号,0235-29-0370,厚生労働省オープンデータ,https://www.mhlw.go.jp/content/12300000/jigyosho_720.csv,2025-12末,https://www.google.com/search?q=%E3%83%87%E3%82%A4%E3%82%B5%E3%83%BC%E3%83%93%E3%82%B9%E3%82%BB%E3%83%B3%E3%82%BF%E3%83%BC%E3%81%B5%E3%82%8C%E3%81%82%E3%81%84%20%E9%B6%B4%E5%B2%A1%E5%B8%82
デイサービスセンターたかだて,認知症対応型デイサービス,山形県,鶴岡市,"介護,認知症対応型デイサービス,認知症",日中に通って食事・入浴・機能訓練・見守りなどを受けるサービスです。,http://www/.biz.biglobe.ne.jp/~t-shakyo.,山形県鶴岡市友江町23番14号,0235-33-0833,厚生労働省オープンデータ,https://www.mhlw.go.jp/content/12300000/jigyosho_720.csv,2025-12末,https://www.google.com/search?q=%E3%83%87%E3%82%A4%E3%82%B5%E3%83%BC%E3%83%93%E3%82%B9%E3%82%BB%E3%83%B3%E3%82%BF%E3%83%BC%E3%81%9F%E3%81%8B%E3%81%A0%E3%81%A6%20%E9%B6%B4%E5%B2%A1%E5%B8%82
認知症高齢者グループホームなごみ,認知症対応型デイサービス,山形県,鶴岡市,"介護,認知症対応型デイサービス,認知症",日中に通って食事・入浴・機能訓練・見守りなどを受けるサービスです。,http://www7.plala.or.jp/npo-daichi/,山形県鶴岡市羽黒町赤川字熊坂47番３,0235-62-4331,厚生労働省オープンデータ,https://www.mhlw.go.jp/content/12300000/jigyosho_720.csv,2025-12末,https://www.google.com/search?q=%E8%AA%8D%E7%9F%A5%E7%97%87%E9%AB%98%E9%BD%A2%E8%80%85%E3%82%B0%E3%83%AB%E3%83%BC%E3%83%97%E3%83%9B%E3%83%BC%E3%83%A0%E3%81%AA%E3%81%94%E3%81%BF%20%E9%B6%B4%E5%B2%A1%E5%B8%82
グループホームなごみ２号館,認知症対応型デイサービス,山形県,鶴岡市,"介護,認知症対応型デイサービス,認知症",日中に通って食事・入浴・機能訓練・見守りなどを受けるサービスです。,http://www7.plala.or.jp/npo-daichi/,山形県鶴岡市羽黒町三ツ橋字向田46番３,0235-62-4881,厚生労働省オープンデータ,https://www.mhlw.go.jp/content/12300000/jigyosho_720.csv,2025-12末,https://www.google.com/search?q=%E3%82%B0%E3%83%AB%E3%83%BC%E3%83%97%E3%83%9B%E3%83%BC%E3%83%A0%E3%81%AA%E3%81%94%E3%81%BF%EF%BC%92%E5%8F%B7%E9%A4%A8%20%E9%B6%B4%E5%B2%A1%E5%B8%82
こもれびの郷指定認知症対応型通所介護事業所,認知症対応型デイサービス,山形県,酒田市,"介護,認知症対応型デイサービス,認知症",日中に通って食事・入浴・機能訓練・見守りなどを受けるサービスです。,http://syokaku-lc.com/,酒田市黒森字境山６１６番１,0234-92-3427,厚生労働省オープンデータ,https://www.mhlw.go.jp/content/12300000/jigyosho_720.csv,2025-12末,https://www.google.com/search?q=%E3%81%93%E3%82%82%E3%82%8C%E3%81%B3%E3%81%AE%E9%83%B7%E6%8C%87%E5%AE%9A%E8%AA%8D%E7%9F%A5%E7%97%87%E5%AF%BE%E5%BF%9C%E5%9E%8B%E9%80%9A%E6%89%80%E4%BB%8B%E8%AD%B7%E4%BA%8B%E6%A5%AD%E6%89%80%20%E9%85%92%E7%94%B0%E5%B8%82
認知症対応型通所介護施設　楽楽,認知症対応型デイサービス,山形県,酒田市,"介護,認知症対応型デイサービス,認知症",日中に通って食事・入浴・機能訓練・見守りなどを受けるサービスです。,http://www.kenyukai-sakata.jp,酒田市中町3丁目2－21,0234-21-1088,厚生労働省オープンデータ,https://www.mhlw.go.jp/content/12300000/jigyosho_720.csv,2025-12末,https://www.google.com/search?q=%E8%AA%8D%E7%9F%A5%E7%97%87%E5%AF%BE%E5%BF%9C%E5%9E%8B%E9%80%9A%E6%89%80%E4%BB%8B%E8%AD%B7%E6%96%BD%E8%A8%AD%E3%80%80%E6%A5%BD%E6%A5%BD%20%E9%85%92%E7%94%B0%E5%B8%82
デイサービスセンターサン・シティII,認知症対応型デイサービス,山形県,酒田市,"介護,認知症対応型デイサービス,認知症",日中に通って食事・入浴・機能訓練・見守りなどを受けるサービスです。,www.fuku-yuwakai.jp,山形県酒田市曙町二丁目２８番地の５,0234-26-7770,厚生労働省オープンデータ,https://www.mhlw.go.jp/content/12300000/jigyosho_720.csv,2025-12末,https://www.google.com/search?q=%E3%83%87%E3%82%A4%E3%82%B5%E3%83%BC%E3%83%93%E3%82%B9%E3%82%BB%E3%83%B3%E3%82%BF%E3%83%BC%E3%82%B5%E3%83%B3%E3%83%BB%E3%82%B7%E3%83%86%E3%82%A3II%20%E9%85%92%E7%94%B0%E5%B8%82
グループホームひより,認知症対応型デイサービス,山形県,酒田市,"介護,認知症対応型デイサービス,認知症",日中に通って食事・入浴・機能訓練・見守りなどを受けるサービスです。,http://www.npo-arata.com/,山形県酒田市京田二丁目69番7,0234-25-8380,厚生労働省オープンデータ,https://www.mhlw.go.jp/content/12300000/jigyosho_720.csv,2025-12末,https://www.google.com/search?q=%E3%82%B0%E3%83%AB%E3%83%BC%E3%83%97%E3%83%9B%E3%83%BC%E3%83%A0%E3%81%B2%E3%82%88%E3%82%8A%20%E9%85%92%E7%94%B0%E5%B8%82
認知症対応型通所介護　みゆきの園,認知症対応型デイサービス,山形県,上山市,"介護,認知症対応型デイサービス,認知症",日中に通って食事・入浴・機能訓練・見守りなどを受けるサービスです。,https://www.miyuki.or.jp,山形県上山市弁天二丁目2番11号,023-672-8585,厚生労働省オープンデータ,https://www.mhlw.go.jp/content/12300000/jigyosho_720.csv,2025-12末,https://www.google.com/search?q=%E8%AA%8D%E7%9F%A5%E7%97%87%E5%AF%BE%E5%BF%9C%E5%9E%8B%E9%80%9A%E6%89%80%E4%BB%8B%E8%AD%B7%E3%80%80%E3%81%BF%E3%82%86%E3%81%8D%E3%81%AE%E5%9C%92%20%E4%B8%8A%E5%B1%B1%E5%B8%82
ケアステージおれんじ新丁,認知症対応型デイサービス,山形県,上山市,"介護,認知症対応型デイサービス,認知症",日中に通って食事・入浴・機能訓練・見守りなどを受けるサービスです。,http://www.tokoshie.net/,山形県上山市新丁1-9,023-673-6868,厚生労働省オープンデータ,https://www.mhlw.go.jp/content/12300000/jigyosho_720.csv,2025-12末,https://www.google.com/search?q=%E3%82%B1%E3%82%A2%E3%82%B9%E3%83%86%E3%83%BC%E3%82%B8%E3%81%8A%E3%82%8C%E3%82%93%E3%81%98%E6%96%B0%E4%B8%81%20%E4%B8%8A%E5%B1%B1%E5%B8%82
デイサービスセンターまる指定通所介護事業所,認知症対応型デイサービス,山形県,上山市,"介護,認知症対応型デイサービス,認知症",日中に通って食事・入浴・機能訓練・見守りなどを受けるサービスです。,https://miyuki-fukushi.jp,山形県上山市牧野字清水21-1,023-677-2123,厚生労働省オープンデータ,https://www.mhlw.go.jp/content/12300000/jigyosho_720.csv,2025-12末,https://www.google.com/search?q=%E3%83%87%E3%82%A4%E3%82%B5%E3%83%BC%E3%83%93%E3%82%B9%E3%82%BB%E3%83%B3%E3%82%BF%E3%83%BC%E3%81%BE%E3%82%8B%E6%8C%87%E5%AE%9A%E9%80%9A%E6%89%80%E4%BB%8B%E8%AD%B7%E4%BA%8B%E6%A5%AD%E6%89%80%20%E4%B8%8A%E5%B1%B1%E5%B8%82
指定認知症対応型通所介護事業所ふもと,認知症対応型デイサービス,山形県,村山市,"介護,認知症対応型デイサービス,認知症",日中に通って食事・入浴・機能訓練・見守りなどを受けるサービスです。,http://murayama-hikari-kouseikai.jp/,山形県村山市大字湯野沢956番地の3,0237-54-2010,厚生労働省オープンデータ,https://www.mhlw.go.jp/content/12300000/jigyosho_720.csv,2025-12末,https://www.google.com/search?q=%E6%8C%87%E5%AE%9A%E8%AA%8D%E7%9F%A5%E7%97%87%E5%AF%BE%E5%BF%9C%E5%9E%8B%E9%80%9A%E6%89%80%E4%BB%8B%E8%AD%B7%E4%BA%8B%E6%A5%AD%E6%89%80%E3%81%B5%E3%82%82%E3%81%A8%20%E6%9D%91%E5%B1%B1%E5%B8%82
リバーヒルデイサービスセンター輝ら凛,認知症対応型デイサービス,山形県,長井市,"介護,認知症対応型デイサービス,認知症",日中に通って食事・入浴・機能訓練・見守りなどを受けるサービスです。,http://www.riverhill.jp,山形県長井市館町南9番74号,0238-88-1223,厚生労働省オープンデータ,https://www.mhlw.go.jp/content/12300000/jigyosho_720.csv,2025-12末,https://www.google.com/search?q=%E3%83%AA%E3%83%90%E3%83%BC%E3%83%92%E3%83%AB%E3%83%87%E3%82%A4%E3%82%B5%E3%83%BC%E3%83%93%E3%82%B9%E3%82%BB%E3%83%B3%E3%82%BF%E3%83%BC%E8%BC%9D%E3%82%89%E5%87%9B%20%E9%95%B7%E4%BA%95%E5%B8%82
ケアステージおれんじあやめ通り,認知症対応型デイサービス,山形県,長井市,"介護,認知症対応型デイサービス,認知症",日中に通って食事・入浴・機能訓練・見守りなどを受けるサービスです。,http://www.tokoshie.net,山形県長井市緑町12-50-1,0238-88-5433,厚生労働省オープンデータ,https://www.mhlw.go.jp/content/12300000/jigyosho_720.csv,2025-12末,https://www.google.com/search?q=%E3%82%B1%E3%82%A2%E3%82%B9%E3%83%86%E3%83%BC%E3%82%B8%E3%81%8A%E3%82%8C%E3%82%93%E3%81%98%E3%81%82%E3%82%84%E3%82%81%E9%80%9A%E3%82%8A%20%E9%95%B7%E4%BA%95%E5%B8%82
社会福祉法人みらい　認知症対応型デイサービス　きらめきの里,認知症対応型デイサービス,山形県,天童市,"介護,認知症対応型デイサービス,認知症",日中に通って食事・入浴・機能訓練・見守りなどを受けるサービスです。,http://www.mirai-welfare.jp/,山形県天童市大字山口4540-1,023-665-5803,厚生労働省オープンデータ,https://www.mhlw.go.jp/content/12300000/jigyosho_720.csv,2025-12末,https://www.google.com/search?q=%E7%A4%BE%E4%BC%9A%E7%A6%8F%E7%A5%89%E6%B3%95%E4%BA%BA%E3%81%BF%E3%82%89%E3%81%84%E3%80%80%E8%AA%8D%E7%9F%A5%E7%97%87%E5%AF%BE%E5%BF%9C%E5%9E%8B%E3%83%87%E3%82%A4%E3%82%B5%E3%83%BC%E3%83%93%E3%82%B9%E3%80%80%E3%81%8D%E3%82%89%E3%82%81%E3%81%8D%E3%81%AE%E9%87%8C%20%E5%A4%A9%E7%AB%A5%E5%B8%82
明幸園デイサービスセンター,認知症対応型デイサービス,山形県,天童市,"介護,認知症対応型デイサービス,認知症",日中に通って食事・入浴・機能訓練・見守りなどを受けるサービスです。,http://www.meikouen.or.jp,山形県天童市大字矢野目150番地,023-653-1530,厚生労働省オープンデータ,https://www.mhlw.go.jp/content/12300000/jigyosho_720.csv,2025-12末,https://www.google.com/search?q=%E6%98%8E%E5%B9%B8%E5%9C%92%E3%83%87%E3%82%A4%E3%82%B5%E3%83%BC%E3%83%93%E3%82%B9%E3%82%BB%E3%83%B3%E3%82%BF%E3%83%BC%20%E5%A4%A9%E7%AB%A5%E5%B8%82
デイサービスセンター第二白水荘,認知症対応型デイサービス,山形県,東根市,"介護,認知症対応型デイサービス,認知症",日中に通って食事・入浴・機能訓練・見守りなどを受けるサービスです。,http://www.higashine-fukushikai.org,東根市大字蟹沢897-1,0237-41-1132,厚生労働省オープンデータ,https://www.mhlw.go.jp/content/12300000/jigyosho_720.csv,2025-12末,https://www.google.com/search?q=%E3%83%87%E3%82%A4%E3%82%B5%E3%83%BC%E3%83%93%E3%82%B9%E3%82%BB%E3%83%B3%E3%82%BF%E3%83%BC%E7%AC%AC%E4%BA%8C%E7%99%BD%E6%B0%B4%E8%8D%98%20%E6%9D%B1%E6%A0%B9%E5%B8%82
デイサービスセンター白水荘,認知症対応型デイサービス,山形県,東根市,"介護,認知症対応型デイサービス,認知症",日中に通って食事・入浴・機能訓練・見守りなどを受けるサービスです。,http://www.higashine-fukushikai.org,山形県東根市大字野川2074番地の99,0237-44-2784,厚生労働省オープンデータ,https://www.mhlw.go.jp/content/12300000/jigyosho_720.csv,2025-12末,https://www.google.com/search?q=%E3%83%87%E3%82%A4%E3%82%B5%E3%83%BC%E3%83%93%E3%82%B9%E3%82%BB%E3%83%B3%E3%82%BF%E3%83%BC%E7%99%BD%E6%B0%B4%E8%8D%98%20%E6%9D%B1%E6%A0%B9%E5%B8%82
認知症対応型デイサービスつばさノ杜,認知症対応型デイサービス,山形県,南陽市,"介護,認知症対応型デイサービス,認知症",日中に通って食事・入浴・機能訓練・見守りなどを受けるサービスです。,https://www.izumi-no-mori.jp/,山形県南陽市若狭郷屋811-1,0238-40-8839,厚生労働省オープンデータ,https://www.mhlw.go.jp/content/12300000/jigyosho_720.csv,2025-12末,https://www.google.com/search?q=%E8%AA%8D%E7%9F%A5%E7%97%87%E5%AF%BE%E5%BF%9C%E5%9E%8B%E3%83%87%E3%82%A4%E3%82%B5%E3%83%BC%E3%83%93%E3%82%B9%E3%81%A4%E3%81%B0%E3%81%95%E3%83%8E%E6%9D%9C%20%E5%8D%97%E9%99%BD%E5%B8%82
ケアステージおれんじ二色根,認知症対応型デイサービス,山形県,南陽市,"介護,認知症対応型デイサービス,認知症",日中に通って食事・入浴・機能訓練・見守りなどを受けるサービスです。,http://www.tokoshie.net,山形県南陽市二色根７４番地１１,0238-43-3131,厚生労働省オープンデータ,https://www.mhlw.go.jp/content/12300000/jigyosho_720.csv,2025-12末,https://www.google.com/search?q=%E3%82%B1%E3%82%A2%E3%82%B9%E3%83%86%E3%83%BC%E3%82%B8%E3%81%8A%E3%82%8C%E3%82%93%E3%81%98%E4%BA%8C%E8%89%B2%E6%A0%B9%20%E5%8D%97%E9%99%BD%E5%B8%82
指定通所介護事業所「ちょうよう」,認知症対応型デイサービス,山形県,河北町,"介護,認知症対応型デイサービス,認知症",日中に通って食事・入浴・機能訓練・見守りなどを受けるサービスです。,http://www.tyoyoen.jp,山形県西村山郡河北町谷地字東704番地1,0237-72-3786,厚生労働省オープンデータ,https://www.mhlw.go.jp/content/12300000/jigyosho_720.csv,2025-12末,https://www.google.com/search?q=%E6%8C%87%E5%AE%9A%E9%80%9A%E6%89%80%E4%BB%8B%E8%AD%B7%E4%BA%8B%E6%A5%AD%E6%89%80%E3%80%8C%E3%81%A1%E3%82%87%E3%81%86%E3%82%88%E3%81%86%E3%80%8D%20%E6%B2%B3%E5%8C%97%E7%94%BA
認知症対応型通所介護事業所ひいな,認知症対応型デイサービス,山形県,河北町,"介護,認知症対応型デイサービス,認知症",日中に通って食事・入浴・機能訓練・見守りなどを受けるサービスです。,https://miyuki-fukushi.jp/,山形県西村山郡河北町谷地字月山堂1217-5,0237-71-1885,厚生労働省オープンデータ,https://www.mhlw.go.jp/content/12300000/jigyosho_720.csv,2025-12末,https://www.google.com/search?q=%E8%AA%8D%E7%9F%A5%E7%97%87%E5%AF%BE%E5%BF%9C%E5%9E%8B%E9%80%9A%E6%89%80%E4%BB%8B%E8%AD%B7%E4%BA%8B%E6%A5%AD%E6%89%80%E3%81%B2%E3%81%84%E3%81%AA%20%E6%B2%B3%E5%8C%97%E7%94%BA
グループホーム紅芭,認知症対応型デイサービス,山形県,戸沢村,"介護,認知症対応型デイサービス,認知症",日中に通って食事・入浴・機能訓練・見守りなどを受けるサービスです。,https://clelia.co.jp,山形県最上郡戸沢村大字津谷字鞭打野2096-1,0233-72-9339,厚生労働省オープンデータ,https://www.mhlw.go.jp/content/12300000/jigyosho_720.csv,2025-12末,https://www.google.com/search?q=%E3%82%B0%E3%83%AB%E3%83%BC%E3%83%97%E3%83%9B%E3%83%BC%E3%83%A0%E7%B4%85%E8%8A%AD%20%E6%88%B8%E6%B2%A2%E6%9D%91
デイサービスセンターかがやき,認知症対応型デイサービス,山形県,川西町,"介護,認知症対応型デイサービス,認知症",日中に通って食事・入浴・機能訓練・見守りなどを受けるサービスです。,http://www.ryokuaikai.com,山形県東置賜郡川西町大字下奥田字穴澤平３７９６番地２０号,0238-42-5000,厚生労働省オープンデータ,https://www.mhlw.go.jp/content/12300000/jigyosho_720.csv,2025-12末,https://www.google.com/search?q=%E3%83%87%E3%82%A4%E3%82%B5%E3%83%BC%E3%83%93%E3%82%B9%E3%82%BB%E3%83%B3%E3%82%BF%E3%83%BC%E3%81%8B%E3%81%8C%E3%82%84%E3%81%8D%20%E5%B7%9D%E8%A5%BF%E7%94%BA
グループホーム　ひまわりの丘,認知症対応型デイサービス,山形県,庄内町,"介護,認知症対応型デイサービス,認知症",日中に通って食事・入浴・機能訓練・見守りなどを受けるサービスです。,https://www.google.com/search?q=%E3%82%B0%E3%83%AB%E3%83%BC%E3%83%97%E3%83%9B%E3%83%BC%E3%83%A0%E3%80%80%E3%81%B2%E3%81%BE%E3%82%8F%E3%82%8A%E3%81%AE%E4%B8%98%20%E5%BA%84%E5%86%85%E7%94%BA,山形県東田川郡庄内町松陽１－１－６,0234-45-1050,厚生労働省オープンデータ,https://www.mhlw.go.jp/content/12300000/jigyosho_720.csv,2025-12末,https://www.google.com/search?q=%E3%82%B0%E3%83%AB%E3%83%BC%E3%83%97%E3%83%9B%E3%83%BC%E3%83%A0%E3%80%80%E3%81%B2%E3%81%BE%E3%82%8F%E3%82%8A%E3%81%AE%E4%B8%98%20%E5%BA%84%E5%86%85%E7%94%BA
グループホームやまゆりデイサービス,認知症対応型デイサービス,山形県,庄内町,"介護,認知症対応型デイサービス,認知症",日中に通って食事・入浴・機能訓練・見守りなどを受けるサービスです。,http：//g-yamayuri.com/,山形県東田川郡庄内町狩川字小縄３-３,0234-51-2580,厚生労働省オープンデータ,https://www.mhlw.go.jp/content/12300000/jigyosho_720.csv,2025-12末,https://www.google.com/search?q=%E3%82%B0%E3%83%AB%E3%83%BC%E3%83%97%E3%83%9B%E3%83%BC%E3%83%A0%E3%82%84%E3%81%BE%E3%82%86%E3%82%8A%E3%83%87%E3%82%A4%E3%82%B5%E3%83%BC%E3%83%93%E3%82%B9%20%E5%BA%84%E5%86%85%E7%94%BA
小規模多機能型居宅介護事業所　ベルライフ宮町,小規模多機能型居宅介護,山形県,山形市,"介護,小規模多機能型居宅介護",小規模多機能型居宅介護の公式オープンデータから取り込んだ候補です。詳細は公式情報・電話・見学で確認してください。,https://bell-is.jp,山形市宮町1-7-8,023-615-7812,厚生労働省オープンデータ,https://www.mhlw.go.jp/content/12300000/jigyosho_730.csv,2025-12末,https://www.google.com/search?q=%E5%B0%8F%E8%A6%8F%E6%A8%A1%E5%A4%9A%E6%A9%9F%E8%83%BD%E5%9E%8B%E5%B1%85%E5%AE%85%E4%BB%8B%E8%AD%B7%E4%BA%8B%E6%A5%AD%E6%89%80%E3%80%80%E3%83%99%E3%83%AB%E3%83%A9%E3%82%A4%E3%83%95%E5%AE%AE%E7%94%BA%20%E5%B1%B1%E5%BD%A2%E5%B8%82
もも太郎さん　たてやま,小規模多機能型居宅介護,山形県,山形市,"介護,小規模多機能型居宅介護",小規模多機能型居宅介護の公式オープンデータから取り込んだ候補です。詳細は公式情報・電話・見学で確認してください。,http://www.momotarousan.com/,山形県山形市蔵王成沢字町浦４６１－１７２階,023-666-8820,厚生労働省オープンデータ,https://www.mhlw.go.jp/content/12300000/jigyosho_730.csv,2025-12末,https://www.google.com/search?q=%E3%82%82%E3%82%82%E5%A4%AA%E9%83%8E%E3%81%95%E3%82%93%E3%80%80%E3%81%9F%E3%81%A6%E3%82%84%E3%81%BE%20%E5%B1%B1%E5%BD%A2%E5%B8%82
もも太郎さん（成沢）,小規模多機能型居宅介護,山形県,山形市,"介護,小規模多機能型居宅介護",小規模多機能型居宅介護の公式オープンデータから取り込んだ候補です。詳細は公式情報・電話・見学で確認してください。,http://www.momotarousan.com/,山形県山形市蔵王成沢字町浦461-17,023-666-8880,厚生労働省オープンデータ,https://www.mhlw.go.jp/content/12300000/jigyosho_730.csv,2025-12末,https://www.google.com/search?q=%E3%82%82%E3%82%82%E5%A4%AA%E9%83%8E%E3%81%95%E3%82%93%EF%BC%88%E6%88%90%E6%B2%A2%EF%BC%89%20%E5%B1%B1%E5%BD%A2%E5%B8%82
もも太郎さん（南四番町）,小規模多機能型居宅介護,山形県,山形市,"介護,小規模多機能型居宅介護",小規模多機能型居宅介護の公式オープンデータから取り込んだ候補です。詳細は公式情報・電話・見学で確認してください。,https://www.google.com/search?q=%E3%82%82%E3%82%82%E5%A4%AA%E9%83%8E%E3%81%95%E3%82%93%EF%BC%88%E5%8D%97%E5%9B%9B%E7%95%AA%E7%94%BA%EF%BC%89%20%E5%B1%B1%E5%BD%A2%E5%B8%82,山形市南四番町５－１８,023-615-2777,厚生労働省オープンデータ,https://www.mhlw.go.jp/content/12300000/jigyosho_730.csv,2025-12末,https://www.google.com/search?q=%E3%82%82%E3%82%82%E5%A4%AA%E9%83%8E%E3%81%95%E3%82%93%EF%BC%88%E5%8D%97%E5%9B%9B%E7%95%AA%E7%94%BA%EF%BC%89%20%E5%B1%B1%E5%BD%A2%E5%B8%82
小規模多機能型居宅介護　もも太郎さん(印役),小規模多機能型居宅介護,山形県,山形市,"介護,小規模多機能型居宅介護",小規模多機能型居宅介護の公式オープンデータから取り込んだ候補です。詳細は公式情報・電話・見学で確認してください。,http://www.momotarousan.com,山形県山形市印役町４丁目5-23,023-665-0960,厚生労働省オープンデータ,https://www.mhlw.go.jp/content/12300000/jigyosho_730.csv,2025-12末,https://www.google.com/search?q=%E5%B0%8F%E8%A6%8F%E6%A8%A1%E5%A4%9A%E6%A9%9F%E8%83%BD%E5%9E%8B%E5%B1%85%E5%AE%85%E4%BB%8B%E8%AD%B7%E3%80%80%E3%82%82%E3%82%82%E5%A4%AA%E9%83%8E%E3%81%95%E3%82%93%28%E5%8D%B0%E5%BD%B9%29%20%E5%B1%B1%E5%BD%A2%E5%B8%82
滝山なごみの里指定小規模多機能型居宅介護事業所,小規模多機能型居宅介護,山形県,山形市,"介護,小規模多機能型居宅介護",小規模多機能型居宅介護の公式オープンデータから取り込んだ候補です。詳細は公式情報・電話・見学で確認してください。,http://www.jifukai.org,山形県山形市東青田二丁目６番４号,023-673-0682,厚生労働省オープンデータ,https://www.mhlw.go.jp/content/12300000/jigyosho_730.csv,2025-12末,https://www.google.com/search?q=%E6%BB%9D%E5%B1%B1%E3%81%AA%E3%81%94%E3%81%BF%E3%81%AE%E9%87%8C%E6%8C%87%E5%AE%9A%E5%B0%8F%E8%A6%8F%E6%A8%A1%E5%A4%9A%E6%A9%9F%E8%83%BD%E5%9E%8B%E5%B1%85%E5%AE%85%E4%BB%8B%E8%AD%B7%E4%BA%8B%E6%A5%AD%E6%89%80%20%E5%B1%B1%E5%BD%A2%E5%B8%82
飯塚なごみの里指定小規模多機能型居宅介護事業所,小規模多機能型居宅介護,山形県,山形市,"介護,小規模多機能型居宅介護",小規模多機能型居宅介護の公式オープンデータから取り込んだ候補です。詳細は公式情報・電話・見学で確認してください。,http://www.jifukai.org/,山形県山形市飯塚町１４４７番地４,023-679-5022,厚生労働省オープンデータ,https://www.mhlw.go.jp/content/12300000/jigyosho_730.csv,2025-12末,https://www.google.com/search?q=%E9%A3%AF%E5%A1%9A%E3%81%AA%E3%81%94%E3%81%BF%E3%81%AE%E9%87%8C%E6%8C%87%E5%AE%9A%E5%B0%8F%E8%A6%8F%E6%A8%A1%E5%A4%9A%E6%A9%9F%E8%83%BD%E5%9E%8B%E5%B1%85%E5%AE%85%E4%BB%8B%E8%AD%B7%E4%BA%8B%E6%A5%AD%E6%89%80%20%E5%B1%B1%E5%BD%A2%E5%B8%82
やすらぎの里金井,小規模多機能型居宅介護,山形県,山形市,"介護,小規模多機能型居宅介護",小規模多機能型居宅介護の公式オープンデータから取り込んだ候補です。詳細は公式情報・電話・見学で確認してください。,http://care-net.biz/06/yasuragi-k/,山形県山形市内表東1番地,023-681-5711,厚生労働省オープンデータ,https://www.mhlw.go.jp/content/12300000/jigyosho_730.csv,2025-12末,https://www.google.com/search?q=%E3%82%84%E3%81%99%E3%82%89%E3%81%8E%E3%81%AE%E9%87%8C%E9%87%91%E4%BA%95%20%E5%B1%B1%E5%BD%A2%E5%B8%82
人生の楽園　時悠館,小規模多機能型居宅介護,山形県,山形市,"介護,小規模多機能型居宅介護",小規模多機能型居宅介護の公式オープンデータから取り込んだ候補です。詳細は公式情報・電話・見学で確認してください。,http://apec-yamagata.com,山形市大字風間１２６１番地５,023-673-0285,厚生労働省オープンデータ,https://www.mhlw.go.jp/content/12300000/jigyosho_730.csv,2025-12末,https://www.google.com/search?q=%E4%BA%BA%E7%94%9F%E3%81%AE%E6%A5%BD%E5%9C%92%E3%80%80%E6%99%82%E6%82%A0%E9%A4%A8%20%E5%B1%B1%E5%BD%A2%E5%B8%82
小規模多機能事業所　いすず,小規模多機能型居宅介護,山形県,山形市,"介護,小規模多機能型居宅介護",小規模多機能型居宅介護の公式オープンデータから取り込んだ候補です。詳細は公式情報・電話・見学で確認してください。,http://apec-yamagata.com,山形県山形市五十鈴1-7-47,023-673-0171,厚生労働省オープンデータ,https://www.mhlw.go.jp/content/12300000/jigyosho_730.csv,2025-12末,https://www.google.com/search?q=%E5%B0%8F%E8%A6%8F%E6%A8%A1%E5%A4%9A%E6%A9%9F%E8%83%BD%E4%BA%8B%E6%A5%AD%E6%89%80%E3%80%80%E3%81%84%E3%81%99%E3%81%9A%20%E5%B1%B1%E5%BD%A2%E5%B8%82
小規模多機能事業所しんかい,小規模多機能型居宅介護,山形県,山形市,"介護,小規模多機能型居宅介護",小規模多機能型居宅介護の公式オープンデータから取り込んだ候補です。詳細は公式情報・電話・見学で確認してください。,http://apec-yamagata.com,山形県山形市新開１丁目３番地17,023-664-1739,厚生労働省オープンデータ,https://www.mhlw.go.jp/content/12300000/jigyosho_730.csv,2025-12末,https://www.google.com/search?q=%E5%B0%8F%E8%A6%8F%E6%A8%A1%E5%A4%9A%E6%A9%9F%E8%83%BD%E4%BA%8B%E6%A5%AD%E6%89%80%E3%81%97%E3%82%93%E3%81%8B%E3%81%84%20%E5%B1%B1%E5%BD%A2%E5%B8%82
小規模多機能型居宅介護事業所ソーレホーム西田,小規模多機能型居宅介護,山形県,山形市,"介護,小規模多機能型居宅介護",小規模多機能型居宅介護の公式オープンデータから取り込んだ候補です。詳細は公式情報・電話・見学で確認してください。,https://sole.ne.jp,山形市西田三丁目１５番４５号,023-645-7880,厚生労働省オープンデータ,https://www.mhlw.go.jp/content/12300000/jigyosho_730.csv,2025-12末,https://www.google.com/search?q=%E5%B0%8F%E8%A6%8F%E6%A8%A1%E5%A4%9A%E6%A9%9F%E8%83%BD%E5%9E%8B%E5%B1%85%E5%AE%85%E4%BB%8B%E8%AD%B7%E4%BA%8B%E6%A5%AD%E6%89%80%E3%82%BD%E3%83%BC%E3%83%AC%E3%83%9B%E3%83%BC%E3%83%A0%E8%A5%BF%E7%94%B0%20%E5%B1%B1%E5%BD%A2%E5%B8%82
小規模多機能型居宅介護事業所ソーレホーム中桜田,小規模多機能型居宅介護,山形県,山形市,"介護,小規模多機能型居宅介護",小規模多機能型居宅介護の公式オープンデータから取り込んだ候補です。詳細は公式情報・電話・見学で確認してください。,https://www.sole.ne.jp/,山形市中桜田二丁目９番１８号,023-679-5011,厚生労働省オープンデータ,https://www.mhlw.go.jp/content/12300000/jigyosho_730.csv,2025-12末,https://www.google.com/search?q=%E5%B0%8F%E8%A6%8F%E6%A8%A1%E5%A4%9A%E6%A9%9F%E8%83%BD%E5%9E%8B%E5%B1%85%E5%AE%85%E4%BB%8B%E8%AD%B7%E4%BA%8B%E6%A5%AD%E6%89%80%E3%82%BD%E3%83%BC%E3%83%AC%E3%83%9B%E3%83%BC%E3%83%A0%E4%B8%AD%E6%A1%9C%E7%94%B0%20%E5%B1%B1%E5%BD%A2%E5%B8%82
小規模多機能型居宅介護事業所　沼木敬寿園,小規模多機能型居宅介護,山形県,山形市,"介護,小規模多機能型居宅介護",小規模多機能型居宅介護の公式オープンデータから取り込んだ候補です。詳細は公式情報・電話・見学で確認してください。,http://www.keijuen.or.jp,山形市大字沼木68-1,023-674-9881,厚生労働省オープンデータ,https://www.mhlw.go.jp/content/12300000/jigyosho_730.csv,2025-12末,https://www.google.com/search?q=%E5%B0%8F%E8%A6%8F%E6%A8%A1%E5%A4%9A%E6%A9%9F%E8%83%BD%E5%9E%8B%E5%B1%85%E5%AE%85%E4%BB%8B%E8%AD%B7%E4%BA%8B%E6%A5%AD%E6%89%80%E3%80%80%E6%B2%BC%E6%9C%A8%E6%95%AC%E5%AF%BF%E5%9C%92%20%E5%B1%B1%E5%BD%A2%E5%B8%82
小規模多機能型居宅介護事業所　鈴川敬寿園,小規模多機能型居宅介護,山形県,山形市,"介護,小規模多機能型居宅介護",小規模多機能型居宅介護の公式オープンデータから取り込んだ候補です。詳細は公式情報・電話・見学で確認してください。,http://www.keijuen.or.jp/,山形市大野目２－２－６７,023-666-8100,厚生労働省オープンデータ,https://www.mhlw.go.jp/content/12300000/jigyosho_730.csv,2025-12末,https://www.google.com/search?q=%E5%B0%8F%E8%A6%8F%E6%A8%A1%E5%A4%9A%E6%A9%9F%E8%83%BD%E5%9E%8B%E5%B1%85%E5%AE%85%E4%BB%8B%E8%AD%B7%E4%BA%8B%E6%A5%AD%E6%89%80%E3%80%80%E9%88%B4%E5%B7%9D%E6%95%AC%E5%AF%BF%E5%9C%92%20%E5%B1%B1%E5%BD%A2%E5%B8%82
小規模多機能型居宅介護事業所　めだかの学校,小規模多機能型居宅介護,山形県,山形市,"介護,小規模多機能型居宅介護",小規模多機能型居宅介護の公式オープンデータから取り込んだ候補です。詳細は公式情報・電話・見学で確認してください。,http://medaka-school.co.jp/,山形県山形市やよい2丁目1番43号,023-687-1505,厚生労働省オープンデータ,https://www.mhlw.go.jp/content/12300000/jigyosho_730.csv,2025-12末,https://www.google.com/search?q=%E5%B0%8F%E8%A6%8F%E6%A8%A1%E5%A4%9A%E6%A9%9F%E8%83%BD%E5%9E%8B%E5%B1%85%E5%AE%85%E4%BB%8B%E8%AD%B7%E4%BA%8B%E6%A5%AD%E6%89%80%E3%80%80%E3%82%81%E3%81%A0%E3%81%8B%E3%81%AE%E5%AD%A6%E6%A0%A1%20%E5%B1%B1%E5%BD%A2%E5%B8%82
めだかの学校　桧町校,小規模多機能型居宅介護,山形県,山形市,"介護,小規模多機能型居宅介護",小規模多機能型居宅介護の公式オープンデータから取り込んだ候補です。詳細は公式情報・電話・見学で確認してください。,http://www.medaka-school.co.jp/,山形市桧町一丁目９番１２号,023-682-7887,厚生労働省オープンデータ,https://www.mhlw.go.jp/content/12300000/jigyosho_730.csv,2025-12末,https://www.google.com/search?q=%E3%82%81%E3%81%A0%E3%81%8B%E3%81%AE%E5%AD%A6%E6%A0%A1%E3%80%80%E6%A1%A7%E7%94%BA%E6%A0%A1%20%E5%B1%B1%E5%BD%A2%E5%B8%82
めだかの学校上桜田校,小規模多機能型居宅介護,山形県,山形市,"介護,小規模多機能型居宅介護",小規模多機能型居宅介護の公式オープンデータから取り込んだ候補です。詳細は公式情報・電話・見学で確認してください。,http://www.medaka-scool.co.jp,山形県山形市上桜田1丁目2番6号,023-674-0911,厚生労働省オープンデータ,https://www.mhlw.go.jp/content/12300000/jigyosho_730.csv,2025-12末,https://www.google.com/search?q=%E3%82%81%E3%81%A0%E3%81%8B%E3%81%AE%E5%AD%A6%E6%A0%A1%E4%B8%8A%E6%A1%9C%E7%94%B0%E6%A0%A1%20%E5%B1%B1%E5%BD%A2%E5%B8%82
小規模多機能つばさ桜田,小規模多機能型居宅介護,山形県,山形市,"介護,小規模多機能型居宅介護",小規模多機能型居宅介護の公式オープンデータから取り込んだ候補です。詳細は公式情報・電話・見学で確認してください。,tbasa.co.jp,山形県山形市桜田西2－7－1,023‐679‐5666,厚生労働省オープンデータ,https://www.mhlw.go.jp/content/12300000/jigyosho_730.csv,2025-12末,https://www.google.com/search?q=%E5%B0%8F%E8%A6%8F%E6%A8%A1%E5%A4%9A%E6%A9%9F%E8%83%BD%E3%81%A4%E3%81%B0%E3%81%95%E6%A1%9C%E7%94%B0%20%E5%B1%B1%E5%BD%A2%E5%B8%82
小規模多機能あかしや共生苑,小規模多機能型居宅介護,山形県,山形市,"介護,小規模多機能型居宅介護",小規模多機能型居宅介護の公式オープンデータから取り込んだ候補です。詳細は公式情報・電話・見学で確認してください。,https://www.y-shiminfukushikai.org/,山形県山形市桧町3丁目4－17,023-674-7775,厚生労働省オープンデータ,https://www.mhlw.go.jp/content/12300000/jigyosho_730.csv,2025-12末,https://www.google.com/search?q=%E5%B0%8F%E8%A6%8F%E6%A8%A1%E5%A4%9A%E6%A9%9F%E8%83%BD%E3%81%82%E3%81%8B%E3%81%97%E3%82%84%E5%85%B1%E7%94%9F%E8%8B%91%20%E5%B1%B1%E5%BD%A2%E5%B8%82
みこころの園南山形小規模多機能型居宅介護事業所,小規模多機能型居宅介護,山形県,山形市,"介護,小規模多機能型居宅介護",小規模多機能型居宅介護の公式オープンデータから取り込んだ候補です。詳細は公式情報・電話・見学で確認してください。,www.mikokoronosono.or.jp,山形県山形市大字松原字横手７７９－１,023-665-1133,厚生労働省オープンデータ,https://www.mhlw.go.jp/content/12300000/jigyosho_730.csv,2025-12末,https://www.google.com/search?q=%E3%81%BF%E3%81%93%E3%81%93%E3%82%8D%E3%81%AE%E5%9C%92%E5%8D%97%E5%B1%B1%E5%BD%A2%E5%B0%8F%E8%A6%8F%E6%A8%A1%E5%A4%9A%E6%A9%9F%E8%83%BD%E5%9E%8B%E5%B1%85%E5%AE%85%E4%BB%8B%E8%AD%B7%E4%BA%8B%E6%A5%AD%E6%89%80%20%E5%B1%B1%E5%BD%A2%E5%B8%82
小規模多機能型居宅介護事業所あんずの家,小規模多機能型居宅介護,山形県,山形市,"介護,小規模多機能型居宅介護",小規模多機能型居宅介護の公式オープンデータから取り込んだ候補です。詳細は公式情報・電話・見学で確認してください。,http://kagayamaiin.com/,山形市南一番町５－２６,023-631-1172,厚生労働省オープンデータ,https://www.mhlw.go.jp/content/12300000/jigyosho_730.csv,2025-12末,https://www.google.com/search?q=%E5%B0%8F%E8%A6%8F%E6%A8%A1%E5%A4%9A%E6%A9%9F%E8%83%BD%E5%9E%8B%E5%B1%85%E5%AE%85%E4%BB%8B%E8%AD%B7%E4%BA%8B%E6%A5%AD%E6%89%80%E3%81%82%E3%82%93%E3%81%9A%E3%81%AE%E5%AE%B6%20%E5%B1%B1%E5%BD%A2%E5%B8%82
小規模多機能型居宅介護施設　米喜家,小規模多機能型居宅介護,山形県,山形市,"介護,小規模多機能型居宅介護",小規模多機能型居宅介護の公式オープンデータから取り込んだ候補です。詳細は公式情報・電話・見学で確認してください。,http://www.yonekiya.com/,山形市大字前明石字京旦121-1,023-679-4931,厚生労働省オープンデータ,https://www.mhlw.go.jp/content/12300000/jigyosho_730.csv,2025-12末,https://www.google.com/search?q=%E5%B0%8F%E8%A6%8F%E6%A8%A1%E5%A4%9A%E6%A9%9F%E8%83%BD%E5%9E%8B%E5%B1%85%E5%AE%85%E4%BB%8B%E8%AD%B7%E6%96%BD%E8%A8%AD%E3%80%80%E7%B1%B3%E5%96%9C%E5%AE%B6%20%E5%B1%B1%E5%BD%A2%E5%B8%82
はなみずきの家,小規模多機能型居宅介護,山形県,山形市,"介護,小規模多機能型居宅介護",小規模多機能型居宅介護の公式オープンデータから取り込んだ候補です。詳細は公式情報・電話・見学で確認してください。,http://www.y-hanamizuki.com,山形市深町一丁目9-14,023-644-2777,厚生労働省オープンデータ,https://www.mhlw.go.jp/content/12300000/jigyosho_730.csv,2025-12末,https://www.google.com/search?q=%E3%81%AF%E3%81%AA%E3%81%BF%E3%81%9A%E3%81%8D%E3%81%AE%E5%AE%B6%20%E5%B1%B1%E5%BD%A2%E5%B8%82
小規模多機能型居宅介護事業所おおそねケアセンター,小規模多機能型居宅介護,山形県,山形市,"介護,小規模多機能型居宅介護",小規模多機能型居宅介護の公式オープンデータから取り込んだ候補です。詳細は公式情報・電話・見学で確認してください。,http://oosone-seioukai.com/,山形県山形市大字上反田811-1,023-674-7729,厚生労働省オープンデータ,https://www.mhlw.go.jp/content/12300000/jigyosho_730.csv,2025-12末,https://www.google.com/search?q=%E5%B0%8F%E8%A6%8F%E6%A8%A1%E5%A4%9A%E6%A9%9F%E8%83%BD%E5%9E%8B%E5%B1%85%E5%AE%85%E4%BB%8B%E8%AD%B7%E4%BA%8B%E6%A5%AD%E6%89%80%E3%81%8A%E3%81%8A%E3%81%9D%E3%81%AD%E3%82%B1%E3%82%A2%E3%82%BB%E3%83%B3%E3%82%BF%E3%83%BC%20%E5%B1%B1%E5%BD%A2%E5%B8%82
小規模多機能型居宅介護事業所おおぞらケアセンター,小規模多機能型居宅介護,山形県,山形市,"介護,小規模多機能型居宅介護",小規模多機能型居宅介護の公式オープンデータから取り込んだ候補です。詳細は公式情報・電話・見学で確認してください。,https://www.google.com/search?q=%E5%B0%8F%E8%A6%8F%E6%A8%A1%E5%A4%9A%E6%A9%9F%E8%83%BD%E5%9E%8B%E5%B1%85%E5%AE%85%E4%BB%8B%E8%AD%B7%E4%BA%8B%E6%A5%AD%E6%89%80%E3%81%8A%E3%81%8A%E3%81%9E%E3%82%89%E3%82%B1%E3%82%A2%E3%82%BB%E3%83%B3%E3%82%BF%E3%83%BC%20%E5%B1%B1%E5%BD%A2%E5%B8%82,山形県山形市砂田56-2,023-643-5571,厚生労働省オープンデータ,https://www.mhlw.go.jp/content/12300000/jigyosho_730.csv,2025-12末,https://www.google.com/search?q=%E5%B0%8F%E8%A6%8F%E6%A8%A1%E5%A4%9A%E6%A9%9F%E8%83%BD%E5%9E%8B%E5%B1%85%E5%AE%85%E4%BB%8B%E8%AD%B7%E4%BA%8B%E6%A5%AD%E6%89%80%E3%81%8A%E3%81%8A%E3%81%9E%E3%82%89%E3%82%B1%E3%82%A2%E3%82%BB%E3%83%B3%E3%82%BF%E3%83%BC%20%E5%B1%B1%E5%BD%A2%E5%B8%82
小規模多機能型居宅介護　花笑み,小規模多機能型居宅介護,山形県,山形市,"介護,小規模多機能型居宅介護",小規模多機能型居宅介護の公式オープンデータから取り込んだ候補です。詳細は公式情報・電話・見学で確認してください。,https://www.google.com/search?q=%E5%B0%8F%E8%A6%8F%E6%A8%A1%E5%A4%9A%E6%A9%9F%E8%83%BD%E5%9E%8B%E5%B1%85%E5%AE%85%E4%BB%8B%E8%AD%B7%E3%80%80%E8%8A%B1%E7%AC%91%E3%81%BF%20%E5%B1%B1%E5%BD%A2%E5%B8%82,山形県山形市あけぼの一丁目6番地8号,023-666-6633,厚生労働省オープンデータ,https://www.mhlw.go.jp/content/12300000/jigyosho_730.csv,2025-12末,https://www.google.com/search?q=%E5%B0%8F%E8%A6%8F%E6%A8%A1%E5%A4%9A%E6%A9%9F%E8%83%BD%E5%9E%8B%E5%B1%85%E5%AE%85%E4%BB%8B%E8%AD%B7%E3%80%80%E8%8A%B1%E7%AC%91%E3%81%BF%20%E5%B1%B1%E5%BD%A2%E5%B8%82
ソーレホーム城南,小規模多機能型居宅介護,山形県,山形市,"介護,小規模多機能型居宅介護",小規模多機能型居宅介護の公式オープンデータから取り込んだ候補です。詳細は公式情報・電話・見学で確認してください。,https://www.sole.ne.jp/,城南町3-3-26,023-674-0113,厚生労働省オープンデータ,https://www.mhlw.go.jp/content/12300000/jigyosho_730.csv,2025-12末,https://www.google.com/search?q=%E3%82%BD%E3%83%BC%E3%83%AC%E3%83%9B%E3%83%BC%E3%83%A0%E5%9F%8E%E5%8D%97%20%E5%B1%B1%E5%BD%A2%E5%B8%82
小規模多機能型居宅介護事業所　「あっぷるの里　久保田」,小規模多機能型居宅介護,山形県,山形市,"介護,小規模多機能型居宅介護",小規模多機能型居宅介護の公式オープンデータから取り込んだ候補です。詳細は公式情報・電話・見学で確認してください。,http://applenosato.sakura.ne.jp,山形県山形市久保田一丁目７－７,０２３－６４７－６３３０,厚生労働省オープンデータ,https://www.mhlw.go.jp/content/12300000/jigyosho_730.csv,2025-12末,https://www.google.com/search?q=%E5%B0%8F%E8%A6%8F%E6%A8%A1%E5%A4%9A%E6%A9%9F%E8%83%BD%E5%9E%8B%E5%B1%85%E5%AE%85%E4%BB%8B%E8%AD%B7%E4%BA%8B%E6%A5%AD%E6%89%80%E3%80%80%E3%80%8C%E3%81%82%E3%81%A3%E3%81%B7%E3%82%8B%E3%81%AE%E9%87%8C%E3%80%80%E4%B9%85%E4%BF%9D%E7%94%B0%E3%80%8D%20%E5%B1%B1%E5%BD%A2%E5%B8%82
小規模多機能ホームちとせノ杜,小規模多機能型居宅介護,山形県,山形市,"介護,小規模多機能型居宅介護",小規模多機能型居宅介護の公式オープンデータから取り込んだ候補です。詳細は公式情報・電話・見学で確認してください。,https://www.izimi-no-mori.jp,山形市落合町２０５,023-634-5525,厚生労働省オープンデータ,https://www.mhlw.go.jp/content/12300000/jigyosho_730.csv,2025-12末,https://www.google.com/search?q=%E5%B0%8F%E8%A6%8F%E6%A8%A1%E5%A4%9A%E6%A9%9F%E8%83%BD%E3%83%9B%E3%83%BC%E3%83%A0%E3%81%A1%E3%81%A8%E3%81%9B%E3%83%8E%E6%9D%9C%20%E5%B1%B1%E5%BD%A2%E5%B8%82
小規模多機能ホーム　べにはなノ杜,小規模多機能型居宅介護,山形県,山形市,"介護,小規模多機能型居宅介護",小規模多機能型居宅介護の公式オープンデータから取り込んだ候補です。詳細は公式情報・電話・見学で確認してください。,http://www.chitosenomori.jp/,山形県山形市大字大森853,023-665-0316,厚生労働省オープンデータ,https://www.mhlw.go.jp/content/12300000/jigyosho_730.csv,2025-12末,https://www.google.com/search?q=%E5%B0%8F%E8%A6%8F%E6%A8%A1%E5%A4%9A%E6%A9%9F%E8%83%BD%E3%83%9B%E3%83%BC%E3%83%A0%E3%80%80%E3%81%B9%E3%81%AB%E3%81%AF%E3%81%AA%E3%83%8E%E6%9D%9C%20%E5%B1%B1%E5%BD%A2%E5%B8%82
小規模多機能ホーム　せん寿ノ杜,小規模多機能型居宅介護,山形県,山形市,"介護,小規模多機能型居宅介護",小規模多機能型居宅介護の公式オープンデータから取り込んだ候補です。詳細は公式情報・電話・見学で確認してください。,https://www.izumi-no-mori.jp/,山形県山形市漆山字住吉７１５,０２３－６７４－８３８８,厚生労働省オープンデータ,https://www.mhlw.go.jp/content/12300000/jigyosho_730.csv,2025-12末,https://www.google.com/search?q=%E5%B0%8F%E8%A6%8F%E6%A8%A1%E5%A4%9A%E6%A9%9F%E8%83%BD%E3%83%9B%E3%83%BC%E3%83%A0%E3%80%80%E3%81%9B%E3%82%93%E5%AF%BF%E3%83%8E%E6%9D%9C%20%E5%B1%B1%E5%BD%A2%E5%B8%82
フラワーみつえ,小規模多機能型居宅介護,山形県,山形市,"介護,小規模多機能型居宅介護",小規模多機能型居宅介護の公式オープンデータから取り込んだ候補です。詳細は公式情報・電話・見学で確認してください。,https://www.google.com/search?q=%E3%83%95%E3%83%A9%E3%83%AF%E3%83%BC%E3%81%BF%E3%81%A4%E3%81%88%20%E5%B1%B1%E5%BD%A2%E5%B8%82,山形県山形市吉原1丁目10-29,023‐647‐7375,厚生労働省オープンデータ,https://www.mhlw.go.jp/content/12300000/jigyosho_730.csv,2025-12末,https://www.google.com/search?q=%E3%83%95%E3%83%A9%E3%83%AF%E3%83%BC%E3%81%BF%E3%81%A4%E3%81%88%20%E5%B1%B1%E5%BD%A2%E5%B8%82
暖家　１号館,小規模多機能型居宅介護,山形県,山形市,"介護,小規模多機能型居宅介護",小規模多機能型居宅介護の公式オープンデータから取り込んだ候補です。詳細は公式情報・電話・見学で確認してください。,https://www.care-danke.com/,山形県山形市元木1丁目10-45ダンケビル,023-666-6485,厚生労働省オープンデータ,https://www.mhlw.go.jp/content/12300000/jigyosho_730.csv,2025-12末,https://www.google.com/search?q=%E6%9A%96%E5%AE%B6%E3%80%80%EF%BC%91%E5%8F%B7%E9%A4%A8%20%E5%B1%B1%E5%BD%A2%E5%B8%82
暖家　2号館,小規模多機能型居宅介護,山形県,山形市,"介護,小規模多機能型居宅介護",小規模多機能型居宅介護の公式オープンデータから取り込んだ候補です。詳細は公式情報・電話・見学で確認してください。,https://www.care-danke.com/company.html,山形県山形市元木1丁目10-52ダンケビル2,023-622-0055,厚生労働省オープンデータ,https://www.mhlw.go.jp/content/12300000/jigyosho_730.csv,2025-12末,https://www.google.com/search?q=%E6%9A%96%E5%AE%B6%E3%80%802%E5%8F%B7%E9%A4%A8%20%E5%B1%B1%E5%BD%A2%E5%B8%82
社会福祉法人　ユトリア会　小規模多機能ユトリアケアセンターかすみ,小規模多機能型居宅介護,山形県,山形市,"介護,小規模多機能型居宅介護",小規模多機能型居宅介護の公式オープンデータから取り込んだ候補です。詳細は公式情報・電話・見学で確認してください。,http://utoria-kai.com,山形県山形市香澄町２丁目３番３２号,023-625-1294,厚生労働省オープンデータ,https://www.mhlw.go.jp/content/12300000/jigyosho_730.csv,2025-12末,https://www.google.com/search?q=%E7%A4%BE%E4%BC%9A%E7%A6%8F%E7%A5%89%E6%B3%95%E4%BA%BA%E3%80%80%E3%83%A6%E3%83%88%E3%83%AA%E3%82%A2%E4%BC%9A%E3%80%80%E5%B0%8F%E8%A6%8F%E6%A8%A1%E5%A4%9A%E6%A9%9F%E8%83%BD%E3%83%A6%E3%83%88%E3%83%AA%E3%82%A2%E3%82%B1%E3%82%A2%E3%82%BB%E3%83%B3%E3%82%BF%E3%83%BC%E3%81%8B%E3%81%99%E3%81%BF%20%E5%B1%B1%E5%BD%A2%E5%B8%82
小規模多機能ユトリアケアセンターなりさわ,小規模多機能型居宅介護,山形県,山形市,"介護,小規模多機能型居宅介護",小規模多機能型居宅介護の公式オープンデータから取り込んだ候補です。詳細は公式情報・電話・見学で確認してください。,http://utoria-kai.com/,山形県山形市成沢西四丁目2番20号,023-674-7150,厚生労働省オープンデータ,https://www.mhlw.go.jp/content/12300000/jigyosho_730.csv,2025-12末,https://www.google.com/search?q=%E5%B0%8F%E8%A6%8F%E6%A8%A1%E5%A4%9A%E6%A9%9F%E8%83%BD%E3%83%A6%E3%83%88%E3%83%AA%E3%82%A2%E3%82%B1%E3%82%A2%E3%82%BB%E3%83%B3%E3%82%BF%E3%83%BC%E3%81%AA%E3%82%8A%E3%81%95%E3%82%8F%20%E5%B1%B1%E5%BD%A2%E5%B8%82
湖山ケアサービス高堂,小規模多機能型居宅介護,山形県,山形市,"介護,小規模多機能型居宅介護",小規模多機能型居宅介護の公式オープンデータから取り込んだ候補です。詳細は公式情報・電話・見学で確認してください。,http://www.ryokuaikai.com/,山形県山形市高堂84番1湖山ケアサービス高堂,023-644-2710,厚生労働省オープンデータ,https://www.mhlw.go.jp/content/12300000/jigyosho_730.csv,2025-12末,https://www.google.com/search?q=%E6%B9%96%E5%B1%B1%E3%82%B1%E3%82%A2%E3%82%B5%E3%83%BC%E3%83%93%E3%82%B9%E9%AB%98%E5%A0%82%20%E5%B1%B1%E5%BD%A2%E5%B8%82
フラワー小姓町,小規模多機能型居宅介護,山形県,山形市,"介護,小規模多機能型居宅介護",小規模多機能型居宅介護の公式オープンデータから取り込んだ候補です。詳細は公式情報・電話・見学で確認してください。,flower-kosyoumachi@tmw.or.jp,山形県山形市小姓町7番15号,023-625-7210,厚生労働省オープンデータ,https://www.mhlw.go.jp/content/12300000/jigyosho_730.csv,2025-12末,https://www.google.com/search?q=%E3%83%95%E3%83%A9%E3%83%AF%E3%83%BC%E5%B0%8F%E5%A7%93%E7%94%BA%20%E5%B1%B1%E5%BD%A2%E5%B8%82
ケアセンターとこしえあこや町,小規模多機能型居宅介護,山形県,山形市,"介護,小規模多機能型居宅介護",小規模多機能型居宅介護の公式オープンデータから取り込んだ候補です。詳細は公式情報・電話・見学で確認してください。,http://www.tokoshie.net,山形県山形市あこや町3丁目12-7,023-631-7888,厚生労働省オープンデータ,https://www.mhlw.go.jp/content/12300000/jigyosho_730.csv,2025-12末,https://www.google.com/search?q=%E3%82%B1%E3%82%A2%E3%82%BB%E3%83%B3%E3%82%BF%E3%83%BC%E3%81%A8%E3%81%93%E3%81%97%E3%81%88%E3%81%82%E3%81%93%E3%82%84%E7%94%BA%20%E5%B1%B1%E5%BD%A2%E5%B8%82
ケアセンターとこしえ山形薬師町,小規模多機能型居宅介護,山形県,山形市,"介護,小規模多機能型居宅介護",小規模多機能型居宅介護の公式オープンデータから取り込んだ候補です。詳細は公式情報・電話・見学で確認してください。,https://tokoshie.net/,山形県山形市薬師町１丁目3番6号https://tokoshie.net/,023-625-3777,厚生労働省オープンデータ,https://www.mhlw.go.jp/content/12300000/jigyosho_730.csv,2025-12末,https://www.google.com/search?q=%E3%82%B1%E3%82%A2%E3%82%BB%E3%83%B3%E3%82%BF%E3%83%BC%E3%81%A8%E3%81%93%E3%81%97%E3%81%88%E5%B1%B1%E5%BD%A2%E8%96%AC%E5%B8%AB%E7%94%BA%20%E5%B1%B1%E5%BD%A2%E5%B8%82
小規模多機能ホーム　ぴゅありす通町,小規模多機能型居宅介護,山形県,米沢市,"介護,小規模多機能型居宅介護",小規模多機能型居宅介護の公式オープンデータから取り込んだ候補です。詳細は公式情報・電話・見学で確認してください。,http://y-seiyukai.com,米沢市通町４丁目３－１３,0238-40-0753,厚生労働省オープンデータ,https://www.mhlw.go.jp/content/12300000/jigyosho_730.csv,2025-12末,https://www.google.com/search?q=%E5%B0%8F%E8%A6%8F%E6%A8%A1%E5%A4%9A%E6%A9%9F%E8%83%BD%E3%83%9B%E3%83%BC%E3%83%A0%E3%80%80%E3%81%B4%E3%82%85%E3%81%82%E3%82%8A%E3%81%99%E9%80%9A%E7%94%BA%20%E7%B1%B3%E6%B2%A2%E5%B8%82
もも太郎さん　駅前,小規模多機能型居宅介護,山形県,米沢市,"介護,小規模多機能型居宅介護",小規模多機能型居宅介護の公式オープンデータから取り込んだ候補です。詳細は公式情報・電話・見学で確認してください。,http://www.momotarosan.com/,米沢市駅前3丁目1784-1,0238-26-1321,厚生労働省オープンデータ,https://www.mhlw.go.jp/content/12300000/jigyosho_730.csv,2025-12末,https://www.google.com/search?q=%E3%82%82%E3%82%82%E5%A4%AA%E9%83%8E%E3%81%95%E3%82%93%E3%80%80%E9%A7%85%E5%89%8D%20%E7%B1%B3%E6%B2%A2%E5%B8%82
小規模多機能ホームぴゅありす大町,小規模多機能型居宅介護,山形県,米沢市,"介護,小規模多機能型居宅介護",小規模多機能型居宅介護の公式オープンデータから取り込んだ候補です。詳細は公式情報・電話・見学で確認してください。,https://www.google.com/search?q=%E5%B0%8F%E8%A6%8F%E6%A8%A1%E5%A4%9A%E6%A9%9F%E8%83%BD%E3%83%9B%E3%83%BC%E3%83%A0%E3%81%B4%E3%82%85%E3%81%82%E3%82%8A%E3%81%99%E5%A4%A7%E7%94%BA%20%E7%B1%B3%E6%B2%A2%E5%B8%82,山形県米沢市大町２丁目１－１０,0238-49-7020,厚生労働省オープンデータ,https://www.mhlw.go.jp/content/12300000/jigyosho_730.csv,2025-12末,https://www.google.com/search?q=%E5%B0%8F%E8%A6%8F%E6%A8%A1%E5%A4%9A%E6%A9%9F%E8%83%BD%E3%83%9B%E3%83%BC%E3%83%A0%E3%81%B4%E3%82%85%E3%81%82%E3%82%8A%E3%81%99%E5%A4%A7%E7%94%BA%20%E7%B1%B3%E6%B2%A2%E5%B8%82
小規模多機能ホーム　ぴゅありす金池,小規模多機能型居宅介護,山形県,米沢市,"介護,小規模多機能型居宅介護",小規模多機能型居宅介護の公式オープンデータから取り込んだ候補です。詳細は公式情報・電話・見学で確認してください。,https://www.google.com/search?q=%E5%B0%8F%E8%A6%8F%E6%A8%A1%E5%A4%9A%E6%A9%9F%E8%83%BD%E3%83%9B%E3%83%BC%E3%83%A0%E3%80%80%E3%81%B4%E3%82%85%E3%81%82%E3%82%8A%E3%81%99%E9%87%91%E6%B1%A0%20%E7%B1%B3%E6%B2%A2%E5%B8%82,米沢市金池７丁目６－６０,０２３８－４０－１７２５,厚生労働省オープンデータ,https://www.mhlw.go.jp/content/12300000/jigyosho_730.csv,2025-12末,https://www.google.com/search?q=%E5%B0%8F%E8%A6%8F%E6%A8%A1%E5%A4%9A%E6%A9%9F%E8%83%BD%E3%83%9B%E3%83%BC%E3%83%A0%E3%80%80%E3%81%B4%E3%82%85%E3%81%82%E3%82%8A%E3%81%99%E9%87%91%E6%B1%A0%20%E7%B1%B3%E6%B2%A2%E5%B8%82
小規模多機能ホーム公園丸の内館,小規模多機能型居宅介護,山形県,米沢市,"介護,小規模多機能型居宅介護",小規模多機能型居宅介護の公式オープンデータから取り込んだ候補です。詳細は公式情報・電話・見学で確認してください。,https://www.google.com/search?q=%E5%B0%8F%E8%A6%8F%E6%A8%A1%E5%A4%9A%E6%A9%9F%E8%83%BD%E3%83%9B%E3%83%BC%E3%83%A0%E5%85%AC%E5%9C%92%E4%B8%B8%E3%81%AE%E5%86%85%E9%A4%A8%20%E7%B1%B3%E6%B2%A2%E5%B8%82,山形県米沢市丸の内2丁目3番3号公園丸の内ケアセンター,0238-21-8081,厚生労働省オープンデータ,https://www.mhlw.go.jp/content/12300000/jigyosho_730.csv,2025-12末,https://www.google.com/search?q=%E5%B0%8F%E8%A6%8F%E6%A8%A1%E5%A4%9A%E6%A9%9F%E8%83%BD%E3%83%9B%E3%83%BC%E3%83%A0%E5%85%AC%E5%9C%92%E4%B8%B8%E3%81%AE%E5%86%85%E9%A4%A8%20%E7%B1%B3%E6%B2%A2%E5%B8%82
地域ケアセンター東陽館　小規模多機能ホーム,小規模多機能型居宅介護,山形県,米沢市,"介護,小規模多機能型居宅介護",小規模多機能型居宅介護の公式オープンデータから取り込んだ候補です。詳細は公式情報・電話・見学で確認してください。,http://care-net.biz/06/touyoukan/,山形県米沢市城北１丁目２番５号地域ケアセンター東陽館,0238-37-8181,厚生労働省オープンデータ,https://www.mhlw.go.jp/content/12300000/jigyosho_730.csv,2025-12末,https://www.google.com/search?q=%E5%9C%B0%E5%9F%9F%E3%82%B1%E3%82%A2%E3%82%BB%E3%83%B3%E3%82%BF%E3%83%BC%E6%9D%B1%E9%99%BD%E9%A4%A8%E3%80%80%E5%B0%8F%E8%A6%8F%E6%A8%A1%E5%A4%9A%E6%A9%9F%E8%83%BD%E3%83%9B%E3%83%BC%E3%83%A0%20%E7%B1%B3%E6%B2%A2%E5%B8%82
小規模多機能ホームこもれびの家,小規模多機能型居宅介護,山形県,米沢市,"介護,小規模多機能型居宅介護",小規模多機能型居宅介護の公式オープンデータから取り込んだ候補です。詳細は公式情報・電話・見学で確認してください。,https://komorebi-yonezawa.co.jp/,山形県米沢市大字花沢3069番地の２,0238-26-1520,厚生労働省オープンデータ,https://www.mhlw.go.jp/content/12300000/jigyosho_730.csv,2025-12末,https://www.google.com/search?q=%E5%B0%8F%E8%A6%8F%E6%A8%A1%E5%A4%9A%E6%A9%9F%E8%83%BD%E3%83%9B%E3%83%BC%E3%83%A0%E3%81%93%E3%82%82%E3%82%8C%E3%81%B3%E3%81%AE%E5%AE%B6%20%E7%B1%B3%E6%B2%A2%E5%B8%82
小規模多機能ホームこもれびの家　上郷,小規模多機能型居宅介護,山形県,米沢市,"介護,小規模多機能型居宅介護",小規模多機能型居宅介護の公式オープンデータから取り込んだ候補です。詳細は公式情報・電話・見学で確認してください。,https://komorebi-yonezawa/co.jp,山形県米沢市大字川井3853,0238-28-5330,厚生労働省オープンデータ,https://www.mhlw.go.jp/content/12300000/jigyosho_730.csv,2025-12末,https://www.google.com/search?q=%E5%B0%8F%E8%A6%8F%E6%A8%A1%E5%A4%9A%E6%A9%9F%E8%83%BD%E3%83%9B%E3%83%BC%E3%83%A0%E3%81%93%E3%82%82%E3%82%8C%E3%81%B3%E3%81%AE%E5%AE%B6%E3%80%80%E4%B8%8A%E9%83%B7%20%E7%B1%B3%E6%B2%A2%E5%B8%82
小規模多機能型居宅介護事業所「やまぼうし」,小規模多機能型居宅介護,山形県,米沢市,"介護,小規模多機能型居宅介護",小規模多機能型居宅介護の公式オープンデータから取り込んだ候補です。詳細は公式情報・電話・見学で確認してください。,http://www.yamabo-si.jp,山形県米沢市直江町２番３５号,0238-22-6500,厚生労働省オープンデータ,https://www.mhlw.go.jp/content/12300000/jigyosho_730.csv,2025-12末,https://www.google.com/search?q=%E5%B0%8F%E8%A6%8F%E6%A8%A1%E5%A4%9A%E6%A9%9F%E8%83%BD%E5%9E%8B%E5%B1%85%E5%AE%85%E4%BB%8B%E8%AD%B7%E4%BA%8B%E6%A5%AD%E6%89%80%E3%80%8C%E3%82%84%E3%81%BE%E3%81%BC%E3%81%86%E3%81%97%E3%80%8D%20%E7%B1%B3%E6%B2%A2%E5%B8%82
小規模多機能ホームいとしあ笹野,小規模多機能型居宅介護,山形県,米沢市,"介護,小規模多機能型居宅介護",小規模多機能型居宅介護の公式オープンデータから取り込んだ候補です。詳細は公式情報・電話・見学で確認してください。,https://www.google.com/search?q=%E5%B0%8F%E8%A6%8F%E6%A8%A1%E5%A4%9A%E6%A9%9F%E8%83%BD%E3%83%9B%E3%83%BC%E3%83%A0%E3%81%84%E3%81%A8%E3%81%97%E3%81%82%E7%AC%B9%E9%87%8E%20%E7%B1%B3%E6%B2%A2%E5%B8%82,山形県米沢市大字笹野６３６番地の５,0238-38-2300,厚生労働省オープンデータ,https://www.mhlw.go.jp/content/12300000/jigyosho_730.csv,2025-12末,https://www.google.com/search?q=%E5%B0%8F%E8%A6%8F%E6%A8%A1%E5%A4%9A%E6%A9%9F%E8%83%BD%E3%83%9B%E3%83%BC%E3%83%A0%E3%81%84%E3%81%A8%E3%81%97%E3%81%82%E7%AC%B9%E9%87%8E%20%E7%B1%B3%E6%B2%A2%E5%B8%82
ケアセンターとこしえ　あたご,小規模多機能型居宅介護,山形県,米沢市,"介護,小規模多機能型居宅介護",小規模多機能型居宅介護の公式オープンデータから取り込んだ候補です。詳細は公式情報・電話・見学で確認してください。,https://www.google.com/search?q=%E3%82%B1%E3%82%A2%E3%82%BB%E3%83%B3%E3%82%BF%E3%83%BC%E3%81%A8%E3%81%93%E3%81%97%E3%81%88%E3%80%80%E3%81%82%E3%81%9F%E3%81%94%20%E7%B1%B3%E6%B2%A2%E5%B8%82,山形県米沢市御廟三丁目5番28号,0238-21-3330,厚生労働省オープンデータ,https://www.mhlw.go.jp/content/12300000/jigyosho_730.csv,2025-12末,https://www.google.com/search?q=%E3%82%B1%E3%82%A2%E3%82%BB%E3%83%B3%E3%82%BF%E3%83%BC%E3%81%A8%E3%81%93%E3%81%97%E3%81%88%E3%80%80%E3%81%82%E3%81%9F%E3%81%94%20%E7%B1%B3%E6%B2%A2%E5%B8%82
多機能ねずがせき,小規模多機能型居宅介護,山形県,鶴岡市,"介護,小規模多機能型居宅介護",小規模多機能型居宅介護の公式オープンデータから取り込んだ候補です。詳細は公式情報・電話・見学で確認してください。,https://www.google.com/search?q=%E5%A4%9A%E6%A9%9F%E8%83%BD%E3%81%AD%E3%81%9A%E3%81%8C%E3%81%9B%E3%81%8D%20%E9%B6%B4%E5%B2%A1%E5%B8%82,山形県鶴岡市鼠ヶ関字横路9番3,0235-48-4611,厚生労働省オープンデータ,https://www.mhlw.go.jp/content/12300000/jigyosho_730.csv,2025-12末,https://www.google.com/search?q=%E5%A4%9A%E6%A9%9F%E8%83%BD%E3%81%AD%E3%81%9A%E3%81%8C%E3%81%9B%E3%81%8D%20%E9%B6%B4%E5%B2%A1%E5%B8%82
多機能ゆのはま,小規模多機能型居宅介護,山形県,鶴岡市,"介護,小規模多機能型居宅介護",小規模多機能型居宅介護の公式オープンデータから取り込んだ候補です。詳細は公式情報・電話・見学で確認してください。,https://www.sionkai.or.jp/,山形県鶴岡市湯野浜1丁目19番28号,0235-76-3780,厚生労働省オープンデータ,https://www.mhlw.go.jp/content/12300000/jigyosho_730.csv,2025-12末,https://www.google.com/search?q=%E5%A4%9A%E6%A9%9F%E8%83%BD%E3%82%86%E3%81%AE%E3%81%AF%E3%81%BE%20%E9%B6%B4%E5%B2%A1%E5%B8%82
多機能かも,小規模多機能型居宅介護,山形県,鶴岡市,"介護,小規模多機能型居宅介護",小規模多機能型居宅介護の公式オープンデータから取り込んだ候補です。詳細は公式情報・電話・見学で確認してください。,https://www.sionkai.or.jp/,山形県鶴岡市加茂字加茂146番,0235-64-1162,厚生労働省オープンデータ,https://www.mhlw.go.jp/content/12300000/jigyosho_730.csv,2025-12末,https://www.google.com/search?q=%E5%A4%9A%E6%A9%9F%E8%83%BD%E3%81%8B%E3%82%82%20%E9%B6%B4%E5%B2%A1%E5%B8%82
清流苑,小規模多機能型居宅介護,山形県,鶴岡市,"介護,小規模多機能型居宅介護",小規模多機能型居宅介護の公式オープンデータから取り込んだ候補です。詳細は公式情報・電話・見学で確認してください。,http://atumihukushikai.jp/,山形県鶴岡市五十川字山之脇183番地2,0235-33-8755,厚生労働省オープンデータ,https://www.mhlw.go.jp/content/12300000/jigyosho_730.csv,2025-12末,https://www.google.com/search?q=%E6%B8%85%E6%B5%81%E8%8B%91%20%E9%B6%B4%E5%B2%A1%E5%B8%82
永寿荘多機能ホーム宝田,小規模多機能型居宅介護,山形県,鶴岡市,"介護,小規模多機能型居宅介護",小規模多機能型居宅介護の公式オープンデータから取り込んだ候補です。詳細は公式情報・電話・見学で確認してください。,http://www.eijutakarada@keisen-swc.jp,山形県鶴岡市宝田二丁目７-２９,0235-26-8355,厚生労働省オープンデータ,https://www.mhlw.go.jp/content/12300000/jigyosho_730.csv,2025-12末,https://www.google.com/search?q=%E6%B0%B8%E5%AF%BF%E8%8D%98%E5%A4%9A%E6%A9%9F%E8%83%BD%E3%83%9B%E3%83%BC%E3%83%A0%E5%AE%9D%E7%94%B0%20%E9%B6%B4%E5%B2%A1%E5%B8%82
小規模多機能施設くしびき,小規模多機能型居宅介護,山形県,鶴岡市,"介護,小規模多機能型居宅介護",小規模多機能型居宅介護の公式オープンデータから取り込んだ候補です。詳細は公式情報・電話・見学で確認してください。,http://www.turuoka-kyoritu-hp.or.jp/rihabilitation/,鶴岡市上山添神明前４２－１,０２３５－５７－４８９８,厚生労働省オープンデータ,https://www.mhlw.go.jp/content/12300000/jigyosho_730.csv,2025-12末,https://www.google.com/search?q=%E5%B0%8F%E8%A6%8F%E6%A8%A1%E5%A4%9A%E6%A9%9F%E8%83%BD%E6%96%BD%E8%A8%AD%E3%81%8F%E3%81%97%E3%81%B3%E3%81%8D%20%E9%B6%B4%E5%B2%A1%E5%B8%82
小規模多機能型居宅介護事業所多機能さくら鶴岡,小規模多機能型居宅介護,山形県,鶴岡市,"介護,小規模多機能型居宅介護",小規模多機能型居宅介護の公式オープンデータから取り込んだ候補です。詳細は公式情報・電話・見学で確認してください。,http://www.sakura-welfare.jp/,山形県鶴岡市西新斎3番10号,0235-24-2121,厚生労働省オープンデータ,https://www.mhlw.go.jp/content/12300000/jigyosho_730.csv,2025-12末,https://www.google.com/search?q=%E5%B0%8F%E8%A6%8F%E6%A8%A1%E5%A4%9A%E6%A9%9F%E8%83%BD%E5%9E%8B%E5%B1%85%E5%AE%85%E4%BB%8B%E8%AD%B7%E4%BA%8B%E6%A5%AD%E6%89%80%E5%A4%9A%E6%A9%9F%E8%83%BD%E3%81%95%E3%81%8F%E3%82%89%E9%B6%B4%E5%B2%A1%20%E9%B6%B4%E5%B2%A1%E5%B8%82
ケアホームなずな,小規模多機能型居宅介護,山形県,鶴岡市,"介護,小規模多機能型居宅介護",小規模多機能型居宅介護の公式オープンデータから取り込んだ候補です。詳細は公式情報・電話・見学で確認してください。,http://kisuke7778.co.jp/,山形県鶴岡市神明町15-15,0235-64-1303,厚生労働省オープンデータ,https://www.mhlw.go.jp/content/12300000/jigyosho_730.csv,2025-12末,https://www.google.com/search?q=%E3%82%B1%E3%82%A2%E3%83%9B%E3%83%BC%E3%83%A0%E3%81%AA%E3%81%9A%E3%81%AA%20%E9%B6%B4%E5%B2%A1%E5%B8%82
ケアホームなな草,小規模多機能型居宅介護,山形県,鶴岡市,"介護,小規模多機能型居宅介護",小規模多機能型居宅介護の公式オープンデータから取り込んだ候補です。詳細は公式情報・電話・見学で確認してください。,http://kisuke7778.co.jp/,鶴岡市外内島字石名田82-23,0235-23-0557,厚生労働省オープンデータ,https://www.mhlw.go.jp/content/12300000/jigyosho_730.csv,2025-12末,https://www.google.com/search?q=%E3%82%B1%E3%82%A2%E3%83%9B%E3%83%BC%E3%83%A0%E3%81%AA%E3%81%AA%E8%8D%89%20%E9%B6%B4%E5%B2%A1%E5%B8%82
小規模多機能型居宅介護事業所健楽園つどい,小規模多機能型居宅介護,山形県,鶴岡市,"介護,小規模多機能型居宅介護",小規模多機能型居宅介護の公式オープンデータから取り込んだ候補です。詳細は公式情報・電話・見学で確認してください。,https://www.ikkoukai.or.jp/,山形県鶴岡市陽光町９番２０号,０２３５－３３－８１０７,厚生労働省オープンデータ,https://www.mhlw.go.jp/content/12300000/jigyosho_730.csv,2025-12末,https://www.google.com/search?q=%E5%B0%8F%E8%A6%8F%E6%A8%A1%E5%A4%9A%E6%A9%9F%E8%83%BD%E5%9E%8B%E5%B1%85%E5%AE%85%E4%BB%8B%E8%AD%B7%E4%BA%8B%E6%A5%AD%E6%89%80%E5%81%A5%E6%A5%BD%E5%9C%92%E3%81%A4%E3%81%A9%E3%81%84%20%E9%B6%B4%E5%B2%A1%E5%B8%82
北のかがやき小規模多機能型居宅介護事業所,小規模多機能型居宅介護,山形県,酒田市,"介護,小規模多機能型居宅介護",小規模多機能型居宅介護の公式オープンデータから取り込んだ候補です。詳細は公式情報・電話・見学で確認してください。,http://syokaku-lc.com/,酒田市漆曽根字腰廻34,0234-35-8610,厚生労働省オープンデータ,https://www.mhlw.go.jp/content/12300000/jigyosho_730.csv,2025-12末,https://www.google.com/search?q=%E5%8C%97%E3%81%AE%E3%81%8B%E3%81%8C%E3%82%84%E3%81%8D%E5%B0%8F%E8%A6%8F%E6%A8%A1%E5%A4%9A%E6%A9%9F%E8%83%BD%E5%9E%8B%E5%B1%85%E5%AE%85%E4%BB%8B%E8%AD%B7%E4%BA%8B%E6%A5%AD%E6%89%80%20%E9%85%92%E7%94%B0%E5%B8%82
多機能明日葉,小規模多機能型居宅介護,山形県,酒田市,"介護,小規模多機能型居宅介護",小規模多機能型居宅介護の公式オープンデータから取り込んだ候補です。詳細は公式情報・電話・見学で確認してください。,https://www.s-fukushi.jp/,山形県酒田市駅東二丁目３番地の６多機能複合施設明日葉,0234-23-1125,厚生労働省オープンデータ,https://www.mhlw.go.jp/content/12300000/jigyosho_730.csv,2025-12末,https://www.google.com/search?q=%E5%A4%9A%E6%A9%9F%E8%83%BD%E6%98%8E%E6%97%A5%E8%91%89%20%E9%85%92%E7%94%B0%E5%B8%82
多機能こうらく,小規模多機能型居宅介護,山形県,酒田市,"介護,小規模多機能型居宅介護",小規模多機能型居宅介護の公式オープンデータから取り込んだ候補です。詳細は公式情報・電話・見学で確認してください。,http://www.kourakusou.or.jp,山形県酒田市小泉字前田37-5番地,0234-64-3745,厚生労働省オープンデータ,https://www.mhlw.go.jp/content/12300000/jigyosho_730.csv,2025-12末,https://www.google.com/search?q=%E5%A4%9A%E6%A9%9F%E8%83%BD%E3%81%93%E3%81%86%E3%82%89%E3%81%8F%20%E9%85%92%E7%94%B0%E5%B8%82
小規模多機能ふよう,小規模多機能型居宅介護,山形県,酒田市,"介護,小規模多機能型居宅介護",小規模多機能型居宅介護の公式オープンデータから取り込んだ候補です。詳細は公式情報・電話・見学で確認してください。,http://www.koufukai.or.jp,山形県酒田市宮野浦3丁目5-65,0234-31-0233,厚生労働省オープンデータ,https://www.mhlw.go.jp/content/12300000/jigyosho_730.csv,2025-12末,https://www.google.com/search?q=%E5%B0%8F%E8%A6%8F%E6%A8%A1%E5%A4%9A%E6%A9%9F%E8%83%BD%E3%81%B5%E3%82%88%E3%81%86%20%E9%85%92%E7%94%B0%E5%B8%82
多機能施設　樫の木,小規模多機能型居宅介護,山形県,酒田市,"介護,小規模多機能型居宅介護",小規模多機能型居宅介護の公式オープンデータから取り込んだ候補です。詳細は公式情報・電話・見学で確認してください。,http://www.kashink.jp,酒田市藤塚字中畑１５８,0234-33-2277,厚生労働省オープンデータ,https://www.mhlw.go.jp/content/12300000/jigyosho_730.csv,2025-12末,https://www.google.com/search?q=%E5%A4%9A%E6%A9%9F%E8%83%BD%E6%96%BD%E8%A8%AD%E3%80%80%E6%A8%AB%E3%81%AE%E6%9C%A8%20%E9%85%92%E7%94%B0%E5%B8%82
多機能施設　かたばみ荘,小規模多機能型居宅介護,山形県,酒田市,"介護,小規模多機能型居宅介護",小規模多機能型居宅介護の公式オープンデータから取り込んだ候補です。詳細は公式情報・電話・見学で確認してください。,https://www.katabamisou.jp/,山形県酒田市光ヶ丘2丁目3番19号,0234-35-1453,厚生労働省オープンデータ,https://www.mhlw.go.jp/content/12300000/jigyosho_730.csv,2025-12末,https://www.google.com/search?q=%E5%A4%9A%E6%A9%9F%E8%83%BD%E6%96%BD%E8%A8%AD%E3%80%80%E3%81%8B%E3%81%9F%E3%81%B0%E3%81%BF%E8%8D%98%20%E9%85%92%E7%94%B0%E5%B8%82
小規模多機能型居宅介護事業所　多機能さくら広野,小規模多機能型居宅介護,山形県,酒田市,"介護,小規模多機能型居宅介護",小規模多機能型居宅介護の公式オープンデータから取り込んだ候補です。詳細は公式情報・電話・見学で確認してください。,http://www.sakura-welfare.jp,山形県酒田市広野字末広105-5,0234-91-1266,厚生労働省オープンデータ,https://www.mhlw.go.jp/content/12300000/jigyosho_730.csv,2025-12末,https://www.google.com/search?q=%E5%B0%8F%E8%A6%8F%E6%A8%A1%E5%A4%9A%E6%A9%9F%E8%83%BD%E5%9E%8B%E5%B1%85%E5%AE%85%E4%BB%8B%E8%AD%B7%E4%BA%8B%E6%A5%AD%E6%89%80%E3%80%80%E5%A4%9A%E6%A9%9F%E8%83%BD%E3%81%95%E3%81%8F%E3%82%89%E5%BA%83%E9%87%8E%20%E9%85%92%E7%94%B0%E5%B8%82
小規模多機能型居宅介護事業所　多機能さくら住吉町,小規模多機能型居宅介護,山形県,酒田市,"介護,小規模多機能型居宅介護",小規模多機能型居宅介護の公式オープンデータから取り込んだ候補です。詳細は公式情報・電話・見学で確認してください。,http://www.sakura-welfare.jp/,山形県酒田市住吉町3-32,0234-33-3520,厚生労働省オープンデータ,https://www.mhlw.go.jp/content/12300000/jigyosho_730.csv,2025-12末,https://www.google.com/search?q=%E5%B0%8F%E8%A6%8F%E6%A8%A1%E5%A4%9A%E6%A9%9F%E8%83%BD%E5%9E%8B%E5%B1%85%E5%AE%85%E4%BB%8B%E8%AD%B7%E4%BA%8B%E6%A5%AD%E6%89%80%E3%80%80%E5%A4%9A%E6%A9%9F%E8%83%BD%E3%81%95%E3%81%8F%E3%82%89%E4%BD%8F%E5%90%89%E7%94%BA%20%E9%85%92%E7%94%B0%E5%B8%82
小規模多機能型居宅介護事業所　多機能さくら東泉,小規模多機能型居宅介護,山形県,酒田市,"介護,小規模多機能型居宅介護",小規模多機能型居宅介護の公式オープンデータから取り込んだ候補です。詳細は公式情報・電話・見学で確認してください。,http：//www.sakura-welfare.jp/,酒田市東泉町６丁目1－9,0234-31-9120,厚生労働省オープンデータ,https://www.mhlw.go.jp/content/12300000/jigyosho_730.csv,2025-12末,https://www.google.com/search?q=%E5%B0%8F%E8%A6%8F%E6%A8%A1%E5%A4%9A%E6%A9%9F%E8%83%BD%E5%9E%8B%E5%B1%85%E5%AE%85%E4%BB%8B%E8%AD%B7%E4%BA%8B%E6%A5%AD%E6%89%80%E3%80%80%E5%A4%9A%E6%A9%9F%E8%83%BD%E3%81%95%E3%81%8F%E3%82%89%E6%9D%B1%E6%B3%89%20%E9%85%92%E7%94%B0%E5%B8%82
小規模多機能型居宅介護支援事業所多機能さくら平田,小規模多機能型居宅介護,山形県,酒田市,"介護,小規模多機能型居宅介護",小規模多機能型居宅介護の公式オープンデータから取り込んだ候補です。詳細は公式情報・電話・見学で確認してください。,http//.www.sakura-welfare.jp/,山形県酒田市砂越緑町４丁目２番地,0234-61-7010,厚生労働省オープンデータ,https://www.mhlw.go.jp/content/12300000/jigyosho_730.csv,2025-12末,https://www.google.com/search?q=%E5%B0%8F%E8%A6%8F%E6%A8%A1%E5%A4%9A%E6%A9%9F%E8%83%BD%E5%9E%8B%E5%B1%85%E5%AE%85%E4%BB%8B%E8%AD%B7%E6%94%AF%E6%8F%B4%E4%BA%8B%E6%A5%AD%E6%89%80%E5%A4%9A%E6%A9%9F%E8%83%BD%E3%81%95%E3%81%8F%E3%82%89%E5%B9%B3%E7%94%B0%20%E9%85%92%E7%94%B0%E5%B8%82
小規模多機能型居宅介護事業所　多機能さくら若浜,小規模多機能型居宅介護,山形県,酒田市,"介護,小規模多機能型居宅介護",小規模多機能型居宅介護の公式オープンデータから取り込んだ候補です。詳細は公式情報・電話・見学で確認してください。,http://www.sakura-welfare.jp/,酒田市若浜町19-26,0234-31-9180,厚生労働省オープンデータ,https://www.mhlw.go.jp/content/12300000/jigyosho_730.csv,2025-12末,https://www.google.com/search?q=%E5%B0%8F%E8%A6%8F%E6%A8%A1%E5%A4%9A%E6%A9%9F%E8%83%BD%E5%9E%8B%E5%B1%85%E5%AE%85%E4%BB%8B%E8%AD%B7%E4%BA%8B%E6%A5%AD%E6%89%80%E3%80%80%E5%A4%9A%E6%A9%9F%E8%83%BD%E3%81%95%E3%81%8F%E3%82%89%E8%8B%A5%E6%B5%9C%20%E9%85%92%E7%94%B0%E5%B8%82
小規模多機能型居宅介護事業所　多機能さくら松山,小規模多機能型居宅介護,山形県,酒田市,"介護,小規模多機能型居宅介護",小規模多機能型居宅介護の公式オープンデータから取り込んだ候補です。詳細は公式情報・電話・見学で確認してください。,http://www.sakura-welfare.jp/office/homecare.html,酒田市字西田12-5,0234-61-4888,厚生労働省オープンデータ,https://www.mhlw.go.jp/content/12300000/jigyosho_730.csv,2025-12末,https://www.google.com/search?q=%E5%B0%8F%E8%A6%8F%E6%A8%A1%E5%A4%9A%E6%A9%9F%E8%83%BD%E5%9E%8B%E5%B1%85%E5%AE%85%E4%BB%8B%E8%AD%B7%E4%BA%8B%E6%A5%AD%E6%89%80%E3%80%80%E5%A4%9A%E6%A9%9F%E8%83%BD%E3%81%95%E3%81%8F%E3%82%89%E6%9D%BE%E5%B1%B1%20%E9%85%92%E7%94%B0%E5%B8%82
小規模多機能型居宅介護事業所　多機能さくら亀ヶ崎,小規模多機能型居宅介護,山形県,酒田市,"介護,小規模多機能型居宅介護",小規模多機能型居宅介護の公式オープンデータから取り込んだ候補です。詳細は公式情報・電話・見学で確認してください。,http://www.sakura-welfare.jp/office/homecare.html,酒田市亀ヶ崎５丁目4-11,0234-31-9190,厚生労働省オープンデータ,https://www.mhlw.go.jp/content/12300000/jigyosho_730.csv,2025-12末,https://www.google.com/search?q=%E5%B0%8F%E8%A6%8F%E6%A8%A1%E5%A4%9A%E6%A9%9F%E8%83%BD%E5%9E%8B%E5%B1%85%E5%AE%85%E4%BB%8B%E8%AD%B7%E4%BA%8B%E6%A5%AD%E6%89%80%E3%80%80%E5%A4%9A%E6%A9%9F%E8%83%BD%E3%81%95%E3%81%8F%E3%82%89%E4%BA%80%E3%83%B6%E5%B4%8E%20%E9%85%92%E7%94%B0%E5%B8%82
小規模多機能型居宅介護施設さとわ,小規模多機能型居宅介護,山形県,酒田市,"介護,小規模多機能型居宅介護",小規模多機能型居宅介護の公式オープンデータから取り込んだ候補です。詳細は公式情報・電話・見学で確認してください。,https://www.google.com/search?q=%E5%B0%8F%E8%A6%8F%E6%A8%A1%E5%A4%9A%E6%A9%9F%E8%83%BD%E5%9E%8B%E5%B1%85%E5%AE%85%E4%BB%8B%E8%AD%B7%E6%96%BD%E8%A8%AD%E3%81%95%E3%81%A8%E3%82%8F%20%E9%85%92%E7%94%B0%E5%B8%82,山形県酒田市こがね町二丁目25-1,0234-22-6633,厚生労働省オープンデータ,https://www.mhlw.go.jp/content/12300000/jigyosho_730.csv,2025-12末,https://www.google.com/search?q=%E5%B0%8F%E8%A6%8F%E6%A8%A1%E5%A4%9A%E6%A9%9F%E8%83%BD%E5%9E%8B%E5%B1%85%E5%AE%85%E4%BB%8B%E8%AD%B7%E6%96%BD%E8%A8%AD%E3%81%95%E3%81%A8%E3%82%8F%20%E9%85%92%E7%94%B0%E5%B8%82
小規模多機能型居宅介護施設　さとわ　下安町,小規模多機能型居宅介護,山形県,酒田市,"介護,小規模多機能型居宅介護",小規模多機能型居宅介護の公式オープンデータから取り込んだ候補です。詳細は公式情報・電話・見学で確認してください。,https://www.google.com/search?q=%E5%B0%8F%E8%A6%8F%E6%A8%A1%E5%A4%9A%E6%A9%9F%E8%83%BD%E5%9E%8B%E5%B1%85%E5%AE%85%E4%BB%8B%E8%AD%B7%E6%96%BD%E8%A8%AD%E3%80%80%E3%81%95%E3%81%A8%E3%82%8F%E3%80%80%E4%B8%8B%E5%AE%89%E7%94%BA%20%E9%85%92%E7%94%B0%E5%B8%82,酒田市下安町９－8,0234-23-2244,厚生労働省オープンデータ,https://www.mhlw.go.jp/content/12300000/jigyosho_730.csv,2025-12末,https://www.google.com/search?q=%E5%B0%8F%E8%A6%8F%E6%A8%A1%E5%A4%9A%E6%A9%9F%E8%83%BD%E5%9E%8B%E5%B1%85%E5%AE%85%E4%BB%8B%E8%AD%B7%E6%96%BD%E8%A8%AD%E3%80%80%E3%81%95%E3%81%A8%E3%82%8F%E3%80%80%E4%B8%8B%E5%AE%89%E7%94%BA%20%E9%85%92%E7%94%B0%E5%B8%82
ケアセンターとこしえ新庄松本,小規模多機能型居宅介護,山形県,新庄市,"介護,小規模多機能型居宅介護",小規模多機能型居宅介護の公式オープンデータから取り込んだ候補です。詳細は公式情報・電話・見学で確認してください。,https://www.tokoshie.net/sinjyou-m/,山形県新庄市松本539-1,0233-32-1817,厚生労働省オープンデータ,https://www.mhlw.go.jp/content/12300000/jigyosho_730.csv,2025-12末,https://www.google.com/search?q=%E3%82%B1%E3%82%A2%E3%82%BB%E3%83%B3%E3%82%BF%E3%83%BC%E3%81%A8%E3%81%93%E3%81%97%E3%81%88%E6%96%B0%E5%BA%84%E6%9D%BE%E6%9C%AC%20%E6%96%B0%E5%BA%84%E5%B8%82
ケアセンターとこしえ新庄金沢,小規模多機能型居宅介護,山形県,新庄市,"介護,小規模多機能型居宅介護",小規模多機能型居宅介護の公式オープンデータから取り込んだ候補です。詳細は公式情報・電話・見学で確認してください。,https://www.tokoshie.net/,山形県新庄市金沢大字下田2394番地1,0233-32-1750,厚生労働省オープンデータ,https://www.mhlw.go.jp/content/12300000/jigyosho_730.csv,2025-12末,https://www.google.com/search?q=%E3%82%B1%E3%82%A2%E3%82%BB%E3%83%B3%E3%82%BF%E3%83%BC%E3%81%A8%E3%81%93%E3%81%97%E3%81%88%E6%96%B0%E5%BA%84%E9%87%91%E6%B2%A2%20%E6%96%B0%E5%BA%84%E5%B8%82
ケアセンターとこしえ陵南,小規模多機能型居宅介護,山形県,寒河江市,"介護,小規模多機能型居宅介護",小規模多機能型居宅介護の公式オープンデータから取り込んだ候補です。詳細は公式情報・電話・見学で確認してください。,http://www.tokoshie.net/,山形県寒河江市内の袋一丁目2番地の12ケアセンターとこしえ陵南,0237-83-3303,厚生労働省オープンデータ,https://www.mhlw.go.jp/content/12300000/jigyosho_730.csv,2025-12末,https://www.google.com/search?q=%E3%82%B1%E3%82%A2%E3%82%BB%E3%83%B3%E3%82%BF%E3%83%BC%E3%81%A8%E3%81%93%E3%81%97%E3%81%88%E9%99%B5%E5%8D%97%20%E5%AF%92%E6%B2%B3%E6%B1%9F%E5%B8%82
ケアセンターとこしえ三泉,小規模多機能型居宅介護,山形県,寒河江市,"介護,小規模多機能型居宅介護",小規模多機能型居宅介護の公式オープンデータから取り込んだ候補です。詳細は公式情報・電話・見学で確認してください。,http://www.tokoshie.net,寒河江市中河原１５８番地１４,0237-85-6870,厚生労働省オープンデータ,https://www.mhlw.go.jp/content/12300000/jigyosho_730.csv,2025-12末,https://www.google.com/search?q=%E3%82%B1%E3%82%A2%E3%82%BB%E3%83%B3%E3%82%BF%E3%83%BC%E3%81%A8%E3%81%93%E3%81%97%E3%81%88%E4%B8%89%E6%B3%89%20%E5%AF%92%E6%B2%B3%E6%B1%9F%E5%B8%82
ケアセンターとこしえ島,小規模多機能型居宅介護,山形県,寒河江市,"介護,小規模多機能型居宅介護",小規模多機能型居宅介護の公式オープンデータから取り込んだ候補です。詳細は公式情報・電話・見学で確認してください。,http://www.tokoshie.net/,山形県寒河江市大字島字皿沼691-2,0237-84-7190,厚生労働省オープンデータ,https://www.mhlw.go.jp/content/12300000/jigyosho_730.csv,2025-12末,https://www.google.com/search?q=%E3%82%B1%E3%82%A2%E3%82%BB%E3%83%B3%E3%82%BF%E3%83%BC%E3%81%A8%E3%81%93%E3%81%97%E3%81%88%E5%B3%B6%20%E5%AF%92%E6%B2%B3%E6%B1%9F%E5%B8%82
ケアセンターとこしえ上山北,小規模多機能型居宅介護,山形県,上山市,"介護,小規模多機能型居宅介護",小規模多機能型居宅介護の公式オープンデータから取り込んだ候補です。詳細は公式情報・電話・見学で確認してください。,http://tokoshie.net/,山形県上山市弁天一丁目9番8号,023-673-5527,厚生労働省オープンデータ,https://www.mhlw.go.jp/content/12300000/jigyosho_730.csv,2025-12末,https://www.google.com/search?q=%E3%82%B1%E3%82%A2%E3%82%BB%E3%83%B3%E3%82%BF%E3%83%BC%E3%81%A8%E3%81%93%E3%81%97%E3%81%88%E4%B8%8A%E5%B1%B1%E5%8C%97%20%E4%B8%8A%E5%B1%B1%E5%B8%82
小規模多機能型居宅介護事業所ながすず,小規模多機能型居宅介護,山形県,上山市,"介護,小規模多機能型居宅介護",小規模多機能型居宅介護の公式オープンデータから取り込んだ候補です。詳細は公式情報・電話・見学で確認してください。,https://miyuki-fukushi.jp,山形県上山市長清水二丁目5番19号,023-666-5837,厚生労働省オープンデータ,https://www.mhlw.go.jp/content/12300000/jigyosho_730.csv,2025-12末,https://www.google.com/search?q=%E5%B0%8F%E8%A6%8F%E6%A8%A1%E5%A4%9A%E6%A9%9F%E8%83%BD%E5%9E%8B%E5%B1%85%E5%AE%85%E4%BB%8B%E8%AD%B7%E4%BA%8B%E6%A5%AD%E6%89%80%E3%81%AA%E3%81%8C%E3%81%99%E3%81%9A%20%E4%B8%8A%E5%B1%B1%E5%B8%82
小規模多機能型居宅介護事業所はやまホーム,小規模多機能型居宅介護,山形県,村山市,"介護,小規模多機能型居宅介護",小規模多機能型居宅介護の公式オープンデータから取り込んだ候補です。詳細は公式情報・電話・見学で確認してください。,http://murayama-hikari-kouseikai.jp/publics/index/36/,村山市大字湯野沢１８８１番地の６,0237-54-2055,厚生労働省オープンデータ,https://www.mhlw.go.jp/content/12300000/jigyosho_730.csv,2025-12末,https://www.google.com/search?q=%E5%B0%8F%E8%A6%8F%E6%A8%A1%E5%A4%9A%E6%A9%9F%E8%83%BD%E5%9E%8B%E5%B1%85%E5%AE%85%E4%BB%8B%E8%AD%B7%E4%BA%8B%E6%A5%AD%E6%89%80%E3%81%AF%E3%82%84%E3%81%BE%E3%83%9B%E3%83%BC%E3%83%A0%20%E6%9D%91%E5%B1%B1%E5%B8%82
小規模多機能型居宅介護事業所　笛田,小規模多機能型居宅介護,山形県,村山市,"介護,小規模多機能型居宅介護",小規模多機能型居宅介護の公式オープンデータから取り込んだ候補です。詳細は公式情報・電話・見学で確認してください。,https://www.fueda-care.com/,山形県村山市楯岡笛田四丁目1番55号,0237-48-7973,厚生労働省オープンデータ,https://www.mhlw.go.jp/content/12300000/jigyosho_730.csv,2025-12末,https://www.google.com/search?q=%E5%B0%8F%E8%A6%8F%E6%A8%A1%E5%A4%9A%E6%A9%9F%E8%83%BD%E5%9E%8B%E5%B1%85%E5%AE%85%E4%BB%8B%E8%AD%B7%E4%BA%8B%E6%A5%AD%E6%89%80%E3%80%80%E7%AC%9B%E7%94%B0%20%E6%9D%91%E5%B1%B1%E5%B8%82
小規模多機能袖崎,小規模多機能型居宅介護,山形県,村山市,"介護,小規模多機能型居宅介護",小規模多機能型居宅介護の公式オープンデータから取り込んだ候補です。詳細は公式情報・電話・見学で確認してください。,http://www.tihiro.jp,山形県村山市大字土生田２６０−４,０２３７−５２−８８７２,厚生労働省オープンデータ,https://www.mhlw.go.jp/content/12300000/jigyosho_730.csv,2025-12末,https://www.google.com/search?q=%E5%B0%8F%E8%A6%8F%E6%A8%A1%E5%A4%9A%E6%A9%9F%E8%83%BD%E8%A2%96%E5%B4%8E%20%E6%9D%91%E5%B1%B1%E5%B8%82
小規模多機能型居宅介護事業所多機能さくら村山,小規模多機能型居宅介護,山形県,村山市,"介護,小規模多機能型居宅介護",小規模多機能型居宅介護の公式オープンデータから取り込んだ候補です。詳細は公式情報・電話・見学で確認してください。,http://www.sakura-welfare.jp/office/homecare.html,山形県村山市大字富並1469番9,0237-52-7036,厚生労働省オープンデータ,https://www.mhlw.go.jp/content/12300000/jigyosho_730.csv,2025-12末,https://www.google.com/search?q=%E5%B0%8F%E8%A6%8F%E6%A8%A1%E5%A4%9A%E6%A9%9F%E8%83%BD%E5%9E%8B%E5%B1%85%E5%AE%85%E4%BB%8B%E8%AD%B7%E4%BA%8B%E6%A5%AD%E6%89%80%E5%A4%9A%E6%A9%9F%E8%83%BD%E3%81%95%E3%81%8F%E3%82%89%E6%9D%91%E5%B1%B1%20%E6%9D%91%E5%B1%B1%E5%B8%82
ケアセンターとこしえ　あやめ通り,小規模多機能型居宅介護,山形県,長井市,"介護,小規模多機能型居宅介護",小規模多機能型居宅介護の公式オープンデータから取り込んだ候補です。詳細は公式情報・電話・見学で確認してください。,http://www.tokoshie.net/,山形県長井市緑町１２番５０号,0238-88-9800,厚生労働省オープンデータ,https://www.mhlw.go.jp/content/12300000/jigyosho_730.csv,2025-12末,https://www.google.com/search?q=%E3%82%B1%E3%82%A2%E3%82%BB%E3%83%B3%E3%82%BF%E3%83%BC%E3%81%A8%E3%81%93%E3%81%97%E3%81%88%E3%80%80%E3%81%82%E3%82%84%E3%82%81%E9%80%9A%E3%82%8A%20%E9%95%B7%E4%BA%95%E5%B8%82
小規模多機能ホーム　はなのまち,小規模多機能型居宅介護,山形県,長井市,"介護,小規模多機能型居宅介護",小規模多機能型居宅介護の公式オープンデータから取り込んだ候補です。詳細は公式情報・電話・見学で確認してください。,https://www.google.com/search?q=%E5%B0%8F%E8%A6%8F%E6%A8%A1%E5%A4%9A%E6%A9%9F%E8%83%BD%E3%83%9B%E3%83%BC%E3%83%A0%E3%80%80%E3%81%AF%E3%81%AA%E3%81%AE%E3%81%BE%E3%81%A1%20%E9%95%B7%E4%BA%95%E5%B8%82,山形県長井市あら町3-8-1,0238-84-2677,厚生労働省オープンデータ,https://www.mhlw.go.jp/content/12300000/jigyosho_730.csv,2025-12末,https://www.google.com/search?q=%E5%B0%8F%E8%A6%8F%E6%A8%A1%E5%A4%9A%E6%A9%9F%E8%83%BD%E3%83%9B%E3%83%BC%E3%83%A0%E3%80%80%E3%81%AF%E3%81%AA%E3%81%AE%E3%81%BE%E3%81%A1%20%E9%95%B7%E4%BA%95%E5%B8%82
小規模多機能ホーム　あら町ケアセンター,小規模多機能型居宅介護,山形県,長井市,"介護,小規模多機能型居宅介護",小規模多機能型居宅介護の公式オープンデータから取り込んだ候補です。詳細は公式情報・電話・見学で確認してください。,https://www.google.com/search?q=%E5%B0%8F%E8%A6%8F%E6%A8%A1%E5%A4%9A%E6%A9%9F%E8%83%BD%E3%83%9B%E3%83%BC%E3%83%A0%E3%80%80%E3%81%82%E3%82%89%E7%94%BA%E3%82%B1%E3%82%A2%E3%82%BB%E3%83%B3%E3%82%BF%E3%83%BC%20%E9%95%B7%E4%BA%95%E5%B8%82,山形県長井市あら町4番23号,0238-84-7577,厚生労働省オープンデータ,https://www.mhlw.go.jp/content/12300000/jigyosho_730.csv,2025-12末,https://www.google.com/search?q=%E5%B0%8F%E8%A6%8F%E6%A8%A1%E5%A4%9A%E6%A9%9F%E8%83%BD%E3%83%9B%E3%83%BC%E3%83%A0%E3%80%80%E3%81%82%E3%82%89%E7%94%BA%E3%82%B1%E3%82%A2%E3%82%BB%E3%83%B3%E3%82%BF%E3%83%BC%20%E9%95%B7%E4%BA%95%E5%B8%82
小規模多機能いこいのつるかめ,小規模多機能型居宅介護,山形県,天童市,"介護,小規模多機能型居宅介護",小規模多機能型居宅介護の公式オープンデータから取り込んだ候補です。詳細は公式情報・電話・見学で確認してください。,http://care-net.biz/06/,山形県天童市小関1-2-37,023-665-1325,厚生労働省オープンデータ,https://www.mhlw.go.jp/content/12300000/jigyosho_730.csv,2025-12末,https://www.google.com/search?q=%E5%B0%8F%E8%A6%8F%E6%A8%A1%E5%A4%9A%E6%A9%9F%E8%83%BD%E3%81%84%E3%81%93%E3%81%84%E3%81%AE%E3%81%A4%E3%82%8B%E3%81%8B%E3%82%81%20%E5%A4%A9%E7%AB%A5%E5%B8%82
小規模多機能つばさ原町,小規模多機能型居宅介護,山形県,天童市,"介護,小規模多機能型居宅介護",小規模多機能型居宅介護の公式オープンデータから取り込んだ候補です。詳細は公式情報・電話・見学で確認してください。,http://www.tbasa.co.jp,山形県天童市大字原町145-1,023-665-0850,厚生労働省オープンデータ,https://www.mhlw.go.jp/content/12300000/jigyosho_730.csv,2025-12末,https://www.google.com/search?q=%E5%B0%8F%E8%A6%8F%E6%A8%A1%E5%A4%9A%E6%A9%9F%E8%83%BD%E3%81%A4%E3%81%B0%E3%81%95%E5%8E%9F%E7%94%BA%20%E5%A4%A9%E7%AB%A5%E5%B8%82
小規模多機能　きらめきの里,小規模多機能型居宅介護,山形県,天童市,"介護,小規模多機能型居宅介護",小規模多機能型居宅介護の公式オープンデータから取り込んだ候補です。詳細は公式情報・電話・見学で確認してください。,http://www.mirai-welfare.jp,山形県天童市大字山口4540-1,023-665-5807,厚生労働省オープンデータ,https://www.mhlw.go.jp/content/12300000/jigyosho_730.csv,2025-12末,https://www.google.com/search?q=%E5%B0%8F%E8%A6%8F%E6%A8%A1%E5%A4%9A%E6%A9%9F%E8%83%BD%E3%80%80%E3%81%8D%E3%82%89%E3%82%81%E3%81%8D%E3%81%AE%E9%87%8C%20%E5%A4%A9%E7%AB%A5%E5%B8%82
小規模多機能型居宅介護事業所たかだま,小規模多機能型居宅介護,山形県,天童市,"介護,小規模多機能型居宅介護",小規模多機能型居宅介護の公式オープンデータから取り込んだ候補です。詳細は公式情報・電話・見学で確認してください。,https://uyo-sato.jimdo.com/,山形県天童市大字清池１５５９番１,023-674-8711,厚生労働省オープンデータ,https://www.mhlw.go.jp/content/12300000/jigyosho_730.csv,2025-12末,https://www.google.com/search?q=%E5%B0%8F%E8%A6%8F%E6%A8%A1%E5%A4%9A%E6%A9%9F%E8%83%BD%E5%9E%8B%E5%B1%85%E5%AE%85%E4%BB%8B%E8%AD%B7%E4%BA%8B%E6%A5%AD%E6%89%80%E3%81%9F%E3%81%8B%E3%81%A0%E3%81%BE%20%E5%A4%A9%E7%AB%A5%E5%B8%82
小規模多機能型居宅介護施設まごころ,小規模多機能型居宅介護,山形県,東根市,"介護,小規模多機能型居宅介護",小規模多機能型居宅介護の公式オープンデータから取り込んだ候補です。詳細は公式情報・電話・見学で確認してください。,http://r.goope.jp/magokoro-ootomi,山形県東根市大字羽入500-6,0237-53-1621,厚生労働省オープンデータ,https://www.mhlw.go.jp/content/12300000/jigyosho_730.csv,2025-12末,https://www.google.com/search?q=%E5%B0%8F%E8%A6%8F%E6%A8%A1%E5%A4%9A%E6%A9%9F%E8%83%BD%E5%9E%8B%E5%B1%85%E5%AE%85%E4%BB%8B%E8%AD%B7%E6%96%BD%E8%A8%AD%E3%81%BE%E3%81%94%E3%81%93%E3%82%8D%20%E6%9D%B1%E6%A0%B9%E5%B8%82
小規模多機能施設本丸ホーム,小規模多機能型居宅介護,山形県,東根市,"介護,小規模多機能型居宅介護",小規模多機能型居宅介護の公式オープンデータから取り込んだ候補です。詳細は公式情報・電話・見学で確認してください。,http://www.higashine-fukushikai.org,山形県東根市本丸南一丁目１０－１６,0237-43-6611,厚生労働省オープンデータ,https://www.mhlw.go.jp/content/12300000/jigyosho_730.csv,2025-12末,https://www.google.com/search?q=%E5%B0%8F%E8%A6%8F%E6%A8%A1%E5%A4%9A%E6%A9%9F%E8%83%BD%E6%96%BD%E8%A8%AD%E6%9C%AC%E4%B8%B8%E3%83%9B%E3%83%BC%E3%83%A0%20%E6%9D%B1%E6%A0%B9%E5%B8%82
ニチイケアセンター神町,小規模多機能型居宅介護,山形県,東根市,"介護,小規模多機能型居宅介護",小規模多機能型居宅介護の公式オープンデータから取り込んだ候補です。詳細は公式情報・電話・見学で確認してください。,https://www.google.com/search?q=%E3%83%8B%E3%83%81%E3%82%A4%E3%82%B1%E3%82%A2%E3%82%BB%E3%83%B3%E3%82%BF%E3%83%BC%E7%A5%9E%E7%94%BA%20%E6%9D%B1%E6%A0%B9%E5%B8%82,東根市神町東１丁目-16-58,0237-49-2201,厚生労働省オープンデータ,https://www.mhlw.go.jp/content/12300000/jigyosho_730.csv,2025-12末,https://www.google.com/search?q=%E3%83%8B%E3%83%81%E3%82%A4%E3%82%B1%E3%82%A2%E3%82%BB%E3%83%B3%E3%82%BF%E3%83%BC%E7%A5%9E%E7%94%BA%20%E6%9D%B1%E6%A0%B9%E5%B8%82
ケアセンターとこしえさくらんぼ東根駅前,小規模多機能型居宅介護,山形県,東根市,"介護,小規模多機能型居宅介護",小規模多機能型居宅介護の公式オープンデータから取り込んだ候補です。詳細は公式情報・電話・見学で確認してください。,http://www.tokosie.net,山形県東根市さくらんぼ駅前3丁目1番20号,0237-53-1178,厚生労働省オープンデータ,https://www.mhlw.go.jp/content/12300000/jigyosho_730.csv,2025-12末,https://www.google.com/search?q=%E3%82%B1%E3%82%A2%E3%82%BB%E3%83%B3%E3%82%BF%E3%83%BC%E3%81%A8%E3%81%93%E3%81%97%E3%81%88%E3%81%95%E3%81%8F%E3%82%89%E3%82%93%E3%81%BC%E6%9D%B1%E6%A0%B9%E9%A7%85%E5%89%8D%20%E6%9D%B1%E6%A0%B9%E5%B8%82
ケアセンターとこしえ長崎,小規模多機能型居宅介護,山形県,中山町,"介護,小規模多機能型居宅介護",小規模多機能型居宅介護の公式オープンデータから取り込んだ候補です。詳細は公式情報・電話・見学で確認してください。,http:www.tokoshie.net,山形県東村山郡中山町あおば16番11,023-662-6577,厚生労働省オープンデータ,https://www.mhlw.go.jp/content/12300000/jigyosho_730.csv,2025-12末,https://www.google.com/search?q=%E3%82%B1%E3%82%A2%E3%82%BB%E3%83%B3%E3%82%BF%E3%83%BC%E3%81%A8%E3%81%93%E3%81%97%E3%81%88%E9%95%B7%E5%B4%8E%20%E4%B8%AD%E5%B1%B1%E7%94%BA
小規模多機能型居宅介護事業所ロジェおおやま,小規模多機能型居宅介護,山形県,河北町,"介護,小規模多機能型居宅介護",小規模多機能型居宅介護の公式オープンデータから取り込んだ候補です。詳細は公式情報・電話・見学で確認してください。,https://loger-otm.com,山形県西村山郡河北町谷地字東486番地の1,0237850851,厚生労働省オープンデータ,https://www.mhlw.go.jp/content/12300000/jigyosho_730.csv,2025-12末,https://www.google.com/search?q=%E5%B0%8F%E8%A6%8F%E6%A8%A1%E5%A4%9A%E6%A9%9F%E8%83%BD%E5%9E%8B%E5%B1%85%E5%AE%85%E4%BB%8B%E8%AD%B7%E4%BA%8B%E6%A5%AD%E6%89%80%E3%83%AD%E3%82%B8%E3%82%A7%E3%81%8A%E3%81%8A%E3%82%84%E3%81%BE%20%E6%B2%B3%E5%8C%97%E7%94%BA
小多機hina,小規模多機能型居宅介護,山形県,河北町,"介護,小規模多機能型居宅介護",小規模多機能型居宅介護の公式オープンデータから取り込んだ候補です。詳細は公式情報・電話・見学で確認してください。,https://www.miyuki-fukushi.jp/,山形県西村山郡河北町谷地字月山堂1217-5,0237-85-1585,厚生労働省オープンデータ,https://www.mhlw.go.jp/content/12300000/jigyosho_730.csv,2025-12末,https://www.google.com/search?q=%E5%B0%8F%E5%A4%9A%E6%A9%9Fhina%20%E6%B2%B3%E5%8C%97%E7%94%BA
ケアセンターとこしえ西川,小規模多機能型居宅介護,山形県,西川町,"介護,小規模多機能型居宅介護",小規模多機能型居宅介護の公式オープンデータから取り込んだ候補です。詳細は公式情報・電話・見学で確認してください。,http://www.tokoshie.net/,山形県西村山郡西川町大字海味1288番地22,0237-85-1518,厚生労働省オープンデータ,https://www.mhlw.go.jp/content/12300000/jigyosho_730.csv,2025-12末,https://www.google.com/search?q=%E3%82%B1%E3%82%A2%E3%82%BB%E3%83%B3%E3%82%BF%E3%83%BC%E3%81%A8%E3%81%93%E3%81%97%E3%81%88%E8%A5%BF%E5%B7%9D%20%E8%A5%BF%E5%B7%9D%E7%94%BA
ふれあいの里「さくら」,小規模多機能型居宅介護,山形県,最上町,"介護,小規模多機能型居宅介護",小規模多機能型居宅介護の公式オープンデータから取り込んだ候補です。詳細は公式情報・電話・見学で確認してください。,https://www.google.com/search?q=%E3%81%B5%E3%82%8C%E3%81%82%E3%81%84%E3%81%AE%E9%87%8C%E3%80%8C%E3%81%95%E3%81%8F%E3%82%89%E3%80%8D%20%E6%9C%80%E4%B8%8A%E7%94%BA,山形県最上郡最上町大字富澤４４６７-１,0233-45-2033,厚生労働省オープンデータ,https://www.mhlw.go.jp/content/12300000/jigyosho_730.csv,2025-12末,https://www.google.com/search?q=%E3%81%B5%E3%82%8C%E3%81%82%E3%81%84%E3%81%AE%E9%87%8C%E3%80%8C%E3%81%95%E3%81%8F%E3%82%89%E3%80%8D%20%E6%9C%80%E4%B8%8A%E7%94%BA
小規模多機能型居宅介護事業所　小規模多機能もがみ,小規模多機能型居宅介護,山形県,最上町,"介護,小規模多機能型居宅介護",小規模多機能型居宅介護の公式オープンデータから取り込んだ候補です。詳細は公式情報・電話・見学で確認してください。,http://www.tihiro.jp/hukusi/,山形県最上郡最上町大字大堀字蟹ノ又１３６０－１９,0233-44-9755,厚生労働省オープンデータ,https://www.mhlw.go.jp/content/12300000/jigyosho_730.csv,2025-12末,https://www.google.com/search?q=%E5%B0%8F%E8%A6%8F%E6%A8%A1%E5%A4%9A%E6%A9%9F%E8%83%BD%E5%9E%8B%E5%B1%85%E5%AE%85%E4%BB%8B%E8%AD%B7%E4%BA%8B%E6%A5%AD%E6%89%80%E3%80%80%E5%B0%8F%E8%A6%8F%E6%A8%A1%E5%A4%9A%E6%A9%9F%E8%83%BD%E3%82%82%E3%81%8C%E3%81%BF%20%E6%9C%80%E4%B8%8A%E7%94%BA
小規模多機能型居宅介護事業所ほなみ,小規模多機能型居宅介護,山形県,舟形町,"介護,小規模多機能型居宅介護",小規模多機能型居宅介護の公式オープンデータから取り込んだ候補です。詳細は公式情報・電話・見学で確認してください。,http://shuwakai.jp/,山形県最上郡舟形町舟形４２番地１,0233-32-3900,厚生労働省オープンデータ,https://www.mhlw.go.jp/content/12300000/jigyosho_730.csv,2025-12末,https://www.google.com/search?q=%E5%B0%8F%E8%A6%8F%E6%A8%A1%E5%A4%9A%E6%A9%9F%E8%83%BD%E5%9E%8B%E5%B1%85%E5%AE%85%E4%BB%8B%E8%AD%B7%E4%BA%8B%E6%A5%AD%E6%89%80%E3%81%BB%E3%81%AA%E3%81%BF%20%E8%88%9F%E5%BD%A2%E7%94%BA
ケアセンターとこしえ高畠,小規模多機能型居宅介護,山形県,高畠町,"介護,小規模多機能型居宅介護",小規模多機能型居宅介護の公式オープンデータから取り込んだ候補です。詳細は公式情報・電話・見学で確認してください。,http://tokoshie.net/,山形県東置賜郡高畠町大字高畠１５７４番地７,0238-27-7674,厚生労働省オープンデータ,https://www.mhlw.go.jp/content/12300000/jigyosho_730.csv,2025-12末,https://www.google.com/search?q=%E3%82%B1%E3%82%A2%E3%82%BB%E3%83%B3%E3%82%BF%E3%83%BC%E3%81%A8%E3%81%93%E3%81%97%E3%81%88%E9%AB%98%E7%95%A0%20%E9%AB%98%E7%95%A0%E7%94%BA
ケアセンターとこしえ西大塚,小規模多機能型居宅介護,山形県,川西町,"介護,小規模多機能型居宅介護",小規模多機能型居宅介護の公式オープンデータから取り込んだ候補です。詳細は公式情報・電話・見学で確認してください。,http://tokoshie.net/,山形県東置賜郡川西町大字西大塚2308番地9,0238-42-3555,厚生労働省オープンデータ,https://www.mhlw.go.jp/content/12300000/jigyosho_730.csv,2025-12末,https://www.google.com/search?q=%E3%82%B1%E3%82%A2%E3%82%BB%E3%83%B3%E3%82%BF%E3%83%BC%E3%81%A8%E3%81%93%E3%81%97%E3%81%88%E8%A5%BF%E5%A4%A7%E5%A1%9A%20%E5%B7%9D%E8%A5%BF%E7%94%BA
ケアセンターとこしえ鮎貝,小規模多機能型居宅介護,山形県,白鷹町,"介護,小規模多機能型居宅介護",小規模多機能型居宅介護の公式オープンデータから取り込んだ候補です。詳細は公式情報・電話・見学で確認してください。,tokoshie.net,山形県西置賜郡白鷹町大字鮎貝1141-1,0238-85-6177,厚生労働省オープンデータ,https://www.mhlw.go.jp/content/12300000/jigyosho_730.csv,2025-12末,https://www.google.com/search?q=%E3%82%B1%E3%82%A2%E3%82%BB%E3%83%B3%E3%82%BF%E3%83%BC%E3%81%A8%E3%81%93%E3%81%97%E3%81%88%E9%AE%8E%E8%B2%9D%20%E7%99%BD%E9%B7%B9%E7%94%BA
医療生活協同組合やまがた小規模多機能型居宅介護事業所かがやき,小規模多機能型居宅介護,山形県,三川町,"介護,小規模多機能型居宅介護",小規模多機能型居宅介護の公式オープンデータから取り込んだ候補です。詳細は公式情報・電話・見学で確認してください。,y-mcoop.com,山形県東田川郡三川町大字横山字袖東４－9,0235-66-2550,厚生労働省オープンデータ,https://www.mhlw.go.jp/content/12300000/jigyosho_730.csv,2025-12末,https://www.google.com/search?q=%E5%8C%BB%E7%99%82%E7%94%9F%E6%B4%BB%E5%8D%94%E5%90%8C%E7%B5%84%E5%90%88%E3%82%84%E3%81%BE%E3%81%8C%E3%81%9F%E5%B0%8F%E8%A6%8F%E6%A8%A1%E5%A4%9A%E6%A9%9F%E8%83%BD%E5%9E%8B%E5%B1%85%E5%AE%85%E4%BB%8B%E8%AD%B7%E4%BA%8B%E6%A5%AD%E6%89%80%E3%81%8B%E3%81%8C%E3%82%84%E3%81%8D%20%E4%B8%89%E5%B7%9D%E7%94%BA
小規模多機能型居宅介護施設　ほなみ,小規模多機能型居宅介護,山形県,庄内町,"介護,小規模多機能型居宅介護",小規模多機能型居宅介護の公式オープンデータから取り込んだ候補です。詳細は公式情報・電話・見学で確認してください。,http//www.lifenet-syonai.co.jp,山形県東田川郡庄内町余目字四ツ興野１３０番地,0234-43-3913,厚生労働省オープンデータ,https://www.mhlw.go.jp/content/12300000/jigyosho_730.csv,2025-12末,https://www.google.com/search?q=%E5%B0%8F%E8%A6%8F%E6%A8%A1%E5%A4%9A%E6%A9%9F%E8%83%BD%E5%9E%8B%E5%B1%85%E5%AE%85%E4%BB%8B%E8%AD%B7%E6%96%BD%E8%A8%AD%E3%80%80%E3%81%BB%E3%81%AA%E3%81%BF%20%E5%BA%84%E5%86%85%E7%94%BA
小規模多機能型居宅介護事業所多機能さくら余目,小規模多機能型居宅介護,山形県,庄内町,"介護,小規模多機能型居宅介護",小規模多機能型居宅介護の公式オープンデータから取り込んだ候補です。詳細は公式情報・電話・見学で確認してください。,http://www.sakura-welfare.jp/,山形県東田川郡庄内町余目字矢口77番地1,0234-45-1333,厚生労働省オープンデータ,https://www.mhlw.go.jp/content/12300000/jigyosho_730.csv,2025-12末,https://www.google.com/search?q=%E5%B0%8F%E8%A6%8F%E6%A8%A1%E5%A4%9A%E6%A9%9F%E8%83%BD%E5%9E%8B%E5%B1%85%E5%AE%85%E4%BB%8B%E8%AD%B7%E4%BA%8B%E6%A5%AD%E6%89%80%E5%A4%9A%E6%A9%9F%E8%83%BD%E3%81%95%E3%81%8F%E3%82%89%E4%BD%99%E7%9B%AE%20%E5%BA%84%E5%86%85%E7%94%BA
JA庄内みどり多機能ハウス　結い,小規模多機能型居宅介護,山形県,遊佐町,"介護,小規模多機能型居宅介護",小規模多機能型居宅介護の公式オープンデータから取り込んだ候補です。詳細は公式情報・電話・見学で確認してください。,http://midorinet.or.jp,遊佐町藤崎字千代ノ藤11番9,0234-43-1587,厚生労働省オープンデータ,https://www.mhlw.go.jp/content/12300000/jigyosho_730.csv,2025-12末,https://www.google.com/search?q=JA%E5%BA%84%E5%86%85%E3%81%BF%E3%81%A9%E3%82%8A%E5%A4%9A%E6%A9%9F%E8%83%BD%E3%83%8F%E3%82%A6%E3%82%B9%E3%80%80%E7%B5%90%E3%81%84%20%E9%81%8A%E4%BD%90%E7%94%BA
小規模多機能型居宅介護事業所　多機能さくら遊佐,小規模多機能型居宅介護,山形県,遊佐町,"介護,小規模多機能型居宅介護",小規模多機能型居宅介護の公式オープンデータから取り込んだ候補です。詳細は公式情報・電話・見学で確認してください。,http://www.sakura-welfare.jp/,山形県飽海郡遊佐町遊佐字南大坪12-5,0234-71-1388,厚生労働省オープンデータ,https://www.mhlw.go.jp/content/12300000/jigyosho_730.csv,2025-12末,https://www.google.com/search?q=%E5%B0%8F%E8%A6%8F%E6%A8%A1%E5%A4%9A%E6%A9%9F%E8%83%BD%E5%9E%8B%E5%B1%85%E5%AE%85%E4%BB%8B%E8%AD%B7%E4%BA%8B%E6%A5%AD%E6%89%80%E3%80%80%E5%A4%9A%E6%A9%9F%E8%83%BD%E3%81%95%E3%81%8F%E3%82%89%E9%81%8A%E4%BD%90%20%E9%81%8A%E4%BD%90%E7%94%BA
ヘルパーステーション　樫の木,定期巡回・随時対応型訪問介護看護,山形県,山形市,"介護,定期巡回・随時対応型訪問介護看護",定期巡回・随時対応型訪問介護看護の公式オープンデータから取り込んだ候補です。詳細は公式情報・電話・見学で確認してください。,http://daiwa-med.co.jp/,山形市上町４丁目６ー２４,023-644-3364,厚生労働省オープンデータ,https://www.mhlw.go.jp/content/12300000/jigyosho_760.csv,2025-12末,https://www.google.com/search?q=%E3%83%98%E3%83%AB%E3%83%91%E3%83%BC%E3%82%B9%E3%83%86%E3%83%BC%E3%82%B7%E3%83%A7%E3%83%B3%E3%80%80%E6%A8%AB%E3%81%AE%E6%9C%A8%20%E5%B1%B1%E5%BD%A2%E5%B8%82
２４時間在宅ケアステーション敬寿園,定期巡回・随時対応型訪問介護看護,山形県,山形市,"介護,定期巡回・随時対応型訪問介護看護",定期巡回・随時対応型訪問介護看護の公式オープンデータから取り込んだ候補です。詳細は公式情報・電話・見学で確認してください。,http://keijuen.or.jp/,山形市大字妙見寺500-1,023-666-6150,厚生労働省オープンデータ,https://www.mhlw.go.jp/content/12300000/jigyosho_760.csv,2025-12末,https://www.google.com/search?q=%EF%BC%92%EF%BC%94%E6%99%82%E9%96%93%E5%9C%A8%E5%AE%85%E3%82%B1%E3%82%A2%E3%82%B9%E3%83%86%E3%83%BC%E3%82%B7%E3%83%A7%E3%83%B3%E6%95%AC%E5%AF%BF%E5%9C%92%20%E5%B1%B1%E5%BD%A2%E5%B8%82
定期巡回・随時対応型訪問介護看護　YONEKIプレミアム365,定期巡回・随時対応型訪問介護看護,山形県,山形市,"介護,定期巡回・随時対応型訪問介護看護",定期巡回・随時対応型訪問介護看護の公式オープンデータから取り込んだ候補です。詳細は公式情報・電話・見学で確認してください。,http://yonekiya.com/,山形県山形市あかねヶ丘２丁目１番４号,023-616-7515,厚生労働省オープンデータ,https://www.mhlw.go.jp/content/12300000/jigyosho_760.csv,2025-12末,https://www.google.com/search?q=%E5%AE%9A%E6%9C%9F%E5%B7%A1%E5%9B%9E%E3%83%BB%E9%9A%8F%E6%99%82%E5%AF%BE%E5%BF%9C%E5%9E%8B%E8%A8%AA%E5%95%8F%E4%BB%8B%E8%AD%B7%E7%9C%8B%E8%AD%B7%E3%80%80YONEKI%E3%83%97%E3%83%AC%E3%83%9F%E3%82%A2%E3%83%A0365%20%E5%B1%B1%E5%BD%A2%E5%B8%82
ケアセンターなごみ,定期巡回・随時対応型訪問介護看護,山形県,米沢市,"介護,定期巡回・随時対応型訪問介護看護",定期巡回・随時対応型訪問介護看護の公式オープンデータから取り込んだ候補です。詳細は公式情報・電話・見学で確認してください。,https://nagomi-calm.com,山形県米沢市泉町二丁目１番６号,0238-38-7030,厚生労働省オープンデータ,https://www.mhlw.go.jp/content/12300000/jigyosho_760.csv,2025-12末,https://www.google.com/search?q=%E3%82%B1%E3%82%A2%E3%82%BB%E3%83%B3%E3%82%BF%E3%83%BC%E3%81%AA%E3%81%94%E3%81%BF%20%E7%B1%B3%E6%B2%A2%E5%B8%82
三友堂定期巡回・随時対応型訪問介護看護ステーション,定期巡回・随時対応型訪問介護看護,山形県,米沢市,"介護,定期巡回・随時対応型訪問介護看護",定期巡回・随時対応型訪問介護看護の公式オープンデータから取り込んだ候補です。詳細は公式情報・電話・見学で確認してください。,ｈｔｔｐｓ：//rehacare.sanyudo.or.jp,山形県米沢市大字塩野2755番地の3サービス付き高齢者向け住宅おたかぽっぽ1階事務所内,0238-27-7575,厚生労働省オープンデータ,https://www.mhlw.go.jp/content/12300000/jigyosho_760.csv,2025-12末,https://www.google.com/search?q=%E4%B8%89%E5%8F%8B%E5%A0%82%E5%AE%9A%E6%9C%9F%E5%B7%A1%E5%9B%9E%E3%83%BB%E9%9A%8F%E6%99%82%E5%AF%BE%E5%BF%9C%E5%9E%8B%E8%A8%AA%E5%95%8F%E4%BB%8B%E8%AD%B7%E7%9C%8B%E8%AD%B7%E3%82%B9%E3%83%86%E3%83%BC%E3%82%B7%E3%83%A7%E3%83%B3%20%E7%B1%B3%E6%B2%A2%E5%B8%82
定期巡回ステーションさんゆう,定期巡回・随時対応型訪問介護看護,山形県,米沢市,"介護,定期巡回・随時対応型訪問介護看護",定期巡回・随時対応型訪問介護看護の公式オープンデータから取り込んだ候補です。詳細は公式情報・電話・見学で確認してください。,http://www.santhy-sanyou.com/,山形県米沢市西大通2丁目2-30,0238-24-5220,厚生労働省オープンデータ,https://www.mhlw.go.jp/content/12300000/jigyosho_760.csv,2025-12末,https://www.google.com/search?q=%E5%AE%9A%E6%9C%9F%E5%B7%A1%E5%9B%9E%E3%82%B9%E3%83%86%E3%83%BC%E3%82%B7%E3%83%A7%E3%83%B3%E3%81%95%E3%82%93%E3%82%86%E3%81%86%20%E7%B1%B3%E6%B2%A2%E5%B8%82
瑞穂の郷　24時間巡回型訪問介護,定期巡回・随時対応型訪問介護看護,山形県,鶴岡市,"介護,定期巡回・随時対応型訪問介護看護",定期巡回・随時対応型訪問介護看護の公式オープンデータから取り込んだ候補です。詳細は公式情報・電話・見学で確認してください。,http://www.hcp-net.co.jp,山形県鶴岡市羽黒町細谷字北田１２８－１,0235-29-1025,厚生労働省オープンデータ,https://www.mhlw.go.jp/content/12300000/jigyosho_760.csv,2025-12末,https://www.google.com/search?q=%E7%91%9E%E7%A9%82%E3%81%AE%E9%83%B7%E3%80%8024%E6%99%82%E9%96%93%E5%B7%A1%E5%9B%9E%E5%9E%8B%E8%A8%AA%E5%95%8F%E4%BB%8B%E8%AD%B7%20%E9%B6%B4%E5%B2%A1%E5%B8%82
定期巡回事業所タカラ,定期巡回・随時対応型訪問介護看護,山形県,鶴岡市,"介護,定期巡回・随時対応型訪問介護看護",定期巡回・随時対応型訪問介護看護の公式オープンデータから取り込んだ候補です。詳細は公式情報・電話・見学で確認してください。,https://www.google.com/search?q=%E5%AE%9A%E6%9C%9F%E5%B7%A1%E5%9B%9E%E4%BA%8B%E6%A5%AD%E6%89%80%E3%82%BF%E3%82%AB%E3%83%A9%20%E9%B6%B4%E5%B2%A1%E5%B8%82,山形県鶴岡市切添町5番8号,0235-33-8834,厚生労働省オープンデータ,https://www.mhlw.go.jp/content/12300000/jigyosho_760.csv,2025-12末,https://www.google.com/search?q=%E5%AE%9A%E6%9C%9F%E5%B7%A1%E5%9B%9E%E4%BA%8B%E6%A5%AD%E6%89%80%E3%82%BF%E3%82%AB%E3%83%A9%20%E9%B6%B4%E5%B2%A1%E5%B8%82
定期巡回随時対応型訪問介護看護澄花,定期巡回・随時対応型訪問介護看護,山形県,鶴岡市,"介護,定期巡回・随時対応型訪問介護看護",定期巡回・随時対応型訪問介護看護の公式オープンデータから取り込んだ候補です。詳細は公式情報・電話・見学で確認してください。,http://third-stage.net,山形県鶴岡市大山字堤下2番31号,0235351667,厚生労働省オープンデータ,https://www.mhlw.go.jp/content/12300000/jigyosho_760.csv,2025-12末,https://www.google.com/search?q=%E5%AE%9A%E6%9C%9F%E5%B7%A1%E5%9B%9E%E9%9A%8F%E6%99%82%E5%AF%BE%E5%BF%9C%E5%9E%8B%E8%A8%AA%E5%95%8F%E4%BB%8B%E8%AD%B7%E7%9C%8B%E8%AD%B7%E6%BE%84%E8%8A%B1%20%E9%B6%B4%E5%B2%A1%E5%B8%82
定期巡回随時対応型訪問介護看護安らぎケアちわら,定期巡回・随時対応型訪問介護看護,山形県,鶴岡市,"介護,定期巡回・随時対応型訪問介護看護",定期巡回・随時対応型訪問介護看護の公式オープンデータから取り込んだ候補です。詳細は公式情報・電話・見学で確認してください。,https://www.google.com/search?q=%E5%AE%9A%E6%9C%9F%E5%B7%A1%E5%9B%9E%E9%9A%8F%E6%99%82%E5%AF%BE%E5%BF%9C%E5%9E%8B%E8%A8%AA%E5%95%8F%E4%BB%8B%E8%AD%B7%E7%9C%8B%E8%AD%B7%E5%AE%89%E3%82%89%E3%81%8E%E3%82%B1%E3%82%A2%E3%81%A1%E3%82%8F%E3%82%89%20%E9%B6%B4%E5%B2%A1%E5%B8%82,山形県鶴岡市北茅原町5-10,0235-25-5055,厚生労働省オープンデータ,https://www.mhlw.go.jp/content/12300000/jigyosho_760.csv,2025-12末,https://www.google.com/search?q=%E5%AE%9A%E6%9C%9F%E5%B7%A1%E5%9B%9E%E9%9A%8F%E6%99%82%E5%AF%BE%E5%BF%9C%E5%9E%8B%E8%A8%AA%E5%95%8F%E4%BB%8B%E8%AD%B7%E7%9C%8B%E8%AD%B7%E5%AE%89%E3%82%89%E3%81%8E%E3%82%B1%E3%82%A2%E3%81%A1%E3%82%8F%E3%82%89%20%E9%B6%B4%E5%B2%A1%E5%B8%82
訪問介護事業所眺海,定期巡回・随時対応型訪問介護看護,山形県,酒田市,"介護,定期巡回・随時対応型訪問介護看護",定期巡回・随時対応型訪問介護看護の公式オープンデータから取り込んだ候補です。詳細は公式情報・電話・見学で確認してください。,http://www.kashink.jp,山形県酒田市山寺字宅地159番地,0234－62－3785,厚生労働省オープンデータ,https://www.mhlw.go.jp/content/12300000/jigyosho_760.csv,2025-12末,https://www.google.com/search?q=%E8%A8%AA%E5%95%8F%E4%BB%8B%E8%AD%B7%E4%BA%8B%E6%A5%AD%E6%89%80%E7%9C%BA%E6%B5%B7%20%E9%85%92%E7%94%B0%E5%B8%82
コンフォート樫の木,定期巡回・随時対応型訪問介護看護,山形県,酒田市,"介護,定期巡回・随時対応型訪問介護看護",定期巡回・随時対応型訪問介護看護の公式オープンデータから取り込んだ候補です。詳細は公式情報・電話・見学で確認してください。,http://www.kashink.jp,山形県酒田市こあら２丁目４番地の６,０２３４－４３－１７７１,厚生労働省オープンデータ,https://www.mhlw.go.jp/content/12300000/jigyosho_760.csv,2025-12末,https://www.google.com/search?q=%E3%82%B3%E3%83%B3%E3%83%95%E3%82%A9%E3%83%BC%E3%83%88%E6%A8%AB%E3%81%AE%E6%9C%A8%20%E9%85%92%E7%94%B0%E5%B8%82
定期巡回・随時対応型訪問介護看護つつじ,定期巡回・随時対応型訪問介護看護,山形県,寒河江市,"介護,定期巡回・随時対応型訪問介護看護",定期巡回・随時対応型訪問介護看護の公式オープンデータから取り込んだ候補です。詳細は公式情報・電話・見学で確認してください。,http://www.npo-ajisai.jp/,山形県寒河江市寒河江塩水6-1,0237-85-1326,厚生労働省オープンデータ,https://www.mhlw.go.jp/content/12300000/jigyosho_760.csv,2025-12末,https://www.google.com/search?q=%E5%AE%9A%E6%9C%9F%E5%B7%A1%E5%9B%9E%E3%83%BB%E9%9A%8F%E6%99%82%E5%AF%BE%E5%BF%9C%E5%9E%8B%E8%A8%AA%E5%95%8F%E4%BB%8B%E8%AD%B7%E7%9C%8B%E8%AD%B7%E3%81%A4%E3%81%A4%E3%81%98%20%E5%AF%92%E6%B2%B3%E6%B1%9F%E5%B8%82
24時間巡回介護えがお,定期巡回・随時対応型訪問介護看護,山形県,長井市,"介護,定期巡回・随時対応型訪問介護看護",定期巡回・随時対応型訪問介護看護の公式オープンデータから取り込んだ候補です。詳細は公式情報・電話・見学で確認してください。,https://takeda-carehome.jp/,山形県長井市台町23番23号,0238-84-5710,厚生労働省オープンデータ,https://www.mhlw.go.jp/content/12300000/jigyosho_760.csv,2025-12末,https://www.google.com/search?q=24%E6%99%82%E9%96%93%E5%B7%A1%E5%9B%9E%E4%BB%8B%E8%AD%B7%E3%81%88%E3%81%8C%E3%81%8A%20%E9%95%B7%E4%BA%95%E5%B8%82
看護小規模多機能かしの木,看護小規模多機能型居宅介護,山形県,山形市,"介護,看護小規模多機能型居宅介護,医療",看護小規模多機能型居宅介護の公式オープンデータから取り込んだ候補です。詳細は公式情報・電話・見学で確認してください。,https://daiwa-med.co.jp/,山形県山形市上町四丁目6番24号,023-673-9703,厚生労働省オープンデータ,https://www.mhlw.go.jp/content/12300000/jigyosho_770.csv,2025-12末,https://www.google.com/search?q=%E7%9C%8B%E8%AD%B7%E5%B0%8F%E8%A6%8F%E6%A8%A1%E5%A4%9A%E6%A9%9F%E8%83%BD%E3%81%8B%E3%81%97%E3%81%AE%E6%9C%A8%20%E5%B1%B1%E5%BD%A2%E5%B8%82
看護小規模多機能型居宅介護　YONEKIプレミアム,看護小規模多機能型居宅介護,山形県,山形市,"介護,看護小規模多機能型居宅介護,医療",看護小規模多機能型居宅介護の公式オープンデータから取り込んだ候補です。詳細は公式情報・電話・見学で確認してください。,http://yonekiya.com/,山形県山形市あかねヶ丘2-1-4,023-616-7515,厚生労働省オープンデータ,https://www.mhlw.go.jp/content/12300000/jigyosho_770.csv,2025-12末,https://www.google.com/search?q=%E7%9C%8B%E8%AD%B7%E5%B0%8F%E8%A6%8F%E6%A8%A1%E5%A4%9A%E6%A9%9F%E8%83%BD%E5%9E%8B%E5%B1%85%E5%AE%85%E4%BB%8B%E8%AD%B7%E3%80%80YONEKI%E3%83%97%E3%83%AC%E3%83%9F%E3%82%A2%E3%83%A0%20%E5%B1%B1%E5%BD%A2%E5%B8%82
複合型サービス　東部の友,看護小規模多機能型居宅介護,山形県,山形市,"介護,看護小規模多機能型居宅介護,医療",看護小規模多機能型居宅介護の公式オープンデータから取り込んだ候補です。詳細は公式情報・電話・見学で確認してください。,http://www.kanyuukai.or.jp,山形県山形市松波三丁目４番５号ケアセンター松波,023-664-3851,厚生労働省オープンデータ,https://www.mhlw.go.jp/content/12300000/jigyosho_770.csv,2025-12末,https://www.google.com/search?q=%E8%A4%87%E5%90%88%E5%9E%8B%E3%82%B5%E3%83%BC%E3%83%93%E3%82%B9%E3%80%80%E6%9D%B1%E9%83%A8%E3%81%AE%E5%8F%8B%20%E5%B1%B1%E5%BD%A2%E5%B8%82
湖山ケアサービス山形,看護小規模多機能型居宅介護,山形県,山形市,"介護,看護小規模多機能型居宅介護,医療",看護小規模多機能型居宅介護の公式オープンデータから取り込んだ候補です。詳細は公式情報・電話・見学で確認してください。,http://ryokuaikai.com,山形市上桜田5丁目1‐1,023-664-1802,厚生労働省オープンデータ,https://www.mhlw.go.jp/content/12300000/jigyosho_770.csv,2025-12末,https://www.google.com/search?q=%E6%B9%96%E5%B1%B1%E3%82%B1%E3%82%A2%E3%82%B5%E3%83%BC%E3%83%93%E3%82%B9%E5%B1%B1%E5%BD%A2%20%E5%B1%B1%E5%BD%A2%E5%B8%82
ケアコンシェルジュ和,看護小規模多機能型居宅介護,山形県,米沢市,"介護,看護小規模多機能型居宅介護,医療",看護小規模多機能型居宅介護の公式オープンデータから取り込んだ候補です。詳細は公式情報・電話・見学で確認してください。,https://nagomi-calm.com,山形県米沢市門東町２丁目８番３４号,0238-27-8778,厚生労働省オープンデータ,https://www.mhlw.go.jp/content/12300000/jigyosho_770.csv,2025-12末,https://www.google.com/search?q=%E3%82%B1%E3%82%A2%E3%82%B3%E3%83%B3%E3%82%B7%E3%82%A7%E3%83%AB%E3%82%B8%E3%83%A5%E5%92%8C%20%E7%B1%B3%E6%B2%A2%E5%B8%82
湖山ケアサービス米沢,看護小規模多機能型居宅介護,山形県,米沢市,"介護,看護小規模多機能型居宅介護,医療",看護小規模多機能型居宅介護の公式オープンデータから取り込んだ候補です。詳細は公式情報・電話・見学で確認してください。,http://ryokuaikai.com,米沢市塩井町塩野1482番地の4,0238-40-1856,厚生労働省オープンデータ,https://www.mhlw.go.jp/content/12300000/jigyosho_770.csv,2025-12末,https://www.google.com/search?q=%E6%B9%96%E5%B1%B1%E3%82%B1%E3%82%A2%E3%82%B5%E3%83%BC%E3%83%93%E3%82%B9%E7%B1%B3%E6%B2%A2%20%E7%B1%B3%E6%B2%A2%E5%B8%82
ＳＯＭＰＯケア　新庄城西　看護小規模多機能,看護小規模多機能型居宅介護,山形県,新庄市,"介護,看護小規模多機能型居宅介護,医療",看護小規模多機能型居宅介護の公式オープンデータから取り込んだ候補です。詳細は公式情報・電話・見学で確認してください。,https://www.sompocare.com,山形県新庄市城西町7番11号,0233-23-5901,厚生労働省オープンデータ,https://www.mhlw.go.jp/content/12300000/jigyosho_770.csv,2025-12末,https://www.google.com/search?q=%EF%BC%B3%EF%BC%AF%EF%BC%AD%EF%BC%B0%EF%BC%AF%E3%82%B1%E3%82%A2%E3%80%80%E6%96%B0%E5%BA%84%E5%9F%8E%E8%A5%BF%E3%80%80%E7%9C%8B%E8%AD%B7%E5%B0%8F%E8%A6%8F%E6%A8%A1%E5%A4%9A%E6%A9%9F%E8%83%BD%20%E6%96%B0%E5%BA%84%E5%B8%82
リハビリテーション颯　山形霞城,地域密着型デイサービス,山形県,山形市,"介護,地域密着型デイサービス",日中に通って食事・入浴・機能訓練・見守りなどを受けるサービスです。,https://vesita.co.jp/group/,山形県山形市城南町2丁目10番2号サンファーレ101号室,023-664-3202,厚生労働省オープンデータ,https://www.mhlw.go.jp/content/12300000/jigyosho_780.csv,2025-12末,https://www.google.com/search?q=%E3%83%AA%E3%83%8F%E3%83%93%E3%83%AA%E3%83%86%E3%83%BC%E3%82%B7%E3%83%A7%E3%83%B3%E9%A2%AF%E3%80%80%E5%B1%B1%E5%BD%A2%E9%9C%9E%E5%9F%8E%20%E5%B1%B1%E5%BD%A2%E5%B8%82
ソーレ江俣デイサービス,地域密着型デイサービス,山形県,山形市,"介護,地域密着型デイサービス",日中に通って食事・入浴・機能訓練・見守りなどを受けるサービスです。,http://www.sole.ne.jp,山形県山形市江俣1丁目9-15,023-681-2282,厚生労働省オープンデータ,https://www.mhlw.go.jp/content/12300000/jigyosho_780.csv,2025-12末,https://www.google.com/search?q=%E3%82%BD%E3%83%BC%E3%83%AC%E6%B1%9F%E4%BF%A3%E3%83%87%E3%82%A4%E3%82%B5%E3%83%BC%E3%83%93%E3%82%B9%20%E5%B1%B1%E5%BD%A2%E5%B8%82
いずみケアセンター指定通所介護事業所,地域密着型デイサービス,山形県,山形市,"介護,地域密着型デイサービス",日中に通って食事・入浴・機能訓練・見守りなどを受けるサービスです。,http://www.izumi-lan.com/,山形市長町一丁目９番５９－１７号,023-681-3423,厚生労働省オープンデータ,https://www.mhlw.go.jp/content/12300000/jigyosho_780.csv,2025-12末,https://www.google.com/search?q=%E3%81%84%E3%81%9A%E3%81%BF%E3%82%B1%E3%82%A2%E3%82%BB%E3%83%B3%E3%82%BF%E3%83%BC%E6%8C%87%E5%AE%9A%E9%80%9A%E6%89%80%E4%BB%8B%E8%AD%B7%E4%BA%8B%E6%A5%AD%E6%89%80%20%E5%B1%B1%E5%BD%A2%E5%B8%82
デイサービス　ＥＭＩＯ,地域密着型デイサービス,山形県,山形市,"介護,地域密着型デイサービス",日中に通って食事・入浴・機能訓練・見守りなどを受けるサービスです。,https://www.google.com/search?q=%E3%83%87%E3%82%A4%E3%82%B5%E3%83%BC%E3%83%93%E3%82%B9%E3%80%80%EF%BC%A5%EF%BC%AD%EF%BC%A9%EF%BC%AF%20%E5%B1%B1%E5%BD%A2%E5%B8%82,山形県山形市陣場二丁目8番35号,023-674-0375,厚生労働省オープンデータ,https://www.mhlw.go.jp/content/12300000/jigyosho_780.csv,2025-12末,https://www.google.com/search?q=%E3%83%87%E3%82%A4%E3%82%B5%E3%83%BC%E3%83%93%E3%82%B9%E3%80%80%EF%BC%A5%EF%BC%AD%EF%BC%A9%EF%BC%AF%20%E5%B1%B1%E5%BD%A2%E5%B8%82
せんじゅ鳥居ケ丘デイサービス,地域密着型デイサービス,山形県,山形市,"介護,地域密着型デイサービス",日中に通って食事・入浴・機能訓練・見守りなどを受けるサービスです。,https://www.se-njyu.co.jp,山形県山形市鳥居ケ丘１９番１３号マザーパレス山形鳥居ケ丘,023‐665‐1215,厚生労働省オープンデータ,https://www.mhlw.go.jp/content/12300000/jigyosho_780.csv,2025-12末,https://www.google.com/search?q=%E3%81%9B%E3%82%93%E3%81%98%E3%82%85%E9%B3%A5%E5%B1%85%E3%82%B1%E4%B8%98%E3%83%87%E3%82%A4%E3%82%B5%E3%83%BC%E3%83%93%E3%82%B9%20%E5%B1%B1%E5%BD%A2%E5%B8%82
オレアもとき,地域密着型デイサービス,山形県,山形市,"介護,地域密着型デイサービス",日中に通って食事・入浴・機能訓練・見守りなどを受けるサービスです。,https://www.instagram.com/olea.motoki/,山形県山形市元木二丁目9-39,023-674-9026,厚生労働省オープンデータ,https://www.mhlw.go.jp/content/12300000/jigyosho_780.csv,2025-12末,https://www.google.com/search?q=%E3%82%AA%E3%83%AC%E3%82%A2%E3%82%82%E3%81%A8%E3%81%8D%20%E5%B1%B1%E5%BD%A2%E5%B8%82
機能訓練専門デイサービス　きたえるーむ山形小白川,地域密着型デイサービス,山形県,山形市,"介護,地域密着型デイサービス",日中に通って食事・入浴・機能訓練・見守りなどを受けるサービスです。,http://www.kitaeroom.com/,山形県山形市あさひ町１６番１５号,（023）674-8022,厚生労働省オープンデータ,https://www.mhlw.go.jp/content/12300000/jigyosho_780.csv,2025-12末,https://www.google.com/search?q=%E6%A9%9F%E8%83%BD%E8%A8%93%E7%B7%B4%E5%B0%82%E9%96%80%E3%83%87%E3%82%A4%E3%82%B5%E3%83%BC%E3%83%93%E3%82%B9%E3%80%80%E3%81%8D%E3%81%9F%E3%81%88%E3%82%8B%E3%83%BC%E3%82%80%E5%B1%B1%E5%BD%A2%E5%B0%8F%E7%99%BD%E5%B7%9D%20%E5%B1%B1%E5%BD%A2%E5%B8%82
デイサービスきたえるーむ山形花楯,地域密着型デイサービス,山形県,山形市,"介護,地域密着型デイサービス",日中に通って食事・入浴・機能訓練・見守りなどを受けるサービスです。,https://kitaeroom.com/,山形県山形市浜崎７６番1号,０２３－６８７－１５５７,厚生労働省オープンデータ,https://www.mhlw.go.jp/content/12300000/jigyosho_780.csv,2025-12末,https://www.google.com/search?q=%E3%83%87%E3%82%A4%E3%82%B5%E3%83%BC%E3%83%93%E3%82%B9%E3%81%8D%E3%81%9F%E3%81%88%E3%82%8B%E3%83%BC%E3%82%80%E5%B1%B1%E5%BD%A2%E8%8A%B1%E6%A5%AF%20%E5%B1%B1%E5%BD%A2%E5%B8%82
デイサービス「ほづみの森」,地域密着型デイサービス,山形県,山形市,"介護,地域密着型デイサービス",日中に通って食事・入浴・機能訓練・見守りなどを受けるサービスです。,http://haijiain-moriya.com,山形県山形市穂積６８番地７,023-665-5771,厚生労働省オープンデータ,https://www.mhlw.go.jp/content/12300000/jigyosho_780.csv,2025-12末,https://www.google.com/search?q=%E3%83%87%E3%82%A4%E3%82%B5%E3%83%BC%E3%83%93%E3%82%B9%E3%80%8C%E3%81%BB%E3%81%A5%E3%81%BF%E3%81%AE%E6%A3%AE%E3%80%8D%20%E5%B1%B1%E5%BD%A2%E5%B8%82
さわやか塾　けやきの森,地域密着型デイサービス,山形県,山形市,"介護,地域密着型デイサービス",日中に通って食事・入浴・機能訓練・見守りなどを受けるサービスです。,https://www.keyakinomori.co.jp,山形市大字漆山字念仏段1903-1,023-674-9327,厚生労働省オープンデータ,https://www.mhlw.go.jp/content/12300000/jigyosho_780.csv,2025-12末,https://www.google.com/search?q=%E3%81%95%E3%82%8F%E3%82%84%E3%81%8B%E5%A1%BE%E3%80%80%E3%81%91%E3%82%84%E3%81%8D%E3%81%AE%E6%A3%AE%20%E5%B1%B1%E5%BD%A2%E5%B8%82
デイサービスセンターどりーむらんど,地域密着型デイサービス,山形県,山形市,"介護,地域密着型デイサービス",日中に通って食事・入浴・機能訓練・見守りなどを受けるサービスです。,https://www.google.com/search?q=%E3%83%87%E3%82%A4%E3%82%B5%E3%83%BC%E3%83%93%E3%82%B9%E3%82%BB%E3%83%B3%E3%82%BF%E3%83%BC%E3%81%A9%E3%82%8A%E3%83%BC%E3%82%80%E3%82%89%E3%82%93%E3%81%A9%20%E5%B1%B1%E5%BD%A2%E5%B8%82,山形市嶋南二丁目２番７号,023-666-6827,厚生労働省オープンデータ,https://www.mhlw.go.jp/content/12300000/jigyosho_780.csv,2025-12末,https://www.google.com/search?q=%E3%83%87%E3%82%A4%E3%82%B5%E3%83%BC%E3%83%93%E3%82%B9%E3%82%BB%E3%83%B3%E3%82%BF%E3%83%BC%E3%81%A9%E3%82%8A%E3%83%BC%E3%82%80%E3%82%89%E3%82%93%E3%81%A9%20%E5%B1%B1%E5%BD%A2%E5%B8%82
ことばのデイルーム奏,地域密着型デイサービス,山形県,山形市,"介護,地域密着型デイサービス",日中に通って食事・入浴・機能訓練・見守りなどを受けるサービスです。,http:voce-yamagata.net,山形市吉原三丁目１番５号,023-673-9681,厚生労働省オープンデータ,https://www.mhlw.go.jp/content/12300000/jigyosho_780.csv,2025-12末,https://www.google.com/search?q=%E3%81%93%E3%81%A8%E3%81%B0%E3%81%AE%E3%83%87%E3%82%A4%E3%83%AB%E3%83%BC%E3%83%A0%E5%A5%8F%20%E5%B1%B1%E5%BD%A2%E5%B8%82
日向の家,地域密着型デイサービス,山形県,山形市,"介護,地域密着型デイサービス",日中に通って食事・入浴・機能訓練・見守りなどを受けるサービスです。,http://www.sumirekanon.com/,山形市あかねケ丘二丁目15番10号,023-645-0580,厚生労働省オープンデータ,https://www.mhlw.go.jp/content/12300000/jigyosho_780.csv,2025-12末,https://www.google.com/search?q=%E6%97%A5%E5%90%91%E3%81%AE%E5%AE%B6%20%E5%B1%B1%E5%BD%A2%E5%B8%82
生活塾,地域密着型デイサービス,山形県,山形市,"介護,地域密着型デイサービス",日中に通って食事・入浴・機能訓練・見守りなどを受けるサービスです。,http://www.sumirekanon.com/,山形県山形市城西町5丁目1番7号,023-664-0168,厚生労働省オープンデータ,https://www.mhlw.go.jp/content/12300000/jigyosho_780.csv,2025-12末,https://www.google.com/search?q=%E7%94%9F%E6%B4%BB%E5%A1%BE%20%E5%B1%B1%E5%BD%A2%E5%B8%82
アースサポート山形,地域密着型デイサービス,山形県,山形市,"介護,地域密着型デイサービス",日中に通って食事・入浴・機能訓練・見守りなどを受けるサービスです。,http://www.earthsupport.co.jp,山形県山形市吉原1丁目11-13,023-645-7311,厚生労働省オープンデータ,https://www.mhlw.go.jp/content/12300000/jigyosho_780.csv,2025-12末,https://www.google.com/search?q=%E3%82%A2%E3%83%BC%E3%82%B9%E3%82%B5%E3%83%9D%E3%83%BC%E3%83%88%E5%B1%B1%E5%BD%A2%20%E5%B1%B1%E5%BD%A2%E5%B8%82
社会福祉法人　ユトリア会　通所介護ユトリアケアセンターかすみ,地域密着型デイサービス,山形県,山形市,"介護,地域密着型デイサービス",日中に通って食事・入浴・機能訓練・見守りなどを受けるサービスです。,http://utoria-kai.com,山形県山形市香澄町２丁目３番３２号,023-625-1294,厚生労働省オープンデータ,https://www.mhlw.go.jp/content/12300000/jigyosho_780.csv,2025-12末,https://www.google.com/search?q=%E7%A4%BE%E4%BC%9A%E7%A6%8F%E7%A5%89%E6%B3%95%E4%BA%BA%E3%80%80%E3%83%A6%E3%83%88%E3%83%AA%E3%82%A2%E4%BC%9A%E3%80%80%E9%80%9A%E6%89%80%E4%BB%8B%E8%AD%B7%E3%83%A6%E3%83%88%E3%83%AA%E3%82%A2%E3%82%B1%E3%82%A2%E3%82%BB%E3%83%B3%E3%82%BF%E3%83%BC%E3%81%8B%E3%81%99%E3%81%BF%20%E5%B1%B1%E5%BD%A2%E5%B8%82
楽トレスペースGreen,地域密着型デイサービス,山形県,山形市,"介護,地域密着型デイサービス",日中に通って食事・入浴・機能訓練・見守りなどを受けるサービスです。,https://www.big-advance.site/s/166/1369/company,山形県山形市東原町3丁目9番16号Qビルディング1F,0236297411,厚生労働省オープンデータ,https://www.mhlw.go.jp/content/12300000/jigyosho_780.csv,2025-12末,https://www.google.com/search?q=%E6%A5%BD%E3%83%88%E3%83%AC%E3%82%B9%E3%83%9A%E3%83%BC%E3%82%B9Green%20%E5%B1%B1%E5%BD%A2%E5%B8%82
デイホーム株式会社サークル,地域密着型デイサービス,山形県,山形市,"介護,地域密着型デイサービス",日中に通って食事・入浴・機能訓練・見守りなどを受けるサービスです。,https://www.google.com/search?q=%E3%83%87%E3%82%A4%E3%83%9B%E3%83%BC%E3%83%A0%E6%A0%AA%E5%BC%8F%E4%BC%9A%E7%A4%BE%E3%82%B5%E3%83%BC%E3%82%AF%E3%83%AB%20%E5%B1%B1%E5%BD%A2%E5%B8%82,山形市大字志戸田1685－6,023-681-2785,厚生労働省オープンデータ,https://www.mhlw.go.jp/content/12300000/jigyosho_780.csv,2025-12末,https://www.google.com/search?q=%E3%83%87%E3%82%A4%E3%83%9B%E3%83%BC%E3%83%A0%E6%A0%AA%E5%BC%8F%E4%BC%9A%E7%A4%BE%E3%82%B5%E3%83%BC%E3%82%AF%E3%83%AB%20%E5%B1%B1%E5%BD%A2%E5%B8%82
楽らくケアセンターデイサービス,地域密着型デイサービス,山形県,米沢市,"介護,地域密着型デイサービス",日中に通って食事・入浴・機能訓練・見守りなどを受けるサービスです。,http://raku-raku.info,山形県米沢市大町5丁目4－51,0238-26-8680,厚生労働省オープンデータ,https://www.mhlw.go.jp/content/12300000/jigyosho_780.csv,2025-12末,https://www.google.com/search?q=%E6%A5%BD%E3%82%89%E3%81%8F%E3%82%B1%E3%82%A2%E3%82%BB%E3%83%B3%E3%82%BF%E3%83%BC%E3%83%87%E3%82%A4%E3%82%B5%E3%83%BC%E3%83%93%E3%82%B9%20%E7%B1%B3%E6%B2%A2%E5%B8%82
楽らくデイサービスやよい,地域密着型デイサービス,山形県,米沢市,"介護,地域密着型デイサービス",日中に通って食事・入浴・機能訓練・見守りなどを受けるサービスです。,http://raku-raku.info,山形県米沢市東3丁目4－57－101,0238-26-1151,厚生労働省オープンデータ,https://www.mhlw.go.jp/content/12300000/jigyosho_780.csv,2025-12末,https://www.google.com/search?q=%E6%A5%BD%E3%82%89%E3%81%8F%E3%83%87%E3%82%A4%E3%82%B5%E3%83%BC%E3%83%93%E3%82%B9%E3%82%84%E3%82%88%E3%81%84%20%E7%B1%B3%E6%B2%A2%E5%B8%82
デイサービスセンター　　清ら家,地域密着型デイサービス,山形県,米沢市,"介護,地域密着型デイサービス",日中に通って食事・入浴・機能訓練・見守りなどを受けるサービスです。,http://y-seiyukai.com,山形県米沢市春日1丁目4番27号,0238-40-1550,厚生労働省オープンデータ,https://www.mhlw.go.jp/content/12300000/jigyosho_780.csv,2025-12末,https://www.google.com/search?q=%E3%83%87%E3%82%A4%E3%82%B5%E3%83%BC%E3%83%93%E3%82%B9%E3%82%BB%E3%83%B3%E3%82%BF%E3%83%BC%E3%80%80%E3%80%80%E6%B8%85%E3%82%89%E5%AE%B6%20%E7%B1%B3%E6%B2%A2%E5%B8%82
デイサービス奏で館,地域密着型デイサービス,山形県,米沢市,"介護,地域密着型デイサービス",日中に通って食事・入浴・機能訓練・見守りなどを受けるサービスです。,http://care-net.biz/06/touyoukan/,山形県米沢市中央7丁目4－37サービス付き高齢者向け住宅　奏で館,0238－40－1130,厚生労働省オープンデータ,https://www.mhlw.go.jp/content/12300000/jigyosho_780.csv,2025-12末,https://www.google.com/search?q=%E3%83%87%E3%82%A4%E3%82%B5%E3%83%BC%E3%83%93%E3%82%B9%E5%A5%8F%E3%81%A7%E9%A4%A8%20%E7%B1%B3%E6%B2%A2%E5%B8%82
ひなたぼっこデイサービスセンター,地域密着型デイサービス,山形県,米沢市,"介護,地域密着型デイサービス",日中に通って食事・入浴・機能訓練・見守りなどを受けるサービスです。,https://y-hinata.com,米沢市舘山1丁目２－６－２,0238-37-0781,厚生労働省オープンデータ,https://www.mhlw.go.jp/content/12300000/jigyosho_780.csv,2025-12末,https://www.google.com/search?q=%E3%81%B2%E3%81%AA%E3%81%9F%E3%81%BC%E3%81%A3%E3%81%93%E3%83%87%E3%82%A4%E3%82%B5%E3%83%BC%E3%83%93%E3%82%B9%E3%82%BB%E3%83%B3%E3%82%BF%E3%83%BC%20%E7%B1%B3%E6%B2%A2%E5%B8%82
マイウェイデイサービス,地域密着型デイサービス,山形県,米沢市,"介護,地域密着型デイサービス",日中に通って食事・入浴・機能訓練・見守りなどを受けるサービスです。,https://myway-dayservice.com/,山形県米沢市松が岬１丁目１－２６加藤接骨院内,0238-40-1512,厚生労働省オープンデータ,https://www.mhlw.go.jp/content/12300000/jigyosho_780.csv,2025-12末,https://www.google.com/search?q=%E3%83%9E%E3%82%A4%E3%82%A6%E3%82%A7%E3%82%A4%E3%83%87%E3%82%A4%E3%82%B5%E3%83%BC%E3%83%93%E3%82%B9%20%E7%B1%B3%E6%B2%A2%E5%B8%82
リハビリ特化型デイサービスReはーと,地域密着型デイサービス,山形県,米沢市,"介護,地域密着型デイサービス",日中に通って食事・入浴・機能訓練・見守りなどを受けるサービスです。,http://rehabili-orafu.com,山形県米沢市広幡町成島１０２７番地,０２３８-３３-９４４２,厚生労働省オープンデータ,https://www.mhlw.go.jp/content/12300000/jigyosho_780.csv,2025-12末,https://www.google.com/search?q=%E3%83%AA%E3%83%8F%E3%83%93%E3%83%AA%E7%89%B9%E5%8C%96%E5%9E%8B%E3%83%87%E3%82%A4%E3%82%B5%E3%83%BC%E3%83%93%E3%82%B9Re%E3%81%AF%E3%83%BC%E3%81%A8%20%E7%B1%B3%E6%B2%A2%E5%B8%82
ココロリビング米沢,地域密着型デイサービス,山形県,米沢市,"介護,地域密着型デイサービス",日中に通って食事・入浴・機能訓練・見守りなどを受けるサービスです。,http://www.care-w.com/,山形県米沢市下花沢三丁目9-52,0238-40-8548,厚生労働省オープンデータ,https://www.mhlw.go.jp/content/12300000/jigyosho_780.csv,2025-12末,https://www.google.com/search?q=%E3%82%B3%E3%82%B3%E3%83%AD%E3%83%AA%E3%83%93%E3%83%B3%E3%82%B0%E7%B1%B3%E6%B2%A2%20%E7%B1%B3%E6%B2%A2%E5%B8%82
瑞穂の郷デイサービスセンター東館,地域密着型デイサービス,山形県,鶴岡市,"介護,地域密着型デイサービス",日中に通って食事・入浴・機能訓練・見守りなどを受けるサービスです。,http://www.hcp-net.co.jp,山形県鶴岡市羽黒町細谷字北田１２８－１,0235-29-1025,厚生労働省オープンデータ,https://www.mhlw.go.jp/content/12300000/jigyosho_780.csv,2025-12末,https://www.google.com/search?q=%E7%91%9E%E7%A9%82%E3%81%AE%E9%83%B7%E3%83%87%E3%82%A4%E3%82%B5%E3%83%BC%E3%83%93%E3%82%B9%E3%82%BB%E3%83%B3%E3%82%BF%E3%83%BC%E6%9D%B1%E9%A4%A8%20%E9%B6%B4%E5%B2%A1%E5%B8%82
瑞穂の郷デイサービスセンター西館,地域密着型デイサービス,山形県,鶴岡市,"介護,地域密着型デイサービス",日中に通って食事・入浴・機能訓練・見守りなどを受けるサービスです。,http:www.hcp-net.co.jp,山形県鶴岡市羽黒町細谷字北田１２８－１,0235-29-1025,厚生労働省オープンデータ,https://www.mhlw.go.jp/content/12300000/jigyosho_780.csv,2025-12末,https://www.google.com/search?q=%E7%91%9E%E7%A9%82%E3%81%AE%E9%83%B7%E3%83%87%E3%82%A4%E3%82%B5%E3%83%BC%E3%83%93%E3%82%B9%E3%82%BB%E3%83%B3%E3%82%BF%E3%83%BC%E8%A5%BF%E9%A4%A8%20%E9%B6%B4%E5%B2%A1%E5%B8%82
ハビビ伊勢原,地域密着型デイサービス,山形県,鶴岡市,"介護,地域密着型デイサービス",日中に通って食事・入浴・機能訓練・見守りなどを受けるサービスです。,https://www.habibi3.com/,山形県鶴岡市伊勢原町１６番１６号,0235-23-8576,厚生労働省オープンデータ,https://www.mhlw.go.jp/content/12300000/jigyosho_780.csv,2025-12末,https://www.google.com/search?q=%E3%83%8F%E3%83%93%E3%83%93%E4%BC%8A%E5%8B%A2%E5%8E%9F%20%E9%B6%B4%E5%B2%A1%E5%B8%82
リハビリステーション・アズリー,地域密着型デイサービス,山形県,鶴岡市,"介護,地域密着型デイサービス",日中に通って食事・入浴・機能訓練・見守りなどを受けるサービスです。,https://azuree.jp/contact/,山形県鶴岡市鳥居町23-2,0235-64-8902,厚生労働省オープンデータ,https://www.mhlw.go.jp/content/12300000/jigyosho_780.csv,2025-12末,https://www.google.com/search?q=%E3%83%AA%E3%83%8F%E3%83%93%E3%83%AA%E3%82%B9%E3%83%86%E3%83%BC%E3%82%B7%E3%83%A7%E3%83%B3%E3%83%BB%E3%82%A2%E3%82%BA%E3%83%AA%E3%83%BC%20%E9%B6%B4%E5%B2%A1%E5%B8%82
アズリー・リハトレ,地域密着型デイサービス,山形県,鶴岡市,"介護,地域密着型デイサービス",日中に通って食事・入浴・機能訓練・見守りなどを受けるサービスです。,https://azuree.jp/contact/,山形県鶴岡市鳥居町22-20,0235-64-0117,厚生労働省オープンデータ,https://www.mhlw.go.jp/content/12300000/jigyosho_780.csv,2025-12末,https://www.google.com/search?q=%E3%82%A2%E3%82%BA%E3%83%AA%E3%83%BC%E3%83%BB%E3%83%AA%E3%83%8F%E3%83%88%E3%83%AC%20%E9%B6%B4%E5%B2%A1%E5%B8%82
メディカルデイサービスビビ,地域密着型デイサービス,山形県,鶴岡市,"介護,地域密着型デイサービス",日中に通って食事・入浴・機能訓練・見守りなどを受けるサービスです。,http://y-mcoop.com/vivid/,鶴岡市文園町１１－３鶴岡協立病院附属クリニック2階,0235-23-6060,厚生労働省オープンデータ,https://www.mhlw.go.jp/content/12300000/jigyosho_780.csv,2025-12末,https://www.google.com/search?q=%E3%83%A1%E3%83%87%E3%82%A3%E3%82%AB%E3%83%AB%E3%83%87%E3%82%A4%E3%82%B5%E3%83%BC%E3%83%93%E3%82%B9%E3%83%93%E3%83%93%20%E9%B6%B4%E5%B2%A1%E5%B8%82
療養通所介護のぞみの家,地域密着型デイサービス,山形県,鶴岡市,"介護,地域密着型デイサービス",日中に通って食事・入浴・機能訓練・見守りなどを受けるサービスです。,http://www.mituwakai.com,山形県鶴岡市北茅原町５番５４号,0235-25-8335,厚生労働省オープンデータ,https://www.mhlw.go.jp/content/12300000/jigyosho_780.csv,2025-12末,https://www.google.com/search?q=%E7%99%82%E9%A4%8A%E9%80%9A%E6%89%80%E4%BB%8B%E8%AD%B7%E3%81%AE%E3%81%9E%E3%81%BF%E3%81%AE%E5%AE%B6%20%E9%B6%B4%E5%B2%A1%E5%B8%82
デイホーム　はぐろの里,地域密着型デイサービス,山形県,鶴岡市,"介護,地域密着型デイサービス",日中に通って食事・入浴・機能訓練・見守りなどを受けるサービスです。,https://www.google.com/search?q=%E3%83%87%E3%82%A4%E3%83%9B%E3%83%BC%E3%83%A0%E3%80%80%E3%81%AF%E3%81%90%E3%82%8D%E3%81%AE%E9%87%8C%20%E9%B6%B4%E5%B2%A1%E5%B8%82,山形県鶴岡市羽黒町荒川字谷地堰42ー1,0235-26-0120,厚生労働省オープンデータ,https://www.mhlw.go.jp/content/12300000/jigyosho_780.csv,2025-12末,https://www.google.com/search?q=%E3%83%87%E3%82%A4%E3%83%9B%E3%83%BC%E3%83%A0%E3%80%80%E3%81%AF%E3%81%90%E3%82%8D%E3%81%AE%E9%87%8C%20%E9%B6%B4%E5%B2%A1%E5%B8%82
デイサービスセンターかたばみ荘,地域密着型デイサービス,山形県,酒田市,"介護,地域密着型デイサービス",日中に通って食事・入浴・機能訓練・見守りなどを受けるサービスです。,"https;//www,katabamisou,jp/",山形県酒田市北千日堂前字松境18-1,0234-35-1451,厚生労働省オープンデータ,https://www.mhlw.go.jp/content/12300000/jigyosho_780.csv,2025-12末,https://www.google.com/search?q=%E3%83%87%E3%82%A4%E3%82%B5%E3%83%BC%E3%83%93%E3%82%B9%E3%82%BB%E3%83%B3%E3%82%BF%E3%83%BC%E3%81%8B%E3%81%9F%E3%81%B0%E3%81%BF%E8%8D%98%20%E9%85%92%E7%94%B0%E5%B8%82
デイサービスセンターふれんど,地域密着型デイサービス,山形県,酒田市,"介護,地域密着型デイサービス",日中に通って食事・入浴・機能訓練・見守りなどを受けるサービスです。,https://www.google.com/search?q=%E3%83%87%E3%82%A4%E3%82%B5%E3%83%BC%E3%83%93%E3%82%B9%E3%82%BB%E3%83%B3%E3%82%BF%E3%83%BC%E3%81%B5%E3%82%8C%E3%82%93%E3%81%A9%20%E9%85%92%E7%94%B0%E5%B8%82,山形県酒田市古湊町９番８号,0234-35-1210,厚生労働省オープンデータ,https://www.mhlw.go.jp/content/12300000/jigyosho_780.csv,2025-12末,https://www.google.com/search?q=%E3%83%87%E3%82%A4%E3%82%B5%E3%83%BC%E3%83%93%E3%82%B9%E3%82%BB%E3%83%B3%E3%82%BF%E3%83%BC%E3%81%B5%E3%82%8C%E3%82%93%E3%81%A9%20%E9%85%92%E7%94%B0%E5%B8%82
アースサポート酒田,地域密着型デイサービス,山形県,酒田市,"介護,地域密着型デイサービス",日中に通って食事・入浴・機能訓練・見守りなどを受けるサービスです。,http://www.earthsupport.co.jp,山形県酒田市若原町5-2,0234-26-9900,厚生労働省オープンデータ,https://www.mhlw.go.jp/content/12300000/jigyosho_780.csv,2025-12末,https://www.google.com/search?q=%E3%82%A2%E3%83%BC%E3%82%B9%E3%82%B5%E3%83%9D%E3%83%BC%E3%83%88%E9%85%92%E7%94%B0%20%E9%85%92%E7%94%B0%E5%B8%82
デイサービスこもれび,地域密着型デイサービス,山形県,酒田市,"介護,地域密着型デイサービス",日中に通って食事・入浴・機能訓練・見守りなどを受けるサービスです。,https://www.google.com/search?q=%E3%83%87%E3%82%A4%E3%82%B5%E3%83%BC%E3%83%93%E3%82%B9%E3%81%93%E3%82%82%E3%82%8C%E3%81%B3%20%E9%85%92%E7%94%B0%E5%B8%82,山形県酒田市亀ヶ崎5丁目7番53号,0234-43-1020,厚生労働省オープンデータ,https://www.mhlw.go.jp/content/12300000/jigyosho_780.csv,2025-12末,https://www.google.com/search?q=%E3%83%87%E3%82%A4%E3%82%B5%E3%83%BC%E3%83%93%E3%82%B9%E3%81%93%E3%82%82%E3%82%8C%E3%81%B3%20%E9%85%92%E7%94%B0%E5%B8%82
デイサービスセンター虹（にじ）,地域密着型デイサービス,山形県,新庄市,"介護,地域密着型デイサービス",日中に通って食事・入浴・機能訓練・見守りなどを受けるサービスです。,https://www.nijikaigo.com/,山形県新庄市十日町２８０４番地の６,0233－29－2207,厚生労働省オープンデータ,https://www.mhlw.go.jp/content/12300000/jigyosho_780.csv,2025-12末,https://www.google.com/search?q=%E3%83%87%E3%82%A4%E3%82%B5%E3%83%BC%E3%83%93%E3%82%B9%E3%82%BB%E3%83%B3%E3%82%BF%E3%83%BC%E8%99%B9%EF%BC%88%E3%81%AB%E3%81%98%EF%BC%89%20%E6%96%B0%E5%BA%84%E5%B8%82
デイサービス　ライフ,地域密着型デイサービス,山形県,新庄市,"介護,地域密着型デイサービス",日中に通って食事・入浴・機能訓練・見守りなどを受けるサービスです。,https://www.google.com/search?q=%E3%83%87%E3%82%A4%E3%82%B5%E3%83%BC%E3%83%93%E3%82%B9%E3%80%80%E3%83%A9%E3%82%A4%E3%83%95%20%E6%96%B0%E5%BA%84%E5%B8%82,山形県新庄市金沢2018-7,0233-29-8929,厚生労働省オープンデータ,https://www.mhlw.go.jp/content/12300000/jigyosho_780.csv,2025-12末,https://www.google.com/search?q=%E3%83%87%E3%82%A4%E3%82%B5%E3%83%BC%E3%83%93%E3%82%B9%E3%80%80%E3%83%A9%E3%82%A4%E3%83%95%20%E6%96%B0%E5%BA%84%E5%B8%82
デイサービス　すまいる,地域密着型デイサービス,山形県,新庄市,"介護,地域密着型デイサービス",日中に通って食事・入浴・機能訓練・見守りなどを受けるサービスです。,http://hp.kaipoke.biz/x7f/,山形県新庄市小田島町6番60号,0233-32-0283,厚生労働省オープンデータ,https://www.mhlw.go.jp/content/12300000/jigyosho_780.csv,2025-12末,https://www.google.com/search?q=%E3%83%87%E3%82%A4%E3%82%B5%E3%83%BC%E3%83%93%E3%82%B9%E3%80%80%E3%81%99%E3%81%BE%E3%81%84%E3%82%8B%20%E6%96%B0%E5%BA%84%E5%B8%82
通所介護「エブリデイズ」,地域密着型デイサービス,山形県,新庄市,"介護,地域密着型デイサービス",日中に通って食事・入浴・機能訓練・見守りなどを受けるサービスです。,https://www.google.com/search?q=%E9%80%9A%E6%89%80%E4%BB%8B%E8%AD%B7%E3%80%8C%E3%82%A8%E3%83%96%E3%83%AA%E3%83%87%E3%82%A4%E3%82%BA%E3%80%8D%20%E6%96%B0%E5%BA%84%E5%B8%82,山形県新庄市常葉町5-6,0233-22-7552,厚生労働省オープンデータ,https://www.mhlw.go.jp/content/12300000/jigyosho_780.csv,2025-12末,https://www.google.com/search?q=%E9%80%9A%E6%89%80%E4%BB%8B%E8%AD%B7%E3%80%8C%E3%82%A8%E3%83%96%E3%83%AA%E3%83%87%E3%82%A4%E3%82%BA%E3%80%8D%20%E6%96%B0%E5%BA%84%E5%B8%82
デイサービス　ふれあい,地域密着型デイサービス,山形県,新庄市,"介護,地域密着型デイサービス",日中に通って食事・入浴・機能訓練・見守りなどを受けるサービスです。,https://www.google.com/search?q=%E3%83%87%E3%82%A4%E3%82%B5%E3%83%BC%E3%83%93%E3%82%B9%E3%80%80%E3%81%B5%E3%82%8C%E3%81%82%E3%81%84%20%E6%96%B0%E5%BA%84%E5%B8%82,山形県新庄市下田町6-9,0233-23-0308,厚生労働省オープンデータ,https://www.mhlw.go.jp/content/12300000/jigyosho_780.csv,2025-12末,https://www.google.com/search?q=%E3%83%87%E3%82%A4%E3%82%B5%E3%83%BC%E3%83%93%E3%82%B9%E3%80%80%E3%81%B5%E3%82%8C%E3%81%82%E3%81%84%20%E6%96%B0%E5%BA%84%E5%B8%82
あおばディサービスセンター,地域密着型デイサービス,山形県,新庄市,"介護,地域密着型デイサービス",日中に通って食事・入浴・機能訓練・見守りなどを受けるサービスです。,note-aoba.com,山形県新庄市沼田町６－２２,0233-32-0658,厚生労働省オープンデータ,https://www.mhlw.go.jp/content/12300000/jigyosho_780.csv,2025-12末,https://www.google.com/search?q=%E3%81%82%E3%81%8A%E3%81%B0%E3%83%87%E3%82%A3%E3%82%B5%E3%83%BC%E3%83%93%E3%82%B9%E3%82%BB%E3%83%B3%E3%82%BF%E3%83%BC%20%E6%96%B0%E5%BA%84%E5%B8%82
デイサービス　ひかり,地域密着型デイサービス,山形県,寒河江市,"介護,地域密着型デイサービス",日中に通って食事・入浴・機能訓練・見守りなどを受けるサービスです。,https://www.google.com/search?q=%E3%83%87%E3%82%A4%E3%82%B5%E3%83%BC%E3%83%93%E3%82%B9%E3%80%80%E3%81%B2%E3%81%8B%E3%82%8A%20%E5%AF%92%E6%B2%B3%E6%B1%9F%E5%B8%82,山形県寒河江市大字寒河江字塩水60-1,0237-85-1251,厚生労働省オープンデータ,https://www.mhlw.go.jp/content/12300000/jigyosho_780.csv,2025-12末,https://www.google.com/search?q=%E3%83%87%E3%82%A4%E3%82%B5%E3%83%BC%E3%83%93%E3%82%B9%E3%80%80%E3%81%B2%E3%81%8B%E3%82%8A%20%E5%AF%92%E6%B2%B3%E6%B1%9F%E5%B8%82
茶ろん幸多,地域密着型デイサービス,山形県,寒河江市,"介護,地域密着型デイサービス",日中に通って食事・入浴・機能訓練・見守りなどを受けるサービスです。,https://www.google.com/search?q=%E8%8C%B6%E3%82%8D%E3%82%93%E5%B9%B8%E5%A4%9A%20%E5%AF%92%E6%B2%B3%E6%B1%9F%E5%B8%82,山形県寒河江市幸田町11番10,0237－85－1813,厚生労働省オープンデータ,https://www.mhlw.go.jp/content/12300000/jigyosho_780.csv,2025-12末,https://www.google.com/search?q=%E8%8C%B6%E3%82%8D%E3%82%93%E5%B9%B8%E5%A4%9A%20%E5%AF%92%E6%B2%B3%E6%B1%9F%E5%B8%82
陵東デイサービスセンター,地域密着型デイサービス,山形県,寒河江市,"介護,地域密着型デイサービス",日中に通って食事・入浴・機能訓練・見守りなどを受けるサービスです。,https://www.google.com/search?q=%E9%99%B5%E6%9D%B1%E3%83%87%E3%82%A4%E3%82%B5%E3%83%BC%E3%83%93%E3%82%B9%E3%82%BB%E3%83%B3%E3%82%BF%E3%83%BC%20%E5%AF%92%E6%B2%B3%E6%B1%9F%E5%B8%82,山形県寒河江市本町２丁目１０番４０号,０２３７－８５－１４５６,厚生労働省オープンデータ,https://www.mhlw.go.jp/content/12300000/jigyosho_780.csv,2025-12末,https://www.google.com/search?q=%E9%99%B5%E6%9D%B1%E3%83%87%E3%82%A4%E3%82%B5%E3%83%BC%E3%83%93%E3%82%B9%E3%82%BB%E3%83%B3%E3%82%BF%E3%83%BC%20%E5%AF%92%E6%B2%B3%E6%B1%9F%E5%B8%82
上山市社会福祉協議会デイサービスはやま,地域密着型デイサービス,山形県,上山市,"介護,地域密着型デイサービス",日中に通って食事・入浴・機能訓練・見守りなどを受けるサービスです。,http://care-net.biz/06/kaminoyama/,山形県上山市葉山５番７０号上山市老人福祉センター寿荘,023-673-3725,厚生労働省オープンデータ,https://www.mhlw.go.jp/content/12300000/jigyosho_780.csv,2025-12末,https://www.google.com/search?q=%E4%B8%8A%E5%B1%B1%E5%B8%82%E7%A4%BE%E4%BC%9A%E7%A6%8F%E7%A5%89%E5%8D%94%E8%AD%B0%E4%BC%9A%E3%83%87%E3%82%A4%E3%82%B5%E3%83%BC%E3%83%93%E3%82%B9%E3%81%AF%E3%82%84%E3%81%BE%20%E4%B8%8A%E5%B1%B1%E5%B8%82
小規模デイサービス　クオーレ伊佐沢,地域密着型デイサービス,山形県,長井市,"介護,地域密着型デイサービス",日中に通って食事・入浴・機能訓練・見守りなどを受けるサービスです。,https://www.google.com/search?q=%E5%B0%8F%E8%A6%8F%E6%A8%A1%E3%83%87%E3%82%A4%E3%82%B5%E3%83%BC%E3%83%93%E3%82%B9%E3%80%80%E3%82%AF%E3%82%AA%E3%83%BC%E3%83%AC%E4%BC%8A%E4%BD%90%E6%B2%A2%20%E9%95%B7%E4%BA%95%E5%B8%82,山形県長井市中伊佐沢字粡町2073,0238-87-0417,厚生労働省オープンデータ,https://www.mhlw.go.jp/content/12300000/jigyosho_780.csv,2025-12末,https://www.google.com/search?q=%E5%B0%8F%E8%A6%8F%E6%A8%A1%E3%83%87%E3%82%A4%E3%82%B5%E3%83%BC%E3%83%93%E3%82%B9%E3%80%80%E3%82%AF%E3%82%AA%E3%83%BC%E3%83%AC%E4%BC%8A%E4%BD%90%E6%B2%A2%20%E9%95%B7%E4%BA%95%E5%B8%82
デイサービスセンター風ぐるま平野,地域密着型デイサービス,山形県,長井市,"介護,地域密着型デイサービス",日中に通って食事・入浴・機能訓練・見守りなどを受けるサービスです。,https://curedream.com,山形県長井市九野本5461-5,0238-87-4800,厚生労働省オープンデータ,https://www.mhlw.go.jp/content/12300000/jigyosho_780.csv,2025-12末,https://www.google.com/search?q=%E3%83%87%E3%82%A4%E3%82%B5%E3%83%BC%E3%83%93%E3%82%B9%E3%82%BB%E3%83%B3%E3%82%BF%E3%83%BC%E9%A2%A8%E3%81%90%E3%82%8B%E3%81%BE%E5%B9%B3%E9%87%8E%20%E9%95%B7%E4%BA%95%E5%B8%82
小規模デイサービス河井の里,地域密着型デイサービス,山形県,長井市,"介護,地域密着型デイサービス",日中に通って食事・入浴・機能訓練・見守りなどを受けるサービスです。,https://www.google.com/search?q=%E5%B0%8F%E8%A6%8F%E6%A8%A1%E3%83%87%E3%82%A4%E3%82%B5%E3%83%BC%E3%83%93%E3%82%B9%E6%B2%B3%E4%BA%95%E3%81%AE%E9%87%8C%20%E9%95%B7%E4%BA%95%E5%B8%82,山形県長井市河井883番地,0238-88-9227,厚生労働省オープンデータ,https://www.mhlw.go.jp/content/12300000/jigyosho_780.csv,2025-12末,https://www.google.com/search?q=%E5%B0%8F%E8%A6%8F%E6%A8%A1%E3%83%87%E3%82%A4%E3%82%B5%E3%83%BC%E3%83%93%E3%82%B9%E6%B2%B3%E4%BA%95%E3%81%AE%E9%87%8C%20%E9%95%B7%E4%BA%95%E5%B8%82
ソーレホーム天童デイサービス,地域密着型デイサービス,山形県,天童市,"介護,地域密着型デイサービス",日中に通って食事・入浴・機能訓練・見守りなどを受けるサービスです。,https://www.sole.ne.jp,天童市桜町１番７号,023-674-6600,厚生労働省オープンデータ,https://www.mhlw.go.jp/content/12300000/jigyosho_780.csv,2025-12末,https://www.google.com/search?q=%E3%82%BD%E3%83%BC%E3%83%AC%E3%83%9B%E3%83%BC%E3%83%A0%E5%A4%A9%E7%AB%A5%E3%83%87%E3%82%A4%E3%82%B5%E3%83%BC%E3%83%93%E3%82%B9%20%E5%A4%A9%E7%AB%A5%E5%B8%82
天童　デイサービス　あさひの家,地域密着型デイサービス,山形県,天童市,"介護,地域密着型デイサービス",日中に通って食事・入浴・機能訓練・見守りなどを受けるサービスです。,http://asahinoie.care,山形県天童市五日町1-2-5,023-674-8040,厚生労働省オープンデータ,https://www.mhlw.go.jp/content/12300000/jigyosho_780.csv,2025-12末,https://www.google.com/search?q=%E5%A4%A9%E7%AB%A5%E3%80%80%E3%83%87%E3%82%A4%E3%82%B5%E3%83%BC%E3%83%93%E3%82%B9%E3%80%80%E3%81%82%E3%81%95%E3%81%B2%E3%81%AE%E5%AE%B6%20%E5%A4%A9%E7%AB%A5%E5%B8%82
ﾃﾞｲｻｰﾋﾞｽお茶のみ大学,地域密着型デイサービス,山形県,天童市,"介護,地域密着型デイサービス",日中に通って食事・入浴・機能訓練・見守りなどを受けるサービスです。,https://www.google.com/search?q=%EF%BE%83%EF%BE%9E%EF%BD%B2%EF%BD%BB%EF%BD%B0%EF%BE%8B%EF%BE%9E%EF%BD%BD%E3%81%8A%E8%8C%B6%E3%81%AE%E3%81%BF%E5%A4%A7%E5%AD%A6%20%E5%A4%A9%E7%AB%A5%E5%B8%82,山形県天童市北目4丁目７番22号,023-653-3378,厚生労働省オープンデータ,https://www.mhlw.go.jp/content/12300000/jigyosho_780.csv,2025-12末,https://www.google.com/search?q=%EF%BE%83%EF%BE%9E%EF%BD%B2%EF%BD%BB%EF%BD%B0%EF%BE%8B%EF%BE%9E%EF%BD%BD%E3%81%8A%E8%8C%B6%E3%81%AE%E3%81%BF%E5%A4%A7%E5%AD%A6%20%E5%A4%A9%E7%AB%A5%E5%B8%82
デイサービス　和っしょい,地域密着型デイサービス,山形県,東根市,"介護,地域密着型デイサービス",日中に通って食事・入浴・機能訓練・見守りなどを受けるサービスです。,wasshoi.biz,山形県東根市本丸南1-7-1,0237-53-8677,厚生労働省オープンデータ,https://www.mhlw.go.jp/content/12300000/jigyosho_780.csv,2025-12末,https://www.google.com/search?q=%E3%83%87%E3%82%A4%E3%82%B5%E3%83%BC%E3%83%93%E3%82%B9%E3%80%80%E5%92%8C%E3%81%A3%E3%81%97%E3%82%87%E3%81%84%20%E6%9D%B1%E6%A0%B9%E5%B8%82
にこにこファミリアデイサービス,地域密着型デイサービス,山形県,東根市,"介護,地域密着型デイサービス",日中に通って食事・入浴・機能訓練・見守りなどを受けるサービスです。,http://www.nikoniko-life.com,山形県東根市温泉町二丁目1-19,0237-53-1140,厚生労働省オープンデータ,https://www.mhlw.go.jp/content/12300000/jigyosho_780.csv,2025-12末,https://www.google.com/search?q=%E3%81%AB%E3%81%93%E3%81%AB%E3%81%93%E3%83%95%E3%82%A1%E3%83%9F%E3%83%AA%E3%82%A2%E3%83%87%E3%82%A4%E3%82%B5%E3%83%BC%E3%83%93%E3%82%B9%20%E6%9D%B1%E6%A0%B9%E5%B8%82
こぶし荘デイサービスセンター,地域密着型デイサービス,山形県,南陽市,"介護,地域密着型デイサービス",日中に通って食事・入浴・機能訓練・見守りなどを受けるサービスです。,http://www.kobushiso.jp/,山形県南陽市川樋508番地,0238-49-2460,厚生労働省オープンデータ,https://www.mhlw.go.jp/content/12300000/jigyosho_780.csv,2025-12末,https://www.google.com/search?q=%E3%81%93%E3%81%B6%E3%81%97%E8%8D%98%E3%83%87%E3%82%A4%E3%82%B5%E3%83%BC%E3%83%93%E3%82%B9%E3%82%BB%E3%83%B3%E3%82%BF%E3%83%BC%20%E5%8D%97%E9%99%BD%E5%B8%82
すがの介護サービス,地域密着型デイサービス,山形県,南陽市,"介護,地域密着型デイサービス",日中に通って食事・入浴・機能訓練・見守りなどを受けるサービスです。,https://www.google.com/search?q=%E3%81%99%E3%81%8C%E3%81%AE%E4%BB%8B%E8%AD%B7%E3%82%B5%E3%83%BC%E3%83%93%E3%82%B9%20%E5%8D%97%E9%99%BD%E5%B8%82,山形県南陽市若狭郷屋755-1,0238-43-7377,厚生労働省オープンデータ,https://www.mhlw.go.jp/content/12300000/jigyosho_780.csv,2025-12末,https://www.google.com/search?q=%E3%81%99%E3%81%8C%E3%81%AE%E4%BB%8B%E8%AD%B7%E3%82%B5%E3%83%BC%E3%83%93%E3%82%B9%20%E5%8D%97%E9%99%BD%E5%B8%82
セローム　すがの,地域密着型デイサービス,山形県,南陽市,"介護,地域密着型デイサービス",日中に通って食事・入浴・機能訓練・見守りなどを受けるサービスです。,https://www.google.com/search?q=%E3%82%BB%E3%83%AD%E3%83%BC%E3%83%A0%E3%80%80%E3%81%99%E3%81%8C%E3%81%AE%20%E5%8D%97%E9%99%BD%E5%B8%82,山形県南陽市若狭郷屋731-3,0238-43-7377,厚生労働省オープンデータ,https://www.mhlw.go.jp/content/12300000/jigyosho_780.csv,2025-12末,https://www.google.com/search?q=%E3%82%BB%E3%83%AD%E3%83%BC%E3%83%A0%E3%80%80%E3%81%99%E3%81%8C%E3%81%AE%20%E5%8D%97%E9%99%BD%E5%B8%82
スマイルやまのべデイサービス,地域密着型デイサービス,山形県,山辺町,"介護,地域密着型デイサービス",日中に通って食事・入浴・機能訓練・見守りなどを受けるサービスです。,http://smile-yamanobe.com/,山形県東村山郡山辺町大字山辺１３８０,023-667-0438,厚生労働省オープンデータ,https://www.mhlw.go.jp/content/12300000/jigyosho_780.csv,2025-12末,https://www.google.com/search?q=%E3%82%B9%E3%83%9E%E3%82%A4%E3%83%AB%E3%82%84%E3%81%BE%E3%81%AE%E3%81%B9%E3%83%87%E3%82%A4%E3%82%B5%E3%83%BC%E3%83%93%E3%82%B9%20%E5%B1%B1%E8%BE%BA%E7%94%BA
指定通所介護事業所「ちょうよう」,地域密着型デイサービス,山形県,河北町,"介護,地域密着型デイサービス",日中に通って食事・入浴・機能訓練・見守りなどを受けるサービスです。,http://www.tyoyoen.jp,山形県西村山郡河北町谷地字東704番地1,0237-72-3786,厚生労働省オープンデータ,https://www.mhlw.go.jp/content/12300000/jigyosho_780.csv,2025-12末,https://www.google.com/search?q=%E6%8C%87%E5%AE%9A%E9%80%9A%E6%89%80%E4%BB%8B%E8%AD%B7%E4%BA%8B%E6%A5%AD%E6%89%80%E3%80%8C%E3%81%A1%E3%82%87%E3%81%86%E3%82%88%E3%81%86%E3%80%8D%20%E6%B2%B3%E5%8C%97%E7%94%BA
通所介護事業所　「楽　校」,地域密着型デイサービス,山形県,大江町,"介護,地域密着型デイサービス",日中に通って食事・入浴・機能訓練・見守りなどを受けるサービスです。,https://www.google.com/search?q=%E9%80%9A%E6%89%80%E4%BB%8B%E8%AD%B7%E4%BA%8B%E6%A5%AD%E6%89%80%E3%80%80%E3%80%8C%E6%A5%BD%E3%80%80%E6%A0%A1%E3%80%8D%20%E5%A4%A7%E6%B1%9F%E7%94%BA,山形県西村山郡大江町大字左沢５２６番地,０２３７－８５－１７５２,厚生労働省オープンデータ,https://www.mhlw.go.jp/content/12300000/jigyosho_780.csv,2025-12末,https://www.google.com/search?q=%E9%80%9A%E6%89%80%E4%BB%8B%E8%AD%B7%E4%BA%8B%E6%A5%AD%E6%89%80%E3%80%80%E3%80%8C%E6%A5%BD%E3%80%80%E6%A0%A1%E3%80%8D%20%E5%A4%A7%E6%B1%9F%E7%94%BA
神室ふくすけの家,地域密着型デイサービス,山形県,金山町,"介護,地域密着型デイサービス",日中に通って食事・入浴・機能訓練・見守りなどを受けるサービスです。,https://www.google.com/search?q=%E7%A5%9E%E5%AE%A4%E3%81%B5%E3%81%8F%E3%81%99%E3%81%91%E3%81%AE%E5%AE%B6%20%E9%87%91%E5%B1%B1%E7%94%BA,山形県最上郡金山町大字金山465番地32,0233-64-2020,厚生労働省オープンデータ,https://www.mhlw.go.jp/content/12300000/jigyosho_780.csv,2025-12末,https://www.google.com/search?q=%E7%A5%9E%E5%AE%A4%E3%81%B5%E3%81%8F%E3%81%99%E3%81%91%E3%81%AE%E5%AE%B6%20%E9%87%91%E5%B1%B1%E7%94%BA
通所介護デイサービスもがみ,地域密着型デイサービス,山形県,最上町,"介護,地域密着型デイサービス",日中に通って食事・入浴・機能訓練・見守りなどを受けるサービスです。,http://www.tihiro.jp/hukusi/,山形県最上郡最上町大字大堀字蟹ノ又1360番地19,0233-44-9755,厚生労働省オープンデータ,https://www.mhlw.go.jp/content/12300000/jigyosho_780.csv,2025-12末,https://www.google.com/search?q=%E9%80%9A%E6%89%80%E4%BB%8B%E8%AD%B7%E3%83%87%E3%82%A4%E3%82%B5%E3%83%BC%E3%83%93%E3%82%B9%E3%82%82%E3%81%8C%E3%81%BF%20%E6%9C%80%E4%B8%8A%E7%94%BA
こはな,地域密着型デイサービス,山形県,戸沢村,"介護,地域密着型デイサービス",日中に通って食事・入浴・機能訓練・見守りなどを受けるサービスです。,https://www.google.com/search?q=%E3%81%93%E3%81%AF%E3%81%AA%20%E6%88%B8%E6%B2%A2%E6%9D%91,最上郡戸沢村大字角川１４３６番地,0233-32-0142,厚生労働省オープンデータ,https://www.mhlw.go.jp/content/12300000/jigyosho_780.csv,2025-12末,https://www.google.com/search?q=%E3%81%93%E3%81%AF%E3%81%AA%20%E6%88%B8%E6%B2%A2%E6%9D%91
デイサービスあっとほーむ太陽,地域密着型デイサービス,山形県,戸沢村,"介護,地域密着型デイサービス",日中に通って食事・入浴・機能訓練・見守りなどを受けるサービスです。,http://home-taiyou.or.jp,山形県最上郡戸沢村大字名高1347番地16号,0233-72-3556,厚生労働省オープンデータ,https://www.mhlw.go.jp/content/12300000/jigyosho_780.csv,2025-12末,https://www.google.com/search?q=%E3%83%87%E3%82%A4%E3%82%B5%E3%83%BC%E3%83%93%E3%82%B9%E3%81%82%E3%81%A3%E3%81%A8%E3%81%BB%E3%83%BC%E3%82%80%E5%A4%AA%E9%99%BD%20%E6%88%B8%E6%B2%A2%E6%9D%91
デイサービス彩り,地域密着型デイサービス,山形県,高畠町,"介護,地域密着型デイサービス",日中に通って食事・入浴・機能訓練・見守りなどを受けるサービスです。,http://www.t⁻h⁻t.jp/,山形県東置賜郡高畠町大字高畠173番地2,0238-40-0777,厚生労働省オープンデータ,https://www.mhlw.go.jp/content/12300000/jigyosho_780.csv,2025-12末,https://www.google.com/search?q=%E3%83%87%E3%82%A4%E3%82%B5%E3%83%BC%E3%83%93%E3%82%B9%E5%BD%A9%E3%82%8A%20%E9%AB%98%E7%95%A0%E7%94%BA
指定通所介護事業所特定非営利活動法人かたくりの会,地域密着型デイサービス,山形県,高畠町,"介護,地域密着型デイサービス",日中に通って食事・入浴・機能訓練・見守りなどを受けるサービスです。,https://www.google.com/search?q=%E6%8C%87%E5%AE%9A%E9%80%9A%E6%89%80%E4%BB%8B%E8%AD%B7%E4%BA%8B%E6%A5%AD%E6%89%80%E7%89%B9%E5%AE%9A%E9%9D%9E%E5%96%B6%E5%88%A9%E6%B4%BB%E5%8B%95%E6%B3%95%E4%BA%BA%E3%81%8B%E3%81%9F%E3%81%8F%E3%82%8A%E3%81%AE%E4%BC%9A%20%E9%AB%98%E7%95%A0%E7%94%BA,山形県東置賜郡高畠町大字元和田１５９９番地の２１号,0238-58-3555,厚生労働省オープンデータ,https://www.mhlw.go.jp/content/12300000/jigyosho_780.csv,2025-12末,https://www.google.com/search?q=%E6%8C%87%E5%AE%9A%E9%80%9A%E6%89%80%E4%BB%8B%E8%AD%B7%E4%BA%8B%E6%A5%AD%E6%89%80%E7%89%B9%E5%AE%9A%E9%9D%9E%E5%96%B6%E5%88%A9%E6%B4%BB%E5%8B%95%E6%B3%95%E4%BA%BA%E3%81%8B%E3%81%9F%E3%81%8F%E3%82%8A%E3%81%AE%E4%BC%9A%20%E9%AB%98%E7%95%A0%E7%94%BA
デイサービスセンター　そよ風の森,地域密着型デイサービス,山形県,川西町,"介護,地域密着型デイサービス",日中に通って食事・入浴・機能訓練・見守りなどを受けるサービスです。,http://soyokazenomo.jp,山形県東置賜郡川西町大字時田1417番地,0238-46-2121,厚生労働省オープンデータ,https://www.mhlw.go.jp/content/12300000/jigyosho_780.csv,2025-12末,https://www.google.com/search?q=%E3%83%87%E3%82%A4%E3%82%B5%E3%83%BC%E3%83%93%E3%82%B9%E3%82%BB%E3%83%B3%E3%82%BF%E3%83%BC%E3%80%80%E3%81%9D%E3%82%88%E9%A2%A8%E3%81%AE%E6%A3%AE%20%E5%B7%9D%E8%A5%BF%E7%94%BA
ケアステージとこしえ西大塚,地域密着型デイサービス,山形県,川西町,"介護,地域密着型デイサービス",日中に通って食事・入浴・機能訓練・見守りなどを受けるサービスです。,http://www.tokoshie.net,山形県東置賜郡川西町大字西大塚２３０１番地,0238-54-2225,厚生労働省オープンデータ,https://www.mhlw.go.jp/content/12300000/jigyosho_780.csv,2025-12末,https://www.google.com/search?q=%E3%82%B1%E3%82%A2%E3%82%B9%E3%83%86%E3%83%BC%E3%82%B8%E3%81%A8%E3%81%93%E3%81%97%E3%81%88%E8%A5%BF%E5%A4%A7%E5%A1%9A%20%E5%B7%9D%E8%A5%BF%E7%94%BA
リハビリデイサービスすがい,地域密着型デイサービス,山形県,白鷹町,"介護,地域密着型デイサービス",日中に通って食事・入浴・機能訓練・見守りなどを受けるサービスです。,https://www.google.com/search?q=%E3%83%AA%E3%83%8F%E3%83%93%E3%83%AA%E3%83%87%E3%82%A4%E3%82%B5%E3%83%BC%E3%83%93%E3%82%B9%E3%81%99%E3%81%8C%E3%81%84%20%E7%99%BD%E9%B7%B9%E7%94%BA,山形県西置賜郡白鷹町大字荒砥甲726番地3,0238-87-0883,厚生労働省オープンデータ,https://www.mhlw.go.jp/content/12300000/jigyosho_780.csv,2025-12末,https://www.google.com/search?q=%E3%83%AA%E3%83%8F%E3%83%93%E3%83%AA%E3%83%87%E3%82%A4%E3%82%B5%E3%83%BC%E3%83%93%E3%82%B9%E3%81%99%E3%81%8C%E3%81%84%20%E7%99%BD%E9%B7%B9%E7%94%BA
ディサービスセンターさわやかホーム,地域密着型デイサービス,山形県,飯豊町,"介護,地域密着型デイサービス",日中に通って食事・入浴・機能訓練・見守りなどを受けるサービスです。,https://www.google.com/search?q=%E3%83%87%E3%82%A3%E3%82%B5%E3%83%BC%E3%83%93%E3%82%B9%E3%82%BB%E3%83%B3%E3%82%BF%E3%83%BC%E3%81%95%E3%82%8F%E3%82%84%E3%81%8B%E3%83%9B%E3%83%BC%E3%83%A0%20%E9%A3%AF%E8%B1%8A%E7%94%BA,山形県西置賜郡飯豊町大字手ノ子１６５１-1番地,0238-75-2021,厚生労働省オープンデータ,https://www.mhlw.go.jp/content/12300000/jigyosho_780.csv,2025-12末,https://www.google.com/search?q=%E3%83%87%E3%82%A3%E3%82%B5%E3%83%BC%E3%83%93%E3%82%B9%E3%82%BB%E3%83%B3%E3%82%BF%E3%83%BC%E3%81%95%E3%82%8F%E3%82%84%E3%81%8B%E3%83%9B%E3%83%BC%E3%83%A0%20%E9%A3%AF%E8%B1%8A%E7%94%BA
デイホームのんき,地域密着型デイサービス,山形県,三川町,"介護,地域密着型デイサービス",日中に通って食事・入浴・機能訓練・見守りなどを受けるサービスです。,https://www.nodoka-nonki.co.jp/,山形県東田川郡三川町大字猪子字下堀田２３０－１,0235-68-1750,厚生労働省オープンデータ,https://www.mhlw.go.jp/content/12300000/jigyosho_780.csv,2025-12末,https://www.google.com/search?q=%E3%83%87%E3%82%A4%E3%83%9B%E3%83%BC%E3%83%A0%E3%81%AE%E3%82%93%E3%81%8D%20%E4%B8%89%E5%B7%9D%E7%94%BA
デイサービス燦燦,地域密着型デイサービス,山形県,遊佐町,"介護,地域密着型デイサービス",日中に通って食事・入浴・機能訓練・見守りなどを受けるサービスです。,http://www.msc33.co.jp,山形県飽海郡遊佐町遊佐字南大坪12-1,0234-72-5235,厚生労働省オープンデータ,https://www.mhlw.go.jp/content/12300000/jigyosho_780.csv,2025-12末,https://www.google.com/search?q=%E3%83%87%E3%82%A4%E3%82%B5%E3%83%BC%E3%83%93%E3%82%B9%E7%87%A6%E7%87%A6%20%E9%81%8A%E4%BD%90%E7%94%BA
