name,type,pref,city,tags,description,url,address,phone,source,source_url,last_updated,external_search
訪問看護ステーション　仁里,訪問看護,福井県,福井市,"介護,訪問看護,医療",看護師などが自宅へ訪問し、健康状態の確認や医療的ケア、療養生活の支援を行います。,https://www.google.com/search?q=%E8%A8%AA%E5%95%8F%E7%9C%8B%E8%AD%B7%E3%82%B9%E3%83%86%E3%83%BC%E3%82%B7%E3%83%A7%E3%83%B3%E3%80%80%E4%BB%81%E9%87%8C%20%E7%A6%8F%E4%BA%95%E5%B8%82,福井県福井市文京5丁目10番1号,0776-29-7004,厚生労働省オープンデータ,https://www.mhlw.go.jp/content/12300000/jigyosho_130.csv,2025-12末,https://www.google.com/search?q=%E8%A8%AA%E5%95%8F%E7%9C%8B%E8%AD%B7%E3%82%B9%E3%83%86%E3%83%BC%E3%82%B7%E3%83%A7%E3%83%B3%E3%80%80%E4%BB%81%E9%87%8C%20%E7%A6%8F%E4%BA%95%E5%B8%82
しみず訪問看護ステーション,訪問看護,福井県,福井市,"介護,訪問看護,医療",看護師などが自宅へ訪問し、健康状態の確認や医療的ケア、療養生活の支援を行います。,https://www.google.com/search?q=%E3%81%97%E3%81%BF%E3%81%9A%E8%A8%AA%E5%95%8F%E7%9C%8B%E8%AD%B7%E3%82%B9%E3%83%86%E3%83%BC%E3%82%B7%E3%83%A7%E3%83%B3%20%E7%A6%8F%E4%BA%95%E5%B8%82,福井市グリーンハイツ4丁目174番,0776-98-7500,厚生労働省オープンデータ,https://www.mhlw.go.jp/content/12300000/jigyosho_130.csv,2025-12末,https://www.google.com/search?q=%E3%81%97%E3%81%BF%E3%81%9A%E8%A8%AA%E5%95%8F%E7%9C%8B%E8%AD%B7%E3%82%B9%E3%83%86%E3%83%BC%E3%82%B7%E3%83%A7%E3%83%B3%20%E7%A6%8F%E4%BA%95%E5%B8%82
訪問看護ステーションりりいふ,訪問看護,福井県,福井市,"介護,訪問看護,医療",看護師などが自宅へ訪問し、健康状態の確認や医療的ケア、療養生活の支援を行います。,https://www.ririihu.com/,福井県福井市御幸２丁目１７－２２植原ビル１F‐C号室,0776-76-2166,厚生労働省オープンデータ,https://www.mhlw.go.jp/content/12300000/jigyosho_130.csv,2025-12末,https://www.google.com/search?q=%E8%A8%AA%E5%95%8F%E7%9C%8B%E8%AD%B7%E3%82%B9%E3%83%86%E3%83%BC%E3%82%B7%E3%83%A7%E3%83%B3%E3%82%8A%E3%82%8A%E3%81%84%E3%81%B5%20%E7%A6%8F%E4%BA%95%E5%B8%82
ほのか訪問看護ステーション,訪問看護,福井県,福井市,"介護,訪問看護,医療",看護師などが自宅へ訪問し、健康状態の確認や医療的ケア、療養生活の支援を行います。,http://www.care-unit.com/,三郎丸2-401,0776-28-5522,厚生労働省オープンデータ,https://www.mhlw.go.jp/content/12300000/jigyosho_130.csv,2025-12末,https://www.google.com/search?q=%E3%81%BB%E3%81%AE%E3%81%8B%E8%A8%AA%E5%95%8F%E7%9C%8B%E8%AD%B7%E3%82%B9%E3%83%86%E3%83%BC%E3%82%B7%E3%83%A7%E3%83%B3%20%E7%A6%8F%E4%BA%95%E5%B8%82
訪問看護ステーションやわらぎ,訪問看護,福井県,福井市,"介護,訪問看護,医療",看護師などが自宅へ訪問し、健康状態の確認や医療的ケア、療養生活の支援を行います。,https://rokujyokoseikai.jp/nursing/,福井県福井市下六条町217番4,0776-43-9570,厚生労働省オープンデータ,https://www.mhlw.go.jp/content/12300000/jigyosho_130.csv,2025-12末,https://www.google.com/search?q=%E8%A8%AA%E5%95%8F%E7%9C%8B%E8%AD%B7%E3%82%B9%E3%83%86%E3%83%BC%E3%82%B7%E3%83%A7%E3%83%B3%E3%82%84%E3%82%8F%E3%82%89%E3%81%8E%20%E7%A6%8F%E4%BA%95%E5%B8%82
訪問看護ステーションデューン福井,訪問看護,福井県,福井市,"介護,訪問看護,医療",看護師などが自宅へ訪問し、健康状態の確認や医療的ケア、療養生活の支援を行います。,https://www.google.com/search?q=%E8%A8%AA%E5%95%8F%E7%9C%8B%E8%AD%B7%E3%82%B9%E3%83%86%E3%83%BC%E3%82%B7%E3%83%A7%E3%83%B3%E3%83%87%E3%83%A5%E3%83%BC%E3%83%B3%E7%A6%8F%E4%BA%95%20%E7%A6%8F%E4%BA%95%E5%B8%82,福井県福井市日之出1-29-1KIMURAビル2階,0776-25-2012,厚生労働省オープンデータ,https://www.mhlw.go.jp/content/12300000/jigyosho_130.csv,2025-12末,https://www.google.com/search?q=%E8%A8%AA%E5%95%8F%E7%9C%8B%E8%AD%B7%E3%82%B9%E3%83%86%E3%83%BC%E3%82%B7%E3%83%A7%E3%83%B3%E3%83%87%E3%83%A5%E3%83%BC%E3%83%B3%E7%A6%8F%E4%BA%95%20%E7%A6%8F%E4%BA%95%E5%B8%82
たわらまち整形外科・内科クリニック,訪問看護,福井県,福井市,"介護,訪問看護,医療",看護師などが自宅へ訪問し、健康状態の確認や医療的ケア、療養生活の支援を行います。,https://www.tawaramachi.jp,福井市文京２丁目１番１５号,0776-22-2666,厚生労働省オープンデータ,https://www.mhlw.go.jp/content/12300000/jigyosho_130.csv,2025-12末,https://www.google.com/search?q=%E3%81%9F%E3%82%8F%E3%82%89%E3%81%BE%E3%81%A1%E6%95%B4%E5%BD%A2%E5%A4%96%E7%A7%91%E3%83%BB%E5%86%85%E7%A7%91%E3%82%AF%E3%83%AA%E3%83%8B%E3%83%83%E3%82%AF%20%E7%A6%8F%E4%BA%95%E5%B8%82
訪問看護ステーションりんごの木,訪問看護,福井県,福井市,"介護,訪問看護,医療",看護師などが自宅へ訪問し、健康状態の確認や医療的ケア、療養生活の支援を行います。,https://www.ringoemori.com/,福井県吉田郡永平寺町松岡松ヶ原1-307,0776-61-6060,厚生労働省オープンデータ,https://www.mhlw.go.jp/content/12300000/jigyosho_130.csv,2025-12末,https://www.google.com/search?q=%E8%A8%AA%E5%95%8F%E7%9C%8B%E8%AD%B7%E3%82%B9%E3%83%86%E3%83%BC%E3%82%B7%E3%83%A7%E3%83%B3%E3%82%8A%E3%82%93%E3%81%94%E3%81%AE%E6%9C%A8%20%E7%A6%8F%E4%BA%95%E5%B8%82
ケアパイプ訪問看護ステーション,訪問看護,福井県,福井市,"介護,訪問看護,医療",看護師などが自宅へ訪問し、健康状態の確認や医療的ケア、療養生活の支援を行います。,https://liaccompany.com/carepipe.fukui/,福井県福井市板垣4丁目602SHIRAKABA105号室,0776-50-7645,厚生労働省オープンデータ,https://www.mhlw.go.jp/content/12300000/jigyosho_130.csv,2025-12末,https://www.google.com/search?q=%E3%82%B1%E3%82%A2%E3%83%91%E3%82%A4%E3%83%97%E8%A8%AA%E5%95%8F%E7%9C%8B%E8%AD%B7%E3%82%B9%E3%83%86%E3%83%BC%E3%82%B7%E3%83%A7%E3%83%B3%20%E7%A6%8F%E4%BA%95%E5%B8%82
ＳＯＭＰＯケア　福井　訪問看護,訪問看護,福井県,福井市,"介護,訪問看護,医療",看護師などが自宅へ訪問し、健康状態の確認や医療的ケア、療養生活の支援を行います。,http://www.sompocare.com,福井県福井市城東一丁目２番１３号,0776-91-1003,厚生労働省オープンデータ,https://www.mhlw.go.jp/content/12300000/jigyosho_130.csv,2025-12末,https://www.google.com/search?q=%EF%BC%B3%EF%BC%AF%EF%BC%AD%EF%BC%B0%EF%BC%AF%E3%82%B1%E3%82%A2%E3%80%80%E7%A6%8F%E4%BA%95%E3%80%80%E8%A8%AA%E5%95%8F%E7%9C%8B%E8%AD%B7%20%E7%A6%8F%E4%BA%95%E5%B8%82
地域看護ステーションみかんの木,訪問看護,福井県,福井市,"介護,訪問看護,医療",看護師などが自宅へ訪問し、健康状態の確認や医療的ケア、療養生活の支援を行います。,http://orangeclinic.jp,福井県福井市田原1-2-20オレンジホームケアクリニック,0776-21-3533,厚生労働省オープンデータ,https://www.mhlw.go.jp/content/12300000/jigyosho_130.csv,2025-12末,https://www.google.com/search?q=%E5%9C%B0%E5%9F%9F%E7%9C%8B%E8%AD%B7%E3%82%B9%E3%83%86%E3%83%BC%E3%82%B7%E3%83%A7%E3%83%B3%E3%81%BF%E3%81%8B%E3%82%93%E3%81%AE%E6%9C%A8%20%E7%A6%8F%E4%BA%95%E5%B8%82
こぱんだ訪問看護ステーション,訪問看護,福井県,福井市,"介護,訪問看護,医療",看護師などが自宅へ訪問し、健康状態の確認や医療的ケア、療養生活の支援を行います。,https://copanda.jp,福井県福井市若杉2丁目1313,0776-65-4510,厚生労働省オープンデータ,https://www.mhlw.go.jp/content/12300000/jigyosho_130.csv,2025-12末,https://www.google.com/search?q=%E3%81%93%E3%81%B1%E3%82%93%E3%81%A0%E8%A8%AA%E5%95%8F%E7%9C%8B%E8%AD%B7%E3%82%B9%E3%83%86%E3%83%BC%E3%82%B7%E3%83%A7%E3%83%B3%20%E7%A6%8F%E4%BA%95%E5%B8%82
訪問看護ステーションゆい,訪問看護,福井県,福井市,"介護,訪問看護,医療",看護師などが自宅へ訪問し、健康状態の確認や医療的ケア、療養生活の支援を行います。,https://yui-maru-2021.com/,福井県福井市舟橋1丁目304,0776503549,厚生労働省オープンデータ,https://www.mhlw.go.jp/content/12300000/jigyosho_130.csv,2025-12末,https://www.google.com/search?q=%E8%A8%AA%E5%95%8F%E7%9C%8B%E8%AD%B7%E3%82%B9%E3%83%86%E3%83%BC%E3%82%B7%E3%83%A7%E3%83%B3%E3%82%86%E3%81%84%20%E7%A6%8F%E4%BA%95%E5%B8%82
訪問看護あさがおステーション,訪問看護,福井県,福井市,"介護,訪問看護,医療",看護師などが自宅へ訪問し、健康状態の確認や医療的ケア、療養生活の支援を行います。,asagao@fukui-medix.com,福井市新保町１９字３５番１,0776-54-6300,厚生労働省オープンデータ,https://www.mhlw.go.jp/content/12300000/jigyosho_130.csv,2025-12末,https://www.google.com/search?q=%E8%A8%AA%E5%95%8F%E7%9C%8B%E8%AD%B7%E3%81%82%E3%81%95%E3%81%8C%E3%81%8A%E3%82%B9%E3%83%86%E3%83%BC%E3%82%B7%E3%83%A7%E3%83%B3%20%E7%A6%8F%E4%BA%95%E5%B8%82
みどりの森訪問看護ステ－ション,訪問看護,福井県,福井市,"介護,訪問看護,医療",看護師などが自宅へ訪問し、健康状態の確認や医療的ケア、療養生活の支援を行います。,http://www.fmatsubara.com/,福井市文京２丁目６番１０号みどりの森　２階,0776-28-7211,厚生労働省オープンデータ,https://www.mhlw.go.jp/content/12300000/jigyosho_130.csv,2025-12末,https://www.google.com/search?q=%E3%81%BF%E3%81%A9%E3%82%8A%E3%81%AE%E6%A3%AE%E8%A8%AA%E5%95%8F%E7%9C%8B%E8%AD%B7%E3%82%B9%E3%83%86%EF%BC%8D%E3%82%B7%E3%83%A7%E3%83%B3%20%E7%A6%8F%E4%BA%95%E5%B8%82
訪問看護ステーションkizuna（きずな）,訪問看護,福井県,福井市,"介護,訪問看護,医療",看護師などが自宅へ訪問し、健康状態の確認や医療的ケア、療養生活の支援を行います。,https://www.minorinokizuna.com,福井県福井市新田塚１丁目55-1,0776-76-8808,厚生労働省オープンデータ,https://www.mhlw.go.jp/content/12300000/jigyosho_130.csv,2025-12末,https://www.google.com/search?q=%E8%A8%AA%E5%95%8F%E7%9C%8B%E8%AD%B7%E3%82%B9%E3%83%86%E3%83%BC%E3%82%B7%E3%83%A7%E3%83%B3kizuna%EF%BC%88%E3%81%8D%E3%81%9A%E3%81%AA%EF%BC%89%20%E7%A6%8F%E4%BA%95%E5%B8%82
訪問看護ステーションハートりんく,訪問看護,福井県,福井市,"介護,訪問看護,医療",看護師などが自宅へ訪問し、健康状態の確認や医療的ケア、療養生活の支援を行います。,https://heartlink.life,福井県福井市江端町32-42,0776-43-6990,厚生労働省オープンデータ,https://www.mhlw.go.jp/content/12300000/jigyosho_130.csv,2025-12末,https://www.google.com/search?q=%E8%A8%AA%E5%95%8F%E7%9C%8B%E8%AD%B7%E3%82%B9%E3%83%86%E3%83%BC%E3%82%B7%E3%83%A7%E3%83%B3%E3%83%8F%E3%83%BC%E3%83%88%E3%82%8A%E3%82%93%E3%81%8F%20%E7%A6%8F%E4%BA%95%E5%B8%82
訪問看護ひまわりステーション,訪問看護,福井県,福井市,"介護,訪問看護,医療",看護師などが自宅へ訪問し、健康状態の確認や医療的ケア、療養生活の支援を行います。,http://www.koseikaigroup.jp,福井市下六条町217番地,0776-41-8484,厚生労働省オープンデータ,https://www.mhlw.go.jp/content/12300000/jigyosho_130.csv,2025-12末,https://www.google.com/search?q=%E8%A8%AA%E5%95%8F%E7%9C%8B%E8%AD%B7%E3%81%B2%E3%81%BE%E3%82%8F%E3%82%8A%E3%82%B9%E3%83%86%E3%83%BC%E3%82%B7%E3%83%A7%E3%83%B3%20%E7%A6%8F%E4%BA%95%E5%B8%82
新田塚訪問看護ステーション,訪問看護,福井県,福井市,"介護,訪問看護,医療",看護師などが自宅へ訪問し、健康状態の確認や医療的ケア、療養生活の支援を行います。,www.f-gh.jp,福井市新田塚1-42-1,0776-22-8457,厚生労働省オープンデータ,https://www.mhlw.go.jp/content/12300000/jigyosho_130.csv,2025-12末,https://www.google.com/search?q=%E6%96%B0%E7%94%B0%E5%A1%9A%E8%A8%AA%E5%95%8F%E7%9C%8B%E8%AD%B7%E3%82%B9%E3%83%86%E3%83%BC%E3%82%B7%E3%83%A7%E3%83%B3%20%E7%A6%8F%E4%BA%95%E5%B8%82
光陽訪問看護ステーション,訪問看護,福井県,福井市,"介護,訪問看護,医療",看護師などが自宅へ訪問し、健康状態の確認や医療的ケア、療養生活の支援を行います。,http://www.fukui-min-iren.com/iryouseikyou/,福井市光陽３丁目９－２３,0776-24-9996,厚生労働省オープンデータ,https://www.mhlw.go.jp/content/12300000/jigyosho_130.csv,2025-12末,https://www.google.com/search?q=%E5%85%89%E9%99%BD%E8%A8%AA%E5%95%8F%E7%9C%8B%E8%AD%B7%E3%82%B9%E3%83%86%E3%83%BC%E3%82%B7%E3%83%A7%E3%83%B3%20%E7%A6%8F%E4%BA%95%E5%B8%82
福井赤十字訪問看護ステーション,訪問看護,福井県,福井市,"介護,訪問看護,医療",看護師などが自宅へ訪問し、健康状態の確認や医療的ケア、療養生活の支援を行います。,http://www.fukui-med.jrc.or.jp/,福井市月見２丁目４番１号,0776-36-1602,厚生労働省オープンデータ,https://www.mhlw.go.jp/content/12300000/jigyosho_130.csv,2025-12末,https://www.google.com/search?q=%E7%A6%8F%E4%BA%95%E8%B5%A4%E5%8D%81%E5%AD%97%E8%A8%AA%E5%95%8F%E7%9C%8B%E8%AD%B7%E3%82%B9%E3%83%86%E3%83%BC%E3%82%B7%E3%83%A7%E3%83%B3%20%E7%A6%8F%E4%BA%95%E5%B8%82
いちご訪問看護ステーション,訪問看護,福井県,福井市,"介護,訪問看護,医療",看護師などが自宅へ訪問し、健康状態の確認や医療的ケア、療養生活の支援を行います。,http://www.kenkoukai.or.jp,福井市西方1丁目2-11いちご在宅支援センター4階,0776-20-1100,厚生労働省オープンデータ,https://www.mhlw.go.jp/content/12300000/jigyosho_130.csv,2025-12末,https://www.google.com/search?q=%E3%81%84%E3%81%A1%E3%81%94%E8%A8%AA%E5%95%8F%E7%9C%8B%E8%AD%B7%E3%82%B9%E3%83%86%E3%83%BC%E3%82%B7%E3%83%A7%E3%83%B3%20%E7%A6%8F%E4%BA%95%E5%B8%82
ひかり訪問看護ステーション板垣,訪問看護,福井県,福井市,"介護,訪問看護,医療",看護師などが自宅へ訪問し、健康状態の確認や医療的ケア、療養生活の支援を行います。,https://www.hikarigroup.jp,福井県福井市板垣5丁目201番地,0776-33-1610,厚生労働省オープンデータ,https://www.mhlw.go.jp/content/12300000/jigyosho_130.csv,2025-12末,https://www.google.com/search?q=%E3%81%B2%E3%81%8B%E3%82%8A%E8%A8%AA%E5%95%8F%E7%9C%8B%E8%AD%B7%E3%82%B9%E3%83%86%E3%83%BC%E3%82%B7%E3%83%A7%E3%83%B3%E6%9D%BF%E5%9E%A3%20%E7%A6%8F%E4%BA%95%E5%B8%82
千寿訪問看護ステーション,訪問看護,福井県,福井市,"介護,訪問看護,医療",看護師などが自宅へ訪問し、健康状態の確認や医療的ケア、療養生活の支援を行います。,http://www.senjukai.com,福井県福井市川合鷲塚町49-5,0776-55-1050,厚生労働省オープンデータ,https://www.mhlw.go.jp/content/12300000/jigyosho_130.csv,2025-12末,https://www.google.com/search?q=%E5%8D%83%E5%AF%BF%E8%A8%AA%E5%95%8F%E7%9C%8B%E8%AD%B7%E3%82%B9%E3%83%86%E3%83%BC%E3%82%B7%E3%83%A7%E3%83%B3%20%E7%A6%8F%E4%BA%95%E5%B8%82
訪問看護ステーション　あったかホームひまわり,訪問看護,福井県,福井市,"介護,訪問看護,医療",看護師などが自宅へ訪問し、健康状態の確認や医療的ケア、療養生活の支援を行います。,https://www.google.com/search?q=%E8%A8%AA%E5%95%8F%E7%9C%8B%E8%AD%B7%E3%82%B9%E3%83%86%E3%83%BC%E3%82%B7%E3%83%A7%E3%83%B3%E3%80%80%E3%81%82%E3%81%A3%E3%81%9F%E3%81%8B%E3%83%9B%E3%83%BC%E3%83%A0%E3%81%B2%E3%81%BE%E3%82%8F%E3%82%8A%20%E7%A6%8F%E4%BA%95%E5%B8%82,福井県福井市下馬3丁目2302番地,0776-33-6515,厚生労働省オープンデータ,https://www.mhlw.go.jp/content/12300000/jigyosho_130.csv,2025-12末,https://www.google.com/search?q=%E8%A8%AA%E5%95%8F%E7%9C%8B%E8%AD%B7%E3%82%B9%E3%83%86%E3%83%BC%E3%82%B7%E3%83%A7%E3%83%B3%E3%80%80%E3%81%82%E3%81%A3%E3%81%9F%E3%81%8B%E3%83%9B%E3%83%BC%E3%83%A0%E3%81%B2%E3%81%BE%E3%82%8F%E3%82%8A%20%E7%A6%8F%E4%BA%95%E5%B8%82
訪問看護ステーションけやき,訪問看護,福井県,福井市,"介護,訪問看護,医療",看護師などが自宅へ訪問し、健康状態の確認や医療的ケア、療養生活の支援を行います。,https://www.shine-fukui.com/,福井県福井市上森田6丁目109番地,0776-97-8425,厚生労働省オープンデータ,https://www.mhlw.go.jp/content/12300000/jigyosho_130.csv,2025-12末,https://www.google.com/search?q=%E8%A8%AA%E5%95%8F%E7%9C%8B%E8%AD%B7%E3%82%B9%E3%83%86%E3%83%BC%E3%82%B7%E3%83%A7%E3%83%B3%E3%81%91%E3%82%84%E3%81%8D%20%E7%A6%8F%E4%BA%95%E5%B8%82
新世紀ケア＋,訪問看護,福井県,福井市,"介護,訪問看護,医療",看護師などが自宅へ訪問し、健康状態の確認や医療的ケア、療養生活の支援を行います。,https://www.big-advance.site/s/163/1455,福井県福井市栗森1丁目102番地,0776-63-5227,厚生労働省オープンデータ,https://www.mhlw.go.jp/content/12300000/jigyosho_130.csv,2025-12末,https://www.google.com/search?q=%E6%96%B0%E4%B8%96%E7%B4%80%E3%82%B1%E3%82%A2%EF%BC%8B%20%E7%A6%8F%E4%BA%95%E5%B8%82
訪問看護ステーション　元気と笑顔,訪問看護,福井県,福井市,"介護,訪問看護,医療",看護師などが自宅へ訪問し、健康状態の確認や医療的ケア、療養生活の支援を行います。,genkitoegao-houkan-yotsui.com,福井県福井市四ツ井２丁目１１－１１,0776-89-1325,厚生労働省オープンデータ,https://www.mhlw.go.jp/content/12300000/jigyosho_130.csv,2025-12末,https://www.google.com/search?q=%E8%A8%AA%E5%95%8F%E7%9C%8B%E8%AD%B7%E3%82%B9%E3%83%86%E3%83%BC%E3%82%B7%E3%83%A7%E3%83%B3%E3%80%80%E5%85%83%E6%B0%97%E3%81%A8%E7%AC%91%E9%A1%94%20%E7%A6%8F%E4%BA%95%E5%B8%82
訪問看護ステーションわかすぎ,訪問看護,福井県,福井市,"介護,訪問看護,医療",看護師などが自宅へ訪問し、健康状態の確認や医療的ケア、療養生活の支援を行います。,http://www.arigatou-ltd.co.jp,福井県福井市若杉4丁目1602番地,0776-33-0710,厚生労働省オープンデータ,https://www.mhlw.go.jp/content/12300000/jigyosho_130.csv,2025-12末,https://www.google.com/search?q=%E8%A8%AA%E5%95%8F%E7%9C%8B%E8%AD%B7%E3%82%B9%E3%83%86%E3%83%BC%E3%82%B7%E3%83%A7%E3%83%B3%E3%82%8F%E3%81%8B%E3%81%99%E3%81%8E%20%E7%A6%8F%E4%BA%95%E5%B8%82
訪問看護ステーションほがらか,訪問看護,福井県,福井市,"介護,訪問看護,医療",看護師などが自宅へ訪問し、健康状態の確認や医療的ケア、療養生活の支援を行います。,https://hogaraka-heart.jp/,福井県福井市西谷２丁目４０４番地西谷ビルディング,0776-50-7750,厚生労働省オープンデータ,https://www.mhlw.go.jp/content/12300000/jigyosho_130.csv,2025-12末,https://www.google.com/search?q=%E8%A8%AA%E5%95%8F%E7%9C%8B%E8%AD%B7%E3%82%B9%E3%83%86%E3%83%BC%E3%82%B7%E3%83%A7%E3%83%B3%E3%81%BB%E3%81%8C%E3%82%89%E3%81%8B%20%E7%A6%8F%E4%BA%95%E5%B8%82
ハート訪問看護ステーション,訪問看護,福井県,福井市,"介護,訪問看護,医療",看護師などが自宅へ訪問し、健康状態の確認や医療的ケア、療養生活の支援を行います。,heart-houkan@fcvc.or.jp,福井県福井市新保2丁目228番地,0776-54-3360,厚生労働省オープンデータ,https://www.mhlw.go.jp/content/12300000/jigyosho_130.csv,2025-12末,https://www.google.com/search?q=%E3%83%8F%E3%83%BC%E3%83%88%E8%A8%AA%E5%95%8F%E7%9C%8B%E8%AD%B7%E3%82%B9%E3%83%86%E3%83%BC%E3%82%B7%E3%83%A7%E3%83%B3%20%E7%A6%8F%E4%BA%95%E5%B8%82
花園訪問看護ステーション,訪問看護,福井県,福井市,"介護,訪問看護,医療",看護師などが自宅へ訪問し、健康状態の確認や医療的ケア、療養生活の支援を行います。,https://www.google.com/search?q=%E8%8A%B1%E5%9C%92%E8%A8%AA%E5%95%8F%E7%9C%8B%E8%AD%B7%E3%82%B9%E3%83%86%E3%83%BC%E3%82%B7%E3%83%A7%E3%83%B3%20%E7%A6%8F%E4%BA%95%E5%B8%82,福井県福井市松本１丁目５５番５号,0776-37-3150,厚生労働省オープンデータ,https://www.mhlw.go.jp/content/12300000/jigyosho_130.csv,2025-12末,https://www.google.com/search?q=%E8%8A%B1%E5%9C%92%E8%A8%AA%E5%95%8F%E7%9C%8B%E8%AD%B7%E3%82%B9%E3%83%86%E3%83%BC%E3%82%B7%E3%83%A7%E3%83%B3%20%E7%A6%8F%E4%BA%95%E5%B8%82
ケンコウ訪問看護ステーション,訪問看護,福井県,福井市,"介護,訪問看護,医療",看護師などが自宅へ訪問し、健康状態の確認や医療的ケア、療養生活の支援を行います。,https://www.google.com/search?q=%E3%82%B1%E3%83%B3%E3%82%B3%E3%82%A6%E8%A8%AA%E5%95%8F%E7%9C%8B%E8%AD%B7%E3%82%B9%E3%83%86%E3%83%BC%E3%82%B7%E3%83%A7%E3%83%B3%20%E7%A6%8F%E4%BA%95%E5%B8%82,福井県福井市大手2-15-11,0776-50-2507,厚生労働省オープンデータ,https://www.mhlw.go.jp/content/12300000/jigyosho_130.csv,2025-12末,https://www.google.com/search?q=%E3%82%B1%E3%83%B3%E3%82%B3%E3%82%A6%E8%A8%AA%E5%95%8F%E7%9C%8B%E8%AD%B7%E3%82%B9%E3%83%86%E3%83%BC%E3%82%B7%E3%83%A7%E3%83%B3%20%E7%A6%8F%E4%BA%95%E5%B8%82
訪問看護中央ステーション,訪問看護,福井県,福井市,"介護,訪問看護,医療",看護師などが自宅へ訪問し、健康状態の確認や医療的ケア、療養生活の支援を行います。,https://fukui-medix.com,福井市手寄1丁目7番23号駅東さくらビル,0776-50-7551,厚生労働省オープンデータ,https://www.mhlw.go.jp/content/12300000/jigyosho_130.csv,2025-12末,https://www.google.com/search?q=%E8%A8%AA%E5%95%8F%E7%9C%8B%E8%AD%B7%E4%B8%AD%E5%A4%AE%E3%82%B9%E3%83%86%E3%83%BC%E3%82%B7%E3%83%A7%E3%83%B3%20%E7%A6%8F%E4%BA%95%E5%B8%82
花訪問看護ステーション,訪問看護,福井県,福井市,"介護,訪問看護,医療",看護師などが自宅へ訪問し、健康状態の確認や医療的ケア、療養生活の支援を行います。,https://hana-nurse.com/,福井県福井市文京5丁目17-26,0776-28-5087,厚生労働省オープンデータ,https://www.mhlw.go.jp/content/12300000/jigyosho_130.csv,2025-12末,https://www.google.com/search?q=%E8%8A%B1%E8%A8%AA%E5%95%8F%E7%9C%8B%E8%AD%B7%E3%82%B9%E3%83%86%E3%83%BC%E3%82%B7%E3%83%A7%E3%83%B3%20%E7%A6%8F%E4%BA%95%E5%B8%82
大和田訪問看護ステーション,訪問看護,福井県,福井市,"介護,訪問看護,医療",看護師などが自宅へ訪問し、健康状態の確認や医療的ケア、療養生活の支援を行います。,http://www.yasukawa-hospital.jp/,福井県福井市大和田２丁目１０８番地,0776-52-2808,厚生労働省オープンデータ,https://www.mhlw.go.jp/content/12300000/jigyosho_130.csv,2025-12末,https://www.google.com/search?q=%E5%A4%A7%E5%92%8C%E7%94%B0%E8%A8%AA%E5%95%8F%E7%9C%8B%E8%AD%B7%E3%82%B9%E3%83%86%E3%83%BC%E3%82%B7%E3%83%A7%E3%83%B3%20%E7%A6%8F%E4%BA%95%E5%B8%82
あーる訪問看護ステーション,訪問看護,福井県,福井市,"介護,訪問看護,医療",看護師などが自宅へ訪問し、健康状態の確認や医療的ケア、療養生活の支援を行います。,aru-houkan.com,福井県福井市和田東2丁目1711番HASビル201号,050-8882-7356,厚生労働省オープンデータ,https://www.mhlw.go.jp/content/12300000/jigyosho_130.csv,2025-12末,https://www.google.com/search?q=%E3%81%82%E3%83%BC%E3%82%8B%E8%A8%AA%E5%95%8F%E7%9C%8B%E8%AD%B7%E3%82%B9%E3%83%86%E3%83%BC%E3%82%B7%E3%83%A7%E3%83%B3%20%E7%A6%8F%E4%BA%95%E5%B8%82
福井県済生会訪問看護ステーション,訪問看護,福井県,福井市,"介護,訪問看護,医療",看護師などが自宅へ訪問し、健康状態の確認や医療的ケア、療養生活の支援を行います。,http://www.fukui-saiseikai.com,福井市和田中町舟橋７番地１,0776-27-5253,厚生労働省オープンデータ,https://www.mhlw.go.jp/content/12300000/jigyosho_130.csv,2025-12末,https://www.google.com/search?q=%E7%A6%8F%E4%BA%95%E7%9C%8C%E6%B8%88%E7%94%9F%E4%BC%9A%E8%A8%AA%E5%95%8F%E7%9C%8B%E8%AD%B7%E3%82%B9%E3%83%86%E3%83%BC%E3%82%B7%E3%83%A7%E3%83%B3%20%E7%A6%8F%E4%BA%95%E5%B8%82
さくら病院訪問看護ステーション,訪問看護,福井県,福井市,"介護,訪問看護,医療",看護師などが自宅へ訪問し、健康状態の確認や医療的ケア、療養生活の支援を行います。,https://www.google.com/search?q=%E3%81%95%E3%81%8F%E3%82%89%E7%97%85%E9%99%A2%E8%A8%AA%E5%95%8F%E7%9C%8B%E8%AD%B7%E3%82%B9%E3%83%86%E3%83%BC%E3%82%B7%E3%83%A7%E3%83%B3%20%E7%A6%8F%E4%BA%95%E5%B8%82,福井県福井市下荒井町第21号４４ー1さくら病院,0776391704,厚生労働省オープンデータ,https://www.mhlw.go.jp/content/12300000/jigyosho_130.csv,2025-12末,https://www.google.com/search?q=%E3%81%95%E3%81%8F%E3%82%89%E7%97%85%E9%99%A2%E8%A8%AA%E5%95%8F%E7%9C%8B%E8%AD%B7%E3%82%B9%E3%83%86%E3%83%BC%E3%82%B7%E3%83%A7%E3%83%B3%20%E7%A6%8F%E4%BA%95%E5%B8%82
訪問看護ステーションよつ葉ふくい,訪問看護,福井県,福井市,"介護,訪問看護,医療",看護師などが自宅へ訪問し、健康状態の確認や医療的ケア、療養生活の支援を行います。,http://www.mcare.co.jp/yotsuba/,西谷1丁目1127番地西谷1丁目ビル1階,0776-43-9006,厚生労働省オープンデータ,https://www.mhlw.go.jp/content/12300000/jigyosho_130.csv,2025-12末,https://www.google.com/search?q=%E8%A8%AA%E5%95%8F%E7%9C%8B%E8%AD%B7%E3%82%B9%E3%83%86%E3%83%BC%E3%82%B7%E3%83%A7%E3%83%B3%E3%82%88%E3%81%A4%E8%91%89%E3%81%B5%E3%81%8F%E3%81%84%20%E7%A6%8F%E4%BA%95%E5%B8%82
ねこのあしあと,訪問看護,福井県,福井市,"介護,訪問看護,医療",看護師などが自宅へ訪問し、健康状態の確認や医療的ケア、療養生活の支援を行います。,https://www.google.com/search?q=%E3%81%AD%E3%81%93%E3%81%AE%E3%81%82%E3%81%97%E3%81%82%E3%81%A8%20%E7%A6%8F%E4%BA%95%E5%B8%82,福井県福井市種池2-510,0776-43-3482,厚生労働省オープンデータ,https://www.mhlw.go.jp/content/12300000/jigyosho_130.csv,2025-12末,https://www.google.com/search?q=%E3%81%AD%E3%81%93%E3%81%AE%E3%81%82%E3%81%97%E3%81%82%E3%81%A8%20%E7%A6%8F%E4%BA%95%E5%B8%82
訪問看護ステーション　なないろ,訪問看護,福井県,福井市,"介護,訪問看護,医療",看護師などが自宅へ訪問し、健康状態の確認や医療的ケア、療養生活の支援を行います。,https://7iro.fun,福井県福井市西方2丁目1-13,0776-65-1317,厚生労働省オープンデータ,https://www.mhlw.go.jp/content/12300000/jigyosho_130.csv,2025-12末,https://www.google.com/search?q=%E8%A8%AA%E5%95%8F%E7%9C%8B%E8%AD%B7%E3%82%B9%E3%83%86%E3%83%BC%E3%82%B7%E3%83%A7%E3%83%B3%E3%80%80%E3%81%AA%E3%81%AA%E3%81%84%E3%82%8D%20%E7%A6%8F%E4%BA%95%E5%B8%82
ゆうあい訪問看護ステーション,訪問看護,福井県,福井市,"介護,訪問看護,医療",看護師などが自宅へ訪問し、健康状態の確認や医療的ケア、療養生活の支援を行います。,http://fukui-youi.com/,福井県福井市大願寺３丁目9-3,0776-27-0175,厚生労働省オープンデータ,https://www.mhlw.go.jp/content/12300000/jigyosho_130.csv,2025-12末,https://www.google.com/search?q=%E3%82%86%E3%81%86%E3%81%82%E3%81%84%E8%A8%AA%E5%95%8F%E7%9C%8B%E8%AD%B7%E3%82%B9%E3%83%86%E3%83%BC%E3%82%B7%E3%83%A7%E3%83%B3%20%E7%A6%8F%E4%BA%95%E5%B8%82
訪問看護ステーションシンカイ福井,訪問看護,福井県,福井市,"介護,訪問看護,医療",看護師などが自宅へ訪問し、健康状態の確認や医療的ケア、療養生活の支援を行います。,http://www.houkan.com,福井市丸山２丁目１４０５番,0776-60-0188,厚生労働省オープンデータ,https://www.mhlw.go.jp/content/12300000/jigyosho_130.csv,2025-12末,https://www.google.com/search?q=%E8%A8%AA%E5%95%8F%E7%9C%8B%E8%AD%B7%E3%82%B9%E3%83%86%E3%83%BC%E3%82%B7%E3%83%A7%E3%83%B3%E3%82%B7%E3%83%B3%E3%82%AB%E3%82%A4%E7%A6%8F%E4%BA%95%20%E7%A6%8F%E4%BA%95%E5%B8%82
訪問看護リハビリステーション　三栄ケアーズ元気ふくい,訪問看護,福井県,福井市,"介護,訪問看護,医療",看護師などが自宅へ訪問し、健康状態の確認や医療的ケア、療養生活の支援を行います。,http://saneigenki.com,福井市三郎丸町21-19-5,0776-63-6331,厚生労働省オープンデータ,https://www.mhlw.go.jp/content/12300000/jigyosho_130.csv,2025-12末,https://www.google.com/search?q=%E8%A8%AA%E5%95%8F%E7%9C%8B%E8%AD%B7%E3%83%AA%E3%83%8F%E3%83%93%E3%83%AA%E3%82%B9%E3%83%86%E3%83%BC%E3%82%B7%E3%83%A7%E3%83%B3%E3%80%80%E4%B8%89%E6%A0%84%E3%82%B1%E3%82%A2%E3%83%BC%E3%82%BA%E5%85%83%E6%B0%97%E3%81%B5%E3%81%8F%E3%81%84%20%E7%A6%8F%E4%BA%95%E5%B8%82
ひなた訪問看護ステーション,訪問看護,福井県,福井市,"介護,訪問看護,医療",看護師などが自宅へ訪問し、健康状態の確認や医療的ケア、療養生活の支援を行います。,https://www.nursehome.jp/,種池2丁目607きはちやしろビル　2階,0776－43－0665,厚生労働省オープンデータ,https://www.mhlw.go.jp/content/12300000/jigyosho_130.csv,2025-12末,https://www.google.com/search?q=%E3%81%B2%E3%81%AA%E3%81%9F%E8%A8%AA%E5%95%8F%E7%9C%8B%E8%AD%B7%E3%82%B9%E3%83%86%E3%83%BC%E3%82%B7%E3%83%A7%E3%83%B3%20%E7%A6%8F%E4%BA%95%E5%B8%82
仁愛訪問看護センター,訪問看護,福井県,福井市,"介護,訪問看護,医療",看護師などが自宅へ訪問し、健康状態の確認や医療的ケア、療養生活の支援を行います。,http://www.jinai-cs.co.jp/jinhou/index.html,福井市乾徳４丁目４番７号仁愛ビル4階,0776-26-7313,厚生労働省オープンデータ,https://www.mhlw.go.jp/content/12300000/jigyosho_130.csv,2025-12末,https://www.google.com/search?q=%E4%BB%81%E6%84%9B%E8%A8%AA%E5%95%8F%E7%9C%8B%E8%AD%B7%E3%82%BB%E3%83%B3%E3%82%BF%E3%83%BC%20%E7%A6%8F%E4%BA%95%E5%B8%82
医療法人敦賀温泉病院指定居宅介護支援事業所,訪問看護,福井県,敦賀市,"介護,訪問看護,医療",看護師などが自宅へ訪問し、健康状態の確認や医療的ケア、療養生活の支援を行います。,http://www.tsurugaonsen-hp.or.jp/,福井県敦賀市吉河41号1番地5,0770-23-8272,厚生労働省オープンデータ,https://www.mhlw.go.jp/content/12300000/jigyosho_130.csv,2025-12末,https://www.google.com/search?q=%E5%8C%BB%E7%99%82%E6%B3%95%E4%BA%BA%E6%95%A6%E8%B3%80%E6%B8%A9%E6%B3%89%E7%97%85%E9%99%A2%E6%8C%87%E5%AE%9A%E5%B1%85%E5%AE%85%E4%BB%8B%E8%AD%B7%E6%94%AF%E6%8F%B4%E4%BA%8B%E6%A5%AD%E6%89%80%20%E6%95%A6%E8%B3%80%E5%B8%82
訪問看護ステーションこもれび,訪問看護,福井県,敦賀市,"介護,訪問看護,医療",看護師などが自宅へ訪問し、健康状態の確認や医療的ケア、療養生活の支援を行います。,https://www.google.com/search?q=%E8%A8%AA%E5%95%8F%E7%9C%8B%E8%AD%B7%E3%82%B9%E3%83%86%E3%83%BC%E3%82%B7%E3%83%A7%E3%83%B3%E3%81%93%E3%82%82%E3%82%8C%E3%81%B3%20%E6%95%A6%E8%B3%80%E5%B8%82,福井県敦賀市莇生野95-2-1,0770-37-3082,厚生労働省オープンデータ,https://www.mhlw.go.jp/content/12300000/jigyosho_130.csv,2025-12末,https://www.google.com/search?q=%E8%A8%AA%E5%95%8F%E7%9C%8B%E8%AD%B7%E3%82%B9%E3%83%86%E3%83%BC%E3%82%B7%E3%83%A7%E3%83%B3%E3%81%93%E3%82%82%E3%82%8C%E3%81%B3%20%E6%95%A6%E8%B3%80%E5%B8%82
敦賀市社会福祉協議会訪問看護ステーション「あいあい」,訪問看護,福井県,敦賀市,"介護,訪問看護,医療",看護師などが自宅へ訪問し、健康状態の確認や医療的ケア、療養生活の支援を行います。,http://tsurugashishakyo.ec-net.jp/,福井県敦賀市東洋町4番1号敦賀市福祉総合センター「あいあいプラザ」内,0770-22-7200,厚生労働省オープンデータ,https://www.mhlw.go.jp/content/12300000/jigyosho_130.csv,2025-12末,https://www.google.com/search?q=%E6%95%A6%E8%B3%80%E5%B8%82%E7%A4%BE%E4%BC%9A%E7%A6%8F%E7%A5%89%E5%8D%94%E8%AD%B0%E4%BC%9A%E8%A8%AA%E5%95%8F%E7%9C%8B%E8%AD%B7%E3%82%B9%E3%83%86%E3%83%BC%E3%82%B7%E3%83%A7%E3%83%B3%E3%80%8C%E3%81%82%E3%81%84%E3%81%82%E3%81%84%E3%80%8D%20%E6%95%A6%E8%B3%80%E5%B8%82
つるが生協訪問看護ステーション　ハピナス,訪問看護,福井県,敦賀市,"介護,訪問看護,医療",看護師などが自宅へ訪問し、健康状態の確認や医療的ケア、療養生活の支援を行います。,http://www.fukui-min-iren.com/iryouseikyou/,福井県敦賀市公文名１号６番,0770-25-4351,厚生労働省オープンデータ,https://www.mhlw.go.jp/content/12300000/jigyosho_130.csv,2025-12末,https://www.google.com/search?q=%E3%81%A4%E3%82%8B%E3%81%8C%E7%94%9F%E5%8D%94%E8%A8%AA%E5%95%8F%E7%9C%8B%E8%AD%B7%E3%82%B9%E3%83%86%E3%83%BC%E3%82%B7%E3%83%A7%E3%83%B3%E3%80%80%E3%83%8F%E3%83%94%E3%83%8A%E3%82%B9%20%E6%95%A6%E8%B3%80%E5%B8%82
敦賀ケアセンターかくだ,訪問看護,福井県,敦賀市,"介護,訪問看護,医療",看護師などが自宅へ訪問し、健康状態の確認や医療的ケア、療養生活の支援を行います。,http://care-net.biz/18/kakuda/,福井県敦賀市昭和町二丁目11番地5,0770-25-4160,厚生労働省オープンデータ,https://www.mhlw.go.jp/content/12300000/jigyosho_130.csv,2025-12末,https://www.google.com/search?q=%E6%95%A6%E8%B3%80%E3%82%B1%E3%82%A2%E3%82%BB%E3%83%B3%E3%82%BF%E3%83%BC%E3%81%8B%E3%81%8F%E3%81%A0%20%E6%95%A6%E8%B3%80%E5%B8%82
地域看護ステーションブルーバード,訪問看護,福井県,敦賀市,"介護,訪問看護,医療",看護師などが自宅へ訪問し、健康状態の確認や医療的ケア、療養生活の支援を行います。,http://www.rehaplus.co.jp,敦賀市神楽町1-4-4キハラテナント1Fキハラテナント,0770-22-6222,厚生労働省オープンデータ,https://www.mhlw.go.jp/content/12300000/jigyosho_130.csv,2025-12末,https://www.google.com/search?q=%E5%9C%B0%E5%9F%9F%E7%9C%8B%E8%AD%B7%E3%82%B9%E3%83%86%E3%83%BC%E3%82%B7%E3%83%A7%E3%83%B3%E3%83%96%E3%83%AB%E3%83%BC%E3%83%90%E3%83%BC%E3%83%89%20%E6%95%A6%E8%B3%80%E5%B8%82
訪問看護ステーション　こばやし,訪問看護,福井県,敦賀市,"介護,訪問看護,医療",看護師などが自宅へ訪問し、健康状態の確認や医療的ケア、療養生活の支援を行います。,http://care-koba.com/houmonkango/,福井県敦賀市ひばりヶ丘町1057番,0770-23-1605,厚生労働省オープンデータ,https://www.mhlw.go.jp/content/12300000/jigyosho_130.csv,2025-12末,https://www.google.com/search?q=%E8%A8%AA%E5%95%8F%E7%9C%8B%E8%AD%B7%E3%82%B9%E3%83%86%E3%83%BC%E3%82%B7%E3%83%A7%E3%83%B3%E3%80%80%E3%81%93%E3%81%B0%E3%82%84%E3%81%97%20%E6%95%A6%E8%B3%80%E5%B8%82
ケアサービス一休さん訪問看護ステーション,訪問看護,福井県,敦賀市,"介護,訪問看護,医療",看護師などが自宅へ訪問し、健康状態の確認や医療的ケア、療養生活の支援を行います。,https://www.google.com/search?q=%E3%82%B1%E3%82%A2%E3%82%B5%E3%83%BC%E3%83%93%E3%82%B9%E4%B8%80%E4%BC%91%E3%81%95%E3%82%93%E8%A8%AA%E5%95%8F%E7%9C%8B%E8%AD%B7%E3%82%B9%E3%83%86%E3%83%BC%E3%82%B7%E3%83%A7%E3%83%B3%20%E6%95%A6%E8%B3%80%E5%B8%82,敦賀市山泉73号905番地,0770-47-5023,厚生労働省オープンデータ,https://www.mhlw.go.jp/content/12300000/jigyosho_130.csv,2025-12末,https://www.google.com/search?q=%E3%82%B1%E3%82%A2%E3%82%B5%E3%83%BC%E3%83%93%E3%82%B9%E4%B8%80%E4%BC%91%E3%81%95%E3%82%93%E8%A8%AA%E5%95%8F%E7%9C%8B%E8%AD%B7%E3%82%B9%E3%83%86%E3%83%BC%E3%82%B7%E3%83%A7%E3%83%B3%20%E6%95%A6%E8%B3%80%E5%B8%82
医療法人　明峰会　指定訪問看護ステーション　めいほう,訪問看護,福井県,敦賀市,"介護,訪問看護,医療",看護師などが自宅へ訪問し、健康状態の確認や医療的ケア、療養生活の支援を行います。,http://www.meihoukai.com,福井県敦賀市津内町3丁目6-38明峰クリニック2階,0770-23-3123,厚生労働省オープンデータ,https://www.mhlw.go.jp/content/12300000/jigyosho_130.csv,2025-12末,https://www.google.com/search?q=%E5%8C%BB%E7%99%82%E6%B3%95%E4%BA%BA%E3%80%80%E6%98%8E%E5%B3%B0%E4%BC%9A%E3%80%80%E6%8C%87%E5%AE%9A%E8%A8%AA%E5%95%8F%E7%9C%8B%E8%AD%B7%E3%82%B9%E3%83%86%E3%83%BC%E3%82%B7%E3%83%A7%E3%83%B3%E3%80%80%E3%82%81%E3%81%84%E3%81%BB%E3%81%86%20%E6%95%A6%E8%B3%80%E5%B8%82
医療法人敦賀温泉病院訪問看護ステーション「夢」,訪問看護,福井県,敦賀市,"介護,訪問看護,医療",看護師などが自宅へ訪問し、健康状態の確認や医療的ケア、療養生活の支援を行います。,http://www.tsurugaonsen-hp.or.jp/,福井県敦賀市吉河41号1番地5,０７７０-２３-８２７０,厚生労働省オープンデータ,https://www.mhlw.go.jp/content/12300000/jigyosho_130.csv,2025-12末,https://www.google.com/search?q=%E5%8C%BB%E7%99%82%E6%B3%95%E4%BA%BA%E6%95%A6%E8%B3%80%E6%B8%A9%E6%B3%89%E7%97%85%E9%99%A2%E8%A8%AA%E5%95%8F%E7%9C%8B%E8%AD%B7%E3%82%B9%E3%83%86%E3%83%BC%E3%82%B7%E3%83%A7%E3%83%B3%E3%80%8C%E5%A4%A2%E3%80%8D%20%E6%95%A6%E8%B3%80%E5%B8%82
敬仁会24訪問看護ステーション,訪問看護,福井県,敦賀市,"介護,訪問看護,医療",看護師などが自宅へ訪問し、健康状態の確認や医療的ケア、療養生活の支援を行います。,https://kjinkai.jp/facility/poppo/24nursing/,福井県敦賀市鉄輪町1丁目2-57,0770-21-2827,厚生労働省オープンデータ,https://www.mhlw.go.jp/content/12300000/jigyosho_130.csv,2025-12末,https://www.google.com/search?q=%E6%95%AC%E4%BB%81%E4%BC%9A24%E8%A8%AA%E5%95%8F%E7%9C%8B%E8%AD%B7%E3%82%B9%E3%83%86%E3%83%BC%E3%82%B7%E3%83%A7%E3%83%B3%20%E6%95%A6%E8%B3%80%E5%B8%82
幸ナースサポート,訪問看護,福井県,敦賀市,"介護,訪問看護,医療",看護師などが自宅へ訪問し、健康状態の確認や医療的ケア、療養生活の支援を行います。,fukushika.com,福井県敦賀市平和町17-4,070-1212-2025,厚生労働省オープンデータ,https://www.mhlw.go.jp/content/12300000/jigyosho_130.csv,2025-12末,https://www.google.com/search?q=%E5%B9%B8%E3%83%8A%E3%83%BC%E3%82%B9%E3%82%B5%E3%83%9D%E3%83%BC%E3%83%88%20%E6%95%A6%E8%B3%80%E5%B8%82
市立敦賀病院訪問看護ステーション　つなぐ,訪問看護,福井県,敦賀市,"介護,訪問看護,医療",看護師などが自宅へ訪問し、健康状態の確認や医療的ケア、療養生活の支援を行います。,https://tsuruga-hp.jp,三島町１丁目６番６０号,0770-47-6533,厚生労働省オープンデータ,https://www.mhlw.go.jp/content/12300000/jigyosho_130.csv,2025-12末,https://www.google.com/search?q=%E5%B8%82%E7%AB%8B%E6%95%A6%E8%B3%80%E7%97%85%E9%99%A2%E8%A8%AA%E5%95%8F%E7%9C%8B%E8%AD%B7%E3%82%B9%E3%83%86%E3%83%BC%E3%82%B7%E3%83%A7%E3%83%B3%E3%80%80%E3%81%A4%E3%81%AA%E3%81%90%20%E6%95%A6%E8%B3%80%E5%B8%82
訪問看護ステーションくるり,訪問看護,福井県,敦賀市,"介護,訪問看護,医療",看護師などが自宅へ訪問し、健康状態の確認や医療的ケア、療養生活の支援を行います。,https://meguri-care.com/,福井県敦賀市木崎8-2-8,0770-37-1888,厚生労働省オープンデータ,https://www.mhlw.go.jp/content/12300000/jigyosho_130.csv,2025-12末,https://www.google.com/search?q=%E8%A8%AA%E5%95%8F%E7%9C%8B%E8%AD%B7%E3%82%B9%E3%83%86%E3%83%BC%E3%82%B7%E3%83%A7%E3%83%B3%E3%81%8F%E3%82%8B%E3%82%8A%20%E6%95%A6%E8%B3%80%E5%B8%82
ライジング訪問看護ステーション,訪問看護,福井県,小浜市,"介護,訪問看護,医療",看護師などが自宅へ訪問し、健康状態の確認や医療的ケア、療養生活の支援を行います。,https://rising7110.jimdofree.com,福井県小浜市大手町5ー10芝田ビル2-2,0770-50-9025,厚生労働省オープンデータ,https://www.mhlw.go.jp/content/12300000/jigyosho_130.csv,2025-12末,https://www.google.com/search?q=%E3%83%A9%E3%82%A4%E3%82%B8%E3%83%B3%E3%82%B0%E8%A8%AA%E5%95%8F%E7%9C%8B%E8%AD%B7%E3%82%B9%E3%83%86%E3%83%BC%E3%82%B7%E3%83%A7%E3%83%B3%20%E5%B0%8F%E6%B5%9C%E5%B8%82
ふらむはぁと訪問看護リハビリねっと小浜,訪問看護,福井県,小浜市,"介護,訪問看護,医療",看護師などが自宅へ訪問し、健康状態の確認や医療的ケア、療養生活の支援を行います。,rerephysio.com,福井県小浜市遠敷7丁目301AYATTO,0770-56-1099,厚生労働省オープンデータ,https://www.mhlw.go.jp/content/12300000/jigyosho_130.csv,2025-12末,https://www.google.com/search?q=%E3%81%B5%E3%82%89%E3%82%80%E3%81%AF%E3%81%81%E3%81%A8%E8%A8%AA%E5%95%8F%E7%9C%8B%E8%AD%B7%E3%83%AA%E3%83%8F%E3%83%93%E3%83%AA%E3%81%AD%E3%81%A3%E3%81%A8%E5%B0%8F%E6%B5%9C%20%E5%B0%8F%E6%B5%9C%E5%B8%82
いきいき訪問看護リハビリステーション,訪問看護,福井県,小浜市,"介護,訪問看護,医療",看護師などが自宅へ訪問し、健康状態の確認や医療的ケア、療養生活の支援を行います。,https://earthcreature.webnode.jp/,福井県小浜市大手町3番5号,0770-64-5771,厚生労働省オープンデータ,https://www.mhlw.go.jp/content/12300000/jigyosho_130.csv,2025-12末,https://www.google.com/search?q=%E3%81%84%E3%81%8D%E3%81%84%E3%81%8D%E8%A8%AA%E5%95%8F%E7%9C%8B%E8%AD%B7%E3%83%AA%E3%83%8F%E3%83%93%E3%83%AA%E3%82%B9%E3%83%86%E3%83%BC%E3%82%B7%E3%83%A7%E3%83%B3%20%E5%B0%8F%E6%B5%9C%E5%B8%82
一乗ハイツ訪問看護ステーション,訪問看護,福井県,大野市,"介護,訪問看護,医療",看護師などが自宅へ訪問し、健康状態の確認や医療的ケア、療養生活の支援を行います。,http://fuku-koumyouji.jp/index.php/,福井県大野市牛ヶ原154-1-1,0779-65-7131,厚生労働省オープンデータ,https://www.mhlw.go.jp/content/12300000/jigyosho_130.csv,2025-12末,https://www.google.com/search?q=%E4%B8%80%E4%B9%97%E3%83%8F%E3%82%A4%E3%83%84%E8%A8%AA%E5%95%8F%E7%9C%8B%E8%AD%B7%E3%82%B9%E3%83%86%E3%83%BC%E3%82%B7%E3%83%A7%E3%83%B3%20%E5%A4%A7%E9%87%8E%E5%B8%82
訪問看護さくらステーション,訪問看護,福井県,大野市,"介護,訪問看護,医療",看護師などが自宅へ訪問し、健康状態の確認や医療的ケア、療養生活の支援を行います。,http://koseikaigroup.jp,福井県大野市中津川32-33,0779-69-7090,厚生労働省オープンデータ,https://www.mhlw.go.jp/content/12300000/jigyosho_130.csv,2025-12末,https://www.google.com/search?q=%E8%A8%AA%E5%95%8F%E7%9C%8B%E8%AD%B7%E3%81%95%E3%81%8F%E3%82%89%E3%82%B9%E3%83%86%E3%83%BC%E3%82%B7%E3%83%A7%E3%83%B3%20%E5%A4%A7%E9%87%8E%E5%B8%82
おくえつ訪問看護ステーション,訪問看護,福井県,大野市,"介護,訪問看護,医療",看護師などが自宅へ訪問し、健康状態の確認や医療的ケア、療養生活の支援を行います。,https://www.okuetu-houmonkango.com/,福井県大野市春日173-7-1,0779-66-6761,厚生労働省オープンデータ,https://www.mhlw.go.jp/content/12300000/jigyosho_130.csv,2025-12末,https://www.google.com/search?q=%E3%81%8A%E3%81%8F%E3%81%88%E3%81%A4%E8%A8%AA%E5%95%8F%E7%9C%8B%E8%AD%B7%E3%82%B9%E3%83%86%E3%83%BC%E3%82%B7%E3%83%A7%E3%83%B3%20%E5%A4%A7%E9%87%8E%E5%B8%82
キラキラ訪問看護ステーション,訪問看護,福井県,大野市,"介護,訪問看護,医療",看護師などが自宅へ訪問し、健康状態の確認や医療的ケア、療養生活の支援を行います。,http://www14.ocn.ne.jp/~kira.m/homecare/,大野市要町1-13,0779-66-6090,厚生労働省オープンデータ,https://www.mhlw.go.jp/content/12300000/jigyosho_130.csv,2025-12末,https://www.google.com/search?q=%E3%82%AD%E3%83%A9%E3%82%AD%E3%83%A9%E8%A8%AA%E5%95%8F%E7%9C%8B%E8%AD%B7%E3%82%B9%E3%83%86%E3%83%BC%E3%82%B7%E3%83%A7%E3%83%B3%20%E5%A4%A7%E9%87%8E%E5%B8%82
大野和光園訪問看護ステーション,訪問看護,福井県,大野市,"介護,訪問看護,医療",看護師などが自宅へ訪問し、健康状態の確認や医療的ケア、療養生活の支援を行います。,http://www.ono-wakouen.jp/,福井県大野市春日三丁目１７１８,0779-69-9500,厚生労働省オープンデータ,https://www.mhlw.go.jp/content/12300000/jigyosho_130.csv,2025-12末,https://www.google.com/search?q=%E5%A4%A7%E9%87%8E%E5%92%8C%E5%85%89%E5%9C%92%E8%A8%AA%E5%95%8F%E7%9C%8B%E8%AD%B7%E3%82%B9%E3%83%86%E3%83%BC%E3%82%B7%E3%83%A7%E3%83%B3%20%E5%A4%A7%E9%87%8E%E5%B8%82
独立行政法人地域医療機能推進機構福井勝山総合病院附属訪問看護ステーション,訪問看護,福井県,勝山市,"介護,訪問看護,医療",看護師などが自宅へ訪問し、健康状態の確認や医療的ケア、療養生活の支援を行います。,http://fukui.jcho.go.jp/,福井県勝山市長山町2丁目6番地21号,0779-87-6209,厚生労働省オープンデータ,https://www.mhlw.go.jp/content/12300000/jigyosho_130.csv,2025-12末,https://www.google.com/search?q=%E7%8B%AC%E7%AB%8B%E8%A1%8C%E6%94%BF%E6%B3%95%E4%BA%BA%E5%9C%B0%E5%9F%9F%E5%8C%BB%E7%99%82%E6%A9%9F%E8%83%BD%E6%8E%A8%E9%80%B2%E6%A9%9F%E6%A7%8B%E7%A6%8F%E4%BA%95%E5%8B%9D%E5%B1%B1%E7%B7%8F%E5%90%88%E7%97%85%E9%99%A2%E9%99%84%E5%B1%9E%E8%A8%AA%E5%95%8F%E7%9C%8B%E8%AD%B7%E3%82%B9%E3%83%86%E3%83%BC%E3%82%B7%E3%83%A7%E3%83%B3%20%E5%8B%9D%E5%B1%B1%E5%B8%82
さつき苑訪問看護ステーション,訪問看護,福井県,勝山市,"介護,訪問看護,医療",看護師などが自宅へ訪問し、健康状態の確認や医療的ケア、療養生活の支援を行います。,http://www.satsuki.or.jp/,福井県勝山市片瀬第15号22番地,0779-87-7733,厚生労働省オープンデータ,https://www.mhlw.go.jp/content/12300000/jigyosho_130.csv,2025-12末,https://www.google.com/search?q=%E3%81%95%E3%81%A4%E3%81%8D%E8%8B%91%E8%A8%AA%E5%95%8F%E7%9C%8B%E8%AD%B7%E3%82%B9%E3%83%86%E3%83%BC%E3%82%B7%E3%83%A7%E3%83%B3%20%E5%8B%9D%E5%B1%B1%E5%B8%82
ドリーム訪問看護ステーション,訪問看護,福井県,鯖江市,"介護,訪問看護,医療",看護師などが自宅へ訪問し、健康状態の確認や医療的ケア、療養生活の支援を行います。,http://dream-create.wixsite.com/dreamcreate/blank-3,東鯖江二丁目9番16号,0778-54-7800,厚生労働省オープンデータ,https://www.mhlw.go.jp/content/12300000/jigyosho_130.csv,2025-12末,https://www.google.com/search?q=%E3%83%89%E3%83%AA%E3%83%BC%E3%83%A0%E8%A8%AA%E5%95%8F%E7%9C%8B%E8%AD%B7%E3%82%B9%E3%83%86%E3%83%BC%E3%82%B7%E3%83%A7%E3%83%B3%20%E9%AF%96%E6%B1%9F%E5%B8%82
訪問看護ステーションリラックス,訪問看護,福井県,鯖江市,"介護,訪問看護,医療",看護師などが自宅へ訪問し、健康状態の確認や医療的ケア、療養生活の支援を行います。,eiju2017.t@gmail.com,福井県鯖江市東鯖江4丁目8-2,0778-67-8876,厚生労働省オープンデータ,https://www.mhlw.go.jp/content/12300000/jigyosho_130.csv,2025-12末,https://www.google.com/search?q=%E8%A8%AA%E5%95%8F%E7%9C%8B%E8%AD%B7%E3%82%B9%E3%83%86%E3%83%BC%E3%82%B7%E3%83%A7%E3%83%B3%E3%83%AA%E3%83%A9%E3%83%83%E3%82%AF%E3%82%B9%20%E9%AF%96%E6%B1%9F%E5%B8%82
さばえ在宅看護センター,訪問看護,福井県,鯖江市,"介護,訪問看護,医療",看護師などが自宅へ訪問し、健康状態の確認や医療的ケア、療養生活の支援を行います。,https://www.google.com/search?q=%E3%81%95%E3%81%B0%E3%81%88%E5%9C%A8%E5%AE%85%E7%9C%8B%E8%AD%B7%E3%82%BB%E3%83%B3%E3%82%BF%E3%83%BC%20%E9%AF%96%E6%B1%9F%E5%B8%82,福井県鯖江市中野町48-27-1,0778-42-6286,厚生労働省オープンデータ,https://www.mhlw.go.jp/content/12300000/jigyosho_130.csv,2025-12末,https://www.google.com/search?q=%E3%81%95%E3%81%B0%E3%81%88%E5%9C%A8%E5%AE%85%E7%9C%8B%E8%AD%B7%E3%82%BB%E3%83%B3%E3%82%BF%E3%83%BC%20%E9%AF%96%E6%B1%9F%E5%B8%82
訪問看護ステーションさばえ,訪問看護,福井県,鯖江市,"介護,訪問看護,医療",看護師などが自宅へ訪問し、健康状態の確認や医療的ケア、療養生活の支援を行います。,https://www.jujinkai.or.jp/zaitaku/service-01,鯖江市旭町４丁目４－９木村病院内,0778-53-2660,厚生労働省オープンデータ,https://www.mhlw.go.jp/content/12300000/jigyosho_130.csv,2025-12末,https://www.google.com/search?q=%E8%A8%AA%E5%95%8F%E7%9C%8B%E8%AD%B7%E3%82%B9%E3%83%86%E3%83%BC%E3%82%B7%E3%83%A7%E3%83%B3%E3%81%95%E3%81%B0%E3%81%88%20%E9%AF%96%E6%B1%9F%E5%B8%82
みどり荘訪問看護ステーション,訪問看護,福井県,鯖江市,"介護,訪問看護,医療",看護師などが自宅へ訪問し、健康状態の確認や医療的ケア、療養生活の支援を行います。,https://www.google.com/search?q=%E3%81%BF%E3%81%A9%E3%82%8A%E8%8D%98%E8%A8%AA%E5%95%8F%E7%9C%8B%E8%AD%B7%E3%82%B9%E3%83%86%E3%83%BC%E3%82%B7%E3%83%A7%E3%83%B3%20%E9%AF%96%E6%B1%9F%E5%B8%82,鯖江市中野町6-1-1,0778-29-3112,厚生労働省オープンデータ,https://www.mhlw.go.jp/content/12300000/jigyosho_130.csv,2025-12末,https://www.google.com/search?q=%E3%81%BF%E3%81%A9%E3%82%8A%E8%8D%98%E8%A8%AA%E5%95%8F%E7%9C%8B%E8%AD%B7%E3%82%B9%E3%83%86%E3%83%BC%E3%82%B7%E3%83%A7%E3%83%B3%20%E9%AF%96%E6%B1%9F%E5%B8%82
コスモス訪問看護ステーション,訪問看護,福井県,鯖江市,"介護,訪問看護,医療",看護師などが自宅へ訪問し、健康状態の確認や医療的ケア、療養生活の支援を行います。,http://www.takano-hp.jp/,福井県鯖江市本町２丁目３－１０,0778-54-0381,厚生労働省オープンデータ,https://www.mhlw.go.jp/content/12300000/jigyosho_130.csv,2025-12末,https://www.google.com/search?q=%E3%82%B3%E3%82%B9%E3%83%A2%E3%82%B9%E8%A8%AA%E5%95%8F%E7%9C%8B%E8%AD%B7%E3%82%B9%E3%83%86%E3%83%BC%E3%82%B7%E3%83%A7%E3%83%B3%20%E9%AF%96%E6%B1%9F%E5%B8%82
公立丹南病院訪問看護ステーション,訪問看護,福井県,鯖江市,"介護,訪問看護,医療",看護師などが自宅へ訪問し、健康状態の確認や医療的ケア、療養生活の支援を行います。,http://www.jadecom.or.jp/jadecomhp/tannan/html/index.html,鯖江市三六町1-2-31,0778-52-2050,厚生労働省オープンデータ,https://www.mhlw.go.jp/content/12300000/jigyosho_130.csv,2025-12末,https://www.google.com/search?q=%E5%85%AC%E7%AB%8B%E4%B8%B9%E5%8D%97%E7%97%85%E9%99%A2%E8%A8%AA%E5%95%8F%E7%9C%8B%E8%AD%B7%E3%82%B9%E3%83%86%E3%83%BC%E3%82%B7%E3%83%A7%E3%83%B3%20%E9%AF%96%E6%B1%9F%E5%B8%82
加納訪問サービス,訪問看護,福井県,あわら市,"介護,訪問看護,医療",看護師などが自宅へ訪問し、健康状態の確認や医療的ケア、療養生活の支援を行います。,http://www.kanouhp.jp/,福井県あわら市花乃杜1丁目2-39,0776-73-1001,厚生労働省オープンデータ,https://www.mhlw.go.jp/content/12300000/jigyosho_130.csv,2025-12末,https://www.google.com/search?q=%E5%8A%A0%E7%B4%8D%E8%A8%AA%E5%95%8F%E3%82%B5%E3%83%BC%E3%83%93%E3%82%B9%20%E3%81%82%E3%82%8F%E3%82%89%E5%B8%82
あわら病院訪問看護ステーションアイリス,訪問看護,福井県,あわら市,"介護,訪問看護,医療",看護師などが自宅へ訪問し、健康状態の確認や医療的ケア、療養生活の支援を行います。,http://awara-hosp.jp,福井県あわら市北潟２３８－１,0776-79-1211,厚生労働省オープンデータ,https://www.mhlw.go.jp/content/12300000/jigyosho_130.csv,2025-12末,https://www.google.com/search?q=%E3%81%82%E3%82%8F%E3%82%89%E7%97%85%E9%99%A2%E8%A8%AA%E5%95%8F%E7%9C%8B%E8%AD%B7%E3%82%B9%E3%83%86%E3%83%BC%E3%82%B7%E3%83%A7%E3%83%B3%E3%82%A2%E3%82%A4%E3%83%AA%E3%82%B9%20%E3%81%82%E3%82%8F%E3%82%89%E5%B8%82
訪問看護ステーションなるざリハビリサービス,訪問看護,福井県,あわら市,"介護,訪問看護,医療",看護師などが自宅へ訪問し、健康状態の確認や医療的ケア、療養生活の支援を行います。,http://www.naruza.jp/,福井県あわら市二面2丁目302番地,0776-77-2282,厚生労働省オープンデータ,https://www.mhlw.go.jp/content/12300000/jigyosho_130.csv,2025-12末,https://www.google.com/search?q=%E8%A8%AA%E5%95%8F%E7%9C%8B%E8%AD%B7%E3%82%B9%E3%83%86%E3%83%BC%E3%82%B7%E3%83%A7%E3%83%B3%E3%81%AA%E3%82%8B%E3%81%96%E3%83%AA%E3%83%8F%E3%83%93%E3%83%AA%E3%82%B5%E3%83%BC%E3%83%93%E3%82%B9%20%E3%81%82%E3%82%8F%E3%82%89%E5%B8%82
坂井地区医師会訪問看護ステーション,訪問看護,福井県,あわら市,"介護,訪問看護,医療",看護師などが自宅へ訪問し、健康状態の確認や医療的ケア、療養生活の支援を行います。,http://sakai-med.com,福井県あわら市東善寺5-27,0776-73-5377,厚生労働省オープンデータ,https://www.mhlw.go.jp/content/12300000/jigyosho_130.csv,2025-12末,https://www.google.com/search?q=%E5%9D%82%E4%BA%95%E5%9C%B0%E5%8C%BA%E5%8C%BB%E5%B8%AB%E4%BC%9A%E8%A8%AA%E5%95%8F%E7%9C%8B%E8%AD%B7%E3%82%B9%E3%83%86%E3%83%BC%E3%82%B7%E3%83%A7%E3%83%B3%20%E3%81%82%E3%82%8F%E3%82%89%E5%B8%82
東武内科外科クリニック,訪問看護,福井県,越前市,"介護,訪問看護,医療",看護師などが自宅へ訪問し、健康状態の確認や医療的ケア、療養生活の支援を行います。,http://www.myclinic.ne.jp/toubu/,福井県越前市横市町６-３,０７７８-２１-１１５５,厚生労働省オープンデータ,https://www.mhlw.go.jp/content/12300000/jigyosho_130.csv,2025-12末,https://www.google.com/search?q=%E6%9D%B1%E6%AD%A6%E5%86%85%E7%A7%91%E5%A4%96%E7%A7%91%E3%82%AF%E3%83%AA%E3%83%8B%E3%83%83%E3%82%AF%20%E8%B6%8A%E5%89%8D%E5%B8%82
訪問看護ステーションこころ,訪問看護,福井県,越前市,"介護,訪問看護,医療",看護師などが自宅へ訪問し、健康状態の確認や医療的ケア、療養生活の支援を行います。,https://cocoronogoudougaisha.my.canva.site/,福井県越前市家久町90-8-31,0778-42-6225,厚生労働省オープンデータ,https://www.mhlw.go.jp/content/12300000/jigyosho_130.csv,2025-12末,https://www.google.com/search?q=%E8%A8%AA%E5%95%8F%E7%9C%8B%E8%AD%B7%E3%82%B9%E3%83%86%E3%83%BC%E3%82%B7%E3%83%A7%E3%83%B3%E3%81%93%E3%81%93%E3%82%8D%20%E8%B6%8A%E5%89%8D%E5%B8%82
訪問看護ステーションいまだて,訪問看護,福井県,越前市,"介護,訪問看護,医療",看護師などが自宅へ訪問し、健康状態の確認や医療的ケア、療養生活の支援を行います。,http://www.imadatechuo-hp.com/index.html,福井県越前市粟田部町３３－１,0778－42－1800,厚生労働省オープンデータ,https://www.mhlw.go.jp/content/12300000/jigyosho_130.csv,2025-12末,https://www.google.com/search?q=%E8%A8%AA%E5%95%8F%E7%9C%8B%E8%AD%B7%E3%82%B9%E3%83%86%E3%83%BC%E3%82%B7%E3%83%A7%E3%83%B3%E3%81%84%E3%81%BE%E3%81%A0%E3%81%A6%20%E8%B6%8A%E5%89%8D%E5%B8%82
医療法人野尻医院,訪問看護,福井県,越前市,"介護,訪問看護,医療",看護師などが自宅へ訪問し、健康状態の確認や医療的ケア、療養生活の支援を行います。,http://www.nojiri-iin.jp/,福井県越前市1丁目12-37,0778-22-5108,厚生労働省オープンデータ,https://www.mhlw.go.jp/content/12300000/jigyosho_130.csv,2025-12末,https://www.google.com/search?q=%E5%8C%BB%E7%99%82%E6%B3%95%E4%BA%BA%E9%87%8E%E5%B0%BB%E5%8C%BB%E9%99%A2%20%E8%B6%8A%E5%89%8D%E5%B8%82
すずらん看護サービスステーション,訪問看護,福井県,越前市,"介護,訪問看護,医療",看護師などが自宅へ訪問し、健康状態の確認や医療的ケア、療養生活の支援を行います。,http:/aiki-hp.jp,越前市中央２－９－４０,0778-21-1808,厚生労働省オープンデータ,https://www.mhlw.go.jp/content/12300000/jigyosho_130.csv,2025-12末,https://www.google.com/search?q=%E3%81%99%E3%81%9A%E3%82%89%E3%82%93%E7%9C%8B%E8%AD%B7%E3%82%B5%E3%83%BC%E3%83%93%E3%82%B9%E3%82%B9%E3%83%86%E3%83%BC%E3%82%B7%E3%83%A7%E3%83%B3%20%E8%B6%8A%E5%89%8D%E5%B8%82
訪問看護ステーション府中,訪問看護,福井県,越前市,"介護,訪問看護,医療",看護師などが自宅へ訪問し、健康状態の確認や医療的ケア、療養生活の支援を行います。,http://www2.interbroad.or.jp/hayasi/,福井県越前市府中1丁目3号5番地,0778-24-3610,厚生労働省オープンデータ,https://www.mhlw.go.jp/content/12300000/jigyosho_130.csv,2025-12末,https://www.google.com/search?q=%E8%A8%AA%E5%95%8F%E7%9C%8B%E8%AD%B7%E3%82%B9%E3%83%86%E3%83%BC%E3%82%B7%E3%83%A7%E3%83%B3%E5%BA%9C%E4%B8%AD%20%E8%B6%8A%E5%89%8D%E5%B8%82
さわやか訪問看護ステーション,訪問看護,福井県,越前市,"介護,訪問看護,医療",看護師などが自宅へ訪問し、健康状態の確認や医療的ケア、療養生活の支援を行います。,http://www.kasahara-hosp.or.jp/,福井県越前市塚町２１４番地医療法人　笠原病院　１Ｆ,0778-21-5800,厚生労働省オープンデータ,https://www.mhlw.go.jp/content/12300000/jigyosho_130.csv,2025-12末,https://www.google.com/search?q=%E3%81%95%E3%82%8F%E3%82%84%E3%81%8B%E8%A8%AA%E5%95%8F%E7%9C%8B%E8%AD%B7%E3%82%B9%E3%83%86%E3%83%BC%E3%82%B7%E3%83%A7%E3%83%B3%20%E8%B6%8A%E5%89%8D%E5%B8%82
しくら訪問看護ステーション,訪問看護,福井県,越前市,"介護,訪問看護,医療",看護師などが自宅へ訪問し、健康状態の確認や医療的ケア、療養生活の支援を行います。,http://www.ikebata.jp/shikurahoumonkango.html,福井県越前市今宿町８－１,0778-21-5555,厚生労働省オープンデータ,https://www.mhlw.go.jp/content/12300000/jigyosho_130.csv,2025-12末,https://www.google.com/search?q=%E3%81%97%E3%81%8F%E3%82%89%E8%A8%AA%E5%95%8F%E7%9C%8B%E8%AD%B7%E3%82%B9%E3%83%86%E3%83%BC%E3%82%B7%E3%83%A7%E3%83%B3%20%E8%B6%8A%E5%89%8D%E5%B8%82
ほっとリハビリ訪問看護ステーション,訪問看護,福井県,越前市,"介護,訪問看護,医療",看護師などが自宅へ訪問し、健康状態の確認や医療的ケア、療養生活の支援を行います。,http://www.hotreha.com,福井県越前市高木町111-2,0778-21-5208,厚生労働省オープンデータ,https://www.mhlw.go.jp/content/12300000/jigyosho_130.csv,2025-12末,https://www.google.com/search?q=%E3%81%BB%E3%81%A3%E3%81%A8%E3%83%AA%E3%83%8F%E3%83%93%E3%83%AA%E8%A8%AA%E5%95%8F%E7%9C%8B%E8%AD%B7%E3%82%B9%E3%83%86%E3%83%BC%E3%82%B7%E3%83%A7%E3%83%B3%20%E8%B6%8A%E5%89%8D%E5%B8%82
ケアフルハウス訪問看護ステーション,訪問看護,福井県,越前市,"介護,訪問看護,医療",看護師などが自宅へ訪問し、健康状態の確認や医療的ケア、療養生活の支援を行います。,http://carefull.co.jp/,越前市広瀬町153-12-3ケアフルハウス,0778-22-0030,厚生労働省オープンデータ,https://www.mhlw.go.jp/content/12300000/jigyosho_130.csv,2025-12末,https://www.google.com/search?q=%E3%82%B1%E3%82%A2%E3%83%95%E3%83%AB%E3%83%8F%E3%82%A6%E3%82%B9%E8%A8%AA%E5%95%8F%E7%9C%8B%E8%AD%B7%E3%82%B9%E3%83%86%E3%83%BC%E3%82%B7%E3%83%A7%E3%83%B3%20%E8%B6%8A%E5%89%8D%E5%B8%82
訪問看護ステーションひだまり,訪問看護,福井県,越前市,"介護,訪問看護,医療",看護師などが自宅へ訪問し、健康状態の確認や医療的ケア、療養生活の支援を行います。,http://www.tsukioka-med.com,本多1丁目8-41,0778-25-6008,厚生労働省オープンデータ,https://www.mhlw.go.jp/content/12300000/jigyosho_130.csv,2025-12末,https://www.google.com/search?q=%E8%A8%AA%E5%95%8F%E7%9C%8B%E8%AD%B7%E3%82%B9%E3%83%86%E3%83%BC%E3%82%B7%E3%83%A7%E3%83%B3%E3%81%B2%E3%81%A0%E3%81%BE%E3%82%8A%20%E8%B6%8A%E5%89%8D%E5%B8%82
訪問看護ステーションえちぜん,訪問看護,福井県,越前市,"介護,訪問看護,医療",看護師などが自宅へ訪問し、健康状態の確認や医療的ケア、療養生活の支援を行います。,echizen22.com,福井県越前市国高２丁目44-3-9松原ビル1階西,0778-42-6604,厚生労働省オープンデータ,https://www.mhlw.go.jp/content/12300000/jigyosho_130.csv,2025-12末,https://www.google.com/search?q=%E8%A8%AA%E5%95%8F%E7%9C%8B%E8%AD%B7%E3%82%B9%E3%83%86%E3%83%BC%E3%82%B7%E3%83%A7%E3%83%B3%E3%81%88%E3%81%A1%E3%81%9C%E3%82%93%20%E8%B6%8A%E5%89%8D%E5%B8%82
訪問看護ステーション　サンライフ小野谷,訪問看護,福井県,越前市,"介護,訪問看護,医療",看護師などが自宅へ訪問し、健康状態の確認や医療的ケア、療養生活の支援を行います。,http://http://sunlifeonodani.jp/,福井県越前市蓬莱町6-24,0778-22-8835,厚生労働省オープンデータ,https://www.mhlw.go.jp/content/12300000/jigyosho_130.csv,2025-12末,https://www.google.com/search?q=%E8%A8%AA%E5%95%8F%E7%9C%8B%E8%AD%B7%E3%82%B9%E3%83%86%E3%83%BC%E3%82%B7%E3%83%A7%E3%83%B3%E3%80%80%E3%82%B5%E3%83%B3%E3%83%A9%E3%82%A4%E3%83%95%E5%B0%8F%E9%87%8E%E8%B0%B7%20%E8%B6%8A%E5%89%8D%E5%B8%82
ライフケアリング蕾,訪問看護,福井県,越前市,"介護,訪問看護,医療",看護師などが自宅へ訪問し、健康状態の確認や医療的ケア、療養生活の支援を行います。,http://www.ichibankaigo,福井県越前市瓜生町31-12階,0778-42-7322,厚生労働省オープンデータ,https://www.mhlw.go.jp/content/12300000/jigyosho_130.csv,2025-12末,https://www.google.com/search?q=%E3%83%A9%E3%82%A4%E3%83%95%E3%82%B1%E3%82%A2%E3%83%AA%E3%83%B3%E3%82%B0%E8%95%BE%20%E8%B6%8A%E5%89%8D%E5%B8%82
みんと訪問看護ステーション,訪問看護,福井県,越前市,"介護,訪問看護,医療",看護師などが自宅へ訪問し、健康状態の確認や医療的ケア、療養生活の支援を行います。,https://www.google.com/search?q=%E3%81%BF%E3%82%93%E3%81%A8%E8%A8%AA%E5%95%8F%E7%9C%8B%E8%AD%B7%E3%82%B9%E3%83%86%E3%83%BC%E3%82%B7%E3%83%A7%E3%83%B3%20%E8%B6%8A%E5%89%8D%E5%B8%82,府中2丁目2－23Sビル1F北,0778-29-3328,厚生労働省オープンデータ,https://www.mhlw.go.jp/content/12300000/jigyosho_130.csv,2025-12末,https://www.google.com/search?q=%E3%81%BF%E3%82%93%E3%81%A8%E8%A8%AA%E5%95%8F%E7%9C%8B%E8%AD%B7%E3%82%B9%E3%83%86%E3%83%BC%E3%82%B7%E3%83%A7%E3%83%B3%20%E8%B6%8A%E5%89%8D%E5%B8%82
春江病院訪問看護ステーション,訪問看護,福井県,坂井市,"介護,訪問看護,医療",看護師などが自宅へ訪問し、健康状態の確認や医療的ケア、療養生活の支援を行います。,http://www.harue-hp.org/,福井県坂井市春江町針原65-7春江病院内,０７７６－６３－５８８３,厚生労働省オープンデータ,https://www.mhlw.go.jp/content/12300000/jigyosho_130.csv,2025-12末,https://www.google.com/search?q=%E6%98%A5%E6%B1%9F%E7%97%85%E9%99%A2%E8%A8%AA%E5%95%8F%E7%9C%8B%E8%AD%B7%E3%82%B9%E3%83%86%E3%83%BC%E3%82%B7%E3%83%A7%E3%83%B3%20%E5%9D%82%E4%BA%95%E5%B8%82
ハート＆ハート訪問看護ステーション,訪問看護,福井県,坂井市,"介護,訪問看護,医療",看護師などが自宅へ訪問し、健康状態の確認や医療的ケア、療養生活の支援を行います。,houmonkango@heart2-caring.co.jp,福井県坂井市春江町西長田40-46,0776－72－3908,厚生労働省オープンデータ,https://www.mhlw.go.jp/content/12300000/jigyosho_130.csv,2025-12末,https://www.google.com/search?q=%E3%83%8F%E3%83%BC%E3%83%88%EF%BC%86%E3%83%8F%E3%83%BC%E3%83%88%E8%A8%AA%E5%95%8F%E7%9C%8B%E8%AD%B7%E3%82%B9%E3%83%86%E3%83%BC%E3%82%B7%E3%83%A7%E3%83%B3%20%E5%9D%82%E4%BA%95%E5%B8%82
坂井市立三国病院　訪問看護ステーション,訪問看護,福井県,坂井市,"介護,訪問看護,医療",看護師などが自宅へ訪問し、健康状態の確認や医療的ケア、療養生活の支援を行います。,http://www.city.fukui-sakai.lg.jp/byouin/,福井県坂井市三国町中央1丁目2-34,0776-82-0480,厚生労働省オープンデータ,https://www.mhlw.go.jp/content/12300000/jigyosho_130.csv,2025-12末,https://www.google.com/search?q=%E5%9D%82%E4%BA%95%E5%B8%82%E7%AB%8B%E4%B8%89%E5%9B%BD%E7%97%85%E9%99%A2%E3%80%80%E8%A8%AA%E5%95%8F%E7%9C%8B%E8%AD%B7%E3%82%B9%E3%83%86%E3%83%BC%E3%82%B7%E3%83%A7%E3%83%B3%20%E5%9D%82%E4%BA%95%E5%B8%82
シンシアパーム株式会社　シンシア訪問看護ステーション,訪問看護,福井県,坂井市,"介護,訪問看護,医療",看護師などが自宅へ訪問し、健康状態の確認や医療的ケア、療養生活の支援を行います。,https://sincerepalm.com,福井県坂井市坂井町下兵庫132-6-1,0776-63-5233,厚生労働省オープンデータ,https://www.mhlw.go.jp/content/12300000/jigyosho_130.csv,2025-12末,https://www.google.com/search?q=%E3%82%B7%E3%83%B3%E3%82%B7%E3%82%A2%E3%83%91%E3%83%BC%E3%83%A0%E6%A0%AA%E5%BC%8F%E4%BC%9A%E7%A4%BE%E3%80%80%E3%82%B7%E3%83%B3%E3%82%B7%E3%82%A2%E8%A8%AA%E5%95%8F%E7%9C%8B%E8%AD%B7%E3%82%B9%E3%83%86%E3%83%BC%E3%82%B7%E3%83%A7%E3%83%B3%20%E5%9D%82%E4%BA%95%E5%B8%82
ハートフル訪問看護ステーション,訪問看護,福井県,坂井市,"介護,訪問看護,医療",看護師などが自宅へ訪問し、健康状態の確認や医療的ケア、療養生活の支援を行います。,http://www.hf-care.jp/,福井県坂井市丸岡町一本田中29字5の1プラザクシヤ2階,0776-67-5003,厚生労働省オープンデータ,https://www.mhlw.go.jp/content/12300000/jigyosho_130.csv,2025-12末,https://www.google.com/search?q=%E3%83%8F%E3%83%BC%E3%83%88%E3%83%95%E3%83%AB%E8%A8%AA%E5%95%8F%E7%9C%8B%E8%AD%B7%E3%82%B9%E3%83%86%E3%83%BC%E3%82%B7%E3%83%A7%E3%83%B3%20%E5%9D%82%E4%BA%95%E5%B8%82
トゥモローズ訪問看護・リハセンター,訪問看護,福井県,坂井市,"介護,訪問看護,医療",看護師などが自宅へ訪問し、健康状態の確認や医療的ケア、療養生活の支援を行います。,http://www.tomorrows-reha.com,福井県坂井市坂井町下新庄第１８号１５番地１,0776-50-1002,厚生労働省オープンデータ,https://www.mhlw.go.jp/content/12300000/jigyosho_130.csv,2025-12末,https://www.google.com/search?q=%E3%83%88%E3%82%A5%E3%83%A2%E3%83%AD%E3%83%BC%E3%82%BA%E8%A8%AA%E5%95%8F%E7%9C%8B%E8%AD%B7%E3%83%BB%E3%83%AA%E3%83%8F%E3%82%BB%E3%83%B3%E3%82%BF%E3%83%BC%20%E5%9D%82%E4%BA%95%E5%B8%82
ひかり訪問看護ステーション,訪問看護,福井県,永平寺町,"介護,訪問看護,医療",看護師などが自宅へ訪問し、健康状態の確認や医療的ケア、療養生活の支援を行います。,http://www.hikarigroup.jp/,吉田郡永平寺町山王7-28,0776-64-3400,厚生労働省オープンデータ,https://www.mhlw.go.jp/content/12300000/jigyosho_130.csv,2025-12末,https://www.google.com/search?q=%E3%81%B2%E3%81%8B%E3%82%8A%E8%A8%AA%E5%95%8F%E7%9C%8B%E8%AD%B7%E3%82%B9%E3%83%86%E3%83%BC%E3%82%B7%E3%83%A7%E3%83%B3%20%E6%B0%B8%E5%B9%B3%E5%AF%BA%E7%94%BA
永平寺町立在宅訪問診療所,訪問看護,福井県,永平寺町,"介護,訪問看護,医療",看護師などが自宅へ訪問し、健康状態の確認や医療的ケア、療養生活の支援を行います。,https://www.hosp.u-fukui.ac.jp/eiheiji-sinryou/,福井県吉田郡永平寺町松岡兼定島第38号45番地,0776－61－7500,厚生労働省オープンデータ,https://www.mhlw.go.jp/content/12300000/jigyosho_130.csv,2025-12末,https://www.google.com/search?q=%E6%B0%B8%E5%B9%B3%E5%AF%BA%E7%94%BA%E7%AB%8B%E5%9C%A8%E5%AE%85%E8%A8%AA%E5%95%8F%E8%A8%BA%E7%99%82%E6%89%80%20%E6%B0%B8%E5%B9%B3%E5%AF%BA%E7%94%BA
国民健康保険　池田町診療所　訪問看護,訪問看護,福井県,池田町,"介護,訪問看護,医療",看護師などが自宅へ訪問し、健康状態の確認や医療的ケア、療養生活の支援を行います。,https://www.town.ikeda.jp,福井県今立郡池田町薮田５－３－１国民健康保険　池田町診療所,０７７８－４４－６０２１,厚生労働省オープンデータ,https://www.mhlw.go.jp/content/12300000/jigyosho_130.csv,2025-12末,https://www.google.com/search?q=%E5%9B%BD%E6%B0%91%E5%81%A5%E5%BA%B7%E4%BF%9D%E9%99%BA%E3%80%80%E6%B1%A0%E7%94%B0%E7%94%BA%E8%A8%BA%E7%99%82%E6%89%80%E3%80%80%E8%A8%AA%E5%95%8F%E7%9C%8B%E8%AD%B7%20%E6%B1%A0%E7%94%B0%E7%94%BA
医療法人加藤医院,訪問看護,福井県,南越前町,"介護,訪問看護,医療",看護師などが自宅へ訪問し、健康状態の確認や医療的ケア、療養生活の支援を行います。,https://www.google.com/search?q=%E5%8C%BB%E7%99%82%E6%B3%95%E4%BA%BA%E5%8A%A0%E8%97%A4%E5%8C%BB%E9%99%A2%20%E5%8D%97%E8%B6%8A%E5%89%8D%E7%94%BA,福井県南条郡南越前町東大道２５号２７番地,0778-47-3233,厚生労働省オープンデータ,https://www.mhlw.go.jp/content/12300000/jigyosho_130.csv,2025-12末,https://www.google.com/search?q=%E5%8C%BB%E7%99%82%E6%B3%95%E4%BA%BA%E5%8A%A0%E8%97%A4%E5%8C%BB%E9%99%A2%20%E5%8D%97%E8%B6%8A%E5%89%8D%E7%94%BA
南越前町国民健康保険　今庄診療所,訪問看護,福井県,南越前町,"介護,訪問看護,医療",看護師などが自宅へ訪問し、健康状態の確認や医療的ケア、療養生活の支援を行います。,https://www.google.com/search?q=%E5%8D%97%E8%B6%8A%E5%89%8D%E7%94%BA%E5%9B%BD%E6%B0%91%E5%81%A5%E5%BA%B7%E4%BF%9D%E9%99%BA%E3%80%80%E4%BB%8A%E5%BA%84%E8%A8%BA%E7%99%82%E6%89%80%20%E5%8D%97%E8%B6%8A%E5%89%8D%E7%94%BA,福井県南条郡南越前町今庄第８４号２４番地の１,0778-45-0030,厚生労働省オープンデータ,https://www.mhlw.go.jp/content/12300000/jigyosho_130.csv,2025-12末,https://www.google.com/search?q=%E5%8D%97%E8%B6%8A%E5%89%8D%E7%94%BA%E5%9B%BD%E6%B0%91%E5%81%A5%E5%BA%B7%E4%BF%9D%E9%99%BA%E3%80%80%E4%BB%8A%E5%BA%84%E8%A8%BA%E7%99%82%E6%89%80%20%E5%8D%97%E8%B6%8A%E5%89%8D%E7%94%BA
おた訪問看護ステーション,訪問看護,福井県,越前町,"介護,訪問看護,医療",看護師などが自宅へ訪問し、健康状態の確認や医療的ケア、療養生活の支援を行います。,https://ota.jadecom.or.jp/,福井県丹生郡越前町織田106-42-2,0778-36-0190,厚生労働省オープンデータ,https://www.mhlw.go.jp/content/12300000/jigyosho_130.csv,2025-12末,https://www.google.com/search?q=%E3%81%8A%E3%81%9F%E8%A8%AA%E5%95%8F%E7%9C%8B%E8%AD%B7%E3%82%B9%E3%83%86%E3%83%BC%E3%82%B7%E3%83%A7%E3%83%B3%20%E8%B6%8A%E5%89%8D%E7%94%BA
訪問看護リハビリステーション｢すまいる｣,訪問看護,福井県,美浜町,"介護,訪問看護,医療",看護師などが自宅へ訪問し、健康状態の確認や医療的ケア、療養生活の支援を行います。,http://www1.kl.mmnet-ai.ne.jp/~slac/,福井県三方郡美浜町笹田第１２号２番地の１,0770-32-3188,厚生労働省オープンデータ,https://www.mhlw.go.jp/content/12300000/jigyosho_130.csv,2025-12末,https://www.google.com/search?q=%E8%A8%AA%E5%95%8F%E7%9C%8B%E8%AD%B7%E3%83%AA%E3%83%8F%E3%83%93%E3%83%AA%E3%82%B9%E3%83%86%E3%83%BC%E3%82%B7%E3%83%A7%E3%83%B3%EF%BD%A2%E3%81%99%E3%81%BE%E3%81%84%E3%82%8B%EF%BD%A3%20%E7%BE%8E%E6%B5%9C%E7%94%BA
えん訪問看護ステーション,訪問看護,福井県,美浜町,"介護,訪問看護,医療",看護師などが自宅へ訪問し、健康状態の確認や医療的ケア、療養生活の支援を行います。,https://enishi-en.co.jp,福井県三方郡美浜町金山37号28番地,0770-32-6001,厚生労働省オープンデータ,https://www.mhlw.go.jp/content/12300000/jigyosho_130.csv,2025-12末,https://www.google.com/search?q=%E3%81%88%E3%82%93%E8%A8%AA%E5%95%8F%E7%9C%8B%E8%AD%B7%E3%82%B9%E3%83%86%E3%83%BC%E3%82%B7%E3%83%A7%E3%83%B3%20%E7%BE%8E%E6%B5%9C%E7%94%BA
若狭高浜病院附属訪問看護ステーション,訪問看護,福井県,高浜町,"介護,訪問看護,医療",看護師などが自宅へ訪問し、健康状態の確認や医療的ケア、療養生活の支援を行います。,https://www.google.com/search?q=%E8%8B%A5%E7%8B%AD%E9%AB%98%E6%B5%9C%E7%97%85%E9%99%A2%E9%99%84%E5%B1%9E%E8%A8%AA%E5%95%8F%E7%9C%8B%E8%AD%B7%E3%82%B9%E3%83%86%E3%83%BC%E3%82%B7%E3%83%A7%E3%83%B3%20%E9%AB%98%E6%B5%9C%E7%94%BA,福井県大飯郡高浜町宮崎87-14-2,0770-72-1728,厚生労働省オープンデータ,https://www.mhlw.go.jp/content/12300000/jigyosho_130.csv,2025-12末,https://www.google.com/search?q=%E8%8B%A5%E7%8B%AD%E9%AB%98%E6%B5%9C%E7%97%85%E9%99%A2%E9%99%84%E5%B1%9E%E8%A8%AA%E5%95%8F%E7%9C%8B%E8%AD%B7%E3%82%B9%E3%83%86%E3%83%BC%E3%82%B7%E3%83%A7%E3%83%B3%20%E9%AB%98%E6%B5%9C%E7%94%BA
訪問看護ステーション　グっとサポート,訪問看護,福井県,高浜町,"介護,訪問看護,医療",看護師などが自宅へ訪問し、健康状態の確認や医療的ケア、療養生活の支援を行います。,http://goodsupport.hannnari.com/,福井県大飯郡高浜町薗部47-4,0770-72-3373,厚生労働省オープンデータ,https://www.mhlw.go.jp/content/12300000/jigyosho_130.csv,2025-12末,https://www.google.com/search?q=%E8%A8%AA%E5%95%8F%E7%9C%8B%E8%AD%B7%E3%82%B9%E3%83%86%E3%83%BC%E3%82%B7%E3%83%A7%E3%83%B3%E3%80%80%E3%82%B0%E3%81%A3%E3%81%A8%E3%82%B5%E3%83%9D%E3%83%BC%E3%83%88%20%E9%AB%98%E6%B5%9C%E7%94%BA
tetote訪問看護ステーション,訪問看護,福井県,高浜町,"介護,訪問看護,医療",看護師などが自宅へ訪問し、健康状態の確認や医療的ケア、療養生活の支援を行います。,tetote0201.net,福井県大飯郡高浜町三明第3号34番地,0770-72-2050,厚生労働省オープンデータ,https://www.mhlw.go.jp/content/12300000/jigyosho_130.csv,2025-12末,https://www.google.com/search?q=tetote%E8%A8%AA%E5%95%8F%E7%9C%8B%E8%AD%B7%E3%82%B9%E3%83%86%E3%83%BC%E3%82%B7%E3%83%A7%E3%83%B3%20%E9%AB%98%E6%B5%9C%E7%94%BA
訪問看護ステーションであい,訪問看護,福井県,高浜町,"介護,訪問看護,医療",看護師などが自宅へ訪問し、健康状態の確認や医療的ケア、療養生活の支援を行います。,r.goope.jp/taka-care/,福井県大飯郡高浜町青１字宮ヶ谷１号３番地１,0770507643,厚生労働省オープンデータ,https://www.mhlw.go.jp/content/12300000/jigyosho_130.csv,2025-12末,https://www.google.com/search?q=%E8%A8%AA%E5%95%8F%E7%9C%8B%E8%AD%B7%E3%82%B9%E3%83%86%E3%83%BC%E3%82%B7%E3%83%A7%E3%83%B3%E3%81%A7%E3%81%82%E3%81%84%20%E9%AB%98%E6%B5%9C%E7%94%BA
おおい町国民健康保険名田庄診療所,訪問看護,福井県,おおい町,"介護,訪問看護,医療",看護師などが自宅へ訪問し、健康状態の確認や医療的ケア、療養生活の支援を行います。,http://www.town.ohi.fukui.jp/object/object08/8003/p10475.html,福井県大飯郡おおい町名田庄下６－１,0770-67-3037,厚生労働省オープンデータ,https://www.mhlw.go.jp/content/12300000/jigyosho_130.csv,2025-12末,https://www.google.com/search?q=%E3%81%8A%E3%81%8A%E3%81%84%E7%94%BA%E5%9B%BD%E6%B0%91%E5%81%A5%E5%BA%B7%E4%BF%9D%E9%99%BA%E5%90%8D%E7%94%B0%E5%BA%84%E8%A8%BA%E7%99%82%E6%89%80%20%E3%81%8A%E3%81%8A%E3%81%84%E7%94%BA
おおい町保健・医療・福祉総合施設診療所,訪問看護,福井県,おおい町,"介護,訪問看護,医療",看護師などが自宅へ訪問し、健康状態の確認や医療的ケア、療養生活の支援を行います。,http://www.jadecom.or.jp/jadecomhp/nagomi/html/index.html,福井県大飯郡おおい町本郷第92号51番地1,0770-77-2753,厚生労働省オープンデータ,https://www.mhlw.go.jp/content/12300000/jigyosho_130.csv,2025-12末,https://www.google.com/search?q=%E3%81%8A%E3%81%8A%E3%81%84%E7%94%BA%E4%BF%9D%E5%81%A5%E3%83%BB%E5%8C%BB%E7%99%82%E3%83%BB%E7%A6%8F%E7%A5%89%E7%B7%8F%E5%90%88%E6%96%BD%E8%A8%AD%E8%A8%BA%E7%99%82%E6%89%80%20%E3%81%8A%E3%81%8A%E3%81%84%E7%94%BA
若狭町国民健康保険上中診療所,訪問看護,福井県,若狭町,"介護,訪問看護,医療",看護師などが自宅へ訪問し、健康状態の確認や医療的ケア、療養生活の支援を行います。,http://www.town.fukui-wakasa.lg.jp,福井県三方上中郡若狭町市場第１９号５番地,0770ー62ー１１８８,厚生労働省オープンデータ,https://www.mhlw.go.jp/content/12300000/jigyosho_130.csv,2025-12末,https://www.google.com/search?q=%E8%8B%A5%E7%8B%AD%E7%94%BA%E5%9B%BD%E6%B0%91%E5%81%A5%E5%BA%B7%E4%BF%9D%E9%99%BA%E4%B8%8A%E4%B8%AD%E8%A8%BA%E7%99%82%E6%89%80%20%E8%8B%A5%E7%8B%AD%E7%94%BA
訪問看護ステーション　わかさ,訪問看護,福井県,若狭町,"介護,訪問看護,医療",看護師などが自宅へ訪問し、健康状態の確認や医療的ケア、療養生活の支援を行います。,http://www.w-shakyo.or.jp/,福井県三方上中郡若狭町井崎40-80地域福祉センター泉,0770-45-2837,厚生労働省オープンデータ,https://www.mhlw.go.jp/content/12300000/jigyosho_130.csv,2025-12末,https://www.google.com/search?q=%E8%A8%AA%E5%95%8F%E7%9C%8B%E8%AD%B7%E3%82%B9%E3%83%86%E3%83%BC%E3%82%B7%E3%83%A7%E3%83%B3%E3%80%80%E3%82%8F%E3%81%8B%E3%81%95%20%E8%8B%A5%E7%8B%AD%E7%94%BA
訪問看護ステーションわらく,訪問看護,福井県,若狭町,"介護,訪問看護,医療",看護師などが自宅へ訪問し、健康状態の確認や医療的ケア、療養生活の支援を行います。,http://www.s-a-care.co.jp/,上吉田1-25-1,0770-62-1165,厚生労働省オープンデータ,https://www.mhlw.go.jp/content/12300000/jigyosho_130.csv,2025-12末,https://www.google.com/search?q=%E8%A8%AA%E5%95%8F%E7%9C%8B%E8%AD%B7%E3%82%B9%E3%83%86%E3%83%BC%E3%82%B7%E3%83%A7%E3%83%B3%E3%82%8F%E3%82%89%E3%81%8F%20%E8%8B%A5%E7%8B%AD%E7%94%BA
訪問リハビリテーション華みずき,訪問リハビリ,福井県,福井市,"介護,訪問リハビリ,リハビリ",訪問リハビリの公式オープンデータから取り込んだ候補です。詳細は公式情報・電話・見学で確認してください。,http://tanaka-seikeiganka.com/,福井県福井市種池1丁目609番2,0776-35-8732,厚生労働省オープンデータ,https://www.mhlw.go.jp/content/12300000/jigyosho_140.csv,2025-12末,https://www.google.com/search?q=%E8%A8%AA%E5%95%8F%E3%83%AA%E3%83%8F%E3%83%93%E3%83%AA%E3%83%86%E3%83%BC%E3%82%B7%E3%83%A7%E3%83%B3%E8%8F%AF%E3%81%BF%E3%81%9A%E3%81%8D%20%E7%A6%8F%E4%BA%95%E5%B8%82
福井県済生会介護老人保健施設ケアホーム・さいせい,訪問リハビリ,福井県,福井市,"介護,訪問リハビリ,リハビリ",訪問リハビリの公式オープンデータから取り込んだ候補です。詳細は公式情報・電話・見学で確認してください。,http://carehomesaisei.server-shared.com/,福井県福井市和田中町徳万28,0776-30-7660,厚生労働省オープンデータ,https://www.mhlw.go.jp/content/12300000/jigyosho_140.csv,2025-12末,https://www.google.com/search?q=%E7%A6%8F%E4%BA%95%E7%9C%8C%E6%B8%88%E7%94%9F%E4%BC%9A%E4%BB%8B%E8%AD%B7%E8%80%81%E4%BA%BA%E4%BF%9D%E5%81%A5%E6%96%BD%E8%A8%AD%E3%82%B1%E3%82%A2%E3%83%9B%E3%83%BC%E3%83%A0%E3%83%BB%E3%81%95%E3%81%84%E3%81%9B%E3%81%84%20%E7%A6%8F%E4%BA%95%E5%B8%82
山内整形外科,訪問リハビリ,福井県,福井市,"介護,訪問リハビリ,リハビリ",訪問リハビリの公式オープンデータから取り込んだ候補です。詳細は公式情報・電話・見学で確認してください。,http://www.yamauchi-seikei.jp,大宮4-13-18,0776-26-1160,厚生労働省オープンデータ,https://www.mhlw.go.jp/content/12300000/jigyosho_140.csv,2025-12末,https://www.google.com/search?q=%E5%B1%B1%E5%86%85%E6%95%B4%E5%BD%A2%E5%A4%96%E7%A7%91%20%E7%A6%8F%E4%BA%95%E5%B8%82
医療法人　堀の宮整形外科,訪問リハビリ,福井県,福井市,"介護,訪問リハビリ,リハビリ",訪問リハビリの公式オープンデータから取り込んだ候補です。詳細は公式情報・電話・見学で確認してください。,https://www.google.com/search?q=%E5%8C%BB%E7%99%82%E6%B3%95%E4%BA%BA%E3%80%80%E5%A0%80%E3%81%AE%E5%AE%AE%E6%95%B4%E5%BD%A2%E5%A4%96%E7%A7%91%20%E7%A6%8F%E4%BA%95%E5%B8%82,堀ノ宮１丁目124番地,0776-30-1000,厚生労働省オープンデータ,https://www.mhlw.go.jp/content/12300000/jigyosho_140.csv,2025-12末,https://www.google.com/search?q=%E5%8C%BB%E7%99%82%E6%B3%95%E4%BA%BA%E3%80%80%E5%A0%80%E3%81%AE%E5%AE%AE%E6%95%B4%E5%BD%A2%E5%A4%96%E7%A7%91%20%E7%A6%8F%E4%BA%95%E5%B8%82
大滝病院,訪問リハビリ,福井県,福井市,"介護,訪問リハビリ,リハビリ",訪問リハビリの公式オープンデータから取り込んだ候補です。詳細は公式情報・電話・見学で確認してください。,http://www.otaki-hp.or.jp/otaki/,福井県福井市日光1-2-1,0776-23-3215,厚生労働省オープンデータ,https://www.mhlw.go.jp/content/12300000/jigyosho_140.csv,2025-12末,https://www.google.com/search?q=%E5%A4%A7%E6%BB%9D%E7%97%85%E9%99%A2%20%E7%A6%8F%E4%BA%95%E5%B8%82
福井リハビリテーション病院,訪問リハビリ,福井県,福井市,"介護,訪問リハビリ,リハビリ",訪問リハビリの公式オープンデータから取り込んだ候補です。詳細は公式情報・電話・見学で確認してください。,http://www.otaki-hp.or.jp/group/fukui-rehabilitation,福井市南楢原町20字大畑2番地,0776-59-1126,厚生労働省オープンデータ,https://www.mhlw.go.jp/content/12300000/jigyosho_140.csv,2025-12末,https://www.google.com/search?q=%E7%A6%8F%E4%BA%95%E3%83%AA%E3%83%8F%E3%83%93%E3%83%AA%E3%83%86%E3%83%BC%E3%82%B7%E3%83%A7%E3%83%B3%E7%97%85%E9%99%A2%20%E7%A6%8F%E4%BA%95%E5%B8%82
さくら病院　訪問リハビリテーション,訪問リハビリ,福井県,福井市,"介護,訪問リハビリ,リハビリ",訪問リハビリの公式オープンデータから取り込んだ候補です。詳細は公式情報・電話・見学で確認してください。,http://www.senjukai.com/sakura/sakurasenjyu.html,福井県福井市下荒井町第21号44番地の1,0776-39-1600,厚生労働省オープンデータ,https://www.mhlw.go.jp/content/12300000/jigyosho_140.csv,2025-12末,https://www.google.com/search?q=%E3%81%95%E3%81%8F%E3%82%89%E7%97%85%E9%99%A2%E3%80%80%E8%A8%AA%E5%95%8F%E3%83%AA%E3%83%8F%E3%83%93%E3%83%AA%E3%83%86%E3%83%BC%E3%82%B7%E3%83%A7%E3%83%B3%20%E7%A6%8F%E4%BA%95%E5%B8%82
嶋田病院訪問リハビリ,訪問リハビリ,福井県,福井市,"介護,訪問リハビリ,リハビリ",訪問リハビリの公式オープンデータから取り込んだ候補です。詳細は公式情報・電話・見学で確認してください。,http://www.kenkoukai.or.jp/,福井県福井市西方1丁目2－11いちご在宅支援センター4F,0776-22-0115,厚生労働省オープンデータ,https://www.mhlw.go.jp/content/12300000/jigyosho_140.csv,2025-12末,https://www.google.com/search?q=%E5%B6%8B%E7%94%B0%E7%97%85%E9%99%A2%E8%A8%AA%E5%95%8F%E3%83%AA%E3%83%8F%E3%83%93%E3%83%AA%20%E7%A6%8F%E4%BA%95%E5%B8%82
福井温泉病院,訪問リハビリ,福井県,福井市,"介護,訪問リハビリ,リハビリ",訪問リハビリの公式オープンデータから取り込んだ候補です。詳細は公式情報・電話・見学で確認してください。,http://www.fukuionsen.jp,福井県福井市天菅生町7-1,0776-59-1311,厚生労働省オープンデータ,https://www.mhlw.go.jp/content/12300000/jigyosho_140.csv,2025-12末,https://www.google.com/search?q=%E7%A6%8F%E4%BA%95%E6%B8%A9%E6%B3%89%E7%97%85%E9%99%A2%20%E7%A6%8F%E4%BA%95%E5%B8%82
光陽生協クリニック,訪問リハビリ,福井県,福井市,"介護,訪問リハビリ,リハビリ",訪問リハビリの公式オープンデータから取り込んだ候補です。詳細は公式情報・電話・見学で確認してください。,http://www.koyo-gr.jp/,福井県福井市光陽3丁目9-23,0776-24-3310,厚生労働省オープンデータ,https://www.mhlw.go.jp/content/12300000/jigyosho_140.csv,2025-12末,https://www.google.com/search?q=%E5%85%89%E9%99%BD%E7%94%9F%E5%8D%94%E3%82%AF%E3%83%AA%E3%83%8B%E3%83%83%E3%82%AF%20%E7%A6%8F%E4%BA%95%E5%B8%82
医療法人弘昭会大森整形外科リウマチ科　訪問リハビリテーション,訪問リハビリ,福井県,福井市,"介護,訪問リハビリ,リハビリ",訪問リハビリの公式オープンデータから取り込んだ候補です。詳細は公式情報・電話・見学で確認してください。,https://omori-seikei.or.jp,福井県福井市北四ツ居3-14-12大森整形外科リウマチ科,0776-57-5000,厚生労働省オープンデータ,https://www.mhlw.go.jp/content/12300000/jigyosho_140.csv,2025-12末,https://www.google.com/search?q=%E5%8C%BB%E7%99%82%E6%B3%95%E4%BA%BA%E5%BC%98%E6%98%AD%E4%BC%9A%E5%A4%A7%E6%A3%AE%E6%95%B4%E5%BD%A2%E5%A4%96%E7%A7%91%E3%83%AA%E3%82%A6%E3%83%9E%E3%83%81%E7%A7%91%E3%80%80%E8%A8%AA%E5%95%8F%E3%83%AA%E3%83%8F%E3%83%93%E3%83%AA%E3%83%86%E3%83%BC%E3%82%B7%E3%83%A7%E3%83%B3%20%E7%A6%8F%E4%BA%95%E5%B8%82
往診クリニックふくい,訪問リハビリ,福井県,福井市,"介護,訪問リハビリ,リハビリ",訪問リハビリの公式オープンデータから取り込んだ候補です。詳細は公式情報・電話・見学で確認してください。,http://www.oushin-fukui.com,福井県福井市西谷2丁目2704番地エスパンドル103号,0776-36-1811,厚生労働省オープンデータ,https://www.mhlw.go.jp/content/12300000/jigyosho_140.csv,2025-12末,https://www.google.com/search?q=%E5%BE%80%E8%A8%BA%E3%82%AF%E3%83%AA%E3%83%8B%E3%83%83%E3%82%AF%E3%81%B5%E3%81%8F%E3%81%84%20%E7%A6%8F%E4%BA%95%E5%B8%82
福井厚生病院訪問リハビリテーション,訪問リハビリ,福井県,福井市,"介護,訪問リハビリ,リハビリ",訪問リハビリの公式オープンデータから取り込んだ候補です。詳細は公式情報・電話・見学で確認してください。,https://koseikaigroup.jp/,福井市下六条町1字6番1,0776-41-8484,厚生労働省オープンデータ,https://www.mhlw.go.jp/content/12300000/jigyosho_140.csv,2025-12末,https://www.google.com/search?q=%E7%A6%8F%E4%BA%95%E5%8E%9A%E7%94%9F%E7%97%85%E9%99%A2%E8%A8%AA%E5%95%8F%E3%83%AA%E3%83%8F%E3%83%93%E3%83%AA%E3%83%86%E3%83%BC%E3%82%B7%E3%83%A7%E3%83%B3%20%E7%A6%8F%E4%BA%95%E5%B8%82
介護老人保健施設　アルマ千寿,訪問リハビリ,福井県,福井市,"介護,訪問リハビリ,リハビリ",訪問リハビリの公式オープンデータから取り込んだ候補です。詳細は公式情報・電話・見学で確認してください。,http://www.senjukai.com,福井県福井市川合鷲塚町49-5,0776-55-1600,厚生労働省オープンデータ,https://www.mhlw.go.jp/content/12300000/jigyosho_140.csv,2025-12末,https://www.google.com/search?q=%E4%BB%8B%E8%AD%B7%E8%80%81%E4%BA%BA%E4%BF%9D%E5%81%A5%E6%96%BD%E8%A8%AD%E3%80%80%E3%82%A2%E3%83%AB%E3%83%9E%E5%8D%83%E5%AF%BF%20%E7%A6%8F%E4%BA%95%E5%B8%82
医療法人FHOC　福井はやし整形外科,訪問リハビリ,福井県,福井市,"介護,訪問リハビリ,リハビリ",訪問リハビリの公式オープンデータから取り込んだ候補です。詳細は公式情報・電話・見学で確認してください。,https://www.fukuihayasi-seikei.jp,福井県　福井市　加茂河原　3丁目　8-6,0776-33-2611,厚生労働省オープンデータ,https://www.mhlw.go.jp/content/12300000/jigyosho_140.csv,2025-12末,https://www.google.com/search?q=%E5%8C%BB%E7%99%82%E6%B3%95%E4%BA%BAFHOC%E3%80%80%E7%A6%8F%E4%BA%95%E3%81%AF%E3%82%84%E3%81%97%E6%95%B4%E5%BD%A2%E5%A4%96%E7%A7%91%20%E7%A6%8F%E4%BA%95%E5%B8%82
医療法人敦賀温泉病院指定居宅介護支援事業所,訪問リハビリ,福井県,敦賀市,"介護,訪問リハビリ,リハビリ",訪問リハビリの公式オープンデータから取り込んだ候補です。詳細は公式情報・電話・見学で確認してください。,http://www.tsurugaonsen-hp.or.jp,福井県敦賀市吉河41-1-5,0770-23-8210,厚生労働省オープンデータ,https://www.mhlw.go.jp/content/12300000/jigyosho_140.csv,2025-12末,https://www.google.com/search?q=%E5%8C%BB%E7%99%82%E6%B3%95%E4%BA%BA%E6%95%A6%E8%B3%80%E6%B8%A9%E6%B3%89%E7%97%85%E9%99%A2%E6%8C%87%E5%AE%9A%E5%B1%85%E5%AE%85%E4%BB%8B%E8%AD%B7%E6%94%AF%E6%8F%B4%E4%BA%8B%E6%A5%AD%E6%89%80%20%E6%95%A6%E8%B3%80%E5%B8%82
泉ヶ丘病院附属かなわクリニック訪問リハビリテーション,訪問リハビリ,福井県,敦賀市,"介護,訪問リハビリ,リハビリ",訪問リハビリの公式オープンデータから取り込んだ候補です。詳細は公式情報・電話・見学で確認してください。,http://www.izumigaoka.jp,福井県敦賀市鉄輪町1丁目2番55号,0770-22-6660,厚生労働省オープンデータ,https://www.mhlw.go.jp/content/12300000/jigyosho_140.csv,2025-12末,https://www.google.com/search?q=%E6%B3%89%E3%83%B6%E4%B8%98%E7%97%85%E9%99%A2%E9%99%84%E5%B1%9E%E3%81%8B%E3%81%AA%E3%82%8F%E3%82%AF%E3%83%AA%E3%83%8B%E3%83%83%E3%82%AF%E8%A8%AA%E5%95%8F%E3%83%AA%E3%83%8F%E3%83%93%E3%83%AA%E3%83%86%E3%83%BC%E3%82%B7%E3%83%A7%E3%83%B3%20%E6%95%A6%E8%B3%80%E5%B8%82
訪問リハビリテーションめいほう,訪問リハビリ,福井県,敦賀市,"介護,訪問リハビリ,リハビリ",訪問リハビリの公式オープンデータから取り込んだ候補です。詳細は公式情報・電話・見学で確認してください。,http://meihoukai.com,敦賀市昭和町2丁目２８０１介護老人保健施設リバーサイド気比の杜内,0770-20-1171,厚生労働省オープンデータ,https://www.mhlw.go.jp/content/12300000/jigyosho_140.csv,2025-12末,https://www.google.com/search?q=%E8%A8%AA%E5%95%8F%E3%83%AA%E3%83%8F%E3%83%93%E3%83%AA%E3%83%86%E3%83%BC%E3%82%B7%E3%83%A7%E3%83%B3%E3%82%81%E3%81%84%E3%81%BB%E3%81%86%20%E6%95%A6%E8%B3%80%E5%B8%82
中山クリニック,訪問リハビリ,福井県,小浜市,"介護,訪問リハビリ,リハビリ",訪問リハビリの公式オープンデータから取り込んだ候補です。詳細は公式情報・電話・見学で確認してください。,https://sanaikai-obama.com/,福井県小浜市多田2-2-1,0770-56-5580,厚生労働省オープンデータ,https://www.mhlw.go.jp/content/12300000/jigyosho_140.csv,2025-12末,https://www.google.com/search?q=%E4%B8%AD%E5%B1%B1%E3%82%AF%E3%83%AA%E3%83%8B%E3%83%83%E3%82%AF%20%E5%B0%8F%E6%B5%9C%E5%B8%82
広瀬病院訪問リハビリステーション,訪問リハビリ,福井県,大野市,"介護,訪問リハビリ,リハビリ",訪問リハビリの公式オープンデータから取り込んだ候補です。詳細は公式情報・電話・見学で確認してください。,https://www.google.com/search?q=%E5%BA%83%E7%80%AC%E7%97%85%E9%99%A2%E8%A8%AA%E5%95%8F%E3%83%AA%E3%83%8F%E3%83%93%E3%83%AA%E3%82%B9%E3%83%86%E3%83%BC%E3%82%B7%E3%83%A7%E3%83%B3%20%E5%A4%A7%E9%87%8E%E5%B8%82,福井県大野市城町10-1,070 - 2305 -,厚生労働省オープンデータ,https://www.mhlw.go.jp/content/12300000/jigyosho_140.csv,2025-12末,https://www.google.com/search?q=%E5%BA%83%E7%80%AC%E7%97%85%E9%99%A2%E8%A8%AA%E5%95%8F%E3%83%AA%E3%83%8F%E3%83%93%E3%83%AA%E3%82%B9%E3%83%86%E3%83%BC%E3%82%B7%E3%83%A7%E3%83%B3%20%E5%A4%A7%E9%87%8E%E5%B8%82
松田病院訪問リハビリテーション,訪問リハビリ,福井県,大野市,"介護,訪問リハビリ,リハビリ",訪問リハビリの公式オープンデータから取り込んだ候補です。詳細は公式情報・電話・見学で確認してください。,http://www.kirakirakai-matsuda.or.jp/,福井県大野市要町1-13,0779-66-3238,厚生労働省オープンデータ,https://www.mhlw.go.jp/content/12300000/jigyosho_140.csv,2025-12末,https://www.google.com/search?q=%E6%9D%BE%E7%94%B0%E7%97%85%E9%99%A2%E8%A8%AA%E5%95%8F%E3%83%AA%E3%83%8F%E3%83%93%E3%83%AA%E3%83%86%E3%83%BC%E3%82%B7%E3%83%A7%E3%83%B3%20%E5%A4%A7%E9%87%8E%E5%B8%82
高村病院　訪問リハビリステーション神明,訪問リハビリ,福井県,鯖江市,"介護,訪問リハビリ,リハビリ",訪問リハビリの公式オープンデータから取り込んだ候補です。詳細は公式情報・電話・見学で確認してください。,https://www.google.com/search?q=%E9%AB%98%E6%9D%91%E7%97%85%E9%99%A2%E3%80%80%E8%A8%AA%E5%95%8F%E3%83%AA%E3%83%8F%E3%83%93%E3%83%AA%E3%82%B9%E3%83%86%E3%83%BC%E3%82%B7%E3%83%A7%E3%83%B3%E7%A5%9E%E6%98%8E%20%E9%AF%96%E6%B1%9F%E5%B8%82,福井県鯖江市幸町1丁目2-2,0778-51-8228,厚生労働省オープンデータ,https://www.mhlw.go.jp/content/12300000/jigyosho_140.csv,2025-12末,https://www.google.com/search?q=%E9%AB%98%E6%9D%91%E7%97%85%E9%99%A2%E3%80%80%E8%A8%AA%E5%95%8F%E3%83%AA%E3%83%8F%E3%83%93%E3%83%AA%E3%82%B9%E3%83%86%E3%83%BC%E3%82%B7%E3%83%A7%E3%83%B3%E7%A5%9E%E6%98%8E%20%E9%AF%96%E6%B1%9F%E5%B8%82
訪問リハビリセンターさばえ,訪問リハビリ,福井県,鯖江市,"介護,訪問リハビリ,リハビリ",訪問リハビリの公式オープンデータから取り込んだ候補です。詳細は公式情報・電話・見学で確認してください。,https://www.jujinkai.or.jp,鯖江市旭町４丁目４－９,0778-51-0478,厚生労働省オープンデータ,https://www.mhlw.go.jp/content/12300000/jigyosho_140.csv,2025-12末,https://www.google.com/search?q=%E8%A8%AA%E5%95%8F%E3%83%AA%E3%83%8F%E3%83%93%E3%83%AA%E3%82%BB%E3%83%B3%E3%82%BF%E3%83%BC%E3%81%95%E3%81%B0%E3%81%88%20%E9%AF%96%E6%B1%9F%E5%B8%82
訪問リハビリテーションひろせ,訪問リハビリ,福井県,鯖江市,"介護,訪問リハビリ,リハビリ",訪問リハビリの公式オープンデータから取り込んだ候補です。詳細は公式情報・電話・見学で確認してください。,https://hirosebyouin.com,福井県鯖江市旭町１丁目2-8広瀬病院　リハビリテーション室内,０７７８－５１－３０３０,厚生労働省オープンデータ,https://www.mhlw.go.jp/content/12300000/jigyosho_140.csv,2025-12末,https://www.google.com/search?q=%E8%A8%AA%E5%95%8F%E3%83%AA%E3%83%8F%E3%83%93%E3%83%AA%E3%83%86%E3%83%BC%E3%82%B7%E3%83%A7%E3%83%B3%E3%81%B2%E3%82%8D%E3%81%9B%20%E9%AF%96%E6%B1%9F%E5%B8%82
医療法人至捷会木村病院,訪問リハビリ,福井県,あわら市,"介護,訪問リハビリ,リハビリ",訪問リハビリの公式オープンデータから取り込んだ候補です。詳細は公式情報・電話・見学で確認してください。,http://kimura-hospital.jp/,北金津57号25番地,0776-73-3323,厚生労働省オープンデータ,https://www.mhlw.go.jp/content/12300000/jigyosho_140.csv,2025-12末,https://www.google.com/search?q=%E5%8C%BB%E7%99%82%E6%B3%95%E4%BA%BA%E8%87%B3%E6%8D%B7%E4%BC%9A%E6%9C%A8%E6%9D%91%E7%97%85%E9%99%A2%20%E3%81%82%E3%82%8F%E3%82%89%E5%B8%82
横垣クリニック訪問リハビリステーション,訪問リハビリ,福井県,あわら市,"介護,訪問リハビリ,リハビリ",訪問リハビリの公式オープンデータから取り込んだ候補です。詳細は公式情報・電話・見学で確認してください。,https://careheights.jp/clinic/,福井県あわら市横垣18-11,0776-78-7097,厚生労働省オープンデータ,https://www.mhlw.go.jp/content/12300000/jigyosho_140.csv,2025-12末,https://www.google.com/search?q=%E6%A8%AA%E5%9E%A3%E3%82%AF%E3%83%AA%E3%83%8B%E3%83%83%E3%82%AF%E8%A8%AA%E5%95%8F%E3%83%AA%E3%83%8F%E3%83%93%E3%83%AA%E3%82%B9%E3%83%86%E3%83%BC%E3%82%B7%E3%83%A7%E3%83%B3%20%E3%81%82%E3%82%8F%E3%82%89%E5%B8%82
一般財団法人　今立中央病院,訪問リハビリ,福井県,越前市,"介護,訪問リハビリ,リハビリ",訪問リハビリの公式オープンデータから取り込んだ候補です。詳細は公式情報・電話・見学で確認してください。,http://www.imadatechuo-hp.com/,福井県越前市粟田部町３３－１,0778-42-1800,厚生労働省オープンデータ,https://www.mhlw.go.jp/content/12300000/jigyosho_140.csv,2025-12末,https://www.google.com/search?q=%E4%B8%80%E8%88%AC%E8%B2%A1%E5%9B%A3%E6%B3%95%E4%BA%BA%E3%80%80%E4%BB%8A%E7%AB%8B%E4%B8%AD%E5%A4%AE%E7%97%85%E9%99%A2%20%E8%B6%8A%E5%89%8D%E5%B8%82
医療法人　林病院リハビリテーションセンター訪問事業部,訪問リハビリ,福井県,越前市,"介護,訪問リハビリ,リハビリ",訪問リハビリの公式オープンデータから取り込んだ候補です。詳細は公式情報・電話・見学で確認してください。,http://www.hayashi-hospital.or.jp/,福井県越前市府中１丁目3番5号,0778-24-5508,厚生労働省オープンデータ,https://www.mhlw.go.jp/content/12300000/jigyosho_140.csv,2025-12末,https://www.google.com/search?q=%E5%8C%BB%E7%99%82%E6%B3%95%E4%BA%BA%E3%80%80%E6%9E%97%E7%97%85%E9%99%A2%E3%83%AA%E3%83%8F%E3%83%93%E3%83%AA%E3%83%86%E3%83%BC%E3%82%B7%E3%83%A7%E3%83%B3%E3%82%BB%E3%83%B3%E3%82%BF%E3%83%BC%E8%A8%AA%E5%95%8F%E4%BA%8B%E6%A5%AD%E9%83%A8%20%E8%B6%8A%E5%89%8D%E5%B8%82
医療法人　斎藤医院,訪問リハビリ,福井県,越前市,"介護,訪問リハビリ,リハビリ",訪問リハビリの公式オープンデータから取り込んだ候補です。詳細は公式情報・電話・見学で確認してください。,https://www.google.com/search?q=%E5%8C%BB%E7%99%82%E6%B3%95%E4%BA%BA%E3%80%80%E6%96%8E%E8%97%A4%E5%8C%BB%E9%99%A2%20%E8%B6%8A%E5%89%8D%E5%B8%82,福井県越前市北府３丁目丁目５番１号,0778-22-0234,厚生労働省オープンデータ,https://www.mhlw.go.jp/content/12300000/jigyosho_140.csv,2025-12末,https://www.google.com/search?q=%E5%8C%BB%E7%99%82%E6%B3%95%E4%BA%BA%E3%80%80%E6%96%8E%E8%97%A4%E5%8C%BB%E9%99%A2%20%E8%B6%8A%E5%89%8D%E5%B8%82
池端病院訪問リハビリテーションセンター,訪問リハビリ,福井県,越前市,"介護,訪問リハビリ,リハビリ",訪問リハビリの公式オープンデータから取り込んだ候補です。詳細は公式情報・電話・見学で確認してください。,https://ikebata.jp,福井県越前市今宿町8-1池端病院,0778-23-0150,厚生労働省オープンデータ,https://www.mhlw.go.jp/content/12300000/jigyosho_140.csv,2025-12末,https://www.google.com/search?q=%E6%B1%A0%E7%AB%AF%E7%97%85%E9%99%A2%E8%A8%AA%E5%95%8F%E3%83%AA%E3%83%8F%E3%83%93%E3%83%AA%E3%83%86%E3%83%BC%E3%82%B7%E3%83%A7%E3%83%B3%E3%82%BB%E3%83%B3%E3%82%BF%E3%83%BC%20%E8%B6%8A%E5%89%8D%E5%B8%82
宮崎病院訪問リハビリテーション,訪問リハビリ,福井県,坂井市,"介護,訪問リハビリ,リハビリ",訪問リハビリの公式オープンデータから取り込んだ候補です。詳細は公式情報・電話・見学で確認してください。,http://www.miyazaki-hp.com,福井県坂井市三国町北本町2-2-6,0776-82-1002,厚生労働省オープンデータ,https://www.mhlw.go.jp/content/12300000/jigyosho_140.csv,2025-12末,https://www.google.com/search?q=%E5%AE%AE%E5%B4%8E%E7%97%85%E9%99%A2%E8%A8%AA%E5%95%8F%E3%83%AA%E3%83%8F%E3%83%93%E3%83%AA%E3%83%86%E3%83%BC%E3%82%B7%E3%83%A7%E3%83%B3%20%E5%9D%82%E4%BA%95%E5%B8%82
医療法人　聖仁会　藤井医院,訪問リハビリ,福井県,坂井市,"介護,訪問リハビリ,リハビリ",訪問リハビリの公式オープンデータから取り込んだ候補です。詳細は公式情報・電話・見学で確認してください。,fj-g.jp,福井県坂井市三国町南本町3-3-20,0776-82-1113,厚生労働省オープンデータ,https://www.mhlw.go.jp/content/12300000/jigyosho_140.csv,2025-12末,https://www.google.com/search?q=%E5%8C%BB%E7%99%82%E6%B3%95%E4%BA%BA%E3%80%80%E8%81%96%E4%BB%81%E4%BC%9A%E3%80%80%E8%97%A4%E4%BA%95%E5%8C%BB%E9%99%A2%20%E5%9D%82%E4%BA%95%E5%B8%82
介護老人保健施設　東尋坊ひまわりの丘,訪問リハビリ,福井県,坂井市,"介護,訪問リハビリ,リハビリ",訪問リハビリの公式オープンデータから取り込んだ候補です。詳細は公式情報・電話・見学で確認してください。,http://fj-g.jp/,福井県坂井市三国町陣ケ岡１６－１３－１８,0776-82-8500,厚生労働省オープンデータ,https://www.mhlw.go.jp/content/12300000/jigyosho_140.csv,2025-12末,https://www.google.com/search?q=%E4%BB%8B%E8%AD%B7%E8%80%81%E4%BA%BA%E4%BF%9D%E5%81%A5%E6%96%BD%E8%A8%AD%E3%80%80%E6%9D%B1%E5%B0%8B%E5%9D%8A%E3%81%B2%E3%81%BE%E3%82%8F%E3%82%8A%E3%81%AE%E4%B8%98%20%E5%9D%82%E4%BA%95%E5%B8%82
藤田神経内科病院,訪問リハビリ,福井県,坂井市,"介護,訪問リハビリ,リハビリ",訪問リハビリの公式オープンデータから取り込んだ候補です。詳細は公式情報・電話・見学で確認してください。,http://akanekai.net,福井県坂井市丸岡町羽崎31-12-1,0776-67-1120,厚生労働省オープンデータ,https://www.mhlw.go.jp/content/12300000/jigyosho_140.csv,2025-12末,https://www.google.com/search?q=%E8%97%A4%E7%94%B0%E7%A5%9E%E7%B5%8C%E5%86%85%E7%A7%91%E7%97%85%E9%99%A2%20%E5%9D%82%E4%BA%95%E5%B8%82
シルバーケア日野,訪問リハビリ,福井県,南越前町,"介護,訪問リハビリ,リハビリ",訪問リハビリの公式オープンデータから取り込んだ候補です。詳細は公式情報・電話・見学で確認してください。,http://www.yamamoto-naikaiin.com/hino,福井県南条郡南越前町東大道33-10-1,0778-47-3270,厚生労働省オープンデータ,https://www.mhlw.go.jp/content/12300000/jigyosho_140.csv,2025-12末,https://www.google.com/search?q=%E3%82%B7%E3%83%AB%E3%83%90%E3%83%BC%E3%82%B1%E3%82%A2%E6%97%A5%E9%87%8E%20%E5%8D%97%E8%B6%8A%E5%89%8D%E7%94%BA
南越前町国民健康保険　今庄診療所,訪問リハビリ,福井県,南越前町,"介護,訪問リハビリ,リハビリ",訪問リハビリの公式オープンデータから取り込んだ候補です。詳細は公式情報・電話・見学で確認してください。,https://www.google.com/search?q=%E5%8D%97%E8%B6%8A%E5%89%8D%E7%94%BA%E5%9B%BD%E6%B0%91%E5%81%A5%E5%BA%B7%E4%BF%9D%E9%99%BA%E3%80%80%E4%BB%8A%E5%BA%84%E8%A8%BA%E7%99%82%E6%89%80%20%E5%8D%97%E8%B6%8A%E5%89%8D%E7%94%BA,福井県南条郡南越前町今庄第８４号２４番地の１,0778-45-0030,厚生労働省オープンデータ,https://www.mhlw.go.jp/content/12300000/jigyosho_140.csv,2025-12末,https://www.google.com/search?q=%E5%8D%97%E8%B6%8A%E5%89%8D%E7%94%BA%E5%9B%BD%E6%B0%91%E5%81%A5%E5%BA%B7%E4%BF%9D%E9%99%BA%E3%80%80%E4%BB%8A%E5%BA%84%E8%A8%BA%E7%99%82%E6%89%80%20%E5%8D%97%E8%B6%8A%E5%89%8D%E7%94%BA
越前町国民健康保険織田病院　訪問リハビリテーション,訪問リハビリ,福井県,越前町,"介護,訪問リハビリ,リハビリ",訪問リハビリの公式オープンデータから取り込んだ候補です。詳細は公式情報・電話・見学で確認してください。,https://ota.jadecom.or.jp/,福井県丹生郡越前町織田106-44-1,0778-36-1000,厚生労働省オープンデータ,https://www.mhlw.go.jp/content/12300000/jigyosho_140.csv,2025-12末,https://www.google.com/search?q=%E8%B6%8A%E5%89%8D%E7%94%BA%E5%9B%BD%E6%B0%91%E5%81%A5%E5%BA%B7%E4%BF%9D%E9%99%BA%E7%B9%94%E7%94%B0%E7%97%85%E9%99%A2%E3%80%80%E8%A8%AA%E5%95%8F%E3%83%AA%E3%83%8F%E3%83%93%E3%83%AA%E3%83%86%E3%83%BC%E3%82%B7%E3%83%A7%E3%83%B3%20%E8%B6%8A%E5%89%8D%E7%94%BA
独立行政法人地域医療機能推進機構　　若狭高浜病院,訪問リハビリ,福井県,高浜町,"介護,訪問リハビリ,リハビリ",訪問リハビリの公式オープンデータから取り込んだ候補です。詳細は公式情報・電話・見学で確認してください。,http://takahama.jcho.go.jp/,福井県大飯郡高浜町宮崎87-14-2,0770-72-0880,厚生労働省オープンデータ,https://www.mhlw.go.jp/content/12300000/jigyosho_140.csv,2025-12末,https://www.google.com/search?q=%E7%8B%AC%E7%AB%8B%E8%A1%8C%E6%94%BF%E6%B3%95%E4%BA%BA%E5%9C%B0%E5%9F%9F%E5%8C%BB%E7%99%82%E6%A9%9F%E8%83%BD%E6%8E%A8%E9%80%B2%E6%A9%9F%E6%A7%8B%E3%80%80%E3%80%80%E8%8B%A5%E7%8B%AD%E9%AB%98%E6%B5%9C%E7%97%85%E9%99%A2%20%E9%AB%98%E6%B5%9C%E7%94%BA
レイクヒルズ美方病院　指定（介護予防）訪問リハビリテーション事業所,訪問リハビリ,福井県,若狭町,"介護,訪問リハビリ,リハビリ",訪問リハビリの公式オープンデータから取り込んだ候補です。詳細は公式情報・電話・見学で確認してください。,http://www.obamahp-wakasa.jp/reiku/,福井県三方上中郡若狭町気山315-1-9,0770-45-1131,厚生労働省オープンデータ,https://www.mhlw.go.jp/content/12300000/jigyosho_140.csv,2025-12末,https://www.google.com/search?q=%E3%83%AC%E3%82%A4%E3%82%AF%E3%83%92%E3%83%AB%E3%82%BA%E7%BE%8E%E6%96%B9%E7%97%85%E9%99%A2%E3%80%80%E6%8C%87%E5%AE%9A%EF%BC%88%E4%BB%8B%E8%AD%B7%E4%BA%88%E9%98%B2%EF%BC%89%E8%A8%AA%E5%95%8F%E3%83%AA%E3%83%8F%E3%83%93%E3%83%AA%E3%83%86%E3%83%BC%E3%82%B7%E3%83%A7%E3%83%B3%E4%BA%8B%E6%A5%AD%E6%89%80%20%E8%8B%A5%E7%8B%AD%E7%94%BA
介護老人保健施設　ゆなみ,訪問リハビリ,福井県,若狭町,"介護,訪問リハビリ,リハビリ",訪問リハビリの公式オープンデータから取り込んだ候補です。詳細は公式情報・電話・見学で確認してください。,http://www.tsurugaonsen-hp.or.jp/yunami/,福井県三方上中郡若狭町岩屋61-31,0770-45-3200,厚生労働省オープンデータ,https://www.mhlw.go.jp/content/12300000/jigyosho_140.csv,2025-12末,https://www.google.com/search?q=%E4%BB%8B%E8%AD%B7%E8%80%81%E4%BA%BA%E4%BF%9D%E5%81%A5%E6%96%BD%E8%A8%AD%E3%80%80%E3%82%86%E3%81%AA%E3%81%BF%20%E8%8B%A5%E7%8B%AD%E7%94%BA
くるみの森　福町,デイサービス,福井県,福井市,"介護,デイサービス",日中に通って食事・入浴・機能訓練・見守りなどを受けるサービスです。,https://www.google.com/search?q=%E3%81%8F%E3%82%8B%E3%81%BF%E3%81%AE%E6%A3%AE%E3%80%80%E7%A6%8F%E7%94%BA%20%E7%A6%8F%E4%BA%95%E5%B8%82,福井市福新町509,0776-97-5669,厚生労働省オープンデータ,https://www.mhlw.go.jp/content/12300000/jigyosho_150.csv,2025-12末,https://www.google.com/search?q=%E3%81%8F%E3%82%8B%E3%81%BF%E3%81%AE%E6%A3%AE%E3%80%80%E7%A6%8F%E7%94%BA%20%E7%A6%8F%E4%BA%95%E5%B8%82
ポラリスデイサービスセンター成和,デイサービス,福井県,福井市,"介護,デイサービス",日中に通って食事・入浴・機能訓練・見守りなどを受けるサービスです。,http://www.aurorakai.com/,福井県福井市和田東1丁目221サン・ボニール102,0776－97－5391,厚生労働省オープンデータ,https://www.mhlw.go.jp/content/12300000/jigyosho_150.csv,2025-12末,https://www.google.com/search?q=%E3%83%9D%E3%83%A9%E3%83%AA%E3%82%B9%E3%83%87%E3%82%A4%E3%82%B5%E3%83%BC%E3%83%93%E3%82%B9%E3%82%BB%E3%83%B3%E3%82%BF%E3%83%BC%E6%88%90%E5%92%8C%20%E7%A6%8F%E4%BA%95%E5%B8%82
みのりデイサービスセンターほのか,デイサービス,福井県,福井市,"介護,デイサービス",日中に通って食事・入浴・機能訓練・見守りなどを受けるサービスです。,http://www.keishukai.com/,福井県福井市みのり１丁目5-16,0776-34-6226,厚生労働省オープンデータ,https://www.mhlw.go.jp/content/12300000/jigyosho_150.csv,2025-12末,https://www.google.com/search?q=%E3%81%BF%E3%81%AE%E3%82%8A%E3%83%87%E3%82%A4%E3%82%B5%E3%83%BC%E3%83%93%E3%82%B9%E3%82%BB%E3%83%B3%E3%82%BF%E3%83%BC%E3%81%BB%E3%81%AE%E3%81%8B%20%E7%A6%8F%E4%BA%95%E5%B8%82
ゆうあいデイサービスセンター,デイサービス,福井県,福井市,"介護,デイサービス",日中に通って食事・入浴・機能訓練・見守りなどを受けるサービスです。,http://fukui-youi.com/,福井県福井市大願寺3丁目9－3,0776-27-0019,厚生労働省オープンデータ,https://www.mhlw.go.jp/content/12300000/jigyosho_150.csv,2025-12末,https://www.google.com/search?q=%E3%82%86%E3%81%86%E3%81%82%E3%81%84%E3%83%87%E3%82%A4%E3%82%B5%E3%83%BC%E3%83%93%E3%82%B9%E3%82%BB%E3%83%B3%E3%82%BF%E3%83%BC%20%E7%A6%8F%E4%BA%95%E5%B8%82
ﾃﾞｲｻｰﾋﾞｽきたえる～む福井文京,デイサービス,福井県,福井市,"介護,デイサービス",日中に通って食事・入浴・機能訓練・見守りなどを受けるサービスです。,http://www.kitaeroom.com/,福井県福井市文京6-22-9,0776-50-2933,厚生労働省オープンデータ,https://www.mhlw.go.jp/content/12300000/jigyosho_150.csv,2025-12末,https://www.google.com/search?q=%EF%BE%83%EF%BE%9E%EF%BD%B2%EF%BD%BB%EF%BD%B0%EF%BE%8B%EF%BE%9E%EF%BD%BD%E3%81%8D%E3%81%9F%E3%81%88%E3%82%8B%EF%BD%9E%E3%82%80%E7%A6%8F%E4%BA%95%E6%96%87%E4%BA%AC%20%E7%A6%8F%E4%BA%95%E5%B8%82
愛寿苑　デイサービスセンター,デイサービス,福井県,福井市,"介護,デイサービス",日中に通って食事・入浴・機能訓練・見守りなどを受けるサービスです。,http://www.aijuen.com/,福井市加茂緑苑町402番地,0776-33-6767,厚生労働省オープンデータ,https://www.mhlw.go.jp/content/12300000/jigyosho_150.csv,2025-12末,https://www.google.com/search?q=%E6%84%9B%E5%AF%BF%E8%8B%91%E3%80%80%E3%83%87%E3%82%A4%E3%82%B5%E3%83%BC%E3%83%93%E3%82%B9%E3%82%BB%E3%83%B3%E3%82%BF%E3%83%BC%20%E7%A6%8F%E4%BA%95%E5%B8%82
アルク,デイサービス,福井県,福井市,"介護,デイサービス",日中に通って食事・入浴・機能訓練・見守りなどを受けるサービスです。,https://alcsport.com/,福井市宝永4-3-1サクラNビル,0776222208,厚生労働省オープンデータ,https://www.mhlw.go.jp/content/12300000/jigyosho_150.csv,2025-12末,https://www.google.com/search?q=%E3%82%A2%E3%83%AB%E3%82%AF%20%E7%A6%8F%E4%BA%95%E5%B8%82
デイサービスいこい,デイサービス,福井県,福井市,"介護,デイサービス",日中に通って食事・入浴・機能訓練・見守りなどを受けるサービスです。,ikoi151@indigo.plala.or.jp,福井県福井市光陽2丁目21-3,0776-21-3010,厚生労働省オープンデータ,https://www.mhlw.go.jp/content/12300000/jigyosho_150.csv,2025-12末,https://www.google.com/search?q=%E3%83%87%E3%82%A4%E3%82%B5%E3%83%BC%E3%83%93%E3%82%B9%E3%81%84%E3%81%93%E3%81%84%20%E7%A6%8F%E4%BA%95%E5%B8%82
やろっさリハビリ,デイサービス,福井県,福井市,"介護,デイサービス",日中に通って食事・入浴・機能訓練・見守りなどを受けるサービスです。,yarossa.amebaownd.com,丸山1丁目1002,0776－54－8603,厚生労働省オープンデータ,https://www.mhlw.go.jp/content/12300000/jigyosho_150.csv,2025-12末,https://www.google.com/search?q=%E3%82%84%E3%82%8D%E3%81%A3%E3%81%95%E3%83%AA%E3%83%8F%E3%83%93%E3%83%AA%20%E7%A6%8F%E4%BA%95%E5%B8%82
サンサン・ケアホームえばた,デイサービス,福井県,福井市,"介護,デイサービス",日中に通って食事・入浴・機能訓練・見守りなどを受けるサービスです。,https://www.google.com/search?q=%E3%82%B5%E3%83%B3%E3%82%B5%E3%83%B3%E3%83%BB%E3%82%B1%E3%82%A2%E3%83%9B%E3%83%BC%E3%83%A0%E3%81%88%E3%81%B0%E3%81%9F%20%E7%A6%8F%E4%BA%95%E5%B8%82,福井県福井市江端町６－１４－２,0776-33-3363,厚生労働省オープンデータ,https://www.mhlw.go.jp/content/12300000/jigyosho_150.csv,2025-12末,https://www.google.com/search?q=%E3%82%B5%E3%83%B3%E3%82%B5%E3%83%B3%E3%83%BB%E3%82%B1%E3%82%A2%E3%83%9B%E3%83%BC%E3%83%A0%E3%81%88%E3%81%B0%E3%81%9F%20%E7%A6%8F%E4%BA%95%E5%B8%82
社会福祉法人　足羽福祉会　カラフル,デイサービス,福井県,福井市,"介護,デイサービス",日中に通って食事・入浴・機能訓練・見守りなどを受けるサービスです。,https://www.asuwafukushikai.jp/,福井県福井市林町62-3,0776-89-1870,厚生労働省オープンデータ,https://www.mhlw.go.jp/content/12300000/jigyosho_150.csv,2025-12末,https://www.google.com/search?q=%E7%A4%BE%E4%BC%9A%E7%A6%8F%E7%A5%89%E6%B3%95%E4%BA%BA%E3%80%80%E8%B6%B3%E7%BE%BD%E7%A6%8F%E7%A5%89%E4%BC%9A%E3%80%80%E3%82%AB%E3%83%A9%E3%83%95%E3%83%AB%20%E7%A6%8F%E4%BA%95%E5%B8%82
ニチイケアセンター成和,デイサービス,福井県,福井市,"介護,デイサービス",日中に通って食事・入浴・機能訓練・見守りなどを受けるサービスです。,http://www.nichiigakkan.co.jp,福井県福井市城東2丁目14－1,0776-28-1470,厚生労働省オープンデータ,https://www.mhlw.go.jp/content/12300000/jigyosho_150.csv,2025-12末,https://www.google.com/search?q=%E3%83%8B%E3%83%81%E3%82%A4%E3%82%B1%E3%82%A2%E3%82%BB%E3%83%B3%E3%82%BF%E3%83%BC%E6%88%90%E5%92%8C%20%E7%A6%8F%E4%BA%95%E5%B8%82
ちいさなチカラ,デイサービス,福井県,福井市,"介護,デイサービス",日中に通って食事・入浴・機能訓練・見守りなどを受けるサービスです。,https://www.google.com/search?q=%E3%81%A1%E3%81%84%E3%81%95%E3%81%AA%E3%83%81%E3%82%AB%E3%83%A9%20%E7%A6%8F%E4%BA%95%E5%B8%82,福井県福井市丸山1丁目801,0776-43-6860,厚生労働省オープンデータ,https://www.mhlw.go.jp/content/12300000/jigyosho_150.csv,2025-12末,https://www.google.com/search?q=%E3%81%A1%E3%81%84%E3%81%95%E3%81%AA%E3%83%81%E3%82%AB%E3%83%A9%20%E7%A6%8F%E4%BA%95%E5%B8%82
花園デイサービスセンター,デイサービス,福井県,福井市,"介護,デイサービス",日中に通って食事・入浴・機能訓練・見守りなどを受けるサービスです。,http://www.hanazono-f.com/,福井県福井市松本1-36-15,0776-29-1188,厚生労働省オープンデータ,https://www.mhlw.go.jp/content/12300000/jigyosho_150.csv,2025-12末,https://www.google.com/search?q=%E8%8A%B1%E5%9C%92%E3%83%87%E3%82%A4%E3%82%B5%E3%83%BC%E3%83%93%E3%82%B9%E3%82%BB%E3%83%B3%E3%82%BF%E3%83%BC%20%E7%A6%8F%E4%BA%95%E5%B8%82
デイサービスセンターあい愛,デイサービス,福井県,福井市,"介護,デイサービス",日中に通って食事・入浴・機能訓練・見守りなどを受けるサービスです。,aiai@ja-fukuiken.or.jp,福井県福井市舟橋新1丁目106番地,0776-29-0101,厚生労働省オープンデータ,https://www.mhlw.go.jp/content/12300000/jigyosho_150.csv,2025-12末,https://www.google.com/search?q=%E3%83%87%E3%82%A4%E3%82%B5%E3%83%BC%E3%83%93%E3%82%B9%E3%82%BB%E3%83%B3%E3%82%BF%E3%83%BC%E3%81%82%E3%81%84%E6%84%9B%20%E7%A6%8F%E4%BA%95%E5%B8%82
アスプラふじしまデイサービスセンター,デイサービス,福井県,福井市,"介護,デイサービス",日中に通って食事・入浴・機能訓練・見守りなどを受けるサービスです。,http://www.fujishimaen.or.jp/,福井市高木中央３－１７０1,0776-52-1166,厚生労働省オープンデータ,https://www.mhlw.go.jp/content/12300000/jigyosho_150.csv,2025-12末,https://www.google.com/search?q=%E3%82%A2%E3%82%B9%E3%83%97%E3%83%A9%E3%81%B5%E3%81%98%E3%81%97%E3%81%BE%E3%83%87%E3%82%A4%E3%82%B5%E3%83%BC%E3%83%93%E3%82%B9%E3%82%BB%E3%83%B3%E3%82%BF%E3%83%BC%20%E7%A6%8F%E4%BA%95%E5%B8%82
さくらが丘デイサ－ビスセンタ－,デイサービス,福井県,福井市,"介護,デイサービス",日中に通って食事・入浴・機能訓練・見守りなどを受けるサービスです。,http://www.takaoen.jp/,福井県福井市本堂町５１字３３番地,0776-37-0990,厚生労働省オープンデータ,https://www.mhlw.go.jp/content/12300000/jigyosho_150.csv,2025-12末,https://www.google.com/search?q=%E3%81%95%E3%81%8F%E3%82%89%E3%81%8C%E4%B8%98%E3%83%87%E3%82%A4%E3%82%B5%EF%BC%8D%E3%83%93%E3%82%B9%E3%82%BB%E3%83%B3%E3%82%BF%EF%BC%8D%20%E7%A6%8F%E4%BA%95%E5%B8%82
あさむつ苑　ディサービスセンター,デイサービス,福井県,福井市,"介護,デイサービス",日中に通って食事・入浴・機能訓練・見守りなどを受けるサービスです。,http://www.asamutuen.jp/,福井市引目町第21号9番地の2,0776-38-9282,厚生労働省オープンデータ,https://www.mhlw.go.jp/content/12300000/jigyosho_150.csv,2025-12末,https://www.google.com/search?q=%E3%81%82%E3%81%95%E3%82%80%E3%81%A4%E8%8B%91%E3%80%80%E3%83%87%E3%82%A3%E3%82%B5%E3%83%BC%E3%83%93%E3%82%B9%E3%82%BB%E3%83%B3%E3%82%BF%E3%83%BC%20%E7%A6%8F%E4%BA%95%E5%B8%82
悠和園デイサービスセンター,デイサービス,福井県,福井市,"介護,デイサービス",日中に通って食事・入浴・機能訓練・見守りなどを受けるサービスです。,http://www.yuwaen.jp,福井市免鳥町22-74,0776-87-2161,厚生労働省オープンデータ,https://www.mhlw.go.jp/content/12300000/jigyosho_150.csv,2025-12末,https://www.google.com/search?q=%E6%82%A0%E5%92%8C%E5%9C%92%E3%83%87%E3%82%A4%E3%82%B5%E3%83%BC%E3%83%93%E3%82%B9%E3%82%BB%E3%83%B3%E3%82%BF%E3%83%BC%20%E7%A6%8F%E4%BA%95%E5%B8%82
宝珠苑デイサービスセンター,デイサービス,福井県,福井市,"介護,デイサービス",日中に通って食事・入浴・機能訓練・見守りなどを受けるサービスです。,http://www.houjuen.org/,福井市内山梨子町3-46,0776-83-1373,厚生労働省オープンデータ,https://www.mhlw.go.jp/content/12300000/jigyosho_150.csv,2025-12末,https://www.google.com/search?q=%E5%AE%9D%E7%8F%A0%E8%8B%91%E3%83%87%E3%82%A4%E3%82%B5%E3%83%BC%E3%83%93%E3%82%B9%E3%82%BB%E3%83%B3%E3%82%BF%E3%83%BC%20%E7%A6%8F%E4%BA%95%E5%B8%82
たんぽぽ苑デイサービスセンター,デイサービス,福井県,福井市,"介護,デイサービス",日中に通って食事・入浴・機能訓練・見守りなどを受けるサービスです。,https://www.tanpopoen-senjukai.com,福井市石盛3丁目301番地,0776-56-3362,厚生労働省オープンデータ,https://www.mhlw.go.jp/content/12300000/jigyosho_150.csv,2025-12末,https://www.google.com/search?q=%E3%81%9F%E3%82%93%E3%81%BD%E3%81%BD%E8%8B%91%E3%83%87%E3%82%A4%E3%82%B5%E3%83%BC%E3%83%93%E3%82%B9%E3%82%BB%E3%83%B3%E3%82%BF%E3%83%BC%20%E7%A6%8F%E4%BA%95%E5%B8%82
足羽利生苑デイサービスセンター,デイサービス,福井県,福井市,"介護,デイサービス",日中に通って食事・入浴・機能訓練・見守りなどを受けるサービスです。,http://www.asuwafukushikai.jp/risyoen/,福井市栂野町20－7,0776-41-3121,厚生労働省オープンデータ,https://www.mhlw.go.jp/content/12300000/jigyosho_150.csv,2025-12末,https://www.google.com/search?q=%E8%B6%B3%E7%BE%BD%E5%88%A9%E7%94%9F%E8%8B%91%E3%83%87%E3%82%A4%E3%82%B5%E3%83%BC%E3%83%93%E3%82%B9%E3%82%BB%E3%83%B3%E3%82%BF%E3%83%BC%20%E7%A6%8F%E4%BA%95%E5%B8%82
愛全園デイサービスセンター,デイサービス,福井県,福井市,"介護,デイサービス",日中に通って食事・入浴・機能訓練・見守りなどを受けるサービスです。,http://www.asuwafukushikai.jp/aizenen,福井市丸山町40-7,0776-53-5411,厚生労働省オープンデータ,https://www.mhlw.go.jp/content/12300000/jigyosho_150.csv,2025-12末,https://www.google.com/search?q=%E6%84%9B%E5%85%A8%E5%9C%92%E3%83%87%E3%82%A4%E3%82%B5%E3%83%BC%E3%83%93%E3%82%B9%E3%82%BB%E3%83%B3%E3%82%BF%E3%83%BC%20%E7%A6%8F%E4%BA%95%E5%B8%82
新世紀らぼ,デイサービス,福井県,福井市,"介護,デイサービス",日中に通って食事・入浴・機能訓練・見守りなどを受けるサービスです。,https://www.big-advance.site/s/163/1455,栗森1丁目102番地,0776-63-6838,厚生労働省オープンデータ,https://www.mhlw.go.jp/content/12300000/jigyosho_150.csv,2025-12末,https://www.google.com/search?q=%E6%96%B0%E4%B8%96%E7%B4%80%E3%82%89%E3%81%BC%20%E7%A6%8F%E4%BA%95%E5%B8%82
デイサービスセンター　モアヤング,デイサービス,福井県,福井市,"介護,デイサービス",日中に通って食事・入浴・機能訓練・見守りなどを受けるサービスです。,https://www.moreyoung.jp/,福井県福井市和田中町東沖田３０番地の１,0776-28-3727,厚生労働省オープンデータ,https://www.mhlw.go.jp/content/12300000/jigyosho_150.csv,2025-12末,https://www.google.com/search?q=%E3%83%87%E3%82%A4%E3%82%B5%E3%83%BC%E3%83%93%E3%82%B9%E3%82%BB%E3%83%B3%E3%82%BF%E3%83%BC%E3%80%80%E3%83%A2%E3%82%A2%E3%83%A4%E3%83%B3%E3%82%B0%20%E7%A6%8F%E4%BA%95%E5%B8%82
医療法人清風会　吉田医院デイサービスセンター,デイサービス,福井県,福井市,"介護,デイサービス",日中に通って食事・入浴・機能訓練・見守りなどを受けるサービスです。,http://fukui-yoshidahospital.com/,福井市順化１丁目８-１,0776-22-1233,厚生労働省オープンデータ,https://www.mhlw.go.jp/content/12300000/jigyosho_150.csv,2025-12末,https://www.google.com/search?q=%E5%8C%BB%E7%99%82%E6%B3%95%E4%BA%BA%E6%B8%85%E9%A2%A8%E4%BC%9A%E3%80%80%E5%90%89%E7%94%B0%E5%8C%BB%E9%99%A2%E3%83%87%E3%82%A4%E3%82%B5%E3%83%BC%E3%83%93%E3%82%B9%E3%82%BB%E3%83%B3%E3%82%BF%E3%83%BC%20%E7%A6%8F%E4%BA%95%E5%B8%82
県民せいきょう羽水きらめきデイサービス,デイサービス,福井県,福井市,"介護,デイサービス",日中に通って食事・入浴・機能訓練・見守りなどを受けるサービスです。,http://www.fukui.coop/,福井県福井市羽水1丁目107番地,0776-32-6000,厚生労働省オープンデータ,https://www.mhlw.go.jp/content/12300000/jigyosho_150.csv,2025-12末,https://www.google.com/search?q=%E7%9C%8C%E6%B0%91%E3%81%9B%E3%81%84%E3%81%8D%E3%82%87%E3%81%86%E7%BE%BD%E6%B0%B4%E3%81%8D%E3%82%89%E3%82%81%E3%81%8D%E3%83%87%E3%82%A4%E3%82%B5%E3%83%BC%E3%83%93%E3%82%B9%20%E7%A6%8F%E4%BA%95%E5%B8%82
JA福井県デイサービスセンター　わかば,デイサービス,福井県,福井市,"介護,デイサービス",日中に通って食事・入浴・機能訓練・見守りなどを受けるサービスです。,https://www.ja-fukuiken.or.jp,福井県福井市渕4丁目606番地,0776-33-1165,厚生労働省オープンデータ,https://www.mhlw.go.jp/content/12300000/jigyosho_150.csv,2025-12末,https://www.google.com/search?q=JA%E7%A6%8F%E4%BA%95%E7%9C%8C%E3%83%87%E3%82%A4%E3%82%B5%E3%83%BC%E3%83%93%E3%82%B9%E3%82%BB%E3%83%B3%E3%82%BF%E3%83%BC%E3%80%80%E3%82%8F%E3%81%8B%E3%81%B0%20%E7%A6%8F%E4%BA%95%E5%B8%82
ツクイ福井文京,デイサービス,福井県,福井市,"介護,デイサービス",日中に通って食事・入浴・機能訓練・見守りなどを受けるサービスです。,http://www.tsukui.net,福井市文京7-8-20,0776-27-7874,厚生労働省オープンデータ,https://www.mhlw.go.jp/content/12300000/jigyosho_150.csv,2025-12末,https://www.google.com/search?q=%E3%83%84%E3%82%AF%E3%82%A4%E7%A6%8F%E4%BA%95%E6%96%87%E4%BA%AC%20%E7%A6%8F%E4%BA%95%E5%B8%82
メイプルケア大宮デイサービスセンター,デイサービス,福井県,福井市,"介護,デイサービス",日中に通って食事・入浴・機能訓練・見守りなどを受けるサービスです。,http://www.meipurucare.com/,福井県福井市大宮４丁目１３番１号,0776-25-0041,厚生労働省オープンデータ,https://www.mhlw.go.jp/content/12300000/jigyosho_150.csv,2025-12末,https://www.google.com/search?q=%E3%83%A1%E3%82%A4%E3%83%97%E3%83%AB%E3%82%B1%E3%82%A2%E5%A4%A7%E5%AE%AE%E3%83%87%E3%82%A4%E3%82%B5%E3%83%BC%E3%83%93%E3%82%B9%E3%82%BB%E3%83%B3%E3%82%BF%E3%83%BC%20%E7%A6%8F%E4%BA%95%E5%B8%82
いちごデイセンター福井,デイサービス,福井県,福井市,"介護,デイサービス",日中に通って食事・入浴・機能訓練・見守りなどを受けるサービスです。,http://www.kenkoukai.or.jp/,福井市米松１丁目14-15,0776-54-7616,厚生労働省オープンデータ,https://www.mhlw.go.jp/content/12300000/jigyosho_150.csv,2025-12末,https://www.google.com/search?q=%E3%81%84%E3%81%A1%E3%81%94%E3%83%87%E3%82%A4%E3%82%BB%E3%83%B3%E3%82%BF%E3%83%BC%E7%A6%8F%E4%BA%95%20%E7%A6%8F%E4%BA%95%E5%B8%82
あさくら苑デイサービスセンター,デイサービス,福井県,福井市,"介護,デイサービス",日中に通って食事・入浴・機能訓練・見守りなどを受けるサービスです。,http://www.asakuraen.jp,福井市下六条町１８字３２番,0776-41-8402,厚生労働省オープンデータ,https://www.mhlw.go.jp/content/12300000/jigyosho_150.csv,2025-12末,https://www.google.com/search?q=%E3%81%82%E3%81%95%E3%81%8F%E3%82%89%E8%8B%91%E3%83%87%E3%82%A4%E3%82%B5%E3%83%BC%E3%83%93%E3%82%B9%E3%82%BB%E3%83%B3%E3%82%BF%E3%83%BC%20%E7%A6%8F%E4%BA%95%E5%B8%82
いちごデイセンターみのり,デイサービス,福井県,福井市,"介護,デイサービス",日中に通って食事・入浴・機能訓練・見守りなどを受けるサービスです。,http://www.kenkoukai.or.jp/,福井県福井市月見4丁目3-29,0776-33-1541,厚生労働省オープンデータ,https://www.mhlw.go.jp/content/12300000/jigyosho_150.csv,2025-12末,https://www.google.com/search?q=%E3%81%84%E3%81%A1%E3%81%94%E3%83%87%E3%82%A4%E3%82%BB%E3%83%B3%E3%82%BF%E3%83%BC%E3%81%BF%E3%81%AE%E3%82%8A%20%E7%A6%8F%E4%BA%95%E5%B8%82
すみれ荘デイサービスセンター,デイサービス,福井県,福井市,"介護,デイサービス",日中に通って食事・入浴・機能訓練・見守りなどを受けるサービスです。,www.s-shinseikai.jp,福井県福井市島寺町第83号1番地,0776-98-5578,厚生労働省オープンデータ,https://www.mhlw.go.jp/content/12300000/jigyosho_150.csv,2025-12末,https://www.google.com/search?q=%E3%81%99%E3%81%BF%E3%82%8C%E8%8D%98%E3%83%87%E3%82%A4%E3%82%B5%E3%83%BC%E3%83%93%E3%82%B9%E3%82%BB%E3%83%B3%E3%82%BF%E3%83%BC%20%E7%A6%8F%E4%BA%95%E5%B8%82
HOME　TOWN　コスモス老人デイサービス事業所,デイサービス,福井県,福井市,"介護,デイサービス",日中に通って食事・入浴・機能訓練・見守りなどを受けるサービスです。,http://www.ht-cosmos.or.jp,福井県福井市帆谷町１字外山３３,0776-38-1159,厚生労働省オープンデータ,https://www.mhlw.go.jp/content/12300000/jigyosho_150.csv,2025-12末,https://www.google.com/search?q=HOME%E3%80%80TOWN%E3%80%80%E3%82%B3%E3%82%B9%E3%83%A2%E3%82%B9%E8%80%81%E4%BA%BA%E3%83%87%E3%82%A4%E3%82%B5%E3%83%BC%E3%83%93%E3%82%B9%E4%BA%8B%E6%A5%AD%E6%89%80%20%E7%A6%8F%E4%BA%95%E5%B8%82
デイサービス六条リハビリセンター,デイサービス,福井県,福井市,"介護,デイサービス",日中に通って食事・入浴・機能訓練・見守りなどを受けるサービスです。,http://fukui-medix.com/,福井市下六条町２１７番地,0776-41-3992,厚生労働省オープンデータ,https://www.mhlw.go.jp/content/12300000/jigyosho_150.csv,2025-12末,https://www.google.com/search?q=%E3%83%87%E3%82%A4%E3%82%B5%E3%83%BC%E3%83%93%E3%82%B9%E5%85%AD%E6%9D%A1%E3%83%AA%E3%83%8F%E3%83%93%E3%83%AA%E3%82%BB%E3%83%B3%E3%82%BF%E3%83%BC%20%E7%A6%8F%E4%BA%95%E5%B8%82
福井板垣ケアセンターそよ風,デイサービス,福井県,福井市,"介護,デイサービス",日中に通って食事・入浴・機能訓練・見守りなどを受けるサービスです。,https://www.unimat-rc.co.jp/,福井県福井市下馬3丁目１０２,0776-36-1730,厚生労働省オープンデータ,https://www.mhlw.go.jp/content/12300000/jigyosho_150.csv,2025-12末,https://www.google.com/search?q=%E7%A6%8F%E4%BA%95%E6%9D%BF%E5%9E%A3%E3%82%B1%E3%82%A2%E3%82%BB%E3%83%B3%E3%82%BF%E3%83%BC%E3%81%9D%E3%82%88%E9%A2%A8%20%E7%A6%8F%E4%BA%95%E5%B8%82
あさがおリハビリサポートセンター,デイサービス,福井県,福井市,"介護,デイサービス",日中に通って食事・入浴・機能訓練・見守りなどを受けるサービスです。,http://fukui-medix.com/,福井市新保町19字35番1,0776-52-6300,厚生労働省オープンデータ,https://www.mhlw.go.jp/content/12300000/jigyosho_150.csv,2025-12末,https://www.google.com/search?q=%E3%81%82%E3%81%95%E3%81%8C%E3%81%8A%E3%83%AA%E3%83%8F%E3%83%93%E3%83%AA%E3%82%B5%E3%83%9D%E3%83%BC%E3%83%88%E3%82%BB%E3%83%B3%E3%82%BF%E3%83%BC%20%E7%A6%8F%E4%BA%95%E5%B8%82
うららデイサービス,デイサービス,福井県,福井市,"介護,デイサービス",日中に通って食事・入浴・機能訓練・見守りなどを受けるサービスです。,http://www.hikarigroup.jp,福井県福井市木田１丁目3308番地,0776-33-2555,厚生労働省オープンデータ,https://www.mhlw.go.jp/content/12300000/jigyosho_150.csv,2025-12末,https://www.google.com/search?q=%E3%81%86%E3%82%89%E3%82%89%E3%83%87%E3%82%A4%E3%82%B5%E3%83%BC%E3%83%93%E3%82%B9%20%E7%A6%8F%E4%BA%95%E5%B8%82
リハフィットほっとチャレンジ,デイサービス,福井県,福井市,"介護,デイサービス",日中に通って食事・入浴・機能訓練・見守りなどを受けるサービスです。,http://www.hotreha.com,福井県福井市四ツ井2-1-10ほっと地域リハビリセンター福井,0776-57-5500,厚生労働省オープンデータ,https://www.mhlw.go.jp/content/12300000/jigyosho_150.csv,2025-12末,https://www.google.com/search?q=%E3%83%AA%E3%83%8F%E3%83%95%E3%82%A3%E3%83%83%E3%83%88%E3%81%BB%E3%81%A3%E3%81%A8%E3%83%81%E3%83%A3%E3%83%AC%E3%83%B3%E3%82%B8%20%E7%A6%8F%E4%BA%95%E5%B8%82
あすわリハビリサポートセンター,デイサービス,福井県,福井市,"介護,デイサービス",日中に通って食事・入浴・機能訓練・見守りなどを受けるサービスです。,http://fukui-medix.com/,福井市足羽4丁目4番12号,0776-35-9876,厚生労働省オープンデータ,https://www.mhlw.go.jp/content/12300000/jigyosho_150.csv,2025-12末,https://www.google.com/search?q=%E3%81%82%E3%81%99%E3%82%8F%E3%83%AA%E3%83%8F%E3%83%93%E3%83%AA%E3%82%B5%E3%83%9D%E3%83%BC%E3%83%88%E3%82%BB%E3%83%B3%E3%82%BF%E3%83%BC%20%E7%A6%8F%E4%BA%95%E5%B8%82
トゥモローズホームリハビリセンター福井南,デイサービス,福井県,福井市,"介護,デイサービス",日中に通って食事・入浴・機能訓練・見守りなどを受けるサービスです。,tomorrows-reha.com,福井県福井市花堂2-1-1トゥモローズホームリハビリセンター福井南,0776-50-6072,厚生労働省オープンデータ,https://www.mhlw.go.jp/content/12300000/jigyosho_150.csv,2025-12末,https://www.google.com/search?q=%E3%83%88%E3%82%A5%E3%83%A2%E3%83%AD%E3%83%BC%E3%82%BA%E3%83%9B%E3%83%BC%E3%83%A0%E3%83%AA%E3%83%8F%E3%83%93%E3%83%AA%E3%82%BB%E3%83%B3%E3%82%BF%E3%83%BC%E7%A6%8F%E4%BA%95%E5%8D%97%20%E7%A6%8F%E4%BA%95%E5%B8%82
デイサービスセンター　東郷,デイサービス,福井県,福井市,"介護,デイサービス",日中に通って食事・入浴・機能訓練・見守りなどを受けるサービスです。,http://www.monjuen.com,福井市東郷二ヶ町２７－１５－３リリーブ東郷,0776-41-7766,厚生労働省オープンデータ,https://www.mhlw.go.jp/content/12300000/jigyosho_150.csv,2025-12末,https://www.google.com/search?q=%E3%83%87%E3%82%A4%E3%82%B5%E3%83%BC%E3%83%93%E3%82%B9%E3%82%BB%E3%83%B3%E3%82%BF%E3%83%BC%E3%80%80%E6%9D%B1%E9%83%B7%20%E7%A6%8F%E4%BA%95%E5%B8%82
トゥモローズ　ホームリハビリセンター,デイサービス,福井県,福井市,"介護,デイサービス",日中に通って食事・入浴・機能訓練・見守りなどを受けるサービスです。,http://www.tomorrows-reha.com/,若杉１－２８０１,0776-33-3220,厚生労働省オープンデータ,https://www.mhlw.go.jp/content/12300000/jigyosho_150.csv,2025-12末,https://www.google.com/search?q=%E3%83%88%E3%82%A5%E3%83%A2%E3%83%AD%E3%83%BC%E3%82%BA%E3%80%80%E3%83%9B%E3%83%BC%E3%83%A0%E3%83%AA%E3%83%8F%E3%83%93%E3%83%AA%E3%82%BB%E3%83%B3%E3%82%BF%E3%83%BC%20%E7%A6%8F%E4%BA%95%E5%B8%82
ディサービスきたえる～む福井開発,デイサービス,福井県,福井市,"介護,デイサービス",日中に通って食事・入浴・機能訓練・見守りなどを受けるサービスです。,http://kitaeroom.com/shop/post-92.shtml,福井県福井市開発4丁目111タワーグランデCHA103,0776-50-2368,厚生労働省オープンデータ,https://www.mhlw.go.jp/content/12300000/jigyosho_150.csv,2025-12末,https://www.google.com/search?q=%E3%83%87%E3%82%A3%E3%82%B5%E3%83%BC%E3%83%93%E3%82%B9%E3%81%8D%E3%81%9F%E3%81%88%E3%82%8B%EF%BD%9E%E3%82%80%E7%A6%8F%E4%BA%95%E9%96%8B%E7%99%BA%20%E7%A6%8F%E4%BA%95%E5%B8%82
いなほリハビリサポートセンター,デイサービス,福井県,福井市,"介護,デイサービス",日中に通って食事・入浴・機能訓練・見守りなどを受けるサービスです。,http://fukui-medix.com/,福井市江端町20字20-24,0776-38-2202,厚生労働省オープンデータ,https://www.mhlw.go.jp/content/12300000/jigyosho_150.csv,2025-12末,https://www.google.com/search?q=%E3%81%84%E3%81%AA%E3%81%BB%E3%83%AA%E3%83%8F%E3%83%93%E3%83%AA%E3%82%B5%E3%83%9D%E3%83%BC%E3%83%88%E3%82%BB%E3%83%B3%E3%82%BF%E3%83%BC%20%E7%A6%8F%E4%BA%95%E5%B8%82
あたごデイサービス,デイサービス,福井県,福井市,"介護,デイサービス",日中に通って食事・入浴・機能訓練・見守りなどを受けるサービスです。,https://www.google.com/search?q=%E3%81%82%E3%81%9F%E3%81%94%E3%83%87%E3%82%A4%E3%82%B5%E3%83%BC%E3%83%93%E3%82%B9%20%E7%A6%8F%E4%BA%95%E5%B8%82,福井県福井市明里町９番２０号,0776-33-6808,厚生労働省オープンデータ,https://www.mhlw.go.jp/content/12300000/jigyosho_150.csv,2025-12末,https://www.google.com/search?q=%E3%81%82%E3%81%9F%E3%81%94%E3%83%87%E3%82%A4%E3%82%B5%E3%83%BC%E3%83%93%E3%82%B9%20%E7%A6%8F%E4%BA%95%E5%B8%82
デイセンターすずかぜ,デイサービス,福井県,福井市,"介護,デイサービス",日中に通って食事・入浴・機能訓練・見守りなどを受けるサービスです。,http://www.fmatsubara.com,福井県福井市文京２丁目16番９号,0776-63-6513,厚生労働省オープンデータ,https://www.mhlw.go.jp/content/12300000/jigyosho_150.csv,2025-12末,https://www.google.com/search?q=%E3%83%87%E3%82%A4%E3%82%BB%E3%83%B3%E3%82%BF%E3%83%BC%E3%81%99%E3%81%9A%E3%81%8B%E3%81%9C%20%E7%A6%8F%E4%BA%95%E5%B8%82
デイサービス　リハビリセンタートレフル,デイサービス,福井県,福井市,"介護,デイサービス",日中に通って食事・入浴・機能訓練・見守りなどを受けるサービスです。,http://www.tomorrows-reha.com,福井市若杉１－２８０５,0776-33-1233,厚生労働省オープンデータ,https://www.mhlw.go.jp/content/12300000/jigyosho_150.csv,2025-12末,https://www.google.com/search?q=%E3%83%87%E3%82%A4%E3%82%B5%E3%83%BC%E3%83%93%E3%82%B9%E3%80%80%E3%83%AA%E3%83%8F%E3%83%93%E3%83%AA%E3%82%BB%E3%83%B3%E3%82%BF%E3%83%BC%E3%83%88%E3%83%AC%E3%83%95%E3%83%AB%20%E7%A6%8F%E4%BA%95%E5%B8%82
よつばリハビリサポートセンター,デイサービス,福井県,福井市,"介護,デイサービス",日中に通って食事・入浴・機能訓練・見守りなどを受けるサービスです。,yotuba@fukui-medix.com,福井市四ッ井1丁目13番23号,0776-52-3155,厚生労働省オープンデータ,https://www.mhlw.go.jp/content/12300000/jigyosho_150.csv,2025-12末,https://www.google.com/search?q=%E3%82%88%E3%81%A4%E3%81%B0%E3%83%AA%E3%83%8F%E3%83%93%E3%83%AA%E3%82%B5%E3%83%9D%E3%83%BC%E3%83%88%E3%82%BB%E3%83%B3%E3%82%BF%E3%83%BC%20%E7%A6%8F%E4%BA%95%E5%B8%82
デイサービスセンター　すずらん,デイサービス,福井県,福井市,"介護,デイサービス",日中に通って食事・入浴・機能訓練・見守りなどを受けるサービスです。,http://suzuran01-f.com/,西開発3丁目306番地サービス付き高齢者向け住宅　すずらん,0776-52-0039,厚生労働省オープンデータ,https://www.mhlw.go.jp/content/12300000/jigyosho_150.csv,2025-12末,https://www.google.com/search?q=%E3%83%87%E3%82%A4%E3%82%B5%E3%83%BC%E3%83%93%E3%82%B9%E3%82%BB%E3%83%B3%E3%82%BF%E3%83%BC%E3%80%80%E3%81%99%E3%81%9A%E3%82%89%E3%82%93%20%E7%A6%8F%E4%BA%95%E5%B8%82
リハビリデイサービスわかすぎ,デイサービス,福井県,福井市,"介護,デイサービス",日中に通って食事・入浴・機能訓練・見守りなどを受けるサービスです。,http://www.arigatou-ltd.co.jp,福井県福井市若杉4丁目1602番地リハビリデイサービスわかすぎ,0776-33-0708,厚生労働省オープンデータ,https://www.mhlw.go.jp/content/12300000/jigyosho_150.csv,2025-12末,https://www.google.com/search?q=%E3%83%AA%E3%83%8F%E3%83%93%E3%83%AA%E3%83%87%E3%82%A4%E3%82%B5%E3%83%BC%E3%83%93%E3%82%B9%E3%82%8F%E3%81%8B%E3%81%99%E3%81%8E%20%E7%A6%8F%E4%BA%95%E5%B8%82
ほっと地域リハビリセンター福井北,デイサービス,福井県,福井市,"介護,デイサービス",日中に通って食事・入浴・機能訓練・見守りなどを受けるサービスです。,http://www.hotreha.com,福井県福井市大和田2丁目2101ほっと地域包括ケアセンター福井北,0776-57-1055,厚生労働省オープンデータ,https://www.mhlw.go.jp/content/12300000/jigyosho_150.csv,2025-12末,https://www.google.com/search?q=%E3%81%BB%E3%81%A3%E3%81%A8%E5%9C%B0%E5%9F%9F%E3%83%AA%E3%83%8F%E3%83%93%E3%83%AA%E3%82%BB%E3%83%B3%E3%82%BF%E3%83%BC%E7%A6%8F%E4%BA%95%E5%8C%97%20%E7%A6%8F%E4%BA%95%E5%B8%82
ツクイ福井森田,デイサービス,福井県,福井市,"介護,デイサービス",日中に通って食事・入浴・機能訓練・見守りなどを受けるサービスです。,http://www.tsukui.net,石盛１丁目１６０２,0776-56-2681,厚生労働省オープンデータ,https://www.mhlw.go.jp/content/12300000/jigyosho_150.csv,2025-12末,https://www.google.com/search?q=%E3%83%84%E3%82%AF%E3%82%A4%E7%A6%8F%E4%BA%95%E6%A3%AE%E7%94%B0%20%E7%A6%8F%E4%BA%95%E5%B8%82
株式会社ツクイ　ツクイ福井開発,デイサービス,福井県,福井市,"介護,デイサービス",日中に通って食事・入浴・機能訓練・見守りなどを受けるサービスです。,https://www.tsukui.net/search/2601/detail.html,福井県福井市開発2丁目705番地ツクイ福井開発デイサービスセンター,0776-53-2100,厚生労働省オープンデータ,https://www.mhlw.go.jp/content/12300000/jigyosho_150.csv,2025-12末,https://www.google.com/search?q=%E6%A0%AA%E5%BC%8F%E4%BC%9A%E7%A4%BE%E3%83%84%E3%82%AF%E3%82%A4%E3%80%80%E3%83%84%E3%82%AF%E3%82%A4%E7%A6%8F%E4%BA%95%E9%96%8B%E7%99%BA%20%E7%A6%8F%E4%BA%95%E5%B8%82
デイフィットネス楽らく　渕店,デイサービス,福井県,福井市,"介護,デイサービス",日中に通って食事・入浴・機能訓練・見守りなどを受けるサービスです。,http://www.df-rakuraku.com,福井市渕3丁目134グランドコーポヤシロ1階,0776-43-9155,厚生労働省オープンデータ,https://www.mhlw.go.jp/content/12300000/jigyosho_150.csv,2025-12末,https://www.google.com/search?q=%E3%83%87%E3%82%A4%E3%83%95%E3%82%A3%E3%83%83%E3%83%88%E3%83%8D%E3%82%B9%E6%A5%BD%E3%82%89%E3%81%8F%E3%80%80%E6%B8%95%E5%BA%97%20%E7%A6%8F%E4%BA%95%E5%B8%82
デイ・フィットネス　楽らく大宮店,デイサービス,福井県,福井市,"介護,デイサービス",日中に通って食事・入浴・機能訓練・見守りなどを受けるサービスです。,http://www.df-rakuraku.com,福井市大宮5丁目13番24号,0776-29-7161,厚生労働省オープンデータ,https://www.mhlw.go.jp/content/12300000/jigyosho_150.csv,2025-12末,https://www.google.com/search?q=%E3%83%87%E3%82%A4%E3%83%BB%E3%83%95%E3%82%A3%E3%83%83%E3%83%88%E3%83%8D%E3%82%B9%E3%80%80%E6%A5%BD%E3%82%89%E3%81%8F%E5%A4%A7%E5%AE%AE%E5%BA%97%20%E7%A6%8F%E4%BA%95%E5%B8%82
ツクイ福井舞屋,デイサービス,福井県,福井市,"介護,デイサービス",日中に通って食事・入浴・機能訓練・見守りなどを受けるサービスです。,http://www.tsukui.net/home-care/2559,舞屋町8-101,0776-34-1511,厚生労働省オープンデータ,https://www.mhlw.go.jp/content/12300000/jigyosho_150.csv,2025-12末,https://www.google.com/search?q=%E3%83%84%E3%82%AF%E3%82%A4%E7%A6%8F%E4%BA%95%E8%88%9E%E5%B1%8B%20%E7%A6%8F%E4%BA%95%E5%B8%82
仁愛ケアサポート通所介護事業所,デイサービス,福井県,福井市,"介護,デイサービス",日中に通って食事・入浴・機能訓練・見守りなどを受けるサービスです。,http://www.jinai-cs.co.jp/,福井市乾徳4丁目4番7号,0776-28-1000,厚生労働省オープンデータ,https://www.mhlw.go.jp/content/12300000/jigyosho_150.csv,2025-12末,https://www.google.com/search?q=%E4%BB%81%E6%84%9B%E3%82%B1%E3%82%A2%E3%82%B5%E3%83%9D%E3%83%BC%E3%83%88%E9%80%9A%E6%89%80%E4%BB%8B%E8%AD%B7%E4%BA%8B%E6%A5%AD%E6%89%80%20%E7%A6%8F%E4%BA%95%E5%B8%82
敦賀市社会福祉協議会地域リハビリセンター「あいあい」,デイサービス,福井県,敦賀市,"介護,デイサービス",日中に通って食事・入浴・機能訓練・見守りなどを受けるサービスです。,http://tsurugashishakyo.ec-net.jp/,敦賀市東洋町４番1号敦賀市福祉総合センター「あいあいプラザ」内,0770-22-2250,厚生労働省オープンデータ,https://www.mhlw.go.jp/content/12300000/jigyosho_150.csv,2025-12末,https://www.google.com/search?q=%E6%95%A6%E8%B3%80%E5%B8%82%E7%A4%BE%E4%BC%9A%E7%A6%8F%E7%A5%89%E5%8D%94%E8%AD%B0%E4%BC%9A%E5%9C%B0%E5%9F%9F%E3%83%AA%E3%83%8F%E3%83%93%E3%83%AA%E3%82%BB%E3%83%B3%E3%82%BF%E3%83%BC%E3%80%8C%E3%81%82%E3%81%84%E3%81%82%E3%81%84%E3%80%8D%20%E6%95%A6%E8%B3%80%E5%B8%82
エメラルドハウスデイサービスセンター,デイサービス,福井県,敦賀市,"介護,デイサービス",日中に通って食事・入浴・機能訓練・見守りなどを受けるサービスです。,http://emerald-house.or.jp,福井県敦賀市中81号岩ケ鼻1番1,0770-21-6500,厚生労働省オープンデータ,https://www.mhlw.go.jp/content/12300000/jigyosho_150.csv,2025-12末,https://www.google.com/search?q=%E3%82%A8%E3%83%A1%E3%83%A9%E3%83%AB%E3%83%89%E3%83%8F%E3%82%A6%E3%82%B9%E3%83%87%E3%82%A4%E3%82%B5%E3%83%BC%E3%83%93%E3%82%B9%E3%82%BB%E3%83%B3%E3%82%BF%E3%83%BC%20%E6%95%A6%E8%B3%80%E5%B8%82
敦賀ケアセンタ－かくだ,デイサービス,福井県,敦賀市,"介護,デイサービス",日中に通って食事・入浴・機能訓練・見守りなどを受けるサービスです。,https://kakuda4141.co.jp,福井県敦賀市昭和町二丁目20番地16,0770-25-4141,厚生労働省オープンデータ,https://www.mhlw.go.jp/content/12300000/jigyosho_150.csv,2025-12末,https://www.google.com/search?q=%E6%95%A6%E8%B3%80%E3%82%B1%E3%82%A2%E3%82%BB%E3%83%B3%E3%82%BF%EF%BC%8D%E3%81%8B%E3%81%8F%E3%81%A0%20%E6%95%A6%E8%B3%80%E5%B8%82
敦賀市社会福祉協議会地域リハビリセンター「ぬくもりの里」,デイサービス,福井県,敦賀市,"介護,デイサービス",日中に通って食事・入浴・機能訓練・見守りなどを受けるサービスです。,http://tsurugashishakyo.ec-net.jp/,敦賀市御名７０号１１番地２,0770-20-1777,厚生労働省オープンデータ,https://www.mhlw.go.jp/content/12300000/jigyosho_150.csv,2025-12末,https://www.google.com/search?q=%E6%95%A6%E8%B3%80%E5%B8%82%E7%A4%BE%E4%BC%9A%E7%A6%8F%E7%A5%89%E5%8D%94%E8%AD%B0%E4%BC%9A%E5%9C%B0%E5%9F%9F%E3%83%AA%E3%83%8F%E3%83%93%E3%83%AA%E3%82%BB%E3%83%B3%E3%82%BF%E3%83%BC%E3%80%8C%E3%81%AC%E3%81%8F%E3%82%82%E3%82%8A%E3%81%AE%E9%87%8C%E3%80%8D%20%E6%95%A6%E8%B3%80%E5%B8%82
つるが生協デイサービスてくてく,デイサービス,福井県,敦賀市,"介護,デイサービス",日中に通って食事・入浴・機能訓練・見守りなどを受けるサービスです。,http://www.fukui-min-iren.com/iryouseikyou/,福井県敦賀市公文名1号6番,0770-21-6111,厚生労働省オープンデータ,https://www.mhlw.go.jp/content/12300000/jigyosho_150.csv,2025-12末,https://www.google.com/search?q=%E3%81%A4%E3%82%8B%E3%81%8C%E7%94%9F%E5%8D%94%E3%83%87%E3%82%A4%E3%82%B5%E3%83%BC%E3%83%93%E3%82%B9%E3%81%A6%E3%81%8F%E3%81%A6%E3%81%8F%20%E6%95%A6%E8%B3%80%E5%B8%82
かくだデイサービスセンター「さくら」,デイサービス,福井県,敦賀市,"介護,デイサービス",日中に通って食事・入浴・機能訓練・見守りなどを受けるサービスです。,https://kakuda4141.co.jp/,敦賀市中央町２－１０－３４,0770-25-0055,厚生労働省オープンデータ,https://www.mhlw.go.jp/content/12300000/jigyosho_150.csv,2025-12末,https://www.google.com/search?q=%E3%81%8B%E3%81%8F%E3%81%A0%E3%83%87%E3%82%A4%E3%82%B5%E3%83%BC%E3%83%93%E3%82%B9%E3%82%BB%E3%83%B3%E3%82%BF%E3%83%BC%E3%80%8C%E3%81%95%E3%81%8F%E3%82%89%E3%80%8D%20%E6%95%A6%E8%B3%80%E5%B8%82
リハビリ特化型デイサービスR-style,デイサービス,福井県,敦賀市,"介護,デイサービス",日中に通って食事・入浴・機能訓練・見守りなどを受けるサービスです。,http://rehaplus.co.jp/,敦賀市白銀町10-15,0770-22-2282,厚生労働省オープンデータ,https://www.mhlw.go.jp/content/12300000/jigyosho_150.csv,2025-12末,https://www.google.com/search?q=%E3%83%AA%E3%83%8F%E3%83%93%E3%83%AA%E7%89%B9%E5%8C%96%E5%9E%8B%E3%83%87%E3%82%A4%E3%82%B5%E3%83%BC%E3%83%93%E3%82%B9R-style%20%E6%95%A6%E8%B3%80%E5%B8%82
第３渓山荘あおぞらデイサービスセンター,デイサービス,福井県,敦賀市,"介護,デイサービス",日中に通って食事・入浴・機能訓練・見守りなどを受けるサービスです。,https://kjinkai.jp/,福井県敦賀市松島町２丁目６番３５号,0770-22-8572,厚生労働省オープンデータ,https://www.mhlw.go.jp/content/12300000/jigyosho_150.csv,2025-12末,https://www.google.com/search?q=%E7%AC%AC%EF%BC%93%E6%B8%93%E5%B1%B1%E8%8D%98%E3%81%82%E3%81%8A%E3%81%9E%E3%82%89%E3%83%87%E3%82%A4%E3%82%B5%E3%83%BC%E3%83%93%E3%82%B9%E3%82%BB%E3%83%B3%E3%82%BF%E3%83%BC%20%E6%95%A6%E8%B3%80%E5%B8%82
デイサービスセンター幸,デイサービス,福井県,敦賀市,"介護,デイサービス",日中に通って食事・入浴・機能訓練・見守りなどを受けるサービスです。,http://fukushika.com/,平和町1-23,0770-25-3100,厚生労働省オープンデータ,https://www.mhlw.go.jp/content/12300000/jigyosho_150.csv,2025-12末,https://www.google.com/search?q=%E3%83%87%E3%82%A4%E3%82%B5%E3%83%BC%E3%83%93%E3%82%B9%E3%82%BB%E3%83%B3%E3%82%BF%E3%83%BC%E5%B9%B8%20%E6%95%A6%E8%B3%80%E5%B8%82
第２渓山荘ぽっぽ　デイサービスセンター,デイサービス,福井県,敦賀市,"介護,デイサービス",日中に通って食事・入浴・機能訓練・見守りなどを受けるサービスです。,https://kjinkai.jp/facility/poppo/,福井県敦賀市鉄輪町1丁目2番57,0770-21-1616,厚生労働省オープンデータ,https://www.mhlw.go.jp/content/12300000/jigyosho_150.csv,2025-12末,https://www.google.com/search?q=%E7%AC%AC%EF%BC%92%E6%B8%93%E5%B1%B1%E8%8D%98%E3%81%BD%E3%81%A3%E3%81%BD%E3%80%80%E3%83%87%E3%82%A4%E3%82%B5%E3%83%BC%E3%83%93%E3%82%B9%E3%82%BB%E3%83%B3%E3%82%BF%E3%83%BC%20%E6%95%A6%E8%B3%80%E5%B8%82
デイサービスこばやし,デイサービス,福井県,敦賀市,"介護,デイサービス",日中に通って食事・入浴・機能訓練・見守りなどを受けるサービスです。,http://care-koba.com/day/,福井県敦賀市ひばりケ丘町1108番,0770-25-8008,厚生労働省オープンデータ,https://www.mhlw.go.jp/content/12300000/jigyosho_150.csv,2025-12末,https://www.google.com/search?q=%E3%83%87%E3%82%A4%E3%82%B5%E3%83%BC%E3%83%93%E3%82%B9%E3%81%93%E3%81%B0%E3%82%84%E3%81%97%20%E6%95%A6%E8%B3%80%E5%B8%82
合同会社愛美,デイサービス,福井県,敦賀市,"介護,デイサービス",日中に通って食事・入浴・機能訓練・見守りなどを受けるサービスです。,tps://healing-mind-and-body-mikuni.jimdofree.com,福井県敦賀市公文名35号39番地の1,0770-47-5484,厚生労働省オープンデータ,https://www.mhlw.go.jp/content/12300000/jigyosho_150.csv,2025-12末,https://www.google.com/search?q=%E5%90%88%E5%90%8C%E4%BC%9A%E7%A4%BE%E6%84%9B%E7%BE%8E%20%E6%95%A6%E8%B3%80%E5%B8%82
ほっと地域リハビリセンター敦賀,デイサービス,福井県,敦賀市,"介護,デイサービス",日中に通って食事・入浴・機能訓練・見守りなどを受けるサービスです。,http://www.hotreha.com,福井県敦賀市沓見141-2-1,0770-37-1000,厚生労働省オープンデータ,https://www.mhlw.go.jp/content/12300000/jigyosho_150.csv,2025-12末,https://www.google.com/search?q=%E3%81%BB%E3%81%A3%E3%81%A8%E5%9C%B0%E5%9F%9F%E3%83%AA%E3%83%8F%E3%83%93%E3%83%AA%E3%82%BB%E3%83%B3%E3%82%BF%E3%83%BC%E6%95%A6%E8%B3%80%20%E6%95%A6%E8%B3%80%E5%B8%82
渓山荘デイサービスセンター,デイサービス,福井県,敦賀市,"介護,デイサービス",日中に通って食事・入浴・機能訓練・見守りなどを受けるサービスです。,http://www.keizansou.or.jp,福井県敦賀市中８１－１－５,0770-24-2780,厚生労働省オープンデータ,https://www.mhlw.go.jp/content/12300000/jigyosho_150.csv,2025-12末,https://www.google.com/search?q=%E6%B8%93%E5%B1%B1%E8%8D%98%E3%83%87%E3%82%A4%E3%82%B5%E3%83%BC%E3%83%93%E3%82%B9%E3%82%BB%E3%83%B3%E3%82%BF%E3%83%BC%20%E6%95%A6%E8%B3%80%E5%B8%82
デイサービスあゆみ,デイサービス,福井県,小浜市,"介護,デイサービス",日中に通って食事・入浴・機能訓練・見守りなどを受けるサービスです。,http://www.ayumi-ote.com,福井県小浜市大手町８番３３号,0770-53-5070,厚生労働省オープンデータ,https://www.mhlw.go.jp/content/12300000/jigyosho_150.csv,2025-12末,https://www.google.com/search?q=%E3%83%87%E3%82%A4%E3%82%B5%E3%83%BC%E3%83%93%E3%82%B9%E3%81%82%E3%82%86%E3%81%BF%20%E5%B0%8F%E6%B5%9C%E5%B8%82
小浜市デイサービスセンター,デイサービス,福井県,小浜市,"介護,デイサービス",日中に通って食事・入浴・機能訓練・見守りなどを受けるサービスです。,http://www.obama-shakyo.or.jp/,福井県小浜市遠敷84-3-4サン・サンホーム小浜,0770-56-5803,厚生労働省オープンデータ,https://www.mhlw.go.jp/content/12300000/jigyosho_150.csv,2025-12末,https://www.google.com/search?q=%E5%B0%8F%E6%B5%9C%E5%B8%82%E3%83%87%E3%82%A4%E3%82%B5%E3%83%BC%E3%83%93%E3%82%B9%E3%82%BB%E3%83%B3%E3%82%BF%E3%83%BC%20%E5%B0%8F%E6%B5%9C%E5%B8%82
若狭ハイツデイサービスセンター,デイサービス,福井県,小浜市,"介護,デイサービス",日中に通って食事・入浴・機能訓練・見守りなどを受けるサービスです。,http://www.wakasa-fukushikai.com,小浜市阿納尻第５９号９番地の１,0770-53-2940,厚生労働省オープンデータ,https://www.mhlw.go.jp/content/12300000/jigyosho_150.csv,2025-12末,https://www.google.com/search?q=%E8%8B%A5%E7%8B%AD%E3%83%8F%E3%82%A4%E3%83%84%E3%83%87%E3%82%A4%E3%82%B5%E3%83%BC%E3%83%93%E3%82%B9%E3%82%BB%E3%83%B3%E3%82%BF%E3%83%BC%20%E5%B0%8F%E6%B5%9C%E5%B8%82
デイサービスセンター　もみじの里,デイサービス,福井県,小浜市,"介護,デイサービス",日中に通って食事・入浴・機能訓練・見守りなどを受けるサービスです。,http://www.momijist.jp/,福井県小浜市東勢11号3番,0770-52-0084,厚生労働省オープンデータ,https://www.mhlw.go.jp/content/12300000/jigyosho_150.csv,2025-12末,https://www.google.com/search?q=%E3%83%87%E3%82%A4%E3%82%B5%E3%83%BC%E3%83%93%E3%82%B9%E3%82%BB%E3%83%B3%E3%82%BF%E3%83%BC%E3%80%80%E3%82%82%E3%81%BF%E3%81%98%E3%81%AE%E9%87%8C%20%E5%B0%8F%E6%B5%9C%E5%B8%82
株式会社ライフサ－ビスデイサ－ビスセンタ－たぶの木,デイサービス,福井県,小浜市,"介護,デイサービス",日中に通って食事・入浴・機能訓練・見守りなどを受けるサービスです。,https://www.life-kaigo.jp/,小浜市山王前一丁目６－１０,0770-53-0262,厚生労働省オープンデータ,https://www.mhlw.go.jp/content/12300000/jigyosho_150.csv,2025-12末,https://www.google.com/search?q=%E6%A0%AA%E5%BC%8F%E4%BC%9A%E7%A4%BE%E3%83%A9%E3%82%A4%E3%83%95%E3%82%B5%EF%BC%8D%E3%83%93%E3%82%B9%E3%83%87%E3%82%A4%E3%82%B5%EF%BC%8D%E3%83%93%E3%82%B9%E3%82%BB%E3%83%B3%E3%82%BF%EF%BC%8D%E3%81%9F%E3%81%B6%E3%81%AE%E6%9C%A8%20%E5%B0%8F%E6%B5%9C%E5%B8%82
JA福井県デイサービスセンターみのり,デイサービス,福井県,小浜市,"介護,デイサービス",日中に通って食事・入浴・機能訓練・見守りなどを受けるサービスです。,https://www.google.com/search?q=JA%E7%A6%8F%E4%BA%95%E7%9C%8C%E3%83%87%E3%82%A4%E3%82%B5%E3%83%BC%E3%83%93%E3%82%B9%E3%82%BB%E3%83%B3%E3%82%BF%E3%83%BC%E3%81%BF%E3%81%AE%E3%82%8A%20%E5%B0%8F%E6%B5%9C%E5%B8%82,小浜市遠敷8-1-1,0770-56-3948,厚生労働省オープンデータ,https://www.mhlw.go.jp/content/12300000/jigyosho_150.csv,2025-12末,https://www.google.com/search?q=JA%E7%A6%8F%E4%BA%95%E7%9C%8C%E3%83%87%E3%82%A4%E3%82%B5%E3%83%BC%E3%83%93%E3%82%B9%E3%82%BB%E3%83%B3%E3%82%BF%E3%83%BC%E3%81%BF%E3%81%AE%E3%82%8A%20%E5%B0%8F%E6%B5%9C%E5%B8%82
ニチイケアセンター小浜,デイサービス,福井県,小浜市,"介護,デイサービス",日中に通って食事・入浴・機能訓練・見守りなどを受けるサービスです。,http://www.nichiigakkan.co.jp,小浜市南川町11-35,0770-53-2623,厚生労働省オープンデータ,https://www.mhlw.go.jp/content/12300000/jigyosho_150.csv,2025-12末,https://www.google.com/search?q=%E3%83%8B%E3%83%81%E3%82%A4%E3%82%B1%E3%82%A2%E3%82%BB%E3%83%B3%E3%82%BF%E3%83%BC%E5%B0%8F%E6%B5%9C%20%E5%B0%8F%E6%B5%9C%E5%B8%82
リリ・フィジオ,デイサービス,福井県,小浜市,"介護,デイサービス",日中に通って食事・入浴・機能訓練・見守りなどを受けるサービスです。,http://rerephysio-sanaikai.jp,福井県小浜市遠敷7丁目301AYATTO内,0770-53-3302,厚生労働省オープンデータ,https://www.mhlw.go.jp/content/12300000/jigyosho_150.csv,2025-12末,https://www.google.com/search?q=%E3%83%AA%E3%83%AA%E3%83%BB%E3%83%95%E3%82%A3%E3%82%B8%E3%82%AA%20%E5%B0%8F%E6%B5%9C%E5%B8%82
デイサービス　あお空,デイサービス,福井県,小浜市,"介護,デイサービス",日中に通って食事・入浴・機能訓練・見守りなどを受けるサービスです。,https://www.google.com/search?q=%E3%83%87%E3%82%A4%E3%82%B5%E3%83%BC%E3%83%93%E3%82%B9%E3%80%80%E3%81%82%E3%81%8A%E7%A9%BA%20%E5%B0%8F%E6%B5%9C%E5%B8%82,福井県小浜市遠敷10丁目601番地1,0770-56-5525,厚生労働省オープンデータ,https://www.mhlw.go.jp/content/12300000/jigyosho_150.csv,2025-12末,https://www.google.com/search?q=%E3%83%87%E3%82%A4%E3%82%B5%E3%83%BC%E3%83%93%E3%82%B9%E3%80%80%E3%81%82%E3%81%8A%E7%A9%BA%20%E5%B0%8F%E6%B5%9C%E5%B8%82
大野和光園デイサービスセンター,デイサービス,福井県,大野市,"介護,デイサービス",日中に通って食事・入浴・機能訓練・見守りなどを受けるサービスです。,www.ono-wakouen.jp,福井県大野市篠座７９号１１番地,0779-66-2551,厚生労働省オープンデータ,https://www.mhlw.go.jp/content/12300000/jigyosho_150.csv,2025-12末,https://www.google.com/search?q=%E5%A4%A7%E9%87%8E%E5%92%8C%E5%85%89%E5%9C%92%E3%83%87%E3%82%A4%E3%82%B5%E3%83%BC%E3%83%93%E3%82%B9%E3%82%BB%E3%83%B3%E3%82%BF%E3%83%BC%20%E5%A4%A7%E9%87%8E%E5%B8%82
通所介護施設わかくさ,デイサービス,福井県,大野市,"介護,デイサービス",日中に通って食事・入浴・機能訓練・見守りなどを受けるサービスです。,https://rehaspot.com/,福井県大野市月美町8-3,0779-65-1321,厚生労働省オープンデータ,https://www.mhlw.go.jp/content/12300000/jigyosho_150.csv,2025-12末,https://www.google.com/search?q=%E9%80%9A%E6%89%80%E4%BB%8B%E8%AD%B7%E6%96%BD%E8%A8%AD%E3%82%8F%E3%81%8B%E3%81%8F%E3%81%95%20%E5%A4%A7%E9%87%8E%E5%B8%82
一乗ハイツデイサービスセンター,デイサービス,福井県,大野市,"介護,デイサービス",日中に通って食事・入浴・機能訓練・見守りなどを受けるサービスです。,https://www.google.com/search?q=%E4%B8%80%E4%B9%97%E3%83%8F%E3%82%A4%E3%83%84%E3%83%87%E3%82%A4%E3%82%B5%E3%83%BC%E3%83%93%E3%82%B9%E3%82%BB%E3%83%B3%E3%82%BF%E3%83%BC%20%E5%A4%A7%E9%87%8E%E5%B8%82,大野市牛ヶ原154-1-1,0779-65-5719,厚生労働省オープンデータ,https://www.mhlw.go.jp/content/12300000/jigyosho_150.csv,2025-12末,https://www.google.com/search?q=%E4%B8%80%E4%B9%97%E3%83%8F%E3%82%A4%E3%83%84%E3%83%87%E3%82%A4%E3%82%B5%E3%83%BC%E3%83%93%E3%82%B9%E3%82%BB%E3%83%B3%E3%82%BF%E3%83%BC%20%E5%A4%A7%E9%87%8E%E5%B8%82
聖和園デイサービスセンター,デイサービス,福井県,大野市,"介護,デイサービス",日中に通って食事・入浴・機能訓練・見守りなどを受けるサービスです。,http://www.saiseikai-seiwaen.jp/,大野市蕨生158-35,0779-66-3308,厚生労働省オープンデータ,https://www.mhlw.go.jp/content/12300000/jigyosho_150.csv,2025-12末,https://www.google.com/search?q=%E8%81%96%E5%92%8C%E5%9C%92%E3%83%87%E3%82%A4%E3%82%B5%E3%83%BC%E3%83%93%E3%82%B9%E3%82%BB%E3%83%B3%E3%82%BF%E3%83%BC%20%E5%A4%A7%E9%87%8E%E5%B8%82
大野市社会福祉協議会天神デイサービスセンター,デイサービス,福井県,大野市,"介護,デイサービス",日中に通って食事・入浴・機能訓練・見守りなどを受けるサービスです。,http://ono-shakyo.jp/,大野市天神町7番15号,0779-65-8774,厚生労働省オープンデータ,https://www.mhlw.go.jp/content/12300000/jigyosho_150.csv,2025-12末,https://www.google.com/search?q=%E5%A4%A7%E9%87%8E%E5%B8%82%E7%A4%BE%E4%BC%9A%E7%A6%8F%E7%A5%89%E5%8D%94%E8%AD%B0%E4%BC%9A%E5%A4%A9%E7%A5%9E%E3%83%87%E3%82%A4%E3%82%B5%E3%83%BC%E3%83%93%E3%82%B9%E3%82%BB%E3%83%B3%E3%82%BF%E3%83%BC%20%E5%A4%A7%E9%87%8E%E5%B8%82
デイサービスさくらの家,デイサービス,福井県,大野市,"介護,デイサービス",日中に通って食事・入浴・機能訓練・見守りなどを受けるサービスです。,http://www.koseikaigroup.jp/hospital/,福井県大野市中津川32-33,0779-69-7090,厚生労働省オープンデータ,https://www.mhlw.go.jp/content/12300000/jigyosho_150.csv,2025-12末,https://www.google.com/search?q=%E3%83%87%E3%82%A4%E3%82%B5%E3%83%BC%E3%83%93%E3%82%B9%E3%81%95%E3%81%8F%E3%82%89%E3%81%AE%E5%AE%B6%20%E5%A4%A7%E9%87%8E%E5%B8%82
福井県農業協同デイサービスセンターテラルのほほえみ（令和2年4月1日　吸収合併）,デイサービス,福井県,大野市,"介護,デイサービス",日中に通って食事・入浴・機能訓練・見守りなどを受けるサービスです。,http://www.jaterral.com/,大野市中挾１丁目１４01,0779-65-6111,厚生労働省オープンデータ,https://www.mhlw.go.jp/content/12300000/jigyosho_150.csv,2025-12末,https://www.google.com/search?q=%E7%A6%8F%E4%BA%95%E7%9C%8C%E8%BE%B2%E6%A5%AD%E5%8D%94%E5%90%8C%E3%83%87%E3%82%A4%E3%82%B5%E3%83%BC%E3%83%93%E3%82%B9%E3%82%BB%E3%83%B3%E3%82%BF%E3%83%BC%E3%83%86%E3%83%A9%E3%83%AB%E3%81%AE%E3%81%BB%E3%81%BB%E3%81%88%E3%81%BF%EF%BC%88%E4%BB%A4%E5%92%8C2%E5%B9%B44%E6%9C%881%E6%97%A5%E3%80%80%E5%90%B8%E5%8F%8E%E5%90%88%E4%BD%B5%EF%BC%89%20%E5%A4%A7%E9%87%8E%E5%B8%82
ほっと地域リハビリセンター大野,デイサービス,福井県,大野市,"介護,デイサービス",日中に通って食事・入浴・機能訓練・見守りなどを受けるサービスです。,http://www.hotreha.com,福井県大野市月美町1005,0779-65-0001,厚生労働省オープンデータ,https://www.mhlw.go.jp/content/12300000/jigyosho_150.csv,2025-12末,https://www.google.com/search?q=%E3%81%BB%E3%81%A3%E3%81%A8%E5%9C%B0%E5%9F%9F%E3%83%AA%E3%83%8F%E3%83%93%E3%83%AA%E3%82%BB%E3%83%B3%E3%82%BF%E3%83%BC%E5%A4%A7%E9%87%8E%20%E5%A4%A7%E9%87%8E%E5%B8%82
デイサービス施設「パワーリハビリふぁいと」,デイサービス,福井県,大野市,"介護,デイサービス",日中に通って食事・入浴・機能訓練・見守りなどを受けるサービスです。,http://www.takeipowergym.com/about_gym.html,福井県大野市桜塚町905番地,0779-66-6435,厚生労働省オープンデータ,https://www.mhlw.go.jp/content/12300000/jigyosho_150.csv,2025-12末,https://www.google.com/search?q=%E3%83%87%E3%82%A4%E3%82%B5%E3%83%BC%E3%83%93%E3%82%B9%E6%96%BD%E8%A8%AD%E3%80%8C%E3%83%91%E3%83%AF%E3%83%BC%E3%83%AA%E3%83%8F%E3%83%93%E3%83%AA%E3%81%B5%E3%81%81%E3%81%84%E3%81%A8%E3%80%8D%20%E5%A4%A7%E9%87%8E%E5%B8%82
さつき苑　デイサービスセンター,デイサービス,福井県,勝山市,"介護,デイサービス",日中に通って食事・入浴・機能訓練・見守りなどを受けるサービスです。,http://www.satsuki.or.jp/,福井県勝山市片瀬第15号22番地,0779-87-7711,厚生労働省オープンデータ,https://www.mhlw.go.jp/content/12300000/jigyosho_150.csv,2025-12末,https://www.google.com/search?q=%E3%81%95%E3%81%A4%E3%81%8D%E8%8B%91%E3%80%80%E3%83%87%E3%82%A4%E3%82%B5%E3%83%BC%E3%83%93%E3%82%B9%E3%82%BB%E3%83%B3%E3%82%BF%E3%83%BC%20%E5%8B%9D%E5%B1%B1%E5%B8%82
ひなたぼっこデイサービスセンター,デイサービス,福井県,勝山市,"介護,デイサービス",日中に通って食事・入浴・機能訓練・見守りなどを受けるサービスです。,https://www.google.com/search?q=%E3%81%B2%E3%81%AA%E3%81%9F%E3%81%BC%E3%81%A3%E3%81%93%E3%83%87%E3%82%A4%E3%82%B5%E3%83%BC%E3%83%93%E3%82%B9%E3%82%BB%E3%83%B3%E3%82%BF%E3%83%BC%20%E5%8B%9D%E5%B1%B1%E5%B8%82,福井県勝山市鹿谷町西光寺25字-9-1,0779-89-3281,厚生労働省オープンデータ,https://www.mhlw.go.jp/content/12300000/jigyosho_150.csv,2025-12末,https://www.google.com/search?q=%E3%81%B2%E3%81%AA%E3%81%9F%E3%81%BC%E3%81%A3%E3%81%93%E3%83%87%E3%82%A4%E3%82%B5%E3%83%BC%E3%83%93%E3%82%B9%E3%82%BB%E3%83%B3%E3%82%BF%E3%83%BC%20%E5%8B%9D%E5%B1%B1%E5%B8%82
さくら荘デイサービスセンター,デイサービス,福井県,勝山市,"介護,デイサービス",日中に通って食事・入浴・機能訓練・見守りなどを受けるサービスです。,http://k-sakurasou.jp,福井県勝山市芳野町２丁目１－１１さくら荘在宅サービス支援センター　さくらんぼ,0779-88-6500,厚生労働省オープンデータ,https://www.mhlw.go.jp/content/12300000/jigyosho_150.csv,2025-12末,https://www.google.com/search?q=%E3%81%95%E3%81%8F%E3%82%89%E8%8D%98%E3%83%87%E3%82%A4%E3%82%B5%E3%83%BC%E3%83%93%E3%82%B9%E3%82%BB%E3%83%B3%E3%82%BF%E3%83%BC%20%E5%8B%9D%E5%B1%B1%E5%B8%82
ディサービスセンター九頭竜,デイサービス,福井県,勝山市,"介護,デイサービス",日中に通って食事・入浴・機能訓練・見守りなどを受けるサービスです。,https://kuzuryuworkshop.com/,福井県勝山市旭町3丁目107番２,0779-87-6306,厚生労働省オープンデータ,https://www.mhlw.go.jp/content/12300000/jigyosho_150.csv,2025-12末,https://www.google.com/search?q=%E3%83%87%E3%82%A3%E3%82%B5%E3%83%BC%E3%83%93%E3%82%B9%E3%82%BB%E3%83%B3%E3%82%BF%E3%83%BC%E4%B9%9D%E9%A0%AD%E7%AB%9C%20%E5%8B%9D%E5%B1%B1%E5%B8%82
デイサービスセンターえがお,デイサービス,福井県,勝山市,"介護,デイサービス",日中に通って食事・入浴・機能訓練・見守りなどを受けるサービスです。,https://www.google.com/search?q=%E3%83%87%E3%82%A4%E3%82%B5%E3%83%BC%E3%83%93%E3%82%B9%E3%82%BB%E3%83%B3%E3%82%BF%E3%83%BC%E3%81%88%E3%81%8C%E3%81%8A%20%E5%8B%9D%E5%B1%B1%E5%B8%82,福井県勝山市荒土町新保6－103番地,0779-64-5366,厚生労働省オープンデータ,https://www.mhlw.go.jp/content/12300000/jigyosho_150.csv,2025-12末,https://www.google.com/search?q=%E3%83%87%E3%82%A4%E3%82%B5%E3%83%BC%E3%83%93%E3%82%B9%E3%82%BB%E3%83%B3%E3%82%BF%E3%83%BC%E3%81%88%E3%81%8C%E3%81%8A%20%E5%8B%9D%E5%B1%B1%E5%B8%82
デイサービスセンターわかば,デイサービス,福井県,勝山市,"介護,デイサービス",日中に通って食事・入浴・機能訓練・見守りなどを受けるサービスです。,https://www.google.com/search?q=%E3%83%87%E3%82%A4%E3%82%B5%E3%83%BC%E3%83%93%E3%82%B9%E3%82%BB%E3%83%B3%E3%82%BF%E3%83%BC%E3%82%8F%E3%81%8B%E3%81%B0%20%E5%8B%9D%E5%B1%B1%E5%B8%82,福井県勝山市昭和町１丁目１番２８号,0779-87-6550,厚生労働省オープンデータ,https://www.mhlw.go.jp/content/12300000/jigyosho_150.csv,2025-12末,https://www.google.com/search?q=%E3%83%87%E3%82%A4%E3%82%B5%E3%83%BC%E3%83%93%E3%82%B9%E3%82%BB%E3%83%B3%E3%82%BF%E3%83%BC%E3%82%8F%E3%81%8B%E3%81%B0%20%E5%8B%9D%E5%B1%B1%E5%B8%82
アミューズメントリゾート　ドリームデイサービス,デイサービス,福井県,鯖江市,"介護,デイサービス",日中に通って食事・入浴・機能訓練・見守りなどを受けるサービスです。,dream-create.wixsite.com/dreamcreate,福井県鯖江市東鯖江二丁目9番16号,0778-54-7800,厚生労働省オープンデータ,https://www.mhlw.go.jp/content/12300000/jigyosho_150.csv,2025-12末,https://www.google.com/search?q=%E3%82%A2%E3%83%9F%E3%83%A5%E3%83%BC%E3%82%BA%E3%83%A1%E3%83%B3%E3%83%88%E3%83%AA%E3%82%BE%E3%83%BC%E3%83%88%E3%80%80%E3%83%89%E3%83%AA%E3%83%BC%E3%83%A0%E3%83%87%E3%82%A4%E3%82%B5%E3%83%BC%E3%83%93%E3%82%B9%20%E9%AF%96%E6%B1%9F%E5%B8%82
株式会社　永樹,デイサービス,福井県,鯖江市,"介護,デイサービス",日中に通って食事・入浴・機能訓練・見守りなどを受けるサービスです。,eiju.fukui.jp,東鯖江4丁目8-2,0778-67-8876,厚生労働省オープンデータ,https://www.mhlw.go.jp/content/12300000/jigyosho_150.csv,2025-12末,https://www.google.com/search?q=%E6%A0%AA%E5%BC%8F%E4%BC%9A%E7%A4%BE%E3%80%80%E6%B0%B8%E6%A8%B9%20%E9%AF%96%E6%B1%9F%E5%B8%82
さくら倶楽部　聚楽第,デイサービス,福井県,鯖江市,"介護,デイサービス",日中に通って食事・入浴・機能訓練・見守りなどを受けるサービスです。,httzp：//hp.kaipoke.biz/88d/index.html,下河端町4-6-1,0778-54-8448,厚生労働省オープンデータ,https://www.mhlw.go.jp/content/12300000/jigyosho_150.csv,2025-12末,https://www.google.com/search?q=%E3%81%95%E3%81%8F%E3%82%89%E5%80%B6%E6%A5%BD%E9%83%A8%E3%80%80%E8%81%9A%E6%A5%BD%E7%AC%AC%20%E9%AF%96%E6%B1%9F%E5%B8%82
ほっと地域リハビリセンター鯖江,デイサービス,福井県,鯖江市,"介護,デイサービス",日中に通って食事・入浴・機能訓練・見守りなどを受けるサービスです。,http://www.hotreha.com,鳥羽町107-70,0778-52-7720,厚生労働省オープンデータ,https://www.mhlw.go.jp/content/12300000/jigyosho_150.csv,2025-12末,https://www.google.com/search?q=%E3%81%BB%E3%81%A3%E3%81%A8%E5%9C%B0%E5%9F%9F%E3%83%AA%E3%83%8F%E3%83%93%E3%83%AA%E3%82%BB%E3%83%B3%E3%82%BF%E3%83%BC%E9%AF%96%E6%B1%9F%20%E9%AF%96%E6%B1%9F%E5%B8%82
デイサービスセンターうぐいすの里,デイサービス,福井県,鯖江市,"介護,デイサービス",日中に通って食事・入浴・機能訓練・見守りなどを受けるサービスです。,https://gogakuen.com,福井県鯖江市漆原町２０－８,0778-62-2804,厚生労働省オープンデータ,https://www.mhlw.go.jp/content/12300000/jigyosho_150.csv,2025-12末,https://www.google.com/search?q=%E3%83%87%E3%82%A4%E3%82%B5%E3%83%BC%E3%83%93%E3%82%B9%E3%82%BB%E3%83%B3%E3%82%BF%E3%83%BC%E3%81%86%E3%81%90%E3%81%84%E3%81%99%E3%81%AE%E9%87%8C%20%E9%AF%96%E6%B1%9F%E5%B8%82
ことぶき荘デイサービスセンター,デイサービス,福井県,鯖江市,"介護,デイサービス",日中に通って食事・入浴・機能訓練・見守りなどを受けるサービスです。,http://www.touyoukai.or.jp,福井県鯖江市大野町3-1,0778-51-7780,厚生労働省オープンデータ,https://www.mhlw.go.jp/content/12300000/jigyosho_150.csv,2025-12末,https://www.google.com/search?q=%E3%81%93%E3%81%A8%E3%81%B6%E3%81%8D%E8%8D%98%E3%83%87%E3%82%A4%E3%82%B5%E3%83%BC%E3%83%93%E3%82%B9%E3%82%BB%E3%83%B3%E3%82%BF%E3%83%BC%20%E9%AF%96%E6%B1%9F%E5%B8%82
OneHeartリハビリの家,デイサービス,福井県,鯖江市,"介護,デイサービス",日中に通って食事・入浴・機能訓練・見守りなどを受けるサービスです。,https://www.google.com/search?q=OneHeart%E3%83%AA%E3%83%8F%E3%83%93%E3%83%AA%E3%81%AE%E5%AE%B6%20%E9%AF%96%E6%B1%9F%E5%B8%82,福井県鯖江市川島町１９−１４,0778-43-5356,厚生労働省オープンデータ,https://www.mhlw.go.jp/content/12300000/jigyosho_150.csv,2025-12末,https://www.google.com/search?q=OneHeart%E3%83%AA%E3%83%8F%E3%83%93%E3%83%AA%E3%81%AE%E5%AE%B6%20%E9%AF%96%E6%B1%9F%E5%B8%82
デイサービスセンターいろり,デイサービス,福井県,鯖江市,"介護,デイサービス",日中に通って食事・入浴・機能訓練・見守りなどを受けるサービスです。,http://www.wakatake.ne.jp,鯖江市鳥羽３丁目１－２９,0778-54-7300,厚生労働省オープンデータ,https://www.mhlw.go.jp/content/12300000/jigyosho_150.csv,2025-12末,https://www.google.com/search?q=%E3%83%87%E3%82%A4%E3%82%B5%E3%83%BC%E3%83%93%E3%82%B9%E3%82%BB%E3%83%B3%E3%82%BF%E3%83%BC%E3%81%84%E3%82%8D%E3%82%8A%20%E9%AF%96%E6%B1%9F%E5%B8%82
憩の里デイサービスセンター,デイサービス,福井県,鯖江市,"介護,デイサービス",日中に通って食事・入浴・機能訓練・見守りなどを受けるサービスです。,http://saito-hospital.org/,鯖江市中野町12-8-1,0778-51-1501,厚生労働省オープンデータ,https://www.mhlw.go.jp/content/12300000/jigyosho_150.csv,2025-12末,https://www.google.com/search?q=%E6%86%A9%E3%81%AE%E9%87%8C%E3%83%87%E3%82%A4%E3%82%B5%E3%83%BC%E3%83%93%E3%82%B9%E3%82%BB%E3%83%B3%E3%82%BF%E3%83%BC%20%E9%AF%96%E6%B1%9F%E5%B8%82
丹南デイサービスセンター,デイサービス,福井県,鯖江市,"介護,デイサービス",日中に通って食事・入浴・機能訓練・見守りなどを受けるサービスです。,https://fujinosato.or.jp,福井県鯖江市持明寺町１４－１４－１,0778-62-0236,厚生労働省オープンデータ,https://www.mhlw.go.jp/content/12300000/jigyosho_150.csv,2025-12末,https://www.google.com/search?q=%E4%B8%B9%E5%8D%97%E3%83%87%E3%82%A4%E3%82%B5%E3%83%BC%E3%83%93%E3%82%B9%E3%82%BB%E3%83%B3%E3%82%BF%E3%83%BC%20%E9%AF%96%E6%B1%9F%E5%B8%82
デイサービスセンターわらく,デイサービス,福井県,鯖江市,"介護,デイサービス",日中に通って食事・入浴・機能訓練・見守りなどを受けるサービスです。,https://s-a-care.co.jp,住吉町２丁目16-12,0778-52-1117,厚生労働省オープンデータ,https://www.mhlw.go.jp/content/12300000/jigyosho_150.csv,2025-12末,https://www.google.com/search?q=%E3%83%87%E3%82%A4%E3%82%B5%E3%83%BC%E3%83%93%E3%82%B9%E3%82%BB%E3%83%B3%E3%82%BF%E3%83%BC%E3%82%8F%E3%82%89%E3%81%8F%20%E9%AF%96%E6%B1%9F%E5%B8%82
ツクイ福井さばえ,デイサービス,福井県,鯖江市,"介護,デイサービス",日中に通って食事・入浴・機能訓練・見守りなどを受けるサービスです。,https://www.tsukui.net/home-care/2322/,鯖江市三六町1-6-2,0778-51-9300,厚生労働省オープンデータ,https://www.mhlw.go.jp/content/12300000/jigyosho_150.csv,2025-12末,https://www.google.com/search?q=%E3%83%84%E3%82%AF%E3%82%A4%E7%A6%8F%E4%BA%95%E3%81%95%E3%81%B0%E3%81%88%20%E9%AF%96%E6%B1%9F%E5%B8%82
ニチイケアセンターたちまち,デイサービス,福井県,鯖江市,"介護,デイサービス",日中に通って食事・入浴・機能訓練・見守りなどを受けるサービスです。,http://www.nichiigakkan.co.jp,吉江町303,0778-53-0066,厚生労働省オープンデータ,https://www.mhlw.go.jp/content/12300000/jigyosho_150.csv,2025-12末,https://www.google.com/search?q=%E3%83%8B%E3%83%81%E3%82%A4%E3%82%B1%E3%82%A2%E3%82%BB%E3%83%B3%E3%82%BF%E3%83%BC%E3%81%9F%E3%81%A1%E3%81%BE%E3%81%A1%20%E9%AF%96%E6%B1%9F%E5%B8%82
エレガントセニールガーデン,デイサービス,福井県,鯖江市,"介護,デイサービス",日中に通って食事・入浴・機能訓練・見守りなどを受けるサービスです。,https://www.google.com/search?q=%E3%82%A8%E3%83%AC%E3%82%AC%E3%83%B3%E3%83%88%E3%82%BB%E3%83%8B%E3%83%BC%E3%83%AB%E3%82%AC%E3%83%BC%E3%83%87%E3%83%B3%20%E9%AF%96%E6%B1%9F%E5%B8%82,福井県鯖江市吉江町３１－７－１,0778-53-2772,厚生労働省オープンデータ,https://www.mhlw.go.jp/content/12300000/jigyosho_150.csv,2025-12末,https://www.google.com/search?q=%E3%82%A8%E3%83%AC%E3%82%AC%E3%83%B3%E3%83%88%E3%82%BB%E3%83%8B%E3%83%BC%E3%83%AB%E3%82%AC%E3%83%BC%E3%83%87%E3%83%B3%20%E9%AF%96%E6%B1%9F%E5%B8%82
社会福祉法人　鯖江市社会福祉協議会デイサービスセンター,デイサービス,福井県,鯖江市,"介護,デイサービス",日中に通って食事・入浴・機能訓練・見守りなどを受けるサービスです。,http://www.sabae-shakyo.or.jp,福井県鯖江市水落町2丁目30番1号アイアイ鯖江健康福祉センター,0778-51-0091,厚生労働省オープンデータ,https://www.mhlw.go.jp/content/12300000/jigyosho_150.csv,2025-12末,https://www.google.com/search?q=%E7%A4%BE%E4%BC%9A%E7%A6%8F%E7%A5%89%E6%B3%95%E4%BA%BA%E3%80%80%E9%AF%96%E6%B1%9F%E5%B8%82%E7%A4%BE%E4%BC%9A%E7%A6%8F%E7%A5%89%E5%8D%94%E8%AD%B0%E4%BC%9A%E3%83%87%E3%82%A4%E3%82%B5%E3%83%BC%E3%83%93%E3%82%B9%E3%82%BB%E3%83%B3%E3%82%BF%E3%83%BC%20%E9%AF%96%E6%B1%9F%E5%B8%82
デイサービスセンターなかま,デイサービス,福井県,鯖江市,"介護,デイサービス",日中に通って食事・入浴・機能訓練・見守りなどを受けるサービスです。,http://www.sabae-shakyo.or.jp,鯖江市神明町5丁目5番37号,0778-51-1839,厚生労働省オープンデータ,https://www.mhlw.go.jp/content/12300000/jigyosho_150.csv,2025-12末,https://www.google.com/search?q=%E3%83%87%E3%82%A4%E3%82%B5%E3%83%BC%E3%83%93%E3%82%B9%E3%82%BB%E3%83%B3%E3%82%BF%E3%83%BC%E3%81%AA%E3%81%8B%E3%81%BE%20%E9%AF%96%E6%B1%9F%E5%B8%82
おしどり荘デイサービスセンター,デイサービス,福井県,鯖江市,"介護,デイサービス",日中に通って食事・入浴・機能訓練・見守りなどを受けるサービスです。,http://www.touyoukai.or.jp,福井県鯖江市別司町41-30,0778-65-3124,厚生労働省オープンデータ,https://www.mhlw.go.jp/content/12300000/jigyosho_150.csv,2025-12末,https://www.google.com/search?q=%E3%81%8A%E3%81%97%E3%81%A9%E3%82%8A%E8%8D%98%E3%83%87%E3%82%A4%E3%82%B5%E3%83%BC%E3%83%93%E3%82%B9%E3%82%BB%E3%83%B3%E3%82%BF%E3%83%BC%20%E9%AF%96%E6%B1%9F%E5%B8%82
坂井地区医師会デイサービスセンター,デイサービス,福井県,あわら市,"介護,デイサービス",日中に通って食事・入浴・機能訓練・見守りなどを受けるサービスです。,https://www.sakaichiku-med.com/,福井県あわら市東善寺5-27,0776-73-8710,厚生労働省オープンデータ,https://www.mhlw.go.jp/content/12300000/jigyosho_150.csv,2025-12末,https://www.google.com/search?q=%E5%9D%82%E4%BA%95%E5%9C%B0%E5%8C%BA%E5%8C%BB%E5%B8%AB%E4%BC%9A%E3%83%87%E3%82%A4%E3%82%B5%E3%83%BC%E3%83%93%E3%82%B9%E3%82%BB%E3%83%B3%E3%82%BF%E3%83%BC%20%E3%81%82%E3%82%8F%E3%82%89%E5%B8%82
リハビリスタジオなるざの森,デイサービス,福井県,あわら市,"介護,デイサービス",日中に通って食事・入浴・機能訓練・見守りなどを受けるサービスです。,http://www.naruza.jp,二面2－301,0776－77－2251,厚生労働省オープンデータ,https://www.mhlw.go.jp/content/12300000/jigyosho_150.csv,2025-12末,https://www.google.com/search?q=%E3%83%AA%E3%83%8F%E3%83%93%E3%83%AA%E3%82%B9%E3%82%BF%E3%82%B8%E3%82%AA%E3%81%AA%E3%82%8B%E3%81%96%E3%81%AE%E6%A3%AE%20%E3%81%82%E3%82%8F%E3%82%89%E5%B8%82
デイサービスうたね,デイサービス,福井県,あわら市,"介護,デイサービス",日中に通って食事・入浴・機能訓練・見守りなどを受けるサービスです。,https://utane-kaigo.com,福井県あわら市北潟276-123,0776-76-7146,厚生労働省オープンデータ,https://www.mhlw.go.jp/content/12300000/jigyosho_150.csv,2025-12末,https://www.google.com/search?q=%E3%83%87%E3%82%A4%E3%82%B5%E3%83%BC%E3%83%93%E3%82%B9%E3%81%86%E3%81%9F%E3%81%AD%20%E3%81%82%E3%82%8F%E3%82%89%E5%B8%82
ウエルネス木村,デイサービス,福井県,あわら市,"介護,デイサービス",日中に通って食事・入浴・機能訓練・見守りなどを受けるサービスです。,http://www.s-fukushi.or.jp/wellness/,福井県あわら市自由ヶ丘２－１５－２３,0776-73-7788,厚生労働省オープンデータ,https://www.mhlw.go.jp/content/12300000/jigyosho_150.csv,2025-12末,https://www.google.com/search?q=%E3%82%A6%E3%82%A8%E3%83%AB%E3%83%8D%E3%82%B9%E6%9C%A8%E6%9D%91%20%E3%81%82%E3%82%8F%E3%82%89%E5%B8%82
みんなの家大溝,デイサービス,福井県,あわら市,"介護,デイサービス",日中に通って食事・入浴・機能訓練・見守りなどを受けるサービスです。,https://www.google.com/search?q=%E3%81%BF%E3%82%93%E3%81%AA%E3%81%AE%E5%AE%B6%E5%A4%A7%E6%BA%9D%20%E3%81%82%E3%82%8F%E3%82%89%E5%B8%82,大溝3丁目4番32号みんなの家大溝,0776-73-8555,厚生労働省オープンデータ,https://www.mhlw.go.jp/content/12300000/jigyosho_150.csv,2025-12末,https://www.google.com/search?q=%E3%81%BF%E3%82%93%E3%81%AA%E3%81%AE%E5%AE%B6%E5%A4%A7%E6%BA%9D%20%E3%81%82%E3%82%8F%E3%82%89%E5%B8%82
芦原メロン苑デイサービスセンター,デイサービス,福井県,あわら市,"介護,デイサービス",日中に通って食事・入浴・機能訓練・見守りなどを受けるサービスです。,http://www.meron-en.or.jp/,あわら市井江葭５０－１８,0776-78-7880,厚生労働省オープンデータ,https://www.mhlw.go.jp/content/12300000/jigyosho_150.csv,2025-12末,https://www.google.com/search?q=%E8%8A%A6%E5%8E%9F%E3%83%A1%E3%83%AD%E3%83%B3%E8%8B%91%E3%83%87%E3%82%A4%E3%82%B5%E3%83%BC%E3%83%93%E3%82%B9%E3%82%BB%E3%83%B3%E3%82%BF%E3%83%BC%20%E3%81%82%E3%82%8F%E3%82%89%E5%B8%82
総合支援センターわかたけ,デイサービス,福井県,越前市,"介護,デイサービス",日中に通って食事・入浴・機能訓練・見守りなどを受けるサービスです。,https://www.google.com/search?q=%E7%B7%8F%E5%90%88%E6%94%AF%E6%8F%B4%E3%82%BB%E3%83%B3%E3%82%BF%E3%83%BC%E3%82%8F%E3%81%8B%E3%81%9F%E3%81%91%20%E8%B6%8A%E5%89%8D%E5%B8%82,越前市西谷町33-10-2,0778-21-0300,厚生労働省オープンデータ,https://www.mhlw.go.jp/content/12300000/jigyosho_150.csv,2025-12末,https://www.google.com/search?q=%E7%B7%8F%E5%90%88%E6%94%AF%E6%8F%B4%E3%82%BB%E3%83%B3%E3%82%BF%E3%83%BC%E3%82%8F%E3%81%8B%E3%81%9F%E3%81%91%20%E8%B6%8A%E5%89%8D%E5%B8%82
レッツデイサービス横根,デイサービス,福井県,越前市,"介護,デイサービス",日中に通って食事・入浴・機能訓練・見守りなどを受けるサービスです。,http://lifemore.ne.jp/,福井県越前市横根町12-4-1,0778-43-5311,厚生労働省オープンデータ,https://www.mhlw.go.jp/content/12300000/jigyosho_150.csv,2025-12末,https://www.google.com/search?q=%E3%83%AC%E3%83%83%E3%83%84%E3%83%87%E3%82%A4%E3%82%B5%E3%83%BC%E3%83%93%E3%82%B9%E6%A8%AA%E6%A0%B9%20%E8%B6%8A%E5%89%8D%E5%B8%82
デイサービスセンターわかたけ,デイサービス,福井県,越前市,"介護,デイサービス",日中に通って食事・入浴・機能訓練・見守りなどを受けるサービスです。,http://www.wakatake.ne.jp/,福井県越前市本多2丁目3-19,0778-25-5252,厚生労働省オープンデータ,https://www.mhlw.go.jp/content/12300000/jigyosho_150.csv,2025-12末,https://www.google.com/search?q=%E3%83%87%E3%82%A4%E3%82%B5%E3%83%BC%E3%83%93%E3%82%B9%E3%82%BB%E3%83%B3%E3%82%BF%E3%83%BC%E3%82%8F%E3%81%8B%E3%81%9F%E3%81%91%20%E8%B6%8A%E5%89%8D%E5%B8%82
えっほ　わかたけ,デイサービス,福井県,越前市,"介護,デイサービス",日中に通って食事・入浴・機能訓練・見守りなどを受けるサービスです。,https://www.google.com/search?q=%E3%81%88%E3%81%A3%E3%81%BB%E3%80%80%E3%82%8F%E3%81%8B%E3%81%9F%E3%81%91%20%E8%B6%8A%E5%89%8D%E5%B8%82,福井県越前市堀川町9番15号フォーユーエクセルわかたけ,0778-29-3500,厚生労働省オープンデータ,https://www.mhlw.go.jp/content/12300000/jigyosho_150.csv,2025-12末,https://www.google.com/search?q=%E3%81%88%E3%81%A3%E3%81%BB%E3%80%80%E3%82%8F%E3%81%8B%E3%81%9F%E3%81%91%20%E8%B6%8A%E5%89%8D%E5%B8%82
さんらいふりはすてーしょん,デイサービス,福井県,越前市,"介護,デイサービス",日中に通って食事・入浴・機能訓練・見守りなどを受けるサービスです。,http://sunlifeonodani.jp/,常久町7-1-1,0778-42-7633,厚生労働省オープンデータ,https://www.mhlw.go.jp/content/12300000/jigyosho_150.csv,2025-12末,https://www.google.com/search?q=%E3%81%95%E3%82%93%E3%82%89%E3%81%84%E3%81%B5%E3%82%8A%E3%81%AF%E3%81%99%E3%81%A6%E3%83%BC%E3%81%97%E3%82%87%E3%82%93%20%E8%B6%8A%E5%89%8D%E5%B8%82
さくら倶楽部,デイサービス,福井県,越前市,"介護,デイサービス",日中に通って食事・入浴・機能訓練・見守りなどを受けるサービスです。,http://hp.kaipoke.biz/88d/index.html,横市町4-5,0778-21-1307,厚生労働省オープンデータ,https://www.mhlw.go.jp/content/12300000/jigyosho_150.csv,2025-12末,https://www.google.com/search?q=%E3%81%95%E3%81%8F%E3%82%89%E5%80%B6%E6%A5%BD%E9%83%A8%20%E8%B6%8A%E5%89%8D%E5%B8%82
デイサービスセンター第２和上苑,デイサービス,福井県,越前市,"介護,デイサービス",日中に通って食事・入浴・機能訓練・見守りなどを受けるサービスです。,http://www.wakatake.ne.jp,福井県越前市白崎町第34号2番地1,0778-25-6363,厚生労働省オープンデータ,https://www.mhlw.go.jp/content/12300000/jigyosho_150.csv,2025-12末,https://www.google.com/search?q=%E3%83%87%E3%82%A4%E3%82%B5%E3%83%BC%E3%83%93%E3%82%B9%E3%82%BB%E3%83%B3%E3%82%BF%E3%83%BC%E7%AC%AC%EF%BC%92%E5%92%8C%E4%B8%8A%E8%8B%91%20%E8%B6%8A%E5%89%8D%E5%B8%82
デイサービスセンター和上苑,デイサービス,福井県,越前市,"介護,デイサービス",日中に通って食事・入浴・機能訓練・見守りなどを受けるサービスです。,http://www.wakatake.ne.jp/,福井県越前市高木町12-7-1デイサービスセンター和上苑,0778-23-4565,厚生労働省オープンデータ,https://www.mhlw.go.jp/content/12300000/jigyosho_150.csv,2025-12末,https://www.google.com/search?q=%E3%83%87%E3%82%A4%E3%82%B5%E3%83%BC%E3%83%93%E3%82%B9%E3%82%BB%E3%83%B3%E3%82%BF%E3%83%BC%E5%92%8C%E4%B8%8A%E8%8B%91%20%E8%B6%8A%E5%89%8D%E5%B8%82
デイサービス　パワーリハビリ　アイ,デイサービス,福井県,越前市,"介護,デイサービス",日中に通って食事・入浴・機能訓練・見守りなどを受けるサービスです。,http://www.tsukioka-med.com,福井県越前市本多１丁目12-3,0778-21-5833,厚生労働省オープンデータ,https://www.mhlw.go.jp/content/12300000/jigyosho_150.csv,2025-12末,https://www.google.com/search?q=%E3%83%87%E3%82%A4%E3%82%B5%E3%83%BC%E3%83%93%E3%82%B9%E3%80%80%E3%83%91%E3%83%AF%E3%83%BC%E3%83%AA%E3%83%8F%E3%83%93%E3%83%AA%E3%80%80%E3%82%A2%E3%82%A4%20%E8%B6%8A%E5%89%8D%E5%B8%82
しくらデイ明日花,デイサービス,福井県,越前市,"介護,デイサービス",日中に通って食事・入浴・機能訓練・見守りなどを受けるサービスです。,http://www.ikebata.jp/shikuraasuka.html,越前市千福町３２８,0778-25-5522,厚生労働省オープンデータ,https://www.mhlw.go.jp/content/12300000/jigyosho_150.csv,2025-12末,https://www.google.com/search?q=%E3%81%97%E3%81%8F%E3%82%89%E3%83%87%E3%82%A4%E6%98%8E%E6%97%A5%E8%8A%B1%20%E8%B6%8A%E5%89%8D%E5%B8%82
県民せいきょう丹南きらめきデイサービス,デイサービス,福井県,越前市,"介護,デイサービス",日中に通って食事・入浴・機能訓練・見守りなどを受けるサービスです。,http://www.fukui.coop/,福井県越前市家久町49字,0778-22-5001,厚生労働省オープンデータ,https://www.mhlw.go.jp/content/12300000/jigyosho_150.csv,2025-12末,https://www.google.com/search?q=%E7%9C%8C%E6%B0%91%E3%81%9B%E3%81%84%E3%81%8D%E3%82%87%E3%81%86%E4%B8%B9%E5%8D%97%E3%81%8D%E3%82%89%E3%82%81%E3%81%8D%E3%83%87%E3%82%A4%E3%82%B5%E3%83%BC%E3%83%93%E3%82%B9%20%E8%B6%8A%E5%89%8D%E5%B8%82
デイサービスセンターメゾンいまだて,デイサービス,福井県,越前市,"介護,デイサービス",日中に通って食事・入浴・機能訓練・見守りなどを受けるサービスです。,http://www.mezon-f.com/,福井県越前市東樫尾町８番３８号,0778-43-1800,厚生労働省オープンデータ,https://www.mhlw.go.jp/content/12300000/jigyosho_150.csv,2025-12末,https://www.google.com/search?q=%E3%83%87%E3%82%A4%E3%82%B5%E3%83%BC%E3%83%93%E3%82%B9%E3%82%BB%E3%83%B3%E3%82%BF%E3%83%BC%E3%83%A1%E3%82%BE%E3%83%B3%E3%81%84%E3%81%BE%E3%81%A0%E3%81%A6%20%E8%B6%8A%E5%89%8D%E5%B8%82
越前市社会福祉協議会デイサービスセンターいまだて,デイサービス,福井県,越前市,"介護,デイサービス",日中に通って食事・入浴・機能訓練・見守りなどを受けるサービスです。,http://echizen-shakyo.or.jp/,福井県越前市杉尾町第1号27番地1越前市社会福祉センター内,0778-43-1212,厚生労働省オープンデータ,https://www.mhlw.go.jp/content/12300000/jigyosho_150.csv,2025-12末,https://www.google.com/search?q=%E8%B6%8A%E5%89%8D%E5%B8%82%E7%A4%BE%E4%BC%9A%E7%A6%8F%E7%A5%89%E5%8D%94%E8%AD%B0%E4%BC%9A%E3%83%87%E3%82%A4%E3%82%B5%E3%83%BC%E3%83%93%E3%82%B9%E3%82%BB%E3%83%B3%E3%82%BF%E3%83%BC%E3%81%84%E3%81%BE%E3%81%A0%E3%81%A6%20%E8%B6%8A%E5%89%8D%E5%B8%82
越前市社会福祉協議会デイサービスセンター芦山,デイサービス,福井県,越前市,"介護,デイサービス",日中に通って食事・入浴・機能訓練・見守りなどを受けるサービスです。,https://www.google.com/search?q=%E8%B6%8A%E5%89%8D%E5%B8%82%E7%A4%BE%E4%BC%9A%E7%A6%8F%E7%A5%89%E5%8D%94%E8%AD%B0%E4%BC%9A%E3%83%87%E3%82%A4%E3%82%B5%E3%83%BC%E3%83%93%E3%82%B9%E3%82%BB%E3%83%B3%E3%82%BF%E3%83%BC%E8%8A%A6%E5%B1%B1%20%E8%B6%8A%E5%89%8D%E5%B8%82,福井県越前市矢船町第8号12番地1,0778-25-0070,厚生労働省オープンデータ,https://www.mhlw.go.jp/content/12300000/jigyosho_150.csv,2025-12末,https://www.google.com/search?q=%E8%B6%8A%E5%89%8D%E5%B8%82%E7%A4%BE%E4%BC%9A%E7%A6%8F%E7%A5%89%E5%8D%94%E8%AD%B0%E4%BC%9A%E3%83%87%E3%82%A4%E3%82%B5%E3%83%BC%E3%83%93%E3%82%B9%E3%82%BB%E3%83%B3%E3%82%BF%E3%83%BC%E8%8A%A6%E5%B1%B1%20%E8%B6%8A%E5%89%8D%E5%B8%82
リハフィットほっとチャレンジ越前,デイサービス,福井県,越前市,"介護,デイサービス",日中に通って食事・入浴・機能訓練・見守りなどを受けるサービスです。,http://www.hotreha.com,福井県越前市高木町55－11－18,0778-29-3000,厚生労働省オープンデータ,https://www.mhlw.go.jp/content/12300000/jigyosho_150.csv,2025-12末,https://www.google.com/search?q=%E3%83%AA%E3%83%8F%E3%83%95%E3%82%A3%E3%83%83%E3%83%88%E3%81%BB%E3%81%A3%E3%81%A8%E3%83%81%E3%83%A3%E3%83%AC%E3%83%B3%E3%82%B8%E8%B6%8A%E5%89%8D%20%E8%B6%8A%E5%89%8D%E5%B8%82
ケアフルハウスデイサービス,デイサービス,福井県,越前市,"介護,デイサービス",日中に通って食事・入浴・機能訓練・見守りなどを受けるサービスです。,http://carefull.co.jp/,越前市広瀬町１５３－１２－２,0778-22-0030,厚生労働省オープンデータ,https://www.mhlw.go.jp/content/12300000/jigyosho_150.csv,2025-12末,https://www.google.com/search?q=%E3%82%B1%E3%82%A2%E3%83%95%E3%83%AB%E3%83%8F%E3%82%A6%E3%82%B9%E3%83%87%E3%82%A4%E3%82%B5%E3%83%BC%E3%83%93%E3%82%B9%20%E8%B6%8A%E5%89%8D%E5%B8%82
いきいきデイサービス,デイサービス,福井県,越前市,"介護,デイサービス",日中に通って食事・入浴・機能訓練・見守りなどを受けるサービスです。,https://ikiiki.website,福井県越前市高瀬2丁目4-22,0778-22-2500,厚生労働省オープンデータ,https://www.mhlw.go.jp/content/12300000/jigyosho_150.csv,2025-12末,https://www.google.com/search?q=%E3%81%84%E3%81%8D%E3%81%84%E3%81%8D%E3%83%87%E3%82%A4%E3%82%B5%E3%83%BC%E3%83%93%E3%82%B9%20%E8%B6%8A%E5%89%8D%E5%B8%82
ほっと地域リハビリセンター,デイサービス,福井県,越前市,"介護,デイサービス",日中に通って食事・入浴・機能訓練・見守りなどを受けるサービスです。,http://www.hotreha.com,福井県越前市高木町55-11-15,0778-21-5208,厚生労働省オープンデータ,https://www.mhlw.go.jp/content/12300000/jigyosho_150.csv,2025-12末,https://www.google.com/search?q=%E3%81%BB%E3%81%A3%E3%81%A8%E5%9C%B0%E5%9F%9F%E3%83%AA%E3%83%8F%E3%83%93%E3%83%AA%E3%82%BB%E3%83%B3%E3%82%BF%E3%83%BC%20%E8%B6%8A%E5%89%8D%E5%B8%82
ニチイケアセンター武生,デイサービス,福井県,越前市,"介護,デイサービス",日中に通って食事・入浴・機能訓練・見守りなどを受けるサービスです。,http://www.nichiigakkan.co.jp/,越前市国高1-16-16,0778-25-5080,厚生労働省オープンデータ,https://www.mhlw.go.jp/content/12300000/jigyosho_150.csv,2025-12末,https://www.google.com/search?q=%E3%83%8B%E3%83%81%E3%82%A4%E3%82%B1%E3%82%A2%E3%82%BB%E3%83%B3%E3%82%BF%E3%83%BC%E6%AD%A6%E7%94%9F%20%E8%B6%8A%E5%89%8D%E5%B8%82
いちばん介護ディサービスセンター,デイサービス,福井県,越前市,"介護,デイサービス",日中に通って食事・入浴・機能訓練・見守りなどを受けるサービスです。,http://ichibankaigo.jp/,越前市瓜生町３１－１,0778-22-0055,厚生労働省オープンデータ,https://www.mhlw.go.jp/content/12300000/jigyosho_150.csv,2025-12末,https://www.google.com/search?q=%E3%81%84%E3%81%A1%E3%81%B0%E3%82%93%E4%BB%8B%E8%AD%B7%E3%83%87%E3%82%A3%E3%82%B5%E3%83%BC%E3%83%93%E3%82%B9%E3%82%BB%E3%83%B3%E3%82%BF%E3%83%BC%20%E8%B6%8A%E5%89%8D%E5%B8%82
デイサービスセンターわかたけ,デイサービス,福井県,越前市,"介護,デイサービス",日中に通って食事・入浴・機能訓練・見守りなどを受けるサービスです。,http://www.wakatake.ne.jp/,福井県越前市堀川町9-15フォーユーエクセルわかたけ1階テナントI,0778-25-5252,厚生労働省オープンデータ,https://www.mhlw.go.jp/content/12300000/jigyosho_150.csv,2025-12末,https://www.google.com/search?q=%E3%83%87%E3%82%A4%E3%82%B5%E3%83%BC%E3%83%93%E3%82%B9%E3%82%BB%E3%83%B3%E3%82%BF%E3%83%BC%E3%82%8F%E3%81%8B%E3%81%9F%E3%81%91%20%E8%B6%8A%E5%89%8D%E5%B8%82
デイ・フィットネス　楽らく　越前南店,デイサービス,福井県,越前市,"介護,デイサービス",日中に通って食事・入浴・機能訓練・見守りなどを受けるサービスです。,https://www.df-rakuraku.com/,福井県越前市東千福町10-19,0778-22-5350,厚生労働省オープンデータ,https://www.mhlw.go.jp/content/12300000/jigyosho_150.csv,2025-12末,https://www.google.com/search?q=%E3%83%87%E3%82%A4%E3%83%BB%E3%83%95%E3%82%A3%E3%83%83%E3%83%88%E3%83%8D%E3%82%B9%E3%80%80%E6%A5%BD%E3%82%89%E3%81%8F%E3%80%80%E8%B6%8A%E5%89%8D%E5%8D%97%E5%BA%97%20%E8%B6%8A%E5%89%8D%E5%B8%82
運動型デイサービス　アクティ,デイサービス,福井県,坂井市,"介護,デイサービス",日中に通って食事・入浴・機能訓練・見守りなどを受けるサービスです。,https://www.google.com/search?q=%E9%81%8B%E5%8B%95%E5%9E%8B%E3%83%87%E3%82%A4%E3%82%B5%E3%83%BC%E3%83%93%E3%82%B9%E3%80%80%E3%82%A2%E3%82%AF%E3%83%86%E3%82%A3%20%E5%9D%82%E4%BA%95%E5%B8%82,春江町中筋100-75,0776-58-0189,厚生労働省オープンデータ,https://www.mhlw.go.jp/content/12300000/jigyosho_150.csv,2025-12末,https://www.google.com/search?q=%E9%81%8B%E5%8B%95%E5%9E%8B%E3%83%87%E3%82%A4%E3%82%B5%E3%83%BC%E3%83%93%E3%82%B9%E3%80%80%E3%82%A2%E3%82%AF%E3%83%86%E3%82%A3%20%E5%9D%82%E4%BA%95%E5%B8%82
豊楽園デイサービスセンター,デイサービス,福井県,坂井市,"介護,デイサービス",日中に通って食事・入浴・機能訓練・見守りなどを受けるサービスです。,https://s-fukushi.or.jp/hourakuen/,福井県坂井市坂井町下関42-2,0776-72-2630,厚生労働省オープンデータ,https://www.mhlw.go.jp/content/12300000/jigyosho_150.csv,2025-12末,https://www.google.com/search?q=%E8%B1%8A%E6%A5%BD%E5%9C%92%E3%83%87%E3%82%A4%E3%82%B5%E3%83%BC%E3%83%93%E3%82%B9%E3%82%BB%E3%83%B3%E3%82%BF%E3%83%BC%20%E5%9D%82%E4%BA%95%E5%B8%82
ガーデンハイツ春江　デイサービスセンター,デイサービス,福井県,坂井市,"介護,デイサービス",日中に通って食事・入浴・機能訓練・見守りなどを受けるサービスです。,http://fj-g.jp/,福井県坂井市春江町針原48-28-1,0776-51-6233,厚生労働省オープンデータ,https://www.mhlw.go.jp/content/12300000/jigyosho_150.csv,2025-12末,https://www.google.com/search?q=%E3%82%AC%E3%83%BC%E3%83%87%E3%83%B3%E3%83%8F%E3%82%A4%E3%83%84%E6%98%A5%E6%B1%9F%E3%80%80%E3%83%87%E3%82%A4%E3%82%B5%E3%83%BC%E3%83%93%E3%82%B9%E3%82%BB%E3%83%B3%E3%82%BF%E3%83%BC%20%E5%9D%82%E4%BA%95%E5%B8%82
ＪＡ福井県デイサ－ビスセンタ－こもれびの郷,デイサービス,福井県,坂井市,"介護,デイサービス",日中に通って食事・入浴・機能訓練・見守りなどを受けるサービスです。,http://www.ja-fukuiken.or.jp,福井県坂井市春江町本堂２３－２１,0776-58-0080,厚生労働省オープンデータ,https://www.mhlw.go.jp/content/12300000/jigyosho_150.csv,2025-12末,https://www.google.com/search?q=%EF%BC%AA%EF%BC%A1%E7%A6%8F%E4%BA%95%E7%9C%8C%E3%83%87%E3%82%A4%E3%82%B5%EF%BC%8D%E3%83%93%E3%82%B9%E3%82%BB%E3%83%B3%E3%82%BF%EF%BC%8D%E3%81%93%E3%82%82%E3%82%8C%E3%81%B3%E3%81%AE%E9%83%B7%20%E5%9D%82%E4%BA%95%E5%B8%82
デイハウスいってこさ,デイサービス,福井県,坂井市,"介護,デイサービス",日中に通って食事・入浴・機能訓練・見守りなどを受けるサービスです。,https://www.google.com/search?q=%E3%83%87%E3%82%A4%E3%83%8F%E3%82%A6%E3%82%B9%E3%81%84%E3%81%A3%E3%81%A6%E3%81%93%E3%81%95%20%E5%9D%82%E4%BA%95%E5%B8%82,福井県坂井市三国町殿島5-23,0776-82-8711,厚生労働省オープンデータ,https://www.mhlw.go.jp/content/12300000/jigyosho_150.csv,2025-12末,https://www.google.com/search?q=%E3%83%87%E3%82%A4%E3%83%8F%E3%82%A6%E3%82%B9%E3%81%84%E3%81%A3%E3%81%A6%E3%81%93%E3%81%95%20%E5%9D%82%E4%BA%95%E5%B8%82
JA福井県デイサービスセンターはなさき,デイサービス,福井県,坂井市,"介護,デイサービス",日中に通って食事・入浴・機能訓練・見守りなどを受けるサービスです。,http://www.ja-fukuiken.or.jp,福井県坂井市丸岡町一本田33-14,0776-66-1111,厚生労働省オープンデータ,https://www.mhlw.go.jp/content/12300000/jigyosho_150.csv,2025-12末,https://www.google.com/search?q=JA%E7%A6%8F%E4%BA%95%E7%9C%8C%E3%83%87%E3%82%A4%E3%82%B5%E3%83%BC%E3%83%93%E3%82%B9%E3%82%BB%E3%83%B3%E3%82%BF%E3%83%BC%E3%81%AF%E3%81%AA%E3%81%95%E3%81%8D%20%E5%9D%82%E4%BA%95%E5%B8%82
さかいディサービスセンター,デイサービス,福井県,坂井市,"介護,デイサービス",日中に通って食事・入浴・機能訓練・見守りなどを受けるサービスです。,https://sakaicare.com/,福井県坂井市坂井町折戸第１号５８番地,0776-72-3411,厚生労働省オープンデータ,https://www.mhlw.go.jp/content/12300000/jigyosho_150.csv,2025-12末,https://www.google.com/search?q=%E3%81%95%E3%81%8B%E3%81%84%E3%83%87%E3%82%A3%E3%82%B5%E3%83%BC%E3%83%93%E3%82%B9%E3%82%BB%E3%83%B3%E3%82%BF%E3%83%BC%20%E5%9D%82%E4%BA%95%E5%B8%82
まるおかデイサービスセンター,デイサービス,福井県,坂井市,"介護,デイサービス",日中に通って食事・入浴・機能訓練・見守りなどを受けるサービスです。,http://www.life-sp.jp,福井県坂井市丸岡町八ヶ郷第23号19番地3,0776-67-7771,厚生労働省オープンデータ,https://www.mhlw.go.jp/content/12300000/jigyosho_150.csv,2025-12末,https://www.google.com/search?q=%E3%81%BE%E3%82%8B%E3%81%8A%E3%81%8B%E3%83%87%E3%82%A4%E3%82%B5%E3%83%BC%E3%83%93%E3%82%B9%E3%82%BB%E3%83%B3%E3%82%BF%E3%83%BC%20%E5%9D%82%E4%BA%95%E5%B8%82
長寿園デイサービスセンター　りらく,デイサービス,福井県,坂井市,"介護,デイサービス",日中に通って食事・入浴・機能訓練・見守りなどを受けるサービスです。,http://www.choujuen.net,福井県坂井市丸岡町西瓜屋６－１７,0776-66-6803,厚生労働省オープンデータ,https://www.mhlw.go.jp/content/12300000/jigyosho_150.csv,2025-12末,https://www.google.com/search?q=%E9%95%B7%E5%AF%BF%E5%9C%92%E3%83%87%E3%82%A4%E3%82%B5%E3%83%BC%E3%83%93%E3%82%B9%E3%82%BB%E3%83%B3%E3%82%BF%E3%83%BC%E3%80%80%E3%82%8A%E3%82%89%E3%81%8F%20%E5%9D%82%E4%BA%95%E5%B8%82
坂井市社会福祉協議会　霞の郷デイサービスセンター,デイサービス,福井県,坂井市,"介護,デイサービス",日中に通って食事・入浴・機能訓練・見守りなどを受けるサービスです。,http://www.sakaicityshakyo.jp/,福井県坂井市丸岡町八ケ郷２１－７－１,0776-68-5065,厚生労働省オープンデータ,https://www.mhlw.go.jp/content/12300000/jigyosho_150.csv,2025-12末,https://www.google.com/search?q=%E5%9D%82%E4%BA%95%E5%B8%82%E7%A4%BE%E4%BC%9A%E7%A6%8F%E7%A5%89%E5%8D%94%E8%AD%B0%E4%BC%9A%E3%80%80%E9%9C%9E%E3%81%AE%E9%83%B7%E3%83%87%E3%82%A4%E3%82%B5%E3%83%BC%E3%83%93%E3%82%B9%E3%82%BB%E3%83%B3%E3%82%BF%E3%83%BC%20%E5%9D%82%E4%BA%95%E5%B8%82
デイサービス　リハビリセンター　木の花,デイサービス,福井県,坂井市,"介護,デイサービス",日中に通って食事・入浴・機能訓練・見守りなどを受けるサービスです。,http://tomorrows-reha.com/,坂井市坂井町下新庄１８－１５－１,0776-50-1000,厚生労働省オープンデータ,https://www.mhlw.go.jp/content/12300000/jigyosho_150.csv,2025-12末,https://www.google.com/search?q=%E3%83%87%E3%82%A4%E3%82%B5%E3%83%BC%E3%83%93%E3%82%B9%E3%80%80%E3%83%AA%E3%83%8F%E3%83%93%E3%83%AA%E3%82%BB%E3%83%B3%E3%82%BF%E3%83%BC%E3%80%80%E6%9C%A8%E3%81%AE%E8%8A%B1%20%E5%9D%82%E4%BA%95%E5%B8%82
機能訓練特化型　長寿園デイサービスセンターりーふ,デイサービス,福井県,坂井市,"介護,デイサービス",日中に通って食事・入浴・機能訓練・見守りなどを受けるサービスです。,http://www.choujuen.com,福井県坂井市丸岡町谷町2丁目32番地機能訓練特化型　長寿園デイサービスセンターりーふ,0776-68-1680,厚生労働省オープンデータ,https://www.mhlw.go.jp/content/12300000/jigyosho_150.csv,2025-12末,https://www.google.com/search?q=%E6%A9%9F%E8%83%BD%E8%A8%93%E7%B7%B4%E7%89%B9%E5%8C%96%E5%9E%8B%E3%80%80%E9%95%B7%E5%AF%BF%E5%9C%92%E3%83%87%E3%82%A4%E3%82%B5%E3%83%BC%E3%83%93%E3%82%B9%E3%82%BB%E3%83%B3%E3%82%BF%E3%83%BC%E3%82%8A%E3%83%BC%E3%81%B5%20%E5%9D%82%E4%BA%95%E5%B8%82
県民せいきょう坂井きらめきデイサービス,デイサービス,福井県,坂井市,"介護,デイサービス",日中に通って食事・入浴・機能訓練・見守りなどを受けるサービスです。,https://www.fukui.coop/care/shisetsu/sakai-kirameki/,坂井市坂井町大味56号,0776-72-3701,厚生労働省オープンデータ,https://www.mhlw.go.jp/content/12300000/jigyosho_150.csv,2025-12末,https://www.google.com/search?q=%E7%9C%8C%E6%B0%91%E3%81%9B%E3%81%84%E3%81%8D%E3%82%87%E3%81%86%E5%9D%82%E4%BA%95%E3%81%8D%E3%82%89%E3%82%81%E3%81%8D%E3%83%87%E3%82%A4%E3%82%B5%E3%83%BC%E3%83%93%E3%82%B9%20%E5%9D%82%E4%BA%95%E5%B8%82
デイサービス　山のいえ　笑楽日,デイサービス,福井県,坂井市,"介護,デイサービス",日中に通って食事・入浴・機能訓練・見守りなどを受けるサービスです。,http://day-warabi.com/,坂井市丸岡町山口５９－１３,0776-67-2396,厚生労働省オープンデータ,https://www.mhlw.go.jp/content/12300000/jigyosho_150.csv,2025-12末,https://www.google.com/search?q=%E3%83%87%E3%82%A4%E3%82%B5%E3%83%BC%E3%83%93%E3%82%B9%E3%80%80%E5%B1%B1%E3%81%AE%E3%81%84%E3%81%88%E3%80%80%E7%AC%91%E6%A5%BD%E6%97%A5%20%E5%9D%82%E4%BA%95%E5%B8%82
アプトケア・三国,デイサービス,福井県,坂井市,"介護,デイサービス",日中に通って食事・入浴・機能訓練・見守りなどを受けるサービスです。,http://aptcare.jp,福井県坂井市三国町三国東2丁目9-23,0776-60-0105,厚生労働省オープンデータ,https://www.mhlw.go.jp/content/12300000/jigyosho_150.csv,2025-12末,https://www.google.com/search?q=%E3%82%A2%E3%83%97%E3%83%88%E3%82%B1%E3%82%A2%E3%83%BB%E4%B8%89%E5%9B%BD%20%E5%9D%82%E4%BA%95%E5%B8%82
トゥモローズ　ホームリハビリセンター坂井,デイサービス,福井県,坂井市,"介護,デイサービス",日中に通って食事・入浴・機能訓練・見守りなどを受けるサービスです。,http://tomorrows-reha.com/,福井県坂井市坂井町下新庄１８－１６－１,0776-50-2551,厚生労働省オープンデータ,https://www.mhlw.go.jp/content/12300000/jigyosho_150.csv,2025-12末,https://www.google.com/search?q=%E3%83%88%E3%82%A5%E3%83%A2%E3%83%AD%E3%83%BC%E3%82%BA%E3%80%80%E3%83%9B%E3%83%BC%E3%83%A0%E3%83%AA%E3%83%8F%E3%83%93%E3%83%AA%E3%82%BB%E3%83%B3%E3%82%BF%E3%83%BC%E5%9D%82%E4%BA%95%20%E5%9D%82%E4%BA%95%E5%B8%82
デイサービスセンターあじさい園,デイサービス,福井県,坂井市,"介護,デイサービス",日中に通って食事・入浴・機能訓練・見守りなどを受けるサービスです。,http://www.hakurakuso.com/,福井県坂井市三国町梶49-18,0776-82-5383,厚生労働省オープンデータ,https://www.mhlw.go.jp/content/12300000/jigyosho_150.csv,2025-12末,https://www.google.com/search?q=%E3%83%87%E3%82%A4%E3%82%B5%E3%83%BC%E3%83%93%E3%82%B9%E3%82%BB%E3%83%B3%E3%82%BF%E3%83%BC%E3%81%82%E3%81%98%E3%81%95%E3%81%84%E5%9C%92%20%E5%9D%82%E4%BA%95%E5%B8%82
長寿園デイサービスセンターりんどう,デイサービス,福井県,坂井市,"介護,デイサービス",日中に通って食事・入浴・機能訓練・見守りなどを受けるサービスです。,http://www.choujuen.net,福井県坂井市丸岡町里丸岡3丁目7番,０７７６－６７－０３００,厚生労働省オープンデータ,https://www.mhlw.go.jp/content/12300000/jigyosho_150.csv,2025-12末,https://www.google.com/search?q=%E9%95%B7%E5%AF%BF%E5%9C%92%E3%83%87%E3%82%A4%E3%82%B5%E3%83%BC%E3%83%93%E3%82%B9%E3%82%BB%E3%83%B3%E3%82%BF%E3%83%BC%E3%82%8A%E3%82%93%E3%81%A9%E3%81%86%20%E5%9D%82%E4%BA%95%E5%B8%82
デイサービスセンター　カルミア春江,デイサービス,福井県,坂井市,"介護,デイサービス",日中に通って食事・入浴・機能訓練・見守りなどを受けるサービスです。,http://www.harue-hp.org/,福井県坂井市春江町江留下屋敷54-1,0776-51-1250,厚生労働省オープンデータ,https://www.mhlw.go.jp/content/12300000/jigyosho_150.csv,2025-12末,https://www.google.com/search?q=%E3%83%87%E3%82%A4%E3%82%B5%E3%83%BC%E3%83%93%E3%82%B9%E3%82%BB%E3%83%B3%E3%82%BF%E3%83%BC%E3%80%80%E3%82%AB%E3%83%AB%E3%83%9F%E3%82%A2%E6%98%A5%E6%B1%9F%20%E5%9D%82%E4%BA%95%E5%B8%82
デイサービスセンターさかい生喜庵,デイサービス,福井県,坂井市,"介護,デイサービス",日中に通って食事・入浴・機能訓練・見守りなどを受けるサービスです。,https://www.google.com/search?q=%E3%83%87%E3%82%A4%E3%82%B5%E3%83%BC%E3%83%93%E3%82%B9%E3%82%BB%E3%83%B3%E3%82%BF%E3%83%BC%E3%81%95%E3%81%8B%E3%81%84%E7%94%9F%E5%96%9C%E5%BA%B5%20%E5%9D%82%E4%BA%95%E5%B8%82,福井県坂井市坂井町上新庄第４０号５９番地,0776-67-7717,厚生労働省オープンデータ,https://www.mhlw.go.jp/content/12300000/jigyosho_150.csv,2025-12末,https://www.google.com/search?q=%E3%83%87%E3%82%A4%E3%82%B5%E3%83%BC%E3%83%93%E3%82%B9%E3%82%BB%E3%83%B3%E3%82%BF%E3%83%BC%E3%81%95%E3%81%8B%E3%81%84%E7%94%9F%E5%96%9C%E5%BA%B5%20%E5%9D%82%E4%BA%95%E5%B8%82
デイフィットネス楽らく春江店,デイサービス,福井県,坂井市,"介護,デイサービス",日中に通って食事・入浴・機能訓練・見守りなどを受けるサービスです。,http://www.df-rakuraku.com,春江町江留上錦63,0776-51-0678,厚生労働省オープンデータ,https://www.mhlw.go.jp/content/12300000/jigyosho_150.csv,2025-12末,https://www.google.com/search?q=%E3%83%87%E3%82%A4%E3%83%95%E3%82%A3%E3%83%83%E3%83%88%E3%83%8D%E3%82%B9%E6%A5%BD%E3%82%89%E3%81%8F%E6%98%A5%E6%B1%9F%E5%BA%97%20%E5%9D%82%E4%BA%95%E5%B8%82
理学療法士のデイサービス　PEP,デイサービス,福井県,坂井市,"介護,デイサービス",日中に通って食事・入浴・機能訓練・見守りなどを受けるサービスです。,https://www.google.com/search?q=%E7%90%86%E5%AD%A6%E7%99%82%E6%B3%95%E5%A3%AB%E3%81%AE%E3%83%87%E3%82%A4%E3%82%B5%E3%83%BC%E3%83%93%E3%82%B9%E3%80%80PEP%20%E5%9D%82%E4%BA%95%E5%B8%82,福井県坂井市丸岡町霞町4-40-1,0776-63-6763,厚生労働省オープンデータ,https://www.mhlw.go.jp/content/12300000/jigyosho_150.csv,2025-12末,https://www.google.com/search?q=%E7%90%86%E5%AD%A6%E7%99%82%E6%B3%95%E5%A3%AB%E3%81%AE%E3%83%87%E3%82%A4%E3%82%B5%E3%83%BC%E3%83%93%E3%82%B9%E3%80%80PEP%20%E5%9D%82%E4%BA%95%E5%B8%82
リハビリデイサービスあすなろ,デイサービス,福井県,坂井市,"介護,デイサービス",日中に通って食事・入浴・機能訓練・見守りなどを受けるサービスです。,https://www.google.com/search?q=%E3%83%AA%E3%83%8F%E3%83%93%E3%83%AA%E3%83%87%E3%82%A4%E3%82%B5%E3%83%BC%E3%83%93%E3%82%B9%E3%81%82%E3%81%99%E3%81%AA%E3%82%8D%20%E5%9D%82%E4%BA%95%E5%B8%82,福井県坂井市三国町覚善8-65-1,0776-81-3383,厚生労働省オープンデータ,https://www.mhlw.go.jp/content/12300000/jigyosho_150.csv,2025-12末,https://www.google.com/search?q=%E3%83%AA%E3%83%8F%E3%83%93%E3%83%AA%E3%83%87%E3%82%A4%E3%82%B5%E3%83%BC%E3%83%93%E3%82%B9%E3%81%82%E3%81%99%E3%81%AA%E3%82%8D%20%E5%9D%82%E4%BA%95%E5%B8%82
デイサービス　リハビリ施設陽和縁,デイサービス,福井県,坂井市,"介護,デイサービス",日中に通って食事・入浴・機能訓練・見守りなどを受けるサービスです。,http://heart2-caring.co.jp/,福井県坂井市春江町西長田40-46デイサービスリハビリ施設陽和縁,0776-72-3900,厚生労働省オープンデータ,https://www.mhlw.go.jp/content/12300000/jigyosho_150.csv,2025-12末,https://www.google.com/search?q=%E3%83%87%E3%82%A4%E3%82%B5%E3%83%BC%E3%83%93%E3%82%B9%E3%80%80%E3%83%AA%E3%83%8F%E3%83%93%E3%83%AA%E6%96%BD%E8%A8%AD%E9%99%BD%E5%92%8C%E7%B8%81%20%E5%9D%82%E4%BA%95%E5%B8%82
ゆりデイサービスセンター,デイサービス,福井県,坂井市,"介護,デイサービス",日中に通って食事・入浴・機能訓練・見守りなどを受けるサービスです。,https://www.google.com/search?q=%E3%82%86%E3%82%8A%E3%83%87%E3%82%A4%E3%82%B5%E3%83%BC%E3%83%93%E3%82%B9%E3%82%BB%E3%83%B3%E3%82%BF%E3%83%BC%20%E5%9D%82%E4%BA%95%E5%B8%82,福井県坂井市春江町本堂２７－１－１,0776-51-8100,厚生労働省オープンデータ,https://www.mhlw.go.jp/content/12300000/jigyosho_150.csv,2025-12末,https://www.google.com/search?q=%E3%82%86%E3%82%8A%E3%83%87%E3%82%A4%E3%82%B5%E3%83%BC%E3%83%93%E3%82%B9%E3%82%BB%E3%83%B3%E3%82%BF%E3%83%BC%20%E5%9D%82%E4%BA%95%E5%B8%82
永平寺デイサービスセンター,デイサービス,福井県,永平寺町,"介護,デイサービス",日中に通って食事・入浴・機能訓練・見守りなどを受けるサービスです。,http://www.eiheijishakyo.jp,福井県吉田郡永平寺町飯島6号34番地,0776-63-3010,厚生労働省オープンデータ,https://www.mhlw.go.jp/content/12300000/jigyosho_150.csv,2025-12末,https://www.google.com/search?q=%E6%B0%B8%E5%B9%B3%E5%AF%BA%E3%83%87%E3%82%A4%E3%82%B5%E3%83%BC%E3%83%93%E3%82%B9%E3%82%BB%E3%83%B3%E3%82%BF%E3%83%BC%20%E6%B0%B8%E5%B9%B3%E5%AF%BA%E7%94%BA
松岡デイサービスセンター,デイサービス,福井県,永平寺町,"介護,デイサービス",日中に通って食事・入浴・機能訓練・見守りなどを受けるサービスです。,http://www.eiheijishakyo.jp/,福井県吉田郡永平寺町松岡吉野堺15-47,0776-61-4575,厚生労働省オープンデータ,https://www.mhlw.go.jp/content/12300000/jigyosho_150.csv,2025-12末,https://www.google.com/search?q=%E6%9D%BE%E5%B2%A1%E3%83%87%E3%82%A4%E3%82%B5%E3%83%BC%E3%83%93%E3%82%B9%E3%82%BB%E3%83%B3%E3%82%BF%E3%83%BC%20%E6%B0%B8%E5%B9%B3%E5%AF%BA%E7%94%BA
上志比デイサービスセンター,デイサービス,福井県,永平寺町,"介護,デイサービス",日中に通って食事・入浴・機能訓練・見守りなどを受けるサービスです。,http://www.eiheijishakyo.jp,福井県吉田郡永平寺町石上27-27,0776-64-3294,厚生労働省オープンデータ,https://www.mhlw.go.jp/content/12300000/jigyosho_150.csv,2025-12末,https://www.google.com/search?q=%E4%B8%8A%E5%BF%97%E6%AF%94%E3%83%87%E3%82%A4%E3%82%B5%E3%83%BC%E3%83%93%E3%82%B9%E3%82%BB%E3%83%B3%E3%82%BF%E3%83%BC%20%E6%B0%B8%E5%B9%B3%E5%AF%BA%E7%94%BA
永平寺ハウスデイサービスセンター,デイサービス,福井県,永平寺町,"介護,デイサービス",日中に通って食事・入浴・機能訓練・見守りなどを受けるサービスです。,https://www.fukusenkai.jp/eiheiji,吉田郡永平寺町けやき台８１３－１,0776-63-4373,厚生労働省オープンデータ,https://www.mhlw.go.jp/content/12300000/jigyosho_150.csv,2025-12末,https://www.google.com/search?q=%E6%B0%B8%E5%B9%B3%E5%AF%BA%E3%83%8F%E3%82%A6%E3%82%B9%E3%83%87%E3%82%A4%E3%82%B5%E3%83%BC%E3%83%93%E3%82%B9%E3%82%BB%E3%83%B3%E3%82%BF%E3%83%BC%20%E6%B0%B8%E5%B9%B3%E5%AF%BA%E7%94%BA
デイサービス・リハビリサポートセンター　木漏れ日ハウス,デイサービス,福井県,永平寺町,"介護,デイサービス",日中に通って食事・入浴・機能訓練・見守りなどを受けるサービスです。,http://www.hikarigroup.jp/komorebi/,福井県吉田郡永平寺町山王7-28,0776-64-3355,厚生労働省オープンデータ,https://www.mhlw.go.jp/content/12300000/jigyosho_150.csv,2025-12末,https://www.google.com/search?q=%E3%83%87%E3%82%A4%E3%82%B5%E3%83%BC%E3%83%93%E3%82%B9%E3%83%BB%E3%83%AA%E3%83%8F%E3%83%93%E3%83%AA%E3%82%B5%E3%83%9D%E3%83%BC%E3%83%88%E3%82%BB%E3%83%B3%E3%82%BF%E3%83%BC%E3%80%80%E6%9C%A8%E6%BC%8F%E3%82%8C%E6%97%A5%E3%83%8F%E3%82%A6%E3%82%B9%20%E6%B0%B8%E5%B9%B3%E5%AF%BA%E7%94%BA
ほっとプラザデイサービスセンター,デイサービス,福井県,池田町,"介護,デイサービス",日中に通って食事・入浴・機能訓練・見守りなどを受けるサービスです。,http://www.shakyo.or.jp/hp/827/,福井県今立郡池田町薮田第５号３番地の１総合保健福祉センター　　ほっとプラザ,0778-44-8020,厚生労働省オープンデータ,https://www.mhlw.go.jp/content/12300000/jigyosho_150.csv,2025-12末,https://www.google.com/search?q=%E3%81%BB%E3%81%A3%E3%81%A8%E3%83%97%E3%83%A9%E3%82%B6%E3%83%87%E3%82%A4%E3%82%B5%E3%83%BC%E3%83%93%E3%82%B9%E3%82%BB%E3%83%B3%E3%82%BF%E3%83%BC%20%E6%B1%A0%E7%94%B0%E7%94%BA
デイサービス　神久ファミリー,デイサービス,福井県,南越前町,"介護,デイサービス",日中に通って食事・入浴・機能訓練・見守りなどを受けるサービスです。,https://r.goope.jp/kamikyu,福井県南条郡南越前町今庄115-3-3,0778-45-0153,厚生労働省オープンデータ,https://www.mhlw.go.jp/content/12300000/jigyosho_150.csv,2025-12末,https://www.google.com/search?q=%E3%83%87%E3%82%A4%E3%82%B5%E3%83%BC%E3%83%93%E3%82%B9%E3%80%80%E7%A5%9E%E4%B9%85%E3%83%95%E3%82%A1%E3%83%9F%E3%83%AA%E3%83%BC%20%E5%8D%97%E8%B6%8A%E5%89%8D%E7%94%BA
越前町宮崎デイサービスセンター「ホタル荘」,デイサービス,福井県,越前町,"介護,デイサービス",日中に通って食事・入浴・機能訓練・見守りなどを受けるサービスです。,http://wwｗ.e-shakyo.or.jp/,福井県丹生郡越前町八田5-51-1,0778-32-2900,厚生労働省オープンデータ,https://www.mhlw.go.jp/content/12300000/jigyosho_150.csv,2025-12末,https://www.google.com/search?q=%E8%B6%8A%E5%89%8D%E7%94%BA%E5%AE%AE%E5%B4%8E%E3%83%87%E3%82%A4%E3%82%B5%E3%83%BC%E3%83%93%E3%82%B9%E3%82%BB%E3%83%B3%E3%82%BF%E3%83%BC%E3%80%8C%E3%83%9B%E3%82%BF%E3%83%AB%E8%8D%98%E3%80%8D%20%E8%B6%8A%E5%89%8D%E7%94%BA
さくらデイサービス,デイサービス,福井県,越前町,"介護,デイサービス",日中に通って食事・入浴・機能訓練・見守りなどを受けるサービスです。,https://d-sakura.net/,福井県丹生郡越前町内郡５-柳町-６８,0778-42-6115,厚生労働省オープンデータ,https://www.mhlw.go.jp/content/12300000/jigyosho_150.csv,2025-12末,https://www.google.com/search?q=%E3%81%95%E3%81%8F%E3%82%89%E3%83%87%E3%82%A4%E3%82%B5%E3%83%BC%E3%83%93%E3%82%B9%20%E8%B6%8A%E5%89%8D%E7%94%BA
指定通所介護事業所　デイサービスセンターさざんかホール,デイサービス,福井県,越前町,"介護,デイサービス",日中に通って食事・入浴・機能訓練・見守りなどを受けるサービスです。,http://www.kodoen.or.jp,福井県丹生郡越前町朝日22字7－1,0778－34－1778,厚生労働省オープンデータ,https://www.mhlw.go.jp/content/12300000/jigyosho_150.csv,2025-12末,https://www.google.com/search?q=%E6%8C%87%E5%AE%9A%E9%80%9A%E6%89%80%E4%BB%8B%E8%AD%B7%E4%BA%8B%E6%A5%AD%E6%89%80%E3%80%80%E3%83%87%E3%82%A4%E3%82%B5%E3%83%BC%E3%83%93%E3%82%B9%E3%82%BB%E3%83%B3%E3%82%BF%E3%83%BC%E3%81%95%E3%81%96%E3%82%93%E3%81%8B%E3%83%9B%E3%83%BC%E3%83%AB%20%E8%B6%8A%E5%89%8D%E7%94%BA
デイサービスセンター　ひまわり,デイサービス,福井県,越前町,"介護,デイサービス",日中に通って食事・入浴・機能訓練・見守りなどを受けるサービスです。,https://www.sekishin-himawari.or.jp/index.html,福井県丹生郡越前町四ツ杉3-10,0778-36-2170,厚生労働省オープンデータ,https://www.mhlw.go.jp/content/12300000/jigyosho_150.csv,2025-12末,https://www.google.com/search?q=%E3%83%87%E3%82%A4%E3%82%B5%E3%83%BC%E3%83%93%E3%82%B9%E3%82%BB%E3%83%B3%E3%82%BF%E3%83%BC%E3%80%80%E3%81%B2%E3%81%BE%E3%82%8F%E3%82%8A%20%E8%B6%8A%E5%89%8D%E7%94%BA
海楽園デイサービスセンター,デイサービス,福井県,越前町,"介護,デイサービス",日中に通って食事・入浴・機能訓練・見守りなどを受けるサービスです。,http://echizen-kairakuen.jp/,丹生郡越前町米ノ46-1-1,0778-39-1800,厚生労働省オープンデータ,https://www.mhlw.go.jp/content/12300000/jigyosho_150.csv,2025-12末,https://www.google.com/search?q=%E6%B5%B7%E6%A5%BD%E5%9C%92%E3%83%87%E3%82%A4%E3%82%B5%E3%83%BC%E3%83%93%E3%82%B9%E3%82%BB%E3%83%B3%E3%82%BF%E3%83%BC%20%E8%B6%8A%E5%89%8D%E7%94%BA
越前町朝日デイサービスセンター「朝寿苑」,デイサービス,福井県,越前町,"介護,デイサービス",日中に通って食事・入浴・機能訓練・見守りなどを受けるサービスです。,http://www.e-shakyo.or.jp/,福井県丹生郡越前町西田中8-20-22,0778-34-0500,厚生労働省オープンデータ,https://www.mhlw.go.jp/content/12300000/jigyosho_150.csv,2025-12末,https://www.google.com/search?q=%E8%B6%8A%E5%89%8D%E7%94%BA%E6%9C%9D%E6%97%A5%E3%83%87%E3%82%A4%E3%82%B5%E3%83%BC%E3%83%93%E3%82%B9%E3%82%BB%E3%83%B3%E3%82%BF%E3%83%BC%E3%80%8C%E6%9C%9D%E5%AF%BF%E8%8B%91%E3%80%8D%20%E8%B6%8A%E5%89%8D%E7%94%BA
越前町織田デイサービスセンター,デイサービス,福井県,越前町,"介護,デイサービス",日中に通って食事・入浴・機能訓練・見守りなどを受けるサービスです。,http://www.e-shakyo.or.jp/,福井県丹生郡越前町織田１０６－５１－１,0778-36-1150,厚生労働省オープンデータ,https://www.mhlw.go.jp/content/12300000/jigyosho_150.csv,2025-12末,https://www.google.com/search?q=%E8%B6%8A%E5%89%8D%E7%94%BA%E7%B9%94%E7%94%B0%E3%83%87%E3%82%A4%E3%82%B5%E3%83%BC%E3%83%93%E3%82%B9%E3%82%BB%E3%83%B3%E3%82%BF%E3%83%BC%20%E8%B6%8A%E5%89%8D%E7%94%BA
越前町越前デイサービスセンター,デイサービス,福井県,越前町,"介護,デイサービス",日中に通って食事・入浴・機能訓練・見守りなどを受けるサービスです。,https://www.e-shakyo.or.jp,福井県丹生郡越前町梅浦60-15越前地域福祉センター,0778-37-0627,厚生労働省オープンデータ,https://www.mhlw.go.jp/content/12300000/jigyosho_150.csv,2025-12末,https://www.google.com/search?q=%E8%B6%8A%E5%89%8D%E7%94%BA%E8%B6%8A%E5%89%8D%E3%83%87%E3%82%A4%E3%82%B5%E3%83%BC%E3%83%93%E3%82%B9%E3%82%BB%E3%83%B3%E3%82%BF%E3%83%BC%20%E8%B6%8A%E5%89%8D%E7%94%BA
美浜町デイサービスセンター,デイサービス,福井県,美浜町,"介護,デイサービス",日中に通って食事・入浴・機能訓練・見守りなどを受けるサービスです。,http://www.mihamachoshakyo.com,福井県三方郡美浜町山上1-11-1,0770-37-2294,厚生労働省オープンデータ,https://www.mhlw.go.jp/content/12300000/jigyosho_150.csv,2025-12末,https://www.google.com/search?q=%E7%BE%8E%E6%B5%9C%E7%94%BA%E3%83%87%E3%82%A4%E3%82%B5%E3%83%BC%E3%83%93%E3%82%B9%E3%82%BB%E3%83%B3%E3%82%BF%E3%83%BC%20%E7%BE%8E%E6%B5%9C%E7%94%BA
ダブルアール　生活リハビリセンター,デイサービス,福井県,美浜町,"介護,デイサービス",日中に通って食事・入浴・機能訓練・見守りなどを受けるサービスです。,http://www.rehaplus.co.jp,大藪９－２,0770-32-1720,厚生労働省オープンデータ,https://www.mhlw.go.jp/content/12300000/jigyosho_150.csv,2025-12末,https://www.google.com/search?q=%E3%83%80%E3%83%96%E3%83%AB%E3%82%A2%E3%83%BC%E3%83%AB%E3%80%80%E7%94%9F%E6%B4%BB%E3%83%AA%E3%83%8F%E3%83%93%E3%83%AA%E3%82%BB%E3%83%B3%E3%82%BF%E3%83%BC%20%E7%BE%8E%E6%B5%9C%E7%94%BA
高浜町デイサービスセンター,デイサービス,福井県,高浜町,"介護,デイサービス",日中に通って食事・入浴・機能訓練・見守りなどを受けるサービスです。,http://takahamashakyou.sunnyday.jp/,福井県大飯郡高浜町緑ヶ丘1－1－1,0770-72-5633,厚生労働省オープンデータ,https://www.mhlw.go.jp/content/12300000/jigyosho_150.csv,2025-12末,https://www.google.com/search?q=%E9%AB%98%E6%B5%9C%E7%94%BA%E3%83%87%E3%82%A4%E3%82%B5%E3%83%BC%E3%83%93%E3%82%B9%E3%82%BB%E3%83%B3%E3%82%BF%E3%83%BC%20%E9%AB%98%E6%B5%9C%E7%94%BA
高浜けいあいの里デイサービスセンター,デイサービス,福井県,高浜町,"介護,デイサービス",日中に通って食事・入浴・機能訓練・見守りなどを受けるサービスです。,http://www.t-keiai.jp/,福井県大飯郡高浜町和田１６８－２２,0770-71-1022,厚生労働省オープンデータ,https://www.mhlw.go.jp/content/12300000/jigyosho_150.csv,2025-12末,https://www.google.com/search?q=%E9%AB%98%E6%B5%9C%E3%81%91%E3%81%84%E3%81%82%E3%81%84%E3%81%AE%E9%87%8C%E3%83%87%E3%82%A4%E3%82%B5%E3%83%BC%E3%83%93%E3%82%B9%E3%82%BB%E3%83%B3%E3%82%BF%E3%83%BC%20%E9%AB%98%E6%B5%9C%E7%94%BA
デイサービスセンター　グっと倶楽部,デイサービス,福井県,高浜町,"介護,デイサービス",日中に通って食事・入浴・機能訓練・見守りなどを受けるサービスです。,http://g-support-takahama.com,大飯郡高浜町薗部49-3,0770-72-1160,厚生労働省オープンデータ,https://www.mhlw.go.jp/content/12300000/jigyosho_150.csv,2025-12末,https://www.google.com/search?q=%E3%83%87%E3%82%A4%E3%82%B5%E3%83%BC%E3%83%93%E3%82%B9%E3%82%BB%E3%83%B3%E3%82%BF%E3%83%BC%E3%80%80%E3%82%B0%E3%81%A3%E3%81%A8%E5%80%B6%E6%A5%BD%E9%83%A8%20%E9%AB%98%E6%B5%9C%E7%94%BA
株式会社　高浜ケアサポート　デイサービスセンターであい,デイサービス,福井県,高浜町,"介護,デイサービス",日中に通って食事・入浴・機能訓練・見守りなどを受けるサービスです。,https://r.goope.jp/taka-care/,福井県大飯郡高浜町青１字宮ヶ谷１号３番の１,0770-50-7643,厚生労働省オープンデータ,https://www.mhlw.go.jp/content/12300000/jigyosho_150.csv,2025-12末,https://www.google.com/search?q=%E6%A0%AA%E5%BC%8F%E4%BC%9A%E7%A4%BE%E3%80%80%E9%AB%98%E6%B5%9C%E3%82%B1%E3%82%A2%E3%82%B5%E3%83%9D%E3%83%BC%E3%83%88%E3%80%80%E3%83%87%E3%82%A4%E3%82%B5%E3%83%BC%E3%83%93%E3%82%B9%E3%82%BB%E3%83%B3%E3%82%BF%E3%83%BC%E3%81%A7%E3%81%82%E3%81%84%20%E9%AB%98%E6%B5%9C%E7%94%BA
おおい町社会福祉協議会あっとほーむいきいき館指定通所介護事業所,デイサービス,福井県,おおい町,"介護,デイサービス",日中に通って食事・入浴・機能訓練・見守りなどを受けるサービスです。,http://ohi-shakyo.or.jp/,福井県大飯郡おおい町名田庄下第６号１番地あっとほ～むいきいき館,0770-67-2318,厚生労働省オープンデータ,https://www.mhlw.go.jp/content/12300000/jigyosho_150.csv,2025-12末,https://www.google.com/search?q=%E3%81%8A%E3%81%8A%E3%81%84%E7%94%BA%E7%A4%BE%E4%BC%9A%E7%A6%8F%E7%A5%89%E5%8D%94%E8%AD%B0%E4%BC%9A%E3%81%82%E3%81%A3%E3%81%A8%E3%81%BB%E3%83%BC%E3%82%80%E3%81%84%E3%81%8D%E3%81%84%E3%81%8D%E9%A4%A8%E6%8C%87%E5%AE%9A%E9%80%9A%E6%89%80%E4%BB%8B%E8%AD%B7%E4%BA%8B%E6%A5%AD%E6%89%80%20%E3%81%8A%E3%81%8A%E3%81%84%E7%94%BA
デイサービス　はな,デイサービス,福井県,おおい町,"介護,デイサービス",日中に通って食事・入浴・機能訓練・見守りなどを受けるサービスです。,https://www.google.com/search?q=%E3%83%87%E3%82%A4%E3%82%B5%E3%83%BC%E3%83%93%E3%82%B9%E3%80%80%E3%81%AF%E3%81%AA%20%E3%81%8A%E3%81%8A%E3%81%84%E7%94%BA,福井県大飯郡おおい町名田庄三重34-10-1,0770-67-3339,厚生労働省オープンデータ,https://www.mhlw.go.jp/content/12300000/jigyosho_150.csv,2025-12末,https://www.google.com/search?q=%E3%83%87%E3%82%A4%E3%82%B5%E3%83%BC%E3%83%93%E3%82%B9%E3%80%80%E3%81%AF%E3%81%AA%20%E3%81%8A%E3%81%8A%E3%81%84%E7%94%BA
ナイスプラザ若狭,デイサービス,福井県,若狭町,"介護,デイサービス",日中に通って食事・入浴・機能訓練・見守りなどを受けるサービスです。,https://www.google.com/search?q=%E3%83%8A%E3%82%A4%E3%82%B9%E3%83%97%E3%83%A9%E3%82%B6%E8%8B%A5%E7%8B%AD%20%E8%8B%A5%E7%8B%AD%E7%94%BA,福井県三方上中郡若狭町下タ中１１－２７－１,0770-62-2550,厚生労働省オープンデータ,https://www.mhlw.go.jp/content/12300000/jigyosho_150.csv,2025-12末,https://www.google.com/search?q=%E3%83%8A%E3%82%A4%E3%82%B9%E3%83%97%E3%83%A9%E3%82%B6%E8%8B%A5%E7%8B%AD%20%E8%8B%A5%E7%8B%AD%E7%94%BA
ニチイケアセンターわかさ,デイサービス,福井県,若狭町,"介護,デイサービス",日中に通って食事・入浴・機能訓練・見守りなどを受けるサービスです。,http://www.nichiigakkan.co.jp/,三方上中郡若狭町北前川29号6-1,0770-45-3305,厚生労働省オープンデータ,https://www.mhlw.go.jp/content/12300000/jigyosho_150.csv,2025-12末,https://www.google.com/search?q=%E3%83%8B%E3%83%81%E3%82%A4%E3%82%B1%E3%82%A2%E3%82%BB%E3%83%B3%E3%82%BF%E3%83%BC%E3%82%8F%E3%81%8B%E3%81%95%20%E8%8B%A5%E7%8B%AD%E7%94%BA
リリ・オキュペ,デイサービス,福井県,若狭町,"介護,デイサービス",日中に通って食事・入浴・機能訓練・見守りなどを受けるサービスです。,https://rerephysio.com,福井県三方上中郡若狭町井崎47-2-1,0770-45-3311,厚生労働省オープンデータ,https://www.mhlw.go.jp/content/12300000/jigyosho_150.csv,2025-12末,https://www.google.com/search?q=%E3%83%AA%E3%83%AA%E3%83%BB%E3%82%AA%E3%82%AD%E3%83%A5%E3%83%9A%20%E8%8B%A5%E7%8B%AD%E7%94%BA
松寿苑デイサービスあ・うん,デイサービス,福井県,若狭町,"介護,デイサービス",日中に通って食事・入浴・機能訓練・見守りなどを受けるサービスです。,http://shojukai.jp/,福井県三方上中郡若狭町井ノ口32-6-1,0770-62-0100,厚生労働省オープンデータ,https://www.mhlw.go.jp/content/12300000/jigyosho_150.csv,2025-12末,https://www.google.com/search?q=%E6%9D%BE%E5%AF%BF%E8%8B%91%E3%83%87%E3%82%A4%E3%82%B5%E3%83%BC%E3%83%93%E3%82%B9%E3%81%82%E3%83%BB%E3%81%86%E3%82%93%20%E8%8B%A5%E7%8B%AD%E7%94%BA
デイサービスセンターわらく,デイサービス,福井県,若狭町,"介護,デイサービス",日中に通って食事・入浴・機能訓練・見守りなどを受けるサービスです。,http://www.s-a-care.co.jp/,福井県三方上中郡若狭町有田第11号20番地の10,0770-64-1030,厚生労働省オープンデータ,https://www.mhlw.go.jp/content/12300000/jigyosho_150.csv,2025-12末,https://www.google.com/search?q=%E3%83%87%E3%82%A4%E3%82%B5%E3%83%BC%E3%83%93%E3%82%B9%E3%82%BB%E3%83%B3%E3%82%BF%E3%83%BC%E3%82%8F%E3%82%89%E3%81%8F%20%E8%8B%A5%E7%8B%AD%E7%94%BA
療養通所介護仁愛,療養通所介護,福井県,福井市,"介護,療養通所介護",療養通所介護の公式オープンデータから取り込んだ候補です。詳細は公式情報・電話・見学で確認してください。,https://www.google.com/search?q=%E7%99%82%E9%A4%8A%E9%80%9A%E6%89%80%E4%BB%8B%E8%AD%B7%E4%BB%81%E6%84%9B%20%E7%A6%8F%E4%BA%95%E5%B8%82,福井市乾徳４丁目４番１０号,0776-97-8011,厚生労働省オープンデータ,https://www.mhlw.go.jp/content/12300000/jigyosho_155.csv,2025-12末,https://www.google.com/search?q=%E7%99%82%E9%A4%8A%E9%80%9A%E6%89%80%E4%BB%8B%E8%AD%B7%E4%BB%81%E6%84%9B%20%E7%A6%8F%E4%BA%95%E5%B8%82
医療法人堀の宮整形外科,通所リハビリ,福井県,福井市,"介護,通所リハビリ,リハビリ",通所リハビリの公式オープンデータから取り込んだ候補です。詳細は公式情報・電話・見学で確認してください。,https://www.google.com/search?q=%E5%8C%BB%E7%99%82%E6%B3%95%E4%BA%BA%E5%A0%80%E3%81%AE%E5%AE%AE%E6%95%B4%E5%BD%A2%E5%A4%96%E7%A7%91%20%E7%A6%8F%E4%BA%95%E5%B8%82,福井県福井市堀の宮１丁目１２４番地,0776-30-1000,厚生労働省オープンデータ,https://www.mhlw.go.jp/content/12300000/jigyosho_160.csv,2025-12末,https://www.google.com/search?q=%E5%8C%BB%E7%99%82%E6%B3%95%E4%BA%BA%E5%A0%80%E3%81%AE%E5%AE%AE%E6%95%B4%E5%BD%A2%E5%A4%96%E7%A7%91%20%E7%A6%8F%E4%BA%95%E5%B8%82
医療法人堀の宮整形外科,通所リハビリ,福井県,福井市,"介護,通所リハビリ,リハビリ",通所リハビリの公式オープンデータから取り込んだ候補です。詳細は公式情報・電話・見学で確認してください。,https://www.google.com/search?q=%E5%8C%BB%E7%99%82%E6%B3%95%E4%BA%BA%E5%A0%80%E3%81%AE%E5%AE%AE%E6%95%B4%E5%BD%A2%E5%A4%96%E7%A7%91%20%E7%A6%8F%E4%BA%95%E5%B8%82,福井県福井市堀ノ宮1丁目124番地,0776-30-1000,厚生労働省オープンデータ,https://www.mhlw.go.jp/content/12300000/jigyosho_160.csv,2025-12末,https://www.google.com/search?q=%E5%8C%BB%E7%99%82%E6%B3%95%E4%BA%BA%E5%A0%80%E3%81%AE%E5%AE%AE%E6%95%B4%E5%BD%A2%E5%A4%96%E7%A7%91%20%E7%A6%8F%E4%BA%95%E5%B8%82
佐藤整形形成外科通所リハビリテーション,通所リハビリ,福井県,福井市,"介護,通所リハビリ,リハビリ",通所リハビリの公式オープンデータから取り込んだ候補です。詳細は公式情報・電話・見学で確認してください。,https://www.google.com/search?q=%E4%BD%90%E8%97%A4%E6%95%B4%E5%BD%A2%E5%BD%A2%E6%88%90%E5%A4%96%E7%A7%91%E9%80%9A%E6%89%80%E3%83%AA%E3%83%8F%E3%83%93%E3%83%AA%E3%83%86%E3%83%BC%E3%82%B7%E3%83%A7%E3%83%B3%20%E7%A6%8F%E4%BA%95%E5%B8%82,福井県福井市桃園１－１－２,0776－35－5151,厚生労働省オープンデータ,https://www.mhlw.go.jp/content/12300000/jigyosho_160.csv,2025-12末,https://www.google.com/search?q=%E4%BD%90%E8%97%A4%E6%95%B4%E5%BD%A2%E5%BD%A2%E6%88%90%E5%A4%96%E7%A7%91%E9%80%9A%E6%89%80%E3%83%AA%E3%83%8F%E3%83%93%E3%83%AA%E3%83%86%E3%83%BC%E3%82%B7%E3%83%A7%E3%83%B3%20%E7%A6%8F%E4%BA%95%E5%B8%82
医療法人駅東整形外科通所リハビリテーション　「ケアルームげんき」,通所リハビリ,福井県,福井市,"介護,通所リハビリ,リハビリ",通所リハビリの公式オープンデータから取り込んだ候補です。詳細は公式情報・電話・見学で確認してください。,https://www.google.com/search?q=%E5%8C%BB%E7%99%82%E6%B3%95%E4%BA%BA%E9%A7%85%E6%9D%B1%E6%95%B4%E5%BD%A2%E5%A4%96%E7%A7%91%E9%80%9A%E6%89%80%E3%83%AA%E3%83%8F%E3%83%93%E3%83%AA%E3%83%86%E3%83%BC%E3%82%B7%E3%83%A7%E3%83%B3%E3%80%80%E3%80%8C%E3%82%B1%E3%82%A2%E3%83%AB%E3%83%BC%E3%83%A0%E3%81%92%E3%82%93%E3%81%8D%E3%80%8D%20%E7%A6%8F%E4%BA%95%E5%B8%82,福井市日之出２丁目１２－２,0776-27-2500,厚生労働省オープンデータ,https://www.mhlw.go.jp/content/12300000/jigyosho_160.csv,2025-12末,https://www.google.com/search?q=%E5%8C%BB%E7%99%82%E6%B3%95%E4%BA%BA%E9%A7%85%E6%9D%B1%E6%95%B4%E5%BD%A2%E5%A4%96%E7%A7%91%E9%80%9A%E6%89%80%E3%83%AA%E3%83%8F%E3%83%93%E3%83%AA%E3%83%86%E3%83%BC%E3%82%B7%E3%83%A7%E3%83%B3%E3%80%80%E3%80%8C%E3%82%B1%E3%82%A2%E3%83%AB%E3%83%BC%E3%83%A0%E3%81%92%E3%82%93%E3%81%8D%E3%80%8D%20%E7%A6%8F%E4%BA%95%E5%B8%82
安土整形デイケアセンター,通所リハビリ,福井県,福井市,"介護,通所リハビリ,リハビリ",通所リハビリの公式オープンデータから取り込んだ候補です。詳細は公式情報・電話・見学で確認してください。,https://bls-acls-pals-fa-fukui.jp/,福井県福井市中央2丁目７－１９,0776-25-3545,厚生労働省オープンデータ,https://www.mhlw.go.jp/content/12300000/jigyosho_160.csv,2025-12末,https://www.google.com/search?q=%E5%AE%89%E5%9C%9F%E6%95%B4%E5%BD%A2%E3%83%87%E3%82%A4%E3%82%B1%E3%82%A2%E3%82%BB%E3%83%B3%E3%82%BF%E3%83%BC%20%E7%A6%8F%E4%BA%95%E5%B8%82
ひかりデイケア,通所リハビリ,福井県,福井市,"介護,通所リハビリ,リハビリ",通所リハビリの公式オープンデータから取り込んだ候補です。詳細は公式情報・電話・見学で確認してください。,http://www.hikarigroup.jp,福井市板垣5丁目201,0776-33-1600,厚生労働省オープンデータ,https://www.mhlw.go.jp/content/12300000/jigyosho_160.csv,2025-12末,https://www.google.com/search?q=%E3%81%B2%E3%81%8B%E3%82%8A%E3%83%87%E3%82%A4%E3%82%B1%E3%82%A2%20%E7%A6%8F%E4%BA%95%E5%B8%82
デイケア　さら,通所リハビリ,福井県,福井市,"介護,通所リハビリ,リハビリ",通所リハビリの公式オープンデータから取り込んだ候補です。詳細は公式情報・電話・見学で確認してください。,iwakiiin.com,福井市三十八社町10-8,0776-38-6603,厚生労働省オープンデータ,https://www.mhlw.go.jp/content/12300000/jigyosho_160.csv,2025-12末,https://www.google.com/search?q=%E3%83%87%E3%82%A4%E3%82%B1%E3%82%A2%E3%80%80%E3%81%95%E3%82%89%20%E7%A6%8F%E4%BA%95%E5%B8%82
デイケア　すいせん,通所リハビリ,福井県,福井市,"介護,通所リハビリ,リハビリ",通所リハビリの公式オープンデータから取り込んだ候補です。詳細は公式情報・電話・見学で確認してください。,https://www.google.com/search?q=%E3%83%87%E3%82%A4%E3%82%B1%E3%82%A2%E3%80%80%E3%81%99%E3%81%84%E3%81%9B%E3%82%93%20%E7%A6%8F%E4%BA%95%E5%B8%82,福井市蒲生町１－９１－１,090-8263-0054,厚生労働省オープンデータ,https://www.mhlw.go.jp/content/12300000/jigyosho_160.csv,2025-12末,https://www.google.com/search?q=%E3%83%87%E3%82%A4%E3%82%B1%E3%82%A2%E3%80%80%E3%81%99%E3%81%84%E3%81%9B%E3%82%93%20%E7%A6%8F%E4%BA%95%E5%B8%82
医療法人文殊会片山整形外科,通所リハビリ,福井県,福井市,"介護,通所リハビリ,リハビリ",通所リハビリの公式オープンデータから取り込んだ候補です。詳細は公式情報・電話・見学で確認してください。,https://www.google.com/search?q=%E5%8C%BB%E7%99%82%E6%B3%95%E4%BA%BA%E6%96%87%E6%AE%8A%E4%BC%9A%E7%89%87%E5%B1%B1%E6%95%B4%E5%BD%A2%E5%A4%96%E7%A7%91%20%E7%A6%8F%E4%BA%95%E5%B8%82,福井県福井市江端町13-15-4,0776-35-2400,厚生労働省オープンデータ,https://www.mhlw.go.jp/content/12300000/jigyosho_160.csv,2025-12末,https://www.google.com/search?q=%E5%8C%BB%E7%99%82%E6%B3%95%E4%BA%BA%E6%96%87%E6%AE%8A%E4%BC%9A%E7%89%87%E5%B1%B1%E6%95%B4%E5%BD%A2%E5%A4%96%E7%A7%91%20%E7%A6%8F%E4%BA%95%E5%B8%82
福井リハビリテーション病院通所リハビリテーション事業所,通所リハビリ,福井県,福井市,"介護,通所リハビリ,リハビリ",通所リハビリの公式オープンデータから取り込んだ候補です。詳細は公式情報・電話・見学で確認してください。,http://www.otaki-hp.or.jp/group/fukui-rehabilitation/,福井市南楢原町20字大畑2番地,0776-59-1126,厚生労働省オープンデータ,https://www.mhlw.go.jp/content/12300000/jigyosho_160.csv,2025-12末,https://www.google.com/search?q=%E7%A6%8F%E4%BA%95%E3%83%AA%E3%83%8F%E3%83%93%E3%83%AA%E3%83%86%E3%83%BC%E3%82%B7%E3%83%A7%E3%83%B3%E7%97%85%E9%99%A2%E9%80%9A%E6%89%80%E3%83%AA%E3%83%8F%E3%83%93%E3%83%AA%E3%83%86%E3%83%BC%E3%82%B7%E3%83%A7%E3%83%B3%E4%BA%8B%E6%A5%AD%E6%89%80%20%E7%A6%8F%E4%BA%95%E5%B8%82
通所リハビリテーションロコモケア,通所リハビリ,福井県,福井市,"介護,通所リハビリ,リハビリ",通所リハビリの公式オープンデータから取り込んだ候補です。詳細は公式情報・電話・見学で確認してください。,https://omori-seikei.or.jp,福井県福井市北四ツ居3-14-12大森整形外科リウマチ科,0776-57-0065,厚生労働省オープンデータ,https://www.mhlw.go.jp/content/12300000/jigyosho_160.csv,2025-12末,https://www.google.com/search?q=%E9%80%9A%E6%89%80%E3%83%AA%E3%83%8F%E3%83%93%E3%83%AA%E3%83%86%E3%83%BC%E3%82%B7%E3%83%A7%E3%83%B3%E3%83%AD%E3%82%B3%E3%83%A2%E3%82%B1%E3%82%A2%20%E7%A6%8F%E4%BA%95%E5%B8%82
福井総合クリニック,通所リハビリ,福井県,福井市,"介護,通所リハビリ,リハビリ",通所リハビリの公式オープンデータから取り込んだ候補です。詳細は公式情報・電話・見学で確認してください。,https://www.f-gh.jp/fgc/fgc.html,福井県福井市新田塚1丁目42番1号,0776-21-1300,厚生労働省オープンデータ,https://www.mhlw.go.jp/content/12300000/jigyosho_160.csv,2025-12末,https://www.google.com/search?q=%E7%A6%8F%E4%BA%95%E7%B7%8F%E5%90%88%E3%82%AF%E3%83%AA%E3%83%8B%E3%83%83%E3%82%AF%20%E7%A6%8F%E4%BA%95%E5%B8%82
九頭竜長生苑通所リハビリテーション事業所,通所リハビリ,福井県,福井市,"介護,通所リハビリ,リハビリ",通所リハビリの公式オープンデータから取り込んだ候補です。詳細は公式情報・電話・見学で確認してください。,http://www.fukusenkai.jp/,福井市寺前町２－２－２,0776-54-4681,厚生労働省オープンデータ,https://www.mhlw.go.jp/content/12300000/jigyosho_160.csv,2025-12末,https://www.google.com/search?q=%E4%B9%9D%E9%A0%AD%E7%AB%9C%E9%95%B7%E7%94%9F%E8%8B%91%E9%80%9A%E6%89%80%E3%83%AA%E3%83%8F%E3%83%93%E3%83%AA%E3%83%86%E3%83%BC%E3%82%B7%E3%83%A7%E3%83%B3%E4%BA%8B%E6%A5%AD%E6%89%80%20%E7%A6%8F%E4%BA%95%E5%B8%82
介護老人保健施設　アルマ千寿,通所リハビリ,福井県,福井市,"介護,通所リハビリ,リハビリ",通所リハビリの公式オープンデータから取り込んだ候補です。詳細は公式情報・電話・見学で確認してください。,http://www.senjukai.com,福井県福井市川合鷲塚町４９－５,0776-55-1700,厚生労働省オープンデータ,https://www.mhlw.go.jp/content/12300000/jigyosho_160.csv,2025-12末,https://www.google.com/search?q=%E4%BB%8B%E8%AD%B7%E8%80%81%E4%BA%BA%E4%BF%9D%E5%81%A5%E6%96%BD%E8%A8%AD%E3%80%80%E3%82%A2%E3%83%AB%E3%83%9E%E5%8D%83%E5%AF%BF%20%E7%A6%8F%E4%BA%95%E5%B8%82
新田塚ハイツ,通所リハビリ,福井県,福井市,"介護,通所リハビリ,リハビリ",通所リハビリの公式オープンデータから取り込んだ候補です。詳細は公式情報・電話・見学で確認してください。,https://www.f-gh.jp/househeights/househeights.html,福井市新田塚町５０６番地,0776-22-7030,厚生労働省オープンデータ,https://www.mhlw.go.jp/content/12300000/jigyosho_160.csv,2025-12末,https://www.google.com/search?q=%E6%96%B0%E7%94%B0%E5%A1%9A%E3%83%8F%E3%82%A4%E3%83%84%20%E7%A6%8F%E4%BA%95%E5%B8%82
福井県済生会介護老人保健施設ケアホーム・さいせい,通所リハビリ,福井県,福井市,"介護,通所リハビリ,リハビリ",通所リハビリの公式オープンデータから取り込んだ候補です。詳細は公式情報・電話・見学で確認してください。,https://carehomesaisei-fukui-saiseikai.com,福井市和田中町徳万28,0776-30-7660,厚生労働省オープンデータ,https://www.mhlw.go.jp/content/12300000/jigyosho_160.csv,2025-12末,https://www.google.com/search?q=%E7%A6%8F%E4%BA%95%E7%9C%8C%E6%B8%88%E7%94%9F%E4%BC%9A%E4%BB%8B%E8%AD%B7%E8%80%81%E4%BA%BA%E4%BF%9D%E5%81%A5%E6%96%BD%E8%A8%AD%E3%82%B1%E3%82%A2%E3%83%9B%E3%83%BC%E3%83%A0%E3%83%BB%E3%81%95%E3%81%84%E3%81%9B%E3%81%84%20%E7%A6%8F%E4%BA%95%E5%B8%82
介護老人保健施設　あじさい,通所リハビリ,福井県,福井市,"介護,通所リハビリ,リハビリ",通所リハビリの公式オープンデータから取り込んだ候補です。詳細は公式情報・電話・見学で確認してください。,http://www.kotobukinokai.com/,福井県福井市西下野町１５－１２,0776-33-5911,厚生労働省オープンデータ,https://www.mhlw.go.jp/content/12300000/jigyosho_160.csv,2025-12末,https://www.google.com/search?q=%E4%BB%8B%E8%AD%B7%E8%80%81%E4%BA%BA%E4%BF%9D%E5%81%A5%E6%96%BD%E8%A8%AD%E3%80%80%E3%81%82%E3%81%98%E3%81%95%E3%81%84%20%E7%A6%8F%E4%BA%95%E5%B8%82
通所リハビリテーションさくら,通所リハビリ,福井県,福井市,"介護,通所リハビリ,リハビリ",通所リハビリの公式オープンデータから取り込んだ候補です。詳細は公式情報・電話・見学で確認してください。,https://www.sensuikai.jp/sakura/,福井市花堂東2丁目408番地,0776-35-7806,厚生労働省オープンデータ,https://www.mhlw.go.jp/content/12300000/jigyosho_160.csv,2025-12末,https://www.google.com/search?q=%E9%80%9A%E6%89%80%E3%83%AA%E3%83%8F%E3%83%93%E3%83%AA%E3%83%86%E3%83%BC%E3%82%B7%E3%83%A7%E3%83%B3%E3%81%95%E3%81%8F%E3%82%89%20%E7%A6%8F%E4%BA%95%E5%B8%82
福井厚生病院　通所リハビリセンター,通所リハビリ,福井県,福井市,"介護,通所リハビリ,リハビリ",通所リハビリの公式オープンデータから取り込んだ候補です。詳細は公式情報・電話・見学で確認してください。,http://koseikaigroup.jp/kaigo/kayou/tuusho_riha/,福井市下六条町217番地,0776-41-4747,厚生労働省オープンデータ,https://www.mhlw.go.jp/content/12300000/jigyosho_160.csv,2025-12末,https://www.google.com/search?q=%E7%A6%8F%E4%BA%95%E5%8E%9A%E7%94%9F%E7%97%85%E9%99%A2%E3%80%80%E9%80%9A%E6%89%80%E3%83%AA%E3%83%8F%E3%83%93%E3%83%AA%E3%82%BB%E3%83%B3%E3%82%BF%E3%83%BC%20%E7%A6%8F%E4%BA%95%E5%B8%82
光陽生協クリニックデイケアさんさん,通所リハビリ,福井県,福井市,"介護,通所リハビリ,リハビリ",通所リハビリの公式オープンデータから取り込んだ候補です。詳細は公式情報・電話・見学で確認してください。,http://www.fukui-min-iren.com/iryouseikyou/,福井市光陽３丁目９－２３,0776-24-5524,厚生労働省オープンデータ,https://www.mhlw.go.jp/content/12300000/jigyosho_160.csv,2025-12末,https://www.google.com/search?q=%E5%85%89%E9%99%BD%E7%94%9F%E5%8D%94%E3%82%AF%E3%83%AA%E3%83%8B%E3%83%83%E3%82%AF%E3%83%87%E3%82%A4%E3%82%B1%E3%82%A2%E3%81%95%E3%82%93%E3%81%95%E3%82%93%20%E7%A6%8F%E4%BA%95%E5%B8%82
通所リハ　健康の家,通所リハビリ,福井県,福井市,"介護,通所リハビリ,リハビリ",通所リハビリの公式オープンデータから取り込んだ候補です。詳細は公式情報・電話・見学で確認してください。,http://www.kenkoukai.or.jp,福井県福井市西方1丁目2-11いちご在宅支援センター1・2F,0776-30-0162,厚生労働省オープンデータ,https://www.mhlw.go.jp/content/12300000/jigyosho_160.csv,2025-12末,https://www.google.com/search?q=%E9%80%9A%E6%89%80%E3%83%AA%E3%83%8F%E3%80%80%E5%81%A5%E5%BA%B7%E3%81%AE%E5%AE%B6%20%E7%A6%8F%E4%BA%95%E5%B8%82
ひらいデイ・ケア健康館,通所リハビリ,福井県,福井市,"介護,通所リハビリ,リハビリ",通所リハビリの公式オープンデータから取り込んだ候補です。詳細は公式情報・電話・見学で確認してください。,http://www.hirainaikashoukakika.org/,福井市渕４丁目1813番地,0776-33-6882,厚生労働省オープンデータ,https://www.mhlw.go.jp/content/12300000/jigyosho_160.csv,2025-12末,https://www.google.com/search?q=%E3%81%B2%E3%82%89%E3%81%84%E3%83%87%E3%82%A4%E3%83%BB%E3%82%B1%E3%82%A2%E5%81%A5%E5%BA%B7%E9%A4%A8%20%E7%A6%8F%E4%BA%95%E5%B8%82
山内整形外科,通所リハビリ,福井県,福井市,"介護,通所リハビリ,リハビリ",通所リハビリの公式オープンデータから取り込んだ候補です。詳細は公式情報・電話・見学で確認してください。,http://www.yamauchi-seikei.jp,大宮4-13-18,0776-26-1160,厚生労働省オープンデータ,https://www.mhlw.go.jp/content/12300000/jigyosho_160.csv,2025-12末,https://www.google.com/search?q=%E5%B1%B1%E5%86%85%E6%95%B4%E5%BD%A2%E5%A4%96%E7%A7%91%20%E7%A6%8F%E4%BA%95%E5%B8%82
福井ケアセンター　通所リハビリテーション事業所,通所リハビリ,福井県,福井市,"介護,通所リハビリ,リハビリ",通所リハビリの公式オープンデータから取り込んだ候補です。詳細は公式情報・電話・見学で確認してください。,http://www.otaki-hp.or.jp/,福井県福井市乾徳４丁目５番８号,0776-26-5155,厚生労働省オープンデータ,https://www.mhlw.go.jp/content/12300000/jigyosho_160.csv,2025-12末,https://www.google.com/search?q=%E7%A6%8F%E4%BA%95%E3%82%B1%E3%82%A2%E3%82%BB%E3%83%B3%E3%82%BF%E3%83%BC%E3%80%80%E9%80%9A%E6%89%80%E3%83%AA%E3%83%8F%E3%83%93%E3%83%AA%E3%83%86%E3%83%BC%E3%82%B7%E3%83%A7%E3%83%B3%E4%BA%8B%E6%A5%AD%E6%89%80%20%E7%A6%8F%E4%BA%95%E5%B8%82
デイケアセンター　あいあい苑,通所リハビリ,福井県,福井市,"介護,通所リハビリ,リハビリ",通所リハビリの公式オープンデータから取り込んだ候補です。詳細は公式情報・電話・見学で確認してください。,http://www.miyazakiclinic.net/,福井市加茂河原３丁目８－２０,0776-33-2611,厚生労働省オープンデータ,https://www.mhlw.go.jp/content/12300000/jigyosho_160.csv,2025-12末,https://www.google.com/search?q=%E3%83%87%E3%82%A4%E3%82%B1%E3%82%A2%E3%82%BB%E3%83%B3%E3%82%BF%E3%83%BC%E3%80%80%E3%81%82%E3%81%84%E3%81%82%E3%81%84%E8%8B%91%20%E7%A6%8F%E4%BA%95%E5%B8%82
デイケア華みずき,通所リハビリ,福井県,福井市,"介護,通所リハビリ,リハビリ",通所リハビリの公式オープンデータから取り込んだ候補です。詳細は公式情報・電話・見学で確認してください。,http://tanaka-seikeiganka.com/,福井県福井市種池1丁目101,0776-35-8732,厚生労働省オープンデータ,https://www.mhlw.go.jp/content/12300000/jigyosho_160.csv,2025-12末,https://www.google.com/search?q=%E3%83%87%E3%82%A4%E3%82%B1%E3%82%A2%E8%8F%AF%E3%81%BF%E3%81%9A%E3%81%8D%20%E7%A6%8F%E4%BA%95%E5%B8%82
たわらまち整形外科・内科クリニック,通所リハビリ,福井県,福井市,"介護,通所リハビリ,リハビリ",通所リハビリの公式オープンデータから取り込んだ候補です。詳細は公式情報・電話・見学で確認してください。,http://tawaramachi.jp,福井県福井市文京2丁目1番15号,0776-22-2666,厚生労働省オープンデータ,https://www.mhlw.go.jp/content/12300000/jigyosho_160.csv,2025-12末,https://www.google.com/search?q=%E3%81%9F%E3%82%8F%E3%82%89%E3%81%BE%E3%81%A1%E6%95%B4%E5%BD%A2%E5%A4%96%E7%A7%91%E3%83%BB%E5%86%85%E7%A7%91%E3%82%AF%E3%83%AA%E3%83%8B%E3%83%83%E3%82%AF%20%E7%A6%8F%E4%BA%95%E5%B8%82
ヴィラ岩井,通所リハビリ,福井県,福井市,"介護,通所リハビリ,リハビリ",通所リハビリの公式オープンデータから取り込んだ候補です。詳細は公式情報・電話・見学で確認してください。,http://www.horae.dti.ne.jp/~akio-i/,福井市日之出２丁目１３－２,0776-24-0177,厚生労働省オープンデータ,https://www.mhlw.go.jp/content/12300000/jigyosho_160.csv,2025-12末,https://www.google.com/search?q=%E3%83%B4%E3%82%A3%E3%83%A9%E5%B2%A9%E4%BA%95%20%E7%A6%8F%E4%BA%95%E5%B8%82
さくら病院通所リハビリセンター,通所リハビリ,福井県,福井市,"介護,通所リハビリ,リハビリ",通所リハビリの公式オープンデータから取り込んだ候補です。詳細は公式情報・電話・見学で確認してください。,http://www.senjukai.com,福井市下荒井町第21号44番地の1,0776-39-1703,厚生労働省オープンデータ,https://www.mhlw.go.jp/content/12300000/jigyosho_160.csv,2025-12末,https://www.google.com/search?q=%E3%81%95%E3%81%8F%E3%82%89%E7%97%85%E9%99%A2%E9%80%9A%E6%89%80%E3%83%AA%E3%83%8F%E3%83%93%E3%83%AA%E3%82%BB%E3%83%B3%E3%82%BF%E3%83%BC%20%E7%A6%8F%E4%BA%95%E5%B8%82
福井温泉病院,通所リハビリ,福井県,福井市,"介護,通所リハビリ,リハビリ",通所リハビリの公式オープンデータから取り込んだ候補です。詳細は公式情報・電話・見学で確認してください。,http://www.fukuionsen.jp,福井県福井市天菅生町7-1,0776-59-1311,厚生労働省オープンデータ,https://www.mhlw.go.jp/content/12300000/jigyosho_160.csv,2025-12末,https://www.google.com/search?q=%E7%A6%8F%E4%BA%95%E6%B8%A9%E6%B3%89%E7%97%85%E9%99%A2%20%E7%A6%8F%E4%BA%95%E5%B8%82
通所リハビリセンター　いずみ,通所リハビリ,福井県,敦賀市,"介護,通所リハビリ,リハビリ",通所リハビリの公式オープンデータから取り込んだ候補です。詳細は公式情報・電話・見学で確認してください。,http://www.izumigaoka.jp,福井県敦賀市鉄輪町1丁目2-55,0770-25-6556,厚生労働省オープンデータ,https://www.mhlw.go.jp/content/12300000/jigyosho_160.csv,2025-12末,https://www.google.com/search?q=%E9%80%9A%E6%89%80%E3%83%AA%E3%83%8F%E3%83%93%E3%83%AA%E3%82%BB%E3%83%B3%E3%82%BF%E3%83%BC%E3%80%80%E3%81%84%E3%81%9A%E3%81%BF%20%E6%95%A6%E8%B3%80%E5%B8%82
通所リハビリテーション「じゃらん」,通所リハビリ,福井県,敦賀市,"介護,通所リハビリ,リハビリ",通所リハビリの公式オープンデータから取り込んだ候補です。詳細は公式情報・電話・見学で確認してください。,http://meihoukai.com/jyaran/,福井県敦賀市昭和町2-2801,0770-20-1171,厚生労働省オープンデータ,https://www.mhlw.go.jp/content/12300000/jigyosho_160.csv,2025-12末,https://www.google.com/search?q=%E9%80%9A%E6%89%80%E3%83%AA%E3%83%8F%E3%83%93%E3%83%AA%E3%83%86%E3%83%BC%E3%82%B7%E3%83%A7%E3%83%B3%E3%80%8C%E3%81%98%E3%82%83%E3%82%89%E3%82%93%E3%80%8D%20%E6%95%A6%E8%B3%80%E5%B8%82
医療法人敦賀温泉病院　デイケアゆらり,通所リハビリ,福井県,敦賀市,"介護,通所リハビリ,リハビリ",通所リハビリの公式オープンデータから取り込んだ候補です。詳細は公式情報・電話・見学で確認してください。,http://www.tsurugaonsen-hp.or.jp/,福井県敦賀市吉河41号1番地5,0770-23-8210,厚生労働省オープンデータ,https://www.mhlw.go.jp/content/12300000/jigyosho_160.csv,2025-12末,https://www.google.com/search?q=%E5%8C%BB%E7%99%82%E6%B3%95%E4%BA%BA%E6%95%A6%E8%B3%80%E6%B8%A9%E6%B3%89%E7%97%85%E9%99%A2%E3%80%80%E3%83%87%E3%82%A4%E3%82%B1%E3%82%A2%E3%82%86%E3%82%89%E3%82%8A%20%E6%95%A6%E8%B3%80%E5%B8%82
介護老人保健施設アクール若狭,通所リハビリ,福井県,小浜市,"介護,通所リハビリ,リハビリ",通所リハビリの公式オープンデータから取り込んだ候補です。詳細は公式情報・電話・見学で確認してください。,http://www.obamahp-wakasa.jp/aculu/,福井県小浜市大手町2-2,0770-52-0989,厚生労働省オープンデータ,https://www.mhlw.go.jp/content/12300000/jigyosho_160.csv,2025-12末,https://www.google.com/search?q=%E4%BB%8B%E8%AD%B7%E8%80%81%E4%BA%BA%E4%BF%9D%E5%81%A5%E6%96%BD%E8%A8%AD%E3%82%A2%E3%82%AF%E3%83%BC%E3%83%AB%E8%8B%A5%E7%8B%AD%20%E5%B0%8F%E6%B5%9C%E5%B8%82
医療法人三愛会　中山クリニック,通所リハビリ,福井県,小浜市,"介護,通所リハビリ,リハビリ",通所リハビリの公式オープンデータから取り込んだ候補です。詳細は公式情報・電話・見学で確認してください。,https://rerephysio.com,福井県小浜市多田2-2-1,0770-56-5580,厚生労働省オープンデータ,https://www.mhlw.go.jp/content/12300000/jigyosho_160.csv,2025-12末,https://www.google.com/search?q=%E5%8C%BB%E7%99%82%E6%B3%95%E4%BA%BA%E4%B8%89%E6%84%9B%E4%BC%9A%E3%80%80%E4%B8%AD%E5%B1%B1%E3%82%AF%E3%83%AA%E3%83%8B%E3%83%83%E3%82%AF%20%E5%B0%8F%E6%B5%9C%E5%B8%82
ビハーラ大野デイケアセンター,通所リハビリ,福井県,大野市,"介護,通所リハビリ,リハビリ",通所リハビリの公式オープンデータから取り込んだ候補です。詳細は公式情報・電話・見学で確認してください。,https://www.google.com/search?q=%E3%83%93%E3%83%8F%E3%83%BC%E3%83%A9%E5%A4%A7%E9%87%8E%E3%83%87%E3%82%A4%E3%82%B1%E3%82%A2%E3%82%BB%E3%83%B3%E3%82%BF%E3%83%BC%20%E5%A4%A7%E9%87%8E%E5%B8%82,福井県大野市牛ヶ原154-1-1,0779-66-1850,厚生労働省オープンデータ,https://www.mhlw.go.jp/content/12300000/jigyosho_160.csv,2025-12末,https://www.google.com/search?q=%E3%83%93%E3%83%8F%E3%83%BC%E3%83%A9%E5%A4%A7%E9%87%8E%E3%83%87%E3%82%A4%E3%82%B1%E3%82%A2%E3%82%BB%E3%83%B3%E3%82%BF%E3%83%BC%20%E5%A4%A7%E9%87%8E%E5%B8%82
キラキラデイ・ケアセンター,通所リハビリ,福井県,大野市,"介護,通所リハビリ,リハビリ",通所リハビリの公式オープンデータから取り込んだ候補です。詳細は公式情報・電話・見学で確認してください。,http://www.kirakirakai-matsuda.or.jp,福井県大野市　要町１－１３(医）キラキラ会松田病院内,0779-66-3238,厚生労働省オープンデータ,https://www.mhlw.go.jp/content/12300000/jigyosho_160.csv,2025-12末,https://www.google.com/search?q=%E3%82%AD%E3%83%A9%E3%82%AD%E3%83%A9%E3%83%87%E3%82%A4%E3%83%BB%E3%82%B1%E3%82%A2%E3%82%BB%E3%83%B3%E3%82%BF%E3%83%BC%20%E5%A4%A7%E9%87%8E%E5%B8%82
医療法人　尾崎整形外科　介護保険部,通所リハビリ,福井県,大野市,"介護,通所リハビリ,リハビリ",通所リハビリの公式オープンデータから取り込んだ候補です。詳細は公式情報・電話・見学で確認してください。,https://www.google.com/search?q=%E5%8C%BB%E7%99%82%E6%B3%95%E4%BA%BA%E3%80%80%E5%B0%BE%E5%B4%8E%E6%95%B4%E5%BD%A2%E5%A4%96%E7%A7%91%E3%80%80%E4%BB%8B%E8%AD%B7%E4%BF%9D%E9%99%BA%E9%83%A8%20%E5%A4%A7%E9%87%8E%E5%B8%82,福井県大野市明倫町１０－７,0779-65-2570,厚生労働省オープンデータ,https://www.mhlw.go.jp/content/12300000/jigyosho_160.csv,2025-12末,https://www.google.com/search?q=%E5%8C%BB%E7%99%82%E6%B3%95%E4%BA%BA%E3%80%80%E5%B0%BE%E5%B4%8E%E6%95%B4%E5%BD%A2%E5%A4%96%E7%A7%91%E3%80%80%E4%BB%8B%E8%AD%B7%E4%BF%9D%E9%99%BA%E9%83%A8%20%E5%A4%A7%E9%87%8E%E5%B8%82
介護老人保健施設　鷲巣苑,通所リハビリ,福井県,勝山市,"介護,通所リハビリ,リハビリ",通所リハビリの公式オープンデータから取り込んだ候補です。詳細は公式情報・電話・見学で確認してください。,http://www.washisuen.com/,福井県勝山市北郷町坂東島第８号２番地,0779-89-3390,厚生労働省オープンデータ,https://www.mhlw.go.jp/content/12300000/jigyosho_160.csv,2025-12末,https://www.google.com/search?q=%E4%BB%8B%E8%AD%B7%E8%80%81%E4%BA%BA%E4%BF%9D%E5%81%A5%E6%96%BD%E8%A8%AD%E3%80%80%E9%B7%B2%E5%B7%A3%E8%8B%91%20%E5%8B%9D%E5%B1%B1%E5%B8%82
福井勝山総合病院附属介護老人保健施設,通所リハビリ,福井県,勝山市,"介護,通所リハビリ,リハビリ",通所リハビリの公式オープンデータから取り込んだ候補です。詳細は公式情報・電話・見学で確認してください。,http://fukui.jcho.go.jp/rouken/,福井県勝山市長山町2-6-21,0779-87-3100,厚生労働省オープンデータ,https://www.mhlw.go.jp/content/12300000/jigyosho_160.csv,2025-12末,https://www.google.com/search?q=%E7%A6%8F%E4%BA%95%E5%8B%9D%E5%B1%B1%E7%B7%8F%E5%90%88%E7%97%85%E9%99%A2%E9%99%84%E5%B1%9E%E4%BB%8B%E8%AD%B7%E8%80%81%E4%BA%BA%E4%BF%9D%E5%81%A5%E6%96%BD%E8%A8%AD%20%E5%8B%9D%E5%B1%B1%E5%B8%82
デイケアさばえ,通所リハビリ,福井県,鯖江市,"介護,通所リハビリ,リハビリ",通所リハビリの公式オープンデータから取り込んだ候補です。詳細は公式情報・電話・見学で確認してください。,http://www.jujinkai.or.jp,鯖江市旭町４丁目９－１０,0778-51-0126,厚生労働省オープンデータ,https://www.mhlw.go.jp/content/12300000/jigyosho_160.csv,2025-12末,https://www.google.com/search?q=%E3%83%87%E3%82%A4%E3%82%B1%E3%82%A2%E3%81%95%E3%81%B0%E3%81%88%20%E9%AF%96%E6%B1%9F%E5%B8%82
公立丹南病院　通所リハビリテーションセンター　なごみの里,通所リハビリ,福井県,鯖江市,"介護,通所リハビリ,リハビリ",通所リハビリの公式オープンデータから取り込んだ候補です。詳細は公式情報・電話・見学で確認してください。,http://www.jadecom.or.jp/jadecomhp/tannan/html/bumonlist/index_18.html,福井県鯖江市三六町1丁目2-31,0778-51-5234,厚生労働省オープンデータ,https://www.mhlw.go.jp/content/12300000/jigyosho_160.csv,2025-12末,https://www.google.com/search?q=%E5%85%AC%E7%AB%8B%E4%B8%B9%E5%8D%97%E7%97%85%E9%99%A2%E3%80%80%E9%80%9A%E6%89%80%E3%83%AA%E3%83%8F%E3%83%93%E3%83%AA%E3%83%86%E3%83%BC%E3%82%B7%E3%83%A7%E3%83%B3%E3%82%BB%E3%83%B3%E3%82%BF%E3%83%BC%E3%80%80%E3%81%AA%E3%81%94%E3%81%BF%E3%81%AE%E9%87%8C%20%E9%AF%96%E6%B1%9F%E5%B8%82
みどり荘デイケアセンター,通所リハビリ,福井県,鯖江市,"介護,通所リハビリ,リハビリ",通所リハビリの公式オープンデータから取り込んだ候補です。詳細は公式情報・電話・見学で確認してください。,http://higashiyamakai.org/m_kaigo/,鯖江市中野町33-20-1,0778-51-7540,厚生労働省オープンデータ,https://www.mhlw.go.jp/content/12300000/jigyosho_160.csv,2025-12末,https://www.google.com/search?q=%E3%81%BF%E3%81%A9%E3%82%8A%E8%8D%98%E3%83%87%E3%82%A4%E3%82%B1%E3%82%A2%E3%82%BB%E3%83%B3%E3%82%BF%E3%83%BC%20%E9%AF%96%E6%B1%9F%E5%B8%82
神明ケアセンター　通所リハビリテーション,通所リハビリ,福井県,鯖江市,"介護,通所リハビリ,リハビリ",通所リハビリの公式オープンデータから取り込んだ候補です。詳細は公式情報・電話・見学で確認してください。,https://www.google.com/search?q=%E7%A5%9E%E6%98%8E%E3%82%B1%E3%82%A2%E3%82%BB%E3%83%B3%E3%82%BF%E3%83%BC%E3%80%80%E9%80%9A%E6%89%80%E3%83%AA%E3%83%8F%E3%83%93%E3%83%AA%E3%83%86%E3%83%BC%E3%82%B7%E3%83%A7%E3%83%B3%20%E9%AF%96%E6%B1%9F%E5%B8%82,福井県鯖江市幸町1丁目2-2,0778-51-8228,厚生労働省オープンデータ,https://www.mhlw.go.jp/content/12300000/jigyosho_160.csv,2025-12末,https://www.google.com/search?q=%E7%A5%9E%E6%98%8E%E3%82%B1%E3%82%A2%E3%82%BB%E3%83%B3%E3%82%BF%E3%83%BC%E3%80%80%E9%80%9A%E6%89%80%E3%83%AA%E3%83%8F%E3%83%93%E3%83%AA%E3%83%86%E3%83%BC%E3%82%B7%E3%83%A7%E3%83%B3%20%E9%AF%96%E6%B1%9F%E5%B8%82
リハビリセンター王山,通所リハビリ,福井県,鯖江市,"介護,通所リハビリ,リハビリ",通所リハビリの公式オープンデータから取り込んだ候補です。詳細は公式情報・電話・見学で確認してください。,http://www4.ttn.ne.jp/~ohzan/,福井県鯖江市旭町１丁目3番22号,0778-51-7720,厚生労働省オープンデータ,https://www.mhlw.go.jp/content/12300000/jigyosho_160.csv,2025-12末,https://www.google.com/search?q=%E3%83%AA%E3%83%8F%E3%83%93%E3%83%AA%E3%82%BB%E3%83%B3%E3%82%BF%E3%83%BC%E7%8E%8B%E5%B1%B1%20%E9%AF%96%E6%B1%9F%E5%B8%82
加納病院　加納デイケア,通所リハビリ,福井県,あわら市,"介護,通所リハビリ,リハビリ",通所リハビリの公式オープンデータから取り込んだ候補です。詳細は公式情報・電話・見学で確認してください。,http://www.kanouhp.jp/,福井県あわら市花乃杜１丁目２－３９,0776-73-5001,厚生労働省オープンデータ,https://www.mhlw.go.jp/content/12300000/jigyosho_160.csv,2025-12末,https://www.google.com/search?q=%E5%8A%A0%E7%B4%8D%E7%97%85%E9%99%A2%E3%80%80%E5%8A%A0%E7%B4%8D%E3%83%87%E3%82%A4%E3%82%B1%E3%82%A2%20%E3%81%82%E3%82%8F%E3%82%89%E5%B8%82
ナイスケア木村,通所リハビリ,福井県,あわら市,"介護,通所リハビリ,リハビリ",通所リハビリの公式オープンデータから取り込んだ候補です。詳細は公式情報・電話・見学で確認してください。,http://kimura-hospital.jp/,福井県あわら市市姫3丁目23番4号,0776-73-5678,厚生労働省オープンデータ,https://www.mhlw.go.jp/content/12300000/jigyosho_160.csv,2025-12末,https://www.google.com/search?q=%E3%83%8A%E3%82%A4%E3%82%B9%E3%82%B1%E3%82%A2%E6%9C%A8%E6%9D%91%20%E3%81%82%E3%82%8F%E3%82%89%E5%B8%82
木村病院,通所リハビリ,福井県,あわら市,"介護,通所リハビリ,リハビリ",通所リハビリの公式オープンデータから取り込んだ候補です。詳細は公式情報・電話・見学で確認してください。,http://kimura-hospital.jp,北金津57-25,0776-73-3323,厚生労働省オープンデータ,https://www.mhlw.go.jp/content/12300000/jigyosho_160.csv,2025-12末,https://www.google.com/search?q=%E6%9C%A8%E6%9D%91%E7%97%85%E9%99%A2%20%E3%81%82%E3%82%8F%E3%82%89%E5%B8%82
サンライフ　クリニック（介護予防）通所リハビリテーション　サンライフリハセンター,通所リハビリ,福井県,越前市,"介護,通所リハビリ,リハビリ",通所リハビリの公式オープンデータから取り込んだ候補です。詳細は公式情報・電話・見学で確認してください。,http://sunlifeonodani.jp/,福井県越前市蓬莱町6-24,0778-22-8835,厚生労働省オープンデータ,https://www.mhlw.go.jp/content/12300000/jigyosho_160.csv,2025-12末,https://www.google.com/search?q=%E3%82%B5%E3%83%B3%E3%83%A9%E3%82%A4%E3%83%95%E3%80%80%E3%82%AF%E3%83%AA%E3%83%8B%E3%83%83%E3%82%AF%EF%BC%88%E4%BB%8B%E8%AD%B7%E4%BA%88%E9%98%B2%EF%BC%89%E9%80%9A%E6%89%80%E3%83%AA%E3%83%8F%E3%83%93%E3%83%AA%E3%83%86%E3%83%BC%E3%82%B7%E3%83%A7%E3%83%B3%E3%80%80%E3%82%B5%E3%83%B3%E3%83%A9%E3%82%A4%E3%83%95%E3%83%AA%E3%83%8F%E3%82%BB%E3%83%B3%E3%82%BF%E3%83%BC%20%E8%B6%8A%E5%89%8D%E5%B8%82
医療法人　林病院リハビリテーションセンター　通所事業部,通所リハビリ,福井県,越前市,"介護,通所リハビリ,リハビリ",通所リハビリの公式オープンデータから取り込んだ候補です。詳細は公式情報・電話・見学で確認してください。,http://www.hayashi-hospital.or.jp/,福井県越前市府中１丁目3号5番地,0778-22-0336,厚生労働省オープンデータ,https://www.mhlw.go.jp/content/12300000/jigyosho_160.csv,2025-12末,https://www.google.com/search?q=%E5%8C%BB%E7%99%82%E6%B3%95%E4%BA%BA%E3%80%80%E6%9E%97%E7%97%85%E9%99%A2%E3%83%AA%E3%83%8F%E3%83%93%E3%83%AA%E3%83%86%E3%83%BC%E3%82%B7%E3%83%A7%E3%83%B3%E3%82%BB%E3%83%B3%E3%82%BF%E3%83%BC%E3%80%80%E9%80%9A%E6%89%80%E4%BA%8B%E6%A5%AD%E9%83%A8%20%E8%B6%8A%E5%89%8D%E5%B8%82
シルバーハイツ武生　通所リハビリテーション,通所リハビリ,福井県,越前市,"介護,通所リハビリ,リハビリ",通所リハビリの公式オープンデータから取り込んだ候補です。詳細は公式情報・電話・見学で確認してください。,http://aiki-hp.jp/,越前市中央2-9-40,0778-21-3111,厚生労働省オープンデータ,https://www.mhlw.go.jp/content/12300000/jigyosho_160.csv,2025-12末,https://www.google.com/search?q=%E3%82%B7%E3%83%AB%E3%83%90%E3%83%BC%E3%83%8F%E3%82%A4%E3%83%84%E6%AD%A6%E7%94%9F%E3%80%80%E9%80%9A%E6%89%80%E3%83%AA%E3%83%8F%E3%83%93%E3%83%AA%E3%83%86%E3%83%BC%E3%82%B7%E3%83%A7%E3%83%B3%20%E8%B6%8A%E5%89%8D%E5%B8%82
介護老人保健施設　シルバーケア藤,通所リハビリ,福井県,越前市,"介護,通所リハビリ,リハビリ",通所リハビリの公式オープンデータから取り込んだ候補です。詳細は公式情報・電話・見学で確認してください。,https://www.google.com/search?q=%E4%BB%8B%E8%AD%B7%E8%80%81%E4%BA%BA%E4%BF%9D%E5%81%A5%E6%96%BD%E8%A8%AD%E3%80%80%E3%82%B7%E3%83%AB%E3%83%90%E3%83%BC%E3%82%B1%E3%82%A2%E8%97%A4%20%E8%B6%8A%E5%89%8D%E5%B8%82,福井県越前市北府３丁目５番１号,0778-22-8821,厚生労働省オープンデータ,https://www.mhlw.go.jp/content/12300000/jigyosho_160.csv,2025-12末,https://www.google.com/search?q=%E4%BB%8B%E8%AD%B7%E8%80%81%E4%BA%BA%E4%BF%9D%E5%81%A5%E6%96%BD%E8%A8%AD%E3%80%80%E3%82%B7%E3%83%AB%E3%83%90%E3%83%BC%E3%82%B1%E3%82%A2%E8%97%A4%20%E8%B6%8A%E5%89%8D%E5%B8%82
デイケアしくら,通所リハビリ,福井県,越前市,"介護,通所リハビリ,リハビリ",通所リハビリの公式オープンデータから取り込んだ候補です。詳細は公式情報・電話・見学で確認してください。,http://www.ikebata.jp,福井県越前市今宿町８－１,0778-29-1133,厚生労働省オープンデータ,https://www.mhlw.go.jp/content/12300000/jigyosho_160.csv,2025-12末,https://www.google.com/search?q=%E3%83%87%E3%82%A4%E3%82%B1%E3%82%A2%E3%81%97%E3%81%8F%E3%82%89%20%E8%B6%8A%E5%89%8D%E5%B8%82
デイケアはながたみ,通所リハビリ,福井県,越前市,"介護,通所リハビリ,リハビリ",通所リハビリの公式オープンデータから取り込んだ候補です。詳細は公式情報・電話・見学で確認してください。,www.imadatechuo-hp.com,福井県越前市粟田部町３３－１,0778-42-0011,厚生労働省オープンデータ,https://www.mhlw.go.jp/content/12300000/jigyosho_160.csv,2025-12末,https://www.google.com/search?q=%E3%83%87%E3%82%A4%E3%82%B1%E3%82%A2%E3%81%AF%E3%81%AA%E3%81%8C%E3%81%9F%E3%81%BF%20%E8%B6%8A%E5%89%8D%E5%B8%82
藤田神経内科病院,通所リハビリ,福井県,坂井市,"介護,通所リハビリ,リハビリ",通所リハビリの公式オープンデータから取り込んだ候補です。詳細は公式情報・電話・見学で確認してください。,http://akanekai.net,福井県坂井市丸岡町羽崎31-12-1,0776-67-1120,厚生労働省オープンデータ,https://www.mhlw.go.jp/content/12300000/jigyosho_160.csv,2025-12末,https://www.google.com/search?q=%E8%97%A4%E7%94%B0%E7%A5%9E%E7%B5%8C%E5%86%85%E7%A7%91%E7%97%85%E9%99%A2%20%E5%9D%82%E4%BA%95%E5%B8%82
通所リハビリテーション　はるさか,通所リハビリ,福井県,坂井市,"介護,通所リハビリ,リハビリ",通所リハビリの公式オープンデータから取り込んだ候補です。詳細は公式情報・電話・見学で確認してください。,https://www.google.com/search?q=%E9%80%9A%E6%89%80%E3%83%AA%E3%83%8F%E3%83%93%E3%83%AA%E3%83%86%E3%83%BC%E3%82%B7%E3%83%A7%E3%83%B3%E3%80%80%E3%81%AF%E3%82%8B%E3%81%95%E3%81%8B%20%E5%9D%82%E4%BA%95%E5%B8%82,春江町中筋第100号77番地,0776-58-0182,厚生労働省オープンデータ,https://www.mhlw.go.jp/content/12300000/jigyosho_160.csv,2025-12末,https://www.google.com/search?q=%E9%80%9A%E6%89%80%E3%83%AA%E3%83%8F%E3%83%93%E3%83%AA%E3%83%86%E3%83%BC%E3%82%B7%E3%83%A7%E3%83%B3%E3%80%80%E3%81%AF%E3%82%8B%E3%81%95%E3%81%8B%20%E5%9D%82%E4%BA%95%E5%B8%82
宮崎病院　通所リハビリテーション,通所リハビリ,福井県,坂井市,"介護,通所リハビリ,リハビリ",通所リハビリの公式オープンデータから取り込んだ候補です。詳細は公式情報・電話・見学で確認してください。,http://www.miyazaki-hp.com/,坂井市三国町北本町2-2-6,0776-82-1002,厚生労働省オープンデータ,https://www.mhlw.go.jp/content/12300000/jigyosho_160.csv,2025-12末,https://www.google.com/search?q=%E5%AE%AE%E5%B4%8E%E7%97%85%E9%99%A2%E3%80%80%E9%80%9A%E6%89%80%E3%83%AA%E3%83%8F%E3%83%93%E3%83%AA%E3%83%86%E3%83%BC%E3%82%B7%E3%83%A7%E3%83%B3%20%E5%9D%82%E4%BA%95%E5%B8%82
坂井市立三国病院,通所リハビリ,福井県,坂井市,"介護,通所リハビリ,リハビリ",通所リハビリの公式オープンデータから取り込んだ候補です。詳細は公式情報・電話・見学で確認してください。,http://www.city.fukui-sakai.lg.jp/byouin/,福井県坂井市三国町中央1丁目2-34,0776-82-0480,厚生労働省オープンデータ,https://www.mhlw.go.jp/content/12300000/jigyosho_160.csv,2025-12末,https://www.google.com/search?q=%E5%9D%82%E4%BA%95%E5%B8%82%E7%AB%8B%E4%B8%89%E5%9B%BD%E7%97%85%E9%99%A2%20%E5%9D%82%E4%BA%95%E5%B8%82
春江病院通所リハビリテーション,通所リハビリ,福井県,坂井市,"介護,通所リハビリ,リハビリ",通所リハビリの公式オープンデータから取り込んだ候補です。詳細は公式情報・電話・見学で確認してください。,http://www.harue-hp.org/,福井県坂井市春江町針原第65号7番地春江病院,0776-97-8032,厚生労働省オープンデータ,https://www.mhlw.go.jp/content/12300000/jigyosho_160.csv,2025-12末,https://www.google.com/search?q=%E6%98%A5%E6%B1%9F%E7%97%85%E9%99%A2%E9%80%9A%E6%89%80%E3%83%AA%E3%83%8F%E3%83%93%E3%83%AA%E3%83%86%E3%83%BC%E3%82%B7%E3%83%A7%E3%83%B3%20%E5%9D%82%E4%BA%95%E5%B8%82
ディーパあかね,通所リハビリ,福井県,坂井市,"介護,通所リハビリ,リハビリ",通所リハビリの公式オープンデータから取り込んだ候補です。詳細は公式情報・電話・見学で確認してください。,http://akanekai.net,福井県坂井市丸岡町羽崎31-11-3,0776-67-8484,厚生労働省オープンデータ,https://www.mhlw.go.jp/content/12300000/jigyosho_160.csv,2025-12末,https://www.google.com/search?q=%E3%83%87%E3%82%A3%E3%83%BC%E3%83%91%E3%81%82%E3%81%8B%E3%81%AD%20%E5%9D%82%E4%BA%95%E5%B8%82
坂井ケアセンター通所リハビリテーション,通所リハビリ,福井県,坂井市,"介護,通所リハビリ,リハビリ",通所リハビリの公式オープンデータから取り込んだ候補です。詳細は公式情報・電話・見学で確認してください。,https://sakaicare.com/,福井県坂井市坂井町折戸第１号５８番地,0776-72-7373,厚生労働省オープンデータ,https://www.mhlw.go.jp/content/12300000/jigyosho_160.csv,2025-12末,https://www.google.com/search?q=%E5%9D%82%E4%BA%95%E3%82%B1%E3%82%A2%E3%82%BB%E3%83%B3%E3%82%BF%E3%83%BC%E9%80%9A%E6%89%80%E3%83%AA%E3%83%8F%E3%83%93%E3%83%AA%E3%83%86%E3%83%BC%E3%82%B7%E3%83%A7%E3%83%B3%20%E5%9D%82%E4%BA%95%E5%B8%82
東尋坊ひまわりの丘　通所リハビリテーションサービス,通所リハビリ,福井県,坂井市,"介護,通所リハビリ,リハビリ",通所リハビリの公式オープンデータから取り込んだ候補です。詳細は公式情報・電話・見学で確認してください。,http://fj-g.jp/,福井県坂井市三国町陣ヶ岡16-13-18,0776-82-8500,厚生労働省オープンデータ,https://www.mhlw.go.jp/content/12300000/jigyosho_160.csv,2025-12末,https://www.google.com/search?q=%E6%9D%B1%E5%B0%8B%E5%9D%8A%E3%81%B2%E3%81%BE%E3%82%8F%E3%82%8A%E3%81%AE%E4%B8%98%E3%80%80%E9%80%9A%E6%89%80%E3%83%AA%E3%83%8F%E3%83%93%E3%83%AA%E3%83%86%E3%83%BC%E3%82%B7%E3%83%A7%E3%83%B3%E3%82%B5%E3%83%BC%E3%83%93%E3%82%B9%20%E5%9D%82%E4%BA%95%E5%B8%82
シルバーケア日野,通所リハビリ,福井県,南越前町,"介護,通所リハビリ,リハビリ",通所リハビリの公式オープンデータから取り込んだ候補です。詳細は公式情報・電話・見学で確認してください。,https://www.google.com/search?q=%E3%82%B7%E3%83%AB%E3%83%90%E3%83%BC%E3%82%B1%E3%82%A2%E6%97%A5%E9%87%8E%20%E5%8D%97%E8%B6%8A%E5%89%8D%E7%94%BA,南条郡南越前町東大道33-10-1,0778-47-3270,厚生労働省オープンデータ,https://www.mhlw.go.jp/content/12300000/jigyosho_160.csv,2025-12末,https://www.google.com/search?q=%E3%82%B7%E3%83%AB%E3%83%90%E3%83%BC%E3%82%B1%E3%82%A2%E6%97%A5%E9%87%8E%20%E5%8D%97%E8%B6%8A%E5%89%8D%E7%94%BA
今庄老人保健施設　今庄通所リハビリテーション事業所,通所リハビリ,福井県,南越前町,"介護,通所リハビリ,リハビリ",通所リハビリの公式オープンデータから取り込んだ候補です。詳細は公式情報・電話・見学で確認してください。,https:www.town.minamiechizen.lg.jp/sisetu/3004/p001123.html,福井県南条郡南越前町今庄84-26,0778-45-1724,厚生労働省オープンデータ,https://www.mhlw.go.jp/content/12300000/jigyosho_160.csv,2025-12末,https://www.google.com/search?q=%E4%BB%8A%E5%BA%84%E8%80%81%E4%BA%BA%E4%BF%9D%E5%81%A5%E6%96%BD%E8%A8%AD%E3%80%80%E4%BB%8A%E5%BA%84%E9%80%9A%E6%89%80%E3%83%AA%E3%83%8F%E3%83%93%E3%83%AA%E3%83%86%E3%83%BC%E3%82%B7%E3%83%A7%E3%83%B3%E4%BA%8B%E6%A5%AD%E6%89%80%20%E5%8D%97%E8%B6%8A%E5%89%8D%E7%94%BA
丹生ケアセンターひまわり荘　通所リハビリテーション,通所リハビリ,福井県,越前町,"介護,通所リハビリ,リハビリ",通所リハビリの公式オープンデータから取り込んだ候補です。詳細は公式情報・電話・見学で確認してください。,http://www.sekishin-himawari.or.jp/otahima/,福井県丹生郡越前町四ツ杉３－１０,０７７８－３６－２１７０,厚生労働省オープンデータ,https://www.mhlw.go.jp/content/12300000/jigyosho_160.csv,2025-12末,https://www.google.com/search?q=%E4%B8%B9%E7%94%9F%E3%82%B1%E3%82%A2%E3%82%BB%E3%83%B3%E3%82%BF%E3%83%BC%E3%81%B2%E3%81%BE%E3%82%8F%E3%82%8A%E8%8D%98%E3%80%80%E9%80%9A%E6%89%80%E3%83%AA%E3%83%8F%E3%83%93%E3%83%AA%E3%83%86%E3%83%BC%E3%82%B7%E3%83%A7%E3%83%B3%20%E8%B6%8A%E5%89%8D%E7%94%BA
独立行政法人　地域医療機能推進機構　若狭高浜病院附属介護老人保健施設,通所リハビリ,福井県,高浜町,"介護,通所リハビリ,リハビリ",通所リハビリの公式オープンデータから取り込んだ候補です。詳細は公式情報・電話・見学で確認してください。,http://takahama.jcho.go.jp/rouken/,大飯郡高浜町宮崎８７－１４－２,0770-72-5115,厚生労働省オープンデータ,https://www.mhlw.go.jp/content/12300000/jigyosho_160.csv,2025-12末,https://www.google.com/search?q=%E7%8B%AC%E7%AB%8B%E8%A1%8C%E6%94%BF%E6%B3%95%E4%BA%BA%E3%80%80%E5%9C%B0%E5%9F%9F%E5%8C%BB%E7%99%82%E6%A9%9F%E8%83%BD%E6%8E%A8%E9%80%B2%E6%A9%9F%E6%A7%8B%E3%80%80%E8%8B%A5%E7%8B%AD%E9%AB%98%E6%B5%9C%E7%97%85%E9%99%A2%E9%99%84%E5%B1%9E%E4%BB%8B%E8%AD%B7%E8%80%81%E4%BA%BA%E4%BF%9D%E5%81%A5%E6%96%BD%E8%A8%AD%20%E9%AB%98%E6%B5%9C%E7%94%BA
介護老人保健施設なごみ　通所リハビリテーション,通所リハビリ,福井県,おおい町,"介護,通所リハビリ,リハビリ",通所リハビリの公式オープンデータから取り込んだ候補です。詳細は公式情報・電話・見学で確認してください。,http://nagomi-ohi.com/,福井県大飯郡おおい町本郷第92号51番地1,0770-77-1050,厚生労働省オープンデータ,https://www.mhlw.go.jp/content/12300000/jigyosho_160.csv,2025-12末,https://www.google.com/search?q=%E4%BB%8B%E8%AD%B7%E8%80%81%E4%BA%BA%E4%BF%9D%E5%81%A5%E6%96%BD%E8%A8%AD%E3%81%AA%E3%81%94%E3%81%BF%E3%80%80%E9%80%9A%E6%89%80%E3%83%AA%E3%83%8F%E3%83%93%E3%83%AA%E3%83%86%E3%83%BC%E3%82%B7%E3%83%A7%E3%83%B3%20%E3%81%8A%E3%81%8A%E3%81%84%E7%94%BA
若狭町国民健康保険上中診療所,通所リハビリ,福井県,若狭町,"介護,通所リハビリ,リハビリ",通所リハビリの公式オープンデータから取り込んだ候補です。詳細は公式情報・電話・見学で確認してください。,http://kaminakashinryojo.jp,福井県三方上中郡若狭町市場第19号5番地,0770-62-1188,厚生労働省オープンデータ,https://www.mhlw.go.jp/content/12300000/jigyosho_160.csv,2025-12末,https://www.google.com/search?q=%E8%8B%A5%E7%8B%AD%E7%94%BA%E5%9B%BD%E6%B0%91%E5%81%A5%E5%BA%B7%E4%BF%9D%E9%99%BA%E4%B8%8A%E4%B8%AD%E8%A8%BA%E7%99%82%E6%89%80%20%E8%8B%A5%E7%8B%AD%E7%94%BA
介護老人保健施設　ゆなみ,通所リハビリ,福井県,若狭町,"介護,通所リハビリ,リハビリ",通所リハビリの公式オープンデータから取り込んだ候補です。詳細は公式情報・電話・見学で確認してください。,http://www.tsurugaonsen-hp.or.jp/yunami/,福井県三方上中郡若狭町岩屋61-31,0770-45-3200,厚生労働省オープンデータ,https://www.mhlw.go.jp/content/12300000/jigyosho_160.csv,2025-12末,https://www.google.com/search?q=%E4%BB%8B%E8%AD%B7%E8%80%81%E4%BA%BA%E4%BF%9D%E5%81%A5%E6%96%BD%E8%A8%AD%E3%80%80%E3%82%86%E3%81%AA%E3%81%BF%20%E8%8B%A5%E7%8B%AD%E7%94%BA
レイクヒルズ美方病院　指定（介護予防）通所リハビリテーション事業所,通所リハビリ,福井県,若狭町,"介護,通所リハビリ,リハビリ",通所リハビリの公式オープンデータから取り込んだ候補です。詳細は公式情報・電話・見学で確認してください。,http://www.obamahp-wakasa.jp/reiku/,福井県三方上中郡若狭町気山315-1-9,0770-45-1131,厚生労働省オープンデータ,https://www.mhlw.go.jp/content/12300000/jigyosho_160.csv,2025-12末,https://www.google.com/search?q=%E3%83%AC%E3%82%A4%E3%82%AF%E3%83%92%E3%83%AB%E3%82%BA%E7%BE%8E%E6%96%B9%E7%97%85%E9%99%A2%E3%80%80%E6%8C%87%E5%AE%9A%EF%BC%88%E4%BB%8B%E8%AD%B7%E4%BA%88%E9%98%B2%EF%BC%89%E9%80%9A%E6%89%80%E3%83%AA%E3%83%8F%E3%83%93%E3%83%AA%E3%83%86%E3%83%BC%E3%82%B7%E3%83%A7%E3%83%B3%E4%BA%8B%E6%A5%AD%E6%89%80%20%E8%8B%A5%E7%8B%AD%E7%94%BA
ショートステイあたご,ショートステイ,福井県,福井市,"介護,ショートステイ,一時利用",家族の休息や一時的な受け入れが必要な時に短期間利用するサービスです。,https://www.google.com/search?q=%E3%82%B7%E3%83%A7%E3%83%BC%E3%83%88%E3%82%B9%E3%83%86%E3%82%A4%E3%81%82%E3%81%9F%E3%81%94%20%E7%A6%8F%E4%BA%95%E5%B8%82,足羽5丁目5番17号,0776-33-7080,厚生労働省オープンデータ,https://www.mhlw.go.jp/content/12300000/jigyosho_210.csv,2025-12末,https://www.google.com/search?q=%E3%82%B7%E3%83%A7%E3%83%BC%E3%83%88%E3%82%B9%E3%83%86%E3%82%A4%E3%81%82%E3%81%9F%E3%81%94%20%E7%A6%8F%E4%BA%95%E5%B8%82
愛全園短期入所生活介護（ユニット型）,ショートステイ,福井県,福井市,"介護,ショートステイ,一時利用",家族の休息や一時的な受け入れが必要な時に短期間利用するサービスです。,http://www.asuwafukusikai.jp/aizenen/,福井県福井市丸山町４０－７,0776-53-5411,厚生労働省オープンデータ,https://www.mhlw.go.jp/content/12300000/jigyosho_210.csv,2025-12末,https://www.google.com/search?q=%E6%84%9B%E5%85%A8%E5%9C%92%E7%9F%AD%E6%9C%9F%E5%85%A5%E6%89%80%E7%94%9F%E6%B4%BB%E4%BB%8B%E8%AD%B7%EF%BC%88%E3%83%A6%E3%83%8B%E3%83%83%E3%83%88%E5%9E%8B%EF%BC%89%20%E7%A6%8F%E4%BA%95%E5%B8%82
ショートステイあすわ,ショートステイ,福井県,福井市,"介護,ショートステイ,一時利用",家族の休息や一時的な受け入れが必要な時に短期間利用するサービスです。,http://www.jyuzenkai.com/,福井県福井市下馬3丁目511番地,0776-34-3100,厚生労働省オープンデータ,https://www.mhlw.go.jp/content/12300000/jigyosho_210.csv,2025-12末,https://www.google.com/search?q=%E3%82%B7%E3%83%A7%E3%83%BC%E3%83%88%E3%82%B9%E3%83%86%E3%82%A4%E3%81%82%E3%81%99%E3%82%8F%20%E7%A6%8F%E4%BA%95%E5%B8%82
ショートステイさくら,ショートステイ,福井県,福井市,"介護,ショートステイ,一時利用",家族の休息や一時的な受け入れが必要な時に短期間利用するサービスです。,http://sensuikai.jp,福井市花堂東2丁目408,0776-34-3606,厚生労働省オープンデータ,https://www.mhlw.go.jp/content/12300000/jigyosho_210.csv,2025-12末,https://www.google.com/search?q=%E3%82%B7%E3%83%A7%E3%83%BC%E3%83%88%E3%82%B9%E3%83%86%E3%82%A4%E3%81%95%E3%81%8F%E3%82%89%20%E7%A6%8F%E4%BA%95%E5%B8%82
ショートステイ　愛寿苑,ショートステイ,福井県,福井市,"介護,ショートステイ,一時利用",家族の休息や一時的な受け入れが必要な時に短期間利用するサービスです。,http://www.aijuen.com/,福井市若杉2丁目601,0776-34-5100,厚生労働省オープンデータ,https://www.mhlw.go.jp/content/12300000/jigyosho_210.csv,2025-12末,https://www.google.com/search?q=%E3%82%B7%E3%83%A7%E3%83%BC%E3%83%88%E3%82%B9%E3%83%86%E3%82%A4%E3%80%80%E6%84%9B%E5%AF%BF%E8%8B%91%20%E7%A6%8F%E4%BA%95%E5%B8%82
短期入所生活介護　あさくら苑,ショートステイ,福井県,福井市,"介護,ショートステイ,一時利用",家族の休息や一時的な受け入れが必要な時に短期間利用するサービスです。,http://www.asakuraen.jp,福井市下六条町18-32,0776-41-8400,厚生労働省オープンデータ,https://www.mhlw.go.jp/content/12300000/jigyosho_210.csv,2025-12末,https://www.google.com/search?q=%E7%9F%AD%E6%9C%9F%E5%85%A5%E6%89%80%E7%94%9F%E6%B4%BB%E4%BB%8B%E8%AD%B7%E3%80%80%E3%81%82%E3%81%95%E3%81%8F%E3%82%89%E8%8B%91%20%E7%A6%8F%E4%BA%95%E5%B8%82
山翠苑,ショートステイ,福井県,福井市,"介護,ショートステイ,一時利用",家族の休息や一時的な受け入れが必要な時に短期間利用するサービスです。,http://www.sansuien.jp/,福井市堅達町２４－１,0776-53-2586,厚生労働省オープンデータ,https://www.mhlw.go.jp/content/12300000/jigyosho_210.csv,2025-12末,https://www.google.com/search?q=%E5%B1%B1%E7%BF%A0%E8%8B%91%20%E7%A6%8F%E4%BA%95%E5%B8%82
新田塚ハウス,ショートステイ,福井県,福井市,"介護,ショートステイ,一時利用",家族の休息や一時的な受け入れが必要な時に短期間利用するサービスです。,http://www.f-gh.jp/house/,福井県福井市江上町55-5,0776-59-1800,厚生労働省オープンデータ,https://www.mhlw.go.jp/content/12300000/jigyosho_210.csv,2025-12末,https://www.google.com/search?q=%E6%96%B0%E7%94%B0%E5%A1%9A%E3%83%8F%E3%82%A6%E3%82%B9%20%E7%A6%8F%E4%BA%95%E5%B8%82
特別養護老人ホーム　藤島園,ショートステイ,福井県,福井市,"介護,ショートステイ,一時利用",家族の休息や一時的な受け入れが必要な時に短期間利用するサービスです。,http://www.fujishimaen.or.jp/,福井市高木中央３－１７０１,0776-52-1166,厚生労働省オープンデータ,https://www.mhlw.go.jp/content/12300000/jigyosho_210.csv,2025-12末,https://www.google.com/search?q=%E7%89%B9%E5%88%A5%E9%A4%8A%E8%AD%B7%E8%80%81%E4%BA%BA%E3%83%9B%E3%83%BC%E3%83%A0%E3%80%80%E8%97%A4%E5%B3%B6%E5%9C%92%20%E7%A6%8F%E4%BA%95%E5%B8%82
高雄苑,ショートステイ,福井県,福井市,"介護,ショートステイ,一時利用",家族の休息や一時的な受け入れが必要な時に短期間利用するサービスです。,http://www.takaoen.jp/,福井県福井市本堂町５１字３３番地,0776-37-0116,厚生労働省オープンデータ,https://www.mhlw.go.jp/content/12300000/jigyosho_210.csv,2025-12末,https://www.google.com/search?q=%E9%AB%98%E9%9B%84%E8%8B%91%20%E7%A6%8F%E4%BA%95%E5%B8%82
あさむつ苑ショートステイ,ショートステイ,福井県,福井市,"介護,ショートステイ,一時利用",家族の休息や一時的な受け入れが必要な時に短期間利用するサービスです。,http://www.asamutuen.jp/,福井市引目町第21号9番地の2,0776-38-9280,厚生労働省オープンデータ,https://www.mhlw.go.jp/content/12300000/jigyosho_210.csv,2025-12末,https://www.google.com/search?q=%E3%81%82%E3%81%95%E3%82%80%E3%81%A4%E8%8B%91%E3%82%B7%E3%83%A7%E3%83%BC%E3%83%88%E3%82%B9%E3%83%86%E3%82%A4%20%E7%A6%8F%E4%BA%95%E5%B8%82
悠和園,ショートステイ,福井県,福井市,"介護,ショートステイ,一時利用",家族の休息や一時的な受け入れが必要な時に短期間利用するサービスです。,http://www.yuwaen.jp,福井県福井市免鳥町22-74,0776-87-2161,厚生労働省オープンデータ,https://www.mhlw.go.jp/content/12300000/jigyosho_210.csv,2025-12末,https://www.google.com/search?q=%E6%82%A0%E5%92%8C%E5%9C%92%20%E7%A6%8F%E4%BA%95%E5%B8%82
宝珠苑短期入所生活介護事業所,ショートステイ,福井県,福井市,"介護,ショートステイ,一時利用",家族の休息や一時的な受け入れが必要な時に短期間利用するサービスです。,http://www.houjuen.org/,福井市内山梨子町2-3-1,0776-83-1373,厚生労働省オープンデータ,https://www.mhlw.go.jp/content/12300000/jigyosho_210.csv,2025-12末,https://www.google.com/search?q=%E5%AE%9D%E7%8F%A0%E8%8B%91%E7%9F%AD%E6%9C%9F%E5%85%A5%E6%89%80%E7%94%9F%E6%B4%BB%E4%BB%8B%E8%AD%B7%E4%BA%8B%E6%A5%AD%E6%89%80%20%E7%A6%8F%E4%BA%95%E5%B8%82
たんぽぽ苑,ショートステイ,福井県,福井市,"介護,ショートステイ,一時利用",家族の休息や一時的な受け入れが必要な時に短期間利用するサービスです。,https://www.tanpopoen-senjukai.com,福井市石盛３丁目３０１番地,0776-56-0992,厚生労働省オープンデータ,https://www.mhlw.go.jp/content/12300000/jigyosho_210.csv,2025-12末,https://www.google.com/search?q=%E3%81%9F%E3%82%93%E3%81%BD%E3%81%BD%E8%8B%91%20%E7%A6%8F%E4%BA%95%E5%B8%82
足羽利生苑,ショートステイ,福井県,福井市,"介護,ショートステイ,一時利用",家族の休息や一時的な受け入れが必要な時に短期間利用するサービスです。,http://www.asuwafukushikai.jp/,福井県福井市栂野町20-7,0776-41-3121,厚生労働省オープンデータ,https://www.mhlw.go.jp/content/12300000/jigyosho_210.csv,2025-12末,https://www.google.com/search?q=%E8%B6%B3%E7%BE%BD%E5%88%A9%E7%94%9F%E8%8B%91%20%E7%A6%8F%E4%BA%95%E5%B8%82
愛全園ショートステイサービスセンター,ショートステイ,福井県,福井市,"介護,ショートステイ,一時利用",家族の休息や一時的な受け入れが必要な時に短期間利用するサービスです。,http://www.asuwafukushikai.jp,福井市丸山町40-7,0776-53-5411,厚生労働省オープンデータ,https://www.mhlw.go.jp/content/12300000/jigyosho_210.csv,2025-12末,https://www.google.com/search?q=%E6%84%9B%E5%85%A8%E5%9C%92%E3%82%B7%E3%83%A7%E3%83%BC%E3%83%88%E3%82%B9%E3%83%86%E3%82%A4%E3%82%B5%E3%83%BC%E3%83%93%E3%82%B9%E3%82%BB%E3%83%B3%E3%82%BF%E3%83%BC%20%E7%A6%8F%E4%BA%95%E5%B8%82
短期入所生活介護事業所　文珠苑,ショートステイ,福井県,福井市,"介護,ショートステイ,一時利用",家族の休息や一時的な受け入れが必要な時に短期間利用するサービスです。,https://www.monjuen.com,福井県福井市北山町第35号5番地の１,0776-41-7500,厚生労働省オープンデータ,https://www.mhlw.go.jp/content/12300000/jigyosho_210.csv,2025-12末,https://www.google.com/search?q=%E7%9F%AD%E6%9C%9F%E5%85%A5%E6%89%80%E7%94%9F%E6%B4%BB%E4%BB%8B%E8%AD%B7%E4%BA%8B%E6%A5%AD%E6%89%80%E3%80%80%E6%96%87%E7%8F%A0%E8%8B%91%20%E7%A6%8F%E4%BA%95%E5%B8%82
指定介護老人福祉施設　美山貴寿苑,ショートステイ,福井県,福井市,"介護,ショートステイ,一時利用",家族の休息や一時的な受け入れが必要な時に短期間利用するサービスです。,https://miyamakijuen.jp/,福井市市波町３１－２,0776-96-4150,厚生労働省オープンデータ,https://www.mhlw.go.jp/content/12300000/jigyosho_210.csv,2025-12末,https://www.google.com/search?q=%E6%8C%87%E5%AE%9A%E4%BB%8B%E8%AD%B7%E8%80%81%E4%BA%BA%E7%A6%8F%E7%A5%89%E6%96%BD%E8%A8%AD%E3%80%80%E7%BE%8E%E5%B1%B1%E8%B2%B4%E5%AF%BF%E8%8B%91%20%E7%A6%8F%E4%BA%95%E5%B8%82
すみれ荘,ショートステイ,福井県,福井市,"介護,ショートステイ,一時利用",家族の休息や一時的な受け入れが必要な時に短期間利用するサービスです。,http://www.s-shinseikai.jp,福井市島寺町８３－１,0776-98-5550,厚生労働省オープンデータ,https://www.mhlw.go.jp/content/12300000/jigyosho_210.csv,2025-12末,https://www.google.com/search?q=%E3%81%99%E3%81%BF%E3%82%8C%E8%8D%98%20%E7%A6%8F%E4%BA%95%E5%B8%82
こしの渚苑,ショートステイ,福井県,福井市,"介護,ショートステイ,一時利用",家族の休息や一時的な受け入れが必要な時に短期間利用するサービスです。,http://www.koshinonagisaen.com/,福井県福井市蒲生町１－９０－１,0776-89-2110,厚生労働省オープンデータ,https://www.mhlw.go.jp/content/12300000/jigyosho_210.csv,2025-12末,https://www.google.com/search?q=%E3%81%93%E3%81%97%E3%81%AE%E6%B8%9A%E8%8B%91%20%E7%A6%8F%E4%BA%95%E5%B8%82
コスモス老人短期入所事業所,ショートステイ,福井県,福井市,"介護,ショートステイ,一時利用",家族の休息や一時的な受け入れが必要な時に短期間利用するサービスです。,http://www.ht-cosmos.or.jp/,福井県福井市帆谷町1字外山33,0776-38-1159,厚生労働省オープンデータ,https://www.mhlw.go.jp/content/12300000/jigyosho_210.csv,2025-12末,https://www.google.com/search?q=%E3%82%B3%E3%82%B9%E3%83%A2%E3%82%B9%E8%80%81%E4%BA%BA%E7%9F%AD%E6%9C%9F%E5%85%A5%E6%89%80%E4%BA%8B%E6%A5%AD%E6%89%80%20%E7%A6%8F%E4%BA%95%E5%B8%82
六条ホームやわらぎ,ショートステイ,福井県,福井市,"介護,ショートステイ,一時利用",家族の休息や一時的な受け入れが必要な時に短期間利用するサービスです。,https://rokujyokoseikai.jp/,福井県福井市下六条町217-4,0776-41-8600,厚生労働省オープンデータ,https://www.mhlw.go.jp/content/12300000/jigyosho_210.csv,2025-12末,https://www.google.com/search?q=%E5%85%AD%E6%9D%A1%E3%83%9B%E3%83%BC%E3%83%A0%E3%82%84%E3%82%8F%E3%82%89%E3%81%8E%20%E7%A6%8F%E4%BA%95%E5%B8%82
福井板垣ケアセンターそよ風,ショートステイ,福井県,福井市,"介護,ショートステイ,一時利用",家族の休息や一時的な受け入れが必要な時に短期間利用するサービスです。,https://www.sykz.jp,福井県福井市下馬3丁目102,0776-36-1730,厚生労働省オープンデータ,https://www.mhlw.go.jp/content/12300000/jigyosho_210.csv,2025-12末,https://www.google.com/search?q=%E7%A6%8F%E4%BA%95%E6%9D%BF%E5%9E%A3%E3%82%B1%E3%82%A2%E3%82%BB%E3%83%B3%E3%82%BF%E3%83%BC%E3%81%9D%E3%82%88%E9%A2%A8%20%E7%A6%8F%E4%BA%95%E5%B8%82
かわにし苑,ショートステイ,福井県,福井市,"介護,ショートステイ,一時利用",家族の休息や一時的な受け入れが必要な時に短期間利用するサービスです。,http://kawanishien.com,福井市砂子坂町9-5,0776-83-1055,厚生労働省オープンデータ,https://www.mhlw.go.jp/content/12300000/jigyosho_210.csv,2025-12末,https://www.google.com/search?q=%E3%81%8B%E3%82%8F%E3%81%AB%E3%81%97%E8%8B%91%20%E7%A6%8F%E4%BA%95%E5%B8%82
ほたるの杜,ショートステイ,福井県,福井市,"介護,ショートステイ,一時利用",家族の休息や一時的な受け入れが必要な時に短期間利用するサービスです。,http://takaoen.jp,羽坂町33-1ｰ１,（0776）37ｰ0115,厚生労働省オープンデータ,https://www.mhlw.go.jp/content/12300000/jigyosho_210.csv,2025-12末,https://www.google.com/search?q=%E3%81%BB%E3%81%9F%E3%82%8B%E3%81%AE%E6%9D%9C%20%E7%A6%8F%E4%BA%95%E5%B8%82
モアヤング　こもれびホーム,ショートステイ,福井県,福井市,"介護,ショートステイ,一時利用",家族の休息や一時的な受け入れが必要な時に短期間利用するサービスです。,http://www.moreyoung.jp/,福井県福井市和田中町東沖田30番地の1,0776-28-3787,厚生労働省オープンデータ,https://www.mhlw.go.jp/content/12300000/jigyosho_210.csv,2025-12末,https://www.google.com/search?q=%E3%83%A2%E3%82%A2%E3%83%A4%E3%83%B3%E3%82%B0%E3%80%80%E3%81%93%E3%82%82%E3%82%8C%E3%81%B3%E3%83%9B%E3%83%BC%E3%83%A0%20%E7%A6%8F%E4%BA%95%E5%B8%82
短期入所生活介護センター　なの花,ショートステイ,福井県,福井市,"介護,ショートステイ,一時利用",家族の休息や一時的な受け入れが必要な時に短期間利用するサービスです。,http://www.nanohana-f.com/,福井市加茂河原３丁目1－22,0776-36-8784,厚生労働省オープンデータ,https://www.mhlw.go.jp/content/12300000/jigyosho_210.csv,2025-12末,https://www.google.com/search?q=%E7%9F%AD%E6%9C%9F%E5%85%A5%E6%89%80%E7%94%9F%E6%B4%BB%E4%BB%8B%E8%AD%B7%E3%82%BB%E3%83%B3%E3%82%BF%E3%83%BC%E3%80%80%E3%81%AA%E3%81%AE%E8%8A%B1%20%E7%A6%8F%E4%BA%95%E5%B8%82
六条ホームやわらぎ,ショートステイ,福井県,福井市,"介護,ショートステイ,一時利用",家族の休息や一時的な受け入れが必要な時に短期間利用するサービスです。,https://rokujyokoseikai.jp/care/rokujyo-home/,福井県福井市下六条町２１７番４,0776-41-8600,厚生労働省オープンデータ,https://www.mhlw.go.jp/content/12300000/jigyosho_210.csv,2025-12末,https://www.google.com/search?q=%E5%85%AD%E6%9D%A1%E3%83%9B%E3%83%BC%E3%83%A0%E3%82%84%E3%82%8F%E3%82%89%E3%81%8E%20%E7%A6%8F%E4%BA%95%E5%B8%82
第二ひかり苑泉の郷,ショートステイ,福井県,福井市,"介護,ショートステイ,一時利用",家族の休息や一時的な受け入れが必要な時に短期間利用するサービスです。,http://www.hikarigroup.jp,福井市今泉町25字15-1,0776-52-1300,厚生労働省オープンデータ,https://www.mhlw.go.jp/content/12300000/jigyosho_210.csv,2025-12末,https://www.google.com/search?q=%E7%AC%AC%E4%BA%8C%E3%81%B2%E3%81%8B%E3%82%8A%E8%8B%91%E6%B3%89%E3%81%AE%E9%83%B7%20%E7%A6%8F%E4%BA%95%E5%B8%82
東安居苑　短期入所,ショートステイ,福井県,福井市,"介護,ショートステイ,一時利用",家族の休息や一時的な受け入れが必要な時に短期間利用するサービスです。,http://www.kenrakukai.jp/higashiago/,福井市大瀬町２３－１０１,0776-35-0838,厚生労働省オープンデータ,https://www.mhlw.go.jp/content/12300000/jigyosho_210.csv,2025-12末,https://www.google.com/search?q=%E6%9D%B1%E5%AE%89%E5%B1%85%E8%8B%91%E3%80%80%E7%9F%AD%E6%9C%9F%E5%85%A5%E6%89%80%20%E7%A6%8F%E4%BA%95%E5%B8%82
松本ホームやわらぎ,ショートステイ,福井県,福井市,"介護,ショートステイ,一時利用",家族の休息や一時的な受け入れが必要な時に短期間利用するサービスです。,https://rokujyokoseikai.jp/care/matsumoto-home/,福井市松本1丁目2-19,0776-26-4165,厚生労働省オープンデータ,https://www.mhlw.go.jp/content/12300000/jigyosho_210.csv,2025-12末,https://www.google.com/search?q=%E6%9D%BE%E6%9C%AC%E3%83%9B%E3%83%BC%E3%83%A0%E3%82%84%E3%82%8F%E3%82%89%E3%81%8E%20%E7%A6%8F%E4%BA%95%E5%B8%82
第２藤島園　そよかぜホーム,ショートステイ,福井県,福井市,"介護,ショートステイ,一時利用",家族の休息や一時的な受け入れが必要な時に短期間利用するサービスです。,http://www.fujishimaen.or.jp,福井県福井市河合勝見町４号２４－１,0776-55-1313,厚生労働省オープンデータ,https://www.mhlw.go.jp/content/12300000/jigyosho_210.csv,2025-12末,https://www.google.com/search?q=%E7%AC%AC%EF%BC%92%E8%97%A4%E5%B3%B6%E5%9C%92%E3%80%80%E3%81%9D%E3%82%88%E3%81%8B%E3%81%9C%E3%83%9B%E3%83%BC%E3%83%A0%20%E7%A6%8F%E4%BA%95%E5%B8%82
ショートステイ　桜手苑,ショートステイ,福井県,福井市,"介護,ショートステイ,一時利用",家族の休息や一時的な受け入れが必要な時に短期間利用するサービスです。,http://ooteen.org,福井県福井市大手2丁目22番18号,0776-26-7070,厚生労働省オープンデータ,https://www.mhlw.go.jp/content/12300000/jigyosho_210.csv,2025-12末,https://www.google.com/search?q=%E3%82%B7%E3%83%A7%E3%83%BC%E3%83%88%E3%82%B9%E3%83%86%E3%82%A4%E3%80%80%E6%A1%9C%E6%89%8B%E8%8B%91%20%E7%A6%8F%E4%BA%95%E5%B8%82
あるば・あい,ショートステイ,福井県,福井市,"介護,ショートステイ,一時利用",家族の休息や一時的な受け入れが必要な時に短期間利用するサービスです。,http://www.maroon.dti.ne.jp/fukujukai/index.html,福井県福井市日之出3丁目　16-18,0776-21-0181,厚生労働省オープンデータ,https://www.mhlw.go.jp/content/12300000/jigyosho_210.csv,2025-12末,https://www.google.com/search?q=%E3%81%82%E3%82%8B%E3%81%B0%E3%83%BB%E3%81%82%E3%81%84%20%E7%A6%8F%E4%BA%95%E5%B8%82
ショートステイつぐみ,ショートステイ,福井県,福井市,"介護,ショートステイ,一時利用",家族の休息や一時的な受け入れが必要な時に短期間利用するサービスです。,https://www.google.com/search?q=%E3%82%B7%E3%83%A7%E3%83%BC%E3%83%88%E3%82%B9%E3%83%86%E3%82%A4%E3%81%A4%E3%81%90%E3%81%BF%20%E7%A6%8F%E4%BA%95%E5%B8%82,福井県福井市渕1丁目2215番地,0776-97-8305,厚生労働省オープンデータ,https://www.mhlw.go.jp/content/12300000/jigyosho_210.csv,2025-12末,https://www.google.com/search?q=%E3%82%B7%E3%83%A7%E3%83%BC%E3%83%88%E3%82%B9%E3%83%86%E3%82%A4%E3%81%A4%E3%81%90%E3%81%BF%20%E7%A6%8F%E4%BA%95%E5%B8%82
ほっとリハビリショートステイ福井,ショートステイ,福井県,福井市,"介護,ショートステイ,一時利用",家族の休息や一時的な受け入れが必要な時に短期間利用するサービスです。,http://www.hotreha.com,福井県福井市大和田2丁目2101ほっと地域包括ケアセンター福井北,0776-57-1055,厚生労働省オープンデータ,https://www.mhlw.go.jp/content/12300000/jigyosho_210.csv,2025-12末,https://www.google.com/search?q=%E3%81%BB%E3%81%A3%E3%81%A8%E3%83%AA%E3%83%8F%E3%83%93%E3%83%AA%E3%82%B7%E3%83%A7%E3%83%BC%E3%83%88%E3%82%B9%E3%83%86%E3%82%A4%E7%A6%8F%E4%BA%95%20%E7%A6%8F%E4%BA%95%E5%B8%82
花むつ苑　ショートステイ,ショートステイ,福井県,福井市,"介護,ショートステイ,一時利用",家族の休息や一時的な受け入れが必要な時に短期間利用するサービスです。,http://www.asamutuen.jp/,福井市花堂中1丁目5－6,0776-34-8762,厚生労働省オープンデータ,https://www.mhlw.go.jp/content/12300000/jigyosho_210.csv,2025-12末,https://www.google.com/search?q=%E8%8A%B1%E3%82%80%E3%81%A4%E8%8B%91%E3%80%80%E3%82%B7%E3%83%A7%E3%83%BC%E3%83%88%E3%82%B9%E3%83%86%E3%82%A4%20%E7%A6%8F%E4%BA%95%E5%B8%82
いちごショートステイ,ショートステイ,福井県,福井市,"介護,ショートステイ,一時利用",家族の休息や一時的な受け入れが必要な時に短期間利用するサービスです。,http://www.kenkoukai.or.jp,福井市西方1丁目2-11いちご在宅支援センター3階,0776-23-1505,厚生労働省オープンデータ,https://www.mhlw.go.jp/content/12300000/jigyosho_210.csv,2025-12末,https://www.google.com/search?q=%E3%81%84%E3%81%A1%E3%81%94%E3%82%B7%E3%83%A7%E3%83%BC%E3%83%88%E3%82%B9%E3%83%86%E3%82%A4%20%E7%A6%8F%E4%BA%95%E5%B8%82
ヴィルヌーブあさくらショートステイ,ショートステイ,福井県,福井市,"介護,ショートステイ,一時利用",家族の休息や一時的な受け入れが必要な時に短期間利用するサービスです。,http://www.asakuraen.jp/,豊島1丁目2番13号,0776-30-0750,厚生労働省オープンデータ,https://www.mhlw.go.jp/content/12300000/jigyosho_210.csv,2025-12末,https://www.google.com/search?q=%E3%83%B4%E3%82%A3%E3%83%AB%E3%83%8C%E3%83%BC%E3%83%96%E3%81%82%E3%81%95%E3%81%8F%E3%82%89%E3%82%B7%E3%83%A7%E3%83%BC%E3%83%88%E3%82%B9%E3%83%86%E3%82%A4%20%E7%A6%8F%E4%BA%95%E5%B8%82
ショートステイ　眞盛苑,ショートステイ,福井県,敦賀市,"介護,ショートステイ,一時利用",家族の休息や一時的な受け入れが必要な時に短期間利用するサービスです。,http://www.jishoukai.jp,福井県敦賀市莇生野90号3番,0770-21-6161,厚生労働省オープンデータ,https://www.mhlw.go.jp/content/12300000/jigyosho_210.csv,2025-12末,https://www.google.com/search?q=%E3%82%B7%E3%83%A7%E3%83%BC%E3%83%88%E3%82%B9%E3%83%86%E3%82%A4%E3%80%80%E7%9C%9E%E7%9B%9B%E8%8B%91%20%E6%95%A6%E8%B3%80%E5%B8%82
ほっとリハビリショートステイ敦賀,ショートステイ,福井県,敦賀市,"介護,ショートステイ,一時利用",家族の休息や一時的な受け入れが必要な時に短期間利用するサービスです。,http://hotreha.com,敦賀市沓見141-2-1ほっとライフサポートセンター敦賀,0770-37-1000,厚生労働省オープンデータ,https://www.mhlw.go.jp/content/12300000/jigyosho_210.csv,2025-12末,https://www.google.com/search?q=%E3%81%BB%E3%81%A3%E3%81%A8%E3%83%AA%E3%83%8F%E3%83%93%E3%83%AA%E3%82%B7%E3%83%A7%E3%83%BC%E3%83%88%E3%82%B9%E3%83%86%E3%82%A4%E6%95%A6%E8%B3%80%20%E6%95%A6%E8%B3%80%E5%B8%82
ショートステイ眞盛苑,ショートステイ,福井県,敦賀市,"介護,ショートステイ,一時利用",家族の休息や一時的な受け入れが必要な時に短期間利用するサービスです。,http://www.jishoukai.jp,敦賀市荕生野９０号３番,0770－21－6161,厚生労働省オープンデータ,https://www.mhlw.go.jp/content/12300000/jigyosho_210.csv,2025-12末,https://www.google.com/search?q=%E3%82%B7%E3%83%A7%E3%83%BC%E3%83%88%E3%82%B9%E3%83%86%E3%82%A4%E7%9C%9E%E7%9B%9B%E8%8B%91%20%E6%95%A6%E8%B3%80%E5%B8%82
第3渓山荘あおぞらショートステイ,ショートステイ,福井県,敦賀市,"介護,ショートステイ,一時利用",家族の休息や一時的な受け入れが必要な時に短期間利用するサービスです。,https://kjinkai.jp/,福井県敦賀市松島町2-6-35,0770-22-8570,厚生労働省オープンデータ,https://www.mhlw.go.jp/content/12300000/jigyosho_210.csv,2025-12末,https://www.google.com/search?q=%E7%AC%AC3%E6%B8%93%E5%B1%B1%E8%8D%98%E3%81%82%E3%81%8A%E3%81%9E%E3%82%89%E3%82%B7%E3%83%A7%E3%83%BC%E3%83%88%E3%82%B9%E3%83%86%E3%82%A4%20%E6%95%A6%E8%B3%80%E5%B8%82
第2渓山荘ぽっぽショートステイ,ショートステイ,福井県,敦賀市,"介護,ショートステイ,一時利用",家族の休息や一時的な受け入れが必要な時に短期間利用するサービスです。,https://www.kjinkai.jp,福井県敦賀市鉄輪町1丁目2－57,0770-21-1515,厚生労働省オープンデータ,https://www.mhlw.go.jp/content/12300000/jigyosho_210.csv,2025-12末,https://www.google.com/search?q=%E7%AC%AC2%E6%B8%93%E5%B1%B1%E8%8D%98%E3%81%BD%E3%81%A3%E3%81%BD%E3%82%B7%E3%83%A7%E3%83%BC%E3%83%88%E3%82%B9%E3%83%86%E3%82%A4%20%E6%95%A6%E8%B3%80%E5%B8%82
渓山荘ショートステイ,ショートステイ,福井県,敦賀市,"介護,ショートステイ,一時利用",家族の休息や一時的な受け入れが必要な時に短期間利用するサービスです。,http://www.kjinkai.jp,福井県敦賀市中８１－１－５,0770-24-2288,厚生労働省オープンデータ,https://www.mhlw.go.jp/content/12300000/jigyosho_210.csv,2025-12末,https://www.google.com/search?q=%E6%B8%93%E5%B1%B1%E8%8D%98%E3%82%B7%E3%83%A7%E3%83%BC%E3%83%88%E3%82%B9%E3%83%86%E3%82%A4%20%E6%95%A6%E8%B3%80%E5%B8%82
地域密着型介護老人福祉施設　若狭東ハイツ,ショートステイ,福井県,小浜市,"介護,ショートステイ,一時利用",家族の休息や一時的な受け入れが必要な時に短期間利用するサービスです。,http://www.wakasa-fukushikai.com,福井県小浜市遠敷４８号１０番１,0770-56-2940,厚生労働省オープンデータ,https://www.mhlw.go.jp/content/12300000/jigyosho_210.csv,2025-12末,https://www.google.com/search?q=%E5%9C%B0%E5%9F%9F%E5%AF%86%E7%9D%80%E5%9E%8B%E4%BB%8B%E8%AD%B7%E8%80%81%E4%BA%BA%E7%A6%8F%E7%A5%89%E6%96%BD%E8%A8%AD%E3%80%80%E8%8B%A5%E7%8B%AD%E6%9D%B1%E3%83%8F%E3%82%A4%E3%83%84%20%E5%B0%8F%E6%B5%9C%E5%B8%82
若狭ハイツ　ショートステイ,ショートステイ,福井県,小浜市,"介護,ショートステイ,一時利用",家族の休息や一時的な受け入れが必要な時に短期間利用するサービスです。,http://wakasa-fukushikai.com,小浜市阿納尻第５９号９番地の１,0770-53-2940,厚生労働省オープンデータ,https://www.mhlw.go.jp/content/12300000/jigyosho_210.csv,2025-12末,https://www.google.com/search?q=%E8%8B%A5%E7%8B%AD%E3%83%8F%E3%82%A4%E3%83%84%E3%80%80%E3%82%B7%E3%83%A7%E3%83%BC%E3%83%88%E3%82%B9%E3%83%86%E3%82%A4%20%E5%B0%8F%E6%B5%9C%E5%B8%82
もみじの里,ショートステイ,福井県,小浜市,"介護,ショートステイ,一時利用",家族の休息や一時的な受け入れが必要な時に短期間利用するサービスです。,http://www.momijist.jp/,福井県小浜市東勢11号3番,0770-52-0084,厚生労働省オープンデータ,https://www.mhlw.go.jp/content/12300000/jigyosho_210.csv,2025-12末,https://www.google.com/search?q=%E3%82%82%E3%81%BF%E3%81%98%E3%81%AE%E9%87%8C%20%E5%B0%8F%E6%B5%9C%E5%B8%82
特別養護老人ホームひまわり荘,ショートステイ,福井県,小浜市,"介護,ショートステイ,一時利用",家族の休息や一時的な受け入れが必要な時に短期間利用するサービスです。,http://www.sekishin-himawari.or.jp/,福井県小浜市加茂2-52,0770-57-2120,厚生労働省オープンデータ,https://www.mhlw.go.jp/content/12300000/jigyosho_210.csv,2025-12末,https://www.google.com/search?q=%E7%89%B9%E5%88%A5%E9%A4%8A%E8%AD%B7%E8%80%81%E4%BA%BA%E3%83%9B%E3%83%BC%E3%83%A0%E3%81%B2%E3%81%BE%E3%82%8F%E3%82%8A%E8%8D%98%20%E5%B0%8F%E6%B5%9C%E5%B8%82
森目ホーム　ぶる～夢,ショートステイ,福井県,大野市,"介護,ショートステイ,一時利用",家族の休息や一時的な受け入れが必要な時に短期間利用するサービスです。,http://www14.plala.or.jp/yawaragi/kaigo/index.html,森目6-16-3,0779-64-5689,厚生労働省オープンデータ,https://www.mhlw.go.jp/content/12300000/jigyosho_210.csv,2025-12末,https://www.google.com/search?q=%E6%A3%AE%E7%9B%AE%E3%83%9B%E3%83%BC%E3%83%A0%E3%80%80%E3%81%B6%E3%82%8B%EF%BD%9E%E5%A4%A2%20%E5%A4%A7%E9%87%8E%E5%B8%82
わらびの郷,ショートステイ,福井県,大野市,"介護,ショートステイ,一時利用",家族の休息や一時的な受け入れが必要な時に短期間利用するサービスです。,http://www.saiseikai-seiwaen.jp/,福井県大野市蕨生158-35,0779-66-3307,厚生労働省オープンデータ,https://www.mhlw.go.jp/content/12300000/jigyosho_210.csv,2025-12末,https://www.google.com/search?q=%E3%82%8F%E3%82%89%E3%81%B3%E3%81%AE%E9%83%B7%20%E5%A4%A7%E9%87%8E%E5%B8%82
大野和光園ショートステイ事業所,ショートステイ,福井県,大野市,"介護,ショートステイ,一時利用",家族の休息や一時的な受け入れが必要な時に短期間利用するサービスです。,http://www.ono-wakouen.jp/,福井県大野市篠座７９号１１番地,0779-66-2551,厚生労働省オープンデータ,https://www.mhlw.go.jp/content/12300000/jigyosho_210.csv,2025-12末,https://www.google.com/search?q=%E5%A4%A7%E9%87%8E%E5%92%8C%E5%85%89%E5%9C%92%E3%82%B7%E3%83%A7%E3%83%BC%E3%83%88%E3%82%B9%E3%83%86%E3%82%A4%E4%BA%8B%E6%A5%AD%E6%89%80%20%E5%A4%A7%E9%87%8E%E5%B8%82
大野和光園　ショートステイ事業所,ショートステイ,福井県,大野市,"介護,ショートステイ,一時利用",家族の休息や一時的な受け入れが必要な時に短期間利用するサービスです。,http://www.ono-wakouen.jp/,福井県大野市篠座７９号１１番地,０７７９－６６－２５５１,厚生労働省オープンデータ,https://www.mhlw.go.jp/content/12300000/jigyosho_210.csv,2025-12末,https://www.google.com/search?q=%E5%A4%A7%E9%87%8E%E5%92%8C%E5%85%89%E5%9C%92%E3%80%80%E3%82%B7%E3%83%A7%E3%83%BC%E3%83%88%E3%82%B9%E3%83%86%E3%82%A4%E4%BA%8B%E6%A5%AD%E6%89%80%20%E5%A4%A7%E9%87%8E%E5%B8%82
短期入所生活介護　ルンビニー花園,ショートステイ,福井県,大野市,"介護,ショートステイ,一時利用",家族の休息や一時的な受け入れが必要な時に短期間利用するサービスです。,http://fuku-koumyouji.jp/,大野市牛ヶ原１５４-１-１,0779-65-7137,厚生労働省オープンデータ,https://www.mhlw.go.jp/content/12300000/jigyosho_210.csv,2025-12末,https://www.google.com/search?q=%E7%9F%AD%E6%9C%9F%E5%85%A5%E6%89%80%E7%94%9F%E6%B4%BB%E4%BB%8B%E8%AD%B7%E3%80%80%E3%83%AB%E3%83%B3%E3%83%93%E3%83%8B%E3%83%BC%E8%8A%B1%E5%9C%92%20%E5%A4%A7%E9%87%8E%E5%B8%82
大野和光園　和らぎの里　ショートステイ事業所,ショートステイ,福井県,大野市,"介護,ショートステイ,一時利用",家族の休息や一時的な受け入れが必要な時に短期間利用するサービスです。,http://www.ono-wakouen.jp/,福井県大野市春日3丁目1718番地,0779-66-3011,厚生労働省オープンデータ,https://www.mhlw.go.jp/content/12300000/jigyosho_210.csv,2025-12末,https://www.google.com/search?q=%E5%A4%A7%E9%87%8E%E5%92%8C%E5%85%89%E5%9C%92%E3%80%80%E5%92%8C%E3%82%89%E3%81%8E%E3%81%AE%E9%87%8C%E3%80%80%E3%82%B7%E3%83%A7%E3%83%BC%E3%83%88%E3%82%B9%E3%83%86%E3%82%A4%E4%BA%8B%E6%A5%AD%E6%89%80%20%E5%A4%A7%E9%87%8E%E5%B8%82
介護老人福祉施設ビハーラ大野　短期入所生活介護（空床利用型）,ショートステイ,福井県,大野市,"介護,ショートステイ,一時利用",家族の休息や一時的な受け入れが必要な時に短期間利用するサービスです。,http://www.fuku*koumyouki.jp,福井県大野市牛ヶ原１５４－１－１,0779-66-1850,厚生労働省オープンデータ,https://www.mhlw.go.jp/content/12300000/jigyosho_210.csv,2025-12末,https://www.google.com/search?q=%E4%BB%8B%E8%AD%B7%E8%80%81%E4%BA%BA%E7%A6%8F%E7%A5%89%E6%96%BD%E8%A8%AD%E3%83%93%E3%83%8F%E3%83%BC%E3%83%A9%E5%A4%A7%E9%87%8E%E3%80%80%E7%9F%AD%E6%9C%9F%E5%85%A5%E6%89%80%E7%94%9F%E6%B4%BB%E4%BB%8B%E8%AD%B7%EF%BC%88%E7%A9%BA%E5%BA%8A%E5%88%A9%E7%94%A8%E5%9E%8B%EF%BC%89%20%E5%A4%A7%E9%87%8E%E5%B8%82
大野和光園　和らぎの里　ショートステイ事業所,ショートステイ,福井県,大野市,"介護,ショートステイ,一時利用",家族の休息や一時的な受け入れが必要な時に短期間利用するサービスです。,http://www.ono-wakouen.jp/,福井県大野市春日3丁目1718番地,0779-66-3011,厚生労働省オープンデータ,https://www.mhlw.go.jp/content/12300000/jigyosho_210.csv,2025-12末,https://www.google.com/search?q=%E5%A4%A7%E9%87%8E%E5%92%8C%E5%85%89%E5%9C%92%E3%80%80%E5%92%8C%E3%82%89%E3%81%8E%E3%81%AE%E9%87%8C%E3%80%80%E3%82%B7%E3%83%A7%E3%83%BC%E3%83%88%E3%82%B9%E3%83%86%E3%82%A4%E4%BA%8B%E6%A5%AD%E6%89%80%20%E5%A4%A7%E9%87%8E%E5%B8%82
森目ホーム　やわらぎ,ショートステイ,福井県,大野市,"介護,ショートステイ,一時利用",家族の休息や一時的な受け入れが必要な時に短期間利用するサービスです。,http://rokujyokoseikai.jp,森目6-16-3,0779-64-5689,厚生労働省オープンデータ,https://www.mhlw.go.jp/content/12300000/jigyosho_210.csv,2025-12末,https://www.google.com/search?q=%E6%A3%AE%E7%9B%AE%E3%83%9B%E3%83%BC%E3%83%A0%E3%80%80%E3%82%84%E3%82%8F%E3%82%89%E3%81%8E%20%E5%A4%A7%E9%87%8E%E5%B8%82
まこと苑ショートステイ事業所,ショートステイ,福井県,大野市,"介護,ショートステイ,一時利用",家族の休息や一時的な受け入れが必要な時に短期間利用するサービスです。,https://www.google.com/search?q=%E3%81%BE%E3%81%93%E3%81%A8%E8%8B%91%E3%82%B7%E3%83%A7%E3%83%BC%E3%83%88%E3%82%B9%E3%83%86%E3%82%A4%E4%BA%8B%E6%A5%AD%E6%89%80%20%E5%A4%A7%E9%87%8E%E5%B8%82,福井県大野市中荒井町２丁目８０６番地,0779-64-4117,厚生労働省オープンデータ,https://www.mhlw.go.jp/content/12300000/jigyosho_210.csv,2025-12末,https://www.google.com/search?q=%E3%81%BE%E3%81%93%E3%81%A8%E8%8B%91%E3%82%B7%E3%83%A7%E3%83%BC%E3%83%88%E3%82%B9%E3%83%86%E3%82%A4%E4%BA%8B%E6%A5%AD%E6%89%80%20%E5%A4%A7%E9%87%8E%E5%B8%82
まこと苑ショートステイ事業所（ユニット型）,ショートステイ,福井県,大野市,"介護,ショートステイ,一時利用",家族の休息や一時的な受け入れが必要な時に短期間利用するサービスです。,https://makotoen.com,福井県大野市中荒井町2丁目806番地,0779-64-4117,厚生労働省オープンデータ,https://www.mhlw.go.jp/content/12300000/jigyosho_210.csv,2025-12末,https://www.google.com/search?q=%E3%81%BE%E3%81%93%E3%81%A8%E8%8B%91%E3%82%B7%E3%83%A7%E3%83%BC%E3%83%88%E3%82%B9%E3%83%86%E3%82%A4%E4%BA%8B%E6%A5%AD%E6%89%80%EF%BC%88%E3%83%A6%E3%83%8B%E3%83%83%E3%83%88%E5%9E%8B%EF%BC%89%20%E5%A4%A7%E9%87%8E%E5%B8%82
特別養護老人ホーム　さくら荘,ショートステイ,福井県,勝山市,"介護,ショートステイ,一時利用",家族の休息や一時的な受け入れが必要な時に短期間利用するサービスです。,https://www.google.com/search?q=%E7%89%B9%E5%88%A5%E9%A4%8A%E8%AD%B7%E8%80%81%E4%BA%BA%E3%83%9B%E3%83%BC%E3%83%A0%E3%80%80%E3%81%95%E3%81%8F%E3%82%89%E8%8D%98%20%E5%8B%9D%E5%B1%B1%E5%B8%82,福井県勝山市北谷町中尾13-16,0779-83-1331,厚生労働省オープンデータ,https://www.mhlw.go.jp/content/12300000/jigyosho_210.csv,2025-12末,https://www.google.com/search?q=%E7%89%B9%E5%88%A5%E9%A4%8A%E8%AD%B7%E8%80%81%E4%BA%BA%E3%83%9B%E3%83%BC%E3%83%A0%E3%80%80%E3%81%95%E3%81%8F%E3%82%89%E8%8D%98%20%E5%8B%9D%E5%B1%B1%E5%B8%82
さつき苑,ショートステイ,福井県,勝山市,"介護,ショートステイ,一時利用",家族の休息や一時的な受け入れが必要な時に短期間利用するサービスです。,http://www.satsuki.or.jp/,福井県勝山市片瀬第１５号２２番地,0779-87-7711,厚生労働省オープンデータ,https://www.mhlw.go.jp/content/12300000/jigyosho_210.csv,2025-12末,https://www.google.com/search?q=%E3%81%95%E3%81%A4%E3%81%8D%E8%8B%91%20%E5%8B%9D%E5%B1%B1%E5%B8%82
シルバーケア九頭竜,ショートステイ,福井県,勝山市,"介護,ショートステイ,一時利用",家族の休息や一時的な受け入れが必要な時に短期間利用するサービスです。,https://kuzuryuworkshop.com/,福井県勝山市平泉寺町岩ヶ野第42号61番地,0779-87-3003,厚生労働省オープンデータ,https://www.mhlw.go.jp/content/12300000/jigyosho_210.csv,2025-12末,https://www.google.com/search?q=%E3%82%B7%E3%83%AB%E3%83%90%E3%83%BC%E3%82%B1%E3%82%A2%E4%B9%9D%E9%A0%AD%E7%AB%9C%20%E5%8B%9D%E5%B1%B1%E5%B8%82
ことぶき荘,ショートステイ,福井県,鯖江市,"介護,ショートステイ,一時利用",家族の休息や一時的な受け入れが必要な時に短期間利用するサービスです。,http://www.touyoukai.or.jp,福井県鯖江市大野町3-1,0778-51-7780,厚生労働省オープンデータ,https://www.mhlw.go.jp/content/12300000/jigyosho_210.csv,2025-12末,https://www.google.com/search?q=%E3%81%93%E3%81%A8%E3%81%B6%E3%81%8D%E8%8D%98%20%E9%AF%96%E6%B1%9F%E5%B8%82
ほっとリハビリショートステイ鯖江,ショートステイ,福井県,鯖江市,"介護,ショートステイ,一時利用",家族の休息や一時的な受け入れが必要な時に短期間利用するサービスです。,http://hotreha.com,福井県鯖江市鳥羽町107-70,0778-52-7720,厚生労働省オープンデータ,https://www.mhlw.go.jp/content/12300000/jigyosho_210.csv,2025-12末,https://www.google.com/search?q=%E3%81%BB%E3%81%A3%E3%81%A8%E3%83%AA%E3%83%8F%E3%83%93%E3%83%AA%E3%82%B7%E3%83%A7%E3%83%BC%E3%83%88%E3%82%B9%E3%83%86%E3%82%A4%E9%AF%96%E6%B1%9F%20%E9%AF%96%E6%B1%9F%E5%B8%82
つつじの家,ショートステイ,福井県,鯖江市,"介護,ショートステイ,一時利用",家族の休息や一時的な受け入れが必要な時に短期間利用するサービスです。,http://www.tutujien.or.jp,福井県鯖江市水落町3丁目6-32,0778-53-2022,厚生労働省オープンデータ,https://www.mhlw.go.jp/content/12300000/jigyosho_210.csv,2025-12末,https://www.google.com/search?q=%E3%81%A4%E3%81%A4%E3%81%98%E3%81%AE%E5%AE%B6%20%E9%AF%96%E6%B1%9F%E5%B8%82
うぐいすの里,ショートステイ,福井県,鯖江市,"介護,ショートステイ,一時利用",家族の休息や一時的な受け入れが必要な時に短期間利用するサービスです。,https://www.gogakuen.com/,福井県鯖江市漆原町20－8,0778-62-2804,厚生労働省オープンデータ,https://www.mhlw.go.jp/content/12300000/jigyosho_210.csv,2025-12末,https://www.google.com/search?q=%E3%81%86%E3%81%90%E3%81%84%E3%81%99%E3%81%AE%E9%87%8C%20%E9%AF%96%E6%B1%9F%E5%B8%82
ことぶき荘,ショートステイ,福井県,鯖江市,"介護,ショートステイ,一時利用",家族の休息や一時的な受け入れが必要な時に短期間利用するサービスです。,http://www.touyoukai.or.jp,福井県鯖江市大野町3-1,0778-51-7780,厚生労働省オープンデータ,https://www.mhlw.go.jp/content/12300000/jigyosho_210.csv,2025-12末,https://www.google.com/search?q=%E3%81%93%E3%81%A8%E3%81%B6%E3%81%8D%E8%8D%98%20%E9%AF%96%E6%B1%9F%E5%B8%82
エレガントセニールガーデン,ショートステイ,福井県,鯖江市,"介護,ショートステイ,一時利用",家族の休息や一時的な受け入れが必要な時に短期間利用するサービスです。,https://www.google.com/search?q=%E3%82%A8%E3%83%AC%E3%82%AC%E3%83%B3%E3%83%88%E3%82%BB%E3%83%8B%E3%83%BC%E3%83%AB%E3%82%AC%E3%83%BC%E3%83%87%E3%83%B3%20%E9%AF%96%E6%B1%9F%E5%B8%82,福井県鯖江市吉江町31-7-1,0778-53-2772,厚生労働省オープンデータ,https://www.mhlw.go.jp/content/12300000/jigyosho_210.csv,2025-12末,https://www.google.com/search?q=%E3%82%A8%E3%83%AC%E3%82%AC%E3%83%B3%E3%83%88%E3%82%BB%E3%83%8B%E3%83%BC%E3%83%AB%E3%82%AC%E3%83%BC%E3%83%87%E3%83%B3%20%E9%AF%96%E6%B1%9F%E5%B8%82
芦原メロン苑（ユニット型）,ショートステイ,福井県,あわら市,"介護,ショートステイ,一時利用",家族の休息や一時的な受け入れが必要な時に短期間利用するサービスです。,http://www.meron-en.or.jp,福井県あわら市井江葭50-18,0776-78-7880,厚生労働省オープンデータ,https://www.mhlw.go.jp/content/12300000/jigyosho_210.csv,2025-12末,https://www.google.com/search?q=%E8%8A%A6%E5%8E%9F%E3%83%A1%E3%83%AD%E3%83%B3%E8%8B%91%EF%BC%88%E3%83%A6%E3%83%8B%E3%83%83%E3%83%88%E5%9E%8B%EF%BC%89%20%E3%81%82%E3%82%8F%E3%82%89%E5%B8%82
コンフォガーデン木村,ショートステイ,福井県,あわら市,"介護,ショートステイ,一時利用",家族の休息や一時的な受け入れが必要な時に短期間利用するサービスです。,http://www.confo-g-kimura.jp/,福井県あわら市市姫3丁目24-8,0776-73-3335,厚生労働省オープンデータ,https://www.mhlw.go.jp/content/12300000/jigyosho_210.csv,2025-12末,https://www.google.com/search?q=%E3%82%B3%E3%83%B3%E3%83%95%E3%82%A9%E3%82%AC%E3%83%BC%E3%83%87%E3%83%B3%E6%9C%A8%E6%9D%91%20%E3%81%82%E3%82%8F%E3%82%89%E5%B8%82
あわら市金津雲雀ヶ丘寮短期入所生活介護事業所,ショートステイ,福井県,あわら市,"介護,ショートステイ,一時利用",家族の休息や一時的な受け入れが必要な時に短期間利用するサービスです。,http://awara-shakyo.or.jp/,福井県あわら市春宮3丁目28－21,0776-73-0144,厚生労働省オープンデータ,https://www.mhlw.go.jp/content/12300000/jigyosho_210.csv,2025-12末,https://www.google.com/search?q=%E3%81%82%E3%82%8F%E3%82%89%E5%B8%82%E9%87%91%E6%B4%A5%E9%9B%B2%E9%9B%80%E3%83%B6%E4%B8%98%E5%AF%AE%E7%9F%AD%E6%9C%9F%E5%85%A5%E6%89%80%E7%94%9F%E6%B4%BB%E4%BB%8B%E8%AD%B7%E4%BA%8B%E6%A5%AD%E6%89%80%20%E3%81%82%E3%82%8F%E3%82%89%E5%B8%82
ウエルネス木村,ショートステイ,福井県,あわら市,"介護,ショートステイ,一時利用",家族の休息や一時的な受け入れが必要な時に短期間利用するサービスです。,http://www.s-fukushi.or.jp/wellness/,福井県あわら市自由ケ丘２－１５－２３,0776-73-7788,厚生労働省オープンデータ,https://www.mhlw.go.jp/content/12300000/jigyosho_210.csv,2025-12末,https://www.google.com/search?q=%E3%82%A6%E3%82%A8%E3%83%AB%E3%83%8D%E3%82%B9%E6%9C%A8%E6%9D%91%20%E3%81%82%E3%82%8F%E3%82%89%E5%B8%82
ショートスティみんなの家,ショートステイ,福井県,あわら市,"介護,ショートステイ,一時利用",家族の休息や一時的な受け入れが必要な時に短期間利用するサービスです。,https://www.google.com/search?q=%E3%82%B7%E3%83%A7%E3%83%BC%E3%83%88%E3%82%B9%E3%83%86%E3%82%A3%E3%81%BF%E3%82%93%E3%81%AA%E3%81%AE%E5%AE%B6%20%E3%81%82%E3%82%8F%E3%82%89%E5%B8%82,福井県あわら市大溝3丁目4番32号みんなの家　大溝,0776-73-8555,厚生労働省オープンデータ,https://www.mhlw.go.jp/content/12300000/jigyosho_210.csv,2025-12末,https://www.google.com/search?q=%E3%82%B7%E3%83%A7%E3%83%BC%E3%83%88%E3%82%B9%E3%83%86%E3%82%A3%E3%81%BF%E3%82%93%E3%81%AA%E3%81%AE%E5%AE%B6%20%E3%81%82%E3%82%8F%E3%82%89%E5%B8%82
芦原メロン苑ショートステイ,ショートステイ,福井県,あわら市,"介護,ショートステイ,一時利用",家族の休息や一時的な受け入れが必要な時に短期間利用するサービスです。,http://www.meron-en.or.jp,福井県あわら市井江葭50-18,0776-78-7880,厚生労働省オープンデータ,https://www.mhlw.go.jp/content/12300000/jigyosho_210.csv,2025-12末,https://www.google.com/search?q=%E8%8A%A6%E5%8E%9F%E3%83%A1%E3%83%AD%E3%83%B3%E8%8B%91%E3%82%B7%E3%83%A7%E3%83%BC%E3%83%88%E3%82%B9%E3%83%86%E3%82%A4%20%E3%81%82%E3%82%8F%E3%82%89%E5%B8%82
湯の町メロン苑ショートステイ,ショートステイ,福井県,あわら市,"介護,ショートステイ,一時利用",家族の休息や一時的な受け入れが必要な時に短期間利用するサービスです。,http://www.meron-en.or.jp/,福井県あわら市二面４２－２０,0776-77-1288,厚生労働省オープンデータ,https://www.mhlw.go.jp/content/12300000/jigyosho_210.csv,2025-12末,https://www.google.com/search?q=%E6%B9%AF%E3%81%AE%E7%94%BA%E3%83%A1%E3%83%AD%E3%83%B3%E8%8B%91%E3%82%B7%E3%83%A7%E3%83%BC%E3%83%88%E3%82%B9%E3%83%86%E3%82%A4%20%E3%81%82%E3%82%8F%E3%82%89%E5%B8%82
ケアフルハウスショートステイ,ショートステイ,福井県,越前市,"介護,ショートステイ,一時利用",家族の休息や一時的な受け入れが必要な時に短期間利用するサービスです。,http://carefull.co.jp,越前市広瀬町153-12-2,0778-22-0030,厚生労働省オープンデータ,https://www.mhlw.go.jp/content/12300000/jigyosho_210.csv,2025-12末,https://www.google.com/search?q=%E3%82%B1%E3%82%A2%E3%83%95%E3%83%AB%E3%83%8F%E3%82%A6%E3%82%B9%E3%82%B7%E3%83%A7%E3%83%BC%E3%83%88%E3%82%B9%E3%83%86%E3%82%A4%20%E8%B6%8A%E5%89%8D%E5%B8%82
ショートステイいちばん星,ショートステイ,福井県,越前市,"介護,ショートステイ,一時利用",家族の休息や一時的な受け入れが必要な時に短期間利用するサービスです。,http://www.ichibankaigo.jp,瓜生町31－1,0778-22-0055,厚生労働省オープンデータ,https://www.mhlw.go.jp/content/12300000/jigyosho_210.csv,2025-12末,https://www.google.com/search?q=%E3%82%B7%E3%83%A7%E3%83%BC%E3%83%88%E3%82%B9%E3%83%86%E3%82%A4%E3%81%84%E3%81%A1%E3%81%B0%E3%82%93%E6%98%9F%20%E8%B6%8A%E5%89%8D%E5%B8%82
第２和上苑,ショートステイ,福井県,越前市,"介護,ショートステイ,一時利用",家族の休息や一時的な受け入れが必要な時に短期間利用するサービスです。,http://www.wakatake.ne.jp,福井県越前市白崎町第34号2番地１,0778-25-6400,厚生労働省オープンデータ,https://www.mhlw.go.jp/content/12300000/jigyosho_210.csv,2025-12末,https://www.google.com/search?q=%E7%AC%AC%EF%BC%92%E5%92%8C%E4%B8%8A%E8%8B%91%20%E8%B6%8A%E5%89%8D%E5%B8%82
短期入所生活介護センター　メゾンいまだて,ショートステイ,福井県,越前市,"介護,ショートステイ,一時利用",家族の休息や一時的な受け入れが必要な時に短期間利用するサービスです。,http://www.mezon-f.com/,福井県越前市東樫尾町８番３８号,0778-43-1800,厚生労働省オープンデータ,https://www.mhlw.go.jp/content/12300000/jigyosho_210.csv,2025-12末,https://www.google.com/search?q=%E7%9F%AD%E6%9C%9F%E5%85%A5%E6%89%80%E7%94%9F%E6%B4%BB%E4%BB%8B%E8%AD%B7%E3%82%BB%E3%83%B3%E3%82%BF%E3%83%BC%E3%80%80%E3%83%A1%E3%82%BE%E3%83%B3%E3%81%84%E3%81%BE%E3%81%A0%E3%81%A6%20%E8%B6%8A%E5%89%8D%E5%B8%82
ほっとリハビリショートステイ,ショートステイ,福井県,越前市,"介護,ショートステイ,一時利用",家族の休息や一時的な受け入れが必要な時に短期間利用するサービスです。,http://hotreha.com/,福井県越前市高木町55-11-18ほっとライフサポートセンター,0778-29-3000,厚生労働省オープンデータ,https://www.mhlw.go.jp/content/12300000/jigyosho_210.csv,2025-12末,https://www.google.com/search?q=%E3%81%BB%E3%81%A3%E3%81%A8%E3%83%AA%E3%83%8F%E3%83%93%E3%83%AA%E3%82%B7%E3%83%A7%E3%83%BC%E3%83%88%E3%82%B9%E3%83%86%E3%82%A4%20%E8%B6%8A%E5%89%8D%E5%B8%82
水仙園短期入所生活介護事業所,ショートステイ,福井県,越前市,"介護,ショートステイ,一時利用",家族の休息や一時的な受け入れが必要な時に短期間利用するサービスです。,http://www.suisenen.jp,越前市萱谷町４－９－１,0778-27-2155,厚生労働省オープンデータ,https://www.mhlw.go.jp/content/12300000/jigyosho_210.csv,2025-12末,https://www.google.com/search?q=%E6%B0%B4%E4%BB%99%E5%9C%92%E7%9F%AD%E6%9C%9F%E5%85%A5%E6%89%80%E7%94%9F%E6%B4%BB%E4%BB%8B%E8%AD%B7%E4%BA%8B%E6%A5%AD%E6%89%80%20%E8%B6%8A%E5%89%8D%E5%B8%82
第３和上苑,ショートステイ,福井県,越前市,"介護,ショートステイ,一時利用",家族の休息や一時的な受け入れが必要な時に短期間利用するサービスです。,http://www.wakatake.ne.jp/,福井県越前市高木町12-7-1,0778-23-0700,厚生労働省オープンデータ,https://www.mhlw.go.jp/content/12300000/jigyosho_210.csv,2025-12末,https://www.google.com/search?q=%E7%AC%AC%EF%BC%93%E5%92%8C%E4%B8%8A%E8%8B%91%20%E8%B6%8A%E5%89%8D%E5%B8%82
短期入所生活介護施設　はるさか,ショートステイ,福井県,坂井市,"介護,ショートステイ,一時利用",家族の休息や一時的な受け入れが必要な時に短期間利用するサービスです。,https://www.google.com/search?q=%E7%9F%AD%E6%9C%9F%E5%85%A5%E6%89%80%E7%94%9F%E6%B4%BB%E4%BB%8B%E8%AD%B7%E6%96%BD%E8%A8%AD%E3%80%80%E3%81%AF%E3%82%8B%E3%81%95%E3%81%8B%20%E5%9D%82%E4%BA%95%E5%B8%82,福井県坂井市春江町中筋第１００号７５番地,0776-58-0182,厚生労働省オープンデータ,https://www.mhlw.go.jp/content/12300000/jigyosho_210.csv,2025-12末,https://www.google.com/search?q=%E7%9F%AD%E6%9C%9F%E5%85%A5%E6%89%80%E7%94%9F%E6%B4%BB%E4%BB%8B%E8%AD%B7%E6%96%BD%E8%A8%AD%E3%80%80%E3%81%AF%E3%82%8B%E3%81%95%E3%81%8B%20%E5%9D%82%E4%BA%95%E5%B8%82
介護老人福祉施設　豊楽園　　　　短期入所生活介護,ショートステイ,福井県,坂井市,"介護,ショートステイ,一時利用",家族の休息や一時的な受け入れが必要な時に短期間利用するサービスです。,https://s-fukushi.or.jp/hourakuen/,福井県坂井市坂井町下関42-2,0776-72-2630,厚生労働省オープンデータ,https://www.mhlw.go.jp/content/12300000/jigyosho_210.csv,2025-12末,https://www.google.com/search?q=%E4%BB%8B%E8%AD%B7%E8%80%81%E4%BA%BA%E7%A6%8F%E7%A5%89%E6%96%BD%E8%A8%AD%E3%80%80%E8%B1%8A%E6%A5%BD%E5%9C%92%E3%80%80%E3%80%80%E3%80%80%E3%80%80%E7%9F%AD%E6%9C%9F%E5%85%A5%E6%89%80%E7%94%9F%E6%B4%BB%E4%BB%8B%E8%AD%B7%20%E5%9D%82%E4%BA%95%E5%B8%82
ガーデンハイツ春江,ショートステイ,福井県,坂井市,"介護,ショートステイ,一時利用",家族の休息や一時的な受け入れが必要な時に短期間利用するサービスです。,http://fj-g.jp/,福井県坂井市春江町針原４８－２８－１,0776-51-6233,厚生労働省オープンデータ,https://www.mhlw.go.jp/content/12300000/jigyosho_210.csv,2025-12末,https://www.google.com/search?q=%E3%82%AC%E3%83%BC%E3%83%87%E3%83%B3%E3%83%8F%E3%82%A4%E3%83%84%E6%98%A5%E6%B1%9F%20%E5%9D%82%E4%BA%95%E5%B8%82
長寿の郷,ショートステイ,福井県,坂井市,"介護,ショートステイ,一時利用",家族の休息や一時的な受け入れが必要な時に短期間利用するサービスです。,http://www.choujuen.net,福井県坂井市丸岡町八々郷２２－５,0776-67-8905,厚生労働省オープンデータ,https://www.mhlw.go.jp/content/12300000/jigyosho_210.csv,2025-12末,https://www.google.com/search?q=%E9%95%B7%E5%AF%BF%E3%81%AE%E9%83%B7%20%E5%9D%82%E4%BA%95%E5%B8%82
短期入所生活介護　潟池野,ショートステイ,福井県,坂井市,"介護,ショートステイ,一時利用",家族の休息や一時的な受け入れが必要な時に短期間利用するサービスです。,https://s-fukushi.or.jp/kataikeno/,坂井町下関42-4-2,0776-72-0100,厚生労働省オープンデータ,https://www.mhlw.go.jp/content/12300000/jigyosho_210.csv,2025-12末,https://www.google.com/search?q=%E7%9F%AD%E6%9C%9F%E5%85%A5%E6%89%80%E7%94%9F%E6%B4%BB%E4%BB%8B%E8%AD%B7%E3%80%80%E6%BD%9F%E6%B1%A0%E9%87%8E%20%E5%9D%82%E4%BA%95%E5%B8%82
特別養護老人ホーム　ガーデンハイツ春江,ショートステイ,福井県,坂井市,"介護,ショートステイ,一時利用",家族の休息や一時的な受け入れが必要な時に短期間利用するサービスです。,http://fj-g.jp/,福井県坂井市春江町針原48-28-1,0776-51-6233,厚生労働省オープンデータ,https://www.mhlw.go.jp/content/12300000/jigyosho_210.csv,2025-12末,https://www.google.com/search?q=%E7%89%B9%E5%88%A5%E9%A4%8A%E8%AD%B7%E8%80%81%E4%BA%BA%E3%83%9B%E3%83%BC%E3%83%A0%E3%80%80%E3%82%AC%E3%83%BC%E3%83%87%E3%83%B3%E3%83%8F%E3%82%A4%E3%83%84%E6%98%A5%E6%B1%9F%20%E5%9D%82%E4%BA%95%E5%B8%82
白楽荘みくに湊短期入所生活介護事業所,ショートステイ,福井県,坂井市,"介護,ショートステイ,一時利用",家族の休息や一時的な受け入れが必要な時に短期間利用するサービスです。,http://www.hakurakuso.com/,福井県坂井市三国町梶49-18,0776-82-1282,厚生労働省オープンデータ,https://www.mhlw.go.jp/content/12300000/jigyosho_210.csv,2025-12末,https://www.google.com/search?q=%E7%99%BD%E6%A5%BD%E8%8D%98%E3%81%BF%E3%81%8F%E3%81%AB%E6%B9%8A%E7%9F%AD%E6%9C%9F%E5%85%A5%E6%89%80%E7%94%9F%E6%B4%BB%E4%BB%8B%E8%AD%B7%E4%BA%8B%E6%A5%AD%E6%89%80%20%E5%9D%82%E4%BA%95%E5%B8%82
短期入所生活介護　長寿園,ショートステイ,福井県,坂井市,"介護,ショートステイ,一時利用",家族の休息や一時的な受け入れが必要な時に短期間利用するサービスです。,http://www.choujuen.net/,福井県坂井市丸岡町八ケ郷２２－４,０７７６－６６－６７３４,厚生労働省オープンデータ,https://www.mhlw.go.jp/content/12300000/jigyosho_210.csv,2025-12末,https://www.google.com/search?q=%E7%9F%AD%E6%9C%9F%E5%85%A5%E6%89%80%E7%94%9F%E6%B4%BB%E4%BB%8B%E8%AD%B7%E3%80%80%E9%95%B7%E5%AF%BF%E5%9C%92%20%E5%9D%82%E4%BA%95%E5%B8%82
ショートステイ生喜庵,ショートステイ,福井県,坂井市,"介護,ショートステイ,一時利用",家族の休息や一時的な受け入れが必要な時に短期間利用するサービスです。,http://seikikai-sakai.jp/,福井県坂井市丸岡町長畝16字八ツ割3番1,0776-68-0058,厚生労働省オープンデータ,https://www.mhlw.go.jp/content/12300000/jigyosho_210.csv,2025-12末,https://www.google.com/search?q=%E3%82%B7%E3%83%A7%E3%83%BC%E3%83%88%E3%82%B9%E3%83%86%E3%82%A4%E7%94%9F%E5%96%9C%E5%BA%B5%20%E5%9D%82%E4%BA%95%E5%B8%82
白楽荘短期入所生活介護事業所,ショートステイ,福井県,坂井市,"介護,ショートステイ,一時利用",家族の休息や一時的な受け入れが必要な時に短期間利用するサービスです。,http://www.hakurakuso.com,福井県坂井市三国町梶49-18,0776-82-1282,厚生労働省オープンデータ,https://www.mhlw.go.jp/content/12300000/jigyosho_210.csv,2025-12末,https://www.google.com/search?q=%E7%99%BD%E6%A5%BD%E8%8D%98%E7%9F%AD%E6%9C%9F%E5%85%A5%E6%89%80%E7%94%9F%E6%B4%BB%E4%BB%8B%E8%AD%B7%E4%BA%8B%E6%A5%AD%E6%89%80%20%E5%9D%82%E4%BA%95%E5%B8%82
プライムハイツ春江,ショートステイ,福井県,坂井市,"介護,ショートステイ,一時利用",家族の休息や一時的な受け入れが必要な時に短期間利用するサービスです。,http://fj-g.jp,福井県坂井市春江町針原59-2,0776-51-0400,厚生労働省オープンデータ,https://www.mhlw.go.jp/content/12300000/jigyosho_210.csv,2025-12末,https://www.google.com/search?q=%E3%83%97%E3%83%A9%E3%82%A4%E3%83%A0%E3%83%8F%E3%82%A4%E3%83%84%E6%98%A5%E6%B1%9F%20%E5%9D%82%E4%BA%95%E5%B8%82
ショートステイ　やすらぎ　はるえ,ショートステイ,福井県,坂井市,"介護,ショートステイ,一時利用",家族の休息や一時的な受け入れが必要な時に短期間利用するサービスです。,https://www.google.com/search?q=%E3%82%B7%E3%83%A7%E3%83%BC%E3%83%88%E3%82%B9%E3%83%86%E3%82%A4%E3%80%80%E3%82%84%E3%81%99%E3%82%89%E3%81%8E%E3%80%80%E3%81%AF%E3%82%8B%E3%81%88%20%E5%9D%82%E4%BA%95%E5%B8%82,福井県坂井市春江町本堂27－1－1,0776-51-8100,厚生労働省オープンデータ,https://www.mhlw.go.jp/content/12300000/jigyosho_210.csv,2025-12末,https://www.google.com/search?q=%E3%82%B7%E3%83%A7%E3%83%BC%E3%83%88%E3%82%B9%E3%83%86%E3%82%A4%E3%80%80%E3%82%84%E3%81%99%E3%82%89%E3%81%8E%E3%80%80%E3%81%AF%E3%82%8B%E3%81%88%20%E5%9D%82%E4%BA%95%E5%B8%82
短期入所生活介護　かがやき荘,ショートステイ,福井県,坂井市,"介護,ショートステイ,一時利用",家族の休息や一時的な受け入れが必要な時に短期間利用するサービスです。,http://www.s-shinseikai.jp,福井県坂井市三国町陣ケ岡13-3,0776-82-5151,厚生労働省オープンデータ,https://www.mhlw.go.jp/content/12300000/jigyosho_210.csv,2025-12末,https://www.google.com/search?q=%E7%9F%AD%E6%9C%9F%E5%85%A5%E6%89%80%E7%94%9F%E6%B4%BB%E4%BB%8B%E8%AD%B7%E3%80%80%E3%81%8B%E3%81%8C%E3%82%84%E3%81%8D%E8%8D%98%20%E5%9D%82%E4%BA%95%E5%B8%82
ひかり苑,ショートステイ,福井県,永平寺町,"介護,ショートステイ,一時利用",家族の休息や一時的な受け入れが必要な時に短期間利用するサービスです。,http://www.hikarigroup.jp/hikarien/,福井県吉田郡永平寺町山王7-30,0776-64-3500,厚生労働省オープンデータ,https://www.mhlw.go.jp/content/12300000/jigyosho_210.csv,2025-12末,https://www.google.com/search?q=%E3%81%B2%E3%81%8B%E3%82%8A%E8%8B%91%20%E6%B0%B8%E5%B9%B3%E5%AF%BA%E7%94%BA
ひかり苑,ショートステイ,福井県,永平寺町,"介護,ショートステイ,一時利用",家族の休息や一時的な受け入れが必要な時に短期間利用するサービスです。,http;//www.hikarigroup.jp/hikarien/,福井県吉田郡永平寺町山王7-30,0776-64-3500,厚生労働省オープンデータ,https://www.mhlw.go.jp/content/12300000/jigyosho_210.csv,2025-12末,https://www.google.com/search?q=%E3%81%B2%E3%81%8B%E3%82%8A%E8%8B%91%20%E6%B0%B8%E5%B9%B3%E5%AF%BA%E7%94%BA
永平寺ハウス,ショートステイ,福井県,永平寺町,"介護,ショートステイ,一時利用",家族の休息や一時的な受け入れが必要な時に短期間利用するサービスです。,https://www.google.com/search?q=%E6%B0%B8%E5%B9%B3%E5%AF%BA%E3%83%8F%E3%82%A6%E3%82%B9%20%E6%B0%B8%E5%B9%B3%E5%AF%BA%E7%94%BA,吉田郡永平寺町けやき台813-1永平寺ハウス,0776-63-4373,厚生労働省オープンデータ,https://www.mhlw.go.jp/content/12300000/jigyosho_210.csv,2025-12末,https://www.google.com/search?q=%E6%B0%B8%E5%B9%B3%E5%AF%BA%E3%83%8F%E3%82%A6%E3%82%B9%20%E6%B0%B8%E5%B9%B3%E5%AF%BA%E7%94%BA
アニス松岡,ショートステイ,福井県,永平寺町,"介護,ショートステイ,一時利用",家族の休息や一時的な受け入れが必要な時に短期間利用するサービスです。,http://www.taiyo-kai.jp/,福井県永平寺町松岡椚第３１号７番地１,0776-61-0725,厚生労働省オープンデータ,https://www.mhlw.go.jp/content/12300000/jigyosho_210.csv,2025-12末,https://www.google.com/search?q=%E3%82%A2%E3%83%8B%E3%82%B9%E6%9D%BE%E5%B2%A1%20%E6%B0%B8%E5%B9%B3%E5%AF%BA%E7%94%BA
池田町幸寿苑,ショートステイ,福井県,池田町,"介護,ショートステイ,一時利用",家族の休息や一時的な受け入れが必要な時に短期間利用するサービスです。,http://www.kenrakukai.jp/,福井県今立郡池田町常安２０－５,0778-44-6110,厚生労働省オープンデータ,https://www.mhlw.go.jp/content/12300000/jigyosho_210.csv,2025-12末,https://www.google.com/search?q=%E6%B1%A0%E7%94%B0%E7%94%BA%E5%B9%B8%E5%AF%BF%E8%8B%91%20%E6%B1%A0%E7%94%B0%E7%94%BA
ほのぼの苑短期入所生活介護事業所,ショートステイ,福井県,南越前町,"介護,ショートステイ,一時利用",家族の休息や一時的な受け入れが必要な時に短期間利用するサービスです。,http://www.honobono-en.com/,福井県南条郡南越前町鋳物師5-10-1,0778-47-2078,厚生労働省オープンデータ,https://www.mhlw.go.jp/content/12300000/jigyosho_210.csv,2025-12末,https://www.google.com/search?q=%E3%81%BB%E3%81%AE%E3%81%BC%E3%81%AE%E8%8B%91%E7%9F%AD%E6%9C%9F%E5%85%A5%E6%89%80%E7%94%9F%E6%B4%BB%E4%BB%8B%E8%AD%B7%E4%BA%8B%E6%A5%AD%E6%89%80%20%E5%8D%97%E8%B6%8A%E5%89%8D%E7%94%BA
ユニット型指定介護老人福祉施設　第三光が丘ハウス,ショートステイ,福井県,越前町,"介護,ショートステイ,一時利用",家族の休息や一時的な受け入れが必要な時に短期間利用するサービスです。,http://www.kodoen.or.jp,福井県丹生郡越前町朝日22字７-１,0778-34-1220,厚生労働省オープンデータ,https://www.mhlw.go.jp/content/12300000/jigyosho_210.csv,2025-12末,https://www.google.com/search?q=%E3%83%A6%E3%83%8B%E3%83%83%E3%83%88%E5%9E%8B%E6%8C%87%E5%AE%9A%E4%BB%8B%E8%AD%B7%E8%80%81%E4%BA%BA%E7%A6%8F%E7%A5%89%E6%96%BD%E8%A8%AD%E3%80%80%E7%AC%AC%E4%B8%89%E5%85%89%E3%81%8C%E4%B8%98%E3%83%8F%E3%82%A6%E3%82%B9%20%E8%B6%8A%E5%89%8D%E7%94%BA
特別養護老人ホーム　やすらぎ荘,ショートステイ,福井県,越前町,"介護,ショートステイ,一時利用",家族の休息や一時的な受け入れが必要な時に短期間利用するサービスです。,http://ota-yasuragikai.com,福井県丹生郡越前町織田102-81,0778-36-1170,厚生労働省オープンデータ,https://www.mhlw.go.jp/content/12300000/jigyosho_210.csv,2025-12末,https://www.google.com/search?q=%E7%89%B9%E5%88%A5%E9%A4%8A%E8%AD%B7%E8%80%81%E4%BA%BA%E3%83%9B%E3%83%BC%E3%83%A0%E3%80%80%E3%82%84%E3%81%99%E3%82%89%E3%81%8E%E8%8D%98%20%E8%B6%8A%E5%89%8D%E7%94%BA
シルバーハイツ宮崎,ショートステイ,福井県,越前町,"介護,ショートステイ,一時利用",家族の休息や一時的な受け入れが必要な時に短期間利用するサービスです。,http://www.silver-h-miyazaki.jp/,福井県丹生郡越前町小曽原75-35,0778-32-3838,厚生労働省オープンデータ,https://www.mhlw.go.jp/content/12300000/jigyosho_210.csv,2025-12末,https://www.google.com/search?q=%E3%82%B7%E3%83%AB%E3%83%90%E3%83%BC%E3%83%8F%E3%82%A4%E3%83%84%E5%AE%AE%E5%B4%8E%20%E8%B6%8A%E5%89%8D%E7%94%BA
海楽園短期入所生活介護事業所,ショートステイ,福井県,越前町,"介護,ショートステイ,一時利用",家族の休息や一時的な受け入れが必要な時に短期間利用するサービスです。,http://echizen-kairakuen.jp/,福井県丹生郡越前町米ノ46-1-1,0778-39-1800,厚生労働省オープンデータ,https://www.mhlw.go.jp/content/12300000/jigyosho_210.csv,2025-12末,https://www.google.com/search?q=%E6%B5%B7%E6%A5%BD%E5%9C%92%E7%9F%AD%E6%9C%9F%E5%85%A5%E6%89%80%E7%94%9F%E6%B4%BB%E4%BB%8B%E8%AD%B7%E4%BA%8B%E6%A5%AD%E6%89%80%20%E8%B6%8A%E5%89%8D%E7%94%BA
特別養護老人ホーム　丹生ケアセンターひまわり荘,ショートステイ,福井県,越前町,"介護,ショートステイ,一時利用",家族の休息や一時的な受け入れが必要な時に短期間利用するサービスです。,www.sekishin-himawari.or.jp,福井県丹生郡越前町四ツ杉3-10,0778-36-2170,厚生労働省オープンデータ,https://www.mhlw.go.jp/content/12300000/jigyosho_210.csv,2025-12末,https://www.google.com/search?q=%E7%89%B9%E5%88%A5%E9%A4%8A%E8%AD%B7%E8%80%81%E4%BA%BA%E3%83%9B%E3%83%BC%E3%83%A0%E3%80%80%E4%B8%B9%E7%94%9F%E3%82%B1%E3%82%A2%E3%82%BB%E3%83%B3%E3%82%BF%E3%83%BC%E3%81%B2%E3%81%BE%E3%82%8F%E3%82%8A%E8%8D%98%20%E8%B6%8A%E5%89%8D%E7%94%BA
やはず苑,ショートステイ,福井県,美浜町,"介護,ショートステイ,一時利用",家族の休息や一時的な受け入れが必要な時に短期間利用するサービスです。,http://fukui-youi.com/,三方郡美浜町金山19-4-11,0770-32-6882,厚生労働省オープンデータ,https://www.mhlw.go.jp/content/12300000/jigyosho_210.csv,2025-12末,https://www.google.com/search?q=%E3%82%84%E3%81%AF%E3%81%9A%E8%8B%91%20%E7%BE%8E%E6%B5%9C%E7%94%BA
特別養護老人ホーム　湖岳の郷,ショートステイ,福井県,美浜町,"介護,ショートステイ,一時利用",家族の休息や一時的な受け入れが必要な時に短期間利用するサービスです。,https://www.kogakunosato.jp/,福井県三方郡美浜町金山2-3-27,0770-32-2082,厚生労働省オープンデータ,https://www.mhlw.go.jp/content/12300000/jigyosho_210.csv,2025-12末,https://www.google.com/search?q=%E7%89%B9%E5%88%A5%E9%A4%8A%E8%AD%B7%E8%80%81%E4%BA%BA%E3%83%9B%E3%83%BC%E3%83%A0%E3%80%80%E6%B9%96%E5%B2%B3%E3%81%AE%E9%83%B7%20%E7%BE%8E%E6%B5%9C%E7%94%BA
高浜けいあいの里,ショートステイ,福井県,高浜町,"介護,ショートステイ,一時利用",家族の休息や一時的な受け入れが必要な時に短期間利用するサービスです。,https://yukokai.or.jp/,福井県大飯郡高浜町和田168－22,0770-71-1022,厚生労働省オープンデータ,https://www.mhlw.go.jp/content/12300000/jigyosho_210.csv,2025-12末,https://www.google.com/search?q=%E9%AB%98%E6%B5%9C%E3%81%91%E3%81%84%E3%81%82%E3%81%84%E3%81%AE%E9%87%8C%20%E9%AB%98%E6%B5%9C%E7%94%BA
楊梅苑ショートステイサービセンター,ショートステイ,福井県,おおい町,"介護,ショートステイ,一時利用",家族の休息や一時的な受け入れが必要な時に短期間利用するサービスです。,http://www.yu-aikai.or.jp/,福井県大飯郡おおい町野尻２８－３７,0770-77-1011,厚生労働省オープンデータ,https://www.mhlw.go.jp/content/12300000/jigyosho_210.csv,2025-12末,https://www.google.com/search?q=%E6%A5%8A%E6%A2%85%E8%8B%91%E3%82%B7%E3%83%A7%E3%83%BC%E3%83%88%E3%82%B9%E3%83%86%E3%82%A4%E3%82%B5%E3%83%BC%E3%83%93%E3%82%BB%E3%83%B3%E3%82%BF%E3%83%BC%20%E3%81%8A%E3%81%8A%E3%81%84%E7%94%BA
高齢者ショートステイ五湖の郷,ショートステイ,福井県,若狭町,"介護,ショートステイ,一時利用",家族の休息や一時的な受け入れが必要な時に短期間利用するサービスです。,http://www.w-shakyo.or.jp/,福井県三方上中郡若狭町田井２４－２,0770-46-1212,厚生労働省オープンデータ,https://www.mhlw.go.jp/content/12300000/jigyosho_210.csv,2025-12末,https://www.google.com/search?q=%E9%AB%98%E9%BD%A2%E8%80%85%E3%82%B7%E3%83%A7%E3%83%BC%E3%83%88%E3%82%B9%E3%83%86%E3%82%A4%E4%BA%94%E6%B9%96%E3%81%AE%E9%83%B7%20%E8%8B%A5%E7%8B%AD%E7%94%BA
ショートスティ松寿苑（ユニット型）,ショートステイ,福井県,若狭町,"介護,ショートステイ,一時利用",家族の休息や一時的な受け入れが必要な時に短期間利用するサービスです。,http://shojukai.jp/,福井県三方上中郡若狭町井ノ口32-6-1,0770-62-0100,厚生労働省オープンデータ,https://www.mhlw.go.jp/content/12300000/jigyosho_210.csv,2025-12末,https://www.google.com/search?q=%E3%82%B7%E3%83%A7%E3%83%BC%E3%83%88%E3%82%B9%E3%83%86%E3%82%A3%E6%9D%BE%E5%AF%BF%E8%8B%91%EF%BC%88%E3%83%A6%E3%83%8B%E3%83%83%E3%83%88%E5%9E%8B%EF%BC%89%20%E8%8B%A5%E7%8B%AD%E7%94%BA
介護老人保健施設　ひかりケアホーム,短期入所療養介護_老健,福井県,福井市,"介護,短期入所療養介護_老健,リハビリ,一時利用",短期入所療養介護_老健の公式オープンデータから取り込んだ候補です。詳細は公式情報・電話・見学で確認してください。,http://www.hikarigroup.jp,福井市板垣5丁目201,0776-33-1600,厚生労働省オープンデータ,https://www.mhlw.go.jp/content/12300000/jigyosho_220.csv,2025-12末,https://www.google.com/search?q=%E4%BB%8B%E8%AD%B7%E8%80%81%E4%BA%BA%E4%BF%9D%E5%81%A5%E6%96%BD%E8%A8%AD%E3%80%80%E3%81%B2%E3%81%8B%E3%82%8A%E3%82%B1%E3%82%A2%E3%83%9B%E3%83%BC%E3%83%A0%20%E7%A6%8F%E4%BA%95%E5%B8%82
九頭竜長生苑短期入所療養介護事業所,短期入所療養介護_老健,福井県,福井市,"介護,短期入所療養介護_老健,リハビリ,一時利用",短期入所療養介護_老健の公式オープンデータから取り込んだ候補です。詳細は公式情報・電話・見学で確認してください。,http://fukusenkai.jp/,福井市寺前町２－２－２,0776-54-4681,厚生労働省オープンデータ,https://www.mhlw.go.jp/content/12300000/jigyosho_220.csv,2025-12末,https://www.google.com/search?q=%E4%B9%9D%E9%A0%AD%E7%AB%9C%E9%95%B7%E7%94%9F%E8%8B%91%E7%9F%AD%E6%9C%9F%E5%85%A5%E6%89%80%E7%99%82%E9%A4%8A%E4%BB%8B%E8%AD%B7%E4%BA%8B%E6%A5%AD%E6%89%80%20%E7%A6%8F%E4%BA%95%E5%B8%82
介護老人保健施設　アルマ千寿,短期入所療養介護_老健,福井県,福井市,"介護,短期入所療養介護_老健,リハビリ,一時利用",短期入所療養介護_老健の公式オープンデータから取り込んだ候補です。詳細は公式情報・電話・見学で確認してください。,http://www.senjukai.com,福井県福井市川合鷲塚町４９－５,0776-55-1600,厚生労働省オープンデータ,https://www.mhlw.go.jp/content/12300000/jigyosho_220.csv,2025-12末,https://www.google.com/search?q=%E4%BB%8B%E8%AD%B7%E8%80%81%E4%BA%BA%E4%BF%9D%E5%81%A5%E6%96%BD%E8%A8%AD%E3%80%80%E3%82%A2%E3%83%AB%E3%83%9E%E5%8D%83%E5%AF%BF%20%E7%A6%8F%E4%BA%95%E5%B8%82
新田塚ハイツ,短期入所療養介護_老健,福井県,福井市,"介護,短期入所療養介護_老健,リハビリ,一時利用",短期入所療養介護_老健の公式オープンデータから取り込んだ候補です。詳細は公式情報・電話・見学で確認してください。,https://www.f-gh.jp/househeights/househeights.html,福井市新田塚町５０６番地,0776-22-8367,厚生労働省オープンデータ,https://www.mhlw.go.jp/content/12300000/jigyosho_220.csv,2025-12末,https://www.google.com/search?q=%E6%96%B0%E7%94%B0%E5%A1%9A%E3%83%8F%E3%82%A4%E3%83%84%20%E7%A6%8F%E4%BA%95%E5%B8%82
福井県済生会介護老人保健施設　ケアホームさいせい,短期入所療養介護_老健,福井県,福井市,"介護,短期入所療養介護_老健,リハビリ,一時利用",短期入所療養介護_老健の公式オープンデータから取り込んだ候補です。詳細は公式情報・電話・見学で確認してください。,https://carehomesaisei-fukui-saiseikai.com,福井市和田中町徳万28番地,0776-30-7660,厚生労働省オープンデータ,https://www.mhlw.go.jp/content/12300000/jigyosho_220.csv,2025-12末,https://www.google.com/search?q=%E7%A6%8F%E4%BA%95%E7%9C%8C%E6%B8%88%E7%94%9F%E4%BC%9A%E4%BB%8B%E8%AD%B7%E8%80%81%E4%BA%BA%E4%BF%9D%E5%81%A5%E6%96%BD%E8%A8%AD%E3%80%80%E3%82%B1%E3%82%A2%E3%83%9B%E3%83%BC%E3%83%A0%E3%81%95%E3%81%84%E3%81%9B%E3%81%84%20%E7%A6%8F%E4%BA%95%E5%B8%82
介護老人保健施設　あじさい,短期入所療養介護_老健,福井県,福井市,"介護,短期入所療養介護_老健,リハビリ,一時利用",短期入所療養介護_老健の公式オープンデータから取り込んだ候補です。詳細は公式情報・電話・見学で確認してください。,http://www.kotobukinokai.com/ajisai/,福井県福井市西下野町１５－１２,0776-33-5911,厚生労働省オープンデータ,https://www.mhlw.go.jp/content/12300000/jigyosho_220.csv,2025-12末,https://www.google.com/search?q=%E4%BB%8B%E8%AD%B7%E8%80%81%E4%BA%BA%E4%BF%9D%E5%81%A5%E6%96%BD%E8%A8%AD%E3%80%80%E3%81%82%E3%81%98%E3%81%95%E3%81%84%20%E7%A6%8F%E4%BA%95%E5%B8%82
ひかりケアホーム,短期入所療養介護_老健,福井県,福井市,"介護,短期入所療養介護_老健,リハビリ,一時利用",短期入所療養介護_老健の公式オープンデータから取り込んだ候補です。詳細は公式情報・電話・見学で確認してください。,http://www.hikarigroup.jp,板垣５丁目201,0776-33-1600,厚生労働省オープンデータ,https://www.mhlw.go.jp/content/12300000/jigyosho_220.csv,2025-12末,https://www.google.com/search?q=%E3%81%B2%E3%81%8B%E3%82%8A%E3%82%B1%E3%82%A2%E3%83%9B%E3%83%BC%E3%83%A0%20%E7%A6%8F%E4%BA%95%E5%B8%82
介護老人保健施設　福井ケアセンター,短期入所療養介護_老健,福井県,福井市,"介護,短期入所療養介護_老健,リハビリ,一時利用",短期入所療養介護_老健の公式オープンデータから取り込んだ候補です。詳細は公式情報・電話・見学で確認してください。,http://www.otaki-hp.or.jp/,福井県福井市乾徳４丁目５番８号,0776-26-5155,厚生労働省オープンデータ,https://www.mhlw.go.jp/content/12300000/jigyosho_220.csv,2025-12末,https://www.google.com/search?q=%E4%BB%8B%E8%AD%B7%E8%80%81%E4%BA%BA%E4%BF%9D%E5%81%A5%E6%96%BD%E8%A8%AD%E3%80%80%E7%A6%8F%E4%BA%95%E3%82%B1%E3%82%A2%E3%82%BB%E3%83%B3%E3%82%BF%E3%83%BC%20%E7%A6%8F%E4%BA%95%E5%B8%82
湯の里ナーシングホーム,短期入所療養介護_老健,福井県,敦賀市,"介護,短期入所療養介護_老健,リハビリ,一時利用",短期入所療養介護_老健の公式オープンデータから取り込んだ候補です。詳細は公式情報・電話・見学で確認してください。,http://yunosato.jimdo.com/,福井県敦賀市中８１号岩ケ鼻1-11,0770-22-4400,厚生労働省オープンデータ,https://www.mhlw.go.jp/content/12300000/jigyosho_220.csv,2025-12末,https://www.google.com/search?q=%E6%B9%AF%E3%81%AE%E9%87%8C%E3%83%8A%E3%83%BC%E3%82%B7%E3%83%B3%E3%82%B0%E3%83%9B%E3%83%BC%E3%83%A0%20%E6%95%A6%E8%B3%80%E5%B8%82
ヒバリヒルズ,短期入所療養介護_老健,福井県,敦賀市,"介護,短期入所療養介護_老健,リハビリ,一時利用",短期入所療養介護_老健の公式オープンデータから取り込んだ候補です。詳細は公式情報・電話・見学で確認してください。,http://www.ihara-hp.or.jp/,福井県敦賀市櫛林３２号５番地の２,0770-22-8600,厚生労働省オープンデータ,https://www.mhlw.go.jp/content/12300000/jigyosho_220.csv,2025-12末,https://www.google.com/search?q=%E3%83%92%E3%83%90%E3%83%AA%E3%83%92%E3%83%AB%E3%82%BA%20%E6%95%A6%E8%B3%80%E5%B8%82
小規模サテライト型介護老人保健施設　「気比の風」,短期入所療養介護_老健,福井県,敦賀市,"介護,短期入所療養介護_老健,リハビリ,一時利用",短期入所療養介護_老健の公式オープンデータから取り込んだ候補です。詳細は公式情報・電話・見学で確認してください。,http://meihoukai.com/kehinokaze/,福井県敦賀市津内町３丁目６－２１,0770-20-0211,厚生労働省オープンデータ,https://www.mhlw.go.jp/content/12300000/jigyosho_220.csv,2025-12末,https://www.google.com/search?q=%E5%B0%8F%E8%A6%8F%E6%A8%A1%E3%82%B5%E3%83%86%E3%83%A9%E3%82%A4%E3%83%88%E5%9E%8B%E4%BB%8B%E8%AD%B7%E8%80%81%E4%BA%BA%E4%BF%9D%E5%81%A5%E6%96%BD%E8%A8%AD%E3%80%80%E3%80%8C%E6%B0%97%E6%AF%94%E3%81%AE%E9%A2%A8%E3%80%8D%20%E6%95%A6%E8%B3%80%E5%B8%82
介護老人保健施設　リバーサイド気比の杜,短期入所療養介護_老健,福井県,敦賀市,"介護,短期入所療養介護_老健,リハビリ,一時利用",短期入所療養介護_老健の公式オープンデータから取り込んだ候補です。詳細は公式情報・電話・見学で確認してください。,http://meihoukai.com/kehinomori/,福井県敦賀市昭和町2-2801,0770-20-1171,厚生労働省オープンデータ,https://www.mhlw.go.jp/content/12300000/jigyosho_220.csv,2025-12末,https://www.google.com/search?q=%E4%BB%8B%E8%AD%B7%E8%80%81%E4%BA%BA%E4%BF%9D%E5%81%A5%E6%96%BD%E8%A8%AD%E3%80%80%E3%83%AA%E3%83%90%E3%83%BC%E3%82%B5%E3%82%A4%E3%83%89%E6%B0%97%E6%AF%94%E3%81%AE%E6%9D%9C%20%E6%95%A6%E8%B3%80%E5%B8%82
介護老人保健施設　リバーサイド気比の杜,短期入所療養介護_老健,福井県,敦賀市,"介護,短期入所療養介護_老健,リハビリ,一時利用",短期入所療養介護_老健の公式オープンデータから取り込んだ候補です。詳細は公式情報・電話・見学で確認してください。,http://meihoukai.com/kehinomori/,福井県敦賀市昭和町2-2801,0770-20-1171,厚生労働省オープンデータ,https://www.mhlw.go.jp/content/12300000/jigyosho_220.csv,2025-12末,https://www.google.com/search?q=%E4%BB%8B%E8%AD%B7%E8%80%81%E4%BA%BA%E4%BF%9D%E5%81%A5%E6%96%BD%E8%A8%AD%E3%80%80%E3%83%AA%E3%83%90%E3%83%BC%E3%82%B5%E3%82%A4%E3%83%89%E6%B0%97%E6%AF%94%E3%81%AE%E6%9D%9C%20%E6%95%A6%E8%B3%80%E5%B8%82
介護老人保健施設アクール若狭,短期入所療養介護_老健,福井県,小浜市,"介護,短期入所療養介護_老健,リハビリ,一時利用",短期入所療養介護_老健の公式オープンデータから取り込んだ候補です。詳細は公式情報・電話・見学で確認してください。,http://www.obamahp-wakasa.jp/aculu/,福井県小浜市大手町2-2,0770-52-0989,厚生労働省オープンデータ,https://www.mhlw.go.jp/content/12300000/jigyosho_220.csv,2025-12末,https://www.google.com/search?q=%E4%BB%8B%E8%AD%B7%E8%80%81%E4%BA%BA%E4%BF%9D%E5%81%A5%E6%96%BD%E8%A8%AD%E3%82%A2%E3%82%AF%E3%83%BC%E3%83%AB%E8%8B%A5%E7%8B%AD%20%E5%B0%8F%E6%B5%9C%E5%B8%82
介護老人保健施設ビハーラ大野,短期入所療養介護_老健,福井県,大野市,"介護,短期入所療養介護_老健,リハビリ,一時利用",短期入所療養介護_老健の公式オープンデータから取り込んだ候補です。詳細は公式情報・電話・見学で確認してください。,https://www.google.com/search?q=%E4%BB%8B%E8%AD%B7%E8%80%81%E4%BA%BA%E4%BF%9D%E5%81%A5%E6%96%BD%E8%A8%AD%E3%83%93%E3%83%8F%E3%83%BC%E3%83%A9%E5%A4%A7%E9%87%8E%20%E5%A4%A7%E9%87%8E%E5%B8%82,福井県大野市牛ヶ原154-1-1,0779-66-1850,厚生労働省オープンデータ,https://www.mhlw.go.jp/content/12300000/jigyosho_220.csv,2025-12末,https://www.google.com/search?q=%E4%BB%8B%E8%AD%B7%E8%80%81%E4%BA%BA%E4%BF%9D%E5%81%A5%E6%96%BD%E8%A8%AD%E3%83%93%E3%83%8F%E3%83%BC%E3%83%A9%E5%A4%A7%E9%87%8E%20%E5%A4%A7%E9%87%8E%E5%B8%82
キラキラの町,短期入所療養介護_老健,福井県,大野市,"介護,短期入所療養介護_老健,リハビリ,一時利用",短期入所療養介護_老健の公式オープンデータから取り込んだ候補です。詳細は公式情報・電話・見学で確認してください。,www.kirakirakai-matsuda.or.jp,大野市要町１－１３,0779-66-7676,厚生労働省オープンデータ,https://www.mhlw.go.jp/content/12300000/jigyosho_220.csv,2025-12末,https://www.google.com/search?q=%E3%82%AD%E3%83%A9%E3%82%AD%E3%83%A9%E3%81%AE%E7%94%BA%20%E5%A4%A7%E9%87%8E%E5%B8%82
シルバーケア九頭竜,短期入所療養介護_老健,福井県,勝山市,"介護,短期入所療養介護_老健,リハビリ,一時利用",短期入所療養介護_老健の公式オープンデータから取り込んだ候補です。詳細は公式情報・電話・見学で確認してください。,http://kuzuryu.sakura.ne.jp/,福井県勝山市平泉寺町岩ケ野第４２号６１番地,0779-87-3003,厚生労働省オープンデータ,https://www.mhlw.go.jp/content/12300000/jigyosho_220.csv,2025-12末,https://www.google.com/search?q=%E3%82%B7%E3%83%AB%E3%83%90%E3%83%BC%E3%82%B1%E3%82%A2%E4%B9%9D%E9%A0%AD%E7%AB%9C%20%E5%8B%9D%E5%B1%B1%E5%B8%82
鷲巣苑,短期入所療養介護_老健,福井県,勝山市,"介護,短期入所療養介護_老健,リハビリ,一時利用",短期入所療養介護_老健の公式オープンデータから取り込んだ候補です。詳細は公式情報・電話・見学で確認してください。,http://www.washisuen.com/,福井県勝山市北郷町坂東島第８号２番地,0779-89-3390,厚生労働省オープンデータ,https://www.mhlw.go.jp/content/12300000/jigyosho_220.csv,2025-12末,https://www.google.com/search?q=%E9%B7%B2%E5%B7%A3%E8%8B%91%20%E5%8B%9D%E5%B1%B1%E5%B8%82
福井勝山総合病院附属介護老人保健施設,短期入所療養介護_老健,福井県,勝山市,"介護,短期入所療養介護_老健,リハビリ,一時利用",短期入所療養介護_老健の公式オープンデータから取り込んだ候補です。詳細は公式情報・電話・見学で確認してください。,http://fukui.jcho.go.jp/rouken/,福井県勝山市長山町2-6-21,0779-87-3100,厚生労働省オープンデータ,https://www.mhlw.go.jp/content/12300000/jigyosho_220.csv,2025-12末,https://www.google.com/search?q=%E7%A6%8F%E4%BA%95%E5%8B%9D%E5%B1%B1%E7%B7%8F%E5%90%88%E7%97%85%E9%99%A2%E9%99%84%E5%B1%9E%E4%BB%8B%E8%AD%B7%E8%80%81%E4%BA%BA%E4%BF%9D%E5%81%A5%E6%96%BD%E8%A8%AD%20%E5%8B%9D%E5%B1%B1%E5%B8%82
神明ケアセンター,短期入所療養介護_老健,福井県,鯖江市,"介護,短期入所療養介護_老健,リハビリ,一時利用",短期入所療養介護_老健の公式オープンデータから取り込んだ候補です。詳細は公式情報・電話・見学で確認してください。,https://www.google.com/search?q=%E7%A5%9E%E6%98%8E%E3%82%B1%E3%82%A2%E3%82%BB%E3%83%B3%E3%82%BF%E3%83%BC%20%E9%AF%96%E6%B1%9F%E5%B8%82,福井県鯖江市幸町１丁目2-2,0778-51-8228,厚生労働省オープンデータ,https://www.mhlw.go.jp/content/12300000/jigyosho_220.csv,2025-12末,https://www.google.com/search?q=%E7%A5%9E%E6%98%8E%E3%82%B1%E3%82%A2%E3%82%BB%E3%83%B3%E3%82%BF%E3%83%BC%20%E9%AF%96%E6%B1%9F%E5%B8%82
鯖江ケアセンターみどり荘,短期入所療養介護_老健,福井県,鯖江市,"介護,短期入所療養介護_老健,リハビリ,一時利用",短期入所療養介護_老健の公式オープンデータから取り込んだ候補です。詳細は公式情報・電話・見学で確認してください。,https://www.google.com/search?q=%E9%AF%96%E6%B1%9F%E3%82%B1%E3%82%A2%E3%82%BB%E3%83%B3%E3%82%BF%E3%83%BC%E3%81%BF%E3%81%A9%E3%82%8A%E8%8D%98%20%E9%AF%96%E6%B1%9F%E5%B8%82,鯖江市中野町33-20-1,0778-51-7540,厚生労働省オープンデータ,https://www.mhlw.go.jp/content/12300000/jigyosho_220.csv,2025-12末,https://www.google.com/search?q=%E9%AF%96%E6%B1%9F%E3%82%B1%E3%82%A2%E3%82%BB%E3%83%B3%E3%82%BF%E3%83%BC%E3%81%BF%E3%81%A9%E3%82%8A%E8%8D%98%20%E9%AF%96%E6%B1%9F%E5%B8%82
リハビリセンター王山,短期入所療養介護_老健,福井県,鯖江市,"介護,短期入所療養介護_老健,リハビリ,一時利用",短期入所療養介護_老健の公式オープンデータから取り込んだ候補です。詳細は公式情報・電話・見学で確認してください。,http://www4.ttn.ne.jp/~ohzan/,福井県鯖江市旭町１丁目3番22号,0778-51-7720,厚生労働省オープンデータ,https://www.mhlw.go.jp/content/12300000/jigyosho_220.csv,2025-12末,https://www.google.com/search?q=%E3%83%AA%E3%83%8F%E3%83%93%E3%83%AA%E3%82%BB%E3%83%B3%E3%82%BF%E3%83%BC%E7%8E%8B%E5%B1%B1%20%E9%AF%96%E6%B1%9F%E5%B8%82
加納老健,短期入所療養介護_老健,福井県,あわら市,"介護,短期入所療養介護_老健,リハビリ,一時利用",短期入所療養介護_老健の公式オープンデータから取り込んだ候補です。詳細は公式情報・電話・見学で確認してください。,http://www.kanouhp.jp/,あわら市花の杜1-2-39,0776-73-1002,厚生労働省オープンデータ,https://www.mhlw.go.jp/content/12300000/jigyosho_220.csv,2025-12末,https://www.google.com/search?q=%E5%8A%A0%E7%B4%8D%E8%80%81%E5%81%A5%20%E3%81%82%E3%82%8F%E3%82%89%E5%B8%82
医療法人　至捷会,短期入所療養介護_老健,福井県,あわら市,"介護,短期入所療養介護_老健,リハビリ,一時利用",短期入所療養介護_老健の公式オープンデータから取り込んだ候補です。詳細は公式情報・電話・見学で確認してください。,http://kimura-hospital.jp/,市姫3-23-4,0776-73-5678,厚生労働省オープンデータ,https://www.mhlw.go.jp/content/12300000/jigyosho_220.csv,2025-12末,https://www.google.com/search?q=%E5%8C%BB%E7%99%82%E6%B3%95%E4%BA%BA%E3%80%80%E8%87%B3%E6%8D%B7%E4%BC%9A%20%E3%81%82%E3%82%8F%E3%82%89%E5%B8%82
シルバーハイツ武生,短期入所療養介護_老健,福井県,越前市,"介護,短期入所療養介護_老健,リハビリ,一時利用",短期入所療養介護_老健の公式オープンデータから取り込んだ候補です。詳細は公式情報・電話・見学で確認してください。,http://aiki-hp.jp/,越前市中央2-9-40,0778-21-3111,厚生労働省オープンデータ,https://www.mhlw.go.jp/content/12300000/jigyosho_220.csv,2025-12末,https://www.google.com/search?q=%E3%82%B7%E3%83%AB%E3%83%90%E3%83%BC%E3%83%8F%E3%82%A4%E3%83%84%E6%AD%A6%E7%94%9F%20%E8%B6%8A%E5%89%8D%E5%B8%82
介護老人保健施設ディーパあかね,短期入所療養介護_老健,福井県,坂井市,"介護,短期入所療養介護_老健,リハビリ,一時利用",短期入所療養介護_老健の公式オープンデータから取り込んだ候補です。詳細は公式情報・電話・見学で確認してください。,http://akanekai.net,福井県坂井市丸岡町羽崎31-11-3,0776-67-0811,厚生労働省オープンデータ,https://www.mhlw.go.jp/content/12300000/jigyosho_220.csv,2025-12末,https://www.google.com/search?q=%E4%BB%8B%E8%AD%B7%E8%80%81%E4%BA%BA%E4%BF%9D%E5%81%A5%E6%96%BD%E8%A8%AD%E3%83%87%E3%82%A3%E3%83%BC%E3%83%91%E3%81%82%E3%81%8B%E3%81%AD%20%E5%9D%82%E4%BA%95%E5%B8%82
介護老人保健施設　東尋坊ひまわりの丘,短期入所療養介護_老健,福井県,坂井市,"介護,短期入所療養介護_老健,リハビリ,一時利用",短期入所療養介護_老健の公式オープンデータから取り込んだ候補です。詳細は公式情報・電話・見学で確認してください。,http://fj-g.jp/,福井県坂井市三国町陣ヶ岡16-13-18,0776-82-8500,厚生労働省オープンデータ,https://www.mhlw.go.jp/content/12300000/jigyosho_220.csv,2025-12末,https://www.google.com/search?q=%E4%BB%8B%E8%AD%B7%E8%80%81%E4%BA%BA%E4%BF%9D%E5%81%A5%E6%96%BD%E8%A8%AD%E3%80%80%E6%9D%B1%E5%B0%8B%E5%9D%8A%E3%81%B2%E3%81%BE%E3%82%8F%E3%82%8A%E3%81%AE%E4%B8%98%20%E5%9D%82%E4%BA%95%E5%B8%82
シルバーケア日野,短期入所療養介護_老健,福井県,南越前町,"介護,短期入所療養介護_老健,リハビリ,一時利用",短期入所療養介護_老健の公式オープンデータから取り込んだ候補です。詳細は公式情報・電話・見学で確認してください。,https://www.google.com/search?q=%E3%82%B7%E3%83%AB%E3%83%90%E3%83%BC%E3%82%B1%E3%82%A2%E6%97%A5%E9%87%8E%20%E5%8D%97%E8%B6%8A%E5%89%8D%E7%94%BA,南条郡南越前町東大道33-10-1,0778-47-3270,厚生労働省オープンデータ,https://www.mhlw.go.jp/content/12300000/jigyosho_220.csv,2025-12末,https://www.google.com/search?q=%E3%82%B7%E3%83%AB%E3%83%90%E3%83%BC%E3%82%B1%E3%82%A2%E6%97%A5%E9%87%8E%20%E5%8D%97%E8%B6%8A%E5%89%8D%E7%94%BA
今庄老人保健施設,短期入所療養介護_老健,福井県,南越前町,"介護,短期入所療養介護_老健,リハビリ,一時利用",短期入所療養介護_老健の公式オープンデータから取り込んだ候補です。詳細は公式情報・電話・見学で確認してください。,https:www.town.minamiechizen.lg.jp/sisetu/3004/p001123.html,福井県南条郡南越前町今庄84-26,0778-45-1724,厚生労働省オープンデータ,https://www.mhlw.go.jp/content/12300000/jigyosho_220.csv,2025-12末,https://www.google.com/search?q=%E4%BB%8A%E5%BA%84%E8%80%81%E4%BA%BA%E4%BF%9D%E5%81%A5%E6%96%BD%E8%A8%AD%20%E5%8D%97%E8%B6%8A%E5%89%8D%E7%94%BA
介護老人保健施設　　丹生ケアセンター　ひまわり荘,短期入所療養介護_老健,福井県,越前町,"介護,短期入所療養介護_老健,リハビリ,一時利用",短期入所療養介護_老健の公式オープンデータから取り込んだ候補です。詳細は公式情報・電話・見学で確認してください。,https://www.google.com/search?q=%E4%BB%8B%E8%AD%B7%E8%80%81%E4%BA%BA%E4%BF%9D%E5%81%A5%E6%96%BD%E8%A8%AD%E3%80%80%E3%80%80%E4%B8%B9%E7%94%9F%E3%82%B1%E3%82%A2%E3%82%BB%E3%83%B3%E3%82%BF%E3%83%BC%E3%80%80%E3%81%B2%E3%81%BE%E3%82%8F%E3%82%8A%E8%8D%98%20%E8%B6%8A%E5%89%8D%E7%94%BA,福井県丹生郡越前町四ツ杉３－１０,0778-36-2170,厚生労働省オープンデータ,https://www.mhlw.go.jp/content/12300000/jigyosho_220.csv,2025-12末,https://www.google.com/search?q=%E4%BB%8B%E8%AD%B7%E8%80%81%E4%BA%BA%E4%BF%9D%E5%81%A5%E6%96%BD%E8%A8%AD%E3%80%80%E3%80%80%E4%B8%B9%E7%94%9F%E3%82%B1%E3%82%A2%E3%82%BB%E3%83%B3%E3%82%BF%E3%83%BC%E3%80%80%E3%81%B2%E3%81%BE%E3%82%8F%E3%82%8A%E8%8D%98%20%E8%B6%8A%E5%89%8D%E7%94%BA
独立行政法人　地域医療機能推進機構　若狭高浜病院附属介護老人保健施設,短期入所療養介護_老健,福井県,高浜町,"介護,短期入所療養介護_老健,リハビリ,一時利用",短期入所療養介護_老健の公式オープンデータから取り込んだ候補です。詳細は公式情報・電話・見学で確認してください。,http://takahama.jcho.go.jp/rouken/,大飯郡高浜町宮崎８７－１４－２,0770-72-5115,厚生労働省オープンデータ,https://www.mhlw.go.jp/content/12300000/jigyosho_220.csv,2025-12末,https://www.google.com/search?q=%E7%8B%AC%E7%AB%8B%E8%A1%8C%E6%94%BF%E6%B3%95%E4%BA%BA%E3%80%80%E5%9C%B0%E5%9F%9F%E5%8C%BB%E7%99%82%E6%A9%9F%E8%83%BD%E6%8E%A8%E9%80%B2%E6%A9%9F%E6%A7%8B%E3%80%80%E8%8B%A5%E7%8B%AD%E9%AB%98%E6%B5%9C%E7%97%85%E9%99%A2%E9%99%84%E5%B1%9E%E4%BB%8B%E8%AD%B7%E8%80%81%E4%BA%BA%E4%BF%9D%E5%81%A5%E6%96%BD%E8%A8%AD%20%E9%AB%98%E6%B5%9C%E7%94%BA
介護老人保健施設　なごみ,短期入所療養介護_老健,福井県,おおい町,"介護,短期入所療養介護_老健,リハビリ,一時利用",短期入所療養介護_老健の公式オープンデータから取り込んだ候補です。詳細は公式情報・電話・見学で確認してください。,http://nagomi-ohi.com//,福井県大飯郡おおい町本郷第92号51番地1,0770-77-3184,厚生労働省オープンデータ,https://www.mhlw.go.jp/content/12300000/jigyosho_220.csv,2025-12末,https://www.google.com/search?q=%E4%BB%8B%E8%AD%B7%E8%80%81%E4%BA%BA%E4%BF%9D%E5%81%A5%E6%96%BD%E8%A8%AD%E3%80%80%E3%81%AA%E3%81%94%E3%81%BF%20%E3%81%8A%E3%81%8A%E3%81%84%E7%94%BA
介護老人保健施設　ゆなみ,短期入所療養介護_老健,福井県,若狭町,"介護,短期入所療養介護_老健,リハビリ,一時利用",短期入所療養介護_老健の公式オープンデータから取り込んだ候補です。詳細は公式情報・電話・見学で確認してください。,http://www.tsurugaonsen-hp.or.jp/yunami/,福井県三方上中郡若狭町岩屋61-31,0770-45-3200,厚生労働省オープンデータ,https://www.mhlw.go.jp/content/12300000/jigyosho_220.csv,2025-12末,https://www.google.com/search?q=%E4%BB%8B%E8%AD%B7%E8%80%81%E4%BA%BA%E4%BF%9D%E5%81%A5%E6%96%BD%E8%A8%AD%E3%80%80%E3%82%86%E3%81%AA%E3%81%BF%20%E8%8B%A5%E7%8B%AD%E7%94%BA
さくら病院,短期入所療養介護_病院等,福井県,福井市,"介護,短期入所療養介護_病院等,医療,一時利用",入院・治療・退院支援の相談先になる医療機関です。退院先の調整は担当看護師や医療相談員に確認してください。,http://www.senjukai.com,福井県福井市下荒井町第21号44番地の1さくら病院,0776-39-1600,厚生労働省オープンデータ,https://www.mhlw.go.jp/content/12300000/jigyosho_230.csv,2025-12末,https://www.google.com/search?q=%E3%81%95%E3%81%8F%E3%82%89%E7%97%85%E9%99%A2%20%E7%A6%8F%E4%BA%95%E5%B8%82
ひらい内科消化器科医院短期入所療養介護施設,短期入所療養介護_病院等,福井県,福井市,"介護,短期入所療養介護_病院等,医療,一時利用",入院・治療・退院支援の相談先になる医療機関です。退院先の調整は担当看護師や医療相談員に確認してください。,http://www.hirainaikashoukakika.org/,福井市渕4丁目1813,0776-33-6881,厚生労働省オープンデータ,https://www.mhlw.go.jp/content/12300000/jigyosho_230.csv,2025-12末,https://www.google.com/search?q=%E3%81%B2%E3%82%89%E3%81%84%E5%86%85%E7%A7%91%E6%B6%88%E5%8C%96%E5%99%A8%E7%A7%91%E5%8C%BB%E9%99%A2%E7%9F%AD%E6%9C%9F%E5%85%A5%E6%89%80%E7%99%82%E9%A4%8A%E4%BB%8B%E8%AD%B7%E6%96%BD%E8%A8%AD%20%E7%A6%8F%E4%BA%95%E5%B8%82
池端病院,短期入所療養介護_病院等,福井県,越前市,"介護,短期入所療養介護_病院等,医療,一時利用",入院・治療・退院支援の相談先になる医療機関です。退院先の調整は担当看護師や医療相談員に確認してください。,http://www.ikebata.jp,福井県越前市今宿町８－１,0778-23-0150,厚生労働省オープンデータ,https://www.mhlw.go.jp/content/12300000/jigyosho_230.csv,2025-12末,https://www.google.com/search?q=%E6%B1%A0%E7%AB%AF%E7%97%85%E9%99%A2%20%E8%B6%8A%E5%89%8D%E5%B8%82
宮崎病院,短期入所療養介護_病院等,福井県,坂井市,"介護,短期入所療養介護_病院等,医療,一時利用",入院・治療・退院支援の相談先になる医療機関です。退院先の調整は担当看護師や医療相談員に確認してください。,http://www.miyazaki-hp.com,坂井市三国町北本町2-2-6,0776-82-1002,厚生労働省オープンデータ,https://www.mhlw.go.jp/content/12300000/jigyosho_230.csv,2025-12末,https://www.google.com/search?q=%E5%AE%AE%E5%B4%8E%E7%97%85%E9%99%A2%20%E5%9D%82%E4%BA%95%E5%B8%82
若狭町国民健康保険上中病院,短期入所療養介護_病院等,福井県,若狭町,"介護,短期入所療養介護_病院等,医療,一時利用",入院・治療・退院支援の相談先になる医療機関です。退院先の調整は担当看護師や医療相談員に確認してください。,http://www.town.fukui-wakasa.lg.jp/town/category/page.asp?Page=34,福井県三方上中郡若狭町市場第１９号５番地,0770-62-1188,厚生労働省オープンデータ,https://www.mhlw.go.jp/content/12300000/jigyosho_230.csv,2025-12末,https://www.google.com/search?q=%E8%8B%A5%E7%8B%AD%E7%94%BA%E5%9B%BD%E6%B0%91%E5%81%A5%E5%BA%B7%E4%BF%9D%E9%99%BA%E4%B8%8A%E4%B8%AD%E7%97%85%E9%99%A2%20%E8%8B%A5%E7%8B%AD%E7%94%BA
いわき医院介護医療院,短期入所療養介護_介護医療院,福井県,福井市,"介護,短期入所療養介護_介護医療院,医療,入所,一時利用",長期的な医療管理と介護の両方が必要な方の入所施設です。,https://www.google.com/search?q=%E3%81%84%E3%82%8F%E3%81%8D%E5%8C%BB%E9%99%A2%E4%BB%8B%E8%AD%B7%E5%8C%BB%E7%99%82%E9%99%A2%20%E7%A6%8F%E4%BA%95%E5%B8%82,福井県福井市三十八社町10-8,0776382288,厚生労働省オープンデータ,https://www.mhlw.go.jp/content/12300000/jigyosho_551.csv,2025-12末,https://www.google.com/search?q=%E3%81%84%E3%82%8F%E3%81%8D%E5%8C%BB%E9%99%A2%E4%BB%8B%E8%AD%B7%E5%8C%BB%E7%99%82%E9%99%A2%20%E7%A6%8F%E4%BA%95%E5%B8%82
介護医療院　今立中央病院,短期入所療養介護_介護医療院,福井県,越前市,"介護,短期入所療養介護_介護医療院,医療,入所,一時利用",長期的な医療管理と介護の両方が必要な方の入所施設です。,https://www.imadatechuo-hp.com,福井県越前市粟田部町33-1一般財団法人　今立中央病院内　併設,0778-42-1800,厚生労働省オープンデータ,https://www.mhlw.go.jp/content/12300000/jigyosho_551.csv,2025-12末,https://www.google.com/search?q=%E4%BB%8B%E8%AD%B7%E5%8C%BB%E7%99%82%E9%99%A2%E3%80%80%E4%BB%8A%E7%AB%8B%E4%B8%AD%E5%A4%AE%E7%97%85%E9%99%A2%20%E8%B6%8A%E5%89%8D%E5%B8%82
医療法人　笠原病院,短期入所療養介護_介護医療院,福井県,越前市,"介護,短期入所療養介護_介護医療院,医療,入所,一時利用",長期的な医療管理と介護の両方が必要な方の入所施設です。,http://www.kasahara-hosp.or.jp,福井県越前市塚町２１４番地,0778-23-1155,厚生労働省オープンデータ,https://www.mhlw.go.jp/content/12300000/jigyosho_551.csv,2025-12末,https://www.google.com/search?q=%E5%8C%BB%E7%99%82%E6%B3%95%E4%BA%BA%E3%80%80%E7%AC%A0%E5%8E%9F%E7%97%85%E9%99%A2%20%E8%B6%8A%E5%89%8D%E5%B8%82
グループホーム　のどか,グループホーム,福井県,福井市,"介護,グループホーム,認知症",認知症のある方が少人数で生活する施設です。要支援・要介護度や地域要件を確認します。,http://www.fmatsubara.com/,福井市文京２丁目６－１０　２Ｆ,0776-28-7252,厚生労働省オープンデータ,https://www.mhlw.go.jp/content/12300000/jigyosho_320.csv,2025-12末,https://www.google.com/search?q=%E3%82%B0%E3%83%AB%E3%83%BC%E3%83%97%E3%83%9B%E3%83%BC%E3%83%A0%E3%80%80%E3%81%AE%E3%81%A9%E3%81%8B%20%E7%A6%8F%E4%BA%95%E5%B8%82
グループホームしみず,グループホーム,福井県,福井市,"介護,グループホーム,認知症",認知症のある方が少人数で生活する施設です。要支援・要介護度や地域要件を確認します。,http://www.jinnai-cs.co.jp,福井市竹生町32-48,0776-98-7890,厚生労働省オープンデータ,https://www.mhlw.go.jp/content/12300000/jigyosho_320.csv,2025-12末,https://www.google.com/search?q=%E3%82%B0%E3%83%AB%E3%83%BC%E3%83%97%E3%83%9B%E3%83%BC%E3%83%A0%E3%81%97%E3%81%BF%E3%81%9A%20%E7%A6%8F%E4%BA%95%E5%B8%82
いちご和えの里,グループホーム,福井県,福井市,"介護,グループホーム,認知症",認知症のある方が少人数で生活する施設です。要支援・要介護度や地域要件を確認します。,http://kenkoukai.or.jp/daycare/aenosato.html,福井県福井市勝見３丁目２０－１２いちごの森　１階,0776-27-0015,厚生労働省オープンデータ,https://www.mhlw.go.jp/content/12300000/jigyosho_320.csv,2025-12末,https://www.google.com/search?q=%E3%81%84%E3%81%A1%E3%81%94%E5%92%8C%E3%81%88%E3%81%AE%E9%87%8C%20%E7%A6%8F%E4%BA%95%E5%B8%82
グループホーム　花むつ,グループホーム,福井県,福井市,"介護,グループホーム,認知症",認知症のある方が少人数で生活する施設です。要支援・要介護度や地域要件を確認します。,https://www.google.com/search?q=%E3%82%B0%E3%83%AB%E3%83%BC%E3%83%97%E3%83%9B%E3%83%BC%E3%83%A0%E3%80%80%E8%8A%B1%E3%82%80%E3%81%A4%20%E7%A6%8F%E4%BA%95%E5%B8%82,福井県福井市花堂中1丁目5-6,0776-37-3801,厚生労働省オープンデータ,https://www.mhlw.go.jp/content/12300000/jigyosho_320.csv,2025-12末,https://www.google.com/search?q=%E3%82%B0%E3%83%AB%E3%83%BC%E3%83%97%E3%83%9B%E3%83%BC%E3%83%A0%E3%80%80%E8%8A%B1%E3%82%80%E3%81%A4%20%E7%A6%8F%E4%BA%95%E5%B8%82
すのうどろっぷhope,グループホーム,福井県,福井市,"介護,グループホーム,認知症",認知症のある方が少人数で生活する施設です。要支援・要介護度や地域要件を確認します。,http://snow-dp.co.jp/,福井市和田東１丁目2218番地,0776-21-1576,厚生労働省オープンデータ,https://www.mhlw.go.jp/content/12300000/jigyosho_320.csv,2025-12末,https://www.google.com/search?q=%E3%81%99%E3%81%AE%E3%81%86%E3%81%A9%E3%82%8D%E3%81%A3%E3%81%B7hope%20%E7%A6%8F%E4%BA%95%E5%B8%82
冨永グループホーム,グループホーム,福井県,福井市,"介護,グループホーム,認知症",認知症のある方が少人数で生活する施設です。要支援・要介護度や地域要件を確認します。,http://www5b.biglobe.ne.jp/~tomihp/,西木田3-5-13,0776-36-1851,厚生労働省オープンデータ,https://www.mhlw.go.jp/content/12300000/jigyosho_320.csv,2025-12末,https://www.google.com/search?q=%E5%86%A8%E6%B0%B8%E3%82%B0%E3%83%AB%E3%83%BC%E3%83%97%E3%83%9B%E3%83%BC%E3%83%A0%20%E7%A6%8F%E4%BA%95%E5%B8%82
グループホームうらら,グループホーム,福井県,福井市,"介護,グループホーム,認知症",認知症のある方が少人数で生活する施設です。要支援・要介護度や地域要件を確認します。,http://www.hikarigroup.jp/,福井県福井市木田1丁目3308,0776-33-2555,厚生労働省オープンデータ,https://www.mhlw.go.jp/content/12300000/jigyosho_320.csv,2025-12末,https://www.google.com/search?q=%E3%82%B0%E3%83%AB%E3%83%BC%E3%83%97%E3%83%9B%E3%83%BC%E3%83%A0%E3%81%86%E3%82%89%E3%82%89%20%E7%A6%8F%E4%BA%95%E5%B8%82
グループホーム　桜手苑,グループホーム,福井県,福井市,"介護,グループホーム,認知症",認知症のある方が少人数で生活する施設です。要支援・要介護度や地域要件を確認します。,http://ooteen.org,福井県福井市大手2-22-18,0776-26-7077,厚生労働省オープンデータ,https://www.mhlw.go.jp/content/12300000/jigyosho_320.csv,2025-12末,https://www.google.com/search?q=%E3%82%B0%E3%83%AB%E3%83%BC%E3%83%97%E3%83%9B%E3%83%BC%E3%83%A0%E3%80%80%E6%A1%9C%E6%89%8B%E8%8B%91%20%E7%A6%8F%E4%BA%95%E5%B8%82
認知症対応型共同生活介護事業所　やよいの森,グループホーム,福井県,福井市,"介護,グループホーム,認知症",認知症のある方が少人数で生活する施設です。要支援・要介護度や地域要件を確認します。,http://www.aijuen.com/,福井県福井市門前1丁目120番地,0776-34-5112,厚生労働省オープンデータ,https://www.mhlw.go.jp/content/12300000/jigyosho_320.csv,2025-12末,https://www.google.com/search?q=%E8%AA%8D%E7%9F%A5%E7%97%87%E5%AF%BE%E5%BF%9C%E5%9E%8B%E5%85%B1%E5%90%8C%E7%94%9F%E6%B4%BB%E4%BB%8B%E8%AD%B7%E4%BA%8B%E6%A5%AD%E6%89%80%E3%80%80%E3%82%84%E3%82%88%E3%81%84%E3%81%AE%E6%A3%AE%20%E7%A6%8F%E4%BA%95%E5%B8%82
グループホーム和,グループホーム,福井県,福井市,"介護,グループホーム,認知症",認知症のある方が少人数で生活する施設です。要支援・要介護度や地域要件を確認します。,https://www.yushinkai291.com/,福井県福井市若杉町２５－１８－１,0776-34-5595,厚生労働省オープンデータ,https://www.mhlw.go.jp/content/12300000/jigyosho_320.csv,2025-12末,https://www.google.com/search?q=%E3%82%B0%E3%83%AB%E3%83%BC%E3%83%97%E3%83%9B%E3%83%BC%E3%83%A0%E5%92%8C%20%E7%A6%8F%E4%BA%95%E5%B8%82
グループホームあたご,グループホーム,福井県,福井市,"介護,グループホーム,認知症",認知症のある方が少人数で生活する施設です。要支援・要介護度や地域要件を確認します。,https://www.google.com/search?q=%E3%82%B0%E3%83%AB%E3%83%BC%E3%83%97%E3%83%9B%E3%83%BC%E3%83%A0%E3%81%82%E3%81%9F%E3%81%94%20%E7%A6%8F%E4%BA%95%E5%B8%82,福井県福井市足羽5丁目5番17号,0776-33-7081,厚生労働省オープンデータ,https://www.mhlw.go.jp/content/12300000/jigyosho_320.csv,2025-12末,https://www.google.com/search?q=%E3%82%B0%E3%83%AB%E3%83%BC%E3%83%97%E3%83%9B%E3%83%BC%E3%83%A0%E3%81%82%E3%81%9F%E3%81%94%20%E7%A6%8F%E4%BA%95%E5%B8%82
グループホーム　あさむつの森,グループホーム,福井県,福井市,"介護,グループホーム,認知症",認知症のある方が少人数で生活する施設です。要支援・要介護度や地域要件を確認します。,http://www.asamutuen.jp/,福井市引目町21-9-2,0776-38-9285,厚生労働省オープンデータ,https://www.mhlw.go.jp/content/12300000/jigyosho_320.csv,2025-12末,https://www.google.com/search?q=%E3%82%B0%E3%83%AB%E3%83%BC%E3%83%97%E3%83%9B%E3%83%BC%E3%83%A0%E3%80%80%E3%81%82%E3%81%95%E3%82%80%E3%81%A4%E3%81%AE%E6%A3%AE%20%E7%A6%8F%E4%BA%95%E5%B8%82
グループホーム　らくや,グループホーム,福井県,福井市,"介護,グループホーム,認知症",認知症のある方が少人数で生活する施設です。要支援・要介護度や地域要件を確認します。,https://www.koyokai-fukui.com/care/rakuya2.php,福井市上野本町1丁目3912番地グループホームらくや,0776-56-8808,厚生労働省オープンデータ,https://www.mhlw.go.jp/content/12300000/jigyosho_320.csv,2025-12末,https://www.google.com/search?q=%E3%82%B0%E3%83%AB%E3%83%BC%E3%83%97%E3%83%9B%E3%83%BC%E3%83%A0%E3%80%80%E3%82%89%E3%81%8F%E3%82%84%20%E7%A6%8F%E4%BA%95%E5%B8%82
グループホーム美山,グループホーム,福井県,福井市,"介護,グループホーム,認知症",認知症のある方が少人数で生活する施設です。要支援・要介護度や地域要件を確認します。,http://www.asuwafukushikai.jp/gh-miyama/,福井県福井市美山町6-1,0776-90-3330,厚生労働省オープンデータ,https://www.mhlw.go.jp/content/12300000/jigyosho_320.csv,2025-12末,https://www.google.com/search?q=%E3%82%B0%E3%83%AB%E3%83%BC%E3%83%97%E3%83%9B%E3%83%BC%E3%83%A0%E7%BE%8E%E5%B1%B1%20%E7%A6%8F%E4%BA%95%E5%B8%82
グループホーム翠,グループホーム,福井県,福井市,"介護,グループホーム,認知症",認知症のある方が少人数で生活する施設です。要支援・要介護度や地域要件を確認します。,http://www.sansuien.jp/,福井県福井市堅達町24-1,0776-43-3880,厚生労働省オープンデータ,https://www.mhlw.go.jp/content/12300000/jigyosho_320.csv,2025-12末,https://www.google.com/search?q=%E3%82%B0%E3%83%AB%E3%83%BC%E3%83%97%E3%83%9B%E3%83%BC%E3%83%A0%E7%BF%A0%20%E7%A6%8F%E4%BA%95%E5%B8%82
ほのかな家,グループホーム,福井県,福井市,"介護,グループホーム,認知症",認知症のある方が少人数で生活する施設です。要支援・要介護度や地域要件を確認します。,http://www.care-unit.com/,三郎丸２丁目812番地,0776-97-5277,厚生労働省オープンデータ,https://www.mhlw.go.jp/content/12300000/jigyosho_320.csv,2025-12末,https://www.google.com/search?q=%E3%81%BB%E3%81%AE%E3%81%8B%E3%81%AA%E5%AE%B6%20%E7%A6%8F%E4%BA%95%E5%B8%82
グループホーム匠サテライト,グループホーム,福井県,福井市,"介護,グループホーム,認知症",認知症のある方が少人数で生活する施設です。要支援・要介護度や地域要件を確認します。,https://koseikaigroup.jp/,福井市下六条町217番地9,0776-43-6810,厚生労働省オープンデータ,https://www.mhlw.go.jp/content/12300000/jigyosho_320.csv,2025-12末,https://www.google.com/search?q=%E3%82%B0%E3%83%AB%E3%83%BC%E3%83%97%E3%83%9B%E3%83%BC%E3%83%A0%E5%8C%A0%E3%82%B5%E3%83%86%E3%83%A9%E3%82%A4%E3%83%88%20%E7%A6%8F%E4%BA%95%E5%B8%82
グループホーム翠Ⅱ,グループホーム,福井県,福井市,"介護,グループホーム,認知症",認知症のある方が少人数で生活する施設です。要支援・要介護度や地域要件を確認します。,http://www.sansuien.jp/,福井県福井市堅達町24ー1,0776-43-3880,厚生労働省オープンデータ,https://www.mhlw.go.jp/content/12300000/jigyosho_320.csv,2025-12末,https://www.google.com/search?q=%E3%82%B0%E3%83%AB%E3%83%BC%E3%83%97%E3%83%9B%E3%83%BC%E3%83%A0%E7%BF%A0%E2%85%A1%20%E7%A6%8F%E4%BA%95%E5%B8%82
グループホームあさくら,グループホーム,福井県,福井市,"介護,グループホーム,認知症",認知症のある方が少人数で生活する施設です。要支援・要介護度や地域要件を確認します。,http://www.asakuraen.jp,福井市下六条町18-37,0776-41-8408,厚生労働省オープンデータ,https://www.mhlw.go.jp/content/12300000/jigyosho_320.csv,2025-12末,https://www.google.com/search?q=%E3%82%B0%E3%83%AB%E3%83%BC%E3%83%97%E3%83%9B%E3%83%BC%E3%83%A0%E3%81%82%E3%81%95%E3%81%8F%E3%82%89%20%E7%A6%8F%E4%BA%95%E5%B8%82
グループホーム田園,グループホーム,福井県,福井市,"介護,グループホーム,認知症",認知症のある方が少人数で生活する施設です。要支援・要介護度や地域要件を確認します。,http://www.takaoen.jp,福井県福井市本堂町５１字３８番地－１,0776-37-0123,厚生労働省オープンデータ,https://www.mhlw.go.jp/content/12300000/jigyosho_320.csv,2025-12末,https://www.google.com/search?q=%E3%82%B0%E3%83%AB%E3%83%BC%E3%83%97%E3%83%9B%E3%83%BC%E3%83%A0%E7%94%B0%E5%9C%92%20%E7%A6%8F%E4%BA%95%E5%B8%82
グループホームあさくらの家東郷,グループホーム,福井県,福井市,"介護,グループホーム,認知症",認知症のある方が少人数で生活する施設です。要支援・要介護度や地域要件を確認します。,http://www.asakuraen.jp,福井県福井市東郷二ヶ町6-2-1,0776-41-8500,厚生労働省オープンデータ,https://www.mhlw.go.jp/content/12300000/jigyosho_320.csv,2025-12末,https://www.google.com/search?q=%E3%82%B0%E3%83%AB%E3%83%BC%E3%83%97%E3%83%9B%E3%83%BC%E3%83%A0%E3%81%82%E3%81%95%E3%81%8F%E3%82%89%E3%81%AE%E5%AE%B6%E6%9D%B1%E9%83%B7%20%E7%A6%8F%E4%BA%95%E5%B8%82
グループホーム匠,グループホーム,福井県,福井市,"介護,グループホーム,認知症",認知症のある方が少人数で生活する施設です。要支援・要介護度や地域要件を確認します。,http://www.koseikaigroup.jp/welfare/syousai/takumi_group.html,福井市灯明寺4丁目1706番地,0776-28-3232,厚生労働省オープンデータ,https://www.mhlw.go.jp/content/12300000/jigyosho_320.csv,2025-12末,https://www.google.com/search?q=%E3%82%B0%E3%83%AB%E3%83%BC%E3%83%97%E3%83%9B%E3%83%BC%E3%83%A0%E5%8C%A0%20%E7%A6%8F%E4%BA%95%E5%B8%82
グループホームあそうづ,グループホーム,福井県,福井市,"介護,グループホーム,認知症",認知症のある方が少人数で生活する施設です。要支援・要介護度や地域要件を確認します。,http://www.hakusankai.sakura.ne.jp/,福井市浅水三ケ町1-29-2,0776-50-1165,厚生労働省オープンデータ,https://www.mhlw.go.jp/content/12300000/jigyosho_320.csv,2025-12末,https://www.google.com/search?q=%E3%82%B0%E3%83%AB%E3%83%BC%E3%83%97%E3%83%9B%E3%83%BC%E3%83%A0%E3%81%82%E3%81%9D%E3%81%86%E3%81%A5%20%E7%A6%8F%E4%BA%95%E5%B8%82
グループホーム　宝珠の郷,グループホーム,福井県,福井市,"介護,グループホーム,認知症",認知症のある方が少人数で生活する施設です。要支援・要介護度や地域要件を確認します。,http://www.houjuen.org/,福井市内山梨子町3-46,0776-83-0800,厚生労働省オープンデータ,https://www.mhlw.go.jp/content/12300000/jigyosho_320.csv,2025-12末,https://www.google.com/search?q=%E3%82%B0%E3%83%AB%E3%83%BC%E3%83%97%E3%83%9B%E3%83%BC%E3%83%A0%E3%80%80%E5%AE%9D%E7%8F%A0%E3%81%AE%E9%83%B7%20%E7%A6%8F%E4%BA%95%E5%B8%82
いちご月見の里,グループホーム,福井県,福井市,"介護,グループホーム,認知症",認知症のある方が少人数で生活する施設です。要支援・要介護度や地域要件を確認します。,http://www.kenkoukai.or.jp/carehouse/tsukiminosato,福井市月見４丁目２０－４７,0776-34-5515,厚生労働省オープンデータ,https://www.mhlw.go.jp/content/12300000/jigyosho_320.csv,2025-12末,https://www.google.com/search?q=%E3%81%84%E3%81%A1%E3%81%94%E6%9C%88%E8%A6%8B%E3%81%AE%E9%87%8C%20%E7%A6%8F%E4%BA%95%E5%B8%82
グループホームふじしま,グループホーム,福井県,福井市,"介護,グループホーム,認知症",認知症のある方が少人数で生活する施設です。要支援・要介護度や地域要件を確認します。,http://www.fujishimaen.or.jp/,福井市高木中央３－１７０１,0776-52-1166,厚生労働省オープンデータ,https://www.mhlw.go.jp/content/12300000/jigyosho_320.csv,2025-12末,https://www.google.com/search?q=%E3%82%B0%E3%83%AB%E3%83%BC%E3%83%97%E3%83%9B%E3%83%BC%E3%83%A0%E3%81%B5%E3%81%98%E3%81%97%E3%81%BE%20%E7%A6%8F%E4%BA%95%E5%B8%82
グループホーム楓,グループホーム,福井県,福井市,"介護,グループホーム,認知症",認知症のある方が少人数で生活する施設です。要支援・要介護度や地域要件を確認します。,http://www.meipurucare.com/,福井市大宮4丁目13番1号,0776-25-0042,厚生労働省オープンデータ,https://www.mhlw.go.jp/content/12300000/jigyosho_320.csv,2025-12末,https://www.google.com/search?q=%E3%82%B0%E3%83%AB%E3%83%BC%E3%83%97%E3%83%9B%E3%83%BC%E3%83%A0%E6%A5%93%20%E7%A6%8F%E4%BA%95%E5%B8%82
県民せいきょう　岡保きらめきグループホーム,グループホーム,福井県,福井市,"介護,グループホーム,認知症",認知症のある方が少人数で生活する施設です。要支援・要介護度や地域要件を確認します。,http://www.fukui.coop/,福井市曽万布町7字18番1,0776-52-0840,厚生労働省オープンデータ,https://www.mhlw.go.jp/content/12300000/jigyosho_320.csv,2025-12末,https://www.google.com/search?q=%E7%9C%8C%E6%B0%91%E3%81%9B%E3%81%84%E3%81%8D%E3%82%87%E3%81%86%E3%80%80%E5%B2%A1%E4%BF%9D%E3%81%8D%E3%82%89%E3%82%81%E3%81%8D%E3%82%B0%E3%83%AB%E3%83%BC%E3%83%97%E3%83%9B%E3%83%BC%E3%83%A0%20%E7%A6%8F%E4%BA%95%E5%B8%82
グループホーム楽ちんの家　笑楽,グループホーム,福井県,福井市,"介護,グループホーム,認知症",認知症のある方が少人数で生活する施設です。要支援・要介護度や地域要件を確認します。,http://www.rakuchinnoie.com,福井県　福井市　大久保町1-61,0776-96-7080,厚生労働省オープンデータ,https://www.mhlw.go.jp/content/12300000/jigyosho_320.csv,2025-12末,https://www.google.com/search?q=%E3%82%B0%E3%83%AB%E3%83%BC%E3%83%97%E3%83%9B%E3%83%BC%E3%83%A0%E6%A5%BD%E3%81%A1%E3%82%93%E3%81%AE%E5%AE%B6%E3%80%80%E7%AC%91%E6%A5%BD%20%E7%A6%8F%E4%BA%95%E5%B8%82
みどりの森グループホーム,グループホーム,福井県,福井市,"介護,グループホーム,認知症",認知症のある方が少人数で生活する施設です。要支援・要介護度や地域要件を確認します。,http://www.fmatsubara.com/,福井市文京２丁目６－１０介護保険施設みどりの森　2・3階,0776-28-7253,厚生労働省オープンデータ,https://www.mhlw.go.jp/content/12300000/jigyosho_320.csv,2025-12末,https://www.google.com/search?q=%E3%81%BF%E3%81%A9%E3%82%8A%E3%81%AE%E6%A3%AE%E3%82%B0%E3%83%AB%E3%83%BC%E3%83%97%E3%83%9B%E3%83%BC%E3%83%A0%20%E7%A6%8F%E4%BA%95%E5%B8%82
グループホームけんとく,グループホーム,福井県,福井市,"介護,グループホーム,認知症",認知症のある方が少人数で生活する施設です。要支援・要介護度や地域要件を確認します。,https://www.otaki-hp.or.jp/group/grouphome-kentoku/,福井県福井市乾徳４丁目４－１８,0776-30-5100,厚生労働省オープンデータ,https://www.mhlw.go.jp/content/12300000/jigyosho_320.csv,2025-12末,https://www.google.com/search?q=%E3%82%B0%E3%83%AB%E3%83%BC%E3%83%97%E3%83%9B%E3%83%BC%E3%83%A0%E3%81%91%E3%82%93%E3%81%A8%E3%81%8F%20%E7%A6%8F%E4%BA%95%E5%B8%82
グループホーム　幸の家,グループホーム,福井県,福井市,"介護,グループホーム,認知症",認知症のある方が少人数で生活する施設です。要支援・要介護度や地域要件を確認します。,http://www.yuwaen.jp,福井市免鳥町第２２号７０番地,0776-86-1855,厚生労働省オープンデータ,https://www.mhlw.go.jp/content/12300000/jigyosho_320.csv,2025-12末,https://www.google.com/search?q=%E3%82%B0%E3%83%AB%E3%83%BC%E3%83%97%E3%83%9B%E3%83%BC%E3%83%A0%E3%80%80%E5%B9%B8%E3%81%AE%E5%AE%B6%20%E7%A6%8F%E4%BA%95%E5%B8%82
愛全園グループホーム,グループホーム,福井県,福井市,"介護,グループホーム,認知症",認知症のある方が少人数で生活する施設です。要支援・要介護度や地域要件を確認します。,http://www.asuwafukushikai.jp/,福井市丸山町40-7,0776-53-5411,厚生労働省オープンデータ,https://www.mhlw.go.jp/content/12300000/jigyosho_320.csv,2025-12末,https://www.google.com/search?q=%E6%84%9B%E5%85%A8%E5%9C%92%E3%82%B0%E3%83%AB%E3%83%BC%E3%83%97%E3%83%9B%E3%83%BC%E3%83%A0%20%E7%A6%8F%E4%BA%95%E5%B8%82
二の丸苑　グループホーム,グループホーム,福井県,福井市,"介護,グループホーム,認知症",認知症のある方が少人数で生活する施設です。要支援・要介護度や地域要件を確認します。,http://shinseikai-f.org/,福井県福井市大手2丁目21-3,0776-26-2035,厚生労働省オープンデータ,https://www.mhlw.go.jp/content/12300000/jigyosho_320.csv,2025-12末,https://www.google.com/search?q=%E4%BA%8C%E3%81%AE%E4%B8%B8%E8%8B%91%E3%80%80%E3%82%B0%E3%83%AB%E3%83%BC%E3%83%97%E3%83%9B%E3%83%BC%E3%83%A0%20%E7%A6%8F%E4%BA%95%E5%B8%82
グループホーム　たぶのき,グループホーム,福井県,福井市,"介護,グループホーム,認知症",認知症のある方が少人数で生活する施設です。要支援・要介護度や地域要件を確認します。,http://fukui-youi.com/,大願寺3丁目3-6,0776-27-3940,厚生労働省オープンデータ,https://www.mhlw.go.jp/content/12300000/jigyosho_320.csv,2025-12末,https://www.google.com/search?q=%E3%82%B0%E3%83%AB%E3%83%BC%E3%83%97%E3%83%9B%E3%83%BC%E3%83%A0%E3%80%80%E3%81%9F%E3%81%B6%E3%81%AE%E3%81%8D%20%E7%A6%8F%E4%BA%95%E5%B8%82
グループホーム　レインボー灯明寺,グループホーム,福井県,福井市,"介護,グループホーム,認知症",認知症のある方が少人数で生活する施設です。要支援・要介護度や地域要件を確認します。,http://rainbow-kaigo.com,福井県福井市灯明寺町５９－１２－１,0776-23-3060,厚生労働省オープンデータ,https://www.mhlw.go.jp/content/12300000/jigyosho_320.csv,2025-12末,https://www.google.com/search?q=%E3%82%B0%E3%83%AB%E3%83%BC%E3%83%97%E3%83%9B%E3%83%BC%E3%83%A0%E3%80%80%E3%83%AC%E3%82%A4%E3%83%B3%E3%83%9C%E3%83%BC%E7%81%AF%E6%98%8E%E5%AF%BA%20%E7%A6%8F%E4%BA%95%E5%B8%82
グループホーム　レインボー２１,グループホーム,福井県,福井市,"介護,グループホーム,認知症",認知症のある方が少人数で生活する施設です。要支援・要介護度や地域要件を確認します。,http://rainbow-kaigo.com,福井県福井市高木中央3丁目1601番地,0776-57-2800,厚生労働省オープンデータ,https://www.mhlw.go.jp/content/12300000/jigyosho_320.csv,2025-12末,https://www.google.com/search?q=%E3%82%B0%E3%83%AB%E3%83%BC%E3%83%97%E3%83%9B%E3%83%BC%E3%83%A0%E3%80%80%E3%83%AC%E3%82%A4%E3%83%B3%E3%83%9C%E3%83%BC%EF%BC%92%EF%BC%91%20%E7%A6%8F%E4%BA%95%E5%B8%82
グループホーム　ゆうなぎ,グループホーム,福井県,福井市,"介護,グループホーム,認知症",認知症のある方が少人数で生活する施設です。要支援・要介護度や地域要件を確認します。,http://green-i.jp,福井県福井市鮎川町９１－３７,0776-88-2440,厚生労働省オープンデータ,https://www.mhlw.go.jp/content/12300000/jigyosho_320.csv,2025-12末,https://www.google.com/search?q=%E3%82%B0%E3%83%AB%E3%83%BC%E3%83%97%E3%83%9B%E3%83%BC%E3%83%A0%E3%80%80%E3%82%86%E3%81%86%E3%81%AA%E3%81%8E%20%E7%A6%8F%E4%BA%95%E5%B8%82
認知症対応型共同生活介護事業所　アイホームらくらく,グループホーム,福井県,敦賀市,"介護,グループホーム,認知症",認知症のある方が少人数で生活する施設です。要支援・要介護度や地域要件を確認します。,https://ihome-csi.localinfo.jp/,福井県敦賀市結城町１３番２４号,0770-21-0017,厚生労働省オープンデータ,https://www.mhlw.go.jp/content/12300000/jigyosho_320.csv,2025-12末,https://www.google.com/search?q=%E8%AA%8D%E7%9F%A5%E7%97%87%E5%AF%BE%E5%BF%9C%E5%9E%8B%E5%85%B1%E5%90%8C%E7%94%9F%E6%B4%BB%E4%BB%8B%E8%AD%B7%E4%BA%8B%E6%A5%AD%E6%89%80%E3%80%80%E3%82%A2%E3%82%A4%E3%83%9B%E3%83%BC%E3%83%A0%E3%82%89%E3%81%8F%E3%82%89%E3%81%8F%20%E6%95%A6%E8%B3%80%E5%B8%82
敦賀ケアセンターかくだ「あずさ」,グループホーム,福井県,敦賀市,"介護,グループホーム,認知症",認知症のある方が少人数で生活する施設です。要支援・要介護度や地域要件を確認します。,http://kakuda4141.co.jp,福井県敦賀市新松島町8番30号,0770-22-6120,厚生労働省オープンデータ,https://www.mhlw.go.jp/content/12300000/jigyosho_320.csv,2025-12末,https://www.google.com/search?q=%E6%95%A6%E8%B3%80%E3%82%B1%E3%82%A2%E3%82%BB%E3%83%B3%E3%82%BF%E3%83%BC%E3%81%8B%E3%81%8F%E3%81%A0%E3%80%8C%E3%81%82%E3%81%9A%E3%81%95%E3%80%8D%20%E6%95%A6%E8%B3%80%E5%B8%82
敦賀ケアセンターかくだ「はるか」,グループホーム,福井県,敦賀市,"介護,グループホーム,認知症",認知症のある方が少人数で生活する施設です。要支援・要介護度や地域要件を確認します。,http://care-net.biz/18/kakuda/,福井県敦賀市昭和町二丁目20番地16,0770-25-4141,厚生労働省オープンデータ,https://www.mhlw.go.jp/content/12300000/jigyosho_320.csv,2025-12末,https://www.google.com/search?q=%E6%95%A6%E8%B3%80%E3%82%B1%E3%82%A2%E3%82%BB%E3%83%B3%E3%82%BF%E3%83%BC%E3%81%8B%E3%81%8F%E3%81%A0%E3%80%8C%E3%81%AF%E3%82%8B%E3%81%8B%E3%80%8D%20%E6%95%A6%E8%B3%80%E5%B8%82
グループホームつくし,グループホーム,福井県,敦賀市,"介護,グループホーム,認知症",認知症のある方が少人数で生活する施設です。要支援・要介護度や地域要件を確認します。,http://www1.rcn.ne.jp/~kanawasakai/,福井県敦賀市天筒町８－５５グループホームつくし,0770-21-1331,厚生労働省オープンデータ,https://www.mhlw.go.jp/content/12300000/jigyosho_320.csv,2025-12末,https://www.google.com/search?q=%E3%82%B0%E3%83%AB%E3%83%BC%E3%83%97%E3%83%9B%E3%83%BC%E3%83%A0%E3%81%A4%E3%81%8F%E3%81%97%20%E6%95%A6%E8%B3%80%E5%B8%82
認知症対応型共同生活介護　グループホーム　ひなた,グループホーム,福井県,敦賀市,"介護,グループホーム,認知症",認知症のある方が少人数で生活する施設です。要支援・要介護度や地域要件を確認します。,https://www.google.com/search?q=%E8%AA%8D%E7%9F%A5%E7%97%87%E5%AF%BE%E5%BF%9C%E5%9E%8B%E5%85%B1%E5%90%8C%E7%94%9F%E6%B4%BB%E4%BB%8B%E8%AD%B7%E3%80%80%E3%82%B0%E3%83%AB%E3%83%BC%E3%83%97%E3%83%9B%E3%83%BC%E3%83%A0%E3%80%80%E3%81%B2%E3%81%AA%E3%81%9F%20%E6%95%A6%E8%B3%80%E5%B8%82,福井県敦賀市衣掛町420番,0770-24-1123,厚生労働省オープンデータ,https://www.mhlw.go.jp/content/12300000/jigyosho_320.csv,2025-12末,https://www.google.com/search?q=%E8%AA%8D%E7%9F%A5%E7%97%87%E5%AF%BE%E5%BF%9C%E5%9E%8B%E5%85%B1%E5%90%8C%E7%94%9F%E6%B4%BB%E4%BB%8B%E8%AD%B7%E3%80%80%E3%82%B0%E3%83%AB%E3%83%BC%E3%83%97%E3%83%9B%E3%83%BC%E3%83%A0%E3%80%80%E3%81%B2%E3%81%AA%E3%81%9F%20%E6%95%A6%E8%B3%80%E5%B8%82
グループホーム　さと,グループホーム,福井県,敦賀市,"介護,グループホーム,認知症",認知症のある方が少人数で生活する施設です。要支援・要介護度や地域要件を確認します。,http://www.fukushika.com,福井県敦賀市鋳物師町12－16－5,0770－24－6701,厚生労働省オープンデータ,https://www.mhlw.go.jp/content/12300000/jigyosho_320.csv,2025-12末,https://www.google.com/search?q=%E3%82%B0%E3%83%AB%E3%83%BC%E3%83%97%E3%83%9B%E3%83%BC%E3%83%A0%E3%80%80%E3%81%95%E3%81%A8%20%E6%95%A6%E8%B3%80%E5%B8%82
グループホームみつばち,グループホーム,福井県,敦賀市,"介護,グループホーム,認知症",認知症のある方が少人数で生活する施設です。要支援・要介護度や地域要件を確認します。,mitsubachi-nosaka.jimdosite.com,福井県敦賀市野坂２０－１,0770-20-0038,厚生労働省オープンデータ,https://www.mhlw.go.jp/content/12300000/jigyosho_320.csv,2025-12末,https://www.google.com/search?q=%E3%82%B0%E3%83%AB%E3%83%BC%E3%83%97%E3%83%9B%E3%83%BC%E3%83%A0%E3%81%BF%E3%81%A4%E3%81%B0%E3%81%A1%20%E6%95%A6%E8%B3%80%E5%B8%82
グループホームどりぃむはうす,グループホーム,福井県,敦賀市,"介護,グループホーム,認知症",認知症のある方が少人数で生活する施設です。要支援・要介護度や地域要件を確認します。,https://www.google.com/search?q=%E3%82%B0%E3%83%AB%E3%83%BC%E3%83%97%E3%83%9B%E3%83%BC%E3%83%A0%E3%81%A9%E3%82%8A%E3%81%83%E3%82%80%E3%81%AF%E3%81%86%E3%81%99%20%E6%95%A6%E8%B3%80%E5%B8%82,福井県敦賀市長谷３６号３番地1,0770-20-5751,厚生労働省オープンデータ,https://www.mhlw.go.jp/content/12300000/jigyosho_320.csv,2025-12末,https://www.google.com/search?q=%E3%82%B0%E3%83%AB%E3%83%BC%E3%83%97%E3%83%9B%E3%83%BC%E3%83%A0%E3%81%A9%E3%82%8A%E3%81%83%E3%82%80%E3%81%AF%E3%81%86%E3%81%99%20%E6%95%A6%E8%B3%80%E5%B8%82
和の家えがお,グループホーム,福井県,敦賀市,"介護,グループホーム,認知症",認知症のある方が少人数で生活する施設です。要支援・要介護度や地域要件を確認します。,http://www.fukui-min-iren.com/iryouseikyou/,福井県敦賀市公文名1号6番,0770-25-3535,厚生労働省オープンデータ,https://www.mhlw.go.jp/content/12300000/jigyosho_320.csv,2025-12末,https://www.google.com/search?q=%E5%92%8C%E3%81%AE%E5%AE%B6%E3%81%88%E3%81%8C%E3%81%8A%20%E6%95%A6%E8%B3%80%E5%B8%82
県民せいきょう結城きらめきグループホーム,グループホーム,福井県,敦賀市,"介護,グループホーム,認知症",認知症のある方が少人数で生活する施設です。要支援・要介護度や地域要件を確認します。,http://www.fukui.coop/,福井県敦賀市結城町13番24号,0770-21-0017,厚生労働省オープンデータ,https://www.mhlw.go.jp/content/12300000/jigyosho_320.csv,2025-12末,https://www.google.com/search?q=%E7%9C%8C%E6%B0%91%E3%81%9B%E3%81%84%E3%81%8D%E3%82%87%E3%81%86%E7%B5%90%E5%9F%8E%E3%81%8D%E3%82%89%E3%82%81%E3%81%8D%E3%82%B0%E3%83%AB%E3%83%BC%E3%83%97%E3%83%9B%E3%83%BC%E3%83%A0%20%E6%95%A6%E8%B3%80%E5%B8%82
グループホーム　明峰夢,グループホーム,福井県,敦賀市,"介護,グループホーム,認知症",認知症のある方が少人数で生活する施設です。要支援・要介護度や地域要件を確認します。,http://www.meihoukai.com/,福井県敦賀市津内町3丁目7-17グループホーム　明峰夢,0770-23-3700,厚生労働省オープンデータ,https://www.mhlw.go.jp/content/12300000/jigyosho_320.csv,2025-12末,https://www.google.com/search?q=%E3%82%B0%E3%83%AB%E3%83%BC%E3%83%97%E3%83%9B%E3%83%BC%E3%83%A0%E3%80%80%E6%98%8E%E5%B3%B0%E5%A4%A2%20%E6%95%A6%E8%B3%80%E5%B8%82
グループホーム　あかり苑,グループホーム,福井県,敦賀市,"介護,グループホーム,認知症",認知症のある方が少人数で生活する施設です。要支援・要介護度や地域要件を確認します。,https://kjinkai.jp/facility/akarien/group-home/,福井県敦賀市高野２－１－１,0770-23-7878,厚生労働省オープンデータ,https://www.mhlw.go.jp/content/12300000/jigyosho_320.csv,2025-12末,https://www.google.com/search?q=%E3%82%B0%E3%83%AB%E3%83%BC%E3%83%97%E3%83%9B%E3%83%BC%E3%83%A0%E3%80%80%E3%81%82%E3%81%8B%E3%82%8A%E8%8B%91%20%E6%95%A6%E8%B3%80%E5%B8%82
グループホーム幸,グループホーム,福井県,敦賀市,"介護,グループホーム,認知症",認知症のある方が少人数で生活する施設です。要支援・要介護度や地域要件を確認します。,http://fukushika.com,福井県敦賀市鋳物師町１９０４－１,0770-20-0294,厚生労働省オープンデータ,https://www.mhlw.go.jp/content/12300000/jigyosho_320.csv,2025-12末,https://www.google.com/search?q=%E3%82%B0%E3%83%AB%E3%83%BC%E3%83%97%E3%83%9B%E3%83%BC%E3%83%A0%E5%B9%B8%20%E6%95%A6%E8%B3%80%E5%B8%82
グループホーム　まんさく,グループホーム,福井県,敦賀市,"介護,グループホーム,認知症",認知症のある方が少人数で生活する施設です。要支援・要介護度や地域要件を確認します。,https://kjinkai.jp/,福井県敦賀市公文名５２号３－１,077037-1580,厚生労働省オープンデータ,https://www.mhlw.go.jp/content/12300000/jigyosho_320.csv,2025-12末,https://www.google.com/search?q=%E3%82%B0%E3%83%AB%E3%83%BC%E3%83%97%E3%83%9B%E3%83%BC%E3%83%A0%E3%80%80%E3%81%BE%E3%82%93%E3%81%95%E3%81%8F%20%E6%95%A6%E8%B3%80%E5%B8%82
グループホーム　ひまわりの郷,グループホーム,福井県,小浜市,"介護,グループホーム,認知症",認知症のある方が少人数で生活する施設です。要支援・要介護度や地域要件を確認します。,http://www.sekishin-himawari.or.jp/,福井県小浜市加茂2-52,0770-57-2711,厚生労働省オープンデータ,https://www.mhlw.go.jp/content/12300000/jigyosho_320.csv,2025-12末,https://www.google.com/search?q=%E3%82%B0%E3%83%AB%E3%83%BC%E3%83%97%E3%83%9B%E3%83%BC%E3%83%A0%E3%80%80%E3%81%B2%E3%81%BE%E3%82%8F%E3%82%8A%E3%81%AE%E9%83%B7%20%E5%B0%8F%E6%B5%9C%E5%B8%82
グループホーム　おあしす,グループホーム,福井県,小浜市,"介護,グループホーム,認知症",認知症のある方が少人数で生活する施設です。要支援・要介護度や地域要件を確認します。,http://homeoasis.jp/,福井県　小浜市　雲浜　1丁目　8番　8号,0770-53-5500,厚生労働省オープンデータ,https://www.mhlw.go.jp/content/12300000/jigyosho_320.csv,2025-12末,https://www.google.com/search?q=%E3%82%B0%E3%83%AB%E3%83%BC%E3%83%97%E3%83%9B%E3%83%BC%E3%83%A0%E3%80%80%E3%81%8A%E3%81%82%E3%81%97%E3%81%99%20%E5%B0%8F%E6%B5%9C%E5%B8%82
グループホーム　一乗ハイム,グループホーム,福井県,大野市,"介護,グループホーム,認知症",認知症のある方が少人数で生活する施設です。要支援・要介護度や地域要件を確認します。,https://www.google.com/search?q=%E3%82%B0%E3%83%AB%E3%83%BC%E3%83%97%E3%83%9B%E3%83%BC%E3%83%A0%E3%80%80%E4%B8%80%E4%B9%97%E3%83%8F%E3%82%A4%E3%83%A0%20%E5%A4%A7%E9%87%8E%E5%B8%82,福井県大野市明倫町　6-8,0779-65-6511,厚生労働省オープンデータ,https://www.mhlw.go.jp/content/12300000/jigyosho_320.csv,2025-12末,https://www.google.com/search?q=%E3%82%B0%E3%83%AB%E3%83%BC%E3%83%97%E3%83%9B%E3%83%BC%E3%83%A0%E3%80%80%E4%B8%80%E4%B9%97%E3%83%8F%E3%82%A4%E3%83%A0%20%E5%A4%A7%E9%87%8E%E5%B8%82
認知症対応型共同生活介護　グループホーム　くつろぎ,グループホーム,福井県,大野市,"介護,グループホーム,認知症",認知症のある方が少人数で生活する施設です。要支援・要介護度や地域要件を確認します。,https://www.google.com/search?q=%E8%AA%8D%E7%9F%A5%E7%97%87%E5%AF%BE%E5%BF%9C%E5%9E%8B%E5%85%B1%E5%90%8C%E7%94%9F%E6%B4%BB%E4%BB%8B%E8%AD%B7%E3%80%80%E3%82%B0%E3%83%AB%E3%83%BC%E3%83%97%E3%83%9B%E3%83%BC%E3%83%A0%E3%80%80%E3%81%8F%E3%81%A4%E3%82%8D%E3%81%8E%20%E5%A4%A7%E9%87%8E%E5%B8%82,福井県大野市中据　12-17,0779-64-5675,厚生労働省オープンデータ,https://www.mhlw.go.jp/content/12300000/jigyosho_320.csv,2025-12末,https://www.google.com/search?q=%E8%AA%8D%E7%9F%A5%E7%97%87%E5%AF%BE%E5%BF%9C%E5%9E%8B%E5%85%B1%E5%90%8C%E7%94%9F%E6%B4%BB%E4%BB%8B%E8%AD%B7%E3%80%80%E3%82%B0%E3%83%AB%E3%83%BC%E3%83%97%E3%83%9B%E3%83%BC%E3%83%A0%E3%80%80%E3%81%8F%E3%81%A4%E3%82%8D%E3%81%8E%20%E5%A4%A7%E9%87%8E%E5%B8%82
県民せいきょう大野きらめきグループホーム,グループホーム,福井県,大野市,"介護,グループホーム,認知症",認知症のある方が少人数で生活する施設です。要支援・要介護度や地域要件を確認します。,http://www.fukui.coop/,福井県大野市天神町3番21号,0779-66-6812,厚生労働省オープンデータ,https://www.mhlw.go.jp/content/12300000/jigyosho_320.csv,2025-12末,https://www.google.com/search?q=%E7%9C%8C%E6%B0%91%E3%81%9B%E3%81%84%E3%81%8D%E3%82%87%E3%81%86%E5%A4%A7%E9%87%8E%E3%81%8D%E3%82%89%E3%82%81%E3%81%8D%E3%82%B0%E3%83%AB%E3%83%BC%E3%83%97%E3%83%9B%E3%83%BC%E3%83%A0%20%E5%A4%A7%E9%87%8E%E5%B8%82
グループホーム　けいあい,グループホーム,福井県,大野市,"介護,グループホーム,認知症",認知症のある方が少人数で生活する施設です。要支援・要介護度や地域要件を確認します。,https://www.google.com/search?q=%E3%82%B0%E3%83%AB%E3%83%BC%E3%83%97%E3%83%9B%E3%83%BC%E3%83%A0%E3%80%80%E3%81%91%E3%81%84%E3%81%82%E3%81%84%20%E5%A4%A7%E9%87%8E%E5%B8%82,福井県大野市牛ヶ原154-1-1,0779-66-1851,厚生労働省オープンデータ,https://www.mhlw.go.jp/content/12300000/jigyosho_320.csv,2025-12末,https://www.google.com/search?q=%E3%82%B0%E3%83%AB%E3%83%BC%E3%83%97%E3%83%9B%E3%83%BC%E3%83%A0%E3%80%80%E3%81%91%E3%81%84%E3%81%82%E3%81%84%20%E5%A4%A7%E9%87%8E%E5%B8%82
グループホームさくら日和,グループホーム,福井県,大野市,"介護,グループホーム,認知症",認知症のある方が少人数で生活する施設です。要支援・要介護度や地域要件を確認します。,http://koseikaigroup.jp,福井県大野市中津川32-33,0779-69-7339,厚生労働省オープンデータ,https://www.mhlw.go.jp/content/12300000/jigyosho_320.csv,2025-12末,https://www.google.com/search?q=%E3%82%B0%E3%83%AB%E3%83%BC%E3%83%97%E3%83%9B%E3%83%BC%E3%83%A0%E3%81%95%E3%81%8F%E3%82%89%E6%97%A5%E5%92%8C%20%E5%A4%A7%E9%87%8E%E5%B8%82
グループホームしずく,グループホーム,福井県,勝山市,"介護,グループホーム,認知症",認知症のある方が少人数で生活する施設です。要支援・要介護度や地域要件を確認します。,https://www.google.com/search?q=%E3%82%B0%E3%83%AB%E3%83%BC%E3%83%97%E3%83%9B%E3%83%BC%E3%83%A0%E3%81%97%E3%81%9A%E3%81%8F%20%E5%8B%9D%E5%B1%B1%E5%B8%82,福井県勝山市元町3丁目5-4,0779-88-2455,厚生労働省オープンデータ,https://www.mhlw.go.jp/content/12300000/jigyosho_320.csv,2025-12末,https://www.google.com/search?q=%E3%82%B0%E3%83%AB%E3%83%BC%E3%83%97%E3%83%9B%E3%83%BC%E3%83%A0%E3%81%97%E3%81%9A%E3%81%8F%20%E5%8B%9D%E5%B1%B1%E5%B8%82
グループホームはなみずき,グループホーム,福井県,勝山市,"介護,グループホーム,認知症",認知症のある方が少人数で生活する施設です。要支援・要介護度や地域要件を確認します。,https://www.hanamizuki-katsuyama.jp/,福井県勝山市立川町１丁目１１番２４号,0779-88-5600,厚生労働省オープンデータ,https://www.mhlw.go.jp/content/12300000/jigyosho_320.csv,2025-12末,https://www.google.com/search?q=%E3%82%B0%E3%83%AB%E3%83%BC%E3%83%97%E3%83%9B%E3%83%BC%E3%83%A0%E3%81%AF%E3%81%AA%E3%81%BF%E3%81%9A%E3%81%8D%20%E5%8B%9D%E5%B1%B1%E5%B8%82
愛の家グループホーム勝山荒土,グループホーム,福井県,勝山市,"介護,グループホーム,認知症",認知症のある方が少人数で生活する施設です。要支援・要介護度や地域要件を確認します。,http://www.mcsg.co.jp,福井県勝山市荒土町新保10号１０９番地２,0779-89-3880,厚生労働省オープンデータ,https://www.mhlw.go.jp/content/12300000/jigyosho_320.csv,2025-12末,https://www.google.com/search?q=%E6%84%9B%E3%81%AE%E5%AE%B6%E3%82%B0%E3%83%AB%E3%83%BC%E3%83%97%E3%83%9B%E3%83%BC%E3%83%A0%E5%8B%9D%E5%B1%B1%E8%8D%92%E5%9C%9F%20%E5%8B%9D%E5%B1%B1%E5%B8%82
愛の家グループホーム勝山野向,グループホーム,福井県,勝山市,"介護,グループホーム,認知症",認知症のある方が少人数で生活する施設です。要支援・要介護度や地域要件を確認します。,http://www.mcsg.co.jp/,福井県勝山市野向町深谷４２－３－２,0779-88-3511,厚生労働省オープンデータ,https://www.mhlw.go.jp/content/12300000/jigyosho_320.csv,2025-12末,https://www.google.com/search?q=%E6%84%9B%E3%81%AE%E5%AE%B6%E3%82%B0%E3%83%AB%E3%83%BC%E3%83%97%E3%83%9B%E3%83%BC%E3%83%A0%E5%8B%9D%E5%B1%B1%E9%87%8E%E5%90%91%20%E5%8B%9D%E5%B1%B1%E5%B8%82
ニチイケアセンター糺さくら,グループホーム,福井県,鯖江市,"介護,グループホーム,認知症",認知症のある方が少人数で生活する施設です。要支援・要介護度や地域要件を確認します。,https://www.google.com/search?q=%E3%83%8B%E3%83%81%E3%82%A4%E3%82%B1%E3%82%A2%E3%82%BB%E3%83%B3%E3%82%BF%E3%83%BC%E7%B3%BA%E3%81%95%E3%81%8F%E3%82%89%20%E9%AF%96%E6%B1%9F%E5%B8%82,福井県鯖江市糺町14-6,0778-51-1711,厚生労働省オープンデータ,https://www.mhlw.go.jp/content/12300000/jigyosho_320.csv,2025-12末,https://www.google.com/search?q=%E3%83%8B%E3%83%81%E3%82%A4%E3%82%B1%E3%82%A2%E3%82%BB%E3%83%B3%E3%82%BF%E3%83%BC%E7%B3%BA%E3%81%95%E3%81%8F%E3%82%89%20%E9%AF%96%E6%B1%9F%E5%B8%82
グループホームおしどり,グループホーム,福井県,鯖江市,"介護,グループホーム,認知症",認知症のある方が少人数で生活する施設です。要支援・要介護度や地域要件を確認します。,http://www.touyoukai.or.jp,福井県鯖江市別司町41-30,0778-65-3120,厚生労働省オープンデータ,https://www.mhlw.go.jp/content/12300000/jigyosho_320.csv,2025-12末,https://www.google.com/search?q=%E3%82%B0%E3%83%AB%E3%83%BC%E3%83%97%E3%83%9B%E3%83%BC%E3%83%A0%E3%81%8A%E3%81%97%E3%81%A9%E3%82%8A%20%E9%AF%96%E6%B1%9F%E5%B8%82
きらめきの里鯖江,グループホーム,福井県,鯖江市,"介護,グループホーム,認知症",認知症のある方が少人数で生活する施設です。要支援・要介護度や地域要件を確認します。,https://www.fukui.coop/kirameki-fukushikai/,福井県鯖江市小黒町3丁目1009番,0778-53-0294,厚生労働省オープンデータ,https://www.mhlw.go.jp/content/12300000/jigyosho_320.csv,2025-12末,https://www.google.com/search?q=%E3%81%8D%E3%82%89%E3%82%81%E3%81%8D%E3%81%AE%E9%87%8C%E9%AF%96%E6%B1%9F%20%E9%AF%96%E6%B1%9F%E5%B8%82
グループホームさばえ,グループホーム,福井県,鯖江市,"介護,グループホーム,認知症",認知症のある方が少人数で生活する施設です。要支援・要介護度や地域要件を確認します。,https://www.jujinkai.or.jp/zaitaku,鯖江市旭町4丁目９-１０介護医療院かがやき,0778-51-2755,厚生労働省オープンデータ,https://www.mhlw.go.jp/content/12300000/jigyosho_320.csv,2025-12末,https://www.google.com/search?q=%E3%82%B0%E3%83%AB%E3%83%BC%E3%83%97%E3%83%9B%E3%83%BC%E3%83%A0%E3%81%95%E3%81%B0%E3%81%88%20%E9%AF%96%E6%B1%9F%E5%B8%82
エレガントセニールルーエ,グループホーム,福井県,鯖江市,"介護,グループホーム,認知症",認知症のある方が少人数で生活する施設です。要支援・要介護度や地域要件を確認します。,https://www.google.com/search?q=%E3%82%A8%E3%83%AC%E3%82%AC%E3%83%B3%E3%83%88%E3%82%BB%E3%83%8B%E3%83%BC%E3%83%AB%E3%83%AB%E3%83%BC%E3%82%A8%20%E9%AF%96%E6%B1%9F%E5%B8%82,福井県鯖江市吉江町３１－７－１,0778-53-2773,厚生労働省オープンデータ,https://www.mhlw.go.jp/content/12300000/jigyosho_320.csv,2025-12末,https://www.google.com/search?q=%E3%82%A8%E3%83%AC%E3%82%AC%E3%83%B3%E3%83%88%E3%82%BB%E3%83%8B%E3%83%BC%E3%83%AB%E3%83%AB%E3%83%BC%E3%82%A8%20%E9%AF%96%E6%B1%9F%E5%B8%82
県民せいきょう鯖江きらめきグループホーム,グループホーム,福井県,鯖江市,"介護,グループホーム,認知症",認知症のある方が少人数で生活する施設です。要支援・要介護度や地域要件を確認します。,http://www.fukui.coop/,小黒町3丁目10-21,0778-52-9050,厚生労働省オープンデータ,https://www.mhlw.go.jp/content/12300000/jigyosho_320.csv,2025-12末,https://www.google.com/search?q=%E7%9C%8C%E6%B0%91%E3%81%9B%E3%81%84%E3%81%8D%E3%82%87%E3%81%86%E9%AF%96%E6%B1%9F%E3%81%8D%E3%82%89%E3%82%81%E3%81%8D%E3%82%B0%E3%83%AB%E3%83%BC%E3%83%97%E3%83%9B%E3%83%BC%E3%83%A0%20%E9%AF%96%E6%B1%9F%E5%B8%82
グループホーム　つつじ,グループホーム,福井県,鯖江市,"介護,グループホーム,認知症",認知症のある方が少人数で生活する施設です。要支援・要介護度や地域要件を確認します。,http://www.tutujien.or.jp/,福井県鯖江市水落町３丁目６－３３,0778-53-2040,厚生労働省オープンデータ,https://www.mhlw.go.jp/content/12300000/jigyosho_320.csv,2025-12末,https://www.google.com/search?q=%E3%82%B0%E3%83%AB%E3%83%BC%E3%83%97%E3%83%9B%E3%83%BC%E3%83%A0%E3%80%80%E3%81%A4%E3%81%A4%E3%81%98%20%E9%AF%96%E6%B1%9F%E5%B8%82
グループホーム　とものいえ,グループホーム,福井県,あわら市,"介護,グループホーム,認知症",認知症のある方が少人数で生活する施設です。要支援・要介護度や地域要件を確認します。,http://www.naruza.jp/,福井県あわら市二面2丁目302番地,0776-77-2261,厚生労働省オープンデータ,https://www.mhlw.go.jp/content/12300000/jigyosho_320.csv,2025-12末,https://www.google.com/search?q=%E3%82%B0%E3%83%AB%E3%83%BC%E3%83%97%E3%83%9B%E3%83%BC%E3%83%A0%E3%80%80%E3%81%A8%E3%82%82%E3%81%AE%E3%81%84%E3%81%88%20%E3%81%82%E3%82%8F%E3%82%89%E5%B8%82
グループホーム　あわら聖徳園,グループホーム,福井県,あわら市,"介護,グループホーム,認知症",認知症のある方が少人数で生活する施設です。要支援・要介護度や地域要件を確認します。,http://www.shotokuen.or.jp/,福井県あわら市田中々３－２５－７,0776-78-7177,厚生労働省オープンデータ,https://www.mhlw.go.jp/content/12300000/jigyosho_320.csv,2025-12末,https://www.google.com/search?q=%E3%82%B0%E3%83%AB%E3%83%BC%E3%83%97%E3%83%9B%E3%83%BC%E3%83%A0%E3%80%80%E3%81%82%E3%82%8F%E3%82%89%E8%81%96%E5%BE%B3%E5%9C%92%20%E3%81%82%E3%82%8F%E3%82%89%E5%B8%82
福井県民せいきょう　金津きらめき　グループホーム,グループホーム,福井県,あわら市,"介護,グループホーム,認知症",認知症のある方が少人数で生活する施設です。要支援・要介護度や地域要件を確認します。,https://www.fukui.coop/care/shisetsu/kanazu-kirameki/,福井県あわら市大溝3丁目11番7号,0776-73-1165,厚生労働省オープンデータ,https://www.mhlw.go.jp/content/12300000/jigyosho_320.csv,2025-12末,https://www.google.com/search?q=%E7%A6%8F%E4%BA%95%E7%9C%8C%E6%B0%91%E3%81%9B%E3%81%84%E3%81%8D%E3%82%87%E3%81%86%E3%80%80%E9%87%91%E6%B4%A5%E3%81%8D%E3%82%89%E3%82%81%E3%81%8D%E3%80%80%E3%82%B0%E3%83%AB%E3%83%BC%E3%83%97%E3%83%9B%E3%83%BC%E3%83%A0%20%E3%81%82%E3%82%8F%E3%82%89%E5%B8%82
ウエルネス木村,グループホーム,福井県,あわら市,"介護,グループホーム,認知症",認知症のある方が少人数で生活する施設です。要支援・要介護度や地域要件を確認します。,http://www.s-fukushi.or.jp/wellness/,福井県あわら市自由ケ丘２－１５－２３,0776-73-7788,厚生労働省オープンデータ,https://www.mhlw.go.jp/content/12300000/jigyosho_320.csv,2025-12末,https://www.google.com/search?q=%E3%82%A6%E3%82%A8%E3%83%AB%E3%83%8D%E3%82%B9%E6%9C%A8%E6%9D%91%20%E3%81%82%E3%82%8F%E3%82%89%E5%B8%82
グループホームらいふ,グループホーム,福井県,越前市,"介護,グループホーム,認知症",認知症のある方が少人数で生活する施設です。要支援・要介護度や地域要件を確認します。,http://lifemore.ne.jp/,福井県越前市横根町12-4-1,0778-43-5406,厚生労働省オープンデータ,https://www.mhlw.go.jp/content/12300000/jigyosho_320.csv,2025-12末,https://www.google.com/search?q=%E3%82%B0%E3%83%AB%E3%83%BC%E3%83%97%E3%83%9B%E3%83%BC%E3%83%A0%E3%82%89%E3%81%84%E3%81%B5%20%E8%B6%8A%E5%89%8D%E5%B8%82
極ほっと倶楽部,グループホーム,福井県,越前市,"介護,グループホーム,認知症",認知症のある方が少人数で生活する施設です。要支援・要介護度や地域要件を確認します。,http://hotreha.com/,福井県越前市高木町111-2地域包括ケアセンター,0778-29-3000,厚生労働省オープンデータ,https://www.mhlw.go.jp/content/12300000/jigyosho_320.csv,2025-12末,https://www.google.com/search?q=%E6%A5%B5%E3%81%BB%E3%81%A3%E3%81%A8%E5%80%B6%E6%A5%BD%E9%83%A8%20%E8%B6%8A%E5%89%8D%E5%B8%82
県民せいきょう丹南きらめきグループホーム,グループホーム,福井県,越前市,"介護,グループホーム,認知症",認知症のある方が少人数で生活する施設です。要支援・要介護度や地域要件を確認します。,https://www.fukui.coop/,家久町49-4-1,0778-22-7760,厚生労働省オープンデータ,https://www.mhlw.go.jp/content/12300000/jigyosho_320.csv,2025-12末,https://www.google.com/search?q=%E7%9C%8C%E6%B0%91%E3%81%9B%E3%81%84%E3%81%8D%E3%82%87%E3%81%86%E4%B8%B9%E5%8D%97%E3%81%8D%E3%82%89%E3%82%81%E3%81%8D%E3%82%B0%E3%83%AB%E3%83%BC%E3%83%97%E3%83%9B%E3%83%BC%E3%83%A0%20%E8%B6%8A%E5%89%8D%E5%B8%82
グループホーム　藤の園,グループホーム,福井県,越前市,"介護,グループホーム,認知症",認知症のある方が少人数で生活する施設です。要支援・要介護度や地域要件を確認します。,https://www.google.com/search?q=%E3%82%B0%E3%83%AB%E3%83%BC%E3%83%97%E3%83%9B%E3%83%BC%E3%83%A0%E3%80%80%E8%97%A4%E3%81%AE%E5%9C%92%20%E8%B6%8A%E5%89%8D%E5%B8%82,福井県越前市北府３丁目１０番２１号,0778-25-5001,厚生労働省オープンデータ,https://www.mhlw.go.jp/content/12300000/jigyosho_320.csv,2025-12末,https://www.google.com/search?q=%E3%82%B0%E3%83%AB%E3%83%BC%E3%83%97%E3%83%9B%E3%83%BC%E3%83%A0%E3%80%80%E8%97%A4%E3%81%AE%E5%9C%92%20%E8%B6%8A%E5%89%8D%E5%B8%82
認知症対応型共同生活介護　ゆうゆうの家（介護予防含む）,グループホーム,福井県,越前市,"介護,グループホーム,認知症",認知症のある方が少人数で生活する施設です。要支援・要介護度や地域要件を確認します。,https://www.google.com/search?q=%E8%AA%8D%E7%9F%A5%E7%97%87%E5%AF%BE%E5%BF%9C%E5%9E%8B%E5%85%B1%E5%90%8C%E7%94%9F%E6%B4%BB%E4%BB%8B%E8%AD%B7%E3%80%80%E3%82%86%E3%81%86%E3%82%86%E3%81%86%E3%81%AE%E5%AE%B6%EF%BC%88%E4%BB%8B%E8%AD%B7%E4%BA%88%E9%98%B2%E5%90%AB%E3%82%80%EF%BC%89%20%E8%B6%8A%E5%89%8D%E5%B8%82,福井県越前市粟田部町42-6-1,0778-43-1900,厚生労働省オープンデータ,https://www.mhlw.go.jp/content/12300000/jigyosho_320.csv,2025-12末,https://www.google.com/search?q=%E8%AA%8D%E7%9F%A5%E7%97%87%E5%AF%BE%E5%BF%9C%E5%9E%8B%E5%85%B1%E5%90%8C%E7%94%9F%E6%B4%BB%E4%BB%8B%E8%AD%B7%E3%80%80%E3%82%86%E3%81%86%E3%82%86%E3%81%86%E3%81%AE%E5%AE%B6%EF%BC%88%E4%BB%8B%E8%AD%B7%E4%BA%88%E9%98%B2%E5%90%AB%E3%82%80%EF%BC%89%20%E8%B6%8A%E5%89%8D%E5%B8%82
アクティブケアーあいの樹,グループホーム,福井県,越前市,"介護,グループホーム,認知症",認知症のある方が少人数で生活する施設です。要支援・要介護度や地域要件を確認します。,http://aiki-hp.jp/,福井県越前市小松１－５－４,0778-21-2110,厚生労働省オープンデータ,https://www.mhlw.go.jp/content/12300000/jigyosho_320.csv,2025-12末,https://www.google.com/search?q=%E3%82%A2%E3%82%AF%E3%83%86%E3%82%A3%E3%83%96%E3%82%B1%E3%82%A2%E3%83%BC%E3%81%82%E3%81%84%E3%81%AE%E6%A8%B9%20%E8%B6%8A%E5%89%8D%E5%B8%82
ラポールわかたけ,グループホーム,福井県,越前市,"介護,グループホーム,認知症",認知症のある方が少人数で生活する施設です。要支援・要介護度や地域要件を確認します。,http://www.wakatake.ne.jp/,福井県越前市瓜生町33-15-1,0778-25-5800,厚生労働省オープンデータ,https://www.mhlw.go.jp/content/12300000/jigyosho_320.csv,2025-12末,https://www.google.com/search?q=%E3%83%A9%E3%83%9D%E3%83%BC%E3%83%AB%E3%82%8F%E3%81%8B%E3%81%9F%E3%81%91%20%E8%B6%8A%E5%89%8D%E5%B8%82
グループホームらくらく,グループホーム,福井県,越前市,"介護,グループホーム,認知症",認知症のある方が少人数で生活する施設です。要支援・要介護度や地域要件を確認します。,http://ichibankaigo.jp/,越前市稲寄町１２－８－５,0778-22-2120,厚生労働省オープンデータ,https://www.mhlw.go.jp/content/12300000/jigyosho_320.csv,2025-12末,https://www.google.com/search?q=%E3%82%B0%E3%83%AB%E3%83%BC%E3%83%97%E3%83%9B%E3%83%BC%E3%83%A0%E3%82%89%E3%81%8F%E3%82%89%E3%81%8F%20%E8%B6%8A%E5%89%8D%E5%B8%82
グループホーム　藤の都,グループホーム,福井県,越前市,"介護,グループホーム,認知症",認知症のある方が少人数で生活する施設です。要支援・要介護度や地域要件を確認します。,https://www.google.com/search?q=%E3%82%B0%E3%83%AB%E3%83%BC%E3%83%97%E3%83%9B%E3%83%BC%E3%83%A0%E3%80%80%E8%97%A4%E3%81%AE%E9%83%BD%20%E8%B6%8A%E5%89%8D%E5%B8%82,福井県越前市北府３丁目７番２５号,0778-25-6002,厚生労働省オープンデータ,https://www.mhlw.go.jp/content/12300000/jigyosho_320.csv,2025-12末,https://www.google.com/search?q=%E3%82%B0%E3%83%AB%E3%83%BC%E3%83%97%E3%83%9B%E3%83%BC%E3%83%A0%E3%80%80%E8%97%A4%E3%81%AE%E9%83%BD%20%E8%B6%8A%E5%89%8D%E5%B8%82
グループホーム　かがやき荘,グループホーム,福井県,坂井市,"介護,グループホーム,認知症",認知症のある方が少人数で生活する施設です。要支援・要介護度や地域要件を確認します。,http://www.sumiresou.jp/index.php?id=76,福井県坂井市三国町陣ケ岡第13号3番地,0776-82-5151,厚生労働省オープンデータ,https://www.mhlw.go.jp/content/12300000/jigyosho_320.csv,2025-12末,https://www.google.com/search?q=%E3%82%B0%E3%83%AB%E3%83%BC%E3%83%97%E3%83%9B%E3%83%BC%E3%83%A0%E3%80%80%E3%81%8B%E3%81%8C%E3%82%84%E3%81%8D%E8%8D%98%20%E5%9D%82%E4%BA%95%E5%B8%82
グループホームまるおか,グループホーム,福井県,坂井市,"介護,グループホーム,認知症",認知症のある方が少人数で生活する施設です。要支援・要介護度や地域要件を確認します。,http://www.life-sp.jp,福井県坂井市丸岡町八ヵ郷23号19番３,0776-67-7771,厚生労働省オープンデータ,https://www.mhlw.go.jp/content/12300000/jigyosho_320.csv,2025-12末,https://www.google.com/search?q=%E3%82%B0%E3%83%AB%E3%83%BC%E3%83%97%E3%83%9B%E3%83%BC%E3%83%A0%E3%81%BE%E3%82%8B%E3%81%8A%E3%81%8B%20%E5%9D%82%E4%BA%95%E5%B8%82
認知症対応型共同生活介護グループホームみやざき,グループホーム,福井県,坂井市,"介護,グループホーム,認知症",認知症のある方が少人数で生活する施設です。要支援・要介護度や地域要件を確認します。,http://www.miyazaki-hp.com/,坂井市三国町北本町2-2-6,0776-82-1002,厚生労働省オープンデータ,https://www.mhlw.go.jp/content/12300000/jigyosho_320.csv,2025-12末,https://www.google.com/search?q=%E8%AA%8D%E7%9F%A5%E7%97%87%E5%AF%BE%E5%BF%9C%E5%9E%8B%E5%85%B1%E5%90%8C%E7%94%9F%E6%B4%BB%E4%BB%8B%E8%AD%B7%E3%82%B0%E3%83%AB%E3%83%BC%E3%83%97%E3%83%9B%E3%83%BC%E3%83%A0%E3%81%BF%E3%82%84%E3%81%96%E3%81%8D%20%E5%9D%82%E4%BA%95%E5%B8%82
県民せいきょう坂井きらめきグループホーム,グループホーム,福井県,坂井市,"介護,グループホーム,認知症",認知症のある方が少人数で生活する施設です。要支援・要介護度や地域要件を確認します。,https://www.fukui.coop/care/shisetsu/sakai-kirameki/,坂井市坂井町大味56号,0776-72-3903,厚生労働省オープンデータ,https://www.mhlw.go.jp/content/12300000/jigyosho_320.csv,2025-12末,https://www.google.com/search?q=%E7%9C%8C%E6%B0%91%E3%81%9B%E3%81%84%E3%81%8D%E3%82%87%E3%81%86%E5%9D%82%E4%BA%95%E3%81%8D%E3%82%89%E3%82%81%E3%81%8D%E3%82%B0%E3%83%AB%E3%83%BC%E3%83%97%E3%83%9B%E3%83%BC%E3%83%A0%20%E5%9D%82%E4%BA%95%E5%B8%82
認知症対応型共同生活介護　潟池野,グループホーム,福井県,坂井市,"介護,グループホーム,認知症",認知症のある方が少人数で生活する施設です。要支援・要介護度や地域要件を確認します。,https://s-fukushi.or.jp/kataikeno/,坂井町下関42-4-2,0776-72-0100,厚生労働省オープンデータ,https://www.mhlw.go.jp/content/12300000/jigyosho_320.csv,2025-12末,https://www.google.com/search?q=%E8%AA%8D%E7%9F%A5%E7%97%87%E5%AF%BE%E5%BF%9C%E5%9E%8B%E5%85%B1%E5%90%8C%E7%94%9F%E6%B4%BB%E4%BB%8B%E8%AD%B7%E3%80%80%E6%BD%9F%E6%B1%A0%E9%87%8E%20%E5%9D%82%E4%BA%95%E5%B8%82
グループホーム　しおんの里,グループホーム,福井県,坂井市,"介護,グループホーム,認知症",認知症のある方が少人数で生活する施設です。要支援・要介護度や地域要件を確認します。,https://sionnosato.p-kit.com,丸岡町安田新４－３－１,０７７６－６８－０００７,厚生労働省オープンデータ,https://www.mhlw.go.jp/content/12300000/jigyosho_320.csv,2025-12末,https://www.google.com/search?q=%E3%82%B0%E3%83%AB%E3%83%BC%E3%83%97%E3%83%9B%E3%83%BC%E3%83%A0%E3%80%80%E3%81%97%E3%81%8A%E3%82%93%E3%81%AE%E9%87%8C%20%E5%9D%82%E4%BA%95%E5%B8%82
あかねの里,グループホーム,福井県,坂井市,"介護,グループホーム,認知症",認知症のある方が少人数で生活する施設です。要支援・要介護度や地域要件を確認します。,http://akanekai.net,福井県坂井市丸岡町羽崎31-11-3,0776-67-6581,厚生労働省オープンデータ,https://www.mhlw.go.jp/content/12300000/jigyosho_320.csv,2025-12末,https://www.google.com/search?q=%E3%81%82%E3%81%8B%E3%81%AD%E3%81%AE%E9%87%8C%20%E5%9D%82%E4%BA%95%E5%B8%82
グループホーム白楽荘　みくにの里,グループホーム,福井県,坂井市,"介護,グループホーム,認知症",認知症のある方が少人数で生活する施設です。要支援・要介護度や地域要件を確認します。,http://www.hakurakuso.com,福井県坂井市三国町梶49-18,0776-82-2243,厚生労働省オープンデータ,https://www.mhlw.go.jp/content/12300000/jigyosho_320.csv,2025-12末,https://www.google.com/search?q=%E3%82%B0%E3%83%AB%E3%83%BC%E3%83%97%E3%83%9B%E3%83%BC%E3%83%A0%E7%99%BD%E6%A5%BD%E8%8D%98%E3%80%80%E3%81%BF%E3%81%8F%E3%81%AB%E3%81%AE%E9%87%8C%20%E5%9D%82%E4%BA%95%E5%B8%82
グループホームさかい,グループホーム,福井県,坂井市,"介護,グループホーム,認知症",認知症のある方が少人数で生活する施設です。要支援・要介護度や地域要件を確認します。,https://www.google.com/search?q=%E3%82%B0%E3%83%AB%E3%83%BC%E3%83%97%E3%83%9B%E3%83%BC%E3%83%A0%E3%81%95%E3%81%8B%E3%81%84%20%E5%9D%82%E4%BA%95%E5%B8%82,福井県坂井市坂井町折戸第１号５８番地,0776-72-7373,厚生労働省オープンデータ,https://www.mhlw.go.jp/content/12300000/jigyosho_320.csv,2025-12末,https://www.google.com/search?q=%E3%82%B0%E3%83%AB%E3%83%BC%E3%83%97%E3%83%9B%E3%83%BC%E3%83%A0%E3%81%95%E3%81%8B%E3%81%84%20%E5%9D%82%E4%BA%95%E5%B8%82
グループホームゆり,グループホーム,福井県,坂井市,"介護,グループホーム,認知症",認知症のある方が少人数で生活する施設です。要支援・要介護度や地域要件を確認します。,http://sakairaiharukai.jimdo.com/,坂井市春江町本堂27-1-1,0776-51-8100,厚生労働省オープンデータ,https://www.mhlw.go.jp/content/12300000/jigyosho_320.csv,2025-12末,https://www.google.com/search?q=%E3%82%B0%E3%83%AB%E3%83%BC%E3%83%97%E3%83%9B%E3%83%BC%E3%83%A0%E3%82%86%E3%82%8A%20%E5%9D%82%E4%BA%95%E5%B8%82
春江ホームやわらぎ,グループホーム,福井県,坂井市,"介護,グループホーム,認知症",認知症のある方が少人数で生活する施設です。要支援・要介護度や地域要件を確認します。,https://rokujyokoseikai.jp,福井県坂井市春江町西長田15-43-4,0776-97-6811,厚生労働省オープンデータ,https://www.mhlw.go.jp/content/12300000/jigyosho_320.csv,2025-12末,https://www.google.com/search?q=%E6%98%A5%E6%B1%9F%E3%83%9B%E3%83%BC%E3%83%A0%E3%82%84%E3%82%8F%E3%82%89%E3%81%8E%20%E5%9D%82%E4%BA%95%E5%B8%82
グループホーム　はないろ,グループホーム,福井県,永平寺町,"介護,グループホーム,認知症",認知症のある方が少人数で生活する施設です。要支援・要介護度や地域要件を確認します。,https://www.google.com/search?q=%E3%82%B0%E3%83%AB%E3%83%BC%E3%83%97%E3%83%9B%E3%83%BC%E3%83%A0%E3%80%80%E3%81%AF%E3%81%AA%E3%81%84%E3%82%8D%20%E6%B0%B8%E5%B9%B3%E5%AF%BA%E7%94%BA,福井県吉田郡永平寺町松岡薬師1丁目149番地,0776-61-7717,厚生労働省オープンデータ,https://www.mhlw.go.jp/content/12300000/jigyosho_320.csv,2025-12末,https://www.google.com/search?q=%E3%82%B0%E3%83%AB%E3%83%BC%E3%83%97%E3%83%9B%E3%83%BC%E3%83%A0%E3%80%80%E3%81%AF%E3%81%AA%E3%81%84%E3%82%8D%20%E6%B0%B8%E5%B9%B3%E5%AF%BA%E7%94%BA
グループホームなないろ,グループホーム,福井県,永平寺町,"介護,グループホーム,認知症",認知症のある方が少人数で生活する施設です。要支援・要介護度や地域要件を確認します。,https://www.google.com/search?q=%E3%82%B0%E3%83%AB%E3%83%BC%E3%83%97%E3%83%9B%E3%83%BC%E3%83%A0%E3%81%AA%E3%81%AA%E3%81%84%E3%82%8D%20%E6%B0%B8%E5%B9%B3%E5%AF%BA%E7%94%BA,福井県吉田郡永平寺町松岡薬師1－145,0776-61-7716,厚生労働省オープンデータ,https://www.mhlw.go.jp/content/12300000/jigyosho_320.csv,2025-12末,https://www.google.com/search?q=%E3%82%B0%E3%83%AB%E3%83%BC%E3%83%97%E3%83%9B%E3%83%BC%E3%83%A0%E3%81%AA%E3%81%AA%E3%81%84%E3%82%8D%20%E6%B0%B8%E5%B9%B3%E5%AF%BA%E7%94%BA
グループホーム　りんごの木,グループホーム,福井県,永平寺町,"介護,グループホーム,認知症",認知症のある方が少人数で生活する施設です。要支援・要介護度や地域要件を確認します。,http://www.ringoemori.com,福井県吉田郡永平寺町松岡松ヶ原1-308,0776-61-6060,厚生労働省オープンデータ,https://www.mhlw.go.jp/content/12300000/jigyosho_320.csv,2025-12末,https://www.google.com/search?q=%E3%82%B0%E3%83%AB%E3%83%BC%E3%83%97%E3%83%9B%E3%83%BC%E3%83%A0%E3%80%80%E3%82%8A%E3%82%93%E3%81%94%E3%81%AE%E6%9C%A8%20%E6%B0%B8%E5%B9%B3%E5%AF%BA%E7%94%BA
グループホームなないろ,グループホーム,福井県,永平寺町,"介護,グループホーム,認知症",認知症のある方が少人数で生活する施設です。要支援・要介護度や地域要件を確認します。,https://care-fukui.com,福井県吉田郡永平寺町松岡薬師1丁目145番地,0776-61-7716,厚生労働省オープンデータ,https://www.mhlw.go.jp/content/12300000/jigyosho_320.csv,2025-12末,https://www.google.com/search?q=%E3%82%B0%E3%83%AB%E3%83%BC%E3%83%97%E3%83%9B%E3%83%BC%E3%83%A0%E3%81%AA%E3%81%AA%E3%81%84%E3%82%8D%20%E6%B0%B8%E5%B9%B3%E5%AF%BA%E7%94%BA
グループホームはないろ,グループホーム,福井県,永平寺町,"介護,グループホーム,認知症",認知症のある方が少人数で生活する施設です。要支援・要介護度や地域要件を確認します。,https://care-fukui.com,福井県吉田郡永平寺町松岡薬師１丁目149番地,0776-61-7717,厚生労働省オープンデータ,https://www.mhlw.go.jp/content/12300000/jigyosho_320.csv,2025-12末,https://www.google.com/search?q=%E3%82%B0%E3%83%AB%E3%83%BC%E3%83%97%E3%83%9B%E3%83%BC%E3%83%A0%E3%81%AF%E3%81%AA%E3%81%84%E3%82%8D%20%E6%B0%B8%E5%B9%B3%E5%AF%BA%E7%94%BA
グループホーム　いけだ,グループホーム,福井県,池田町,"介護,グループホーム,認知症",認知症のある方が少人数で生活する施設です。要支援・要介護度や地域要件を確認します。,https://www.google.com/search?q=%E3%82%B0%E3%83%AB%E3%83%BC%E3%83%97%E3%83%9B%E3%83%BC%E3%83%A0%E3%80%80%E3%81%84%E3%81%91%E3%81%A0%20%E6%B1%A0%E7%94%B0%E7%94%BA,福井県今立郡池田町常安２２－５,0778-44-7760,厚生労働省オープンデータ,https://www.mhlw.go.jp/content/12300000/jigyosho_320.csv,2025-12末,https://www.google.com/search?q=%E3%82%B0%E3%83%AB%E3%83%BC%E3%83%97%E3%83%9B%E3%83%BC%E3%83%A0%E3%80%80%E3%81%84%E3%81%91%E3%81%A0%20%E6%B1%A0%E7%94%B0%E7%94%BA
ふれあい大地,グループホーム,福井県,南越前町,"介護,グループホーム,認知症",認知症のある方が少人数で生活する施設です。要支援・要介護度や地域要件を確認します。,https://www.google.com/search?q=%E3%81%B5%E3%82%8C%E3%81%82%E3%81%84%E5%A4%A7%E5%9C%B0%20%E5%8D%97%E8%B6%8A%E5%89%8D%E7%94%BA,福井県南条郡南越前町今庄７７号１１番１,0778-45-0079,厚生労働省オープンデータ,https://www.mhlw.go.jp/content/12300000/jigyosho_320.csv,2025-12末,https://www.google.com/search?q=%E3%81%B5%E3%82%8C%E3%81%82%E3%81%84%E5%A4%A7%E5%9C%B0%20%E5%8D%97%E8%B6%8A%E5%89%8D%E7%94%BA
認知症高齢者グループホーム　こうの,グループホーム,福井県,南越前町,"介護,グループホーム,認知症",認知症のある方が少人数で生活する施設です。要支援・要介護度や地域要件を確認します。,http://kouno-f.com/,福井県南条郡南越前町河野２９－５－６２,0778-48-7000,厚生労働省オープンデータ,https://www.mhlw.go.jp/content/12300000/jigyosho_320.csv,2025-12末,https://www.google.com/search?q=%E8%AA%8D%E7%9F%A5%E7%97%87%E9%AB%98%E9%BD%A2%E8%80%85%E3%82%B0%E3%83%AB%E3%83%BC%E3%83%97%E3%83%9B%E3%83%BC%E3%83%A0%E3%80%80%E3%81%93%E3%81%86%E3%81%AE%20%E5%8D%97%E8%B6%8A%E5%89%8D%E7%94%BA
アクティブケアー宮崎,グループホーム,福井県,越前町,"介護,グループホーム,認知症",認知症のある方が少人数で生活する施設です。要支援・要介護度や地域要件を確認します。,http://silver-h-miyazaki.jp,福井県丹生郡越前町小曽原３３－３４,0778-32-3777,厚生労働省オープンデータ,https://www.mhlw.go.jp/content/12300000/jigyosho_320.csv,2025-12末,https://www.google.com/search?q=%E3%82%A2%E3%82%AF%E3%83%86%E3%82%A3%E3%83%96%E3%82%B1%E3%82%A2%E3%83%BC%E5%AE%AE%E5%B4%8E%20%E8%B6%8A%E5%89%8D%E7%94%BA
(㈱)ケアネット越前　グループホームのどか,グループホーム,福井県,越前町,"介護,グループホーム,認知症",認知症のある方が少人数で生活する施設です。要支援・要介護度や地域要件を確認します。,https://www.google.com/search?q=%28%E3%88%B1%29%E3%82%B1%E3%82%A2%E3%83%8D%E3%83%83%E3%83%88%E8%B6%8A%E5%89%8D%E3%80%80%E3%82%B0%E3%83%AB%E3%83%BC%E3%83%97%E3%83%9B%E3%83%BC%E3%83%A0%E3%81%AE%E3%81%A9%E3%81%8B%20%E8%B6%8A%E5%89%8D%E7%94%BA,福井県丹生郡越前町厨７０－２０６－４木造平屋　１８室,０７７８－４３－５９３８,厚生労働省オープンデータ,https://www.mhlw.go.jp/content/12300000/jigyosho_320.csv,2025-12末,https://www.google.com/search?q=%28%E3%88%B1%29%E3%82%B1%E3%82%A2%E3%83%8D%E3%83%83%E3%83%88%E8%B6%8A%E5%89%8D%E3%80%80%E3%82%B0%E3%83%AB%E3%83%BC%E3%83%97%E3%83%9B%E3%83%BC%E3%83%A0%E3%81%AE%E3%81%A9%E3%81%8B%20%E8%B6%8A%E5%89%8D%E7%94%BA
グループホームやすらぎ,グループホーム,福井県,越前町,"介護,グループホーム,認知症",認知症のある方が少人数で生活する施設です。要支援・要介護度や地域要件を確認します。,http://ota-yasuragikai.com,福井県丹生郡越前町織田102-81,0778-36-1170,厚生労働省オープンデータ,https://www.mhlw.go.jp/content/12300000/jigyosho_320.csv,2025-12末,https://www.google.com/search?q=%E3%82%B0%E3%83%AB%E3%83%BC%E3%83%97%E3%83%9B%E3%83%BC%E3%83%A0%E3%82%84%E3%81%99%E3%82%89%E3%81%8E%20%E8%B6%8A%E5%89%8D%E7%94%BA
グループホーム　湖岳の郷,グループホーム,福井県,美浜町,"介護,グループホーム,認知症",認知症のある方が少人数で生活する施設です。要支援・要介護度や地域要件を確認します。,http://kogakunosato.jp/,福井県三方郡美浜町早瀬7－31－5,0770-32-0505,厚生労働省オープンデータ,https://www.mhlw.go.jp/content/12300000/jigyosho_320.csv,2025-12末,https://www.google.com/search?q=%E3%82%B0%E3%83%AB%E3%83%BC%E3%83%97%E3%83%9B%E3%83%BC%E3%83%A0%E3%80%80%E6%B9%96%E5%B2%B3%E3%81%AE%E9%83%B7%20%E7%BE%8E%E6%B5%9C%E7%94%BA
認知症対応型グループホーム五湖の郷,グループホーム,福井県,若狭町,"介護,グループホーム,認知症",認知症のある方が少人数で生活する施設です。要支援・要介護度や地域要件を確認します。,http://www.w-shakyo.or.jp/,福井県三方上中郡若狭町田井２４－２,0770-46-1212,厚生労働省オープンデータ,https://www.mhlw.go.jp/content/12300000/jigyosho_320.csv,2025-12末,https://www.google.com/search?q=%E8%AA%8D%E7%9F%A5%E7%97%87%E5%AF%BE%E5%BF%9C%E5%9E%8B%E3%82%B0%E3%83%AB%E3%83%BC%E3%83%97%E3%83%9B%E3%83%BC%E3%83%A0%E4%BA%94%E6%B9%96%E3%81%AE%E9%83%B7%20%E8%8B%A5%E7%8B%AD%E7%94%BA
県民せいきょうサービス付き高齢者向け住宅江守きらめき（特定施設）,介護付き有料老人ホーム,福井県,福井市,"介護,介護付き有料老人ホーム,入所",介護付き有料老人ホームの公式オープンデータから取り込んだ候補です。詳細は公式情報・電話・見学で確認してください。,www.fukui.coop,福井県福井市江守中町2号12番地,0776-35-0660,厚生労働省オープンデータ,https://www.mhlw.go.jp/content/12300000/jigyosho_331.csv,2025-12末,https://www.google.com/search?q=%E7%9C%8C%E6%B0%91%E3%81%9B%E3%81%84%E3%81%8D%E3%82%87%E3%81%86%E3%82%B5%E3%83%BC%E3%83%93%E3%82%B9%E4%BB%98%E3%81%8D%E9%AB%98%E9%BD%A2%E8%80%85%E5%90%91%E3%81%91%E4%BD%8F%E5%AE%85%E6%B1%9F%E5%AE%88%E3%81%8D%E3%82%89%E3%82%81%E3%81%8D%EF%BC%88%E7%89%B9%E5%AE%9A%E6%96%BD%E8%A8%AD%EF%BC%89%20%E7%A6%8F%E4%BA%95%E5%B8%82
特定有料老人ホームリバティーハウスあさくら,介護付き有料老人ホーム,福井県,福井市,"介護,介護付き有料老人ホーム,入所",介護付き有料老人ホームの公式オープンデータから取り込んだ候補です。詳細は公式情報・電話・見学で確認してください。,http://www.asakuraen.jp,福井市下六条町18字35番1,0776-41-8400,厚生労働省オープンデータ,https://www.mhlw.go.jp/content/12300000/jigyosho_331.csv,2025-12末,https://www.google.com/search?q=%E7%89%B9%E5%AE%9A%E6%9C%89%E6%96%99%E8%80%81%E4%BA%BA%E3%83%9B%E3%83%BC%E3%83%A0%E3%83%AA%E3%83%90%E3%83%86%E3%82%A3%E3%83%BC%E3%83%8F%E3%82%A6%E3%82%B9%E3%81%82%E3%81%95%E3%81%8F%E3%82%89%20%E7%A6%8F%E4%BA%95%E5%B8%82
有料老人ホームあんしん村,介護付き有料老人ホーム,福井県,福井市,"介護,介護付き有料老人ホーム,入所",介護付き有料老人ホームの公式オープンデータから取り込んだ候補です。詳細は公式情報・電話・見学で確認してください。,http://ansinmura.jp/,福井市北四ツ居２丁目７－１７,0776-54-2931,厚生労働省オープンデータ,https://www.mhlw.go.jp/content/12300000/jigyosho_331.csv,2025-12末,https://www.google.com/search?q=%E6%9C%89%E6%96%99%E8%80%81%E4%BA%BA%E3%83%9B%E3%83%BC%E3%83%A0%E3%81%82%E3%82%93%E3%81%97%E3%82%93%E6%9D%91%20%E7%A6%8F%E4%BA%95%E5%B8%82
たんぽぽ介護付有料老人ホーム,介護付き有料老人ホーム,福井県,大野市,"介護,介護付き有料老人ホーム,入所",介護付き有料老人ホームの公式オープンデータから取り込んだ候補です。詳細は公式情報・電話・見学で確認してください。,https://www.big-advance.site/s/170/1526,福井県大野市鍬掛第2号16番地,0779-66-5030,厚生労働省オープンデータ,https://www.mhlw.go.jp/content/12300000/jigyosho_331.csv,2025-12末,https://www.google.com/search?q=%E3%81%9F%E3%82%93%E3%81%BD%E3%81%BD%E4%BB%8B%E8%AD%B7%E4%BB%98%E6%9C%89%E6%96%99%E8%80%81%E4%BA%BA%E3%83%9B%E3%83%BC%E3%83%A0%20%E5%A4%A7%E9%87%8E%E5%B8%82
あさひけやハイツ九頭竜,介護付き有料老人ホーム,福井県,勝山市,"介護,介護付き有料老人ホーム,入所",介護付き有料老人ホームの公式オープンデータから取り込んだ候補です。詳細は公式情報・電話・見学で確認してください。,https://kuzuryuworkshop.com/,福井県勝山市旭町３－１０７－２,０７７９－８７－６３０５,厚生労働省オープンデータ,https://www.mhlw.go.jp/content/12300000/jigyosho_331.csv,2025-12末,https://www.google.com/search?q=%E3%81%82%E3%81%95%E3%81%B2%E3%81%91%E3%82%84%E3%83%8F%E3%82%A4%E3%83%84%E4%B9%9D%E9%A0%AD%E7%AB%9C%20%E5%8B%9D%E5%B1%B1%E5%B8%82
ケアハイツ芦原,介護付き有料老人ホーム,福井県,あわら市,"介護,介護付き有料老人ホーム,入所",介護付き有料老人ホームの公式オープンデータから取り込んだ候補です。詳細は公式情報・電話・見学で確認してください。,https://careheights.jp/,福井県あわら市横垣18－11,0776-77-3600,厚生労働省オープンデータ,https://www.mhlw.go.jp/content/12300000/jigyosho_331.csv,2025-12末,https://www.google.com/search?q=%E3%82%B1%E3%82%A2%E3%83%8F%E3%82%A4%E3%83%84%E8%8A%A6%E5%8E%9F%20%E3%81%82%E3%82%8F%E3%82%89%E5%B8%82
有料老人ホーム　サンライフ小野谷,介護付き有料老人ホーム,福井県,越前市,"介護,介護付き有料老人ホーム,入所",介護付き有料老人ホームの公式オープンデータから取り込んだ候補です。詳細は公式情報・電話・見学で確認してください。,http://sunlifeonodani.jp/,福井県越前市蓬莱町６－２４,0778-21-1068,厚生労働省オープンデータ,https://www.mhlw.go.jp/content/12300000/jigyosho_331.csv,2025-12末,https://www.google.com/search?q=%E6%9C%89%E6%96%99%E8%80%81%E4%BA%BA%E3%83%9B%E3%83%BC%E3%83%A0%E3%80%80%E3%82%B5%E3%83%B3%E3%83%A9%E3%82%A4%E3%83%95%E5%B0%8F%E9%87%8E%E8%B0%B7%20%E8%B6%8A%E5%89%8D%E5%B8%82
ロイヤルほっとクラブ,介護付き有料老人ホーム,福井県,越前市,"介護,介護付き有料老人ホーム,入所",介護付き有料老人ホームの公式オープンデータから取り込んだ候補です。詳細は公式情報・電話・見学で確認してください。,http://www.hotreha.com,福井県越前市高木町55-11-18ほっとライフサポートセンター,0778-29-3000,厚生労働省オープンデータ,https://www.mhlw.go.jp/content/12300000/jigyosho_331.csv,2025-12末,https://www.google.com/search?q=%E3%83%AD%E3%82%A4%E3%83%A4%E3%83%AB%E3%81%BB%E3%81%A3%E3%81%A8%E3%82%AF%E3%83%A9%E3%83%96%20%E8%B6%8A%E5%89%8D%E5%B8%82
特定非営利活動法人ケアホームいっぷく　しらやま山荘,介護付き有料老人ホーム,福井県,越前市,"介護,介護付き有料老人ホーム,入所",介護付き有料老人ホームの公式オープンデータから取り込んだ候補です。詳細は公式情報・電話・見学で確認してください。,http://www.carehomeippuku.jp,越前市黒川町第１１４号６１番地の１,0778-28-1101,厚生労働省オープンデータ,https://www.mhlw.go.jp/content/12300000/jigyosho_331.csv,2025-12末,https://www.google.com/search?q=%E7%89%B9%E5%AE%9A%E9%9D%9E%E5%96%B6%E5%88%A9%E6%B4%BB%E5%8B%95%E6%B3%95%E4%BA%BA%E3%82%B1%E3%82%A2%E3%83%9B%E3%83%BC%E3%83%A0%E3%81%84%E3%81%A3%E3%81%B7%E3%81%8F%E3%80%80%E3%81%97%E3%82%89%E3%82%84%E3%81%BE%E5%B1%B1%E8%8D%98%20%E8%B6%8A%E5%89%8D%E5%B8%82
介護付有料老人ホームあいしくら,介護付き有料老人ホーム,福井県,越前市,"介護,介護付き有料老人ホーム,入所",介護付き有料老人ホームの公式オープンデータから取り込んだ候補です。詳細は公式情報・電話・見学で確認してください。,https://ikebata.jp/resident-services/,福井県越前市今宿町第３号１２番地の１,0778-29-0677,厚生労働省オープンデータ,https://www.mhlw.go.jp/content/12300000/jigyosho_331.csv,2025-12末,https://www.google.com/search?q=%E4%BB%8B%E8%AD%B7%E4%BB%98%E6%9C%89%E6%96%99%E8%80%81%E4%BA%BA%E3%83%9B%E3%83%BC%E3%83%A0%E3%81%82%E3%81%84%E3%81%97%E3%81%8F%E3%82%89%20%E8%B6%8A%E5%89%8D%E5%B8%82
吾亦紅,介護付き有料老人ホーム,福井県,坂井市,"介護,介護付き有料老人ホーム,入所",介護付き有料老人ホームの公式オープンデータから取り込んだ候補です。詳細は公式情報・電話・見学で確認してください。,http://akanekai.net,坂井市丸岡町羽崎31-5,0776-67-6656,厚生労働省オープンデータ,https://www.mhlw.go.jp/content/12300000/jigyosho_331.csv,2025-12末,https://www.google.com/search?q=%E5%90%BE%E4%BA%A6%E7%B4%85%20%E5%9D%82%E4%BA%95%E5%B8%82
東尋坊ロイヤルハイツ,介護付き有料老人ホーム,福井県,坂井市,"介護,介護付き有料老人ホーム,入所",介護付き有料老人ホームの公式オープンデータから取り込んだ候補です。詳細は公式情報・電話・見学で確認してください。,http://fj-g.jp,福井県坂井市三国町陣ヶ岡35-1-8,0776-82-5003,厚生労働省オープンデータ,https://www.mhlw.go.jp/content/12300000/jigyosho_331.csv,2025-12末,https://www.google.com/search?q=%E6%9D%B1%E5%B0%8B%E5%9D%8A%E3%83%AD%E3%82%A4%E3%83%A4%E3%83%AB%E3%83%8F%E3%82%A4%E3%83%84%20%E5%9D%82%E4%BA%95%E5%B8%82
株式会社　等愛会,介護付き有料老人ホーム,福井県,若狭町,"介護,介護付き有料老人ホーム,入所",介護付き有料老人ホームの公式オープンデータから取り込んだ候補です。詳細は公式情報・電話・見学で確認してください。,http://www.s-a-care.co.jp,福井県三方上中郡若狭町上吉田1-25-1,0770621165,厚生労働省オープンデータ,https://www.mhlw.go.jp/content/12300000/jigyosho_331.csv,2025-12末,https://www.google.com/search?q=%E6%A0%AA%E5%BC%8F%E4%BC%9A%E7%A4%BE%E3%80%80%E7%AD%89%E6%84%9B%E4%BC%9A%20%E8%8B%A5%E7%8B%AD%E7%94%BA
ケアハウス藤島園,軽費老人ホーム,福井県,福井市,"介護,軽費老人ホーム",軽費老人ホームの公式オープンデータから取り込んだ候補です。詳細は公式情報・電話・見学で確認してください。,http://www.fujishimaen.or.jp,福井県福井市高木中央３丁目１７０１番地,0776-52-8200,厚生労働省オープンデータ,https://www.mhlw.go.jp/content/12300000/jigyosho_332.csv,2025-12末,https://www.google.com/search?q=%E3%82%B1%E3%82%A2%E3%83%8F%E3%82%A6%E3%82%B9%E8%97%A4%E5%B3%B6%E5%9C%92%20%E7%A6%8F%E4%BA%95%E5%B8%82
アーバン・ヴィラ・ロータス,軽費老人ホーム,福井県,福井市,"介護,軽費老人ホーム",軽費老人ホームの公式オープンデータから取り込んだ候補です。詳細は公式情報・電話・見学で確認してください。,http://www.sansuien.jp/,福井県福井市大手2丁目3番1号三の丸ビル,0776-28-0068,厚生労働省オープンデータ,https://www.mhlw.go.jp/content/12300000/jigyosho_332.csv,2025-12末,https://www.google.com/search?q=%E3%82%A2%E3%83%BC%E3%83%90%E3%83%B3%E3%83%BB%E3%83%B4%E3%82%A3%E3%83%A9%E3%83%BB%E3%83%AD%E3%83%BC%E3%82%BF%E3%82%B9%20%E7%A6%8F%E4%BA%95%E5%B8%82
ケアハウス日光,軽費老人ホーム,福井県,福井市,"介護,軽費老人ホーム",軽費老人ホームの公式オープンデータから取り込んだ候補です。詳細は公式情報・電話・見学で確認してください。,http://www.otaki-hp.or.jp/,福井市日光1丁目１番1号,0776-28-1122,厚生労働省オープンデータ,https://www.mhlw.go.jp/content/12300000/jigyosho_332.csv,2025-12末,https://www.google.com/search?q=%E3%82%B1%E3%82%A2%E3%83%8F%E3%82%A6%E3%82%B9%E6%97%A5%E5%85%89%20%E7%A6%8F%E4%BA%95%E5%B8%82
ケアハウス　ラフィナート浅水,軽費老人ホーム,福井県,福井市,"介護,軽費老人ホーム",軽費老人ホームの公式オープンデータから取り込んだ候補です。詳細は公式情報・電話・見学で確認してください。,http://www.hakusankai.sakura.ne.jp/,福井市浅水三ケ町1字29-1,0776-39-1165,厚生労働省オープンデータ,https://www.mhlw.go.jp/content/12300000/jigyosho_332.csv,2025-12末,https://www.google.com/search?q=%E3%82%B1%E3%82%A2%E3%83%8F%E3%82%A6%E3%82%B9%E3%80%80%E3%83%A9%E3%83%95%E3%82%A3%E3%83%8A%E3%83%BC%E3%83%88%E6%B5%85%E6%B0%B4%20%E7%A6%8F%E4%BA%95%E5%B8%82
軽費老人ホーム　ケアハウス九頭竜,軽費老人ホーム,福井県,福井市,"介護,軽費老人ホーム",軽費老人ホームの公式オープンデータから取り込んだ候補です。詳細は公式情報・電話・見学で確認してください。,http://www.fukusenkai.jp,寺前町４‐１４‐２,0776-53-3933,厚生労働省オープンデータ,https://www.mhlw.go.jp/content/12300000/jigyosho_332.csv,2025-12末,https://www.google.com/search?q=%E8%BB%BD%E8%B2%BB%E8%80%81%E4%BA%BA%E3%83%9B%E3%83%BC%E3%83%A0%E3%80%80%E3%82%B1%E3%82%A2%E3%83%8F%E3%82%A6%E3%82%B9%E4%B9%9D%E9%A0%AD%E7%AB%9C%20%E7%A6%8F%E4%BA%95%E5%B8%82
ケアハウス　モアヤング,軽費老人ホーム,福井県,福井市,"介護,軽費老人ホーム",軽費老人ホームの公式オープンデータから取り込んだ候補です。詳細は公式情報・電話・見学で確認してください。,https://www.moreyoung.jp/,福井県福井市和田中町東沖田３０番地の１,０７７６－２８－３７３７,厚生労働省オープンデータ,https://www.mhlw.go.jp/content/12300000/jigyosho_332.csv,2025-12末,https://www.google.com/search?q=%E3%82%B1%E3%82%A2%E3%83%8F%E3%82%A6%E3%82%B9%E3%80%80%E3%83%A2%E3%82%A2%E3%83%A4%E3%83%B3%E3%82%B0%20%E7%A6%8F%E4%BA%95%E5%B8%82
グレースフルわかたけ,軽費老人ホーム,福井県,鯖江市,"介護,軽費老人ホーム",軽費老人ホームの公式オープンデータから取り込んだ候補です。詳細は公式情報・電話・見学で確認してください。,http://www.wakatake.ne.jp,福井県鯖江市本町2丁目２番１７号,0778-52-7400,厚生労働省オープンデータ,https://www.mhlw.go.jp/content/12300000/jigyosho_332.csv,2025-12末,https://www.google.com/search?q=%E3%82%B0%E3%83%AC%E3%83%BC%E3%82%B9%E3%83%95%E3%83%AB%E3%82%8F%E3%81%8B%E3%81%9F%E3%81%91%20%E9%AF%96%E6%B1%9F%E5%B8%82
ウエルネス木村,軽費老人ホーム,福井県,あわら市,"介護,軽費老人ホーム",軽費老人ホームの公式オープンデータから取り込んだ候補です。詳細は公式情報・電話・見学で確認してください。,http://www.s-fukushi.or.jp/wellness/,福井県あわら市自由ヶ丘２－１５－２３,0776-73-7788,厚生労働省オープンデータ,https://www.mhlw.go.jp/content/12300000/jigyosho_332.csv,2025-12末,https://www.google.com/search?q=%E3%82%A6%E3%82%A8%E3%83%AB%E3%83%8D%E3%82%B9%E6%9C%A8%E6%9D%91%20%E3%81%82%E3%82%8F%E3%82%89%E5%B8%82
ファミールほのか,軽費老人ホーム,福井県,越前市,"介護,軽費老人ホーム",軽費老人ホームの公式オープンデータから取り込んだ候補です。詳細は公式情報・電話・見学で確認してください。,http://www.keishukai.com,福井県越前市氷坂町４６－４１－２,0778-23-9889,厚生労働省オープンデータ,https://www.mhlw.go.jp/content/12300000/jigyosho_332.csv,2025-12末,https://www.google.com/search?q=%E3%83%95%E3%82%A1%E3%83%9F%E3%83%BC%E3%83%AB%E3%81%BB%E3%81%AE%E3%81%8B%20%E8%B6%8A%E5%89%8D%E5%B8%82
ケアハウス　スプリングヒルズ,軽費老人ホーム,福井県,坂井市,"介護,軽費老人ホーム",軽費老人ホームの公式オープンデータから取り込んだ候補です。詳細は公式情報・電話・見学で確認してください。,http://fj-g.jp/,福井県坂井市春江町西太郎丸21-12-1,0776-63-5585,厚生労働省オープンデータ,https://www.mhlw.go.jp/content/12300000/jigyosho_332.csv,2025-12末,https://www.google.com/search?q=%E3%82%B1%E3%82%A2%E3%83%8F%E3%82%A6%E3%82%B9%E3%80%80%E3%82%B9%E3%83%97%E3%83%AA%E3%83%B3%E3%82%B0%E3%83%92%E3%83%AB%E3%82%BA%20%E5%9D%82%E4%BA%95%E5%B8%82
ル・レーヴほのか,サービス付き高齢者向け住宅,福井県,福井市,"介護,サービス付き高齢者向け住宅,入所",サービス付き高齢者向け住宅の公式オープンデータから取り込んだ候補です。詳細は公式情報・電話・見学で確認してください。,http://www.keishukai.com/,福井市みのり１丁目５－１６,0776-34-6776,厚生労働省オープンデータ,https://www.mhlw.go.jp/content/12300000/jigyosho_334.csv,2025-12末,https://www.google.com/search?q=%E3%83%AB%E3%83%BB%E3%83%AC%E3%83%BC%E3%83%B4%E3%81%BB%E3%81%AE%E3%81%8B%20%E7%A6%8F%E4%BA%95%E5%B8%82
アーク向陽,サービス付き高齢者向け住宅,福井県,福井市,"介護,サービス付き高齢者向け住宅,入所",サービス付き高齢者向け住宅の公式オープンデータから取り込んだ候補です。詳細は公式情報・電話・見学で確認してください。,http://www.koyokai-fukui.com,定正1丁目1325,0776-56-4560,厚生労働省オープンデータ,https://www.mhlw.go.jp/content/12300000/jigyosho_334.csv,2025-12末,https://www.google.com/search?q=%E3%82%A2%E3%83%BC%E3%82%AF%E5%90%91%E9%99%BD%20%E7%A6%8F%E4%BA%95%E5%B8%82
アスピカケアセンターまびぃ～Ma・Vie～開発,サービス付き高齢者向け住宅,福井県,福井市,"介護,サービス付き高齢者向け住宅,入所",サービス付き高齢者向け住宅の公式オープンデータから取り込んだ候補です。詳細は公式情報・電話・見学で確認してください。,https://www.aspica.co.jp/kaigo/mavie.html,福井県福井市開発5丁目101-1,0776-53-7020,厚生労働省オープンデータ,https://www.mhlw.go.jp/content/12300000/jigyosho_334.csv,2025-12末,https://www.google.com/search?q=%E3%82%A2%E3%82%B9%E3%83%94%E3%82%AB%E3%82%B1%E3%82%A2%E3%82%BB%E3%83%B3%E3%82%BF%E3%83%BC%E3%81%BE%E3%81%B3%E3%81%83%EF%BD%9EMa%E3%83%BBVie%EF%BD%9E%E9%96%8B%E7%99%BA%20%E7%A6%8F%E4%BA%95%E5%B8%82
サービス付き高齢者向け住宅　すずらん,サービス付き高齢者向け住宅,福井県,福井市,"介護,サービス付き高齢者向け住宅,入所",サービス付き高齢者向け住宅の公式オープンデータから取り込んだ候補です。詳細は公式情報・電話・見学で確認してください。,http://suzuran01-f.com/,福井県福井市西開発3丁目306番地サービス付き高齢者向け住宅　すずらん,0776-52-0039,厚生労働省オープンデータ,https://www.mhlw.go.jp/content/12300000/jigyosho_334.csv,2025-12末,https://www.google.com/search?q=%E3%82%B5%E3%83%BC%E3%83%93%E3%82%B9%E4%BB%98%E3%81%8D%E9%AB%98%E9%BD%A2%E8%80%85%E5%90%91%E3%81%91%E4%BD%8F%E5%AE%85%E3%80%80%E3%81%99%E3%81%9A%E3%82%89%E3%82%93%20%E7%A6%8F%E4%BA%95%E5%B8%82
県民せいきょうサービス付き高齢者向け住宅江守きらめき（特定施設）,サービス付き高齢者向け住宅,福井県,福井市,"介護,サービス付き高齢者向け住宅,入所",サービス付き高齢者向け住宅の公式オープンデータから取り込んだ候補です。詳細は公式情報・電話・見学で確認してください。,http://www.fukui.coop,福井県福井市江守中町2号12番地,0776-35-0660,厚生労働省オープンデータ,https://www.mhlw.go.jp/content/12300000/jigyosho_334.csv,2025-12末,https://www.google.com/search?q=%E7%9C%8C%E6%B0%91%E3%81%9B%E3%81%84%E3%81%8D%E3%82%87%E3%81%86%E3%82%B5%E3%83%BC%E3%83%93%E3%82%B9%E4%BB%98%E3%81%8D%E9%AB%98%E9%BD%A2%E8%80%85%E5%90%91%E3%81%91%E4%BD%8F%E5%AE%85%E6%B1%9F%E5%AE%88%E3%81%8D%E3%82%89%E3%82%81%E3%81%8D%EF%BC%88%E7%89%B9%E5%AE%9A%E6%96%BD%E8%A8%AD%EF%BC%89%20%E7%A6%8F%E4%BA%95%E5%B8%82
コーピアせいめい,サービス付き高齢者向け住宅,福井県,福井市,"介護,サービス付き高齢者向け住宅,入所",サービス付き高齢者向け住宅の公式オープンデータから取り込んだ候補です。詳細は公式情報・電話・見学で確認してください。,http://www.hakusankai.sakura.ne.jp,福井市今市町65ー11ー1,0776-38-6515,厚生労働省オープンデータ,https://www.mhlw.go.jp/content/12300000/jigyosho_334.csv,2025-12末,https://www.google.com/search?q=%E3%82%B3%E3%83%BC%E3%83%94%E3%82%A2%E3%81%9B%E3%81%84%E3%82%81%E3%81%84%20%E7%A6%8F%E4%BA%95%E5%B8%82
県民せいきょうサービス付き高齢者向け住宅勝山きらめき,サービス付き高齢者向け住宅,福井県,勝山市,"介護,サービス付き高齢者向け住宅,入所",サービス付き高齢者向け住宅の公式オープンデータから取り込んだ候補です。詳細は公式情報・電話・見学で確認してください。,http://www.fukui.coop,元町２丁目５番１２号,0779-87-2512,厚生労働省オープンデータ,https://www.mhlw.go.jp/content/12300000/jigyosho_334.csv,2025-12末,https://www.google.com/search?q=%E7%9C%8C%E6%B0%91%E3%81%9B%E3%81%84%E3%81%8D%E3%82%87%E3%81%86%E3%82%B5%E3%83%BC%E3%83%93%E3%82%B9%E4%BB%98%E3%81%8D%E9%AB%98%E9%BD%A2%E8%80%85%E5%90%91%E3%81%91%E4%BD%8F%E5%AE%85%E5%8B%9D%E5%B1%B1%E3%81%8D%E3%82%89%E3%82%81%E3%81%8D%20%E5%8B%9D%E5%B1%B1%E5%B8%82
特定施設入居者生活介護　コンフォガーデン木村,サービス付き高齢者向け住宅,福井県,あわら市,"介護,サービス付き高齢者向け住宅,入所",サービス付き高齢者向け住宅の公式オープンデータから取り込んだ候補です。詳細は公式情報・電話・見学で確認してください。,http://www.confo-g-kimura.jp/,福井県あわら市市姫三丁目２４番８号,0776-73-3335,厚生労働省オープンデータ,https://www.mhlw.go.jp/content/12300000/jigyosho_334.csv,2025-12末,https://www.google.com/search?q=%E7%89%B9%E5%AE%9A%E6%96%BD%E8%A8%AD%E5%85%A5%E5%B1%85%E8%80%85%E7%94%9F%E6%B4%BB%E4%BB%8B%E8%AD%B7%E3%80%80%E3%82%B3%E3%83%B3%E3%83%95%E3%82%A9%E3%82%AC%E3%83%BC%E3%83%87%E3%83%B3%E6%9C%A8%E6%9D%91%20%E3%81%82%E3%82%8F%E3%82%89%E5%B8%82
県民せいきょう丹南きらめき介護付き高齢者向け住宅,サービス付き高齢者向け住宅,福井県,越前市,"介護,サービス付き高齢者向け住宅,入所",サービス付き高齢者向け住宅の公式オープンデータから取り込んだ候補です。詳細は公式情報・電話・見学で確認してください。,http://www.fukui.coop,福井県越前市家久町49-4-1,0778-22-7760,厚生労働省オープンデータ,https://www.mhlw.go.jp/content/12300000/jigyosho_334.csv,2025-12末,https://www.google.com/search?q=%E7%9C%8C%E6%B0%91%E3%81%9B%E3%81%84%E3%81%8D%E3%82%87%E3%81%86%E4%B8%B9%E5%8D%97%E3%81%8D%E3%82%89%E3%82%81%E3%81%8D%E4%BB%8B%E8%AD%B7%E4%BB%98%E3%81%8D%E9%AB%98%E9%BD%A2%E8%80%85%E5%90%91%E3%81%91%E4%BD%8F%E5%AE%85%20%E8%B6%8A%E5%89%8D%E5%B8%82
フォーユーエクセルわかたけ,サービス付き高齢者向け住宅,福井県,越前市,"介護,サービス付き高齢者向け住宅,入所",サービス付き高齢者向け住宅の公式オープンデータから取り込んだ候補です。詳細は公式情報・電話・見学で確認してください。,http://www.wakatake.ne.jp,越前市堀川町9番15号フォーユーエクセルわかたけ,0778－22－6767,厚生労働省オープンデータ,https://www.mhlw.go.jp/content/12300000/jigyosho_334.csv,2025-12末,https://www.google.com/search?q=%E3%83%95%E3%82%A9%E3%83%BC%E3%83%A6%E3%83%BC%E3%82%A8%E3%82%AF%E3%82%BB%E3%83%AB%E3%82%8F%E3%81%8B%E3%81%9F%E3%81%91%20%E8%B6%8A%E5%89%8D%E5%B8%82
ケアフルハウス,サービス付き高齢者向け住宅,福井県,越前市,"介護,サービス付き高齢者向け住宅,入所",サービス付き高齢者向け住宅の公式オープンデータから取り込んだ候補です。詳細は公式情報・電話・見学で確認してください。,http://carefull.co.jp,福井県越前市広瀬町153-12-3,0778-22-0030,厚生労働省オープンデータ,https://www.mhlw.go.jp/content/12300000/jigyosho_334.csv,2025-12末,https://www.google.com/search?q=%E3%82%B1%E3%82%A2%E3%83%95%E3%83%AB%E3%83%8F%E3%82%A6%E3%82%B9%20%E8%B6%8A%E5%89%8D%E5%B8%82
サンシャインゆり特定施設入居者生活介護,サービス付き高齢者向け住宅,福井県,坂井市,"介護,サービス付き高齢者向け住宅,入所",サービス付き高齢者向け住宅の公式オープンデータから取り込んだ候補です。詳細は公式情報・電話・見学で確認してください。,sunshineyuri.com/,福井県坂井市春江町本堂27-1-1サンシャインゆり,0776-51-8787,厚生労働省オープンデータ,https://www.mhlw.go.jp/content/12300000/jigyosho_334.csv,2025-12末,https://www.google.com/search?q=%E3%82%B5%E3%83%B3%E3%82%B7%E3%83%A3%E3%82%A4%E3%83%B3%E3%82%86%E3%82%8A%E7%89%B9%E5%AE%9A%E6%96%BD%E8%A8%AD%E5%85%A5%E5%B1%85%E8%80%85%E7%94%9F%E6%B4%BB%E4%BB%8B%E8%AD%B7%20%E5%9D%82%E4%BA%95%E5%B8%82
特定施設　藤の杜,地域密着型サービス付き高齢者向け住宅,福井県,越前市,"介護,地域密着型サービス付き高齢者向け住宅,入所",地域密着型サービス付き高齢者向け住宅の公式オープンデータから取り込んだ候補です。詳細は公式情報・電話・見学で確認してください。,https://www.google.com/search?q=%E7%89%B9%E5%AE%9A%E6%96%BD%E8%A8%AD%E3%80%80%E8%97%A4%E3%81%AE%E6%9D%9C%20%E8%B6%8A%E5%89%8D%E5%B8%82,福井県越前市北府３丁目１２番７１号,0778-25-5000,厚生労働省オープンデータ,https://www.mhlw.go.jp/content/12300000/jigyosho_364.csv,2025-12末,https://www.google.com/search?q=%E7%89%B9%E5%AE%9A%E6%96%BD%E8%A8%AD%E3%80%80%E8%97%A4%E3%81%AE%E6%9D%9C%20%E8%B6%8A%E5%89%8D%E5%B8%82
ケアプランセンター　華みずき,ケアマネジャー・居宅介護支援,福井県,福井市,"介護,ケアマネジャー・居宅介護支援,相談",介護サービスの計画作成や事業所調整を行う相談先です。退院後の生活準備で重要です。,http://tanaka-seikeigannka.com/,福井県福井市種池１丁目６０９番2,0776-33-0873,厚生労働省オープンデータ,https://www.mhlw.go.jp/content/12300000/jigyosho_430.csv,2025-12末,https://www.google.com/search?q=%E3%82%B1%E3%82%A2%E3%83%97%E3%83%A9%E3%83%B3%E3%82%BB%E3%83%B3%E3%82%BF%E3%83%BC%E3%80%80%E8%8F%AF%E3%81%BF%E3%81%9A%E3%81%8D%20%E7%A6%8F%E4%BA%95%E5%B8%82
ゆうあい居宅介護支援センター,ケアマネジャー・居宅介護支援,福井県,福井市,"介護,ケアマネジャー・居宅介護支援,相談",介護サービスの計画作成や事業所調整を行う相談先です。退院後の生活準備で重要です。,http://fukui-youi.com/,福井県福井市大願寺３－９－３,0776-27-0021,厚生労働省オープンデータ,https://www.mhlw.go.jp/content/12300000/jigyosho_430.csv,2025-12末,https://www.google.com/search?q=%E3%82%86%E3%81%86%E3%81%82%E3%81%84%E5%B1%85%E5%AE%85%E4%BB%8B%E8%AD%B7%E6%94%AF%E6%8F%B4%E3%82%BB%E3%83%B3%E3%82%BF%E3%83%BC%20%E7%A6%8F%E4%BA%95%E5%B8%82
あわーず福井居宅介護支援ステーション,ケアマネジャー・居宅介護支援,福井県,福井市,"介護,ケアマネジャー・居宅介護支援,相談",介護サービスの計画作成や事業所調整を行う相談先です。退院後の生活準備で重要です。,http://ours-sr.co.jp,大手2-15-11,0776-50-2507,厚生労働省オープンデータ,https://www.mhlw.go.jp/content/12300000/jigyosho_430.csv,2025-12末,https://www.google.com/search?q=%E3%81%82%E3%82%8F%E3%83%BC%E3%81%9A%E7%A6%8F%E4%BA%95%E5%B1%85%E5%AE%85%E4%BB%8B%E8%AD%B7%E6%94%AF%E6%8F%B4%E3%82%B9%E3%83%86%E3%83%BC%E3%82%B7%E3%83%A7%E3%83%B3%20%E7%A6%8F%E4%BA%95%E5%B8%82
ニチイケアセンター成和,ケアマネジャー・居宅介護支援,福井県,福井市,"介護,ケアマネジャー・居宅介護支援,相談",介護サービスの計画作成や事業所調整を行う相談先です。退院後の生活準備で重要です。,http://www.nichiigakkan.co.jp,福井県福井市城東2丁目14-1,0776-28-1470,厚生労働省オープンデータ,https://www.mhlw.go.jp/content/12300000/jigyosho_430.csv,2025-12末,https://www.google.com/search?q=%E3%83%8B%E3%83%81%E3%82%A4%E3%82%B1%E3%82%A2%E3%82%BB%E3%83%B3%E3%82%BF%E3%83%BC%E6%88%90%E5%92%8C%20%E7%A6%8F%E4%BA%95%E5%B8%82
宮﨑整形外科　居宅介護支援事業所,ケアマネジャー・居宅介護支援,福井県,福井市,"介護,ケアマネジャー・居宅介護支援,相談",介護サービスの計画作成や事業所調整を行う相談先です。退院後の生活準備で重要です。,https://www.google.com/search?q=%E5%AE%AE%EF%A8%91%E6%95%B4%E5%BD%A2%E5%A4%96%E7%A7%91%E3%80%80%E5%B1%85%E5%AE%85%E4%BB%8B%E8%AD%B7%E6%94%AF%E6%8F%B4%E4%BA%8B%E6%A5%AD%E6%89%80%20%E7%A6%8F%E4%BA%95%E5%B8%82,加茂河原3丁目8番20号,0776-33-2611,厚生労働省オープンデータ,https://www.mhlw.go.jp/content/12300000/jigyosho_430.csv,2025-12末,https://www.google.com/search?q=%E5%AE%AE%EF%A8%91%E6%95%B4%E5%BD%A2%E5%A4%96%E7%A7%91%E3%80%80%E5%B1%85%E5%AE%85%E4%BB%8B%E8%AD%B7%E6%94%AF%E6%8F%B4%E4%BA%8B%E6%A5%AD%E6%89%80%20%E7%A6%8F%E4%BA%95%E5%B8%82
ケアプラン　ゆう,ケアマネジャー・居宅介護支援,福井県,福井市,"介護,ケアマネジャー・居宅介護支援,相談",介護サービスの計画作成や事業所調整を行う相談先です。退院後の生活準備で重要です。,takaoen.jp,福井県福井市羽坂町33-1-1,0776-37-0115,厚生労働省オープンデータ,https://www.mhlw.go.jp/content/12300000/jigyosho_430.csv,2025-12末,https://www.google.com/search?q=%E3%82%B1%E3%82%A2%E3%83%97%E3%83%A9%E3%83%B3%E3%80%80%E3%82%86%E3%81%86%20%E7%A6%8F%E4%BA%95%E5%B8%82
岩井病院居宅介護支援センター,ケアマネジャー・居宅介護支援,福井県,福井市,"介護,ケアマネジャー・居宅介護支援,相談",介護サービスの計画作成や事業所調整を行う相談先です。退院後の生活準備で重要です。,https://www.google.com/search?q=%E5%B2%A9%E4%BA%95%E7%97%85%E9%99%A2%E5%B1%85%E5%AE%85%E4%BB%8B%E8%AD%B7%E6%94%AF%E6%8F%B4%E3%82%BB%E3%83%B3%E3%82%BF%E3%83%BC%20%E7%A6%8F%E4%BA%95%E5%B8%82,福井県福井市日之出2丁目15-10,0776-24-0306,厚生労働省オープンデータ,https://www.mhlw.go.jp/content/12300000/jigyosho_430.csv,2025-12末,https://www.google.com/search?q=%E5%B2%A9%E4%BA%95%E7%97%85%E9%99%A2%E5%B1%85%E5%AE%85%E4%BB%8B%E8%AD%B7%E6%94%AF%E6%8F%B4%E3%82%BB%E3%83%B3%E3%82%BF%E3%83%BC%20%E7%A6%8F%E4%BA%95%E5%B8%82
ヴィルヌーブあさくらケアプランセンター,ケアマネジャー・居宅介護支援,福井県,福井市,"介護,ケアマネジャー・居宅介護支援,相談",介護サービスの計画作成や事業所調整を行う相談先です。退院後の生活準備で重要です。,http://www.asakuraen.jp,福井市豊島1丁目2-13,0776-30-0753,厚生労働省オープンデータ,https://www.mhlw.go.jp/content/12300000/jigyosho_430.csv,2025-12末,https://www.google.com/search?q=%E3%83%B4%E3%82%A3%E3%83%AB%E3%83%8C%E3%83%BC%E3%83%96%E3%81%82%E3%81%95%E3%81%8F%E3%82%89%E3%82%B1%E3%82%A2%E3%83%97%E3%83%A9%E3%83%B3%E3%82%BB%E3%83%B3%E3%82%BF%E3%83%BC%20%E7%A6%8F%E4%BA%95%E5%B8%82
株式会社この道グループライフサポートセンター,ケアマネジャー・居宅介護支援,福井県,福井市,"介護,ケアマネジャー・居宅介護支援,相談",介護サービスの計画作成や事業所調整を行う相談先です。退院後の生活準備で重要です。,https://www.google.com/search?q=%E6%A0%AA%E5%BC%8F%E4%BC%9A%E7%A4%BE%E3%81%93%E3%81%AE%E9%81%93%E3%82%B0%E3%83%AB%E3%83%BC%E3%83%97%E3%83%A9%E3%82%A4%E3%83%95%E3%82%B5%E3%83%9D%E3%83%BC%E3%83%88%E3%82%BB%E3%83%B3%E3%82%BF%E3%83%BC%20%E7%A6%8F%E4%BA%95%E5%B8%82,福井県福井市燈豊町第39号6番地59,0776-50-2728,厚生労働省オープンデータ,https://www.mhlw.go.jp/content/12300000/jigyosho_430.csv,2025-12末,https://www.google.com/search?q=%E6%A0%AA%E5%BC%8F%E4%BC%9A%E7%A4%BE%E3%81%93%E3%81%AE%E9%81%93%E3%82%B0%E3%83%AB%E3%83%BC%E3%83%97%E3%83%A9%E3%82%A4%E3%83%95%E3%82%B5%E3%83%9D%E3%83%BC%E3%83%88%E3%82%BB%E3%83%B3%E3%82%BF%E3%83%BC%20%E7%A6%8F%E4%BA%95%E5%B8%82
居宅介護支援センターいこい,ケアマネジャー・居宅介護支援,福井県,福井市,"介護,ケアマネジャー・居宅介護支援,相談",介護サービスの計画作成や事業所調整を行う相談先です。退院後の生活準備で重要です。,http://www.kaigo-ikoi.net/,福井県福井市光陽２丁目２１－３,0776-21-3010,厚生労働省オープンデータ,https://www.mhlw.go.jp/content/12300000/jigyosho_430.csv,2025-12末,https://www.google.com/search?q=%E5%B1%85%E5%AE%85%E4%BB%8B%E8%AD%B7%E6%94%AF%E6%8F%B4%E3%82%BB%E3%83%B3%E3%82%BF%E3%83%BC%E3%81%84%E3%81%93%E3%81%84%20%E7%A6%8F%E4%BA%95%E5%B8%82
花園指定居宅介護支援センター,ケアマネジャー・居宅介護支援,福井県,福井市,"介護,ケアマネジャー・居宅介護支援,相談",介護サービスの計画作成や事業所調整を行う相談先です。退院後の生活準備で重要です。,http://www.hanazono-f.com,福井県福井市松本1丁目36番15号,0776-29-1155,厚生労働省オープンデータ,https://www.mhlw.go.jp/content/12300000/jigyosho_430.csv,2025-12末,https://www.google.com/search?q=%E8%8A%B1%E5%9C%92%E6%8C%87%E5%AE%9A%E5%B1%85%E5%AE%85%E4%BB%8B%E8%AD%B7%E6%94%AF%E6%8F%B4%E3%82%BB%E3%83%B3%E3%82%BF%E3%83%BC%20%E7%A6%8F%E4%BA%95%E5%B8%82
ケアプラン花,ケアマネジャー・居宅介護支援,福井県,福井市,"介護,ケアマネジャー・居宅介護支援,相談",介護サービスの計画作成や事業所調整を行う相談先です。退院後の生活準備で重要です。,careplan-hana.com,福井県福井市文京5丁目17-26,0776-97-5205,厚生労働省オープンデータ,https://www.mhlw.go.jp/content/12300000/jigyosho_430.csv,2025-12末,https://www.google.com/search?q=%E3%82%B1%E3%82%A2%E3%83%97%E3%83%A9%E3%83%B3%E8%8A%B1%20%E7%A6%8F%E4%BA%95%E5%B8%82
居宅介護支援事業所いわき,ケアマネジャー・居宅介護支援,福井県,福井市,"介護,ケアマネジャー・居宅介護支援,相談",介護サービスの計画作成や事業所調整を行う相談先です。退院後の生活準備で重要です。,https://www.google.com/search?q=%E5%B1%85%E5%AE%85%E4%BB%8B%E8%AD%B7%E6%94%AF%E6%8F%B4%E4%BA%8B%E6%A5%AD%E6%89%80%E3%81%84%E3%82%8F%E3%81%8D%20%E7%A6%8F%E4%BA%95%E5%B8%82,福井市三十八社町１０－８,0776-38-9110,厚生労働省オープンデータ,https://www.mhlw.go.jp/content/12300000/jigyosho_430.csv,2025-12末,https://www.google.com/search?q=%E5%B1%85%E5%AE%85%E4%BB%8B%E8%AD%B7%E6%94%AF%E6%8F%B4%E4%BA%8B%E6%A5%AD%E6%89%80%E3%81%84%E3%82%8F%E3%81%8D%20%E7%A6%8F%E4%BA%95%E5%B8%82
合同会社ＩＺＵＭＯ,ケアマネジャー・居宅介護支援,福井県,福井市,"介護,ケアマネジャー・居宅介護支援,相談",介護サービスの計画作成や事業所調整を行う相談先です。退院後の生活準備で重要です。,https://www.google.com/search?q=%E5%90%88%E5%90%8C%E4%BC%9A%E7%A4%BE%EF%BC%A9%EF%BC%BA%EF%BC%B5%EF%BC%AD%EF%BC%AF%20%E7%A6%8F%E4%BA%95%E5%B8%82,福井県福井市志比口3丁目3-39,0776-97-6839,厚生労働省オープンデータ,https://www.mhlw.go.jp/content/12300000/jigyosho_430.csv,2025-12末,https://www.google.com/search?q=%E5%90%88%E5%90%8C%E4%BC%9A%E7%A4%BE%EF%BC%A9%EF%BC%BA%EF%BC%B5%EF%BC%AD%EF%BC%AF%20%E7%A6%8F%E4%BA%95%E5%B8%82
この道グループライフサポートセンター,ケアマネジャー・居宅介護支援,福井県,福井市,"介護,ケアマネジャー・居宅介護支援,相談",介護サービスの計画作成や事業所調整を行う相談先です。退院後の生活準備で重要です。,https://www.google.com/search?q=%E3%81%93%E3%81%AE%E9%81%93%E3%82%B0%E3%83%AB%E3%83%BC%E3%83%97%E3%83%A9%E3%82%A4%E3%83%95%E3%82%B5%E3%83%9D%E3%83%BC%E3%83%88%E3%82%BB%E3%83%B3%E3%82%BF%E3%83%BC%20%E7%A6%8F%E4%BA%95%E5%B8%82,福井市燈豊町39-6-59,0776-50-2728,厚生労働省オープンデータ,https://www.mhlw.go.jp/content/12300000/jigyosho_430.csv,2025-12末,https://www.google.com/search?q=%E3%81%93%E3%81%AE%E9%81%93%E3%82%B0%E3%83%AB%E3%83%BC%E3%83%97%E3%83%A9%E3%82%A4%E3%83%95%E3%82%B5%E3%83%9D%E3%83%BC%E3%83%88%E3%82%BB%E3%83%B3%E3%82%BF%E3%83%BC%20%E7%A6%8F%E4%BA%95%E5%B8%82
こしの医院　居宅介護支援事業所,ケアマネジャー・居宅介護支援,福井県,福井市,"介護,ケアマネジャー・居宅介護支援,相談",介護サービスの計画作成や事業所調整を行う相談先です。退院後の生活準備で重要です。,https://www.google.com/search?q=%E3%81%93%E3%81%97%E3%81%AE%E5%8C%BB%E9%99%A2%E3%80%80%E5%B1%85%E5%AE%85%E4%BB%8B%E8%AD%B7%E6%94%AF%E6%8F%B4%E4%BA%8B%E6%A5%AD%E6%89%80%20%E7%A6%8F%E4%BA%95%E5%B8%82,福井市蒲生町１－９１－１,0776-89-2232,厚生労働省オープンデータ,https://www.mhlw.go.jp/content/12300000/jigyosho_430.csv,2025-12末,https://www.google.com/search?q=%E3%81%93%E3%81%97%E3%81%AE%E5%8C%BB%E9%99%A2%E3%80%80%E5%B1%85%E5%AE%85%E4%BB%8B%E8%AD%B7%E6%94%AF%E6%8F%B4%E4%BA%8B%E6%A5%AD%E6%89%80%20%E7%A6%8F%E4%BA%95%E5%B8%82
花むつ苑居宅介護支援事業所,ケアマネジャー・居宅介護支援,福井県,福井市,"介護,ケアマネジャー・居宅介護支援,相談",介護サービスの計画作成や事業所調整を行う相談先です。退院後の生活準備で重要です。,http://shinseikai-f.org/asamutsuen/,福井市　花堂中１丁目5-6,0776-34-8766,厚生労働省オープンデータ,https://www.mhlw.go.jp/content/12300000/jigyosho_430.csv,2025-12末,https://www.google.com/search?q=%E8%8A%B1%E3%82%80%E3%81%A4%E8%8B%91%E5%B1%85%E5%AE%85%E4%BB%8B%E8%AD%B7%E6%94%AF%E6%8F%B4%E4%BA%8B%E6%A5%AD%E6%89%80%20%E7%A6%8F%E4%BA%95%E5%B8%82
柔整介護センター,ケアマネジャー・居宅介護支援,福井県,福井市,"介護,ケアマネジャー・居宅介護支援,相談",介護サービスの計画作成や事業所調整を行う相談先です。退院後の生活準備で重要です。,https://www.google.com/search?q=%E6%9F%94%E6%95%B4%E4%BB%8B%E8%AD%B7%E3%82%BB%E3%83%B3%E3%82%BF%E3%83%BC%20%E7%A6%8F%E4%BA%95%E5%B8%82,福井県福井市花堂東２丁目３０１,0776-34-1977,厚生労働省オープンデータ,https://www.mhlw.go.jp/content/12300000/jigyosho_430.csv,2025-12末,https://www.google.com/search?q=%E6%9F%94%E6%95%B4%E4%BB%8B%E8%AD%B7%E3%82%BB%E3%83%B3%E3%82%BF%E3%83%BC%20%E7%A6%8F%E4%BA%95%E5%B8%82
ケアセンターこころ,ケアマネジャー・居宅介護支援,福井県,福井市,"介護,ケアマネジャー・居宅介護支援,相談",介護サービスの計画作成や事業所調整を行う相談先です。退院後の生活準備で重要です。,http://carecenter-kokoro.net/,福井市三十八社町401-22,0776-97-8017,厚生労働省オープンデータ,https://www.mhlw.go.jp/content/12300000/jigyosho_430.csv,2025-12末,https://www.google.com/search?q=%E3%82%B1%E3%82%A2%E3%82%BB%E3%83%B3%E3%82%BF%E3%83%BC%E3%81%93%E3%81%93%E3%82%8D%20%E7%A6%8F%E4%BA%95%E5%B8%82
ＳＯＭＰＯケア　福井　居宅介護支援,ケアマネジャー・居宅介護支援,福井県,福井市,"介護,ケアマネジャー・居宅介護支援,相談",介護サービスの計画作成や事業所調整を行う相談先です。退院後の生活準備で重要です。,https://www.sompocare.com,福井県福井市城東1丁目２－１３,0776-22-1026,厚生労働省オープンデータ,https://www.mhlw.go.jp/content/12300000/jigyosho_430.csv,2025-12末,https://www.google.com/search?q=%EF%BC%B3%EF%BC%AF%EF%BC%AD%EF%BC%B0%EF%BC%AF%E3%82%B1%E3%82%A2%E3%80%80%E7%A6%8F%E4%BA%95%E3%80%80%E5%B1%85%E5%AE%85%E4%BB%8B%E8%AD%B7%E6%94%AF%E6%8F%B4%20%E7%A6%8F%E4%BA%95%E5%B8%82
福井赤十字病院居宅介護支援事業所,ケアマネジャー・居宅介護支援,福井県,福井市,"介護,ケアマネジャー・居宅介護支援,相談",介護サービスの計画作成や事業所調整を行う相談先です。退院後の生活準備で重要です。,http://www.fukui-med.jrc.or.jp/,福井市月見2丁目4番1号,0776-36-3630,厚生労働省オープンデータ,https://www.mhlw.go.jp/content/12300000/jigyosho_430.csv,2025-12末,https://www.google.com/search?q=%E7%A6%8F%E4%BA%95%E8%B5%A4%E5%8D%81%E5%AD%97%E7%97%85%E9%99%A2%E5%B1%85%E5%AE%85%E4%BB%8B%E8%AD%B7%E6%94%AF%E6%8F%B4%E4%BA%8B%E6%A5%AD%E6%89%80%20%E7%A6%8F%E4%BA%95%E5%B8%82
ハート居宅介護支援事業所,ケアマネジャー・居宅介護支援,福井県,福井市,"介護,ケアマネジャー・居宅介護支援,相談",介護サービスの計画作成や事業所調整を行う相談先です。退院後の生活準備で重要です。,http://www.fcvc.or.jp/section/home-care.php,福井市新保2丁目228番地,0776-54-1399,厚生労働省オープンデータ,https://www.mhlw.go.jp/content/12300000/jigyosho_430.csv,2025-12末,https://www.google.com/search?q=%E3%83%8F%E3%83%BC%E3%83%88%E5%B1%85%E5%AE%85%E4%BB%8B%E8%AD%B7%E6%94%AF%E6%8F%B4%E4%BA%8B%E6%A5%AD%E6%89%80%20%E7%A6%8F%E4%BA%95%E5%B8%82
ひらい内科消化器科医院居宅介護支援事業所,ケアマネジャー・居宅介護支援,福井県,福井市,"介護,ケアマネジャー・居宅介護支援,相談",介護サービスの計画作成や事業所調整を行う相談先です。退院後の生活準備で重要です。,http://www.hirainaikashoukakika.org/,福井市渕4丁目１８１３番地,0776-33-6881,厚生労働省オープンデータ,https://www.mhlw.go.jp/content/12300000/jigyosho_430.csv,2025-12末,https://www.google.com/search?q=%E3%81%B2%E3%82%89%E3%81%84%E5%86%85%E7%A7%91%E6%B6%88%E5%8C%96%E5%99%A8%E7%A7%91%E5%8C%BB%E9%99%A2%E5%B1%85%E5%AE%85%E4%BB%8B%E8%AD%B7%E6%94%AF%E6%8F%B4%E4%BA%8B%E6%A5%AD%E6%89%80%20%E7%A6%8F%E4%BA%95%E5%B8%82
九頭竜長生苑居宅介護支援事業所,ケアマネジャー・居宅介護支援,福井県,福井市,"介護,ケアマネジャー・居宅介護支援,相談",介護サービスの計画作成や事業所調整を行う相談先です。退院後の生活準備で重要です。,http://www.fukusenkai.jp/,福井市寺前町2－2－2,0776-54-5211,厚生労働省オープンデータ,https://www.mhlw.go.jp/content/12300000/jigyosho_430.csv,2025-12末,https://www.google.com/search?q=%E4%B9%9D%E9%A0%AD%E7%AB%9C%E9%95%B7%E7%94%9F%E8%8B%91%E5%B1%85%E5%AE%85%E4%BB%8B%E8%AD%B7%E6%94%AF%E6%8F%B4%E4%BA%8B%E6%A5%AD%E6%89%80%20%E7%A6%8F%E4%BA%95%E5%B8%82
つくし野ケアサービスセンター,ケアマネジャー・居宅介護支援,福井県,福井市,"介護,ケアマネジャー・居宅介護支援,相談",介護サービスの計画作成や事業所調整を行う相談先です。退院後の生活準備で重要です。,http://www.senjukai.com/,福井市川合鷲塚町４９－５,0776-55-3100,厚生労働省オープンデータ,https://www.mhlw.go.jp/content/12300000/jigyosho_430.csv,2025-12末,https://www.google.com/search?q=%E3%81%A4%E3%81%8F%E3%81%97%E9%87%8E%E3%82%B1%E3%82%A2%E3%82%B5%E3%83%BC%E3%83%93%E3%82%B9%E3%82%BB%E3%83%B3%E3%82%BF%E3%83%BC%20%E7%A6%8F%E4%BA%95%E5%B8%82
ケアホーム・さいせい居宅介護支援事業所,ケアマネジャー・居宅介護支援,福井県,福井市,"介護,ケアマネジャー・居宅介護支援,相談",介護サービスの計画作成や事業所調整を行う相談先です。退院後の生活準備で重要です。,https://carehomesaisei-fukui-saiseikai.com,和田中町徳万28,0776-30-7665,厚生労働省オープンデータ,https://www.mhlw.go.jp/content/12300000/jigyosho_430.csv,2025-12末,https://www.google.com/search?q=%E3%82%B1%E3%82%A2%E3%83%9B%E3%83%BC%E3%83%A0%E3%83%BB%E3%81%95%E3%81%84%E3%81%9B%E3%81%84%E5%B1%85%E5%AE%85%E4%BB%8B%E8%AD%B7%E6%94%AF%E6%8F%B4%E4%BA%8B%E6%A5%AD%E6%89%80%20%E7%A6%8F%E4%BA%95%E5%B8%82
さくら居宅介護支援事業所,ケアマネジャー・居宅介護支援,福井県,福井市,"介護,ケアマネジャー・居宅介護支援,相談",介護サービスの計画作成や事業所調整を行う相談先です。退院後の生活準備で重要です。,http://www.sensuikai.jp,福井市花堂東2丁目408,0776-35-7807,厚生労働省オープンデータ,https://www.mhlw.go.jp/content/12300000/jigyosho_430.csv,2025-12末,https://www.google.com/search?q=%E3%81%95%E3%81%8F%E3%82%89%E5%B1%85%E5%AE%85%E4%BB%8B%E8%AD%B7%E6%94%AF%E6%8F%B4%E4%BA%8B%E6%A5%AD%E6%89%80%20%E7%A6%8F%E4%BA%95%E5%B8%82
公益社団法人　福井市シルバー人材センター介護保険事業所,ケアマネジャー・居宅介護支援,福井県,福井市,"介護,ケアマネジャー・居宅介護支援,相談",介護サービスの計画作成や事業所調整を行う相談先です。退院後の生活準備で重要です。,E-mail:genkikun-Kaigo1@sjc.ne.,福井市文京１丁目２６－１０福井市ワークプラザ,0776-27-0180,厚生労働省オープンデータ,https://www.mhlw.go.jp/content/12300000/jigyosho_430.csv,2025-12末,https://www.google.com/search?q=%E5%85%AC%E7%9B%8A%E7%A4%BE%E5%9B%A3%E6%B3%95%E4%BA%BA%E3%80%80%E7%A6%8F%E4%BA%95%E5%B8%82%E3%82%B7%E3%83%AB%E3%83%90%E3%83%BC%E4%BA%BA%E6%9D%90%E3%82%BB%E3%83%B3%E3%82%BF%E3%83%BC%E4%BB%8B%E8%AD%B7%E4%BF%9D%E9%99%BA%E4%BA%8B%E6%A5%AD%E6%89%80%20%E7%A6%8F%E4%BA%95%E5%B8%82
山翠苑居宅支援センター,ケアマネジャー・居宅介護支援,福井県,福井市,"介護,ケアマネジャー・居宅介護支援,相談",介護サービスの計画作成や事業所調整を行う相談先です。退院後の生活準備で重要です。,http://www.sansuien.jp,福井県福井市堅達町24-1,0776-53-2586,厚生労働省オープンデータ,https://www.mhlw.go.jp/content/12300000/jigyosho_430.csv,2025-12末,https://www.google.com/search?q=%E5%B1%B1%E7%BF%A0%E8%8B%91%E5%B1%85%E5%AE%85%E6%94%AF%E6%8F%B4%E3%82%BB%E3%83%B3%E3%82%BF%E3%83%BC%20%E7%A6%8F%E4%BA%95%E5%B8%82
藤島園ケアマネージメントセンター,ケアマネジャー・居宅介護支援,福井県,福井市,"介護,ケアマネジャー・居宅介護支援,相談",介護サービスの計画作成や事業所調整を行う相談先です。退院後の生活準備で重要です。,http://www.fujishimaen.or.jp/,福井市高木中央３丁目1701,0776-52-1166,厚生労働省オープンデータ,https://www.mhlw.go.jp/content/12300000/jigyosho_430.csv,2025-12末,https://www.google.com/search?q=%E8%97%A4%E5%B3%B6%E5%9C%92%E3%82%B1%E3%82%A2%E3%83%9E%E3%83%8D%E3%83%BC%E3%82%B8%E3%83%A1%E3%83%B3%E3%83%88%E3%82%BB%E3%83%B3%E3%82%BF%E3%83%BC%20%E7%A6%8F%E4%BA%95%E5%B8%82
さくらが丘介護相談センタ－,ケアマネジャー・居宅介護支援,福井県,福井市,"介護,ケアマネジャー・居宅介護支援,相談",介護サービスの計画作成や事業所調整を行う相談先です。退院後の生活準備で重要です。,http://www.takaoen.jp/,福井市本堂町５１字３３番地,0776-37-0900,厚生労働省オープンデータ,https://www.mhlw.go.jp/content/12300000/jigyosho_430.csv,2025-12末,https://www.google.com/search?q=%E3%81%95%E3%81%8F%E3%82%89%E3%81%8C%E4%B8%98%E4%BB%8B%E8%AD%B7%E7%9B%B8%E8%AB%87%E3%82%BB%E3%83%B3%E3%82%BF%EF%BC%8D%20%E7%A6%8F%E4%BA%95%E5%B8%82
あさむつ苑居宅介護支援事業所,ケアマネジャー・居宅介護支援,福井県,福井市,"介護,ケアマネジャー・居宅介護支援,相談",介護サービスの計画作成や事業所調整を行う相談先です。退院後の生活準備で重要です。,http://www.asamutuen.jp/,福井市引目町第２１号９番地の２,0776-38-9283,厚生労働省オープンデータ,https://www.mhlw.go.jp/content/12300000/jigyosho_430.csv,2025-12末,https://www.google.com/search?q=%E3%81%82%E3%81%95%E3%82%80%E3%81%A4%E8%8B%91%E5%B1%85%E5%AE%85%E4%BB%8B%E8%AD%B7%E6%94%AF%E6%8F%B4%E4%BA%8B%E6%A5%AD%E6%89%80%20%E7%A6%8F%E4%BA%95%E5%B8%82
悠和園介護相談センター,ケアマネジャー・居宅介護支援,福井県,福井市,"介護,ケアマネジャー・居宅介護支援,相談",介護サービスの計画作成や事業所調整を行う相談先です。退院後の生活準備で重要です。,http://www.yuwaen.jp/,福井県福井市免鳥町22-74,0776-86-1313,厚生労働省オープンデータ,https://www.mhlw.go.jp/content/12300000/jigyosho_430.csv,2025-12末,https://www.google.com/search?q=%E6%82%A0%E5%92%8C%E5%9C%92%E4%BB%8B%E8%AD%B7%E7%9B%B8%E8%AB%87%E3%82%BB%E3%83%B3%E3%82%BF%E3%83%BC%20%E7%A6%8F%E4%BA%95%E5%B8%82
県民せいきょう居宅介護支援事業所,ケアマネジャー・居宅介護支援,福井県,福井市,"介護,ケアマネジャー・居宅介護支援,相談",介護サービスの計画作成や事業所調整を行う相談先です。退院後の生活準備で重要です。,http://www.fukui.coop/care/kaigohoken/,福井県福井市羽水1丁目107番地,0776-32-6000,厚生労働省オープンデータ,https://www.mhlw.go.jp/content/12300000/jigyosho_430.csv,2025-12末,https://www.google.com/search?q=%E7%9C%8C%E6%B0%91%E3%81%9B%E3%81%84%E3%81%8D%E3%82%87%E3%81%86%E5%B1%85%E5%AE%85%E4%BB%8B%E8%AD%B7%E6%94%AF%E6%8F%B4%E4%BA%8B%E6%A5%AD%E6%89%80%20%E7%A6%8F%E4%BA%95%E5%B8%82
宝珠苑　指定居宅介護支援事業所,ケアマネジャー・居宅介護支援,福井県,福井市,"介護,ケアマネジャー・居宅介護支援,相談",介護サービスの計画作成や事業所調整を行う相談先です。退院後の生活準備で重要です。,http://houjuen.org/,福井市内山梨子町2-3-1,0776-83-1888,厚生労働省オープンデータ,https://www.mhlw.go.jp/content/12300000/jigyosho_430.csv,2025-12末,https://www.google.com/search?q=%E5%AE%9D%E7%8F%A0%E8%8B%91%E3%80%80%E6%8C%87%E5%AE%9A%E5%B1%85%E5%AE%85%E4%BB%8B%E8%AD%B7%E6%94%AF%E6%8F%B4%E4%BA%8B%E6%A5%AD%E6%89%80%20%E7%A6%8F%E4%BA%95%E5%B8%82
たんぽぽ苑居宅介護支援センター,ケアマネジャー・居宅介護支援,福井県,福井市,"介護,ケアマネジャー・居宅介護支援,相談",介護サービスの計画作成や事業所調整を行う相談先です。退院後の生活準備で重要です。,https://www.tanpopoen-senjukai.com,福井市石盛３丁目301番地,0776-56-3211,厚生労働省オープンデータ,https://www.mhlw.go.jp/content/12300000/jigyosho_430.csv,2025-12末,https://www.google.com/search?q=%E3%81%9F%E3%82%93%E3%81%BD%E3%81%BD%E8%8B%91%E5%B1%85%E5%AE%85%E4%BB%8B%E8%AD%B7%E6%94%AF%E6%8F%B4%E3%82%BB%E3%83%B3%E3%82%BF%E3%83%BC%20%E7%A6%8F%E4%BA%95%E5%B8%82
足羽利生苑居宅介護支援センター,ケアマネジャー・居宅介護支援,福井県,福井市,"介護,ケアマネジャー・居宅介護支援,相談",介護サービスの計画作成や事業所調整を行う相談先です。退院後の生活準備で重要です。,http://www.asuwafukushikai.jp/risyoen/,福井市栂野町20－7,0776-43-9878,厚生労働省オープンデータ,https://www.mhlw.go.jp/content/12300000/jigyosho_430.csv,2025-12末,https://www.google.com/search?q=%E8%B6%B3%E7%BE%BD%E5%88%A9%E7%94%9F%E8%8B%91%E5%B1%85%E5%AE%85%E4%BB%8B%E8%AD%B7%E6%94%AF%E6%8F%B4%E3%82%BB%E3%83%B3%E3%82%BF%E3%83%BC%20%E7%A6%8F%E4%BA%95%E5%B8%82
愛全園居宅介護支援センター,ケアマネジャー・居宅介護支援,福井県,福井市,"介護,ケアマネジャー・居宅介護支援,相談",介護サービスの計画作成や事業所調整を行う相談先です。退院後の生活準備で重要です。,http://www.asuwafukushikai.jp/aizenen/,福井県福井市丸山町40-7,0776-53-5613,厚生労働省オープンデータ,https://www.mhlw.go.jp/content/12300000/jigyosho_430.csv,2025-12末,https://www.google.com/search?q=%E6%84%9B%E5%85%A8%E5%9C%92%E5%B1%85%E5%AE%85%E4%BB%8B%E8%AD%B7%E6%94%AF%E6%8F%B4%E3%82%BB%E3%83%B3%E3%82%BF%E3%83%BC%20%E7%A6%8F%E4%BA%95%E5%B8%82
文珠苑居宅介護支援事業所,ケアマネジャー・居宅介護支援,福井県,福井市,"介護,ケアマネジャー・居宅介護支援,相談",介護サービスの計画作成や事業所調整を行う相談先です。退院後の生活準備で重要です。,http://www.monjuen.com/,福井市北山町35-5-1,0776-41-7800,厚生労働省オープンデータ,https://www.mhlw.go.jp/content/12300000/jigyosho_430.csv,2025-12末,https://www.google.com/search?q=%E6%96%87%E7%8F%A0%E8%8B%91%E5%B1%85%E5%AE%85%E4%BB%8B%E8%AD%B7%E6%94%AF%E6%8F%B4%E4%BA%8B%E6%A5%AD%E6%89%80%20%E7%A6%8F%E4%BA%95%E5%B8%82
福井厚生病院介護保険相談センター,ケアマネジャー・居宅介護支援,福井県,福井市,"介護,ケアマネジャー・居宅介護支援,相談",介護サービスの計画作成や事業所調整を行う相談先です。退院後の生活準備で重要です。,http://koseikaigroup.jp/kaigo/soudan/kaigohokensoudan_center/,福井市下六条町217番地,0776-41-8020,厚生労働省オープンデータ,https://www.mhlw.go.jp/content/12300000/jigyosho_430.csv,2025-12末,https://www.google.com/search?q=%E7%A6%8F%E4%BA%95%E5%8E%9A%E7%94%9F%E7%97%85%E9%99%A2%E4%BB%8B%E8%AD%B7%E4%BF%9D%E9%99%BA%E7%9B%B8%E8%AB%87%E3%82%BB%E3%83%B3%E3%82%BF%E3%83%BC%20%E7%A6%8F%E4%BA%95%E5%B8%82
新田塚介護相談ｾﾝﾀｰ,ケアマネジャー・居宅介護支援,福井県,福井市,"介護,ケアマネジャー・居宅介護支援,相談",介護サービスの計画作成や事業所調整を行う相談先です。退院後の生活準備で重要です。,https://www.google.com/search?q=%E6%96%B0%E7%94%B0%E5%A1%9A%E4%BB%8B%E8%AD%B7%E7%9B%B8%E8%AB%87%EF%BD%BE%EF%BE%9D%EF%BE%80%EF%BD%B0%20%E7%A6%8F%E4%BA%95%E5%B8%82,福井県福井市新田塚1‐42‐1,0776-22-6587,厚生労働省オープンデータ,https://www.mhlw.go.jp/content/12300000/jigyosho_430.csv,2025-12末,https://www.google.com/search?q=%E6%96%B0%E7%94%B0%E5%A1%9A%E4%BB%8B%E8%AD%B7%E7%9B%B8%E8%AB%87%EF%BD%BE%EF%BE%9D%EF%BE%80%EF%BD%B0%20%E7%A6%8F%E4%BA%95%E5%B8%82
あさくら苑介護支援事業所,ケアマネジャー・居宅介護支援,福井県,福井市,"介護,ケアマネジャー・居宅介護支援,相談",介護サービスの計画作成や事業所調整を行う相談先です。退院後の生活準備で重要です。,http://www.asakuraen.jp,福井市下六条町18-32,0776-41-8400,厚生労働省オープンデータ,https://www.mhlw.go.jp/content/12300000/jigyosho_430.csv,2025-12末,https://www.google.com/search?q=%E3%81%82%E3%81%95%E3%81%8F%E3%82%89%E8%8B%91%E4%BB%8B%E8%AD%B7%E6%94%AF%E6%8F%B4%E4%BA%8B%E6%A5%AD%E6%89%80%20%E7%A6%8F%E4%BA%95%E5%B8%82
メイプルケア大宮介護相談センター,ケアマネジャー・居宅介護支援,福井県,福井市,"介護,ケアマネジャー・居宅介護支援,相談",介護サービスの計画作成や事業所調整を行う相談先です。退院後の生活準備で重要です。,https://meipurucare.com/facillity.html,福井市大宮4丁目13番1号,0776-25-0041,厚生労働省オープンデータ,https://www.mhlw.go.jp/content/12300000/jigyosho_430.csv,2025-12末,https://www.google.com/search?q=%E3%83%A1%E3%82%A4%E3%83%97%E3%83%AB%E3%82%B1%E3%82%A2%E5%A4%A7%E5%AE%AE%E4%BB%8B%E8%AD%B7%E7%9B%B8%E8%AB%87%E3%82%BB%E3%83%B3%E3%82%BF%E3%83%BC%20%E7%A6%8F%E4%BA%95%E5%B8%82
みどりの森居宅介護支援事業所,ケアマネジャー・居宅介護支援,福井県,福井市,"介護,ケアマネジャー・居宅介護支援,相談",介護サービスの計画作成や事業所調整を行う相談先です。退院後の生活準備で重要です。,http://www.fmatsubara.com/,福井県福井市文京2丁目6番10号介護保険施設みどりの森　２階,0776-28-7212,厚生労働省オープンデータ,https://www.mhlw.go.jp/content/12300000/jigyosho_430.csv,2025-12末,https://www.google.com/search?q=%E3%81%BF%E3%81%A9%E3%82%8A%E3%81%AE%E6%A3%AE%E5%B1%85%E5%AE%85%E4%BB%8B%E8%AD%B7%E6%94%AF%E6%8F%B4%E4%BA%8B%E6%A5%AD%E6%89%80%20%E7%A6%8F%E4%BA%95%E5%B8%82
ひかりケアプランセンター,ケアマネジャー・居宅介護支援,福井県,福井市,"介護,ケアマネジャー・居宅介護支援,相談",介護サービスの計画作成や事業所調整を行う相談先です。退院後の生活準備で重要です。,http://www.hikarigroup.jp,福井県福井市木田1丁目3308番地うららの家,0776-33-6866,厚生労働省オープンデータ,https://www.mhlw.go.jp/content/12300000/jigyosho_430.csv,2025-12末,https://www.google.com/search?q=%E3%81%B2%E3%81%8B%E3%82%8A%E3%82%B1%E3%82%A2%E3%83%97%E3%83%A9%E3%83%B3%E3%82%BB%E3%83%B3%E3%82%BF%E3%83%BC%20%E7%A6%8F%E4%BA%95%E5%B8%82
すみれ荘居宅介護支援センター,ケアマネジャー・居宅介護支援,福井県,福井市,"介護,ケアマネジャー・居宅介護支援,相談",介護サービスの計画作成や事業所調整を行う相談先です。退院後の生活準備で重要です。,http://www.s-shinseikai.jp,福井県福井市島寺町83-1,0776-98-2671,厚生労働省オープンデータ,https://www.mhlw.go.jp/content/12300000/jigyosho_430.csv,2025-12末,https://www.google.com/search?q=%E3%81%99%E3%81%BF%E3%82%8C%E8%8D%98%E5%B1%85%E5%AE%85%E4%BB%8B%E8%AD%B7%E6%94%AF%E6%8F%B4%E3%82%BB%E3%83%B3%E3%82%BF%E3%83%BC%20%E7%A6%8F%E4%BA%95%E5%B8%82
HOMETOWN　コスモス居宅介護支援事業所,ケアマネジャー・居宅介護支援,福井県,福井市,"介護,ケアマネジャー・居宅介護支援,相談",介護サービスの計画作成や事業所調整を行う相談先です。退院後の生活準備で重要です。,http://www.ht-cosmos.or.jp/,福井県福井市帆谷町１字外山３３,0776-38-1159,厚生労働省オープンデータ,https://www.mhlw.go.jp/content/12300000/jigyosho_430.csv,2025-12末,https://www.google.com/search?q=HOMETOWN%E3%80%80%E3%82%B3%E3%82%B9%E3%83%A2%E3%82%B9%E5%B1%85%E5%AE%85%E4%BB%8B%E8%AD%B7%E6%94%AF%E6%8F%B4%E4%BA%8B%E6%A5%AD%E6%89%80%20%E7%A6%8F%E4%BA%95%E5%B8%82
ほっとマネージメント福井,ケアマネジャー・居宅介護支援,福井県,福井市,"介護,ケアマネジャー・居宅介護支援,相談",介護サービスの計画作成や事業所調整を行う相談先です。退院後の生活準備で重要です。,http://www.hotreha.com,福井県福井市大和田2－2101ほっと地域包括ケアセンター福井北,0776-57-1055,厚生労働省オープンデータ,https://www.mhlw.go.jp/content/12300000/jigyosho_430.csv,2025-12末,https://www.google.com/search?q=%E3%81%BB%E3%81%A3%E3%81%A8%E3%83%9E%E3%83%8D%E3%83%BC%E3%82%B8%E3%83%A1%E3%83%B3%E3%83%88%E7%A6%8F%E4%BA%95%20%E7%A6%8F%E4%BA%95%E5%B8%82
あさがお在宅介護支援事業所,ケアマネジャー・居宅介護支援,福井県,福井市,"介護,ケアマネジャー・居宅介護支援,相談",介護サービスの計画作成や事業所調整を行う相談先です。退院後の生活準備で重要です。,http://fukui-medix.com,福井県福井市新保町19字35番1,0776-54-6328,厚生労働省オープンデータ,https://www.mhlw.go.jp/content/12300000/jigyosho_430.csv,2025-12末,https://www.google.com/search?q=%E3%81%82%E3%81%95%E3%81%8C%E3%81%8A%E5%9C%A8%E5%AE%85%E4%BB%8B%E8%AD%B7%E6%94%AF%E6%8F%B4%E4%BA%8B%E6%A5%AD%E6%89%80%20%E7%A6%8F%E4%BA%95%E5%B8%82
にこにこ介護相談センター花堂,ケアマネジャー・居宅介護支援,福井県,福井市,"介護,ケアマネジャー・居宅介護支援,相談",介護サービスの計画作成や事業所調整を行う相談先です。退院後の生活準備で重要です。,https://www.google.com/search?q=%E3%81%AB%E3%81%93%E3%81%AB%E3%81%93%E4%BB%8B%E8%AD%B7%E7%9B%B8%E8%AB%87%E3%82%BB%E3%83%B3%E3%82%BF%E3%83%BC%E8%8A%B1%E5%A0%82%20%E7%A6%8F%E4%BA%95%E5%B8%82,福井県福井市花堂中２丁目27-1TKビル102,0776-63-5326,厚生労働省オープンデータ,https://www.mhlw.go.jp/content/12300000/jigyosho_430.csv,2025-12末,https://www.google.com/search?q=%E3%81%AB%E3%81%93%E3%81%AB%E3%81%93%E4%BB%8B%E8%AD%B7%E7%9B%B8%E8%AB%87%E3%82%BB%E3%83%B3%E3%82%BF%E3%83%BC%E8%8A%B1%E5%A0%82%20%E7%A6%8F%E4%BA%95%E5%B8%82
みのりの絆ケアプランセンター,ケアマネジャー・居宅介護支援,福井県,福井市,"介護,ケアマネジャー・居宅介護支援,相談",介護サービスの計画作成や事業所調整を行う相談先です。退院後の生活準備で重要です。,https://www.minorinokizuna.com,福井県福井市新田塚1丁目55-1,0776-76-8777,厚生労働省オープンデータ,https://www.mhlw.go.jp/content/12300000/jigyosho_430.csv,2025-12末,https://www.google.com/search?q=%E3%81%BF%E3%81%AE%E3%82%8A%E3%81%AE%E7%B5%86%E3%82%B1%E3%82%A2%E3%83%97%E3%83%A9%E3%83%B3%E3%82%BB%E3%83%B3%E3%82%BF%E3%83%BC%20%E7%A6%8F%E4%BA%95%E5%B8%82
在宅勤務型居宅介護支援事業所フレックス,ケアマネジャー・居宅介護支援,福井県,福井市,"介護,ケアマネジャー・居宅介護支援,相談",介護サービスの計画作成や事業所調整を行う相談先です。退院後の生活準備で重要です。,https://fukui-flex.com/,福井県福井市栗森1丁目1107-1,0776-92-0608,厚生労働省オープンデータ,https://www.mhlw.go.jp/content/12300000/jigyosho_430.csv,2025-12末,https://www.google.com/search?q=%E5%9C%A8%E5%AE%85%E5%8B%A4%E5%8B%99%E5%9E%8B%E5%B1%85%E5%AE%85%E4%BB%8B%E8%AD%B7%E6%94%AF%E6%8F%B4%E4%BA%8B%E6%A5%AD%E6%89%80%E3%83%95%E3%83%AC%E3%83%83%E3%82%AF%E3%82%B9%20%E7%A6%8F%E4%BA%95%E5%B8%82
光陽訪問看護ステーション居宅介護支援事業所,ケアマネジャー・居宅介護支援,福井県,福井市,"介護,ケアマネジャー・居宅介護支援,相談",介護サービスの計画作成や事業所調整を行う相談先です。退院後の生活準備で重要です。,http://www.fukui-min-iren.com/iryouseikyou/,福井市光陽３－９－２３,0776-24-9990,厚生労働省オープンデータ,https://www.mhlw.go.jp/content/12300000/jigyosho_430.csv,2025-12末,https://www.google.com/search?q=%E5%85%89%E9%99%BD%E8%A8%AA%E5%95%8F%E7%9C%8B%E8%AD%B7%E3%82%B9%E3%83%86%E3%83%BC%E3%82%B7%E3%83%A7%E3%83%B3%E5%B1%85%E5%AE%85%E4%BB%8B%E8%AD%B7%E6%94%AF%E6%8F%B4%E4%BA%8B%E6%A5%AD%E6%89%80%20%E7%A6%8F%E4%BA%95%E5%B8%82
かわにし苑介護相談センター,ケアマネジャー・居宅介護支援,福井県,福井市,"介護,ケアマネジャー・居宅介護支援,相談",介護サービスの計画作成や事業所調整を行う相談先です。退院後の生活準備で重要です。,http://kawanishien.com,福井市砂子坂町第9号5番地,0776-83-1266,厚生労働省オープンデータ,https://www.mhlw.go.jp/content/12300000/jigyosho_430.csv,2025-12末,https://www.google.com/search?q=%E3%81%8B%E3%82%8F%E3%81%AB%E3%81%97%E8%8B%91%E4%BB%8B%E8%AD%B7%E7%9B%B8%E8%AB%87%E3%82%BB%E3%83%B3%E3%82%BF%E3%83%BC%20%E7%A6%8F%E4%BA%95%E5%B8%82
居宅介護支援事業所　つくも苑,ケアマネジャー・居宅介護支援,福井県,福井市,"介護,ケアマネジャー・居宅介護支援,相談",介護サービスの計画作成や事業所調整を行う相談先です。退院後の生活準備で重要です。,http://tsukumoen.co.jp/,福井県福井市つくも２丁目５番５号,0776-33-5577,厚生労働省オープンデータ,https://www.mhlw.go.jp/content/12300000/jigyosho_430.csv,2025-12末,https://www.google.com/search?q=%E5%B1%85%E5%AE%85%E4%BB%8B%E8%AD%B7%E6%94%AF%E6%8F%B4%E4%BA%8B%E6%A5%AD%E6%89%80%E3%80%80%E3%81%A4%E3%81%8F%E3%82%82%E8%8B%91%20%E7%A6%8F%E4%BA%95%E5%B8%82
ふくし百選　プランニング日之出,ケアマネジャー・居宅介護支援,福井県,福井市,"介護,ケアマネジャー・居宅介護支援,相談",介護サービスの計画作成や事業所調整を行う相談先です。退院後の生活準備で重要です。,http://www.hs-k.co.jp/fukushi/service_care.html,福井市日之出１丁目１４－２３福燃ビル３階,0776-27-1260,厚生労働省オープンデータ,https://www.mhlw.go.jp/content/12300000/jigyosho_430.csv,2025-12末,https://www.google.com/search?q=%E3%81%B5%E3%81%8F%E3%81%97%E7%99%BE%E9%81%B8%E3%80%80%E3%83%97%E3%83%A9%E3%83%B3%E3%83%8B%E3%83%B3%E3%82%B0%E6%97%A5%E4%B9%8B%E5%87%BA%20%E7%A6%8F%E4%BA%95%E5%B8%82
モアヤング　介護相談所,ケアマネジャー・居宅介護支援,福井県,福井市,"介護,ケアマネジャー・居宅介護支援,相談",介護サービスの計画作成や事業所調整を行う相談先です。退院後の生活準備で重要です。,http://www.moreyoung.jp/,福井市和田中町東沖田３０番地の１,0776-28-3734,厚生労働省オープンデータ,https://www.mhlw.go.jp/content/12300000/jigyosho_430.csv,2025-12末,https://www.google.com/search?q=%E3%83%A2%E3%82%A2%E3%83%A4%E3%83%B3%E3%82%B0%E3%80%80%E4%BB%8B%E8%AD%B7%E7%9B%B8%E8%AB%87%E6%89%80%20%E7%A6%8F%E4%BA%95%E5%B8%82
東安居介護相談センター,ケアマネジャー・居宅介護支援,福井県,福井市,"介護,ケアマネジャー・居宅介護支援,相談",介護サービスの計画作成や事業所調整を行う相談先です。退院後の生活準備で重要です。,http://www.kenrakukai.jp/higashiago/,福井県福井市大瀬町23−101東安居苑,0776−35−1738,厚生労働省オープンデータ,https://www.mhlw.go.jp/content/12300000/jigyosho_430.csv,2025-12末,https://www.google.com/search?q=%E6%9D%B1%E5%AE%89%E5%B1%85%E4%BB%8B%E8%AD%B7%E7%9B%B8%E8%AB%87%E3%82%BB%E3%83%B3%E3%82%BF%E3%83%BC%20%E7%A6%8F%E4%BA%95%E5%B8%82
いなほ在宅介護支援事業所,ケアマネジャー・居宅介護支援,福井県,福井市,"介護,ケアマネジャー・居宅介護支援,相談",介護サービスの計画作成や事業所調整を行う相談先です。退院後の生活準備で重要です。,http://fukui-medix.com/,福井市江端町20字20-24,0776-38-7220,厚生労働省オープンデータ,https://www.mhlw.go.jp/content/12300000/jigyosho_430.csv,2025-12末,https://www.google.com/search?q=%E3%81%84%E3%81%AA%E3%81%BB%E5%9C%A8%E5%AE%85%E4%BB%8B%E8%AD%B7%E6%94%AF%E6%8F%B4%E4%BA%8B%E6%A5%AD%E6%89%80%20%E7%A6%8F%E4%BA%95%E5%B8%82
ケアプランセンターみげん,ケアマネジャー・居宅介護支援,福井県,福井市,"介護,ケアマネジャー・居宅介護支援,相談",介護サービスの計画作成や事業所調整を行う相談先です。退院後の生活準備で重要です。,https://www.c-migen.jp/,福井県福井市大宮6丁目17－24リベルテ竜郷　－大宮ー,0776-25-2555,厚生労働省オープンデータ,https://www.mhlw.go.jp/content/12300000/jigyosho_430.csv,2025-12末,https://www.google.com/search?q=%E3%82%B1%E3%82%A2%E3%83%97%E3%83%A9%E3%83%B3%E3%82%BB%E3%83%B3%E3%82%BF%E3%83%BC%E3%81%BF%E3%81%92%E3%82%93%20%E7%A6%8F%E4%BA%95%E5%B8%82
ケアパートナーあゆみ,ケアマネジャー・居宅介護支援,福井県,福井市,"介護,ケアマネジャー・居宅介護支援,相談",介護サービスの計画作成や事業所調整を行う相談先です。退院後の生活準備で重要です。,https://www.google.com/search?q=%E3%82%B1%E3%82%A2%E3%83%91%E3%83%BC%E3%83%88%E3%83%8A%E3%83%BC%E3%81%82%E3%82%86%E3%81%BF%20%E7%A6%8F%E4%BA%95%E5%B8%82,福井市上森田6丁目324番地,080-9995-9041,厚生労働省オープンデータ,https://www.mhlw.go.jp/content/12300000/jigyosho_430.csv,2025-12末,https://www.google.com/search?q=%E3%82%B1%E3%82%A2%E3%83%91%E3%83%BC%E3%83%88%E3%83%8A%E3%83%BC%E3%81%82%E3%82%86%E3%81%BF%20%E7%A6%8F%E4%BA%95%E5%B8%82
社会福祉法人　新清会　二の丸苑　居宅介護支援事業所,ケアマネジャー・居宅介護支援,福井県,福井市,"介護,ケアマネジャー・居宅介護支援,相談",介護サービスの計画作成や事業所調整を行う相談先です。退院後の生活準備で重要です。,http://www.asamutuen.jp/,福井県福井市大手２丁目２１－３二の丸苑,０７７６－２６－１２００,厚生労働省オープンデータ,https://www.mhlw.go.jp/content/12300000/jigyosho_430.csv,2025-12末,https://www.google.com/search?q=%E7%A4%BE%E4%BC%9A%E7%A6%8F%E7%A5%89%E6%B3%95%E4%BA%BA%E3%80%80%E6%96%B0%E6%B8%85%E4%BC%9A%E3%80%80%E4%BA%8C%E3%81%AE%E4%B8%B8%E8%8B%91%E3%80%80%E5%B1%85%E5%AE%85%E4%BB%8B%E8%AD%B7%E6%94%AF%E6%8F%B4%E4%BA%8B%E6%A5%AD%E6%89%80%20%E7%A6%8F%E4%BA%95%E5%B8%82
JA福井県ケアプランセンターあい愛,ケアマネジャー・居宅介護支援,福井県,福井市,"介護,ケアマネジャー・居宅介護支援,相談",介護サービスの計画作成や事業所調整を行う相談先です。退院後の生活準備で重要です。,https://www.google.com/search?q=JA%E7%A6%8F%E4%BA%95%E7%9C%8C%E3%82%B1%E3%82%A2%E3%83%97%E3%83%A9%E3%83%B3%E3%82%BB%E3%83%B3%E3%82%BF%E3%83%BC%E3%81%82%E3%81%84%E6%84%9B%20%E7%A6%8F%E4%BA%95%E5%B8%82,福井県福井市舟橋新１丁目106番地,0776-29-0116,厚生労働省オープンデータ,https://www.mhlw.go.jp/content/12300000/jigyosho_430.csv,2025-12末,https://www.google.com/search?q=JA%E7%A6%8F%E4%BA%95%E7%9C%8C%E3%82%B1%E3%82%A2%E3%83%97%E3%83%A9%E3%83%B3%E3%82%BB%E3%83%B3%E3%82%BF%E3%83%BC%E3%81%82%E3%81%84%E6%84%9B%20%E7%A6%8F%E4%BA%95%E5%B8%82
あたご居宅介護支援事業所,ケアマネジャー・居宅介護支援,福井県,福井市,"介護,ケアマネジャー・居宅介護支援,相談",介護サービスの計画作成や事業所調整を行う相談先です。退院後の生活準備で重要です。,https://www.google.com/search?q=%E3%81%82%E3%81%9F%E3%81%94%E5%B1%85%E5%AE%85%E4%BB%8B%E8%AD%B7%E6%94%AF%E6%8F%B4%E4%BA%8B%E6%A5%AD%E6%89%80%20%E7%A6%8F%E4%BA%95%E5%B8%82,福井県福井市明里町９番２０号,0776-33-6850,厚生労働省オープンデータ,https://www.mhlw.go.jp/content/12300000/jigyosho_430.csv,2025-12末,https://www.google.com/search?q=%E3%81%82%E3%81%9F%E3%81%94%E5%B1%85%E5%AE%85%E4%BB%8B%E8%AD%B7%E6%94%AF%E6%8F%B4%E4%BA%8B%E6%A5%AD%E6%89%80%20%E7%A6%8F%E4%BA%95%E5%B8%82
ケア・フレンズ居宅介護支援事業所,ケアマネジャー・居宅介護支援,福井県,福井市,"介護,ケアマネジャー・居宅介護支援,相談",介護サービスの計画作成や事業所調整を行う相談先です。退院後の生活準備で重要です。,http://care-friends.com/,福井県福井市松本2丁目25-16,0776-27-0101,厚生労働省オープンデータ,https://www.mhlw.go.jp/content/12300000/jigyosho_430.csv,2025-12末,https://www.google.com/search?q=%E3%82%B1%E3%82%A2%E3%83%BB%E3%83%95%E3%83%AC%E3%83%B3%E3%82%BA%E5%B1%85%E5%AE%85%E4%BB%8B%E8%AD%B7%E6%94%AF%E6%8F%B4%E4%BA%8B%E6%A5%AD%E6%89%80%20%E7%A6%8F%E4%BA%95%E5%B8%82
楽ちんの家介護相談所,ケアマネジャー・居宅介護支援,福井県,福井市,"介護,ケアマネジャー・居宅介護支援,相談",介護サービスの計画作成や事業所調整を行う相談先です。退院後の生活準備で重要です。,http://www.rakuchinoie.com,福井県福井市市波町24-12,0776-96-7033,厚生労働省オープンデータ,https://www.mhlw.go.jp/content/12300000/jigyosho_430.csv,2025-12末,https://www.google.com/search?q=%E6%A5%BD%E3%81%A1%E3%82%93%E3%81%AE%E5%AE%B6%E4%BB%8B%E8%AD%B7%E7%9B%B8%E8%AB%87%E6%89%80%20%E7%A6%8F%E4%BA%95%E5%B8%82
つぐみ居宅介護支援事業所,ケアマネジャー・居宅介護支援,福井県,福井市,"介護,ケアマネジャー・居宅介護支援,相談",介護サービスの計画作成や事業所調整を行う相談先です。退院後の生活準備で重要です。,https://www.google.com/search?q=%E3%81%A4%E3%81%90%E3%81%BF%E5%B1%85%E5%AE%85%E4%BB%8B%E8%AD%B7%E6%94%AF%E6%8F%B4%E4%BA%8B%E6%A5%AD%E6%89%80%20%E7%A6%8F%E4%BA%95%E5%B8%82,渕1丁目2215番地,0776-97-8305,厚生労働省オープンデータ,https://www.mhlw.go.jp/content/12300000/jigyosho_430.csv,2025-12末,https://www.google.com/search?q=%E3%81%A4%E3%81%90%E3%81%BF%E5%B1%85%E5%AE%85%E4%BB%8B%E8%AD%B7%E6%94%AF%E6%8F%B4%E4%BA%8B%E6%A5%AD%E6%89%80%20%E7%A6%8F%E4%BA%95%E5%B8%82
ケアプランセンターあそうづ,ケアマネジャー・居宅介護支援,福井県,福井市,"介護,ケアマネジャー・居宅介護支援,相談",介護サービスの計画作成や事業所調整を行う相談先です。退院後の生活準備で重要です。,https://www.google.com/search?q=%E3%82%B1%E3%82%A2%E3%83%97%E3%83%A9%E3%83%B3%E3%82%BB%E3%83%B3%E3%82%BF%E3%83%BC%E3%81%82%E3%81%9D%E3%81%86%E3%81%A5%20%E7%A6%8F%E4%BA%95%E5%B8%82,福井市三十八社町401-221階,0776-58-2566,厚生労働省オープンデータ,https://www.mhlw.go.jp/content/12300000/jigyosho_430.csv,2025-12末,https://www.google.com/search?q=%E3%82%B1%E3%82%A2%E3%83%97%E3%83%A9%E3%83%B3%E3%82%BB%E3%83%B3%E3%82%BF%E3%83%BC%E3%81%82%E3%81%9D%E3%81%86%E3%81%A5%20%E7%A6%8F%E4%BA%95%E5%B8%82
医療法人　清風会　吉田医院居宅介護支援センター,ケアマネジャー・居宅介護支援,福井県,福井市,"介護,ケアマネジャー・居宅介護支援,相談",介護サービスの計画作成や事業所調整を行う相談先です。退院後の生活準備で重要です。,http://fukui-yoshidahospital.com/,福井市順化１丁目3-15,0776-22-1337,厚生労働省オープンデータ,https://www.mhlw.go.jp/content/12300000/jigyosho_430.csv,2025-12末,https://www.google.com/search?q=%E5%8C%BB%E7%99%82%E6%B3%95%E4%BA%BA%E3%80%80%E6%B8%85%E9%A2%A8%E4%BC%9A%E3%80%80%E5%90%89%E7%94%B0%E5%8C%BB%E9%99%A2%E5%B1%85%E5%AE%85%E4%BB%8B%E8%AD%B7%E6%94%AF%E6%8F%B4%E3%82%BB%E3%83%B3%E3%82%BF%E3%83%BC%20%E7%A6%8F%E4%BA%95%E5%B8%82
愛寿苑居宅介護支援センター,ケアマネジャー・居宅介護支援,福井県,福井市,"介護,ケアマネジャー・居宅介護支援,相談",介護サービスの計画作成や事業所調整を行う相談先です。退院後の生活準備で重要です。,http://www.aijuen.com/,福井県福井市加茂緑苑町402番地,0776-34-5252,厚生労働省オープンデータ,https://www.mhlw.go.jp/content/12300000/jigyosho_430.csv,2025-12末,https://www.google.com/search?q=%E6%84%9B%E5%AF%BF%E8%8B%91%E5%B1%85%E5%AE%85%E4%BB%8B%E8%AD%B7%E6%94%AF%E6%8F%B4%E3%82%BB%E3%83%B3%E3%82%BF%E3%83%BC%20%E7%A6%8F%E4%BA%95%E5%B8%82
公益財団法人　福井市ふれあい公社　ケアプランセンター,ケアマネジャー・居宅介護支援,福井県,福井市,"介護,ケアマネジャー・居宅介護支援,相談",介護サービスの計画作成や事業所調整を行う相談先です。退院後の生活準備で重要です。,https:/fureai-kousha.jp,福井市日之出4丁目3番12号,0776-20-5016,厚生労働省オープンデータ,https://www.mhlw.go.jp/content/12300000/jigyosho_430.csv,2025-12末,https://www.google.com/search?q=%E5%85%AC%E7%9B%8A%E8%B2%A1%E5%9B%A3%E6%B3%95%E4%BA%BA%E3%80%80%E7%A6%8F%E4%BA%95%E5%B8%82%E3%81%B5%E3%82%8C%E3%81%82%E3%81%84%E5%85%AC%E7%A4%BE%E3%80%80%E3%82%B1%E3%82%A2%E3%83%97%E3%83%A9%E3%83%B3%E3%82%BB%E3%83%B3%E3%82%BF%E3%83%BC%20%E7%A6%8F%E4%BA%95%E5%B8%82
福井ケアセンター　居宅介護支援事業所,ケアマネジャー・居宅介護支援,福井県,福井市,"介護,ケアマネジャー・居宅介護支援,相談",介護サービスの計画作成や事業所調整を行う相談先です。退院後の生活準備で重要です。,http://www.otaki-hp.or.jp,福井県福井市乾徳４丁目５－8,0776-21-5537,厚生労働省オープンデータ,https://www.mhlw.go.jp/content/12300000/jigyosho_430.csv,2025-12末,https://www.google.com/search?q=%E7%A6%8F%E4%BA%95%E3%82%B1%E3%82%A2%E3%82%BB%E3%83%B3%E3%82%BF%E3%83%BC%E3%80%80%E5%B1%85%E5%AE%85%E4%BB%8B%E8%AD%B7%E6%94%AF%E6%8F%B4%E4%BA%8B%E6%A5%AD%E6%89%80%20%E7%A6%8F%E4%BA%95%E5%B8%82
安川病院居宅介護支援センター,ケアマネジャー・居宅介護支援,福井県,福井市,"介護,ケアマネジャー・居宅介護支援,相談",介護サービスの計画作成や事業所調整を行う相談先です。退院後の生活準備で重要です。,http://www.yasukawa-hospital.jp/,福井県福井市大和田２丁目１０８番地,0776-52-2807,厚生労働省オープンデータ,https://www.mhlw.go.jp/content/12300000/jigyosho_430.csv,2025-12末,https://www.google.com/search?q=%E5%AE%89%E5%B7%9D%E7%97%85%E9%99%A2%E5%B1%85%E5%AE%85%E4%BB%8B%E8%AD%B7%E6%94%AF%E6%8F%B4%E3%82%BB%E3%83%B3%E3%82%BF%E3%83%BC%20%E7%A6%8F%E4%BA%95%E5%B8%82
ひなた居宅介護支援事業所,ケアマネジャー・居宅介護支援,福井県,福井市,"介護,ケアマネジャー・居宅介護支援,相談",介護サービスの計画作成や事業所調整を行う相談先です。退院後の生活準備で重要です。,https://www.nursehome.jp/,〒918-8031福井県福井市種池２丁目６０７きはちやしろビル２階,080-7144-5569,厚生労働省オープンデータ,https://www.mhlw.go.jp/content/12300000/jigyosho_430.csv,2025-12末,https://www.google.com/search?q=%E3%81%B2%E3%81%AA%E3%81%9F%E5%B1%85%E5%AE%85%E4%BB%8B%E8%AD%B7%E6%94%AF%E6%8F%B4%E4%BA%8B%E6%A5%AD%E6%89%80%20%E7%A6%8F%E4%BA%95%E5%B8%82
有限会社福井新世紀ケアサービス,ケアマネジャー・居宅介護支援,福井県,福井市,"介護,ケアマネジャー・居宅介護支援,相談",介護サービスの計画作成や事業所調整を行う相談先です。退院後の生活準備で重要です。,https://www.big-advance.site/s/163/1455,福井県福井市栗森1丁目102番地,0776-63-5592,厚生労働省オープンデータ,https://www.mhlw.go.jp/content/12300000/jigyosho_430.csv,2025-12末,https://www.google.com/search?q=%E6%9C%89%E9%99%90%E4%BC%9A%E7%A4%BE%E7%A6%8F%E4%BA%95%E6%96%B0%E4%B8%96%E7%B4%80%E3%82%B1%E3%82%A2%E3%82%B5%E3%83%BC%E3%83%93%E3%82%B9%20%E7%A6%8F%E4%BA%95%E5%B8%82
あんしん村サポートセンター,ケアマネジャー・居宅介護支援,福井県,福井市,"介護,ケアマネジャー・居宅介護支援,相談",介護サービスの計画作成や事業所調整を行う相談先です。退院後の生活準備で重要です。,http://ansinmura.jp/,福井市北四ツ居２丁目７－１７,0776-54-2932,厚生労働省オープンデータ,https://www.mhlw.go.jp/content/12300000/jigyosho_430.csv,2025-12末,https://www.google.com/search?q=%E3%81%82%E3%82%93%E3%81%97%E3%82%93%E6%9D%91%E3%82%B5%E3%83%9D%E3%83%BC%E3%83%88%E3%82%BB%E3%83%B3%E3%82%BF%E3%83%BC%20%E7%A6%8F%E4%BA%95%E5%B8%82
嶋田病院居宅介護支援センター,ケアマネジャー・居宅介護支援,福井県,福井市,"介護,ケアマネジャー・居宅介護支援,相談",介護サービスの計画作成や事業所調整を行う相談先です。退院後の生活準備で重要です。,http://www.kenkoukai.or.jp,福井県福井市西方1丁目2-11いちご在宅支援センター4F,0776-21-7715,厚生労働省オープンデータ,https://www.mhlw.go.jp/content/12300000/jigyosho_430.csv,2025-12末,https://www.google.com/search?q=%E5%B6%8B%E7%94%B0%E7%97%85%E9%99%A2%E5%B1%85%E5%AE%85%E4%BB%8B%E8%AD%B7%E6%94%AF%E6%8F%B4%E3%82%BB%E3%83%B3%E3%82%BF%E3%83%BC%20%E7%A6%8F%E4%BA%95%E5%B8%82
よつば在宅介護支援事業所,ケアマネジャー・居宅介護支援,福井県,福井市,"介護,ケアマネジャー・居宅介護支援,相談",介護サービスの計画作成や事業所調整を行う相談先です。退院後の生活準備で重要です。,http://fukui-medix.com/,手寄1丁目7番23号駅東さくらビル,0776-22-0428,厚生労働省オープンデータ,https://www.mhlw.go.jp/content/12300000/jigyosho_430.csv,2025-12末,https://www.google.com/search?q=%E3%82%88%E3%81%A4%E3%81%B0%E5%9C%A8%E5%AE%85%E4%BB%8B%E8%AD%B7%E6%94%AF%E6%8F%B4%E4%BA%8B%E6%A5%AD%E6%89%80%20%E7%A6%8F%E4%BA%95%E5%B8%82
にこにこ介護相談センター,ケアマネジャー・居宅介護支援,福井県,福井市,"介護,ケアマネジャー・居宅介護支援,相談",介護サービスの計画作成や事業所調整を行う相談先です。退院後の生活準備で重要です。,https://www.google.com/search?q=%E3%81%AB%E3%81%93%E3%81%AB%E3%81%93%E4%BB%8B%E8%AD%B7%E7%9B%B8%E8%AB%87%E3%82%BB%E3%83%B3%E3%82%BF%E3%83%BC%20%E7%A6%8F%E4%BA%95%E5%B8%82,福井県福井四ツ井2丁目11-11,（0776）88-0707,厚生労働省オープンデータ,https://www.mhlw.go.jp/content/12300000/jigyosho_430.csv,2025-12末,https://www.google.com/search?q=%E3%81%AB%E3%81%93%E3%81%AB%E3%81%93%E4%BB%8B%E8%AD%B7%E7%9B%B8%E8%AB%87%E3%82%BB%E3%83%B3%E3%82%BF%E3%83%BC%20%E7%A6%8F%E4%BA%95%E5%B8%82
いちごケアプランセンター月見,ケアマネジャー・居宅介護支援,福井県,福井市,"介護,ケアマネジャー・居宅介護支援,相談",介護サービスの計画作成や事業所調整を行う相談先です。退院後の生活準備で重要です。,http://ｗｗｗ.kenkoukai.or.jp/,福井市月見4丁目２０－５０,0776-34-5415,厚生労働省オープンデータ,https://www.mhlw.go.jp/content/12300000/jigyosho_430.csv,2025-12末,https://www.google.com/search?q=%E3%81%84%E3%81%A1%E3%81%94%E3%82%B1%E3%82%A2%E3%83%97%E3%83%A9%E3%83%B3%E3%82%BB%E3%83%B3%E3%82%BF%E3%83%BC%E6%9C%88%E8%A6%8B%20%E7%A6%8F%E4%BA%95%E5%B8%82
ツクイ福井文京,ケアマネジャー・居宅介護支援,福井県,福井市,"介護,ケアマネジャー・居宅介護支援,相談",介護サービスの計画作成や事業所調整を行う相談先です。退院後の生活準備で重要です。,http://www.tsukui.net,福井市文京7-8-20,0776-27-7875,厚生労働省オープンデータ,https://www.mhlw.go.jp/content/12300000/jigyosho_430.csv,2025-12末,https://www.google.com/search?q=%E3%83%84%E3%82%AF%E3%82%A4%E7%A6%8F%E4%BA%95%E6%96%87%E4%BA%AC%20%E7%A6%8F%E4%BA%95%E5%B8%82
ゆうあいケアプランセンター,ケアマネジャー・居宅介護支援,福井県,福井市,"介護,ケアマネジャー・居宅介護支援,相談",介護サービスの計画作成や事業所調整を行う相談先です。退院後の生活準備で重要です。,http://fukui-youi.com/,福井県福井市大願寺3丁目9-3,0776-27-0176,厚生労働省オープンデータ,https://www.mhlw.go.jp/content/12300000/jigyosho_430.csv,2025-12末,https://www.google.com/search?q=%E3%82%86%E3%81%86%E3%81%82%E3%81%84%E3%82%B1%E3%82%A2%E3%83%97%E3%83%A9%E3%83%B3%E3%82%BB%E3%83%B3%E3%82%BF%E3%83%BC%20%E7%A6%8F%E4%BA%95%E5%B8%82
ぽっぽ介護相談センター,ケアマネジャー・居宅介護支援,福井県,敦賀市,"介護,ケアマネジャー・居宅介護支援,相談",介護サービスの計画作成や事業所調整を行う相談先です。退院後の生活準備で重要です。,http//www.keizansou.or.jp/poppo,鉄輪町1丁目6－51,0770-21-1688,厚生労働省オープンデータ,https://www.mhlw.go.jp/content/12300000/jigyosho_430.csv,2025-12末,https://www.google.com/search?q=%E3%81%BD%E3%81%A3%E3%81%BD%E4%BB%8B%E8%AD%B7%E7%9B%B8%E8%AB%87%E3%82%BB%E3%83%B3%E3%82%BF%E3%83%BC%20%E6%95%A6%E8%B3%80%E5%B8%82
敦賀ケアセンターかくだ「こころ」,ケアマネジャー・居宅介護支援,福井県,敦賀市,"介護,ケアマネジャー・居宅介護支援,相談",介護サービスの計画作成や事業所調整を行う相談先です。退院後の生活準備で重要です。,http://care-net.biz/18/kakuda/,昭和町2-17-5　かくだセミナーハウス内,0770-47-5477,厚生労働省オープンデータ,https://www.mhlw.go.jp/content/12300000/jigyosho_430.csv,2025-12末,https://www.google.com/search?q=%E6%95%A6%E8%B3%80%E3%82%B1%E3%82%A2%E3%82%BB%E3%83%B3%E3%82%BF%E3%83%BC%E3%81%8B%E3%81%8F%E3%81%A0%E3%80%8C%E3%81%93%E3%81%93%E3%82%8D%E3%80%8D%20%E6%95%A6%E8%B3%80%E5%B8%82
敬仁会介護相談センター,ケアマネジャー・居宅介護支援,福井県,敦賀市,"介護,ケアマネジャー・居宅介護支援,相談",介護サービスの計画作成や事業所調整を行う相談先です。退院後の生活準備で重要です。,https://kjinkai.jp,福井県敦賀市開町3番35,0770－21－1688,厚生労働省オープンデータ,https://www.mhlw.go.jp/content/12300000/jigyosho_430.csv,2025-12末,https://www.google.com/search?q=%E6%95%AC%E4%BB%81%E4%BC%9A%E4%BB%8B%E8%AD%B7%E7%9B%B8%E8%AB%87%E3%82%BB%E3%83%B3%E3%82%BF%E3%83%BC%20%E6%95%A6%E8%B3%80%E5%B8%82
敦賀市社会福祉協議会指定居宅介護支援事業所「あいあい」,ケアマネジャー・居宅介護支援,福井県,敦賀市,"介護,ケアマネジャー・居宅介護支援,相談",介護サービスの計画作成や事業所調整を行う相談先です。退院後の生活準備で重要です。,http://tsurugashishakyo.ec-net.jp/,敦賀市東洋町４番１号敦賀市福祉総合センター「あいあいプラザ」内,0770-22-5008,厚生労働省オープンデータ,https://www.mhlw.go.jp/content/12300000/jigyosho_430.csv,2025-12末,https://www.google.com/search?q=%E6%95%A6%E8%B3%80%E5%B8%82%E7%A4%BE%E4%BC%9A%E7%A6%8F%E7%A5%89%E5%8D%94%E8%AD%B0%E4%BC%9A%E6%8C%87%E5%AE%9A%E5%B1%85%E5%AE%85%E4%BB%8B%E8%AD%B7%E6%94%AF%E6%8F%B4%E4%BA%8B%E6%A5%AD%E6%89%80%E3%80%8C%E3%81%82%E3%81%84%E3%81%82%E3%81%84%E3%80%8D%20%E6%95%A6%E8%B3%80%E5%B8%82
敦賀ケアセンターかくだ,ケアマネジャー・居宅介護支援,福井県,敦賀市,"介護,ケアマネジャー・居宅介護支援,相談",介護サービスの計画作成や事業所調整を行う相談先です。退院後の生活準備で重要です。,https://kakuda4141.co.jp/,福井県敦賀市昭和町2丁目11番地5,0770-25-4171,厚生労働省オープンデータ,https://www.mhlw.go.jp/content/12300000/jigyosho_430.csv,2025-12末,https://www.google.com/search?q=%E6%95%A6%E8%B3%80%E3%82%B1%E3%82%A2%E3%82%BB%E3%83%B3%E3%82%BF%E3%83%BC%E3%81%8B%E3%81%8F%E3%81%A0%20%E6%95%A6%E8%B3%80%E5%B8%82
居宅介護支援センター眞盛苑,ケアマネジャー・居宅介護支援,福井県,敦賀市,"介護,ケアマネジャー・居宅介護支援,相談",介護サービスの計画作成や事業所調整を行う相談先です。退院後の生活準備で重要です。,http://www.jisyoukai.jp,福井県敦賀市莇生野９０－３特別養護老人ホーム眞盛苑,0770-21-6161,厚生労働省オープンデータ,https://www.mhlw.go.jp/content/12300000/jigyosho_430.csv,2025-12末,https://www.google.com/search?q=%E5%B1%85%E5%AE%85%E4%BB%8B%E8%AD%B7%E6%94%AF%E6%8F%B4%E3%82%BB%E3%83%B3%E3%82%BF%E3%83%BC%E7%9C%9E%E7%9B%9B%E8%8B%91%20%E6%95%A6%E8%B3%80%E5%B8%82
敦賀市社会福祉協議会指定居宅介護支援事業所「ぬくもりの里」,ケアマネジャー・居宅介護支援,福井県,敦賀市,"介護,ケアマネジャー・居宅介護支援,相談",介護サービスの計画作成や事業所調整を行う相談先です。退院後の生活準備で重要です。,http://tsurugashishakyo.ec-net.jp/,福井県敦賀市御名70号11番地2敦賀市社会福祉協議会地域リハビリセンター「ぬくもりの里」内,0770-20-1777,厚生労働省オープンデータ,https://www.mhlw.go.jp/content/12300000/jigyosho_430.csv,2025-12末,https://www.google.com/search?q=%E6%95%A6%E8%B3%80%E5%B8%82%E7%A4%BE%E4%BC%9A%E7%A6%8F%E7%A5%89%E5%8D%94%E8%AD%B0%E4%BC%9A%E6%8C%87%E5%AE%9A%E5%B1%85%E5%AE%85%E4%BB%8B%E8%AD%B7%E6%94%AF%E6%8F%B4%E4%BA%8B%E6%A5%AD%E6%89%80%E3%80%8C%E3%81%AC%E3%81%8F%E3%82%82%E3%82%8A%E3%81%AE%E9%87%8C%E3%80%8D%20%E6%95%A6%E8%B3%80%E5%B8%82
つるが生協診療所居宅介護支援事業所,ケアマネジャー・居宅介護支援,福井県,敦賀市,"介護,ケアマネジャー・居宅介護支援,相談",介護サービスの計画作成や事業所調整を行う相談先です。退院後の生活準備で重要です。,http://www.fukui-min-iren.com/iryouseikyou,敦賀市公文名１－６,0770-25-2693,厚生労働省オープンデータ,https://www.mhlw.go.jp/content/12300000/jigyosho_430.csv,2025-12末,https://www.google.com/search?q=%E3%81%A4%E3%82%8B%E3%81%8C%E7%94%9F%E5%8D%94%E8%A8%BA%E7%99%82%E6%89%80%E5%B1%85%E5%AE%85%E4%BB%8B%E8%AD%B7%E6%94%AF%E6%8F%B4%E4%BA%8B%E6%A5%AD%E6%89%80%20%E6%95%A6%E8%B3%80%E5%B8%82
一休さん居宅介護支援事業所,ケアマネジャー・居宅介護支援,福井県,敦賀市,"介護,ケアマネジャー・居宅介護支援,相談",介護サービスの計画作成や事業所調整を行う相談先です。退院後の生活準備で重要です。,https://www.google.com/search?q=%E4%B8%80%E4%BC%91%E3%81%95%E3%82%93%E5%B1%85%E5%AE%85%E4%BB%8B%E8%AD%B7%E6%94%AF%E6%8F%B4%E4%BA%8B%E6%A5%AD%E6%89%80%20%E6%95%A6%E8%B3%80%E5%B8%82,福井県敦賀市山泉73号905番地,0770-21-1322,厚生労働省オープンデータ,https://www.mhlw.go.jp/content/12300000/jigyosho_430.csv,2025-12末,https://www.google.com/search?q=%E4%B8%80%E4%BC%91%E3%81%95%E3%82%93%E5%B1%85%E5%AE%85%E4%BB%8B%E8%AD%B7%E6%94%AF%E6%8F%B4%E4%BA%8B%E6%A5%AD%E6%89%80%20%E6%95%A6%E8%B3%80%E5%B8%82
居宅介護支援事業所　　こばやし,ケアマネジャー・居宅介護支援,福井県,敦賀市,"介護,ケアマネジャー・居宅介護支援,相談",介護サービスの計画作成や事業所調整を行う相談先です。退院後の生活準備で重要です。,https://care-koba.com/,福井県敦賀市ひばりケ丘町1057番地,0770-23-1605,厚生労働省オープンデータ,https://www.mhlw.go.jp/content/12300000/jigyosho_430.csv,2025-12末,https://www.google.com/search?q=%E5%B1%85%E5%AE%85%E4%BB%8B%E8%AD%B7%E6%94%AF%E6%8F%B4%E4%BA%8B%E6%A5%AD%E6%89%80%E3%80%80%E3%80%80%E3%81%93%E3%81%B0%E3%82%84%E3%81%97%20%E6%95%A6%E8%B3%80%E5%B8%82
ほっとマネージメント敦賀,ケアマネジャー・居宅介護支援,福井県,敦賀市,"介護,ケアマネジャー・居宅介護支援,相談",介護サービスの計画作成や事業所調整を行う相談先です。退院後の生活準備で重要です。,http://www.hotreha.com,福井県敦賀市沓見141-2-1,0770-37-1000,厚生労働省オープンデータ,https://www.mhlw.go.jp/content/12300000/jigyosho_430.csv,2025-12末,https://www.google.com/search?q=%E3%81%BB%E3%81%A3%E3%81%A8%E3%83%9E%E3%83%8D%E3%83%BC%E3%82%B8%E3%83%A1%E3%83%B3%E3%83%88%E6%95%A6%E8%B3%80%20%E6%95%A6%E8%B3%80%E5%B8%82
居宅介護支援事業所「めいほう」,ケアマネジャー・居宅介護支援,福井県,敦賀市,"介護,ケアマネジャー・居宅介護支援,相談",介護サービスの計画作成や事業所調整を行う相談先です。退院後の生活準備で重要です。,https://meihoukai.com/,福井県敦賀市津内町３－６－３８明峰クリニック内,0770-20-1170,厚生労働省オープンデータ,https://www.mhlw.go.jp/content/12300000/jigyosho_430.csv,2025-12末,https://www.google.com/search?q=%E5%B1%85%E5%AE%85%E4%BB%8B%E8%AD%B7%E6%94%AF%E6%8F%B4%E4%BA%8B%E6%A5%AD%E6%89%80%E3%80%8C%E3%82%81%E3%81%84%E3%81%BB%E3%81%86%E3%80%8D%20%E6%95%A6%E8%B3%80%E5%B8%82
県民せいきょう居宅介護支援事業所（敦賀）,ケアマネジャー・居宅介護支援,福井県,敦賀市,"介護,ケアマネジャー・居宅介護支援,相談",介護サービスの計画作成や事業所調整を行う相談先です。退院後の生活準備で重要です。,http://www.fukui.coop,敦賀市市野々町二丁目1554番,0770-21-1500,厚生労働省オープンデータ,https://www.mhlw.go.jp/content/12300000/jigyosho_430.csv,2025-12末,https://www.google.com/search?q=%E7%9C%8C%E6%B0%91%E3%81%9B%E3%81%84%E3%81%8D%E3%82%87%E3%81%86%E5%B1%85%E5%AE%85%E4%BB%8B%E8%AD%B7%E6%94%AF%E6%8F%B4%E4%BA%8B%E6%A5%AD%E6%89%80%EF%BC%88%E6%95%A6%E8%B3%80%EF%BC%89%20%E6%95%A6%E8%B3%80%E5%B8%82
医療法人敦賀温泉病院　指定居宅介護支援事業所,ケアマネジャー・居宅介護支援,福井県,敦賀市,"介護,ケアマネジャー・居宅介護支援,相談",介護サービスの計画作成や事業所調整を行う相談先です。退院後の生活準備で重要です。,http://www.tsurugaonsen-hp.or.jp,福井県敦賀市吉河41号1番地5,0770-23-8272,厚生労働省オープンデータ,https://www.mhlw.go.jp/content/12300000/jigyosho_430.csv,2025-12末,https://www.google.com/search?q=%E5%8C%BB%E7%99%82%E6%B3%95%E4%BA%BA%E6%95%A6%E8%B3%80%E6%B8%A9%E6%B3%89%E7%97%85%E9%99%A2%E3%80%80%E6%8C%87%E5%AE%9A%E5%B1%85%E5%AE%85%E4%BB%8B%E8%AD%B7%E6%94%AF%E6%8F%B4%E4%BA%8B%E6%A5%AD%E6%89%80%20%E6%95%A6%E8%B3%80%E5%B8%82
ディープ介護マネジメント,ケアマネジャー・居宅介護支援,福井県,敦賀市,"介護,ケアマネジャー・居宅介護支援,相談",介護サービスの計画作成や事業所調整を行う相談先です。退院後の生活準備で重要です。,http://deep.co.jp,福井県敦賀市新松島町1番26号ヴァンヴェールG,0770-47-6605,厚生労働省オープンデータ,https://www.mhlw.go.jp/content/12300000/jigyosho_430.csv,2025-12末,https://www.google.com/search?q=%E3%83%87%E3%82%A3%E3%83%BC%E3%83%97%E4%BB%8B%E8%AD%B7%E3%83%9E%E3%83%8D%E3%82%B8%E3%83%A1%E3%83%B3%E3%83%88%20%E6%95%A6%E8%B3%80%E5%B8%82
ケアプランセンター　いずみ,ケアマネジャー・居宅介護支援,福井県,敦賀市,"介護,ケアマネジャー・居宅介護支援,相談",介護サービスの計画作成や事業所調整を行う相談先です。退院後の生活準備で重要です。,https://www.google.com/search?q=%E3%82%B1%E3%82%A2%E3%83%97%E3%83%A9%E3%83%B3%E3%82%BB%E3%83%B3%E3%82%BF%E3%83%BC%E3%80%80%E3%81%84%E3%81%9A%E3%81%BF%20%E6%95%A6%E8%B3%80%E5%B8%82,鉄輪町１丁目2-55,0770-22-7705,厚生労働省オープンデータ,https://www.mhlw.go.jp/content/12300000/jigyosho_430.csv,2025-12末,https://www.google.com/search?q=%E3%82%B1%E3%82%A2%E3%83%97%E3%83%A9%E3%83%B3%E3%82%BB%E3%83%B3%E3%82%BF%E3%83%BC%E3%80%80%E3%81%84%E3%81%9A%E3%81%BF%20%E6%95%A6%E8%B3%80%E5%B8%82
ケアマネジメントオフィス幸,ケアマネジャー・居宅介護支援,福井県,敦賀市,"介護,ケアマネジャー・居宅介護支援,相談",介護サービスの計画作成や事業所調整を行う相談先です。退院後の生活準備で重要です。,http://hukusika.com,福井県敦賀市平和町1-23,0770-25-3100,厚生労働省オープンデータ,https://www.mhlw.go.jp/content/12300000/jigyosho_430.csv,2025-12末,https://www.google.com/search?q=%E3%82%B1%E3%82%A2%E3%83%9E%E3%83%8D%E3%82%B8%E3%83%A1%E3%83%B3%E3%83%88%E3%82%AA%E3%83%95%E3%82%A3%E3%82%B9%E5%B9%B8%20%E6%95%A6%E8%B3%80%E5%B8%82
居宅介護支援事業所　ケア・ラボ,ケアマネジャー・居宅介護支援,福井県,小浜市,"介護,ケアマネジャー・居宅介護支援,相談",介護サービスの計画作成や事業所調整を行う相談先です。退院後の生活準備で重要です。,www.house-service-japan.com,福井県小浜市国分44-9,0770-64-6270,厚生労働省オープンデータ,https://www.mhlw.go.jp/content/12300000/jigyosho_430.csv,2025-12末,https://www.google.com/search?q=%E5%B1%85%E5%AE%85%E4%BB%8B%E8%AD%B7%E6%94%AF%E6%8F%B4%E4%BA%8B%E6%A5%AD%E6%89%80%E3%80%80%E3%82%B1%E3%82%A2%E3%83%BB%E3%83%A9%E3%83%9C%20%E5%B0%8F%E6%B5%9C%E5%B8%82
アクール若狭指定居宅介護支援事業所,ケアマネジャー・居宅介護支援,福井県,小浜市,"介護,ケアマネジャー・居宅介護支援,相談",介護サービスの計画作成や事業所調整を行う相談先です。退院後の生活準備で重要です。,http://www.obamahp-wakasa.jp/aculu/,福井県小浜市大手町２－２,0770-52-0989,厚生労働省オープンデータ,https://www.mhlw.go.jp/content/12300000/jigyosho_430.csv,2025-12末,https://www.google.com/search?q=%E3%82%A2%E3%82%AF%E3%83%BC%E3%83%AB%E8%8B%A5%E7%8B%AD%E6%8C%87%E5%AE%9A%E5%B1%85%E5%AE%85%E4%BB%8B%E8%AD%B7%E6%94%AF%E6%8F%B4%E4%BA%8B%E6%A5%AD%E6%89%80%20%E5%B0%8F%E6%B5%9C%E5%B8%82
サポートわかさ,ケアマネジャー・居宅介護支援,福井県,小浜市,"介護,ケアマネジャー・居宅介護支援,相談",介護サービスの計画作成や事業所調整を行う相談先です。退院後の生活準備で重要です。,https://www.google.com/search?q=%E3%82%B5%E3%83%9D%E3%83%BC%E3%83%88%E3%82%8F%E3%81%8B%E3%81%95%20%E5%B0%8F%E6%B5%9C%E5%B8%82,福井県小浜市深野20-12,0770-52-5020,厚生労働省オープンデータ,https://www.mhlw.go.jp/content/12300000/jigyosho_430.csv,2025-12末,https://www.google.com/search?q=%E3%82%B5%E3%83%9D%E3%83%BC%E3%83%88%E3%82%8F%E3%81%8B%E3%81%95%20%E5%B0%8F%E6%B5%9C%E5%B8%82
居宅介護支援事業所　はな,ケアマネジャー・居宅介護支援,福井県,小浜市,"介護,ケアマネジャー・居宅介護支援,相談",介護サービスの計画作成や事業所調整を行う相談先です。退院後の生活準備で重要です。,https://www.google.com/search?q=%E5%B1%85%E5%AE%85%E4%BB%8B%E8%AD%B7%E6%94%AF%E6%8F%B4%E4%BA%8B%E6%A5%AD%E6%89%80%E3%80%80%E3%81%AF%E3%81%AA%20%E5%B0%8F%E6%B5%9C%E5%B8%82,福井県小浜市遠敷四丁目７０５－１,0770-56-1872,厚生労働省オープンデータ,https://www.mhlw.go.jp/content/12300000/jigyosho_430.csv,2025-12末,https://www.google.com/search?q=%E5%B1%85%E5%AE%85%E4%BB%8B%E8%AD%B7%E6%94%AF%E6%8F%B4%E4%BA%8B%E6%A5%AD%E6%89%80%E3%80%80%E3%81%AF%E3%81%AA%20%E5%B0%8F%E6%B5%9C%E5%B8%82
小浜市社会福祉協議会　指定居宅介護支援事業所,ケアマネジャー・居宅介護支援,福井県,小浜市,"介護,ケアマネジャー・居宅介護支援,相談",介護サービスの計画作成や事業所調整を行う相談先です。退院後の生活準備で重要です。,http://www.obama-shakyo.or.jp,福井県小浜市遠敷84－3－4サン・サンホーム小浜,0770-56-5801,厚生労働省オープンデータ,https://www.mhlw.go.jp/content/12300000/jigyosho_430.csv,2025-12末,https://www.google.com/search?q=%E5%B0%8F%E6%B5%9C%E5%B8%82%E7%A4%BE%E4%BC%9A%E7%A6%8F%E7%A5%89%E5%8D%94%E8%AD%B0%E4%BC%9A%E3%80%80%E6%8C%87%E5%AE%9A%E5%B1%85%E5%AE%85%E4%BB%8B%E8%AD%B7%E6%94%AF%E6%8F%B4%E4%BA%8B%E6%A5%AD%E6%89%80%20%E5%B0%8F%E6%B5%9C%E5%B8%82
若狭ハイツ居宅介護支援事業所,ケアマネジャー・居宅介護支援,福井県,小浜市,"介護,ケアマネジャー・居宅介護支援,相談",介護サービスの計画作成や事業所調整を行う相談先です。退院後の生活準備で重要です。,http://www.wakasa-fukushikai.com/,福井県小浜市甲ヶ崎第３７号４番地の２,0770-53-1294,厚生労働省オープンデータ,https://www.mhlw.go.jp/content/12300000/jigyosho_430.csv,2025-12末,https://www.google.com/search?q=%E8%8B%A5%E7%8B%AD%E3%83%8F%E3%82%A4%E3%83%84%E5%B1%85%E5%AE%85%E4%BB%8B%E8%AD%B7%E6%94%AF%E6%8F%B4%E4%BA%8B%E6%A5%AD%E6%89%80%20%E5%B0%8F%E6%B5%9C%E5%B8%82
居宅介護支援センターもみじの里,ケアマネジャー・居宅介護支援,福井県,小浜市,"介護,ケアマネジャー・居宅介護支援,相談",介護サービスの計画作成や事業所調整を行う相談先です。退院後の生活準備で重要です。,http://www.momijist.jp/,福井県小浜市東勢11号3番,0770-52-2120,厚生労働省オープンデータ,https://www.mhlw.go.jp/content/12300000/jigyosho_430.csv,2025-12末,https://www.google.com/search?q=%E5%B1%85%E5%AE%85%E4%BB%8B%E8%AD%B7%E6%94%AF%E6%8F%B4%E3%82%BB%E3%83%B3%E3%82%BF%E3%83%BC%E3%82%82%E3%81%BF%E3%81%98%E3%81%AE%E9%87%8C%20%E5%B0%8F%E6%B5%9C%E5%B8%82
居宅介護支援事業所おあしす,ケアマネジャー・居宅介護支援,福井県,小浜市,"介護,ケアマネジャー・居宅介護支援,相談",介護サービスの計画作成や事業所調整を行う相談先です。退院後の生活準備で重要です。,http://www.homeoasis.jp/,福井県小浜市雲浜1丁目8番8号,0770-53-5500,厚生労働省オープンデータ,https://www.mhlw.go.jp/content/12300000/jigyosho_430.csv,2025-12末,https://www.google.com/search?q=%E5%B1%85%E5%AE%85%E4%BB%8B%E8%AD%B7%E6%94%AF%E6%8F%B4%E4%BA%8B%E6%A5%AD%E6%89%80%E3%81%8A%E3%81%82%E3%81%97%E3%81%99%20%E5%B0%8F%E6%B5%9C%E5%B8%82
ＪＡ福井県ケアプランセンターみのり,ケアマネジャー・居宅介護支援,福井県,小浜市,"介護,ケアマネジャー・居宅介護支援,相談",介護サービスの計画作成や事業所調整を行う相談先です。退院後の生活準備で重要です。,https://www.google.com/search?q=%EF%BC%AA%EF%BC%A1%E7%A6%8F%E4%BA%95%E7%9C%8C%E3%82%B1%E3%82%A2%E3%83%97%E3%83%A9%E3%83%B3%E3%82%BB%E3%83%B3%E3%82%BF%E3%83%BC%E3%81%BF%E3%81%AE%E3%82%8A%20%E5%B0%8F%E6%B5%9C%E5%B8%82,福井県小浜市遠敷８－１－１,0770-56-3940,厚生労働省オープンデータ,https://www.mhlw.go.jp/content/12300000/jigyosho_430.csv,2025-12末,https://www.google.com/search?q=%EF%BC%AA%EF%BC%A1%E7%A6%8F%E4%BA%95%E7%9C%8C%E3%82%B1%E3%82%A2%E3%83%97%E3%83%A9%E3%83%B3%E3%82%BB%E3%83%B3%E3%82%BF%E3%83%BC%E3%81%BF%E3%81%AE%E3%82%8A%20%E5%B0%8F%E6%B5%9C%E5%B8%82
ふらむはぁとリハマネジメント小浜,ケアマネジャー・居宅介護支援,福井県,小浜市,"介護,ケアマネジャー・居宅介護支援,相談",介護サービスの計画作成や事業所調整を行う相談先です。退院後の生活準備で重要です。,http://rerephysio.coｍ,福井県小浜市南川町１２－１３,０７７０－５３－５３２０,厚生労働省オープンデータ,https://www.mhlw.go.jp/content/12300000/jigyosho_430.csv,2025-12末,https://www.google.com/search?q=%E3%81%B5%E3%82%89%E3%82%80%E3%81%AF%E3%81%81%E3%81%A8%E3%83%AA%E3%83%8F%E3%83%9E%E3%83%8D%E3%82%B8%E3%83%A1%E3%83%B3%E3%83%88%E5%B0%8F%E6%B5%9C%20%E5%B0%8F%E6%B5%9C%E5%B8%82
田中病院指定居宅介護支援事業所,ケアマネジャー・居宅介護支援,福井県,小浜市,"介護,ケアマネジャー・居宅介護支援,相談",介護サービスの計画作成や事業所調整を行う相談先です。退院後の生活準備で重要です。,https://www.google.com/search?q=%E7%94%B0%E4%B8%AD%E7%97%85%E9%99%A2%E6%8C%87%E5%AE%9A%E5%B1%85%E5%AE%85%E4%BB%8B%E8%AD%B7%E6%94%AF%E6%8F%B4%E4%BA%8B%E6%A5%AD%E6%89%80%20%E5%B0%8F%E6%B5%9C%E5%B8%82,福井県小浜市遠敷10丁目601-1,0770-56-4624,厚生労働省オープンデータ,https://www.mhlw.go.jp/content/12300000/jigyosho_430.csv,2025-12末,https://www.google.com/search?q=%E7%94%B0%E4%B8%AD%E7%97%85%E9%99%A2%E6%8C%87%E5%AE%9A%E5%B1%85%E5%AE%85%E4%BB%8B%E8%AD%B7%E6%94%AF%E6%8F%B4%E4%BA%8B%E6%A5%AD%E6%89%80%20%E5%B0%8F%E6%B5%9C%E5%B8%82
県民せいきょう居宅介護支援事業所（小浜）,ケアマネジャー・居宅介護支援,福井県,小浜市,"介護,ケアマネジャー・居宅介護支援,相談",介護サービスの計画作成や事業所調整を行う相談先です。退院後の生活準備で重要です。,http://www.fukui.coop/,福井県小浜市遠敷9丁目501番地,0770-56-5757,厚生労働省オープンデータ,https://www.mhlw.go.jp/content/12300000/jigyosho_430.csv,2025-12末,https://www.google.com/search?q=%E7%9C%8C%E6%B0%91%E3%81%9B%E3%81%84%E3%81%8D%E3%82%87%E3%81%86%E5%B1%85%E5%AE%85%E4%BB%8B%E8%AD%B7%E6%94%AF%E6%8F%B4%E4%BA%8B%E6%A5%AD%E6%89%80%EF%BC%88%E5%B0%8F%E6%B5%9C%EF%BC%89%20%E5%B0%8F%E6%B5%9C%E5%B8%82
さくら在宅介護支援事業所,ケアマネジャー・居宅介護支援,福井県,大野市,"介護,ケアマネジャー・居宅介護支援,相談",介護サービスの計画作成や事業所調整を行う相談先です。退院後の生活準備で重要です。,http://www.koseikaigroup.jp/hospital/,福井県大野市中津川32-33,0779-69-7762,厚生労働省オープンデータ,https://www.mhlw.go.jp/content/12300000/jigyosho_430.csv,2025-12末,https://www.google.com/search?q=%E3%81%95%E3%81%8F%E3%82%89%E5%9C%A8%E5%AE%85%E4%BB%8B%E8%AD%B7%E6%94%AF%E6%8F%B4%E4%BA%8B%E6%A5%AD%E6%89%80%20%E5%A4%A7%E9%87%8E%E5%B8%82
あいｹｱﾌﾟﾗﾝｾﾝﾀｰ,ケアマネジャー・居宅介護支援,福井県,大野市,"介護,ケアマネジャー・居宅介護支援,相談",介護サービスの計画作成や事業所調整を行う相談先です。退院後の生活準備で重要です。,https://www.google.com/search?q=%E3%81%82%E3%81%84%EF%BD%B9%EF%BD%B1%EF%BE%8C%EF%BE%9F%EF%BE%97%EF%BE%9D%EF%BD%BE%EF%BE%9D%EF%BE%80%EF%BD%B0%20%E5%A4%A7%E9%87%8E%E5%B8%82,大野市中挟3丁目101,0779-66-6050,厚生労働省オープンデータ,https://www.mhlw.go.jp/content/12300000/jigyosho_430.csv,2025-12末,https://www.google.com/search?q=%E3%81%82%E3%81%84%EF%BD%B9%EF%BD%B1%EF%BE%8C%EF%BE%9F%EF%BE%97%EF%BE%9D%EF%BD%BE%EF%BE%9D%EF%BE%80%EF%BD%B0%20%E5%A4%A7%E9%87%8E%E5%B8%82
一乗ハイツ居宅介護支援事業所,ケアマネジャー・居宅介護支援,福井県,大野市,"介護,ケアマネジャー・居宅介護支援,相談",介護サービスの計画作成や事業所調整を行う相談先です。退院後の生活準備で重要です。,https://www.fuku-koumyouji.jp,大野市牛ヶ原第１５４号１番地１,0779-65-5719,厚生労働省オープンデータ,https://www.mhlw.go.jp/content/12300000/jigyosho_430.csv,2025-12末,https://www.google.com/search?q=%E4%B8%80%E4%B9%97%E3%83%8F%E3%82%A4%E3%83%84%E5%B1%85%E5%AE%85%E4%BB%8B%E8%AD%B7%E6%94%AF%E6%8F%B4%E4%BA%8B%E6%A5%AD%E6%89%80%20%E5%A4%A7%E9%87%8E%E5%B8%82
聖和園居宅介護支援センター,ケアマネジャー・居宅介護支援,福井県,大野市,"介護,ケアマネジャー・居宅介護支援,相談",介護サービスの計画作成や事業所調整を行う相談先です。退院後の生活準備で重要です。,http://www.saiseikai-seiwaen.jp/,福井県大野市蕨生158-35,0779-66-1874,厚生労働省オープンデータ,https://www.mhlw.go.jp/content/12300000/jigyosho_430.csv,2025-12末,https://www.google.com/search?q=%E8%81%96%E5%92%8C%E5%9C%92%E5%B1%85%E5%AE%85%E4%BB%8B%E8%AD%B7%E6%94%AF%E6%8F%B4%E3%82%BB%E3%83%B3%E3%82%BF%E3%83%BC%20%E5%A4%A7%E9%87%8E%E5%B8%82
社会福祉法人　大野市社会福祉協議会　居宅介護支援センター,ケアマネジャー・居宅介護支援,福井県,大野市,"介護,ケアマネジャー・居宅介護支援,相談",介護サービスの計画作成や事業所調整を行う相談先です。退院後の生活準備で重要です。,https://www.ono-shakyo.jp/,福井県大野市天神町7番15号天神デイサービスセンター結の郷内,0779-65-8774,厚生労働省オープンデータ,https://www.mhlw.go.jp/content/12300000/jigyosho_430.csv,2025-12末,https://www.google.com/search?q=%E7%A4%BE%E4%BC%9A%E7%A6%8F%E7%A5%89%E6%B3%95%E4%BA%BA%E3%80%80%E5%A4%A7%E9%87%8E%E5%B8%82%E7%A4%BE%E4%BC%9A%E7%A6%8F%E7%A5%89%E5%8D%94%E8%AD%B0%E4%BC%9A%E3%80%80%E5%B1%85%E5%AE%85%E4%BB%8B%E8%AD%B7%E6%94%AF%E6%8F%B4%E3%82%BB%E3%83%B3%E3%82%BF%E3%83%BC%20%E5%A4%A7%E9%87%8E%E5%B8%82
福井県農業協同組合ケアプランセンターテラルのほほえみ（令和2年4月1日　吸収合併により名称変更）,ケアマネジャー・居宅介護支援,福井県,大野市,"介護,ケアマネジャー・居宅介護支援,相談",介護サービスの計画作成や事業所調整を行う相談先です。退院後の生活準備で重要です。,https://www.google.com/search?q=%E7%A6%8F%E4%BA%95%E7%9C%8C%E8%BE%B2%E6%A5%AD%E5%8D%94%E5%90%8C%E7%B5%84%E5%90%88%E3%82%B1%E3%82%A2%E3%83%97%E3%83%A9%E3%83%B3%E3%82%BB%E3%83%B3%E3%82%BF%E3%83%BC%E3%83%86%E3%83%A9%E3%83%AB%E3%81%AE%E3%81%BB%E3%81%BB%E3%81%88%E3%81%BF%EF%BC%88%E4%BB%A4%E5%92%8C2%E5%B9%B44%E6%9C%881%E6%97%A5%E3%80%80%E5%90%B8%E5%8F%8E%E5%90%88%E4%BD%B5%E3%81%AB%E3%82%88%E3%82%8A%E5%90%8D%E7%A7%B0%E5%A4%89%E6%9B%B4%EF%BC%89%20%E5%A4%A7%E9%87%8E%E5%B8%82,福井県大野市中挾１丁目１４０１,0779-64-5035,厚生労働省オープンデータ,https://www.mhlw.go.jp/content/12300000/jigyosho_430.csv,2025-12末,https://www.google.com/search?q=%E7%A6%8F%E4%BA%95%E7%9C%8C%E8%BE%B2%E6%A5%AD%E5%8D%94%E5%90%8C%E7%B5%84%E5%90%88%E3%82%B1%E3%82%A2%E3%83%97%E3%83%A9%E3%83%B3%E3%82%BB%E3%83%B3%E3%82%BF%E3%83%BC%E3%83%86%E3%83%A9%E3%83%AB%E3%81%AE%E3%81%BB%E3%81%BB%E3%81%88%E3%81%BF%EF%BC%88%E4%BB%A4%E5%92%8C2%E5%B9%B44%E6%9C%881%E6%97%A5%E3%80%80%E5%90%B8%E5%8F%8E%E5%90%88%E4%BD%B5%E3%81%AB%E3%82%88%E3%82%8A%E5%90%8D%E7%A7%B0%E5%A4%89%E6%9B%B4%EF%BC%89%20%E5%A4%A7%E9%87%8E%E5%B8%82
県民せいきょう居宅介護支援事業所（奥越）,ケアマネジャー・居宅介護支援,福井県,大野市,"介護,ケアマネジャー・居宅介護支援,相談",介護サービスの計画作成や事業所調整を行う相談先です。退院後の生活準備で重要です。,http://www.fukui.coop/,福井県大野市天神町3番21号,0779-66-6811,厚生労働省オープンデータ,https://www.mhlw.go.jp/content/12300000/jigyosho_430.csv,2025-12末,https://www.google.com/search?q=%E7%9C%8C%E6%B0%91%E3%81%9B%E3%81%84%E3%81%8D%E3%82%87%E3%81%86%E5%B1%85%E5%AE%85%E4%BB%8B%E8%AD%B7%E6%94%AF%E6%8F%B4%E4%BA%8B%E6%A5%AD%E6%89%80%EF%BC%88%E5%A5%A5%E8%B6%8A%EF%BC%89%20%E5%A4%A7%E9%87%8E%E5%B8%82
大野和光園居宅介護支援事業所,ケアマネジャー・居宅介護支援,福井県,大野市,"介護,ケアマネジャー・居宅介護支援,相談",介護サービスの計画作成や事業所調整を行う相談先です。退院後の生活準備で重要です。,http://www.ono-wakouen.jp/,福井県大野市春日三丁目1718番地,0779-66-6660,厚生労働省オープンデータ,https://www.mhlw.go.jp/content/12300000/jigyosho_430.csv,2025-12末,https://www.google.com/search?q=%E5%A4%A7%E9%87%8E%E5%92%8C%E5%85%89%E5%9C%92%E5%B1%85%E5%AE%85%E4%BB%8B%E8%AD%B7%E6%94%AF%E6%8F%B4%E4%BA%8B%E6%A5%AD%E6%89%80%20%E5%A4%A7%E9%87%8E%E5%B8%82
きらきらケアプランセンター,ケアマネジャー・居宅介護支援,福井県,大野市,"介護,ケアマネジャー・居宅介護支援,相談",介護サービスの計画作成や事業所調整を行う相談先です。退院後の生活準備で重要です。,http://www.kirakirakai-matsuda.or.jp/,福井県大野市要町1-13,0779-66-6090,厚生労働省オープンデータ,https://www.mhlw.go.jp/content/12300000/jigyosho_430.csv,2025-12末,https://www.google.com/search?q=%E3%81%8D%E3%82%89%E3%81%8D%E3%82%89%E3%82%B1%E3%82%A2%E3%83%97%E3%83%A9%E3%83%B3%E3%82%BB%E3%83%B3%E3%82%BF%E3%83%BC%20%E5%A4%A7%E9%87%8E%E5%B8%82
まことケアプランセンター,ケアマネジャー・居宅介護支援,福井県,大野市,"介護,ケアマネジャー・居宅介護支援,相談",介護サービスの計画作成や事業所調整を行う相談先です。退院後の生活準備で重要です。,makoto@seinenji.jp,福井県大野市中荒井町二丁目806番,0779-64-4166,厚生労働省オープンデータ,https://www.mhlw.go.jp/content/12300000/jigyosho_430.csv,2025-12末,https://www.google.com/search?q=%E3%81%BE%E3%81%93%E3%81%A8%E3%82%B1%E3%82%A2%E3%83%97%E3%83%A9%E3%83%B3%E3%82%BB%E3%83%B3%E3%82%BF%E3%83%BC%20%E5%A4%A7%E9%87%8E%E5%B8%82
居宅介護支援事業所　ぬくぬく,ケアマネジャー・居宅介護支援,福井県,大野市,"介護,ケアマネジャー・居宅介護支援,相談",介護サービスの計画作成や事業所調整を行う相談先です。退院後の生活準備で重要です。,https://www.google.com/search?q=%E5%B1%85%E5%AE%85%E4%BB%8B%E8%AD%B7%E6%94%AF%E6%8F%B4%E4%BA%8B%E6%A5%AD%E6%89%80%E3%80%80%E3%81%AC%E3%81%8F%E3%81%AC%E3%81%8F%20%E5%A4%A7%E9%87%8E%E5%B8%82,大野市春日2丁目15-9,0779-64-5333,厚生労働省オープンデータ,https://www.mhlw.go.jp/content/12300000/jigyosho_430.csv,2025-12末,https://www.google.com/search?q=%E5%B1%85%E5%AE%85%E4%BB%8B%E8%AD%B7%E6%94%AF%E6%8F%B4%E4%BA%8B%E6%A5%AD%E6%89%80%E3%80%80%E3%81%AC%E3%81%8F%E3%81%AC%E3%81%8F%20%E5%A4%A7%E9%87%8E%E5%B8%82
鷲巣苑居宅介護支援事業所,ケアマネジャー・居宅介護支援,福井県,勝山市,"介護,ケアマネジャー・居宅介護支援,相談",介護サービスの計画作成や事業所調整を行う相談先です。退院後の生活準備で重要です。,https://dainichien.net/washisuen/,福井県勝山市北郷町坂東島８－２,0779-89-3390,厚生労働省オープンデータ,https://www.mhlw.go.jp/content/12300000/jigyosho_430.csv,2025-12末,https://www.google.com/search?q=%E9%B7%B2%E5%B7%A3%E8%8B%91%E5%B1%85%E5%AE%85%E4%BB%8B%E8%AD%B7%E6%94%AF%E6%8F%B4%E4%BA%8B%E6%A5%AD%E6%89%80%20%E5%8B%9D%E5%B1%B1%E5%B8%82
さつき苑居宅介護支援センター,ケアマネジャー・居宅介護支援,福井県,勝山市,"介護,ケアマネジャー・居宅介護支援,相談",介護サービスの計画作成や事業所調整を行う相談先です。退院後の生活準備で重要です。,https://satsuki.or.jp/,福井県勝山市片瀬第15号22番地,0779-87-7788,厚生労働省オープンデータ,https://www.mhlw.go.jp/content/12300000/jigyosho_430.csv,2025-12末,https://www.google.com/search?q=%E3%81%95%E3%81%A4%E3%81%8D%E8%8B%91%E5%B1%85%E5%AE%85%E4%BB%8B%E8%AD%B7%E6%94%AF%E6%8F%B4%E3%82%BB%E3%83%B3%E3%82%BF%E3%83%BC%20%E5%8B%9D%E5%B1%B1%E5%B8%82
ケアプランセンター九頭竜,ケアマネジャー・居宅介護支援,福井県,勝山市,"介護,ケアマネジャー・居宅介護支援,相談",介護サービスの計画作成や事業所調整を行う相談先です。退院後の生活準備で重要です。,https://kuzuryuworkshop.com/,福井県勝山市旭町３丁目１０７番２,0779‐64‐5568,厚生労働省オープンデータ,https://www.mhlw.go.jp/content/12300000/jigyosho_430.csv,2025-12末,https://www.google.com/search?q=%E3%82%B1%E3%82%A2%E3%83%97%E3%83%A9%E3%83%B3%E3%82%BB%E3%83%B3%E3%82%BF%E3%83%BC%E4%B9%9D%E9%A0%AD%E7%AB%9C%20%E5%8B%9D%E5%B1%B1%E5%B8%82
福井勝山総合病院附属居宅介護支援センター,ケアマネジャー・居宅介護支援,福井県,勝山市,"介護,ケアマネジャー・居宅介護支援,相談",介護サービスの計画作成や事業所調整を行う相談先です。退院後の生活準備で重要です。,http://fukui.jcho.go.jp/rouken/,福井県勝山市長山町2丁目６番２１号,0779-87-3150,厚生労働省オープンデータ,https://www.mhlw.go.jp/content/12300000/jigyosho_430.csv,2025-12末,https://www.google.com/search?q=%E7%A6%8F%E4%BA%95%E5%8B%9D%E5%B1%B1%E7%B7%8F%E5%90%88%E7%97%85%E9%99%A2%E9%99%84%E5%B1%9E%E5%B1%85%E5%AE%85%E4%BB%8B%E8%AD%B7%E6%94%AF%E6%8F%B4%E3%82%BB%E3%83%B3%E3%82%BF%E3%83%BC%20%E5%8B%9D%E5%B1%B1%E5%B8%82
さくら荘居宅介護支援センター,ケアマネジャー・居宅介護支援,福井県,勝山市,"介護,ケアマネジャー・居宅介護支援,相談",介護サービスの計画作成や事業所調整を行う相談先です。退院後の生活準備で重要です。,http://k-sakurasou.jp,福井県勝山市芳野町２丁目１-11さくら荘在宅サービス支援センター　さくらんぼ,0779-88-6502,厚生労働省オープンデータ,https://www.mhlw.go.jp/content/12300000/jigyosho_430.csv,2025-12末,https://www.google.com/search?q=%E3%81%95%E3%81%8F%E3%82%89%E8%8D%98%E5%B1%85%E5%AE%85%E4%BB%8B%E8%AD%B7%E6%94%AF%E6%8F%B4%E3%82%BB%E3%83%B3%E3%82%BF%E3%83%BC%20%E5%8B%9D%E5%B1%B1%E5%B8%82
わかば居宅介護支援事業所,ケアマネジャー・居宅介護支援,福井県,勝山市,"介護,ケアマネジャー・居宅介護支援,相談",介護サービスの計画作成や事業所調整を行う相談先です。退院後の生活準備で重要です。,https://www.google.com/search?q=%E3%82%8F%E3%81%8B%E3%81%B0%E5%B1%85%E5%AE%85%E4%BB%8B%E8%AD%B7%E6%94%AF%E6%8F%B4%E4%BA%8B%E6%A5%AD%E6%89%80%20%E5%8B%9D%E5%B1%B1%E5%B8%82,福井県勝山市荒土町新保6－103,0779-64-5367,厚生労働省オープンデータ,https://www.mhlw.go.jp/content/12300000/jigyosho_430.csv,2025-12末,https://www.google.com/search?q=%E3%82%8F%E3%81%8B%E3%81%B0%E5%B1%85%E5%AE%85%E4%BB%8B%E8%AD%B7%E6%94%AF%E6%8F%B4%E4%BA%8B%E6%A5%AD%E6%89%80%20%E5%8B%9D%E5%B1%B1%E5%B8%82
勝山市社会福祉協議会指定居宅介護支援事業所,ケアマネジャー・居宅介護支援,福井県,勝山市,"介護,ケアマネジャー・居宅介護支援,相談",介護サービスの計画作成や事業所調整を行う相談先です。退院後の生活準備で重要です。,http://www.katuyama-sk.jp,勝山市郡町1-1-51勝山市福祉健康センターすこやか,0779-88-3737,厚生労働省オープンデータ,https://www.mhlw.go.jp/content/12300000/jigyosho_430.csv,2025-12末,https://www.google.com/search?q=%E5%8B%9D%E5%B1%B1%E5%B8%82%E7%A4%BE%E4%BC%9A%E7%A6%8F%E7%A5%89%E5%8D%94%E8%AD%B0%E4%BC%9A%E6%8C%87%E5%AE%9A%E5%B1%85%E5%AE%85%E4%BB%8B%E8%AD%B7%E6%94%AF%E6%8F%B4%E4%BA%8B%E6%A5%AD%E6%89%80%20%E5%8B%9D%E5%B1%B1%E5%B8%82
斎藤病院居宅介護支援センター,ケアマネジャー・居宅介護支援,福井県,鯖江市,"介護,ケアマネジャー・居宅介護支援,相談",介護サービスの計画作成や事業所調整を行う相談先です。退院後の生活準備で重要です。,http://saito-hospital.org/,福井県鯖江市中野町６－１－１,0778-51-0593,厚生労働省オープンデータ,https://www.mhlw.go.jp/content/12300000/jigyosho_430.csv,2025-12末,https://www.google.com/search?q=%E6%96%8E%E8%97%A4%E7%97%85%E9%99%A2%E5%B1%85%E5%AE%85%E4%BB%8B%E8%AD%B7%E6%94%AF%E6%8F%B4%E3%82%BB%E3%83%B3%E3%82%BF%E3%83%BC%20%E9%AF%96%E6%B1%9F%E5%B8%82
サンサン居宅介護支援センター,ケアマネジャー・居宅介護支援,福井県,鯖江市,"介護,ケアマネジャー・居宅介護支援,相談",介護サービスの計画作成や事業所調整を行う相談先です。退院後の生活準備で重要です。,https://www.google.com/search?q=%E3%82%B5%E3%83%B3%E3%82%B5%E3%83%B3%E5%B1%85%E5%AE%85%E4%BB%8B%E8%AD%B7%E6%94%AF%E6%8F%B4%E3%82%BB%E3%83%B3%E3%82%BF%E3%83%BC%20%E9%AF%96%E6%B1%9F%E5%B8%82,幸町2－6－11,0778-29-3153,厚生労働省オープンデータ,https://www.mhlw.go.jp/content/12300000/jigyosho_430.csv,2025-12末,https://www.google.com/search?q=%E3%82%B5%E3%83%B3%E3%82%B5%E3%83%B3%E5%B1%85%E5%AE%85%E4%BB%8B%E8%AD%B7%E6%94%AF%E6%8F%B4%E3%82%BB%E3%83%B3%E3%82%BF%E3%83%BC%20%E9%AF%96%E6%B1%9F%E5%B8%82
県民せいきょう居宅介護支援事業所（鯖江）,ケアマネジャー・居宅介護支援,福井県,鯖江市,"介護,ケアマネジャー・居宅介護支援,相談",介護サービスの計画作成や事業所調整を行う相談先です。退院後の生活準備で重要です。,http://www.fukui.coop/,小黒町3丁目10-21県民せいきょう鯖江きらめき,0778-52-8050,厚生労働省オープンデータ,https://www.mhlw.go.jp/content/12300000/jigyosho_430.csv,2025-12末,https://www.google.com/search?q=%E7%9C%8C%E6%B0%91%E3%81%9B%E3%81%84%E3%81%8D%E3%82%87%E3%81%86%E5%B1%85%E5%AE%85%E4%BB%8B%E8%AD%B7%E6%94%AF%E6%8F%B4%E4%BA%8B%E6%A5%AD%E6%89%80%EF%BC%88%E9%AF%96%E6%B1%9F%EF%BC%89%20%E9%AF%96%E6%B1%9F%E5%B8%82
ケアステーションほたる,ケアマネジャー・居宅介護支援,福井県,鯖江市,"介護,ケアマネジャー・居宅介護支援,相談",介護サービスの計画作成や事業所調整を行う相談先です。退院後の生活準備で重要です。,https://www.google.com/search?q=%E3%82%B1%E3%82%A2%E3%82%B9%E3%83%86%E3%83%BC%E3%82%B7%E3%83%A7%E3%83%B3%E3%81%BB%E3%81%9F%E3%82%8B%20%E9%AF%96%E6%B1%9F%E5%B8%82,鯖江市西袋町１７－１３,０７７８－７７－２３８０,厚生労働省オープンデータ,https://www.mhlw.go.jp/content/12300000/jigyosho_430.csv,2025-12末,https://www.google.com/search?q=%E3%82%B1%E3%82%A2%E3%82%B9%E3%83%86%E3%83%BC%E3%82%B7%E3%83%A7%E3%83%B3%E3%81%BB%E3%81%9F%E3%82%8B%20%E9%AF%96%E6%B1%9F%E5%B8%82
ドリームケアマネージメント,ケアマネジャー・居宅介護支援,福井県,鯖江市,"介護,ケアマネジャー・居宅介護支援,相談",介護サービスの計画作成や事業所調整を行う相談先です。退院後の生活準備で重要です。,http://dream-create.wixsite.com/dreamcreate/blank-2,福井県鯖江市東鯖江二丁目9番16号,0778-54-7800,厚生労働省オープンデータ,https://www.mhlw.go.jp/content/12300000/jigyosho_430.csv,2025-12末,https://www.google.com/search?q=%E3%83%89%E3%83%AA%E3%83%BC%E3%83%A0%E3%82%B1%E3%82%A2%E3%83%9E%E3%83%8D%E3%83%BC%E3%82%B8%E3%83%A1%E3%83%B3%E3%83%88%20%E9%AF%96%E6%B1%9F%E5%B8%82
オリーブケアプランセンター,ケアマネジャー・居宅介護支援,福井県,鯖江市,"介護,ケアマネジャー・居宅介護支援,相談",介護サービスの計画作成や事業所調整を行う相談先です。退院後の生活準備で重要です。,https://www.google.com/search?q=%E3%82%AA%E3%83%AA%E3%83%BC%E3%83%96%E3%82%B1%E3%82%A2%E3%83%97%E3%83%A9%E3%83%B3%E3%82%BB%E3%83%B3%E3%82%BF%E3%83%BC%20%E9%AF%96%E6%B1%9F%E5%B8%82,福井県鯖江市鳥羽1丁目10-21ザレジェンド505,090-1318-3115,厚生労働省オープンデータ,https://www.mhlw.go.jp/content/12300000/jigyosho_430.csv,2025-12末,https://www.google.com/search?q=%E3%82%AA%E3%83%AA%E3%83%BC%E3%83%96%E3%82%B1%E3%82%A2%E3%83%97%E3%83%A9%E3%83%B3%E3%82%BB%E3%83%B3%E3%82%BF%E3%83%BC%20%E9%AF%96%E6%B1%9F%E5%B8%82
えくぼ園居宅介護支援事業所,ケアマネジャー・居宅介護支援,福井県,鯖江市,"介護,ケアマネジャー・居宅介護支援,相談",介護サービスの計画作成や事業所調整を行う相談先です。退院後の生活準備で重要です。,https://www.google.com/search?q=%E3%81%88%E3%81%8F%E3%81%BC%E5%9C%92%E5%B1%85%E5%AE%85%E4%BB%8B%E8%AD%B7%E6%94%AF%E6%8F%B4%E4%BA%8B%E6%A5%AD%E6%89%80%20%E9%AF%96%E6%B1%9F%E5%B8%82,福井県鯖江市杉本町第15号1番地1,0778-42-7230,厚生労働省オープンデータ,https://www.mhlw.go.jp/content/12300000/jigyosho_430.csv,2025-12末,https://www.google.com/search?q=%E3%81%88%E3%81%8F%E3%81%BC%E5%9C%92%E5%B1%85%E5%AE%85%E4%BB%8B%E8%AD%B7%E6%94%AF%E6%8F%B4%E4%BA%8B%E6%A5%AD%E6%89%80%20%E9%AF%96%E6%B1%9F%E5%B8%82
指定居宅介護支援事業所　在宅介護支援センターさばえ,ケアマネジャー・居宅介護支援,福井県,鯖江市,"介護,ケアマネジャー・居宅介護支援,相談",介護サービスの計画作成や事業所調整を行う相談先です。退院後の生活準備で重要です。,http://www.jujinkai.or.jp,鯖江市旭町４丁目４－９,0778-51-0112,厚生労働省オープンデータ,https://www.mhlw.go.jp/content/12300000/jigyosho_430.csv,2025-12末,https://www.google.com/search?q=%E6%8C%87%E5%AE%9A%E5%B1%85%E5%AE%85%E4%BB%8B%E8%AD%B7%E6%94%AF%E6%8F%B4%E4%BA%8B%E6%A5%AD%E6%89%80%E3%80%80%E5%9C%A8%E5%AE%85%E4%BB%8B%E8%AD%B7%E6%94%AF%E6%8F%B4%E3%82%BB%E3%83%B3%E3%82%BF%E3%83%BC%E3%81%95%E3%81%B0%E3%81%88%20%E9%AF%96%E6%B1%9F%E5%B8%82
神明介護支援センター,ケアマネジャー・居宅介護支援,福井県,鯖江市,"介護,ケアマネジャー・居宅介護支援,相談",介護サービスの計画作成や事業所調整を行う相談先です。退院後の生活準備で重要です。,https://www.google.com/search?q=%E7%A5%9E%E6%98%8E%E4%BB%8B%E8%AD%B7%E6%94%AF%E6%8F%B4%E3%82%BB%E3%83%B3%E3%82%BF%E3%83%BC%20%E9%AF%96%E6%B1%9F%E5%B8%82,福井県鯖江市幸町1丁目2-2,0778-51-1233,厚生労働省オープンデータ,https://www.mhlw.go.jp/content/12300000/jigyosho_430.csv,2025-12末,https://www.google.com/search?q=%E7%A5%9E%E6%98%8E%E4%BB%8B%E8%AD%B7%E6%94%AF%E6%8F%B4%E3%82%BB%E3%83%B3%E3%82%BF%E3%83%BC%20%E9%AF%96%E6%B1%9F%E5%B8%82
みどり荘居宅介護支援センター,ケアマネジャー・居宅介護支援,福井県,鯖江市,"介護,ケアマネジャー・居宅介護支援,相談",介護サービスの計画作成や事業所調整を行う相談先です。退院後の生活準備で重要です。,https://www.google.com/search?q=%E3%81%BF%E3%81%A9%E3%82%8A%E8%8D%98%E5%B1%85%E5%AE%85%E4%BB%8B%E8%AD%B7%E6%94%AF%E6%8F%B4%E3%82%BB%E3%83%B3%E3%82%BF%E3%83%BC%20%E9%AF%96%E6%B1%9F%E5%B8%82,鯖江市中野町33-20-10778-51-7540,0778-29-1255,厚生労働省オープンデータ,https://www.mhlw.go.jp/content/12300000/jigyosho_430.csv,2025-12末,https://www.google.com/search?q=%E3%81%BF%E3%81%A9%E3%82%8A%E8%8D%98%E5%B1%85%E5%AE%85%E4%BB%8B%E8%AD%B7%E6%94%AF%E6%8F%B4%E3%82%BB%E3%83%B3%E3%82%BF%E3%83%BC%20%E9%AF%96%E6%B1%9F%E5%B8%82
コスモス居宅介護支援事業所,ケアマネジャー・居宅介護支援,福井県,鯖江市,"介護,ケアマネジャー・居宅介護支援,相談",介護サービスの計画作成や事業所調整を行う相談先です。退院後の生活準備で重要です。,http://www.takano-hp.jp,福井県鯖江市本町２丁目３－１０,0778-54-0381,厚生労働省オープンデータ,https://www.mhlw.go.jp/content/12300000/jigyosho_430.csv,2025-12末,https://www.google.com/search?q=%E3%82%B3%E3%82%B9%E3%83%A2%E3%82%B9%E5%B1%85%E5%AE%85%E4%BB%8B%E8%AD%B7%E6%94%AF%E6%8F%B4%E4%BA%8B%E6%A5%AD%E6%89%80%20%E9%AF%96%E6%B1%9F%E5%B8%82
公立丹南病院居宅介護支援事業所,ケアマネジャー・居宅介護支援,福井県,鯖江市,"介護,ケアマネジャー・居宅介護支援,相談",介護サービスの計画作成や事業所調整を行う相談先です。退院後の生活準備で重要です。,http://www.jadecom.or.jp/jadecomhp/tannan/html/index.html,福井県鯖江市三六町1-2-31,0778-51-5411,厚生労働省オープンデータ,https://www.mhlw.go.jp/content/12300000/jigyosho_430.csv,2025-12末,https://www.google.com/search?q=%E5%85%AC%E7%AB%8B%E4%B8%B9%E5%8D%97%E7%97%85%E9%99%A2%E5%B1%85%E5%AE%85%E4%BB%8B%E8%AD%B7%E6%94%AF%E6%8F%B4%E4%BA%8B%E6%A5%AD%E6%89%80%20%E9%AF%96%E6%B1%9F%E5%B8%82
リハビリセンター王山,ケアマネジャー・居宅介護支援,福井県,鯖江市,"介護,ケアマネジャー・居宅介護支援,相談",介護サービスの計画作成や事業所調整を行う相談先です。退院後の生活準備で重要です。,http://www4.ttn.ne.jp/~ohzan/,福井県鯖江市旭町１丁目3番22号,0778-51-7720,厚生労働省オープンデータ,https://www.mhlw.go.jp/content/12300000/jigyosho_430.csv,2025-12末,https://www.google.com/search?q=%E3%83%AA%E3%83%8F%E3%83%93%E3%83%AA%E3%82%BB%E3%83%B3%E3%82%BF%E3%83%BC%E7%8E%8B%E5%B1%B1%20%E9%AF%96%E6%B1%9F%E5%B8%82
木村病院　介護相談センター,ケアマネジャー・居宅介護支援,福井県,鯖江市,"介護,ケアマネジャー・居宅介護支援,相談",介護サービスの計画作成や事業所調整を行う相談先です。退院後の生活準備で重要です。,https://www.jujinkai.or.jp/,福井県鯖江市旭町４丁目４－９,0778-51-0478,厚生労働省オープンデータ,https://www.mhlw.go.jp/content/12300000/jigyosho_430.csv,2025-12末,https://www.google.com/search?q=%E6%9C%A8%E6%9D%91%E7%97%85%E9%99%A2%E3%80%80%E4%BB%8B%E8%AD%B7%E7%9B%B8%E8%AB%87%E3%82%BB%E3%83%B3%E3%82%BF%E3%83%BC%20%E9%AF%96%E6%B1%9F%E5%B8%82
居宅介護支援センター　うぐいすの里,ケアマネジャー・居宅介護支援,福井県,鯖江市,"介護,ケアマネジャー・居宅介護支援,相談",介護サービスの計画作成や事業所調整を行う相談先です。退院後の生活準備で重要です。,https://gogakuen.com,鯖江市漆原町２０－８,0778-62-2804,厚生労働省オープンデータ,https://www.mhlw.go.jp/content/12300000/jigyosho_430.csv,2025-12末,https://www.google.com/search?q=%E5%B1%85%E5%AE%85%E4%BB%8B%E8%AD%B7%E6%94%AF%E6%8F%B4%E3%82%BB%E3%83%B3%E3%82%BF%E3%83%BC%E3%80%80%E3%81%86%E3%81%90%E3%81%84%E3%81%99%E3%81%AE%E9%87%8C%20%E9%AF%96%E6%B1%9F%E5%B8%82
ことぶき荘居宅介護支援センター,ケアマネジャー・居宅介護支援,福井県,鯖江市,"介護,ケアマネジャー・居宅介護支援,相談",介護サービスの計画作成や事業所調整を行う相談先です。退院後の生活準備で重要です。,http://www.touyoukai.or.jp,福井県鯖江市大野町3-1,0778-51-7780,厚生労働省オープンデータ,https://www.mhlw.go.jp/content/12300000/jigyosho_430.csv,2025-12末,https://www.google.com/search?q=%E3%81%93%E3%81%A8%E3%81%B6%E3%81%8D%E8%8D%98%E5%B1%85%E5%AE%85%E4%BB%8B%E8%AD%B7%E6%94%AF%E6%8F%B4%E3%82%BB%E3%83%B3%E3%82%BF%E3%83%BC%20%E9%AF%96%E6%B1%9F%E5%B8%82
OneHeart　ケアサポート,ケアマネジャー・居宅介護支援,福井県,鯖江市,"介護,ケアマネジャー・居宅介護支援,相談",介護サービスの計画作成や事業所調整を行う相談先です。退院後の生活準備で重要です。,https://www.google.com/search?q=OneHeart%E3%80%80%E3%82%B1%E3%82%A2%E3%82%B5%E3%83%9D%E3%83%BC%E3%83%88%20%E9%AF%96%E6%B1%9F%E5%B8%82,福井県鯖江市川島町19-14OneHeart,0778-43-5356,厚生労働省オープンデータ,https://www.mhlw.go.jp/content/12300000/jigyosho_430.csv,2025-12末,https://www.google.com/search?q=OneHeart%E3%80%80%E3%82%B1%E3%82%A2%E3%82%B5%E3%83%9D%E3%83%BC%E3%83%88%20%E9%AF%96%E6%B1%9F%E5%B8%82
居宅介護支援センターふじ乃里,ケアマネジャー・居宅介護支援,福井県,鯖江市,"介護,ケアマネジャー・居宅介護支援,相談",介護サービスの計画作成や事業所調整を行う相談先です。退院後の生活準備で重要です。,https://fujinosato.or.jp,福井県鯖江市持明寺町１４字１４番地の１,0778-62-0236,厚生労働省オープンデータ,https://www.mhlw.go.jp/content/12300000/jigyosho_430.csv,2025-12末,https://www.google.com/search?q=%E5%B1%85%E5%AE%85%E4%BB%8B%E8%AD%B7%E6%94%AF%E6%8F%B4%E3%82%BB%E3%83%B3%E3%82%BF%E3%83%BC%E3%81%B5%E3%81%98%E4%B9%83%E9%87%8C%20%E9%AF%96%E6%B1%9F%E5%B8%82
居宅介護支援事業所　さくらケアサービス,ケアマネジャー・居宅介護支援,福井県,鯖江市,"介護,ケアマネジャー・居宅介護支援,相談",介護サービスの計画作成や事業所調整を行う相談先です。退院後の生活準備で重要です。,https://www.sakuracare-fukui.com,下河端町4-6-1,0778-54-8338,厚生労働省オープンデータ,https://www.mhlw.go.jp/content/12300000/jigyosho_430.csv,2025-12末,https://www.google.com/search?q=%E5%B1%85%E5%AE%85%E4%BB%8B%E8%AD%B7%E6%94%AF%E6%8F%B4%E4%BA%8B%E6%A5%AD%E6%89%80%E3%80%80%E3%81%95%E3%81%8F%E3%82%89%E3%82%B1%E3%82%A2%E3%82%B5%E3%83%BC%E3%83%93%E3%82%B9%20%E9%AF%96%E6%B1%9F%E5%B8%82
ケアマネジメントベンチ,ケアマネジャー・居宅介護支援,福井県,鯖江市,"介護,ケアマネジャー・居宅介護支援,相談",介護サービスの計画作成や事業所調整を行う相談先です。退院後の生活準備で重要です。,https://bench2019.com,福井県鯖江市神明町3丁目1-3,0778527534,厚生労働省オープンデータ,https://www.mhlw.go.jp/content/12300000/jigyosho_430.csv,2025-12末,https://www.google.com/search?q=%E3%82%B1%E3%82%A2%E3%83%9E%E3%83%8D%E3%82%B8%E3%83%A1%E3%83%B3%E3%83%88%E3%83%99%E3%83%B3%E3%83%81%20%E9%AF%96%E6%B1%9F%E5%B8%82
居宅介護支援事業所わらく,ケアマネジャー・居宅介護支援,福井県,鯖江市,"介護,ケアマネジャー・居宅介護支援,相談",介護サービスの計画作成や事業所調整を行う相談先です。退院後の生活準備で重要です。,https://www.google.com/search?q=%E5%B1%85%E5%AE%85%E4%BB%8B%E8%AD%B7%E6%94%AF%E6%8F%B4%E4%BA%8B%E6%A5%AD%E6%89%80%E3%82%8F%E3%82%89%E3%81%8F%20%E9%AF%96%E6%B1%9F%E5%B8%82,福井県鯖江市住吉町2丁目16-12,0778-52-1117,厚生労働省オープンデータ,https://www.mhlw.go.jp/content/12300000/jigyosho_430.csv,2025-12末,https://www.google.com/search?q=%E5%B1%85%E5%AE%85%E4%BB%8B%E8%AD%B7%E6%94%AF%E6%8F%B4%E4%BA%8B%E6%A5%AD%E6%89%80%E3%82%8F%E3%82%89%E3%81%8F%20%E9%AF%96%E6%B1%9F%E5%B8%82
鯖江市社会福祉協議会　指定居宅介護支援事業所,ケアマネジャー・居宅介護支援,福井県,鯖江市,"介護,ケアマネジャー・居宅介護支援,相談",介護サービスの計画作成や事業所調整を行う相談先です。退院後の生活準備で重要です。,http://www.sabae-shakyo.or.jp/,福井県鯖江市水落町2丁目30番１号,0778-51-0091,厚生労働省オープンデータ,https://www.mhlw.go.jp/content/12300000/jigyosho_430.csv,2025-12末,https://www.google.com/search?q=%E9%AF%96%E6%B1%9F%E5%B8%82%E7%A4%BE%E4%BC%9A%E7%A6%8F%E7%A5%89%E5%8D%94%E8%AD%B0%E4%BC%9A%E3%80%80%E6%8C%87%E5%AE%9A%E5%B1%85%E5%AE%85%E4%BB%8B%E8%AD%B7%E6%94%AF%E6%8F%B4%E4%BA%8B%E6%A5%AD%E6%89%80%20%E9%AF%96%E6%B1%9F%E5%B8%82
エレガントセニールサポート,ケアマネジャー・居宅介護支援,福井県,鯖江市,"介護,ケアマネジャー・居宅介護支援,相談",介護サービスの計画作成や事業所調整を行う相談先です。退院後の生活準備で重要です。,https://www.google.com/search?q=%E3%82%A8%E3%83%AC%E3%82%AC%E3%83%B3%E3%83%88%E3%82%BB%E3%83%8B%E3%83%BC%E3%83%AB%E3%82%B5%E3%83%9D%E3%83%BC%E3%83%88%20%E9%AF%96%E6%B1%9F%E5%B8%82,福井県鯖江市吉江町３１－７－１,0778-53-2770,厚生労働省オープンデータ,https://www.mhlw.go.jp/content/12300000/jigyosho_430.csv,2025-12末,https://www.google.com/search?q=%E3%82%A8%E3%83%AC%E3%82%AC%E3%83%B3%E3%83%88%E3%82%BB%E3%83%8B%E3%83%BC%E3%83%AB%E3%82%B5%E3%83%9D%E3%83%BC%E3%83%88%20%E9%AF%96%E6%B1%9F%E5%B8%82
おしどり荘居宅介護支援センター,ケアマネジャー・居宅介護支援,福井県,鯖江市,"介護,ケアマネジャー・居宅介護支援,相談",介護サービスの計画作成や事業所調整を行う相談先です。退院後の生活準備で重要です。,http://www.touyoukai.or.jp,福井県鯖江市別司町４１－３０,０７７８－７７－２０６９,厚生労働省オープンデータ,https://www.mhlw.go.jp/content/12300000/jigyosho_430.csv,2025-12末,https://www.google.com/search?q=%E3%81%8A%E3%81%97%E3%81%A9%E3%82%8A%E8%8D%98%E5%B1%85%E5%AE%85%E4%BB%8B%E8%AD%B7%E6%94%AF%E6%8F%B4%E3%82%BB%E3%83%B3%E3%82%BF%E3%83%BC%20%E9%AF%96%E6%B1%9F%E5%B8%82
みんなの家居宅介護支援事業所,ケアマネジャー・居宅介護支援,福井県,あわら市,"介護,ケアマネジャー・居宅介護支援,相談",介護サービスの計画作成や事業所調整を行う相談先です。退院後の生活準備で重要です。,https://www.google.com/search?q=%E3%81%BF%E3%82%93%E3%81%AA%E3%81%AE%E5%AE%B6%E5%B1%85%E5%AE%85%E4%BB%8B%E8%AD%B7%E6%94%AF%E6%8F%B4%E4%BA%8B%E6%A5%AD%E6%89%80%20%E3%81%82%E3%82%8F%E3%82%89%E5%B8%82,福井県あわら市大溝3丁目4番32号みんなの家大溝,(0776)73-8555,厚生労働省オープンデータ,https://www.mhlw.go.jp/content/12300000/jigyosho_430.csv,2025-12末,https://www.google.com/search?q=%E3%81%BF%E3%82%93%E3%81%AA%E3%81%AE%E5%AE%B6%E5%B1%85%E5%AE%85%E4%BB%8B%E8%AD%B7%E6%94%AF%E6%8F%B4%E4%BA%8B%E6%A5%AD%E6%89%80%20%E3%81%82%E3%82%8F%E3%82%89%E5%B8%82
ライフサポートセンターさんほーむ,ケアマネジャー・居宅介護支援,福井県,あわら市,"介護,ケアマネジャー・居宅介護支援,相談",介護サービスの計画作成や事業所調整を行う相談先です。退院後の生活準備で重要です。,http://www.ksunhome.or.jp/top.shtml,あわら市花乃杜3-22-32,0776-73-0488,厚生労働省オープンデータ,https://www.mhlw.go.jp/content/12300000/jigyosho_430.csv,2025-12末,https://www.google.com/search?q=%E3%83%A9%E3%82%A4%E3%83%95%E3%82%B5%E3%83%9D%E3%83%BC%E3%83%88%E3%82%BB%E3%83%B3%E3%82%BF%E3%83%BC%E3%81%95%E3%82%93%E3%81%BB%E3%83%BC%E3%82%80%20%E3%81%82%E3%82%8F%E3%82%89%E5%B8%82
坂井地区医師会　居宅介護支援事業所,ケアマネジャー・居宅介護支援,福井県,あわら市,"介護,ケアマネジャー・居宅介護支援,相談",介護サービスの計画作成や事業所調整を行う相談先です。退院後の生活準備で重要です。,http://kyotaku@sakai-med.com,福井県あわら市東善寺5-27,0776-73-8720,厚生労働省オープンデータ,https://www.mhlw.go.jp/content/12300000/jigyosho_430.csv,2025-12末,https://www.google.com/search?q=%E5%9D%82%E4%BA%95%E5%9C%B0%E5%8C%BA%E5%8C%BB%E5%B8%AB%E4%BC%9A%E3%80%80%E5%B1%85%E5%AE%85%E4%BB%8B%E8%AD%B7%E6%94%AF%E6%8F%B4%E4%BA%8B%E6%A5%AD%E6%89%80%20%E3%81%82%E3%82%8F%E3%82%89%E5%B8%82
あわら市金津雲雀ヶ丘寮居宅介護支援事業所,ケアマネジャー・居宅介護支援,福井県,あわら市,"介護,ケアマネジャー・居宅介護支援,相談",介護サービスの計画作成や事業所調整を行う相談先です。退院後の生活準備で重要です。,http://www.awara-hibari.jp/,福井県あわら市春宮3丁目２８－２１,0776-73-0144,厚生労働省オープンデータ,https://www.mhlw.go.jp/content/12300000/jigyosho_430.csv,2025-12末,https://www.google.com/search?q=%E3%81%82%E3%82%8F%E3%82%89%E5%B8%82%E9%87%91%E6%B4%A5%E9%9B%B2%E9%9B%80%E3%83%B6%E4%B8%98%E5%AF%AE%E5%B1%85%E5%AE%85%E4%BB%8B%E8%AD%B7%E6%94%AF%E6%8F%B4%E4%BA%8B%E6%A5%AD%E6%89%80%20%E3%81%82%E3%82%8F%E3%82%89%E5%B8%82
加納居宅介護支援事業所,ケアマネジャー・居宅介護支援,福井県,あわら市,"介護,ケアマネジャー・居宅介護支援,相談",介護サービスの計画作成や事業所調整を行う相談先です。退院後の生活準備で重要です。,http://www.kanouhp.jp/,あわら市花乃杜一丁目２－３９,0776-73-5001,厚生労働省オープンデータ,https://www.mhlw.go.jp/content/12300000/jigyosho_430.csv,2025-12末,https://www.google.com/search?q=%E5%8A%A0%E7%B4%8D%E5%B1%85%E5%AE%85%E4%BB%8B%E8%AD%B7%E6%94%AF%E6%8F%B4%E4%BA%8B%E6%A5%AD%E6%89%80%20%E3%81%82%E3%82%8F%E3%82%89%E5%B8%82
芦原メロン苑ケアプランセンター,ケアマネジャー・居宅介護支援,福井県,あわら市,"介護,ケアマネジャー・居宅介護支援,相談",介護サービスの計画作成や事業所調整を行う相談先です。退院後の生活準備で重要です。,http://www.meron-en.or.jp/,福井県あわら市井江葭50-18,0776-78-7876,厚生労働省オープンデータ,https://www.mhlw.go.jp/content/12300000/jigyosho_430.csv,2025-12末,https://www.google.com/search?q=%E8%8A%A6%E5%8E%9F%E3%83%A1%E3%83%AD%E3%83%B3%E8%8B%91%E3%82%B1%E3%82%A2%E3%83%97%E3%83%A9%E3%83%B3%E3%82%BB%E3%83%B3%E3%82%BF%E3%83%BC%20%E3%81%82%E3%82%8F%E3%82%89%E5%B8%82
ケアハイツ居宅介護支援事業所,ケアマネジャー・居宅介護支援,福井県,あわら市,"介護,ケアマネジャー・居宅介護支援,相談",介護サービスの計画作成や事業所調整を行う相談先です。退院後の生活準備で重要です。,https://careheights.jp/,福井県あわら市横垣18-11ケアハイツ芦原,0776-77-3600,厚生労働省オープンデータ,https://www.mhlw.go.jp/content/12300000/jigyosho_430.csv,2025-12末,https://www.google.com/search?q=%E3%82%B1%E3%82%A2%E3%83%8F%E3%82%A4%E3%83%84%E5%B1%85%E5%AE%85%E4%BB%8B%E8%AD%B7%E6%94%AF%E6%8F%B4%E4%BA%8B%E6%A5%AD%E6%89%80%20%E3%81%82%E3%82%8F%E3%82%89%E5%B8%82
ナイスケア木村居宅介護支援センター,ケアマネジャー・居宅介護支援,福井県,あわら市,"介護,ケアマネジャー・居宅介護支援,相談",介護サービスの計画作成や事業所調整を行う相談先です。退院後の生活準備で重要です。,http://www.kimura-hospital.jp/,福井県あわら市市姫３－２３－４,0776-73-5602,厚生労働省オープンデータ,https://www.mhlw.go.jp/content/12300000/jigyosho_430.csv,2025-12末,https://www.google.com/search?q=%E3%83%8A%E3%82%A4%E3%82%B9%E3%82%B1%E3%82%A2%E6%9C%A8%E6%9D%91%E5%B1%85%E5%AE%85%E4%BB%8B%E8%AD%B7%E6%94%AF%E6%8F%B4%E3%82%BB%E3%83%B3%E3%82%BF%E3%83%BC%20%E3%81%82%E3%82%8F%E3%82%89%E5%B8%82
いちばん介護,ケアマネジャー・居宅介護支援,福井県,越前市,"介護,ケアマネジャー・居宅介護支援,相談",介護サービスの計画作成や事業所調整を行う相談先です。退院後の生活準備で重要です。,http://ichibankaigo.jp/,福井県越前市瓜生町31-1,0778-22-0055,厚生労働省オープンデータ,https://www.mhlw.go.jp/content/12300000/jigyosho_430.csv,2025-12末,https://www.google.com/search?q=%E3%81%84%E3%81%A1%E3%81%B0%E3%82%93%E4%BB%8B%E8%AD%B7%20%E8%B6%8A%E5%89%8D%E5%B8%82
レッツ居宅介護支援センター,ケアマネジャー・居宅介護支援,福井県,越前市,"介護,ケアマネジャー・居宅介護支援,相談",介護サービスの計画作成や事業所調整を行う相談先です。退院後の生活準備で重要です。,http://lifemore.ne.jp/,福井県越前市新保1-5-2,0778-42-6822,厚生労働省オープンデータ,https://www.mhlw.go.jp/content/12300000/jigyosho_430.csv,2025-12末,https://www.google.com/search?q=%E3%83%AC%E3%83%83%E3%83%84%E5%B1%85%E5%AE%85%E4%BB%8B%E8%AD%B7%E6%94%AF%E6%8F%B4%E3%82%BB%E3%83%B3%E3%82%BF%E3%83%BC%20%E8%B6%8A%E5%89%8D%E5%B8%82
サンライフ小野谷,ケアマネジャー・居宅介護支援,福井県,越前市,"介護,ケアマネジャー・居宅介護支援,相談",介護サービスの計画作成や事業所調整を行う相談先です。退院後の生活準備で重要です。,http://sunlifeonodani.jp/,福井県越前市蓬莱町6-24,0778-21-1068,厚生労働省オープンデータ,https://www.mhlw.go.jp/content/12300000/jigyosho_430.csv,2025-12末,https://www.google.com/search?q=%E3%82%B5%E3%83%B3%E3%83%A9%E3%82%A4%E3%83%95%E5%B0%8F%E9%87%8E%E8%B0%B7%20%E8%B6%8A%E5%89%8D%E5%B8%82
あいしん居宅介護支援事業所,ケアマネジャー・居宅介護支援,福井県,越前市,"介護,ケアマネジャー・居宅介護支援,相談",介護サービスの計画作成や事業所調整を行う相談先です。退院後の生活準備で重要です。,https://www.google.com/search?q=%E3%81%82%E3%81%84%E3%81%97%E3%82%93%E5%B1%85%E5%AE%85%E4%BB%8B%E8%AD%B7%E6%94%AF%E6%8F%B4%E4%BA%8B%E6%A5%AD%E6%89%80%20%E8%B6%8A%E5%89%8D%E5%B8%82,福井県越前市瓜生町第45号11番地,0778-23-3821,厚生労働省オープンデータ,https://www.mhlw.go.jp/content/12300000/jigyosho_430.csv,2025-12末,https://www.google.com/search?q=%E3%81%82%E3%81%84%E3%81%97%E3%82%93%E5%B1%85%E5%AE%85%E4%BB%8B%E8%AD%B7%E6%94%AF%E6%8F%B4%E4%BA%8B%E6%A5%AD%E6%89%80%20%E8%B6%8A%E5%89%8D%E5%B8%82
居宅介護支援いっぷく,ケアマネジャー・居宅介護支援,福井県,越前市,"介護,ケアマネジャー・居宅介護支援,相談",介護サービスの計画作成や事業所調整を行う相談先です。退院後の生活準備で重要です。,http://carehomeippuku.jp,福井県越前市黒川町１１４－６１－１,0778-28-1101,厚生労働省オープンデータ,https://www.mhlw.go.jp/content/12300000/jigyosho_430.csv,2025-12末,https://www.google.com/search?q=%E5%B1%85%E5%AE%85%E4%BB%8B%E8%AD%B7%E6%94%AF%E6%8F%B4%E3%81%84%E3%81%A3%E3%81%B7%E3%81%8F%20%E8%B6%8A%E5%89%8D%E5%B8%82
居宅介護支援センター　おいで,ケアマネジャー・居宅介護支援,福井県,越前市,"介護,ケアマネジャー・居宅介護支援,相談",介護サービスの計画作成や事業所調整を行う相談先です。退院後の生活準備で重要です。,http://www.warakuen.jp/index.html,福井県越前市堀川町３－１４,0778-21-5454,厚生労働省オープンデータ,https://www.mhlw.go.jp/content/12300000/jigyosho_430.csv,2025-12末,https://www.google.com/search?q=%E5%B1%85%E5%AE%85%E4%BB%8B%E8%AD%B7%E6%94%AF%E6%8F%B4%E3%82%BB%E3%83%B3%E3%82%BF%E3%83%BC%E3%80%80%E3%81%8A%E3%81%84%E3%81%A7%20%E8%B6%8A%E5%89%8D%E5%B8%82
和上苑居宅介護支援事業所,ケアマネジャー・居宅介護支援,福井県,越前市,"介護,ケアマネジャー・居宅介護支援,相談",介護サービスの計画作成や事業所調整を行う相談先です。退院後の生活準備で重要です。,http://www.wakatake.ne.jp/,越前市高木町12－7－1,0778－23－1114,厚生労働省オープンデータ,https://www.mhlw.go.jp/content/12300000/jigyosho_430.csv,2025-12末,https://www.google.com/search?q=%E5%92%8C%E4%B8%8A%E8%8B%91%E5%B1%85%E5%AE%85%E4%BB%8B%E8%AD%B7%E6%94%AF%E6%8F%B4%E4%BA%8B%E6%A5%AD%E6%89%80%20%E8%B6%8A%E5%89%8D%E5%B8%82
さわやか介護支援センター,ケアマネジャー・居宅介護支援,福井県,越前市,"介護,ケアマネジャー・居宅介護支援,相談",介護サービスの計画作成や事業所調整を行う相談先です。退院後の生活準備で重要です。,http://www.kasahara-hosp.or.jp/,福井県越前市塚町２１４番地,0778-23-1155,厚生労働省オープンデータ,https://www.mhlw.go.jp/content/12300000/jigyosho_430.csv,2025-12末,https://www.google.com/search?q=%E3%81%95%E3%82%8F%E3%82%84%E3%81%8B%E4%BB%8B%E8%AD%B7%E6%94%AF%E6%8F%B4%E3%82%BB%E3%83%B3%E3%82%BF%E3%83%BC%20%E8%B6%8A%E5%89%8D%E5%B8%82
居宅介護支援センターあいの樹,ケアマネジャー・居宅介護支援,福井県,越前市,"介護,ケアマネジャー・居宅介護支援,相談",介護サービスの計画作成や事業所調整を行う相談先です。退院後の生活準備で重要です。,http://aiki-hp.jp,越前市中央2-9-40,0778-21-2886,厚生労働省オープンデータ,https://www.mhlw.go.jp/content/12300000/jigyosho_430.csv,2025-12末,https://www.google.com/search?q=%E5%B1%85%E5%AE%85%E4%BB%8B%E8%AD%B7%E6%94%AF%E6%8F%B4%E3%82%BB%E3%83%B3%E3%82%BF%E3%83%BC%E3%81%82%E3%81%84%E3%81%AE%E6%A8%B9%20%E8%B6%8A%E5%89%8D%E5%B8%82
ほっとマネージメント,ケアマネジャー・居宅介護支援,福井県,越前市,"介護,ケアマネジャー・居宅介護支援,相談",介護サービスの計画作成や事業所調整を行う相談先です。退院後の生活準備で重要です。,http://www.hotreha.com,福井県越前市高木町111-2ほっと地域包括ケアセンター,0778-21-5208,厚生労働省オープンデータ,https://www.mhlw.go.jp/content/12300000/jigyosho_430.csv,2025-12末,https://www.google.com/search?q=%E3%81%BB%E3%81%A3%E3%81%A8%E3%83%9E%E3%83%8D%E3%83%BC%E3%82%B8%E3%83%A1%E3%83%B3%E3%83%88%20%E8%B6%8A%E5%89%8D%E5%B8%82
しくらケアプランステーション,ケアマネジャー・居宅介護支援,福井県,越前市,"介護,ケアマネジャー・居宅介護支援,相談",介護サービスの計画作成や事業所調整を行う相談先です。退院後の生活準備で重要です。,http://www.ikebata.jp,福井県越前市今宿町８－１,0778-21-3333,厚生労働省オープンデータ,https://www.mhlw.go.jp/content/12300000/jigyosho_430.csv,2025-12末,https://www.google.com/search?q=%E3%81%97%E3%81%8F%E3%82%89%E3%82%B1%E3%82%A2%E3%83%97%E3%83%A9%E3%83%B3%E3%82%B9%E3%83%86%E3%83%BC%E3%82%B7%E3%83%A7%E3%83%B3%20%E8%B6%8A%E5%89%8D%E5%B8%82
東武介護支援センター,ケアマネジャー・居宅介護支援,福井県,越前市,"介護,ケアマネジャー・居宅介護支援,相談",介護サービスの計画作成や事業所調整を行う相談先です。退院後の生活準備で重要です。,https://www.google.com/search?q=%E6%9D%B1%E6%AD%A6%E4%BB%8B%E8%AD%B7%E6%94%AF%E6%8F%B4%E3%82%BB%E3%83%B3%E3%82%BF%E3%83%BC%20%E8%B6%8A%E5%89%8D%E5%B8%82,福井県越前市横市町6-3,0778-21-1155,厚生労働省オープンデータ,https://www.mhlw.go.jp/content/12300000/jigyosho_430.csv,2025-12末,https://www.google.com/search?q=%E6%9D%B1%E6%AD%A6%E4%BB%8B%E8%AD%B7%E6%94%AF%E6%8F%B4%E3%82%BB%E3%83%B3%E3%82%BF%E3%83%BC%20%E8%B6%8A%E5%89%8D%E5%B8%82
居宅かいごしえん府中,ケアマネジャー・居宅介護支援,福井県,越前市,"介護,ケアマネジャー・居宅介護支援,相談",介護サービスの計画作成や事業所調整を行う相談先です。退院後の生活準備で重要です。,http://www.hayashi-hospital.or.jp/,福井県越前市府中1丁目3番5号,0778-22-1084,厚生労働省オープンデータ,https://www.mhlw.go.jp/content/12300000/jigyosho_430.csv,2025-12末,https://www.google.com/search?q=%E5%B1%85%E5%AE%85%E3%81%8B%E3%81%84%E3%81%94%E3%81%97%E3%81%88%E3%82%93%E5%BA%9C%E4%B8%AD%20%E8%B6%8A%E5%89%8D%E5%B8%82
アスピカ居宅介護支援センター,ケアマネジャー・居宅介護支援,福井県,越前市,"介護,ケアマネジャー・居宅介護支援,相談",介護サービスの計画作成や事業所調整を行う相談先です。退院後の生活準備で重要です。,http://www.aspica.co.jp,福井県越前市新保町20-31,0778-43-6292,厚生労働省オープンデータ,https://www.mhlw.go.jp/content/12300000/jigyosho_430.csv,2025-12末,https://www.google.com/search?q=%E3%82%A2%E3%82%B9%E3%83%94%E3%82%AB%E5%B1%85%E5%AE%85%E4%BB%8B%E8%AD%B7%E6%94%AF%E6%8F%B4%E3%82%BB%E3%83%B3%E3%82%BF%E3%83%BC%20%E8%B6%8A%E5%89%8D%E5%B8%82
ふくし百選プランニング越前,ケアマネジャー・居宅介護支援,福井県,越前市,"介護,ケアマネジャー・居宅介護支援,相談",介護サービスの計画作成や事業所調整を行う相談先です。退院後の生活準備で重要です。,https：//www.hs-k.co.jp,越前市幸町1-16パラッツォTAMAYA2階,0778-42-8545,厚生労働省オープンデータ,https://www.mhlw.go.jp/content/12300000/jigyosho_430.csv,2025-12末,https://www.google.com/search?q=%E3%81%B5%E3%81%8F%E3%81%97%E7%99%BE%E9%81%B8%E3%83%97%E3%83%A9%E3%83%B3%E3%83%8B%E3%83%B3%E3%82%B0%E8%B6%8A%E5%89%8D%20%E8%B6%8A%E5%89%8D%E5%B8%82
居宅介護支援センターひだまり,ケアマネジャー・居宅介護支援,福井県,越前市,"介護,ケアマネジャー・居宅介護支援,相談",介護サービスの計画作成や事業所調整を行う相談先です。退院後の生活準備で重要です。,https://www.google.com/search?q=%E5%B1%85%E5%AE%85%E4%BB%8B%E8%AD%B7%E6%94%AF%E6%8F%B4%E3%82%BB%E3%83%B3%E3%82%BF%E3%83%BC%E3%81%B2%E3%81%A0%E3%81%BE%E3%82%8A%20%E8%B6%8A%E5%89%8D%E5%B8%82,福井県越前市本多１丁目８－４１,0778-25-1655,厚生労働省オープンデータ,https://www.mhlw.go.jp/content/12300000/jigyosho_430.csv,2025-12末,https://www.google.com/search?q=%E5%B1%85%E5%AE%85%E4%BB%8B%E8%AD%B7%E6%94%AF%E6%8F%B4%E3%82%BB%E3%83%B3%E3%82%BF%E3%83%BC%E3%81%B2%E3%81%A0%E3%81%BE%E3%82%8A%20%E8%B6%8A%E5%89%8D%E5%B8%82
県民せいきょう居宅介護支援事業所（丹南）,ケアマネジャー・居宅介護支援,福井県,越前市,"介護,ケアマネジャー・居宅介護支援,相談",介護サービスの計画作成や事業所調整を行う相談先です。退院後の生活準備で重要です。,http://www.fukui.coop/,福井県越前市家久町49字丹南きらめき,0778-22-5001,厚生労働省オープンデータ,https://www.mhlw.go.jp/content/12300000/jigyosho_430.csv,2025-12末,https://www.google.com/search?q=%E7%9C%8C%E6%B0%91%E3%81%9B%E3%81%84%E3%81%8D%E3%82%87%E3%81%86%E5%B1%85%E5%AE%85%E4%BB%8B%E8%AD%B7%E6%94%AF%E6%8F%B4%E4%BA%8B%E6%A5%AD%E6%89%80%EF%BC%88%E4%B8%B9%E5%8D%97%EF%BC%89%20%E8%B6%8A%E5%89%8D%E5%B8%82
メゾンいまだて指定居宅介護支援センター,ケアマネジャー・居宅介護支援,福井県,越前市,"介護,ケアマネジャー・居宅介護支援,相談",介護サービスの計画作成や事業所調整を行う相談先です。退院後の生活準備で重要です。,http://www.mezon-f.com/,福井県越前市東樫尾町８番３８号,0778-43-0202,厚生労働省オープンデータ,https://www.mhlw.go.jp/content/12300000/jigyosho_430.csv,2025-12末,https://www.google.com/search?q=%E3%83%A1%E3%82%BE%E3%83%B3%E3%81%84%E3%81%BE%E3%81%A0%E3%81%A6%E6%8C%87%E5%AE%9A%E5%B1%85%E5%AE%85%E4%BB%8B%E8%AD%B7%E6%94%AF%E6%8F%B4%E3%82%BB%E3%83%B3%E3%82%BF%E3%83%BC%20%E8%B6%8A%E5%89%8D%E5%B8%82
はながたみ介護支援センター,ケアマネジャー・居宅介護支援,福井県,越前市,"介護,ケアマネジャー・居宅介護支援,相談",介護サービスの計画作成や事業所調整を行う相談先です。退院後の生活準備で重要です。,www.imadatechuo-hp.com,福井県越前市粟田部町33-1,0778-42-1800,厚生労働省オープンデータ,https://www.mhlw.go.jp/content/12300000/jigyosho_430.csv,2025-12末,https://www.google.com/search?q=%E3%81%AF%E3%81%AA%E3%81%8C%E3%81%9F%E3%81%BF%E4%BB%8B%E8%AD%B7%E6%94%AF%E6%8F%B4%E3%82%BB%E3%83%B3%E3%82%BF%E3%83%BC%20%E8%B6%8A%E5%89%8D%E5%B8%82
越前市社会福祉協議会ケアマネジメントサービスセンター,ケアマネジャー・居宅介護支援,福井県,越前市,"介護,ケアマネジャー・居宅介護支援,相談",介護サービスの計画作成や事業所調整を行う相談先です。退院後の生活準備で重要です。,http://echizen-shakyo.or.jp/,福井県越前市矢船町第8号12番地1,0778-25-0005,厚生労働省オープンデータ,https://www.mhlw.go.jp/content/12300000/jigyosho_430.csv,2025-12末,https://www.google.com/search?q=%E8%B6%8A%E5%89%8D%E5%B8%82%E7%A4%BE%E4%BC%9A%E7%A6%8F%E7%A5%89%E5%8D%94%E8%AD%B0%E4%BC%9A%E3%82%B1%E3%82%A2%E3%83%9E%E3%83%8D%E3%82%B8%E3%83%A1%E3%83%B3%E3%83%88%E3%82%B5%E3%83%BC%E3%83%93%E3%82%B9%E3%82%BB%E3%83%B3%E3%82%BF%E3%83%BC%20%E8%B6%8A%E5%89%8D%E5%B8%82
ケアフルハウス居宅介護支援センター,ケアマネジャー・居宅介護支援,福井県,越前市,"介護,ケアマネジャー・居宅介護支援,相談",介護サービスの計画作成や事業所調整を行う相談先です。退院後の生活準備で重要です。,http://carefull.co.jp,越前市広瀬町153-12-3,0778-22-0030,厚生労働省オープンデータ,https://www.mhlw.go.jp/content/12300000/jigyosho_430.csv,2025-12末,https://www.google.com/search?q=%E3%82%B1%E3%82%A2%E3%83%95%E3%83%AB%E3%83%8F%E3%82%A6%E3%82%B9%E5%B1%85%E5%AE%85%E4%BB%8B%E8%AD%B7%E6%94%AF%E6%8F%B4%E3%82%BB%E3%83%B3%E3%82%BF%E3%83%BC%20%E8%B6%8A%E5%89%8D%E5%B8%82
いきいき居宅介護支援事業所,ケアマネジャー・居宅介護支援,福井県,越前市,"介護,ケアマネジャー・居宅介護支援,相談",介護サービスの計画作成や事業所調整を行う相談先です。退院後の生活準備で重要です。,http://ikiiki,福井県越前市高瀬２丁目4-22,0778-22-2500,厚生労働省オープンデータ,https://www.mhlw.go.jp/content/12300000/jigyosho_430.csv,2025-12末,https://www.google.com/search?q=%E3%81%84%E3%81%8D%E3%81%84%E3%81%8D%E5%B1%85%E5%AE%85%E4%BB%8B%E8%AD%B7%E6%94%AF%E6%8F%B4%E4%BA%8B%E6%A5%AD%E6%89%80%20%E8%B6%8A%E5%89%8D%E5%B8%82
ニチイケアセンター武生,ケアマネジャー・居宅介護支援,福井県,越前市,"介護,ケアマネジャー・居宅介護支援,相談",介護サービスの計画作成や事業所調整を行う相談先です。退院後の生活準備で重要です。,http://www.nichiigakkan.co.jp/,福井県越前市国高１－１６－１６,0778-25-5080,厚生労働省オープンデータ,https://www.mhlw.go.jp/content/12300000/jigyosho_430.csv,2025-12末,https://www.google.com/search?q=%E3%83%8B%E3%83%81%E3%82%A4%E3%82%B1%E3%82%A2%E3%82%BB%E3%83%B3%E3%82%BF%E3%83%BC%E6%AD%A6%E7%94%9F%20%E8%B6%8A%E5%89%8D%E5%B8%82
ＪＡはるえ居宅介護支援事業所,ケアマネジャー・居宅介護支援,福井県,坂井市,"介護,ケアマネジャー・居宅介護支援,相談",介護サービスの計画作成や事業所調整を行う相談先です。退院後の生活準備で重要です。,https://www.google.com/search?q=%EF%BC%AA%EF%BC%A1%E3%81%AF%E3%82%8B%E3%81%88%E5%B1%85%E5%AE%85%E4%BB%8B%E8%AD%B7%E6%94%AF%E6%8F%B4%E4%BA%8B%E6%A5%AD%E6%89%80%20%E5%9D%82%E4%BA%95%E5%B8%82,坂井市春江町本堂23-21,0776-58-0080,厚生労働省オープンデータ,https://www.mhlw.go.jp/content/12300000/jigyosho_430.csv,2025-12末,https://www.google.com/search?q=%EF%BC%AA%EF%BC%A1%E3%81%AF%E3%82%8B%E3%81%88%E5%B1%85%E5%AE%85%E4%BB%8B%E8%AD%B7%E6%94%AF%E6%8F%B4%E4%BA%8B%E6%A5%AD%E6%89%80%20%E5%9D%82%E4%BA%95%E5%B8%82
居宅介護支援事業所　アプトケア三国,ケアマネジャー・居宅介護支援,福井県,坂井市,"介護,ケアマネジャー・居宅介護支援,相談",介護サービスの計画作成や事業所調整を行う相談先です。退院後の生活準備で重要です。,http://aptcare.jp,坂井市三国町三国東2丁目9-23,0776-60-0105,厚生労働省オープンデータ,https://www.mhlw.go.jp/content/12300000/jigyosho_430.csv,2025-12末,https://www.google.com/search?q=%E5%B1%85%E5%AE%85%E4%BB%8B%E8%AD%B7%E6%94%AF%E6%8F%B4%E4%BA%8B%E6%A5%AD%E6%89%80%E3%80%80%E3%82%A2%E3%83%97%E3%83%88%E3%82%B1%E3%82%A2%E4%B8%89%E5%9B%BD%20%E5%9D%82%E4%BA%95%E5%B8%82
居宅介護支援事業所　はるさか,ケアマネジャー・居宅介護支援,福井県,坂井市,"介護,ケアマネジャー・居宅介護支援,相談",介護サービスの計画作成や事業所調整を行う相談先です。退院後の生活準備で重要です。,https://www.google.com/search?q=%E5%B1%85%E5%AE%85%E4%BB%8B%E8%AD%B7%E6%94%AF%E6%8F%B4%E4%BA%8B%E6%A5%AD%E6%89%80%E3%80%80%E3%81%AF%E3%82%8B%E3%81%95%E3%81%8B%20%E5%9D%82%E4%BA%95%E5%B8%82,福井県坂井市春江町中筋第100号75番地,0776-58-2181,厚生労働省オープンデータ,https://www.mhlw.go.jp/content/12300000/jigyosho_430.csv,2025-12末,https://www.google.com/search?q=%E5%B1%85%E5%AE%85%E4%BB%8B%E8%AD%B7%E6%94%AF%E6%8F%B4%E4%BA%8B%E6%A5%AD%E6%89%80%E3%80%80%E3%81%AF%E3%82%8B%E3%81%95%E3%81%8B%20%E5%9D%82%E4%BA%95%E5%B8%82
居宅介護支援事業所　ケアセンターゆり,ケアマネジャー・居宅介護支援,福井県,坂井市,"介護,ケアマネジャー・居宅介護支援,相談",介護サービスの計画作成や事業所調整を行う相談先です。退院後の生活準備で重要です。,http://sakairaiharukai.jimdo.com/,福井県坂井市春江町本堂27－1-1,0776－51－8100,厚生労働省オープンデータ,https://www.mhlw.go.jp/content/12300000/jigyosho_430.csv,2025-12末,https://www.google.com/search?q=%E5%B1%85%E5%AE%85%E4%BB%8B%E8%AD%B7%E6%94%AF%E6%8F%B4%E4%BA%8B%E6%A5%AD%E6%89%80%E3%80%80%E3%82%B1%E3%82%A2%E3%82%BB%E3%83%B3%E3%82%BF%E3%83%BC%E3%82%86%E3%82%8A%20%E5%9D%82%E4%BA%95%E5%B8%82
長寿園居宅介護支援事業所,ケアマネジャー・居宅介護支援,福井県,坂井市,"介護,ケアマネジャー・居宅介護支援,相談",介護サービスの計画作成や事業所調整を行う相談先です。退院後の生活準備で重要です。,http://www.choujuen.com,福井県坂井市丸岡町八ヶ郷22-4,0776-66-8713,厚生労働省オープンデータ,https://www.mhlw.go.jp/content/12300000/jigyosho_430.csv,2025-12末,https://www.google.com/search?q=%E9%95%B7%E5%AF%BF%E5%9C%92%E5%B1%85%E5%AE%85%E4%BB%8B%E8%AD%B7%E6%94%AF%E6%8F%B4%E4%BA%8B%E6%A5%AD%E6%89%80%20%E5%9D%82%E4%BA%95%E5%B8%82
医療法人　慈風会　宮﨑病院居宅介護支援センター,ケアマネジャー・居宅介護支援,福井県,坂井市,"介護,ケアマネジャー・居宅介護支援,相談",介護サービスの計画作成や事業所調整を行う相談先です。退院後の生活準備で重要です。,http://www.miyazaki-hp.com/,福井県坂井市三国町北本町2-2-6,0776-82-1002,厚生労働省オープンデータ,https://www.mhlw.go.jp/content/12300000/jigyosho_430.csv,2025-12末,https://www.google.com/search?q=%E5%8C%BB%E7%99%82%E6%B3%95%E4%BA%BA%E3%80%80%E6%85%88%E9%A2%A8%E4%BC%9A%E3%80%80%E5%AE%AE%EF%A8%91%E7%97%85%E9%99%A2%E5%B1%85%E5%AE%85%E4%BB%8B%E8%AD%B7%E6%94%AF%E6%8F%B4%E3%82%BB%E3%83%B3%E3%82%BF%E3%83%BC%20%E5%9D%82%E4%BA%95%E5%B8%82
ガーデンハイツ春江　居宅介護支援事業所,ケアマネジャー・居宅介護支援,福井県,坂井市,"介護,ケアマネジャー・居宅介護支援,相談",介護サービスの計画作成や事業所調整を行う相談先です。退院後の生活準備で重要です。,http://fj-g.jp/,福井県坂井市春江町針原48-28-1ガーデンハイツ春江,0776-51-8778,厚生労働省オープンデータ,https://www.mhlw.go.jp/content/12300000/jigyosho_430.csv,2025-12末,https://www.google.com/search?q=%E3%82%AC%E3%83%BC%E3%83%87%E3%83%B3%E3%83%8F%E3%82%A4%E3%83%84%E6%98%A5%E6%B1%9F%E3%80%80%E5%B1%85%E5%AE%85%E4%BB%8B%E8%AD%B7%E6%94%AF%E6%8F%B4%E4%BA%8B%E6%A5%AD%E6%89%80%20%E5%9D%82%E4%BA%95%E5%B8%82
JA福井県ケアプランセンターはなさき,ケアマネジャー・居宅介護支援,福井県,坂井市,"介護,ケアマネジャー・居宅介護支援,相談",介護サービスの計画作成や事業所調整を行う相談先です。退院後の生活準備で重要です。,https://www.google.com/search?q=JA%E7%A6%8F%E4%BA%95%E7%9C%8C%E3%82%B1%E3%82%A2%E3%83%97%E3%83%A9%E3%83%B3%E3%82%BB%E3%83%B3%E3%82%BF%E3%83%BC%E3%81%AF%E3%81%AA%E3%81%95%E3%81%8D%20%E5%9D%82%E4%BA%95%E5%B8%82,福井県坂井市坂井町上新庄４２−１９,0776-67-8730,厚生労働省オープンデータ,https://www.mhlw.go.jp/content/12300000/jigyosho_430.csv,2025-12末,https://www.google.com/search?q=JA%E7%A6%8F%E4%BA%95%E7%9C%8C%E3%82%B1%E3%82%A2%E3%83%97%E3%83%A9%E3%83%B3%E3%82%BB%E3%83%B3%E3%82%BF%E3%83%BC%E3%81%AF%E3%81%AA%E3%81%95%E3%81%8D%20%E5%9D%82%E4%BA%95%E5%B8%82
東尋坊ひまわりの丘　居宅介護支援事業所,ケアマネジャー・居宅介護支援,福井県,坂井市,"介護,ケアマネジャー・居宅介護支援,相談",介護サービスの計画作成や事業所調整を行う相談先です。退院後の生活準備で重要です。,http://fj-g.jp,福井県坂井市三国町陣ヶ岡16-13-18,0776-82-8515,厚生労働省オープンデータ,https://www.mhlw.go.jp/content/12300000/jigyosho_430.csv,2025-12末,https://www.google.com/search?q=%E6%9D%B1%E5%B0%8B%E5%9D%8A%E3%81%B2%E3%81%BE%E3%82%8F%E3%82%8A%E3%81%AE%E4%B8%98%E3%80%80%E5%B1%85%E5%AE%85%E4%BB%8B%E8%AD%B7%E6%94%AF%E6%8F%B4%E4%BA%8B%E6%A5%AD%E6%89%80%20%E5%9D%82%E4%BA%95%E5%B8%82
あかねケアマネージメントセンター,ケアマネジャー・居宅介護支援,福井県,坂井市,"介護,ケアマネジャー・居宅介護支援,相談",介護サービスの計画作成や事業所調整を行う相談先です。退院後の生活準備で重要です。,http://akanekai.net,福井県坂井市丸岡町羽崎31-11-3,0776-67-1121,厚生労働省オープンデータ,https://www.mhlw.go.jp/content/12300000/jigyosho_430.csv,2025-12末,https://www.google.com/search?q=%E3%81%82%E3%81%8B%E3%81%AD%E3%82%B1%E3%82%A2%E3%83%9E%E3%83%8D%E3%83%BC%E3%82%B8%E3%83%A1%E3%83%B3%E3%83%88%E3%82%BB%E3%83%B3%E3%82%BF%E3%83%BC%20%E5%9D%82%E4%BA%95%E5%B8%82
あじさい園居宅介護支援事業所,ケアマネジャー・居宅介護支援,福井県,坂井市,"介護,ケアマネジャー・居宅介護支援,相談",介護サービスの計画作成や事業所調整を行う相談先です。退院後の生活準備で重要です。,http://www.hakurakuso.com,福井県坂井市三国町梶49-18,0776-82-7889,厚生労働省オープンデータ,https://www.mhlw.go.jp/content/12300000/jigyosho_430.csv,2025-12末,https://www.google.com/search?q=%E3%81%82%E3%81%98%E3%81%95%E3%81%84%E5%9C%92%E5%B1%85%E5%AE%85%E4%BB%8B%E8%AD%B7%E6%94%AF%E6%8F%B4%E4%BA%8B%E6%A5%AD%E6%89%80%20%E5%9D%82%E4%BA%95%E5%B8%82
いってこさ居宅介護支援事業所,ケアマネジャー・居宅介護支援,福井県,坂井市,"介護,ケアマネジャー・居宅介護支援,相談",介護サービスの計画作成や事業所調整を行う相談先です。退院後の生活準備で重要です。,https://www.google.com/search?q=%E3%81%84%E3%81%A3%E3%81%A6%E3%81%93%E3%81%95%E5%B1%85%E5%AE%85%E4%BB%8B%E8%AD%B7%E6%94%AF%E6%8F%B4%E4%BA%8B%E6%A5%AD%E6%89%80%20%E5%9D%82%E4%BA%95%E5%B8%82,福井県坂井市三国町殿島5-23,0776-82-8711,厚生労働省オープンデータ,https://www.mhlw.go.jp/content/12300000/jigyosho_430.csv,2025-12末,https://www.google.com/search?q=%E3%81%84%E3%81%A3%E3%81%A6%E3%81%93%E3%81%95%E5%B1%85%E5%AE%85%E4%BB%8B%E8%AD%B7%E6%94%AF%E6%8F%B4%E4%BA%8B%E6%A5%AD%E6%89%80%20%E5%9D%82%E4%BA%95%E5%B8%82
まるおか介護支援センター,ケアマネジャー・居宅介護支援,福井県,坂井市,"介護,ケアマネジャー・居宅介護支援,相談",介護サービスの計画作成や事業所調整を行う相談先です。退院後の生活準備で重要です。,http://www.life-sp.jp,福井県坂井市丸岡町八ヶ郷２３－１９－３,0776-67-7771,厚生労働省オープンデータ,https://www.mhlw.go.jp/content/12300000/jigyosho_430.csv,2025-12末,https://www.google.com/search?q=%E3%81%BE%E3%82%8B%E3%81%8A%E3%81%8B%E4%BB%8B%E8%AD%B7%E6%94%AF%E6%8F%B4%E3%82%BB%E3%83%B3%E3%82%BF%E3%83%BC%20%E5%9D%82%E4%BA%95%E5%B8%82
坂井市社会福祉協議会ケアプランセンター,ケアマネジャー・居宅介護支援,福井県,坂井市,"介護,ケアマネジャー・居宅介護支援,相談",介護サービスの計画作成や事業所調整を行う相談先です。退院後の生活準備で重要です。,http://www.sakaicityshakyo.jp/,福井県坂井市坂井町下新庄18-3-1,0776-67-5180,厚生労働省オープンデータ,https://www.mhlw.go.jp/content/12300000/jigyosho_430.csv,2025-12末,https://www.google.com/search?q=%E5%9D%82%E4%BA%95%E5%B8%82%E7%A4%BE%E4%BC%9A%E7%A6%8F%E7%A5%89%E5%8D%94%E8%AD%B0%E4%BC%9A%E3%82%B1%E3%82%A2%E3%83%97%E3%83%A9%E3%83%B3%E3%82%BB%E3%83%B3%E3%82%BF%E3%83%BC%20%E5%9D%82%E4%BA%95%E5%B8%82
トゥモローズケアマネステーション,ケアマネジャー・居宅介護支援,福井県,坂井市,"介護,ケアマネジャー・居宅介護支援,相談",介護サービスの計画作成や事業所調整を行う相談先です。退院後の生活準備で重要です。,http://tomorrows-reha.com,坂井市坂井町下新庄１８－１５－１,0776-50-1002,厚生労働省オープンデータ,https://www.mhlw.go.jp/content/12300000/jigyosho_430.csv,2025-12末,https://www.google.com/search?q=%E3%83%88%E3%82%A5%E3%83%A2%E3%83%AD%E3%83%BC%E3%82%BA%E3%82%B1%E3%82%A2%E3%83%9E%E3%83%8D%E3%82%B9%E3%83%86%E3%83%BC%E3%82%B7%E3%83%A7%E3%83%B3%20%E5%9D%82%E4%BA%95%E5%B8%82
潟池野ケアプランセンター,ケアマネジャー・居宅介護支援,福井県,坂井市,"介護,ケアマネジャー・居宅介護支援,相談",介護サービスの計画作成や事業所調整を行う相談先です。退院後の生活準備で重要です。,https://s-fukushi.or.jp/kataikeno/,福井県坂井市坂井町下関４２－４－２,0776-72-0100,厚生労働省オープンデータ,https://www.mhlw.go.jp/content/12300000/jigyosho_430.csv,2025-12末,https://www.google.com/search?q=%E6%BD%9F%E6%B1%A0%E9%87%8E%E3%82%B1%E3%82%A2%E3%83%97%E3%83%A9%E3%83%B3%E3%82%BB%E3%83%B3%E3%82%BF%E3%83%BC%20%E5%9D%82%E4%BA%95%E5%B8%82
県民せいきょう居宅介護支援事業所（坂井）,ケアマネジャー・居宅介護支援,福井県,坂井市,"介護,ケアマネジャー・居宅介護支援,相談",介護サービスの計画作成や事業所調整を行う相談先です。退院後の生活準備で重要です。,https://www.fukui.coop/care/shisetsu/sakai-kirameki/,福井県坂井市坂井町大味56号,0776-72-3901,厚生労働省オープンデータ,https://www.mhlw.go.jp/content/12300000/jigyosho_430.csv,2025-12末,https://www.google.com/search?q=%E7%9C%8C%E6%B0%91%E3%81%9B%E3%81%84%E3%81%8D%E3%82%87%E3%81%86%E5%B1%85%E5%AE%85%E4%BB%8B%E8%AD%B7%E6%94%AF%E6%8F%B4%E4%BA%8B%E6%A5%AD%E6%89%80%EF%BC%88%E5%9D%82%E4%BA%95%EF%BC%89%20%E5%9D%82%E4%BA%95%E5%B8%82
竹田の居宅　笑楽日,ケアマネジャー・居宅介護支援,福井県,坂井市,"介護,ケアマネジャー・居宅介護支援,相談",介護サービスの計画作成や事業所調整を行う相談先です。退院後の生活準備で重要です。,https://www.day-warabi.com/,丸岡町山口５９－１３,0776-67-2396,厚生労働省オープンデータ,https://www.mhlw.go.jp/content/12300000/jigyosho_430.csv,2025-12末,https://www.google.com/search?q=%E7%AB%B9%E7%94%B0%E3%81%AE%E5%B1%85%E5%AE%85%E3%80%80%E7%AC%91%E6%A5%BD%E6%97%A5%20%E5%9D%82%E4%BA%95%E5%B8%82
ケアプランセンターまるおか生喜庵,ケアマネジャー・居宅介護支援,福井県,坂井市,"介護,ケアマネジャー・居宅介護支援,相談",介護サービスの計画作成や事業所調整を行う相談先です。退院後の生活準備で重要です。,http://seikikai-sakai.jp/,福井県坂井市丸岡町長畝１６字八ツ割３番１,0776-68-0058,厚生労働省オープンデータ,https://www.mhlw.go.jp/content/12300000/jigyosho_430.csv,2025-12末,https://www.google.com/search?q=%E3%82%B1%E3%82%A2%E3%83%97%E3%83%A9%E3%83%B3%E3%82%BB%E3%83%B3%E3%82%BF%E3%83%BC%E3%81%BE%E3%82%8B%E3%81%8A%E3%81%8B%E7%94%9F%E5%96%9C%E5%BA%B5%20%E5%9D%82%E4%BA%95%E5%B8%82
中野ケアプランオフィス,ケアマネジャー・居宅介護支援,福井県,坂井市,"介護,ケアマネジャー・居宅介護支援,相談",介護サービスの計画作成や事業所調整を行う相談先です。退院後の生活準備で重要です。,https://www.google.com/search?q=%E4%B8%AD%E9%87%8E%E3%82%B1%E3%82%A2%E3%83%97%E3%83%A9%E3%83%B3%E3%82%AA%E3%83%95%E3%82%A3%E3%82%B9%20%E5%9D%82%E4%BA%95%E5%B8%82,坂井町新庄2-228,090-5170-9837,厚生労働省オープンデータ,https://www.mhlw.go.jp/content/12300000/jigyosho_430.csv,2025-12末,https://www.google.com/search?q=%E4%B8%AD%E9%87%8E%E3%82%B1%E3%82%A2%E3%83%97%E3%83%A9%E3%83%B3%E3%82%AA%E3%83%95%E3%82%A3%E3%82%B9%20%E5%9D%82%E4%BA%95%E5%B8%82
介護相談室こころ,ケアマネジャー・居宅介護支援,福井県,坂井市,"介護,ケアマネジャー・居宅介護支援,相談",介護サービスの計画作成や事業所調整を行う相談先です。退院後の生活準備で重要です。,https://www.shine-fukui.com/,福井県坂井市春江町江留下宇和江19,0776-43-1083,厚生労働省オープンデータ,https://www.mhlw.go.jp/content/12300000/jigyosho_430.csv,2025-12末,https://www.google.com/search?q=%E4%BB%8B%E8%AD%B7%E7%9B%B8%E8%AB%87%E5%AE%A4%E3%81%93%E3%81%93%E3%82%8D%20%E5%9D%82%E4%BA%95%E5%B8%82
ケアプランセンターさかい生喜庵,ケアマネジャー・居宅介護支援,福井県,坂井市,"介護,ケアマネジャー・居宅介護支援,相談",介護サービスの計画作成や事業所調整を行う相談先です。退院後の生活準備で重要です。,https://www.google.com/search?q=%E3%82%B1%E3%82%A2%E3%83%97%E3%83%A9%E3%83%B3%E3%82%BB%E3%83%B3%E3%82%BF%E3%83%BC%E3%81%95%E3%81%8B%E3%81%84%E7%94%9F%E5%96%9C%E5%BA%B5%20%E5%9D%82%E4%BA%95%E5%B8%82,坂井町上新庄第40号59番地,0776-67-7717,厚生労働省オープンデータ,https://www.mhlw.go.jp/content/12300000/jigyosho_430.csv,2025-12末,https://www.google.com/search?q=%E3%82%B1%E3%82%A2%E3%83%97%E3%83%A9%E3%83%B3%E3%82%BB%E3%83%B3%E3%82%BF%E3%83%BC%E3%81%95%E3%81%8B%E3%81%84%E7%94%9F%E5%96%9C%E5%BA%B5%20%E5%9D%82%E4%BA%95%E5%B8%82
さかい居宅介護支援事業所,ケアマネジャー・居宅介護支援,福井県,坂井市,"介護,ケアマネジャー・居宅介護支援,相談",介護サービスの計画作成や事業所調整を行う相談先です。退院後の生活準備で重要です。,https://www.google.com/search?q=%E3%81%95%E3%81%8B%E3%81%84%E5%B1%85%E5%AE%85%E4%BB%8B%E8%AD%B7%E6%94%AF%E6%8F%B4%E4%BA%8B%E6%A5%AD%E6%89%80%20%E5%9D%82%E4%BA%95%E5%B8%82,福井県坂井市丸岡町城北1丁目21番地,0776-43-1174,厚生労働省オープンデータ,https://www.mhlw.go.jp/content/12300000/jigyosho_430.csv,2025-12末,https://www.google.com/search?q=%E3%81%95%E3%81%8B%E3%81%84%E5%B1%85%E5%AE%85%E4%BB%8B%E8%AD%B7%E6%94%AF%E6%8F%B4%E4%BA%8B%E6%A5%AD%E6%89%80%20%E5%9D%82%E4%BA%95%E5%B8%82
春江病院居宅介護支援事業所,ケアマネジャー・居宅介護支援,福井県,坂井市,"介護,ケアマネジャー・居宅介護支援,相談",介護サービスの計画作成や事業所調整を行う相談先です。退院後の生活準備で重要です。,http://www.harue-hp.org/,福井県坂井市春江町針原65-7,0776-51-1982,厚生労働省オープンデータ,https://www.mhlw.go.jp/content/12300000/jigyosho_430.csv,2025-12末,https://www.google.com/search?q=%E6%98%A5%E6%B1%9F%E7%97%85%E9%99%A2%E5%B1%85%E5%AE%85%E4%BB%8B%E8%AD%B7%E6%94%AF%E6%8F%B4%E4%BA%8B%E6%A5%AD%E6%89%80%20%E5%9D%82%E4%BA%95%E5%B8%82
かがやき荘　居宅介護支援センター,ケアマネジャー・居宅介護支援,福井県,坂井市,"介護,ケアマネジャー・居宅介護支援,相談",介護サービスの計画作成や事業所調整を行う相談先です。退院後の生活準備で重要です。,http://www.kagayakisou.jp,福井県坂井市三国町陣ケ岡13-3,0776-82-5151,厚生労働省オープンデータ,https://www.mhlw.go.jp/content/12300000/jigyosho_430.csv,2025-12末,https://www.google.com/search?q=%E3%81%8B%E3%81%8C%E3%82%84%E3%81%8D%E8%8D%98%E3%80%80%E5%B1%85%E5%AE%85%E4%BB%8B%E8%AD%B7%E6%94%AF%E6%8F%B4%E3%82%BB%E3%83%B3%E3%82%BF%E3%83%BC%20%E5%9D%82%E4%BA%95%E5%B8%82
ケアふくい居宅介護支援センター,ケアマネジャー・居宅介護支援,福井県,永平寺町,"介護,ケアマネジャー・居宅介護支援,相談",介護サービスの計画作成や事業所調整を行う相談先です。退院後の生活準備で重要です。,https://www.google.com/search?q=%E3%82%B1%E3%82%A2%E3%81%B5%E3%81%8F%E3%81%84%E5%B1%85%E5%AE%85%E4%BB%8B%E8%AD%B7%E6%94%AF%E6%8F%B4%E3%82%BB%E3%83%B3%E3%82%BF%E3%83%BC%20%E6%B0%B8%E5%B9%B3%E5%AF%BA%E7%94%BA,吉田郡永平寺町松岡薬師1-145,(0776)61-1216,厚生労働省オープンデータ,https://www.mhlw.go.jp/content/12300000/jigyosho_430.csv,2025-12末,https://www.google.com/search?q=%E3%82%B1%E3%82%A2%E3%81%B5%E3%81%8F%E3%81%84%E5%B1%85%E5%AE%85%E4%BB%8B%E8%AD%B7%E6%94%AF%E6%8F%B4%E3%82%BB%E3%83%B3%E3%82%BF%E3%83%BC%20%E6%B0%B8%E5%B9%B3%E5%AF%BA%E7%94%BA
ケアふくい居宅介護支援センター,ケアマネジャー・居宅介護支援,福井県,永平寺町,"介護,ケアマネジャー・居宅介護支援,相談",介護サービスの計画作成や事業所調整を行う相談先です。退院後の生活準備で重要です。,https://care-fukui.com,福井県吉田郡永平寺町松岡薬師1-145,(0776)61-1216,厚生労働省オープンデータ,https://www.mhlw.go.jp/content/12300000/jigyosho_430.csv,2025-12末,https://www.google.com/search?q=%E3%82%B1%E3%82%A2%E3%81%B5%E3%81%8F%E3%81%84%E5%B1%85%E5%AE%85%E4%BB%8B%E8%AD%B7%E6%94%AF%E6%8F%B4%E3%82%BB%E3%83%B3%E3%82%BF%E3%83%BC%20%E6%B0%B8%E5%B9%B3%E5%AF%BA%E7%94%BA
えいへいじ居宅介護支援事業所,ケアマネジャー・居宅介護支援,福井県,永平寺町,"介護,ケアマネジャー・居宅介護支援,相談",介護サービスの計画作成や事業所調整を行う相談先です。退院後の生活準備で重要です。,http://www.eiheijishakyo.jp,福井県吉田郡永平寺町飯島第6号34番地,0776-63-3305,厚生労働省オープンデータ,https://www.mhlw.go.jp/content/12300000/jigyosho_430.csv,2025-12末,https://www.google.com/search?q=%E3%81%88%E3%81%84%E3%81%B8%E3%81%84%E3%81%98%E5%B1%85%E5%AE%85%E4%BB%8B%E8%AD%B7%E6%94%AF%E6%8F%B4%E4%BA%8B%E6%A5%AD%E6%89%80%20%E6%B0%B8%E5%B9%B3%E5%AF%BA%E7%94%BA
永平寺ハウス居宅介護支援事業所,ケアマネジャー・居宅介護支援,福井県,永平寺町,"介護,ケアマネジャー・居宅介護支援,相談",介護サービスの計画作成や事業所調整を行う相談先です。退院後の生活準備で重要です。,http://www.fukusenkai.jp,吉田郡永平寺町けやき台８１３－１,0776-63-4444,厚生労働省オープンデータ,https://www.mhlw.go.jp/content/12300000/jigyosho_430.csv,2025-12末,https://www.google.com/search?q=%E6%B0%B8%E5%B9%B3%E5%AF%BA%E3%83%8F%E3%82%A6%E3%82%B9%E5%B1%85%E5%AE%85%E4%BB%8B%E8%AD%B7%E6%94%AF%E6%8F%B4%E4%BA%8B%E6%A5%AD%E6%89%80%20%E6%B0%B8%E5%B9%B3%E5%AF%BA%E7%94%BA
アニス松岡居宅介護支援事業所,ケアマネジャー・居宅介護支援,福井県,永平寺町,"介護,ケアマネジャー・居宅介護支援,相談",介護サービスの計画作成や事業所調整を行う相談先です。退院後の生活準備で重要です。,http://www.taiyo-kai.jp/,福井県吉田郡永平寺町松岡椚第31号7番地1,0776-61-1401,厚生労働省オープンデータ,https://www.mhlw.go.jp/content/12300000/jigyosho_430.csv,2025-12末,https://www.google.com/search?q=%E3%82%A2%E3%83%8B%E3%82%B9%E6%9D%BE%E5%B2%A1%E5%B1%85%E5%AE%85%E4%BB%8B%E8%AD%B7%E6%94%AF%E6%8F%B4%E4%BA%8B%E6%A5%AD%E6%89%80%20%E6%B0%B8%E5%B9%B3%E5%AF%BA%E7%94%BA
ケアプランセンター　ひかり苑,ケアマネジャー・居宅介護支援,福井県,永平寺町,"介護,ケアマネジャー・居宅介護支援,相談",介護サービスの計画作成や事業所調整を行う相談先です。退院後の生活準備で重要です。,http://www.hikarigroup.jp,福井県吉田郡永平寺町山王7-28,0776-64-3356,厚生労働省オープンデータ,https://www.mhlw.go.jp/content/12300000/jigyosho_430.csv,2025-12末,https://www.google.com/search?q=%E3%82%B1%E3%82%A2%E3%83%97%E3%83%A9%E3%83%B3%E3%82%BB%E3%83%B3%E3%82%BF%E3%83%BC%E3%80%80%E3%81%B2%E3%81%8B%E3%82%8A%E8%8B%91%20%E6%B0%B8%E5%B9%B3%E5%AF%BA%E7%94%BA
社会福祉法人　池田町社会福祉協議会指定居宅介護支援事業所,ケアマネジャー・居宅介護支援,福井県,池田町,"介護,ケアマネジャー・居宅介護支援,相談",介護サービスの計画作成や事業所調整を行う相談先です。退院後の生活準備で重要です。,https://www.shakyo.or.jp/hp/827/,福井県今立郡池田町薮田第5号3番地１,0778-44-7750,厚生労働省オープンデータ,https://www.mhlw.go.jp/content/12300000/jigyosho_430.csv,2025-12末,https://www.google.com/search?q=%E7%A4%BE%E4%BC%9A%E7%A6%8F%E7%A5%89%E6%B3%95%E4%BA%BA%E3%80%80%E6%B1%A0%E7%94%B0%E7%94%BA%E7%A4%BE%E4%BC%9A%E7%A6%8F%E7%A5%89%E5%8D%94%E8%AD%B0%E4%BC%9A%E6%8C%87%E5%AE%9A%E5%B1%85%E5%AE%85%E4%BB%8B%E8%AD%B7%E6%94%AF%E6%8F%B4%E4%BA%8B%E6%A5%AD%E6%89%80%20%E6%B1%A0%E7%94%B0%E7%94%BA
池田町幸寿苑居宅介護支援事業所,ケアマネジャー・居宅介護支援,福井県,池田町,"介護,ケアマネジャー・居宅介護支援,相談",介護サービスの計画作成や事業所調整を行う相談先です。退院後の生活準備で重要です。,http://www.kenrakukai.jp/ikeda/index.html,今立郡池田町常安21-1,0778-44-6620,厚生労働省オープンデータ,https://www.mhlw.go.jp/content/12300000/jigyosho_430.csv,2025-12末,https://www.google.com/search?q=%E6%B1%A0%E7%94%B0%E7%94%BA%E5%B9%B8%E5%AF%BF%E8%8B%91%E5%B1%85%E5%AE%85%E4%BB%8B%E8%AD%B7%E6%94%AF%E6%8F%B4%E4%BA%8B%E6%A5%AD%E6%89%80%20%E6%B1%A0%E7%94%B0%E7%94%BA
ほのぼの苑居宅介護支援事業所,ケアマネジャー・居宅介護支援,福井県,南越前町,"介護,ケアマネジャー・居宅介護支援,相談",介護サービスの計画作成や事業所調整を行う相談先です。退院後の生活準備で重要です。,http://www.honobono-en.com/,福井県南条郡南越前町鋳物師５－１０－１,0778-47-3784,厚生労働省オープンデータ,https://www.mhlw.go.jp/content/12300000/jigyosho_430.csv,2025-12末,https://www.google.com/search?q=%E3%81%BB%E3%81%AE%E3%81%BC%E3%81%AE%E8%8B%91%E5%B1%85%E5%AE%85%E4%BB%8B%E8%AD%B7%E6%94%AF%E6%8F%B4%E4%BA%8B%E6%A5%AD%E6%89%80%20%E5%8D%97%E8%B6%8A%E5%89%8D%E7%94%BA
南越前町社会福祉協議会今庄居宅介護支援事業所,ケアマネジャー・居宅介護支援,福井県,南越前町,"介護,ケアマネジャー・居宅介護支援,相談",介護サービスの計画作成や事業所調整を行う相談先です。退院後の生活準備で重要です。,https://www.google.com/search?q=%E5%8D%97%E8%B6%8A%E5%89%8D%E7%94%BA%E7%A4%BE%E4%BC%9A%E7%A6%8F%E7%A5%89%E5%8D%94%E8%AD%B0%E4%BC%9A%E4%BB%8A%E5%BA%84%E5%B1%85%E5%AE%85%E4%BB%8B%E8%AD%B7%E6%94%AF%E6%8F%B4%E4%BA%8B%E6%A5%AD%E6%89%80%20%E5%8D%97%E8%B6%8A%E5%89%8D%E7%94%BA,福井県南条郡南越前町今庄86-5-2今庄福祉センター,0778-45-1175,厚生労働省オープンデータ,https://www.mhlw.go.jp/content/12300000/jigyosho_430.csv,2025-12末,https://www.google.com/search?q=%E5%8D%97%E8%B6%8A%E5%89%8D%E7%94%BA%E7%A4%BE%E4%BC%9A%E7%A6%8F%E7%A5%89%E5%8D%94%E8%AD%B0%E4%BC%9A%E4%BB%8A%E5%BA%84%E5%B1%85%E5%AE%85%E4%BB%8B%E8%AD%B7%E6%94%AF%E6%8F%B4%E4%BA%8B%E6%A5%AD%E6%89%80%20%E5%8D%97%E8%B6%8A%E5%89%8D%E7%94%BA
指定居宅介護支援事業所　「さざんかホール」,ケアマネジャー・居宅介護支援,福井県,越前町,"介護,ケアマネジャー・居宅介護支援,相談",介護サービスの計画作成や事業所調整を行う相談先です。退院後の生活準備で重要です。,http://www.kodoen.or.jp,福井県丹生郡越前町朝日22字7-1,0778-34-1440,厚生労働省オープンデータ,https://www.mhlw.go.jp/content/12300000/jigyosho_430.csv,2025-12末,https://www.google.com/search?q=%E6%8C%87%E5%AE%9A%E5%B1%85%E5%AE%85%E4%BB%8B%E8%AD%B7%E6%94%AF%E6%8F%B4%E4%BA%8B%E6%A5%AD%E6%89%80%E3%80%80%E3%80%8C%E3%81%95%E3%81%96%E3%82%93%E3%81%8B%E3%83%9B%E3%83%BC%E3%83%AB%E3%80%8D%20%E8%B6%8A%E5%89%8D%E7%94%BA
やすらぎ荘居宅介護支援事業所,ケアマネジャー・居宅介護支援,福井県,越前町,"介護,ケアマネジャー・居宅介護支援,相談",介護サービスの計画作成や事業所調整を行う相談先です。退院後の生活準備で重要です。,http://ota-yasuragikai.com/,福井県丹生郡越前町織田102-81,0778-36-1170,厚生労働省オープンデータ,https://www.mhlw.go.jp/content/12300000/jigyosho_430.csv,2025-12末,https://www.google.com/search?q=%E3%82%84%E3%81%99%E3%82%89%E3%81%8E%E8%8D%98%E5%B1%85%E5%AE%85%E4%BB%8B%E8%AD%B7%E6%94%AF%E6%8F%B4%E4%BA%8B%E6%A5%AD%E6%89%80%20%E8%B6%8A%E5%89%8D%E7%94%BA
越前町社会福祉協議会　居宅介護支援事業所,ケアマネジャー・居宅介護支援,福井県,越前町,"介護,ケアマネジャー・居宅介護支援,相談",介護サービスの計画作成や事業所調整を行う相談先です。退院後の生活準備で重要です。,http://www.e-shakyo.or.jp,福井県丹生郡越前町織田106-51-1,0778-36-0698,厚生労働省オープンデータ,https://www.mhlw.go.jp/content/12300000/jigyosho_430.csv,2025-12末,https://www.google.com/search?q=%E8%B6%8A%E5%89%8D%E7%94%BA%E7%A4%BE%E4%BC%9A%E7%A6%8F%E7%A5%89%E5%8D%94%E8%AD%B0%E4%BC%9A%E3%80%80%E5%B1%85%E5%AE%85%E4%BB%8B%E8%AD%B7%E6%94%AF%E6%8F%B4%E4%BA%8B%E6%A5%AD%E6%89%80%20%E8%B6%8A%E5%89%8D%E7%94%BA
海楽園居宅介護支援事業所,ケアマネジャー・居宅介護支援,福井県,越前町,"介護,ケアマネジャー・居宅介護支援,相談",介護サービスの計画作成や事業所調整を行う相談先です。退院後の生活準備で重要です。,http://echizen-kairakuen.jp/,福井県丹生郡越前町米ノ46-1-1,0778-39-1461,厚生労働省オープンデータ,https://www.mhlw.go.jp/content/12300000/jigyosho_430.csv,2025-12末,https://www.google.com/search?q=%E6%B5%B7%E6%A5%BD%E5%9C%92%E5%B1%85%E5%AE%85%E4%BB%8B%E8%AD%B7%E6%94%AF%E6%8F%B4%E4%BA%8B%E6%A5%AD%E6%89%80%20%E8%B6%8A%E5%89%8D%E7%94%BA
丹生ひまわりケアプランセンター,ケアマネジャー・居宅介護支援,福井県,越前町,"介護,ケアマネジャー・居宅介護支援,相談",介護サービスの計画作成や事業所調整を行う相談先です。退院後の生活準備で重要です。,http://www.sekishin-himawari.or.jp,福井県丹生郡越前町四ツ杉3-10丹生ケアセンターひまわり荘,0778-36-2227,厚生労働省オープンデータ,https://www.mhlw.go.jp/content/12300000/jigyosho_430.csv,2025-12末,https://www.google.com/search?q=%E4%B8%B9%E7%94%9F%E3%81%B2%E3%81%BE%E3%82%8F%E3%82%8A%E3%82%B1%E3%82%A2%E3%83%97%E3%83%A9%E3%83%B3%E3%82%BB%E3%83%B3%E3%82%BF%E3%83%BC%20%E8%B6%8A%E5%89%8D%E7%94%BA
おた居宅介護支援センター,ケアマネジャー・居宅介護支援,福井県,越前町,"介護,ケアマネジャー・居宅介護支援,相談",介護サービスの計画作成や事業所調整を行う相談先です。退院後の生活準備で重要です。,https://ota.jadecom.or.jp/,福井県丹生郡越前町織田106-42-2,0778-36-0220,厚生労働省オープンデータ,https://www.mhlw.go.jp/content/12300000/jigyosho_430.csv,2025-12末,https://www.google.com/search?q=%E3%81%8A%E3%81%9F%E5%B1%85%E5%AE%85%E4%BB%8B%E8%AD%B7%E6%94%AF%E6%8F%B4%E3%82%BB%E3%83%B3%E3%82%BF%E3%83%BC%20%E8%B6%8A%E5%89%8D%E7%94%BA
美浜町居宅介護支援センター　湖岳の郷,ケアマネジャー・居宅介護支援,福井県,美浜町,"介護,ケアマネジャー・居宅介護支援,相談",介護サービスの計画作成や事業所調整を行う相談先です。退院後の生活準備で重要です。,http://kogakunosato.jp/tokuyou/tokuyou.html,福井県三方郡美浜町金山２－３－２７,0770-32-2083,厚生労働省オープンデータ,https://www.mhlw.go.jp/content/12300000/jigyosho_430.csv,2025-12末,https://www.google.com/search?q=%E7%BE%8E%E6%B5%9C%E7%94%BA%E5%B1%85%E5%AE%85%E4%BB%8B%E8%AD%B7%E6%94%AF%E6%8F%B4%E3%82%BB%E3%83%B3%E3%82%BF%E3%83%BC%E3%80%80%E6%B9%96%E5%B2%B3%E3%81%AE%E9%83%B7%20%E7%BE%8E%E6%B5%9C%E7%94%BA
美浜町社会福祉協議会指定居宅介護支援事業所,ケアマネジャー・居宅介護支援,福井県,美浜町,"介護,ケアマネジャー・居宅介護支援,相談",介護サービスの計画作成や事業所調整を行う相談先です。退院後の生活準備で重要です。,http://www.mihamachoshakyo.com/,福井県三方郡美浜町佐柿13-5,0770-32-1160,厚生労働省オープンデータ,https://www.mhlw.go.jp/content/12300000/jigyosho_430.csv,2025-12末,https://www.google.com/search?q=%E7%BE%8E%E6%B5%9C%E7%94%BA%E7%A4%BE%E4%BC%9A%E7%A6%8F%E7%A5%89%E5%8D%94%E8%AD%B0%E4%BC%9A%E6%8C%87%E5%AE%9A%E5%B1%85%E5%AE%85%E4%BB%8B%E8%AD%B7%E6%94%AF%E6%8F%B4%E4%BA%8B%E6%A5%AD%E6%89%80%20%E7%BE%8E%E6%B5%9C%E7%94%BA
独立行政法人　地域医療機能推進機構　若狭高浜病院附属居宅介護支援センター,ケアマネジャー・居宅介護支援,福井県,高浜町,"介護,ケアマネジャー・居宅介護支援,相談",介護サービスの計画作成や事業所調整を行う相談先です。退院後の生活準備で重要です。,http://takahama.jcho.go.jp/rouken/,大飯郡高浜町宮崎８７－１４－２,0770-72-5119,厚生労働省オープンデータ,https://www.mhlw.go.jp/content/12300000/jigyosho_430.csv,2025-12末,https://www.google.com/search?q=%E7%8B%AC%E7%AB%8B%E8%A1%8C%E6%94%BF%E6%B3%95%E4%BA%BA%E3%80%80%E5%9C%B0%E5%9F%9F%E5%8C%BB%E7%99%82%E6%A9%9F%E8%83%BD%E6%8E%A8%E9%80%B2%E6%A9%9F%E6%A7%8B%E3%80%80%E8%8B%A5%E7%8B%AD%E9%AB%98%E6%B5%9C%E7%97%85%E9%99%A2%E9%99%84%E5%B1%9E%E5%B1%85%E5%AE%85%E4%BB%8B%E8%AD%B7%E6%94%AF%E6%8F%B4%E3%82%BB%E3%83%B3%E3%82%BF%E3%83%BC%20%E9%AB%98%E6%B5%9C%E7%94%BA
高浜町社会福祉協議会　指定居宅介護支援事業所,ケアマネジャー・居宅介護支援,福井県,高浜町,"介護,ケアマネジャー・居宅介護支援,相談",介護サービスの計画作成や事業所調整を行う相談先です。退院後の生活準備で重要です。,http://takahamashakyou.sunnyday.jp/,福井県大飯郡高浜町緑ヶ丘1-1-1高浜町社会福祉センター,0770-72-2389,厚生労働省オープンデータ,https://www.mhlw.go.jp/content/12300000/jigyosho_430.csv,2025-12末,https://www.google.com/search?q=%E9%AB%98%E6%B5%9C%E7%94%BA%E7%A4%BE%E4%BC%9A%E7%A6%8F%E7%A5%89%E5%8D%94%E8%AD%B0%E4%BC%9A%E3%80%80%E6%8C%87%E5%AE%9A%E5%B1%85%E5%AE%85%E4%BB%8B%E8%AD%B7%E6%94%AF%E6%8F%B4%E4%BA%8B%E6%A5%AD%E6%89%80%20%E9%AB%98%E6%B5%9C%E7%94%BA
高浜けいあいの里居宅介護支援事業所,ケアマネジャー・居宅介護支援,福井県,高浜町,"介護,ケアマネジャー・居宅介護支援,相談",介護サービスの計画作成や事業所調整を行う相談先です。退院後の生活準備で重要です。,http://www.yukokai.or.jp/,福井県大飯郡高浜町和田168-22,0770-71-1022,厚生労働省オープンデータ,https://www.mhlw.go.jp/content/12300000/jigyosho_430.csv,2025-12末,https://www.google.com/search?q=%E9%AB%98%E6%B5%9C%E3%81%91%E3%81%84%E3%81%82%E3%81%84%E3%81%AE%E9%87%8C%E5%B1%85%E5%AE%85%E4%BB%8B%E8%AD%B7%E6%94%AF%E6%8F%B4%E4%BA%8B%E6%A5%AD%E6%89%80%20%E9%AB%98%E6%B5%9C%E7%94%BA
居宅介護支援　グっとサポート,ケアマネジャー・居宅介護支援,福井県,高浜町,"介護,ケアマネジャー・居宅介護支援,相談",介護サービスの計画作成や事業所調整を行う相談先です。退院後の生活準備で重要です。,https://g-support-takahama.com/,福井県大飯郡高浜町薗部49-3,0770-72-3107,厚生労働省オープンデータ,https://www.mhlw.go.jp/content/12300000/jigyosho_430.csv,2025-12末,https://www.google.com/search?q=%E5%B1%85%E5%AE%85%E4%BB%8B%E8%AD%B7%E6%94%AF%E6%8F%B4%E3%80%80%E3%82%B0%E3%81%A3%E3%81%A8%E3%82%B5%E3%83%9D%E3%83%BC%E3%83%88%20%E9%AB%98%E6%B5%9C%E7%94%BA
指定居宅介護支援事業所　和,ケアマネジャー・居宅介護支援,福井県,高浜町,"介護,ケアマネジャー・居宅介護支援,相談",介護サービスの計画作成や事業所調整を行う相談先です。退院後の生活準備で重要です。,http://nagomi-takahama.com,福井県大飯郡高浜町和田117-91-2,0770-72-2151,厚生労働省オープンデータ,https://www.mhlw.go.jp/content/12300000/jigyosho_430.csv,2025-12末,https://www.google.com/search?q=%E6%8C%87%E5%AE%9A%E5%B1%85%E5%AE%85%E4%BB%8B%E8%AD%B7%E6%94%AF%E6%8F%B4%E4%BA%8B%E6%A5%AD%E6%89%80%E3%80%80%E5%92%8C%20%E9%AB%98%E6%B5%9C%E7%94%BA
株式会社高浜ケアサポート居宅介護支援事業所,ケアマネジャー・居宅介護支援,福井県,高浜町,"介護,ケアマネジャー・居宅介護支援,相談",介護サービスの計画作成や事業所調整を行う相談先です。退院後の生活準備で重要です。,https://www.google.com/search?q=%E6%A0%AA%E5%BC%8F%E4%BC%9A%E7%A4%BE%E9%AB%98%E6%B5%9C%E3%82%B1%E3%82%A2%E3%82%B5%E3%83%9D%E3%83%BC%E3%83%88%E5%B1%85%E5%AE%85%E4%BB%8B%E8%AD%B7%E6%94%AF%E6%8F%B4%E4%BA%8B%E6%A5%AD%E6%89%80%20%E9%AB%98%E6%B5%9C%E7%94%BA,福井県大飯郡高浜町小和田第64号3番地,0770-72-7355,厚生労働省オープンデータ,https://www.mhlw.go.jp/content/12300000/jigyosho_430.csv,2025-12末,https://www.google.com/search?q=%E6%A0%AA%E5%BC%8F%E4%BC%9A%E7%A4%BE%E9%AB%98%E6%B5%9C%E3%82%B1%E3%82%A2%E3%82%B5%E3%83%9D%E3%83%BC%E3%83%88%E5%B1%85%E5%AE%85%E4%BB%8B%E8%AD%B7%E6%94%AF%E6%8F%B4%E4%BA%8B%E6%A5%AD%E6%89%80%20%E9%AB%98%E6%B5%9C%E7%94%BA
おおい町社会福祉協議会指定居宅介護支援事業所,ケアマネジャー・居宅介護支援,福井県,おおい町,"介護,ケアマネジャー・居宅介護支援,相談",介護サービスの計画作成や事業所調整を行う相談先です。退院後の生活準備で重要です。,http://ohi-syakyo.or.jp/,福井県大飯郡おおい町名田庄下第6号1番地あっとほ～むいきいき館,0770-67-2318,厚生労働省オープンデータ,https://www.mhlw.go.jp/content/12300000/jigyosho_430.csv,2025-12末,https://www.google.com/search?q=%E3%81%8A%E3%81%8A%E3%81%84%E7%94%BA%E7%A4%BE%E4%BC%9A%E7%A6%8F%E7%A5%89%E5%8D%94%E8%AD%B0%E4%BC%9A%E6%8C%87%E5%AE%9A%E5%B1%85%E5%AE%85%E4%BB%8B%E8%AD%B7%E6%94%AF%E6%8F%B4%E4%BA%8B%E6%A5%AD%E6%89%80%20%E3%81%8A%E3%81%8A%E3%81%84%E7%94%BA
居宅介護支援事業所わらく,ケアマネジャー・居宅介護支援,福井県,若狭町,"介護,ケアマネジャー・居宅介護支援,相談",介護サービスの計画作成や事業所調整を行う相談先です。退院後の生活準備で重要です。,http://www.s-a-care.co.jp,福井県三方上中郡若狭町有田第11号20番地の10わらく,0770-64-1030,厚生労働省オープンデータ,https://www.mhlw.go.jp/content/12300000/jigyosho_430.csv,2025-12末,https://www.google.com/search?q=%E5%B1%85%E5%AE%85%E4%BB%8B%E8%AD%B7%E6%94%AF%E6%8F%B4%E4%BA%8B%E6%A5%AD%E6%89%80%E3%82%8F%E3%82%89%E3%81%8F%20%E8%8B%A5%E7%8B%AD%E7%94%BA
ふらむはぁとリハマネジメント十村,ケアマネジャー・居宅介護支援,福井県,若狭町,"介護,ケアマネジャー・居宅介護支援,相談",介護サービスの計画作成や事業所調整を行う相談先です。退院後の生活準備で重要です。,https://www.google.com/search?q=%E3%81%B5%E3%82%89%E3%82%80%E3%81%AF%E3%81%81%E3%81%A8%E3%83%AA%E3%83%8F%E3%83%9E%E3%83%8D%E3%82%B8%E3%83%A1%E3%83%B3%E3%83%88%E5%8D%81%E6%9D%91%20%E8%8B%A5%E7%8B%AD%E7%94%BA,福井県三方上中郡若狭町井崎47-2-1リリ・オキュペ,0770-45-3311,厚生労働省オープンデータ,https://www.mhlw.go.jp/content/12300000/jigyosho_430.csv,2025-12末,https://www.google.com/search?q=%E3%81%B5%E3%82%89%E3%82%80%E3%81%AF%E3%81%81%E3%81%A8%E3%83%AA%E3%83%8F%E3%83%9E%E3%83%8D%E3%82%B8%E3%83%A1%E3%83%B3%E3%83%88%E5%8D%81%E6%9D%91%20%E8%8B%A5%E7%8B%AD%E7%94%BA
レイクヒルズ美方病院　指定居宅介護支援事業所,ケアマネジャー・居宅介護支援,福井県,若狭町,"介護,ケアマネジャー・居宅介護支援,相談",介護サービスの計画作成や事業所調整を行う相談先です。退院後の生活準備で重要です。,http://www.obamahp-wakasa.jp/reiku/index.htm,福井県三方上中郡若狭町気山315-1-9レイクヒルズ美方病院　在宅支援室内,0770-45-1131,厚生労働省オープンデータ,https://www.mhlw.go.jp/content/12300000/jigyosho_430.csv,2025-12末,https://www.google.com/search?q=%E3%83%AC%E3%82%A4%E3%82%AF%E3%83%92%E3%83%AB%E3%82%BA%E7%BE%8E%E6%96%B9%E7%97%85%E9%99%A2%E3%80%80%E6%8C%87%E5%AE%9A%E5%B1%85%E5%AE%85%E4%BB%8B%E8%AD%B7%E6%94%AF%E6%8F%B4%E4%BA%8B%E6%A5%AD%E6%89%80%20%E8%8B%A5%E7%8B%AD%E7%94%BA
ふらむはぁとリハマネジメント若狭,ケアマネジャー・居宅介護支援,福井県,若狭町,"介護,ケアマネジャー・居宅介護支援,相談",介護サービスの計画作成や事業所調整を行う相談先です。退院後の生活準備で重要です。,https://rerephysio.com/facility003/,福井県三方上中郡若狭町井崎４７－２－１,080-9405-3956,厚生労働省オープンデータ,https://www.mhlw.go.jp/content/12300000/jigyosho_430.csv,2025-12末,https://www.google.com/search?q=%E3%81%B5%E3%82%89%E3%82%80%E3%81%AF%E3%81%81%E3%81%A8%E3%83%AA%E3%83%8F%E3%83%9E%E3%83%8D%E3%82%B8%E3%83%A1%E3%83%B3%E3%83%88%E8%8B%A5%E7%8B%AD%20%E8%8B%A5%E7%8B%AD%E7%94%BA
介護老人保健施設ゆなみ　指定居宅介護支援事業所,ケアマネジャー・居宅介護支援,福井県,若狭町,"介護,ケアマネジャー・居宅介護支援,相談",介護サービスの計画作成や事業所調整を行う相談先です。退院後の生活準備で重要です。,http://www.tsurugaonsen-hp.or.jp/yunami/,福井県三方上中郡若狭町岩屋61-31,0770-45-3207,厚生労働省オープンデータ,https://www.mhlw.go.jp/content/12300000/jigyosho_430.csv,2025-12末,https://www.google.com/search?q=%E4%BB%8B%E8%AD%B7%E8%80%81%E4%BA%BA%E4%BF%9D%E5%81%A5%E6%96%BD%E8%A8%AD%E3%82%86%E3%81%AA%E3%81%BF%E3%80%80%E6%8C%87%E5%AE%9A%E5%B1%85%E5%AE%85%E4%BB%8B%E8%AD%B7%E6%94%AF%E6%8F%B4%E4%BA%8B%E6%A5%AD%E6%89%80%20%E8%8B%A5%E7%8B%AD%E7%94%BA
居宅介護支援事業所　わかさ,ケアマネジャー・居宅介護支援,福井県,若狭町,"介護,ケアマネジャー・居宅介護支援,相談",介護サービスの計画作成や事業所調整を行う相談先です。退院後の生活準備で重要です。,http://www.w-shakyo.or.jp/,福井県三方上中郡若狭町井崎40-80,0770-45-2837,厚生労働省オープンデータ,https://www.mhlw.go.jp/content/12300000/jigyosho_430.csv,2025-12末,https://www.google.com/search?q=%E5%B1%85%E5%AE%85%E4%BB%8B%E8%AD%B7%E6%94%AF%E6%8F%B4%E4%BA%8B%E6%A5%AD%E6%89%80%E3%80%80%E3%82%8F%E3%81%8B%E3%81%95%20%E8%8B%A5%E7%8B%AD%E7%94%BA
社会福祉法人松寿会　指定居宅介護支援事業所　松寿苑,ケアマネジャー・居宅介護支援,福井県,若狭町,"介護,ケアマネジャー・居宅介護支援,相談",介護サービスの計画作成や事業所調整を行う相談先です。退院後の生活準備で重要です。,http://shojukai.jp/,福井県三方上中郡若狭町井ノ口３２－６－１,0770-62-0100,厚生労働省オープンデータ,https://www.mhlw.go.jp/content/12300000/jigyosho_430.csv,2025-12末,https://www.google.com/search?q=%E7%A4%BE%E4%BC%9A%E7%A6%8F%E7%A5%89%E6%B3%95%E4%BA%BA%E6%9D%BE%E5%AF%BF%E4%BC%9A%E3%80%80%E6%8C%87%E5%AE%9A%E5%B1%85%E5%AE%85%E4%BB%8B%E8%AD%B7%E6%94%AF%E6%8F%B4%E4%BA%8B%E6%A5%AD%E6%89%80%E3%80%80%E6%9D%BE%E5%AF%BF%E8%8B%91%20%E8%8B%A5%E7%8B%AD%E7%94%BA
支援センターよりどころ,ケアマネジャー・居宅介護支援,福井県,若狭町,"介護,ケアマネジャー・居宅介護支援,相談",介護サービスの計画作成や事業所調整を行う相談先です。退院後の生活準備で重要です。,https://www.yoridokoro2020.com/,福井県三方上中郡若狭町井ノ口第26号5番地の19サンポートスリーム203号,0770-62-1828,厚生労働省オープンデータ,https://www.mhlw.go.jp/content/12300000/jigyosho_430.csv,2025-12末,https://www.google.com/search?q=%E6%94%AF%E6%8F%B4%E3%82%BB%E3%83%B3%E3%82%BF%E3%83%BC%E3%82%88%E3%82%8A%E3%81%A9%E3%81%93%E3%82%8D%20%E8%8B%A5%E7%8B%AD%E7%94%BA
居宅介護支援事業所わらく,ケアマネジャー・居宅介護支援,福井県,若狭町,"介護,ケアマネジャー・居宅介護支援,相談",介護サービスの計画作成や事業所調整を行う相談先です。退院後の生活準備で重要です。,http://www.s-a-care.co.jp,福井県三方上中郡若狭町有田第11号20番地の10,0770-64-1030,厚生労働省オープンデータ,https://www.mhlw.go.jp/content/12300000/jigyosho_430.csv,2025-12末,https://www.google.com/search?q=%E5%B1%85%E5%AE%85%E4%BB%8B%E8%AD%B7%E6%94%AF%E6%8F%B4%E4%BA%8B%E6%A5%AD%E6%89%80%E3%82%8F%E3%82%89%E3%81%8F%20%E8%8B%A5%E7%8B%AD%E7%94%BA
特別養護老人ホーム　愛寿苑,特別養護老人ホーム,福井県,福井市,"介護,特別養護老人ホーム,入所",常時介護が必要で在宅生活が難しい方の生活の場となる施設です。入所条件や待機状況を確認します。,http://www.aijuen.com/,福井市若杉2丁目601,0776-34-5100,厚生労働省オープンデータ,https://www.mhlw.go.jp/content/12300000/jigyosho_510.csv,2025-12末,https://www.google.com/search?q=%E7%89%B9%E5%88%A5%E9%A4%8A%E8%AD%B7%E8%80%81%E4%BA%BA%E3%83%9B%E3%83%BC%E3%83%A0%E3%80%80%E6%84%9B%E5%AF%BF%E8%8B%91%20%E7%A6%8F%E4%BA%95%E5%B8%82
特別養護老人ホームあさくら苑,特別養護老人ホーム,福井県,福井市,"介護,特別養護老人ホーム,入所",常時介護が必要で在宅生活が難しい方の生活の場となる施設です。入所条件や待機状況を確認します。,http://www.asakuraen.jp,福井市下六条町18-32,0776-41-8400,厚生労働省オープンデータ,https://www.mhlw.go.jp/content/12300000/jigyosho_510.csv,2025-12末,https://www.google.com/search?q=%E7%89%B9%E5%88%A5%E9%A4%8A%E8%AD%B7%E8%80%81%E4%BA%BA%E3%83%9B%E3%83%BC%E3%83%A0%E3%81%82%E3%81%95%E3%81%8F%E3%82%89%E8%8B%91%20%E7%A6%8F%E4%BA%95%E5%B8%82
特別養護老人ホーム　藤島園,特別養護老人ホーム,福井県,福井市,"介護,特別養護老人ホーム,入所",常時介護が必要で在宅生活が難しい方の生活の場となる施設です。入所条件や待機状況を確認します。,http://www.fujishimaen.or.jp/,福井市高木中央3-1701,0776-52-1166,厚生労働省オープンデータ,https://www.mhlw.go.jp/content/12300000/jigyosho_510.csv,2025-12末,https://www.google.com/search?q=%E7%89%B9%E5%88%A5%E9%A4%8A%E8%AD%B7%E8%80%81%E4%BA%BA%E3%83%9B%E3%83%BC%E3%83%A0%E3%80%80%E8%97%A4%E5%B3%B6%E5%9C%92%20%E7%A6%8F%E4%BA%95%E5%B8%82
特別養護老人ホーム　高雄苑,特別養護老人ホーム,福井県,福井市,"介護,特別養護老人ホーム,入所",常時介護が必要で在宅生活が難しい方の生活の場となる施設です。入所条件や待機状況を確認します。,http://www.takaoen.jp,福井県福井市本堂町５１字３３番地,0776-37-0116,厚生労働省オープンデータ,https://www.mhlw.go.jp/content/12300000/jigyosho_510.csv,2025-12末,https://www.google.com/search?q=%E7%89%B9%E5%88%A5%E9%A4%8A%E8%AD%B7%E8%80%81%E4%BA%BA%E3%83%9B%E3%83%BC%E3%83%A0%E3%80%80%E9%AB%98%E9%9B%84%E8%8B%91%20%E7%A6%8F%E4%BA%95%E5%B8%82
特別養護老人ホーム　あさむつ苑,特別養護老人ホーム,福井県,福井市,"介護,特別養護老人ホーム,入所",常時介護が必要で在宅生活が難しい方の生活の場となる施設です。入所条件や待機状況を確認します。,http://www.asamutuen.jp/,福井市引目町第21号9番地の2,0776-38-9280,厚生労働省オープンデータ,https://www.mhlw.go.jp/content/12300000/jigyosho_510.csv,2025-12末,https://www.google.com/search?q=%E7%89%B9%E5%88%A5%E9%A4%8A%E8%AD%B7%E8%80%81%E4%BA%BA%E3%83%9B%E3%83%BC%E3%83%A0%E3%80%80%E3%81%82%E3%81%95%E3%82%80%E3%81%A4%E8%8B%91%20%E7%A6%8F%E4%BA%95%E5%B8%82
悠和園,特別養護老人ホーム,福井県,福井市,"介護,特別養護老人ホーム,入所",常時介護が必要で在宅生活が難しい方の生活の場となる施設です。入所条件や待機状況を確認します。,http://www.yuwaen.jp,福井市免鳥町22-74,0776-87-2161,厚生労働省オープンデータ,https://www.mhlw.go.jp/content/12300000/jigyosho_510.csv,2025-12末,https://www.google.com/search?q=%E6%82%A0%E5%92%8C%E5%9C%92%20%E7%A6%8F%E4%BA%95%E5%B8%82
特別養護老人ホーム宝珠苑,特別養護老人ホーム,福井県,福井市,"介護,特別養護老人ホーム,入所",常時介護が必要で在宅生活が難しい方の生活の場となる施設です。入所条件や待機状況を確認します。,http://www.houjuen.org/,福井市内山梨子町2-3-1,0776-83-1373,厚生労働省オープンデータ,https://www.mhlw.go.jp/content/12300000/jigyosho_510.csv,2025-12末,https://www.google.com/search?q=%E7%89%B9%E5%88%A5%E9%A4%8A%E8%AD%B7%E8%80%81%E4%BA%BA%E3%83%9B%E3%83%BC%E3%83%A0%E5%AE%9D%E7%8F%A0%E8%8B%91%20%E7%A6%8F%E4%BA%95%E5%B8%82
たんぽぽ苑,特別養護老人ホーム,福井県,福井市,"介護,特別養護老人ホーム,入所",常時介護が必要で在宅生活が難しい方の生活の場となる施設です。入所条件や待機状況を確認します。,https://www.tanpopoen-senjukai.com,福井市石盛３丁目３０１番地,0776-56-0992,厚生労働省オープンデータ,https://www.mhlw.go.jp/content/12300000/jigyosho_510.csv,2025-12末,https://www.google.com/search?q=%E3%81%9F%E3%82%93%E3%81%BD%E3%81%BD%E8%8B%91%20%E7%A6%8F%E4%BA%95%E5%B8%82
足羽利生苑,特別養護老人ホーム,福井県,福井市,"介護,特別養護老人ホーム,入所",常時介護が必要で在宅生活が難しい方の生活の場となる施設です。入所条件や待機状況を確認します。,http://www.asuwafukushikai.jp/,福井県福井市栂野町20-7,0776-41-3121,厚生労働省オープンデータ,https://www.mhlw.go.jp/content/12300000/jigyosho_510.csv,2025-12末,https://www.google.com/search?q=%E8%B6%B3%E7%BE%BD%E5%88%A9%E7%94%9F%E8%8B%91%20%E7%A6%8F%E4%BA%95%E5%B8%82
愛全園（従来型）,特別養護老人ホーム,福井県,福井市,"介護,特別養護老人ホーム,入所",常時介護が必要で在宅生活が難しい方の生活の場となる施設です。入所条件や待機状況を確認します。,http://www.asuwafukushikai.jp/aizenen/,福井県福井市丸山町40-7,0776-53-5411,厚生労働省オープンデータ,https://www.mhlw.go.jp/content/12300000/jigyosho_510.csv,2025-12末,https://www.google.com/search?q=%E6%84%9B%E5%85%A8%E5%9C%92%EF%BC%88%E5%BE%93%E6%9D%A5%E5%9E%8B%EF%BC%89%20%E7%A6%8F%E4%BA%95%E5%B8%82
介護老人福祉施設　文珠苑,特別養護老人ホーム,福井県,福井市,"介護,特別養護老人ホーム,入所",常時介護が必要で在宅生活が難しい方の生活の場となる施設です。入所条件や待機状況を確認します。,http://www.monjuen.com,福井県福井市北山町第35号5番地の１,0776-41-7500,厚生労働省オープンデータ,https://www.mhlw.go.jp/content/12300000/jigyosho_510.csv,2025-12末,https://www.google.com/search?q=%E4%BB%8B%E8%AD%B7%E8%80%81%E4%BA%BA%E7%A6%8F%E7%A5%89%E6%96%BD%E8%A8%AD%E3%80%80%E6%96%87%E7%8F%A0%E8%8B%91%20%E7%A6%8F%E4%BA%95%E5%B8%82
特別養護老人ホーム　美山貴寿苑,特別養護老人ホーム,福井県,福井市,"介護,特別養護老人ホーム,入所",常時介護が必要で在宅生活が難しい方の生活の場となる施設です。入所条件や待機状況を確認します。,https://miyamakijuen.jp/,福井市市波町３１－２,0776-96-4150,厚生労働省オープンデータ,https://www.mhlw.go.jp/content/12300000/jigyosho_510.csv,2025-12末,https://www.google.com/search?q=%E7%89%B9%E5%88%A5%E9%A4%8A%E8%AD%B7%E8%80%81%E4%BA%BA%E3%83%9B%E3%83%BC%E3%83%A0%E3%80%80%E7%BE%8E%E5%B1%B1%E8%B2%B4%E5%AF%BF%E8%8B%91%20%E7%A6%8F%E4%BA%95%E5%B8%82
すみれ荘,特別養護老人ホーム,福井県,福井市,"介護,特別養護老人ホーム,入所",常時介護が必要で在宅生活が難しい方の生活の場となる施設です。入所条件や待機状況を確認します。,www.s-shinseikai.jp,福井市島寺町８３－１,0776-98-5550,厚生労働省オープンデータ,https://www.mhlw.go.jp/content/12300000/jigyosho_510.csv,2025-12末,https://www.google.com/search?q=%E3%81%99%E3%81%BF%E3%82%8C%E8%8D%98%20%E7%A6%8F%E4%BA%95%E5%B8%82
こしの渚苑,特別養護老人ホーム,福井県,福井市,"介護,特別養護老人ホーム,入所",常時介護が必要で在宅生活が難しい方の生活の場となる施設です。入所条件や待機状況を確認します。,http://www.koshinonagisaen.com/,福井県福井市蒲生町1-90-1,0776-89-2110,厚生労働省オープンデータ,https://www.mhlw.go.jp/content/12300000/jigyosho_510.csv,2025-12末,https://www.google.com/search?q=%E3%81%93%E3%81%97%E3%81%AE%E6%B8%9A%E8%8B%91%20%E7%A6%8F%E4%BA%95%E5%B8%82
HOMETOWNコスモス,特別養護老人ホーム,福井県,福井市,"介護,特別養護老人ホーム,入所",常時介護が必要で在宅生活が難しい方の生活の場となる施設です。入所条件や待機状況を確認します。,http://www.ht-cosmos.or.jp/,福井県福井市帆谷町1字外山33,0776-38-1159,厚生労働省オープンデータ,https://www.mhlw.go.jp/content/12300000/jigyosho_510.csv,2025-12末,https://www.google.com/search?q=HOMETOWN%E3%82%B3%E3%82%B9%E3%83%A2%E3%82%B9%20%E7%A6%8F%E4%BA%95%E5%B8%82
モアヤング　こもれびホーム,特別養護老人ホーム,福井県,福井市,"介護,特別養護老人ホーム,入所",常時介護が必要で在宅生活が難しい方の生活の場となる施設です。入所条件や待機状況を確認します。,https://www.moreyoung.jp,福井県福井市和田中町東沖田30番地の１,0776-28-3787,厚生労働省オープンデータ,https://www.mhlw.go.jp/content/12300000/jigyosho_510.csv,2025-12末,https://www.google.com/search?q=%E3%83%A2%E3%82%A2%E3%83%A4%E3%83%B3%E3%82%B0%E3%80%80%E3%81%93%E3%82%82%E3%82%8C%E3%81%B3%E3%83%9B%E3%83%BC%E3%83%A0%20%E7%A6%8F%E4%BA%95%E5%B8%82
新田塚ハウス,特別養護老人ホーム,福井県,福井市,"介護,特別養護老人ホーム,入所",常時介護が必要で在宅生活が難しい方の生活の場となる施設です。入所条件や待機状況を確認します。,http://www.f-gh.jp/house/,福井県福井市江上町55-5,0776-59-1800,厚生労働省オープンデータ,https://www.mhlw.go.jp/content/12300000/jigyosho_510.csv,2025-12末,https://www.google.com/search?q=%E6%96%B0%E7%94%B0%E5%A1%9A%E3%83%8F%E3%82%A6%E3%82%B9%20%E7%A6%8F%E4%BA%95%E5%B8%82
愛全園（ユニット型）,特別養護老人ホーム,福井県,福井市,"介護,特別養護老人ホーム,入所",常時介護が必要で在宅生活が難しい方の生活の場となる施設です。入所条件や待機状況を確認します。,http://www.asuwafukushikai..jp/aizenen/,福井市丸山町40-7,0776-53-5411,厚生労働省オープンデータ,https://www.mhlw.go.jp/content/12300000/jigyosho_510.csv,2025-12末,https://www.google.com/search?q=%E6%84%9B%E5%85%A8%E5%9C%92%EF%BC%88%E3%83%A6%E3%83%8B%E3%83%83%E3%83%88%E5%9E%8B%EF%BC%89%20%E7%A6%8F%E4%BA%95%E5%B8%82
こしの渚苑（ユニット型）,特別養護老人ホーム,福井県,福井市,"介護,特別養護老人ホーム,入所",常時介護が必要で在宅生活が難しい方の生活の場となる施設です。入所条件や待機状況を確認します。,http://www.koshinonagisaen.com/,福井市蒲生町1-90-1こしの渚苑,0776-89-2110,厚生労働省オープンデータ,https://www.mhlw.go.jp/content/12300000/jigyosho_510.csv,2025-12末,https://www.google.com/search?q=%E3%81%93%E3%81%97%E3%81%AE%E6%B8%9A%E8%8B%91%EF%BC%88%E3%83%A6%E3%83%8B%E3%83%83%E3%83%88%E5%9E%8B%EF%BC%89%20%E7%A6%8F%E4%BA%95%E5%B8%82
山翠苑,特別養護老人ホーム,福井県,福井市,"介護,特別養護老人ホーム,入所",常時介護が必要で在宅生活が難しい方の生活の場となる施設です。入所条件や待機状況を確認します。,http://www.sansuien.jp/,福井市堅達町２４－１,0776-53-2586,厚生労働省オープンデータ,https://www.mhlw.go.jp/content/12300000/jigyosho_510.csv,2025-12末,https://www.google.com/search?q=%E5%B1%B1%E7%BF%A0%E8%8B%91%20%E7%A6%8F%E4%BA%95%E5%B8%82
特別養護老人ホーム　たぶのき,特別養護老人ホーム,福井県,福井市,"介護,特別養護老人ホーム,入所",常時介護が必要で在宅生活が難しい方の生活の場となる施設です。入所条件や待機状況を確認します。,http://fukui-youi.com/,大願寺3丁目3-6,0776-27-4140,厚生労働省オープンデータ,https://www.mhlw.go.jp/content/12300000/jigyosho_510.csv,2025-12末,https://www.google.com/search?q=%E7%89%B9%E5%88%A5%E9%A4%8A%E8%AD%B7%E8%80%81%E4%BA%BA%E3%83%9B%E3%83%BC%E3%83%A0%E3%80%80%E3%81%9F%E3%81%B6%E3%81%AE%E3%81%8D%20%E7%A6%8F%E4%BA%95%E5%B8%82
特別養護老人ホーム　　眞盛苑,特別養護老人ホーム,福井県,敦賀市,"介護,特別養護老人ホーム,入所",常時介護が必要で在宅生活が難しい方の生活の場となる施設です。入所条件や待機状況を確認します。,http://www.jishoukai.jp,福井県敦賀市莇生野90号3番,0770-21-6161,厚生労働省オープンデータ,https://www.mhlw.go.jp/content/12300000/jigyosho_510.csv,2025-12末,https://www.google.com/search?q=%E7%89%B9%E5%88%A5%E9%A4%8A%E8%AD%B7%E8%80%81%E4%BA%BA%E3%83%9B%E3%83%BC%E3%83%A0%E3%80%80%E3%80%80%E7%9C%9E%E7%9B%9B%E8%8B%91%20%E6%95%A6%E8%B3%80%E5%B8%82
常磐荘,特別養護老人ホーム,福井県,敦賀市,"介護,特別養護老人ホーム,入所",常時介護が必要で在宅生活が難しい方の生活の場となる施設です。入所条件や待機状況を確認します。,http://www.tokiwaso.jp/,福井県敦賀市金山５０号１９番地の１,0770-25-6960,厚生労働省オープンデータ,https://www.mhlw.go.jp/content/12300000/jigyosho_510.csv,2025-12末,https://www.google.com/search?q=%E5%B8%B8%E7%A3%90%E8%8D%98%20%E6%95%A6%E8%B3%80%E5%B8%82
特別養護老人ホーム　　眞盛苑,特別養護老人ホーム,福井県,敦賀市,"介護,特別養護老人ホーム,入所",常時介護が必要で在宅生活が難しい方の生活の場となる施設です。入所条件や待機状況を確認します。,http://www.jishoukai.jp,福井県敦賀市莇生野90号3番,0770-21-6161,厚生労働省オープンデータ,https://www.mhlw.go.jp/content/12300000/jigyosho_510.csv,2025-12末,https://www.google.com/search?q=%E7%89%B9%E5%88%A5%E9%A4%8A%E8%AD%B7%E8%80%81%E4%BA%BA%E3%83%9B%E3%83%BC%E3%83%A0%E3%80%80%E3%80%80%E7%9C%9E%E7%9B%9B%E8%8B%91%20%E6%95%A6%E8%B3%80%E5%B8%82
第2渓山荘ぽっぽ,特別養護老人ホーム,福井県,敦賀市,"介護,特別養護老人ホーム,入所",常時介護が必要で在宅生活が難しい方の生活の場となる施設です。入所条件や待機状況を確認します。,https://kjinkai.jp/facility/poppo,福井県敦賀市鉄輪町1丁目２－５７,0770-21-1515,厚生労働省オープンデータ,https://www.mhlw.go.jp/content/12300000/jigyosho_510.csv,2025-12末,https://www.google.com/search?q=%E7%AC%AC2%E6%B8%93%E5%B1%B1%E8%8D%98%E3%81%BD%E3%81%A3%E3%81%BD%20%E6%95%A6%E8%B3%80%E5%B8%82
特別養護老人ホーム　渓山荘,特別養護老人ホーム,福井県,敦賀市,"介護,特別養護老人ホーム,入所",常時介護が必要で在宅生活が難しい方の生活の場となる施設です。入所条件や待機状況を確認します。,http://www.keizansou.or.jp,福井県敦賀市中８１－１－５,0770-24-2288,厚生労働省オープンデータ,https://www.mhlw.go.jp/content/12300000/jigyosho_510.csv,2025-12末,https://www.google.com/search?q=%E7%89%B9%E5%88%A5%E9%A4%8A%E8%AD%B7%E8%80%81%E4%BA%BA%E3%83%9B%E3%83%BC%E3%83%A0%E3%80%80%E6%B8%93%E5%B1%B1%E8%8D%98%20%E6%95%A6%E8%B3%80%E5%B8%82
特別養護老人ホーム　若狭ハイツ,特別養護老人ホーム,福井県,小浜市,"介護,特別養護老人ホーム,入所",常時介護が必要で在宅生活が難しい方の生活の場となる施設です。入所条件や待機状況を確認します。,http://wakasa-fukushikai.com,小浜市阿納尻第５９号９番地の１,0770-53-2940,厚生労働省オープンデータ,https://www.mhlw.go.jp/content/12300000/jigyosho_510.csv,2025-12末,https://www.google.com/search?q=%E7%89%B9%E5%88%A5%E9%A4%8A%E8%AD%B7%E8%80%81%E4%BA%BA%E3%83%9B%E3%83%BC%E3%83%A0%E3%80%80%E8%8B%A5%E7%8B%AD%E3%83%8F%E3%82%A4%E3%83%84%20%E5%B0%8F%E6%B5%9C%E5%B8%82
特別養護老人ホーム　もみじの里,特別養護老人ホーム,福井県,小浜市,"介護,特別養護老人ホーム,入所",常時介護が必要で在宅生活が難しい方の生活の場となる施設です。入所条件や待機状況を確認します。,http://www.momijist.jp/,福井県小浜市東勢11号3番,0770-52-0084,厚生労働省オープンデータ,https://www.mhlw.go.jp/content/12300000/jigyosho_510.csv,2025-12末,https://www.google.com/search?q=%E7%89%B9%E5%88%A5%E9%A4%8A%E8%AD%B7%E8%80%81%E4%BA%BA%E3%83%9B%E3%83%BC%E3%83%A0%E3%80%80%E3%82%82%E3%81%BF%E3%81%98%E3%81%AE%E9%87%8C%20%E5%B0%8F%E6%B5%9C%E5%B8%82
特別養護老人ホームひまわり荘,特別養護老人ホーム,福井県,小浜市,"介護,特別養護老人ホーム,入所",常時介護が必要で在宅生活が難しい方の生活の場となる施設です。入所条件や待機状況を確認します。,http://www.sekishin-himawari.or.jp/,福井県小浜市加茂2-52特別養護老人ホームひまわり荘,0770-57-2120,厚生労働省オープンデータ,https://www.mhlw.go.jp/content/12300000/jigyosho_510.csv,2025-12末,https://www.google.com/search?q=%E7%89%B9%E5%88%A5%E9%A4%8A%E8%AD%B7%E8%80%81%E4%BA%BA%E3%83%9B%E3%83%BC%E3%83%A0%E3%81%B2%E3%81%BE%E3%82%8F%E3%82%8A%E8%8D%98%20%E5%B0%8F%E6%B5%9C%E5%B8%82
福井県済生会聖和園,特別養護老人ホーム,福井県,大野市,"介護,特別養護老人ホーム,入所",常時介護が必要で在宅生活が難しい方の生活の場となる施設です。入所条件や待機状況を確認します。,http://www.saiseikai-seiwaen.jp/,福井県大野市蕨生158-35,0779-66-3307,厚生労働省オープンデータ,https://www.mhlw.go.jp/content/12300000/jigyosho_510.csv,2025-12末,https://www.google.com/search?q=%E7%A6%8F%E4%BA%95%E7%9C%8C%E6%B8%88%E7%94%9F%E4%BC%9A%E8%81%96%E5%92%8C%E5%9C%92%20%E5%A4%A7%E9%87%8E%E5%B8%82
特別養護老人ホーム大野和光園,特別養護老人ホーム,福井県,大野市,"介護,特別養護老人ホーム,入所",常時介護が必要で在宅生活が難しい方の生活の場となる施設です。入所条件や待機状況を確認します。,http://www.ono-wakouen.jp,福井県大野市篠座７９号１１番地,0779-66-2551,厚生労働省オープンデータ,https://www.mhlw.go.jp/content/12300000/jigyosho_510.csv,2025-12末,https://www.google.com/search?q=%E7%89%B9%E5%88%A5%E9%A4%8A%E8%AD%B7%E8%80%81%E4%BA%BA%E3%83%9B%E3%83%BC%E3%83%A0%E5%A4%A7%E9%87%8E%E5%92%8C%E5%85%89%E5%9C%92%20%E5%A4%A7%E9%87%8E%E5%B8%82
特別養護老人ホーム　大野和光園,特別養護老人ホーム,福井県,大野市,"介護,特別養護老人ホーム,入所",常時介護が必要で在宅生活が難しい方の生活の場となる施設です。入所条件や待機状況を確認します。,http://www.ono-wakouen.jp/,福井県大野市篠座７９号１１番地,0779-66-2551,厚生労働省オープンデータ,https://www.mhlw.go.jp/content/12300000/jigyosho_510.csv,2025-12末,https://www.google.com/search?q=%E7%89%B9%E5%88%A5%E9%A4%8A%E8%AD%B7%E8%80%81%E4%BA%BA%E3%83%9B%E3%83%BC%E3%83%A0%E3%80%80%E5%A4%A7%E9%87%8E%E5%92%8C%E5%85%89%E5%9C%92%20%E5%A4%A7%E9%87%8E%E5%B8%82
介護老人福祉施設　ビハーラ大野,特別養護老人ホーム,福井県,大野市,"介護,特別養護老人ホーム,入所",常時介護が必要で在宅生活が難しい方の生活の場となる施設です。入所条件や待機状況を確認します。,http://www.fuku-koumyouji.jp/,牛ヶ原154-1-1,0779-66-1850,厚生労働省オープンデータ,https://www.mhlw.go.jp/content/12300000/jigyosho_510.csv,2025-12末,https://www.google.com/search?q=%E4%BB%8B%E8%AD%B7%E8%80%81%E4%BA%BA%E7%A6%8F%E7%A5%89%E6%96%BD%E8%A8%AD%E3%80%80%E3%83%93%E3%83%8F%E3%83%BC%E3%83%A9%E5%A4%A7%E9%87%8E%20%E5%A4%A7%E9%87%8E%E5%B8%82
特別養護老人ホーム　さつき苑（従来型）,特別養護老人ホーム,福井県,勝山市,"介護,特別養護老人ホーム,入所",常時介護が必要で在宅生活が難しい方の生活の場となる施設です。入所条件や待機状況を確認します。,http://www.satsuki.or.jp/,福井県勝山市片瀬第１５号２２番地,0779-87-7711,厚生労働省オープンデータ,https://www.mhlw.go.jp/content/12300000/jigyosho_510.csv,2025-12末,https://www.google.com/search?q=%E7%89%B9%E5%88%A5%E9%A4%8A%E8%AD%B7%E8%80%81%E4%BA%BA%E3%83%9B%E3%83%BC%E3%83%A0%E3%80%80%E3%81%95%E3%81%A4%E3%81%8D%E8%8B%91%EF%BC%88%E5%BE%93%E6%9D%A5%E5%9E%8B%EF%BC%89%20%E5%8B%9D%E5%B1%B1%E5%B8%82
特別養護老人ホーム　さつき苑（ユニット型）,特別養護老人ホーム,福井県,勝山市,"介護,特別養護老人ホーム,入所",常時介護が必要で在宅生活が難しい方の生活の場となる施設です。入所条件や待機状況を確認します。,http://www.satsuki.or.jp/,福井県勝山市片瀬第１５号２２番地,0779-87-7711,厚生労働省オープンデータ,https://www.mhlw.go.jp/content/12300000/jigyosho_510.csv,2025-12末,https://www.google.com/search?q=%E7%89%B9%E5%88%A5%E9%A4%8A%E8%AD%B7%E8%80%81%E4%BA%BA%E3%83%9B%E3%83%BC%E3%83%A0%E3%80%80%E3%81%95%E3%81%A4%E3%81%8D%E8%8B%91%EF%BC%88%E3%83%A6%E3%83%8B%E3%83%83%E3%83%88%E5%9E%8B%EF%BC%89%20%E5%8B%9D%E5%B1%B1%E5%B8%82
シルバーケア九頭竜,特別養護老人ホーム,福井県,勝山市,"介護,特別養護老人ホーム,入所",常時介護が必要で在宅生活が難しい方の生活の場となる施設です。入所条件や待機状況を確認します。,https://kuzuryuworkshop.com/,福井県勝山市平泉寺町岩ヶ野第42号61番地,0779－87－3003,厚生労働省オープンデータ,https://www.mhlw.go.jp/content/12300000/jigyosho_510.csv,2025-12末,https://www.google.com/search?q=%E3%82%B7%E3%83%AB%E3%83%90%E3%83%BC%E3%82%B1%E3%82%A2%E4%B9%9D%E9%A0%AD%E7%AB%9C%20%E5%8B%9D%E5%B1%B1%E5%B8%82
特別養護老人ホームさくら荘,特別養護老人ホーム,福井県,勝山市,"介護,特別養護老人ホーム,入所",常時介護が必要で在宅生活が難しい方の生活の場となる施設です。入所条件や待機状況を確認します。,http://k-sakurasou.jp/,福井県勝山市北谷町中尾第13号16番地,0779-83-1331,厚生労働省オープンデータ,https://www.mhlw.go.jp/content/12300000/jigyosho_510.csv,2025-12末,https://www.google.com/search?q=%E7%89%B9%E5%88%A5%E9%A4%8A%E8%AD%B7%E8%80%81%E4%BA%BA%E3%83%9B%E3%83%BC%E3%83%A0%E3%81%95%E3%81%8F%E3%82%89%E8%8D%98%20%E5%8B%9D%E5%B1%B1%E5%B8%82
特別養護老人ホームことぶき荘,特別養護老人ホーム,福井県,鯖江市,"介護,特別養護老人ホーム,入所",常時介護が必要で在宅生活が難しい方の生活の場となる施設です。入所条件や待機状況を確認します。,http://www.touyoukai.or.jp,福井県鯖江市大野町3-1,0778-51-7780,厚生労働省オープンデータ,https://www.mhlw.go.jp/content/12300000/jigyosho_510.csv,2025-12末,https://www.google.com/search?q=%E7%89%B9%E5%88%A5%E9%A4%8A%E8%AD%B7%E8%80%81%E4%BA%BA%E3%83%9B%E3%83%BC%E3%83%A0%E3%81%93%E3%81%A8%E3%81%B6%E3%81%8D%E8%8D%98%20%E9%AF%96%E6%B1%9F%E5%B8%82
五岳園,特別養護老人ホーム,福井県,鯖江市,"介護,特別養護老人ホーム,入所",常時介護が必要で在宅生活が難しい方の生活の場となる施設です。入所条件や待機状況を確認します。,https://www.gogakuen.com/,福井県鯖江市漆原町20－8,0778-62-2220,厚生労働省オープンデータ,https://www.mhlw.go.jp/content/12300000/jigyosho_510.csv,2025-12末,https://www.google.com/search?q=%E4%BA%94%E5%B2%B3%E5%9C%92%20%E9%AF%96%E6%B1%9F%E5%B8%82
特別養護老人ホームことぶき荘,特別養護老人ホーム,福井県,鯖江市,"介護,特別養護老人ホーム,入所",常時介護が必要で在宅生活が難しい方の生活の場となる施設です。入所条件や待機状況を確認します。,http://www.touyoukai.or.jp,福井県鯖江市大野町3-1,0778-51-7780,厚生労働省オープンデータ,https://www.mhlw.go.jp/content/12300000/jigyosho_510.csv,2025-12末,https://www.google.com/search?q=%E7%89%B9%E5%88%A5%E9%A4%8A%E8%AD%B7%E8%80%81%E4%BA%BA%E3%83%9B%E3%83%BC%E3%83%A0%E3%81%93%E3%81%A8%E3%81%B6%E3%81%8D%E8%8D%98%20%E9%AF%96%E6%B1%9F%E5%B8%82
エレガントセニールガーデン,特別養護老人ホーム,福井県,鯖江市,"介護,特別養護老人ホーム,入所",常時介護が必要で在宅生活が難しい方の生活の場となる施設です。入所条件や待機状況を確認します。,https://www.google.com/search?q=%E3%82%A8%E3%83%AC%E3%82%AC%E3%83%B3%E3%83%88%E3%82%BB%E3%83%8B%E3%83%BC%E3%83%AB%E3%82%AC%E3%83%BC%E3%83%87%E3%83%B3%20%E9%AF%96%E6%B1%9F%E5%B8%82,福井県鯖江市吉江町31-7-1,0778-53-2772,厚生労働省オープンデータ,https://www.mhlw.go.jp/content/12300000/jigyosho_510.csv,2025-12末,https://www.google.com/search?q=%E3%82%A8%E3%83%AC%E3%82%AC%E3%83%B3%E3%83%88%E3%82%BB%E3%83%8B%E3%83%BC%E3%83%AB%E3%82%AC%E3%83%BC%E3%83%87%E3%83%B3%20%E9%AF%96%E6%B1%9F%E5%B8%82
あわら市金津雲雀ヶ丘寮介護老人福祉施設,特別養護老人ホーム,福井県,あわら市,"介護,特別養護老人ホーム,入所",常時介護が必要で在宅生活が難しい方の生活の場となる施設です。入所条件や待機状況を確認します。,http://www.awara-hibari.jp/,あわら市春宮3丁目28-21,0776-73-0144,厚生労働省オープンデータ,https://www.mhlw.go.jp/content/12300000/jigyosho_510.csv,2025-12末,https://www.google.com/search?q=%E3%81%82%E3%82%8F%E3%82%89%E5%B8%82%E9%87%91%E6%B4%A5%E9%9B%B2%E9%9B%80%E3%83%B6%E4%B8%98%E5%AF%AE%E4%BB%8B%E8%AD%B7%E8%80%81%E4%BA%BA%E7%A6%8F%E7%A5%89%E6%96%BD%E8%A8%AD%20%E3%81%82%E3%82%8F%E3%82%89%E5%B8%82
あわら市金津雲雀ヶ丘寮介護老人福祉施設,特別養護老人ホーム,福井県,あわら市,"介護,特別養護老人ホーム,入所",常時介護が必要で在宅生活が難しい方の生活の場となる施設です。入所条件や待機状況を確認します。,http://www.awara-hibari.jp/index.htm,あわら市春宮三丁目28-21,0776-73-0144,厚生労働省オープンデータ,https://www.mhlw.go.jp/content/12300000/jigyosho_510.csv,2025-12末,https://www.google.com/search?q=%E3%81%82%E3%82%8F%E3%82%89%E5%B8%82%E9%87%91%E6%B4%A5%E9%9B%B2%E9%9B%80%E3%83%B6%E4%B8%98%E5%AF%AE%E4%BB%8B%E8%AD%B7%E8%80%81%E4%BA%BA%E7%A6%8F%E7%A5%89%E6%96%BD%E8%A8%AD%20%E3%81%82%E3%82%8F%E3%82%89%E5%B8%82
特別養護老人ホーム　芦原メロン苑　（介護老人福祉施設）,特別養護老人ホーム,福井県,あわら市,"介護,特別養護老人ホーム,入所",常時介護が必要で在宅生活が難しい方の生活の場となる施設です。入所条件や待機状況を確認します。,http://www.meron-en.or.jp/,福井県あわら市井江葭50-18,0776-78-7880,厚生労働省オープンデータ,https://www.mhlw.go.jp/content/12300000/jigyosho_510.csv,2025-12末,https://www.google.com/search?q=%E7%89%B9%E5%88%A5%E9%A4%8A%E8%AD%B7%E8%80%81%E4%BA%BA%E3%83%9B%E3%83%BC%E3%83%A0%E3%80%80%E8%8A%A6%E5%8E%9F%E3%83%A1%E3%83%AD%E3%83%B3%E8%8B%91%E3%80%80%EF%BC%88%E4%BB%8B%E8%AD%B7%E8%80%81%E4%BA%BA%E7%A6%8F%E7%A5%89%E6%96%BD%E8%A8%AD%EF%BC%89%20%E3%81%82%E3%82%8F%E3%82%89%E5%B8%82
第３和上苑,特別養護老人ホーム,福井県,越前市,"介護,特別養護老人ホーム,入所",常時介護が必要で在宅生活が難しい方の生活の場となる施設です。入所条件や待機状況を確認します。,http://www.wakatake.ne.jp/,福井県越前市高木町12-7-1,0778-23-0700,厚生労働省オープンデータ,https://www.mhlw.go.jp/content/12300000/jigyosho_510.csv,2025-12末,https://www.google.com/search?q=%E7%AC%AC%EF%BC%93%E5%92%8C%E4%B8%8A%E8%8B%91%20%E8%B6%8A%E5%89%8D%E5%B8%82
第２和上苑,特別養護老人ホーム,福井県,越前市,"介護,特別養護老人ホーム,入所",常時介護が必要で在宅生活が難しい方の生活の場となる施設です。入所条件や待機状況を確認します。,http://www.wakatake.ne.jp,福井県越前市白崎町第34号2番地の１,0778-25-6400,厚生労働省オープンデータ,https://www.mhlw.go.jp/content/12300000/jigyosho_510.csv,2025-12末,https://www.google.com/search?q=%E7%AC%AC%EF%BC%92%E5%92%8C%E4%B8%8A%E8%8B%91%20%E8%B6%8A%E5%89%8D%E5%B8%82
第２水仙園,特別養護老人ホーム,福井県,越前市,"介護,特別養護老人ホーム,入所",常時介護が必要で在宅生活が難しい方の生活の場となる施設です。入所条件や待機状況を確認します。,http://www.suisenen.jp,福井県越前市萱谷町４－９－１,0778-27-2155,厚生労働省オープンデータ,https://www.mhlw.go.jp/content/12300000/jigyosho_510.csv,2025-12末,https://www.google.com/search?q=%E7%AC%AC%EF%BC%92%E6%B0%B4%E4%BB%99%E5%9C%92%20%E8%B6%8A%E5%89%8D%E5%B8%82
特別養護老人ホーム　メゾンいまだて,特別養護老人ホーム,福井県,越前市,"介護,特別養護老人ホーム,入所",常時介護が必要で在宅生活が難しい方の生活の場となる施設です。入所条件や待機状況を確認します。,http://www.mezon-f.com/,福井県越前市東樫尾町８番３８号,0778-43-1800,厚生労働省オープンデータ,https://www.mhlw.go.jp/content/12300000/jigyosho_510.csv,2025-12末,https://www.google.com/search?q=%E7%89%B9%E5%88%A5%E9%A4%8A%E8%AD%B7%E8%80%81%E4%BA%BA%E3%83%9B%E3%83%BC%E3%83%A0%E3%80%80%E3%83%A1%E3%82%BE%E3%83%B3%E3%81%84%E3%81%BE%E3%81%A0%E3%81%A6%20%E8%B6%8A%E5%89%8D%E5%B8%82
水仙園,特別養護老人ホーム,福井県,越前市,"介護,特別養護老人ホーム,入所",常時介護が必要で在宅生活が難しい方の生活の場となる施設です。入所条件や待機状況を確認します。,http://www.suisenen.jp,越前市萱谷町４－９－１,0778-27-2155,厚生労働省オープンデータ,https://www.mhlw.go.jp/content/12300000/jigyosho_510.csv,2025-12末,https://www.google.com/search?q=%E6%B0%B4%E4%BB%99%E5%9C%92%20%E8%B6%8A%E5%89%8D%E5%B8%82
介護老人福祉施設　豊楽園,特別養護老人ホーム,福井県,坂井市,"介護,特別養護老人ホーム,入所",常時介護が必要で在宅生活が難しい方の生活の場となる施設です。入所条件や待機状況を確認します。,https://s-fukushi.or.jp/hourakuen/,福井県坂井市坂井町下関42-2,0776-72-2630,厚生労働省オープンデータ,https://www.mhlw.go.jp/content/12300000/jigyosho_510.csv,2025-12末,https://www.google.com/search?q=%E4%BB%8B%E8%AD%B7%E8%80%81%E4%BA%BA%E7%A6%8F%E7%A5%89%E6%96%BD%E8%A8%AD%E3%80%80%E8%B1%8A%E6%A5%BD%E5%9C%92%20%E5%9D%82%E4%BA%95%E5%B8%82
特別養護老人ホーム　ガーデンハイツ春江,特別養護老人ホーム,福井県,坂井市,"介護,特別養護老人ホーム,入所",常時介護が必要で在宅生活が難しい方の生活の場となる施設です。入所条件や待機状況を確認します。,http://fj-g.jp/,福井県坂井市春江町針原４８－２８－１,0776-51-6233,厚生労働省オープンデータ,https://www.mhlw.go.jp/content/12300000/jigyosho_510.csv,2025-12末,https://www.google.com/search?q=%E7%89%B9%E5%88%A5%E9%A4%8A%E8%AD%B7%E8%80%81%E4%BA%BA%E3%83%9B%E3%83%BC%E3%83%A0%E3%80%80%E3%82%AC%E3%83%BC%E3%83%87%E3%83%B3%E3%83%8F%E3%82%A4%E3%83%84%E6%98%A5%E6%B1%9F%20%E5%9D%82%E4%BA%95%E5%B8%82
特別養護老人ホーム　ガーデンハイツ春江,特別養護老人ホーム,福井県,坂井市,"介護,特別養護老人ホーム,入所",常時介護が必要で在宅生活が難しい方の生活の場となる施設です。入所条件や待機状況を確認します。,http://fj-g.jp/,福井県坂井市春江町針原48-28-1,0776-51-6233,厚生労働省オープンデータ,https://www.mhlw.go.jp/content/12300000/jigyosho_510.csv,2025-12末,https://www.google.com/search?q=%E7%89%B9%E5%88%A5%E9%A4%8A%E8%AD%B7%E8%80%81%E4%BA%BA%E3%83%9B%E3%83%BC%E3%83%A0%E3%80%80%E3%82%AC%E3%83%BC%E3%83%87%E3%83%B3%E3%83%8F%E3%82%A4%E3%83%84%E6%98%A5%E6%B1%9F%20%E5%9D%82%E4%BA%95%E5%B8%82
介護老人福祉施設　長寿園（ユニット型）,特別養護老人ホーム,福井県,坂井市,"介護,特別養護老人ホーム,入所",常時介護が必要で在宅生活が難しい方の生活の場となる施設です。入所条件や待機状況を確認します。,http://www.choujuen.net/,福井県坂井市丸岡町八ケ郷２２－４,0776-66-6734,厚生労働省オープンデータ,https://www.mhlw.go.jp/content/12300000/jigyosho_510.csv,2025-12末,https://www.google.com/search?q=%E4%BB%8B%E8%AD%B7%E8%80%81%E4%BA%BA%E7%A6%8F%E7%A5%89%E6%96%BD%E8%A8%AD%E3%80%80%E9%95%B7%E5%AF%BF%E5%9C%92%EF%BC%88%E3%83%A6%E3%83%8B%E3%83%83%E3%83%88%E5%9E%8B%EF%BC%89%20%E5%9D%82%E4%BA%95%E5%B8%82
特別養護老人ホーム白楽荘,特別養護老人ホーム,福井県,坂井市,"介護,特別養護老人ホーム,入所",常時介護が必要で在宅生活が難しい方の生活の場となる施設です。入所条件や待機状況を確認します。,http://www.hakurakuso.com,福井県坂井市三国町梶49-18,0776-82-1282,厚生労働省オープンデータ,https://www.mhlw.go.jp/content/12300000/jigyosho_510.csv,2025-12末,https://www.google.com/search?q=%E7%89%B9%E5%88%A5%E9%A4%8A%E8%AD%B7%E8%80%81%E4%BA%BA%E3%83%9B%E3%83%BC%E3%83%A0%E7%99%BD%E6%A5%BD%E8%8D%98%20%E5%9D%82%E4%BA%95%E5%B8%82
ひかり苑,特別養護老人ホーム,福井県,永平寺町,"介護,特別養護老人ホーム,入所",常時介護が必要で在宅生活が難しい方の生活の場となる施設です。入所条件や待機状況を確認します。,http://www.hikarigroup.jp/hikarien/,福井県吉田郡永平寺町山王7-30,0776-64-3500,厚生労働省オープンデータ,https://www.mhlw.go.jp/content/12300000/jigyosho_510.csv,2025-12末,https://www.google.com/search?q=%E3%81%B2%E3%81%8B%E3%82%8A%E8%8B%91%20%E6%B0%B8%E5%B9%B3%E5%AF%BA%E7%94%BA
ひかり苑,特別養護老人ホーム,福井県,永平寺町,"介護,特別養護老人ホーム,入所",常時介護が必要で在宅生活が難しい方の生活の場となる施設です。入所条件や待機状況を確認します。,http://www.hikarigroup.jp/hikarien/,福井県吉田郡永平寺町山王7-30,0776-64-3500,厚生労働省オープンデータ,https://www.mhlw.go.jp/content/12300000/jigyosho_510.csv,2025-12末,https://www.google.com/search?q=%E3%81%B2%E3%81%8B%E3%82%8A%E8%8B%91%20%E6%B0%B8%E5%B9%B3%E5%AF%BA%E7%94%BA
永平寺ハウス,特別養護老人ホーム,福井県,永平寺町,"介護,特別養護老人ホーム,入所",常時介護が必要で在宅生活が難しい方の生活の場となる施設です。入所条件や待機状況を確認します。,https://www.fukusenkai.jp/,吉田郡永平寺町けやき台813-1,0776-63-4373,厚生労働省オープンデータ,https://www.mhlw.go.jp/content/12300000/jigyosho_510.csv,2025-12末,https://www.google.com/search?q=%E6%B0%B8%E5%B9%B3%E5%AF%BA%E3%83%8F%E3%82%A6%E3%82%B9%20%E6%B0%B8%E5%B9%B3%E5%AF%BA%E7%94%BA
アニス松岡,特別養護老人ホーム,福井県,永平寺町,"介護,特別養護老人ホーム,入所",常時介護が必要で在宅生活が難しい方の生活の場となる施設です。入所条件や待機状況を確認します。,http://www.taiyo-kai.jp/,福井県吉田郡永平寺町松岡椚第３１号７番地１,0776-61-0725,厚生労働省オープンデータ,https://www.mhlw.go.jp/content/12300000/jigyosho_510.csv,2025-12末,https://www.google.com/search?q=%E3%82%A2%E3%83%8B%E3%82%B9%E6%9D%BE%E5%B2%A1%20%E6%B0%B8%E5%B9%B3%E5%AF%BA%E7%94%BA
池田町幸寿苑,特別養護老人ホーム,福井県,池田町,"介護,特別養護老人ホーム,入所",常時介護が必要で在宅生活が難しい方の生活の場となる施設です。入所条件や待機状況を確認します。,http://www.kenrakukai.jp/,福井県今立郡池田町常安２０－５,0778-44-6110,厚生労働省オープンデータ,https://www.mhlw.go.jp/content/12300000/jigyosho_510.csv,2025-12末,https://www.google.com/search?q=%E6%B1%A0%E7%94%B0%E7%94%BA%E5%B9%B8%E5%AF%BF%E8%8B%91%20%E6%B1%A0%E7%94%B0%E7%94%BA
ほのぼの苑,特別養護老人ホーム,福井県,南越前町,"介護,特別養護老人ホーム,入所",常時介護が必要で在宅生活が難しい方の生活の場となる施設です。入所条件や待機状況を確認します。,http://www.honobono-en.com/,福井県南条郡南越前町鋳物師5-10-1,0778-47-2078,厚生労働省オープンデータ,https://www.mhlw.go.jp/content/12300000/jigyosho_510.csv,2025-12末,https://www.google.com/search?q=%E3%81%BB%E3%81%AE%E3%81%BC%E3%81%AE%E8%8B%91%20%E5%8D%97%E8%B6%8A%E5%89%8D%E7%94%BA
特別養護老人ホーム　丹生ケアセンターひまわり荘,特別養護老人ホーム,福井県,越前町,"介護,特別養護老人ホーム,入所",常時介護が必要で在宅生活が難しい方の生活の場となる施設です。入所条件や待機状況を確認します。,www.sekishin-himawari.or.jp,福井県丹生郡越前町四ツ杉3-10,0778-36-2170,厚生労働省オープンデータ,https://www.mhlw.go.jp/content/12300000/jigyosho_510.csv,2025-12末,https://www.google.com/search?q=%E7%89%B9%E5%88%A5%E9%A4%8A%E8%AD%B7%E8%80%81%E4%BA%BA%E3%83%9B%E3%83%BC%E3%83%A0%E3%80%80%E4%B8%B9%E7%94%9F%E3%82%B1%E3%82%A2%E3%82%BB%E3%83%B3%E3%82%BF%E3%83%BC%E3%81%B2%E3%81%BE%E3%82%8F%E3%82%8A%E8%8D%98%20%E8%B6%8A%E5%89%8D%E7%94%BA
ユニット型指定介護老人福祉施設　第三光が丘ハウス,特別養護老人ホーム,福井県,越前町,"介護,特別養護老人ホーム,入所",常時介護が必要で在宅生活が難しい方の生活の場となる施設です。入所条件や待機状況を確認します。,http://www.kodoen.or.jp,福井県丹生郡越前町朝日22字７-１,0778-34-1220,厚生労働省オープンデータ,https://www.mhlw.go.jp/content/12300000/jigyosho_510.csv,2025-12末,https://www.google.com/search?q=%E3%83%A6%E3%83%8B%E3%83%83%E3%83%88%E5%9E%8B%E6%8C%87%E5%AE%9A%E4%BB%8B%E8%AD%B7%E8%80%81%E4%BA%BA%E7%A6%8F%E7%A5%89%E6%96%BD%E8%A8%AD%E3%80%80%E7%AC%AC%E4%B8%89%E5%85%89%E3%81%8C%E4%B8%98%E3%83%8F%E3%82%A6%E3%82%B9%20%E8%B6%8A%E5%89%8D%E7%94%BA
特別養護老人ホーム　やすらぎ荘,特別養護老人ホーム,福井県,越前町,"介護,特別養護老人ホーム,入所",常時介護が必要で在宅生活が難しい方の生活の場となる施設です。入所条件や待機状況を確認します。,http://ota-yasuragikai.com,福井県丹生郡越前町織田１０２－８１,0778-36-1170,厚生労働省オープンデータ,https://www.mhlw.go.jp/content/12300000/jigyosho_510.csv,2025-12末,https://www.google.com/search?q=%E7%89%B9%E5%88%A5%E9%A4%8A%E8%AD%B7%E8%80%81%E4%BA%BA%E3%83%9B%E3%83%BC%E3%83%A0%E3%80%80%E3%82%84%E3%81%99%E3%82%89%E3%81%8E%E8%8D%98%20%E8%B6%8A%E5%89%8D%E7%94%BA
シルバーハイツ宮崎,特別養護老人ホーム,福井県,越前町,"介護,特別養護老人ホーム,入所",常時介護が必要で在宅生活が難しい方の生活の場となる施設です。入所条件や待機状況を確認します。,http://www.silver-h-miyazaki.jp/,福井県丹生郡越前町小曽原75-35,0778-32-3838,厚生労働省オープンデータ,https://www.mhlw.go.jp/content/12300000/jigyosho_510.csv,2025-12末,https://www.google.com/search?q=%E3%82%B7%E3%83%AB%E3%83%90%E3%83%BC%E3%83%8F%E3%82%A4%E3%83%84%E5%AE%AE%E5%B4%8E%20%E8%B6%8A%E5%89%8D%E7%94%BA
特別養護老人ホーム　海楽園,特別養護老人ホーム,福井県,越前町,"介護,特別養護老人ホーム,入所",常時介護が必要で在宅生活が難しい方の生活の場となる施設です。入所条件や待機状況を確認します。,http://echizen-kairakuen.jp,福井県丹生郡越前町米ノ46-1-1,0778-39-1800,厚生労働省オープンデータ,https://www.mhlw.go.jp/content/12300000/jigyosho_510.csv,2025-12末,https://www.google.com/search?q=%E7%89%B9%E5%88%A5%E9%A4%8A%E8%AD%B7%E8%80%81%E4%BA%BA%E3%83%9B%E3%83%BC%E3%83%A0%E3%80%80%E6%B5%B7%E6%A5%BD%E5%9C%92%20%E8%B6%8A%E5%89%8D%E7%94%BA
特別養護老人ホーム　湖岳の郷,特別養護老人ホーム,福井県,美浜町,"介護,特別養護老人ホーム,入所",常時介護が必要で在宅生活が難しい方の生活の場となる施設です。入所条件や待機状況を確認します。,https://www.kogakunosato.jp/,福井県三方郡美浜町金山2-3-27,0770-32-2082,厚生労働省オープンデータ,https://www.mhlw.go.jp/content/12300000/jigyosho_510.csv,2025-12末,https://www.google.com/search?q=%E7%89%B9%E5%88%A5%E9%A4%8A%E8%AD%B7%E8%80%81%E4%BA%BA%E3%83%9B%E3%83%BC%E3%83%A0%E3%80%80%E6%B9%96%E5%B2%B3%E3%81%AE%E9%83%B7%20%E7%BE%8E%E6%B5%9C%E7%94%BA
高浜けいあいの里,特別養護老人ホーム,福井県,高浜町,"介護,特別養護老人ホーム,入所",常時介護が必要で在宅生活が難しい方の生活の場となる施設です。入所条件や待機状況を確認します。,http://www.yukokai.or.jp,福井県大飯郡高浜町和田168－22,0770-71-1022,厚生労働省オープンデータ,https://www.mhlw.go.jp/content/12300000/jigyosho_510.csv,2025-12末,https://www.google.com/search?q=%E9%AB%98%E6%B5%9C%E3%81%91%E3%81%84%E3%81%82%E3%81%84%E3%81%AE%E9%87%8C%20%E9%AB%98%E6%B5%9C%E7%94%BA
楊梅苑,特別養護老人ホーム,福井県,おおい町,"介護,特別養護老人ホーム,入所",常時介護が必要で在宅生活が難しい方の生活の場となる施設です。入所条件や待機状況を確認します。,http://www.yu-aikai.or.jp/,福井県大飯郡おおい町野尻２８－３７,0770-77-1011,厚生労働省オープンデータ,https://www.mhlw.go.jp/content/12300000/jigyosho_510.csv,2025-12末,https://www.google.com/search?q=%E6%A5%8A%E6%A2%85%E8%8B%91%20%E3%81%8A%E3%81%8A%E3%81%84%E7%94%BA
松寿苑（ユニット型）,特別養護老人ホーム,福井県,若狭町,"介護,特別養護老人ホーム,入所",常時介護が必要で在宅生活が難しい方の生活の場となる施設です。入所条件や待機状況を確認します。,http://shojukai.jp/,福井県三方上中郡若狭町井ノ口32-6-1,0770-62-0100,厚生労働省オープンデータ,https://www.mhlw.go.jp/content/12300000/jigyosho_510.csv,2025-12末,https://www.google.com/search?q=%E6%9D%BE%E5%AF%BF%E8%8B%91%EF%BC%88%E3%83%A6%E3%83%8B%E3%83%83%E3%83%88%E5%9E%8B%EF%BC%89%20%E8%8B%A5%E7%8B%AD%E7%94%BA
松寿苑（従来型）,特別養護老人ホーム,福井県,若狭町,"介護,特別養護老人ホーム,入所",常時介護が必要で在宅生活が難しい方の生活の場となる施設です。入所条件や待機状況を確認します。,http://shojukai.jp/,福井県三方上中郡若狭町井ノ口32-6-1,0770-62-0100,厚生労働省オープンデータ,https://www.mhlw.go.jp/content/12300000/jigyosho_510.csv,2025-12末,https://www.google.com/search?q=%E6%9D%BE%E5%AF%BF%E8%8B%91%EF%BC%88%E5%BE%93%E6%9D%A5%E5%9E%8B%EF%BC%89%20%E8%8B%A5%E7%8B%AD%E7%94%BA
介護老人保健施設　ひかりケアホーム,介護老人保健施設,福井県,福井市,"介護,介護老人保健施設,リハビリ",病院退院後すぐ自宅へ戻るのが不安な場合に、リハビリをしながら在宅復帰を目指す施設です。,http://www.hikarigroup.jp,福井市板垣5丁目201,0776-33-1600,厚生労働省オープンデータ,https://www.mhlw.go.jp/content/12300000/jigyosho_520.csv,2025-12末,https://www.google.com/search?q=%E4%BB%8B%E8%AD%B7%E8%80%81%E4%BA%BA%E4%BF%9D%E5%81%A5%E6%96%BD%E8%A8%AD%E3%80%80%E3%81%B2%E3%81%8B%E3%82%8A%E3%82%B1%E3%82%A2%E3%83%9B%E3%83%BC%E3%83%A0%20%E7%A6%8F%E4%BA%95%E5%B8%82
介護老人保健施設　ヴィラ岩井,介護老人保健施設,福井県,福井市,"介護,介護老人保健施設,リハビリ",病院退院後すぐ自宅へ戻るのが不安な場合に、リハビリをしながら在宅復帰を目指す施設です。,http://www.horae.dti.ne.jp/~akio-i/,福井市日之出２丁目１３－２,0776-24-0177,厚生労働省オープンデータ,https://www.mhlw.go.jp/content/12300000/jigyosho_520.csv,2025-12末,https://www.google.com/search?q=%E4%BB%8B%E8%AD%B7%E8%80%81%E4%BA%BA%E4%BF%9D%E5%81%A5%E6%96%BD%E8%A8%AD%E3%80%80%E3%83%B4%E3%82%A3%E3%83%A9%E5%B2%A9%E4%BA%95%20%E7%A6%8F%E4%BA%95%E5%B8%82
介護老人保健施設　アルマ千寿,介護老人保健施設,福井県,福井市,"介護,介護老人保健施設,リハビリ",病院退院後すぐ自宅へ戻るのが不安な場合に、リハビリをしながら在宅復帰を目指す施設です。,http://www.senjukai.com,福井県福井市川合鷲塚町４９－５,0776-55-1600,厚生労働省オープンデータ,https://www.mhlw.go.jp/content/12300000/jigyosho_520.csv,2025-12末,https://www.google.com/search?q=%E4%BB%8B%E8%AD%B7%E8%80%81%E4%BA%BA%E4%BF%9D%E5%81%A5%E6%96%BD%E8%A8%AD%E3%80%80%E3%82%A2%E3%83%AB%E3%83%9E%E5%8D%83%E5%AF%BF%20%E7%A6%8F%E4%BA%95%E5%B8%82
新田塚ハイツ,介護老人保健施設,福井県,福井市,"介護,介護老人保健施設,リハビリ",病院退院後すぐ自宅へ戻るのが不安な場合に、リハビリをしながら在宅復帰を目指す施設です。,https://www.f-gh.jp/househeights/househeights.html,福井市新田塚町５０６番地,0776-22-8367,厚生労働省オープンデータ,https://www.mhlw.go.jp/content/12300000/jigyosho_520.csv,2025-12末,https://www.google.com/search?q=%E6%96%B0%E7%94%B0%E5%A1%9A%E3%83%8F%E3%82%A4%E3%83%84%20%E7%A6%8F%E4%BA%95%E5%B8%82
福井県済生会介護老人保健施設　ケアホームさいせい,介護老人保健施設,福井県,福井市,"介護,介護老人保健施設,リハビリ",病院退院後すぐ自宅へ戻るのが不安な場合に、リハビリをしながら在宅復帰を目指す施設です。,https://carehomesaisei-fukui-saiseikai.com,福井市和田中町徳万28,0776-30-7660,厚生労働省オープンデータ,https://www.mhlw.go.jp/content/12300000/jigyosho_520.csv,2025-12末,https://www.google.com/search?q=%E7%A6%8F%E4%BA%95%E7%9C%8C%E6%B8%88%E7%94%9F%E4%BC%9A%E4%BB%8B%E8%AD%B7%E8%80%81%E4%BA%BA%E4%BF%9D%E5%81%A5%E6%96%BD%E8%A8%AD%E3%80%80%E3%82%B1%E3%82%A2%E3%83%9B%E3%83%BC%E3%83%A0%E3%81%95%E3%81%84%E3%81%9B%E3%81%84%20%E7%A6%8F%E4%BA%95%E5%B8%82
介護老人保健施設　あじさい,介護老人保健施設,福井県,福井市,"介護,介護老人保健施設,リハビリ",病院退院後すぐ自宅へ戻るのが不安な場合に、リハビリをしながら在宅復帰を目指す施設です。,http://www.kotobukinokai.com/ajisai,福井県福井市西下野町１５－１２,0776-33-5911,厚生労働省オープンデータ,https://www.mhlw.go.jp/content/12300000/jigyosho_520.csv,2025-12末,https://www.google.com/search?q=%E4%BB%8B%E8%AD%B7%E8%80%81%E4%BA%BA%E4%BF%9D%E5%81%A5%E6%96%BD%E8%A8%AD%E3%80%80%E3%81%82%E3%81%98%E3%81%95%E3%81%84%20%E7%A6%8F%E4%BA%95%E5%B8%82
介護療養型老人保健施設　さくら,介護老人保健施設,福井県,福井市,"介護,介護老人保健施設,リハビリ",病院退院後すぐ自宅へ戻るのが不安な場合に、リハビリをしながら在宅復帰を目指す施設です。,https://www.sensuikai.jp/sakura/,福井市花堂東2丁目408番地,0776-34-3500,厚生労働省オープンデータ,https://www.mhlw.go.jp/content/12300000/jigyosho_520.csv,2025-12末,https://www.google.com/search?q=%E4%BB%8B%E8%AD%B7%E7%99%82%E9%A4%8A%E5%9E%8B%E8%80%81%E4%BA%BA%E4%BF%9D%E5%81%A5%E6%96%BD%E8%A8%AD%E3%80%80%E3%81%95%E3%81%8F%E3%82%89%20%E7%A6%8F%E4%BA%95%E5%B8%82
ひかりケアホーム,介護老人保健施設,福井県,福井市,"介護,介護老人保健施設,リハビリ",病院退院後すぐ自宅へ戻るのが不安な場合に、リハビリをしながら在宅復帰を目指す施設です。,hikaricare@hikarigroup.jp,板垣５丁目２０１奥村病院・ひかりケアホーム,0776-33-1600,厚生労働省オープンデータ,https://www.mhlw.go.jp/content/12300000/jigyosho_520.csv,2025-12末,https://www.google.com/search?q=%E3%81%B2%E3%81%8B%E3%82%8A%E3%82%B1%E3%82%A2%E3%83%9B%E3%83%BC%E3%83%A0%20%E7%A6%8F%E4%BA%95%E5%B8%82
介護老人保健施設　福井ケアセンター,介護老人保健施設,福井県,福井市,"介護,介護老人保健施設,リハビリ",病院退院後すぐ自宅へ戻るのが不安な場合に、リハビリをしながら在宅復帰を目指す施設です。,http://www.otaki-hp.or.jp/group/fukui-carecenter/,福井県福井市乾徳４丁目５番８号,0776-26-5155,厚生労働省オープンデータ,https://www.mhlw.go.jp/content/12300000/jigyosho_520.csv,2025-12末,https://www.google.com/search?q=%E4%BB%8B%E8%AD%B7%E8%80%81%E4%BA%BA%E4%BF%9D%E5%81%A5%E6%96%BD%E8%A8%AD%E3%80%80%E7%A6%8F%E4%BA%95%E3%82%B1%E3%82%A2%E3%82%BB%E3%83%B3%E3%82%BF%E3%83%BC%20%E7%A6%8F%E4%BA%95%E5%B8%82
九頭竜長生苑,介護老人保健施設,福井県,福井市,"介護,介護老人保健施設,リハビリ",病院退院後すぐ自宅へ戻るのが不安な場合に、リハビリをしながら在宅復帰を目指す施設です。,http://fukusenkai.jp/,福井県福井市寺前町２－２－２,0776-54-4681,厚生労働省オープンデータ,https://www.mhlw.go.jp/content/12300000/jigyosho_520.csv,2025-12末,https://www.google.com/search?q=%E4%B9%9D%E9%A0%AD%E7%AB%9C%E9%95%B7%E7%94%9F%E8%8B%91%20%E7%A6%8F%E4%BA%95%E5%B8%82
小規模サテライト型介護老人保健施設　「気比の風」,介護老人保健施設,福井県,敦賀市,"介護,介護老人保健施設,リハビリ",病院退院後すぐ自宅へ戻るのが不安な場合に、リハビリをしながら在宅復帰を目指す施設です。,https://meihoukai.com/service/kehinokaze/,福井県敦賀市津内町３丁目６－２１,0770-20-0211,厚生労働省オープンデータ,https://www.mhlw.go.jp/content/12300000/jigyosho_520.csv,2025-12末,https://www.google.com/search?q=%E5%B0%8F%E8%A6%8F%E6%A8%A1%E3%82%B5%E3%83%86%E3%83%A9%E3%82%A4%E3%83%88%E5%9E%8B%E4%BB%8B%E8%AD%B7%E8%80%81%E4%BA%BA%E4%BF%9D%E5%81%A5%E6%96%BD%E8%A8%AD%E3%80%80%E3%80%8C%E6%B0%97%E6%AF%94%E3%81%AE%E9%A2%A8%E3%80%8D%20%E6%95%A6%E8%B3%80%E5%B8%82
湯の里ナーシングホーム,介護老人保健施設,福井県,敦賀市,"介護,介護老人保健施設,リハビリ",病院退院後すぐ自宅へ戻るのが不安な場合に、リハビリをしながら在宅復帰を目指す施設です。,http://yunosato.jimdo.com/,福井県敦賀市中８１号岩ケ鼻1-11,0770-22-4400,厚生労働省オープンデータ,https://www.mhlw.go.jp/content/12300000/jigyosho_520.csv,2025-12末,https://www.google.com/search?q=%E6%B9%AF%E3%81%AE%E9%87%8C%E3%83%8A%E3%83%BC%E3%82%B7%E3%83%B3%E3%82%B0%E3%83%9B%E3%83%BC%E3%83%A0%20%E6%95%A6%E8%B3%80%E5%B8%82
ヒバリヒルズ,介護老人保健施設,福井県,敦賀市,"介護,介護老人保健施設,リハビリ",病院退院後すぐ自宅へ戻るのが不安な場合に、リハビリをしながら在宅復帰を目指す施設です。,http://www.ihara-hp.or.jp/,福井県敦賀市ひばりヶ丘町249番地,0770-22-8600,厚生労働省オープンデータ,https://www.mhlw.go.jp/content/12300000/jigyosho_520.csv,2025-12末,https://www.google.com/search?q=%E3%83%92%E3%83%90%E3%83%AA%E3%83%92%E3%83%AB%E3%82%BA%20%E6%95%A6%E8%B3%80%E5%B8%82
介護老人保健施設　リバーサイド気比の杜,介護老人保健施設,福井県,敦賀市,"介護,介護老人保健施設,リハビリ",病院退院後すぐ自宅へ戻るのが不安な場合に、リハビリをしながら在宅復帰を目指す施設です。,http://meihoukai.com/kehinomori/,福井県敦賀市昭和町2-2801,0770-20-1171,厚生労働省オープンデータ,https://www.mhlw.go.jp/content/12300000/jigyosho_520.csv,2025-12末,https://www.google.com/search?q=%E4%BB%8B%E8%AD%B7%E8%80%81%E4%BA%BA%E4%BF%9D%E5%81%A5%E6%96%BD%E8%A8%AD%E3%80%80%E3%83%AA%E3%83%90%E3%83%BC%E3%82%B5%E3%82%A4%E3%83%89%E6%B0%97%E6%AF%94%E3%81%AE%E6%9D%9C%20%E6%95%A6%E8%B3%80%E5%B8%82
介護老人保健施設　リバーサイド気比の杜,介護老人保健施設,福井県,敦賀市,"介護,介護老人保健施設,リハビリ",病院退院後すぐ自宅へ戻るのが不安な場合に、リハビリをしながら在宅復帰を目指す施設です。,http://meihoukai.com/kehinomori/,福井県敦賀市昭和町2-2801,0770-20-1171,厚生労働省オープンデータ,https://www.mhlw.go.jp/content/12300000/jigyosho_520.csv,2025-12末,https://www.google.com/search?q=%E4%BB%8B%E8%AD%B7%E8%80%81%E4%BA%BA%E4%BF%9D%E5%81%A5%E6%96%BD%E8%A8%AD%E3%80%80%E3%83%AA%E3%83%90%E3%83%BC%E3%82%B5%E3%82%A4%E3%83%89%E6%B0%97%E6%AF%94%E3%81%AE%E6%9D%9C%20%E6%95%A6%E8%B3%80%E5%B8%82
介護老人保健施設アクール若狭,介護老人保健施設,福井県,小浜市,"介護,介護老人保健施設,リハビリ",病院退院後すぐ自宅へ戻るのが不安な場合に、リハビリをしながら在宅復帰を目指す施設です。,http://www.obamahp-wakasa.jp/aculu/,福井県小浜市大手町2-2,0770-52-0989,厚生労働省オープンデータ,https://www.mhlw.go.jp/content/12300000/jigyosho_520.csv,2025-12末,https://www.google.com/search?q=%E4%BB%8B%E8%AD%B7%E8%80%81%E4%BA%BA%E4%BF%9D%E5%81%A5%E6%96%BD%E8%A8%AD%E3%82%A2%E3%82%AF%E3%83%BC%E3%83%AB%E8%8B%A5%E7%8B%AD%20%E5%B0%8F%E6%B5%9C%E5%B8%82
キラキラの町,介護老人保健施設,福井県,大野市,"介護,介護老人保健施設,リハビリ",病院退院後すぐ自宅へ戻るのが不安な場合に、リハビリをしながら在宅復帰を目指す施設です。,www.kirakirakai-matsuda.or.jp,大野市要町１－１３,０７７９－６６－７６７６,厚生労働省オープンデータ,https://www.mhlw.go.jp/content/12300000/jigyosho_520.csv,2025-12末,https://www.google.com/search?q=%E3%82%AD%E3%83%A9%E3%82%AD%E3%83%A9%E3%81%AE%E7%94%BA%20%E5%A4%A7%E9%87%8E%E5%B8%82
介護老人保健施設　鷲巣苑,介護老人保健施設,福井県,勝山市,"介護,介護老人保健施設,リハビリ",病院退院後すぐ自宅へ戻るのが不安な場合に、リハビリをしながら在宅復帰を目指す施設です。,https://dainichien.net/washisuen/,福井県勝山市北郷町坂東島第８号２番地,0779-89-3390,厚生労働省オープンデータ,https://www.mhlw.go.jp/content/12300000/jigyosho_520.csv,2025-12末,https://www.google.com/search?q=%E4%BB%8B%E8%AD%B7%E8%80%81%E4%BA%BA%E4%BF%9D%E5%81%A5%E6%96%BD%E8%A8%AD%E3%80%80%E9%B7%B2%E5%B7%A3%E8%8B%91%20%E5%8B%9D%E5%B1%B1%E5%B8%82
福井勝山総合病院附属介護老人保健施設,介護老人保健施設,福井県,勝山市,"介護,介護老人保健施設,リハビリ",病院退院後すぐ自宅へ戻るのが不安な場合に、リハビリをしながら在宅復帰を目指す施設です。,http://fukui.jcho.go.jp/rouken/,福井県勝山市長山町2-6-21,0779-87-3100,厚生労働省オープンデータ,https://www.mhlw.go.jp/content/12300000/jigyosho_520.csv,2025-12末,https://www.google.com/search?q=%E7%A6%8F%E4%BA%95%E5%8B%9D%E5%B1%B1%E7%B7%8F%E5%90%88%E7%97%85%E9%99%A2%E9%99%84%E5%B1%9E%E4%BB%8B%E8%AD%B7%E8%80%81%E4%BA%BA%E4%BF%9D%E5%81%A5%E6%96%BD%E8%A8%AD%20%E5%8B%9D%E5%B1%B1%E5%B8%82
鯖江ケアセンターみどり荘,介護老人保健施設,福井県,鯖江市,"介護,介護老人保健施設,リハビリ",病院退院後すぐ自宅へ戻るのが不安な場合に、リハビリをしながら在宅復帰を目指す施設です。,http://higashiyamakai.org/m_kaigo/,鯖江市中野町33-20-1,0778-51-7540,厚生労働省オープンデータ,https://www.mhlw.go.jp/content/12300000/jigyosho_520.csv,2025-12末,https://www.google.com/search?q=%E9%AF%96%E6%B1%9F%E3%82%B1%E3%82%A2%E3%82%BB%E3%83%B3%E3%82%BF%E3%83%BC%E3%81%BF%E3%81%A9%E3%82%8A%E8%8D%98%20%E9%AF%96%E6%B1%9F%E5%B8%82
神明ケアセンター,介護老人保健施設,福井県,鯖江市,"介護,介護老人保健施設,リハビリ",病院退院後すぐ自宅へ戻るのが不安な場合に、リハビリをしながら在宅復帰を目指す施設です。,https://www.google.com/search?q=%E7%A5%9E%E6%98%8E%E3%82%B1%E3%82%A2%E3%82%BB%E3%83%B3%E3%82%BF%E3%83%BC%20%E9%AF%96%E6%B1%9F%E5%B8%82,福井県鯖江市幸町１丁目2-2,0778-51-8228,厚生労働省オープンデータ,https://www.mhlw.go.jp/content/12300000/jigyosho_520.csv,2025-12末,https://www.google.com/search?q=%E7%A5%9E%E6%98%8E%E3%82%B1%E3%82%A2%E3%82%BB%E3%83%B3%E3%82%BF%E3%83%BC%20%E9%AF%96%E6%B1%9F%E5%B8%82
リハビリセンター王山,介護老人保健施設,福井県,鯖江市,"介護,介護老人保健施設,リハビリ",病院退院後すぐ自宅へ戻るのが不安な場合に、リハビリをしながら在宅復帰を目指す施設です。,http://www4.ttn.ne.jp/~ohzan/,福井県鯖江市旭町１丁目3番22号,0778-51-7720,厚生労働省オープンデータ,https://www.mhlw.go.jp/content/12300000/jigyosho_520.csv,2025-12末,https://www.google.com/search?q=%E3%83%AA%E3%83%8F%E3%83%93%E3%83%AA%E3%82%BB%E3%83%B3%E3%82%BF%E3%83%BC%E7%8E%8B%E5%B1%B1%20%E9%AF%96%E6%B1%9F%E5%B8%82
加納老健,介護老人保健施設,福井県,あわら市,"介護,介護老人保健施設,リハビリ",病院退院後すぐ自宅へ戻るのが不安な場合に、リハビリをしながら在宅復帰を目指す施設です。,http://www.kanouhp.jp/,あわら市花乃杜1-2-39,0776-73-1002,厚生労働省オープンデータ,https://www.mhlw.go.jp/content/12300000/jigyosho_520.csv,2025-12末,https://www.google.com/search?q=%E5%8A%A0%E7%B4%8D%E8%80%81%E5%81%A5%20%E3%81%82%E3%82%8F%E3%82%89%E5%B8%82
介護老人保健施設　ナイスケア木村,介護老人保健施設,福井県,あわら市,"介護,介護老人保健施設,リハビリ",病院退院後すぐ自宅へ戻るのが不安な場合に、リハビリをしながら在宅復帰を目指す施設です。,http://kimura-hospital.jp/,福井県あわら市市姫3-23-4,0776-73-5678,厚生労働省オープンデータ,https://www.mhlw.go.jp/content/12300000/jigyosho_520.csv,2025-12末,https://www.google.com/search?q=%E4%BB%8B%E8%AD%B7%E8%80%81%E4%BA%BA%E4%BF%9D%E5%81%A5%E6%96%BD%E8%A8%AD%E3%80%80%E3%83%8A%E3%82%A4%E3%82%B9%E3%82%B1%E3%82%A2%E6%9C%A8%E6%9D%91%20%E3%81%82%E3%82%8F%E3%82%89%E5%B8%82
シルバーハイツ武生,介護老人保健施設,福井県,越前市,"介護,介護老人保健施設,リハビリ",病院退院後すぐ自宅へ戻るのが不安な場合に、リハビリをしながら在宅復帰を目指す施設です。,http://aiki-hp.jp/,越前市中央2-9-40,0778-21-3111,厚生労働省オープンデータ,https://www.mhlw.go.jp/content/12300000/jigyosho_520.csv,2025-12末,https://www.google.com/search?q=%E3%82%B7%E3%83%AB%E3%83%90%E3%83%BC%E3%83%8F%E3%82%A4%E3%83%84%E6%AD%A6%E7%94%9F%20%E8%B6%8A%E5%89%8D%E5%B8%82
介護老人保健施設　シルバーケア藤,介護老人保健施設,福井県,越前市,"介護,介護老人保健施設,リハビリ",病院退院後すぐ自宅へ戻るのが不安な場合に、リハビリをしながら在宅復帰を目指す施設です。,https://www.google.com/search?q=%E4%BB%8B%E8%AD%B7%E8%80%81%E4%BA%BA%E4%BF%9D%E5%81%A5%E6%96%BD%E8%A8%AD%E3%80%80%E3%82%B7%E3%83%AB%E3%83%90%E3%83%BC%E3%82%B1%E3%82%A2%E8%97%A4%20%E8%B6%8A%E5%89%8D%E5%B8%82,福井県越前市北府三丁目５番１号,0778-22-8821,厚生労働省オープンデータ,https://www.mhlw.go.jp/content/12300000/jigyosho_520.csv,2025-12末,https://www.google.com/search?q=%E4%BB%8B%E8%AD%B7%E8%80%81%E4%BA%BA%E4%BF%9D%E5%81%A5%E6%96%BD%E8%A8%AD%E3%80%80%E3%82%B7%E3%83%AB%E3%83%90%E3%83%BC%E3%82%B1%E3%82%A2%E8%97%A4%20%E8%B6%8A%E5%89%8D%E5%B8%82
介護老人保健施設　ライフケアはるさか,介護老人保健施設,福井県,坂井市,"介護,介護老人保健施設,リハビリ",病院退院後すぐ自宅へ戻るのが不安な場合に、リハビリをしながら在宅復帰を目指す施設です。,https://www.google.com/search?q=%E4%BB%8B%E8%AD%B7%E8%80%81%E4%BA%BA%E4%BF%9D%E5%81%A5%E6%96%BD%E8%A8%AD%E3%80%80%E3%83%A9%E3%82%A4%E3%83%95%E3%82%B1%E3%82%A2%E3%81%AF%E3%82%8B%E3%81%95%E3%81%8B%20%E5%9D%82%E4%BA%95%E5%B8%82,春江町中筋第100号77番地,0776-58-0183,厚生労働省オープンデータ,https://www.mhlw.go.jp/content/12300000/jigyosho_520.csv,2025-12末,https://www.google.com/search?q=%E4%BB%8B%E8%AD%B7%E8%80%81%E4%BA%BA%E4%BF%9D%E5%81%A5%E6%96%BD%E8%A8%AD%E3%80%80%E3%83%A9%E3%82%A4%E3%83%95%E3%82%B1%E3%82%A2%E3%81%AF%E3%82%8B%E3%81%95%E3%81%8B%20%E5%9D%82%E4%BA%95%E5%B8%82
介護老人保健施設ディーパあかね,介護老人保健施設,福井県,坂井市,"介護,介護老人保健施設,リハビリ",病院退院後すぐ自宅へ戻るのが不安な場合に、リハビリをしながら在宅復帰を目指す施設です。,http://akanekai.net,福井県坂井市丸岡町羽崎31-11-3,0776-67-0811,厚生労働省オープンデータ,https://www.mhlw.go.jp/content/12300000/jigyosho_520.csv,2025-12末,https://www.google.com/search?q=%E4%BB%8B%E8%AD%B7%E8%80%81%E4%BA%BA%E4%BF%9D%E5%81%A5%E6%96%BD%E8%A8%AD%E3%83%87%E3%82%A3%E3%83%BC%E3%83%91%E3%81%82%E3%81%8B%E3%81%AD%20%E5%9D%82%E4%BA%95%E5%B8%82
坂井ケアセンター,介護老人保健施設,福井県,坂井市,"介護,介護老人保健施設,リハビリ",病院退院後すぐ自宅へ戻るのが不安な場合に、リハビリをしながら在宅復帰を目指す施設です。,https://sakaicare.com/,福井県坂井市坂井町折戸第１号５８番地,0776-72-7373,厚生労働省オープンデータ,https://www.mhlw.go.jp/content/12300000/jigyosho_520.csv,2025-12末,https://www.google.com/search?q=%E5%9D%82%E4%BA%95%E3%82%B1%E3%82%A2%E3%82%BB%E3%83%B3%E3%82%BF%E3%83%BC%20%E5%9D%82%E4%BA%95%E5%B8%82
介護老人保健施設　東尋坊ひまわりの丘,介護老人保健施設,福井県,坂井市,"介護,介護老人保健施設,リハビリ",病院退院後すぐ自宅へ戻るのが不安な場合に、リハビリをしながら在宅復帰を目指す施設です。,http://fj-g.jp/,福井県坂井市三国町陣ヶ岡16-13-18,0776-82-8500,厚生労働省オープンデータ,https://www.mhlw.go.jp/content/12300000/jigyosho_520.csv,2025-12末,https://www.google.com/search?q=%E4%BB%8B%E8%AD%B7%E8%80%81%E4%BA%BA%E4%BF%9D%E5%81%A5%E6%96%BD%E8%A8%AD%E3%80%80%E6%9D%B1%E5%B0%8B%E5%9D%8A%E3%81%B2%E3%81%BE%E3%82%8F%E3%82%8A%E3%81%AE%E4%B8%98%20%E5%9D%82%E4%BA%95%E5%B8%82
シルバーケア日野,介護老人保健施設,福井県,南越前町,"介護,介護老人保健施設,リハビリ",病院退院後すぐ自宅へ戻るのが不安な場合に、リハビリをしながら在宅復帰を目指す施設です。,https://www.google.com/search?q=%E3%82%B7%E3%83%AB%E3%83%90%E3%83%BC%E3%82%B1%E3%82%A2%E6%97%A5%E9%87%8E%20%E5%8D%97%E8%B6%8A%E5%89%8D%E7%94%BA,南条郡南越前町東大道33-10-1,0778-47-3270,厚生労働省オープンデータ,https://www.mhlw.go.jp/content/12300000/jigyosho_520.csv,2025-12末,https://www.google.com/search?q=%E3%82%B7%E3%83%AB%E3%83%90%E3%83%BC%E3%82%B1%E3%82%A2%E6%97%A5%E9%87%8E%20%E5%8D%97%E8%B6%8A%E5%89%8D%E7%94%BA
今庄老人保健施設,介護老人保健施設,福井県,南越前町,"介護,介護老人保健施設,リハビリ",病院退院後すぐ自宅へ戻るのが不安な場合に、リハビリをしながら在宅復帰を目指す施設です。,https:www.town.minamiechizen.lg.jp/sisetu/3004/p001123.html,福井県南条郡南越前町今庄84-26,0778-45-1724,厚生労働省オープンデータ,https://www.mhlw.go.jp/content/12300000/jigyosho_520.csv,2025-12末,https://www.google.com/search?q=%E4%BB%8A%E5%BA%84%E8%80%81%E4%BA%BA%E4%BF%9D%E5%81%A5%E6%96%BD%E8%A8%AD%20%E5%8D%97%E8%B6%8A%E5%89%8D%E7%94%BA
独立行政法人　地域医療機能推進機構　若狭高浜病院附属介護老人保健施設,介護老人保健施設,福井県,高浜町,"介護,介護老人保健施設,リハビリ",病院退院後すぐ自宅へ戻るのが不安な場合に、リハビリをしながら在宅復帰を目指す施設です。,http://takahama.jcho.go.jp/rouken/,大飯郡高浜町宮崎８７－１４－２,0770-72-5115,厚生労働省オープンデータ,https://www.mhlw.go.jp/content/12300000/jigyosho_520.csv,2025-12末,https://www.google.com/search?q=%E7%8B%AC%E7%AB%8B%E8%A1%8C%E6%94%BF%E6%B3%95%E4%BA%BA%E3%80%80%E5%9C%B0%E5%9F%9F%E5%8C%BB%E7%99%82%E6%A9%9F%E8%83%BD%E6%8E%A8%E9%80%B2%E6%A9%9F%E6%A7%8B%E3%80%80%E8%8B%A5%E7%8B%AD%E9%AB%98%E6%B5%9C%E7%97%85%E9%99%A2%E9%99%84%E5%B1%9E%E4%BB%8B%E8%AD%B7%E8%80%81%E4%BA%BA%E4%BF%9D%E5%81%A5%E6%96%BD%E8%A8%AD%20%E9%AB%98%E6%B5%9C%E7%94%BA
介護老人保健施設　なごみ,介護老人保健施設,福井県,おおい町,"介護,介護老人保健施設,リハビリ",病院退院後すぐ自宅へ戻るのが不安な場合に、リハビリをしながら在宅復帰を目指す施設です。,http://nagomi-ooi.com/,福井県大飯郡おおい町本郷第92号51番地1,0770-77-3184,厚生労働省オープンデータ,https://www.mhlw.go.jp/content/12300000/jigyosho_520.csv,2025-12末,https://www.google.com/search?q=%E4%BB%8B%E8%AD%B7%E8%80%81%E4%BA%BA%E4%BF%9D%E5%81%A5%E6%96%BD%E8%A8%AD%E3%80%80%E3%81%AA%E3%81%94%E3%81%BF%20%E3%81%8A%E3%81%8A%E3%81%84%E7%94%BA
介護老人保健施設　ゆなみ,介護老人保健施設,福井県,若狭町,"介護,介護老人保健施設,リハビリ",病院退院後すぐ自宅へ戻るのが不安な場合に、リハビリをしながら在宅復帰を目指す施設です。,http://www.tsurugaonsen-hp.or.jp/yunami/,福井県三方上中郡若狭町岩屋61-31,0770-45-3200,厚生労働省オープンデータ,https://www.mhlw.go.jp/content/12300000/jigyosho_520.csv,2025-12末,https://www.google.com/search?q=%E4%BB%8B%E8%AD%B7%E8%80%81%E4%BA%BA%E4%BF%9D%E5%81%A5%E6%96%BD%E8%A8%AD%E3%80%80%E3%82%86%E3%81%AA%E3%81%BF%20%E8%8B%A5%E7%8B%AD%E7%94%BA
冨永病院,介護療養型医療施設,福井県,福井市,"介護,介護療養型医療施設",介護療養型医療施設の公式オープンデータから取り込んだ候補です。詳細は公式情報・電話・見学で確認してください。,http://www5b.biglobe.ne.jp/~tomihp/,福井市西木田３－４－２６,0776-36-1841,厚生労働省オープンデータ,https://www.mhlw.go.jp/content/12300000/jigyosho_530.csv,2025-12末,https://www.google.com/search?q=%E5%86%A8%E6%B0%B8%E7%97%85%E9%99%A2%20%E7%A6%8F%E4%BA%95%E5%B8%82
医療法人　倉伊会　伊部病院,介護療養型医療施設,福井県,越前町,"介護,介護療養型医療施設",介護療養型医療施設の公式オープンデータから取り込んだ候補です。詳細は公式情報・電話・見学で確認してください。,https://www.google.com/search?q=%E5%8C%BB%E7%99%82%E6%B3%95%E4%BA%BA%E3%80%80%E5%80%89%E4%BC%8A%E4%BC%9A%E3%80%80%E4%BC%8A%E9%83%A8%E7%97%85%E9%99%A2%20%E8%B6%8A%E5%89%8D%E7%94%BA,福井県丹生郡越前町内郡11-1、2,0778-34-0220,厚生労働省オープンデータ,https://www.mhlw.go.jp/content/12300000/jigyosho_530.csv,2025-12末,https://www.google.com/search?q=%E5%8C%BB%E7%99%82%E6%B3%95%E4%BA%BA%E3%80%80%E5%80%89%E4%BC%8A%E4%BC%9A%E3%80%80%E4%BC%8A%E9%83%A8%E7%97%85%E9%99%A2%20%E8%B6%8A%E5%89%8D%E7%94%BA
地域密着型特別養護老人ホームあたご,地域密着型特別養護老人ホーム,福井県,福井市,"介護,地域密着型特別養護老人ホーム,入所",常時介護が必要で在宅生活が難しい方の生活の場となる施設です。入所条件や待機状況を確認します。,https://www.google.com/search?q=%E5%9C%B0%E5%9F%9F%E5%AF%86%E7%9D%80%E5%9E%8B%E7%89%B9%E5%88%A5%E9%A4%8A%E8%AD%B7%E8%80%81%E4%BA%BA%E3%83%9B%E3%83%BC%E3%83%A0%E3%81%82%E3%81%9F%E3%81%94%20%E7%A6%8F%E4%BA%95%E5%B8%82,足羽５丁目５番１７号,0776-33-7080,厚生労働省オープンデータ,https://www.mhlw.go.jp/content/12300000/jigyosho_540.csv,2025-12末,https://www.google.com/search?q=%E5%9C%B0%E5%9F%9F%E5%AF%86%E7%9D%80%E5%9E%8B%E7%89%B9%E5%88%A5%E9%A4%8A%E8%AD%B7%E8%80%81%E4%BA%BA%E3%83%9B%E3%83%BC%E3%83%A0%E3%81%82%E3%81%9F%E3%81%94%20%E7%A6%8F%E4%BA%95%E5%B8%82
地域密着型介護老人福祉施設　足羽利生苑,地域密着型特別養護老人ホーム,福井県,福井市,"介護,地域密着型特別養護老人ホーム,入所",常時介護が必要で在宅生活が難しい方の生活の場となる施設です。入所条件や待機状況を確認します。,http://www.asuwafukushikai.jp/,福井県福井市栂野町20-7,0776-41-3121,厚生労働省オープンデータ,https://www.mhlw.go.jp/content/12300000/jigyosho_540.csv,2025-12末,https://www.google.com/search?q=%E5%9C%B0%E5%9F%9F%E5%AF%86%E7%9D%80%E5%9E%8B%E4%BB%8B%E8%AD%B7%E8%80%81%E4%BA%BA%E7%A6%8F%E7%A5%89%E6%96%BD%E8%A8%AD%E3%80%80%E8%B6%B3%E7%BE%BD%E5%88%A9%E7%94%9F%E8%8B%91%20%E7%A6%8F%E4%BA%95%E5%B8%82
地域密着型特別養護老人ホーム　なの花,地域密着型特別養護老人ホーム,福井県,福井市,"介護,地域密着型特別養護老人ホーム,入所",常時介護が必要で在宅生活が難しい方の生活の場となる施設です。入所条件や待機状況を確認します。,http://www.nanohana-f.com/,福井市加茂河原３丁目1－22,0776-36-8784,厚生労働省オープンデータ,https://www.mhlw.go.jp/content/12300000/jigyosho_540.csv,2025-12末,https://www.google.com/search?q=%E5%9C%B0%E5%9F%9F%E5%AF%86%E7%9D%80%E5%9E%8B%E7%89%B9%E5%88%A5%E9%A4%8A%E8%AD%B7%E8%80%81%E4%BA%BA%E3%83%9B%E3%83%BC%E3%83%A0%E3%80%80%E3%81%AA%E3%81%AE%E8%8A%B1%20%E7%A6%8F%E4%BA%95%E5%B8%82
地域密着型　介護老人福祉施設　桜手苑,地域密着型特別養護老人ホーム,福井県,福井市,"介護,地域密着型特別養護老人ホーム,入所",常時介護が必要で在宅生活が難しい方の生活の場となる施設です。入所条件や待機状況を確認します。,http://ooteen・org,福井県　福井市大手2丁目22番１８号,0776-26-7070,厚生労働省オープンデータ,https://www.mhlw.go.jp/content/12300000/jigyosho_540.csv,2025-12末,https://www.google.com/search?q=%E5%9C%B0%E5%9F%9F%E5%AF%86%E7%9D%80%E5%9E%8B%E3%80%80%E4%BB%8B%E8%AD%B7%E8%80%81%E4%BA%BA%E7%A6%8F%E7%A5%89%E6%96%BD%E8%A8%AD%E3%80%80%E6%A1%9C%E6%89%8B%E8%8B%91%20%E7%A6%8F%E4%BA%95%E5%B8%82
ユニット型特別養護老人ホーム　パークスみなみ,地域密着型特別養護老人ホーム,福井県,福井市,"介護,地域密着型特別養護老人ホーム,入所",常時介護が必要で在宅生活が難しい方の生活の場となる施設です。入所条件や待機状況を確認します。,http://www.hakusankai.sakura.ne.jp/,福井県福井市今市町65-11-1,0776-38-8850,厚生労働省オープンデータ,https://www.mhlw.go.jp/content/12300000/jigyosho_540.csv,2025-12末,https://www.google.com/search?q=%E3%83%A6%E3%83%8B%E3%83%83%E3%83%88%E5%9E%8B%E7%89%B9%E5%88%A5%E9%A4%8A%E8%AD%B7%E8%80%81%E4%BA%BA%E3%83%9B%E3%83%BC%E3%83%A0%E3%80%80%E3%83%91%E3%83%BC%E3%82%AF%E3%82%B9%E3%81%BF%E3%81%AA%E3%81%BF%20%E7%A6%8F%E4%BA%95%E5%B8%82
六条ホームやわらぎ,地域密着型特別養護老人ホーム,福井県,福井市,"介護,地域密着型特別養護老人ホーム,入所",常時介護が必要で在宅生活が難しい方の生活の場となる施設です。入所条件や待機状況を確認します。,https://rokujyokoseikai.jp/,福井県福井市下六条町２１７番４,0776-41-8600,厚生労働省オープンデータ,https://www.mhlw.go.jp/content/12300000/jigyosho_540.csv,2025-12末,https://www.google.com/search?q=%E5%85%AD%E6%9D%A1%E3%83%9B%E3%83%BC%E3%83%A0%E3%82%84%E3%82%8F%E3%82%89%E3%81%8E%20%E7%A6%8F%E4%BA%95%E5%B8%82
第二ひかり苑泉の郷,地域密着型特別養護老人ホーム,福井県,福井市,"介護,地域密着型特別養護老人ホーム,入所",常時介護が必要で在宅生活が難しい方の生活の場となる施設です。入所条件や待機状況を確認します。,http://www.hikarigroup.jp,福井市今泉町25字15-1,0776-52-1300,厚生労働省オープンデータ,https://www.mhlw.go.jp/content/12300000/jigyosho_540.csv,2025-12末,https://www.google.com/search?q=%E7%AC%AC%E4%BA%8C%E3%81%B2%E3%81%8B%E3%82%8A%E8%8B%91%E6%B3%89%E3%81%AE%E9%83%B7%20%E7%A6%8F%E4%BA%95%E5%B8%82
地域密着型介護老人福祉施設　東安居苑,地域密着型特別養護老人ホーム,福井県,福井市,"介護,地域密着型特別養護老人ホーム,入所",常時介護が必要で在宅生活が難しい方の生活の場となる施設です。入所条件や待機状況を確認します。,http://www.kenrakukai.jp/higashiago/,福井市大瀬町２３－１０１,0776-35-0838,厚生労働省オープンデータ,https://www.mhlw.go.jp/content/12300000/jigyosho_540.csv,2025-12末,https://www.google.com/search?q=%E5%9C%B0%E5%9F%9F%E5%AF%86%E7%9D%80%E5%9E%8B%E4%BB%8B%E8%AD%B7%E8%80%81%E4%BA%BA%E7%A6%8F%E7%A5%89%E6%96%BD%E8%A8%AD%E3%80%80%E6%9D%B1%E5%AE%89%E5%B1%85%E8%8B%91%20%E7%A6%8F%E4%BA%95%E5%B8%82
地域密着型介護老人福祉施設　あるば・あい,地域密着型特別養護老人ホーム,福井県,福井市,"介護,地域密着型特別養護老人ホーム,入所",常時介護が必要で在宅生活が難しい方の生活の場となる施設です。入所条件や待機状況を確認します。,http://www.maroon.dti.ne.jp/fukujukai/index.html,福井県福井市日之出3丁目　16-18,0776-21-0181,厚生労働省オープンデータ,https://www.mhlw.go.jp/content/12300000/jigyosho_540.csv,2025-12末,https://www.google.com/search?q=%E5%9C%B0%E5%9F%9F%E5%AF%86%E7%9D%80%E5%9E%8B%E4%BB%8B%E8%AD%B7%E8%80%81%E4%BA%BA%E7%A6%8F%E7%A5%89%E6%96%BD%E8%A8%AD%E3%80%80%E3%81%82%E3%82%8B%E3%81%B0%E3%83%BB%E3%81%82%E3%81%84%20%E7%A6%8F%E4%BA%95%E5%B8%82
松本ホームやわらぎ,地域密着型特別養護老人ホーム,福井県,福井市,"介護,地域密着型特別養護老人ホーム,入所",常時介護が必要で在宅生活が難しい方の生活の場となる施設です。入所条件や待機状況を確認します。,https://rokujyokoseikai.jp/care/matsumoto-home/,福井市松本1丁目2-19,0776-26-4165,厚生労働省オープンデータ,https://www.mhlw.go.jp/content/12300000/jigyosho_540.csv,2025-12末,https://www.google.com/search?q=%E6%9D%BE%E6%9C%AC%E3%83%9B%E3%83%BC%E3%83%A0%E3%82%84%E3%82%8F%E3%82%89%E3%81%8E%20%E7%A6%8F%E4%BA%95%E5%B8%82
小規模特別養護老人ホーム　花むつ苑,地域密着型特別養護老人ホーム,福井県,福井市,"介護,地域密着型特別養護老人ホーム,入所",常時介護が必要で在宅生活が難しい方の生活の場となる施設です。入所条件や待機状況を確認します。,http://www.asamutuen.jp/,福井市花堂中1丁目5－6,0776-34-8762,厚生労働省オープンデータ,https://www.mhlw.go.jp/content/12300000/jigyosho_540.csv,2025-12末,https://www.google.com/search?q=%E5%B0%8F%E8%A6%8F%E6%A8%A1%E7%89%B9%E5%88%A5%E9%A4%8A%E8%AD%B7%E8%80%81%E4%BA%BA%E3%83%9B%E3%83%BC%E3%83%A0%E3%80%80%E8%8A%B1%E3%82%80%E3%81%A4%E8%8B%91%20%E7%A6%8F%E4%BA%95%E5%B8%82
ほたるの杜,地域密着型特別養護老人ホーム,福井県,福井市,"介護,地域密着型特別養護老人ホーム,入所",常時介護が必要で在宅生活が難しい方の生活の場となる施設です。入所条件や待機状況を確認します。,https://www.google.com/search?q=%E3%81%BB%E3%81%9F%E3%82%8B%E3%81%AE%E6%9D%9C%20%E7%A6%8F%E4%BA%95%E5%B8%82,羽坂町33－1－1,0776-37- 0115,厚生労働省オープンデータ,https://www.mhlw.go.jp/content/12300000/jigyosho_540.csv,2025-12末,https://www.google.com/search?q=%E3%81%BB%E3%81%9F%E3%82%8B%E3%81%AE%E6%9D%9C%20%E7%A6%8F%E4%BA%95%E5%B8%82
第２藤島園そよかぜホーム,地域密着型特別養護老人ホーム,福井県,福井市,"介護,地域密着型特別養護老人ホーム,入所",常時介護が必要で在宅生活が難しい方の生活の場となる施設です。入所条件や待機状況を確認します。,http://fujishimaen.or.jp/,福井市河合勝見町4号24-1,0776-55-1313,厚生労働省オープンデータ,https://www.mhlw.go.jp/content/12300000/jigyosho_540.csv,2025-12末,https://www.google.com/search?q=%E7%AC%AC%EF%BC%92%E8%97%A4%E5%B3%B6%E5%9C%92%E3%81%9D%E3%82%88%E3%81%8B%E3%81%9C%E3%83%9B%E3%83%BC%E3%83%A0%20%E7%A6%8F%E4%BA%95%E5%B8%82
レインボー二の宮,地域密着型特別養護老人ホーム,福井県,福井市,"介護,地域密着型特別養護老人ホーム,入所",常時介護が必要で在宅生活が難しい方の生活の場となる施設です。入所条件や待機状況を確認します。,http://rainbow-kaigo.com/,福井県福井市二の宮２丁目８番２１号レインボー二の宮,0776-21-2821,厚生労働省オープンデータ,https://www.mhlw.go.jp/content/12300000/jigyosho_540.csv,2025-12末,https://www.google.com/search?q=%E3%83%AC%E3%82%A4%E3%83%B3%E3%83%9C%E3%83%BC%E4%BA%8C%E3%81%AE%E5%AE%AE%20%E7%A6%8F%E4%BA%95%E5%B8%82
かわにし苑,地域密着型特別養護老人ホーム,福井県,福井市,"介護,地域密着型特別養護老人ホーム,入所",常時介護が必要で在宅生活が難しい方の生活の場となる施設です。入所条件や待機状況を確認します。,http://kawanishien.com,福井市砂子坂町9-5,0776-83-1055,厚生労働省オープンデータ,https://www.mhlw.go.jp/content/12300000/jigyosho_540.csv,2025-12末,https://www.google.com/search?q=%E3%81%8B%E3%82%8F%E3%81%AB%E3%81%97%E8%8B%91%20%E7%A6%8F%E4%BA%95%E5%B8%82
第3渓山荘あおぞら,地域密着型特別養護老人ホーム,福井県,敦賀市,"介護,地域密着型特別養護老人ホーム,入所",常時介護が必要で在宅生活が難しい方の生活の場となる施設です。入所条件や待機状況を確認します。,https://kjinkai.jp/,福井県敦賀市松島町2丁目6番35号,0770-22-8570,厚生労働省オープンデータ,https://www.mhlw.go.jp/content/12300000/jigyosho_540.csv,2025-12末,https://www.google.com/search?q=%E7%AC%AC3%E6%B8%93%E5%B1%B1%E8%8D%98%E3%81%82%E3%81%8A%E3%81%9E%E3%82%89%20%E6%95%A6%E8%B3%80%E5%B8%82
地域密着型介護老人福祉施設　若狭東ハイツ,地域密着型特別養護老人ホーム,福井県,小浜市,"介護,地域密着型特別養護老人ホーム,入所",常時介護が必要で在宅生活が難しい方の生活の場となる施設です。入所条件や待機状況を確認します。,http://www.wakasa-fukushikai.com,福井県小浜市遠敷４８号１０番１,0770-56-2940,厚生労働省オープンデータ,https://www.mhlw.go.jp/content/12300000/jigyosho_540.csv,2025-12末,https://www.google.com/search?q=%E5%9C%B0%E5%9F%9F%E5%AF%86%E7%9D%80%E5%9E%8B%E4%BB%8B%E8%AD%B7%E8%80%81%E4%BA%BA%E7%A6%8F%E7%A5%89%E6%96%BD%E8%A8%AD%E3%80%80%E8%8B%A5%E7%8B%AD%E6%9D%B1%E3%83%8F%E3%82%A4%E3%83%84%20%E5%B0%8F%E6%B5%9C%E5%B8%82
地域密着型　介護老人福祉施設　入所者生活介護　ルンビニー花山,地域密着型特別養護老人ホーム,福井県,大野市,"介護,地域密着型特別養護老人ホーム,入所",常時介護が必要で在宅生活が難しい方の生活の場となる施設です。入所条件や待機状況を確認します。,https://www.google.com/search?q=%E5%9C%B0%E5%9F%9F%E5%AF%86%E7%9D%80%E5%9E%8B%E3%80%80%E4%BB%8B%E8%AD%B7%E8%80%81%E4%BA%BA%E7%A6%8F%E7%A5%89%E6%96%BD%E8%A8%AD%E3%80%80%E5%85%A5%E6%89%80%E8%80%85%E7%94%9F%E6%B4%BB%E4%BB%8B%E8%AD%B7%E3%80%80%E3%83%AB%E3%83%B3%E3%83%93%E3%83%8B%E3%83%BC%E8%8A%B1%E5%B1%B1%20%E5%A4%A7%E9%87%8E%E5%B8%82,福井県大野市牛ヶ原154-1-1,0779-65-0366,厚生労働省オープンデータ,https://www.mhlw.go.jp/content/12300000/jigyosho_540.csv,2025-12末,https://www.google.com/search?q=%E5%9C%B0%E5%9F%9F%E5%AF%86%E7%9D%80%E5%9E%8B%E3%80%80%E4%BB%8B%E8%AD%B7%E8%80%81%E4%BA%BA%E7%A6%8F%E7%A5%89%E6%96%BD%E8%A8%AD%E3%80%80%E5%85%A5%E6%89%80%E8%80%85%E7%94%9F%E6%B4%BB%E4%BB%8B%E8%AD%B7%E3%80%80%E3%83%AB%E3%83%B3%E3%83%93%E3%83%8B%E3%83%BC%E8%8A%B1%E5%B1%B1%20%E5%A4%A7%E9%87%8E%E5%B8%82
地域密着型　介護老人福祉施設　入所者生活介護　ルンビニー花山,地域密着型特別養護老人ホーム,福井県,大野市,"介護,地域密着型特別養護老人ホーム,入所",常時介護が必要で在宅生活が難しい方の生活の場となる施設です。入所条件や待機状況を確認します。,https://www.google.com/search?q=%E5%9C%B0%E5%9F%9F%E5%AF%86%E7%9D%80%E5%9E%8B%E3%80%80%E4%BB%8B%E8%AD%B7%E8%80%81%E4%BA%BA%E7%A6%8F%E7%A5%89%E6%96%BD%E8%A8%AD%E3%80%80%E5%85%A5%E6%89%80%E8%80%85%E7%94%9F%E6%B4%BB%E4%BB%8B%E8%AD%B7%E3%80%80%E3%83%AB%E3%83%B3%E3%83%93%E3%83%8B%E3%83%BC%E8%8A%B1%E5%B1%B1%20%E5%A4%A7%E9%87%8E%E5%B8%82,福井県大野市牛ヶ原154-1-1,0779-65-0366,厚生労働省オープンデータ,https://www.mhlw.go.jp/content/12300000/jigyosho_540.csv,2025-12末,https://www.google.com/search?q=%E5%9C%B0%E5%9F%9F%E5%AF%86%E7%9D%80%E5%9E%8B%E3%80%80%E4%BB%8B%E8%AD%B7%E8%80%81%E4%BA%BA%E7%A6%8F%E7%A5%89%E6%96%BD%E8%A8%AD%E3%80%80%E5%85%A5%E6%89%80%E8%80%85%E7%94%9F%E6%B4%BB%E4%BB%8B%E8%AD%B7%E3%80%80%E3%83%AB%E3%83%B3%E3%83%93%E3%83%8B%E3%83%BC%E8%8A%B1%E5%B1%B1%20%E5%A4%A7%E9%87%8E%E5%B8%82
地域密着型介護老人福祉施設　大野和光園　和らぎの里,地域密着型特別養護老人ホーム,福井県,大野市,"介護,地域密着型特別養護老人ホーム,入所",常時介護が必要で在宅生活が難しい方の生活の場となる施設です。入所条件や待機状況を確認します。,http://www.ono-wakouen.jp/,福井県大野市春日3丁目1718番地,0779-66-3011,厚生労働省オープンデータ,https://www.mhlw.go.jp/content/12300000/jigyosho_540.csv,2025-12末,https://www.google.com/search?q=%E5%9C%B0%E5%9F%9F%E5%AF%86%E7%9D%80%E5%9E%8B%E4%BB%8B%E8%AD%B7%E8%80%81%E4%BA%BA%E7%A6%8F%E7%A5%89%E6%96%BD%E8%A8%AD%E3%80%80%E5%A4%A7%E9%87%8E%E5%92%8C%E5%85%89%E5%9C%92%E3%80%80%E5%92%8C%E3%82%89%E3%81%8E%E3%81%AE%E9%87%8C%20%E5%A4%A7%E9%87%8E%E5%B8%82
地域密着型介護老人福祉施設　大野和光園　和らぎ里,地域密着型特別養護老人ホーム,福井県,大野市,"介護,地域密着型特別養護老人ホーム,入所",常時介護が必要で在宅生活が難しい方の生活の場となる施設です。入所条件や待機状況を確認します。,http://www.ono-wakouen.jp/,福井県大野市春日3丁目1718番地,0779-66-3011,厚生労働省オープンデータ,https://www.mhlw.go.jp/content/12300000/jigyosho_540.csv,2025-12末,https://www.google.com/search?q=%E5%9C%B0%E5%9F%9F%E5%AF%86%E7%9D%80%E5%9E%8B%E4%BB%8B%E8%AD%B7%E8%80%81%E4%BA%BA%E7%A6%8F%E7%A5%89%E6%96%BD%E8%A8%AD%E3%80%80%E5%A4%A7%E9%87%8E%E5%92%8C%E5%85%89%E5%9C%92%E3%80%80%E5%92%8C%E3%82%89%E3%81%8E%E9%87%8C%20%E5%A4%A7%E9%87%8E%E5%B8%82
森目ホームやわらぎ,地域密着型特別養護老人ホーム,福井県,大野市,"介護,地域密着型特別養護老人ホーム,入所",常時介護が必要で在宅生活が難しい方の生活の場となる施設です。入所条件や待機状況を確認します。,http://rokujyokoseikai.jp,森目6-16-3,0779-64-5689,厚生労働省オープンデータ,https://www.mhlw.go.jp/content/12300000/jigyosho_540.csv,2025-12末,https://www.google.com/search?q=%E6%A3%AE%E7%9B%AE%E3%83%9B%E3%83%BC%E3%83%A0%E3%82%84%E3%82%8F%E3%82%89%E3%81%8E%20%E5%A4%A7%E9%87%8E%E5%B8%82
森目ホーム　やわらぎ,地域密着型特別養護老人ホーム,福井県,大野市,"介護,地域密着型特別養護老人ホーム,入所",常時介護が必要で在宅生活が難しい方の生活の場となる施設です。入所条件や待機状況を確認します。,http://rokujyokoseikai.jp,森目6-16-3,0779-64-5689,厚生労働省オープンデータ,https://www.mhlw.go.jp/content/12300000/jigyosho_540.csv,2025-12末,https://www.google.com/search?q=%E6%A3%AE%E7%9B%AE%E3%83%9B%E3%83%BC%E3%83%A0%E3%80%80%E3%82%84%E3%82%8F%E3%82%89%E3%81%8E%20%E5%A4%A7%E9%87%8E%E5%B8%82
地域密着型介護老人福祉施設まこと苑　従来型,地域密着型特別養護老人ホーム,福井県,大野市,"介護,地域密着型特別養護老人ホーム,入所",常時介護が必要で在宅生活が難しい方の生活の場となる施設です。入所条件や待機状況を確認します。,https://www.google.com/search?q=%E5%9C%B0%E5%9F%9F%E5%AF%86%E7%9D%80%E5%9E%8B%E4%BB%8B%E8%AD%B7%E8%80%81%E4%BA%BA%E7%A6%8F%E7%A5%89%E6%96%BD%E8%A8%AD%E3%81%BE%E3%81%93%E3%81%A8%E8%8B%91%E3%80%80%E5%BE%93%E6%9D%A5%E5%9E%8B%20%E5%A4%A7%E9%87%8E%E5%B8%82,福井県大野市中荒井町２丁目806番地,0779-64-4117,厚生労働省オープンデータ,https://www.mhlw.go.jp/content/12300000/jigyosho_540.csv,2025-12末,https://www.google.com/search?q=%E5%9C%B0%E5%9F%9F%E5%AF%86%E7%9D%80%E5%9E%8B%E4%BB%8B%E8%AD%B7%E8%80%81%E4%BA%BA%E7%A6%8F%E7%A5%89%E6%96%BD%E8%A8%AD%E3%81%BE%E3%81%93%E3%81%A8%E8%8B%91%E3%80%80%E5%BE%93%E6%9D%A5%E5%9E%8B%20%E5%A4%A7%E9%87%8E%E5%B8%82
地域密着型介護老人福祉施設まこと苑ユニット型,地域密着型特別養護老人ホーム,福井県,大野市,"介護,地域密着型特別養護老人ホーム,入所",常時介護が必要で在宅生活が難しい方の生活の場となる施設です。入所条件や待機状況を確認します。,https://makotoen.com,福井県大野市中荒井町2丁目806番地,0779-64-4117,厚生労働省オープンデータ,https://www.mhlw.go.jp/content/12300000/jigyosho_540.csv,2025-12末,https://www.google.com/search?q=%E5%9C%B0%E5%9F%9F%E5%AF%86%E7%9D%80%E5%9E%8B%E4%BB%8B%E8%AD%B7%E8%80%81%E4%BA%BA%E7%A6%8F%E7%A5%89%E6%96%BD%E8%A8%AD%E3%81%BE%E3%81%93%E3%81%A8%E8%8B%91%E3%83%A6%E3%83%8B%E3%83%83%E3%83%88%E5%9E%8B%20%E5%A4%A7%E9%87%8E%E5%B8%82
ユニット型地域密着型特別養護老人ホームさくら荘,地域密着型特別養護老人ホーム,福井県,勝山市,"介護,地域密着型特別養護老人ホーム,入所",常時介護が必要で在宅生活が難しい方の生活の場となる施設です。入所条件や待機状況を確認します。,http://k-sakurasou.jp/,福井県勝山市北谷町中尾第13号16番地,0779-83-1331,厚生労働省オープンデータ,https://www.mhlw.go.jp/content/12300000/jigyosho_540.csv,2025-12末,https://www.google.com/search?q=%E3%83%A6%E3%83%8B%E3%83%83%E3%83%88%E5%9E%8B%E5%9C%B0%E5%9F%9F%E5%AF%86%E7%9D%80%E5%9E%8B%E7%89%B9%E5%88%A5%E9%A4%8A%E8%AD%B7%E8%80%81%E4%BA%BA%E3%83%9B%E3%83%BC%E3%83%A0%E3%81%95%E3%81%8F%E3%82%89%E8%8D%98%20%E5%8B%9D%E5%B1%B1%E5%B8%82
つつじの家,地域密着型特別養護老人ホーム,福井県,鯖江市,"介護,地域密着型特別養護老人ホーム,入所",常時介護が必要で在宅生活が難しい方の生活の場となる施設です。入所条件や待機状況を確認します。,http://www.tutujien.or.jp/,福井県鯖江市水落町３丁目6-32,0778-53-2022,厚生労働省オープンデータ,https://www.mhlw.go.jp/content/12300000/jigyosho_540.csv,2025-12末,https://www.google.com/search?q=%E3%81%A4%E3%81%A4%E3%81%98%E3%81%AE%E5%AE%B6%20%E9%AF%96%E6%B1%9F%E5%B8%82
地域密着型特別養護老人ホーム　きらめきの里鯖江,地域密着型特別養護老人ホーム,福井県,鯖江市,"介護,地域密着型特別養護老人ホーム,入所",常時介護が必要で在宅生活が難しい方の生活の場となる施設です。入所条件や待機状況を確認します。,https://www.fukui.coop/kirameki-fukushikai/,福井県鯖江市小黒町3丁目1009番,0778-51-1294,厚生労働省オープンデータ,https://www.mhlw.go.jp/content/12300000/jigyosho_540.csv,2025-12末,https://www.google.com/search?q=%E5%9C%B0%E5%9F%9F%E5%AF%86%E7%9D%80%E5%9E%8B%E7%89%B9%E5%88%A5%E9%A4%8A%E8%AD%B7%E8%80%81%E4%BA%BA%E3%83%9B%E3%83%BC%E3%83%A0%E3%80%80%E3%81%8D%E3%82%89%E3%82%81%E3%81%8D%E3%81%AE%E9%87%8C%E9%AF%96%E6%B1%9F%20%E9%AF%96%E6%B1%9F%E5%B8%82
地域密着型特別養護老人ホーム　湯の町メロン苑,地域密着型特別養護老人ホーム,福井県,あわら市,"介護,地域密着型特別養護老人ホーム,入所",常時介護が必要で在宅生活が難しい方の生活の場となる施設です。入所条件や待機状況を確認します。,http://www.meron-en.or.jp/,福井県あわら市二面４２－２０,0776-77-1288,厚生労働省オープンデータ,https://www.mhlw.go.jp/content/12300000/jigyosho_540.csv,2025-12末,https://www.google.com/search?q=%E5%9C%B0%E5%9F%9F%E5%AF%86%E7%9D%80%E5%9E%8B%E7%89%B9%E5%88%A5%E9%A4%8A%E8%AD%B7%E8%80%81%E4%BA%BA%E3%83%9B%E3%83%BC%E3%83%A0%E3%80%80%E6%B9%AF%E3%81%AE%E7%94%BA%E3%83%A1%E3%83%AD%E3%83%B3%E8%8B%91%20%E3%81%82%E3%82%8F%E3%82%89%E5%B8%82
地域密着型特別養護老人ホーム　芦原メロン苑（地域密着型介護老人福祉施設）,地域密着型特別養護老人ホーム,福井県,あわら市,"介護,地域密着型特別養護老人ホーム,入所",常時介護が必要で在宅生活が難しい方の生活の場となる施設です。入所条件や待機状況を確認します。,http://www.meron-en.or.jp/,福井県あわら市井江葭50-18,0776-78-7880,厚生労働省オープンデータ,https://www.mhlw.go.jp/content/12300000/jigyosho_540.csv,2025-12末,https://www.google.com/search?q=%E5%9C%B0%E5%9F%9F%E5%AF%86%E7%9D%80%E5%9E%8B%E7%89%B9%E5%88%A5%E9%A4%8A%E8%AD%B7%E8%80%81%E4%BA%BA%E3%83%9B%E3%83%BC%E3%83%A0%E3%80%80%E8%8A%A6%E5%8E%9F%E3%83%A1%E3%83%AD%E3%83%B3%E8%8B%91%EF%BC%88%E5%9C%B0%E5%9F%9F%E5%AF%86%E7%9D%80%E5%9E%8B%E4%BB%8B%E8%AD%B7%E8%80%81%E4%BA%BA%E7%A6%8F%E7%A5%89%E6%96%BD%E8%A8%AD%EF%BC%89%20%E3%81%82%E3%82%8F%E3%82%89%E5%B8%82
地域密着型特別養護老人ホーム　メゾンいまだて,地域密着型特別養護老人ホーム,福井県,越前市,"介護,地域密着型特別養護老人ホーム,入所",常時介護が必要で在宅生活が難しい方の生活の場となる施設です。入所条件や待機状況を確認します。,http://www.mezon-f.com/,福井県越前市東樫尾町８番３８号,0778-43-1800,厚生労働省オープンデータ,https://www.mhlw.go.jp/content/12300000/jigyosho_540.csv,2025-12末,https://www.google.com/search?q=%E5%9C%B0%E5%9F%9F%E5%AF%86%E7%9D%80%E5%9E%8B%E7%89%B9%E5%88%A5%E9%A4%8A%E8%AD%B7%E8%80%81%E4%BA%BA%E3%83%9B%E3%83%BC%E3%83%A0%E3%80%80%E3%83%A1%E3%82%BE%E3%83%B3%E3%81%84%E3%81%BE%E3%81%A0%E3%81%A6%20%E8%B6%8A%E5%89%8D%E5%B8%82
プライムハイツ春江,地域密着型特別養護老人ホーム,福井県,坂井市,"介護,地域密着型特別養護老人ホーム,入所",常時介護が必要で在宅生活が難しい方の生活の場となる施設です。入所条件や待機状況を確認します。,http://fj-g.jp,福井県坂井市春江町針原59-2,0776-51-0400,厚生労働省オープンデータ,https://www.mhlw.go.jp/content/12300000/jigyosho_540.csv,2025-12末,https://www.google.com/search?q=%E3%83%97%E3%83%A9%E3%82%A4%E3%83%A0%E3%83%8F%E3%82%A4%E3%83%84%E6%98%A5%E6%B1%9F%20%E5%9D%82%E4%BA%95%E5%B8%82
地域密着型介護老人福祉施設　潟池野,地域密着型特別養護老人ホーム,福井県,坂井市,"介護,地域密着型特別養護老人ホーム,入所",常時介護が必要で在宅生活が難しい方の生活の場となる施設です。入所条件や待機状況を確認します。,https://s-fukushi.or.jp/kataikeno/,坂井町下関４２－４－２,0776-72-0100,厚生労働省オープンデータ,https://www.mhlw.go.jp/content/12300000/jigyosho_540.csv,2025-12末,https://www.google.com/search?q=%E5%9C%B0%E5%9F%9F%E5%AF%86%E7%9D%80%E5%9E%8B%E4%BB%8B%E8%AD%B7%E8%80%81%E4%BA%BA%E7%A6%8F%E7%A5%89%E6%96%BD%E8%A8%AD%E3%80%80%E6%BD%9F%E6%B1%A0%E9%87%8E%20%E5%9D%82%E4%BA%95%E5%B8%82
地域密着型介護老人福祉施設　生喜庵,地域密着型特別養護老人ホーム,福井県,坂井市,"介護,地域密着型特別養護老人ホーム,入所",常時介護が必要で在宅生活が難しい方の生活の場となる施設です。入所条件や待機状況を確認します。,http://seikikai-sakai.jp/,福井県坂井市丸岡町長畝１６字八ツ割３番１,0776-68-0058,厚生労働省オープンデータ,https://www.mhlw.go.jp/content/12300000/jigyosho_540.csv,2025-12末,https://www.google.com/search?q=%E5%9C%B0%E5%9F%9F%E5%AF%86%E7%9D%80%E5%9E%8B%E4%BB%8B%E8%AD%B7%E8%80%81%E4%BA%BA%E7%A6%8F%E7%A5%89%E6%96%BD%E8%A8%AD%E3%80%80%E7%94%9F%E5%96%9C%E5%BA%B5%20%E5%9D%82%E4%BA%95%E5%B8%82
特別養護老人ホーム白楽荘みくに湊,地域密着型特別養護老人ホーム,福井県,坂井市,"介護,地域密着型特別養護老人ホーム,入所",常時介護が必要で在宅生活が難しい方の生活の場となる施設です。入所条件や待機状況を確認します。,http://www.hakurakuso.com,福井県坂井市三国町梶49-18,0776-82-1282,厚生労働省オープンデータ,https://www.mhlw.go.jp/content/12300000/jigyosho_540.csv,2025-12末,https://www.google.com/search?q=%E7%89%B9%E5%88%A5%E9%A4%8A%E8%AD%B7%E8%80%81%E4%BA%BA%E3%83%9B%E3%83%BC%E3%83%A0%E7%99%BD%E6%A5%BD%E8%8D%98%E3%81%BF%E3%81%8F%E3%81%AB%E6%B9%8A%20%E5%9D%82%E4%BA%95%E5%B8%82
地域密着型介護老人福祉施設　ケアセンターゆり,地域密着型特別養護老人ホーム,福井県,坂井市,"介護,地域密着型特別養護老人ホーム,入所",常時介護が必要で在宅生活が難しい方の生活の場となる施設です。入所条件や待機状況を確認します。,http://sakairaiharukai.jimdo.com/,坂井市春江町本堂２７－１－１,0776-51-8100,厚生労働省オープンデータ,https://www.mhlw.go.jp/content/12300000/jigyosho_540.csv,2025-12末,https://www.google.com/search?q=%E5%9C%B0%E5%9F%9F%E5%AF%86%E7%9D%80%E5%9E%8B%E4%BB%8B%E8%AD%B7%E8%80%81%E4%BA%BA%E7%A6%8F%E7%A5%89%E6%96%BD%E8%A8%AD%E3%80%80%E3%82%B1%E3%82%A2%E3%82%BB%E3%83%B3%E3%82%BF%E3%83%BC%E3%82%86%E3%82%8A%20%E5%9D%82%E4%BA%95%E5%B8%82
小規模特別養護老人ホーム　かがやき荘,地域密着型特別養護老人ホーム,福井県,坂井市,"介護,地域密着型特別養護老人ホーム,入所",常時介護が必要で在宅生活が難しい方の生活の場となる施設です。入所条件や待機状況を確認します。,http://www.s-shinseikai.jp,福井県坂井市三国町陣ケ岡13－3,0776-82-5151,厚生労働省オープンデータ,https://www.mhlw.go.jp/content/12300000/jigyosho_540.csv,2025-12末,https://www.google.com/search?q=%E5%B0%8F%E8%A6%8F%E6%A8%A1%E7%89%B9%E5%88%A5%E9%A4%8A%E8%AD%B7%E8%80%81%E4%BA%BA%E3%83%9B%E3%83%BC%E3%83%A0%E3%80%80%E3%81%8B%E3%81%8C%E3%82%84%E3%81%8D%E8%8D%98%20%E5%9D%82%E4%BA%95%E5%B8%82
長寿の郷,地域密着型特別養護老人ホーム,福井県,坂井市,"介護,地域密着型特別養護老人ホーム,入所",常時介護が必要で在宅生活が難しい方の生活の場となる施設です。入所条件や待機状況を確認します。,http://www.choujuen.net,福井県坂井市丸岡町八ケ郷22-5,0776-67-8905,厚生労働省オープンデータ,https://www.mhlw.go.jp/content/12300000/jigyosho_540.csv,2025-12末,https://www.google.com/search?q=%E9%95%B7%E5%AF%BF%E3%81%AE%E9%83%B7%20%E5%9D%82%E4%BA%95%E5%B8%82
地域密着型特別養護老人ホームこうの,地域密着型特別養護老人ホーム,福井県,南越前町,"介護,地域密着型特別養護老人ホーム,入所",常時介護が必要で在宅生活が難しい方の生活の場となる施設です。入所条件や待機状況を確認します。,http://kouno-f.com/,福井県南条郡南越前町河野２９－５－６２地域密着型サービス施設　こうの,0778-48-7000,厚生労働省オープンデータ,https://www.mhlw.go.jp/content/12300000/jigyosho_540.csv,2025-12末,https://www.google.com/search?q=%E5%9C%B0%E5%9F%9F%E5%AF%86%E7%9D%80%E5%9E%8B%E7%89%B9%E5%88%A5%E9%A4%8A%E8%AD%B7%E8%80%81%E4%BA%BA%E3%83%9B%E3%83%BC%E3%83%A0%E3%81%93%E3%81%86%E3%81%AE%20%E5%8D%97%E8%B6%8A%E5%89%8D%E7%94%BA
やはず苑,地域密着型特別養護老人ホーム,福井県,美浜町,"介護,地域密着型特別養護老人ホーム,入所",常時介護が必要で在宅生活が難しい方の生活の場となる施設です。入所条件や待機状況を確認します。,http://fukui-youi.com/,三方郡美浜町金山19-4-11,0770-32-6882,厚生労働省オープンデータ,https://www.mhlw.go.jp/content/12300000/jigyosho_540.csv,2025-12末,https://www.google.com/search?q=%E3%82%84%E3%81%AF%E3%81%9A%E8%8B%91%20%E7%BE%8E%E6%B5%9C%E7%94%BA
ユニット型指定地域密着型老人福祉施設楊梅苑,地域密着型特別養護老人ホーム,福井県,おおい町,"介護,地域密着型特別養護老人ホーム,入所",常時介護が必要で在宅生活が難しい方の生活の場となる施設です。入所条件や待機状況を確認します。,http://www.yu-aikai.or.jp/,福井県大飯郡おおい町野尻２８－３７,0770-77-1011,厚生労働省オープンデータ,https://www.mhlw.go.jp/content/12300000/jigyosho_540.csv,2025-12末,https://www.google.com/search?q=%E3%83%A6%E3%83%8B%E3%83%83%E3%83%88%E5%9E%8B%E6%8C%87%E5%AE%9A%E5%9C%B0%E5%9F%9F%E5%AF%86%E7%9D%80%E5%9E%8B%E8%80%81%E4%BA%BA%E7%A6%8F%E7%A5%89%E6%96%BD%E8%A8%AD%E6%A5%8A%E6%A2%85%E8%8B%91%20%E3%81%8A%E3%81%8A%E3%81%84%E7%94%BA
特別養護老人ホーム五湖の郷,地域密着型特別養護老人ホーム,福井県,若狭町,"介護,地域密着型特別養護老人ホーム,入所",常時介護が必要で在宅生活が難しい方の生活の場となる施設です。入所条件や待機状況を確認します。,http://www.w-shakyo.or.jp/,福井県三方上中郡若狭町田井２４－２,0770-46-1212,厚生労働省オープンデータ,https://www.mhlw.go.jp/content/12300000/jigyosho_540.csv,2025-12末,https://www.google.com/search?q=%E7%89%B9%E5%88%A5%E9%A4%8A%E8%AD%B7%E8%80%81%E4%BA%BA%E3%83%9B%E3%83%BC%E3%83%A0%E4%BA%94%E6%B9%96%E3%81%AE%E9%83%B7%20%E8%8B%A5%E7%8B%AD%E7%94%BA
福井リハビリテーション病院介護医療院,介護医療院,福井県,福井市,"介護,介護医療院,医療,入所",長期的な医療管理と介護の両方が必要な方の入所施設です。,http://www.otaki-hp.or.jp/group/fukui-rehabilitation/,福井市南楢原町20字大畑2番地,0776-59-1126,厚生労働省オープンデータ,https://www.mhlw.go.jp/content/12300000/jigyosho_550.csv,2025-12末,https://www.google.com/search?q=%E7%A6%8F%E4%BA%95%E3%83%AA%E3%83%8F%E3%83%93%E3%83%AA%E3%83%86%E3%83%BC%E3%82%B7%E3%83%A7%E3%83%B3%E7%97%85%E9%99%A2%E4%BB%8B%E8%AD%B7%E5%8C%BB%E7%99%82%E9%99%A2%20%E7%A6%8F%E4%BA%95%E5%B8%82
介護医療院まこと,介護医療院,福井県,福井市,"介護,介護医療院,医療,入所",長期的な医療管理と介護の両方が必要な方の入所施設です。,hikaricare@hikarigroup.jp,福井県福井市板垣５丁目201,0776-33-1600,厚生労働省オープンデータ,https://www.mhlw.go.jp/content/12300000/jigyosho_550.csv,2025-12末,https://www.google.com/search?q=%E4%BB%8B%E8%AD%B7%E5%8C%BB%E7%99%82%E9%99%A2%E3%81%BE%E3%81%93%E3%81%A8%20%E7%A6%8F%E4%BA%95%E5%B8%82
田中病院　介護医療院,介護医療院,福井県,小浜市,"介護,介護医療院,医療,入所",長期的な医療管理と介護の両方が必要な方の入所施設です。,https://sites.google.com/view/tanakahospital-obama/,福井県小浜市遠敷10丁目601番地の1,0770-56-5353,厚生労働省オープンデータ,https://www.mhlw.go.jp/content/12300000/jigyosho_550.csv,2025-12末,https://www.google.com/search?q=%E7%94%B0%E4%B8%AD%E7%97%85%E9%99%A2%E3%80%80%E4%BB%8B%E8%AD%B7%E5%8C%BB%E7%99%82%E9%99%A2%20%E5%B0%8F%E6%B5%9C%E5%B8%82
介護医療院　キラキラの家,介護医療院,福井県,大野市,"介護,介護医療院,医療,入所",長期的な医療管理と介護の両方が必要な方の入所施設です。,https://www.google.com/search?q=%E4%BB%8B%E8%AD%B7%E5%8C%BB%E7%99%82%E9%99%A2%E3%80%80%E3%82%AD%E3%83%A9%E3%82%AD%E3%83%A9%E3%81%AE%E5%AE%B6%20%E5%A4%A7%E9%87%8E%E5%B8%82,要町1-13,0779-64-4332,厚生労働省オープンデータ,https://www.mhlw.go.jp/content/12300000/jigyosho_550.csv,2025-12末,https://www.google.com/search?q=%E4%BB%8B%E8%AD%B7%E5%8C%BB%E7%99%82%E9%99%A2%E3%80%80%E3%82%AD%E3%83%A9%E3%82%AD%E3%83%A9%E3%81%AE%E5%AE%B6%20%E5%A4%A7%E9%87%8E%E5%B8%82
介護医療院あかり,介護医療院,福井県,大野市,"介護,介護医療院,医療,入所",長期的な医療管理と介護の両方が必要な方の入所施設です。,https://sites.google.com/view/ozaki-hp/,福井県大野市明倫町11-2尾崎病院,0779663067,厚生労働省オープンデータ,https://www.mhlw.go.jp/content/12300000/jigyosho_550.csv,2025-12末,https://www.google.com/search?q=%E4%BB%8B%E8%AD%B7%E5%8C%BB%E7%99%82%E9%99%A2%E3%81%82%E3%81%8B%E3%82%8A%20%E5%A4%A7%E9%87%8E%E5%B8%82
介護医療院　かがやき,介護医療院,福井県,鯖江市,"介護,介護医療院,医療,入所",長期的な医療管理と介護の両方が必要な方の入所施設です。,https://www.jujinkai.or.jp/,福井県鯖江市旭町4丁目9番10号,0778-51-2755,厚生労働省オープンデータ,https://www.mhlw.go.jp/content/12300000/jigyosho_550.csv,2025-12末,https://www.google.com/search?q=%E4%BB%8B%E8%AD%B7%E5%8C%BB%E7%99%82%E9%99%A2%E3%80%80%E3%81%8B%E3%81%8C%E3%82%84%E3%81%8D%20%E9%AF%96%E6%B1%9F%E5%B8%82
広瀬病院介護医療院サンク,介護医療院,福井県,鯖江市,"介護,介護医療院,医療,入所",長期的な医療管理と介護の両方が必要な方の入所施設です。,https://www.hirosebyouin.com,福井県鯖江市旭町1-2-8,0778-51-3030,厚生労働省オープンデータ,https://www.mhlw.go.jp/content/12300000/jigyosho_550.csv,2025-12末,https://www.google.com/search?q=%E5%BA%83%E7%80%AC%E7%97%85%E9%99%A2%E4%BB%8B%E8%AD%B7%E5%8C%BB%E7%99%82%E9%99%A2%E3%82%B5%E3%83%B3%E3%82%AF%20%E9%AF%96%E6%B1%9F%E5%B8%82
谷川病院介護医療院,介護医療院,福井県,鯖江市,"介護,介護医療院,医療,入所",長期的な医療管理と介護の両方が必要な方の入所施設です。,https://www.google.com/search?q=%E8%B0%B7%E5%B7%9D%E7%97%85%E9%99%A2%E4%BB%8B%E8%AD%B7%E5%8C%BB%E7%99%82%E9%99%A2%20%E9%AF%96%E6%B1%9F%E5%B8%82,本町4丁目3番14号,0778-51-4132,厚生労働省オープンデータ,https://www.mhlw.go.jp/content/12300000/jigyosho_550.csv,2025-12末,https://www.google.com/search?q=%E8%B0%B7%E5%B7%9D%E7%97%85%E9%99%A2%E4%BB%8B%E8%AD%B7%E5%8C%BB%E7%99%82%E9%99%A2%20%E9%AF%96%E6%B1%9F%E5%B8%82
笠原病院　介護医療院,介護医療院,福井県,越前市,"介護,介護医療院,医療,入所",長期的な医療管理と介護の両方が必要な方の入所施設です。,http://www.kasahara-hosp.or.jp,福井県越前市塚町２１４番地,0778-23-1155,厚生労働省オープンデータ,https://www.mhlw.go.jp/content/12300000/jigyosho_550.csv,2025-12末,https://www.google.com/search?q=%E7%AC%A0%E5%8E%9F%E7%97%85%E9%99%A2%E3%80%80%E4%BB%8B%E8%AD%B7%E5%8C%BB%E7%99%82%E9%99%A2%20%E8%B6%8A%E5%89%8D%E5%B8%82
介護医療院　今立中央病院,介護医療院,福井県,越前市,"介護,介護医療院,医療,入所",長期的な医療管理と介護の両方が必要な方の入所施設です。,https://www.imadatechuo-hp.com,福井県越前市粟田部町33-1一般財団法人　今立中央病院内　併設,0778-42-1800,厚生労働省オープンデータ,https://www.mhlw.go.jp/content/12300000/jigyosho_550.csv,2025-12末,https://www.google.com/search?q=%E4%BB%8B%E8%AD%B7%E5%8C%BB%E7%99%82%E9%99%A2%E3%80%80%E4%BB%8A%E7%AB%8B%E4%B8%AD%E5%A4%AE%E7%97%85%E9%99%A2%20%E8%B6%8A%E5%89%8D%E5%B8%82
いちご月見の里,認知症対応型デイサービス,福井県,福井市,"介護,認知症対応型デイサービス,認知症",日中に通って食事・入浴・機能訓練・見守りなどを受けるサービスです。,http://kenkoukai.or.jp/,福井市月見4丁目20-47,0776-34-5515,厚生労働省オープンデータ,https://www.mhlw.go.jp/content/12300000/jigyosho_720.csv,2025-12末,https://www.google.com/search?q=%E3%81%84%E3%81%A1%E3%81%94%E6%9C%88%E8%A6%8B%E3%81%AE%E9%87%8C%20%E7%A6%8F%E4%BA%95%E5%B8%82
認知症対応型デイサービスあたご,認知症対応型デイサービス,福井県,福井市,"介護,認知症対応型デイサービス,認知症",日中に通って食事・入浴・機能訓練・見守りなどを受けるサービスです。,https://www.google.com/search?q=%E8%AA%8D%E7%9F%A5%E7%97%87%E5%AF%BE%E5%BF%9C%E5%9E%8B%E3%83%87%E3%82%A4%E3%82%B5%E3%83%BC%E3%83%93%E3%82%B9%E3%81%82%E3%81%9F%E3%81%94%20%E7%A6%8F%E4%BA%95%E5%B8%82,福井県福井市足羽5丁目5番17号,0776－33－7082,厚生労働省オープンデータ,https://www.mhlw.go.jp/content/12300000/jigyosho_720.csv,2025-12末,https://www.google.com/search?q=%E8%AA%8D%E7%9F%A5%E7%97%87%E5%AF%BE%E5%BF%9C%E5%9E%8B%E3%83%87%E3%82%A4%E3%82%B5%E3%83%BC%E3%83%93%E3%82%B9%E3%81%82%E3%81%9F%E3%81%94%20%E7%A6%8F%E4%BA%95%E5%B8%82
すのうどろっぷ,認知症対応型デイサービス,福井県,福井市,"介護,認知症対応型デイサービス,認知症",日中に通って食事・入浴・機能訓練・見守りなどを受けるサービスです。,http://snow-dp.co.jp/,和田東1丁目2218番地,0776-21-1576,厚生労働省オープンデータ,https://www.mhlw.go.jp/content/12300000/jigyosho_720.csv,2025-12末,https://www.google.com/search?q=%E3%81%99%E3%81%AE%E3%81%86%E3%81%A9%E3%82%8D%E3%81%A3%E3%81%B7%20%E7%A6%8F%E4%BA%95%E5%B8%82
認知症対応型デイサービスセンターなの花,認知症対応型デイサービス,福井県,福井市,"介護,認知症対応型デイサービス,認知症",日中に通って食事・入浴・機能訓練・見守りなどを受けるサービスです。,http://nanohana-f.com,福井市加茂河原3丁目1-22,0776-36-8784,厚生労働省オープンデータ,https://www.mhlw.go.jp/content/12300000/jigyosho_720.csv,2025-12末,https://www.google.com/search?q=%E8%AA%8D%E7%9F%A5%E7%97%87%E5%AF%BE%E5%BF%9C%E5%9E%8B%E3%83%87%E3%82%A4%E3%82%B5%E3%83%BC%E3%83%93%E3%82%B9%E3%82%BB%E3%83%B3%E3%82%BF%E3%83%BC%E3%81%AA%E3%81%AE%E8%8A%B1%20%E7%A6%8F%E4%BA%95%E5%B8%82
足羽利生苑　デイサービスセンター　きらく楽,認知症対応型デイサービス,福井県,福井市,"介護,認知症対応型デイサービス,認知症",日中に通って食事・入浴・機能訓練・見守りなどを受けるサービスです。,http://www.asuwafukushikai.jp/risyoen/,栂野町20-7,0776-41-4312,厚生労働省オープンデータ,https://www.mhlw.go.jp/content/12300000/jigyosho_720.csv,2025-12末,https://www.google.com/search?q=%E8%B6%B3%E7%BE%BD%E5%88%A9%E7%94%9F%E8%8B%91%E3%80%80%E3%83%87%E3%82%A4%E3%82%B5%E3%83%BC%E3%83%93%E3%82%B9%E3%82%BB%E3%83%B3%E3%82%BF%E3%83%BC%E3%80%80%E3%81%8D%E3%82%89%E3%81%8F%E6%A5%BD%20%E7%A6%8F%E4%BA%95%E5%B8%82
和田東いちごデイサービスセンター,認知症対応型デイサービス,福井県,福井市,"介護,認知症対応型デイサービス,認知症",日中に通って食事・入浴・機能訓練・見守りなどを受けるサービスです。,http://www.kenkoukai.or.jp/,福井市和田東1丁目1410,0776-28-6255,厚生労働省オープンデータ,https://www.mhlw.go.jp/content/12300000/jigyosho_720.csv,2025-12末,https://www.google.com/search?q=%E5%92%8C%E7%94%B0%E6%9D%B1%E3%81%84%E3%81%A1%E3%81%94%E3%83%87%E3%82%A4%E3%82%B5%E3%83%BC%E3%83%93%E3%82%B9%E3%82%BB%E3%83%B3%E3%82%BF%E3%83%BC%20%E7%A6%8F%E4%BA%95%E5%B8%82
みどりの森デイサービス,認知症対応型デイサービス,福井県,福井市,"介護,認知症対応型デイサービス,認知症",日中に通って食事・入浴・機能訓練・見守りなどを受けるサービスです。,http://www.fmatsubara.com/,福井市文京２丁目６―１０,0776-28-7260,厚生労働省オープンデータ,https://www.mhlw.go.jp/content/12300000/jigyosho_720.csv,2025-12末,https://www.google.com/search?q=%E3%81%BF%E3%81%A9%E3%82%8A%E3%81%AE%E6%A3%AE%E3%83%87%E3%82%A4%E3%82%B5%E3%83%BC%E3%83%93%E3%82%B9%20%E7%A6%8F%E4%BA%95%E5%B8%82
デイサービスセンターかえで,認知症対応型デイサービス,福井県,福井市,"介護,認知症対応型デイサービス,認知症",日中に通って食事・入浴・機能訓練・見守りなどを受けるサービスです。,http://www.hirainaikashoukakika.org/,福井市運動公園４丁目1608,0776-33-5833,厚生労働省オープンデータ,https://www.mhlw.go.jp/content/12300000/jigyosho_720.csv,2025-12末,https://www.google.com/search?q=%E3%83%87%E3%82%A4%E3%82%B5%E3%83%BC%E3%83%93%E3%82%B9%E3%82%BB%E3%83%B3%E3%82%BF%E3%83%BC%E3%81%8B%E3%81%88%E3%81%A7%20%E7%A6%8F%E4%BA%95%E5%B8%82
あさがおの家,認知症対応型デイサービス,福井県,福井市,"介護,認知症対応型デイサービス,認知症",日中に通って食事・入浴・機能訓練・見守りなどを受けるサービスです。,http://fukui-medix.com/,福井市新保町19字35番1,0776-54-6322,厚生労働省オープンデータ,https://www.mhlw.go.jp/content/12300000/jigyosho_720.csv,2025-12末,https://www.google.com/search?q=%E3%81%82%E3%81%95%E3%81%8C%E3%81%8A%E3%81%AE%E5%AE%B6%20%E7%A6%8F%E4%BA%95%E5%B8%82
いちご　月見亭,認知症対応型デイサービス,福井県,福井市,"介護,認知症対応型デイサービス,認知症",日中に通って食事・入浴・機能訓練・見守りなどを受けるサービスです。,http://kenkoukai.or.jp/daycare/tsukimitei/,福井市月見４丁目２０－５０,0776-34-8815,厚生労働省オープンデータ,https://www.mhlw.go.jp/content/12300000/jigyosho_720.csv,2025-12末,https://www.google.com/search?q=%E3%81%84%E3%81%A1%E3%81%94%E3%80%80%E6%9C%88%E8%A6%8B%E4%BA%AD%20%E7%A6%8F%E4%BA%95%E5%B8%82
いなほの家,認知症対応型デイサービス,福井県,福井市,"介護,認知症対応型デイサービス,認知症",日中に通って食事・入浴・機能訓練・見守りなどを受けるサービスです。,http://fukui-medix.com/,福井市江端町20字20-24,0776-39-1525,厚生労働省オープンデータ,https://www.mhlw.go.jp/content/12300000/jigyosho_720.csv,2025-12末,https://www.google.com/search?q=%E3%81%84%E3%81%AA%E3%81%BB%E3%81%AE%E5%AE%B6%20%E7%A6%8F%E4%BA%95%E5%B8%82
県民せいきょう江守きらめきあったかホーム,認知症対応型デイサービス,福井県,福井市,"介護,認知症対応型デイサービス,認知症",日中に通って食事・入浴・機能訓練・見守りなどを受けるサービスです。,http://www.fukui.coop/,福井市江守中町第2号12番地,0776-35-0111,厚生労働省オープンデータ,https://www.mhlw.go.jp/content/12300000/jigyosho_720.csv,2025-12末,https://www.google.com/search?q=%E7%9C%8C%E6%B0%91%E3%81%9B%E3%81%84%E3%81%8D%E3%82%87%E3%81%86%E6%B1%9F%E5%AE%88%E3%81%8D%E3%82%89%E3%82%81%E3%81%8D%E3%81%82%E3%81%A3%E3%81%9F%E3%81%8B%E3%83%9B%E3%83%BC%E3%83%A0%20%E7%A6%8F%E4%BA%95%E5%B8%82
デイサービス　レインボー灯明寺,認知症対応型デイサービス,福井県,福井市,"介護,認知症対応型デイサービス,認知症",日中に通って食事・入浴・機能訓練・見守りなどを受けるサービスです。,http://rainbow-kaigo.com,福井県福井市灯明寺町59-12-1,0776-23-3060,厚生労働省オープンデータ,https://www.mhlw.go.jp/content/12300000/jigyosho_720.csv,2025-12末,https://www.google.com/search?q=%E3%83%87%E3%82%A4%E3%82%B5%E3%83%BC%E3%83%93%E3%82%B9%E3%80%80%E3%83%AC%E3%82%A4%E3%83%B3%E3%83%9C%E3%83%BC%E7%81%AF%E6%98%8E%E5%AF%BA%20%E7%A6%8F%E4%BA%95%E5%B8%82
かわにし苑デイサービス,認知症対応型デイサービス,福井県,福井市,"介護,認知症対応型デイサービス,認知症",日中に通って食事・入浴・機能訓練・見守りなどを受けるサービスです。,kawanishien.com,福井県福井市砂子坂町9-5,0776-83-1055,厚生労働省オープンデータ,https://www.mhlw.go.jp/content/12300000/jigyosho_720.csv,2025-12末,https://www.google.com/search?q=%E3%81%8B%E3%82%8F%E3%81%AB%E3%81%97%E8%8B%91%E3%83%87%E3%82%A4%E3%82%B5%E3%83%BC%E3%83%93%E3%82%B9%20%E7%A6%8F%E4%BA%95%E5%B8%82
県民せいきょう　岡保きらめきあったかホーム,認知症対応型デイサービス,福井県,福井市,"介護,認知症対応型デイサービス,認知症",日中に通って食事・入浴・機能訓練・見守りなどを受けるサービスです。,http://www.fukui.coop/,曽万布町7字18番1,0776-52-0810,厚生労働省オープンデータ,https://www.mhlw.go.jp/content/12300000/jigyosho_720.csv,2025-12末,https://www.google.com/search?q=%E7%9C%8C%E6%B0%91%E3%81%9B%E3%81%84%E3%81%8D%E3%82%87%E3%81%86%E3%80%80%E5%B2%A1%E4%BF%9D%E3%81%8D%E3%82%89%E3%82%81%E3%81%8D%E3%81%82%E3%81%A3%E3%81%9F%E3%81%8B%E3%83%9B%E3%83%BC%E3%83%A0%20%E7%A6%8F%E4%BA%95%E5%B8%82
和の家ぬくぬく,認知症対応型デイサービス,福井県,敦賀市,"介護,認知症対応型デイサービス,認知症",日中に通って食事・入浴・機能訓練・見守りなどを受けるサービスです。,http://www.fukui-min-iren.com/iryouseikyou/,福井県敦賀市公文名1号6番,0770-25-2929,厚生労働省オープンデータ,https://www.mhlw.go.jp/content/12300000/jigyosho_720.csv,2025-12末,https://www.google.com/search?q=%E5%92%8C%E3%81%AE%E5%AE%B6%E3%81%AC%E3%81%8F%E3%81%AC%E3%81%8F%20%E6%95%A6%E8%B3%80%E5%B8%82
県民せいきょう敦賀きらめきあったかホーム,認知症対応型デイサービス,福井県,敦賀市,"介護,認知症対応型デイサービス,認知症",日中に通って食事・入浴・機能訓練・見守りなどを受けるサービスです。,http://www.fukui.coop/,福井県敦賀市市野々町２丁目1554番県民せいきょう敦賀きらめき,0770-21-1500,厚生労働省オープンデータ,https://www.mhlw.go.jp/content/12300000/jigyosho_720.csv,2025-12末,https://www.google.com/search?q=%E7%9C%8C%E6%B0%91%E3%81%9B%E3%81%84%E3%81%8D%E3%82%87%E3%81%86%E6%95%A6%E8%B3%80%E3%81%8D%E3%82%89%E3%82%81%E3%81%8D%E3%81%82%E3%81%A3%E3%81%9F%E3%81%8B%E3%83%9B%E3%83%BC%E3%83%A0%20%E6%95%A6%E8%B3%80%E5%B8%82
社会参加型通所介護ネイバーズ,認知症対応型デイサービス,福井県,敦賀市,"介護,認知症対応型デイサービス,認知症",日中に通って食事・入浴・機能訓練・見守りなどを受けるサービスです。,https://kjinkai.jp/,敦賀市松島町2丁目6番35号,0770-22-8571,厚生労働省オープンデータ,https://www.mhlw.go.jp/content/12300000/jigyosho_720.csv,2025-12末,https://www.google.com/search?q=%E7%A4%BE%E4%BC%9A%E5%8F%82%E5%8A%A0%E5%9E%8B%E9%80%9A%E6%89%80%E4%BB%8B%E8%AD%B7%E3%83%8D%E3%82%A4%E3%83%90%E3%83%BC%E3%82%BA%20%E6%95%A6%E8%B3%80%E5%B8%82
大野和光園なかよしデイサービス,認知症対応型デイサービス,福井県,大野市,"介護,認知症対応型デイサービス,認知症",日中に通って食事・入浴・機能訓練・見守りなどを受けるサービスです。,http://www.ono-wakouen.jp/,福井県大野市篠座７９号１１番地,0779-66-2551,厚生労働省オープンデータ,https://www.mhlw.go.jp/content/12300000/jigyosho_720.csv,2025-12末,https://www.google.com/search?q=%E5%A4%A7%E9%87%8E%E5%92%8C%E5%85%89%E5%9C%92%E3%81%AA%E3%81%8B%E3%82%88%E3%81%97%E3%83%87%E3%82%A4%E3%82%B5%E3%83%BC%E3%83%93%E3%82%B9%20%E5%A4%A7%E9%87%8E%E5%B8%82
わらびょうデイサービスセンター,認知症対応型デイサービス,福井県,大野市,"介護,認知症対応型デイサービス,認知症",日中に通って食事・入浴・機能訓練・見守りなどを受けるサービスです。,http://www.saiseikai-seiwaen.jp/,大野市蕨生158-35,0779-64-5878,厚生労働省オープンデータ,https://www.mhlw.go.jp/content/12300000/jigyosho_720.csv,2025-12末,https://www.google.com/search?q=%E3%82%8F%E3%82%89%E3%81%B3%E3%82%87%E3%81%86%E3%83%87%E3%82%A4%E3%82%B5%E3%83%BC%E3%83%93%E3%82%B9%E3%82%BB%E3%83%B3%E3%82%BF%E3%83%BC%20%E5%A4%A7%E9%87%8E%E5%B8%82
デイサービスセンターよしの,認知症対応型デイサービス,福井県,勝山市,"介護,認知症対応型デイサービス,認知症",日中に通って食事・入浴・機能訓練・見守りなどを受けるサービスです。,http://k-sakurasou.jp,福井県勝山市芳野町２丁目1-11さくら荘在宅サービス支援センターさくらんぼ,0779-88-6501,厚生労働省オープンデータ,https://www.mhlw.go.jp/content/12300000/jigyosho_720.csv,2025-12末,https://www.google.com/search?q=%E3%83%87%E3%82%A4%E3%82%B5%E3%83%BC%E3%83%93%E3%82%B9%E3%82%BB%E3%83%B3%E3%82%BF%E3%83%BC%E3%82%88%E3%81%97%E3%81%AE%20%E5%8B%9D%E5%B1%B1%E5%B8%82
デイサービスはなみずき,認知症対応型デイサービス,福井県,勝山市,"介護,認知症対応型デイサービス,認知症",日中に通って食事・入浴・機能訓練・見守りなどを受けるサービスです。,https://www.hanamizuki-katsuyama.jp,福井県勝山市立川町１丁目１１－２４,0779-88-5600,厚生労働省オープンデータ,https://www.mhlw.go.jp/content/12300000/jigyosho_720.csv,2025-12末,https://www.google.com/search?q=%E3%83%87%E3%82%A4%E3%82%B5%E3%83%BC%E3%83%93%E3%82%B9%E3%81%AF%E3%81%AA%E3%81%BF%E3%81%9A%E3%81%8D%20%E5%8B%9D%E5%B1%B1%E5%B8%82
愛の家グループホーム勝山荒土,認知症対応型デイサービス,福井県,勝山市,"介護,認知症対応型デイサービス,認知症",日中に通って食事・入浴・機能訓練・見守りなどを受けるサービスです。,https://www.mcsg.co.jp/,福井県勝山市荒土町新保10号１０９番地２,0779-89-3880,厚生労働省オープンデータ,https://www.mhlw.go.jp/content/12300000/jigyosho_720.csv,2025-12末,https://www.google.com/search?q=%E6%84%9B%E3%81%AE%E5%AE%B6%E3%82%B0%E3%83%AB%E3%83%BC%E3%83%97%E3%83%9B%E3%83%BC%E3%83%A0%E5%8B%9D%E5%B1%B1%E8%8D%92%E5%9C%9F%20%E5%8B%9D%E5%B1%B1%E5%B8%82
ふれあいの家,認知症対応型デイサービス,福井県,鯖江市,"介護,認知症対応型デイサービス,認知症",日中に通って食事・入浴・機能訓練・見守りなどを受けるサービスです。,https://www.google.com/search?q=%E3%81%B5%E3%82%8C%E3%81%82%E3%81%84%E3%81%AE%E5%AE%B6%20%E9%AF%96%E6%B1%9F%E5%B8%82,福井県鯖江市吉谷町23-11,0778-77-0023,厚生労働省オープンデータ,https://www.mhlw.go.jp/content/12300000/jigyosho_720.csv,2025-12末,https://www.google.com/search?q=%E3%81%B5%E3%82%8C%E3%81%82%E3%81%84%E3%81%AE%E5%AE%B6%20%E9%AF%96%E6%B1%9F%E5%B8%82
グループホームおしどり,認知症対応型デイサービス,福井県,鯖江市,"介護,認知症対応型デイサービス,認知症",日中に通って食事・入浴・機能訓練・見守りなどを受けるサービスです。,http://www.touyoukai.or.jp,別司町41-30,0778-65-3120,厚生労働省オープンデータ,https://www.mhlw.go.jp/content/12300000/jigyosho_720.csv,2025-12末,https://www.google.com/search?q=%E3%82%B0%E3%83%AB%E3%83%BC%E3%83%97%E3%83%9B%E3%83%BC%E3%83%A0%E3%81%8A%E3%81%97%E3%81%A9%E3%82%8A%20%E9%AF%96%E6%B1%9F%E5%B8%82
認知症対応型通所介護　グループホームさばえ,認知症対応型デイサービス,福井県,鯖江市,"介護,認知症対応型デイサービス,認知症",日中に通って食事・入浴・機能訓練・見守りなどを受けるサービスです。,https://www.jujinkai.or.jp/zaitaku,鯖江市旭町４丁目９-１０介護医療院かがやき,0778-51-2755,厚生労働省オープンデータ,https://www.mhlw.go.jp/content/12300000/jigyosho_720.csv,2025-12末,https://www.google.com/search?q=%E8%AA%8D%E7%9F%A5%E7%97%87%E5%AF%BE%E5%BF%9C%E5%9E%8B%E9%80%9A%E6%89%80%E4%BB%8B%E8%AD%B7%E3%80%80%E3%82%B0%E3%83%AB%E3%83%BC%E3%83%97%E3%83%9B%E3%83%BC%E3%83%A0%E3%81%95%E3%81%B0%E3%81%88%20%E9%AF%96%E6%B1%9F%E5%B8%82
県民せいきょう鯖江きらめき　あったかホーム,認知症対応型デイサービス,福井県,鯖江市,"介護,認知症対応型デイサービス,認知症",日中に通って食事・入浴・機能訓練・見守りなどを受けるサービスです。,http://www.fukui.coop/,小黒町3丁目10-21,0778-52-9060,厚生労働省オープンデータ,https://www.mhlw.go.jp/content/12300000/jigyosho_720.csv,2025-12末,https://www.google.com/search?q=%E7%9C%8C%E6%B0%91%E3%81%9B%E3%81%84%E3%81%8D%E3%82%87%E3%81%86%E9%AF%96%E6%B1%9F%E3%81%8D%E3%82%89%E3%82%81%E3%81%8D%E3%80%80%E3%81%82%E3%81%A3%E3%81%9F%E3%81%8B%E3%83%9B%E3%83%BC%E3%83%A0%20%E9%AF%96%E6%B1%9F%E5%B8%82
湯の町メロン苑デイサービスセンター,認知症対応型デイサービス,福井県,あわら市,"介護,認知症対応型デイサービス,認知症",日中に通って食事・入浴・機能訓練・見守りなどを受けるサービスです。,http://www.meron-en.or.jp/,福井県あわら市二面４２－２０,0776-77-1288,厚生労働省オープンデータ,https://www.mhlw.go.jp/content/12300000/jigyosho_720.csv,2025-12末,https://www.google.com/search?q=%E6%B9%AF%E3%81%AE%E7%94%BA%E3%83%A1%E3%83%AD%E3%83%B3%E8%8B%91%E3%83%87%E3%82%A4%E3%82%B5%E3%83%BC%E3%83%93%E3%82%B9%E3%82%BB%E3%83%B3%E3%82%BF%E3%83%BC%20%E3%81%82%E3%82%8F%E3%82%89%E5%B8%82
越前市社会福祉協議会　デイサービスセンターやふね,認知症対応型デイサービス,福井県,越前市,"介護,認知症対応型デイサービス,認知症",日中に通って食事・入浴・機能訓練・見守りなどを受けるサービスです。,https://www.google.com/search?q=%E8%B6%8A%E5%89%8D%E5%B8%82%E7%A4%BE%E4%BC%9A%E7%A6%8F%E7%A5%89%E5%8D%94%E8%AD%B0%E4%BC%9A%E3%80%80%E3%83%87%E3%82%A4%E3%82%B5%E3%83%BC%E3%83%93%E3%82%B9%E3%82%BB%E3%83%B3%E3%82%BF%E3%83%BC%E3%82%84%E3%81%B5%E3%81%AD%20%E8%B6%8A%E5%89%8D%E5%B8%82,福井県越前市矢船町第8号12番地2,0778-25-0113,厚生労働省オープンデータ,https://www.mhlw.go.jp/content/12300000/jigyosho_720.csv,2025-12末,https://www.google.com/search?q=%E8%B6%8A%E5%89%8D%E5%B8%82%E7%A4%BE%E4%BC%9A%E7%A6%8F%E7%A5%89%E5%8D%94%E8%AD%B0%E4%BC%9A%E3%80%80%E3%83%87%E3%82%A4%E3%82%B5%E3%83%BC%E3%83%93%E3%82%B9%E3%82%BB%E3%83%B3%E3%82%BF%E3%83%BC%E3%82%84%E3%81%B5%E3%81%AD%20%E8%B6%8A%E5%89%8D%E5%B8%82
デイサービスセンター　らくらく,認知症対応型デイサービス,福井県,越前市,"介護,認知症対応型デイサービス,認知症",日中に通って食事・入浴・機能訓練・見守りなどを受けるサービスです。,http://www.ichibankaigo,福井県越前市稲寄町12-8-5,0778-22-2120,厚生労働省オープンデータ,https://www.mhlw.go.jp/content/12300000/jigyosho_720.csv,2025-12末,https://www.google.com/search?q=%E3%83%87%E3%82%A4%E3%82%B5%E3%83%BC%E3%83%93%E3%82%B9%E3%82%BB%E3%83%B3%E3%82%BF%E3%83%BC%E3%80%80%E3%82%89%E3%81%8F%E3%82%89%E3%81%8F%20%E8%B6%8A%E5%89%8D%E5%B8%82
県民せいきょう丹南きらめきあったかホーム,認知症対応型デイサービス,福井県,越前市,"介護,認知症対応型デイサービス,認知症",日中に通って食事・入浴・機能訓練・見守りなどを受けるサービスです。,http://www.fukui.coop/,福井県越前市家久町49字,0778-22-5002,厚生労働省オープンデータ,https://www.mhlw.go.jp/content/12300000/jigyosho_720.csv,2025-12末,https://www.google.com/search?q=%E7%9C%8C%E6%B0%91%E3%81%9B%E3%81%84%E3%81%8D%E3%82%87%E3%81%86%E4%B8%B9%E5%8D%97%E3%81%8D%E3%82%89%E3%82%81%E3%81%8D%E3%81%82%E3%81%A3%E3%81%9F%E3%81%8B%E3%83%9B%E3%83%BC%E3%83%A0%20%E8%B6%8A%E5%89%8D%E5%B8%82
認知症対応型通所介護事業所　いこいの家,認知症対応型デイサービス,福井県,越前市,"介護,認知症対応型デイサービス,認知症",日中に通って食事・入浴・機能訓練・見守りなどを受けるサービスです。,http://www.ikoinoie-f.com,越前市粟田部町４２－５－４,0778-43-1906,厚生労働省オープンデータ,https://www.mhlw.go.jp/content/12300000/jigyosho_720.csv,2025-12末,https://www.google.com/search?q=%E8%AA%8D%E7%9F%A5%E7%97%87%E5%AF%BE%E5%BF%9C%E5%9E%8B%E9%80%9A%E6%89%80%E4%BB%8B%E8%AD%B7%E4%BA%8B%E6%A5%AD%E6%89%80%E3%80%80%E3%81%84%E3%81%93%E3%81%84%E3%81%AE%E5%AE%B6%20%E8%B6%8A%E5%89%8D%E5%B8%82
越前市社会福祉協議会デイサービスセンターつねひさ,認知症対応型デイサービス,福井県,越前市,"介護,認知症対応型デイサービス,認知症",日中に通って食事・入浴・機能訓練・見守りなどを受けるサービスです。,https://www.google.com/search?q=%E8%B6%8A%E5%89%8D%E5%B8%82%E7%A4%BE%E4%BC%9A%E7%A6%8F%E7%A5%89%E5%8D%94%E8%AD%B0%E4%BC%9A%E3%83%87%E3%82%A4%E3%82%B5%E3%83%BC%E3%83%93%E3%82%B9%E3%82%BB%E3%83%B3%E3%82%BF%E3%83%BC%E3%81%A4%E3%81%AD%E3%81%B2%E3%81%95%20%E8%B6%8A%E5%89%8D%E5%B8%82,福井県越前市常久町第1号15番地の1,0778-25-0550,厚生労働省オープンデータ,https://www.mhlw.go.jp/content/12300000/jigyosho_720.csv,2025-12末,https://www.google.com/search?q=%E8%B6%8A%E5%89%8D%E5%B8%82%E7%A4%BE%E4%BC%9A%E7%A6%8F%E7%A5%89%E5%8D%94%E8%AD%B0%E4%BC%9A%E3%83%87%E3%82%A4%E3%82%B5%E3%83%BC%E3%83%93%E3%82%B9%E3%82%BB%E3%83%B3%E3%82%BF%E3%83%BC%E3%81%A4%E3%81%AD%E3%81%B2%E3%81%95%20%E8%B6%8A%E5%89%8D%E5%B8%82
長寿の郷　デイホームおもいでな,認知症対応型デイサービス,福井県,坂井市,"介護,認知症対応型デイサービス,認知症",日中に通って食事・入浴・機能訓練・見守りなどを受けるサービスです。,http://www.choujuen.com/,福井県坂井市丸岡町八ケ郷22-5,0776-67-8900,厚生労働省オープンデータ,https://www.mhlw.go.jp/content/12300000/jigyosho_720.csv,2025-12末,https://www.google.com/search?q=%E9%95%B7%E5%AF%BF%E3%81%AE%E9%83%B7%E3%80%80%E3%83%87%E3%82%A4%E3%83%9B%E3%83%BC%E3%83%A0%E3%81%8A%E3%82%82%E3%81%84%E3%81%A7%E3%81%AA%20%E5%9D%82%E4%BA%95%E5%B8%82
認知症対応型通所介護事業所　アプトケア・三国,認知症対応型デイサービス,福井県,坂井市,"介護,認知症対応型デイサービス,認知症",日中に通って食事・入浴・機能訓練・見守りなどを受けるサービスです。,http://aptcare.jp,福井県坂井市三国町三国東２丁目９－２３,０７７６－６０－０１０５,厚生労働省オープンデータ,https://www.mhlw.go.jp/content/12300000/jigyosho_720.csv,2025-12末,https://www.google.com/search?q=%E8%AA%8D%E7%9F%A5%E7%97%87%E5%AF%BE%E5%BF%9C%E5%9E%8B%E9%80%9A%E6%89%80%E4%BB%8B%E8%AD%B7%E4%BA%8B%E6%A5%AD%E6%89%80%E3%80%80%E3%82%A2%E3%83%97%E3%83%88%E3%82%B1%E3%82%A2%E3%83%BB%E4%B8%89%E5%9B%BD%20%E5%9D%82%E4%BA%95%E5%B8%82
県民せいきょう　坂井きらめき　あったかホーム,認知症対応型デイサービス,福井県,坂井市,"介護,認知症対応型デイサービス,認知症",日中に通って食事・入浴・機能訓練・見守りなどを受けるサービスです。,http://www.fukui.coop/care/shisetsu/sakai-kirameki/,坂井市坂井町大味56号,0776-72-3801,厚生労働省オープンデータ,https://www.mhlw.go.jp/content/12300000/jigyosho_720.csv,2025-12末,https://www.google.com/search?q=%E7%9C%8C%E6%B0%91%E3%81%9B%E3%81%84%E3%81%8D%E3%82%87%E3%81%86%E3%80%80%E5%9D%82%E4%BA%95%E3%81%8D%E3%82%89%E3%82%81%E3%81%8D%E3%80%80%E3%81%82%E3%81%A3%E3%81%9F%E3%81%8B%E3%83%9B%E3%83%BC%E3%83%A0%20%E5%9D%82%E4%BA%95%E5%B8%82
プライムハイツ春江デイサービスセンター,認知症対応型デイサービス,福井県,坂井市,"介護,認知症対応型デイサービス,認知症",日中に通って食事・入浴・機能訓練・見守りなどを受けるサービスです。,http://fj-g.jp,福井県坂井市春江町針原59-2,0776-51-0400,厚生労働省オープンデータ,https://www.mhlw.go.jp/content/12300000/jigyosho_720.csv,2025-12末,https://www.google.com/search?q=%E3%83%97%E3%83%A9%E3%82%A4%E3%83%A0%E3%83%8F%E3%82%A4%E3%83%84%E6%98%A5%E6%B1%9F%E3%83%87%E3%82%A4%E3%82%B5%E3%83%BC%E3%83%93%E3%82%B9%E3%82%BB%E3%83%B3%E3%82%BF%E3%83%BC%20%E5%9D%82%E4%BA%95%E5%B8%82
宮崎病院認知症対応型通所介護　そよかぜ,認知症対応型デイサービス,福井県,坂井市,"介護,認知症対応型デイサービス,認知症",日中に通って食事・入浴・機能訓練・見守りなどを受けるサービスです。,http://www.miyazaki-hp.com/,坂井市三国町北本町2-2-6,0776-82-1002,厚生労働省オープンデータ,https://www.mhlw.go.jp/content/12300000/jigyosho_720.csv,2025-12末,https://www.google.com/search?q=%E5%AE%AE%E5%B4%8E%E7%97%85%E9%99%A2%E8%AA%8D%E7%9F%A5%E7%97%87%E5%AF%BE%E5%BF%9C%E5%9E%8B%E9%80%9A%E6%89%80%E4%BB%8B%E8%AD%B7%E3%80%80%E3%81%9D%E3%82%88%E3%81%8B%E3%81%9C%20%E5%9D%82%E4%BA%95%E5%B8%82
潟池野デイサービスセンター,認知症対応型デイサービス,福井県,坂井市,"介護,認知症対応型デイサービス,認知症",日中に通って食事・入浴・機能訓練・見守りなどを受けるサービスです。,https://s-fukushi.or.jp/kataikeno/,福井県坂井市坂井町下関42-4-2,0776-72-0100,厚生労働省オープンデータ,https://www.mhlw.go.jp/content/12300000/jigyosho_720.csv,2025-12末,https://www.google.com/search?q=%E6%BD%9F%E6%B1%A0%E9%87%8E%E3%83%87%E3%82%A4%E3%82%B5%E3%83%BC%E3%83%93%E3%82%B9%E3%82%BB%E3%83%B3%E3%82%BF%E3%83%BC%20%E5%9D%82%E4%BA%95%E5%B8%82
認知症対応型通所介護ありんこ,認知症対応型デイサービス,福井県,坂井市,"介護,認知症対応型デイサービス,認知症",日中に通って食事・入浴・機能訓練・見守りなどを受けるサービスです。,http://www.shine-fukui.com/,福井県坂井市春江町江留下宇和江19番地,0776-50-2883,厚生労働省オープンデータ,https://www.mhlw.go.jp/content/12300000/jigyosho_720.csv,2025-12末,https://www.google.com/search?q=%E8%AA%8D%E7%9F%A5%E7%97%87%E5%AF%BE%E5%BF%9C%E5%9E%8B%E9%80%9A%E6%89%80%E4%BB%8B%E8%AD%B7%E3%81%82%E3%82%8A%E3%82%93%E3%81%93%20%E5%9D%82%E4%BA%95%E5%B8%82
デイサービスセンターいこい・ほほえみ,認知症対応型デイサービス,福井県,坂井市,"介護,認知症対応型デイサービス,認知症",日中に通って食事・入浴・機能訓練・見守りなどを受けるサービスです。,http://www.hakurakuso.com/,福井県坂井市三国町梶49-18,0776-82-5383,厚生労働省オープンデータ,https://www.mhlw.go.jp/content/12300000/jigyosho_720.csv,2025-12末,https://www.google.com/search?q=%E3%83%87%E3%82%A4%E3%82%B5%E3%83%BC%E3%83%93%E3%82%B9%E3%82%BB%E3%83%B3%E3%82%BF%E3%83%BC%E3%81%84%E3%81%93%E3%81%84%E3%83%BB%E3%81%BB%E3%81%BB%E3%81%88%E3%81%BF%20%E5%9D%82%E4%BA%95%E5%B8%82
小規模デイサービス　あおぞら,認知症対応型デイサービス,福井県,坂井市,"介護,認知症対応型デイサービス,認知症",日中に通って食事・入浴・機能訓練・見守りなどを受けるサービスです。,http://fj-g.jp/,福井県坂井市三国町陣ヶ岡35-1-8東尋坊ロイヤルハイツ内,0776-82-1510,厚生労働省オープンデータ,https://www.mhlw.go.jp/content/12300000/jigyosho_720.csv,2025-12末,https://www.google.com/search?q=%E5%B0%8F%E8%A6%8F%E6%A8%A1%E3%83%87%E3%82%A4%E3%82%B5%E3%83%BC%E3%83%93%E3%82%B9%E3%80%80%E3%81%82%E3%81%8A%E3%81%9E%E3%82%89%20%E5%9D%82%E4%BA%95%E5%B8%82
いちごデイセンター松岡,認知症対応型デイサービス,福井県,永平寺町,"介護,認知症対応型デイサービス,認知症",日中に通って食事・入浴・機能訓練・見守りなどを受けるサービスです。,http://www.kenkoukai.or.jp,永平寺町松岡志比堺8-5,0776-61-6615,厚生労働省オープンデータ,https://www.mhlw.go.jp/content/12300000/jigyosho_720.csv,2025-12末,https://www.google.com/search?q=%E3%81%84%E3%81%A1%E3%81%94%E3%83%87%E3%82%A4%E3%82%BB%E3%83%B3%E3%82%BF%E3%83%BC%E6%9D%BE%E5%B2%A1%20%E6%B0%B8%E5%B9%B3%E5%AF%BA%E7%94%BA
朝焼けとひつじ雲,小規模多機能型居宅介護,福井県,福井市,"介護,小規模多機能型居宅介護",小規模多機能型居宅介護の公式オープンデータから取り込んだ候補です。詳細は公式情報・電話・見学で確認してください。,https://yuzuriha.p-kit.com/,福井県福井市石盛２丁目２０１５番地,0776-97-9077,厚生労働省オープンデータ,https://www.mhlw.go.jp/content/12300000/jigyosho_730.csv,2025-12末,https://www.google.com/search?q=%E6%9C%9D%E7%84%BC%E3%81%91%E3%81%A8%E3%81%B2%E3%81%A4%E3%81%98%E9%9B%B2%20%E7%A6%8F%E4%BA%95%E5%B8%82
ほのか,小規模多機能型居宅介護,福井県,福井市,"介護,小規模多機能型居宅介護",小規模多機能型居宅介護の公式オープンデータから取り込んだ候補です。詳細は公式情報・電話・見学で確認してください。,http://www.care-unit.com/,福井県福井市灯明寺1丁目2401番地,0776-37-3333,厚生労働省オープンデータ,https://www.mhlw.go.jp/content/12300000/jigyosho_730.csv,2025-12末,https://www.google.com/search?q=%E3%81%BB%E3%81%AE%E3%81%8B%20%E7%A6%8F%E4%BA%95%E5%B8%82
小規模多機能型居宅介護ゆずり葉,小規模多機能型居宅介護,福井県,福井市,"介護,小規模多機能型居宅介護",小規模多機能型居宅介護の公式オープンデータから取り込んだ候補です。詳細は公式情報・電話・見学で確認してください。,https://yuzuriha.p-kit.com/,福井県福井市春日３丁目１００９,0776-97-5560,厚生労働省オープンデータ,https://www.mhlw.go.jp/content/12300000/jigyosho_730.csv,2025-12末,https://www.google.com/search?q=%E5%B0%8F%E8%A6%8F%E6%A8%A1%E5%A4%9A%E6%A9%9F%E8%83%BD%E5%9E%8B%E5%B1%85%E5%AE%85%E4%BB%8B%E8%AD%B7%E3%82%86%E3%81%9A%E3%82%8A%E8%91%89%20%E7%A6%8F%E4%BA%95%E5%B8%82
小規模多機能型居宅介護事業所　いろどり三郎丸,小規模多機能型居宅介護,福井県,福井市,"介護,小規模多機能型居宅介護",小規模多機能型居宅介護の公式オープンデータから取り込んだ候補です。詳細は公式情報・電話・見学で確認してください。,http://www.shinkai-co.com/,福井県福井市三郎丸1丁目109番,0776-63-5068,厚生労働省オープンデータ,https://www.mhlw.go.jp/content/12300000/jigyosho_730.csv,2025-12末,https://www.google.com/search?q=%E5%B0%8F%E8%A6%8F%E6%A8%A1%E5%A4%9A%E6%A9%9F%E8%83%BD%E5%9E%8B%E5%B1%85%E5%AE%85%E4%BB%8B%E8%AD%B7%E4%BA%8B%E6%A5%AD%E6%89%80%E3%80%80%E3%81%84%E3%82%8D%E3%81%A9%E3%82%8A%E4%B8%89%E9%83%8E%E4%B8%B8%20%E7%A6%8F%E4%BA%95%E5%B8%82
小規模多機能型居宅介護事業所　いろどり二の宮,小規模多機能型居宅介護,福井県,福井市,"介護,小規模多機能型居宅介護",小規模多機能型居宅介護の公式オープンデータから取り込んだ候補です。詳細は公式情報・電話・見学で確認してください。,http://www.shinkai-co.com/,福井市二の宮3丁目32-21,0776-21-0755,厚生労働省オープンデータ,https://www.mhlw.go.jp/content/12300000/jigyosho_730.csv,2025-12末,https://www.google.com/search?q=%E5%B0%8F%E8%A6%8F%E6%A8%A1%E5%A4%9A%E6%A9%9F%E8%83%BD%E5%9E%8B%E5%B1%85%E5%AE%85%E4%BB%8B%E8%AD%B7%E4%BA%8B%E6%A5%AD%E6%89%80%E3%80%80%E3%81%84%E3%82%8D%E3%81%A9%E3%82%8A%E4%BA%8C%E3%81%AE%E5%AE%AE%20%E7%A6%8F%E4%BA%95%E5%B8%82
小規模多機能型居宅介護支援事業所「わがや」,小規模多機能型居宅介護,福井県,福井市,"介護,小規模多機能型居宅介護",小規模多機能型居宅介護の公式オープンデータから取り込んだ候補です。詳細は公式情報・電話・見学で確認してください。,nioiin.com/,福井県福井市宝永3丁目25番8号小規模多機能型居宅介護支援事業所「わがや」,0776-97-8083,厚生労働省オープンデータ,https://www.mhlw.go.jp/content/12300000/jigyosho_730.csv,2025-12末,https://www.google.com/search?q=%E5%B0%8F%E8%A6%8F%E6%A8%A1%E5%A4%9A%E6%A9%9F%E8%83%BD%E5%9E%8B%E5%B1%85%E5%AE%85%E4%BB%8B%E8%AD%B7%E6%94%AF%E6%8F%B4%E4%BA%8B%E6%A5%AD%E6%89%80%E3%80%8C%E3%82%8F%E3%81%8C%E3%82%84%E3%80%8D%20%E7%A6%8F%E4%BA%95%E5%B8%82
つどいの家・よかったね,小規模多機能型居宅介護,福井県,福井市,"介護,小規模多機能型居宅介護",小規模多機能型居宅介護の公式オープンデータから取り込んだ候補です。詳細は公式情報・電話・見学で確認してください。,http://care-net.biz/18,福井市松本２丁目２５番１６号,(0776)-27-584,厚生労働省オープンデータ,https://www.mhlw.go.jp/content/12300000/jigyosho_730.csv,2025-12末,https://www.google.com/search?q=%E3%81%A4%E3%81%A9%E3%81%84%E3%81%AE%E5%AE%B6%E3%83%BB%E3%82%88%E3%81%8B%E3%81%A3%E3%81%9F%E3%81%AD%20%E7%A6%8F%E4%BA%95%E5%B8%82
くつろぎの家・よかったね,小規模多機能型居宅介護,福井県,福井市,"介護,小規模多機能型居宅介護",小規模多機能型居宅介護の公式オープンデータから取り込んだ候補です。詳細は公式情報・電話・見学で確認してください。,https://care-friends.com,福井県福井市照手1丁目16-16絆マンション,0776-30-0051,厚生労働省オープンデータ,https://www.mhlw.go.jp/content/12300000/jigyosho_730.csv,2025-12末,https://www.google.com/search?q=%E3%81%8F%E3%81%A4%E3%82%8D%E3%81%8E%E3%81%AE%E5%AE%B6%E3%83%BB%E3%82%88%E3%81%8B%E3%81%A3%E3%81%9F%E3%81%AD%20%E7%A6%8F%E4%BA%95%E5%B8%82
楽家,小規模多機能型居宅介護,福井県,福井市,"介護,小規模多機能型居宅介護",小規模多機能型居宅介護の公式オープンデータから取り込んだ候補です。詳細は公式情報・電話・見学で確認してください。,https://www.koyokai-fukui.com/care/rakuya1.php,福井市上野本町1丁目3912番地,0776-56-8808,厚生労働省オープンデータ,https://www.mhlw.go.jp/content/12300000/jigyosho_730.csv,2025-12末,https://www.google.com/search?q=%E6%A5%BD%E5%AE%B6%20%E7%A6%8F%E4%BA%95%E5%B8%82
小規模多機能型居宅介護事業所美山,小規模多機能型居宅介護,福井県,福井市,"介護,小規模多機能型居宅介護",小規模多機能型居宅介護の公式オープンデータから取り込んだ候補です。詳細は公式情報・電話・見学で確認してください。,http://www.asuwafukushikai.jp/gh-miyama/,福井県福井市美山町6-1,0776-90-3330,厚生労働省オープンデータ,https://www.mhlw.go.jp/content/12300000/jigyosho_730.csv,2025-12末,https://www.google.com/search?q=%E5%B0%8F%E8%A6%8F%E6%A8%A1%E5%A4%9A%E6%A9%9F%E8%83%BD%E5%9E%8B%E5%B1%85%E5%AE%85%E4%BB%8B%E8%AD%B7%E4%BA%8B%E6%A5%AD%E6%89%80%E7%BE%8E%E5%B1%B1%20%E7%A6%8F%E4%BA%95%E5%B8%82
活き生きほっと俱楽部福井,小規模多機能型居宅介護,福井県,福井市,"介護,小規模多機能型居宅介護",小規模多機能型居宅介護の公式オープンデータから取り込んだ候補です。詳細は公式情報・電話・見学で確認してください。,http://www.hotreha.com,福井県福井市大和田2-2101,0776-57-1055,厚生労働省オープンデータ,https://www.mhlw.go.jp/content/12300000/jigyosho_730.csv,2025-12末,https://www.google.com/search?q=%E6%B4%BB%E3%81%8D%E7%94%9F%E3%81%8D%E3%81%BB%E3%81%A3%E3%81%A8%E4%BF%B1%E6%A5%BD%E9%83%A8%E7%A6%8F%E4%BA%95%20%E7%A6%8F%E4%BA%95%E5%B8%82
よりそいの家・よかったね,小規模多機能型居宅介護,福井県,福井市,"介護,小規模多機能型居宅介護",小規模多機能型居宅介護の公式オープンデータから取り込んだ候補です。詳細は公式情報・電話・見学で確認してください。,https://care-friends.com,福井県福井市丸山２丁目５１４番地レリエフ丸山1F,0776-88-0031,厚生労働省オープンデータ,https://www.mhlw.go.jp/content/12300000/jigyosho_730.csv,2025-12末,https://www.google.com/search?q=%E3%82%88%E3%82%8A%E3%81%9D%E3%81%84%E3%81%AE%E5%AE%B6%E3%83%BB%E3%82%88%E3%81%8B%E3%81%A3%E3%81%9F%E3%81%AD%20%E7%A6%8F%E4%BA%95%E5%B8%82
県民せいきょう小規模多機能ホーム江守きらめきハウス,小規模多機能型居宅介護,福井県,福井市,"介護,小規模多機能型居宅介護",小規模多機能型居宅介護の公式オープンデータから取り込んだ候補です。詳細は公式情報・電話・見学で確認してください。,http://www.fukui.coop/,福井市江守中町第2号12番地,0776-35-0211,厚生労働省オープンデータ,https://www.mhlw.go.jp/content/12300000/jigyosho_730.csv,2025-12末,https://www.google.com/search?q=%E7%9C%8C%E6%B0%91%E3%81%9B%E3%81%84%E3%81%8D%E3%82%87%E3%81%86%E5%B0%8F%E8%A6%8F%E6%A8%A1%E5%A4%9A%E6%A9%9F%E8%83%BD%E3%83%9B%E3%83%BC%E3%83%A0%E6%B1%9F%E5%AE%88%E3%81%8D%E3%82%89%E3%82%81%E3%81%8D%E3%83%8F%E3%82%A6%E3%82%B9%20%E7%A6%8F%E4%BA%95%E5%B8%82
ほほえみの家・よかったね,小規模多機能型居宅介護,福井県,福井市,"介護,小規模多機能型居宅介護",小規模多機能型居宅介護の公式オープンデータから取り込んだ候補です。詳細は公式情報・電話・見学で確認してください。,https://care-friends.com,四十谷町5番18号1,0776-59-2311,厚生労働省オープンデータ,https://www.mhlw.go.jp/content/12300000/jigyosho_730.csv,2025-12末,https://www.google.com/search?q=%E3%81%BB%E3%81%BB%E3%81%88%E3%81%BF%E3%81%AE%E5%AE%B6%E3%83%BB%E3%82%88%E3%81%8B%E3%81%A3%E3%81%9F%E3%81%AD%20%E7%A6%8F%E4%BA%95%E5%B8%82
小規模多機能型居宅介護ぽかぽか,小規模多機能型居宅介護,福井県,福井市,"介護,小規模多機能型居宅介護",小規模多機能型居宅介護の公式オープンデータから取り込んだ候補です。詳細は公式情報・電話・見学で確認してください。,http://www.kotobukinokai.com/,福井市菅谷１丁目１３－１９,0776-25-5567,厚生労働省オープンデータ,https://www.mhlw.go.jp/content/12300000/jigyosho_730.csv,2025-12末,https://www.google.com/search?q=%E5%B0%8F%E8%A6%8F%E6%A8%A1%E5%A4%9A%E6%A9%9F%E8%83%BD%E5%9E%8B%E5%B1%85%E5%AE%85%E4%BB%8B%E8%AD%B7%E3%81%BD%E3%81%8B%E3%81%BD%E3%81%8B%20%E7%A6%8F%E4%BA%95%E5%B8%82
小規模多機能ホーム　二の丸苑,小規模多機能型居宅介護,福井県,福井市,"介護,小規模多機能型居宅介護",小規模多機能型居宅介護の公式オープンデータから取り込んだ候補です。詳細は公式情報・電話・見学で確認してください。,http://www.ninomaruen@muse.ocn.ne.jp,福井市大手2丁目21-3,0776-26-2120,厚生労働省オープンデータ,https://www.mhlw.go.jp/content/12300000/jigyosho_730.csv,2025-12末,https://www.google.com/search?q=%E5%B0%8F%E8%A6%8F%E6%A8%A1%E5%A4%9A%E6%A9%9F%E8%83%BD%E3%83%9B%E3%83%BC%E3%83%A0%E3%80%80%E4%BA%8C%E3%81%AE%E4%B8%B8%E8%8B%91%20%E7%A6%8F%E4%BA%95%E5%B8%82
小規模多機能　ほおずき,小規模多機能型居宅介護,福井県,福井市,"介護,小規模多機能型居宅介護",小規模多機能型居宅介護の公式オープンデータから取り込んだ候補です。詳細は公式情報・電話・見学で確認してください。,http://www.kenrakukai.jp/higashiago/,福井市大瀬町２３－１０１,0776-35-0877,厚生労働省オープンデータ,https://www.mhlw.go.jp/content/12300000/jigyosho_730.csv,2025-12末,https://www.google.com/search?q=%E5%B0%8F%E8%A6%8F%E6%A8%A1%E5%A4%9A%E6%A9%9F%E8%83%BD%E3%80%80%E3%81%BB%E3%81%8A%E3%81%9A%E3%81%8D%20%E7%A6%8F%E4%BA%95%E5%B8%82
あさくらの家　東郷,小規模多機能型居宅介護,福井県,福井市,"介護,小規模多機能型居宅介護",小規模多機能型居宅介護の公式オープンデータから取り込んだ候補です。詳細は公式情報・電話・見学で確認してください。,http://www.asakuraen.jp,福井市東郷二ヶ町6-2-1,0776-41-8500,厚生労働省オープンデータ,https://www.mhlw.go.jp/content/12300000/jigyosho_730.csv,2025-12末,https://www.google.com/search?q=%E3%81%82%E3%81%95%E3%81%8F%E3%82%89%E3%81%AE%E5%AE%B6%E3%80%80%E6%9D%B1%E9%83%B7%20%E7%A6%8F%E4%BA%95%E5%B8%82
森のイスキア,小規模多機能型居宅介護,福井県,福井市,"介護,小規模多機能型居宅介護",小規模多機能型居宅介護の公式オープンデータから取り込んだ候補です。詳細は公式情報・電話・見学で確認してください。,http://snow-dp.co.jp/,福井市和田東２丁目７０４番地,0776-43-0323,厚生労働省オープンデータ,https://www.mhlw.go.jp/content/12300000/jigyosho_730.csv,2025-12末,https://www.google.com/search?q=%E6%A3%AE%E3%81%AE%E3%82%A4%E3%82%B9%E3%82%AD%E3%82%A2%20%E7%A6%8F%E4%BA%95%E5%B8%82
県民せいきょう小規模多機能ホーム岡保きらめきハウス,小規模多機能型居宅介護,福井県,福井市,"介護,小規模多機能型居宅介護",小規模多機能型居宅介護の公式オープンデータから取り込んだ候補です。詳細は公式情報・電話・見学で確認してください。,http://www.fukui.coop/,曽万布町7字18番1,0776-52-0830,厚生労働省オープンデータ,https://www.mhlw.go.jp/content/12300000/jigyosho_730.csv,2025-12末,https://www.google.com/search?q=%E7%9C%8C%E6%B0%91%E3%81%9B%E3%81%84%E3%81%8D%E3%82%87%E3%81%86%E5%B0%8F%E8%A6%8F%E6%A8%A1%E5%A4%9A%E6%A9%9F%E8%83%BD%E3%83%9B%E3%83%BC%E3%83%A0%E5%B2%A1%E4%BF%9D%E3%81%8D%E3%82%89%E3%82%81%E3%81%8D%E3%83%8F%E3%82%A6%E3%82%B9%20%E7%A6%8F%E4%BA%95%E5%B8%82
県民せいきょう小規模多機能ホーム　宝永きらめきハウス,小規模多機能型居宅介護,福井県,福井市,"介護,小規模多機能型居宅介護",小規模多機能型居宅介護の公式オープンデータから取り込んだ候補です。詳細は公式情報・電話・見学で確認してください。,http://www.fukui.coop/care/shisetsu/hoei-kirameki/,福井市宝永３丁目３－１,0776-24-0800,厚生労働省オープンデータ,https://www.mhlw.go.jp/content/12300000/jigyosho_730.csv,2025-12末,https://www.google.com/search?q=%E7%9C%8C%E6%B0%91%E3%81%9B%E3%81%84%E3%81%8D%E3%82%87%E3%81%86%E5%B0%8F%E8%A6%8F%E6%A8%A1%E5%A4%9A%E6%A9%9F%E8%83%BD%E3%83%9B%E3%83%BC%E3%83%A0%E3%80%80%E5%AE%9D%E6%B0%B8%E3%81%8D%E3%82%89%E3%82%81%E3%81%8D%E3%83%8F%E3%82%A6%E3%82%B9%20%E7%A6%8F%E4%BA%95%E5%B8%82
やすらぎの家,小規模多機能型居宅介護,福井県,福井市,"介護,小規模多機能型居宅介護",小規模多機能型居宅介護の公式オープンデータから取り込んだ候補です。詳細は公式情報・電話・見学で確認してください。,ｗｗｗ．ｆｕｋｕ．ｋｏｕｍｙｏｕｊｉ．ｊｐ,福井県福井市日之出３丁目１２－８やすらぎの家,0776-27-1149,厚生労働省オープンデータ,https://www.mhlw.go.jp/content/12300000/jigyosho_730.csv,2025-12末,https://www.google.com/search?q=%E3%82%84%E3%81%99%E3%82%89%E3%81%8E%E3%81%AE%E5%AE%B6%20%E7%A6%8F%E4%BA%95%E5%B8%82
小規模多機能型居宅介護事業所やよいの里,小規模多機能型居宅介護,福井県,福井市,"介護,小規模多機能型居宅介護",小規模多機能型居宅介護の公式オープンデータから取り込んだ候補です。詳細は公式情報・電話・見学で確認してください。,http://www.aijuen.com/,福井市加茂緑苑町402番地,0776-33-7474,厚生労働省オープンデータ,https://www.mhlw.go.jp/content/12300000/jigyosho_730.csv,2025-12末,https://www.google.com/search?q=%E5%B0%8F%E8%A6%8F%E6%A8%A1%E5%A4%9A%E6%A9%9F%E8%83%BD%E5%9E%8B%E5%B1%85%E5%AE%85%E4%BB%8B%E8%AD%B7%E4%BA%8B%E6%A5%AD%E6%89%80%E3%82%84%E3%82%88%E3%81%84%E3%81%AE%E9%87%8C%20%E7%A6%8F%E4%BA%95%E5%B8%82
えばたホームやわらぎ,小規模多機能型居宅介護,福井県,福井市,"介護,小規模多機能型居宅介護",小規模多機能型居宅介護の公式オープンデータから取り込んだ候補です。詳細は公式情報・電話・見学で確認してください。,http://rokujokoseikai.jp,福井県福井市江端町20-1-3,0776-43-1360,厚生労働省オープンデータ,https://www.mhlw.go.jp/content/12300000/jigyosho_730.csv,2025-12末,https://www.google.com/search?q=%E3%81%88%E3%81%B0%E3%81%9F%E3%83%9B%E3%83%BC%E3%83%A0%E3%82%84%E3%82%8F%E3%82%89%E3%81%8E%20%E7%A6%8F%E4%BA%95%E5%B8%82
みらい,小規模多機能型居宅介護,福井県,福井市,"介護,小規模多機能型居宅介護",小規模多機能型居宅介護の公式オープンデータから取り込んだ候補です。詳細は公式情報・電話・見学で確認してください。,https://fukui-kakehashi.co.jp/,福井県福井市新田塚２丁目12-15,0776-50-7178,厚生労働省オープンデータ,https://www.mhlw.go.jp/content/12300000/jigyosho_730.csv,2025-12末,https://www.google.com/search?q=%E3%81%BF%E3%82%89%E3%81%84%20%E7%A6%8F%E4%BA%95%E5%B8%82
かけはし,小規模多機能型居宅介護,福井県,福井市,"介護,小規模多機能型居宅介護",小規模多機能型居宅介護の公式オープンデータから取り込んだ候補です。詳細は公式情報・電話・見学で確認してください。,https://fukui-kakehashi.co.jp/,福井県福井市本堂町69字14番地1,0776-50-2944,厚生労働省オープンデータ,https://www.mhlw.go.jp/content/12300000/jigyosho_730.csv,2025-12末,https://www.google.com/search?q=%E3%81%8B%E3%81%91%E3%81%AF%E3%81%97%20%E7%A6%8F%E4%BA%95%E5%B8%82
小規模多機能ホーム　ひびきの家,小規模多機能型居宅介護,福井県,福井市,"介護,小規模多機能型居宅介護",小規模多機能型居宅介護の公式オープンデータから取り込んだ候補です。詳細は公式情報・電話・見学で確認してください。,https://h.green-i.jp/,福井県福井市鮎川町９１－３７,0776-88-2430,厚生労働省オープンデータ,https://www.mhlw.go.jp/content/12300000/jigyosho_730.csv,2025-12末,https://www.google.com/search?q=%E5%B0%8F%E8%A6%8F%E6%A8%A1%E5%A4%9A%E6%A9%9F%E8%83%BD%E3%83%9B%E3%83%BC%E3%83%A0%E3%80%80%E3%81%B2%E3%81%B3%E3%81%8D%E3%81%AE%E5%AE%B6%20%E7%A6%8F%E4%BA%95%E5%B8%82
アットホーム仁愛,小規模多機能型居宅介護,福井県,福井市,"介護,小規模多機能型居宅介護",小規模多機能型居宅介護の公式オープンデータから取り込んだ候補です。詳細は公式情報・電話・見学で確認してください。,https://www.google.com/search?q=%E3%82%A2%E3%83%83%E3%83%88%E3%83%9B%E3%83%BC%E3%83%A0%E4%BB%81%E6%84%9B%20%E7%A6%8F%E4%BA%95%E5%B8%82,福井市乾徳4丁目4番10号,0776-97-8011,厚生労働省オープンデータ,https://www.mhlw.go.jp/content/12300000/jigyosho_730.csv,2025-12末,https://www.google.com/search?q=%E3%82%A2%E3%83%83%E3%83%88%E3%83%9B%E3%83%BC%E3%83%A0%E4%BB%81%E6%84%9B%20%E7%A6%8F%E4%BA%95%E5%B8%82
小規模多機能型居宅介護事業所　アイホーム　ゆうゆう,小規模多機能型居宅介護,福井県,敦賀市,"介護,小規模多機能型居宅介護",小規模多機能型居宅介護の公式オープンデータから取り込んだ候補です。詳細は公式情報・電話・見学で確認してください。,http://ihome-csi.locaiinfo.jp/,福井県敦賀市結城町13番24号,0770-21-0017,厚生労働省オープンデータ,https://www.mhlw.go.jp/content/12300000/jigyosho_730.csv,2025-12末,https://www.google.com/search?q=%E5%B0%8F%E8%A6%8F%E6%A8%A1%E5%A4%9A%E6%A9%9F%E8%83%BD%E5%9E%8B%E5%B1%85%E5%AE%85%E4%BB%8B%E8%AD%B7%E4%BA%8B%E6%A5%AD%E6%89%80%E3%80%80%E3%82%A2%E3%82%A4%E3%83%9B%E3%83%BC%E3%83%A0%E3%80%80%E3%82%86%E3%81%86%E3%82%86%E3%81%86%20%E6%95%A6%E8%B3%80%E5%B8%82
coco,小規模多機能型居宅介護,福井県,敦賀市,"介護,小規模多機能型居宅介護",小規模多機能型居宅介護の公式オープンデータから取り込んだ候補です。詳細は公式情報・電話・見学で確認してください。,http://www.fukushika.com,福井県敦賀市松栄町13番4-2,0770-47-5665,厚生労働省オープンデータ,https://www.mhlw.go.jp/content/12300000/jigyosho_730.csv,2025-12末,https://www.google.com/search?q=coco%20%E6%95%A6%E8%B3%80%E5%B8%82
小規模多機能ホームこばやし,小規模多機能型居宅介護,福井県,敦賀市,"介護,小規模多機能型居宅介護",小規模多機能型居宅介護の公式オープンデータから取り込んだ候補です。詳細は公式情報・電話・見学で確認してください。,http://care-koba.com/s_home/,ひばりヶ丘町1057番,0770-23-1677,厚生労働省オープンデータ,https://www.mhlw.go.jp/content/12300000/jigyosho_730.csv,2025-12末,https://www.google.com/search?q=%E5%B0%8F%E8%A6%8F%E6%A8%A1%E5%A4%9A%E6%A9%9F%E8%83%BD%E3%83%9B%E3%83%BC%E3%83%A0%E3%81%93%E3%81%B0%E3%82%84%E3%81%97%20%E6%95%A6%E8%B3%80%E5%B8%82
松原のいろ　幸,小規模多機能型居宅介護,福井県,敦賀市,"介護,小規模多機能型居宅介護",小規模多機能型居宅介護の公式オープンデータから取り込んだ候補です。詳細は公式情報・電話・見学で確認してください。,http://www.fukushika.com,福井県敦賀市鋳物師町１２－１６－５,0770-24-6700,厚生労働省オープンデータ,https://www.mhlw.go.jp/content/12300000/jigyosho_730.csv,2025-12末,https://www.google.com/search?q=%E6%9D%BE%E5%8E%9F%E3%81%AE%E3%81%84%E3%82%8D%E3%80%80%E5%B9%B8%20%E6%95%A6%E8%B3%80%E5%B8%82
小規模多機能型居宅介護　いっぷく,小規模多機能型居宅介護,福井県,敦賀市,"介護,小規模多機能型居宅介護",小規模多機能型居宅介護の公式オープンデータから取り込んだ候補です。詳細は公式情報・電話・見学で確認してください。,https://www.google.com/search?q=%E5%B0%8F%E8%A6%8F%E6%A8%A1%E5%A4%9A%E6%A9%9F%E8%83%BD%E5%9E%8B%E5%B1%85%E5%AE%85%E4%BB%8B%E8%AD%B7%E3%80%80%E3%81%84%E3%81%A3%E3%81%B7%E3%81%8F%20%E6%95%A6%E8%B3%80%E5%B8%82,福井県敦賀市衣掛町420番,0770-24-1124,厚生労働省オープンデータ,https://www.mhlw.go.jp/content/12300000/jigyosho_730.csv,2025-12末,https://www.google.com/search?q=%E5%B0%8F%E8%A6%8F%E6%A8%A1%E5%A4%9A%E6%A9%9F%E8%83%BD%E5%9E%8B%E5%B1%85%E5%AE%85%E4%BB%8B%E8%AD%B7%E3%80%80%E3%81%84%E3%81%A3%E3%81%B7%E3%81%8F%20%E6%95%A6%E8%B3%80%E5%B8%82
県民せいきょう小規模多機能ホーム　結城きらめきハウス,小規模多機能型居宅介護,福井県,敦賀市,"介護,小規模多機能型居宅介護",小規模多機能型居宅介護の公式オープンデータから取り込んだ候補です。詳細は公式情報・電話・見学で確認してください。,http://www.fukui.coop/,福井県敦賀市結城町13番24号,0770－21－0017,厚生労働省オープンデータ,https://www.mhlw.go.jp/content/12300000/jigyosho_730.csv,2025-12末,https://www.google.com/search?q=%E7%9C%8C%E6%B0%91%E3%81%9B%E3%81%84%E3%81%8D%E3%82%87%E3%81%86%E5%B0%8F%E8%A6%8F%E6%A8%A1%E5%A4%9A%E6%A9%9F%E8%83%BD%E3%83%9B%E3%83%BC%E3%83%A0%E3%80%80%E7%B5%90%E5%9F%8E%E3%81%8D%E3%82%89%E3%82%81%E3%81%8D%E3%83%8F%E3%82%A6%E3%82%B9%20%E6%95%A6%E8%B3%80%E5%B8%82
小規模多機能型居宅介護あゆみ,小規模多機能型居宅介護,福井県,敦賀市,"介護,小規模多機能型居宅介護",小規模多機能型居宅介護の公式オープンデータから取り込んだ候補です。詳細は公式情報・電話・見学で確認してください。,http://kjinkai.jp,敦賀市高野2号1-1,0770-23-5511,厚生労働省オープンデータ,https://www.mhlw.go.jp/content/12300000/jigyosho_730.csv,2025-12末,https://www.google.com/search?q=%E5%B0%8F%E8%A6%8F%E6%A8%A1%E5%A4%9A%E6%A9%9F%E8%83%BD%E5%9E%8B%E5%B1%85%E5%AE%85%E4%BB%8B%E8%AD%B7%E3%81%82%E3%82%86%E3%81%BF%20%E6%95%A6%E8%B3%80%E5%B8%82
県民せいきょう小規模多機能ホーム　敦賀きらめきハウス,小規模多機能型居宅介護,福井県,敦賀市,"介護,小規模多機能型居宅介護",小規模多機能型居宅介護の公式オープンデータから取り込んだ候補です。詳細は公式情報・電話・見学で確認してください。,http://www.fukui.coop/,市野々町2丁目1554番,0770-21-5400,厚生労働省オープンデータ,https://www.mhlw.go.jp/content/12300000/jigyosho_730.csv,2025-12末,https://www.google.com/search?q=%E7%9C%8C%E6%B0%91%E3%81%9B%E3%81%84%E3%81%8D%E3%82%87%E3%81%86%E5%B0%8F%E8%A6%8F%E6%A8%A1%E5%A4%9A%E6%A9%9F%E8%83%BD%E3%83%9B%E3%83%BC%E3%83%A0%E3%80%80%E6%95%A6%E8%B3%80%E3%81%8D%E3%82%89%E3%82%81%E3%81%8D%E3%83%8F%E3%82%A6%E3%82%B9%20%E6%95%A6%E8%B3%80%E5%B8%82
小規模多機能型居宅介護事業所おあしす,小規模多機能型居宅介護,福井県,小浜市,"介護,小規模多機能型居宅介護",小規模多機能型居宅介護の公式オープンデータから取り込んだ候補です。詳細は公式情報・電話・見学で確認してください。,http://homeoasis.jp/,福井県小浜市雲浜1丁目８－８,0770-53-5500,厚生労働省オープンデータ,https://www.mhlw.go.jp/content/12300000/jigyosho_730.csv,2025-12末,https://www.google.com/search?q=%E5%B0%8F%E8%A6%8F%E6%A8%A1%E5%A4%9A%E6%A9%9F%E8%83%BD%E5%9E%8B%E5%B1%85%E5%AE%85%E4%BB%8B%E8%AD%B7%E4%BA%8B%E6%A5%AD%E6%89%80%E3%81%8A%E3%81%82%E3%81%97%E3%81%99%20%E5%B0%8F%E6%B5%9C%E5%B8%82
小規模多機能ホームはな,小規模多機能型居宅介護,福井県,小浜市,"介護,小規模多機能型居宅介護",小規模多機能型居宅介護の公式オープンデータから取り込んだ候補です。詳細は公式情報・電話・見学で確認してください。,https://www.google.com/search?q=%E5%B0%8F%E8%A6%8F%E6%A8%A1%E5%A4%9A%E6%A9%9F%E8%83%BD%E3%83%9B%E3%83%BC%E3%83%A0%E3%81%AF%E3%81%AA%20%E5%B0%8F%E6%B5%9C%E5%B8%82,福井県小浜市遠敷四丁目７０５番地１,0770-56-1872,厚生労働省オープンデータ,https://www.mhlw.go.jp/content/12300000/jigyosho_730.csv,2025-12末,https://www.google.com/search?q=%E5%B0%8F%E8%A6%8F%E6%A8%A1%E5%A4%9A%E6%A9%9F%E8%83%BD%E3%83%9B%E3%83%BC%E3%83%A0%E3%81%AF%E3%81%AA%20%E5%B0%8F%E6%B5%9C%E5%B8%82
小規模多機能型居宅介護　めいりん,小規模多機能型居宅介護,福井県,大野市,"介護,小規模多機能型居宅介護",小規模多機能型居宅介護の公式オープンデータから取り込んだ候補です。詳細は公式情報・電話・見学で確認してください。,https://www.google.com/search?q=%E5%B0%8F%E8%A6%8F%E6%A8%A1%E5%A4%9A%E6%A9%9F%E8%83%BD%E5%9E%8B%E5%B1%85%E5%AE%85%E4%BB%8B%E8%AD%B7%E3%80%80%E3%82%81%E3%81%84%E3%82%8A%E3%82%93%20%E5%A4%A7%E9%87%8E%E5%B8%82,大野市明倫町6-19,0779-65-6511,厚生労働省オープンデータ,https://www.mhlw.go.jp/content/12300000/jigyosho_730.csv,2025-12末,https://www.google.com/search?q=%E5%B0%8F%E8%A6%8F%E6%A8%A1%E5%A4%9A%E6%A9%9F%E8%83%BD%E5%9E%8B%E5%B1%85%E5%AE%85%E4%BB%8B%E8%AD%B7%E3%80%80%E3%82%81%E3%81%84%E3%82%8A%E3%82%93%20%E5%A4%A7%E9%87%8E%E5%B8%82
小規模多機能型居宅介護事業所和が家,小規模多機能型居宅介護,福井県,大野市,"介護,小規模多機能型居宅介護",小規模多機能型居宅介護の公式オープンデータから取り込んだ候補です。詳細は公式情報・電話・見学で確認してください。,https://www.google.com/search?q=%E5%B0%8F%E8%A6%8F%E6%A8%A1%E5%A4%9A%E6%A9%9F%E8%83%BD%E5%9E%8B%E5%B1%85%E5%AE%85%E4%BB%8B%E8%AD%B7%E4%BA%8B%E6%A5%AD%E6%89%80%E5%92%8C%E3%81%8C%E5%AE%B6%20%E5%A4%A7%E9%87%8E%E5%B8%82,福井県大野市中据52-6-8,0779-69-1108,厚生労働省オープンデータ,https://www.mhlw.go.jp/content/12300000/jigyosho_730.csv,2025-12末,https://www.google.com/search?q=%E5%B0%8F%E8%A6%8F%E6%A8%A1%E5%A4%9A%E6%A9%9F%E8%83%BD%E5%9E%8B%E5%B1%85%E5%AE%85%E4%BB%8B%E8%AD%B7%E4%BA%8B%E6%A5%AD%E6%89%80%E5%92%8C%E3%81%8C%E5%AE%B6%20%E5%A4%A7%E9%87%8E%E5%B8%82
県民せいきょう小規模多機能ホーム大野きらめきハウス,小規模多機能型居宅介護,福井県,大野市,"介護,小規模多機能型居宅介護",小規模多機能型居宅介護の公式オープンデータから取り込んだ候補です。詳細は公式情報・電話・見学で確認してください。,http://www.fukui.coop/,福井県大野市天神町3番21号,0779-66-1211,厚生労働省オープンデータ,https://www.mhlw.go.jp/content/12300000/jigyosho_730.csv,2025-12末,https://www.google.com/search?q=%E7%9C%8C%E6%B0%91%E3%81%9B%E3%81%84%E3%81%8D%E3%82%87%E3%81%86%E5%B0%8F%E8%A6%8F%E6%A8%A1%E5%A4%9A%E6%A9%9F%E8%83%BD%E3%83%9B%E3%83%BC%E3%83%A0%E5%A4%A7%E9%87%8E%E3%81%8D%E3%82%89%E3%82%81%E3%81%8D%E3%83%8F%E3%82%A6%E3%82%B9%20%E5%A4%A7%E9%87%8E%E5%B8%82
よろこんでハウス・サンプラザ,小規模多機能型居宅介護,福井県,勝山市,"介護,小規模多機能型居宅介護",小規模多機能型居宅介護の公式オープンデータから取り込んだ候補です。詳細は公式情報・電話・見学で確認してください。,https://www.google.com/search?q=%E3%82%88%E3%82%8D%E3%81%93%E3%82%93%E3%81%A7%E3%83%8F%E3%82%A6%E3%82%B9%E3%83%BB%E3%82%B5%E3%83%B3%E3%83%97%E3%83%A9%E3%82%B6%20%E5%8B%9D%E5%B1%B1%E5%B8%82,元町１丁目7-28サンプラザ２Ｆ,0779-88-2006,厚生労働省オープンデータ,https://www.mhlw.go.jp/content/12300000/jigyosho_730.csv,2025-12末,https://www.google.com/search?q=%E3%82%88%E3%82%8D%E3%81%93%E3%82%93%E3%81%A7%E3%83%8F%E3%82%A6%E3%82%B9%E3%83%BB%E3%82%B5%E3%83%B3%E3%83%97%E3%83%A9%E3%82%B6%20%E5%8B%9D%E5%B1%B1%E5%B8%82
よろこんでハウス・サンプラザ,小規模多機能型居宅介護,福井県,勝山市,"介護,小規模多機能型居宅介護",小規模多機能型居宅介護の公式オープンデータから取り込んだ候補です。詳細は公式情報・電話・見学で確認してください。,https://www.google.com/search?q=%E3%82%88%E3%82%8D%E3%81%93%E3%82%93%E3%81%A7%E3%83%8F%E3%82%A6%E3%82%B9%E3%83%BB%E3%82%B5%E3%83%B3%E3%83%97%E3%83%A9%E3%82%B6%20%E5%8B%9D%E5%B1%B1%E5%B8%82,福井県勝山市元町1-7-28サンプラザ,0779-88-2006,厚生労働省オープンデータ,https://www.mhlw.go.jp/content/12300000/jigyosho_730.csv,2025-12末,https://www.google.com/search?q=%E3%82%88%E3%82%8D%E3%81%93%E3%82%93%E3%81%A7%E3%83%8F%E3%82%A6%E3%82%B9%E3%83%BB%E3%82%B5%E3%83%B3%E3%83%97%E3%83%A9%E3%82%B6%20%E5%8B%9D%E5%B1%B1%E5%B8%82
県民せいきょう小規模多機能型居宅介護勝山きらめきハウス,小規模多機能型居宅介護,福井県,勝山市,"介護,小規模多機能型居宅介護",小規模多機能型居宅介護の公式オープンデータから取り込んだ候補です。詳細は公式情報・電話・見学で確認してください。,http://www.fukui.coop,元町2丁目5番12号,0779-87-2577,厚生労働省オープンデータ,https://www.mhlw.go.jp/content/12300000/jigyosho_730.csv,2025-12末,https://www.google.com/search?q=%E7%9C%8C%E6%B0%91%E3%81%9B%E3%81%84%E3%81%8D%E3%82%87%E3%81%86%E5%B0%8F%E8%A6%8F%E6%A8%A1%E5%A4%9A%E6%A9%9F%E8%83%BD%E5%9E%8B%E5%B1%85%E5%AE%85%E4%BB%8B%E8%AD%B7%E5%8B%9D%E5%B1%B1%E3%81%8D%E3%82%89%E3%82%81%E3%81%8D%E3%83%8F%E3%82%A6%E3%82%B9%20%E5%8B%9D%E5%B1%B1%E5%B8%82
地域密着小規模多機能型居宅介護事業所ありんこ,小規模多機能型居宅介護,福井県,鯖江市,"介護,小規模多機能型居宅介護",小規模多機能型居宅介護の公式オープンデータから取り込んだ候補です。詳細は公式情報・電話・見学で確認してください。,https://www.google.com/search?q=%E5%9C%B0%E5%9F%9F%E5%AF%86%E7%9D%80%E5%B0%8F%E8%A6%8F%E6%A8%A1%E5%A4%9A%E6%A9%9F%E8%83%BD%E5%9E%8B%E5%B1%85%E5%AE%85%E4%BB%8B%E8%AD%B7%E4%BA%8B%E6%A5%AD%E6%89%80%E3%81%82%E3%82%8A%E3%82%93%E3%81%93%20%E9%AF%96%E6%B1%9F%E5%B8%82,鯖江市西大井町12-38-2,0778-62-2944,厚生労働省オープンデータ,https://www.mhlw.go.jp/content/12300000/jigyosho_730.csv,2025-12末,https://www.google.com/search?q=%E5%9C%B0%E5%9F%9F%E5%AF%86%E7%9D%80%E5%B0%8F%E8%A6%8F%E6%A8%A1%E5%A4%9A%E6%A9%9F%E8%83%BD%E5%9E%8B%E5%B1%85%E5%AE%85%E4%BB%8B%E8%AD%B7%E4%BA%8B%E6%A5%AD%E6%89%80%E3%81%82%E3%82%8A%E3%82%93%E3%81%93%20%E9%AF%96%E6%B1%9F%E5%B8%82
小規模多機能型居宅介護　きらめきの里鯖江,小規模多機能型居宅介護,福井県,鯖江市,"介護,小規模多機能型居宅介護",小規模多機能型居宅介護の公式オープンデータから取り込んだ候補です。詳細は公式情報・電話・見学で確認してください。,https://www.fukui.coop/kirameki-fukushikai/,福井県鯖江市小黒町3丁目1009番,0778-53-0294,厚生労働省オープンデータ,https://www.mhlw.go.jp/content/12300000/jigyosho_730.csv,2025-12末,https://www.google.com/search?q=%E5%B0%8F%E8%A6%8F%E6%A8%A1%E5%A4%9A%E6%A9%9F%E8%83%BD%E5%9E%8B%E5%B1%85%E5%AE%85%E4%BB%8B%E8%AD%B7%E3%80%80%E3%81%8D%E3%82%89%E3%82%81%E3%81%8D%E3%81%AE%E9%87%8C%E9%AF%96%E6%B1%9F%20%E9%AF%96%E6%B1%9F%E5%B8%82
小規模多機能型居宅介護　もんざえもん,小規模多機能型居宅介護,福井県,鯖江市,"介護,小規模多機能型居宅介護",小規模多機能型居宅介護の公式オープンデータから取り込んだ候補です。詳細は公式情報・電話・見学で確認してください。,monza@wakatake.ne.jp,鯖江市鳥羽3丁目1-29-1,0778-29-1800,厚生労働省オープンデータ,https://www.mhlw.go.jp/content/12300000/jigyosho_730.csv,2025-12末,https://www.google.com/search?q=%E5%B0%8F%E8%A6%8F%E6%A8%A1%E5%A4%9A%E6%A9%9F%E8%83%BD%E5%9E%8B%E5%B1%85%E5%AE%85%E4%BB%8B%E8%AD%B7%E3%80%80%E3%82%82%E3%82%93%E3%81%96%E3%81%88%E3%82%82%E3%82%93%20%E9%AF%96%E6%B1%9F%E5%B8%82
県民せいきょう小規模多機能ホーム鯖江きらめきハウス,小規模多機能型居宅介護,福井県,鯖江市,"介護,小規模多機能型居宅介護",小規模多機能型居宅介護の公式オープンデータから取り込んだ候補です。詳細は公式情報・電話・見学で確認してください。,http://www.fukui.coop/,小黒町３丁目１０－２１,０７７８－５２－８０６０,厚生労働省オープンデータ,https://www.mhlw.go.jp/content/12300000/jigyosho_730.csv,2025-12末,https://www.google.com/search?q=%E7%9C%8C%E6%B0%91%E3%81%9B%E3%81%84%E3%81%8D%E3%82%87%E3%81%86%E5%B0%8F%E8%A6%8F%E6%A8%A1%E5%A4%9A%E6%A9%9F%E8%83%BD%E3%83%9B%E3%83%BC%E3%83%A0%E9%AF%96%E6%B1%9F%E3%81%8D%E3%82%89%E3%82%81%E3%81%8D%E3%83%8F%E3%82%A6%E3%82%B9%20%E9%AF%96%E6%B1%9F%E5%B8%82
おしどり荘,小規模多機能型居宅介護,福井県,鯖江市,"介護,小規模多機能型居宅介護",小規模多機能型居宅介護の公式オープンデータから取り込んだ候補です。詳細は公式情報・電話・見学で確認してください。,http://www.touyoukai.or.jp/,福井県鯖江市別司町41-30,0778-65-3120,厚生労働省オープンデータ,https://www.mhlw.go.jp/content/12300000/jigyosho_730.csv,2025-12末,https://www.google.com/search?q=%E3%81%8A%E3%81%97%E3%81%A9%E3%82%8A%E8%8D%98%20%E9%AF%96%E6%B1%9F%E5%B8%82
陽だまりさばえ,小規模多機能型居宅介護,福井県,鯖江市,"介護,小規模多機能型居宅介護",小規模多機能型居宅介護の公式オープンデータから取り込んだ候補です。詳細は公式情報・電話・見学で確認してください。,https://www.jujinkai.or.jp/zaitaku/service-06,鯖江市旭町４丁目9-10,0778-51-2755,厚生労働省オープンデータ,https://www.mhlw.go.jp/content/12300000/jigyosho_730.csv,2025-12末,https://www.google.com/search?q=%E9%99%BD%E3%81%A0%E3%81%BE%E3%82%8A%E3%81%95%E3%81%B0%E3%81%88%20%E9%AF%96%E6%B1%9F%E5%B8%82
県民せいきょう小規模多機能ホーム金津きらめきハウス,小規模多機能型居宅介護,福井県,あわら市,"介護,小規模多機能型居宅介護",小規模多機能型居宅介護の公式オープンデータから取り込んだ候補です。詳細は公式情報・電話・見学で確認してください。,https://www.fukui.coop/care/shisetsu/kanazu-kirameki/,あわら市大溝3丁目11番7号,0776-73-4165,厚生労働省オープンデータ,https://www.mhlw.go.jp/content/12300000/jigyosho_730.csv,2025-12末,https://www.google.com/search?q=%E7%9C%8C%E6%B0%91%E3%81%9B%E3%81%84%E3%81%8D%E3%82%87%E3%81%86%E5%B0%8F%E8%A6%8F%E6%A8%A1%E5%A4%9A%E6%A9%9F%E8%83%BD%E3%83%9B%E3%83%BC%E3%83%A0%E9%87%91%E6%B4%A5%E3%81%8D%E3%82%89%E3%82%81%E3%81%8D%E3%83%8F%E3%82%A6%E3%82%B9%20%E3%81%82%E3%82%8F%E3%82%89%E5%B8%82
小規模多機能型居宅介護　あわら聖徳園,小規模多機能型居宅介護,福井県,あわら市,"介護,小規模多機能型居宅介護",小規模多機能型居宅介護の公式オープンデータから取り込んだ候補です。詳細は公式情報・電話・見学で確認してください。,http://www.shotokuen.or.jp/,福井県あわら市田中々3-25-7,0776-78-7177,厚生労働省オープンデータ,https://www.mhlw.go.jp/content/12300000/jigyosho_730.csv,2025-12末,https://www.google.com/search?q=%E5%B0%8F%E8%A6%8F%E6%A8%A1%E5%A4%9A%E6%A9%9F%E8%83%BD%E5%9E%8B%E5%B1%85%E5%AE%85%E4%BB%8B%E8%AD%B7%E3%80%80%E3%81%82%E3%82%8F%E3%82%89%E8%81%96%E5%BE%B3%E5%9C%92%20%E3%81%82%E3%82%8F%E3%82%89%E5%B8%82
小規模多機能ホームかのん,小規模多機能型居宅介護,福井県,越前市,"介護,小規模多機能型居宅介護",小規模多機能型居宅介護の公式オープンデータから取り込んだ候補です。詳細は公式情報・電話・見学で確認してください。,http://lifemore.ne.jp/,福井県越前市横根町12-4-1,0778-43-5328,厚生労働省オープンデータ,https://www.mhlw.go.jp/content/12300000/jigyosho_730.csv,2025-12末,https://www.google.com/search?q=%E5%B0%8F%E8%A6%8F%E6%A8%A1%E5%A4%9A%E6%A9%9F%E8%83%BD%E3%83%9B%E3%83%BC%E3%83%A0%E3%81%8B%E3%81%AE%E3%82%93%20%E8%B6%8A%E5%89%8D%E5%B8%82
小規模多機能ホーム　藤の里,小規模多機能型居宅介護,福井県,越前市,"介護,小規模多機能型居宅介護",小規模多機能型居宅介護の公式オープンデータから取り込んだ候補です。詳細は公式情報・電話・見学で確認してください。,https://www.google.com/search?q=%E5%B0%8F%E8%A6%8F%E6%A8%A1%E5%A4%9A%E6%A9%9F%E8%83%BD%E3%83%9B%E3%83%BC%E3%83%A0%E3%80%80%E8%97%A4%E3%81%AE%E9%87%8C%20%E8%B6%8A%E5%89%8D%E5%B8%82,福井県越前市国府２丁目８－３３,0778-43-5505,厚生労働省オープンデータ,https://www.mhlw.go.jp/content/12300000/jigyosho_730.csv,2025-12末,https://www.google.com/search?q=%E5%B0%8F%E8%A6%8F%E6%A8%A1%E5%A4%9A%E6%A9%9F%E8%83%BD%E3%83%9B%E3%83%BC%E3%83%A0%E3%80%80%E8%97%A4%E3%81%AE%E9%87%8C%20%E8%B6%8A%E5%89%8D%E5%B8%82
社会福祉法人　一眞会　小規模多機能型居宅介護　王子保ホーム,小規模多機能型居宅介護,福井県,越前市,"介護,小規模多機能型居宅介護",小規模多機能型居宅介護の公式オープンデータから取り込んだ候補です。詳細は公式情報・電話・見学で確認してください。,https://ikiiki.website,福井県越前市四郎丸町61-1-12,0778-42-7765,厚生労働省オープンデータ,https://www.mhlw.go.jp/content/12300000/jigyosho_730.csv,2025-12末,https://www.google.com/search?q=%E7%A4%BE%E4%BC%9A%E7%A6%8F%E7%A5%89%E6%B3%95%E4%BA%BA%E3%80%80%E4%B8%80%E7%9C%9E%E4%BC%9A%E3%80%80%E5%B0%8F%E8%A6%8F%E6%A8%A1%E5%A4%9A%E6%A9%9F%E8%83%BD%E5%9E%8B%E5%B1%85%E5%AE%85%E4%BB%8B%E8%AD%B7%E3%80%80%E7%8E%8B%E5%AD%90%E4%BF%9D%E3%83%9B%E3%83%BC%E3%83%A0%20%E8%B6%8A%E5%89%8D%E5%B8%82
アスピカケアセンターたけふ　小規模多機能ホーム,小規模多機能型居宅介護,福井県,越前市,"介護,小規模多機能型居宅介護",小規模多機能型居宅介護の公式オープンデータから取り込んだ候補です。詳細は公式情報・電話・見学で確認してください。,http://www.aspica.co.jp,福井県越前市新保町20-31,0778-43-6242,厚生労働省オープンデータ,https://www.mhlw.go.jp/content/12300000/jigyosho_730.csv,2025-12末,https://www.google.com/search?q=%E3%82%A2%E3%82%B9%E3%83%94%E3%82%AB%E3%82%B1%E3%82%A2%E3%82%BB%E3%83%B3%E3%82%BF%E3%83%BC%E3%81%9F%E3%81%91%E3%81%B5%E3%80%80%E5%B0%8F%E8%A6%8F%E6%A8%A1%E5%A4%9A%E6%A9%9F%E8%83%BD%E3%83%9B%E3%83%BC%E3%83%A0%20%E8%B6%8A%E5%89%8D%E5%B8%82
小規模多機能いきいきホームサテライト　和紙の里ホーム,小規模多機能型居宅介護,福井県,越前市,"介護,小規模多機能型居宅介護",小規模多機能型居宅介護の公式オープンデータから取り込んだ候補です。詳細は公式情報・電話・見学で確認してください。,https://ikiiki.website,福井県越前市大滝町25-23-1,0778-42-0250,厚生労働省オープンデータ,https://www.mhlw.go.jp/content/12300000/jigyosho_730.csv,2025-12末,https://www.google.com/search?q=%E5%B0%8F%E8%A6%8F%E6%A8%A1%E5%A4%9A%E6%A9%9F%E8%83%BD%E3%81%84%E3%81%8D%E3%81%84%E3%81%8D%E3%83%9B%E3%83%BC%E3%83%A0%E3%82%B5%E3%83%86%E3%83%A9%E3%82%A4%E3%83%88%E3%80%80%E5%92%8C%E7%B4%99%E3%81%AE%E9%87%8C%E3%83%9B%E3%83%BC%E3%83%A0%20%E8%B6%8A%E5%89%8D%E5%B8%82
小規模多機能ホーム　こころ,小規模多機能型居宅介護,福井県,越前市,"介護,小規模多機能型居宅介護",小規模多機能型居宅介護の公式オープンデータから取り込んだ候補です。詳細は公式情報・電話・見学で確認してください。,http://www.tsukioka-med.com/kokoro/index.html,本多1丁目8-12,0778-23-2022,厚生労働省オープンデータ,https://www.mhlw.go.jp/content/12300000/jigyosho_730.csv,2025-12末,https://www.google.com/search?q=%E5%B0%8F%E8%A6%8F%E6%A8%A1%E5%A4%9A%E6%A9%9F%E8%83%BD%E3%83%9B%E3%83%BC%E3%83%A0%E3%80%80%E3%81%93%E3%81%93%E3%82%8D%20%E8%B6%8A%E5%89%8D%E5%B8%82
小規模多機能型居宅介護事業所･介護予防小規模多機能型居宅介護事業所おいで家,小規模多機能型居宅介護,福井県,越前市,"介護,小規模多機能型居宅介護",小規模多機能型居宅介護の公式オープンデータから取り込んだ候補です。詳細は公式情報・電話・見学で確認してください。,http://www.oideya-f.com/,越前市　粟田部町４２－６－１,0778-43-1900,厚生労働省オープンデータ,https://www.mhlw.go.jp/content/12300000/jigyosho_730.csv,2025-12末,https://www.google.com/search?q=%E5%B0%8F%E8%A6%8F%E6%A8%A1%E5%A4%9A%E6%A9%9F%E8%83%BD%E5%9E%8B%E5%B1%85%E5%AE%85%E4%BB%8B%E8%AD%B7%E4%BA%8B%E6%A5%AD%E6%89%80%EF%BD%A5%E4%BB%8B%E8%AD%B7%E4%BA%88%E9%98%B2%E5%B0%8F%E8%A6%8F%E6%A8%A1%E5%A4%9A%E6%A9%9F%E8%83%BD%E5%9E%8B%E5%B1%85%E5%AE%85%E4%BB%8B%E8%AD%B7%E4%BA%8B%E6%A5%AD%E6%89%80%E3%81%8A%E3%81%84%E3%81%A7%E5%AE%B6%20%E8%B6%8A%E5%89%8D%E5%B8%82
小規模多機能ホーム　ほがら家,小規模多機能型居宅介護,福井県,越前市,"介護,小規模多機能型居宅介護",小規模多機能型居宅介護の公式オープンデータから取り込んだ候補です。詳細は公式情報・電話・見学で確認してください。,http://ichibankaigo.jp/,福井県越前市瓜生町３１－１,0778-21-5588,厚生労働省オープンデータ,https://www.mhlw.go.jp/content/12300000/jigyosho_730.csv,2025-12末,https://www.google.com/search?q=%E5%B0%8F%E8%A6%8F%E6%A8%A1%E5%A4%9A%E6%A9%9F%E8%83%BD%E3%83%9B%E3%83%BC%E3%83%A0%E3%80%80%E3%81%BB%E3%81%8C%E3%82%89%E5%AE%B6%20%E8%B6%8A%E5%89%8D%E5%B8%82
県民せいきょう小規模多機能ホーム丹南きらめきハウス,小規模多機能型居宅介護,福井県,越前市,"介護,小規模多機能型居宅介護",小規模多機能型居宅介護の公式オープンデータから取り込んだ候補です。詳細は公式情報・電話・見学で確認してください。,http://www.fukui.coop/,福井県越前市家久町49字丹南きらめき,0778-22-5011,厚生労働省オープンデータ,https://www.mhlw.go.jp/content/12300000/jigyosho_730.csv,2025-12末,https://www.google.com/search?q=%E7%9C%8C%E6%B0%91%E3%81%9B%E3%81%84%E3%81%8D%E3%82%87%E3%81%86%E5%B0%8F%E8%A6%8F%E6%A8%A1%E5%A4%9A%E6%A9%9F%E8%83%BD%E3%83%9B%E3%83%BC%E3%83%A0%E4%B8%B9%E5%8D%97%E3%81%8D%E3%82%89%E3%82%81%E3%81%8D%E3%83%8F%E3%82%A6%E3%82%B9%20%E8%B6%8A%E5%89%8D%E5%B8%82
小規模多機能　いきいきホーム,小規模多機能型居宅介護,福井県,越前市,"介護,小規模多機能型居宅介護",小規模多機能型居宅介護の公式オープンデータから取り込んだ候補です。詳細は公式情報・電話・見学で確認してください。,http://www.n-kaneichi.co.jp/,越前市高瀬２丁目４－２２越前いきいき健康館２階,0778-22-2500,厚生労働省オープンデータ,https://www.mhlw.go.jp/content/12300000/jigyosho_730.csv,2025-12末,https://www.google.com/search?q=%E5%B0%8F%E8%A6%8F%E6%A8%A1%E5%A4%9A%E6%A9%9F%E8%83%BD%E3%80%80%E3%81%84%E3%81%8D%E3%81%84%E3%81%8D%E3%83%9B%E3%83%BC%E3%83%A0%20%E8%B6%8A%E5%89%8D%E5%B8%82
小規模多機能型居宅介護　わきあいあい　わかたけ,小規模多機能型居宅介護,福井県,越前市,"介護,小規模多機能型居宅介護",小規模多機能型居宅介護の公式オープンデータから取り込んだ候補です。詳細は公式情報・電話・見学で確認してください。,http://www.wakatake.ne.jp,越前市高木町１２－７－１,0778-25-1800,厚生労働省オープンデータ,https://www.mhlw.go.jp/content/12300000/jigyosho_730.csv,2025-12末,https://www.google.com/search?q=%E5%B0%8F%E8%A6%8F%E6%A8%A1%E5%A4%9A%E6%A9%9F%E8%83%BD%E5%9E%8B%E5%B1%85%E5%AE%85%E4%BB%8B%E8%AD%B7%E3%80%80%E3%82%8F%E3%81%8D%E3%81%82%E3%81%84%E3%81%82%E3%81%84%E3%80%80%E3%82%8F%E3%81%8B%E3%81%9F%E3%81%91%20%E8%B6%8A%E5%89%8D%E5%B8%82
小規模多機能型介護施設　しんじょういこい,小規模多機能型居宅介護,福井県,坂井市,"介護,小規模多機能型居宅介護",小規模多機能型居宅介護の公式オープンデータから取り込んだ候補です。詳細は公式情報・電話・見学で確認してください。,http://www.fukui-min-iren.com/iryouseikyou/,福井県坂井市坂井町上新庄52-29,0776-60-2110,厚生労働省オープンデータ,https://www.mhlw.go.jp/content/12300000/jigyosho_730.csv,2025-12末,https://www.google.com/search?q=%E5%B0%8F%E8%A6%8F%E6%A8%A1%E5%A4%9A%E6%A9%9F%E8%83%BD%E5%9E%8B%E4%BB%8B%E8%AD%B7%E6%96%BD%E8%A8%AD%E3%80%80%E3%81%97%E3%82%93%E3%81%98%E3%82%87%E3%81%86%E3%81%84%E3%81%93%E3%81%84%20%E5%9D%82%E4%BA%95%E5%B8%82
小規模多機能型居宅介護施設　きなっせ,小規模多機能型居宅介護,福井県,坂井市,"介護,小規模多機能型居宅介護",小規模多機能型居宅介護の公式オープンデータから取り込んだ候補です。詳細は公式情報・電話・見学で確認してください。,https://www.google.com/search?q=%E5%B0%8F%E8%A6%8F%E6%A8%A1%E5%A4%9A%E6%A9%9F%E8%83%BD%E5%9E%8B%E5%B1%85%E5%AE%85%E4%BB%8B%E8%AD%B7%E6%96%BD%E8%A8%AD%E3%80%80%E3%81%8D%E3%81%AA%E3%81%A3%E3%81%9B%20%E5%9D%82%E4%BA%95%E5%B8%82,福井県坂井市春江町中筋第１００号７５番地,0776-58-0182,厚生労働省オープンデータ,https://www.mhlw.go.jp/content/12300000/jigyosho_730.csv,2025-12末,https://www.google.com/search?q=%E5%B0%8F%E8%A6%8F%E6%A8%A1%E5%A4%9A%E6%A9%9F%E8%83%BD%E5%9E%8B%E5%B1%85%E5%AE%85%E4%BB%8B%E8%AD%B7%E6%96%BD%E8%A8%AD%E3%80%80%E3%81%8D%E3%81%AA%E3%81%A3%E3%81%9B%20%E5%9D%82%E4%BA%95%E5%B8%82
県民せいきょう　小規模多機能ホーム坂井きらめきハウス,小規模多機能型居宅介護,福井県,坂井市,"介護,小規模多機能型居宅介護",小規模多機能型居宅介護の公式オープンデータから取り込んだ候補です。詳細は公式情報・電話・見学で確認してください。,http://www.fukui.coop,坂井市坂井町大味56号,0776-72-3902,厚生労働省オープンデータ,https://www.mhlw.go.jp/content/12300000/jigyosho_730.csv,2025-12末,https://www.google.com/search?q=%E7%9C%8C%E6%B0%91%E3%81%9B%E3%81%84%E3%81%8D%E3%82%87%E3%81%86%E3%80%80%E5%B0%8F%E8%A6%8F%E6%A8%A1%E5%A4%9A%E6%A9%9F%E8%83%BD%E3%83%9B%E3%83%BC%E3%83%A0%E5%9D%82%E4%BA%95%E3%81%8D%E3%82%89%E3%82%81%E3%81%8D%E3%83%8F%E3%82%A6%E3%82%B9%20%E5%9D%82%E4%BA%95%E5%B8%82
まるおかデイホーム,小規模多機能型居宅介護,福井県,坂井市,"介護,小規模多機能型居宅介護",小規模多機能型居宅介護の公式オープンデータから取り込んだ候補です。詳細は公式情報・電話・見学で確認してください。,http://www.life-sp.jp,福井県坂井市丸岡町八ヶ郷23-19-3,0776-67-7771,厚生労働省オープンデータ,https://www.mhlw.go.jp/content/12300000/jigyosho_730.csv,2025-12末,https://www.google.com/search?q=%E3%81%BE%E3%82%8B%E3%81%8A%E3%81%8B%E3%83%87%E3%82%A4%E3%83%9B%E3%83%BC%E3%83%A0%20%E5%9D%82%E4%BA%95%E5%B8%82
小規模多機能なないろ,小規模多機能型居宅介護,福井県,永平寺町,"介護,小規模多機能型居宅介護",小規模多機能型居宅介護の公式オープンデータから取り込んだ候補です。詳細は公式情報・電話・見学で確認してください。,https://www.google.com/search?q=%E5%B0%8F%E8%A6%8F%E6%A8%A1%E5%A4%9A%E6%A9%9F%E8%83%BD%E3%81%AA%E3%81%AA%E3%81%84%E3%82%8D%20%E6%B0%B8%E5%B9%B3%E5%AF%BA%E7%94%BA,福井県吉田郡永平寺町松岡薬師1-145,0776-61-7716,厚生労働省オープンデータ,https://www.mhlw.go.jp/content/12300000/jigyosho_730.csv,2025-12末,https://www.google.com/search?q=%E5%B0%8F%E8%A6%8F%E6%A8%A1%E5%A4%9A%E6%A9%9F%E8%83%BD%E3%81%AA%E3%81%AA%E3%81%84%E3%82%8D%20%E6%B0%B8%E5%B9%B3%E5%AF%BA%E7%94%BA
小規模多機能　なないろ,小規模多機能型居宅介護,福井県,永平寺町,"介護,小規模多機能型居宅介護",小規模多機能型居宅介護の公式オープンデータから取り込んだ候補です。詳細は公式情報・電話・見学で確認してください。,https://www.google.com/search?q=%E5%B0%8F%E8%A6%8F%E6%A8%A1%E5%A4%9A%E6%A9%9F%E8%83%BD%E3%80%80%E3%81%AA%E3%81%AA%E3%81%84%E3%82%8D%20%E6%B0%B8%E5%B9%B3%E5%AF%BA%E7%94%BA,福井県吉田郡松岡薬師1丁目145番地,0776-61-7716,厚生労働省オープンデータ,https://www.mhlw.go.jp/content/12300000/jigyosho_730.csv,2025-12末,https://www.google.com/search?q=%E5%B0%8F%E8%A6%8F%E6%A8%A1%E5%A4%9A%E6%A9%9F%E8%83%BD%E3%80%80%E3%81%AA%E3%81%AA%E3%81%84%E3%82%8D%20%E6%B0%B8%E5%B9%B3%E5%AF%BA%E7%94%BA
小規模多機能型事業所あんじゅ,小規模多機能型居宅介護,福井県,池田町,"介護,小規模多機能型居宅介護",小規模多機能型居宅介護の公式オープンデータから取り込んだ候補です。詳細は公式情報・電話・見学で確認してください。,http://www.kenrakukai.jp/ikeda/,福井県今立郡池田町常安21-1,0778-44-6620,厚生労働省オープンデータ,https://www.mhlw.go.jp/content/12300000/jigyosho_730.csv,2025-12末,https://www.google.com/search?q=%E5%B0%8F%E8%A6%8F%E6%A8%A1%E5%A4%9A%E6%A9%9F%E8%83%BD%E5%9E%8B%E4%BA%8B%E6%A5%AD%E6%89%80%E3%81%82%E3%82%93%E3%81%98%E3%82%85%20%E6%B1%A0%E7%94%B0%E7%94%BA
小規模多機能型居宅介護事業所こうの,小規模多機能型居宅介護,福井県,南越前町,"介護,小規模多機能型居宅介護",小規模多機能型居宅介護の公式オープンデータから取り込んだ候補です。詳細は公式情報・電話・見学で確認してください。,http://kouno-f.com/,福井県南条郡南越前町河野29-5-62,0778-48-7000,厚生労働省オープンデータ,https://www.mhlw.go.jp/content/12300000/jigyosho_730.csv,2025-12末,https://www.google.com/search?q=%E5%B0%8F%E8%A6%8F%E6%A8%A1%E5%A4%9A%E6%A9%9F%E8%83%BD%E5%9E%8B%E5%B1%85%E5%AE%85%E4%BB%8B%E8%AD%B7%E4%BA%8B%E6%A5%AD%E6%89%80%E3%81%93%E3%81%86%E3%81%AE%20%E5%8D%97%E8%B6%8A%E5%89%8D%E7%94%BA
小規模多機能ホーム　まちや,小規模多機能型居宅介護,福井県,南越前町,"介護,小規模多機能型居宅介護",小規模多機能型居宅介護の公式オープンデータから取り込んだ候補です。詳細は公式情報・電話・見学で確認してください。,machiyahome@machiya-f.com,福井県南条郡南越前町今庄107-1-1,0778-45-7017,厚生労働省オープンデータ,https://www.mhlw.go.jp/content/12300000/jigyosho_730.csv,2025-12末,https://www.google.com/search?q=%E5%B0%8F%E8%A6%8F%E6%A8%A1%E5%A4%9A%E6%A9%9F%E8%83%BD%E3%83%9B%E3%83%BC%E3%83%A0%E3%80%80%E3%81%BE%E3%81%A1%E3%82%84%20%E5%8D%97%E8%B6%8A%E5%89%8D%E7%94%BA
美浜町社会福祉協議会吉右ヱ門さん家サテライトでんでんむしの家,小規模多機能型居宅介護,福井県,美浜町,"介護,小規模多機能型居宅介護",小規模多機能型居宅介護の公式オープンデータから取り込んだ候補です。詳細は公式情報・電話・見学で確認してください。,http://www.mihamachoshakyo.com,福井県三方郡美浜町郷市27ー7,0770-32-1169,厚生労働省オープンデータ,https://www.mhlw.go.jp/content/12300000/jigyosho_730.csv,2025-12末,https://www.google.com/search?q=%E7%BE%8E%E6%B5%9C%E7%94%BA%E7%A4%BE%E4%BC%9A%E7%A6%8F%E7%A5%89%E5%8D%94%E8%AD%B0%E4%BC%9A%E5%90%89%E5%8F%B3%E3%83%B1%E9%96%80%E3%81%95%E3%82%93%E5%AE%B6%E3%82%B5%E3%83%86%E3%83%A9%E3%82%A4%E3%83%88%E3%81%A7%E3%82%93%E3%81%A7%E3%82%93%E3%82%80%E3%81%97%E3%81%AE%E5%AE%B6%20%E7%BE%8E%E6%B5%9C%E7%94%BA
美浜町社会福祉協議会　吉右ヱ門さん家,小規模多機能型居宅介護,福井県,美浜町,"介護,小規模多機能型居宅介護",小規模多機能型居宅介護の公式オープンデータから取り込んだ候補です。詳細は公式情報・電話・見学で確認してください。,http://www.mihamachoshakyo.com/,福井県三方郡美浜町佐柿13-5,0770-32-3320,厚生労働省オープンデータ,https://www.mhlw.go.jp/content/12300000/jigyosho_730.csv,2025-12末,https://www.google.com/search?q=%E7%BE%8E%E6%B5%9C%E7%94%BA%E7%A4%BE%E4%BC%9A%E7%A6%8F%E7%A5%89%E5%8D%94%E8%AD%B0%E4%BC%9A%E3%80%80%E5%90%89%E5%8F%B3%E3%83%B1%E9%96%80%E3%81%95%E3%82%93%E5%AE%B6%20%E7%BE%8E%E6%B5%9C%E7%94%BA
美浜町社会福祉協議会　弥右ヱ門さん家,小規模多機能型居宅介護,福井県,美浜町,"介護,小規模多機能型居宅介護",小規模多機能型居宅介護の公式オープンデータから取り込んだ候補です。詳細は公式情報・電話・見学で確認してください。,http:/www.mihamachoshakyo.com/,福井県三方郡美浜町山上６１号７番地,0770-37-2275,厚生労働省オープンデータ,https://www.mhlw.go.jp/content/12300000/jigyosho_730.csv,2025-12末,https://www.google.com/search?q=%E7%BE%8E%E6%B5%9C%E7%94%BA%E7%A4%BE%E4%BC%9A%E7%A6%8F%E7%A5%89%E5%8D%94%E8%AD%B0%E4%BC%9A%E3%80%80%E5%BC%A5%E5%8F%B3%E3%83%B1%E9%96%80%E3%81%95%E3%82%93%E5%AE%B6%20%E7%BE%8E%E6%B5%9C%E7%94%BA
小規模多機能サービス　和～なごみ～,小規模多機能型居宅介護,福井県,高浜町,"介護,小規模多機能型居宅介護",小規模多機能型居宅介護の公式オープンデータから取り込んだ候補です。詳細は公式情報・電話・見学で確認してください。,http://kaigonagomi.jimdo.com/,福井県大飯郡高浜町和田１１７号９１番地２,0770-72-2153,厚生労働省オープンデータ,https://www.mhlw.go.jp/content/12300000/jigyosho_730.csv,2025-12末,https://www.google.com/search?q=%E5%B0%8F%E8%A6%8F%E6%A8%A1%E5%A4%9A%E6%A9%9F%E8%83%BD%E3%82%B5%E3%83%BC%E3%83%93%E3%82%B9%E3%80%80%E5%92%8C%EF%BD%9E%E3%81%AA%E3%81%94%E3%81%BF%EF%BD%9E%20%E9%AB%98%E6%B5%9C%E7%94%BA
おおい町社会福祉協議会小規模多機能ホームやすらぎ,小規模多機能型居宅介護,福井県,おおい町,"介護,小規模多機能型居宅介護",小規模多機能型居宅介護の公式オープンデータから取り込んだ候補です。詳細は公式情報・電話・見学で確認してください。,https://www.google.com/search?q=%E3%81%8A%E3%81%8A%E3%81%84%E7%94%BA%E7%A4%BE%E4%BC%9A%E7%A6%8F%E7%A5%89%E5%8D%94%E8%AD%B0%E4%BC%9A%E5%B0%8F%E8%A6%8F%E6%A8%A1%E5%A4%9A%E6%A9%9F%E8%83%BD%E3%83%9B%E3%83%BC%E3%83%A0%E3%82%84%E3%81%99%E3%82%89%E3%81%8E%20%E3%81%8A%E3%81%8A%E3%81%84%E7%94%BA,福井県大飯郡おおい町安川13-5-3,0770-78-1106,厚生労働省オープンデータ,https://www.mhlw.go.jp/content/12300000/jigyosho_730.csv,2025-12末,https://www.google.com/search?q=%E3%81%8A%E3%81%8A%E3%81%84%E7%94%BA%E7%A4%BE%E4%BC%9A%E7%A6%8F%E7%A5%89%E5%8D%94%E8%AD%B0%E4%BC%9A%E5%B0%8F%E8%A6%8F%E6%A8%A1%E5%A4%9A%E6%A9%9F%E8%83%BD%E3%83%9B%E3%83%BC%E3%83%A0%E3%82%84%E3%81%99%E3%82%89%E3%81%8E%20%E3%81%8A%E3%81%8A%E3%81%84%E7%94%BA
おおい町社会福祉協議会　小規模多機能ホームやすらぎサテライト型事業所小規模多機能ホームかんよもん,小規模多機能型居宅介護,福井県,おおい町,"介護,小規模多機能型居宅介護",小規模多機能型居宅介護の公式オープンデータから取り込んだ候補です。詳細は公式情報・電話・見学で確認してください。,https://www.google.com/search?q=%E3%81%8A%E3%81%8A%E3%81%84%E7%94%BA%E7%A4%BE%E4%BC%9A%E7%A6%8F%E7%A5%89%E5%8D%94%E8%AD%B0%E4%BC%9A%E3%80%80%E5%B0%8F%E8%A6%8F%E6%A8%A1%E5%A4%9A%E6%A9%9F%E8%83%BD%E3%83%9B%E3%83%BC%E3%83%A0%E3%82%84%E3%81%99%E3%82%89%E3%81%8E%E3%82%B5%E3%83%86%E3%83%A9%E3%82%A4%E3%83%88%E5%9E%8B%E4%BA%8B%E6%A5%AD%E6%89%80%E5%B0%8F%E8%A6%8F%E6%A8%A1%E5%A4%9A%E6%A9%9F%E8%83%BD%E3%83%9B%E3%83%BC%E3%83%A0%E3%81%8B%E3%82%93%E3%82%88%E3%82%82%E3%82%93%20%E3%81%8A%E3%81%8A%E3%81%84%E7%94%BA,福井県大飯郡おおい町山田１６－３５,0770-77-1600,厚生労働省オープンデータ,https://www.mhlw.go.jp/content/12300000/jigyosho_730.csv,2025-12末,https://www.google.com/search?q=%E3%81%8A%E3%81%8A%E3%81%84%E7%94%BA%E7%A4%BE%E4%BC%9A%E7%A6%8F%E7%A5%89%E5%8D%94%E8%AD%B0%E4%BC%9A%E3%80%80%E5%B0%8F%E8%A6%8F%E6%A8%A1%E5%A4%9A%E6%A9%9F%E8%83%BD%E3%83%9B%E3%83%BC%E3%83%A0%E3%82%84%E3%81%99%E3%82%89%E3%81%8E%E3%82%B5%E3%83%86%E3%83%A9%E3%82%A4%E3%83%88%E5%9E%8B%E4%BA%8B%E6%A5%AD%E6%89%80%E5%B0%8F%E8%A6%8F%E6%A8%A1%E5%A4%9A%E6%A9%9F%E8%83%BD%E3%83%9B%E3%83%BC%E3%83%A0%E3%81%8B%E3%82%93%E3%82%88%E3%82%82%E3%82%93%20%E3%81%8A%E3%81%8A%E3%81%84%E7%94%BA
おおい町社会福祉協議会　小規模多機能ホームびわの木,小規模多機能型居宅介護,福井県,おおい町,"介護,小規模多機能型居宅介護",小規模多機能型居宅介護の公式オープンデータから取り込んだ候補です。詳細は公式情報・電話・見学で確認してください。,http://ohi-shakyo.or.jp/,福井県大飯郡おおい町大島第45号22番地,0770-77-2550,厚生労働省オープンデータ,https://www.mhlw.go.jp/content/12300000/jigyosho_730.csv,2025-12末,https://www.google.com/search?q=%E3%81%8A%E3%81%8A%E3%81%84%E7%94%BA%E7%A4%BE%E4%BC%9A%E7%A6%8F%E7%A5%89%E5%8D%94%E8%AD%B0%E4%BC%9A%E3%80%80%E5%B0%8F%E8%A6%8F%E6%A8%A1%E5%A4%9A%E6%A9%9F%E8%83%BD%E3%83%9B%E3%83%BC%E3%83%A0%E3%81%B3%E3%82%8F%E3%81%AE%E6%9C%A8%20%E3%81%8A%E3%81%8A%E3%81%84%E7%94%BA
おおい町社会福祉協議会　小規模多機能ホームきぼう,小規模多機能型居宅介護,福井県,おおい町,"介護,小規模多機能型居宅介護",小規模多機能型居宅介護の公式オープンデータから取り込んだ候補です。詳細は公式情報・電話・見学で確認してください。,https://www.google.com/search?q=%E3%81%8A%E3%81%8A%E3%81%84%E7%94%BA%E7%A4%BE%E4%BC%9A%E7%A6%8F%E7%A5%89%E5%8D%94%E8%AD%B0%E4%BC%9A%E3%80%80%E5%B0%8F%E8%A6%8F%E6%A8%A1%E5%A4%9A%E6%A9%9F%E8%83%BD%E3%83%9B%E3%83%BC%E3%83%A0%E3%81%8D%E3%81%BC%E3%81%86%20%E3%81%8A%E3%81%8A%E3%81%84%E7%94%BA,福井県大飯郡おおい町名田庄三重４０－４７,0770-67-2203,厚生労働省オープンデータ,https://www.mhlw.go.jp/content/12300000/jigyosho_730.csv,2025-12末,https://www.google.com/search?q=%E3%81%8A%E3%81%8A%E3%81%84%E7%94%BA%E7%A4%BE%E4%BC%9A%E7%A6%8F%E7%A5%89%E5%8D%94%E8%AD%B0%E4%BC%9A%E3%80%80%E5%B0%8F%E8%A6%8F%E6%A8%A1%E5%A4%9A%E6%A9%9F%E8%83%BD%E3%83%9B%E3%83%BC%E3%83%A0%E3%81%8D%E3%81%BC%E3%81%86%20%E3%81%8A%E3%81%8A%E3%81%84%E7%94%BA
おおい町社会福祉協議会小規模多機能ホームひだまり,小規模多機能型居宅介護,福井県,おおい町,"介護,小規模多機能型居宅介護",小規模多機能型居宅介護の公式オープンデータから取り込んだ候補です。詳細は公式情報・電話・見学で確認してください。,https://ohi-shakyo.or.jp/,福井県大飯郡おおい町名田庄口坂本第13号5番地,0770-67-2656,厚生労働省オープンデータ,https://www.mhlw.go.jp/content/12300000/jigyosho_730.csv,2025-12末,https://www.google.com/search?q=%E3%81%8A%E3%81%8A%E3%81%84%E7%94%BA%E7%A4%BE%E4%BC%9A%E7%A6%8F%E7%A5%89%E5%8D%94%E8%AD%B0%E4%BC%9A%E5%B0%8F%E8%A6%8F%E6%A8%A1%E5%A4%9A%E6%A9%9F%E8%83%BD%E3%83%9B%E3%83%BC%E3%83%A0%E3%81%B2%E3%81%A0%E3%81%BE%E3%82%8A%20%E3%81%8A%E3%81%8A%E3%81%84%E7%94%BA
小規模多機能ホーム　きやま虹の家,小規模多機能型居宅介護,福井県,若狭町,"介護,小規模多機能型居宅介護",小規模多機能型居宅介護の公式オープンデータから取り込んだ候補です。詳細は公式情報・電話・見学で確認してください。,http://www.w-shakyo.or.jp,福井県三方上中郡若狭町気山231-17,0770-45-2833,厚生労働省オープンデータ,https://www.mhlw.go.jp/content/12300000/jigyosho_730.csv,2025-12末,https://www.google.com/search?q=%E5%B0%8F%E8%A6%8F%E6%A8%A1%E5%A4%9A%E6%A9%9F%E8%83%BD%E3%83%9B%E3%83%BC%E3%83%A0%E3%80%80%E3%81%8D%E3%82%84%E3%81%BE%E8%99%B9%E3%81%AE%E5%AE%B6%20%E8%8B%A5%E7%8B%AD%E7%94%BA
小規模多機能ホーム　みさき,小規模多機能型居宅介護,福井県,若狭町,"介護,小規模多機能型居宅介護",小規模多機能型居宅介護の公式オープンデータから取り込んだ候補です。詳細は公式情報・電話・見学で確認してください。,http://www.w-shakyo.or.jp/welfare/misaki.html,若狭町神子第１３号３の２,0770-47-1027,厚生労働省オープンデータ,https://www.mhlw.go.jp/content/12300000/jigyosho_730.csv,2025-12末,https://www.google.com/search?q=%E5%B0%8F%E8%A6%8F%E6%A8%A1%E5%A4%9A%E6%A9%9F%E8%83%BD%E3%83%9B%E3%83%BC%E3%83%A0%E3%80%80%E3%81%BF%E3%81%95%E3%81%8D%20%E8%8B%A5%E7%8B%AD%E7%94%BA
千寿の森訪問介護ステーション,定期巡回・随時対応型訪問介護看護,福井県,福井市,"介護,定期巡回・随時対応型訪問介護看護",定期巡回・随時対応型訪問介護看護の公式オープンデータから取り込んだ候補です。詳細は公式情報・電話・見学で確認してください。,https://www.tanpopoen-senjukai.com,福井県福井市栗森２丁目２７１０番地,0776-56-1027,厚生労働省オープンデータ,https://www.mhlw.go.jp/content/12300000/jigyosho_760.csv,2025-12末,https://www.google.com/search?q=%E5%8D%83%E5%AF%BF%E3%81%AE%E6%A3%AE%E8%A8%AA%E5%95%8F%E4%BB%8B%E8%AD%B7%E3%82%B9%E3%83%86%E3%83%BC%E3%82%B7%E3%83%A7%E3%83%B3%20%E7%A6%8F%E4%BA%95%E5%B8%82
ケア・フレンズ　定期巡回随時対応型訪問介護看護,定期巡回・随時対応型訪問介護看護,福井県,福井市,"介護,定期巡回・随時対応型訪問介護看護",定期巡回・随時対応型訪問介護看護の公式オープンデータから取り込んだ候補です。詳細は公式情報・電話・見学で確認してください。,https://care-friends.com/,福井県福井市松本2丁目25－16,0776-27-1314,厚生労働省オープンデータ,https://www.mhlw.go.jp/content/12300000/jigyosho_760.csv,2025-12末,https://www.google.com/search?q=%E3%82%B1%E3%82%A2%E3%83%BB%E3%83%95%E3%83%AC%E3%83%B3%E3%82%BA%E3%80%80%E5%AE%9A%E6%9C%9F%E5%B7%A1%E5%9B%9E%E9%9A%8F%E6%99%82%E5%AF%BE%E5%BF%9C%E5%9E%8B%E8%A8%AA%E5%95%8F%E4%BB%8B%E8%AD%B7%E7%9C%8B%E8%AD%B7%20%E7%A6%8F%E4%BA%95%E5%B8%82
24時間サポートセンター仁愛,定期巡回・随時対応型訪問介護看護,福井県,福井市,"介護,定期巡回・随時対応型訪問介護看護",定期巡回・随時対応型訪問介護看護の公式オープンデータから取り込んだ候補です。詳細は公式情報・電話・見学で確認してください。,http://www.jinai-cs.co.jp/,福井県福井市乾徳4丁目4番7号仁愛ビル,0776-26-6000,厚生労働省オープンデータ,https://www.mhlw.go.jp/content/12300000/jigyosho_760.csv,2025-12末,https://www.google.com/search?q=24%E6%99%82%E9%96%93%E3%82%B5%E3%83%9D%E3%83%BC%E3%83%88%E3%82%BB%E3%83%B3%E3%82%BF%E3%83%BC%E4%BB%81%E6%84%9B%20%E7%A6%8F%E4%BA%95%E5%B8%82
定期巡回・随時対応型訪問介護看護「めいほう」,定期巡回・随時対応型訪問介護看護,福井県,敦賀市,"介護,定期巡回・随時対応型訪問介護看護",定期巡回・随時対応型訪問介護看護の公式オープンデータから取り込んだ候補です。詳細は公式情報・電話・見学で確認してください。,http:/meihoukai.com,福井県敦賀市昭和町２丁目２９０８,0770-20-1161,厚生労働省オープンデータ,https://www.mhlw.go.jp/content/12300000/jigyosho_760.csv,2025-12末,https://www.google.com/search?q=%E5%AE%9A%E6%9C%9F%E5%B7%A1%E5%9B%9E%E3%83%BB%E9%9A%8F%E6%99%82%E5%AF%BE%E5%BF%9C%E5%9E%8B%E8%A8%AA%E5%95%8F%E4%BB%8B%E8%AD%B7%E7%9C%8B%E8%AD%B7%E3%80%8C%E3%82%81%E3%81%84%E3%81%BB%E3%81%86%E3%80%8D%20%E6%95%A6%E8%B3%80%E5%B8%82
２４時間訪問ステーション　鯖江きらめき,定期巡回・随時対応型訪問介護看護,福井県,鯖江市,"介護,定期巡回・随時対応型訪問介護看護",定期巡回・随時対応型訪問介護看護の公式オープンデータから取り込んだ候補です。詳細は公式情報・電話・見学で確認してください。,http://www.fukui.coop/,福井県鯖江市小黒町３丁目１０－２１県民せいきょう　鯖江きらめき,0778-52-8050,厚生労働省オープンデータ,https://www.mhlw.go.jp/content/12300000/jigyosho_760.csv,2025-12末,https://www.google.com/search?q=%EF%BC%92%EF%BC%94%E6%99%82%E9%96%93%E8%A8%AA%E5%95%8F%E3%82%B9%E3%83%86%E3%83%BC%E3%82%B7%E3%83%A7%E3%83%B3%E3%80%80%E9%AF%96%E6%B1%9F%E3%81%8D%E3%82%89%E3%82%81%E3%81%8D%20%E9%AF%96%E6%B1%9F%E5%B8%82
レッツ定期巡回ステーション,定期巡回・随時対応型訪問介護看護,福井県,越前市,"介護,定期巡回・随時対応型訪問介護看護",定期巡回・随時対応型訪問介護看護の公式オープンデータから取り込んだ候補です。詳細は公式情報・電話・見学で確認してください。,http://lifemore.ne.jp/,福井県越前市横根町12-4-1,0778-43-5633,厚生労働省オープンデータ,https://www.mhlw.go.jp/content/12300000/jigyosho_760.csv,2025-12末,https://www.google.com/search?q=%E3%83%AC%E3%83%83%E3%83%84%E5%AE%9A%E6%9C%9F%E5%B7%A1%E5%9B%9E%E3%82%B9%E3%83%86%E3%83%BC%E3%82%B7%E3%83%A7%E3%83%B3%20%E8%B6%8A%E5%89%8D%E5%B8%82
定期巡回ステーションひだまり,定期巡回・随時対応型訪問介護看護,福井県,越前市,"介護,定期巡回・随時対応型訪問介護看護",定期巡回・随時対応型訪問介護看護の公式オープンデータから取り込んだ候補です。詳細は公式情報・電話・見学で確認してください。,www.tsukioka-med.com,福井県越前市本多１丁目８－４１,0778-25-6112,厚生労働省オープンデータ,https://www.mhlw.go.jp/content/12300000/jigyosho_760.csv,2025-12末,https://www.google.com/search?q=%E5%AE%9A%E6%9C%9F%E5%B7%A1%E5%9B%9E%E3%82%B9%E3%83%86%E3%83%BC%E3%82%B7%E3%83%A7%E3%83%B3%E3%81%B2%E3%81%A0%E3%81%BE%E3%82%8A%20%E8%B6%8A%E5%89%8D%E5%B8%82
訪問サービス生喜庵,定期巡回・随時対応型訪問介護看護,福井県,坂井市,"介護,定期巡回・随時対応型訪問介護看護",定期巡回・随時対応型訪問介護看護の公式オープンデータから取り込んだ候補です。詳細は公式情報・電話・見学で確認してください。,http://seikikai-sakai.jp/,福井県坂井市丸岡町長畝16字八ツ割3番1生喜庵,0776-68-0058,厚生労働省オープンデータ,https://www.mhlw.go.jp/content/12300000/jigyosho_760.csv,2025-12末,https://www.google.com/search?q=%E8%A8%AA%E5%95%8F%E3%82%B5%E3%83%BC%E3%83%93%E3%82%B9%E7%94%9F%E5%96%9C%E5%BA%B5%20%E5%9D%82%E4%BA%95%E5%B8%82
ケアセンターグっとサポート,定期巡回・随時対応型訪問介護看護,福井県,高浜町,"介護,定期巡回・随時対応型訪問介護看護",定期巡回・随時対応型訪問介護看護の公式オープンデータから取り込んだ候補です。詳細は公式情報・電話・見学で確認してください。,https://g-support-takahama.com/,福井県大飯郡高浜町薗部47-4,0770-72-3103,厚生労働省オープンデータ,https://www.mhlw.go.jp/content/12300000/jigyosho_760.csv,2025-12末,https://www.google.com/search?q=%E3%82%B1%E3%82%A2%E3%82%BB%E3%83%B3%E3%82%BF%E3%83%BC%E3%82%B0%E3%81%A3%E3%81%A8%E3%82%B5%E3%83%9D%E3%83%BC%E3%83%88%20%E9%AB%98%E6%B5%9C%E7%94%BA
ほのか西藤島,看護小規模多機能型居宅介護,福井県,福井市,"介護,看護小規模多機能型居宅介護,医療",看護小規模多機能型居宅介護の公式オープンデータから取り込んだ候補です。詳細は公式情報・電話・見学で確認してください。,http://www.care-unit.com/,福井県福井市三郎丸2丁目401番地,0776-97-8530,厚生労働省オープンデータ,https://www.mhlw.go.jp/content/12300000/jigyosho_770.csv,2025-12末,https://www.google.com/search?q=%E3%81%BB%E3%81%AE%E3%81%8B%E8%A5%BF%E8%97%A4%E5%B3%B6%20%E7%A6%8F%E4%BA%95%E5%B8%82
看護小規模多機能ホームレインボー二の宮,看護小規模多機能型居宅介護,福井県,福井市,"介護,看護小規模多機能型居宅介護,医療",看護小規模多機能型居宅介護の公式オープンデータから取り込んだ候補です。詳細は公式情報・電話・見学で確認してください。,rainbow-kaigo.com,福井県福井市二の宮２丁目８番21,0776-21-2821,厚生労働省オープンデータ,https://www.mhlw.go.jp/content/12300000/jigyosho_770.csv,2025-12末,https://www.google.com/search?q=%E7%9C%8B%E8%AD%B7%E5%B0%8F%E8%A6%8F%E6%A8%A1%E5%A4%9A%E6%A9%9F%E8%83%BD%E3%83%9B%E3%83%BC%E3%83%A0%E3%83%AC%E3%82%A4%E3%83%B3%E3%83%9C%E3%83%BC%E4%BA%8C%E3%81%AE%E5%AE%AE%20%E7%A6%8F%E4%BA%95%E5%B8%82
看護小規模多機能型居宅介護　あったかホームひまわり,看護小規模多機能型居宅介護,福井県,福井市,"介護,看護小規模多機能型居宅介護,医療",看護小規模多機能型居宅介護の公式オープンデータから取り込んだ候補です。詳細は公式情報・電話・見学で確認してください。,http://www.koseikaigroup.jp/welfare/syousai/attaka_takinou.html,福井県福井市下馬3丁目2302番地,0776-33-6515,厚生労働省オープンデータ,https://www.mhlw.go.jp/content/12300000/jigyosho_770.csv,2025-12末,https://www.google.com/search?q=%E7%9C%8B%E8%AD%B7%E5%B0%8F%E8%A6%8F%E6%A8%A1%E5%A4%9A%E6%A9%9F%E8%83%BD%E5%9E%8B%E5%B1%85%E5%AE%85%E4%BB%8B%E8%AD%B7%E3%80%80%E3%81%82%E3%81%A3%E3%81%9F%E3%81%8B%E3%83%9B%E3%83%BC%E3%83%A0%E3%81%B2%E3%81%BE%E3%82%8F%E3%82%8A%20%E7%A6%8F%E4%BA%95%E5%B8%82
いちご日和,看護小規模多機能型居宅介護,福井県,福井市,"介護,看護小規模多機能型居宅介護,医療",看護小規模多機能型居宅介護の公式オープンデータから取り込んだ候補です。詳細は公式情報・電話・見学で確認してください。,http://kenkoukai.or.jp/,福井県福井市勝見3丁目20-12いちごの森1階,0776-27-7715,厚生労働省オープンデータ,https://www.mhlw.go.jp/content/12300000/jigyosho_770.csv,2025-12末,https://www.google.com/search?q=%E3%81%84%E3%81%A1%E3%81%94%E6%97%A5%E5%92%8C%20%E7%A6%8F%E4%BA%95%E5%B8%82
看護小規模多機能ホームはなぞの,看護小規模多機能型居宅介護,福井県,福井市,"介護,看護小規模多機能型居宅介護,医療",看護小規模多機能型居宅介護の公式オープンデータから取り込んだ候補です。詳細は公式情報・電話・見学で確認してください。,https://www.google.com/search?q=%E7%9C%8B%E8%AD%B7%E5%B0%8F%E8%A6%8F%E6%A8%A1%E5%A4%9A%E6%A9%9F%E8%83%BD%E3%83%9B%E3%83%BC%E3%83%A0%E3%81%AF%E3%81%AA%E3%81%9E%E3%81%AE%20%E7%A6%8F%E4%BA%95%E5%B8%82,福井県福井市松本１丁目５５番５号,0776-97-5219,厚生労働省オープンデータ,https://www.mhlw.go.jp/content/12300000/jigyosho_770.csv,2025-12末,https://www.google.com/search?q=%E7%9C%8B%E8%AD%B7%E5%B0%8F%E8%A6%8F%E6%A8%A1%E5%A4%9A%E6%A9%9F%E8%83%BD%E3%83%9B%E3%83%BC%E3%83%A0%E3%81%AF%E3%81%AA%E3%81%9E%E3%81%AE%20%E7%A6%8F%E4%BA%95%E5%B8%82
看護多機能　向陽,看護小規模多機能型居宅介護,福井県,福井市,"介護,看護小規模多機能型居宅介護,医療",看護小規模多機能型居宅介護の公式オープンデータから取り込んだ候補です。詳細は公式情報・電話・見学で確認してください。,http://www.koyokai-fukui.com,福井県福井市定正1丁目1325アーク向陽,0776-56-4560,厚生労働省オープンデータ,https://www.mhlw.go.jp/content/12300000/jigyosho_770.csv,2025-12末,https://www.google.com/search?q=%E7%9C%8B%E8%AD%B7%E5%A4%9A%E6%A9%9F%E8%83%BD%E3%80%80%E5%90%91%E9%99%BD%20%E7%A6%8F%E4%BA%95%E5%B8%82
看護小規模多機能型居宅介護　あったかホームひまわりサテライト,看護小規模多機能型居宅介護,福井県,福井市,"介護,看護小規模多機能型居宅介護,医療",看護小規模多機能型居宅介護の公式オープンデータから取り込んだ候補です。詳細は公式情報・電話・見学で確認してください。,https://www.google.com/search?q=%E7%9C%8B%E8%AD%B7%E5%B0%8F%E8%A6%8F%E6%A8%A1%E5%A4%9A%E6%A9%9F%E8%83%BD%E5%9E%8B%E5%B1%85%E5%AE%85%E4%BB%8B%E8%AD%B7%E3%80%80%E3%81%82%E3%81%A3%E3%81%9F%E3%81%8B%E3%83%9B%E3%83%BC%E3%83%A0%E3%81%B2%E3%81%BE%E3%82%8F%E3%82%8A%E3%82%B5%E3%83%86%E3%83%A9%E3%82%A4%E3%83%88%20%E7%A6%8F%E4%BA%95%E5%B8%82,福井市下六条町7号26番1,0776-41-4001,厚生労働省オープンデータ,https://www.mhlw.go.jp/content/12300000/jigyosho_770.csv,2025-12末,https://www.google.com/search?q=%E7%9C%8B%E8%AD%B7%E5%B0%8F%E8%A6%8F%E6%A8%A1%E5%A4%9A%E6%A9%9F%E8%83%BD%E5%9E%8B%E5%B1%85%E5%AE%85%E4%BB%8B%E8%AD%B7%E3%80%80%E3%81%82%E3%81%A3%E3%81%9F%E3%81%8B%E3%83%9B%E3%83%BC%E3%83%A0%E3%81%B2%E3%81%BE%E3%82%8F%E3%82%8A%E3%82%B5%E3%83%86%E3%83%A9%E3%82%A4%E3%83%88%20%E7%A6%8F%E4%BA%95%E5%B8%82
やしろの郷,看護小規模多機能型居宅介護,福井県,福井市,"介護,看護小規模多機能型居宅介護,医療",看護小規模多機能型居宅介護の公式オープンデータから取り込んだ候補です。詳細は公式情報・電話・見学で確認してください。,https://www.yushinkai291.com/,福井市若杉町２５－１８－１,0776-63-5597,厚生労働省オープンデータ,https://www.mhlw.go.jp/content/12300000/jigyosho_770.csv,2025-12末,https://www.google.com/search?q=%E3%82%84%E3%81%97%E3%82%8D%E3%81%AE%E9%83%B7%20%E7%A6%8F%E4%BA%95%E5%B8%82
敦賀ケアセンターかくだ「あおい」,看護小規模多機能型居宅介護,福井県,敦賀市,"介護,看護小規模多機能型居宅介護,医療",看護小規模多機能型居宅介護の公式オープンデータから取り込んだ候補です。詳細は公式情報・電話・見学で確認してください。,https://kakuda4141.co.jp/,福井県敦賀市昭和町２丁目11-5,0770-25-4160,厚生労働省オープンデータ,https://www.mhlw.go.jp/content/12300000/jigyosho_770.csv,2025-12末,https://www.google.com/search?q=%E6%95%A6%E8%B3%80%E3%82%B1%E3%82%A2%E3%82%BB%E3%83%B3%E3%82%BF%E3%83%BC%E3%81%8B%E3%81%8F%E3%81%A0%E3%80%8C%E3%81%82%E3%81%8A%E3%81%84%E3%80%8D%20%E6%95%A6%E8%B3%80%E5%B8%82
ふらむはぁとナーシングケア,看護小規模多機能型居宅介護,福井県,小浜市,"介護,看護小規模多機能型居宅介護,医療",看護小規模多機能型居宅介護の公式オープンデータから取り込んだ候補です。詳細は公式情報・電話・見学で確認してください。,https://rerephysio.com,福井県小浜市遠敷7-301AYATTO,0770-56-1009,厚生労働省オープンデータ,https://www.mhlw.go.jp/content/12300000/jigyosho_770.csv,2025-12末,https://www.google.com/search?q=%E3%81%B5%E3%82%89%E3%82%80%E3%81%AF%E3%81%81%E3%81%A8%E3%83%8A%E3%83%BC%E3%82%B7%E3%83%B3%E3%82%B0%E3%82%B1%E3%82%A2%20%E5%B0%8F%E6%B5%9C%E5%B8%82
看護小規模多機能型居宅介護あったかホームさくら,看護小規模多機能型居宅介護,福井県,大野市,"介護,看護小規模多機能型居宅介護,医療",看護小規模多機能型居宅介護の公式オープンデータから取り込んだ候補です。詳細は公式情報・電話・見学で確認してください。,http://www.koseikaigroup.jp/,福井県大野市中津川32-33,0779-69-7236,厚生労働省オープンデータ,https://www.mhlw.go.jp/content/12300000/jigyosho_770.csv,2025-12末,https://www.google.com/search?q=%E7%9C%8B%E8%AD%B7%E5%B0%8F%E8%A6%8F%E6%A8%A1%E5%A4%9A%E6%A9%9F%E8%83%BD%E5%9E%8B%E5%B1%85%E5%AE%85%E4%BB%8B%E8%AD%B7%E3%81%82%E3%81%A3%E3%81%9F%E3%81%8B%E3%83%9B%E3%83%BC%E3%83%A0%E3%81%95%E3%81%8F%E3%82%89%20%E5%A4%A7%E9%87%8E%E5%B8%82
活き生きほっと倶楽部鯖江,看護小規模多機能型居宅介護,福井県,鯖江市,"介護,看護小規模多機能型居宅介護,医療",看護小規模多機能型居宅介護の公式オープンデータから取り込んだ候補です。詳細は公式情報・電話・見学で確認してください。,http://www.hotreha.com,福井県鯖江市鳥羽町107-70ほっとリハビリシステムズ鯖江事業所,0778－52－7720,厚生労働省オープンデータ,https://www.mhlw.go.jp/content/12300000/jigyosho_770.csv,2025-12末,https://www.google.com/search?q=%E6%B4%BB%E3%81%8D%E7%94%9F%E3%81%8D%E3%81%BB%E3%81%A3%E3%81%A8%E5%80%B6%E6%A5%BD%E9%83%A8%E9%AF%96%E6%B1%9F%20%E9%AF%96%E6%B1%9F%E5%B8%82
あわら複合ケアサービス,看護小規模多機能型居宅介護,福井県,あわら市,"介護,看護小規模多機能型居宅介護,医療",看護小規模多機能型居宅介護の公式オープンデータから取り込んだ候補です。詳細は公式情報・電話・見学で確認してください。,http://www.naruza.jp/,福井県あわら市二面2丁目302番地,0776-77-2282,厚生労働省オープンデータ,https://www.mhlw.go.jp/content/12300000/jigyosho_770.csv,2025-12末,https://www.google.com/search?q=%E3%81%82%E3%82%8F%E3%82%89%E8%A4%87%E5%90%88%E3%82%B1%E3%82%A2%E3%82%B5%E3%83%BC%E3%83%93%E3%82%B9%20%E3%81%82%E3%82%8F%E3%82%89%E5%B8%82
看護小規模多機能ホームケアフルハウス,看護小規模多機能型居宅介護,福井県,越前市,"介護,看護小規模多機能型居宅介護,医療",看護小規模多機能型居宅介護の公式オープンデータから取り込んだ候補です。詳細は公式情報・電話・見学で確認してください。,http://carefull.co.jp/,福井県越前市広瀬町153-12-2,0778-22-0030,厚生労働省オープンデータ,https://www.mhlw.go.jp/content/12300000/jigyosho_770.csv,2025-12末,https://www.google.com/search?q=%E7%9C%8B%E8%AD%B7%E5%B0%8F%E8%A6%8F%E6%A8%A1%E5%A4%9A%E6%A9%9F%E8%83%BD%E3%83%9B%E3%83%BC%E3%83%A0%E3%82%B1%E3%82%A2%E3%83%95%E3%83%AB%E3%83%8F%E3%82%A6%E3%82%B9%20%E8%B6%8A%E5%89%8D%E5%B8%82
活き生きほっと倶楽部,看護小規模多機能型居宅介護,福井県,越前市,"介護,看護小規模多機能型居宅介護,医療",看護小規模多機能型居宅介護の公式オープンデータから取り込んだ候補です。詳細は公式情報・電話・見学で確認してください。,http://www.hotreha.com,福井県越前市高木町111-2ほっと地域包括ケアセンター,0778-29-3000,厚生労働省オープンデータ,https://www.mhlw.go.jp/content/12300000/jigyosho_770.csv,2025-12末,https://www.google.com/search?q=%E6%B4%BB%E3%81%8D%E7%94%9F%E3%81%8D%E3%81%BB%E3%81%A3%E3%81%A8%E5%80%B6%E6%A5%BD%E9%83%A8%20%E8%B6%8A%E5%89%8D%E5%B8%82
看護小規模多機能ホームクローバー,看護小規模多機能型居宅介護,福井県,越前市,"介護,看護小規模多機能型居宅介護,医療",看護小規模多機能型居宅介護の公式オープンデータから取り込んだ候補です。詳細は公式情報・電話・見学で確認してください。,https://www.google.com/search?q=%E7%9C%8B%E8%AD%B7%E5%B0%8F%E8%A6%8F%E6%A8%A1%E5%A4%9A%E6%A9%9F%E8%83%BD%E3%83%9B%E3%83%BC%E3%83%A0%E3%82%AF%E3%83%AD%E3%83%BC%E3%83%90%E3%83%BC%20%E8%B6%8A%E5%89%8D%E5%B8%82,越前市杉尾町1-24-1,0778-42-6067,厚生労働省オープンデータ,https://www.mhlw.go.jp/content/12300000/jigyosho_770.csv,2025-12末,https://www.google.com/search?q=%E7%9C%8B%E8%AD%B7%E5%B0%8F%E8%A6%8F%E6%A8%A1%E5%A4%9A%E6%A9%9F%E8%83%BD%E3%83%9B%E3%83%BC%E3%83%A0%E3%82%AF%E3%83%AD%E3%83%BC%E3%83%90%E3%83%BC%20%E8%B6%8A%E5%89%8D%E5%B8%82
看護小規模多機能ホームひだまり,看護小規模多機能型居宅介護,福井県,越前市,"介護,看護小規模多機能型居宅介護,医療",看護小規模多機能型居宅介護の公式オープンデータから取り込んだ候補です。詳細は公式情報・電話・見学で確認してください。,http://www.tsukioka-med.com,本多1丁目8-41,0778-25-6001,厚生労働省オープンデータ,https://www.mhlw.go.jp/content/12300000/jigyosho_770.csv,2025-12末,https://www.google.com/search?q=%E7%9C%8B%E8%AD%B7%E5%B0%8F%E8%A6%8F%E6%A8%A1%E5%A4%9A%E6%A9%9F%E8%83%BD%E3%83%9B%E3%83%BC%E3%83%A0%E3%81%B2%E3%81%A0%E3%81%BE%E3%82%8A%20%E8%B6%8A%E5%89%8D%E5%B8%82
看護小規模多機能　縁の家シンシア,看護小規模多機能型居宅介護,福井県,坂井市,"介護,看護小規模多機能型居宅介護,医療",看護小規模多機能型居宅介護の公式オープンデータから取り込んだ候補です。詳細は公式情報・電話・見学で確認してください。,sincerepalm.com,福井県坂井市坂井町下兵庫132-6-1,0776-63-5233,厚生労働省オープンデータ,https://www.mhlw.go.jp/content/12300000/jigyosho_770.csv,2025-12末,https://www.google.com/search?q=%E7%9C%8B%E8%AD%B7%E5%B0%8F%E8%A6%8F%E6%A8%A1%E5%A4%9A%E6%A9%9F%E8%83%BD%E3%80%80%E7%B8%81%E3%81%AE%E5%AE%B6%E3%82%B7%E3%83%B3%E3%82%B7%E3%82%A2%20%E5%9D%82%E4%BA%95%E5%B8%82
デイホーム　ゆり,看護小規模多機能型居宅介護,福井県,坂井市,"介護,看護小規模多機能型居宅介護,医療",看護小規模多機能型居宅介護の公式オープンデータから取り込んだ候補です。詳細は公式情報・電話・見学で確認してください。,http://sakairaiharukai.jimdo.com/,福井県坂井市春江町本堂27ー1ー1地域密着型介護老人福祉施設ケアセンターゆり　４F,0776ー51ー8100,厚生労働省オープンデータ,https://www.mhlw.go.jp/content/12300000/jigyosho_770.csv,2025-12末,https://www.google.com/search?q=%E3%83%87%E3%82%A4%E3%83%9B%E3%83%BC%E3%83%A0%E3%80%80%E3%82%86%E3%82%8A%20%E5%9D%82%E4%BA%95%E5%B8%82
看護小規模多機能型居宅介護事業所かがやき,看護小規模多機能型居宅介護,福井県,坂井市,"介護,看護小規模多機能型居宅介護,医療",看護小規模多機能型居宅介護の公式オープンデータから取り込んだ候補です。詳細は公式情報・電話・見学で確認してください。,http://www.sumiresou.jp/index.php?id=76,三国町陣ヶ岡第13号3番地かがやき荘,0776-82-5151,厚生労働省オープンデータ,https://www.mhlw.go.jp/content/12300000/jigyosho_770.csv,2025-12末,https://www.google.com/search?q=%E7%9C%8B%E8%AD%B7%E5%B0%8F%E8%A6%8F%E6%A8%A1%E5%A4%9A%E6%A9%9F%E8%83%BD%E5%9E%8B%E5%B1%85%E5%AE%85%E4%BB%8B%E8%AD%B7%E4%BA%8B%E6%A5%AD%E6%89%80%E3%81%8B%E3%81%8C%E3%82%84%E3%81%8D%20%E5%9D%82%E4%BA%95%E5%B8%82
看護小規模多機能りんごの木,看護小規模多機能型居宅介護,福井県,永平寺町,"介護,看護小規模多機能型居宅介護,医療",看護小規模多機能型居宅介護の公式オープンデータから取り込んだ候補です。詳細は公式情報・電話・見学で確認してください。,https://www.ringoemori.com/,福井県吉田郡永平寺町松岡松ヶ原1-307,0776-61-6060,厚生労働省オープンデータ,https://www.mhlw.go.jp/content/12300000/jigyosho_770.csv,2025-12末,https://www.google.com/search?q=%E7%9C%8B%E8%AD%B7%E5%B0%8F%E8%A6%8F%E6%A8%A1%E5%A4%9A%E6%A9%9F%E8%83%BD%E3%82%8A%E3%82%93%E3%81%94%E3%81%AE%E6%9C%A8%20%E6%B0%B8%E5%B9%B3%E5%AF%BA%E7%94%BA
看護小規模多機能ナーシングケアおた,看護小規模多機能型居宅介護,福井県,越前町,"介護,看護小規模多機能型居宅介護,医療",看護小規模多機能型居宅介護の公式オープンデータから取り込んだ候補です。詳細は公式情報・電話・見学で確認してください。,https://ota.jadecom.or.jp/,福井県丹生郡越前町織田106-42-2,0778-42-5477,厚生労働省オープンデータ,https://www.mhlw.go.jp/content/12300000/jigyosho_770.csv,2025-12末,https://www.google.com/search?q=%E7%9C%8B%E8%AD%B7%E5%B0%8F%E8%A6%8F%E6%A8%A1%E5%A4%9A%E6%A9%9F%E8%83%BD%E3%83%8A%E3%83%BC%E3%82%B7%E3%83%B3%E3%82%B0%E3%82%B1%E3%82%A2%E3%81%8A%E3%81%9F%20%E8%B6%8A%E5%89%8D%E7%94%BA
デイサービスセンター　きらく,地域密着型デイサービス,福井県,福井市,"介護,地域密着型デイサービス",日中に通って食事・入浴・機能訓練・見守りなどを受けるサービスです。,http://kiraku291.jimdo.com/,福井県福井市松本３丁目４番４号,0776-27-0223,厚生労働省オープンデータ,https://www.mhlw.go.jp/content/12300000/jigyosho_780.csv,2025-12末,https://www.google.com/search?q=%E3%83%87%E3%82%A4%E3%82%B5%E3%83%BC%E3%83%93%E3%82%B9%E3%82%BB%E3%83%B3%E3%82%BF%E3%83%BC%E3%80%80%E3%81%8D%E3%82%89%E3%81%8F%20%E7%A6%8F%E4%BA%95%E5%B8%82
リハプライド　北四ツ居,地域密着型デイサービス,福井県,福井市,"介護,地域密着型デイサービス",日中に通って食事・入浴・機能訓練・見守りなどを受けるサービスです。,http://www.rehapride.co.jp/kitayotsui/,北四ツ居３丁目１４－２０コンフォート円山1Ｆ,０７７６－５２－１０６３,厚生労働省オープンデータ,https://www.mhlw.go.jp/content/12300000/jigyosho_780.csv,2025-12末,https://www.google.com/search?q=%E3%83%AA%E3%83%8F%E3%83%97%E3%83%A9%E3%82%A4%E3%83%89%E3%80%80%E5%8C%97%E5%9B%9B%E3%83%84%E5%B1%85%20%E7%A6%8F%E4%BA%95%E5%B8%82
ぽっかポカほのか,地域密着型デイサービス,福井県,福井市,"介護,地域密着型デイサービス",日中に通って食事・入浴・機能訓練・見守りなどを受けるサービスです。,http://www.keishukai.com/,福井県福井市みのり1丁目５－１６ル・レーヴほのか　１階,0776-34-6226,厚生労働省オープンデータ,https://www.mhlw.go.jp/content/12300000/jigyosho_780.csv,2025-12末,https://www.google.com/search?q=%E3%81%BD%E3%81%A3%E3%81%8B%E3%83%9D%E3%82%AB%E3%81%BB%E3%81%AE%E3%81%8B%20%E7%A6%8F%E4%BA%95%E5%B8%82
デイサービスセンターみやま,地域密着型デイサービス,福井県,福井市,"介護,地域密着型デイサービス",日中に通って食事・入浴・機能訓練・見守りなどを受けるサービスです。,https://www.google.com/search?q=%E3%83%87%E3%82%A4%E3%82%B5%E3%83%BC%E3%83%93%E3%82%B9%E3%82%BB%E3%83%B3%E3%82%BF%E3%83%BC%E3%81%BF%E3%82%84%E3%81%BE%20%E7%A6%8F%E4%BA%95%E5%B8%82,市波町３２－７,０７７６－９６－４１００,厚生労働省オープンデータ,https://www.mhlw.go.jp/content/12300000/jigyosho_780.csv,2025-12末,https://www.google.com/search?q=%E3%83%87%E3%82%A4%E3%82%B5%E3%83%BC%E3%83%93%E3%82%B9%E3%82%BB%E3%83%B3%E3%82%BF%E3%83%BC%E3%81%BF%E3%82%84%E3%81%BE%20%E7%A6%8F%E4%BA%95%E5%B8%82
くるみの森　高木,地域密着型デイサービス,福井県,福井市,"介護,地域密着型デイサービス",日中に通って食事・入浴・機能訓練・見守りなどを受けるサービスです。,grn-plus.info,福井市高木中央1丁目1717,0776-97-6784,厚生労働省オープンデータ,https://www.mhlw.go.jp/content/12300000/jigyosho_780.csv,2025-12末,https://www.google.com/search?q=%E3%81%8F%E3%82%8B%E3%81%BF%E3%81%AE%E6%A3%AE%E3%80%80%E9%AB%98%E6%9C%A8%20%E7%A6%8F%E4%BA%95%E5%B8%82
リハビリ長寿　城東道場,地域密着型デイサービス,福井県,福井市,"介護,地域密着型デイサービス",日中に通って食事・入浴・機能訓練・見守りなどを受けるサービスです。,http://www.tyouju.co.jp/,福井県福井市城東４丁目19-13,0776-43-1810,厚生労働省オープンデータ,https://www.mhlw.go.jp/content/12300000/jigyosho_780.csv,2025-12末,https://www.google.com/search?q=%E3%83%AA%E3%83%8F%E3%83%93%E3%83%AA%E9%95%B7%E5%AF%BF%E3%80%80%E5%9F%8E%E6%9D%B1%E9%81%93%E5%A0%B4%20%E7%A6%8F%E4%BA%95%E5%B8%82
デイサービスふう,地域密着型デイサービス,福井県,福井市,"介護,地域密着型デイサービス",日中に通って食事・入浴・機能訓練・見守りなどを受けるサービスです。,https://www.google.com/search?q=%E3%83%87%E3%82%A4%E3%82%B5%E3%83%BC%E3%83%93%E3%82%B9%E3%81%B5%E3%81%86%20%E7%A6%8F%E4%BA%95%E5%B8%82,市波町32-7,0776964100,厚生労働省オープンデータ,https://www.mhlw.go.jp/content/12300000/jigyosho_780.csv,2025-12末,https://www.google.com/search?q=%E3%83%87%E3%82%A4%E3%82%B5%E3%83%BC%E3%83%93%E3%82%B9%E3%81%B5%E3%81%86%20%E7%A6%8F%E4%BA%95%E5%B8%82
ハッピー楽トレ　デーサービス,地域密着型デイサービス,福井県,福井市,"介護,地域密着型デイサービス",日中に通って食事・入浴・機能訓練・見守りなどを受けるサービスです。,http://www.happychiryo.jp,福井県福井市田原1丁目２－１８,０７７６－２８－３２９９,厚生労働省オープンデータ,https://www.mhlw.go.jp/content/12300000/jigyosho_780.csv,2025-12末,https://www.google.com/search?q=%E3%83%8F%E3%83%83%E3%83%94%E3%83%BC%E6%A5%BD%E3%83%88%E3%83%AC%E3%80%80%E3%83%87%E3%83%BC%E3%82%B5%E3%83%BC%E3%83%93%E3%82%B9%20%E7%A6%8F%E4%BA%95%E5%B8%82
くるみの森　福町,地域密着型デイサービス,福井県,福井市,"介護,地域密着型デイサービス",日中に通って食事・入浴・機能訓練・見守りなどを受けるサービスです。,grn-plus.info,福井市福新町509,0776-97-5669,厚生労働省オープンデータ,https://www.mhlw.go.jp/content/12300000/jigyosho_780.csv,2025-12末,https://www.google.com/search?q=%E3%81%8F%E3%82%8B%E3%81%BF%E3%81%AE%E6%A3%AE%E3%80%80%E7%A6%8F%E7%94%BA%20%E7%A6%8F%E4%BA%95%E5%B8%82
あんのんデイサービス,地域密着型デイサービス,福井県,福井市,"介護,地域密着型デイサービス",日中に通って食事・入浴・機能訓練・見守りなどを受けるサービスです。,ansinmura.jp//annonday/,福井市北四ツ居2丁目7-17,0776543555,厚生労働省オープンデータ,https://www.mhlw.go.jp/content/12300000/jigyosho_780.csv,2025-12末,https://www.google.com/search?q=%E3%81%82%E3%82%93%E3%81%AE%E3%82%93%E3%83%87%E3%82%A4%E3%82%B5%E3%83%BC%E3%83%93%E3%82%B9%20%E7%A6%8F%E4%BA%95%E5%B8%82
遊びにおいでや　やまりんち,地域密着型デイサービス,福井県,福井市,"介護,地域密着型デイサービス",日中に通って食事・入浴・機能訓練・見守りなどを受けるサービスです。,https://www.yamarinchi.com/,福井県福井市太田町３０－３０,0776-76-8530,厚生労働省オープンデータ,https://www.mhlw.go.jp/content/12300000/jigyosho_780.csv,2025-12末,https://www.google.com/search?q=%E9%81%8A%E3%81%B3%E3%81%AB%E3%81%8A%E3%81%84%E3%81%A7%E3%82%84%E3%80%80%E3%82%84%E3%81%BE%E3%82%8A%E3%82%93%E3%81%A1%20%E7%A6%8F%E4%BA%95%E5%B8%82
この道グループデイサービス,地域密着型デイサービス,福井県,福井市,"介護,地域密着型デイサービス",日中に通って食事・入浴・機能訓練・見守りなどを受けるサービスです。,https://www.google.com/search?q=%E3%81%93%E3%81%AE%E9%81%93%E3%82%B0%E3%83%AB%E3%83%BC%E3%83%97%E3%83%87%E3%82%A4%E3%82%B5%E3%83%BC%E3%83%93%E3%82%B9%20%E7%A6%8F%E4%BA%95%E5%B8%82,福井県福井市燈豊町39号6番地80,0776-43-3606,厚生労働省オープンデータ,https://www.mhlw.go.jp/content/12300000/jigyosho_780.csv,2025-12末,https://www.google.com/search?q=%E3%81%93%E3%81%AE%E9%81%93%E3%82%B0%E3%83%AB%E3%83%BC%E3%83%97%E3%83%87%E3%82%A4%E3%82%B5%E3%83%BC%E3%83%93%E3%82%B9%20%E7%A6%8F%E4%BA%95%E5%B8%82
福まる宝永デイサービス,地域密着型デイサービス,福井県,福井市,"介護,地域密着型デイサービス",日中に通って食事・入浴・機能訓練・見守りなどを受けるサービスです。,https://www.google.com/search?q=%EF%A8%9B%E3%81%BE%E3%82%8B%E5%AE%9D%E6%B0%B8%E3%83%87%E3%82%A4%E3%82%B5%E3%83%BC%E3%83%93%E3%82%B9%20%E7%A6%8F%E4%BA%95%E5%B8%82,福井県福井市宝永1丁目16-10,0776-43-6142,厚生労働省オープンデータ,https://www.mhlw.go.jp/content/12300000/jigyosho_780.csv,2025-12末,https://www.google.com/search?q=%EF%A8%9B%E3%81%BE%E3%82%8B%E5%AE%9D%E6%B0%B8%E3%83%87%E3%82%A4%E3%82%B5%E3%83%BC%E3%83%93%E3%82%B9%20%E7%A6%8F%E4%BA%95%E5%B8%82
認知機能訓練特化型デイサービス笑和,地域密着型デイサービス,福井県,福井市,"介護,地域密着型デイサービス",日中に通って食事・入浴・機能訓練・見守りなどを受けるサービスです。,作成中,福井県福井市上北野2-23-9デイサービス笑和,0776-76-5600,厚生労働省オープンデータ,https://www.mhlw.go.jp/content/12300000/jigyosho_780.csv,2025-12末,https://www.google.com/search?q=%E8%AA%8D%E7%9F%A5%E6%A9%9F%E8%83%BD%E8%A8%93%E7%B7%B4%E7%89%B9%E5%8C%96%E5%9E%8B%E3%83%87%E3%82%A4%E3%82%B5%E3%83%BC%E3%83%93%E3%82%B9%E7%AC%91%E5%92%8C%20%E7%A6%8F%E4%BA%95%E5%B8%82
いちごライフ,地域密着型デイサービス,福井県,福井市,"介護,地域密着型デイサービス",日中に通って食事・入浴・機能訓練・見守りなどを受けるサービスです。,http://kenkoukai.or.jp/daycare/life/,福井県福井市勝見3丁目20-12いちごの森1階,0776-27-0215,厚生労働省オープンデータ,https://www.mhlw.go.jp/content/12300000/jigyosho_780.csv,2025-12末,https://www.google.com/search?q=%E3%81%84%E3%81%A1%E3%81%94%E3%83%A9%E3%82%A4%E3%83%95%20%E7%A6%8F%E4%BA%95%E5%B8%82
アスピカケアセンターかいほつ,地域密着型デイサービス,福井県,福井市,"介護,地域密着型デイサービス",日中に通って食事・入浴・機能訓練・見守りなどを受けるサービスです。,http//www.aspica.co.jp,福井市開発5丁目101-1アスピカケアセンターかいほつ,0776-53-7777,厚生労働省オープンデータ,https://www.mhlw.go.jp/content/12300000/jigyosho_780.csv,2025-12末,https://www.google.com/search?q=%E3%82%A2%E3%82%B9%E3%83%94%E3%82%AB%E3%82%B1%E3%82%A2%E3%82%BB%E3%83%B3%E3%82%BF%E3%83%BC%E3%81%8B%E3%81%84%E3%81%BB%E3%81%A4%20%E7%A6%8F%E4%BA%95%E5%B8%82
大和田デイサービスセンター,地域密着型デイサービス,福井県,福井市,"介護,地域密着型デイサービス",日中に通って食事・入浴・機能訓練・見守りなどを受けるサービスです。,http://www.fujishimaen.or.jp,大和田町第23号1番地,0776-52-8220,厚生労働省オープンデータ,https://www.mhlw.go.jp/content/12300000/jigyosho_780.csv,2025-12末,https://www.google.com/search?q=%E5%A4%A7%E5%92%8C%E7%94%B0%E3%83%87%E3%82%A4%E3%82%B5%E3%83%BC%E3%83%93%E3%82%B9%E3%82%BB%E3%83%B3%E3%82%BF%E3%83%BC%20%E7%A6%8F%E4%BA%95%E5%B8%82
あさくらデイサービスセンター,地域密着型デイサービス,福井県,福井市,"介護,地域密着型デイサービス",日中に通って食事・入浴・機能訓練・見守りなどを受けるサービスです。,http://www.asakuraen.jp,福井市西新町1-25,0776-43-2100,厚生労働省オープンデータ,https://www.mhlw.go.jp/content/12300000/jigyosho_780.csv,2025-12末,https://www.google.com/search?q=%E3%81%82%E3%81%95%E3%81%8F%E3%82%89%E3%83%87%E3%82%A4%E3%82%B5%E3%83%BC%E3%83%93%E3%82%B9%E3%82%BB%E3%83%B3%E3%82%BF%E3%83%BC%20%E7%A6%8F%E4%BA%95%E5%B8%82
公益社団法人福井市シルバー人材センター介護保険事業所ひだまりの家,地域密着型デイサービス,福井県,福井市,"介護,地域密着型デイサービス",日中に通って食事・入浴・機能訓練・見守りなどを受けるサービスです。,http://www2.interbroad.or.jp/genkikun/,福井市大宮2-18-25,0776-26-5478,厚生労働省オープンデータ,https://www.mhlw.go.jp/content/12300000/jigyosho_780.csv,2025-12末,https://www.google.com/search?q=%E5%85%AC%E7%9B%8A%E7%A4%BE%E5%9B%A3%E6%B3%95%E4%BA%BA%E7%A6%8F%E4%BA%95%E5%B8%82%E3%82%B7%E3%83%AB%E3%83%90%E3%83%BC%E4%BA%BA%E6%9D%90%E3%82%BB%E3%83%B3%E3%82%BF%E3%83%BC%E4%BB%8B%E8%AD%B7%E4%BF%9D%E9%99%BA%E4%BA%8B%E6%A5%AD%E6%89%80%E3%81%B2%E3%81%A0%E3%81%BE%E3%82%8A%E3%81%AE%E5%AE%B6%20%E7%A6%8F%E4%BA%95%E5%B8%82
渚苑デイサービスセンター,地域密着型デイサービス,福井県,福井市,"介護,地域密着型デイサービス",日中に通って食事・入浴・機能訓練・見守りなどを受けるサービスです。,http://www.koshinonagisaen.com/,福井県福井市蒲生町1-90-1こしの渚苑,0776-89-2110,厚生労働省オープンデータ,https://www.mhlw.go.jp/content/12300000/jigyosho_780.csv,2025-12末,https://www.google.com/search?q=%E6%B8%9A%E8%8B%91%E3%83%87%E3%82%A4%E3%82%B5%E3%83%BC%E3%83%93%E3%82%B9%E3%82%BB%E3%83%B3%E3%82%BF%E3%83%BC%20%E7%A6%8F%E4%BA%95%E5%B8%82
いなほ生活リハビリセンター,地域密着型デイサービス,福井県,福井市,"介護,地域密着型デイサービス",日中に通って食事・入浴・機能訓練・見守りなどを受けるサービスです。,http://fukui-medix.com/,福井市江端町20字20-24,0776-38-2202,厚生労働省オープンデータ,https://www.mhlw.go.jp/content/12300000/jigyosho_780.csv,2025-12末,https://www.google.com/search?q=%E3%81%84%E3%81%AA%E3%81%BB%E7%94%9F%E6%B4%BB%E3%83%AA%E3%83%8F%E3%83%93%E3%83%AA%E3%82%BB%E3%83%B3%E3%82%BF%E3%83%BC%20%E7%A6%8F%E4%BA%95%E5%B8%82
よつば生活リハビリセンター,地域密着型デイサービス,福井県,福井市,"介護,地域密着型デイサービス",日中に通って食事・入浴・機能訓練・見守りなどを受けるサービスです。,http://fukui-medix.com,福井市四ツ井1丁目13番23号,0776-52-3155,厚生労働省オープンデータ,https://www.mhlw.go.jp/content/12300000/jigyosho_780.csv,2025-12末,https://www.google.com/search?q=%E3%82%88%E3%81%A4%E3%81%B0%E7%94%9F%E6%B4%BB%E3%83%AA%E3%83%8F%E3%83%93%E3%83%AA%E3%82%BB%E3%83%B3%E3%82%BF%E3%83%BC%20%E7%A6%8F%E4%BA%95%E5%B8%82
リハビリデイサービスおいで,地域密着型デイサービス,福井県,福井市,"介護,地域密着型デイサービス",日中に通って食事・入浴・機能訓練・見守りなどを受けるサービスです。,https://www.google.com/search?q=%E3%83%AA%E3%83%8F%E3%83%93%E3%83%AA%E3%83%87%E3%82%A4%E3%82%B5%E3%83%BC%E3%83%93%E3%82%B9%E3%81%8A%E3%81%84%E3%81%A7%20%E7%A6%8F%E4%BA%95%E5%B8%82,福井市城東4丁目19-13,0776-76-3169,厚生労働省オープンデータ,https://www.mhlw.go.jp/content/12300000/jigyosho_780.csv,2025-12末,https://www.google.com/search?q=%E3%83%AA%E3%83%8F%E3%83%93%E3%83%AA%E3%83%87%E3%82%A4%E3%82%B5%E3%83%BC%E3%83%93%E3%82%B9%E3%81%8A%E3%81%84%E3%81%A7%20%E7%A6%8F%E4%BA%95%E5%B8%82
ヴィルヌーブあさくらデイサービスセンター,地域密着型デイサービス,福井県,福井市,"介護,地域密着型デイサービス",日中に通って食事・入浴・機能訓練・見守りなどを受けるサービスです。,http://www.asakuraen.jp,福井市豊島1丁目2-13,0776-30-0753,厚生労働省オープンデータ,https://www.mhlw.go.jp/content/12300000/jigyosho_780.csv,2025-12末,https://www.google.com/search?q=%E3%83%B4%E3%82%A3%E3%83%AB%E3%83%8C%E3%83%BC%E3%83%96%E3%81%82%E3%81%95%E3%81%8F%E3%82%89%E3%83%87%E3%82%A4%E3%82%B5%E3%83%BC%E3%83%93%E3%82%B9%E3%82%BB%E3%83%B3%E3%82%BF%E3%83%BC%20%E7%A6%8F%E4%BA%95%E5%B8%82
ライフアップあさがお,地域密着型デイサービス,福井県,福井市,"介護,地域密着型デイサービス",日中に通って食事・入浴・機能訓練・見守りなどを受けるサービスです。,http://fukui⁻medix.com/,福井市新保町19字35番1,0776-52-6300,厚生労働省オープンデータ,https://www.mhlw.go.jp/content/12300000/jigyosho_780.csv,2025-12末,https://www.google.com/search?q=%E3%83%A9%E3%82%A4%E3%83%95%E3%82%A2%E3%83%83%E3%83%97%E3%81%82%E3%81%95%E3%81%8C%E3%81%8A%20%E7%A6%8F%E4%BA%95%E5%B8%82
ゆうあいデイサービスセンター,地域密着型デイサービス,福井県,福井市,"介護,地域密着型デイサービス",日中に通って食事・入浴・機能訓練・見守りなどを受けるサービスです。,http://fukui-youi.com/,福井県福井市大願寺3丁目9-3,0776-27-0019,厚生労働省オープンデータ,https://www.mhlw.go.jp/content/12300000/jigyosho_780.csv,2025-12末,https://www.google.com/search?q=%E3%82%86%E3%81%86%E3%81%82%E3%81%84%E3%83%87%E3%82%A4%E3%82%B5%E3%83%BC%E3%83%93%E3%82%B9%E3%82%BB%E3%83%B3%E3%82%BF%E3%83%BC%20%E7%A6%8F%E4%BA%95%E5%B8%82
りはーとふくい,地域密着型デイサービス,福井県,福井市,"介護,地域密着型デイサービス",日中に通って食事・入浴・機能訓練・見守りなどを受けるサービスです。,https://www.reheart-fukui.net,福井県福井市開発５丁目１２０７番地コミュニティリゾートリライム１階,0776-74-0810,厚生労働省オープンデータ,https://www.mhlw.go.jp/content/12300000/jigyosho_780.csv,2025-12末,https://www.google.com/search?q=%E3%82%8A%E3%81%AF%E3%83%BC%E3%81%A8%E3%81%B5%E3%81%8F%E3%81%84%20%E7%A6%8F%E4%BA%95%E5%B8%82
県民せいきょう　宝永きらめきデイサービス,地域密着型デイサービス,福井県,福井市,"介護,地域密着型デイサービス",日中に通って食事・入浴・機能訓練・見守りなどを受けるサービスです。,http://www.fukui.coop/,福井県福井市宝永3丁目3番1号,0776-24-0810,厚生労働省オープンデータ,https://www.mhlw.go.jp/content/12300000/jigyosho_780.csv,2025-12末,https://www.google.com/search?q=%E7%9C%8C%E6%B0%91%E3%81%9B%E3%81%84%E3%81%8D%E3%82%87%E3%81%86%E3%80%80%E5%AE%9D%E6%B0%B8%E3%81%8D%E3%82%89%E3%82%81%E3%81%8D%E3%83%87%E3%82%A4%E3%82%B5%E3%83%BC%E3%83%93%E3%82%B9%20%E7%A6%8F%E4%BA%95%E5%B8%82
第二ひかり苑泉の郷,地域密着型デイサービス,福井県,福井市,"介護,地域密着型デイサービス",日中に通って食事・入浴・機能訓練・見守りなどを受けるサービスです。,http://www.hikarigroup.jp,福井県福井市今泉町25字15番１,0776-52-1300,厚生労働省オープンデータ,https://www.mhlw.go.jp/content/12300000/jigyosho_780.csv,2025-12末,https://www.google.com/search?q=%E7%AC%AC%E4%BA%8C%E3%81%B2%E3%81%8B%E3%82%8A%E8%8B%91%E6%B3%89%E3%81%AE%E9%83%B7%20%E7%A6%8F%E4%BA%95%E5%B8%82
デイホーム楽ちんの家,地域密着型デイサービス,福井県,福井市,"介護,地域密着型デイサービス",日中に通って食事・入浴・機能訓練・見守りなどを受けるサービスです。,http://www.rakuchinnoie.com,福井県福井市市波町24-12,0776-96-7033,厚生労働省オープンデータ,https://www.mhlw.go.jp/content/12300000/jigyosho_780.csv,2025-12末,https://www.google.com/search?q=%E3%83%87%E3%82%A4%E3%83%9B%E3%83%BC%E3%83%A0%E6%A5%BD%E3%81%A1%E3%82%93%E3%81%AE%E5%AE%B6%20%E7%A6%8F%E4%BA%95%E5%B8%82
デイホーム楽ちんの家　なごみ,地域密着型デイサービス,福井県,福井市,"介護,地域密着型デイサービス",日中に通って食事・入浴・機能訓練・見守りなどを受けるサービスです。,http://www.rakuchinnoie.com,福井県福井市大久保町1-61,0776-96-7077,厚生労働省オープンデータ,https://www.mhlw.go.jp/content/12300000/jigyosho_780.csv,2025-12末,https://www.google.com/search?q=%E3%83%87%E3%82%A4%E3%83%9B%E3%83%BC%E3%83%A0%E6%A5%BD%E3%81%A1%E3%82%93%E3%81%AE%E5%AE%B6%E3%80%80%E3%81%AA%E3%81%94%E3%81%BF%20%E7%A6%8F%E4%BA%95%E5%B8%82
デイサービスがんばれ,地域密着型デイサービス,福井県,福井市,"介護,地域密着型デイサービス",日中に通って食事・入浴・機能訓練・見守りなどを受けるサービスです。,https://www.google.com/search?q=%E3%83%87%E3%82%A4%E3%82%B5%E3%83%BC%E3%83%93%E3%82%B9%E3%81%8C%E3%82%93%E3%81%B0%E3%82%8C%20%E7%A6%8F%E4%BA%95%E5%B8%82,福井県福井市開発2丁目306　ブルーハイツⅦ　1階南,0776-97-5553,厚生労働省オープンデータ,https://www.mhlw.go.jp/content/12300000/jigyosho_780.csv,2025-12末,https://www.google.com/search?q=%E3%83%87%E3%82%A4%E3%82%B5%E3%83%BC%E3%83%93%E3%82%B9%E3%81%8C%E3%82%93%E3%81%B0%E3%82%8C%20%E7%A6%8F%E4%BA%95%E5%B8%82
デイサービスセンターサンホーム一乗,地域密着型デイサービス,福井県,福井市,"介護,地域密着型デイサービス",日中に通って食事・入浴・機能訓練・見守りなどを受けるサービスです。,http://www.fuku-koumyouji.jp,勝見3丁目22-4,0776-50-2678,厚生労働省オープンデータ,https://www.mhlw.go.jp/content/12300000/jigyosho_780.csv,2025-12末,https://www.google.com/search?q=%E3%83%87%E3%82%A4%E3%82%B5%E3%83%BC%E3%83%93%E3%82%B9%E3%82%BB%E3%83%B3%E3%82%BF%E3%83%BC%E3%82%B5%E3%83%B3%E3%83%9B%E3%83%BC%E3%83%A0%E4%B8%80%E4%B9%97%20%E7%A6%8F%E4%BA%95%E5%B8%82
花むつ苑　デイサービスセンター,地域密着型デイサービス,福井県,福井市,"介護,地域密着型デイサービス",日中に通って食事・入浴・機能訓練・見守りなどを受けるサービスです。,http://www.asamutuen.jp/,福井市花堂中1丁目5-6,0776-34-8762,厚生労働省オープンデータ,https://www.mhlw.go.jp/content/12300000/jigyosho_780.csv,2025-12末,https://www.google.com/search?q=%E8%8A%B1%E3%82%80%E3%81%A4%E8%8B%91%E3%80%80%E3%83%87%E3%82%A4%E3%82%B5%E3%83%BC%E3%83%93%E3%82%B9%E3%82%BB%E3%83%B3%E3%82%BF%E3%83%BC%20%E7%A6%8F%E4%BA%95%E5%B8%82
アストレデイサービス,地域密着型デイサービス,福井県,福井市,"介護,地域密着型デイサービス",日中に通って食事・入浴・機能訓練・見守りなどを受けるサービスです。,asutore@mx5.fctv.ne.jp,福井県福井市滝波町第60ー14ー1,0776－98－8766,厚生労働省オープンデータ,https://www.mhlw.go.jp/content/12300000/jigyosho_780.csv,2025-12末,https://www.google.com/search?q=%E3%82%A2%E3%82%B9%E3%83%88%E3%83%AC%E3%83%87%E3%82%A4%E3%82%B5%E3%83%BC%E3%83%93%E3%82%B9%20%E7%A6%8F%E4%BA%95%E5%B8%82
デイサービス施設「パワーリハビリ　ふぁいと」,地域密着型デイサービス,福井県,福井市,"介護,地域密着型デイサービス",日中に通って食事・入浴・機能訓練・見守りなどを受けるサービスです。,http://takeipowergym.com/about_fight.html,渕3丁目125-1TAKEIPOWERGYM,090-9448-4300,厚生労働省オープンデータ,https://www.mhlw.go.jp/content/12300000/jigyosho_780.csv,2025-12末,https://www.google.com/search?q=%E3%83%87%E3%82%A4%E3%82%B5%E3%83%BC%E3%83%93%E3%82%B9%E6%96%BD%E8%A8%AD%E3%80%8C%E3%83%91%E3%83%AF%E3%83%BC%E3%83%AA%E3%83%8F%E3%83%93%E3%83%AA%E3%80%80%E3%81%B5%E3%81%81%E3%81%84%E3%81%A8%E3%80%8D%20%E7%A6%8F%E4%BA%95%E5%B8%82
新田塚アークリハ二の宮,地域密着型デイサービス,福井県,福井市,"介護,地域密着型デイサービス",日中に通って食事・入浴・機能訓練・見守りなどを受けるサービスです。,http://www.nittazuka.com/arcreha/,福井県福井市二の宮2-26-35,0776-25-2030,厚生労働省オープンデータ,https://www.mhlw.go.jp/content/12300000/jigyosho_780.csv,2025-12末,https://www.google.com/search?q=%E6%96%B0%E7%94%B0%E5%A1%9A%E3%82%A2%E3%83%BC%E3%82%AF%E3%83%AA%E3%83%8F%E4%BA%8C%E3%81%AE%E5%AE%AE%20%E7%A6%8F%E4%BA%95%E5%B8%82
新田塚アークリハベル前,地域密着型デイサービス,福井県,福井市,"介護,地域密着型デイサービス",日中に通って食事・入浴・機能訓練・見守りなどを受けるサービスです。,https://www.nittazuka.com/arcreha/,福井県福井市花堂南1丁目11-36,0776-34-2120,厚生労働省オープンデータ,https://www.mhlw.go.jp/content/12300000/jigyosho_780.csv,2025-12末,https://www.google.com/search?q=%E6%96%B0%E7%94%B0%E5%A1%9A%E3%82%A2%E3%83%BC%E3%82%AF%E3%83%AA%E3%83%8F%E3%83%99%E3%83%AB%E5%89%8D%20%E7%A6%8F%E4%BA%95%E5%B8%82
リハビリデイサービス　すきっぷ,地域密着型デイサービス,福井県,福井市,"介護,地域密着型デイサービス",日中に通って食事・入浴・機能訓練・見守りなどを受けるサービスです。,https://aday-skip.com,福井県福井市松本3丁目29-14中村ビル1階,0776-21-0026,厚生労働省オープンデータ,https://www.mhlw.go.jp/content/12300000/jigyosho_780.csv,2025-12末,https://www.google.com/search?q=%E3%83%AA%E3%83%8F%E3%83%93%E3%83%AA%E3%83%87%E3%82%A4%E3%82%B5%E3%83%BC%E3%83%93%E3%82%B9%E3%80%80%E3%81%99%E3%81%8D%E3%81%A3%E3%81%B7%20%E7%A6%8F%E4%BA%95%E5%B8%82
デイサービスセンター　経田はうす,地域密着型デイサービス,福井県,福井市,"介護,地域密着型デイサービス",日中に通って食事・入浴・機能訓練・見守りなどを受けるサービスです。,http://fukui-youi.com,福井県福井市経田1丁目313番地,0776-28-3362,厚生労働省オープンデータ,https://www.mhlw.go.jp/content/12300000/jigyosho_780.csv,2025-12末,https://www.google.com/search?q=%E3%83%87%E3%82%A4%E3%82%B5%E3%83%BC%E3%83%93%E3%82%B9%E3%82%BB%E3%83%B3%E3%82%BF%E3%83%BC%E3%80%80%E7%B5%8C%E7%94%B0%E3%81%AF%E3%81%86%E3%81%99%20%E7%A6%8F%E4%BA%95%E5%B8%82
デイサービスセンター　桜手苑,地域密着型デイサービス,福井県,福井市,"介護,地域密着型デイサービス",日中に通って食事・入浴・機能訓練・見守りなどを受けるサービスです。,http://ooteen.org,福井県福井市大手2-22-18,0776-26-7080,厚生労働省オープンデータ,https://www.mhlw.go.jp/content/12300000/jigyosho_780.csv,2025-12末,https://www.google.com/search?q=%E3%83%87%E3%82%A4%E3%82%B5%E3%83%BC%E3%83%93%E3%82%B9%E3%82%BB%E3%83%B3%E3%82%BF%E3%83%BC%E3%80%80%E6%A1%9C%E6%89%8B%E8%8B%91%20%E7%A6%8F%E4%BA%95%E5%B8%82
あすかデイサービスセンター,地域密着型デイサービス,福井県,敦賀市,"介護,地域密着型デイサービス",日中に通って食事・入浴・機能訓練・見守りなどを受けるサービスです。,https://www.google.com/search?q=%E3%81%82%E3%81%99%E3%81%8B%E3%83%87%E3%82%A4%E3%82%B5%E3%83%BC%E3%83%93%E3%82%B9%E3%82%BB%E3%83%B3%E3%82%BF%E3%83%BC%20%E6%95%A6%E8%B3%80%E5%B8%82,福井県敦賀市山泉73-914-4,0770-47-6664,厚生労働省オープンデータ,https://www.mhlw.go.jp/content/12300000/jigyosho_780.csv,2025-12末,https://www.google.com/search?q=%E3%81%82%E3%81%99%E3%81%8B%E3%83%87%E3%82%A4%E3%82%B5%E3%83%BC%E3%83%93%E3%82%B9%E3%82%BB%E3%83%B3%E3%82%BF%E3%83%BC%20%E6%95%A6%E8%B3%80%E5%B8%82
幸デイサービスセンター「暖（のん）」,地域密着型デイサービス,福井県,敦賀市,"介護,地域密着型デイサービス",日中に通って食事・入浴・機能訓練・見守りなどを受けるサービスです。,http://fukushika.com/,福井県敦賀市平和町17-4,0770-21-1188,厚生労働省オープンデータ,https://www.mhlw.go.jp/content/12300000/jigyosho_780.csv,2025-12末,https://www.google.com/search?q=%E5%B9%B8%E3%83%87%E3%82%A4%E3%82%B5%E3%83%BC%E3%83%93%E3%82%B9%E3%82%BB%E3%83%B3%E3%82%BF%E3%83%BC%E3%80%8C%E6%9A%96%EF%BC%88%E3%81%AE%E3%82%93%EF%BC%89%E3%80%8D%20%E6%95%A6%E8%B3%80%E5%B8%82
はのあデイサービス,地域密着型デイサービス,福井県,敦賀市,"介護,地域密着型デイサービス",日中に通って食事・入浴・機能訓練・見守りなどを受けるサービスです。,https://healing-mind-and-body-mikuni.jimdofree.com/,福井県敦賀市公文名35-39-1,0770-47-5484,厚生労働省オープンデータ,https://www.mhlw.go.jp/content/12300000/jigyosho_780.csv,2025-12末,https://www.google.com/search?q=%E3%81%AF%E3%81%AE%E3%81%82%E3%83%87%E3%82%A4%E3%82%B5%E3%83%BC%E3%83%93%E3%82%B9%20%E6%95%A6%E8%B3%80%E5%B8%82
デイサービス雀の学校,地域密着型デイサービス,福井県,敦賀市,"介護,地域密着型デイサービス",日中に通って食事・入浴・機能訓練・見守りなどを受けるサービスです。,https://www.suzumenosato.co.jp/,堂44号岡の腰1-1有料老人ホーム雀の郷,0770-20-1711,厚生労働省オープンデータ,https://www.mhlw.go.jp/content/12300000/jigyosho_780.csv,2025-12末,https://www.google.com/search?q=%E3%83%87%E3%82%A4%E3%82%B5%E3%83%BC%E3%83%93%E3%82%B9%E9%9B%80%E3%81%AE%E5%AD%A6%E6%A0%A1%20%E6%95%A6%E8%B3%80%E5%B8%82
デイサービスセンター　眞盛苑,地域密着型デイサービス,福井県,敦賀市,"介護,地域密着型デイサービス",日中に通って食事・入浴・機能訓練・見守りなどを受けるサービスです。,http://www.jisyoukai.jp,福井県敦賀市莇生野90号3番,0770-21-6161,厚生労働省オープンデータ,https://www.mhlw.go.jp/content/12300000/jigyosho_780.csv,2025-12末,https://www.google.com/search?q=%E3%83%87%E3%82%A4%E3%82%B5%E3%83%BC%E3%83%93%E3%82%B9%E3%82%BB%E3%83%B3%E3%82%BF%E3%83%BC%E3%80%80%E7%9C%9E%E7%9B%9B%E8%8B%91%20%E6%95%A6%E8%B3%80%E5%B8%82
駅前アクティブセンターステップ,地域密着型デイサービス,福井県,敦賀市,"介護,地域密着型デイサービス",日中に通って食事・入浴・機能訓練・見守りなどを受けるサービスです。,http://www.rehaplus.co.jp/,敦賀市白銀町10-13　酒井電機ビル１階,0770-21-4088,厚生労働省オープンデータ,https://www.mhlw.go.jp/content/12300000/jigyosho_780.csv,2025-12末,https://www.google.com/search?q=%E9%A7%85%E5%89%8D%E3%82%A2%E3%82%AF%E3%83%86%E3%82%A3%E3%83%96%E3%82%BB%E3%83%B3%E3%82%BF%E3%83%BC%E3%82%B9%E3%83%86%E3%83%83%E3%83%97%20%E6%95%A6%E8%B3%80%E5%B8%82
デイサービスつむぎ,地域密着型デイサービス,福井県,敦賀市,"介護,地域密着型デイサービス",日中に通って食事・入浴・機能訓練・見守りなどを受けるサービスです。,https://www.google.com/search?q=%E3%83%87%E3%82%A4%E3%82%B5%E3%83%BC%E3%83%93%E3%82%B9%E3%81%A4%E3%82%80%E3%81%8E%20%E6%95%A6%E8%B3%80%E5%B8%82,福井県敦賀市藤ヶ丘町15－5番地,0770-21-5525,厚生労働省オープンデータ,https://www.mhlw.go.jp/content/12300000/jigyosho_780.csv,2025-12末,https://www.google.com/search?q=%E3%83%87%E3%82%A4%E3%82%B5%E3%83%BC%E3%83%93%E3%82%B9%E3%81%A4%E3%82%80%E3%81%8E%20%E6%95%A6%E8%B3%80%E5%B8%82
県民せいきょう小浜きらめきディサービス,地域密着型デイサービス,福井県,小浜市,"介護,地域密着型デイサービス",日中に通って食事・入浴・機能訓練・見守りなどを受けるサービスです。,http://www.fukui.coop/,遠敷9丁目501番地県民せいきょう小浜きらめき,0770-56-5757,厚生労働省オープンデータ,https://www.mhlw.go.jp/content/12300000/jigyosho_780.csv,2025-12末,https://www.google.com/search?q=%E7%9C%8C%E6%B0%91%E3%81%9B%E3%81%84%E3%81%8D%E3%82%87%E3%81%86%E5%B0%8F%E6%B5%9C%E3%81%8D%E3%82%89%E3%82%81%E3%81%8D%E3%83%87%E3%82%A3%E3%82%B5%E3%83%BC%E3%83%93%E3%82%B9%20%E5%B0%8F%E6%B5%9C%E5%B8%82
あいデイサービスセンター,地域密着型デイサービス,福井県,大野市,"介護,地域密着型デイサービス",日中に通って食事・入浴・機能訓練・見守りなどを受けるサービスです。,https://www.google.com/search?q=%E3%81%82%E3%81%84%E3%83%87%E3%82%A4%E3%82%B5%E3%83%BC%E3%83%93%E3%82%B9%E3%82%BB%E3%83%B3%E3%82%BF%E3%83%BC%20%E5%A4%A7%E9%87%8E%E5%B8%82,大野市中挟3丁目101番地,0779-66-6050,厚生労働省オープンデータ,https://www.mhlw.go.jp/content/12300000/jigyosho_780.csv,2025-12末,https://www.google.com/search?q=%E3%81%82%E3%81%84%E3%83%87%E3%82%A4%E3%82%B5%E3%83%BC%E3%83%93%E3%82%B9%E3%82%BB%E3%83%B3%E3%82%BF%E3%83%BC%20%E5%A4%A7%E9%87%8E%E5%B8%82
デイホーム　ひだまりでぃ,地域密着型デイサービス,福井県,大野市,"介護,地域密着型デイサービス",日中に通って食事・入浴・機能訓練・見守りなどを受けるサービスです。,fukushi-ono.com,福井県大野市春日2丁目15-9,0779-66-2570,厚生労働省オープンデータ,https://www.mhlw.go.jp/content/12300000/jigyosho_780.csv,2025-12末,https://www.google.com/search?q=%E3%83%87%E3%82%A4%E3%83%9B%E3%83%BC%E3%83%A0%E3%80%80%E3%81%B2%E3%81%A0%E3%81%BE%E3%82%8A%E3%81%A7%E3%81%83%20%E5%A4%A7%E9%87%8E%E5%B8%82
デイホームぬくぬく,地域密着型デイサービス,福井県,大野市,"介護,地域密着型デイサービス",日中に通って食事・入浴・機能訓練・見守りなどを受けるサービスです。,fukusi-ono.com,大野市有明町19番23号,0779-66-6623,厚生労働省オープンデータ,https://www.mhlw.go.jp/content/12300000/jigyosho_780.csv,2025-12末,https://www.google.com/search?q=%E3%83%87%E3%82%A4%E3%83%9B%E3%83%BC%E3%83%A0%E3%81%AC%E3%81%8F%E3%81%AC%E3%81%8F%20%E5%A4%A7%E9%87%8E%E5%B8%82
社会福祉法人大野市社会福祉協議会和泉デイサービスセンター,地域密着型デイサービス,福井県,大野市,"介護,地域密着型デイサービス",日中に通って食事・入浴・機能訓練・見守りなどを受けるサービスです。,http://ono-shakyo.jp,大野市朝日23-21,0779-78-2900,厚生労働省オープンデータ,https://www.mhlw.go.jp/content/12300000/jigyosho_780.csv,2025-12末,https://www.google.com/search?q=%E7%A4%BE%E4%BC%9A%E7%A6%8F%E7%A5%89%E6%B3%95%E4%BA%BA%E5%A4%A7%E9%87%8E%E5%B8%82%E7%A4%BE%E4%BC%9A%E7%A6%8F%E7%A5%89%E5%8D%94%E8%AD%B0%E4%BC%9A%E5%92%8C%E6%B3%89%E3%83%87%E3%82%A4%E3%82%B5%E3%83%BC%E3%83%93%E3%82%B9%E3%82%BB%E3%83%B3%E3%82%BF%E3%83%BC%20%E5%A4%A7%E9%87%8E%E5%B8%82
県民せいきょう大野きらめきデイサービス,地域密着型デイサービス,福井県,大野市,"介護,地域密着型デイサービス",日中に通って食事・入浴・機能訓練・見守りなどを受けるサービスです。,http://www.fukui.coop/,福井県大野市天神町3番21号,0779-66-6811,厚生労働省オープンデータ,https://www.mhlw.go.jp/content/12300000/jigyosho_780.csv,2025-12末,https://www.google.com/search?q=%E7%9C%8C%E6%B0%91%E3%81%9B%E3%81%84%E3%81%8D%E3%82%87%E3%81%86%E5%A4%A7%E9%87%8E%E3%81%8D%E3%82%89%E3%82%81%E3%81%8D%E3%83%87%E3%82%A4%E3%82%B5%E3%83%BC%E3%83%93%E3%82%B9%20%E5%A4%A7%E9%87%8E%E5%B8%82
デイホームあそじま,地域密着型デイサービス,福井県,大野市,"介護,地域密着型デイサービス",日中に通って食事・入浴・機能訓練・見守りなどを受けるサービスです。,fukushi-ono.com,福井県大野市下麻生嶋58字中出14-４,0779-64-5963,厚生労働省オープンデータ,https://www.mhlw.go.jp/content/12300000/jigyosho_780.csv,2025-12末,https://www.google.com/search?q=%E3%83%87%E3%82%A4%E3%83%9B%E3%83%BC%E3%83%A0%E3%81%82%E3%81%9D%E3%81%98%E3%81%BE%20%E5%A4%A7%E9%87%8E%E5%B8%82
地域密着型たんぽぽデイサービスセンター,地域密着型デイサービス,福井県,大野市,"介護,地域密着型デイサービス",日中に通って食事・入浴・機能訓練・見守りなどを受けるサービスです。,https://www.big-adbance.site/s/170/1526,福井県大野市鍬掛第2号16番地,0779-66-5030,厚生労働省オープンデータ,https://www.mhlw.go.jp/content/12300000/jigyosho_780.csv,2025-12末,https://www.google.com/search?q=%E5%9C%B0%E5%9F%9F%E5%AF%86%E7%9D%80%E5%9E%8B%E3%81%9F%E3%82%93%E3%81%BD%E3%81%BD%E3%83%87%E3%82%A4%E3%82%B5%E3%83%BC%E3%83%93%E3%82%B9%E3%82%BB%E3%83%B3%E3%82%BF%E3%83%BC%20%E5%A4%A7%E9%87%8E%E5%B8%82
悠悠いきいき倶楽部ちゃま,地域密着型デイサービス,福井県,勝山市,"介護,地域密着型デイサービス",日中に通って食事・入浴・機能訓練・見守りなどを受けるサービスです。,http://www.taniuchi-gp.net/,勝山市郡町1丁目2-51,0779-88-1643,厚生労働省オープンデータ,https://www.mhlw.go.jp/content/12300000/jigyosho_780.csv,2025-12末,https://www.google.com/search?q=%E6%82%A0%E6%82%A0%E3%81%84%E3%81%8D%E3%81%84%E3%81%8D%E5%80%B6%E6%A5%BD%E9%83%A8%E3%81%A1%E3%82%83%E3%81%BE%20%E5%8B%9D%E5%B1%B1%E5%B8%82
くるみの森　丹南,地域密着型デイサービス,福井県,鯖江市,"介護,地域密着型デイサービス",日中に通って食事・入浴・機能訓練・見守りなどを受けるサービスです。,https://www.google.com/search?q=%E3%81%8F%E3%82%8B%E3%81%BF%E3%81%AE%E6%A3%AE%E3%80%80%E4%B8%B9%E5%8D%97%20%E9%AF%96%E6%B1%9F%E5%B8%82,福井県鯖江市新横江町１丁目3-5-1,0778-42-7748,厚生労働省オープンデータ,https://www.mhlw.go.jp/content/12300000/jigyosho_780.csv,2025-12末,https://www.google.com/search?q=%E3%81%8F%E3%82%8B%E3%81%BF%E3%81%AE%E6%A3%AE%E3%80%80%E4%B8%B9%E5%8D%97%20%E9%AF%96%E6%B1%9F%E5%B8%82
デイサービスえくぼ園,地域密着型デイサービス,福井県,鯖江市,"介護,地域密着型デイサービス",日中に通って食事・入浴・機能訓練・見守りなどを受けるサービスです。,https://www.google.com/search?q=%E3%83%87%E3%82%A4%E3%82%B5%E3%83%BC%E3%83%93%E3%82%B9%E3%81%88%E3%81%8F%E3%81%BC%E5%9C%92%20%E9%AF%96%E6%B1%9F%E5%B8%82,福井県鯖江市杉本町第15号1番地1,0778-42-7230,厚生労働省オープンデータ,https://www.mhlw.go.jp/content/12300000/jigyosho_780.csv,2025-12末,https://www.google.com/search?q=%E3%83%87%E3%82%A4%E3%82%B5%E3%83%BC%E3%83%93%E3%82%B9%E3%81%88%E3%81%8F%E3%81%BC%E5%9C%92%20%E9%AF%96%E6%B1%9F%E5%B8%82
アミューズメントデイサービスまんまる,地域密着型デイサービス,福井県,鯖江市,"介護,地域密着型デイサービス",日中に通って食事・入浴・機能訓練・見守りなどを受けるサービスです。,https://aaa-service.co.jp/,福井県鯖江市冬島町2-7-1,0778-42-7335,厚生労働省オープンデータ,https://www.mhlw.go.jp/content/12300000/jigyosho_780.csv,2025-12末,https://www.google.com/search?q=%E3%82%A2%E3%83%9F%E3%83%A5%E3%83%BC%E3%82%BA%E3%83%A1%E3%83%B3%E3%83%88%E3%83%87%E3%82%A4%E3%82%B5%E3%83%BC%E3%83%93%E3%82%B9%E3%81%BE%E3%82%93%E3%81%BE%E3%82%8B%20%E9%AF%96%E6%B1%9F%E5%B8%82
ここんデイサービスしんめい,地域密着型デイサービス,福井県,鯖江市,"介護,地域密着型デイサービス",日中に通って食事・入浴・機能訓練・見守りなどを受けるサービスです。,https://cocon873.wixsite.com,福井県鯖江市糺町19-9-1,0778-42-7411,厚生労働省オープンデータ,https://www.mhlw.go.jp/content/12300000/jigyosho_780.csv,2025-12末,https://www.google.com/search?q=%E3%81%93%E3%81%93%E3%82%93%E3%83%87%E3%82%A4%E3%82%B5%E3%83%BC%E3%83%93%E3%82%B9%E3%81%97%E3%82%93%E3%82%81%E3%81%84%20%E9%AF%96%E6%B1%9F%E5%B8%82
コンフォガーデン木村　ﾃﾞｲサービスセンター,地域密着型デイサービス,福井県,あわら市,"介護,地域密着型デイサービス",日中に通って食事・入浴・機能訓練・見守りなどを受けるサービスです。,https://www.confo-g-kimura.jp/,福井県あわら市市姫三丁目24-8,0776-73-3335,厚生労働省オープンデータ,https://www.mhlw.go.jp/content/12300000/jigyosho_780.csv,2025-12末,https://www.google.com/search?q=%E3%82%B3%E3%83%B3%E3%83%95%E3%82%A9%E3%82%AC%E3%83%BC%E3%83%87%E3%83%B3%E6%9C%A8%E6%9D%91%E3%80%80%EF%BE%83%EF%BE%9E%EF%BD%B2%E3%82%B5%E3%83%BC%E3%83%93%E3%82%B9%E3%82%BB%E3%83%B3%E3%82%BF%E3%83%BC%20%E3%81%82%E3%82%8F%E3%82%89%E5%B8%82
細川接骨院デイサービスセンター,地域密着型デイサービス,福井県,あわら市,"介護,地域密着型デイサービス",日中に通って食事・入浴・機能訓練・見守りなどを受けるサービスです。,http://recondition.co.jp,福井県あわら市滝7－21,0776-75-1518,厚生労働省オープンデータ,https://www.mhlw.go.jp/content/12300000/jigyosho_780.csv,2025-12末,https://www.google.com/search?q=%E7%B4%B0%E5%B7%9D%E6%8E%A5%E9%AA%A8%E9%99%A2%E3%83%87%E3%82%A4%E3%82%B5%E3%83%BC%E3%83%93%E3%82%B9%E3%82%BB%E3%83%B3%E3%82%BF%E3%83%BC%20%E3%81%82%E3%82%8F%E3%82%89%E5%B8%82
なるざＳtep,地域密着型デイサービス,福井県,あわら市,"介護,地域密着型デイサービス",日中に通って食事・入浴・機能訓練・見守りなどを受けるサービスです。,http://www.naruza.jp,福井県あわら市二面2丁目211番地,0776-77-2242,厚生労働省オープンデータ,https://www.mhlw.go.jp/content/12300000/jigyosho_780.csv,2025-12末,https://www.google.com/search?q=%E3%81%AA%E3%82%8B%E3%81%96%EF%BC%B3tep%20%E3%81%82%E3%82%8F%E3%82%89%E5%B8%82
デイサービス　いっしょ家,地域密着型デイサービス,福井県,越前市,"介護,地域密着型デイサービス",日中に通って食事・入浴・機能訓練・見守りなどを受けるサービスです。,http://isshoya.web.fc2.com/index.html,福井県越前市家久町７４－１４－１,0778-29-3280,厚生労働省オープンデータ,https://www.mhlw.go.jp/content/12300000/jigyosho_780.csv,2025-12末,https://www.google.com/search?q=%E3%83%87%E3%82%A4%E3%82%B5%E3%83%BC%E3%83%93%E3%82%B9%E3%80%80%E3%81%84%E3%81%A3%E3%81%97%E3%82%87%E5%AE%B6%20%E8%B6%8A%E5%89%8D%E5%B8%82
くるみの森　武生,地域密着型デイサービス,福井県,越前市,"介護,地域密着型デイサービス",日中に通って食事・入浴・機能訓練・見守りなどを受けるサービスです。,http://ecopraise.jp/comfort/,越前市国高２丁目３２２－７,0778-42-8936,厚生労働省オープンデータ,https://www.mhlw.go.jp/content/12300000/jigyosho_780.csv,2025-12末,https://www.google.com/search?q=%E3%81%8F%E3%82%8B%E3%81%BF%E3%81%AE%E6%A3%AE%E3%80%80%E6%AD%A6%E7%94%9F%20%E8%B6%8A%E5%89%8D%E5%B8%82
総合支援センターわかたけ,地域密着型デイサービス,福井県,越前市,"介護,地域密着型デイサービス",日中に通って食事・入浴・機能訓練・見守りなどを受けるサービスです。,https://www.google.com/search?q=%E7%B7%8F%E5%90%88%E6%94%AF%E6%8F%B4%E3%82%BB%E3%83%B3%E3%82%BF%E3%83%BC%E3%82%8F%E3%81%8B%E3%81%9F%E3%81%91%20%E8%B6%8A%E5%89%8D%E5%B8%82,福井県越前市西谷町33-10-2,0778-21-0300,厚生労働省オープンデータ,https://www.mhlw.go.jp/content/12300000/jigyosho_780.csv,2025-12末,https://www.google.com/search?q=%E7%B7%8F%E5%90%88%E6%94%AF%E6%8F%B4%E3%82%BB%E3%83%B3%E3%82%BF%E3%83%BC%E3%82%8F%E3%81%8B%E3%81%9F%E3%81%91%20%E8%B6%8A%E5%89%8D%E5%B8%82
越前市社会福祉協議会　デイサービスセンターやふね,地域密着型デイサービス,福井県,越前市,"介護,地域密着型デイサービス",日中に通って食事・入浴・機能訓練・見守りなどを受けるサービスです。,https://www.google.com/search?q=%E8%B6%8A%E5%89%8D%E5%B8%82%E7%A4%BE%E4%BC%9A%E7%A6%8F%E7%A5%89%E5%8D%94%E8%AD%B0%E4%BC%9A%E3%80%80%E3%83%87%E3%82%A4%E3%82%B5%E3%83%BC%E3%83%93%E3%82%B9%E3%82%BB%E3%83%B3%E3%82%BF%E3%83%BC%E3%82%84%E3%81%B5%E3%81%AD%20%E8%B6%8A%E5%89%8D%E5%B8%82,福井県越前市矢船町第8号12番地2,0778-25-0113,厚生労働省オープンデータ,https://www.mhlw.go.jp/content/12300000/jigyosho_780.csv,2025-12末,https://www.google.com/search?q=%E8%B6%8A%E5%89%8D%E5%B8%82%E7%A4%BE%E4%BC%9A%E7%A6%8F%E7%A5%89%E5%8D%94%E8%AD%B0%E4%BC%9A%E3%80%80%E3%83%87%E3%82%A4%E3%82%B5%E3%83%BC%E3%83%93%E3%82%B9%E3%82%BB%E3%83%B3%E3%82%BF%E3%83%BC%E3%82%84%E3%81%B5%E3%81%AD%20%E8%B6%8A%E5%89%8D%E5%B8%82
レッツデイサービス新保,地域密着型デイサービス,福井県,越前市,"介護,地域密着型デイサービス",日中に通って食事・入浴・機能訓練・見守りなどを受けるサービスです。,https://life-more.jp/,福井県越前市新保1-5-2,0778-42-5111,厚生労働省オープンデータ,https://www.mhlw.go.jp/content/12300000/jigyosho_780.csv,2025-12末,https://www.google.com/search?q=%E3%83%AC%E3%83%83%E3%83%84%E3%83%87%E3%82%A4%E3%82%B5%E3%83%BC%E3%83%93%E3%82%B9%E6%96%B0%E4%BF%9D%20%E8%B6%8A%E5%89%8D%E5%B8%82
吉野デイサービスセンターほのか,地域密着型デイサービス,福井県,越前市,"介護,地域密着型デイサービス",日中に通って食事・入浴・機能訓練・見守りなどを受けるサービスです。,http://www.keishukai.com,氷坂町46-41-2,0778-22-9229,厚生労働省オープンデータ,https://www.mhlw.go.jp/content/12300000/jigyosho_780.csv,2025-12末,https://www.google.com/search?q=%E5%90%89%E9%87%8E%E3%83%87%E3%82%A4%E3%82%B5%E3%83%BC%E3%83%93%E3%82%B9%E3%82%BB%E3%83%B3%E3%82%BF%E3%83%BC%E3%81%BB%E3%81%AE%E3%81%8B%20%E8%B6%8A%E5%89%8D%E5%B8%82
複合型デイサービス「てまり」,地域密着型デイサービス,福井県,越前市,"介護,地域密着型デイサービス",日中に通って食事・入浴・機能訓練・見守りなどを受けるサービスです。,http://www.myclinic.ne.jp/nojiriiin/,福井県越前市平出1丁目１２－３７,0778-22-0305,厚生労働省オープンデータ,https://www.mhlw.go.jp/content/12300000/jigyosho_780.csv,2025-12末,https://www.google.com/search?q=%E8%A4%87%E5%90%88%E5%9E%8B%E3%83%87%E3%82%A4%E3%82%B5%E3%83%BC%E3%83%93%E3%82%B9%E3%80%8C%E3%81%A6%E3%81%BE%E3%82%8A%E3%80%8D%20%E8%B6%8A%E5%89%8D%E5%B8%82
デイサービスセンターオアシス,地域密着型デイサービス,福井県,越前市,"介護,地域密着型デイサービス",日中に通って食事・入浴・機能訓練・見守りなどを受けるサービスです。,http://www.warakuen.jp/index.html,福井県越前市堀川町３－１４,0778-21-5454,厚生労働省オープンデータ,https://www.mhlw.go.jp/content/12300000/jigyosho_780.csv,2025-12末,https://www.google.com/search?q=%E3%83%87%E3%82%A4%E3%82%B5%E3%83%BC%E3%83%93%E3%82%B9%E3%82%BB%E3%83%B3%E3%82%BF%E3%83%BC%E3%82%AA%E3%82%A2%E3%82%B7%E3%82%B9%20%E8%B6%8A%E5%89%8D%E5%B8%82
美健　針原,地域密着型デイサービス,福井県,坂井市,"介護,地域密着型デイサービス",日中に通って食事・入浴・機能訓練・見守りなどを受けるサービスです。,https://www.google.com/search?q=%E7%BE%8E%E5%81%A5%E3%80%80%E9%87%9D%E5%8E%9F%20%E5%9D%82%E4%BA%95%E5%B8%82,福井県坂井市春江町針原21-36,（0776）51-6514,厚生労働省オープンデータ,https://www.mhlw.go.jp/content/12300000/jigyosho_780.csv,2025-12末,https://www.google.com/search?q=%E7%BE%8E%E5%81%A5%E3%80%80%E9%87%9D%E5%8E%9F%20%E5%9D%82%E4%BA%95%E5%B8%82
すいせんの家横地,地域密着型デイサービス,福井県,坂井市,"介護,地域密着型デイサービス",日中に通って食事・入浴・機能訓練・見守りなどを受けるサービスです。,https://www.google.com/search?q=%E3%81%99%E3%81%84%E3%81%9B%E3%82%93%E3%81%AE%E5%AE%B6%E6%A8%AA%E5%9C%B0%20%E5%9D%82%E4%BA%95%E5%B8%82,坂井市丸岡町北横地38-2-1,0776-67-7774,厚生労働省オープンデータ,https://www.mhlw.go.jp/content/12300000/jigyosho_780.csv,2025-12末,https://www.google.com/search?q=%E3%81%99%E3%81%84%E3%81%9B%E3%82%93%E3%81%AE%E5%AE%B6%E6%A8%AA%E5%9C%B0%20%E5%9D%82%E4%BA%95%E5%B8%82
すいせんの家ディサービス,地域密着型デイサービス,福井県,坂井市,"介護,地域密着型デイサービス",日中に通って食事・入浴・機能訓練・見守りなどを受けるサービスです。,https://www.google.com/search?q=%E3%81%99%E3%81%84%E3%81%9B%E3%82%93%E3%81%AE%E5%AE%B6%E3%83%87%E3%82%A3%E3%82%B5%E3%83%BC%E3%83%93%E3%82%B9%20%E5%9D%82%E4%BA%95%E5%B8%82,福井県坂井市丸岡町北横地38-3-1,0776-67-7774・,厚生労働省オープンデータ,https://www.mhlw.go.jp/content/12300000/jigyosho_780.csv,2025-12末,https://www.google.com/search?q=%E3%81%99%E3%81%84%E3%81%9B%E3%82%93%E3%81%AE%E5%AE%B6%E3%83%87%E3%82%A3%E3%82%B5%E3%83%BC%E3%83%93%E3%82%B9%20%E5%9D%82%E4%BA%95%E5%B8%82
Ｂｅ’健ハウス,地域密着型デイサービス,福井県,坂井市,"介護,地域密着型デイサービス",日中に通って食事・入浴・機能訓練・見守りなどを受けるサービスです。,http://www.simada-seikotuin.jp,春江町下小森1-3-1,0776-43-0307,厚生労働省オープンデータ,https://www.mhlw.go.jp/content/12300000/jigyosho_780.csv,2025-12末,https://www.google.com/search?q=%EF%BC%A2%EF%BD%85%E2%80%99%E5%81%A5%E3%83%8F%E3%82%A6%E3%82%B9%20%E5%9D%82%E4%BA%95%E5%B8%82
茶話本舗ディサービスはるえ,地域密着型デイサービス,福井県,坂井市,"介護,地域密着型デイサービス",日中に通って食事・入浴・機能訓練・見守りなどを受けるサービスです。,https://www.google.com/search?q=%E8%8C%B6%E8%A9%B1%E6%9C%AC%E8%88%97%E3%83%87%E3%82%A3%E3%82%B5%E3%83%BC%E3%83%93%E3%82%B9%E3%81%AF%E3%82%8B%E3%81%88%20%E5%9D%82%E4%BA%95%E5%B8%82,福井県坂井市丸岡町城北１丁目２１番地,０７７６－４３ー１１７０,厚生労働省オープンデータ,https://www.mhlw.go.jp/content/12300000/jigyosho_780.csv,2025-12末,https://www.google.com/search?q=%E8%8C%B6%E8%A9%B1%E6%9C%AC%E8%88%97%E3%83%87%E3%82%A3%E3%82%B5%E3%83%BC%E3%83%93%E3%82%B9%E3%81%AF%E3%82%8B%E3%81%88%20%E5%9D%82%E4%BA%95%E5%B8%82
ほのぼの苑デイサービスセンター,地域密着型デイサービス,福井県,南越前町,"介護,地域密着型デイサービス",日中に通って食事・入浴・機能訓練・見守りなどを受けるサービスです。,http://www.honobono-en.com/,福井県南条郡南越前町鋳物師5-10-1,0778-47-2078,厚生労働省オープンデータ,https://www.mhlw.go.jp/content/12300000/jigyosho_780.csv,2025-12末,https://www.google.com/search?q=%E3%81%BB%E3%81%AE%E3%81%BC%E3%81%AE%E8%8B%91%E3%83%87%E3%82%A4%E3%82%B5%E3%83%BC%E3%83%93%E3%82%B9%E3%82%BB%E3%83%B3%E3%82%BF%E3%83%BC%20%E5%8D%97%E8%B6%8A%E5%89%8D%E7%94%BA
南越前町社会福祉協議会今庄デイサービスセンター,地域密着型デイサービス,福井県,南越前町,"介護,地域密着型デイサービス",日中に通って食事・入浴・機能訓練・見守りなどを受けるサービスです。,https://www.google.com/search?q=%E5%8D%97%E8%B6%8A%E5%89%8D%E7%94%BA%E7%A4%BE%E4%BC%9A%E7%A6%8F%E7%A5%89%E5%8D%94%E8%AD%B0%E4%BC%9A%E4%BB%8A%E5%BA%84%E3%83%87%E3%82%A4%E3%82%B5%E3%83%BC%E3%83%93%E3%82%B9%E3%82%BB%E3%83%B3%E3%82%BF%E3%83%BC%20%E5%8D%97%E8%B6%8A%E5%89%8D%E7%94%BA,福井県南条郡南越前町今庄86-5-2今庄福祉センター,0778-45-1175,厚生労働省オープンデータ,https://www.mhlw.go.jp/content/12300000/jigyosho_780.csv,2025-12末,https://www.google.com/search?q=%E5%8D%97%E8%B6%8A%E5%89%8D%E7%94%BA%E7%A4%BE%E4%BC%9A%E7%A6%8F%E7%A5%89%E5%8D%94%E8%AD%B0%E4%BC%9A%E4%BB%8A%E5%BA%84%E3%83%87%E3%82%A4%E3%82%B5%E3%83%BC%E3%83%93%E3%82%B9%E3%82%BB%E3%83%B3%E3%82%BF%E3%83%BC%20%E5%8D%97%E8%B6%8A%E5%89%8D%E7%94%BA
南越前町社会福祉協議会河野デイサービスセンター,地域密着型デイサービス,福井県,南越前町,"介護,地域密着型デイサービス",日中に通って食事・入浴・機能訓練・見守りなどを受けるサービスです。,https://www.google.com/search?q=%E5%8D%97%E8%B6%8A%E5%89%8D%E7%94%BA%E7%A4%BE%E4%BC%9A%E7%A6%8F%E7%A5%89%E5%8D%94%E8%AD%B0%E4%BC%9A%E6%B2%B3%E9%87%8E%E3%83%87%E3%82%A4%E3%82%B5%E3%83%BC%E3%83%93%E3%82%B9%E3%82%BB%E3%83%B3%E3%82%BF%E3%83%BC%20%E5%8D%97%E8%B6%8A%E5%89%8D%E7%94%BA,福井県南条郡南越前町甲楽城7-31-1河野保健福祉センター,0778-48-2260,厚生労働省オープンデータ,https://www.mhlw.go.jp/content/12300000/jigyosho_780.csv,2025-12末,https://www.google.com/search?q=%E5%8D%97%E8%B6%8A%E5%89%8D%E7%94%BA%E7%A4%BE%E4%BC%9A%E7%A6%8F%E7%A5%89%E5%8D%94%E8%AD%B0%E4%BC%9A%E6%B2%B3%E9%87%8E%E3%83%87%E3%82%A4%E3%82%B5%E3%83%BC%E3%83%93%E3%82%B9%E3%82%BB%E3%83%B3%E3%82%BF%E3%83%BC%20%E5%8D%97%E8%B6%8A%E5%89%8D%E7%94%BA
デイサービスセンター　湖岳の郷,地域密着型デイサービス,福井県,美浜町,"介護,地域密着型デイサービス",日中に通って食事・入浴・機能訓練・見守りなどを受けるサービスです。,http://www.kogakunosato.jp/,福井県三方郡美浜町金山２－３－２７,0770-32-2082,厚生労働省オープンデータ,https://www.mhlw.go.jp/content/12300000/jigyosho_780.csv,2025-12末,https://www.google.com/search?q=%E3%83%87%E3%82%A4%E3%82%B5%E3%83%BC%E3%83%93%E3%82%B9%E3%82%BB%E3%83%B3%E3%82%BF%E3%83%BC%E3%80%80%E6%B9%96%E5%B2%B3%E3%81%AE%E9%83%B7%20%E7%BE%8E%E6%B5%9C%E7%94%BA
やはず苑　デイサービスセンター,地域密着型デイサービス,福井県,美浜町,"介護,地域密着型デイサービス",日中に通って食事・入浴・機能訓練・見守りなどを受けるサービスです。,http://www.fukui-youi.com,三方郡美浜町金山19-4-11,0770-32-3382,厚生労働省オープンデータ,https://www.mhlw.go.jp/content/12300000/jigyosho_780.csv,2025-12末,https://www.google.com/search?q=%E3%82%84%E3%81%AF%E3%81%9A%E8%8B%91%E3%80%80%E3%83%87%E3%82%A4%E3%82%B5%E3%83%BC%E3%83%93%E3%82%B9%E3%82%BB%E3%83%B3%E3%82%BF%E3%83%BC%20%E7%BE%8E%E6%B5%9C%E7%94%BA
地域密着型通所介護事業所和～なごみ～,地域密着型デイサービス,福井県,高浜町,"介護,地域密着型デイサービス",日中に通って食事・入浴・機能訓練・見守りなどを受けるサービスです。,http://kaigonagomi.jimdo.com,福井県大飯郡高浜町和田117-91-2,0770-72-2151,厚生労働省オープンデータ,https://www.mhlw.go.jp/content/12300000/jigyosho_780.csv,2025-12末,https://www.google.com/search?q=%E5%9C%B0%E5%9F%9F%E5%AF%86%E7%9D%80%E5%9E%8B%E9%80%9A%E6%89%80%E4%BB%8B%E8%AD%B7%E4%BA%8B%E6%A5%AD%E6%89%80%E5%92%8C%EF%BD%9E%E3%81%AA%E3%81%94%E3%81%BF%EF%BD%9E%20%E9%AB%98%E6%B5%9C%E7%94%BA
ナーシングホームよすが,地域密着型デイサービス,福井県,若狭町,"介護,地域密着型デイサービス",日中に通って食事・入浴・機能訓練・見守りなどを受けるサービスです。,https://www.google.com/search?q=%E3%83%8A%E3%83%BC%E3%82%B7%E3%83%B3%E3%82%B0%E3%83%9B%E3%83%BC%E3%83%A0%E3%82%88%E3%81%99%E3%81%8C%20%E8%8B%A5%E7%8B%AD%E7%94%BA,福井県三方上中郡若狭町鳥浜28-54-2,0770-47-6884,厚生労働省オープンデータ,https://www.mhlw.go.jp/content/12300000/jigyosho_780.csv,2025-12末,https://www.google.com/search?q=%E3%83%8A%E3%83%BC%E3%82%B7%E3%83%B3%E3%82%B0%E3%83%9B%E3%83%BC%E3%83%A0%E3%82%88%E3%81%99%E3%81%8C%20%E8%8B%A5%E7%8B%AD%E7%94%BA
デイサービスセンターいずみ,地域密着型デイサービス,福井県,若狭町,"介護,地域密着型デイサービス",日中に通って食事・入浴・機能訓練・見守りなどを受けるサービスです。,http://www.w-shakyo.or.jp,福井県三方上中郡若狭町井崎40-80若狭町社会福祉協議会いずみ,0770-45-2837,厚生労働省オープンデータ,https://www.mhlw.go.jp/content/12300000/jigyosho_780.csv,2025-12末,https://www.google.com/search?q=%E3%83%87%E3%82%A4%E3%82%B5%E3%83%BC%E3%83%93%E3%82%B9%E3%82%BB%E3%83%B3%E3%82%BF%E3%83%BC%E3%81%84%E3%81%9A%E3%81%BF%20%E8%8B%A5%E7%8B%AD%E7%94%BA
デイサービスセンターパレア若狭,地域密着型デイサービス,福井県,若狭町,"介護,地域密着型デイサービス",日中に通って食事・入浴・機能訓練・見守りなどを受けるサービスです。,http://www.w-shakyo.or.jp,福井県三方上中郡若狭町市場１８－１８,0770-62-9005,厚生労働省オープンデータ,https://www.mhlw.go.jp/content/12300000/jigyosho_780.csv,2025-12末,https://www.google.com/search?q=%E3%83%87%E3%82%A4%E3%82%B5%E3%83%BC%E3%83%93%E3%82%B9%E3%82%BB%E3%83%B3%E3%82%BF%E3%83%BC%E3%83%91%E3%83%AC%E3%82%A2%E8%8B%A5%E7%8B%AD%20%E8%8B%A5%E7%8B%AD%E7%94%BA
デイサービスセンター五湖の郷,地域密着型デイサービス,福井県,若狭町,"介護,地域密着型デイサービス",日中に通って食事・入浴・機能訓練・見守りなどを受けるサービスです。,http://www.w-shakyo.or.jp/gokonosato/index.htm,福井県三方上中郡若狭町田井２４－２,0770-46-1212,厚生労働省オープンデータ,https://www.mhlw.go.jp/content/12300000/jigyosho_780.csv,2025-12末,https://www.google.com/search?q=%E3%83%87%E3%82%A4%E3%82%B5%E3%83%BC%E3%83%93%E3%82%B9%E3%82%BB%E3%83%B3%E3%82%BF%E3%83%BC%E4%BA%94%E6%B9%96%E3%81%AE%E9%83%B7%20%E8%8B%A5%E7%8B%AD%E7%94%BA
