name,type,pref,city,tags,description,url,address,phone,source,source_url,last_updated,external_search
鳥取市立病院,訪問看護,鳥取県,鳥取市,"介護,訪問看護,医療",看護師などが自宅へ訪問し、健康状態の確認や医療的ケア、療養生活の支援を行います。,http://hospital.tottori.tottori.jp/,鳥取県鳥取市的場1-1,0857-37-1522,厚生労働省オープンデータ,https://www.mhlw.go.jp/content/12300000/jigyosho_130.csv,2025-12末,https://www.google.com/search?q=%E9%B3%A5%E5%8F%96%E5%B8%82%E7%AB%8B%E7%97%85%E9%99%A2%20%E9%B3%A5%E5%8F%96%E5%B8%82
訪問看護ステーション　コムパートナーズ,訪問看護,鳥取県,鳥取市,"介護,訪問看護,医療",看護師などが自宅へ訪問し、健康状態の確認や医療的ケア、療養生活の支援を行います。,https://www.el3tottori.co.jp/,鳥取県鳥取市湖山町東4-61,0857-30-7604,厚生労働省オープンデータ,https://www.mhlw.go.jp/content/12300000/jigyosho_130.csv,2025-12末,https://www.google.com/search?q=%E8%A8%AA%E5%95%8F%E7%9C%8B%E8%AD%B7%E3%82%B9%E3%83%86%E3%83%BC%E3%82%B7%E3%83%A7%E3%83%B3%E3%80%80%E3%82%B3%E3%83%A0%E3%83%91%E3%83%BC%E3%83%88%E3%83%8A%E3%83%BC%E3%82%BA%20%E9%B3%A5%E5%8F%96%E5%B8%82
ビュートゾルフたいよう訪問看護ステーション,訪問看護,鳥取県,鳥取市,"介護,訪問看護,医療",看護師などが自宅へ訪問し、健康状態の確認や医療的ケア、療養生活の支援を行います。,http://hp.kaipoke.biz/3p2/,鳥取県鳥取市桂木245-25,0857-30-7217,厚生労働省オープンデータ,https://www.mhlw.go.jp/content/12300000/jigyosho_130.csv,2025-12末,https://www.google.com/search?q=%E3%83%93%E3%83%A5%E3%83%BC%E3%83%88%E3%82%BE%E3%83%AB%E3%83%95%E3%81%9F%E3%81%84%E3%82%88%E3%81%86%E8%A8%AA%E5%95%8F%E7%9C%8B%E8%AD%B7%E3%82%B9%E3%83%86%E3%83%BC%E3%82%B7%E3%83%A7%E3%83%B3%20%E9%B3%A5%E5%8F%96%E5%B8%82
きずな訪問看護リハビリステーション,訪問看護,鳥取県,鳥取市,"介護,訪問看護,医療",看護師などが自宅へ訪問し、健康状態の確認や医療的ケア、療養生活の支援を行います。,http://kizuna123.co.jp/,鳥取県鳥取市興南町113-2自然堂第一ビル　2階,0857-51-0151,厚生労働省オープンデータ,https://www.mhlw.go.jp/content/12300000/jigyosho_130.csv,2025-12末,https://www.google.com/search?q=%E3%81%8D%E3%81%9A%E3%81%AA%E8%A8%AA%E5%95%8F%E7%9C%8B%E8%AD%B7%E3%83%AA%E3%83%8F%E3%83%93%E3%83%AA%E3%82%B9%E3%83%86%E3%83%BC%E3%82%B7%E3%83%A7%E3%83%B3%20%E9%B3%A5%E5%8F%96%E5%B8%82
せいきょう訪問看護ステーションすずらん,訪問看護,鳥取県,鳥取市,"介護,訪問看護,医療",看護師などが自宅へ訪問し、健康状態の確認や医療的ケア、療養生活の支援を行います。,http://suzuran.mcoop-tottori.jp/,鳥取県鳥取市末広温泉町203レインボーセンター2階,0857-22-4666,厚生労働省オープンデータ,https://www.mhlw.go.jp/content/12300000/jigyosho_130.csv,2025-12末,https://www.google.com/search?q=%E3%81%9B%E3%81%84%E3%81%8D%E3%82%87%E3%81%86%E8%A8%AA%E5%95%8F%E7%9C%8B%E8%AD%B7%E3%82%B9%E3%83%86%E3%83%BC%E3%82%B7%E3%83%A7%E3%83%B3%E3%81%99%E3%81%9A%E3%82%89%E3%82%93%20%E9%B3%A5%E5%8F%96%E5%B8%82
訪問看護事業所　竹田内科医院,訪問看護,鳥取県,鳥取市,"介護,訪問看護,医療",看護師などが自宅へ訪問し、健康状態の確認や医療的ケア、療養生活の支援を行います。,https://www.google.com/search?q=%E8%A8%AA%E5%95%8F%E7%9C%8B%E8%AD%B7%E4%BA%8B%E6%A5%AD%E6%89%80%E3%80%80%E7%AB%B9%E7%94%B0%E5%86%85%E7%A7%91%E5%8C%BB%E9%99%A2%20%E9%B3%A5%E5%8F%96%E5%B8%82,鳥取県鳥取市本町２－１０９,0857-22-4320,厚生労働省オープンデータ,https://www.mhlw.go.jp/content/12300000/jigyosho_130.csv,2025-12末,https://www.google.com/search?q=%E8%A8%AA%E5%95%8F%E7%9C%8B%E8%AD%B7%E4%BA%8B%E6%A5%AD%E6%89%80%E3%80%80%E7%AB%B9%E7%94%B0%E5%86%85%E7%A7%91%E5%8C%BB%E9%99%A2%20%E9%B3%A5%E5%8F%96%E5%B8%82
訪問看護ステーションふたば,訪問看護,鳥取県,鳥取市,"介護,訪問看護,医療",看護師などが自宅へ訪問し、健康状態の確認や医療的ケア、療養生活の支援を行います。,https://www.google.com/search?q=%E8%A8%AA%E5%95%8F%E7%9C%8B%E8%AD%B7%E3%82%B9%E3%83%86%E3%83%BC%E3%82%B7%E3%83%A7%E3%83%B3%E3%81%B5%E3%81%9F%E3%81%B0%20%E9%B3%A5%E5%8F%96%E5%B8%82,鳥取県鳥取市国府町稲葉丘３丁目３０３,0857-23-1863,厚生労働省オープンデータ,https://www.mhlw.go.jp/content/12300000/jigyosho_130.csv,2025-12末,https://www.google.com/search?q=%E8%A8%AA%E5%95%8F%E7%9C%8B%E8%AD%B7%E3%82%B9%E3%83%86%E3%83%BC%E3%82%B7%E3%83%A7%E3%83%B3%E3%81%B5%E3%81%9F%E3%81%B0%20%E9%B3%A5%E5%8F%96%E5%B8%82
訪問看護ステーションかけはし,訪問看護,鳥取県,鳥取市,"介護,訪問看護,医療",看護師などが自宅へ訪問し、健康状態の確認や医療的ケア、療養生活の支援を行います。,https://you-plus.jp/,鳥取県鳥取市大杙208-1,0857-50-1515,厚生労働省オープンデータ,https://www.mhlw.go.jp/content/12300000/jigyosho_130.csv,2025-12末,https://www.google.com/search?q=%E8%A8%AA%E5%95%8F%E7%9C%8B%E8%AD%B7%E3%82%B9%E3%83%86%E3%83%BC%E3%82%B7%E3%83%A7%E3%83%B3%E3%81%8B%E3%81%91%E3%81%AF%E3%81%97%20%E9%B3%A5%E5%8F%96%E5%B8%82
訪問看護ステーション　にしまち幸朋苑,訪問看護,鳥取県,鳥取市,"介護,訪問看護,医療",看護師などが自宅へ訪問し、健康状態の確認や医療的ケア、療養生活の支援を行います。,http://www.kohoen.jp,鳥取県鳥取市西町5丁目220,0857-30-6557,厚生労働省オープンデータ,https://www.mhlw.go.jp/content/12300000/jigyosho_130.csv,2025-12末,https://www.google.com/search?q=%E8%A8%AA%E5%95%8F%E7%9C%8B%E8%AD%B7%E3%82%B9%E3%83%86%E3%83%BC%E3%82%B7%E3%83%A7%E3%83%B3%E3%80%80%E3%81%AB%E3%81%97%E3%81%BE%E3%81%A1%E5%B9%B8%E6%9C%8B%E8%8B%91%20%E9%B3%A5%E5%8F%96%E5%B8%82
訪問看護ステーション　まさたみの郷,訪問看護,鳥取県,鳥取市,"介護,訪問看護,医療",看護師などが自宅へ訪問し、健康状態の確認や医療的ケア、療養生活の支援を行います。,https://www.google.com/search?q=%E8%A8%AA%E5%95%8F%E7%9C%8B%E8%AD%B7%E3%82%B9%E3%83%86%E3%83%BC%E3%82%B7%E3%83%A7%E3%83%B3%E3%80%80%E3%81%BE%E3%81%95%E3%81%9F%E3%81%BF%E3%81%AE%E9%83%B7%20%E9%B3%A5%E5%8F%96%E5%B8%82,鳥取県鳥取市杉崎596番地,0857-53-6767,厚生労働省オープンデータ,https://www.mhlw.go.jp/content/12300000/jigyosho_130.csv,2025-12末,https://www.google.com/search?q=%E8%A8%AA%E5%95%8F%E7%9C%8B%E8%AD%B7%E3%82%B9%E3%83%86%E3%83%BC%E3%82%B7%E3%83%A7%E3%83%B3%E3%80%80%E3%81%BE%E3%81%95%E3%81%9F%E3%81%BF%E3%81%AE%E9%83%B7%20%E9%B3%A5%E5%8F%96%E5%B8%82
鳥取県看護協会訪問看護ステーション,訪問看護,鳥取県,鳥取市,"介護,訪問看護,医療",看護師などが自宅へ訪問し、健康状態の確認や医療的ケア、療養生活の支援を行います。,http://www.tottori-kangokyokai.or.jp/,鳥取県鳥取市江津318－1,0857-21-3322,厚生労働省オープンデータ,https://www.mhlw.go.jp/content/12300000/jigyosho_130.csv,2025-12末,https://www.google.com/search?q=%E9%B3%A5%E5%8F%96%E7%9C%8C%E7%9C%8B%E8%AD%B7%E5%8D%94%E4%BC%9A%E8%A8%AA%E5%95%8F%E7%9C%8B%E8%AD%B7%E3%82%B9%E3%83%86%E3%83%BC%E3%82%B7%E3%83%A7%E3%83%B3%20%E9%B3%A5%E5%8F%96%E5%B8%82
訪問看護ステーション　はまゆう,訪問看護,鳥取県,鳥取市,"介護,訪問看護,医療",看護師などが自宅へ訪問し、健康状態の確認や医療的ケア、療養生活の支援を行います。,http://www.hamayu.or.jp/facility/medical/home_visit_nursing_hamayu.html,鳥取県鳥取市野寺62-1,0857-51-7802,厚生労働省オープンデータ,https://www.mhlw.go.jp/content/12300000/jigyosho_130.csv,2025-12末,https://www.google.com/search?q=%E8%A8%AA%E5%95%8F%E7%9C%8B%E8%AD%B7%E3%82%B9%E3%83%86%E3%83%BC%E3%82%B7%E3%83%A7%E3%83%B3%E3%80%80%E3%81%AF%E3%81%BE%E3%82%86%E3%81%86%20%E9%B3%A5%E5%8F%96%E5%B8%82
訪問看護ステーション　ナースくる,訪問看護,鳥取県,鳥取市,"介護,訪問看護,医療",看護師などが自宅へ訪問し、健康状態の確認や医療的ケア、療養生活の支援を行います。,https://t-bang.jp/,鳥取県鳥取市大覚寺150-87,０８５７－３０－５７７２,厚生労働省オープンデータ,https://www.mhlw.go.jp/content/12300000/jigyosho_130.csv,2025-12末,https://www.google.com/search?q=%E8%A8%AA%E5%95%8F%E7%9C%8B%E8%AD%B7%E3%82%B9%E3%83%86%E3%83%BC%E3%82%B7%E3%83%A7%E3%83%B3%E3%80%80%E3%83%8A%E3%83%BC%E3%82%B9%E3%81%8F%E3%82%8B%20%E9%B3%A5%E5%8F%96%E5%B8%82
さとに訪問看護ステーション,訪問看護,鳥取県,鳥取市,"介護,訪問看護,医療",看護師などが自宅へ訪問し、健康状態の確認や医療的ケア、療養生活の支援を行います。,http://www.satoni-denen-clinic.jp/,鳥取県鳥取市里仁54番地2,0857-54-1871,厚生労働省オープンデータ,https://www.mhlw.go.jp/content/12300000/jigyosho_130.csv,2025-12末,https://www.google.com/search?q=%E3%81%95%E3%81%A8%E3%81%AB%E8%A8%AA%E5%95%8F%E7%9C%8B%E8%AD%B7%E3%82%B9%E3%83%86%E3%83%BC%E3%82%B7%E3%83%A7%E3%83%B3%20%E9%B3%A5%E5%8F%96%E5%B8%82
こころね訪問看護ステーション幸町,訪問看護,鳥取県,鳥取市,"介護,訪問看護,医療",看護師などが自宅へ訪問し、健康状態の確認や医療的ケア、療養生活の支援を行います。,https://www.google.com/search?q=%E3%81%93%E3%81%93%E3%82%8D%E3%81%AD%E8%A8%AA%E5%95%8F%E7%9C%8B%E8%AD%B7%E3%82%B9%E3%83%86%E3%83%BC%E3%82%B7%E3%83%A7%E3%83%B3%E5%B9%B8%E7%94%BA%20%E9%B3%A5%E5%8F%96%E5%B8%82,鳥取県鳥取市幸町112番地シニアステージ幸町,0857-51-0073,厚生労働省オープンデータ,https://www.mhlw.go.jp/content/12300000/jigyosho_130.csv,2025-12末,https://www.google.com/search?q=%E3%81%93%E3%81%93%E3%82%8D%E3%81%AD%E8%A8%AA%E5%95%8F%E7%9C%8B%E8%AD%B7%E3%82%B9%E3%83%86%E3%83%BC%E3%82%B7%E3%83%A7%E3%83%B3%E5%B9%B8%E7%94%BA%20%E9%B3%A5%E5%8F%96%E5%B8%82
こころね訪問看護ステーション南吉方,訪問看護,鳥取県,鳥取市,"介護,訪問看護,医療",看護師などが自宅へ訪問し、健康状態の確認や医療的ケア、療養生活の支援を行います。,http://thirdlifemore.jp/,鳥取県鳥取市南吉方二丁目68番地1株式会社　サードライフモア　シニアステージ南吉方,0857-30-6786,厚生労働省オープンデータ,https://www.mhlw.go.jp/content/12300000/jigyosho_130.csv,2025-12末,https://www.google.com/search?q=%E3%81%93%E3%81%93%E3%82%8D%E3%81%AD%E8%A8%AA%E5%95%8F%E7%9C%8B%E8%AD%B7%E3%82%B9%E3%83%86%E3%83%BC%E3%82%B7%E3%83%A7%E3%83%B3%E5%8D%97%E5%90%89%E6%96%B9%20%E9%B3%A5%E5%8F%96%E5%B8%82
訪問看護ステーションつむぎ,訪問看護,鳥取県,鳥取市,"介護,訪問看護,医療",看護師などが自宅へ訪問し、健康状態の確認や医療的ケア、療養生活の支援を行います。,http://www.o-tsumugi.com/,鳥取市川端3丁目117番地,0857-30-6981,厚生労働省オープンデータ,https://www.mhlw.go.jp/content/12300000/jigyosho_130.csv,2025-12末,https://www.google.com/search?q=%E8%A8%AA%E5%95%8F%E7%9C%8B%E8%AD%B7%E3%82%B9%E3%83%86%E3%83%BC%E3%82%B7%E3%83%A7%E3%83%B3%E3%81%A4%E3%82%80%E3%81%8E%20%E9%B3%A5%E5%8F%96%E5%B8%82
野の花診療所,訪問看護,鳥取県,鳥取市,"介護,訪問看護,医療",看護師などが自宅へ訪問し、健康状態の確認や医療的ケア、療養生活の支援を行います。,http://nonohana.no.coocan.jp,鳥取県鳥取市行徳3丁目431番地,0857-36-0087,厚生労働省オープンデータ,https://www.mhlw.go.jp/content/12300000/jigyosho_130.csv,2025-12末,https://www.google.com/search?q=%E9%87%8E%E3%81%AE%E8%8A%B1%E8%A8%BA%E7%99%82%E6%89%80%20%E9%B3%A5%E5%8F%96%E5%B8%82
訪問看護ステーションえん,訪問看護,鳥取県,鳥取市,"介護,訪問看護,医療",看護師などが自宅へ訪問し、健康状態の確認や医療的ケア、療養生活の支援を行います。,http://nurse-en.com,鳥取県鳥取市国府町新町1丁目117アウラB,0857-51-1530,厚生労働省オープンデータ,https://www.mhlw.go.jp/content/12300000/jigyosho_130.csv,2025-12末,https://www.google.com/search?q=%E8%A8%AA%E5%95%8F%E7%9C%8B%E8%AD%B7%E3%82%B9%E3%83%86%E3%83%BC%E3%82%B7%E3%83%A7%E3%83%B3%E3%81%88%E3%82%93%20%E9%B3%A5%E5%8F%96%E5%B8%82
訪問看護リハビリステーション寄り添い,訪問看護,鳥取県,鳥取市,"介護,訪問看護,医療",看護師などが自宅へ訪問し、健康状態の確認や医療的ケア、療養生活の支援を行います。,tomonowa‐tottori.com,鳥取県鳥取市大杙229－16,0857-30-5595,厚生労働省オープンデータ,https://www.mhlw.go.jp/content/12300000/jigyosho_130.csv,2025-12末,https://www.google.com/search?q=%E8%A8%AA%E5%95%8F%E7%9C%8B%E8%AD%B7%E3%83%AA%E3%83%8F%E3%83%93%E3%83%AA%E3%82%B9%E3%83%86%E3%83%BC%E3%82%B7%E3%83%A7%E3%83%B3%E5%AF%84%E3%82%8A%E6%B7%BB%E3%81%84%20%E9%B3%A5%E5%8F%96%E5%B8%82
訪問看護ステーション仁,訪問看護,鳥取県,米子市,"介護,訪問看護,医療",看護師などが自宅へ訪問し、健康状態の確認や医療的ケア、療養生活の支援を行います。,https://www.google.com/search?q=%E8%A8%AA%E5%95%8F%E7%9C%8B%E8%AD%B7%E3%82%B9%E3%83%86%E3%83%BC%E3%82%B7%E3%83%A7%E3%83%B3%E4%BB%81%20%E7%B1%B3%E5%AD%90%E5%B8%82,鳥取県米子市目久美町２２番地５エスポワール目久美１０３,０８５９－２１－４３７７,厚生労働省オープンデータ,https://www.mhlw.go.jp/content/12300000/jigyosho_130.csv,2025-12末,https://www.google.com/search?q=%E8%A8%AA%E5%95%8F%E7%9C%8B%E8%AD%B7%E3%82%B9%E3%83%86%E3%83%BC%E3%82%B7%E3%83%A7%E3%83%B3%E4%BB%81%20%E7%B1%B3%E5%AD%90%E5%B8%82
訪問看護ステーションデューン米子,訪問看護,鳥取県,米子市,"介護,訪問看護,医療",看護師などが自宅へ訪問し、健康状態の確認や医療的ケア、療養生活の支援を行います。,http：//www.nfield.co.jp/,鳥取県米子市明治町131増谷ビル１階,0859-30-2845,厚生労働省オープンデータ,https://www.mhlw.go.jp/content/12300000/jigyosho_130.csv,2025-12末,https://www.google.com/search?q=%E8%A8%AA%E5%95%8F%E7%9C%8B%E8%AD%B7%E3%82%B9%E3%83%86%E3%83%BC%E3%82%B7%E3%83%A7%E3%83%B3%E3%83%87%E3%83%A5%E3%83%BC%E3%83%B3%E7%B1%B3%E5%AD%90%20%E7%B1%B3%E5%AD%90%E5%B8%82
医療法人社団ひだまりクリニック　ひだまり訪問看護ステーション,訪問看護,鳥取県,米子市,"介護,訪問看護,医療",看護師などが自宅へ訪問し、健康状態の確認や医療的ケア、療養生活の支援を行います。,http://www.hidamariclinic.jp,鳥取県米子市車尾南１丁目12番41号,0859-37-5189,厚生労働省オープンデータ,https://www.mhlw.go.jp/content/12300000/jigyosho_130.csv,2025-12末,https://www.google.com/search?q=%E5%8C%BB%E7%99%82%E6%B3%95%E4%BA%BA%E7%A4%BE%E5%9B%A3%E3%81%B2%E3%81%A0%E3%81%BE%E3%82%8A%E3%82%AF%E3%83%AA%E3%83%8B%E3%83%83%E3%82%AF%E3%80%80%E3%81%B2%E3%81%A0%E3%81%BE%E3%82%8A%E8%A8%AA%E5%95%8F%E7%9C%8B%E8%AD%B7%E3%82%B9%E3%83%86%E3%83%BC%E3%82%B7%E3%83%A7%E3%83%B3%20%E7%B1%B3%E5%AD%90%E5%B8%82
訪問看護リハビリテーションりんどうの郷,訪問看護,鳥取県,米子市,"介護,訪問看護,医療",看護師などが自宅へ訪問し、健康状態の確認や医療的ケア、療養生活の支援を行います。,http//www.rindounosato.com,米子市灘町1丁目102番地,0859-57-8529,厚生労働省オープンデータ,https://www.mhlw.go.jp/content/12300000/jigyosho_130.csv,2025-12末,https://www.google.com/search?q=%E8%A8%AA%E5%95%8F%E7%9C%8B%E8%AD%B7%E3%83%AA%E3%83%8F%E3%83%93%E3%83%AA%E3%83%86%E3%83%BC%E3%82%B7%E3%83%A7%E3%83%B3%E3%82%8A%E3%82%93%E3%81%A9%E3%81%86%E3%81%AE%E9%83%B7%20%E7%B1%B3%E5%AD%90%E5%B8%82
米子医療生活協同組合COOP訪問看護ステーションなないろ,訪問看護,鳥取県,米子市,"介護,訪問看護,医療",看護師などが自宅へ訪問し、健康状態の確認や医療的ケア、療養生活の支援を行います。,"http;//www,ymc-net,or,jp/",鳥取県米子市博労町3丁目80-1,0859-38-5330,厚生労働省オープンデータ,https://www.mhlw.go.jp/content/12300000/jigyosho_130.csv,2025-12末,https://www.google.com/search?q=%E7%B1%B3%E5%AD%90%E5%8C%BB%E7%99%82%E7%94%9F%E6%B4%BB%E5%8D%94%E5%90%8C%E7%B5%84%E5%90%88COOP%E8%A8%AA%E5%95%8F%E7%9C%8B%E8%AD%B7%E3%82%B9%E3%83%86%E3%83%BC%E3%82%B7%E3%83%A7%E3%83%B3%E3%81%AA%E3%81%AA%E3%81%84%E3%82%8D%20%E7%B1%B3%E5%AD%90%E5%B8%82
緩音訪問看護ステーション,訪問看護,鳥取県,米子市,"介護,訪問看護,医療",看護師などが自宅へ訪問し、健康状態の確認や医療的ケア、療養生活の支援を行います。,現在準備中,鳥取県米子市目久美町97番地3,0859-57-5727,厚生労働省オープンデータ,https://www.mhlw.go.jp/content/12300000/jigyosho_130.csv,2025-12末,https://www.google.com/search?q=%E7%B7%A9%E9%9F%B3%E8%A8%AA%E5%95%8F%E7%9C%8B%E8%AD%B7%E3%82%B9%E3%83%86%E3%83%BC%E3%82%B7%E3%83%A7%E3%83%B3%20%E7%B1%B3%E5%AD%90%E5%B8%82
こころね訪問看護ステーション東福原,訪問看護,鳥取県,米子市,"介護,訪問看護,医療",看護師などが自宅へ訪問し、健康状態の確認や医療的ケア、療養生活の支援を行います。,https://www.google.com/search?q=%E3%81%93%E3%81%93%E3%82%8D%E3%81%AD%E8%A8%AA%E5%95%8F%E7%9C%8B%E8%AD%B7%E3%82%B9%E3%83%86%E3%83%BC%E3%82%B7%E3%83%A7%E3%83%B3%E6%9D%B1%E7%A6%8F%E5%8E%9F%20%E7%B1%B3%E5%AD%90%E5%B8%82,鳥取県米子市東福原3丁目9-1シニアステージ東福原内に併設,0859-30-2612,厚生労働省オープンデータ,https://www.mhlw.go.jp/content/12300000/jigyosho_130.csv,2025-12末,https://www.google.com/search?q=%E3%81%93%E3%81%93%E3%82%8D%E3%81%AD%E8%A8%AA%E5%95%8F%E7%9C%8B%E8%AD%B7%E3%82%B9%E3%83%86%E3%83%BC%E3%82%B7%E3%83%A7%E3%83%B3%E6%9D%B1%E7%A6%8F%E5%8E%9F%20%E7%B1%B3%E5%AD%90%E5%B8%82
ホームベースドケア　訪問看護ステーション,訪問看護,鳥取県,米子市,"介護,訪問看護,医療",看護師などが自宅へ訪問し、健康状態の確認や医療的ケア、療養生活の支援を行います。,https://h-b-care.com/,鳥取県米子市米原6丁目5番47号,0859-36-8632,厚生労働省オープンデータ,https://www.mhlw.go.jp/content/12300000/jigyosho_130.csv,2025-12末,https://www.google.com/search?q=%E3%83%9B%E3%83%BC%E3%83%A0%E3%83%99%E3%83%BC%E3%82%B9%E3%83%89%E3%82%B1%E3%82%A2%E3%80%80%E8%A8%AA%E5%95%8F%E7%9C%8B%E8%AD%B7%E3%82%B9%E3%83%86%E3%83%BC%E3%82%B7%E3%83%A7%E3%83%B3%20%E7%B1%B3%E5%AD%90%E5%B8%82
訪問看護ステーション博愛,訪問看護,鳥取県,米子市,"介護,訪問看護,医療",看護師などが自宅へ訪問し、健康状態の確認や医療的ケア、療養生活の支援を行います。,http://www.doaikai.jp/,鳥取県米子市両三柳1880在宅医療センター,0859-24-8119,厚生労働省オープンデータ,https://www.mhlw.go.jp/content/12300000/jigyosho_130.csv,2025-12末,https://www.google.com/search?q=%E8%A8%AA%E5%95%8F%E7%9C%8B%E8%AD%B7%E3%82%B9%E3%83%86%E3%83%BC%E3%82%B7%E3%83%A7%E3%83%B3%E5%8D%9A%E6%84%9B%20%E7%B1%B3%E5%AD%90%E5%B8%82
訪問看護ステーションほんわか,訪問看護,鳥取県,米子市,"介護,訪問看護,医療",看護師などが自宅へ訪問し、健康状態の確認や医療的ケア、療養生活の支援を行います。,http://www.chukai.or.jp,鳥取県米子市茶町25番地,0859-21-7531,厚生労働省オープンデータ,https://www.mhlw.go.jp/content/12300000/jigyosho_130.csv,2025-12末,https://www.google.com/search?q=%E8%A8%AA%E5%95%8F%E7%9C%8B%E8%AD%B7%E3%82%B9%E3%83%86%E3%83%BC%E3%82%B7%E3%83%A7%E3%83%B3%E3%81%BB%E3%82%93%E3%82%8F%E3%81%8B%20%E7%B1%B3%E5%AD%90%E5%B8%82
訪問看護ステーション　ネットケア,訪問看護,鳥取県,米子市,"介護,訪問看護,医療",看護師などが自宅へ訪問し、健康状態の確認や医療的ケア、療養生活の支援を行います。,http://www.hospitown.or.jp,鳥取県米子市河崎580,0859-24-6777,厚生労働省オープンデータ,https://www.mhlw.go.jp/content/12300000/jigyosho_130.csv,2025-12末,https://www.google.com/search?q=%E8%A8%AA%E5%95%8F%E7%9C%8B%E8%AD%B7%E3%82%B9%E3%83%86%E3%83%BC%E3%82%B7%E3%83%A7%E3%83%B3%E3%80%80%E3%83%8D%E3%83%83%E3%83%88%E3%82%B1%E3%82%A2%20%E7%B1%B3%E5%AD%90%E5%B8%82
いきいき訪問看護ステーション,訪問看護,鳥取県,米子市,"介護,訪問看護,医療",看護師などが自宅へ訪問し、健康状態の確認や医療的ケア、療養生活の支援を行います。,http://www.medicalcare.jp/,鳥取県米子市彦名町8番地1,0859-48-0220,厚生労働省オープンデータ,https://www.mhlw.go.jp/content/12300000/jigyosho_130.csv,2025-12末,https://www.google.com/search?q=%E3%81%84%E3%81%8D%E3%81%84%E3%81%8D%E8%A8%AA%E5%95%8F%E7%9C%8B%E8%AD%B7%E3%82%B9%E3%83%86%E3%83%BC%E3%82%B7%E3%83%A7%E3%83%B3%20%E7%B1%B3%E5%AD%90%E5%B8%82
いきいき訪問看護ステーション灘町,訪問看護,鳥取県,米子市,"介護,訪問看護,医療",看護師などが自宅へ訪問し、健康状態の確認や医療的ケア、療養生活の支援を行います。,http://www.medicalcare.jp,鳥取県米子市灘町3-76いきいきシニアステージ灘町,0859-30-3622,厚生労働省オープンデータ,https://www.mhlw.go.jp/content/12300000/jigyosho_130.csv,2025-12末,https://www.google.com/search?q=%E3%81%84%E3%81%8D%E3%81%84%E3%81%8D%E8%A8%AA%E5%95%8F%E7%9C%8B%E8%AD%B7%E3%82%B9%E3%83%86%E3%83%BC%E3%82%B7%E3%83%A7%E3%83%B3%E7%81%98%E7%94%BA%20%E7%B1%B3%E5%AD%90%E5%B8%82
訪問看護ステーション　ふる里,訪問看護,鳥取県,米子市,"介護,訪問看護,医療",看護師などが自宅へ訪問し、健康状態の確認や医療的ケア、療養生活の支援を行います。,http://www.hospitown.or.jp/,鳥取県米子市和田町１７２２番地,0859-25-1150,厚生労働省オープンデータ,https://www.mhlw.go.jp/content/12300000/jigyosho_130.csv,2025-12末,https://www.google.com/search?q=%E8%A8%AA%E5%95%8F%E7%9C%8B%E8%AD%B7%E3%82%B9%E3%83%86%E3%83%BC%E3%82%B7%E3%83%A7%E3%83%B3%E3%80%80%E3%81%B5%E3%82%8B%E9%87%8C%20%E7%B1%B3%E5%AD%90%E5%B8%82
すまいる訪問看護リハビリステーション,訪問看護,鳥取県,米子市,"介護,訪問看護,医療",看護師などが自宅へ訪問し、健康状態の確認や医療的ケア、療養生活の支援を行います。,https://smile-oct.com,鳥取県米子市両三柳693-3,0859-36-8030,厚生労働省オープンデータ,https://www.mhlw.go.jp/content/12300000/jigyosho_130.csv,2025-12末,https://www.google.com/search?q=%E3%81%99%E3%81%BE%E3%81%84%E3%82%8B%E8%A8%AA%E5%95%8F%E7%9C%8B%E8%AD%B7%E3%83%AA%E3%83%8F%E3%83%93%E3%83%AA%E3%82%B9%E3%83%86%E3%83%BC%E3%82%B7%E3%83%A7%E3%83%B3%20%E7%B1%B3%E5%AD%90%E5%B8%82
こころね訪問看護ステーション観音寺新町,訪問看護,鳥取県,米子市,"介護,訪問看護,医療",看護師などが自宅へ訪問し、健康状態の確認や医療的ケア、療養生活の支援を行います。,https://www.google.com/search?q=%E3%81%93%E3%81%93%E3%82%8D%E3%81%AD%E8%A8%AA%E5%95%8F%E7%9C%8B%E8%AD%B7%E3%82%B9%E3%83%86%E3%83%BC%E3%82%B7%E3%83%A7%E3%83%B3%E8%A6%B3%E9%9F%B3%E5%AF%BA%E6%96%B0%E7%94%BA%20%E7%B1%B3%E5%AD%90%E5%B8%82,米子市観音寺新町4丁目6-20シニアステージ観音寺新町,0859-36-8330,厚生労働省オープンデータ,https://www.mhlw.go.jp/content/12300000/jigyosho_130.csv,2025-12末,https://www.google.com/search?q=%E3%81%93%E3%81%93%E3%82%8D%E3%81%AD%E8%A8%AA%E5%95%8F%E7%9C%8B%E8%AD%B7%E3%82%B9%E3%83%86%E3%83%BC%E3%82%B7%E3%83%A7%E3%83%B3%E8%A6%B3%E9%9F%B3%E5%AF%BA%E6%96%B0%E7%94%BA%20%E7%B1%B3%E5%AD%90%E5%B8%82
ぱぷりか訪問看護ステーション,訪問看護,鳥取県,米子市,"介護,訪問看護,医療",看護師などが自宅へ訪問し、健康状態の確認や医療的ケア、療養生活の支援を行います。,https://paprika-n.jp,鳥取県米子市福市1685番地9,0859-21-1062,厚生労働省オープンデータ,https://www.mhlw.go.jp/content/12300000/jigyosho_130.csv,2025-12末,https://www.google.com/search?q=%E3%81%B1%E3%81%B7%E3%82%8A%E3%81%8B%E8%A8%AA%E5%95%8F%E7%9C%8B%E8%AD%B7%E3%82%B9%E3%83%86%E3%83%BC%E3%82%B7%E3%83%A7%E3%83%B3%20%E7%B1%B3%E5%AD%90%E5%B8%82
いきいき訪問看護ステーション上後藤,訪問看護,鳥取県,米子市,"介護,訪問看護,医療",看護師などが自宅へ訪問し、健康状態の確認や医療的ケア、療養生活の支援を行います。,http://www.medicalcare.jp,上後藤4丁目16番1号,0859-21-5630,厚生労働省オープンデータ,https://www.mhlw.go.jp/content/12300000/jigyosho_130.csv,2025-12末,https://www.google.com/search?q=%E3%81%84%E3%81%8D%E3%81%84%E3%81%8D%E8%A8%AA%E5%95%8F%E7%9C%8B%E8%AD%B7%E3%82%B9%E3%83%86%E3%83%BC%E3%82%B7%E3%83%A7%E3%83%B3%E4%B8%8A%E5%BE%8C%E8%97%A4%20%E7%B1%B3%E5%AD%90%E5%B8%82
訪問看護ステーションなんぶ幸朋苑,訪問看護,鳥取県,米子市,"介護,訪問看護,医療",看護師などが自宅へ訪問し、健康状態の確認や医療的ケア、療養生活の支援を行います。,http://www.kohoen.jp,鳥取県米子市石井1238番地,0859-26-5577,厚生労働省オープンデータ,https://www.mhlw.go.jp/content/12300000/jigyosho_130.csv,2025-12末,https://www.google.com/search?q=%E8%A8%AA%E5%95%8F%E7%9C%8B%E8%AD%B7%E3%82%B9%E3%83%86%E3%83%BC%E3%82%B7%E3%83%A7%E3%83%B3%E3%81%AA%E3%82%93%E3%81%B6%E5%B9%B8%E6%9C%8B%E8%8B%91%20%E7%B1%B3%E5%AD%90%E5%B8%82
訪問看護ステーション米子東,訪問看護,鳥取県,米子市,"介護,訪問看護,医療",看護師などが自宅へ訪問し、健康状態の確認や医療的ケア、療養生活の支援を行います。,https://www.med-wel.jp/yonagohi/home-service/visit-nurse/,鳥取県米子市淀江町佐陀2169,0859-30-3370,厚生労働省オープンデータ,https://www.mhlw.go.jp/content/12300000/jigyosho_130.csv,2025-12末,https://www.google.com/search?q=%E8%A8%AA%E5%95%8F%E7%9C%8B%E8%AD%B7%E3%82%B9%E3%83%86%E3%83%BC%E3%82%B7%E3%83%A7%E3%83%B3%E7%B1%B3%E5%AD%90%E6%9D%B1%20%E7%B1%B3%E5%AD%90%E5%B8%82
ライブアシスト訪問看護ステーション,訪問看護,鳥取県,米子市,"介護,訪問看護,医療",看護師などが自宅へ訪問し、健康状態の確認や医療的ケア、療養生活の支援を行います。,http://y-liveassist.com,鳥取県米子市長砂町300-3,0859-30-3337,厚生労働省オープンデータ,https://www.mhlw.go.jp/content/12300000/jigyosho_130.csv,2025-12末,https://www.google.com/search?q=%E3%83%A9%E3%82%A4%E3%83%96%E3%82%A2%E3%82%B7%E3%82%B9%E3%83%88%E8%A8%AA%E5%95%8F%E7%9C%8B%E8%AD%B7%E3%82%B9%E3%83%86%E3%83%BC%E3%82%B7%E3%83%A7%E3%83%B3%20%E7%B1%B3%E5%AD%90%E5%B8%82
いきいき訪問看護ステーション西福原,訪問看護,鳥取県,米子市,"介護,訪問看護,医療",看護師などが自宅へ訪問し、健康状態の確認や医療的ケア、療養生活の支援を行います。,www.medicalcare.jp,鳥取県米子市西福原5丁目6番39号,0859-21-5595,厚生労働省オープンデータ,https://www.mhlw.go.jp/content/12300000/jigyosho_130.csv,2025-12末,https://www.google.com/search?q=%E3%81%84%E3%81%8D%E3%81%84%E3%81%8D%E8%A8%AA%E5%95%8F%E7%9C%8B%E8%AD%B7%E3%82%B9%E3%83%86%E3%83%BC%E3%82%B7%E3%83%A7%E3%83%B3%E8%A5%BF%E7%A6%8F%E5%8E%9F%20%E7%B1%B3%E5%AD%90%E5%B8%82
こころね訪問看護ステーション錦町,訪問看護,鳥取県,米子市,"介護,訪問看護,医療",看護師などが自宅へ訪問し、健康状態の確認や医療的ケア、療養生活の支援を行います。,https://www.google.com/search?q=%E3%81%93%E3%81%93%E3%82%8D%E3%81%AD%E8%A8%AA%E5%95%8F%E7%9C%8B%E8%AD%B7%E3%82%B9%E3%83%86%E3%83%BC%E3%82%B7%E3%83%A7%E3%83%B3%E9%8C%A6%E7%94%BA%20%E7%B1%B3%E5%AD%90%E5%B8%82,鳥取県米子市米原1-1-1シニアステージ錦町,0859-21-3788,厚生労働省オープンデータ,https://www.mhlw.go.jp/content/12300000/jigyosho_130.csv,2025-12末,https://www.google.com/search?q=%E3%81%93%E3%81%93%E3%82%8D%E3%81%AD%E8%A8%AA%E5%95%8F%E7%9C%8B%E8%AD%B7%E3%82%B9%E3%83%86%E3%83%BC%E3%82%B7%E3%83%A7%E3%83%B3%E9%8C%A6%E7%94%BA%20%E7%B1%B3%E5%AD%90%E5%B8%82
こころね訪問看護ステーション西福原,訪問看護,鳥取県,米子市,"介護,訪問看護,医療",看護師などが自宅へ訪問し、健康状態の確認や医療的ケア、療養生活の支援を行います。,https://www.google.com/search?q=%E3%81%93%E3%81%93%E3%82%8D%E3%81%AD%E8%A8%AA%E5%95%8F%E7%9C%8B%E8%AD%B7%E3%82%B9%E3%83%86%E3%83%BC%E3%82%B7%E3%83%A7%E3%83%B3%E8%A5%BF%E7%A6%8F%E5%8E%9F%20%E7%B1%B3%E5%AD%90%E5%B8%82,鳥取県米子市西福原5丁目5番33号シニアステージ西福原,0859-30-2205,厚生労働省オープンデータ,https://www.mhlw.go.jp/content/12300000/jigyosho_130.csv,2025-12末,https://www.google.com/search?q=%E3%81%93%E3%81%93%E3%82%8D%E3%81%AD%E8%A8%AA%E5%95%8F%E7%9C%8B%E8%AD%B7%E3%82%B9%E3%83%86%E3%83%BC%E3%82%B7%E3%83%A7%E3%83%B3%E8%A5%BF%E7%A6%8F%E5%8E%9F%20%E7%B1%B3%E5%AD%90%E5%B8%82
有限会社新生ケア・サービス訪問看護ステーション,訪問看護,鳥取県,米子市,"介護,訪問看護,医療",看護師などが自宅へ訪問し、健康状態の確認や医療的ケア、療養生活の支援を行います。,https://www.shinsei-care-service.com/,鳥取県米子市熊党200-1,0859-27-1439,厚生労働省オープンデータ,https://www.mhlw.go.jp/content/12300000/jigyosho_130.csv,2025-12末,https://www.google.com/search?q=%E6%9C%89%E9%99%90%E4%BC%9A%E7%A4%BE%E6%96%B0%E7%94%9F%E3%82%B1%E3%82%A2%E3%83%BB%E3%82%B5%E3%83%BC%E3%83%93%E3%82%B9%E8%A8%AA%E5%95%8F%E7%9C%8B%E8%AD%B7%E3%82%B9%E3%83%86%E3%83%BC%E3%82%B7%E3%83%A7%E3%83%B3%20%E7%B1%B3%E5%AD%90%E5%B8%82
訪問看護ステーション　ハートケア,訪問看護,鳥取県,米子市,"介護,訪問看護,医療",看護師などが自宅へ訪問し、健康状態の確認や医療的ケア、療養生活の支援を行います。,http://www.careservice-yonago.ecnet.jp,鳥取県米子市角盤町３丁目１２４－３,0859-21-8151,厚生労働省オープンデータ,https://www.mhlw.go.jp/content/12300000/jigyosho_130.csv,2025-12末,https://www.google.com/search?q=%E8%A8%AA%E5%95%8F%E7%9C%8B%E8%AD%B7%E3%82%B9%E3%83%86%E3%83%BC%E3%82%B7%E3%83%A7%E3%83%B3%E3%80%80%E3%83%8F%E3%83%BC%E3%83%88%E3%82%B1%E3%82%A2%20%E7%B1%B3%E5%AD%90%E5%B8%82
まごころ訪問看護ステ－ション,訪問看護,鳥取県,米子市,"介護,訪問看護,医療",看護師などが自宅へ訪問し、健康状態の確認や医療的ケア、療養生活の支援を行います。,http://www.yuyu-yonago.co.jp/kaisya/homon/station.html,鳥取県米子市皆生新田１丁目７-４１,0859-22-8262,厚生労働省オープンデータ,https://www.mhlw.go.jp/content/12300000/jigyosho_130.csv,2025-12末,https://www.google.com/search?q=%E3%81%BE%E3%81%94%E3%81%93%E3%82%8D%E8%A8%AA%E5%95%8F%E7%9C%8B%E8%AD%B7%E3%82%B9%E3%83%86%EF%BC%8D%E3%82%B7%E3%83%A7%E3%83%B3%20%E7%B1%B3%E5%AD%90%E5%B8%82
訪問看護リハビリステーション　ラビット,訪問看護,鳥取県,米子市,"介護,訪問看護,医療",看護師などが自宅へ訪問し、健康状態の確認や医療的ケア、療養生活の支援を行います。,https//www.loh.co.jp,鳥取県米子市熊党181-2,0859-21-8552,厚生労働省オープンデータ,https://www.mhlw.go.jp/content/12300000/jigyosho_130.csv,2025-12末,https://www.google.com/search?q=%E8%A8%AA%E5%95%8F%E7%9C%8B%E8%AD%B7%E3%83%AA%E3%83%8F%E3%83%93%E3%83%AA%E3%82%B9%E3%83%86%E3%83%BC%E3%82%B7%E3%83%A7%E3%83%B3%E3%80%80%E3%83%A9%E3%83%93%E3%83%83%E3%83%88%20%E7%B1%B3%E5%AD%90%E5%B8%82
訪問看護ステーション仁風荘,訪問看護,鳥取県,米子市,"介護,訪問看護,医療",看護師などが自宅へ訪問し、健康状態の確認や医療的ケア、療養生活の支援を行います。,http://www.yowakai.com,鳥取県米子市彦名町964-1,0859-29-5362,厚生労働省オープンデータ,https://www.mhlw.go.jp/content/12300000/jigyosho_130.csv,2025-12末,https://www.google.com/search?q=%E8%A8%AA%E5%95%8F%E7%9C%8B%E8%AD%B7%E3%82%B9%E3%83%86%E3%83%BC%E3%82%B7%E3%83%A7%E3%83%B3%E4%BB%81%E9%A2%A8%E8%8D%98%20%E7%B1%B3%E5%AD%90%E5%B8%82
訪問看護ステーションすけっと,訪問看護,鳥取県,米子市,"介護,訪問看護,医療",看護師などが自宅へ訪問し、健康状態の確認や医療的ケア、療養生活の支援を行います。,https://www.google.com/search?q=%E8%A8%AA%E5%95%8F%E7%9C%8B%E8%AD%B7%E3%82%B9%E3%83%86%E3%83%BC%E3%82%B7%E3%83%A7%E3%83%B3%E3%81%99%E3%81%91%E3%81%A3%E3%81%A8%20%E7%B1%B3%E5%AD%90%E5%B8%82,鳥取県米子市水浜21,0859-21-0814,厚生労働省オープンデータ,https://www.mhlw.go.jp/content/12300000/jigyosho_130.csv,2025-12末,https://www.google.com/search?q=%E8%A8%AA%E5%95%8F%E7%9C%8B%E8%AD%B7%E3%82%B9%E3%83%86%E3%83%BC%E3%82%B7%E3%83%A7%E3%83%B3%E3%81%99%E3%81%91%E3%81%A3%E3%81%A8%20%E7%B1%B3%E5%AD%90%E5%B8%82
訪問看護ステーション仁風荘こうやまち,訪問看護,鳥取県,米子市,"介護,訪問看護,医療",看護師などが自宅へ訪問し、健康状態の確認や医療的ケア、療養生活の支援を行います。,https://www.yowakai.com/,鳥取県米子市紺屋町104-2,0859-38-1765,厚生労働省オープンデータ,https://www.mhlw.go.jp/content/12300000/jigyosho_130.csv,2025-12末,https://www.google.com/search?q=%E8%A8%AA%E5%95%8F%E7%9C%8B%E8%AD%B7%E3%82%B9%E3%83%86%E3%83%BC%E3%82%B7%E3%83%A7%E3%83%B3%E4%BB%81%E9%A2%A8%E8%8D%98%E3%81%93%E3%81%86%E3%82%84%E3%81%BE%E3%81%A1%20%E7%B1%B3%E5%AD%90%E5%B8%82
のぐち内科クリニック,訪問看護,鳥取県,倉吉市,"介護,訪問看護,医療",看護師などが自宅へ訪問し、健康状態の確認や医療的ケア、療養生活の支援を行います。,http://www.noguchi-naika.info,鳥取県倉吉市上井町1丁目8番地5,0858-24-6122,厚生労働省オープンデータ,https://www.mhlw.go.jp/content/12300000/jigyosho_130.csv,2025-12末,https://www.google.com/search?q=%E3%81%AE%E3%81%90%E3%81%A1%E5%86%85%E7%A7%91%E3%82%AF%E3%83%AA%E3%83%8B%E3%83%83%E3%82%AF%20%E5%80%89%E5%90%89%E5%B8%82
訪問看護ステーションしみず,訪問看護,鳥取県,倉吉市,"介護,訪問看護,医療",看護師などが自宅へ訪問し、健康状態の確認や医療的ケア、療養生活の支援を行います。,https://www.google.com/search?q=%E8%A8%AA%E5%95%8F%E7%9C%8B%E8%AD%B7%E3%82%B9%E3%83%86%E3%83%BC%E3%82%B7%E3%83%A7%E3%83%B3%E3%81%97%E3%81%BF%E3%81%9A%20%E5%80%89%E5%90%89%E5%B8%82,鳥取県倉吉市宮川町129,0858-27-0818,厚生労働省オープンデータ,https://www.mhlw.go.jp/content/12300000/jigyosho_130.csv,2025-12末,https://www.google.com/search?q=%E8%A8%AA%E5%95%8F%E7%9C%8B%E8%AD%B7%E3%82%B9%E3%83%86%E3%83%BC%E3%82%B7%E3%83%A7%E3%83%B3%E3%81%97%E3%81%BF%E3%81%9A%20%E5%80%89%E5%90%89%E5%B8%82
医療法人清生会　谷口病院,訪問看護,鳥取県,倉吉市,"介護,訪問看護,医療",看護師などが自宅へ訪問し、健康状態の確認や医療的ケア、療養生活の支援を行います。,https://www.seiseikai.jp/,上井町1丁目13,0858-26-1211,厚生労働省オープンデータ,https://www.mhlw.go.jp/content/12300000/jigyosho_130.csv,2025-12末,https://www.google.com/search?q=%E5%8C%BB%E7%99%82%E6%B3%95%E4%BA%BA%E6%B8%85%E7%94%9F%E4%BC%9A%E3%80%80%E8%B0%B7%E5%8F%A3%E7%97%85%E9%99%A2%20%E5%80%89%E5%90%89%E5%B8%82
訪問看護ステーションのぐち,訪問看護,鳥取県,倉吉市,"介護,訪問看護,医療",看護師などが自宅へ訪問し、健康状態の確認や医療的ケア、療養生活の支援を行います。,www.noguchi-naika.info,鳥取県倉吉市上井町1丁目8-5,0858-24-6122,厚生労働省オープンデータ,https://www.mhlw.go.jp/content/12300000/jigyosho_130.csv,2025-12末,https://www.google.com/search?q=%E8%A8%AA%E5%95%8F%E7%9C%8B%E8%AD%B7%E3%82%B9%E3%83%86%E3%83%BC%E3%82%B7%E3%83%A7%E3%83%B3%E3%81%AE%E3%81%90%E3%81%A1%20%E5%80%89%E5%90%89%E5%B8%82
訪問看護リハビリステーションのじま,訪問看護,鳥取県,倉吉市,"介護,訪問看護,医療",看護師などが自宅へ訪問し、健康状態の確認や医療的ケア、療養生活の支援を行います。,http;//www.nojima-hospital.jp/,鳥取県倉吉市瀬崎町2714-1,0858-23-7104,厚生労働省オープンデータ,https://www.mhlw.go.jp/content/12300000/jigyosho_130.csv,2025-12末,https://www.google.com/search?q=%E8%A8%AA%E5%95%8F%E7%9C%8B%E8%AD%B7%E3%83%AA%E3%83%8F%E3%83%93%E3%83%AA%E3%82%B9%E3%83%86%E3%83%BC%E3%82%B7%E3%83%A7%E3%83%B3%E3%81%AE%E3%81%98%E3%81%BE%20%E5%80%89%E5%90%89%E5%B8%82
みつば訪問看護ステーション,訪問看護,鳥取県,倉吉市,"介護,訪問看護,医療",看護師などが自宅へ訪問し、健康状態の確認や医療的ケア、療養生活の支援を行います。,https://www.mitsuba-n.jp,鳥取県倉吉市上米積1129-1,0858-27-1284,厚生労働省オープンデータ,https://www.mhlw.go.jp/content/12300000/jigyosho_130.csv,2025-12末,https://www.google.com/search?q=%E3%81%BF%E3%81%A4%E3%81%B0%E8%A8%AA%E5%95%8F%E7%9C%8B%E8%AD%B7%E3%82%B9%E3%83%86%E3%83%BC%E3%82%B7%E3%83%A7%E3%83%B3%20%E5%80%89%E5%90%89%E5%B8%82
訪問看護リハビリステーション　　くらよし,訪問看護,鳥取県,倉吉市,"介護,訪問看護,医療",看護師などが自宅へ訪問し、健康状態の確認や医療的ケア、療養生活の支援を行います。,https://www.med-wel.jp/fujii/houmon/,鳥取県倉吉市山根43-1番地,0858-26-1904,厚生労働省オープンデータ,https://www.mhlw.go.jp/content/12300000/jigyosho_130.csv,2025-12末,https://www.google.com/search?q=%E8%A8%AA%E5%95%8F%E7%9C%8B%E8%AD%B7%E3%83%AA%E3%83%8F%E3%83%93%E3%83%AA%E3%82%B9%E3%83%86%E3%83%BC%E3%82%B7%E3%83%A7%E3%83%B3%E3%80%80%E3%80%80%E3%81%8F%E3%82%89%E3%82%88%E3%81%97%20%E5%80%89%E5%90%89%E5%B8%82
医療法人清和会　　訪問看護ステーションせいわ,訪問看護,鳥取県,倉吉市,"介護,訪問看護,医療",看護師などが自宅へ訪問し、健康状態の確認や医療的ケア、療養生活の支援を行います。,https://seiwa-med.jp/houmonkango-seiwa/,鳥取県倉吉市上井303-2,0858-26-9871,厚生労働省オープンデータ,https://www.mhlw.go.jp/content/12300000/jigyosho_130.csv,2025-12末,https://www.google.com/search?q=%E5%8C%BB%E7%99%82%E6%B3%95%E4%BA%BA%E6%B8%85%E5%92%8C%E4%BC%9A%E3%80%80%E3%80%80%E8%A8%AA%E5%95%8F%E7%9C%8B%E8%AD%B7%E3%82%B9%E3%83%86%E3%83%BC%E3%82%B7%E3%83%A7%E3%83%B3%E3%81%9B%E3%81%84%E3%82%8F%20%E5%80%89%E5%90%89%E5%B8%82
こころね訪問看護ステーション,訪問看護,鳥取県,倉吉市,"介護,訪問看護,医療",看護師などが自宅へ訪問し、健康状態の確認や医療的ケア、療養生活の支援を行います。,www.medicalcare.jp,鳥取県倉吉市伊木２１７番地,0858-24-6437,厚生労働省オープンデータ,https://www.mhlw.go.jp/content/12300000/jigyosho_130.csv,2025-12末,https://www.google.com/search?q=%E3%81%93%E3%81%93%E3%82%8D%E3%81%AD%E8%A8%AA%E5%95%8F%E7%9C%8B%E8%AD%B7%E3%82%B9%E3%83%86%E3%83%BC%E3%82%B7%E3%83%A7%E3%83%B3%20%E5%80%89%E5%90%89%E5%B8%82
訪問看護ステーションひまわり,訪問看護,鳥取県,倉吉市,"介護,訪問看護,医療",看護師などが自宅へ訪問し、健康状態の確認や医療的ケア、療養生活の支援を行います。,http://www.siseikai.com/,鳥取県倉吉市東昭和町158番地,0858-47-0012,厚生労働省オープンデータ,https://www.mhlw.go.jp/content/12300000/jigyosho_130.csv,2025-12末,https://www.google.com/search?q=%E8%A8%AA%E5%95%8F%E7%9C%8B%E8%AD%B7%E3%82%B9%E3%83%86%E3%83%BC%E3%82%B7%E3%83%A7%E3%83%B3%E3%81%B2%E3%81%BE%E3%82%8F%E3%82%8A%20%E5%80%89%E5%90%89%E5%B8%82
訪問看護ステーションさかい幸朋苑,訪問看護,鳥取県,境港市,"介護,訪問看護,医療",看護師などが自宅へ訪問し、健康状態の確認や医療的ケア、療養生活の支援を行います。,http://www.kohoen.jp,鳥取県境港市誠道町2082番地,0859-45-6781,厚生労働省オープンデータ,https://www.mhlw.go.jp/content/12300000/jigyosho_130.csv,2025-12末,https://www.google.com/search?q=%E8%A8%AA%E5%95%8F%E7%9C%8B%E8%AD%B7%E3%82%B9%E3%83%86%E3%83%BC%E3%82%B7%E3%83%A7%E3%83%B3%E3%81%95%E3%81%8B%E3%81%84%E5%B9%B8%E6%9C%8B%E8%8B%91%20%E5%A2%83%E6%B8%AF%E5%B8%82
いきいき訪問看護ステーション境港,訪問看護,鳥取県,境港市,"介護,訪問看護,医療",看護師などが自宅へ訪問し、健康状態の確認や医療的ケア、療養生活の支援を行います。,https://www.google.com/search?q=%E3%81%84%E3%81%8D%E3%81%84%E3%81%8D%E8%A8%AA%E5%95%8F%E7%9C%8B%E8%AD%B7%E3%82%B9%E3%83%86%E3%83%BC%E3%82%B7%E3%83%A7%E3%83%B3%E5%A2%83%E6%B8%AF%20%E5%A2%83%E6%B8%AF%E5%B8%82,鳥取県境港市馬場崎町312,0859-21-1465,厚生労働省オープンデータ,https://www.mhlw.go.jp/content/12300000/jigyosho_130.csv,2025-12末,https://www.google.com/search?q=%E3%81%84%E3%81%8D%E3%81%84%E3%81%8D%E8%A8%AA%E5%95%8F%E7%9C%8B%E8%AD%B7%E3%82%B9%E3%83%86%E3%83%BC%E3%82%B7%E3%83%A7%E3%83%B3%E5%A2%83%E6%B8%AF%20%E5%A2%83%E6%B8%AF%E5%B8%82
鳥取県済生会訪問看護ステーション白鴎,訪問看護,鳥取県,境港市,"介護,訪問看護,医療",看護師などが自宅へ訪問し、健康状態の確認や医療的ケア、療養生活の支援を行います。,http://www.sakaiminato-saiseikai.jp,鳥取県境港市米川町44,0859-42-3163,厚生労働省オープンデータ,https://www.mhlw.go.jp/content/12300000/jigyosho_130.csv,2025-12末,https://www.google.com/search?q=%E9%B3%A5%E5%8F%96%E7%9C%8C%E6%B8%88%E7%94%9F%E4%BC%9A%E8%A8%AA%E5%95%8F%E7%9C%8B%E8%AD%B7%E3%82%B9%E3%83%86%E3%83%BC%E3%82%B7%E3%83%A7%E3%83%B3%E7%99%BD%E9%B4%8E%20%E5%A2%83%E6%B8%AF%E5%B8%82
こころね訪問看護ステーション浜ノ町62-1,訪問看護,鳥取県,境港市,"介護,訪問看護,医療",看護師などが自宅へ訪問し、健康状態の確認や医療的ケア、療養生活の支援を行います。,https://www.google.com/search?q=%E3%81%93%E3%81%93%E3%82%8D%E3%81%AD%E8%A8%AA%E5%95%8F%E7%9C%8B%E8%AD%B7%E3%82%B9%E3%83%86%E3%83%BC%E3%82%B7%E3%83%A7%E3%83%B3%E6%B5%9C%E3%83%8E%E7%94%BA62-1%20%E5%A2%83%E6%B8%AF%E5%B8%82,鳥取県境港市浜ノ町62-1シニアステージ浜ノ町内に併設,0859-46-0752,厚生労働省オープンデータ,https://www.mhlw.go.jp/content/12300000/jigyosho_130.csv,2025-12末,https://www.google.com/search?q=%E3%81%93%E3%81%93%E3%82%8D%E3%81%AD%E8%A8%AA%E5%95%8F%E7%9C%8B%E8%AD%B7%E3%82%B9%E3%83%86%E3%83%BC%E3%82%B7%E3%83%A7%E3%83%B3%E6%B5%9C%E3%83%8E%E7%94%BA62-1%20%E5%A2%83%E6%B8%AF%E5%B8%82
こころね訪問看護ステーション中野町,訪問看護,鳥取県,境港市,"介護,訪問看護,医療",看護師などが自宅へ訪問し、健康状態の確認や医療的ケア、療養生活の支援を行います。,https://www.google.com/search?q=%E3%81%93%E3%81%93%E3%82%8D%E3%81%AD%E8%A8%AA%E5%95%8F%E7%9C%8B%E8%AD%B7%E3%82%B9%E3%83%86%E3%83%BC%E3%82%B7%E3%83%A7%E3%83%B3%E4%B8%AD%E9%87%8E%E7%94%BA%20%E5%A2%83%E6%B8%AF%E5%B8%82,鳥取県境港市中野町5285-1,0859-46-0263,厚生労働省オープンデータ,https://www.mhlw.go.jp/content/12300000/jigyosho_130.csv,2025-12末,https://www.google.com/search?q=%E3%81%93%E3%81%93%E3%82%8D%E3%81%AD%E8%A8%AA%E5%95%8F%E7%9C%8B%E8%AD%B7%E3%82%B9%E3%83%86%E3%83%BC%E3%82%B7%E3%83%A7%E3%83%B3%E4%B8%AD%E9%87%8E%E7%94%BA%20%E5%A2%83%E6%B8%AF%E5%B8%82
岩美町訪問看護ステーション,訪問看護,鳥取県,岩美町,"介護,訪問看護,医療",看護師などが自宅へ訪問し、健康状態の確認や医療的ケア、療養生活の支援を行います。,http://www.iwami-hp.jp,鳥取県岩美郡岩美町大字浦富1029番地2,0857-37-5105,厚生労働省オープンデータ,https://www.mhlw.go.jp/content/12300000/jigyosho_130.csv,2025-12末,https://www.google.com/search?q=%E5%B2%A9%E7%BE%8E%E7%94%BA%E8%A8%AA%E5%95%8F%E7%9C%8B%E8%AD%B7%E3%82%B9%E3%83%86%E3%83%BC%E3%82%B7%E3%83%A7%E3%83%B3%20%E5%B2%A9%E7%BE%8E%E7%94%BA
智頭病院訪問看護ステーション,訪問看護,鳥取県,智頭町,"介護,訪問看護,医療",看護師などが自宅へ訪問し、健康状態の確認や医療的ケア、療養生活の支援を行います。,https://www2.town.chizu.tottori.jp,鳥取県八頭郡智頭町大字智頭1875番地,0858-75-3881,厚生労働省オープンデータ,https://www.mhlw.go.jp/content/12300000/jigyosho_130.csv,2025-12末,https://www.google.com/search?q=%E6%99%BA%E9%A0%AD%E7%97%85%E9%99%A2%E8%A8%AA%E5%95%8F%E7%9C%8B%E8%AD%B7%E3%82%B9%E3%83%86%E3%83%BC%E3%82%B7%E3%83%A7%E3%83%B3%20%E6%99%BA%E9%A0%AD%E7%94%BA
訪問看護リハビリステーション三朝温泉病院,訪問看護,鳥取県,三朝町,"介護,訪問看護,医療",看護師などが自宅へ訪問し、健康状態の確認や医療的ケア、療養生活の支援を行います。,http://www.hosp.misasa.tottori.jp/section/houmonkango/index.html,鳥取県東伯郡三朝町山田690三朝温泉病院内,0858-43-5288,厚生労働省オープンデータ,https://www.mhlw.go.jp/content/12300000/jigyosho_130.csv,2025-12末,https://www.google.com/search?q=%E8%A8%AA%E5%95%8F%E7%9C%8B%E8%AD%B7%E3%83%AA%E3%83%8F%E3%83%93%E3%83%AA%E3%82%B9%E3%83%86%E3%83%BC%E3%82%B7%E3%83%A7%E3%83%B3%E4%B8%89%E6%9C%9D%E6%B8%A9%E6%B3%89%E7%97%85%E9%99%A2%20%E4%B8%89%E6%9C%9D%E7%94%BA
訪問看護ステーションゆりはま,訪問看護,鳥取県,湯梨浜町,"介護,訪問看護,医療",看護師などが自宅へ訪問し、健康状態の確認や医療的ケア、療養生活の支援を行います。,https://www.lifecare-y.jp,鳥取県東伯郡湯梨浜町田後224-１,0858-35-5202,厚生労働省オープンデータ,https://www.mhlw.go.jp/content/12300000/jigyosho_130.csv,2025-12末,https://www.google.com/search?q=%E8%A8%AA%E5%95%8F%E7%9C%8B%E8%AD%B7%E3%82%B9%E3%83%86%E3%83%BC%E3%82%B7%E3%83%A7%E3%83%B3%E3%82%86%E3%82%8A%E3%81%AF%E3%81%BE%20%E6%B9%AF%E6%A2%A8%E6%B5%9C%E7%94%BA
訪問看護ステーション大栄,訪問看護,鳥取県,北栄町,"介護,訪問看護,医療",看護師などが自宅へ訪問し、健康状態の確認や医療的ケア、療養生活の支援を行います。,http://seiikai.hp.gogo.jp,鳥取県東伯郡北栄町瀬戸38-5,0858-37-5335,厚生労働省オープンデータ,https://www.mhlw.go.jp/content/12300000/jigyosho_130.csv,2025-12末,https://www.google.com/search?q=%E8%A8%AA%E5%95%8F%E7%9C%8B%E8%AD%B7%E3%82%B9%E3%83%86%E3%83%BC%E3%82%B7%E3%83%A7%E3%83%B3%E5%A4%A7%E6%A0%84%20%E5%8C%97%E6%A0%84%E7%94%BA
はまなす訪問看護ステーション,訪問看護,鳥取県,大山町,"介護,訪問看護,医療",看護師などが自宅へ訪問し、健康状態の確認や医療的ケア、療養生活の支援を行います。,https://sasakicl-hamanasu.jp/,鳥取県西伯郡大山町田中1383,0858-58-6161,厚生労働省オープンデータ,https://www.mhlw.go.jp/content/12300000/jigyosho_130.csv,2025-12末,https://www.google.com/search?q=%E3%81%AF%E3%81%BE%E3%81%AA%E3%81%99%E8%A8%AA%E5%95%8F%E7%9C%8B%E8%AD%B7%E3%82%B9%E3%83%86%E3%83%BC%E3%82%B7%E3%83%A7%E3%83%B3%20%E5%A4%A7%E5%B1%B1%E7%94%BA
南部町訪問看護ステーション,訪問看護,鳥取県,南部町,"介護,訪問看護,医療",看護師などが自宅へ訪問し、健康状態の確認や医療的ケア、療養生活の支援を行います。,http://www.saihaku-hospital.com,鳥取県西伯郡南部町倭３９７,0859-66-2211,厚生労働省オープンデータ,https://www.mhlw.go.jp/content/12300000/jigyosho_130.csv,2025-12末,https://www.google.com/search?q=%E5%8D%97%E9%83%A8%E7%94%BA%E8%A8%AA%E5%95%8F%E7%9C%8B%E8%AD%B7%E3%82%B9%E3%83%86%E3%83%BC%E3%82%B7%E3%83%A7%E3%83%B3%20%E5%8D%97%E9%83%A8%E7%94%BA
日南町国民健康保険　日南病院,訪問看護,鳥取県,日南町,"介護,訪問看護,医療",看護師などが自宅へ訪問し、健康状態の確認や医療的ケア、療養生活の支援を行います。,http://nichinan-hospital.jp/,鳥取県日野郡日南町生山５１１番地７,0859-82-1235,厚生労働省オープンデータ,https://www.mhlw.go.jp/content/12300000/jigyosho_130.csv,2025-12末,https://www.google.com/search?q=%E6%97%A5%E5%8D%97%E7%94%BA%E5%9B%BD%E6%B0%91%E5%81%A5%E5%BA%B7%E4%BF%9D%E9%99%BA%E3%80%80%E6%97%A5%E5%8D%97%E7%97%85%E9%99%A2%20%E6%97%A5%E5%8D%97%E7%94%BA
日野病院組合　訪問看護ステーション,訪問看護,鳥取県,日野町,"介護,訪問看護,医療",看護師などが自宅へ訪問し、健康状態の確認や医療的ケア、療養生活の支援を行います。,http://www.hinohp.com,鳥取県日野郡日野町野田332番地,0859-72-2706,厚生労働省オープンデータ,https://www.mhlw.go.jp/content/12300000/jigyosho_130.csv,2025-12末,https://www.google.com/search?q=%E6%97%A5%E9%87%8E%E7%97%85%E9%99%A2%E7%B5%84%E5%90%88%E3%80%80%E8%A8%AA%E5%95%8F%E7%9C%8B%E8%AD%B7%E3%82%B9%E3%83%86%E3%83%BC%E3%82%B7%E3%83%A7%E3%83%B3%20%E6%97%A5%E9%87%8E%E7%94%BA
江府町国民健康保険江尾診療所,訪問看護,鳥取県,江府町,"介護,訪問看護,医療",看護師などが自宅へ訪問し、健康状態の確認や医療的ケア、療養生活の支援を行います。,http://www.town-kofu.jp/ebiclinic/,鳥取県日野郡江府町江尾2088番地5,0859-75-2055,厚生労働省オープンデータ,https://www.mhlw.go.jp/content/12300000/jigyosho_130.csv,2025-12末,https://www.google.com/search?q=%E6%B1%9F%E5%BA%9C%E7%94%BA%E5%9B%BD%E6%B0%91%E5%81%A5%E5%BA%B7%E4%BF%9D%E9%99%BA%E6%B1%9F%E5%B0%BE%E8%A8%BA%E7%99%82%E6%89%80%20%E6%B1%9F%E5%BA%9C%E7%94%BA
鳥取市立病院,訪問リハビリ,鳥取県,鳥取市,"介護,訪問リハビリ,リハビリ",訪問リハビリの公式オープンデータから取り込んだ候補です。詳細は公式情報・電話・見学で確認してください。,http://hospital.tottori.tottori.jp/,鳥取市的場1-1,0857-37-1522,厚生労働省オープンデータ,https://www.mhlw.go.jp/content/12300000/jigyosho_140.csv,2025-12末,https://www.google.com/search?q=%E9%B3%A5%E5%8F%96%E5%B8%82%E7%AB%8B%E7%97%85%E9%99%A2%20%E9%B3%A5%E5%8F%96%E5%B8%82
鳥取市佐治町国民健康保険診療所（医科）,訪問リハビリ,鳥取県,鳥取市,"介護,訪問リハビリ,リハビリ",訪問リハビリの公式オープンデータから取り込んだ候補です。詳細は公式情報・電話・見学で確認してください。,http://www.city.tottori.lg.jp,鳥取県鳥取市佐治町加瀬木2171－2,0858－88－0127,厚生労働省オープンデータ,https://www.mhlw.go.jp/content/12300000/jigyosho_140.csv,2025-12末,https://www.google.com/search?q=%E9%B3%A5%E5%8F%96%E5%B8%82%E4%BD%90%E6%B2%BB%E7%94%BA%E5%9B%BD%E6%B0%91%E5%81%A5%E5%BA%B7%E4%BF%9D%E9%99%BA%E8%A8%BA%E7%99%82%E6%89%80%EF%BC%88%E5%8C%BB%E7%A7%91%EF%BC%89%20%E9%B3%A5%E5%8F%96%E5%B8%82
介護老人保健施設ウェルケアいなば　訪問リハビリテーション,訪問リハビリ,鳥取県,鳥取市,"介護,訪問リハビリ,リハビリ",訪問リハビリの公式オープンデータから取り込んだ候補です。詳細は公式情報・電話・見学で確認してください。,http://www.tokuwakai.jp,鳥取県鳥取市河原町稲常463番地介護老人保健施設ウェルケアいなば,0858-85-1681,厚生労働省オープンデータ,https://www.mhlw.go.jp/content/12300000/jigyosho_140.csv,2025-12末,https://www.google.com/search?q=%E4%BB%8B%E8%AD%B7%E8%80%81%E4%BA%BA%E4%BF%9D%E5%81%A5%E6%96%BD%E8%A8%AD%E3%82%A6%E3%82%A7%E3%83%AB%E3%82%B1%E3%82%A2%E3%81%84%E3%81%AA%E3%81%B0%E3%80%80%E8%A8%AA%E5%95%8F%E3%83%AA%E3%83%8F%E3%83%93%E3%83%AA%E3%83%86%E3%83%BC%E3%82%B7%E3%83%A7%E3%83%B3%20%E9%B3%A5%E5%8F%96%E5%B8%82
医療法人社団　野の花診療所,訪問リハビリ,鳥取県,鳥取市,"介護,訪問リハビリ,リハビリ",訪問リハビリの公式オープンデータから取り込んだ候補です。詳細は公式情報・電話・見学で確認してください。,http://nonohana.no.coocan.jp,鳥取市行徳３丁目４３１番地,０８５７－３６－００８７,厚生労働省オープンデータ,https://www.mhlw.go.jp/content/12300000/jigyosho_140.csv,2025-12末,https://www.google.com/search?q=%E5%8C%BB%E7%99%82%E6%B3%95%E4%BA%BA%E7%A4%BE%E5%9B%A3%E3%80%80%E9%87%8E%E3%81%AE%E8%8A%B1%E8%A8%BA%E7%99%82%E6%89%80%20%E9%B3%A5%E5%8F%96%E5%B8%82
ウェルフェア北園渡辺病院,訪問リハビリ,鳥取県,鳥取市,"介護,訪問リハビリ,リハビリ",訪問リハビリの公式オープンデータから取り込んだ候補です。詳細は公式情報・電話・見学で確認してください。,http//mmwc.co.jp/,鳥取県鳥取市覚寺181,0857-27-1151,厚生労働省オープンデータ,https://www.mhlw.go.jp/content/12300000/jigyosho_140.csv,2025-12末,https://www.google.com/search?q=%E3%82%A6%E3%82%A7%E3%83%AB%E3%83%95%E3%82%A7%E3%82%A2%E5%8C%97%E5%9C%92%E6%B8%A1%E8%BE%BA%E7%97%85%E9%99%A2%20%E9%B3%A5%E5%8F%96%E5%B8%82
老人保健施設はまゆう　訪問リハビリテーション,訪問リハビリ,鳥取県,鳥取市,"介護,訪問リハビリ,リハビリ",訪問リハビリの公式オープンデータから取り込んだ候補です。詳細は公式情報・電話・見学で確認してください。,http://www.hamayu.or.jp/,鳥取県鳥取市野寺６２番地１,0857-51-7802,厚生労働省オープンデータ,https://www.mhlw.go.jp/content/12300000/jigyosho_140.csv,2025-12末,https://www.google.com/search?q=%E8%80%81%E4%BA%BA%E4%BF%9D%E5%81%A5%E6%96%BD%E8%A8%AD%E3%81%AF%E3%81%BE%E3%82%86%E3%81%86%E3%80%80%E8%A8%AA%E5%95%8F%E3%83%AA%E3%83%8F%E3%83%93%E3%83%AA%E3%83%86%E3%83%BC%E3%82%B7%E3%83%A7%E3%83%B3%20%E9%B3%A5%E5%8F%96%E5%B8%82
訪問リハビリテーション事業所　にしまち幸朋苑,訪問リハビリ,鳥取県,鳥取市,"介護,訪問リハビリ,リハビリ",訪問リハビリの公式オープンデータから取り込んだ候補です。詳細は公式情報・電話・見学で確認してください。,http://www.kohoen.jp,鳥取県鳥取市西町5-108,0857-25-6517,厚生労働省オープンデータ,https://www.mhlw.go.jp/content/12300000/jigyosho_140.csv,2025-12末,https://www.google.com/search?q=%E8%A8%AA%E5%95%8F%E3%83%AA%E3%83%8F%E3%83%93%E3%83%AA%E3%83%86%E3%83%BC%E3%82%B7%E3%83%A7%E3%83%B3%E4%BA%8B%E6%A5%AD%E6%89%80%E3%80%80%E3%81%AB%E3%81%97%E3%81%BE%E3%81%A1%E5%B9%B8%E6%9C%8B%E8%8B%91%20%E9%B3%A5%E5%8F%96%E5%B8%82
さとに訪問リハビリテーション,訪問リハビリ,鳥取県,鳥取市,"介護,訪問リハビリ,リハビリ",訪問リハビリの公式オープンデータから取り込んだ候補です。詳細は公式情報・電話・見学で確認してください。,http://www.satoni-denen-clinic.jp/contact/,鳥取県鳥取市里仁54番地2,0857-54-1871,厚生労働省オープンデータ,https://www.mhlw.go.jp/content/12300000/jigyosho_140.csv,2025-12末,https://www.google.com/search?q=%E3%81%95%E3%81%A8%E3%81%AB%E8%A8%AA%E5%95%8F%E3%83%AA%E3%83%8F%E3%83%93%E3%83%AA%E3%83%86%E3%83%BC%E3%82%B7%E3%83%A7%E3%83%B3%20%E9%B3%A5%E5%8F%96%E5%B8%82
訪問リハビリテーションこくふ,訪問リハビリ,鳥取県,鳥取市,"介護,訪問リハビリ,リハビリ",訪問リハビリの公式オープンデータから取り込んだ候補です。詳細は公式情報・電話・見学で確認してください。,http://www.ckokufu.smz-hp.net/rehabilitation_info.html#houmon_reha,鳥取県鳥取市国府町新通り2丁目202,0857-50-1209,厚生労働省オープンデータ,https://www.mhlw.go.jp/content/12300000/jigyosho_140.csv,2025-12末,https://www.google.com/search?q=%E8%A8%AA%E5%95%8F%E3%83%AA%E3%83%8F%E3%83%93%E3%83%AA%E3%83%86%E3%83%BC%E3%82%B7%E3%83%A7%E3%83%B3%E3%81%93%E3%81%8F%E3%81%B5%20%E9%B3%A5%E5%8F%96%E5%B8%82
訪問リハビリテーション陽まり,訪問リハビリ,鳥取県,鳥取市,"介護,訪問リハビリ,リハビリ",訪問リハビリの公式オープンデータから取り込んだ候補です。詳細は公式情報・電話・見学で確認してください。,https://satoni-himari.jp/,鳥取県鳥取市南吉方3丁目522番地,070-2355-7927,厚生労働省オープンデータ,https://www.mhlw.go.jp/content/12300000/jigyosho_140.csv,2025-12末,https://www.google.com/search?q=%E8%A8%AA%E5%95%8F%E3%83%AA%E3%83%8F%E3%83%93%E3%83%AA%E3%83%86%E3%83%BC%E3%82%B7%E3%83%A7%E3%83%B3%E9%99%BD%E3%81%BE%E3%82%8A%20%E9%B3%A5%E5%8F%96%E5%B8%82
訪問リハビリテーションおざき,訪問リハビリ,鳥取県,鳥取市,"介護,訪問リハビリ,リハビリ",訪問リハビリの公式オープンデータから取り込んだ候補です。詳細は公式情報・電話・見学で確認してください。,http://www.ozakihp.or.jp/,鳥取県鳥取市湖山町北2丁目555番地,0857-30-6036,厚生労働省オープンデータ,https://www.mhlw.go.jp/content/12300000/jigyosho_140.csv,2025-12末,https://www.google.com/search?q=%E8%A8%AA%E5%95%8F%E3%83%AA%E3%83%8F%E3%83%93%E3%83%AA%E3%83%86%E3%83%BC%E3%82%B7%E3%83%A7%E3%83%B3%E3%81%8A%E3%81%96%E3%81%8D%20%E9%B3%A5%E5%8F%96%E5%B8%82
訪問リハビリテーション　ル・サンテリオン鹿野,訪問リハビリ,鳥取県,鳥取市,"介護,訪問リハビリ,リハビリ",訪問リハビリの公式オープンデータから取り込んだ候補です。詳細は公式情報・電話・見学で確認してください。,http://www.med-wel.jp/shikano,鳥取県鳥取市鹿野町今市80,0857-84-3700,厚生労働省オープンデータ,https://www.mhlw.go.jp/content/12300000/jigyosho_140.csv,2025-12末,https://www.google.com/search?q=%E8%A8%AA%E5%95%8F%E3%83%AA%E3%83%8F%E3%83%93%E3%83%AA%E3%83%86%E3%83%BC%E3%82%B7%E3%83%A7%E3%83%B3%E3%80%80%E3%83%AB%E3%83%BB%E3%82%B5%E3%83%B3%E3%83%86%E3%83%AA%E3%82%AA%E3%83%B3%E9%B9%BF%E9%87%8E%20%E9%B3%A5%E5%8F%96%E5%B8%82
鳥取医療生協　鹿野温泉病院　訪問リハビリテーション,訪問リハビリ,鳥取県,鳥取市,"介護,訪問リハビリ,リハビリ",訪問リハビリの公式オープンデータから取り込んだ候補です。詳細は公式情報・電話・見学で確認してください。,https://shikano.mcoop-tottori.jp/,鳥取県鳥取市鹿野町今市242,0857-84-2311,厚生労働省オープンデータ,https://www.mhlw.go.jp/content/12300000/jigyosho_140.csv,2025-12末,https://www.google.com/search?q=%E9%B3%A5%E5%8F%96%E5%8C%BB%E7%99%82%E7%94%9F%E5%8D%94%E3%80%80%E9%B9%BF%E9%87%8E%E6%B8%A9%E6%B3%89%E7%97%85%E9%99%A2%E3%80%80%E8%A8%AA%E5%95%8F%E3%83%AA%E3%83%8F%E3%83%93%E3%83%AA%E3%83%86%E3%83%BC%E3%82%B7%E3%83%A7%E3%83%B3%20%E9%B3%A5%E5%8F%96%E5%B8%82
さくま内科・脳神経内科クリニック,訪問リハビリ,鳥取県,米子市,"介護,訪問リハビリ,リハビリ",訪問リハビリの公式オープンデータから取り込んだ候補です。詳細は公式情報・電話・見学で確認してください。,sakumaclinic.net,鳥取県米子市長砂町59-1,0859-30-2000,厚生労働省オープンデータ,https://www.mhlw.go.jp/content/12300000/jigyosho_140.csv,2025-12末,https://www.google.com/search?q=%E3%81%95%E3%81%8F%E3%81%BE%E5%86%85%E7%A7%91%E3%83%BB%E8%84%B3%E7%A5%9E%E7%B5%8C%E5%86%85%E7%A7%91%E3%82%AF%E3%83%AA%E3%83%8B%E3%83%83%E3%82%AF%20%E7%B1%B3%E5%AD%90%E5%B8%82
訪問リハビリテーション　ゆうとぴあ,訪問リハビリ,鳥取県,米子市,"介護,訪問リハビリ,リハビリ",訪問リハビリの公式オープンデータから取り込んだ候補です。詳細は公式情報・電話・見学で確認してください。,http://www.hospitown.or.jp/,鳥取県米子市河崎581-3,0859-30-3939,厚生労働省オープンデータ,https://www.mhlw.go.jp/content/12300000/jigyosho_140.csv,2025-12末,https://www.google.com/search?q=%E8%A8%AA%E5%95%8F%E3%83%AA%E3%83%8F%E3%83%93%E3%83%AA%E3%83%86%E3%83%BC%E3%82%B7%E3%83%A7%E3%83%B3%E3%80%80%E3%82%86%E3%81%86%E3%81%A8%E3%81%B4%E3%81%82%20%E7%B1%B3%E5%AD%90%E5%B8%82
訪問リハビリテーション　弓浜ゆうとぴあ,訪問リハビリ,鳥取県,米子市,"介護,訪問リハビリ,リハビリ",訪問リハビリの公式オープンデータから取り込んだ候補です。詳細は公式情報・電話・見学で確認してください。,http://www.hospitown.or.jp/,鳥取県米子市大崎1511-1,0859-48-2334,厚生労働省オープンデータ,https://www.mhlw.go.jp/content/12300000/jigyosho_140.csv,2025-12末,https://www.google.com/search?q=%E8%A8%AA%E5%95%8F%E3%83%AA%E3%83%8F%E3%83%93%E3%83%AA%E3%83%86%E3%83%BC%E3%82%B7%E3%83%A7%E3%83%B3%E3%80%80%E5%BC%93%E6%B5%9C%E3%82%86%E3%81%86%E3%81%A8%E3%81%B4%E3%81%82%20%E7%B1%B3%E5%AD%90%E5%B8%82
訪問リハビリテーション弓浜ゆうとぴあ,訪問リハビリ,鳥取県,米子市,"介護,訪問リハビリ,リハビリ",訪問リハビリの公式オープンデータから取り込んだ候補です。詳細は公式情報・電話・見学で確認してください。,http://www.hospitown.or.jp,鳥取県米子市大崎1511-1,0859-48-2334,厚生労働省オープンデータ,https://www.mhlw.go.jp/content/12300000/jigyosho_140.csv,2025-12末,https://www.google.com/search?q=%E8%A8%AA%E5%95%8F%E3%83%AA%E3%83%8F%E3%83%93%E3%83%AA%E3%83%86%E3%83%BC%E3%82%B7%E3%83%A7%E3%83%B3%E5%BC%93%E6%B5%9C%E3%82%86%E3%81%86%E3%81%A8%E3%81%B4%E3%81%82%20%E7%B1%B3%E5%AD%90%E5%B8%82
ユニット型介護老人保健施設仁風荘,訪問リハビリ,鳥取県,米子市,"介護,訪問リハビリ,リハビリ",訪問リハビリの公式オープンデータから取り込んだ候補です。詳細は公式情報・電話・見学で確認してください。,http://www.yowakai.com/,鳥取県米子市上後藤3-5-1,0859-24-0007,厚生労働省オープンデータ,https://www.mhlw.go.jp/content/12300000/jigyosho_140.csv,2025-12末,https://www.google.com/search?q=%E3%83%A6%E3%83%8B%E3%83%83%E3%83%88%E5%9E%8B%E4%BB%8B%E8%AD%B7%E8%80%81%E4%BA%BA%E4%BF%9D%E5%81%A5%E6%96%BD%E8%A8%AD%E4%BB%81%E9%A2%A8%E8%8D%98%20%E7%B1%B3%E5%AD%90%E5%B8%82
医療法人明勝会　住吉内科眼科クリニック,訪問リハビリ,鳥取県,米子市,"介護,訪問リハビリ,リハビリ",訪問リハビリの公式オープンデータから取り込んだ候補です。詳細は公式情報・電話・見学で確認してください。,https://www.sumiyoshi-clinic.jp/index.php,鳥取県米子市安倍２００番地１平成ビル　１階,0859-30-0215,厚生労働省オープンデータ,https://www.mhlw.go.jp/content/12300000/jigyosho_140.csv,2025-12末,https://www.google.com/search?q=%E5%8C%BB%E7%99%82%E6%B3%95%E4%BA%BA%E6%98%8E%E5%8B%9D%E4%BC%9A%E3%80%80%E4%BD%8F%E5%90%89%E5%86%85%E7%A7%91%E7%9C%BC%E7%A7%91%E3%82%AF%E3%83%AA%E3%83%8B%E3%83%83%E3%82%AF%20%E7%B1%B3%E5%AD%90%E5%B8%82
訪問リハビリテーション博愛,訪問リハビリ,鳥取県,米子市,"介護,訪問リハビリ,リハビリ",訪問リハビリの公式オープンデータから取り込んだ候補です。詳細は公式情報・電話・見学で確認してください。,https://www.hakuai.doaikai.jp/,鳥取県米子市両三柳1880,0859-29-1136,厚生労働省オープンデータ,https://www.mhlw.go.jp/content/12300000/jigyosho_140.csv,2025-12末,https://www.google.com/search?q=%E8%A8%AA%E5%95%8F%E3%83%AA%E3%83%8F%E3%83%93%E3%83%AA%E3%83%86%E3%83%BC%E3%82%B7%E3%83%A7%E3%83%B3%E5%8D%9A%E6%84%9B%20%E7%B1%B3%E5%AD%90%E5%B8%82
真誠会セントラルクリニック訪問リハビリテーション,訪問リハビリ,鳥取県,米子市,"介護,訪問リハビリ,リハビリ",訪問リハビリの公式オープンデータから取り込んだ候補です。詳細は公式情報・電話・見学で確認してください。,http://www.hospitown.or.jp,鳥取県米子市河崎580ほっとケアセンター,0859-30-3110,厚生労働省オープンデータ,https://www.mhlw.go.jp/content/12300000/jigyosho_140.csv,2025-12末,https://www.google.com/search?q=%E7%9C%9F%E8%AA%A0%E4%BC%9A%E3%82%BB%E3%83%B3%E3%83%88%E3%83%A9%E3%83%AB%E3%82%AF%E3%83%AA%E3%83%8B%E3%83%83%E3%82%AF%E8%A8%AA%E5%95%8F%E3%83%AA%E3%83%8F%E3%83%93%E3%83%AA%E3%83%86%E3%83%BC%E3%82%B7%E3%83%A7%E3%83%B3%20%E7%B1%B3%E5%AD%90%E5%B8%82
錦海リハビリテーション病院,訪問リハビリ,鳥取県,米子市,"介護,訪問リハビリ,リハビリ",訪問リハビリの公式オープンデータから取り込んだ候補です。詳細は公式情報・電話・見学で確認してください。,http://www.kinkai-rehab.jp/,鳥取県米子市錦海町３丁目４番５号,0859-34-2300,厚生労働省オープンデータ,https://www.mhlw.go.jp/content/12300000/jigyosho_140.csv,2025-12末,https://www.google.com/search?q=%E9%8C%A6%E6%B5%B7%E3%83%AA%E3%83%8F%E3%83%93%E3%83%AA%E3%83%86%E3%83%BC%E3%82%B7%E3%83%A7%E3%83%B3%E7%97%85%E9%99%A2%20%E7%B1%B3%E5%AD%90%E5%B8%82
訪問リハビリテーション米子東,訪問リハビリ,鳥取県,米子市,"介護,訪問リハビリ,リハビリ",訪問リハビリの公式オープンデータから取り込んだ候補です。詳細は公式情報・電話・見学で確認してください。,https://www.med-wel.jp/yonagohi/home-service/visit-reha/,鳥取県米子市淀江町佐陀2169,0859-56-5312,厚生労働省オープンデータ,https://www.mhlw.go.jp/content/12300000/jigyosho_140.csv,2025-12末,https://www.google.com/search?q=%E8%A8%AA%E5%95%8F%E3%83%AA%E3%83%8F%E3%83%93%E3%83%AA%E3%83%86%E3%83%BC%E3%82%B7%E3%83%A7%E3%83%B3%E7%B1%B3%E5%AD%90%E6%9D%B1%20%E7%B1%B3%E5%AD%90%E5%B8%82
訪問リハビリテーション事業所　なんぶ幸朋苑,訪問リハビリ,鳥取県,米子市,"介護,訪問リハビリ,リハビリ",訪問リハビリの公式オープンデータから取り込んだ候補です。詳細は公式情報・電話・見学で確認してください。,https://www.kohoen.jp/,鳥取県米子市石井1238番地,0859-26-5566,厚生労働省オープンデータ,https://www.mhlw.go.jp/content/12300000/jigyosho_140.csv,2025-12末,https://www.google.com/search?q=%E8%A8%AA%E5%95%8F%E3%83%AA%E3%83%8F%E3%83%93%E3%83%AA%E3%83%86%E3%83%BC%E3%82%B7%E3%83%A7%E3%83%B3%E4%BA%8B%E6%A5%AD%E6%89%80%E3%80%80%E3%81%AA%E3%82%93%E3%81%B6%E5%B9%B8%E6%9C%8B%E8%8B%91%20%E7%B1%B3%E5%AD%90%E5%B8%82
COOP訪問リハビリテーションピース,訪問リハビリ,鳥取県,米子市,"介護,訪問リハビリ,リハビリ",訪問リハビリの公式オープンデータから取り込んだ候補です。詳細は公式情報・電話・見学で確認してください。,https://www.ymc-net.or.jp/facility/homevisit-rehabilitation-peace/,鳥取県米子市尾高2740-1,0859-21-9090(,厚生労働省オープンデータ,https://www.mhlw.go.jp/content/12300000/jigyosho_140.csv,2025-12末,https://www.google.com/search?q=COOP%E8%A8%AA%E5%95%8F%E3%83%AA%E3%83%8F%E3%83%93%E3%83%AA%E3%83%86%E3%83%BC%E3%82%B7%E3%83%A7%E3%83%B3%E3%83%94%E3%83%BC%E3%82%B9%20%E7%B1%B3%E5%AD%90%E5%B8%82
訪問リハビリテーション　ル・サンテリオン,訪問リハビリ,鳥取県,倉吉市,"介護,訪問リハビリ,リハビリ",訪問リハビリの公式オープンデータから取り込んだ候補です。詳細は公式情報・電話・見学で確認してください。,https://www.med-wel.jp/,鳥取県倉吉市山根５５-２３３,0858-26-3051,厚生労働省オープンデータ,https://www.mhlw.go.jp/content/12300000/jigyosho_140.csv,2025-12末,https://www.google.com/search?q=%E8%A8%AA%E5%95%8F%E3%83%AA%E3%83%8F%E3%83%93%E3%83%AA%E3%83%86%E3%83%BC%E3%82%B7%E3%83%A7%E3%83%B3%E3%80%80%E3%83%AB%E3%83%BB%E3%82%B5%E3%83%B3%E3%83%86%E3%83%AA%E3%82%AA%E3%83%B3%20%E5%80%89%E5%90%89%E5%B8%82
老健のじま訪問リハビリセンター,訪問リハビリ,鳥取県,倉吉市,"介護,訪問リハビリ,リハビリ",訪問リハビリの公式オープンデータから取り込んだ候補です。詳細は公式情報・電話・見学で確認してください。,http://nojima-hospital.jp/,瀬崎町2714-1,0858-23-7100,厚生労働省オープンデータ,https://www.mhlw.go.jp/content/12300000/jigyosho_140.csv,2025-12末,https://www.google.com/search?q=%E8%80%81%E5%81%A5%E3%81%AE%E3%81%98%E3%81%BE%E8%A8%AA%E5%95%8F%E3%83%AA%E3%83%8F%E3%83%93%E3%83%AA%E3%82%BB%E3%83%B3%E3%82%BF%E3%83%BC%20%E5%80%89%E5%90%89%E5%B8%82
訪問リハビリテーション事業所,訪問リハビリ,鳥取県,倉吉市,"介護,訪問リハビリ,リハビリ",訪問リハビリの公式オープンデータから取り込んだ候補です。詳細は公式情報・電話・見学で確認してください。,https://www.seiseikai.jp/,上井町1丁目13,0858-26-1211,厚生労働省オープンデータ,https://www.mhlw.go.jp/content/12300000/jigyosho_140.csv,2025-12末,https://www.google.com/search?q=%E8%A8%AA%E5%95%8F%E3%83%AA%E3%83%8F%E3%83%93%E3%83%AA%E3%83%86%E3%83%BC%E3%82%B7%E3%83%A7%E3%83%B3%E4%BA%8B%E6%A5%AD%E6%89%80%20%E5%80%89%E5%90%89%E5%B8%82
藤井政雄記念病院　訪問リハビリテーション,訪問リハビリ,鳥取県,倉吉市,"介護,訪問リハビリ,リハビリ",訪問リハビリの公式オープンデータから取り込んだ候補です。詳細は公式情報・電話・見学で確認してください。,https://www.google.com/search?q=%E8%97%A4%E4%BA%95%E6%94%BF%E9%9B%84%E8%A8%98%E5%BF%B5%E7%97%85%E9%99%A2%E3%80%80%E8%A8%AA%E5%95%8F%E3%83%AA%E3%83%8F%E3%83%93%E3%83%AA%E3%83%86%E3%83%BC%E3%82%B7%E3%83%A7%E3%83%B3%20%E5%80%89%E5%90%89%E5%B8%82,鳥取県倉吉市山根43－１,0858-26-2111,厚生労働省オープンデータ,https://www.mhlw.go.jp/content/12300000/jigyosho_140.csv,2025-12末,https://www.google.com/search?q=%E8%97%A4%E4%BA%95%E6%94%BF%E9%9B%84%E8%A8%98%E5%BF%B5%E7%97%85%E9%99%A2%E3%80%80%E8%A8%AA%E5%95%8F%E3%83%AA%E3%83%8F%E3%83%93%E3%83%AA%E3%83%86%E3%83%BC%E3%82%B7%E3%83%A7%E3%83%B3%20%E5%80%89%E5%90%89%E5%B8%82
訪問リハビリテーションしみず,訪問リハビリ,鳥取県,倉吉市,"介護,訪問リハビリ,リハビリ",訪問リハビリの公式オープンデータから取り込んだ候補です。詳細は公式情報・電話・見学で確認してください。,http://www.shimizuhospital.jp/,鳥取県倉吉市幸町512-1通所リハビリセンターしみず,0858-24-5358,厚生労働省オープンデータ,https://www.mhlw.go.jp/content/12300000/jigyosho_140.csv,2025-12末,https://www.google.com/search?q=%E8%A8%AA%E5%95%8F%E3%83%AA%E3%83%8F%E3%83%93%E3%83%AA%E3%83%86%E3%83%BC%E3%82%B7%E3%83%A7%E3%83%B3%E3%81%97%E3%81%BF%E3%81%9A%20%E5%80%89%E5%90%89%E5%B8%82
鳥取県済生会介護老人保健施設はまかぜ,訪問リハビリ,鳥取県,境港市,"介護,訪問リハビリ,リハビリ",訪問リハビリの公式オープンデータから取り込んだ候補です。詳細は公式情報・電話・見学で確認してください。,http://www.sakaiminato-saiseikai.jp,鳥取県境港市蓮池町78-1,0859-42-3190,厚生労働省オープンデータ,https://www.mhlw.go.jp/content/12300000/jigyosho_140.csv,2025-12末,https://www.google.com/search?q=%E9%B3%A5%E5%8F%96%E7%9C%8C%E6%B8%88%E7%94%9F%E4%BC%9A%E4%BB%8B%E8%AD%B7%E8%80%81%E4%BA%BA%E4%BF%9D%E5%81%A5%E6%96%BD%E8%A8%AD%E3%81%AF%E3%81%BE%E3%81%8B%E3%81%9C%20%E5%A2%83%E6%B8%AF%E5%B8%82
訪問リハビリテーション事業所　花の里,訪問リハビリ,鳥取県,境港市,"介護,訪問リハビリ,リハビリ",訪問リハビリの公式オープンデータから取り込んだ候補です。詳細は公式情報・電話・見学で確認してください。,http:www.motomachi-hp.jp/,鳥取県境港市上道町1959-1,0859-47-6363,厚生労働省オープンデータ,https://www.mhlw.go.jp/content/12300000/jigyosho_140.csv,2025-12末,https://www.google.com/search?q=%E8%A8%AA%E5%95%8F%E3%83%AA%E3%83%8F%E3%83%93%E3%83%AA%E3%83%86%E3%83%BC%E3%82%B7%E3%83%A7%E3%83%B3%E4%BA%8B%E6%A5%AD%E6%89%80%E3%80%80%E8%8A%B1%E3%81%AE%E9%87%8C%20%E5%A2%83%E6%B8%AF%E5%B8%82
訪問リハビリテーション事業所　さかい幸朋苑,訪問リハビリ,鳥取県,境港市,"介護,訪問リハビリ,リハビリ",訪問リハビリの公式オープンデータから取り込んだ候補です。詳細は公式情報・電話・見学で確認してください。,http://www.kohoen.jp,鳥取県境港市誠道町2083番地,0859-45-6782,厚生労働省オープンデータ,https://www.mhlw.go.jp/content/12300000/jigyosho_140.csv,2025-12末,https://www.google.com/search?q=%E8%A8%AA%E5%95%8F%E3%83%AA%E3%83%8F%E3%83%93%E3%83%AA%E3%83%86%E3%83%BC%E3%82%B7%E3%83%A7%E3%83%B3%E4%BA%8B%E6%A5%AD%E6%89%80%E3%80%80%E3%81%95%E3%81%8B%E3%81%84%E5%B9%B8%E6%9C%8B%E8%8B%91%20%E5%A2%83%E6%B8%AF%E5%B8%82
岩美町国民健康保険岩美病院,訪問リハビリ,鳥取県,岩美町,"介護,訪問リハビリ,リハビリ",訪問リハビリの公式オープンデータから取り込んだ候補です。詳細は公式情報・電話・見学で確認してください。,http://iwami-hp.jp/,鳥取県岩美郡岩美町大字浦富1029番地２,0857-73-1421,厚生労働省オープンデータ,https://www.mhlw.go.jp/content/12300000/jigyosho_140.csv,2025-12末,https://www.google.com/search?q=%E5%B2%A9%E7%BE%8E%E7%94%BA%E5%9B%BD%E6%B0%91%E5%81%A5%E5%BA%B7%E4%BF%9D%E9%99%BA%E5%B2%A9%E7%BE%8E%E7%97%85%E9%99%A2%20%E5%B2%A9%E7%BE%8E%E7%94%BA
介護老人保健施設すこやか　訪問リハビリテーション,訪問リハビリ,鳥取県,八頭町,"介護,訪問リハビリ,リハビリ",訪問リハビリの公式オープンデータから取り込んだ候補です。詳細は公式情報・電話・見学で確認してください。,http.//yazu-sukoyaka.or.jp,八頭郡八頭町宮谷123番地,0858-76-7600,厚生労働省オープンデータ,https://www.mhlw.go.jp/content/12300000/jigyosho_140.csv,2025-12末,https://www.google.com/search?q=%E4%BB%8B%E8%AD%B7%E8%80%81%E4%BA%BA%E4%BF%9D%E5%81%A5%E6%96%BD%E8%A8%AD%E3%81%99%E3%81%93%E3%82%84%E3%81%8B%E3%80%80%E8%A8%AA%E5%95%8F%E3%83%AA%E3%83%8F%E3%83%93%E3%83%AA%E3%83%86%E3%83%BC%E3%82%B7%E3%83%A7%E3%83%B3%20%E5%85%AB%E9%A0%AD%E7%94%BA
在宅リハビリセンター三朝温泉病院,訪問リハビリ,鳥取県,三朝町,"介護,訪問リハビリ,リハビリ",訪問リハビリの公式オープンデータから取り込んだ候補です。詳細は公式情報・電話・見学で確認してください。,http://www.hosp.misasa.tottori.jp/section/zaitakureha/index.html,鳥取県東伯郡三朝町山田690三朝温泉病院内,0858-24-6248,厚生労働省オープンデータ,https://www.mhlw.go.jp/content/12300000/jigyosho_140.csv,2025-12末,https://www.google.com/search?q=%E5%9C%A8%E5%AE%85%E3%83%AA%E3%83%8F%E3%83%93%E3%83%AA%E3%82%BB%E3%83%B3%E3%82%BF%E3%83%BC%E4%B8%89%E6%9C%9D%E6%B8%A9%E6%B3%89%E7%97%85%E9%99%A2%20%E4%B8%89%E6%9C%9D%E7%94%BA
訪問リハビリテーション　ル・サンテリオン東郷,訪問リハビリ,鳥取県,湯梨浜町,"介護,訪問リハビリ,リハビリ",訪問リハビリの公式オープンデータから取り込んだ候補です。詳細は公式情報・電話・見学で確認してください。,https://www.med-wel.jp/,鳥取県東伯郡湯梨浜町野花443番地1,0858-32-2570,厚生労働省オープンデータ,https://www.mhlw.go.jp/content/12300000/jigyosho_140.csv,2025-12末,https://www.google.com/search?q=%E8%A8%AA%E5%95%8F%E3%83%AA%E3%83%8F%E3%83%93%E3%83%AA%E3%83%86%E3%83%BC%E3%82%B7%E3%83%A7%E3%83%B3%E3%80%80%E3%83%AB%E3%83%BB%E3%82%B5%E3%83%B3%E3%83%86%E3%83%AA%E3%82%AA%E3%83%B3%E6%9D%B1%E9%83%B7%20%E6%B9%AF%E6%A2%A8%E6%B5%9C%E7%94%BA
森本外科・脳神経外科医院,訪問リハビリ,鳥取県,琴浦町,"介護,訪問リハビリ,リハビリ",訪問リハビリの公式オープンデータから取り込んだ候補です。詳細は公式情報・電話・見学で確認してください。,https://www.morimoto-med1977.jp,鳥取県東伯郡琴浦町大字逢束１２１０番地,0858-53-0121,厚生労働省オープンデータ,https://www.mhlw.go.jp/content/12300000/jigyosho_140.csv,2025-12末,https://www.google.com/search?q=%E6%A3%AE%E6%9C%AC%E5%A4%96%E7%A7%91%E3%83%BB%E8%84%B3%E7%A5%9E%E7%B5%8C%E5%A4%96%E7%A7%91%E5%8C%BB%E9%99%A2%20%E7%90%B4%E6%B5%A6%E7%94%BA
老人保健施設ル・サンテリオン北条　訪問リハビリテーション事業所,訪問リハビリ,鳥取県,北栄町,"介護,訪問リハビリ,リハビリ",訪問リハビリの公式オープンデータから取り込んだ候補です。詳細は公式情報・電話・見学で確認してください。,https://www.med-wel.jp/houjou/,鳥取県東伯郡北栄町土下123-1,0858-36-5220,厚生労働省オープンデータ,https://www.mhlw.go.jp/content/12300000/jigyosho_140.csv,2025-12末,https://www.google.com/search?q=%E8%80%81%E4%BA%BA%E4%BF%9D%E5%81%A5%E6%96%BD%E8%A8%AD%E3%83%AB%E3%83%BB%E3%82%B5%E3%83%B3%E3%83%86%E3%83%AA%E3%82%AA%E3%83%B3%E5%8C%97%E6%9D%A1%E3%80%80%E8%A8%AA%E5%95%8F%E3%83%AA%E3%83%8F%E3%83%93%E3%83%AA%E3%83%86%E3%83%BC%E3%82%B7%E3%83%A7%E3%83%B3%E4%BA%8B%E6%A5%AD%E6%89%80%20%E5%8C%97%E6%A0%84%E7%94%BA
介護老人保健施設小谷苑,訪問リハビリ,鳥取県,大山町,"介護,訪問リハビリ,リハビリ",訪問リハビリの公式オープンデータから取り込んだ候補です。詳細は公式情報・電話・見学で確認してください。,https://www.kodanien.com,鳥取県西伯郡大山町西坪５４５番地１介護老人保健施設小谷苑,0859-54-3388,厚生労働省オープンデータ,https://www.mhlw.go.jp/content/12300000/jigyosho_140.csv,2025-12末,https://www.google.com/search?q=%E4%BB%8B%E8%AD%B7%E8%80%81%E4%BA%BA%E4%BF%9D%E5%81%A5%E6%96%BD%E8%A8%AD%E5%B0%8F%E8%B0%B7%E8%8B%91%20%E5%A4%A7%E5%B1%B1%E7%94%BA
大山町国民健康保険大山口診療所,訪問リハビリ,鳥取県,大山町,"介護,訪問リハビリ,リハビリ",訪問リハビリの公式オープンデータから取り込んだ候補です。詳細は公式情報・電話・見学で確認してください。,http://www.daisen.jp/,鳥取県西伯郡大山町末長483番地3,0859-39-5333,厚生労働省オープンデータ,https://www.mhlw.go.jp/content/12300000/jigyosho_140.csv,2025-12末,https://www.google.com/search?q=%E5%A4%A7%E5%B1%B1%E7%94%BA%E5%9B%BD%E6%B0%91%E5%81%A5%E5%BA%B7%E4%BF%9D%E9%99%BA%E5%A4%A7%E5%B1%B1%E5%8F%A3%E8%A8%BA%E7%99%82%E6%89%80%20%E5%A4%A7%E5%B1%B1%E7%94%BA
キマチ・リハビリテーション医院,訪問リハビリ,鳥取県,大山町,"介護,訪問リハビリ,リハビリ",訪問リハビリの公式オープンデータから取り込んだ候補です。詳細は公式情報・電話・見学で確認してください。,https://www.google.com/search?q=%E3%82%AD%E3%83%9E%E3%83%81%E3%83%BB%E3%83%AA%E3%83%8F%E3%83%93%E3%83%AA%E3%83%86%E3%83%BC%E3%82%B7%E3%83%A7%E3%83%B3%E5%8C%BB%E9%99%A2%20%E5%A4%A7%E5%B1%B1%E7%94%BA,鳥取県西伯郡大山町富長755-5,0859-54-3251,厚生労働省オープンデータ,https://www.mhlw.go.jp/content/12300000/jigyosho_140.csv,2025-12末,https://www.google.com/search?q=%E3%82%AD%E3%83%9E%E3%83%81%E3%83%BB%E3%83%AA%E3%83%8F%E3%83%93%E3%83%AA%E3%83%86%E3%83%BC%E3%82%B7%E3%83%A7%E3%83%B3%E5%8C%BB%E9%99%A2%20%E5%A4%A7%E5%B1%B1%E7%94%BA
介護老人保健施設　はまなす,訪問リハビリ,鳥取県,大山町,"介護,訪問リハビリ,リハビリ",訪問リハビリの公式オープンデータから取り込んだ候補です。詳細は公式情報・電話・見学で確認してください。,https://sasakicl-hamanasu.jp/,鳥取県西伯郡大山町田中1383,0858-58-6161,厚生労働省オープンデータ,https://www.mhlw.go.jp/content/12300000/jigyosho_140.csv,2025-12末,https://www.google.com/search?q=%E4%BB%8B%E8%AD%B7%E8%80%81%E4%BA%BA%E4%BF%9D%E5%81%A5%E6%96%BD%E8%A8%AD%E3%80%80%E3%81%AF%E3%81%BE%E3%81%AA%E3%81%99%20%E5%A4%A7%E5%B1%B1%E7%94%BA
南部町国民健康保険西伯病院,訪問リハビリ,鳥取県,南部町,"介護,訪問リハビリ,リハビリ",訪問リハビリの公式オープンデータから取り込んだ候補です。詳細は公式情報・電話・見学で確認してください。,http://www.saihaku-hospital.com,鳥取県西伯郡南部町倭３９７,0859-66-2211,厚生労働省オープンデータ,https://www.mhlw.go.jp/content/12300000/jigyosho_140.csv,2025-12末,https://www.google.com/search?q=%E5%8D%97%E9%83%A8%E7%94%BA%E5%9B%BD%E6%B0%91%E5%81%A5%E5%BA%B7%E4%BF%9D%E9%99%BA%E8%A5%BF%E4%BC%AF%E7%97%85%E9%99%A2%20%E5%8D%97%E9%83%A8%E7%94%BA
大山リハビリテーション病院　訪問リハビリテーションおおはら,訪問リハビリ,鳥取県,伯耆町,"介護,訪問リハビリ,リハビリ",訪問リハビリの公式オープンデータから取り込んだ候補です。詳細は公式情報・電話・見学で確認してください。,http://www.drh.or.jp,鳥取県西伯郡伯耆町大原927-1,0859-68-4111,厚生労働省オープンデータ,https://www.mhlw.go.jp/content/12300000/jigyosho_140.csv,2025-12末,https://www.google.com/search?q=%E5%A4%A7%E5%B1%B1%E3%83%AA%E3%83%8F%E3%83%93%E3%83%AA%E3%83%86%E3%83%BC%E3%82%B7%E3%83%A7%E3%83%B3%E7%97%85%E9%99%A2%E3%80%80%E8%A8%AA%E5%95%8F%E3%83%AA%E3%83%8F%E3%83%93%E3%83%AA%E3%83%86%E3%83%BC%E3%82%B7%E3%83%A7%E3%83%B3%E3%81%8A%E3%81%8A%E3%81%AF%E3%82%89%20%E4%BC%AF%E8%80%86%E7%94%BA
伯耆中央病院,訪問リハビリ,鳥取県,伯耆町,"介護,訪問リハビリ,リハビリ",訪問リハビリの公式オープンデータから取り込んだ候補です。詳細は公式情報・電話・見学で確認してください。,http://care-net.biz/31/houkichp/,鳥取県西伯郡伯耆町長山１５２－１,0859-62-1212,厚生労働省オープンデータ,https://www.mhlw.go.jp/content/12300000/jigyosho_140.csv,2025-12末,https://www.google.com/search?q=%E4%BC%AF%E8%80%86%E4%B8%AD%E5%A4%AE%E7%97%85%E9%99%A2%20%E4%BC%AF%E8%80%86%E7%94%BA
日南町国民健康保険日南病院,訪問リハビリ,鳥取県,日南町,"介護,訪問リハビリ,リハビリ",訪問リハビリの公式オープンデータから取り込んだ候補です。詳細は公式情報・電話・見学で確認してください。,http://nichinan-hospital.jp/,鳥取県日野郡日南町生山５１１番地７,0859-82-1235,厚生労働省オープンデータ,https://www.mhlw.go.jp/content/12300000/jigyosho_140.csv,2025-12末,https://www.google.com/search?q=%E6%97%A5%E5%8D%97%E7%94%BA%E5%9B%BD%E6%B0%91%E5%81%A5%E5%BA%B7%E4%BF%9D%E9%99%BA%E6%97%A5%E5%8D%97%E7%97%85%E9%99%A2%20%E6%97%A5%E5%8D%97%E7%94%BA
共生型デイサービスNiCORi,デイサービス,鳥取県,鳥取市,"介護,デイサービス",日中に通って食事・入浴・機能訓練・見守りなどを受けるサービスです。,https://www.welmate.net,千代水４丁目６８番地,0857-30-4531,厚生労働省オープンデータ,https://www.mhlw.go.jp/content/12300000/jigyosho_150.csv,2025-12末,https://www.google.com/search?q=%E5%85%B1%E7%94%9F%E5%9E%8B%E3%83%87%E3%82%A4%E3%82%B5%E3%83%BC%E3%83%93%E3%82%B9NiCORi%20%E9%B3%A5%E5%8F%96%E5%B8%82
デイサービスしゃぼんだま,デイサービス,鳥取県,鳥取市,"介護,デイサービス",日中に通って食事・入浴・機能訓練・見守りなどを受けるサービスです。,https://shabon-dama.com,鳥取県鳥取市湖山町西１丁目７３８番地,0857 -30-5152,厚生労働省オープンデータ,https://www.mhlw.go.jp/content/12300000/jigyosho_150.csv,2025-12末,https://www.google.com/search?q=%E3%83%87%E3%82%A4%E3%82%B5%E3%83%BC%E3%83%93%E3%82%B9%E3%81%97%E3%82%83%E3%81%BC%E3%82%93%E3%81%A0%E3%81%BE%20%E9%B3%A5%E5%8F%96%E5%B8%82
デイサービス　ドンドロ家,デイサービス,鳥取県,鳥取市,"介護,デイサービス",日中に通って食事・入浴・機能訓練・見守りなどを受けるサービスです。,jinpukai.jp,鳥取県鳥取市行徳1丁目316番地3,0857-50-1300,厚生労働省オープンデータ,https://www.mhlw.go.jp/content/12300000/jigyosho_150.csv,2025-12末,https://www.google.com/search?q=%E3%83%87%E3%82%A4%E3%82%B5%E3%83%BC%E3%83%93%E3%82%B9%E3%80%80%E3%83%89%E3%83%B3%E3%83%89%E3%83%AD%E5%AE%B6%20%E9%B3%A5%E5%8F%96%E5%B8%82
リハビリ特化型デイサービス　　Reウォーク,デイサービス,鳥取県,鳥取市,"介護,デイサービス",日中に通って食事・入浴・機能訓練・見守りなどを受けるサービスです。,http://kizuna123.co.jp/sp/,鳥取県鳥取市正連寺51番地1,0857-51-0160,厚生労働省オープンデータ,https://www.mhlw.go.jp/content/12300000/jigyosho_150.csv,2025-12末,https://www.google.com/search?q=%E3%83%AA%E3%83%8F%E3%83%93%E3%83%AA%E7%89%B9%E5%8C%96%E5%9E%8B%E3%83%87%E3%82%A4%E3%82%B5%E3%83%BC%E3%83%93%E3%82%B9%E3%80%80%E3%80%80Re%E3%82%A6%E3%82%A9%E3%83%BC%E3%82%AF%20%E9%B3%A5%E5%8F%96%E5%B8%82
白兎あすなろデイサービスセンター,デイサービス,鳥取県,鳥取市,"介護,デイサービス",日中に通って食事・入浴・機能訓練・見守りなどを受けるサービスです。,http://www.t-asunaro.or.jp/,鳥取県鳥取市白兎8番地,0857-59-0130,厚生労働省オープンデータ,https://www.mhlw.go.jp/content/12300000/jigyosho_150.csv,2025-12末,https://www.google.com/search?q=%E7%99%BD%E5%85%8E%E3%81%82%E3%81%99%E3%81%AA%E3%82%8D%E3%83%87%E3%82%A4%E3%82%B5%E3%83%BC%E3%83%93%E3%82%B9%E3%82%BB%E3%83%B3%E3%82%BF%E3%83%BC%20%E9%B3%A5%E5%8F%96%E5%B8%82
デイサービスほのか,デイサービス,鳥取県,鳥取市,"介護,デイサービス",日中に通って食事・入浴・機能訓練・見守りなどを受けるサービスです。,http:/www.honoka-day.jp/,鳥取県鳥取市上原923-20,0857-56-0255,厚生労働省オープンデータ,https://www.mhlw.go.jp/content/12300000/jigyosho_150.csv,2025-12末,https://www.google.com/search?q=%E3%83%87%E3%82%A4%E3%82%B5%E3%83%BC%E3%83%93%E3%82%B9%E3%81%BB%E3%81%AE%E3%81%8B%20%E9%B3%A5%E5%8F%96%E5%B8%82
奥谷デイサービスセンターふたば,デイサービス,鳥取県,鳥取市,"介護,デイサービス",日中に通って食事・入浴・機能訓練・見守りなどを受けるサービスです。,https://www.google.com/search?q=%E5%A5%A5%E8%B0%B7%E3%83%87%E3%82%A4%E3%82%B5%E3%83%BC%E3%83%93%E3%82%B9%E3%82%BB%E3%83%B3%E3%82%BF%E3%83%BC%E3%81%B5%E3%81%9F%E3%81%B0%20%E9%B3%A5%E5%8F%96%E5%B8%82,鳥取県鳥取市国府町奥谷３丁目３３１,０８５７－２３－１８３８,厚生労働省オープンデータ,https://www.mhlw.go.jp/content/12300000/jigyosho_150.csv,2025-12末,https://www.google.com/search?q=%E5%A5%A5%E8%B0%B7%E3%83%87%E3%82%A4%E3%82%B5%E3%83%BC%E3%83%93%E3%82%B9%E3%82%BB%E3%83%B3%E3%82%BF%E3%83%BC%E3%81%B5%E3%81%9F%E3%81%B0%20%E9%B3%A5%E5%8F%96%E5%B8%82
高草あすなろデイサービスセンター,デイサービス,鳥取県,鳥取市,"介護,デイサービス",日中に通って食事・入浴・機能訓練・見守りなどを受けるサービスです。,http://www.t-asunaro.jp,鳥取県鳥取市大桷330,0857-30-5613,厚生労働省オープンデータ,https://www.mhlw.go.jp/content/12300000/jigyosho_150.csv,2025-12末,https://www.google.com/search?q=%E9%AB%98%E8%8D%89%E3%81%82%E3%81%99%E3%81%AA%E3%82%8D%E3%83%87%E3%82%A4%E3%82%B5%E3%83%BC%E3%83%93%E3%82%B9%E3%82%BB%E3%83%B3%E3%82%BF%E3%83%BC%20%E9%B3%A5%E5%8F%96%E5%B8%82
吉岡温泉デイサービスセンターふたば,デイサービス,鳥取県,鳥取市,"介護,デイサービス",日中に通って食事・入浴・機能訓練・見守りなどを受けるサービスです。,https://www.google.com/search?q=%E5%90%89%E5%B2%A1%E6%B8%A9%E6%B3%89%E3%83%87%E3%82%A4%E3%82%B5%E3%83%BC%E3%83%93%E3%82%B9%E3%82%BB%E3%83%B3%E3%82%BF%E3%83%BC%E3%81%B5%E3%81%9F%E3%81%B0%20%E9%B3%A5%E5%8F%96%E5%B8%82,鳥取県鳥取市吉岡温泉町３２９番地,0857-54-5880,厚生労働省オープンデータ,https://www.mhlw.go.jp/content/12300000/jigyosho_150.csv,2025-12末,https://www.google.com/search?q=%E5%90%89%E5%B2%A1%E6%B8%A9%E6%B3%89%E3%83%87%E3%82%A4%E3%82%B5%E3%83%BC%E3%83%93%E3%82%B9%E3%82%BB%E3%83%B3%E3%82%BF%E3%83%BC%E3%81%B5%E3%81%9F%E3%81%B0%20%E9%B3%A5%E5%8F%96%E5%B8%82
ツクイ鳥取湖山,デイサービス,鳥取県,鳥取市,"介護,デイサービス",日中に通って食事・入浴・機能訓練・見守りなどを受けるサービスです。,https://www.tsukui.net/,鳥取県鳥取市湖山町東4丁目88番,0857-32-2126,厚生労働省オープンデータ,https://www.mhlw.go.jp/content/12300000/jigyosho_150.csv,2025-12末,https://www.google.com/search?q=%E3%83%84%E3%82%AF%E3%82%A4%E9%B3%A5%E5%8F%96%E6%B9%96%E5%B1%B1%20%E9%B3%A5%E5%8F%96%E5%B8%82
デイサービス彩花,デイサービス,鳥取県,鳥取市,"介護,デイサービス",日中に通って食事・入浴・機能訓練・見守りなどを受けるサービスです。,https://yuensaika.wixsite.com/sai-ka,鳥取県鳥取市立川町５丁目２５６番地１,0857-77-3266,厚生労働省オープンデータ,https://www.mhlw.go.jp/content/12300000/jigyosho_150.csv,2025-12末,https://www.google.com/search?q=%E3%83%87%E3%82%A4%E3%82%B5%E3%83%BC%E3%83%93%E3%82%B9%E5%BD%A9%E8%8A%B1%20%E9%B3%A5%E5%8F%96%E5%B8%82
デイサービスセンターだいふく,デイサービス,鳥取県,鳥取市,"介護,デイサービス",日中に通って食事・入浴・機能訓練・見守りなどを受けるサービスです。,daycare.daifuku01@gmail.com,賀露町北2丁目10-23,0857-30-1714,厚生労働省オープンデータ,https://www.mhlw.go.jp/content/12300000/jigyosho_150.csv,2025-12末,https://www.google.com/search?q=%E3%83%87%E3%82%A4%E3%82%B5%E3%83%BC%E3%83%93%E3%82%B9%E3%82%BB%E3%83%B3%E3%82%BF%E3%83%BC%E3%81%A0%E3%81%84%E3%81%B5%E3%81%8F%20%E9%B3%A5%E5%8F%96%E5%B8%82
モアスマイル富安,デイサービス,鳥取県,鳥取市,"介護,デイサービス",日中に通って食事・入浴・機能訓練・見守りなどを受けるサービスです。,http://smilecenter.jp,鳥取県鳥取市富安２丁目16番地4,0857-30-5062,厚生労働省オープンデータ,https://www.mhlw.go.jp/content/12300000/jigyosho_150.csv,2025-12末,https://www.google.com/search?q=%E3%83%A2%E3%82%A2%E3%82%B9%E3%83%9E%E3%82%A4%E3%83%AB%E5%AF%8C%E5%AE%89%20%E9%B3%A5%E5%8F%96%E5%B8%82
ハピネデイサービスセンター湖山,デイサービス,鳥取県,鳥取市,"介護,デイサービス",日中に通って食事・入浴・機能訓練・見守りなどを受けるサービスです。,http://www.hapine.com,鳥取県鳥取市湖山町東2丁目１５９－２,0857-28-5880,厚生労働省オープンデータ,https://www.mhlw.go.jp/content/12300000/jigyosho_150.csv,2025-12末,https://www.google.com/search?q=%E3%83%8F%E3%83%94%E3%83%8D%E3%83%87%E3%82%A4%E3%82%B5%E3%83%BC%E3%83%93%E3%82%B9%E3%82%BB%E3%83%B3%E3%82%BF%E3%83%BC%E6%B9%96%E5%B1%B1%20%E9%B3%A5%E5%8F%96%E5%B8%82
デイサービスこくふ,デイサービス,鳥取県,鳥取市,"介護,デイサービス",日中に通って食事・入浴・機能訓練・見守りなどを受けるサービスです。,http://kensuikai.net/dayservice_info.html,鳥取県鳥取市国府町新通り2丁目202,0857-30-5777,厚生労働省オープンデータ,https://www.mhlw.go.jp/content/12300000/jigyosho_150.csv,2025-12末,https://www.google.com/search?q=%E3%83%87%E3%82%A4%E3%82%B5%E3%83%BC%E3%83%93%E3%82%B9%E3%81%93%E3%81%8F%E3%81%B5%20%E9%B3%A5%E5%8F%96%E5%B8%82
デイサービスリゾートアロハ鳥取,デイサービス,鳥取県,鳥取市,"介護,デイサービス",日中に通って食事・入浴・機能訓練・見守りなどを受けるサービスです。,http://hp.kaipoke.biz/v3p/,鳥取県鳥取市岩吉２０６番地,0857-30-5026,厚生労働省オープンデータ,https://www.mhlw.go.jp/content/12300000/jigyosho_150.csv,2025-12末,https://www.google.com/search?q=%E3%83%87%E3%82%A4%E3%82%B5%E3%83%BC%E3%83%93%E3%82%B9%E3%83%AA%E3%82%BE%E3%83%BC%E3%83%88%E3%82%A2%E3%83%AD%E3%83%8F%E9%B3%A5%E5%8F%96%20%E9%B3%A5%E5%8F%96%E5%B8%82
デイライフゆうゆう,デイサービス,鳥取県,鳥取市,"介護,デイサービス",日中に通って食事・入浴・機能訓練・見守りなどを受けるサービスです。,http://www.kohoen.jp,鳥取県鳥取市浜坂228番地1,0857-23-6011,厚生労働省オープンデータ,https://www.mhlw.go.jp/content/12300000/jigyosho_150.csv,2025-12末,https://www.google.com/search?q=%E3%83%87%E3%82%A4%E3%83%A9%E3%82%A4%E3%83%95%E3%82%86%E3%81%86%E3%82%86%E3%81%86%20%E9%B3%A5%E5%8F%96%E5%B8%82
デイサービスあらいぶ,デイサービス,鳥取県,鳥取市,"介護,デイサービス",日中に通って食事・入浴・機能訓練・見守りなどを受けるサービスです。,http://advan-wakaba.com,鳥取県鳥取市若葉台北６丁目１番９号,0857-38-6888,厚生労働省オープンデータ,https://www.mhlw.go.jp/content/12300000/jigyosho_150.csv,2025-12末,https://www.google.com/search?q=%E3%83%87%E3%82%A4%E3%82%B5%E3%83%BC%E3%83%93%E3%82%B9%E3%81%82%E3%82%89%E3%81%84%E3%81%B6%20%E9%B3%A5%E5%8F%96%E5%B8%82
鳥取市社会福祉協議会用瀬事業所,デイサービス,鳥取県,鳥取市,"介護,デイサービス",日中に通って食事・入浴・機能訓練・見守りなどを受けるサービスです。,https://www.tottoricity-syakyo.or.jp/,鳥取県鳥取市用瀬町別府９６－２,0858-87-3189,厚生労働省オープンデータ,https://www.mhlw.go.jp/content/12300000/jigyosho_150.csv,2025-12末,https://www.google.com/search?q=%E9%B3%A5%E5%8F%96%E5%B8%82%E7%A4%BE%E4%BC%9A%E7%A6%8F%E7%A5%89%E5%8D%94%E8%AD%B0%E4%BC%9A%E7%94%A8%E7%80%AC%E4%BA%8B%E6%A5%AD%E6%89%80%20%E9%B3%A5%E5%8F%96%E5%B8%82
はまゆうデイサービスセンター,デイサービス,鳥取県,鳥取市,"介護,デイサービス",日中に通って食事・入浴・機能訓練・見守りなどを受けるサービスです。,http://www.hamayu.or.jp/,鳥取県鳥取市服部204番地1,0857-51-7838,厚生労働省オープンデータ,https://www.mhlw.go.jp/content/12300000/jigyosho_150.csv,2025-12末,https://www.google.com/search?q=%E3%81%AF%E3%81%BE%E3%82%86%E3%81%86%E3%83%87%E3%82%A4%E3%82%B5%E3%83%BC%E3%83%93%E3%82%B9%E3%82%BB%E3%83%B3%E3%82%BF%E3%83%BC%20%E9%B3%A5%E5%8F%96%E5%B8%82
デイサービスセンター天然温泉ほんわ館,デイサービス,鳥取県,鳥取市,"介護,デイサービス",日中に通って食事・入浴・機能訓練・見守りなどを受けるサービスです。,https://www.google.com/search?q=%E3%83%87%E3%82%A4%E3%82%B5%E3%83%BC%E3%83%93%E3%82%B9%E3%82%BB%E3%83%B3%E3%82%BF%E3%83%BC%E5%A4%A9%E7%84%B6%E6%B8%A9%E6%B3%89%E3%81%BB%E3%82%93%E3%82%8F%E9%A4%A8%20%E9%B3%A5%E5%8F%96%E5%B8%82,鳥取県鳥取市吉岡温泉町168－1,０８５７－５４－００２３,厚生労働省オープンデータ,https://www.mhlw.go.jp/content/12300000/jigyosho_150.csv,2025-12末,https://www.google.com/search?q=%E3%83%87%E3%82%A4%E3%82%B5%E3%83%BC%E3%83%93%E3%82%B9%E3%82%BB%E3%83%B3%E3%82%BF%E3%83%BC%E5%A4%A9%E7%84%B6%E6%B8%A9%E6%B3%89%E3%81%BB%E3%82%93%E3%82%8F%E9%A4%A8%20%E9%B3%A5%E5%8F%96%E5%B8%82
デイライフいきいき,デイサービス,鳥取県,鳥取市,"介護,デイサービス",日中に通って食事・入浴・機能訓練・見守りなどを受けるサービスです。,http://www.kohoen.jp,鳥取県鳥取市秋里１１８１番地,0857-20-2616,厚生労働省オープンデータ,https://www.mhlw.go.jp/content/12300000/jigyosho_150.csv,2025-12末,https://www.google.com/search?q=%E3%83%87%E3%82%A4%E3%83%A9%E3%82%A4%E3%83%95%E3%81%84%E3%81%8D%E3%81%84%E3%81%8D%20%E9%B3%A5%E5%8F%96%E5%B8%82
地域生活援助はうす　のどか,デイサービス,鳥取県,鳥取市,"介護,デイサービス",日中に通って食事・入浴・機能訓練・見守りなどを受けるサービスです。,https://www.google.com/search?q=%E5%9C%B0%E5%9F%9F%E7%94%9F%E6%B4%BB%E6%8F%B4%E5%8A%A9%E3%81%AF%E3%81%86%E3%81%99%E3%80%80%E3%81%AE%E3%81%A9%E3%81%8B%20%E9%B3%A5%E5%8F%96%E5%B8%82,鳥取県鳥取市気高町勝見８４３－１７２,0857-82-3277,厚生労働省オープンデータ,https://www.mhlw.go.jp/content/12300000/jigyosho_150.csv,2025-12末,https://www.google.com/search?q=%E5%9C%B0%E5%9F%9F%E7%94%9F%E6%B4%BB%E6%8F%B4%E5%8A%A9%E3%81%AF%E3%81%86%E3%81%99%E3%80%80%E3%81%AE%E3%81%A9%E3%81%8B%20%E9%B3%A5%E5%8F%96%E5%B8%82
デイサービスセンターing,デイサービス,鳥取県,鳥取市,"介護,デイサービス",日中に通って食事・入浴・機能訓練・見守りなどを受けるサービスです。,http://www.ing-tottori.com,鳥取県鳥取市相生町二丁目452-1デイサービスセンターing,0857-25-5600,厚生労働省オープンデータ,https://www.mhlw.go.jp/content/12300000/jigyosho_150.csv,2025-12末,https://www.google.com/search?q=%E3%83%87%E3%82%A4%E3%82%B5%E3%83%BC%E3%83%93%E3%82%B9%E3%82%BB%E3%83%B3%E3%82%BF%E3%83%BCing%20%E9%B3%A5%E5%8F%96%E5%B8%82
在宅支援はうす　和みの郷,デイサービス,鳥取県,鳥取市,"介護,デイサービス",日中に通って食事・入浴・機能訓練・見守りなどを受けるサービスです。,https://www.google.com/search?q=%E5%9C%A8%E5%AE%85%E6%94%AF%E6%8F%B4%E3%81%AF%E3%81%86%E3%81%99%E3%80%80%E5%92%8C%E3%81%BF%E3%81%AE%E9%83%B7%20%E9%B3%A5%E5%8F%96%E5%B8%82,鳥取県鳥取市国府町宮下　1040番地,0857-21-0933,厚生労働省オープンデータ,https://www.mhlw.go.jp/content/12300000/jigyosho_150.csv,2025-12末,https://www.google.com/search?q=%E5%9C%A8%E5%AE%85%E6%94%AF%E6%8F%B4%E3%81%AF%E3%81%86%E3%81%99%E3%80%80%E5%92%8C%E3%81%BF%E3%81%AE%E9%83%B7%20%E9%B3%A5%E5%8F%96%E5%B8%82
デイサービスわかば,デイサービス,鳥取県,鳥取市,"介護,デイサービス",日中に通って食事・入浴・機能訓練・見守りなどを受けるサービスです。,http://advan-wakaba.com,鳥取県鳥取市若葉台北6丁目3番27号,0857-38-6277,厚生労働省オープンデータ,https://www.mhlw.go.jp/content/12300000/jigyosho_150.csv,2025-12末,https://www.google.com/search?q=%E3%83%87%E3%82%A4%E3%82%B5%E3%83%BC%E3%83%93%E3%82%B9%E3%82%8F%E3%81%8B%E3%81%B0%20%E9%B3%A5%E5%8F%96%E5%B8%82
デイサービス陽だまりの家かわはら福らく,デイサービス,鳥取県,鳥取市,"介護,デイサービス",日中に通って食事・入浴・機能訓練・見守りなどを受けるサービスです。,https://www.google.com/search?q=%E3%83%87%E3%82%A4%E3%82%B5%E3%83%BC%E3%83%93%E3%82%B9%E9%99%BD%E3%81%A0%E3%81%BE%E3%82%8A%E3%81%AE%E5%AE%B6%E3%81%8B%E3%82%8F%E3%81%AF%E3%82%89%E7%A6%8F%E3%82%89%E3%81%8F%20%E9%B3%A5%E5%8F%96%E5%B8%82,鳥取県鳥取市河原町河原16-3番地,0858-71-0300,厚生労働省オープンデータ,https://www.mhlw.go.jp/content/12300000/jigyosho_150.csv,2025-12末,https://www.google.com/search?q=%E3%83%87%E3%82%A4%E3%82%B5%E3%83%BC%E3%83%93%E3%82%B9%E9%99%BD%E3%81%A0%E3%81%BE%E3%82%8A%E3%81%AE%E5%AE%B6%E3%81%8B%E3%82%8F%E3%81%AF%E3%82%89%E7%A6%8F%E3%82%89%E3%81%8F%20%E9%B3%A5%E5%8F%96%E5%B8%82
鳥取市桜ヶ丘デイサービスセンター通所介護事業所,デイサービス,鳥取県,鳥取市,"介護,デイサービス",日中に通って食事・入浴・機能訓練・見守りなどを受けるサービスです。,http://www.tottorifukushikai.jp,鳥取県鳥取市津ノ井２５６－２,0857-51-8991,厚生労働省オープンデータ,https://www.mhlw.go.jp/content/12300000/jigyosho_150.csv,2025-12末,https://www.google.com/search?q=%E9%B3%A5%E5%8F%96%E5%B8%82%E6%A1%9C%E3%83%B6%E4%B8%98%E3%83%87%E3%82%A4%E3%82%B5%E3%83%BC%E3%83%93%E3%82%B9%E3%82%BB%E3%83%B3%E3%82%BF%E3%83%BC%E9%80%9A%E6%89%80%E4%BB%8B%E8%AD%B7%E4%BA%8B%E6%A5%AD%E6%89%80%20%E9%B3%A5%E5%8F%96%E5%B8%82
鳥取市東デイサービスセンター通所介護事業所,デイサービス,鳥取県,鳥取市,"介護,デイサービス",日中に通って食事・入浴・機能訓練・見守りなどを受けるサービスです。,http://www.tottorifukushikai.jp,鳥取県鳥取市滝山374－1,0857-29-6292,厚生労働省オープンデータ,https://www.mhlw.go.jp/content/12300000/jigyosho_150.csv,2025-12末,https://www.google.com/search?q=%E9%B3%A5%E5%8F%96%E5%B8%82%E6%9D%B1%E3%83%87%E3%82%A4%E3%82%B5%E3%83%BC%E3%83%93%E3%82%B9%E3%82%BB%E3%83%B3%E3%82%BF%E3%83%BC%E9%80%9A%E6%89%80%E4%BB%8B%E8%AD%B7%E4%BA%8B%E6%A5%AD%E6%89%80%20%E9%B3%A5%E5%8F%96%E5%B8%82
鳥取市南デイサービスセンター通所介護事業所,デイサービス,鳥取県,鳥取市,"介護,デイサービス",日中に通って食事・入浴・機能訓練・見守りなどを受けるサービスです。,http://www.tottorifukushikai.jp/,鳥取県鳥取市的場2-1,0857-53-6553,厚生労働省オープンデータ,https://www.mhlw.go.jp/content/12300000/jigyosho_150.csv,2025-12末,https://www.google.com/search?q=%E9%B3%A5%E5%8F%96%E5%B8%82%E5%8D%97%E3%83%87%E3%82%A4%E3%82%B5%E3%83%BC%E3%83%93%E3%82%B9%E3%82%BB%E3%83%B3%E3%82%BF%E3%83%BC%E9%80%9A%E6%89%80%E4%BB%8B%E8%AD%B7%E4%BA%8B%E6%A5%AD%E6%89%80%20%E9%B3%A5%E5%8F%96%E5%B8%82
デイサービス　風紋館,デイサービス,鳥取県,鳥取市,"介護,デイサービス",日中に通って食事・入浴・機能訓練・見守りなどを受けるサービスです。,http://huumonkan.jp/,鳥取県鳥取市立川町5丁目312-1,0857-36-8016,厚生労働省オープンデータ,https://www.mhlw.go.jp/content/12300000/jigyosho_150.csv,2025-12末,https://www.google.com/search?q=%E3%83%87%E3%82%A4%E3%82%B5%E3%83%BC%E3%83%93%E3%82%B9%E3%80%80%E9%A2%A8%E7%B4%8B%E9%A4%A8%20%E9%B3%A5%E5%8F%96%E5%B8%82
鳥取市社会福祉協議会　国府事業所,デイサービス,鳥取県,鳥取市,"介護,デイサービス",日中に通って食事・入浴・機能訓練・見守りなどを受けるサービスです。,http://www.tottoricity-syakyo.or.jp,鳥取県鳥取市国府町糸谷15-1,0857-26-5180,厚生労働省オープンデータ,https://www.mhlw.go.jp/content/12300000/jigyosho_150.csv,2025-12末,https://www.google.com/search?q=%E9%B3%A5%E5%8F%96%E5%B8%82%E7%A4%BE%E4%BC%9A%E7%A6%8F%E7%A5%89%E5%8D%94%E8%AD%B0%E4%BC%9A%E3%80%80%E5%9B%BD%E5%BA%9C%E4%BA%8B%E6%A5%AD%E6%89%80%20%E9%B3%A5%E5%8F%96%E5%B8%82
鳥取市社会福祉協議会　福部事業所,デイサービス,鳥取県,鳥取市,"介護,デイサービス",日中に通って食事・入浴・機能訓練・見守りなどを受けるサービスです。,https://www.tottoricity-syakyo.or.jp,鳥取県鳥取市福部町海士1013－1,0857-75-2337,厚生労働省オープンデータ,https://www.mhlw.go.jp/content/12300000/jigyosho_150.csv,2025-12末,https://www.google.com/search?q=%E9%B3%A5%E5%8F%96%E5%B8%82%E7%A4%BE%E4%BC%9A%E7%A6%8F%E7%A5%89%E5%8D%94%E8%AD%B0%E4%BC%9A%E3%80%80%E7%A6%8F%E9%83%A8%E4%BA%8B%E6%A5%AD%E6%89%80%20%E9%B3%A5%E5%8F%96%E5%B8%82
デイサービス梨の郷,デイサービス,鳥取県,鳥取市,"介護,デイサービス",日中に通って食事・入浴・機能訓練・見守りなどを受けるサービスです。,https://www.google.com/search?q=%E3%83%87%E3%82%A4%E3%82%B5%E3%83%BC%E3%83%93%E3%82%B9%E6%A2%A8%E3%81%AE%E9%83%B7%20%E9%B3%A5%E5%8F%96%E5%B8%82,鳥取県鳥取市行徳　1-162,0857－50－1068,厚生労働省オープンデータ,https://www.mhlw.go.jp/content/12300000/jigyosho_150.csv,2025-12末,https://www.google.com/search?q=%E3%83%87%E3%82%A4%E3%82%B5%E3%83%BC%E3%83%93%E3%82%B9%E6%A2%A8%E3%81%AE%E9%83%B7%20%E9%B3%A5%E5%8F%96%E5%B8%82
デイサービスセンターきゅうだいすずの里,デイサービス,鳥取県,鳥取市,"介護,デイサービス",日中に通って食事・入浴・機能訓練・見守りなどを受けるサービスです。,http://www.kyudai.co.jp/lifecare/index.html,鳥取県鳥取市数津202-1,0857-30-5231,厚生労働省オープンデータ,https://www.mhlw.go.jp/content/12300000/jigyosho_150.csv,2025-12末,https://www.google.com/search?q=%E3%83%87%E3%82%A4%E3%82%B5%E3%83%BC%E3%83%93%E3%82%B9%E3%82%BB%E3%83%B3%E3%82%BF%E3%83%BC%E3%81%8D%E3%82%85%E3%81%86%E3%81%A0%E3%81%84%E3%81%99%E3%81%9A%E3%81%AE%E9%87%8C%20%E9%B3%A5%E5%8F%96%E5%B8%82
デイサービスつむぎ,デイサービス,鳥取県,鳥取市,"介護,デイサービス",日中に通って食事・入浴・機能訓練・見守りなどを受けるサービスです。,https://www.o-tsumugi.com,鳥取県鳥取市行徳一丁目312番地,0857-30-6978,厚生労働省オープンデータ,https://www.mhlw.go.jp/content/12300000/jigyosho_150.csv,2025-12末,https://www.google.com/search?q=%E3%83%87%E3%82%A4%E3%82%B5%E3%83%BC%E3%83%93%E3%82%B9%E3%81%A4%E3%82%80%E3%81%8E%20%E9%B3%A5%E5%8F%96%E5%B8%82
デイサービスセンターきゅうだい,デイサービス,鳥取県,鳥取市,"介護,デイサービス",日中に通って食事・入浴・機能訓練・見守りなどを受けるサービスです。,http://www.kyudai.co.jp/,鳥取県鳥取市古海693番地1,0857-30-4316,厚生労働省オープンデータ,https://www.mhlw.go.jp/content/12300000/jigyosho_150.csv,2025-12末,https://www.google.com/search?q=%E3%83%87%E3%82%A4%E3%82%B5%E3%83%BC%E3%83%93%E3%82%B9%E3%82%BB%E3%83%B3%E3%82%BF%E3%83%BC%E3%81%8D%E3%82%85%E3%81%86%E3%81%A0%E3%81%84%20%E9%B3%A5%E5%8F%96%E5%B8%82
アクティブ津ノ井,デイサービス,鳥取県,鳥取市,"介護,デイサービス",日中に通って食事・入浴・機能訓練・見守りなどを受けるサービスです。,http://www.tottorifukushikai.jp,鳥取県鳥取市津ノ井246-1,0857-30-5432,厚生労働省オープンデータ,https://www.mhlw.go.jp/content/12300000/jigyosho_150.csv,2025-12末,https://www.google.com/search?q=%E3%82%A2%E3%82%AF%E3%83%86%E3%82%A3%E3%83%96%E6%B4%A5%E3%83%8E%E4%BA%95%20%E9%B3%A5%E5%8F%96%E5%B8%82
鳥取西デイサービスセンター,デイサービス,鳥取県,鳥取市,"介護,デイサービス",日中に通って食事・入浴・機能訓練・見守りなどを受けるサービスです。,http://t-asunaro.or.jp,鳥取県鳥取市西品治２８０－１,0857-37-2121,厚生労働省オープンデータ,https://www.mhlw.go.jp/content/12300000/jigyosho_150.csv,2025-12末,https://www.google.com/search?q=%E9%B3%A5%E5%8F%96%E8%A5%BF%E3%83%87%E3%82%A4%E3%82%B5%E3%83%BC%E3%83%93%E3%82%B9%E3%82%BB%E3%83%B3%E3%82%BF%E3%83%BC%20%E9%B3%A5%E5%8F%96%E5%B8%82
鳥取市社会福祉協議会　鹿野事業所,デイサービス,鳥取県,鳥取市,"介護,デイサービス",日中に通って食事・入浴・機能訓練・見守りなどを受けるサービスです。,https://www.tottoricity-syakyo.or.jp,鳥取県鳥取市鹿野町今市651-1,0857-84-3113,厚生労働省オープンデータ,https://www.mhlw.go.jp/content/12300000/jigyosho_150.csv,2025-12末,https://www.google.com/search?q=%E9%B3%A5%E5%8F%96%E5%B8%82%E7%A4%BE%E4%BC%9A%E7%A6%8F%E7%A5%89%E5%8D%94%E8%AD%B0%E4%BC%9A%E3%80%80%E9%B9%BF%E9%87%8E%E4%BA%8B%E6%A5%AD%E6%89%80%20%E9%B3%A5%E5%8F%96%E5%B8%82
鳥取市社会福祉協議会　青谷事業所,デイサービス,鳥取県,鳥取市,"介護,デイサービス",日中に通って食事・入浴・機能訓練・見守りなどを受けるサービスです。,https://www.tottoricity-syakyo.or.jp,鳥取県鳥取市青谷町善田31-1,0857-85-0220,厚生労働省オープンデータ,https://www.mhlw.go.jp/content/12300000/jigyosho_150.csv,2025-12末,https://www.google.com/search?q=%E9%B3%A5%E5%8F%96%E5%B8%82%E7%A4%BE%E4%BC%9A%E7%A6%8F%E7%A5%89%E5%8D%94%E8%AD%B0%E4%BC%9A%E3%80%80%E9%9D%92%E8%B0%B7%E4%BA%8B%E6%A5%AD%E6%89%80%20%E9%B3%A5%E5%8F%96%E5%B8%82
ニチイケアセンターふせ,デイサービス,鳥取県,鳥取市,"介護,デイサービス",日中に通って食事・入浴・機能訓練・見守りなどを受けるサービスです。,http://www.nichiigakkan.co.jp,鳥取県鳥取市布勢422-3,0857-32-2008,厚生労働省オープンデータ,https://www.mhlw.go.jp/content/12300000/jigyosho_150.csv,2025-12末,https://www.google.com/search?q=%E3%83%8B%E3%83%81%E3%82%A4%E3%82%B1%E3%82%A2%E3%82%BB%E3%83%B3%E3%82%BF%E3%83%BC%E3%81%B5%E3%81%9B%20%E9%B3%A5%E5%8F%96%E5%B8%82
デイサービス縁,デイサービス,鳥取県,鳥取市,"介護,デイサービス",日中に通って食事・入浴・機能訓練・見守りなどを受けるサービスです。,http://enishi-day.jp/,鳥取県鳥取市西品治86番地2,0857-36-8686,厚生労働省オープンデータ,https://www.mhlw.go.jp/content/12300000/jigyosho_150.csv,2025-12末,https://www.google.com/search?q=%E3%83%87%E3%82%A4%E3%82%B5%E3%83%BC%E3%83%93%E3%82%B9%E7%B8%81%20%E9%B3%A5%E5%8F%96%E5%B8%82
デイサービスはまむら,デイサービス,鳥取県,鳥取市,"介護,デイサービス",日中に通って食事・入浴・機能訓練・見守りなどを受けるサービスです。,https://www.med-wel.jp/gardenhama/,鳥取県鳥取市気高町新町二丁目１１番地ガーデンハウス　はまむら,０８５７－８２－６５００,厚生労働省オープンデータ,https://www.mhlw.go.jp/content/12300000/jigyosho_150.csv,2025-12末,https://www.google.com/search?q=%E3%83%87%E3%82%A4%E3%82%B5%E3%83%BC%E3%83%93%E3%82%B9%E3%81%AF%E3%81%BE%E3%82%80%E3%82%89%20%E9%B3%A5%E5%8F%96%E5%B8%82
ともいきの郷　浜坂,デイサービス,鳥取県,鳥取市,"介護,デイサービス",日中に通って食事・入浴・機能訓練・見守りなどを受けるサービスです。,tomoiki-hamasaka@sage.ocn.ne.jp,鳥取県鳥取市浜坂2丁目1-17ともいきの郷　浜坂,0857-30-6658,厚生労働省オープンデータ,https://www.mhlw.go.jp/content/12300000/jigyosho_150.csv,2025-12末,https://www.google.com/search?q=%E3%81%A8%E3%82%82%E3%81%84%E3%81%8D%E3%81%AE%E9%83%B7%E3%80%80%E6%B5%9C%E5%9D%82%20%E9%B3%A5%E5%8F%96%E5%B8%82
サンスマイル,デイサービス,鳥取県,鳥取市,"介護,デイサービス",日中に通って食事・入浴・機能訓練・見守りなどを受けるサービスです。,https://www.google.com/search?q=%E3%82%B5%E3%83%B3%E3%82%B9%E3%83%9E%E3%82%A4%E3%83%AB%20%E9%B3%A5%E5%8F%96%E5%B8%82,鳥取県鳥取市津ノ井248-11,0857511531,厚生労働省オープンデータ,https://www.mhlw.go.jp/content/12300000/jigyosho_150.csv,2025-12末,https://www.google.com/search?q=%E3%82%B5%E3%83%B3%E3%82%B9%E3%83%9E%E3%82%A4%E3%83%AB%20%E9%B3%A5%E5%8F%96%E5%B8%82
鳥取市社会福祉協議会　気高事業所,デイサービス,鳥取県,鳥取市,"介護,デイサービス",日中に通って食事・入浴・機能訓練・見守りなどを受けるサービスです。,https://www.tottoricity-syakyo.or.jp,鳥取県鳥取市気高町浜村8－8,0857-82-2727,厚生労働省オープンデータ,https://www.mhlw.go.jp/content/12300000/jigyosho_150.csv,2025-12末,https://www.google.com/search?q=%E9%B3%A5%E5%8F%96%E5%B8%82%E7%A4%BE%E4%BC%9A%E7%A6%8F%E7%A5%89%E5%8D%94%E8%AD%B0%E4%BC%9A%E3%80%80%E6%B0%97%E9%AB%98%E4%BA%8B%E6%A5%AD%E6%89%80%20%E9%B3%A5%E5%8F%96%E5%B8%82
デイサービスひまわり鳥取,デイサービス,鳥取県,鳥取市,"介護,デイサービス",日中に通って食事・入浴・機能訓練・見守りなどを受けるサービスです。,http://www.siseikai.com/,鳥取県鳥取市桂木784番地,0857-53-7890,厚生労働省オープンデータ,https://www.mhlw.go.jp/content/12300000/jigyosho_150.csv,2025-12末,https://www.google.com/search?q=%E3%83%87%E3%82%A4%E3%82%B5%E3%83%BC%E3%83%93%E3%82%B9%E3%81%B2%E3%81%BE%E3%82%8F%E3%82%8A%E9%B3%A5%E5%8F%96%20%E9%B3%A5%E5%8F%96%E5%B8%82
ハピネデイサービスセンター立川,デイサービス,鳥取県,鳥取市,"介護,デイサービス",日中に通って食事・入浴・機能訓練・見守りなどを受けるサービスです。,https://www.google.com/search?q=%E3%83%8F%E3%83%94%E3%83%8D%E3%83%87%E3%82%A4%E3%82%B5%E3%83%BC%E3%83%93%E3%82%B9%E3%82%BB%E3%83%B3%E3%82%BF%E3%83%BC%E7%AB%8B%E5%B7%9D%20%E9%B3%A5%E5%8F%96%E5%B8%82,鳥取県鳥取市立川町6-250-3,0857-22-4361,厚生労働省オープンデータ,https://www.mhlw.go.jp/content/12300000/jigyosho_150.csv,2025-12末,https://www.google.com/search?q=%E3%83%8F%E3%83%94%E3%83%8D%E3%83%87%E3%82%A4%E3%82%B5%E3%83%BC%E3%83%93%E3%82%B9%E3%82%BB%E3%83%B3%E3%82%BF%E3%83%BC%E7%AB%8B%E5%B7%9D%20%E9%B3%A5%E5%8F%96%E5%B8%82
通所介護事業所　エルスリークラブ鳥取,デイサービス,鳥取県,鳥取市,"介護,デイサービス",日中に通って食事・入浴・機能訓練・見守りなどを受けるサービスです。,https://www.el3tottori.co.jp/,鳥取県鳥取市卯垣5丁目8番地,0857-21-1314,厚生労働省オープンデータ,https://www.mhlw.go.jp/content/12300000/jigyosho_150.csv,2025-12末,https://www.google.com/search?q=%E9%80%9A%E6%89%80%E4%BB%8B%E8%AD%B7%E4%BA%8B%E6%A5%AD%E6%89%80%E3%80%80%E3%82%A8%E3%83%AB%E3%82%B9%E3%83%AA%E3%83%BC%E3%82%AF%E3%83%A9%E3%83%96%E9%B3%A5%E5%8F%96%20%E9%B3%A5%E5%8F%96%E5%B8%82
フィットネスデイ湖山,デイサービス,鳥取県,鳥取市,"介護,デイサービス",日中に通って食事・入浴・機能訓練・見守りなどを受けるサービスです。,https://www.el3tottori.co.jp/,鳥取県鳥取市湖山町東四丁目６１番地,0857-30-7573,厚生労働省オープンデータ,https://www.mhlw.go.jp/content/12300000/jigyosho_150.csv,2025-12末,https://www.google.com/search?q=%E3%83%95%E3%82%A3%E3%83%83%E3%83%88%E3%83%8D%E3%82%B9%E3%83%87%E3%82%A4%E6%B9%96%E5%B1%B1%20%E9%B3%A5%E5%8F%96%E5%B8%82
デイサービス　ウルーズ,デイサービス,鳥取県,鳥取市,"介護,デイサービス",日中に通って食事・入浴・機能訓練・見守りなどを受けるサービスです。,https://www.google.com/search?q=%E3%83%87%E3%82%A4%E3%82%B5%E3%83%BC%E3%83%93%E3%82%B9%E3%80%80%E3%82%A6%E3%83%AB%E3%83%BC%E3%82%BA%20%E9%B3%A5%E5%8F%96%E5%B8%82,鳥取県鳥取市緑ヶ丘１丁目１１－８,0857-21-3388,厚生労働省オープンデータ,https://www.mhlw.go.jp/content/12300000/jigyosho_150.csv,2025-12末,https://www.google.com/search?q=%E3%83%87%E3%82%A4%E3%82%B5%E3%83%BC%E3%83%93%E3%82%B9%E3%80%80%E3%82%A6%E3%83%AB%E3%83%BC%E3%82%BA%20%E9%B3%A5%E5%8F%96%E5%B8%82
河原あすなろデイサービスセンター,デイサービス,鳥取県,鳥取市,"介護,デイサービス",日中に通って食事・入浴・機能訓練・見守りなどを受けるサービスです。,http://www.t-asunaro.jp/,鳥取県鳥取市河原町今在家842,0858-85-1568,厚生労働省オープンデータ,https://www.mhlw.go.jp/content/12300000/jigyosho_150.csv,2025-12末,https://www.google.com/search?q=%E6%B2%B3%E5%8E%9F%E3%81%82%E3%81%99%E3%81%AA%E3%82%8D%E3%83%87%E3%82%A4%E3%82%B5%E3%83%BC%E3%83%93%E3%82%B9%E3%82%BB%E3%83%B3%E3%82%BF%E3%83%BC%20%E9%B3%A5%E5%8F%96%E5%B8%82
株式会社メディコープとっとり　デイサービスかがやき,デイサービス,鳥取県,鳥取市,"介護,デイサービス",日中に通って食事・入浴・機能訓練・見守りなどを受けるサービスです。,http://mcp.mcoop-tottori.jp/services/kagayaki.html,鳥取県鳥取市末広温泉町２０３番地レインボーセンター5階,0857-24-6165,厚生労働省オープンデータ,https://www.mhlw.go.jp/content/12300000/jigyosho_150.csv,2025-12末,https://www.google.com/search?q=%E6%A0%AA%E5%BC%8F%E4%BC%9A%E7%A4%BE%E3%83%A1%E3%83%87%E3%82%A3%E3%82%B3%E3%83%BC%E3%83%97%E3%81%A8%E3%81%A3%E3%81%A8%E3%82%8A%E3%80%80%E3%83%87%E3%82%A4%E3%82%B5%E3%83%BC%E3%83%93%E3%82%B9%E3%81%8B%E3%81%8C%E3%82%84%E3%81%8D%20%E9%B3%A5%E5%8F%96%E5%B8%82
幸風デイサービスセンター鳥取,デイサービス,鳥取県,鳥取市,"介護,デイサービス",日中に通って食事・入浴・機能訓練・見守りなどを受けるサービスです。,https://www.google.com/search?q=%E5%B9%B8%E9%A2%A8%E3%83%87%E3%82%A4%E3%82%B5%E3%83%BC%E3%83%93%E3%82%B9%E3%82%BB%E3%83%B3%E3%82%BF%E3%83%BC%E9%B3%A5%E5%8F%96%20%E9%B3%A5%E5%8F%96%E5%B8%82,鳥取県鳥取市商栄町115-4,0857-50-1765,厚生労働省オープンデータ,https://www.mhlw.go.jp/content/12300000/jigyosho_150.csv,2025-12末,https://www.google.com/search?q=%E5%B9%B8%E9%A2%A8%E3%83%87%E3%82%A4%E3%82%B5%E3%83%BC%E3%83%93%E3%82%B9%E3%82%BB%E3%83%B3%E3%82%BF%E3%83%BC%E9%B3%A5%E5%8F%96%20%E9%B3%A5%E5%8F%96%E5%B8%82
鳥取松並ケアセンターそよ風,デイサービス,鳥取県,鳥取市,"介護,デイサービス",日中に通って食事・入浴・機能訓練・見守りなどを受けるサービスです。,https://www.google.com/search?q=%E9%B3%A5%E5%8F%96%E6%9D%BE%E4%B8%A6%E3%82%B1%E3%82%A2%E3%82%BB%E3%83%B3%E3%82%BF%E3%83%BC%E3%81%9D%E3%82%88%E9%A2%A8%20%E9%B3%A5%E5%8F%96%E5%B8%82,鳥取県鳥取市松並町2丁目134,0857-25-6300,厚生労働省オープンデータ,https://www.mhlw.go.jp/content/12300000/jigyosho_150.csv,2025-12末,https://www.google.com/search?q=%E9%B3%A5%E5%8F%96%E6%9D%BE%E4%B8%A6%E3%82%B1%E3%82%A2%E3%82%BB%E3%83%B3%E3%82%BF%E3%83%BC%E3%81%9D%E3%82%88%E9%A2%A8%20%E9%B3%A5%E5%8F%96%E5%B8%82
幸風デイサービスセンター福部,デイサービス,鳥取県,鳥取市,"介護,デイサービス",日中に通って食事・入浴・機能訓練・見守りなどを受けるサービスです。,qqud6rm9k＠air.ocn.ne.jp,鳥取県鳥取市福部町湯山４００－１,０８５７－７４－３７６１,厚生労働省オープンデータ,https://www.mhlw.go.jp/content/12300000/jigyosho_150.csv,2025-12末,https://www.google.com/search?q=%E5%B9%B8%E9%A2%A8%E3%83%87%E3%82%A4%E3%82%B5%E3%83%BC%E3%83%93%E3%82%B9%E3%82%BB%E3%83%B3%E3%82%BF%E3%83%BC%E7%A6%8F%E9%83%A8%20%E9%B3%A5%E5%8F%96%E5%B8%82
デイハウス　さくら,デイサービス,鳥取県,鳥取市,"介護,デイサービス",日中に通って食事・入浴・機能訓練・見守りなどを受けるサービスです。,https://www.google.com/search?q=%E3%83%87%E3%82%A4%E3%83%8F%E3%82%A6%E3%82%B9%E3%80%80%E3%81%95%E3%81%8F%E3%82%89%20%E9%B3%A5%E5%8F%96%E5%B8%82,鳥取県鳥取市西品治635-1,0857-50-0444,厚生労働省オープンデータ,https://www.mhlw.go.jp/content/12300000/jigyosho_150.csv,2025-12末,https://www.google.com/search?q=%E3%83%87%E3%82%A4%E3%83%8F%E3%82%A6%E3%82%B9%E3%80%80%E3%81%95%E3%81%8F%E3%82%89%20%E9%B3%A5%E5%8F%96%E5%B8%82
伯仙デイサービスセンターまごころ,デイサービス,鳥取県,米子市,"介護,デイサービス",日中に通って食事・入浴・機能訓練・見守りなどを受けるサービスです。,https://www.google.com/search?q=%E4%BC%AF%E4%BB%99%E3%83%87%E3%82%A4%E3%82%B5%E3%83%BC%E3%83%93%E3%82%B9%E3%82%BB%E3%83%B3%E3%82%BF%E3%83%BC%E3%81%BE%E3%81%94%E3%81%93%E3%82%8D%20%E7%B1%B3%E5%AD%90%E5%B8%82,鳥取県米子市河岡110番地1伯仙デイサービスセンターまごころ,0859-27-5762,厚生労働省オープンデータ,https://www.mhlw.go.jp/content/12300000/jigyosho_150.csv,2025-12末,https://www.google.com/search?q=%E4%BC%AF%E4%BB%99%E3%83%87%E3%82%A4%E3%82%B5%E3%83%BC%E3%83%93%E3%82%B9%E3%82%BB%E3%83%B3%E3%82%BF%E3%83%BC%E3%81%BE%E3%81%94%E3%81%93%E3%82%8D%20%E7%B1%B3%E5%AD%90%E5%B8%82
デイサービスセンターなんぶ幸朋苑,デイサービス,鳥取県,米子市,"介護,デイサービス",日中に通って食事・入浴・機能訓練・見守りなどを受けるサービスです。,https://www.kohoen.jp,鳥取県米子市石井1238,0859-26-5566,厚生労働省オープンデータ,https://www.mhlw.go.jp/content/12300000/jigyosho_150.csv,2025-12末,https://www.google.com/search?q=%E3%83%87%E3%82%A4%E3%82%B5%E3%83%BC%E3%83%93%E3%82%B9%E3%82%BB%E3%83%B3%E3%82%BF%E3%83%BC%E3%81%AA%E3%82%93%E3%81%B6%E5%B9%B8%E6%9C%8B%E8%8B%91%20%E7%B1%B3%E5%AD%90%E5%B8%82
デイサービスセンターよなご幸朋苑,デイサービス,鳥取県,米子市,"介護,デイサービス",日中に通って食事・入浴・機能訓練・見守りなどを受けるサービスです。,http//www.kohoen.jp,鳥取県米子市上後藤　３丁目３番３号,0859-24-3330,厚生労働省オープンデータ,https://www.mhlw.go.jp/content/12300000/jigyosho_150.csv,2025-12末,https://www.google.com/search?q=%E3%83%87%E3%82%A4%E3%82%B5%E3%83%BC%E3%83%93%E3%82%B9%E3%82%BB%E3%83%B3%E3%82%BF%E3%83%BC%E3%82%88%E3%81%AA%E3%81%94%E5%B9%B8%E6%9C%8B%E8%8B%91%20%E7%B1%B3%E5%AD%90%E5%B8%82
デイサービス孫の手,デイサービス,鳥取県,米子市,"介護,デイサービス",日中に通って食事・入浴・機能訓練・見守りなどを受けるサービスです。,http://www.t-a-d.jp/,鳥取県米子市両三柳825あらかると孫の手,0859-30-0777,厚生労働省オープンデータ,https://www.mhlw.go.jp/content/12300000/jigyosho_150.csv,2025-12末,https://www.google.com/search?q=%E3%83%87%E3%82%A4%E3%82%B5%E3%83%BC%E3%83%93%E3%82%B9%E5%AD%AB%E3%81%AE%E6%89%8B%20%E7%B1%B3%E5%AD%90%E5%B8%82
アイル米子,デイサービス,鳥取県,米子市,"介護,デイサービス",日中に通って食事・入浴・機能訓練・見守りなどを受けるサービスです。,www.airusanin.jp,鳥取県米子市東福原３丁目９番１３号,0859-21-5851,厚生労働省オープンデータ,https://www.mhlw.go.jp/content/12300000/jigyosho_150.csv,2025-12末,https://www.google.com/search?q=%E3%82%A2%E3%82%A4%E3%83%AB%E7%B1%B3%E5%AD%90%20%E7%B1%B3%E5%AD%90%E5%B8%82
ツクイ米子旗ヶ崎,デイサービス,鳥取県,米子市,"介護,デイサービス",日中に通って食事・入浴・機能訓練・見守りなどを受けるサービスです。,https://www.google.com/search?q=%E3%83%84%E3%82%AF%E3%82%A4%E7%B1%B3%E5%AD%90%E6%97%97%E3%83%B6%E5%B4%8E%20%E7%B1%B3%E5%AD%90%E5%B8%82,鳥取県米子市旗ヶ崎2-9-8,0859-37-3155,厚生労働省オープンデータ,https://www.mhlw.go.jp/content/12300000/jigyosho_150.csv,2025-12末,https://www.google.com/search?q=%E3%83%84%E3%82%AF%E3%82%A4%E7%B1%B3%E5%AD%90%E6%97%97%E3%83%B6%E5%B4%8E%20%E7%B1%B3%E5%AD%90%E5%B8%82
ハピネデイサービスセンター,デイサービス,鳥取県,米子市,"介護,デイサービス",日中に通って食事・入浴・機能訓練・見守りなどを受けるサービスです。,http://www.hapine.com,鳥取県米子市久米町２００,0859-31-8810,厚生労働省オープンデータ,https://www.mhlw.go.jp/content/12300000/jigyosho_150.csv,2025-12末,https://www.google.com/search?q=%E3%83%8F%E3%83%94%E3%83%8D%E3%83%87%E3%82%A4%E3%82%B5%E3%83%BC%E3%83%93%E3%82%B9%E3%82%BB%E3%83%B3%E3%82%BF%E3%83%BC%20%E7%B1%B3%E5%AD%90%E5%B8%82
デイサービス孫の手別館ふれあい広場,デイサービス,鳥取県,米子市,"介護,デイサービス",日中に通って食事・入浴・機能訓練・見守りなどを受けるサービスです。,http://www.t-a-d.jp/service_03.html,鳥取県米子市石井693-2,0859-21-7391,厚生労働省オープンデータ,https://www.mhlw.go.jp/content/12300000/jigyosho_150.csv,2025-12末,https://www.google.com/search?q=%E3%83%87%E3%82%A4%E3%82%B5%E3%83%BC%E3%83%93%E3%82%B9%E5%AD%AB%E3%81%AE%E6%89%8B%E5%88%A5%E9%A4%A8%E3%81%B5%E3%82%8C%E3%81%82%E3%81%84%E5%BA%83%E5%A0%B4%20%E7%B1%B3%E5%AD%90%E5%B8%82
デイサービスセンター博愛苑,デイサービス,鳥取県,米子市,"介護,デイサービス",日中に通って食事・入浴・機能訓練・見守りなどを受けるサービスです。,http://www.hakuaikai-smile.jp/,鳥取県米子市一部555番地,0859-37-1101,厚生労働省オープンデータ,https://www.mhlw.go.jp/content/12300000/jigyosho_150.csv,2025-12末,https://www.google.com/search?q=%E3%83%87%E3%82%A4%E3%82%B5%E3%83%BC%E3%83%93%E3%82%B9%E3%82%BB%E3%83%B3%E3%82%BF%E3%83%BC%E5%8D%9A%E6%84%9B%E8%8B%91%20%E7%B1%B3%E5%AD%90%E5%B8%82
デイサービスセンター　かわさき,デイサービス,鳥取県,米子市,"介護,デイサービス",日中に通って食事・入浴・機能訓練・見守りなどを受けるサービスです。,http://www.kohoen.jp,鳥取県米子市両三柳4543-30,0859-48-0611,厚生労働省オープンデータ,https://www.mhlw.go.jp/content/12300000/jigyosho_150.csv,2025-12末,https://www.google.com/search?q=%E3%83%87%E3%82%A4%E3%82%B5%E3%83%BC%E3%83%93%E3%82%B9%E3%82%BB%E3%83%B3%E3%82%BF%E3%83%BC%E3%80%80%E3%81%8B%E3%82%8F%E3%81%95%E3%81%8D%20%E7%B1%B3%E5%AD%90%E5%B8%82
ハピネデイサービスセンターはくほう,デイサービス,鳥取県,米子市,"介護,デイサービス",日中に通って食事・入浴・機能訓練・見守りなどを受けるサービスです。,http://www.hapine.com,鳥取県米子市皆生温泉3丁目１5番50号,0859-38-1113,厚生労働省オープンデータ,https://www.mhlw.go.jp/content/12300000/jigyosho_150.csv,2025-12末,https://www.google.com/search?q=%E3%83%8F%E3%83%94%E3%83%8D%E3%83%87%E3%82%A4%E3%82%B5%E3%83%BC%E3%83%93%E3%82%B9%E3%82%BB%E3%83%B3%E3%82%BF%E3%83%BC%E3%81%AF%E3%81%8F%E3%81%BB%E3%81%86%20%E7%B1%B3%E5%AD%90%E5%B8%82
通所介護　真誠会ローズガーデン,デイサービス,鳥取県,米子市,"介護,デイサービス",日中に通って食事・入浴・機能訓練・見守りなどを受けるサービスです。,http://www.hospitown.or.jp/,鳥取県米子市冨士見町6番地6,0859-30-2288,厚生労働省オープンデータ,https://www.mhlw.go.jp/content/12300000/jigyosho_150.csv,2025-12末,https://www.google.com/search?q=%E9%80%9A%E6%89%80%E4%BB%8B%E8%AD%B7%E3%80%80%E7%9C%9F%E8%AA%A0%E4%BC%9A%E3%83%AD%E3%83%BC%E3%82%BA%E3%82%AC%E3%83%BC%E3%83%87%E3%83%B3%20%E7%B1%B3%E5%AD%90%E5%B8%82
通所介護　皆生ローズガーデン,デイサービス,鳥取県,米子市,"介護,デイサービス",日中に通って食事・入浴・機能訓練・見守りなどを受けるサービスです。,http://www.hospitown.or.jp/,鳥取県米子市新開3-3-10,0859-36-8190,厚生労働省オープンデータ,https://www.mhlw.go.jp/content/12300000/jigyosho_150.csv,2025-12末,https://www.google.com/search?q=%E9%80%9A%E6%89%80%E4%BB%8B%E8%AD%B7%E3%80%80%E7%9A%86%E7%94%9F%E3%83%AD%E3%83%BC%E3%82%BA%E3%82%AC%E3%83%BC%E3%83%87%E3%83%B3%20%E7%B1%B3%E5%AD%90%E5%B8%82
通所介護　弓浜ゆうとぴあ,デイサービス,鳥取県,米子市,"介護,デイサービス",日中に通って食事・入浴・機能訓練・見守りなどを受けるサービスです。,http://www.hospitown.or.jp/,鳥取県米子市大崎1511番地1,0859-48-2337,厚生労働省オープンデータ,https://www.mhlw.go.jp/content/12300000/jigyosho_150.csv,2025-12末,https://www.google.com/search?q=%E9%80%9A%E6%89%80%E4%BB%8B%E8%AD%B7%E3%80%80%E5%BC%93%E6%B5%9C%E3%82%86%E3%81%86%E3%81%A8%E3%81%B4%E3%81%82%20%E7%B1%B3%E5%AD%90%E5%B8%82
富益しあわせデイサービス,デイサービス,鳥取県,米子市,"介護,デイサービス",日中に通って食事・入浴・機能訓練・見守りなどを受けるサービスです。,http://www.hospitown.or.jp/,鳥取県米子市富益町235番地8,0859-25-6811,厚生労働省オープンデータ,https://www.mhlw.go.jp/content/12300000/jigyosho_150.csv,2025-12末,https://www.google.com/search?q=%E5%AF%8C%E7%9B%8A%E3%81%97%E3%81%82%E3%82%8F%E3%81%9B%E3%83%87%E3%82%A4%E3%82%B5%E3%83%BC%E3%83%93%E3%82%B9%20%E7%B1%B3%E5%AD%90%E5%B8%82
デイサービスセンターさわやか,デイサービス,鳥取県,米子市,"介護,デイサービス",日中に通って食事・入浴・機能訓練・見守りなどを受けるサービスです。,https://www.google.com/search?q=%E3%83%87%E3%82%A4%E3%82%B5%E3%83%BC%E3%83%93%E3%82%B9%E3%82%BB%E3%83%B3%E3%82%BF%E3%83%BC%E3%81%95%E3%82%8F%E3%82%84%E3%81%8B%20%E7%B1%B3%E5%AD%90%E5%B8%82,鳥取県米子市皆生温泉１丁目１６番１０号,0859-38-5288,厚生労働省オープンデータ,https://www.mhlw.go.jp/content/12300000/jigyosho_150.csv,2025-12末,https://www.google.com/search?q=%E3%83%87%E3%82%A4%E3%82%B5%E3%83%BC%E3%83%93%E3%82%B9%E3%82%BB%E3%83%B3%E3%82%BF%E3%83%BC%E3%81%95%E3%82%8F%E3%82%84%E3%81%8B%20%E7%B1%B3%E5%AD%90%E5%B8%82
デイサービスセンター・アザレアコート,デイサービス,鳥取県,米子市,"介護,デイサービス",日中に通って食事・入浴・機能訓練・見守りなどを受けるサービスです。,http://www.kohoen.jp,鳥取県米子市両三柳1400,0859-24-3117,厚生労働省オープンデータ,https://www.mhlw.go.jp/content/12300000/jigyosho_150.csv,2025-12末,https://www.google.com/search?q=%E3%83%87%E3%82%A4%E3%82%B5%E3%83%BC%E3%83%93%E3%82%B9%E3%82%BB%E3%83%B3%E3%82%BF%E3%83%BC%E3%83%BB%E3%82%A2%E3%82%B6%E3%83%AC%E3%82%A2%E3%82%B3%E3%83%BC%E3%83%88%20%E7%B1%B3%E5%AD%90%E5%B8%82
アルクつつじ,デイサービス,鳥取県,米子市,"介護,デイサービス",日中に通って食事・入浴・機能訓練・見守りなどを受けるサービスです。,http://www.nissyoukai.com/,鳥取県米子市米原6丁目9番23号米子ヘルスケアつつじ,0859-37-5220,厚生労働省オープンデータ,https://www.mhlw.go.jp/content/12300000/jigyosho_150.csv,2025-12末,https://www.google.com/search?q=%E3%82%A2%E3%83%AB%E3%82%AF%E3%81%A4%E3%81%A4%E3%81%98%20%E7%B1%B3%E5%AD%90%E5%B8%82
真誠会セントラルローズガーデン,デイサービス,鳥取県,米子市,"介護,デイサービス",日中に通って食事・入浴・機能訓練・見守りなどを受けるサービスです。,http://www.hospitown.or.jp/,鳥取県米子市西福原8丁目16-66,0859-30-3330,厚生労働省オープンデータ,https://www.mhlw.go.jp/content/12300000/jigyosho_150.csv,2025-12末,https://www.google.com/search?q=%E7%9C%9F%E8%AA%A0%E4%BC%9A%E3%82%BB%E3%83%B3%E3%83%88%E3%83%A9%E3%83%AB%E3%83%AD%E3%83%BC%E3%82%BA%E3%82%AC%E3%83%BC%E3%83%87%E3%83%B3%20%E7%B1%B3%E5%AD%90%E5%B8%82
デイサービスセンターおおしのづ,デイサービス,鳥取県,米子市,"介護,デイサービス",日中に通って食事・入浴・機能訓練・見守りなどを受けるサービスです。,http://carehome475.com,鳥取県米子市大篠津町506‐1,0859-28-6920,厚生労働省オープンデータ,https://www.mhlw.go.jp/content/12300000/jigyosho_150.csv,2025-12末,https://www.google.com/search?q=%E3%83%87%E3%82%A4%E3%82%B5%E3%83%BC%E3%83%93%E3%82%B9%E3%82%BB%E3%83%B3%E3%82%BF%E3%83%BC%E3%81%8A%E3%81%8A%E3%81%97%E3%81%AE%E3%81%A5%20%E7%B1%B3%E5%AD%90%E5%B8%82
いずみの苑,デイサービス,鳥取県,米子市,"介護,デイサービス",日中に通って食事・入浴・機能訓練・見守りなどを受けるサービスです。,https://www.izuminosono.or.jp,鳥取県米子市淀江町淀江１０７５番地,0859-56-6888,厚生労働省オープンデータ,https://www.mhlw.go.jp/content/12300000/jigyosho_150.csv,2025-12末,https://www.google.com/search?q=%E3%81%84%E3%81%9A%E3%81%BF%E3%81%AE%E8%8B%91%20%E7%B1%B3%E5%AD%90%E5%B8%82
キャンパスライフ　エルル両三柳,デイサービス,鳥取県,米子市,"介護,デイサービス",日中に通って食事・入浴・機能訓練・見守りなどを受けるサービスです。,http://elfith.com/,鳥取県米子市両三柳206-2,0859-21-0031,厚生労働省オープンデータ,https://www.mhlw.go.jp/content/12300000/jigyosho_150.csv,2025-12末,https://www.google.com/search?q=%E3%82%AD%E3%83%A3%E3%83%B3%E3%83%91%E3%82%B9%E3%83%A9%E3%82%A4%E3%83%95%E3%80%80%E3%82%A8%E3%83%AB%E3%83%AB%E4%B8%A1%E4%B8%89%E6%9F%B3%20%E7%B1%B3%E5%AD%90%E5%B8%82
リハビリサポートデイサービスユーアイ,デイサービス,鳥取県,米子市,"介護,デイサービス",日中に通って食事・入浴・機能訓練・見守りなどを受けるサービスです。,https://uplaza-sanin.jp/ui/,鳥取県米子市米原5丁目5-1,0859-21-0246,厚生労働省オープンデータ,https://www.mhlw.go.jp/content/12300000/jigyosho_150.csv,2025-12末,https://www.google.com/search?q=%E3%83%AA%E3%83%8F%E3%83%93%E3%83%AA%E3%82%B5%E3%83%9D%E3%83%BC%E3%83%88%E3%83%87%E3%82%A4%E3%82%B5%E3%83%BC%E3%83%93%E3%82%B9%E3%83%A6%E3%83%BC%E3%82%A2%E3%82%A4%20%E7%B1%B3%E5%AD%90%E5%B8%82
デイサービスおおたか,デイサービス,鳥取県,米子市,"介護,デイサービス",日中に通って食事・入浴・機能訓練・見守りなどを受けるサービスです。,http://www.ymc-net.or.jp/,鳥取県米子市尾高1812メディケアコートにじの里おおたか,0859-21-0025,厚生労働省オープンデータ,https://www.mhlw.go.jp/content/12300000/jigyosho_150.csv,2025-12末,https://www.google.com/search?q=%E3%83%87%E3%82%A4%E3%82%B5%E3%83%BC%E3%83%93%E3%82%B9%E3%81%8A%E3%81%8A%E3%81%9F%E3%81%8B%20%E7%B1%B3%E5%AD%90%E5%B8%82
でいさーびす　　ほうき,デイサービス,鳥取県,米子市,"介護,デイサービス",日中に通って食事・入浴・機能訓練・見守りなどを受けるサービスです。,https://day-service-houki.localinfo.jp/,鳥取県米子市西福原5丁目８－１８,0859-37-2080,厚生労働省オープンデータ,https://www.mhlw.go.jp/content/12300000/jigyosho_150.csv,2025-12末,https://www.google.com/search?q=%E3%81%A7%E3%81%84%E3%81%95%E3%83%BC%E3%81%B3%E3%81%99%E3%80%80%E3%80%80%E3%81%BB%E3%81%86%E3%81%8D%20%E7%B1%B3%E5%AD%90%E5%B8%82
ハピネデイサービスセンター両三柳,デイサービス,鳥取県,米子市,"介護,デイサービス",日中に通って食事・入浴・機能訓練・見守りなどを受けるサービスです。,http://www.hapine.com/,鳥取県米子市両三柳2066-1,0859-23-2455,厚生労働省オープンデータ,https://www.mhlw.go.jp/content/12300000/jigyosho_150.csv,2025-12末,https://www.google.com/search?q=%E3%83%8F%E3%83%94%E3%83%8D%E3%83%87%E3%82%A4%E3%82%B5%E3%83%BC%E3%83%93%E3%82%B9%E3%82%BB%E3%83%B3%E3%82%BF%E3%83%BC%E4%B8%A1%E4%B8%89%E6%9F%B3%20%E7%B1%B3%E5%AD%90%E5%B8%82
アクアサロン福守,デイサービス,鳥取県,倉吉市,"介護,デイサービス",日中に通って食事・入浴・機能訓練・見守りなどを受けるサービスです。,https://www.google.com/search?q=%E3%82%A2%E3%82%AF%E3%82%A2%E3%82%B5%E3%83%AD%E3%83%B3%E7%A6%8F%E5%AE%88%20%E5%80%89%E5%90%89%E5%B8%82,鳥取県倉吉市福守町406-6,0858-48-2278,厚生労働省オープンデータ,https://www.mhlw.go.jp/content/12300000/jigyosho_150.csv,2025-12末,https://www.google.com/search?q=%E3%82%A2%E3%82%AF%E3%82%A2%E3%82%B5%E3%83%AD%E3%83%B3%E7%A6%8F%E5%AE%88%20%E5%80%89%E5%90%89%E5%B8%82
関金ラジュームデイサービスセンター,デイサービス,鳥取県,倉吉市,"介護,デイサービス",日中に通って食事・入浴・機能訓練・見守りなどを受けるサービスです。,https://www.minorifukusikai.com/,鳥取県倉吉市関金町関金宿259-1,0858-45-1168,厚生労働省オープンデータ,https://www.mhlw.go.jp/content/12300000/jigyosho_150.csv,2025-12末,https://www.google.com/search?q=%E9%96%A2%E9%87%91%E3%83%A9%E3%82%B8%E3%83%A5%E3%83%BC%E3%83%A0%E3%83%87%E3%82%A4%E3%82%B5%E3%83%BC%E3%83%93%E3%82%B9%E3%82%BB%E3%83%B3%E3%82%BF%E3%83%BC%20%E5%80%89%E5%90%89%E5%B8%82
三喜苑西郷通所介護事業所,デイサービス,鳥取県,倉吉市,"介護,デイサービス",日中に通って食事・入浴・機能訓練・見守りなどを受けるサービスです。,http://www.sankien.jp,鳥取県倉吉市伊木265-3,0858-27-6070,厚生労働省オープンデータ,https://www.mhlw.go.jp/content/12300000/jigyosho_150.csv,2025-12末,https://www.google.com/search?q=%E4%B8%89%E5%96%9C%E8%8B%91%E8%A5%BF%E9%83%B7%E9%80%9A%E6%89%80%E4%BB%8B%E8%AD%B7%E4%BA%8B%E6%A5%AD%E6%89%80%20%E5%80%89%E5%90%89%E5%B8%82
デイサービスはるかぜ,デイサービス,鳥取県,倉吉市,"介護,デイサービス",日中に通って食事・入浴・機能訓練・見守りなどを受けるサービスです。,https://www.google.com/search?q=%E3%83%87%E3%82%A4%E3%82%B5%E3%83%BC%E3%83%93%E3%82%B9%E3%81%AF%E3%82%8B%E3%81%8B%E3%81%9C%20%E5%80%89%E5%90%89%E5%B8%82,鳥取県倉吉市福庭町１丁目225番地,0858-24-6960,厚生労働省オープンデータ,https://www.mhlw.go.jp/content/12300000/jigyosho_150.csv,2025-12末,https://www.google.com/search?q=%E3%83%87%E3%82%A4%E3%82%B5%E3%83%BC%E3%83%93%E3%82%B9%E3%81%AF%E3%82%8B%E3%81%8B%E3%81%9C%20%E5%80%89%E5%90%89%E5%B8%82
デイサービスセンターあずま園,デイサービス,鳥取県,倉吉市,"介護,デイサービス",日中に通って食事・入浴・機能訓練・見守りなどを受けるサービスです。,//azumaen.net,鳥取県倉吉市東巌城町４７２番地,0858-24-6801,厚生労働省オープンデータ,https://www.mhlw.go.jp/content/12300000/jigyosho_150.csv,2025-12末,https://www.google.com/search?q=%E3%83%87%E3%82%A4%E3%82%B5%E3%83%BC%E3%83%93%E3%82%B9%E3%82%BB%E3%83%B3%E3%82%BF%E3%83%BC%E3%81%82%E3%81%9A%E3%81%BE%E5%9C%92%20%E5%80%89%E5%90%89%E5%B8%82
倉吉デイサービスつばき,デイサービス,鳥取県,倉吉市,"介護,デイサービス",日中に通って食事・入浴・機能訓練・見守りなどを受けるサービスです。,http://www.nissyoukai.com/,鳥取県倉吉市余戸谷町３０５１番地１,0858-23-0051,厚生労働省オープンデータ,https://www.mhlw.go.jp/content/12300000/jigyosho_150.csv,2025-12末,https://www.google.com/search?q=%E5%80%89%E5%90%89%E3%83%87%E3%82%A4%E3%82%B5%E3%83%BC%E3%83%93%E3%82%B9%E3%81%A4%E3%81%B0%E3%81%8D%20%E5%80%89%E5%90%89%E5%B8%82
デイサービスセンターほほえみ,デイサービス,鳥取県,倉吉市,"介護,デイサービス",日中に通って食事・入浴・機能訓練・見守りなどを受けるサービスです。,http:www.nagomikikaku.net,鳥取県倉吉市大原634-3,0858-24-6125,厚生労働省オープンデータ,https://www.mhlw.go.jp/content/12300000/jigyosho_150.csv,2025-12末,https://www.google.com/search?q=%E3%83%87%E3%82%A4%E3%82%B5%E3%83%BC%E3%83%93%E3%82%B9%E3%82%BB%E3%83%B3%E3%82%BF%E3%83%BC%E3%81%BB%E3%81%BB%E3%81%88%E3%81%BF%20%E5%80%89%E5%90%89%E5%B8%82
デイサービスセンターウエハラ,デイサービス,鳥取県,倉吉市,"介護,デイサービス",日中に通って食事・入浴・機能訓練・見守りなどを受けるサービスです。,https://www.google.com/search?q=%E3%83%87%E3%82%A4%E3%82%B5%E3%83%BC%E3%83%93%E3%82%B9%E3%82%BB%E3%83%B3%E3%82%BF%E3%83%BC%E3%82%A6%E3%82%A8%E3%83%8F%E3%83%A9%20%E5%80%89%E5%90%89%E5%B8%82,鳥取県倉吉市堺町２丁目９６２－２,0858-22-3060,厚生労働省オープンデータ,https://www.mhlw.go.jp/content/12300000/jigyosho_150.csv,2025-12末,https://www.google.com/search?q=%E3%83%87%E3%82%A4%E3%82%B5%E3%83%BC%E3%83%93%E3%82%B9%E3%82%BB%E3%83%B3%E3%82%BF%E3%83%BC%E3%82%A6%E3%82%A8%E3%83%8F%E3%83%A9%20%E5%80%89%E5%90%89%E5%B8%82
デイサービスだいふく,デイサービス,鳥取県,倉吉市,"介護,デイサービス",日中に通って食事・入浴・機能訓練・見守りなどを受けるサービスです。,https://www.google.com/search?q=%E3%83%87%E3%82%A4%E3%82%B5%E3%83%BC%E3%83%93%E3%82%B9%E3%81%A0%E3%81%84%E3%81%B5%E3%81%8F%20%E5%80%89%E5%90%89%E5%B8%82,鳥取県倉吉市清谷町1丁目163-3,0858-27-1088,厚生労働省オープンデータ,https://www.mhlw.go.jp/content/12300000/jigyosho_150.csv,2025-12末,https://www.google.com/search?q=%E3%83%87%E3%82%A4%E3%82%B5%E3%83%BC%E3%83%93%E3%82%B9%E3%81%A0%E3%81%84%E3%81%B5%E3%81%8F%20%E5%80%89%E5%90%89%E5%B8%82
倉吉スターガーデン,デイサービス,鳥取県,倉吉市,"介護,デイサービス",日中に通って食事・入浴・機能訓練・見守りなどを受けるサービスです。,https://minorifukusikai.com/,鳥取県倉吉市福守町491,0858-28-5801,厚生労働省オープンデータ,https://www.mhlw.go.jp/content/12300000/jigyosho_150.csv,2025-12末,https://www.google.com/search?q=%E5%80%89%E5%90%89%E3%82%B9%E3%82%BF%E3%83%BC%E3%82%AC%E3%83%BC%E3%83%87%E3%83%B3%20%E5%80%89%E5%90%89%E5%B8%82
デイサービスセンターマグノリア,デイサービス,鳥取県,倉吉市,"介護,デイサービス",日中に通って食事・入浴・機能訓練・見守りなどを受けるサービスです。,https://www.med-wel.jp/,鳥取県倉吉市上井町１丁目２番１,0858-26-3922,厚生労働省オープンデータ,https://www.mhlw.go.jp/content/12300000/jigyosho_150.csv,2025-12末,https://www.google.com/search?q=%E3%83%87%E3%82%A4%E3%82%B5%E3%83%BC%E3%83%93%E3%82%B9%E3%82%BB%E3%83%B3%E3%82%BF%E3%83%BC%E3%83%9E%E3%82%B0%E3%83%8E%E3%83%AA%E3%82%A2%20%E5%80%89%E5%90%89%E5%B8%82
デイサービスセンター和,デイサービス,鳥取県,倉吉市,"介護,デイサービス",日中に通って食事・入浴・機能訓練・見守りなどを受けるサービスです。,http://www.nagomikikaku.net,鳥取県倉吉市下余戸161-1,0858-27-0301,厚生労働省オープンデータ,https://www.mhlw.go.jp/content/12300000/jigyosho_150.csv,2025-12末,https://www.google.com/search?q=%E3%83%87%E3%82%A4%E3%82%B5%E3%83%BC%E3%83%93%E3%82%B9%E3%82%BB%E3%83%B3%E3%82%BF%E3%83%BC%E5%92%8C%20%E5%80%89%E5%90%89%E5%B8%82
社会福祉法人　倉吉市社会福祉協議会通所介護事業所,デイサービス,鳥取県,倉吉市,"介護,デイサービス",日中に通って食事・入浴・機能訓練・見守りなどを受けるサービスです。,https://kurayoshishakyo.com,鳥取県倉吉市関金町関金宿１１１５－２倉吉市高齢者生活福祉センター内,0858-45-3800,厚生労働省オープンデータ,https://www.mhlw.go.jp/content/12300000/jigyosho_150.csv,2025-12末,https://www.google.com/search?q=%E7%A4%BE%E4%BC%9A%E7%A6%8F%E7%A5%89%E6%B3%95%E4%BA%BA%E3%80%80%E5%80%89%E5%90%89%E5%B8%82%E7%A4%BE%E4%BC%9A%E7%A6%8F%E7%A5%89%E5%8D%94%E8%AD%B0%E4%BC%9A%E9%80%9A%E6%89%80%E4%BB%8B%E8%AD%B7%E4%BA%8B%E6%A5%AD%E6%89%80%20%E5%80%89%E5%90%89%E5%B8%82
デイサービスそらいろ,デイサービス,鳥取県,倉吉市,"介護,デイサービス",日中に通って食事・入浴・機能訓練・見守りなどを受けるサービスです。,http://lightup-ltd.com,鳥取県倉吉市幸町532番地1,0858-27-0820,厚生労働省オープンデータ,https://www.mhlw.go.jp/content/12300000/jigyosho_150.csv,2025-12末,https://www.google.com/search?q=%E3%83%87%E3%82%A4%E3%82%B5%E3%83%BC%E3%83%93%E3%82%B9%E3%81%9D%E3%82%89%E3%81%84%E3%82%8D%20%E5%80%89%E5%90%89%E5%B8%82
デイサービスひまわり,デイサービス,鳥取県,倉吉市,"介護,デイサービス",日中に通って食事・入浴・機能訓練・見守りなどを受けるサービスです。,http://www.siseikai.com/,東昭和町165ケアハウスひまわり昭和町１階,0858-47-0002,厚生労働省オープンデータ,https://www.mhlw.go.jp/content/12300000/jigyosho_150.csv,2025-12末,https://www.google.com/search?q=%E3%83%87%E3%82%A4%E3%82%B5%E3%83%BC%E3%83%93%E3%82%B9%E3%81%B2%E3%81%BE%E3%82%8F%E3%82%8A%20%E5%80%89%E5%90%89%E5%B8%82
デイサービスセンター健康塾　境港校,デイサービス,鳥取県,境港市,"介護,デイサービス",日中に通って食事・入浴・機能訓練・見守りなどを受けるサービスです。,http://hp.kaipoke.biz/b58/,鳥取県境港市上明治町83,0859-46-0370,厚生労働省オープンデータ,https://www.mhlw.go.jp/content/12300000/jigyosho_150.csv,2025-12末,https://www.google.com/search?q=%E3%83%87%E3%82%A4%E3%82%B5%E3%83%BC%E3%83%93%E3%82%B9%E3%82%BB%E3%83%B3%E3%82%BF%E3%83%BC%E5%81%A5%E5%BA%B7%E5%A1%BE%E3%80%80%E5%A2%83%E6%B8%AF%E6%A0%A1%20%E5%A2%83%E6%B8%AF%E5%B8%82
中浜ケアパートナーズ　通所介護事業所,デイサービス,鳥取県,境港市,"介護,デイサービス",日中に通って食事・入浴・機能訓練・見守りなどを受けるサービスです。,https://www.google.com/search?q=%E4%B8%AD%E6%B5%9C%E3%82%B1%E3%82%A2%E3%83%91%E3%83%BC%E3%83%88%E3%83%8A%E3%83%BC%E3%82%BA%E3%80%80%E9%80%9A%E6%89%80%E4%BB%8B%E8%AD%B7%E4%BA%8B%E6%A5%AD%E6%89%80%20%E5%A2%83%E6%B8%AF%E5%B8%82,鳥取県境港市財ノ木町字川尻562番地,0859-45-4661,厚生労働省オープンデータ,https://www.mhlw.go.jp/content/12300000/jigyosho_150.csv,2025-12末,https://www.google.com/search?q=%E4%B8%AD%E6%B5%9C%E3%82%B1%E3%82%A2%E3%83%91%E3%83%BC%E3%83%88%E3%83%8A%E3%83%BC%E3%82%BA%E3%80%80%E9%80%9A%E6%89%80%E4%BB%8B%E8%AD%B7%E4%BA%8B%E6%A5%AD%E6%89%80%20%E5%A2%83%E6%B8%AF%E5%B8%82
デイサービスセンター　さかい幸朋苑,デイサービス,鳥取県,境港市,"介護,デイサービス",日中に通って食事・入浴・機能訓練・見守りなどを受けるサービスです。,http://www.kohoen.jp,鳥取県境港市誠道町2083番地,0859-45-2299,厚生労働省オープンデータ,https://www.mhlw.go.jp/content/12300000/jigyosho_150.csv,2025-12末,https://www.google.com/search?q=%E3%83%87%E3%82%A4%E3%82%B5%E3%83%BC%E3%83%93%E3%82%B9%E3%82%BB%E3%83%B3%E3%82%BF%E3%83%BC%E3%80%80%E3%81%95%E3%81%8B%E3%81%84%E5%B9%B8%E6%9C%8B%E8%8B%91%20%E5%A2%83%E6%B8%AF%E5%B8%82
デイサービスセンター　新さかい幸朋苑,デイサービス,鳥取県,境港市,"介護,デイサービス",日中に通って食事・入浴・機能訓練・見守りなどを受けるサービスです。,http://www.kohoen.jp,鳥取県境港市上道町２０５３－１,0859-47-6514,厚生労働省オープンデータ,https://www.mhlw.go.jp/content/12300000/jigyosho_150.csv,2025-12末,https://www.google.com/search?q=%E3%83%87%E3%82%A4%E3%82%B5%E3%83%BC%E3%83%93%E3%82%B9%E3%82%BB%E3%83%B3%E3%82%BF%E3%83%BC%E3%80%80%E6%96%B0%E3%81%95%E3%81%8B%E3%81%84%E5%B9%B8%E6%9C%8B%E8%8B%91%20%E5%A2%83%E6%B8%AF%E5%B8%82
岩井あすなろデイサービスセンター,デイサービス,鳥取県,岩美町,"介護,デイサービス",日中に通って食事・入浴・機能訓練・見守りなどを受けるサービスです。,https://t-asunaro.jp/,鳥取県岩美郡岩美町宇治1034,0857-72-3571,厚生労働省オープンデータ,https://www.mhlw.go.jp/content/12300000/jigyosho_150.csv,2025-12末,https://www.google.com/search?q=%E5%B2%A9%E4%BA%95%E3%81%82%E3%81%99%E3%81%AA%E3%82%8D%E3%83%87%E3%82%A4%E3%82%B5%E3%83%BC%E3%83%93%E3%82%B9%E3%82%BB%E3%83%B3%E3%82%BF%E3%83%BC%20%E5%B2%A9%E7%BE%8E%E7%94%BA
デイサービスセンターわかばの家大岩,デイサービス,鳥取県,岩美町,"介護,デイサービス",日中に通って食事・入浴・機能訓練・見守りなどを受けるサービスです。,http://www.jainaba.com/kaigo/wakaba.htm,鳥取県岩美郡岩美町大谷３１２番地１,0857-72-8333,厚生労働省オープンデータ,https://www.mhlw.go.jp/content/12300000/jigyosho_150.csv,2025-12末,https://www.google.com/search?q=%E3%83%87%E3%82%A4%E3%82%B5%E3%83%BC%E3%83%93%E3%82%B9%E3%82%BB%E3%83%B3%E3%82%BF%E3%83%BC%E3%82%8F%E3%81%8B%E3%81%B0%E3%81%AE%E5%AE%B6%E5%A4%A7%E5%B2%A9%20%E5%B2%A9%E7%BE%8E%E7%94%BA
幸風デイサービスセンター,デイサービス,鳥取県,岩美町,"介護,デイサービス",日中に通って食事・入浴・機能訓練・見守りなどを受けるサービスです。,www.kouhuu.co.jp,鳥取県岩美郡岩美町浦富４３４－２５,0857-37-5226,厚生労働省オープンデータ,https://www.mhlw.go.jp/content/12300000/jigyosho_150.csv,2025-12末,https://www.google.com/search?q=%E5%B9%B8%E9%A2%A8%E3%83%87%E3%82%A4%E3%82%B5%E3%83%BC%E3%83%93%E3%82%B9%E3%82%BB%E3%83%B3%E3%82%BF%E3%83%BC%20%E5%B2%A9%E7%BE%8E%E7%94%BA
メディコープとっとり　デイサービスさくら,デイサービス,鳥取県,若桜町,"介護,デイサービス",日中に通って食事・入浴・機能訓練・見守りなどを受けるサービスです。,https://mcp.mcoop-tottori.jp/,鳥取県八頭郡若桜町若桜933-1,0858-71-0273,厚生労働省オープンデータ,https://www.mhlw.go.jp/content/12300000/jigyosho_150.csv,2025-12末,https://www.google.com/search?q=%E3%83%A1%E3%83%87%E3%82%A3%E3%82%B3%E3%83%BC%E3%83%97%E3%81%A8%E3%81%A3%E3%81%A8%E3%82%8A%E3%80%80%E3%83%87%E3%82%A4%E3%82%B5%E3%83%BC%E3%83%93%E3%82%B9%E3%81%95%E3%81%8F%E3%82%89%20%E8%8B%A5%E6%A1%9C%E7%94%BA
智頭デイサービスセンター,デイサービス,鳥取県,智頭町,"介護,デイサービス",日中に通って食事・入浴・機能訓練・見守りなどを受けるサービスです。,http://chizushakyo.jp,鳥取県八頭郡智頭町大字智頭1875,0858-75-2786,厚生労働省オープンデータ,https://www.mhlw.go.jp/content/12300000/jigyosho_150.csv,2025-12末,https://www.google.com/search?q=%E6%99%BA%E9%A0%AD%E3%83%87%E3%82%A4%E3%82%B5%E3%83%BC%E3%83%93%E3%82%B9%E3%82%BB%E3%83%B3%E3%82%BF%E3%83%BC%20%E6%99%BA%E9%A0%AD%E7%94%BA
デイサービス　元輝,デイサービス,鳥取県,八頭町,"介護,デイサービス",日中に通って食事・入浴・機能訓練・見守りなどを受けるサービスです。,https://en-gage.net/genki1/,鳥取県八頭郡八頭町池田４３２－２,0858-73-0161,厚生労働省オープンデータ,https://www.mhlw.go.jp/content/12300000/jigyosho_150.csv,2025-12末,https://www.google.com/search?q=%E3%83%87%E3%82%A4%E3%82%B5%E3%83%BC%E3%83%93%E3%82%B9%E3%80%80%E5%85%83%E8%BC%9D%20%E5%85%AB%E9%A0%AD%E7%94%BA
デイサービスセンターやず友和苑,デイサービス,鳥取県,八頭町,"介護,デイサービス",日中に通って食事・入浴・機能訓練・見守りなどを受けるサービスです。,https://www.google.com/search?q=%E3%83%87%E3%82%A4%E3%82%B5%E3%83%BC%E3%83%93%E3%82%B9%E3%82%BB%E3%83%B3%E3%82%BF%E3%83%BC%E3%82%84%E3%81%9A%E5%8F%8B%E5%92%8C%E8%8B%91%20%E5%85%AB%E9%A0%AD%E7%94%BA,鳥取県八頭郡八頭町宮谷200番地4,0858-71-0660,厚生労働省オープンデータ,https://www.mhlw.go.jp/content/12300000/jigyosho_150.csv,2025-12末,https://www.google.com/search?q=%E3%83%87%E3%82%A4%E3%82%B5%E3%83%BC%E3%83%93%E3%82%B9%E3%82%BB%E3%83%B3%E3%82%BF%E3%83%BC%E3%82%84%E3%81%9A%E5%8F%8B%E5%92%8C%E8%8B%91%20%E5%85%AB%E9%A0%AD%E7%94%BA
サンサンデイサ－ビス,デイサービス,鳥取県,八頭町,"介護,デイサービス",日中に通って食事・入浴・機能訓練・見守りなどを受けるサービスです。,https://www.google.com/search?q=%E3%82%B5%E3%83%B3%E3%82%B5%E3%83%B3%E3%83%87%E3%82%A4%E3%82%B5%EF%BC%8D%E3%83%93%E3%82%B9%20%E5%85%AB%E9%A0%AD%E7%94%BA,鳥取県八頭郡八頭町万代寺88,0858-71-1438,厚生労働省オープンデータ,https://www.mhlw.go.jp/content/12300000/jigyosho_150.csv,2025-12末,https://www.google.com/search?q=%E3%82%B5%E3%83%B3%E3%82%B5%E3%83%B3%E3%83%87%E3%82%A4%E3%82%B5%EF%BC%8D%E3%83%93%E3%82%B9%20%E5%85%AB%E9%A0%AD%E7%94%BA
通所介護事業所すこやか,デイサービス,鳥取県,八頭町,"介護,デイサービス",日中に通って食事・入浴・機能訓練・見守りなどを受けるサービスです。,https://swc-yazu.studio.site/,鳥取県八頭郡八頭町宮谷１２３番地,0858-76-7600,厚生労働省オープンデータ,https://www.mhlw.go.jp/content/12300000/jigyosho_150.csv,2025-12末,https://www.google.com/search?q=%E9%80%9A%E6%89%80%E4%BB%8B%E8%AD%B7%E4%BA%8B%E6%A5%AD%E6%89%80%E3%81%99%E3%81%93%E3%82%84%E3%81%8B%20%E5%85%AB%E9%A0%AD%E7%94%BA
社会福祉法人　　八頭町社会福祉協議会　　船岡支所,デイサービス,鳥取県,八頭町,"介護,デイサービス",日中に通って食事・入浴・機能訓練・見守りなどを受けるサービスです。,yazu@yazusyakyo.or.jp,鳥取県八頭郡八頭町船岡殿１５９番地,0858-73-0672,厚生労働省オープンデータ,https://www.mhlw.go.jp/content/12300000/jigyosho_150.csv,2025-12末,https://www.google.com/search?q=%E7%A4%BE%E4%BC%9A%E7%A6%8F%E7%A5%89%E6%B3%95%E4%BA%BA%E3%80%80%E3%80%80%E5%85%AB%E9%A0%AD%E7%94%BA%E7%A4%BE%E4%BC%9A%E7%A6%8F%E7%A5%89%E5%8D%94%E8%AD%B0%E4%BC%9A%E3%80%80%E3%80%80%E8%88%B9%E5%B2%A1%E6%94%AF%E6%89%80%20%E5%85%AB%E9%A0%AD%E7%94%BA
社会福祉法人　　八頭町社会福祉協議会　　八東支所,デイサービス,鳥取県,八頭町,"介護,デイサービス",日中に通って食事・入浴・機能訓練・見守りなどを受けるサービスです。,https://www.google.com/search?q=%E7%A4%BE%E4%BC%9A%E7%A6%8F%E7%A5%89%E6%B3%95%E4%BA%BA%E3%80%80%E3%80%80%E5%85%AB%E9%A0%AD%E7%94%BA%E7%A4%BE%E4%BC%9A%E7%A6%8F%E7%A5%89%E5%8D%94%E8%AD%B0%E4%BC%9A%E3%80%80%E3%80%80%E5%85%AB%E6%9D%B1%E6%94%AF%E6%89%80%20%E5%85%AB%E9%A0%AD%E7%94%BA,鳥取県八頭郡八頭町東５９３－１,0858-84-2210,厚生労働省オープンデータ,https://www.mhlw.go.jp/content/12300000/jigyosho_150.csv,2025-12末,https://www.google.com/search?q=%E7%A4%BE%E4%BC%9A%E7%A6%8F%E7%A5%89%E6%B3%95%E4%BA%BA%E3%80%80%E3%80%80%E5%85%AB%E9%A0%AD%E7%94%BA%E7%A4%BE%E4%BC%9A%E7%A6%8F%E7%A5%89%E5%8D%94%E8%AD%B0%E4%BC%9A%E3%80%80%E3%80%80%E5%85%AB%E6%9D%B1%E6%94%AF%E6%89%80%20%E5%85%AB%E9%A0%AD%E7%94%BA
社会福祉法人　　八頭町社会福祉協議会　　本所,デイサービス,鳥取県,八頭町,"介護,デイサービス",日中に通って食事・入浴・機能訓練・見守りなどを受けるサービスです。,http//yazu-syakyo.or.jp/,鳥取県八頭郡八頭町宮谷２５４番地１,0858-71-1332,厚生労働省オープンデータ,https://www.mhlw.go.jp/content/12300000/jigyosho_150.csv,2025-12末,https://www.google.com/search?q=%E7%A4%BE%E4%BC%9A%E7%A6%8F%E7%A5%89%E6%B3%95%E4%BA%BA%E3%80%80%E3%80%80%E5%85%AB%E9%A0%AD%E7%94%BA%E7%A4%BE%E4%BC%9A%E7%A6%8F%E7%A5%89%E5%8D%94%E8%AD%B0%E4%BC%9A%E3%80%80%E3%80%80%E6%9C%AC%E6%89%80%20%E5%85%AB%E9%A0%AD%E7%94%BA
三朝温泉　三喜苑　通所介護事業所,デイサービス,鳥取県,三朝町,"介護,デイサービス",日中に通って食事・入浴・機能訓練・見守りなどを受けるサービスです。,https://www.sankien.jp,鳥取県　東伯郡　三朝町　横手３９６　（山田１０８番地５）,0858-43-3330,厚生労働省オープンデータ,https://www.mhlw.go.jp/content/12300000/jigyosho_150.csv,2025-12末,https://www.google.com/search?q=%E4%B8%89%E6%9C%9D%E6%B8%A9%E6%B3%89%E3%80%80%E4%B8%89%E5%96%9C%E8%8B%91%E3%80%80%E9%80%9A%E6%89%80%E4%BB%8B%E8%AD%B7%E4%BA%8B%E6%A5%AD%E6%89%80%20%E4%B8%89%E6%9C%9D%E7%94%BA
社会福祉法人　三朝町社会福祉協議会　指定通所介護事業所,デイサービス,鳥取県,三朝町,"介護,デイサービス",日中に通って食事・入浴・機能訓練・見守りなどを受けるサービスです。,http://www.misasa-syakyo.or.jp/,鳥取県東伯郡三朝町大字横手５０番地の４,0858-43-3388,厚生労働省オープンデータ,https://www.mhlw.go.jp/content/12300000/jigyosho_150.csv,2025-12末,https://www.google.com/search?q=%E7%A4%BE%E4%BC%9A%E7%A6%8F%E7%A5%89%E6%B3%95%E4%BA%BA%E3%80%80%E4%B8%89%E6%9C%9D%E7%94%BA%E7%A4%BE%E4%BC%9A%E7%A6%8F%E7%A5%89%E5%8D%94%E8%AD%B0%E4%BC%9A%E3%80%80%E6%8C%87%E5%AE%9A%E9%80%9A%E6%89%80%E4%BB%8B%E8%AD%B7%E4%BA%8B%E6%A5%AD%E6%89%80%20%E4%B8%89%E6%9C%9D%E7%94%BA
デイサービスセンター三朝みのり,デイサービス,鳥取県,三朝町,"介護,デイサービス",日中に通って食事・入浴・機能訓練・見守りなどを受けるサービスです。,https://minorifukusikai.com,鳥取県東伯郡三朝町山田653-1,0858-43-5108,厚生労働省オープンデータ,https://www.mhlw.go.jp/content/12300000/jigyosho_150.csv,2025-12末,https://www.google.com/search?q=%E3%83%87%E3%82%A4%E3%82%B5%E3%83%BC%E3%83%93%E3%82%B9%E3%82%BB%E3%83%B3%E3%82%BF%E3%83%BC%E4%B8%89%E6%9C%9D%E3%81%BF%E3%81%AE%E3%82%8A%20%E4%B8%89%E6%9C%9D%E7%94%BA
デイサービスセンターハワイ信生荘,デイサービス,鳥取県,湯梨浜町,"介護,デイサービス",日中に通って食事・入浴・機能訓練・見守りなどを受けるサービスです。,http://sinseiso.tkc.best-hp.jp,鳥取県東伯郡湯梨浜町はわい温泉５８番５,0858-35-5215,厚生労働省オープンデータ,https://www.mhlw.go.jp/content/12300000/jigyosho_150.csv,2025-12末,https://www.google.com/search?q=%E3%83%87%E3%82%A4%E3%82%B5%E3%83%BC%E3%83%93%E3%82%B9%E3%82%BB%E3%83%B3%E3%82%BF%E3%83%BC%E3%83%8F%E3%83%AF%E3%82%A4%E4%BF%A1%E7%94%9F%E8%8D%98%20%E6%B9%AF%E6%A2%A8%E6%B5%9C%E7%94%BA
社会福祉法人湯梨浜町社会福祉協議会東郷指定通所介護事業所,デイサービス,鳥取県,湯梨浜町,"介護,デイサービス",日中に通って食事・入浴・機能訓練・見守りなどを受けるサービスです。,http://www.yurihama-shakyo.jp,鳥取県東伯郡湯梨浜町旭８６番地,0858-32-2520,厚生労働省オープンデータ,https://www.mhlw.go.jp/content/12300000/jigyosho_150.csv,2025-12末,https://www.google.com/search?q=%E7%A4%BE%E4%BC%9A%E7%A6%8F%E7%A5%89%E6%B3%95%E4%BA%BA%E6%B9%AF%E6%A2%A8%E6%B5%9C%E7%94%BA%E7%A4%BE%E4%BC%9A%E7%A6%8F%E7%A5%89%E5%8D%94%E8%AD%B0%E4%BC%9A%E6%9D%B1%E9%83%B7%E6%8C%87%E5%AE%9A%E9%80%9A%E6%89%80%E4%BB%8B%E8%AD%B7%E4%BA%8B%E6%A5%AD%E6%89%80%20%E6%B9%AF%E6%A2%A8%E6%B5%9C%E7%94%BA
アロハデイサービスセンターあずま園,デイサービス,鳥取県,湯梨浜町,"介護,デイサービス",日中に通って食事・入浴・機能訓練・見守りなどを受けるサービスです。,http://azumaen.net/,鳥取県東伯郡湯梨浜町水下１６６番地１,0858-47-5010,厚生労働省オープンデータ,https://www.mhlw.go.jp/content/12300000/jigyosho_150.csv,2025-12末,https://www.google.com/search?q=%E3%82%A2%E3%83%AD%E3%83%8F%E3%83%87%E3%82%A4%E3%82%B5%E3%83%BC%E3%83%93%E3%82%B9%E3%82%BB%E3%83%B3%E3%82%BF%E3%83%BC%E3%81%82%E3%81%9A%E3%81%BE%E5%9C%92%20%E6%B9%AF%E6%A2%A8%E6%B5%9C%E7%94%BA
湯梨浜みのりデイサービスセンター,デイサービス,鳥取県,湯梨浜町,"介護,デイサービス",日中に通って食事・入浴・機能訓練・見守りなどを受けるサービスです。,https://minorifukusikai.com/,鳥取県東伯郡湯梨浜町門田196-2,0858-48-6188,厚生労働省オープンデータ,https://www.mhlw.go.jp/content/12300000/jigyosho_150.csv,2025-12末,https://www.google.com/search?q=%E6%B9%AF%E6%A2%A8%E6%B5%9C%E3%81%BF%E3%81%AE%E3%82%8A%E3%83%87%E3%82%A4%E3%82%B5%E3%83%BC%E3%83%93%E3%82%B9%E3%82%BB%E3%83%B3%E3%82%BF%E3%83%BC%20%E6%B9%AF%E6%A2%A8%E6%B5%9C%E7%94%BA
はわいデイサービスセンターあずま園,デイサービス,鳥取県,湯梨浜町,"介護,デイサービス",日中に通って食事・入浴・機能訓練・見守りなどを受けるサービスです。,http://azumaen.net/,鳥取県東伯郡湯梨浜町光吉107－35,0858－48－5666,厚生労働省オープンデータ,https://www.mhlw.go.jp/content/12300000/jigyosho_150.csv,2025-12末,https://www.google.com/search?q=%E3%81%AF%E3%82%8F%E3%81%84%E3%83%87%E3%82%A4%E3%82%B5%E3%83%BC%E3%83%93%E3%82%B9%E3%82%BB%E3%83%B3%E3%82%BF%E3%83%BC%E3%81%82%E3%81%9A%E3%81%BE%E5%9C%92%20%E6%B9%AF%E6%A2%A8%E6%B5%9C%E7%94%BA
リハビリテーション強化型デイサービスEsola,デイサービス,鳥取県,湯梨浜町,"介護,デイサービス",日中に通って食事・入浴・機能訓練・見守りなどを受けるサービスです。,https://esola.business.site,鳥取県東伯郡湯梨浜町はわい長瀬字三ツ江804番地1,0858-48-5178,厚生労働省オープンデータ,https://www.mhlw.go.jp/content/12300000/jigyosho_150.csv,2025-12末,https://www.google.com/search?q=%E3%83%AA%E3%83%8F%E3%83%93%E3%83%AA%E3%83%86%E3%83%BC%E3%82%B7%E3%83%A7%E3%83%B3%E5%BC%B7%E5%8C%96%E5%9E%8B%E3%83%87%E3%82%A4%E3%82%B5%E3%83%BC%E3%83%93%E3%82%B9Esola%20%E6%B9%AF%E6%A2%A8%E6%B5%9C%E7%94%BA
共生型デイサービスGottcha,デイサービス,鳥取県,湯梨浜町,"介護,デイサービス",日中に通って食事・入浴・機能訓練・見守りなどを受けるサービスです。,https://esola-nursing-agency.business.site,鳥取県東伯郡湯梨浜町大字長江字東蓼尾310番76多機能共生型施設Esola⁺,0858-48-6001,厚生労働省オープンデータ,https://www.mhlw.go.jp/content/12300000/jigyosho_150.csv,2025-12末,https://www.google.com/search?q=%E5%85%B1%E7%94%9F%E5%9E%8B%E3%83%87%E3%82%A4%E3%82%B5%E3%83%BC%E3%83%93%E3%82%B9Gottcha%20%E6%B9%AF%E6%A2%A8%E6%B5%9C%E7%94%BA
社会福祉法人　琴浦町社会福祉協議会　通所介護事業所,デイサービス,鳥取県,琴浦町,"介護,デイサービス",日中に通って食事・入浴・機能訓練・見守りなどを受けるサービスです。,http://www.kotoura-shakyo.jp,鳥取県東伯郡琴浦町大字浦安１２３番地１琴浦町社会福祉センター,0858-52-3600,厚生労働省オープンデータ,https://www.mhlw.go.jp/content/12300000/jigyosho_150.csv,2025-12末,https://www.google.com/search?q=%E7%A4%BE%E4%BC%9A%E7%A6%8F%E7%A5%89%E6%B3%95%E4%BA%BA%E3%80%80%E7%90%B4%E6%B5%A6%E7%94%BA%E7%A4%BE%E4%BC%9A%E7%A6%8F%E7%A5%89%E5%8D%94%E8%AD%B0%E4%BC%9A%E3%80%80%E9%80%9A%E6%89%80%E4%BB%8B%E8%AD%B7%E4%BA%8B%E6%A5%AD%E6%89%80%20%E7%90%B4%E6%B5%A6%E7%94%BA
デイサービス鈴ヶ野,デイサービス,鳥取県,琴浦町,"介護,デイサービス",日中に通って食事・入浴・機能訓練・見守りなどを受けるサービスです。,https://www.morimoto-med1977.jp,鳥取県東伯郡琴浦町大字逢束1213番地1,0858-53-2870,厚生労働省オープンデータ,https://www.mhlw.go.jp/content/12300000/jigyosho_150.csv,2025-12末,https://www.google.com/search?q=%E3%83%87%E3%82%A4%E3%82%B5%E3%83%BC%E3%83%93%E3%82%B9%E9%88%B4%E3%83%B6%E9%87%8E%20%E7%90%B4%E6%B5%A6%E7%94%BA
陽だまりの家　デイサービスセンター,デイサービス,鳥取県,琴浦町,"介護,デイサービス",日中に通って食事・入浴・機能訓練・見守りなどを受けるサービスです。,http://www.solhem.jp/,鳥取県東伯郡琴浦町徳万70-1,0858-53-0695,厚生労働省オープンデータ,https://www.mhlw.go.jp/content/12300000/jigyosho_150.csv,2025-12末,https://www.google.com/search?q=%E9%99%BD%E3%81%A0%E3%81%BE%E3%82%8A%E3%81%AE%E5%AE%B6%E3%80%80%E3%83%87%E3%82%A4%E3%82%B5%E3%83%BC%E3%83%93%E3%82%B9%E3%82%BB%E3%83%B3%E3%82%BF%E3%83%BC%20%E7%90%B4%E6%B5%A6%E7%94%BA
陽だまりの家ことうらデイサービスセンター,デイサービス,鳥取県,琴浦町,"介護,デイサービス",日中に通って食事・入浴・機能訓練・見守りなどを受けるサービスです。,http://www.solhem.jp/,鳥取県東伯郡琴浦町逢束126,0858-52-1231,厚生労働省オープンデータ,https://www.mhlw.go.jp/content/12300000/jigyosho_150.csv,2025-12末,https://www.google.com/search?q=%E9%99%BD%E3%81%A0%E3%81%BE%E3%82%8A%E3%81%AE%E5%AE%B6%E3%81%93%E3%81%A8%E3%81%86%E3%82%89%E3%83%87%E3%82%A4%E3%82%B5%E3%83%BC%E3%83%93%E3%82%B9%E3%82%BB%E3%83%B3%E3%82%BF%E3%83%BC%20%E7%90%B4%E6%B5%A6%E7%94%BA
デイサービスセンターまほろば,デイサービス,鳥取県,琴浦町,"介護,デイサービス",日中に通って食事・入浴・機能訓練・見守りなどを受けるサービスです。,https://www.kotoura-mahoroba.life,鳥取県東伯郡琴浦町赤碕1840-7,0858-55-7551,厚生労働省オープンデータ,https://www.mhlw.go.jp/content/12300000/jigyosho_150.csv,2025-12末,https://www.google.com/search?q=%E3%83%87%E3%82%A4%E3%82%B5%E3%83%BC%E3%83%93%E3%82%B9%E3%82%BB%E3%83%B3%E3%82%BF%E3%83%BC%E3%81%BE%E3%81%BB%E3%82%8D%E3%81%B0%20%E7%90%B4%E6%B5%A6%E7%94%BA
みどり園通所介護事業所,デイサービス,鳥取県,琴浦町,"介護,デイサービス",日中に通って食事・入浴・機能訓練・見守りなどを受けるサービスです。,http://hp1.tcbnet.ne.jp/~midori/,鳥取県東伯郡琴浦町八橋1937番地,0858-53-2820,厚生労働省オープンデータ,https://www.mhlw.go.jp/content/12300000/jigyosho_150.csv,2025-12末,https://www.google.com/search?q=%E3%81%BF%E3%81%A9%E3%82%8A%E5%9C%92%E9%80%9A%E6%89%80%E4%BB%8B%E8%AD%B7%E4%BA%8B%E6%A5%AD%E6%89%80%20%E7%90%B4%E6%B5%A6%E7%94%BA
百寿苑デイサービスセンター,デイサービス,鳥取県,琴浦町,"介護,デイサービス",日中に通って食事・入浴・機能訓練・見守りなどを受けるサービスです。,http://www.hyakujyuen.jp,鳥取県東伯郡琴浦町赤碕１０６１－３,0858-55-2051,厚生労働省オープンデータ,https://www.mhlw.go.jp/content/12300000/jigyosho_150.csv,2025-12末,https://www.google.com/search?q=%E7%99%BE%E5%AF%BF%E8%8B%91%E3%83%87%E3%82%A4%E3%82%B5%E3%83%BC%E3%83%93%E3%82%B9%E3%82%BB%E3%83%B3%E3%82%BF%E3%83%BC%20%E7%90%B4%E6%B5%A6%E7%94%BA
百寿苑きらりデイサービスセンター,デイサービス,鳥取県,琴浦町,"介護,デイサービス",日中に通って食事・入浴・機能訓練・見守りなどを受けるサービスです。,http://www.hyakujyuen.jp/service_4_2.html#1,鳥取県東伯郡琴浦町赤碕２５４０番地５,0858-55-7022,厚生労働省オープンデータ,https://www.mhlw.go.jp/content/12300000/jigyosho_150.csv,2025-12末,https://www.google.com/search?q=%E7%99%BE%E5%AF%BF%E8%8B%91%E3%81%8D%E3%82%89%E3%82%8A%E3%83%87%E3%82%A4%E3%82%B5%E3%83%BC%E3%83%93%E3%82%B9%E3%82%BB%E3%83%B3%E3%82%BF%E3%83%BC%20%E7%90%B4%E6%B5%A6%E7%94%BA
べるびゅー大栄　デイサービス楽園,デイサービス,鳥取県,北栄町,"介護,デイサービス",日中に通って食事・入浴・機能訓練・見守りなどを受けるサービスです。,https://www.google.com/search?q=%E3%81%B9%E3%82%8B%E3%81%B3%E3%82%85%E3%83%BC%E5%A4%A7%E6%A0%84%E3%80%80%E3%83%87%E3%82%A4%E3%82%B5%E3%83%BC%E3%83%93%E3%82%B9%E6%A5%BD%E5%9C%92%20%E5%8C%97%E6%A0%84%E7%94%BA,鳥取県東伯郡北栄町六尾2005,0858-37-6655,厚生労働省オープンデータ,https://www.mhlw.go.jp/content/12300000/jigyosho_150.csv,2025-12末,https://www.google.com/search?q=%E3%81%B9%E3%82%8B%E3%81%B3%E3%82%85%E3%83%BC%E5%A4%A7%E6%A0%84%E3%80%80%E3%83%87%E3%82%A4%E3%82%B5%E3%83%BC%E3%83%93%E3%82%B9%E6%A5%BD%E5%9C%92%20%E5%8C%97%E6%A0%84%E7%94%BA
社会福祉法人北栄町社会福祉協議会　デイサービスセンターほくえい,デイサービス,鳥取県,北栄町,"介護,デイサービス",日中に通って食事・入浴・機能訓練・見守りなどを受けるサービスです。,http://hokuei-sykyo.or.jp/,鳥取県東伯郡北栄町瀬戸２９番地９,0858-37-4522,厚生労働省オープンデータ,https://www.mhlw.go.jp/content/12300000/jigyosho_150.csv,2025-12末,https://www.google.com/search?q=%E7%A4%BE%E4%BC%9A%E7%A6%8F%E7%A5%89%E6%B3%95%E4%BA%BA%E5%8C%97%E6%A0%84%E7%94%BA%E7%A4%BE%E4%BC%9A%E7%A6%8F%E7%A5%89%E5%8D%94%E8%AD%B0%E4%BC%9A%E3%80%80%E3%83%87%E3%82%A4%E3%82%B5%E3%83%BC%E3%83%93%E3%82%B9%E3%82%BB%E3%83%B3%E3%82%BF%E3%83%BC%E3%81%BB%E3%81%8F%E3%81%88%E3%81%84%20%E5%8C%97%E6%A0%84%E7%94%BA
北栄デイサービスセンターあずま園,デイサービス,鳥取県,北栄町,"介護,デイサービス",日中に通って食事・入浴・機能訓練・見守りなどを受けるサービスです。,http://azumaen.net/index.php,鳥取県東伯郡北栄町東園３２９番地,0858-37-4804,厚生労働省オープンデータ,https://www.mhlw.go.jp/content/12300000/jigyosho_150.csv,2025-12末,https://www.google.com/search?q=%E5%8C%97%E6%A0%84%E3%83%87%E3%82%A4%E3%82%B5%E3%83%BC%E3%83%93%E3%82%B9%E3%82%BB%E3%83%B3%E3%82%BF%E3%83%BC%E3%81%82%E3%81%9A%E3%81%BE%E5%9C%92%20%E5%8C%97%E6%A0%84%E7%94%BA
北栄みのりデイサービスセンター,デイサービス,鳥取県,北栄町,"介護,デイサービス",日中に通って食事・入浴・機能訓練・見守りなどを受けるサービスです。,https://minorifukusikai.com/,鳥取県東伯郡北栄町東園218-1,0858-37-6078,厚生労働省オープンデータ,https://www.mhlw.go.jp/content/12300000/jigyosho_150.csv,2025-12末,https://www.google.com/search?q=%E5%8C%97%E6%A0%84%E3%81%BF%E3%81%AE%E3%82%8A%E3%83%87%E3%82%A4%E3%82%B5%E3%83%BC%E3%83%93%E3%82%B9%E3%82%BB%E3%83%B3%E3%82%BF%E3%83%BC%20%E5%8C%97%E6%A0%84%E7%94%BA
デイサービスセンターくるみの木,デイサービス,鳥取県,北栄町,"介護,デイサービス",日中に通って食事・入浴・機能訓練・見守りなどを受けるサービスです。,https://kurumi.hp.peraichi.com/,鳥取県東伯郡北栄町松神145－1,0858-36-1303,厚生労働省オープンデータ,https://www.mhlw.go.jp/content/12300000/jigyosho_150.csv,2025-12末,https://www.google.com/search?q=%E3%83%87%E3%82%A4%E3%82%B5%E3%83%BC%E3%83%93%E3%82%B9%E3%82%BB%E3%83%B3%E3%82%BF%E3%83%BC%E3%81%8F%E3%82%8B%E3%81%BF%E3%81%AE%E6%9C%A8%20%E5%8C%97%E6%A0%84%E7%94%BA
デイサービス　レインボゥヴィレッジ,デイサービス,鳥取県,北栄町,"介護,デイサービス",日中に通って食事・入浴・機能訓練・見守りなどを受けるサービスです。,https://sites.google.com/view/weeds-rainbow,鳥取県東伯郡北栄町亀谷1461番地１,0858-49-6225,厚生労働省オープンデータ,https://www.mhlw.go.jp/content/12300000/jigyosho_150.csv,2025-12末,https://www.google.com/search?q=%E3%83%87%E3%82%A4%E3%82%B5%E3%83%BC%E3%83%93%E3%82%B9%E3%80%80%E3%83%AC%E3%82%A4%E3%83%B3%E3%83%9C%E3%82%A5%E3%83%B4%E3%82%A3%E3%83%AC%E3%83%83%E3%82%B8%20%E5%8C%97%E6%A0%84%E7%94%BA
宿泊付デイサービス　レインボゥロード,デイサービス,鳥取県,北栄町,"介護,デイサービス",日中に通って食事・入浴・機能訓練・見守りなどを受けるサービスです。,https://sites.google.com/view/weeds-rainbow,鳥取県東伯郡北栄町亀谷１４６１番地２,0858-49-6275,厚生労働省オープンデータ,https://www.mhlw.go.jp/content/12300000/jigyosho_150.csv,2025-12末,https://www.google.com/search?q=%E5%AE%BF%E6%B3%8A%E4%BB%98%E3%83%87%E3%82%A4%E3%82%B5%E3%83%BC%E3%83%93%E3%82%B9%E3%80%80%E3%83%AC%E3%82%A4%E3%83%B3%E3%83%9C%E3%82%A5%E3%83%AD%E3%83%BC%E3%83%89%20%E5%8C%97%E6%A0%84%E7%94%BA
大山町社会福祉協議会通所介護だいせん,デイサービス,鳥取県,大山町,"介護,デイサービス",日中に通って食事・入浴・機能訓練・見守りなどを受けるサービスです。,http://daisensyakyo.org,鳥取県西伯郡大山町末長５０３番地保健福祉センターだいせん,0859-39-5040,厚生労働省オープンデータ,https://www.mhlw.go.jp/content/12300000/jigyosho_150.csv,2025-12末,https://www.google.com/search?q=%E5%A4%A7%E5%B1%B1%E7%94%BA%E7%A4%BE%E4%BC%9A%E7%A6%8F%E7%A5%89%E5%8D%94%E8%AD%B0%E4%BC%9A%E9%80%9A%E6%89%80%E4%BB%8B%E8%AD%B7%E3%81%A0%E3%81%84%E3%81%9B%E3%82%93%20%E5%A4%A7%E5%B1%B1%E7%94%BA
ディサービスセンタール・ソラリオン名和,デイサービス,鳥取県,大山町,"介護,デイサービス",日中に通って食事・入浴・機能訓練・見守りなどを受けるサービスです。,http://www.med-wel.jp,鳥取県西伯郡大山町西坪５２０番地１,0859-54-6500,厚生労働省オープンデータ,https://www.mhlw.go.jp/content/12300000/jigyosho_150.csv,2025-12末,https://www.google.com/search?q=%E3%83%87%E3%82%A3%E3%82%B5%E3%83%BC%E3%83%93%E3%82%B9%E3%82%BB%E3%83%B3%E3%82%BF%E3%83%BC%E3%83%AB%E3%83%BB%E3%82%BD%E3%83%A9%E3%83%AA%E3%82%AA%E3%83%B3%E5%90%8D%E5%92%8C%20%E5%A4%A7%E5%B1%B1%E7%94%BA
デイサービス　大山やすらぎの里,デイサービス,鳥取県,大山町,"介護,デイサービス",日中に通って食事・入浴・機能訓練・見守りなどを受けるサービスです。,https://keiaikai-daisen.com/,鳥取県西伯郡大山町唐王２０８,0859-39-5555,厚生労働省オープンデータ,https://www.mhlw.go.jp/content/12300000/jigyosho_150.csv,2025-12末,https://www.google.com/search?q=%E3%83%87%E3%82%A4%E3%82%B5%E3%83%BC%E3%83%93%E3%82%B9%E3%80%80%E5%A4%A7%E5%B1%B1%E3%82%84%E3%81%99%E3%82%89%E3%81%8E%E3%81%AE%E9%87%8C%20%E5%A4%A7%E5%B1%B1%E7%94%BA
西伯デイサービスセンター　しあわせ,デイサービス,鳥取県,南部町,"介護,デイサービス",日中に通って食事・入浴・機能訓練・見守りなどを受けるサービスです。,http://yuraku-houki.net/,鳥取県西伯郡南部町法勝寺３３１－１,0859-66-3400,厚生労働省オープンデータ,https://www.mhlw.go.jp/content/12300000/jigyosho_150.csv,2025-12末,https://www.google.com/search?q=%E8%A5%BF%E4%BC%AF%E3%83%87%E3%82%A4%E3%82%B5%E3%83%BC%E3%83%93%E3%82%B9%E3%82%BB%E3%83%B3%E3%82%BF%E3%83%BC%E3%80%80%E3%81%97%E3%81%82%E3%82%8F%E3%81%9B%20%E5%8D%97%E9%83%A8%E7%94%BA
デイサービスあゆみ,デイサービス,鳥取県,伯耆町,"介護,デイサービス",日中に通って食事・入浴・機能訓練・見守りなどを受けるサービスです。,http://www.akari-net.sakura.ne.jp,鳥取県西伯郡伯耆町大殿1089-8,0859-68-6060,厚生労働省オープンデータ,https://www.mhlw.go.jp/content/12300000/jigyosho_150.csv,2025-12末,https://www.google.com/search?q=%E3%83%87%E3%82%A4%E3%82%B5%E3%83%BC%E3%83%93%E3%82%B9%E3%81%82%E3%82%86%E3%81%BF%20%E4%BC%AF%E8%80%86%E7%94%BA
伯耆町社会福祉協議会　岸本通所介護事業所,デイサービス,鳥取県,伯耆町,"介護,デイサービス",日中に通って食事・入浴・機能訓練・見守りなどを受けるサービスです。,http://www.houki-shakyo.jp/,鳥取県西伯郡伯耆町大殿1032－1岸本デイサービスセンター,0859-68-3781,厚生労働省オープンデータ,https://www.mhlw.go.jp/content/12300000/jigyosho_150.csv,2025-12末,https://www.google.com/search?q=%E4%BC%AF%E8%80%86%E7%94%BA%E7%A4%BE%E4%BC%9A%E7%A6%8F%E7%A5%89%E5%8D%94%E8%AD%B0%E4%BC%9A%E3%80%80%E5%B2%B8%E6%9C%AC%E9%80%9A%E6%89%80%E4%BB%8B%E8%AD%B7%E4%BA%8B%E6%A5%AD%E6%89%80%20%E4%BC%AF%E8%80%86%E7%94%BA
伯耆町社会福祉協議会　溝口通所介護事業所,デイサービス,鳥取県,伯耆町,"介護,デイサービス",日中に通って食事・入浴・機能訓練・見守りなどを受けるサービスです。,http://www.houki-shakyo.jp,鳥取県西伯郡伯耆町溝口２８１－２,0859-63-0666,厚生労働省オープンデータ,https://www.mhlw.go.jp/content/12300000/jigyosho_150.csv,2025-12末,https://www.google.com/search?q=%E4%BC%AF%E8%80%86%E7%94%BA%E7%A4%BE%E4%BC%9A%E7%A6%8F%E7%A5%89%E5%8D%94%E8%AD%B0%E4%BC%9A%E3%80%80%E6%BA%9D%E5%8F%A3%E9%80%9A%E6%89%80%E4%BB%8B%E8%AD%B7%E4%BA%8B%E6%A5%AD%E6%89%80%20%E4%BC%AF%E8%80%86%E7%94%BA
デイサービスセンターあかねの郷,デイサービス,鳥取県,日南町,"介護,デイサービス",日中に通って食事・入浴・機能訓練・見守りなどを受けるサービスです。,http://www.n-akane.jp/office02.html,鳥取県日野郡日南町下石見２３１５番地,0859-83-0843,厚生労働省オープンデータ,https://www.mhlw.go.jp/content/12300000/jigyosho_150.csv,2025-12末,https://www.google.com/search?q=%E3%83%87%E3%82%A4%E3%82%B5%E3%83%BC%E3%83%93%E3%82%B9%E3%82%BB%E3%83%B3%E3%82%BF%E3%83%BC%E3%81%82%E3%81%8B%E3%81%AD%E3%81%AE%E9%83%B7%20%E6%97%A5%E5%8D%97%E7%94%BA
デイサービス　かじか荘,デイサービス,鳥取県,日野町,"介護,デイサービス",日中に通って食事・入浴・機能訓練・見守りなどを受けるサービスです。,http://www.nissyoukai.net/,鳥取県日野郡日野町根雨899-1,0859-72-1294,厚生労働省オープンデータ,https://www.mhlw.go.jp/content/12300000/jigyosho_150.csv,2025-12末,https://www.google.com/search?q=%E3%83%87%E3%82%A4%E3%82%B5%E3%83%BC%E3%83%93%E3%82%B9%E3%80%80%E3%81%8B%E3%81%98%E3%81%8B%E8%8D%98%20%E6%97%A5%E9%87%8E%E7%94%BA
デイサービスセンター江美の郷,デイサービス,鳥取県,江府町,"介護,デイサービス",日中に通って食事・入浴・機能訓練・見守りなどを受けるサービスです。,http://www.syoujin.or.jp/,鳥取県日野郡江府町久連7番地,0859-75-3626,厚生労働省オープンデータ,https://www.mhlw.go.jp/content/12300000/jigyosho_150.csv,2025-12末,https://www.google.com/search?q=%E3%83%87%E3%82%A4%E3%82%B5%E3%83%BC%E3%83%93%E3%82%B9%E3%82%BB%E3%83%B3%E3%82%BF%E3%83%BC%E6%B1%9F%E7%BE%8E%E3%81%AE%E9%83%B7%20%E6%B1%9F%E5%BA%9C%E7%94%BA
医療法人　橋本外科医院,通所リハビリ,鳥取県,鳥取市,"介護,通所リハビリ,リハビリ",通所リハビリの公式オープンデータから取り込んだ候補です。詳細は公式情報・電話・見学で確認してください。,kyotaku@hashimotogekaiin.or.jp,鳥取県鳥取市大杙２０４－３,０８５７－２９－１２８２,厚生労働省オープンデータ,https://www.mhlw.go.jp/content/12300000/jigyosho_160.csv,2025-12末,https://www.google.com/search?q=%E5%8C%BB%E7%99%82%E6%B3%95%E4%BA%BA%E3%80%80%E6%A9%8B%E6%9C%AC%E5%A4%96%E7%A7%91%E5%8C%BB%E9%99%A2%20%E9%B3%A5%E5%8F%96%E5%B8%82
通所リハビリテーション陽まり,通所リハビリ,鳥取県,鳥取市,"介護,通所リハビリ,リハビリ",通所リハビリの公式オープンデータから取り込んだ候補です。詳細は公式情報・電話・見学で確認してください。,https://satoni-himari.jp/?page_id=516,鳥取県鳥取市南吉方3丁目522,080-6267-1643,厚生労働省オープンデータ,https://www.mhlw.go.jp/content/12300000/jigyosho_160.csv,2025-12末,https://www.google.com/search?q=%E9%80%9A%E6%89%80%E3%83%AA%E3%83%8F%E3%83%93%E3%83%AA%E3%83%86%E3%83%BC%E3%82%B7%E3%83%A7%E3%83%B3%E9%99%BD%E3%81%BE%E3%82%8A%20%E9%B3%A5%E5%8F%96%E5%B8%82
通所リハビリテーションふたば,通所リハビリ,鳥取県,鳥取市,"介護,通所リハビリ,リハビリ",通所リハビリの公式オープンデータから取り込んだ候補です。詳細は公式情報・電話・見学で確認してください。,https://www.google.com/search?q=%E9%80%9A%E6%89%80%E3%83%AA%E3%83%8F%E3%83%93%E3%83%AA%E3%83%86%E3%83%BC%E3%82%B7%E3%83%A7%E3%83%B3%E3%81%B5%E3%81%9F%E3%81%B0%20%E9%B3%A5%E5%8F%96%E5%B8%82,鳥取市国府町稲葉丘３丁目３０３番地,0857-23-1830,厚生労働省オープンデータ,https://www.mhlw.go.jp/content/12300000/jigyosho_160.csv,2025-12末,https://www.google.com/search?q=%E9%80%9A%E6%89%80%E3%83%AA%E3%83%8F%E3%83%93%E3%83%AA%E3%83%86%E3%83%BC%E3%82%B7%E3%83%A7%E3%83%B3%E3%81%B5%E3%81%9F%E3%81%B0%20%E9%B3%A5%E5%8F%96%E5%B8%82
通所リハビリテーション　いなば幸朋苑,通所リハビリ,鳥取県,鳥取市,"介護,通所リハビリ,リハビリ",通所リハビリの公式オープンデータから取り込んだ候補です。詳細は公式情報・電話・見学で確認してください。,http://www.kohoen.jp,鳥取県鳥取市浜坂228-1いなば幸朋苑,0857-23-6611,厚生労働省オープンデータ,https://www.mhlw.go.jp/content/12300000/jigyosho_160.csv,2025-12末,https://www.google.com/search?q=%E9%80%9A%E6%89%80%E3%83%AA%E3%83%8F%E3%83%93%E3%83%AA%E3%83%86%E3%83%BC%E3%82%B7%E3%83%A7%E3%83%B3%E3%80%80%E3%81%84%E3%81%AA%E3%81%B0%E5%B9%B8%E6%9C%8B%E8%8B%91%20%E9%B3%A5%E5%8F%96%E5%B8%82
通所リハビリテーション　にしまち幸朋苑,通所リハビリ,鳥取県,鳥取市,"介護,通所リハビリ,リハビリ",通所リハビリの公式オープンデータから取り込んだ候補です。詳細は公式情報・電話・見学で確認してください。,http://www.kohoen.jp/,鳥取県鳥取市西町5丁目108にしまち幸朋苑,0857-25-6517,厚生労働省オープンデータ,https://www.mhlw.go.jp/content/12300000/jigyosho_160.csv,2025-12末,https://www.google.com/search?q=%E9%80%9A%E6%89%80%E3%83%AA%E3%83%8F%E3%83%93%E3%83%AA%E3%83%86%E3%83%BC%E3%82%B7%E3%83%A7%E3%83%B3%E3%80%80%E3%81%AB%E3%81%97%E3%81%BE%E3%81%A1%E5%B9%B8%E6%9C%8B%E8%8B%91%20%E9%B3%A5%E5%8F%96%E5%B8%82
さとに通所リハビリテーション,通所リハビリ,鳥取県,鳥取市,"介護,通所リハビリ,リハビリ",通所リハビリの公式オープンデータから取り込んだ候補です。詳細は公式情報・電話・見学で確認してください。,https://www.google.com/search?q=%E3%81%95%E3%81%A8%E3%81%AB%E9%80%9A%E6%89%80%E3%83%AA%E3%83%8F%E3%83%93%E3%83%AA%E3%83%86%E3%83%BC%E3%82%B7%E3%83%A7%E3%83%B3%20%E9%B3%A5%E5%8F%96%E5%B8%82,鳥取県鳥取市里仁54-2さとにデイケア,0857-54-1851,厚生労働省オープンデータ,https://www.mhlw.go.jp/content/12300000/jigyosho_160.csv,2025-12末,https://www.google.com/search?q=%E3%81%95%E3%81%A8%E3%81%AB%E9%80%9A%E6%89%80%E3%83%AA%E3%83%8F%E3%83%93%E3%83%AA%E3%83%86%E3%83%BC%E3%82%B7%E3%83%A7%E3%83%B3%20%E9%B3%A5%E5%8F%96%E5%B8%82
鳥取市介護老人保健施設やすらぎ通所リハビリテーション,通所リハビリ,鳥取県,鳥取市,"介護,通所リハビリ,リハビリ",通所リハビリの公式オープンデータから取り込んだ候補です。詳細は公式情報・電話・見学で確認してください。,https://www.google.com/search?q=%E9%B3%A5%E5%8F%96%E5%B8%82%E4%BB%8B%E8%AD%B7%E8%80%81%E4%BA%BA%E4%BF%9D%E5%81%A5%E6%96%BD%E8%A8%AD%E3%82%84%E3%81%99%E3%82%89%E3%81%8E%E9%80%9A%E6%89%80%E3%83%AA%E3%83%8F%E3%83%93%E3%83%AA%E3%83%86%E3%83%BC%E3%82%B7%E3%83%A7%E3%83%B3%20%E9%B3%A5%E5%8F%96%E5%B8%82,鳥取県鳥取市的場１丁目１１,0857-51-0122,厚生労働省オープンデータ,https://www.mhlw.go.jp/content/12300000/jigyosho_160.csv,2025-12末,https://www.google.com/search?q=%E9%B3%A5%E5%8F%96%E5%B8%82%E4%BB%8B%E8%AD%B7%E8%80%81%E4%BA%BA%E4%BF%9D%E5%81%A5%E6%96%BD%E8%A8%AD%E3%82%84%E3%81%99%E3%82%89%E3%81%8E%E9%80%9A%E6%89%80%E3%83%AA%E3%83%8F%E3%83%93%E3%83%AA%E3%83%86%E3%83%BC%E3%82%B7%E3%83%A7%E3%83%B3%20%E9%B3%A5%E5%8F%96%E5%B8%82
老人保健施設はまゆう　通所リハビリテーション,通所リハビリ,鳥取県,鳥取市,"介護,通所リハビリ,リハビリ",通所リハビリの公式オープンデータから取り込んだ候補です。詳細は公式情報・電話・見学で確認してください。,https://hamayu.or.jp,鳥取県鳥取市野寺62番地1,0857-51-7801,厚生労働省オープンデータ,https://www.mhlw.go.jp/content/12300000/jigyosho_160.csv,2025-12末,https://www.google.com/search?q=%E8%80%81%E4%BA%BA%E4%BF%9D%E5%81%A5%E6%96%BD%E8%A8%AD%E3%81%AF%E3%81%BE%E3%82%86%E3%81%86%E3%80%80%E9%80%9A%E6%89%80%E3%83%AA%E3%83%8F%E3%83%93%E3%83%AA%E3%83%86%E3%83%BC%E3%82%B7%E3%83%A7%E3%83%B3%20%E9%B3%A5%E5%8F%96%E5%B8%82
通所リハビリテーションまさたみの郷,通所リハビリ,鳥取県,鳥取市,"介護,通所リハビリ,リハビリ",通所リハビリの公式オープンデータから取り込んだ候補です。詳細は公式情報・電話・見学で確認してください。,https://www.google.com/search?q=%E9%80%9A%E6%89%80%E3%83%AA%E3%83%8F%E3%83%93%E3%83%AA%E3%83%86%E3%83%BC%E3%82%B7%E3%83%A7%E3%83%B3%E3%81%BE%E3%81%95%E3%81%9F%E3%81%BF%E3%81%AE%E9%83%B7%20%E9%B3%A5%E5%8F%96%E5%B8%82,鳥取県鳥取市杉崎596番地,0857-53-5838,厚生労働省オープンデータ,https://www.mhlw.go.jp/content/12300000/jigyosho_160.csv,2025-12末,https://www.google.com/search?q=%E9%80%9A%E6%89%80%E3%83%AA%E3%83%8F%E3%83%93%E3%83%AA%E3%83%86%E3%83%BC%E3%82%B7%E3%83%A7%E3%83%B3%E3%81%BE%E3%81%95%E3%81%9F%E3%81%BF%E3%81%AE%E9%83%B7%20%E9%B3%A5%E5%8F%96%E5%B8%82
介護老人保健施設ウェルケアいなば　通所リハビリテーション,通所リハビリ,鳥取県,鳥取市,"介護,通所リハビリ,リハビリ",通所リハビリの公式オープンデータから取り込んだ候補です。詳細は公式情報・電話・見学で確認してください。,http://ww.tokuwakai.jp,鳥取県鳥取市河原町稲常463番地介護老人保健施設ウェルケアいなば,0858-85-1681,厚生労働省オープンデータ,https://www.mhlw.go.jp/content/12300000/jigyosho_160.csv,2025-12末,https://www.google.com/search?q=%E4%BB%8B%E8%AD%B7%E8%80%81%E4%BA%BA%E4%BF%9D%E5%81%A5%E6%96%BD%E8%A8%AD%E3%82%A6%E3%82%A7%E3%83%AB%E3%82%B1%E3%82%A2%E3%81%84%E3%81%AA%E3%81%B0%E3%80%80%E9%80%9A%E6%89%80%E3%83%AA%E3%83%8F%E3%83%93%E3%83%AA%E3%83%86%E3%83%BC%E3%82%B7%E3%83%A7%E3%83%B3%20%E9%B3%A5%E5%8F%96%E5%B8%82
デイケア「まめ助」,通所リハビリ,鳥取県,鳥取市,"介護,通所リハビリ,リハビリ",通所リハビリの公式オープンデータから取り込んだ候補です。詳細は公式情報・電話・見学で確認してください。,http://stationclinic.com/,鳥取県鳥取市扇町176番地,0857-22-8780,厚生労働省オープンデータ,https://www.mhlw.go.jp/content/12300000/jigyosho_160.csv,2025-12末,https://www.google.com/search?q=%E3%83%87%E3%82%A4%E3%82%B1%E3%82%A2%E3%80%8C%E3%81%BE%E3%82%81%E5%8A%A9%E3%80%8D%20%E9%B3%A5%E5%8F%96%E5%B8%82
老人保健施設みやこ苑通所リハビリテーション事業所,通所リハビリ,鳥取県,鳥取市,"介護,通所リハビリ,リハビリ",通所リハビリの公式オープンデータから取り込んだ候補です。詳細は公式情報・電話・見学で確認してください。,http://www.miyakoen.jp/,鳥取県鳥取市三津1072番地307,0857-38-3838,厚生労働省オープンデータ,https://www.mhlw.go.jp/content/12300000/jigyosho_160.csv,2025-12末,https://www.google.com/search?q=%E8%80%81%E4%BA%BA%E4%BF%9D%E5%81%A5%E6%96%BD%E8%A8%AD%E3%81%BF%E3%82%84%E3%81%93%E8%8B%91%E9%80%9A%E6%89%80%E3%83%AA%E3%83%8F%E3%83%93%E3%83%AA%E3%83%86%E3%83%BC%E3%82%B7%E3%83%A7%E3%83%B3%E4%BA%8B%E6%A5%AD%E6%89%80%20%E9%B3%A5%E5%8F%96%E5%B8%82
介護老人保健施設ル・サンテリオン鹿野　通所リハビリテーション事業所,通所リハビリ,鳥取県,鳥取市,"介護,通所リハビリ,リハビリ",通所リハビリの公式オープンデータから取り込んだ候補です。詳細は公式情報・電話・見学で確認してください。,https://www.med-wel.jp/shikano/,鳥取県鳥取市鹿野町今市８０番地,0857-84-3700,厚生労働省オープンデータ,https://www.mhlw.go.jp/content/12300000/jigyosho_160.csv,2025-12末,https://www.google.com/search?q=%E4%BB%8B%E8%AD%B7%E8%80%81%E4%BA%BA%E4%BF%9D%E5%81%A5%E6%96%BD%E8%A8%AD%E3%83%AB%E3%83%BB%E3%82%B5%E3%83%B3%E3%83%86%E3%83%AA%E3%82%AA%E3%83%B3%E9%B9%BF%E9%87%8E%E3%80%80%E9%80%9A%E6%89%80%E3%83%AA%E3%83%8F%E3%83%93%E3%83%AA%E3%83%86%E3%83%BC%E3%82%B7%E3%83%A7%E3%83%B3%E4%BA%8B%E6%A5%AD%E6%89%80%20%E9%B3%A5%E5%8F%96%E5%B8%82
鳥取医療生協鹿野温泉病院デイケアかがやき,通所リハビリ,鳥取県,鳥取市,"介護,通所リハビリ,リハビリ",通所リハビリの公式オープンデータから取り込んだ候補です。詳細は公式情報・電話・見学で確認してください。,https://shikano.mcoop-tottori.jp/,鳥取県鳥取市鹿野町今市２４２,0857-84-2311,厚生労働省オープンデータ,https://www.mhlw.go.jp/content/12300000/jigyosho_160.csv,2025-12末,https://www.google.com/search?q=%E9%B3%A5%E5%8F%96%E5%8C%BB%E7%99%82%E7%94%9F%E5%8D%94%E9%B9%BF%E9%87%8E%E6%B8%A9%E6%B3%89%E7%97%85%E9%99%A2%E3%83%87%E3%82%A4%E3%82%B1%E3%82%A2%E3%81%8B%E3%81%8C%E3%82%84%E3%81%8D%20%E9%B3%A5%E5%8F%96%E5%B8%82
介護老人保健施設　ル･サンテリオンよどえ,通所リハビリ,鳥取県,米子市,"介護,通所リハビリ,リハビリ",通所リハビリの公式オープンデータから取り込んだ候補です。詳細は公式情報・電話・見学で確認してください。,http://www.med-wel.jp/yodoe/,鳥取県米子市淀江町佐陀2169,0859-56-4073,厚生労働省オープンデータ,https://www.mhlw.go.jp/content/12300000/jigyosho_160.csv,2025-12末,https://www.google.com/search?q=%E4%BB%8B%E8%AD%B7%E8%80%81%E4%BA%BA%E4%BF%9D%E5%81%A5%E6%96%BD%E8%A8%AD%E3%80%80%E3%83%AB%EF%BD%A5%E3%82%B5%E3%83%B3%E3%83%86%E3%83%AA%E3%82%AA%E3%83%B3%E3%82%88%E3%81%A9%E3%81%88%20%E7%B1%B3%E5%AD%90%E5%B8%82
通所リハビリテーション真誠会,通所リハビリ,鳥取県,米子市,"介護,通所リハビリ,リハビリ",通所リハビリの公式オープンデータから取り込んだ候補です。詳細は公式情報・電話・見学で確認してください。,http://www.hospitown.or.jp/,鳥取県米子市河崎580,0859-24-6030,厚生労働省オープンデータ,https://www.mhlw.go.jp/content/12300000/jigyosho_160.csv,2025-12末,https://www.google.com/search?q=%E9%80%9A%E6%89%80%E3%83%AA%E3%83%8F%E3%83%93%E3%83%AA%E3%83%86%E3%83%BC%E3%82%B7%E3%83%A7%E3%83%B3%E7%9C%9F%E8%AA%A0%E4%BC%9A%20%E7%B1%B3%E5%AD%90%E5%B8%82
介護老人保健施設アイアイ,通所リハビリ,鳥取県,米子市,"介護,通所リハビリ,リハビリ",通所リハビリの公式オープンデータから取り込んだ候補です。詳細は公式情報・電話・見学で確認してください。,https://sfg21.com/,鳥取県米子市榎原1823,0859-39-7700,厚生労働省オープンデータ,https://www.mhlw.go.jp/content/12300000/jigyosho_160.csv,2025-12末,https://www.google.com/search?q=%E4%BB%8B%E8%AD%B7%E8%80%81%E4%BA%BA%E4%BF%9D%E5%81%A5%E6%96%BD%E8%A8%AD%E3%82%A2%E3%82%A4%E3%82%A2%E3%82%A4%20%E7%B1%B3%E5%AD%90%E5%B8%82
通所リハビリテーションセンターかみごとう,通所リハビリ,鳥取県,米子市,"介護,通所リハビリ,リハビリ",通所リハビリの公式オープンデータから取り込んだ候補です。詳細は公式情報・電話・見学で確認してください。,http://www.yowakai.com,鳥取県米子市上後藤3-5-1,0859-24-8080,厚生労働省オープンデータ,https://www.mhlw.go.jp/content/12300000/jigyosho_160.csv,2025-12末,https://www.google.com/search?q=%E9%80%9A%E6%89%80%E3%83%AA%E3%83%8F%E3%83%93%E3%83%AA%E3%83%86%E3%83%BC%E3%82%B7%E3%83%A7%E3%83%B3%E3%82%BB%E3%83%B3%E3%82%BF%E3%83%BC%E3%81%8B%E3%81%BF%E3%81%94%E3%81%A8%E3%81%86%20%E7%B1%B3%E5%AD%90%E5%B8%82
デイケア新田,通所リハビリ,鳥取県,米子市,"介護,通所リハビリ,リハビリ",通所リハビリの公式オープンデータから取り込んだ候補です。詳細は公式情報・電話・見学で確認してください。,https://shosei-kai.jp/,鳥取県米子市中島2-1-46,0859-33-1102,厚生労働省オープンデータ,https://www.mhlw.go.jp/content/12300000/jigyosho_160.csv,2025-12末,https://www.google.com/search?q=%E3%83%87%E3%82%A4%E3%82%B1%E3%82%A2%E6%96%B0%E7%94%B0%20%E7%B1%B3%E5%AD%90%E5%B8%82
医療法人友紘会皆生温泉病院通所リハビリテーション,通所リハビリ,鳥取県,米子市,"介護,通所リハビリ,リハビリ",通所リハビリの公式オープンデータから取り込んだ候補です。詳細は公式情報・電話・見学で確認してください。,https://yukoukaikaike.com,鳥取県米子市皆生新田3-7-8,0859-39-1510,厚生労働省オープンデータ,https://www.mhlw.go.jp/content/12300000/jigyosho_160.csv,2025-12末,https://www.google.com/search?q=%E5%8C%BB%E7%99%82%E6%B3%95%E4%BA%BA%E5%8F%8B%E7%B4%98%E4%BC%9A%E7%9A%86%E7%94%9F%E6%B8%A9%E6%B3%89%E7%97%85%E9%99%A2%E9%80%9A%E6%89%80%E3%83%AA%E3%83%8F%E3%83%93%E3%83%AA%E3%83%86%E3%83%BC%E3%82%B7%E3%83%A7%E3%83%B3%20%E7%B1%B3%E5%AD%90%E5%B8%82
あわしまデイケアセンター,通所リハビリ,鳥取県,米子市,"介護,通所リハビリ,リハビリ",通所リハビリの公式オープンデータから取り込んだ候補です。詳細は公式情報・電話・見学で確認してください。,http://www.chukai.or.jp,鳥取県米子市彦名町1250番地,0859-24-5222,厚生労働省オープンデータ,https://www.mhlw.go.jp/content/12300000/jigyosho_160.csv,2025-12末,https://www.google.com/search?q=%E3%81%82%E3%82%8F%E3%81%97%E3%81%BE%E3%83%87%E3%82%A4%E3%82%B1%E3%82%A2%E3%82%BB%E3%83%B3%E3%82%BF%E3%83%BC%20%E7%B1%B3%E5%AD%90%E5%B8%82
通所リハビリテーションデイケアやわらぎ,通所リハビリ,鳥取県,米子市,"介護,通所リハビリ,リハビリ",通所リハビリの公式オープンデータから取り込んだ候補です。詳細は公式情報・電話・見学で確認してください。,https://yawaragi.doaikai.jp/,鳥取県米子市新開4丁目11-13,0859-31-0150,厚生労働省オープンデータ,https://www.mhlw.go.jp/content/12300000/jigyosho_160.csv,2025-12末,https://www.google.com/search?q=%E9%80%9A%E6%89%80%E3%83%AA%E3%83%8F%E3%83%93%E3%83%AA%E3%83%86%E3%83%BC%E3%82%B7%E3%83%A7%E3%83%B3%E3%83%87%E3%82%A4%E3%82%B1%E3%82%A2%E3%82%84%E3%82%8F%E3%82%89%E3%81%8E%20%E7%B1%B3%E5%AD%90%E5%B8%82
通所リハビリテーション　ゆうとぴあ,通所リハビリ,鳥取県,米子市,"介護,通所リハビリ,リハビリ",通所リハビリの公式オープンデータから取り込んだ候補です。詳細は公式情報・電話・見学で確認してください。,http://www.hospitown.or.jp/,鳥取県米子市河崎581-3,0859-30-3700,厚生労働省オープンデータ,https://www.mhlw.go.jp/content/12300000/jigyosho_160.csv,2025-12末,https://www.google.com/search?q=%E9%80%9A%E6%89%80%E3%83%AA%E3%83%8F%E3%83%93%E3%83%AA%E3%83%86%E3%83%BC%E3%82%B7%E3%83%A7%E3%83%B3%E3%80%80%E3%82%86%E3%81%86%E3%81%A8%E3%81%B4%E3%81%82%20%E7%B1%B3%E5%AD%90%E5%B8%82
通所リハビリテーション　弓浜ゆうとぴあ,通所リハビリ,鳥取県,米子市,"介護,通所リハビリ,リハビリ",通所リハビリの公式オープンデータから取り込んだ候補です。詳細は公式情報・電話・見学で確認してください。,http://www.hospitown.or.jp,鳥取県米子市大崎1511-1,0859-48-2366,厚生労働省オープンデータ,https://www.mhlw.go.jp/content/12300000/jigyosho_160.csv,2025-12末,https://www.google.com/search?q=%E9%80%9A%E6%89%80%E3%83%AA%E3%83%8F%E3%83%93%E3%83%AA%E3%83%86%E3%83%BC%E3%82%B7%E3%83%A7%E3%83%B3%E3%80%80%E5%BC%93%E6%B5%9C%E3%82%86%E3%81%86%E3%81%A8%E3%81%B4%E3%81%82%20%E7%B1%B3%E5%AD%90%E5%B8%82
通所リハビリテーション米子東,通所リハビリ,鳥取県,米子市,"介護,通所リハビリ,リハビリ",通所リハビリの公式オープンデータから取り込んだ候補です。詳細は公式情報・電話・見学で確認してください。,https://www.med-wel.jp/yonagohi/,鳥取県米子市淀江町佐陀2169,0859-56-5232,厚生労働省オープンデータ,https://www.mhlw.go.jp/content/12300000/jigyosho_160.csv,2025-12末,https://www.google.com/search?q=%E9%80%9A%E6%89%80%E3%83%AA%E3%83%8F%E3%83%93%E3%83%AA%E3%83%86%E3%83%BC%E3%82%B7%E3%83%A7%E3%83%B3%E7%B1%B3%E5%AD%90%E6%9D%B1%20%E7%B1%B3%E5%AD%90%E5%B8%82
とみます医科・歯科クリニック通所リハビリテーション事業所,通所リハビリ,鳥取県,米子市,"介護,通所リハビリ,リハビリ",通所リハビリの公式オープンデータから取り込んだ候補です。詳細は公式情報・電話・見学で確認してください。,www.tomimasugeka.org/,鳥取県米子市富益町3533-2,0859-25-6600,厚生労働省オープンデータ,https://www.mhlw.go.jp/content/12300000/jigyosho_160.csv,2025-12末,https://www.google.com/search?q=%E3%81%A8%E3%81%BF%E3%81%BE%E3%81%99%E5%8C%BB%E7%A7%91%E3%83%BB%E6%AD%AF%E7%A7%91%E3%82%AF%E3%83%AA%E3%83%8B%E3%83%83%E3%82%AF%E9%80%9A%E6%89%80%E3%83%AA%E3%83%8F%E3%83%93%E3%83%AA%E3%83%86%E3%83%BC%E3%82%B7%E3%83%A7%E3%83%B3%E4%BA%8B%E6%A5%AD%E6%89%80%20%E7%B1%B3%E5%AD%90%E5%B8%82
通所リハビリテーションきんかい,通所リハビリ,鳥取県,米子市,"介護,通所リハビリ,リハビリ",通所リハビリの公式オープンデータから取り込んだ候補です。詳細は公式情報・電話・見学で確認してください。,http://www.kinkai-rehab.jp,鳥取県米子市錦海町３丁目４番５号,0859-34-2388,厚生労働省オープンデータ,https://www.mhlw.go.jp/content/12300000/jigyosho_160.csv,2025-12末,https://www.google.com/search?q=%E9%80%9A%E6%89%80%E3%83%AA%E3%83%8F%E3%83%93%E3%83%AA%E3%83%86%E3%83%BC%E3%82%B7%E3%83%A7%E3%83%B3%E3%81%8D%E3%82%93%E3%81%8B%E3%81%84%20%E7%B1%B3%E5%AD%90%E5%B8%82
通所リハビリテーションセンター仁風荘,通所リハビリ,鳥取県,米子市,"介護,通所リハビリ,リハビリ",通所リハビリの公式オープンデータから取り込んだ候補です。詳細は公式情報・電話・見学で確認してください。,http://www.yowakai.com,鳥取県米子市上後藤3-5-1,0859-24-0007,厚生労働省オープンデータ,https://www.mhlw.go.jp/content/12300000/jigyosho_160.csv,2025-12末,https://www.google.com/search?q=%E9%80%9A%E6%89%80%E3%83%AA%E3%83%8F%E3%83%93%E3%83%AA%E3%83%86%E3%83%BC%E3%82%B7%E3%83%A7%E3%83%B3%E3%82%BB%E3%83%B3%E3%82%BF%E3%83%BC%E4%BB%81%E9%A2%A8%E8%8D%98%20%E7%B1%B3%E5%AD%90%E5%B8%82
通所リハビリテーション　なんぶ幸朋苑,通所リハビリ,鳥取県,米子市,"介護,通所リハビリ,リハビリ",通所リハビリの公式オープンデータから取り込んだ候補です。詳細は公式情報・電話・見学で確認してください。,http://www.kohoen.jp/,鳥取県　米子市　石井　1238番地,0859-26-5566,厚生労働省オープンデータ,https://www.mhlw.go.jp/content/12300000/jigyosho_160.csv,2025-12末,https://www.google.com/search?q=%E9%80%9A%E6%89%80%E3%83%AA%E3%83%8F%E3%83%93%E3%83%AA%E3%83%86%E3%83%BC%E3%82%B7%E3%83%A7%E3%83%B3%E3%80%80%E3%81%AA%E3%82%93%E3%81%B6%E5%B9%B8%E6%9C%8B%E8%8B%91%20%E7%B1%B3%E5%AD%90%E5%B8%82
ル・サンテリオンよどえ,通所リハビリ,鳥取県,米子市,"介護,通所リハビリ,リハビリ",通所リハビリの公式オープンデータから取り込んだ候補です。詳細は公式情報・電話・見学で確認してください。,http://www.med-wel.jp/yodoe/,鳥取県米子市淀江町佐陀2169,0859-56-5282,厚生労働省オープンデータ,https://www.mhlw.go.jp/content/12300000/jigyosho_160.csv,2025-12末,https://www.google.com/search?q=%E3%83%AB%E3%83%BB%E3%82%B5%E3%83%B3%E3%83%86%E3%83%AA%E3%82%AA%E3%83%B3%E3%82%88%E3%81%A9%E3%81%88%20%E7%B1%B3%E5%AD%90%E5%B8%82
デイケアセンターのじま,通所リハビリ,鳥取県,倉吉市,"介護,通所リハビリ,リハビリ",通所リハビリの公式オープンデータから取り込んだ候補です。詳細は公式情報・電話・見学で確認してください。,https://nojima-hospital.jp/publics/index/184/,鳥取県倉吉市瀬崎町2714-1,0858-23-8005,厚生労働省オープンデータ,https://www.mhlw.go.jp/content/12300000/jigyosho_160.csv,2025-12末,https://www.google.com/search?q=%E3%83%87%E3%82%A4%E3%82%B1%E3%82%A2%E3%82%BB%E3%83%B3%E3%82%BF%E3%83%BC%E3%81%AE%E3%81%98%E3%81%BE%20%E5%80%89%E5%90%89%E5%B8%82
通所リハビリテーション　ル・サンテリオン,通所リハビリ,鳥取県,倉吉市,"介護,通所リハビリ,リハビリ",通所リハビリの公式オープンデータから取り込んだ候補です。詳細は公式情報・電話・見学で確認してください。,https://www.med-wel.jp/,鳥取県倉吉市山根５５－２３３,0858-26-3051,厚生労働省オープンデータ,https://www.mhlw.go.jp/content/12300000/jigyosho_160.csv,2025-12末,https://www.google.com/search?q=%E9%80%9A%E6%89%80%E3%83%AA%E3%83%8F%E3%83%93%E3%83%AA%E3%83%86%E3%83%BC%E3%82%B7%E3%83%A7%E3%83%B3%E3%80%80%E3%83%AB%E3%83%BB%E3%82%B5%E3%83%B3%E3%83%86%E3%83%AA%E3%82%AA%E3%83%B3%20%E5%80%89%E5%90%89%E5%B8%82
介護老人保健施設　うつぶき　通所リハビリテーション,通所リハビリ,鳥取県,倉吉市,"介護,通所リハビリ,リハビリ",通所リハビリの公式オープンデータから取り込んだ候補です。詳細は公式情報・電話・見学で確認してください。,http://seiwa-med.jp/roukenutsubuki/service/,鳥取県倉吉市上井３０１,0858-26-6331,厚生労働省オープンデータ,https://www.mhlw.go.jp/content/12300000/jigyosho_160.csv,2025-12末,https://www.google.com/search?q=%E4%BB%8B%E8%AD%B7%E8%80%81%E4%BA%BA%E4%BF%9D%E5%81%A5%E6%96%BD%E8%A8%AD%E3%80%80%E3%81%86%E3%81%A4%E3%81%B6%E3%81%8D%E3%80%80%E9%80%9A%E6%89%80%E3%83%AA%E3%83%8F%E3%83%93%E3%83%AA%E3%83%86%E3%83%BC%E3%82%B7%E3%83%A7%E3%83%B3%20%E5%80%89%E5%90%89%E5%B8%82
藤井政雄記念病院　通所リハビリテーション,通所リハビリ,鳥取県,倉吉市,"介護,通所リハビリ,リハビリ",通所リハビリの公式オープンデータから取り込んだ候補です。詳細は公式情報・電話・見学で確認してください。,https://www.google.com/search?q=%E8%97%A4%E4%BA%95%E6%94%BF%E9%9B%84%E8%A8%98%E5%BF%B5%E7%97%85%E9%99%A2%E3%80%80%E9%80%9A%E6%89%80%E3%83%AA%E3%83%8F%E3%83%93%E3%83%AA%E3%83%86%E3%83%BC%E3%82%B7%E3%83%A7%E3%83%B3%20%E5%80%89%E5%90%89%E5%B8%82,鳥取県倉吉市山根43－１,0858-26-2111,厚生労働省オープンデータ,https://www.mhlw.go.jp/content/12300000/jigyosho_160.csv,2025-12末,https://www.google.com/search?q=%E8%97%A4%E4%BA%95%E6%94%BF%E9%9B%84%E8%A8%98%E5%BF%B5%E7%97%85%E9%99%A2%E3%80%80%E9%80%9A%E6%89%80%E3%83%AA%E3%83%8F%E3%83%93%E3%83%AA%E3%83%86%E3%83%BC%E3%82%B7%E3%83%A7%E3%83%B3%20%E5%80%89%E5%90%89%E5%B8%82
通所リハビリテーションしみず,通所リハビリ,鳥取県,倉吉市,"介護,通所リハビリ,リハビリ",通所リハビリの公式オープンデータから取り込んだ候補です。詳細は公式情報・電話・見学で確認してください。,https://www.google.com/search?q=%E9%80%9A%E6%89%80%E3%83%AA%E3%83%8F%E3%83%93%E3%83%AA%E3%83%86%E3%83%BC%E3%82%B7%E3%83%A7%E3%83%B3%E3%81%97%E3%81%BF%E3%81%9A%20%E5%80%89%E5%90%89%E5%B8%82,鳥取県倉吉市幸町512-1,0858-23-2526,厚生労働省オープンデータ,https://www.mhlw.go.jp/content/12300000/jigyosho_160.csv,2025-12末,https://www.google.com/search?q=%E9%80%9A%E6%89%80%E3%83%AA%E3%83%8F%E3%83%93%E3%83%AA%E3%83%86%E3%83%BC%E3%82%B7%E3%83%A7%E3%83%B3%E3%81%97%E3%81%BF%E3%81%9A%20%E5%80%89%E5%90%89%E5%B8%82
介護老人保健施設ひまわり,通所リハビリ,鳥取県,倉吉市,"介護,通所リハビリ,リハビリ",通所リハビリの公式オープンデータから取り込んだ候補です。詳細は公式情報・電話・見学で確認してください。,http://www.siseikai.com/,鳥取県倉吉市関金町関金宿1891-1,0858-45-6111,厚生労働省オープンデータ,https://www.mhlw.go.jp/content/12300000/jigyosho_160.csv,2025-12末,https://www.google.com/search?q=%E4%BB%8B%E8%AD%B7%E8%80%81%E4%BA%BA%E4%BF%9D%E5%81%A5%E6%96%BD%E8%A8%AD%E3%81%B2%E3%81%BE%E3%82%8F%E3%82%8A%20%E5%80%89%E5%90%89%E5%B8%82
介護老人保健施設　花の里,通所リハビリ,鳥取県,境港市,"介護,通所リハビリ,リハビリ",通所リハビリの公式オープンデータから取り込んだ候補です。詳細は公式情報・電話・見学で確認してください。,http://motomachi-hp.jp/hana/,鳥取県境港市上道町１９５９－１,0859-47-6363,厚生労働省オープンデータ,https://www.mhlw.go.jp/content/12300000/jigyosho_160.csv,2025-12末,https://www.google.com/search?q=%E4%BB%8B%E8%AD%B7%E8%80%81%E4%BA%BA%E4%BF%9D%E5%81%A5%E6%96%BD%E8%A8%AD%E3%80%80%E8%8A%B1%E3%81%AE%E9%87%8C%20%E5%A2%83%E6%B8%AF%E5%B8%82
通所リハビリテーション　さかい幸朋苑,通所リハビリ,鳥取県,境港市,"介護,通所リハビリ,リハビリ",通所リハビリの公式オープンデータから取り込んだ候補です。詳細は公式情報・電話・見学で確認してください。,http://www.kohoen.jp,鳥取県境港市誠道町2082番地,0859-45-1234,厚生労働省オープンデータ,https://www.mhlw.go.jp/content/12300000/jigyosho_160.csv,2025-12末,https://www.google.com/search?q=%E9%80%9A%E6%89%80%E3%83%AA%E3%83%8F%E3%83%93%E3%83%AA%E3%83%86%E3%83%BC%E3%82%B7%E3%83%A7%E3%83%B3%E3%80%80%E3%81%95%E3%81%8B%E3%81%84%E5%B9%B8%E6%9C%8B%E8%8B%91%20%E5%A2%83%E6%B8%AF%E5%B8%82
鳥取県済生会介護老人保健施設はまかぜ,通所リハビリ,鳥取県,境港市,"介護,通所リハビリ,リハビリ",通所リハビリの公式オープンデータから取り込んだ候補です。詳細は公式情報・電話・見学で確認してください。,http://www.sakaiminato-saiseikai.jp/,鳥取県境港市蓮池町78-1,0859-42-3190,厚生労働省オープンデータ,https://www.mhlw.go.jp/content/12300000/jigyosho_160.csv,2025-12末,https://www.google.com/search?q=%E9%B3%A5%E5%8F%96%E7%9C%8C%E6%B8%88%E7%94%9F%E4%BC%9A%E4%BB%8B%E8%AD%B7%E8%80%81%E4%BA%BA%E4%BF%9D%E5%81%A5%E6%96%BD%E8%A8%AD%E3%81%AF%E3%81%BE%E3%81%8B%E3%81%9C%20%E5%A2%83%E6%B8%AF%E5%B8%82
岩美町国民健康保険岩美病院,通所リハビリ,鳥取県,岩美町,"介護,通所リハビリ,リハビリ",通所リハビリの公式オープンデータから取り込んだ候補です。詳細は公式情報・電話・見学で確認してください。,http://iwami-hp.jp/,鳥取県岩美郡岩美町大字浦富1029番地２,0857-73-1421,厚生労働省オープンデータ,https://www.mhlw.go.jp/content/12300000/jigyosho_160.csv,2025-12末,https://www.google.com/search?q=%E5%B2%A9%E7%BE%8E%E7%94%BA%E5%9B%BD%E6%B0%91%E5%81%A5%E5%BA%B7%E4%BF%9D%E9%99%BA%E5%B2%A9%E7%BE%8E%E7%97%85%E9%99%A2%20%E5%B2%A9%E7%BE%8E%E7%94%BA
国民健康保険智頭病院,通所リハビリ,鳥取県,智頭町,"介護,通所リハビリ,リハビリ",通所リハビリの公式オープンデータから取り込んだ候補です。詳細は公式情報・電話・見学で確認してください。,https://www2.town.chizu.tottori.jp,鳥取県八頭郡智頭町智頭1875番地,0858-75-3211,厚生労働省オープンデータ,https://www.mhlw.go.jp/content/12300000/jigyosho_160.csv,2025-12末,https://www.google.com/search?q=%E5%9B%BD%E6%B0%91%E5%81%A5%E5%BA%B7%E4%BF%9D%E9%99%BA%E6%99%BA%E9%A0%AD%E7%97%85%E9%99%A2%20%E6%99%BA%E9%A0%AD%E7%94%BA
介護老人保健施設　すこやか　通所リハビリテーション,通所リハビリ,鳥取県,八頭町,"介護,通所リハビリ,リハビリ",通所リハビリの公式オープンデータから取り込んだ候補です。詳細は公式情報・電話・見学で確認してください。,http://yazu-sukoyaka.or.jp,鳥取県八頭郡八頭町宮谷１２３番地,0858-76-7600,厚生労働省オープンデータ,https://www.mhlw.go.jp/content/12300000/jigyosho_160.csv,2025-12末,https://www.google.com/search?q=%E4%BB%8B%E8%AD%B7%E8%80%81%E4%BA%BA%E4%BF%9D%E5%81%A5%E6%96%BD%E8%A8%AD%E3%80%80%E3%81%99%E3%81%93%E3%82%84%E3%81%8B%E3%80%80%E9%80%9A%E6%89%80%E3%83%AA%E3%83%8F%E3%83%93%E3%83%AA%E3%83%86%E3%83%BC%E3%82%B7%E3%83%A7%E3%83%B3%20%E5%85%AB%E9%A0%AD%E7%94%BA
通所リハビリテーション　ル・サンテリオン東郷,通所リハビリ,鳥取県,湯梨浜町,"介護,通所リハビリ,リハビリ",通所リハビリの公式オープンデータから取り込んだ候補です。詳細は公式情報・電話・見学で確認してください。,http://www.med-wel.jp/,鳥取県東伯郡湯梨浜町443番地1,0858-32-2570,厚生労働省オープンデータ,https://www.mhlw.go.jp/content/12300000/jigyosho_160.csv,2025-12末,https://www.google.com/search?q=%E9%80%9A%E6%89%80%E3%83%AA%E3%83%8F%E3%83%93%E3%83%AA%E3%83%86%E3%83%BC%E3%82%B7%E3%83%A7%E3%83%B3%E3%80%80%E3%83%AB%E3%83%BB%E3%82%B5%E3%83%B3%E3%83%86%E3%83%AA%E3%82%AA%E3%83%B3%E6%9D%B1%E9%83%B7%20%E6%B9%AF%E6%A2%A8%E6%B5%9C%E7%94%BA
ハワイ信生苑　通所リハビリテーション事業所,通所リハビリ,鳥取県,湯梨浜町,"介護,通所リハビリ,リハビリ",通所リハビリの公式オープンデータから取り込んだ候補です。詳細は公式情報・電話・見学で確認してください。,http://www3.torichu.ne.jp/~sinseien/,鳥取県東伯郡湯梨浜町はわい温泉５８－５,0858-35-5211,厚生労働省オープンデータ,https://www.mhlw.go.jp/content/12300000/jigyosho_160.csv,2025-12末,https://www.google.com/search?q=%E3%83%8F%E3%83%AF%E3%82%A4%E4%BF%A1%E7%94%9F%E8%8B%91%E3%80%80%E9%80%9A%E6%89%80%E3%83%AA%E3%83%8F%E3%83%93%E3%83%AA%E3%83%86%E3%83%BC%E3%82%B7%E3%83%A7%E3%83%B3%E4%BA%8B%E6%A5%AD%E6%89%80%20%E6%B9%AF%E6%A2%A8%E6%B5%9C%E7%94%BA
森本外科・脳神経外科医院,通所リハビリ,鳥取県,琴浦町,"介護,通所リハビリ,リハビリ",通所リハビリの公式オープンデータから取り込んだ候補です。詳細は公式情報・電話・見学で確認してください。,https://www.morimoto-med1977.jp,鳥取県東伯郡琴浦町大字逢束1210番地,0858-53-0121,厚生労働省オープンデータ,https://www.mhlw.go.jp/content/12300000/jigyosho_160.csv,2025-12末,https://www.google.com/search?q=%E6%A3%AE%E6%9C%AC%E5%A4%96%E7%A7%91%E3%83%BB%E8%84%B3%E7%A5%9E%E7%B5%8C%E5%A4%96%E7%A7%91%E5%8C%BB%E9%99%A2%20%E7%90%B4%E6%B5%A6%E7%94%BA
介護老人保健施設ル・サンテリオン北条　通所リハビリテーション,通所リハビリ,鳥取県,北栄町,"介護,通所リハビリ,リハビリ",通所リハビリの公式オープンデータから取り込んだ候補です。詳細は公式情報・電話・見学で確認してください。,https://www.med-wel.jp/houjou/,鳥取県東伯郡北栄町土下123-1,0858-36-5220,厚生労働省オープンデータ,https://www.mhlw.go.jp/content/12300000/jigyosho_160.csv,2025-12末,https://www.google.com/search?q=%E4%BB%8B%E8%AD%B7%E8%80%81%E4%BA%BA%E4%BF%9D%E5%81%A5%E6%96%BD%E8%A8%AD%E3%83%AB%E3%83%BB%E3%82%B5%E3%83%B3%E3%83%86%E3%83%AA%E3%82%AA%E3%83%B3%E5%8C%97%E6%9D%A1%E3%80%80%E9%80%9A%E6%89%80%E3%83%AA%E3%83%8F%E3%83%93%E3%83%AA%E3%83%86%E3%83%BC%E3%82%B7%E3%83%A7%E3%83%B3%20%E5%8C%97%E6%A0%84%E7%94%BA
セラトピア通所リハビリテーション事業所,通所リハビリ,鳥取県,北栄町,"介護,通所リハビリ,リハビリ",通所リハビリの公式オープンデータから取り込んだ候補です。詳細は公式情報・電話・見学で確認してください。,http://seiikai.hp.gogo.jp,鳥取県東伯郡北栄町瀬戸45-2,0858-37-3766,厚生労働省オープンデータ,https://www.mhlw.go.jp/content/12300000/jigyosho_160.csv,2025-12末,https://www.google.com/search?q=%E3%82%BB%E3%83%A9%E3%83%88%E3%83%94%E3%82%A2%E9%80%9A%E6%89%80%E3%83%AA%E3%83%8F%E3%83%93%E3%83%AA%E3%83%86%E3%83%BC%E3%82%B7%E3%83%A7%E3%83%B3%E4%BA%8B%E6%A5%AD%E6%89%80%20%E5%8C%97%E6%A0%84%E7%94%BA
大山町国民健康保険大山口診療所,通所リハビリ,鳥取県,大山町,"介護,通所リハビリ,リハビリ",通所リハビリの公式オープンデータから取り込んだ候補です。詳細は公式情報・電話・見学で確認してください。,http://www.daisen.jp/,鳥取県西伯郡大山町末長483番地3,0859-39-5333,厚生労働省オープンデータ,https://www.mhlw.go.jp/content/12300000/jigyosho_160.csv,2025-12末,https://www.google.com/search?q=%E5%A4%A7%E5%B1%B1%E7%94%BA%E5%9B%BD%E6%B0%91%E5%81%A5%E5%BA%B7%E4%BF%9D%E9%99%BA%E5%A4%A7%E5%B1%B1%E5%8F%A3%E8%A8%BA%E7%99%82%E6%89%80%20%E5%A4%A7%E5%B1%B1%E7%94%BA
老人保健施設小谷苑　通所リハビリテーション,通所リハビリ,鳥取県,大山町,"介護,通所リハビリ,リハビリ",通所リハビリの公式オープンデータから取り込んだ候補です。詳細は公式情報・電話・見学で確認してください。,http://www.kodanien.com,鳥取県西伯郡大山町西坪５４５番地１,0859-54-3388,厚生労働省オープンデータ,https://www.mhlw.go.jp/content/12300000/jigyosho_160.csv,2025-12末,https://www.google.com/search?q=%E8%80%81%E4%BA%BA%E4%BF%9D%E5%81%A5%E6%96%BD%E8%A8%AD%E5%B0%8F%E8%B0%B7%E8%8B%91%E3%80%80%E9%80%9A%E6%89%80%E3%83%AA%E3%83%8F%E3%83%93%E3%83%AA%E3%83%86%E3%83%BC%E3%82%B7%E3%83%A7%E3%83%B3%20%E5%A4%A7%E5%B1%B1%E7%94%BA
介護老人保健施設サンライズ名和,通所リハビリ,鳥取県,大山町,"介護,通所リハビリ,リハビリ",通所リハビリの公式オープンデータから取り込んだ候補です。詳細は公式情報・電話・見学で確認してください。,https://www.google.com/search?q=%E4%BB%8B%E8%AD%B7%E8%80%81%E4%BA%BA%E4%BF%9D%E5%81%A5%E6%96%BD%E8%A8%AD%E3%82%B5%E3%83%B3%E3%83%A9%E3%82%A4%E3%82%BA%E5%90%8D%E5%92%8C%20%E5%A4%A7%E5%B1%B1%E7%94%BA,鳥取県西伯郡大山町富長750-3,0859-54-3232,厚生労働省オープンデータ,https://www.mhlw.go.jp/content/12300000/jigyosho_160.csv,2025-12末,https://www.google.com/search?q=%E4%BB%8B%E8%AD%B7%E8%80%81%E4%BA%BA%E4%BF%9D%E5%81%A5%E6%96%BD%E8%A8%AD%E3%82%B5%E3%83%B3%E3%83%A9%E3%82%A4%E3%82%BA%E5%90%8D%E5%92%8C%20%E5%A4%A7%E5%B1%B1%E7%94%BA
介護老人保健施設はまなす　通所リハビリテーション,通所リハビリ,鳥取県,大山町,"介護,通所リハビリ,リハビリ",通所リハビリの公式オープンデータから取り込んだ候補です。詳細は公式情報・電話・見学で確認してください。,https://sasakicl-hamanasu.jp/,鳥取県西伯郡大山町田中1383,0858-58-6161,厚生労働省オープンデータ,https://www.mhlw.go.jp/content/12300000/jigyosho_160.csv,2025-12末,https://www.google.com/search?q=%E4%BB%8B%E8%AD%B7%E8%80%81%E4%BA%BA%E4%BF%9D%E5%81%A5%E6%96%BD%E8%A8%AD%E3%81%AF%E3%81%BE%E3%81%AA%E3%81%99%E3%80%80%E9%80%9A%E6%89%80%E3%83%AA%E3%83%8F%E3%83%93%E3%83%AA%E3%83%86%E3%83%BC%E3%82%B7%E3%83%A7%E3%83%B3%20%E5%A4%A7%E5%B1%B1%E7%94%BA
南部町国民健康保険西伯病院,通所リハビリ,鳥取県,南部町,"介護,通所リハビリ,リハビリ",通所リハビリの公式オープンデータから取り込んだ候補です。詳細は公式情報・電話・見学で確認してください。,http://www.saihaku-hospital.com,鳥取県西伯郡南部町倭３９７,0859-66-2211,厚生労働省オープンデータ,https://www.mhlw.go.jp/content/12300000/jigyosho_160.csv,2025-12末,https://www.google.com/search?q=%E5%8D%97%E9%83%A8%E7%94%BA%E5%9B%BD%E6%B0%91%E5%81%A5%E5%BA%B7%E4%BF%9D%E9%99%BA%E8%A5%BF%E4%BC%AF%E7%97%85%E9%99%A2%20%E5%8D%97%E9%83%A8%E7%94%BA
大山リハビリテーション病院　デイケアおおはら,通所リハビリ,鳥取県,伯耆町,"介護,通所リハビリ,リハビリ",通所リハビリの公式オープンデータから取り込んだ候補です。詳細は公式情報・電話・見学で確認してください。,http://www.drh.or.jp,鳥取県西伯郡伯耆町大原９２７－１,0859-68-4111,厚生労働省オープンデータ,https://www.mhlw.go.jp/content/12300000/jigyosho_160.csv,2025-12末,https://www.google.com/search?q=%E5%A4%A7%E5%B1%B1%E3%83%AA%E3%83%8F%E3%83%93%E3%83%AA%E3%83%86%E3%83%BC%E3%82%B7%E3%83%A7%E3%83%B3%E7%97%85%E9%99%A2%E3%80%80%E3%83%87%E3%82%A4%E3%82%B1%E3%82%A2%E3%81%8A%E3%81%8A%E3%81%AF%E3%82%89%20%E4%BC%AF%E8%80%86%E7%94%BA
伯耆中央病院,通所リハビリ,鳥取県,伯耆町,"介護,通所リハビリ,リハビリ",通所リハビリの公式オープンデータから取り込んだ候補です。詳細は公式情報・電話・見学で確認してください。,http://care-net.biz/31/houkichp/,鳥取県西伯郡伯耆町長山１５２－１,0859-62-1212,厚生労働省オープンデータ,https://www.mhlw.go.jp/content/12300000/jigyosho_160.csv,2025-12末,https://www.google.com/search?q=%E4%BC%AF%E8%80%86%E4%B8%AD%E5%A4%AE%E7%97%85%E9%99%A2%20%E4%BC%AF%E8%80%86%E7%94%BA
介護老人保健施設　しびのさと,通所リハビリ,鳥取県,伯耆町,"介護,通所リハビリ,リハビリ",通所リハビリの公式オープンデータから取り込んだ候補です。詳細は公式情報・電話・見学で確認してください。,http://shibinosato.kouheikai-fukusi.com,鳥取県西伯郡伯耆町久古１１０９－２,0859-68-6565,厚生労働省オープンデータ,https://www.mhlw.go.jp/content/12300000/jigyosho_160.csv,2025-12末,https://www.google.com/search?q=%E4%BB%8B%E8%AD%B7%E8%80%81%E4%BA%BA%E4%BF%9D%E5%81%A5%E6%96%BD%E8%A8%AD%E3%80%80%E3%81%97%E3%81%B3%E3%81%AE%E3%81%95%E3%81%A8%20%E4%BC%AF%E8%80%86%E7%94%BA
日南町国民健康保険日南病院通所リハビリテーション,通所リハビリ,鳥取県,日南町,"介護,通所リハビリ,リハビリ",通所リハビリの公式オープンデータから取り込んだ候補です。詳細は公式情報・電話・見学で確認してください。,https://nichinan-hospital.jp/,鳥取県日野郡日南町生山５１１番地７,0859-82-1235,厚生労働省オープンデータ,https://www.mhlw.go.jp/content/12300000/jigyosho_160.csv,2025-12末,https://www.google.com/search?q=%E6%97%A5%E5%8D%97%E7%94%BA%E5%9B%BD%E6%B0%91%E5%81%A5%E5%BA%B7%E4%BF%9D%E9%99%BA%E6%97%A5%E5%8D%97%E7%97%85%E9%99%A2%E9%80%9A%E6%89%80%E3%83%AA%E3%83%8F%E3%83%93%E3%83%AA%E3%83%86%E3%83%BC%E3%82%B7%E3%83%A7%E3%83%B3%20%E6%97%A5%E5%8D%97%E7%94%BA
医療法人社団日翔会　介護老人保健施設おしどり荘通所リハビリテーション,通所リハビリ,鳥取県,日野町,"介護,通所リハビリ,リハビリ",通所リハビリの公式オープンデータから取り込んだ候補です。詳細は公式情報・電話・見学で確認してください。,http://www.nissyoukai.com/,鳥取県日野郡日野町根雨９０９－１,0859-72-0410,厚生労働省オープンデータ,https://www.mhlw.go.jp/content/12300000/jigyosho_160.csv,2025-12末,https://www.google.com/search?q=%E5%8C%BB%E7%99%82%E6%B3%95%E4%BA%BA%E7%A4%BE%E5%9B%A3%E6%97%A5%E7%BF%94%E4%BC%9A%E3%80%80%E4%BB%8B%E8%AD%B7%E8%80%81%E4%BA%BA%E4%BF%9D%E5%81%A5%E6%96%BD%E8%A8%AD%E3%81%8A%E3%81%97%E3%81%A9%E3%82%8A%E8%8D%98%E9%80%9A%E6%89%80%E3%83%AA%E3%83%8F%E3%83%93%E3%83%AA%E3%83%86%E3%83%BC%E3%82%B7%E3%83%A7%E3%83%B3%20%E6%97%A5%E9%87%8E%E7%94%BA
介護老人保健施設あやめ,通所リハビリ,鳥取県,江府町,"介護,通所リハビリ,リハビリ",通所リハビリの公式オープンデータから取り込んだ候補です。詳細は公式情報・電話・見学で確認してください。,http://www.syoujin.or.jp/,鳥取県日野郡江府町武庫４７５,0859-75-3230,厚生労働省オープンデータ,https://www.mhlw.go.jp/content/12300000/jigyosho_160.csv,2025-12末,https://www.google.com/search?q=%E4%BB%8B%E8%AD%B7%E8%80%81%E4%BA%BA%E4%BF%9D%E5%81%A5%E6%96%BD%E8%A8%AD%E3%81%82%E3%82%84%E3%82%81%20%E6%B1%9F%E5%BA%9C%E7%94%BA
特別養護老人ホーム若葉台,ショートステイ,鳥取県,鳥取市,"介護,ショートステイ,一時利用",家族の休息や一時的な受け入れが必要な時に短期間利用するサービスです。,http://www.tottorifukushikai.jp,鳥取県鳥取市若葉台南4丁目2番27号,0857-38-6666,厚生労働省オープンデータ,https://www.mhlw.go.jp/content/12300000/jigyosho_210.csv,2025-12末,https://www.google.com/search?q=%E7%89%B9%E5%88%A5%E9%A4%8A%E8%AD%B7%E8%80%81%E4%BA%BA%E3%83%9B%E3%83%BC%E3%83%A0%E8%8B%A5%E8%91%89%E5%8F%B0%20%E9%B3%A5%E5%8F%96%E5%B8%82
短期入所生活介護施設　のでらはまゆう,ショートステイ,鳥取県,鳥取市,"介護,ショートステイ,一時利用",家族の休息や一時的な受け入れが必要な時に短期間利用するサービスです。,http:/www.hamayu.or.jp/,鳥取県鳥取市野寺67番地,0857-51-8188,厚生労働省オープンデータ,https://www.mhlw.go.jp/content/12300000/jigyosho_210.csv,2025-12末,https://www.google.com/search?q=%E7%9F%AD%E6%9C%9F%E5%85%A5%E6%89%80%E7%94%9F%E6%B4%BB%E4%BB%8B%E8%AD%B7%E6%96%BD%E8%A8%AD%E3%80%80%E3%81%AE%E3%81%A7%E3%82%89%E3%81%AF%E3%81%BE%E3%82%86%E3%81%86%20%E9%B3%A5%E5%8F%96%E5%B8%82
気高あすなろ,ショートステイ,鳥取県,鳥取市,"介護,ショートステイ,一時利用",家族の休息や一時的な受け入れが必要な時に短期間利用するサービスです。,http://t-asunaro.or.jp/,鳥取県鳥取市気高町八幡２６８,0857-82-3971,厚生労働省オープンデータ,https://www.mhlw.go.jp/content/12300000/jigyosho_210.csv,2025-12末,https://www.google.com/search?q=%E6%B0%97%E9%AB%98%E3%81%82%E3%81%99%E3%81%AA%E3%82%8D%20%E9%B3%A5%E5%8F%96%E5%B8%82
白兎あすなろ,ショートステイ,鳥取県,鳥取市,"介護,ショートステイ,一時利用",家族の休息や一時的な受け入れが必要な時に短期間利用するサービスです。,http://www.t-asunaro.or.jp/,鳥取県鳥取市白兎８番地,0857-59-0111,厚生労働省オープンデータ,https://www.mhlw.go.jp/content/12300000/jigyosho_210.csv,2025-12末,https://www.google.com/search?q=%E7%99%BD%E5%85%8E%E3%81%82%E3%81%99%E3%81%AA%E3%82%8D%20%E9%B3%A5%E5%8F%96%E5%B8%82
美和あすなろ,ショートステイ,鳥取県,鳥取市,"介護,ショートステイ,一時利用",家族の休息や一時的な受け入れが必要な時に短期間利用するサービスです。,http://t-asunaro.or.jp/index.shtml,鳥取県鳥取市赤子田４５１,0857-53-5721,厚生労働省オープンデータ,https://www.mhlw.go.jp/content/12300000/jigyosho_210.csv,2025-12末,https://www.google.com/search?q=%E7%BE%8E%E5%92%8C%E3%81%82%E3%81%99%E3%81%AA%E3%82%8D%20%E9%B3%A5%E5%8F%96%E5%B8%82
短期入所生活介護事業所新いなば幸朋苑,ショートステイ,鳥取県,鳥取市,"介護,ショートステイ,一時利用",家族の休息や一時的な受け入れが必要な時に短期間利用するサービスです。,http://www.kohoen.jp,鳥取県鳥取市浜坂222-1,0857-39-8665,厚生労働省オープンデータ,https://www.mhlw.go.jp/content/12300000/jigyosho_210.csv,2025-12末,https://www.google.com/search?q=%E7%9F%AD%E6%9C%9F%E5%85%A5%E6%89%80%E7%94%9F%E6%B4%BB%E4%BB%8B%E8%AD%B7%E4%BA%8B%E6%A5%AD%E6%89%80%E6%96%B0%E3%81%84%E3%81%AA%E3%81%B0%E5%B9%B8%E6%9C%8B%E8%8B%91%20%E9%B3%A5%E5%8F%96%E5%B8%82
短期入所生活介護　にしまち幸朋苑,ショートステイ,鳥取県,鳥取市,"介護,ショートステイ,一時利用",家族の休息や一時的な受け入れが必要な時に短期間利用するサービスです。,http://www.kohoen.jp,鳥取県鳥取市西町5丁目108,0857-25-6517,厚生労働省オープンデータ,https://www.mhlw.go.jp/content/12300000/jigyosho_210.csv,2025-12末,https://www.google.com/search?q=%E7%9F%AD%E6%9C%9F%E5%85%A5%E6%89%80%E7%94%9F%E6%B4%BB%E4%BB%8B%E8%AD%B7%E3%80%80%E3%81%AB%E3%81%97%E3%81%BE%E3%81%A1%E5%B9%B8%E6%9C%8B%E8%8B%91%20%E9%B3%A5%E5%8F%96%E5%B8%82
特別養護老人ホーム若葉台,ショートステイ,鳥取県,鳥取市,"介護,ショートステイ,一時利用",家族の休息や一時的な受け入れが必要な時に短期間利用するサービスです。,http://www.tottorifukushikai.jp,鳥取県鳥取市若葉台南４丁目２番２７号,0857-38-6666,厚生労働省オープンデータ,https://www.mhlw.go.jp/content/12300000/jigyosho_210.csv,2025-12末,https://www.google.com/search?q=%E7%89%B9%E5%88%A5%E9%A4%8A%E8%AD%B7%E8%80%81%E4%BA%BA%E3%83%9B%E3%83%BC%E3%83%A0%E8%8B%A5%E8%91%89%E5%8F%B0%20%E9%B3%A5%E5%8F%96%E5%B8%82
健推庵こくふ,ショートステイ,鳥取県,鳥取市,"介護,ショートステイ,一時利用",家族の休息や一時的な受け入れが必要な時に短期間利用するサービスです。,http://kensuikai.net/tokuyo_info.html,鳥取県鳥取市国府町新通り2丁目202,0857-50-1205,厚生労働省オープンデータ,https://www.mhlw.go.jp/content/12300000/jigyosho_210.csv,2025-12末,https://www.google.com/search?q=%E5%81%A5%E6%8E%A8%E5%BA%B5%E3%81%93%E3%81%8F%E3%81%B5%20%E9%B3%A5%E5%8F%96%E5%B8%82
河原あすなろ指定短期入所生活介護事業所,ショートステイ,鳥取県,鳥取市,"介護,ショートステイ,一時利用",家族の休息や一時的な受け入れが必要な時に短期間利用するサービスです。,http://t-asunaro.or.jp/,鳥取県鳥取市河原町今在家842番地,0858-85-1411,厚生労働省オープンデータ,https://www.mhlw.go.jp/content/12300000/jigyosho_210.csv,2025-12末,https://www.google.com/search?q=%E6%B2%B3%E5%8E%9F%E3%81%82%E3%81%99%E3%81%AA%E3%82%8D%E6%8C%87%E5%AE%9A%E7%9F%AD%E6%9C%9F%E5%85%A5%E6%89%80%E7%94%9F%E6%B4%BB%E4%BB%8B%E8%AD%B7%E4%BA%8B%E6%A5%AD%E6%89%80%20%E9%B3%A5%E5%8F%96%E5%B8%82
短期入所生活介護施設　はまゆう,ショートステイ,鳥取県,鳥取市,"介護,ショートステイ,一時利用",家族の休息や一時的な受け入れが必要な時に短期間利用するサービスです。,http://www.hamayu.or.jp/,鳥取市服部204-1,0857-51-7838,厚生労働省オープンデータ,https://www.mhlw.go.jp/content/12300000/jigyosho_210.csv,2025-12末,https://www.google.com/search?q=%E7%9F%AD%E6%9C%9F%E5%85%A5%E6%89%80%E7%94%9F%E6%B4%BB%E4%BB%8B%E8%AD%B7%E6%96%BD%E8%A8%AD%E3%80%80%E3%81%AF%E3%81%BE%E3%82%86%E3%81%86%20%E9%B3%A5%E5%8F%96%E5%B8%82
高草あすなろ,ショートステイ,鳥取県,鳥取市,"介護,ショートステイ,一時利用",家族の休息や一時的な受け入れが必要な時に短期間利用するサービスです。,http://www.t-asunaro.or.jp/,鳥取県鳥取市大桷３３０番地,0857-39-1800,厚生労働省オープンデータ,https://www.mhlw.go.jp/content/12300000/jigyosho_210.csv,2025-12末,https://www.google.com/search?q=%E9%AB%98%E8%8D%89%E3%81%82%E3%81%99%E3%81%AA%E3%82%8D%20%E9%B3%A5%E5%8F%96%E5%B8%82
ふしの白寿苑,ショートステイ,鳥取県,鳥取市,"介護,ショートステイ,一時利用",家族の休息や一時的な受け入れが必要な時に短期間利用するサービスです。,http://www.tottori-kousei.jp/,鳥取県鳥取市伏野１７７１番地３６,0857-59-0108,厚生労働省オープンデータ,https://www.mhlw.go.jp/content/12300000/jigyosho_210.csv,2025-12末,https://www.google.com/search?q=%E3%81%B5%E3%81%97%E3%81%AE%E7%99%BD%E5%AF%BF%E8%8B%91%20%E9%B3%A5%E5%8F%96%E5%B8%82
短期入所生活介護事業所なりすな,ショートステイ,鳥取県,鳥取市,"介護,ショートステイ,一時利用",家族の休息や一時的な受け入れが必要な時に短期間利用するサービスです。,https://www.tottori-aofuku.jp,鳥取県鳥取市青谷町善田２７－１,0857-85-0117,厚生労働省オープンデータ,https://www.mhlw.go.jp/content/12300000/jigyosho_210.csv,2025-12末,https://www.google.com/search?q=%E7%9F%AD%E6%9C%9F%E5%85%A5%E6%89%80%E7%94%9F%E6%B4%BB%E4%BB%8B%E8%AD%B7%E4%BA%8B%E6%A5%AD%E6%89%80%E3%81%AA%E3%82%8A%E3%81%99%E3%81%AA%20%E9%B3%A5%E5%8F%96%E5%B8%82
鳥取松並ケアセンターそよ風,ショートステイ,鳥取県,鳥取市,"介護,ショートステイ,一時利用",家族の休息や一時的な受け入れが必要な時に短期間利用するサービスです。,https://www.sykz.co.jp,鳥取県鳥取市松並町2丁目134,0857-25-6300,厚生労働省オープンデータ,https://www.mhlw.go.jp/content/12300000/jigyosho_210.csv,2025-12末,https://www.google.com/search?q=%E9%B3%A5%E5%8F%96%E6%9D%BE%E4%B8%A6%E3%82%B1%E3%82%A2%E3%82%BB%E3%83%B3%E3%82%BF%E3%83%BC%E3%81%9D%E3%82%88%E9%A2%A8%20%E9%B3%A5%E5%8F%96%E5%B8%82
短期入所生活介護事業所　よなご幸朋苑,ショートステイ,鳥取県,米子市,"介護,ショートステイ,一時利用",家族の休息や一時的な受け入れが必要な時に短期間利用するサービスです。,http://www.kohoen.jp,鳥取県米子市上後藤　３丁目７番１号,0859-30-0123,厚生労働省オープンデータ,https://www.mhlw.go.jp/content/12300000/jigyosho_210.csv,2025-12末,https://www.google.com/search?q=%E7%9F%AD%E6%9C%9F%E5%85%A5%E6%89%80%E7%94%9F%E6%B4%BB%E4%BB%8B%E8%AD%B7%E4%BA%8B%E6%A5%AD%E6%89%80%E3%80%80%E3%82%88%E3%81%AA%E3%81%94%E5%B9%B8%E6%9C%8B%E8%8B%91%20%E7%B1%B3%E5%AD%90%E5%B8%82
短期入所生活介護　ﾋﾟｰｽﾎﾟｰﾄ,ショートステイ,鳥取県,米子市,"介護,ショートステイ,一時利用",家族の休息や一時的な受け入れが必要な時に短期間利用するサービスです。,http://www.hospitown.or.jp/,鳥取県米子市大崎1511番地1,0859-48-2332,厚生労働省オープンデータ,https://www.mhlw.go.jp/content/12300000/jigyosho_210.csv,2025-12末,https://www.google.com/search?q=%E7%9F%AD%E6%9C%9F%E5%85%A5%E6%89%80%E7%94%9F%E6%B4%BB%E4%BB%8B%E8%AD%B7%E3%80%80%EF%BE%8B%EF%BE%9F%EF%BD%B0%EF%BD%BD%EF%BE%8E%EF%BE%9F%EF%BD%B0%EF%BE%84%20%E7%B1%B3%E5%AD%90%E5%B8%82
ケアホーム　はあとピア,ショートステイ,鳥取県,米子市,"介護,ショートステイ,一時利用",家族の休息や一時的な受け入れが必要な時に短期間利用するサービスです。,http://www.hapine.com,鳥取県米子市久米町２００番地,0859-31-8810,厚生労働省オープンデータ,https://www.mhlw.go.jp/content/12300000/jigyosho_210.csv,2025-12末,https://www.google.com/search?q=%E3%82%B1%E3%82%A2%E3%83%9B%E3%83%BC%E3%83%A0%E3%80%80%E3%81%AF%E3%81%82%E3%81%A8%E3%83%94%E3%82%A2%20%E7%B1%B3%E5%AD%90%E5%B8%82
皆生みどり苑,ショートステイ,鳥取県,米子市,"介護,ショートステイ,一時利用",家族の休息や一時的な受け入れが必要な時に短期間利用するサービスです。,https://www.tottori-kousei.jp/k-midori.html,鳥取県米子市皆生新田2丁目3-1,0859-32-2500,厚生労働省オープンデータ,https://www.mhlw.go.jp/content/12300000/jigyosho_210.csv,2025-12末,https://www.google.com/search?q=%E7%9A%86%E7%94%9F%E3%81%BF%E3%81%A9%E3%82%8A%E8%8B%91%20%E7%B1%B3%E5%AD%90%E5%B8%82
短期入所生活介護事業所　きんかい幸朋苑,ショートステイ,鳥取県,米子市,"介護,ショートステイ,一時利用",家族の休息や一時的な受け入れが必要な時に短期間利用するサービスです。,http://www.kohoen.jp,鳥取県米子市錦海町3丁目5番15号,0859-23-6800,厚生労働省オープンデータ,https://www.mhlw.go.jp/content/12300000/jigyosho_210.csv,2025-12末,https://www.google.com/search?q=%E7%9F%AD%E6%9C%9F%E5%85%A5%E6%89%80%E7%94%9F%E6%B4%BB%E4%BB%8B%E8%AD%B7%E4%BA%8B%E6%A5%AD%E6%89%80%E3%80%80%E3%81%8D%E3%82%93%E3%81%8B%E3%81%84%E5%B9%B8%E6%9C%8B%E8%8B%91%20%E7%B1%B3%E5%AD%90%E5%B8%82
短期入所生活介護　皆生ピースポート,ショートステイ,鳥取県,米子市,"介護,ショートステイ,一時利用",家族の休息や一時的な受け入れが必要な時に短期間利用するサービスです。,http://www.hospitown.or.jp/,鳥取県米子市新開3-3-10,0859-36-8191,厚生労働省オープンデータ,https://www.mhlw.go.jp/content/12300000/jigyosho_210.csv,2025-12末,https://www.google.com/search?q=%E7%9F%AD%E6%9C%9F%E5%85%A5%E6%89%80%E7%94%9F%E6%B4%BB%E4%BB%8B%E8%AD%B7%E3%80%80%E7%9A%86%E7%94%9F%E3%83%94%E3%83%BC%E3%82%B9%E3%83%9D%E3%83%BC%E3%83%88%20%E7%B1%B3%E5%AD%90%E5%B8%82
短期入所生活介護なんぶ幸朋苑,ショートステイ,鳥取県,米子市,"介護,ショートステイ,一時利用",家族の休息や一時的な受け入れが必要な時に短期間利用するサービスです。,http://www.kohoen.jp,鳥取県米子市石井1238番地,0859-26-5566,厚生労働省オープンデータ,https://www.mhlw.go.jp/content/12300000/jigyosho_210.csv,2025-12末,https://www.google.com/search?q=%E7%9F%AD%E6%9C%9F%E5%85%A5%E6%89%80%E7%94%9F%E6%B4%BB%E4%BB%8B%E8%AD%B7%E3%81%AA%E3%82%93%E3%81%B6%E5%B9%B8%E6%9C%8B%E8%8B%91%20%E7%B1%B3%E5%AD%90%E5%B8%82
ショートステイ　博愛苑,ショートステイ,鳥取県,米子市,"介護,ショートステイ,一時利用",家族の休息や一時的な受け入れが必要な時に短期間利用するサービスです。,http://www.hakuaikai-smile.jp/,鳥取県米子市一部555番地,0859-37-1100,厚生労働省オープンデータ,https://www.mhlw.go.jp/content/12300000/jigyosho_210.csv,2025-12末,https://www.google.com/search?q=%E3%82%B7%E3%83%A7%E3%83%BC%E3%83%88%E3%82%B9%E3%83%86%E3%82%A4%E3%80%80%E5%8D%9A%E6%84%9B%E8%8B%91%20%E7%B1%B3%E5%AD%90%E5%B8%82
いずみの苑,ショートステイ,鳥取県,米子市,"介護,ショートステイ,一時利用",家族の休息や一時的な受け入れが必要な時に短期間利用するサービスです。,https://www.izuminosono.or.jp,鳥取県米子市淀江町淀江1075番地,0859-56-6888,厚生労働省オープンデータ,https://www.mhlw.go.jp/content/12300000/jigyosho_210.csv,2025-12末,https://www.google.com/search?q=%E3%81%84%E3%81%9A%E3%81%BF%E3%81%AE%E8%8B%91%20%E7%B1%B3%E5%AD%90%E5%B8%82
倉吉スターロイヤル,ショートステイ,鳥取県,倉吉市,"介護,ショートステイ,一時利用",家族の休息や一時的な受け入れが必要な時に短期間利用するサービスです。,https://minorifukusikai.com/,鳥取県倉吉市福守町433,0858-28-6318,厚生労働省オープンデータ,https://www.mhlw.go.jp/content/12300000/jigyosho_210.csv,2025-12末,https://www.google.com/search?q=%E5%80%89%E5%90%89%E3%82%B9%E3%82%BF%E3%83%BC%E3%83%AD%E3%82%A4%E3%83%A4%E3%83%AB%20%E5%80%89%E5%90%89%E5%B8%82
ショートステイ　ル・ソラリオン,ショートステイ,鳥取県,倉吉市,"介護,ショートステイ,一時利用",家族の休息や一時的な受け入れが必要な時に短期間利用するサービスです。,https://www.med‐wel.jp/,鳥取県倉吉市山根55番地3,0858-26-0115,厚生労働省オープンデータ,https://www.mhlw.go.jp/content/12300000/jigyosho_210.csv,2025-12末,https://www.google.com/search?q=%E3%82%B7%E3%83%A7%E3%83%BC%E3%83%88%E3%82%B9%E3%83%86%E3%82%A4%E3%80%80%E3%83%AB%E3%83%BB%E3%82%BD%E3%83%A9%E3%83%AA%E3%82%AA%E3%83%B3%20%E5%80%89%E5%90%89%E5%B8%82
（施設）地域ケアセンターマグノリア　　（事業所）ショートステイマグノリア,ショートステイ,鳥取県,倉吉市,"介護,ショートステイ,一時利用",家族の休息や一時的な受け入れが必要な時に短期間利用するサービスです。,https://www.med-wel.jp/,鳥取県倉吉市上井町１丁目２番１,0858-26-3922,厚生労働省オープンデータ,https://www.mhlw.go.jp/content/12300000/jigyosho_210.csv,2025-12末,https://www.google.com/search?q=%EF%BC%88%E6%96%BD%E8%A8%AD%EF%BC%89%E5%9C%B0%E5%9F%9F%E3%82%B1%E3%82%A2%E3%82%BB%E3%83%B3%E3%82%BF%E3%83%BC%E3%83%9E%E3%82%B0%E3%83%8E%E3%83%AA%E3%82%A2%E3%80%80%E3%80%80%EF%BC%88%E4%BA%8B%E6%A5%AD%E6%89%80%EF%BC%89%E3%82%B7%E3%83%A7%E3%83%BC%E3%83%88%E3%82%B9%E3%83%86%E3%82%A4%E3%83%9E%E3%82%B0%E3%83%8E%E3%83%AA%E3%82%A2%20%E5%80%89%E5%90%89%E5%B8%82
短期入所施設ひまわりの家,ショートステイ,鳥取県,倉吉市,"介護,ショートステイ,一時利用",家族の休息や一時的な受け入れが必要な時に短期間利用するサービスです。,http://www.siseikai.com/,鳥取県倉吉市東昭和町131番地1,0858-24-6343,厚生労働省オープンデータ,https://www.mhlw.go.jp/content/12300000/jigyosho_210.csv,2025-12末,https://www.google.com/search?q=%E7%9F%AD%E6%9C%9F%E5%85%A5%E6%89%80%E6%96%BD%E8%A8%AD%E3%81%B2%E3%81%BE%E3%82%8F%E3%82%8A%E3%81%AE%E5%AE%B6%20%E5%80%89%E5%90%89%E5%B8%82
ユニット型　ショートステイ　ル・ソラリオン,ショートステイ,鳥取県,倉吉市,"介護,ショートステイ,一時利用",家族の休息や一時的な受け入れが必要な時に短期間利用するサービスです。,https://www.med‐wel.jp,鳥取県倉吉市山根55番地3,0858-26-0115,厚生労働省オープンデータ,https://www.mhlw.go.jp/content/12300000/jigyosho_210.csv,2025-12末,https://www.google.com/search?q=%E3%83%A6%E3%83%8B%E3%83%83%E3%83%88%E5%9E%8B%E3%80%80%E3%82%B7%E3%83%A7%E3%83%BC%E3%83%88%E3%82%B9%E3%83%86%E3%82%A4%E3%80%80%E3%83%AB%E3%83%BB%E3%82%BD%E3%83%A9%E3%83%AA%E3%82%AA%E3%83%B3%20%E5%80%89%E5%90%89%E5%B8%82
短期入所生活介護施設みなと幸朋苑,ショートステイ,鳥取県,境港市,"介護,ショートステイ,一時利用",家族の休息や一時的な受け入れが必要な時に短期間利用するサービスです。,http://www.kohoen.jp,鳥取県境港市上道町２０５３－６,０８５９－４７－６５２２,厚生労働省オープンデータ,https://www.mhlw.go.jp/content/12300000/jigyosho_210.csv,2025-12末,https://www.google.com/search?q=%E7%9F%AD%E6%9C%9F%E5%85%A5%E6%89%80%E7%94%9F%E6%B4%BB%E4%BB%8B%E8%AD%B7%E6%96%BD%E8%A8%AD%E3%81%BF%E3%81%AA%E3%81%A8%E5%B9%B8%E6%9C%8B%E8%8B%91%20%E5%A2%83%E6%B8%AF%E5%B8%82
短期入所生活介護事業所　花の里,ショートステイ,鳥取県,境港市,"介護,ショートステイ,一時利用",家族の休息や一時的な受け入れが必要な時に短期間利用するサービスです。,http://www.motomachi-hp.jp/,鳥取県境港市上道町１９５９－１,0859-47-6363,厚生労働省オープンデータ,https://www.mhlw.go.jp/content/12300000/jigyosho_210.csv,2025-12末,https://www.google.com/search?q=%E7%9F%AD%E6%9C%9F%E5%85%A5%E6%89%80%E7%94%9F%E6%B4%BB%E4%BB%8B%E8%AD%B7%E4%BA%8B%E6%A5%AD%E6%89%80%E3%80%80%E8%8A%B1%E3%81%AE%E9%87%8C%20%E5%A2%83%E6%B8%AF%E5%B8%82
短期入所生活介護事業所新さかい幸朋苑,ショートステイ,鳥取県,境港市,"介護,ショートステイ,一時利用",家族の休息や一時的な受け入れが必要な時に短期間利用するサービスです。,http://www.kohoen.jp,鳥取県境港市上道町2053番地１,0859－47－6511,厚生労働省オープンデータ,https://www.mhlw.go.jp/content/12300000/jigyosho_210.csv,2025-12末,https://www.google.com/search?q=%E7%9F%AD%E6%9C%9F%E5%85%A5%E6%89%80%E7%94%9F%E6%B4%BB%E4%BB%8B%E8%AD%B7%E4%BA%8B%E6%A5%AD%E6%89%80%E6%96%B0%E3%81%95%E3%81%8B%E3%81%84%E5%B9%B8%E6%9C%8B%E8%8B%91%20%E5%A2%83%E6%B8%AF%E5%B8%82
中浜ケアパートナーズ　短期入所生活介護事業所,ショートステイ,鳥取県,境港市,"介護,ショートステイ,一時利用",家族の休息や一時的な受け入れが必要な時に短期間利用するサービスです。,https://www.google.com/search?q=%E4%B8%AD%E6%B5%9C%E3%82%B1%E3%82%A2%E3%83%91%E3%83%BC%E3%83%88%E3%83%8A%E3%83%BC%E3%82%BA%E3%80%80%E7%9F%AD%E6%9C%9F%E5%85%A5%E6%89%80%E7%94%9F%E6%B4%BB%E4%BB%8B%E8%AD%B7%E4%BA%8B%E6%A5%AD%E6%89%80%20%E5%A2%83%E6%B8%AF%E5%B8%82,鳥取県境港市財ノ木町字川尻562番地,0859-45-4661,厚生労働省オープンデータ,https://www.mhlw.go.jp/content/12300000/jigyosho_210.csv,2025-12末,https://www.google.com/search?q=%E4%B8%AD%E6%B5%9C%E3%82%B1%E3%82%A2%E3%83%91%E3%83%BC%E3%83%88%E3%83%8A%E3%83%BC%E3%82%BA%E3%80%80%E7%9F%AD%E6%9C%9F%E5%85%A5%E6%89%80%E7%94%9F%E6%B4%BB%E4%BB%8B%E8%AD%B7%E4%BA%8B%E6%A5%AD%E6%89%80%20%E5%A2%83%E6%B8%AF%E5%B8%82
岩井あすなろ,ショートステイ,鳥取県,岩美町,"介護,ショートステイ,一時利用",家族の休息や一時的な受け入れが必要な時に短期間利用するサービスです。,http://www.t-asunaro.or.jp,鳥取県岩美郡岩美町宇治１０３４,0857-72-3571,厚生労働省オープンデータ,https://www.mhlw.go.jp/content/12300000/jigyosho_210.csv,2025-12末,https://www.google.com/search?q=%E5%B2%A9%E4%BA%95%E3%81%82%E3%81%99%E3%81%AA%E3%82%8D%20%E5%B2%A9%E7%BE%8E%E7%94%BA
わかさ・あすなろ,ショートステイ,鳥取県,若桜町,"介護,ショートステイ,一時利用",家族の休息や一時的な受け入れが必要な時に短期間利用するサービスです。,http://t-asunaro.or.jp/,鳥取県八頭郡若桜町若桜１２３８,0858-82-5151,厚生労働省オープンデータ,https://www.mhlw.go.jp/content/12300000/jigyosho_210.csv,2025-12末,https://www.google.com/search?q=%E3%82%8F%E3%81%8B%E3%81%95%E3%83%BB%E3%81%82%E3%81%99%E3%81%AA%E3%82%8D%20%E8%8B%A5%E6%A1%9C%E7%94%BA
智頭町立智頭心和苑,ショートステイ,鳥取県,智頭町,"介護,ショートステイ,一時利用",家族の休息や一時的な受け入れが必要な時に短期間利用するサービスです。,https://www.google.com/search?q=%E6%99%BA%E9%A0%AD%E7%94%BA%E7%AB%8B%E6%99%BA%E9%A0%AD%E5%BF%83%E5%92%8C%E8%8B%91%20%E6%99%BA%E9%A0%AD%E7%94%BA,鳥取県八頭郡智頭町大字智頭１８７５番地,0858-75-2717,厚生労働省オープンデータ,https://www.mhlw.go.jp/content/12300000/jigyosho_210.csv,2025-12末,https://www.google.com/search?q=%E6%99%BA%E9%A0%AD%E7%94%BA%E7%AB%8B%E6%99%BA%E9%A0%AD%E5%BF%83%E5%92%8C%E8%8B%91%20%E6%99%BA%E9%A0%AD%E7%94%BA
小規模特別養護老人ホームきたやま（サテライト型居宅施設）,ショートステイ,鳥取県,八頭町,"介護,ショートステイ,一時利用",家族の休息や一時的な受け入れが必要な時に短期間利用するサービスです。,http://yazu-sukoyaka.or.jp,鳥取県八頭群八頭町北山159-1,0858-84-6220,厚生労働省オープンデータ,https://www.mhlw.go.jp/content/12300000/jigyosho_210.csv,2025-12末,https://www.google.com/search?q=%E5%B0%8F%E8%A6%8F%E6%A8%A1%E7%89%B9%E5%88%A5%E9%A4%8A%E8%AD%B7%E8%80%81%E4%BA%BA%E3%83%9B%E3%83%BC%E3%83%A0%E3%81%8D%E3%81%9F%E3%82%84%E3%81%BE%EF%BC%88%E3%82%B5%E3%83%86%E3%83%A9%E3%82%A4%E3%83%88%E5%9E%8B%E5%B1%85%E5%AE%85%E6%96%BD%E8%A8%AD%EF%BC%89%20%E5%85%AB%E9%A0%AD%E7%94%BA
ホワイトガーデンゆず,ショートステイ,鳥取県,八頭町,"介護,ショートステイ,一時利用",家族の休息や一時的な受け入れが必要な時に短期間利用するサービスです。,http://resibupeace.web.fc2.com/,鳥取県八頭郡八頭町船岡1952ホワイトガーデンゆず,0858-76-0620,厚生労働省オープンデータ,https://www.mhlw.go.jp/content/12300000/jigyosho_210.csv,2025-12末,https://www.google.com/search?q=%E3%83%9B%E3%83%AF%E3%82%A4%E3%83%88%E3%82%AC%E3%83%BC%E3%83%87%E3%83%B3%E3%82%86%E3%81%9A%20%E5%85%AB%E9%A0%AD%E7%94%BA
特別養護老人ホームすこやか,ショートステイ,鳥取県,八頭町,"介護,ショートステイ,一時利用",家族の休息や一時的な受け入れが必要な時に短期間利用するサービスです。,http://yazu-sukoyaka.or.jp,鳥取県八頭郡八頭町宮谷１７４番地１,0858-76-7601,厚生労働省オープンデータ,https://www.mhlw.go.jp/content/12300000/jigyosho_210.csv,2025-12末,https://www.google.com/search?q=%E7%89%B9%E5%88%A5%E9%A4%8A%E8%AD%B7%E8%80%81%E4%BA%BA%E3%83%9B%E3%83%BC%E3%83%A0%E3%81%99%E3%81%93%E3%82%84%E3%81%8B%20%E5%85%AB%E9%A0%AD%E7%94%BA
三朝温泉三喜苑　短期入所生活介護事業所,ショートステイ,鳥取県,三朝町,"介護,ショートステイ,一時利用",家族の休息や一時的な受け入れが必要な時に短期間利用するサービスです。,http://www.sankien.jp,鳥取県東伯郡三朝町横手３９６番地,0858-43-3322,厚生労働省オープンデータ,https://www.mhlw.go.jp/content/12300000/jigyosho_210.csv,2025-12末,https://www.google.com/search?q=%E4%B8%89%E6%9C%9D%E6%B8%A9%E6%B3%89%E4%B8%89%E5%96%9C%E8%8B%91%E3%80%80%E7%9F%AD%E6%9C%9F%E5%85%A5%E6%89%80%E7%94%9F%E6%B4%BB%E4%BB%8B%E8%AD%B7%E4%BA%8B%E6%A5%AD%E6%89%80%20%E4%B8%89%E6%9C%9D%E7%94%BA
湯梨浜はごろも苑,ショートステイ,鳥取県,湯梨浜町,"介護,ショートステイ,一時利用",家族の休息や一時的な受け入れが必要な時に短期間利用するサービスです。,http://www.tottori-kousei.jp/hagoromo.html,鳥取県東伯郡湯梨浜町上浅津４０７,0858-41-1701,厚生労働省オープンデータ,https://www.mhlw.go.jp/content/12300000/jigyosho_210.csv,2025-12末,https://www.google.com/search?q=%E6%B9%AF%E6%A2%A8%E6%B5%9C%E3%81%AF%E3%81%94%E3%82%8D%E3%82%82%E8%8B%91%20%E6%B9%AF%E6%A2%A8%E6%B5%9C%E7%94%BA
介護老人保健施設ハワイ信生苑　短期入所生活介護事業所,ショートステイ,鳥取県,湯梨浜町,"介護,ショートステイ,一時利用",家族の休息や一時的な受け入れが必要な時に短期間利用するサービスです。,http://www3.torichu.ne.jp/~sinseien,鳥取県東伯郡湯梨浜町はわい温泉５８－５,0858-35-5211,厚生労働省オープンデータ,https://www.mhlw.go.jp/content/12300000/jigyosho_210.csv,2025-12末,https://www.google.com/search?q=%E4%BB%8B%E8%AD%B7%E8%80%81%E4%BA%BA%E4%BF%9D%E5%81%A5%E6%96%BD%E8%A8%AD%E3%83%8F%E3%83%AF%E3%82%A4%E4%BF%A1%E7%94%9F%E8%8B%91%E3%80%80%E7%9F%AD%E6%9C%9F%E5%85%A5%E6%89%80%E7%94%9F%E6%B4%BB%E4%BB%8B%E8%AD%B7%E4%BA%8B%E6%A5%AD%E6%89%80%20%E6%B9%AF%E6%A2%A8%E6%B5%9C%E7%94%BA
百寿苑短期入所生活介護事業所,ショートステイ,鳥取県,琴浦町,"介護,ショートステイ,一時利用",家族の休息や一時的な受け入れが必要な時に短期間利用するサービスです。,www.hyakujyuen.jp,鳥取県東伯郡琴浦町赤碕１０６１－３,0858-55-2051,厚生労働省オープンデータ,https://www.mhlw.go.jp/content/12300000/jigyosho_210.csv,2025-12末,https://www.google.com/search?q=%E7%99%BE%E5%AF%BF%E8%8B%91%E7%9F%AD%E6%9C%9F%E5%85%A5%E6%89%80%E7%94%9F%E6%B4%BB%E4%BB%8B%E8%AD%B7%E4%BA%8B%E6%A5%AD%E6%89%80%20%E7%90%B4%E6%B5%A6%E7%94%BA
みどり園短期入所生活介護事業所,ショートステイ,鳥取県,琴浦町,"介護,ショートステイ,一時利用",家族の休息や一時的な受け入れが必要な時に短期間利用するサービスです。,http://hp1.tcbnet.ne.jp/~midori/,鳥取県東伯郡琴浦町八橋1937番地,0858-53-2820,厚生労働省オープンデータ,https://www.mhlw.go.jp/content/12300000/jigyosho_210.csv,2025-12末,https://www.google.com/search?q=%E3%81%BF%E3%81%A9%E3%82%8A%E5%9C%92%E7%9F%AD%E6%9C%9F%E5%85%A5%E6%89%80%E7%94%9F%E6%B4%BB%E4%BB%8B%E8%AD%B7%E4%BA%8B%E6%A5%AD%E6%89%80%20%E7%90%B4%E6%B5%A6%E7%94%BA
ショートステイ　ル・ソラリオン名和,ショートステイ,鳥取県,大山町,"介護,ショートステイ,一時利用",家族の休息や一時的な受け入れが必要な時に短期間利用するサービスです。,http://www.med-wel.jp,鳥取県西伯郡大山町西坪５２０番地１,0859-54-6500,厚生労働省オープンデータ,https://www.mhlw.go.jp/content/12300000/jigyosho_210.csv,2025-12末,https://www.google.com/search?q=%E3%82%B7%E3%83%A7%E3%83%BC%E3%83%88%E3%82%B9%E3%83%86%E3%82%A4%E3%80%80%E3%83%AB%E3%83%BB%E3%82%BD%E3%83%A9%E3%83%AA%E3%82%AA%E3%83%B3%E5%90%8D%E5%92%8C%20%E5%A4%A7%E5%B1%B1%E7%94%BA
ショートステイ大山やすらぎの里,ショートステイ,鳥取県,大山町,"介護,ショートステイ,一時利用",家族の休息や一時的な受け入れが必要な時に短期間利用するサービスです。,https://keiaikai-daisen.com,鳥取県西伯郡大山町唐王２０８,0859-39-5555,厚生労働省オープンデータ,https://www.mhlw.go.jp/content/12300000/jigyosho_210.csv,2025-12末,https://www.google.com/search?q=%E3%82%B7%E3%83%A7%E3%83%BC%E3%83%88%E3%82%B9%E3%83%86%E3%82%A4%E5%A4%A7%E5%B1%B1%E3%82%84%E3%81%99%E3%82%89%E3%81%8E%E3%81%AE%E9%87%8C%20%E5%A4%A7%E5%B1%B1%E7%94%BA
特別養護老人ホーム　ゆうらく,ショートステイ,鳥取県,南部町,"介護,ショートステイ,一時利用",家族の休息や一時的な受け入れが必要な時に短期間利用するサービスです。,http://yuraku-houki.net/,鳥取県西伯郡南部町落合480,0859-66-2253,厚生労働省オープンデータ,https://www.mhlw.go.jp/content/12300000/jigyosho_210.csv,2025-12末,https://www.google.com/search?q=%E7%89%B9%E5%88%A5%E9%A4%8A%E8%AD%B7%E8%80%81%E4%BA%BA%E3%83%9B%E3%83%BC%E3%83%A0%E3%80%80%E3%82%86%E3%81%86%E3%82%89%E3%81%8F%20%E5%8D%97%E9%83%A8%E7%94%BA
ショートステイ　ことぶき,ショートステイ,鳥取県,伯耆町,"介護,ショートステイ,一時利用",家族の休息や一時的な受け入れが必要な時に短期間利用するサービスです。,https://www.google.com/search?q=%E3%82%B7%E3%83%A7%E3%83%BC%E3%83%88%E3%82%B9%E3%83%86%E3%82%A4%E3%80%80%E3%81%93%E3%81%A8%E3%81%B6%E3%81%8D%20%E4%BC%AF%E8%80%86%E7%94%BA,鳥取県西伯郡伯耆町長山１６１番地１,0859-39-9700,厚生労働省オープンデータ,https://www.mhlw.go.jp/content/12300000/jigyosho_210.csv,2025-12末,https://www.google.com/search?q=%E3%82%B7%E3%83%A7%E3%83%BC%E3%83%88%E3%82%B9%E3%83%86%E3%82%A4%E3%80%80%E3%81%93%E3%81%A8%E3%81%B6%E3%81%8D%20%E4%BC%AF%E8%80%86%E7%94%BA
特別養護老人ホームあかねの郷,ショートステイ,鳥取県,日南町,"介護,ショートステイ,一時利用",家族の休息や一時的な受け入れが必要な時に短期間利用するサービスです。,http://www.n-akane.jp,鳥取県日野郡日南町下石見２３１５番地,0859-83-0842,厚生労働省オープンデータ,https://www.mhlw.go.jp/content/12300000/jigyosho_210.csv,2025-12末,https://www.google.com/search?q=%E7%89%B9%E5%88%A5%E9%A4%8A%E8%AD%B7%E8%80%81%E4%BA%BA%E3%83%9B%E3%83%BC%E3%83%A0%E3%81%82%E3%81%8B%E3%81%AD%E3%81%AE%E9%83%B7%20%E6%97%A5%E5%8D%97%E7%94%BA
特別養護老人ホームあいご,ショートステイ,鳥取県,日野町,"介護,ショートステイ,一時利用",家族の休息や一時的な受け入れが必要な時に短期間利用するサービスです。,http://www.nissyoukai.net/,鳥取県日野郡日野町根雨７３０番地,0859-77-0777,厚生労働省オープンデータ,https://www.mhlw.go.jp/content/12300000/jigyosho_210.csv,2025-12末,https://www.google.com/search?q=%E7%89%B9%E5%88%A5%E9%A4%8A%E8%AD%B7%E8%80%81%E4%BA%BA%E3%83%9B%E3%83%BC%E3%83%A0%E3%81%82%E3%81%84%E3%81%94%20%E6%97%A5%E9%87%8E%E7%94%BA
ショートステイサービスセンター江美の郷,ショートステイ,鳥取県,江府町,"介護,ショートステイ,一時利用",家族の休息や一時的な受け入れが必要な時に短期間利用するサービスです。,http://www.syoujin.or.jp,鳥取県日野郡江府町大字久連７番地,0859-75-3626,厚生労働省オープンデータ,https://www.mhlw.go.jp/content/12300000/jigyosho_210.csv,2025-12末,https://www.google.com/search?q=%E3%82%B7%E3%83%A7%E3%83%BC%E3%83%88%E3%82%B9%E3%83%86%E3%82%A4%E3%82%B5%E3%83%BC%E3%83%93%E3%82%B9%E3%82%BB%E3%83%B3%E3%82%BF%E3%83%BC%E6%B1%9F%E7%BE%8E%E3%81%AE%E9%83%B7%20%E6%B1%9F%E5%BA%9C%E7%94%BA
老人保健施設はまゆう短期入所療養介護事業所,短期入所療養介護_老健,鳥取県,鳥取市,"介護,短期入所療養介護_老健,リハビリ,一時利用",短期入所療養介護_老健の公式オープンデータから取り込んだ候補です。詳細は公式情報・電話・見学で確認してください。,http://www.hamayu.or.jp/,鳥取県鳥取市野寺62番地1,0857-51-7801,厚生労働省オープンデータ,https://www.mhlw.go.jp/content/12300000/jigyosho_220.csv,2025-12末,https://www.google.com/search?q=%E8%80%81%E4%BA%BA%E4%BF%9D%E5%81%A5%E6%96%BD%E8%A8%AD%E3%81%AF%E3%81%BE%E3%82%86%E3%81%86%E7%9F%AD%E6%9C%9F%E5%85%A5%E6%89%80%E7%99%82%E9%A4%8A%E4%BB%8B%E8%AD%B7%E4%BA%8B%E6%A5%AD%E6%89%80%20%E9%B3%A5%E5%8F%96%E5%B8%82
老人保健施設ふたば,短期入所療養介護_老健,鳥取県,鳥取市,"介護,短期入所療養介護_老健,リハビリ,一時利用",短期入所療養介護_老健の公式オープンデータから取り込んだ候補です。詳細は公式情報・電話・見学で確認してください。,https://www.google.com/search?q=%E8%80%81%E4%BA%BA%E4%BF%9D%E5%81%A5%E6%96%BD%E8%A8%AD%E3%81%B5%E3%81%9F%E3%81%B0%20%E9%B3%A5%E5%8F%96%E5%B8%82,鳥取市国府町稲葉丘3丁目303,0857-23-1830,厚生労働省オープンデータ,https://www.mhlw.go.jp/content/12300000/jigyosho_220.csv,2025-12末,https://www.google.com/search?q=%E8%80%81%E4%BA%BA%E4%BF%9D%E5%81%A5%E6%96%BD%E8%A8%AD%E3%81%B5%E3%81%9F%E3%81%B0%20%E9%B3%A5%E5%8F%96%E5%B8%82
介護老人保健施設みやこ苑,短期入所療養介護_老健,鳥取県,鳥取市,"介護,短期入所療養介護_老健,リハビリ,一時利用",短期入所療養介護_老健の公式オープンデータから取り込んだ候補です。詳細は公式情報・電話・見学で確認してください。,http://www.miyakoen.jp/,鳥取県鳥取市三津1072番地307,0857-38-3838,厚生労働省オープンデータ,https://www.mhlw.go.jp/content/12300000/jigyosho_220.csv,2025-12末,https://www.google.com/search?q=%E4%BB%8B%E8%AD%B7%E8%80%81%E4%BA%BA%E4%BF%9D%E5%81%A5%E6%96%BD%E8%A8%AD%E3%81%BF%E3%82%84%E3%81%93%E8%8B%91%20%E9%B3%A5%E5%8F%96%E5%B8%82
介護老人保健施設ウェルケアいなば,短期入所療養介護_老健,鳥取県,鳥取市,"介護,短期入所療養介護_老健,リハビリ,一時利用",短期入所療養介護_老健の公式オープンデータから取り込んだ候補です。詳細は公式情報・電話・見学で確認してください。,http://www.tokuwakai.jp,鳥取県鳥取市河原町稲常463番地介護老人保健施設ウェルケアいなば,0858-85-1681,厚生労働省オープンデータ,https://www.mhlw.go.jp/content/12300000/jigyosho_220.csv,2025-12末,https://www.google.com/search?q=%E4%BB%8B%E8%AD%B7%E8%80%81%E4%BA%BA%E4%BF%9D%E5%81%A5%E6%96%BD%E8%A8%AD%E3%82%A6%E3%82%A7%E3%83%AB%E3%82%B1%E3%82%A2%E3%81%84%E3%81%AA%E3%81%B0%20%E9%B3%A5%E5%8F%96%E5%B8%82
介護老人保健施設いなば幸朋苑,短期入所療養介護_老健,鳥取県,鳥取市,"介護,短期入所療養介護_老健,リハビリ,一時利用",短期入所療養介護_老健の公式オープンデータから取り込んだ候補です。詳細は公式情報・電話・見学で確認してください。,http://www.kohoen.jp,鳥取県鳥取市浜坂２２８番地1,0857-23-6611,厚生労働省オープンデータ,https://www.mhlw.go.jp/content/12300000/jigyosho_220.csv,2025-12末,https://www.google.com/search?q=%E4%BB%8B%E8%AD%B7%E8%80%81%E4%BA%BA%E4%BF%9D%E5%81%A5%E6%96%BD%E8%A8%AD%E3%81%84%E3%81%AA%E3%81%B0%E5%B9%B8%E6%9C%8B%E8%8B%91%20%E9%B3%A5%E5%8F%96%E5%B8%82
ユニット型介護老人保健施設いなば幸朋苑,短期入所療養介護_老健,鳥取県,鳥取市,"介護,短期入所療養介護_老健,リハビリ,一時利用",短期入所療養介護_老健の公式オープンデータから取り込んだ候補です。詳細は公式情報・電話・見学で確認してください。,http://www.kohoen.jp,鳥取県鳥取市浜坂228番地1,0857-23-6611,厚生労働省オープンデータ,https://www.mhlw.go.jp/content/12300000/jigyosho_220.csv,2025-12末,https://www.google.com/search?q=%E3%83%A6%E3%83%8B%E3%83%83%E3%83%88%E5%9E%8B%E4%BB%8B%E8%AD%B7%E8%80%81%E4%BA%BA%E4%BF%9D%E5%81%A5%E6%96%BD%E8%A8%AD%E3%81%84%E3%81%AA%E3%81%B0%E5%B9%B8%E6%9C%8B%E8%8B%91%20%E9%B3%A5%E5%8F%96%E5%B8%82
介護老人保健施設　まさたみの郷,短期入所療養介護_老健,鳥取県,鳥取市,"介護,短期入所療養介護_老健,リハビリ,一時利用",短期入所療養介護_老健の公式オープンデータから取り込んだ候補です。詳細は公式情報・電話・見学で確認してください。,http://masataminosato.jp/,鳥取県鳥取市杉崎５９６番地,0857-53-0002,厚生労働省オープンデータ,https://www.mhlw.go.jp/content/12300000/jigyosho_220.csv,2025-12末,https://www.google.com/search?q=%E4%BB%8B%E8%AD%B7%E8%80%81%E4%BA%BA%E4%BF%9D%E5%81%A5%E6%96%BD%E8%A8%AD%E3%80%80%E3%81%BE%E3%81%95%E3%81%9F%E3%81%BF%E3%81%AE%E9%83%B7%20%E9%B3%A5%E5%8F%96%E5%B8%82
鳥取市介護老人保健施設やすらぎ,短期入所療養介護_老健,鳥取県,鳥取市,"介護,短期入所療養介護_老健,リハビリ,一時利用",短期入所療養介護_老健の公式オープンデータから取り込んだ候補です。詳細は公式情報・電話・見学で確認してください。,https://www.google.com/search?q=%E9%B3%A5%E5%8F%96%E5%B8%82%E4%BB%8B%E8%AD%B7%E8%80%81%E4%BA%BA%E4%BF%9D%E5%81%A5%E6%96%BD%E8%A8%AD%E3%82%84%E3%81%99%E3%82%89%E3%81%8E%20%E9%B3%A5%E5%8F%96%E5%B8%82,鳥取県鳥取市的場１丁目１１,0857-53-5770,厚生労働省オープンデータ,https://www.mhlw.go.jp/content/12300000/jigyosho_220.csv,2025-12末,https://www.google.com/search?q=%E9%B3%A5%E5%8F%96%E5%B8%82%E4%BB%8B%E8%AD%B7%E8%80%81%E4%BA%BA%E4%BF%9D%E5%81%A5%E6%96%BD%E8%A8%AD%E3%82%84%E3%81%99%E3%82%89%E3%81%8E%20%E9%B3%A5%E5%8F%96%E5%B8%82
介護老人保健施設ル・サンテリオン鹿野,短期入所療養介護_老健,鳥取県,鳥取市,"介護,短期入所療養介護_老健,リハビリ,一時利用",短期入所療養介護_老健の公式オープンデータから取り込んだ候補です。詳細は公式情報・電話・見学で確認してください。,http://www.med-wel.jp/,鳥取県鳥取市鹿野町今市８０,0857-84-3700,厚生労働省オープンデータ,https://www.mhlw.go.jp/content/12300000/jigyosho_220.csv,2025-12末,https://www.google.com/search?q=%E4%BB%8B%E8%AD%B7%E8%80%81%E4%BA%BA%E4%BF%9D%E5%81%A5%E6%96%BD%E8%A8%AD%E3%83%AB%E3%83%BB%E3%82%B5%E3%83%B3%E3%83%86%E3%83%AA%E3%82%AA%E3%83%B3%E9%B9%BF%E9%87%8E%20%E9%B3%A5%E5%8F%96%E5%B8%82
社会医療法人　仁厚会　介護老人保健施設　ル・サンテリオン鹿野　ユニット型,短期入所療養介護_老健,鳥取県,鳥取市,"介護,短期入所療養介護_老健,リハビリ,一時利用",短期入所療養介護_老健の公式オープンデータから取り込んだ候補です。詳細は公式情報・電話・見学で確認してください。,http://www.med-wel.jp/,鳥取市鹿野町今市80番地,0857-84-3700,厚生労働省オープンデータ,https://www.mhlw.go.jp/content/12300000/jigyosho_220.csv,2025-12末,https://www.google.com/search?q=%E7%A4%BE%E4%BC%9A%E5%8C%BB%E7%99%82%E6%B3%95%E4%BA%BA%E3%80%80%E4%BB%81%E5%8E%9A%E4%BC%9A%E3%80%80%E4%BB%8B%E8%AD%B7%E8%80%81%E4%BA%BA%E4%BF%9D%E5%81%A5%E6%96%BD%E8%A8%AD%E3%80%80%E3%83%AB%E3%83%BB%E3%82%B5%E3%83%B3%E3%83%86%E3%83%AA%E3%82%AA%E3%83%B3%E9%B9%BF%E9%87%8E%E3%80%80%E3%83%A6%E3%83%8B%E3%83%83%E3%83%88%E5%9E%8B%20%E9%B3%A5%E5%8F%96%E5%B8%82
介護老人保健施設　新田,短期入所療養介護_老健,鳥取県,米子市,"介護,短期入所療養介護_老健,リハビリ,一時利用",短期入所療養介護_老健の公式オープンデータから取り込んだ候補です。詳細は公式情報・電話・見学で確認してください。,https://www.google.com/search?q=%E4%BB%8B%E8%AD%B7%E8%80%81%E4%BA%BA%E4%BF%9D%E5%81%A5%E6%96%BD%E8%A8%AD%E3%80%80%E6%96%B0%E7%94%B0%20%E7%B1%B3%E5%AD%90%E5%B8%82,鳥取県米子市中島２‐１‐４６,０８５９‐３８‐２３５５,厚生労働省オープンデータ,https://www.mhlw.go.jp/content/12300000/jigyosho_220.csv,2025-12末,https://www.google.com/search?q=%E4%BB%8B%E8%AD%B7%E8%80%81%E4%BA%BA%E4%BF%9D%E5%81%A5%E6%96%BD%E8%A8%AD%E3%80%80%E6%96%B0%E7%94%B0%20%E7%B1%B3%E5%AD%90%E5%B8%82
高島病院介護老人保健施設,短期入所療養介護_老健,鳥取県,米子市,"介護,短期入所療養介護_老健,リハビリ,一時利用",短期入所療養介護_老健の公式オープンデータから取り込んだ候補です。詳細は公式情報・電話・見学で確認してください。,https://www.google.com/search?q=%E9%AB%98%E5%B3%B6%E7%97%85%E9%99%A2%E4%BB%8B%E8%AD%B7%E8%80%81%E4%BA%BA%E4%BF%9D%E5%81%A5%E6%96%BD%E8%A8%AD%20%E7%B1%B3%E5%AD%90%E5%B8%82,鳥取県米子市西町６番地,0859-32-7711,厚生労働省オープンデータ,https://www.mhlw.go.jp/content/12300000/jigyosho_220.csv,2025-12末,https://www.google.com/search?q=%E9%AB%98%E5%B3%B6%E7%97%85%E9%99%A2%E4%BB%8B%E8%AD%B7%E8%80%81%E4%BA%BA%E4%BF%9D%E5%81%A5%E6%96%BD%E8%A8%AD%20%E7%B1%B3%E5%AD%90%E5%B8%82
介護老人保健施設あわしま　短期入所療養介護,短期入所療養介護_老健,鳥取県,米子市,"介護,短期入所療養介護_老健,リハビリ,一時利用",短期入所療養介護_老健の公式オープンデータから取り込んだ候補です。詳細は公式情報・電話・見学で確認してください。,http://www.chukai.or.jp/awashima/,鳥取県米子市彦名町1250番地,0859-24-1503,厚生労働省オープンデータ,https://www.mhlw.go.jp/content/12300000/jigyosho_220.csv,2025-12末,https://www.google.com/search?q=%E4%BB%8B%E8%AD%B7%E8%80%81%E4%BA%BA%E4%BF%9D%E5%81%A5%E6%96%BD%E8%A8%AD%E3%81%82%E3%82%8F%E3%81%97%E3%81%BE%E3%80%80%E7%9F%AD%E6%9C%9F%E5%85%A5%E6%89%80%E7%99%82%E9%A4%8A%E4%BB%8B%E8%AD%B7%20%E7%B1%B3%E5%AD%90%E5%B8%82
ユニット型介護老人保健施設なんぶ幸朋苑,短期入所療養介護_老健,鳥取県,米子市,"介護,短期入所療養介護_老健,リハビリ,一時利用",短期入所療養介護_老健の公式オープンデータから取り込んだ候補です。詳細は公式情報・電話・見学で確認してください。,http://www.kohoen.jp/untitled58.html,鳥取県米子市石井1238,0859-26-5566,厚生労働省オープンデータ,https://www.mhlw.go.jp/content/12300000/jigyosho_220.csv,2025-12末,https://www.google.com/search?q=%E3%83%A6%E3%83%8B%E3%83%83%E3%83%88%E5%9E%8B%E4%BB%8B%E8%AD%B7%E8%80%81%E4%BA%BA%E4%BF%9D%E5%81%A5%E6%96%BD%E8%A8%AD%E3%81%AA%E3%82%93%E3%81%B6%E5%B9%B8%E6%9C%8B%E8%8B%91%20%E7%B1%B3%E5%AD%90%E5%B8%82
ユニット型　ショートステイやわらぎ,短期入所療養介護_老健,鳥取県,米子市,"介護,短期入所療養介護_老健,リハビリ,一時利用",短期入所療養介護_老健の公式オープンデータから取り込んだ候補です。詳細は公式情報・電話・見学で確認してください。,https://douaikai.net/,鳥取県米子市新開4丁目11-13,0859-31-1000,厚生労働省オープンデータ,https://www.mhlw.go.jp/content/12300000/jigyosho_220.csv,2025-12末,https://www.google.com/search?q=%E3%83%A6%E3%83%8B%E3%83%83%E3%83%88%E5%9E%8B%E3%80%80%E3%82%B7%E3%83%A7%E3%83%BC%E3%83%88%E3%82%B9%E3%83%86%E3%82%A4%E3%82%84%E3%82%8F%E3%82%89%E3%81%8E%20%E7%B1%B3%E5%AD%90%E5%B8%82
介護老人保健施設アイアイ,短期入所療養介護_老健,鳥取県,米子市,"介護,短期入所療養介護_老健,リハビリ,一時利用",短期入所療養介護_老健の公式オープンデータから取り込んだ候補です。詳細は公式情報・電話・見学で確認してください。,http://shoutoku-f.com/aiai/,鳥取県米子市榎原1823,0859-39-7700,厚生労働省オープンデータ,https://www.mhlw.go.jp/content/12300000/jigyosho_220.csv,2025-12末,https://www.google.com/search?q=%E4%BB%8B%E8%AD%B7%E8%80%81%E4%BA%BA%E4%BF%9D%E5%81%A5%E6%96%BD%E8%A8%AD%E3%82%A2%E3%82%A4%E3%82%A2%E3%82%A4%20%E7%B1%B3%E5%AD%90%E5%B8%82
ショートステイやわらぎ,短期入所療養介護_老健,鳥取県,米子市,"介護,短期入所療養介護_老健,リハビリ,一時利用",短期入所療養介護_老健の公式オープンデータから取り込んだ候補です。詳細は公式情報・電話・見学で確認してください。,https://yawaragi.doaikai.jp/,鳥取県米子市新開４丁目11-13,0859-31-1000,厚生労働省オープンデータ,https://www.mhlw.go.jp/content/12300000/jigyosho_220.csv,2025-12末,https://www.google.com/search?q=%E3%82%B7%E3%83%A7%E3%83%BC%E3%83%88%E3%82%B9%E3%83%86%E3%82%A4%E3%82%84%E3%82%8F%E3%82%89%E3%81%8E%20%E7%B1%B3%E5%AD%90%E5%B8%82
短期入所療養介護　ゆうとぴあ,短期入所療養介護_老健,鳥取県,米子市,"介護,短期入所療養介護_老健,リハビリ,一時利用",短期入所療養介護_老健の公式オープンデータから取り込んだ候補です。詳細は公式情報・電話・見学で確認してください。,http://www.hospitown.or.jp/,鳥取県米子市河崎581-3,0859-30-3939,厚生労働省オープンデータ,https://www.mhlw.go.jp/content/12300000/jigyosho_220.csv,2025-12末,https://www.google.com/search?q=%E7%9F%AD%E6%9C%9F%E5%85%A5%E6%89%80%E7%99%82%E9%A4%8A%E4%BB%8B%E8%AD%B7%E3%80%80%E3%82%86%E3%81%86%E3%81%A8%E3%81%B4%E3%81%82%20%E7%B1%B3%E5%AD%90%E5%B8%82
短期入所療養介護弓浜ゆうとぴあ,短期入所療養介護_老健,鳥取県,米子市,"介護,短期入所療養介護_老健,リハビリ,一時利用",短期入所療養介護_老健の公式オープンデータから取り込んだ候補です。詳細は公式情報・電話・見学で確認してください。,http://www.hospitown.or.jp,鳥取県米子市大崎1511-1,0859-48-2334,厚生労働省オープンデータ,https://www.mhlw.go.jp/content/12300000/jigyosho_220.csv,2025-12末,https://www.google.com/search?q=%E7%9F%AD%E6%9C%9F%E5%85%A5%E6%89%80%E7%99%82%E9%A4%8A%E4%BB%8B%E8%AD%B7%E5%BC%93%E6%B5%9C%E3%82%86%E3%81%86%E3%81%A8%E3%81%B4%E3%81%82%20%E7%B1%B3%E5%AD%90%E5%B8%82
介護老人保健施設仁風荘,短期入所療養介護_老健,鳥取県,米子市,"介護,短期入所療養介護_老健,リハビリ,一時利用",短期入所療養介護_老健の公式オープンデータから取り込んだ候補です。詳細は公式情報・電話・見学で確認してください。,http://www.yowakai.com/,鳥取県米子市上後藤３－５－１,0859-24-0007,厚生労働省オープンデータ,https://www.mhlw.go.jp/content/12300000/jigyosho_220.csv,2025-12末,https://www.google.com/search?q=%E4%BB%8B%E8%AD%B7%E8%80%81%E4%BA%BA%E4%BF%9D%E5%81%A5%E6%96%BD%E8%A8%AD%E4%BB%81%E9%A2%A8%E8%8D%98%20%E7%B1%B3%E5%AD%90%E5%B8%82
介護老人保健施設　ル・サンテリオンよどえ,短期入所療養介護_老健,鳥取県,米子市,"介護,短期入所療養介護_老健,リハビリ,一時利用",短期入所療養介護_老健の公式オープンデータから取り込んだ候補です。詳細は公式情報・電話・見学で確認してください。,https://www.med-wel.jp/yodoe/,鳥取県米子市淀江町佐陀２１６９,0859-56-4073,厚生労働省オープンデータ,https://www.mhlw.go.jp/content/12300000/jigyosho_220.csv,2025-12末,https://www.google.com/search?q=%E4%BB%8B%E8%AD%B7%E8%80%81%E4%BA%BA%E4%BF%9D%E5%81%A5%E6%96%BD%E8%A8%AD%E3%80%80%E3%83%AB%E3%83%BB%E3%82%B5%E3%83%B3%E3%83%86%E3%83%AA%E3%82%AA%E3%83%B3%E3%82%88%E3%81%A9%E3%81%88%20%E7%B1%B3%E5%AD%90%E5%B8%82
介護老人保健施設　ル・サンテリオンよどえ　ユニット型,短期入所療養介護_老健,鳥取県,米子市,"介護,短期入所療養介護_老健,リハビリ,一時利用",短期入所療養介護_老健の公式オープンデータから取り込んだ候補です。詳細は公式情報・電話・見学で確認してください。,https:/www.med-wel.jp/yodoe/,鳥取県米子市淀江町佐陀2169,0859-56-4073,厚生労働省オープンデータ,https://www.mhlw.go.jp/content/12300000/jigyosho_220.csv,2025-12末,https://www.google.com/search?q=%E4%BB%8B%E8%AD%B7%E8%80%81%E4%BA%BA%E4%BF%9D%E5%81%A5%E6%96%BD%E8%A8%AD%E3%80%80%E3%83%AB%E3%83%BB%E3%82%B5%E3%83%B3%E3%83%86%E3%83%AA%E3%82%AA%E3%83%B3%E3%82%88%E3%81%A9%E3%81%88%E3%80%80%E3%83%A6%E3%83%8B%E3%83%83%E3%83%88%E5%9E%8B%20%E7%B1%B3%E5%AD%90%E5%B8%82
ユニット型介護老人保健施設仁風荘,短期入所療養介護_老健,鳥取県,米子市,"介護,短期入所療養介護_老健,リハビリ,一時利用",短期入所療養介護_老健の公式オープンデータから取り込んだ候補です。詳細は公式情報・電話・見学で確認してください。,http://www.yowakai.com/,鳥取県米子市上後藤3-5-1,0859-24-0007,厚生労働省オープンデータ,https://www.mhlw.go.jp/content/12300000/jigyosho_220.csv,2025-12末,https://www.google.com/search?q=%E3%83%A6%E3%83%8B%E3%83%83%E3%83%88%E5%9E%8B%E4%BB%8B%E8%AD%B7%E8%80%81%E4%BA%BA%E4%BF%9D%E5%81%A5%E6%96%BD%E8%A8%AD%E4%BB%81%E9%A2%A8%E8%8D%98%20%E7%B1%B3%E5%AD%90%E5%B8%82
介護老人保健施設　うつぶき,短期入所療養介護_老健,鳥取県,倉吉市,"介護,短期入所療養介護_老健,リハビリ,一時利用",短期入所療養介護_老健の公式オープンデータから取り込んだ候補です。詳細は公式情報・電話・見学で確認してください。,http://seiwa-med.jp/roukenutsubuki/,鳥取県倉吉市上井301,0858-26-6331,厚生労働省オープンデータ,https://www.mhlw.go.jp/content/12300000/jigyosho_220.csv,2025-12末,https://www.google.com/search?q=%E4%BB%8B%E8%AD%B7%E8%80%81%E4%BA%BA%E4%BF%9D%E5%81%A5%E6%96%BD%E8%A8%AD%E3%80%80%E3%81%86%E3%81%A4%E3%81%B6%E3%81%8D%20%E5%80%89%E5%90%89%E5%B8%82
介護老人保健施設　ル・サンテリオン,短期入所療養介護_老健,鳥取県,倉吉市,"介護,短期入所療養介護_老健,リハビリ,一時利用",短期入所療養介護_老健の公式オープンデータから取り込んだ候補です。詳細は公式情報・電話・見学で確認してください。,https://www.med-wel.jp/,鳥取県倉吉市山根５５－２３３,0858-26-3051,厚生労働省オープンデータ,https://www.mhlw.go.jp/content/12300000/jigyosho_220.csv,2025-12末,https://www.google.com/search?q=%E4%BB%8B%E8%AD%B7%E8%80%81%E4%BA%BA%E4%BF%9D%E5%81%A5%E6%96%BD%E8%A8%AD%E3%80%80%E3%83%AB%E3%83%BB%E3%82%B5%E3%83%B3%E3%83%86%E3%83%AA%E3%82%AA%E3%83%B3%20%E5%80%89%E5%90%89%E5%B8%82
ユニット型介護老人保健施設　ル・サンテリオン,短期入所療養介護_老健,鳥取県,倉吉市,"介護,短期入所療養介護_老健,リハビリ,一時利用",短期入所療養介護_老健の公式オープンデータから取り込んだ候補です。詳細は公式情報・電話・見学で確認してください。,https://www.med-wel.jp/,鳥取県倉吉市山根５５－２３３,0858-26-3051,厚生労働省オープンデータ,https://www.mhlw.go.jp/content/12300000/jigyosho_220.csv,2025-12末,https://www.google.com/search?q=%E3%83%A6%E3%83%8B%E3%83%83%E3%83%88%E5%9E%8B%E4%BB%8B%E8%AD%B7%E8%80%81%E4%BA%BA%E4%BF%9D%E5%81%A5%E6%96%BD%E8%A8%AD%E3%80%80%E3%83%AB%E3%83%BB%E3%82%B5%E3%83%B3%E3%83%86%E3%83%AA%E3%82%AA%E3%83%B3%20%E5%80%89%E5%90%89%E5%B8%82
老人保健施設のじま短期入所療養介護事業所,短期入所療養介護_老健,鳥取県,倉吉市,"介護,短期入所療養介護_老健,リハビリ,一時利用",短期入所療養介護_老健の公式オープンデータから取り込んだ候補です。詳細は公式情報・電話・見学で確認してください。,http://www.nojima-hospital.jp/,鳥取県倉吉市瀬崎町2714-1,0858-23-7100,厚生労働省オープンデータ,https://www.mhlw.go.jp/content/12300000/jigyosho_220.csv,2025-12末,https://www.google.com/search?q=%E8%80%81%E4%BA%BA%E4%BF%9D%E5%81%A5%E6%96%BD%E8%A8%AD%E3%81%AE%E3%81%98%E3%81%BE%E7%9F%AD%E6%9C%9F%E5%85%A5%E6%89%80%E7%99%82%E9%A4%8A%E4%BB%8B%E8%AD%B7%E4%BA%8B%E6%A5%AD%E6%89%80%20%E5%80%89%E5%90%89%E5%B8%82
介護老人保健施設ひまわり,短期入所療養介護_老健,鳥取県,倉吉市,"介護,短期入所療養介護_老健,リハビリ,一時利用",短期入所療養介護_老健の公式オープンデータから取り込んだ候補です。詳細は公式情報・電話・見学で確認してください。,http://www.siseikai.com/,鳥取県倉吉市関金町関金宿1891番地1,0858-45-6111,厚生労働省オープンデータ,https://www.mhlw.go.jp/content/12300000/jigyosho_220.csv,2025-12末,https://www.google.com/search?q=%E4%BB%8B%E8%AD%B7%E8%80%81%E4%BA%BA%E4%BF%9D%E5%81%A5%E6%96%BD%E8%A8%AD%E3%81%B2%E3%81%BE%E3%82%8F%E3%82%8A%20%E5%80%89%E5%90%89%E5%B8%82
ユニット型介護老人保健施設ひまわり,短期入所療養介護_老健,鳥取県,倉吉市,"介護,短期入所療養介護_老健,リハビリ,一時利用",短期入所療養介護_老健の公式オープンデータから取り込んだ候補です。詳細は公式情報・電話・見学で確認してください。,http://www.siseikai.com/,鳥取県倉吉市関金町関金宿1891番地1,0858-45-6111,厚生労働省オープンデータ,https://www.mhlw.go.jp/content/12300000/jigyosho_220.csv,2025-12末,https://www.google.com/search?q=%E3%83%A6%E3%83%8B%E3%83%83%E3%83%88%E5%9E%8B%E4%BB%8B%E8%AD%B7%E8%80%81%E4%BA%BA%E4%BF%9D%E5%81%A5%E6%96%BD%E8%A8%AD%E3%81%B2%E3%81%BE%E3%82%8F%E3%82%8A%20%E5%80%89%E5%90%89%E5%B8%82
介護老人保健施設　花の里,短期入所療養介護_老健,鳥取県,境港市,"介護,短期入所療養介護_老健,リハビリ,一時利用",短期入所療養介護_老健の公式オープンデータから取り込んだ候補です。詳細は公式情報・電話・見学で確認してください。,http://www.motomachi-hp.jp/,鳥取県境港市上道町1959-1,0859-47-6363,厚生労働省オープンデータ,https://www.mhlw.go.jp/content/12300000/jigyosho_220.csv,2025-12末,https://www.google.com/search?q=%E4%BB%8B%E8%AD%B7%E8%80%81%E4%BA%BA%E4%BF%9D%E5%81%A5%E6%96%BD%E8%A8%AD%E3%80%80%E8%8A%B1%E3%81%AE%E9%87%8C%20%E5%A2%83%E6%B8%AF%E5%B8%82
介護老人保健施設　さかい幸朋苑,短期入所療養介護_老健,鳥取県,境港市,"介護,短期入所療養介護_老健,リハビリ,一時利用",短期入所療養介護_老健の公式オープンデータから取り込んだ候補です。詳細は公式情報・電話・見学で確認してください。,http://www.kohoen.jp,鳥取県境港市誠道町2082番地,0859-45-6782,厚生労働省オープンデータ,https://www.mhlw.go.jp/content/12300000/jigyosho_220.csv,2025-12末,https://www.google.com/search?q=%E4%BB%8B%E8%AD%B7%E8%80%81%E4%BA%BA%E4%BF%9D%E5%81%A5%E6%96%BD%E8%A8%AD%E3%80%80%E3%81%95%E3%81%8B%E3%81%84%E5%B9%B8%E6%9C%8B%E8%8B%91%20%E5%A2%83%E6%B8%AF%E5%B8%82
鳥取県済生会介護老人保健施設はまかぜ,短期入所療養介護_老健,鳥取県,境港市,"介護,短期入所療養介護_老健,リハビリ,一時利用",短期入所療養介護_老健の公式オープンデータから取り込んだ候補です。詳細は公式情報・電話・見学で確認してください。,http://www.sakaiminato-saiseikai.jp,鳥取県境港市蓮池町78-1,0859-42-3190,厚生労働省オープンデータ,https://www.mhlw.go.jp/content/12300000/jigyosho_220.csv,2025-12末,https://www.google.com/search?q=%E9%B3%A5%E5%8F%96%E7%9C%8C%E6%B8%88%E7%94%9F%E4%BC%9A%E4%BB%8B%E8%AD%B7%E8%80%81%E4%BA%BA%E4%BF%9D%E5%81%A5%E6%96%BD%E8%A8%AD%E3%81%AF%E3%81%BE%E3%81%8B%E3%81%9C%20%E5%A2%83%E6%B8%AF%E5%B8%82
介護老人保健施設　ほのぼの,短期入所療養介護_老健,鳥取県,智頭町,"介護,短期入所療養介護_老健,リハビリ,一時利用",短期入所療養介護_老健の公式オープンデータから取り込んだ候補です。詳細は公式情報・電話・見学で確認してください。,https://www2.town.chizu.tottori.jp,鳥取県八頭郡智頭町智頭1875番地,0858-75-3211,厚生労働省オープンデータ,https://www.mhlw.go.jp/content/12300000/jigyosho_220.csv,2025-12末,https://www.google.com/search?q=%E4%BB%8B%E8%AD%B7%E8%80%81%E4%BA%BA%E4%BF%9D%E5%81%A5%E6%96%BD%E8%A8%AD%E3%80%80%E3%81%BB%E3%81%AE%E3%81%BC%E3%81%AE%20%E6%99%BA%E9%A0%AD%E7%94%BA
介護老人保健施設すこやか,短期入所療養介護_老健,鳥取県,八頭町,"介護,短期入所療養介護_老健,リハビリ,一時利用",短期入所療養介護_老健の公式オープンデータから取り込んだ候補です。詳細は公式情報・電話・見学で確認してください。,https://swc-yazu.studio.site/,鳥取県八頭郡八頭町宮谷１２３番地,0858-76-7600,厚生労働省オープンデータ,https://www.mhlw.go.jp/content/12300000/jigyosho_220.csv,2025-12末,https://www.google.com/search?q=%E4%BB%8B%E8%AD%B7%E8%80%81%E4%BA%BA%E4%BF%9D%E5%81%A5%E6%96%BD%E8%A8%AD%E3%81%99%E3%81%93%E3%82%84%E3%81%8B%20%E5%85%AB%E9%A0%AD%E7%94%BA
ユニット型　ル・サンテリオン東郷,短期入所療養介護_老健,鳥取県,湯梨浜町,"介護,短期入所療養介護_老健,リハビリ,一時利用",短期入所療養介護_老健の公式オープンデータから取り込んだ候補です。詳細は公式情報・電話・見学で確認してください。,https://www.med-wel.jp/,鳥取県東伯郡湯梨浜町野花443番地1,0858-32-2570,厚生労働省オープンデータ,https://www.mhlw.go.jp/content/12300000/jigyosho_220.csv,2025-12末,https://www.google.com/search?q=%E3%83%A6%E3%83%8B%E3%83%83%E3%83%88%E5%9E%8B%E3%80%80%E3%83%AB%E3%83%BB%E3%82%B5%E3%83%B3%E3%83%86%E3%83%AA%E3%82%AA%E3%83%B3%E6%9D%B1%E9%83%B7%20%E6%B9%AF%E6%A2%A8%E6%B5%9C%E7%94%BA
介護老人保健施設ハワイ信生苑　短期入所療養介護事業所,短期入所療養介護_老健,鳥取県,湯梨浜町,"介護,短期入所療養介護_老健,リハビリ,一時利用",短期入所療養介護_老健の公式オープンデータから取り込んだ候補です。詳細は公式情報・電話・見学で確認してください。,http://www3.torichu.ne.jp/~sinseien,鳥取県東伯郡湯梨浜町はわい温泉５８－５,0858-35-5211,厚生労働省オープンデータ,https://www.mhlw.go.jp/content/12300000/jigyosho_220.csv,2025-12末,https://www.google.com/search?q=%E4%BB%8B%E8%AD%B7%E8%80%81%E4%BA%BA%E4%BF%9D%E5%81%A5%E6%96%BD%E8%A8%AD%E3%83%8F%E3%83%AF%E3%82%A4%E4%BF%A1%E7%94%9F%E8%8B%91%E3%80%80%E7%9F%AD%E6%9C%9F%E5%85%A5%E6%89%80%E7%99%82%E9%A4%8A%E4%BB%8B%E8%AD%B7%E4%BA%8B%E6%A5%AD%E6%89%80%20%E6%B9%AF%E6%A2%A8%E6%B5%9C%E7%94%BA
ル・サンテリオン東郷,短期入所療養介護_老健,鳥取県,湯梨浜町,"介護,短期入所療養介護_老健,リハビリ,一時利用",短期入所療養介護_老健の公式オープンデータから取り込んだ候補です。詳細は公式情報・電話・見学で確認してください。,https://www.med-wel.jp/,鳥取県東伯郡湯梨浜町野花443番地1,0858-32-2570,厚生労働省オープンデータ,https://www.mhlw.go.jp/content/12300000/jigyosho_220.csv,2025-12末,https://www.google.com/search?q=%E3%83%AB%E3%83%BB%E3%82%B5%E3%83%B3%E3%83%86%E3%83%AA%E3%82%AA%E3%83%B3%E6%9D%B1%E9%83%B7%20%E6%B9%AF%E6%A2%A8%E6%B5%9C%E7%94%BA
セラトピア短期入所療養介護事業所,短期入所療養介護_老健,鳥取県,北栄町,"介護,短期入所療養介護_老健,リハビリ,一時利用",短期入所療養介護_老健の公式オープンデータから取り込んだ候補です。詳細は公式情報・電話・見学で確認してください。,http://seiikai.hp.gogo.jp,鳥取県東伯郡北栄町瀬戸45-2,0858-37-3766,厚生労働省オープンデータ,https://www.mhlw.go.jp/content/12300000/jigyosho_220.csv,2025-12末,https://www.google.com/search?q=%E3%82%BB%E3%83%A9%E3%83%88%E3%83%94%E3%82%A2%E7%9F%AD%E6%9C%9F%E5%85%A5%E6%89%80%E7%99%82%E9%A4%8A%E4%BB%8B%E8%AD%B7%E4%BA%8B%E6%A5%AD%E6%89%80%20%E5%8C%97%E6%A0%84%E7%94%BA
介護老人保健施設　ル・サンテリオン北条,短期入所療養介護_老健,鳥取県,北栄町,"介護,短期入所療養介護_老健,リハビリ,一時利用",短期入所療養介護_老健の公式オープンデータから取り込んだ候補です。詳細は公式情報・電話・見学で確認してください。,https://www.med-wel.jp/houjou/,鳥取県東伯郡北栄町土下123-1,0858-36-5220,厚生労働省オープンデータ,https://www.mhlw.go.jp/content/12300000/jigyosho_220.csv,2025-12末,https://www.google.com/search?q=%E4%BB%8B%E8%AD%B7%E8%80%81%E4%BA%BA%E4%BF%9D%E5%81%A5%E6%96%BD%E8%A8%AD%E3%80%80%E3%83%AB%E3%83%BB%E3%82%B5%E3%83%B3%E3%83%86%E3%83%AA%E3%82%AA%E3%83%B3%E5%8C%97%E6%9D%A1%20%E5%8C%97%E6%A0%84%E7%94%BA
介護老人保健施設　ル・サンテリオン北条（ユニット型）,短期入所療養介護_老健,鳥取県,北栄町,"介護,短期入所療養介護_老健,リハビリ,一時利用",短期入所療養介護_老健の公式オープンデータから取り込んだ候補です。詳細は公式情報・電話・見学で確認してください。,https://www.med-wel.jp/houjou,鳥取県東伯郡北栄町土下123-1,0858-36-5220,厚生労働省オープンデータ,https://www.mhlw.go.jp/content/12300000/jigyosho_220.csv,2025-12末,https://www.google.com/search?q=%E4%BB%8B%E8%AD%B7%E8%80%81%E4%BA%BA%E4%BF%9D%E5%81%A5%E6%96%BD%E8%A8%AD%E3%80%80%E3%83%AB%E3%83%BB%E3%82%B5%E3%83%B3%E3%83%86%E3%83%AA%E3%82%AA%E3%83%B3%E5%8C%97%E6%9D%A1%EF%BC%88%E3%83%A6%E3%83%8B%E3%83%83%E3%83%88%E5%9E%8B%EF%BC%89%20%E5%8C%97%E6%A0%84%E7%94%BA
老人保健施設小谷苑短期入所療養介護事業所,短期入所療養介護_老健,鳥取県,大山町,"介護,短期入所療養介護_老健,リハビリ,一時利用",短期入所療養介護_老健の公式オープンデータから取り込んだ候補です。詳細は公式情報・電話・見学で確認してください。,https://www.google.com/search?q=%E8%80%81%E4%BA%BA%E4%BF%9D%E5%81%A5%E6%96%BD%E8%A8%AD%E5%B0%8F%E8%B0%B7%E8%8B%91%E7%9F%AD%E6%9C%9F%E5%85%A5%E6%89%80%E7%99%82%E9%A4%8A%E4%BB%8B%E8%AD%B7%E4%BA%8B%E6%A5%AD%E6%89%80%20%E5%A4%A7%E5%B1%B1%E7%94%BA,鳥取県西伯郡大山町西坪５４５番地１,0859-54-3388,厚生労働省オープンデータ,https://www.mhlw.go.jp/content/12300000/jigyosho_220.csv,2025-12末,https://www.google.com/search?q=%E8%80%81%E4%BA%BA%E4%BF%9D%E5%81%A5%E6%96%BD%E8%A8%AD%E5%B0%8F%E8%B0%B7%E8%8B%91%E7%9F%AD%E6%9C%9F%E5%85%A5%E6%89%80%E7%99%82%E9%A4%8A%E4%BB%8B%E8%AD%B7%E4%BA%8B%E6%A5%AD%E6%89%80%20%E5%A4%A7%E5%B1%B1%E7%94%BA
介護老人保健施設サンライズ名和,短期入所療養介護_老健,鳥取県,大山町,"介護,短期入所療養介護_老健,リハビリ,一時利用",短期入所療養介護_老健の公式オープンデータから取り込んだ候補です。詳細は公式情報・電話・見学で確認してください。,https://www.google.com/search?q=%E4%BB%8B%E8%AD%B7%E8%80%81%E4%BA%BA%E4%BF%9D%E5%81%A5%E6%96%BD%E8%A8%AD%E3%82%B5%E3%83%B3%E3%83%A9%E3%82%A4%E3%82%BA%E5%90%8D%E5%92%8C%20%E5%A4%A7%E5%B1%B1%E7%94%BA,鳥取県西伯郡大山町富長750-3,0859-54-3232,厚生労働省オープンデータ,https://www.mhlw.go.jp/content/12300000/jigyosho_220.csv,2025-12末,https://www.google.com/search?q=%E4%BB%8B%E8%AD%B7%E8%80%81%E4%BA%BA%E4%BF%9D%E5%81%A5%E6%96%BD%E8%A8%AD%E3%82%B5%E3%83%B3%E3%83%A9%E3%82%A4%E3%82%BA%E5%90%8D%E5%92%8C%20%E5%A4%A7%E5%B1%B1%E7%94%BA
介護老人保健施設はまなす,短期入所療養介護_老健,鳥取県,大山町,"介護,短期入所療養介護_老健,リハビリ,一時利用",短期入所療養介護_老健の公式オープンデータから取り込んだ候補です。詳細は公式情報・電話・見学で確認してください。,https://sasakicl-hamanasu.jp/,西伯郡大山町田中1383,0858-58-6161,厚生労働省オープンデータ,https://www.mhlw.go.jp/content/12300000/jigyosho_220.csv,2025-12末,https://www.google.com/search?q=%E4%BB%8B%E8%AD%B7%E8%80%81%E4%BA%BA%E4%BF%9D%E5%81%A5%E6%96%BD%E8%A8%AD%E3%81%AF%E3%81%BE%E3%81%AA%E3%81%99%20%E5%A4%A7%E5%B1%B1%E7%94%BA
介護老人保健施設　しびのさと,短期入所療養介護_老健,鳥取県,伯耆町,"介護,短期入所療養介護_老健,リハビリ,一時利用",短期入所療養介護_老健の公式オープンデータから取り込んだ候補です。詳細は公式情報・電話・見学で確認してください。,shibinosato.kouheikai-fukusi.com/,鳥取県西伯郡伯耆町久古１１０９－２,0859-68-6565,厚生労働省オープンデータ,https://www.mhlw.go.jp/content/12300000/jigyosho_220.csv,2025-12末,https://www.google.com/search?q=%E4%BB%8B%E8%AD%B7%E8%80%81%E4%BA%BA%E4%BF%9D%E5%81%A5%E6%96%BD%E8%A8%AD%E3%80%80%E3%81%97%E3%81%B3%E3%81%AE%E3%81%95%E3%81%A8%20%E4%BC%AF%E8%80%86%E7%94%BA
医療法人社団　日翔会　　介護老人保健施設　おしどり荘,短期入所療養介護_老健,鳥取県,日野町,"介護,短期入所療養介護_老健,リハビリ,一時利用",短期入所療養介護_老健の公式オープンデータから取り込んだ候補です。詳細は公式情報・電話・見学で確認してください。,http://www.nissyoukai.com,鳥取県日野郡日野町根雨９０９－１,0859-72-0410,厚生労働省オープンデータ,https://www.mhlw.go.jp/content/12300000/jigyosho_220.csv,2025-12末,https://www.google.com/search?q=%E5%8C%BB%E7%99%82%E6%B3%95%E4%BA%BA%E7%A4%BE%E5%9B%A3%E3%80%80%E6%97%A5%E7%BF%94%E4%BC%9A%E3%80%80%E3%80%80%E4%BB%8B%E8%AD%B7%E8%80%81%E4%BA%BA%E4%BF%9D%E5%81%A5%E6%96%BD%E8%A8%AD%E3%80%80%E3%81%8A%E3%81%97%E3%81%A9%E3%82%8A%E8%8D%98%20%E6%97%A5%E9%87%8E%E7%94%BA
介護老人保健施設あやめ,短期入所療養介護_老健,鳥取県,江府町,"介護,短期入所療養介護_老健,リハビリ,一時利用",短期入所療養介護_老健の公式オープンデータから取り込んだ候補です。詳細は公式情報・電話・見学で確認してください。,www.syoujin.or.jp,鳥取県日野郡江府町武庫４７５番地,0859-75-3230,厚生労働省オープンデータ,https://www.mhlw.go.jp/content/12300000/jigyosho_220.csv,2025-12末,https://www.google.com/search?q=%E4%BB%8B%E8%AD%B7%E8%80%81%E4%BA%BA%E4%BF%9D%E5%81%A5%E6%96%BD%E8%A8%AD%E3%81%82%E3%82%84%E3%82%81%20%E6%B1%9F%E5%BA%9C%E7%94%BA
介護老人保健施設あやめ（ユニット型）,短期入所療養介護_老健,鳥取県,江府町,"介護,短期入所療養介護_老健,リハビリ,一時利用",短期入所療養介護_老健の公式オープンデータから取り込んだ候補です。詳細は公式情報・電話・見学で確認してください。,http://www.syoujin.or.jp/,鳥取県日野郡江府町武庫４７５,０８５９－７５－３２３０,厚生労働省オープンデータ,https://www.mhlw.go.jp/content/12300000/jigyosho_220.csv,2025-12末,https://www.google.com/search?q=%E4%BB%8B%E8%AD%B7%E8%80%81%E4%BA%BA%E4%BF%9D%E5%81%A5%E6%96%BD%E8%A8%AD%E3%81%82%E3%82%84%E3%82%81%EF%BC%88%E3%83%A6%E3%83%8B%E3%83%83%E3%83%88%E5%9E%8B%EF%BC%89%20%E6%B1%9F%E5%BA%9C%E7%94%BA
南部町国民健康保険西伯病院,短期入所療養介護_病院等,鳥取県,南部町,"介護,短期入所療養介護_病院等,医療,一時利用",入院・治療・退院支援の相談先になる医療機関です。退院先の調整は担当看護師や医療相談員に確認してください。,http://www.saihaku-hospital.com,鳥取県西伯郡南部町倭３９７,0859-66-2211,厚生労働省オープンデータ,https://www.mhlw.go.jp/content/12300000/jigyosho_230.csv,2025-12末,https://www.google.com/search?q=%E5%8D%97%E9%83%A8%E7%94%BA%E5%9B%BD%E6%B0%91%E5%81%A5%E5%BA%B7%E4%BF%9D%E9%99%BA%E8%A5%BF%E4%BC%AF%E7%97%85%E9%99%A2%20%E5%8D%97%E9%83%A8%E7%94%BA
介護医療院　鳥取産院,短期入所療養介護_介護医療院,鳥取県,鳥取市,"介護,短期入所療養介護_介護医療院,医療,入所,一時利用",長期的な医療管理と介護の両方が必要な方の入所施設です。,http://www.asupiosu.jp/,鳥取県鳥取市吉方温泉１丁目６５３番地,0857-23-3151,厚生労働省オープンデータ,https://www.mhlw.go.jp/content/12300000/jigyosho_551.csv,2025-12末,https://www.google.com/search?q=%E4%BB%8B%E8%AD%B7%E5%8C%BB%E7%99%82%E9%99%A2%E3%80%80%E9%B3%A5%E5%8F%96%E7%94%A3%E9%99%A2%20%E9%B3%A5%E5%8F%96%E5%B8%82
介護医療院ふじい,短期入所療養介護_介護医療院,鳥取県,倉吉市,"介護,短期入所療養介護_介護医療院,医療,入所,一時利用",長期的な医療管理と介護の両方が必要な方の入所施設です。,https://www.med-wel.jp/fujii/kaigoiryou/,鳥取県倉吉市山根43,0858-27-2210,厚生労働省オープンデータ,https://www.mhlw.go.jp/content/12300000/jigyosho_551.csv,2025-12末,https://www.google.com/search?q=%E4%BB%8B%E8%AD%B7%E5%8C%BB%E7%99%82%E9%99%A2%E3%81%B5%E3%81%98%E3%81%84%20%E5%80%89%E5%90%89%E5%B8%82
西伯病院介護医療院さくら,短期入所療養介護_介護医療院,鳥取県,南部町,"介護,短期入所療養介護_介護医療院,医療,入所,一時利用",長期的な医療管理と介護の両方が必要な方の入所施設です。,https://www.saihaku-hospital.com/,鳥取県西伯郡南部町倭397,0859-66-2211,厚生労働省オープンデータ,https://www.mhlw.go.jp/content/12300000/jigyosho_551.csv,2025-12末,https://www.google.com/search?q=%E8%A5%BF%E4%BC%AF%E7%97%85%E9%99%A2%E4%BB%8B%E8%AD%B7%E5%8C%BB%E7%99%82%E9%99%A2%E3%81%95%E3%81%8F%E3%82%89%20%E5%8D%97%E9%83%A8%E7%94%BA
ぐるーぷほーむ和温,グループホーム,鳥取県,鳥取市,"介護,グループホーム,認知症",認知症のある方が少人数で生活する施設です。要支援・要介護度や地域要件を確認します。,https://www.google.com/search?q=%E3%81%90%E3%82%8B%E3%83%BC%E3%81%B7%E3%81%BB%E3%83%BC%E3%82%80%E5%92%8C%E6%B8%A9%20%E9%B3%A5%E5%8F%96%E5%B8%82,鳥取県鳥取市正連寺38番地3,0857-32-9822,厚生労働省オープンデータ,https://www.mhlw.go.jp/content/12300000/jigyosho_320.csv,2025-12末,https://www.google.com/search?q=%E3%81%90%E3%82%8B%E3%83%BC%E3%81%B7%E3%81%BB%E3%83%BC%E3%82%80%E5%92%8C%E6%B8%A9%20%E9%B3%A5%E5%8F%96%E5%B8%82
グループホームふたば,グループホーム,鳥取県,鳥取市,"介護,グループホーム,認知症",認知症のある方が少人数で生活する施設です。要支援・要介護度や地域要件を確認します。,https://www.yamawakiiin.com/,鳥取県鳥取市国府町稲葉丘３丁目３０３,0857-23-1888,厚生労働省オープンデータ,https://www.mhlw.go.jp/content/12300000/jigyosho_320.csv,2025-12末,https://www.google.com/search?q=%E3%82%B0%E3%83%AB%E3%83%BC%E3%83%97%E3%83%9B%E3%83%BC%E3%83%A0%E3%81%B5%E3%81%9F%E3%81%B0%20%E9%B3%A5%E5%8F%96%E5%B8%82
キリンの里グループホーム西町,グループホーム,鳥取県,鳥取市,"介護,グループホーム,認知症",認知症のある方が少人数で生活する施設です。要支援・要介護度や地域要件を確認します。,https://www.google.com/search?q=%E3%82%AD%E3%83%AA%E3%83%B3%E3%81%AE%E9%87%8C%E3%82%B0%E3%83%AB%E3%83%BC%E3%83%97%E3%83%9B%E3%83%BC%E3%83%A0%E8%A5%BF%E7%94%BA%20%E9%B3%A5%E5%8F%96%E5%B8%82,鳥取県鳥取市西町2丁目122番地8,0857-30-7662,厚生労働省オープンデータ,https://www.mhlw.go.jp/content/12300000/jigyosho_320.csv,2025-12末,https://www.google.com/search?q=%E3%82%AD%E3%83%AA%E3%83%B3%E3%81%AE%E9%87%8C%E3%82%B0%E3%83%AB%E3%83%BC%E3%83%97%E3%83%9B%E3%83%BC%E3%83%A0%E8%A5%BF%E7%94%BA%20%E9%B3%A5%E5%8F%96%E5%B8%82
けあビジョンホーム鳥取福部,グループホーム,鳥取県,鳥取市,"介護,グループホーム,認知症",認知症のある方が少人数で生活する施設です。要支援・要介護度や地域要件を確認します。,https://www.google.com/search?q=%E3%81%91%E3%81%82%E3%83%93%E3%82%B8%E3%83%A7%E3%83%B3%E3%83%9B%E3%83%BC%E3%83%A0%E9%B3%A5%E5%8F%96%E7%A6%8F%E9%83%A8%20%E9%B3%A5%E5%8F%96%E5%B8%82,福部町海士５２６,0857-74-6111,厚生労働省オープンデータ,https://www.mhlw.go.jp/content/12300000/jigyosho_320.csv,2025-12末,https://www.google.com/search?q=%E3%81%91%E3%81%82%E3%83%93%E3%82%B8%E3%83%A7%E3%83%B3%E3%83%9B%E3%83%BC%E3%83%A0%E9%B3%A5%E5%8F%96%E7%A6%8F%E9%83%A8%20%E9%B3%A5%E5%8F%96%E5%B8%82
グループホームいくのさん家,グループホーム,鳥取県,鳥取市,"介護,グループホーム,認知症",認知症のある方が少人数で生活する施設です。要支援・要介護度や地域要件を確認します。,http://ikunosange.com,鳥取県鳥取市湖山町西2丁目237番地2,0857-37-3727,厚生労働省オープンデータ,https://www.mhlw.go.jp/content/12300000/jigyosho_320.csv,2025-12末,https://www.google.com/search?q=%E3%82%B0%E3%83%AB%E3%83%BC%E3%83%97%E3%83%9B%E3%83%BC%E3%83%A0%E3%81%84%E3%81%8F%E3%81%AE%E3%81%95%E3%82%93%E5%AE%B6%20%E9%B3%A5%E5%8F%96%E5%B8%82
グループホーム若葉台緑の郷,グループホーム,鳥取県,鳥取市,"介護,グループホーム,認知症",認知症のある方が少人数で生活する施設です。要支援・要介護度や地域要件を確認します。,http://www.tottorifukushikai.jp/shisetsu/midori.html,鳥取市若葉台南4丁目2番27号,0857-38-6360,厚生労働省オープンデータ,https://www.mhlw.go.jp/content/12300000/jigyosho_320.csv,2025-12末,https://www.google.com/search?q=%E3%82%B0%E3%83%AB%E3%83%BC%E3%83%97%E3%83%9B%E3%83%BC%E3%83%A0%E8%8B%A5%E8%91%89%E5%8F%B0%E7%B7%91%E3%81%AE%E9%83%B7%20%E9%B3%A5%E5%8F%96%E5%B8%82
グループホームはまさか,グループホーム,鳥取県,鳥取市,"介護,グループホーム,認知症",認知症のある方が少人数で生活する施設です。要支援・要介護度や地域要件を確認します。,http://www.kohoen.jp,鳥取県鳥取市浜坂253-1,0857-23-6662,厚生労働省オープンデータ,https://www.mhlw.go.jp/content/12300000/jigyosho_320.csv,2025-12末,https://www.google.com/search?q=%E3%82%B0%E3%83%AB%E3%83%BC%E3%83%97%E3%83%9B%E3%83%BC%E3%83%A0%E3%81%AF%E3%81%BE%E3%81%95%E3%81%8B%20%E9%B3%A5%E5%8F%96%E5%B8%82
グループホームさくらはうす・つばきはうす,グループホーム,鳥取県,鳥取市,"介護,グループホーム,認知症",認知症のある方が少人数で生活する施設です。要支援・要介護度や地域要件を確認します。,http://www.mmwc.or.jp/,鳥取県鳥取市覚寺180番地,0857-22-1151(,厚生労働省オープンデータ,https://www.mhlw.go.jp/content/12300000/jigyosho_320.csv,2025-12末,https://www.google.com/search?q=%E3%82%B0%E3%83%AB%E3%83%BC%E3%83%97%E3%83%9B%E3%83%BC%E3%83%A0%E3%81%95%E3%81%8F%E3%82%89%E3%81%AF%E3%81%86%E3%81%99%E3%83%BB%E3%81%A4%E3%81%B0%E3%81%8D%E3%81%AF%E3%81%86%E3%81%99%20%E9%B3%A5%E5%8F%96%E5%B8%82
マロニエの樹,グループホーム,鳥取県,鳥取市,"介護,グループホーム,認知症",認知症のある方が少人数で生活する施設です。要支援・要介護度や地域要件を確認します。,http://www.tottorifukushikai.jp/,南吉方二丁目２８番地２,0857-30-6231,厚生労働省オープンデータ,https://www.mhlw.go.jp/content/12300000/jigyosho_320.csv,2025-12末,https://www.google.com/search?q=%E3%83%9E%E3%83%AD%E3%83%8B%E3%82%A8%E3%81%AE%E6%A8%B9%20%E9%B3%A5%E5%8F%96%E5%B8%82
けあビジョンホーム鳥取,グループホーム,鳥取県,鳥取市,"介護,グループホーム,認知症",認知症のある方が少人数で生活する施設です。要支援・要介護度や地域要件を確認します。,https://www.google.com/search?q=%E3%81%91%E3%81%82%E3%83%93%E3%82%B8%E3%83%A7%E3%83%B3%E3%83%9B%E3%83%BC%E3%83%A0%E9%B3%A5%E5%8F%96%20%E9%B3%A5%E5%8F%96%E5%B8%82,鳥取県鳥取市三津850番地１,0857-59-6100,厚生労働省オープンデータ,https://www.mhlw.go.jp/content/12300000/jigyosho_320.csv,2025-12末,https://www.google.com/search?q=%E3%81%91%E3%81%82%E3%83%93%E3%82%B8%E3%83%A7%E3%83%B3%E3%83%9B%E3%83%BC%E3%83%A0%E9%B3%A5%E5%8F%96%20%E9%B3%A5%E5%8F%96%E5%B8%82
けあビジョンホーム鳥取賀露,グループホーム,鳥取県,鳥取市,"介護,グループホーム,認知症",認知症のある方が少人数で生活する施設です。要支援・要介護度や地域要件を確認します。,https://www.google.com/search?q=%E3%81%91%E3%81%82%E3%83%93%E3%82%B8%E3%83%A7%E3%83%B3%E3%83%9B%E3%83%BC%E3%83%A0%E9%B3%A5%E5%8F%96%E8%B3%80%E9%9C%B2%20%E9%B3%A5%E5%8F%96%E5%B8%82,鳥取県鳥取市賀露町94-1,0857-31-0101,厚生労働省オープンデータ,https://www.mhlw.go.jp/content/12300000/jigyosho_320.csv,2025-12末,https://www.google.com/search?q=%E3%81%91%E3%81%82%E3%83%93%E3%82%B8%E3%83%A7%E3%83%B3%E3%83%9B%E3%83%BC%E3%83%A0%E9%B3%A5%E5%8F%96%E8%B3%80%E9%9C%B2%20%E9%B3%A5%E5%8F%96%E5%B8%82
グループホームオータムハウス,グループホーム,鳥取県,鳥取市,"介護,グループホーム,認知症",認知症のある方が少人数で生活する施設です。要支援・要介護度や地域要件を確認します。,http://www.mmwc.or.jp,鳥取県鳥取市覚寺５１－５,0857-25-1151,厚生労働省オープンデータ,https://www.mhlw.go.jp/content/12300000/jigyosho_320.csv,2025-12末,https://www.google.com/search?q=%E3%82%B0%E3%83%AB%E3%83%BC%E3%83%97%E3%83%9B%E3%83%BC%E3%83%A0%E3%82%AA%E3%83%BC%E3%82%BF%E3%83%A0%E3%83%8F%E3%82%A6%E3%82%B9%20%E9%B3%A5%E5%8F%96%E5%B8%82
グループホーム　まさたみの郷,グループホーム,鳥取県,鳥取市,"介護,グループホーム,認知症",認知症のある方が少人数で生活する施設です。要支援・要介護度や地域要件を確認します。,http://www.masataminosato.jp/,鳥取県鳥取市杉崎596番地,0857-53-5788,厚生労働省オープンデータ,https://www.mhlw.go.jp/content/12300000/jigyosho_320.csv,2025-12末,https://www.google.com/search?q=%E3%82%B0%E3%83%AB%E3%83%BC%E3%83%97%E3%83%9B%E3%83%BC%E3%83%A0%E3%80%80%E3%81%BE%E3%81%95%E3%81%9F%E3%81%BF%E3%81%AE%E9%83%B7%20%E9%B3%A5%E5%8F%96%E5%B8%82
グループホーム　はまゆうの里,グループホーム,鳥取県,鳥取市,"介護,グループホーム,認知症",認知症のある方が少人数で生活する施設です。要支援・要介護度や地域要件を確認します。,http://www.hamayu.or.jp/,鳥取県鳥取市服部204-1,0857-51-7828,厚生労働省オープンデータ,https://www.mhlw.go.jp/content/12300000/jigyosho_320.csv,2025-12末,https://www.google.com/search?q=%E3%82%B0%E3%83%AB%E3%83%BC%E3%83%97%E3%83%9B%E3%83%BC%E3%83%A0%E3%80%80%E3%81%AF%E3%81%BE%E3%82%86%E3%81%86%E3%81%AE%E9%87%8C%20%E9%B3%A5%E5%8F%96%E5%B8%82
グループホームゆう,グループホーム,鳥取県,鳥取市,"介護,グループホーム,認知症",認知症のある方が少人数で生活する施設です。要支援・要介護度や地域要件を確認します。,https://www.google.com/search?q=%E3%82%B0%E3%83%AB%E3%83%BC%E3%83%97%E3%83%9B%E3%83%BC%E3%83%A0%E3%82%86%E3%81%86%20%E9%B3%A5%E5%8F%96%E5%B8%82,鳥取県鳥取市佐治町古市８－２,0858-89-1500,厚生労働省オープンデータ,https://www.mhlw.go.jp/content/12300000/jigyosho_320.csv,2025-12末,https://www.google.com/search?q=%E3%82%B0%E3%83%AB%E3%83%BC%E3%83%97%E3%83%9B%E3%83%BC%E3%83%A0%E3%82%86%E3%81%86%20%E9%B3%A5%E5%8F%96%E5%B8%82
認知症高齢者　グループホームはまむら,グループホーム,鳥取県,鳥取市,"介護,グループホーム,認知症",認知症のある方が少人数で生活する施設です。要支援・要介護度や地域要件を確認します。,https://www.med-wel.jp/gardenhama/,鳥取県鳥取市気高町新町2丁目11番地ガーデンハウスはまむら,０８５７－８２－６５００,厚生労働省オープンデータ,https://www.mhlw.go.jp/content/12300000/jigyosho_320.csv,2025-12末,https://www.google.com/search?q=%E8%AA%8D%E7%9F%A5%E7%97%87%E9%AB%98%E9%BD%A2%E8%80%85%E3%80%80%E3%82%B0%E3%83%AB%E3%83%BC%E3%83%97%E3%83%9B%E3%83%BC%E3%83%A0%E3%81%AF%E3%81%BE%E3%82%80%E3%82%89%20%E9%B3%A5%E5%8F%96%E5%B8%82
グループホーム三希堂,グループホーム,鳥取県,鳥取市,"介護,グループホーム,認知症",認知症のある方が少人数で生活する施設です。要支援・要介護度や地域要件を確認します。,https://www.google.com/search?q=%E3%82%B0%E3%83%AB%E3%83%BC%E3%83%97%E3%83%9B%E3%83%BC%E3%83%A0%E4%B8%89%E5%B8%8C%E5%A0%82%20%E9%B3%A5%E5%8F%96%E5%B8%82,鳥取県鳥取市行徳二丁目４４５－１,0857‐30‐6450,厚生労働省オープンデータ,https://www.mhlw.go.jp/content/12300000/jigyosho_320.csv,2025-12末,https://www.google.com/search?q=%E3%82%B0%E3%83%AB%E3%83%BC%E3%83%97%E3%83%9B%E3%83%BC%E3%83%A0%E4%B8%89%E5%B8%8C%E5%A0%82%20%E9%B3%A5%E5%8F%96%E5%B8%82
グループホーム高草あすなろ,グループホーム,鳥取県,鳥取市,"介護,グループホーム,認知症",認知症のある方が少人数で生活する施設です。要支援・要介護度や地域要件を確認します。,http://www.t-asunaro.or.jp/index.shtml,鳥取市大桷330,0857-39-1500,厚生労働省オープンデータ,https://www.mhlw.go.jp/content/12300000/jigyosho_320.csv,2025-12末,https://www.google.com/search?q=%E3%82%B0%E3%83%AB%E3%83%BC%E3%83%97%E3%83%9B%E3%83%BC%E3%83%A0%E9%AB%98%E8%8D%89%E3%81%82%E3%81%99%E3%81%AA%E3%82%8D%20%E9%B3%A5%E5%8F%96%E5%B8%82
グループホーム　風紋館,グループホーム,鳥取県,鳥取市,"介護,グループホーム,認知症",認知症のある方が少人数で生活する施設です。要支援・要介護度や地域要件を確認します。,http://huumonkan.jp/,鳥取県鳥取市立川町5丁目312番地1,0857-36-8200,厚生労働省オープンデータ,https://www.mhlw.go.jp/content/12300000/jigyosho_320.csv,2025-12末,https://www.google.com/search?q=%E3%82%B0%E3%83%AB%E3%83%BC%E3%83%97%E3%83%9B%E3%83%BC%E3%83%A0%E3%80%80%E9%A2%A8%E7%B4%8B%E9%A4%A8%20%E9%B3%A5%E5%8F%96%E5%B8%82
認知症高齢者グループホームしかの,グループホーム,鳥取県,鳥取市,"介護,グループホーム,認知症",認知症のある方が少人数で生活する施設です。要支援・要介護度や地域要件を確認します。,https://www.med-wel.jp/,鳥取県鳥取市鹿野町今市８０,0857-84-3700,厚生労働省オープンデータ,https://www.mhlw.go.jp/content/12300000/jigyosho_320.csv,2025-12末,https://www.google.com/search?q=%E8%AA%8D%E7%9F%A5%E7%97%87%E9%AB%98%E9%BD%A2%E8%80%85%E3%82%B0%E3%83%AB%E3%83%BC%E3%83%97%E3%83%9B%E3%83%BC%E3%83%A0%E3%81%97%E3%81%8B%E3%81%AE%20%E9%B3%A5%E5%8F%96%E5%B8%82
グループホームわかばの家河原,グループホーム,鳥取県,鳥取市,"介護,グループホーム,認知症",認知症のある方が少人数で生活する施設です。要支援・要介護度や地域要件を確認します。,http://www.jainaba.com/kaigo/wakaba.htm,鳥取県鳥取市河原町渡一木１５６番地１,0858-85-3335,厚生労働省オープンデータ,https://www.mhlw.go.jp/content/12300000/jigyosho_320.csv,2025-12末,https://www.google.com/search?q=%E3%82%B0%E3%83%AB%E3%83%BC%E3%83%97%E3%83%9B%E3%83%BC%E3%83%A0%E3%82%8F%E3%81%8B%E3%81%B0%E3%81%AE%E5%AE%B6%E6%B2%B3%E5%8E%9F%20%E9%B3%A5%E5%8F%96%E5%B8%82
グループホームわかばの家青谷,グループホーム,鳥取県,鳥取市,"介護,グループホーム,認知症",認知症のある方が少人数で生活する施設です。要支援・要介護度や地域要件を確認します。,http://www.jainaba.com/kaigo/wakaba.htm,鳥取県鳥取市青谷町亀尻163番地１,0857-85-5031,厚生労働省オープンデータ,https://www.mhlw.go.jp/content/12300000/jigyosho_320.csv,2025-12末,https://www.google.com/search?q=%E3%82%B0%E3%83%AB%E3%83%BC%E3%83%97%E3%83%9B%E3%83%BC%E3%83%A0%E3%82%8F%E3%81%8B%E3%81%B0%E3%81%AE%E5%AE%B6%E9%9D%92%E8%B0%B7%20%E9%B3%A5%E5%8F%96%E5%B8%82
グループホームわかばの家福部,グループホーム,鳥取県,鳥取市,"介護,グループホーム,認知症",認知症のある方が少人数で生活する施設です。要支援・要介護度や地域要件を確認します。,http://www.jainaba.com/kaigo/wakaba.htm,鳥取県鳥取市福部町湯山1433番地,0857-74-3531,厚生労働省オープンデータ,https://www.mhlw.go.jp/content/12300000/jigyosho_320.csv,2025-12末,https://www.google.com/search?q=%E3%82%B0%E3%83%AB%E3%83%BC%E3%83%97%E3%83%9B%E3%83%BC%E3%83%A0%E3%82%8F%E3%81%8B%E3%81%B0%E3%81%AE%E5%AE%B6%E7%A6%8F%E9%83%A8%20%E9%B3%A5%E5%8F%96%E5%B8%82
認知症グループホーム　くつろぎ,グループホーム,鳥取県,鳥取市,"介護,グループホーム,認知症",認知症のある方が少人数で生活する施設です。要支援・要介護度や地域要件を確認します。,https://www.tottori-kousei.jp/kutsurogigaiyou.html,鳥取県鳥取市伏野2259-17,0857-50-0121,厚生労働省オープンデータ,https://www.mhlw.go.jp/content/12300000/jigyosho_320.csv,2025-12末,https://www.google.com/search?q=%E8%AA%8D%E7%9F%A5%E7%97%87%E3%82%B0%E3%83%AB%E3%83%BC%E3%83%97%E3%83%9B%E3%83%BC%E3%83%A0%E3%80%80%E3%81%8F%E3%81%A4%E3%82%8D%E3%81%8E%20%E9%B3%A5%E5%8F%96%E5%B8%82
グループホームわかばの家勝谷,グループホーム,鳥取県,鳥取市,"介護,グループホーム,認知症",認知症のある方が少人数で生活する施設です。要支援・要介護度や地域要件を確認します。,katutani@wakaba-home.jp,鳥取県鳥取市鹿野町寺内137番地2,0857-84-6007,厚生労働省オープンデータ,https://www.mhlw.go.jp/content/12300000/jigyosho_320.csv,2025-12末,https://www.google.com/search?q=%E3%82%B0%E3%83%AB%E3%83%BC%E3%83%97%E3%83%9B%E3%83%BC%E3%83%A0%E3%82%8F%E3%81%8B%E3%81%B0%E3%81%AE%E5%AE%B6%E5%8B%9D%E8%B0%B7%20%E9%B3%A5%E5%8F%96%E5%B8%82
キリンの里もちがせ,グループホーム,鳥取県,鳥取市,"介護,グループホーム,認知症",認知症のある方が少人数で生活する施設です。要支援・要介護度や地域要件を確認します。,https://www.google.com/search?q=%E3%82%AD%E3%83%AA%E3%83%B3%E3%81%AE%E9%87%8C%E3%82%82%E3%81%A1%E3%81%8C%E3%81%9B%20%E9%B3%A5%E5%8F%96%E5%B8%82,鳥取県鳥取市用瀬町鷹狩７３７－１,０８５８－８７－２７１２,厚生労働省オープンデータ,https://www.mhlw.go.jp/content/12300000/jigyosho_320.csv,2025-12末,https://www.google.com/search?q=%E3%82%AD%E3%83%AA%E3%83%B3%E3%81%AE%E9%87%8C%E3%82%82%E3%81%A1%E3%81%8C%E3%81%9B%20%E9%B3%A5%E5%8F%96%E5%B8%82
ぐるーぷほーむなかしま,グループホーム,鳥取県,米子市,"介護,グループホーム,認知症",認知症のある方が少人数で生活する施設です。要支援・要介護度や地域要件を確認します。,https://www.yonagochuo-clinic.jp/,鳥取県米子市中島二丁目1番38号,0859-21-8731,厚生労働省オープンデータ,https://www.mhlw.go.jp/content/12300000/jigyosho_320.csv,2025-12末,https://www.google.com/search?q=%E3%81%90%E3%82%8B%E3%83%BC%E3%81%B7%E3%81%BB%E3%83%BC%E3%82%80%E3%81%AA%E3%81%8B%E3%81%97%E3%81%BE%20%E7%B1%B3%E5%AD%90%E5%B8%82
ぬくもりのすまい　エルル両三柳,グループホーム,鳥取県,米子市,"介護,グループホーム,認知症",認知症のある方が少人数で生活する施設です。要支援・要介護度や地域要件を確認します。,http://elfith.com,鳥取県米子市両三柳206-1,0859-21-5088,厚生労働省オープンデータ,https://www.mhlw.go.jp/content/12300000/jigyosho_320.csv,2025-12末,https://www.google.com/search?q=%E3%81%AC%E3%81%8F%E3%82%82%E3%82%8A%E3%81%AE%E3%81%99%E3%81%BE%E3%81%84%E3%80%80%E3%82%A8%E3%83%AB%E3%83%AB%E4%B8%A1%E4%B8%89%E6%9F%B3%20%E7%B1%B3%E5%AD%90%E5%B8%82
グループホーム東福原の家,グループホーム,鳥取県,米子市,"介護,グループホーム,認知症",認知症のある方が少人数で生活する施設です。要支援・要介護度や地域要件を確認します。,https://www.google.com/search?q=%E3%82%B0%E3%83%AB%E3%83%BC%E3%83%97%E3%83%9B%E3%83%BC%E3%83%A0%E6%9D%B1%E7%A6%8F%E5%8E%9F%E3%81%AE%E5%AE%B6%20%E7%B1%B3%E5%AD%90%E5%B8%82,鳥取県米子市東福原7-10-35,0859-38-0050,厚生労働省オープンデータ,https://www.mhlw.go.jp/content/12300000/jigyosho_320.csv,2025-12末,https://www.google.com/search?q=%E3%82%B0%E3%83%AB%E3%83%BC%E3%83%97%E3%83%9B%E3%83%BC%E3%83%A0%E6%9D%B1%E7%A6%8F%E5%8E%9F%E3%81%AE%E5%AE%B6%20%E7%B1%B3%E5%AD%90%E5%B8%82
グループホーム白鳥の里,グループホーム,鳥取県,米子市,"介護,グループホーム,認知症",認知症のある方が少人数で生活する施設です。要支援・要介護度や地域要件を確認します。,http://www.chukai.or.jp/hakucho/,鳥取県米子市彦名町1250番地,0859-24-7280,厚生労働省オープンデータ,https://www.mhlw.go.jp/content/12300000/jigyosho_320.csv,2025-12末,https://www.google.com/search?q=%E3%82%B0%E3%83%AB%E3%83%BC%E3%83%97%E3%83%9B%E3%83%BC%E3%83%A0%E7%99%BD%E9%B3%A5%E3%81%AE%E9%87%8C%20%E7%B1%B3%E5%AD%90%E5%B8%82
グループホームみのりの里,グループホーム,鳥取県,米子市,"介護,グループホーム,認知症",認知症のある方が少人数で生活する施設です。要支援・要介護度や地域要件を確認します。,http://www.hakuaikai-smile.jp/,鳥取県米子市一部440番地,0859-30-4165,厚生労働省オープンデータ,https://www.mhlw.go.jp/content/12300000/jigyosho_320.csv,2025-12末,https://www.google.com/search?q=%E3%82%B0%E3%83%AB%E3%83%BC%E3%83%97%E3%83%9B%E3%83%BC%E3%83%A0%E3%81%BF%E3%81%AE%E3%82%8A%E3%81%AE%E9%87%8C%20%E7%B1%B3%E5%AD%90%E5%B8%82
グループホーム花つつじ,グループホーム,鳥取県,米子市,"介護,グループホーム,認知症",認知症のある方が少人数で生活する施設です。要支援・要介護度や地域要件を確認します。,https://www.google.com/search?q=%E3%82%B0%E3%83%AB%E3%83%BC%E3%83%97%E3%83%9B%E3%83%BC%E3%83%A0%E8%8A%B1%E3%81%A4%E3%81%A4%E3%81%98%20%E7%B1%B3%E5%AD%90%E5%B8%82,鳥取県米子市上福原1丁目10番15号,0859-21-0751,厚生労働省オープンデータ,https://www.mhlw.go.jp/content/12300000/jigyosho_320.csv,2025-12末,https://www.google.com/search?q=%E3%82%B0%E3%83%AB%E3%83%BC%E3%83%97%E3%83%9B%E3%83%BC%E3%83%A0%E8%8A%B1%E3%81%A4%E3%81%A4%E3%81%98%20%E7%B1%B3%E5%AD%90%E5%B8%82
けあビジョンホーム米子上後藤,グループホーム,鳥取県,米子市,"介護,グループホーム,認知症",認知症のある方が少人数で生活する施設です。要支援・要介護度や地域要件を確認します。,https://www.google.com/search?q=%E3%81%91%E3%81%82%E3%83%93%E3%82%B8%E3%83%A7%E3%83%B3%E3%83%9B%E3%83%BC%E3%83%A0%E7%B1%B3%E5%AD%90%E4%B8%8A%E5%BE%8C%E8%97%A4%20%E7%B1%B3%E5%AD%90%E5%B8%82,鳥取県米子市上後藤５丁目７－１５,0859-29-2050,厚生労働省オープンデータ,https://www.mhlw.go.jp/content/12300000/jigyosho_320.csv,2025-12末,https://www.google.com/search?q=%E3%81%91%E3%81%82%E3%83%93%E3%82%B8%E3%83%A7%E3%83%B3%E3%83%9B%E3%83%BC%E3%83%A0%E7%B1%B3%E5%AD%90%E4%B8%8A%E5%BE%8C%E8%97%A4%20%E7%B1%B3%E5%AD%90%E5%B8%82
けあビジョンホーム米子陰田,グループホーム,鳥取県,米子市,"介護,グループホーム,認知症",認知症のある方が少人数で生活する施設です。要支援・要介護度や地域要件を確認します。,https://www.google.com/search?q=%E3%81%91%E3%81%82%E3%83%93%E3%82%B8%E3%83%A7%E3%83%B3%E3%83%9B%E3%83%BC%E3%83%A0%E7%B1%B3%E5%AD%90%E9%99%B0%E7%94%B0%20%E7%B1%B3%E5%AD%90%E5%B8%82,鳥取県米子市陰田町292番1,0859-36-3131,厚生労働省オープンデータ,https://www.mhlw.go.jp/content/12300000/jigyosho_320.csv,2025-12末,https://www.google.com/search?q=%E3%81%91%E3%81%82%E3%83%93%E3%82%B8%E3%83%A7%E3%83%B3%E3%83%9B%E3%83%BC%E3%83%A0%E7%B1%B3%E5%AD%90%E9%99%B0%E7%94%B0%20%E7%B1%B3%E5%AD%90%E5%B8%82
グループホーム仁風荘,グループホーム,鳥取県,米子市,"介護,グループホーム,認知症",認知症のある方が少人数で生活する施設です。要支援・要介護度や地域要件を確認します。,http://www.yowakai.com/,鳥取県米子市上後藤8-5-15,0859-48-1777,厚生労働省オープンデータ,https://www.mhlw.go.jp/content/12300000/jigyosho_320.csv,2025-12末,https://www.google.com/search?q=%E3%82%B0%E3%83%AB%E3%83%BC%E3%83%97%E3%83%9B%E3%83%BC%E3%83%A0%E4%BB%81%E9%A2%A8%E8%8D%98%20%E7%B1%B3%E5%AD%90%E5%B8%82
グループホーム　はたがさき,グループホーム,鳥取県,米子市,"介護,グループホーム,認知症",認知症のある方が少人数で生活する施設です。要支援・要介護度や地域要件を確認します。,http://www.kohoen.jp,鳥取県米子市両旗ヶ崎6丁目2-57,0859-46-0565,厚生労働省オープンデータ,https://www.mhlw.go.jp/content/12300000/jigyosho_320.csv,2025-12末,https://www.google.com/search?q=%E3%82%B0%E3%83%AB%E3%83%BC%E3%83%97%E3%83%9B%E3%83%BC%E3%83%A0%E3%80%80%E3%81%AF%E3%81%9F%E3%81%8C%E3%81%95%E3%81%8D%20%E7%B1%B3%E5%AD%90%E5%B8%82
グループホーム　なるみ,グループホーム,鳥取県,米子市,"介護,グループホーム,認知症",認知症のある方が少人数で生活する施設です。要支援・要介護度や地域要件を確認します。,http://www.kohoen.jp,鳥取県米子市奥谷１１８２－１,0859-26-0711,厚生労働省オープンデータ,https://www.mhlw.go.jp/content/12300000/jigyosho_320.csv,2025-12末,https://www.google.com/search?q=%E3%82%B0%E3%83%AB%E3%83%BC%E3%83%97%E3%83%9B%E3%83%BC%E3%83%A0%E3%80%80%E3%81%AA%E3%82%8B%E3%81%BF%20%E7%B1%B3%E5%AD%90%E5%B8%82
グループホーム青松庵,グループホーム,鳥取県,米子市,"介護,グループホーム,認知症",認知症のある方が少人数で生活する施設です。要支援・要介護度や地域要件を確認します。,http://www.hospitown.or.jp/,鳥取県米子市富益町235番地8,0859-25-6813,厚生労働省オープンデータ,https://www.mhlw.go.jp/content/12300000/jigyosho_320.csv,2025-12末,https://www.google.com/search?q=%E3%82%B0%E3%83%AB%E3%83%BC%E3%83%97%E3%83%9B%E3%83%BC%E3%83%A0%E9%9D%92%E6%9D%BE%E5%BA%B5%20%E7%B1%B3%E5%AD%90%E5%B8%82
グループホーム高砂,グループホーム,鳥取県,米子市,"介護,グループホーム,認知症",認知症のある方が少人数で生活する施設です。要支援・要介護度や地域要件を確認します。,http://www.hapine.com,鳥取県米子市彦名町２０７８,0859-30-0830,厚生労働省オープンデータ,https://www.mhlw.go.jp/content/12300000/jigyosho_320.csv,2025-12末,https://www.google.com/search?q=%E3%82%B0%E3%83%AB%E3%83%BC%E3%83%97%E3%83%9B%E3%83%BC%E3%83%A0%E9%AB%98%E7%A0%82%20%E7%B1%B3%E5%AD%90%E5%B8%82
グループホームつつじ,グループホーム,鳥取県,米子市,"介護,グループホーム,認知症",認知症のある方が少人数で生活する施設です。要支援・要介護度や地域要件を確認します。,http://www.nissyoukai.com/,鳥取県米子市米原６丁目９番２３号,0859-37-5220,厚生労働省オープンデータ,https://www.mhlw.go.jp/content/12300000/jigyosho_320.csv,2025-12末,https://www.google.com/search?q=%E3%82%B0%E3%83%AB%E3%83%BC%E3%83%97%E3%83%9B%E3%83%BC%E3%83%A0%E3%81%A4%E3%81%A4%E3%81%98%20%E7%B1%B3%E5%AD%90%E5%B8%82
グループホーム　やまもと,グループホーム,鳥取県,米子市,"介護,グループホーム,認知症",認知症のある方が少人数で生活する施設です。要支援・要介護度や地域要件を確認します。,http://yamamotoclinic.or.jp/gh_yamamoto/#top,米子市観音寺新町１丁目１０－６,０８５９－３７－６５４１,厚生労働省オープンデータ,https://www.mhlw.go.jp/content/12300000/jigyosho_320.csv,2025-12末,https://www.google.com/search?q=%E3%82%B0%E3%83%AB%E3%83%BC%E3%83%97%E3%83%9B%E3%83%BC%E3%83%A0%E3%80%80%E3%82%84%E3%81%BE%E3%82%82%E3%81%A8%20%E7%B1%B3%E5%AD%90%E5%B8%82
グループホーム椿庵・桜庵,グループホーム,鳥取県,米子市,"介護,グループホーム,認知症",認知症のある方が少人数で生活する施設です。要支援・要介護度や地域要件を確認します。,http://www.hospitown.or.jp/,鳥取県米子市和田町1722番地グループホーム椿庵・桜庵,0859-21-7119,厚生労働省オープンデータ,https://www.mhlw.go.jp/content/12300000/jigyosho_320.csv,2025-12末,https://www.google.com/search?q=%E3%82%B0%E3%83%AB%E3%83%BC%E3%83%97%E3%83%9B%E3%83%BC%E3%83%A0%E6%A4%BF%E5%BA%B5%E3%83%BB%E6%A1%9C%E5%BA%B5%20%E7%B1%B3%E5%AD%90%E5%B8%82
グループホーム　　かみごとう,グループホーム,鳥取県,米子市,"介護,グループホーム,認知症",認知症のある方が少人数で生活する施設です。要支援・要介護度や地域要件を確認します。,http://www.kohoen.jp,鳥取県米子市両三柳1374グループホーム　かみごとう,0859-30-0903,厚生労働省オープンデータ,https://www.mhlw.go.jp/content/12300000/jigyosho_320.csv,2025-12末,https://www.google.com/search?q=%E3%82%B0%E3%83%AB%E3%83%BC%E3%83%97%E3%83%9B%E3%83%BC%E3%83%A0%E3%80%80%E3%80%80%E3%81%8B%E3%81%BF%E3%81%94%E3%81%A8%E3%81%86%20%E7%B1%B3%E5%AD%90%E5%B8%82
グループホーム　カルム米子,グループホーム,鳥取県,米子市,"介護,グループホーム,認知症",認知症のある方が少人数で生活する施設です。要支援・要介護度や地域要件を確認します。,https://calmekaigo.jp/yonago/,鳥取県米子市冨士見町2丁目132番地,0859-37-2677,厚生労働省オープンデータ,https://www.mhlw.go.jp/content/12300000/jigyosho_320.csv,2025-12末,https://www.google.com/search?q=%E3%82%B0%E3%83%AB%E3%83%BC%E3%83%97%E3%83%9B%E3%83%BC%E3%83%A0%E3%80%80%E3%82%AB%E3%83%AB%E3%83%A0%E7%B1%B3%E5%AD%90%20%E7%B1%B3%E5%AD%90%E5%B8%82
けあビジョンホーム米子,グループホーム,鳥取県,米子市,"介護,グループホーム,認知症",認知症のある方が少人数で生活する施設です。要支援・要介護度や地域要件を確認します。,https://www.google.com/search?q=%E3%81%91%E3%81%82%E3%83%93%E3%82%B8%E3%83%A7%E3%83%B3%E3%83%9B%E3%83%BC%E3%83%A0%E7%B1%B3%E5%AD%90%20%E7%B1%B3%E5%AD%90%E5%B8%82,青木853番7,0859-26-1000,厚生労働省オープンデータ,https://www.mhlw.go.jp/content/12300000/jigyosho_320.csv,2025-12末,https://www.google.com/search?q=%E3%81%91%E3%81%82%E3%83%93%E3%82%B8%E3%83%A7%E3%83%B3%E3%83%9B%E3%83%BC%E3%83%A0%E7%B1%B3%E5%AD%90%20%E7%B1%B3%E5%AD%90%E5%B8%82
グループホーム　はあとピア,グループホーム,鳥取県,米子市,"介護,グループホーム,認知症",認知症のある方が少人数で生活する施設です。要支援・要介護度や地域要件を確認します。,http://www.hapine.com,鳥取県米子市久米町２００番地,0859-31-8810,厚生労働省オープンデータ,https://www.mhlw.go.jp/content/12300000/jigyosho_320.csv,2025-12末,https://www.google.com/search?q=%E3%82%B0%E3%83%AB%E3%83%BC%E3%83%97%E3%83%9B%E3%83%BC%E3%83%A0%E3%80%80%E3%81%AF%E3%81%82%E3%81%A8%E3%83%94%E3%82%A2%20%E7%B1%B3%E5%AD%90%E5%B8%82
グループホームサワヤカ,グループホーム,鳥取県,米子市,"介護,グループホーム,認知症",認知症のある方が少人数で生活する施設です。要支援・要介護度や地域要件を確認します。,https://www.google.com/search?q=%E3%82%B0%E3%83%AB%E3%83%BC%E3%83%97%E3%83%9B%E3%83%BC%E3%83%A0%E3%82%B5%E3%83%AF%E3%83%A4%E3%82%AB%20%E7%B1%B3%E5%AD%90%E5%B8%82,皆生温泉1丁目16-10,0859-38-5188,厚生労働省オープンデータ,https://www.mhlw.go.jp/content/12300000/jigyosho_320.csv,2025-12末,https://www.google.com/search?q=%E3%82%B0%E3%83%AB%E3%83%BC%E3%83%97%E3%83%9B%E3%83%BC%E3%83%A0%E3%82%B5%E3%83%AF%E3%83%A4%E3%82%AB%20%E7%B1%B3%E5%AD%90%E5%B8%82
グループホーム　いずみの苑,グループホーム,鳥取県,米子市,"介護,グループホーム,認知症",認知症のある方が少人数で生活する施設です。要支援・要介護度や地域要件を確認します。,https://www.izuminosono.or.jp,鳥取県米子市淀江町淀江1075番地,0859-56-1888,厚生労働省オープンデータ,https://www.mhlw.go.jp/content/12300000/jigyosho_320.csv,2025-12末,https://www.google.com/search?q=%E3%82%B0%E3%83%AB%E3%83%BC%E3%83%97%E3%83%9B%E3%83%BC%E3%83%A0%E3%80%80%E3%81%84%E3%81%9A%E3%81%BF%E3%81%AE%E8%8B%91%20%E7%B1%B3%E5%AD%90%E5%B8%82
グループホームやまと,グループホーム,鳥取県,米子市,"介護,グループホーム,認知症",認知症のある方が少人数で生活する施設です。要支援・要介護度や地域要件を確認します。,https://www.med-wel.jp,鳥取県米子市淀江町佐陀1015-14,0859-21-0371,厚生労働省オープンデータ,https://www.mhlw.go.jp/content/12300000/jigyosho_320.csv,2025-12末,https://www.google.com/search?q=%E3%82%B0%E3%83%AB%E3%83%BC%E3%83%97%E3%83%9B%E3%83%BC%E3%83%A0%E3%82%84%E3%81%BE%E3%81%A8%20%E7%B1%B3%E5%AD%90%E5%B8%82
グループホームすずかぜ,グループホーム,鳥取県,米子市,"介護,グループホーム,認知症",認知症のある方が少人数で生活する施設です。要支援・要介護度や地域要件を確認します。,https://www.google.com/search?q=%E3%82%B0%E3%83%AB%E3%83%BC%E3%83%97%E3%83%9B%E3%83%BC%E3%83%A0%E3%81%99%E3%81%9A%E3%81%8B%E3%81%9C%20%E7%B1%B3%E5%AD%90%E5%B8%82,鳥取県米子市二本木1108-7,0859-21-1300,厚生労働省オープンデータ,https://www.mhlw.go.jp/content/12300000/jigyosho_320.csv,2025-12末,https://www.google.com/search?q=%E3%82%B0%E3%83%AB%E3%83%BC%E3%83%97%E3%83%9B%E3%83%BC%E3%83%A0%E3%81%99%E3%81%9A%E3%81%8B%E3%81%9C%20%E7%B1%B3%E5%AD%90%E5%B8%82
グループホームつばき,グループホーム,鳥取県,倉吉市,"介護,グループホーム,認知症",認知症のある方が少人数で生活する施設です。要支援・要介護度や地域要件を確認します。,http://www.nissyoukai.com,鳥取県倉吉市余戸谷町３０５１番地１,0858-23-0051,厚生労働省オープンデータ,https://www.mhlw.go.jp/content/12300000/jigyosho_320.csv,2025-12末,https://www.google.com/search?q=%E3%82%B0%E3%83%AB%E3%83%BC%E3%83%97%E3%83%9B%E3%83%BC%E3%83%A0%E3%81%A4%E3%81%B0%E3%81%8D%20%E5%80%89%E5%90%89%E5%B8%82
グループホーム華つばき,グループホーム,鳥取県,倉吉市,"介護,グループホーム,認知症",認知症のある方が少人数で生活する施設です。要支援・要介護度や地域要件を確認します。,http://www.nissyoukai.com,鳥取県倉吉市中河原７７１番地１,0858-24-6833,厚生労働省オープンデータ,https://www.mhlw.go.jp/content/12300000/jigyosho_320.csv,2025-12末,https://www.google.com/search?q=%E3%82%B0%E3%83%AB%E3%83%BC%E3%83%97%E3%83%9B%E3%83%BC%E3%83%A0%E8%8F%AF%E3%81%A4%E3%81%B0%E3%81%8D%20%E5%80%89%E5%90%89%E5%B8%82
認知症高齢者グループホームいわきの里,グループホーム,鳥取県,倉吉市,"介護,グループホーム,認知症",認知症のある方が少人数で生活する施設です。要支援・要介護度や地域要件を確認します。,http://kensuikai.net/gh_iwaki_no_sato.html,鳥取県倉吉市宮川町153-7,0858-47-1471,厚生労働省オープンデータ,https://www.mhlw.go.jp/content/12300000/jigyosho_320.csv,2025-12末,https://www.google.com/search?q=%E8%AA%8D%E7%9F%A5%E7%97%87%E9%AB%98%E9%BD%A2%E8%80%85%E3%82%B0%E3%83%AB%E3%83%BC%E3%83%97%E3%83%9B%E3%83%BC%E3%83%A0%E3%81%84%E3%82%8F%E3%81%8D%E3%81%AE%E9%87%8C%20%E5%80%89%E5%90%89%E5%B8%82
認知症高齢者グループホームしみず苑,グループホーム,鳥取県,倉吉市,"介護,グループホーム,認知症",認知症のある方が少人数で生活する施設です。要支援・要介護度や地域要件を確認します。,http://kensuikai.net/gh_shimizu_en.html,鳥取県倉吉市宮川町155-18,0858-22-6201,厚生労働省オープンデータ,https://www.mhlw.go.jp/content/12300000/jigyosho_320.csv,2025-12末,https://www.google.com/search?q=%E8%AA%8D%E7%9F%A5%E7%97%87%E9%AB%98%E9%BD%A2%E8%80%85%E3%82%B0%E3%83%AB%E3%83%BC%E3%83%97%E3%83%9B%E3%83%BC%E3%83%A0%E3%81%97%E3%81%BF%E3%81%9A%E8%8B%91%20%E5%80%89%E5%90%89%E5%B8%82
グループホームそらいろ,グループホーム,鳥取県,倉吉市,"介護,グループホーム,認知症",認知症のある方が少人数で生活する施設です。要支援・要介護度や地域要件を確認します。,http://lightup-ltd.com,鳥取県倉吉市三江1281番1,0858-27-0460,厚生労働省オープンデータ,https://www.mhlw.go.jp/content/12300000/jigyosho_320.csv,2025-12末,https://www.google.com/search?q=%E3%82%B0%E3%83%AB%E3%83%BC%E3%83%97%E3%83%9B%E3%83%BC%E3%83%A0%E3%81%9D%E3%82%89%E3%81%84%E3%82%8D%20%E5%80%89%E5%90%89%E5%B8%82
みのりグループホーム,グループホーム,鳥取県,倉吉市,"介護,グループホーム,認知症",認知症のある方が少人数で生活する施設です。要支援・要介護度や地域要件を確認します。,https://minorifukusikai.com,鳥取県倉吉市福守町490-3,0858-29-6138,厚生労働省オープンデータ,https://www.mhlw.go.jp/content/12300000/jigyosho_320.csv,2025-12末,https://www.google.com/search?q=%E3%81%BF%E3%81%AE%E3%82%8A%E3%82%B0%E3%83%AB%E3%83%BC%E3%83%97%E3%83%9B%E3%83%BC%E3%83%A0%20%E5%80%89%E5%90%89%E5%B8%82
（施設）地域ケアセンターマグノリア　　（事業所）グループホーム　マグノリア,グループホーム,鳥取県,倉吉市,"介護,グループホーム,認知症",認知症のある方が少人数で生活する施設です。要支援・要介護度や地域要件を確認します。,http://www.med-wel.jp,鳥取県倉吉市上井町１丁目２番１,0858-26-3922,厚生労働省オープンデータ,https://www.mhlw.go.jp/content/12300000/jigyosho_320.csv,2025-12末,https://www.google.com/search?q=%EF%BC%88%E6%96%BD%E8%A8%AD%EF%BC%89%E5%9C%B0%E5%9F%9F%E3%82%B1%E3%82%A2%E3%82%BB%E3%83%B3%E3%82%BF%E3%83%BC%E3%83%9E%E3%82%B0%E3%83%8E%E3%83%AA%E3%82%A2%E3%80%80%E3%80%80%EF%BC%88%E4%BA%8B%E6%A5%AD%E6%89%80%EF%BC%89%E3%82%B0%E3%83%AB%E3%83%BC%E3%83%97%E3%83%9B%E3%83%BC%E3%83%A0%E3%80%80%E3%83%9E%E3%82%B0%E3%83%8E%E3%83%AA%E3%82%A2%20%E5%80%89%E5%90%89%E5%B8%82
インターグループホーム,グループホーム,鳥取県,倉吉市,"介護,グループホーム,認知症",認知症のある方が少人数で生活する施設です。要支援・要介護度や地域要件を確認します。,https://minorifukusikai.com/,鳥取県倉吉市福守町407-12,0858-29-5338,厚生労働省オープンデータ,https://www.mhlw.go.jp/content/12300000/jigyosho_320.csv,2025-12末,https://www.google.com/search?q=%E3%82%A4%E3%83%B3%E3%82%BF%E3%83%BC%E3%82%B0%E3%83%AB%E3%83%BC%E3%83%97%E3%83%9B%E3%83%BC%E3%83%A0%20%E5%80%89%E5%90%89%E5%B8%82
グループホームひまわり昭和町,グループホーム,鳥取県,倉吉市,"介護,グループホーム,認知症",認知症のある方が少人数で生活する施設です。要支援・要介護度や地域要件を確認します。,http://www.siseikai.com/,鳥取県倉吉市東昭和町143番地,0858-48-0055,厚生労働省オープンデータ,https://www.mhlw.go.jp/content/12300000/jigyosho_320.csv,2025-12末,https://www.google.com/search?q=%E3%82%B0%E3%83%AB%E3%83%BC%E3%83%97%E3%83%9B%E3%83%BC%E3%83%A0%E3%81%B2%E3%81%BE%E3%82%8F%E3%82%8A%E6%98%AD%E5%92%8C%E7%94%BA%20%E5%80%89%E5%90%89%E5%B8%82
グループホームひまわり関金,グループホーム,鳥取県,倉吉市,"介護,グループホーム,認知症",認知症のある方が少人数で生活する施設です。要支援・要介護度や地域要件を確認します。,http://www.siseikai.com/,鳥取県倉吉市関金町関金宿1886番地,0858-45-6222,厚生労働省オープンデータ,https://www.mhlw.go.jp/content/12300000/jigyosho_320.csv,2025-12末,https://www.google.com/search?q=%E3%82%B0%E3%83%AB%E3%83%BC%E3%83%97%E3%83%9B%E3%83%BC%E3%83%A0%E3%81%B2%E3%81%BE%E3%82%8F%E3%82%8A%E9%96%A2%E9%87%91%20%E5%80%89%E5%90%89%E5%B8%82
関金みのりグループホーム,グループホーム,鳥取県,倉吉市,"介護,グループホーム,認知症",認知症のある方が少人数で生活する施設です。要支援・要介護度や地域要件を確認します。,https://minorifukusikai.com/,鳥取県倉吉市関金町関金宿1429-2,0858-45-6138,厚生労働省オープンデータ,https://www.mhlw.go.jp/content/12300000/jigyosho_320.csv,2025-12末,https://www.google.com/search?q=%E9%96%A2%E9%87%91%E3%81%BF%E3%81%AE%E3%82%8A%E3%82%B0%E3%83%AB%E3%83%BC%E3%83%97%E3%83%9B%E3%83%BC%E3%83%A0%20%E5%80%89%E5%90%89%E5%B8%82
倉吉グループホームあずま園,グループホーム,鳥取県,倉吉市,"介護,グループホーム,認知症",認知症のある方が少人数で生活する施設です。要支援・要介護度や地域要件を確認します。,https://www.google.com/search?q=%E5%80%89%E5%90%89%E3%82%B0%E3%83%AB%E3%83%BC%E3%83%97%E3%83%9B%E3%83%BC%E3%83%A0%E3%81%82%E3%81%9A%E3%81%BE%E5%9C%92%20%E5%80%89%E5%90%89%E5%B8%82,鳥取県倉吉市東巌城町472番地,0858-24-6801,厚生労働省オープンデータ,https://www.mhlw.go.jp/content/12300000/jigyosho_320.csv,2025-12末,https://www.google.com/search?q=%E5%80%89%E5%90%89%E3%82%B0%E3%83%AB%E3%83%BC%E3%83%97%E3%83%9B%E3%83%BC%E3%83%A0%E3%81%82%E3%81%9A%E3%81%BE%E5%9C%92%20%E5%80%89%E5%90%89%E5%B8%82
グループホームかりん,グループホーム,鳥取県,倉吉市,"介護,グループホーム,認知症",認知症のある方が少人数で生活する施設です。要支援・要介護度や地域要件を確認します。,http://www.med-wel.jp,鳥取県倉吉市西倉吉町17-4,0858-24-6202,厚生労働省オープンデータ,https://www.mhlw.go.jp/content/12300000/jigyosho_320.csv,2025-12末,https://www.google.com/search?q=%E3%82%B0%E3%83%AB%E3%83%BC%E3%83%97%E3%83%9B%E3%83%BC%E3%83%A0%E3%81%8B%E3%82%8A%E3%82%93%20%E5%80%89%E5%90%89%E5%B8%82
グループホームひまわり昭和町Ⅱ,グループホーム,鳥取県,倉吉市,"介護,グループホーム,認知症",認知症のある方が少人数で生活する施設です。要支援・要介護度や地域要件を確認します。,http://www.siseikai.com/,鳥取県倉吉市東昭和町134番地,0858-47-0011,厚生労働省オープンデータ,https://www.mhlw.go.jp/content/12300000/jigyosho_320.csv,2025-12末,https://www.google.com/search?q=%E3%82%B0%E3%83%AB%E3%83%BC%E3%83%97%E3%83%9B%E3%83%BC%E3%83%A0%E3%81%B2%E3%81%BE%E3%82%8F%E3%82%8A%E6%98%AD%E5%92%8C%E7%94%BA%E2%85%A1%20%E5%80%89%E5%90%89%E5%B8%82
グループホーム　あがりみち,グループホーム,鳥取県,境港市,"介護,グループホーム,認知症",認知症のある方が少人数で生活する施設です。要支援・要介護度や地域要件を確認します。,http://www.kohoen.jp,鳥取県境港市上道町２０８７－２,0859-47-6541,厚生労働省オープンデータ,https://www.mhlw.go.jp/content/12300000/jigyosho_320.csv,2025-12末,https://www.google.com/search?q=%E3%82%B0%E3%83%AB%E3%83%BC%E3%83%97%E3%83%9B%E3%83%BC%E3%83%A0%E3%80%80%E3%81%82%E3%81%8C%E3%82%8A%E3%81%BF%E3%81%A1%20%E5%A2%83%E6%B8%AF%E5%B8%82
社会福祉法人　境港福祉会　グループホーム夕日ヶ丘,グループホーム,鳥取県,境港市,"介護,グループホーム,認知症",認知症のある方が少人数で生活する施設です。要支援・要介護度や地域要件を確認します。,http://shakaifukushisakaiminatofukushikai.hp.gogo.jp/pc/index.html,鳥取県境港市夕日ヶ丘二丁目１００番地,0859-47-2277,厚生労働省オープンデータ,https://www.mhlw.go.jp/content/12300000/jigyosho_320.csv,2025-12末,https://www.google.com/search?q=%E7%A4%BE%E4%BC%9A%E7%A6%8F%E7%A5%89%E6%B3%95%E4%BA%BA%E3%80%80%E5%A2%83%E6%B8%AF%E7%A6%8F%E7%A5%89%E4%BC%9A%E3%80%80%E3%82%B0%E3%83%AB%E3%83%BC%E3%83%97%E3%83%9B%E3%83%BC%E3%83%A0%E5%A4%95%E6%97%A5%E3%83%B6%E4%B8%98%20%E5%A2%83%E6%B8%AF%E5%B8%82
社会福祉法人　境港福祉会　グループホーム夕日ヶ丘二番館,グループホーム,鳥取県,境港市,"介護,グループホーム,認知症",認知症のある方が少人数で生活する施設です。要支援・要介護度や地域要件を確認します。,http://shakaifukushisakaiminatofukushikai.hp.gogo.jp/pc/info.html,鳥取県境港市夕日ヶ丘二丁目92番地,0859-47-2277,厚生労働省オープンデータ,https://www.mhlw.go.jp/content/12300000/jigyosho_320.csv,2025-12末,https://www.google.com/search?q=%E7%A4%BE%E4%BC%9A%E7%A6%8F%E7%A5%89%E6%B3%95%E4%BA%BA%E3%80%80%E5%A2%83%E6%B8%AF%E7%A6%8F%E7%A5%89%E4%BC%9A%E3%80%80%E3%82%B0%E3%83%AB%E3%83%BC%E3%83%97%E3%83%9B%E3%83%BC%E3%83%A0%E5%A4%95%E6%97%A5%E3%83%B6%E4%B8%98%E4%BA%8C%E7%95%AA%E9%A4%A8%20%E5%A2%83%E6%B8%AF%E5%B8%82
けあビジョンホーム境港,グループホーム,鳥取県,境港市,"介護,グループホーム,認知症",認知症のある方が少人数で生活する施設です。要支援・要介護度や地域要件を確認します。,https://www.google.com/search?q=%E3%81%91%E3%81%82%E3%83%93%E3%82%B8%E3%83%A7%E3%83%B3%E3%83%9B%E3%83%BC%E3%83%A0%E5%A2%83%E6%B8%AF%20%E5%A2%83%E6%B8%AF%E5%B8%82,境港外江町2225-1,0859-44-0111,厚生労働省オープンデータ,https://www.mhlw.go.jp/content/12300000/jigyosho_320.csv,2025-12末,https://www.google.com/search?q=%E3%81%91%E3%81%82%E3%83%93%E3%82%B8%E3%83%A7%E3%83%B3%E3%83%9B%E3%83%BC%E3%83%A0%E5%A2%83%E6%B8%AF%20%E5%A2%83%E6%B8%AF%E5%B8%82
グループホーム　みなと,グループホーム,鳥取県,境港市,"介護,グループホーム,認知症",認知症のある方が少人数で生活する施設です。要支援・要介護度や地域要件を確認します。,http//www.kohoen.jp,鳥取県境港市上道町2053-6,0859-47-6610,厚生労働省オープンデータ,https://www.mhlw.go.jp/content/12300000/jigyosho_320.csv,2025-12末,https://www.google.com/search?q=%E3%82%B0%E3%83%AB%E3%83%BC%E3%83%97%E3%83%9B%E3%83%BC%E3%83%A0%E3%80%80%E3%81%BF%E3%81%AA%E3%81%A8%20%E5%A2%83%E6%B8%AF%E5%B8%82
グループホーム　ひので,グループホーム,鳥取県,境港市,"介護,グループホーム,認知症",認知症のある方が少人数で生活する施設です。要支援・要介護度や地域要件を確認します。,http://www.kohoen.jp,鳥取県境港市日ノ出町７８－２,0859-44-0002,厚生労働省オープンデータ,https://www.mhlw.go.jp/content/12300000/jigyosho_320.csv,2025-12末,https://www.google.com/search?q=%E3%82%B0%E3%83%AB%E3%83%BC%E3%83%97%E3%83%9B%E3%83%BC%E3%83%A0%E3%80%80%E3%81%B2%E3%81%AE%E3%81%A7%20%E5%A2%83%E6%B8%AF%E5%B8%82
グループホーム　松風の郷　浦富,グループホーム,鳥取県,岩美町,"介護,グループホーム,認知症",認知症のある方が少人数で生活する施設です。要支援・要介護度や地域要件を確認します。,http://www.hyogofukushi.com,鳥取県岩美郡岩美町浦富1418-2,0857-72-2113,厚生労働省オープンデータ,https://www.mhlw.go.jp/content/12300000/jigyosho_320.csv,2025-12末,https://www.google.com/search?q=%E3%82%B0%E3%83%AB%E3%83%BC%E3%83%97%E3%83%9B%E3%83%BC%E3%83%A0%E3%80%80%E6%9D%BE%E9%A2%A8%E3%81%AE%E9%83%B7%E3%80%80%E6%B5%A6%E5%AF%8C%20%E5%B2%A9%E7%BE%8E%E7%94%BA
グループホーム　松風の郷　東浜,グループホーム,鳥取県,岩美町,"介護,グループホーム,認知症",認知症のある方が少人数で生活する施設です。要支援・要介護度や地域要件を確認します。,https://hyogofukushi.com/about/,鳥取県岩美郡岩美町大字陸上４９４番地,0857-72-2872,厚生労働省オープンデータ,https://www.mhlw.go.jp/content/12300000/jigyosho_320.csv,2025-12末,https://www.google.com/search?q=%E3%82%B0%E3%83%AB%E3%83%BC%E3%83%97%E3%83%9B%E3%83%BC%E3%83%A0%E3%80%80%E6%9D%BE%E9%A2%A8%E3%81%AE%E9%83%B7%E3%80%80%E6%9D%B1%E6%B5%9C%20%E5%B2%A9%E7%BE%8E%E7%94%BA
グループホーム幸風,グループホーム,鳥取県,岩美町,"介護,グループホーム,認知症",認知症のある方が少人数で生活する施設です。要支援・要介護度や地域要件を確認します。,https://www.google.com/search?q=%E3%82%B0%E3%83%AB%E3%83%BC%E3%83%97%E3%83%9B%E3%83%BC%E3%83%A0%E5%B9%B8%E9%A2%A8%20%E5%B2%A9%E7%BE%8E%E7%94%BA,鳥取県岩美郡岩美町大字浦富字小堤４３４－２５,0857-37-5226,厚生労働省オープンデータ,https://www.mhlw.go.jp/content/12300000/jigyosho_320.csv,2025-12末,https://www.google.com/search?q=%E3%82%B0%E3%83%AB%E3%83%BC%E3%83%97%E3%83%9B%E3%83%BC%E3%83%A0%E5%B9%B8%E9%A2%A8%20%E5%B2%A9%E7%BE%8E%E7%94%BA
グループホーム陽だまりの家ふなおか,グループホーム,鳥取県,八頭町,"介護,グループホーム,認知症",認知症のある方が少人数で生活する施設です。要支援・要介護度や地域要件を確認します。,https://www.google.com/search?q=%E3%82%B0%E3%83%AB%E3%83%BC%E3%83%97%E3%83%9B%E3%83%BC%E3%83%A0%E9%99%BD%E3%81%A0%E3%81%BE%E3%82%8A%E3%81%AE%E5%AE%B6%E3%81%B5%E3%81%AA%E3%81%8A%E3%81%8B%20%E5%85%AB%E9%A0%AD%E7%94%BA,鳥取県八頭郡八頭町船岡４８６－２,0858-72-6201,厚生労働省オープンデータ,https://www.mhlw.go.jp/content/12300000/jigyosho_320.csv,2025-12末,https://www.google.com/search?q=%E3%82%B0%E3%83%AB%E3%83%BC%E3%83%97%E3%83%9B%E3%83%BC%E3%83%A0%E9%99%BD%E3%81%A0%E3%81%BE%E3%82%8A%E3%81%AE%E5%AE%B6%E3%81%B5%E3%81%AA%E3%81%8A%E3%81%8B%20%E5%85%AB%E9%A0%AD%E7%94%BA
グループホーム　仁の里,グループホーム,鳥取県,三朝町,"介護,グループホーム,認知症",認知症のある方が少人数で生活する施設です。要支援・要介護度や地域要件を確認します。,http://www.sankien.jp,鳥取県東伯郡三朝町山田１０８番５,0858-43-5007,厚生労働省オープンデータ,https://www.mhlw.go.jp/content/12300000/jigyosho_320.csv,2025-12末,https://www.google.com/search?q=%E3%82%B0%E3%83%AB%E3%83%BC%E3%83%97%E3%83%9B%E3%83%BC%E3%83%A0%E3%80%80%E4%BB%81%E3%81%AE%E9%87%8C%20%E4%B8%89%E6%9C%9D%E7%94%BA
グル－プホ－ム　なの花,グループホーム,鳥取県,三朝町,"介護,グループホーム,認知症",認知症のある方が少人数で生活する施設です。要支援・要介護度や地域要件を確認します。,http://aikeikai-nanohana.jp/,鳥取県東伯郡三朝町大瀬1012番地グル－プホ－ム　なの花,0858-43-3211,厚生労働省オープンデータ,https://www.mhlw.go.jp/content/12300000/jigyosho_320.csv,2025-12末,https://www.google.com/search?q=%E3%82%B0%E3%83%AB%EF%BC%8D%E3%83%97%E3%83%9B%EF%BC%8D%E3%83%A0%E3%80%80%E3%81%AA%E3%81%AE%E8%8A%B1%20%E4%B8%89%E6%9C%9D%E7%94%BA
グループホームみのりかじか,グループホーム,鳥取県,三朝町,"介護,グループホーム,認知症",認知症のある方が少人数で生活する施設です。要支援・要介護度や地域要件を確認します。,https://www.minorifukusikai.com,鳥取県東伯郡三朝町山田653-1,0858-43-5088,厚生労働省オープンデータ,https://www.mhlw.go.jp/content/12300000/jigyosho_320.csv,2025-12末,https://www.google.com/search?q=%E3%82%B0%E3%83%AB%E3%83%BC%E3%83%97%E3%83%9B%E3%83%BC%E3%83%A0%E3%81%BF%E3%81%AE%E3%82%8A%E3%81%8B%E3%81%98%E3%81%8B%20%E4%B8%89%E6%9C%9D%E7%94%BA
グループホーム　ル・サンテリオン東郷,グループホーム,鳥取県,湯梨浜町,"介護,グループホーム,認知症",認知症のある方が少人数で生活する施設です。要支援・要介護度や地域要件を確認します。,https://www.med-wel.jp/,鳥取県東伯郡湯梨浜町野花443番地1,0858-32-2570,厚生労働省オープンデータ,https://www.mhlw.go.jp/content/12300000/jigyosho_320.csv,2025-12末,https://www.google.com/search?q=%E3%82%B0%E3%83%AB%E3%83%BC%E3%83%97%E3%83%9B%E3%83%BC%E3%83%A0%E3%80%80%E3%83%AB%E3%83%BB%E3%82%B5%E3%83%B3%E3%83%86%E3%83%AA%E3%82%AA%E3%83%B3%E6%9D%B1%E9%83%B7%20%E6%B9%AF%E6%A2%A8%E6%B5%9C%E7%94%BA
グループホーム　信生　ゆりはまの里,グループホーム,鳥取県,湯梨浜町,"介護,グループホーム,認知症",認知症のある方が少人数で生活する施設です。要支援・要介護度や地域要件を確認します。,http//sinseiso.tkc.best-hp.jp,鳥取県東伯郡湯梨浜町はわい温泉58-6,0858-35-5111,厚生労働省オープンデータ,https://www.mhlw.go.jp/content/12300000/jigyosho_320.csv,2025-12末,https://www.google.com/search?q=%E3%82%B0%E3%83%AB%E3%83%BC%E3%83%97%E3%83%9B%E3%83%BC%E3%83%A0%E3%80%80%E4%BF%A1%E7%94%9F%E3%80%80%E3%82%86%E3%82%8A%E3%81%AF%E3%81%BE%E3%81%AE%E9%87%8C%20%E6%B9%AF%E6%A2%A8%E6%B5%9C%E7%94%BA
はわいグループホームあずま園,グループホーム,鳥取県,湯梨浜町,"介護,グループホーム,認知症",認知症のある方が少人数で生活する施設です。要支援・要介護度や地域要件を確認します。,http://www.azumaen.net/,鳥取県東伯郡湯梨浜町光吉107－35,0858-48-5666,厚生労働省オープンデータ,https://www.mhlw.go.jp/content/12300000/jigyosho_320.csv,2025-12末,https://www.google.com/search?q=%E3%81%AF%E3%82%8F%E3%81%84%E3%82%B0%E3%83%AB%E3%83%BC%E3%83%97%E3%83%9B%E3%83%BC%E3%83%A0%E3%81%82%E3%81%9A%E3%81%BE%E5%9C%92%20%E6%B9%AF%E6%A2%A8%E6%B5%9C%E7%94%BA
グループホーム　ゆりはま,グループホーム,鳥取県,湯梨浜町,"介護,グループホーム,認知症",認知症のある方が少人数で生活する施設です。要支援・要介護度や地域要件を確認します。,https://www.med-wel.jp/,鳥取県東伯郡湯梨浜町長江310-77,0858-32-1610,厚生労働省オープンデータ,https://www.mhlw.go.jp/content/12300000/jigyosho_320.csv,2025-12末,https://www.google.com/search?q=%E3%82%B0%E3%83%AB%E3%83%BC%E3%83%97%E3%83%9B%E3%83%BC%E3%83%A0%E3%80%80%E3%82%86%E3%82%8A%E3%81%AF%E3%81%BE%20%E6%B9%AF%E6%A2%A8%E6%B5%9C%E7%94%BA
グループホーム陽だまりの家とうはく,グループホーム,鳥取県,琴浦町,"介護,グループホーム,認知症",認知症のある方が少人数で生活する施設です。要支援・要介護度や地域要件を確認します。,http://www.solhem.jp,鳥取県東伯郡琴浦町徳万７０－１,0858-53-0695,厚生労働省オープンデータ,https://www.mhlw.go.jp/content/12300000/jigyosho_320.csv,2025-12末,https://www.google.com/search?q=%E3%82%B0%E3%83%AB%E3%83%BC%E3%83%97%E3%83%9B%E3%83%BC%E3%83%A0%E9%99%BD%E3%81%A0%E3%81%BE%E3%82%8A%E3%81%AE%E5%AE%B6%E3%81%A8%E3%81%86%E3%81%AF%E3%81%8F%20%E7%90%B4%E6%B5%A6%E7%94%BA
グループホーム　陽だまりの家ことうら,グループホーム,鳥取県,琴浦町,"介護,グループホーム,認知症",認知症のある方が少人数で生活する施設です。要支援・要介護度や地域要件を確認します。,http://www.solhem.jp/,鳥取県東伯郡琴浦町逢束１２３－１,0858-52-1234,厚生労働省オープンデータ,https://www.mhlw.go.jp/content/12300000/jigyosho_320.csv,2025-12末,https://www.google.com/search?q=%E3%82%B0%E3%83%AB%E3%83%BC%E3%83%97%E3%83%9B%E3%83%BC%E3%83%A0%E3%80%80%E9%99%BD%E3%81%A0%E3%81%BE%E3%82%8A%E3%81%AE%E5%AE%B6%E3%81%93%E3%81%A8%E3%81%86%E3%82%89%20%E7%90%B4%E6%B5%A6%E7%94%BA
グループホームともさん家,グループホーム,鳥取県,琴浦町,"介護,グループホーム,認知症",認知症のある方が少人数で生活する施設です。要支援・要介護度や地域要件を確認します。,https://www.morimoto-med1977.jp,鳥取県東伯郡琴浦町大字逢束１２１３番地１,0858-53-2871,厚生労働省オープンデータ,https://www.mhlw.go.jp/content/12300000/jigyosho_320.csv,2025-12末,https://www.google.com/search?q=%E3%82%B0%E3%83%AB%E3%83%BC%E3%83%97%E3%83%9B%E3%83%BC%E3%83%A0%E3%81%A8%E3%82%82%E3%81%95%E3%82%93%E5%AE%B6%20%E7%90%B4%E6%B5%A6%E7%94%BA
グループホームあかさき,グループホーム,鳥取県,琴浦町,"介護,グループホーム,認知症",認知症のある方が少人数で生活する施設です。要支援・要介護度や地域要件を確認します。,https://www.hyakujuen.jp/,鳥取県東伯郡琴浦町赤碕１０６２－４,0858-55-5100,厚生労働省オープンデータ,https://www.mhlw.go.jp/content/12300000/jigyosho_320.csv,2025-12末,https://www.google.com/search?q=%E3%82%B0%E3%83%AB%E3%83%BC%E3%83%97%E3%83%9B%E3%83%BC%E3%83%A0%E3%81%82%E3%81%8B%E3%81%95%E3%81%8D%20%E7%90%B4%E6%B5%A6%E7%94%BA
グループホームきらり,グループホーム,鳥取県,琴浦町,"介護,グループホーム,認知症",認知症のある方が少人数で生活する施設です。要支援・要介護度や地域要件を確認します。,http://www.hyakujyuen.jp/,鳥取県東伯郡琴浦町赤碕2540-5,0858-55-5501,厚生労働省オープンデータ,https://www.mhlw.go.jp/content/12300000/jigyosho_320.csv,2025-12末,https://www.google.com/search?q=%E3%82%B0%E3%83%AB%E3%83%BC%E3%83%97%E3%83%9B%E3%83%BC%E3%83%A0%E3%81%8D%E3%82%89%E3%82%8A%20%E7%90%B4%E6%B5%A6%E7%94%BA
グループホームはなみ,グループホーム,鳥取県,琴浦町,"介護,グループホーム,認知症",認知症のある方が少人数で生活する施設です。要支援・要介護度や地域要件を確認します。,https://www.hyakujyuen.jp,鳥取県東伯郡琴浦町赤碕10７８-7,０８５８－５５－６１２０,厚生労働省オープンデータ,https://www.mhlw.go.jp/content/12300000/jigyosho_320.csv,2025-12末,https://www.google.com/search?q=%E3%82%B0%E3%83%AB%E3%83%BC%E3%83%97%E3%83%9B%E3%83%BC%E3%83%A0%E3%81%AF%E3%81%AA%E3%81%BF%20%E7%90%B4%E6%B5%A6%E7%94%BA
グループホーム　あずま園,グループホーム,鳥取県,北栄町,"介護,グループホーム,認知症",認知症のある方が少人数で生活する施設です。要支援・要介護度や地域要件を確認します。,http://azumaen.net/index.php,鳥取県東伯郡北栄町東園331-1,0858-37-4804,厚生労働省オープンデータ,https://www.mhlw.go.jp/content/12300000/jigyosho_320.csv,2025-12末,https://www.google.com/search?q=%E3%82%B0%E3%83%AB%E3%83%BC%E3%83%97%E3%83%9B%E3%83%BC%E3%83%A0%E3%80%80%E3%81%82%E3%81%9A%E3%81%BE%E5%9C%92%20%E5%8C%97%E6%A0%84%E7%94%BA
グループホーム　こころの里,グループホーム,鳥取県,北栄町,"介護,グループホーム,認知症",認知症のある方が少人数で生活する施設です。要支援・要介護度や地域要件を確認します。,http://seiikai.hp.gogo.jp,鳥取県東伯郡北栄町瀬戸45-2宮川医院2階,0858-37-3188,厚生労働省オープンデータ,https://www.mhlw.go.jp/content/12300000/jigyosho_320.csv,2025-12末,https://www.google.com/search?q=%E3%82%B0%E3%83%AB%E3%83%BC%E3%83%97%E3%83%9B%E3%83%BC%E3%83%A0%E3%80%80%E3%81%93%E3%81%93%E3%82%8D%E3%81%AE%E9%87%8C%20%E5%8C%97%E6%A0%84%E7%94%BA
認知症高齢者グループホーム北条,グループホーム,鳥取県,北栄町,"介護,グループホーム,認知症",認知症のある方が少人数で生活する施設です。要支援・要介護度や地域要件を確認します。,https://www.med-wel.jp/houjou/,鳥取県東伯郡北栄町土下123-1,0858-36-5220,厚生労働省オープンデータ,https://www.mhlw.go.jp/content/12300000/jigyosho_320.csv,2025-12末,https://www.google.com/search?q=%E8%AA%8D%E7%9F%A5%E7%97%87%E9%AB%98%E9%BD%A2%E8%80%85%E3%82%B0%E3%83%AB%E3%83%BC%E3%83%97%E3%83%9B%E3%83%BC%E3%83%A0%E5%8C%97%E6%9D%A1%20%E5%8C%97%E6%A0%84%E7%94%BA
北栄みのりグループホーム,グループホーム,鳥取県,北栄町,"介護,グループホーム,認知症",認知症のある方が少人数で生活する施設です。要支援・要介護度や地域要件を確認します。,https://minorifukusikai.com/,鳥取県東伯郡北栄町東園219-1,0858-37-6088,厚生労働省オープンデータ,https://www.mhlw.go.jp/content/12300000/jigyosho_320.csv,2025-12末,https://www.google.com/search?q=%E5%8C%97%E6%A0%84%E3%81%BF%E3%81%AE%E3%82%8A%E3%82%B0%E3%83%AB%E3%83%BC%E3%83%97%E3%83%9B%E3%83%BC%E3%83%A0%20%E5%8C%97%E6%A0%84%E7%94%BA
チューリップホーム（グループホームひえづ）,グループホーム,鳥取県,日吉津村,"介護,グループホーム,認知症",認知症のある方が少人数で生活する施設です。要支援・要介護度や地域要件を確認します。,http://kimachi-kazuki.org,鳥取県西伯郡日吉津村今吉204-1,0859-37-1850,厚生労働省オープンデータ,https://www.mhlw.go.jp/content/12300000/jigyosho_320.csv,2025-12末,https://www.google.com/search?q=%E3%83%81%E3%83%A5%E3%83%BC%E3%83%AA%E3%83%83%E3%83%97%E3%83%9B%E3%83%BC%E3%83%A0%EF%BC%88%E3%82%B0%E3%83%AB%E3%83%BC%E3%83%97%E3%83%9B%E3%83%BC%E3%83%A0%E3%81%B2%E3%81%88%E3%81%A5%EF%BC%89%20%E6%97%A5%E5%90%89%E6%B4%A5%E6%9D%91
グループホーム　陽だまりの家　なかやま,グループホーム,鳥取県,大山町,"介護,グループホーム,認知症",認知症のある方が少人数で生活する施設です。要支援・要介護度や地域要件を確認します。,http://www.solhem.jp,鳥取県西伯郡大山町塩津７６３番地２,0858-58-3004,厚生労働省オープンデータ,https://www.mhlw.go.jp/content/12300000/jigyosho_320.csv,2025-12末,https://www.google.com/search?q=%E3%82%B0%E3%83%AB%E3%83%BC%E3%83%97%E3%83%9B%E3%83%BC%E3%83%A0%E3%80%80%E9%99%BD%E3%81%A0%E3%81%BE%E3%82%8A%E3%81%AE%E5%AE%B6%E3%80%80%E3%81%AA%E3%81%8B%E3%82%84%E3%81%BE%20%E5%A4%A7%E5%B1%B1%E7%94%BA
グループホーム　ばんだの里,グループホーム,鳥取県,大山町,"介護,グループホーム,認知症",認知症のある方が少人数で生活する施設です。要支援・要介護度や地域要件を確認します。,https://www.google.com/search?q=%E3%82%B0%E3%83%AB%E3%83%BC%E3%83%97%E3%83%9B%E3%83%BC%E3%83%A0%E3%80%80%E3%81%B0%E3%82%93%E3%81%A0%E3%81%AE%E9%87%8C%20%E5%A4%A7%E5%B1%B1%E7%94%BA,鳥取県西伯郡大山町安原1118-1,0859-53-3001,厚生労働省オープンデータ,https://www.mhlw.go.jp/content/12300000/jigyosho_320.csv,2025-12末,https://www.google.com/search?q=%E3%82%B0%E3%83%AB%E3%83%BC%E3%83%97%E3%83%9B%E3%83%BC%E3%83%A0%E3%80%80%E3%81%B0%E3%82%93%E3%81%A0%E3%81%AE%E9%87%8C%20%E5%A4%A7%E5%B1%B1%E7%94%BA
グループホーム　おちあい,グループホーム,鳥取県,南部町,"介護,グループホーム,認知症",認知症のある方が少人数で生活する施設です。要支援・要介護度や地域要件を確認します。,yuraku-houki.net,鳥取県西伯郡南部町落合４８０番地,0859-66-2253,厚生労働省オープンデータ,https://www.mhlw.go.jp/content/12300000/jigyosho_320.csv,2025-12末,https://www.google.com/search?q=%E3%82%B0%E3%83%AB%E3%83%BC%E3%83%97%E3%83%9B%E3%83%BC%E3%83%A0%E3%80%80%E3%81%8A%E3%81%A1%E3%81%82%E3%81%84%20%E5%8D%97%E9%83%A8%E7%94%BA
グループホーム　あゆみ,グループホーム,鳥取県,伯耆町,"介護,グループホーム,認知症",認知症のある方が少人数で生活する施設です。要支援・要介護度や地域要件を確認します。,http://www.akari-ayumi.jp/,鳥取県西伯郡伯耆町大殿1089-8,0859-21-0825,厚生労働省オープンデータ,https://www.mhlw.go.jp/content/12300000/jigyosho_320.csv,2025-12末,https://www.google.com/search?q=%E3%82%B0%E3%83%AB%E3%83%BC%E3%83%97%E3%83%9B%E3%83%BC%E3%83%A0%E3%80%80%E3%81%82%E3%82%86%E3%81%BF%20%E4%BC%AF%E8%80%86%E7%94%BA
グループホーム　なごみ,グループホーム,鳥取県,伯耆町,"介護,グループホーム,認知症",認知症のある方が少人数で生活する施設です。要支援・要介護度や地域要件を確認します。,https://www.google.com/search?q=%E3%82%B0%E3%83%AB%E3%83%BC%E3%83%97%E3%83%9B%E3%83%BC%E3%83%A0%E3%80%80%E3%81%AA%E3%81%94%E3%81%BF%20%E4%BC%AF%E8%80%86%E7%94%BA,鳥取県西伯郡伯耆町長山１７１番地,0859-62-0100,厚生労働省オープンデータ,https://www.mhlw.go.jp/content/12300000/jigyosho_320.csv,2025-12末,https://www.google.com/search?q=%E3%82%B0%E3%83%AB%E3%83%BC%E3%83%97%E3%83%9B%E3%83%BC%E3%83%A0%E3%80%80%E3%81%AA%E3%81%94%E3%81%BF%20%E4%BC%AF%E8%80%86%E7%94%BA
グループホームあさひの郷,グループホーム,鳥取県,日南町,"介護,グループホーム,認知症",認知症のある方が少人数で生活する施設です。要支援・要介護度や地域要件を確認します。,https://www.google.com/search?q=%E3%82%B0%E3%83%AB%E3%83%BC%E3%83%97%E3%83%9B%E3%83%BC%E3%83%A0%E3%81%82%E3%81%95%E3%81%B2%E3%81%AE%E9%83%B7%20%E6%97%A5%E5%8D%97%E7%94%BA,鳥取県日野郡日南町生山３９７－１グループホーム　あさひの郷,0859-77-3002,厚生労働省オープンデータ,https://www.mhlw.go.jp/content/12300000/jigyosho_320.csv,2025-12末,https://www.google.com/search?q=%E3%82%B0%E3%83%AB%E3%83%BC%E3%83%97%E3%83%9B%E3%83%BC%E3%83%A0%E3%81%82%E3%81%95%E3%81%B2%E3%81%AE%E9%83%B7%20%E6%97%A5%E5%8D%97%E7%94%BA
医療法人社団日翔会　グループホームいちょうの木,グループホーム,鳥取県,日野町,"介護,グループホーム,認知症",認知症のある方が少人数で生活する施設です。要支援・要介護度や地域要件を確認します。,iryouhoujinsyadan@nissyoukai.com,鳥取県日野郡日野町根雨８９９－１,0859-72-1866,厚生労働省オープンデータ,https://www.mhlw.go.jp/content/12300000/jigyosho_320.csv,2025-12末,https://www.google.com/search?q=%E5%8C%BB%E7%99%82%E6%B3%95%E4%BA%BA%E7%A4%BE%E5%9B%A3%E6%97%A5%E7%BF%94%E4%BC%9A%E3%80%80%E3%82%B0%E3%83%AB%E3%83%BC%E3%83%97%E3%83%9B%E3%83%BC%E3%83%A0%E3%81%84%E3%81%A1%E3%82%87%E3%81%86%E3%81%AE%E6%9C%A8%20%E6%97%A5%E9%87%8E%E7%94%BA
グループホーム江美の郷,グループホーム,鳥取県,江府町,"介護,グループホーム,認知症",認知症のある方が少人数で生活する施設です。要支援・要介護度や地域要件を確認します。,http://www.syoujin.or.jp,鳥取県日野郡江府町大字久連7番地,0859-75-2126,厚生労働省オープンデータ,https://www.mhlw.go.jp/content/12300000/jigyosho_320.csv,2025-12末,https://www.google.com/search?q=%E3%82%B0%E3%83%AB%E3%83%BC%E3%83%97%E3%83%9B%E3%83%BC%E3%83%A0%E6%B1%9F%E7%BE%8E%E3%81%AE%E9%83%B7%20%E6%B1%9F%E5%BA%9C%E7%94%BA
有料老人ホームきらめき館［新館］,介護付き有料老人ホーム,鳥取県,鳥取市,"介護,介護付き有料老人ホーム,入所",介護付き有料老人ホームの公式オープンデータから取り込んだ候補です。詳細は公式情報・電話・見学で確認してください。,https://www.kiramekikan.com,覚寺61番地17,0857-30-7608,厚生労働省オープンデータ,https://www.mhlw.go.jp/content/12300000/jigyosho_331.csv,2025-12末,https://www.google.com/search?q=%E6%9C%89%E6%96%99%E8%80%81%E4%BA%BA%E3%83%9B%E3%83%BC%E3%83%A0%E3%81%8D%E3%82%89%E3%82%81%E3%81%8D%E9%A4%A8%EF%BC%BB%E6%96%B0%E9%A4%A8%EF%BC%BD%20%E9%B3%A5%E5%8F%96%E5%B8%82
介護付有料老人ホームかろ美咲園,介護付き有料老人ホーム,鳥取県,鳥取市,"介護,介護付き有料老人ホーム,入所",介護付き有料老人ホームの公式オープンデータから取り込んだ候補です。詳細は公式情報・電話・見学で確認してください。,https://www.google.com/search?q=%E4%BB%8B%E8%AD%B7%E4%BB%98%E6%9C%89%E6%96%99%E8%80%81%E4%BA%BA%E3%83%9B%E3%83%BC%E3%83%A0%E3%81%8B%E3%82%8D%E7%BE%8E%E5%92%B2%E5%9C%92%20%E9%B3%A5%E5%8F%96%E5%B8%82,鳥取県鳥取市賀露町南5丁目1757-336,0857-31-1011,厚生労働省オープンデータ,https://www.mhlw.go.jp/content/12300000/jigyosho_331.csv,2025-12末,https://www.google.com/search?q=%E4%BB%8B%E8%AD%B7%E4%BB%98%E6%9C%89%E6%96%99%E8%80%81%E4%BA%BA%E3%83%9B%E3%83%BC%E3%83%A0%E3%81%8B%E3%82%8D%E7%BE%8E%E5%92%B2%E5%9C%92%20%E9%B3%A5%E5%8F%96%E5%B8%82
和温,介護付き有料老人ホーム,鳥取県,鳥取市,"介護,介護付き有料老人ホーム,入所",介護付き有料老人ホームの公式オープンデータから取り込んだ候補です。詳細は公式情報・電話・見学で確認してください。,https://www.google.com/search?q=%E5%92%8C%E6%B8%A9%20%E9%B3%A5%E5%8F%96%E5%B8%82,鳥取県鳥取市正蓮寺38-3,0857-51-0600,厚生労働省オープンデータ,https://www.mhlw.go.jp/content/12300000/jigyosho_331.csv,2025-12末,https://www.google.com/search?q=%E5%92%8C%E6%B8%A9%20%E9%B3%A5%E5%8F%96%E5%B8%82
さとにメディケアホーム菜のか,介護付き有料老人ホーム,鳥取県,鳥取市,"介護,介護付き有料老人ホーム,入所",介護付き有料老人ホームの公式オープンデータから取り込んだ候補です。詳細は公式情報・電話・見学で確認してください。,https://satoni-denen-clinic.jp/,鳥取県鳥取市里仁45番地,0857-30-7768,厚生労働省オープンデータ,https://www.mhlw.go.jp/content/12300000/jigyosho_331.csv,2025-12末,https://www.google.com/search?q=%E3%81%95%E3%81%A8%E3%81%AB%E3%83%A1%E3%83%87%E3%82%A3%E3%82%B1%E3%82%A2%E3%83%9B%E3%83%BC%E3%83%A0%E8%8F%9C%E3%81%AE%E3%81%8B%20%E9%B3%A5%E5%8F%96%E5%B8%82
介護付有料老人ホーム翠のさと,介護付き有料老人ホーム,鳥取県,米子市,"介護,介護付き有料老人ホーム,入所",介護付き有料老人ホームの公式オープンデータから取り込んだ候補です。詳細は公式情報・電話・見学で確認してください。,https://midorinosato.info/,鳥取県米子市西福原７－４－１,0859-22-1165,厚生労働省オープンデータ,https://www.mhlw.go.jp/content/12300000/jigyosho_331.csv,2025-12末,https://www.google.com/search?q=%E4%BB%8B%E8%AD%B7%E4%BB%98%E6%9C%89%E6%96%99%E8%80%81%E4%BA%BA%E3%83%9B%E3%83%BC%E3%83%A0%E7%BF%A0%E3%81%AE%E3%81%95%E3%81%A8%20%E7%B1%B3%E5%AD%90%E5%B8%82
エルフィス観音寺新町,介護付き有料老人ホーム,鳥取県,米子市,"介護,介護付き有料老人ホーム,入所",介護付き有料老人ホームの公式オープンデータから取り込んだ候補です。詳細は公式情報・電話・見学で確認してください。,http://elfith.com,鳥取県米子市観音寺新町３丁目5-33,0859-21-2077,厚生労働省オープンデータ,https://www.mhlw.go.jp/content/12300000/jigyosho_331.csv,2025-12末,https://www.google.com/search?q=%E3%82%A8%E3%83%AB%E3%83%95%E3%82%A3%E3%82%B9%E8%A6%B3%E9%9F%B3%E5%AF%BA%E6%96%B0%E7%94%BA%20%E7%B1%B3%E5%AD%90%E5%B8%82
介護老人ホーム長砂のかぜ付有料,介護付き有料老人ホーム,鳥取県,米子市,"介護,介護付き有料老人ホーム,入所",介護付き有料老人ホームの公式オープンデータから取り込んだ候補です。詳細は公式情報・電話・見学で確認してください。,https://tsuduri.jp,鳥取県米子市長砂町875番地,0859-33-7005,厚生労働省オープンデータ,https://www.mhlw.go.jp/content/12300000/jigyosho_331.csv,2025-12末,https://www.google.com/search?q=%E4%BB%8B%E8%AD%B7%E8%80%81%E4%BA%BA%E3%83%9B%E3%83%BC%E3%83%A0%E9%95%B7%E7%A0%82%E3%81%AE%E3%81%8B%E3%81%9C%E4%BB%98%E6%9C%89%E6%96%99%20%E7%B1%B3%E5%AD%90%E5%B8%82
介護付き有料老人ホーム睦月,介護付き有料老人ホーム,鳥取県,米子市,"介護,介護付き有料老人ホーム,入所",介護付き有料老人ホームの公式オープンデータから取り込んだ候補です。詳細は公式情報・電話・見学で確認してください。,https://noblelife.co.jp/,鳥取県米子市淀江町1282-1,0859-56-5488,厚生労働省オープンデータ,https://www.mhlw.go.jp/content/12300000/jigyosho_331.csv,2025-12末,https://www.google.com/search?q=%E4%BB%8B%E8%AD%B7%E4%BB%98%E3%81%8D%E6%9C%89%E6%96%99%E8%80%81%E4%BA%BA%E3%83%9B%E3%83%BC%E3%83%A0%E7%9D%A6%E6%9C%88%20%E7%B1%B3%E5%AD%90%E5%B8%82
介護付有料老人ホーム　カルム皆生,介護付き有料老人ホーム,鳥取県,米子市,"介護,介護付き有料老人ホーム,入所",介護付き有料老人ホームの公式オープンデータから取り込んだ候補です。詳細は公式情報・電話・見学で確認してください。,https://calmekaigo.jp/kaike/,鳥取県米子市皆生温泉2丁目13-39,0859-33-0551,厚生労働省オープンデータ,https://www.mhlw.go.jp/content/12300000/jigyosho_331.csv,2025-12末,https://www.google.com/search?q=%E4%BB%8B%E8%AD%B7%E4%BB%98%E6%9C%89%E6%96%99%E8%80%81%E4%BA%BA%E3%83%9B%E3%83%BC%E3%83%A0%E3%80%80%E3%82%AB%E3%83%AB%E3%83%A0%E7%9A%86%E7%94%9F%20%E7%B1%B3%E5%AD%90%E5%B8%82
ゆうゆう壱番館よなご,介護付き有料老人ホーム,鳥取県,米子市,"介護,介護付き有料老人ホーム,入所",介護付き有料老人ホームの公式オープンデータから取り込んだ候補です。詳細は公式情報・電話・見学で確認してください。,http://www.yuyu-yonago.co.jp,鳥取県米子市皆生2丁目13番13号,0859-38-5500,厚生労働省オープンデータ,https://www.mhlw.go.jp/content/12300000/jigyosho_331.csv,2025-12末,https://www.google.com/search?q=%E3%82%86%E3%81%86%E3%82%86%E3%81%86%E5%A3%B1%E7%95%AA%E9%A4%A8%E3%82%88%E3%81%AA%E3%81%94%20%E7%B1%B3%E5%AD%90%E5%B8%82
有料老人ホーム　高砂苑,介護付き有料老人ホーム,鳥取県,米子市,"介護,介護付き有料老人ホーム,入所",介護付き有料老人ホームの公式オープンデータから取り込んだ候補です。詳細は公式情報・電話・見学で確認してください。,http://www.hapine.com,鳥取県米子市彦名町２０７８,0859-30-0830,厚生労働省オープンデータ,https://www.mhlw.go.jp/content/12300000/jigyosho_331.csv,2025-12末,https://www.google.com/search?q=%E6%9C%89%E6%96%99%E8%80%81%E4%BA%BA%E3%83%9B%E3%83%BC%E3%83%A0%E3%80%80%E9%AB%98%E7%A0%82%E8%8B%91%20%E7%B1%B3%E5%AD%90%E5%B8%82
いきいきシニアステージ旗ヶ崎,介護付き有料老人ホーム,鳥取県,米子市,"介護,介護付き有料老人ホーム,入所",介護付き有料老人ホームの公式オープンデータから取り込んだ候補です。詳細は公式情報・電話・見学で確認してください。,http://www.medicalcare.jp/,鳥取県米子市旗ヶ崎2丁目18番28号いきいきシニアステージ旗ヶ崎,0859-37-2622,厚生労働省オープンデータ,https://www.mhlw.go.jp/content/12300000/jigyosho_331.csv,2025-12末,https://www.google.com/search?q=%E3%81%84%E3%81%8D%E3%81%84%E3%81%8D%E3%82%B7%E3%83%8B%E3%82%A2%E3%82%B9%E3%83%86%E3%83%BC%E3%82%B8%E6%97%97%E3%83%B6%E5%B4%8E%20%E7%B1%B3%E5%AD%90%E5%B8%82
特定施設入居者生活介護事業所　いずみの苑,介護付き有料老人ホーム,鳥取県,米子市,"介護,介護付き有料老人ホーム,入所",介護付き有料老人ホームの公式オープンデータから取り込んだ候補です。詳細は公式情報・電話・見学で確認してください。,https://www.izuminosono.or.jp,鳥取県米子市淀江町淀江1075番地,0859-56-1788,厚生労働省オープンデータ,https://www.mhlw.go.jp/content/12300000/jigyosho_331.csv,2025-12末,https://www.google.com/search?q=%E7%89%B9%E5%AE%9A%E6%96%BD%E8%A8%AD%E5%85%A5%E5%B1%85%E8%80%85%E7%94%9F%E6%B4%BB%E4%BB%8B%E8%AD%B7%E4%BA%8B%E6%A5%AD%E6%89%80%E3%80%80%E3%81%84%E3%81%9A%E3%81%BF%E3%81%AE%E8%8B%91%20%E7%B1%B3%E5%AD%90%E5%B8%82
ケアハウス・特定施設入居者生活介護新いなば幸朋苑,軽費老人ホーム,鳥取県,鳥取市,"介護,軽費老人ホーム",軽費老人ホームの公式オープンデータから取り込んだ候補です。詳細は公式情報・電話・見学で確認してください。,https://www.kohoen.jp/,鳥取県鳥取市浜坂222-1,0857-39-8665,厚生労働省オープンデータ,https://www.mhlw.go.jp/content/12300000/jigyosho_332.csv,2025-12末,https://www.google.com/search?q=%E3%82%B1%E3%82%A2%E3%83%8F%E3%82%A6%E3%82%B9%E3%83%BB%E7%89%B9%E5%AE%9A%E6%96%BD%E8%A8%AD%E5%85%A5%E5%B1%85%E8%80%85%E7%94%9F%E6%B4%BB%E4%BB%8B%E8%AD%B7%E6%96%B0%E3%81%84%E3%81%AA%E3%81%B0%E5%B9%B8%E6%9C%8B%E8%8B%91%20%E9%B3%A5%E5%8F%96%E5%B8%82
特定施設入居者生活介護事業所　なんぶ幸朋苑,軽費老人ホーム,鳥取県,米子市,"介護,軽費老人ホーム",軽費老人ホームの公式オープンデータから取り込んだ候補です。詳細は公式情報・電話・見学で確認してください。,http://www.kohoen.jp,鳥取県米子市石井1238番地,0859-26-5566,厚生労働省オープンデータ,https://www.mhlw.go.jp/content/12300000/jigyosho_332.csv,2025-12末,https://www.google.com/search?q=%E7%89%B9%E5%AE%9A%E6%96%BD%E8%A8%AD%E5%85%A5%E5%B1%85%E8%80%85%E7%94%9F%E6%B4%BB%E4%BB%8B%E8%AD%B7%E4%BA%8B%E6%A5%AD%E6%89%80%E3%80%80%E3%81%AA%E3%82%93%E3%81%B6%E5%B9%B8%E6%9C%8B%E8%8B%91%20%E7%B1%B3%E5%AD%90%E5%B8%82
特定施設入居者生活介護事業所　さかい幸朋苑,軽費老人ホーム,鳥取県,境港市,"介護,軽費老人ホーム",軽費老人ホームの公式オープンデータから取り込んだ候補です。詳細は公式情報・電話・見学で確認してください。,http://www.kohoen.jp,鳥取県境港市誠道町2082番地,0859-45-6782,厚生労働省オープンデータ,https://www.mhlw.go.jp/content/12300000/jigyosho_332.csv,2025-12末,https://www.google.com/search?q=%E7%89%B9%E5%AE%9A%E6%96%BD%E8%A8%AD%E5%85%A5%E5%B1%85%E8%80%85%E7%94%9F%E6%B4%BB%E4%BB%8B%E8%AD%B7%E4%BA%8B%E6%A5%AD%E6%89%80%E3%80%80%E3%81%95%E3%81%8B%E3%81%84%E5%B9%B8%E6%9C%8B%E8%8B%91%20%E5%A2%83%E6%B8%AF%E5%B8%82
ケアハウス大山のふもと,軽費老人ホーム,鳥取県,伯耆町,"介護,軽費老人ホーム",軽費老人ホームの公式オープンデータから取り込んだ候補です。詳細は公式情報・電話・見学で確認してください。,https://daisen-fumoto.com/,鳥取県西伯郡伯耆町大原1013番11,0859-68-6800,厚生労働省オープンデータ,https://www.mhlw.go.jp/content/12300000/jigyosho_332.csv,2025-12末,https://www.google.com/search?q=%E3%82%B1%E3%82%A2%E3%83%8F%E3%82%A6%E3%82%B9%E5%A4%A7%E5%B1%B1%E3%81%AE%E3%81%B5%E3%82%82%E3%81%A8%20%E4%BC%AF%E8%80%86%E7%94%BA
オパール特定施設入居者生活介護事業所,サービス付き高齢者向け住宅,鳥取県,鳥取市,"介護,サービス付き高齢者向け住宅,入所",サービス付き高齢者向け住宅の公式オープンデータから取り込んだ候補です。詳細は公式情報・電話・見学で確認してください。,http://www.t-fukushi.co.jp,鳥取県鳥取市雲山４７５番地,0857-25-5240,厚生労働省オープンデータ,https://www.mhlw.go.jp/content/12300000/jigyosho_334.csv,2025-12末,https://www.google.com/search?q=%E3%82%AA%E3%83%91%E3%83%BC%E3%83%AB%E7%89%B9%E5%AE%9A%E6%96%BD%E8%A8%AD%E5%85%A5%E5%B1%85%E8%80%85%E7%94%9F%E6%B4%BB%E4%BB%8B%E8%AD%B7%E4%BA%8B%E6%A5%AD%E6%89%80%20%E9%B3%A5%E5%8F%96%E5%B8%82
ともいきの杜樗谿,サービス付き高齢者向け住宅,鳥取県,鳥取市,"介護,サービス付き高齢者向け住宅,入所",サービス付き高齢者向け住宅の公式オープンデータから取り込んだ候補です。詳細は公式情報・電話・見学で確認してください。,https://nkc-tomoiki.com/,鳥取県鳥取市上町19-1,0857-20-1235,厚生労働省オープンデータ,https://www.mhlw.go.jp/content/12300000/jigyosho_334.csv,2025-12末,https://www.google.com/search?q=%E3%81%A8%E3%82%82%E3%81%84%E3%81%8D%E3%81%AE%E6%9D%9C%E6%A8%97%E8%B0%BF%20%E9%B3%A5%E5%8F%96%E5%B8%82
特定施設入居者生活介護事業所アザレアコートこうほうえん,サービス付き高齢者向け住宅,鳥取県,米子市,"介護,サービス付き高齢者向け住宅,入所",サービス付き高齢者向け住宅の公式オープンデータから取り込んだ候補です。詳細は公式情報・電話・見学で確認してください。,http://www.kohoen.jp/,鳥取県米子市両三柳1400番地,0859-24-3151,厚生労働省オープンデータ,https://www.mhlw.go.jp/content/12300000/jigyosho_334.csv,2025-12末,https://www.google.com/search?q=%E7%89%B9%E5%AE%9A%E6%96%BD%E8%A8%AD%E5%85%A5%E5%B1%85%E8%80%85%E7%94%9F%E6%B4%BB%E4%BB%8B%E8%AD%B7%E4%BA%8B%E6%A5%AD%E6%89%80%E3%82%A2%E3%82%B6%E3%83%AC%E3%82%A2%E3%82%B3%E3%83%BC%E3%83%88%E3%81%93%E3%81%86%E3%81%BB%E3%81%86%E3%81%88%E3%82%93%20%E7%B1%B3%E5%AD%90%E5%B8%82
有料老人ホームきらめき館　［本館］,地域密着型有料老人ホーム,鳥取県,鳥取市,"介護,地域密着型有料老人ホーム,入所",地域密着型有料老人ホームの公式オープンデータから取り込んだ候補です。詳細は公式情報・電話・見学で確認してください。,https://www.kiramekikan.com,鳥取市覚寺61-2,0857-30-7608,厚生労働省オープンデータ,https://www.mhlw.go.jp/content/12300000/jigyosho_361.csv,2025-12末,https://www.google.com/search?q=%E6%9C%89%E6%96%99%E8%80%81%E4%BA%BA%E3%83%9B%E3%83%BC%E3%83%A0%E3%81%8D%E3%82%89%E3%82%81%E3%81%8D%E9%A4%A8%E3%80%80%EF%BC%BB%E6%9C%AC%E9%A4%A8%EF%BC%BD%20%E9%B3%A5%E5%8F%96%E5%B8%82
吉方温泉友和苑,地域密着型有料老人ホーム,鳥取県,鳥取市,"介護,地域密着型有料老人ホーム,入所",地域密着型有料老人ホームの公式オープンデータから取り込んだ候補です。詳細は公式情報・電話・見学で確認してください。,https://www.google.com/search?q=%E5%90%89%E6%96%B9%E6%B8%A9%E6%B3%89%E5%8F%8B%E5%92%8C%E8%8B%91%20%E9%B3%A5%E5%8F%96%E5%B8%82,鳥取県鳥取市吉方温泉2丁目502番地,0857-24-6521,厚生労働省オープンデータ,https://www.mhlw.go.jp/content/12300000/jigyosho_361.csv,2025-12末,https://www.google.com/search?q=%E5%90%89%E6%96%B9%E6%B8%A9%E6%B3%89%E5%8F%8B%E5%92%8C%E8%8B%91%20%E9%B3%A5%E5%8F%96%E5%B8%82
さとにメディケアホームいろり,地域密着型有料老人ホーム,鳥取県,鳥取市,"介護,地域密着型有料老人ホーム,入所",地域密着型有料老人ホームの公式オープンデータから取り込んだ候補です。詳細は公式情報・電話・見学で確認してください。,http://www.satoni-denen-clinic.jp/,鳥取県鳥取市里仁54番地2,0857-54-1830,厚生労働省オープンデータ,https://www.mhlw.go.jp/content/12300000/jigyosho_361.csv,2025-12末,https://www.google.com/search?q=%E3%81%95%E3%81%A8%E3%81%AB%E3%83%A1%E3%83%87%E3%82%A3%E3%82%B1%E3%82%A2%E3%83%9B%E3%83%BC%E3%83%A0%E3%81%84%E3%82%8D%E3%82%8A%20%E9%B3%A5%E5%8F%96%E5%B8%82
介護付き有料老人ホーム如月,地域密着型有料老人ホーム,鳥取県,米子市,"介護,地域密着型有料老人ホーム,入所",地域密着型有料老人ホームの公式オープンデータから取り込んだ候補です。詳細は公式情報・電話・見学で確認してください。,https://noblelife.co.jp/,鳥取県米子市淀江町佐陀2087,0859-56-5500,厚生労働省オープンデータ,https://www.mhlw.go.jp/content/12300000/jigyosho_361.csv,2025-12末,https://www.google.com/search?q=%E4%BB%8B%E8%AD%B7%E4%BB%98%E3%81%8D%E6%9C%89%E6%96%99%E8%80%81%E4%BA%BA%E3%83%9B%E3%83%BC%E3%83%A0%E5%A6%82%E6%9C%88%20%E7%B1%B3%E5%AD%90%E5%B8%82
地域密着型特定施設入居者生活介護　境港すずかけの樹,地域密着型有料老人ホーム,鳥取県,境港市,"介護,地域密着型有料老人ホーム,入所",地域密着型有料老人ホームの公式オープンデータから取り込んだ候補です。詳細は公式情報・電話・見学で確認してください。,http://yonago.matsuets.com,鳥取県境港市清水町761番地1,0859-30-2121,厚生労働省オープンデータ,https://www.mhlw.go.jp/content/12300000/jigyosho_361.csv,2025-12末,https://www.google.com/search?q=%E5%9C%B0%E5%9F%9F%E5%AF%86%E7%9D%80%E5%9E%8B%E7%89%B9%E5%AE%9A%E6%96%BD%E8%A8%AD%E5%85%A5%E5%B1%85%E8%80%85%E7%94%9F%E6%B4%BB%E4%BB%8B%E8%AD%B7%E3%80%80%E5%A2%83%E6%B8%AF%E3%81%99%E3%81%9A%E3%81%8B%E3%81%91%E3%81%AE%E6%A8%B9%20%E5%A2%83%E6%B8%AF%E5%B8%82
介護付有料老人ホームすわの郷,地域密着型有料老人ホーム,鳥取県,智頭町,"介護,地域密着型有料老人ホーム,入所",地域密着型有料老人ホームの公式オープンデータから取り込んだ候補です。詳細は公式情報・電話・見学で確認してください。,http://www.japan-caresupport.com/outline.html,鳥取県八頭郡智頭町三田977番地20,0858-71-0268,厚生労働省オープンデータ,https://www.mhlw.go.jp/content/12300000/jigyosho_361.csv,2025-12末,https://www.google.com/search?q=%E4%BB%8B%E8%AD%B7%E4%BB%98%E6%9C%89%E6%96%99%E8%80%81%E4%BA%BA%E3%83%9B%E3%83%BC%E3%83%A0%E3%81%99%E3%82%8F%E3%81%AE%E9%83%B7%20%E6%99%BA%E9%A0%AD%E7%94%BA
地域密着型特定施設入居者生活介護新いなば幸朋苑,地域密着型軽費老人ホーム,鳥取県,鳥取市,"介護,地域密着型軽費老人ホーム",地域密着型軽費老人ホームの公式オープンデータから取り込んだ候補です。詳細は公式情報・電話・見学で確認してください。,https://www.kohoen.jp/,鳥取県鳥取市浜坂222番地1,0857-39-8665,厚生労働省オープンデータ,https://www.mhlw.go.jp/content/12300000/jigyosho_362.csv,2025-12末,https://www.google.com/search?q=%E5%9C%B0%E5%9F%9F%E5%AF%86%E7%9D%80%E5%9E%8B%E7%89%B9%E5%AE%9A%E6%96%BD%E8%A8%AD%E5%85%A5%E5%B1%85%E8%80%85%E7%94%9F%E6%B4%BB%E4%BB%8B%E8%AD%B7%E6%96%B0%E3%81%84%E3%81%AA%E3%81%B0%E5%B9%B8%E6%9C%8B%E8%8B%91%20%E9%B3%A5%E5%8F%96%E5%B8%82
ケアハウスぬくもり,地域密着型軽費老人ホーム,鳥取県,八頭町,"介護,地域密着型軽費老人ホーム",地域密着型軽費老人ホームの公式オープンデータから取り込んだ候補です。詳細は公式情報・電話・見学で確認してください。,https://resi-bu.jp/ch_nukumori,鳥取県八頭郡八頭町郡家612番地1,0858-73-0131,厚生労働省オープンデータ,https://www.mhlw.go.jp/content/12300000/jigyosho_362.csv,2025-12末,https://www.google.com/search?q=%E3%82%B1%E3%82%A2%E3%83%8F%E3%82%A6%E3%82%B9%E3%81%AC%E3%81%8F%E3%82%82%E3%82%8A%20%E5%85%AB%E9%A0%AD%E7%94%BA
サービス付き高齢者向け住宅まちなか,地域密着型サービス付き高齢者向け住宅,鳥取県,米子市,"介護,地域密着型サービス付き高齢者向け住宅,入所",地域密着型サービス付き高齢者向け住宅の公式オープンデータから取り込んだ候補です。詳細は公式情報・電話・見学で確認してください。,http://yonago‐machinaka.net,鳥取県米子市紺屋町31-3,0859304111,厚生労働省オープンデータ,https://www.mhlw.go.jp/content/12300000/jigyosho_364.csv,2025-12末,https://www.google.com/search?q=%E3%82%B5%E3%83%BC%E3%83%93%E3%82%B9%E4%BB%98%E3%81%8D%E9%AB%98%E9%BD%A2%E8%80%85%E5%90%91%E3%81%91%E4%BD%8F%E5%AE%85%E3%81%BE%E3%81%A1%E3%81%AA%E3%81%8B%20%E7%B1%B3%E5%AD%90%E5%B8%82
医療法人　橋本外科医院,ケアマネジャー・居宅介護支援,鳥取県,鳥取市,"介護,ケアマネジャー・居宅介護支援,相談",介護サービスの計画作成や事業所調整を行う相談先です。退院後の生活準備で重要です。,kyotaku@hashimotogeka.link,鳥取県鳥取市大杙２０４－３,0857-29-1281,厚生労働省オープンデータ,https://www.mhlw.go.jp/content/12300000/jigyosho_430.csv,2025-12末,https://www.google.com/search?q=%E5%8C%BB%E7%99%82%E6%B3%95%E4%BA%BA%E3%80%80%E6%A9%8B%E6%9C%AC%E5%A4%96%E7%A7%91%E5%8C%BB%E9%99%A2%20%E9%B3%A5%E5%8F%96%E5%B8%82
株式会社メディコープとっとり鹿野居宅介護支援事業所,ケアマネジャー・居宅介護支援,鳥取県,鳥取市,"介護,ケアマネジャー・居宅介護支援,相談",介護サービスの計画作成や事業所調整を行う相談先です。退院後の生活準備で重要です。,http://mcp.mcoop-tottori.jp/,鳥取市鹿野町今市242鹿野温泉病院内,0857-84-2311,厚生労働省オープンデータ,https://www.mhlw.go.jp/content/12300000/jigyosho_430.csv,2025-12末,https://www.google.com/search?q=%E6%A0%AA%E5%BC%8F%E4%BC%9A%E7%A4%BE%E3%83%A1%E3%83%87%E3%82%A3%E3%82%B3%E3%83%BC%E3%83%97%E3%81%A8%E3%81%A3%E3%81%A8%E3%82%8A%E9%B9%BF%E9%87%8E%E5%B1%85%E5%AE%85%E4%BB%8B%E8%AD%B7%E6%94%AF%E6%8F%B4%E4%BA%8B%E6%A5%AD%E6%89%80%20%E9%B3%A5%E5%8F%96%E5%B8%82
株式会社メディコープとっとり居宅介護支援事業所,ケアマネジャー・居宅介護支援,鳥取県,鳥取市,"介護,ケアマネジャー・居宅介護支援,相談",介護サービスの計画作成や事業所調整を行う相談先です。退院後の生活準備で重要です。,http://mcp.mcoop-tottori.jp/services/kyotaku-mcp.html,鳥取県鳥取市末広温泉町203番地レインボーセンター4Ｆ,0857-30-0126,厚生労働省オープンデータ,https://www.mhlw.go.jp/content/12300000/jigyosho_430.csv,2025-12末,https://www.google.com/search?q=%E6%A0%AA%E5%BC%8F%E4%BC%9A%E7%A4%BE%E3%83%A1%E3%83%87%E3%82%A3%E3%82%B3%E3%83%BC%E3%83%97%E3%81%A8%E3%81%A3%E3%81%A8%E3%82%8A%E5%B1%85%E5%AE%85%E4%BB%8B%E8%AD%B7%E6%94%AF%E6%8F%B4%E4%BA%8B%E6%A5%AD%E6%89%80%20%E9%B3%A5%E5%8F%96%E5%B8%82
居宅介護支援事業所　まさたみの郷,ケアマネジャー・居宅介護支援,鳥取県,鳥取市,"介護,ケアマネジャー・居宅介護支援,相談",介護サービスの計画作成や事業所調整を行う相談先です。退院後の生活準備で重要です。,https://www.google.com/search?q=%E5%B1%85%E5%AE%85%E4%BB%8B%E8%AD%B7%E6%94%AF%E6%8F%B4%E4%BA%8B%E6%A5%AD%E6%89%80%E3%80%80%E3%81%BE%E3%81%95%E3%81%9F%E3%81%BF%E3%81%AE%E9%83%B7%20%E9%B3%A5%E5%8F%96%E5%B8%82,鳥取県鳥取市杉崎596番地,0857－53－5352(,厚生労働省オープンデータ,https://www.mhlw.go.jp/content/12300000/jigyosho_430.csv,2025-12末,https://www.google.com/search?q=%E5%B1%85%E5%AE%85%E4%BB%8B%E8%AD%B7%E6%94%AF%E6%8F%B4%E4%BA%8B%E6%A5%AD%E6%89%80%E3%80%80%E3%81%BE%E3%81%95%E3%81%9F%E3%81%BF%E3%81%AE%E9%83%B7%20%E9%B3%A5%E5%8F%96%E5%B8%82
ケアプランセンターもみじ庵,ケアマネジャー・居宅介護支援,鳥取県,鳥取市,"介護,ケアマネジャー・居宅介護支援,相談",介護サービスの計画作成や事業所調整を行う相談先です。退院後の生活準備で重要です。,https://momijian.wixsite.com/momijian,鳥取県鳥取市美萩野一丁目70番地,0857-30-5855,厚生労働省オープンデータ,https://www.mhlw.go.jp/content/12300000/jigyosho_430.csv,2025-12末,https://www.google.com/search?q=%E3%82%B1%E3%82%A2%E3%83%97%E3%83%A9%E3%83%B3%E3%82%BB%E3%83%B3%E3%82%BF%E3%83%BC%E3%82%82%E3%81%BF%E3%81%98%E5%BA%B5%20%E9%B3%A5%E5%8F%96%E5%B8%82
居宅介護支援事業所ふたば,ケアマネジャー・居宅介護支援,鳥取県,鳥取市,"介護,ケアマネジャー・居宅介護支援,相談",介護サービスの計画作成や事業所調整を行う相談先です。退院後の生活準備で重要です。,https://www.google.com/search?q=%E5%B1%85%E5%AE%85%E4%BB%8B%E8%AD%B7%E6%94%AF%E6%8F%B4%E4%BA%8B%E6%A5%AD%E6%89%80%E3%81%B5%E3%81%9F%E3%81%B0%20%E9%B3%A5%E5%8F%96%E5%B8%82,鳥取県鳥取市国府町稲葉丘３丁目３０３,0857-23-1873,厚生労働省オープンデータ,https://www.mhlw.go.jp/content/12300000/jigyosho_430.csv,2025-12末,https://www.google.com/search?q=%E5%B1%85%E5%AE%85%E4%BB%8B%E8%AD%B7%E6%94%AF%E6%8F%B4%E4%BA%8B%E6%A5%AD%E6%89%80%E3%81%B5%E3%81%9F%E3%81%B0%20%E9%B3%A5%E5%8F%96%E5%B8%82
居宅介護支援センター暖の里,ケアマネジャー・居宅介護支援,鳥取県,鳥取市,"介護,ケアマネジャー・居宅介護支援,相談",介護サービスの計画作成や事業所調整を行う相談先です。退院後の生活準備で重要です。,http://www.dannosato.jp/,鳥取県鳥取市吉岡温泉町５２番地１,0857‐57‐0160,厚生労働省オープンデータ,https://www.mhlw.go.jp/content/12300000/jigyosho_430.csv,2025-12末,https://www.google.com/search?q=%E5%B1%85%E5%AE%85%E4%BB%8B%E8%AD%B7%E6%94%AF%E6%8F%B4%E3%82%BB%E3%83%B3%E3%82%BF%E3%83%BC%E6%9A%96%E3%81%AE%E9%87%8C%20%E9%B3%A5%E5%8F%96%E5%B8%82
居宅介護支援事業所かけはし,ケアマネジャー・居宅介護支援,鳥取県,鳥取市,"介護,ケアマネジャー・居宅介護支援,相談",介護サービスの計画作成や事業所調整を行う相談先です。退院後の生活準備で重要です。,https://you-plus.jp/,鳥取県鳥取市大杙208-1,0857-50-1596,厚生労働省オープンデータ,https://www.mhlw.go.jp/content/12300000/jigyosho_430.csv,2025-12末,https://www.google.com/search?q=%E5%B1%85%E5%AE%85%E4%BB%8B%E8%AD%B7%E6%94%AF%E6%8F%B4%E4%BA%8B%E6%A5%AD%E6%89%80%E3%81%8B%E3%81%91%E3%81%AF%E3%81%97%20%E9%B3%A5%E5%8F%96%E5%B8%82
静和会居宅介護支援事業所,ケアマネジャー・居宅介護支援,鳥取県,鳥取市,"介護,ケアマネジャー・居宅介護支援,相談",介護サービスの計画作成や事業所調整を行う相談先です。退院後の生活準備で重要です。,https://www.google.com/search?q=%E9%9D%99%E5%92%8C%E4%BC%9A%E5%B1%85%E5%AE%85%E4%BB%8B%E8%AD%B7%E6%94%AF%E6%8F%B4%E4%BA%8B%E6%A5%AD%E6%89%80%20%E9%B3%A5%E5%8F%96%E5%B8%82,鳥取県鳥取市千代水4丁目43番地,090-8727-1883,厚生労働省オープンデータ,https://www.mhlw.go.jp/content/12300000/jigyosho_430.csv,2025-12末,https://www.google.com/search?q=%E9%9D%99%E5%92%8C%E4%BC%9A%E5%B1%85%E5%AE%85%E4%BB%8B%E8%AD%B7%E6%94%AF%E6%8F%B4%E4%BA%8B%E6%A5%AD%E6%89%80%20%E9%B3%A5%E5%8F%96%E5%B8%82
居宅介護支援事業所　ナースくる,ケアマネジャー・居宅介護支援,鳥取県,鳥取市,"介護,ケアマネジャー・居宅介護支援,相談",介護サービスの計画作成や事業所調整を行う相談先です。退院後の生活準備で重要です。,https://t-bang.jp/,鳥取県鳥取市大覚寺150-87,０８５７－３０－５７７３,厚生労働省オープンデータ,https://www.mhlw.go.jp/content/12300000/jigyosho_430.csv,2025-12末,https://www.google.com/search?q=%E5%B1%85%E5%AE%85%E4%BB%8B%E8%AD%B7%E6%94%AF%E6%8F%B4%E4%BA%8B%E6%A5%AD%E6%89%80%E3%80%80%E3%83%8A%E3%83%BC%E3%82%B9%E3%81%8F%E3%82%8B%20%E9%B3%A5%E5%8F%96%E5%B8%82
ニチイケアセンター鳥取駅南,ケアマネジャー・居宅介護支援,鳥取県,鳥取市,"介護,ケアマネジャー・居宅介護支援,相談",介護サービスの計画作成や事業所調整を行う相談先です。退院後の生活準備で重要です。,http://www.nichiigakkan.co.jp,鳥取県鳥取市的場2丁目86-1タウンアローズ86　102号室,0857-51-7067,厚生労働省オープンデータ,https://www.mhlw.go.jp/content/12300000/jigyosho_430.csv,2025-12末,https://www.google.com/search?q=%E3%83%8B%E3%83%81%E3%82%A4%E3%82%B1%E3%82%A2%E3%82%BB%E3%83%B3%E3%82%BF%E3%83%BC%E9%B3%A5%E5%8F%96%E9%A7%85%E5%8D%97%20%E9%B3%A5%E5%8F%96%E5%B8%82
ハピネ居宅介護支援センター雲山,ケアマネジャー・居宅介護支援,鳥取県,鳥取市,"介護,ケアマネジャー・居宅介護支援,相談",介護サービスの計画作成や事業所調整を行う相談先です。退院後の生活準備で重要です。,https://www.google.com/search?q=%E3%83%8F%E3%83%94%E3%83%8D%E5%B1%85%E5%AE%85%E4%BB%8B%E8%AD%B7%E6%94%AF%E6%8F%B4%E3%82%BB%E3%83%B3%E3%82%BF%E3%83%BC%E9%9B%B2%E5%B1%B1%20%E9%B3%A5%E5%8F%96%E5%B8%82,鳥取県鳥取市興南町１２４,0857-39-7505,厚生労働省オープンデータ,https://www.mhlw.go.jp/content/12300000/jigyosho_430.csv,2025-12末,https://www.google.com/search?q=%E3%83%8F%E3%83%94%E3%83%8D%E5%B1%85%E5%AE%85%E4%BB%8B%E8%AD%B7%E6%94%AF%E6%8F%B4%E3%82%BB%E3%83%B3%E3%82%BF%E3%83%BC%E9%9B%B2%E5%B1%B1%20%E9%B3%A5%E5%8F%96%E5%B8%82
ライフプランきずな,ケアマネジャー・居宅介護支援,鳥取県,鳥取市,"介護,ケアマネジャー・居宅介護支援,相談",介護サービスの計画作成や事業所調整を行う相談先です。退院後の生活準備で重要です。,https://kizuna123.co.jp/,鳥取県鳥取市興南町１１３番地２自然堂第一ビル（２階）,0857-30-2181,厚生労働省オープンデータ,https://www.mhlw.go.jp/content/12300000/jigyosho_430.csv,2025-12末,https://www.google.com/search?q=%E3%83%A9%E3%82%A4%E3%83%95%E3%83%97%E3%83%A9%E3%83%B3%E3%81%8D%E3%81%9A%E3%81%AA%20%E9%B3%A5%E5%8F%96%E5%B8%82
居宅介護支援センター　ル・サンテリオン鹿野,ケアマネジャー・居宅介護支援,鳥取県,鳥取市,"介護,ケアマネジャー・居宅介護支援,相談",介護サービスの計画作成や事業所調整を行う相談先です。退院後の生活準備で重要です。,https://www.med-wel.jp/shikano,鳥取県鳥取市鹿野町今市８０番地,0857-84-3700,厚生労働省オープンデータ,https://www.mhlw.go.jp/content/12300000/jigyosho_430.csv,2025-12末,https://www.google.com/search?q=%E5%B1%85%E5%AE%85%E4%BB%8B%E8%AD%B7%E6%94%AF%E6%8F%B4%E3%82%BB%E3%83%B3%E3%82%BF%E3%83%BC%E3%80%80%E3%83%AB%E3%83%BB%E3%82%B5%E3%83%B3%E3%83%86%E3%83%AA%E3%82%AA%E3%83%B3%E9%B9%BF%E9%87%8E%20%E9%B3%A5%E5%8F%96%E5%B8%82
あすなろ西ケアプランセンター,ケアマネジャー・居宅介護支援,鳥取県,鳥取市,"介護,ケアマネジャー・居宅介護支援,相談",介護サービスの計画作成や事業所調整を行う相談先です。退院後の生活準備で重要です。,http://www.t-asunaro.or.jp/,鳥取県鳥取市松原２５３番地１,0857-54-6200,厚生労働省オープンデータ,https://www.mhlw.go.jp/content/12300000/jigyosho_430.csv,2025-12末,https://www.google.com/search?q=%E3%81%82%E3%81%99%E3%81%AA%E3%82%8D%E8%A5%BF%E3%82%B1%E3%82%A2%E3%83%97%E3%83%A9%E3%83%B3%E3%82%BB%E3%83%B3%E3%82%BF%E3%83%BC%20%E9%B3%A5%E5%8F%96%E5%B8%82
居宅介護支援事業所みやこ苑,ケアマネジャー・居宅介護支援,鳥取県,鳥取市,"介護,ケアマネジャー・居宅介護支援,相談",介護サービスの計画作成や事業所調整を行う相談先です。退院後の生活準備で重要です。,http://www.miyakoen.jp/,鳥取県鳥取市三津1072番地307,0857-38-3858,厚生労働省オープンデータ,https://www.mhlw.go.jp/content/12300000/jigyosho_430.csv,2025-12末,https://www.google.com/search?q=%E5%B1%85%E5%AE%85%E4%BB%8B%E8%AD%B7%E6%94%AF%E6%8F%B4%E4%BA%8B%E6%A5%AD%E6%89%80%E3%81%BF%E3%82%84%E3%81%93%E8%8B%91%20%E9%B3%A5%E5%8F%96%E5%B8%82
ケアプランセンターいなば幸朋苑,ケアマネジャー・居宅介護支援,鳥取県,鳥取市,"介護,ケアマネジャー・居宅介護支援,相談",介護サービスの計画作成や事業所調整を行う相談先です。退院後の生活準備で重要です。,http://www.kohoen.jp,鳥取県鳥取市浜坂228-1,090-4656-4043,厚生労働省オープンデータ,https://www.mhlw.go.jp/content/12300000/jigyosho_430.csv,2025-12末,https://www.google.com/search?q=%E3%82%B1%E3%82%A2%E3%83%97%E3%83%A9%E3%83%B3%E3%82%BB%E3%83%B3%E3%82%BF%E3%83%BC%E3%81%84%E3%81%AA%E3%81%B0%E5%B9%B8%E6%9C%8B%E8%8B%91%20%E9%B3%A5%E5%8F%96%E5%B8%82
鳥取市社協東部ケアマネセンター,ケアマネジャー・居宅介護支援,鳥取県,鳥取市,"介護,ケアマネジャー・居宅介護支援,相談",介護サービスの計画作成や事業所調整を行う相談先です。退院後の生活準備で重要です。,https://www.tottoricity-syakyo.or.jp,鳥取県鳥取市国府町糸谷15-1,0857-26-5180,厚生労働省オープンデータ,https://www.mhlw.go.jp/content/12300000/jigyosho_430.csv,2025-12末,https://www.google.com/search?q=%E9%B3%A5%E5%8F%96%E5%B8%82%E7%A4%BE%E5%8D%94%E6%9D%B1%E9%83%A8%E3%82%B1%E3%82%A2%E3%83%9E%E3%83%8D%E3%82%BB%E3%83%B3%E3%82%BF%E3%83%BC%20%E9%B3%A5%E5%8F%96%E5%B8%82
鳥取市社協南部ケアマネセンター,ケアマネジャー・居宅介護支援,鳥取県,鳥取市,"介護,ケアマネジャー・居宅介護支援,相談",介護サービスの計画作成や事業所調整を行う相談先です。退院後の生活準備で重要です。,https://www.tottoricity-syakyo.or.jp,鳥取県鳥取市用瀬町別府96番地2,0858-87-2302,厚生労働省オープンデータ,https://www.mhlw.go.jp/content/12300000/jigyosho_430.csv,2025-12末,https://www.google.com/search?q=%E9%B3%A5%E5%8F%96%E5%B8%82%E7%A4%BE%E5%8D%94%E5%8D%97%E9%83%A8%E3%82%B1%E3%82%A2%E3%83%9E%E3%83%8D%E3%82%BB%E3%83%B3%E3%82%BF%E3%83%BC%20%E9%B3%A5%E5%8F%96%E5%B8%82
鳥取市社協西部ケアマネセンター,ケアマネジャー・居宅介護支援,鳥取県,鳥取市,"介護,ケアマネジャー・居宅介護支援,相談",介護サービスの計画作成や事業所調整を行う相談先です。退院後の生活準備で重要です。,http://www.tottoricity-syakyo.or.jp,鳥取県鳥取市青谷町露谷53-5青谷町老人福祉センター,0857-85-0220,厚生労働省オープンデータ,https://www.mhlw.go.jp/content/12300000/jigyosho_430.csv,2025-12末,https://www.google.com/search?q=%E9%B3%A5%E5%8F%96%E5%B8%82%E7%A4%BE%E5%8D%94%E8%A5%BF%E9%83%A8%E3%82%B1%E3%82%A2%E3%83%9E%E3%83%8D%E3%82%BB%E3%83%B3%E3%82%BF%E3%83%BC%20%E9%B3%A5%E5%8F%96%E5%B8%82
居宅介護支援事業所　風紋館,ケアマネジャー・居宅介護支援,鳥取県,鳥取市,"介護,ケアマネジャー・居宅介護支援,相談",介護サービスの計画作成や事業所調整を行う相談先です。退院後の生活準備で重要です。,http://huumonkan.jp/,鳥取県鳥取市立川町5丁目312番地1,0857-36-8033,厚生労働省オープンデータ,https://www.mhlw.go.jp/content/12300000/jigyosho_430.csv,2025-12末,https://www.google.com/search?q=%E5%B1%85%E5%AE%85%E4%BB%8B%E8%AD%B7%E6%94%AF%E6%8F%B4%E4%BA%8B%E6%A5%AD%E6%89%80%E3%80%80%E9%A2%A8%E7%B4%8B%E9%A4%A8%20%E9%B3%A5%E5%8F%96%E5%B8%82
あすなろ東ケアプランセンター,ケアマネジャー・居宅介護支援,鳥取県,鳥取市,"介護,ケアマネジャー・居宅介護支援,相談",介護サービスの計画作成や事業所調整を行う相談先です。退院後の生活準備で重要です。,https://t-asunaro.jp/,鳥取県鳥取市的場１丁目１１鳥取市介護老人保健施設やすらぎ,0857-51-7566,厚生労働省オープンデータ,https://www.mhlw.go.jp/content/12300000/jigyosho_430.csv,2025-12末,https://www.google.com/search?q=%E3%81%82%E3%81%99%E3%81%AA%E3%82%8D%E6%9D%B1%E3%82%B1%E3%82%A2%E3%83%97%E3%83%A9%E3%83%B3%E3%82%BB%E3%83%B3%E3%82%BF%E3%83%BC%20%E9%B3%A5%E5%8F%96%E5%B8%82
居宅介護支援事業所　きゅうだい,ケアマネジャー・居宅介護支援,鳥取県,鳥取市,"介護,ケアマネジャー・居宅介護支援,相談",介護サービスの計画作成や事業所調整を行う相談先です。退院後の生活準備で重要です。,http://www.kyudai.co.jp,鳥取県鳥取市古海６９３番地１,0857-25-4302,厚生労働省オープンデータ,https://www.mhlw.go.jp/content/12300000/jigyosho_430.csv,2025-12末,https://www.google.com/search?q=%E5%B1%85%E5%AE%85%E4%BB%8B%E8%AD%B7%E6%94%AF%E6%8F%B4%E4%BA%8B%E6%A5%AD%E6%89%80%E3%80%80%E3%81%8D%E3%82%85%E3%81%86%E3%81%A0%E3%81%84%20%E9%B3%A5%E5%8F%96%E5%B8%82
なないろ居宅介護支援センター,ケアマネジャー・居宅介護支援,鳥取県,鳥取市,"介護,ケアマネジャー・居宅介護支援,相談",介護サービスの計画作成や事業所調整を行う相談先です。退院後の生活準備で重要です。,https://www.google.com/search?q=%E3%81%AA%E3%81%AA%E3%81%84%E3%82%8D%E5%B1%85%E5%AE%85%E4%BB%8B%E8%AD%B7%E6%94%AF%E6%8F%B4%E3%82%BB%E3%83%B3%E3%82%BF%E3%83%BC%20%E9%B3%A5%E5%8F%96%E5%B8%82,鳥取県鳥取市二階町二丁目219,0857-30-2313,厚生労働省オープンデータ,https://www.mhlw.go.jp/content/12300000/jigyosho_430.csv,2025-12末,https://www.google.com/search?q=%E3%81%AA%E3%81%AA%E3%81%84%E3%82%8D%E5%B1%85%E5%AE%85%E4%BB%8B%E8%AD%B7%E6%94%AF%E6%8F%B4%E3%82%BB%E3%83%B3%E3%82%BF%E3%83%BC%20%E9%B3%A5%E5%8F%96%E5%B8%82
居宅介護支援事業所あらいぶ,ケアマネジャー・居宅介護支援,鳥取県,鳥取市,"介護,ケアマネジャー・居宅介護支援,相談",介護サービスの計画作成や事業所調整を行う相談先です。退院後の生活準備で重要です。,https://advan-wakaba.com/,鳥取県鳥取市若葉台北６丁目１番９号,0857-38-6885,厚生労働省オープンデータ,https://www.mhlw.go.jp/content/12300000/jigyosho_430.csv,2025-12末,https://www.google.com/search?q=%E5%B1%85%E5%AE%85%E4%BB%8B%E8%AD%B7%E6%94%AF%E6%8F%B4%E4%BA%8B%E6%A5%AD%E6%89%80%E3%81%82%E3%82%89%E3%81%84%E3%81%B6%20%E9%B3%A5%E5%8F%96%E5%B8%82
居宅介護支援事業所つむぎ,ケアマネジャー・居宅介護支援,鳥取県,鳥取市,"介護,ケアマネジャー・居宅介護支援,相談",介護サービスの計画作成や事業所調整を行う相談先です。退院後の生活準備で重要です。,http://www.o-tsumugi.com,鳥取県鳥取市川端3丁目117,070-1509-2632,厚生労働省オープンデータ,https://www.mhlw.go.jp/content/12300000/jigyosho_430.csv,2025-12末,https://www.google.com/search?q=%E5%B1%85%E5%AE%85%E4%BB%8B%E8%AD%B7%E6%94%AF%E6%8F%B4%E4%BA%8B%E6%A5%AD%E6%89%80%E3%81%A4%E3%82%80%E3%81%8E%20%E9%B3%A5%E5%8F%96%E5%B8%82
さとに居宅介護支援事業所,ケアマネジャー・居宅介護支援,鳥取県,鳥取市,"介護,ケアマネジャー・居宅介護支援,相談",介護サービスの計画作成や事業所調整を行う相談先です。退院後の生活準備で重要です。,http://www.satoni-denen-clinic.jp/,鳥取県鳥取市里仁54番地2,0857-51-1005,厚生労働省オープンデータ,https://www.mhlw.go.jp/content/12300000/jigyosho_430.csv,2025-12末,https://www.google.com/search?q=%E3%81%95%E3%81%A8%E3%81%AB%E5%B1%85%E5%AE%85%E4%BB%8B%E8%AD%B7%E6%94%AF%E6%8F%B4%E4%BA%8B%E6%A5%AD%E6%89%80%20%E9%B3%A5%E5%8F%96%E5%B8%82
居宅介護支援事業所なりすな,ケアマネジャー・居宅介護支援,鳥取県,鳥取市,"介護,ケアマネジャー・居宅介護支援,相談",介護サービスの計画作成や事業所調整を行う相談先です。退院後の生活準備で重要です。,https://www.tottori-aofuku.jp/,鳥取県鳥取市青谷町青谷善田27番地１,0857-30-5751,厚生労働省オープンデータ,https://www.mhlw.go.jp/content/12300000/jigyosho_430.csv,2025-12末,https://www.google.com/search?q=%E5%B1%85%E5%AE%85%E4%BB%8B%E8%AD%B7%E6%94%AF%E6%8F%B4%E4%BA%8B%E6%A5%AD%E6%89%80%E3%81%AA%E3%82%8A%E3%81%99%E3%81%AA%20%E9%B3%A5%E5%8F%96%E5%B8%82
居宅介護支援事業所「まめ助」,ケアマネジャー・居宅介護支援,鳥取県,鳥取市,"介護,ケアマネジャー・居宅介護支援,相談",介護サービスの計画作成や事業所調整を行う相談先です。退院後の生活準備で重要です。,http://stationclinic.com,鳥取県鳥取市扇町176番地,0857-32-5068,厚生労働省オープンデータ,https://www.mhlw.go.jp/content/12300000/jigyosho_430.csv,2025-12末,https://www.google.com/search?q=%E5%B1%85%E5%AE%85%E4%BB%8B%E8%AD%B7%E6%94%AF%E6%8F%B4%E4%BA%8B%E6%A5%AD%E6%89%80%E3%80%8C%E3%81%BE%E3%82%81%E5%8A%A9%E3%80%8D%20%E9%B3%A5%E5%8F%96%E5%B8%82
鳥取県看護協会居宅介護支援事業所,ケアマネジャー・居宅介護支援,鳥取県,鳥取市,"介護,ケアマネジャー・居宅介護支援,相談",介護サービスの計画作成や事業所調整を行う相談先です。退院後の生活準備で重要です。,https://www.tottori-kangokyokai.or.jp,鳥取県鳥取市江津318番地1,0857-21-3322,厚生労働省オープンデータ,https://www.mhlw.go.jp/content/12300000/jigyosho_430.csv,2025-12末,https://www.google.com/search?q=%E9%B3%A5%E5%8F%96%E7%9C%8C%E7%9C%8B%E8%AD%B7%E5%8D%94%E4%BC%9A%E5%B1%85%E5%AE%85%E4%BB%8B%E8%AD%B7%E6%94%AF%E6%8F%B4%E4%BA%8B%E6%A5%AD%E6%89%80%20%E9%B3%A5%E5%8F%96%E5%B8%82
居宅介護支援センターくろーばー,ケアマネジャー・居宅介護支援,鳥取県,鳥取市,"介護,ケアマネジャー・居宅介護支援,相談",介護サービスの計画作成や事業所調整を行う相談先です。退院後の生活準備で重要です。,https://www.google.com/search?q=%E5%B1%85%E5%AE%85%E4%BB%8B%E8%AD%B7%E6%94%AF%E6%8F%B4%E3%82%BB%E3%83%B3%E3%82%BF%E3%83%BC%E3%81%8F%E3%82%8D%E3%83%BC%E3%81%B0%E3%83%BC%20%E9%B3%A5%E5%8F%96%E5%B8%82,鳥取県鳥取市賀露町北2丁目10-23,0857-50-1682,厚生労働省オープンデータ,https://www.mhlw.go.jp/content/12300000/jigyosho_430.csv,2025-12末,https://www.google.com/search?q=%E5%B1%85%E5%AE%85%E4%BB%8B%E8%AD%B7%E6%94%AF%E6%8F%B4%E3%82%BB%E3%83%B3%E3%82%BF%E3%83%BC%E3%81%8F%E3%82%8D%E3%83%BC%E3%81%B0%E3%83%BC%20%E9%B3%A5%E5%8F%96%E5%B8%82
鳥取高齢者介護支援センター　はまゆう,ケアマネジャー・居宅介護支援,鳥取県,鳥取市,"介護,ケアマネジャー・居宅介護支援,相談",介護サービスの計画作成や事業所調整を行う相談先です。退院後の生活準備で重要です。,http://www.hamayu.or.jp/,鳥取県鳥取市服部204-1,0857-51-7858,厚生労働省オープンデータ,https://www.mhlw.go.jp/content/12300000/jigyosho_430.csv,2025-12末,https://www.google.com/search?q=%E9%B3%A5%E5%8F%96%E9%AB%98%E9%BD%A2%E8%80%85%E4%BB%8B%E8%AD%B7%E6%94%AF%E6%8F%B4%E3%82%BB%E3%83%B3%E3%82%BF%E3%83%BC%E3%80%80%E3%81%AF%E3%81%BE%E3%82%86%E3%81%86%20%E9%B3%A5%E5%8F%96%E5%B8%82
鳥取福祉会居宅介護支援センター,ケアマネジャー・居宅介護支援,鳥取県,鳥取市,"介護,ケアマネジャー・居宅介護支援,相談",介護サービスの計画作成や事業所調整を行う相談先です。退院後の生活準備で重要です。,http://www.tottorifukushikai.jp,鳥取県鳥取市的場２丁目１番地,0857-53-6558,厚生労働省オープンデータ,https://www.mhlw.go.jp/content/12300000/jigyosho_430.csv,2025-12末,https://www.google.com/search?q=%E9%B3%A5%E5%8F%96%E7%A6%8F%E7%A5%89%E4%BC%9A%E5%B1%85%E5%AE%85%E4%BB%8B%E8%AD%B7%E6%94%AF%E6%8F%B4%E3%82%BB%E3%83%B3%E3%82%BF%E3%83%BC%20%E9%B3%A5%E5%8F%96%E5%B8%82
居宅介護支援事業所ひまわり鳥取,ケアマネジャー・居宅介護支援,鳥取県,鳥取市,"介護,ケアマネジャー・居宅介護支援,相談",介護サービスの計画作成や事業所調整を行う相談先です。退院後の生活準備で重要です。,http://www.siseikai.com/,鳥取県鳥取市桂木784番地,0857-53-7890,厚生労働省オープンデータ,https://www.mhlw.go.jp/content/12300000/jigyosho_430.csv,2025-12末,https://www.google.com/search?q=%E5%B1%85%E5%AE%85%E4%BB%8B%E8%AD%B7%E6%94%AF%E6%8F%B4%E4%BA%8B%E6%A5%AD%E6%89%80%E3%81%B2%E3%81%BE%E3%82%8F%E3%82%8A%E9%B3%A5%E5%8F%96%20%E9%B3%A5%E5%8F%96%E5%B8%82
ふしの白寿苑居宅介護支援事業所,ケアマネジャー・居宅介護支援,鳥取県,鳥取市,"介護,ケアマネジャー・居宅介護支援,相談",介護サービスの計画作成や事業所調整を行う相談先です。退院後の生活準備で重要です。,http://www.tottori-kousei.jp/,鳥取県鳥取市伏野1771-36,0857-59-0108,厚生労働省オープンデータ,https://www.mhlw.go.jp/content/12300000/jigyosho_430.csv,2025-12末,https://www.google.com/search?q=%E3%81%B5%E3%81%97%E3%81%AE%E7%99%BD%E5%AF%BF%E8%8B%91%E5%B1%85%E5%AE%85%E4%BB%8B%E8%AD%B7%E6%94%AF%E6%8F%B4%E4%BA%8B%E6%A5%AD%E6%89%80%20%E9%B3%A5%E5%8F%96%E5%B8%82
居宅介護支援事業所　さくら,ケアマネジャー・居宅介護支援,鳥取県,鳥取市,"介護,ケアマネジャー・居宅介護支援,相談",介護サービスの計画作成や事業所調整を行う相談先です。退院後の生活準備で重要です。,https://www.google.com/search?q=%E5%B1%85%E5%AE%85%E4%BB%8B%E8%AD%B7%E6%94%AF%E6%8F%B4%E4%BA%8B%E6%A5%AD%E6%89%80%E3%80%80%E3%81%95%E3%81%8F%E3%82%89%20%E9%B3%A5%E5%8F%96%E5%B8%82,鳥取県鳥取市西品治635-1,0857-50-0444,厚生労働省オープンデータ,https://www.mhlw.go.jp/content/12300000/jigyosho_430.csv,2025-12末,https://www.google.com/search?q=%E5%B1%85%E5%AE%85%E4%BB%8B%E8%AD%B7%E6%94%AF%E6%8F%B4%E4%BA%8B%E6%A5%AD%E6%89%80%E3%80%80%E3%81%95%E3%81%8F%E3%82%89%20%E9%B3%A5%E5%8F%96%E5%B8%82
ケアプランセンターすみれ,ケアマネジャー・居宅介護支援,鳥取県,米子市,"介護,ケアマネジャー・居宅介護支援,相談",介護サービスの計画作成や事業所調整を行う相談先です。退院後の生活準備で重要です。,https://www.google.com/search?q=%E3%82%B1%E3%82%A2%E3%83%97%E3%83%A9%E3%83%B3%E3%82%BB%E3%83%B3%E3%82%BF%E3%83%BC%E3%81%99%E3%81%BF%E3%82%8C%20%E7%B1%B3%E5%AD%90%E5%B8%82,鳥取県米子市錦町２丁目235番地,0859-37-3824,厚生労働省オープンデータ,https://www.mhlw.go.jp/content/12300000/jigyosho_430.csv,2025-12末,https://www.google.com/search?q=%E3%82%B1%E3%82%A2%E3%83%97%E3%83%A9%E3%83%B3%E3%82%BB%E3%83%B3%E3%82%BF%E3%83%BC%E3%81%99%E3%81%BF%E3%82%8C%20%E7%B1%B3%E5%AD%90%E5%B8%82
ケアプランセンター　健康塾,ケアマネジャー・居宅介護支援,鳥取県,米子市,"介護,ケアマネジャー・居宅介護支援,相談",介護サービスの計画作成や事業所調整を行う相談先です。退院後の生活準備で重要です。,https://www.google.com/search?q=%E3%82%B1%E3%82%A2%E3%83%97%E3%83%A9%E3%83%B3%E3%82%BB%E3%83%B3%E3%82%BF%E3%83%BC%E3%80%80%E5%81%A5%E5%BA%B7%E5%A1%BE%20%E7%B1%B3%E5%AD%90%E5%B8%82,鳥取県米子市上福原3丁目13-24,0859-31-7230,厚生労働省オープンデータ,https://www.mhlw.go.jp/content/12300000/jigyosho_430.csv,2025-12末,https://www.google.com/search?q=%E3%82%B1%E3%82%A2%E3%83%97%E3%83%A9%E3%83%B3%E3%82%BB%E3%83%B3%E3%82%BF%E3%83%BC%E3%80%80%E5%81%A5%E5%BA%B7%E5%A1%BE%20%E7%B1%B3%E5%AD%90%E5%B8%82
ケアプランきんたか,ケアマネジャー・居宅介護支援,鳥取県,米子市,"介護,ケアマネジャー・居宅介護支援,相談",介護サービスの計画作成や事業所調整を行う相談先です。退院後の生活準備で重要です。,https://www.google.com/search?q=%E3%82%B1%E3%82%A2%E3%83%97%E3%83%A9%E3%83%B3%E3%81%8D%E3%82%93%E3%81%9F%E3%81%8B%20%E7%B1%B3%E5%AD%90%E5%B8%82,鳥取県米子市淀江町西原1188-5,0859-21-1302,厚生労働省オープンデータ,https://www.mhlw.go.jp/content/12300000/jigyosho_430.csv,2025-12末,https://www.google.com/search?q=%E3%82%B1%E3%82%A2%E3%83%97%E3%83%A9%E3%83%B3%E3%81%8D%E3%82%93%E3%81%9F%E3%81%8B%20%E7%B1%B3%E5%AD%90%E5%B8%82
ニチイケアセンター米子,ケアマネジャー・居宅介護支援,鳥取県,米子市,"介護,ケアマネジャー・居宅介護支援,相談",介護サービスの計画作成や事業所調整を行う相談先です。退院後の生活準備で重要です。,www.nichiigakkan.co.jp,鳥取県米子市加茂町2-113　加茂町ビル２Ｆ,0859-37-6235,厚生労働省オープンデータ,https://www.mhlw.go.jp/content/12300000/jigyosho_430.csv,2025-12末,https://www.google.com/search?q=%E3%83%8B%E3%83%81%E3%82%A4%E3%82%B1%E3%82%A2%E3%82%BB%E3%83%B3%E3%82%BF%E3%83%BC%E7%B1%B3%E5%AD%90%20%E7%B1%B3%E5%AD%90%E5%B8%82
いきいき居宅介護支援事業所上後藤,ケアマネジャー・居宅介護支援,鳥取県,米子市,"介護,ケアマネジャー・居宅介護支援,相談",介護サービスの計画作成や事業所調整を行う相談先です。退院後の生活準備で重要です。,http://www.medicalcare.jp,鳥取県米子市上後藤４丁目１６番１号,０８５９－２１－５６１８,厚生労働省オープンデータ,https://www.mhlw.go.jp/content/12300000/jigyosho_430.csv,2025-12末,https://www.google.com/search?q=%E3%81%84%E3%81%8D%E3%81%84%E3%81%8D%E5%B1%85%E5%AE%85%E4%BB%8B%E8%AD%B7%E6%94%AF%E6%8F%B4%E4%BA%8B%E6%A5%AD%E6%89%80%E4%B8%8A%E5%BE%8C%E8%97%A4%20%E7%B1%B3%E5%AD%90%E5%B8%82
いきいき居宅介護支援事業所,ケアマネジャー・居宅介護支援,鳥取県,米子市,"介護,ケアマネジャー・居宅介護支援,相談",介護サービスの計画作成や事業所調整を行う相談先です。退院後の生活準備で重要です。,http//www.medicalcare.jp,鳥取県米子市灘町３丁目６５,0859-37-3010,厚生労働省オープンデータ,https://www.mhlw.go.jp/content/12300000/jigyosho_430.csv,2025-12末,https://www.google.com/search?q=%E3%81%84%E3%81%8D%E3%81%84%E3%81%8D%E5%B1%85%E5%AE%85%E4%BB%8B%E8%AD%B7%E6%94%AF%E6%8F%B4%E4%BA%8B%E6%A5%AD%E6%89%80%20%E7%B1%B3%E5%AD%90%E5%B8%82
ケアプランセンターつつじ,ケアマネジャー・居宅介護支援,鳥取県,米子市,"介護,ケアマネジャー・居宅介護支援,相談",介護サービスの計画作成や事業所調整を行う相談先です。退院後の生活準備で重要です。,http://www.nissyoukai.com/,鳥取県米子市米原６丁目９番２３号,0859-37-5220,厚生労働省オープンデータ,https://www.mhlw.go.jp/content/12300000/jigyosho_430.csv,2025-12末,https://www.google.com/search?q=%E3%82%B1%E3%82%A2%E3%83%97%E3%83%A9%E3%83%B3%E3%82%BB%E3%83%B3%E3%82%BF%E3%83%BC%E3%81%A4%E3%81%A4%E3%81%98%20%E7%B1%B3%E5%AD%90%E5%B8%82
ＣＯＯＰ医療生協居宅介護支援センター,ケアマネジャー・居宅介護支援,鳥取県,米子市,"介護,ケアマネジャー・居宅介護支援,相談",介護サービスの計画作成や事業所調整を行う相談先です。退院後の生活準備で重要です。,https://www.google.com/search?q=%EF%BC%A3%EF%BC%AF%EF%BC%AF%EF%BC%B0%E5%8C%BB%E7%99%82%E7%94%9F%E5%8D%94%E5%B1%85%E5%AE%85%E4%BB%8B%E8%AD%B7%E6%94%AF%E6%8F%B4%E3%82%BB%E3%83%B3%E3%82%BF%E3%83%BC%20%E7%B1%B3%E5%AD%90%E5%B8%82,鳥取県米子市博労町3丁目80ー１,0859-38-5333,厚生労働省オープンデータ,https://www.mhlw.go.jp/content/12300000/jigyosho_430.csv,2025-12末,https://www.google.com/search?q=%EF%BC%A3%EF%BC%AF%EF%BC%AF%EF%BC%B0%E5%8C%BB%E7%99%82%E7%94%9F%E5%8D%94%E5%B1%85%E5%AE%85%E4%BB%8B%E8%AD%B7%E6%94%AF%E6%8F%B4%E3%82%BB%E3%83%B3%E3%82%BF%E3%83%BC%20%E7%B1%B3%E5%AD%90%E5%B8%82
有限会社新生ケア・サービス居宅介護支援事業所,ケアマネジャー・居宅介護支援,鳥取県,米子市,"介護,ケアマネジャー・居宅介護支援,相談",介護サービスの計画作成や事業所調整を行う相談先です。退院後の生活準備で重要です。,https://www.shinsei-care-service.com/,鳥取県米子市熊党200-1,0859-27-1439,厚生労働省オープンデータ,https://www.mhlw.go.jp/content/12300000/jigyosho_430.csv,2025-12末,https://www.google.com/search?q=%E6%9C%89%E9%99%90%E4%BC%9A%E7%A4%BE%E6%96%B0%E7%94%9F%E3%82%B1%E3%82%A2%E3%83%BB%E3%82%B5%E3%83%BC%E3%83%93%E3%82%B9%E5%B1%85%E5%AE%85%E4%BB%8B%E8%AD%B7%E6%94%AF%E6%8F%B4%E4%BA%8B%E6%A5%AD%E6%89%80%20%E7%B1%B3%E5%AD%90%E5%B8%82
居宅介護支援事業所　博愛苑,ケアマネジャー・居宅介護支援,鳥取県,米子市,"介護,ケアマネジャー・居宅介護支援,相談",介護サービスの計画作成や事業所調整を行う相談先です。退院後の生活準備で重要です。,http://www.kyotaku＠hakuaien.net,鳥取県米子市一部555番地,0859-27-7733,厚生労働省オープンデータ,https://www.mhlw.go.jp/content/12300000/jigyosho_430.csv,2025-12末,https://www.google.com/search?q=%E5%B1%85%E5%AE%85%E4%BB%8B%E8%AD%B7%E6%94%AF%E6%8F%B4%E4%BA%8B%E6%A5%AD%E6%89%80%E3%80%80%E5%8D%9A%E6%84%9B%E8%8B%91%20%E7%B1%B3%E5%AD%90%E5%B8%82
白鳥ケアサービス居宅介護支援事業所,ケアマネジャー・居宅介護支援,鳥取県,米子市,"介護,ケアマネジャー・居宅介護支援,相談",介護サービスの計画作成や事業所調整を行う相談先です。退院後の生活準備で重要です。,http://www.hakuchou-care.jp,鳥取県米子市二本木538-1,0859-21-7552,厚生労働省オープンデータ,https://www.mhlw.go.jp/content/12300000/jigyosho_430.csv,2025-12末,https://www.google.com/search?q=%E7%99%BD%E9%B3%A5%E3%82%B1%E3%82%A2%E3%82%B5%E3%83%BC%E3%83%93%E3%82%B9%E5%B1%85%E5%AE%85%E4%BB%8B%E8%AD%B7%E6%94%AF%E6%8F%B4%E4%BA%8B%E6%A5%AD%E6%89%80%20%E7%B1%B3%E5%AD%90%E5%B8%82
ハピネ在宅介護支援センター,ケアマネジャー・居宅介護支援,鳥取県,米子市,"介護,ケアマネジャー・居宅介護支援,相談",介護サービスの計画作成や事業所調整を行う相談先です。退院後の生活準備で重要です。,http://www.hapine.com/,鳥取県米子市米原7丁目2-18,0859-31-2375,厚生労働省オープンデータ,https://www.mhlw.go.jp/content/12300000/jigyosho_430.csv,2025-12末,https://www.google.com/search?q=%E3%83%8F%E3%83%94%E3%83%8D%E5%9C%A8%E5%AE%85%E4%BB%8B%E8%AD%B7%E6%94%AF%E6%8F%B4%E3%82%BB%E3%83%B3%E3%82%BF%E3%83%BC%20%E7%B1%B3%E5%AD%90%E5%B8%82
指定居宅介護支援事業所　サービスプラン博愛,ケアマネジャー・居宅介護支援,鳥取県,米子市,"介護,ケアマネジャー・居宅介護支援,相談",介護サービスの計画作成や事業所調整を行う相談先です。退院後の生活準備で重要です。,https://hakuai.doaikai.jp/,鳥取県米子市両三柳1880番地博愛病院,0859-48-0366,厚生労働省オープンデータ,https://www.mhlw.go.jp/content/12300000/jigyosho_430.csv,2025-12末,https://www.google.com/search?q=%E6%8C%87%E5%AE%9A%E5%B1%85%E5%AE%85%E4%BB%8B%E8%AD%B7%E6%94%AF%E6%8F%B4%E4%BA%8B%E6%A5%AD%E6%89%80%E3%80%80%E3%82%B5%E3%83%BC%E3%83%93%E3%82%B9%E3%83%97%E3%83%A9%E3%83%B3%E5%8D%9A%E6%84%9B%20%E7%B1%B3%E5%AD%90%E5%B8%82
ケアプランセンターまちくら,ケアマネジャー・居宅介護支援,鳥取県,米子市,"介護,ケアマネジャー・居宅介護支援,相談",介護サービスの計画作成や事業所調整を行う相談先です。退院後の生活準備で重要です。,http://www.machikura.com,鳥取県米子市西倉吉町83番地3,0859-35-5647,厚生労働省オープンデータ,https://www.mhlw.go.jp/content/12300000/jigyosho_430.csv,2025-12末,https://www.google.com/search?q=%E3%82%B1%E3%82%A2%E3%83%97%E3%83%A9%E3%83%B3%E3%82%BB%E3%83%B3%E3%82%BF%E3%83%BC%E3%81%BE%E3%81%A1%E3%81%8F%E3%82%89%20%E7%B1%B3%E5%AD%90%E5%B8%82
居宅介護支援事業所　真誠会,ケアマネジャー・居宅介護支援,鳥取県,米子市,"介護,ケアマネジャー・居宅介護支援,相談",介護サービスの計画作成や事業所調整を行う相談先です。退院後の生活準備で重要です。,kyotaku.＠hospitown.or.jp,鳥取県米子市河崎580,0859-48-0300,厚生労働省オープンデータ,https://www.mhlw.go.jp/content/12300000/jigyosho_430.csv,2025-12末,https://www.google.com/search?q=%E5%B1%85%E5%AE%85%E4%BB%8B%E8%AD%B7%E6%94%AF%E6%8F%B4%E4%BA%8B%E6%A5%AD%E6%89%80%E3%80%80%E7%9C%9F%E8%AA%A0%E4%BC%9A%20%E7%B1%B3%E5%AD%90%E5%B8%82
ケアプランなかうみ,ケアマネジャー・居宅介護支援,鳥取県,米子市,"介護,ケアマネジャー・居宅介護支援,相談",介護サービスの計画作成や事業所調整を行う相談先です。退院後の生活準備で重要です。,http://www.chukai.or.jp,鳥取県米子市末広町311番地米子駅前ショッピングセンター4階,0859-23-6793,厚生労働省オープンデータ,https://www.mhlw.go.jp/content/12300000/jigyosho_430.csv,2025-12末,https://www.google.com/search?q=%E3%82%B1%E3%82%A2%E3%83%97%E3%83%A9%E3%83%B3%E3%81%AA%E3%81%8B%E3%81%86%E3%81%BF%20%E7%B1%B3%E5%AD%90%E5%B8%82
ケアプランセンターなんぶ幸朋苑,ケアマネジャー・居宅介護支援,鳥取県,米子市,"介護,ケアマネジャー・居宅介護支援,相談",介護サービスの計画作成や事業所調整を行う相談先です。退院後の生活準備で重要です。,http://www.kohoen.jp,鳥取県米子市石井1238番地,0859-26-5565,厚生労働省オープンデータ,https://www.mhlw.go.jp/content/12300000/jigyosho_430.csv,2025-12末,https://www.google.com/search?q=%E3%82%B1%E3%82%A2%E3%83%97%E3%83%A9%E3%83%B3%E3%82%BB%E3%83%B3%E3%82%BF%E3%83%BC%E3%81%AA%E3%82%93%E3%81%B6%E5%B9%B8%E6%9C%8B%E8%8B%91%20%E7%B1%B3%E5%AD%90%E5%B8%82
ケアプランセンター　かわさき,ケアマネジャー・居宅介護支援,鳥取県,米子市,"介護,ケアマネジャー・居宅介護支援,相談",介護サービスの計画作成や事業所調整を行う相談先です。退院後の生活準備で重要です。,http://www.kohoen.jp,鳥取県米子市上後藤3-3-3,0859-21-2370,厚生労働省オープンデータ,https://www.mhlw.go.jp/content/12300000/jigyosho_430.csv,2025-12末,https://www.google.com/search?q=%E3%82%B1%E3%82%A2%E3%83%97%E3%83%A9%E3%83%B3%E3%82%BB%E3%83%B3%E3%82%BF%E3%83%BC%E3%80%80%E3%81%8B%E3%82%8F%E3%81%95%E3%81%8D%20%E7%B1%B3%E5%AD%90%E5%B8%82
居宅介護支援センター仁風荘,ケアマネジャー・居宅介護支援,鳥取県,米子市,"介護,ケアマネジャー・居宅介護支援,相談",介護サービスの計画作成や事業所調整を行う相談先です。退院後の生活準備で重要です。,http://www.yowakai.com,鳥取県米子市上後藤３－５－１,0859-24-6511,厚生労働省オープンデータ,https://www.mhlw.go.jp/content/12300000/jigyosho_430.csv,2025-12末,https://www.google.com/search?q=%E5%B1%85%E5%AE%85%E4%BB%8B%E8%AD%B7%E6%94%AF%E6%8F%B4%E3%82%BB%E3%83%B3%E3%82%BF%E3%83%BC%E4%BB%81%E9%A2%A8%E8%8D%98%20%E7%B1%B3%E5%AD%90%E5%B8%82
ケアプランセンターおおしのづ,ケアマネジャー・居宅介護支援,鳥取県,米子市,"介護,ケアマネジャー・居宅介護支援,相談",介護サービスの計画作成や事業所調整を行う相談先です。退院後の生活準備で重要です。,http://carehome-tottori.com/,鳥取県米子市大篠津町506番地1,0859-21-5699,厚生労働省オープンデータ,https://www.mhlw.go.jp/content/12300000/jigyosho_430.csv,2025-12末,https://www.google.com/search?q=%E3%82%B1%E3%82%A2%E3%83%97%E3%83%A9%E3%83%B3%E3%82%BB%E3%83%B3%E3%82%BF%E3%83%BC%E3%81%8A%E3%81%8A%E3%81%97%E3%81%AE%E3%81%A5%20%E7%B1%B3%E5%AD%90%E5%B8%82
とみます医科・歯科クリニック居宅介護支援事業所,ケアマネジャー・居宅介護支援,鳥取県,米子市,"介護,ケアマネジャー・居宅介護支援,相談",介護サービスの計画作成や事業所調整を行う相談先です。退院後の生活準備で重要です。,www.tomimasugeka.org/,鳥取県米子市富益町3533番地2,0859-25-6600,厚生労働省オープンデータ,https://www.mhlw.go.jp/content/12300000/jigyosho_430.csv,2025-12末,https://www.google.com/search?q=%E3%81%A8%E3%81%BF%E3%81%BE%E3%81%99%E5%8C%BB%E7%A7%91%E3%83%BB%E6%AD%AF%E7%A7%91%E3%82%AF%E3%83%AA%E3%83%8B%E3%83%83%E3%82%AF%E5%B1%85%E5%AE%85%E4%BB%8B%E8%AD%B7%E6%94%AF%E6%8F%B4%E4%BA%8B%E6%A5%AD%E6%89%80%20%E7%B1%B3%E5%AD%90%E5%B8%82
まごころケアプランセンター,ケアマネジャー・居宅介護支援,鳥取県,米子市,"介護,ケアマネジャー・居宅介護支援,相談",介護サービスの計画作成や事業所調整を行う相談先です。退院後の生活準備で重要です。,https://www.google.com/search?q=%E3%81%BE%E3%81%94%E3%81%93%E3%82%8D%E3%82%B1%E3%82%A2%E3%83%97%E3%83%A9%E3%83%B3%E3%82%BB%E3%83%B3%E3%82%BF%E3%83%BC%20%E7%B1%B3%E5%AD%90%E5%B8%82,鳥取県米子市皆生新田1-7-41,0859-38-5565,厚生労働省オープンデータ,https://www.mhlw.go.jp/content/12300000/jigyosho_430.csv,2025-12末,https://www.google.com/search?q=%E3%81%BE%E3%81%94%E3%81%93%E3%82%8D%E3%82%B1%E3%82%A2%E3%83%97%E3%83%A9%E3%83%B3%E3%82%BB%E3%83%B3%E3%82%BF%E3%83%BC%20%E7%B1%B3%E5%AD%90%E5%B8%82
居宅介護支援センター　ル・サンテリオンよどえ,ケアマネジャー・居宅介護支援,鳥取県,米子市,"介護,ケアマネジャー・居宅介護支援,相談",介護サービスの計画作成や事業所調整を行う相談先です。退院後の生活準備で重要です。,http://www.jinkoukai.or.jp/yodoe/,鳥取県米子市淀江町佐陀２１６９,0859-56-5308,厚生労働省オープンデータ,https://www.mhlw.go.jp/content/12300000/jigyosho_430.csv,2025-12末,https://www.google.com/search?q=%E5%B1%85%E5%AE%85%E4%BB%8B%E8%AD%B7%E6%94%AF%E6%8F%B4%E3%82%BB%E3%83%B3%E3%82%BF%E3%83%BC%E3%80%80%E3%83%AB%E3%83%BB%E3%82%B5%E3%83%B3%E3%83%86%E3%83%AA%E3%82%AA%E3%83%B3%E3%82%88%E3%81%A9%E3%81%88%20%E7%B1%B3%E5%AD%90%E5%B8%82
エルルのケアプラン,ケアマネジャー・居宅介護支援,鳥取県,米子市,"介護,ケアマネジャー・居宅介護支援,相談",介護サービスの計画作成や事業所調整を行う相談先です。退院後の生活準備で重要です。,http://elfith.com,鳥取県米子市両三柳193-3,0859-21-5155,厚生労働省オープンデータ,https://www.mhlw.go.jp/content/12300000/jigyosho_430.csv,2025-12末,https://www.google.com/search?q=%E3%82%A8%E3%83%AB%E3%83%AB%E3%81%AE%E3%82%B1%E3%82%A2%E3%83%97%E3%83%A9%E3%83%B3%20%E7%B1%B3%E5%AD%90%E5%B8%82
ケアプランセンター　セントラルローズガーデン,ケアマネジャー・居宅介護支援,鳥取県,米子市,"介護,ケアマネジャー・居宅介護支援,相談",介護サービスの計画作成や事業所調整を行う相談先です。退院後の生活準備で重要です。,http://www.hospitown.or.jp/,鳥取県米子市西福原8丁目16-66,0859-30-3917,厚生労働省オープンデータ,https://www.mhlw.go.jp/content/12300000/jigyosho_430.csv,2025-12末,https://www.google.com/search?q=%E3%82%B1%E3%82%A2%E3%83%97%E3%83%A9%E3%83%B3%E3%82%BB%E3%83%B3%E3%82%BF%E3%83%BC%E3%80%80%E3%82%BB%E3%83%B3%E3%83%88%E3%83%A9%E3%83%AB%E3%83%AD%E3%83%BC%E3%82%BA%E3%82%AC%E3%83%BC%E3%83%87%E3%83%B3%20%E7%B1%B3%E5%AD%90%E5%B8%82
介護相談のさんふく,ケアマネジャー・居宅介護支援,鳥取県,米子市,"介護,ケアマネジャー・居宅介護支援,相談",介護サービスの計画作成や事業所調整を行う相談先です。退院後の生活準備で重要です。,https://www.san-fuku.net/kyotaku,鳥取県米子市塩町167,0859-30-2937,厚生労働省オープンデータ,https://www.mhlw.go.jp/content/12300000/jigyosho_430.csv,2025-12末,https://www.google.com/search?q=%E4%BB%8B%E8%AD%B7%E7%9B%B8%E8%AB%87%E3%81%AE%E3%81%95%E3%82%93%E3%81%B5%E3%81%8F%20%E7%B1%B3%E5%AD%90%E5%B8%82
ケアプランセンター　アイビス,ケアマネジャー・居宅介護支援,鳥取県,米子市,"介護,ケアマネジャー・居宅介護支援,相談",介護サービスの計画作成や事業所調整を行う相談先です。退院後の生活準備で重要です。,http://www.loh.co.jp/,鳥取県米子市熊党520,0859-21-8677,厚生労働省オープンデータ,https://www.mhlw.go.jp/content/12300000/jigyosho_430.csv,2025-12末,https://www.google.com/search?q=%E3%82%B1%E3%82%A2%E3%83%97%E3%83%A9%E3%83%B3%E3%82%BB%E3%83%B3%E3%82%BF%E3%83%BC%E3%80%80%E3%82%A2%E3%82%A4%E3%83%93%E3%82%B9%20%E7%B1%B3%E5%AD%90%E5%B8%82
居宅介護支援事業所いずみの苑,ケアマネジャー・居宅介護支援,鳥取県,米子市,"介護,ケアマネジャー・居宅介護支援,相談",介護サービスの計画作成や事業所調整を行う相談先です。退院後の生活準備で重要です。,https://www.izuminosono.or.jp,鳥取県米子市淀江町淀江１０７５番地,0859-56-6777,厚生労働省オープンデータ,https://www.mhlw.go.jp/content/12300000/jigyosho_430.csv,2025-12末,https://www.google.com/search?q=%E5%B1%85%E5%AE%85%E4%BB%8B%E8%AD%B7%E6%94%AF%E6%8F%B4%E4%BA%8B%E6%A5%AD%E6%89%80%E3%81%84%E3%81%9A%E3%81%BF%E3%81%AE%E8%8B%91%20%E7%B1%B3%E5%AD%90%E5%B8%82
ケアサービス米子指定居宅介護支援事業所,ケアマネジャー・居宅介護支援,鳥取県,米子市,"介護,ケアマネジャー・居宅介護支援,相談",介護サービスの計画作成や事業所調整を行う相談先です。退院後の生活準備で重要です。,http://www.careservice-yonago.ecnet.jp/,鳥取県米子市両三柳２６７,0859-22-3332,厚生労働省オープンデータ,https://www.mhlw.go.jp/content/12300000/jigyosho_430.csv,2025-12末,https://www.google.com/search?q=%E3%82%B1%E3%82%A2%E3%82%B5%E3%83%BC%E3%83%93%E3%82%B9%E7%B1%B3%E5%AD%90%E6%8C%87%E5%AE%9A%E5%B1%85%E5%AE%85%E4%BB%8B%E8%AD%B7%E6%94%AF%E6%8F%B4%E4%BA%8B%E6%A5%AD%E6%89%80%20%E7%B1%B3%E5%AD%90%E5%B8%82
社会福祉法人　倉吉市社会福祉協議会　居宅介護支援事業所,ケアマネジャー・居宅介護支援,鳥取県,倉吉市,"介護,ケアマネジャー・居宅介護支援,相談",介護サービスの計画作成や事業所調整を行う相談先です。退院後の生活準備で重要です。,http://www.kurayoshishakyo.com,鳥取県倉吉市関金町関金宿１１１５番２,0858-45-3753,厚生労働省オープンデータ,https://www.mhlw.go.jp/content/12300000/jigyosho_430.csv,2025-12末,https://www.google.com/search?q=%E7%A4%BE%E4%BC%9A%E7%A6%8F%E7%A5%89%E6%B3%95%E4%BA%BA%E3%80%80%E5%80%89%E5%90%89%E5%B8%82%E7%A4%BE%E4%BC%9A%E7%A6%8F%E7%A5%89%E5%8D%94%E8%AD%B0%E4%BC%9A%E3%80%80%E5%B1%85%E5%AE%85%E4%BB%8B%E8%AD%B7%E6%94%AF%E6%8F%B4%E4%BA%8B%E6%A5%AD%E6%89%80%20%E5%80%89%E5%90%89%E5%B8%82
居宅介護支援センター　あずま園,ケアマネジャー・居宅介護支援,鳥取県,倉吉市,"介護,ケアマネジャー・居宅介護支援,相談",介護サービスの計画作成や事業所調整を行う相談先です。退院後の生活準備で重要です。,http://www.azumaen.net/,鳥取県倉吉市東巌城町472番地,0858-24-6801,厚生労働省オープンデータ,https://www.mhlw.go.jp/content/12300000/jigyosho_430.csv,2025-12末,https://www.google.com/search?q=%E5%B1%85%E5%AE%85%E4%BB%8B%E8%AD%B7%E6%94%AF%E6%8F%B4%E3%82%BB%E3%83%B3%E3%82%BF%E3%83%BC%E3%80%80%E3%81%82%E3%81%9A%E3%81%BE%E5%9C%92%20%E5%80%89%E5%90%89%E5%B8%82
居宅介護支援事業所しみず,ケアマネジャー・居宅介護支援,鳥取県,倉吉市,"介護,ケアマネジャー・居宅介護支援,相談",介護サービスの計画作成や事業所調整を行う相談先です。退院後の生活準備で重要です。,http://www.shimizuhospital.jp,鳥取県倉吉市宮川町129,0858-22-6100,厚生労働省オープンデータ,https://www.mhlw.go.jp/content/12300000/jigyosho_430.csv,2025-12末,https://www.google.com/search?q=%E5%B1%85%E5%AE%85%E4%BB%8B%E8%AD%B7%E6%94%AF%E6%8F%B4%E4%BA%8B%E6%A5%AD%E6%89%80%E3%81%97%E3%81%BF%E3%81%9A%20%E5%80%89%E5%90%89%E5%B8%82
医療法人専仁会信生病院,ケアマネジャー・居宅介護支援,鳥取県,倉吉市,"介護,ケアマネジャー・居宅介護支援,相談",介護サービスの計画作成や事業所調整を行う相談先です。退院後の生活準備で重要です。,https://www.google.com/search?q=%E5%8C%BB%E7%99%82%E6%B3%95%E4%BA%BA%E5%B0%82%E4%BB%81%E4%BC%9A%E4%BF%A1%E7%94%9F%E7%97%85%E9%99%A2%20%E5%80%89%E5%90%89%E5%B8%82,鳥取県倉吉市清谷町１－２８６,0858-26-7773,厚生労働省オープンデータ,https://www.mhlw.go.jp/content/12300000/jigyosho_430.csv,2025-12末,https://www.google.com/search?q=%E5%8C%BB%E7%99%82%E6%B3%95%E4%BA%BA%E5%B0%82%E4%BB%81%E4%BC%9A%E4%BF%A1%E7%94%9F%E7%97%85%E9%99%A2%20%E5%80%89%E5%90%89%E5%B8%82
居宅介護支援センターマグノリア,ケアマネジャー・居宅介護支援,鳥取県,倉吉市,"介護,ケアマネジャー・居宅介護支援,相談",介護サービスの計画作成や事業所調整を行う相談先です。退院後の生活準備で重要です。,https://www.med-wel.jp/,鳥取県倉吉市上井町１丁目２番１,0858-26-3922,厚生労働省オープンデータ,https://www.mhlw.go.jp/content/12300000/jigyosho_430.csv,2025-12末,https://www.google.com/search?q=%E5%B1%85%E5%AE%85%E4%BB%8B%E8%AD%B7%E6%94%AF%E6%8F%B4%E3%82%BB%E3%83%B3%E3%82%BF%E3%83%BC%E3%83%9E%E3%82%B0%E3%83%8E%E3%83%AA%E3%82%A2%20%E5%80%89%E5%90%89%E5%B8%82
医療法人十字会居宅介護支援事業所のじま,ケアマネジャー・居宅介護支援,鳥取県,倉吉市,"介護,ケアマネジャー・居宅介護支援,相談",介護サービスの計画作成や事業所調整を行う相談先です。退院後の生活準備で重要です。,http://www.nojima-hospital.jp/,鳥取県倉吉市瀬崎町２７１４－１,0858-23-7121,厚生労働省オープンデータ,https://www.mhlw.go.jp/content/12300000/jigyosho_430.csv,2025-12末,https://www.google.com/search?q=%E5%8C%BB%E7%99%82%E6%B3%95%E4%BA%BA%E5%8D%81%E5%AD%97%E4%BC%9A%E5%B1%85%E5%AE%85%E4%BB%8B%E8%AD%B7%E6%94%AF%E6%8F%B4%E4%BA%8B%E6%A5%AD%E6%89%80%E3%81%AE%E3%81%98%E3%81%BE%20%E5%80%89%E5%90%89%E5%B8%82
指定居宅介護支援事業あすか,ケアマネジャー・居宅介護支援,鳥取県,倉吉市,"介護,ケアマネジャー・居宅介護支援,相談",介護サービスの計画作成や事業所調整を行う相談先です。退院後の生活準備で重要です。,https://www.google.com/search?q=%E6%8C%87%E5%AE%9A%E5%B1%85%E5%AE%85%E4%BB%8B%E8%AD%B7%E6%94%AF%E6%8F%B4%E4%BA%8B%E6%A5%AD%E3%81%82%E3%81%99%E3%81%8B%20%E5%80%89%E5%90%89%E5%B8%82,鳥取県倉吉市大宮41-1,0858-28-1168,厚生労働省オープンデータ,https://www.mhlw.go.jp/content/12300000/jigyosho_430.csv,2025-12末,https://www.google.com/search?q=%E6%8C%87%E5%AE%9A%E5%B1%85%E5%AE%85%E4%BB%8B%E8%AD%B7%E6%94%AF%E6%8F%B4%E4%BA%8B%E6%A5%AD%E3%81%82%E3%81%99%E3%81%8B%20%E5%80%89%E5%90%89%E5%B8%82
社会福祉法人　清和会　在宅介護支援センターせいわ,ケアマネジャー・居宅介護支援,鳥取県,倉吉市,"介護,ケアマネジャー・居宅介護支援,相談",介護サービスの計画作成や事業所調整を行う相談先です。退院後の生活準備で重要です。,https://www.utsubuki.com/blank-3,鳥取県倉吉市上井300番地ケアハウスうつぶき,0858-47-4165,厚生労働省オープンデータ,https://www.mhlw.go.jp/content/12300000/jigyosho_430.csv,2025-12末,https://www.google.com/search?q=%E7%A4%BE%E4%BC%9A%E7%A6%8F%E7%A5%89%E6%B3%95%E4%BA%BA%E3%80%80%E6%B8%85%E5%92%8C%E4%BC%9A%E3%80%80%E5%9C%A8%E5%AE%85%E4%BB%8B%E8%AD%B7%E6%94%AF%E6%8F%B4%E3%82%BB%E3%83%B3%E3%82%BF%E3%83%BC%E3%81%9B%E3%81%84%E3%82%8F%20%E5%80%89%E5%90%89%E5%B8%82
ケアプランセンターわたなべ,ケアマネジャー・居宅介護支援,鳥取県,倉吉市,"介護,ケアマネジャー・居宅介護支援,相談",介護サービスの計画作成や事業所調整を行う相談先です。退院後の生活準備で重要です。,https://www.google.com/search?q=%E3%82%B1%E3%82%A2%E3%83%97%E3%83%A9%E3%83%B3%E3%82%BB%E3%83%B3%E3%82%BF%E3%83%BC%E3%82%8F%E3%81%9F%E3%81%AA%E3%81%B9%20%E5%80%89%E5%90%89%E5%B8%82,鳥取県倉吉市下余戸161-1,0858-26-0229,厚生労働省オープンデータ,https://www.mhlw.go.jp/content/12300000/jigyosho_430.csv,2025-12末,https://www.google.com/search?q=%E3%82%B1%E3%82%A2%E3%83%97%E3%83%A9%E3%83%B3%E3%82%BB%E3%83%B3%E3%82%BF%E3%83%BC%E3%82%8F%E3%81%9F%E3%81%AA%E3%81%B9%20%E5%80%89%E5%90%89%E5%B8%82
つばき居宅介護支援事業所,ケアマネジャー・居宅介護支援,鳥取県,倉吉市,"介護,ケアマネジャー・居宅介護支援,相談",介護サービスの計画作成や事業所調整を行う相談先です。退院後の生活準備で重要です。,http://www.nissyoukai.com/,鳥取県倉吉市余戸谷町３０５１番地１,0858-23-0051,厚生労働省オープンデータ,https://www.mhlw.go.jp/content/12300000/jigyosho_430.csv,2025-12末,https://www.google.com/search?q=%E3%81%A4%E3%81%B0%E3%81%8D%E5%B1%85%E5%AE%85%E4%BB%8B%E8%AD%B7%E6%94%AF%E6%8F%B4%E4%BA%8B%E6%A5%AD%E6%89%80%20%E5%80%89%E5%90%89%E5%B8%82
居宅介護支援センター　ル・サンテリオン,ケアマネジャー・居宅介護支援,鳥取県,倉吉市,"介護,ケアマネジャー・居宅介護支援,相談",介護サービスの計画作成や事業所調整を行う相談先です。退院後の生活準備で重要です。,http://www.med-wel.jp/,鳥取県倉吉市山根55-233,0858-26-3051,厚生労働省オープンデータ,https://www.mhlw.go.jp/content/12300000/jigyosho_430.csv,2025-12末,https://www.google.com/search?q=%E5%B1%85%E5%AE%85%E4%BB%8B%E8%AD%B7%E6%94%AF%E6%8F%B4%E3%82%BB%E3%83%B3%E3%82%BF%E3%83%BC%E3%80%80%E3%83%AB%E3%83%BB%E3%82%B5%E3%83%B3%E3%83%86%E3%83%AA%E3%82%AA%E3%83%B3%20%E5%80%89%E5%90%89%E5%B8%82
指定居宅介護支援事業所ふくもり,ケアマネジャー・居宅介護支援,鳥取県,倉吉市,"介護,ケアマネジャー・居宅介護支援,相談",介護サービスの計画作成や事業所調整を行う相談先です。退院後の生活準備で重要です。,https://minorifukusikai.com/,鳥取県倉吉市福守町492-1,0858-28-5501,厚生労働省オープンデータ,https://www.mhlw.go.jp/content/12300000/jigyosho_430.csv,2025-12末,https://www.google.com/search?q=%E6%8C%87%E5%AE%9A%E5%B1%85%E5%AE%85%E4%BB%8B%E8%AD%B7%E6%94%AF%E6%8F%B4%E4%BA%8B%E6%A5%AD%E6%89%80%E3%81%B5%E3%81%8F%E3%82%82%E3%82%8A%20%E5%80%89%E5%90%89%E5%B8%82
そらいろ居宅介護支援事業所,ケアマネジャー・居宅介護支援,鳥取県,倉吉市,"介護,ケアマネジャー・居宅介護支援,相談",介護サービスの計画作成や事業所調整を行う相談先です。退院後の生活準備で重要です。,http://lightup-ltd.com,鳥取県倉吉市宮川町188,0858-27-0530,厚生労働省オープンデータ,https://www.mhlw.go.jp/content/12300000/jigyosho_430.csv,2025-12末,https://www.google.com/search?q=%E3%81%9D%E3%82%89%E3%81%84%E3%82%8D%E5%B1%85%E5%AE%85%E4%BB%8B%E8%AD%B7%E6%94%AF%E6%8F%B4%E4%BA%8B%E6%A5%AD%E6%89%80%20%E5%80%89%E5%90%89%E5%B8%82
デイケアひまわり居宅介護支援事業所,ケアマネジャー・居宅介護支援,鳥取県,倉吉市,"介護,ケアマネジャー・居宅介護支援,相談",介護サービスの計画作成や事業所調整を行う相談先です。退院後の生活準備で重要です。,http://www.siseikai.com/,鳥取県倉吉市東昭和町165番地,0858-47-0002,厚生労働省オープンデータ,https://www.mhlw.go.jp/content/12300000/jigyosho_430.csv,2025-12末,https://www.google.com/search?q=%E3%83%87%E3%82%A4%E3%82%B1%E3%82%A2%E3%81%B2%E3%81%BE%E3%82%8F%E3%82%8A%E5%B1%85%E5%AE%85%E4%BB%8B%E8%AD%B7%E6%94%AF%E6%8F%B4%E4%BA%8B%E6%A5%AD%E6%89%80%20%E5%80%89%E5%90%89%E5%B8%82
ひまわり居宅介護支援事業所,ケアマネジャー・居宅介護支援,鳥取県,倉吉市,"介護,ケアマネジャー・居宅介護支援,相談",介護サービスの計画作成や事業所調整を行う相談先です。退院後の生活準備で重要です。,http://www.siseikai.com/,鳥取県倉吉市関金町関金宿1891-1,0858-45-6111,厚生労働省オープンデータ,https://www.mhlw.go.jp/content/12300000/jigyosho_430.csv,2025-12末,https://www.google.com/search?q=%E3%81%B2%E3%81%BE%E3%82%8F%E3%82%8A%E5%B1%85%E5%AE%85%E4%BB%8B%E8%AD%B7%E6%94%AF%E6%8F%B4%E4%BA%8B%E6%A5%AD%E6%89%80%20%E5%80%89%E5%90%89%E5%B8%82
居宅介護支援事業所　キラリ,ケアマネジャー・居宅介護支援,鳥取県,倉吉市,"介護,ケアマネジャー・居宅介護支援,相談",介護サービスの計画作成や事業所調整を行う相談先です。退院後の生活準備で重要です。,http://hitotsubunomugi.jp,鳥取県倉吉市見日町491,0858-23-1505,厚生労働省オープンデータ,https://www.mhlw.go.jp/content/12300000/jigyosho_430.csv,2025-12末,https://www.google.com/search?q=%E5%B1%85%E5%AE%85%E4%BB%8B%E8%AD%B7%E6%94%AF%E6%8F%B4%E4%BA%8B%E6%A5%AD%E6%89%80%E3%80%80%E3%82%AD%E3%83%A9%E3%83%AA%20%E5%80%89%E5%90%89%E5%B8%82
はーとらいふ花音,ケアマネジャー・居宅介護支援,鳥取県,境港市,"介護,ケアマネジャー・居宅介護支援,相談",介護サービスの計画作成や事業所調整を行う相談先です。退院後の生活準備で重要です。,https://www.beside617.com,鳥取県境港市渡町972番地1,0859-57-5056,厚生労働省オープンデータ,https://www.mhlw.go.jp/content/12300000/jigyosho_430.csv,2025-12末,https://www.google.com/search?q=%E3%81%AF%E3%83%BC%E3%81%A8%E3%82%89%E3%81%84%E3%81%B5%E8%8A%B1%E9%9F%B3%20%E5%A2%83%E6%B8%AF%E5%B8%82
ケアプランセンター　さかい幸朋苑,ケアマネジャー・居宅介護支援,鳥取県,境港市,"介護,ケアマネジャー・居宅介護支援,相談",介護サービスの計画作成や事業所調整を行う相談先です。退院後の生活準備で重要です。,http://www.kohoen.jp,鳥取県境港市誠道町2083番地,0859-45-6830,厚生労働省オープンデータ,https://www.mhlw.go.jp/content/12300000/jigyosho_430.csv,2025-12末,https://www.google.com/search?q=%E3%82%B1%E3%82%A2%E3%83%97%E3%83%A9%E3%83%B3%E3%82%BB%E3%83%B3%E3%82%BF%E3%83%BC%E3%80%80%E3%81%95%E3%81%8B%E3%81%84%E5%B9%B8%E6%9C%8B%E8%8B%91%20%E5%A2%83%E6%B8%AF%E5%B8%82
中浜ケアパートナーズ　居宅介護支援事業所,ケアマネジャー・居宅介護支援,鳥取県,境港市,"介護,ケアマネジャー・居宅介護支援,相談",介護サービスの計画作成や事業所調整を行う相談先です。退院後の生活準備で重要です。,https://www.google.com/search?q=%E4%B8%AD%E6%B5%9C%E3%82%B1%E3%82%A2%E3%83%91%E3%83%BC%E3%83%88%E3%83%8A%E3%83%BC%E3%82%BA%E3%80%80%E5%B1%85%E5%AE%85%E4%BB%8B%E8%AD%B7%E6%94%AF%E6%8F%B4%E4%BA%8B%E6%A5%AD%E6%89%80%20%E5%A2%83%E6%B8%AF%E5%B8%82,鳥取県境港市財ノ木町字川尻562番地,0859-45-4661,厚生労働省オープンデータ,https://www.mhlw.go.jp/content/12300000/jigyosho_430.csv,2025-12末,https://www.google.com/search?q=%E4%B8%AD%E6%B5%9C%E3%82%B1%E3%82%A2%E3%83%91%E3%83%BC%E3%83%88%E3%83%8A%E3%83%BC%E3%82%BA%E3%80%80%E5%B1%85%E5%AE%85%E4%BB%8B%E8%AD%B7%E6%94%AF%E6%8F%B4%E4%BA%8B%E6%A5%AD%E6%89%80%20%E5%A2%83%E6%B8%AF%E5%B8%82
指定居宅介護支援事業所　花の里,ケアマネジャー・居宅介護支援,鳥取県,境港市,"介護,ケアマネジャー・居宅介護支援,相談",介護サービスの計画作成や事業所調整を行う相談先です。退院後の生活準備で重要です。,http://www.motomachi-hp.jp/,鳥取県境港市上道町１９５９－１,0859-47-6363,厚生労働省オープンデータ,https://www.mhlw.go.jp/content/12300000/jigyosho_430.csv,2025-12末,https://www.google.com/search?q=%E6%8C%87%E5%AE%9A%E5%B1%85%E5%AE%85%E4%BB%8B%E8%AD%B7%E6%94%AF%E6%8F%B4%E4%BA%8B%E6%A5%AD%E6%89%80%E3%80%80%E8%8A%B1%E3%81%AE%E9%87%8C%20%E5%A2%83%E6%B8%AF%E5%B8%82
境港市在宅介護支援センター済生会居宅介護支援事業所,ケアマネジャー・居宅介護支援,鳥取県,境港市,"介護,ケアマネジャー・居宅介護支援,相談",介護サービスの計画作成や事業所調整を行う相談先です。退院後の生活準備で重要です。,http://www.sakaiminato-saiseikai.jp,鳥取県境港市蓮池町78-1,0859-42-3172,厚生労働省オープンデータ,https://www.mhlw.go.jp/content/12300000/jigyosho_430.csv,2025-12末,https://www.google.com/search?q=%E5%A2%83%E6%B8%AF%E5%B8%82%E5%9C%A8%E5%AE%85%E4%BB%8B%E8%AD%B7%E6%94%AF%E6%8F%B4%E3%82%BB%E3%83%B3%E3%82%BF%E3%83%BC%E6%B8%88%E7%94%9F%E4%BC%9A%E5%B1%85%E5%AE%85%E4%BB%8B%E8%AD%B7%E6%94%AF%E6%8F%B4%E4%BA%8B%E6%A5%AD%E6%89%80%20%E5%A2%83%E6%B8%AF%E5%B8%82
居宅介護支援事業所　境港すずかけの樹,ケアマネジャー・居宅介護支援,鳥取県,境港市,"介護,ケアマネジャー・居宅介護支援,相談",介護サービスの計画作成や事業所調整を行う相談先です。退院後の生活準備で重要です。,https://www.google.com/search?q=%E5%B1%85%E5%AE%85%E4%BB%8B%E8%AD%B7%E6%94%AF%E6%8F%B4%E4%BA%8B%E6%A5%AD%E6%89%80%E3%80%80%E5%A2%83%E6%B8%AF%E3%81%99%E3%81%9A%E3%81%8B%E3%81%91%E3%81%AE%E6%A8%B9%20%E5%A2%83%E6%B8%AF%E5%B8%82,鳥取県境港市清水町761番地1,０８５９－３０－２１２１,厚生労働省オープンデータ,https://www.mhlw.go.jp/content/12300000/jigyosho_430.csv,2025-12末,https://www.google.com/search?q=%E5%B1%85%E5%AE%85%E4%BB%8B%E8%AD%B7%E6%94%AF%E6%8F%B4%E4%BA%8B%E6%A5%AD%E6%89%80%E3%80%80%E5%A2%83%E6%B8%AF%E3%81%99%E3%81%9A%E3%81%8B%E3%81%91%E3%81%AE%E6%A8%B9%20%E5%A2%83%E6%B8%AF%E5%B8%82
ケアプラン孫の手,ケアマネジャー・居宅介護支援,鳥取県,境港市,"介護,ケアマネジャー・居宅介護支援,相談",介護サービスの計画作成や事業所調整を行う相談先です。退院後の生活準備で重要です。,www.t-a-d.jp/,鳥取県境港市外江町2361-2,0859-21-7390,厚生労働省オープンデータ,https://www.mhlw.go.jp/content/12300000/jigyosho_430.csv,2025-12末,https://www.google.com/search?q=%E3%82%B1%E3%82%A2%E3%83%97%E3%83%A9%E3%83%B3%E5%AD%AB%E3%81%AE%E6%89%8B%20%E5%A2%83%E6%B8%AF%E5%B8%82
えにしケアプランサービス,ケアマネジャー・居宅介護支援,鳥取県,境港市,"介護,ケアマネジャー・居宅介護支援,相談",介護サービスの計画作成や事業所調整を行う相談先です。退院後の生活準備で重要です。,https://www.google.com/search?q=%E3%81%88%E3%81%AB%E3%81%97%E3%82%B1%E3%82%A2%E3%83%97%E3%83%A9%E3%83%B3%E3%82%B5%E3%83%BC%E3%83%93%E3%82%B9%20%E5%A2%83%E6%B8%AF%E5%B8%82,鳥取県境港市大正町113番地8,0859‐57‐5000,厚生労働省オープンデータ,https://www.mhlw.go.jp/content/12300000/jigyosho_430.csv,2025-12末,https://www.google.com/search?q=%E3%81%88%E3%81%AB%E3%81%97%E3%82%B1%E3%82%A2%E3%83%97%E3%83%A9%E3%83%B3%E3%82%B5%E3%83%BC%E3%83%93%E3%82%B9%20%E5%A2%83%E6%B8%AF%E5%B8%82
岩井あすなろ居宅介護支援センター,ケアマネジャー・居宅介護支援,鳥取県,岩美町,"介護,ケアマネジャー・居宅介護支援,相談",介護サービスの計画作成や事業所調整を行う相談先です。退院後の生活準備で重要です。,http://www.t-asunaro.or.jp,鳥取県岩美郡岩美町宇治1034,0857-72-3571,厚生労働省オープンデータ,https://www.mhlw.go.jp/content/12300000/jigyosho_430.csv,2025-12末,https://www.google.com/search?q=%E5%B2%A9%E4%BA%95%E3%81%82%E3%81%99%E3%81%AA%E3%82%8D%E5%B1%85%E5%AE%85%E4%BB%8B%E8%AD%B7%E6%94%AF%E6%8F%B4%E3%82%BB%E3%83%B3%E3%82%BF%E3%83%BC%20%E5%B2%A9%E7%BE%8E%E7%94%BA
社会福祉法人　岩美町社会福祉協議会　居宅介護支援事業所,ケアマネジャー・居宅介護支援,鳥取県,岩美町,"介護,ケアマネジャー・居宅介護支援,相談",介護サービスの計画作成や事業所調整を行う相談先です。退院後の生活準備で重要です。,https://iwamishakyo.wixsite.com/shakyo,鳥取県岩美郡岩美町大字浦富６４５番地,0857-72-2500,厚生労働省オープンデータ,https://www.mhlw.go.jp/content/12300000/jigyosho_430.csv,2025-12末,https://www.google.com/search?q=%E7%A4%BE%E4%BC%9A%E7%A6%8F%E7%A5%89%E6%B3%95%E4%BA%BA%E3%80%80%E5%B2%A9%E7%BE%8E%E7%94%BA%E7%A4%BE%E4%BC%9A%E7%A6%8F%E7%A5%89%E5%8D%94%E8%AD%B0%E4%BC%9A%E3%80%80%E5%B1%85%E5%AE%85%E4%BB%8B%E8%AD%B7%E6%94%AF%E6%8F%B4%E4%BA%8B%E6%A5%AD%E6%89%80%20%E5%B2%A9%E7%BE%8E%E7%94%BA
社会福祉法人　若桜町社会福祉協議会,ケアマネジャー・居宅介護支援,鳥取県,若桜町,"介護,ケアマネジャー・居宅介護支援,相談",介護サービスの計画作成や事業所調整を行う相談先です。退院後の生活準備で重要です。,https://wakasa-syakyo.wixsite.com/home,鳥取県八頭郡若桜町若桜1247-1,0858-82-0254,厚生労働省オープンデータ,https://www.mhlw.go.jp/content/12300000/jigyosho_430.csv,2025-12末,https://www.google.com/search?q=%E7%A4%BE%E4%BC%9A%E7%A6%8F%E7%A5%89%E6%B3%95%E4%BA%BA%E3%80%80%E8%8B%A5%E6%A1%9C%E7%94%BA%E7%A4%BE%E4%BC%9A%E7%A6%8F%E7%A5%89%E5%8D%94%E8%AD%B0%E4%BC%9A%20%E8%8B%A5%E6%A1%9C%E7%94%BA
株式会社メディコープとっとり若桜居宅介護支援事業所,ケアマネジャー・居宅介護支援,鳥取県,若桜町,"介護,ケアマネジャー・居宅介護支援,相談",介護サービスの計画作成や事業所調整を行う相談先です。退院後の生活準備で重要です。,http://mcp.mcoop-tottori.jp/,鳥取県八頭郡若桜町若桜922-1,0858-71-0271,厚生労働省オープンデータ,https://www.mhlw.go.jp/content/12300000/jigyosho_430.csv,2025-12末,https://www.google.com/search?q=%E6%A0%AA%E5%BC%8F%E4%BC%9A%E7%A4%BE%E3%83%A1%E3%83%87%E3%82%A3%E3%82%B3%E3%83%BC%E3%83%97%E3%81%A8%E3%81%A3%E3%81%A8%E3%82%8A%E8%8B%A5%E6%A1%9C%E5%B1%85%E5%AE%85%E4%BB%8B%E8%AD%B7%E6%94%AF%E6%8F%B4%E4%BA%8B%E6%A5%AD%E6%89%80%20%E8%8B%A5%E6%A1%9C%E7%94%BA
ケアプランセンターはるひな,ケアマネジャー・居宅介護支援,鳥取県,智頭町,"介護,ケアマネジャー・居宅介護支援,相談",介護サービスの計画作成や事業所調整を行う相談先です。退院後の生活準備で重要です。,https://www.google.com/search?q=%E3%82%B1%E3%82%A2%E3%83%97%E3%83%A9%E3%83%B3%E3%82%BB%E3%83%B3%E3%82%BF%E3%83%BC%E3%81%AF%E3%82%8B%E3%81%B2%E3%81%AA%20%E6%99%BA%E9%A0%AD%E7%94%BA,鳥取県八頭郡智頭町智頭1510番地2,0858-76-1178,厚生労働省オープンデータ,https://www.mhlw.go.jp/content/12300000/jigyosho_430.csv,2025-12末,https://www.google.com/search?q=%E3%82%B1%E3%82%A2%E3%83%97%E3%83%A9%E3%83%B3%E3%82%BB%E3%83%B3%E3%82%BF%E3%83%BC%E3%81%AF%E3%82%8B%E3%81%B2%E3%81%AA%20%E6%99%BA%E9%A0%AD%E7%94%BA
ほのぼのケアセンター,ケアマネジャー・居宅介護支援,鳥取県,智頭町,"介護,ケアマネジャー・居宅介護支援,相談",介護サービスの計画作成や事業所調整を行う相談先です。退院後の生活準備で重要です。,http://chizushakyo.jp,鳥取県八頭郡智頭町大字智頭1875番地,0858-76-1100,厚生労働省オープンデータ,https://www.mhlw.go.jp/content/12300000/jigyosho_430.csv,2025-12末,https://www.google.com/search?q=%E3%81%BB%E3%81%AE%E3%81%BC%E3%81%AE%E3%82%B1%E3%82%A2%E3%82%BB%E3%83%B3%E3%82%BF%E3%83%BC%20%E6%99%BA%E9%A0%AD%E7%94%BA
居宅介護支援事業所すこやか,ケアマネジャー・居宅介護支援,鳥取県,八頭町,"介護,ケアマネジャー・居宅介護支援,相談",介護サービスの計画作成や事業所調整を行う相談先です。退院後の生活準備で重要です。,https://swc-yazu.studio.site/,鳥取県八頭郡八頭町宮谷１２３番地,0858-76-7500,厚生労働省オープンデータ,https://www.mhlw.go.jp/content/12300000/jigyosho_430.csv,2025-12末,https://www.google.com/search?q=%E5%B1%85%E5%AE%85%E4%BB%8B%E8%AD%B7%E6%94%AF%E6%8F%B4%E4%BA%8B%E6%A5%AD%E6%89%80%E3%81%99%E3%81%93%E3%82%84%E3%81%8B%20%E5%85%AB%E9%A0%AD%E7%94%BA
社会福祉法人　八頭町社会福祉協議会　本所,ケアマネジャー・居宅介護支援,鳥取県,八頭町,"介護,ケアマネジャー・居宅介護支援,相談",介護サービスの計画作成や事業所調整を行う相談先です。退院後の生活準備で重要です。,https://yazu-syakyo.or.jp/,鳥取県八頭郡八頭町宮谷２５４番地１,0858-72-6125,厚生労働省オープンデータ,https://www.mhlw.go.jp/content/12300000/jigyosho_430.csv,2025-12末,https://www.google.com/search?q=%E7%A4%BE%E4%BC%9A%E7%A6%8F%E7%A5%89%E6%B3%95%E4%BA%BA%E3%80%80%E5%85%AB%E9%A0%AD%E7%94%BA%E7%A4%BE%E4%BC%9A%E7%A6%8F%E7%A5%89%E5%8D%94%E8%AD%B0%E4%BC%9A%E3%80%80%E6%9C%AC%E6%89%80%20%E5%85%AB%E9%A0%AD%E7%94%BA
社会福祉法人　八頭町社会福祉協議会八東支所,ケアマネジャー・居宅介護支援,鳥取県,八頭町,"介護,ケアマネジャー・居宅介護支援,相談",介護サービスの計画作成や事業所調整を行う相談先です。退院後の生活準備で重要です。,https://yazu-syakyo.or.jp/pages/153/,鳥取県八頭郡八頭町東593番地1,0858-71-0022,厚生労働省オープンデータ,https://www.mhlw.go.jp/content/12300000/jigyosho_430.csv,2025-12末,https://www.google.com/search?q=%E7%A4%BE%E4%BC%9A%E7%A6%8F%E7%A5%89%E6%B3%95%E4%BA%BA%E3%80%80%E5%85%AB%E9%A0%AD%E7%94%BA%E7%A4%BE%E4%BC%9A%E7%A6%8F%E7%A5%89%E5%8D%94%E8%AD%B0%E4%BC%9A%E5%85%AB%E6%9D%B1%E6%94%AF%E6%89%80%20%E5%85%AB%E9%A0%AD%E7%94%BA
居宅介護支援事業所れしーぶ,ケアマネジャー・居宅介護支援,鳥取県,八頭町,"介護,ケアマネジャー・居宅介護支援,相談",介護サービスの計画作成や事業所調整を行う相談先です。退院後の生活準備で重要です。,kyotaku@resi-bu.jp,鳥取県八頭郡八頭町船岡1961番地,0858-76-0707,厚生労働省オープンデータ,https://www.mhlw.go.jp/content/12300000/jigyosho_430.csv,2025-12末,https://www.google.com/search?q=%E5%B1%85%E5%AE%85%E4%BB%8B%E8%AD%B7%E6%94%AF%E6%8F%B4%E4%BA%8B%E6%A5%AD%E6%89%80%E3%82%8C%E3%81%97%E3%83%BC%E3%81%B6%20%E5%85%AB%E9%A0%AD%E7%94%BA
三喜苑居宅介護支援事業所,ケアマネジャー・居宅介護支援,鳥取県,三朝町,"介護,ケアマネジャー・居宅介護支援,相談",介護サービスの計画作成や事業所調整を行う相談先です。退院後の生活準備で重要です。,http://www.sankien.jp,鳥取県東伯郡三朝町横手３９６番地,0858-43-3495,厚生労働省オープンデータ,https://www.mhlw.go.jp/content/12300000/jigyosho_430.csv,2025-12末,https://www.google.com/search?q=%E4%B8%89%E5%96%9C%E8%8B%91%E5%B1%85%E5%AE%85%E4%BB%8B%E8%AD%B7%E6%94%AF%E6%8F%B4%E4%BA%8B%E6%A5%AD%E6%89%80%20%E4%B8%89%E6%9C%9D%E7%94%BA
社会福祉法人　三朝町社会福祉協議会　居宅介護支援事業所,ケアマネジャー・居宅介護支援,鳥取県,三朝町,"介護,ケアマネジャー・居宅介護支援,相談",介護サービスの計画作成や事業所調整を行う相談先です。退院後の生活準備で重要です。,www.misasa-syakyo.or.jp,鳥取県東伯郡三朝町大字横手50番地の４,0858-43-3388,厚生労働省オープンデータ,https://www.mhlw.go.jp/content/12300000/jigyosho_430.csv,2025-12末,https://www.google.com/search?q=%E7%A4%BE%E4%BC%9A%E7%A6%8F%E7%A5%89%E6%B3%95%E4%BA%BA%E3%80%80%E4%B8%89%E6%9C%9D%E7%94%BA%E7%A4%BE%E4%BC%9A%E7%A6%8F%E7%A5%89%E5%8D%94%E8%AD%B0%E4%BC%9A%E3%80%80%E5%B1%85%E5%AE%85%E4%BB%8B%E8%AD%B7%E6%94%AF%E6%8F%B4%E4%BA%8B%E6%A5%AD%E6%89%80%20%E4%B8%89%E6%9C%9D%E7%94%BA
ライフケア居宅介護支援事業所,ケアマネジャー・居宅介護支援,鳥取県,湯梨浜町,"介護,ケアマネジャー・居宅介護支援,相談",介護サービスの計画作成や事業所調整を行う相談先です。退院後の生活準備で重要です。,https://www.google.com/search?q=%E3%83%A9%E3%82%A4%E3%83%95%E3%82%B1%E3%82%A2%E5%B1%85%E5%AE%85%E4%BB%8B%E8%AD%B7%E6%94%AF%E6%8F%B4%E4%BA%8B%E6%A5%AD%E6%89%80%20%E6%B9%AF%E6%A2%A8%E6%B5%9C%E7%94%BA,鳥取県東伯郡湯梨浜町田後224-1,0858-48-5477,厚生労働省オープンデータ,https://www.mhlw.go.jp/content/12300000/jigyosho_430.csv,2025-12末,https://www.google.com/search?q=%E3%83%A9%E3%82%A4%E3%83%95%E3%82%B1%E3%82%A2%E5%B1%85%E5%AE%85%E4%BB%8B%E8%AD%B7%E6%94%AF%E6%8F%B4%E4%BA%8B%E6%A5%AD%E6%89%80%20%E6%B9%AF%E6%A2%A8%E6%B5%9C%E7%94%BA
アロハ居宅介護支援センターあずま園,ケアマネジャー・居宅介護支援,鳥取県,湯梨浜町,"介護,ケアマネジャー・居宅介護支援,相談",介護サービスの計画作成や事業所調整を行う相談先です。退院後の生活準備で重要です。,http://azumaen.net/,鳥取県東伯郡湯梨浜町光吉107番地35あずま園,0858-48-5666,厚生労働省オープンデータ,https://www.mhlw.go.jp/content/12300000/jigyosho_430.csv,2025-12末,https://www.google.com/search?q=%E3%82%A2%E3%83%AD%E3%83%8F%E5%B1%85%E5%AE%85%E4%BB%8B%E8%AD%B7%E6%94%AF%E6%8F%B4%E3%82%BB%E3%83%B3%E3%82%BF%E3%83%BC%E3%81%82%E3%81%9A%E3%81%BE%E5%9C%92%20%E6%B9%AF%E6%A2%A8%E6%B5%9C%E7%94%BA
居宅介護支援センタール・サンテリオン東郷,ケアマネジャー・居宅介護支援,鳥取県,湯梨浜町,"介護,ケアマネジャー・居宅介護支援,相談",介護サービスの計画作成や事業所調整を行う相談先です。退院後の生活準備で重要です。,https://www.med-wel.jp/togo/,鳥取県東伯郡湯梨浜町野花４４３－１,0858-32-2570,厚生労働省オープンデータ,https://www.mhlw.go.jp/content/12300000/jigyosho_430.csv,2025-12末,https://www.google.com/search?q=%E5%B1%85%E5%AE%85%E4%BB%8B%E8%AD%B7%E6%94%AF%E6%8F%B4%E3%82%BB%E3%83%B3%E3%82%BF%E3%83%BC%E3%83%AB%E3%83%BB%E3%82%B5%E3%83%B3%E3%83%86%E3%83%AA%E3%82%AA%E3%83%B3%E6%9D%B1%E9%83%B7%20%E6%B9%AF%E6%A2%A8%E6%B5%9C%E7%94%BA
介護老人保健施設ハワイ信生苑居宅介護支援事業所,ケアマネジャー・居宅介護支援,鳥取県,湯梨浜町,"介護,ケアマネジャー・居宅介護支援,相談",介護サービスの計画作成や事業所調整を行う相談先です。退院後の生活準備で重要です。,http://www3.torichu.ne.jp/~sinseien/,鳥取県東伯郡湯梨浜町はわい温泉５８－５,0858-35-3511,厚生労働省オープンデータ,https://www.mhlw.go.jp/content/12300000/jigyosho_430.csv,2025-12末,https://www.google.com/search?q=%E4%BB%8B%E8%AD%B7%E8%80%81%E4%BA%BA%E4%BF%9D%E5%81%A5%E6%96%BD%E8%A8%AD%E3%83%8F%E3%83%AF%E3%82%A4%E4%BF%A1%E7%94%9F%E8%8B%91%E5%B1%85%E5%AE%85%E4%BB%8B%E8%AD%B7%E6%94%AF%E6%8F%B4%E4%BA%8B%E6%A5%AD%E6%89%80%20%E6%B9%AF%E6%A2%A8%E6%B5%9C%E7%94%BA
社会福祉法人　湯梨浜町社会福祉協議会指定居宅介護支援事業所,ケアマネジャー・居宅介護支援,鳥取県,湯梨浜町,"介護,ケアマネジャー・居宅介護支援,相談",介護サービスの計画作成や事業所調整を行う相談先です。退院後の生活準備で重要です。,http://www.yurihama-shakyo.jp,鳥取県東伯郡湯梨浜町泊１０８５－１,0858-34-6008,厚生労働省オープンデータ,https://www.mhlw.go.jp/content/12300000/jigyosho_430.csv,2025-12末,https://www.google.com/search?q=%E7%A4%BE%E4%BC%9A%E7%A6%8F%E7%A5%89%E6%B3%95%E4%BA%BA%E3%80%80%E6%B9%AF%E6%A2%A8%E6%B5%9C%E7%94%BA%E7%A4%BE%E4%BC%9A%E7%A6%8F%E7%A5%89%E5%8D%94%E8%AD%B0%E4%BC%9A%E6%8C%87%E5%AE%9A%E5%B1%85%E5%AE%85%E4%BB%8B%E8%AD%B7%E6%94%AF%E6%8F%B4%E4%BA%8B%E6%A5%AD%E6%89%80%20%E6%B9%AF%E6%A2%A8%E6%B5%9C%E7%94%BA
ホームケアサポートサービスEsola,ケアマネジャー・居宅介護支援,鳥取県,湯梨浜町,"介護,ケアマネジャー・居宅介護支援,相談",介護サービスの計画作成や事業所調整を行う相談先です。退院後の生活準備で重要です。,http://esola.business.site,鳥取県東伯郡湯梨浜町大字長江字東蓼尾310番76,0858-48-6003,厚生労働省オープンデータ,https://www.mhlw.go.jp/content/12300000/jigyosho_430.csv,2025-12末,https://www.google.com/search?q=%E3%83%9B%E3%83%BC%E3%83%A0%E3%82%B1%E3%82%A2%E3%82%B5%E3%83%9D%E3%83%BC%E3%83%88%E3%82%B5%E3%83%BC%E3%83%93%E3%82%B9Esola%20%E6%B9%AF%E6%A2%A8%E6%B5%9C%E7%94%BA
ツーミニッツケアマネジメント事務所,ケアマネジャー・居宅介護支援,鳥取県,琴浦町,"介護,ケアマネジャー・居宅介護支援,相談",介護サービスの計画作成や事業所調整を行う相談先です。退院後の生活準備で重要です。,https://www.google.com/search?q=%E3%83%84%E3%83%BC%E3%83%9F%E3%83%8B%E3%83%83%E3%83%84%E3%82%B1%E3%82%A2%E3%83%9E%E3%83%8D%E3%82%B8%E3%83%A1%E3%83%B3%E3%83%88%E4%BA%8B%E5%8B%99%E6%89%80%20%E7%90%B4%E6%B5%A6%E7%94%BA,鳥取県東伯郡琴浦町赤碕１９２０番地５７,0858-55-1373,厚生労働省オープンデータ,https://www.mhlw.go.jp/content/12300000/jigyosho_430.csv,2025-12末,https://www.google.com/search?q=%E3%83%84%E3%83%BC%E3%83%9F%E3%83%8B%E3%83%83%E3%83%84%E3%82%B1%E3%82%A2%E3%83%9E%E3%83%8D%E3%82%B8%E3%83%A1%E3%83%B3%E3%83%88%E4%BA%8B%E5%8B%99%E6%89%80%20%E7%90%B4%E6%B5%A6%E7%94%BA
居宅介護支援事業所まほろば,ケアマネジャー・居宅介護支援,鳥取県,琴浦町,"介護,ケアマネジャー・居宅介護支援,相談",介護サービスの計画作成や事業所調整を行う相談先です。退院後の生活準備で重要です。,https://www.kotoura-mahoroba.life/,鳥取県東伯郡琴浦町赤碕1840-7,0858-55-7551,厚生労働省オープンデータ,https://www.mhlw.go.jp/content/12300000/jigyosho_430.csv,2025-12末,https://www.google.com/search?q=%E5%B1%85%E5%AE%85%E4%BB%8B%E8%AD%B7%E6%94%AF%E6%8F%B4%E4%BA%8B%E6%A5%AD%E6%89%80%E3%81%BE%E3%81%BB%E3%82%8D%E3%81%B0%20%E7%90%B4%E6%B5%A6%E7%94%BA
みどり園居宅介護支援事業所,ケアマネジャー・居宅介護支援,鳥取県,琴浦町,"介護,ケアマネジャー・居宅介護支援,相談",介護サービスの計画作成や事業所調整を行う相談先です。退院後の生活準備で重要です。,http://hp1.tcbnet.ne.jp/~midori/,鳥取県東伯郡琴浦町八橋1937番地,0858-53-2820,厚生労働省オープンデータ,https://www.mhlw.go.jp/content/12300000/jigyosho_430.csv,2025-12末,https://www.google.com/search?q=%E3%81%BF%E3%81%A9%E3%82%8A%E5%9C%92%E5%B1%85%E5%AE%85%E4%BB%8B%E8%AD%B7%E6%94%AF%E6%8F%B4%E4%BA%8B%E6%A5%AD%E6%89%80%20%E7%90%B4%E6%B5%A6%E7%94%BA
陽だまりの家　居宅介護支援事業所,ケアマネジャー・居宅介護支援,鳥取県,琴浦町,"介護,ケアマネジャー・居宅介護支援,相談",介護サービスの計画作成や事業所調整を行う相談先です。退院後の生活準備で重要です。,http://www.solhem.jp,鳥取県東伯郡琴浦町徳万70-1,0858-53-0695,厚生労働省オープンデータ,https://www.mhlw.go.jp/content/12300000/jigyosho_430.csv,2025-12末,https://www.google.com/search?q=%E9%99%BD%E3%81%A0%E3%81%BE%E3%82%8A%E3%81%AE%E5%AE%B6%E3%80%80%E5%B1%85%E5%AE%85%E4%BB%8B%E8%AD%B7%E6%94%AF%E6%8F%B4%E4%BA%8B%E6%A5%AD%E6%89%80%20%E7%90%B4%E6%B5%A6%E7%94%BA
あかさき介護支援センター居宅介護支援事業所,ケアマネジャー・居宅介護支援,鳥取県,琴浦町,"介護,ケアマネジャー・居宅介護支援,相談",介護サービスの計画作成や事業所調整を行う相談先です。退院後の生活準備で重要です。,https://www.hyakujyuen.jp,鳥取県東伯郡琴浦町赤碕１０６０－２５,0858-55-2310,厚生労働省オープンデータ,https://www.mhlw.go.jp/content/12300000/jigyosho_430.csv,2025-12末,https://www.google.com/search?q=%E3%81%82%E3%81%8B%E3%81%95%E3%81%8D%E4%BB%8B%E8%AD%B7%E6%94%AF%E6%8F%B4%E3%82%BB%E3%83%B3%E3%82%BF%E3%83%BC%E5%B1%85%E5%AE%85%E4%BB%8B%E8%AD%B7%E6%94%AF%E6%8F%B4%E4%BA%8B%E6%A5%AD%E6%89%80%20%E7%90%B4%E6%B5%A6%E7%94%BA
森本外科・脳神経外科医院,ケアマネジャー・居宅介護支援,鳥取県,琴浦町,"介護,ケアマネジャー・居宅介護支援,相談",介護サービスの計画作成や事業所調整を行う相談先です。退院後の生活準備で重要です。,https://www.morimoto-med1977.jp,鳥取県東伯郡琴浦町大字逢束１１８０番地,0858-53-0122,厚生労働省オープンデータ,https://www.mhlw.go.jp/content/12300000/jigyosho_430.csv,2025-12末,https://www.google.com/search?q=%E6%A3%AE%E6%9C%AC%E5%A4%96%E7%A7%91%E3%83%BB%E8%84%B3%E7%A5%9E%E7%B5%8C%E5%A4%96%E7%A7%91%E5%8C%BB%E9%99%A2%20%E7%90%B4%E6%B5%A6%E7%94%BA
北栄居宅介護支援センターあずま園,ケアマネジャー・居宅介護支援,鳥取県,北栄町,"介護,ケアマネジャー・居宅介護支援,相談",介護サービスの計画作成や事業所調整を行う相談先です。退院後の生活準備で重要です。,http://azumaen.net/index.php,鳥取県東伯郡北栄町東園３２９番地,0858-37-4804,厚生労働省オープンデータ,https://www.mhlw.go.jp/content/12300000/jigyosho_430.csv,2025-12末,https://www.google.com/search?q=%E5%8C%97%E6%A0%84%E5%B1%85%E5%AE%85%E4%BB%8B%E8%AD%B7%E6%94%AF%E6%8F%B4%E3%82%BB%E3%83%B3%E3%82%BF%E3%83%BC%E3%81%82%E3%81%9A%E3%81%BE%E5%9C%92%20%E5%8C%97%E6%A0%84%E7%94%BA
みやがわ居宅介護支援事業所,ケアマネジャー・居宅介護支援,鳥取県,北栄町,"介護,ケアマネジャー・居宅介護支援,相談",介護サービスの計画作成や事業所調整を行う相談先です。退院後の生活準備で重要です。,http://seiikai.hp.gogo.jp,鳥取県東伯郡北栄町瀬戸45-2,0858-37-6080,厚生労働省オープンデータ,https://www.mhlw.go.jp/content/12300000/jigyosho_430.csv,2025-12末,https://www.google.com/search?q=%E3%81%BF%E3%82%84%E3%81%8C%E3%82%8F%E5%B1%85%E5%AE%85%E4%BB%8B%E8%AD%B7%E6%94%AF%E6%8F%B4%E4%BA%8B%E6%A5%AD%E6%89%80%20%E5%8C%97%E6%A0%84%E7%94%BA
居宅介護支援センター　ル・サンテリオン北条,ケアマネジャー・居宅介護支援,鳥取県,北栄町,"介護,ケアマネジャー・居宅介護支援,相談",介護サービスの計画作成や事業所調整を行う相談先です。退院後の生活準備で重要です。,https://www.med-wel.jp/houjou/,鳥取県東伯郡北栄町土下123-1,0858-36-5221,厚生労働省オープンデータ,https://www.mhlw.go.jp/content/12300000/jigyosho_430.csv,2025-12末,https://www.google.com/search?q=%E5%B1%85%E5%AE%85%E4%BB%8B%E8%AD%B7%E6%94%AF%E6%8F%B4%E3%82%BB%E3%83%B3%E3%82%BF%E3%83%BC%E3%80%80%E3%83%AB%E3%83%BB%E3%82%B5%E3%83%B3%E3%83%86%E3%83%AA%E3%82%AA%E3%83%B3%E5%8C%97%E6%9D%A1%20%E5%8C%97%E6%A0%84%E7%94%BA
社会福祉法人　北栄町社会福祉協議会　居宅介護支援事業所,ケアマネジャー・居宅介護支援,鳥取県,北栄町,"介護,ケアマネジャー・居宅介護支援,相談",介護サービスの計画作成や事業所調整を行う相談先です。退院後の生活準備で重要です。,http://hokuei-syakyo.or.jp/,鳥取県東伯郡北栄町瀬戸３６番地２,0858-37-4522,厚生労働省オープンデータ,https://www.mhlw.go.jp/content/12300000/jigyosho_430.csv,2025-12末,https://www.google.com/search?q=%E7%A4%BE%E4%BC%9A%E7%A6%8F%E7%A5%89%E6%B3%95%E4%BA%BA%E3%80%80%E5%8C%97%E6%A0%84%E7%94%BA%E7%A4%BE%E4%BC%9A%E7%A6%8F%E7%A5%89%E5%8D%94%E8%AD%B0%E4%BC%9A%E3%80%80%E5%B1%85%E5%AE%85%E4%BB%8B%E8%AD%B7%E6%94%AF%E6%8F%B4%E4%BA%8B%E6%A5%AD%E6%89%80%20%E5%8C%97%E6%A0%84%E7%94%BA
居宅介護支援事業所くるみの木,ケアマネジャー・居宅介護支援,鳥取県,北栄町,"介護,ケアマネジャー・居宅介護支援,相談",介護サービスの計画作成や事業所調整を行う相談先です。退院後の生活準備で重要です。,https://kurumi.hp.peraichi.com,鳥取県東伯郡北栄町松神145-1,0858-36-1303,厚生労働省オープンデータ,https://www.mhlw.go.jp/content/12300000/jigyosho_430.csv,2025-12末,https://www.google.com/search?q=%E5%B1%85%E5%AE%85%E4%BB%8B%E8%AD%B7%E6%94%AF%E6%8F%B4%E4%BA%8B%E6%A5%AD%E6%89%80%E3%81%8F%E3%82%8B%E3%81%BF%E3%81%AE%E6%9C%A8%20%E5%8C%97%E6%A0%84%E7%94%BA
小谷苑介護支援センター,ケアマネジャー・居宅介護支援,鳥取県,大山町,"介護,ケアマネジャー・居宅介護支援,相談",介護サービスの計画作成や事業所調整を行う相談先です。退院後の生活準備で重要です。,http://www.kodanien.com,鳥取県西伯郡大山町西坪５４５番地１介護老人保健施設小谷苑,0859-54-3388,厚生労働省オープンデータ,https://www.mhlw.go.jp/content/12300000/jigyosho_430.csv,2025-12末,https://www.google.com/search?q=%E5%B0%8F%E8%B0%B7%E8%8B%91%E4%BB%8B%E8%AD%B7%E6%94%AF%E6%8F%B4%E3%82%BB%E3%83%B3%E3%82%BF%E3%83%BC%20%E5%A4%A7%E5%B1%B1%E7%94%BA
医療法人　佐々木医院,ケアマネジャー・居宅介護支援,鳥取県,大山町,"介護,ケアマネジャー・居宅介護支援,相談",介護サービスの計画作成や事業所調整を行う相談先です。退院後の生活準備で重要です。,https://sasakicl-hamanasu.jp,鳥取県西伯郡大山町田中646-1,0858-58-2055,厚生労働省オープンデータ,https://www.mhlw.go.jp/content/12300000/jigyosho_430.csv,2025-12末,https://www.google.com/search?q=%E5%8C%BB%E7%99%82%E6%B3%95%E4%BA%BA%E3%80%80%E4%BD%90%E3%80%85%E6%9C%A8%E5%8C%BB%E9%99%A2%20%E5%A4%A7%E5%B1%B1%E7%94%BA
居宅介護支援センター　ル・ソラリオン名和,ケアマネジャー・居宅介護支援,鳥取県,大山町,"介護,ケアマネジャー・居宅介護支援,相談",介護サービスの計画作成や事業所調整を行う相談先です。退院後の生活準備で重要です。,https://www.med-wel.jp/,鳥取県西伯郡大山町西坪５２０番地１,0859-54-6500,厚生労働省オープンデータ,https://www.mhlw.go.jp/content/12300000/jigyosho_430.csv,2025-12末,https://www.google.com/search?q=%E5%B1%85%E5%AE%85%E4%BB%8B%E8%AD%B7%E6%94%AF%E6%8F%B4%E3%82%BB%E3%83%B3%E3%82%BF%E3%83%BC%E3%80%80%E3%83%AB%E3%83%BB%E3%82%BD%E3%83%A9%E3%83%AA%E3%82%AA%E3%83%B3%E5%90%8D%E5%92%8C%20%E5%A4%A7%E5%B1%B1%E7%94%BA
ばんだの里指定居宅介護支援事業所,ケアマネジャー・居宅介護支援,鳥取県,大山町,"介護,ケアマネジャー・居宅介護支援,相談",介護サービスの計画作成や事業所調整を行う相談先です。退院後の生活準備で重要です。,https://www.google.com/search?q=%E3%81%B0%E3%82%93%E3%81%A0%E3%81%AE%E9%87%8C%E6%8C%87%E5%AE%9A%E5%B1%85%E5%AE%85%E4%BB%8B%E8%AD%B7%E6%94%AF%E6%8F%B4%E4%BA%8B%E6%A5%AD%E6%89%80%20%E5%A4%A7%E5%B1%B1%E7%94%BA,鳥取県西伯郡大山町安原１１１８－１,0859-53-3001,厚生労働省オープンデータ,https://www.mhlw.go.jp/content/12300000/jigyosho_430.csv,2025-12末,https://www.google.com/search?q=%E3%81%B0%E3%82%93%E3%81%A0%E3%81%AE%E9%87%8C%E6%8C%87%E5%AE%9A%E5%B1%85%E5%AE%85%E4%BB%8B%E8%AD%B7%E6%94%AF%E6%8F%B4%E4%BA%8B%E6%A5%AD%E6%89%80%20%E5%A4%A7%E5%B1%B1%E7%94%BA
ケアプランセンター大山やすらぎの里,ケアマネジャー・居宅介護支援,鳥取県,大山町,"介護,ケアマネジャー・居宅介護支援,相談",介護サービスの計画作成や事業所調整を行う相談先です。退院後の生活準備で重要です。,https://keiaikai-daisen.com/,鳥取県西伯郡大山町唐王２０８,0859-39-5555・,厚生労働省オープンデータ,https://www.mhlw.go.jp/content/12300000/jigyosho_430.csv,2025-12末,https://www.google.com/search?q=%E3%82%B1%E3%82%A2%E3%83%97%E3%83%A9%E3%83%B3%E3%82%BB%E3%83%B3%E3%82%BF%E3%83%BC%E5%A4%A7%E5%B1%B1%E3%82%84%E3%81%99%E3%82%89%E3%81%8E%E3%81%AE%E9%87%8C%20%E5%A4%A7%E5%B1%B1%E7%94%BA
大山町社会福祉協議会居宅介護支援だいせん,ケアマネジャー・居宅介護支援,鳥取県,大山町,"介護,ケアマネジャー・居宅介護支援,相談",介護サービスの計画作成や事業所調整を行う相談先です。退院後の生活準備で重要です。,daisensyakyo.org,鳥取県西伯郡大山町末長５０３番地大山町保健福祉センターだいせん,0859-39-5018,厚生労働省オープンデータ,https://www.mhlw.go.jp/content/12300000/jigyosho_430.csv,2025-12末,https://www.google.com/search?q=%E5%A4%A7%E5%B1%B1%E7%94%BA%E7%A4%BE%E4%BC%9A%E7%A6%8F%E7%A5%89%E5%8D%94%E8%AD%B0%E4%BC%9A%E5%B1%85%E5%AE%85%E4%BB%8B%E8%AD%B7%E6%94%AF%E6%8F%B4%E3%81%A0%E3%81%84%E3%81%9B%E3%82%93%20%E5%A4%A7%E5%B1%B1%E7%94%BA
南部居宅介護支援事業所,ケアマネジャー・居宅介護支援,鳥取県,南部町,"介護,ケアマネジャー・居宅介護支援,相談",介護サービスの計画作成や事業所調整を行う相談先です。退院後の生活準備で重要です。,http://yuraku-houki.net/,鳥取県西伯郡南部町浅井938番地,0859-64-3512,厚生労働省オープンデータ,https://www.mhlw.go.jp/content/12300000/jigyosho_430.csv,2025-12末,https://www.google.com/search?q=%E5%8D%97%E9%83%A8%E5%B1%85%E5%AE%85%E4%BB%8B%E8%AD%B7%E6%94%AF%E6%8F%B4%E4%BA%8B%E6%A5%AD%E6%89%80%20%E5%8D%97%E9%83%A8%E7%94%BA
大山リハビリテーション病院　居宅介護支援事業所,ケアマネジャー・居宅介護支援,鳥取県,伯耆町,"介護,ケアマネジャー・居宅介護支援,相談",介護サービスの計画作成や事業所調整を行う相談先です。退院後の生活準備で重要です。,http://www.drh.or.jp,鳥取県西伯郡伯耆町大原927ー1,0859-68-4111,厚生労働省オープンデータ,https://www.mhlw.go.jp/content/12300000/jigyosho_430.csv,2025-12末,https://www.google.com/search?q=%E5%A4%A7%E5%B1%B1%E3%83%AA%E3%83%8F%E3%83%93%E3%83%AA%E3%83%86%E3%83%BC%E3%82%B7%E3%83%A7%E3%83%B3%E7%97%85%E9%99%A2%E3%80%80%E5%B1%85%E5%AE%85%E4%BB%8B%E8%AD%B7%E6%94%AF%E6%8F%B4%E4%BA%8B%E6%A5%AD%E6%89%80%20%E4%BC%AF%E8%80%86%E7%94%BA
伯耆中央病院居宅介護支援事業所,ケアマネジャー・居宅介護支援,鳥取県,伯耆町,"介護,ケアマネジャー・居宅介護支援,相談",介護サービスの計画作成や事業所調整を行う相談先です。退院後の生活準備で重要です。,http://care-net.biz/31/houkichp/,鳥取県西伯郡伯耆町長山１５２－１,0859-62-1212,厚生労働省オープンデータ,https://www.mhlw.go.jp/content/12300000/jigyosho_430.csv,2025-12末,https://www.google.com/search?q=%E4%BC%AF%E8%80%86%E4%B8%AD%E5%A4%AE%E7%97%85%E9%99%A2%E5%B1%85%E5%AE%85%E4%BB%8B%E8%AD%B7%E6%94%AF%E6%8F%B4%E4%BA%8B%E6%A5%AD%E6%89%80%20%E4%BC%AF%E8%80%86%E7%94%BA
伯耆町社会福祉協議会　居宅介護支援事業所,ケアマネジャー・居宅介護支援,鳥取県,伯耆町,"介護,ケアマネジャー・居宅介護支援,相談",介護サービスの計画作成や事業所調整を行う相談先です。退院後の生活準備で重要です。,https://www.google.com/search?q=%E4%BC%AF%E8%80%86%E7%94%BA%E7%A4%BE%E4%BC%9A%E7%A6%8F%E7%A5%89%E5%8D%94%E8%AD%B0%E4%BC%9A%E3%80%80%E5%B1%85%E5%AE%85%E4%BB%8B%E8%AD%B7%E6%94%AF%E6%8F%B4%E4%BA%8B%E6%A5%AD%E6%89%80%20%E4%BC%AF%E8%80%86%E7%94%BA,鳥取県西伯郡伯耆町大殿1030番地1,0859-68-5200,厚生労働省オープンデータ,https://www.mhlw.go.jp/content/12300000/jigyosho_430.csv,2025-12末,https://www.google.com/search?q=%E4%BC%AF%E8%80%86%E7%94%BA%E7%A4%BE%E4%BC%9A%E7%A6%8F%E7%A5%89%E5%8D%94%E8%AD%B0%E4%BC%9A%E3%80%80%E5%B1%85%E5%AE%85%E4%BB%8B%E8%AD%B7%E6%94%AF%E6%8F%B4%E4%BA%8B%E6%A5%AD%E6%89%80%20%E4%BC%AF%E8%80%86%E7%94%BA
日南町国民健康保険　日南病院,ケアマネジャー・居宅介護支援,鳥取県,日南町,"介護,ケアマネジャー・居宅介護支援,相談",介護サービスの計画作成や事業所調整を行う相談先です。退院後の生活準備で重要です。,http://nichinan-hospital.jp/,鳥取県日野郡日南町生山５１１番地７,0859-82-1235,厚生労働省オープンデータ,https://www.mhlw.go.jp/content/12300000/jigyosho_430.csv,2025-12末,https://www.google.com/search?q=%E6%97%A5%E5%8D%97%E7%94%BA%E5%9B%BD%E6%B0%91%E5%81%A5%E5%BA%B7%E4%BF%9D%E9%99%BA%E3%80%80%E6%97%A5%E5%8D%97%E7%97%85%E9%99%A2%20%E6%97%A5%E5%8D%97%E7%94%BA
ケアプランセンター　あかねの郷,ケアマネジャー・居宅介護支援,鳥取県,日南町,"介護,ケアマネジャー・居宅介護支援,相談",介護サービスの計画作成や事業所調整を行う相談先です。退院後の生活準備で重要です。,https://www.n-akane.jp/guide/,鳥取県日野郡日南町下石見２３１５番地,0859-83-0842,厚生労働省オープンデータ,https://www.mhlw.go.jp/content/12300000/jigyosho_430.csv,2025-12末,https://www.google.com/search?q=%E3%82%B1%E3%82%A2%E3%83%97%E3%83%A9%E3%83%B3%E3%82%BB%E3%83%B3%E3%82%BF%E3%83%BC%E3%80%80%E3%81%82%E3%81%8B%E3%81%AD%E3%81%AE%E9%83%B7%20%E6%97%A5%E5%8D%97%E7%94%BA
ケアプランセンター日翔会,ケアマネジャー・居宅介護支援,鳥取県,日野町,"介護,ケアマネジャー・居宅介護支援,相談",介護サービスの計画作成や事業所調整を行う相談先です。退院後の生活準備で重要です。,http://www.nissyoukai.net/,鳥取県日野郡日野町根雨８９９－１,0859-72-1298,厚生労働省オープンデータ,https://www.mhlw.go.jp/content/12300000/jigyosho_430.csv,2025-12末,https://www.google.com/search?q=%E3%82%B1%E3%82%A2%E3%83%97%E3%83%A9%E3%83%B3%E3%82%BB%E3%83%B3%E3%82%BF%E3%83%BC%E6%97%A5%E7%BF%94%E4%BC%9A%20%E6%97%A5%E9%87%8E%E7%94%BA
日野病院居宅介護支援事業所,ケアマネジャー・居宅介護支援,鳥取県,日野町,"介護,ケアマネジャー・居宅介護支援,相談",介護サービスの計画作成や事業所調整を行う相談先です。退院後の生活準備で重要です。,http:/www.hinohp.com/,鳥取県日野郡日野町野田３３２番地,0859-72-2723,厚生労働省オープンデータ,https://www.mhlw.go.jp/content/12300000/jigyosho_430.csv,2025-12末,https://www.google.com/search?q=%E6%97%A5%E9%87%8E%E7%97%85%E9%99%A2%E5%B1%85%E5%AE%85%E4%BB%8B%E8%AD%B7%E6%94%AF%E6%8F%B4%E4%BA%8B%E6%A5%AD%E6%89%80%20%E6%97%A5%E9%87%8E%E7%94%BA
居宅介護支援プランドオフィス,ケアマネジャー・居宅介護支援,鳥取県,江府町,"介護,ケアマネジャー・居宅介護支援,相談",介護サービスの計画作成や事業所調整を行う相談先です。退院後の生活準備で重要です。,http://www.syoujin.or.jp,鳥取県日野郡江府町大字久連7番地,0859-75-3646,厚生労働省オープンデータ,https://www.mhlw.go.jp/content/12300000/jigyosho_430.csv,2025-12末,https://www.google.com/search?q=%E5%B1%85%E5%AE%85%E4%BB%8B%E8%AD%B7%E6%94%AF%E6%8F%B4%E3%83%97%E3%83%A9%E3%83%B3%E3%83%89%E3%82%AA%E3%83%95%E3%82%A3%E3%82%B9%20%E6%B1%9F%E5%BA%9C%E7%94%BA
気高あすなろ,特別養護老人ホーム,鳥取県,鳥取市,"介護,特別養護老人ホーム,入所",常時介護が必要で在宅生活が難しい方の生活の場となる施設です。入所条件や待機状況を確認します。,http://t-asunaro.or.jp/,鳥取県鳥取市気高町八幡２６８,0857-82-3971,厚生労働省オープンデータ,https://www.mhlw.go.jp/content/12300000/jigyosho_510.csv,2025-12末,https://www.google.com/search?q=%E6%B0%97%E9%AB%98%E3%81%82%E3%81%99%E3%81%AA%E3%82%8D%20%E9%B3%A5%E5%8F%96%E5%B8%82
社会福祉法人あすなろ会　白兎あすなろ,特別養護老人ホーム,鳥取県,鳥取市,"介護,特別養護老人ホーム,入所",常時介護が必要で在宅生活が難しい方の生活の場となる施設です。入所条件や待機状況を確認します。,http://www.t-asunaro.or.jp/,鳥取県鳥取市白兎８番地,0857-59-0111,厚生労働省オープンデータ,https://www.mhlw.go.jp/content/12300000/jigyosho_510.csv,2025-12末,https://www.google.com/search?q=%E7%A4%BE%E4%BC%9A%E7%A6%8F%E7%A5%89%E6%B3%95%E4%BA%BA%E3%81%82%E3%81%99%E3%81%AA%E3%82%8D%E4%BC%9A%E3%80%80%E7%99%BD%E5%85%8E%E3%81%82%E3%81%99%E3%81%AA%E3%82%8D%20%E9%B3%A5%E5%8F%96%E5%B8%82
美和あすなろ,特別養護老人ホーム,鳥取県,鳥取市,"介護,特別養護老人ホーム,入所",常時介護が必要で在宅生活が難しい方の生活の場となる施設です。入所条件や待機状況を確認します。,http://t-asunaro.or.jp/index.shtml,鳥取県鳥取市赤子田４５１,0857-53-5721,厚生労働省オープンデータ,https://www.mhlw.go.jp/content/12300000/jigyosho_510.csv,2025-12末,https://www.google.com/search?q=%E7%BE%8E%E5%92%8C%E3%81%82%E3%81%99%E3%81%AA%E3%82%8D%20%E9%B3%A5%E5%8F%96%E5%B8%82
特別養護老人ホーム若葉台,特別養護老人ホーム,鳥取県,鳥取市,"介護,特別養護老人ホーム,入所",常時介護が必要で在宅生活が難しい方の生活の場となる施設です。入所条件や待機状況を確認します。,http://www.tottorifukushikai.jp,鳥取県鳥取市若葉台南４丁目２番２７号,0857-38-6666,厚生労働省オープンデータ,https://www.mhlw.go.jp/content/12300000/jigyosho_510.csv,2025-12末,https://www.google.com/search?q=%E7%89%B9%E5%88%A5%E9%A4%8A%E8%AD%B7%E8%80%81%E4%BA%BA%E3%83%9B%E3%83%BC%E3%83%A0%E8%8B%A5%E8%91%89%E5%8F%B0%20%E9%B3%A5%E5%8F%96%E5%B8%82
介護老人福祉施設新いなば幸朋苑,特別養護老人ホーム,鳥取県,鳥取市,"介護,特別養護老人ホーム,入所",常時介護が必要で在宅生活が難しい方の生活の場となる施設です。入所条件や待機状況を確認します。,http://www.kohoen.jp,鳥取県鳥取市浜坂222-1,0857-39-8665,厚生労働省オープンデータ,https://www.mhlw.go.jp/content/12300000/jigyosho_510.csv,2025-12末,https://www.google.com/search?q=%E4%BB%8B%E8%AD%B7%E8%80%81%E4%BA%BA%E7%A6%8F%E7%A5%89%E6%96%BD%E8%A8%AD%E6%96%B0%E3%81%84%E3%81%AA%E3%81%B0%E5%B9%B8%E6%9C%8B%E8%8B%91%20%E9%B3%A5%E5%8F%96%E5%B8%82
介護老人福祉施設　にしまち幸朋苑,特別養護老人ホーム,鳥取県,鳥取市,"介護,特別養護老人ホーム,入所",常時介護が必要で在宅生活が難しい方の生活の場となる施設です。入所条件や待機状況を確認します。,http://www.kohoen.jp,鳥取県鳥取市西町5丁目108,0857-25-6517,厚生労働省オープンデータ,https://www.mhlw.go.jp/content/12300000/jigyosho_510.csv,2025-12末,https://www.google.com/search?q=%E4%BB%8B%E8%AD%B7%E8%80%81%E4%BA%BA%E7%A6%8F%E7%A5%89%E6%96%BD%E8%A8%AD%E3%80%80%E3%81%AB%E3%81%97%E3%81%BE%E3%81%A1%E5%B9%B8%E6%9C%8B%E8%8B%91%20%E9%B3%A5%E5%8F%96%E5%B8%82
健推庵こくふ,特別養護老人ホーム,鳥取県,鳥取市,"介護,特別養護老人ホーム,入所",常時介護が必要で在宅生活が難しい方の生活の場となる施設です。入所条件や待機状況を確認します。,http://kensuikai.net/tokuyo_info.html,鳥取県鳥取市国府町新通り2丁目202,0857-50-1205,厚生労働省オープンデータ,https://www.mhlw.go.jp/content/12300000/jigyosho_510.csv,2025-12末,https://www.google.com/search?q=%E5%81%A5%E6%8E%A8%E5%BA%B5%E3%81%93%E3%81%8F%E3%81%B5%20%E9%B3%A5%E5%8F%96%E5%B8%82
河原あすなろ,特別養護老人ホーム,鳥取県,鳥取市,"介護,特別養護老人ホーム,入所",常時介護が必要で在宅生活が難しい方の生活の場となる施設です。入所条件や待機状況を確認します。,http://t-asunaro.or.jp/,鳥取県鳥取市河原町今在家842番地,0858-85-1411,厚生労働省オープンデータ,https://www.mhlw.go.jp/content/12300000/jigyosho_510.csv,2025-12末,https://www.google.com/search?q=%E6%B2%B3%E5%8E%9F%E3%81%82%E3%81%99%E3%81%AA%E3%82%8D%20%E9%B3%A5%E5%8F%96%E5%B8%82
いこいの杜,特別養護老人ホーム,鳥取県,鳥取市,"介護,特別養護老人ホーム,入所",常時介護が必要で在宅生活が難しい方の生活の場となる施設です。入所条件や待機状況を確認します。,http://www.tottori-kousei.jp/gaiyou.html,鳥取県鳥取市湖山町西3丁目113－1,0857-32-0151,厚生労働省オープンデータ,https://www.mhlw.go.jp/content/12300000/jigyosho_510.csv,2025-12末,https://www.google.com/search?q=%E3%81%84%E3%81%93%E3%81%84%E3%81%AE%E6%9D%9C%20%E9%B3%A5%E5%8F%96%E5%B8%82
特別養護老人ホーム　はまゆう,特別養護老人ホーム,鳥取県,鳥取市,"介護,特別養護老人ホーム,入所",常時介護が必要で在宅生活が難しい方の生活の場となる施設です。入所条件や待機状況を確認します。,http://www.hamayu.or.jp/,鳥取県鳥取市服部204番地1,0857-51-7838,厚生労働省オープンデータ,https://www.mhlw.go.jp/content/12300000/jigyosho_510.csv,2025-12末,https://www.google.com/search?q=%E7%89%B9%E5%88%A5%E9%A4%8A%E8%AD%B7%E8%80%81%E4%BA%BA%E3%83%9B%E3%83%BC%E3%83%A0%E3%80%80%E3%81%AF%E3%81%BE%E3%82%86%E3%81%86%20%E9%B3%A5%E5%8F%96%E5%B8%82
特別養護老人ホーム　のでらはまゆう,特別養護老人ホーム,鳥取県,鳥取市,"介護,特別養護老人ホーム,入所",常時介護が必要で在宅生活が難しい方の生活の場となる施設です。入所条件や待機状況を確認します。,http:/www.hamayu.or.jp/,鳥取県鳥取市野寺67番地,0857-51-8188,厚生労働省オープンデータ,https://www.mhlw.go.jp/content/12300000/jigyosho_510.csv,2025-12末,https://www.google.com/search?q=%E7%89%B9%E5%88%A5%E9%A4%8A%E8%AD%B7%E8%80%81%E4%BA%BA%E3%83%9B%E3%83%BC%E3%83%A0%E3%80%80%E3%81%AE%E3%81%A7%E3%82%89%E3%81%AF%E3%81%BE%E3%82%86%E3%81%86%20%E9%B3%A5%E5%8F%96%E5%B8%82
高草あすなろ,特別養護老人ホーム,鳥取県,鳥取市,"介護,特別養護老人ホーム,入所",常時介護が必要で在宅生活が難しい方の生活の場となる施設です。入所条件や待機状況を確認します。,http://www.t-asunaro.or.jp/,鳥取県鳥取市大桷３３０番地,0857-39-1800,厚生労働省オープンデータ,https://www.mhlw.go.jp/content/12300000/jigyosho_510.csv,2025-12末,https://www.google.com/search?q=%E9%AB%98%E8%8D%89%E3%81%82%E3%81%99%E3%81%AA%E3%82%8D%20%E9%B3%A5%E5%8F%96%E5%B8%82
高草あすなろ,特別養護老人ホーム,鳥取県,鳥取市,"介護,特別養護老人ホーム,入所",常時介護が必要で在宅生活が難しい方の生活の場となる施設です。入所条件や待機状況を確認します。,http://www.t-asunaro.or.jp/,鳥取県鳥取市大桷３３０番地,0857-39-1800,厚生労働省オープンデータ,https://www.mhlw.go.jp/content/12300000/jigyosho_510.csv,2025-12末,https://www.google.com/search?q=%E9%AB%98%E8%8D%89%E3%81%82%E3%81%99%E3%81%AA%E3%82%8D%20%E9%B3%A5%E5%8F%96%E5%B8%82
特別養護老人ホームなりすな,特別養護老人ホーム,鳥取県,鳥取市,"介護,特別養護老人ホーム,入所",常時介護が必要で在宅生活が難しい方の生活の場となる施設です。入所条件や待機状況を確認します。,https://www.tottori-aofuku.jp,青谷町善田27-1,0857-85-0117,厚生労働省オープンデータ,https://www.mhlw.go.jp/content/12300000/jigyosho_510.csv,2025-12末,https://www.google.com/search?q=%E7%89%B9%E5%88%A5%E9%A4%8A%E8%AD%B7%E8%80%81%E4%BA%BA%E3%83%9B%E3%83%BC%E3%83%A0%E3%81%AA%E3%82%8A%E3%81%99%E3%81%AA%20%E9%B3%A5%E5%8F%96%E5%B8%82
ふしの白寿苑,特別養護老人ホーム,鳥取県,鳥取市,"介護,特別養護老人ホーム,入所",常時介護が必要で在宅生活が難しい方の生活の場となる施設です。入所条件や待機状況を確認します。,http://www.tottori-kousei.jp/,鳥取県鳥取市伏野1771-36,0857-59-0108,厚生労働省オープンデータ,https://www.mhlw.go.jp/content/12300000/jigyosho_510.csv,2025-12末,https://www.google.com/search?q=%E3%81%B5%E3%81%97%E3%81%AE%E7%99%BD%E5%AF%BF%E8%8B%91%20%E9%B3%A5%E5%8F%96%E5%B8%82
特別養護老人ホームなりすな,特別養護老人ホーム,鳥取県,鳥取市,"介護,特別養護老人ホーム,入所",常時介護が必要で在宅生活が難しい方の生活の場となる施設です。入所条件や待機状況を確認します。,https：//www.tottori-aofuku.jp,鳥取県鳥取市青谷町善田２７－１,0857-85-0117,厚生労働省オープンデータ,https://www.mhlw.go.jp/content/12300000/jigyosho_510.csv,2025-12末,https://www.google.com/search?q=%E7%89%B9%E5%88%A5%E9%A4%8A%E8%AD%B7%E8%80%81%E4%BA%BA%E3%83%9B%E3%83%BC%E3%83%A0%E3%81%AA%E3%82%8A%E3%81%99%E3%81%AA%20%E9%B3%A5%E5%8F%96%E5%B8%82
介護老人福祉施設　よなご幸朋苑,特別養護老人ホーム,鳥取県,米子市,"介護,特別養護老人ホーム,入所",常時介護が必要で在宅生活が難しい方の生活の場となる施設です。入所条件や待機状況を確認します。,http://www.kohoen.jp,鳥取県米子市上後藤　３丁目７番１号,0859-30-0123,厚生労働省オープンデータ,https://www.mhlw.go.jp/content/12300000/jigyosho_510.csv,2025-12末,https://www.google.com/search?q=%E4%BB%8B%E8%AD%B7%E8%80%81%E4%BA%BA%E7%A6%8F%E7%A5%89%E6%96%BD%E8%A8%AD%E3%80%80%E3%82%88%E3%81%AA%E3%81%94%E5%B9%B8%E6%9C%8B%E8%8B%91%20%E7%B1%B3%E5%AD%90%E5%B8%82
介護老人福祉施設　なんぶ幸朋苑,特別養護老人ホーム,鳥取県,米子市,"介護,特別養護老人ホーム,入所",常時介護が必要で在宅生活が難しい方の生活の場となる施設です。入所条件や待機状況を確認します。,http://www.kohoen.jp,鳥取県米子市石井1238番地,0859-26-5566,厚生労働省オープンデータ,https://www.mhlw.go.jp/content/12300000/jigyosho_510.csv,2025-12末,https://www.google.com/search?q=%E4%BB%8B%E8%AD%B7%E8%80%81%E4%BA%BA%E7%A6%8F%E7%A5%89%E6%96%BD%E8%A8%AD%E3%80%80%E3%81%AA%E3%82%93%E3%81%B6%E5%B9%B8%E6%9C%8B%E8%8B%91%20%E7%B1%B3%E5%AD%90%E5%B8%82
介護老人福祉施設ピースポート,特別養護老人ホーム,鳥取県,米子市,"介護,特別養護老人ホーム,入所",常時介護が必要で在宅生活が難しい方の生活の場となる施設です。入所条件や待機状況を確認します。,http://www.hospitown.or.jp/,鳥取県米子市大崎1511番地1,0859-48-2332,厚生労働省オープンデータ,https://www.mhlw.go.jp/content/12300000/jigyosho_510.csv,2025-12末,https://www.google.com/search?q=%E4%BB%8B%E8%AD%B7%E8%80%81%E4%BA%BA%E7%A6%8F%E7%A5%89%E6%96%BD%E8%A8%AD%E3%83%94%E3%83%BC%E3%82%B9%E3%83%9D%E3%83%BC%E3%83%88%20%E7%B1%B3%E5%AD%90%E5%B8%82
皆生みどり苑,特別養護老人ホーム,鳥取県,米子市,"介護,特別養護老人ホーム,入所",常時介護が必要で在宅生活が難しい方の生活の場となる施設です。入所条件や待機状況を確認します。,https://www.tottori-kousei.jp/k-midori.html,鳥取県米子市皆生新田2丁目3-1,0859-32-2500,厚生労働省オープンデータ,https://www.mhlw.go.jp/content/12300000/jigyosho_510.csv,2025-12末,https://www.google.com/search?q=%E7%9A%86%E7%94%9F%E3%81%BF%E3%81%A9%E3%82%8A%E8%8B%91%20%E7%B1%B3%E5%AD%90%E5%B8%82
介護老人福祉施設　きんかい幸朋苑,特別養護老人ホーム,鳥取県,米子市,"介護,特別養護老人ホーム,入所",常時介護が必要で在宅生活が難しい方の生活の場となる施設です。入所条件や待機状況を確認します。,http://www.kohoen.jp,鳥取県米子市錦海町3丁目5番15号,0859-23-6800,厚生労働省オープンデータ,https://www.mhlw.go.jp/content/12300000/jigyosho_510.csv,2025-12末,https://www.google.com/search?q=%E4%BB%8B%E8%AD%B7%E8%80%81%E4%BA%BA%E7%A6%8F%E7%A5%89%E6%96%BD%E8%A8%AD%E3%80%80%E3%81%8D%E3%82%93%E3%81%8B%E3%81%84%E5%B9%B8%E6%9C%8B%E8%8B%91%20%E7%B1%B3%E5%AD%90%E5%B8%82
ユニット型介護老人福祉施設なんぶ幸朋苑,特別養護老人ホーム,鳥取県,米子市,"介護,特別養護老人ホーム,入所",常時介護が必要で在宅生活が難しい方の生活の場となる施設です。入所条件や待機状況を確認します。,http://www.kohoen.jp,鳥取県米子市石井1238番地,0859-26-5566,厚生労働省オープンデータ,https://www.mhlw.go.jp/content/12300000/jigyosho_510.csv,2025-12末,https://www.google.com/search?q=%E3%83%A6%E3%83%8B%E3%83%83%E3%83%88%E5%9E%8B%E4%BB%8B%E8%AD%B7%E8%80%81%E4%BA%BA%E7%A6%8F%E7%A5%89%E6%96%BD%E8%A8%AD%E3%81%AA%E3%82%93%E3%81%B6%E5%B9%B8%E6%9C%8B%E8%8B%91%20%E7%B1%B3%E5%AD%90%E5%B8%82
介護老人福祉施設　博愛苑,特別養護老人ホーム,鳥取県,米子市,"介護,特別養護老人ホーム,入所",常時介護が必要で在宅生活が難しい方の生活の場となる施設です。入所条件や待機状況を確認します。,http://www.hakuaikai-smile.jp/,鳥取県米子市一部555番地,0859-37-1100,厚生労働省オープンデータ,https://www.mhlw.go.jp/content/12300000/jigyosho_510.csv,2025-12末,https://www.google.com/search?q=%E4%BB%8B%E8%AD%B7%E8%80%81%E4%BA%BA%E7%A6%8F%E7%A5%89%E6%96%BD%E8%A8%AD%E3%80%80%E5%8D%9A%E6%84%9B%E8%8B%91%20%E7%B1%B3%E5%AD%90%E5%B8%82
特別養護老人ホーム　いずみの苑,特別養護老人ホーム,鳥取県,米子市,"介護,特別養護老人ホーム,入所",常時介護が必要で在宅生活が難しい方の生活の場となる施設です。入所条件や待機状況を確認します。,https://www.izuminosono.or.jp,鳥取県米子市淀江町淀江1075番地,0859-56-6888,厚生労働省オープンデータ,https://www.mhlw.go.jp/content/12300000/jigyosho_510.csv,2025-12末,https://www.google.com/search?q=%E7%89%B9%E5%88%A5%E9%A4%8A%E8%AD%B7%E8%80%81%E4%BA%BA%E3%83%9B%E3%83%BC%E3%83%A0%E3%80%80%E3%81%84%E3%81%9A%E3%81%BF%E3%81%AE%E8%8B%91%20%E7%B1%B3%E5%AD%90%E5%B8%82
倉吉スターロイヤル,特別養護老人ホーム,鳥取県,倉吉市,"介護,特別養護老人ホーム,入所",常時介護が必要で在宅生活が難しい方の生活の場となる施設です。入所条件や待機状況を確認します。,https://minorifukusikai.com/,鳥取県倉吉市福守町433,0858-28-6318,厚生労働省オープンデータ,https://www.mhlw.go.jp/content/12300000/jigyosho_510.csv,2025-12末,https://www.google.com/search?q=%E5%80%89%E5%90%89%E3%82%B9%E3%82%BF%E3%83%BC%E3%83%AD%E3%82%A4%E3%83%A4%E3%83%AB%20%E5%80%89%E5%90%89%E5%B8%82
ル・ソラリオン,特別養護老人ホーム,鳥取県,倉吉市,"介護,特別養護老人ホーム,入所",常時介護が必要で在宅生活が難しい方の生活の場となる施設です。入所条件や待機状況を確認します。,https://www.med-wel.jp/,鳥取県倉吉市山根５５番地３,0858-26-0115,厚生労働省オープンデータ,https://www.mhlw.go.jp/content/12300000/jigyosho_510.csv,2025-12末,https://www.google.com/search?q=%E3%83%AB%E3%83%BB%E3%82%BD%E3%83%A9%E3%83%AA%E3%82%AA%E3%83%B3%20%E5%80%89%E5%90%89%E5%B8%82
ユニット型　ル・ソラリオン,特別養護老人ホーム,鳥取県,倉吉市,"介護,特別養護老人ホーム,入所",常時介護が必要で在宅生活が難しい方の生活の場となる施設です。入所条件や待機状況を確認します。,https://www.med‐wel.jp,鳥取県倉吉市山根55番地3,0858－26－0115,厚生労働省オープンデータ,https://www.mhlw.go.jp/content/12300000/jigyosho_510.csv,2025-12末,https://www.google.com/search?q=%E3%83%A6%E3%83%8B%E3%83%83%E3%83%88%E5%9E%8B%E3%80%80%E3%83%AB%E3%83%BB%E3%82%BD%E3%83%A9%E3%83%AA%E3%82%AA%E3%83%B3%20%E5%80%89%E5%90%89%E5%B8%82
介護老人福祉施設　さかい幸朋苑,特別養護老人ホーム,鳥取県,境港市,"介護,特別養護老人ホーム,入所",常時介護が必要で在宅生活が難しい方の生活の場となる施設です。入所条件や待機状況を確認します。,http://www.kohoen.jp,鳥取県境港市誠道町2083番地,0859-45-6781,厚生労働省オープンデータ,https://www.mhlw.go.jp/content/12300000/jigyosho_510.csv,2025-12末,https://www.google.com/search?q=%E4%BB%8B%E8%AD%B7%E8%80%81%E4%BA%BA%E7%A6%8F%E7%A5%89%E6%96%BD%E8%A8%AD%E3%80%80%E3%81%95%E3%81%8B%E3%81%84%E5%B9%B8%E6%9C%8B%E8%8B%91%20%E5%A2%83%E6%B8%AF%E5%B8%82
介護老人福祉施設　新さかい幸朋苑,特別養護老人ホーム,鳥取県,境港市,"介護,特別養護老人ホーム,入所",常時介護が必要で在宅生活が難しい方の生活の場となる施設です。入所条件や待機状況を確認します。,http://www.kohoen.jp,鳥取県境港市上道町2053番地1,0859-47-6511,厚生労働省オープンデータ,https://www.mhlw.go.jp/content/12300000/jigyosho_510.csv,2025-12末,https://www.google.com/search?q=%E4%BB%8B%E8%AD%B7%E8%80%81%E4%BA%BA%E7%A6%8F%E7%A5%89%E6%96%BD%E8%A8%AD%E3%80%80%E6%96%B0%E3%81%95%E3%81%8B%E3%81%84%E5%B9%B8%E6%9C%8B%E8%8B%91%20%E5%A2%83%E6%B8%AF%E5%B8%82
岩井あすなろ,特別養護老人ホーム,鳥取県,岩美町,"介護,特別養護老人ホーム,入所",常時介護が必要で在宅生活が難しい方の生活の場となる施設です。入所条件や待機状況を確認します。,http://www.t-asunaro.or.jp,鳥取県岩美郡岩美町宇治１０３４,0857-72-3571,厚生労働省オープンデータ,https://www.mhlw.go.jp/content/12300000/jigyosho_510.csv,2025-12末,https://www.google.com/search?q=%E5%B2%A9%E4%BA%95%E3%81%82%E3%81%99%E3%81%AA%E3%82%8D%20%E5%B2%A9%E7%BE%8E%E7%94%BA
岩井あすなろ,特別養護老人ホーム,鳥取県,岩美町,"介護,特別養護老人ホーム,入所",常時介護が必要で在宅生活が難しい方の生活の場となる施設です。入所条件や待機状況を確認します。,http://www.t-asunaro.or.jp,鳥取県岩美郡岩美町宇治１０３４,0857-72-3571,厚生労働省オープンデータ,https://www.mhlw.go.jp/content/12300000/jigyosho_510.csv,2025-12末,https://www.google.com/search?q=%E5%B2%A9%E4%BA%95%E3%81%82%E3%81%99%E3%81%AA%E3%82%8D%20%E5%B2%A9%E7%BE%8E%E7%94%BA
わかさ・あすなろ,特別養護老人ホーム,鳥取県,若桜町,"介護,特別養護老人ホーム,入所",常時介護が必要で在宅生活が難しい方の生活の場となる施設です。入所条件や待機状況を確認します。,http//:www.t-asunaro.or.jp,鳥取県八頭郡若桜町若桜１２３８,0858-82-5151,厚生労働省オープンデータ,https://www.mhlw.go.jp/content/12300000/jigyosho_510.csv,2025-12末,https://www.google.com/search?q=%E3%82%8F%E3%81%8B%E3%81%95%E3%83%BB%E3%81%82%E3%81%99%E3%81%AA%E3%82%8D%20%E8%8B%A5%E6%A1%9C%E7%94%BA
智頭町立智頭心和苑,特別養護老人ホーム,鳥取県,智頭町,"介護,特別養護老人ホーム,入所",常時介護が必要で在宅生活が難しい方の生活の場となる施設です。入所条件や待機状況を確認します。,https://www.google.com/search?q=%E6%99%BA%E9%A0%AD%E7%94%BA%E7%AB%8B%E6%99%BA%E9%A0%AD%E5%BF%83%E5%92%8C%E8%8B%91%20%E6%99%BA%E9%A0%AD%E7%94%BA,鳥取県八頭郡智頭町大字智頭１８７５番地,0858-75-2717,厚生労働省オープンデータ,https://www.mhlw.go.jp/content/12300000/jigyosho_510.csv,2025-12末,https://www.google.com/search?q=%E6%99%BA%E9%A0%AD%E7%94%BA%E7%AB%8B%E6%99%BA%E9%A0%AD%E5%BF%83%E5%92%8C%E8%8B%91%20%E6%99%BA%E9%A0%AD%E7%94%BA
特別養護老人ホームすこやか,特別養護老人ホーム,鳥取県,八頭町,"介護,特別養護老人ホーム,入所",常時介護が必要で在宅生活が難しい方の生活の場となる施設です。入所条件や待機状況を確認します。,https://swc-yazu.studio.site/,鳥取県八頭郡八頭町宮谷１７４番地１,0858-76-7601,厚生労働省オープンデータ,https://www.mhlw.go.jp/content/12300000/jigyosho_510.csv,2025-12末,https://www.google.com/search?q=%E7%89%B9%E5%88%A5%E9%A4%8A%E8%AD%B7%E8%80%81%E4%BA%BA%E3%83%9B%E3%83%BC%E3%83%A0%E3%81%99%E3%81%93%E3%82%84%E3%81%8B%20%E5%85%AB%E9%A0%AD%E7%94%BA
三朝温泉三喜苑　介護老人福祉施設,特別養護老人ホーム,鳥取県,三朝町,"介護,特別養護老人ホーム,入所",常時介護が必要で在宅生活が難しい方の生活の場となる施設です。入所条件や待機状況を確認します。,http://www.sankien.jp,鳥取県東伯郡三朝町横手３９６番地,0858-43-3322,厚生労働省オープンデータ,https://www.mhlw.go.jp/content/12300000/jigyosho_510.csv,2025-12末,https://www.google.com/search?q=%E4%B8%89%E6%9C%9D%E6%B8%A9%E6%B3%89%E4%B8%89%E5%96%9C%E8%8B%91%E3%80%80%E4%BB%8B%E8%AD%B7%E8%80%81%E4%BA%BA%E7%A6%8F%E7%A5%89%E6%96%BD%E8%A8%AD%20%E4%B8%89%E6%9C%9D%E7%94%BA
湯梨浜はごろも苑,特別養護老人ホーム,鳥取県,湯梨浜町,"介護,特別養護老人ホーム,入所",常時介護が必要で在宅生活が難しい方の生活の場となる施設です。入所条件や待機状況を確認します。,https://www.tottori-kousei.jp/hagoromo.html,鳥取県東伯郡湯梨浜町上浅津４０７,0858-41-1701,厚生労働省オープンデータ,https://www.mhlw.go.jp/content/12300000/jigyosho_510.csv,2025-12末,https://www.google.com/search?q=%E6%B9%AF%E6%A2%A8%E6%B5%9C%E3%81%AF%E3%81%94%E3%82%8D%E3%82%82%E8%8B%91%20%E6%B9%AF%E6%A2%A8%E6%B5%9C%E7%94%BA
介護老人福祉施設　百寿苑,特別養護老人ホーム,鳥取県,琴浦町,"介護,特別養護老人ホーム,入所",常時介護が必要で在宅生活が難しい方の生活の場となる施設です。入所条件や待機状況を確認します。,http://www.hyakujyuen.jp/,鳥取県東伯郡琴浦町赤碕１０６１－３,0858-55-2051,厚生労働省オープンデータ,https://www.mhlw.go.jp/content/12300000/jigyosho_510.csv,2025-12末,https://www.google.com/search?q=%E4%BB%8B%E8%AD%B7%E8%80%81%E4%BA%BA%E7%A6%8F%E7%A5%89%E6%96%BD%E8%A8%AD%E3%80%80%E7%99%BE%E5%AF%BF%E8%8B%91%20%E7%90%B4%E6%B5%A6%E7%94%BA
介護老人福祉施設　みどり園,特別養護老人ホーム,鳥取県,琴浦町,"介護,特別養護老人ホーム,入所",常時介護が必要で在宅生活が難しい方の生活の場となる施設です。入所条件や待機状況を確認します。,http://hp1.tcbnet.ne.jp/~midori/,鳥取県東伯郡琴浦町八橋1937番地,0858-53-2820,厚生労働省オープンデータ,https://www.mhlw.go.jp/content/12300000/jigyosho_510.csv,2025-12末,https://www.google.com/search?q=%E4%BB%8B%E8%AD%B7%E8%80%81%E4%BA%BA%E7%A6%8F%E7%A5%89%E6%96%BD%E8%A8%AD%E3%80%80%E3%81%BF%E3%81%A9%E3%82%8A%E5%9C%92%20%E7%90%B4%E6%B5%A6%E7%94%BA
介護老人福祉施設ル・ソラリオン名和,特別養護老人ホーム,鳥取県,大山町,"介護,特別養護老人ホーム,入所",常時介護が必要で在宅生活が難しい方の生活の場となる施設です。入所条件や待機状況を確認します。,https://www.med-wel.jp,鳥取県西伯郡大山町西坪５２０番地１,0859-54-6500,厚生労働省オープンデータ,https://www.mhlw.go.jp/content/12300000/jigyosho_510.csv,2025-12末,https://www.google.com/search?q=%E4%BB%8B%E8%AD%B7%E8%80%81%E4%BA%BA%E7%A6%8F%E7%A5%89%E6%96%BD%E8%A8%AD%E3%83%AB%E3%83%BB%E3%82%BD%E3%83%A9%E3%83%AA%E3%82%AA%E3%83%B3%E5%90%8D%E5%92%8C%20%E5%A4%A7%E5%B1%B1%E7%94%BA
特別養護老人ホーム　大山やすらぎの里,特別養護老人ホーム,鳥取県,大山町,"介護,特別養護老人ホーム,入所",常時介護が必要で在宅生活が難しい方の生活の場となる施設です。入所条件や待機状況を確認します。,https://keiaikai-daisen.com,鳥取県西伯郡大山町唐王２０８,0859-39-5555,厚生労働省オープンデータ,https://www.mhlw.go.jp/content/12300000/jigyosho_510.csv,2025-12末,https://www.google.com/search?q=%E7%89%B9%E5%88%A5%E9%A4%8A%E8%AD%B7%E8%80%81%E4%BA%BA%E3%83%9B%E3%83%BC%E3%83%A0%E3%80%80%E5%A4%A7%E5%B1%B1%E3%82%84%E3%81%99%E3%82%89%E3%81%8E%E3%81%AE%E9%87%8C%20%E5%A4%A7%E5%B1%B1%E7%94%BA
特別養護老人ホーム　ゆうらく,特別養護老人ホーム,鳥取県,南部町,"介護,特別養護老人ホーム,入所",常時介護が必要で在宅生活が難しい方の生活の場となる施設です。入所条件や待機状況を確認します。,yuraku-houki.net,鳥取県西伯郡南部町落合480,0859-66-2253,厚生労働省オープンデータ,https://www.mhlw.go.jp/content/12300000/jigyosho_510.csv,2025-12末,https://www.google.com/search?q=%E7%89%B9%E5%88%A5%E9%A4%8A%E8%AD%B7%E8%80%81%E4%BA%BA%E3%83%9B%E3%83%BC%E3%83%A0%E3%80%80%E3%82%86%E3%81%86%E3%82%89%E3%81%8F%20%E5%8D%97%E9%83%A8%E7%94%BA
特別養護老人ホーム　ことぶき,特別養護老人ホーム,鳥取県,伯耆町,"介護,特別養護老人ホーム,入所",常時介護が必要で在宅生活が難しい方の生活の場となる施設です。入所条件や待機状況を確認します。,https://www.google.com/search?q=%E7%89%B9%E5%88%A5%E9%A4%8A%E8%AD%B7%E8%80%81%E4%BA%BA%E3%83%9B%E3%83%BC%E3%83%A0%E3%80%80%E3%81%93%E3%81%A8%E3%81%B6%E3%81%8D%20%E4%BC%AF%E8%80%86%E7%94%BA,鳥取県西伯郡伯耆町長山１６１番地１,0859-39-9700,厚生労働省オープンデータ,https://www.mhlw.go.jp/content/12300000/jigyosho_510.csv,2025-12末,https://www.google.com/search?q=%E7%89%B9%E5%88%A5%E9%A4%8A%E8%AD%B7%E8%80%81%E4%BA%BA%E3%83%9B%E3%83%BC%E3%83%A0%E3%80%80%E3%81%93%E3%81%A8%E3%81%B6%E3%81%8D%20%E4%BC%AF%E8%80%86%E7%94%BA
特別養護老人ホーム　あかねの郷,特別養護老人ホーム,鳥取県,日南町,"介護,特別養護老人ホーム,入所",常時介護が必要で在宅生活が難しい方の生活の場となる施設です。入所条件や待機状況を確認します。,http://www.n-akane.jp,鳥取県日野郡日南町下石見２３１５番地,0859-83-0842,厚生労働省オープンデータ,https://www.mhlw.go.jp/content/12300000/jigyosho_510.csv,2025-12末,https://www.google.com/search?q=%E7%89%B9%E5%88%A5%E9%A4%8A%E8%AD%B7%E8%80%81%E4%BA%BA%E3%83%9B%E3%83%BC%E3%83%A0%E3%80%80%E3%81%82%E3%81%8B%E3%81%AD%E3%81%AE%E9%83%B7%20%E6%97%A5%E5%8D%97%E7%94%BA
特別養護老人ホームあいご,特別養護老人ホーム,鳥取県,日野町,"介護,特別養護老人ホーム,入所",常時介護が必要で在宅生活が難しい方の生活の場となる施設です。入所条件や待機状況を確認します。,http://www.nissyoukai.net/,鳥取県日野郡日野町根雨７３０番地,0859-77-0777,厚生労働省オープンデータ,https://www.mhlw.go.jp/content/12300000/jigyosho_510.csv,2025-12末,https://www.google.com/search?q=%E7%89%B9%E5%88%A5%E9%A4%8A%E8%AD%B7%E8%80%81%E4%BA%BA%E3%83%9B%E3%83%BC%E3%83%A0%E3%81%82%E3%81%84%E3%81%94%20%E6%97%A5%E9%87%8E%E7%94%BA
特別養護老人ホーム江美の郷,特別養護老人ホーム,鳥取県,江府町,"介護,特別養護老人ホーム,入所",常時介護が必要で在宅生活が難しい方の生活の場となる施設です。入所条件や待機状況を確認します。,http://www.syoujin.or.jp,鳥取県日野郡江府町大字久連７番地,0859-75-3626,厚生労働省オープンデータ,https://www.mhlw.go.jp/content/12300000/jigyosho_510.csv,2025-12末,https://www.google.com/search?q=%E7%89%B9%E5%88%A5%E9%A4%8A%E8%AD%B7%E8%80%81%E4%BA%BA%E3%83%9B%E3%83%BC%E3%83%A0%E6%B1%9F%E7%BE%8E%E3%81%AE%E9%83%B7%20%E6%B1%9F%E5%BA%9C%E7%94%BA
老人保健施設ふたば,介護老人保健施設,鳥取県,鳥取市,"介護,介護老人保健施設,リハビリ",病院退院後すぐ自宅へ戻るのが不安な場合に、リハビリをしながら在宅復帰を目指す施設です。,https://www.google.com/search?q=%E8%80%81%E4%BA%BA%E4%BF%9D%E5%81%A5%E6%96%BD%E8%A8%AD%E3%81%B5%E3%81%9F%E3%81%B0%20%E9%B3%A5%E5%8F%96%E5%B8%82,鳥取県鳥取市国府町稲葉丘3丁目303番地,0857-23-1830,厚生労働省オープンデータ,https://www.mhlw.go.jp/content/12300000/jigyosho_520.csv,2025-12末,https://www.google.com/search?q=%E8%80%81%E4%BA%BA%E4%BF%9D%E5%81%A5%E6%96%BD%E8%A8%AD%E3%81%B5%E3%81%9F%E3%81%B0%20%E9%B3%A5%E5%8F%96%E5%B8%82
介護老人保健施設ウェルケアいなば,介護老人保健施設,鳥取県,鳥取市,"介護,介護老人保健施設,リハビリ",病院退院後すぐ自宅へ戻るのが不安な場合に、リハビリをしながら在宅復帰を目指す施設です。,http://www.tokuwakai.jp/,鳥取県鳥取市河原町稲常463番地介護老人保健施設ウェルケアいなば,0858-85-1681,厚生労働省オープンデータ,https://www.mhlw.go.jp/content/12300000/jigyosho_520.csv,2025-12末,https://www.google.com/search?q=%E4%BB%8B%E8%AD%B7%E8%80%81%E4%BA%BA%E4%BF%9D%E5%81%A5%E6%96%BD%E8%A8%AD%E3%82%A6%E3%82%A7%E3%83%AB%E3%82%B1%E3%82%A2%E3%81%84%E3%81%AA%E3%81%B0%20%E9%B3%A5%E5%8F%96%E5%B8%82
介護老人保健施設いなば幸朋苑,介護老人保健施設,鳥取県,鳥取市,"介護,介護老人保健施設,リハビリ",病院退院後すぐ自宅へ戻るのが不安な場合に、リハビリをしながら在宅復帰を目指す施設です。,http://www.kohoen.jp,鳥取県鳥取市浜坂２２８番地1,0857-23-6611,厚生労働省オープンデータ,https://www.mhlw.go.jp/content/12300000/jigyosho_520.csv,2025-12末,https://www.google.com/search?q=%E4%BB%8B%E8%AD%B7%E8%80%81%E4%BA%BA%E4%BF%9D%E5%81%A5%E6%96%BD%E8%A8%AD%E3%81%84%E3%81%AA%E3%81%B0%E5%B9%B8%E6%9C%8B%E8%8B%91%20%E9%B3%A5%E5%8F%96%E5%B8%82
ユニット型介護老人保健施設いなば幸朋苑,介護老人保健施設,鳥取県,鳥取市,"介護,介護老人保健施設,リハビリ",病院退院後すぐ自宅へ戻るのが不安な場合に、リハビリをしながら在宅復帰を目指す施設です。,http://www.kohoen.jp,鳥取県鳥取市浜坂228番地１,0857-23-6611,厚生労働省オープンデータ,https://www.mhlw.go.jp/content/12300000/jigyosho_520.csv,2025-12末,https://www.google.com/search?q=%E3%83%A6%E3%83%8B%E3%83%83%E3%83%88%E5%9E%8B%E4%BB%8B%E8%AD%B7%E8%80%81%E4%BA%BA%E4%BF%9D%E5%81%A5%E6%96%BD%E8%A8%AD%E3%81%84%E3%81%AA%E3%81%B0%E5%B9%B8%E6%9C%8B%E8%8B%91%20%E9%B3%A5%E5%8F%96%E5%B8%82
介護老人保健施設　みやこ苑,介護老人保健施設,鳥取県,鳥取市,"介護,介護老人保健施設,リハビリ",病院退院後すぐ自宅へ戻るのが不安な場合に、リハビリをしながら在宅復帰を目指す施設です。,http://www.miyakoen.jp/,鳥取県鳥取市三津1072番地307,0857-38-3838,厚生労働省オープンデータ,https://www.mhlw.go.jp/content/12300000/jigyosho_520.csv,2025-12末,https://www.google.com/search?q=%E4%BB%8B%E8%AD%B7%E8%80%81%E4%BA%BA%E4%BF%9D%E5%81%A5%E6%96%BD%E8%A8%AD%E3%80%80%E3%81%BF%E3%82%84%E3%81%93%E8%8B%91%20%E9%B3%A5%E5%8F%96%E5%B8%82
老人保健施設はまゆう,介護老人保健施設,鳥取県,鳥取市,"介護,介護老人保健施設,リハビリ",病院退院後すぐ自宅へ戻るのが不安な場合に、リハビリをしながら在宅復帰を目指す施設です。,https://hamayu.or.jp,鳥取県鳥取市野寺62番地1,0857-51-7801,厚生労働省オープンデータ,https://www.mhlw.go.jp/content/12300000/jigyosho_520.csv,2025-12末,https://www.google.com/search?q=%E8%80%81%E4%BA%BA%E4%BF%9D%E5%81%A5%E6%96%BD%E8%A8%AD%E3%81%AF%E3%81%BE%E3%82%86%E3%81%86%20%E9%B3%A5%E5%8F%96%E5%B8%82
介護老人保健施設　まさたみの郷,介護老人保健施設,鳥取県,鳥取市,"介護,介護老人保健施設,リハビリ",病院退院後すぐ自宅へ戻るのが不安な場合に、リハビリをしながら在宅復帰を目指す施設です。,http://masataminosato.jp/,鳥取県鳥取市杉崎５９６番地,0857-53-0002,厚生労働省オープンデータ,https://www.mhlw.go.jp/content/12300000/jigyosho_520.csv,2025-12末,https://www.google.com/search?q=%E4%BB%8B%E8%AD%B7%E8%80%81%E4%BA%BA%E4%BF%9D%E5%81%A5%E6%96%BD%E8%A8%AD%E3%80%80%E3%81%BE%E3%81%95%E3%81%9F%E3%81%BF%E3%81%AE%E9%83%B7%20%E9%B3%A5%E5%8F%96%E5%B8%82
鳥取市介護老人保健施設やすらぎ,介護老人保健施設,鳥取県,鳥取市,"介護,介護老人保健施設,リハビリ",病院退院後すぐ自宅へ戻るのが不安な場合に、リハビリをしながら在宅復帰を目指す施設です。,https://www.google.com/search?q=%E9%B3%A5%E5%8F%96%E5%B8%82%E4%BB%8B%E8%AD%B7%E8%80%81%E4%BA%BA%E4%BF%9D%E5%81%A5%E6%96%BD%E8%A8%AD%E3%82%84%E3%81%99%E3%82%89%E3%81%8E%20%E9%B3%A5%E5%8F%96%E5%B8%82,鳥取県鳥取市的場１丁目１１,0857-53-5770,厚生労働省オープンデータ,https://www.mhlw.go.jp/content/12300000/jigyosho_520.csv,2025-12末,https://www.google.com/search?q=%E9%B3%A5%E5%8F%96%E5%B8%82%E4%BB%8B%E8%AD%B7%E8%80%81%E4%BA%BA%E4%BF%9D%E5%81%A5%E6%96%BD%E8%A8%AD%E3%82%84%E3%81%99%E3%82%89%E3%81%8E%20%E9%B3%A5%E5%8F%96%E5%B8%82
介護老人保健施設ル・サンテリオン鹿野,介護老人保健施設,鳥取県,鳥取市,"介護,介護老人保健施設,リハビリ",病院退院後すぐ自宅へ戻るのが不安な場合に、リハビリをしながら在宅復帰を目指す施設です。,https://www.med-wel.jp/,鳥取県鳥取市鹿野町今市８０,0857-84-3700,厚生労働省オープンデータ,https://www.mhlw.go.jp/content/12300000/jigyosho_520.csv,2025-12末,https://www.google.com/search?q=%E4%BB%8B%E8%AD%B7%E8%80%81%E4%BA%BA%E4%BF%9D%E5%81%A5%E6%96%BD%E8%A8%AD%E3%83%AB%E3%83%BB%E3%82%B5%E3%83%B3%E3%83%86%E3%83%AA%E3%82%AA%E3%83%B3%E9%B9%BF%E9%87%8E%20%E9%B3%A5%E5%8F%96%E5%B8%82
ユニット型介護老人保健施設　まさたみの郷,介護老人保健施設,鳥取県,鳥取市,"介護,介護老人保健施設,リハビリ",病院退院後すぐ自宅へ戻るのが不安な場合に、リハビリをしながら在宅復帰を目指す施設です。,http://www.masataminosato.jp/,鳥取県鳥取市杉崎５９６番地介護老人保健施設まさたみの郷,0857-53-0002,厚生労働省オープンデータ,https://www.mhlw.go.jp/content/12300000/jigyosho_520.csv,2025-12末,https://www.google.com/search?q=%E3%83%A6%E3%83%8B%E3%83%83%E3%83%88%E5%9E%8B%E4%BB%8B%E8%AD%B7%E8%80%81%E4%BA%BA%E4%BF%9D%E5%81%A5%E6%96%BD%E8%A8%AD%E3%80%80%E3%81%BE%E3%81%95%E3%81%9F%E3%81%BF%E3%81%AE%E9%83%B7%20%E9%B3%A5%E5%8F%96%E5%B8%82
ユニット型介護老人保健施設　みやこ苑,介護老人保健施設,鳥取県,鳥取市,"介護,介護老人保健施設,リハビリ",病院退院後すぐ自宅へ戻るのが不安な場合に、リハビリをしながら在宅復帰を目指す施設です。,http://www.miyakoen.jp/,鳥取県鳥取市三津1072番地307,0857-38-3838,厚生労働省オープンデータ,https://www.mhlw.go.jp/content/12300000/jigyosho_520.csv,2025-12末,https://www.google.com/search?q=%E3%83%A6%E3%83%8B%E3%83%83%E3%83%88%E5%9E%8B%E4%BB%8B%E8%AD%B7%E8%80%81%E4%BA%BA%E4%BF%9D%E5%81%A5%E6%96%BD%E8%A8%AD%E3%80%80%E3%81%BF%E3%82%84%E3%81%93%E8%8B%91%20%E9%B3%A5%E5%8F%96%E5%B8%82
介護老人保健施設　ル・サンテリオン鹿野　ユニット型,介護老人保健施設,鳥取県,鳥取市,"介護,介護老人保健施設,リハビリ",病院退院後すぐ自宅へ戻るのが不安な場合に、リハビリをしながら在宅復帰を目指す施設です。,https：//www.med-wel.jp,鳥取県鳥取市鹿野町今市80,0857-84-3700,厚生労働省オープンデータ,https://www.mhlw.go.jp/content/12300000/jigyosho_520.csv,2025-12末,https://www.google.com/search?q=%E4%BB%8B%E8%AD%B7%E8%80%81%E4%BA%BA%E4%BF%9D%E5%81%A5%E6%96%BD%E8%A8%AD%E3%80%80%E3%83%AB%E3%83%BB%E3%82%B5%E3%83%B3%E3%83%86%E3%83%AA%E3%82%AA%E3%83%B3%E9%B9%BF%E9%87%8E%E3%80%80%E3%83%A6%E3%83%8B%E3%83%83%E3%83%88%E5%9E%8B%20%E9%B3%A5%E5%8F%96%E5%B8%82
高島病院介護老人保健施設,介護老人保健施設,鳥取県,米子市,"介護,介護老人保健施設,リハビリ",病院退院後すぐ自宅へ戻るのが不安な場合に、リハビリをしながら在宅復帰を目指す施設です。,http://www.takashima-hp.or.jp,鳥取県米子市西町６番地,0859-32-7711,厚生労働省オープンデータ,https://www.mhlw.go.jp/content/12300000/jigyosho_520.csv,2025-12末,https://www.google.com/search?q=%E9%AB%98%E5%B3%B6%E7%97%85%E9%99%A2%E4%BB%8B%E8%AD%B7%E8%80%81%E4%BA%BA%E4%BF%9D%E5%81%A5%E6%96%BD%E8%A8%AD%20%E7%B1%B3%E5%AD%90%E5%B8%82
介護老人保健施設新田,介護老人保健施設,鳥取県,米子市,"介護,介護老人保健施設,リハビリ",病院退院後すぐ自宅へ戻るのが不安な場合に、リハビリをしながら在宅復帰を目指す施設です。,https://www.google.com/search?q=%E4%BB%8B%E8%AD%B7%E8%80%81%E4%BA%BA%E4%BF%9D%E5%81%A5%E6%96%BD%E8%A8%AD%E6%96%B0%E7%94%B0%20%E7%B1%B3%E5%AD%90%E5%B8%82,鳥取県米子市中島２‐１‐４６,０８５９‐３８‐２３５５,厚生労働省オープンデータ,https://www.mhlw.go.jp/content/12300000/jigyosho_520.csv,2025-12末,https://www.google.com/search?q=%E4%BB%8B%E8%AD%B7%E8%80%81%E4%BA%BA%E4%BF%9D%E5%81%A5%E6%96%BD%E8%A8%AD%E6%96%B0%E7%94%B0%20%E7%B1%B3%E5%AD%90%E5%B8%82
介護老人保健施設やわらぎ,介護老人保健施設,鳥取県,米子市,"介護,介護老人保健施設,リハビリ",病院退院後すぐ自宅へ戻るのが不安な場合に、リハビリをしながら在宅復帰を目指す施設です。,https://yawaragi.doaikai.jp/,鳥取県米子市新開４丁目11-13,0859-31-1000,厚生労働省オープンデータ,https://www.mhlw.go.jp/content/12300000/jigyosho_520.csv,2025-12末,https://www.google.com/search?q=%E4%BB%8B%E8%AD%B7%E8%80%81%E4%BA%BA%E4%BF%9D%E5%81%A5%E6%96%BD%E8%A8%AD%E3%82%84%E3%82%8F%E3%82%89%E3%81%8E%20%E7%B1%B3%E5%AD%90%E5%B8%82
ユニット型介護老人保健施設やわらぎ,介護老人保健施設,鳥取県,米子市,"介護,介護老人保健施設,リハビリ",病院退院後すぐ自宅へ戻るのが不安な場合に、リハビリをしながら在宅復帰を目指す施設です。,https://yawaragi.doaikai.jp/,鳥取県米子市新開4丁目11-13,0859-31-1000,厚生労働省オープンデータ,https://www.mhlw.go.jp/content/12300000/jigyosho_520.csv,2025-12末,https://www.google.com/search?q=%E3%83%A6%E3%83%8B%E3%83%83%E3%83%88%E5%9E%8B%E4%BB%8B%E8%AD%B7%E8%80%81%E4%BA%BA%E4%BF%9D%E5%81%A5%E6%96%BD%E8%A8%AD%E3%82%84%E3%82%8F%E3%82%89%E3%81%8E%20%E7%B1%B3%E5%AD%90%E5%B8%82
介護老人保健施設　あわしま,介護老人保健施設,鳥取県,米子市,"介護,介護老人保健施設,リハビリ",病院退院後すぐ自宅へ戻るのが不安な場合に、リハビリをしながら在宅復帰を目指す施設です。,http://www.chukai.or.jp/awashima/,鳥取県米子市彦名町1250番地,0859-24-1503,厚生労働省オープンデータ,https://www.mhlw.go.jp/content/12300000/jigyosho_520.csv,2025-12末,https://www.google.com/search?q=%E4%BB%8B%E8%AD%B7%E8%80%81%E4%BA%BA%E4%BF%9D%E5%81%A5%E6%96%BD%E8%A8%AD%E3%80%80%E3%81%82%E3%82%8F%E3%81%97%E3%81%BE%20%E7%B1%B3%E5%AD%90%E5%B8%82
介護老人保健施設　ゆうとぴあ,介護老人保健施設,鳥取県,米子市,"介護,介護老人保健施設,リハビリ",病院退院後すぐ自宅へ戻るのが不安な場合に、リハビリをしながら在宅復帰を目指す施設です。,http://www.hospitown.or.jp/,鳥取県米子市河崎581-3,0859-30-3939,厚生労働省オープンデータ,https://www.mhlw.go.jp/content/12300000/jigyosho_520.csv,2025-12末,https://www.google.com/search?q=%E4%BB%8B%E8%AD%B7%E8%80%81%E4%BA%BA%E4%BF%9D%E5%81%A5%E6%96%BD%E8%A8%AD%E3%80%80%E3%82%86%E3%81%86%E3%81%A8%E3%81%B4%E3%81%82%20%E7%B1%B3%E5%AD%90%E5%B8%82
介護老人保健施設なんぶ幸朋苑,介護老人保健施設,鳥取県,米子市,"介護,介護老人保健施設,リハビリ",病院退院後すぐ自宅へ戻るのが不安な場合に、リハビリをしながら在宅復帰を目指す施設です。,http://www.kohoen.jp/untitled58.html,鳥取県米子市石井1238番地,0859-26-5566,厚生労働省オープンデータ,https://www.mhlw.go.jp/content/12300000/jigyosho_520.csv,2025-12末,https://www.google.com/search?q=%E4%BB%8B%E8%AD%B7%E8%80%81%E4%BA%BA%E4%BF%9D%E5%81%A5%E6%96%BD%E8%A8%AD%E3%81%AA%E3%82%93%E3%81%B6%E5%B9%B8%E6%9C%8B%E8%8B%91%20%E7%B1%B3%E5%AD%90%E5%B8%82
介護老人保健施設　弓浜ゆうとぴあ,介護老人保健施設,鳥取県,米子市,"介護,介護老人保健施設,リハビリ",病院退院後すぐ自宅へ戻るのが不安な場合に、リハビリをしながら在宅復帰を目指す施設です。,http://www.hospitown.or.jp,鳥取県米子市大崎1511-1,0859-48-2334,厚生労働省オープンデータ,https://www.mhlw.go.jp/content/12300000/jigyosho_520.csv,2025-12末,https://www.google.com/search?q=%E4%BB%8B%E8%AD%B7%E8%80%81%E4%BA%BA%E4%BF%9D%E5%81%A5%E6%96%BD%E8%A8%AD%E3%80%80%E5%BC%93%E6%B5%9C%E3%82%86%E3%81%86%E3%81%A8%E3%81%B4%E3%81%82%20%E7%B1%B3%E5%AD%90%E5%B8%82
ユニット型介護老人保健施設なんぶ幸朋苑,介護老人保健施設,鳥取県,米子市,"介護,介護老人保健施設,リハビリ",病院退院後すぐ自宅へ戻るのが不安な場合に、リハビリをしながら在宅復帰を目指す施設です。,http://www.kohoen.jp/untitled58.html,鳥取県米子市石井１２３８番地,0859-26-5566,厚生労働省オープンデータ,https://www.mhlw.go.jp/content/12300000/jigyosho_520.csv,2025-12末,https://www.google.com/search?q=%E3%83%A6%E3%83%8B%E3%83%83%E3%83%88%E5%9E%8B%E4%BB%8B%E8%AD%B7%E8%80%81%E4%BA%BA%E4%BF%9D%E5%81%A5%E6%96%BD%E8%A8%AD%E3%81%AA%E3%82%93%E3%81%B6%E5%B9%B8%E6%9C%8B%E8%8B%91%20%E7%B1%B3%E5%AD%90%E5%B8%82
介護老人保健施設仁風荘,介護老人保健施設,鳥取県,米子市,"介護,介護老人保健施設,リハビリ",病院退院後すぐ自宅へ戻るのが不安な場合に、リハビリをしながら在宅復帰を目指す施設です。,http://www.yowakai.com/,鳥取県米子市上後藤３－５－１,0859-24-0007,厚生労働省オープンデータ,https://www.mhlw.go.jp/content/12300000/jigyosho_520.csv,2025-12末,https://www.google.com/search?q=%E4%BB%8B%E8%AD%B7%E8%80%81%E4%BA%BA%E4%BF%9D%E5%81%A5%E6%96%BD%E8%A8%AD%E4%BB%81%E9%A2%A8%E8%8D%98%20%E7%B1%B3%E5%AD%90%E5%B8%82
介護老人保健施設　ル・サンテリオンよどえ,介護老人保健施設,鳥取県,米子市,"介護,介護老人保健施設,リハビリ",病院退院後すぐ自宅へ戻るのが不安な場合に、リハビリをしながら在宅復帰を目指す施設です。,https:/www.med-wel.jp/yodoe/,鳥取県米子市淀江町佐陀２１６９,0859-56-4073,厚生労働省オープンデータ,https://www.mhlw.go.jp/content/12300000/jigyosho_520.csv,2025-12末,https://www.google.com/search?q=%E4%BB%8B%E8%AD%B7%E8%80%81%E4%BA%BA%E4%BF%9D%E5%81%A5%E6%96%BD%E8%A8%AD%E3%80%80%E3%83%AB%E3%83%BB%E3%82%B5%E3%83%B3%E3%83%86%E3%83%AA%E3%82%AA%E3%83%B3%E3%82%88%E3%81%A9%E3%81%88%20%E7%B1%B3%E5%AD%90%E5%B8%82
介護老人保健施設　ル・サンテリオンよどえ　ユニット型,介護老人保健施設,鳥取県,米子市,"介護,介護老人保健施設,リハビリ",病院退院後すぐ自宅へ戻るのが不安な場合に、リハビリをしながら在宅復帰を目指す施設です。,https:/www.med-wel.jp/yodoe/,鳥取県米子市淀江町佐陀2169,0859-56-4073,厚生労働省オープンデータ,https://www.mhlw.go.jp/content/12300000/jigyosho_520.csv,2025-12末,https://www.google.com/search?q=%E4%BB%8B%E8%AD%B7%E8%80%81%E4%BA%BA%E4%BF%9D%E5%81%A5%E6%96%BD%E8%A8%AD%E3%80%80%E3%83%AB%E3%83%BB%E3%82%B5%E3%83%B3%E3%83%86%E3%83%AA%E3%82%AA%E3%83%B3%E3%82%88%E3%81%A9%E3%81%88%E3%80%80%E3%83%A6%E3%83%8B%E3%83%83%E3%83%88%E5%9E%8B%20%E7%B1%B3%E5%AD%90%E5%B8%82
ユニット型介護老人保健施設仁風荘,介護老人保健施設,鳥取県,米子市,"介護,介護老人保健施設,リハビリ",病院退院後すぐ自宅へ戻るのが不安な場合に、リハビリをしながら在宅復帰を目指す施設です。,http://www.yowakai.com/,鳥取県米子市上後藤３－５－１,0859-24-0007,厚生労働省オープンデータ,https://www.mhlw.go.jp/content/12300000/jigyosho_520.csv,2025-12末,https://www.google.com/search?q=%E3%83%A6%E3%83%8B%E3%83%83%E3%83%88%E5%9E%8B%E4%BB%8B%E8%AD%B7%E8%80%81%E4%BA%BA%E4%BF%9D%E5%81%A5%E6%96%BD%E8%A8%AD%E4%BB%81%E9%A2%A8%E8%8D%98%20%E7%B1%B3%E5%AD%90%E5%B8%82
介護老人保健施設アイアイ,介護老人保健施設,鳥取県,米子市,"介護,介護老人保健施設,リハビリ",病院退院後すぐ自宅へ戻るのが不安な場合に、リハビリをしながら在宅復帰を目指す施設です。,http://sfg21.com/aiai/,鳥取県米子市榎原1823,0859-39-7700,厚生労働省オープンデータ,https://www.mhlw.go.jp/content/12300000/jigyosho_520.csv,2025-12末,https://www.google.com/search?q=%E4%BB%8B%E8%AD%B7%E8%80%81%E4%BA%BA%E4%BF%9D%E5%81%A5%E6%96%BD%E8%A8%AD%E3%82%A2%E3%82%A4%E3%82%A2%E3%82%A4%20%E7%B1%B3%E5%AD%90%E5%B8%82
介護老人保健施設　うつぶき,介護老人保健施設,鳥取県,倉吉市,"介護,介護老人保健施設,リハビリ",病院退院後すぐ自宅へ戻るのが不安な場合に、リハビリをしながら在宅復帰を目指す施設です。,http://seiwa-med.jp/roukenutsubuki/,鳥取県倉吉市上井301,0858-26-6331,厚生労働省オープンデータ,https://www.mhlw.go.jp/content/12300000/jigyosho_520.csv,2025-12末,https://www.google.com/search?q=%E4%BB%8B%E8%AD%B7%E8%80%81%E4%BA%BA%E4%BF%9D%E5%81%A5%E6%96%BD%E8%A8%AD%E3%80%80%E3%81%86%E3%81%A4%E3%81%B6%E3%81%8D%20%E5%80%89%E5%90%89%E5%B8%82
介護老人保健施設　ル・サンテリオン,介護老人保健施設,鳥取県,倉吉市,"介護,介護老人保健施設,リハビリ",病院退院後すぐ自宅へ戻るのが不安な場合に、リハビリをしながら在宅復帰を目指す施設です。,https://www.med-wel.jp/,鳥取県倉吉市山根５５－２３３,0858-26-3051,厚生労働省オープンデータ,https://www.mhlw.go.jp/content/12300000/jigyosho_520.csv,2025-12末,https://www.google.com/search?q=%E4%BB%8B%E8%AD%B7%E8%80%81%E4%BA%BA%E4%BF%9D%E5%81%A5%E6%96%BD%E8%A8%AD%E3%80%80%E3%83%AB%E3%83%BB%E3%82%B5%E3%83%B3%E3%83%86%E3%83%AA%E3%82%AA%E3%83%B3%20%E5%80%89%E5%90%89%E5%B8%82
ユニット型介護老人保健施設　ル・サンテリオン,介護老人保健施設,鳥取県,倉吉市,"介護,介護老人保健施設,リハビリ",病院退院後すぐ自宅へ戻るのが不安な場合に、リハビリをしながら在宅復帰を目指す施設です。,https://www.med-wel.jp/,鳥取県倉吉市山根５５－２３３,0858-26-3051,厚生労働省オープンデータ,https://www.mhlw.go.jp/content/12300000/jigyosho_520.csv,2025-12末,https://www.google.com/search?q=%E3%83%A6%E3%83%8B%E3%83%83%E3%83%88%E5%9E%8B%E4%BB%8B%E8%AD%B7%E8%80%81%E4%BA%BA%E4%BF%9D%E5%81%A5%E6%96%BD%E8%A8%AD%E3%80%80%E3%83%AB%E3%83%BB%E3%82%B5%E3%83%B3%E3%83%86%E3%83%AA%E3%82%AA%E3%83%B3%20%E5%80%89%E5%90%89%E5%B8%82
老人保健施設のじま,介護老人保健施設,鳥取県,倉吉市,"介護,介護老人保健施設,リハビリ",病院退院後すぐ自宅へ戻るのが不安な場合に、リハビリをしながら在宅復帰を目指す施設です。,http://www.nojima-hospital.jp/,鳥取県倉吉市瀬崎町2714-1,0858-23-7100,厚生労働省オープンデータ,https://www.mhlw.go.jp/content/12300000/jigyosho_520.csv,2025-12末,https://www.google.com/search?q=%E8%80%81%E4%BA%BA%E4%BF%9D%E5%81%A5%E6%96%BD%E8%A8%AD%E3%81%AE%E3%81%98%E3%81%BE%20%E5%80%89%E5%90%89%E5%B8%82
介護老人保健施設ひまわり,介護老人保健施設,鳥取県,倉吉市,"介護,介護老人保健施設,リハビリ",病院退院後すぐ自宅へ戻るのが不安な場合に、リハビリをしながら在宅復帰を目指す施設です。,http://www.siseikai.com/,鳥取県倉吉市関金町関金宿1891番地1,0858-45-6111,厚生労働省オープンデータ,https://www.mhlw.go.jp/content/12300000/jigyosho_520.csv,2025-12末,https://www.google.com/search?q=%E4%BB%8B%E8%AD%B7%E8%80%81%E4%BA%BA%E4%BF%9D%E5%81%A5%E6%96%BD%E8%A8%AD%E3%81%B2%E3%81%BE%E3%82%8F%E3%82%8A%20%E5%80%89%E5%90%89%E5%B8%82
ユニット型介護老人保健施設ひまわり,介護老人保健施設,鳥取県,倉吉市,"介護,介護老人保健施設,リハビリ",病院退院後すぐ自宅へ戻るのが不安な場合に、リハビリをしながら在宅復帰を目指す施設です。,http://www.siseikai.com/,鳥取県倉吉市関金町関金宿1891番地1,0858-45-6111,厚生労働省オープンデータ,https://www.mhlw.go.jp/content/12300000/jigyosho_520.csv,2025-12末,https://www.google.com/search?q=%E3%83%A6%E3%83%8B%E3%83%83%E3%83%88%E5%9E%8B%E4%BB%8B%E8%AD%B7%E8%80%81%E4%BA%BA%E4%BF%9D%E5%81%A5%E6%96%BD%E8%A8%AD%E3%81%B2%E3%81%BE%E3%82%8F%E3%82%8A%20%E5%80%89%E5%90%89%E5%B8%82
介護老人保健施設　花の里,介護老人保健施設,鳥取県,境港市,"介護,介護老人保健施設,リハビリ",病院退院後すぐ自宅へ戻るのが不安な場合に、リハビリをしながら在宅復帰を目指す施設です。,http://www.motomachi-hp.jp/,鳥取県境港市上道町1959-1,0859-47-6363,厚生労働省オープンデータ,https://www.mhlw.go.jp/content/12300000/jigyosho_520.csv,2025-12末,https://www.google.com/search?q=%E4%BB%8B%E8%AD%B7%E8%80%81%E4%BA%BA%E4%BF%9D%E5%81%A5%E6%96%BD%E8%A8%AD%E3%80%80%E8%8A%B1%E3%81%AE%E9%87%8C%20%E5%A2%83%E6%B8%AF%E5%B8%82
介護老人保健施設　さかい幸朋苑,介護老人保健施設,鳥取県,境港市,"介護,介護老人保健施設,リハビリ",病院退院後すぐ自宅へ戻るのが不安な場合に、リハビリをしながら在宅復帰を目指す施設です。,http://www.kohoen.jp,鳥取県境港市誠道町2082番地,0859-45-6782,厚生労働省オープンデータ,https://www.mhlw.go.jp/content/12300000/jigyosho_520.csv,2025-12末,https://www.google.com/search?q=%E4%BB%8B%E8%AD%B7%E8%80%81%E4%BA%BA%E4%BF%9D%E5%81%A5%E6%96%BD%E8%A8%AD%E3%80%80%E3%81%95%E3%81%8B%E3%81%84%E5%B9%B8%E6%9C%8B%E8%8B%91%20%E5%A2%83%E6%B8%AF%E5%B8%82
鳥取県済生会介護老人保健施設はまかぜ,介護老人保健施設,鳥取県,境港市,"介護,介護老人保健施設,リハビリ",病院退院後すぐ自宅へ戻るのが不安な場合に、リハビリをしながら在宅復帰を目指す施設です。,http://www.sakaiminato-saiseikai.jp,鳥取県境港市蓮池町78-1,0859-42-3190,厚生労働省オープンデータ,https://www.mhlw.go.jp/content/12300000/jigyosho_520.csv,2025-12末,https://www.google.com/search?q=%E9%B3%A5%E5%8F%96%E7%9C%8C%E6%B8%88%E7%94%9F%E4%BC%9A%E4%BB%8B%E8%AD%B7%E8%80%81%E4%BA%BA%E4%BF%9D%E5%81%A5%E6%96%BD%E8%A8%AD%E3%81%AF%E3%81%BE%E3%81%8B%E3%81%9C%20%E5%A2%83%E6%B8%AF%E5%B8%82
介護老人保健施設　ほのぼの,介護老人保健施設,鳥取県,智頭町,"介護,介護老人保健施設,リハビリ",病院退院後すぐ自宅へ戻るのが不安な場合に、リハビリをしながら在宅復帰を目指す施設です。,https://www2.town.chizu.tottori.jp,鳥取県八頭郡智頭町智頭1875番地,0858-75-3211,厚生労働省オープンデータ,https://www.mhlw.go.jp/content/12300000/jigyosho_520.csv,2025-12末,https://www.google.com/search?q=%E4%BB%8B%E8%AD%B7%E8%80%81%E4%BA%BA%E4%BF%9D%E5%81%A5%E6%96%BD%E8%A8%AD%E3%80%80%E3%81%BB%E3%81%AE%E3%81%BC%E3%81%AE%20%E6%99%BA%E9%A0%AD%E7%94%BA
介護老人保健施設すこやか,介護老人保健施設,鳥取県,八頭町,"介護,介護老人保健施設,リハビリ",病院退院後すぐ自宅へ戻るのが不安な場合に、リハビリをしながら在宅復帰を目指す施設です。,https://swc-yazu.studio.site/,鳥取県八頭郡八頭町宮谷１２３番地,0858-76-7600,厚生労働省オープンデータ,https://www.mhlw.go.jp/content/12300000/jigyosho_520.csv,2025-12末,https://www.google.com/search?q=%E4%BB%8B%E8%AD%B7%E8%80%81%E4%BA%BA%E4%BF%9D%E5%81%A5%E6%96%BD%E8%A8%AD%E3%81%99%E3%81%93%E3%82%84%E3%81%8B%20%E5%85%AB%E9%A0%AD%E7%94%BA
介護老人保健施設ハワイ信生苑,介護老人保健施設,鳥取県,湯梨浜町,"介護,介護老人保健施設,リハビリ",病院退院後すぐ自宅へ戻るのが不安な場合に、リハビリをしながら在宅復帰を目指す施設です。,http://www3.torichu.ne.jp/~sinseien,鳥取県東伯郡湯梨浜町はわい温泉５８－５,0858-35-5211,厚生労働省オープンデータ,https://www.mhlw.go.jp/content/12300000/jigyosho_520.csv,2025-12末,https://www.google.com/search?q=%E4%BB%8B%E8%AD%B7%E8%80%81%E4%BA%BA%E4%BF%9D%E5%81%A5%E6%96%BD%E8%A8%AD%E3%83%8F%E3%83%AF%E3%82%A4%E4%BF%A1%E7%94%9F%E8%8B%91%20%E6%B9%AF%E6%A2%A8%E6%B5%9C%E7%94%BA
ル・サンテリオン東郷,介護老人保健施設,鳥取県,湯梨浜町,"介護,介護老人保健施設,リハビリ",病院退院後すぐ自宅へ戻るのが不安な場合に、リハビリをしながら在宅復帰を目指す施設です。,https://www.med-wel.jp/,鳥取県東伯郡湯梨浜町野花443番地1,0858-32-2570,厚生労働省オープンデータ,https://www.mhlw.go.jp/content/12300000/jigyosho_520.csv,2025-12末,https://www.google.com/search?q=%E3%83%AB%E3%83%BB%E3%82%B5%E3%83%B3%E3%83%86%E3%83%AA%E3%82%AA%E3%83%B3%E6%9D%B1%E9%83%B7%20%E6%B9%AF%E6%A2%A8%E6%B5%9C%E7%94%BA
ユニット型介護老人保健施設　ル・サンテリオン東郷,介護老人保健施設,鳥取県,湯梨浜町,"介護,介護老人保健施設,リハビリ",病院退院後すぐ自宅へ戻るのが不安な場合に、リハビリをしながら在宅復帰を目指す施設です。,https://www.med-wel.jp/,鳥取県東伯郡湯梨浜町野花443番地1,0858-32-2570,厚生労働省オープンデータ,https://www.mhlw.go.jp/content/12300000/jigyosho_520.csv,2025-12末,https://www.google.com/search?q=%E3%83%A6%E3%83%8B%E3%83%83%E3%83%88%E5%9E%8B%E4%BB%8B%E8%AD%B7%E8%80%81%E4%BA%BA%E4%BF%9D%E5%81%A5%E6%96%BD%E8%A8%AD%E3%80%80%E3%83%AB%E3%83%BB%E3%82%B5%E3%83%B3%E3%83%86%E3%83%AA%E3%82%AA%E3%83%B3%E6%9D%B1%E9%83%B7%20%E6%B9%AF%E6%A2%A8%E6%B5%9C%E7%94%BA
老人保健施設　セラトピア,介護老人保健施設,鳥取県,北栄町,"介護,介護老人保健施設,リハビリ",病院退院後すぐ自宅へ戻るのが不安な場合に、リハビリをしながら在宅復帰を目指す施設です。,http://seiikai.hp.gogo.jp,鳥取県東伯郡北栄町瀬戸45-2,0858-37-3766,厚生労働省オープンデータ,https://www.mhlw.go.jp/content/12300000/jigyosho_520.csv,2025-12末,https://www.google.com/search?q=%E8%80%81%E4%BA%BA%E4%BF%9D%E5%81%A5%E6%96%BD%E8%A8%AD%E3%80%80%E3%82%BB%E3%83%A9%E3%83%88%E3%83%94%E3%82%A2%20%E5%8C%97%E6%A0%84%E7%94%BA
介護老人保健施設　ル・サンテリオン北条,介護老人保健施設,鳥取県,北栄町,"介護,介護老人保健施設,リハビリ",病院退院後すぐ自宅へ戻るのが不安な場合に、リハビリをしながら在宅復帰を目指す施設です。,https://www.med-wel.jp/houjou/,鳥取県東伯郡北栄町土下123-1,0858-36-5220,厚生労働省オープンデータ,https://www.mhlw.go.jp/content/12300000/jigyosho_520.csv,2025-12末,https://www.google.com/search?q=%E4%BB%8B%E8%AD%B7%E8%80%81%E4%BA%BA%E4%BF%9D%E5%81%A5%E6%96%BD%E8%A8%AD%E3%80%80%E3%83%AB%E3%83%BB%E3%82%B5%E3%83%B3%E3%83%86%E3%83%AA%E3%82%AA%E3%83%B3%E5%8C%97%E6%9D%A1%20%E5%8C%97%E6%A0%84%E7%94%BA
介護老人保健施設　ル・サンテリオン北条（ユニット型）,介護老人保健施設,鳥取県,北栄町,"介護,介護老人保健施設,リハビリ",病院退院後すぐ自宅へ戻るのが不安な場合に、リハビリをしながら在宅復帰を目指す施設です。,https://www.med-wel.jp/houjou,鳥取県東伯郡北栄町土下123-1,0858-36-5220,厚生労働省オープンデータ,https://www.mhlw.go.jp/content/12300000/jigyosho_520.csv,2025-12末,https://www.google.com/search?q=%E4%BB%8B%E8%AD%B7%E8%80%81%E4%BA%BA%E4%BF%9D%E5%81%A5%E6%96%BD%E8%A8%AD%E3%80%80%E3%83%AB%E3%83%BB%E3%82%B5%E3%83%B3%E3%83%86%E3%83%AA%E3%82%AA%E3%83%B3%E5%8C%97%E6%9D%A1%EF%BC%88%E3%83%A6%E3%83%8B%E3%83%83%E3%83%88%E5%9E%8B%EF%BC%89%20%E5%8C%97%E6%A0%84%E7%94%BA
介護老人保健施設小谷苑,介護老人保健施設,鳥取県,大山町,"介護,介護老人保健施設,リハビリ",病院退院後すぐ自宅へ戻るのが不安な場合に、リハビリをしながら在宅復帰を目指す施設です。,http://www.kodanien.com,鳥取県西伯郡大山町西坪５４５番地１,0859-54-3388,厚生労働省オープンデータ,https://www.mhlw.go.jp/content/12300000/jigyosho_520.csv,2025-12末,https://www.google.com/search?q=%E4%BB%8B%E8%AD%B7%E8%80%81%E4%BA%BA%E4%BF%9D%E5%81%A5%E6%96%BD%E8%A8%AD%E5%B0%8F%E8%B0%B7%E8%8B%91%20%E5%A4%A7%E5%B1%B1%E7%94%BA
介護老人保健施設サンライズ名和,介護老人保健施設,鳥取県,大山町,"介護,介護老人保健施設,リハビリ",病院退院後すぐ自宅へ戻るのが不安な場合に、リハビリをしながら在宅復帰を目指す施設です。,https://www.google.com/search?q=%E4%BB%8B%E8%AD%B7%E8%80%81%E4%BA%BA%E4%BF%9D%E5%81%A5%E6%96%BD%E8%A8%AD%E3%82%B5%E3%83%B3%E3%83%A9%E3%82%A4%E3%82%BA%E5%90%8D%E5%92%8C%20%E5%A4%A7%E5%B1%B1%E7%94%BA,鳥取県西伯郡大山町富長750-3,0859-54-3232,厚生労働省オープンデータ,https://www.mhlw.go.jp/content/12300000/jigyosho_520.csv,2025-12末,https://www.google.com/search?q=%E4%BB%8B%E8%AD%B7%E8%80%81%E4%BA%BA%E4%BF%9D%E5%81%A5%E6%96%BD%E8%A8%AD%E3%82%B5%E3%83%B3%E3%83%A9%E3%82%A4%E3%82%BA%E5%90%8D%E5%92%8C%20%E5%A4%A7%E5%B1%B1%E7%94%BA
介護老人保健施設はまなす,介護老人保健施設,鳥取県,大山町,"介護,介護老人保健施設,リハビリ",病院退院後すぐ自宅へ戻るのが不安な場合に、リハビリをしながら在宅復帰を目指す施設です。,https://sasakicl-hamanasu.jp/,鳥取県西伯郡大山町田中1383,0858-58-6161,厚生労働省オープンデータ,https://www.mhlw.go.jp/content/12300000/jigyosho_520.csv,2025-12末,https://www.google.com/search?q=%E4%BB%8B%E8%AD%B7%E8%80%81%E4%BA%BA%E4%BF%9D%E5%81%A5%E6%96%BD%E8%A8%AD%E3%81%AF%E3%81%BE%E3%81%AA%E3%81%99%20%E5%A4%A7%E5%B1%B1%E7%94%BA
介護老人保健施設　しびのさと,介護老人保健施設,鳥取県,伯耆町,"介護,介護老人保健施設,リハビリ",病院退院後すぐ自宅へ戻るのが不安な場合に、リハビリをしながら在宅復帰を目指す施設です。,shibinosato.kouheikai-fukusi.com/,鳥取県西伯郡伯耆町久古１１０９－２,0859-68-6565,厚生労働省オープンデータ,https://www.mhlw.go.jp/content/12300000/jigyosho_520.csv,2025-12末,https://www.google.com/search?q=%E4%BB%8B%E8%AD%B7%E8%80%81%E4%BA%BA%E4%BF%9D%E5%81%A5%E6%96%BD%E8%A8%AD%E3%80%80%E3%81%97%E3%81%B3%E3%81%AE%E3%81%95%E3%81%A8%20%E4%BC%AF%E8%80%86%E7%94%BA
医療法人社団　日翔会　　介護老人保健施設　おしどり荘,介護老人保健施設,鳥取県,日野町,"介護,介護老人保健施設,リハビリ",病院退院後すぐ自宅へ戻るのが不安な場合に、リハビリをしながら在宅復帰を目指す施設です。,http://www.nissyoukai.com/,鳥取県日野郡日野町根雨９０９－１,0859-72-0410,厚生労働省オープンデータ,https://www.mhlw.go.jp/content/12300000/jigyosho_520.csv,2025-12末,https://www.google.com/search?q=%E5%8C%BB%E7%99%82%E6%B3%95%E4%BA%BA%E7%A4%BE%E5%9B%A3%E3%80%80%E6%97%A5%E7%BF%94%E4%BC%9A%E3%80%80%E3%80%80%E4%BB%8B%E8%AD%B7%E8%80%81%E4%BA%BA%E4%BF%9D%E5%81%A5%E6%96%BD%E8%A8%AD%E3%80%80%E3%81%8A%E3%81%97%E3%81%A9%E3%82%8A%E8%8D%98%20%E6%97%A5%E9%87%8E%E7%94%BA
介護老人保健施設あやめ,介護老人保健施設,鳥取県,江府町,"介護,介護老人保健施設,リハビリ",病院退院後すぐ自宅へ戻るのが不安な場合に、リハビリをしながら在宅復帰を目指す施設です。,syoujin.or.jp,鳥取県日野郡江府町武庫４７５番地,0859-75-3230,厚生労働省オープンデータ,https://www.mhlw.go.jp/content/12300000/jigyosho_520.csv,2025-12末,https://www.google.com/search?q=%E4%BB%8B%E8%AD%B7%E8%80%81%E4%BA%BA%E4%BF%9D%E5%81%A5%E6%96%BD%E8%A8%AD%E3%81%82%E3%82%84%E3%82%81%20%E6%B1%9F%E5%BA%9C%E7%94%BA
介護老人保健施設あやめ（ユニット型）,介護老人保健施設,鳥取県,江府町,"介護,介護老人保健施設,リハビリ",病院退院後すぐ自宅へ戻るのが不安な場合に、リハビリをしながら在宅復帰を目指す施設です。,syoujin.or.jp,鳥取県日野郡江府町武庫４７５番地,0859-75-3230,厚生労働省オープンデータ,https://www.mhlw.go.jp/content/12300000/jigyosho_520.csv,2025-12末,https://www.google.com/search?q=%E4%BB%8B%E8%AD%B7%E8%80%81%E4%BA%BA%E4%BF%9D%E5%81%A5%E6%96%BD%E8%A8%AD%E3%81%82%E3%82%84%E3%82%81%EF%BC%88%E3%83%A6%E3%83%8B%E3%83%83%E3%83%88%E5%9E%8B%EF%BC%89%20%E6%B1%9F%E5%BA%9C%E7%94%BA
特別養護老人ホーム若葉台,地域密着型特別養護老人ホーム,鳥取県,鳥取市,"介護,地域密着型特別養護老人ホーム,入所",常時介護が必要で在宅生活が難しい方の生活の場となる施設です。入所条件や待機状況を確認します。,http://www.tottorifukushikai.jp,鳥取県鳥取市若葉台南4丁目2番27号,0857-38-6666,厚生労働省オープンデータ,https://www.mhlw.go.jp/content/12300000/jigyosho_540.csv,2025-12末,https://www.google.com/search?q=%E7%89%B9%E5%88%A5%E9%A4%8A%E8%AD%B7%E8%80%81%E4%BA%BA%E3%83%9B%E3%83%BC%E3%83%A0%E8%8B%A5%E8%91%89%E5%8F%B0%20%E9%B3%A5%E5%8F%96%E5%B8%82
皆生みどり苑,地域密着型特別養護老人ホーム,鳥取県,米子市,"介護,地域密着型特別養護老人ホーム,入所",常時介護が必要で在宅生活が難しい方の生活の場となる施設です。入所条件や待機状況を確認します。,https://www.tottori-kousei.jp/k-midori.html,鳥取県米子市皆生新田2丁目3-1,0859-32-2500,厚生労働省オープンデータ,https://www.mhlw.go.jp/content/12300000/jigyosho_540.csv,2025-12末,https://www.google.com/search?q=%E7%9A%86%E7%94%9F%E3%81%BF%E3%81%A9%E3%82%8A%E8%8B%91%20%E7%B1%B3%E5%AD%90%E5%B8%82
地域密着型介護老人福祉施設　皆生ピースポート,地域密着型特別養護老人ホーム,鳥取県,米子市,"介護,地域密着型特別養護老人ホーム,入所",常時介護が必要で在宅生活が難しい方の生活の場となる施設です。入所条件や待機状況を確認します。,http://www.hospitown.or.jp/,鳥取県米子市新開３丁目３－１０,0859-36-8191,厚生労働省オープンデータ,https://www.mhlw.go.jp/content/12300000/jigyosho_540.csv,2025-12末,https://www.google.com/search?q=%E5%9C%B0%E5%9F%9F%E5%AF%86%E7%9D%80%E5%9E%8B%E4%BB%8B%E8%AD%B7%E8%80%81%E4%BA%BA%E7%A6%8F%E7%A5%89%E6%96%BD%E8%A8%AD%E3%80%80%E7%9A%86%E7%94%9F%E3%83%94%E3%83%BC%E3%82%B9%E3%83%9D%E3%83%BC%E3%83%88%20%E7%B1%B3%E5%AD%90%E5%B8%82
地域密着型介護老人福祉施設みなと幸朋苑,地域密着型特別養護老人ホーム,鳥取県,境港市,"介護,地域密着型特別養護老人ホーム,入所",常時介護が必要で在宅生活が難しい方の生活の場となる施設です。入所条件や待機状況を確認します。,http://www.kohoen.jp,鳥取県境港市上道町2053番地６,０８５９－４７－６５２２,厚生労働省オープンデータ,https://www.mhlw.go.jp/content/12300000/jigyosho_540.csv,2025-12末,https://www.google.com/search?q=%E5%9C%B0%E5%9F%9F%E5%AF%86%E7%9D%80%E5%9E%8B%E4%BB%8B%E8%AD%B7%E8%80%81%E4%BA%BA%E7%A6%8F%E7%A5%89%E6%96%BD%E8%A8%AD%E3%81%BF%E3%81%AA%E3%81%A8%E5%B9%B8%E6%9C%8B%E8%8B%91%20%E5%A2%83%E6%B8%AF%E5%B8%82
ホワイトガーデンゆず,地域密着型特別養護老人ホーム,鳥取県,八頭町,"介護,地域密着型特別養護老人ホーム,入所",常時介護が必要で在宅生活が難しい方の生活の場となる施設です。入所条件や待機状況を確認します。,http://resi-bu.jp,鳥取県八頭郡八頭町船岡1952ホワイトガーデンゆず,0858-76-0620,厚生労働省オープンデータ,https://www.mhlw.go.jp/content/12300000/jigyosho_540.csv,2025-12末,https://www.google.com/search?q=%E3%83%9B%E3%83%AF%E3%82%A4%E3%83%88%E3%82%AC%E3%83%BC%E3%83%87%E3%83%B3%E3%82%86%E3%81%9A%20%E5%85%AB%E9%A0%AD%E7%94%BA
小規模特別養護老人ホームきたやま（サテライト型居住施設）,地域密着型特別養護老人ホーム,鳥取県,八頭町,"介護,地域密着型特別養護老人ホーム,入所",常時介護が必要で在宅生活が難しい方の生活の場となる施設です。入所条件や待機状況を確認します。,http://swc-yazu.studio.site,鳥取県八頭郡八頭町北山１５９－１,0858-84-6220,厚生労働省オープンデータ,https://www.mhlw.go.jp/content/12300000/jigyosho_540.csv,2025-12末,https://www.google.com/search?q=%E5%B0%8F%E8%A6%8F%E6%A8%A1%E7%89%B9%E5%88%A5%E9%A4%8A%E8%AD%B7%E8%80%81%E4%BA%BA%E3%83%9B%E3%83%BC%E3%83%A0%E3%81%8D%E3%81%9F%E3%82%84%E3%81%BE%EF%BC%88%E3%82%B5%E3%83%86%E3%83%A9%E3%82%A4%E3%83%88%E5%9E%8B%E5%B1%85%E4%BD%8F%E6%96%BD%E8%A8%AD%EF%BC%89%20%E5%85%AB%E9%A0%AD%E7%94%BA
地域密着型特別養護老人ホームはわいあずま,地域密着型特別養護老人ホーム,鳥取県,湯梨浜町,"介護,地域密着型特別養護老人ホーム,入所",常時介護が必要で在宅生活が難しい方の生活の場となる施設です。入所条件や待機状況を確認します。,http://azumaen.net/,鳥取県東伯郡湯梨浜町長江310-８８,0858-48-6222,厚生労働省オープンデータ,https://www.mhlw.go.jp/content/12300000/jigyosho_540.csv,2025-12末,https://www.google.com/search?q=%E5%9C%B0%E5%9F%9F%E5%AF%86%E7%9D%80%E5%9E%8B%E7%89%B9%E5%88%A5%E9%A4%8A%E8%AD%B7%E8%80%81%E4%BA%BA%E3%83%9B%E3%83%BC%E3%83%A0%E3%81%AF%E3%82%8F%E3%81%84%E3%81%82%E3%81%9A%E3%81%BE%20%E6%B9%AF%E6%A2%A8%E6%B5%9C%E7%94%BA
特別養護老人ホームきずな,地域密着型特別養護老人ホーム,鳥取県,日吉津村,"介護,地域密着型特別養護老人ホーム,入所",常時介護が必要で在宅生活が難しい方の生活の場となる施設です。入所条件や待機状況を確認します。,http://care-net.biz/31/houkichp/,鳥取県西伯郡日吉津村日吉津422,0859-30-2145,厚生労働省オープンデータ,https://www.mhlw.go.jp/content/12300000/jigyosho_540.csv,2025-12末,https://www.google.com/search?q=%E7%89%B9%E5%88%A5%E9%A4%8A%E8%AD%B7%E8%80%81%E4%BA%BA%E3%83%9B%E3%83%BC%E3%83%A0%E3%81%8D%E3%81%9A%E3%81%AA%20%E6%97%A5%E5%90%89%E6%B4%A5%E6%9D%91
大山やすらぎの里めぐみ館,地域密着型特別養護老人ホーム,鳥取県,大山町,"介護,地域密着型特別養護老人ホーム,入所",常時介護が必要で在宅生活が難しい方の生活の場となる施設です。入所条件や待機状況を確認します。,https://keiaika-daisen.com,鳥取県西伯郡大山町今在家475,0859-48-5500,厚生労働省オープンデータ,https://www.mhlw.go.jp/content/12300000/jigyosho_540.csv,2025-12末,https://www.google.com/search?q=%E5%A4%A7%E5%B1%B1%E3%82%84%E3%81%99%E3%82%89%E3%81%8E%E3%81%AE%E9%87%8C%E3%82%81%E3%81%90%E3%81%BF%E9%A4%A8%20%E5%A4%A7%E5%B1%B1%E7%94%BA
渡辺病院介護医療院センテナリアンハウス,介護医療院,鳥取県,鳥取市,"介護,介護医療院,医療,入所",長期的な医療管理と介護の両方が必要な方の入所施設です。,http://www.mmwc.or.jp/,鳥取県鳥取市東町3丁目307番地,0857-24-1151,厚生労働省オープンデータ,https://www.mhlw.go.jp/content/12300000/jigyosho_550.csv,2025-12末,https://www.google.com/search?q=%E6%B8%A1%E8%BE%BA%E7%97%85%E9%99%A2%E4%BB%8B%E8%AD%B7%E5%8C%BB%E7%99%82%E9%99%A2%E3%82%BB%E3%83%B3%E3%83%86%E3%83%8A%E3%83%AA%E3%82%A2%E3%83%B3%E3%83%8F%E3%82%A6%E3%82%B9%20%E9%B3%A5%E5%8F%96%E5%B8%82
介護医療院　鳥取産院,介護医療院,鳥取県,鳥取市,"介護,介護医療院,医療,入所",長期的な医療管理と介護の両方が必要な方の入所施設です。,https://www.asupiosu.jp,鳥取県鳥取市吉方温泉1丁目653番地,0857-23-3151,厚生労働省オープンデータ,https://www.mhlw.go.jp/content/12300000/jigyosho_550.csv,2025-12末,https://www.google.com/search?q=%E4%BB%8B%E8%AD%B7%E5%8C%BB%E7%99%82%E9%99%A2%E3%80%80%E9%B3%A5%E5%8F%96%E7%94%A3%E9%99%A2%20%E9%B3%A5%E5%8F%96%E5%B8%82
社会医療法人　明和会医療福祉センター,介護医療院,鳥取県,鳥取市,"介護,介護医療院,医療,入所",長期的な医療管理と介護の両方が必要な方の入所施設です。,https://www.mmwc.or.jp/,鳥取県鳥取市覚寺181番地,0857-27-1151,厚生労働省オープンデータ,https://www.mhlw.go.jp/content/12300000/jigyosho_550.csv,2025-12末,https://www.google.com/search?q=%E7%A4%BE%E4%BC%9A%E5%8C%BB%E7%99%82%E6%B3%95%E4%BA%BA%E3%80%80%E6%98%8E%E5%92%8C%E4%BC%9A%E5%8C%BB%E7%99%82%E7%A6%8F%E7%A5%89%E3%82%BB%E3%83%B3%E3%82%BF%E3%83%BC%20%E9%B3%A5%E5%8F%96%E5%B8%82
社会医療法人　明和会医療福祉センター,介護医療院,鳥取県,鳥取市,"介護,介護医療院,医療,入所",長期的な医療管理と介護の両方が必要な方の入所施設です。,https://www.mmwc.or.jp/,鳥取県鳥取市覚寺181番地,0857-27-1151,厚生労働省オープンデータ,https://www.mhlw.go.jp/content/12300000/jigyosho_550.csv,2025-12末,https://www.google.com/search?q=%E7%A4%BE%E4%BC%9A%E5%8C%BB%E7%99%82%E6%B3%95%E4%BA%BA%E3%80%80%E6%98%8E%E5%92%8C%E4%BC%9A%E5%8C%BB%E7%99%82%E7%A6%8F%E7%A5%89%E3%82%BB%E3%83%B3%E3%82%BF%E3%83%BC%20%E9%B3%A5%E5%8F%96%E5%B8%82
社会医療法人　明和会医療福祉センター,介護医療院,鳥取県,鳥取市,"介護,介護医療院,医療,入所",長期的な医療管理と介護の両方が必要な方の入所施設です。,https://www.mmwc.or.jp/,鳥取県鳥取市覚寺181番地,0857-27-1151,厚生労働省オープンデータ,https://www.mhlw.go.jp/content/12300000/jigyosho_550.csv,2025-12末,https://www.google.com/search?q=%E7%A4%BE%E4%BC%9A%E5%8C%BB%E7%99%82%E6%B3%95%E4%BA%BA%E3%80%80%E6%98%8E%E5%92%8C%E4%BC%9A%E5%8C%BB%E7%99%82%E7%A6%8F%E7%A5%89%E3%82%BB%E3%83%B3%E3%82%BF%E3%83%BC%20%E9%B3%A5%E5%8F%96%E5%B8%82
介護医療院　レインボーしかの,介護医療院,鳥取県,鳥取市,"介護,介護医療院,医療,入所",長期的な医療管理と介護の両方が必要な方の入所施設です。,http://www.shikano.mcoop-tottori.jp/,鳥取県鳥取市鹿野町今市242,0857-84-2311,厚生労働省オープンデータ,https://www.mhlw.go.jp/content/12300000/jigyosho_550.csv,2025-12末,https://www.google.com/search?q=%E4%BB%8B%E8%AD%B7%E5%8C%BB%E7%99%82%E9%99%A2%E3%80%80%E3%83%AC%E3%82%A4%E3%83%B3%E3%83%9C%E3%83%BC%E3%81%97%E3%81%8B%E3%81%AE%20%E9%B3%A5%E5%8F%96%E5%B8%82
養和病院介護医療院,介護医療院,鳥取県,米子市,"介護,介護医療院,医療,入所",長期的な医療管理と介護の両方が必要な方の入所施設です。,http://www/yowakai.com,鳥取県米子市上後藤3-5-1,0859-29-5351,厚生労働省オープンデータ,https://www.mhlw.go.jp/content/12300000/jigyosho_550.csv,2025-12末,https://www.google.com/search?q=%E9%A4%8A%E5%92%8C%E7%97%85%E9%99%A2%E4%BB%8B%E8%AD%B7%E5%8C%BB%E7%99%82%E9%99%A2%20%E7%B1%B3%E5%AD%90%E5%B8%82
医療法人養和会　養和病院,介護医療院,鳥取県,米子市,"介護,介護医療院,医療,入所",長期的な医療管理と介護の両方が必要な方の入所施設です。,http://www.yowakai.com/,鳥取県米子市上後藤３丁目5-1,0859-29-5351,厚生労働省オープンデータ,https://www.mhlw.go.jp/content/12300000/jigyosho_550.csv,2025-12末,https://www.google.com/search?q=%E5%8C%BB%E7%99%82%E6%B3%95%E4%BA%BA%E9%A4%8A%E5%92%8C%E4%BC%9A%E3%80%80%E9%A4%8A%E5%92%8C%E7%97%85%E9%99%A2%20%E7%B1%B3%E5%AD%90%E5%B8%82
介護医療院ふじい,介護医療院,鳥取県,倉吉市,"介護,介護医療院,医療,入所",長期的な医療管理と介護の両方が必要な方の入所施設です。,https://www.med-wel.jp/fujii/kaigoiryou/,鳥取県倉吉市山根43,0858-27-2210,厚生労働省オープンデータ,https://www.mhlw.go.jp/content/12300000/jigyosho_550.csv,2025-12末,https://www.google.com/search?q=%E4%BB%8B%E8%AD%B7%E5%8C%BB%E7%99%82%E9%99%A2%E3%81%B5%E3%81%98%E3%81%84%20%E5%80%89%E5%90%89%E5%B8%82
鳥取県済生会介護医療院なでしこ境港,介護医療院,鳥取県,境港市,"介護,介護医療院,医療,入所",長期的な医療管理と介護の両方が必要な方の入所施設です。,http://sakaiminato-saiseikai.jp,鳥取県境港市米川町44番地,0859-42-3161,厚生労働省オープンデータ,https://www.mhlw.go.jp/content/12300000/jigyosho_550.csv,2025-12末,https://www.google.com/search?q=%E9%B3%A5%E5%8F%96%E7%9C%8C%E6%B8%88%E7%94%9F%E4%BC%9A%E4%BB%8B%E8%AD%B7%E5%8C%BB%E7%99%82%E9%99%A2%E3%81%AA%E3%81%A7%E3%81%97%E3%81%93%E5%A2%83%E6%B8%AF%20%E5%A2%83%E6%B8%AF%E5%B8%82
西伯病院介護医療院さくら,介護医療院,鳥取県,南部町,"介護,介護医療院,医療,入所",長期的な医療管理と介護の両方が必要な方の入所施設です。,https://www.saihaku-hospital.com/,鳥取県西伯郡南部町倭397,0859-66-2211,厚生労働省オープンデータ,https://www.mhlw.go.jp/content/12300000/jigyosho_550.csv,2025-12末,https://www.google.com/search?q=%E8%A5%BF%E4%BC%AF%E7%97%85%E9%99%A2%E4%BB%8B%E8%AD%B7%E5%8C%BB%E7%99%82%E9%99%A2%E3%81%95%E3%81%8F%E3%82%89%20%E5%8D%97%E9%83%A8%E7%94%BA
奥谷いきいきデイサービスふたば,認知症対応型デイサービス,鳥取県,鳥取市,"介護,認知症対応型デイサービス,認知症",日中に通って食事・入浴・機能訓練・見守りなどを受けるサービスです。,https://www.google.com/search?q=%E5%A5%A5%E8%B0%B7%E3%81%84%E3%81%8D%E3%81%84%E3%81%8D%E3%83%87%E3%82%A4%E3%82%B5%E3%83%BC%E3%83%93%E3%82%B9%E3%81%B5%E3%81%9F%E3%81%B0%20%E9%B3%A5%E5%8F%96%E5%B8%82,鳥取県鳥取市国府町奥谷１丁目１２２番地,0857-23-1831,厚生労働省オープンデータ,https://www.mhlw.go.jp/content/12300000/jigyosho_720.csv,2025-12末,https://www.google.com/search?q=%E5%A5%A5%E8%B0%B7%E3%81%84%E3%81%8D%E3%81%84%E3%81%8D%E3%83%87%E3%82%A4%E3%82%B5%E3%83%BC%E3%83%93%E3%82%B9%E3%81%B5%E3%81%9F%E3%81%B0%20%E9%B3%A5%E5%8F%96%E5%B8%82
吉岡温泉いきいきデイサービスふたば,認知症対応型デイサービス,鳥取県,鳥取市,"介護,認知症対応型デイサービス,認知症",日中に通って食事・入浴・機能訓練・見守りなどを受けるサービスです。,https://www.google.com/search?q=%E5%90%89%E5%B2%A1%E6%B8%A9%E6%B3%89%E3%81%84%E3%81%8D%E3%81%84%E3%81%8D%E3%83%87%E3%82%A4%E3%82%B5%E3%83%BC%E3%83%93%E3%82%B9%E3%81%B5%E3%81%9F%E3%81%B0%20%E9%B3%A5%E5%8F%96%E5%B8%82,鳥取県鳥取市吉岡温泉町３２９番地,0857-54-5880,厚生労働省オープンデータ,https://www.mhlw.go.jp/content/12300000/jigyosho_720.csv,2025-12末,https://www.google.com/search?q=%E5%90%89%E5%B2%A1%E6%B8%A9%E6%B3%89%E3%81%84%E3%81%8D%E3%81%84%E3%81%8D%E3%83%87%E3%82%A4%E3%82%B5%E3%83%BC%E3%83%93%E3%82%B9%E3%81%B5%E3%81%9F%E3%81%B0%20%E9%B3%A5%E5%8F%96%E5%B8%82
気高あすなろデイサービスセンター,認知症対応型デイサービス,鳥取県,鳥取市,"介護,認知症対応型デイサービス,認知症",日中に通って食事・入浴・機能訓練・見守りなどを受けるサービスです。,http://t-asunaro.or.jp/index.shtml,鳥取県鳥取市気高町八幡２６８,0857-82-3971,厚生労働省オープンデータ,https://www.mhlw.go.jp/content/12300000/jigyosho_720.csv,2025-12末,https://www.google.com/search?q=%E6%B0%97%E9%AB%98%E3%81%82%E3%81%99%E3%81%AA%E3%82%8D%E3%83%87%E3%82%A4%E3%82%B5%E3%83%BC%E3%83%93%E3%82%B9%E3%82%BB%E3%83%B3%E3%82%BF%E3%83%BC%20%E9%B3%A5%E5%8F%96%E5%B8%82
デイサービスなりすな,認知症対応型デイサービス,鳥取県,鳥取市,"介護,認知症対応型デイサービス,認知症",日中に通って食事・入浴・機能訓練・見守りなどを受けるサービスです。,http://www.tottori-aofuku.jp/?page_id=9,鳥取県鳥取市青谷町青谷5558番地28,0857-85-5551,厚生労働省オープンデータ,https://www.mhlw.go.jp/content/12300000/jigyosho_720.csv,2025-12末,https://www.google.com/search?q=%E3%83%87%E3%82%A4%E3%82%B5%E3%83%BC%E3%83%93%E3%82%B9%E3%81%AA%E3%82%8A%E3%81%99%E3%81%AA%20%E9%B3%A5%E5%8F%96%E5%B8%82
社会福法人こうほうえん　デイライフほのぼの,認知症対応型デイサービス,鳥取県,鳥取市,"介護,認知症対応型デイサービス,認知症",日中に通って食事・入浴・機能訓練・見守りなどを受けるサービスです。,http://www.kohoen.jp,鳥取県鳥取市秋里１１８１番地,0857-20-2616,厚生労働省オープンデータ,https://www.mhlw.go.jp/content/12300000/jigyosho_720.csv,2025-12末,https://www.google.com/search?q=%E7%A4%BE%E4%BC%9A%E7%A6%8F%E6%B3%95%E4%BA%BA%E3%81%93%E3%81%86%E3%81%BB%E3%81%86%E3%81%88%E3%82%93%E3%80%80%E3%83%87%E3%82%A4%E3%83%A9%E3%82%A4%E3%83%95%E3%81%BB%E3%81%AE%E3%81%BC%E3%81%AE%20%E9%B3%A5%E5%8F%96%E5%B8%82
デイサービスセンターいくのさん家,認知症対応型デイサービス,鳥取県,鳥取市,"介護,認知症対応型デイサービス,認知症",日中に通って食事・入浴・機能訓練・見守りなどを受けるサービスです。,http://ikunosange.com,鳥取市松原112-1,0857-54-6161,厚生労働省オープンデータ,https://www.mhlw.go.jp/content/12300000/jigyosho_720.csv,2025-12末,https://www.google.com/search?q=%E3%83%87%E3%82%A4%E3%82%B5%E3%83%BC%E3%83%93%E3%82%B9%E3%82%BB%E3%83%B3%E3%82%BF%E3%83%BC%E3%81%84%E3%81%8F%E3%81%AE%E3%81%95%E3%82%93%E5%AE%B6%20%E9%B3%A5%E5%8F%96%E5%B8%82
昭和座デイサービス,認知症対応型デイサービス,鳥取県,米子市,"介護,認知症対応型デイサービス,認知症",日中に通って食事・入浴・機能訓練・見守りなどを受けるサービスです。,http://www.sanin-gc.co.jp,鳥取県米子市昭和町55-3,0859-38-2211,厚生労働省オープンデータ,https://www.mhlw.go.jp/content/12300000/jigyosho_720.csv,2025-12末,https://www.google.com/search?q=%E6%98%AD%E5%92%8C%E5%BA%A7%E3%83%87%E3%82%A4%E3%82%B5%E3%83%BC%E3%83%93%E3%82%B9%20%E7%B1%B3%E5%AD%90%E5%B8%82
認知症対応型デイサービスセンターいしい,認知症対応型デイサービス,鳥取県,米子市,"介護,認知症対応型デイサービス,認知症",日中に通って食事・入浴・機能訓練・見守りなどを受けるサービスです。,http://www.kohoen.jp,鳥取県米子市石井６８７番地２,0859-21-0085,厚生労働省オープンデータ,https://www.mhlw.go.jp/content/12300000/jigyosho_720.csv,2025-12末,https://www.google.com/search?q=%E8%AA%8D%E7%9F%A5%E7%97%87%E5%AF%BE%E5%BF%9C%E5%9E%8B%E3%83%87%E3%82%A4%E3%82%B5%E3%83%BC%E3%83%93%E3%82%B9%E3%82%BB%E3%83%B3%E3%82%BF%E3%83%BC%E3%81%84%E3%81%97%E3%81%84%20%E7%B1%B3%E5%AD%90%E5%B8%82
ヒューマンケア「モモの家」,認知症対応型デイサービス,鳥取県,米子市,"介護,認知症対応型デイサービス,認知症",日中に通って食事・入浴・機能訓練・見守りなどを受けるサービスです。,info＠momo-no-ie.com,鳥取県米子市米原9丁目3-10,0859-21-5655,厚生労働省オープンデータ,https://www.mhlw.go.jp/content/12300000/jigyosho_720.csv,2025-12末,https://www.google.com/search?q=%E3%83%92%E3%83%A5%E3%83%BC%E3%83%9E%E3%83%B3%E3%82%B1%E3%82%A2%E3%80%8C%E3%83%A2%E3%83%A2%E3%81%AE%E5%AE%B6%E3%80%8D%20%E7%B1%B3%E5%AD%90%E5%B8%82
富益しあわせデイサービス,認知症対応型デイサービス,鳥取県,米子市,"介護,認知症対応型デイサービス,認知症",日中に通って食事・入浴・機能訓練・見守りなどを受けるサービスです。,http://www.hospitown.or.jp/,鳥取県米子市富益町235番地8,0859-25-6811,厚生労働省オープンデータ,https://www.mhlw.go.jp/content/12300000/jigyosho_720.csv,2025-12末,https://www.google.com/search?q=%E5%AF%8C%E7%9B%8A%E3%81%97%E3%81%82%E3%82%8F%E3%81%9B%E3%83%87%E3%82%A4%E3%82%B5%E3%83%BC%E3%83%93%E3%82%B9%20%E7%B1%B3%E5%AD%90%E5%B8%82
弓浜脳活性クラブ,認知症対応型デイサービス,鳥取県,米子市,"介護,認知症対応型デイサービス,認知症",日中に通って食事・入浴・機能訓練・見守りなどを受けるサービスです。,http://www.hospitown.or.jp/,鳥取県米子市大崎1511-1,0859-48-2339,厚生労働省オープンデータ,https://www.mhlw.go.jp/content/12300000/jigyosho_720.csv,2025-12末,https://www.google.com/search?q=%E5%BC%93%E6%B5%9C%E8%84%B3%E6%B4%BB%E6%80%A7%E3%82%AF%E3%83%A9%E3%83%96%20%E7%B1%B3%E5%AD%90%E5%B8%82
認知症対応型通所介護けやき庵,認知症対応型デイサービス,鳥取県,米子市,"介護,認知症対応型デイサービス,認知症",日中に通って食事・入浴・機能訓練・見守りなどを受けるサービスです。,http://www.hospitown.or.jp/,鳥取県米子市西福原8丁目16-66,0859-30-3916,厚生労働省オープンデータ,https://www.mhlw.go.jp/content/12300000/jigyosho_720.csv,2025-12末,https://www.google.com/search?q=%E8%AA%8D%E7%9F%A5%E7%97%87%E5%AF%BE%E5%BF%9C%E5%9E%8B%E9%80%9A%E6%89%80%E4%BB%8B%E8%AD%B7%E3%81%91%E3%82%84%E3%81%8D%E5%BA%B5%20%E7%B1%B3%E5%AD%90%E5%B8%82
デイサービスセンターマグノリア,認知症対応型デイサービス,鳥取県,倉吉市,"介護,認知症対応型デイサービス,認知症",日中に通って食事・入浴・機能訓練・見守りなどを受けるサービスです。,https://www.med-wel.jp/,鳥取県倉吉市上井町１丁目２番１,0858-26-3922,厚生労働省オープンデータ,https://www.mhlw.go.jp/content/12300000/jigyosho_720.csv,2025-12末,https://www.google.com/search?q=%E3%83%87%E3%82%A4%E3%82%B5%E3%83%BC%E3%83%93%E3%82%B9%E3%82%BB%E3%83%B3%E3%82%BF%E3%83%BC%E3%83%9E%E3%82%B0%E3%83%8E%E3%83%AA%E3%82%A2%20%E5%80%89%E5%90%89%E5%B8%82
デイサービスとまと,認知症対応型デイサービス,鳥取県,倉吉市,"介護,認知症対応型デイサービス,認知症",日中に通って食事・入浴・機能訓練・見守りなどを受けるサービスです。,http://www.shoukura.com/,鳥取県倉吉市大原602番地,0858-22-3370,厚生労働省オープンデータ,https://www.mhlw.go.jp/content/12300000/jigyosho_720.csv,2025-12末,https://www.google.com/search?q=%E3%83%87%E3%82%A4%E3%82%B5%E3%83%BC%E3%83%93%E3%82%B9%E3%81%A8%E3%81%BE%E3%81%A8%20%E5%80%89%E5%90%89%E5%B8%82
共用型デイサービスそらいろ,認知症対応型デイサービス,鳥取県,倉吉市,"介護,認知症対応型デイサービス,認知症",日中に通って食事・入浴・機能訓練・見守りなどを受けるサービスです。,https://lightup-ltd.com/,鳥取県倉吉市三江１２８１番１,0858-27-0460,厚生労働省オープンデータ,https://www.mhlw.go.jp/content/12300000/jigyosho_720.csv,2025-12末,https://www.google.com/search?q=%E5%85%B1%E7%94%A8%E5%9E%8B%E3%83%87%E3%82%A4%E3%82%B5%E3%83%BC%E3%83%93%E3%82%B9%E3%81%9D%E3%82%89%E3%81%84%E3%82%8D%20%E5%80%89%E5%90%89%E5%B8%82
認知症対応型デイサービスセンター　さかい幸朋苑,認知症対応型デイサービス,鳥取県,境港市,"介護,認知症対応型デイサービス,認知症",日中に通って食事・入浴・機能訓練・見守りなどを受けるサービスです。,http://www.kohoen.jp,鳥取県境港市誠道町2083番地,0859-45-6830,厚生労働省オープンデータ,https://www.mhlw.go.jp/content/12300000/jigyosho_720.csv,2025-12末,https://www.google.com/search?q=%E8%AA%8D%E7%9F%A5%E7%97%87%E5%AF%BE%E5%BF%9C%E5%9E%8B%E3%83%87%E3%82%A4%E3%82%B5%E3%83%BC%E3%83%93%E3%82%B9%E3%82%BB%E3%83%B3%E3%82%BF%E3%83%BC%E3%80%80%E3%81%95%E3%81%8B%E3%81%84%E5%B9%B8%E6%9C%8B%E8%8B%91%20%E5%A2%83%E6%B8%AF%E5%B8%82
仁の里　認知症通所介護事業所,認知症対応型デイサービス,鳥取県,三朝町,"介護,認知症対応型デイサービス,認知症",日中に通って食事・入浴・機能訓練・見守りなどを受けるサービスです。,http://www.sankien.jp,鳥取県東伯郡三朝町山田１０８番５,0858-43-5007,厚生労働省オープンデータ,https://www.mhlw.go.jp/content/12300000/jigyosho_720.csv,2025-12末,https://www.google.com/search?q=%E4%BB%81%E3%81%AE%E9%87%8C%E3%80%80%E8%AA%8D%E7%9F%A5%E7%97%87%E9%80%9A%E6%89%80%E4%BB%8B%E8%AD%B7%E4%BA%8B%E6%A5%AD%E6%89%80%20%E4%B8%89%E6%9C%9D%E7%94%BA
共用型認知症対応通所介護施設なの花,認知症対応型デイサービス,鳥取県,三朝町,"介護,認知症対応型デイサービス,認知症",日中に通って食事・入浴・機能訓練・見守りなどを受けるサービスです。,http://aikeikai-nanohana.jp/,鳥取県東伯郡三朝町大瀬1012番地共用型認知症対応通所介護施設なの花,0858-43-1711,厚生労働省オープンデータ,https://www.mhlw.go.jp/content/12300000/jigyosho_720.csv,2025-12末,https://www.google.com/search?q=%E5%85%B1%E7%94%A8%E5%9E%8B%E8%AA%8D%E7%9F%A5%E7%97%87%E5%AF%BE%E5%BF%9C%E9%80%9A%E6%89%80%E4%BB%8B%E8%AD%B7%E6%96%BD%E8%A8%AD%E3%81%AA%E3%81%AE%E8%8A%B1%20%E4%B8%89%E6%9C%9D%E7%94%BA
ばんだの里ところご通所介護事業所,認知症対応型デイサービス,鳥取県,大山町,"介護,認知症対応型デイサービス,認知症",日中に通って食事・入浴・機能訓練・見守りなどを受けるサービスです。,https://www.google.com/search?q=%E3%81%B0%E3%82%93%E3%81%A0%E3%81%AE%E9%87%8C%E3%81%A8%E3%81%93%E3%82%8D%E3%81%94%E9%80%9A%E6%89%80%E4%BB%8B%E8%AD%B7%E4%BA%8B%E6%A5%AD%E6%89%80%20%E5%A4%A7%E5%B1%B1%E7%94%BA,鳥取県西伯郡大山町所子１１８,０８５９－５３－１７２０,厚生労働省オープンデータ,https://www.mhlw.go.jp/content/12300000/jigyosho_720.csv,2025-12末,https://www.google.com/search?q=%E3%81%B0%E3%82%93%E3%81%A0%E3%81%AE%E9%87%8C%E3%81%A8%E3%81%93%E3%82%8D%E3%81%94%E9%80%9A%E6%89%80%E4%BB%8B%E8%AD%B7%E4%BA%8B%E6%A5%AD%E6%89%80%20%E5%A4%A7%E5%B1%B1%E7%94%BA
ちゃんちゃん,小規模多機能型居宅介護,鳥取県,鳥取市,"介護,小規模多機能型居宅介護",小規模多機能型居宅介護の公式オープンデータから取り込んだ候補です。詳細は公式情報・電話・見学で確認してください。,http://ww7.enjoy.ne.jp/~reo1wan/index.html,鳥取県鳥取市用瀬町安蔵1049番地,0858-87-3459,厚生労働省オープンデータ,https://www.mhlw.go.jp/content/12300000/jigyosho_730.csv,2025-12末,https://www.google.com/search?q=%E3%81%A1%E3%82%83%E3%82%93%E3%81%A1%E3%82%83%E3%82%93%20%E9%B3%A5%E5%8F%96%E5%B8%82
小規模多機能ホーム虹の家すえひろ,小規模多機能型居宅介護,鳥取県,鳥取市,"介護,小規模多機能型居宅介護",小規模多機能型居宅介護の公式オープンデータから取り込んだ候補です。詳細は公式情報・電話・見学で確認してください。,http://mcp.mcoop-tottori.jp/,鳥取市末広温泉町203レインボーセンタービル4階,0857-50-1174,厚生労働省オープンデータ,https://www.mhlw.go.jp/content/12300000/jigyosho_730.csv,2025-12末,https://www.google.com/search?q=%E5%B0%8F%E8%A6%8F%E6%A8%A1%E5%A4%9A%E6%A9%9F%E8%83%BD%E3%83%9B%E3%83%BC%E3%83%A0%E8%99%B9%E3%81%AE%E5%AE%B6%E3%81%99%E3%81%88%E3%81%B2%E3%82%8D%20%E9%B3%A5%E5%8F%96%E5%B8%82
小規模多機能施設　さとに暖の里,小規模多機能型居宅介護,鳥取県,鳥取市,"介護,小規模多機能型居宅介護",小規模多機能型居宅介護の公式オープンデータから取り込んだ候補です。詳細は公式情報・電話・見学で確認してください。,http://www.dannosato.jp/,鳥取県鳥取市里仁５３番地１,0857-32-6577,厚生労働省オープンデータ,https://www.mhlw.go.jp/content/12300000/jigyosho_730.csv,2025-12末,https://www.google.com/search?q=%E5%B0%8F%E8%A6%8F%E6%A8%A1%E5%A4%9A%E6%A9%9F%E8%83%BD%E6%96%BD%E8%A8%AD%E3%80%80%E3%81%95%E3%81%A8%E3%81%AB%E6%9A%96%E3%81%AE%E9%87%8C%20%E9%B3%A5%E5%8F%96%E5%B8%82
小規模多機能型居宅介護施設陽だまりの家かわはら,小規模多機能型居宅介護,鳥取県,鳥取市,"介護,小規模多機能型居宅介護",小規模多機能型居宅介護の公式オープンデータから取り込んだ候補です。詳細は公式情報・電話・見学で確認してください。,https://www.google.com/search?q=%E5%B0%8F%E8%A6%8F%E6%A8%A1%E5%A4%9A%E6%A9%9F%E8%83%BD%E5%9E%8B%E5%B1%85%E5%AE%85%E4%BB%8B%E8%AD%B7%E6%96%BD%E8%A8%AD%E9%99%BD%E3%81%A0%E3%81%BE%E3%82%8A%E3%81%AE%E5%AE%B6%E3%81%8B%E3%82%8F%E3%81%AF%E3%82%89%20%E9%B3%A5%E5%8F%96%E5%B8%82,鳥取県鳥取市河原町渡一木230-1,0858-85-1610,厚生労働省オープンデータ,https://www.mhlw.go.jp/content/12300000/jigyosho_730.csv,2025-12末,https://www.google.com/search?q=%E5%B0%8F%E8%A6%8F%E6%A8%A1%E5%A4%9A%E6%A9%9F%E8%83%BD%E5%9E%8B%E5%B1%85%E5%AE%85%E4%BB%8B%E8%AD%B7%E6%96%BD%E8%A8%AD%E9%99%BD%E3%81%A0%E3%81%BE%E3%82%8A%E3%81%AE%E5%AE%B6%E3%81%8B%E3%82%8F%E3%81%AF%E3%82%89%20%E9%B3%A5%E5%8F%96%E5%B8%82
小規模多機能型居宅介護事業所　まさたみの郷,小規模多機能型居宅介護,鳥取県,鳥取市,"介護,小規模多機能型居宅介護",小規模多機能型居宅介護の公式オープンデータから取り込んだ候補です。詳細は公式情報・電話・見学で確認してください。,http://www.masataminosato.jp/,鳥取県鳥取市杉崎５９９－１,0857-53-0800,厚生労働省オープンデータ,https://www.mhlw.go.jp/content/12300000/jigyosho_730.csv,2025-12末,https://www.google.com/search?q=%E5%B0%8F%E8%A6%8F%E6%A8%A1%E5%A4%9A%E6%A9%9F%E8%83%BD%E5%9E%8B%E5%B1%85%E5%AE%85%E4%BB%8B%E8%AD%B7%E4%BA%8B%E6%A5%AD%E6%89%80%E3%80%80%E3%81%BE%E3%81%95%E3%81%9F%E3%81%BF%E3%81%AE%E9%83%B7%20%E9%B3%A5%E5%8F%96%E5%B8%82
小規模多機能型居宅介護施設陽だまりの家こうなん,小規模多機能型居宅介護,鳥取県,鳥取市,"介護,小規模多機能型居宅介護",小規模多機能型居宅介護の公式オープンデータから取り込んだ候補です。詳細は公式情報・電話・見学で確認してください。,http://www.solhem.jp/,鳥取県鳥取市興南町２１番地４,0857-50-0966,厚生労働省オープンデータ,https://www.mhlw.go.jp/content/12300000/jigyosho_730.csv,2025-12末,https://www.google.com/search?q=%E5%B0%8F%E8%A6%8F%E6%A8%A1%E5%A4%9A%E6%A9%9F%E8%83%BD%E5%9E%8B%E5%B1%85%E5%AE%85%E4%BB%8B%E8%AD%B7%E6%96%BD%E8%A8%AD%E9%99%BD%E3%81%A0%E3%81%BE%E3%82%8A%E3%81%AE%E5%AE%B6%E3%81%93%E3%81%86%E3%81%AA%E3%82%93%20%E9%B3%A5%E5%8F%96%E5%B8%82
ライフサポートひなた,小規模多機能型居宅介護,鳥取県,鳥取市,"介護,小規模多機能型居宅介護",小規模多機能型居宅介護の公式オープンデータから取り込んだ候補です。詳細は公式情報・電話・見学で確認してください。,http://life-support.ne.jp/,鳥取県鳥取市緑ヶ丘一丁目25番17号,0857-29-1126,厚生労働省オープンデータ,https://www.mhlw.go.jp/content/12300000/jigyosho_730.csv,2025-12末,https://www.google.com/search?q=%E3%83%A9%E3%82%A4%E3%83%95%E3%82%B5%E3%83%9D%E3%83%BC%E3%83%88%E3%81%B2%E3%81%AA%E3%81%9F%20%E9%B3%A5%E5%8F%96%E5%B8%82
小規模多機能事業所　木もれ陽,小規模多機能型居宅介護,鳥取県,鳥取市,"介護,小規模多機能型居宅介護",小規模多機能型居宅介護の公式オープンデータから取り込んだ候補です。詳細は公式情報・電話・見学で確認してください。,http://www.tottorifukushikai.jp/,鳥取県鳥取市南吉方2丁目28番地２小規模多機能事業所　木もれ陽,0857-36-6022,厚生労働省オープンデータ,https://www.mhlw.go.jp/content/12300000/jigyosho_730.csv,2025-12末,https://www.google.com/search?q=%E5%B0%8F%E8%A6%8F%E6%A8%A1%E5%A4%9A%E6%A9%9F%E8%83%BD%E4%BA%8B%E6%A5%AD%E6%89%80%E3%80%80%E6%9C%A8%E3%82%82%E3%82%8C%E9%99%BD%20%E9%B3%A5%E5%8F%96%E5%B8%82
小規模多機能型居宅介護いくのさん家,小規模多機能型居宅介護,鳥取県,鳥取市,"介護,小規模多機能型居宅介護",小規模多機能型居宅介護の公式オープンデータから取り込んだ候補です。詳細は公式情報・電話・見学で確認してください。,http://ikunosange.com/,鳥取県鳥取市湖山町南1丁目569,0857-51-0177,厚生労働省オープンデータ,https://www.mhlw.go.jp/content/12300000/jigyosho_730.csv,2025-12末,https://www.google.com/search?q=%E5%B0%8F%E8%A6%8F%E6%A8%A1%E5%A4%9A%E6%A9%9F%E8%83%BD%E5%9E%8B%E5%B1%85%E5%AE%85%E4%BB%8B%E8%AD%B7%E3%81%84%E3%81%8F%E3%81%AE%E3%81%95%E3%82%93%E5%AE%B6%20%E9%B3%A5%E5%8F%96%E5%B8%82
多機能サポートセンターわかばの家勝谷,小規模多機能型居宅介護,鳥取県,鳥取市,"介護,小規模多機能型居宅介護",小規模多機能型居宅介護の公式オープンデータから取り込んだ候補です。詳細は公式情報・電話・見学で確認してください。,https://www.google.com/search?q=%E5%A4%9A%E6%A9%9F%E8%83%BD%E3%82%B5%E3%83%9D%E3%83%BC%E3%83%88%E3%82%BB%E3%83%B3%E3%82%BF%E3%83%BC%E3%82%8F%E3%81%8B%E3%81%B0%E3%81%AE%E5%AE%B6%E5%8B%9D%E8%B0%B7%20%E9%B3%A5%E5%8F%96%E5%B8%82,鳥取県鳥取市鹿野町寺内１３1,0857-84-3710,厚生労働省オープンデータ,https://www.mhlw.go.jp/content/12300000/jigyosho_730.csv,2025-12末,https://www.google.com/search?q=%E5%A4%9A%E6%A9%9F%E8%83%BD%E3%82%B5%E3%83%9D%E3%83%BC%E3%83%88%E3%82%BB%E3%83%B3%E3%82%BF%E3%83%BC%E3%82%8F%E3%81%8B%E3%81%B0%E3%81%AE%E5%AE%B6%E5%8B%9D%E8%B0%B7%20%E9%B3%A5%E5%8F%96%E5%B8%82
ハピネのやわらぎ興南,小規模多機能型居宅介護,鳥取県,鳥取市,"介護,小規模多機能型居宅介護",小規模多機能型居宅介護の公式オープンデータから取り込んだ候補です。詳細は公式情報・電話・見学で確認してください。,http://www.hapine.com/,鳥取県鳥取市興南町83番地,0857-23-0221,厚生労働省オープンデータ,https://www.mhlw.go.jp/content/12300000/jigyosho_730.csv,2025-12末,https://www.google.com/search?q=%E3%83%8F%E3%83%94%E3%83%8D%E3%81%AE%E3%82%84%E3%82%8F%E3%82%89%E3%81%8E%E8%88%88%E5%8D%97%20%E9%B3%A5%E5%8F%96%E5%B8%82
ハピネのやわらぎ松並,小規模多機能型居宅介護,鳥取県,鳥取市,"介護,小規模多機能型居宅介護",小規模多機能型居宅介護の公式オープンデータから取り込んだ候補です。詳細は公式情報・電話・見学で確認してください。,http://www.hapine.com/,鳥取県鳥取市松並町１丁目２２８番地,0857-22-8131,厚生労働省オープンデータ,https://www.mhlw.go.jp/content/12300000/jigyosho_730.csv,2025-12末,https://www.google.com/search?q=%E3%83%8F%E3%83%94%E3%83%8D%E3%81%AE%E3%82%84%E3%82%8F%E3%82%89%E3%81%8E%E6%9D%BE%E4%B8%A6%20%E9%B3%A5%E5%8F%96%E5%B8%82
デイハウスじゅんぷう,小規模多機能型居宅介護,鳥取県,鳥取市,"介護,小規模多機能型居宅介護",小規模多機能型居宅介護の公式オープンデータから取り込んだ候補です。詳細は公式情報・電話・見学で確認してください。,http://www.kohoen.jp,鳥取県鳥取市玄好町404,0857-20-6541,厚生労働省オープンデータ,https://www.mhlw.go.jp/content/12300000/jigyosho_730.csv,2025-12末,https://www.google.com/search?q=%E3%83%87%E3%82%A4%E3%83%8F%E3%82%A6%E3%82%B9%E3%81%98%E3%82%85%E3%82%93%E3%81%B7%E3%81%86%20%E9%B3%A5%E5%8F%96%E5%B8%82
多機能サポートセンターわかばの家河原,小規模多機能型居宅介護,鳥取県,鳥取市,"介護,小規模多機能型居宅介護",小規模多機能型居宅介護の公式オープンデータから取り込んだ候補です。詳細は公式情報・電話・見学で確認してください。,http://www.jainaba.com/kaigo/wakaba.htm,鳥取県鳥取市河原町渡一木１５６－１,0858-85-3330,厚生労働省オープンデータ,https://www.mhlw.go.jp/content/12300000/jigyosho_730.csv,2025-12末,https://www.google.com/search?q=%E5%A4%9A%E6%A9%9F%E8%83%BD%E3%82%B5%E3%83%9D%E3%83%BC%E3%83%88%E3%82%BB%E3%83%B3%E3%82%BF%E3%83%BC%E3%82%8F%E3%81%8B%E3%81%B0%E3%81%AE%E5%AE%B6%E6%B2%B3%E5%8E%9F%20%E9%B3%A5%E5%8F%96%E5%B8%82
多機能サポートセンター　わかばの家　美保,小規模多機能型居宅介護,鳥取県,鳥取市,"介護,小規模多機能型居宅介護",小規模多機能型居宅介護の公式オープンデータから取り込んだ候補です。詳細は公式情報・電話・見学で確認してください。,http://www.jainaba.com/kaigo/wakaba.htm,鳥取県鳥取市吉成５１０番地,0857-26-0088,厚生労働省オープンデータ,https://www.mhlw.go.jp/content/12300000/jigyosho_730.csv,2025-12末,https://www.google.com/search?q=%E5%A4%9A%E6%A9%9F%E8%83%BD%E3%82%B5%E3%83%9D%E3%83%BC%E3%83%88%E3%82%BB%E3%83%B3%E3%82%BF%E3%83%BC%E3%80%80%E3%82%8F%E3%81%8B%E3%81%B0%E3%81%AE%E5%AE%B6%E3%80%80%E7%BE%8E%E4%BF%9D%20%E9%B3%A5%E5%8F%96%E5%B8%82
小規模多機能型居宅介護事業所こすもす,小規模多機能型居宅介護,鳥取県,鳥取市,"介護,小規模多機能型居宅介護",小規模多機能型居宅介護の公式オープンデータから取り込んだ候補です。詳細は公式情報・電話・見学で確認してください。,http://cosmos.main.jp/,鳥取県鳥取市国府町新通り三丁目３６８番地２,0857-30-0331,厚生労働省オープンデータ,https://www.mhlw.go.jp/content/12300000/jigyosho_730.csv,2025-12末,https://www.google.com/search?q=%E5%B0%8F%E8%A6%8F%E6%A8%A1%E5%A4%9A%E6%A9%9F%E8%83%BD%E5%9E%8B%E5%B1%85%E5%AE%85%E4%BB%8B%E8%AD%B7%E4%BA%8B%E6%A5%AD%E6%89%80%E3%81%93%E3%81%99%E3%82%82%E3%81%99%20%E9%B3%A5%E5%8F%96%E5%B8%82
小規模多機能型居宅介護事業所　わかさ,小規模多機能型居宅介護,鳥取県,鳥取市,"介護,小規模多機能型居宅介護",小規模多機能型居宅介護の公式オープンデータから取り込んだ候補です。詳細は公式情報・電話・見学で確認してください。,http://www.kaigo-wakasa.jp/,鳥取県鳥取市立川町6丁目201-21,0857-39-0001,厚生労働省オープンデータ,https://www.mhlw.go.jp/content/12300000/jigyosho_730.csv,2025-12末,https://www.google.com/search?q=%E5%B0%8F%E8%A6%8F%E6%A8%A1%E5%A4%9A%E6%A9%9F%E8%83%BD%E5%9E%8B%E5%B1%85%E5%AE%85%E4%BB%8B%E8%AD%B7%E4%BA%8B%E6%A5%AD%E6%89%80%E3%80%80%E3%82%8F%E3%81%8B%E3%81%95%20%E9%B3%A5%E5%8F%96%E5%B8%82
小規模多機能型居宅介護施設　とちの実,小規模多機能型居宅介護,鳥取県,鳥取市,"介護,小規模多機能型居宅介護",小規模多機能型居宅介護の公式オープンデータから取り込んだ候補です。詳細は公式情報・電話・見学で確認してください。,https://www.tottoricity-syakyo.or.jp/,鳥取市佐治町加茂583-1,0858-89-1860,厚生労働省オープンデータ,https://www.mhlw.go.jp/content/12300000/jigyosho_730.csv,2025-12末,https://www.google.com/search?q=%E5%B0%8F%E8%A6%8F%E6%A8%A1%E5%A4%9A%E6%A9%9F%E8%83%BD%E5%9E%8B%E5%B1%85%E5%AE%85%E4%BB%8B%E8%AD%B7%E6%96%BD%E8%A8%AD%E3%80%80%E3%81%A8%E3%81%A1%E3%81%AE%E5%AE%9F%20%E9%B3%A5%E5%8F%96%E5%B8%82
小規模多機能型居宅介護木守舎,小規模多機能型居宅介護,鳥取県,鳥取市,"介護,小規模多機能型居宅介護",小規模多機能型居宅介護の公式オープンデータから取り込んだ候補です。詳細は公式情報・電話・見学で確認してください。,http://ikunosange.com/shisetsu/kimamori/,鳥取県鳥取市行徳2丁目429番地,0857-24-0303,厚生労働省オープンデータ,https://www.mhlw.go.jp/content/12300000/jigyosho_730.csv,2025-12末,https://www.google.com/search?q=%E5%B0%8F%E8%A6%8F%E6%A8%A1%E5%A4%9A%E6%A9%9F%E8%83%BD%E5%9E%8B%E5%B1%85%E5%AE%85%E4%BB%8B%E8%AD%B7%E6%9C%A8%E5%AE%88%E8%88%8E%20%E9%B3%A5%E5%8F%96%E5%B8%82
小規模多機能型居宅介護施設ほのぼの,小規模多機能型居宅介護,鳥取県,鳥取市,"介護,小規模多機能型居宅介護",小規模多機能型居宅介護の公式オープンデータから取り込んだ候補です。詳細は公式情報・電話・見学で確認してください。,https://www.tottoricity-syakyo.or.jp,鳥取県鳥取市青谷町善田30-1,0857-85-2002,厚生労働省オープンデータ,https://www.mhlw.go.jp/content/12300000/jigyosho_730.csv,2025-12末,https://www.google.com/search?q=%E5%B0%8F%E8%A6%8F%E6%A8%A1%E5%A4%9A%E6%A9%9F%E8%83%BD%E5%9E%8B%E5%B1%85%E5%AE%85%E4%BB%8B%E8%AD%B7%E6%96%BD%E8%A8%AD%E3%81%BB%E3%81%AE%E3%81%BC%E3%81%AE%20%E9%B3%A5%E5%8F%96%E5%B8%82
ハピネのやわらぎ中ノ郷,小規模多機能型居宅介護,鳥取県,鳥取市,"介護,小規模多機能型居宅介護",小規模多機能型居宅介護の公式オープンデータから取り込んだ候補です。詳細は公式情報・電話・見学で確認してください。,http://www.hapine.com/,鳥取県鳥取市江津１１９６番地,0857-26-6566,厚生労働省オープンデータ,https://www.mhlw.go.jp/content/12300000/jigyosho_730.csv,2025-12末,https://www.google.com/search?q=%E3%83%8F%E3%83%94%E3%83%8D%E3%81%AE%E3%82%84%E3%82%8F%E3%82%89%E3%81%8E%E4%B8%AD%E3%83%8E%E9%83%B7%20%E9%B3%A5%E5%8F%96%E5%B8%82
ハピネのやわらぎ湖山,小規模多機能型居宅介護,鳥取県,鳥取市,"介護,小規模多機能型居宅介護",小規模多機能型居宅介護の公式オープンデータから取り込んだ候補です。詳細は公式情報・電話・見学で確認してください。,https://www.google.com/search?q=%E3%83%8F%E3%83%94%E3%83%8D%E3%81%AE%E3%82%84%E3%82%8F%E3%82%89%E3%81%8E%E6%B9%96%E5%B1%B1%20%E9%B3%A5%E5%8F%96%E5%B8%82,鳥取県鳥取市湖山町東1-117-4,0857-38-8666,厚生労働省オープンデータ,https://www.mhlw.go.jp/content/12300000/jigyosho_730.csv,2025-12末,https://www.google.com/search?q=%E3%83%8F%E3%83%94%E3%83%8D%E3%81%AE%E3%82%84%E3%82%8F%E3%82%89%E3%81%8E%E6%B9%96%E5%B1%B1%20%E9%B3%A5%E5%8F%96%E5%B8%82
ライフサポートあさひ,小規模多機能型居宅介護,鳥取県,鳥取市,"介護,小規模多機能型居宅介護",小規模多機能型居宅介護の公式オープンデータから取り込んだ候補です。詳細は公式情報・電話・見学で確認してください。,http://life-support.ne.jp/,鳥取県鳥取市緑ヶ丘1丁目24－13,0857－50－1426,厚生労働省オープンデータ,https://www.mhlw.go.jp/content/12300000/jigyosho_730.csv,2025-12末,https://www.google.com/search?q=%E3%83%A9%E3%82%A4%E3%83%95%E3%82%B5%E3%83%9D%E3%83%BC%E3%83%88%E3%81%82%E3%81%95%E3%81%B2%20%E9%B3%A5%E5%8F%96%E5%B8%82
ライフサポートゆづき,小規模多機能型居宅介護,鳥取県,鳥取市,"介護,小規模多機能型居宅介護",小規模多機能型居宅介護の公式オープンデータから取り込んだ候補です。詳細は公式情報・電話・見学で確認してください。,http://life-support.ne.jp/,鳥取県鳥取市緑ヶ丘1丁目24番17号,0857-50-1826,厚生労働省オープンデータ,https://www.mhlw.go.jp/content/12300000/jigyosho_730.csv,2025-12末,https://www.google.com/search?q=%E3%83%A9%E3%82%A4%E3%83%95%E3%82%B5%E3%83%9D%E3%83%BC%E3%83%88%E3%82%86%E3%81%A5%E3%81%8D%20%E9%B3%A5%E5%8F%96%E5%B8%82
小規模多機能型居宅介護事業所なでしこ,小規模多機能型居宅介護,鳥取県,鳥取市,"介護,小規模多機能型居宅介護",小規模多機能型居宅介護の公式オープンデータから取り込んだ候補です。詳細は公式情報・電話・見学で確認してください。,https://nonbiri-nadeshiko.jp/,鳥取県鳥取市用瀬町古用瀬４７３,０８５８－８７－３０００,厚生労働省オープンデータ,https://www.mhlw.go.jp/content/12300000/jigyosho_730.csv,2025-12末,https://www.google.com/search?q=%E5%B0%8F%E8%A6%8F%E6%A8%A1%E5%A4%9A%E6%A9%9F%E8%83%BD%E5%9E%8B%E5%B1%85%E5%AE%85%E4%BB%8B%E8%AD%B7%E4%BA%8B%E6%A5%AD%E6%89%80%E3%81%AA%E3%81%A7%E3%81%97%E3%81%93%20%E9%B3%A5%E5%8F%96%E5%B8%82
小規模多機能施設あすなろ　げん太くん,小規模多機能型居宅介護,鳥取県,鳥取市,"介護,小規模多機能型居宅介護",小規模多機能型居宅介護の公式オープンデータから取り込んだ候補です。詳細は公式情報・電話・見学で確認してください。,http;www.t-asunaro.or.jp/,鳥取県鳥取市源太82番地2,0857-50-0256,厚生労働省オープンデータ,https://www.mhlw.go.jp/content/12300000/jigyosho_730.csv,2025-12末,https://www.google.com/search?q=%E5%B0%8F%E8%A6%8F%E6%A8%A1%E5%A4%9A%E6%A9%9F%E8%83%BD%E6%96%BD%E8%A8%AD%E3%81%82%E3%81%99%E3%81%AA%E3%82%8D%E3%80%80%E3%81%92%E3%82%93%E5%A4%AA%E3%81%8F%E3%82%93%20%E9%B3%A5%E5%8F%96%E5%B8%82
ゆいの郷小規模多機能居宅介護事業所,小規模多機能型居宅介護,鳥取県,米子市,"介護,小規模多機能型居宅介護",小規模多機能型居宅介護の公式オープンデータから取り込んだ候補です。詳細は公式情報・電話・見学で確認してください。,"yuinosato@orange.com.ne,jp",鳥取県米子市淀江町稲吉１６１－１ゆいの郷小規模多機能居宅介護事業所,０８５９－５６－１０１０,厚生労働省オープンデータ,https://www.mhlw.go.jp/content/12300000/jigyosho_730.csv,2025-12末,https://www.google.com/search?q=%E3%82%86%E3%81%84%E3%81%AE%E9%83%B7%E5%B0%8F%E8%A6%8F%E6%A8%A1%E5%A4%9A%E6%A9%9F%E8%83%BD%E5%B1%85%E5%AE%85%E4%BB%8B%E8%AD%B7%E4%BA%8B%E6%A5%AD%E6%89%80%20%E7%B1%B3%E5%AD%90%E5%B8%82
小規模多機能ホーム翠のさと,小規模多機能型居宅介護,鳥取県,米子市,"介護,小規模多機能型居宅介護",小規模多機能型居宅介護の公式オープンデータから取り込んだ候補です。詳細は公式情報・電話・見学で確認してください。,midorinosato.info,西福原8-1-1,0859-30-3378,厚生労働省オープンデータ,https://www.mhlw.go.jp/content/12300000/jigyosho_730.csv,2025-12末,https://www.google.com/search?q=%E5%B0%8F%E8%A6%8F%E6%A8%A1%E5%A4%9A%E6%A9%9F%E8%83%BD%E3%83%9B%E3%83%BC%E3%83%A0%E7%BF%A0%E3%81%AE%E3%81%95%E3%81%A8%20%E7%B1%B3%E5%AD%90%E5%B8%82
小規模多機能ホーム　はあとピア,小規模多機能型居宅介護,鳥取県,米子市,"介護,小規模多機能型居宅介護",小規模多機能型居宅介護の公式オープンデータから取り込んだ候補です。詳細は公式情報・電話・見学で確認してください。,http://www.hapine.com,鳥取県米子市久米町２００番地,0859-31-8810,厚生労働省オープンデータ,https://www.mhlw.go.jp/content/12300000/jigyosho_730.csv,2025-12末,https://www.google.com/search?q=%E5%B0%8F%E8%A6%8F%E6%A8%A1%E5%A4%9A%E6%A9%9F%E8%83%BD%E3%83%9B%E3%83%BC%E3%83%A0%E3%80%80%E3%81%AF%E3%81%82%E3%81%A8%E3%83%94%E3%82%A2%20%E7%B1%B3%E5%AD%90%E5%B8%82
デイハウスごせんごく,小規模多機能型居宅介護,鳥取県,米子市,"介護,小規模多機能型居宅介護",小規模多機能型居宅介護の公式オープンデータから取り込んだ候補です。詳細は公式情報・電話・見学で確認してください。,http://www.kohoen.jp,鳥取県米子市福市１７２６－１,0859-26-6541,厚生労働省オープンデータ,https://www.mhlw.go.jp/content/12300000/jigyosho_730.csv,2025-12末,https://www.google.com/search?q=%E3%83%87%E3%82%A4%E3%83%8F%E3%82%A6%E3%82%B9%E3%81%94%E3%81%9B%E3%82%93%E3%81%94%E3%81%8F%20%E7%B1%B3%E5%AD%90%E5%B8%82
デイハウス　くずも,小規模多機能型居宅介護,鳥取県,米子市,"介護,小規模多機能型居宅介護",小規模多機能型居宅介護の公式オープンデータから取り込んだ候補です。詳細は公式情報・電話・見学で確認してください。,http://www.kohoen.jp,鳥取県米子市車尾3丁目12-16,0859-34-6541,厚生労働省オープンデータ,https://www.mhlw.go.jp/content/12300000/jigyosho_730.csv,2025-12末,https://www.google.com/search?q=%E3%83%87%E3%82%A4%E3%83%8F%E3%82%A6%E3%82%B9%E3%80%80%E3%81%8F%E3%81%9A%E3%82%82%20%E7%B1%B3%E5%AD%90%E5%B8%82
小規模多機能ホームはくほう,小規模多機能型居宅介護,鳥取県,米子市,"介護,小規模多機能型居宅介護",小規模多機能型居宅介護の公式オープンデータから取り込んだ候補です。詳細は公式情報・電話・見学で確認してください。,http://www.hapine.com/,鳥取県米子市皆生温泉3-15-50,0859-38-1113,厚生労働省オープンデータ,https://www.mhlw.go.jp/content/12300000/jigyosho_730.csv,2025-12末,https://www.google.com/search?q=%E5%B0%8F%E8%A6%8F%E6%A8%A1%E5%A4%9A%E6%A9%9F%E8%83%BD%E3%83%9B%E3%83%BC%E3%83%A0%E3%81%AF%E3%81%8F%E3%81%BB%E3%81%86%20%E7%B1%B3%E5%AD%90%E5%B8%82
デイハウスながえ,小規模多機能型居宅介護,鳥取県,米子市,"介護,小規模多機能型居宅介護",小規模多機能型居宅介護の公式オープンデータから取り込んだ候補です。詳細は公式情報・電話・見学で確認してください。,http://www.kohoen/jp,鳥取県米子市永江280－2県営永江住宅永江団地52－1棟　233号　234号,0859－36－8341,厚生労働省オープンデータ,https://www.mhlw.go.jp/content/12300000/jigyosho_730.csv,2025-12末,https://www.google.com/search?q=%E3%83%87%E3%82%A4%E3%83%8F%E3%82%A6%E3%82%B9%E3%81%AA%E3%81%8C%E3%81%88%20%E7%B1%B3%E5%AD%90%E5%B8%82
小規模多機能ハウス　カルム米子,小規模多機能型居宅介護,鳥取県,米子市,"介護,小規模多機能型居宅介護",小規模多機能型居宅介護の公式オープンデータから取り込んだ候補です。詳細は公式情報・電話・見学で確認してください。,https://calmekaigo.jp/yonago/,鳥取県米子市冨士見町2丁目132番地,0859-37-2655,厚生労働省オープンデータ,https://www.mhlw.go.jp/content/12300000/jigyosho_730.csv,2025-12末,https://www.google.com/search?q=%E5%B0%8F%E8%A6%8F%E6%A8%A1%E5%A4%9A%E6%A9%9F%E8%83%BD%E3%83%8F%E3%82%A6%E3%82%B9%E3%80%80%E3%82%AB%E3%83%AB%E3%83%A0%E7%B1%B3%E5%AD%90%20%E7%B1%B3%E5%AD%90%E5%B8%82
小規模多機能ホーム仁風荘かみごとう,小規模多機能型居宅介護,鳥取県,米子市,"介護,小規模多機能型居宅介護",小規模多機能型居宅介護の公式オープンデータから取り込んだ候補です。詳細は公式情報・電話・見学で確認してください。,www.yowakai.com,鳥取県米子市上後藤３－９－４６,0859-30-0001,厚生労働省オープンデータ,https://www.mhlw.go.jp/content/12300000/jigyosho_730.csv,2025-12末,https://www.google.com/search?q=%E5%B0%8F%E8%A6%8F%E6%A8%A1%E5%A4%9A%E6%A9%9F%E8%83%BD%E3%83%9B%E3%83%BC%E3%83%A0%E4%BB%81%E9%A2%A8%E8%8D%98%E3%81%8B%E3%81%BF%E3%81%94%E3%81%A8%E3%81%86%20%E7%B1%B3%E5%AD%90%E5%B8%82
小規模多機能型居宅介護にじの音,小規模多機能型居宅介護,鳥取県,米子市,"介護,小規模多機能型居宅介護",小規模多機能型居宅介護の公式オープンデータから取り込んだ候補です。詳細は公式情報・電話・見学で確認してください。,https://www.shinsei-care-service.com/,鳥取県米子市熊党200-1,0859-30-4316,厚生労働省オープンデータ,https://www.mhlw.go.jp/content/12300000/jigyosho_730.csv,2025-12末,https://www.google.com/search?q=%E5%B0%8F%E8%A6%8F%E6%A8%A1%E5%A4%9A%E6%A9%9F%E8%83%BD%E5%9E%8B%E5%B1%85%E5%AE%85%E4%BB%8B%E8%AD%B7%E3%81%AB%E3%81%98%E3%81%AE%E9%9F%B3%20%E7%B1%B3%E5%AD%90%E5%B8%82
社会福祉法人こうほうえん　デイハウスよねはら,小規模多機能型居宅介護,鳥取県,米子市,"介護,小規模多機能型居宅介護",小規模多機能型居宅介護の公式オープンデータから取り込んだ候補です。詳細は公式情報・電話・見学で確認してください。,https://www.kohoen.jp,米原8-5-77,0859-33-1337,厚生労働省オープンデータ,https://www.mhlw.go.jp/content/12300000/jigyosho_730.csv,2025-12末,https://www.google.com/search?q=%E7%A4%BE%E4%BC%9A%E7%A6%8F%E7%A5%89%E6%B3%95%E4%BA%BA%E3%81%93%E3%81%86%E3%81%BB%E3%81%86%E3%81%88%E3%82%93%E3%80%80%E3%83%87%E3%82%A4%E3%83%8F%E3%82%A6%E3%82%B9%E3%82%88%E3%81%AD%E3%81%AF%E3%82%89%20%E7%B1%B3%E5%AD%90%E5%B8%82
（介護予防）小規模多機能型居宅介護浜の絆,小規模多機能型居宅介護,鳥取県,米子市,"介護,小規模多機能型居宅介護",小規模多機能型居宅介護の公式オープンデータから取り込んだ候補です。詳細は公式情報・電話・見学で確認してください。,www.hospitown.or.jp/,鳥取県米子市夜見町２３９３番地１,0859-36-8360,厚生労働省オープンデータ,https://www.mhlw.go.jp/content/12300000/jigyosho_730.csv,2025-12末,https://www.google.com/search?q=%EF%BC%88%E4%BB%8B%E8%AD%B7%E4%BA%88%E9%98%B2%EF%BC%89%E5%B0%8F%E8%A6%8F%E6%A8%A1%E5%A4%9A%E6%A9%9F%E8%83%BD%E5%9E%8B%E5%B1%85%E5%AE%85%E4%BB%8B%E8%AD%B7%E6%B5%9C%E3%81%AE%E7%B5%86%20%E7%B1%B3%E5%AD%90%E5%B8%82
小規模多機能ホーム仁風荘ひこな,小規模多機能型居宅介護,鳥取県,米子市,"介護,小規模多機能型居宅介護",小規模多機能型居宅介護の公式オープンデータから取り込んだ候補です。詳細は公式情報・電話・見学で確認してください。,http://www.yowakai.com,鳥取県米子市彦名町964-1,0859-30-0008,厚生労働省オープンデータ,https://www.mhlw.go.jp/content/12300000/jigyosho_730.csv,2025-12末,https://www.google.com/search?q=%E5%B0%8F%E8%A6%8F%E6%A8%A1%E5%A4%9A%E6%A9%9F%E8%83%BD%E3%83%9B%E3%83%BC%E3%83%A0%E4%BB%81%E9%A2%A8%E8%8D%98%E3%81%B2%E3%81%93%E3%81%AA%20%E7%B1%B3%E5%AD%90%E5%B8%82
小規模多機能型居宅介護真誠会プラザ,小規模多機能型居宅介護,鳥取県,米子市,"介護,小規模多機能型居宅介護",小規模多機能型居宅介護の公式オープンデータから取り込んだ候補です。詳細は公式情報・電話・見学で確認してください。,http://www.hospitown.or.jp/,鳥取県米子市上福原680番1,0859-36-8686,厚生労働省オープンデータ,https://www.mhlw.go.jp/content/12300000/jigyosho_730.csv,2025-12末,https://www.google.com/search?q=%E5%B0%8F%E8%A6%8F%E6%A8%A1%E5%A4%9A%E6%A9%9F%E8%83%BD%E5%9E%8B%E5%B1%85%E5%AE%85%E4%BB%8B%E8%AD%B7%E7%9C%9F%E8%AA%A0%E4%BC%9A%E3%83%97%E3%83%A9%E3%82%B6%20%E7%B1%B3%E5%AD%90%E5%B8%82
ホームケアピーコック,小規模多機能型居宅介護,鳥取県,米子市,"介護,小規模多機能型居宅介護",小規模多機能型居宅介護の公式オープンデータから取り込んだ候補です。詳細は公式情報・電話・見学で確認してください。,http:www.loh.co.jp,鳥取県米子市熊党520,0859-21-2522,厚生労働省オープンデータ,https://www.mhlw.go.jp/content/12300000/jigyosho_730.csv,2025-12末,https://www.google.com/search?q=%E3%83%9B%E3%83%BC%E3%83%A0%E3%82%B1%E3%82%A2%E3%83%94%E3%83%BC%E3%82%B3%E3%83%83%E3%82%AF%20%E7%B1%B3%E5%AD%90%E5%B8%82
あったかなうち　エルル両三柳,小規模多機能型居宅介護,鳥取県,米子市,"介護,小規模多機能型居宅介護",小規模多機能型居宅介護の公式オープンデータから取り込んだ候補です。詳細は公式情報・電話・見学で確認してください。,http://elfith.com,鳥取県米子市両三柳193-3,0859-21-7887,厚生労働省オープンデータ,https://www.mhlw.go.jp/content/12300000/jigyosho_730.csv,2025-12末,https://www.google.com/search?q=%E3%81%82%E3%81%A3%E3%81%9F%E3%81%8B%E3%81%AA%E3%81%86%E3%81%A1%E3%80%80%E3%82%A8%E3%83%AB%E3%83%AB%E4%B8%A1%E4%B8%89%E6%9F%B3%20%E7%B1%B3%E5%AD%90%E5%B8%82
地域サポートハウスしみず,小規模多機能型居宅介護,鳥取県,倉吉市,"介護,小規模多機能型居宅介護",小規模多機能型居宅介護の公式オープンデータから取り込んだ候補です。詳細は公式情報・電話・見学で確認してください。,http://kensuikai.net/tsh_shimizu.html,鳥取県倉吉市宮川町153-7,0858-27-0028,厚生労働省オープンデータ,https://www.mhlw.go.jp/content/12300000/jigyosho_730.csv,2025-12末,https://www.google.com/search?q=%E5%9C%B0%E5%9F%9F%E3%82%B5%E3%83%9D%E3%83%BC%E3%83%88%E3%83%8F%E3%82%A6%E3%82%B9%E3%81%97%E3%81%BF%E3%81%9A%20%E5%80%89%E5%90%89%E5%B8%82
小規模多機能型居宅介護事業所　やしろ,小規模多機能型居宅介護,鳥取県,倉吉市,"介護,小規模多機能型居宅介護",小規模多機能型居宅介護の公式オープンデータから取り込んだ候補です。詳細は公式情報・電話・見学で確認してください。,https://minorifukusikai.com/,鳥取県倉吉市西福守町658,0858-29-5088,厚生労働省オープンデータ,https://www.mhlw.go.jp/content/12300000/jigyosho_730.csv,2025-12末,https://www.google.com/search?q=%E5%B0%8F%E8%A6%8F%E6%A8%A1%E5%A4%9A%E6%A9%9F%E8%83%BD%E5%9E%8B%E5%B1%85%E5%AE%85%E4%BB%8B%E8%AD%B7%E4%BA%8B%E6%A5%AD%E6%89%80%E3%80%80%E3%82%84%E3%81%97%E3%82%8D%20%E5%80%89%E5%90%89%E5%B8%82
小規模多機能ホームつばき,小規模多機能型居宅介護,鳥取県,倉吉市,"介護,小規模多機能型居宅介護",小規模多機能型居宅介護の公式オープンデータから取り込んだ候補です。詳細は公式情報・電話・見学で確認してください。,http://www.nissyoukai.com/,鳥取県倉吉市余戸谷町3051番地2,0858-24-5331,厚生労働省オープンデータ,https://www.mhlw.go.jp/content/12300000/jigyosho_730.csv,2025-12末,https://www.google.com/search?q=%E5%B0%8F%E8%A6%8F%E6%A8%A1%E5%A4%9A%E6%A9%9F%E8%83%BD%E3%83%9B%E3%83%BC%E3%83%A0%E3%81%A4%E3%81%B0%E3%81%8D%20%E5%80%89%E5%90%89%E5%B8%82
小規模多機能ホーム華つばき,小規模多機能型居宅介護,鳥取県,倉吉市,"介護,小規模多機能型居宅介護",小規模多機能型居宅介護の公式オープンデータから取り込んだ候補です。詳細は公式情報・電話・見学で確認してください。,http://www.nissyoukai.com,鳥取県倉吉市中河原７７１番地２,0858-24-5564,厚生労働省オープンデータ,https://www.mhlw.go.jp/content/12300000/jigyosho_730.csv,2025-12末,https://www.google.com/search?q=%E5%B0%8F%E8%A6%8F%E6%A8%A1%E5%A4%9A%E6%A9%9F%E8%83%BD%E3%83%9B%E3%83%BC%E3%83%A0%E8%8F%AF%E3%81%A4%E3%81%B0%E3%81%8D%20%E5%80%89%E5%90%89%E5%B8%82
小規模多機能ホームそらいろ,小規模多機能型居宅介護,鳥取県,倉吉市,"介護,小規模多機能型居宅介護",小規模多機能型居宅介護の公式オープンデータから取り込んだ候補です。詳細は公式情報・電話・見学で確認してください。,http://lightup-ltd.com,鳥取県倉吉市三江1281番1,0858-27-0460,厚生労働省オープンデータ,https://www.mhlw.go.jp/content/12300000/jigyosho_730.csv,2025-12末,https://www.google.com/search?q=%E5%B0%8F%E8%A6%8F%E6%A8%A1%E5%A4%9A%E6%A9%9F%E8%83%BD%E3%83%9B%E3%83%BC%E3%83%A0%E3%81%9D%E3%82%89%E3%81%84%E3%82%8D%20%E5%80%89%E5%90%89%E5%B8%82
デイハウスあがりみち,小規模多機能型居宅介護,鳥取県,境港市,"介護,小規模多機能型居宅介護",小規模多機能型居宅介護の公式オープンデータから取り込んだ候補です。詳細は公式情報・電話・見学で確認してください。,http://www.kohoen.jp,鳥取県境港市上道町2087-2,0859-47-6545,厚生労働省オープンデータ,https://www.mhlw.go.jp/content/12300000/jigyosho_730.csv,2025-12末,https://www.google.com/search?q=%E3%83%87%E3%82%A4%E3%83%8F%E3%82%A6%E3%82%B9%E3%81%82%E3%81%8C%E3%82%8A%E3%81%BF%E3%81%A1%20%E5%A2%83%E6%B8%AF%E5%B8%82
小規模多機能型居宅介護　デイハウスせいどう,小規模多機能型居宅介護,鳥取県,境港市,"介護,小規模多機能型居宅介護",小規模多機能型居宅介護の公式オープンデータから取り込んだ候補です。詳細は公式情報・電話・見学で確認してください。,http//www.kohoen.jp,鳥取県境港市高松町892-3,0859-47-5500,厚生労働省オープンデータ,https://www.mhlw.go.jp/content/12300000/jigyosho_730.csv,2025-12末,https://www.google.com/search?q=%E5%B0%8F%E8%A6%8F%E6%A8%A1%E5%A4%9A%E6%A9%9F%E8%83%BD%E5%9E%8B%E5%B1%85%E5%AE%85%E4%BB%8B%E8%AD%B7%E3%80%80%E3%83%87%E3%82%A4%E3%83%8F%E3%82%A6%E3%82%B9%E3%81%9B%E3%81%84%E3%81%A9%E3%81%86%20%E5%A2%83%E6%B8%AF%E5%B8%82
デイハウスわたり,小規模多機能型居宅介護,鳥取県,境港市,"介護,小規模多機能型居宅介護",小規模多機能型居宅介護の公式オープンデータから取り込んだ候補です。詳細は公式情報・電話・見学で確認してください。,http://www.kohoen.jp,鳥取県境港市渡町　1422,0859-45-6510,厚生労働省オープンデータ,https://www.mhlw.go.jp/content/12300000/jigyosho_730.csv,2025-12末,https://www.google.com/search?q=%E3%83%87%E3%82%A4%E3%83%8F%E3%82%A6%E3%82%B9%E3%82%8F%E3%81%9F%E3%82%8A%20%E5%A2%83%E6%B8%AF%E5%B8%82
ともいきの浜　浦富,小規模多機能型居宅介護,鳥取県,岩美町,"介護,小規模多機能型居宅介護",小規模多機能型居宅介護の公式オープンデータから取り込んだ候補です。詳細は公式情報・電話・見学で確認してください。,tomoiki-uradome@ncn-t.net,鳥取県岩美郡岩美町浦富2475-138ともいきの浜　浦富,0857-72-1211,厚生労働省オープンデータ,https://www.mhlw.go.jp/content/12300000/jigyosho_730.csv,2025-12末,https://www.google.com/search?q=%E3%81%A8%E3%82%82%E3%81%84%E3%81%8D%E3%81%AE%E6%B5%9C%E3%80%80%E6%B5%A6%E5%AF%8C%20%E5%B2%A9%E7%BE%8E%E7%94%BA
多機能サポートセンターわかばの家　大岩,小規模多機能型居宅介護,鳥取県,岩美町,"介護,小規模多機能型居宅介護",小規模多機能型居宅介護の公式オープンデータから取り込んだ候補です。詳細は公式情報・電話・見学で確認してください。,http://www.jainaba.com/kaigo/wakaba.htm,鳥取県岩美郡岩美町大谷312番地１,0857-37-5700,厚生労働省オープンデータ,https://www.mhlw.go.jp/content/12300000/jigyosho_730.csv,2025-12末,https://www.google.com/search?q=%E5%A4%9A%E6%A9%9F%E8%83%BD%E3%82%B5%E3%83%9D%E3%83%BC%E3%83%88%E3%82%BB%E3%83%B3%E3%82%BF%E3%83%BC%E3%82%8F%E3%81%8B%E3%81%B0%E3%81%AE%E5%AE%B6%E3%80%80%E5%A4%A7%E5%B2%A9%20%E5%B2%A9%E7%BE%8E%E7%94%BA
小規模多機能型居宅介護施設きたやま,小規模多機能型居宅介護,鳥取県,八頭町,"介護,小規模多機能型居宅介護",小規模多機能型居宅介護の公式オープンデータから取り込んだ候補です。詳細は公式情報・電話・見学で確認してください。,https://swc-yazu.studio.site,鳥取県八頭郡八頭町北山１５９－１,0858-84-6220,厚生労働省オープンデータ,https://www.mhlw.go.jp/content/12300000/jigyosho_730.csv,2025-12末,https://www.google.com/search?q=%E5%B0%8F%E8%A6%8F%E6%A8%A1%E5%A4%9A%E6%A9%9F%E8%83%BD%E5%9E%8B%E5%B1%85%E5%AE%85%E4%BB%8B%E8%AD%B7%E6%96%BD%E8%A8%AD%E3%81%8D%E3%81%9F%E3%82%84%E3%81%BE%20%E5%85%AB%E9%A0%AD%E7%94%BA
小規模多機能型居宅介護施設　なの花,小規模多機能型居宅介護,鳥取県,三朝町,"介護,小規模多機能型居宅介護",小規模多機能型居宅介護の公式オープンデータから取り込んだ候補です。詳細は公式情報・電話・見学で確認してください。,http://aikeikai-nanohana.jp/,鳥取県　東伯郡　三朝町　大瀬　1012番地,0858-43-1711,厚生労働省オープンデータ,https://www.mhlw.go.jp/content/12300000/jigyosho_730.csv,2025-12末,https://www.google.com/search?q=%E5%B0%8F%E8%A6%8F%E6%A8%A1%E5%A4%9A%E6%A9%9F%E8%83%BD%E5%9E%8B%E5%B1%85%E5%AE%85%E4%BB%8B%E8%AD%B7%E6%96%BD%E8%A8%AD%E3%80%80%E3%81%AA%E3%81%AE%E8%8A%B1%20%E4%B8%89%E6%9C%9D%E7%94%BA
小規模多機能型居宅介護事業所ガーデンハウス野花,小規模多機能型居宅介護,鳥取県,湯梨浜町,"介護,小規模多機能型居宅介護",小規模多機能型居宅介護の公式オープンデータから取り込んだ候補です。詳細は公式情報・電話・見学で確認してください。,https://www.med-wel.jp/,鳥取県東伯郡湯梨浜町野花440－2,0858-48-6100,厚生労働省オープンデータ,https://www.mhlw.go.jp/content/12300000/jigyosho_730.csv,2025-12末,https://www.google.com/search?q=%E5%B0%8F%E8%A6%8F%E6%A8%A1%E5%A4%9A%E6%A9%9F%E8%83%BD%E5%9E%8B%E5%B1%85%E5%AE%85%E4%BB%8B%E8%AD%B7%E4%BA%8B%E6%A5%AD%E6%89%80%E3%82%AC%E3%83%BC%E3%83%87%E3%83%B3%E3%83%8F%E3%82%A6%E3%82%B9%E9%87%8E%E8%8A%B1%20%E6%B9%AF%E6%A2%A8%E6%B5%9C%E7%94%BA
社会福祉法人　湯梨浜町社会福祉協議会　小規模多機能型居宅介護事業所　しじみの郷,小規模多機能型居宅介護,鳥取県,湯梨浜町,"介護,小規模多機能型居宅介護",小規模多機能型居宅介護の公式オープンデータから取り込んだ候補です。詳細は公式情報・電話・見学で確認してください。,https://www.google.com/search?q=%E7%A4%BE%E4%BC%9A%E7%A6%8F%E7%A5%89%E6%B3%95%E4%BA%BA%E3%80%80%E6%B9%AF%E6%A2%A8%E6%B5%9C%E7%94%BA%E7%A4%BE%E4%BC%9A%E7%A6%8F%E7%A5%89%E5%8D%94%E8%AD%B0%E4%BC%9A%E3%80%80%E5%B0%8F%E8%A6%8F%E6%A8%A1%E5%A4%9A%E6%A9%9F%E8%83%BD%E5%9E%8B%E5%B1%85%E5%AE%85%E4%BB%8B%E8%AD%B7%E4%BA%8B%E6%A5%AD%E6%89%80%E3%80%80%E3%81%97%E3%81%98%E3%81%BF%E3%81%AE%E9%83%B7%20%E6%B9%AF%E6%A2%A8%E6%B5%9C%E7%94%BA,鳥取県東伯郡湯梨浜町大字上浅津１２３番地２,0858-47-5131,厚生労働省オープンデータ,https://www.mhlw.go.jp/content/12300000/jigyosho_730.csv,2025-12末,https://www.google.com/search?q=%E7%A4%BE%E4%BC%9A%E7%A6%8F%E7%A5%89%E6%B3%95%E4%BA%BA%E3%80%80%E6%B9%AF%E6%A2%A8%E6%B5%9C%E7%94%BA%E7%A4%BE%E4%BC%9A%E7%A6%8F%E7%A5%89%E5%8D%94%E8%AD%B0%E4%BC%9A%E3%80%80%E5%B0%8F%E8%A6%8F%E6%A8%A1%E5%A4%9A%E6%A9%9F%E8%83%BD%E5%9E%8B%E5%B1%85%E5%AE%85%E4%BB%8B%E8%AD%B7%E4%BA%8B%E6%A5%AD%E6%89%80%E3%80%80%E3%81%97%E3%81%98%E3%81%BF%E3%81%AE%E9%83%B7%20%E6%B9%AF%E6%A2%A8%E6%B5%9C%E7%94%BA
北栄町社会福祉協議会小規模多機能型居宅介護「いろりの郷」,小規模多機能型居宅介護,鳥取県,北栄町,"介護,小規模多機能型居宅介護",小規模多機能型居宅介護の公式オープンデータから取り込んだ候補です。詳細は公式情報・電話・見学で確認してください。,http://hokuei-syakyo.or.jp/,鳥取県東伯郡北栄町下種373番地4,0858-37-2626,厚生労働省オープンデータ,https://www.mhlw.go.jp/content/12300000/jigyosho_730.csv,2025-12末,https://www.google.com/search?q=%E5%8C%97%E6%A0%84%E7%94%BA%E7%A4%BE%E4%BC%9A%E7%A6%8F%E7%A5%89%E5%8D%94%E8%AD%B0%E4%BC%9A%E5%B0%8F%E8%A6%8F%E6%A8%A1%E5%A4%9A%E6%A9%9F%E8%83%BD%E5%9E%8B%E5%B1%85%E5%AE%85%E4%BB%8B%E8%AD%B7%E3%80%8C%E3%81%84%E3%82%8D%E3%82%8A%E3%81%AE%E9%83%B7%E3%80%8D%20%E5%8C%97%E6%A0%84%E7%94%BA
小規模多機能ホームばんだの里,小規模多機能型居宅介護,鳥取県,大山町,"介護,小規模多機能型居宅介護",小規模多機能型居宅介護の公式オープンデータから取り込んだ候補です。詳細は公式情報・電話・見学で確認してください。,https://www.google.com/search?q=%E5%B0%8F%E8%A6%8F%E6%A8%A1%E5%A4%9A%E6%A9%9F%E8%83%BD%E3%83%9B%E3%83%BC%E3%83%A0%E3%81%B0%E3%82%93%E3%81%A0%E3%81%AE%E9%87%8C%20%E5%A4%A7%E5%B1%B1%E7%94%BA,鳥取県西伯郡大山町安原1118-1,0859-53-3001,厚生労働省オープンデータ,https://www.mhlw.go.jp/content/12300000/jigyosho_730.csv,2025-12末,https://www.google.com/search?q=%E5%B0%8F%E8%A6%8F%E6%A8%A1%E5%A4%9A%E6%A9%9F%E8%83%BD%E3%83%9B%E3%83%BC%E3%83%A0%E3%81%B0%E3%82%93%E3%81%A0%E3%81%AE%E9%87%8C%20%E5%A4%A7%E5%B1%B1%E7%94%BA
よろず承り処　かずき,小規模多機能型居宅介護,鳥取県,大山町,"介護,小規模多機能型居宅介護",小規模多機能型居宅介護の公式オープンデータから取り込んだ候補です。詳細は公式情報・電話・見学で確認してください。,kimachi-kazuki.org,鳥取県西伯郡大山町押平747-1,0859-54-6180,厚生労働省オープンデータ,https://www.mhlw.go.jp/content/12300000/jigyosho_730.csv,2025-12末,https://www.google.com/search?q=%E3%82%88%E3%82%8D%E3%81%9A%E6%89%BF%E3%82%8A%E5%87%A6%E3%80%80%E3%81%8B%E3%81%9A%E3%81%8D%20%E5%A4%A7%E5%B1%B1%E7%94%BA
小規模多機能ホームきんもくせい,小規模多機能型居宅介護,鳥取県,日野町,"介護,小規模多機能型居宅介護",小規模多機能型居宅介護の公式オープンデータから取り込んだ候補です。詳細は公式情報・電話・見学で確認してください。,https://www.nissyoukai.com/,鳥取県日野郡日野町根雨899-1,0859-72-2250,厚生労働省オープンデータ,https://www.mhlw.go.jp/content/12300000/jigyosho_730.csv,2025-12末,https://www.google.com/search?q=%E5%B0%8F%E8%A6%8F%E6%A8%A1%E5%A4%9A%E6%A9%9F%E8%83%BD%E3%83%9B%E3%83%BC%E3%83%A0%E3%81%8D%E3%82%93%E3%82%82%E3%81%8F%E3%81%9B%E3%81%84%20%E6%97%A5%E9%87%8E%E7%94%BA
定期巡回・随時対応型訪問介護看護　ガーデンハウスはまむら,定期巡回・随時対応型訪問介護看護,鳥取県,鳥取市,"介護,定期巡回・随時対応型訪問介護看護",定期巡回・随時対応型訪問介護看護の公式オープンデータから取り込んだ候補です。詳細は公式情報・電話・見学で確認してください。,https://www.med-wel.jp/gardenhama/,鳥取県鳥取市気高町新町二丁目11番地ガーデンハウスはまむら,0857-82-6500,厚生労働省オープンデータ,https://www.mhlw.go.jp/content/12300000/jigyosho_760.csv,2025-12末,https://www.google.com/search?q=%E5%AE%9A%E6%9C%9F%E5%B7%A1%E5%9B%9E%E3%83%BB%E9%9A%8F%E6%99%82%E5%AF%BE%E5%BF%9C%E5%9E%8B%E8%A8%AA%E5%95%8F%E4%BB%8B%E8%AD%B7%E7%9C%8B%E8%AD%B7%E3%80%80%E3%82%AC%E3%83%BC%E3%83%87%E3%83%B3%E3%83%8F%E3%82%A6%E3%82%B9%E3%81%AF%E3%81%BE%E3%82%80%E3%82%89%20%E9%B3%A5%E5%8F%96%E5%B8%82
エルルの24時間ホームヘルパー,定期巡回・随時対応型訪問介護看護,鳥取県,米子市,"介護,定期巡回・随時対応型訪問介護看護",定期巡回・随時対応型訪問介護看護の公式オープンデータから取り込んだ候補です。詳細は公式情報・電話・見学で確認してください。,http://elfith.com,鳥取県米子市両三柳206-1,0859-21-5010,厚生労働省オープンデータ,https://www.mhlw.go.jp/content/12300000/jigyosho_760.csv,2025-12末,https://www.google.com/search?q=%E3%82%A8%E3%83%AB%E3%83%AB%E3%81%AE24%E6%99%82%E9%96%93%E3%83%9B%E3%83%BC%E3%83%A0%E3%83%98%E3%83%AB%E3%83%91%E3%83%BC%20%E7%B1%B3%E5%AD%90%E5%B8%82
訪問介護仁風荘こうやまち,定期巡回・随時対応型訪問介護看護,鳥取県,米子市,"介護,定期巡回・随時対応型訪問介護看護",定期巡回・随時対応型訪問介護看護の公式オープンデータから取り込んだ候補です。詳細は公式情報・電話・見学で確認してください。,http://www.yowakai.com/,鳥取県米子市紺屋町104-2,0859-38-1765,厚生労働省オープンデータ,https://www.mhlw.go.jp/content/12300000/jigyosho_760.csv,2025-12末,https://www.google.com/search?q=%E8%A8%AA%E5%95%8F%E4%BB%8B%E8%AD%B7%E4%BB%81%E9%A2%A8%E8%8D%98%E3%81%93%E3%81%86%E3%82%84%E3%81%BE%E3%81%A1%20%E7%B1%B3%E5%AD%90%E5%B8%82
訪問介護事業所なんぶ幸朋苑,定期巡回・随時対応型訪問介護看護,鳥取県,米子市,"介護,定期巡回・随時対応型訪問介護看護",定期巡回・随時対応型訪問介護看護の公式オープンデータから取り込んだ候補です。詳細は公式情報・電話・見学で確認してください。,http:/www.kohoen.jp,鳥取県米子市石井1238,0859-26-5588,厚生労働省オープンデータ,https://www.mhlw.go.jp/content/12300000/jigyosho_760.csv,2025-12末,https://www.google.com/search?q=%E8%A8%AA%E5%95%8F%E4%BB%8B%E8%AD%B7%E4%BA%8B%E6%A5%AD%E6%89%80%E3%81%AA%E3%82%93%E3%81%B6%E5%B9%B8%E6%9C%8B%E8%8B%91%20%E7%B1%B3%E5%AD%90%E5%B8%82
ガーデンハウスよどえ,定期巡回・随時対応型訪問介護看護,鳥取県,米子市,"介護,定期巡回・随時対応型訪問介護看護",定期巡回・随時対応型訪問介護看護の公式オープンデータから取り込んだ候補です。詳細は公式情報・電話・見学で確認してください。,https://www.med-wel.jp/gardenyodoe/,鳥取県米子市淀江町佐陀1423,0859-56-5210,厚生労働省オープンデータ,https://www.mhlw.go.jp/content/12300000/jigyosho_760.csv,2025-12末,https://www.google.com/search?q=%E3%82%AC%E3%83%BC%E3%83%87%E3%83%B3%E3%83%8F%E3%82%A6%E3%82%B9%E3%82%88%E3%81%A9%E3%81%88%20%E7%B1%B3%E5%AD%90%E5%B8%82
定期巡回随時対応型訪問介護看護真誠会,定期巡回・随時対応型訪問介護看護,鳥取県,米子市,"介護,定期巡回・随時対応型訪問介護看護",定期巡回・随時対応型訪問介護看護の公式オープンデータから取り込んだ候補です。詳細は公式情報・電話・見学で確認してください。,http://www.hospitown.or.jp/,鳥取県米子市河崎580,０８５９－４８－２３３６,厚生労働省オープンデータ,https://www.mhlw.go.jp/content/12300000/jigyosho_760.csv,2025-12末,https://www.google.com/search?q=%E5%AE%9A%E6%9C%9F%E5%B7%A1%E5%9B%9E%E9%9A%8F%E6%99%82%E5%AF%BE%E5%BF%9C%E5%9E%8B%E8%A8%AA%E5%95%8F%E4%BB%8B%E8%AD%B7%E7%9C%8B%E8%AD%B7%E7%9C%9F%E8%AA%A0%E4%BC%9A%20%E7%B1%B3%E5%AD%90%E5%B8%82
ヘルパーステーションおおたか,定期巡回・随時対応型訪問介護看護,鳥取県,米子市,"介護,定期巡回・随時対応型訪問介護看護",定期巡回・随時対応型訪問介護看護の公式オープンデータから取り込んだ候補です。詳細は公式情報・電話・見学で確認してください。,https://www.ymc-net.or.jp/,鳥取県米子市尾高1812メディケアコートにじの里おおたか,0859-21-0041,厚生労働省オープンデータ,https://www.mhlw.go.jp/content/12300000/jigyosho_760.csv,2025-12末,https://www.google.com/search?q=%E3%83%98%E3%83%AB%E3%83%91%E3%83%BC%E3%82%B9%E3%83%86%E3%83%BC%E3%82%B7%E3%83%A7%E3%83%B3%E3%81%8A%E3%81%8A%E3%81%9F%E3%81%8B%20%E7%B1%B3%E5%AD%90%E5%B8%82
訪問介護事業所さかい幸朋苑,定期巡回・随時対応型訪問介護看護,鳥取県,境港市,"介護,定期巡回・随時対応型訪問介護看護",定期巡回・随時対応型訪問介護看護の公式オープンデータから取り込んだ候補です。詳細は公式情報・電話・見学で確認してください。,http://www.kohoen.jp,鳥取県境港市誠道町２０８３番地,0859-45-6830,厚生労働省オープンデータ,https://www.mhlw.go.jp/content/12300000/jigyosho_760.csv,2025-12末,https://www.google.com/search?q=%E8%A8%AA%E5%95%8F%E4%BB%8B%E8%AD%B7%E4%BA%8B%E6%A5%AD%E6%89%80%E3%81%95%E3%81%8B%E3%81%84%E5%B9%B8%E6%9C%8B%E8%8B%91%20%E5%A2%83%E6%B8%AF%E5%B8%82
かんたき和温,看護小規模多機能型居宅介護,鳥取県,鳥取市,"介護,看護小規模多機能型居宅介護,医療",看護小規模多機能型居宅介護の公式オープンデータから取り込んだ候補です。詳細は公式情報・電話・見学で確認してください。,https://www.google.com/search?q=%E3%81%8B%E3%82%93%E3%81%9F%E3%81%8D%E5%92%8C%E6%B8%A9%20%E9%B3%A5%E5%8F%96%E5%B8%82,鳥取県鳥取市生山１２３番地9,0857-53-7833,厚生労働省オープンデータ,https://www.mhlw.go.jp/content/12300000/jigyosho_770.csv,2025-12末,https://www.google.com/search?q=%E3%81%8B%E3%82%93%E3%81%9F%E3%81%8D%E5%92%8C%E6%B8%A9%20%E9%B3%A5%E5%8F%96%E5%B8%82
看護小規模多機能型居宅介護ナーシングホームかけはし,看護小規模多機能型居宅介護,鳥取県,鳥取市,"介護,看護小規模多機能型居宅介護,医療",看護小規模多機能型居宅介護の公式オープンデータから取り込んだ候補です。詳細は公式情報・電話・見学で確認してください。,https://you-plus.jp/,鳥取県鳥取市大杙208-1,0857-50-1519,厚生労働省オープンデータ,https://www.mhlw.go.jp/content/12300000/jigyosho_770.csv,2025-12末,https://www.google.com/search?q=%E7%9C%8B%E8%AD%B7%E5%B0%8F%E8%A6%8F%E6%A8%A1%E5%A4%9A%E6%A9%9F%E8%83%BD%E5%9E%8B%E5%B1%85%E5%AE%85%E4%BB%8B%E8%AD%B7%E3%83%8A%E3%83%BC%E3%82%B7%E3%83%B3%E3%82%B0%E3%83%9B%E3%83%BC%E3%83%A0%E3%81%8B%E3%81%91%E3%81%AF%E3%81%97%20%E9%B3%A5%E5%8F%96%E5%B8%82
複合型サービス　照陽の家,看護小規模多機能型居宅介護,鳥取県,米子市,"介護,看護小規模多機能型居宅介護,医療",看護小規模多機能型居宅介護の公式オープンデータから取り込んだ候補です。詳細は公式情報・電話・見学で確認してください。,http://www.careservice-yonago.ecnet.jp,鳥取県米子市角盤町3丁目１２４－３,0859-21-8151,厚生労働省オープンデータ,https://www.mhlw.go.jp/content/12300000/jigyosho_770.csv,2025-12末,https://www.google.com/search?q=%E8%A4%87%E5%90%88%E5%9E%8B%E3%82%B5%E3%83%BC%E3%83%93%E3%82%B9%E3%80%80%E7%85%A7%E9%99%BD%E3%81%AE%E5%AE%B6%20%E7%B1%B3%E5%AD%90%E5%B8%82
看護小規模多機能型居宅介護真誠会　ふる里,看護小規模多機能型居宅介護,鳥取県,米子市,"介護,看護小規模多機能型居宅介護,医療",看護小規模多機能型居宅介護の公式オープンデータから取り込んだ候補です。詳細は公式情報・電話・見学で確認してください。,http://www.hospitown.or.jp/,鳥取県米子市和田町1722番地,0859-25-1112,厚生労働省オープンデータ,https://www.mhlw.go.jp/content/12300000/jigyosho_770.csv,2025-12末,https://www.google.com/search?q=%E7%9C%8B%E8%AD%B7%E5%B0%8F%E8%A6%8F%E6%A8%A1%E5%A4%9A%E6%A9%9F%E8%83%BD%E5%9E%8B%E5%B1%85%E5%AE%85%E4%BB%8B%E8%AD%B7%E7%9C%9F%E8%AA%A0%E4%BC%9A%E3%80%80%E3%81%B5%E3%82%8B%E9%87%8C%20%E7%B1%B3%E5%AD%90%E5%B8%82
看護小規模多機能ホーム仁風荘こうやまち,看護小規模多機能型居宅介護,鳥取県,米子市,"介護,看護小規模多機能型居宅介護,医療",看護小規模多機能型居宅介護の公式オープンデータから取り込んだ候補です。詳細は公式情報・電話・見学で確認してください。,https://www.yowakai.com/,鳥取県米子市紺屋町104-2,0859-38-1765,厚生労働省オープンデータ,https://www.mhlw.go.jp/content/12300000/jigyosho_770.csv,2025-12末,https://www.google.com/search?q=%E7%9C%8B%E8%AD%B7%E5%B0%8F%E8%A6%8F%E6%A8%A1%E5%A4%9A%E6%A9%9F%E8%83%BD%E3%83%9B%E3%83%BC%E3%83%A0%E4%BB%81%E9%A2%A8%E8%8D%98%E3%81%93%E3%81%86%E3%82%84%E3%81%BE%E3%81%A1%20%E7%B1%B3%E5%AD%90%E5%B8%82
特定非営利活動法人笑風情の会　デイサービスセンター桃の花,地域密着型デイサービス,鳥取県,鳥取市,"介護,地域密着型デイサービス",日中に通って食事・入浴・機能訓練・見守りなどを受けるサービスです。,https://www.google.com/search?q=%E7%89%B9%E5%AE%9A%E9%9D%9E%E5%96%B6%E5%88%A9%E6%B4%BB%E5%8B%95%E6%B3%95%E4%BA%BA%E7%AC%91%E9%A2%A8%E6%83%85%E3%81%AE%E4%BC%9A%E3%80%80%E3%83%87%E3%82%A4%E3%82%B5%E3%83%BC%E3%83%93%E3%82%B9%E3%82%BB%E3%83%B3%E3%82%BF%E3%83%BC%E6%A1%83%E3%81%AE%E8%8A%B1%20%E9%B3%A5%E5%8F%96%E5%B8%82,鳥取県鳥取市下砂見529,0857-38-7600,厚生労働省オープンデータ,https://www.mhlw.go.jp/content/12300000/jigyosho_780.csv,2025-12末,https://www.google.com/search?q=%E7%89%B9%E5%AE%9A%E9%9D%9E%E5%96%B6%E5%88%A9%E6%B4%BB%E5%8B%95%E6%B3%95%E4%BA%BA%E7%AC%91%E9%A2%A8%E6%83%85%E3%81%AE%E4%BC%9A%E3%80%80%E3%83%87%E3%82%A4%E3%82%B5%E3%83%BC%E3%83%93%E3%82%B9%E3%82%BB%E3%83%B3%E3%82%BF%E3%83%BC%E6%A1%83%E3%81%AE%E8%8A%B1%20%E9%B3%A5%E5%8F%96%E5%B8%82
はるひなデイサービスセンター,地域密着型デイサービス,鳥取県,鳥取市,"介護,地域密着型デイサービス",日中に通って食事・入浴・機能訓練・見守りなどを受けるサービスです。,https://www.google.com/search?q=%E3%81%AF%E3%82%8B%E3%81%B2%E3%81%AA%E3%83%87%E3%82%A4%E3%82%B5%E3%83%BC%E3%83%93%E3%82%B9%E3%82%BB%E3%83%B3%E3%82%BF%E3%83%BC%20%E9%B3%A5%E5%8F%96%E5%B8%82,鳥取県鳥取市用瀬町安蔵918番地6,0858-87-3738,厚生労働省オープンデータ,https://www.mhlw.go.jp/content/12300000/jigyosho_780.csv,2025-12末,https://www.google.com/search?q=%E3%81%AF%E3%82%8B%E3%81%B2%E3%81%AA%E3%83%87%E3%82%A4%E3%82%B5%E3%83%BC%E3%83%93%E3%82%B9%E3%82%BB%E3%83%B3%E3%82%BF%E3%83%BC%20%E9%B3%A5%E5%8F%96%E5%B8%82
デイサービスきなんせ,地域密着型デイサービス,鳥取県,鳥取市,"介護,地域密着型デイサービス",日中に通って食事・入浴・機能訓練・見守りなどを受けるサービスです。,https://www.google.com/search?q=%E3%83%87%E3%82%A4%E3%82%B5%E3%83%BC%E3%83%93%E3%82%B9%E3%81%8D%E3%81%AA%E3%82%93%E3%81%9B%20%E9%B3%A5%E5%8F%96%E5%B8%82,鳥取県鳥取市美萩野1丁目126番地,0857-54-1235,厚生労働省オープンデータ,https://www.mhlw.go.jp/content/12300000/jigyosho_780.csv,2025-12末,https://www.google.com/search?q=%E3%83%87%E3%82%A4%E3%82%B5%E3%83%BC%E3%83%93%E3%82%B9%E3%81%8D%E3%81%AA%E3%82%93%E3%81%9B%20%E9%B3%A5%E5%8F%96%E5%B8%82
デイサービスたちばな,地域密着型デイサービス,鳥取県,鳥取市,"介護,地域密着型デイサービス",日中に通って食事・入浴・機能訓練・見守りなどを受けるサービスです。,https://www.google.com/search?q=%E3%83%87%E3%82%A4%E3%82%B5%E3%83%BC%E3%83%93%E3%82%B9%E3%81%9F%E3%81%A1%E3%81%B0%E3%81%AA%20%E9%B3%A5%E5%8F%96%E5%B8%82,鳥取市行徳3丁目976番地2,0857-22-4311,厚生労働省オープンデータ,https://www.mhlw.go.jp/content/12300000/jigyosho_780.csv,2025-12末,https://www.google.com/search?q=%E3%83%87%E3%82%A4%E3%82%B5%E3%83%BC%E3%83%93%E3%82%B9%E3%81%9F%E3%81%A1%E3%81%B0%E3%81%AA%20%E9%B3%A5%E5%8F%96%E5%B8%82
デイサービスセンター　ひなの郷,地域密着型デイサービス,鳥取県,鳥取市,"介護,地域密着型デイサービス",日中に通って食事・入浴・機能訓練・見守りなどを受けるサービスです。,https://www.google.com/search?q=%E3%83%87%E3%82%A4%E3%82%B5%E3%83%BC%E3%83%93%E3%82%B9%E3%82%BB%E3%83%B3%E3%82%BF%E3%83%BC%E3%80%80%E3%81%B2%E3%81%AA%E3%81%AE%E9%83%B7%20%E9%B3%A5%E5%8F%96%E5%B8%82,鳥取県鳥取市気高町山宮287番地５,0857-84-6080,厚生労働省オープンデータ,https://www.mhlw.go.jp/content/12300000/jigyosho_780.csv,2025-12末,https://www.google.com/search?q=%E3%83%87%E3%82%A4%E3%82%B5%E3%83%BC%E3%83%93%E3%82%B9%E3%82%BB%E3%83%B3%E3%82%BF%E3%83%BC%E3%80%80%E3%81%B2%E3%81%AA%E3%81%AE%E9%83%B7%20%E9%B3%A5%E5%8F%96%E5%B8%82
デイサービスきら星,地域密着型デイサービス,鳥取県,鳥取市,"介護,地域密着型デイサービス",日中に通って食事・入浴・機能訓練・見守りなどを受けるサービスです。,http://nico-nico-care-tottori.jimdo.com/,鳥取県鳥取市大覚寺７７－５６,0857－50－1110,厚生労働省オープンデータ,https://www.mhlw.go.jp/content/12300000/jigyosho_780.csv,2025-12末,https://www.google.com/search?q=%E3%83%87%E3%82%A4%E3%82%B5%E3%83%BC%E3%83%93%E3%82%B9%E3%81%8D%E3%82%89%E6%98%9F%20%E9%B3%A5%E5%8F%96%E5%B8%82
ナーシングデイこすもす,地域密着型デイサービス,鳥取県,鳥取市,"介護,地域密着型デイサービス",日中に通って食事・入浴・機能訓練・見守りなどを受けるサービスです。,https://day-cosmos.jp,鳥取県鳥取市江津318-1,0857-30-5568,厚生労働省オープンデータ,https://www.mhlw.go.jp/content/12300000/jigyosho_780.csv,2025-12末,https://www.google.com/search?q=%E3%83%8A%E3%83%BC%E3%82%B7%E3%83%B3%E3%82%B0%E3%83%87%E3%82%A4%E3%81%93%E3%81%99%E3%82%82%E3%81%99%20%E9%B3%A5%E5%8F%96%E5%B8%82
デイサービス　ありがとうの風,地域密着型デイサービス,鳥取県,鳥取市,"介護,地域密着型デイサービス",日中に通って食事・入浴・機能訓練・見守りなどを受けるサービスです。,https://www.google.com/search?q=%E3%83%87%E3%82%A4%E3%82%B5%E3%83%BC%E3%83%93%E3%82%B9%E3%80%80%E3%81%82%E3%82%8A%E3%81%8C%E3%81%A8%E3%81%86%E3%81%AE%E9%A2%A8%20%E9%B3%A5%E5%8F%96%E5%B8%82,鳥取県　鳥取市　湖山町東３丁目５０,0857-38-8100,厚生労働省オープンデータ,https://www.mhlw.go.jp/content/12300000/jigyosho_780.csv,2025-12末,https://www.google.com/search?q=%E3%83%87%E3%82%A4%E3%82%B5%E3%83%BC%E3%83%93%E3%82%B9%E3%80%80%E3%81%82%E3%82%8A%E3%81%8C%E3%81%A8%E3%81%86%E3%81%AE%E9%A2%A8%20%E9%B3%A5%E5%8F%96%E5%B8%82
とっとり福祉サービス雲山通所介護事業所,地域密着型デイサービス,鳥取県,鳥取市,"介護,地域密着型デイサービス",日中に通って食事・入浴・機能訓練・見守りなどを受けるサービスです。,http://www.t-fukushi.co.jp/,鳥取県鳥取市雲山４７５番地,0857-21-9380,厚生労働省オープンデータ,https://www.mhlw.go.jp/content/12300000/jigyosho_780.csv,2025-12末,https://www.google.com/search?q=%E3%81%A8%E3%81%A3%E3%81%A8%E3%82%8A%E7%A6%8F%E7%A5%89%E3%82%B5%E3%83%BC%E3%83%93%E3%82%B9%E9%9B%B2%E5%B1%B1%E9%80%9A%E6%89%80%E4%BB%8B%E8%AD%B7%E4%BA%8B%E6%A5%AD%E6%89%80%20%E9%B3%A5%E5%8F%96%E5%B8%82
おれんじ湖山デイサービスセンター,地域密着型デイサービス,鳥取県,鳥取市,"介護,地域密着型デイサービス",日中に通って食事・入浴・機能訓練・見守りなどを受けるサービスです。,http://sanbikai.hp.gogo.jp,鳥取県鳥取市湖山町東４丁目５１番地,0857-32-2211,厚生労働省オープンデータ,https://www.mhlw.go.jp/content/12300000/jigyosho_780.csv,2025-12末,https://www.google.com/search?q=%E3%81%8A%E3%82%8C%E3%82%93%E3%81%98%E6%B9%96%E5%B1%B1%E3%83%87%E3%82%A4%E3%82%B5%E3%83%BC%E3%83%93%E3%82%B9%E3%82%BB%E3%83%B3%E3%82%BF%E3%83%BC%20%E9%B3%A5%E5%8F%96%E5%B8%82
デイサービスセンターもみじ庵,地域密着型デイサービス,鳥取県,鳥取市,"介護,地域密着型デイサービス",日中に通って食事・入浴・機能訓練・見守りなどを受けるサービスです。,https://momijian.wixsite.com/momijian,鳥取県鳥取市美萩野一丁目70番地,0857-30-5855,厚生労働省オープンデータ,https://www.mhlw.go.jp/content/12300000/jigyosho_780.csv,2025-12末,https://www.google.com/search?q=%E3%83%87%E3%82%A4%E3%82%B5%E3%83%BC%E3%83%93%E3%82%B9%E3%82%BB%E3%83%B3%E3%82%BF%E3%83%BC%E3%82%82%E3%81%BF%E3%81%98%E5%BA%B5%20%E9%B3%A5%E5%8F%96%E5%B8%82
デイサービス　しゃんしゃん,地域密着型デイサービス,鳥取県,鳥取市,"介護,地域密着型デイサービス",日中に通って食事・入浴・機能訓練・見守りなどを受けるサービスです。,https://www.google.com/search?q=%E3%83%87%E3%82%A4%E3%82%B5%E3%83%BC%E3%83%93%E3%82%B9%E3%80%80%E3%81%97%E3%82%83%E3%82%93%E3%81%97%E3%82%83%E3%82%93%20%E9%B3%A5%E5%8F%96%E5%B8%82,鳥取県鳥取市若桜町３９ロゴス文化会館　１Ｆ,0857-29-2033,厚生労働省オープンデータ,https://www.mhlw.go.jp/content/12300000/jigyosho_780.csv,2025-12末,https://www.google.com/search?q=%E3%83%87%E3%82%A4%E3%82%B5%E3%83%BC%E3%83%93%E3%82%B9%E3%80%80%E3%81%97%E3%82%83%E3%82%93%E3%81%97%E3%82%83%E3%82%93%20%E9%B3%A5%E5%8F%96%E5%B8%82
デイサービスセンター西町友和苑,地域密着型デイサービス,鳥取県,鳥取市,"介護,地域密着型デイサービス",日中に通って食事・入浴・機能訓練・見守りなどを受けるサービスです。,https://www.google.com/search?q=%E3%83%87%E3%82%A4%E3%82%B5%E3%83%BC%E3%83%93%E3%82%B9%E3%82%BB%E3%83%B3%E3%82%BF%E3%83%BC%E8%A5%BF%E7%94%BA%E5%8F%8B%E5%92%8C%E8%8B%91%20%E9%B3%A5%E5%8F%96%E5%B8%82,烏取市西町2丁目208番地,0857-36-1313,厚生労働省オープンデータ,https://www.mhlw.go.jp/content/12300000/jigyosho_780.csv,2025-12末,https://www.google.com/search?q=%E3%83%87%E3%82%A4%E3%82%B5%E3%83%BC%E3%83%93%E3%82%B9%E3%82%BB%E3%83%B3%E3%82%BF%E3%83%BC%E8%A5%BF%E7%94%BA%E5%8F%8B%E5%92%8C%E8%8B%91%20%E9%B3%A5%E5%8F%96%E5%B8%82
ふくべ美咲園,地域密着型デイサービス,鳥取県,鳥取市,"介護,地域密着型デイサービス",日中に通って食事・入浴・機能訓練・見守りなどを受けるサービスです。,https://www.google.com/search?q=%E3%81%B5%E3%81%8F%E3%81%B9%E7%BE%8E%E5%92%B2%E5%9C%92%20%E9%B3%A5%E5%8F%96%E5%B8%82,鳥取県鳥取市福部町湯山967番地3,0857-75-2751,厚生労働省オープンデータ,https://www.mhlw.go.jp/content/12300000/jigyosho_780.csv,2025-12末,https://www.google.com/search?q=%E3%81%B5%E3%81%8F%E3%81%B9%E7%BE%8E%E5%92%B2%E5%9C%92%20%E9%B3%A5%E5%8F%96%E5%B8%82
デイサービスセンター立川友和苑,地域密着型デイサービス,鳥取県,鳥取市,"介護,地域密着型デイサービス",日中に通って食事・入浴・機能訓練・見守りなどを受けるサービスです。,https://www.google.com/search?q=%E3%83%87%E3%82%A4%E3%82%B5%E3%83%BC%E3%83%93%E3%82%B9%E3%82%BB%E3%83%B3%E3%82%BF%E3%83%BC%E7%AB%8B%E5%B7%9D%E5%8F%8B%E5%92%8C%E8%8B%91%20%E9%B3%A5%E5%8F%96%E5%B8%82,鳥取県鳥取市立川町6丁目166番地3,0857-20-0090,厚生労働省オープンデータ,https://www.mhlw.go.jp/content/12300000/jigyosho_780.csv,2025-12末,https://www.google.com/search?q=%E3%83%87%E3%82%A4%E3%82%B5%E3%83%BC%E3%83%93%E3%82%B9%E3%82%BB%E3%83%B3%E3%82%BF%E3%83%BC%E7%AB%8B%E5%B7%9D%E5%8F%8B%E5%92%8C%E8%8B%91%20%E9%B3%A5%E5%8F%96%E5%B8%82
デイサービスセンター田園町友和苑,地域密着型デイサービス,鳥取県,鳥取市,"介護,地域密着型デイサービス",日中に通って食事・入浴・機能訓練・見守りなどを受けるサービスです。,https://www.google.com/search?q=%E3%83%87%E3%82%A4%E3%82%B5%E3%83%BC%E3%83%93%E3%82%B9%E3%82%BB%E3%83%B3%E3%82%BF%E3%83%BC%E7%94%B0%E5%9C%92%E7%94%BA%E5%8F%8B%E5%92%8C%E8%8B%91%20%E9%B3%A5%E5%8F%96%E5%B8%82,烏取市田園町4丁目168番地,0857-25-3555,厚生労働省オープンデータ,https://www.mhlw.go.jp/content/12300000/jigyosho_780.csv,2025-12末,https://www.google.com/search?q=%E3%83%87%E3%82%A4%E3%82%B5%E3%83%BC%E3%83%93%E3%82%B9%E3%82%BB%E3%83%B3%E3%82%BF%E3%83%BC%E7%94%B0%E5%9C%92%E7%94%BA%E5%8F%8B%E5%92%8C%E8%8B%91%20%E9%B3%A5%E5%8F%96%E5%B8%82
でんでん倶楽部湖山,地域密着型デイサービス,鳥取県,鳥取市,"介護,地域密着型デイサービス",日中に通って食事・入浴・機能訓練・見守りなどを受けるサービスです。,https://www.godai.net/denden-club/index.html,鳥取県鳥取市湖山町北2丁目110,0857-31-0551,厚生労働省オープンデータ,https://www.mhlw.go.jp/content/12300000/jigyosho_780.csv,2025-12末,https://www.google.com/search?q=%E3%81%A7%E3%82%93%E3%81%A7%E3%82%93%E5%80%B6%E6%A5%BD%E9%83%A8%E6%B9%96%E5%B1%B1%20%E9%B3%A5%E5%8F%96%E5%B8%82
本町デイサービス　たけだ,地域密着型デイサービス,鳥取県,鳥取市,"介護,地域密着型デイサービス",日中に通って食事・入浴・機能訓練・見守りなどを受けるサービスです。,takeda-or.jp,鳥取市本町２－１０９,0857-22-4320,厚生労働省オープンデータ,https://www.mhlw.go.jp/content/12300000/jigyosho_780.csv,2025-12末,https://www.google.com/search?q=%E6%9C%AC%E7%94%BA%E3%83%87%E3%82%A4%E3%82%B5%E3%83%BC%E3%83%93%E3%82%B9%E3%80%80%E3%81%9F%E3%81%91%E3%81%A0%20%E9%B3%A5%E5%8F%96%E5%B8%82
デイサービス　いきいきいっぽ,地域密着型デイサービス,鳥取県,鳥取市,"介護,地域密着型デイサービス",日中に通って食事・入浴・機能訓練・見守りなどを受けるサービスです。,http://zuian.web.fc2.com/,鳥取県鳥取市吉方温泉２丁目１６９,0857-30-4810,厚生労働省オープンデータ,https://www.mhlw.go.jp/content/12300000/jigyosho_780.csv,2025-12末,https://www.google.com/search?q=%E3%83%87%E3%82%A4%E3%82%B5%E3%83%BC%E3%83%93%E3%82%B9%E3%80%80%E3%81%84%E3%81%8D%E3%81%84%E3%81%8D%E3%81%84%E3%81%A3%E3%81%BD%20%E9%B3%A5%E5%8F%96%E5%B8%82
はまゆう中町デイサービスセンター,地域密着型デイサービス,鳥取県,鳥取市,"介護,地域密着型デイサービス",日中に通って食事・入浴・機能訓練・見守りなどを受けるサービスです。,https://hamayu.or.jp/,鳥取県鳥取市中町49番地,0857-37-0881,厚生労働省オープンデータ,https://www.mhlw.go.jp/content/12300000/jigyosho_780.csv,2025-12末,https://www.google.com/search?q=%E3%81%AF%E3%81%BE%E3%82%86%E3%81%86%E4%B8%AD%E7%94%BA%E3%83%87%E3%82%A4%E3%82%B5%E3%83%BC%E3%83%93%E3%82%B9%E3%82%BB%E3%83%B3%E3%82%BF%E3%83%BC%20%E9%B3%A5%E5%8F%96%E5%B8%82
通所介護オ－ルデイズ,地域密着型デイサービス,鳥取県,鳥取市,"介護,地域密着型デイサービス",日中に通って食事・入浴・機能訓練・見守りなどを受けるサービスです。,https://www.google.com/search?q=%E9%80%9A%E6%89%80%E4%BB%8B%E8%AD%B7%E3%82%AA%EF%BC%8D%E3%83%AB%E3%83%87%E3%82%A4%E3%82%BA%20%E9%B3%A5%E5%8F%96%E5%B8%82,鳥取県鳥取市吉方温泉四丁目４０１,0857-30-5375,厚生労働省オープンデータ,https://www.mhlw.go.jp/content/12300000/jigyosho_780.csv,2025-12末,https://www.google.com/search?q=%E9%80%9A%E6%89%80%E4%BB%8B%E8%AD%B7%E3%82%AA%EF%BC%8D%E3%83%AB%E3%83%87%E3%82%A4%E3%82%BA%20%E9%B3%A5%E5%8F%96%E5%B8%82
デイサービス　まんまるこ,地域密着型デイサービス,鳥取県,鳥取市,"介護,地域密着型デイサービス",日中に通って食事・入浴・機能訓練・見守りなどを受けるサービスです。,https://www.google.com/search?q=%E3%83%87%E3%82%A4%E3%82%B5%E3%83%BC%E3%83%93%E3%82%B9%E3%80%80%E3%81%BE%E3%82%93%E3%81%BE%E3%82%8B%E3%81%93%20%E9%B3%A5%E5%8F%96%E5%B8%82,鳥取県鳥取市吉成　566番地38,0857-29-4600,厚生労働省オープンデータ,https://www.mhlw.go.jp/content/12300000/jigyosho_780.csv,2025-12末,https://www.google.com/search?q=%E3%83%87%E3%82%A4%E3%82%B5%E3%83%BC%E3%83%93%E3%82%B9%E3%80%80%E3%81%BE%E3%82%93%E3%81%BE%E3%82%8B%E3%81%93%20%E9%B3%A5%E5%8F%96%E5%B8%82
つどいの里　梅花の庵,地域密着型デイサービス,鳥取県,鳥取市,"介護,地域密着型デイサービス",日中に通って食事・入浴・機能訓練・見守りなどを受けるサービスです。,https://www.google.com/search?q=%E3%81%A4%E3%81%A9%E3%81%84%E3%81%AE%E9%87%8C%E3%80%80%E6%A2%85%E8%8A%B1%E3%81%AE%E5%BA%B5%20%E9%B3%A5%E5%8F%96%E5%B8%82,鳥取県鳥取市大杙217-1,0857-25-4880,厚生労働省オープンデータ,https://www.mhlw.go.jp/content/12300000/jigyosho_780.csv,2025-12末,https://www.google.com/search?q=%E3%81%A4%E3%81%A9%E3%81%84%E3%81%AE%E9%87%8C%E3%80%80%E6%A2%85%E8%8A%B1%E3%81%AE%E5%BA%B5%20%E9%B3%A5%E5%8F%96%E5%B8%82
小規模デイサービスつむぎ,地域密着型デイサービス,鳥取県,鳥取市,"介護,地域密着型デイサービス",日中に通って食事・入浴・機能訓練・見守りなどを受けるサービスです。,http://www.o-tsumugi.com,鳥取県鳥取市行徳1丁目312番地デイサービスつむぎ,0857-30-5400,厚生労働省オープンデータ,https://www.mhlw.go.jp/content/12300000/jigyosho_780.csv,2025-12末,https://www.google.com/search?q=%E5%B0%8F%E8%A6%8F%E6%A8%A1%E3%83%87%E3%82%A4%E3%82%B5%E3%83%BC%E3%83%93%E3%82%B9%E3%81%A4%E3%82%80%E3%81%8E%20%E9%B3%A5%E5%8F%96%E5%B8%82
しらゆきデイサービスセンター,地域密着型デイサービス,鳥取県,鳥取市,"介護,地域密着型デイサービス",日中に通って食事・入浴・機能訓練・見守りなどを受けるサービスです。,https://www.google.com/search?q=%E3%81%97%E3%82%89%E3%82%86%E3%81%8D%E3%83%87%E3%82%A4%E3%82%B5%E3%83%BC%E3%83%93%E3%82%B9%E3%82%BB%E3%83%B3%E3%82%BF%E3%83%BC%20%E9%B3%A5%E5%8F%96%E5%B8%82,鳥取県鳥取市千代水4丁目43番地,0857-30-5700,厚生労働省オープンデータ,https://www.mhlw.go.jp/content/12300000/jigyosho_780.csv,2025-12末,https://www.google.com/search?q=%E3%81%97%E3%82%89%E3%82%86%E3%81%8D%E3%83%87%E3%82%A4%E3%82%B5%E3%83%BC%E3%83%93%E3%82%B9%E3%82%BB%E3%83%B3%E3%82%BF%E3%83%BC%20%E9%B3%A5%E5%8F%96%E5%B8%82
なないろデイサービスセンター,地域密着型デイサービス,鳥取県,鳥取市,"介護,地域密着型デイサービス",日中に通って食事・入浴・機能訓練・見守りなどを受けるサービスです。,nanairo-kaigo.net,鳥取県鳥取市二階町二丁目201-4,0857-30-2311,厚生労働省オープンデータ,https://www.mhlw.go.jp/content/12300000/jigyosho_780.csv,2025-12末,https://www.google.com/search?q=%E3%81%AA%E3%81%AA%E3%81%84%E3%82%8D%E3%83%87%E3%82%A4%E3%82%B5%E3%83%BC%E3%83%93%E3%82%B9%E3%82%BB%E3%83%B3%E3%82%BF%E3%83%BC%20%E9%B3%A5%E5%8F%96%E5%B8%82
デイサービスセンターゆず,地域密着型デイサービス,鳥取県,鳥取市,"介護,地域密着型デイサービス",日中に通って食事・入浴・機能訓練・見守りなどを受けるサービスです。,https://www.google.com/search?q=%E3%83%87%E3%82%A4%E3%82%B5%E3%83%BC%E3%83%93%E3%82%B9%E3%82%BB%E3%83%B3%E3%82%BF%E3%83%BC%E3%82%86%E3%81%9A%20%E9%B3%A5%E5%8F%96%E5%B8%82,鳥取県鳥取市湯所町2丁目413番地,0857-23-1030,厚生労働省オープンデータ,https://www.mhlw.go.jp/content/12300000/jigyosho_780.csv,2025-12末,https://www.google.com/search?q=%E3%83%87%E3%82%A4%E3%82%B5%E3%83%BC%E3%83%93%E3%82%B9%E3%82%BB%E3%83%B3%E3%82%BF%E3%83%BC%E3%82%86%E3%81%9A%20%E9%B3%A5%E5%8F%96%E5%B8%82
のんたんデイサービス,地域密着型デイサービス,鳥取県,鳥取市,"介護,地域密着型デイサービス",日中に通って食事・入浴・機能訓練・見守りなどを受けるサービスです。,https://www.google.com/search?q=%E3%81%AE%E3%82%93%E3%81%9F%E3%82%93%E3%83%87%E3%82%A4%E3%82%B5%E3%83%BC%E3%83%93%E3%82%B9%20%E9%B3%A5%E5%8F%96%E5%B8%82,鳥取県鳥取市気高町浜村41－10,0857-82-4332,厚生労働省オープンデータ,https://www.mhlw.go.jp/content/12300000/jigyosho_780.csv,2025-12末,https://www.google.com/search?q=%E3%81%AE%E3%82%93%E3%81%9F%E3%82%93%E3%83%87%E3%82%A4%E3%82%B5%E3%83%BC%E3%83%93%E3%82%B9%20%E9%B3%A5%E5%8F%96%E5%B8%82
フレッシュプラザなないろ,地域密着型デイサービス,鳥取県,鳥取市,"介護,地域密着型デイサービス",日中に通って食事・入浴・機能訓練・見守りなどを受けるサービスです。,https://www.google.com/search?q=%E3%83%95%E3%83%AC%E3%83%83%E3%82%B7%E3%83%A5%E3%83%97%E3%83%A9%E3%82%B6%E3%81%AA%E3%81%AA%E3%81%84%E3%82%8D%20%E9%B3%A5%E5%8F%96%E5%B8%82,鳥取県鳥取市二階町二丁目219,0857-30-6802,厚生労働省オープンデータ,https://www.mhlw.go.jp/content/12300000/jigyosho_780.csv,2025-12末,https://www.google.com/search?q=%E3%83%95%E3%83%AC%E3%83%83%E3%82%B7%E3%83%A5%E3%83%97%E3%83%A9%E3%82%B6%E3%81%AA%E3%81%AA%E3%81%84%E3%82%8D%20%E9%B3%A5%E5%8F%96%E5%B8%82
デイサービスセンターえんびより,地域密着型デイサービス,鳥取県,鳥取市,"介護,地域密着型デイサービス",日中に通って食事・入浴・機能訓練・見守りなどを受けるサービスです。,http://www17.plala.or.jp/enbiyori1127/,鳥取県鳥取市数津23番地10,0857-53-2562,厚生労働省オープンデータ,https://www.mhlw.go.jp/content/12300000/jigyosho_780.csv,2025-12末,https://www.google.com/search?q=%E3%83%87%E3%82%A4%E3%82%B5%E3%83%BC%E3%83%93%E3%82%B9%E3%82%BB%E3%83%B3%E3%82%BF%E3%83%BC%E3%81%88%E3%82%93%E3%81%B3%E3%82%88%E3%82%8A%20%E9%B3%A5%E5%8F%96%E5%B8%82
レコードブック鳥取西品治,地域密着型デイサービス,鳥取県,鳥取市,"介護,地域密着型デイサービス",日中に通って食事・入浴・機能訓練・見守りなどを受けるサービスです。,SAUDE(サウージ)│鳥取市で運動＆健康促進をサポートする合同会社(saude-llc.com),西品治751-1,0857-36-8058,厚生労働省オープンデータ,https://www.mhlw.go.jp/content/12300000/jigyosho_780.csv,2025-12末,https://www.google.com/search?q=%E3%83%AC%E3%82%B3%E3%83%BC%E3%83%89%E3%83%96%E3%83%83%E3%82%AF%E9%B3%A5%E5%8F%96%E8%A5%BF%E5%93%81%E6%B2%BB%20%E9%B3%A5%E5%8F%96%E5%B8%82
レコードブック鳥取津ノ井,地域密着型デイサービス,鳥取県,鳥取市,"介護,地域密着型デイサービス",日中に通って食事・入浴・機能訓練・見守りなどを受けるサービスです。,https://www.google.com/search?q=%E3%83%AC%E3%82%B3%E3%83%BC%E3%83%89%E3%83%96%E3%83%83%E3%82%AF%E9%B3%A5%E5%8F%96%E6%B4%A5%E3%83%8E%E4%BA%95%20%E9%B3%A5%E5%8F%96%E5%B8%82,鳥取県鳥取市津ノ井613コーポラスFK2,0857-30-7801,厚生労働省オープンデータ,https://www.mhlw.go.jp/content/12300000/jigyosho_780.csv,2025-12末,https://www.google.com/search?q=%E3%83%AC%E3%82%B3%E3%83%BC%E3%83%89%E3%83%96%E3%83%83%E3%82%AF%E9%B3%A5%E5%8F%96%E6%B4%A5%E3%83%8E%E4%BA%95%20%E9%B3%A5%E5%8F%96%E5%B8%82
鳥取市社会福祉協議会佐治事業所,地域密着型デイサービス,鳥取県,鳥取市,"介護,地域密着型デイサービス",日中に通って食事・入浴・機能訓練・見守りなどを受けるサービスです。,https://www.tottoricity-syakyo.or.jp/,鳥取県鳥取市佐治町加瀬木2171-2,0858-89-1022,厚生労働省オープンデータ,https://www.mhlw.go.jp/content/12300000/jigyosho_780.csv,2025-12末,https://www.google.com/search?q=%E9%B3%A5%E5%8F%96%E5%B8%82%E7%A4%BE%E4%BC%9A%E7%A6%8F%E7%A5%89%E5%8D%94%E8%AD%B0%E4%BC%9A%E4%BD%90%E6%B2%BB%E4%BA%8B%E6%A5%AD%E6%89%80%20%E9%B3%A5%E5%8F%96%E5%B8%82
デイサービス　心晴,地域密着型デイサービス,鳥取県,鳥取市,"介護,地域密着型デイサービス",日中に通って食事・入浴・機能訓練・見守りなどを受けるサービスです。,http://koharu-care.com,鳥取県鳥取市二階町3丁目204アイシン二階町ビル,(0857)30-7521,厚生労働省オープンデータ,https://www.mhlw.go.jp/content/12300000/jigyosho_780.csv,2025-12末,https://www.google.com/search?q=%E3%83%87%E3%82%A4%E3%82%B5%E3%83%BC%E3%83%93%E3%82%B9%E3%80%80%E5%BF%83%E6%99%B4%20%E9%B3%A5%E5%8F%96%E5%B8%82
デイサービスセンター暖の里,地域密着型デイサービス,鳥取県,鳥取市,"介護,地域密着型デイサービス",日中に通って食事・入浴・機能訓練・見守りなどを受けるサービスです。,http://www.dannosato.jp/,鳥取県鳥取市吉岡温泉町52番地1,0857-57-0150,厚生労働省オープンデータ,https://www.mhlw.go.jp/content/12300000/jigyosho_780.csv,2025-12末,https://www.google.com/search?q=%E3%83%87%E3%82%A4%E3%82%B5%E3%83%BC%E3%83%93%E3%82%B9%E3%82%BB%E3%83%B3%E3%82%BF%E3%83%BC%E6%9A%96%E3%81%AE%E9%87%8C%20%E9%B3%A5%E5%8F%96%E5%B8%82
SOISTANCE,地域密着型デイサービス,鳥取県,米子市,"介護,地域密着型デイサービス",日中に通って食事・入浴・機能訓練・見守りなどを受けるサービスです。,https://soistance.co.jp/,鳥取県米子市塩町１６３,0859-31-8051,厚生労働省オープンデータ,https://www.mhlw.go.jp/content/12300000/jigyosho_780.csv,2025-12末,https://www.google.com/search?q=SOISTANCE%20%E7%B1%B3%E5%AD%90%E5%B8%82
デイサービス　ウィズ,地域密着型デイサービス,鳥取県,米子市,"介護,地域密着型デイサービス",日中に通って食事・入浴・機能訓練・見守りなどを受けるサービスです。,http://strength.jp/,鳥取県米子市米原８丁目４番３号,0859-21-5651,厚生労働省オープンデータ,https://www.mhlw.go.jp/content/12300000/jigyosho_780.csv,2025-12末,https://www.google.com/search?q=%E3%83%87%E3%82%A4%E3%82%B5%E3%83%BC%E3%83%93%E3%82%B9%E3%80%80%E3%82%A6%E3%82%A3%E3%82%BA%20%E7%B1%B3%E5%AD%90%E5%B8%82
リハビリデイあしすと　彦名,地域密着型デイサービス,鳥取県,米子市,"介護,地域密着型デイサービス",日中に通って食事・入浴・機能訓練・見守りなどを受けるサービスです。,https://www.google.com/search?q=%E3%83%AA%E3%83%8F%E3%83%93%E3%83%AA%E3%83%87%E3%82%A4%E3%81%82%E3%81%97%E3%81%99%E3%81%A8%E3%80%80%E5%BD%A6%E5%90%8D%20%E7%B1%B3%E5%AD%90%E5%B8%82,鳥取県米子市彦名町２９－７,０８５９－２１－５１６５,厚生労働省オープンデータ,https://www.mhlw.go.jp/content/12300000/jigyosho_780.csv,2025-12末,https://www.google.com/search?q=%E3%83%AA%E3%83%8F%E3%83%93%E3%83%AA%E3%83%87%E3%82%A4%E3%81%82%E3%81%97%E3%81%99%E3%81%A8%E3%80%80%E5%BD%A6%E5%90%8D%20%E7%B1%B3%E5%AD%90%E5%B8%82
デイサービスめぐみ,地域密着型デイサービス,鳥取県,米子市,"介護,地域密着型デイサービス",日中に通って食事・入浴・機能訓練・見守りなどを受けるサービスです。,https://www.google.com/search?q=%E3%83%87%E3%82%A4%E3%82%B5%E3%83%BC%E3%83%93%E3%82%B9%E3%82%81%E3%81%90%E3%81%BF%20%E7%B1%B3%E5%AD%90%E5%B8%82,鳥取県米子市目久美町38-6,0859-21-5101,厚生労働省オープンデータ,https://www.mhlw.go.jp/content/12300000/jigyosho_780.csv,2025-12末,https://www.google.com/search?q=%E3%83%87%E3%82%A4%E3%82%B5%E3%83%BC%E3%83%93%E3%82%B9%E3%82%81%E3%81%90%E3%81%BF%20%E7%B1%B3%E5%AD%90%E5%B8%82
いきいきデイサービス旗ヶ崎,地域密着型デイサービス,鳥取県,米子市,"介護,地域密着型デイサービス",日中に通って食事・入浴・機能訓練・見守りなどを受けるサービスです。,https://www.google.com/search?q=%E3%81%84%E3%81%8D%E3%81%84%E3%81%8D%E3%83%87%E3%82%A4%E3%82%B5%E3%83%BC%E3%83%93%E3%82%B9%E6%97%97%E3%83%B6%E5%B4%8E%20%E7%B1%B3%E5%AD%90%E5%B8%82,鳥取県米子市旗ヶ崎1丁目5番6号いきいきデイサービス旗ヶ崎,0859　31-6181,厚生労働省オープンデータ,https://www.mhlw.go.jp/content/12300000/jigyosho_780.csv,2025-12末,https://www.google.com/search?q=%E3%81%84%E3%81%8D%E3%81%84%E3%81%8D%E3%83%87%E3%82%A4%E3%82%B5%E3%83%BC%E3%83%93%E3%82%B9%E6%97%97%E3%83%B6%E5%B4%8E%20%E7%B1%B3%E5%AD%90%E5%B8%82
ハピネリハビリテーション颯,地域密着型デイサービス,鳥取県,米子市,"介護,地域密着型デイサービス",日中に通って食事・入浴・機能訓練・見守りなどを受けるサービスです。,http://www.hapine.com./,鳥取県米子市米原7-2-18,0859-38-2567,厚生労働省オープンデータ,https://www.mhlw.go.jp/content/12300000/jigyosho_780.csv,2025-12末,https://www.google.com/search?q=%E3%83%8F%E3%83%94%E3%83%8D%E3%83%AA%E3%83%8F%E3%83%93%E3%83%AA%E3%83%86%E3%83%BC%E3%82%B7%E3%83%A7%E3%83%B3%E9%A2%AF%20%E7%B1%B3%E5%AD%90%E5%B8%82
ほかほか倶楽部,地域密着型デイサービス,鳥取県,米子市,"介護,地域密着型デイサービス",日中に通って食事・入浴・機能訓練・見守りなどを受けるサービスです。,https://hhp-yonago.com/seikotsu,鳥取県米子市目久美町42-1,0859-30-4347,厚生労働省オープンデータ,https://www.mhlw.go.jp/content/12300000/jigyosho_780.csv,2025-12末,https://www.google.com/search?q=%E3%81%BB%E3%81%8B%E3%81%BB%E3%81%8B%E5%80%B6%E6%A5%BD%E9%83%A8%20%E7%B1%B3%E5%AD%90%E5%B8%82
デイサービスまちくら,地域密着型デイサービス,鳥取県,米子市,"介護,地域密着型デイサービス",日中に通って食事・入浴・機能訓練・見守りなどを受けるサービスです。,http://www.machikura.com,鳥取県米子市西倉吉町８３番地３,0859-37-6630,厚生労働省オープンデータ,https://www.mhlw.go.jp/content/12300000/jigyosho_780.csv,2025-12末,https://www.google.com/search?q=%E3%83%87%E3%82%A4%E3%82%B5%E3%83%BC%E3%83%93%E3%82%B9%E3%81%BE%E3%81%A1%E3%81%8F%E3%82%89%20%E7%B1%B3%E5%AD%90%E5%B8%82
デイサービス弓ヶ浜,地域密着型デイサービス,鳥取県,米子市,"介護,地域密着型デイサービス",日中に通って食事・入浴・機能訓練・見守りなどを受けるサービスです。,http://www.ymc-net.or.jp/,鳥取県米子市富益町１１２８,0859-25-6030,厚生労働省オープンデータ,https://www.mhlw.go.jp/content/12300000/jigyosho_780.csv,2025-12末,https://www.google.com/search?q=%E3%83%87%E3%82%A4%E3%82%B5%E3%83%BC%E3%83%93%E3%82%B9%E5%BC%93%E3%83%B6%E6%B5%9C%20%E7%B1%B3%E5%AD%90%E5%B8%82
デイサービスセンター　ふくよね,地域密着型デイサービス,鳥取県,米子市,"介護,地域密着型デイサービス",日中に通って食事・入浴・機能訓練・見守りなどを受けるサービスです。,https://www.big-advance.site/s/173/1500,鳥取県　米子市　西福原　7丁目　6-32,0859-37-6570,厚生労働省オープンデータ,https://www.mhlw.go.jp/content/12300000/jigyosho_780.csv,2025-12末,https://www.google.com/search?q=%E3%83%87%E3%82%A4%E3%82%B5%E3%83%BC%E3%83%93%E3%82%B9%E3%82%BB%E3%83%B3%E3%82%BF%E3%83%BC%E3%80%80%E3%81%B5%E3%81%8F%E3%82%88%E3%81%AD%20%E7%B1%B3%E5%AD%90%E5%B8%82
デイサービスセンター　体アップ米子,地域密着型デイサービス,鳥取県,米子市,"介護,地域密着型デイサービス",日中に通って食事・入浴・機能訓練・見守りなどを受けるサービスです。,https://www.purposeoflife.jp,鳥取県米子市道笑町4-4-8,0859-30-2430,厚生労働省オープンデータ,https://www.mhlw.go.jp/content/12300000/jigyosho_780.csv,2025-12末,https://www.google.com/search?q=%E3%83%87%E3%82%A4%E3%82%B5%E3%83%BC%E3%83%93%E3%82%B9%E3%82%BB%E3%83%B3%E3%82%BF%E3%83%BC%E3%80%80%E4%BD%93%E3%82%A2%E3%83%83%E3%83%97%E7%B1%B3%E5%AD%90%20%E7%B1%B3%E5%AD%90%E5%B8%82
デイサービスセンターわらしべ,地域密着型デイサービス,鳥取県,米子市,"介護,地域密着型デイサービス",日中に通って食事・入浴・機能訓練・見守りなどを受けるサービスです。,https://ashitanoki.com/warashibe/,鳥取県米子市福市1685-9,0859-21-4165,厚生労働省オープンデータ,https://www.mhlw.go.jp/content/12300000/jigyosho_780.csv,2025-12末,https://www.google.com/search?q=%E3%83%87%E3%82%A4%E3%82%B5%E3%83%BC%E3%83%93%E3%82%B9%E3%82%BB%E3%83%B3%E3%82%BF%E3%83%BC%E3%82%8F%E3%82%89%E3%81%97%E3%81%B9%20%E7%B1%B3%E5%AD%90%E5%B8%82
わこうデイサービス河崎,地域密着型デイサービス,鳥取県,米子市,"介護,地域密着型デイサービス",日中に通って食事・入浴・機能訓練・見守りなどを受けるサービスです。,https://www.wakoukaigo.co.jp/,鳥取県米子市河崎1740-10,0859-30-2265,厚生労働省オープンデータ,https://www.mhlw.go.jp/content/12300000/jigyosho_780.csv,2025-12末,https://www.google.com/search?q=%E3%82%8F%E3%81%93%E3%81%86%E3%83%87%E3%82%A4%E3%82%B5%E3%83%BC%E3%83%93%E3%82%B9%E6%B2%B3%E5%B4%8E%20%E7%B1%B3%E5%AD%90%E5%B8%82
デイサービス　ありがとう,地域密着型デイサービス,鳥取県,米子市,"介護,地域密着型デイサービス",日中に通って食事・入浴・機能訓練・見守りなどを受けるサービスです。,https://www.google.com/search?q=%E3%83%87%E3%82%A4%E3%82%B5%E3%83%BC%E3%83%93%E3%82%B9%E3%80%80%E3%81%82%E3%82%8A%E3%81%8C%E3%81%A8%E3%81%86%20%E7%B1%B3%E5%AD%90%E5%B8%82,鳥取県米子市両三柳４５９６－４,0859-57-2944,厚生労働省オープンデータ,https://www.mhlw.go.jp/content/12300000/jigyosho_780.csv,2025-12末,https://www.google.com/search?q=%E3%83%87%E3%82%A4%E3%82%B5%E3%83%BC%E3%83%93%E3%82%B9%E3%80%80%E3%81%82%E3%82%8A%E3%81%8C%E3%81%A8%E3%81%86%20%E7%B1%B3%E5%AD%90%E5%B8%82
デイサービスセンター体アップ皆生,地域密着型デイサービス,鳥取県,米子市,"介護,地域密着型デイサービス",日中に通って食事・入浴・機能訓練・見守りなどを受けるサービスです。,https://www.purposeoflife.jp/,皆生新田3-11-20,0859-46-0111,厚生労働省オープンデータ,https://www.mhlw.go.jp/content/12300000/jigyosho_780.csv,2025-12末,https://www.google.com/search?q=%E3%83%87%E3%82%A4%E3%82%B5%E3%83%BC%E3%83%93%E3%82%B9%E3%82%BB%E3%83%B3%E3%82%BF%E3%83%BC%E4%BD%93%E3%82%A2%E3%83%83%E3%83%97%E7%9A%86%E7%94%9F%20%E7%B1%B3%E5%AD%90%E5%B8%82
レッツ倶楽部米子南,地域密着型デイサービス,鳥取県,米子市,"介護,地域密着型デイサービス",日中に通って食事・入浴・機能訓練・見守りなどを受けるサービスです。,http://www.lets-club.jp/shop/yonagominami/,鳥取県米子市石井７０１－１,0859-26-3905,厚生労働省オープンデータ,https://www.mhlw.go.jp/content/12300000/jigyosho_780.csv,2025-12末,https://www.google.com/search?q=%E3%83%AC%E3%83%83%E3%83%84%E5%80%B6%E6%A5%BD%E9%83%A8%E7%B1%B3%E5%AD%90%E5%8D%97%20%E7%B1%B3%E5%AD%90%E5%B8%82
デイサービスいいひ,地域密着型デイサービス,鳥取県,米子市,"介護,地域密着型デイサービス",日中に通って食事・入浴・機能訓練・見守りなどを受けるサービスです。,https://www.google.com/search?q=%E3%83%87%E3%82%A4%E3%82%B5%E3%83%BC%E3%83%93%E3%82%B9%E3%81%84%E3%81%84%E3%81%B2%20%E7%B1%B3%E5%AD%90%E5%B8%82,大篠津町4631,0859-57-9911,厚生労働省オープンデータ,https://www.mhlw.go.jp/content/12300000/jigyosho_780.csv,2025-12末,https://www.google.com/search?q=%E3%83%87%E3%82%A4%E3%82%B5%E3%83%BC%E3%83%93%E3%82%B9%E3%81%84%E3%81%84%E3%81%B2%20%E7%B1%B3%E5%AD%90%E5%B8%82
デイサービスセンター暖だん倶楽部,地域密着型デイサービス,鳥取県,米子市,"介護,地域密着型デイサービス",日中に通って食事・入浴・機能訓練・見守りなどを受けるサービスです。,http://www.kohoen.jp,鳥取県米子市米原8-5-77,0859-37-3355,厚生労働省オープンデータ,https://www.mhlw.go.jp/content/12300000/jigyosho_780.csv,2025-12末,https://www.google.com/search?q=%E3%83%87%E3%82%A4%E3%82%B5%E3%83%BC%E3%83%93%E3%82%B9%E3%82%BB%E3%83%B3%E3%82%BF%E3%83%BC%E6%9A%96%E3%81%A0%E3%82%93%E5%80%B6%E6%A5%BD%E9%83%A8%20%E7%B1%B3%E5%AD%90%E5%B8%82
デイサービスやわた橋,地域密着型デイサービス,鳥取県,米子市,"介護,地域密着型デイサービス",日中に通って食事・入浴・機能訓練・見守りなどを受けるサービスです。,http://hp.kaipoke.biz/p02/,鳥取県米子市八幡365-9,0859-26-5189,厚生労働省オープンデータ,https://www.mhlw.go.jp/content/12300000/jigyosho_780.csv,2025-12末,https://www.google.com/search?q=%E3%83%87%E3%82%A4%E3%82%B5%E3%83%BC%E3%83%93%E3%82%B9%E3%82%84%E3%82%8F%E3%81%9F%E6%A9%8B%20%E7%B1%B3%E5%AD%90%E5%B8%82
リハデイ茶町,地域密着型デイサービス,鳥取県,米子市,"介護,地域密着型デイサービス",日中に通って食事・入浴・機能訓練・見守りなどを受けるサービスです。,http://www.chukai.or.jp,鳥取県米子市茶町25番地,0859-23-6665,厚生労働省オープンデータ,https://www.mhlw.go.jp/content/12300000/jigyosho_780.csv,2025-12末,https://www.google.com/search?q=%E3%83%AA%E3%83%8F%E3%83%87%E3%82%A4%E8%8C%B6%E7%94%BA%20%E7%B1%B3%E5%AD%90%E5%B8%82
有限会社新生ケア・サービス　デイサービスセンター　コムハウス,地域密着型デイサービス,鳥取県,米子市,"介護,地域密着型デイサービス",日中に通って食事・入浴・機能訓練・見守りなどを受けるサービスです。,https://www.shinsei-care-service.com/,鳥取県米子市熊党201-2,0859-27-1432,厚生労働省オープンデータ,https://www.mhlw.go.jp/content/12300000/jigyosho_780.csv,2025-12末,https://www.google.com/search?q=%E6%9C%89%E9%99%90%E4%BC%9A%E7%A4%BE%E6%96%B0%E7%94%9F%E3%82%B1%E3%82%A2%E3%83%BB%E3%82%B5%E3%83%BC%E3%83%93%E3%82%B9%E3%80%80%E3%83%87%E3%82%A4%E3%82%B5%E3%83%BC%E3%83%93%E3%82%B9%E3%82%BB%E3%83%B3%E3%82%BF%E3%83%BC%E3%80%80%E3%82%B3%E3%83%A0%E3%83%8F%E3%82%A6%E3%82%B9%20%E7%B1%B3%E5%AD%90%E5%B8%82
デイサービスセンター　清願の郷,地域密着型デイサービス,鳥取県,米子市,"介護,地域密着型デイサービス",日中に通って食事・入浴・機能訓練・見守りなどを受けるサービスです。,http://www.careservice-yonago.ecnet.jp/,鳥取県米子市富益町１５番地３３,0859-25-0591,厚生労働省オープンデータ,https://www.mhlw.go.jp/content/12300000/jigyosho_780.csv,2025-12末,https://www.google.com/search?q=%E3%83%87%E3%82%A4%E3%82%B5%E3%83%BC%E3%83%93%E3%82%B9%E3%82%BB%E3%83%B3%E3%82%BF%E3%83%BC%E3%80%80%E6%B8%85%E9%A1%98%E3%81%AE%E9%83%B7%20%E7%B1%B3%E5%AD%90%E5%B8%82
デイサービス笑家,地域密着型デイサービス,鳥取県,米子市,"介護,地域密着型デイサービス",日中に通って食事・入浴・機能訓練・見守りなどを受けるサービスです。,https://www.google.com/search?q=%E3%83%87%E3%82%A4%E3%82%B5%E3%83%BC%E3%83%93%E3%82%B9%E7%AC%91%E5%AE%B6%20%E7%B1%B3%E5%AD%90%E5%B8%82,鳥取県米子市彦名町4500－73,0859-21-8860,厚生労働省オープンデータ,https://www.mhlw.go.jp/content/12300000/jigyosho_780.csv,2025-12末,https://www.google.com/search?q=%E3%83%87%E3%82%A4%E3%82%B5%E3%83%BC%E3%83%93%E3%82%B9%E7%AC%91%E5%AE%B6%20%E7%B1%B3%E5%AD%90%E5%B8%82
デイサービス　エレファント,地域密着型デイサービス,鳥取県,米子市,"介護,地域密着型デイサービス",日中に通って食事・入浴・機能訓練・見守りなどを受けるサービスです。,https://www.loh.co.jp/,鳥取県米子市熊党129-23,0859-21-2272,厚生労働省オープンデータ,https://www.mhlw.go.jp/content/12300000/jigyosho_780.csv,2025-12末,https://www.google.com/search?q=%E3%83%87%E3%82%A4%E3%82%B5%E3%83%BC%E3%83%93%E3%82%B9%E3%80%80%E3%82%A8%E3%83%AC%E3%83%95%E3%82%A1%E3%83%B3%E3%83%88%20%E7%B1%B3%E5%AD%90%E5%B8%82
デイサービスたんぽぽ,地域密着型デイサービス,鳥取県,米子市,"介護,地域密着型デイサービス",日中に通って食事・入浴・機能訓練・見守りなどを受けるサービスです。,https://www.google.com/search?q=%E3%83%87%E3%82%A4%E3%82%B5%E3%83%BC%E3%83%93%E3%82%B9%E3%81%9F%E3%82%93%E3%81%BD%E3%81%BD%20%E7%B1%B3%E5%AD%90%E5%B8%82,鳥取県米子市博労町３丁目８０－１,0859-21-3388,厚生労働省オープンデータ,https://www.mhlw.go.jp/content/12300000/jigyosho_780.csv,2025-12末,https://www.google.com/search?q=%E3%83%87%E3%82%A4%E3%82%B5%E3%83%BC%E3%83%93%E3%82%B9%E3%81%9F%E3%82%93%E3%81%BD%E3%81%BD%20%E7%B1%B3%E5%AD%90%E5%B8%82
デイホーム土屋錦海,地域密着型デイサービス,鳥取県,米子市,"介護,地域密着型デイサービス",日中に通って食事・入浴・機能訓練・見守りなどを受けるサービスです。,https://tcy.co.jp/service/dayhome/,鳥取県米子市錦海町3丁目6－9,0859-21-1875,厚生労働省オープンデータ,https://www.mhlw.go.jp/content/12300000/jigyosho_780.csv,2025-12末,https://www.google.com/search?q=%E3%83%87%E3%82%A4%E3%83%9B%E3%83%BC%E3%83%A0%E5%9C%9F%E5%B1%8B%E9%8C%A6%E6%B5%B7%20%E7%B1%B3%E5%AD%90%E5%B8%82
ほねつぎデイサービス米子,地域密着型デイサービス,鳥取県,米子市,"介護,地域密着型デイサービス",日中に通って食事・入浴・機能訓練・見守りなどを受けるサービスです。,https://www.honetsugi-kaigo.com/news/blog/service-of-kaigoyobou/,西福原６丁目3-45,0859-21-7608,厚生労働省オープンデータ,https://www.mhlw.go.jp/content/12300000/jigyosho_780.csv,2025-12末,https://www.google.com/search?q=%E3%81%BB%E3%81%AD%E3%81%A4%E3%81%8E%E3%83%87%E3%82%A4%E3%82%B5%E3%83%BC%E3%83%93%E3%82%B9%E7%B1%B3%E5%AD%90%20%E7%B1%B3%E5%AD%90%E5%B8%82
寿々,地域密着型デイサービス,鳥取県,倉吉市,"介護,地域密着型デイサービス",日中に通って食事・入浴・機能訓練・見守りなどを受けるサービスです。,https://www.google.com/search?q=%E5%AF%BF%E3%80%85%20%E5%80%89%E5%90%89%E5%B8%82,鳥取県倉吉市山根585-1,0858-24-5991,厚生労働省オープンデータ,https://www.mhlw.go.jp/content/12300000/jigyosho_780.csv,2025-12末,https://www.google.com/search?q=%E5%AF%BF%E3%80%85%20%E5%80%89%E5%90%89%E5%B8%82
株式会社メディコープとっとり　デイサービス倉吉,地域密着型デイサービス,鳥取県,倉吉市,"介護,地域密着型デイサービス",日中に通って食事・入浴・機能訓練・見守りなどを受けるサービスです。,http://www.mcp.mcoop-tottori.jp/,鳥取県倉吉市福庭町１丁目２２５番地鳥取医療生協くらよし会館,０８５８－２４－５０２５,厚生労働省オープンデータ,https://www.mhlw.go.jp/content/12300000/jigyosho_780.csv,2025-12末,https://www.google.com/search?q=%E6%A0%AA%E5%BC%8F%E4%BC%9A%E7%A4%BE%E3%83%A1%E3%83%87%E3%82%A3%E3%82%B3%E3%83%BC%E3%83%97%E3%81%A8%E3%81%A3%E3%81%A8%E3%82%8A%E3%80%80%E3%83%87%E3%82%A4%E3%82%B5%E3%83%BC%E3%83%93%E3%82%B9%E5%80%89%E5%90%89%20%E5%80%89%E5%90%89%E5%B8%82
デイサービスセンターひかり,地域密着型デイサービス,鳥取県,倉吉市,"介護,地域密着型デイサービス",日中に通って食事・入浴・機能訓練・見守りなどを受けるサービスです。,http://care-net.biz/31/hikari,鳥取県倉吉市清谷町1丁目254-1,0858-26-4228,厚生労働省オープンデータ,https://www.mhlw.go.jp/content/12300000/jigyosho_780.csv,2025-12末,https://www.google.com/search?q=%E3%83%87%E3%82%A4%E3%82%B5%E3%83%BC%E3%83%93%E3%82%B9%E3%82%BB%E3%83%B3%E3%82%BF%E3%83%BC%E3%81%B2%E3%81%8B%E3%82%8A%20%E5%80%89%E5%90%89%E5%B8%82
デイサービスひまわり昭和町,地域密着型デイサービス,鳥取県,倉吉市,"介護,地域密着型デイサービス",日中に通って食事・入浴・機能訓練・見守りなどを受けるサービスです。,http://www.siseikai.com/,鳥取県倉吉市東昭和町140,0858-48-0008,厚生労働省オープンデータ,https://www.mhlw.go.jp/content/12300000/jigyosho_780.csv,2025-12末,https://www.google.com/search?q=%E3%83%87%E3%82%A4%E3%82%B5%E3%83%BC%E3%83%93%E3%82%B9%E3%81%B2%E3%81%BE%E3%82%8F%E3%82%8A%E6%98%AD%E5%92%8C%E7%94%BA%20%E5%80%89%E5%90%89%E5%B8%82
デイサービスはるかぜ,地域密着型デイサービス,鳥取県,倉吉市,"介護,地域密着型デイサービス",日中に通って食事・入浴・機能訓練・見守りなどを受けるサービスです。,https://www.google.com/search?q=%E3%83%87%E3%82%A4%E3%82%B5%E3%83%BC%E3%83%93%E3%82%B9%E3%81%AF%E3%82%8B%E3%81%8B%E3%81%9C%20%E5%80%89%E5%90%89%E5%B8%82,鳥取県倉吉市福庭町１丁目２２５番地,0858-24-6960,厚生労働省オープンデータ,https://www.mhlw.go.jp/content/12300000/jigyosho_780.csv,2025-12末,https://www.google.com/search?q=%E3%83%87%E3%82%A4%E3%82%B5%E3%83%BC%E3%83%93%E3%82%B9%E3%81%AF%E3%82%8B%E3%81%8B%E3%81%9C%20%E5%80%89%E5%90%89%E5%B8%82
デイサービスひびの,地域密着型デイサービス,鳥取県,倉吉市,"介護,地域密着型デイサービス",日中に通って食事・入浴・機能訓練・見守りなどを受けるサービスです。,https://www.google.com/search?q=%E3%83%87%E3%82%A4%E3%82%B5%E3%83%BC%E3%83%93%E3%82%B9%E3%81%B2%E3%81%B3%E3%81%AE%20%E5%80%89%E5%90%89%E5%B8%82,鳥取県倉吉市円谷町508-3,0858-27-0371,厚生労働省オープンデータ,https://www.mhlw.go.jp/content/12300000/jigyosho_780.csv,2025-12末,https://www.google.com/search?q=%E3%83%87%E3%82%A4%E3%82%B5%E3%83%BC%E3%83%93%E3%82%B9%E3%81%B2%E3%81%B3%E3%81%AE%20%E5%80%89%E5%90%89%E5%B8%82
デイサービスステーション　リハビりす,地域密着型デイサービス,鳥取県,境港市,"介護,地域密着型デイサービス",日中に通って食事・入浴・機能訓練・見守りなどを受けるサービスです。,https://www.google.com/search?q=%E3%83%87%E3%82%A4%E3%82%B5%E3%83%BC%E3%83%93%E3%82%B9%E3%82%B9%E3%83%86%E3%83%BC%E3%82%B7%E3%83%A7%E3%83%B3%E3%80%80%E3%83%AA%E3%83%8F%E3%83%93%E3%82%8A%E3%81%99%20%E5%A2%83%E6%B8%AF%E5%B8%82,鳥取県境港市外江町3036,0859-36-8255,厚生労働省オープンデータ,https://www.mhlw.go.jp/content/12300000/jigyosho_780.csv,2025-12末,https://www.google.com/search?q=%E3%83%87%E3%82%A4%E3%82%B5%E3%83%BC%E3%83%93%E3%82%B9%E3%82%B9%E3%83%86%E3%83%BC%E3%82%B7%E3%83%A7%E3%83%B3%E3%80%80%E3%83%AA%E3%83%8F%E3%83%93%E3%82%8A%E3%81%99%20%E5%A2%83%E6%B8%AF%E5%B8%82
レッツ倶楽部境港,地域密着型デイサービス,鳥取県,境港市,"介護,地域密着型デイサービス",日中に通って食事・入浴・機能訓練・見守りなどを受けるサービスです。,https://www.lets-club.jp/,鳥取県境港市上道町3737,0859-21-1139,厚生労働省オープンデータ,https://www.mhlw.go.jp/content/12300000/jigyosho_780.csv,2025-12末,https://www.google.com/search?q=%E3%83%AC%E3%83%83%E3%83%84%E5%80%B6%E6%A5%BD%E9%83%A8%E5%A2%83%E6%B8%AF%20%E5%A2%83%E6%B8%AF%E5%B8%82
松風の郷デイサービスセンター,地域密着型デイサービス,鳥取県,岩美町,"介護,地域密着型デイサービス",日中に通って食事・入浴・機能訓練・見守りなどを受けるサービスです。,http://hyogofukushi.com/about/,鳥取県岩美郡岩美町浦富1418-2,0857-72-3202,厚生労働省オープンデータ,https://www.mhlw.go.jp/content/12300000/jigyosho_780.csv,2025-12末,https://www.google.com/search?q=%E6%9D%BE%E9%A2%A8%E3%81%AE%E9%83%B7%E3%83%87%E3%82%A4%E3%82%B5%E3%83%BC%E3%83%93%E3%82%B9%E3%82%BB%E3%83%B3%E3%82%BF%E3%83%BC%20%E5%B2%A9%E7%BE%8E%E7%94%BA
レコードブック岩美大谷,地域密着型デイサービス,鳥取県,岩美町,"介護,地域密着型デイサービス",日中に通って食事・入浴・機能訓練・見守りなどを受けるサービスです。,https://www.recordbook.jp/facility/iwamiootani/,鳥取県岩美郡岩美町大谷1648-27,0857-35-0721,厚生労働省オープンデータ,https://www.mhlw.go.jp/content/12300000/jigyosho_780.csv,2025-12末,https://www.google.com/search?q=%E3%83%AC%E3%82%B3%E3%83%BC%E3%83%89%E3%83%96%E3%83%83%E3%82%AF%E5%B2%A9%E7%BE%8E%E5%A4%A7%E8%B0%B7%20%E5%B2%A9%E7%BE%8E%E7%94%BA
デイサービスセンター　あいの手,地域密着型デイサービス,鳥取県,岩美町,"介護,地域密着型デイサービス",日中に通って食事・入浴・機能訓練・見守りなどを受けるサービスです。,https://www.google.com/search?q=%E3%83%87%E3%82%A4%E3%82%B5%E3%83%BC%E3%83%93%E3%82%B9%E3%82%BB%E3%83%B3%E3%82%BF%E3%83%BC%E3%80%80%E3%81%82%E3%81%84%E3%81%AE%E6%89%8B%20%E5%B2%A9%E7%BE%8E%E7%94%BA,鳥取県岩美郡岩美町岩井279番地,0857-37-5339,厚生労働省オープンデータ,https://www.mhlw.go.jp/content/12300000/jigyosho_780.csv,2025-12末,https://www.google.com/search?q=%E3%83%87%E3%82%A4%E3%82%B5%E3%83%BC%E3%83%93%E3%82%B9%E3%82%BB%E3%83%B3%E3%82%BF%E3%83%BC%E3%80%80%E3%81%82%E3%81%84%E3%81%AE%E6%89%8B%20%E5%B2%A9%E7%BE%8E%E7%94%BA
ながたんの里,地域密着型デイサービス,鳥取県,岩美町,"介護,地域密着型デイサービス",日中に通って食事・入浴・機能訓練・見守りなどを受けるサービスです。,https://www.google.com/search?q=%E3%81%AA%E3%81%8C%E3%81%9F%E3%82%93%E3%81%AE%E9%87%8C%20%E5%B2%A9%E7%BE%8E%E7%94%BA,鳥取県岩美郡岩美町長谷814番地,0857-72-8123,厚生労働省オープンデータ,https://www.mhlw.go.jp/content/12300000/jigyosho_780.csv,2025-12末,https://www.google.com/search?q=%E3%81%AA%E3%81%8C%E3%81%9F%E3%82%93%E3%81%AE%E9%87%8C%20%E5%B2%A9%E7%BE%8E%E7%94%BA
若桜町社会福祉協議会　地域密着型通所介護事業所,地域密着型デイサービス,鳥取県,若桜町,"介護,地域密着型デイサービス",日中に通って食事・入浴・機能訓練・見守りなどを受けるサービスです。,wakasa-syakyo.wixsite.com/home,鳥取県八頭郡若桜町若桜1247-1若桜町立地域福祉センター・ドリーミー,0858-82-0254,厚生労働省オープンデータ,https://www.mhlw.go.jp/content/12300000/jigyosho_780.csv,2025-12末,https://www.google.com/search?q=%E8%8B%A5%E6%A1%9C%E7%94%BA%E7%A4%BE%E4%BC%9A%E7%A6%8F%E7%A5%89%E5%8D%94%E8%AD%B0%E4%BC%9A%E3%80%80%E5%9C%B0%E5%9F%9F%E5%AF%86%E7%9D%80%E5%9E%8B%E9%80%9A%E6%89%80%E4%BB%8B%E8%AD%B7%E4%BA%8B%E6%A5%AD%E6%89%80%20%E8%8B%A5%E6%A1%9C%E7%94%BA
デイサービスやすらぎ,地域密着型デイサービス,鳥取県,智頭町,"介護,地域密着型デイサービス",日中に通って食事・入浴・機能訓練・見守りなどを受けるサービスです。,https://inochine.com/,鳥取県八頭郡智頭町中原352-2,0858-71-0358,厚生労働省オープンデータ,https://www.mhlw.go.jp/content/12300000/jigyosho_780.csv,2025-12末,https://www.google.com/search?q=%E3%83%87%E3%82%A4%E3%82%B5%E3%83%BC%E3%83%93%E3%82%B9%E3%82%84%E3%81%99%E3%82%89%E3%81%8E%20%E6%99%BA%E9%A0%AD%E7%94%BA
智頭デイサービス事業所　りんどう,地域密着型デイサービス,鳥取県,智頭町,"介護,地域密着型デイサービス",日中に通って食事・入浴・機能訓練・見守りなどを受けるサービスです。,http://www.t-fukushi.co.jp/,鳥取県八頭郡智頭町大字三吉１３７－１１,0858-75-6800,厚生労働省オープンデータ,https://www.mhlw.go.jp/content/12300000/jigyosho_780.csv,2025-12末,https://www.google.com/search?q=%E6%99%BA%E9%A0%AD%E3%83%87%E3%82%A4%E3%82%B5%E3%83%BC%E3%83%93%E3%82%B9%E4%BA%8B%E6%A5%AD%E6%89%80%E3%80%80%E3%82%8A%E3%82%93%E3%81%A9%E3%81%86%20%E6%99%BA%E9%A0%AD%E7%94%BA
智頭デイサービス事業所すぎ玉,地域密着型デイサービス,鳥取県,智頭町,"介護,地域密着型デイサービス",日中に通って食事・入浴・機能訓練・見守りなどを受けるサービスです。,http://www.t-fukushi.co.jp/,鳥取県八頭郡智頭町大字智頭2597-28,0858-76-1212,厚生労働省オープンデータ,https://www.mhlw.go.jp/content/12300000/jigyosho_780.csv,2025-12末,https://www.google.com/search?q=%E6%99%BA%E9%A0%AD%E3%83%87%E3%82%A4%E3%82%B5%E3%83%BC%E3%83%93%E3%82%B9%E4%BA%8B%E6%A5%AD%E6%89%80%E3%81%99%E3%81%8E%E7%8E%89%20%E6%99%BA%E9%A0%AD%E7%94%BA
デイサービスセンター春香,地域密着型デイサービス,鳥取県,智頭町,"介護,地域密着型デイサービス",日中に通って食事・入浴・機能訓練・見守りなどを受けるサービスです。,https://www.google.com/search?q=%E3%83%87%E3%82%A4%E3%82%B5%E3%83%BC%E3%83%93%E3%82%B9%E3%82%BB%E3%83%B3%E3%82%BF%E3%83%BC%E6%98%A5%E9%A6%99%20%E6%99%BA%E9%A0%AD%E7%94%BA,鳥取県八頭郡智頭町智頭1510番地2,0858-76-1177,厚生労働省オープンデータ,https://www.mhlw.go.jp/content/12300000/jigyosho_780.csv,2025-12末,https://www.google.com/search?q=%E3%83%87%E3%82%A4%E3%82%B5%E3%83%BC%E3%83%93%E3%82%B9%E3%82%BB%E3%83%B3%E3%82%BF%E3%83%BC%E6%98%A5%E9%A6%99%20%E6%99%BA%E9%A0%AD%E7%94%BA
あっとほーむ,地域密着型デイサービス,鳥取県,八頭町,"介護,地域密着型デイサービス",日中に通って食事・入浴・機能訓練・見守りなどを受けるサービスです。,https://www.google.com/search?q=%E3%81%82%E3%81%A3%E3%81%A8%E3%81%BB%E3%83%BC%E3%82%80%20%E5%85%AB%E9%A0%AD%E7%94%BA,鳥取県　八頭郡　八頭町　郡家　７６－３５,０９０－１６８３－４６５９,厚生労働省オープンデータ,https://www.mhlw.go.jp/content/12300000/jigyosho_780.csv,2025-12末,https://www.google.com/search?q=%E3%81%82%E3%81%A3%E3%81%A8%E3%81%BB%E3%83%BC%E3%82%80%20%E5%85%AB%E9%A0%AD%E7%94%BA
ディサービスセンターれしーぶ,地域密着型デイサービス,鳥取県,八頭町,"介護,地域密着型デイサービス",日中に通って食事・入浴・機能訓練・見守りなどを受けるサービスです。,tusyo.day@resi-bu.jp,鳥取県八頭郡八頭町船岡1961番地,0858－76－0707,厚生労働省オープンデータ,https://www.mhlw.go.jp/content/12300000/jigyosho_780.csv,2025-12末,https://www.google.com/search?q=%E3%83%87%E3%82%A3%E3%82%B5%E3%83%BC%E3%83%93%E3%82%B9%E3%82%BB%E3%83%B3%E3%82%BF%E3%83%BC%E3%82%8C%E3%81%97%E3%83%BC%E3%81%B6%20%E5%85%AB%E9%A0%AD%E7%94%BA
社会福祉法人　湯梨浜町社会福祉協議会　泊指定地域密着型通所介護事業所,地域密着型デイサービス,鳥取県,湯梨浜町,"介護,地域密着型デイサービス",日中に通って食事・入浴・機能訓練・見守りなどを受けるサービスです。,http://www.yurihama-shakyo.jp,鳥取県東伯郡湯梨浜町泊１０８５番地１,0858-34-2616,厚生労働省オープンデータ,https://www.mhlw.go.jp/content/12300000/jigyosho_780.csv,2025-12末,https://www.google.com/search?q=%E7%A4%BE%E4%BC%9A%E7%A6%8F%E7%A5%89%E6%B3%95%E4%BA%BA%E3%80%80%E6%B9%AF%E6%A2%A8%E6%B5%9C%E7%94%BA%E7%A4%BE%E4%BC%9A%E7%A6%8F%E7%A5%89%E5%8D%94%E8%AD%B0%E4%BC%9A%E3%80%80%E6%B3%8A%E6%8C%87%E5%AE%9A%E5%9C%B0%E5%9F%9F%E5%AF%86%E7%9D%80%E5%9E%8B%E9%80%9A%E6%89%80%E4%BB%8B%E8%AD%B7%E4%BA%8B%E6%A5%AD%E6%89%80%20%E6%B9%AF%E6%A2%A8%E6%B5%9C%E7%94%BA
鳥取県東伯郡湯梨浜町はわい温泉31-2,地域密着型デイサービス,鳥取県,湯梨浜町,"介護,地域密着型デイサービス",日中に通って食事・入浴・機能訓練・見守りなどを受けるサービスです。,https://www.google.com/search?q=%E9%B3%A5%E5%8F%96%E7%9C%8C%E6%9D%B1%E4%BC%AF%E9%83%A1%E6%B9%AF%E6%A2%A8%E6%B5%9C%E7%94%BA%E3%81%AF%E3%82%8F%E3%81%84%E6%B8%A9%E6%B3%8931-2%20%E6%B9%AF%E6%A2%A8%E6%B5%9C%E7%94%BA,鳥取県東伯郡湯梨浜町はわい温泉31-2,0858412001,厚生労働省オープンデータ,https://www.mhlw.go.jp/content/12300000/jigyosho_780.csv,2025-12末,https://www.google.com/search?q=%E9%B3%A5%E5%8F%96%E7%9C%8C%E6%9D%B1%E4%BC%AF%E9%83%A1%E6%B9%AF%E6%A2%A8%E6%B5%9C%E7%94%BA%E3%81%AF%E3%82%8F%E3%81%84%E6%B8%A9%E6%B3%8931-2%20%E6%B9%AF%E6%A2%A8%E6%B5%9C%E7%94%BA
地域密着型通所介護あすぷらすことうら,地域密着型デイサービス,鳥取県,琴浦町,"介護,地域密着型デイサービス",日中に通って食事・入浴・機能訓練・見守りなどを受けるサービスです。,https://us-plus-nekohige.com,鳥取県東伯郡琴浦町八橋775番地61,0858-52-2768,厚生労働省オープンデータ,https://www.mhlw.go.jp/content/12300000/jigyosho_780.csv,2025-12末,https://www.google.com/search?q=%E5%9C%B0%E5%9F%9F%E5%AF%86%E7%9D%80%E5%9E%8B%E9%80%9A%E6%89%80%E4%BB%8B%E8%AD%B7%E3%81%82%E3%81%99%E3%81%B7%E3%82%89%E3%81%99%E3%81%93%E3%81%A8%E3%81%86%E3%82%89%20%E7%90%B4%E6%B5%A6%E7%94%BA
ばんだの里やすはら通所介護事業所,地域密着型デイサービス,鳥取県,大山町,"介護,地域密着型デイサービス",日中に通って食事・入浴・機能訓練・見守りなどを受けるサービスです。,https://www.google.com/search?q=%E3%81%B0%E3%82%93%E3%81%A0%E3%81%AE%E9%87%8C%E3%82%84%E3%81%99%E3%81%AF%E3%82%89%E9%80%9A%E6%89%80%E4%BB%8B%E8%AD%B7%E4%BA%8B%E6%A5%AD%E6%89%80%20%E5%A4%A7%E5%B1%B1%E7%94%BA,鳥取県西伯郡大山町安原1119,0859-53-3001,厚生労働省オープンデータ,https://www.mhlw.go.jp/content/12300000/jigyosho_780.csv,2025-12末,https://www.google.com/search?q=%E3%81%B0%E3%82%93%E3%81%A0%E3%81%AE%E9%87%8C%E3%82%84%E3%81%99%E3%81%AF%E3%82%89%E9%80%9A%E6%89%80%E4%BB%8B%E8%AD%B7%E4%BA%8B%E6%A5%AD%E6%89%80%20%E5%A4%A7%E5%B1%B1%E7%94%BA
サンライズデイサービスセンター,地域密着型デイサービス,鳥取県,大山町,"介護,地域密着型デイサービス",日中に通って食事・入浴・機能訓練・見守りなどを受けるサービスです。,https://www.google.com/search?q=%E3%82%B5%E3%83%B3%E3%83%A9%E3%82%A4%E3%82%BA%E3%83%87%E3%82%A4%E3%82%B5%E3%83%BC%E3%83%93%E3%82%B9%E3%82%BB%E3%83%B3%E3%82%BF%E3%83%BC%20%E5%A4%A7%E5%B1%B1%E7%94%BA,鳥取県西伯郡大山町富長848-1サンライズハウス,0859-54-5156,厚生労働省オープンデータ,https://www.mhlw.go.jp/content/12300000/jigyosho_780.csv,2025-12末,https://www.google.com/search?q=%E3%82%B5%E3%83%B3%E3%83%A9%E3%82%A4%E3%82%BA%E3%83%87%E3%82%A4%E3%82%B5%E3%83%BC%E3%83%93%E3%82%B9%E3%82%BB%E3%83%B3%E3%82%BF%E3%83%BC%20%E5%A4%A7%E5%B1%B1%E7%94%BA
大山町社会福祉協議会　地域密着型通所介護ほほえみ,地域密着型デイサービス,鳥取県,大山町,"介護,地域密着型デイサービス",日中に通って食事・入浴・機能訓練・見守りなどを受けるサービスです。,https://daisensyakyo.org,鳥取県西伯郡大山町赤坂764番地大山町福祉センターなかやま,0858-49-3012,厚生労働省オープンデータ,https://www.mhlw.go.jp/content/12300000/jigyosho_780.csv,2025-12末,https://www.google.com/search?q=%E5%A4%A7%E5%B1%B1%E7%94%BA%E7%A4%BE%E4%BC%9A%E7%A6%8F%E7%A5%89%E5%8D%94%E8%AD%B0%E4%BC%9A%E3%80%80%E5%9C%B0%E5%9F%9F%E5%AF%86%E7%9D%80%E5%9E%8B%E9%80%9A%E6%89%80%E4%BB%8B%E8%AD%B7%E3%81%BB%E3%81%BB%E3%81%88%E3%81%BF%20%E5%A4%A7%E5%B1%B1%E7%94%BA
デイサービスセンターゆうらく,地域密着型デイサービス,鳥取県,南部町,"介護,地域密着型デイサービス",日中に通って食事・入浴・機能訓練・見守りなどを受けるサービスです。,Http：//yuraku-houki.net/,鳥取県西伯郡南部町落合480,0859-66-2253,厚生労働省オープンデータ,https://www.mhlw.go.jp/content/12300000/jigyosho_780.csv,2025-12末,https://www.google.com/search?q=%E3%83%87%E3%82%A4%E3%82%B5%E3%83%BC%E3%83%93%E3%82%B9%E3%82%BB%E3%83%B3%E3%82%BF%E3%83%BC%E3%82%86%E3%81%86%E3%82%89%E3%81%8F%20%E5%8D%97%E9%83%A8%E7%94%BA
デイサービスセンター　ことぶき,地域密着型デイサービス,鳥取県,伯耆町,"介護,地域密着型デイサービス",日中に通って食事・入浴・機能訓練・見守りなどを受けるサービスです。,https://www.google.com/search?q=%E3%83%87%E3%82%A4%E3%82%B5%E3%83%BC%E3%83%93%E3%82%B9%E3%82%BB%E3%83%B3%E3%82%BF%E3%83%BC%E3%80%80%E3%81%93%E3%81%A8%E3%81%B6%E3%81%8D%20%E4%BC%AF%E8%80%86%E7%94%BA,鳥取県西伯郡伯耆町長山１６１番地１,0859-39-9700,厚生労働省オープンデータ,https://www.mhlw.go.jp/content/12300000/jigyosho_780.csv,2025-12末,https://www.google.com/search?q=%E3%83%87%E3%82%A4%E3%82%B5%E3%83%BC%E3%83%93%E3%82%B9%E3%82%BB%E3%83%B3%E3%82%BF%E3%83%BC%E3%80%80%E3%81%93%E3%81%A8%E3%81%B6%E3%81%8D%20%E4%BC%AF%E8%80%86%E7%94%BA
合同会社いこいの広場らんちゅう,地域密着型デイサービス,鳥取県,江府町,"介護,地域密着型デイサービス",日中に通って食事・入浴・機能訓練・見守りなどを受けるサービスです。,https://www.google.com/search?q=%E5%90%88%E5%90%8C%E4%BC%9A%E7%A4%BE%E3%81%84%E3%81%93%E3%81%84%E3%81%AE%E5%BA%83%E5%A0%B4%E3%82%89%E3%82%93%E3%81%A1%E3%82%85%E3%81%86%20%E6%B1%9F%E5%BA%9C%E7%94%BA,鳥取県日野郡江府町大字武庫1198番地1,0859-77-2200,厚生労働省オープンデータ,https://www.mhlw.go.jp/content/12300000/jigyosho_780.csv,2025-12末,https://www.google.com/search?q=%E5%90%88%E5%90%8C%E4%BC%9A%E7%A4%BE%E3%81%84%E3%81%93%E3%81%84%E3%81%AE%E5%BA%83%E5%A0%B4%E3%82%89%E3%82%93%E3%81%A1%E3%82%85%E3%81%86%20%E6%B1%9F%E5%BA%9C%E7%94%BA
