name,type,pref,city,tags,description,url,address,phone,source,source_url,last_updated,external_search
琵琶湖中央病院　訪問看護センター,訪問看護,滋賀県,大津市,"介護,訪問看護,医療",看護師などが自宅へ訪問し、健康状態の確認や医療的ケア、療養生活の支援を行います。,http://www.kou-sei-kai.or.jp/,大津市御殿浜２２－３３,077-526-2131,厚生労働省オープンデータ,https://www.mhlw.go.jp/content/12300000/jigyosho_130.csv,2025-12末,https://www.google.com/search?q=%E7%90%B5%E7%90%B6%E6%B9%96%E4%B8%AD%E5%A4%AE%E7%97%85%E9%99%A2%E3%80%80%E8%A8%AA%E5%95%8F%E7%9C%8B%E8%AD%B7%E3%82%BB%E3%83%B3%E3%82%BF%E3%83%BC%20%E5%A4%A7%E6%B4%A5%E5%B8%82
医療法人社団山中医院,訪問看護,滋賀県,大津市,"介護,訪問看護,医療",看護師などが自宅へ訪問し、健康状態の確認や医療的ケア、療養生活の支援を行います。,https://www.google.com/search?q=%E5%8C%BB%E7%99%82%E6%B3%95%E4%BA%BA%E7%A4%BE%E5%9B%A3%E5%B1%B1%E4%B8%AD%E5%8C%BB%E9%99%A2%20%E5%A4%A7%E6%B4%A5%E5%B8%82,大津市里３－６－２２,077-546-0031,厚生労働省オープンデータ,https://www.mhlw.go.jp/content/12300000/jigyosho_130.csv,2025-12末,https://www.google.com/search?q=%E5%8C%BB%E7%99%82%E6%B3%95%E4%BA%BA%E7%A4%BE%E5%9B%A3%E5%B1%B1%E4%B8%AD%E5%8C%BB%E9%99%A2%20%E5%A4%A7%E6%B4%A5%E5%B8%82
白櫻会訪問看護ステーションひなた,訪問看護,滋賀県,大津市,"介護,訪問看護,医療",看護師などが自宅へ訪問し、健康状態の確認や医療的ケア、療養生活の支援を行います。,http://hakuokai.jp/,滋賀県大津市別保二丁目８番３３号,077-534-0005,厚生労働省オープンデータ,https://www.mhlw.go.jp/content/12300000/jigyosho_130.csv,2025-12末,https://www.google.com/search?q=%E7%99%BD%E6%AB%BB%E4%BC%9A%E8%A8%AA%E5%95%8F%E7%9C%8B%E8%AD%B7%E3%82%B9%E3%83%86%E3%83%BC%E3%82%B7%E3%83%A7%E3%83%B3%E3%81%B2%E3%81%AA%E3%81%9F%20%E5%A4%A7%E6%B4%A5%E5%B8%82
訪問看護ステーション和顔,訪問看護,滋賀県,大津市,"介護,訪問看護,医療",看護師などが自宅へ訪問し、健康状態の確認や医療的ケア、療養生活の支援を行います。,https://www.google.com/search?q=%E8%A8%AA%E5%95%8F%E7%9C%8B%E8%AD%B7%E3%82%B9%E3%83%86%E3%83%BC%E3%82%B7%E3%83%A7%E3%83%B3%E5%92%8C%E9%A1%94%20%E5%A4%A7%E6%B4%A5%E5%B8%82,滋賀県大津市坂本４丁目12-32,077-516-8877,厚生労働省オープンデータ,https://www.mhlw.go.jp/content/12300000/jigyosho_130.csv,2025-12末,https://www.google.com/search?q=%E8%A8%AA%E5%95%8F%E7%9C%8B%E8%AD%B7%E3%82%B9%E3%83%86%E3%83%BC%E3%82%B7%E3%83%A7%E3%83%B3%E5%92%8C%E9%A1%94%20%E5%A4%A7%E6%B4%A5%E5%B8%82
南大津クリニック訪問看護,訪問看護,滋賀県,大津市,"介護,訪問看護,医療",看護師などが自宅へ訪問し、健康状態の確認や医療的ケア、療養生活の支援を行います。,ｈｔｔｐ://ｗｗｗ.ｒｙｏｋｕｓｅｉｋａｉ.ｊｐ,大石中一丁目6-6,077-546-1122,厚生労働省オープンデータ,https://www.mhlw.go.jp/content/12300000/jigyosho_130.csv,2025-12末,https://www.google.com/search?q=%E5%8D%97%E5%A4%A7%E6%B4%A5%E3%82%AF%E3%83%AA%E3%83%8B%E3%83%83%E3%82%AF%E8%A8%AA%E5%95%8F%E7%9C%8B%E8%AD%B7%20%E5%A4%A7%E6%B4%A5%E5%B8%82
訪問看護ステーションA・T・C,訪問看護,滋賀県,大津市,"介護,訪問看護,医療",看護師などが自宅へ訪問し、健康状態の確認や医療的ケア、療養生活の支援を行います。,http://art-care-select.com,滋賀県大津市里五丁目4-24,０７７－５７４－７１８２,厚生労働省オープンデータ,https://www.mhlw.go.jp/content/12300000/jigyosho_130.csv,2025-12末,https://www.google.com/search?q=%E8%A8%AA%E5%95%8F%E7%9C%8B%E8%AD%B7%E3%82%B9%E3%83%86%E3%83%BC%E3%82%B7%E3%83%A7%E3%83%B3A%E3%83%BBT%E3%83%BBC%20%E5%A4%A7%E6%B4%A5%E5%B8%82
滋賀県大津市赤尾町17-3-2,訪問看護,滋賀県,大津市,"介護,訪問看護,医療",看護師などが自宅へ訪問し、健康状態の確認や医療的ケア、療養生活の支援を行います。,https://www.google.com/search?q=%E6%BB%8B%E8%B3%80%E7%9C%8C%E5%A4%A7%E6%B4%A5%E5%B8%82%E8%B5%A4%E5%B0%BE%E7%94%BA17-3-2%20%E5%A4%A7%E6%B4%A5%E5%B8%82,滋賀県大津市赤尾町17-3-2,077-548-6074,厚生労働省オープンデータ,https://www.mhlw.go.jp/content/12300000/jigyosho_130.csv,2025-12末,https://www.google.com/search?q=%E6%BB%8B%E8%B3%80%E7%9C%8C%E5%A4%A7%E6%B4%A5%E5%B8%82%E8%B5%A4%E5%B0%BE%E7%94%BA17-3-2%20%E5%A4%A7%E6%B4%A5%E5%B8%82
佐繕,訪問看護,滋賀県,大津市,"介護,訪問看護,医療",看護師などが自宅へ訪問し、健康状態の確認や医療的ケア、療養生活の支援を行います。,http://hp.kaipoke.biz/1ft/,滋賀県大津市高砂町26-65,077-535-4541,厚生労働省オープンデータ,https://www.mhlw.go.jp/content/12300000/jigyosho_130.csv,2025-12末,https://www.google.com/search?q=%E4%BD%90%E7%B9%95%20%E5%A4%A7%E6%B4%A5%E5%B8%82
訪問看護ステーションひまり,訪問看護,滋賀県,大津市,"介護,訪問看護,医療",看護師などが自宅へ訪問し、健康状態の確認や医療的ケア、療養生活の支援を行います。,http/ns-himari.com,滋賀県大津市坂本1丁目18-45,077-577-1190,厚生労働省オープンデータ,https://www.mhlw.go.jp/content/12300000/jigyosho_130.csv,2025-12末,https://www.google.com/search?q=%E8%A8%AA%E5%95%8F%E7%9C%8B%E8%AD%B7%E3%82%B9%E3%83%86%E3%83%BC%E3%82%B7%E3%83%A7%E3%83%B3%E3%81%B2%E3%81%BE%E3%82%8A%20%E5%A4%A7%E6%B4%A5%E5%B8%82
訪問看護ステーションさくらんぼ,訪問看護,滋賀県,大津市,"介護,訪問看護,医療",看護師などが自宅へ訪問し、健康状態の確認や医療的ケア、療養生活の支援を行います。,https://www.sakuranbo-st.jp,滋賀県大津市真野4丁目21-34,077-572-5763,厚生労働省オープンデータ,https://www.mhlw.go.jp/content/12300000/jigyosho_130.csv,2025-12末,https://www.google.com/search?q=%E8%A8%AA%E5%95%8F%E7%9C%8B%E8%AD%B7%E3%82%B9%E3%83%86%E3%83%BC%E3%82%B7%E3%83%A7%E3%83%B3%E3%81%95%E3%81%8F%E3%82%89%E3%82%93%E3%81%BC%20%E5%A4%A7%E6%B4%A5%E5%B8%82
大津市民病院訪問看護ステーション,訪問看護,滋賀県,大津市,"介護,訪問看護,医療",看護師などが自宅へ訪問し、健康状態の確認や医療的ケア、療養生活の支援を行います。,https://www.google.com/search?q=%E5%A4%A7%E6%B4%A5%E5%B8%82%E6%B0%91%E7%97%85%E9%99%A2%E8%A8%AA%E5%95%8F%E7%9C%8B%E8%AD%B7%E3%82%B9%E3%83%86%E3%83%BC%E3%82%B7%E3%83%A7%E3%83%B3%20%E5%A4%A7%E6%B4%A5%E5%B8%82,滋賀県大津市本宮2－9－9,077-524-0150,厚生労働省オープンデータ,https://www.mhlw.go.jp/content/12300000/jigyosho_130.csv,2025-12末,https://www.google.com/search?q=%E5%A4%A7%E6%B4%A5%E5%B8%82%E6%B0%91%E7%97%85%E9%99%A2%E8%A8%AA%E5%95%8F%E7%9C%8B%E8%AD%B7%E3%82%B9%E3%83%86%E3%83%BC%E3%82%B7%E3%83%A7%E3%83%B3%20%E5%A4%A7%E6%B4%A5%E5%B8%82
訪問看護ステーション陽だまり,訪問看護,滋賀県,大津市,"介護,訪問看護,医療",看護師などが自宅へ訪問し、健康状態の確認や医療的ケア、療養生活の支援を行います。,https://www.google.com/search?q=%E8%A8%AA%E5%95%8F%E7%9C%8B%E8%AD%B7%E3%82%B9%E3%83%86%E3%83%BC%E3%82%B7%E3%83%A7%E3%83%B3%E9%99%BD%E3%81%A0%E3%81%BE%E3%82%8A%20%E5%A4%A7%E6%B4%A5%E5%B8%82,大津市昭和町8-15,077-524-8256,厚生労働省オープンデータ,https://www.mhlw.go.jp/content/12300000/jigyosho_130.csv,2025-12末,https://www.google.com/search?q=%E8%A8%AA%E5%95%8F%E7%9C%8B%E8%AD%B7%E3%82%B9%E3%83%86%E3%83%BC%E3%82%B7%E3%83%A7%E3%83%B3%E9%99%BD%E3%81%A0%E3%81%BE%E3%82%8A%20%E5%A4%A7%E6%B4%A5%E5%B8%82
訪問看護ステーションビジット大津,訪問看護,滋賀県,大津市,"介護,訪問看護,医療",看護師などが自宅へ訪問し、健康状態の確認や医療的ケア、療養生活の支援を行います。,https://www.google.com/search?q=%E8%A8%AA%E5%95%8F%E7%9C%8B%E8%AD%B7%E3%82%B9%E3%83%86%E3%83%BC%E3%82%B7%E3%83%A7%E3%83%B3%E3%83%93%E3%82%B8%E3%83%83%E3%83%88%E5%A4%A7%E6%B4%A5%20%E5%A4%A7%E6%B4%A5%E5%B8%82,滋賀県大津市大萱3丁目6-5ジュネス瀬田102,077-526-6250,厚生労働省オープンデータ,https://www.mhlw.go.jp/content/12300000/jigyosho_130.csv,2025-12末,https://www.google.com/search?q=%E8%A8%AA%E5%95%8F%E7%9C%8B%E8%AD%B7%E3%82%B9%E3%83%86%E3%83%BC%E3%82%B7%E3%83%A7%E3%83%B3%E3%83%93%E3%82%B8%E3%83%83%E3%83%88%E5%A4%A7%E6%B4%A5%20%E5%A4%A7%E6%B4%A5%E5%B8%82
訪問看護ステーションアークメディカル滋賀,訪問看護,滋賀県,大津市,"介護,訪問看護,医療",看護師などが自宅へ訪問し、健康状態の確認や医療的ケア、療養生活の支援を行います。,https://ark-medical.jp/,京町4-5-10-101グランドアムール101号室,077-526-6108,厚生労働省オープンデータ,https://www.mhlw.go.jp/content/12300000/jigyosho_130.csv,2025-12末,https://www.google.com/search?q=%E8%A8%AA%E5%95%8F%E7%9C%8B%E8%AD%B7%E3%82%B9%E3%83%86%E3%83%BC%E3%82%B7%E3%83%A7%E3%83%B3%E3%82%A2%E3%83%BC%E3%82%AF%E3%83%A1%E3%83%87%E3%82%A3%E3%82%AB%E3%83%AB%E6%BB%8B%E8%B3%80%20%E5%A4%A7%E6%B4%A5%E5%B8%82
いろどり訪問看護ステーション,訪問看護,滋賀県,大津市,"介護,訪問看護,医療",看護師などが自宅へ訪問し、健康状態の確認や医療的ケア、療養生活の支援を行います。,http://hp.kaipoke.biz/uw9/,滋賀県大津市一里山3丁目21-18,077-572-6196,厚生労働省オープンデータ,https://www.mhlw.go.jp/content/12300000/jigyosho_130.csv,2025-12末,https://www.google.com/search?q=%E3%81%84%E3%82%8D%E3%81%A9%E3%82%8A%E8%A8%AA%E5%95%8F%E7%9C%8B%E8%AD%B7%E3%82%B9%E3%83%86%E3%83%BC%E3%82%B7%E3%83%A7%E3%83%B3%20%E5%A4%A7%E6%B4%A5%E5%B8%82
訪問看護ステーション　フレンドリー大津,訪問看護,滋賀県,大津市,"介護,訪問看護,医療",看護師などが自宅へ訪問し、健康状態の確認や医療的ケア、療養生活の支援を行います。,https://www.google.com/search?q=%E8%A8%AA%E5%95%8F%E7%9C%8B%E8%AD%B7%E3%82%B9%E3%83%86%E3%83%BC%E3%82%B7%E3%83%A7%E3%83%B3%E3%80%80%E3%83%95%E3%83%AC%E3%83%B3%E3%83%89%E3%83%AA%E3%83%BC%E5%A4%A7%E6%B4%A5%20%E5%A4%A7%E6%B4%A5%E5%B8%82,滋賀県大津市柳川1丁目2-18ハイツ柳川101号室,077-536-6012,厚生労働省オープンデータ,https://www.mhlw.go.jp/content/12300000/jigyosho_130.csv,2025-12末,https://www.google.com/search?q=%E8%A8%AA%E5%95%8F%E7%9C%8B%E8%AD%B7%E3%82%B9%E3%83%86%E3%83%BC%E3%82%B7%E3%83%A7%E3%83%B3%E3%80%80%E3%83%95%E3%83%AC%E3%83%B3%E3%83%89%E3%83%AA%E3%83%BC%E5%A4%A7%E6%B4%A5%20%E5%A4%A7%E6%B4%A5%E5%B8%82
訪問看護リハビリステーションSign,訪問看護,滋賀県,大津市,"介護,訪問看護,医療",看護師などが自宅へ訪問し、健康状態の確認や医療的ケア、療養生活の支援を行います。,sign-houkan.com,滋賀県大津市神領3-21-2上勘ビル2F,077-536-5885,厚生労働省オープンデータ,https://www.mhlw.go.jp/content/12300000/jigyosho_130.csv,2025-12末,https://www.google.com/search?q=%E8%A8%AA%E5%95%8F%E7%9C%8B%E8%AD%B7%E3%83%AA%E3%83%8F%E3%83%93%E3%83%AA%E3%82%B9%E3%83%86%E3%83%BC%E3%82%B7%E3%83%A7%E3%83%B3Sign%20%E5%A4%A7%E6%B4%A5%E5%B8%82
訪問看護ステーション　ユースフル滋賀,訪問看護,滋賀県,大津市,"介護,訪問看護,医療",看護師などが自宅へ訪問し、健康状態の確認や医療的ケア、療養生活の支援を行います。,https://www.google.com/search?q=%E8%A8%AA%E5%95%8F%E7%9C%8B%E8%AD%B7%E3%82%B9%E3%83%86%E3%83%BC%E3%82%B7%E3%83%A7%E3%83%B3%E3%80%80%E3%83%A6%E3%83%BC%E3%82%B9%E3%83%95%E3%83%AB%E6%BB%8B%E8%B3%80%20%E5%A4%A7%E6%B4%A5%E5%B8%82,滋賀県大津市本堅田６丁目６番２号住宅型有料老人ホームCareVilla堅田,077-536-6018,厚生労働省オープンデータ,https://www.mhlw.go.jp/content/12300000/jigyosho_130.csv,2025-12末,https://www.google.com/search?q=%E8%A8%AA%E5%95%8F%E7%9C%8B%E8%AD%B7%E3%82%B9%E3%83%86%E3%83%BC%E3%82%B7%E3%83%A7%E3%83%B3%E3%80%80%E3%83%A6%E3%83%BC%E3%82%B9%E3%83%95%E3%83%AB%E6%BB%8B%E8%B3%80%20%E5%A4%A7%E6%B4%A5%E5%B8%82
ライフサポート訪問看護,訪問看護,滋賀県,大津市,"介護,訪問看護,医療",看護師などが自宅へ訪問し、健康状態の確認や医療的ケア、療養生活の支援を行います。,http:hp.kaipoke.biz/r79/,滋賀県大津市松山町11-18,077-548-8364,厚生労働省オープンデータ,https://www.mhlw.go.jp/content/12300000/jigyosho_130.csv,2025-12末,https://www.google.com/search?q=%E3%83%A9%E3%82%A4%E3%83%95%E3%82%B5%E3%83%9D%E3%83%BC%E3%83%88%E8%A8%AA%E5%95%8F%E7%9C%8B%E8%AD%B7%20%E5%A4%A7%E6%B4%A5%E5%B8%82
在宅リハビリテーション支援センター・訪問看護ステーション　リハビリパーク,訪問看護,滋賀県,大津市,"介護,訪問看護,医療",看護師などが自宅へ訪問し、健康状態の確認や医療的ケア、療養生活の支援を行います。,https://www.reha-park.co.jp/,滋賀県大津市雄琴北一丁目14番21号,077-535-6024,厚生労働省オープンデータ,https://www.mhlw.go.jp/content/12300000/jigyosho_130.csv,2025-12末,https://www.google.com/search?q=%E5%9C%A8%E5%AE%85%E3%83%AA%E3%83%8F%E3%83%93%E3%83%AA%E3%83%86%E3%83%BC%E3%82%B7%E3%83%A7%E3%83%B3%E6%94%AF%E6%8F%B4%E3%82%BB%E3%83%B3%E3%82%BF%E3%83%BC%E3%83%BB%E8%A8%AA%E5%95%8F%E7%9C%8B%E8%AD%B7%E3%82%B9%E3%83%86%E3%83%BC%E3%82%B7%E3%83%A7%E3%83%B3%E3%80%80%E3%83%AA%E3%83%8F%E3%83%93%E3%83%AA%E3%83%91%E3%83%BC%E3%82%AF%20%E5%A4%A7%E6%B4%A5%E5%B8%82
訪問看護ステーション春,訪問看護,滋賀県,大津市,"介護,訪問看護,医療",看護師などが自宅へ訪問し、健康状態の確認や医療的ケア、療養生活の支援を行います。,https://www.fb.com/station.haru51,滋賀県大津市大江四丁目１３番５号エスペール瀬田１０３,077-509-7374,厚生労働省オープンデータ,https://www.mhlw.go.jp/content/12300000/jigyosho_130.csv,2025-12末,https://www.google.com/search?q=%E8%A8%AA%E5%95%8F%E7%9C%8B%E8%AD%B7%E3%82%B9%E3%83%86%E3%83%BC%E3%82%B7%E3%83%A7%E3%83%B3%E6%98%A5%20%E5%A4%A7%E6%B4%A5%E5%B8%82
訪問看護ステーション彩,訪問看護,滋賀県,大津市,"介護,訪問看護,医療",看護師などが自宅へ訪問し、健康状態の確認や医療的ケア、療養生活の支援を行います。,sai@newones.co.jp,滋賀県大津市今堅田２－９－２クリアコンフォート305,077-572-5133,厚生労働省オープンデータ,https://www.mhlw.go.jp/content/12300000/jigyosho_130.csv,2025-12末,https://www.google.com/search?q=%E8%A8%AA%E5%95%8F%E7%9C%8B%E8%AD%B7%E3%82%B9%E3%83%86%E3%83%BC%E3%82%B7%E3%83%A7%E3%83%B3%E5%BD%A9%20%E5%A4%A7%E6%B4%A5%E5%B8%82
なーすすてーしょんひよりまのてん,訪問看護,滋賀県,大津市,"介護,訪問看護,医療",看護師などが自宅へ訪問し、健康状態の確認や医療的ケア、療養生活の支援を行います。,https://www.google.com/search?q=%E3%81%AA%E3%83%BC%E3%81%99%E3%81%99%E3%81%A6%E3%83%BC%E3%81%97%E3%82%87%E3%82%93%E3%81%B2%E3%82%88%E3%82%8A%E3%81%BE%E3%81%AE%E3%81%A6%E3%82%93%20%E5%A4%A7%E6%B4%A5%E5%B8%82,滋賀県大津市真野４丁目２１‐３０奥出ビル１F-B,077-574-0504,厚生労働省オープンデータ,https://www.mhlw.go.jp/content/12300000/jigyosho_130.csv,2025-12末,https://www.google.com/search?q=%E3%81%AA%E3%83%BC%E3%81%99%E3%81%99%E3%81%A6%E3%83%BC%E3%81%97%E3%82%87%E3%82%93%E3%81%B2%E3%82%88%E3%82%8A%E3%81%BE%E3%81%AE%E3%81%A6%E3%82%93%20%E5%A4%A7%E6%B4%A5%E5%B8%82
訪問看護ステーション湯ず,訪問看護,滋賀県,大津市,"介護,訪問看護,医療",看護師などが自宅へ訪問し、健康状態の確認や医療的ケア、療養生活の支援を行います。,https://www.google.com/search?q=%E8%A8%AA%E5%95%8F%E7%9C%8B%E8%AD%B7%E3%82%B9%E3%83%86%E3%83%BC%E3%82%B7%E3%83%A7%E3%83%B3%E6%B9%AF%E3%81%9A%20%E5%A4%A7%E6%B4%A5%E5%B8%82,滋賀県大津市稲津2丁目3-30,077-546-7120,厚生労働省オープンデータ,https://www.mhlw.go.jp/content/12300000/jigyosho_130.csv,2025-12末,https://www.google.com/search?q=%E8%A8%AA%E5%95%8F%E7%9C%8B%E8%AD%B7%E3%82%B9%E3%83%86%E3%83%BC%E3%82%B7%E3%83%A7%E3%83%B3%E6%B9%AF%E3%81%9A%20%E5%A4%A7%E6%B4%A5%E5%B8%82
ブリッジ訪問看護ステーション,訪問看護,滋賀県,大津市,"介護,訪問看護,医療",看護師などが自宅へ訪問し、健康状態の確認や医療的ケア、療養生活の支援を行います。,http://bridge-nurse.com/,滋賀県大津市追分町16-21,077-572-5941,厚生労働省オープンデータ,https://www.mhlw.go.jp/content/12300000/jigyosho_130.csv,2025-12末,https://www.google.com/search?q=%E3%83%96%E3%83%AA%E3%83%83%E3%82%B8%E8%A8%AA%E5%95%8F%E7%9C%8B%E8%AD%B7%E3%82%B9%E3%83%86%E3%83%BC%E3%82%B7%E3%83%A7%E3%83%B3%20%E5%A4%A7%E6%B4%A5%E5%B8%82
訪問看護ステーションつばめ,訪問看護,滋賀県,大津市,"介護,訪問看護,医療",看護師などが自宅へ訪問し、健康状態の確認や医療的ケア、療養生活の支援を行います。,https://tsubame-kango.sakurai-clinic.info/,滋賀県大津市粟津町2-65第2久下ビル　2階,077-511-9688,厚生労働省オープンデータ,https://www.mhlw.go.jp/content/12300000/jigyosho_130.csv,2025-12末,https://www.google.com/search?q=%E8%A8%AA%E5%95%8F%E7%9C%8B%E8%AD%B7%E3%82%B9%E3%83%86%E3%83%BC%E3%82%B7%E3%83%A7%E3%83%B3%E3%81%A4%E3%81%B0%E3%82%81%20%E5%A4%A7%E6%B4%A5%E5%B8%82
訪問看護ステーションらっしゅナース,訪問看護,滋賀県,大津市,"介護,訪問看護,医療",看護師などが自宅へ訪問し、健康状態の確認や医療的ケア、療養生活の支援を行います。,info@rush-ns.co.jp,滋賀県大津市小関町7-33,077-572-5234,厚生労働省オープンデータ,https://www.mhlw.go.jp/content/12300000/jigyosho_130.csv,2025-12末,https://www.google.com/search?q=%E8%A8%AA%E5%95%8F%E7%9C%8B%E8%AD%B7%E3%82%B9%E3%83%86%E3%83%BC%E3%82%B7%E3%83%A7%E3%83%B3%E3%82%89%E3%81%A3%E3%81%97%E3%82%85%E3%83%8A%E3%83%BC%E3%82%B9%20%E5%A4%A7%E6%B4%A5%E5%B8%82
訪問看護ステーションらしくる,訪問看護,滋賀県,大津市,"介護,訪問看護,医療",看護師などが自宅へ訪問し、健康状態の確認や医療的ケア、療養生活の支援を行います。,https://lifeshift.my.canva.site/rashikuru,滋賀県大津市本堅田5丁目12-11,050-5799-8466,厚生労働省オープンデータ,https://www.mhlw.go.jp/content/12300000/jigyosho_130.csv,2025-12末,https://www.google.com/search?q=%E8%A8%AA%E5%95%8F%E7%9C%8B%E8%AD%B7%E3%82%B9%E3%83%86%E3%83%BC%E3%82%B7%E3%83%A7%E3%83%B3%E3%82%89%E3%81%97%E3%81%8F%E3%82%8B%20%E5%A4%A7%E6%B4%A5%E5%B8%82
独立行政法人医療機能推進機構滋賀病院附属訪問看護ステーション,訪問看護,滋賀県,大津市,"介護,訪問看護,医療",看護師などが自宅へ訪問し、健康状態の確認や医療的ケア、療養生活の支援を行います。,https://shiga.jcho.go.jp/,滋賀県大津市富士見台16-1,077-537-4841,厚生労働省オープンデータ,https://www.mhlw.go.jp/content/12300000/jigyosho_130.csv,2025-12末,https://www.google.com/search?q=%E7%8B%AC%E7%AB%8B%E8%A1%8C%E6%94%BF%E6%B3%95%E4%BA%BA%E5%8C%BB%E7%99%82%E6%A9%9F%E8%83%BD%E6%8E%A8%E9%80%B2%E6%A9%9F%E6%A7%8B%E6%BB%8B%E8%B3%80%E7%97%85%E9%99%A2%E9%99%84%E5%B1%9E%E8%A8%AA%E5%95%8F%E7%9C%8B%E8%AD%B7%E3%82%B9%E3%83%86%E3%83%BC%E3%82%B7%E3%83%A7%E3%83%B3%20%E5%A4%A7%E6%B4%A5%E5%B8%82
ツクイ大津訪問看護ステーション,訪問看護,滋賀県,大津市,"介護,訪問看護,医療",看護師などが自宅へ訪問し、健康状態の確認や医療的ケア、療養生活の支援を行います。,https://www.google.com/search?q=%E3%83%84%E3%82%AF%E3%82%A4%E5%A4%A7%E6%B4%A5%E8%A8%AA%E5%95%8F%E7%9C%8B%E8%AD%B7%E3%82%B9%E3%83%86%E3%83%BC%E3%82%B7%E3%83%A7%E3%83%B3%20%E5%A4%A7%E6%B4%A5%E5%B8%82,中央3丁目1-8大津第一生命ビルディング1階,077-510-0061,厚生労働省オープンデータ,https://www.mhlw.go.jp/content/12300000/jigyosho_130.csv,2025-12末,https://www.google.com/search?q=%E3%83%84%E3%82%AF%E3%82%A4%E5%A4%A7%E6%B4%A5%E8%A8%AA%E5%95%8F%E7%9C%8B%E8%AD%B7%E3%82%B9%E3%83%86%E3%83%BC%E3%82%B7%E3%83%A7%E3%83%B3%20%E5%A4%A7%E6%B4%A5%E5%B8%82
華頂会訪問看護ステーション,訪問看護,滋賀県,大津市,"介護,訪問看護,医療",看護師などが自宅へ訪問し、健康状態の確認や医療的ケア、療養生活の支援を行います。,kachoukai@kachokai.or.jp,大津市大萱七丁目７－２,077-545-9225,厚生労働省オープンデータ,https://www.mhlw.go.jp/content/12300000/jigyosho_130.csv,2025-12末,https://www.google.com/search?q=%E8%8F%AF%E9%A0%82%E4%BC%9A%E8%A8%AA%E5%95%8F%E7%9C%8B%E8%AD%B7%E3%82%B9%E3%83%86%E3%83%BC%E3%82%B7%E3%83%A7%E3%83%B3%20%E5%A4%A7%E6%B4%A5%E5%B8%82
訪問看護ステーション志賀,訪問看護,滋賀県,大津市,"介護,訪問看護,医療",看護師などが自宅へ訪問し、健康状態の確認や医療的ケア、療養生活の支援を行います。,http://www.kosei-f.jp/,大津市和邇中浜345番地１看護小規模多機能型居宅介護めぐり,077-594-0131,厚生労働省オープンデータ,https://www.mhlw.go.jp/content/12300000/jigyosho_130.csv,2025-12末,https://www.google.com/search?q=%E8%A8%AA%E5%95%8F%E7%9C%8B%E8%AD%B7%E3%82%B9%E3%83%86%E3%83%BC%E3%82%B7%E3%83%A7%E3%83%B3%E5%BF%97%E8%B3%80%20%E5%A4%A7%E6%B4%A5%E5%B8%82
うさぎナースケア,訪問看護,滋賀県,大津市,"介護,訪問看護,医療",看護師などが自宅へ訪問し、健康状態の確認や医療的ケア、療養生活の支援を行います。,http://www.big-advance.site/c/161/2700/top,滋賀県大津市松本2丁目8番10号,0775107472,厚生労働省オープンデータ,https://www.mhlw.go.jp/content/12300000/jigyosho_130.csv,2025-12末,https://www.google.com/search?q=%E3%81%86%E3%81%95%E3%81%8E%E3%83%8A%E3%83%BC%E3%82%B9%E3%82%B1%E3%82%A2%20%E5%A4%A7%E6%B4%A5%E5%B8%82
コンソルテ訪問看護ステーション,訪問看護,滋賀県,大津市,"介護,訪問看護,医療",看護師などが自宅へ訪問し、健康状態の確認や医療的ケア、療養生活の支援を行います。,https://www.google.com/search?q=%E3%82%B3%E3%83%B3%E3%82%BD%E3%83%AB%E3%83%86%E8%A8%AA%E5%95%8F%E7%9C%8B%E8%AD%B7%E3%82%B9%E3%83%86%E3%83%BC%E3%82%B7%E3%83%A7%E3%83%B3%20%E5%A4%A7%E6%B4%A5%E5%B8%82,滋賀県大津市瀬田4丁目1-3,077-545-6540,厚生労働省オープンデータ,https://www.mhlw.go.jp/content/12300000/jigyosho_130.csv,2025-12末,https://www.google.com/search?q=%E3%82%B3%E3%83%B3%E3%82%BD%E3%83%AB%E3%83%86%E8%A8%AA%E5%95%8F%E7%9C%8B%E8%AD%B7%E3%82%B9%E3%83%86%E3%83%BC%E3%82%B7%E3%83%A7%E3%83%B3%20%E5%A4%A7%E6%B4%A5%E5%B8%82
訪問看護ステーションコスモス,訪問看護,滋賀県,大津市,"介護,訪問看護,医療",看護師などが自宅へ訪問し、健康状態の確認や医療的ケア、療養生活の支援を行います。,https://www.google.com/search?q=%E8%A8%AA%E5%95%8F%E7%9C%8B%E8%AD%B7%E3%82%B9%E3%83%86%E3%83%BC%E3%82%B7%E3%83%A7%E3%83%B3%E3%82%B3%E3%82%B9%E3%83%A2%E3%82%B9%20%E5%A4%A7%E6%B4%A5%E5%B8%82,大津市坂本6-6-31,077-579-4022,厚生労働省オープンデータ,https://www.mhlw.go.jp/content/12300000/jigyosho_130.csv,2025-12末,https://www.google.com/search?q=%E8%A8%AA%E5%95%8F%E7%9C%8B%E8%AD%B7%E3%82%B9%E3%83%86%E3%83%BC%E3%82%B7%E3%83%A7%E3%83%B3%E3%82%B3%E3%82%B9%E3%83%A2%E3%82%B9%20%E5%A4%A7%E6%B4%A5%E5%B8%82
医療法人弘英会琵琶湖大橋病院訪問看護ステーション,訪問看護,滋賀県,大津市,"介護,訪問看護,医療",看護師などが自宅へ訪問し、健康状態の確認や医療的ケア、療養生活の支援を行います。,http://www.boh.or.jp/,滋賀県大津市本堅田5丁目20番10号アル・プラザ堅田　２階,077-573-6425,厚生労働省オープンデータ,https://www.mhlw.go.jp/content/12300000/jigyosho_130.csv,2025-12末,https://www.google.com/search?q=%E5%8C%BB%E7%99%82%E6%B3%95%E4%BA%BA%E5%BC%98%E8%8B%B1%E4%BC%9A%E7%90%B5%E7%90%B6%E6%B9%96%E5%A4%A7%E6%A9%8B%E7%97%85%E9%99%A2%E8%A8%AA%E5%95%8F%E7%9C%8B%E8%AD%B7%E3%82%B9%E3%83%86%E3%83%BC%E3%82%B7%E3%83%A7%E3%83%B3%20%E5%A4%A7%E6%B4%A5%E5%B8%82
洛和会訪問看護ステーション石山寺・サテライト瀬田,訪問看護,滋賀県,大津市,"介護,訪問看護,医療",看護師などが自宅へ訪問し、健康状態の確認や医療的ケア、療養生活の支援を行います。,https://www.google.com/search?q=%E6%B4%9B%E5%92%8C%E4%BC%9A%E8%A8%AA%E5%95%8F%E7%9C%8B%E8%AD%B7%E3%82%B9%E3%83%86%E3%83%BC%E3%82%B7%E3%83%A7%E3%83%B3%E7%9F%B3%E5%B1%B1%E5%AF%BA%E3%83%BB%E3%82%B5%E3%83%86%E3%83%A9%E3%82%A4%E3%83%88%E7%80%AC%E7%94%B0%20%E5%A4%A7%E6%B4%A5%E5%B8%82,大津市平津１丁目１７番地３２,077-531-1313,厚生労働省オープンデータ,https://www.mhlw.go.jp/content/12300000/jigyosho_130.csv,2025-12末,https://www.google.com/search?q=%E6%B4%9B%E5%92%8C%E4%BC%9A%E8%A8%AA%E5%95%8F%E7%9C%8B%E8%AD%B7%E3%82%B9%E3%83%86%E3%83%BC%E3%82%B7%E3%83%A7%E3%83%B3%E7%9F%B3%E5%B1%B1%E5%AF%BA%E3%83%BB%E3%82%B5%E3%83%86%E3%83%A9%E3%82%A4%E3%83%88%E7%80%AC%E7%94%B0%20%E5%A4%A7%E6%B4%A5%E5%B8%82
日本リハビリ訪問看護ステーション,訪問看護,滋賀県,大津市,"介護,訪問看護,医療",看護師などが自宅へ訪問し、健康状態の確認や医療的ケア、療養生活の支援を行います。,http://nichi-reha.jp/service/index.html,滋賀県大津市唐崎1丁目31-32大川プラザ3号館2階,077-572-8228,厚生労働省オープンデータ,https://www.mhlw.go.jp/content/12300000/jigyosho_130.csv,2025-12末,https://www.google.com/search?q=%E6%97%A5%E6%9C%AC%E3%83%AA%E3%83%8F%E3%83%93%E3%83%AA%E8%A8%AA%E5%95%8F%E7%9C%8B%E8%AD%B7%E3%82%B9%E3%83%86%E3%83%BC%E3%82%B7%E3%83%A7%E3%83%B3%20%E5%A4%A7%E6%B4%A5%E5%B8%82
訪問看護リハビリステーション満月,訪問看護,滋賀県,大津市,"介護,訪問看護,医療",看護師などが自宅へ訪問し、健康状態の確認や医療的ケア、療養生活の支援を行います。,http://www.mangetsu-rehabili.com/,滋賀県大津市朝日が丘1-1-6ラクラスコート１F,077-574-7626,厚生労働省オープンデータ,https://www.mhlw.go.jp/content/12300000/jigyosho_130.csv,2025-12末,https://www.google.com/search?q=%E8%A8%AA%E5%95%8F%E7%9C%8B%E8%AD%B7%E3%83%AA%E3%83%8F%E3%83%93%E3%83%AA%E3%82%B9%E3%83%86%E3%83%BC%E3%82%B7%E3%83%A7%E3%83%B3%E6%BA%80%E6%9C%88%20%E5%A4%A7%E6%B4%A5%E5%B8%82
ヴェール訪問看護ステーション,訪問看護,滋賀県,大津市,"介護,訪問看護,医療",看護師などが自宅へ訪問し、健康状態の確認や医療的ケア、療養生活の支援を行います。,http://www.vert-hks.com/,滋賀県大津市大将軍一丁目１０番２号ニュー大将軍松兼Ⅱ　１０３号室,077-574-7245,厚生労働省オープンデータ,https://www.mhlw.go.jp/content/12300000/jigyosho_130.csv,2025-12末,https://www.google.com/search?q=%E3%83%B4%E3%82%A7%E3%83%BC%E3%83%AB%E8%A8%AA%E5%95%8F%E7%9C%8B%E8%AD%B7%E3%82%B9%E3%83%86%E3%83%BC%E3%82%B7%E3%83%A7%E3%83%B3%20%E5%A4%A7%E6%B4%A5%E5%B8%82
ワンモア訪問看護リハビリセンター大津事業所,訪問看護,滋賀県,大津市,"介護,訪問看護,医療",看護師などが自宅へ訪問し、健康状態の確認や医療的ケア、療養生活の支援を行います。,onemoreship.otsu@gmail.com,桜野町1-15-4コーポ協和201,077-572-7786,厚生労働省オープンデータ,https://www.mhlw.go.jp/content/12300000/jigyosho_130.csv,2025-12末,https://www.google.com/search?q=%E3%83%AF%E3%83%B3%E3%83%A2%E3%82%A2%E8%A8%AA%E5%95%8F%E7%9C%8B%E8%AD%B7%E3%83%AA%E3%83%8F%E3%83%93%E3%83%AA%E3%82%BB%E3%83%B3%E3%82%BF%E3%83%BC%E5%A4%A7%E6%B4%A5%E4%BA%8B%E6%A5%AD%E6%89%80%20%E5%A4%A7%E6%B4%A5%E5%B8%82
訪問看護ステーション円,訪問看護,滋賀県,大津市,"介護,訪問看護,医療",看護師などが自宅へ訪問し、健康状態の確認や医療的ケア、療養生活の支援を行います。,https://houkan-madoka.com/,滋賀県大津市富士見台15-36,077-572-6764,厚生労働省オープンデータ,https://www.mhlw.go.jp/content/12300000/jigyosho_130.csv,2025-12末,https://www.google.com/search?q=%E8%A8%AA%E5%95%8F%E7%9C%8B%E8%AD%B7%E3%82%B9%E3%83%86%E3%83%BC%E3%82%B7%E3%83%A7%E3%83%B3%E5%86%86%20%E5%A4%A7%E6%B4%A5%E5%B8%82
訪問看護ステーション　然,訪問看護,滋賀県,大津市,"介護,訪問看護,医療",看護師などが自宅へ訪問し、健康状態の確認や医療的ケア、療養生活の支援を行います。,https://www.google.com/search?q=%E8%A8%AA%E5%95%8F%E7%9C%8B%E8%AD%B7%E3%82%B9%E3%83%86%E3%83%BC%E3%82%B7%E3%83%A7%E3%83%B3%E3%80%80%E7%84%B6%20%E5%A4%A7%E6%B4%A5%E5%B8%82,滋賀県大津市柳が崎9-17ルジェンテ大津１０１号,077-507-9515,厚生労働省オープンデータ,https://www.mhlw.go.jp/content/12300000/jigyosho_130.csv,2025-12末,https://www.google.com/search?q=%E8%A8%AA%E5%95%8F%E7%9C%8B%E8%AD%B7%E3%82%B9%E3%83%86%E3%83%BC%E3%82%B7%E3%83%A7%E3%83%B3%E3%80%80%E7%84%B6%20%E5%A4%A7%E6%B4%A5%E5%B8%82
訪問看護ステーション　湖の癒,訪問看護,滋賀県,大津市,"介護,訪問看護,医療",看護師などが自宅へ訪問し、健康状態の確認や医療的ケア、療養生活の支援を行います。,https://www.google.com/search?q=%E8%A8%AA%E5%95%8F%E7%9C%8B%E8%AD%B7%E3%82%B9%E3%83%86%E3%83%BC%E3%82%B7%E3%83%A7%E3%83%B3%E3%80%80%E6%B9%96%E3%81%AE%E7%99%92%20%E5%A4%A7%E6%B4%A5%E5%B8%82,滋賀県大津市今堅田２丁目31番77号,077－574－7257,厚生労働省オープンデータ,https://www.mhlw.go.jp/content/12300000/jigyosho_130.csv,2025-12末,https://www.google.com/search?q=%E8%A8%AA%E5%95%8F%E7%9C%8B%E8%AD%B7%E3%82%B9%E3%83%86%E3%83%BC%E3%82%B7%E3%83%A7%E3%83%B3%E3%80%80%E6%B9%96%E3%81%AE%E7%99%92%20%E5%A4%A7%E6%B4%A5%E5%B8%82
ミライリハ訪問看護リハビリステーション比叡,訪問看護,滋賀県,大津市,"介護,訪問看護,医療",看護師などが自宅へ訪問し、健康状態の確認や医療的ケア、療養生活の支援を行います。,https://mirai-riha.com,滋賀県大津市下阪本6丁目39-23セジュール日吉1階,077-599-4946,厚生労働省オープンデータ,https://www.mhlw.go.jp/content/12300000/jigyosho_130.csv,2025-12末,https://www.google.com/search?q=%E3%83%9F%E3%83%A9%E3%82%A4%E3%83%AA%E3%83%8F%E8%A8%AA%E5%95%8F%E7%9C%8B%E8%AD%B7%E3%83%AA%E3%83%8F%E3%83%93%E3%83%AA%E3%82%B9%E3%83%86%E3%83%BC%E3%82%B7%E3%83%A7%E3%83%B3%E6%AF%94%E5%8F%A1%20%E5%A4%A7%E6%B4%A5%E5%B8%82
香をり　訪問看護ステーション,訪問看護,滋賀県,大津市,"介護,訪問看護,医療",看護師などが自宅へ訪問し、健康状態の確認や医療的ケア、療養生活の支援を行います。,https://www.google.com/search?q=%E9%A6%99%E3%82%92%E3%82%8A%E3%80%80%E8%A8%AA%E5%95%8F%E7%9C%8B%E8%AD%B7%E3%82%B9%E3%83%86%E3%83%BC%E3%82%B7%E3%83%A7%E3%83%B3%20%E5%A4%A7%E6%B4%A5%E5%B8%82,滋賀県大津市大江4丁目16-11,077-548-8232,厚生労働省オープンデータ,https://www.mhlw.go.jp/content/12300000/jigyosho_130.csv,2025-12末,https://www.google.com/search?q=%E9%A6%99%E3%82%92%E3%82%8A%E3%80%80%E8%A8%AA%E5%95%8F%E7%9C%8B%E8%AD%B7%E3%82%B9%E3%83%86%E3%83%BC%E3%82%B7%E3%83%A7%E3%83%B3%20%E5%A4%A7%E6%B4%A5%E5%B8%82
洛和会訪問看護ステーション大津,訪問看護,滋賀県,大津市,"介護,訪問看護,医療",看護師などが自宅へ訪問し、健康状態の確認や医療的ケア、療養生活の支援を行います。,https://www.google.com/search?q=%E6%B4%9B%E5%92%8C%E4%BC%9A%E8%A8%AA%E5%95%8F%E7%9C%8B%E8%AD%B7%E3%82%B9%E3%83%86%E3%83%BC%E3%82%B7%E3%83%A7%E3%83%B3%E5%A4%A7%E6%B4%A5%20%E5%A4%A7%E6%B4%A5%E5%B8%82,大津市大門通11-11,077-511-4105,厚生労働省オープンデータ,https://www.mhlw.go.jp/content/12300000/jigyosho_130.csv,2025-12末,https://www.google.com/search?q=%E6%B4%9B%E5%92%8C%E4%BC%9A%E8%A8%AA%E5%95%8F%E7%9C%8B%E8%AD%B7%E3%82%B9%E3%83%86%E3%83%BC%E3%82%B7%E3%83%A7%E3%83%B3%E5%A4%A7%E6%B4%A5%20%E5%A4%A7%E6%B4%A5%E5%B8%82
洛和会訪問看護ステーション坂本,訪問看護,滋賀県,大津市,"介護,訪問看護,医療",看護師などが自宅へ訪問し、健康状態の確認や医療的ケア、療養生活の支援を行います。,http://www.rakuwa.or.jp,大津市下阪本６丁目１3番１1号,077-577-1126,厚生労働省オープンデータ,https://www.mhlw.go.jp/content/12300000/jigyosho_130.csv,2025-12末,https://www.google.com/search?q=%E6%B4%9B%E5%92%8C%E4%BC%9A%E8%A8%AA%E5%95%8F%E7%9C%8B%E8%AD%B7%E3%82%B9%E3%83%86%E3%83%BC%E3%82%B7%E3%83%A7%E3%83%B3%E5%9D%82%E6%9C%AC%20%E5%A4%A7%E6%B4%A5%E5%B8%82
えがおの訪問看護ステーション勧学,訪問看護,滋賀県,大津市,"介護,訪問看護,医療",看護師などが自宅へ訪問し、健康状態の確認や医療的ケア、療養生活の支援を行います。,https://info563902.wixsite.com/egaohoukan,滋賀県大津市勧学１－１３－８スリーハイム２０２,077-511-9841,厚生労働省オープンデータ,https://www.mhlw.go.jp/content/12300000/jigyosho_130.csv,2025-12末,https://www.google.com/search?q=%E3%81%88%E3%81%8C%E3%81%8A%E3%81%AE%E8%A8%AA%E5%95%8F%E7%9C%8B%E8%AD%B7%E3%82%B9%E3%83%86%E3%83%BC%E3%82%B7%E3%83%A7%E3%83%B3%E5%8B%A7%E5%AD%A6%20%E5%A4%A7%E6%B4%A5%E5%B8%82
ミライリハ訪問看護リハビリステーション,訪問看護,滋賀県,大津市,"介護,訪問看護,医療",看護師などが自宅へ訪問し、健康状態の確認や医療的ケア、療養生活の支援を行います。,https://mirai-riha.com/,滋賀県大津市石山寺3丁目10-25,077‐574‐7617,厚生労働省オープンデータ,https://www.mhlw.go.jp/content/12300000/jigyosho_130.csv,2025-12末,https://www.google.com/search?q=%E3%83%9F%E3%83%A9%E3%82%A4%E3%83%AA%E3%83%8F%E8%A8%AA%E5%95%8F%E7%9C%8B%E8%AD%B7%E3%83%AA%E3%83%8F%E3%83%93%E3%83%AA%E3%82%B9%E3%83%86%E3%83%BC%E3%82%B7%E3%83%A7%E3%83%B3%20%E5%A4%A7%E6%B4%A5%E5%B8%82
医療法人良善会訪問看護ステーションヴィーナス24,訪問看護,滋賀県,大津市,"介護,訪問看護,医療",看護師などが自宅へ訪問し、健康状態の確認や医療的ケア、療養生活の支援を行います。,http://hikaribyouin.com/,大津市際川3丁目35-1,077-522-3811,厚生労働省オープンデータ,https://www.mhlw.go.jp/content/12300000/jigyosho_130.csv,2025-12末,https://www.google.com/search?q=%E5%8C%BB%E7%99%82%E6%B3%95%E4%BA%BA%E8%89%AF%E5%96%84%E4%BC%9A%E8%A8%AA%E5%95%8F%E7%9C%8B%E8%AD%B7%E3%82%B9%E3%83%86%E3%83%BC%E3%82%B7%E3%83%A7%E3%83%B3%E3%83%B4%E3%82%A3%E3%83%BC%E3%83%8A%E3%82%B924%20%E5%A4%A7%E6%B4%A5%E5%B8%82
ケアサポートリブ訪問看護,訪問看護,滋賀県,大津市,"介護,訪問看護,医療",看護師などが自宅へ訪問し、健康状態の確認や医療的ケア、療養生活の支援を行います。,http://carelive.jp,滋賀県大津市仰木の里東一丁目15-20,077-573-9508,厚生労働省オープンデータ,https://www.mhlw.go.jp/content/12300000/jigyosho_130.csv,2025-12末,https://www.google.com/search?q=%E3%82%B1%E3%82%A2%E3%82%B5%E3%83%9D%E3%83%BC%E3%83%88%E3%83%AA%E3%83%96%E8%A8%AA%E5%95%8F%E7%9C%8B%E8%AD%B7%20%E5%A4%A7%E6%B4%A5%E5%B8%82
あろは訪問看護ステーション,訪問看護,滋賀県,大津市,"介護,訪問看護,医療",看護師などが自宅へ訪問し、健康状態の確認や医療的ケア、療養生活の支援を行います。,https://www.google.com/search?q=%E3%81%82%E3%82%8D%E3%81%AF%E8%A8%AA%E5%95%8F%E7%9C%8B%E8%AD%B7%E3%82%B9%E3%83%86%E3%83%BC%E3%82%B7%E3%83%A7%E3%83%B3%20%E5%A4%A7%E6%B4%A5%E5%B8%82,滋賀県大津市月輪三丁目29番4号,077-575-3195,厚生労働省オープンデータ,https://www.mhlw.go.jp/content/12300000/jigyosho_130.csv,2025-12末,https://www.google.com/search?q=%E3%81%82%E3%82%8D%E3%81%AF%E8%A8%AA%E5%95%8F%E7%9C%8B%E8%AD%B7%E3%82%B9%E3%83%86%E3%83%BC%E3%82%B7%E3%83%A7%E3%83%B3%20%E5%A4%A7%E6%B4%A5%E5%B8%82
訪問看護リハビリステーションイーライフナーシング大津,訪問看護,滋賀県,大津市,"介護,訪問看護,医療",看護師などが自宅へ訪問し、健康状態の確認や医療的ケア、療養生活の支援を行います。,https://elife-nursing.com/consultation/,大津市西の庄9－17,077-526-6499,厚生労働省オープンデータ,https://www.mhlw.go.jp/content/12300000/jigyosho_130.csv,2025-12末,https://www.google.com/search?q=%E8%A8%AA%E5%95%8F%E7%9C%8B%E8%AD%B7%E3%83%AA%E3%83%8F%E3%83%93%E3%83%AA%E3%82%B9%E3%83%86%E3%83%BC%E3%82%B7%E3%83%A7%E3%83%B3%E3%82%A4%E3%83%BC%E3%83%A9%E3%82%A4%E3%83%95%E3%83%8A%E3%83%BC%E3%82%B7%E3%83%B3%E3%82%B0%E5%A4%A7%E6%B4%A5%20%E5%A4%A7%E6%B4%A5%E5%B8%82
ハレレア訪問看護ステーション,訪問看護,滋賀県,大津市,"介護,訪問看護,医療",看護師などが自宅へ訪問し、健康状態の確認や医療的ケア、療養生活の支援を行います。,https://www.halelea-care.com,滋賀県大津市今堅田２丁目２６番８号4A,077-526-7257,厚生労働省オープンデータ,https://www.mhlw.go.jp/content/12300000/jigyosho_130.csv,2025-12末,https://www.google.com/search?q=%E3%83%8F%E3%83%AC%E3%83%AC%E3%82%A2%E8%A8%AA%E5%95%8F%E7%9C%8B%E8%AD%B7%E3%82%B9%E3%83%86%E3%83%BC%E3%82%B7%E3%83%A7%E3%83%B3%20%E5%A4%A7%E6%B4%A5%E5%B8%82
Nアートおおつ訪問看護ステーション,訪問看護,滋賀県,大津市,"介護,訪問看護,医療",看護師などが自宅へ訪問し、健康状態の確認や医療的ケア、療養生活の支援を行います。,https://jpkango.co.jp/otsu,滋賀県大津市大江4丁目21－18,080‐7294‐6441,厚生労働省オープンデータ,https://www.mhlw.go.jp/content/12300000/jigyosho_130.csv,2025-12末,https://www.google.com/search?q=N%E3%82%A2%E3%83%BC%E3%83%88%E3%81%8A%E3%81%8A%E3%81%A4%E8%A8%AA%E5%95%8F%E7%9C%8B%E8%AD%B7%E3%82%B9%E3%83%86%E3%83%BC%E3%82%B7%E3%83%A7%E3%83%B3%20%E5%A4%A7%E6%B4%A5%E5%B8%82
医療法人社団　五心会　ひらたクリニック,訪問看護,滋賀県,彦根市,"介護,訪問看護,医療",看護師などが自宅へ訪問し、健康状態の確認や医療的ケア、療養生活の支援を行います。,https://www.google.com/search?q=%E5%8C%BB%E7%99%82%E6%B3%95%E4%BA%BA%E7%A4%BE%E5%9B%A3%E3%80%80%E4%BA%94%E5%BF%83%E4%BC%9A%E3%80%80%E3%81%B2%E3%82%89%E3%81%9F%E3%82%AF%E3%83%AA%E3%83%8B%E3%83%83%E3%82%AF%20%E5%BD%A6%E6%A0%B9%E5%B8%82,平田町448-1,0749-21-4611,厚生労働省オープンデータ,https://www.mhlw.go.jp/content/12300000/jigyosho_130.csv,2025-12末,https://www.google.com/search?q=%E5%8C%BB%E7%99%82%E6%B3%95%E4%BA%BA%E7%A4%BE%E5%9B%A3%E3%80%80%E4%BA%94%E5%BF%83%E4%BC%9A%E3%80%80%E3%81%B2%E3%82%89%E3%81%9F%E3%82%AF%E3%83%AA%E3%83%8B%E3%83%83%E3%82%AF%20%E5%BD%A6%E6%A0%B9%E5%B8%82
訪問看護じゅう楽,訪問看護,滋賀県,彦根市,"介護,訪問看護,医療",看護師などが自宅へ訪問し、健康状態の確認や医療的ケア、療養生活の支援を行います。,http://jyuraku-omi.localinfo.jp,滋賀県彦根市稲部町100-4-4,080-3109-6903,厚生労働省オープンデータ,https://www.mhlw.go.jp/content/12300000/jigyosho_130.csv,2025-12末,https://www.google.com/search?q=%E8%A8%AA%E5%95%8F%E7%9C%8B%E8%AD%B7%E3%81%98%E3%82%85%E3%81%86%E6%A5%BD%20%E5%BD%A6%E6%A0%B9%E5%B8%82
医療法人恭昭会彦根中央病院　訪問看護室,訪問看護,滋賀県,彦根市,"介護,訪問看護,医療",看護師などが自宅へ訪問し、健康状態の確認や医療的ケア、療養生活の支援を行います。,http://www.hikone.or.jp/,滋賀県彦根市西今町421番地,0749-27-6517,厚生労働省オープンデータ,https://www.mhlw.go.jp/content/12300000/jigyosho_130.csv,2025-12末,https://www.google.com/search?q=%E5%8C%BB%E7%99%82%E6%B3%95%E4%BA%BA%E6%81%AD%E6%98%AD%E4%BC%9A%E5%BD%A6%E6%A0%B9%E4%B8%AD%E5%A4%AE%E7%97%85%E9%99%A2%E3%80%80%E8%A8%AA%E5%95%8F%E7%9C%8B%E8%AD%B7%E5%AE%A4%20%E5%BD%A6%E6%A0%B9%E5%B8%82
訪問看護ステーションふれんず,訪問看護,滋賀県,彦根市,"介護,訪問看護,医療",看護師などが自宅へ訪問し、健康状態の確認や医療的ケア、療養生活の支援を行います。,作成中,滋賀県彦根市高宮町907-1,0749-49-2531,厚生労働省オープンデータ,https://www.mhlw.go.jp/content/12300000/jigyosho_130.csv,2025-12末,https://www.google.com/search?q=%E8%A8%AA%E5%95%8F%E7%9C%8B%E8%AD%B7%E3%82%B9%E3%83%86%E3%83%BC%E3%82%B7%E3%83%A7%E3%83%B3%E3%81%B5%E3%82%8C%E3%82%93%E3%81%9A%20%E5%BD%A6%E6%A0%B9%E5%B8%82
訪問看護ステーションさと　彦根,訪問看護,滋賀県,彦根市,"介護,訪問看護,医療",看護師などが自宅へ訪問し、健康状態の確認や医療的ケア、療養生活の支援を行います。,www.aoba-sato.com,中央町2番21号,0749-47-3212,厚生労働省オープンデータ,https://www.mhlw.go.jp/content/12300000/jigyosho_130.csv,2025-12末,https://www.google.com/search?q=%E8%A8%AA%E5%95%8F%E7%9C%8B%E8%AD%B7%E3%82%B9%E3%83%86%E3%83%BC%E3%82%B7%E3%83%A7%E3%83%B3%E3%81%95%E3%81%A8%E3%80%80%E5%BD%A6%E6%A0%B9%20%E5%BD%A6%E6%A0%B9%E5%B8%82
訪問看護ステーションココエル　滋賀,訪問看護,滋賀県,彦根市,"介護,訪問看護,医療",看護師などが自宅へ訪問し、健康状態の確認や医療的ケア、療養生活の支援を行います。,https://www.bihonest.com/,滋賀県彦根市小泉町333番地の1,0749-49-3846,厚生労働省オープンデータ,https://www.mhlw.go.jp/content/12300000/jigyosho_130.csv,2025-12末,https://www.google.com/search?q=%E8%A8%AA%E5%95%8F%E7%9C%8B%E8%AD%B7%E3%82%B9%E3%83%86%E3%83%BC%E3%82%B7%E3%83%A7%E3%83%B3%E3%82%B3%E3%82%B3%E3%82%A8%E3%83%AB%E3%80%80%E6%BB%8B%E8%B3%80%20%E5%BD%A6%E6%A0%B9%E5%B8%82
友仁訪問看護ステーションすずらん,訪問看護,滋賀県,彦根市,"介護,訪問看護,医療",看護師などが自宅へ訪問し、健康状態の確認や医療的ケア、療養生活の支援を行います。,https://yujin-kaigo.com/,滋賀県彦根市竹ヶ鼻町80番地,0749-21-3311,厚生労働省オープンデータ,https://www.mhlw.go.jp/content/12300000/jigyosho_130.csv,2025-12末,https://www.google.com/search?q=%E5%8F%8B%E4%BB%81%E8%A8%AA%E5%95%8F%E7%9C%8B%E8%AD%B7%E3%82%B9%E3%83%86%E3%83%BC%E3%82%B7%E3%83%A7%E3%83%B3%E3%81%99%E3%81%9A%E3%82%89%E3%82%93%20%E5%BD%A6%E6%A0%B9%E5%B8%82
アクア彦根訪問看護,訪問看護,滋賀県,彦根市,"介護,訪問看護,医療",看護師などが自宅へ訪問し、健康状態の確認や医療的ケア、療養生活の支援を行います。,https://www.google.com/search?q=%E3%82%A2%E3%82%AF%E3%82%A2%E5%BD%A6%E6%A0%B9%E8%A8%AA%E5%95%8F%E7%9C%8B%E8%AD%B7%20%E5%BD%A6%E6%A0%B9%E5%B8%82,滋賀県彦根市野田山町918-1,0749-30-9822,厚生労働省オープンデータ,https://www.mhlw.go.jp/content/12300000/jigyosho_130.csv,2025-12末,https://www.google.com/search?q=%E3%82%A2%E3%82%AF%E3%82%A2%E5%BD%A6%E6%A0%B9%E8%A8%AA%E5%95%8F%E7%9C%8B%E8%AD%B7%20%E5%BD%A6%E6%A0%B9%E5%B8%82
訪問看護ステーション　オレンジ,訪問看護,滋賀県,彦根市,"介護,訪問看護,医療",看護師などが自宅へ訪問し、健康状態の確認や医療的ケア、療養生活の支援を行います。,https://www.google.com/search?q=%E8%A8%AA%E5%95%8F%E7%9C%8B%E8%AD%B7%E3%82%B9%E3%83%86%E3%83%BC%E3%82%B7%E3%83%A7%E3%83%B3%E3%80%80%E3%82%AA%E3%83%AC%E3%83%B3%E3%82%B8%20%E5%BD%A6%E6%A0%B9%E5%B8%82,滋賀県彦根市長曽根南町４８５の３ステップアップ３０６号室,0749492326,厚生労働省オープンデータ,https://www.mhlw.go.jp/content/12300000/jigyosho_130.csv,2025-12末,https://www.google.com/search?q=%E8%A8%AA%E5%95%8F%E7%9C%8B%E8%AD%B7%E3%82%B9%E3%83%86%E3%83%BC%E3%82%B7%E3%83%A7%E3%83%B3%E3%80%80%E3%82%AA%E3%83%AC%E3%83%B3%E3%82%B8%20%E5%BD%A6%E6%A0%B9%E5%B8%82
友仁訪問看護ｽﾃｰｼｮﾝ河原町,訪問看護,滋賀県,彦根市,"介護,訪問看護,医療",看護師などが自宅へ訪問し、健康状態の確認や医療的ケア、療養生活の支援を行います。,https://www.yujin-yamazaki.co.jp,滋賀県彦根市河原2丁目3-2,0749-21-6335,厚生労働省オープンデータ,https://www.mhlw.go.jp/content/12300000/jigyosho_130.csv,2025-12末,https://www.google.com/search?q=%E5%8F%8B%E4%BB%81%E8%A8%AA%E5%95%8F%E7%9C%8B%E8%AD%B7%EF%BD%BD%EF%BE%83%EF%BD%B0%EF%BD%BC%EF%BD%AE%EF%BE%9D%E6%B2%B3%E5%8E%9F%E7%94%BA%20%E5%BD%A6%E6%A0%B9%E5%B8%82
ぴあ野訪問看護ステーション,訪問看護,滋賀県,彦根市,"介護,訪問看護,医療",看護師などが自宅へ訪問し、健康状態の確認や医療的ケア、療養生活の支援を行います。,https://www.google.com/search?q=%E3%81%B4%E3%81%82%E9%87%8E%E8%A8%AA%E5%95%8F%E7%9C%8B%E8%AD%B7%E3%82%B9%E3%83%86%E3%83%BC%E3%82%B7%E3%83%A7%E3%83%B3%20%E5%BD%A6%E6%A0%B9%E5%B8%82,南川瀬町1516番地,0749-30-9868,厚生労働省オープンデータ,https://www.mhlw.go.jp/content/12300000/jigyosho_130.csv,2025-12末,https://www.google.com/search?q=%E3%81%B4%E3%81%82%E9%87%8E%E8%A8%AA%E5%95%8F%E7%9C%8B%E8%AD%B7%E3%82%B9%E3%83%86%E3%83%BC%E3%82%B7%E3%83%A7%E3%83%B3%20%E5%BD%A6%E6%A0%B9%E5%B8%82
訪問看護ステーションあろえ,訪問看護,滋賀県,彦根市,"介護,訪問看護,医療",看護師などが自宅へ訪問し、健康状態の確認や医療的ケア、療養生活の支援を行います。,http://vns-aroe.com/,滋賀県彦根市野口町243,0749-28-0100,厚生労働省オープンデータ,https://www.mhlw.go.jp/content/12300000/jigyosho_130.csv,2025-12末,https://www.google.com/search?q=%E8%A8%AA%E5%95%8F%E7%9C%8B%E8%AD%B7%E3%82%B9%E3%83%86%E3%83%BC%E3%82%B7%E3%83%A7%E3%83%B3%E3%81%82%E3%82%8D%E3%81%88%20%E5%BD%A6%E6%A0%B9%E5%B8%82
訪問看護ステーションえん,訪問看護,滋賀県,彦根市,"介護,訪問看護,医療",看護師などが自宅へ訪問し、健康状態の確認や医療的ケア、療養生活の支援を行います。,https://www.houkan-en.info/,滋賀県彦根市野瀬町４７－１メゾンカルミア１０１,０７４９－３０－９１６３,厚生労働省オープンデータ,https://www.mhlw.go.jp/content/12300000/jigyosho_130.csv,2025-12末,https://www.google.com/search?q=%E8%A8%AA%E5%95%8F%E7%9C%8B%E8%AD%B7%E3%82%B9%E3%83%86%E3%83%BC%E3%82%B7%E3%83%A7%E3%83%B3%E3%81%88%E3%82%93%20%E5%BD%A6%E6%A0%B9%E5%B8%82
訪問看護ステーション　ハート,訪問看護,滋賀県,彦根市,"介護,訪問看護,医療",看護師などが自宅へ訪問し、健康状態の確認や医療的ケア、療養生活の支援を行います。,https://lieferoad66.com,滋賀県彦根市小泉町310-163階,0749-49-2103,厚生労働省オープンデータ,https://www.mhlw.go.jp/content/12300000/jigyosho_130.csv,2025-12末,https://www.google.com/search?q=%E8%A8%AA%E5%95%8F%E7%9C%8B%E8%AD%B7%E3%82%B9%E3%83%86%E3%83%BC%E3%82%B7%E3%83%A7%E3%83%B3%E3%80%80%E3%83%8F%E3%83%BC%E3%83%88%20%E5%BD%A6%E6%A0%B9%E5%B8%82
訪問看護ステーションまほろば,訪問看護,滋賀県,彦根市,"介護,訪問看護,医療",看護師などが自宅へ訪問し、健康状態の確認や医療的ケア、療養生活の支援を行います。,https://www.google.com/search?q=%E8%A8%AA%E5%95%8F%E7%9C%8B%E8%AD%B7%E3%82%B9%E3%83%86%E3%83%BC%E3%82%B7%E3%83%A7%E3%83%B3%E3%81%BE%E3%81%BB%E3%82%8D%E3%81%B0%20%E5%BD%A6%E6%A0%B9%E5%B8%82,滋賀県彦根市京町3丁目8-7,0749-27-1788,厚生労働省オープンデータ,https://www.mhlw.go.jp/content/12300000/jigyosho_130.csv,2025-12末,https://www.google.com/search?q=%E8%A8%AA%E5%95%8F%E7%9C%8B%E8%AD%B7%E3%82%B9%E3%83%86%E3%83%BC%E3%82%B7%E3%83%A7%E3%83%B3%E3%81%BE%E3%81%BB%E3%82%8D%E3%81%B0%20%E5%BD%A6%E6%A0%B9%E5%B8%82
訪問看護ステーションらく,訪問看護,滋賀県,彦根市,"介護,訪問看護,医療",看護師などが自宅へ訪問し、健康状態の確認や医療的ケア、療養生活の支援を行います。,https://youzankai-raku.net/,滋賀県彦根市西今町138番地南彦根クリニック内,0749-46-5515,厚生労働省オープンデータ,https://www.mhlw.go.jp/content/12300000/jigyosho_130.csv,2025-12末,https://www.google.com/search?q=%E8%A8%AA%E5%95%8F%E7%9C%8B%E8%AD%B7%E3%82%B9%E3%83%86%E3%83%BC%E3%82%B7%E3%83%A7%E3%83%B3%E3%82%89%E3%81%8F%20%E5%BD%A6%E6%A0%B9%E5%B8%82
訪問看護ステーションケイパハウス,訪問看護,滋賀県,彦根市,"介護,訪問看護,医療",看護師などが自宅へ訪問し、健康状態の確認や医療的ケア、療養生活の支援を行います。,http://www.kisoukai.com/,滋賀県彦根市極楽寺町596,0749-25-5355,厚生労働省オープンデータ,https://www.mhlw.go.jp/content/12300000/jigyosho_130.csv,2025-12末,https://www.google.com/search?q=%E8%A8%AA%E5%95%8F%E7%9C%8B%E8%AD%B7%E3%82%B9%E3%83%86%E3%83%BC%E3%82%B7%E3%83%A7%E3%83%B3%E3%82%B1%E3%82%A4%E3%83%91%E3%83%8F%E3%82%A6%E3%82%B9%20%E5%BD%A6%E6%A0%B9%E5%B8%82
訪問看護ステーションすずらん高宮,訪問看護,滋賀県,彦根市,"介護,訪問看護,医療",看護師などが自宅へ訪問し、健康状態の確認や医療的ケア、療養生活の支援を行います。,https://yujin-kaigo.com/,滋賀県彦根市高宮町1368-7,0749-26-0816,厚生労働省オープンデータ,https://www.mhlw.go.jp/content/12300000/jigyosho_130.csv,2025-12末,https://www.google.com/search?q=%E8%A8%AA%E5%95%8F%E7%9C%8B%E8%AD%B7%E3%82%B9%E3%83%86%E3%83%BC%E3%82%B7%E3%83%A7%E3%83%B3%E3%81%99%E3%81%9A%E3%82%89%E3%82%93%E9%AB%98%E5%AE%AE%20%E5%BD%A6%E6%A0%B9%E5%B8%82
訪問看護ステーション　ケアリー彦根宇尾,訪問看護,滋賀県,彦根市,"介護,訪問看護,医療",看護師などが自宅へ訪問し、健康状態の確認や医療的ケア、療養生活の支援を行います。,https://carely-recruit.com/hikoneuo/,滋賀県彦根市宇尾町３１２番地,0749-47-3210,厚生労働省オープンデータ,https://www.mhlw.go.jp/content/12300000/jigyosho_130.csv,2025-12末,https://www.google.com/search?q=%E8%A8%AA%E5%95%8F%E7%9C%8B%E8%AD%B7%E3%82%B9%E3%83%86%E3%83%BC%E3%82%B7%E3%83%A7%E3%83%B3%E3%80%80%E3%82%B1%E3%82%A2%E3%83%AA%E3%83%BC%E5%BD%A6%E6%A0%B9%E5%AE%87%E5%B0%BE%20%E5%BD%A6%E6%A0%B9%E5%B8%82
公益財団法人豊郷病院　訪問看護ステーションレインボウひこね,訪問看護,滋賀県,彦根市,"介護,訪問看護,医療",看護師などが自宅へ訪問し、健康状態の確認や医療的ケア、療養生活の支援を行います。,hikone.hns@vega.ocn.ne.jp,滋賀県彦根市後三条町520-1,0749-21-2855,厚生労働省オープンデータ,https://www.mhlw.go.jp/content/12300000/jigyosho_130.csv,2025-12末,https://www.google.com/search?q=%E5%85%AC%E7%9B%8A%E8%B2%A1%E5%9B%A3%E6%B3%95%E4%BA%BA%E8%B1%8A%E9%83%B7%E7%97%85%E9%99%A2%E3%80%80%E8%A8%AA%E5%95%8F%E7%9C%8B%E8%AD%B7%E3%82%B9%E3%83%86%E3%83%BC%E3%82%B7%E3%83%A7%E3%83%B3%E3%83%AC%E3%82%A4%E3%83%B3%E3%83%9C%E3%82%A6%E3%81%B2%E3%81%93%E3%81%AD%20%E5%BD%A6%E6%A0%B9%E5%B8%82
訪問看護ステーションかがやき彦根,訪問看護,滋賀県,彦根市,"介護,訪問看護,医療",看護師などが自宅へ訪問し、健康状態の確認や医療的ケア、療養生活の支援を行います。,https://www.google.com/search?q=%E8%A8%AA%E5%95%8F%E7%9C%8B%E8%AD%B7%E3%82%B9%E3%83%86%E3%83%BC%E3%82%B7%E3%83%A7%E3%83%B3%E3%81%8B%E3%81%8C%E3%82%84%E3%81%8D%E5%BD%A6%E6%A0%B9%20%E5%BD%A6%E6%A0%B9%E5%B8%82,滋賀県彦根市外町浄土129-2,0749-47-5381,厚生労働省オープンデータ,https://www.mhlw.go.jp/content/12300000/jigyosho_130.csv,2025-12末,https://www.google.com/search?q=%E8%A8%AA%E5%95%8F%E7%9C%8B%E8%AD%B7%E3%82%B9%E3%83%86%E3%83%BC%E3%82%B7%E3%83%A7%E3%83%B3%E3%81%8B%E3%81%8C%E3%82%84%E3%81%8D%E5%BD%A6%E6%A0%B9%20%E5%BD%A6%E6%A0%B9%E5%B8%82
中之郷診療所,訪問看護,滋賀県,長浜市,"介護,訪問看護,医療",看護師などが自宅へ訪問し、健康状態の確認や医療的ケア、療養生活の支援を行います。,https://www.google.com/search?q=%E4%B8%AD%E4%B9%8B%E9%83%B7%E8%A8%BA%E7%99%82%E6%89%80%20%E9%95%B7%E6%B5%9C%E5%B8%82,滋賀県長浜市余呉町中之郷2434,0749-86-8015,厚生労働省オープンデータ,https://www.mhlw.go.jp/content/12300000/jigyosho_130.csv,2025-12末,https://www.google.com/search?q=%E4%B8%AD%E4%B9%8B%E9%83%B7%E8%A8%BA%E7%99%82%E6%89%80%20%E9%95%B7%E6%B5%9C%E5%B8%82
おしたにクリニック,訪問看護,滋賀県,長浜市,"介護,訪問看護,医療",看護師などが自宅へ訪問し、健康状態の確認や医療的ケア、療養生活の支援を行います。,https://www.facebook.com/oshitaniclinic/,内保町１０３３,0749-74-2011,厚生労働省オープンデータ,https://www.mhlw.go.jp/content/12300000/jigyosho_130.csv,2025-12末,https://www.google.com/search?q=%E3%81%8A%E3%81%97%E3%81%9F%E3%81%AB%E3%82%AF%E3%83%AA%E3%83%8B%E3%83%83%E3%82%AF%20%E9%95%B7%E6%B5%9C%E5%B8%82
訪問看護ステーションぐりーぶ,訪問看護,滋賀県,長浜市,"介護,訪問看護,医療",看護師などが自宅へ訪問し、健康状態の確認や医療的ケア、療養生活の支援を行います。,https://www.google.com/search?q=%E8%A8%AA%E5%95%8F%E7%9C%8B%E8%AD%B7%E3%82%B9%E3%83%86%E3%83%BC%E3%82%B7%E3%83%A7%E3%83%B3%E3%81%90%E3%82%8A%E3%83%BC%E3%81%B6%20%E9%95%B7%E6%B5%9C%E5%B8%82,滋賀県長浜市月ヶ瀬町525番地湖北タウンホーム（内）,080－3396－9364,厚生労働省オープンデータ,https://www.mhlw.go.jp/content/12300000/jigyosho_130.csv,2025-12末,https://www.google.com/search?q=%E8%A8%AA%E5%95%8F%E7%9C%8B%E8%AD%B7%E3%82%B9%E3%83%86%E3%83%BC%E3%82%B7%E3%83%A7%E3%83%B3%E3%81%90%E3%82%8A%E3%83%BC%E3%81%B6%20%E9%95%B7%E6%B5%9C%E5%B8%82
こころ訪問看護ステーション,訪問看護,滋賀県,長浜市,"介護,訪問看護,医療",看護師などが自宅へ訪問し、健康状態の確認や医療的ケア、療養生活の支援を行います。,http://cocoro.o.oo7.jp,宮司町２７４番１,0749-63-7505,厚生労働省オープンデータ,https://www.mhlw.go.jp/content/12300000/jigyosho_130.csv,2025-12末,https://www.google.com/search?q=%E3%81%93%E3%81%93%E3%82%8D%E8%A8%AA%E5%95%8F%E7%9C%8B%E8%AD%B7%E3%82%B9%E3%83%86%E3%83%BC%E3%82%B7%E3%83%A7%E3%83%B3%20%E9%95%B7%E6%B5%9C%E5%B8%82
アネラ訪問看護ステーション,訪問看護,滋賀県,長浜市,"介護,訪問看護,医療",看護師などが自宅へ訪問し、健康状態の確認や医療的ケア、療養生活の支援を行います。,http://anela-cn.co.jp,滋賀県長浜市加納町４３０－１３,0749-53-4365,厚生労働省オープンデータ,https://www.mhlw.go.jp/content/12300000/jigyosho_130.csv,2025-12末,https://www.google.com/search?q=%E3%82%A2%E3%83%8D%E3%83%A9%E8%A8%AA%E5%95%8F%E7%9C%8B%E8%AD%B7%E3%82%B9%E3%83%86%E3%83%BC%E3%82%B7%E3%83%A7%E3%83%B3%20%E9%95%B7%E6%B5%9C%E5%B8%82
近江幸楽会　訪問看護ステーション　きよら,訪問看護,滋賀県,長浜市,"介護,訪問看護,医療",看護師などが自宅へ訪問し、健康状態の確認や医療的ケア、療養生活の支援を行います。,http://o-kourakukai.or.jp/,滋賀県長浜市下坂中町200番地1,0749-68-4026,厚生労働省オープンデータ,https://www.mhlw.go.jp/content/12300000/jigyosho_130.csv,2025-12末,https://www.google.com/search?q=%E8%BF%91%E6%B1%9F%E5%B9%B8%E6%A5%BD%E4%BC%9A%E3%80%80%E8%A8%AA%E5%95%8F%E7%9C%8B%E8%AD%B7%E3%82%B9%E3%83%86%E3%83%BC%E3%82%B7%E3%83%A7%E3%83%B3%E3%80%80%E3%81%8D%E3%82%88%E3%82%89%20%E9%95%B7%E6%B5%9C%E5%B8%82
医療法人　東川クリニック,訪問看護,滋賀県,長浜市,"介護,訪問看護,医療",看護師などが自宅へ訪問し、健康状態の確認や医療的ケア、療養生活の支援を行います。,https://www.google.com/search?q=%E5%8C%BB%E7%99%82%E6%B3%95%E4%BA%BA%E3%80%80%E6%9D%B1%E5%B7%9D%E3%82%AF%E3%83%AA%E3%83%8B%E3%83%83%E3%82%AF%20%E9%95%B7%E6%B5%9C%E5%B8%82,滋賀県長浜市弓削町342,0749-72-8633,厚生労働省オープンデータ,https://www.mhlw.go.jp/content/12300000/jigyosho_130.csv,2025-12末,https://www.google.com/search?q=%E5%8C%BB%E7%99%82%E6%B3%95%E4%BA%BA%E3%80%80%E6%9D%B1%E5%B7%9D%E3%82%AF%E3%83%AA%E3%83%8B%E3%83%83%E3%82%AF%20%E9%95%B7%E6%B5%9C%E5%B8%82
にしあざい診療所,訪問看護,滋賀県,長浜市,"介護,訪問看護,医療",看護師などが自宅へ訪問し、健康状態の確認や医療的ケア、療養生活の支援を行います。,https://nishiazai.jadecom.or.jp/,滋賀県長浜市西浅井町大浦2590,0749-89-0012,厚生労働省オープンデータ,https://www.mhlw.go.jp/content/12300000/jigyosho_130.csv,2025-12末,https://www.google.com/search?q=%E3%81%AB%E3%81%97%E3%81%82%E3%81%96%E3%81%84%E8%A8%BA%E7%99%82%E6%89%80%20%E9%95%B7%E6%B5%9C%E5%B8%82
訪問看護ステーションれもん,訪問看護,滋賀県,長浜市,"介護,訪問看護,医療",看護師などが自宅へ訪問し、健康状態の確認や医療的ケア、療養生活の支援を行います。,https://www.google.com/search?q=%E8%A8%AA%E5%95%8F%E7%9C%8B%E8%AD%B7%E3%82%B9%E3%83%86%E3%83%BC%E3%82%B7%E3%83%A7%E3%83%B3%E3%82%8C%E3%82%82%E3%82%93%20%E9%95%B7%E6%B5%9C%E5%B8%82,滋賀県長浜市湖北町山本2638-2,0749-79-1219,厚生労働省オープンデータ,https://www.mhlw.go.jp/content/12300000/jigyosho_130.csv,2025-12末,https://www.google.com/search?q=%E8%A8%AA%E5%95%8F%E7%9C%8B%E8%AD%B7%E3%82%B9%E3%83%86%E3%83%BC%E3%82%B7%E3%83%A7%E3%83%B3%E3%82%8C%E3%82%82%E3%82%93%20%E9%95%B7%E6%B5%9C%E5%B8%82
訪問看護ステーションつなぐ,訪問看護,滋賀県,長浜市,"介護,訪問看護,医療",看護師などが自宅へ訪問し、健康状態の確認や医療的ケア、療養生活の支援を行います。,medicalsupport-en.com,滋賀県長浜市湖北町速水251-6,0749576243,厚生労働省オープンデータ,https://www.mhlw.go.jp/content/12300000/jigyosho_130.csv,2025-12末,https://www.google.com/search?q=%E8%A8%AA%E5%95%8F%E7%9C%8B%E8%AD%B7%E3%82%B9%E3%83%86%E3%83%BC%E3%82%B7%E3%83%A7%E3%83%B3%E3%81%A4%E3%81%AA%E3%81%90%20%E9%95%B7%E6%B5%9C%E5%B8%82
長浜赤十字訪問看護ステーション,訪問看護,滋賀県,長浜市,"介護,訪問看護,医療",看護師などが自宅へ訪問し、健康状態の確認や医療的ケア、療養生活の支援を行います。,http://www.nagahama.jrc.or.jp/,滋賀県長浜市宮前町14番7号,0749-68-3313,厚生労働省オープンデータ,https://www.mhlw.go.jp/content/12300000/jigyosho_130.csv,2025-12末,https://www.google.com/search?q=%E9%95%B7%E6%B5%9C%E8%B5%A4%E5%8D%81%E5%AD%97%E8%A8%AA%E5%95%8F%E7%9C%8B%E8%AD%B7%E3%82%B9%E3%83%86%E3%83%BC%E3%82%B7%E3%83%A7%E3%83%B3%20%E9%95%B7%E6%B5%9C%E5%B8%82
訪問看護ステーション彩,訪問看護,滋賀県,長浜市,"介護,訪問看護,医療",看護師などが自宅へ訪問し、健康状態の確認や医療的ケア、療養生活の支援を行います。,https://www.google.com/search?q=%E8%A8%AA%E5%95%8F%E7%9C%8B%E8%AD%B7%E3%82%B9%E3%83%86%E3%83%BC%E3%82%B7%E3%83%A7%E3%83%B3%E5%BD%A9%20%E9%95%B7%E6%B5%9C%E5%B8%82,月ヶ瀬町423,0749-73-5511,厚生労働省オープンデータ,https://www.mhlw.go.jp/content/12300000/jigyosho_130.csv,2025-12末,https://www.google.com/search?q=%E8%A8%AA%E5%95%8F%E7%9C%8B%E8%AD%B7%E3%82%B9%E3%83%86%E3%83%BC%E3%82%B7%E3%83%A7%E3%83%B3%E5%BD%A9%20%E9%95%B7%E6%B5%9C%E5%B8%82
訪問看護ステーションりぷる,訪問看護,滋賀県,長浜市,"介護,訪問看護,医療",看護師などが自宅へ訪問し、健康状態の確認や医療的ケア、療養生活の支援を行います。,https://jpkango.co.jp/,滋賀県長浜市地福寺町8-32,0749-59-3222,厚生労働省オープンデータ,https://www.mhlw.go.jp/content/12300000/jigyosho_130.csv,2025-12末,https://www.google.com/search?q=%E8%A8%AA%E5%95%8F%E7%9C%8B%E8%AD%B7%E3%82%B9%E3%83%86%E3%83%BC%E3%82%B7%E3%83%A7%E3%83%B3%E3%82%8A%E3%81%B7%E3%82%8B%20%E9%95%B7%E6%B5%9C%E5%B8%82
訪問看護ステーションレスプリれもん,訪問看護,滋賀県,長浜市,"介護,訪問看護,医療",看護師などが自宅へ訪問し、健康状態の確認や医療的ケア、療養生活の支援を行います。,https://www.google.com/search?q=%E8%A8%AA%E5%95%8F%E7%9C%8B%E8%AD%B7%E3%82%B9%E3%83%86%E3%83%BC%E3%82%B7%E3%83%A7%E3%83%B3%E3%83%AC%E3%82%B9%E3%83%97%E3%83%AA%E3%82%8C%E3%82%82%E3%82%93%20%E9%95%B7%E6%B5%9C%E5%B8%82,滋賀県長浜市勝町137-12,0749-65-5601,厚生労働省オープンデータ,https://www.mhlw.go.jp/content/12300000/jigyosho_130.csv,2025-12末,https://www.google.com/search?q=%E8%A8%AA%E5%95%8F%E7%9C%8B%E8%AD%B7%E3%82%B9%E3%83%86%E3%83%BC%E3%82%B7%E3%83%A7%E3%83%B3%E3%83%AC%E3%82%B9%E3%83%97%E3%83%AA%E3%82%8C%E3%82%82%E3%82%93%20%E9%95%B7%E6%B5%9C%E5%B8%82
訪問看護ステーション　かがやき,訪問看護,滋賀県,長浜市,"介護,訪問看護,医療",看護師などが自宅へ訪問し、健康状態の確認や医療的ケア、療養生活の支援を行います。,http://www.tanakacare.co.jp/,滋賀県長浜市曽根町1248,0749-51-9099,厚生労働省オープンデータ,https://www.mhlw.go.jp/content/12300000/jigyosho_130.csv,2025-12末,https://www.google.com/search?q=%E8%A8%AA%E5%95%8F%E7%9C%8B%E8%AD%B7%E3%82%B9%E3%83%86%E3%83%BC%E3%82%B7%E3%83%A7%E3%83%B3%E3%80%80%E3%81%8B%E3%81%8C%E3%82%84%E3%81%8D%20%E9%95%B7%E6%B5%9C%E5%B8%82
訪問看護ステーションまんてん高月,訪問看護,滋賀県,長浜市,"介護,訪問看護,医療",看護師などが自宅へ訪問し、健康状態の確認や医療的ケア、療養生活の支援を行います。,https://www.google.com/search?q=%E8%A8%AA%E5%95%8F%E7%9C%8B%E8%AD%B7%E3%82%B9%E3%83%86%E3%83%BC%E3%82%B7%E3%83%A7%E3%83%B3%E3%81%BE%E3%82%93%E3%81%A6%E3%82%93%E9%AB%98%E6%9C%88%20%E9%95%B7%E6%B5%9C%E5%B8%82,滋賀県長浜市高月町高月641-2,0749-51-9077,厚生労働省オープンデータ,https://www.mhlw.go.jp/content/12300000/jigyosho_130.csv,2025-12末,https://www.google.com/search?q=%E8%A8%AA%E5%95%8F%E7%9C%8B%E8%AD%B7%E3%82%B9%E3%83%86%E3%83%BC%E3%82%B7%E3%83%A7%E3%83%B3%E3%81%BE%E3%82%93%E3%81%A6%E3%82%93%E9%AB%98%E6%9C%88%20%E9%95%B7%E6%B5%9C%E5%B8%82
長浜病院訪問看護ステーション,訪問看護,滋賀県,長浜市,"介護,訪問看護,医療",看護師などが自宅へ訪問し、健康状態の確認や医療的ケア、療養生活の支援を行います。,http://www.biwa.ne.jp/~nch/,長浜市大戌亥町３１３番地,0749-65-4751,厚生労働省オープンデータ,https://www.mhlw.go.jp/content/12300000/jigyosho_130.csv,2025-12末,https://www.google.com/search?q=%E9%95%B7%E6%B5%9C%E7%97%85%E9%99%A2%E8%A8%AA%E5%95%8F%E7%9C%8B%E8%AD%B7%E3%82%B9%E3%83%86%E3%83%BC%E3%82%B7%E3%83%A7%E3%83%B3%20%E9%95%B7%E6%B5%9C%E5%B8%82
アンタレス訪問看護ステーション,訪問看護,滋賀県,長浜市,"介護,訪問看護,医療",看護師などが自宅へ訪問し、健康状態の確認や医療的ケア、療養生活の支援を行います。,https://www.seishoukai.jp/antares,滋賀県長浜市加田町3360,0749-68-4117,厚生労働省オープンデータ,https://www.mhlw.go.jp/content/12300000/jigyosho_130.csv,2025-12末,https://www.google.com/search?q=%E3%82%A2%E3%83%B3%E3%82%BF%E3%83%AC%E3%82%B9%E8%A8%AA%E5%95%8F%E7%9C%8B%E8%AD%B7%E3%82%B9%E3%83%86%E3%83%BC%E3%82%B7%E3%83%A7%E3%83%B3%20%E9%95%B7%E6%B5%9C%E5%B8%82
湖北病院訪問看護ステーション,訪問看護,滋賀県,長浜市,"介護,訪問看護,医療",看護師などが自宅へ訪問し、健康状態の確認や医療的ケア、療養生活の支援を行います。,http://www.ikbk.jp/,滋賀県長浜市木之本町黒田１２２１番地長浜市立湖北病院内,0749-82-3300,厚生労働省オープンデータ,https://www.mhlw.go.jp/content/12300000/jigyosho_130.csv,2025-12末,https://www.google.com/search?q=%E6%B9%96%E5%8C%97%E7%97%85%E9%99%A2%E8%A8%AA%E5%95%8F%E7%9C%8B%E8%AD%B7%E3%82%B9%E3%83%86%E3%83%BC%E3%82%B7%E3%83%A7%E3%83%B3%20%E9%95%B7%E6%B5%9C%E5%B8%82
地域看護ステーション　ブルーバード　長浜事業所,訪問看護,滋賀県,長浜市,"介護,訪問看護,医療",看護師などが自宅へ訪問し、健康状態の確認や医療的ケア、療養生活の支援を行います。,www.rehaplus.co.jp,高月町東物部37-1,0749-85-2822,厚生労働省オープンデータ,https://www.mhlw.go.jp/content/12300000/jigyosho_130.csv,2025-12末,https://www.google.com/search?q=%E5%9C%B0%E5%9F%9F%E7%9C%8B%E8%AD%B7%E3%82%B9%E3%83%86%E3%83%BC%E3%82%B7%E3%83%A7%E3%83%B3%E3%80%80%E3%83%96%E3%83%AB%E3%83%BC%E3%83%90%E3%83%BC%E3%83%89%E3%80%80%E9%95%B7%E6%B5%9C%E4%BA%8B%E6%A5%AD%E6%89%80%20%E9%95%B7%E6%B5%9C%E5%B8%82
訪問看護ステーションReafながはま,訪問看護,滋賀県,長浜市,"介護,訪問看護,医療",看護師などが自宅へ訪問し、健康状態の確認や医療的ケア、療養生活の支援を行います。,https://www.google.com/search?q=%E8%A8%AA%E5%95%8F%E7%9C%8B%E8%AD%B7%E3%82%B9%E3%83%86%E3%83%BC%E3%82%B7%E3%83%A7%E3%83%B3Reaf%E3%81%AA%E3%81%8C%E3%81%AF%E3%81%BE%20%E9%95%B7%E6%B5%9C%E5%B8%82,滋賀県長浜市末広町240-17ワイエフビル20　２階西号室,0749-62-5757,厚生労働省オープンデータ,https://www.mhlw.go.jp/content/12300000/jigyosho_130.csv,2025-12末,https://www.google.com/search?q=%E8%A8%AA%E5%95%8F%E7%9C%8B%E8%AD%B7%E3%82%B9%E3%83%86%E3%83%BC%E3%82%B7%E3%83%A7%E3%83%B3Reaf%E3%81%AA%E3%81%8C%E3%81%AF%E3%81%BE%20%E9%95%B7%E6%B5%9C%E5%B8%82
ケアコネクション訪問看護事業所,訪問看護,滋賀県,近江八幡市,"介護,訪問看護,医療",看護師などが自宅へ訪問し、健康状態の確認や医療的ケア、療養生活の支援を行います。,https://www.google.com/search?q=%E3%82%B1%E3%82%A2%E3%82%B3%E3%83%8D%E3%82%AF%E3%82%B7%E3%83%A7%E3%83%B3%E8%A8%AA%E5%95%8F%E7%9C%8B%E8%AD%B7%E4%BA%8B%E6%A5%AD%E6%89%80%20%E8%BF%91%E6%B1%9F%E5%85%AB%E5%B9%A1%E5%B8%82,滋賀県近江八幡市鷹飼町457-23-201,0748-29-3650,厚生労働省オープンデータ,https://www.mhlw.go.jp/content/12300000/jigyosho_130.csv,2025-12末,https://www.google.com/search?q=%E3%82%B1%E3%82%A2%E3%82%B3%E3%83%8D%E3%82%AF%E3%82%B7%E3%83%A7%E3%83%B3%E8%A8%AA%E5%95%8F%E7%9C%8B%E8%AD%B7%E4%BA%8B%E6%A5%AD%E6%89%80%20%E8%BF%91%E6%B1%9F%E5%85%AB%E5%B9%A1%E5%B8%82
まつおファミリークリニック訪問看護,訪問看護,滋賀県,近江八幡市,"介護,訪問看護,医療",看護師などが自宅へ訪問し、健康状態の確認や医療的ケア、療養生活の支援を行います。,https://www.google.com/search?q=%E3%81%BE%E3%81%A4%E3%81%8A%E3%83%95%E3%82%A1%E3%83%9F%E3%83%AA%E3%83%BC%E3%82%AF%E3%83%AA%E3%83%8B%E3%83%83%E3%82%AF%E8%A8%AA%E5%95%8F%E7%9C%8B%E8%AD%B7%20%E8%BF%91%E6%B1%9F%E5%85%AB%E5%B9%A1%E5%B8%82,滋賀県近江八幡市鷹飼町1485-6,0748-32-3255,厚生労働省オープンデータ,https://www.mhlw.go.jp/content/12300000/jigyosho_130.csv,2025-12末,https://www.google.com/search?q=%E3%81%BE%E3%81%A4%E3%81%8A%E3%83%95%E3%82%A1%E3%83%9F%E3%83%AA%E3%83%BC%E3%82%AF%E3%83%AA%E3%83%8B%E3%83%83%E3%82%AF%E8%A8%AA%E5%95%8F%E7%9C%8B%E8%AD%B7%20%E8%BF%91%E6%B1%9F%E5%85%AB%E5%B9%A1%E5%B8%82
訪問看護ステーション　オリーブ,訪問看護,滋賀県,近江八幡市,"介護,訪問看護,医療",看護師などが自宅へ訪問し、健康状態の確認や医療的ケア、療養生活の支援を行います。,http://houkan-olive.shiga.jp,滋賀県近江八幡市長田町1268-1,0748-43-0020,厚生労働省オープンデータ,https://www.mhlw.go.jp/content/12300000/jigyosho_130.csv,2025-12末,https://www.google.com/search?q=%E8%A8%AA%E5%95%8F%E7%9C%8B%E8%AD%B7%E3%82%B9%E3%83%86%E3%83%BC%E3%82%B7%E3%83%A7%E3%83%B3%E3%80%80%E3%82%AA%E3%83%AA%E3%83%BC%E3%83%96%20%E8%BF%91%E6%B1%9F%E5%85%AB%E5%B9%A1%E5%B8%82
訪問看護ステーションとくさん,訪問看護,滋賀県,近江八幡市,"介護,訪問看護,医療",看護師などが自宅へ訪問し、健康状態の確認や医療的ケア、療養生活の支援を行います。,https://www.google.com/search?q=%E8%A8%AA%E5%95%8F%E7%9C%8B%E8%AD%B7%E3%82%B9%E3%83%86%E3%83%BC%E3%82%B7%E3%83%A7%E3%83%B3%E3%81%A8%E3%81%8F%E3%81%95%E3%82%93%20%E8%BF%91%E6%B1%9F%E5%85%AB%E5%B9%A1%E5%B8%82,滋賀県近江八幡市安土町小中２０９－１シャトーサンク１１０号室,070-1508-9991,厚生労働省オープンデータ,https://www.mhlw.go.jp/content/12300000/jigyosho_130.csv,2025-12末,https://www.google.com/search?q=%E8%A8%AA%E5%95%8F%E7%9C%8B%E8%AD%B7%E3%82%B9%E3%83%86%E3%83%BC%E3%82%B7%E3%83%A7%E3%83%B3%E3%81%A8%E3%81%8F%E3%81%95%E3%82%93%20%E8%BF%91%E6%B1%9F%E5%85%AB%E5%B9%A1%E5%B8%82
COCOKARACARE訪問看護リハビリステーション,訪問看護,滋賀県,近江八幡市,"介護,訪問看護,医療",看護師などが自宅へ訪問し、健康状態の確認や医療的ケア、療養生活の支援を行います。,https://www.cocokaracare-houkan.com,滋賀県近江八幡市鷹飼町５６４ー１０９,0748-43-0361,厚生労働省オープンデータ,https://www.mhlw.go.jp/content/12300000/jigyosho_130.csv,2025-12末,https://www.google.com/search?q=COCOKARACARE%E8%A8%AA%E5%95%8F%E7%9C%8B%E8%AD%B7%E3%83%AA%E3%83%8F%E3%83%93%E3%83%AA%E3%82%B9%E3%83%86%E3%83%BC%E3%82%B7%E3%83%A7%E3%83%B3%20%E8%BF%91%E6%B1%9F%E5%85%AB%E5%B9%A1%E5%B8%82
訪問看護ステーション　おうみ,訪問看護,滋賀県,近江八幡市,"介護,訪問看護,医療",看護師などが自宅へ訪問し、健康状態の確認や医療的ケア、療養生活の支援を行います。,http//www.seijyukai.jp,滋賀県近江八幡市鷹飼町７４４番地,0748-33-9165,厚生労働省オープンデータ,https://www.mhlw.go.jp/content/12300000/jigyosho_130.csv,2025-12末,https://www.google.com/search?q=%E8%A8%AA%E5%95%8F%E7%9C%8B%E8%AD%B7%E3%82%B9%E3%83%86%E3%83%BC%E3%82%B7%E3%83%A7%E3%83%B3%E3%80%80%E3%81%8A%E3%81%86%E3%81%BF%20%E8%BF%91%E6%B1%9F%E5%85%AB%E5%B9%A1%E5%B8%82
訪問看護ステーション　ハピネス,訪問看護,滋賀県,近江八幡市,"介護,訪問看護,医療",看護師などが自宅へ訪問し、健康状態の確認や医療的ケア、療養生活の支援を行います。,happiness1616.wepage.com,滋賀県近江八幡市安土町下豊浦2836-1ヌーベルパーク城南210,0748-34-1616,厚生労働省オープンデータ,https://www.mhlw.go.jp/content/12300000/jigyosho_130.csv,2025-12末,https://www.google.com/search?q=%E8%A8%AA%E5%95%8F%E7%9C%8B%E8%AD%B7%E3%82%B9%E3%83%86%E3%83%BC%E3%82%B7%E3%83%A7%E3%83%B3%E3%80%80%E3%83%8F%E3%83%94%E3%83%8D%E3%82%B9%20%E8%BF%91%E6%B1%9F%E5%85%AB%E5%B9%A1%E5%B8%82
訪問看護ステーション　ヴォーリズ,訪問看護,滋賀県,近江八幡市,"介護,訪問看護,医療",看護師などが自宅へ訪問し、健康状態の確認や医療的ケア、療養生活の支援を行います。,http//www.vories.or.jp/,近江八幡市北之庄町４９２,0748-32-1199,厚生労働省オープンデータ,https://www.mhlw.go.jp/content/12300000/jigyosho_130.csv,2025-12末,https://www.google.com/search?q=%E8%A8%AA%E5%95%8F%E7%9C%8B%E8%AD%B7%E3%82%B9%E3%83%86%E3%83%BC%E3%82%B7%E3%83%A7%E3%83%B3%E3%80%80%E3%83%B4%E3%82%A9%E3%83%BC%E3%83%AA%E3%82%BA%20%E8%BF%91%E6%B1%9F%E5%85%AB%E5%B9%A1%E5%B8%82
看護小規模多機能型居宅介護　友愛の家ヴォーリズ,訪問看護,滋賀県,近江八幡市,"介護,訪問看護,医療",看護師などが自宅へ訪問し、健康状態の確認や医療的ケア、療養生活の支援を行います。,http://www.vories.or.jp,滋賀県近江八幡市北之庄町492番地,0748-36-5474,厚生労働省オープンデータ,https://www.mhlw.go.jp/content/12300000/jigyosho_130.csv,2025-12末,https://www.google.com/search?q=%E7%9C%8B%E8%AD%B7%E5%B0%8F%E8%A6%8F%E6%A8%A1%E5%A4%9A%E6%A9%9F%E8%83%BD%E5%9E%8B%E5%B1%85%E5%AE%85%E4%BB%8B%E8%AD%B7%E3%80%80%E5%8F%8B%E6%84%9B%E3%81%AE%E5%AE%B6%E3%83%B4%E3%82%A9%E3%83%BC%E3%83%AA%E3%82%BA%20%E8%BF%91%E6%B1%9F%E5%85%AB%E5%B9%A1%E5%B8%82
訪問看護ステーション　デューン草津,訪問看護,滋賀県,草津市,"介護,訪問看護,医療",看護師などが自宅へ訪問し、健康状態の確認や医療的ケア、療養生活の支援を行います。,http://www.nfield.co.jp,滋賀県草津市若竹町10番41号丸十ビル1階,077-585-9020,厚生労働省オープンデータ,https://www.mhlw.go.jp/content/12300000/jigyosho_130.csv,2025-12末,https://www.google.com/search?q=%E8%A8%AA%E5%95%8F%E7%9C%8B%E8%AD%B7%E3%82%B9%E3%83%86%E3%83%BC%E3%82%B7%E3%83%A7%E3%83%B3%E3%80%80%E3%83%87%E3%83%A5%E3%83%BC%E3%83%B3%E8%8D%89%E6%B4%A5%20%E8%8D%89%E6%B4%A5%E5%B8%82
訪問看護ステーションまむは～と,訪問看護,滋賀県,草津市,"介護,訪問看護,医療",看護師などが自宅へ訪問し、健康状態の確認や医療的ケア、療養生活の支援を行います。,http://hp.kaipoke.biz/2xk/,滋賀県草津市東矢倉２丁目１３－１,077-561-6600,厚生労働省オープンデータ,https://www.mhlw.go.jp/content/12300000/jigyosho_130.csv,2025-12末,https://www.google.com/search?q=%E8%A8%AA%E5%95%8F%E7%9C%8B%E8%AD%B7%E3%82%B9%E3%83%86%E3%83%BC%E3%82%B7%E3%83%A7%E3%83%B3%E3%81%BE%E3%82%80%E3%81%AF%EF%BD%9E%E3%81%A8%20%E8%8D%89%E6%B4%A5%E5%B8%82
まごころ訪問看護ステーション,訪問看護,滋賀県,草津市,"介護,訪問看護,医療",看護師などが自宅へ訪問し、健康状態の確認や医療的ケア、療養生活の支援を行います。,https://www.google.com/search?q=%E3%81%BE%E3%81%94%E3%81%93%E3%82%8D%E8%A8%AA%E5%95%8F%E7%9C%8B%E8%AD%B7%E3%82%B9%E3%83%86%E3%83%BC%E3%82%B7%E3%83%A7%E3%83%B3%20%E8%8D%89%E6%B4%A5%E5%B8%82,西渋川1丁目21‐14,077‐596-5309,厚生労働省オープンデータ,https://www.mhlw.go.jp/content/12300000/jigyosho_130.csv,2025-12末,https://www.google.com/search?q=%E3%81%BE%E3%81%94%E3%81%93%E3%82%8D%E8%A8%AA%E5%95%8F%E7%9C%8B%E8%AD%B7%E3%82%B9%E3%83%86%E3%83%BC%E3%82%B7%E3%83%A7%E3%83%B3%20%E8%8D%89%E6%B4%A5%E5%B8%82
医心館訪問看護ステーション南草津,訪問看護,滋賀県,草津市,"介護,訪問看護,医療",看護師などが自宅へ訪問し、健康状態の確認や医療的ケア、療養生活の支援を行います。,https://www.google.com/search?q=%E5%8C%BB%E5%BF%83%E9%A4%A8%E8%A8%AA%E5%95%8F%E7%9C%8B%E8%AD%B7%E3%82%B9%E3%83%86%E3%83%BC%E3%82%B7%E3%83%A7%E3%83%B3%E5%8D%97%E8%8D%89%E6%B4%A5%20%E8%8D%89%E6%B4%A5%E5%B8%82,滋賀県草津市追分南二丁目3番17号,077-516-6120,厚生労働省オープンデータ,https://www.mhlw.go.jp/content/12300000/jigyosho_130.csv,2025-12末,https://www.google.com/search?q=%E5%8C%BB%E5%BF%83%E9%A4%A8%E8%A8%AA%E5%95%8F%E7%9C%8B%E8%AD%B7%E3%82%B9%E3%83%86%E3%83%BC%E3%82%B7%E3%83%A7%E3%83%B3%E5%8D%97%E8%8D%89%E6%B4%A5%20%E8%8D%89%E6%B4%A5%E5%B8%82
スフィーダ訪問看護ステーション,訪問看護,滋賀県,草津市,"介護,訪問看護,医療",看護師などが自宅へ訪問し、健康状態の確認や医療的ケア、療養生活の支援を行います。,https://www.google.com/search?q=%E3%82%B9%E3%83%95%E3%82%A3%E3%83%BC%E3%83%80%E8%A8%AA%E5%95%8F%E7%9C%8B%E8%AD%B7%E3%82%B9%E3%83%86%E3%83%BC%E3%82%B7%E3%83%A7%E3%83%B3%20%E8%8D%89%E6%B4%A5%E5%B8%82,滋賀県草津市上笠3丁目25-31ハイツヒロノ2号　102号,077-518-8775,厚生労働省オープンデータ,https://www.mhlw.go.jp/content/12300000/jigyosho_130.csv,2025-12末,https://www.google.com/search?q=%E3%82%B9%E3%83%95%E3%82%A3%E3%83%BC%E3%83%80%E8%A8%AA%E5%95%8F%E7%9C%8B%E8%AD%B7%E3%82%B9%E3%83%86%E3%83%BC%E3%82%B7%E3%83%A7%E3%83%B3%20%E8%8D%89%E6%B4%A5%E5%B8%82
あっとほーむリハビリ訪問看護ステーション,訪問看護,滋賀県,草津市,"介護,訪問看護,医療",看護師などが自宅へ訪問し、健康状態の確認や医療的ケア、療養生活の支援を行います。,info@reha-at-home.com,滋賀県草津市矢橋町7-8,077-575-5730,厚生労働省オープンデータ,https://www.mhlw.go.jp/content/12300000/jigyosho_130.csv,2025-12末,https://www.google.com/search?q=%E3%81%82%E3%81%A3%E3%81%A8%E3%81%BB%E3%83%BC%E3%82%80%E3%83%AA%E3%83%8F%E3%83%93%E3%83%AA%E8%A8%AA%E5%95%8F%E7%9C%8B%E8%AD%B7%E3%82%B9%E3%83%86%E3%83%BC%E3%82%B7%E3%83%A7%E3%83%B3%20%E8%8D%89%E6%B4%A5%E5%B8%82
いろは訪問ナースステーション,訪問看護,滋賀県,草津市,"介護,訪問看護,医療",看護師などが自宅へ訪問し、健康状態の確認や医療的ケア、療養生活の支援を行います。,https://citrus-shiga.com/,滋賀県草津市草津四丁目８番１３号,077-532-8584,厚生労働省オープンデータ,https://www.mhlw.go.jp/content/12300000/jigyosho_130.csv,2025-12末,https://www.google.com/search?q=%E3%81%84%E3%82%8D%E3%81%AF%E8%A8%AA%E5%95%8F%E3%83%8A%E3%83%BC%E3%82%B9%E3%82%B9%E3%83%86%E3%83%BC%E3%82%B7%E3%83%A7%E3%83%B3%20%E8%8D%89%E6%B4%A5%E5%B8%82
滋賀県済生会訪問看護ステーション草津,訪問看護,滋賀県,草津市,"介護,訪問看護,医療",看護師などが自宅へ訪問し、健康状態の確認や医療的ケア、療養生活の支援を行います。,http://www.saiseikai-shiga.jp/hokan/,滋賀県草津市西渋川二丁目9番48-11号,077-516-0385,厚生労働省オープンデータ,https://www.mhlw.go.jp/content/12300000/jigyosho_130.csv,2025-12末,https://www.google.com/search?q=%E6%BB%8B%E8%B3%80%E7%9C%8C%E6%B8%88%E7%94%9F%E4%BC%9A%E8%A8%AA%E5%95%8F%E7%9C%8B%E8%AD%B7%E3%82%B9%E3%83%86%E3%83%BC%E3%82%B7%E3%83%A7%E3%83%B3%E8%8D%89%E6%B4%A5%20%E8%8D%89%E6%B4%A5%E5%B8%82
訪問看護　かえで,訪問看護,滋賀県,草津市,"介護,訪問看護,医療",看護師などが自宅へ訪問し、健康状態の確認や医療的ケア、療養生活の支援を行います。,http://maple-kofu.com,滋賀県草津市追分南1-8-34,077-566-7532,厚生労働省オープンデータ,https://www.mhlw.go.jp/content/12300000/jigyosho_130.csv,2025-12末,https://www.google.com/search?q=%E8%A8%AA%E5%95%8F%E7%9C%8B%E8%AD%B7%E3%80%80%E3%81%8B%E3%81%88%E3%81%A7%20%E8%8D%89%E6%B4%A5%E5%B8%82
近江草津徳洲会訪問看護ステーション,訪問看護,滋賀県,草津市,"介護,訪問看護,医療",看護師などが自宅へ訪問し、健康状態の確認や医療的ケア、療養生活の支援を行います。,http://www.oimi.kusatsu.-hp.jp,草津市東矢倉3丁目34番52号,077-516-2763,厚生労働省オープンデータ,https://www.mhlw.go.jp/content/12300000/jigyosho_130.csv,2025-12末,https://www.google.com/search?q=%E8%BF%91%E6%B1%9F%E8%8D%89%E6%B4%A5%E5%BE%B3%E6%B4%B2%E4%BC%9A%E8%A8%AA%E5%95%8F%E7%9C%8B%E8%AD%B7%E3%82%B9%E3%83%86%E3%83%BC%E3%82%B7%E3%83%A7%E3%83%B3%20%E8%8D%89%E6%B4%A5%E5%B8%82
ﾗｲﾌﾊﾟｰﾄﾅｰ訪問看護ｽﾃｰｼｮﾝ,訪問看護,滋賀県,草津市,"介護,訪問看護,医療",看護師などが自宅へ訪問し、健康状態の確認や医療的ケア、療養生活の支援を行います。,http://nextlife-care.com/,滋賀県草津市若竹町7-10　Act21　3FHONDAﾋﾞﾙ1F,0775612227,厚生労働省オープンデータ,https://www.mhlw.go.jp/content/12300000/jigyosho_130.csv,2025-12末,https://www.google.com/search?q=%EF%BE%97%EF%BD%B2%EF%BE%8C%EF%BE%8A%EF%BE%9F%EF%BD%B0%EF%BE%84%EF%BE%85%EF%BD%B0%E8%A8%AA%E5%95%8F%E7%9C%8B%E8%AD%B7%EF%BD%BD%EF%BE%83%EF%BD%B0%EF%BD%BC%EF%BD%AE%EF%BE%9D%20%E8%8D%89%E6%B4%A5%E5%B8%82
訪問看護ハートケアしが,訪問看護,滋賀県,草津市,"介護,訪問看護,医療",看護師などが自宅へ訪問し、健康状態の確認や医療的ケア、療養生活の支援を行います。,https://heart-care-shiga.jimdofree.com/,滋賀県草津市平井4丁目5－25,077－584－4543,厚生労働省オープンデータ,https://www.mhlw.go.jp/content/12300000/jigyosho_130.csv,2025-12末,https://www.google.com/search?q=%E8%A8%AA%E5%95%8F%E7%9C%8B%E8%AD%B7%E3%83%8F%E3%83%BC%E3%83%88%E3%82%B1%E3%82%A2%E3%81%97%E3%81%8C%20%E8%8D%89%E6%B4%A5%E5%B8%82
うさぎナースケア南草津,訪問看護,滋賀県,草津市,"介護,訪問看護,医療",看護師などが自宅へ訪問し、健康状態の確認や医療的ケア、療養生活の支援を行います。,https://www.big-advance.site/c/161/2700,南笠東4-8-68　CASA岡田203号室CASA岡田203号室,077-584-5715,厚生労働省オープンデータ,https://www.mhlw.go.jp/content/12300000/jigyosho_130.csv,2025-12末,https://www.google.com/search?q=%E3%81%86%E3%81%95%E3%81%8E%E3%83%8A%E3%83%BC%E3%82%B9%E3%82%B1%E3%82%A2%E5%8D%97%E8%8D%89%E6%B4%A5%20%E8%8D%89%E6%B4%A5%E5%B8%82
訪問看護ステーション　アイリハ,訪問看護,滋賀県,草津市,"介護,訪問看護,医療",看護師などが自宅へ訪問し、健康状態の確認や医療的ケア、療養生活の支援を行います。,ireha.jp,草津3丁目13-13山田ビル301,0775147733,厚生労働省オープンデータ,https://www.mhlw.go.jp/content/12300000/jigyosho_130.csv,2025-12末,https://www.google.com/search?q=%E8%A8%AA%E5%95%8F%E7%9C%8B%E8%AD%B7%E3%82%B9%E3%83%86%E3%83%BC%E3%82%B7%E3%83%A7%E3%83%B3%E3%80%80%E3%82%A2%E3%82%A4%E3%83%AA%E3%83%8F%20%E8%8D%89%E6%B4%A5%E5%B8%82
洛和会訪問看護ステーション南草津,訪問看護,滋賀県,草津市,"介護,訪問看護,医療",看護師などが自宅へ訪問し、健康状態の確認や医療的ケア、療養生活の支援を行います。,https://www.google.com/search?q=%E6%B4%9B%E5%92%8C%E4%BC%9A%E8%A8%AA%E5%95%8F%E7%9C%8B%E8%AD%B7%E3%82%B9%E3%83%86%E3%83%BC%E3%82%B7%E3%83%A7%E3%83%B3%E5%8D%97%E8%8D%89%E6%B4%A5%20%E8%8D%89%E6%B4%A5%E5%B8%82,滋賀県草津市野路1丁目8番地22号,077-514-8180,厚生労働省オープンデータ,https://www.mhlw.go.jp/content/12300000/jigyosho_130.csv,2025-12末,https://www.google.com/search?q=%E6%B4%9B%E5%92%8C%E4%BC%9A%E8%A8%AA%E5%95%8F%E7%9C%8B%E8%AD%B7%E3%82%B9%E3%83%86%E3%83%BC%E3%82%B7%E3%83%A7%E3%83%B3%E5%8D%97%E8%8D%89%E6%B4%A5%20%E8%8D%89%E6%B4%A5%E5%B8%82
社会医療法人誠光会草津市訪問看護ステーション,訪問看護,滋賀県,草津市,"介護,訪問看護,医療",看護師などが自宅へ訪問し、健康状態の確認や医療的ケア、療養生活の支援を行います。,https://www.seikoukai-sc.or.jp/care_center/facility/nurses-station,滋賀県草津市野村２丁目13－13,077-564-2228,厚生労働省オープンデータ,https://www.mhlw.go.jp/content/12300000/jigyosho_130.csv,2025-12末,https://www.google.com/search?q=%E7%A4%BE%E4%BC%9A%E5%8C%BB%E7%99%82%E6%B3%95%E4%BA%BA%E8%AA%A0%E5%85%89%E4%BC%9A%E8%8D%89%E6%B4%A5%E5%B8%82%E8%A8%AA%E5%95%8F%E7%9C%8B%E8%AD%B7%E3%82%B9%E3%83%86%E3%83%BC%E3%82%B7%E3%83%A7%E3%83%B3%20%E8%8D%89%E6%B4%A5%E5%B8%82
リニエ訪問看護ステーション草津,訪問看護,滋賀県,草津市,"介護,訪問看護,医療",看護師などが自宅へ訪問し、健康状態の確認や医療的ケア、療養生活の支援を行います。,https://linie-group.jp/office/houmonkango-kusatsu/,滋賀県草津市野村7-2-1ヴィラヤマナカ101,077-563-2500,厚生労働省オープンデータ,https://www.mhlw.go.jp/content/12300000/jigyosho_130.csv,2025-12末,https://www.google.com/search?q=%E3%83%AA%E3%83%8B%E3%82%A8%E8%A8%AA%E5%95%8F%E7%9C%8B%E8%AD%B7%E3%82%B9%E3%83%86%E3%83%BC%E3%82%B7%E3%83%A7%E3%83%B3%E8%8D%89%E6%B4%A5%20%E8%8D%89%E6%B4%A5%E5%B8%82
よつば訪問看護ステーション,訪問看護,滋賀県,草津市,"介護,訪問看護,医療",看護師などが自宅へ訪問し、健康状態の確認や医療的ケア、療養生活の支援を行います。,caretown-nurse-st@yotsuba-lcn.or.jp,矢橋町６２１番地,077-562-8010,厚生労働省オープンデータ,https://www.mhlw.go.jp/content/12300000/jigyosho_130.csv,2025-12末,https://www.google.com/search?q=%E3%82%88%E3%81%A4%E3%81%B0%E8%A8%AA%E5%95%8F%E7%9C%8B%E8%AD%B7%E3%82%B9%E3%83%86%E3%83%BC%E3%82%B7%E3%83%A7%E3%83%B3%20%E8%8D%89%E6%B4%A5%E5%B8%82
Nアート訪問看護ステーション,訪問看護,滋賀県,草津市,"介護,訪問看護,医療",看護師などが自宅へ訪問し、健康状態の確認や医療的ケア、療養生活の支援を行います。,https://jpkango.co.jp/homecare,滋賀県草津市西草津1丁目7-55,077-598-5426,厚生労働省オープンデータ,https://www.mhlw.go.jp/content/12300000/jigyosho_130.csv,2025-12末,https://www.google.com/search?q=N%E3%82%A2%E3%83%BC%E3%83%88%E8%A8%AA%E5%95%8F%E7%9C%8B%E8%AD%B7%E3%82%B9%E3%83%86%E3%83%BC%E3%82%B7%E3%83%A7%E3%83%B3%20%E8%8D%89%E6%B4%A5%E5%B8%82
社会医療法人誠光会　淡海ふれあい病院訪問看護ステーション,訪問看護,滋賀県,草津市,"介護,訪問看護,医療",看護師などが自宅へ訪問し、健康状態の確認や医療的ケア、療養生活の支援を行います。,https://www.seikoukai-sc.or.jp/hureaihoukan,滋賀県草津市矢橋町1629－5淡海ふれあい病院2階,077ｰ516ｰ2519,厚生労働省オープンデータ,https://www.mhlw.go.jp/content/12300000/jigyosho_130.csv,2025-12末,https://www.google.com/search?q=%E7%A4%BE%E4%BC%9A%E5%8C%BB%E7%99%82%E6%B3%95%E4%BA%BA%E8%AA%A0%E5%85%89%E4%BC%9A%E3%80%80%E6%B7%A1%E6%B5%B7%E3%81%B5%E3%82%8C%E3%81%82%E3%81%84%E7%97%85%E9%99%A2%E8%A8%AA%E5%95%8F%E7%9C%8B%E8%AD%B7%E3%82%B9%E3%83%86%E3%83%BC%E3%82%B7%E3%83%A7%E3%83%B3%20%E8%8D%89%E6%B4%A5%E5%B8%82
訪問看護ステーションシンプル,訪問看護,滋賀県,守山市,"介護,訪問看護,医療",看護師などが自宅へ訪問し、健康状態の確認や医療的ケア、療養生活の支援を行います。,http://over-style.com/,滋賀県守山市播磨田町47-5,077-535-9091,厚生労働省オープンデータ,https://www.mhlw.go.jp/content/12300000/jigyosho_130.csv,2025-12末,https://www.google.com/search?q=%E8%A8%AA%E5%95%8F%E7%9C%8B%E8%AD%B7%E3%82%B9%E3%83%86%E3%83%BC%E3%82%B7%E3%83%A7%E3%83%B3%E3%82%B7%E3%83%B3%E3%83%97%E3%83%AB%20%E5%AE%88%E5%B1%B1%E5%B8%82
訪問看護ステーションCras,訪問看護,滋賀県,守山市,"介護,訪問看護,医療",看護師などが自宅へ訪問し、健康状態の確認や医療的ケア、療養生活の支援を行います。,https://cras-shiga.com/home_care/,滋賀県守山市守山３丁目17-3風の薫荘6号室,0775826065,厚生労働省オープンデータ,https://www.mhlw.go.jp/content/12300000/jigyosho_130.csv,2025-12末,https://www.google.com/search?q=%E8%A8%AA%E5%95%8F%E7%9C%8B%E8%AD%B7%E3%82%B9%E3%83%86%E3%83%BC%E3%82%B7%E3%83%A7%E3%83%B3Cras%20%E5%AE%88%E5%B1%B1%E5%B8%82
アクア守山訪問看護,訪問看護,滋賀県,守山市,"介護,訪問看護,医療",看護師などが自宅へ訪問し、健康状態の確認や医療的ケア、療養生活の支援を行います。,https://www.google.com/search?q=%E3%82%A2%E3%82%AF%E3%82%A2%E5%AE%88%E5%B1%B1%E8%A8%AA%E5%95%8F%E7%9C%8B%E8%AD%B7%20%E5%AE%88%E5%B1%B1%E5%B8%82,滋賀県守山市水保町2891-214,077-516-4377,厚生労働省オープンデータ,https://www.mhlw.go.jp/content/12300000/jigyosho_130.csv,2025-12末,https://www.google.com/search?q=%E3%82%A2%E3%82%AF%E3%82%A2%E5%AE%88%E5%B1%B1%E8%A8%AA%E5%95%8F%E7%9C%8B%E8%AD%B7%20%E5%AE%88%E5%B1%B1%E5%B8%82
訪問看護ステーションこすもす,訪問看護,滋賀県,守山市,"介護,訪問看護,医療",看護師などが自宅へ訪問し、健康状態の確認や医療的ケア、療養生活の支援を行います。,https://www.rehanurse.com,滋賀県守山市播磨田町３１５番地の５旭ビル403号室,077-509-7259,厚生労働省オープンデータ,https://www.mhlw.go.jp/content/12300000/jigyosho_130.csv,2025-12末,https://www.google.com/search?q=%E8%A8%AA%E5%95%8F%E7%9C%8B%E8%AD%B7%E3%82%B9%E3%83%86%E3%83%BC%E3%82%B7%E3%83%A7%E3%83%B3%E3%81%93%E3%81%99%E3%82%82%E3%81%99%20%E5%AE%88%E5%B1%B1%E5%B8%82
訪問看護ステーションオーシム,訪問看護,滋賀県,守山市,"介護,訪問看護,医療",看護師などが自宅へ訪問し、健康状態の確認や医療的ケア、療養生活の支援を行います。,https://www.google.com/search?q=%E8%A8%AA%E5%95%8F%E7%9C%8B%E8%AD%B7%E3%82%B9%E3%83%86%E3%83%BC%E3%82%B7%E3%83%A7%E3%83%B3%E3%82%AA%E3%83%BC%E3%82%B7%E3%83%A0%20%E5%AE%88%E5%B1%B1%E5%B8%82,滋賀県守山市守山町168-1湖南ホームタウン,080-3437-0859,厚生労働省オープンデータ,https://www.mhlw.go.jp/content/12300000/jigyosho_130.csv,2025-12末,https://www.google.com/search?q=%E8%A8%AA%E5%95%8F%E7%9C%8B%E8%AD%B7%E3%82%B9%E3%83%86%E3%83%BC%E3%82%B7%E3%83%A7%E3%83%B3%E3%82%AA%E3%83%BC%E3%82%B7%E3%83%A0%20%E5%AE%88%E5%B1%B1%E5%B8%82
おうみ在宅クリニック訪問看護ステーション,訪問看護,滋賀県,守山市,"介護,訪問看護,医療",看護師などが自宅へ訪問し、健康状態の確認や医療的ケア、療養生活の支援を行います。,https://omi-home-clinic.jp/home-nursing/,滋賀県守山市二町町195-4,0775186612,厚生労働省オープンデータ,https://www.mhlw.go.jp/content/12300000/jigyosho_130.csv,2025-12末,https://www.google.com/search?q=%E3%81%8A%E3%81%86%E3%81%BF%E5%9C%A8%E5%AE%85%E3%82%AF%E3%83%AA%E3%83%8B%E3%83%83%E3%82%AF%E8%A8%AA%E5%95%8F%E7%9C%8B%E8%AD%B7%E3%82%B9%E3%83%86%E3%83%BC%E3%82%B7%E3%83%A7%E3%83%B3%20%E5%AE%88%E5%B1%B1%E5%B8%82
訪問看護ステーションきあら．,訪問看護,滋賀県,守山市,"介護,訪問看護,医療",看護師などが自宅へ訪問し、健康状態の確認や医療的ケア、療養生活の支援を行います。,https://home-nursing-kiara1.jimdofree.com/,滋賀県守山市吉身二丁目6番26号,077-596-5789,厚生労働省オープンデータ,https://www.mhlw.go.jp/content/12300000/jigyosho_130.csv,2025-12末,https://www.google.com/search?q=%E8%A8%AA%E5%95%8F%E7%9C%8B%E8%AD%B7%E3%82%B9%E3%83%86%E3%83%BC%E3%82%B7%E3%83%A7%E3%83%B3%E3%81%8D%E3%81%82%E3%82%89%EF%BC%8E%20%E5%AE%88%E5%B1%B1%E5%B8%82
ゆいの里訪問看護ステーション,訪問看護,滋賀県,守山市,"介護,訪問看護,医療",看護師などが自宅へ訪問し、健康状態の確認や医療的ケア、療養生活の支援を行います。,https://www.yuinosato.or.jp,滋賀県守山市洲本町1ゆいの里　本部2階,077-599-3122,厚生労働省オープンデータ,https://www.mhlw.go.jp/content/12300000/jigyosho_130.csv,2025-12末,https://www.google.com/search?q=%E3%82%86%E3%81%84%E3%81%AE%E9%87%8C%E8%A8%AA%E5%95%8F%E7%9C%8B%E8%AD%B7%E3%82%B9%E3%83%86%E3%83%BC%E3%82%B7%E3%83%A7%E3%83%B3%20%E5%AE%88%E5%B1%B1%E5%B8%82
あいむ訪問看護ステーション,訪問看護,滋賀県,守山市,"介護,訪問看護,医療",看護師などが自宅へ訪問し、健康状態の確認や医療的ケア、療養生活の支援を行います。,http://k-aimu.co.jp/,勝部二丁目4-12,077-514-0100,厚生労働省オープンデータ,https://www.mhlw.go.jp/content/12300000/jigyosho_130.csv,2025-12末,https://www.google.com/search?q=%E3%81%82%E3%81%84%E3%82%80%E8%A8%AA%E5%95%8F%E7%9C%8B%E8%AD%B7%E3%82%B9%E3%83%86%E3%83%BC%E3%82%B7%E3%83%A7%E3%83%B3%20%E5%AE%88%E5%B1%B1%E5%B8%82
ゆうらいふナースステーション,訪問看護,滋賀県,守山市,"介護,訪問看護,医療",看護師などが自宅へ訪問し、健康状態の確認や医療的ケア、療養生活の支援を行います。,http://www.youlife.ne.jp,守山市石田町735-3,077-518-6333,厚生労働省オープンデータ,https://www.mhlw.go.jp/content/12300000/jigyosho_130.csv,2025-12末,https://www.google.com/search?q=%E3%82%86%E3%81%86%E3%82%89%E3%81%84%E3%81%B5%E3%83%8A%E3%83%BC%E3%82%B9%E3%82%B9%E3%83%86%E3%83%BC%E3%82%B7%E3%83%A7%E3%83%B3%20%E5%AE%88%E5%B1%B1%E5%B8%82
社会福祉法人守山市社会福祉協議会訪問看護事業所,訪問看護,滋賀県,守山市,"介護,訪問看護,医療",看護師などが自宅へ訪問し、健康状態の確認や医療的ケア、療養生活の支援を行います。,https://www.google.com/search?q=%E7%A4%BE%E4%BC%9A%E7%A6%8F%E7%A5%89%E6%B3%95%E4%BA%BA%E5%AE%88%E5%B1%B1%E5%B8%82%E7%A4%BE%E4%BC%9A%E7%A6%8F%E7%A5%89%E5%8D%94%E8%AD%B0%E4%BC%9A%E8%A8%AA%E5%95%8F%E7%9C%8B%E8%AD%B7%E4%BA%8B%E6%A5%AD%E6%89%80%20%E5%AE%88%E5%B1%B1%E5%B8%82,滋賀県守山市石田町422番地社協石田ケアセンター内,077-585-8886,厚生労働省オープンデータ,https://www.mhlw.go.jp/content/12300000/jigyosho_130.csv,2025-12末,https://www.google.com/search?q=%E7%A4%BE%E4%BC%9A%E7%A6%8F%E7%A5%89%E6%B3%95%E4%BA%BA%E5%AE%88%E5%B1%B1%E5%B8%82%E7%A4%BE%E4%BC%9A%E7%A6%8F%E7%A5%89%E5%8D%94%E8%AD%B0%E4%BC%9A%E8%A8%AA%E5%95%8F%E7%9C%8B%E8%AD%B7%E4%BA%8B%E6%A5%AD%E6%89%80%20%E5%AE%88%E5%B1%B1%E5%B8%82
訪問看護なかさとCCS,訪問看護,滋賀県,守山市,"介護,訪問看護,医療",看護師などが自宅へ訪問し、健康状態の確認や医療的ケア、療養生活の支援を行います。,http://www.konan-psy.or.jp,滋賀県守山市浮気町３２１番地１６サンシャインビル101,077-514-0630,厚生労働省オープンデータ,https://www.mhlw.go.jp/content/12300000/jigyosho_130.csv,2025-12末,https://www.google.com/search?q=%E8%A8%AA%E5%95%8F%E7%9C%8B%E8%AD%B7%E3%81%AA%E3%81%8B%E3%81%95%E3%81%A8CCS%20%E5%AE%88%E5%B1%B1%E5%B8%82
アクア水保訪問看護,訪問看護,滋賀県,守山市,"介護,訪問看護,医療",看護師などが自宅へ訪問し、健康状態の確認や医療的ケア、療養生活の支援を行います。,https://www.google.com/search?q=%E3%82%A2%E3%82%AF%E3%82%A2%E6%B0%B4%E4%BF%9D%E8%A8%AA%E5%95%8F%E7%9C%8B%E8%AD%B7%20%E5%AE%88%E5%B1%B1%E5%B8%82,滋賀県守山市水保町2892-2琵琶湖プラザ806号室,077-516-6844,厚生労働省オープンデータ,https://www.mhlw.go.jp/content/12300000/jigyosho_130.csv,2025-12末,https://www.google.com/search?q=%E3%82%A2%E3%82%AF%E3%82%A2%E6%B0%B4%E4%BF%9D%E8%A8%AA%E5%95%8F%E7%9C%8B%E8%AD%B7%20%E5%AE%88%E5%B1%B1%E5%B8%82
大宝リハビリセンター,訪問看護,滋賀県,守山市,"介護,訪問看護,医療",看護師などが自宅へ訪問し、健康状態の確認や医療的ケア、療養生活の支援を行います。,https://www.google.com/search?q=%E5%A4%A7%E5%AE%9D%E3%83%AA%E3%83%8F%E3%83%93%E3%83%AA%E3%82%BB%E3%83%B3%E3%82%BF%E3%83%BC%20%E5%AE%88%E5%B1%B1%E5%B8%82,滋賀県守山市守山3-7-5,077-598-5182,厚生労働省オープンデータ,https://www.mhlw.go.jp/content/12300000/jigyosho_130.csv,2025-12末,https://www.google.com/search?q=%E5%A4%A7%E5%AE%9D%E3%83%AA%E3%83%8F%E3%83%93%E3%83%AA%E3%82%BB%E3%83%B3%E3%82%BF%E3%83%BC%20%E5%AE%88%E5%B1%B1%E5%B8%82
訪問看護ステーションなないろ,訪問看護,滋賀県,栗東市,"介護,訪問看護,医療",看護師などが自宅へ訪問し、健康状態の確認や医療的ケア、療養生活の支援を行います。,https://www.google.com/search?q=%E8%A8%AA%E5%95%8F%E7%9C%8B%E8%AD%B7%E3%82%B9%E3%83%86%E3%83%BC%E3%82%B7%E3%83%A7%E3%83%B3%E3%81%AA%E3%81%AA%E3%81%84%E3%82%8D%20%E6%A0%97%E6%9D%B1%E5%B8%82,滋賀県栗東市小平井3丁目2番27号GREENAWAY　１F,077-554-2390,厚生労働省オープンデータ,https://www.mhlw.go.jp/content/12300000/jigyosho_130.csv,2025-12末,https://www.google.com/search?q=%E8%A8%AA%E5%95%8F%E7%9C%8B%E8%AD%B7%E3%82%B9%E3%83%86%E3%83%BC%E3%82%B7%E3%83%A7%E3%83%B3%E3%81%AA%E3%81%AA%E3%81%84%E3%82%8D%20%E6%A0%97%E6%9D%B1%E5%B8%82
訪問看護ステーションリヤンド栗東,訪問看護,滋賀県,栗東市,"介護,訪問看護,医療",看護師などが自宅へ訪問し、健康状態の確認や医療的ケア、療養生活の支援を行います。,https://www.liende-kizuna.jp/recruit/facility-list/ritto/,滋賀県栗東市野尻121－2,077-551-2105,厚生労働省オープンデータ,https://www.mhlw.go.jp/content/12300000/jigyosho_130.csv,2025-12末,https://www.google.com/search?q=%E8%A8%AA%E5%95%8F%E7%9C%8B%E8%AD%B7%E3%82%B9%E3%83%86%E3%83%BC%E3%82%B7%E3%83%A7%E3%83%B3%E3%83%AA%E3%83%A4%E3%83%B3%E3%83%89%E6%A0%97%E6%9D%B1%20%E6%A0%97%E6%9D%B1%E5%B8%82
訪問看護ステーションかたつむり,訪問看護,滋賀県,栗東市,"介護,訪問看護,医療",看護師などが自宅へ訪問し、健康状態の確認や医療的ケア、療養生活の支援を行います。,https://katatsumuri-nursing.jimdofree.com/,滋賀県栗東市下鈎870−11ローレル双樹301,077-596-5237,厚生労働省オープンデータ,https://www.mhlw.go.jp/content/12300000/jigyosho_130.csv,2025-12末,https://www.google.com/search?q=%E8%A8%AA%E5%95%8F%E7%9C%8B%E8%AD%B7%E3%82%B9%E3%83%86%E3%83%BC%E3%82%B7%E3%83%A7%E3%83%B3%E3%81%8B%E3%81%9F%E3%81%A4%E3%82%80%E3%82%8A%20%E6%A0%97%E6%9D%B1%E5%B8%82
訪問看護ステーションよりみち,訪問看護,滋賀県,栗東市,"介護,訪問看護,医療",看護師などが自宅へ訪問し、健康状態の確認や医療的ケア、療養生活の支援を行います。,https://www.yorimichi.biz/,滋賀県栗東市川辺620井口ハイツ１号,077-599-0142,厚生労働省オープンデータ,https://www.mhlw.go.jp/content/12300000/jigyosho_130.csv,2025-12末,https://www.google.com/search?q=%E8%A8%AA%E5%95%8F%E7%9C%8B%E8%AD%B7%E3%82%B9%E3%83%86%E3%83%BC%E3%82%B7%E3%83%A7%E3%83%B3%E3%82%88%E3%82%8A%E3%81%BF%E3%81%A1%20%E6%A0%97%E6%9D%B1%E5%B8%82
ミライリハ訪問看護リハビリステーション栗東,訪問看護,滋賀県,栗東市,"介護,訪問看護,医療",看護師などが自宅へ訪問し、健康状態の確認や医療的ケア、療養生活の支援を行います。,https://mirai-riha.com/,滋賀県栗東市安養寺7-1-25WINDWORDTビル4F-C,077-514-8272,厚生労働省オープンデータ,https://www.mhlw.go.jp/content/12300000/jigyosho_130.csv,2025-12末,https://www.google.com/search?q=%E3%83%9F%E3%83%A9%E3%82%A4%E3%83%AA%E3%83%8F%E8%A8%AA%E5%95%8F%E7%9C%8B%E8%AD%B7%E3%83%AA%E3%83%8F%E3%83%93%E3%83%AA%E3%82%B9%E3%83%86%E3%83%BC%E3%82%B7%E3%83%A7%E3%83%B3%E6%A0%97%E6%9D%B1%20%E6%A0%97%E6%9D%B1%E5%B8%82
訪問看護ステーションリハビリラボ,訪問看護,滋賀県,栗東市,"介護,訪問看護,医療",看護師などが自宅へ訪問し、健康状態の確認や医療的ケア、療養生活の支援を行います。,https://www.solaremedical.com,高野335サンワード101,077-514-8800,厚生労働省オープンデータ,https://www.mhlw.go.jp/content/12300000/jigyosho_130.csv,2025-12末,https://www.google.com/search?q=%E8%A8%AA%E5%95%8F%E7%9C%8B%E8%AD%B7%E3%82%B9%E3%83%86%E3%83%BC%E3%82%B7%E3%83%A7%E3%83%B3%E3%83%AA%E3%83%8F%E3%83%93%E3%83%AA%E3%83%A9%E3%83%9C%20%E6%A0%97%E6%9D%B1%E5%B8%82
栗東市訪問看護ステーション,訪問看護,滋賀県,栗東市,"介護,訪問看護,医療",看護師などが自宅へ訪問し、健康状態の確認や医療的ケア、療養生活の支援を行います。,http://www.saiseikai-shiga.jp/hokan/,栗東市安養寺190番地,077-554-6119,厚生労働省オープンデータ,https://www.mhlw.go.jp/content/12300000/jigyosho_130.csv,2025-12末,https://www.google.com/search?q=%E6%A0%97%E6%9D%B1%E5%B8%82%E8%A8%AA%E5%95%8F%E7%9C%8B%E8%AD%B7%E3%82%B9%E3%83%86%E3%83%BC%E3%82%B7%E3%83%A7%E3%83%B3%20%E6%A0%97%E6%9D%B1%E5%B8%82
あうん訪問看護栗東,訪問看護,滋賀県,栗東市,"介護,訪問看護,医療",看護師などが自宅へ訪問し、健康状態の確認や医療的ケア、療養生活の支援を行います。,aun-shiga.co.jp,滋賀県栗東市手原5丁目3-24,077-553-1507,厚生労働省オープンデータ,https://www.mhlw.go.jp/content/12300000/jigyosho_130.csv,2025-12末,https://www.google.com/search?q=%E3%81%82%E3%81%86%E3%82%93%E8%A8%AA%E5%95%8F%E7%9C%8B%E8%AD%B7%E6%A0%97%E6%9D%B1%20%E6%A0%97%E6%9D%B1%E5%B8%82
訪問看護ステーションゆうき,訪問看護,滋賀県,栗東市,"介護,訪問看護,医療",看護師などが自宅へ訪問し、健康状態の確認や医療的ケア、療養生活の支援を行います。,https://nurse-station-yuuki.jimdofree.com/,滋賀県栗東市下鈎477-1アラモードK　A号室,077-598-0846,厚生労働省オープンデータ,https://www.mhlw.go.jp/content/12300000/jigyosho_130.csv,2025-12末,https://www.google.com/search?q=%E8%A8%AA%E5%95%8F%E7%9C%8B%E8%AD%B7%E3%82%B9%E3%83%86%E3%83%BC%E3%82%B7%E3%83%A7%E3%83%B3%E3%82%86%E3%81%86%E3%81%8D%20%E6%A0%97%E6%9D%B1%E5%B8%82
Nアートりっとう訪問看護ステーション,訪問看護,滋賀県,栗東市,"介護,訪問看護,医療",看護師などが自宅へ訪問し、健康状態の確認や医療的ケア、療養生活の支援を行います。,http://www.jpkango.co.jp,滋賀県栗東市手原2丁目2-1ベルヴィ栗東106,080-7237-8076,厚生労働省オープンデータ,https://www.mhlw.go.jp/content/12300000/jigyosho_130.csv,2025-12末,https://www.google.com/search?q=N%E3%82%A2%E3%83%BC%E3%83%88%E3%82%8A%E3%81%A3%E3%81%A8%E3%81%86%E8%A8%AA%E5%95%8F%E7%9C%8B%E8%AD%B7%E3%82%B9%E3%83%86%E3%83%BC%E3%82%B7%E3%83%A7%E3%83%B3%20%E6%A0%97%E6%9D%B1%E5%B8%82
滋賀県済生会訪問看護ステーション,訪問看護,滋賀県,栗東市,"介護,訪問看護,医療",看護師などが自宅へ訪問し、健康状態の確認や医療的ケア、療養生活の支援を行います。,http://www.saiseikai-shiga.jp/houkan/,滋賀県栗東市小柿四丁目1-1,077-552-2777,厚生労働省オープンデータ,https://www.mhlw.go.jp/content/12300000/jigyosho_130.csv,2025-12末,https://www.google.com/search?q=%E6%BB%8B%E8%B3%80%E7%9C%8C%E6%B8%88%E7%94%9F%E4%BC%9A%E8%A8%AA%E5%95%8F%E7%9C%8B%E8%AD%B7%E3%82%B9%E3%83%86%E3%83%BC%E3%82%B7%E3%83%A7%E3%83%B3%20%E6%A0%97%E6%9D%B1%E5%B8%82
訪問看護なかさとプラス,訪問看護,滋賀県,栗東市,"介護,訪問看護,医療",看護師などが自宅へ訪問し、健康状態の確認や医療的ケア、療養生活の支援を行います。,https://www.google.com/search?q=%E8%A8%AA%E5%95%8F%E7%9C%8B%E8%AD%B7%E3%81%AA%E3%81%8B%E3%81%95%E3%81%A8%E3%83%97%E3%83%A9%E3%82%B9%20%E6%A0%97%E6%9D%B1%E5%B8%82,北中小路20−72F,077−585−9371,厚生労働省オープンデータ,https://www.mhlw.go.jp/content/12300000/jigyosho_130.csv,2025-12末,https://www.google.com/search?q=%E8%A8%AA%E5%95%8F%E7%9C%8B%E8%AD%B7%E3%81%AA%E3%81%8B%E3%81%95%E3%81%A8%E3%83%97%E3%83%A9%E3%82%B9%20%E6%A0%97%E6%9D%B1%E5%B8%82
オリーブ・草津訪問看護ステーション,訪問看護,滋賀県,栗東市,"介護,訪問看護,医療",看護師などが自宅へ訪問し、健康状態の確認や医療的ケア、療養生活の支援を行います。,https://www.google.com/search?q=%E3%82%AA%E3%83%AA%E3%83%BC%E3%83%96%E3%83%BB%E8%8D%89%E6%B4%A5%E8%A8%AA%E5%95%8F%E7%9C%8B%E8%AD%B7%E3%82%B9%E3%83%86%E3%83%BC%E3%82%B7%E3%83%A7%E3%83%B3%20%E6%A0%97%E6%9D%B1%E5%B8%82,滋賀県栗東市小柿8丁目５－８,077-552-5580,厚生労働省オープンデータ,https://www.mhlw.go.jp/content/12300000/jigyosho_130.csv,2025-12末,https://www.google.com/search?q=%E3%82%AA%E3%83%AA%E3%83%BC%E3%83%96%E3%83%BB%E8%8D%89%E6%B4%A5%E8%A8%AA%E5%95%8F%E7%9C%8B%E8%AD%B7%E3%82%B9%E3%83%86%E3%83%BC%E3%82%B7%E3%83%A7%E3%83%B3%20%E6%A0%97%E6%9D%B1%E5%B8%82
医療法人　岩谷医院,訪問看護,滋賀県,甲賀市,"介護,訪問看護,医療",看護師などが自宅へ訪問し、健康状態の確認や医療的ケア、療養生活の支援を行います。,http://www.myclinic.ne.jp/iwayaiin/,甲賀市水口町中邸2番10号,0748-62-0053,厚生労働省オープンデータ,https://www.mhlw.go.jp/content/12300000/jigyosho_130.csv,2025-12末,https://www.google.com/search?q=%E5%8C%BB%E7%99%82%E6%B3%95%E4%BA%BA%E3%80%80%E5%B2%A9%E8%B0%B7%E5%8C%BB%E9%99%A2%20%E7%94%B2%E8%B3%80%E5%B8%82
医療法人　　今村医院,訪問看護,滋賀県,甲賀市,"介護,訪問看護,医療",看護師などが自宅へ訪問し、健康状態の確認や医療的ケア、療養生活の支援を行います。,imamuraiin.byoinnavi.jp,滋賀県甲賀市甲南町深川2201番地,0748-86-2119,厚生労働省オープンデータ,https://www.mhlw.go.jp/content/12300000/jigyosho_130.csv,2025-12末,https://www.google.com/search?q=%E5%8C%BB%E7%99%82%E6%B3%95%E4%BA%BA%E3%80%80%E3%80%80%E4%BB%8A%E6%9D%91%E5%8C%BB%E9%99%A2%20%E7%94%B2%E8%B3%80%E5%B8%82
甲南病院訪問看護ステーション,訪問看護,滋賀県,甲賀市,"介護,訪問看護,医療",看護師などが自宅へ訪問し、健康状態の確認や医療的ケア、療養生活の支援を行います。,http://www.kohnan-shiga.or.jp,滋賀県甲賀市甲南町葛木958番地,0748-86-8762,厚生労働省オープンデータ,https://www.mhlw.go.jp/content/12300000/jigyosho_130.csv,2025-12末,https://www.google.com/search?q=%E7%94%B2%E5%8D%97%E7%97%85%E9%99%A2%E8%A8%AA%E5%95%8F%E7%9C%8B%E8%AD%B7%E3%82%B9%E3%83%86%E3%83%BC%E3%82%B7%E3%83%A7%E3%83%B3%20%E7%94%B2%E8%B3%80%E5%B8%82
訪問看護ステーションまごころ,訪問看護,滋賀県,甲賀市,"介護,訪問看護,医療",看護師などが自宅へ訪問し、健康状態の確認や医療的ケア、療養生活の支援を行います。,http://www.dayservice-magokoro.com/.,滋賀県甲賀市水口町山3938-41,0748-69-5530,厚生労働省オープンデータ,https://www.mhlw.go.jp/content/12300000/jigyosho_130.csv,2025-12末,https://www.google.com/search?q=%E8%A8%AA%E5%95%8F%E7%9C%8B%E8%AD%B7%E3%82%B9%E3%83%86%E3%83%BC%E3%82%B7%E3%83%A7%E3%83%B3%E3%81%BE%E3%81%94%E3%81%93%E3%82%8D%20%E7%94%B2%E8%B3%80%E5%B8%82
訪問看護ステーションオリーブのさと,訪問看護,滋賀県,甲賀市,"介護,訪問看護,医療",看護師などが自宅へ訪問し、健康状態の確認や医療的ケア、療養生活の支援を行います。,houkan-olive.shiga.jp,甲賀市水口町八坂２－５２,0748-65-3103,厚生労働省オープンデータ,https://www.mhlw.go.jp/content/12300000/jigyosho_130.csv,2025-12末,https://www.google.com/search?q=%E8%A8%AA%E5%95%8F%E7%9C%8B%E8%AD%B7%E3%82%B9%E3%83%86%E3%83%BC%E3%82%B7%E3%83%A7%E3%83%B3%E3%82%AA%E3%83%AA%E3%83%BC%E3%83%96%E3%81%AE%E3%81%95%E3%81%A8%20%E7%94%B2%E8%B3%80%E5%B8%82
甲賀市社協訪問看護ステーション,訪問看護,滋賀県,甲賀市,"介護,訪問看護,医療",看護師などが自宅へ訪問し、健康状態の確認や医療的ケア、療養生活の支援を行います。,https://www.google.com/search?q=%E7%94%B2%E8%B3%80%E5%B8%82%E7%A4%BE%E5%8D%94%E8%A8%AA%E5%95%8F%E7%9C%8B%E8%AD%B7%E3%82%B9%E3%83%86%E3%83%BC%E3%82%B7%E3%83%A7%E3%83%B3%20%E7%94%B2%E8%B3%80%E5%B8%82,滋賀県甲賀市水口町水口5609番地,0748-65-2088,厚生労働省オープンデータ,https://www.mhlw.go.jp/content/12300000/jigyosho_130.csv,2025-12末,https://www.google.com/search?q=%E7%94%B2%E8%B3%80%E5%B8%82%E7%A4%BE%E5%8D%94%E8%A8%AA%E5%95%8F%E7%9C%8B%E8%AD%B7%E3%82%B9%E3%83%86%E3%83%BC%E3%82%B7%E3%83%A7%E3%83%B3%20%E7%94%B2%E8%B3%80%E5%B8%82
公立甲賀病院訪問看護ステーション,訪問看護,滋賀県,甲賀市,"介護,訪問看護,医療",看護師などが自宅へ訪問し、健康状態の確認や医療的ケア、療養生活の支援を行います。,https://www.kohka-hp.or.jp/,滋賀県甲賀市水口町松尾1256番地,0748-65-3160,厚生労働省オープンデータ,https://www.mhlw.go.jp/content/12300000/jigyosho_130.csv,2025-12末,https://www.google.com/search?q=%E5%85%AC%E7%AB%8B%E7%94%B2%E8%B3%80%E7%97%85%E9%99%A2%E8%A8%AA%E5%95%8F%E7%9C%8B%E8%AD%B7%E3%82%B9%E3%83%86%E3%83%BC%E3%82%B7%E3%83%A7%E3%83%B3%20%E7%94%B2%E8%B3%80%E5%B8%82
訪問看護ステーション和来　やす,訪問看護,滋賀県,野洲市,"介護,訪問看護,医療",看護師などが自宅へ訪問し、健康状態の確認や医療的ケア、療養生活の支援を行います。,https://warai.life,滋賀県野洲市行畑1丁目12−3,077-596-5891,厚生労働省オープンデータ,https://www.mhlw.go.jp/content/12300000/jigyosho_130.csv,2025-12末,https://www.google.com/search?q=%E8%A8%AA%E5%95%8F%E7%9C%8B%E8%AD%B7%E3%82%B9%E3%83%86%E3%83%BC%E3%82%B7%E3%83%A7%E3%83%B3%E5%92%8C%E6%9D%A5%E3%80%80%E3%82%84%E3%81%99%20%E9%87%8E%E6%B4%B2%E5%B8%82
訪問看護ステーションなかさと,訪問看護,滋賀県,野洲市,"介護,訪問看護,医療",看護師などが自宅へ訪問し、健康状態の確認や医療的ケア、療養生活の支援を行います。,http://www.konan-psy.or.jp,滋賀県野洲市八夫2077,077-589-8310,厚生労働省オープンデータ,https://www.mhlw.go.jp/content/12300000/jigyosho_130.csv,2025-12末,https://www.google.com/search?q=%E8%A8%AA%E5%95%8F%E7%9C%8B%E8%AD%B7%E3%82%B9%E3%83%86%E3%83%BC%E3%82%B7%E3%83%A7%E3%83%B3%E3%81%AA%E3%81%8B%E3%81%95%E3%81%A8%20%E9%87%8E%E6%B4%B2%E5%B8%82
ラステイト野洲訪問看護ステーション,訪問看護,滋賀県,野洲市,"介護,訪問看護,医療",看護師などが自宅へ訪問し、健康状態の確認や医療的ケア、療養生活の支援を行います。,www.lastatejp,滋賀県野洲市野洲2053-1,077-599-0352,厚生労働省オープンデータ,https://www.mhlw.go.jp/content/12300000/jigyosho_130.csv,2025-12末,https://www.google.com/search?q=%E3%83%A9%E3%82%B9%E3%83%86%E3%82%A4%E3%83%88%E9%87%8E%E6%B4%B2%E8%A8%AA%E5%95%8F%E7%9C%8B%E8%AD%B7%E3%82%B9%E3%83%86%E3%83%BC%E3%82%B7%E3%83%A7%E3%83%B3%20%E9%87%8E%E6%B4%B2%E5%B8%82
市立野洲病院訪問看護ステーション,訪問看護,滋賀県,野洲市,"介護,訪問看護,医療",看護師などが自宅へ訪問し、健康状態の確認や医療的ケア、療養生活の支援を行います。,https://www.yasu-hp.jp,滋賀県野洲市吉地１１２７番地,077-589-3900,厚生労働省オープンデータ,https://www.mhlw.go.jp/content/12300000/jigyosho_130.csv,2025-12末,https://www.google.com/search?q=%E5%B8%82%E7%AB%8B%E9%87%8E%E6%B4%B2%E7%97%85%E9%99%A2%E8%A8%AA%E5%95%8F%E7%9C%8B%E8%AD%B7%E3%82%B9%E3%83%86%E3%83%BC%E3%82%B7%E3%83%A7%E3%83%B3%20%E9%87%8E%E6%B4%B2%E5%B8%82
訪問看護ステーション　つむぎ,訪問看護,滋賀県,湖南市,"介護,訪問看護,医療",看護師などが自宅へ訪問し、健康状態の確認や医療的ケア、療養生活の支援を行います。,https://www.google.com/search?q=%E8%A8%AA%E5%95%8F%E7%9C%8B%E8%AD%B7%E3%82%B9%E3%83%86%E3%83%BC%E3%82%B7%E3%83%A7%E3%83%B3%E3%80%80%E3%81%A4%E3%82%80%E3%81%8E%20%E6%B9%96%E5%8D%97%E5%B8%82,高松町9-2,0748-75-3788,厚生労働省オープンデータ,https://www.mhlw.go.jp/content/12300000/jigyosho_130.csv,2025-12末,https://www.google.com/search?q=%E8%A8%AA%E5%95%8F%E7%9C%8B%E8%AD%B7%E3%82%B9%E3%83%86%E3%83%BC%E3%82%B7%E3%83%A7%E3%83%B3%E3%80%80%E3%81%A4%E3%82%80%E3%81%8E%20%E6%B9%96%E5%8D%97%E5%B8%82
こうせい訪問看護ステーション,訪問看護,滋賀県,湖南市,"介護,訪問看護,医療",看護師などが自宅へ訪問し、健康状態の確認や医療的ケア、療養生活の支援を行います。,http://ikuta-hospital.com,滋賀県湖南市菩提寺104-14,0748-74-8415,厚生労働省オープンデータ,https://www.mhlw.go.jp/content/12300000/jigyosho_130.csv,2025-12末,https://www.google.com/search?q=%E3%81%93%E3%81%86%E3%81%9B%E3%81%84%E8%A8%AA%E5%95%8F%E7%9C%8B%E8%AD%B7%E3%82%B9%E3%83%86%E3%83%BC%E3%82%B7%E3%83%A7%E3%83%B3%20%E6%B9%96%E5%8D%97%E5%B8%82
ぼだいじ訪問看護ステーション,訪問看護,滋賀県,湖南市,"介護,訪問看護,医療",看護師などが自宅へ訪問し、健康状態の確認や医療的ケア、療養生活の支援を行います。,houmonkango@chiiroba.jp,湖南市菩提寺３２７番地４,０７４８－７４－４０４０,厚生労働省オープンデータ,https://www.mhlw.go.jp/content/12300000/jigyosho_130.csv,2025-12末,https://www.google.com/search?q=%E3%81%BC%E3%81%A0%E3%81%84%E3%81%98%E8%A8%AA%E5%95%8F%E7%9C%8B%E8%AD%B7%E3%82%B9%E3%83%86%E3%83%BC%E3%82%B7%E3%83%A7%E3%83%B3%20%E6%B9%96%E5%8D%97%E5%B8%82
湖南市訪問看護ステーション,訪問看護,滋賀県,湖南市,"介護,訪問看護,医療",看護師などが自宅へ訪問し、健康状態の確認や医療的ケア、療養生活の支援を行います。,https://www.google.com/search?q=%E6%B9%96%E5%8D%97%E5%B8%82%E8%A8%AA%E5%95%8F%E7%9C%8B%E8%AD%B7%E3%82%B9%E3%83%86%E3%83%BC%E3%82%B7%E3%83%A7%E3%83%B3%20%E6%B9%96%E5%8D%97%E5%B8%82,滋賀県湖南市石部東５丁目３番１号,0748-77-7770,厚生労働省オープンデータ,https://www.mhlw.go.jp/content/12300000/jigyosho_130.csv,2025-12末,https://www.google.com/search?q=%E6%B9%96%E5%8D%97%E5%B8%82%E8%A8%AA%E5%95%8F%E7%9C%8B%E8%AD%B7%E3%82%B9%E3%83%86%E3%83%BC%E3%82%B7%E3%83%A7%E3%83%B3%20%E6%B9%96%E5%8D%97%E5%B8%82
リハビリ訪問看護ステーションWalk,訪問看護,滋賀県,高島市,"介護,訪問看護,医療",看護師などが自宅へ訪問し、健康状態の確認や医療的ケア、療養生活の支援を行います。,https://walk-ynwa.com/,25花寿文化教室１階,0740337278,厚生労働省オープンデータ,https://www.mhlw.go.jp/content/12300000/jigyosho_130.csv,2025-12末,https://www.google.com/search?q=%E3%83%AA%E3%83%8F%E3%83%93%E3%83%AA%E8%A8%AA%E5%95%8F%E7%9C%8B%E8%AD%B7%E3%82%B9%E3%83%86%E3%83%BC%E3%82%B7%E3%83%A7%E3%83%B3Walk%20%E9%AB%98%E5%B3%B6%E5%B8%82
夢の木訪問看護ステーション,訪問看護,滋賀県,高島市,"介護,訪問看護,医療",看護師などが自宅へ訪問し、健康状態の確認や医療的ケア、療養生活の支援を行います。,http://yumenoki.wp.xdomain.jp/,滋賀県高島市勝野１６３８番地ガリバーハウス１０２号,0740-36-1123,厚生労働省オープンデータ,https://www.mhlw.go.jp/content/12300000/jigyosho_130.csv,2025-12末,https://www.google.com/search?q=%E5%A4%A2%E3%81%AE%E6%9C%A8%E8%A8%AA%E5%95%8F%E7%9C%8B%E8%AD%B7%E3%82%B9%E3%83%86%E3%83%BC%E3%82%B7%E3%83%A7%E3%83%B3%20%E9%AB%98%E5%B3%B6%E5%B8%82
あいりん訪問看護ステーション,訪問看護,滋賀県,高島市,"介護,訪問看護,医療",看護師などが自宅へ訪問し、健康状態の確認や医療的ケア、療養生活の支援を行います。,www.oumiairinen.org,滋賀県高島市今津町南新保87番地1,0740-22-1263,厚生労働省オープンデータ,https://www.mhlw.go.jp/content/12300000/jigyosho_130.csv,2025-12末,https://www.google.com/search?q=%E3%81%82%E3%81%84%E3%82%8A%E3%82%93%E8%A8%AA%E5%95%8F%E7%9C%8B%E8%AD%B7%E3%82%B9%E3%83%86%E3%83%BC%E3%82%B7%E3%83%A7%E3%83%B3%20%E9%AB%98%E5%B3%B6%E5%B8%82
Ｎアートくつき訪問看護ステーション,訪問看護,滋賀県,高島市,"介護,訪問看護,医療",看護師などが自宅へ訪問し、健康状態の確認や医療的ケア、療養生活の支援を行います。,https://www.google.com/search?q=%EF%BC%AE%E3%82%A2%E3%83%BC%E3%83%88%E3%81%8F%E3%81%A4%E3%81%8D%E8%A8%AA%E5%95%8F%E7%9C%8B%E8%AD%B7%E3%82%B9%E3%83%86%E3%83%BC%E3%82%B7%E3%83%A7%E3%83%B3%20%E9%AB%98%E5%B3%B6%E5%B8%82,滋賀県高島市朽木宮前坊476,080-3919-1650,厚生労働省オープンデータ,https://www.mhlw.go.jp/content/12300000/jigyosho_130.csv,2025-12末,https://www.google.com/search?q=%EF%BC%AE%E3%82%A2%E3%83%BC%E3%83%88%E3%81%8F%E3%81%A4%E3%81%8D%E8%A8%AA%E5%95%8F%E7%9C%8B%E8%AD%B7%E3%82%B9%E3%83%86%E3%83%BC%E3%82%B7%E3%83%A7%E3%83%B3%20%E9%AB%98%E5%B3%B6%E5%B8%82
ナースステーションひより,訪問看護,滋賀県,高島市,"介護,訪問看護,医療",看護師などが自宅へ訪問し、健康状態の確認や医療的ケア、療養生活の支援を行います。,https://logic-shiga.com/,滋賀県高島市新旭町旭1-7-1北棟1階部1-1A,0740-33-7751,厚生労働省オープンデータ,https://www.mhlw.go.jp/content/12300000/jigyosho_130.csv,2025-12末,https://www.google.com/search?q=%E3%83%8A%E3%83%BC%E3%82%B9%E3%82%B9%E3%83%86%E3%83%BC%E3%82%B7%E3%83%A7%E3%83%B3%E3%81%B2%E3%82%88%E3%82%8A%20%E9%AB%98%E5%B3%B6%E5%B8%82
高島市訪問看護ステーション,訪問看護,滋賀県,高島市,"介護,訪問看護,医療",看護師などが自宅へ訪問し、健康状態の確認や医療的ケア、療養生活の支援を行います。,http://www.city.takashima.lｇ.jp,滋賀県高島市勝野680高島総合健康福祉センター,0740-36-8111,厚生労働省オープンデータ,https://www.mhlw.go.jp/content/12300000/jigyosho_130.csv,2025-12末,https://www.google.com/search?q=%E9%AB%98%E5%B3%B6%E5%B8%82%E8%A8%AA%E5%95%8F%E7%9C%8B%E8%AD%B7%E3%82%B9%E3%83%86%E3%83%BC%E3%82%B7%E3%83%A7%E3%83%B3%20%E9%AB%98%E5%B3%B6%E5%B8%82
マキノ病院訪問看護ステーション,訪問看護,滋賀県,高島市,"介護,訪問看護,医療",看護師などが自宅へ訪問し、健康状態の確認や医療的ケア、療養生活の支援を行います。,http//www.makino-hosp.or.jp,滋賀県高島市マキノ町新保1097,0740-27-8081,厚生労働省オープンデータ,https://www.mhlw.go.jp/content/12300000/jigyosho_130.csv,2025-12末,https://www.google.com/search?q=%E3%83%9E%E3%82%AD%E3%83%8E%E7%97%85%E9%99%A2%E8%A8%AA%E5%95%8F%E7%9C%8B%E8%AD%B7%E3%82%B9%E3%83%86%E3%83%BC%E3%82%B7%E3%83%A7%E3%83%B3%20%E9%AB%98%E5%B3%B6%E5%B8%82
ワンモア訪問看護リハビリセンター,訪問看護,滋賀県,東近江市,"介護,訪問看護,医療",看護師などが自宅へ訪問し、健康状態の確認や医療的ケア、療養生活の支援を行います。,http://www.onemoreship.com/,滋賀県東近江市佐野町569-2,0748-28-6371,厚生労働省オープンデータ,https://www.mhlw.go.jp/content/12300000/jigyosho_130.csv,2025-12末,https://www.google.com/search?q=%E3%83%AF%E3%83%B3%E3%83%A2%E3%82%A2%E8%A8%AA%E5%95%8F%E7%9C%8B%E8%AD%B7%E3%83%AA%E3%83%8F%E3%83%93%E3%83%AA%E3%82%BB%E3%83%B3%E3%82%BF%E3%83%BC%20%E6%9D%B1%E8%BF%91%E6%B1%9F%E5%B8%82
訪問看護ステーションすいれん,訪問看護,滋賀県,東近江市,"介護,訪問看護,医療",看護師などが自宅へ訪問し、健康状態の確認や医療的ケア、療養生活の支援を行います。,https://suiren-kango.co.jp,滋賀県東近江市妙法寺町794,0748-22-5520,厚生労働省オープンデータ,https://www.mhlw.go.jp/content/12300000/jigyosho_130.csv,2025-12末,https://www.google.com/search?q=%E8%A8%AA%E5%95%8F%E7%9C%8B%E8%AD%B7%E3%82%B9%E3%83%86%E3%83%BC%E3%82%B7%E3%83%A7%E3%83%B3%E3%81%99%E3%81%84%E3%82%8C%E3%82%93%20%E6%9D%B1%E8%BF%91%E6%B1%9F%E5%B8%82
訪問看護ステーションえだまめ,訪問看護,滋賀県,東近江市,"介護,訪問看護,医療",看護師などが自宅へ訪問し、健康状態の確認や医療的ケア、療養生活の支援を行います。,https://www.google.com/search?q=%E8%A8%AA%E5%95%8F%E7%9C%8B%E8%AD%B7%E3%82%B9%E3%83%86%E3%83%BC%E3%82%B7%E3%83%A7%E3%83%B3%E3%81%88%E3%81%A0%E3%81%BE%E3%82%81%20%E6%9D%B1%E8%BF%91%E6%B1%9F%E5%B8%82,滋賀県東近江市百済寺本町1504-2,0749-41-2724,厚生労働省オープンデータ,https://www.mhlw.go.jp/content/12300000/jigyosho_130.csv,2025-12末,https://www.google.com/search?q=%E8%A8%AA%E5%95%8F%E7%9C%8B%E8%AD%B7%E3%82%B9%E3%83%86%E3%83%BC%E3%82%B7%E3%83%A7%E3%83%B3%E3%81%88%E3%81%A0%E3%81%BE%E3%82%81%20%E6%9D%B1%E8%BF%91%E6%B1%9F%E5%B8%82
あおぞら訪問看護ステーション,訪問看護,滋賀県,東近江市,"介護,訪問看護,医療",看護師などが自宅へ訪問し、健康状態の確認や医療的ケア、療養生活の支援を行います。,https://aozora-lake-east.com/,滋賀県東近江市平松町498番地,0749-45-8277,厚生労働省オープンデータ,https://www.mhlw.go.jp/content/12300000/jigyosho_130.csv,2025-12末,https://www.google.com/search?q=%E3%81%82%E3%81%8A%E3%81%9E%E3%82%89%E8%A8%AA%E5%95%8F%E7%9C%8B%E8%AD%B7%E3%82%B9%E3%83%86%E3%83%BC%E3%82%B7%E3%83%A7%E3%83%B3%20%E6%9D%B1%E8%BF%91%E6%B1%9F%E5%B8%82
訪問看護リハビリステーションまごころ東近江,訪問看護,滋賀県,東近江市,"介護,訪問看護,医療",看護師などが自宅へ訪問し、健康状態の確認や医療的ケア、療養生活の支援を行います。,https://www.dayservice-magokoro.com/,滋賀県東近江市東沖野2丁目4‐3ナーシングホームまごころ内,0748-43-2951,厚生労働省オープンデータ,https://www.mhlw.go.jp/content/12300000/jigyosho_130.csv,2025-12末,https://www.google.com/search?q=%E8%A8%AA%E5%95%8F%E7%9C%8B%E8%AD%B7%E3%83%AA%E3%83%8F%E3%83%93%E3%83%AA%E3%82%B9%E3%83%86%E3%83%BC%E3%82%B7%E3%83%A7%E3%83%B3%E3%81%BE%E3%81%94%E3%81%93%E3%82%8D%E6%9D%B1%E8%BF%91%E6%B1%9F%20%E6%9D%B1%E8%BF%91%E6%B1%9F%E5%B8%82
株式会社　サクセス近江　ひいらぎの里訪問看護ステーション,訪問看護,滋賀県,東近江市,"介護,訪問看護,医療",看護師などが自宅へ訪問し、健康状態の確認や医療的ケア、療養生活の支援を行います。,https://www.google.com/search?q=%E6%A0%AA%E5%BC%8F%E4%BC%9A%E7%A4%BE%E3%80%80%E3%82%B5%E3%82%AF%E3%82%BB%E3%82%B9%E8%BF%91%E6%B1%9F%E3%80%80%E3%81%B2%E3%81%84%E3%82%89%E3%81%8E%E3%81%AE%E9%87%8C%E8%A8%AA%E5%95%8F%E7%9C%8B%E8%AD%B7%E3%82%B9%E3%83%86%E3%83%BC%E3%82%B7%E3%83%A7%E3%83%B3%20%E6%9D%B1%E8%BF%91%E6%B1%9F%E5%B8%82,滋賀県東近江市山路町323-1東陽ハイツ206,0748-34-0075,厚生労働省オープンデータ,https://www.mhlw.go.jp/content/12300000/jigyosho_130.csv,2025-12末,https://www.google.com/search?q=%E6%A0%AA%E5%BC%8F%E4%BC%9A%E7%A4%BE%E3%80%80%E3%82%B5%E3%82%AF%E3%82%BB%E3%82%B9%E8%BF%91%E6%B1%9F%E3%80%80%E3%81%B2%E3%81%84%E3%82%89%E3%81%8E%E3%81%AE%E9%87%8C%E8%A8%AA%E5%95%8F%E7%9C%8B%E8%AD%B7%E3%82%B9%E3%83%86%E3%83%BC%E3%82%B7%E3%83%A7%E3%83%B3%20%E6%9D%B1%E8%BF%91%E6%B1%9F%E5%B8%82
公益社団法人滋賀県看護協会訪問看護ステーション,訪問看護,滋賀県,東近江市,"介護,訪問看護,医療",看護師などが自宅へ訪問し、健康状態の確認や医療的ケア、療養生活の支援を行います。,https://www.google.com/search?q=%E5%85%AC%E7%9B%8A%E7%A4%BE%E5%9B%A3%E6%B3%95%E4%BA%BA%E6%BB%8B%E8%B3%80%E7%9C%8C%E7%9C%8B%E8%AD%B7%E5%8D%94%E4%BC%9A%E8%A8%AA%E5%95%8F%E7%9C%8B%E8%AD%B7%E3%82%B9%E3%83%86%E3%83%BC%E3%82%B7%E3%83%A7%E3%83%B3%20%E6%9D%B1%E8%BF%91%E6%B1%9F%E5%B8%82,滋賀県東近江市八日市上之町1-39公益社団法人滋賀県看護協会在宅ケアセンターみのり,0748-23-8654,厚生労働省オープンデータ,https://www.mhlw.go.jp/content/12300000/jigyosho_130.csv,2025-12末,https://www.google.com/search?q=%E5%85%AC%E7%9B%8A%E7%A4%BE%E5%9B%A3%E6%B3%95%E4%BA%BA%E6%BB%8B%E8%B3%80%E7%9C%8C%E7%9C%8B%E8%AD%B7%E5%8D%94%E4%BC%9A%E8%A8%AA%E5%95%8F%E7%9C%8B%E8%AD%B7%E3%82%B9%E3%83%86%E3%83%BC%E3%82%B7%E3%83%A7%E3%83%B3%20%E6%9D%B1%E8%BF%91%E6%B1%9F%E5%B8%82
結の家訪問看護ステーション,訪問看護,滋賀県,東近江市,"介護,訪問看護,医療",看護師などが自宅へ訪問し、健康状態の確認や医療的ケア、療養生活の支援を行います。,http://www.fukushi-mall.com,小倉町1975番地2,0749-46-2165,厚生労働省オープンデータ,https://www.mhlw.go.jp/content/12300000/jigyosho_130.csv,2025-12末,https://www.google.com/search?q=%E7%B5%90%E3%81%AE%E5%AE%B6%E8%A8%AA%E5%95%8F%E7%9C%8B%E8%AD%B7%E3%82%B9%E3%83%86%E3%83%BC%E3%82%B7%E3%83%A7%E3%83%B3%20%E6%9D%B1%E8%BF%91%E6%B1%9F%E5%B8%82
訪問看護ステーションあすか,訪問看護,滋賀県,米原市,"介護,訪問看護,医療",看護師などが自宅へ訪問し、健康状態の確認や医療的ケア、療養生活の支援を行います。,https://askacare.com/,顔戸1411-50,0749-52-1444,厚生労働省オープンデータ,https://www.mhlw.go.jp/content/12300000/jigyosho_130.csv,2025-12末,https://www.google.com/search?q=%E8%A8%AA%E5%95%8F%E7%9C%8B%E8%AD%B7%E3%82%B9%E3%83%86%E3%83%BC%E3%82%B7%E3%83%A7%E3%83%B3%E3%81%82%E3%81%99%E3%81%8B%20%E7%B1%B3%E5%8E%9F%E5%B8%82
訪問看護ステーション　ひだまり,訪問看護,滋賀県,米原市,"介護,訪問看護,医療",看護師などが自宅へ訪問し、健康状態の確認や医療的ケア、療養生活の支援を行います。,www.hidamari-shiga.jp,滋賀県米原市能登瀬1322-1,0749-54-2233,厚生労働省オープンデータ,https://www.mhlw.go.jp/content/12300000/jigyosho_130.csv,2025-12末,https://www.google.com/search?q=%E8%A8%AA%E5%95%8F%E7%9C%8B%E8%AD%B7%E3%82%B9%E3%83%86%E3%83%BC%E3%82%B7%E3%83%A7%E3%83%B3%E3%80%80%E3%81%B2%E3%81%A0%E3%81%BE%E3%82%8A%20%E7%B1%B3%E5%8E%9F%E5%B8%82
訪問看護ステーションみしま池,訪問看護,滋賀県,米原市,"介護,訪問看護,医療",看護師などが自宅へ訪問し、健康状態の確認や医療的ケア、療養生活の支援を行います。,https://www.cs-mishimaike.com/,滋賀県米原市池下563-1,0749-56-0507,厚生労働省オープンデータ,https://www.mhlw.go.jp/content/12300000/jigyosho_130.csv,2025-12末,https://www.google.com/search?q=%E8%A8%AA%E5%95%8F%E7%9C%8B%E8%AD%B7%E3%82%B9%E3%83%86%E3%83%BC%E3%82%B7%E3%83%A7%E3%83%B3%E3%81%BF%E3%81%97%E3%81%BE%E6%B1%A0%20%E7%B1%B3%E5%8E%9F%E5%B8%82
地域包括ケアセンターいぶき,訪問看護,滋賀県,米原市,"介護,訪問看護,医療",看護師などが自宅へ訪問し、健康状態の確認や医療的ケア、療養生活の支援を行います。,https://www.jadecom.or.jp/jadecomhp/ibuki,滋賀県米原市春照58-1,0749-58-1222,厚生労働省オープンデータ,https://www.mhlw.go.jp/content/12300000/jigyosho_130.csv,2025-12末,https://www.google.com/search?q=%E5%9C%B0%E5%9F%9F%E5%8C%85%E6%8B%AC%E3%82%B1%E3%82%A2%E3%82%BB%E3%83%B3%E3%82%BF%E3%83%BC%E3%81%84%E3%81%B6%E3%81%8D%20%E7%B1%B3%E5%8E%9F%E5%B8%82
訪問看護ステーションライフ,訪問看護,滋賀県,米原市,"介護,訪問看護,医療",看護師などが自宅へ訪問し、健康状態の確認や医療的ケア、療養生活の支援を行います。,http://www.lifewelfa.com,滋賀県米原市高溝636-6http://www.lifewelfa.com,0749-52-8686,厚生労働省オープンデータ,https://www.mhlw.go.jp/content/12300000/jigyosho_130.csv,2025-12末,https://www.google.com/search?q=%E8%A8%AA%E5%95%8F%E7%9C%8B%E8%AD%B7%E3%82%B9%E3%83%86%E3%83%BC%E3%82%B7%E3%83%A7%E3%83%B3%E3%83%A9%E3%82%A4%E3%83%95%20%E7%B1%B3%E5%8E%9F%E5%B8%82
こむぎ訪問看護ステーション,訪問看護,滋賀県,米原市,"介護,訪問看護,医療",看護師などが自宅へ訪問し、健康状態の確認や医療的ケア、療養生活の支援を行います。,http://www.sinca100.biz/,滋賀県米原市多和田1031-3,0749-56-0872,厚生労働省オープンデータ,https://www.mhlw.go.jp/content/12300000/jigyosho_130.csv,2025-12末,https://www.google.com/search?q=%E3%81%93%E3%82%80%E3%81%8E%E8%A8%AA%E5%95%8F%E7%9C%8B%E8%AD%B7%E3%82%B9%E3%83%86%E3%83%BC%E3%82%B7%E3%83%A7%E3%83%B3%20%E7%B1%B3%E5%8E%9F%E5%B8%82
医療法人社団朝日医院,訪問看護,滋賀県,日野町,"介護,訪問看護,医療",看護師などが自宅へ訪問し、健康状態の確認や医療的ケア、療養生活の支援を行います。,http://shigaken-asahi-iin.jp/,滋賀県蒲生郡日野町大窪1010-1,0748-52-0057,厚生労働省オープンデータ,https://www.mhlw.go.jp/content/12300000/jigyosho_130.csv,2025-12末,https://www.google.com/search?q=%E5%8C%BB%E7%99%82%E6%B3%95%E4%BA%BA%E7%A4%BE%E5%9B%A3%E6%9C%9D%E6%97%A5%E5%8C%BB%E9%99%A2%20%E6%97%A5%E9%87%8E%E7%94%BA
訪問看護ステーションすばる,訪問看護,滋賀県,日野町,"介護,訪問看護,医療",看護師などが自宅へ訪問し、健康状態の確認や医療的ケア、療養生活の支援を行います。,http://www.subarukai.jp/sthino,蒲生郡日野町上野田246番地,0748-52-8161,厚生労働省オープンデータ,https://www.mhlw.go.jp/content/12300000/jigyosho_130.csv,2025-12末,https://www.google.com/search?q=%E8%A8%AA%E5%95%8F%E7%9C%8B%E8%AD%B7%E3%82%B9%E3%83%86%E3%83%BC%E3%82%B7%E3%83%A7%E3%83%B3%E3%81%99%E3%81%B0%E3%82%8B%20%E6%97%A5%E9%87%8E%E7%94%BA
医療法人社団弓削メディカルクリニック在宅医療部,訪問看護,滋賀県,竜王町,"介護,訪問看護,医療",看護師などが自宅へ訪問し、健康状態の確認や医療的ケア、療養生活の支援を行います。,http//www.biwa.ne.jp/~masa-ame,滋賀県蒲生郡竜王町弓削1825,0748-57-1141,厚生労働省オープンデータ,https://www.mhlw.go.jp/content/12300000/jigyosho_130.csv,2025-12末,https://www.google.com/search?q=%E5%8C%BB%E7%99%82%E6%B3%95%E4%BA%BA%E7%A4%BE%E5%9B%A3%E5%BC%93%E5%89%8A%E3%83%A1%E3%83%87%E3%82%A3%E3%82%AB%E3%83%AB%E3%82%AF%E3%83%AA%E3%83%8B%E3%83%83%E3%82%AF%E5%9C%A8%E5%AE%85%E5%8C%BB%E7%99%82%E9%83%A8%20%E7%AB%9C%E7%8E%8B%E7%94%BA
訪問看護ステーション　ゆげ,訪問看護,滋賀県,竜王町,"介護,訪問看護,医療",看護師などが自宅へ訪問し、健康状態の確認や医療的ケア、療養生活の支援を行います。,https://www.yugemed.com,滋賀県蒲生郡竜王町弓削1825,0748-57-0584,厚生労働省オープンデータ,https://www.mhlw.go.jp/content/12300000/jigyosho_130.csv,2025-12末,https://www.google.com/search?q=%E8%A8%AA%E5%95%8F%E7%9C%8B%E8%AD%B7%E3%82%B9%E3%83%86%E3%83%BC%E3%82%B7%E3%83%A7%E3%83%B3%E3%80%80%E3%82%86%E3%81%92%20%E7%AB%9C%E7%8E%8B%E7%94%BA
訪問看護ステーション輝₋ひかり‐,訪問看護,滋賀県,愛荘町,"介護,訪問看護,医療",看護師などが自宅へ訪問し、健康状態の確認や医療的ケア、療養生活の支援を行います。,https://www.houmonkangohikari.com/,滋賀県愛知郡愛荘町長野2124－3,0749-42-3232,厚生労働省オープンデータ,https://www.mhlw.go.jp/content/12300000/jigyosho_130.csv,2025-12末,https://www.google.com/search?q=%E8%A8%AA%E5%95%8F%E7%9C%8B%E8%AD%B7%E3%82%B9%E3%83%86%E3%83%BC%E3%82%B7%E3%83%A7%E3%83%B3%E8%BC%9D%E2%82%8B%E3%81%B2%E3%81%8B%E3%82%8A%E2%80%90%20%E6%84%9B%E8%8D%98%E7%94%BA
訪問看護ステーション　ままのて,訪問看護,滋賀県,愛荘町,"介護,訪問看護,医療",看護師などが自宅へ訪問し、健康状態の確認や医療的ケア、療養生活の支援を行います。,https://www.google.com/search?q=%E8%A8%AA%E5%95%8F%E7%9C%8B%E8%AD%B7%E3%82%B9%E3%83%86%E3%83%BC%E3%82%B7%E3%83%A7%E3%83%B3%E3%80%80%E3%81%BE%E3%81%BE%E3%81%AE%E3%81%A6%20%E6%84%9B%E8%8D%98%E7%94%BA,滋賀県愛知郡愛荘町南野々目１１６-１,0749-30-9268,厚生労働省オープンデータ,https://www.mhlw.go.jp/content/12300000/jigyosho_130.csv,2025-12末,https://www.google.com/search?q=%E8%A8%AA%E5%95%8F%E7%9C%8B%E8%AD%B7%E3%82%B9%E3%83%86%E3%83%BC%E3%82%B7%E3%83%A7%E3%83%B3%E3%80%80%E3%81%BE%E3%81%BE%E3%81%AE%E3%81%A6%20%E6%84%9B%E8%8D%98%E7%94%BA
(公財)豊郷病院　訪問看護ステーションレインボウとよさと,訪問看護,滋賀県,豊郷町,"介護,訪問看護,医療",看護師などが自宅へ訪問し、健康状態の確認や医療的ケア、療養生活の支援を行います。,http://www.toyosato.or.jp,滋賀県犬上郡豊郷町石畑199-7,0749-35-3035,厚生労働省オープンデータ,https://www.mhlw.go.jp/content/12300000/jigyosho_130.csv,2025-12末,https://www.google.com/search?q=%28%E5%85%AC%E8%B2%A1%29%E8%B1%8A%E9%83%B7%E7%97%85%E9%99%A2%E3%80%80%E8%A8%AA%E5%95%8F%E7%9C%8B%E8%AD%B7%E3%82%B9%E3%83%86%E3%83%BC%E3%82%B7%E3%83%A7%E3%83%B3%E3%83%AC%E3%82%A4%E3%83%B3%E3%83%9C%E3%82%A6%E3%81%A8%E3%82%88%E3%81%95%E3%81%A8%20%E8%B1%8A%E9%83%B7%E7%94%BA
リーチ訪問看護ステーション,訪問看護,滋賀県,豊郷町,"介護,訪問看護,医療",看護師などが自宅へ訪問し、健康状態の確認や医療的ケア、療養生活の支援を行います。,reach-iris@reach-green.com,滋賀県犬上郡豊郷町石畑１８７－６みかんなカボス１０２,0749-47-3226,厚生労働省オープンデータ,https://www.mhlw.go.jp/content/12300000/jigyosho_130.csv,2025-12末,https://www.google.com/search?q=%E3%83%AA%E3%83%BC%E3%83%81%E8%A8%AA%E5%95%8F%E7%9C%8B%E8%AD%B7%E3%82%B9%E3%83%86%E3%83%BC%E3%82%B7%E3%83%A7%E3%83%B3%20%E8%B1%8A%E9%83%B7%E7%94%BA
訪問看護ステーション　ここあ,訪問看護,滋賀県,甲良町,"介護,訪問看護,医療",看護師などが自宅へ訪問し、健康状態の確認や医療的ケア、療養生活の支援を行います。,https://houmonkango-cocoa.amebaownd.com,滋賀県犬上郡甲良町大字北落400番地,0749-38-5170,厚生労働省オープンデータ,https://www.mhlw.go.jp/content/12300000/jigyosho_130.csv,2025-12末,https://www.google.com/search?q=%E8%A8%AA%E5%95%8F%E7%9C%8B%E8%AD%B7%E3%82%B9%E3%83%86%E3%83%BC%E3%82%B7%E3%83%A7%E3%83%B3%E3%80%80%E3%81%93%E3%81%93%E3%81%82%20%E7%94%B2%E8%89%AF%E7%94%BA
介護老人保健施設ｹｱｾﾝﾀｰ志賀（訪問リハビリテーション）,訪問リハビリ,滋賀県,大津市,"介護,訪問リハビリ,リハビリ",訪問リハビリの公式オープンデータから取り込んだ候補です。詳細は公式情報・電話・見学で確認してください。,http;//www.kosei-f.jp/,大津市和邇高城260-1,077-591-0110,厚生労働省オープンデータ,https://www.mhlw.go.jp/content/12300000/jigyosho_140.csv,2025-12末,https://www.google.com/search?q=%E4%BB%8B%E8%AD%B7%E8%80%81%E4%BA%BA%E4%BF%9D%E5%81%A5%E6%96%BD%E8%A8%AD%EF%BD%B9%EF%BD%B1%EF%BD%BE%EF%BE%9D%EF%BE%80%EF%BD%B0%E5%BF%97%E8%B3%80%EF%BC%88%E8%A8%AA%E5%95%8F%E3%83%AA%E3%83%8F%E3%83%93%E3%83%AA%E3%83%86%E3%83%BC%E3%82%B7%E3%83%A7%E3%83%B3%EF%BC%89%20%E5%A4%A7%E6%B4%A5%E5%B8%82
医療法人社団　湖光会　せいらんクリニック,訪問リハビリ,滋賀県,大津市,"介護,訪問リハビリ,リハビリ",訪問リハビリの公式オープンデータから取り込んだ候補です。詳細は公式情報・電話・見学で確認してください。,https://ishiyama-naika-seikei.com,滋賀県大津市松原町14‐7,077-574-7700,厚生労働省オープンデータ,https://www.mhlw.go.jp/content/12300000/jigyosho_140.csv,2025-12末,https://www.google.com/search?q=%E5%8C%BB%E7%99%82%E6%B3%95%E4%BA%BA%E7%A4%BE%E5%9B%A3%E3%80%80%E6%B9%96%E5%85%89%E4%BC%9A%E3%80%80%E3%81%9B%E3%81%84%E3%82%89%E3%82%93%E3%82%AF%E3%83%AA%E3%83%8B%E3%83%83%E3%82%AF%20%E5%A4%A7%E6%B4%A5%E5%B8%82
大津赤十字志賀病院,訪問リハビリ,滋賀県,大津市,"介護,訪問リハビリ,リハビリ",訪問リハビリの公式オープンデータから取り込んだ候補です。詳細は公式情報・電話・見学で確認してください。,https://www.otsu-shiga.jrc.or.jp,滋賀県大津市和邇中298,077-594-8777,厚生労働省オープンデータ,https://www.mhlw.go.jp/content/12300000/jigyosho_140.csv,2025-12末,https://www.google.com/search?q=%E5%A4%A7%E6%B4%A5%E8%B5%A4%E5%8D%81%E5%AD%97%E5%BF%97%E8%B3%80%E7%97%85%E9%99%A2%20%E5%A4%A7%E6%B4%A5%E5%B8%82
介護老人保健施設日和の里　訪問リハビリテーション,訪問リハビリ,滋賀県,大津市,"介護,訪問リハビリ,リハビリ",訪問リハビリの公式オープンデータから取り込んだ候補です。詳細は公式情報・電話・見学で確認してください。,http://shigamin.jp/hiyori/,滋賀県大津市坂本6丁目25-3,077-579-0309,厚生労働省オープンデータ,https://www.mhlw.go.jp/content/12300000/jigyosho_140.csv,2025-12末,https://www.google.com/search?q=%E4%BB%8B%E8%AD%B7%E8%80%81%E4%BA%BA%E4%BF%9D%E5%81%A5%E6%96%BD%E8%A8%AD%E6%97%A5%E5%92%8C%E3%81%AE%E9%87%8C%E3%80%80%E8%A8%AA%E5%95%8F%E3%83%AA%E3%83%8F%E3%83%93%E3%83%AA%E3%83%86%E3%83%BC%E3%82%B7%E3%83%A7%E3%83%B3%20%E5%A4%A7%E6%B4%A5%E5%B8%82
医療法人良善会　ひかり病院　訪問リハビリテーション,訪問リハビリ,滋賀県,大津市,"介護,訪問リハビリ,リハビリ",訪問リハビリの公式オープンデータから取り込んだ候補です。詳細は公式情報・電話・見学で確認してください。,http://hikaribyouin.com/,滋賀県大津市際川3丁目35-1,077-522-5411,厚生労働省オープンデータ,https://www.mhlw.go.jp/content/12300000/jigyosho_140.csv,2025-12末,https://www.google.com/search?q=%E5%8C%BB%E7%99%82%E6%B3%95%E4%BA%BA%E8%89%AF%E5%96%84%E4%BC%9A%E3%80%80%E3%81%B2%E3%81%8B%E3%82%8A%E7%97%85%E9%99%A2%E3%80%80%E8%A8%AA%E5%95%8F%E3%83%AA%E3%83%8F%E3%83%93%E3%83%AA%E3%83%86%E3%83%BC%E3%82%B7%E3%83%A7%E3%83%B3%20%E5%A4%A7%E6%B4%A5%E5%B8%82
橋本整形外科医院・通所リハビリセンター,訪問リハビリ,滋賀県,大津市,"介護,訪問リハビリ,リハビリ",訪問リハビリの公式オープンデータから取り込んだ候補です。詳細は公式情報・電話・見学で確認してください。,http://www.hashimoto-seikeigeka.jp/,滋賀県大津市際川3丁目19－13,077-525-5501,厚生労働省オープンデータ,https://www.mhlw.go.jp/content/12300000/jigyosho_140.csv,2025-12末,https://www.google.com/search?q=%E6%A9%8B%E6%9C%AC%E6%95%B4%E5%BD%A2%E5%A4%96%E7%A7%91%E5%8C%BB%E9%99%A2%E3%83%BB%E9%80%9A%E6%89%80%E3%83%AA%E3%83%8F%E3%83%93%E3%83%AA%E3%82%BB%E3%83%B3%E3%82%BF%E3%83%BC%20%E5%A4%A7%E6%B4%A5%E5%B8%82
医療法人華頂会　琵琶湖養育院病院　訪問リハビリステーション,訪問リハビリ,滋賀県,大津市,"介護,訪問リハビリ,リハビリ",訪問リハビリの公式オープンデータから取り込んだ候補です。詳細は公式情報・電話・見学で確認してください。,http://www.kachokai.or.jp/,大津市大萱七丁目7-2,077-548-7525,厚生労働省オープンデータ,https://www.mhlw.go.jp/content/12300000/jigyosho_140.csv,2025-12末,https://www.google.com/search?q=%E5%8C%BB%E7%99%82%E6%B3%95%E4%BA%BA%E8%8F%AF%E9%A0%82%E4%BC%9A%E3%80%80%E7%90%B5%E7%90%B6%E6%B9%96%E9%A4%8A%E8%82%B2%E9%99%A2%E7%97%85%E9%99%A2%E3%80%80%E8%A8%AA%E5%95%8F%E3%83%AA%E3%83%8F%E3%83%93%E3%83%AA%E3%82%B9%E3%83%86%E3%83%BC%E3%82%B7%E3%83%A7%E3%83%B3%20%E5%A4%A7%E6%B4%A5%E5%B8%82
介護老人保健施設レーク・ホロニー,訪問リハビリ,滋賀県,大津市,"介護,訪問リハビリ,リハビリ",訪問リハビリの公式オープンデータから取り込んだ候補です。詳細は公式情報・電話・見学で確認してください。,https://lake-horony.jp/,滋賀県大津市大萱７丁目7-3,077-545-2555,厚生労働省オープンデータ,https://www.mhlw.go.jp/content/12300000/jigyosho_140.csv,2025-12末,https://www.google.com/search?q=%E4%BB%8B%E8%AD%B7%E8%80%81%E4%BA%BA%E4%BF%9D%E5%81%A5%E6%96%BD%E8%A8%AD%E3%83%AC%E3%83%BC%E3%82%AF%E3%83%BB%E3%83%9B%E3%83%AD%E3%83%8B%E3%83%BC%20%E5%A4%A7%E6%B4%A5%E5%B8%82
医療法人さんらく会遠藤クリニック,訪問リハビリ,滋賀県,大津市,"介護,訪問リハビリ,リハビリ",訪問リハビリの公式オープンデータから取り込んだ候補です。詳細は公式情報・電話・見学で確認してください。,http://www.endo.clinic.or.jp,滋賀県大津市千町二丁目15-22,077-533-3133,厚生労働省オープンデータ,https://www.mhlw.go.jp/content/12300000/jigyosho_140.csv,2025-12末,https://www.google.com/search?q=%E5%8C%BB%E7%99%82%E6%B3%95%E4%BA%BA%E3%81%95%E3%82%93%E3%82%89%E3%81%8F%E4%BC%9A%E9%81%A0%E8%97%A4%E3%82%AF%E3%83%AA%E3%83%8B%E3%83%83%E3%82%AF%20%E5%A4%A7%E6%B4%A5%E5%B8%82
医療法人弘英会琵琶湖大橋病院,訪問リハビリ,滋賀県,大津市,"介護,訪問リハビリ,リハビリ",訪問リハビリの公式オープンデータから取り込んだ候補です。詳細は公式情報・電話・見学で確認してください。,http://www.boh.or.jp/,滋賀県大津市真野5丁目1番29号,077-573-4321,厚生労働省オープンデータ,https://www.mhlw.go.jp/content/12300000/jigyosho_140.csv,2025-12末,https://www.google.com/search?q=%E5%8C%BB%E7%99%82%E6%B3%95%E4%BA%BA%E5%BC%98%E8%8B%B1%E4%BC%9A%E7%90%B5%E7%90%B6%E6%B9%96%E5%A4%A7%E6%A9%8B%E7%97%85%E9%99%A2%20%E5%A4%A7%E6%B4%A5%E5%B8%82
浜本内科訪問リハビリステーション,訪問リハビリ,滋賀県,大津市,"介護,訪問リハビリ,リハビリ",訪問リハビリの公式オープンデータから取り込んだ候補です。詳細は公式情報・電話・見学で確認してください。,https://hamamotonaika.jp/,滋賀県大津市国分一丁目９－２３,０７７－５３４－６０４３,厚生労働省オープンデータ,https://www.mhlw.go.jp/content/12300000/jigyosho_140.csv,2025-12末,https://www.google.com/search?q=%E6%B5%9C%E6%9C%AC%E5%86%85%E7%A7%91%E8%A8%AA%E5%95%8F%E3%83%AA%E3%83%8F%E3%83%93%E3%83%AA%E3%82%B9%E3%83%86%E3%83%BC%E3%82%B7%E3%83%A7%E3%83%B3%20%E5%A4%A7%E6%B4%A5%E5%B8%82
南大津クリニック,訪問リハビリ,滋賀県,大津市,"介護,訪問リハビリ,リハビリ",訪問リハビリの公式オープンデータから取り込んだ候補です。詳細は公式情報・電話・見学で確認してください。,http://www.ryokuseikai.jp,滋賀県大津市大石中１丁目6-6,077-546-1122,厚生労働省オープンデータ,https://www.mhlw.go.jp/content/12300000/jigyosho_140.csv,2025-12末,https://www.google.com/search?q=%E5%8D%97%E5%A4%A7%E6%B4%A5%E3%82%AF%E3%83%AA%E3%83%8B%E3%83%83%E3%82%AF%20%E5%A4%A7%E6%B4%A5%E5%B8%82
青木医院,訪問リハビリ,滋賀県,大津市,"介護,訪問リハビリ,リハビリ",訪問リハビリの公式オープンデータから取り込んだ候補です。詳細は公式情報・電話・見学で確認してください。,http://www.koseikai.care/,滋賀県大津市和邇高城260番地の1,077-594-8155,厚生労働省オープンデータ,https://www.mhlw.go.jp/content/12300000/jigyosho_140.csv,2025-12末,https://www.google.com/search?q=%E9%9D%92%E6%9C%A8%E5%8C%BB%E9%99%A2%20%E5%A4%A7%E6%B4%A5%E5%B8%82
東医院,訪問リハビリ,滋賀県,大津市,"介護,訪問リハビリ,リハビリ",訪問リハビリの公式オープンデータから取り込んだ候補です。詳細は公式情報・電話・見学で確認してください。,https://www.google.com/search?q=%E6%9D%B1%E5%8C%BB%E9%99%A2%20%E5%A4%A7%E6%B4%A5%E5%B8%82,大津市南小松1594－170,077‐596‐1771,厚生労働省オープンデータ,https://www.mhlw.go.jp/content/12300000/jigyosho_140.csv,2025-12末,https://www.google.com/search?q=%E6%9D%B1%E5%8C%BB%E9%99%A2%20%E5%A4%A7%E6%B4%A5%E5%B8%82
医療法人幸生会　琵琶湖中央リハビリテーション病院　訪問リハビリテーション,訪問リハビリ,滋賀県,大津市,"介護,訪問リハビリ,リハビリ",訪問リハビリの公式オープンデータから取り込んだ候補です。詳細は公式情報・電話・見学で確認してください。,http://www.biwako-chuo-byoin.jp/,滋賀県大津市御殿浜22-33,077-525-6683,厚生労働省オープンデータ,https://www.mhlw.go.jp/content/12300000/jigyosho_140.csv,2025-12末,https://www.google.com/search?q=%E5%8C%BB%E7%99%82%E6%B3%95%E4%BA%BA%E5%B9%B8%E7%94%9F%E4%BC%9A%E3%80%80%E7%90%B5%E7%90%B6%E6%B9%96%E4%B8%AD%E5%A4%AE%E3%83%AA%E3%83%8F%E3%83%93%E3%83%AA%E3%83%86%E3%83%BC%E3%82%B7%E3%83%A7%E3%83%B3%E7%97%85%E9%99%A2%E3%80%80%E8%A8%AA%E5%95%8F%E3%83%AA%E3%83%8F%E3%83%93%E3%83%AA%E3%83%86%E3%83%BC%E3%82%B7%E3%83%A7%E3%83%B3%20%E5%A4%A7%E6%B4%A5%E5%B8%82
医療法人弘英会　介護老人保健施設Ｂ･Ｏ･Ｈケア･サービスセンター,訪問リハビリ,滋賀県,大津市,"介護,訪問リハビリ,リハビリ",訪問リハビリの公式オープンデータから取り込んだ候補です。詳細は公式情報・電話・見学で確認してください。,https://boh-care.jp,滋賀県大津市伊香立途中町７０４番地,077-598-2133,厚生労働省オープンデータ,https://www.mhlw.go.jp/content/12300000/jigyosho_140.csv,2025-12末,https://www.google.com/search?q=%E5%8C%BB%E7%99%82%E6%B3%95%E4%BA%BA%E5%BC%98%E8%8B%B1%E4%BC%9A%E3%80%80%E4%BB%8B%E8%AD%B7%E8%80%81%E4%BA%BA%E4%BF%9D%E5%81%A5%E6%96%BD%E8%A8%AD%EF%BC%A2%EF%BD%A5%EF%BC%AF%EF%BD%A5%EF%BC%A8%E3%82%B1%E3%82%A2%EF%BD%A5%E3%82%B5%E3%83%BC%E3%83%93%E3%82%B9%E3%82%BB%E3%83%B3%E3%82%BF%E3%83%BC%20%E5%A4%A7%E6%B4%A5%E5%B8%82
医療法人社団　加音　瀬田西クリニック訪問リハビリステーション,訪問リハビリ,滋賀県,大津市,"介護,訪問リハビリ,リハビリ",訪問リハビリの公式オープンデータから取り込んだ候補です。詳細は公式情報・電話・見学で確認してください。,https://www.setanishi.jp/,滋賀県大津市瀬田3丁目37番9号,077-545-5255,厚生労働省オープンデータ,https://www.mhlw.go.jp/content/12300000/jigyosho_140.csv,2025-12末,https://www.google.com/search?q=%E5%8C%BB%E7%99%82%E6%B3%95%E4%BA%BA%E7%A4%BE%E5%9B%A3%E3%80%80%E5%8A%A0%E9%9F%B3%E3%80%80%E7%80%AC%E7%94%B0%E8%A5%BF%E3%82%AF%E3%83%AA%E3%83%8B%E3%83%83%E3%82%AF%E8%A8%AA%E5%95%8F%E3%83%AA%E3%83%8F%E3%83%93%E3%83%AA%E3%82%B9%E3%83%86%E3%83%BC%E3%82%B7%E3%83%A7%E3%83%B3%20%E5%A4%A7%E6%B4%A5%E5%B8%82
医療法人社団　五心会　ひらたクリニック,訪問リハビリ,滋賀県,彦根市,"介護,訪問リハビリ,リハビリ",訪問リハビリの公式オープンデータから取り込んだ候補です。詳細は公式情報・電話・見学で確認してください。,https://www.google.com/search?q=%E5%8C%BB%E7%99%82%E6%B3%95%E4%BA%BA%E7%A4%BE%E5%9B%A3%E3%80%80%E4%BA%94%E5%BF%83%E4%BC%9A%E3%80%80%E3%81%B2%E3%82%89%E3%81%9F%E3%82%AF%E3%83%AA%E3%83%8B%E3%83%83%E3%82%AF%20%E5%BD%A6%E6%A0%B9%E5%B8%82,彦根市平田町448-1,0749-21-4611,厚生労働省オープンデータ,https://www.mhlw.go.jp/content/12300000/jigyosho_140.csv,2025-12末,https://www.google.com/search?q=%E5%8C%BB%E7%99%82%E6%B3%95%E4%BA%BA%E7%A4%BE%E5%9B%A3%E3%80%80%E4%BA%94%E5%BF%83%E4%BC%9A%E3%80%80%E3%81%B2%E3%82%89%E3%81%9F%E3%82%AF%E3%83%AA%E3%83%8B%E3%83%83%E3%82%AF%20%E5%BD%A6%E6%A0%B9%E5%B8%82
訪問リハビリステーションオリーブ,訪問リハビリ,滋賀県,彦根市,"介護,訪問リハビリ,リハビリ",訪問リハビリの公式オープンデータから取り込んだ候補です。詳細は公式情報・電話・見学で確認してください。,http://yujin-kaigo.com/,滋賀県彦根市竹ヶ鼻町80番地,0749-21-3300,厚生労働省オープンデータ,https://www.mhlw.go.jp/content/12300000/jigyosho_140.csv,2025-12末,https://www.google.com/search?q=%E8%A8%AA%E5%95%8F%E3%83%AA%E3%83%8F%E3%83%93%E3%83%AA%E3%82%B9%E3%83%86%E3%83%BC%E3%82%B7%E3%83%A7%E3%83%B3%E3%82%AA%E3%83%AA%E3%83%BC%E3%83%96%20%E5%BD%A6%E6%A0%B9%E5%B8%82
彦根中央病院,訪問リハビリ,滋賀県,彦根市,"介護,訪問リハビリ,リハビリ",訪問リハビリの公式オープンデータから取り込んだ候補です。詳細は公式情報・電話・見学で確認してください。,hchp@nifty.com,西今町421番地,0749231211,厚生労働省オープンデータ,https://www.mhlw.go.jp/content/12300000/jigyosho_140.csv,2025-12末,https://www.google.com/search?q=%E5%BD%A6%E6%A0%B9%E4%B8%AD%E5%A4%AE%E7%97%85%E9%99%A2%20%E5%BD%A6%E6%A0%B9%E5%B8%82
医療法人東川クリニック,訪問リハビリ,滋賀県,長浜市,"介護,訪問リハビリ,リハビリ",訪問リハビリの公式オープンデータから取り込んだ候補です。詳細は公式情報・電話・見学で確認してください。,https://www.google.com/search?q=%E5%8C%BB%E7%99%82%E6%B3%95%E4%BA%BA%E6%9D%B1%E5%B7%9D%E3%82%AF%E3%83%AA%E3%83%8B%E3%83%83%E3%82%AF%20%E9%95%B7%E6%B5%9C%E5%B8%82,滋賀県長浜市弓削町342,0749-72-8633,厚生労働省オープンデータ,https://www.mhlw.go.jp/content/12300000/jigyosho_140.csv,2025-12末,https://www.google.com/search?q=%E5%8C%BB%E7%99%82%E6%B3%95%E4%BA%BA%E6%9D%B1%E5%B7%9D%E3%82%AF%E3%83%AA%E3%83%8B%E3%83%83%E3%82%AF%20%E9%95%B7%E6%B5%9C%E5%B8%82
医療法人　みやこ　　　みやこクリニック,訪問リハビリ,滋賀県,長浜市,"介護,訪問リハビリ,リハビリ",訪問リハビリの公式オープンデータから取り込んだ候補です。詳細は公式情報・電話・見学で確認してください。,http://www.miyakoclinic.net/,滋賀県長浜市湖北町速水2778,0749-78-1884,厚生労働省オープンデータ,https://www.mhlw.go.jp/content/12300000/jigyosho_140.csv,2025-12末,https://www.google.com/search?q=%E5%8C%BB%E7%99%82%E6%B3%95%E4%BA%BA%E3%80%80%E3%81%BF%E3%82%84%E3%81%93%E3%80%80%E3%80%80%E3%80%80%E3%81%BF%E3%82%84%E3%81%93%E3%82%AF%E3%83%AA%E3%83%8B%E3%83%83%E3%82%AF%20%E9%95%B7%E6%B5%9C%E5%B8%82
訪問リハビリテーション琵琶,訪問リハビリ,滋賀県,長浜市,"介護,訪問リハビリ,リハビリ",訪問リハビリの公式オープンデータから取り込んだ候補です。詳細は公式情報・電話・見学で確認してください。,htt://ww.simosaka.jp/indexhtml,滋賀県長浜市川道町2694,0749728080,厚生労働省オープンデータ,https://www.mhlw.go.jp/content/12300000/jigyosho_140.csv,2025-12末,https://www.google.com/search?q=%E8%A8%AA%E5%95%8F%E3%83%AA%E3%83%8F%E3%83%93%E3%83%AA%E3%83%86%E3%83%BC%E3%82%B7%E3%83%A7%E3%83%B3%E7%90%B5%E7%90%B6%20%E9%95%B7%E6%B5%9C%E5%B8%82
にしあざい診療所,訪問リハビリ,滋賀県,長浜市,"介護,訪問リハビリ,リハビリ",訪問リハビリの公式オープンデータから取り込んだ候補です。詳細は公式情報・電話・見学で確認してください。,https://www.google.com/search?q=%E3%81%AB%E3%81%97%E3%81%82%E3%81%96%E3%81%84%E8%A8%BA%E7%99%82%E6%89%80%20%E9%95%B7%E6%B5%9C%E5%B8%82,滋賀県長浜市西浅井町大浦2590番地,0749-89-0012,厚生労働省オープンデータ,https://www.mhlw.go.jp/content/12300000/jigyosho_140.csv,2025-12末,https://www.google.com/search?q=%E3%81%AB%E3%81%97%E3%81%82%E3%81%96%E3%81%84%E8%A8%BA%E7%99%82%E6%89%80%20%E9%95%B7%E6%B5%9C%E5%B8%82
介護老人保健施設　長浜メディケアセンター,訪問リハビリ,滋賀県,長浜市,"介護,訪問リハビリ,リハビリ",訪問リハビリの公式オープンデータから取り込んだ候補です。詳細は公式情報・電話・見学で確認してください。,http:/seishokai.jp/nmc,滋賀県長浜市加田町2984-1,0749-65-2011,厚生労働省オープンデータ,https://www.mhlw.go.jp/content/12300000/jigyosho_140.csv,2025-12末,https://www.google.com/search?q=%E4%BB%8B%E8%AD%B7%E8%80%81%E4%BA%BA%E4%BF%9D%E5%81%A5%E6%96%BD%E8%A8%AD%E3%80%80%E9%95%B7%E6%B5%9C%E3%83%A1%E3%83%87%E3%82%A3%E3%82%B1%E3%82%A2%E3%82%BB%E3%83%B3%E3%82%BF%E3%83%BC%20%E9%95%B7%E6%B5%9C%E5%B8%82
医療法人堤整形外科,訪問リハビリ,滋賀県,長浜市,"介護,訪問リハビリ,リハビリ",訪問リハビリの公式オープンデータから取り込んだ候補です。詳細は公式情報・電話・見学で確認してください。,https://tsutsumi-seikei.jp/,滋賀県長浜市八幡中山町393-1,0749-62-9191,厚生労働省オープンデータ,https://www.mhlw.go.jp/content/12300000/jigyosho_140.csv,2025-12末,https://www.google.com/search?q=%E5%8C%BB%E7%99%82%E6%B3%95%E4%BA%BA%E5%A0%A4%E6%95%B4%E5%BD%A2%E5%A4%96%E7%A7%91%20%E9%95%B7%E6%B5%9C%E5%B8%82
おさだファミリークリニックメディカルリハらん,訪問リハビリ,滋賀県,近江八幡市,"介護,訪問リハビリ,リハビリ",訪問リハビリの公式オープンデータから取り込んだ候補です。詳細は公式情報・電話・見学で確認してください。,https://www.google.com/search?q=%E3%81%8A%E3%81%95%E3%81%A0%E3%83%95%E3%82%A1%E3%83%9F%E3%83%AA%E3%83%BC%E3%82%AF%E3%83%AA%E3%83%8B%E3%83%83%E3%82%AF%E3%83%A1%E3%83%87%E3%82%A3%E3%82%AB%E3%83%AB%E3%83%AA%E3%83%8F%E3%82%89%E3%82%93%20%E8%BF%91%E6%B1%9F%E5%85%AB%E5%B9%A1%E5%B8%82,滋賀県近江八幡市長田町1268-1,0748-36-1626,厚生労働省オープンデータ,https://www.mhlw.go.jp/content/12300000/jigyosho_140.csv,2025-12末,https://www.google.com/search?q=%E3%81%8A%E3%81%95%E3%81%A0%E3%83%95%E3%82%A1%E3%83%9F%E3%83%AA%E3%83%BC%E3%82%AF%E3%83%AA%E3%83%8B%E3%83%83%E3%82%AF%E3%83%A1%E3%83%87%E3%82%A3%E3%82%AB%E3%83%AB%E3%83%AA%E3%83%8F%E3%82%89%E3%82%93%20%E8%BF%91%E6%B1%9F%E5%85%AB%E5%B9%A1%E5%B8%82
介護老人保健施設　ヴォーリズ老健センター,訪問リハビリ,滋賀県,近江八幡市,"介護,訪問リハビリ,リハビリ",訪問リハビリの公式オープンデータから取り込んだ候補です。詳細は公式情報・電話・見学で確認してください。,http://vo-roken.com/,近江八幡市北之庄町492番地,0748-32-2007,厚生労働省オープンデータ,https://www.mhlw.go.jp/content/12300000/jigyosho_140.csv,2025-12末,https://www.google.com/search?q=%E4%BB%8B%E8%AD%B7%E8%80%81%E4%BA%BA%E4%BF%9D%E5%81%A5%E6%96%BD%E8%A8%AD%E3%80%80%E3%83%B4%E3%82%A9%E3%83%BC%E3%83%AA%E3%82%BA%E8%80%81%E5%81%A5%E3%82%BB%E3%83%B3%E3%82%BF%E3%83%BC%20%E8%BF%91%E6%B1%9F%E5%85%AB%E5%B9%A1%E5%B8%82
ヴォーリズ記念病院　リハビリテーション技術科　訪問リハビリ部門,訪問リハビリ,滋賀県,近江八幡市,"介護,訪問リハビリ,リハビリ",訪問リハビリの公式オープンデータから取り込んだ候補です。詳細は公式情報・電話・見学で確認してください。,https://www.vories.or.jp/,滋賀県近江八幡市円山町927番地1,0748-36-5476,厚生労働省オープンデータ,https://www.mhlw.go.jp/content/12300000/jigyosho_140.csv,2025-12末,https://www.google.com/search?q=%E3%83%B4%E3%82%A9%E3%83%BC%E3%83%AA%E3%82%BA%E8%A8%98%E5%BF%B5%E7%97%85%E9%99%A2%E3%80%80%E3%83%AA%E3%83%8F%E3%83%93%E3%83%AA%E3%83%86%E3%83%BC%E3%82%B7%E3%83%A7%E3%83%B3%E6%8A%80%E8%A1%93%E7%A7%91%E3%80%80%E8%A8%AA%E5%95%8F%E3%83%AA%E3%83%8F%E3%83%93%E3%83%AA%E9%83%A8%E9%96%80%20%E8%BF%91%E6%B1%9F%E5%85%AB%E5%B9%A1%E5%B8%82
医療法人医誠会　介護老人保健施設　エスペラル近江八幡,訪問リハビリ,滋賀県,近江八幡市,"介護,訪問リハビリ,リハビリ",訪問リハビリの公式オープンデータから取り込んだ候補です。詳細は公式情報・電話・見学で確認してください。,http://www.esp-omihachiman.com,滋賀県近江八幡市大房町1002番地1,0748-32-1165,厚生労働省オープンデータ,https://www.mhlw.go.jp/content/12300000/jigyosho_140.csv,2025-12末,https://www.google.com/search?q=%E5%8C%BB%E7%99%82%E6%B3%95%E4%BA%BA%E5%8C%BB%E8%AA%A0%E4%BC%9A%E3%80%80%E4%BB%8B%E8%AD%B7%E8%80%81%E4%BA%BA%E4%BF%9D%E5%81%A5%E6%96%BD%E8%A8%AD%E3%80%80%E3%82%A8%E3%82%B9%E3%83%9A%E3%83%A9%E3%83%AB%E8%BF%91%E6%B1%9F%E5%85%AB%E5%B9%A1%20%E8%BF%91%E6%B1%9F%E5%85%AB%E5%B9%A1%E5%B8%82
若草診療所,訪問リハビリ,滋賀県,草津市,"介護,訪問リハビリ,リハビリ",訪問リハビリの公式オープンデータから取り込んだ候補です。詳細は公式情報・電話・見学で確認してください。,http://wakakusacl.com/,草津市若草５丁目１３－１,077-564-2091,厚生労働省オープンデータ,https://www.mhlw.go.jp/content/12300000/jigyosho_140.csv,2025-12末,https://www.google.com/search?q=%E8%8B%A5%E8%8D%89%E8%A8%BA%E7%99%82%E6%89%80%20%E8%8D%89%E6%B4%A5%E5%B8%82
南草津病院　訪問リハビリテーション,訪問リハビリ,滋賀県,草津市,"介護,訪問リハビリ,リハビリ",訪問リハビリの公式オープンデータから取り込んだ候補です。詳細は公式情報・電話・見学で確認してください。,http://www.373932hp.jp/,滋賀県草津市野路５丁目２番３９号,077-562-2239,厚生労働省オープンデータ,https://www.mhlw.go.jp/content/12300000/jigyosho_140.csv,2025-12末,https://www.google.com/search?q=%E5%8D%97%E8%8D%89%E6%B4%A5%E7%97%85%E9%99%A2%E3%80%80%E8%A8%AA%E5%95%8F%E3%83%AA%E3%83%8F%E3%83%93%E3%83%AA%E3%83%86%E3%83%BC%E3%82%B7%E3%83%A7%E3%83%B3%20%E8%8D%89%E6%B4%A5%E5%B8%82
草津ケアセンター　訪問リハビリステーション,訪問リハビリ,滋賀県,草津市,"介護,訪問リハビリ,リハビリ",訪問リハビリの公式オープンデータから取り込んだ候補です。詳細は公式情報・電話・見学で確認してください。,http://www.kusatsu-gh.or.jp,滋賀県草津市野村2丁目13番13号介護老人保健施設　草津ケアセンター,077-567-1122,厚生労働省オープンデータ,https://www.mhlw.go.jp/content/12300000/jigyosho_140.csv,2025-12末,https://www.google.com/search?q=%E8%8D%89%E6%B4%A5%E3%82%B1%E3%82%A2%E3%82%BB%E3%83%B3%E3%82%BF%E3%83%BC%E3%80%80%E8%A8%AA%E5%95%8F%E3%83%AA%E3%83%8F%E3%83%93%E3%83%AA%E3%82%B9%E3%83%86%E3%83%BC%E3%82%B7%E3%83%A7%E3%83%B3%20%E8%8D%89%E6%B4%A5%E5%B8%82
医療法人小西醫院,訪問リハビリ,滋賀県,守山市,"介護,訪問リハビリ,リハビリ",訪問リハビリの公式オープンデータから取り込んだ候補です。詳細は公式情報・電話・見学で確認してください。,http://www.konishiclinic.com/,守山市洲本町1256-6,077-584-2666,厚生労働省オープンデータ,https://www.mhlw.go.jp/content/12300000/jigyosho_140.csv,2025-12末,https://www.google.com/search?q=%E5%8C%BB%E7%99%82%E6%B3%95%E4%BA%BA%E5%B0%8F%E8%A5%BF%E9%86%AB%E9%99%A2%20%E5%AE%88%E5%B1%B1%E5%B8%82
金沢整形外科クリニック　訪問リハビリ　あすた,訪問リハビリ,滋賀県,栗東市,"介護,訪問リハビリ,リハビリ",訪問リハビリの公式オープンデータから取り込んだ候補です。詳細は公式情報・電話・見学で確認してください。,http://www.kanazawasseikei.or.jp/,栗東市小野881,077－552－0008,厚生労働省オープンデータ,https://www.mhlw.go.jp/content/12300000/jigyosho_140.csv,2025-12末,https://www.google.com/search?q=%E9%87%91%E6%B2%A2%E6%95%B4%E5%BD%A2%E5%A4%96%E7%A7%91%E3%82%AF%E3%83%AA%E3%83%8B%E3%83%83%E3%82%AF%E3%80%80%E8%A8%AA%E5%95%8F%E3%83%AA%E3%83%8F%E3%83%93%E3%83%AA%E3%80%80%E3%81%82%E3%81%99%E3%81%9F%20%E6%A0%97%E6%9D%B1%E5%B8%82
介護老人保健施設ケアポート栗東,訪問リハビリ,滋賀県,栗東市,"介護,訪問リハビリ,リハビリ",訪問リハビリの公式オープンデータから取り込んだ候補です。詳細は公式情報・電話・見学で確認してください。,http//www.careport-rittou.jp,栗東市大橋２丁目８番２号,077-551-2600,厚生労働省オープンデータ,https://www.mhlw.go.jp/content/12300000/jigyosho_140.csv,2025-12末,https://www.google.com/search?q=%E4%BB%8B%E8%AD%B7%E8%80%81%E4%BA%BA%E4%BF%9D%E5%81%A5%E6%96%BD%E8%A8%AD%E3%82%B1%E3%82%A2%E3%83%9D%E3%83%BC%E3%83%88%E6%A0%97%E6%9D%B1%20%E6%A0%97%E6%9D%B1%E5%B8%82
訪問リハビリテーション心地,訪問リハビリ,滋賀県,甲賀市,"介護,訪問リハビリ,リハビリ",訪問リハビリの公式オープンデータから取り込んだ候補です。詳細は公式情報・電話・見学で確認してください。,t-seikei.jp,甲南町野尻７７－１,0748-86-8210,厚生労働省オープンデータ,https://www.mhlw.go.jp/content/12300000/jigyosho_140.csv,2025-12末,https://www.google.com/search?q=%E8%A8%AA%E5%95%8F%E3%83%AA%E3%83%8F%E3%83%93%E3%83%AA%E3%83%86%E3%83%BC%E3%82%B7%E3%83%A7%E3%83%B3%E5%BF%83%E5%9C%B0%20%E7%94%B2%E8%B3%80%E5%B8%82
甲南病院訪問リハビリテーション事業所,訪問リハビリ,滋賀県,甲賀市,"介護,訪問リハビリ,リハビリ",訪問リハビリの公式オープンデータから取り込んだ候補です。詳細は公式情報・電話・見学で確認してください。,http://www.kohnan-shiga.or.jp/,滋賀県甲賀市甲南町葛木958番地,0748-86-3131,厚生労働省オープンデータ,https://www.mhlw.go.jp/content/12300000/jigyosho_140.csv,2025-12末,https://www.google.com/search?q=%E7%94%B2%E5%8D%97%E7%97%85%E9%99%A2%E8%A8%AA%E5%95%8F%E3%83%AA%E3%83%8F%E3%83%93%E3%83%AA%E3%83%86%E3%83%BC%E3%82%B7%E3%83%A7%E3%83%B3%E4%BA%8B%E6%A5%AD%E6%89%80%20%E7%94%B2%E8%B3%80%E5%B8%82
公立甲賀病院訪問リハビリテーション事業所,訪問リハビリ,滋賀県,甲賀市,"介護,訪問リハビリ,リハビリ",訪問リハビリの公式オープンデータから取り込んだ候補です。詳細は公式情報・電話・見学で確認してください。,https://www.kohka-hp.or.jp/,滋賀県甲賀市水口町松尾1256番地,0748-62-3081,厚生労働省オープンデータ,https://www.mhlw.go.jp/content/12300000/jigyosho_140.csv,2025-12末,https://www.google.com/search?q=%E5%85%AC%E7%AB%8B%E7%94%B2%E8%B3%80%E7%97%85%E9%99%A2%E8%A8%AA%E5%95%8F%E3%83%AA%E3%83%8F%E3%83%93%E3%83%AA%E3%83%86%E3%83%BC%E3%82%B7%E3%83%A7%E3%83%B3%E4%BA%8B%E6%A5%AD%E6%89%80%20%E7%94%B2%E8%B3%80%E5%B8%82
介護老人保健施設　寿々はうす,訪問リハビリ,滋賀県,野洲市,"介護,訪問リハビリ,リハビリ",訪問リハビリの公式オープンデータから取り込んだ候補です。詳細は公式情報・電話・見学で確認してください。,http://www.konan-psy.or.jp/,滋賀県野洲市八夫２０７７,077-589-8320,厚生労働省オープンデータ,https://www.mhlw.go.jp/content/12300000/jigyosho_140.csv,2025-12末,https://www.google.com/search?q=%E4%BB%8B%E8%AD%B7%E8%80%81%E4%BA%BA%E4%BF%9D%E5%81%A5%E6%96%BD%E8%A8%AD%E3%80%80%E5%AF%BF%E3%80%85%E3%81%AF%E3%81%86%E3%81%99%20%E9%87%8E%E6%B4%B2%E5%B8%82
市立野洲病院訪問リハビリテーション,訪問リハビリ,滋賀県,野洲市,"介護,訪問リハビリ,リハビリ",訪問リハビリの公式オープンデータから取り込んだ候補です。詳細は公式情報・電話・見学で確認してください。,https://www.yasu-hp.jp/,滋賀県野洲市小篠原1094番地,077-587-1332,厚生労働省オープンデータ,https://www.mhlw.go.jp/content/12300000/jigyosho_140.csv,2025-12末,https://www.google.com/search?q=%E5%B8%82%E7%AB%8B%E9%87%8E%E6%B4%B2%E7%97%85%E9%99%A2%E8%A8%AA%E5%95%8F%E3%83%AA%E3%83%8F%E3%83%93%E3%83%AA%E3%83%86%E3%83%BC%E3%82%B7%E3%83%A7%E3%83%B3%20%E9%87%8E%E6%B4%B2%E5%B8%82
甲西中央クリニック訪問リハビリテーション事業所,訪問リハビリ,滋賀県,湖南市,"介護,訪問リハビリ,リハビリ",訪問リハビリの公式オープンデータから取り込んだ候補です。詳細は公式情報・電話・見学で確認してください。,http://ikuta-hospital.com/,滋賀県湖南市中央２-１２５,0748-71-3150,厚生労働省オープンデータ,https://www.mhlw.go.jp/content/12300000/jigyosho_140.csv,2025-12末,https://www.google.com/search?q=%E7%94%B2%E8%A5%BF%E4%B8%AD%E5%A4%AE%E3%82%AF%E3%83%AA%E3%83%8B%E3%83%83%E3%82%AF%E8%A8%AA%E5%95%8F%E3%83%AA%E3%83%8F%E3%83%93%E3%83%AA%E3%83%86%E3%83%BC%E3%82%B7%E3%83%A7%E3%83%B3%E4%BA%8B%E6%A5%AD%E6%89%80%20%E6%B9%96%E5%8D%97%E5%B8%82
生田病院訪問リハビリテーション事業所,訪問リハビリ,滋賀県,湖南市,"介護,訪問リハビリ,リハビリ",訪問リハビリの公式オープンデータから取り込んだ候補です。詳細は公式情報・電話・見学で確認してください。,http://ikuta-hospital.com,湖南市菩提寺104-13,0748-74-8577,厚生労働省オープンデータ,https://www.mhlw.go.jp/content/12300000/jigyosho_140.csv,2025-12末,https://www.google.com/search?q=%E7%94%9F%E7%94%B0%E7%97%85%E9%99%A2%E8%A8%AA%E5%95%8F%E3%83%AA%E3%83%8F%E3%83%93%E3%83%AA%E3%83%86%E3%83%BC%E3%82%B7%E3%83%A7%E3%83%B3%E4%BA%8B%E6%A5%AD%E6%89%80%20%E6%B9%96%E5%8D%97%E5%B8%82
甲西リハビリ病院訪問リハビリセンター,訪問リハビリ,滋賀県,湖南市,"介護,訪問リハビリ,リハビリ",訪問リハビリの公式オープンデータから取り込んだ候補です。詳細は公式情報・電話・見学で確認してください。,http://kousei-rh-hp.or.jp,湖南市夏見１１６８番地,0748-72-8880,厚生労働省オープンデータ,https://www.mhlw.go.jp/content/12300000/jigyosho_140.csv,2025-12末,https://www.google.com/search?q=%E7%94%B2%E8%A5%BF%E3%83%AA%E3%83%8F%E3%83%93%E3%83%AA%E7%97%85%E9%99%A2%E8%A8%AA%E5%95%8F%E3%83%AA%E3%83%8F%E3%83%93%E3%83%AA%E3%82%BB%E3%83%B3%E3%82%BF%E3%83%BC%20%E6%B9%96%E5%8D%97%E5%B8%82
今津病院　訪問リハビリテーション,訪問リハビリ,滋賀県,高島市,"介護,訪問リハビリ,リハビリ",訪問リハビリの公式オープンデータから取り込んだ候補です。詳細は公式情報・電話・見学で確認してください。,http://www.oumiairinen.org/hospital/rihabiri/homon.htm,高島市今津町南新保87番地1,0740-22-2238,厚生労働省オープンデータ,https://www.mhlw.go.jp/content/12300000/jigyosho_140.csv,2025-12末,https://www.google.com/search?q=%E4%BB%8A%E6%B4%A5%E7%97%85%E9%99%A2%E3%80%80%E8%A8%AA%E5%95%8F%E3%83%AA%E3%83%8F%E3%83%93%E3%83%AA%E3%83%86%E3%83%BC%E3%82%B7%E3%83%A7%E3%83%B3%20%E9%AB%98%E5%B3%B6%E5%B8%82
医療法人マキノ病院,訪問リハビリ,滋賀県,高島市,"介護,訪問リハビリ,リハビリ",訪問リハビリの公式オープンデータから取り込んだ候補です。詳細は公式情報・電話・見学で確認してください。,http://www.makino-hosp.or.jp/,滋賀県高島市マキノ町新保1097番地,0740-27-0099,厚生労働省オープンデータ,https://www.mhlw.go.jp/content/12300000/jigyosho_140.csv,2025-12末,https://www.google.com/search?q=%E5%8C%BB%E7%99%82%E6%B3%95%E4%BA%BA%E3%83%9E%E3%82%AD%E3%83%8E%E7%97%85%E9%99%A2%20%E9%AB%98%E5%B3%B6%E5%B8%82
訪問リハビリテーション　グリーンテラス,訪問リハビリ,滋賀県,高島市,"介護,訪問リハビリ,リハビリ",訪問リハビリの公式オープンデータから取り込んだ候補です。詳細は公式情報・電話・見学で確認してください。,https://www.google.com/search?q=%E8%A8%AA%E5%95%8F%E3%83%AA%E3%83%8F%E3%83%93%E3%83%AA%E3%83%86%E3%83%BC%E3%82%B7%E3%83%A7%E3%83%B3%E3%80%80%E3%82%B0%E3%83%AA%E3%83%BC%E3%83%B3%E3%83%86%E3%83%A9%E3%82%B9%20%E9%AB%98%E5%B3%B6%E5%B8%82,滋賀県高島市新旭町旭696番地,080-3881-5090,厚生労働省オープンデータ,https://www.mhlw.go.jp/content/12300000/jigyosho_140.csv,2025-12末,https://www.google.com/search?q=%E8%A8%AA%E5%95%8F%E3%83%AA%E3%83%8F%E3%83%93%E3%83%AA%E3%83%86%E3%83%BC%E3%82%B7%E3%83%A7%E3%83%B3%E3%80%80%E3%82%B0%E3%83%AA%E3%83%BC%E3%83%B3%E3%83%86%E3%83%A9%E3%82%B9%20%E9%AB%98%E5%B3%B6%E5%B8%82
医療法人社団幸信会　青葉メディカル訪問リハビリテーション,訪問リハビリ,滋賀県,東近江市,"介護,訪問リハビリ,リハビリ",訪問リハビリの公式オープンデータから取り込んだ候補です。詳細は公式情報・電話・見学で確認してください。,http://www.aoba-med.com,滋賀県東近江市青葉町1-46,0748-20-2345,厚生労働省オープンデータ,https://www.mhlw.go.jp/content/12300000/jigyosho_140.csv,2025-12末,https://www.google.com/search?q=%E5%8C%BB%E7%99%82%E6%B3%95%E4%BA%BA%E7%A4%BE%E5%9B%A3%E5%B9%B8%E4%BF%A1%E4%BC%9A%E3%80%80%E9%9D%92%E8%91%89%E3%83%A1%E3%83%87%E3%82%A3%E3%82%AB%E3%83%AB%E8%A8%AA%E5%95%8F%E3%83%AA%E3%83%8F%E3%83%93%E3%83%AA%E3%83%86%E3%83%BC%E3%82%B7%E3%83%A7%E3%83%B3%20%E6%9D%B1%E8%BF%91%E6%B1%9F%E5%B8%82
ニコニコリハビリステーション,訪問リハビリ,滋賀県,東近江市,"介護,訪問リハビリ,リハビリ",訪問リハビリの公式オープンデータから取り込んだ候補です。詳細は公式情報・電話・見学で確認してください。,http://nikoriha.com,滋賀県東近江市垣見町1597,0748-36-1125,厚生労働省オープンデータ,https://www.mhlw.go.jp/content/12300000/jigyosho_140.csv,2025-12末,https://www.google.com/search?q=%E3%83%8B%E3%82%B3%E3%83%8B%E3%82%B3%E3%83%AA%E3%83%8F%E3%83%93%E3%83%AA%E3%82%B9%E3%83%86%E3%83%BC%E3%82%B7%E3%83%A7%E3%83%B3%20%E6%9D%B1%E8%BF%91%E6%B1%9F%E5%B8%82
介護老人保健施設　ここちの郷,訪問リハビリ,滋賀県,東近江市,"介護,訪問リハビリ,リハビリ",訪問リハビリの公式オープンデータから取り込んだ候補です。詳細は公式情報・電話・見学で確認してください。,http://www.rokushinnkai.com/kokochi/,滋賀県東近江市五個荘山本町466,0748-48-8300,厚生労働省オープンデータ,https://www.mhlw.go.jp/content/12300000/jigyosho_140.csv,2025-12末,https://www.google.com/search?q=%E4%BB%8B%E8%AD%B7%E8%80%81%E4%BA%BA%E4%BF%9D%E5%81%A5%E6%96%BD%E8%A8%AD%E3%80%80%E3%81%93%E3%81%93%E3%81%A1%E3%81%AE%E9%83%B7%20%E6%9D%B1%E8%BF%91%E6%B1%9F%E5%B8%82
リハビリセンターあゆみ,訪問リハビリ,滋賀県,東近江市,"介護,訪問リハビリ,リハビリ",訪問リハビリの公式オープンデータから取り込んだ候補です。詳細は公式情報・電話・見学で確認してください。,http://shiga-shinjyukai.or.jp/,東近江市新宮町５５８,0748-42-3355,厚生労働省オープンデータ,https://www.mhlw.go.jp/content/12300000/jigyosho_140.csv,2025-12末,https://www.google.com/search?q=%E3%83%AA%E3%83%8F%E3%83%93%E3%83%AA%E3%82%BB%E3%83%B3%E3%82%BF%E3%83%BC%E3%81%82%E3%82%86%E3%81%BF%20%E6%9D%B1%E8%BF%91%E6%B1%9F%E5%B8%82
東近江市永源寺診療所,訪問リハビリ,滋賀県,東近江市,"介護,訪問リハビリ,リハビリ",訪問リハビリの公式オープンデータから取り込んだ候補です。詳細は公式情報・電話・見学で確認してください。,https://eigenji-clinic.jp/,滋賀県東近江市山上町1352,0748‐27‐1160,厚生労働省オープンデータ,https://www.mhlw.go.jp/content/12300000/jigyosho_140.csv,2025-12末,https://www.google.com/search?q=%E6%9D%B1%E8%BF%91%E6%B1%9F%E5%B8%82%E6%B0%B8%E6%BA%90%E5%AF%BA%E8%A8%BA%E7%99%82%E6%89%80%20%E6%9D%B1%E8%BF%91%E6%B1%9F%E5%B8%82
近江訪問リハ・ステーション,訪問リハビリ,滋賀県,東近江市,"介護,訪問リハビリ,リハビリ",訪問リハビリの公式オープンデータから取り込んだ候補です。詳細は公式情報・電話・見学で確認してください。,http:www.oumi-hp.or.jp,東近江市北坂町９６６,0749-46-1125,厚生労働省オープンデータ,https://www.mhlw.go.jp/content/12300000/jigyosho_140.csv,2025-12末,https://www.google.com/search?q=%E8%BF%91%E6%B1%9F%E8%A8%AA%E5%95%8F%E3%83%AA%E3%83%8F%E3%83%BB%E3%82%B9%E3%83%86%E3%83%BC%E3%82%B7%E3%83%A7%E3%83%B3%20%E6%9D%B1%E8%BF%91%E6%B1%9F%E5%B8%82
医療法人社団昴会　東近江市蒲生医療センター指定訪問リハビリテーション事業所,訪問リハビリ,滋賀県,東近江市,"介護,訪問リハビリ,リハビリ",訪問リハビリの公式オープンデータから取り込んだ候補です。詳細は公式情報・電話・見学で確認してください。,http://gamo-hp.siga.jp/,滋賀県東近江市桜川西町３４０番地,0748-55-1175,厚生労働省オープンデータ,https://www.mhlw.go.jp/content/12300000/jigyosho_140.csv,2025-12末,https://www.google.com/search?q=%E5%8C%BB%E7%99%82%E6%B3%95%E4%BA%BA%E7%A4%BE%E5%9B%A3%E6%98%B4%E4%BC%9A%E3%80%80%E6%9D%B1%E8%BF%91%E6%B1%9F%E5%B8%82%E8%92%B2%E7%94%9F%E5%8C%BB%E7%99%82%E3%82%BB%E3%83%B3%E3%82%BF%E3%83%BC%E6%8C%87%E5%AE%9A%E8%A8%AA%E5%95%8F%E3%83%AA%E3%83%8F%E3%83%93%E3%83%AA%E3%83%86%E3%83%BC%E3%82%B7%E3%83%A7%E3%83%B3%E4%BA%8B%E6%A5%AD%E6%89%80%20%E6%9D%B1%E8%BF%91%E6%B1%9F%E5%B8%82
東近江敬愛病院,訪問リハビリ,滋賀県,東近江市,"介護,訪問リハビリ,リハビリ",訪問リハビリの公式オープンデータから取り込んだ候補です。詳細は公式情報・電話・見学で確認してください。,http://www.keiaikai.or.jp/,八日市東本町8番16号,0748-22-2222,厚生労働省オープンデータ,https://www.mhlw.go.jp/content/12300000/jigyosho_140.csv,2025-12末,https://www.google.com/search?q=%E6%9D%B1%E8%BF%91%E6%B1%9F%E6%95%AC%E6%84%9B%E7%97%85%E9%99%A2%20%E6%9D%B1%E8%BF%91%E6%B1%9F%E5%B8%82
近江診療所,訪問リハビリ,滋賀県,米原市,"介護,訪問リハビリ,リハビリ",訪問リハビリの公式オープンデータから取り込んだ候補です。詳細は公式情報・電話・見学で確認してください。,ｈｔｔｐ：//ｆｕｋｕｓｈｉａ．ｊａｄｅｃｏｍ．ｏｒ．ｊｐ,滋賀県米原市新庄77-1,0749-54-2127,厚生労働省オープンデータ,https://www.mhlw.go.jp/content/12300000/jigyosho_140.csv,2025-12末,https://www.google.com/search?q=%E8%BF%91%E6%B1%9F%E8%A8%BA%E7%99%82%E6%89%80%20%E7%B1%B3%E5%8E%9F%E5%B8%82
地域包括ケアセンターいぶき,訪問リハビリ,滋賀県,米原市,"介護,訪問リハビリ,リハビリ",訪問リハビリの公式オープンデータから取り込んだ候補です。詳細は公式情報・電話・見学で確認してください。,https://www.jadecom.or.jp/jadecomhp/ibuki,滋賀県米原市春照58-1,0749-58-1222,厚生労働省オープンデータ,https://www.mhlw.go.jp/content/12300000/jigyosho_140.csv,2025-12末,https://www.google.com/search?q=%E5%9C%B0%E5%9F%9F%E5%8C%85%E6%8B%AC%E3%82%B1%E3%82%A2%E3%82%BB%E3%83%B3%E3%82%BF%E3%83%BC%E3%81%84%E3%81%B6%E3%81%8D%20%E7%B1%B3%E5%8E%9F%E5%B8%82
訪問リハビリテーションいそクリニック,訪問リハビリ,滋賀県,米原市,"介護,訪問リハビリ,リハビリ",訪問リハビリの公式オープンデータから取り込んだ候補です。詳細は公式情報・電話・見学で確認してください。,http://www.iso-clinc.jp/,米原市磯1729－1悠悠の館　　いそクリニック内,0749－52－2002,厚生労働省オープンデータ,https://www.mhlw.go.jp/content/12300000/jigyosho_140.csv,2025-12末,https://www.google.com/search?q=%E8%A8%AA%E5%95%8F%E3%83%AA%E3%83%8F%E3%83%93%E3%83%AA%E3%83%86%E3%83%BC%E3%82%B7%E3%83%A7%E3%83%B3%E3%81%84%E3%81%9D%E3%82%AF%E3%83%AA%E3%83%8B%E3%83%83%E3%82%AF%20%E7%B1%B3%E5%8E%9F%E5%B8%82
訪問リハビリテーション　坂田メディケアセンター,訪問リハビリ,滋賀県,米原市,"介護,訪問リハビリ,リハビリ",訪問リハビリの公式オープンデータから取り込んだ候補です。詳細は公式情報・電話・見学で確認してください。,http://www.seishokai.jp/smc,滋賀県米原市野一色1136,0749-55-8211,厚生労働省オープンデータ,https://www.mhlw.go.jp/content/12300000/jigyosho_140.csv,2025-12末,https://www.google.com/search?q=%E8%A8%AA%E5%95%8F%E3%83%AA%E3%83%8F%E3%83%93%E3%83%AA%E3%83%86%E3%83%BC%E3%82%B7%E3%83%A7%E3%83%B3%E3%80%80%E5%9D%82%E7%94%B0%E3%83%A1%E3%83%87%E3%82%A3%E3%82%B1%E3%82%A2%E3%82%BB%E3%83%B3%E3%82%BF%E3%83%BC%20%E7%B1%B3%E5%8E%9F%E5%B8%82
弓削メディカルクリニック　在宅医療部,訪問リハビリ,滋賀県,竜王町,"介護,訪問リハビリ,リハビリ",訪問リハビリの公式オープンデータから取り込んだ候補です。詳細は公式情報・電話・見学で確認してください。,http://yugemed.com/,弓削1825,0748-57-0584,厚生労働省オープンデータ,https://www.mhlw.go.jp/content/12300000/jigyosho_140.csv,2025-12末,https://www.google.com/search?q=%E5%BC%93%E5%89%8A%E3%83%A1%E3%83%87%E3%82%A3%E3%82%AB%E3%83%AB%E3%82%AF%E3%83%AA%E3%83%8B%E3%83%83%E3%82%AF%E3%80%80%E5%9C%A8%E5%AE%85%E5%8C%BB%E7%99%82%E9%83%A8%20%E7%AB%9C%E7%8E%8B%E7%94%BA
滋賀県犬上郡豊郷町石畑212,訪問リハビリ,滋賀県,豊郷町,"介護,訪問リハビリ,リハビリ",訪問リハビリの公式オープンデータから取り込んだ候補です。詳細は公式情報・電話・見学で確認してください。,http://www.toyosato.or.jp/,滋賀県犬上郡豊郷町石畑212,0849-35-3002,厚生労働省オープンデータ,https://www.mhlw.go.jp/content/12300000/jigyosho_140.csv,2025-12末,https://www.google.com/search?q=%E6%BB%8B%E8%B3%80%E7%9C%8C%E7%8A%AC%E4%B8%8A%E9%83%A1%E8%B1%8A%E9%83%B7%E7%94%BA%E7%9F%B3%E7%95%91212%20%E8%B1%8A%E9%83%B7%E7%94%BA
公益財団法人豊郷病院　訪問リハビリテーション　アイルとよさと,訪問リハビリ,滋賀県,豊郷町,"介護,訪問リハビリ,リハビリ",訪問リハビリの公式オープンデータから取り込んだ候補です。詳細は公式情報・電話・見学で確認してください。,http://www.toyosato.or.jp,滋賀県犬上郡豊郷町八目１２番地,0749-35-3001,厚生労働省オープンデータ,https://www.mhlw.go.jp/content/12300000/jigyosho_140.csv,2025-12末,https://www.google.com/search?q=%E5%85%AC%E7%9B%8A%E8%B2%A1%E5%9B%A3%E6%B3%95%E4%BA%BA%E8%B1%8A%E9%83%B7%E7%97%85%E9%99%A2%E3%80%80%E8%A8%AA%E5%95%8F%E3%83%AA%E3%83%8F%E3%83%93%E3%83%AA%E3%83%86%E3%83%BC%E3%82%B7%E3%83%A7%E3%83%B3%E3%80%80%E3%82%A2%E3%82%A4%E3%83%AB%E3%81%A8%E3%82%88%E3%81%95%E3%81%A8%20%E8%B1%8A%E9%83%B7%E7%94%BA
リハビリデイサービスセンター瀬田店,デイサービス,滋賀県,大津市,"介護,デイサービス",日中に通って食事・入浴・機能訓練・見守りなどを受けるサービスです。,https://www.google.com/search?q=%E3%83%AA%E3%83%8F%E3%83%93%E3%83%AA%E3%83%87%E3%82%A4%E3%82%B5%E3%83%BC%E3%83%93%E3%82%B9%E3%82%BB%E3%83%B3%E3%82%BF%E3%83%BC%E7%80%AC%E7%94%B0%E5%BA%97%20%E5%A4%A7%E6%B4%A5%E5%B8%82,滋賀県大津市大将軍3丁目24-5メゾンマツオ101,077-544-1700,厚生労働省オープンデータ,https://www.mhlw.go.jp/content/12300000/jigyosho_150.csv,2025-12末,https://www.google.com/search?q=%E3%83%AA%E3%83%8F%E3%83%93%E3%83%AA%E3%83%87%E3%82%A4%E3%82%B5%E3%83%BC%E3%83%93%E3%82%B9%E3%82%BB%E3%83%B3%E3%82%BF%E3%83%BC%E7%80%AC%E7%94%B0%E5%BA%97%20%E5%A4%A7%E6%B4%A5%E5%B8%82
憩デイサービスセンター,デイサービス,滋賀県,大津市,"介護,デイサービス",日中に通って食事・入浴・機能訓練・見守りなどを受けるサービスです。,http://www.l-i-fe-happiness.com,滋賀県皇子が丘3-1-6ロータリーマンション西大津１番館,077-572-9159,厚生労働省オープンデータ,https://www.mhlw.go.jp/content/12300000/jigyosho_150.csv,2025-12末,https://www.google.com/search?q=%E6%86%A9%E3%83%87%E3%82%A4%E3%82%B5%E3%83%BC%E3%83%93%E3%82%B9%E3%82%BB%E3%83%B3%E3%82%BF%E3%83%BC%20%E5%A4%A7%E6%B4%A5%E5%B8%82
デイサービスセンター真盛園,デイサービス,滋賀県,大津市,"介護,デイサービス",日中に通って食事・入浴・機能訓練・見守りなどを受けるサービスです。,http://www.sinseien.jp/,滋賀県大津市坂本5丁目13-1,077-578-8801,厚生労働省オープンデータ,https://www.mhlw.go.jp/content/12300000/jigyosho_150.csv,2025-12末,https://www.google.com/search?q=%E3%83%87%E3%82%A4%E3%82%B5%E3%83%BC%E3%83%93%E3%82%B9%E3%82%BB%E3%83%B3%E3%82%BF%E3%83%BC%E7%9C%9F%E7%9B%9B%E5%9C%92%20%E5%A4%A7%E6%B4%A5%E5%B8%82
みちくさリハビリデイサービス,デイサービス,滋賀県,大津市,"介護,デイサービス",日中に通って食事・入浴・機能訓練・見守りなどを受けるサービスです。,http://wel-fare.co.jp/publics/index/197/,滋賀県大津市瀬田1-15-3,077-545-7845,厚生労働省オープンデータ,https://www.mhlw.go.jp/content/12300000/jigyosho_150.csv,2025-12末,https://www.google.com/search?q=%E3%81%BF%E3%81%A1%E3%81%8F%E3%81%95%E3%83%AA%E3%83%8F%E3%83%93%E3%83%AA%E3%83%87%E3%82%A4%E3%82%B5%E3%83%BC%E3%83%93%E3%82%B9%20%E5%A4%A7%E6%B4%A5%E5%B8%82
おおぞらデイサービス,デイサービス,滋賀県,大津市,"介護,デイサービス",日中に通って食事・入浴・機能訓練・見守りなどを受けるサービスです。,http://riverld.co.jp,滋賀県大津市大江二丁目３０－１１,077-547-2550,厚生労働省オープンデータ,https://www.mhlw.go.jp/content/12300000/jigyosho_150.csv,2025-12末,https://www.google.com/search?q=%E3%81%8A%E3%81%8A%E3%81%9E%E3%82%89%E3%83%87%E3%82%A4%E3%82%B5%E3%83%BC%E3%83%93%E3%82%B9%20%E5%A4%A7%E6%B4%A5%E5%B8%82
デイサービスあらいぜき,デイサービス,滋賀県,大津市,"介護,デイサービス",日中に通って食事・入浴・機能訓練・見守りなどを受けるサービスです。,https://www.google.com/search?q=%E3%83%87%E3%82%A4%E3%82%B5%E3%83%BC%E3%83%93%E3%82%B9%E3%81%82%E3%82%89%E3%81%84%E3%81%9C%E3%81%8D%20%E5%A4%A7%E6%B4%A5%E5%B8%82,滋賀県大津市南郷1-8-11,077-507-3080,厚生労働省オープンデータ,https://www.mhlw.go.jp/content/12300000/jigyosho_150.csv,2025-12末,https://www.google.com/search?q=%E3%83%87%E3%82%A4%E3%82%B5%E3%83%BC%E3%83%93%E3%82%B9%E3%81%82%E3%82%89%E3%81%84%E3%81%9C%E3%81%8D%20%E5%A4%A7%E6%B4%A5%E5%B8%82
ぐらんしーるデイサービスセンター,デイサービス,滋賀県,大津市,"介護,デイサービス",日中に通って食事・入浴・機能訓練・見守りなどを受けるサービスです。,https://www.google.com/search?q=%E3%81%90%E3%82%89%E3%82%93%E3%81%97%E3%83%BC%E3%82%8B%E3%83%87%E3%82%A4%E3%82%B5%E3%83%BC%E3%83%93%E3%82%B9%E3%82%BB%E3%83%B3%E3%82%BF%E3%83%BC%20%E5%A4%A7%E6%B4%A5%E5%B8%82,見世2丁目7-7,077-510-7305,厚生労働省オープンデータ,https://www.mhlw.go.jp/content/12300000/jigyosho_150.csv,2025-12末,https://www.google.com/search?q=%E3%81%90%E3%82%89%E3%82%93%E3%81%97%E3%83%BC%E3%82%8B%E3%83%87%E3%82%A4%E3%82%B5%E3%83%BC%E3%83%93%E3%82%B9%E3%82%BB%E3%83%B3%E3%82%BF%E3%83%BC%20%E5%A4%A7%E6%B4%A5%E5%B8%82
あい・ネットデイサービスセンター,デイサービス,滋賀県,大津市,"介護,デイサービス",日中に通って食事・入浴・機能訓練・見守りなどを受けるサービスです。,https://www.ainet-otsu.com/,滋賀県大津市秋葉台７番２号,077-511-3480,厚生労働省オープンデータ,https://www.mhlw.go.jp/content/12300000/jigyosho_150.csv,2025-12末,https://www.google.com/search?q=%E3%81%82%E3%81%84%E3%83%BB%E3%83%8D%E3%83%83%E3%83%88%E3%83%87%E3%82%A4%E3%82%B5%E3%83%BC%E3%83%93%E3%82%B9%E3%82%BB%E3%83%B3%E3%82%BF%E3%83%BC%20%E5%A4%A7%E6%B4%A5%E5%B8%82
コンソルテ　リハビリデイ,デイサービス,滋賀県,大津市,"介護,デイサービス",日中に通って食事・入浴・機能訓練・見守りなどを受けるサービスです。,https://firmahabicht.net/,滋賀県大津市大江1丁目3番15号,077-548-8530,厚生労働省オープンデータ,https://www.mhlw.go.jp/content/12300000/jigyosho_150.csv,2025-12末,https://www.google.com/search?q=%E3%82%B3%E3%83%B3%E3%82%BD%E3%83%AB%E3%83%86%E3%80%80%E3%83%AA%E3%83%8F%E3%83%93%E3%83%AA%E3%83%87%E3%82%A4%20%E5%A4%A7%E6%B4%A5%E5%B8%82
デイサービスセンターレイクヒル琴,デイサービス,滋賀県,大津市,"介護,デイサービス",日中に通って食事・入浴・機能訓練・見守りなどを受けるサービスです。,https://lakehill-koto.net,滋賀県大津市雄琴一丁目13-25,077-579-8448,厚生労働省オープンデータ,https://www.mhlw.go.jp/content/12300000/jigyosho_150.csv,2025-12末,https://www.google.com/search?q=%E3%83%87%E3%82%A4%E3%82%B5%E3%83%BC%E3%83%93%E3%82%B9%E3%82%BB%E3%83%B3%E3%82%BF%E3%83%BC%E3%83%AC%E3%82%A4%E3%82%AF%E3%83%92%E3%83%AB%E7%90%B4%20%E5%A4%A7%E6%B4%A5%E5%B8%82
ツクイ大津神領,デイサービス,滋賀県,大津市,"介護,デイサービス",日中に通って食事・入浴・機能訓練・見守りなどを受けるサービスです。,http://www.tsukui.net,滋賀県大津市神領２丁目３２番２１号,077-547-2856,厚生労働省オープンデータ,https://www.mhlw.go.jp/content/12300000/jigyosho_150.csv,2025-12末,https://www.google.com/search?q=%E3%83%84%E3%82%AF%E3%82%A4%E5%A4%A7%E6%B4%A5%E7%A5%9E%E9%A0%98%20%E5%A4%A7%E6%B4%A5%E5%B8%82
在宅リハビリテーション支援センター・デイサービス　リハビリパーク,デイサービス,滋賀県,大津市,"介護,デイサービス",日中に通って食事・入浴・機能訓練・見守りなどを受けるサービスです。,https://www.reha-park.co.jp/,滋賀県大津市雄琴北一丁目14番21号　　（リハビリパーク　サテライト）滋賀県大津市衣川一丁目11番21号,077-532-1654,厚生労働省オープンデータ,https://www.mhlw.go.jp/content/12300000/jigyosho_150.csv,2025-12末,https://www.google.com/search?q=%E5%9C%A8%E5%AE%85%E3%83%AA%E3%83%8F%E3%83%93%E3%83%AA%E3%83%86%E3%83%BC%E3%82%B7%E3%83%A7%E3%83%B3%E6%94%AF%E6%8F%B4%E3%82%BB%E3%83%B3%E3%82%BF%E3%83%BC%E3%83%BB%E3%83%87%E3%82%A4%E3%82%B5%E3%83%BC%E3%83%93%E3%82%B9%E3%80%80%E3%83%AA%E3%83%8F%E3%83%93%E3%83%AA%E3%83%91%E3%83%BC%E3%82%AF%20%E5%A4%A7%E6%B4%A5%E5%B8%82
デイサービス　万利の里,デイサービス,滋賀県,大津市,"介護,デイサービス",日中に通って食事・入浴・機能訓練・見守りなどを受けるサービスです。,http://www.banrinosato.net/,仰木の里東4-4-1,0775755319,厚生労働省オープンデータ,https://www.mhlw.go.jp/content/12300000/jigyosho_150.csv,2025-12末,https://www.google.com/search?q=%E3%83%87%E3%82%A4%E3%82%B5%E3%83%BC%E3%83%93%E3%82%B9%E3%80%80%E4%B8%87%E5%88%A9%E3%81%AE%E9%87%8C%20%E5%A4%A7%E6%B4%A5%E5%B8%82
デイサービスセンター　千寿の郷,デイサービス,滋賀県,大津市,"介護,デイサービス",日中に通って食事・入浴・機能訓練・見守りなどを受けるサービスです。,http://senjyunosato.or.jp/,大津市石山千町276-1,077-531-1105,厚生労働省オープンデータ,https://www.mhlw.go.jp/content/12300000/jigyosho_150.csv,2025-12末,https://www.google.com/search?q=%E3%83%87%E3%82%A4%E3%82%B5%E3%83%BC%E3%83%93%E3%82%B9%E3%82%BB%E3%83%B3%E3%82%BF%E3%83%BC%E3%80%80%E5%8D%83%E5%AF%BF%E3%81%AE%E9%83%B7%20%E5%A4%A7%E6%B4%A5%E5%B8%82
デイサービス勧学の里　見世館,デイサービス,滋賀県,大津市,"介護,デイサービス",日中に通って食事・入浴・機能訓練・見守りなどを受けるサービスです。,https://www.google.com/search?q=%E3%83%87%E3%82%A4%E3%82%B5%E3%83%BC%E3%83%93%E3%82%B9%E5%8B%A7%E5%AD%A6%E3%81%AE%E9%87%8C%E3%80%80%E8%A6%8B%E4%B8%96%E9%A4%A8%20%E5%A4%A7%E6%B4%A5%E5%B8%82,滋賀県大津市見世1丁目2-31,077-521-0202,厚生労働省オープンデータ,https://www.mhlw.go.jp/content/12300000/jigyosho_150.csv,2025-12末,https://www.google.com/search?q=%E3%83%87%E3%82%A4%E3%82%B5%E3%83%BC%E3%83%93%E3%82%B9%E5%8B%A7%E5%AD%A6%E3%81%AE%E9%87%8C%E3%80%80%E8%A6%8B%E4%B8%96%E9%A4%A8%20%E5%A4%A7%E6%B4%A5%E5%B8%82
ポラリスデイサービスセンター大津大江,デイサービス,滋賀県,大津市,"介護,デイサービス",日中に通って食事・入浴・機能訓練・見守りなどを受けるサービスです。,https://www.polaris.care/company/summary.html,滋賀県大津市大江１丁目５番３５号,077-572-6212,厚生労働省オープンデータ,https://www.mhlw.go.jp/content/12300000/jigyosho_150.csv,2025-12末,https://www.google.com/search?q=%E3%83%9D%E3%83%A9%E3%83%AA%E3%82%B9%E3%83%87%E3%82%A4%E3%82%B5%E3%83%BC%E3%83%93%E3%82%B9%E3%82%BB%E3%83%B3%E3%82%BF%E3%83%BC%E5%A4%A7%E6%B4%A5%E5%A4%A7%E6%B1%9F%20%E5%A4%A7%E6%B4%A5%E5%B8%82
リハビリデイサービスはるか,デイサービス,滋賀県,大津市,"介護,デイサービス",日中に通って食事・入浴・機能訓練・見守りなどを受けるサービスです。,https://dayservice-haruka.net/,滋賀県大津市見世二丁目１０番１０号,0775246686,厚生労働省オープンデータ,https://www.mhlw.go.jp/content/12300000/jigyosho_150.csv,2025-12末,https://www.google.com/search?q=%E3%83%AA%E3%83%8F%E3%83%93%E3%83%AA%E3%83%87%E3%82%A4%E3%82%B5%E3%83%BC%E3%83%93%E3%82%B9%E3%81%AF%E3%82%8B%E3%81%8B%20%E5%A4%A7%E6%B4%A5%E5%B8%82
ライフハピネス螢,デイサービス,滋賀県,大津市,"介護,デイサービス",日中に通って食事・入浴・機能訓練・見守りなどを受けるサービスです。,https:/www.lifehappiness..net,滋賀県大津市螢谷2-15,077-536-5148,厚生労働省オープンデータ,https://www.mhlw.go.jp/content/12300000/jigyosho_150.csv,2025-12末,https://www.google.com/search?q=%E3%83%A9%E3%82%A4%E3%83%95%E3%83%8F%E3%83%94%E3%83%8D%E3%82%B9%E8%9E%A2%20%E5%A4%A7%E6%B4%A5%E5%B8%82
ニチイケアセンターながら,デイサービス,滋賀県,大津市,"介護,デイサービス",日中に通って食事・入浴・機能訓練・見守りなどを受けるサービスです。,http://www.nichiigakkan.co.jp,滋賀県大津市大門通16-45,077-510-1551,厚生労働省オープンデータ,https://www.mhlw.go.jp/content/12300000/jigyosho_150.csv,2025-12末,https://www.google.com/search?q=%E3%83%8B%E3%83%81%E3%82%A4%E3%82%B1%E3%82%A2%E3%82%BB%E3%83%B3%E3%82%BF%E3%83%BC%E3%81%AA%E3%81%8C%E3%82%89%20%E5%A4%A7%E6%B4%A5%E5%B8%82
真情デイ・サービス横木,デイサービス,滋賀県,大津市,"介護,デイサービス",日中に通って食事・入浴・機能訓練・見守りなどを受けるサービスです。,http://magokoro-ds.com/,滋賀県大津市横木一丁目9番4号,0775751460,厚生労働省オープンデータ,https://www.mhlw.go.jp/content/12300000/jigyosho_150.csv,2025-12末,https://www.google.com/search?q=%E7%9C%9F%E6%83%85%E3%83%87%E3%82%A4%E3%83%BB%E3%82%B5%E3%83%BC%E3%83%93%E3%82%B9%E6%A8%AA%E6%9C%A8%20%E5%A4%A7%E6%B4%A5%E5%B8%82
いきいきデイ　みずうみ,デイサービス,滋賀県,大津市,"介護,デイサービス",日中に通って食事・入浴・機能訓練・見守りなどを受けるサービスです。,http://hp.kaipoke.biz/nkz/,滋賀県大津市和邇中浜476,077-594-8808,厚生労働省オープンデータ,https://www.mhlw.go.jp/content/12300000/jigyosho_150.csv,2025-12末,https://www.google.com/search?q=%E3%81%84%E3%81%8D%E3%81%84%E3%81%8D%E3%83%87%E3%82%A4%E3%80%80%E3%81%BF%E3%81%9A%E3%81%86%E3%81%BF%20%E5%A4%A7%E6%B4%A5%E5%B8%82
デイサービスセンター　松の浦湯治の郷,デイサービス,滋賀県,大津市,"介護,デイサービス",日中に通って食事・入浴・機能訓練・見守りなどを受けるサービスです。,https://biwakoaiwai.com,滋賀県大津市大物６６５番地の９,077-592-2614,厚生労働省オープンデータ,https://www.mhlw.go.jp/content/12300000/jigyosho_150.csv,2025-12末,https://www.google.com/search?q=%E3%83%87%E3%82%A4%E3%82%B5%E3%83%BC%E3%83%93%E3%82%B9%E3%82%BB%E3%83%B3%E3%82%BF%E3%83%BC%E3%80%80%E6%9D%BE%E3%81%AE%E6%B5%A6%E6%B9%AF%E6%B2%BB%E3%81%AE%E9%83%B7%20%E5%A4%A7%E6%B4%A5%E5%B8%82
デイサービスりんく大津　懐風,デイサービス,滋賀県,大津市,"介護,デイサービス",日中に通って食事・入浴・機能訓練・見守りなどを受けるサービスです。,http://www.link-otsu.jp,大津市坂本1丁目3番27号,077-579-5511,厚生労働省オープンデータ,https://www.mhlw.go.jp/content/12300000/jigyosho_150.csv,2025-12末,https://www.google.com/search?q=%E3%83%87%E3%82%A4%E3%82%B5%E3%83%BC%E3%83%93%E3%82%B9%E3%82%8A%E3%82%93%E3%81%8F%E5%A4%A7%E6%B4%A5%E3%80%80%E6%87%90%E9%A2%A8%20%E5%A4%A7%E6%B4%A5%E5%B8%82
フォレスト真野通所介護事業所,デイサービス,滋賀県,大津市,"介護,デイサービス",日中に通って食事・入浴・機能訓練・見守りなどを受けるサービスです。,sakurakai-forestmano.jimdofree.com,滋賀県大津市真野6丁目6番21号,077－574-5573,厚生労働省オープンデータ,https://www.mhlw.go.jp/content/12300000/jigyosho_150.csv,2025-12末,https://www.google.com/search?q=%E3%83%95%E3%82%A9%E3%83%AC%E3%82%B9%E3%83%88%E7%9C%9F%E9%87%8E%E9%80%9A%E6%89%80%E4%BB%8B%E8%AD%B7%E4%BA%8B%E6%A5%AD%E6%89%80%20%E5%A4%A7%E6%B4%A5%E5%B8%82
デイサービスセンターあろは,デイサービス,滋賀県,大津市,"介護,デイサービス",日中に通って食事・入浴・機能訓練・見守りなどを受けるサービスです。,http://love-smile-happiness.co.jp,滋賀県大津市萱野浦22-67,0775758708,厚生労働省オープンデータ,https://www.mhlw.go.jp/content/12300000/jigyosho_150.csv,2025-12末,https://www.google.com/search?q=%E3%83%87%E3%82%A4%E3%82%B5%E3%83%BC%E3%83%93%E3%82%B9%E3%82%BB%E3%83%B3%E3%82%BF%E3%83%BC%E3%81%82%E3%82%8D%E3%81%AF%20%E5%A4%A7%E6%B4%A5%E5%B8%82
みどりやデイサービス仰木の里,デイサービス,滋賀県,大津市,"介護,デイサービス",日中に通って食事・入浴・機能訓練・見守りなどを受けるサービスです。,https://www.kyoto-midoriya.co.jp,滋賀県大津市仰木の里７丁目1-10みどりやデイサービス仰木の里,077-576-8652,厚生労働省オープンデータ,https://www.mhlw.go.jp/content/12300000/jigyosho_150.csv,2025-12末,https://www.google.com/search?q=%E3%81%BF%E3%81%A9%E3%82%8A%E3%82%84%E3%83%87%E3%82%A4%E3%82%B5%E3%83%BC%E3%83%93%E3%82%B9%E4%BB%B0%E6%9C%A8%E3%81%AE%E9%87%8C%20%E5%A4%A7%E6%B4%A5%E5%B8%82
リハビリデイサービス満月,デイサービス,滋賀県,大津市,"介護,デイサービス",日中に通って食事・入浴・機能訓練・見守りなどを受けるサービスです。,http://www.mangetsu-rehabili.com,坂本6丁目9-60,077-572-6099,厚生労働省オープンデータ,https://www.mhlw.go.jp/content/12300000/jigyosho_150.csv,2025-12末,https://www.google.com/search?q=%E3%83%AA%E3%83%8F%E3%83%93%E3%83%AA%E3%83%87%E3%82%A4%E3%82%B5%E3%83%BC%E3%83%93%E3%82%B9%E6%BA%80%E6%9C%88%20%E5%A4%A7%E6%B4%A5%E5%B8%82
蓬莱苑デイサービスセンター,デイサービス,滋賀県,大津市,"介護,デイサービス",日中に通って食事・入浴・機能訓練・見守りなどを受けるサービスです。,https://www.google.com/search?q=%E8%93%AC%E8%8E%B1%E8%8B%91%E3%83%87%E3%82%A4%E3%82%B5%E3%83%BC%E3%83%93%E3%82%B9%E3%82%BB%E3%83%B3%E3%82%BF%E3%83%BC%20%E5%A4%A7%E6%B4%A5%E5%B8%82,滋賀県大津市八屋戸１５９７,077-592-1457,厚生労働省オープンデータ,https://www.mhlw.go.jp/content/12300000/jigyosho_150.csv,2025-12末,https://www.google.com/search?q=%E8%93%AC%E8%8E%B1%E8%8B%91%E3%83%87%E3%82%A4%E3%82%B5%E3%83%BC%E3%83%93%E3%82%B9%E3%82%BB%E3%83%B3%E3%82%BF%E3%83%BC%20%E5%A4%A7%E6%B4%A5%E5%B8%82
デイサービスセンターおかげさん,デイサービス,滋賀県,大津市,"介護,デイサービス",日中に通って食事・入浴・機能訓練・見守りなどを受けるサービスです。,https://www.okage-kaigo.com,滋賀県大津市黒津二丁目1番11号,077-546-8801,厚生労働省オープンデータ,https://www.mhlw.go.jp/content/12300000/jigyosho_150.csv,2025-12末,https://www.google.com/search?q=%E3%83%87%E3%82%A4%E3%82%B5%E3%83%BC%E3%83%93%E3%82%B9%E3%82%BB%E3%83%B3%E3%82%BF%E3%83%BC%E3%81%8A%E3%81%8B%E3%81%92%E3%81%95%E3%82%93%20%E5%A4%A7%E6%B4%A5%E5%B8%82
大津ケアセンターそよ風,デイサービス,滋賀県,大津市,"介護,デイサービス",日中に通って食事・入浴・機能訓練・見守りなどを受けるサービスです。,https://www.sykz.co.jp,大津市瀬田三丁目１８－２０,077-547-4810,厚生労働省オープンデータ,https://www.mhlw.go.jp/content/12300000/jigyosho_150.csv,2025-12末,https://www.google.com/search?q=%E5%A4%A7%E6%B4%A5%E3%82%B1%E3%82%A2%E3%82%BB%E3%83%B3%E3%82%BF%E3%83%BC%E3%81%9D%E3%82%88%E9%A2%A8%20%E5%A4%A7%E6%B4%A5%E5%B8%82
デイサービスりんく大津　湖都ケ丘,デイサービス,滋賀県,大津市,"介護,デイサービス",日中に通って食事・入浴・機能訓練・見守りなどを受けるサービスです。,http://www.link-otsu.jp/,大津市雄琴3丁目13番20号,077-578-8267,厚生労働省オープンデータ,https://www.mhlw.go.jp/content/12300000/jigyosho_150.csv,2025-12末,https://www.google.com/search?q=%E3%83%87%E3%82%A4%E3%82%B5%E3%83%BC%E3%83%93%E3%82%B9%E3%82%8A%E3%82%93%E3%81%8F%E5%A4%A7%E6%B4%A5%E3%80%80%E6%B9%96%E9%83%BD%E3%82%B1%E4%B8%98%20%E5%A4%A7%E6%B4%A5%E5%B8%82
大津市立木戸デイサービスセンター,デイサービス,滋賀県,大津市,"介護,デイサービス",日中に通って食事・入浴・機能訓練・見守りなどを受けるサービスです。,http://www.fukusi-otsu.or.jp/publics/index/21/,大津市木戸709番地,077-592-8022,厚生労働省オープンデータ,https://www.mhlw.go.jp/content/12300000/jigyosho_150.csv,2025-12末,https://www.google.com/search?q=%E5%A4%A7%E6%B4%A5%E5%B8%82%E7%AB%8B%E6%9C%A8%E6%88%B8%E3%83%87%E3%82%A4%E3%82%B5%E3%83%BC%E3%83%93%E3%82%B9%E3%82%BB%E3%83%B3%E3%82%BF%E3%83%BC%20%E5%A4%A7%E6%B4%A5%E5%B8%82
デイサービス輝楽里,デイサービス,滋賀県,大津市,"介護,デイサービス",日中に通って食事・入浴・機能訓練・見守りなどを受けるサービスです。,https://support-oneself.com/,滋賀県大津市下阪本三丁目16番18号,077-572-9100,厚生労働省オープンデータ,https://www.mhlw.go.jp/content/12300000/jigyosho_150.csv,2025-12末,https://www.google.com/search?q=%E3%83%87%E3%82%A4%E3%82%B5%E3%83%BC%E3%83%93%E3%82%B9%E8%BC%9D%E6%A5%BD%E9%87%8C%20%E5%A4%A7%E6%B4%A5%E5%B8%82
小西医院デイサービス,デイサービス,滋賀県,大津市,"介護,デイサービス",日中に通って食事・入浴・機能訓練・見守りなどを受けるサービスです。,http://www5.ocn.ne.jp/~kiseikai,大萱１－１７－３５,077-543-4099,厚生労働省オープンデータ,https://www.mhlw.go.jp/content/12300000/jigyosho_150.csv,2025-12末,https://www.google.com/search?q=%E5%B0%8F%E8%A5%BF%E5%8C%BB%E9%99%A2%E3%83%87%E3%82%A4%E3%82%B5%E3%83%BC%E3%83%93%E3%82%B9%20%E5%A4%A7%E6%B4%A5%E5%B8%82
長等の里通所介護事業所,デイサービス,滋賀県,大津市,"介護,デイサービス",日中に通って食事・入浴・機能訓練・見守りなどを受けるサービスです。,"http,//koujyukai-otsu.com",大津市神出開町字徴妙寺260番9号,077-510-0017,厚生労働省オープンデータ,https://www.mhlw.go.jp/content/12300000/jigyosho_150.csv,2025-12末,https://www.google.com/search?q=%E9%95%B7%E7%AD%89%E3%81%AE%E9%87%8C%E9%80%9A%E6%89%80%E4%BB%8B%E8%AD%B7%E4%BA%8B%E6%A5%AD%E6%89%80%20%E5%A4%A7%E6%B4%A5%E5%B8%82
かねだデイサービス,デイサービス,滋賀県,大津市,"介護,デイサービス",日中に通って食事・入浴・機能訓練・見守りなどを受けるサービスです。,https://www.google.com/search?q=%E3%81%8B%E3%81%AD%E3%81%A0%E3%83%87%E3%82%A4%E3%82%B5%E3%83%BC%E3%83%93%E3%82%B9%20%E5%A4%A7%E6%B4%A5%E5%B8%82,大津市南郷一丁目7-21,077-534-1978,厚生労働省オープンデータ,https://www.mhlw.go.jp/content/12300000/jigyosho_150.csv,2025-12末,https://www.google.com/search?q=%E3%81%8B%E3%81%AD%E3%81%A0%E3%83%87%E3%82%A4%E3%82%B5%E3%83%BC%E3%83%93%E3%82%B9%20%E5%A4%A7%E6%B4%A5%E5%B8%82
ケアタウンからさき　デイサービスセンター,デイサービス,滋賀県,大津市,"介護,デイサービス",日中に通って食事・入浴・機能訓練・見守りなどを受けるサービスです。,http://www.kosei-f.jp/,滋賀県大津市見世一丁目17番1号,077-511-6222,厚生労働省オープンデータ,https://www.mhlw.go.jp/content/12300000/jigyosho_150.csv,2025-12末,https://www.google.com/search?q=%E3%82%B1%E3%82%A2%E3%82%BF%E3%82%A6%E3%83%B3%E3%81%8B%E3%82%89%E3%81%95%E3%81%8D%E3%80%80%E3%83%87%E3%82%A4%E3%82%B5%E3%83%BC%E3%83%93%E3%82%B9%E3%82%BB%E3%83%B3%E3%82%BF%E3%83%BC%20%E5%A4%A7%E6%B4%A5%E5%B8%82
湖南デイサービスセンター,デイサービス,滋賀県,大津市,"介護,デイサービス",日中に通って食事・入浴・機能訓練・見守りなどを受けるサービスです。,http://yoshitoku.or.jp,大津市里５丁目２－１３,077-546-3014,厚生労働省オープンデータ,https://www.mhlw.go.jp/content/12300000/jigyosho_150.csv,2025-12末,https://www.google.com/search?q=%E6%B9%96%E5%8D%97%E3%83%87%E3%82%A4%E3%82%B5%E3%83%BC%E3%83%93%E3%82%B9%E3%82%BB%E3%83%B3%E3%82%BF%E3%83%BC%20%E5%A4%A7%E6%B4%A5%E5%B8%82
近江舞子しょうぶ苑デイサービスセンター,デイサービス,滋賀県,大津市,"介護,デイサービス",日中に通って食事・入浴・機能訓練・見守りなどを受けるサービスです。,shiga-f.com,大津市南小松90番地,077-596-2233,厚生労働省オープンデータ,https://www.mhlw.go.jp/content/12300000/jigyosho_150.csv,2025-12末,https://www.google.com/search?q=%E8%BF%91%E6%B1%9F%E8%88%9E%E5%AD%90%E3%81%97%E3%82%87%E3%81%86%E3%81%B6%E8%8B%91%E3%83%87%E3%82%A4%E3%82%B5%E3%83%BC%E3%83%93%E3%82%B9%E3%82%BB%E3%83%B3%E3%82%BF%E3%83%BC%20%E5%A4%A7%E6%B4%A5%E5%B8%82
ディサービスセンター国分,デイサービス,滋賀県,大津市,"介護,デイサービス",日中に通って食事・入浴・機能訓練・見守りなどを受けるサービスです。,http://hmkokubu.jp/　又は「デイ国分」で検索,滋賀県大津市国分1丁目40番1号,077-534-1500,厚生労働省オープンデータ,https://www.mhlw.go.jp/content/12300000/jigyosho_150.csv,2025-12末,https://www.google.com/search?q=%E3%83%87%E3%82%A3%E3%82%B5%E3%83%BC%E3%83%93%E3%82%B9%E3%82%BB%E3%83%B3%E3%82%BF%E3%83%BC%E5%9B%BD%E5%88%86%20%E5%A4%A7%E6%B4%A5%E5%B8%82
デイサービスりんく大津浦の郷,デイサービス,滋賀県,大津市,"介護,デイサービス",日中に通って食事・入浴・機能訓練・見守りなどを受けるサービスです。,http://www.link-otsu.jp/,滋賀県大津市本堅田2丁目1-12,077-548-6670,厚生労働省オープンデータ,https://www.mhlw.go.jp/content/12300000/jigyosho_150.csv,2025-12末,https://www.google.com/search?q=%E3%83%87%E3%82%A4%E3%82%B5%E3%83%BC%E3%83%93%E3%82%B9%E3%82%8A%E3%82%93%E3%81%8F%E5%A4%A7%E6%B4%A5%E6%B5%A6%E3%81%AE%E9%83%B7%20%E5%A4%A7%E6%B4%A5%E5%B8%82
医療法人弘英会デイサービスさくらテラス,デイサービス,滋賀県,大津市,"介護,デイサービス",日中に通って食事・入浴・機能訓練・見守りなどを受けるサービスです。,http://www.boh.or.jp,滋賀県大津市本堅田6丁目39番18号,077-571-2225,厚生労働省オープンデータ,https://www.mhlw.go.jp/content/12300000/jigyosho_150.csv,2025-12末,https://www.google.com/search?q=%E5%8C%BB%E7%99%82%E6%B3%95%E4%BA%BA%E5%BC%98%E8%8B%B1%E4%BC%9A%E3%83%87%E3%82%A4%E3%82%B5%E3%83%BC%E3%83%93%E3%82%B9%E3%81%95%E3%81%8F%E3%82%89%E3%83%86%E3%83%A9%E3%82%B9%20%E5%A4%A7%E6%B4%A5%E5%B8%82
デイサービスセンター和楽,デイサービス,滋賀県,大津市,"介護,デイサービス",日中に通って食事・入浴・機能訓練・見守りなどを受けるサービスです。,https://waraku-dayservice.com/,滋賀県大津市横木2丁目8-12,077-548-6931,厚生労働省オープンデータ,https://www.mhlw.go.jp/content/12300000/jigyosho_150.csv,2025-12末,https://www.google.com/search?q=%E3%83%87%E3%82%A4%E3%82%B5%E3%83%BC%E3%83%93%E3%82%B9%E3%82%BB%E3%83%B3%E3%82%BF%E3%83%BC%E5%92%8C%E6%A5%BD%20%E5%A4%A7%E6%B4%A5%E5%B8%82
特別養護老人ホーム榛原の里,デイサービス,滋賀県,大津市,"介護,デイサービス",日中に通って食事・入浴・機能訓練・見守りなどを受けるサービスです。,http://www.fukusi-otsu.or.jp/,滋賀県大津市真野普門三丁目1120番地,077-573-9902,厚生労働省オープンデータ,https://www.mhlw.go.jp/content/12300000/jigyosho_150.csv,2025-12末,https://www.google.com/search?q=%E7%89%B9%E5%88%A5%E9%A4%8A%E8%AD%B7%E8%80%81%E4%BA%BA%E3%83%9B%E3%83%BC%E3%83%A0%E6%A6%9B%E5%8E%9F%E3%81%AE%E9%87%8C%20%E5%A4%A7%E6%B4%A5%E5%B8%82
デイサービスセンターまつもと,デイサービス,滋賀県,大津市,"介護,デイサービス",日中に通って食事・入浴・機能訓練・見守りなどを受けるサービスです。,http://koujyukai-otsu.com/matsumoto/,滋賀県大津市松本2丁目12番26号,077-522-8750,厚生労働省オープンデータ,https://www.mhlw.go.jp/content/12300000/jigyosho_150.csv,2025-12末,https://www.google.com/search?q=%E3%83%87%E3%82%A4%E3%82%B5%E3%83%BC%E3%83%93%E3%82%B9%E3%82%BB%E3%83%B3%E3%82%BF%E3%83%BC%E3%81%BE%E3%81%A4%E3%82%82%E3%81%A8%20%E5%A4%A7%E6%B4%A5%E5%B8%82
デイサービスみずうみ,デイサービス,滋賀県,大津市,"介護,デイサービス",日中に通って食事・入浴・機能訓練・見守りなどを受けるサービスです。,http://hp.kaipoke.biz/nkz/,大津市坂本三丁目３３－５５,077-535-9058,厚生労働省オープンデータ,https://www.mhlw.go.jp/content/12300000/jigyosho_150.csv,2025-12末,https://www.google.com/search?q=%E3%83%87%E3%82%A4%E3%82%B5%E3%83%BC%E3%83%93%E3%82%B9%E3%81%BF%E3%81%9A%E3%81%86%E3%81%BF%20%E5%A4%A7%E6%B4%A5%E5%B8%82
デイサービスセンターみちくさ,デイサービス,滋賀県,大津市,"介護,デイサービス",日中に通って食事・入浴・機能訓練・見守りなどを受けるサービスです。,wel-fare.co.jp/,滋賀県大津市月輪２丁目３－２１,077-544-3193,厚生労働省オープンデータ,https://www.mhlw.go.jp/content/12300000/jigyosho_150.csv,2025-12末,https://www.google.com/search?q=%E3%83%87%E3%82%A4%E3%82%B5%E3%83%BC%E3%83%93%E3%82%B9%E3%82%BB%E3%83%B3%E3%82%BF%E3%83%BC%E3%81%BF%E3%81%A1%E3%81%8F%E3%81%95%20%E5%A4%A7%E6%B4%A5%E5%B8%82
デイサービス栗林の郷,デイサービス,滋賀県,大津市,"介護,デイサービス",日中に通って食事・入浴・機能訓練・見守りなどを受けるサービスです。,https://kuribayashinosato.shiga-saku.net/,滋賀県大津市一里山四丁目２５－１５,077-548-1236,厚生労働省オープンデータ,https://www.mhlw.go.jp/content/12300000/jigyosho_150.csv,2025-12末,https://www.google.com/search?q=%E3%83%87%E3%82%A4%E3%82%B5%E3%83%BC%E3%83%93%E3%82%B9%E6%A0%97%E6%9E%97%E3%81%AE%E9%83%B7%20%E5%A4%A7%E6%B4%A5%E5%B8%82
デイサービス天神山,デイサービス,滋賀県,大津市,"介護,デイサービス",日中に通って食事・入浴・機能訓練・見守りなどを受けるサービスです。,http：//newearth.co.jp,滋賀県大津市衣川3丁目7-10,077-575-9904,厚生労働省オープンデータ,https://www.mhlw.go.jp/content/12300000/jigyosho_150.csv,2025-12末,https://www.google.com/search?q=%E3%83%87%E3%82%A4%E3%82%B5%E3%83%BC%E3%83%93%E3%82%B9%E5%A4%A9%E7%A5%9E%E5%B1%B1%20%E5%A4%A7%E6%B4%A5%E5%B8%82
北雄琴デイサービス爽やかな風,デイサービス,滋賀県,大津市,"介護,デイサービス",日中に通って食事・入浴・機能訓練・見守りなどを受けるサービスです。,https://www.sanga-kaigo.co.jp,滋賀県大津市雄琴3-1-7,077-577-1661,厚生労働省オープンデータ,https://www.mhlw.go.jp/content/12300000/jigyosho_150.csv,2025-12末,https://www.google.com/search?q=%E5%8C%97%E9%9B%84%E7%90%B4%E3%83%87%E3%82%A4%E3%82%B5%E3%83%BC%E3%83%93%E3%82%B9%E7%88%BD%E3%82%84%E3%81%8B%E3%81%AA%E9%A2%A8%20%E5%A4%A7%E6%B4%A5%E5%B8%82
琵琶湖大橋デイサービス,デイサービス,滋賀県,大津市,"介護,デイサービス",日中に通って食事・入浴・機能訓練・見守りなどを受けるサービスです。,https://www.sanga-kaigo.co.jp,滋賀県大津市本堅田4丁目4-18,077-571-1165,厚生労働省オープンデータ,https://www.mhlw.go.jp/content/12300000/jigyosho_150.csv,2025-12末,https://www.google.com/search?q=%E7%90%B5%E7%90%B6%E6%B9%96%E5%A4%A7%E6%A9%8B%E3%83%87%E3%82%A4%E3%82%B5%E3%83%BC%E3%83%93%E3%82%B9%20%E5%A4%A7%E6%B4%A5%E5%B8%82
デイサービス　バディ,デイサービス,滋賀県,大津市,"介護,デイサービス",日中に通って食事・入浴・機能訓練・見守りなどを受けるサービスです。,https://shiga-f.com,滋賀県大津市仰木の里東4-4-1,077-575-5319,厚生労働省オープンデータ,https://www.mhlw.go.jp/content/12300000/jigyosho_150.csv,2025-12末,https://www.google.com/search?q=%E3%83%87%E3%82%A4%E3%82%B5%E3%83%BC%E3%83%93%E3%82%B9%E3%80%80%E3%83%90%E3%83%87%E3%82%A3%20%E5%A4%A7%E6%B4%A5%E5%B8%82
デイサービスセンター湖の花,デイサービス,滋賀県,大津市,"介護,デイサービス",日中に通って食事・入浴・機能訓練・見守りなどを受けるサービスです。,http：//rakujyu-konohana.com,大津市衣川２－２７－１,077-572-3006,厚生労働省オープンデータ,https://www.mhlw.go.jp/content/12300000/jigyosho_150.csv,2025-12末,https://www.google.com/search?q=%E3%83%87%E3%82%A4%E3%82%B5%E3%83%BC%E3%83%93%E3%82%B9%E3%82%BB%E3%83%B3%E3%82%BF%E3%83%BC%E6%B9%96%E3%81%AE%E8%8A%B1%20%E5%A4%A7%E6%B4%A5%E5%B8%82
コミュニティ倶楽部　咲楽,デイサービス,滋賀県,大津市,"介護,デイサービス",日中に通って食事・入浴・機能訓練・見守りなどを受けるサービスです。,http://www.two-morrow.jp,滋賀県大津市美崎町11-22,077-511-9323,厚生労働省オープンデータ,https://www.mhlw.go.jp/content/12300000/jigyosho_150.csv,2025-12末,https://www.google.com/search?q=%E3%82%B3%E3%83%9F%E3%83%A5%E3%83%8B%E3%83%86%E3%82%A3%E5%80%B6%E6%A5%BD%E9%83%A8%E3%80%80%E5%92%B2%E6%A5%BD%20%E5%A4%A7%E6%B4%A5%E5%B8%82
近江笑生会松が丘デイサービスセンター,デイサービス,滋賀県,大津市,"介護,デイサービス",日中に通って食事・入浴・機能訓練・見守りなどを受けるサービスです。,oumisyouseikai@car.ocn.ne.jp,松が丘七丁目１５番１号,077-549-3666,厚生労働省オープンデータ,https://www.mhlw.go.jp/content/12300000/jigyosho_150.csv,2025-12末,https://www.google.com/search?q=%E8%BF%91%E6%B1%9F%E7%AC%91%E7%94%9F%E4%BC%9A%E6%9D%BE%E3%81%8C%E4%B8%98%E3%83%87%E3%82%A4%E3%82%B5%E3%83%BC%E3%83%93%E3%82%B9%E3%82%BB%E3%83%B3%E3%82%BF%E3%83%BC%20%E5%A4%A7%E6%B4%A5%E5%B8%82
カーサ月の輪デイサービスセンター,デイサービス,滋賀県,大津市,"介護,デイサービス",日中に通って食事・入浴・機能訓練・見守りなどを受けるサービスです。,http://koujyukai-otsu.com/casa/,滋賀県大津市月輪１丁目１２番８号,077-547-0951,厚生労働省オープンデータ,https://www.mhlw.go.jp/content/12300000/jigyosho_150.csv,2025-12末,https://www.google.com/search?q=%E3%82%AB%E3%83%BC%E3%82%B5%E6%9C%88%E3%81%AE%E8%BC%AA%E3%83%87%E3%82%A4%E3%82%B5%E3%83%BC%E3%83%93%E3%82%B9%E3%82%BB%E3%83%B3%E3%82%BF%E3%83%BC%20%E5%A4%A7%E6%B4%A5%E5%B8%82
デイサービス　アトラクト勧学,デイサービス,滋賀県,大津市,"介護,デイサービス",日中に通って食事・入浴・機能訓練・見守りなどを受けるサービスです。,https://www.google.com/search?q=%E3%83%87%E3%82%A4%E3%82%B5%E3%83%BC%E3%83%93%E3%82%B9%E3%80%80%E3%82%A2%E3%83%88%E3%83%A9%E3%82%AF%E3%83%88%E5%8B%A7%E5%AD%A6%20%E5%A4%A7%E6%B4%A5%E5%B8%82,滋賀県大津市勧学　勧学館,077-526-9222,厚生労働省オープンデータ,https://www.mhlw.go.jp/content/12300000/jigyosho_150.csv,2025-12末,https://www.google.com/search?q=%E3%83%87%E3%82%A4%E3%82%B5%E3%83%BC%E3%83%93%E3%82%B9%E3%80%80%E3%82%A2%E3%83%88%E3%83%A9%E3%82%AF%E3%83%88%E5%8B%A7%E5%AD%A6%20%E5%A4%A7%E6%B4%A5%E5%B8%82
ポラリスデイサービスセンター大津高砂,デイサービス,滋賀県,大津市,"介護,デイサービス",日中に通って食事・入浴・機能訓練・見守りなどを受けるサービスです。,polaris.care/office/,滋賀県大津市高砂町1-1,077-525-1177,厚生労働省オープンデータ,https://www.mhlw.go.jp/content/12300000/jigyosho_150.csv,2025-12末,https://www.google.com/search?q=%E3%83%9D%E3%83%A9%E3%83%AA%E3%82%B9%E3%83%87%E3%82%A4%E3%82%B5%E3%83%BC%E3%83%93%E3%82%B9%E3%82%BB%E3%83%B3%E3%82%BF%E3%83%BC%E5%A4%A7%E6%B4%A5%E9%AB%98%E7%A0%82%20%E5%A4%A7%E6%B4%A5%E5%B8%82
共創ライフあをに工房大津堅田,デイサービス,滋賀県,大津市,"介護,デイサービス",日中に通って食事・入浴・機能訓練・見守りなどを受けるサービスです。,https://www.rirestage.co.jp,滋賀県大津市堅田1丁目15－43,077-571-0300,厚生労働省オープンデータ,https://www.mhlw.go.jp/content/12300000/jigyosho_150.csv,2025-12末,https://www.google.com/search?q=%E5%85%B1%E5%89%B5%E3%83%A9%E3%82%A4%E3%83%95%E3%81%82%E3%82%92%E3%81%AB%E5%B7%A5%E6%88%BF%E5%A4%A7%E6%B4%A5%E5%A0%85%E7%94%B0%20%E5%A4%A7%E6%B4%A5%E5%B8%82
レッツ俱楽部高宮町,デイサービス,滋賀県,彦根市,"介護,デイサービス",日中に通って食事・入浴・機能訓練・見守りなどを受けるサービスです。,https://www.google.com/search?q=%E3%83%AC%E3%83%83%E3%83%84%E4%BF%B1%E6%A5%BD%E9%83%A8%E9%AB%98%E5%AE%AE%E7%94%BA%20%E5%BD%A6%E6%A0%B9%E5%B8%82,高宮町903番地1レマルージュ店舗1号室,0749-23-1600,厚生労働省オープンデータ,https://www.mhlw.go.jp/content/12300000/jigyosho_150.csv,2025-12末,https://www.google.com/search?q=%E3%83%AC%E3%83%83%E3%83%84%E4%BF%B1%E6%A5%BD%E9%83%A8%E9%AB%98%E5%AE%AE%E7%94%BA%20%E5%BD%A6%E6%A0%B9%E5%B8%82
ハッピーフィットネスひこね,デイサービス,滋賀県,彦根市,"介護,デイサービス",日中に通って食事・入浴・機能訓練・見守りなどを受けるサービスです。,http://okaken.biz/,滋賀県彦根市平田町289-6,0749-47-5440,厚生労働省オープンデータ,https://www.mhlw.go.jp/content/12300000/jigyosho_150.csv,2025-12末,https://www.google.com/search?q=%E3%83%8F%E3%83%83%E3%83%94%E3%83%BC%E3%83%95%E3%82%A3%E3%83%83%E3%83%88%E3%83%8D%E3%82%B9%E3%81%B2%E3%81%93%E3%81%AD%20%E5%BD%A6%E6%A0%B9%E5%B8%82
デイサービスはるのうみ,デイサービス,滋賀県,彦根市,"介護,デイサービス",日中に通って食事・入浴・機能訓練・見守りなどを受けるサービスです。,http://www.hikone-rehacl.com/,西今町369-1,0749-21-3983,厚生労働省オープンデータ,https://www.mhlw.go.jp/content/12300000/jigyosho_150.csv,2025-12末,https://www.google.com/search?q=%E3%83%87%E3%82%A4%E3%82%B5%E3%83%BC%E3%83%93%E3%82%B9%E3%81%AF%E3%82%8B%E3%81%AE%E3%81%86%E3%81%BF%20%E5%BD%A6%E6%A0%B9%E5%B8%82
デイサービスセンター寿安,デイサービス,滋賀県,彦根市,"介護,デイサービス",日中に通って食事・入浴・機能訓練・見守りなどを受けるサービスです。,http:/care39.net/,滋賀県彦根市新海浜一丁目９番地５,０７４９-４３-５７３３,厚生労働省オープンデータ,https://www.mhlw.go.jp/content/12300000/jigyosho_150.csv,2025-12末,https://www.google.com/search?q=%E3%83%87%E3%82%A4%E3%82%B5%E3%83%BC%E3%83%93%E3%82%B9%E3%82%BB%E3%83%B3%E3%82%BF%E3%83%BC%E5%AF%BF%E5%AE%89%20%E5%BD%A6%E6%A0%B9%E5%B8%82
彦根市ふたばデイサービスセンター,デイサービス,滋賀県,彦根市,"介護,デイサービス",日中に通って食事・入浴・機能訓練・見守りなどを受けるサービスです。,http://www.yujin-yamazaki.co.jp/hutaba.html,彦根市金剛寺町95番地の1,0749-28-0065,厚生労働省オープンデータ,https://www.mhlw.go.jp/content/12300000/jigyosho_150.csv,2025-12末,https://www.google.com/search?q=%E5%BD%A6%E6%A0%B9%E5%B8%82%E3%81%B5%E3%81%9F%E3%81%B0%E3%83%87%E3%82%A4%E3%82%B5%E3%83%BC%E3%83%93%E3%82%B9%E3%82%BB%E3%83%B3%E3%82%BF%E3%83%BC%20%E5%BD%A6%E6%A0%B9%E5%B8%82
デイサービスよもぎの里,デイサービス,滋賀県,彦根市,"介護,デイサービス",日中に通って食事・入浴・機能訓練・見守りなどを受けるサービスです。,hi-yomogi.com,滋賀県彦根市平田町901番,０７４９－２０－５１８１,厚生労働省オープンデータ,https://www.mhlw.go.jp/content/12300000/jigyosho_150.csv,2025-12末,https://www.google.com/search?q=%E3%83%87%E3%82%A4%E3%82%B5%E3%83%BC%E3%83%93%E3%82%B9%E3%82%88%E3%82%82%E3%81%8E%E3%81%AE%E9%87%8C%20%E5%BD%A6%E6%A0%B9%E5%B8%82
彦根市北デイサービスセンター,デイサービス,滋賀県,彦根市,"介護,デイサービス",日中に通って食事・入浴・機能訓練・見守りなどを受けるサービスです。,http://www.hikone-shakyou.or.jp,滋賀県彦根市馬場一丁目５－５彦根市北老人福祉センター　ハピネスひこね（北デイサービス棟）,0749-21-0301,厚生労働省オープンデータ,https://www.mhlw.go.jp/content/12300000/jigyosho_150.csv,2025-12末,https://www.google.com/search?q=%E5%BD%A6%E6%A0%B9%E5%B8%82%E5%8C%97%E3%83%87%E3%82%A4%E3%82%B5%E3%83%BC%E3%83%93%E3%82%B9%E3%82%BB%E3%83%B3%E3%82%BF%E3%83%BC%20%E5%BD%A6%E6%A0%B9%E5%B8%82
彦根市佐和山デイサービスセンター,デイサービス,滋賀県,彦根市,"介護,デイサービス",日中に通って食事・入浴・機能訓練・見守りなどを受けるサービスです。,http://www.yujin-yamazaki.co.jp/sawayam.html,芹川町484-4,0749-21-0700,厚生労働省オープンデータ,https://www.mhlw.go.jp/content/12300000/jigyosho_150.csv,2025-12末,https://www.google.com/search?q=%E5%BD%A6%E6%A0%B9%E5%B8%82%E4%BD%90%E5%92%8C%E5%B1%B1%E3%83%87%E3%82%A4%E3%82%B5%E3%83%BC%E3%83%93%E3%82%B9%E3%82%BB%E3%83%B3%E3%82%BF%E3%83%BC%20%E5%BD%A6%E6%A0%B9%E5%B8%82
デイサービスさくら,デイサービス,滋賀県,彦根市,"介護,デイサービス",日中に通って食事・入浴・機能訓練・見守りなどを受けるサービスです。,http://2018sakura.com/,平田町１３６－５ハピネス,0749-24-8011,厚生労働省オープンデータ,https://www.mhlw.go.jp/content/12300000/jigyosho_150.csv,2025-12末,https://www.google.com/search?q=%E3%83%87%E3%82%A4%E3%82%B5%E3%83%BC%E3%83%93%E3%82%B9%E3%81%95%E3%81%8F%E3%82%89%20%E5%BD%A6%E6%A0%B9%E5%B8%82
滋賀県彦根市川瀬馬場町９７１番地１,デイサービス,滋賀県,彦根市,"介護,デイサービス",日中に通って食事・入浴・機能訓練・見守りなどを受けるサービスです。,hinatakonon.jp,滋賀県彦根市川瀬馬場町９７１番地１,0749-28-7400,厚生労働省オープンデータ,https://www.mhlw.go.jp/content/12300000/jigyosho_150.csv,2025-12末,https://www.google.com/search?q=%E6%BB%8B%E8%B3%80%E7%9C%8C%E5%BD%A6%E6%A0%B9%E5%B8%82%E5%B7%9D%E7%80%AC%E9%A6%AC%E5%A0%B4%E7%94%BA%EF%BC%99%EF%BC%97%EF%BC%91%E7%95%AA%E5%9C%B0%EF%BC%91%20%E5%BD%A6%E6%A0%B9%E5%B8%82
ツクイ彦根平田,デイサービス,滋賀県,彦根市,"介護,デイサービス",日中に通って食事・入浴・機能訓練・見守りなどを受けるサービスです。,https://www.tsukui.net/home-care/2429/,滋賀県彦根市平田町589-1,0749-30-3606,厚生労働省オープンデータ,https://www.mhlw.go.jp/content/12300000/jigyosho_150.csv,2025-12末,https://www.google.com/search?q=%E3%83%84%E3%82%AF%E3%82%A4%E5%BD%A6%E6%A0%B9%E5%B9%B3%E7%94%B0%20%E5%BD%A6%E6%A0%B9%E5%B8%82
デイホームゆりの木彦根,デイサービス,滋賀県,彦根市,"介護,デイサービス",日中に通って食事・入浴・機能訓練・見守りなどを受けるサービスです。,https://senior-life.jp/service/yuri.php,滋賀県彦根市松原町字松中1136-1,0749-21-5678,厚生労働省オープンデータ,https://www.mhlw.go.jp/content/12300000/jigyosho_150.csv,2025-12末,https://www.google.com/search?q=%E3%83%87%E3%82%A4%E3%83%9B%E3%83%BC%E3%83%A0%E3%82%86%E3%82%8A%E3%81%AE%E6%9C%A8%E5%BD%A6%E6%A0%B9%20%E5%BD%A6%E6%A0%B9%E5%B8%82
彦根ケアセンターそよ風,デイサービス,滋賀県,彦根市,"介護,デイサービス",日中に通って食事・入浴・機能訓練・見守りなどを受けるサービスです。,https://www.sykz.co.jp/shisetsu-zaitaku/254493,駅東町2-3,0749-27-2131,厚生労働省オープンデータ,https://www.mhlw.go.jp/content/12300000/jigyosho_150.csv,2025-12末,https://www.google.com/search?q=%E5%BD%A6%E6%A0%B9%E3%82%B1%E3%82%A2%E3%82%BB%E3%83%B3%E3%82%BF%E3%83%BC%E3%81%9D%E3%82%88%E9%A2%A8%20%E5%BD%A6%E6%A0%B9%E5%B8%82
正風園　旭森デイサービスセンターくるま座,デイサービス,滋賀県,彦根市,"介護,デイサービス",日中に通って食事・入浴・機能訓練・見守りなどを受けるサービスです。,www.taijyukai.net,滋賀県　彦根市　野田山町　1099-1番地,0749-30-9398,厚生労働省オープンデータ,https://www.mhlw.go.jp/content/12300000/jigyosho_150.csv,2025-12末,https://www.google.com/search?q=%E6%AD%A3%E9%A2%A8%E5%9C%92%E3%80%80%E6%97%AD%E6%A3%AE%E3%83%87%E3%82%A4%E3%82%B5%E3%83%BC%E3%83%93%E3%82%B9%E3%82%BB%E3%83%B3%E3%82%BF%E3%83%BC%E3%81%8F%E3%82%8B%E3%81%BE%E5%BA%A7%20%E5%BD%A6%E6%A0%B9%E5%B8%82
デイサービスりはたま,デイサービス,滋賀県,彦根市,"介護,デイサービス",日中に通って食事・入浴・機能訓練・見守りなどを受けるサービスです。,oozora-care.com,滋賀県彦根市平田町162番地15,0749-26-5535,厚生労働省オープンデータ,https://www.mhlw.go.jp/content/12300000/jigyosho_150.csv,2025-12末,https://www.google.com/search?q=%E3%83%87%E3%82%A4%E3%82%B5%E3%83%BC%E3%83%93%E3%82%B9%E3%82%8A%E3%81%AF%E3%81%9F%E3%81%BE%20%E5%BD%A6%E6%A0%B9%E5%B8%82
デイサービス　スリースターズ,デイサービス,滋賀県,彦根市,"介護,デイサービス",日中に通って食事・入浴・機能訓練・見守りなどを受けるサービスです。,https://www.oozora-care.com/,滋賀県彦根市開出今町1414-6　TJF-KAI1・2,0749-29-9029,厚生労働省オープンデータ,https://www.mhlw.go.jp/content/12300000/jigyosho_150.csv,2025-12末,https://www.google.com/search?q=%E3%83%87%E3%82%A4%E3%82%B5%E3%83%BC%E3%83%93%E3%82%B9%E3%80%80%E3%82%B9%E3%83%AA%E3%83%BC%E3%82%B9%E3%82%BF%E3%83%BC%E3%82%BA%20%E5%BD%A6%E6%A0%B9%E5%B8%82
ＪＡ東びわこデイサービスセンターたかみや,デイサービス,滋賀県,彦根市,"介護,デイサービス",日中に通って食事・入浴・機能訓練・見守りなどを受けるサービスです。,ｈｔｔｐ：//ｗｗｗ．ｅａｓｔ．ｊａｓ．ｏｒ．ｊｐ,滋賀県彦根市高宮町１０１７－２,０７４９－２４－１１７７,厚生労働省オープンデータ,https://www.mhlw.go.jp/content/12300000/jigyosho_150.csv,2025-12末,https://www.google.com/search?q=%EF%BC%AA%EF%BC%A1%E6%9D%B1%E3%81%B3%E3%82%8F%E3%81%93%E3%83%87%E3%82%A4%E3%82%B5%E3%83%BC%E3%83%93%E3%82%B9%E3%82%BB%E3%83%B3%E3%82%BF%E3%83%BC%E3%81%9F%E3%81%8B%E3%81%BF%E3%82%84%20%E5%BD%A6%E6%A0%B9%E5%B8%82
シンシア彦根鳥居本,デイサービス,滋賀県,彦根市,"介護,デイサービス",日中に通って食事・入浴・機能訓練・見守りなどを受けるサービスです。,https://www.google.com/search?q=%E3%82%B7%E3%83%B3%E3%82%B7%E3%82%A2%E5%BD%A6%E6%A0%B9%E9%B3%A5%E5%B1%85%E6%9C%AC%20%E5%BD%A6%E6%A0%B9%E5%B8%82,滋賀県彦根市鳥居本町1389-1,0749-23-0968,厚生労働省オープンデータ,https://www.mhlw.go.jp/content/12300000/jigyosho_150.csv,2025-12末,https://www.google.com/search?q=%E3%82%B7%E3%83%B3%E3%82%B7%E3%82%A2%E5%BD%A6%E6%A0%B9%E9%B3%A5%E5%B1%85%E6%9C%AC%20%E5%BD%A6%E6%A0%B9%E5%B8%82
デイサービスセンターべるふらっと,デイサービス,滋賀県,彦根市,"介護,デイサービス",日中に通って食事・入浴・機能訓練・見守りなどを受けるサービスです。,http://suzukihealthcare.co.jp,滋賀県彦根市平田町258-3,0749-24-0445,厚生労働省オープンデータ,https://www.mhlw.go.jp/content/12300000/jigyosho_150.csv,2025-12末,https://www.google.com/search?q=%E3%83%87%E3%82%A4%E3%82%B5%E3%83%BC%E3%83%93%E3%82%B9%E3%82%BB%E3%83%B3%E3%82%BF%E3%83%BC%E3%81%B9%E3%82%8B%E3%81%B5%E3%82%89%E3%81%A3%E3%81%A8%20%E5%BD%A6%E6%A0%B9%E5%B8%82
ＪＡ東びわこデイサービスセンター,デイサービス,滋賀県,彦根市,"介護,デイサービス",日中に通って食事・入浴・機能訓練・見守りなどを受けるサービスです。,http://www/east.jas.or.jp,滋賀県彦根市賀田山町234-6,0749-28-7878,厚生労働省オープンデータ,https://www.mhlw.go.jp/content/12300000/jigyosho_150.csv,2025-12末,https://www.google.com/search?q=%EF%BC%AA%EF%BC%A1%E6%9D%B1%E3%81%B3%E3%82%8F%E3%81%93%E3%83%87%E3%82%A4%E3%82%B5%E3%83%BC%E3%83%93%E3%82%B9%E3%82%BB%E3%83%B3%E3%82%BF%E3%83%BC%20%E5%BD%A6%E6%A0%B9%E5%B8%82
彦根市デイサービスセンターきらら,デイサービス,滋賀県,彦根市,"介護,デイサービス",日中に通って食事・入浴・機能訓練・見守りなどを受けるサービスです。,http://www.toyosato.or.jp/index.html,彦根市川瀬馬場町1015-1,0749-28-7353,厚生労働省オープンデータ,https://www.mhlw.go.jp/content/12300000/jigyosho_150.csv,2025-12末,https://www.google.com/search?q=%E5%BD%A6%E6%A0%B9%E5%B8%82%E3%83%87%E3%82%A4%E3%82%B5%E3%83%BC%E3%83%93%E3%82%B9%E3%82%BB%E3%83%B3%E3%82%BF%E3%83%BC%E3%81%8D%E3%82%89%E3%82%89%20%E5%BD%A6%E6%A0%B9%E5%B8%82
さざなみ苑デイサービスセンター,デイサービス,滋賀県,彦根市,"介護,デイサービス",日中に通って食事・入浴・機能訓練・見守りなどを受けるサービスです。,https://sazanamikai1411.com,滋賀県彦根市城町二丁目13番3号,0749-27-1563,厚生労働省オープンデータ,https://www.mhlw.go.jp/content/12300000/jigyosho_150.csv,2025-12末,https://www.google.com/search?q=%E3%81%95%E3%81%96%E3%81%AA%E3%81%BF%E8%8B%91%E3%83%87%E3%82%A4%E3%82%B5%E3%83%BC%E3%83%93%E3%82%B9%E3%82%BB%E3%83%B3%E3%82%BF%E3%83%BC%20%E5%BD%A6%E6%A0%B9%E5%B8%82
デイサービスがじゅまる,デイサービス,滋賀県,彦根市,"介護,デイサービス",日中に通って食事・入浴・機能訓練・見守りなどを受けるサービスです。,https://www.google.com/search?q=%E3%83%87%E3%82%A4%E3%82%B5%E3%83%BC%E3%83%93%E3%82%B9%E3%81%8C%E3%81%98%E3%82%85%E3%81%BE%E3%82%8B%20%E5%BD%A6%E6%A0%B9%E5%B8%82,川瀬馬場町1082-1,0749-20-2642,厚生労働省オープンデータ,https://www.mhlw.go.jp/content/12300000/jigyosho_150.csv,2025-12末,https://www.google.com/search?q=%E3%83%87%E3%82%A4%E3%82%B5%E3%83%BC%E3%83%93%E3%82%B9%E3%81%8C%E3%81%98%E3%82%85%E3%81%BE%E3%82%8B%20%E5%BD%A6%E6%A0%B9%E5%B8%82
ニチイケアセンター彦根,デイサービス,滋賀県,彦根市,"介護,デイサービス",日中に通って食事・入浴・機能訓練・見守りなどを受けるサービスです。,http://www.nichiigakkan.co.jp/,西葛籠町311-6,0749-28-7005,厚生労働省オープンデータ,https://www.mhlw.go.jp/content/12300000/jigyosho_150.csv,2025-12末,https://www.google.com/search?q=%E3%83%8B%E3%83%81%E3%82%A4%E3%82%B1%E3%82%A2%E3%82%BB%E3%83%B3%E3%82%BF%E3%83%BC%E5%BD%A6%E6%A0%B9%20%E5%BD%A6%E6%A0%B9%E5%B8%82
ニチイケアセンター大藪,デイサービス,滋賀県,彦根市,"介護,デイサービス",日中に通って食事・入浴・機能訓練・見守りなどを受けるサービスです。,http://www.nichiigakkan.co.jp,彦根市大藪町2505-1,0749-21-2560,厚生労働省オープンデータ,https://www.mhlw.go.jp/content/12300000/jigyosho_150.csv,2025-12末,https://www.google.com/search?q=%E3%83%8B%E3%83%81%E3%82%A4%E3%82%B1%E3%82%A2%E3%82%BB%E3%83%B3%E3%82%BF%E3%83%BC%E5%A4%A7%E8%97%AA%20%E5%BD%A6%E6%A0%B9%E5%B8%82
仄香の郷地蔵デイサービスセンター,デイサービス,滋賀県,彦根市,"介護,デイサービス",日中に通って食事・入浴・機能訓練・見守りなどを受けるサービスです。,http://www.iscare.co.jp,彦根市地蔵町73-2,0749-23-5557,厚生労働省オープンデータ,https://www.mhlw.go.jp/content/12300000/jigyosho_150.csv,2025-12末,https://www.google.com/search?q=%E4%BB%84%E9%A6%99%E3%81%AE%E9%83%B7%E5%9C%B0%E8%94%B5%E3%83%87%E3%82%A4%E3%82%B5%E3%83%BC%E3%83%93%E3%82%B9%E3%82%BB%E3%83%B3%E3%82%BF%E3%83%BC%20%E5%BD%A6%E6%A0%B9%E5%B8%82
彦根市南デイサービスセンター,デイサービス,滋賀県,彦根市,"介護,デイサービス",日中に通って食事・入浴・機能訓練・見守りなどを受けるサービスです。,https://homesweethome.jp,滋賀県彦根市田原町13-2,0749-43-6700,厚生労働省オープンデータ,https://www.mhlw.go.jp/content/12300000/jigyosho_150.csv,2025-12末,https://www.google.com/search?q=%E5%BD%A6%E6%A0%B9%E5%B8%82%E5%8D%97%E3%83%87%E3%82%A4%E3%82%B5%E3%83%BC%E3%83%93%E3%82%B9%E3%82%BB%E3%83%B3%E3%82%BF%E3%83%BC%20%E5%BD%A6%E6%A0%B9%E5%B8%82
シンシア彦根,デイサービス,滋賀県,彦根市,"介護,デイサービス",日中に通って食事・入浴・機能訓練・見守りなどを受けるサービスです。,https://www.sincere-gri.com,滋賀県彦根市高宮町2426-1,0749-27-0968,厚生労働省オープンデータ,https://www.mhlw.go.jp/content/12300000/jigyosho_150.csv,2025-12末,https://www.google.com/search?q=%E3%82%B7%E3%83%B3%E3%82%B7%E3%82%A2%E5%BD%A6%E6%A0%B9%20%E5%BD%A6%E6%A0%B9%E5%B8%82
彦根ひらたデイサービス,デイサービス,滋賀県,彦根市,"介護,デイサービス",日中に通って食事・入浴・機能訓練・見守りなどを受けるサービスです。,https://www.sanga-kaigo.co.jp/,滋賀県彦根市平田町448-1ひらた翔裕館Ⅱ号館,0749-21-3715,厚生労働省オープンデータ,https://www.mhlw.go.jp/content/12300000/jigyosho_150.csv,2025-12末,https://www.google.com/search?q=%E5%BD%A6%E6%A0%B9%E3%81%B2%E3%82%89%E3%81%9F%E3%83%87%E3%82%A4%E3%82%B5%E3%83%BC%E3%83%93%E3%82%B9%20%E5%BD%A6%E6%A0%B9%E5%B8%82
デイサービス百庵長浜,デイサービス,滋賀県,長浜市,"介護,デイサービス",日中に通って食事・入浴・機能訓練・見守りなどを受けるサービスです。,https://www.google.com/search?q=%E3%83%87%E3%82%A4%E3%82%B5%E3%83%BC%E3%83%93%E3%82%B9%E7%99%BE%E5%BA%B5%E9%95%B7%E6%B5%9C%20%E9%95%B7%E6%B5%9C%E5%B8%82,滋賀県長浜市下坂浜町８０番地1,0749ー57－6454,厚生労働省オープンデータ,https://www.mhlw.go.jp/content/12300000/jigyosho_150.csv,2025-12末,https://www.google.com/search?q=%E3%83%87%E3%82%A4%E3%82%B5%E3%83%BC%E3%83%93%E3%82%B9%E7%99%BE%E5%BA%B5%E9%95%B7%E6%B5%9C%20%E9%95%B7%E6%B5%9C%E5%B8%82
七条つどい,デイサービス,滋賀県,長浜市,"介護,デイサービス",日中に通って食事・入浴・機能訓練・見守りなどを受けるサービスです。,sichijyoutudoi01@gmail.com,滋賀県長浜市七条町320-4七条つどい,0749-53-3900,厚生労働省オープンデータ,https://www.mhlw.go.jp/content/12300000/jigyosho_150.csv,2025-12末,https://www.google.com/search?q=%E4%B8%83%E6%9D%A1%E3%81%A4%E3%81%A9%E3%81%84%20%E9%95%B7%E6%B5%9C%E5%B8%82
ORANGE,デイサービス,滋賀県,長浜市,"介護,デイサービス",日中に通って食事・入浴・機能訓練・見守りなどを受けるサービスです。,https://tanakacare.co.jp/,滋賀県長浜市曽根町1248,0749-51-9101,厚生労働省オープンデータ,https://www.mhlw.go.jp/content/12300000/jigyosho_150.csv,2025-12末,https://www.google.com/search?q=ORANGE%20%E9%95%B7%E6%B5%9C%E5%B8%82
デイサービスいろはの湯,デイサービス,滋賀県,長浜市,"介護,デイサービス",日中に通って食事・入浴・機能訓練・見守りなどを受けるサービスです。,http://www.nagahama-shakyo.or.jp,滋賀県長浜市宮部町3445番地　長浜市役所虎姫支所　生きがいセンター内,0749-73-8112,厚生労働省オープンデータ,https://www.mhlw.go.jp/content/12300000/jigyosho_150.csv,2025-12末,https://www.google.com/search?q=%E3%83%87%E3%82%A4%E3%82%B5%E3%83%BC%E3%83%93%E3%82%B9%E3%81%84%E3%82%8D%E3%81%AF%E3%81%AE%E6%B9%AF%20%E9%95%B7%E6%B5%9C%E5%B8%82
ツクイ長浜神前,デイサービス,滋賀県,長浜市,"介護,デイサービス",日中に通って食事・入浴・機能訓練・見守りなどを受けるサービスです。,https://www.google.com/search?q=%E3%83%84%E3%82%AF%E3%82%A4%E9%95%B7%E6%B5%9C%E7%A5%9E%E5%89%8D%20%E9%95%B7%E6%B5%9C%E5%B8%82,滋賀県長浜市神前町11-25,0749-68-1725,厚生労働省オープンデータ,https://www.mhlw.go.jp/content/12300000/jigyosho_150.csv,2025-12末,https://www.google.com/search?q=%E3%83%84%E3%82%AF%E3%82%A4%E9%95%B7%E6%B5%9C%E7%A5%9E%E5%89%8D%20%E9%95%B7%E6%B5%9C%E5%B8%82
デイサービス　庄助,デイサービス,滋賀県,長浜市,"介護,デイサービス",日中に通って食事・入浴・機能訓練・見守りなどを受けるサービスです。,https://www.facebook.com/Shosuke.inc/,滋賀県高月町柏原８５,0749-53-4664,厚生労働省オープンデータ,https://www.mhlw.go.jp/content/12300000/jigyosho_150.csv,2025-12末,https://www.google.com/search?q=%E3%83%87%E3%82%A4%E3%82%B5%E3%83%BC%E3%83%93%E3%82%B9%E3%80%80%E5%BA%84%E5%8A%A9%20%E9%95%B7%E6%B5%9C%E5%B8%82
社会福祉法人長浜市社会福祉協議会神照リハビリデイサービス,デイサービス,滋賀県,長浜市,"介護,デイサービス",日中に通って食事・入浴・機能訓練・見守りなどを受けるサービスです。,http://www.nagahama-shakyo.or.jp/,滋賀県長浜市神照町288-1長浜市北部福祉ステーション,0749-65-8270,厚生労働省オープンデータ,https://www.mhlw.go.jp/content/12300000/jigyosho_150.csv,2025-12末,https://www.google.com/search?q=%E7%A4%BE%E4%BC%9A%E7%A6%8F%E7%A5%89%E6%B3%95%E4%BA%BA%E9%95%B7%E6%B5%9C%E5%B8%82%E7%A4%BE%E4%BC%9A%E7%A6%8F%E7%A5%89%E5%8D%94%E8%AD%B0%E4%BC%9A%E7%A5%9E%E7%85%A7%E3%83%AA%E3%83%8F%E3%83%93%E3%83%AA%E3%83%87%E3%82%A4%E3%82%B5%E3%83%BC%E3%83%93%E3%82%B9%20%E9%95%B7%E6%B5%9C%E5%B8%82
いきいきサロン『おたっしゃ倶楽部』,デイサービス,滋賀県,長浜市,"介護,デイサービス",日中に通って食事・入浴・機能訓練・見守りなどを受けるサービスです。,http://www.care-care.jp/hp/otassya/,滋賀県長浜市高月町柏原1055,0749-85-5012,厚生労働省オープンデータ,https://www.mhlw.go.jp/content/12300000/jigyosho_150.csv,2025-12末,https://www.google.com/search?q=%E3%81%84%E3%81%8D%E3%81%84%E3%81%8D%E3%82%B5%E3%83%AD%E3%83%B3%E3%80%8E%E3%81%8A%E3%81%9F%E3%81%A3%E3%81%97%E3%82%83%E5%80%B6%E6%A5%BD%E9%83%A8%E3%80%8F%20%E9%95%B7%E6%B5%9C%E5%B8%82
リハビリデイサービス東部,デイサービス,滋賀県,長浜市,"介護,デイサービス",日中に通って食事・入浴・機能訓練・見守りなどを受けるサービスです。,http://www.nagahama-shakyo.or.jp/,滋賀県長浜市東上坂町１０００長浜東部福祉ステーション,0749-65-6263,厚生労働省オープンデータ,https://www.mhlw.go.jp/content/12300000/jigyosho_150.csv,2025-12末,https://www.google.com/search?q=%E3%83%AA%E3%83%8F%E3%83%93%E3%83%AA%E3%83%87%E3%82%A4%E3%82%B5%E3%83%BC%E3%83%93%E3%82%B9%E6%9D%B1%E9%83%A8%20%E9%95%B7%E6%B5%9C%E5%B8%82
社会福祉法人芳醇会　ケアステーションかけはし通所介護事業所,デイサービス,滋賀県,長浜市,"介護,デイサービス",日中に通って食事・入浴・機能訓練・見守りなどを受けるサービスです。,http://www.care-station-kakehashi.com/,滋賀県長浜市湖北町山本4290,0749-79-8966,厚生労働省オープンデータ,https://www.mhlw.go.jp/content/12300000/jigyosho_150.csv,2025-12末,https://www.google.com/search?q=%E7%A4%BE%E4%BC%9A%E7%A6%8F%E7%A5%89%E6%B3%95%E4%BA%BA%E8%8A%B3%E9%86%87%E4%BC%9A%E3%80%80%E3%82%B1%E3%82%A2%E3%82%B9%E3%83%86%E3%83%BC%E3%82%B7%E3%83%A7%E3%83%B3%E3%81%8B%E3%81%91%E3%81%AF%E3%81%97%E9%80%9A%E6%89%80%E4%BB%8B%E8%AD%B7%E4%BA%8B%E6%A5%AD%E6%89%80%20%E9%95%B7%E6%B5%9C%E5%B8%82
リハビリデイサービス　伊香の里アネックス,デイサービス,滋賀県,長浜市,"介護,デイサービス",日中に通って食事・入浴・機能訓練・見守りなどを受けるサービスです。,http://www.nagahama-shakyo.or.jp/,滋賀県長浜市木之本町千田５３番地,0749-82-8130,厚生労働省オープンデータ,https://www.mhlw.go.jp/content/12300000/jigyosho_150.csv,2025-12末,https://www.google.com/search?q=%E3%83%AA%E3%83%8F%E3%83%93%E3%83%AA%E3%83%87%E3%82%A4%E3%82%B5%E3%83%BC%E3%83%93%E3%82%B9%E3%80%80%E4%BC%8A%E9%A6%99%E3%81%AE%E9%87%8C%E3%82%A2%E3%83%8D%E3%83%83%E3%82%AF%E3%82%B9%20%E9%95%B7%E6%B5%9C%E5%B8%82
リハビリデイサービス西浅井,デイサービス,滋賀県,長浜市,"介護,デイサービス",日中に通って食事・入浴・機能訓練・見守りなどを受けるサービスです。,http://www.nagahama-shakyo.or.jp/,滋賀県長浜市西浅井町塩津浜１７９５,0749-88-8181,厚生労働省オープンデータ,https://www.mhlw.go.jp/content/12300000/jigyosho_150.csv,2025-12末,https://www.google.com/search?q=%E3%83%AA%E3%83%8F%E3%83%93%E3%83%AA%E3%83%87%E3%82%A4%E3%82%B5%E3%83%BC%E3%83%93%E3%82%B9%E8%A5%BF%E6%B5%85%E4%BA%95%20%E9%95%B7%E6%B5%9C%E5%B8%82
長浜市社会福祉協議会　しゃきょうデイサービス伊香の里,デイサービス,滋賀県,長浜市,"介護,デイサービス",日中に通って食事・入浴・機能訓練・見守りなどを受けるサービスです。,http://www.nagahama-shakyo.or.jp/,滋賀県長浜市木之本町黒田1221,0749-82-5611,厚生労働省オープンデータ,https://www.mhlw.go.jp/content/12300000/jigyosho_150.csv,2025-12末,https://www.google.com/search?q=%E9%95%B7%E6%B5%9C%E5%B8%82%E7%A4%BE%E4%BC%9A%E7%A6%8F%E7%A5%89%E5%8D%94%E8%AD%B0%E4%BC%9A%E3%80%80%E3%81%97%E3%82%83%E3%81%8D%E3%82%87%E3%81%86%E3%83%87%E3%82%A4%E3%82%B5%E3%83%BC%E3%83%93%E3%82%B9%E4%BC%8A%E9%A6%99%E3%81%AE%E9%87%8C%20%E9%95%B7%E6%B5%9C%E5%B8%82
デイサービスセンターアリビオ,デイサービス,滋賀県,長浜市,"介護,デイサービス",日中に通って食事・入浴・機能訓練・見守りなどを受けるサービスです。,https://askacare.com,滋賀県長浜市加田町1402-6,0749-51-9096,厚生労働省オープンデータ,https://www.mhlw.go.jp/content/12300000/jigyosho_150.csv,2025-12末,https://www.google.com/search?q=%E3%83%87%E3%82%A4%E3%82%B5%E3%83%BC%E3%83%93%E3%82%B9%E3%82%BB%E3%83%B3%E3%82%BF%E3%83%BC%E3%82%A2%E3%83%AA%E3%83%93%E3%82%AA%20%E9%95%B7%E6%B5%9C%E5%B8%82
デイプラザゆるりはNEXT,デイサービス,滋賀県,長浜市,"介護,デイサービス",日中に通って食事・入浴・機能訓練・見守りなどを受けるサービスです。,http://www.yururiha.com,滋賀県長浜市小堀町１１８－１,0749-65-0441,厚生労働省オープンデータ,https://www.mhlw.go.jp/content/12300000/jigyosho_150.csv,2025-12末,https://www.google.com/search?q=%E3%83%87%E3%82%A4%E3%83%97%E3%83%A9%E3%82%B6%E3%82%86%E3%82%8B%E3%82%8A%E3%81%AFNEXT%20%E9%95%B7%E6%B5%9C%E5%B8%82
田中ケアサービス株式会社　長浜支援センター　デイサービス『よっといで』,デイサービス,滋賀県,長浜市,"介護,デイサービス",日中に通って食事・入浴・機能訓練・見守りなどを受けるサービスです。,http://www.tanakacare.co.jp/,滋賀県長浜市祇園町148-1,0749-68-4180,厚生労働省オープンデータ,https://www.mhlw.go.jp/content/12300000/jigyosho_150.csv,2025-12末,https://www.google.com/search?q=%E7%94%B0%E4%B8%AD%E3%82%B1%E3%82%A2%E3%82%B5%E3%83%BC%E3%83%93%E3%82%B9%E6%A0%AA%E5%BC%8F%E4%BC%9A%E7%A4%BE%E3%80%80%E9%95%B7%E6%B5%9C%E6%94%AF%E6%8F%B4%E3%82%BB%E3%83%B3%E3%82%BF%E3%83%BC%E3%80%80%E3%83%87%E3%82%A4%E3%82%B5%E3%83%BC%E3%83%93%E3%82%B9%E3%80%8E%E3%82%88%E3%81%A3%E3%81%A8%E3%81%84%E3%81%A7%E3%80%8F%20%E9%95%B7%E6%B5%9C%E5%B8%82
リハビリデイサービス湖北,デイサービス,滋賀県,長浜市,"介護,デイサービス",日中に通って食事・入浴・機能訓練・見守りなどを受けるサービスです。,http://www.nagahama-shakyo.or.jp,滋賀県長浜市湖北町速水１８６０番地,0749-78-2144,厚生労働省オープンデータ,https://www.mhlw.go.jp/content/12300000/jigyosho_150.csv,2025-12末,https://www.google.com/search?q=%E3%83%AA%E3%83%8F%E3%83%93%E3%83%AA%E3%83%87%E3%82%A4%E3%82%B5%E3%83%BC%E3%83%93%E3%82%B9%E6%B9%96%E5%8C%97%20%E9%95%B7%E6%B5%9C%E5%B8%82
ニチイケアセンター六荘,デイサービス,滋賀県,長浜市,"介護,デイサービス",日中に通って食事・入浴・機能訓練・見守りなどを受けるサービスです。,http://www.nichiigakkan.co.jp,滋賀県長浜市勝町452,0749-64-5022,厚生労働省オープンデータ,https://www.mhlw.go.jp/content/12300000/jigyosho_150.csv,2025-12末,https://www.google.com/search?q=%E3%83%8B%E3%83%81%E3%82%A4%E3%82%B1%E3%82%A2%E3%82%BB%E3%83%B3%E3%82%BF%E3%83%BC%E5%85%AD%E8%8D%98%20%E9%95%B7%E6%B5%9C%E5%B8%82
リハビリデイサービス浅井,デイサービス,滋賀県,長浜市,"介護,デイサービス",日中に通って食事・入浴・機能訓練・見守りなどを受けるサービスです。,www.nagahama-shakyo.or.jp,滋賀県長浜市今荘町859-1,0749-74-1411,厚生労働省オープンデータ,https://www.mhlw.go.jp/content/12300000/jigyosho_150.csv,2025-12末,https://www.google.com/search?q=%E3%83%AA%E3%83%8F%E3%83%93%E3%83%AA%E3%83%87%E3%82%A4%E3%82%B5%E3%83%BC%E3%83%93%E3%82%B9%E6%B5%85%E4%BA%95%20%E9%95%B7%E6%B5%9C%E5%B8%82
医療法人東川クリニック　通所介護施設　ぽっぽ,デイサービス,滋賀県,長浜市,"介護,デイサービス",日中に通って食事・入浴・機能訓練・見守りなどを受けるサービスです。,https://www.google.com/search?q=%E5%8C%BB%E7%99%82%E6%B3%95%E4%BA%BA%E6%9D%B1%E5%B7%9D%E3%82%AF%E3%83%AA%E3%83%8B%E3%83%83%E3%82%AF%E3%80%80%E9%80%9A%E6%89%80%E4%BB%8B%E8%AD%B7%E6%96%BD%E8%A8%AD%E3%80%80%E3%81%BD%E3%81%A3%E3%81%BD%20%E9%95%B7%E6%B5%9C%E5%B8%82,滋賀県長浜市落合町２３９,0749-50-1275,厚生労働省オープンデータ,https://www.mhlw.go.jp/content/12300000/jigyosho_150.csv,2025-12末,https://www.google.com/search?q=%E5%8C%BB%E7%99%82%E6%B3%95%E4%BA%BA%E6%9D%B1%E5%B7%9D%E3%82%AF%E3%83%AA%E3%83%8B%E3%83%83%E3%82%AF%E3%80%80%E9%80%9A%E6%89%80%E4%BB%8B%E8%AD%B7%E6%96%BD%E8%A8%AD%E3%80%80%E3%81%BD%E3%81%A3%E3%81%BD%20%E9%95%B7%E6%B5%9C%E5%B8%82
ニチイケアセンター木之本,デイサービス,滋賀県,長浜市,"介護,デイサービス",日中に通って食事・入浴・機能訓練・見守りなどを受けるサービスです。,http://www.nichiigakkan.co.jp,長浜市木之本町木之本1587-4,0749-82-8121,厚生労働省オープンデータ,https://www.mhlw.go.jp/content/12300000/jigyosho_150.csv,2025-12末,https://www.google.com/search?q=%E3%83%8B%E3%83%81%E3%82%A4%E3%82%B1%E3%82%A2%E3%82%BB%E3%83%B3%E3%82%BF%E3%83%BC%E6%9C%A8%E4%B9%8B%E6%9C%AC%20%E9%95%B7%E6%B5%9C%E5%B8%82
なごみ庵はる,デイサービス,滋賀県,長浜市,"介護,デイサービス",日中に通って食事・入浴・機能訓練・見守りなどを受けるサービスです。,https://konet.or.jp/,滋賀県長浜市富田町482-1,0749-72-3232,厚生労働省オープンデータ,https://www.mhlw.go.jp/content/12300000/jigyosho_150.csv,2025-12末,https://www.google.com/search?q=%E3%81%AA%E3%81%94%E3%81%BF%E5%BA%B5%E3%81%AF%E3%82%8B%20%E9%95%B7%E6%B5%9C%E5%B8%82
ポラリスデイサービスセンター長浜,デイサービス,滋賀県,長浜市,"介護,デイサービス",日中に通って食事・入浴・機能訓練・見守りなどを受けるサービスです。,http://www.polaris.care/,滋賀県長浜市宮司町８４９,0749-65-5678,厚生労働省オープンデータ,https://www.mhlw.go.jp/content/12300000/jigyosho_150.csv,2025-12末,https://www.google.com/search?q=%E3%83%9D%E3%83%A9%E3%83%AA%E3%82%B9%E3%83%87%E3%82%A4%E3%82%B5%E3%83%BC%E3%83%93%E3%82%B9%E3%82%BB%E3%83%B3%E3%82%BF%E3%83%BC%E9%95%B7%E6%B5%9C%20%E9%95%B7%E6%B5%9C%E5%B8%82
デイサービス　すみれ珈琲,デイサービス,滋賀県,長浜市,"介護,デイサービス",日中に通って食事・入浴・機能訓練・見守りなどを受けるサービスです。,http://www.rehaplus.co.jp/,滋賀県長浜市高月町東物部37-1,0749-59-3141,厚生労働省オープンデータ,https://www.mhlw.go.jp/content/12300000/jigyosho_150.csv,2025-12末,https://www.google.com/search?q=%E3%83%87%E3%82%A4%E3%82%B5%E3%83%BC%E3%83%93%E3%82%B9%E3%80%80%E3%81%99%E3%81%BF%E3%82%8C%E7%8F%88%E7%90%B2%20%E9%95%B7%E6%B5%9C%E5%B8%82
リハビリデイサービススマイ,デイサービス,滋賀県,長浜市,"介護,デイサービス",日中に通って食事・入浴・機能訓練・見守りなどを受けるサービスです。,https://www.google.com/search?q=%E3%83%AA%E3%83%8F%E3%83%93%E3%83%AA%E3%83%87%E3%82%A4%E3%82%B5%E3%83%BC%E3%83%93%E3%82%B9%E3%82%B9%E3%83%9E%E3%82%A4%20%E9%95%B7%E6%B5%9C%E5%B8%82,滋賀県長浜市相撲町138番地,0749533366,厚生労働省オープンデータ,https://www.mhlw.go.jp/content/12300000/jigyosho_150.csv,2025-12末,https://www.google.com/search?q=%E3%83%AA%E3%83%8F%E3%83%93%E3%83%AA%E3%83%87%E3%82%A4%E3%82%B5%E3%83%BC%E3%83%93%E3%82%B9%E3%82%B9%E3%83%9E%E3%82%A4%20%E9%95%B7%E6%B5%9C%E5%B8%82
長浜西部デイサービスセンター,デイサービス,滋賀県,長浜市,"介護,デイサービス",日中に通って食事・入浴・機能訓練・見守りなどを受けるサービスです。,http://www.seishokai.jp/seijoen,滋賀県長浜市朝日町１９－３,0749-65-8353,厚生労働省オープンデータ,https://www.mhlw.go.jp/content/12300000/jigyosho_150.csv,2025-12末,https://www.google.com/search?q=%E9%95%B7%E6%B5%9C%E8%A5%BF%E9%83%A8%E3%83%87%E3%82%A4%E3%82%B5%E3%83%BC%E3%83%93%E3%82%B9%E3%82%BB%E3%83%B3%E3%82%BF%E3%83%BC%20%E9%95%B7%E6%B5%9C%E5%B8%82
アンタレスデイサービスセンター,デイサービス,滋賀県,長浜市,"介護,デイサービス",日中に通って食事・入浴・機能訓練・見守りなどを受けるサービスです。,https://www.seishokai.jp/antares,滋賀県長浜市加田町3360,0749-68-4115,厚生労働省オープンデータ,https://www.mhlw.go.jp/content/12300000/jigyosho_150.csv,2025-12末,https://www.google.com/search?q=%E3%82%A2%E3%83%B3%E3%82%BF%E3%83%AC%E3%82%B9%E3%83%87%E3%82%A4%E3%82%B5%E3%83%BC%E3%83%93%E3%82%B9%E3%82%BB%E3%83%B3%E3%82%BF%E3%83%BC%20%E9%95%B7%E6%B5%9C%E5%B8%82
余呉はごろも村　やまなみデイサービス,デイサービス,滋賀県,長浜市,"介護,デイサービス",日中に通って食事・入浴・機能訓練・見守りなどを受けるサービスです。,https://www.google.com/search?q=%E4%BD%99%E5%91%89%E3%81%AF%E3%81%94%E3%82%8D%E3%82%82%E6%9D%91%E3%80%80%E3%82%84%E3%81%BE%E3%81%AA%E3%81%BF%E3%83%87%E3%82%A4%E3%82%B5%E3%83%BC%E3%83%93%E3%82%B9%20%E9%95%B7%E6%B5%9C%E5%B8%82,滋賀県長浜市余呉町中之郷2434番地,0749-86-8051,厚生労働省オープンデータ,https://www.mhlw.go.jp/content/12300000/jigyosho_150.csv,2025-12末,https://www.google.com/search?q=%E4%BD%99%E5%91%89%E3%81%AF%E3%81%94%E3%82%8D%E3%82%82%E6%9D%91%E3%80%80%E3%82%84%E3%81%BE%E3%81%AA%E3%81%BF%E3%83%87%E3%82%A4%E3%82%B5%E3%83%BC%E3%83%93%E3%82%B9%20%E9%95%B7%E6%B5%9C%E5%B8%82
デイサービスつどい,デイサービス,滋賀県,長浜市,"介護,デイサービス",日中に通って食事・入浴・機能訓練・見守りなどを受けるサービスです。,http://tsudoi.sakura.ne.jp,常喜町671-1,0749-57-6886,厚生労働省オープンデータ,https://www.mhlw.go.jp/content/12300000/jigyosho_150.csv,2025-12末,https://www.google.com/search?q=%E3%83%87%E3%82%A4%E3%82%B5%E3%83%BC%E3%83%93%E3%82%B9%E3%81%A4%E3%81%A9%E3%81%84%20%E9%95%B7%E6%B5%9C%E5%B8%82
デイサービスセンターひととき,デイサービス,滋賀県,長浜市,"介護,デイサービス",日中に通って食事・入浴・機能訓練・見守りなどを受けるサービスです。,https://www.google.com/search?q=%E3%83%87%E3%82%A4%E3%82%B5%E3%83%BC%E3%83%93%E3%82%B9%E3%82%BB%E3%83%B3%E3%82%BF%E3%83%BC%E3%81%B2%E3%81%A8%E3%81%A8%E3%81%8D%20%E9%95%B7%E6%B5%9C%E5%B8%82,滋賀県長浜市唐国町260-2,0749-73-8888,厚生労働省オープンデータ,https://www.mhlw.go.jp/content/12300000/jigyosho_150.csv,2025-12末,https://www.google.com/search?q=%E3%83%87%E3%82%A4%E3%82%B5%E3%83%BC%E3%83%93%E3%82%B9%E3%82%BB%E3%83%B3%E3%82%BF%E3%83%BC%E3%81%B2%E3%81%A8%E3%81%A8%E3%81%8D%20%E9%95%B7%E6%B5%9C%E5%B8%82
デイサービスセンター青芳,デイサービス,滋賀県,長浜市,"介護,デイサービス",日中に通って食事・入浴・機能訓練・見守りなどを受けるサービスです。,seiho@seishokai.jp/seiho,滋賀県長浜市川道町2572,0749-72-8311,厚生労働省オープンデータ,https://www.mhlw.go.jp/content/12300000/jigyosho_150.csv,2025-12末,https://www.google.com/search?q=%E3%83%87%E3%82%A4%E3%82%B5%E3%83%BC%E3%83%93%E3%82%B9%E3%82%BB%E3%83%B3%E3%82%BF%E3%83%BC%E9%9D%92%E8%8A%B3%20%E9%95%B7%E6%B5%9C%E5%B8%82
よりあい処いっぷく家,デイサービス,滋賀県,長浜市,"介護,デイサービス",日中に通って食事・入浴・機能訓練・見守りなどを受けるサービスです。,a.matsui@care.tanaka-hd.jp,滋賀県長浜市木之本町木之本2015,0749-82-8345,厚生労働省オープンデータ,https://www.mhlw.go.jp/content/12300000/jigyosho_150.csv,2025-12末,https://www.google.com/search?q=%E3%82%88%E3%82%8A%E3%81%82%E3%81%84%E5%87%A6%E3%81%84%E3%81%A3%E3%81%B7%E3%81%8F%E5%AE%B6%20%E9%95%B7%E6%B5%9C%E5%B8%82
ふくら通所介護事業所,デイサービス,滋賀県,長浜市,"介護,デイサービス",日中に通って食事・入浴・機能訓練・見守りなどを受けるサービスです。,ｈｔｔｐ://glow.or.jp,長浜市内保町４８０番地,0749-74-0044,厚生労働省オープンデータ,https://www.mhlw.go.jp/content/12300000/jigyosho_150.csv,2025-12末,https://www.google.com/search?q=%E3%81%B5%E3%81%8F%E3%82%89%E9%80%9A%E6%89%80%E4%BB%8B%E8%AD%B7%E4%BA%8B%E6%A5%AD%E6%89%80%20%E9%95%B7%E6%B5%9C%E5%B8%82
しゃきょうデイサービス高月,デイサービス,滋賀県,長浜市,"介護,デイサービス",日中に通って食事・入浴・機能訓練・見守りなどを受けるサービスです。,www.nagahama-shakyo.or.jp/,滋賀県長浜市高月町西物部73-1,0749-85-5700,厚生労働省オープンデータ,https://www.mhlw.go.jp/content/12300000/jigyosho_150.csv,2025-12末,https://www.google.com/search?q=%E3%81%97%E3%82%83%E3%81%8D%E3%82%87%E3%81%86%E3%83%87%E3%82%A4%E3%82%B5%E3%83%BC%E3%83%93%E3%82%B9%E9%AB%98%E6%9C%88%20%E9%95%B7%E6%B5%9C%E5%B8%82
レッツ倶楽部たかはし近江八幡,デイサービス,滋賀県,近江八幡市,"介護,デイサービス",日中に通って食事・入浴・機能訓練・見守りなどを受けるサービスです。,http://www.lets-club.jp/shop/takahashi-omihachiman/,滋賀県近江八幡市出町653六芳舎ビル１F,0748-36-2251,厚生労働省オープンデータ,https://www.mhlw.go.jp/content/12300000/jigyosho_150.csv,2025-12末,https://www.google.com/search?q=%E3%83%AC%E3%83%83%E3%83%84%E5%80%B6%E6%A5%BD%E9%83%A8%E3%81%9F%E3%81%8B%E3%81%AF%E3%81%97%E8%BF%91%E6%B1%9F%E5%85%AB%E5%B9%A1%20%E8%BF%91%E6%B1%9F%E5%85%AB%E5%B9%A1%E5%B8%82
コンパスウォーク近江八幡,デイサービス,滋賀県,近江八幡市,"介護,デイサービス",日中に通って食事・入浴・機能訓練・見守りなどを受けるサービスです。,https://keigo-group.co.jp/shop/shigaken/15622/,滋賀県近江八幡市土田町1325-1,0748-43-1383,厚生労働省オープンデータ,https://www.mhlw.go.jp/content/12300000/jigyosho_150.csv,2025-12末,https://www.google.com/search?q=%E3%82%B3%E3%83%B3%E3%83%91%E3%82%B9%E3%82%A6%E3%82%A9%E3%83%BC%E3%82%AF%E8%BF%91%E6%B1%9F%E5%85%AB%E5%B9%A1%20%E8%BF%91%E6%B1%9F%E5%85%AB%E5%B9%A1%E5%B8%82
ツクイ近江八幡鷹飼,デイサービス,滋賀県,近江八幡市,"介護,デイサービス",日中に通って食事・入浴・機能訓練・見守りなどを受けるサービスです。,https://www.tsukui.net/home-care/2585/,近江八幡市鷹飼町北4丁目21番地2号,0748‐31‐1120,厚生労働省オープンデータ,https://www.mhlw.go.jp/content/12300000/jigyosho_150.csv,2025-12末,https://www.google.com/search?q=%E3%83%84%E3%82%AF%E3%82%A4%E8%BF%91%E6%B1%9F%E5%85%AB%E5%B9%A1%E9%B7%B9%E9%A3%BC%20%E8%BF%91%E6%B1%9F%E5%85%AB%E5%B9%A1%E5%B8%82
ＪＡグリーン近江　デイサービスセンター　のどか,デイサービス,滋賀県,近江八幡市,"介護,デイサービス",日中に通って食事・入浴・機能訓練・見守りなどを受けるサービスです。,https://www.google.com/search?q=%EF%BC%AA%EF%BC%A1%E3%82%B0%E3%83%AA%E3%83%BC%E3%83%B3%E8%BF%91%E6%B1%9F%E3%80%80%E3%83%87%E3%82%A4%E3%82%B5%E3%83%BC%E3%83%93%E3%82%B9%E3%82%BB%E3%83%B3%E3%82%BF%E3%83%BC%E3%80%80%E3%81%AE%E3%81%A9%E3%81%8B%20%E8%BF%91%E6%B1%9F%E5%85%AB%E5%B9%A1%E5%B8%82,滋賀県近江八幡市中小森町１１３８,0748-33-2000,厚生労働省オープンデータ,https://www.mhlw.go.jp/content/12300000/jigyosho_150.csv,2025-12末,https://www.google.com/search?q=%EF%BC%AA%EF%BC%A1%E3%82%B0%E3%83%AA%E3%83%BC%E3%83%B3%E8%BF%91%E6%B1%9F%E3%80%80%E3%83%87%E3%82%A4%E3%82%B5%E3%83%BC%E3%83%93%E3%82%B9%E3%82%BB%E3%83%B3%E3%82%BF%E3%83%BC%E3%80%80%E3%81%AE%E3%81%A9%E3%81%8B%20%E8%BF%91%E6%B1%9F%E5%85%AB%E5%B9%A1%E5%B8%82
オアシスデイサービスセンター,デイサービス,滋賀県,近江八幡市,"介護,デイサービス",日中に通って食事・入浴・機能訓練・見守りなどを受けるサービスです。,https://oasisdayservice.jp,近江八幡市馬渕町６９０番地,0748-38-0294,厚生労働省オープンデータ,https://www.mhlw.go.jp/content/12300000/jigyosho_150.csv,2025-12末,https://www.google.com/search?q=%E3%82%AA%E3%82%A2%E3%82%B7%E3%82%B9%E3%83%87%E3%82%A4%E3%82%B5%E3%83%BC%E3%83%93%E3%82%B9%E3%82%BB%E3%83%B3%E3%82%BF%E3%83%BC%20%E8%BF%91%E6%B1%9F%E5%85%AB%E5%B9%A1%E5%B8%82
デイサービスセンターむべの里,デイサービス,滋賀県,近江八幡市,"介護,デイサービス",日中に通って食事・入浴・機能訓練・見守りなどを受けるサービスです。,http://www.kohitujikai/net/mube/,滋賀県近江八幡市北之庄町1103,0748-32-7254,厚生労働省オープンデータ,https://www.mhlw.go.jp/content/12300000/jigyosho_150.csv,2025-12末,https://www.google.com/search?q=%E3%83%87%E3%82%A4%E3%82%B5%E3%83%BC%E3%83%93%E3%82%B9%E3%82%BB%E3%83%B3%E3%82%BF%E3%83%BC%E3%82%80%E3%81%B9%E3%81%AE%E9%87%8C%20%E8%BF%91%E6%B1%9F%E5%85%AB%E5%B9%A1%E5%B8%82
デイサービスセンターひまわり,デイサービス,滋賀県,近江八幡市,"介護,デイサービス",日中に通って食事・入浴・機能訓練・見守りなどを受けるサービスです。,http://www.shakyo.orjp/hp/1117/,滋賀県近江八幡市土田町1313番地近江八幡市総合福祉センターひまわり館内,0748-34-6905,厚生労働省オープンデータ,https://www.mhlw.go.jp/content/12300000/jigyosho_150.csv,2025-12末,https://www.google.com/search?q=%E3%83%87%E3%82%A4%E3%82%B5%E3%83%BC%E3%83%93%E3%82%B9%E3%82%BB%E3%83%B3%E3%82%BF%E3%83%BC%E3%81%B2%E3%81%BE%E3%82%8F%E3%82%8A%20%E8%BF%91%E6%B1%9F%E5%85%AB%E5%B9%A1%E5%B8%82
デイサービスセンター赤煉瓦の郷,デイサービス,滋賀県,近江八幡市,"介護,デイサービス",日中に通って食事・入浴・機能訓練・見守りなどを受けるサービスです。,https://ichizenkai.com/,近江八幡市船木町59番地３,0748-34-7126,厚生労働省オープンデータ,https://www.mhlw.go.jp/content/12300000/jigyosho_150.csv,2025-12末,https://www.google.com/search?q=%E3%83%87%E3%82%A4%E3%82%B5%E3%83%BC%E3%83%93%E3%82%B9%E3%82%BB%E3%83%B3%E3%82%BF%E3%83%BC%E8%B5%A4%E7%85%89%E7%93%A6%E3%81%AE%E9%83%B7%20%E8%BF%91%E6%B1%9F%E5%85%AB%E5%B9%A1%E5%B8%82
水茎の里デイサービスセンター,デイサービス,滋賀県,近江八幡市,"介護,デイサービス",日中に通って食事・入浴・機能訓練・見守りなどを受けるサービスです。,http://www.ii.kaigo.or.jp,滋賀県近江八幡市牧町1885番地,0748-33-5337,厚生労働省オープンデータ,https://www.mhlw.go.jp/content/12300000/jigyosho_150.csv,2025-12末,https://www.google.com/search?q=%E6%B0%B4%E8%8C%8E%E3%81%AE%E9%87%8C%E3%83%87%E3%82%A4%E3%82%B5%E3%83%BC%E3%83%93%E3%82%B9%E3%82%BB%E3%83%B3%E3%82%BF%E3%83%BC%20%E8%BF%91%E6%B1%9F%E5%85%AB%E5%B9%A1%E5%B8%82
デイサービスセンターふれあい,デイサービス,滋賀県,近江八幡市,"介護,デイサービス",日中に通って食事・入浴・機能訓練・見守りなどを受けるサービスです。,https://www.honobonokai.com,滋賀県近江八幡市上田町1315-1,0748-37-8716,厚生労働省オープンデータ,https://www.mhlw.go.jp/content/12300000/jigyosho_150.csv,2025-12末,https://www.google.com/search?q=%E3%83%87%E3%82%A4%E3%82%B5%E3%83%BC%E3%83%93%E3%82%B9%E3%82%BB%E3%83%B3%E3%82%BF%E3%83%BC%E3%81%B5%E3%82%8C%E3%81%82%E3%81%84%20%E8%BF%91%E6%B1%9F%E5%85%AB%E5%B9%A1%E5%B8%82
パナソニックエイジフリーケアセンター草津・デイサービス,デイサービス,滋賀県,草津市,"介護,デイサービス",日中に通って食事・入浴・機能訓練・見守りなどを受けるサービスです。,https://panasonic.co.jp/ls/paf/,滋賀県草津市草津町1742番1,077-565-8601,厚生労働省オープンデータ,https://www.mhlw.go.jp/content/12300000/jigyosho_150.csv,2025-12末,https://www.google.com/search?q=%E3%83%91%E3%83%8A%E3%82%BD%E3%83%8B%E3%83%83%E3%82%AF%E3%82%A8%E3%82%A4%E3%82%B8%E3%83%95%E3%83%AA%E3%83%BC%E3%82%B1%E3%82%A2%E3%82%BB%E3%83%B3%E3%82%BF%E3%83%BC%E8%8D%89%E6%B4%A5%E3%83%BB%E3%83%87%E3%82%A4%E3%82%B5%E3%83%BC%E3%83%93%E3%82%B9%20%E8%8D%89%E6%B4%A5%E5%B8%82
デイサービス暖団　草津,デイサービス,滋賀県,草津市,"介護,デイサービス",日中に通って食事・入浴・機能訓練・見守りなどを受けるサービスです。,http://www.nippon-shooter.co.jp/prod/lifecare/dayservice/,滋賀県草津市野村7丁目17-11,077-569-5672,厚生労働省オープンデータ,https://www.mhlw.go.jp/content/12300000/jigyosho_150.csv,2025-12末,https://www.google.com/search?q=%E3%83%87%E3%82%A4%E3%82%B5%E3%83%BC%E3%83%93%E3%82%B9%E6%9A%96%E5%9B%A3%E3%80%80%E8%8D%89%E6%B4%A5%20%E8%8D%89%E6%B4%A5%E5%B8%82
草津市上笠デイサービスセンター湯楽里,デイサービス,滋賀県,草津市,"介護,デイサービス",日中に通って食事・入浴・機能訓練・見守りなどを受けるサービスです。,http://popura.or.jp,草津市上笠1丁目9番11号,077-567-2688,厚生労働省オープンデータ,https://www.mhlw.go.jp/content/12300000/jigyosho_150.csv,2025-12末,https://www.google.com/search?q=%E8%8D%89%E6%B4%A5%E5%B8%82%E4%B8%8A%E7%AC%A0%E3%83%87%E3%82%A4%E3%82%B5%E3%83%BC%E3%83%93%E3%82%B9%E3%82%BB%E3%83%B3%E3%82%BF%E3%83%BC%E6%B9%AF%E6%A5%BD%E9%87%8C%20%E8%8D%89%E6%B4%A5%E5%B8%82
ニチイケアセンター草津,デイサービス,滋賀県,草津市,"介護,デイサービス",日中に通って食事・入浴・機能訓練・見守りなどを受けるサービスです。,http://www.nichiigakkan.co.jp,滋賀県草津市矢倉１丁目2-19-15ニチイケアセンター草津,077-569-4972,厚生労働省オープンデータ,https://www.mhlw.go.jp/content/12300000/jigyosho_150.csv,2025-12末,https://www.google.com/search?q=%E3%83%8B%E3%83%81%E3%82%A4%E3%82%B1%E3%82%A2%E3%82%BB%E3%83%B3%E3%82%BF%E3%83%BC%E8%8D%89%E6%B4%A5%20%E8%8D%89%E6%B4%A5%E5%B8%82
株式会社ツクイ　ツクイ南草津,デイサービス,滋賀県,草津市,"介護,デイサービス",日中に通って食事・入浴・機能訓練・見守りなどを受けるサービスです。,https://www.google.com/search?q=%E6%A0%AA%E5%BC%8F%E4%BC%9A%E7%A4%BE%E3%83%84%E3%82%AF%E3%82%A4%E3%80%80%E3%83%84%E3%82%AF%E3%82%A4%E5%8D%97%E8%8D%89%E6%B4%A5%20%E8%8D%89%E6%B4%A5%E5%B8%82,滋賀県草津市二丁目6番3号,077-561-4107,厚生労働省オープンデータ,https://www.mhlw.go.jp/content/12300000/jigyosho_150.csv,2025-12末,https://www.google.com/search?q=%E6%A0%AA%E5%BC%8F%E4%BC%9A%E7%A4%BE%E3%83%84%E3%82%AF%E3%82%A4%E3%80%80%E3%83%84%E3%82%AF%E3%82%A4%E5%8D%97%E8%8D%89%E6%B4%A5%20%E8%8D%89%E6%B4%A5%E5%B8%82
花まるデイサービス,デイサービス,滋賀県,草津市,"介護,デイサービス",日中に通って食事・入浴・機能訓練・見守りなどを受けるサービスです。,https://www.google.com/search?q=%E8%8A%B1%E3%81%BE%E3%82%8B%E3%83%87%E3%82%A4%E3%82%B5%E3%83%BC%E3%83%93%E3%82%B9%20%E8%8D%89%E6%B4%A5%E5%B8%82,滋賀県草津市若竹町2-24,0775075910,厚生労働省オープンデータ,https://www.mhlw.go.jp/content/12300000/jigyosho_150.csv,2025-12末,https://www.google.com/search?q=%E8%8A%B1%E3%81%BE%E3%82%8B%E3%83%87%E3%82%A4%E3%82%B5%E3%83%BC%E3%83%93%E3%82%B9%20%E8%8D%89%E6%B4%A5%E5%B8%82
第二菖蒲の郷デイサービスセンター,デイサービス,滋賀県,草津市,"介護,デイサービス",日中に通って食事・入浴・機能訓練・見守りなどを受けるサービスです。,http://shoubunosato.jp,滋賀県草津市追分南5丁目18番8号,077-566-5363,厚生労働省オープンデータ,https://www.mhlw.go.jp/content/12300000/jigyosho_150.csv,2025-12末,https://www.google.com/search?q=%E7%AC%AC%E4%BA%8C%E8%8F%96%E8%92%B2%E3%81%AE%E9%83%B7%E3%83%87%E3%82%A4%E3%82%B5%E3%83%BC%E3%83%93%E3%82%B9%E3%82%BB%E3%83%B3%E3%82%BF%E3%83%BC%20%E8%8D%89%E6%B4%A5%E5%B8%82
デイサービス　ティエールみなみ草津,デイサービス,滋賀県,草津市,"介護,デイサービス",日中に通って食事・入浴・機能訓練・見守りなどを受けるサービスです。,https://www.google.com/search?q=%E3%83%87%E3%82%A4%E3%82%B5%E3%83%BC%E3%83%93%E3%82%B9%E3%80%80%E3%83%86%E3%82%A3%E3%82%A8%E3%83%BC%E3%83%AB%E3%81%BF%E3%81%AA%E3%81%BF%E8%8D%89%E6%B4%A5%20%E8%8D%89%E6%B4%A5%E5%B8%82,滋賀県草津市東矢倉二丁目2番33号,077-567-1414,厚生労働省オープンデータ,https://www.mhlw.go.jp/content/12300000/jigyosho_150.csv,2025-12末,https://www.google.com/search?q=%E3%83%87%E3%82%A4%E3%82%B5%E3%83%BC%E3%83%93%E3%82%B9%E3%80%80%E3%83%86%E3%82%A3%E3%82%A8%E3%83%BC%E3%83%AB%E3%81%BF%E3%81%AA%E3%81%BF%E8%8D%89%E6%B4%A5%20%E8%8D%89%E6%B4%A5%E5%B8%82
誠光福祉会　デイサービスセンターなぎさ,デイサービス,滋賀県,草津市,"介護,デイサービス",日中に通って食事・入浴・機能訓練・見守りなどを受けるサービスです。,http://kaigo-nagisa.com/,滋賀県草津市集町260-1,０７７－５６８－５１００,厚生労働省オープンデータ,https://www.mhlw.go.jp/content/12300000/jigyosho_150.csv,2025-12末,https://www.google.com/search?q=%E8%AA%A0%E5%85%89%E7%A6%8F%E7%A5%89%E4%BC%9A%E3%80%80%E3%83%87%E3%82%A4%E3%82%B5%E3%83%BC%E3%83%93%E3%82%B9%E3%82%BB%E3%83%B3%E3%82%BF%E3%83%BC%E3%81%AA%E3%81%8E%E3%81%95%20%E8%8D%89%E6%B4%A5%E5%B8%82
株式会社夕照,デイサービス,滋賀県,草津市,"介護,デイサービス",日中に通って食事・入浴・機能訓練・見守りなどを受けるサービスです。,https://www.google.com/search?q=%E6%A0%AA%E5%BC%8F%E4%BC%9A%E7%A4%BE%E5%A4%95%E7%85%A7%20%E8%8D%89%E6%B4%A5%E5%B8%82,滋賀県草津市矢橋町7-8,077-575-5730,厚生労働省オープンデータ,https://www.mhlw.go.jp/content/12300000/jigyosho_150.csv,2025-12末,https://www.google.com/search?q=%E6%A0%AA%E5%BC%8F%E4%BC%9A%E7%A4%BE%E5%A4%95%E7%85%A7%20%E8%8D%89%E6%B4%A5%E5%B8%82
デイサービス　風和里,デイサービス,滋賀県,草津市,"介護,デイサービス",日中に通って食事・入浴・機能訓練・見守りなどを受けるサービスです。,http://www.yotsuba-lcn.or.jp/,岡本町217番地,077-561-7511,厚生労働省オープンデータ,https://www.mhlw.go.jp/content/12300000/jigyosho_150.csv,2025-12末,https://www.google.com/search?q=%E3%83%87%E3%82%A4%E3%82%B5%E3%83%BC%E3%83%93%E3%82%B9%E3%80%80%E9%A2%A8%E5%92%8C%E9%87%8C%20%E8%8D%89%E6%B4%A5%E5%B8%82
第二デイサービスかえで,デイサービス,滋賀県,草津市,"介護,デイサービス",日中に通って食事・入浴・機能訓練・見守りなどを受けるサービスです。,info@maple-kofu.com,滋賀県草津市追分南1-8-34,077-566-7532,厚生労働省オープンデータ,https://www.mhlw.go.jp/content/12300000/jigyosho_150.csv,2025-12末,https://www.google.com/search?q=%E7%AC%AC%E4%BA%8C%E3%83%87%E3%82%A4%E3%82%B5%E3%83%BC%E3%83%93%E3%82%B9%E3%81%8B%E3%81%88%E3%81%A7%20%E8%8D%89%E6%B4%A5%E5%B8%82
マザーレイクデイサービスセンター,デイサービス,滋賀県,草津市,"介護,デイサービス",日中に通って食事・入浴・機能訓練・見守りなどを受けるサービスです。,http://www.grouphome.jp,滋賀県草津市笠山５丁目3-66,077-561-5135,厚生労働省オープンデータ,https://www.mhlw.go.jp/content/12300000/jigyosho_150.csv,2025-12末,https://www.google.com/search?q=%E3%83%9E%E3%82%B6%E3%83%BC%E3%83%AC%E3%82%A4%E3%82%AF%E3%83%87%E3%82%A4%E3%82%B5%E3%83%BC%E3%83%93%E3%82%B9%E3%82%BB%E3%83%B3%E3%82%BF%E3%83%BC%20%E8%8D%89%E6%B4%A5%E5%B8%82
あかねはうす草津　デイサービス,デイサービス,滋賀県,草津市,"介護,デイサービス",日中に通って食事・入浴・機能訓練・見守りなどを受けるサービスです。,http://www.akanehouse.com,草津市西渋川1丁目21-14エルミナMCビル３階,077-599-0224,厚生労働省オープンデータ,https://www.mhlw.go.jp/content/12300000/jigyosho_150.csv,2025-12末,https://www.google.com/search?q=%E3%81%82%E3%81%8B%E3%81%AD%E3%81%AF%E3%81%86%E3%81%99%E8%8D%89%E6%B4%A5%E3%80%80%E3%83%87%E3%82%A4%E3%82%B5%E3%83%BC%E3%83%93%E3%82%B9%20%E8%8D%89%E6%B4%A5%E5%B8%82
菖蒲の郷デイサービスセンター,デイサービス,滋賀県,草津市,"介護,デイサービス",日中に通って食事・入浴・機能訓練・見守りなどを受けるサービスです。,http://shoubunosato.jp,滋賀県草津市山寺町837番地,077-566-0202,厚生労働省オープンデータ,https://www.mhlw.go.jp/content/12300000/jigyosho_150.csv,2025-12末,https://www.google.com/search?q=%E8%8F%96%E8%92%B2%E3%81%AE%E9%83%B7%E3%83%87%E3%82%A4%E3%82%B5%E3%83%BC%E3%83%93%E3%82%B9%E3%82%BB%E3%83%B3%E3%82%BF%E3%83%BC%20%E8%8D%89%E6%B4%A5%E5%B8%82
草津市南笠通所介護事業所あさひ,デイサービス,滋賀県,草津市,"介護,デイサービス",日中に通って食事・入浴・機能訓練・見守りなどを受けるサービスです。,https://www.google.com/search?q=%E8%8D%89%E6%B4%A5%E5%B8%82%E5%8D%97%E7%AC%A0%E9%80%9A%E6%89%80%E4%BB%8B%E8%AD%B7%E4%BA%8B%E6%A5%AD%E6%89%80%E3%81%82%E3%81%95%E3%81%B2%20%E8%8D%89%E6%B4%A5%E5%B8%82,草津市笠山１－１－４６,077-569-0936,厚生労働省オープンデータ,https://www.mhlw.go.jp/content/12300000/jigyosho_150.csv,2025-12末,https://www.google.com/search?q=%E8%8D%89%E6%B4%A5%E5%B8%82%E5%8D%97%E7%AC%A0%E9%80%9A%E6%89%80%E4%BB%8B%E8%AD%B7%E4%BA%8B%E6%A5%AD%E6%89%80%E3%81%82%E3%81%95%E3%81%B2%20%E8%8D%89%E6%B4%A5%E5%B8%82
社会福祉法人　寿会　草津市北部デイサービスセンター　常輝の里,デイサービス,滋賀県,草津市,"介護,デイサービス",日中に通って食事・入浴・機能訓練・見守りなどを受けるサービスです。,http://tokinosato-k.com/,草津市志那中町２５番地,077-568-2161,厚生労働省オープンデータ,https://www.mhlw.go.jp/content/12300000/jigyosho_150.csv,2025-12末,https://www.google.com/search?q=%E7%A4%BE%E4%BC%9A%E7%A6%8F%E7%A5%89%E6%B3%95%E4%BA%BA%E3%80%80%E5%AF%BF%E4%BC%9A%E3%80%80%E8%8D%89%E6%B4%A5%E5%B8%82%E5%8C%97%E9%83%A8%E3%83%87%E3%82%A4%E3%82%B5%E3%83%BC%E3%83%93%E3%82%B9%E3%82%BB%E3%83%B3%E3%82%BF%E3%83%BC%E3%80%80%E5%B8%B8%E8%BC%9D%E3%81%AE%E9%87%8C%20%E8%8D%89%E6%B4%A5%E5%B8%82
デイサービス愛,デイサービス,滋賀県,草津市,"介護,デイサービス",日中に通って食事・入浴・機能訓練・見守りなどを受けるサービスです。,https://chowa888.com/,滋賀県草津市上笠２丁目5-6,077-566-8777,厚生労働省オープンデータ,https://www.mhlw.go.jp/content/12300000/jigyosho_150.csv,2025-12末,https://www.google.com/search?q=%E3%83%87%E3%82%A4%E3%82%B5%E3%83%BC%E3%83%93%E3%82%B9%E6%84%9B%20%E8%8D%89%E6%B4%A5%E5%B8%82
アスケア　デイサービスセンターかがやき,デイサービス,滋賀県,草津市,"介護,デイサービス",日中に通って食事・入浴・機能訓練・見守りなどを受けるサービスです。,https://www.as-care.co.jp/,滋賀県草津市追分南5丁目12-2,050-3317-7761,厚生労働省オープンデータ,https://www.mhlw.go.jp/content/12300000/jigyosho_150.csv,2025-12末,https://www.google.com/search?q=%E3%82%A2%E3%82%B9%E3%82%B1%E3%82%A2%E3%80%80%E3%83%87%E3%82%A4%E3%82%B5%E3%83%BC%E3%83%93%E3%82%B9%E3%82%BB%E3%83%B3%E3%82%BF%E3%83%BC%E3%81%8B%E3%81%8C%E3%82%84%E3%81%8D%20%E8%8D%89%E6%B4%A5%E5%B8%82
デイサービス和花,デイサービス,滋賀県,草津市,"介護,デイサービス",日中に通って食事・入浴・機能訓練・見守りなどを受けるサービスです。,https://www.google.com/search?q=%E3%83%87%E3%82%A4%E3%82%B5%E3%83%BC%E3%83%93%E3%82%B9%E5%92%8C%E8%8A%B1%20%E8%8D%89%E6%B4%A5%E5%B8%82,滋賀県草津市上笠２－５－８,077-564-0033,厚生労働省オープンデータ,https://www.mhlw.go.jp/content/12300000/jigyosho_150.csv,2025-12末,https://www.google.com/search?q=%E3%83%87%E3%82%A4%E3%82%B5%E3%83%BC%E3%83%93%E3%82%B9%E5%92%8C%E8%8A%B1%20%E8%8D%89%E6%B4%A5%E5%B8%82
デイサービスあいむ勝部,デイサービス,滋賀県,守山市,"介護,デイサービス",日中に通って食事・入浴・機能訓練・見守りなどを受けるサービスです。,http://k-aimu.co.jp,滋賀県守山市勝部二丁目4-12BH勝部ビル,077-514-0720,厚生労働省オープンデータ,https://www.mhlw.go.jp/content/12300000/jigyosho_150.csv,2025-12末,https://www.google.com/search?q=%E3%83%87%E3%82%A4%E3%82%B5%E3%83%BC%E3%83%93%E3%82%B9%E3%81%82%E3%81%84%E3%82%80%E5%8B%9D%E9%83%A8%20%E5%AE%88%E5%B1%B1%E5%B8%82
ツクイ守山今宿,デイサービス,滋賀県,守山市,"介護,デイサービス",日中に通って食事・入浴・機能訓練・見守りなどを受けるサービスです。,https://www.tsukui.net/home-care/2309/,滋賀県守山市今宿2-8-18,077-514-0778,厚生労働省オープンデータ,https://www.mhlw.go.jp/content/12300000/jigyosho_150.csv,2025-12末,https://www.google.com/search?q=%E3%83%84%E3%82%AF%E3%82%A4%E5%AE%88%E5%B1%B1%E4%BB%8A%E5%AE%BF%20%E5%AE%88%E5%B1%B1%E5%B8%82
社会福祉法人慈惠会ゆいの里守山デイサービスセンター,デイサービス,滋賀県,守山市,"介護,デイサービス",日中に通って食事・入浴・機能訓練・見守りなどを受けるサービスです。,http://www.yuinosato.or.jp,守山市洲本町１番地,077-585-5020,厚生労働省オープンデータ,https://www.mhlw.go.jp/content/12300000/jigyosho_150.csv,2025-12末,https://www.google.com/search?q=%E7%A4%BE%E4%BC%9A%E7%A6%8F%E7%A5%89%E6%B3%95%E4%BA%BA%E6%85%88%E6%83%A0%E4%BC%9A%E3%82%86%E3%81%84%E3%81%AE%E9%87%8C%E5%AE%88%E5%B1%B1%E3%83%87%E3%82%A4%E3%82%B5%E3%83%BC%E3%83%93%E3%82%B9%E3%82%BB%E3%83%B3%E3%82%BF%E3%83%BC%20%E5%AE%88%E5%B1%B1%E5%B8%82
デイサービスセンターしがそせい苑,デイサービス,滋賀県,守山市,"介護,デイサービス",日中に通って食事・入浴・機能訓練・見守りなどを受けるサービスです。,http://soseien.jp/shiga/index.html,守山市水保町２６５０－１,077-585-7878,厚生労働省オープンデータ,https://www.mhlw.go.jp/content/12300000/jigyosho_150.csv,2025-12末,https://www.google.com/search?q=%E3%83%87%E3%82%A4%E3%82%B5%E3%83%BC%E3%83%93%E3%82%B9%E3%82%BB%E3%83%B3%E3%82%BF%E3%83%BC%E3%81%97%E3%81%8C%E3%81%9D%E3%81%9B%E3%81%84%E8%8B%91%20%E5%AE%88%E5%B1%B1%E5%B8%82
レッツ倶楽部たかはし守山,デイサービス,滋賀県,守山市,"介護,デイサービス",日中に通って食事・入浴・機能訓練・見守りなどを受けるサービスです。,http://www.lets-club.jp/shop/takahashi-moriyamadaimon/,滋賀県守山市守山6丁目17-10,077-598-1177,厚生労働省オープンデータ,https://www.mhlw.go.jp/content/12300000/jigyosho_150.csv,2025-12末,https://www.google.com/search?q=%E3%83%AC%E3%83%83%E3%83%84%E5%80%B6%E6%A5%BD%E9%83%A8%E3%81%9F%E3%81%8B%E3%81%AF%E3%81%97%E5%AE%88%E5%B1%B1%20%E5%AE%88%E5%B1%B1%E5%B8%82
社会福祉法人慈惠会ゆいの里幸津川デイサービスセンター,デイサービス,滋賀県,守山市,"介護,デイサービス",日中に通って食事・入浴・機能訓練・見守りなどを受けるサービスです。,http://www.yuinosato.or.jp,滋賀県守山市幸津川町1549の3,077-585-8900,厚生労働省オープンデータ,https://www.mhlw.go.jp/content/12300000/jigyosho_150.csv,2025-12末,https://www.google.com/search?q=%E7%A4%BE%E4%BC%9A%E7%A6%8F%E7%A5%89%E6%B3%95%E4%BA%BA%E6%85%88%E6%83%A0%E4%BC%9A%E3%82%86%E3%81%84%E3%81%AE%E9%87%8C%E5%B9%B8%E6%B4%A5%E5%B7%9D%E3%83%87%E3%82%A4%E3%82%B5%E3%83%BC%E3%83%93%E3%82%B9%E3%82%BB%E3%83%B3%E3%82%BF%E3%83%BC%20%E5%AE%88%E5%B1%B1%E5%B8%82
リハビリサポートゆうらいふ,デイサービス,滋賀県,守山市,"介護,デイサービス",日中に通って食事・入浴・機能訓練・見守りなどを受けるサービスです。,http://www.youlife.ne.jp,守山市立田町1231-4,077-585-5700,厚生労働省オープンデータ,https://www.mhlw.go.jp/content/12300000/jigyosho_150.csv,2025-12末,https://www.google.com/search?q=%E3%83%AA%E3%83%8F%E3%83%93%E3%83%AA%E3%82%B5%E3%83%9D%E3%83%BC%E3%83%88%E3%82%86%E3%81%86%E3%82%89%E3%81%84%E3%81%B5%20%E5%AE%88%E5%B1%B1%E5%B8%82
デイサービスモリ,デイサービス,滋賀県,守山市,"介護,デイサービス",日中に通って食事・入浴・機能訓練・見守りなどを受けるサービスです。,http://tkk-kaigoservice.com,滋賀県守山市今浜町2620-132,077-585-0277,厚生労働省オープンデータ,https://www.mhlw.go.jp/content/12300000/jigyosho_150.csv,2025-12末,https://www.google.com/search?q=%E3%83%87%E3%82%A4%E3%82%B5%E3%83%BC%E3%83%93%E3%82%B9%E3%83%A2%E3%83%AA%20%E5%AE%88%E5%B1%B1%E5%B8%82
石田デイサービスセンター,デイサービス,滋賀県,守山市,"介護,デイサービス",日中に通って食事・入浴・機能訓練・見守りなどを受けるサービスです。,https://www.google.com/search?q=%E7%9F%B3%E7%94%B0%E3%83%87%E3%82%A4%E3%82%B5%E3%83%BC%E3%83%93%E3%82%B9%E3%82%BB%E3%83%B3%E3%82%BF%E3%83%BC%20%E5%AE%88%E5%B1%B1%E5%B8%82,滋賀県守山市石田町４２２番地社協石田ケアセンター,077-585-5955,厚生労働省オープンデータ,https://www.mhlw.go.jp/content/12300000/jigyosho_150.csv,2025-12末,https://www.google.com/search?q=%E7%9F%B3%E7%94%B0%E3%83%87%E3%82%A4%E3%82%B5%E3%83%BC%E3%83%93%E3%82%B9%E3%82%BB%E3%83%B3%E3%82%BF%E3%83%BC%20%E5%AE%88%E5%B1%B1%E5%B8%82
リハビリサポートすいれん,デイサービス,滋賀県,守山市,"介護,デイサービス",日中に通って食事・入浴・機能訓練・見守りなどを受けるサービスです。,http://www.youlife.ne.jp,滋賀県守山市川田町1541-4,077-584-2772,厚生労働省オープンデータ,https://www.mhlw.go.jp/content/12300000/jigyosho_150.csv,2025-12末,https://www.google.com/search?q=%E3%83%AA%E3%83%8F%E3%83%93%E3%83%AA%E3%82%B5%E3%83%9D%E3%83%BC%E3%83%88%E3%81%99%E3%81%84%E3%82%8C%E3%82%93%20%E5%AE%88%E5%B1%B1%E5%B8%82
デイホームまたあした伊勢,デイサービス,滋賀県,守山市,"介護,デイサービス",日中に通って食事・入浴・機能訓練・見守りなどを受けるサービスです。,https://mataashita-shiga.com/,守山市伊勢町１６７－１,077-582-0113,厚生労働省オープンデータ,https://www.mhlw.go.jp/content/12300000/jigyosho_150.csv,2025-12末,https://www.google.com/search?q=%E3%83%87%E3%82%A4%E3%83%9B%E3%83%BC%E3%83%A0%E3%81%BE%E3%81%9F%E3%81%82%E3%81%97%E3%81%9F%E4%BC%8A%E5%8B%A2%20%E5%AE%88%E5%B1%B1%E5%B8%82
社会福祉法人友愛三宅デイサービスセンター,デイサービス,滋賀県,守山市,"介護,デイサービス",日中に通って食事・入浴・機能訓練・見守りなどを受けるサービスです。,http://www.kanariya.or.jp,滋賀県守山市三宅町833-4,077-581-1551,厚生労働省オープンデータ,https://www.mhlw.go.jp/content/12300000/jigyosho_150.csv,2025-12末,https://www.google.com/search?q=%E7%A4%BE%E4%BC%9A%E7%A6%8F%E7%A5%89%E6%B3%95%E4%BA%BA%E5%8F%8B%E6%84%9B%E4%B8%89%E5%AE%85%E3%83%87%E3%82%A4%E3%82%B5%E3%83%BC%E3%83%93%E3%82%B9%E3%82%BB%E3%83%B3%E3%82%BF%E3%83%BC%20%E5%AE%88%E5%B1%B1%E5%B8%82
株式会社ツクイ　ツクイ栗東小柿,デイサービス,滋賀県,栗東市,"介護,デイサービス",日中に通って食事・入浴・機能訓練・見守りなどを受けるサービスです。,https://www.google.com/search?q=%E6%A0%AA%E5%BC%8F%E4%BC%9A%E7%A4%BE%E3%83%84%E3%82%AF%E3%82%A4%E3%80%80%E3%83%84%E3%82%AF%E3%82%A4%E6%A0%97%E6%9D%B1%E5%B0%8F%E6%9F%BF%20%E6%A0%97%E6%9D%B1%E5%B8%82,滋賀県栗東市小柿1丁目4-14,077-554-7005,厚生労働省オープンデータ,https://www.mhlw.go.jp/content/12300000/jigyosho_150.csv,2025-12末,https://www.google.com/search?q=%E6%A0%AA%E5%BC%8F%E4%BC%9A%E7%A4%BE%E3%83%84%E3%82%AF%E3%82%A4%E3%80%80%E3%83%84%E3%82%AF%E3%82%A4%E6%A0%97%E6%9D%B1%E5%B0%8F%E6%9F%BF%20%E6%A0%97%E6%9D%B1%E5%B8%82
社会福祉法人栗東市社会福祉協議会通所介護事業所「ゆうあい」,デイサービス,滋賀県,栗東市,"介護,デイサービス",日中に通って食事・入浴・機能訓練・見守りなどを受けるサービスです。,http://www.ritto-shakyo.jp/index.html,滋賀県栗東市小柿一丁目１０－１０,077-554-1004,厚生労働省オープンデータ,https://www.mhlw.go.jp/content/12300000/jigyosho_150.csv,2025-12末,https://www.google.com/search?q=%E7%A4%BE%E4%BC%9A%E7%A6%8F%E7%A5%89%E6%B3%95%E4%BA%BA%E6%A0%97%E6%9D%B1%E5%B8%82%E7%A4%BE%E4%BC%9A%E7%A6%8F%E7%A5%89%E5%8D%94%E8%AD%B0%E4%BC%9A%E9%80%9A%E6%89%80%E4%BB%8B%E8%AD%B7%E4%BA%8B%E6%A5%AD%E6%89%80%E3%80%8C%E3%82%86%E3%81%86%E3%81%82%E3%81%84%E3%80%8D%20%E6%A0%97%E6%9D%B1%E5%B8%82
デイサービス　栗東すみれ園,デイサービス,滋賀県,栗東市,"介護,デイサービス",日中に通って食事・入浴・機能訓練・見守りなどを受けるサービスです。,http://www.ritto-sumire-en.jp/,滋賀県栗東市小野363番地,077-551-5501,厚生労働省オープンデータ,https://www.mhlw.go.jp/content/12300000/jigyosho_150.csv,2025-12末,https://www.google.com/search?q=%E3%83%87%E3%82%A4%E3%82%B5%E3%83%BC%E3%83%93%E3%82%B9%E3%80%80%E6%A0%97%E6%9D%B1%E3%81%99%E3%81%BF%E3%82%8C%E5%9C%92%20%E6%A0%97%E6%9D%B1%E5%B8%82
あうんデイサービス栗東,デイサービス,滋賀県,栗東市,"介護,デイサービス",日中に通って食事・入浴・機能訓練・見守りなどを受けるサービスです。,https://aun-shiga.co.jp/,滋賀県栗東市出庭862-2,077-554-8137,厚生労働省オープンデータ,https://www.mhlw.go.jp/content/12300000/jigyosho_150.csv,2025-12末,https://www.google.com/search?q=%E3%81%82%E3%81%86%E3%82%93%E3%83%87%E3%82%A4%E3%82%B5%E3%83%BC%E3%83%93%E3%82%B9%E6%A0%97%E6%9D%B1%20%E6%A0%97%E6%9D%B1%E5%B8%82
社会福祉法人栗東市社会福祉協議会通所介護事業所「なごやか」,デイサービス,滋賀県,栗東市,"介護,デイサービス",日中に通って食事・入浴・機能訓練・見守りなどを受けるサービスです。,https://www.ritto-shakyo.jp/,滋賀県栗東市安養寺１９０栗東市総合福祉保健センター　なごやかセンター,077-554-6113,厚生労働省オープンデータ,https://www.mhlw.go.jp/content/12300000/jigyosho_150.csv,2025-12末,https://www.google.com/search?q=%E7%A4%BE%E4%BC%9A%E7%A6%8F%E7%A5%89%E6%B3%95%E4%BA%BA%E6%A0%97%E6%9D%B1%E5%B8%82%E7%A4%BE%E4%BC%9A%E7%A6%8F%E7%A5%89%E5%8D%94%E8%AD%B0%E4%BC%9A%E9%80%9A%E6%89%80%E4%BB%8B%E8%AD%B7%E4%BA%8B%E6%A5%AD%E6%89%80%E3%80%8C%E3%81%AA%E3%81%94%E3%82%84%E3%81%8B%E3%80%8D%20%E6%A0%97%E6%9D%B1%E5%B8%82
デイサービスらっく安養寺,デイサービス,滋賀県,栗東市,"介護,デイサービス",日中に通って食事・入浴・機能訓練・見守りなどを受けるサービスです。,http://www.rac-kaigo.jp,滋賀県栗東市安養寺1丁目4-15,077-552-6661,厚生労働省オープンデータ,https://www.mhlw.go.jp/content/12300000/jigyosho_150.csv,2025-12末,https://www.google.com/search?q=%E3%83%87%E3%82%A4%E3%82%B5%E3%83%BC%E3%83%93%E3%82%B9%E3%82%89%E3%81%A3%E3%81%8F%E5%AE%89%E9%A4%8A%E5%AF%BA%20%E6%A0%97%E6%9D%B1%E5%B8%82
笑,デイサービス,滋賀県,栗東市,"介護,デイサービス",日中に通って食事・入浴・機能訓練・見守りなどを受けるサービスです。,http://sksupport.net,滋賀県栗東市綣6丁目8-14,077-598-6444,厚生労働省オープンデータ,https://www.mhlw.go.jp/content/12300000/jigyosho_150.csv,2025-12末,https://www.google.com/search?q=%E7%AC%91%20%E6%A0%97%E6%9D%B1%E5%B8%82
こんぜデイサービスセンター,デイサービス,滋賀県,栗東市,"介護,デイサービス",日中に通って食事・入浴・機能訓練・見守りなどを受けるサービスです。,https://www.google.com/search?q=%E3%81%93%E3%82%93%E3%81%9C%E3%83%87%E3%82%A4%E3%82%B5%E3%83%BC%E3%83%93%E3%82%B9%E3%82%BB%E3%83%B3%E3%82%BF%E3%83%BC%20%E6%A0%97%E6%9D%B1%E5%B8%82,滋賀県栗東市御園2025番地2,077-558-0046,厚生労働省オープンデータ,https://www.mhlw.go.jp/content/12300000/jigyosho_150.csv,2025-12末,https://www.google.com/search?q=%E3%81%93%E3%82%93%E3%81%9C%E3%83%87%E3%82%A4%E3%82%B5%E3%83%BC%E3%83%93%E3%82%B9%E3%82%BB%E3%83%B3%E3%82%BF%E3%83%BC%20%E6%A0%97%E6%9D%B1%E5%B8%82
デイサービスセンターリヤンド栗東,デイサービス,滋賀県,栗東市,"介護,デイサービス",日中に通って食事・入浴・機能訓練・見守りなどを受けるサービスです。,liende-kizuna.jp,滋賀県栗東市野尻121-2,077-551-2105,厚生労働省オープンデータ,https://www.mhlw.go.jp/content/12300000/jigyosho_150.csv,2025-12末,https://www.google.com/search?q=%E3%83%87%E3%82%A4%E3%82%B5%E3%83%BC%E3%83%93%E3%82%B9%E3%82%BB%E3%83%B3%E3%82%BF%E3%83%BC%E3%83%AA%E3%83%A4%E3%83%B3%E3%83%89%E6%A0%97%E6%9D%B1%20%E6%A0%97%E6%9D%B1%E5%B8%82
社会福祉法人　栗東市社会福祉協議会　通所介護事業所「やすらぎ」,デイサービス,滋賀県,栗東市,"介護,デイサービス",日中に通って食事・入浴・機能訓練・見守りなどを受けるサービスです。,http://ritto-shakyo.jp/,滋賀県栗東市出庭７００－１,077-554-0606,厚生労働省オープンデータ,https://www.mhlw.go.jp/content/12300000/jigyosho_150.csv,2025-12末,https://www.google.com/search?q=%E7%A4%BE%E4%BC%9A%E7%A6%8F%E7%A5%89%E6%B3%95%E4%BA%BA%E3%80%80%E6%A0%97%E6%9D%B1%E5%B8%82%E7%A4%BE%E4%BC%9A%E7%A6%8F%E7%A5%89%E5%8D%94%E8%AD%B0%E4%BC%9A%E3%80%80%E9%80%9A%E6%89%80%E4%BB%8B%E8%AD%B7%E4%BA%8B%E6%A5%AD%E6%89%80%E3%80%8C%E3%82%84%E3%81%99%E3%82%89%E3%81%8E%E3%80%8D%20%E6%A0%97%E6%9D%B1%E5%B8%82
デイサービス　すずらんの郷,デイサービス,滋賀県,栗東市,"介護,デイサービス",日中に通って食事・入浴・機能訓練・見守りなどを受けるサービスです。,http://suzurannosato.jp/,滋賀県栗東市下戸山1493-1,077-552-7755,厚生労働省オープンデータ,https://www.mhlw.go.jp/content/12300000/jigyosho_150.csv,2025-12末,https://www.google.com/search?q=%E3%83%87%E3%82%A4%E3%82%B5%E3%83%BC%E3%83%93%E3%82%B9%E3%80%80%E3%81%99%E3%81%9A%E3%82%89%E3%82%93%E3%81%AE%E9%83%B7%20%E6%A0%97%E6%9D%B1%E5%B8%82
またあした栗東,デイサービス,滋賀県,栗東市,"介護,デイサービス",日中に通って食事・入浴・機能訓練・見守りなどを受けるサービスです。,http://mataashita.jp/,滋賀県栗東市安養寺6丁目9番60号イセムラビル1F,077-516-7888,厚生労働省オープンデータ,https://www.mhlw.go.jp/content/12300000/jigyosho_150.csv,2025-12末,https://www.google.com/search?q=%E3%81%BE%E3%81%9F%E3%81%82%E3%81%97%E3%81%9F%E6%A0%97%E6%9D%B1%20%E6%A0%97%E6%9D%B1%E5%B8%82
栗東デイサービスセンター,デイサービス,滋賀県,栗東市,"介護,デイサービス",日中に通って食事・入浴・機能訓練・見守りなどを受けるサービスです。,http://www.saiseikai-shiga.jp/tankaiso/,滋賀県栗東市出庭697-1,077-551-1400,厚生労働省オープンデータ,https://www.mhlw.go.jp/content/12300000/jigyosho_150.csv,2025-12末,https://www.google.com/search?q=%E6%A0%97%E6%9D%B1%E3%83%87%E3%82%A4%E3%82%B5%E3%83%BC%E3%83%93%E3%82%B9%E3%82%BB%E3%83%B3%E3%82%BF%E3%83%BC%20%E6%A0%97%E6%9D%B1%E5%B8%82
デイサービスセンター　いきいき,デイサービス,滋賀県,栗東市,"介護,デイサービス",日中に通って食事・入浴・機能訓練・見守りなどを受けるサービスです。,http://www.mashimo.or.jp/,滋賀県栗東市綣5丁目15番38号,077-553-2800,厚生労働省オープンデータ,https://www.mhlw.go.jp/content/12300000/jigyosho_150.csv,2025-12末,https://www.google.com/search?q=%E3%83%87%E3%82%A4%E3%82%B5%E3%83%BC%E3%83%93%E3%82%B9%E3%82%BB%E3%83%B3%E3%82%BF%E3%83%BC%E3%80%80%E3%81%84%E3%81%8D%E3%81%84%E3%81%8D%20%E6%A0%97%E6%9D%B1%E5%B8%82
デイサービスらっく小柿,デイサービス,滋賀県,栗東市,"介護,デイサービス",日中に通って食事・入浴・機能訓練・見守りなどを受けるサービスです。,http://www.rac-kaigo.jp/,滋賀県栗東市小柿6丁目2-2,077-552-7800,厚生労働省オープンデータ,https://www.mhlw.go.jp/content/12300000/jigyosho_150.csv,2025-12末,https://www.google.com/search?q=%E3%83%87%E3%82%A4%E3%82%B5%E3%83%BC%E3%83%93%E3%82%B9%E3%82%89%E3%81%A3%E3%81%8F%E5%B0%8F%E6%9F%BF%20%E6%A0%97%E6%9D%B1%E5%B8%82
デイサービスセンター悠々,デイサービス,滋賀県,栗東市,"介護,デイサービス",日中に通って食事・入浴・機能訓練・見守りなどを受けるサービスです。,http://www.mashimo.or.jp/,滋賀県栗東市霊仙寺1丁目1番52号,077-553-1118,厚生労働省オープンデータ,https://www.mhlw.go.jp/content/12300000/jigyosho_150.csv,2025-12末,https://www.google.com/search?q=%E3%83%87%E3%82%A4%E3%82%B5%E3%83%BC%E3%83%93%E3%82%B9%E3%82%BB%E3%83%B3%E3%82%BF%E3%83%BC%E6%82%A0%E3%80%85%20%E6%A0%97%E6%9D%B1%E5%B8%82
デイサービスまごころ,デイサービス,滋賀県,甲賀市,"介護,デイサービス",日中に通って食事・入浴・機能訓練・見守りなどを受けるサービスです。,http//www.dayservice-magokoro.com/,滋賀県甲賀市水口町山3938番地41,0748-69-5810,厚生労働省オープンデータ,https://www.mhlw.go.jp/content/12300000/jigyosho_150.csv,2025-12末,https://www.google.com/search?q=%E3%83%87%E3%82%A4%E3%82%B5%E3%83%BC%E3%83%93%E3%82%B9%E3%81%BE%E3%81%94%E3%81%93%E3%82%8D%20%E7%94%B2%E8%B3%80%E5%B8%82
JAゆうハート　ほそはらデイサービスセンター,デイサービス,滋賀県,甲賀市,"介護,デイサービス",日中に通って食事・入浴・機能訓練・見守りなどを受けるサービスです。,http://www.ja-youheart.co.jp/,滋賀県甲賀市信楽町柞原793,0748-70-3397,厚生労働省オープンデータ,https://www.mhlw.go.jp/content/12300000/jigyosho_150.csv,2025-12末,https://www.google.com/search?q=JA%E3%82%86%E3%81%86%E3%83%8F%E3%83%BC%E3%83%88%E3%80%80%E3%81%BB%E3%81%9D%E3%81%AF%E3%82%89%E3%83%87%E3%82%A4%E3%82%B5%E3%83%BC%E3%83%93%E3%82%B9%E3%82%BB%E3%83%B3%E3%82%BF%E3%83%BC%20%E7%94%B2%E8%B3%80%E5%B8%82
（有）デイサービスひまわりの家事業所,デイサービス,滋賀県,甲賀市,"介護,デイサービス",日中に通って食事・入浴・機能訓練・見守りなどを受けるサービスです。,http//care-net.biz/25/himawarinoie/,甲賀市信楽町長野１４３７－７０,0748-83-1124,厚生労働省オープンデータ,https://www.mhlw.go.jp/content/12300000/jigyosho_150.csv,2025-12末,https://www.google.com/search?q=%EF%BC%88%E6%9C%89%EF%BC%89%E3%83%87%E3%82%A4%E3%82%B5%E3%83%BC%E3%83%93%E3%82%B9%E3%81%B2%E3%81%BE%E3%82%8F%E3%82%8A%E3%81%AE%E5%AE%B6%E4%BA%8B%E6%A5%AD%E6%89%80%20%E7%94%B2%E8%B3%80%E5%B8%82
デイサービス憩々,デイサービス,滋賀県,甲賀市,"介護,デイサービス",日中に通って食事・入浴・機能訓練・見守りなどを受けるサービスです。,https://www.google.com/search?q=%E3%83%87%E3%82%A4%E3%82%B5%E3%83%BC%E3%83%93%E3%82%B9%E6%86%A9%E3%80%85%20%E7%94%B2%E8%B3%80%E5%B8%82,滋賀県甲賀市水口町北泉2丁目84,0748-62-5552,厚生労働省オープンデータ,https://www.mhlw.go.jp/content/12300000/jigyosho_150.csv,2025-12末,https://www.google.com/search?q=%E3%83%87%E3%82%A4%E3%82%B5%E3%83%BC%E3%83%93%E3%82%B9%E6%86%A9%E3%80%85%20%E7%94%B2%E8%B3%80%E5%B8%82
デイサービス楽々,デイサービス,滋賀県,甲賀市,"介護,デイサービス",日中に通って食事・入浴・機能訓練・見守りなどを受けるサービスです。,https://www.google.com/search?q=%E3%83%87%E3%82%A4%E3%82%B5%E3%83%BC%E3%83%93%E3%82%B9%E6%A5%BD%E3%80%85%20%E7%94%B2%E8%B3%80%E5%B8%82,滋賀県甲賀市信楽町勅旨349,0748-60-5460,厚生労働省オープンデータ,https://www.mhlw.go.jp/content/12300000/jigyosho_150.csv,2025-12末,https://www.google.com/search?q=%E3%83%87%E3%82%A4%E3%82%B5%E3%83%BC%E3%83%93%E3%82%B9%E6%A5%BD%E3%80%85%20%E7%94%B2%E8%B3%80%E5%B8%82
デイサービスあいむ水口,デイサービス,滋賀県,甲賀市,"介護,デイサービス",日中に通って食事・入浴・機能訓練・見守りなどを受けるサービスです。,http://k-aimu.co.jp,水口町北泉1丁目138,0748-62-2811,厚生労働省オープンデータ,https://www.mhlw.go.jp/content/12300000/jigyosho_150.csv,2025-12末,https://www.google.com/search?q=%E3%83%87%E3%82%A4%E3%82%B5%E3%83%BC%E3%83%93%E3%82%B9%E3%81%82%E3%81%84%E3%82%80%E6%B0%B4%E5%8F%A3%20%E7%94%B2%E8%B3%80%E5%B8%82
JAゆうハート甲南デイサービスセンター,デイサービス,滋賀県,甲賀市,"介護,デイサービス",日中に通って食事・入浴・機能訓練・見守りなどを受けるサービスです。,www.ja-youheart.co.jp,滋賀県甲賀市甲南町杉谷106番地,0748-86-8588,厚生労働省オープンデータ,https://www.mhlw.go.jp/content/12300000/jigyosho_150.csv,2025-12末,https://www.google.com/search?q=JA%E3%82%86%E3%81%86%E3%83%8F%E3%83%BC%E3%83%88%E7%94%B2%E5%8D%97%E3%83%87%E3%82%A4%E3%82%B5%E3%83%BC%E3%83%93%E3%82%B9%E3%82%BB%E3%83%B3%E3%82%BF%E3%83%BC%20%E7%94%B2%E8%B3%80%E5%B8%82
懐かし処いろり家,デイサービス,滋賀県,甲賀市,"介護,デイサービス",日中に通って食事・入浴・機能訓練・見守りなどを受けるサービスです。,https://www.ikoi-iroriya.jp/,滋賀県甲賀市甲南町野尻434,0748-86-4165,厚生労働省オープンデータ,https://www.mhlw.go.jp/content/12300000/jigyosho_150.csv,2025-12末,https://www.google.com/search?q=%E6%87%90%E3%81%8B%E3%81%97%E5%87%A6%E3%81%84%E3%82%8D%E3%82%8A%E5%AE%B6%20%E7%94%B2%E8%B3%80%E5%B8%82
レッツ倶楽部たかはし水口,デイサービス,滋賀県,甲賀市,"介護,デイサービス",日中に通って食事・入浴・機能訓練・見守りなどを受けるサービスです。,http://www.lets-club.jp/shop/takahashi-minakuchi,滋賀県甲賀市水口町伴中山3814-2,0748-69-7155,厚生労働省オープンデータ,https://www.mhlw.go.jp/content/12300000/jigyosho_150.csv,2025-12末,https://www.google.com/search?q=%E3%83%AC%E3%83%83%E3%83%84%E5%80%B6%E6%A5%BD%E9%83%A8%E3%81%9F%E3%81%8B%E3%81%AF%E3%81%97%E6%B0%B4%E5%8F%A3%20%E7%94%B2%E8%B3%80%E5%B8%82
せせらぎ苑デイサービスセンター,デイサービス,滋賀県,甲賀市,"介護,デイサービス",日中に通って食事・入浴・機能訓練・見守りなどを受けるサービスです。,http://kohnankai.jp,滋賀県甲賀市甲南町葛木855番地,0748-86-1020,厚生労働省オープンデータ,https://www.mhlw.go.jp/content/12300000/jigyosho_150.csv,2025-12末,https://www.google.com/search?q=%E3%81%9B%E3%81%9B%E3%82%89%E3%81%8E%E8%8B%91%E3%83%87%E3%82%A4%E3%82%B5%E3%83%BC%E3%83%93%E3%82%B9%E3%82%BB%E3%83%B3%E3%82%BF%E3%83%BC%20%E7%94%B2%E8%B3%80%E5%B8%82
甲賀市デイサービスセンター,デイサービス,滋賀県,甲賀市,"介護,デイサービス",日中に通って食事・入浴・機能訓練・見守りなどを受けるサービスです。,//kotoukai.or.jp/,滋賀県甲賀市水口町宇川２５番地,0748-63-6080,厚生労働省オープンデータ,https://www.mhlw.go.jp/content/12300000/jigyosho_150.csv,2025-12末,https://www.google.com/search?q=%E7%94%B2%E8%B3%80%E5%B8%82%E3%83%87%E3%82%A4%E3%82%B5%E3%83%BC%E3%83%93%E3%82%B9%E3%82%BB%E3%83%B3%E3%82%BF%E3%83%BC%20%E7%94%B2%E8%B3%80%E5%B8%82
通所介護センター甲賀シルバーケア豊壽園,デイサービス,滋賀県,甲賀市,"介護,デイサービス",日中に通って食事・入浴・機能訓練・見守りなどを受けるサービスです。,http://www.sensin.or.jp,滋賀県甲賀市土山町北土山479,0748-66-8088,厚生労働省オープンデータ,https://www.mhlw.go.jp/content/12300000/jigyosho_150.csv,2025-12末,https://www.google.com/search?q=%E9%80%9A%E6%89%80%E4%BB%8B%E8%AD%B7%E3%82%BB%E3%83%B3%E3%82%BF%E3%83%BC%E7%94%B2%E8%B3%80%E3%82%B7%E3%83%AB%E3%83%90%E3%83%BC%E3%82%B1%E3%82%A2%E8%B1%8A%E5%A3%BD%E5%9C%92%20%E7%94%B2%E8%B3%80%E5%B8%82
はとがひらデイサービスセンター,デイサービス,滋賀県,甲賀市,"介護,デイサービス",日中に通って食事・入浴・機能訓練・見守りなどを受けるサービスです。,http://www.ohmiwajunkai.or.jp,滋賀県甲賀市水口町水口6837-5特別養護老人ホームレーベンはとがひら,0748-65-0066,厚生労働省オープンデータ,https://www.mhlw.go.jp/content/12300000/jigyosho_150.csv,2025-12末,https://www.google.com/search?q=%E3%81%AF%E3%81%A8%E3%81%8C%E3%81%B2%E3%82%89%E3%83%87%E3%82%A4%E3%82%B5%E3%83%BC%E3%83%93%E3%82%B9%E3%82%BB%E3%83%B3%E3%82%BF%E3%83%BC%20%E7%94%B2%E8%B3%80%E5%B8%82
デイサービスセンターエーデル土山,デイサービス,滋賀県,甲賀市,"介護,デイサービス",日中に通って食事・入浴・機能訓練・見守りなどを受けるサービスです。,http://www.edeltutiyama.com,甲賀市土山町北土山2057,0748-66-1911,厚生労働省オープンデータ,https://www.mhlw.go.jp/content/12300000/jigyosho_150.csv,2025-12末,https://www.google.com/search?q=%E3%83%87%E3%82%A4%E3%82%B5%E3%83%BC%E3%83%93%E3%82%B9%E3%82%BB%E3%83%B3%E3%82%BF%E3%83%BC%E3%82%A8%E3%83%BC%E3%83%87%E3%83%AB%E5%9C%9F%E5%B1%B1%20%E7%94%B2%E8%B3%80%E5%B8%82
信楽荘デイサービスセンター,デイサービス,滋賀県,甲賀市,"介護,デイサービス",日中に通って食事・入浴・機能訓練・見守りなどを受けるサービスです。,http://www.shigaraki-itsuki.com,滋賀県甲賀市信楽町牧1159番地,0748-83-1313,厚生労働省オープンデータ,https://www.mhlw.go.jp/content/12300000/jigyosho_150.csv,2025-12末,https://www.google.com/search?q=%E4%BF%A1%E6%A5%BD%E8%8D%98%E3%83%87%E3%82%A4%E3%82%B5%E3%83%BC%E3%83%93%E3%82%B9%E3%82%BB%E3%83%B3%E3%82%BF%E3%83%BC%20%E7%94%B2%E8%B3%80%E5%B8%82
デイサービスセンターすこやか荘,デイサービス,滋賀県,甲賀市,"介護,デイサービス",日中に通って食事・入浴・機能訓練・見守りなどを受けるサービスです。,http://www.kokashakyo.sakura.ne.jp,甲賀市甲賀町大原中355番地,0748-88-5245,厚生労働省オープンデータ,https://www.mhlw.go.jp/content/12300000/jigyosho_150.csv,2025-12末,https://www.google.com/search?q=%E3%83%87%E3%82%A4%E3%82%B5%E3%83%BC%E3%83%93%E3%82%B9%E3%82%BB%E3%83%B3%E3%82%BF%E3%83%BC%E3%81%99%E3%81%93%E3%82%84%E3%81%8B%E8%8D%98%20%E7%94%B2%E8%B3%80%E5%B8%82
ＮＰＯみなくちデイサービスセンター,デイサービス,滋賀県,甲賀市,"介護,デイサービス",日中に通って食事・入浴・機能訓練・見守りなどを受けるサービスです。,https://npominakuchi.jp/,滋賀県甲賀市水口町京町7番5号,0748-62-2880,厚生労働省オープンデータ,https://www.mhlw.go.jp/content/12300000/jigyosho_150.csv,2025-12末,https://www.google.com/search?q=%EF%BC%AE%EF%BC%B0%EF%BC%AF%E3%81%BF%E3%81%AA%E3%81%8F%E3%81%A1%E3%83%87%E3%82%A4%E3%82%B5%E3%83%BC%E3%83%93%E3%82%B9%E3%82%BB%E3%83%B3%E3%82%BF%E3%83%BC%20%E7%94%B2%E8%B3%80%E5%B8%82
デイサービスセンターたるみ,デイサービス,滋賀県,甲賀市,"介護,デイサービス",日中に通って食事・入浴・機能訓練・見守りなどを受けるサービスです。,https://www.google.com/search?q=%E3%83%87%E3%82%A4%E3%82%B5%E3%83%BC%E3%83%93%E3%82%B9%E3%82%BB%E3%83%B3%E3%82%BF%E3%83%BC%E3%81%9F%E3%82%8B%E3%81%BF%20%E7%94%B2%E8%B3%80%E5%B8%82,滋賀県甲賀市土山町頓宮807-1,0748-60-1617,厚生労働省オープンデータ,https://www.mhlw.go.jp/content/12300000/jigyosho_150.csv,2025-12末,https://www.google.com/search?q=%E3%83%87%E3%82%A4%E3%82%B5%E3%83%BC%E3%83%93%E3%82%B9%E3%82%BB%E3%83%B3%E3%82%BF%E3%83%BC%E3%81%9F%E3%82%8B%E3%81%BF%20%E7%94%B2%E8%B3%80%E5%B8%82
デイサービスあいむ祗王,デイサービス,滋賀県,野洲市,"介護,デイサービス",日中に通って食事・入浴・機能訓練・見守りなどを受けるサービスです。,http://k-aimu.co.jp,滋賀県野洲市冨波乙177-4,077-518-1002,厚生労働省オープンデータ,https://www.mhlw.go.jp/content/12300000/jigyosho_150.csv,2025-12末,https://www.google.com/search?q=%E3%83%87%E3%82%A4%E3%82%B5%E3%83%BC%E3%83%93%E3%82%B9%E3%81%82%E3%81%84%E3%82%80%E7%A5%97%E7%8E%8B%20%E9%87%8E%E6%B4%B2%E5%B8%82
デイサービスセンターあやめの里,デイサービス,滋賀県,野洲市,"介護,デイサービス",日中に通って食事・入浴・機能訓練・見守りなどを受けるサービスです。,http://yasujikeikai.jp/,滋賀県野洲市吉川3854番地1,077-589-8533,厚生労働省オープンデータ,https://www.mhlw.go.jp/content/12300000/jigyosho_150.csv,2025-12末,https://www.google.com/search?q=%E3%83%87%E3%82%A4%E3%82%B5%E3%83%BC%E3%83%93%E3%82%B9%E3%82%BB%E3%83%B3%E3%82%BF%E3%83%BC%E3%81%82%E3%82%84%E3%82%81%E3%81%AE%E9%87%8C%20%E9%87%8E%E6%B4%B2%E5%B8%82
デイサービスセンターぎおうの里,デイサービス,滋賀県,野洲市,"介護,デイサービス",日中に通って食事・入浴・機能訓練・見守りなどを受けるサービスです。,https://yasujikeikai.jp/,滋賀県野洲市冨波甲1340番地1,077-586-5444,厚生労働省オープンデータ,https://www.mhlw.go.jp/content/12300000/jigyosho_150.csv,2025-12末,https://www.google.com/search?q=%E3%83%87%E3%82%A4%E3%82%B5%E3%83%BC%E3%83%93%E3%82%B9%E3%82%BB%E3%83%B3%E3%82%BF%E3%83%BC%E3%81%8E%E3%81%8A%E3%81%86%E3%81%AE%E9%87%8C%20%E9%87%8E%E6%B4%B2%E5%B8%82
デイセンターさくら,デイサービス,滋賀県,野洲市,"介護,デイサービス",日中に通って食事・入浴・機能訓練・見守りなどを受けるサービスです。,https://yasujikeikai.jp/,野洲市南桜2292番地56,077-518-0530,厚生労働省オープンデータ,https://www.mhlw.go.jp/content/12300000/jigyosho_150.csv,2025-12末,https://www.google.com/search?q=%E3%83%87%E3%82%A4%E3%82%BB%E3%83%B3%E3%82%BF%E3%83%BC%E3%81%95%E3%81%8F%E3%82%89%20%E9%87%8E%E6%B4%B2%E5%B8%82
デイサービスふじ,デイサービス,滋賀県,野洲市,"介護,デイサービス",日中に通って食事・入浴・機能訓練・見守りなどを受けるサービスです。,http://day-fuji.jp/,滋賀県野洲市三上241-8,077-518-1980,厚生労働省オープンデータ,https://www.mhlw.go.jp/content/12300000/jigyosho_150.csv,2025-12末,https://www.google.com/search?q=%E3%83%87%E3%82%A4%E3%82%B5%E3%83%BC%E3%83%93%E3%82%B9%E3%81%B5%E3%81%98%20%E9%87%8E%E6%B4%B2%E5%B8%82
ラ・ステイト野洲デイサービス,デイサービス,滋賀県,野洲市,"介護,デイサービス",日中に通って食事・入浴・機能訓練・見守りなどを受けるサービスです。,lastate.jp,滋賀県野洲市野洲2053-1,0775990352,厚生労働省オープンデータ,https://www.mhlw.go.jp/content/12300000/jigyosho_150.csv,2025-12末,https://www.google.com/search?q=%E3%83%A9%E3%83%BB%E3%82%B9%E3%83%86%E3%82%A4%E3%83%88%E9%87%8E%E6%B4%B2%E3%83%87%E3%82%A4%E3%82%B5%E3%83%BC%E3%83%93%E3%82%B9%20%E9%87%8E%E6%B4%B2%E5%B8%82
またあした　みそら,デイサービス,滋賀県,野洲市,"介護,デイサービス",日中に通って食事・入浴・機能訓練・見守りなどを受けるサービスです。,https://mataashita-shiga.com/,滋賀県野洲市比江４６１－１,077-589-5616,厚生労働省オープンデータ,https://www.mhlw.go.jp/content/12300000/jigyosho_150.csv,2025-12末,https://www.google.com/search?q=%E3%81%BE%E3%81%9F%E3%81%82%E3%81%97%E3%81%9F%E3%80%80%E3%81%BF%E3%81%9D%E3%82%89%20%E9%87%8E%E6%B4%B2%E5%B8%82
デイサービス　スイッチオン銀河,デイサービス,滋賀県,湖南市,"介護,デイサービス",日中に通って食事・入浴・機能訓練・見守りなどを受けるサービスです。,http://switchon-s.xsrv.jp/,湖南市石部東6丁目6番6号デンダーハウス　1F,0748-77-2877,厚生労働省オープンデータ,https://www.mhlw.go.jp/content/12300000/jigyosho_150.csv,2025-12末,https://www.google.com/search?q=%E3%83%87%E3%82%A4%E3%82%B5%E3%83%BC%E3%83%93%E3%82%B9%E3%80%80%E3%82%B9%E3%82%A4%E3%83%83%E3%83%81%E3%82%AA%E3%83%B3%E9%8A%80%E6%B2%B3%20%E6%B9%96%E5%8D%97%E5%B8%82
石部デイサービスセンター,デイサービス,滋賀県,湖南市,"介護,デイサービス",日中に通って食事・入浴・機能訓練・見守りなどを受けるサービスです。,http://www.hachikikai.com,滋賀県湖南市丸山四丁目5番1号,0748-77-0185,厚生労働省オープンデータ,https://www.mhlw.go.jp/content/12300000/jigyosho_150.csv,2025-12末,https://www.google.com/search?q=%E7%9F%B3%E9%83%A8%E3%83%87%E3%82%A4%E3%82%B5%E3%83%BC%E3%83%93%E3%82%B9%E3%82%BB%E3%83%B3%E3%82%BF%E3%83%BC%20%E6%B9%96%E5%8D%97%E5%B8%82
ぼだいじデイサービスセンター虹,デイサービス,滋賀県,湖南市,"介護,デイサービス",日中に通って食事・入浴・機能訓練・見守りなどを受けるサービスです。,http://chiiroba.jp/,滋賀県湖南市菩提寺327番地4ケアハウス　ピスガ甲西,0748-74-3901,厚生労働省オープンデータ,https://www.mhlw.go.jp/content/12300000/jigyosho_150.csv,2025-12末,https://www.google.com/search?q=%E3%81%BC%E3%81%A0%E3%81%84%E3%81%98%E3%83%87%E3%82%A4%E3%82%B5%E3%83%BC%E3%83%93%E3%82%B9%E3%82%BB%E3%83%B3%E3%82%BF%E3%83%BC%E8%99%B9%20%E6%B9%96%E5%8D%97%E5%B8%82
美松苑デイサービスセンター,デイサービス,滋賀県,湖南市,"介護,デイサービス",日中に通って食事・入浴・機能訓練・見守りなどを受けるサービスです。,http://www.ohmiwajunkai.or.jp/mimatsuen_hariko/,湖南市１３２５番地,0748-72-4705,厚生労働省オープンデータ,https://www.mhlw.go.jp/content/12300000/jigyosho_150.csv,2025-12末,https://www.google.com/search?q=%E7%BE%8E%E6%9D%BE%E8%8B%91%E3%83%87%E3%82%A4%E3%82%B5%E3%83%BC%E3%83%93%E3%82%B9%E3%82%BB%E3%83%B3%E3%82%BF%E3%83%BC%20%E6%B9%96%E5%8D%97%E5%B8%82
十二坊デイサービスセンター,デイサービス,滋賀県,湖南市,"介護,デイサービス",日中に通って食事・入浴・機能訓練・見守りなどを受けるサービスです。,ohmiwajunkai.or.jp,滋賀県湖南市岩根690番地の4,0748-75-8884,厚生労働省オープンデータ,https://www.mhlw.go.jp/content/12300000/jigyosho_150.csv,2025-12末,https://www.google.com/search?q=%E5%8D%81%E4%BA%8C%E5%9D%8A%E3%83%87%E3%82%A4%E3%82%B5%E3%83%BC%E3%83%93%E3%82%B9%E3%82%BB%E3%83%B3%E3%82%BF%E3%83%BC%20%E6%B9%96%E5%8D%97%E5%B8%82
高島市社会福祉協議会きらり安曇川,デイサービス,滋賀県,高島市,"介護,デイサービス",日中に通って食事・入浴・機能訓練・見守りなどを受けるサービスです。,https://www.google.com/search?q=%E9%AB%98%E5%B3%B6%E5%B8%82%E7%A4%BE%E4%BC%9A%E7%A6%8F%E7%A5%89%E5%8D%94%E8%AD%B0%E4%BC%9A%E3%81%8D%E3%82%89%E3%82%8A%E5%AE%89%E6%9B%87%E5%B7%9D%20%E9%AB%98%E5%B3%B6%E5%B8%82,滋賀県高島市安曇川町田中555番地,0740-32-2133,厚生労働省オープンデータ,https://www.mhlw.go.jp/content/12300000/jigyosho_150.csv,2025-12末,https://www.google.com/search?q=%E9%AB%98%E5%B3%B6%E5%B8%82%E7%A4%BE%E4%BC%9A%E7%A6%8F%E7%A5%89%E5%8D%94%E8%AD%B0%E4%BC%9A%E3%81%8D%E3%82%89%E3%82%8A%E5%AE%89%E6%9B%87%E5%B7%9D%20%E9%AB%98%E5%B3%B6%E5%B8%82
高島市社会福祉協議会きらり今津北,デイサービス,滋賀県,高島市,"介護,デイサービス",日中に通って食事・入浴・機能訓練・見守りなどを受けるサービスです。,https://www.google.com/search?q=%E9%AB%98%E5%B3%B6%E5%B8%82%E7%A4%BE%E4%BC%9A%E7%A6%8F%E7%A5%89%E5%8D%94%E8%AD%B0%E4%BC%9A%E3%81%8D%E3%82%89%E3%82%8A%E4%BB%8A%E6%B4%A5%E5%8C%97%20%E9%AB%98%E5%B3%B6%E5%B8%82,滋賀県高島市今津町桂８３０番地１デイサービスセンター　しふくの杜,0740-22-8211,厚生労働省オープンデータ,https://www.mhlw.go.jp/content/12300000/jigyosho_150.csv,2025-12末,https://www.google.com/search?q=%E9%AB%98%E5%B3%B6%E5%B8%82%E7%A4%BE%E4%BC%9A%E7%A6%8F%E7%A5%89%E5%8D%94%E8%AD%B0%E4%BC%9A%E3%81%8D%E3%82%89%E3%82%8A%E4%BB%8A%E6%B4%A5%E5%8C%97%20%E9%AB%98%E5%B3%B6%E5%B8%82
ブルーミングケア新旭,デイサービス,滋賀県,高島市,"介護,デイサービス",日中に通って食事・入浴・機能訓練・見守りなどを受けるサービスです。,https://www.google.com/search?q=%E3%83%96%E3%83%AB%E3%83%BC%E3%83%9F%E3%83%B3%E3%82%B0%E3%82%B1%E3%82%A2%E6%96%B0%E6%97%AD%20%E9%AB%98%E5%B3%B6%E5%B8%82,滋賀県高島市新旭町旭１０８２,0740337178,厚生労働省オープンデータ,https://www.mhlw.go.jp/content/12300000/jigyosho_150.csv,2025-12末,https://www.google.com/search?q=%E3%83%96%E3%83%AB%E3%83%BC%E3%83%9F%E3%83%B3%E3%82%B0%E3%82%B1%E3%82%A2%E6%96%B0%E6%97%AD%20%E9%AB%98%E5%B3%B6%E5%B8%82
高島市社会福祉協議会きらりマキノ,デイサービス,滋賀県,高島市,"介護,デイサービス",日中に通って食事・入浴・機能訓練・見守りなどを受けるサービスです。,https://www.google.com/search?q=%E9%AB%98%E5%B3%B6%E5%B8%82%E7%A4%BE%E4%BC%9A%E7%A6%8F%E7%A5%89%E5%8D%94%E8%AD%B0%E4%BC%9A%E3%81%8D%E3%82%89%E3%82%8A%E3%83%9E%E3%82%AD%E3%83%8E%20%E9%AB%98%E5%B3%B6%E5%B8%82,高島市マキノ町新保1095番地,0740-27-1700,厚生労働省オープンデータ,https://www.mhlw.go.jp/content/12300000/jigyosho_150.csv,2025-12末,https://www.google.com/search?q=%E9%AB%98%E5%B3%B6%E5%B8%82%E7%A4%BE%E4%BC%9A%E7%A6%8F%E7%A5%89%E5%8D%94%E8%AD%B0%E4%BC%9A%E3%81%8D%E3%82%89%E3%82%8A%E3%83%9E%E3%82%AD%E3%83%8E%20%E9%AB%98%E5%B3%B6%E5%B8%82
デイサービスひより,デイサービス,滋賀県,高島市,"介護,デイサービス",日中に通って食事・入浴・機能訓練・見守りなどを受けるサービスです。,https://www.google.com/search?q=%E3%83%87%E3%82%A4%E3%82%B5%E3%83%BC%E3%83%93%E3%82%B9%E3%81%B2%E3%82%88%E3%82%8A%20%E9%AB%98%E5%B3%B6%E5%B8%82,滋賀県高島市新旭町旭892-1,0740-20-1810,厚生労働省オープンデータ,https://www.mhlw.go.jp/content/12300000/jigyosho_150.csv,2025-12末,https://www.google.com/search?q=%E3%83%87%E3%82%A4%E3%82%B5%E3%83%BC%E3%83%93%E3%82%B9%E3%81%B2%E3%82%88%E3%82%8A%20%E9%AB%98%E5%B3%B6%E5%B8%82
ふじの里デイサービスセンター,デイサービス,滋賀県,高島市,"介護,デイサービス",日中に通って食事・入浴・機能訓練・見守りなどを受けるサービスです。,www.kouyoukai-fujinosato.jp,滋賀県高島市安曇川町下小川３２２０番地１,0740-32-4140,厚生労働省オープンデータ,https://www.mhlw.go.jp/content/12300000/jigyosho_150.csv,2025-12末,https://www.google.com/search?q=%E3%81%B5%E3%81%98%E3%81%AE%E9%87%8C%E3%83%87%E3%82%A4%E3%82%B5%E3%83%BC%E3%83%93%E3%82%B9%E3%82%BB%E3%83%B3%E3%82%BF%E3%83%BC%20%E9%AB%98%E5%B3%B6%E5%B8%82
高島市社会福祉協議会きらり高島,デイサービス,滋賀県,高島市,"介護,デイサービス",日中に通って食事・入浴・機能訓練・見守りなどを受けるサービスです。,https://www.google.com/search?q=%E9%AB%98%E5%B3%B6%E5%B8%82%E7%A4%BE%E4%BC%9A%E7%A6%8F%E7%A5%89%E5%8D%94%E8%AD%B0%E4%BC%9A%E3%81%8D%E3%82%89%E3%82%8A%E9%AB%98%E5%B3%B6%20%E9%AB%98%E5%B3%B6%E5%B8%82,高島市勝野680番地,0740-36-8222,厚生労働省オープンデータ,https://www.mhlw.go.jp/content/12300000/jigyosho_150.csv,2025-12末,https://www.google.com/search?q=%E9%AB%98%E5%B3%B6%E5%B8%82%E7%A4%BE%E4%BC%9A%E7%A6%8F%E7%A5%89%E5%8D%94%E8%AD%B0%E4%BC%9A%E3%81%8D%E3%82%89%E3%82%8A%E9%AB%98%E5%B3%B6%20%E9%AB%98%E5%B3%B6%E5%B8%82
デイサービスてのひらいっぱい,デイサービス,滋賀県,高島市,"介護,デイサービス",日中に通って食事・入浴・機能訓練・見守りなどを受けるサービスです。,tenohira1＠ohyama-inc.co.jp,滋賀県高島市安曇川町西万木213番地,0740287718,厚生労働省オープンデータ,https://www.mhlw.go.jp/content/12300000/jigyosho_150.csv,2025-12末,https://www.google.com/search?q=%E3%83%87%E3%82%A4%E3%82%B5%E3%83%BC%E3%83%93%E3%82%B9%E3%81%A6%E3%81%AE%E3%81%B2%E3%82%89%E3%81%84%E3%81%A3%E3%81%B1%E3%81%84%20%E9%AB%98%E5%B3%B6%E5%B8%82
レインボー,デイサービス,滋賀県,高島市,"介護,デイサービス",日中に通って食事・入浴・機能訓練・見守りなどを受けるサービスです。,http://shinasahi-minorikai.or.jp,滋賀県高島市新旭町藁園2603番地,0740-25-8288,厚生労働省オープンデータ,https://www.mhlw.go.jp/content/12300000/jigyosho_150.csv,2025-12末,https://www.google.com/search?q=%E3%83%AC%E3%82%A4%E3%83%B3%E3%83%9C%E3%83%BC%20%E9%AB%98%E5%B3%B6%E5%B8%82
高島市社会福祉協議会きらり今津,デイサービス,滋賀県,高島市,"介護,デイサービス",日中に通って食事・入浴・機能訓練・見守りなどを受けるサービスです。,https://www.google.com/search?q=%E9%AB%98%E5%B3%B6%E5%B8%82%E7%A4%BE%E4%BC%9A%E7%A6%8F%E7%A5%89%E5%8D%94%E8%AD%B0%E4%BC%9A%E3%81%8D%E3%82%89%E3%82%8A%E4%BB%8A%E6%B4%A5%20%E9%AB%98%E5%B3%B6%E5%B8%82,滋賀県高島市今津町上弘部４３８番地２,0740-22-8179,厚生労働省オープンデータ,https://www.mhlw.go.jp/content/12300000/jigyosho_150.csv,2025-12末,https://www.google.com/search?q=%E9%AB%98%E5%B3%B6%E5%B8%82%E7%A4%BE%E4%BC%9A%E7%A6%8F%E7%A5%89%E5%8D%94%E8%AD%B0%E4%BC%9A%E3%81%8D%E3%82%89%E3%82%8A%E4%BB%8A%E6%B4%A5%20%E9%AB%98%E5%B3%B6%E5%B8%82
あずみの郷通所介護事業所,デイサービス,滋賀県,高島市,"介護,デイサービス",日中に通って食事・入浴・機能訓練・見守りなどを受けるサービスです。,https://tenohira-azumi.com/content-b/,滋賀県高島市安曇川町田中3741-1,0740-32-8391,厚生労働省オープンデータ,https://www.mhlw.go.jp/content/12300000/jigyosho_150.csv,2025-12末,https://www.google.com/search?q=%E3%81%82%E3%81%9A%E3%81%BF%E3%81%AE%E9%83%B7%E9%80%9A%E6%89%80%E4%BB%8B%E8%AD%B7%E4%BA%8B%E6%A5%AD%E6%89%80%20%E9%AB%98%E5%B3%B6%E5%B8%82
デイサービス結里庵,デイサービス,滋賀県,東近江市,"介護,デイサービス",日中に通って食事・入浴・機能訓練・見守りなどを受けるサービスです。,https://www.google.com/search?q=%E3%83%87%E3%82%A4%E3%82%B5%E3%83%BC%E3%83%93%E3%82%B9%E7%B5%90%E9%87%8C%E5%BA%B5%20%E6%9D%B1%E8%BF%91%E6%B1%9F%E5%B8%82,滋賀県東近江市小田苅町1834番地2,0749-45-0120,厚生労働省オープンデータ,https://www.mhlw.go.jp/content/12300000/jigyosho_150.csv,2025-12末,https://www.google.com/search?q=%E3%83%87%E3%82%A4%E3%82%B5%E3%83%BC%E3%83%93%E3%82%B9%E7%B5%90%E9%87%8C%E5%BA%B5%20%E6%9D%B1%E8%BF%91%E6%B1%9F%E5%B8%82
ツクイ東近江おきの,デイサービス,滋賀県,東近江市,"介護,デイサービス",日中に通って食事・入浴・機能訓練・見守りなどを受けるサービスです。,hpps://twww.tsukui.net,滋賀県東近江市東沖野２丁目２−３４,0748-20-1707,厚生労働省オープンデータ,https://www.mhlw.go.jp/content/12300000/jigyosho_150.csv,2025-12末,https://www.google.com/search?q=%E3%83%84%E3%82%AF%E3%82%A4%E6%9D%B1%E8%BF%91%E6%B1%9F%E3%81%8A%E3%81%8D%E3%81%AE%20%E6%9D%B1%E8%BF%91%E6%B1%9F%E5%B8%82
デイサービス　スイッチオン能登川,デイサービス,滋賀県,東近江市,"介護,デイサービス",日中に通って食事・入浴・機能訓練・見守りなどを受けるサービスです。,https://www.google.com/search?q=%E3%83%87%E3%82%A4%E3%82%B5%E3%83%BC%E3%83%93%E3%82%B9%E3%80%80%E3%82%B9%E3%82%A4%E3%83%83%E3%83%81%E3%82%AA%E3%83%B3%E8%83%BD%E7%99%BB%E5%B7%9D%20%E6%9D%B1%E8%BF%91%E6%B1%9F%E5%B8%82,滋賀県東近江市猪子町108-1,0748-42-0664,厚生労働省オープンデータ,https://www.mhlw.go.jp/content/12300000/jigyosho_150.csv,2025-12末,https://www.google.com/search?q=%E3%83%87%E3%82%A4%E3%82%B5%E3%83%BC%E3%83%93%E3%82%B9%E3%80%80%E3%82%B9%E3%82%A4%E3%83%83%E3%83%81%E3%82%AA%E3%83%B3%E8%83%BD%E7%99%BB%E5%B7%9D%20%E6%9D%B1%E8%BF%91%E6%B1%9F%E5%B8%82
デイサービスセンター　あい,デイサービス,滋賀県,東近江市,"介護,デイサービス",日中に通って食事・入浴・機能訓練・見守りなどを受けるサービスです。,http://www.eonet.ne.jp/~kkshi-forusa,東近江市市子殿町1308番地,0748-45-2345,厚生労働省オープンデータ,https://www.mhlw.go.jp/content/12300000/jigyosho_150.csv,2025-12末,https://www.google.com/search?q=%E3%83%87%E3%82%A4%E3%82%B5%E3%83%BC%E3%83%93%E3%82%B9%E3%82%BB%E3%83%B3%E3%82%BF%E3%83%BC%E3%80%80%E3%81%82%E3%81%84%20%E6%9D%B1%E8%BF%91%E6%B1%9F%E5%B8%82
リハビリデイサービスセンター桜川店,デイサービス,滋賀県,東近江市,"介護,デイサービス",日中に通って食事・入浴・機能訓練・見守りなどを受けるサービスです。,https://www.google.com/search?q=%E3%83%AA%E3%83%8F%E3%83%93%E3%83%AA%E3%83%87%E3%82%A4%E3%82%B5%E3%83%BC%E3%83%93%E3%82%B9%E3%82%BB%E3%83%B3%E3%82%BF%E3%83%BC%E6%A1%9C%E5%B7%9D%E5%BA%97%20%E6%9D%B1%E8%BF%91%E6%B1%9F%E5%B8%82,滋賀県東近江市桜川西町130,0748-26-5325,厚生労働省オープンデータ,https://www.mhlw.go.jp/content/12300000/jigyosho_150.csv,2025-12末,https://www.google.com/search?q=%E3%83%AA%E3%83%8F%E3%83%93%E3%83%AA%E3%83%87%E3%82%A4%E3%82%B5%E3%83%BC%E3%83%93%E3%82%B9%E3%82%BB%E3%83%B3%E3%82%BF%E3%83%BC%E6%A1%9C%E5%B7%9D%E5%BA%97%20%E6%9D%B1%E8%BF%91%E6%B1%9F%E5%B8%82
デイサービスセンターカルナハウス,デイサービス,滋賀県,東近江市,"介護,デイサービス",日中に通って食事・入浴・機能訓練・見守りなどを受けるサービスです。,http://www.jishoukai.or.jp,東近江市建部下野町７９７番地,0748-23-3250,厚生労働省オープンデータ,https://www.mhlw.go.jp/content/12300000/jigyosho_150.csv,2025-12末,https://www.google.com/search?q=%E3%83%87%E3%82%A4%E3%82%B5%E3%83%BC%E3%83%93%E3%82%B9%E3%82%BB%E3%83%B3%E3%82%BF%E3%83%BC%E3%82%AB%E3%83%AB%E3%83%8A%E3%83%8F%E3%82%A6%E3%82%B9%20%E6%9D%B1%E8%BF%91%E6%B1%9F%E5%B8%82
東近江市社会福祉協議会デイサービスセンターゆうあいの家,デイサービス,滋賀県,東近江市,"介護,デイサービス",日中に通って食事・入浴・機能訓練・見守りなどを受けるサービスです。,http://www.higashiomi-shakyo.or.jp/,東近江市永源寺高野町437番地,0748-27-2066,厚生労働省オープンデータ,https://www.mhlw.go.jp/content/12300000/jigyosho_150.csv,2025-12末,https://www.google.com/search?q=%E6%9D%B1%E8%BF%91%E6%B1%9F%E5%B8%82%E7%A4%BE%E4%BC%9A%E7%A6%8F%E7%A5%89%E5%8D%94%E8%AD%B0%E4%BC%9A%E3%83%87%E3%82%A4%E3%82%B5%E3%83%BC%E3%83%93%E3%82%B9%E3%82%BB%E3%83%B3%E3%82%BF%E3%83%BC%E3%82%86%E3%81%86%E3%81%82%E3%81%84%E3%81%AE%E5%AE%B6%20%E6%9D%B1%E8%BF%91%E6%B1%9F%E5%B8%82
いずみ介護サービスおがわ　デイサービス,デイサービス,滋賀県,東近江市,"介護,デイサービス",日中に通って食事・入浴・機能訓練・見守りなどを受けるサービスです。,http://care-net.biz/25/izumikaigo/,滋賀県東近江市小川町３３１７番,0748-42-1777,厚生労働省オープンデータ,https://www.mhlw.go.jp/content/12300000/jigyosho_150.csv,2025-12末,https://www.google.com/search?q=%E3%81%84%E3%81%9A%E3%81%BF%E4%BB%8B%E8%AD%B7%E3%82%B5%E3%83%BC%E3%83%93%E3%82%B9%E3%81%8A%E3%81%8C%E3%82%8F%E3%80%80%E3%83%87%E3%82%A4%E3%82%B5%E3%83%BC%E3%83%93%E3%82%B9%20%E6%9D%B1%E8%BF%91%E6%B1%9F%E5%B8%82
能登川園デイサービスセンター,デイサービス,滋賀県,東近江市,"介護,デイサービス",日中に通って食事・入浴・機能訓練・見守りなどを受けるサービスです。,http://shiga-shinjyukai.or.jp/,東近江市新宮町５４７,0748-42-7025,厚生労働省オープンデータ,https://www.mhlw.go.jp/content/12300000/jigyosho_150.csv,2025-12末,https://www.google.com/search?q=%E8%83%BD%E7%99%BB%E5%B7%9D%E5%9C%92%E3%83%87%E3%82%A4%E3%82%B5%E3%83%BC%E3%83%93%E3%82%B9%E3%82%BB%E3%83%B3%E3%82%BF%E3%83%BC%20%E6%9D%B1%E8%BF%91%E6%B1%9F%E5%B8%82
デイサービススイッチオン五個荘,デイサービス,滋賀県,東近江市,"介護,デイサービス",日中に通って食事・入浴・機能訓練・見守りなどを受けるサービスです。,http://switchon-service.co.jp/,滋賀県ン東近江市五個荘五位田町592番地,0748-48-6555,厚生労働省オープンデータ,https://www.mhlw.go.jp/content/12300000/jigyosho_150.csv,2025-12末,https://www.google.com/search?q=%E3%83%87%E3%82%A4%E3%82%B5%E3%83%BC%E3%83%93%E3%82%B9%E3%82%B9%E3%82%A4%E3%83%83%E3%83%81%E3%82%AA%E3%83%B3%E4%BA%94%E5%80%8B%E8%8D%98%20%E6%9D%B1%E8%BF%91%E6%B1%9F%E5%B8%82
デイサービスセンターはればれ,デイサービス,滋賀県,東近江市,"介護,デイサービス",日中に通って食事・入浴・機能訓練・見守りなどを受けるサービスです。,https://www.google.com/search?q=%E3%83%87%E3%82%A4%E3%82%B5%E3%83%BC%E3%83%93%E3%82%B9%E3%82%BB%E3%83%B3%E3%82%BF%E3%83%BC%E3%81%AF%E3%82%8C%E3%81%B0%E3%82%8C%20%E6%9D%B1%E8%BF%91%E6%B1%9F%E5%B8%82,滋賀県東近江市五個荘五位田町517番地2,0748-43-0557,厚生労働省オープンデータ,https://www.mhlw.go.jp/content/12300000/jigyosho_150.csv,2025-12末,https://www.google.com/search?q=%E3%83%87%E3%82%A4%E3%82%B5%E3%83%BC%E3%83%93%E3%82%B9%E3%82%BB%E3%83%B3%E3%82%BF%E3%83%BC%E3%81%AF%E3%82%8C%E3%81%B0%E3%82%8C%20%E6%9D%B1%E8%BF%91%E6%B1%9F%E5%B8%82
医療法人社団幸信会　青葉メディカル夕暮れデイセンター,デイサービス,滋賀県,東近江市,"介護,デイサービス",日中に通って食事・入浴・機能訓練・見守りなどを受けるサービスです。,https://aoba-med.com,滋賀県東近江市青葉町1-46,0748-22-5077,厚生労働省オープンデータ,https://www.mhlw.go.jp/content/12300000/jigyosho_150.csv,2025-12末,https://www.google.com/search?q=%E5%8C%BB%E7%99%82%E6%B3%95%E4%BA%BA%E7%A4%BE%E5%9B%A3%E5%B9%B8%E4%BF%A1%E4%BC%9A%E3%80%80%E9%9D%92%E8%91%89%E3%83%A1%E3%83%87%E3%82%A3%E3%82%AB%E3%83%AB%E5%A4%95%E6%9A%AE%E3%82%8C%E3%83%87%E3%82%A4%E3%82%BB%E3%83%B3%E3%82%BF%E3%83%BC%20%E6%9D%B1%E8%BF%91%E6%B1%9F%E5%B8%82
清水苑デイサービスセンター,デイサービス,滋賀県,東近江市,"介護,デイサービス",日中に通って食事・入浴・機能訓練・見守りなどを受けるサービスです。,https://rokushinkai.com,滋賀県東近江市五個荘川並町268番地,0748-48-5000,厚生労働省オープンデータ,https://www.mhlw.go.jp/content/12300000/jigyosho_150.csv,2025-12末,https://www.google.com/search?q=%E6%B8%85%E6%B0%B4%E8%8B%91%E3%83%87%E3%82%A4%E3%82%B5%E3%83%BC%E3%83%93%E3%82%B9%E3%82%BB%E3%83%B3%E3%82%BF%E3%83%BC%20%E6%9D%B1%E8%BF%91%E6%B1%9F%E5%B8%82
デイサービスセンター　なごみ,デイサービス,滋賀県,東近江市,"介護,デイサービス",日中に通って食事・入浴・機能訓練・見守りなどを受けるサービスです。,olengnagomi@festa.ocn.ne.jp,東近江市妙法寺町８０２番地,0748-20-4165,厚生労働省オープンデータ,https://www.mhlw.go.jp/content/12300000/jigyosho_150.csv,2025-12末,https://www.google.com/search?q=%E3%83%87%E3%82%A4%E3%82%B5%E3%83%BC%E3%83%93%E3%82%B9%E3%82%BB%E3%83%B3%E3%82%BF%E3%83%BC%E3%80%80%E3%81%AA%E3%81%94%E3%81%BF%20%E6%9D%B1%E8%BF%91%E6%B1%9F%E5%B8%82
もみじデイサービスセンター,デイサービス,滋賀県,東近江市,"介護,デイサービス",日中に通って食事・入浴・機能訓練・見守りなどを受けるサービスです。,http://www.hachikikai.com,滋賀県東近江市永源寺高野町431‐2,0748-27-2040,厚生労働省オープンデータ,https://www.mhlw.go.jp/content/12300000/jigyosho_150.csv,2025-12末,https://www.google.com/search?q=%E3%82%82%E3%81%BF%E3%81%98%E3%83%87%E3%82%A4%E3%82%B5%E3%83%BC%E3%83%93%E3%82%B9%E3%82%BB%E3%83%B3%E3%82%BF%E3%83%BC%20%E6%9D%B1%E8%BF%91%E6%B1%9F%E5%B8%82
デイサービスいよもん,デイサービス,滋賀県,東近江市,"介護,デイサービス",日中に通って食事・入浴・機能訓練・見守りなどを受けるサービスです。,https://www.google.com/search?q=%E3%83%87%E3%82%A4%E3%82%B5%E3%83%BC%E3%83%93%E3%82%B9%E3%81%84%E3%82%88%E3%82%82%E3%82%93%20%E6%9D%B1%E8%BF%91%E6%B1%9F%E5%B8%82,滋賀県東近江市石塔町６７６,０７４８－５６－１２５７,厚生労働省オープンデータ,https://www.mhlw.go.jp/content/12300000/jigyosho_150.csv,2025-12末,https://www.google.com/search?q=%E3%83%87%E3%82%A4%E3%82%B5%E3%83%BC%E3%83%93%E3%82%B9%E3%81%84%E3%82%88%E3%82%82%E3%82%93%20%E6%9D%B1%E8%BF%91%E6%B1%9F%E5%B8%82
近江デイサービスセンター,デイサービス,滋賀県,東近江市,"介護,デイサービス",日中に通って食事・入浴・機能訓練・見守りなどを受けるサービスです。,https://www.oumi-hp.or.jp,東近江市北坂町966,0749-46-1125,厚生労働省オープンデータ,https://www.mhlw.go.jp/content/12300000/jigyosho_150.csv,2025-12末,https://www.google.com/search?q=%E8%BF%91%E6%B1%9F%E3%83%87%E3%82%A4%E3%82%B5%E3%83%BC%E3%83%93%E3%82%B9%E3%82%BB%E3%83%B3%E3%82%BF%E3%83%BC%20%E6%9D%B1%E8%BF%91%E6%B1%9F%E5%B8%82
通所介護サンフラワー建部,デイサービス,滋賀県,東近江市,"介護,デイサービス",日中に通って食事・入浴・機能訓練・見守りなどを受けるサービスです。,https://www.google.com/search?q=%E9%80%9A%E6%89%80%E4%BB%8B%E8%AD%B7%E3%82%B5%E3%83%B3%E3%83%95%E3%83%A9%E3%83%AF%E3%83%BC%E5%BB%BA%E9%83%A8%20%E6%9D%B1%E8%BF%91%E6%B1%9F%E5%B8%82,滋賀県東近江市建部日吉町376番地,0748-20-0172,厚生労働省オープンデータ,https://www.mhlw.go.jp/content/12300000/jigyosho_150.csv,2025-12末,https://www.google.com/search?q=%E9%80%9A%E6%89%80%E4%BB%8B%E8%AD%B7%E3%82%B5%E3%83%B3%E3%83%95%E3%83%A9%E3%83%AF%E3%83%BC%E5%BB%BA%E9%83%A8%20%E6%9D%B1%E8%BF%91%E6%B1%9F%E5%B8%82
つうしょかいごさんふらわーたてべにごうかん,デイサービス,滋賀県,東近江市,"介護,デイサービス",日中に通って食事・入浴・機能訓練・見守りなどを受けるサービスです。,https://www.google.com/search?q=%E3%81%A4%E3%81%86%E3%81%97%E3%82%87%E3%81%8B%E3%81%84%E3%81%94%E3%81%95%E3%82%93%E3%81%B5%E3%82%89%E3%82%8F%E3%83%BC%E3%81%9F%E3%81%A6%E3%81%B9%E3%81%AB%E3%81%94%E3%81%86%E3%81%8B%E3%82%93%20%E6%9D%B1%E8%BF%91%E6%B1%9F%E5%B8%82,滋賀県東近江市建部日吉町348-7,0748-20-0172,厚生労働省オープンデータ,https://www.mhlw.go.jp/content/12300000/jigyosho_150.csv,2025-12末,https://www.google.com/search?q=%E3%81%A4%E3%81%86%E3%81%97%E3%82%87%E3%81%8B%E3%81%84%E3%81%94%E3%81%95%E3%82%93%E3%81%B5%E3%82%89%E3%82%8F%E3%83%BC%E3%81%9F%E3%81%A6%E3%81%B9%E3%81%AB%E3%81%94%E3%81%86%E3%81%8B%E3%82%93%20%E6%9D%B1%E8%BF%91%E6%B1%9F%E5%B8%82
東近江市社会福祉協議会デイサービスセンターあさひの,デイサービス,滋賀県,東近江市,"介護,デイサービス",日中に通って食事・入浴・機能訓練・見守りなどを受けるサービスです。,http://www.higashiomi-shakyo.or.jp/,滋賀県東近江市鋳物師町７０８－１,0748-55-8501,厚生労働省オープンデータ,https://www.mhlw.go.jp/content/12300000/jigyosho_150.csv,2025-12末,https://www.google.com/search?q=%E6%9D%B1%E8%BF%91%E6%B1%9F%E5%B8%82%E7%A4%BE%E4%BC%9A%E7%A6%8F%E7%A5%89%E5%8D%94%E8%AD%B0%E4%BC%9A%E3%83%87%E3%82%A4%E3%82%B5%E3%83%BC%E3%83%93%E3%82%B9%E3%82%BB%E3%83%B3%E3%82%BF%E3%83%BC%E3%81%82%E3%81%95%E3%81%B2%E3%81%AE%20%E6%9D%B1%E8%BF%91%E6%B1%9F%E5%B8%82
愛近江ゆとろぎデイサービス,デイサービス,滋賀県,東近江市,"介護,デイサービス",日中に通って食事・入浴・機能訓練・見守りなどを受けるサービスです。,https://www.big-advance.site/s/135/1882,滋賀県東近江市勝堂町1702,0749-45-3788,厚生労働省オープンデータ,https://www.mhlw.go.jp/content/12300000/jigyosho_150.csv,2025-12末,https://www.google.com/search?q=%E6%84%9B%E8%BF%91%E6%B1%9F%E3%82%86%E3%81%A8%E3%82%8D%E3%81%8E%E3%83%87%E3%82%A4%E3%82%B5%E3%83%BC%E3%83%93%E3%82%B9%20%E6%9D%B1%E8%BF%91%E6%B1%9F%E5%B8%82
デイサービスみどり五個荘,デイサービス,滋賀県,東近江市,"介護,デイサービス",日中に通って食事・入浴・機能訓練・見守りなどを受けるサービスです。,https://www.google.com/search?q=%E3%83%87%E3%82%A4%E3%82%B5%E3%83%BC%E3%83%93%E3%82%B9%E3%81%BF%E3%81%A9%E3%82%8A%E4%BA%94%E5%80%8B%E8%8D%98%20%E6%9D%B1%E8%BF%91%E6%B1%9F%E5%B8%82,五個荘竜田町357番地2,0748-36-2573,厚生労働省オープンデータ,https://www.mhlw.go.jp/content/12300000/jigyosho_150.csv,2025-12末,https://www.google.com/search?q=%E3%83%87%E3%82%A4%E3%82%B5%E3%83%BC%E3%83%93%E3%82%B9%E3%81%BF%E3%81%A9%E3%82%8A%E4%BA%94%E5%80%8B%E8%8D%98%20%E6%9D%B1%E8%BF%91%E6%B1%9F%E5%B8%82
こぼしデイサービスセンター,デイサービス,滋賀県,東近江市,"介護,デイサービス",日中に通って食事・入浴・機能訓練・見守りなどを受けるサービスです。,https://koboshi.p-kit.com/,滋賀県東近江市市辺町3477,0748-20-0578,厚生労働省オープンデータ,https://www.mhlw.go.jp/content/12300000/jigyosho_150.csv,2025-12末,https://www.google.com/search?q=%E3%81%93%E3%81%BC%E3%81%97%E3%83%87%E3%82%A4%E3%82%B5%E3%83%BC%E3%83%93%E3%82%B9%E3%82%BB%E3%83%B3%E3%82%BF%E3%83%BC%20%E6%9D%B1%E8%BF%91%E6%B1%9F%E5%B8%82
沖野原デイサービス,デイサービス,滋賀県,東近江市,"介護,デイサービス",日中に通って食事・入浴・機能訓練・見守りなどを受けるサービスです。,http://www.ex.biwa.ex.ne.jp/~okinohara/,滋賀県東近江市沖野3丁目10番18,0748-22-7555,厚生労働省オープンデータ,https://www.mhlw.go.jp/content/12300000/jigyosho_150.csv,2025-12末,https://www.google.com/search?q=%E6%B2%96%E9%87%8E%E5%8E%9F%E3%83%87%E3%82%A4%E3%82%B5%E3%83%BC%E3%83%93%E3%82%B9%20%E6%9D%B1%E8%BF%91%E6%B1%9F%E5%B8%82
デイサービスセンターぱーるラシック,デイサービス,滋賀県,東近江市,"介護,デイサービス",日中に通って食事・入浴・機能訓練・見守りなどを受けるサービスです。,https://shiga-shinjyukai.or.jp/,東近江市乙女浜町12-1,0748-42-7036,厚生労働省オープンデータ,https://www.mhlw.go.jp/content/12300000/jigyosho_150.csv,2025-12末,https://www.google.com/search?q=%E3%83%87%E3%82%A4%E3%82%B5%E3%83%BC%E3%83%93%E3%82%B9%E3%82%BB%E3%83%B3%E3%82%BF%E3%83%BC%E3%81%B1%E3%83%BC%E3%82%8B%E3%83%A9%E3%82%B7%E3%83%83%E3%82%AF%20%E6%9D%B1%E8%BF%91%E6%B1%9F%E5%B8%82
スマイルデイサービスセンター,デイサービス,滋賀県,米原市,"介護,デイサービス",日中に通って食事・入浴・機能訓練・見守りなどを受けるサービスです。,https://www.oumikunpuukai.com,米原市寺倉603番地の3,0749-54-8204,厚生労働省オープンデータ,https://www.mhlw.go.jp/content/12300000/jigyosho_150.csv,2025-12末,https://www.google.com/search?q=%E3%82%B9%E3%83%9E%E3%82%A4%E3%83%AB%E3%83%87%E3%82%A4%E3%82%B5%E3%83%BC%E3%83%93%E3%82%B9%E3%82%BB%E3%83%B3%E3%82%BF%E3%83%BC%20%E7%B1%B3%E5%8E%9F%E5%B8%82
社会福祉法人米原市社会福祉協議会デイサービスセンターゆめホール,デイサービス,滋賀県,米原市,"介護,デイサービス",日中に通って食事・入浴・機能訓練・見守りなどを受けるサービスです。,http://maibara-shakyo.or.jp/,滋賀県米原市三吉５７０番地,0749-51-9098,厚生労働省オープンデータ,https://www.mhlw.go.jp/content/12300000/jigyosho_150.csv,2025-12末,https://www.google.com/search?q=%E7%A4%BE%E4%BC%9A%E7%A6%8F%E7%A5%89%E6%B3%95%E4%BA%BA%E7%B1%B3%E5%8E%9F%E5%B8%82%E7%A4%BE%E4%BC%9A%E7%A6%8F%E7%A5%89%E5%8D%94%E8%AD%B0%E4%BC%9A%E3%83%87%E3%82%A4%E3%82%B5%E3%83%BC%E3%83%93%E3%82%B9%E3%82%BB%E3%83%B3%E3%82%BF%E3%83%BC%E3%82%86%E3%82%81%E3%83%9B%E3%83%BC%E3%83%AB%20%E7%B1%B3%E5%8E%9F%E5%B8%82
デイホームゆりの木米原,デイサービス,滋賀県,米原市,"介護,デイサービス",日中に通って食事・入浴・機能訓練・見守りなどを受けるサービスです。,https://www.google.com/search?q=%E3%83%87%E3%82%A4%E3%83%9B%E3%83%BC%E3%83%A0%E3%82%86%E3%82%8A%E3%81%AE%E6%9C%A8%E7%B1%B3%E5%8E%9F%20%E7%B1%B3%E5%8E%9F%E5%B8%82,滋賀県米原市世継1028-9,0749-52-8338,厚生労働省オープンデータ,https://www.mhlw.go.jp/content/12300000/jigyosho_150.csv,2025-12末,https://www.google.com/search?q=%E3%83%87%E3%82%A4%E3%83%9B%E3%83%BC%E3%83%A0%E3%82%86%E3%82%8A%E3%81%AE%E6%9C%A8%E7%B1%B3%E5%8E%9F%20%E7%B1%B3%E5%8E%9F%E5%B8%82
デイサービスお庫裡さん,デイサービス,滋賀県,米原市,"介護,デイサービス",日中に通って食事・入浴・機能訓練・見守りなどを受けるサービスです。,https://www.google.com/search?q=%E3%83%87%E3%82%A4%E3%82%B5%E3%83%BC%E3%83%93%E3%82%B9%E3%81%8A%E5%BA%AB%E8%A3%A1%E3%81%95%E3%82%93%20%E7%B1%B3%E5%8E%9F%E5%B8%82,滋賀県米原市大清水1107,0749-56-2309,厚生労働省オープンデータ,https://www.mhlw.go.jp/content/12300000/jigyosho_150.csv,2025-12末,https://www.google.com/search?q=%E3%83%87%E3%82%A4%E3%82%B5%E3%83%BC%E3%83%93%E3%82%B9%E3%81%8A%E5%BA%AB%E8%A3%A1%E3%81%95%E3%82%93%20%E7%B1%B3%E5%8E%9F%E5%B8%82
リハデイいそ,デイサービス,滋賀県,米原市,"介護,デイサービス",日中に通って食事・入浴・機能訓練・見守りなどを受けるサービスです。,https://www.google.com/search?q=%E3%83%AA%E3%83%8F%E3%83%87%E3%82%A4%E3%81%84%E3%81%9D%20%E7%B1%B3%E5%8E%9F%E5%B8%82,滋賀県米原市磯1703,0749-52-8700,厚生労働省オープンデータ,https://www.mhlw.go.jp/content/12300000/jigyosho_150.csv,2025-12末,https://www.google.com/search?q=%E3%83%AA%E3%83%8F%E3%83%87%E3%82%A4%E3%81%84%E3%81%9D%20%E7%B1%B3%E5%8E%9F%E5%B8%82
デイサービスセンターやすらぎハウス,デイサービス,滋賀県,米原市,"介護,デイサービス",日中に通って食事・入浴・機能訓練・見守りなどを受けるサービスです。,http://www.taijyukai.net/,滋賀県米原市顔戸21番地2米原市近江地域福祉センターやすらぎハウス,0749-52-4393,厚生労働省オープンデータ,https://www.mhlw.go.jp/content/12300000/jigyosho_150.csv,2025-12末,https://www.google.com/search?q=%E3%83%87%E3%82%A4%E3%82%B5%E3%83%BC%E3%83%93%E3%82%B9%E3%82%BB%E3%83%B3%E3%82%BF%E3%83%BC%E3%82%84%E3%81%99%E3%82%89%E3%81%8E%E3%83%8F%E3%82%A6%E3%82%B9%20%E7%B1%B3%E5%8E%9F%E5%B8%82
山東デイサービスセンター,デイサービス,滋賀県,米原市,"介護,デイサービス",日中に通って食事・入浴・機能訓練・見守りなどを受けるサービスです。,http:/www.seishokai.jp/sakata,滋賀県米原市長岡１０５０－１,0749-55-7188,厚生労働省オープンデータ,https://www.mhlw.go.jp/content/12300000/jigyosho_150.csv,2025-12末,https://www.google.com/search?q=%E5%B1%B1%E6%9D%B1%E3%83%87%E3%82%A4%E3%82%B5%E3%83%BC%E3%83%93%E3%82%B9%E3%82%BB%E3%83%B3%E3%82%BF%E3%83%BC%20%E7%B1%B3%E5%8E%9F%E5%B8%82
デイサービスみしま池,デイサービス,滋賀県,米原市,"介護,デイサービス",日中に通って食事・入浴・機能訓練・見守りなどを受けるサービスです。,https://www.cs-mishimaike.com/,米原市池下５６３－１,0749-55-0304,厚生労働省オープンデータ,https://www.mhlw.go.jp/content/12300000/jigyosho_150.csv,2025-12末,https://www.google.com/search?q=%E3%83%87%E3%82%A4%E3%82%B5%E3%83%BC%E3%83%93%E3%82%B9%E3%81%BF%E3%81%97%E3%81%BE%E6%B1%A0%20%E7%B1%B3%E5%8E%9F%E5%B8%82
社会福祉法人米原市社会福祉協議会デイサービスセンター愛らんど,デイサービス,滋賀県,米原市,"介護,デイサービス",日中に通って食事・入浴・機能訓練・見守りなどを受けるサービスです。,http://maibara-shakyo.or.jp/,滋賀県米原市春照56米原市伊吹地域福祉センター愛らんど内,0749-58-1422,厚生労働省オープンデータ,https://www.mhlw.go.jp/content/12300000/jigyosho_150.csv,2025-12末,https://www.google.com/search?q=%E7%A4%BE%E4%BC%9A%E7%A6%8F%E7%A5%89%E6%B3%95%E4%BA%BA%E7%B1%B3%E5%8E%9F%E5%B8%82%E7%A4%BE%E4%BC%9A%E7%A6%8F%E7%A5%89%E5%8D%94%E8%AD%B0%E4%BC%9A%E3%83%87%E3%82%A4%E3%82%B5%E3%83%BC%E3%83%93%E3%82%B9%E3%82%BB%E3%83%B3%E3%82%BF%E3%83%BC%E6%84%9B%E3%82%89%E3%82%93%E3%81%A9%20%E7%B1%B3%E5%8E%9F%E5%B8%82
ポラリスデイサービスセンター米原,デイサービス,滋賀県,米原市,"介護,デイサービス",日中に通って食事・入浴・機能訓練・見守りなどを受けるサービスです。,http://www.polaris.care/,岩脇482-1,0749-52-8067,厚生労働省オープンデータ,https://www.mhlw.go.jp/content/12300000/jigyosho_150.csv,2025-12末,https://www.google.com/search?q=%E3%83%9D%E3%83%A9%E3%83%AA%E3%82%B9%E3%83%87%E3%82%A4%E3%82%B5%E3%83%BC%E3%83%93%E3%82%B9%E3%82%BB%E3%83%B3%E3%82%BF%E3%83%BC%E7%B1%B3%E5%8E%9F%20%E7%B1%B3%E5%8E%9F%E5%B8%82
きらめきデイサービスセンター,デイサービス,滋賀県,米原市,"介護,デイサービス",日中に通って食事・入浴・機能訓練・見守りなどを受けるサービスです。,https://www.taijyukai.net,滋賀県米原市朝妻筑摩2483番地,0749－52－8816,厚生労働省オープンデータ,https://www.mhlw.go.jp/content/12300000/jigyosho_150.csv,2025-12末,https://www.google.com/search?q=%E3%81%8D%E3%82%89%E3%82%81%E3%81%8D%E3%83%87%E3%82%A4%E3%82%B5%E3%83%BC%E3%83%93%E3%82%B9%E3%82%BB%E3%83%B3%E3%82%BF%E3%83%BC%20%E7%B1%B3%E5%8E%9F%E5%B8%82
デイサービス祭々,デイサービス,滋賀県,日野町,"介護,デイサービス",日中に通って食事・入浴・機能訓練・見守りなどを受けるサービスです。,https://www.google.com/search?q=%E3%83%87%E3%82%A4%E3%82%B5%E3%83%BC%E3%83%93%E3%82%B9%E7%A5%AD%E3%80%85%20%E6%97%A5%E9%87%8E%E7%94%BA,滋賀県蒲生郡日野町河原２丁目７１,0748-29-3077,厚生労働省オープンデータ,https://www.mhlw.go.jp/content/12300000/jigyosho_150.csv,2025-12末,https://www.google.com/search?q=%E3%83%87%E3%82%A4%E3%82%B5%E3%83%BC%E3%83%93%E3%82%B9%E7%A5%AD%E3%80%85%20%E6%97%A5%E9%87%8E%E7%94%BA
株式会社ドリエジョ　ゆめさとデイサービス,デイサービス,滋賀県,日野町,"介護,デイサービス",日中に通って食事・入浴・機能訓練・見守りなどを受けるサービスです。,https://www.dreyejo.com,滋賀県蒲生郡日野町西大路井上４３４－２,0748-53-8722,厚生労働省オープンデータ,https://www.mhlw.go.jp/content/12300000/jigyosho_150.csv,2025-12末,https://www.google.com/search?q=%E6%A0%AA%E5%BC%8F%E4%BC%9A%E7%A4%BE%E3%83%89%E3%83%AA%E3%82%A8%E3%82%B8%E3%83%A7%E3%80%80%E3%82%86%E3%82%81%E3%81%95%E3%81%A8%E3%83%87%E3%82%A4%E3%82%B5%E3%83%BC%E3%83%93%E3%82%B9%20%E6%97%A5%E9%87%8E%E7%94%BA
R&B暘々,デイサービス,滋賀県,日野町,"介護,デイサービス",日中に通って食事・入浴・機能訓練・見守りなどを受けるサービスです。,https://www.google.com/search?q=R%26B%E6%9A%98%E3%80%85%20%E6%97%A5%E9%87%8E%E7%94%BA,滋賀県蒲生郡日野町大窪680,0748-26-3190,厚生労働省オープンデータ,https://www.mhlw.go.jp/content/12300000/jigyosho_150.csv,2025-12末,https://www.google.com/search?q=R%26B%E6%9A%98%E3%80%85%20%E6%97%A5%E9%87%8E%E7%94%BA
デイサービスおおきに,デイサービス,滋賀県,日野町,"介護,デイサービス",日中に通って食事・入浴・機能訓練・見守りなどを受けるサービスです。,https://hinoookini.com/,滋賀県蒲生郡日野町いせの４６,０７４８-５２-５３００,厚生労働省オープンデータ,https://www.mhlw.go.jp/content/12300000/jigyosho_150.csv,2025-12末,https://www.google.com/search?q=%E3%83%87%E3%82%A4%E3%82%B5%E3%83%BC%E3%83%93%E3%82%B9%E3%81%8A%E3%81%8A%E3%81%8D%E3%81%AB%20%E6%97%A5%E9%87%8E%E7%94%BA
デイサービスセンター誉の松,デイサービス,滋賀県,日野町,"介護,デイサービス",日中に通って食事・入浴・機能訓練・見守りなどを受けるサービスです。,http://www.homare.or.jp,滋賀県蒲生郡日野町大字深山口524番地,0748-53-0261,厚生労働省オープンデータ,https://www.mhlw.go.jp/content/12300000/jigyosho_150.csv,2025-12末,https://www.google.com/search?q=%E3%83%87%E3%82%A4%E3%82%B5%E3%83%BC%E3%83%93%E3%82%B9%E3%82%BB%E3%83%B3%E3%82%BF%E3%83%BC%E8%AA%89%E3%81%AE%E6%9D%BE%20%E6%97%A5%E9%87%8E%E7%94%BA
デイサービススイッチオン竜王,デイサービス,滋賀県,竜王町,"介護,デイサービス",日中に通って食事・入浴・機能訓練・見守りなどを受けるサービスです。,https://www.google.com/search?q=%E3%83%87%E3%82%A4%E3%82%B5%E3%83%BC%E3%83%93%E3%82%B9%E3%82%B9%E3%82%A4%E3%83%83%E3%83%81%E3%82%AA%E3%83%B3%E7%AB%9C%E7%8E%8B%20%E7%AB%9C%E7%8E%8B%E7%94%BA,滋賀県蒲生郡竜王町大字小口廣谷1303-24,0748-58-2820,厚生労働省オープンデータ,https://www.mhlw.go.jp/content/12300000/jigyosho_150.csv,2025-12末,https://www.google.com/search?q=%E3%83%87%E3%82%A4%E3%82%B5%E3%83%BC%E3%83%93%E3%82%B9%E3%82%B9%E3%82%A4%E3%83%83%E3%83%81%E3%82%AA%E3%83%B3%E7%AB%9C%E7%8E%8B%20%E7%AB%9C%E7%8E%8B%E7%94%BA
デイサービス桃の郷,デイサービス,滋賀県,竜王町,"介護,デイサービス",日中に通って食事・入浴・機能訓練・見守りなどを受けるサービスです。,https://www.google.com/search?q=%E3%83%87%E3%82%A4%E3%82%B5%E3%83%BC%E3%83%93%E3%82%B9%E6%A1%83%E3%81%AE%E9%83%B7%20%E7%AB%9C%E7%8E%8B%E7%94%BA,滋賀県蒲生郡竜王町山之上5152-5,0748-57-0890,厚生労働省オープンデータ,https://www.mhlw.go.jp/content/12300000/jigyosho_150.csv,2025-12末,https://www.google.com/search?q=%E3%83%87%E3%82%A4%E3%82%B5%E3%83%BC%E3%83%93%E3%82%B9%E6%A1%83%E3%81%AE%E9%83%B7%20%E7%AB%9C%E7%8E%8B%E7%94%BA
第2デイサービス万葉の里,デイサービス,滋賀県,竜王町,"介護,デイサービス",日中に通って食事・入浴・機能訓練・見守りなどを受けるサービスです。,https://yukinokai.com/,滋賀県蒲生郡竜王町大字山之上６０６８,0748-57-2106,厚生労働省オープンデータ,https://www.mhlw.go.jp/content/12300000/jigyosho_150.csv,2025-12末,https://www.google.com/search?q=%E7%AC%AC2%E3%83%87%E3%82%A4%E3%82%B5%E3%83%BC%E3%83%93%E3%82%B9%E4%B8%87%E8%91%89%E3%81%AE%E9%87%8C%20%E7%AB%9C%E7%8E%8B%E7%94%BA
デイサービス花水木,デイサービス,滋賀県,竜王町,"介護,デイサービス",日中に通って食事・入浴・機能訓練・見守りなどを受けるサービスです。,https://www.google.com/search?q=%E3%83%87%E3%82%A4%E3%82%B5%E3%83%BC%E3%83%93%E3%82%B9%E8%8A%B1%E6%B0%B4%E6%9C%A8%20%E7%AB%9C%E7%8E%8B%E7%94%BA,滋賀県蒲生郡竜王町大字弓削字車瀬２３-１,0748-43-1681,厚生労働省オープンデータ,https://www.mhlw.go.jp/content/12300000/jigyosho_150.csv,2025-12末,https://www.google.com/search?q=%E3%83%87%E3%82%A4%E3%82%B5%E3%83%BC%E3%83%93%E3%82%B9%E8%8A%B1%E6%B0%B4%E6%9C%A8%20%E7%AB%9C%E7%8E%8B%E7%94%BA
デイサービスりゅうおう,デイサービス,滋賀県,竜王町,"介護,デイサービス",日中に通って食事・入浴・機能訓練・見守りなどを受けるサービスです。,http://hp.kaipoke.biz/wh9/,蒲生郡竜王町大字西川字中筋1457番5,０７４８－５８－１１０７,厚生労働省オープンデータ,https://www.mhlw.go.jp/content/12300000/jigyosho_150.csv,2025-12末,https://www.google.com/search?q=%E3%83%87%E3%82%A4%E3%82%B5%E3%83%BC%E3%83%93%E3%82%B9%E3%82%8A%E3%82%85%E3%81%86%E3%81%8A%E3%81%86%20%E7%AB%9C%E7%8E%8B%E7%94%BA
デイサービスセンター長野の里,デイサービス,滋賀県,愛荘町,"介護,デイサービス",日中に通って食事・入浴・機能訓練・見守りなどを受けるサービスです。,http://www.nagano⁻sato.com/,滋賀県愛知郡愛荘町長野1499番地,0749-47-3200,厚生労働省オープンデータ,https://www.mhlw.go.jp/content/12300000/jigyosho_150.csv,2025-12末,https://www.google.com/search?q=%E3%83%87%E3%82%A4%E3%82%B5%E3%83%BC%E3%83%93%E3%82%B9%E3%82%BB%E3%83%B3%E3%82%BF%E3%83%BC%E9%95%B7%E9%87%8E%E3%81%AE%E9%87%8C%20%E6%84%9B%E8%8D%98%E7%94%BA
社会福祉法人青祥会　デイサービスセンターやまびこ,デイサービス,滋賀県,愛荘町,"介護,デイサービス",日中に通って食事・入浴・機能訓練・見守りなどを受けるサービスです。,http://www.seishokai.jp/,滋賀県愛知郡愛荘町安孫子1235番地,0749-37-8532,厚生労働省オープンデータ,https://www.mhlw.go.jp/content/12300000/jigyosho_150.csv,2025-12末,https://www.google.com/search?q=%E7%A4%BE%E4%BC%9A%E7%A6%8F%E7%A5%89%E6%B3%95%E4%BA%BA%E9%9D%92%E7%A5%A5%E4%BC%9A%E3%80%80%E3%83%87%E3%82%A4%E3%82%B5%E3%83%BC%E3%83%93%E3%82%B9%E3%82%BB%E3%83%B3%E3%82%BF%E3%83%BC%E3%82%84%E3%81%BE%E3%81%B3%E3%81%93%20%E6%84%9B%E8%8D%98%E7%94%BA
ユアシス豊郷,デイサービス,滋賀県,豊郷町,"介護,デイサービス",日中に通って食事・入浴・機能訓練・見守りなどを受けるサービスです。,http://bestcare-shiga.com/,滋賀県犬上郡豊郷町吉田1480-7,0749-35-8118,厚生労働省オープンデータ,https://www.mhlw.go.jp/content/12300000/jigyosho_150.csv,2025-12末,https://www.google.com/search?q=%E3%83%A6%E3%82%A2%E3%82%B7%E3%82%B9%E8%B1%8A%E9%83%B7%20%E8%B1%8A%E9%83%B7%E7%94%BA
特別養護老人ホーム　いやしのさと　デイサービスセンター,デイサービス,滋賀県,豊郷町,"介護,デイサービス",日中に通って食事・入浴・機能訓練・見守りなどを受けるサービスです。,https://asunaroiyashinosat.wixsite.com/asunaro/blank-8,滋賀県犬上郡豊郷町沢517-4,0749-35-0216,厚生労働省オープンデータ,https://www.mhlw.go.jp/content/12300000/jigyosho_150.csv,2025-12末,https://www.google.com/search?q=%E7%89%B9%E5%88%A5%E9%A4%8A%E8%AD%B7%E8%80%81%E4%BA%BA%E3%83%9B%E3%83%BC%E3%83%A0%E3%80%80%E3%81%84%E3%82%84%E3%81%97%E3%81%AE%E3%81%95%E3%81%A8%E3%80%80%E3%83%87%E3%82%A4%E3%82%B5%E3%83%BC%E3%83%93%E3%82%B9%E3%82%BB%E3%83%B3%E3%82%BF%E3%83%BC%20%E8%B1%8A%E9%83%B7%E7%94%BA
DSゆめのしっぽ,デイサービス,滋賀県,豊郷町,"介護,デイサービス",日中に通って食事・入浴・機能訓練・見守りなどを受けるサービスです。,marukusu.com,滋賀県犬上郡豊郷町吉田1480-7,0749-47-5412,厚生労働省オープンデータ,https://www.mhlw.go.jp/content/12300000/jigyosho_150.csv,2025-12末,https://www.google.com/search?q=DS%E3%82%86%E3%82%81%E3%81%AE%E3%81%97%E3%81%A3%E3%81%BD%20%E8%B1%8A%E9%83%B7%E7%94%BA
社会福祉法人　豊郷町社会福祉協議会　通所介護事業所,デイサービス,滋賀県,豊郷町,"介護,デイサービス",日中に通って食事・入浴・機能訓練・見守りなどを受けるサービスです。,https://www.google.com/search?q=%E7%A4%BE%E4%BC%9A%E7%A6%8F%E7%A5%89%E6%B3%95%E4%BA%BA%E3%80%80%E8%B1%8A%E9%83%B7%E7%94%BA%E7%A4%BE%E4%BC%9A%E7%A6%8F%E7%A5%89%E5%8D%94%E8%AD%B0%E4%BC%9A%E3%80%80%E9%80%9A%E6%89%80%E4%BB%8B%E8%AD%B7%E4%BA%8B%E6%A5%AD%E6%89%80%20%E8%B1%8A%E9%83%B7%E7%94%BA,滋賀県犬上郡豊郷町四十九院１２５２,0749-35-8056,厚生労働省オープンデータ,https://www.mhlw.go.jp/content/12300000/jigyosho_150.csv,2025-12末,https://www.google.com/search?q=%E7%A4%BE%E4%BC%9A%E7%A6%8F%E7%A5%89%E6%B3%95%E4%BA%BA%E3%80%80%E8%B1%8A%E9%83%B7%E7%94%BA%E7%A4%BE%E4%BC%9A%E7%A6%8F%E7%A5%89%E5%8D%94%E8%AD%B0%E4%BC%9A%E3%80%80%E9%80%9A%E6%89%80%E4%BB%8B%E8%AD%B7%E4%BA%8B%E6%A5%AD%E6%89%80%20%E8%B1%8A%E9%83%B7%E7%94%BA
デイサービスセンター　元気村,デイサービス,滋賀県,豊郷町,"介護,デイサービス",日中に通って食事・入浴・機能訓練・見守りなどを受けるサービスです。,http://genkimuragenki.wordpress.com,滋賀県犬上郡豊郷町安食南２７７－１,0749-35-5220,厚生労働省オープンデータ,https://www.mhlw.go.jp/content/12300000/jigyosho_150.csv,2025-12末,https://www.google.com/search?q=%E3%83%87%E3%82%A4%E3%82%B5%E3%83%BC%E3%83%93%E3%82%B9%E3%82%BB%E3%83%B3%E3%82%BF%E3%83%BC%E3%80%80%E5%85%83%E6%B0%97%E6%9D%91%20%E8%B1%8A%E9%83%B7%E7%94%BA
甲良町デイサービスセンターけやき,デイサービス,滋賀県,甲良町,"介護,デイサービス",日中に通って食事・入浴・機能訓練・見守りなどを受けるサービスです。,http://www.toyosato.or.jp,滋賀県犬上郡甲良町在士625,0749-38-8181,厚生労働省オープンデータ,https://www.mhlw.go.jp/content/12300000/jigyosho_150.csv,2025-12末,https://www.google.com/search?q=%E7%94%B2%E8%89%AF%E7%94%BA%E3%83%87%E3%82%A4%E3%82%B5%E3%83%BC%E3%83%93%E3%82%B9%E3%82%BB%E3%83%B3%E3%82%BF%E3%83%BC%E3%81%91%E3%82%84%E3%81%8D%20%E7%94%B2%E8%89%AF%E7%94%BA
デイホームゆりの木多賀,デイサービス,滋賀県,多賀町,"介護,デイサービス",日中に通って食事・入浴・機能訓練・見守りなどを受けるサービスです。,https://www.google.com/search?q=%E3%83%87%E3%82%A4%E3%83%9B%E3%83%BC%E3%83%A0%E3%82%86%E3%82%8A%E3%81%AE%E6%9C%A8%E5%A4%9A%E8%B3%80%20%E5%A4%9A%E8%B3%80%E7%94%BA,滋賀県犬上郡多賀町多賀1600－48,0749487008,厚生労働省オープンデータ,https://www.mhlw.go.jp/content/12300000/jigyosho_150.csv,2025-12末,https://www.google.com/search?q=%E3%83%87%E3%82%A4%E3%83%9B%E3%83%BC%E3%83%A0%E3%82%86%E3%82%8A%E3%81%AE%E6%9C%A8%E5%A4%9A%E8%B3%80%20%E5%A4%9A%E8%B3%80%E7%94%BA
通所介護施設　多賀清流の里,デイサービス,滋賀県,多賀町,"介護,デイサービス",日中に通って食事・入浴・機能訓練・見守りなどを受けるサービスです。,https://tashinkai.jp,滋賀県犬上郡多賀町大字佐目６７５,0749-49-8030,厚生労働省オープンデータ,https://www.mhlw.go.jp/content/12300000/jigyosho_150.csv,2025-12末,https://www.google.com/search?q=%E9%80%9A%E6%89%80%E4%BB%8B%E8%AD%B7%E6%96%BD%E8%A8%AD%E3%80%80%E5%A4%9A%E8%B3%80%E6%B8%85%E6%B5%81%E3%81%AE%E9%87%8C%20%E5%A4%9A%E8%B3%80%E7%94%BA
ハートフルデイサービスセンター,デイサービス,滋賀県,多賀町,"介護,デイサービス",日中に通って食事・入浴・機能訓練・見守りなどを受けるサービスです。,http://kotoukai.or.jp/,滋賀県犬上郡多賀町中川原605-2,0749-48-2610,厚生労働省オープンデータ,https://www.mhlw.go.jp/content/12300000/jigyosho_150.csv,2025-12末,https://www.google.com/search?q=%E3%83%8F%E3%83%BC%E3%83%88%E3%83%95%E3%83%AB%E3%83%87%E3%82%A4%E3%82%B5%E3%83%BC%E3%83%93%E3%82%B9%E3%82%BB%E3%83%B3%E3%82%BF%E3%83%BC%20%E5%A4%9A%E8%B3%80%E7%94%BA
療養通所　always,療養通所介護,滋賀県,大津市,"介護,療養通所介護",療養通所介護の公式オープンデータから取り込んだ候補です。詳細は公式情報・電話・見学で確認してください。,bridge-nurse.com,滋賀県大津市追分町１６番２１号,077-572-8093,厚生労働省オープンデータ,https://www.mhlw.go.jp/content/12300000/jigyosho_155.csv,2025-12末,https://www.google.com/search?q=%E7%99%82%E9%A4%8A%E9%80%9A%E6%89%80%E3%80%80always%20%E5%A4%A7%E6%B4%A5%E5%B8%82
有限会社ケアサポートリブ,療養通所介護,滋賀県,大津市,"介護,療養通所介護",療養通所介護の公式オープンデータから取り込んだ候補です。詳細は公式情報・電話・見学で確認してください。,http：//carelive,滋賀県大津市仰木の里東一丁目15-20,077-573-9508,厚生労働省オープンデータ,https://www.mhlw.go.jp/content/12300000/jigyosho_155.csv,2025-12末,https://www.google.com/search?q=%E6%9C%89%E9%99%90%E4%BC%9A%E7%A4%BE%E3%82%B1%E3%82%A2%E3%82%B5%E3%83%9D%E3%83%BC%E3%83%88%E3%83%AA%E3%83%96%20%E5%A4%A7%E6%B4%A5%E5%B8%82
療養通所介護　まほろば,療養通所介護,滋賀県,長浜市,"介護,療養通所介護",療養通所介護の公式オープンデータから取り込んだ候補です。詳細は公式情報・電話・見学で確認してください。,http：//o-kourakukai.or.jp,滋賀県長浜市下坂中町200番地1,0749-68-4027,厚生労働省オープンデータ,https://www.mhlw.go.jp/content/12300000/jigyosho_155.csv,2025-12末,https://www.google.com/search?q=%E7%99%82%E9%A4%8A%E9%80%9A%E6%89%80%E4%BB%8B%E8%AD%B7%E3%80%80%E3%81%BE%E3%81%BB%E3%82%8D%E3%81%B0%20%E9%95%B7%E6%B5%9C%E5%B8%82
デイケアセンターなかさと,療養通所介護,滋賀県,野洲市,"介護,療養通所介護",療養通所介護の公式オープンデータから取り込んだ候補です。詳細は公式情報・電話・見学で確認してください。,http://www.konan-psy.or.jp,滋賀県野洲市八夫2077,077-589-8310,厚生労働省オープンデータ,https://www.mhlw.go.jp/content/12300000/jigyosho_155.csv,2025-12末,https://www.google.com/search?q=%E3%83%87%E3%82%A4%E3%82%B1%E3%82%A2%E3%82%BB%E3%83%B3%E3%82%BF%E3%83%BC%E3%81%AA%E3%81%8B%E3%81%95%E3%81%A8%20%E9%87%8E%E6%B4%B2%E5%B8%82
公益社団法人滋賀県看護協会療養通所介護事業所,療養通所介護,滋賀県,東近江市,"介護,療養通所介護",療養通所介護の公式オープンデータから取り込んだ候補です。詳細は公式情報・電話・見学で確認してください。,https://www.google.com/search?q=%E5%85%AC%E7%9B%8A%E7%A4%BE%E5%9B%A3%E6%B3%95%E4%BA%BA%E6%BB%8B%E8%B3%80%E7%9C%8C%E7%9C%8B%E8%AD%B7%E5%8D%94%E4%BC%9A%E7%99%82%E9%A4%8A%E9%80%9A%E6%89%80%E4%BB%8B%E8%AD%B7%E4%BA%8B%E6%A5%AD%E6%89%80%20%E6%9D%B1%E8%BF%91%E6%B1%9F%E5%B8%82,滋賀県東近江市八日市上之町1番39号公益社団法人滋賀県看護協会在宅ケアセンターみのり,0748-23-8654,厚生労働省オープンデータ,https://www.mhlw.go.jp/content/12300000/jigyosho_155.csv,2025-12末,https://www.google.com/search?q=%E5%85%AC%E7%9B%8A%E7%A4%BE%E5%9B%A3%E6%B3%95%E4%BA%BA%E6%BB%8B%E8%B3%80%E7%9C%8C%E7%9C%8B%E8%AD%B7%E5%8D%94%E4%BC%9A%E7%99%82%E9%A4%8A%E9%80%9A%E6%89%80%E4%BB%8B%E8%AD%B7%E4%BA%8B%E6%A5%AD%E6%89%80%20%E6%9D%B1%E8%BF%91%E6%B1%9F%E5%B8%82
東医院,通所リハビリ,滋賀県,大津市,"介護,通所リハビリ,リハビリ",通所リハビリの公式オープンデータから取り込んだ候補です。詳細は公式情報・電話・見学で確認してください。,https://www.google.com/search?q=%E6%9D%B1%E5%8C%BB%E9%99%A2%20%E5%A4%A7%E6%B4%A5%E5%B8%82,大津市南小松1594-170,077-596-1771,厚生労働省オープンデータ,https://www.mhlw.go.jp/content/12300000/jigyosho_160.csv,2025-12末,https://www.google.com/search?q=%E6%9D%B1%E5%8C%BB%E9%99%A2%20%E5%A4%A7%E6%B4%A5%E5%B8%82
医療法人滋賀勤労者保健会　膳所診療所通所リハビリテーションげんき,通所リハビリ,滋賀県,大津市,"介護,通所リハビリ,リハビリ",通所リハビリの公式オープンデータから取り込んだ候補です。詳細は公式情報・電話・見学で確認してください。,https://www.google.com/search?q=%E5%8C%BB%E7%99%82%E6%B3%95%E4%BA%BA%E6%BB%8B%E8%B3%80%E5%8B%A4%E5%8A%B4%E8%80%85%E4%BF%9D%E5%81%A5%E4%BC%9A%E3%80%80%E8%86%B3%E6%89%80%E8%A8%BA%E7%99%82%E6%89%80%E9%80%9A%E6%89%80%E3%83%AA%E3%83%8F%E3%83%93%E3%83%AA%E3%83%86%E3%83%BC%E3%82%B7%E3%83%A7%E3%83%B3%E3%81%92%E3%82%93%E3%81%8D%20%E5%A4%A7%E6%B4%A5%E5%B8%82,滋賀県大津市昭和町2-17膳所診療所,077-511-9112,厚生労働省オープンデータ,https://www.mhlw.go.jp/content/12300000/jigyosho_160.csv,2025-12末,https://www.google.com/search?q=%E5%8C%BB%E7%99%82%E6%B3%95%E4%BA%BA%E6%BB%8B%E8%B3%80%E5%8B%A4%E5%8A%B4%E8%80%85%E4%BF%9D%E5%81%A5%E4%BC%9A%E3%80%80%E8%86%B3%E6%89%80%E8%A8%BA%E7%99%82%E6%89%80%E9%80%9A%E6%89%80%E3%83%AA%E3%83%8F%E3%83%93%E3%83%AA%E3%83%86%E3%83%BC%E3%82%B7%E3%83%A7%E3%83%B3%E3%81%92%E3%82%93%E3%81%8D%20%E5%A4%A7%E6%B4%A5%E5%B8%82
独立行政法人地域医療機能推進機構　滋賀病院附属介護老人保健施設,通所リハビリ,滋賀県,大津市,"介護,通所リハビリ,リハビリ",通所リハビリの公式オープンデータから取り込んだ候補です。詳細は公式情報・電話・見学で確認してください。,http://shiga.jcho.go.jp/rouken/,大津市富士見台16-1,077-537-3102,厚生労働省オープンデータ,https://www.mhlw.go.jp/content/12300000/jigyosho_160.csv,2025-12末,https://www.google.com/search?q=%E7%8B%AC%E7%AB%8B%E8%A1%8C%E6%94%BF%E6%B3%95%E4%BA%BA%E5%9C%B0%E5%9F%9F%E5%8C%BB%E7%99%82%E6%A9%9F%E8%83%BD%E6%8E%A8%E9%80%B2%E6%A9%9F%E6%A7%8B%E3%80%80%E6%BB%8B%E8%B3%80%E7%97%85%E9%99%A2%E9%99%84%E5%B1%9E%E4%BB%8B%E8%AD%B7%E8%80%81%E4%BA%BA%E4%BF%9D%E5%81%A5%E6%96%BD%E8%A8%AD%20%E5%A4%A7%E6%B4%A5%E5%B8%82
橋本整形外科医院通所リハビリセンター,通所リハビリ,滋賀県,大津市,"介護,通所リハビリ,リハビリ",通所リハビリの公式オープンデータから取り込んだ候補です。詳細は公式情報・電話・見学で確認してください。,http://www.hashimoto-seikeigeka.jp/,大津市際川三丁目19-13,077-525-5501,厚生労働省オープンデータ,https://www.mhlw.go.jp/content/12300000/jigyosho_160.csv,2025-12末,https://www.google.com/search?q=%E6%A9%8B%E6%9C%AC%E6%95%B4%E5%BD%A2%E5%A4%96%E7%A7%91%E5%8C%BB%E9%99%A2%E9%80%9A%E6%89%80%E3%83%AA%E3%83%8F%E3%83%93%E3%83%AA%E3%82%BB%E3%83%B3%E3%82%BF%E3%83%BC%20%E5%A4%A7%E6%B4%A5%E5%B8%82
通所リハビリセンター楽々,通所リハビリ,滋賀県,大津市,"介護,通所リハビリ,リハビリ",通所リハビリの公式オープンデータから取り込んだ候補です。詳細は公式情報・電話・見学で確認してください。,http://rakujyu-konohana.com/jigyousho.html,大津市雄琴北2丁目２－５Ｔ’ｓ　ビル　２Ｆ,077-571-2187,厚生労働省オープンデータ,https://www.mhlw.go.jp/content/12300000/jigyosho_160.csv,2025-12末,https://www.google.com/search?q=%E9%80%9A%E6%89%80%E3%83%AA%E3%83%8F%E3%83%93%E3%83%AA%E3%82%BB%E3%83%B3%E3%82%BF%E3%83%BC%E6%A5%BD%E3%80%85%20%E5%A4%A7%E6%B4%A5%E5%B8%82
さいき整形外科,通所リハビリ,滋賀県,大津市,"介護,通所リハビリ,リハビリ",通所リハビリの公式オープンデータから取り込んだ候補です。詳細は公式情報・電話・見学で確認してください。,https://saikiseikei.com/,滋賀県大津市一里山3-19-4,077-545-7711,厚生労働省オープンデータ,https://www.mhlw.go.jp/content/12300000/jigyosho_160.csv,2025-12末,https://www.google.com/search?q=%E3%81%95%E3%81%84%E3%81%8D%E6%95%B4%E5%BD%A2%E5%A4%96%E7%A7%91%20%E5%A4%A7%E6%B4%A5%E5%B8%82
医療法人華頂会　琵琶湖養育院病院　短時間デイケアセンター,通所リハビリ,滋賀県,大津市,"介護,通所リハビリ,リハビリ",通所リハビリの公式オープンデータから取り込んだ候補です。詳細は公式情報・電話・見学で確認してください。,http:www.kachokai.or.jp/,滋賀県大津市大萱七丁目7番2号,077-548-7538,厚生労働省オープンデータ,https://www.mhlw.go.jp/content/12300000/jigyosho_160.csv,2025-12末,https://www.google.com/search?q=%E5%8C%BB%E7%99%82%E6%B3%95%E4%BA%BA%E8%8F%AF%E9%A0%82%E4%BC%9A%E3%80%80%E7%90%B5%E7%90%B6%E6%B9%96%E9%A4%8A%E8%82%B2%E9%99%A2%E7%97%85%E9%99%A2%E3%80%80%E7%9F%AD%E6%99%82%E9%96%93%E3%83%87%E3%82%A4%E3%82%B1%E3%82%A2%E3%82%BB%E3%83%B3%E3%82%BF%E3%83%BC%20%E5%A4%A7%E6%B4%A5%E5%B8%82
介護老人保健施設日和の里,通所リハビリ,滋賀県,大津市,"介護,通所リハビリ,リハビリ",通所リハビリの公式オープンデータから取り込んだ候補です。詳細は公式情報・電話・見学で確認してください。,http://shigamin.jp/hiyori/,大津市坂本6丁目25番3号,077-579-0309,厚生労働省オープンデータ,https://www.mhlw.go.jp/content/12300000/jigyosho_160.csv,2025-12末,https://www.google.com/search?q=%E4%BB%8B%E8%AD%B7%E8%80%81%E4%BA%BA%E4%BF%9D%E5%81%A5%E6%96%BD%E8%A8%AD%E6%97%A5%E5%92%8C%E3%81%AE%E9%87%8C%20%E5%A4%A7%E6%B4%A5%E5%B8%82
介護老人保健施設ケアセンター志賀,通所リハビリ,滋賀県,大津市,"介護,通所リハビリ,リハビリ",通所リハビリの公式オープンデータから取り込んだ候補です。詳細は公式情報・電話・見学で確認してください。,http://www.koseikai.care,大津市和邇高城260番地の1,077-594-0110,厚生労働省オープンデータ,https://www.mhlw.go.jp/content/12300000/jigyosho_160.csv,2025-12末,https://www.google.com/search?q=%E4%BB%8B%E8%AD%B7%E8%80%81%E4%BA%BA%E4%BF%9D%E5%81%A5%E6%96%BD%E8%A8%AD%E3%82%B1%E3%82%A2%E3%82%BB%E3%83%B3%E3%82%BF%E3%83%BC%E5%BF%97%E8%B3%80%20%E5%A4%A7%E6%B4%A5%E5%B8%82
遠藤クリニックリハビリセンター,通所リハビリ,滋賀県,大津市,"介護,通所リハビリ,リハビリ",通所リハビリの公式オープンデータから取り込んだ候補です。詳細は公式情報・電話・見学で確認してください。,http://www.endo-clinic.or.jp,滋賀県大津市千町二丁目15-22,077-533-3177,厚生労働省オープンデータ,https://www.mhlw.go.jp/content/12300000/jigyosho_160.csv,2025-12末,https://www.google.com/search?q=%E9%81%A0%E8%97%A4%E3%82%AF%E3%83%AA%E3%83%8B%E3%83%83%E3%82%AF%E3%83%AA%E3%83%8F%E3%83%93%E3%83%AA%E3%82%BB%E3%83%B3%E3%82%BF%E3%83%BC%20%E5%A4%A7%E6%B4%A5%E5%B8%82
吉徳医院デイケアセンター,通所リハビリ,滋賀県,大津市,"介護,通所リハビリ,リハビリ",通所リハビリの公式オープンデータから取り込んだ候補です。詳細は公式情報・電話・見学で確認してください。,http://yoshitoku.or.jp,大津市里５丁目２－１４,077-546-3004,厚生労働省オープンデータ,https://www.mhlw.go.jp/content/12300000/jigyosho_160.csv,2025-12末,https://www.google.com/search?q=%E5%90%89%E5%BE%B3%E5%8C%BB%E9%99%A2%E3%83%87%E3%82%A4%E3%82%B1%E3%82%A2%E3%82%BB%E3%83%B3%E3%82%BF%E3%83%BC%20%E5%A4%A7%E6%B4%A5%E5%B8%82
医療法人　くろづ外科医院,通所リハビリ,滋賀県,大津市,"介護,通所リハビリ,リハビリ",通所リハビリの公式オープンデータから取り込んだ候補です。詳細は公式情報・電話・見学で確認してください。,http://kurodu-clinic.jp/,滋賀県大津市黒津2丁目15-25,077-546-7557,厚生労働省オープンデータ,https://www.mhlw.go.jp/content/12300000/jigyosho_160.csv,2025-12末,https://www.google.com/search?q=%E5%8C%BB%E7%99%82%E6%B3%95%E4%BA%BA%E3%80%80%E3%81%8F%E3%82%8D%E3%81%A5%E5%A4%96%E7%A7%91%E5%8C%BB%E9%99%A2%20%E5%A4%A7%E6%B4%A5%E5%B8%82
医療法人幸生会琵琶湖中央リハビリテーション病院デイケアセンター,通所リハビリ,滋賀県,大津市,"介護,通所リハビリ,リハビリ",通所リハビリの公式オープンデータから取り込んだ候補です。詳細は公式情報・電話・見学で確認してください。,http://www.kou-sei-kai.or.jp,滋賀県大津市御殿浜22番33号,077-526-2211,厚生労働省オープンデータ,https://www.mhlw.go.jp/content/12300000/jigyosho_160.csv,2025-12末,https://www.google.com/search?q=%E5%8C%BB%E7%99%82%E6%B3%95%E4%BA%BA%E5%B9%B8%E7%94%9F%E4%BC%9A%E7%90%B5%E7%90%B6%E6%B9%96%E4%B8%AD%E5%A4%AE%E3%83%AA%E3%83%8F%E3%83%93%E3%83%AA%E3%83%86%E3%83%BC%E3%82%B7%E3%83%A7%E3%83%B3%E7%97%85%E9%99%A2%E3%83%87%E3%82%A4%E3%82%B1%E3%82%A2%E3%82%BB%E3%83%B3%E3%82%BF%E3%83%BC%20%E5%A4%A7%E6%B4%A5%E5%B8%82
医療法人　良善会　ひかり病院通所リハビリテーション,通所リハビリ,滋賀県,大津市,"介護,通所リハビリ,リハビリ",通所リハビリの公式オープンデータから取り込んだ候補です。詳細は公式情報・電話・見学で確認してください。,http://hikaribyouin.com/,滋賀県大津市際川3丁目35-1,077-522-4466,厚生労働省オープンデータ,https://www.mhlw.go.jp/content/12300000/jigyosho_160.csv,2025-12末,https://www.google.com/search?q=%E5%8C%BB%E7%99%82%E6%B3%95%E4%BA%BA%E3%80%80%E8%89%AF%E5%96%84%E4%BC%9A%E3%80%80%E3%81%B2%E3%81%8B%E3%82%8A%E7%97%85%E9%99%A2%E9%80%9A%E6%89%80%E3%83%AA%E3%83%8F%E3%83%93%E3%83%AA%E3%83%86%E3%83%BC%E3%82%B7%E3%83%A7%E3%83%B3%20%E5%A4%A7%E6%B4%A5%E5%B8%82
医療法人弘英会　介護老人保健施設Ｂ・Ｏ・Hケア・サービスセンター,通所リハビリ,滋賀県,大津市,"介護,通所リハビリ,リハビリ",通所リハビリの公式オープンデータから取り込んだ候補です。詳細は公式情報・電話・見学で確認してください。,http://www.boh-care.jp,滋賀県大津市伊香立途中町７０４番地,077-598-2133,厚生労働省オープンデータ,https://www.mhlw.go.jp/content/12300000/jigyosho_160.csv,2025-12末,https://www.google.com/search?q=%E5%8C%BB%E7%99%82%E6%B3%95%E4%BA%BA%E5%BC%98%E8%8B%B1%E4%BC%9A%E3%80%80%E4%BB%8B%E8%AD%B7%E8%80%81%E4%BA%BA%E4%BF%9D%E5%81%A5%E6%96%BD%E8%A8%AD%EF%BC%A2%E3%83%BB%EF%BC%AF%E3%83%BBH%E3%82%B1%E3%82%A2%E3%83%BB%E3%82%B5%E3%83%BC%E3%83%93%E3%82%B9%E3%82%BB%E3%83%B3%E3%82%BF%E3%83%BC%20%E5%A4%A7%E6%B4%A5%E5%B8%82
介護老人保健施設レーク・ホロニー通所リハビリテーション,通所リハビリ,滋賀県,大津市,"介護,通所リハビリ,リハビリ",通所リハビリの公式オープンデータから取り込んだ候補です。詳細は公式情報・電話・見学で確認してください。,http://www18.ocn.jp/~katyou/index.htm,大津市大萱七丁目7番3号介護老人保健施設レーク・ホロニー,077-545-2555,厚生労働省オープンデータ,https://www.mhlw.go.jp/content/12300000/jigyosho_160.csv,2025-12末,https://www.google.com/search?q=%E4%BB%8B%E8%AD%B7%E8%80%81%E4%BA%BA%E4%BF%9D%E5%81%A5%E6%96%BD%E8%A8%AD%E3%83%AC%E3%83%BC%E3%82%AF%E3%83%BB%E3%83%9B%E3%83%AD%E3%83%8B%E3%83%BC%E9%80%9A%E6%89%80%E3%83%AA%E3%83%8F%E3%83%93%E3%83%AA%E3%83%86%E3%83%BC%E3%82%B7%E3%83%A7%E3%83%B3%20%E5%A4%A7%E6%B4%A5%E5%B8%82
医療法人社団　五心会　ひらたクリニック,通所リハビリ,滋賀県,彦根市,"介護,通所リハビリ,リハビリ",通所リハビリの公式オープンデータから取り込んだ候補です。詳細は公式情報・電話・見学で確認してください。,https://www.google.com/search?q=%E5%8C%BB%E7%99%82%E6%B3%95%E4%BA%BA%E7%A4%BE%E5%9B%A3%E3%80%80%E4%BA%94%E5%BF%83%E4%BC%9A%E3%80%80%E3%81%B2%E3%82%89%E3%81%9F%E3%82%AF%E3%83%AA%E3%83%8B%E3%83%83%E3%82%AF%20%E5%BD%A6%E6%A0%B9%E5%B8%82,平田町448-1,0749-21-4611,厚生労働省オープンデータ,https://www.mhlw.go.jp/content/12300000/jigyosho_160.csv,2025-12末,https://www.google.com/search?q=%E5%8C%BB%E7%99%82%E6%B3%95%E4%BA%BA%E7%A4%BE%E5%9B%A3%E3%80%80%E4%BA%94%E5%BF%83%E4%BC%9A%E3%80%80%E3%81%B2%E3%82%89%E3%81%9F%E3%82%AF%E3%83%AA%E3%83%8B%E3%83%83%E3%82%AF%20%E5%BD%A6%E6%A0%B9%E5%B8%82
アロフェンテ彦根通所リハビリテーション,通所リハビリ,滋賀県,彦根市,"介護,通所リハビリ,リハビリ",通所リハビリの公式オープンデータから取り込んだ候補です。詳細は公式情報・電話・見学で確認してください。,http://www.yujin-yamazaki.co.jp,滋賀県彦根市竹ヶ鼻町80番地,0749-21-3300,厚生労働省オープンデータ,https://www.mhlw.go.jp/content/12300000/jigyosho_160.csv,2025-12末,https://www.google.com/search?q=%E3%82%A2%E3%83%AD%E3%83%95%E3%82%A7%E3%83%B3%E3%83%86%E5%BD%A6%E6%A0%B9%E9%80%9A%E6%89%80%E3%83%AA%E3%83%8F%E3%83%93%E3%83%AA%E3%83%86%E3%83%BC%E3%82%B7%E3%83%A7%E3%83%B3%20%E5%BD%A6%E6%A0%B9%E5%B8%82
医療法人　さざなみ整形外科,通所リハビリ,滋賀県,長浜市,"介護,通所リハビリ,リハビリ",通所リハビリの公式オープンデータから取り込んだ候補です。詳細は公式情報・電話・見学で確認してください。,https://www.google.com/search?q=%E5%8C%BB%E7%99%82%E6%B3%95%E4%BA%BA%E3%80%80%E3%81%95%E3%81%96%E3%81%AA%E3%81%BF%E6%95%B4%E5%BD%A2%E5%A4%96%E7%A7%91%20%E9%95%B7%E6%B5%9C%E5%B8%82,宮部町3029-1,0749-73-8111,厚生労働省オープンデータ,https://www.mhlw.go.jp/content/12300000/jigyosho_160.csv,2025-12末,https://www.google.com/search?q=%E5%8C%BB%E7%99%82%E6%B3%95%E4%BA%BA%E3%80%80%E3%81%95%E3%81%96%E3%81%AA%E3%81%BF%E6%95%B4%E5%BD%A2%E5%A4%96%E7%A7%91%20%E9%95%B7%E6%B5%9C%E5%B8%82
デイケアセンタージーバ,通所リハビリ,滋賀県,長浜市,"介護,通所リハビリ,リハビリ",通所リハビリの公式オープンデータから取り込んだ候補です。詳細は公式情報・電話・見学で確認してください。,https://www.google.com/search?q=%E3%83%87%E3%82%A4%E3%82%B1%E3%82%A2%E3%82%BB%E3%83%B3%E3%82%BF%E3%83%BC%E3%82%B8%E3%83%BC%E3%83%90%20%E9%95%B7%E6%B5%9C%E5%B8%82,長浜市内保町1033番地,0749-74-9009,厚生労働省オープンデータ,https://www.mhlw.go.jp/content/12300000/jigyosho_160.csv,2025-12末,https://www.google.com/search?q=%E3%83%87%E3%82%A4%E3%82%B1%E3%82%A2%E3%82%BB%E3%83%B3%E3%82%BF%E3%83%BC%E3%82%B8%E3%83%BC%E3%83%90%20%E9%95%B7%E6%B5%9C%E5%B8%82
リハビリサポート琵琶,通所リハビリ,滋賀県,長浜市,"介護,通所リハビリ,リハビリ",通所リハビリの公式オープンデータから取り込んだ候補です。詳細は公式情報・電話・見学で確認してください。,http://www.simosaka.jp/indexhtml,滋賀県長浜市川道町２６９４,0749-72-8080,厚生労働省オープンデータ,https://www.mhlw.go.jp/content/12300000/jigyosho_160.csv,2025-12末,https://www.google.com/search?q=%E3%83%AA%E3%83%8F%E3%83%93%E3%83%AA%E3%82%B5%E3%83%9D%E3%83%BC%E3%83%88%E7%90%B5%E7%90%B6%20%E9%95%B7%E6%B5%9C%E5%B8%82
介護老人保健施設　長浜メディケアセンター,通所リハビリ,滋賀県,長浜市,"介護,通所リハビリ,リハビリ",通所リハビリの公式オープンデータから取り込んだ候補です。詳細は公式情報・電話・見学で確認してください。,http://seishokai.jp/nmc,滋賀県長浜市加田町２９８４－１,0749-65-2011,厚生労働省オープンデータ,https://www.mhlw.go.jp/content/12300000/jigyosho_160.csv,2025-12末,https://www.google.com/search?q=%E4%BB%8B%E8%AD%B7%E8%80%81%E4%BA%BA%E4%BF%9D%E5%81%A5%E6%96%BD%E8%A8%AD%E3%80%80%E9%95%B7%E6%B5%9C%E3%83%A1%E3%83%87%E3%82%A3%E3%82%B1%E3%82%A2%E3%82%BB%E3%83%B3%E3%82%BF%E3%83%BC%20%E9%95%B7%E6%B5%9C%E5%B8%82
介護老人保健施設　湖北やすらぎの里,通所リハビリ,滋賀県,長浜市,"介護,通所リハビリ,リハビリ",通所リハビリの公式オープンデータから取り込んだ候補です。詳細は公式情報・電話・見学で確認してください。,http://www.ikbk.jp/kohokuyasuraginosato/,滋賀県長浜市木之本町黒田1221番地,0749-82-3725,厚生労働省オープンデータ,https://www.mhlw.go.jp/content/12300000/jigyosho_160.csv,2025-12末,https://www.google.com/search?q=%E4%BB%8B%E8%AD%B7%E8%80%81%E4%BA%BA%E4%BF%9D%E5%81%A5%E6%96%BD%E8%A8%AD%E3%80%80%E6%B9%96%E5%8C%97%E3%82%84%E3%81%99%E3%82%89%E3%81%8E%E3%81%AE%E9%87%8C%20%E9%95%B7%E6%B5%9C%E5%B8%82
医療法人　堤整形外科,通所リハビリ,滋賀県,長浜市,"介護,通所リハビリ,リハビリ",通所リハビリの公式オープンデータから取り込んだ候補です。詳細は公式情報・電話・見学で確認してください。,tsutsumi-seikei.jp,八幡中山町393－1番地,0749-62-1414,厚生労働省オープンデータ,https://www.mhlw.go.jp/content/12300000/jigyosho_160.csv,2025-12末,https://www.google.com/search?q=%E5%8C%BB%E7%99%82%E6%B3%95%E4%BA%BA%E3%80%80%E5%A0%A4%E6%95%B4%E5%BD%A2%E5%A4%96%E7%A7%91%20%E9%95%B7%E6%B5%9C%E5%B8%82
デイケアくさの川,通所リハビリ,滋賀県,長浜市,"介護,通所リハビリ,リハビリ",通所リハビリの公式オープンデータから取り込んだ候補です。詳細は公式情報・電話・見学で確認してください。,https://azaihigashi.hcfm.jp/service/daycare.html,滋賀県長浜市野瀬町８２８番地,0749-76-8112,厚生労働省オープンデータ,https://www.mhlw.go.jp/content/12300000/jigyosho_160.csv,2025-12末,https://www.google.com/search?q=%E3%83%87%E3%82%A4%E3%82%B1%E3%82%A2%E3%81%8F%E3%81%95%E3%81%AE%E5%B7%9D%20%E9%95%B7%E6%B5%9C%E5%B8%82
医療法人社団顕仁会　たに整形外科　リハビリステーション,通所リハビリ,滋賀県,近江八幡市,"介護,通所リハビリ,リハビリ",通所リハビリの公式オープンデータから取り込んだ候補です。詳細は公式情報・電話・見学で確認してください。,http://www.tani-seikei.com/,滋賀県近江八幡市中村町654番地,0748-33-1610,厚生労働省オープンデータ,https://www.mhlw.go.jp/content/12300000/jigyosho_160.csv,2025-12末,https://www.google.com/search?q=%E5%8C%BB%E7%99%82%E6%B3%95%E4%BA%BA%E7%A4%BE%E5%9B%A3%E9%A1%95%E4%BB%81%E4%BC%9A%E3%80%80%E3%81%9F%E3%81%AB%E6%95%B4%E5%BD%A2%E5%A4%96%E7%A7%91%E3%80%80%E3%83%AA%E3%83%8F%E3%83%93%E3%83%AA%E3%82%B9%E3%83%86%E3%83%BC%E3%82%B7%E3%83%A7%E3%83%B3%20%E8%BF%91%E6%B1%9F%E5%85%AB%E5%B9%A1%E5%B8%82
おさだファミリークリニック　メディカルリハらん,通所リハビリ,滋賀県,近江八幡市,"介護,通所リハビリ,リハビリ",通所リハビリの公式オープンデータから取り込んだ候補です。詳細は公式情報・電話・見学で確認してください。,https://keihankai.com/,滋賀県近江八幡市長田町1268-1,0748-36-1626,厚生労働省オープンデータ,https://www.mhlw.go.jp/content/12300000/jigyosho_160.csv,2025-12末,https://www.google.com/search?q=%E3%81%8A%E3%81%95%E3%81%A0%E3%83%95%E3%82%A1%E3%83%9F%E3%83%AA%E3%83%BC%E3%82%AF%E3%83%AA%E3%83%8B%E3%83%83%E3%82%AF%E3%80%80%E3%83%A1%E3%83%87%E3%82%A3%E3%82%AB%E3%83%AB%E3%83%AA%E3%83%8F%E3%82%89%E3%82%93%20%E8%BF%91%E6%B1%9F%E5%85%AB%E5%B9%A1%E5%B8%82
ちとせ長命診療所デイケアセンター,通所リハビリ,滋賀県,近江八幡市,"介護,通所リハビリ,リハビリ",通所リハビリの公式オープンデータから取り込んだ候補です。詳細は公式情報・電話・見学で確認してください。,https://www.google.com/search?q=%E3%81%A1%E3%81%A8%E3%81%9B%E9%95%B7%E5%91%BD%E8%A8%BA%E7%99%82%E6%89%80%E3%83%87%E3%82%A4%E3%82%B1%E3%82%A2%E3%82%BB%E3%83%B3%E3%82%BF%E3%83%BC%20%E8%BF%91%E6%B1%9F%E5%85%AB%E5%B9%A1%E5%B8%82,滋賀県近江八幡市長命寺町37-1,0748-31-1117,厚生労働省オープンデータ,https://www.mhlw.go.jp/content/12300000/jigyosho_160.csv,2025-12末,https://www.google.com/search?q=%E3%81%A1%E3%81%A8%E3%81%9B%E9%95%B7%E5%91%BD%E8%A8%BA%E7%99%82%E6%89%80%E3%83%87%E3%82%A4%E3%82%B1%E3%82%A2%E3%82%BB%E3%83%B3%E3%82%BF%E3%83%BC%20%E8%BF%91%E6%B1%9F%E5%85%AB%E5%B9%A1%E5%B8%82
介護老人保健施設　ヴォーリズ老健センター,通所リハビリ,滋賀県,近江八幡市,"介護,通所リハビリ,リハビリ",通所リハビリの公式オープンデータから取り込んだ候補です。詳細は公式情報・電話・見学で確認してください。,http://vo-roken.com/,滋賀県近江八幡市北之庄町４９２番地,0748-32-2007,厚生労働省オープンデータ,https://www.mhlw.go.jp/content/12300000/jigyosho_160.csv,2025-12末,https://www.google.com/search?q=%E4%BB%8B%E8%AD%B7%E8%80%81%E4%BA%BA%E4%BF%9D%E5%81%A5%E6%96%BD%E8%A8%AD%E3%80%80%E3%83%B4%E3%82%A9%E3%83%BC%E3%83%AA%E3%82%BA%E8%80%81%E5%81%A5%E3%82%BB%E3%83%B3%E3%82%BF%E3%83%BC%20%E8%BF%91%E6%B1%9F%E5%85%AB%E5%B9%A1%E5%B8%82
医療法人医誠会　介護老人保健施設　エスペラル近江八幡,通所リハビリ,滋賀県,近江八幡市,"介護,通所リハビリ,リハビリ",通所リハビリの公式オープンデータから取り込んだ候補です。詳細は公式情報・電話・見学で確認してください。,http://www.esp-omihachiman.com/,滋賀県近江八幡市大房町1002番地1,0748-32-1165,厚生労働省オープンデータ,https://www.mhlw.go.jp/content/12300000/jigyosho_160.csv,2025-12末,https://www.google.com/search?q=%E5%8C%BB%E7%99%82%E6%B3%95%E4%BA%BA%E5%8C%BB%E8%AA%A0%E4%BC%9A%E3%80%80%E4%BB%8B%E8%AD%B7%E8%80%81%E4%BA%BA%E4%BF%9D%E5%81%A5%E6%96%BD%E8%A8%AD%E3%80%80%E3%82%A8%E3%82%B9%E3%83%9A%E3%83%A9%E3%83%AB%E8%BF%91%E6%B1%9F%E5%85%AB%E5%B9%A1%20%E8%BF%91%E6%B1%9F%E5%85%AB%E5%B9%A1%E5%B8%82
ケアタウン南草津通所リハビリテーション,通所リハビリ,滋賀県,草津市,"介護,通所リハビリ,リハビリ",通所リハビリの公式オープンデータから取り込んだ候補です。詳細は公式情報・電話・見学で確認してください。,http://www.yotsuba-lcn.or.jp,草津市矢橋町６２１番地,077-562-1001,厚生労働省オープンデータ,https://www.mhlw.go.jp/content/12300000/jigyosho_160.csv,2025-12末,https://www.google.com/search?q=%E3%82%B1%E3%82%A2%E3%82%BF%E3%82%A6%E3%83%B3%E5%8D%97%E8%8D%89%E6%B4%A5%E9%80%9A%E6%89%80%E3%83%AA%E3%83%8F%E3%83%93%E3%83%AA%E3%83%86%E3%83%BC%E3%82%B7%E3%83%A7%E3%83%B3%20%E8%8D%89%E6%B4%A5%E5%B8%82
若草診療所,通所リハビリ,滋賀県,草津市,"介護,通所リハビリ,リハビリ",通所リハビリの公式オープンデータから取り込んだ候補です。詳細は公式情報・電話・見学で確認してください。,http://wakakusacl.com/,滋賀県草津市若草5丁目13-1,077-564-2091,厚生労働省オープンデータ,https://www.mhlw.go.jp/content/12300000/jigyosho_160.csv,2025-12末,https://www.google.com/search?q=%E8%8B%A5%E8%8D%89%E8%A8%BA%E7%99%82%E6%89%80%20%E8%8D%89%E6%B4%A5%E5%B8%82
近江草津徳洲会介護センター,通所リハビリ,滋賀県,草津市,"介護,通所リハビリ,リハビリ",通所リハビリの公式オープンデータから取り込んだ候補です。詳細は公式情報・電話・見学で確認してください。,http://www.oumi-kusatsu-hp.jp,草津市東矢倉3丁目34番52号,077-516-2778,厚生労働省オープンデータ,https://www.mhlw.go.jp/content/12300000/jigyosho_160.csv,2025-12末,https://www.google.com/search?q=%E8%BF%91%E6%B1%9F%E8%8D%89%E6%B4%A5%E5%BE%B3%E6%B4%B2%E4%BC%9A%E4%BB%8B%E8%AD%B7%E3%82%BB%E3%83%B3%E3%82%BF%E3%83%BC%20%E8%8D%89%E6%B4%A5%E5%B8%82
社会医療法人誠光会介護老人保健施設草津ケアセンター通所リハビリテーション,通所リハビリ,滋賀県,草津市,"介護,通所リハビリ,リハビリ",通所リハビリの公式オープンデータから取り込んだ候補です。詳細は公式情報・電話・見学で確認してください。,https://www.seikoukai-sc.or.jp/care_center/try/detail09,草津市野村２丁目13-13,077-567-1122,厚生労働省オープンデータ,https://www.mhlw.go.jp/content/12300000/jigyosho_160.csv,2025-12末,https://www.google.com/search?q=%E7%A4%BE%E4%BC%9A%E5%8C%BB%E7%99%82%E6%B3%95%E4%BA%BA%E8%AA%A0%E5%85%89%E4%BC%9A%E4%BB%8B%E8%AD%B7%E8%80%81%E4%BA%BA%E4%BF%9D%E5%81%A5%E6%96%BD%E8%A8%AD%E8%8D%89%E6%B4%A5%E3%82%B1%E3%82%A2%E3%82%BB%E3%83%B3%E3%82%BF%E3%83%BC%E9%80%9A%E6%89%80%E3%83%AA%E3%83%8F%E3%83%93%E3%83%AA%E3%83%86%E3%83%BC%E3%82%B7%E3%83%A7%E3%83%B3%20%E8%8D%89%E6%B4%A5%E5%B8%82
医療法人　かさはら医院,通所リハビリ,滋賀県,守山市,"介護,通所リハビリ,リハビリ",通所リハビリの公式オープンデータから取り込んだ候補です。詳細は公式情報・電話・見学で確認してください。,kasaharaiin.com,滋賀県守山市播磨田町1456-1,0775140003,厚生労働省オープンデータ,https://www.mhlw.go.jp/content/12300000/jigyosho_160.csv,2025-12末,https://www.google.com/search?q=%E5%8C%BB%E7%99%82%E6%B3%95%E4%BA%BA%E3%80%80%E3%81%8B%E3%81%95%E3%81%AF%E3%82%89%E5%8C%BB%E9%99%A2%20%E5%AE%88%E5%B1%B1%E5%B8%82
介護老人保健施設　守山すみれ苑　通所リハビリテーション,通所リハビリ,滋賀県,守山市,"介護,通所リハビリ,リハビリ",通所リハビリの公式オープンデータから取り込んだ候補です。詳細は公式情報・電話・見学で確認してください。,http://moriyama-sumire.jp,荒見町300番地１,077-584-3811,厚生労働省オープンデータ,https://www.mhlw.go.jp/content/12300000/jigyosho_160.csv,2025-12末,https://www.google.com/search?q=%E4%BB%8B%E8%AD%B7%E8%80%81%E4%BA%BA%E4%BF%9D%E5%81%A5%E6%96%BD%E8%A8%AD%E3%80%80%E5%AE%88%E5%B1%B1%E3%81%99%E3%81%BF%E3%82%8C%E8%8B%91%E3%80%80%E9%80%9A%E6%89%80%E3%83%AA%E3%83%8F%E3%83%93%E3%83%AA%E3%83%86%E3%83%BC%E3%82%B7%E3%83%A7%E3%83%B3%20%E5%AE%88%E5%B1%B1%E5%B8%82
医療法人小西醫院　小西醫院デイケアセンター,通所リハビリ,滋賀県,守山市,"介護,通所リハビリ,リハビリ",通所リハビリの公式オープンデータから取り込んだ候補です。詳細は公式情報・電話・見学で確認してください。,http://www.konishiclinic.jp/,滋賀県守山市洲本町1256-6,077-584-2680,厚生労働省オープンデータ,https://www.mhlw.go.jp/content/12300000/jigyosho_160.csv,2025-12末,https://www.google.com/search?q=%E5%8C%BB%E7%99%82%E6%B3%95%E4%BA%BA%E5%B0%8F%E8%A5%BF%E9%86%AB%E9%99%A2%E3%80%80%E5%B0%8F%E8%A5%BF%E9%86%AB%E9%99%A2%E3%83%87%E3%82%A4%E3%82%B1%E3%82%A2%E3%82%BB%E3%83%B3%E3%82%BF%E3%83%BC%20%E5%AE%88%E5%B1%B1%E5%B8%82
金沢整形外科クリニック　デイ・ケア　しおん,通所リハビリ,滋賀県,栗東市,"介護,通所リハビリ,リハビリ",通所リハビリの公式オープンデータから取り込んだ候補です。詳細は公式情報・電話・見学で確認してください。,https://www.kanazawaseikei.or.jp/day_care,栗東市小野881,077-552-0008,厚生労働省オープンデータ,https://www.mhlw.go.jp/content/12300000/jigyosho_160.csv,2025-12末,https://www.google.com/search?q=%E9%87%91%E6%B2%A2%E6%95%B4%E5%BD%A2%E5%A4%96%E7%A7%91%E3%82%AF%E3%83%AA%E3%83%8B%E3%83%83%E3%82%AF%E3%80%80%E3%83%87%E3%82%A4%E3%83%BB%E3%82%B1%E3%82%A2%E3%80%80%E3%81%97%E3%81%8A%E3%82%93%20%E6%A0%97%E6%9D%B1%E5%B8%82
こびらい生協診療所通所リハビリテーションひまわり,通所リハビリ,滋賀県,栗東市,"介護,通所リハビリ,リハビリ",通所リハビリの公式オープンデータから取り込んだ候補です。詳細は公式情報・電話・見学で確認してください。,http://kobirai-seikyou.com,滋賀県栗東市小平井３丁目２番２５号,077-551-6115,厚生労働省オープンデータ,https://www.mhlw.go.jp/content/12300000/jigyosho_160.csv,2025-12末,https://www.google.com/search?q=%E3%81%93%E3%81%B3%E3%82%89%E3%81%84%E7%94%9F%E5%8D%94%E8%A8%BA%E7%99%82%E6%89%80%E9%80%9A%E6%89%80%E3%83%AA%E3%83%8F%E3%83%93%E3%83%AA%E3%83%86%E3%83%BC%E3%82%B7%E3%83%A7%E3%83%B3%E3%81%B2%E3%81%BE%E3%82%8F%E3%82%8A%20%E6%A0%97%E6%9D%B1%E5%B8%82
介護老人保健施設ケアポート栗東,通所リハビリ,滋賀県,栗東市,"介護,通所リハビリ,リハビリ",通所リハビリの公式オープンデータから取り込んだ候補です。詳細は公式情報・電話・見学で確認してください。,http://www.careport-rittou.jp/,栗東市大橋二丁目8番2号,077-551-2600,厚生労働省オープンデータ,https://www.mhlw.go.jp/content/12300000/jigyosho_160.csv,2025-12末,https://www.google.com/search?q=%E4%BB%8B%E8%AD%B7%E8%80%81%E4%BA%BA%E4%BF%9D%E5%81%A5%E6%96%BD%E8%A8%AD%E3%82%B1%E3%82%A2%E3%83%9D%E3%83%BC%E3%83%88%E6%A0%97%E6%9D%B1%20%E6%A0%97%E6%9D%B1%E5%B8%82
医療法人社団村上整形外科クリニック,通所リハビリ,滋賀県,甲賀市,"介護,通所リハビリ,リハビリ",通所リハビリの公式オープンデータから取り込んだ候補です。詳細は公式情報・電話・見学で確認してください。,https://www.google.com/search?q=%E5%8C%BB%E7%99%82%E6%B3%95%E4%BA%BA%E7%A4%BE%E5%9B%A3%E6%9D%91%E4%B8%8A%E6%95%B4%E5%BD%A2%E5%A4%96%E7%A7%91%E3%82%AF%E3%83%AA%E3%83%8B%E3%83%83%E3%82%AF%20%E7%94%B2%E8%B3%80%E5%B8%82,滋賀県甲賀市水口町虫生野1095-4,0748-63-7751,厚生労働省オープンデータ,https://www.mhlw.go.jp/content/12300000/jigyosho_160.csv,2025-12末,https://www.google.com/search?q=%E5%8C%BB%E7%99%82%E6%B3%95%E4%BA%BA%E7%A4%BE%E5%9B%A3%E6%9D%91%E4%B8%8A%E6%95%B4%E5%BD%A2%E5%A4%96%E7%A7%91%E3%82%AF%E3%83%AA%E3%83%8B%E3%83%83%E3%82%AF%20%E7%94%B2%E8%B3%80%E5%B8%82
介護老人保健施設　スキナヴィラ水口,通所リハビリ,滋賀県,甲賀市,"介護,通所リハビリ,リハビリ",通所リハビリの公式オープンデータから取り込んだ候補です。詳細は公式情報・電話・見学で確認してください。,http://www.minakuchi-hp.or.jp/,滋賀県甲賀市水口町本町2丁目2番43号,0748-62-1281,厚生労働省オープンデータ,https://www.mhlw.go.jp/content/12300000/jigyosho_160.csv,2025-12末,https://www.google.com/search?q=%E4%BB%8B%E8%AD%B7%E8%80%81%E4%BA%BA%E4%BF%9D%E5%81%A5%E6%96%BD%E8%A8%AD%E3%80%80%E3%82%B9%E3%82%AD%E3%83%8A%E3%83%B4%E3%82%A3%E3%83%A9%E6%B0%B4%E5%8F%A3%20%E7%94%B2%E8%B3%80%E5%B8%82
デイケアセンター心地,通所リハビリ,滋賀県,甲賀市,"介護,通所リハビリ,リハビリ",通所リハビリの公式オープンデータから取り込んだ候補です。詳細は公式情報・電話・見学で確認してください。,t-seikei.jp,甲南町野尻７７－１,0748-86-8210,厚生労働省オープンデータ,https://www.mhlw.go.jp/content/12300000/jigyosho_160.csv,2025-12末,https://www.google.com/search?q=%E3%83%87%E3%82%A4%E3%82%B1%E3%82%A2%E3%82%BB%E3%83%B3%E3%82%BF%E3%83%BC%E5%BF%83%E5%9C%B0%20%E7%94%B2%E8%B3%80%E5%B8%82
介護老人保健施設　寿々はうす,通所リハビリ,滋賀県,野洲市,"介護,通所リハビリ,リハビリ",通所リハビリの公式オープンデータから取り込んだ候補です。詳細は公式情報・電話・見学で確認してください。,http://www.konan-pay.or.jp/,滋賀県野洲市八夫2077,077-589-8320,厚生労働省オープンデータ,https://www.mhlw.go.jp/content/12300000/jigyosho_160.csv,2025-12末,https://www.google.com/search?q=%E4%BB%8B%E8%AD%B7%E8%80%81%E4%BA%BA%E4%BF%9D%E5%81%A5%E6%96%BD%E8%A8%AD%E3%80%80%E5%AF%BF%E3%80%85%E3%81%AF%E3%81%86%E3%81%99%20%E9%87%8E%E6%B4%B2%E5%B8%82
介護老人保健施設　野洲すみれ苑,通所リハビリ,滋賀県,野洲市,"介護,通所リハビリ,リハビリ",通所リハビリの公式オープンデータから取り込んだ候補です。詳細は公式情報・電話・見学で確認してください。,http://yasu-sumire.jp/,滋賀県野洲市小篠原490-1,077-588-3001,厚生労働省オープンデータ,https://www.mhlw.go.jp/content/12300000/jigyosho_160.csv,2025-12末,https://www.google.com/search?q=%E4%BB%8B%E8%AD%B7%E8%80%81%E4%BA%BA%E4%BF%9D%E5%81%A5%E6%96%BD%E8%A8%AD%E3%80%80%E9%87%8E%E6%B4%B2%E3%81%99%E3%81%BF%E3%82%8C%E8%8B%91%20%E9%87%8E%E6%B4%B2%E5%B8%82
石部デイケア,通所リハビリ,滋賀県,湖南市,"介護,通所リハビリ,リハビリ",通所リハビリの公式オープンデータから取り込んだ候補です。詳細は公式情報・電話・見学で確認してください。,http://www.hachikikai.com,湖南市丸山四丁目5番1号,0748-77-0055,厚生労働省オープンデータ,https://www.mhlw.go.jp/content/12300000/jigyosho_160.csv,2025-12末,https://www.google.com/search?q=%E7%9F%B3%E9%83%A8%E3%83%87%E3%82%A4%E3%82%B1%E3%82%A2%20%E6%B9%96%E5%8D%97%E5%B8%82
介護老人保健施設　ケアセンターこうせい,通所リハビリ,滋賀県,湖南市,"介護,通所リハビリ,リハビリ",通所リハビリの公式オープンデータから取り込んだ候補です。詳細は公式情報・電話・見学で確認してください。,http://carecenter-kosei.com,滋賀県湖南市菩提寺104-14,0748-74-8411,厚生労働省オープンデータ,https://www.mhlw.go.jp/content/12300000/jigyosho_160.csv,2025-12末,https://www.google.com/search?q=%E4%BB%8B%E8%AD%B7%E8%80%81%E4%BA%BA%E4%BF%9D%E5%81%A5%E6%96%BD%E8%A8%AD%E3%80%80%E3%82%B1%E3%82%A2%E3%82%BB%E3%83%B3%E3%82%BF%E3%83%BC%E3%81%93%E3%81%86%E3%81%9B%E3%81%84%20%E6%B9%96%E5%8D%97%E5%B8%82
甲西リハビリ病院通所リハビリセンター,通所リハビリ,滋賀県,湖南市,"介護,通所リハビリ,リハビリ",通所リハビリの公式オープンデータから取り込んだ候補です。詳細は公式情報・電話・見学で確認してください。,https://kousei-rh-hp.or.jp,湖南市夏見１１６８番地,0748-72-6908,厚生労働省オープンデータ,https://www.mhlw.go.jp/content/12300000/jigyosho_160.csv,2025-12末,https://www.google.com/search?q=%E7%94%B2%E8%A5%BF%E3%83%AA%E3%83%8F%E3%83%93%E3%83%AA%E7%97%85%E9%99%A2%E9%80%9A%E6%89%80%E3%83%AA%E3%83%8F%E3%83%93%E3%83%AA%E3%82%BB%E3%83%B3%E3%82%BF%E3%83%BC%20%E6%B9%96%E5%8D%97%E5%B8%82
今津病院　通所リハビリテ－ション,通所リハビリ,滋賀県,高島市,"介護,通所リハビリ,リハビリ",通所リハビリの公式オープンデータから取り込んだ候補です。詳細は公式情報・電話・見学で確認してください。,http://www.oumiairinen.org/hospital/rihabiri/homon.htm,滋賀県高島市今津町南新保８７番地１,0740-22-2238,厚生労働省オープンデータ,https://www.mhlw.go.jp/content/12300000/jigyosho_160.csv,2025-12末,https://www.google.com/search?q=%E4%BB%8A%E6%B4%A5%E7%97%85%E9%99%A2%E3%80%80%E9%80%9A%E6%89%80%E3%83%AA%E3%83%8F%E3%83%93%E3%83%AA%E3%83%86%EF%BC%8D%E3%82%B7%E3%83%A7%E3%83%B3%20%E9%AB%98%E5%B3%B6%E5%B8%82
デイケアマキノ,通所リハビリ,滋賀県,高島市,"介護,通所リハビリ,リハビリ",通所リハビリの公式オープンデータから取り込んだ候補です。詳細は公式情報・電話・見学で確認してください。,http://www.makino-hosp.or.jp,滋賀県高島市マキノ町新保1097番地,0740-27-0099,厚生労働省オープンデータ,https://www.mhlw.go.jp/content/12300000/jigyosho_160.csv,2025-12末,https://www.google.com/search?q=%E3%83%87%E3%82%A4%E3%82%B1%E3%82%A2%E3%83%9E%E3%82%AD%E3%83%8E%20%E9%AB%98%E5%B3%B6%E5%B8%82
デイケアさくら,通所リハビリ,滋賀県,高島市,"介護,通所リハビリ,リハビリ",通所リハビリの公式オープンデータから取り込んだ候補です。詳細は公式情報・電話・見学で確認してください。,http://www.honda-clinic.com,高島市新旭町太田888-1,0740-28-7566,厚生労働省オープンデータ,https://www.mhlw.go.jp/content/12300000/jigyosho_160.csv,2025-12末,https://www.google.com/search?q=%E3%83%87%E3%82%A4%E3%82%B1%E3%82%A2%E3%81%95%E3%81%8F%E3%82%89%20%E9%AB%98%E5%B3%B6%E5%B8%82
介護老人保健施設陽光の里,通所リハビリ,滋賀県,高島市,"介護,通所リハビリ,リハビリ",通所リハビリの公式オープンデータから取り込んだ候補です。詳細は公式情報・電話・見学で確認してください。,http://www.city.takashima.lg.jp,滋賀県高島市勝野1667番地14,0740-36-1220,厚生労働省オープンデータ,https://www.mhlw.go.jp/content/12300000/jigyosho_160.csv,2025-12末,https://www.google.com/search?q=%E4%BB%8B%E8%AD%B7%E8%80%81%E4%BA%BA%E4%BF%9D%E5%81%A5%E6%96%BD%E8%A8%AD%E9%99%BD%E5%85%89%E3%81%AE%E9%87%8C%20%E9%AB%98%E5%B3%B6%E5%B8%82
ニコニコリハビリステーション,通所リハビリ,滋賀県,東近江市,"介護,通所リハビリ,リハビリ",通所リハビリの公式オープンデータから取り込んだ候補です。詳細は公式情報・電話・見学で確認してください。,https://nikoriha.com,垣見町1597,0748-36-1125,厚生労働省オープンデータ,https://www.mhlw.go.jp/content/12300000/jigyosho_160.csv,2025-12末,https://www.google.com/search?q=%E3%83%8B%E3%82%B3%E3%83%8B%E3%82%B3%E3%83%AA%E3%83%8F%E3%83%93%E3%83%AA%E3%82%B9%E3%83%86%E3%83%BC%E3%82%B7%E3%83%A7%E3%83%B3%20%E6%9D%B1%E8%BF%91%E6%B1%9F%E5%B8%82
リハビリセンターあゆみ,通所リハビリ,滋賀県,東近江市,"介護,通所リハビリ,リハビリ",通所リハビリの公式オープンデータから取り込んだ候補です。詳細は公式情報・電話・見学で確認してください。,http://shiga-shinjyukai.or.jp/,東近江市新宮町５５８,0748-42-3355,厚生労働省オープンデータ,https://www.mhlw.go.jp/content/12300000/jigyosho_160.csv,2025-12末,https://www.google.com/search?q=%E3%83%AA%E3%83%8F%E3%83%93%E3%83%AA%E3%82%BB%E3%83%B3%E3%82%BF%E3%83%BC%E3%81%82%E3%82%86%E3%81%BF%20%E6%9D%B1%E8%BF%91%E6%B1%9F%E5%B8%82
医療法人社団幸信会　青葉メディカル通所リハビリセンター,通所リハビリ,滋賀県,東近江市,"介護,通所リハビリ,リハビリ",通所リハビリの公式オープンデータから取り込んだ候補です。詳細は公式情報・電話・見学で確認してください。,https://aoba-med.com,滋賀県東近江市青葉町1-46,0748-22-5077,厚生労働省オープンデータ,https://www.mhlw.go.jp/content/12300000/jigyosho_160.csv,2025-12末,https://www.google.com/search?q=%E5%8C%BB%E7%99%82%E6%B3%95%E4%BA%BA%E7%A4%BE%E5%9B%A3%E5%B9%B8%E4%BF%A1%E4%BC%9A%E3%80%80%E9%9D%92%E8%91%89%E3%83%A1%E3%83%87%E3%82%A3%E3%82%AB%E3%83%AB%E9%80%9A%E6%89%80%E3%83%AA%E3%83%8F%E3%83%93%E3%83%AA%E3%82%BB%E3%83%B3%E3%82%BF%E3%83%BC%20%E6%9D%B1%E8%BF%91%E6%B1%9F%E5%B8%82
ケアセンター蒲生野通所リハビリテーション,通所リハビリ,滋賀県,東近江市,"介護,通所リハビリ,リハビリ",通所リハビリの公式オープンデータから取り込んだ候補です。詳細は公式情報・電話・見学で確認してください。,https://yukinokai.com/,東近江市桜川西町３４０,0748-55-5533,厚生労働省オープンデータ,https://www.mhlw.go.jp/content/12300000/jigyosho_160.csv,2025-12末,https://www.google.com/search?q=%E3%82%B1%E3%82%A2%E3%82%BB%E3%83%B3%E3%82%BF%E3%83%BC%E8%92%B2%E7%94%9F%E9%87%8E%E9%80%9A%E6%89%80%E3%83%AA%E3%83%8F%E3%83%93%E3%83%AA%E3%83%86%E3%83%BC%E3%82%B7%E3%83%A7%E3%83%B3%20%E6%9D%B1%E8%BF%91%E6%B1%9F%E5%B8%82
医療法人社団幸信会　ウェル青葉通所リハビリセンター,通所リハビリ,滋賀県,東近江市,"介護,通所リハビリ,リハビリ",通所リハビリの公式オープンデータから取り込んだ候補です。詳細は公式情報・電話・見学で確認してください。,https://aoba-med.com,滋賀県東近江市青葉町1-46,0748-20-2355,厚生労働省オープンデータ,https://www.mhlw.go.jp/content/12300000/jigyosho_160.csv,2025-12末,https://www.google.com/search?q=%E5%8C%BB%E7%99%82%E6%B3%95%E4%BA%BA%E7%A4%BE%E5%9B%A3%E5%B9%B8%E4%BF%A1%E4%BC%9A%E3%80%80%E3%82%A6%E3%82%A7%E3%83%AB%E9%9D%92%E8%91%89%E9%80%9A%E6%89%80%E3%83%AA%E3%83%8F%E3%83%93%E3%83%AA%E3%82%BB%E3%83%B3%E3%82%BF%E3%83%BC%20%E6%9D%B1%E8%BF%91%E6%B1%9F%E5%B8%82
医療法人敬愛会　デイケアセンターけいあい,通所リハビリ,滋賀県,東近江市,"介護,通所リハビリ,リハビリ",通所リハビリの公式オープンデータから取り込んだ候補です。詳細は公式情報・電話・見学で確認してください。,http://www.keiaikai.or.jp/,滋賀県東近江市八日市東本町8番16号,0748-23-5531,厚生労働省オープンデータ,https://www.mhlw.go.jp/content/12300000/jigyosho_160.csv,2025-12末,https://www.google.com/search?q=%E5%8C%BB%E7%99%82%E6%B3%95%E4%BA%BA%E6%95%AC%E6%84%9B%E4%BC%9A%E3%80%80%E3%83%87%E3%82%A4%E3%82%B1%E3%82%A2%E3%82%BB%E3%83%B3%E3%82%BF%E3%83%BC%E3%81%91%E3%81%84%E3%81%82%E3%81%84%20%E6%9D%B1%E8%BF%91%E6%B1%9F%E5%B8%82
近江デイリハセンター,通所リハビリ,滋賀県,東近江市,"介護,通所リハビリ,リハビリ",通所リハビリの公式オープンデータから取り込んだ候補です。詳細は公式情報・電話・見学で確認してください。,http:www.oumi-hp.or.jp,東近江市北坂町９６６,0749-46-1125,厚生労働省オープンデータ,https://www.mhlw.go.jp/content/12300000/jigyosho_160.csv,2025-12末,https://www.google.com/search?q=%E8%BF%91%E6%B1%9F%E3%83%87%E3%82%A4%E3%83%AA%E3%83%8F%E3%82%BB%E3%83%B3%E3%82%BF%E3%83%BC%20%E6%9D%B1%E8%BF%91%E6%B1%9F%E5%B8%82
介護老人保健施設　ここちの郷,通所リハビリ,滋賀県,東近江市,"介護,通所リハビリ,リハビリ",通所リハビリの公式オープンデータから取り込んだ候補です。詳細は公式情報・電話・見学で確認してください。,https://www.rokushinkai.com/kokochi/,滋賀県東近江市五個荘山本町４６６番地,0748-48-8300,厚生労働省オープンデータ,https://www.mhlw.go.jp/content/12300000/jigyosho_160.csv,2025-12末,https://www.google.com/search?q=%E4%BB%8B%E8%AD%B7%E8%80%81%E4%BA%BA%E4%BF%9D%E5%81%A5%E6%96%BD%E8%A8%AD%E3%80%80%E3%81%93%E3%81%93%E3%81%A1%E3%81%AE%E9%83%B7%20%E6%9D%B1%E8%BF%91%E6%B1%9F%E5%B8%82
東近江市蒲生医療センター通所リハビリテーション事業所,通所リハビリ,滋賀県,東近江市,"介護,通所リハビリ,リハビリ",通所リハビリの公式オープンデータから取り込んだ候補です。詳細は公式情報・電話・見学で確認してください。,http://members.e-omi.ne.jp/gamoubyouin/chiikiiryou/tuusyoriha.html,滋賀県東近江市桜川西町３４０番地,0748-55-1175,厚生労働省オープンデータ,https://www.mhlw.go.jp/content/12300000/jigyosho_160.csv,2025-12末,https://www.google.com/search?q=%E6%9D%B1%E8%BF%91%E6%B1%9F%E5%B8%82%E8%92%B2%E7%94%9F%E5%8C%BB%E7%99%82%E3%82%BB%E3%83%B3%E3%82%BF%E3%83%BC%E9%80%9A%E6%89%80%E3%83%AA%E3%83%8F%E3%83%93%E3%83%AA%E3%83%86%E3%83%BC%E3%82%B7%E3%83%A7%E3%83%B3%E4%BA%8B%E6%A5%AD%E6%89%80%20%E6%9D%B1%E8%BF%91%E6%B1%9F%E5%B8%82
医療法人緑泉会水野医院デイケア緑泉館,通所リハビリ,滋賀県,米原市,"介護,通所リハビリ,リハビリ",通所リハビリの公式オープンデータから取り込んだ候補です。詳細は公式情報・電話・見学で確認してください。,http://www.ryokusenkai.com/daycare.html,滋賀県米原市長岡600番地,0749-55-2773,厚生労働省オープンデータ,https://www.mhlw.go.jp/content/12300000/jigyosho_160.csv,2025-12末,https://www.google.com/search?q=%E5%8C%BB%E7%99%82%E6%B3%95%E4%BA%BA%E7%B7%91%E6%B3%89%E4%BC%9A%E6%B0%B4%E9%87%8E%E5%8C%BB%E9%99%A2%E3%83%87%E3%82%A4%E3%82%B1%E3%82%A2%E7%B7%91%E6%B3%89%E9%A4%A8%20%E7%B1%B3%E5%8E%9F%E5%B8%82
近江診療所,通所リハビリ,滋賀県,米原市,"介護,通所リハビリ,リハビリ",通所リハビリの公式オープンデータから取り込んだ候補です。詳細は公式情報・電話・見学で確認してください。,http://fukushia.jadecom.or.jp,滋賀県米原市新庄77-1,0749-54-2127,厚生労働省オープンデータ,https://www.mhlw.go.jp/content/12300000/jigyosho_160.csv,2025-12末,https://www.google.com/search?q=%E8%BF%91%E6%B1%9F%E8%A8%BA%E7%99%82%E6%89%80%20%E7%B1%B3%E5%8E%9F%E5%B8%82
通所リハビリテーションいそ,通所リハビリ,滋賀県,米原市,"介護,通所リハビリ,リハビリ",通所リハビリの公式オープンデータから取り込んだ候補です。詳細は公式情報・電話・見学で確認してください。,http://www.iso-clinc.jp/,滋賀県米原市磯1729－1いそクリニック内,0749－52－2002,厚生労働省オープンデータ,https://www.mhlw.go.jp/content/12300000/jigyosho_160.csv,2025-12末,https://www.google.com/search?q=%E9%80%9A%E6%89%80%E3%83%AA%E3%83%8F%E3%83%93%E3%83%AA%E3%83%86%E3%83%BC%E3%82%B7%E3%83%A7%E3%83%B3%E3%81%84%E3%81%9D%20%E7%B1%B3%E5%8E%9F%E5%B8%82
ケアセンターいぶき介護老人保健施設,通所リハビリ,滋賀県,米原市,"介護,通所リハビリ,リハビリ",通所リハビリの公式オープンデータから取り込んだ候補です。詳細は公式情報・電話・見学で確認してください。,https://ibuki.jadecom.or.jp/,滋賀県米原市春照58-1,0749-58-8037,厚生労働省オープンデータ,https://www.mhlw.go.jp/content/12300000/jigyosho_160.csv,2025-12末,https://www.google.com/search?q=%E3%82%B1%E3%82%A2%E3%82%BB%E3%83%B3%E3%82%BF%E3%83%BC%E3%81%84%E3%81%B6%E3%81%8D%E4%BB%8B%E8%AD%B7%E8%80%81%E4%BA%BA%E4%BF%9D%E5%81%A5%E6%96%BD%E8%A8%AD%20%E7%B1%B3%E5%8E%9F%E5%B8%82
介護老人保健施設　坂田メディケアセンター,通所リハビリ,滋賀県,米原市,"介護,通所リハビリ,リハビリ",通所リハビリの公式オープンデータから取り込んだ候補です。詳細は公式情報・電話・見学で確認してください。,http://www.s.seishokai.jp/sakatamc,滋賀県米原市野一色1136,0749-55-8211,厚生労働省オープンデータ,https://www.mhlw.go.jp/content/12300000/jigyosho_160.csv,2025-12末,https://www.google.com/search?q=%E4%BB%8B%E8%AD%B7%E8%80%81%E4%BA%BA%E4%BF%9D%E5%81%A5%E6%96%BD%E8%A8%AD%E3%80%80%E5%9D%82%E7%94%B0%E3%83%A1%E3%83%87%E3%82%A3%E3%82%B1%E3%82%A2%E3%82%BB%E3%83%B3%E3%82%BF%E3%83%BC%20%E7%B1%B3%E5%8E%9F%E5%B8%82
医療法人社団　介護老人保健施設リスタあすなろ,通所リハビリ,滋賀県,日野町,"介護,通所リハビリ,リハビリ",通所リハビリの公式オープンデータから取り込んだ候補です。詳細は公式情報・電話・見学で確認してください。,http://www.subarukai.jp/cms_asunaro/,上野田２４６番地,０７４８－５２－６０００,厚生労働省オープンデータ,https://www.mhlw.go.jp/content/12300000/jigyosho_160.csv,2025-12末,https://www.google.com/search?q=%E5%8C%BB%E7%99%82%E6%B3%95%E4%BA%BA%E7%A4%BE%E5%9B%A3%E3%80%80%E4%BB%8B%E8%AD%B7%E8%80%81%E4%BA%BA%E4%BF%9D%E5%81%A5%E6%96%BD%E8%A8%AD%E3%83%AA%E3%82%B9%E3%82%BF%E3%81%82%E3%81%99%E3%81%AA%E3%82%8D%20%E6%97%A5%E9%87%8E%E7%94%BA
リハビリはうす　雨やどり,通所リハビリ,滋賀県,竜王町,"介護,通所リハビリ,リハビリ",通所リハビリの公式オープンデータから取り込んだ候補です。詳細は公式情報・電話・見学で確認してください。,http://yugemed.com,蒲生郡竜王町弓削1825－1,0748-57-0601,厚生労働省オープンデータ,https://www.mhlw.go.jp/content/12300000/jigyosho_160.csv,2025-12末,https://www.google.com/search?q=%E3%83%AA%E3%83%8F%E3%83%93%E3%83%AA%E3%81%AF%E3%81%86%E3%81%99%E3%80%80%E9%9B%A8%E3%82%84%E3%81%A9%E3%82%8A%20%E7%AB%9C%E7%8E%8B%E7%94%BA
医療法人　おした整形外科医院,通所リハビリ,滋賀県,豊郷町,"介護,通所リハビリ,リハビリ",通所リハビリの公式オープンデータから取り込んだ候補です。詳細は公式情報・電話・見学で確認してください。,http://oshita-seikei.com/,滋賀県犬上郡豊郷町下枝23番-1,0749-35-0017,厚生労働省オープンデータ,https://www.mhlw.go.jp/content/12300000/jigyosho_160.csv,2025-12末,https://www.google.com/search?q=%E5%8C%BB%E7%99%82%E6%B3%95%E4%BA%BA%E3%80%80%E3%81%8A%E3%81%97%E3%81%9F%E6%95%B4%E5%BD%A2%E5%A4%96%E7%A7%91%E5%8C%BB%E9%99%A2%20%E8%B1%8A%E9%83%B7%E7%94%BA
介護老人保健施設　パストラールとよさと,通所リハビリ,滋賀県,豊郷町,"介護,通所リハビリ,リハビリ",通所リハビリの公式オープンデータから取り込んだ候補です。詳細は公式情報・電話・見学で確認してください。,http://www.toyosato.or.jp/,滋賀県犬上郡豊郷町石畑２１２,0749-35-3002,厚生労働省オープンデータ,https://www.mhlw.go.jp/content/12300000/jigyosho_160.csv,2025-12末,https://www.google.com/search?q=%E4%BB%8B%E8%AD%B7%E8%80%81%E4%BA%BA%E4%BF%9D%E5%81%A5%E6%96%BD%E8%A8%AD%E3%80%80%E3%83%91%E3%82%B9%E3%83%88%E3%83%A9%E3%83%BC%E3%83%AB%E3%81%A8%E3%82%88%E3%81%95%E3%81%A8%20%E8%B1%8A%E9%83%B7%E7%94%BA
ショートステイ　南天,ショートステイ,滋賀県,大津市,"介護,ショートステイ,一時利用",家族の休息や一時的な受け入れが必要な時に短期間利用するサービスです。,http://oumi-syouseikai.jp/ashitaba/,滋賀県大津市松が丘七丁目８番１０号,077-548-6660,厚生労働省オープンデータ,https://www.mhlw.go.jp/content/12300000/jigyosho_210.csv,2025-12末,https://www.google.com/search?q=%E3%82%B7%E3%83%A7%E3%83%BC%E3%83%88%E3%82%B9%E3%83%86%E3%82%A4%E3%80%80%E5%8D%97%E5%A4%A9%20%E5%A4%A7%E6%B4%A5%E5%B8%82
ショートステイ南郷,ショートステイ,滋賀県,大津市,"介護,ショートステイ,一時利用",家族の休息や一時的な受け入れが必要な時に短期間利用するサービスです。,https://www.google.com/search?q=%E3%82%B7%E3%83%A7%E3%83%BC%E3%83%88%E3%82%B9%E3%83%86%E3%82%A4%E5%8D%97%E9%83%B7%20%E5%A4%A7%E6%B4%A5%E5%B8%82,滋賀県大津市南郷1-6-10,077-534-2300,厚生労働省オープンデータ,https://www.mhlw.go.jp/content/12300000/jigyosho_210.csv,2025-12末,https://www.google.com/search?q=%E3%82%B7%E3%83%A7%E3%83%BC%E3%83%88%E3%82%B9%E3%83%86%E3%82%A4%E5%8D%97%E9%83%B7%20%E5%A4%A7%E6%B4%A5%E5%B8%82
近江舞子しょうぶ苑　ユニット型個室・空床型　短期入所生活介護事業所,ショートステイ,滋賀県,大津市,"介護,ショートステイ,一時利用",家族の休息や一時的な受け入れが必要な時に短期間利用するサービスです。,http://www.shiga-f.com,滋賀県大津市南小松90番地,077-596-2233,厚生労働省オープンデータ,https://www.mhlw.go.jp/content/12300000/jigyosho_210.csv,2025-12末,https://www.google.com/search?q=%E8%BF%91%E6%B1%9F%E8%88%9E%E5%AD%90%E3%81%97%E3%82%87%E3%81%86%E3%81%B6%E8%8B%91%E3%80%80%E3%83%A6%E3%83%8B%E3%83%83%E3%83%88%E5%9E%8B%E5%80%8B%E5%AE%A4%E3%83%BB%E7%A9%BA%E5%BA%8A%E5%9E%8B%E3%80%80%E7%9F%AD%E6%9C%9F%E5%85%A5%E6%89%80%E7%94%9F%E6%B4%BB%E4%BB%8B%E8%AD%B7%E4%BA%8B%E6%A5%AD%E6%89%80%20%E5%A4%A7%E6%B4%A5%E5%B8%82
特別養護老人ホーム　ひかりの里,ショートステイ,滋賀県,大津市,"介護,ショートステイ,一時利用",家族の休息や一時的な受け入れが必要な時に短期間利用するサービスです。,https://hikarinosato.org/,滋賀県大津市錦織3丁目10番27号,077－525－11115,厚生労働省オープンデータ,https://www.mhlw.go.jp/content/12300000/jigyosho_210.csv,2025-12末,https://www.google.com/search?q=%E7%89%B9%E5%88%A5%E9%A4%8A%E8%AD%B7%E8%80%81%E4%BA%BA%E3%83%9B%E3%83%BC%E3%83%A0%E3%80%80%E3%81%B2%E3%81%8B%E3%82%8A%E3%81%AE%E9%87%8C%20%E5%A4%A7%E6%B4%A5%E5%B8%82
短期入所生活介護　リバプール,ショートステイ,滋賀県,大津市,"介護,ショートステイ,一時利用",家族の休息や一時的な受け入れが必要な時に短期間利用するサービスです。,http://www.liverpool.or.jp,大津市大石中1-5-14,077-536-3111,厚生労働省オープンデータ,https://www.mhlw.go.jp/content/12300000/jigyosho_210.csv,2025-12末,https://www.google.com/search?q=%E7%9F%AD%E6%9C%9F%E5%85%A5%E6%89%80%E7%94%9F%E6%B4%BB%E4%BB%8B%E8%AD%B7%E3%80%80%E3%83%AA%E3%83%90%E3%83%97%E3%83%BC%E3%83%AB%20%E5%A4%A7%E6%B4%A5%E5%B8%82
ショートステイ　千寿の郷,ショートステイ,滋賀県,大津市,"介護,ショートステイ,一時利用",家族の休息や一時的な受け入れが必要な時に短期間利用するサービスです。,http://senjyunosato.or.jp/,滋賀県大津市石山千町276-1,077-531-1105,厚生労働省オープンデータ,https://www.mhlw.go.jp/content/12300000/jigyosho_210.csv,2025-12末,https://www.google.com/search?q=%E3%82%B7%E3%83%A7%E3%83%BC%E3%83%88%E3%82%B9%E3%83%86%E3%82%A4%E3%80%80%E5%8D%83%E5%AF%BF%E3%81%AE%E9%83%B7%20%E5%A4%A7%E6%B4%A5%E5%B8%82
介護老人福祉施設福寿荘,ショートステイ,滋賀県,大津市,"介護,ショートステイ,一時利用",家族の休息や一時的な受け入れが必要な時に短期間利用するサービスです。,https://fukuju-sou.com/fukuju/,大津市大萱七丁目7番1号,077-545-2160,厚生労働省オープンデータ,https://www.mhlw.go.jp/content/12300000/jigyosho_210.csv,2025-12末,https://www.google.com/search?q=%E4%BB%8B%E8%AD%B7%E8%80%81%E4%BA%BA%E7%A6%8F%E7%A5%89%E6%96%BD%E8%A8%AD%E7%A6%8F%E5%AF%BF%E8%8D%98%20%E5%A4%A7%E6%B4%A5%E5%B8%82
社会福祉法人　琵琶湖愛輪会,ショートステイ,滋賀県,大津市,"介護,ショートステイ,一時利用",家族の休息や一時的な受け入れが必要な時に短期間利用するサービスです。,https://biwakoaiwakai.com,滋賀県大津市大物668,077-592-2641,厚生労働省オープンデータ,https://www.mhlw.go.jp/content/12300000/jigyosho_210.csv,2025-12末,https://www.google.com/search?q=%E7%A4%BE%E4%BC%9A%E7%A6%8F%E7%A5%89%E6%B3%95%E4%BA%BA%E3%80%80%E7%90%B5%E7%90%B6%E6%B9%96%E6%84%9B%E8%BC%AA%E4%BC%9A%20%E5%A4%A7%E6%B4%A5%E5%B8%82
空床利用型ショートステイ　真野しょうぶ苑,ショートステイ,滋賀県,大津市,"介護,ショートステイ,一時利用",家族の休息や一時的な受け入れが必要な時に短期間利用するサービスです。,shiga-f.com,滋賀県大津市真野四丁目2番1号,077-573-1155,厚生労働省オープンデータ,https://www.mhlw.go.jp/content/12300000/jigyosho_210.csv,2025-12末,https://www.google.com/search?q=%E7%A9%BA%E5%BA%8A%E5%88%A9%E7%94%A8%E5%9E%8B%E3%82%B7%E3%83%A7%E3%83%BC%E3%83%88%E3%82%B9%E3%83%86%E3%82%A4%E3%80%80%E7%9C%9F%E9%87%8E%E3%81%97%E3%82%87%E3%81%86%E3%81%B6%E8%8B%91%20%E5%A4%A7%E6%B4%A5%E5%B8%82
ショートステイ真盛園,ショートステイ,滋賀県,大津市,"介護,ショートステイ,一時利用",家族の休息や一時的な受け入れが必要な時に短期間利用するサービスです。,htto;//www.sinseien.jp/,滋賀県大津市坂本五丁目１３番１号,077-578-7772,厚生労働省オープンデータ,https://www.mhlw.go.jp/content/12300000/jigyosho_210.csv,2025-12末,https://www.google.com/search?q=%E3%82%B7%E3%83%A7%E3%83%BC%E3%83%88%E3%82%B9%E3%83%86%E3%82%A4%E7%9C%9F%E7%9B%9B%E5%9C%92%20%E5%A4%A7%E6%B4%A5%E5%B8%82
大津月輪ケアコミュニティそよ風,ショートステイ,滋賀県,大津市,"介護,ショートステイ,一時利用",家族の休息や一時的な受け入れが必要な時に短期間利用するサービスです。,https://www.sykz.co.jp/,月輪三丁目24-2,077-544-5830,厚生労働省オープンデータ,https://www.mhlw.go.jp/content/12300000/jigyosho_210.csv,2025-12末,https://www.google.com/search?q=%E5%A4%A7%E6%B4%A5%E6%9C%88%E8%BC%AA%E3%82%B1%E3%82%A2%E3%82%B3%E3%83%9F%E3%83%A5%E3%83%8B%E3%83%86%E3%82%A3%E3%81%9D%E3%82%88%E9%A2%A8%20%E5%A4%A7%E6%B4%A5%E5%B8%82
瀬田大江ケアホテル,ショートステイ,滋賀県,大津市,"介護,ショートステイ,一時利用",家族の休息や一時的な受け入れが必要な時に短期間利用するサービスです。,http：//sangajapan.jp/setaooe/,滋賀県大津市瀬田大江町32-19,077-547-2775,厚生労働省オープンデータ,https://www.mhlw.go.jp/content/12300000/jigyosho_210.csv,2025-12末,https://www.google.com/search?q=%E7%80%AC%E7%94%B0%E5%A4%A7%E6%B1%9F%E3%82%B1%E3%82%A2%E3%83%9B%E3%83%86%E3%83%AB%20%E5%A4%A7%E6%B4%A5%E5%B8%82
夕照たまのうらショートステイ,ショートステイ,滋賀県,大津市,"介護,ショートステイ,一時利用",家族の休息や一時的な受け入れが必要な時に短期間利用するサービスです。,http://www.kiryuen.jp/tamanoura/,滋賀県大津市玉野浦15番1号,077-548-1022,厚生労働省オープンデータ,https://www.mhlw.go.jp/content/12300000/jigyosho_210.csv,2025-12末,https://www.google.com/search?q=%E5%A4%95%E7%85%A7%E3%81%9F%E3%81%BE%E3%81%AE%E3%81%86%E3%82%89%E3%82%B7%E3%83%A7%E3%83%BC%E3%83%88%E3%82%B9%E3%83%86%E3%82%A4%20%E5%A4%A7%E6%B4%A5%E5%B8%82
短期入所生活介護　けやきの杜,ショートステイ,滋賀県,大津市,"介護,ショートステイ,一時利用",家族の休息や一時的な受け入れが必要な時に短期間利用するサービスです。,https://keyaki-no-mori.com/,滋賀県大津市小野372-1,077-594-3330,厚生労働省オープンデータ,https://www.mhlw.go.jp/content/12300000/jigyosho_210.csv,2025-12末,https://www.google.com/search?q=%E7%9F%AD%E6%9C%9F%E5%85%A5%E6%89%80%E7%94%9F%E6%B4%BB%E4%BB%8B%E8%AD%B7%E3%80%80%E3%81%91%E3%82%84%E3%81%8D%E3%81%AE%E6%9D%9C%20%E5%A4%A7%E6%B4%A5%E5%B8%82
特別養護老人ホームあすは,ショートステイ,滋賀県,大津市,"介護,ショートステイ,一時利用",家族の休息や一時的な受け入れが必要な時に短期間利用するサービスです。,https://428kai.or.jp/,滋賀県大津市瀬田5丁目1-55,077-548-7651,厚生労働省オープンデータ,https://www.mhlw.go.jp/content/12300000/jigyosho_210.csv,2025-12末,https://www.google.com/search?q=%E7%89%B9%E5%88%A5%E9%A4%8A%E8%AD%B7%E8%80%81%E4%BA%BA%E3%83%9B%E3%83%BC%E3%83%A0%E3%81%82%E3%81%99%E3%81%AF%20%E5%A4%A7%E6%B4%A5%E5%B8%82
長等の里短期入所生活介護事業所,ショートステイ,滋賀県,大津市,"介護,ショートステイ,一時利用",家族の休息や一時的な受け入れが必要な時に短期間利用するサービスです。,https://www.koujyukai-otsu.com/nagara/nagara-ss.php,大津市神出開町字徴妙寺２６０番９号,077-510-0017,厚生労働省オープンデータ,https://www.mhlw.go.jp/content/12300000/jigyosho_210.csv,2025-12末,https://www.google.com/search?q=%E9%95%B7%E7%AD%89%E3%81%AE%E9%87%8C%E7%9F%AD%E6%9C%9F%E5%85%A5%E6%89%80%E7%94%9F%E6%B4%BB%E4%BB%8B%E8%AD%B7%E4%BA%8B%E6%A5%AD%E6%89%80%20%E5%A4%A7%E6%B4%A5%E5%B8%82
ケアタウンからさき　短期入所生活介護,ショートステイ,滋賀県,大津市,"介護,ショートステイ,一時利用",家族の休息や一時的な受け入れが必要な時に短期間利用するサービスです。,http://www.kosei-f.jp/,滋賀県大津市見世一丁目17番1号,077-511-6222,厚生労働省オープンデータ,https://www.mhlw.go.jp/content/12300000/jigyosho_210.csv,2025-12末,https://www.google.com/search?q=%E3%82%B1%E3%82%A2%E3%82%BF%E3%82%A6%E3%83%B3%E3%81%8B%E3%82%89%E3%81%95%E3%81%8D%E3%80%80%E7%9F%AD%E6%9C%9F%E5%85%A5%E6%89%80%E7%94%9F%E6%B4%BB%E4%BB%8B%E8%AD%B7%20%E5%A4%A7%E6%B4%A5%E5%B8%82
ショートステイ　木楽,ショートステイ,滋賀県,大津市,"介護,ショートステイ,一時利用",家族の休息や一時的な受け入れが必要な時に短期間利用するサービスです。,yoshitoku.or.jp,大津市里５丁目2-13,077-546-3024,厚生労働省オープンデータ,https://www.mhlw.go.jp/content/12300000/jigyosho_210.csv,2025-12末,https://www.google.com/search?q=%E3%82%B7%E3%83%A7%E3%83%BC%E3%83%88%E3%82%B9%E3%83%86%E3%82%A4%E3%80%80%E6%9C%A8%E6%A5%BD%20%E5%A4%A7%E6%B4%A5%E5%B8%82
近江舞子しょうぶ苑　短期入所生活介護事業所,ショートステイ,滋賀県,大津市,"介護,ショートステイ,一時利用",家族の休息や一時的な受け入れが必要な時に短期間利用するサービスです。,shiga-f.com,滋賀県大津市南小松90番地,077-596-2233,厚生労働省オープンデータ,https://www.mhlw.go.jp/content/12300000/jigyosho_210.csv,2025-12末,https://www.google.com/search?q=%E8%BF%91%E6%B1%9F%E8%88%9E%E5%AD%90%E3%81%97%E3%82%87%E3%81%86%E3%81%B6%E8%8B%91%E3%80%80%E7%9F%AD%E6%9C%9F%E5%85%A5%E6%89%80%E7%94%9F%E6%B4%BB%E4%BB%8B%E8%AD%B7%E4%BA%8B%E6%A5%AD%E6%89%80%20%E5%A4%A7%E6%B4%A5%E5%B8%82
特別養護老人ホーム風流里,ショートステイ,滋賀県,大津市,"介護,ショートステイ,一時利用",家族の休息や一時的な受け入れが必要な時に短期間利用するサービスです。,https://428kai.or.jp/,滋賀県大津市相模町10番1号,077-510-7320,厚生労働省オープンデータ,https://www.mhlw.go.jp/content/12300000/jigyosho_210.csv,2025-12末,https://www.google.com/search?q=%E7%89%B9%E5%88%A5%E9%A4%8A%E8%AD%B7%E8%80%81%E4%BA%BA%E3%83%9B%E3%83%BC%E3%83%A0%E9%A2%A8%E6%B5%81%E9%87%8C%20%E5%A4%A7%E6%B4%A5%E5%B8%82
ショートステイ紬,ショートステイ,滋賀県,大津市,"介護,ショートステイ,一時利用",家族の休息や一時的な受け入れが必要な時に短期間利用するサービスです。,https://www.rokushogroup.jp/,滋賀県大津市南郷六丁目1102番地の1,077-531-0102,厚生労働省オープンデータ,https://www.mhlw.go.jp/content/12300000/jigyosho_210.csv,2025-12末,https://www.google.com/search?q=%E3%82%B7%E3%83%A7%E3%83%BC%E3%83%88%E3%82%B9%E3%83%86%E3%82%A4%E7%B4%AC%20%E5%A4%A7%E6%B4%A5%E5%B8%82
特別養護老人ホーム榛原の里,ショートステイ,滋賀県,大津市,"介護,ショートステイ,一時利用",家族の休息や一時的な受け入れが必要な時に短期間利用するサービスです。,http://www.fukusi-otsu.or.jp/,滋賀県大津市真野普門三丁目1120番地,077-573-9901,厚生労働省オープンデータ,https://www.mhlw.go.jp/content/12300000/jigyosho_210.csv,2025-12末,https://www.google.com/search?q=%E7%89%B9%E5%88%A5%E9%A4%8A%E8%AD%B7%E8%80%81%E4%BA%BA%E3%83%9B%E3%83%BC%E3%83%A0%E6%A6%9B%E5%8E%9F%E3%81%AE%E9%87%8C%20%E5%A4%A7%E6%B4%A5%E5%B8%82
医療法人輝生会ルミエス松が丘ショートステイ,ショートステイ,滋賀県,大津市,"介護,ショートステイ,一時利用",家族の休息や一時的な受け入れが必要な時に短期間利用するサービスです。,http://www5.ocn.ne.jp/~kiseikai/,大津市松が丘６－６－１,077-549-8077,厚生労働省オープンデータ,https://www.mhlw.go.jp/content/12300000/jigyosho_210.csv,2025-12末,https://www.google.com/search?q=%E5%8C%BB%E7%99%82%E6%B3%95%E4%BA%BA%E8%BC%9D%E7%94%9F%E4%BC%9A%E3%83%AB%E3%83%9F%E3%82%A8%E3%82%B9%E6%9D%BE%E3%81%8C%E4%B8%98%E3%82%B7%E3%83%A7%E3%83%BC%E3%83%88%E3%82%B9%E3%83%86%E3%82%A4%20%E5%A4%A7%E6%B4%A5%E5%B8%82
特別養護老人ホーム　湖の花,ショートステイ,滋賀県,大津市,"介護,ショートステイ,一時利用",家族の休息や一時的な受け入れが必要な時に短期間利用するサービスです。,http://rakujyu-konohana.com/,滋賀県大津市衣川二丁目２７番１号,077-572-3006,厚生労働省オープンデータ,https://www.mhlw.go.jp/content/12300000/jigyosho_210.csv,2025-12末,https://www.google.com/search?q=%E7%89%B9%E5%88%A5%E9%A4%8A%E8%AD%B7%E8%80%81%E4%BA%BA%E3%83%9B%E3%83%BC%E3%83%A0%E3%80%80%E6%B9%96%E3%81%AE%E8%8A%B1%20%E5%A4%A7%E6%B4%A5%E5%B8%82
琵琶湖大橋ケアホテル,ショートステイ,滋賀県,大津市,"介護,ショートステイ,一時利用",家族の休息や一時的な受け入れが必要な時に短期間利用するサービスです。,https://sangajapan.jp/biwako2/biwako201/,本堅田４丁目4-21,077-571-1160,厚生労働省オープンデータ,https://www.mhlw.go.jp/content/12300000/jigyosho_210.csv,2025-12末,https://www.google.com/search?q=%E7%90%B5%E7%90%B6%E6%B9%96%E5%A4%A7%E6%A9%8B%E3%82%B1%E3%82%A2%E3%83%9B%E3%83%86%E3%83%AB%20%E5%A4%A7%E6%B4%A5%E5%B8%82
ショートステイ　アシタバ,ショートステイ,滋賀県,大津市,"介護,ショートステイ,一時利用",家族の休息や一時的な受け入れが必要な時に短期間利用するサービスです。,http://oumi-syouseikai.jp/ashitaba/,滋賀県大津市松が丘７丁目１５番６号,077-549-3260,厚生労働省オープンデータ,https://www.mhlw.go.jp/content/12300000/jigyosho_210.csv,2025-12末,https://www.google.com/search?q=%E3%82%B7%E3%83%A7%E3%83%BC%E3%83%88%E3%82%B9%E3%83%86%E3%82%A4%E3%80%80%E3%82%A2%E3%82%B7%E3%82%BF%E3%83%90%20%E5%A4%A7%E6%B4%A5%E5%B8%82
桐生園ショートスティ,ショートステイ,滋賀県,大津市,"介護,ショートステイ,一時利用",家族の休息や一時的な受け入れが必要な時に短期間利用するサービスです。,http://www.kiryuen.jp/,大津市桐生一丁目26番7号,077-549-1129,厚生労働省オープンデータ,https://www.mhlw.go.jp/content/12300000/jigyosho_210.csv,2025-12末,https://www.google.com/search?q=%E6%A1%90%E7%94%9F%E5%9C%92%E3%82%B7%E3%83%A7%E3%83%BC%E3%83%88%E3%82%B9%E3%83%86%E3%82%A3%20%E5%A4%A7%E6%B4%A5%E5%B8%82
カーサ月の輪ショートステイ,ショートステイ,滋賀県,大津市,"介護,ショートステイ,一時利用",家族の休息や一時的な受け入れが必要な時に短期間利用するサービスです。,http://koujyukai-otsu.com/casa/,滋賀県大津市月輪１丁目１２番８号,077-547-0950,厚生労働省オープンデータ,https://www.mhlw.go.jp/content/12300000/jigyosho_210.csv,2025-12末,https://www.google.com/search?q=%E3%82%AB%E3%83%BC%E3%82%B5%E6%9C%88%E3%81%AE%E8%BC%AA%E3%82%B7%E3%83%A7%E3%83%BC%E3%83%88%E3%82%B9%E3%83%86%E3%82%A4%20%E5%A4%A7%E6%B4%A5%E5%B8%82
さざなみ苑　ショートステイ,ショートステイ,滋賀県,彦根市,"介護,ショートステイ,一時利用",家族の休息や一時的な受け入れが必要な時に短期間利用するサービスです。,http://www.sazanamien.com,彦根市城町２丁目１３番３号,0749-27-1411,厚生労働省オープンデータ,https://www.mhlw.go.jp/content/12300000/jigyosho_210.csv,2025-12末,https://www.google.com/search?q=%E3%81%95%E3%81%96%E3%81%AA%E3%81%BF%E8%8B%91%E3%80%80%E3%82%B7%E3%83%A7%E3%83%BC%E3%83%88%E3%82%B9%E3%83%86%E3%82%A4%20%E5%BD%A6%E6%A0%B9%E5%B8%82
ショートステイサニープレイス彦根,ショートステイ,滋賀県,彦根市,"介護,ショートステイ,一時利用",家族の休息や一時的な受け入れが必要な時に短期間利用するサービスです。,https://sunnyplace.or.jp/,滋賀県彦根市三津町４４６番地１特別養護老人ホームサニープレイス彦根,0749-47-3577,厚生労働省オープンデータ,https://www.mhlw.go.jp/content/12300000/jigyosho_210.csv,2025-12末,https://www.google.com/search?q=%E3%82%B7%E3%83%A7%E3%83%BC%E3%83%88%E3%82%B9%E3%83%86%E3%82%A4%E3%82%B5%E3%83%8B%E3%83%BC%E3%83%97%E3%83%AC%E3%82%A4%E3%82%B9%E5%BD%A6%E6%A0%B9%20%E5%BD%A6%E6%A0%B9%E5%B8%82
シンシア彦根鳥居本,ショートステイ,滋賀県,彦根市,"介護,ショートステイ,一時利用",家族の休息や一時的な受け入れが必要な時に短期間利用するサービスです。,https://www.google.com/search?q=%E3%82%B7%E3%83%B3%E3%82%B7%E3%82%A2%E5%BD%A6%E6%A0%B9%E9%B3%A5%E5%B1%85%E6%9C%AC%20%E5%BD%A6%E6%A0%B9%E5%B8%82,滋賀県彦根市鳥居本町1389-1,0749-23-0968,厚生労働省オープンデータ,https://www.mhlw.go.jp/content/12300000/jigyosho_210.csv,2025-12末,https://www.google.com/search?q=%E3%82%B7%E3%83%B3%E3%82%B7%E3%82%A2%E5%BD%A6%E6%A0%B9%E9%B3%A5%E5%B1%85%E6%9C%AC%20%E5%BD%A6%E6%A0%B9%E5%B8%82
近江ふるさと園短期入所生活介護事業所,ショートステイ,滋賀県,彦根市,"介護,ショートステイ,一時利用",家族の休息や一時的な受け入れが必要な時に短期間利用するサービスです。,http://www.omi-furusato.jp,滋賀県彦根市石寺町713番地,0749-43-5800,厚生労働省オープンデータ,https://www.mhlw.go.jp/content/12300000/jigyosho_210.csv,2025-12末,https://www.google.com/search?q=%E8%BF%91%E6%B1%9F%E3%81%B5%E3%82%8B%E3%81%95%E3%81%A8%E5%9C%92%E7%9F%AD%E6%9C%9F%E5%85%A5%E6%89%80%E7%94%9F%E6%B4%BB%E4%BB%8B%E8%AD%B7%E4%BA%8B%E6%A5%AD%E6%89%80%20%E5%BD%A6%E6%A0%B9%E5%B8%82
彦根ケアセンターそよ風,ショートステイ,滋賀県,彦根市,"介護,ショートステイ,一時利用",家族の休息や一時的な受け入れが必要な時に短期間利用するサービスです。,https://www.sykz.co.jp/shisetsu-zaitaku/254493,駅東町2番3,0749-27-2131,厚生労働省オープンデータ,https://www.mhlw.go.jp/content/12300000/jigyosho_210.csv,2025-12末,https://www.google.com/search?q=%E5%BD%A6%E6%A0%B9%E3%82%B1%E3%82%A2%E3%82%BB%E3%83%B3%E3%82%BF%E3%83%BC%E3%81%9D%E3%82%88%E9%A2%A8%20%E5%BD%A6%E6%A0%B9%E5%B8%82
シンシア彦根,ショートステイ,滋賀県,彦根市,"介護,ショートステイ,一時利用",家族の休息や一時的な受け入れが必要な時に短期間利用するサービスです。,http://www.sincere-gri.com,滋賀県彦根市高宮町2426-1,0749-27-0968,厚生労働省オープンデータ,https://www.mhlw.go.jp/content/12300000/jigyosho_210.csv,2025-12末,https://www.google.com/search?q=%E3%82%B7%E3%83%B3%E3%82%B7%E3%82%A2%E5%BD%A6%E6%A0%B9%20%E5%BD%A6%E6%A0%B9%E5%B8%82
平田ケアホテル翔裕館,ショートステイ,滋賀県,彦根市,"介護,ショートステイ,一時利用",家族の休息や一時的な受け入れが必要な時に短期間利用するサービスです。,https://www.sanga-kaigo.co.jp/,滋賀県彦根市平田町1114-1ひらた翔裕館Ⅰ号館,0749-21-2881,厚生労働省オープンデータ,https://www.mhlw.go.jp/content/12300000/jigyosho_210.csv,2025-12末,https://www.google.com/search?q=%E5%B9%B3%E7%94%B0%E3%82%B1%E3%82%A2%E3%83%9B%E3%83%86%E3%83%AB%E7%BF%94%E8%A3%95%E9%A4%A8%20%E5%BD%A6%E6%A0%B9%E5%B8%82
ショートステイ　ゆふなぎ,ショートステイ,滋賀県,長浜市,"介護,ショートステイ,一時利用",家族の休息や一時的な受け入れが必要な時に短期間利用するサービスです。,http://o-kourakukai.or.jp,滋賀県長浜市下坂中町200番地1,0749-68-4024,厚生労働省オープンデータ,https://www.mhlw.go.jp/content/12300000/jigyosho_210.csv,2025-12末,https://www.google.com/search?q=%E3%82%B7%E3%83%A7%E3%83%BC%E3%83%88%E3%82%B9%E3%83%86%E3%82%A4%E3%80%80%E3%82%86%E3%81%B5%E3%81%AA%E3%81%8E%20%E9%95%B7%E6%B5%9C%E5%B8%82
特別養護老人ホームまんてん塩津,ショートステイ,滋賀県,長浜市,"介護,ショートステイ,一時利用",家族の休息や一時的な受け入れが必要な時に短期間利用するサービスです。,www.man-ten.org,滋賀県長浜市西浅井町塩津中１１２３番地,0749-88-8031,厚生労働省オープンデータ,https://www.mhlw.go.jp/content/12300000/jigyosho_210.csv,2025-12末,https://www.google.com/search?q=%E7%89%B9%E5%88%A5%E9%A4%8A%E8%AD%B7%E8%80%81%E4%BA%BA%E3%83%9B%E3%83%BC%E3%83%A0%E3%81%BE%E3%82%93%E3%81%A6%E3%82%93%E5%A1%A9%E6%B4%A5%20%E9%95%B7%E6%B5%9C%E5%B8%82
特別養護老人ホーム　けやきの杜,ショートステイ,滋賀県,長浜市,"介護,ショートステイ,一時利用",家族の休息や一時的な受け入れが必要な時に短期間利用するサービスです。,http://tashinkai.jp,滋賀県長浜市高月町柏原1055番地,0749-85-8383,厚生労働省オープンデータ,https://www.mhlw.go.jp/content/12300000/jigyosho_210.csv,2025-12末,https://www.google.com/search?q=%E7%89%B9%E5%88%A5%E9%A4%8A%E8%AD%B7%E8%80%81%E4%BA%BA%E3%83%9B%E3%83%BC%E3%83%A0%E3%80%80%E3%81%91%E3%82%84%E3%81%8D%E3%81%AE%E6%9D%9C%20%E9%95%B7%E6%B5%9C%E5%B8%82
田中ケアサービス株式会社　長浜支援センターショートステイ『あいあい』,ショートステイ,滋賀県,長浜市,"介護,ショートステイ,一時利用",家族の休息や一時的な受け入れが必要な時に短期間利用するサービスです。,http://www.tanakacare.co.jp/,滋賀県長浜市祇園町148-1田中ケアサービス株式会社長浜支援センターショートスティあいあい,0749-68-4180,厚生労働省オープンデータ,https://www.mhlw.go.jp/content/12300000/jigyosho_210.csv,2025-12末,https://www.google.com/search?q=%E7%94%B0%E4%B8%AD%E3%82%B1%E3%82%A2%E3%82%B5%E3%83%BC%E3%83%93%E3%82%B9%E6%A0%AA%E5%BC%8F%E4%BC%9A%E7%A4%BE%E3%80%80%E9%95%B7%E6%B5%9C%E6%94%AF%E6%8F%B4%E3%82%BB%E3%83%B3%E3%82%BF%E3%83%BC%E3%82%B7%E3%83%A7%E3%83%BC%E3%83%88%E3%82%B9%E3%83%86%E3%82%A4%E3%80%8E%E3%81%82%E3%81%84%E3%81%82%E3%81%84%E3%80%8F%20%E9%95%B7%E6%B5%9C%E5%B8%82
短期入所施設　奥びわこ,ショートステイ,滋賀県,長浜市,"介護,ショートステイ,一時利用",家族の休息や一時的な受け入れが必要な時に短期間利用するサービスです。,http://sontokukai.com/,滋賀県長浜市西浅井町大浦１７８８－３,0749-89-1689,厚生労働省オープンデータ,https://www.mhlw.go.jp/content/12300000/jigyosho_210.csv,2025-12末,https://www.google.com/search?q=%E7%9F%AD%E6%9C%9F%E5%85%A5%E6%89%80%E6%96%BD%E8%A8%AD%E3%80%80%E5%A5%A5%E3%81%B3%E3%82%8F%E3%81%93%20%E9%95%B7%E6%B5%9C%E5%B8%82
特別養護老人ホーム伊香の里,ショートステイ,滋賀県,長浜市,"介護,ショートステイ,一時利用",家族の休息や一時的な受け入れが必要な時に短期間利用するサービスです。,http//www.nagahama-shakyo.or.jp,滋賀県長浜市木本町黒田1221,0749-82-5611,厚生労働省オープンデータ,https://www.mhlw.go.jp/content/12300000/jigyosho_210.csv,2025-12末,https://www.google.com/search?q=%E7%89%B9%E5%88%A5%E9%A4%8A%E8%AD%B7%E8%80%81%E4%BA%BA%E3%83%9B%E3%83%BC%E3%83%A0%E4%BC%8A%E9%A6%99%E3%81%AE%E9%87%8C%20%E9%95%B7%E6%B5%9C%E5%B8%82
青浄苑ショートステイ,ショートステイ,滋賀県,長浜市,"介護,ショートステイ,一時利用",家族の休息や一時的な受け入れが必要な時に短期間利用するサービスです。,http://www.seishokai.jp/seijoen,滋賀県長浜市加田町２９９５,0749-63-7111,厚生労働省オープンデータ,https://www.mhlw.go.jp/content/12300000/jigyosho_210.csv,2025-12末,https://www.google.com/search?q=%E9%9D%92%E6%B5%84%E8%8B%91%E3%82%B7%E3%83%A7%E3%83%BC%E3%83%88%E3%82%B9%E3%83%86%E3%82%A4%20%E9%95%B7%E6%B5%9C%E5%B8%82
アンタレス　ショートステイ,ショートステイ,滋賀県,長浜市,"介護,ショートステイ,一時利用",家族の休息や一時的な受け入れが必要な時に短期間利用するサービスです。,https://www.seishokai.jp/antares,滋賀県長浜市加田町3360,0749-68-4112,厚生労働省オープンデータ,https://www.mhlw.go.jp/content/12300000/jigyosho_210.csv,2025-12末,https://www.google.com/search?q=%E3%82%A2%E3%83%B3%E3%82%BF%E3%83%AC%E3%82%B9%E3%80%80%E3%82%B7%E3%83%A7%E3%83%BC%E3%83%88%E3%82%B9%E3%83%86%E3%82%A4%20%E9%95%B7%E6%B5%9C%E5%B8%82
特別養護老人ホーム　湖北水鳥の里,ショートステイ,滋賀県,長浜市,"介護,ショートステイ,一時利用",家族の休息や一時的な受け入れが必要な時に短期間利用するサービスです。,http://www18.ocn.ne.jp/~mizudori/,滋賀県長浜市湖北町延勝寺1844番地,0749-79-8100,厚生労働省オープンデータ,https://www.mhlw.go.jp/content/12300000/jigyosho_210.csv,2025-12末,https://www.google.com/search?q=%E7%89%B9%E5%88%A5%E9%A4%8A%E8%AD%B7%E8%80%81%E4%BA%BA%E3%83%9B%E3%83%BC%E3%83%A0%E3%80%80%E6%B9%96%E5%8C%97%E6%B0%B4%E9%B3%A5%E3%81%AE%E9%87%8C%20%E9%95%B7%E6%B5%9C%E5%B8%82
ショートステイ青芳,ショートステイ,滋賀県,長浜市,"介護,ショートステイ,一時利用",家族の休息や一時的な受け入れが必要な時に短期間利用するサービスです。,http://www.seishokai.jp/seiho,滋賀県長浜市川道町2572,0749-72-8311,厚生労働省オープンデータ,https://www.mhlw.go.jp/content/12300000/jigyosho_210.csv,2025-12末,https://www.google.com/search?q=%E3%82%B7%E3%83%A7%E3%83%BC%E3%83%88%E3%82%B9%E3%83%86%E3%82%A4%E9%9D%92%E8%8A%B3%20%E9%95%B7%E6%B5%9C%E5%B8%82
ふくら短期入所生活介護事業所,ショートステイ,滋賀県,長浜市,"介護,ショートステイ,一時利用",家族の休息や一時的な受け入れが必要な時に短期間利用するサービスです。,http//www.glow.or.jp,長浜市内保町４８０,0749-74-0044,厚生労働省オープンデータ,https://www.mhlw.go.jp/content/12300000/jigyosho_210.csv,2025-12末,https://www.google.com/search?q=%E3%81%B5%E3%81%8F%E3%82%89%E7%9F%AD%E6%9C%9F%E5%85%A5%E6%89%80%E7%94%9F%E6%B4%BB%E4%BB%8B%E8%AD%B7%E4%BA%8B%E6%A5%AD%E6%89%80%20%E9%95%B7%E6%B5%9C%E5%B8%82
水茎の里ショートスティ,ショートステイ,滋賀県,近江八幡市,"介護,ショートステイ,一時利用",家族の休息や一時的な受け入れが必要な時に短期間利用するサービスです。,http://www.ii-kaigo.or.jp,滋賀県近江八幡市牧町1885特別養護老人ホーム水茎の里（本館）,0748-33-5321,厚生労働省オープンデータ,https://www.mhlw.go.jp/content/12300000/jigyosho_210.csv,2025-12末,https://www.google.com/search?q=%E6%B0%B4%E8%8C%8E%E3%81%AE%E9%87%8C%E3%82%B7%E3%83%A7%E3%83%BC%E3%83%88%E3%82%B9%E3%83%86%E3%82%A3%20%E8%BF%91%E6%B1%9F%E5%85%AB%E5%B9%A1%E5%B8%82
短期入所生活介護事業所　安土やすらぎの郷,ショートステイ,滋賀県,近江八幡市,"介護,ショートステイ,一時利用",家族の休息や一時的な受け入れが必要な時に短期間利用するサービスです。,https://ichizenkai.com,滋賀県近江八幡市安土町下豊浦4141,0748-57-3333,厚生労働省オープンデータ,https://www.mhlw.go.jp/content/12300000/jigyosho_210.csv,2025-12末,https://www.google.com/search?q=%E7%9F%AD%E6%9C%9F%E5%85%A5%E6%89%80%E7%94%9F%E6%B4%BB%E4%BB%8B%E8%AD%B7%E4%BA%8B%E6%A5%AD%E6%89%80%E3%80%80%E5%AE%89%E5%9C%9F%E3%82%84%E3%81%99%E3%82%89%E3%81%8E%E3%81%AE%E9%83%B7%20%E8%BF%91%E6%B1%9F%E5%85%AB%E5%B9%A1%E5%B8%82
短期入所生活介護　赤煉瓦の郷,ショートステイ,滋賀県,近江八幡市,"介護,ショートステイ,一時利用",家族の休息や一時的な受け入れが必要な時に短期間利用するサービスです。,https://ichizenkai.com,滋賀県近江八幡市船木町５９番地３,0748-34-7123,厚生労働省オープンデータ,https://www.mhlw.go.jp/content/12300000/jigyosho_210.csv,2025-12末,https://www.google.com/search?q=%E7%9F%AD%E6%9C%9F%E5%85%A5%E6%89%80%E7%94%9F%E6%B4%BB%E4%BB%8B%E8%AD%B7%E3%80%80%E8%B5%A4%E7%85%89%E7%93%A6%E3%81%AE%E9%83%B7%20%E8%BF%91%E6%B1%9F%E5%85%AB%E5%B9%A1%E5%B8%82
四季の郷短期入所生活介護事業所,ショートステイ,滋賀県,近江八幡市,"介護,ショートステイ,一時利用",家族の休息や一時的な受け入れが必要な時に短期間利用するサービスです。,http://www.houjyu-kai.or.jp/,滋賀県近江八幡市十王町1061,0748-36-3770,厚生労働省オープンデータ,https://www.mhlw.go.jp/content/12300000/jigyosho_210.csv,2025-12末,https://www.google.com/search?q=%E5%9B%9B%E5%AD%A3%E3%81%AE%E9%83%B7%E7%9F%AD%E6%9C%9F%E5%85%A5%E6%89%80%E7%94%9F%E6%B4%BB%E4%BB%8B%E8%AD%B7%E4%BA%8B%E6%A5%AD%E6%89%80%20%E8%BF%91%E6%B1%9F%E5%85%AB%E5%B9%A1%E5%B8%82
ショートステイふれあい,ショートステイ,滋賀県,近江八幡市,"介護,ショートステイ,一時利用",家族の休息や一時的な受け入れが必要な時に短期間利用するサービスです。,https://www.honobonokai.com,滋賀県近江八幡市上田町1315-1,0748-37-8716,厚生労働省オープンデータ,https://www.mhlw.go.jp/content/12300000/jigyosho_210.csv,2025-12末,https://www.google.com/search?q=%E3%82%B7%E3%83%A7%E3%83%BC%E3%83%88%E3%82%B9%E3%83%86%E3%82%A4%E3%81%B5%E3%82%8C%E3%81%82%E3%81%84%20%E8%BF%91%E6%B1%9F%E5%85%AB%E5%B9%A1%E5%B8%82
特別養護老人ホームゆうすいのさと,ショートステイ,滋賀県,草津市,"介護,ショートステイ,一時利用",家族の休息や一時的な受け入れが必要な時に短期間利用するサービスです。,https://428kai.or.jp/,滋賀県草津市駒井沢町400－1,077-568-3600,厚生労働省オープンデータ,https://www.mhlw.go.jp/content/12300000/jigyosho_210.csv,2025-12末,https://www.google.com/search?q=%E7%89%B9%E5%88%A5%E9%A4%8A%E8%AD%B7%E8%80%81%E4%BA%BA%E3%83%9B%E3%83%BC%E3%83%A0%E3%82%86%E3%81%86%E3%81%99%E3%81%84%E3%81%AE%E3%81%95%E3%81%A8%20%E8%8D%89%E6%B4%A5%E5%B8%82
特別養護老人ホーム第二菖蒲の郷,ショートステイ,滋賀県,草津市,"介護,ショートステイ,一時利用",家族の休息や一時的な受け入れが必要な時に短期間利用するサービスです。,http://shoubunosato.jp,滋賀県草津市追分南5丁目18番8号,077-566-5366,厚生労働省オープンデータ,https://www.mhlw.go.jp/content/12300000/jigyosho_210.csv,2025-12末,https://www.google.com/search?q=%E7%89%B9%E5%88%A5%E9%A4%8A%E8%AD%B7%E8%80%81%E4%BA%BA%E3%83%9B%E3%83%BC%E3%83%A0%E7%AC%AC%E4%BA%8C%E8%8F%96%E8%92%B2%E3%81%AE%E9%83%B7%20%E8%8D%89%E6%B4%A5%E5%B8%82
特別養護老人ホーム　やまでら,ショートステイ,滋賀県,草津市,"介護,ショートステイ,一時利用",家族の休息や一時的な受け入れが必要な時に短期間利用するサービスです。,http://428kai.or.jp/facility/yamadera/,滋賀県草津市山寺町１１１８,０７７－５６４－８２１６,厚生労働省オープンデータ,https://www.mhlw.go.jp/content/12300000/jigyosho_210.csv,2025-12末,https://www.google.com/search?q=%E7%89%B9%E5%88%A5%E9%A4%8A%E8%AD%B7%E8%80%81%E4%BA%BA%E3%83%9B%E3%83%BC%E3%83%A0%E3%80%80%E3%82%84%E3%81%BE%E3%81%A7%E3%82%89%20%E8%8D%89%E6%B4%A5%E5%B8%82
特別養護老人ホーム　風和里　併設短期入所生活介護,ショートステイ,滋賀県,草津市,"介護,ショートステイ,一時利用",家族の休息や一時的な受け入れが必要な時に短期間利用するサービスです。,http://www.yotsuba-lcn.or.jp/,岡本町217番地,077-561-7500,厚生労働省オープンデータ,https://www.mhlw.go.jp/content/12300000/jigyosho_210.csv,2025-12末,https://www.google.com/search?q=%E7%89%B9%E5%88%A5%E9%A4%8A%E8%AD%B7%E8%80%81%E4%BA%BA%E3%83%9B%E3%83%BC%E3%83%A0%E3%80%80%E9%A2%A8%E5%92%8C%E9%87%8C%E3%80%80%E4%BD%B5%E8%A8%AD%E7%9F%AD%E6%9C%9F%E5%85%A5%E6%89%80%E7%94%9F%E6%B4%BB%E4%BB%8B%E8%AD%B7%20%E8%8D%89%E6%B4%A5%E5%B8%82
特別養護老人ホームやわらぎ苑,ショートステイ,滋賀県,草津市,"介護,ショートステイ,一時利用",家族の休息や一時的な受け入れが必要な時に短期間利用するサービスです。,https://428kai.or.jp/facility/yawaragi/,滋賀県草津市南笠町891番地,077-564-6500,厚生労働省オープンデータ,https://www.mhlw.go.jp/content/12300000/jigyosho_210.csv,2025-12末,https://www.google.com/search?q=%E7%89%B9%E5%88%A5%E9%A4%8A%E8%AD%B7%E8%80%81%E4%BA%BA%E3%83%9B%E3%83%BC%E3%83%A0%E3%82%84%E3%82%8F%E3%82%89%E3%81%8E%E8%8B%91%20%E8%8D%89%E6%B4%A5%E5%B8%82
特別養護老人ホームしあわせ,ショートステイ,滋賀県,草津市,"介護,ショートステイ,一時利用",家族の休息や一時的な受け入れが必要な時に短期間利用するサービスです。,https://428kai.or.jp/facility/shiawase/,滋賀県草津市南笠町905番地,077-561-3755,厚生労働省オープンデータ,https://www.mhlw.go.jp/content/12300000/jigyosho_210.csv,2025-12末,https://www.google.com/search?q=%E7%89%B9%E5%88%A5%E9%A4%8A%E8%AD%B7%E8%80%81%E4%BA%BA%E3%83%9B%E3%83%BC%E3%83%A0%E3%81%97%E3%81%82%E3%82%8F%E3%81%9B%20%E8%8D%89%E6%B4%A5%E5%B8%82
茜の郷ショートステイ,ショートステイ,滋賀県,草津市,"介護,ショートステイ,一時利用",家族の休息や一時的な受け入れが必要な時に短期間利用するサービスです。,http:shoubunosato.jp,下笠町733-1,077-599-1977,厚生労働省オープンデータ,https://www.mhlw.go.jp/content/12300000/jigyosho_210.csv,2025-12末,https://www.google.com/search?q=%E8%8C%9C%E3%81%AE%E9%83%B7%E3%82%B7%E3%83%A7%E3%83%BC%E3%83%88%E3%82%B9%E3%83%86%E3%82%A4%20%E8%8D%89%E6%B4%A5%E5%B8%82
特別養護老人ホーム　萩の里,ショートステイ,滋賀県,草津市,"介護,ショートステイ,一時利用",家族の休息や一時的な受け入れが必要な時に短期間利用するサービスです。,http://yotsuba-lcn.or.jp,滋賀県草津市野路東２丁目４番１０号,077-567-8560,厚生労働省オープンデータ,https://www.mhlw.go.jp/content/12300000/jigyosho_210.csv,2025-12末,https://www.google.com/search?q=%E7%89%B9%E5%88%A5%E9%A4%8A%E8%AD%B7%E8%80%81%E4%BA%BA%E3%83%9B%E3%83%BC%E3%83%A0%E3%80%80%E8%90%A9%E3%81%AE%E9%87%8C%20%E8%8D%89%E6%B4%A5%E5%B8%82
特別養護老人ホームぽぷら,ショートステイ,滋賀県,草津市,"介護,ショートステイ,一時利用",家族の休息や一時的な受け入れが必要な時に短期間利用するサービスです。,http://www.popura.or.jp,滋賀県草津市上笠1丁目1-22,077-563-0030,厚生労働省オープンデータ,https://www.mhlw.go.jp/content/12300000/jigyosho_210.csv,2025-12末,https://www.google.com/search?q=%E7%89%B9%E5%88%A5%E9%A4%8A%E8%AD%B7%E8%80%81%E4%BA%BA%E3%83%9B%E3%83%BC%E3%83%A0%E3%81%BD%E3%81%B7%E3%82%89%20%E8%8D%89%E6%B4%A5%E5%B8%82
特別養護老人ホーム　帆の里,ショートステイ,滋賀県,草津市,"介護,ショートステイ,一時利用",家族の休息や一時的な受け入れが必要な時に短期間利用するサービスです。,https://428kai.or.jp/,矢橋町500-1,077-566-8620,厚生労働省オープンデータ,https://www.mhlw.go.jp/content/12300000/jigyosho_210.csv,2025-12末,https://www.google.com/search?q=%E7%89%B9%E5%88%A5%E9%A4%8A%E8%AD%B7%E8%80%81%E4%BA%BA%E3%83%9B%E3%83%BC%E3%83%A0%E3%80%80%E5%B8%86%E3%81%AE%E9%87%8C%20%E8%8D%89%E6%B4%A5%E5%B8%82
ショートステイ　えんゆうの郷,ショートステイ,滋賀県,草津市,"介護,ショートステイ,一時利用",家族の休息や一時的な受け入れが必要な時に短期間利用するサービスです。,http://kaigo-nagisa.com/,滋賀県草津市南山田町761,077-598-1866,厚生労働省オープンデータ,https://www.mhlw.go.jp/content/12300000/jigyosho_210.csv,2025-12末,https://www.google.com/search?q=%E3%82%B7%E3%83%A7%E3%83%BC%E3%83%88%E3%82%B9%E3%83%86%E3%82%A4%E3%80%80%E3%81%88%E3%82%93%E3%82%86%E3%81%86%E3%81%AE%E9%83%B7%20%E8%8D%89%E6%B4%A5%E5%B8%82
菖蒲の郷ショートステイ,ショートステイ,滋賀県,草津市,"介護,ショートステイ,一時利用",家族の休息や一時的な受け入れが必要な時に短期間利用するサービスです。,http://shoubunosato.jp,滋賀県草津市山寺町837番地,077-566-3888,厚生労働省オープンデータ,https://www.mhlw.go.jp/content/12300000/jigyosho_210.csv,2025-12末,https://www.google.com/search?q=%E8%8F%96%E8%92%B2%E3%81%AE%E9%83%B7%E3%82%B7%E3%83%A7%E3%83%BC%E3%83%88%E3%82%B9%E3%83%86%E3%82%A4%20%E8%8D%89%E6%B4%A5%E5%B8%82
特別養護老人ホームゆいの里　別館,ショートステイ,滋賀県,守山市,"介護,ショートステイ,一時利用",家族の休息や一時的な受け入れが必要な時に短期間利用するサービスです。,http://www.yuinosato.or.jp,滋賀県守山市笠原町1313－3,077－584－2250,厚生労働省オープンデータ,https://www.mhlw.go.jp/content/12300000/jigyosho_210.csv,2025-12末,https://www.google.com/search?q=%E7%89%B9%E5%88%A5%E9%A4%8A%E8%AD%B7%E8%80%81%E4%BA%BA%E3%83%9B%E3%83%BC%E3%83%A0%E3%82%86%E3%81%84%E3%81%AE%E9%87%8C%E3%80%80%E5%88%A5%E9%A4%A8%20%E5%AE%88%E5%B1%B1%E5%B8%82
ショートステイサービスセンターサクラベル守山,ショートステイ,滋賀県,守山市,"介護,ショートステイ,一時利用",家族の休息や一時的な受け入れが必要な時に短期間利用するサービスです。,http://www.edeltutiyama.net,石田町424-1,077-585-8200,厚生労働省オープンデータ,https://www.mhlw.go.jp/content/12300000/jigyosho_210.csv,2025-12末,https://www.google.com/search?q=%E3%82%B7%E3%83%A7%E3%83%BC%E3%83%88%E3%82%B9%E3%83%86%E3%82%A4%E3%82%B5%E3%83%BC%E3%83%93%E3%82%B9%E3%82%BB%E3%83%B3%E3%82%BF%E3%83%BC%E3%82%B5%E3%82%AF%E3%83%A9%E3%83%99%E3%83%AB%E5%AE%88%E5%B1%B1%20%E5%AE%88%E5%B1%B1%E5%B8%82
ショートステイ　しがそせい苑,ショートステイ,滋賀県,守山市,"介護,ショートステイ,一時利用",家族の休息や一時的な受け入れが必要な時に短期間利用するサービスです。,http://soseien.jp/shiga/index.html,守山市水保町２６５０－１,077-585-7878,厚生労働省オープンデータ,https://www.mhlw.go.jp/content/12300000/jigyosho_210.csv,2025-12末,https://www.google.com/search?q=%E3%82%B7%E3%83%A7%E3%83%BC%E3%83%88%E3%82%B9%E3%83%86%E3%82%A4%E3%80%80%E3%81%97%E3%81%8C%E3%81%9D%E3%81%9B%E3%81%84%E8%8B%91%20%E5%AE%88%E5%B1%B1%E5%B8%82
カナリヤショートステイ,ショートステイ,滋賀県,守山市,"介護,ショートステイ,一時利用",家族の休息や一時的な受け入れが必要な時に短期間利用するサービスです。,http://www.kanariya.or.jp,守山市三宅町833,077-581-1551,厚生労働省オープンデータ,https://www.mhlw.go.jp/content/12300000/jigyosho_210.csv,2025-12末,https://www.google.com/search?q=%E3%82%AB%E3%83%8A%E3%83%AA%E3%83%A4%E3%82%B7%E3%83%A7%E3%83%BC%E3%83%88%E3%82%B9%E3%83%86%E3%82%A4%20%E5%AE%88%E5%B1%B1%E5%B8%82
ショートステイゆいの里,ショートステイ,滋賀県,守山市,"介護,ショートステイ,一時利用",家族の休息や一時的な受け入れが必要な時に短期間利用するサービスです。,http://www.yuinosato.or.jp,守山市笠原町1313-3,077-585-4566,厚生労働省オープンデータ,https://www.mhlw.go.jp/content/12300000/jigyosho_210.csv,2025-12末,https://www.google.com/search?q=%E3%82%B7%E3%83%A7%E3%83%BC%E3%83%88%E3%82%B9%E3%83%86%E3%82%A4%E3%82%86%E3%81%84%E3%81%AE%E9%87%8C%20%E5%AE%88%E5%B1%B1%E5%B8%82
ショートステイひいらぎ,ショートステイ,滋賀県,守山市,"介護,ショートステイ,一時利用",家族の休息や一時的な受け入れが必要な時に短期間利用するサービスです。,http://oumi-syousikai.jp,滋賀県守山市荒見町85番地,077-514-1680,厚生労働省オープンデータ,https://www.mhlw.go.jp/content/12300000/jigyosho_210.csv,2025-12末,https://www.google.com/search?q=%E3%82%B7%E3%83%A7%E3%83%BC%E3%83%88%E3%82%B9%E3%83%86%E3%82%A4%E3%81%B2%E3%81%84%E3%82%89%E3%81%8E%20%E5%AE%88%E5%B1%B1%E5%B8%82
ショートステイ　栗東すみれ園,ショートステイ,滋賀県,栗東市,"介護,ショートステイ,一時利用",家族の休息や一時的な受け入れが必要な時に短期間利用するサービスです。,http://www.ritto-sumire-en.jp/,滋賀県栗東市小野３６３番地,077-551-5525,厚生労働省オープンデータ,https://www.mhlw.go.jp/content/12300000/jigyosho_210.csv,2025-12末,https://www.google.com/search?q=%E3%82%B7%E3%83%A7%E3%83%BC%E3%83%88%E3%82%B9%E3%83%86%E3%82%A4%E3%80%80%E6%A0%97%E6%9D%B1%E3%81%99%E3%81%BF%E3%82%8C%E5%9C%92%20%E6%A0%97%E6%9D%B1%E5%B8%82
特別養護老人ホームはなえみ,ショートステイ,滋賀県,栗東市,"介護,ショートステイ,一時利用",家族の休息や一時的な受け入れが必要な時に短期間利用するサービスです。,https://428kai.or.jp/,滋賀県栗東市上鈎265-1,077-596-5282,厚生労働省オープンデータ,https://www.mhlw.go.jp/content/12300000/jigyosho_210.csv,2025-12末,https://www.google.com/search?q=%E7%89%B9%E5%88%A5%E9%A4%8A%E8%AD%B7%E8%80%81%E4%BA%BA%E3%83%9B%E3%83%BC%E3%83%A0%E3%81%AF%E3%81%AA%E3%81%88%E3%81%BF%20%E6%A0%97%E6%9D%B1%E5%B8%82
特別養護老人ホーム淡海荘,ショートステイ,滋賀県,栗東市,"介護,ショートステイ,一時利用",家族の休息や一時的な受け入れが必要な時に短期間利用するサービスです。,https://tankaisou.jp/,滋賀県栗東市出庭697-1,077-552-1224,厚生労働省オープンデータ,https://www.mhlw.go.jp/content/12300000/jigyosho_210.csv,2025-12末,https://www.google.com/search?q=%E7%89%B9%E5%88%A5%E9%A4%8A%E8%AD%B7%E8%80%81%E4%BA%BA%E3%83%9B%E3%83%BC%E3%83%A0%E6%B7%A1%E6%B5%B7%E8%8D%98%20%E6%A0%97%E6%9D%B1%E5%B8%82
ショートステイるりあんはうす,ショートステイ,滋賀県,栗東市,"介護,ショートステイ,一時利用",家族の休息や一時的な受け入れが必要な時に短期間利用するサービスです。,https://rurianhouse.or.jp/,滋賀県栗東市小野８１４番地,077-596-3170,厚生労働省オープンデータ,https://www.mhlw.go.jp/content/12300000/jigyosho_210.csv,2025-12末,https://www.google.com/search?q=%E3%82%B7%E3%83%A7%E3%83%BC%E3%83%88%E3%82%B9%E3%83%86%E3%82%A4%E3%82%8B%E3%82%8A%E3%81%82%E3%82%93%E3%81%AF%E3%81%86%E3%81%99%20%E6%A0%97%E6%9D%B1%E5%B8%82
特別養護老人ホーム　治田の里,ショートステイ,滋賀県,栗東市,"介護,ショートステイ,一時利用",家族の休息や一時的な受け入れが必要な時に短期間利用するサービスです。,http://yotsuba-lcn.or.jp,滋賀県栗東市川辺627番地,077-599-5002,厚生労働省オープンデータ,https://www.mhlw.go.jp/content/12300000/jigyosho_210.csv,2025-12末,https://www.google.com/search?q=%E7%89%B9%E5%88%A5%E9%A4%8A%E8%AD%B7%E8%80%81%E4%BA%BA%E3%83%9B%E3%83%BC%E3%83%A0%E3%80%80%E6%B2%BB%E7%94%B0%E3%81%AE%E9%87%8C%20%E6%A0%97%E6%9D%B1%E5%B8%82
兆生園ショートステイ,ショートステイ,滋賀県,甲賀市,"介護,ショートステイ,一時利用",家族の休息や一時的な受け入れが必要な時に短期間利用するサービスです。,https://chooseien.com,滋賀県甲賀市水口町今郷１０３２番地の２５,0748-63-1784,厚生労働省オープンデータ,https://www.mhlw.go.jp/content/12300000/jigyosho_210.csv,2025-12末,https://www.google.com/search?q=%E5%85%86%E7%94%9F%E5%9C%92%E3%82%B7%E3%83%A7%E3%83%BC%E3%83%88%E3%82%B9%E3%83%86%E3%82%A4%20%E7%94%B2%E8%B3%80%E5%B8%82
ショートステイサービスセンターエーデル土山,ショートステイ,滋賀県,甲賀市,"介護,ショートステイ,一時利用",家族の休息や一時的な受け入れが必要な時に短期間利用するサービスです。,http://www.edeltutiyama.com,甲賀市土山町北土山2062,0748-66-1911,厚生労働省オープンデータ,https://www.mhlw.go.jp/content/12300000/jigyosho_210.csv,2025-12末,https://www.google.com/search?q=%E3%82%B7%E3%83%A7%E3%83%BC%E3%83%88%E3%82%B9%E3%83%86%E3%82%A4%E3%82%B5%E3%83%BC%E3%83%93%E3%82%B9%E3%82%BB%E3%83%B3%E3%82%BF%E3%83%BC%E3%82%A8%E3%83%BC%E3%83%87%E3%83%AB%E5%9C%9F%E5%B1%B1%20%E7%94%B2%E8%B3%80%E5%B8%82
ショートステイサービスセンター　リトルブック,ショートステイ,滋賀県,甲賀市,"介護,ショートステイ,一時利用",家族の休息や一時的な受け入れが必要な時に短期間利用するサービスです。,https://www.google.com/search?q=%E3%82%B7%E3%83%A7%E3%83%BC%E3%83%88%E3%82%B9%E3%83%86%E3%82%A4%E3%82%B5%E3%83%BC%E3%83%93%E3%82%B9%E3%82%BB%E3%83%B3%E3%82%BF%E3%83%BC%E3%80%80%E3%83%AA%E3%83%88%E3%83%AB%E3%83%96%E3%83%83%E3%82%AF%20%E7%94%B2%E8%B3%80%E5%B8%82,滋賀県甲賀市土山町北土山2062,0748－66－1911,厚生労働省オープンデータ,https://www.mhlw.go.jp/content/12300000/jigyosho_210.csv,2025-12末,https://www.google.com/search?q=%E3%82%B7%E3%83%A7%E3%83%BC%E3%83%88%E3%82%B9%E3%83%86%E3%82%A4%E3%82%B5%E3%83%BC%E3%83%93%E3%82%B9%E3%82%BB%E3%83%B3%E3%82%BF%E3%83%BC%E3%80%80%E3%83%AA%E3%83%88%E3%83%AB%E3%83%96%E3%83%83%E3%82%AF%20%E7%94%B2%E8%B3%80%E5%B8%82
せせらぎ苑ショートステイ,ショートステイ,滋賀県,甲賀市,"介護,ショートステイ,一時利用",家族の休息や一時的な受け入れが必要な時に短期間利用するサービスです。,http://kohnankai.jp,滋賀県甲賀市甲南町葛木855番地,0748-86-1020,厚生労働省オープンデータ,https://www.mhlw.go.jp/content/12300000/jigyosho_210.csv,2025-12末,https://www.google.com/search?q=%E3%81%9B%E3%81%9B%E3%82%89%E3%81%8E%E8%8B%91%E3%82%B7%E3%83%A7%E3%83%BC%E3%83%88%E3%82%B9%E3%83%86%E3%82%A4%20%E7%94%B2%E8%B3%80%E5%B8%82
甲賀荘短期入所生活介護事業所,ショートステイ,滋賀県,甲賀市,"介護,ショートステイ,一時利用",家族の休息や一時的な受け入れが必要な時に短期間利用するサービスです。,https://kougakai.org/,滋賀県甲賀市甲賀町大原中９０４,0748-88-5723,厚生労働省オープンデータ,https://www.mhlw.go.jp/content/12300000/jigyosho_210.csv,2025-12末,https://www.google.com/search?q=%E7%94%B2%E8%B3%80%E8%8D%98%E7%9F%AD%E6%9C%9F%E5%85%A5%E6%89%80%E7%94%9F%E6%B4%BB%E4%BB%8B%E8%AD%B7%E4%BA%8B%E6%A5%AD%E6%89%80%20%E7%94%B2%E8%B3%80%E5%B8%82
ショートステイサービスセンターエーデル土山,ショートステイ,滋賀県,甲賀市,"介護,ショートステイ,一時利用",家族の休息や一時的な受け入れが必要な時に短期間利用するサービスです。,http://www.edeltutiyama.com,滋賀県甲賀市土山町北土山2062,0748-66-1911,厚生労働省オープンデータ,https://www.mhlw.go.jp/content/12300000/jigyosho_210.csv,2025-12末,https://www.google.com/search?q=%E3%82%B7%E3%83%A7%E3%83%BC%E3%83%88%E3%82%B9%E3%83%86%E3%82%A4%E3%82%B5%E3%83%BC%E3%83%93%E3%82%B9%E3%82%BB%E3%83%B3%E3%82%BF%E3%83%BC%E3%82%A8%E3%83%BC%E3%83%87%E3%83%AB%E5%9C%9F%E5%B1%B1%20%E7%94%B2%E8%B3%80%E5%B8%82
はとがひらショートステイ,ショートステイ,滋賀県,甲賀市,"介護,ショートステイ,一時利用",家族の休息や一時的な受け入れが必要な時に短期間利用するサービスです。,http://www.ohmiwajunkai.or.jp/,滋賀県甲賀市水口町水口6837-5,0748-65-0066,厚生労働省オープンデータ,https://www.mhlw.go.jp/content/12300000/jigyosho_210.csv,2025-12末,https://www.google.com/search?q=%E3%81%AF%E3%81%A8%E3%81%8C%E3%81%B2%E3%82%89%E3%82%B7%E3%83%A7%E3%83%BC%E3%83%88%E3%82%B9%E3%83%86%E3%82%A4%20%E7%94%B2%E8%B3%80%E5%B8%82
短期入所生活介護センター甲賀シルバーケア豊壽園,ショートステイ,滋賀県,甲賀市,"介護,ショートステイ,一時利用",家族の休息や一時的な受け入れが必要な時に短期間利用するサービスです。,http://www.sensin.or.jp,滋賀県甲賀市土山町北土山479番地,0748-66-8087,厚生労働省オープンデータ,https://www.mhlw.go.jp/content/12300000/jigyosho_210.csv,2025-12末,https://www.google.com/search?q=%E7%9F%AD%E6%9C%9F%E5%85%A5%E6%89%80%E7%94%9F%E6%B4%BB%E4%BB%8B%E8%AD%B7%E3%82%BB%E3%83%B3%E3%82%BF%E3%83%BC%E7%94%B2%E8%B3%80%E3%82%B7%E3%83%AB%E3%83%90%E3%83%BC%E3%82%B1%E3%82%A2%E8%B1%8A%E5%A3%BD%E5%9C%92%20%E7%94%B2%E8%B3%80%E5%B8%82
樹の郷ショートステイサービス,ショートステイ,滋賀県,甲賀市,"介護,ショートステイ,一時利用",家族の休息や一時的な受け入れが必要な時に短期間利用するサービスです。,http://shigaraki-itsuki.com/index.html,滋賀県甲賀市水口町山3309,0748-63-2900,厚生労働省オープンデータ,https://www.mhlw.go.jp/content/12300000/jigyosho_210.csv,2025-12末,https://www.google.com/search?q=%E6%A8%B9%E3%81%AE%E9%83%B7%E3%82%B7%E3%83%A7%E3%83%BC%E3%83%88%E3%82%B9%E3%83%86%E3%82%A4%E3%82%B5%E3%83%BC%E3%83%93%E3%82%B9%20%E7%94%B2%E8%B3%80%E5%B8%82
信楽荘ショートステイサービス,ショートステイ,滋賀県,甲賀市,"介護,ショートステイ,一時利用",家族の休息や一時的な受け入れが必要な時に短期間利用するサービスです。,http://www.shigaraki-itsuki.com,滋賀県甲賀市信楽町牧１１５９,0748-83-1313,厚生労働省オープンデータ,https://www.mhlw.go.jp/content/12300000/jigyosho_210.csv,2025-12末,https://www.google.com/search?q=%E4%BF%A1%E6%A5%BD%E8%8D%98%E3%82%B7%E3%83%A7%E3%83%BC%E3%83%88%E3%82%B9%E3%83%86%E3%82%A4%E3%82%B5%E3%83%BC%E3%83%93%E3%82%B9%20%E7%94%B2%E8%B3%80%E5%B8%82
ショートステイサービスあやめの里,ショートステイ,滋賀県,野洲市,"介護,ショートステイ,一時利用",家族の休息や一時的な受け入れが必要な時に短期間利用するサービスです。,http://yasujikeikai.jp/,滋賀県野洲市吉川3854番地1,077-589-8533,厚生労働省オープンデータ,https://www.mhlw.go.jp/content/12300000/jigyosho_210.csv,2025-12末,https://www.google.com/search?q=%E3%82%B7%E3%83%A7%E3%83%BC%E3%83%88%E3%82%B9%E3%83%86%E3%82%A4%E3%82%B5%E3%83%BC%E3%83%93%E3%82%B9%E3%81%82%E3%82%84%E3%82%81%E3%81%AE%E9%87%8C%20%E9%87%8E%E6%B4%B2%E5%B8%82
ショートステイサービスぎおうの里,ショートステイ,滋賀県,野洲市,"介護,ショートステイ,一時利用",家族の休息や一時的な受け入れが必要な時に短期間利用するサービスです。,https://yasujikeikai.jp/,滋賀県野洲市冨波甲1340番地1,077-586-5444,厚生労働省オープンデータ,https://www.mhlw.go.jp/content/12300000/jigyosho_210.csv,2025-12末,https://www.google.com/search?q=%E3%82%B7%E3%83%A7%E3%83%BC%E3%83%88%E3%82%B9%E3%83%86%E3%82%A4%E3%82%B5%E3%83%BC%E3%83%93%E3%82%B9%E3%81%8E%E3%81%8A%E3%81%86%E3%81%AE%E9%87%8C%20%E9%87%8E%E6%B4%B2%E5%B8%82
悠紀の里ショートステイサービス,ショートステイ,滋賀県,野洲市,"介護,ショートステイ,一時利用",家族の休息や一時的な受け入れが必要な時に短期間利用するサービスです。,https://yasujikeikai.jp/,野洲市南桜2131番地1,077-587-4111,厚生労働省オープンデータ,https://www.mhlw.go.jp/content/12300000/jigyosho_210.csv,2025-12末,https://www.google.com/search?q=%E6%82%A0%E7%B4%80%E3%81%AE%E9%87%8C%E3%82%B7%E3%83%A7%E3%83%BC%E3%83%88%E3%82%B9%E3%83%86%E3%82%A4%E3%82%B5%E3%83%BC%E3%83%93%E3%82%B9%20%E9%87%8E%E6%B4%B2%E5%B8%82
ショートステイ野洲篠原すみれ園,ショートステイ,滋賀県,野洲市,"介護,ショートステイ,一時利用",家族の休息や一時的な受け入れが必要な時に短期間利用するサービスです。,https://shinohara-sumire-en.com/,滋賀県野洲市大篠原951番地,077-596-5991,厚生労働省オープンデータ,https://www.mhlw.go.jp/content/12300000/jigyosho_210.csv,2025-12末,https://www.google.com/search?q=%E3%82%B7%E3%83%A7%E3%83%BC%E3%83%88%E3%82%B9%E3%83%86%E3%82%A4%E9%87%8E%E6%B4%B2%E7%AF%A0%E5%8E%9F%E3%81%99%E3%81%BF%E3%82%8C%E5%9C%92%20%E9%87%8E%E6%B4%B2%E5%B8%82
特別養護老人ホームみやのもり,ショートステイ,滋賀県,湖南市,"介護,ショートステイ,一時利用",家族の休息や一時的な受け入れが必要な時に短期間利用するサービスです。,http://www.hacikikai.com,宮の森1丁目2番1号,0748-77-0016,厚生労働省オープンデータ,https://www.mhlw.go.jp/content/12300000/jigyosho_210.csv,2025-12末,https://www.google.com/search?q=%E7%89%B9%E5%88%A5%E9%A4%8A%E8%AD%B7%E8%80%81%E4%BA%BA%E3%83%9B%E3%83%BC%E3%83%A0%E3%81%BF%E3%82%84%E3%81%AE%E3%82%82%E3%82%8A%20%E6%B9%96%E5%8D%97%E5%B8%82
あぼしショートステイ,ショートステイ,滋賀県,湖南市,"介護,ショートステイ,一時利用",家族の休息や一時的な受け入れが必要な時に短期間利用するサービスです。,http://www.hachikikai.com,滋賀県湖南市丸山四丁目５番１号,0748-77-0037,厚生労働省オープンデータ,https://www.mhlw.go.jp/content/12300000/jigyosho_210.csv,2025-12末,https://www.google.com/search?q=%E3%81%82%E3%81%BC%E3%81%97%E3%82%B7%E3%83%A7%E3%83%BC%E3%83%88%E3%82%B9%E3%83%86%E3%82%A4%20%E6%B9%96%E5%8D%97%E5%B8%82
特別養護老人ホーム美松苑　短期入所生活介護　介護予防短期入所生活介護,ショートステイ,滋賀県,湖南市,"介護,ショートステイ,一時利用",家族の休息や一時的な受け入れが必要な時に短期間利用するサービスです。,http://www.ohmiwajunkai.or.jp/,滋賀県湖南市針１３２５番地,0748-72-4705,厚生労働省オープンデータ,https://www.mhlw.go.jp/content/12300000/jigyosho_210.csv,2025-12末,https://www.google.com/search?q=%E7%89%B9%E5%88%A5%E9%A4%8A%E8%AD%B7%E8%80%81%E4%BA%BA%E3%83%9B%E3%83%BC%E3%83%A0%E7%BE%8E%E6%9D%BE%E8%8B%91%E3%80%80%E7%9F%AD%E6%9C%9F%E5%85%A5%E6%89%80%E7%94%9F%E6%B4%BB%E4%BB%8B%E8%AD%B7%E3%80%80%E4%BB%8B%E8%AD%B7%E4%BA%88%E9%98%B2%E7%9F%AD%E6%9C%9F%E5%85%A5%E6%89%80%E7%94%9F%E6%B4%BB%E4%BB%8B%E8%AD%B7%20%E6%B9%96%E5%8D%97%E5%B8%82
十二坊ショートステイ,ショートステイ,滋賀県,湖南市,"介護,ショートステイ,一時利用",家族の休息や一時的な受け入れが必要な時に短期間利用するサービスです。,http://www.ohmiwajunkai.or.jp,滋賀県湖南市岩根690-4,0748-75-8883,厚生労働省オープンデータ,https://www.mhlw.go.jp/content/12300000/jigyosho_210.csv,2025-12末,https://www.google.com/search?q=%E5%8D%81%E4%BA%8C%E5%9D%8A%E3%82%B7%E3%83%A7%E3%83%BC%E3%83%88%E3%82%B9%E3%83%86%E3%82%A4%20%E6%B9%96%E5%8D%97%E5%B8%82
短期入所施設　ニューサンライズ,ショートステイ,滋賀県,高島市,"介護,ショートステイ,一時利用",家族の休息や一時的な受け入れが必要な時に短期間利用するサービスです。,http://shinasahi-minorikai.or.jp,滋賀県高島市新旭町藁園2603番地,0740-25-8288,厚生労働省オープンデータ,https://www.mhlw.go.jp/content/12300000/jigyosho_210.csv,2025-12末,https://www.google.com/search?q=%E7%9F%AD%E6%9C%9F%E5%85%A5%E6%89%80%E6%96%BD%E8%A8%AD%E3%80%80%E3%83%8B%E3%83%A5%E3%83%BC%E3%82%B5%E3%83%B3%E3%83%A9%E3%82%A4%E3%82%BA%20%E9%AB%98%E5%B3%B6%E5%B8%82
社会福祉法人ゆたか会　ショートステイ　さわのかぜ,ショートステイ,滋賀県,高島市,"介護,ショートステイ,一時利用",家族の休息や一時的な受け入れが必要な時に短期間利用するサービスです。,yutakakai.jp,滋賀県高島市マキノ町沢1791-1,0740-27-8020,厚生労働省オープンデータ,https://www.mhlw.go.jp/content/12300000/jigyosho_210.csv,2025-12末,https://www.google.com/search?q=%E7%A4%BE%E4%BC%9A%E7%A6%8F%E7%A5%89%E6%B3%95%E4%BA%BA%E3%82%86%E3%81%9F%E3%81%8B%E4%BC%9A%E3%80%80%E3%82%B7%E3%83%A7%E3%83%BC%E3%83%88%E3%82%B9%E3%83%86%E3%82%A4%E3%80%80%E3%81%95%E3%82%8F%E3%81%AE%E3%81%8B%E3%81%9C%20%E9%AB%98%E5%B3%B6%E5%B8%82
桜美林シューレ高島,ショートステイ,滋賀県,高島市,"介護,ショートステイ,一時利用",家族の休息や一時的な受け入れが必要な時に短期間利用するサービスです。,https://os-takashima.org,滋賀県高島市新旭町北畑525-2,0740-28-7666,厚生労働省オープンデータ,https://www.mhlw.go.jp/content/12300000/jigyosho_210.csv,2025-12末,https://www.google.com/search?q=%E6%A1%9C%E7%BE%8E%E6%9E%97%E3%82%B7%E3%83%A5%E3%83%BC%E3%83%AC%E9%AB%98%E5%B3%B6%20%E9%AB%98%E5%B3%B6%E5%B8%82
短期入所施設あっとほーむ萩,ショートステイ,滋賀県,高島市,"介護,ショートステイ,一時利用",家族の休息や一時的な受け入れが必要な時に短期間利用するサービスです。,http://shinasahi-minorikai.or.jp/,滋賀県高島市勝野1－2,0740-36-0122,厚生労働省オープンデータ,https://www.mhlw.go.jp/content/12300000/jigyosho_210.csv,2025-12末,https://www.google.com/search?q=%E7%9F%AD%E6%9C%9F%E5%85%A5%E6%89%80%E6%96%BD%E8%A8%AD%E3%81%82%E3%81%A3%E3%81%A8%E3%81%BB%E3%83%BC%E3%82%80%E8%90%A9%20%E9%AB%98%E5%B3%B6%E5%B8%82
朽木小規模特別養護老人ホームやまゆりの里ショートステイ,ショートステイ,滋賀県,高島市,"介護,ショートステイ,一時利用",家族の休息や一時的な受け入れが必要な時に短期間利用するサービスです。,http://hatsuho-yamayuri.com,滋賀県高島市朽木市場656,0740-38-8030,厚生労働省オープンデータ,https://www.mhlw.go.jp/content/12300000/jigyosho_210.csv,2025-12末,https://www.google.com/search?q=%E6%9C%BD%E6%9C%A8%E5%B0%8F%E8%A6%8F%E6%A8%A1%E7%89%B9%E5%88%A5%E9%A4%8A%E8%AD%B7%E8%80%81%E4%BA%BA%E3%83%9B%E3%83%BC%E3%83%A0%E3%82%84%E3%81%BE%E3%82%86%E3%82%8A%E3%81%AE%E9%87%8C%E3%82%B7%E3%83%A7%E3%83%BC%E3%83%88%E3%82%B9%E3%83%86%E3%82%A4%20%E9%AB%98%E5%B3%B6%E5%B8%82
地域密着型小規模特別養護老人ホームやまゆりの里ショートステイ,ショートステイ,滋賀県,高島市,"介護,ショートステイ,一時利用",家族の休息や一時的な受け入れが必要な時に短期間利用するサービスです。,https://hatsuho-yamayuri.com,滋賀県高島市朽木市場656番地,0740-38-8030,厚生労働省オープンデータ,https://www.mhlw.go.jp/content/12300000/jigyosho_210.csv,2025-12末,https://www.google.com/search?q=%E5%9C%B0%E5%9F%9F%E5%AF%86%E7%9D%80%E5%9E%8B%E5%B0%8F%E8%A6%8F%E6%A8%A1%E7%89%B9%E5%88%A5%E9%A4%8A%E8%AD%B7%E8%80%81%E4%BA%BA%E3%83%9B%E3%83%BC%E3%83%A0%E3%82%84%E3%81%BE%E3%82%86%E3%82%8A%E3%81%AE%E9%87%8C%E3%82%B7%E3%83%A7%E3%83%BC%E3%83%88%E3%82%B9%E3%83%86%E3%82%A4%20%E9%AB%98%E5%B3%B6%E5%B8%82
ショートステイせいふうそう,ショートステイ,滋賀県,高島市,"介護,ショートステイ,一時利用",家族の休息や一時的な受け入れが必要な時に短期間利用するサービスです。,http://yutakakai.jp/,滋賀県高島市今津町南新保87番地１５,0740-22-1601,厚生労働省オープンデータ,https://www.mhlw.go.jp/content/12300000/jigyosho_210.csv,2025-12末,https://www.google.com/search?q=%E3%82%B7%E3%83%A7%E3%83%BC%E3%83%88%E3%82%B9%E3%83%86%E3%82%A4%E3%81%9B%E3%81%84%E3%81%B5%E3%81%86%E3%81%9D%E3%81%86%20%E9%AB%98%E5%B3%B6%E5%B8%82
特別養護老人ホームふじの里ショートステイ,ショートステイ,滋賀県,高島市,"介護,ショートステイ,一時利用",家族の休息や一時的な受け入れが必要な時に短期間利用するサービスです。,www.kouyoukai-fujinosato.jp,滋賀県高島市安曇川町下小川3220-1,0740-32-4165,厚生労働省オープンデータ,https://www.mhlw.go.jp/content/12300000/jigyosho_210.csv,2025-12末,https://www.google.com/search?q=%E7%89%B9%E5%88%A5%E9%A4%8A%E8%AD%B7%E8%80%81%E4%BA%BA%E3%83%9B%E3%83%BC%E3%83%A0%E3%81%B5%E3%81%98%E3%81%AE%E9%87%8C%E3%82%B7%E3%83%A7%E3%83%BC%E3%83%88%E3%82%B9%E3%83%86%E3%82%A4%20%E9%AB%98%E5%B3%B6%E5%B8%82
ニューサンライズ,ショートステイ,滋賀県,高島市,"介護,ショートステイ,一時利用",家族の休息や一時的な受け入れが必要な時に短期間利用するサービスです。,http://shinasahi-minorikai.or.jp,滋賀県高島市藁園2603番地,0740-25-8288,厚生労働省オープンデータ,https://www.mhlw.go.jp/content/12300000/jigyosho_210.csv,2025-12末,https://www.google.com/search?q=%E3%83%8B%E3%83%A5%E3%83%BC%E3%82%B5%E3%83%B3%E3%83%A9%E3%82%A4%E3%82%BA%20%E9%AB%98%E5%B3%B6%E5%B8%82
特別養護老人ホームカルナハウス,ショートステイ,滋賀県,東近江市,"介護,ショートステイ,一時利用",家族の休息や一時的な受け入れが必要な時に短期間利用するサービスです。,htttp://www.jishoukai.or.jp,東近江市建部下野町７９７番地,0748-23-3250,厚生労働省オープンデータ,https://www.mhlw.go.jp/content/12300000/jigyosho_210.csv,2025-12末,https://www.google.com/search?q=%E7%89%B9%E5%88%A5%E9%A4%8A%E8%AD%B7%E8%80%81%E4%BA%BA%E3%83%9B%E3%83%BC%E3%83%A0%E3%82%AB%E3%83%AB%E3%83%8A%E3%83%8F%E3%82%A6%E3%82%B9%20%E6%9D%B1%E8%BF%91%E6%B1%9F%E5%B8%82
特別養護老人ホーム　清水苑,ショートステイ,滋賀県,東近江市,"介護,ショートステイ,一時利用",家族の休息や一時的な受け入れが必要な時に短期間利用するサービスです。,http://rokushinkai.com,滋賀県東近江市五個荘川並町268番地,0748-48-5000,厚生労働省オープンデータ,https://www.mhlw.go.jp/content/12300000/jigyosho_210.csv,2025-12末,https://www.google.com/search?q=%E7%89%B9%E5%88%A5%E9%A4%8A%E8%AD%B7%E8%80%81%E4%BA%BA%E3%83%9B%E3%83%BC%E3%83%A0%E3%80%80%E6%B8%85%E6%B0%B4%E8%8B%91%20%E6%9D%B1%E8%BF%91%E6%B1%9F%E5%B8%82
ショートステイセンター玉園ハイム,ショートステイ,滋賀県,東近江市,"介護,ショートステイ,一時利用",家族の休息や一時的な受け入れが必要な時に短期間利用するサービスです。,http://tama-zono.com/,滋賀県東近江市尻無町字山ノ間１１７０番地の３,0748-23-6886,厚生労働省オープンデータ,https://www.mhlw.go.jp/content/12300000/jigyosho_210.csv,2025-12末,https://www.google.com/search?q=%E3%82%B7%E3%83%A7%E3%83%BC%E3%83%88%E3%82%B9%E3%83%86%E3%82%A4%E3%82%BB%E3%83%B3%E3%82%BF%E3%83%BC%E7%8E%89%E5%9C%92%E3%83%8F%E3%82%A4%E3%83%A0%20%E6%9D%B1%E8%BF%91%E6%B1%9F%E5%B8%82
もみじ短期入所生活介護,ショートステイ,滋賀県,東近江市,"介護,ショートステイ,一時利用",家族の休息や一時的な受け入れが必要な時に短期間利用するサービスです。,http//www.hachikikai.com,滋賀県東近江市永源寺高野町431-2,0748-27-2031,厚生労働省オープンデータ,https://www.mhlw.go.jp/content/12300000/jigyosho_210.csv,2025-12末,https://www.google.com/search?q=%E3%82%82%E3%81%BF%E3%81%98%E7%9F%AD%E6%9C%9F%E5%85%A5%E6%89%80%E7%94%9F%E6%B4%BB%E4%BB%8B%E8%AD%B7%20%E6%9D%B1%E8%BF%91%E6%B1%9F%E5%B8%82
小規模特別養護老人ホームのとがわ短期入所生活介護,ショートステイ,滋賀県,東近江市,"介護,ショートステイ,一時利用",家族の休息や一時的な受け入れが必要な時に短期間利用するサービスです。,http://shiga-shinjyukai.or.jp,滋賀県東近江市新宮町３１６番１,0748-42-3377,厚生労働省オープンデータ,https://www.mhlw.go.jp/content/12300000/jigyosho_210.csv,2025-12末,https://www.google.com/search?q=%E5%B0%8F%E8%A6%8F%E6%A8%A1%E7%89%B9%E5%88%A5%E9%A4%8A%E8%AD%B7%E8%80%81%E4%BA%BA%E3%83%9B%E3%83%BC%E3%83%A0%E3%81%AE%E3%81%A8%E3%81%8C%E3%82%8F%E7%9F%AD%E6%9C%9F%E5%85%A5%E6%89%80%E7%94%9F%E6%B4%BB%E4%BB%8B%E8%AD%B7%20%E6%9D%B1%E8%BF%91%E6%B1%9F%E5%B8%82
きいとショートステイ,ショートステイ,滋賀県,東近江市,"介護,ショートステイ,一時利用",家族の休息や一時的な受け入れが必要な時に短期間利用するサービスです。,http://www.rokushinkai.com/service/kiito/,滋賀県東近江市五個荘山本町447番地34,0748-48-7501,厚生労働省オープンデータ,https://www.mhlw.go.jp/content/12300000/jigyosho_210.csv,2025-12末,https://www.google.com/search?q=%E3%81%8D%E3%81%84%E3%81%A8%E3%82%B7%E3%83%A7%E3%83%BC%E3%83%88%E3%82%B9%E3%83%86%E3%82%A4%20%E6%9D%B1%E8%BF%91%E6%B1%9F%E5%B8%82
ショートステイこぼしの家,ショートステイ,滋賀県,東近江市,"介護,ショートステイ,一時利用",家族の休息や一時的な受け入れが必要な時に短期間利用するサービスです。,https://koboshi.p-kit.com/,東近江市市辺町3477,0748-20-0511,厚生労働省オープンデータ,https://www.mhlw.go.jp/content/12300000/jigyosho_210.csv,2025-12末,https://www.google.com/search?q=%E3%82%B7%E3%83%A7%E3%83%BC%E3%83%88%E3%82%B9%E3%83%86%E3%82%A4%E3%81%93%E3%81%BC%E3%81%97%E3%81%AE%E5%AE%B6%20%E6%9D%B1%E8%BF%91%E6%B1%9F%E5%B8%82
沖野原ショートステイ,ショートステイ,滋賀県,東近江市,"介護,ショートステイ,一時利用",家族の休息や一時的な受け入れが必要な時に短期間利用するサービスです。,http://www.ex.biwa.ne.jp/~okinohara/,滋賀県東近江市沖野三丁目10番18号,0748-22-7555,厚生労働省オープンデータ,https://www.mhlw.go.jp/content/12300000/jigyosho_210.csv,2025-12末,https://www.google.com/search?q=%E6%B2%96%E9%87%8E%E5%8E%9F%E3%82%B7%E3%83%A7%E3%83%BC%E3%83%88%E3%82%B9%E3%83%86%E3%82%A4%20%E6%9D%B1%E8%BF%91%E6%B1%9F%E5%B8%82
菊水園ショートステイセンター,ショートステイ,滋賀県,東近江市,"介護,ショートステイ,一時利用",家族の休息や一時的な受け入れが必要な時に短期間利用するサービスです。,http://care-care.jp/kaigo/ty_facilities.php?tyid=33,東近江市下里町789,0749-45-1518,厚生労働省オープンデータ,https://www.mhlw.go.jp/content/12300000/jigyosho_210.csv,2025-12末,https://www.google.com/search?q=%E8%8F%8A%E6%B0%B4%E5%9C%92%E3%82%B7%E3%83%A7%E3%83%BC%E3%83%88%E3%82%B9%E3%83%86%E3%82%A4%E3%82%BB%E3%83%B3%E3%82%BF%E3%83%BC%20%E6%9D%B1%E8%BF%91%E6%B1%9F%E5%B8%82
特別養護老人ホーム　能登川園,ショートステイ,滋賀県,東近江市,"介護,ショートステイ,一時利用",家族の休息や一時的な受け入れが必要な時に短期間利用するサービスです。,http://shiga-shinjyukai.or.jp/,東近江市新宮町５４７,0748-42-7025,厚生労働省オープンデータ,https://www.mhlw.go.jp/content/12300000/jigyosho_210.csv,2025-12末,https://www.google.com/search?q=%E7%89%B9%E5%88%A5%E9%A4%8A%E8%AD%B7%E8%80%81%E4%BA%BA%E3%83%9B%E3%83%BC%E3%83%A0%E3%80%80%E8%83%BD%E7%99%BB%E5%B7%9D%E5%9C%92%20%E6%9D%B1%E8%BF%91%E6%B1%9F%E5%B8%82
地域密着型特別養護老人ホームわが家ひだまり　短期入所生活介護,ショートステイ,滋賀県,米原市,"介護,ショートステイ,一時利用",家族の休息や一時的な受け入れが必要な時に短期間利用するサービスです。,http://www.hidamari-shiga.jp,滋賀県米原市本郷603番1,0749-55-3131,厚生労働省オープンデータ,https://www.mhlw.go.jp/content/12300000/jigyosho_210.csv,2025-12末,https://www.google.com/search?q=%E5%9C%B0%E5%9F%9F%E5%AF%86%E7%9D%80%E5%9E%8B%E7%89%B9%E5%88%A5%E9%A4%8A%E8%AD%B7%E8%80%81%E4%BA%BA%E3%83%9B%E3%83%BC%E3%83%A0%E3%82%8F%E3%81%8C%E5%AE%B6%E3%81%B2%E3%81%A0%E3%81%BE%E3%82%8A%E3%80%80%E7%9F%AD%E6%9C%9F%E5%85%A5%E6%89%80%E7%94%9F%E6%B4%BB%E4%BB%8B%E8%AD%B7%20%E7%B1%B3%E5%8E%9F%E5%B8%82
スマイルショートステイ,ショートステイ,滋賀県,米原市,"介護,ショートステイ,一時利用",家族の休息や一時的な受け入れが必要な時に短期間利用するサービスです。,https://www.oumikunpuukai.com,滋賀県米原市寺倉603-1,0749-54-8201,厚生労働省オープンデータ,https://www.mhlw.go.jp/content/12300000/jigyosho_210.csv,2025-12末,https://www.google.com/search?q=%E3%82%B9%E3%83%9E%E3%82%A4%E3%83%AB%E3%82%B7%E3%83%A7%E3%83%BC%E3%83%88%E3%82%B9%E3%83%86%E3%82%A4%20%E7%B1%B3%E5%8E%9F%E5%B8%82
社会福祉法人青祥会坂田青成苑ショートステイ,ショートステイ,滋賀県,米原市,"介護,ショートステイ,一時利用",家族の休息や一時的な受け入れが必要な時に短期間利用するサービスです。,http://www.seishokai.jp/sakata,滋賀県米原市野一色１１３６,0749-55-3511,厚生労働省オープンデータ,https://www.mhlw.go.jp/content/12300000/jigyosho_210.csv,2025-12末,https://www.google.com/search?q=%E7%A4%BE%E4%BC%9A%E7%A6%8F%E7%A5%89%E6%B3%95%E4%BA%BA%E9%9D%92%E7%A5%A5%E4%BC%9A%E5%9D%82%E7%94%B0%E9%9D%92%E6%88%90%E8%8B%91%E3%82%B7%E3%83%A7%E3%83%BC%E3%83%88%E3%82%B9%E3%83%86%E3%82%A4%20%E7%B1%B3%E5%8E%9F%E5%B8%82
特別養護老人ホーム白寿荘,ショートステイ,滋賀県,日野町,"介護,ショートステイ,一時利用",家族の休息や一時的な受け入れが必要な時に短期間利用するサービスです。,hakujuso@kotoukai.or.jp,滋賀県蒲生郡日野町松尾３５９番地,0748-52-5616,厚生労働省オープンデータ,https://www.mhlw.go.jp/content/12300000/jigyosho_210.csv,2025-12末,https://www.google.com/search?q=%E7%89%B9%E5%88%A5%E9%A4%8A%E8%AD%B7%E8%80%81%E4%BA%BA%E3%83%9B%E3%83%BC%E3%83%A0%E7%99%BD%E5%AF%BF%E8%8D%98%20%E6%97%A5%E9%87%8E%E7%94%BA
特別養護老人ホーム誉の松,ショートステイ,滋賀県,日野町,"介護,ショートステイ,一時利用",家族の休息や一時的な受け入れが必要な時に短期間利用するサービスです。,http://www.homare.or.jp,滋賀県蒲生郡日野町大字深山口524番地,0748-53-0261,厚生労働省オープンデータ,https://www.mhlw.go.jp/content/12300000/jigyosho_210.csv,2025-12末,https://www.google.com/search?q=%E7%89%B9%E5%88%A5%E9%A4%8A%E8%AD%B7%E8%80%81%E4%BA%BA%E3%83%9B%E3%83%BC%E3%83%A0%E8%AA%89%E3%81%AE%E6%9D%BE%20%E6%97%A5%E9%87%8E%E7%94%BA
ショートステイ　万葉の里,ショートステイ,滋賀県,竜王町,"介護,ショートステイ,一時利用",家族の休息や一時的な受け入れが必要な時に短期間利用するサービスです。,http://care-net.biz/25/yukinokai/,滋賀県蒲生郡竜王町大字山之上632番地,0748-57-2100,厚生労働省オープンデータ,https://www.mhlw.go.jp/content/12300000/jigyosho_210.csv,2025-12末,https://www.google.com/search?q=%E3%82%B7%E3%83%A7%E3%83%BC%E3%83%88%E3%82%B9%E3%83%86%E3%82%A4%E3%80%80%E4%B8%87%E8%91%89%E3%81%AE%E9%87%8C%20%E7%AB%9C%E7%8E%8B%E7%94%BA
社会福祉法人青祥会　やまびこショートステイ,ショートステイ,滋賀県,愛荘町,"介護,ショートステイ,一時利用",家族の休息や一時的な受け入れが必要な時に短期間利用するサービスです。,http://www.seishokai.jp/,滋賀県愛知郡愛荘町安孫子1235番地,0749-37-8532,厚生労働省オープンデータ,https://www.mhlw.go.jp/content/12300000/jigyosho_210.csv,2025-12末,https://www.google.com/search?q=%E7%A4%BE%E4%BC%9A%E7%A6%8F%E7%A5%89%E6%B3%95%E4%BA%BA%E9%9D%92%E7%A5%A5%E4%BC%9A%E3%80%80%E3%82%84%E3%81%BE%E3%81%B3%E3%81%93%E3%82%B7%E3%83%A7%E3%83%BC%E3%83%88%E3%82%B9%E3%83%86%E3%82%A4%20%E6%84%9B%E8%8D%98%E7%94%BA
ハッピーライフゆりの郷　ショートステイ,ショートステイ,滋賀県,愛荘町,"介護,ショートステイ,一時利用",家族の休息や一時的な受け入れが必要な時に短期間利用するサービスです。,http://www.yurinosato.or.jp/,滋賀県愛知郡愛荘町市１５０９番地,0749-49-5125,厚生労働省オープンデータ,https://www.mhlw.go.jp/content/12300000/jigyosho_210.csv,2025-12末,https://www.google.com/search?q=%E3%83%8F%E3%83%83%E3%83%94%E3%83%BC%E3%83%A9%E3%82%A4%E3%83%95%E3%82%86%E3%82%8A%E3%81%AE%E9%83%B7%E3%80%80%E3%82%B7%E3%83%A7%E3%83%BC%E3%83%88%E3%82%B9%E3%83%86%E3%82%A4%20%E6%84%9B%E8%8D%98%E7%94%BA
特別養護老人ホームいやしのさと,ショートステイ,滋賀県,豊郷町,"介護,ショートステイ,一時利用",家族の休息や一時的な受け入れが必要な時に短期間利用するサービスです。,http://asunaroiyashinosat.wixsite.com/asunaro/blank-3,犬上郡豊郷町沢517-4,0749-35-0216,厚生労働省オープンデータ,https://www.mhlw.go.jp/content/12300000/jigyosho_210.csv,2025-12末,https://www.google.com/search?q=%E7%89%B9%E5%88%A5%E9%A4%8A%E8%AD%B7%E8%80%81%E4%BA%BA%E3%83%9B%E3%83%BC%E3%83%A0%E3%81%84%E3%82%84%E3%81%97%E3%81%AE%E3%81%95%E3%81%A8%20%E8%B1%8A%E9%83%B7%E7%94%BA
特別養護老人ホームいぬかみ,ショートステイ,滋賀県,多賀町,"介護,ショートステイ,一時利用",家族の休息や一時的な受け入れが必要な時に短期間利用するサービスです。,http://kotoukai.or.jp/,滋賀県犬上郡多賀町中川原605-2,0749-48-2600,厚生労働省オープンデータ,https://www.mhlw.go.jp/content/12300000/jigyosho_210.csv,2025-12末,https://www.google.com/search?q=%E7%89%B9%E5%88%A5%E9%A4%8A%E8%AD%B7%E8%80%81%E4%BA%BA%E3%83%9B%E3%83%BC%E3%83%A0%E3%81%84%E3%81%AC%E3%81%8B%E3%81%BF%20%E5%A4%9A%E8%B3%80%E7%94%BA
短期入所生活介護施設　多賀清流の里,ショートステイ,滋賀県,多賀町,"介護,ショートステイ,一時利用",家族の休息や一時的な受け入れが必要な時に短期間利用するサービスです。,https://tashinkai.jp,滋賀県犬上郡多賀町佐目６７５,0749-49-8030,厚生労働省オープンデータ,https://www.mhlw.go.jp/content/12300000/jigyosho_210.csv,2025-12末,https://www.google.com/search?q=%E7%9F%AD%E6%9C%9F%E5%85%A5%E6%89%80%E7%94%9F%E6%B4%BB%E4%BB%8B%E8%AD%B7%E6%96%BD%E8%A8%AD%E3%80%80%E5%A4%9A%E8%B3%80%E6%B8%85%E6%B5%81%E3%81%AE%E9%87%8C%20%E5%A4%9A%E8%B3%80%E7%94%BA
介護老人保健施設チェルシー,短期入所療養介護_老健,滋賀県,大津市,"介護,短期入所療養介護_老健,リハビリ,一時利用",短期入所療養介護_老健の公式オープンデータから取り込んだ候補です。詳細は公式情報・電話・見学で確認してください。,ｈｔｔｐ://ｗｗｗ.ｒｙｏｋｕｓｅｉｋａｉ.ｊｐ,大石淀3丁目8-23,077-546-1123,厚生労働省オープンデータ,https://www.mhlw.go.jp/content/12300000/jigyosho_220.csv,2025-12末,https://www.google.com/search?q=%E4%BB%8B%E8%AD%B7%E8%80%81%E4%BA%BA%E4%BF%9D%E5%81%A5%E6%96%BD%E8%A8%AD%E3%83%81%E3%82%A7%E3%83%AB%E3%82%B7%E3%83%BC%20%E5%A4%A7%E6%B4%A5%E5%B8%82
医療法人堅田病院介護老人保健施設虹水苑,短期入所療養介護_老健,滋賀県,大津市,"介護,短期入所療養介護_老健,リハビリ,一時利用",短期入所療養介護_老健の公式オープンデータから取り込んだ候補です。詳細は公式情報・電話・見学で確認してください。,https://www.google.com/search?q=%E5%8C%BB%E7%99%82%E6%B3%95%E4%BA%BA%E5%A0%85%E7%94%B0%E7%97%85%E9%99%A2%E4%BB%8B%E8%AD%B7%E8%80%81%E4%BA%BA%E4%BF%9D%E5%81%A5%E6%96%BD%E8%A8%AD%E8%99%B9%E6%B0%B4%E8%8B%91%20%E5%A4%A7%E6%B4%A5%E5%B8%82,大津市仰木七丁目18-15,077-571-3336,厚生労働省オープンデータ,https://www.mhlw.go.jp/content/12300000/jigyosho_220.csv,2025-12末,https://www.google.com/search?q=%E5%8C%BB%E7%99%82%E6%B3%95%E4%BA%BA%E5%A0%85%E7%94%B0%E7%97%85%E9%99%A2%E4%BB%8B%E8%AD%B7%E8%80%81%E4%BA%BA%E4%BF%9D%E5%81%A5%E6%96%BD%E8%A8%AD%E8%99%B9%E6%B0%B4%E8%8B%91%20%E5%A4%A7%E6%B4%A5%E5%B8%82
独立行政法人地域医療機能推進機構　滋賀病院附属介護老人保健施設,短期入所療養介護_老健,滋賀県,大津市,"介護,短期入所療養介護_老健,リハビリ,一時利用",短期入所療養介護_老健の公式オープンデータから取り込んだ候補です。詳細は公式情報・電話・見学で確認してください。,http://shiga.jcho.go.jp/rouken/,大津市富士見台16-1,077-537-3102,厚生労働省オープンデータ,https://www.mhlw.go.jp/content/12300000/jigyosho_220.csv,2025-12末,https://www.google.com/search?q=%E7%8B%AC%E7%AB%8B%E8%A1%8C%E6%94%BF%E6%B3%95%E4%BA%BA%E5%9C%B0%E5%9F%9F%E5%8C%BB%E7%99%82%E6%A9%9F%E8%83%BD%E6%8E%A8%E9%80%B2%E6%A9%9F%E6%A7%8B%E3%80%80%E6%BB%8B%E8%B3%80%E7%97%85%E9%99%A2%E9%99%84%E5%B1%9E%E4%BB%8B%E8%AD%B7%E8%80%81%E4%BA%BA%E4%BF%9D%E5%81%A5%E6%96%BD%E8%A8%AD%20%E5%A4%A7%E6%B4%A5%E5%B8%82
介護老人保健施設日和の里,短期入所療養介護_老健,滋賀県,大津市,"介護,短期入所療養介護_老健,リハビリ,一時利用",短期入所療養介護_老健の公式オープンデータから取り込んだ候補です。詳細は公式情報・電話・見学で確認してください。,http://shigamin.jp/hiyori/,滋賀県大津市坂本6丁目25番3号,077-579-0309,厚生労働省オープンデータ,https://www.mhlw.go.jp/content/12300000/jigyosho_220.csv,2025-12末,https://www.google.com/search?q=%E4%BB%8B%E8%AD%B7%E8%80%81%E4%BA%BA%E4%BF%9D%E5%81%A5%E6%96%BD%E8%A8%AD%E6%97%A5%E5%92%8C%E3%81%AE%E9%87%8C%20%E5%A4%A7%E6%B4%A5%E5%B8%82
医療法人弘英会　介護老人保健施設Ｂ･Ｏ･Ｈケア･サービスセンター,短期入所療養介護_老健,滋賀県,大津市,"介護,短期入所療養介護_老健,リハビリ,一時利用",短期入所療養介護_老健の公式オープンデータから取り込んだ候補です。詳細は公式情報・電話・見学で確認してください。,http://boh-care.jp,滋賀県大津市伊香立途中町７０４番地,077-598-2133,厚生労働省オープンデータ,https://www.mhlw.go.jp/content/12300000/jigyosho_220.csv,2025-12末,https://www.google.com/search?q=%E5%8C%BB%E7%99%82%E6%B3%95%E4%BA%BA%E5%BC%98%E8%8B%B1%E4%BC%9A%E3%80%80%E4%BB%8B%E8%AD%B7%E8%80%81%E4%BA%BA%E4%BF%9D%E5%81%A5%E6%96%BD%E8%A8%AD%EF%BC%A2%EF%BD%A5%EF%BC%AF%EF%BD%A5%EF%BC%A8%E3%82%B1%E3%82%A2%EF%BD%A5%E3%82%B5%E3%83%BC%E3%83%93%E3%82%B9%E3%82%BB%E3%83%B3%E3%82%BF%E3%83%BC%20%E5%A4%A7%E6%B4%A5%E5%B8%82
介護老人保健施設レーク・ホロニー,短期入所療養介護_老健,滋賀県,大津市,"介護,短期入所療養介護_老健,リハビリ,一時利用",短期入所療養介護_老健の公式オープンデータから取り込んだ候補です。詳細は公式情報・電話・見学で確認してください。,http://www18.ocn.jp/^katyou/index.htm,滋賀県大津市大萱七丁目7番3号介護老人保健施設レーク・ホロニー,077-545-2555,厚生労働省オープンデータ,https://www.mhlw.go.jp/content/12300000/jigyosho_220.csv,2025-12末,https://www.google.com/search?q=%E4%BB%8B%E8%AD%B7%E8%80%81%E4%BA%BA%E4%BF%9D%E5%81%A5%E6%96%BD%E8%A8%AD%E3%83%AC%E3%83%BC%E3%82%AF%E3%83%BB%E3%83%9B%E3%83%AD%E3%83%8B%E3%83%BC%20%E5%A4%A7%E6%B4%A5%E5%B8%82
介護老人保健施設ケアセンター志賀,短期入所療養介護_老健,滋賀県,大津市,"介護,短期入所療養介護_老健,リハビリ,一時利用",短期入所療養介護_老健の公式オープンデータから取り込んだ候補です。詳細は公式情報・電話・見学で確認してください。,http://www.koseikai.care/,大津市和邇高城260番1,077-594-0110,厚生労働省オープンデータ,https://www.mhlw.go.jp/content/12300000/jigyosho_220.csv,2025-12末,https://www.google.com/search?q=%E4%BB%8B%E8%AD%B7%E8%80%81%E4%BA%BA%E4%BF%9D%E5%81%A5%E6%96%BD%E8%A8%AD%E3%82%B1%E3%82%A2%E3%82%BB%E3%83%B3%E3%82%BF%E3%83%BC%E5%BF%97%E8%B3%80%20%E5%A4%A7%E6%B4%A5%E5%B8%82
介護老人保健施設アロフェンテ彦根,短期入所療養介護_老健,滋賀県,彦根市,"介護,短期入所療養介護_老健,リハビリ,一時利用",短期入所療養介護_老健の公式オープンデータから取り込んだ候補です。詳細は公式情報・電話・見学で確認してください。,http://yujin-kaigo.com/,滋賀県彦根市竹ヶ鼻町80番地,0749-21-3300,厚生労働省オープンデータ,https://www.mhlw.go.jp/content/12300000/jigyosho_220.csv,2025-12末,https://www.google.com/search?q=%E4%BB%8B%E8%AD%B7%E8%80%81%E4%BA%BA%E4%BF%9D%E5%81%A5%E6%96%BD%E8%A8%AD%E3%82%A2%E3%83%AD%E3%83%95%E3%82%A7%E3%83%B3%E3%83%86%E5%BD%A6%E6%A0%B9%20%E5%BD%A6%E6%A0%B9%E5%B8%82
介護老人保健施設　琵琶,短期入所療養介護_老健,滋賀県,長浜市,"介護,短期入所療養介護_老健,リハビリ,一時利用",短期入所療養介護_老健の公式オープンデータから取り込んだ候補です。詳細は公式情報・電話・見学で確認してください。,http://www.simosaka.jp,滋賀県長浜市川道町2694,0749-72-8080,厚生労働省オープンデータ,https://www.mhlw.go.jp/content/12300000/jigyosho_220.csv,2025-12末,https://www.google.com/search?q=%E4%BB%8B%E8%AD%B7%E8%80%81%E4%BA%BA%E4%BF%9D%E5%81%A5%E6%96%BD%E8%A8%AD%E3%80%80%E7%90%B5%E7%90%B6%20%E9%95%B7%E6%B5%9C%E5%B8%82
介護老人保健施設　長浜メディケアセンター,短期入所療養介護_老健,滋賀県,長浜市,"介護,短期入所療養介護_老健,リハビリ,一時利用",短期入所療養介護_老健の公式オープンデータから取り込んだ候補です。詳細は公式情報・電話・見学で確認してください。,http://seishokai.jp/nmc,滋賀県長浜市加田町2984-1,0749-65-2011,厚生労働省オープンデータ,https://www.mhlw.go.jp/content/12300000/jigyosho_220.csv,2025-12末,https://www.google.com/search?q=%E4%BB%8B%E8%AD%B7%E8%80%81%E4%BA%BA%E4%BF%9D%E5%81%A5%E6%96%BD%E8%A8%AD%E3%80%80%E9%95%B7%E6%B5%9C%E3%83%A1%E3%83%87%E3%82%A3%E3%82%B1%E3%82%A2%E3%82%BB%E3%83%B3%E3%82%BF%E3%83%BC%20%E9%95%B7%E6%B5%9C%E5%B8%82
介護老人保健施設　湖北やすらぎの里,短期入所療養介護_老健,滋賀県,長浜市,"介護,短期入所療養介護_老健,リハビリ,一時利用",短期入所療養介護_老健の公式オープンデータから取り込んだ候補です。詳細は公式情報・電話・見学で確認してください。,http://www.ikbk.jp/kohokuyasuraginosato/,滋賀県長浜市木之本町黒田1221番地,0749-82-3725,厚生労働省オープンデータ,https://www.mhlw.go.jp/content/12300000/jigyosho_220.csv,2025-12末,https://www.google.com/search?q=%E4%BB%8B%E8%AD%B7%E8%80%81%E4%BA%BA%E4%BF%9D%E5%81%A5%E6%96%BD%E8%A8%AD%E3%80%80%E6%B9%96%E5%8C%97%E3%82%84%E3%81%99%E3%82%89%E3%81%8E%E3%81%AE%E9%87%8C%20%E9%95%B7%E6%B5%9C%E5%B8%82
介護老人保健施設　ヴォーリズ老健センター,短期入所療養介護_老健,滋賀県,近江八幡市,"介護,短期入所療養介護_老健,リハビリ,一時利用",短期入所療養介護_老健の公式オープンデータから取り込んだ候補です。詳細は公式情報・電話・見学で確認してください。,http://vo-roken.com/,近江八幡市北之庄町４９２番地,0748-32-2007,厚生労働省オープンデータ,https://www.mhlw.go.jp/content/12300000/jigyosho_220.csv,2025-12末,https://www.google.com/search?q=%E4%BB%8B%E8%AD%B7%E8%80%81%E4%BA%BA%E4%BF%9D%E5%81%A5%E6%96%BD%E8%A8%AD%E3%80%80%E3%83%B4%E3%82%A9%E3%83%BC%E3%83%AA%E3%82%BA%E8%80%81%E5%81%A5%E3%82%BB%E3%83%B3%E3%82%BF%E3%83%BC%20%E8%BF%91%E6%B1%9F%E5%85%AB%E5%B9%A1%E5%B8%82
医療法人医誠会　介護老人保健施設　エスペラル近江八幡,短期入所療養介護_老健,滋賀県,近江八幡市,"介護,短期入所療養介護_老健,リハビリ,一時利用",短期入所療養介護_老健の公式オープンデータから取り込んだ候補です。詳細は公式情報・電話・見学で確認してください。,http://www.esp-omihachiman.com/,滋賀県近江八幡市大房町1002番地1,0748-32-1165,厚生労働省オープンデータ,https://www.mhlw.go.jp/content/12300000/jigyosho_220.csv,2025-12末,https://www.google.com/search?q=%E5%8C%BB%E7%99%82%E6%B3%95%E4%BA%BA%E5%8C%BB%E8%AA%A0%E4%BC%9A%E3%80%80%E4%BB%8B%E8%AD%B7%E8%80%81%E4%BA%BA%E4%BF%9D%E5%81%A5%E6%96%BD%E8%A8%AD%E3%80%80%E3%82%A8%E3%82%B9%E3%83%9A%E3%83%A9%E3%83%AB%E8%BF%91%E6%B1%9F%E5%85%AB%E5%B9%A1%20%E8%BF%91%E6%B1%9F%E5%85%AB%E5%B9%A1%E5%B8%82
介護老人保健施設ケアタウン南草津,短期入所療養介護_老健,滋賀県,草津市,"介護,短期入所療養介護_老健,リハビリ,一時利用",短期入所療養介護_老健の公式オープンデータから取り込んだ候補です。詳細は公式情報・電話・見学で確認してください。,http://www.yotsuba-lcn.or.jp,草津市矢橋町６２１番地,077-562-1001,厚生労働省オープンデータ,https://www.mhlw.go.jp/content/12300000/jigyosho_220.csv,2025-12末,https://www.google.com/search?q=%E4%BB%8B%E8%AD%B7%E8%80%81%E4%BA%BA%E4%BF%9D%E5%81%A5%E6%96%BD%E8%A8%AD%E3%82%B1%E3%82%A2%E3%82%BF%E3%82%A6%E3%83%B3%E5%8D%97%E8%8D%89%E6%B4%A5%20%E8%8D%89%E6%B4%A5%E5%B8%82
社会医療法人誠光会介護老人保健施設草津ケアセンター,短期入所療養介護_老健,滋賀県,草津市,"介護,短期入所療養介護_老健,リハビリ,一時利用",短期入所療養介護_老健の公式オープンデータから取り込んだ候補です。詳細は公式情報・電話・見学で確認してください。,https://www.seikoukai-sc.or.jp/care_center/,草津市野村二丁目13-13,077-567-1122,厚生労働省オープンデータ,https://www.mhlw.go.jp/content/12300000/jigyosho_220.csv,2025-12末,https://www.google.com/search?q=%E7%A4%BE%E4%BC%9A%E5%8C%BB%E7%99%82%E6%B3%95%E4%BA%BA%E8%AA%A0%E5%85%89%E4%BC%9A%E4%BB%8B%E8%AD%B7%E8%80%81%E4%BA%BA%E4%BF%9D%E5%81%A5%E6%96%BD%E8%A8%AD%E8%8D%89%E6%B4%A5%E3%82%B1%E3%82%A2%E3%82%BB%E3%83%B3%E3%82%BF%E3%83%BC%20%E8%8D%89%E6%B4%A5%E5%B8%82
介護老人保健施設　守山すみれ苑,短期入所療養介護_老健,滋賀県,守山市,"介護,短期入所療養介護_老健,リハビリ,一時利用",短期入所療養介護_老健の公式オープンデータから取り込んだ候補です。詳細は公式情報・電話・見学で確認してください。,https://www.google.com/search?q=%E4%BB%8B%E8%AD%B7%E8%80%81%E4%BA%BA%E4%BF%9D%E5%81%A5%E6%96%BD%E8%A8%AD%E3%80%80%E5%AE%88%E5%B1%B1%E3%81%99%E3%81%BF%E3%82%8C%E8%8B%91%20%E5%AE%88%E5%B1%B1%E5%B8%82,荒見町300番地１,077-584-3811,厚生労働省オープンデータ,https://www.mhlw.go.jp/content/12300000/jigyosho_220.csv,2025-12末,https://www.google.com/search?q=%E4%BB%8B%E8%AD%B7%E8%80%81%E4%BA%BA%E4%BF%9D%E5%81%A5%E6%96%BD%E8%A8%AD%E3%80%80%E5%AE%88%E5%B1%B1%E3%81%99%E3%81%BF%E3%82%8C%E8%8B%91%20%E5%AE%88%E5%B1%B1%E5%B8%82
介護老人保健施設ケアポート栗東,短期入所療養介護_老健,滋賀県,栗東市,"介護,短期入所療養介護_老健,リハビリ,一時利用",短期入所療養介護_老健の公式オープンデータから取り込んだ候補です。詳細は公式情報・電話・見学で確認してください。,https://www.careport-rittou.jp,栗東市大橋二丁目８番２号,077-551-2600,厚生労働省オープンデータ,https://www.mhlw.go.jp/content/12300000/jigyosho_220.csv,2025-12末,https://www.google.com/search?q=%E4%BB%8B%E8%AD%B7%E8%80%81%E4%BA%BA%E4%BF%9D%E5%81%A5%E6%96%BD%E8%A8%AD%E3%82%B1%E3%82%A2%E3%83%9D%E3%83%BC%E3%83%88%E6%A0%97%E6%9D%B1%20%E6%A0%97%E6%9D%B1%E5%B8%82
介護老人保健施設　スキナヴィラ水口,短期入所療養介護_老健,滋賀県,甲賀市,"介護,短期入所療養介護_老健,リハビリ,一時利用",短期入所療養介護_老健の公式オープンデータから取り込んだ候補です。詳細は公式情報・電話・見学で確認してください。,http://www.minakuchi-hp.or.jp/,滋賀県甲賀市水口町本町2丁目2番43号,0748-62-1281,厚生労働省オープンデータ,https://www.mhlw.go.jp/content/12300000/jigyosho_220.csv,2025-12末,https://www.google.com/search?q=%E4%BB%8B%E8%AD%B7%E8%80%81%E4%BA%BA%E4%BF%9D%E5%81%A5%E6%96%BD%E8%A8%AD%E3%80%80%E3%82%B9%E3%82%AD%E3%83%8A%E3%83%B4%E3%82%A3%E3%83%A9%E6%B0%B4%E5%8F%A3%20%E7%94%B2%E8%B3%80%E5%B8%82
介護老人保健施設スキナヴィラ甲賀,短期入所療養介護_老健,滋賀県,甲賀市,"介護,短期入所療養介護_老健,リハビリ,一時利用",短期入所療養介護_老健の公式オープンデータから取り込んだ候補です。詳細は公式情報・電話・見学で確認してください。,http://www.minakuchi-hp.or.jp/,滋賀県甲賀市水口町新町１丁目１－１３,０７４８－６２－１４１１,厚生労働省オープンデータ,https://www.mhlw.go.jp/content/12300000/jigyosho_220.csv,2025-12末,https://www.google.com/search?q=%E4%BB%8B%E8%AD%B7%E8%80%81%E4%BA%BA%E4%BF%9D%E5%81%A5%E6%96%BD%E8%A8%AD%E3%82%B9%E3%82%AD%E3%83%8A%E3%83%B4%E3%82%A3%E3%83%A9%E7%94%B2%E8%B3%80%20%E7%94%B2%E8%B3%80%E5%B8%82
介護老人保健施設　寿々はうす,短期入所療養介護_老健,滋賀県,野洲市,"介護,短期入所療養介護_老健,リハビリ,一時利用",短期入所療養介護_老健の公式オープンデータから取り込んだ候補です。詳細は公式情報・電話・見学で確認してください。,http://www.konan-psy.or.jp/,滋賀県野洲市八夫2077,077-589-8320,厚生労働省オープンデータ,https://www.mhlw.go.jp/content/12300000/jigyosho_220.csv,2025-12末,https://www.google.com/search?q=%E4%BB%8B%E8%AD%B7%E8%80%81%E4%BA%BA%E4%BF%9D%E5%81%A5%E6%96%BD%E8%A8%AD%E3%80%80%E5%AF%BF%E3%80%85%E3%81%AF%E3%81%86%E3%81%99%20%E9%87%8E%E6%B4%B2%E5%B8%82
介護老人保健施設　野洲すみれ苑,短期入所療養介護_老健,滋賀県,野洲市,"介護,短期入所療養介護_老健,リハビリ,一時利用",短期入所療養介護_老健の公式オープンデータから取り込んだ候補です。詳細は公式情報・電話・見学で確認してください。,http://www.sumire.or.jp/,滋賀県野洲市小篠原490-1,077-588-3001,厚生労働省オープンデータ,https://www.mhlw.go.jp/content/12300000/jigyosho_220.csv,2025-12末,https://www.google.com/search?q=%E4%BB%8B%E8%AD%B7%E8%80%81%E4%BA%BA%E4%BF%9D%E5%81%A5%E6%96%BD%E8%A8%AD%E3%80%80%E9%87%8E%E6%B4%B2%E3%81%99%E3%81%BF%E3%82%8C%E8%8B%91%20%E9%87%8E%E6%B4%B2%E5%B8%82
介護老人保健施設石部ケアセンター,短期入所療養介護_老健,滋賀県,湖南市,"介護,短期入所療養介護_老健,リハビリ,一時利用",短期入所療養介護_老健の公式オープンデータから取り込んだ候補です。詳細は公式情報・電話・見学で確認してください。,http://hachikikai.com,湖南市丸山四丁目5番1号,0748-77-0013,厚生労働省オープンデータ,https://www.mhlw.go.jp/content/12300000/jigyosho_220.csv,2025-12末,https://www.google.com/search?q=%E4%BB%8B%E8%AD%B7%E8%80%81%E4%BA%BA%E4%BF%9D%E5%81%A5%E6%96%BD%E8%A8%AD%E7%9F%B3%E9%83%A8%E3%82%B1%E3%82%A2%E3%82%BB%E3%83%B3%E3%82%BF%E3%83%BC%20%E6%B9%96%E5%8D%97%E5%B8%82
介護老人保健施設　ケアセンターこうせい,短期入所療養介護_老健,滋賀県,湖南市,"介護,短期入所療養介護_老健,リハビリ,一時利用",短期入所療養介護_老健の公式オープンデータから取り込んだ候補です。詳細は公式情報・電話・見学で確認してください。,http//carecenter-kosei.com,滋賀県湖南市菩提寺104-14,0748-74-8411,厚生労働省オープンデータ,https://www.mhlw.go.jp/content/12300000/jigyosho_220.csv,2025-12末,https://www.google.com/search?q=%E4%BB%8B%E8%AD%B7%E8%80%81%E4%BA%BA%E4%BF%9D%E5%81%A5%E6%96%BD%E8%A8%AD%E3%80%80%E3%82%B1%E3%82%A2%E3%82%BB%E3%83%B3%E3%82%BF%E3%83%BC%E3%81%93%E3%81%86%E3%81%9B%E3%81%84%20%E6%B9%96%E5%8D%97%E5%B8%82
医療法人社団四葉会　短期入所療養介護　グリーンテラス,短期入所療養介護_老健,滋賀県,高島市,"介護,短期入所療養介護_老健,リハビリ,一時利用",短期入所療養介護_老健の公式オープンデータから取り込んだ候補です。詳細は公式情報・電話・見学で確認してください。,https://www.google.com/search?q=%E5%8C%BB%E7%99%82%E6%B3%95%E4%BA%BA%E7%A4%BE%E5%9B%A3%E5%9B%9B%E8%91%89%E4%BC%9A%E3%80%80%E7%9F%AD%E6%9C%9F%E5%85%A5%E6%89%80%E7%99%82%E9%A4%8A%E4%BB%8B%E8%AD%B7%E3%80%80%E3%82%B0%E3%83%AA%E3%83%BC%E3%83%B3%E3%83%86%E3%83%A9%E3%82%B9%20%E9%AB%98%E5%B3%B6%E5%B8%82,滋賀県高島市新旭町旭696番地,0740-25-5090,厚生労働省オープンデータ,https://www.mhlw.go.jp/content/12300000/jigyosho_220.csv,2025-12末,https://www.google.com/search?q=%E5%8C%BB%E7%99%82%E6%B3%95%E4%BA%BA%E7%A4%BE%E5%9B%A3%E5%9B%9B%E8%91%89%E4%BC%9A%E3%80%80%E7%9F%AD%E6%9C%9F%E5%85%A5%E6%89%80%E7%99%82%E9%A4%8A%E4%BB%8B%E8%AD%B7%E3%80%80%E3%82%B0%E3%83%AA%E3%83%BC%E3%83%B3%E3%83%86%E3%83%A9%E3%82%B9%20%E9%AB%98%E5%B3%B6%E5%B8%82
介護老人保健施設陽光の里,短期入所療養介護_老健,滋賀県,高島市,"介護,短期入所療養介護_老健,リハビリ,一時利用",短期入所療養介護_老健の公式オープンデータから取り込んだ候補です。詳細は公式情報・電話・見学で確認してください。,http://www.city.takashima.shiga.jp,滋賀県高島市勝野1667番14,0740-36-1220,厚生労働省オープンデータ,https://www.mhlw.go.jp/content/12300000/jigyosho_220.csv,2025-12末,https://www.google.com/search?q=%E4%BB%8B%E8%AD%B7%E8%80%81%E4%BA%BA%E4%BF%9D%E5%81%A5%E6%96%BD%E8%A8%AD%E9%99%BD%E5%85%89%E3%81%AE%E9%87%8C%20%E9%AB%98%E5%B3%B6%E5%B8%82
介護老人保健施設　ここちの郷,短期入所療養介護_老健,滋賀県,東近江市,"介護,短期入所療養介護_老健,リハビリ,一時利用",短期入所療養介護_老健の公式オープンデータから取り込んだ候補です。詳細は公式情報・電話・見学で確認してください。,https://www.rokushinkai.com/kokochi/,滋賀県東近江市五個荘山本町４６６,0748-48-8300,厚生労働省オープンデータ,https://www.mhlw.go.jp/content/12300000/jigyosho_220.csv,2025-12末,https://www.google.com/search?q=%E4%BB%8B%E8%AD%B7%E8%80%81%E4%BA%BA%E4%BF%9D%E5%81%A5%E6%96%BD%E8%A8%AD%E3%80%80%E3%81%93%E3%81%93%E3%81%A1%E3%81%AE%E9%83%B7%20%E6%9D%B1%E8%BF%91%E6%B1%9F%E5%B8%82
リハビリセンターあゆみ,短期入所療養介護_老健,滋賀県,東近江市,"介護,短期入所療養介護_老健,リハビリ,一時利用",短期入所療養介護_老健の公式オープンデータから取り込んだ候補です。詳細は公式情報・電話・見学で確認してください。,http://www.shiga-shinjyukai.or.jp/,東近江市新宮町５５８,0748-42-3355,厚生労働省オープンデータ,https://www.mhlw.go.jp/content/12300000/jigyosho_220.csv,2025-12末,https://www.google.com/search?q=%E3%83%AA%E3%83%8F%E3%83%93%E3%83%AA%E3%82%BB%E3%83%B3%E3%82%BF%E3%83%BC%E3%81%82%E3%82%86%E3%81%BF%20%E6%9D%B1%E8%BF%91%E6%B1%9F%E5%B8%82
介護老人保健施設ケアセンター蒲生野,短期入所療養介護_老健,滋賀県,東近江市,"介護,短期入所療養介護_老健,リハビリ,一時利用",短期入所療養介護_老健の公式オープンデータから取り込んだ候補です。詳細は公式情報・電話・見学で確認してください。,https://yukinokai.com/,東近江市桜川西町３４０,0748-55-5533,厚生労働省オープンデータ,https://www.mhlw.go.jp/content/12300000/jigyosho_220.csv,2025-12末,https://www.google.com/search?q=%E4%BB%8B%E8%AD%B7%E8%80%81%E4%BA%BA%E4%BF%9D%E5%81%A5%E6%96%BD%E8%A8%AD%E3%82%B1%E3%82%A2%E3%82%BB%E3%83%B3%E3%82%BF%E3%83%BC%E8%92%B2%E7%94%9F%E9%87%8E%20%E6%9D%B1%E8%BF%91%E6%B1%9F%E5%B8%82
医療法人社団幸信会　介護老人保健施設ウェル青葉,短期入所療養介護_老健,滋賀県,東近江市,"介護,短期入所療養介護_老健,リハビリ,一時利用",短期入所療養介護_老健の公式オープンデータから取り込んだ候補です。詳細は公式情報・電話・見学で確認してください。,https://aoba-med.com,滋賀県東近江市青葉町1-46,0748-20-2345,厚生労働省オープンデータ,https://www.mhlw.go.jp/content/12300000/jigyosho_220.csv,2025-12末,https://www.google.com/search?q=%E5%8C%BB%E7%99%82%E6%B3%95%E4%BA%BA%E7%A4%BE%E5%9B%A3%E5%B9%B8%E4%BF%A1%E4%BC%9A%E3%80%80%E4%BB%8B%E8%AD%B7%E8%80%81%E4%BA%BA%E4%BF%9D%E5%81%A5%E6%96%BD%E8%A8%AD%E3%82%A6%E3%82%A7%E3%83%AB%E9%9D%92%E8%91%89%20%E6%9D%B1%E8%BF%91%E6%B1%9F%E5%B8%82
ケアセンターいぶき介護老人保健施設,短期入所療養介護_老健,滋賀県,米原市,"介護,短期入所療養介護_老健,リハビリ,一時利用",短期入所療養介護_老健の公式オープンデータから取り込んだ候補です。詳細は公式情報・電話・見学で確認してください。,https://ibuki.jadecom.or.jp/,滋賀県米原市春照58-1,0749-58-1222,厚生労働省オープンデータ,https://www.mhlw.go.jp/content/12300000/jigyosho_220.csv,2025-12末,https://www.google.com/search?q=%E3%82%B1%E3%82%A2%E3%82%BB%E3%83%B3%E3%82%BF%E3%83%BC%E3%81%84%E3%81%B6%E3%81%8D%E4%BB%8B%E8%AD%B7%E8%80%81%E4%BA%BA%E4%BF%9D%E5%81%A5%E6%96%BD%E8%A8%AD%20%E7%B1%B3%E5%8E%9F%E5%B8%82
介護老人保健施設　坂田メディケアセンター,短期入所療養介護_老健,滋賀県,米原市,"介護,短期入所療養介護_老健,リハビリ,一時利用",短期入所療養介護_老健の公式オープンデータから取り込んだ候補です。詳細は公式情報・電話・見学で確認してください。,http://www.s.seishokai.jp/sakatamc,滋賀県米原市野一色1136,0749-55-8211,厚生労働省オープンデータ,https://www.mhlw.go.jp/content/12300000/jigyosho_220.csv,2025-12末,https://www.google.com/search?q=%E4%BB%8B%E8%AD%B7%E8%80%81%E4%BA%BA%E4%BF%9D%E5%81%A5%E6%96%BD%E8%A8%AD%E3%80%80%E5%9D%82%E7%94%B0%E3%83%A1%E3%83%87%E3%82%A3%E3%82%B1%E3%82%A2%E3%82%BB%E3%83%B3%E3%82%BF%E3%83%BC%20%E7%B1%B3%E5%8E%9F%E5%B8%82
医療法人社団昴会　介護老人保健施設リスタあすなろ,短期入所療養介護_老健,滋賀県,日野町,"介護,短期入所療養介護_老健,リハビリ,一時利用",短期入所療養介護_老健の公式オープンデータから取り込んだ候補です。詳細は公式情報・電話・見学で確認してください。,http://www.subarukai.jp/cms_asunaro/,上野田２４６番地,０７４８－５２－６０００,厚生労働省オープンデータ,https://www.mhlw.go.jp/content/12300000/jigyosho_220.csv,2025-12末,https://www.google.com/search?q=%E5%8C%BB%E7%99%82%E6%B3%95%E4%BA%BA%E7%A4%BE%E5%9B%A3%E6%98%B4%E4%BC%9A%E3%80%80%E4%BB%8B%E8%AD%B7%E8%80%81%E4%BA%BA%E4%BF%9D%E5%81%A5%E6%96%BD%E8%A8%AD%E3%83%AA%E3%82%B9%E3%82%BF%E3%81%82%E3%81%99%E3%81%AA%E3%82%8D%20%E6%97%A5%E9%87%8E%E7%94%BA
介護老人保健施設　パストラールとよさと,短期入所療養介護_老健,滋賀県,豊郷町,"介護,短期入所療養介護_老健,リハビリ,一時利用",短期入所療養介護_老健の公式オープンデータから取り込んだ候補です。詳細は公式情報・電話・見学で確認してください。,http://www.toyosato.or.jp/,滋賀県犬上郡豊郷町石畑２１２,0749-35-3002,厚生労働省オープンデータ,https://www.mhlw.go.jp/content/12300000/jigyosho_220.csv,2025-12末,https://www.google.com/search?q=%E4%BB%8B%E8%AD%B7%E8%80%81%E4%BA%BA%E4%BF%9D%E5%81%A5%E6%96%BD%E8%A8%AD%E3%80%80%E3%83%91%E3%82%B9%E3%83%88%E3%83%A9%E3%83%BC%E3%83%AB%E3%81%A8%E3%82%88%E3%81%95%E3%81%A8%20%E8%B1%8A%E9%83%B7%E7%94%BA
高齢者グループホーム比良の里,グループホーム,滋賀県,大津市,"介護,グループホーム,認知症",認知症のある方が少人数で生活する施設です。要支援・要介護度や地域要件を確認します。,https://www.google.com/search?q=%E9%AB%98%E9%BD%A2%E8%80%85%E3%82%B0%E3%83%AB%E3%83%BC%E3%83%97%E3%83%9B%E3%83%BC%E3%83%A0%E6%AF%94%E8%89%AF%E3%81%AE%E9%87%8C%20%E5%A4%A7%E6%B4%A5%E5%B8%82,滋賀県大津市北比良２９３番３,077-596-8002,厚生労働省オープンデータ,https://www.mhlw.go.jp/content/12300000/jigyosho_320.csv,2025-12末,https://www.google.com/search?q=%E9%AB%98%E9%BD%A2%E8%80%85%E3%82%B0%E3%83%AB%E3%83%BC%E3%83%97%E3%83%9B%E3%83%BC%E3%83%A0%E6%AF%94%E8%89%AF%E3%81%AE%E9%87%8C%20%E5%A4%A7%E6%B4%A5%E5%B8%82
高齢者グループホームゆとり,グループホーム,滋賀県,大津市,"介護,グループホーム,認知症",認知症のある方が少人数で生活する施設です。要支援・要介護度や地域要件を確認します。,https://www.koseikai.care/base09.html,滋賀県大津市南志賀3-19-12,077-526-5484,厚生労働省オープンデータ,https://www.mhlw.go.jp/content/12300000/jigyosho_320.csv,2025-12末,https://www.google.com/search?q=%E9%AB%98%E9%BD%A2%E8%80%85%E3%82%B0%E3%83%AB%E3%83%BC%E3%83%97%E3%83%9B%E3%83%BC%E3%83%A0%E3%82%86%E3%81%A8%E3%82%8A%20%E5%A4%A7%E6%B4%A5%E5%B8%82
グループホームさくら,グループホーム,滋賀県,大津市,"介護,グループホーム,認知症",認知症のある方が少人数で生活する施設です。要支援・要介護度や地域要件を確認します。,http://hakuokai.jp/,滋賀県大津市大石東四丁目５番６号,077-546-0900,厚生労働省オープンデータ,https://www.mhlw.go.jp/content/12300000/jigyosho_320.csv,2025-12末,https://www.google.com/search?q=%E3%82%B0%E3%83%AB%E3%83%BC%E3%83%97%E3%83%9B%E3%83%BC%E3%83%A0%E3%81%95%E3%81%8F%E3%82%89%20%E5%A4%A7%E6%B4%A5%E5%B8%82
グループホーム３ReS　比叡山坂本,グループホーム,滋賀県,大津市,"介護,グループホーム,認知症",認知症のある方が少人数で生活する施設です。要支援・要介護度や地域要件を確認します。,https://newones3res.com/,滋賀県大津市坂本４丁目１４－３０,077-576-4549,厚生労働省オープンデータ,https://www.mhlw.go.jp/content/12300000/jigyosho_320.csv,2025-12末,https://www.google.com/search?q=%E3%82%B0%E3%83%AB%E3%83%BC%E3%83%97%E3%83%9B%E3%83%BC%E3%83%A0%EF%BC%93ReS%E3%80%80%E6%AF%94%E5%8F%A1%E5%B1%B1%E5%9D%82%E6%9C%AC%20%E5%A4%A7%E6%B4%A5%E5%B8%82
洛和グループホーム大津,グループホーム,滋賀県,大津市,"介護,グループホーム,認知症",認知症のある方が少人数で生活する施設です。要支援・要介護度や地域要件を確認します。,http://www.rakuwa.or.jp/,滋賀県大津市大門通11-11,077-511-4025,厚生労働省オープンデータ,https://www.mhlw.go.jp/content/12300000/jigyosho_320.csv,2025-12末,https://www.google.com/search?q=%E6%B4%9B%E5%92%8C%E3%82%B0%E3%83%AB%E3%83%BC%E3%83%97%E3%83%9B%E3%83%BC%E3%83%A0%E5%A4%A7%E6%B4%A5%20%E5%A4%A7%E6%B4%A5%E5%B8%82
洛和グループホーム石山寺,グループホーム,滋賀県,大津市,"介護,グループホーム,認知症",認知症のある方が少人数で生活する施設です。要支援・要介護度や地域要件を確認します。,http://www.rakuwa.or.jp/,滋賀県大津市平津1丁目17-32,077-534-2380,厚生労働省オープンデータ,https://www.mhlw.go.jp/content/12300000/jigyosho_320.csv,2025-12末,https://www.google.com/search?q=%E6%B4%9B%E5%92%8C%E3%82%B0%E3%83%AB%E3%83%BC%E3%83%97%E3%83%9B%E3%83%BC%E3%83%A0%E7%9F%B3%E5%B1%B1%E5%AF%BA%20%E5%A4%A7%E6%B4%A5%E5%B8%82
洛和グループホーム坂本,グループホーム,滋賀県,大津市,"介護,グループホーム,認知症",認知症のある方が少人数で生活する施設です。要支援・要介護度や地域要件を確認します。,http://www.rakuwa.or.jp/,滋賀県大津市下阪本6-13-11,077-578-5535,厚生労働省オープンデータ,https://www.mhlw.go.jp/content/12300000/jigyosho_320.csv,2025-12末,https://www.google.com/search?q=%E6%B4%9B%E5%92%8C%E3%82%B0%E3%83%AB%E3%83%BC%E3%83%97%E3%83%9B%E3%83%BC%E3%83%A0%E5%9D%82%E6%9C%AC%20%E5%A4%A7%E6%B4%A5%E5%B8%82
洛和グループホーム瀬田,グループホーム,滋賀県,大津市,"介護,グループホーム,認知症",認知症のある方が少人数で生活する施設です。要支援・要介護度や地域要件を確認します。,http://www.rakuwa.or.jp/,滋賀県大津市大江3-6-5,077-544-3190,厚生労働省オープンデータ,https://www.mhlw.go.jp/content/12300000/jigyosho_320.csv,2025-12末,https://www.google.com/search?q=%E6%B4%9B%E5%92%8C%E3%82%B0%E3%83%AB%E3%83%BC%E3%83%97%E3%83%9B%E3%83%BC%E3%83%A0%E7%80%AC%E7%94%B0%20%E5%A4%A7%E6%B4%A5%E5%B8%82
高齢者グループホーム南志賀の里,グループホーム,滋賀県,大津市,"介護,グループホーム,認知症",認知症のある方が少人数で生活する施設です。要支援・要介護度や地域要件を確認します。,https://www.google.com/search?q=%E9%AB%98%E9%BD%A2%E8%80%85%E3%82%B0%E3%83%AB%E3%83%BC%E3%83%97%E3%83%9B%E3%83%BC%E3%83%A0%E5%8D%97%E5%BF%97%E8%B3%80%E3%81%AE%E9%87%8C%20%E5%A4%A7%E6%B4%A5%E5%B8%82,滋賀県大津市南志賀３丁目１番１８,077-522-0030,厚生労働省オープンデータ,https://www.mhlw.go.jp/content/12300000/jigyosho_320.csv,2025-12末,https://www.google.com/search?q=%E9%AB%98%E9%BD%A2%E8%80%85%E3%82%B0%E3%83%AB%E3%83%BC%E3%83%97%E3%83%9B%E3%83%BC%E3%83%A0%E5%8D%97%E5%BF%97%E8%B3%80%E3%81%AE%E9%87%8C%20%E5%A4%A7%E6%B4%A5%E5%B8%82
グループホームやすらぎの郷,グループホーム,滋賀県,大津市,"介護,グループホーム,認知症",認知症のある方が少人数で生活する施設です。要支援・要介護度や地域要件を確認します。,https://www.google.com/search?q=%E3%82%B0%E3%83%AB%E3%83%BC%E3%83%97%E3%83%9B%E3%83%BC%E3%83%A0%E3%82%84%E3%81%99%E3%82%89%E3%81%8E%E3%81%AE%E9%83%B7%20%E5%A4%A7%E6%B4%A5%E5%B8%82,滋賀県大津市下阪本4-6-37,077-579-1010,厚生労働省オープンデータ,https://www.mhlw.go.jp/content/12300000/jigyosho_320.csv,2025-12末,https://www.google.com/search?q=%E3%82%B0%E3%83%AB%E3%83%BC%E3%83%97%E3%83%9B%E3%83%BC%E3%83%A0%E3%82%84%E3%81%99%E3%82%89%E3%81%8E%E3%81%AE%E9%83%B7%20%E5%A4%A7%E6%B4%A5%E5%B8%82
グループホームあいおい,グループホーム,滋賀県,大津市,"介護,グループホーム,認知症",認知症のある方が少人数で生活する施設です。要支援・要介護度や地域要件を確認します。,https://www.google.com/search?q=%E3%82%B0%E3%83%AB%E3%83%BC%E3%83%97%E3%83%9B%E3%83%BC%E3%83%A0%E3%81%82%E3%81%84%E3%81%8A%E3%81%84%20%E5%A4%A7%E6%B4%A5%E5%B8%82,大津市音羽台２－１５,077-527-8775,厚生労働省オープンデータ,https://www.mhlw.go.jp/content/12300000/jigyosho_320.csv,2025-12末,https://www.google.com/search?q=%E3%82%B0%E3%83%AB%E3%83%BC%E3%83%97%E3%83%9B%E3%83%BC%E3%83%A0%E3%81%82%E3%81%84%E3%81%8A%E3%81%84%20%E5%A4%A7%E6%B4%A5%E5%B8%82
洛和グループホーム大津若葉台,グループホーム,滋賀県,大津市,"介護,グループホーム,認知症",認知症のある方が少人数で生活する施設です。要支援・要介護度や地域要件を確認します。,http//www.rakuwa.or.jp,滋賀県大津市若葉台30-25,077-534-7840,厚生労働省オープンデータ,https://www.mhlw.go.jp/content/12300000/jigyosho_320.csv,2025-12末,https://www.google.com/search?q=%E6%B4%9B%E5%92%8C%E3%82%B0%E3%83%AB%E3%83%BC%E3%83%97%E3%83%9B%E3%83%BC%E3%83%A0%E5%A4%A7%E6%B4%A5%E8%8B%A5%E8%91%89%E5%8F%B0%20%E5%A4%A7%E6%B4%A5%E5%B8%82
グループホーム愛和,グループホーム,滋賀県,大津市,"介護,グループホーム,認知症",認知症のある方が少人数で生活する施設です。要支援・要介護度や地域要件を確認します。,http://www.ai-wa.jp/home/index.html,滋賀県大津市蓮池町13－10,077-521-0123,厚生労働省オープンデータ,https://www.mhlw.go.jp/content/12300000/jigyosho_320.csv,2025-12末,https://www.google.com/search?q=%E3%82%B0%E3%83%AB%E3%83%BC%E3%83%97%E3%83%9B%E3%83%BC%E3%83%A0%E6%84%9B%E5%92%8C%20%E5%A4%A7%E6%B4%A5%E5%B8%82
グループホーム匠,グループホーム,滋賀県,大津市,"介護,グループホーム,認知症",認知症のある方が少人数で生活する施設です。要支援・要介護度や地域要件を確認します。,http://rokusho.net/,滋賀県大津市伊香立北在地町651-4,077-575-4327,厚生労働省オープンデータ,https://www.mhlw.go.jp/content/12300000/jigyosho_320.csv,2025-12末,https://www.google.com/search?q=%E3%82%B0%E3%83%AB%E3%83%BC%E3%83%97%E3%83%9B%E3%83%BC%E3%83%A0%E5%8C%A0%20%E5%A4%A7%E6%B4%A5%E5%B8%82
高齢者グループホームつむぎ,グループホーム,滋賀県,大津市,"介護,グループホーム,認知症",認知症のある方が少人数で生活する施設です。要支援・要介護度や地域要件を確認します。,http://www.koseikai.care/base06.html,滋賀県大津市南志賀三丁目14-23,077-522-6377,厚生労働省オープンデータ,https://www.mhlw.go.jp/content/12300000/jigyosho_320.csv,2025-12末,https://www.google.com/search?q=%E9%AB%98%E9%BD%A2%E8%80%85%E3%82%B0%E3%83%AB%E3%83%BC%E3%83%97%E3%83%9B%E3%83%BC%E3%83%A0%E3%81%A4%E3%82%80%E3%81%8E%20%E5%A4%A7%E6%B4%A5%E5%B8%82
高齢者グループホームあかり,グループホーム,滋賀県,大津市,"介護,グループホーム,認知症",認知症のある方が少人数で生活する施設です。要支援・要介護度や地域要件を確認します。,https://www.koseikai.care/,大津市南志賀三丁目８番５号,077-548-8901,厚生労働省オープンデータ,https://www.mhlw.go.jp/content/12300000/jigyosho_320.csv,2025-12末,https://www.google.com/search?q=%E9%AB%98%E9%BD%A2%E8%80%85%E3%82%B0%E3%83%AB%E3%83%BC%E3%83%97%E3%83%9B%E3%83%BC%E3%83%A0%E3%81%82%E3%81%8B%E3%82%8A%20%E5%A4%A7%E6%B4%A5%E5%B8%82
愛の家グループホーム大津月輪,グループホーム,滋賀県,大津市,"介護,グループホーム,認知症",認知症のある方が少人数で生活する施設です。要支援・要介護度や地域要件を確認します。,htpps://www.mcsg.co.jp,滋賀県大津市月輪3丁目43-1,077-547-0050,厚生労働省オープンデータ,https://www.mhlw.go.jp/content/12300000/jigyosho_320.csv,2025-12末,https://www.google.com/search?q=%E6%84%9B%E3%81%AE%E5%AE%B6%E3%82%B0%E3%83%AB%E3%83%BC%E3%83%97%E3%83%9B%E3%83%BC%E3%83%A0%E5%A4%A7%E6%B4%A5%E6%9C%88%E8%BC%AA%20%E5%A4%A7%E6%B4%A5%E5%B8%82
グループホーム美咲の家,グループホーム,滋賀県,大津市,"介護,グループホーム,認知症",認知症のある方が少人数で生活する施設です。要支援・要介護度や地域要件を確認します。,http://akatsuki-shiga.com/misaki/,滋賀県大津市別保３丁目10番40号,077-536-5617,厚生労働省オープンデータ,https://www.mhlw.go.jp/content/12300000/jigyosho_320.csv,2025-12末,https://www.google.com/search?q=%E3%82%B0%E3%83%AB%E3%83%BC%E3%83%97%E3%83%9B%E3%83%BC%E3%83%A0%E7%BE%8E%E5%92%B2%E3%81%AE%E5%AE%B6%20%E5%A4%A7%E6%B4%A5%E5%B8%82
医療法人湖青会　高齢者グループホーム志賀の里,グループホーム,滋賀県,大津市,"介護,グループホーム,認知症",認知症のある方が少人数で生活する施設です。要支援・要介護度や地域要件を確認します。,www.koseikai.care,滋賀県大津市和邇高城２７０番２,077-594-0326,厚生労働省オープンデータ,https://www.mhlw.go.jp/content/12300000/jigyosho_320.csv,2025-12末,https://www.google.com/search?q=%E5%8C%BB%E7%99%82%E6%B3%95%E4%BA%BA%E6%B9%96%E9%9D%92%E4%BC%9A%E3%80%80%E9%AB%98%E9%BD%A2%E8%80%85%E3%82%B0%E3%83%AB%E3%83%BC%E3%83%97%E3%83%9B%E3%83%BC%E3%83%A0%E5%BF%97%E8%B3%80%E3%81%AE%E9%87%8C%20%E5%A4%A7%E6%B4%A5%E5%B8%82
グループホームさくらんぼ,グループホーム,滋賀県,大津市,"介護,グループホーム,認知症",認知症のある方が少人数で生活する施設です。要支援・要介護度や地域要件を確認します。,https://www.google.com/search?q=%E3%82%B0%E3%83%AB%E3%83%BC%E3%83%97%E3%83%9B%E3%83%BC%E3%83%A0%E3%81%95%E3%81%8F%E3%82%89%E3%82%93%E3%81%BC%20%E5%A4%A7%E6%B4%A5%E5%B8%82,大将軍１丁目４－１９,077-548-1234,厚生労働省オープンデータ,https://www.mhlw.go.jp/content/12300000/jigyosho_320.csv,2025-12末,https://www.google.com/search?q=%E3%82%B0%E3%83%AB%E3%83%BC%E3%83%97%E3%83%9B%E3%83%BC%E3%83%A0%E3%81%95%E3%81%8F%E3%82%89%E3%82%93%E3%81%BC%20%E5%A4%A7%E6%B4%A5%E5%B8%82
認知症高齢者グループホーム　楽日荘,グループホーム,滋賀県,大津市,"介護,グループホーム,認知症",認知症のある方が少人数で生活する施設です。要支援・要介護度や地域要件を確認します。,info@rakujitusou.com,滋賀県大津市長等2丁目1-19,077-522-5656,厚生労働省オープンデータ,https://www.mhlw.go.jp/content/12300000/jigyosho_320.csv,2025-12末,https://www.google.com/search?q=%E8%AA%8D%E7%9F%A5%E7%97%87%E9%AB%98%E9%BD%A2%E8%80%85%E3%82%B0%E3%83%AB%E3%83%BC%E3%83%97%E3%83%9B%E3%83%BC%E3%83%A0%E3%80%80%E6%A5%BD%E6%97%A5%E8%8D%98%20%E5%A4%A7%E6%B4%A5%E5%B8%82
社会福祉法人　華頂会　グループホーム　せいか,グループホーム,滋賀県,大津市,"介護,グループホーム,認知症",認知症のある方が少人数で生活する施設です。要支援・要介護度や地域要件を確認します。,group-home/seika@gaea.con.ne.jp,滋賀県大津市大萱6丁目9番9号,077-543-5611,厚生労働省オープンデータ,https://www.mhlw.go.jp/content/12300000/jigyosho_320.csv,2025-12末,https://www.google.com/search?q=%E7%A4%BE%E4%BC%9A%E7%A6%8F%E7%A5%89%E6%B3%95%E4%BA%BA%E3%80%80%E8%8F%AF%E9%A0%82%E4%BC%9A%E3%80%80%E3%82%B0%E3%83%AB%E3%83%BC%E3%83%97%E3%83%9B%E3%83%BC%E3%83%A0%E3%80%80%E3%81%9B%E3%81%84%E3%81%8B%20%E5%A4%A7%E6%B4%A5%E5%B8%82
南郷グループホームほたる,グループホーム,滋賀県,大津市,"介護,グループホーム,認知症",認知症のある方が少人数で生活する施設です。要支援・要介護度や地域要件を確認します。,https://www.google.com/search?q=%E5%8D%97%E9%83%B7%E3%82%B0%E3%83%AB%E3%83%BC%E3%83%97%E3%83%9B%E3%83%BC%E3%83%A0%E3%81%BB%E3%81%9F%E3%82%8B%20%E5%A4%A7%E6%B4%A5%E5%B8%82,大津市南郷一丁目7-21,077-534-5508,厚生労働省オープンデータ,https://www.mhlw.go.jp/content/12300000/jigyosho_320.csv,2025-12末,https://www.google.com/search?q=%E5%8D%97%E9%83%B7%E3%82%B0%E3%83%AB%E3%83%BC%E3%83%97%E3%83%9B%E3%83%BC%E3%83%A0%E3%81%BB%E3%81%9F%E3%82%8B%20%E5%A4%A7%E6%B4%A5%E5%B8%82
シルバーの森　夕照苑,グループホーム,滋賀県,大津市,"介護,グループホーム,認知症",認知症のある方が少人数で生活する施設です。要支援・要介護度や地域要件を確認します。,http://wakabadai-sekisyoen.jimdo.com/,富士見台44-14,077-534-3639,厚生労働省オープンデータ,https://www.mhlw.go.jp/content/12300000/jigyosho_320.csv,2025-12末,https://www.google.com/search?q=%E3%82%B7%E3%83%AB%E3%83%90%E3%83%BC%E3%81%AE%E6%A3%AE%E3%80%80%E5%A4%95%E7%85%A7%E8%8B%91%20%E5%A4%A7%E6%B4%A5%E5%B8%82
グループホームレイクヒル琴,グループホーム,滋賀県,大津市,"介護,グループホーム,認知症",認知症のある方が少人数で生活する施設です。要支援・要介護度や地域要件を確認します。,https://heart-lc.com/,大津市雄琴一丁目13-25,077-579-8448,厚生労働省オープンデータ,https://www.mhlw.go.jp/content/12300000/jigyosho_320.csv,2025-12末,https://www.google.com/search?q=%E3%82%B0%E3%83%AB%E3%83%BC%E3%83%97%E3%83%9B%E3%83%BC%E3%83%A0%E3%83%AC%E3%82%A4%E3%82%AF%E3%83%92%E3%83%AB%E7%90%B4%20%E5%A4%A7%E6%B4%A5%E5%B8%82
グループホームマザーレイク,グループホーム,滋賀県,大津市,"介護,グループホーム,認知症",認知症のある方が少人数で生活する施設です。要支援・要介護度や地域要件を確認します。,http://grouphome.jp/,滋賀県大津市黒津1-6-18,077-536-3902,厚生労働省オープンデータ,https://www.mhlw.go.jp/content/12300000/jigyosho_320.csv,2025-12末,https://www.google.com/search?q=%E3%82%B0%E3%83%AB%E3%83%BC%E3%83%97%E3%83%9B%E3%83%BC%E3%83%A0%E3%83%9E%E3%82%B6%E3%83%BC%E3%83%AC%E3%82%A4%E3%82%AF%20%E5%A4%A7%E6%B4%A5%E5%B8%82
大津ケアセンターそよ風,グループホーム,滋賀県,大津市,"介護,グループホーム,認知症",認知症のある方が少人数で生活する施設です。要支援・要介護度や地域要件を確認します。,https://www.sykz.co.jp/,大津市瀬田三丁目１８－２０,077-547-4810,厚生労働省オープンデータ,https://www.mhlw.go.jp/content/12300000/jigyosho_320.csv,2025-12末,https://www.google.com/search?q=%E5%A4%A7%E6%B4%A5%E3%82%B1%E3%82%A2%E3%82%BB%E3%83%B3%E3%82%BF%E3%83%BC%E3%81%9D%E3%82%88%E9%A2%A8%20%E5%A4%A7%E6%B4%A5%E5%B8%82
琵琶湖大橋グループホーム,グループホーム,滋賀県,大津市,"介護,グループホーム,認知症",認知症のある方が少人数で生活する施設です。要支援・要介護度や地域要件を確認します。,https://www.sanga-kaigo.co.jp,滋賀県大津市本堅田４丁目4-18,077－571－1165,厚生労働省オープンデータ,https://www.mhlw.go.jp/content/12300000/jigyosho_320.csv,2025-12末,https://www.google.com/search?q=%E7%90%B5%E7%90%B6%E6%B9%96%E5%A4%A7%E6%A9%8B%E3%82%B0%E3%83%AB%E3%83%BC%E3%83%97%E3%83%9B%E3%83%BC%E3%83%A0%20%E5%A4%A7%E6%B4%A5%E5%B8%82
医療法人弘英会　グループホーム緑の癒,グループホーム,滋賀県,大津市,"介護,グループホーム,認知症",認知症のある方が少人数で生活する施設です。要支援・要介護度や地域要件を確認します。,http://www.boh.or.jp,滋賀県大津市緑町6番27号,077-536-5733,厚生労働省オープンデータ,https://www.mhlw.go.jp/content/12300000/jigyosho_320.csv,2025-12末,https://www.google.com/search?q=%E5%8C%BB%E7%99%82%E6%B3%95%E4%BA%BA%E5%BC%98%E8%8B%B1%E4%BC%9A%E3%80%80%E3%82%B0%E3%83%AB%E3%83%BC%E3%83%97%E3%83%9B%E3%83%BC%E3%83%A0%E7%B7%91%E3%81%AE%E7%99%92%20%E5%A4%A7%E6%B4%A5%E5%B8%82
グループホーム出愛荘,グループホーム,滋賀県,大津市,"介護,グループホーム,認知症",認知症のある方が少人数で生活する施設です。要支援・要介護度や地域要件を確認します。,http://www.deaisou.com,大津市際川４－１３－６,077-577-2800,厚生労働省オープンデータ,https://www.mhlw.go.jp/content/12300000/jigyosho_320.csv,2025-12末,https://www.google.com/search?q=%E3%82%B0%E3%83%AB%E3%83%BC%E3%83%97%E3%83%9B%E3%83%BC%E3%83%A0%E5%87%BA%E6%84%9B%E8%8D%98%20%E5%A4%A7%E6%B4%A5%E5%B8%82
医療法人　誠仁会　ぐるーぷほーむ木一,グループホーム,滋賀県,大津市,"介護,グループホーム,認知症",認知症のある方が少人数で生活する施設です。要支援・要介護度や地域要件を確認します。,http://yoshitoku.or.jp,大津市里５丁目２－６０,077-546-3074,厚生労働省オープンデータ,https://www.mhlw.go.jp/content/12300000/jigyosho_320.csv,2025-12末,https://www.google.com/search?q=%E5%8C%BB%E7%99%82%E6%B3%95%E4%BA%BA%E3%80%80%E8%AA%A0%E4%BB%81%E4%BC%9A%E3%80%80%E3%81%90%E3%82%8B%E3%83%BC%E3%81%B7%E3%81%BB%E3%83%BC%E3%82%80%E6%9C%A8%E4%B8%80%20%E5%A4%A7%E6%B4%A5%E5%B8%82
医療法人弘英会グループホームさくらテラス,グループホーム,滋賀県,大津市,"介護,グループホーム,認知症",認知症のある方が少人数で生活する施設です。要支援・要介護度や地域要件を確認します。,http://www.boh.or.jp,滋賀県大津市本堅田6丁目39番18号,077-571-2225,厚生労働省オープンデータ,https://www.mhlw.go.jp/content/12300000/jigyosho_320.csv,2025-12末,https://www.google.com/search?q=%E5%8C%BB%E7%99%82%E6%B3%95%E4%BA%BA%E5%BC%98%E8%8B%B1%E4%BC%9A%E3%82%B0%E3%83%AB%E3%83%BC%E3%83%97%E3%83%9B%E3%83%BC%E3%83%A0%E3%81%95%E3%81%8F%E3%82%89%E3%83%86%E3%83%A9%E3%82%B9%20%E5%A4%A7%E6%B4%A5%E5%B8%82
グループホームクリーム,グループホーム,滋賀県,大津市,"介護,グループホーム,認知症",認知症のある方が少人数で生活する施設です。要支援・要介護度や地域要件を確認します。,http://www.ryokuseikai.jp,大石淀３丁目２－２,077-536-3927,厚生労働省オープンデータ,https://www.mhlw.go.jp/content/12300000/jigyosho_320.csv,2025-12末,https://www.google.com/search?q=%E3%82%B0%E3%83%AB%E3%83%BC%E3%83%97%E3%83%9B%E3%83%BC%E3%83%A0%E3%82%AF%E3%83%AA%E3%83%BC%E3%83%A0%20%E5%A4%A7%E6%B4%A5%E5%B8%82
悠悠,グループホーム,滋賀県,大津市,"介護,グループホーム,認知症",認知症のある方が少人数で生活する施設です。要支援・要介護度や地域要件を確認します。,https://www.google.com/search?q=%E6%82%A0%E6%82%A0%20%E5%A4%A7%E6%B4%A5%E5%B8%82,大津市一里山五丁目20番37号,077-547-6828,厚生労働省オープンデータ,https://www.mhlw.go.jp/content/12300000/jigyosho_320.csv,2025-12末,https://www.google.com/search?q=%E6%82%A0%E6%82%A0%20%E5%A4%A7%E6%B4%A5%E5%B8%82
グループホーム三亀,グループホーム,滋賀県,大津市,"介護,グループホーム,認知症",認知症のある方が少人数で生活する施設です。要支援・要介護度や地域要件を確認します。,http://www.miki-corporation.jp,滋賀県大津市別保３丁目１－２４,077-531-5070,厚生労働省オープンデータ,https://www.mhlw.go.jp/content/12300000/jigyosho_320.csv,2025-12末,https://www.google.com/search?q=%E3%82%B0%E3%83%AB%E3%83%BC%E3%83%97%E3%83%9B%E3%83%BC%E3%83%A0%E4%B8%89%E4%BA%80%20%E5%A4%A7%E6%B4%A5%E5%B8%82
グループホーム雅荘,グループホーム,滋賀県,大津市,"介護,グループホーム,認知症",認知症のある方が少人数で生活する施設です。要支援・要介護度や地域要件を確認します。,https://www.wel-fare.co.jp/pages/19/,大津市坂本６丁目３２－４９,077-579-5333,厚生労働省オープンデータ,https://www.mhlw.go.jp/content/12300000/jigyosho_320.csv,2025-12末,https://www.google.com/search?q=%E3%82%B0%E3%83%AB%E3%83%BC%E3%83%97%E3%83%9B%E3%83%BC%E3%83%A0%E9%9B%85%E8%8D%98%20%E5%A4%A7%E6%B4%A5%E5%B8%82
グループホームみちくさ,グループホーム,滋賀県,大津市,"介護,グループホーム,認知症",認知症のある方が少人数で生活する施設です。要支援・要介護度や地域要件を確認します。,http://www.wel-fare.co.jp/,大津市稲津１丁目３－９,077-536-2435,厚生労働省オープンデータ,https://www.mhlw.go.jp/content/12300000/jigyosho_320.csv,2025-12末,https://www.google.com/search?q=%E3%82%B0%E3%83%AB%E3%83%BC%E3%83%97%E3%83%9B%E3%83%BC%E3%83%A0%E3%81%BF%E3%81%A1%E3%81%8F%E3%81%95%20%E5%A4%A7%E6%B4%A5%E5%B8%82
グループホーム富士見,グループホーム,滋賀県,大津市,"介護,グループホーム,認知症",認知症のある方が少人数で生活する施設です。要支援・要介護度や地域要件を確認します。,http://www.miki-corporation.jp/,大津市富士見台１５－３６,077-531-1882,厚生労働省オープンデータ,https://www.mhlw.go.jp/content/12300000/jigyosho_320.csv,2025-12末,https://www.google.com/search?q=%E3%82%B0%E3%83%AB%E3%83%BC%E3%83%97%E3%83%9B%E3%83%BC%E3%83%A0%E5%AF%8C%E5%A3%AB%E8%A6%8B%20%E5%A4%A7%E6%B4%A5%E5%B8%82
グループホームクリーム膳所,グループホーム,滋賀県,大津市,"介護,グループホーム,認知症",認知症のある方が少人数で生活する施設です。要支援・要介護度や地域要件を確認します。,http://www.ryokuseikai.jp/,西の庄１２－２１,077-523-5556,厚生労働省オープンデータ,https://www.mhlw.go.jp/content/12300000/jigyosho_320.csv,2025-12末,https://www.google.com/search?q=%E3%82%B0%E3%83%AB%E3%83%BC%E3%83%97%E3%83%9B%E3%83%BC%E3%83%A0%E3%82%AF%E3%83%AA%E3%83%BC%E3%83%A0%E8%86%B3%E6%89%80%20%E5%A4%A7%E6%B4%A5%E5%B8%82
グループホームクリーム鹿跳,グループホーム,滋賀県,大津市,"介護,グループホーム,認知症",認知症のある方が少人数で生活する施設です。要支援・要介護度や地域要件を確認します。,http://www.ryokuseikai.jp,大津市大石東六丁目1-11,077-546-4660,厚生労働省オープンデータ,https://www.mhlw.go.jp/content/12300000/jigyosho_320.csv,2025-12末,https://www.google.com/search?q=%E3%82%B0%E3%83%AB%E3%83%BC%E3%83%97%E3%83%9B%E3%83%BC%E3%83%A0%E3%82%AF%E3%83%AA%E3%83%BC%E3%83%A0%E9%B9%BF%E8%B7%B3%20%E5%A4%A7%E6%B4%A5%E5%B8%82
かたた駅前グループホーム,グループホーム,滋賀県,大津市,"介護,グループホーム,認知症",認知症のある方が少人数で生活する施設です。要支援・要介護度や地域要件を確認します。,https://www.google.com/search?q=%E3%81%8B%E3%81%9F%E3%81%9F%E9%A7%85%E5%89%8D%E3%82%B0%E3%83%AB%E3%83%BC%E3%83%97%E3%83%9B%E3%83%BC%E3%83%A0%20%E5%A4%A7%E6%B4%A5%E5%B8%82,滋賀県大津市本堅田6丁目31－29,077ー571ー6555,厚生労働省オープンデータ,https://www.mhlw.go.jp/content/12300000/jigyosho_320.csv,2025-12末,https://www.google.com/search?q=%E3%81%8B%E3%81%9F%E3%81%9F%E9%A7%85%E5%89%8D%E3%82%B0%E3%83%AB%E3%83%BC%E3%83%97%E3%83%9B%E3%83%BC%E3%83%A0%20%E5%A4%A7%E6%B4%A5%E5%B8%82
社会福祉法人　華頂会　グループホームのぞみ,グループホーム,滋賀県,大津市,"介護,グループホーム,認知症",認知症のある方が少人数で生活する施設です。要支援・要介護度や地域要件を確認します。,https://www.google.com/search?q=%E7%A4%BE%E4%BC%9A%E7%A6%8F%E7%A5%89%E6%B3%95%E4%BA%BA%E3%80%80%E8%8F%AF%E9%A0%82%E4%BC%9A%E3%80%80%E3%82%B0%E3%83%AB%E3%83%BC%E3%83%97%E3%83%9B%E3%83%BC%E3%83%A0%E3%81%AE%E3%81%9E%E3%81%BF%20%E5%A4%A7%E6%B4%A5%E5%B8%82,滋賀県大津市大将軍3丁目25-12,077-548-8171,厚生労働省オープンデータ,https://www.mhlw.go.jp/content/12300000/jigyosho_320.csv,2025-12末,https://www.google.com/search?q=%E7%A4%BE%E4%BC%9A%E7%A6%8F%E7%A5%89%E6%B3%95%E4%BA%BA%E3%80%80%E8%8F%AF%E9%A0%82%E4%BC%9A%E3%80%80%E3%82%B0%E3%83%AB%E3%83%BC%E3%83%97%E3%83%9B%E3%83%BC%E3%83%A0%E3%81%AE%E3%81%9E%E3%81%BF%20%E5%A4%A7%E6%B4%A5%E5%B8%82
桐生園グループホーム,グループホーム,滋賀県,大津市,"介護,グループホーム,認知症",認知症のある方が少人数で生活する施設です。要支援・要介護度や地域要件を確認します。,http//www.kiryuen.ｊｐ/,滋賀県大津市桐生一丁目26番7号,077-549-8661,厚生労働省オープンデータ,https://www.mhlw.go.jp/content/12300000/jigyosho_320.csv,2025-12末,https://www.google.com/search?q=%E6%A1%90%E7%94%9F%E5%9C%92%E3%82%B0%E3%83%AB%E3%83%BC%E3%83%97%E3%83%9B%E3%83%BC%E3%83%A0%20%E5%A4%A7%E6%B4%A5%E5%B8%82
ニチイケアセンター大津仰木の里,グループホーム,滋賀県,大津市,"介護,グループホーム,認知症",認知症のある方が少人数で生活する施設です。要支援・要介護度や地域要件を確認します。,http://www.nichiigakkan.co.jp,大津市仰木の里３丁目５－２０,077-574-2631,厚生労働省オープンデータ,https://www.mhlw.go.jp/content/12300000/jigyosho_320.csv,2025-12末,https://www.google.com/search?q=%E3%83%8B%E3%83%81%E3%82%A4%E3%82%B1%E3%82%A2%E3%82%BB%E3%83%B3%E3%82%BF%E3%83%BC%E5%A4%A7%E6%B4%A5%E4%BB%B0%E6%9C%A8%E3%81%AE%E9%87%8C%20%E5%A4%A7%E6%B4%A5%E5%B8%82
グランメゾン輪舞館大津真野,グループホーム,滋賀県,大津市,"介護,グループホーム,認知症",認知症のある方が少人数で生活する施設です。要支援・要介護度や地域要件を確認します。,https://grand-maison.jp/homelist/otsu_mano/,真野2丁目24-29,077-573-5370,厚生労働省オープンデータ,https://www.mhlw.go.jp/content/12300000/jigyosho_320.csv,2025-12末,https://www.google.com/search?q=%E3%82%B0%E3%83%A9%E3%83%B3%E3%83%A1%E3%82%BE%E3%83%B3%E8%BC%AA%E8%88%9E%E9%A4%A8%E5%A4%A7%E6%B4%A5%E7%9C%9F%E9%87%8E%20%E5%A4%A7%E6%B4%A5%E5%B8%82
グループホーム　つぼみ,グループホーム,滋賀県,彦根市,"介護,グループホーム,認知症",認知症のある方が少人数で生活する施設です。要支援・要介護度や地域要件を確認します。,hikone-tsubomi.net,彦根市鳥居本町１４５５－７,0749-27-5707,厚生労働省オープンデータ,https://www.mhlw.go.jp/content/12300000/jigyosho_320.csv,2025-12末,https://www.google.com/search?q=%E3%82%B0%E3%83%AB%E3%83%BC%E3%83%97%E3%83%9B%E3%83%BC%E3%83%A0%E3%80%80%E3%81%A4%E3%81%BC%E3%81%BF%20%E5%BD%A6%E6%A0%B9%E5%B8%82
栄町グループホーム,グループホーム,滋賀県,彦根市,"介護,グループホーム,認知症",認知症のある方が少人数で生活する施設です。要支援・要介護度や地域要件を確認します。,https://www.google.com/search?q=%E6%A0%84%E7%94%BA%E3%82%B0%E3%83%AB%E3%83%BC%E3%83%97%E3%83%9B%E3%83%BC%E3%83%A0%20%E5%BD%A6%E6%A0%B9%E5%B8%82,彦根市栄町２丁目１－２２,0749-27-3314,厚生労働省オープンデータ,https://www.mhlw.go.jp/content/12300000/jigyosho_320.csv,2025-12末,https://www.google.com/search?q=%E6%A0%84%E7%94%BA%E3%82%B0%E3%83%AB%E3%83%BC%E3%83%97%E3%83%9B%E3%83%BC%E3%83%A0%20%E5%BD%A6%E6%A0%B9%E5%B8%82
ひこねの憩,グループホーム,滋賀県,彦根市,"介護,グループホーム,認知症",認知症のある方が少人数で生活する施設です。要支援・要介護度や地域要件を確認します。,http://frontier-gh.jp,滋賀県彦根市地蔵町203番7,0749－26－5991,厚生労働省オープンデータ,https://www.mhlw.go.jp/content/12300000/jigyosho_320.csv,2025-12末,https://www.google.com/search?q=%E3%81%B2%E3%81%93%E3%81%AD%E3%81%AE%E6%86%A9%20%E5%BD%A6%E6%A0%B9%E5%B8%82
グループホーム和楽,グループホーム,滋賀県,彦根市,"介護,グループホーム,認知症",認知症のある方が少人数で生活する施設です。要支援・要介護度や地域要件を確認します。,https://www.google.com/search?q=%E3%82%B0%E3%83%AB%E3%83%BC%E3%83%97%E3%83%9B%E3%83%BC%E3%83%A0%E5%92%8C%E6%A5%BD%20%E5%BD%A6%E6%A0%B9%E5%B8%82,滋賀県彦根市野田山町１０９９－１,0749-30-3387,厚生労働省オープンデータ,https://www.mhlw.go.jp/content/12300000/jigyosho_320.csv,2025-12末,https://www.google.com/search?q=%E3%82%B0%E3%83%AB%E3%83%BC%E3%83%97%E3%83%9B%E3%83%BC%E3%83%A0%E5%92%8C%E6%A5%BD%20%E5%BD%A6%E6%A0%B9%E5%B8%82
認知症グループホーム　いちじくの木,グループホーム,滋賀県,彦根市,"介護,グループホーム,認知症",認知症のある方が少人数で生活する施設です。要支援・要介護度や地域要件を確認します。,http://www.kisoukai.com,滋賀県彦根市極楽寺町596番地,0749-47-4770,厚生労働省オープンデータ,https://www.mhlw.go.jp/content/12300000/jigyosho_320.csv,2025-12末,https://www.google.com/search?q=%E8%AA%8D%E7%9F%A5%E7%97%87%E3%82%B0%E3%83%AB%E3%83%BC%E3%83%97%E3%83%9B%E3%83%BC%E3%83%A0%E3%80%80%E3%81%84%E3%81%A1%E3%81%98%E3%81%8F%E3%81%AE%E6%9C%A8%20%E5%BD%A6%E6%A0%B9%E5%B8%82
グループホーム　えくぼ,グループホーム,滋賀県,彦根市,"介護,グループホーム,認知症",認知症のある方が少人数で生活する施設です。要支援・要介護度や地域要件を確認します。,http://magokoro-home.co.jp/ekubo/,滋賀県彦根市金剛寺町58-1グループホームえくぼ,0749-25-3835,厚生労働省オープンデータ,https://www.mhlw.go.jp/content/12300000/jigyosho_320.csv,2025-12末,https://www.google.com/search?q=%E3%82%B0%E3%83%AB%E3%83%BC%E3%83%97%E3%83%9B%E3%83%BC%E3%83%A0%E3%80%80%E3%81%88%E3%81%8F%E3%81%BC%20%E5%BD%A6%E6%A0%B9%E5%B8%82
彦根市グループホームゆうゆう,グループホーム,滋賀県,彦根市,"介護,グループホーム,認知症",認知症のある方が少人数で生活する施設です。要支援・要介護度や地域要件を確認します。,http://www.toyosato.or.jp/kirarayuuyuu/index.html,彦根市川瀬馬場町1015-1,0749-28-7662,厚生労働省オープンデータ,https://www.mhlw.go.jp/content/12300000/jigyosho_320.csv,2025-12末,https://www.google.com/search?q=%E5%BD%A6%E6%A0%B9%E5%B8%82%E3%82%B0%E3%83%AB%E3%83%BC%E3%83%97%E3%83%9B%E3%83%BC%E3%83%A0%E3%82%86%E3%81%86%E3%82%86%E3%81%86%20%E5%BD%A6%E6%A0%B9%E5%B8%82
グループホーム　さざなみ苑,グループホーム,滋賀県,彦根市,"介護,グループホーム,認知症",認知症のある方が少人数で生活する施設です。要支援・要介護度や地域要件を確認します。,http://www.sazanamien.com,滋賀県彦根市城町2丁目13番3号,0749-27-1565,厚生労働省オープンデータ,https://www.mhlw.go.jp/content/12300000/jigyosho_320.csv,2025-12末,https://www.google.com/search?q=%E3%82%B0%E3%83%AB%E3%83%BC%E3%83%97%E3%83%9B%E3%83%BC%E3%83%A0%E3%80%80%E3%81%95%E3%81%96%E3%81%AA%E3%81%BF%E8%8B%91%20%E5%BD%A6%E6%A0%B9%E5%B8%82
グループホーム鈴の家,グループホーム,滋賀県,彦根市,"介護,グループホーム,認知症",認知症のある方が少人数で生活する施設です。要支援・要介護度や地域要件を確認します。,http://www.suzukihealthcare.co.jp,滋賀県彦根市田原町８７－２,0749-43-7662,厚生労働省オープンデータ,https://www.mhlw.go.jp/content/12300000/jigyosho_320.csv,2025-12末,https://www.google.com/search?q=%E3%82%B0%E3%83%AB%E3%83%BC%E3%83%97%E3%83%9B%E3%83%BC%E3%83%A0%E9%88%B4%E3%81%AE%E5%AE%B6%20%E5%BD%A6%E6%A0%B9%E5%B8%82
湖の辺の道,グループホーム,滋賀県,彦根市,"介護,グループホーム,認知症",認知症のある方が少人数で生活する施設です。要支援・要介護度や地域要件を確認します。,http://homesweethome.jp/uminobenomichi,彦根市新海町2237,0749-43-4332,厚生労働省オープンデータ,https://www.mhlw.go.jp/content/12300000/jigyosho_320.csv,2025-12末,https://www.google.com/search?q=%E6%B9%96%E3%81%AE%E8%BE%BA%E3%81%AE%E9%81%93%20%E5%BD%A6%E6%A0%B9%E5%B8%82
グループホームあいの里八坂,グループホーム,滋賀県,彦根市,"介護,グループホーム,認知症",認知症のある方が少人数で生活する施設です。要支援・要介護度や地域要件を確認します。,https://www.google.com/search?q=%E3%82%B0%E3%83%AB%E3%83%BC%E3%83%97%E3%83%9B%E3%83%BC%E3%83%A0%E3%81%82%E3%81%84%E3%81%AE%E9%87%8C%E5%85%AB%E5%9D%82%20%E5%BD%A6%E6%A0%B9%E5%B8%82,滋賀県彦根市八坂町1900-12,0749-24-2550,厚生労働省オープンデータ,https://www.mhlw.go.jp/content/12300000/jigyosho_320.csv,2025-12末,https://www.google.com/search?q=%E3%82%B0%E3%83%AB%E3%83%BC%E3%83%97%E3%83%9B%E3%83%BC%E3%83%A0%E3%81%82%E3%81%84%E3%81%AE%E9%87%8C%E5%85%AB%E5%9D%82%20%E5%BD%A6%E6%A0%B9%E5%B8%82
あったかハウス京町グループホーム,グループホーム,滋賀県,彦根市,"介護,グループホーム,認知症",認知症のある方が少人数で生活する施設です。要支援・要介護度や地域要件を確認します。,http://www.iscare.co.jp,滋賀県彦根市京町1丁目4-7,0749-30-1808,厚生労働省オープンデータ,https://www.mhlw.go.jp/content/12300000/jigyosho_320.csv,2025-12末,https://www.google.com/search?q=%E3%81%82%E3%81%A3%E3%81%9F%E3%81%8B%E3%83%8F%E3%82%A6%E3%82%B9%E4%BA%AC%E7%94%BA%E3%82%B0%E3%83%AB%E3%83%BC%E3%83%97%E3%83%9B%E3%83%BC%E3%83%A0%20%E5%BD%A6%E6%A0%B9%E5%B8%82
あったかハウス甘呂グループホーム,グループホーム,滋賀県,彦根市,"介護,グループホーム,認知症",認知症のある方が少人数で生活する施設です。要支援・要介護度や地域要件を確認します。,http://www.iscare.co.jp,滋賀県彦根市甘呂町490,0749-28-1750,厚生労働省オープンデータ,https://www.mhlw.go.jp/content/12300000/jigyosho_320.csv,2025-12末,https://www.google.com/search?q=%E3%81%82%E3%81%A3%E3%81%9F%E3%81%8B%E3%83%8F%E3%82%A6%E3%82%B9%E7%94%98%E5%91%82%E3%82%B0%E3%83%AB%E3%83%BC%E3%83%97%E3%83%9B%E3%83%BC%E3%83%A0%20%E5%BD%A6%E6%A0%B9%E5%B8%82
あったかハウス甘呂グループホーム　サフラン,グループホーム,滋賀県,彦根市,"介護,グループホーム,認知症",認知症のある方が少人数で生活する施設です。要支援・要介護度や地域要件を確認します。,https://www.iscare.co.jp/,滋賀県彦根市甘呂町491,0749-28-3511,厚生労働省オープンデータ,https://www.mhlw.go.jp/content/12300000/jigyosho_320.csv,2025-12末,https://www.google.com/search?q=%E3%81%82%E3%81%A3%E3%81%9F%E3%81%8B%E3%83%8F%E3%82%A6%E3%82%B9%E7%94%98%E5%91%82%E3%82%B0%E3%83%AB%E3%83%BC%E3%83%97%E3%83%9B%E3%83%BC%E3%83%A0%E3%80%80%E3%82%B5%E3%83%95%E3%83%A9%E3%83%B3%20%E5%BD%A6%E6%A0%B9%E5%B8%82
ひらたグループホーム翔裕館,グループホーム,滋賀県,彦根市,"介護,グループホーム,認知症",認知症のある方が少人数で生活する施設です。要支援・要介護度や地域要件を確認します。,https://www.sanga-kaigo.co.jp/,平田町448-1ひらた翔裕館Ⅱ号館,0749-21-3715,厚生労働省オープンデータ,https://www.mhlw.go.jp/content/12300000/jigyosho_320.csv,2025-12末,https://www.google.com/search?q=%E3%81%B2%E3%82%89%E3%81%9F%E3%82%B0%E3%83%AB%E3%83%BC%E3%83%97%E3%83%9B%E3%83%BC%E3%83%A0%E7%BF%94%E8%A3%95%E9%A4%A8%20%E5%BD%A6%E6%A0%B9%E5%B8%82
南ひこねグループホーム翔裕館,グループホーム,滋賀県,彦根市,"介護,グループホーム,認知症",認知症のある方が少人数で生活する施設です。要支援・要介護度や地域要件を確認します。,https://www.sanga-kaigo.co.jp/,滋賀県彦根市平田町788南ひこね翔裕館,0749-21-5530,厚生労働省オープンデータ,https://www.mhlw.go.jp/content/12300000/jigyosho_320.csv,2025-12末,https://www.google.com/search?q=%E5%8D%97%E3%81%B2%E3%81%93%E3%81%AD%E3%82%B0%E3%83%AB%E3%83%BC%E3%83%97%E3%83%9B%E3%83%BC%E3%83%A0%E7%BF%94%E8%A3%95%E9%A4%A8%20%E5%BD%A6%E6%A0%B9%E5%B8%82
グループホームほのか,グループホーム,滋賀県,長浜市,"介護,グループホーム,認知症",認知症のある方が少人数で生活する施設です。要支援・要介護度や地域要件を確認します。,https://www.google.com/search?q=%E3%82%B0%E3%83%AB%E3%83%BC%E3%83%97%E3%83%9B%E3%83%BC%E3%83%A0%E3%81%BB%E3%81%AE%E3%81%8B%20%E9%95%B7%E6%B5%9C%E5%B8%82,滋賀県長浜市加納町989-6,0749-50-7596,厚生労働省オープンデータ,https://www.mhlw.go.jp/content/12300000/jigyosho_320.csv,2025-12末,https://www.google.com/search?q=%E3%82%B0%E3%83%AB%E3%83%BC%E3%83%97%E3%83%9B%E3%83%BC%E3%83%A0%E3%81%BB%E3%81%AE%E3%81%8B%20%E9%95%B7%E6%B5%9C%E5%B8%82
グループホーム中重,グループホーム,滋賀県,長浜市,"介護,グループホーム,認知症",認知症のある方が少人数で生活する施設です。要支援・要介護度や地域要件を確認します。,http://care-care.jp/kaigo/ty_facilities.php?tyid=92,高月町横山298番地,0749-85-8118,厚生労働省オープンデータ,https://www.mhlw.go.jp/content/12300000/jigyosho_320.csv,2025-12末,https://www.google.com/search?q=%E3%82%B0%E3%83%AB%E3%83%BC%E3%83%97%E3%83%9B%E3%83%BC%E3%83%A0%E4%B8%AD%E9%87%8D%20%E9%95%B7%E6%B5%9C%E5%B8%82
グループホーム中重　ねむのき,グループホーム,滋賀県,長浜市,"介護,グループホーム,認知症",認知症のある方が少人数で生活する施設です。要支援・要介護度や地域要件を確認します。,http://care-care.jp/kaigo/ty_facilities.php?tyid=92,高月町横山298番地,0749‐85‐8118,厚生労働省オープンデータ,https://www.mhlw.go.jp/content/12300000/jigyosho_320.csv,2025-12末,https://www.google.com/search?q=%E3%82%B0%E3%83%AB%E3%83%BC%E3%83%97%E3%83%9B%E3%83%BC%E3%83%A0%E4%B8%AD%E9%87%8D%E3%80%80%E3%81%AD%E3%82%80%E3%81%AE%E3%81%8D%20%E9%95%B7%E6%B5%9C%E5%B8%82
社会福祉法人　さざなみ会　グループホーム姉川の里,グループホーム,滋賀県,長浜市,"介護,グループホーム,認知症",認知症のある方が少人数で生活する施設です。要支援・要介護度や地域要件を確認します。,http://www.sazanamien.com,滋賀県長浜市大井町９７３番地２,0749-73-3388,厚生労働省オープンデータ,https://www.mhlw.go.jp/content/12300000/jigyosho_320.csv,2025-12末,https://www.google.com/search?q=%E7%A4%BE%E4%BC%9A%E7%A6%8F%E7%A5%89%E6%B3%95%E4%BA%BA%E3%80%80%E3%81%95%E3%81%96%E3%81%AA%E3%81%BF%E4%BC%9A%E3%80%80%E3%82%B0%E3%83%AB%E3%83%BC%E3%83%97%E3%83%9B%E3%83%BC%E3%83%A0%E5%A7%89%E5%B7%9D%E3%81%AE%E9%87%8C%20%E9%95%B7%E6%B5%9C%E5%B8%82
グループホームまんてん高月,グループホーム,滋賀県,長浜市,"介護,グループホーム,認知症",認知症のある方が少人数で生活する施設です。要支援・要介護度や地域要件を確認します。,http://www.man-ten.org,滋賀県長浜市高月町高月641-2番地,0749-51-9077,厚生労働省オープンデータ,https://www.mhlw.go.jp/content/12300000/jigyosho_320.csv,2025-12末,https://www.google.com/search?q=%E3%82%B0%E3%83%AB%E3%83%BC%E3%83%97%E3%83%9B%E3%83%BC%E3%83%A0%E3%81%BE%E3%82%93%E3%81%A6%E3%82%93%E9%AB%98%E6%9C%88%20%E9%95%B7%E6%B5%9C%E5%B8%82
グループホーム　ただすの森,グループホーム,滋賀県,長浜市,"介護,グループホーム,認知症",認知症のある方が少人数で生活する施設です。要支援・要介護度や地域要件を確認します。,http://o-kourakukai.or.jp/,滋賀県長浜市下坂中町２００番地１,0749-68-4012,厚生労働省オープンデータ,https://www.mhlw.go.jp/content/12300000/jigyosho_320.csv,2025-12末,https://www.google.com/search?q=%E3%82%B0%E3%83%AB%E3%83%BC%E3%83%97%E3%83%9B%E3%83%BC%E3%83%A0%E3%80%80%E3%81%9F%E3%81%A0%E3%81%99%E3%81%AE%E6%A3%AE%20%E9%95%B7%E6%B5%9C%E5%B8%82
グループホームふじのみね,グループホーム,滋賀県,長浜市,"介護,グループホーム,認知症",認知症のある方が少人数で生活する施設です。要支援・要介護度や地域要件を確認します。,http://www.jigen.co.jp,滋賀県長浜市醍醐町235番地,0749-74-8858,厚生労働省オープンデータ,https://www.mhlw.go.jp/content/12300000/jigyosho_320.csv,2025-12末,https://www.google.com/search?q=%E3%82%B0%E3%83%AB%E3%83%BC%E3%83%97%E3%83%9B%E3%83%BC%E3%83%A0%E3%81%B5%E3%81%98%E3%81%AE%E3%81%BF%E3%81%AD%20%E9%95%B7%E6%B5%9C%E5%B8%82
グループホーム　花みずき,グループホーム,滋賀県,長浜市,"介護,グループホーム,認知症",認知症のある方が少人数で生活する施設です。要支援・要介護度や地域要件を確認します。,http://o-kourakukai.or.jp/,滋賀県長浜市下坂中町２００番地１,0749-68-4017,厚生労働省オープンデータ,https://www.mhlw.go.jp/content/12300000/jigyosho_320.csv,2025-12末,https://www.google.com/search?q=%E3%82%B0%E3%83%AB%E3%83%BC%E3%83%97%E3%83%9B%E3%83%BC%E3%83%A0%E3%80%80%E8%8A%B1%E3%81%BF%E3%81%9A%E3%81%8D%20%E9%95%B7%E6%B5%9C%E5%B8%82
株式会社さくら,グループホーム,滋賀県,長浜市,"介護,グループホーム,認知症",認知症のある方が少人数で生活する施設です。要支援・要介護度や地域要件を確認します。,http:/nagahama-sakura.net,滋賀県長浜市新庄中町584グループホームのぞみ,0749－51－6788,厚生労働省オープンデータ,https://www.mhlw.go.jp/content/12300000/jigyosho_320.csv,2025-12末,https://www.google.com/search?q=%E6%A0%AA%E5%BC%8F%E4%BC%9A%E7%A4%BE%E3%81%95%E3%81%8F%E3%82%89%20%E9%95%B7%E6%B5%9C%E5%B8%82
グループホーム　はるか,グループホーム,滋賀県,長浜市,"介護,グループホーム,認知症",認知症のある方が少人数で生活する施設です。要支援・要介護度や地域要件を確認します。,http://nagahama-sakura.net/index.html,滋賀県長浜市大寺町563番地,0749-50-2994,厚生労働省オープンデータ,https://www.mhlw.go.jp/content/12300000/jigyosho_320.csv,2025-12末,https://www.google.com/search?q=%E3%82%B0%E3%83%AB%E3%83%BC%E3%83%97%E3%83%9B%E3%83%BC%E3%83%A0%E3%80%80%E3%81%AF%E3%82%8B%E3%81%8B%20%E9%95%B7%E6%B5%9C%E5%B8%82
北ながはまグループホーム,グループホーム,滋賀県,長浜市,"介護,グループホーム,認知症",認知症のある方が少人数で生活する施設です。要支援・要介護度や地域要件を確認します。,https://sangajapan.jp/kitanagahama/kitanagahama01/,神照町460-10,0749-53-2286,厚生労働省オープンデータ,https://www.mhlw.go.jp/content/12300000/jigyosho_320.csv,2025-12末,https://www.google.com/search?q=%E5%8C%97%E3%81%AA%E3%81%8C%E3%81%AF%E3%81%BE%E3%82%B0%E3%83%AB%E3%83%BC%E3%83%97%E3%83%9B%E3%83%BC%E3%83%A0%20%E9%95%B7%E6%B5%9C%E5%B8%82
グループホーム　つくしの里,グループホーム,滋賀県,長浜市,"介護,グループホーム,認知症",認知症のある方が少人数で生活する施設です。要支援・要介護度や地域要件を確認します。,https://www.google.com/search?q=%E3%82%B0%E3%83%AB%E3%83%BC%E3%83%97%E3%83%9B%E3%83%BC%E3%83%A0%E3%80%80%E3%81%A4%E3%81%8F%E3%81%97%E3%81%AE%E9%87%8C%20%E9%95%B7%E6%B5%9C%E5%B8%82,滋賀県長浜市益田町1271,0749-72-4500,厚生労働省オープンデータ,https://www.mhlw.go.jp/content/12300000/jigyosho_320.csv,2025-12末,https://www.google.com/search?q=%E3%82%B0%E3%83%AB%E3%83%BC%E3%83%97%E3%83%9B%E3%83%BC%E3%83%A0%E3%80%80%E3%81%A4%E3%81%8F%E3%81%97%E3%81%AE%E9%87%8C%20%E9%95%B7%E6%B5%9C%E5%B8%82
グループホーム　まんてん小谷,グループホーム,滋賀県,長浜市,"介護,グループホーム,認知症",認知症のある方が少人数で生活する施設です。要支援・要介護度や地域要件を確認します。,http://www.man-ten.org/,滋賀県長浜市小谷郡上町562番地,0749-78-8101,厚生労働省オープンデータ,https://www.mhlw.go.jp/content/12300000/jigyosho_320.csv,2025-12末,https://www.google.com/search?q=%E3%82%B0%E3%83%AB%E3%83%BC%E3%83%97%E3%83%9B%E3%83%BC%E3%83%A0%E3%80%80%E3%81%BE%E3%82%93%E3%81%A6%E3%82%93%E5%B0%8F%E8%B0%B7%20%E9%95%B7%E6%B5%9C%E5%B8%82
余呉はごろも村グループホームこぶしの家,グループホーム,滋賀県,長浜市,"介護,グループホーム,認知症",認知症のある方が少人数で生活する施設です。要支援・要介護度や地域要件を確認します。,https://www.google.com/search?q=%E4%BD%99%E5%91%89%E3%81%AF%E3%81%94%E3%82%8D%E3%82%82%E6%9D%91%E3%82%B0%E3%83%AB%E3%83%BC%E3%83%97%E3%83%9B%E3%83%BC%E3%83%A0%E3%81%93%E3%81%B6%E3%81%97%E3%81%AE%E5%AE%B6%20%E9%95%B7%E6%B5%9C%E5%B8%82,滋賀県長浜市余呉町池原1293番地,0749-86-8050,厚生労働省オープンデータ,https://www.mhlw.go.jp/content/12300000/jigyosho_320.csv,2025-12末,https://www.google.com/search?q=%E4%BD%99%E5%91%89%E3%81%AF%E3%81%94%E3%82%8D%E3%82%82%E6%9D%91%E3%82%B0%E3%83%AB%E3%83%BC%E3%83%97%E3%83%9B%E3%83%BC%E3%83%A0%E3%81%93%E3%81%B6%E3%81%97%E3%81%AE%E5%AE%B6%20%E9%95%B7%E6%B5%9C%E5%B8%82
グループホーム　まんてん塩津,グループホーム,滋賀県,長浜市,"介護,グループホーム,認知症",認知症のある方が少人数で生活する施設です。要支援・要介護度や地域要件を確認します。,http://www.man-ten.org/,滋賀県長浜市西浅井町塩津中２７０番地,0749-88-8032,厚生労働省オープンデータ,https://www.mhlw.go.jp/content/12300000/jigyosho_320.csv,2025-12末,https://www.google.com/search?q=%E3%82%B0%E3%83%AB%E3%83%BC%E3%83%97%E3%83%9B%E3%83%BC%E3%83%A0%E3%80%80%E3%81%BE%E3%82%93%E3%81%A6%E3%82%93%E5%A1%A9%E6%B4%A5%20%E9%95%B7%E6%B5%9C%E5%B8%82
グループホーム近江,グループホーム,滋賀県,近江八幡市,"介護,グループホーム,認知症",認知症のある方が少人数で生活する施設です。要支援・要介護度や地域要件を確認します。,http://taizankai.org/o-mi/index.html,滋賀県近江八幡市上畑町88番地,0748-38-8380,厚生労働省オープンデータ,https://www.mhlw.go.jp/content/12300000/jigyosho_320.csv,2025-12末,https://www.google.com/search?q=%E3%82%B0%E3%83%AB%E3%83%BC%E3%83%97%E3%83%9B%E3%83%BC%E3%83%A0%E8%BF%91%E6%B1%9F%20%E8%BF%91%E6%B1%9F%E5%85%AB%E5%B9%A1%E5%B8%82
グループホームともの家のむら,グループホーム,滋賀県,近江八幡市,"介護,グループホーム,認知症",認知症のある方が少人数で生活する施設です。要支援・要介護度や地域要件を確認します。,http://www.tomonoie.org/public,滋賀県近江八幡市野村町815,0748-33-3360,厚生労働省オープンデータ,https://www.mhlw.go.jp/content/12300000/jigyosho_320.csv,2025-12末,https://www.google.com/search?q=%E3%82%B0%E3%83%AB%E3%83%BC%E3%83%97%E3%83%9B%E3%83%BC%E3%83%A0%E3%81%A8%E3%82%82%E3%81%AE%E5%AE%B6%E3%81%AE%E3%82%80%E3%82%89%20%E8%BF%91%E6%B1%9F%E5%85%AB%E5%B9%A1%E5%B8%82
医療法人正志会　グループホームちとせ,グループホーム,滋賀県,近江八幡市,"介護,グループホーム,認知症",認知症のある方が少人数で生活する施設です。要支援・要介護度や地域要件を確認します。,https://www.google.com/search?q=%E5%8C%BB%E7%99%82%E6%B3%95%E4%BA%BA%E6%AD%A3%E5%BF%97%E4%BC%9A%E3%80%80%E3%82%B0%E3%83%AB%E3%83%BC%E3%83%97%E3%83%9B%E3%83%BC%E3%83%A0%E3%81%A1%E3%81%A8%E3%81%9B%20%E8%BF%91%E6%B1%9F%E5%85%AB%E5%B9%A1%E5%B8%82,滋賀県近江八幡市長命寺町37－1,0748－31－1717,厚生労働省オープンデータ,https://www.mhlw.go.jp/content/12300000/jigyosho_320.csv,2025-12末,https://www.google.com/search?q=%E5%8C%BB%E7%99%82%E6%B3%95%E4%BA%BA%E6%AD%A3%E5%BF%97%E4%BC%9A%E3%80%80%E3%82%B0%E3%83%AB%E3%83%BC%E3%83%97%E3%83%9B%E3%83%BC%E3%83%A0%E3%81%A1%E3%81%A8%E3%81%9B%20%E8%BF%91%E6%B1%9F%E5%85%AB%E5%B9%A1%E5%B8%82
しみんふくし滋賀グループホーム出町,グループホーム,滋賀県,近江八幡市,"介護,グループホーム,認知症",認知症のある方が少人数で生活する施設です。要支援・要介護度や地域要件を確認します。,http://www.shiminfukushi-shiga.jp/,滋賀県近江八幡市出町120-1,0748-33-9490,厚生労働省オープンデータ,https://www.mhlw.go.jp/content/12300000/jigyosho_320.csv,2025-12末,https://www.google.com/search?q=%E3%81%97%E3%81%BF%E3%82%93%E3%81%B5%E3%81%8F%E3%81%97%E6%BB%8B%E8%B3%80%E3%82%B0%E3%83%AB%E3%83%BC%E3%83%97%E3%83%9B%E3%83%BC%E3%83%A0%E5%87%BA%E7%94%BA%20%E8%BF%91%E6%B1%9F%E5%85%AB%E5%B9%A1%E5%B8%82
オアシスグループホーム,グループホーム,滋賀県,近江八幡市,"介護,グループホーム,認知症",認知症のある方が少人数で生活する施設です。要支援・要介護度や地域要件を確認します。,ods@mx.bw.dream.jp,馬渕町６９０番地,0748-38-0296,厚生労働省オープンデータ,https://www.mhlw.go.jp/content/12300000/jigyosho_320.csv,2025-12末,https://www.google.com/search?q=%E3%82%AA%E3%82%A2%E3%82%B7%E3%82%B9%E3%82%B0%E3%83%AB%E3%83%BC%E3%83%97%E3%83%9B%E3%83%BC%E3%83%A0%20%E8%BF%91%E6%B1%9F%E5%85%AB%E5%B9%A1%E5%B8%82
グループホーム　おかえり,グループホーム,滋賀県,近江八幡市,"介護,グループホーム,認知症",認知症のある方が少人数で生活する施設です。要支援・要介護度や地域要件を確認します。,https://www.google.com/search?q=%E3%82%B0%E3%83%AB%E3%83%BC%E3%83%97%E3%83%9B%E3%83%BC%E3%83%A0%E3%80%80%E3%81%8A%E3%81%8B%E3%81%88%E3%82%8A%20%E8%BF%91%E6%B1%9F%E5%85%AB%E5%B9%A1%E5%B8%82,滋賀県近江八幡市中小森町600番地,0748-31-0620,厚生労働省オープンデータ,https://www.mhlw.go.jp/content/12300000/jigyosho_320.csv,2025-12末,https://www.google.com/search?q=%E3%82%B0%E3%83%AB%E3%83%BC%E3%83%97%E3%83%9B%E3%83%BC%E3%83%A0%E3%80%80%E3%81%8A%E3%81%8B%E3%81%88%E3%82%8A%20%E8%BF%91%E6%B1%9F%E5%85%AB%E5%B9%A1%E5%B8%82
グループホーム　ほおのき,グループホーム,滋賀県,近江八幡市,"介護,グループホーム,認知症",認知症のある方が少人数で生活する施設です。要支援・要介護度や地域要件を確認します。,https://www.google.com/search?q=%E3%82%B0%E3%83%AB%E3%83%BC%E3%83%97%E3%83%9B%E3%83%BC%E3%83%A0%E3%80%80%E3%81%BB%E3%81%8A%E3%81%AE%E3%81%8D%20%E8%BF%91%E6%B1%9F%E5%85%AB%E5%B9%A1%E5%B8%82,滋賀県近江八幡市中小森町580－1,0748－31－0630,厚生労働省オープンデータ,https://www.mhlw.go.jp/content/12300000/jigyosho_320.csv,2025-12末,https://www.google.com/search?q=%E3%82%B0%E3%83%AB%E3%83%BC%E3%83%97%E3%83%9B%E3%83%BC%E3%83%A0%E3%80%80%E3%81%BB%E3%81%8A%E3%81%AE%E3%81%8D%20%E8%BF%91%E6%B1%9F%E5%85%AB%E5%B9%A1%E5%B8%82
グループホーム花ごよみ,グループホーム,滋賀県,近江八幡市,"介護,グループホーム,認知症",認知症のある方が少人数で生活する施設です。要支援・要介護度や地域要件を確認します。,https://www.honobonokai.com,滋賀県近江八幡市上田町1315-1,0748-37-8716,厚生労働省オープンデータ,https://www.mhlw.go.jp/content/12300000/jigyosho_320.csv,2025-12末,https://www.google.com/search?q=%E3%82%B0%E3%83%AB%E3%83%BC%E3%83%97%E3%83%9B%E3%83%BC%E3%83%A0%E8%8A%B1%E3%81%94%E3%82%88%E3%81%BF%20%E8%BF%91%E6%B1%9F%E5%85%AB%E5%B9%A1%E5%B8%82
グループホームしのだ,グループホーム,滋賀県,近江八幡市,"介護,グループホーム,認知症",認知症のある方が少人数で生活する施設です。要支援・要介護度や地域要件を確認します。,https://www.honobonokai.com,近江八幡市上田町540-1,0748-37-1540,厚生労働省オープンデータ,https://www.mhlw.go.jp/content/12300000/jigyosho_320.csv,2025-12末,https://www.google.com/search?q=%E3%82%B0%E3%83%AB%E3%83%BC%E3%83%97%E3%83%9B%E3%83%BC%E3%83%A0%E3%81%97%E3%81%AE%E3%81%A0%20%E8%BF%91%E6%B1%9F%E5%85%AB%E5%B9%A1%E5%B8%82
いっぷく安土庵,グループホーム,滋賀県,近江八幡市,"介護,グループホーム,認知症",認知症のある方が少人数で生活する施設です。要支援・要介護度や地域要件を確認します。,https://mihan-shiga.site/,安土町下豊浦4111-2,0748-46-7130,厚生労働省オープンデータ,https://www.mhlw.go.jp/content/12300000/jigyosho_320.csv,2025-12末,https://www.google.com/search?q=%E3%81%84%E3%81%A3%E3%81%B7%E3%81%8F%E5%AE%89%E5%9C%9F%E5%BA%B5%20%E8%BF%91%E6%B1%9F%E5%85%AB%E5%B9%A1%E5%B8%82
グループホーム　マハナ,グループホーム,滋賀県,草津市,"介護,グループホーム,認知症",認知症のある方が少人数で生活する施設です。要支援・要介護度や地域要件を確認します。,http://mahanasmile.fanweb.jp,草津市青地町1248-1,077-569-5103,厚生労働省オープンデータ,https://www.mhlw.go.jp/content/12300000/jigyosho_320.csv,2025-12末,https://www.google.com/search?q=%E3%82%B0%E3%83%AB%E3%83%BC%E3%83%97%E3%83%9B%E3%83%BC%E3%83%A0%E3%80%80%E3%83%9E%E3%83%8F%E3%83%8A%20%E8%8D%89%E6%B4%A5%E5%B8%82
ケアタウン南草津グループホーム,グループホーム,滋賀県,草津市,"介護,グループホーム,認知症",認知症のある方が少人数で生活する施設です。要支援・要介護度や地域要件を確認します。,http://caretown.jp/,滋賀県草津市矢橋町６２７番地１,077-562-1124,厚生労働省オープンデータ,https://www.mhlw.go.jp/content/12300000/jigyosho_320.csv,2025-12末,https://www.google.com/search?q=%E3%82%B1%E3%82%A2%E3%82%BF%E3%82%A6%E3%83%B3%E5%8D%97%E8%8D%89%E6%B4%A5%E3%82%B0%E3%83%AB%E3%83%BC%E3%83%97%E3%83%9B%E3%83%BC%E3%83%A0%20%E8%8D%89%E6%B4%A5%E5%B8%82
グループホーム　常輝の里,グループホーム,滋賀県,草津市,"介護,グループホーム,認知症",認知症のある方が少人数で生活する施設です。要支援・要介護度や地域要件を確認します。,http://www.tokinosato-k.com,草津市志那中町25番地,077-568-2406,厚生労働省オープンデータ,https://www.mhlw.go.jp/content/12300000/jigyosho_320.csv,2025-12末,https://www.google.com/search?q=%E3%82%B0%E3%83%AB%E3%83%BC%E3%83%97%E3%83%9B%E3%83%BC%E3%83%A0%E3%80%80%E5%B8%B8%E8%BC%9D%E3%81%AE%E9%87%8C%20%E8%8D%89%E6%B4%A5%E5%B8%82
グループホームなぎさ,グループホーム,滋賀県,草津市,"介護,グループホーム,認知症",認知症のある方が少人数で生活する施設です。要支援・要介護度や地域要件を確認します。,http://www.kaigo-nagisa.com/,集町２６０－１,077-568-5100,厚生労働省オープンデータ,https://www.mhlw.go.jp/content/12300000/jigyosho_320.csv,2025-12末,https://www.google.com/search?q=%E3%82%B0%E3%83%AB%E3%83%BC%E3%83%97%E3%83%9B%E3%83%BC%E3%83%A0%E3%81%AA%E3%81%8E%E3%81%95%20%E8%8D%89%E6%B4%A5%E5%B8%82
グループホームオアフ,グループホーム,滋賀県,草津市,"介護,グループホーム,認知症",認知症のある方が少人数で生活する施設です。要支援・要介護度や地域要件を確認します。,https://www.google.com/search?q=%E3%82%B0%E3%83%AB%E3%83%BC%E3%83%97%E3%83%9B%E3%83%BC%E3%83%A0%E3%82%AA%E3%82%A2%E3%83%95%20%E8%8D%89%E6%B4%A5%E5%B8%82,滋賀県草津市草津2丁目5-24,077-516-0678,厚生労働省オープンデータ,https://www.mhlw.go.jp/content/12300000/jigyosho_320.csv,2025-12末,https://www.google.com/search?q=%E3%82%B0%E3%83%AB%E3%83%BC%E3%83%97%E3%83%9B%E3%83%BC%E3%83%A0%E3%82%AA%E3%82%A2%E3%83%95%20%E8%8D%89%E6%B4%A5%E5%B8%82
グループホームはるか,グループホーム,滋賀県,草津市,"介護,グループホーム,認知症",認知症のある方が少人数で生活する施設です。要支援・要介護度や地域要件を確認します。,http://www18.ocn.ne.jp/~katyou/index.htm,滋賀県草津市新浜町153-2,077-567-0073,厚生労働省オープンデータ,https://www.mhlw.go.jp/content/12300000/jigyosho_320.csv,2025-12末,https://www.google.com/search?q=%E3%82%B0%E3%83%AB%E3%83%BC%E3%83%97%E3%83%9B%E3%83%BC%E3%83%A0%E3%81%AF%E3%82%8B%E3%81%8B%20%E8%8D%89%E6%B4%A5%E5%B8%82
医療法人　芙蓉会　グループホームクローバー,グループホーム,滋賀県,草津市,"介護,グループホーム,認知症",認知症のある方が少人数で生活する施設です。要支援・要介護度や地域要件を確認します。,http://www.yotsuba-lcn.or.jp/,滋賀県草津市上笠四丁目24番19号,077-562-1254,厚生労働省オープンデータ,https://www.mhlw.go.jp/content/12300000/jigyosho_320.csv,2025-12末,https://www.google.com/search?q=%E5%8C%BB%E7%99%82%E6%B3%95%E4%BA%BA%E3%80%80%E8%8A%99%E8%93%89%E4%BC%9A%E3%80%80%E3%82%B0%E3%83%AB%E3%83%BC%E3%83%97%E3%83%9B%E3%83%BC%E3%83%A0%E3%82%AF%E3%83%AD%E3%83%BC%E3%83%90%E3%83%BC%20%E8%8D%89%E6%B4%A5%E5%B8%82
カナリヤグループホーム,グループホーム,滋賀県,守山市,"介護,グループホーム,認知症",認知症のある方が少人数で生活する施設です。要支援・要介護度や地域要件を確認します。,htpp://www.kanariya.or.jp,三宅町833,077-581-1551,厚生労働省オープンデータ,https://www.mhlw.go.jp/content/12300000/jigyosho_320.csv,2025-12末,https://www.google.com/search?q=%E3%82%AB%E3%83%8A%E3%83%AA%E3%83%A4%E3%82%B0%E3%83%AB%E3%83%BC%E3%83%97%E3%83%9B%E3%83%BC%E3%83%A0%20%E5%AE%88%E5%B1%B1%E5%B8%82
グループホームすいれん,グループホーム,滋賀県,守山市,"介護,グループホーム,認知症",認知症のある方が少人数で生活する施設です。要支援・要介護度や地域要件を確認します。,http://www.youlife.ne.jp,滋賀県守山市川田町1541-4,077-584-2771,厚生労働省オープンデータ,https://www.mhlw.go.jp/content/12300000/jigyosho_320.csv,2025-12末,https://www.google.com/search?q=%E3%82%B0%E3%83%AB%E3%83%BC%E3%83%97%E3%83%9B%E3%83%BC%E3%83%A0%E3%81%99%E3%81%84%E3%82%8C%E3%82%93%20%E5%AE%88%E5%B1%B1%E5%B8%82
カナリヤグループホーム下之郷,グループホーム,滋賀県,守山市,"介護,グループホーム,認知症",認知症のある方が少人数で生活する施設です。要支援・要介護度や地域要件を確認します。,http://www.kanariya.or.jp,滋賀県守山市下之郷三丁目3番8号,077-584-4195,厚生労働省オープンデータ,https://www.mhlw.go.jp/content/12300000/jigyosho_320.csv,2025-12末,https://www.google.com/search?q=%E3%82%AB%E3%83%8A%E3%83%AA%E3%83%A4%E3%82%B0%E3%83%AB%E3%83%BC%E3%83%97%E3%83%9B%E3%83%BC%E3%83%A0%E4%B8%8B%E4%B9%8B%E9%83%B7%20%E5%AE%88%E5%B1%B1%E5%B8%82
洛和グループホーム守山大門,グループホーム,滋賀県,守山市,"介護,グループホーム,認知症",認知症のある方が少人数で生活する施設です。要支援・要介護度や地域要件を確認します。,http://www.rakuwa.or.jp,滋賀県守山市大門町114,077-583-7872,厚生労働省オープンデータ,https://www.mhlw.go.jp/content/12300000/jigyosho_320.csv,2025-12末,https://www.google.com/search?q=%E6%B4%9B%E5%92%8C%E3%82%B0%E3%83%AB%E3%83%BC%E3%83%97%E3%83%9B%E3%83%BC%E3%83%A0%E5%AE%88%E5%B1%B1%E5%A4%A7%E9%96%80%20%E5%AE%88%E5%B1%B1%E5%B8%82
ぐるーぷほーむ花梨,グループホーム,滋賀県,守山市,"介護,グループホーム,認知症",認知症のある方が少人数で生活する施設です。要支援・要介護度や地域要件を確認します。,http://www.youlife.ne.jp,立田町4135-1,077-599-0534,厚生労働省オープンデータ,https://www.mhlw.go.jp/content/12300000/jigyosho_320.csv,2025-12末,https://www.google.com/search?q=%E3%81%90%E3%82%8B%E3%83%BC%E3%81%B7%E3%81%BB%E3%83%BC%E3%82%80%E8%8A%B1%E6%A2%A8%20%E5%AE%88%E5%B1%B1%E5%B8%82
カナリヤグループホーム下之郷,グループホーム,滋賀県,守山市,"介護,グループホーム,認知症",認知症のある方が少人数で生活する施設です。要支援・要介護度や地域要件を確認します。,https://www.kaigo-nagisa.com,滋賀県守山市下之郷三丁目3－8,077－584－4195,厚生労働省オープンデータ,https://www.mhlw.go.jp/content/12300000/jigyosho_320.csv,2025-12末,https://www.google.com/search?q=%E3%82%AB%E3%83%8A%E3%83%AA%E3%83%A4%E3%82%B0%E3%83%AB%E3%83%BC%E3%83%97%E3%83%9B%E3%83%BC%E3%83%A0%E4%B8%8B%E4%B9%8B%E9%83%B7%20%E5%AE%88%E5%B1%B1%E5%B8%82
医療法人小西醫院　グループホーム安寧,グループホーム,滋賀県,守山市,"介護,グループホーム,認知症",認知症のある方が少人数で生活する施設です。要支援・要介護度や地域要件を確認します。,https://www.konishiclinic.jp/,滋賀県守山市洲本町1256番地6,077-584-2682,厚生労働省オープンデータ,https://www.mhlw.go.jp/content/12300000/jigyosho_320.csv,2025-12末,https://www.google.com/search?q=%E5%8C%BB%E7%99%82%E6%B3%95%E4%BA%BA%E5%B0%8F%E8%A5%BF%E9%86%AB%E9%99%A2%E3%80%80%E3%82%B0%E3%83%AB%E3%83%BC%E3%83%97%E3%83%9B%E3%83%BC%E3%83%A0%E5%AE%89%E5%AF%A7%20%E5%AE%88%E5%B1%B1%E5%B8%82
グループホームゆい,グループホーム,滋賀県,守山市,"介護,グループホーム,認知症",認知症のある方が少人数で生活する施設です。要支援・要介護度や地域要件を確認します。,http://www.yuinosato.or.jp/,守山市笠原町1313-1,077-585-5199,厚生労働省オープンデータ,https://www.mhlw.go.jp/content/12300000/jigyosho_320.csv,2025-12末,https://www.google.com/search?q=%E3%82%B0%E3%83%AB%E3%83%BC%E3%83%97%E3%83%9B%E3%83%BC%E3%83%A0%E3%82%86%E3%81%84%20%E5%AE%88%E5%B1%B1%E5%B8%82
大宝の郷,グループホーム,滋賀県,栗東市,"介護,グループホーム,認知症",認知症のある方が少人数で生活する施設です。要支援・要介護度や地域要件を確認します。,http://www.mashimo.or.jp/,滋賀県栗東市綣8丁目17番54号,077-554-7557,厚生労働省オープンデータ,https://www.mhlw.go.jp/content/12300000/jigyosho_320.csv,2025-12末,https://www.google.com/search?q=%E5%A4%A7%E5%AE%9D%E3%81%AE%E9%83%B7%20%E6%A0%97%E6%9D%B1%E5%B8%82
グループホームりょうせんの郷,グループホーム,滋賀県,栗東市,"介護,グループホーム,認知症",認知症のある方が少人数で生活する施設です。要支援・要介護度や地域要件を確認します。,http://www.mashimo.or.jp/,滋賀県栗東市綣5丁目15番38号,077-553-5008,厚生労働省オープンデータ,https://www.mhlw.go.jp/content/12300000/jigyosho_320.csv,2025-12末,https://www.google.com/search?q=%E3%82%B0%E3%83%AB%E3%83%BC%E3%83%97%E3%83%9B%E3%83%BC%E3%83%A0%E3%82%8A%E3%82%87%E3%81%86%E3%81%9B%E3%82%93%E3%81%AE%E9%83%B7%20%E6%A0%97%E6%9D%B1%E5%B8%82
グループホーム　治田の里,グループホーム,滋賀県,栗東市,"介護,グループホーム,認知症",認知症のある方が少人数で生活する施設です。要支援・要介護度や地域要件を確認します。,http://www.yotsuba-lcn.or.jp,滋賀県栗東市川辺626番地,077-599-5355,厚生労働省オープンデータ,https://www.mhlw.go.jp/content/12300000/jigyosho_320.csv,2025-12末,https://www.google.com/search?q=%E3%82%B0%E3%83%AB%E3%83%BC%E3%83%97%E3%83%9B%E3%83%BC%E3%83%A0%E3%80%80%E6%B2%BB%E7%94%B0%E3%81%AE%E9%87%8C%20%E6%A0%97%E6%9D%B1%E5%B8%82
グループホームまごころ・土山,グループホーム,滋賀県,甲賀市,"介護,グループホーム,認知症",認知症のある方が少人数で生活する施設です。要支援・要介護度や地域要件を確認します。,http://magokolo.jp/,滋賀県甲賀市土山町南土山甲448番地,０７４８－６６－０７１１,厚生労働省オープンデータ,https://www.mhlw.go.jp/content/12300000/jigyosho_320.csv,2025-12末,https://www.google.com/search?q=%E3%82%B0%E3%83%AB%E3%83%BC%E3%83%97%E3%83%9B%E3%83%BC%E3%83%A0%E3%81%BE%E3%81%94%E3%81%93%E3%82%8D%E3%83%BB%E5%9C%9F%E5%B1%B1%20%E7%94%B2%E8%B3%80%E5%B8%82
グルーホームそまがわ,グループホーム,滋賀県,甲賀市,"介護,グループホーム,認知症",認知症のある方が少人数で生活する施設です。要支援・要介護度や地域要件を確認します。,https://www.google.com/search?q=%E3%82%B0%E3%83%AB%E3%83%BC%E3%83%9B%E3%83%BC%E3%83%A0%E3%81%9D%E3%81%BE%E3%81%8C%E3%82%8F%20%E7%94%B2%E8%B3%80%E5%B8%82,滋賀県甲賀市甲南町野尻418番地,0748-70-0084,厚生労働省オープンデータ,https://www.mhlw.go.jp/content/12300000/jigyosho_320.csv,2025-12末,https://www.google.com/search?q=%E3%82%B0%E3%83%AB%E3%83%BC%E3%83%9B%E3%83%BC%E3%83%A0%E3%81%9D%E3%81%BE%E3%81%8C%E3%82%8F%20%E7%94%B2%E8%B3%80%E5%B8%82
グループホームそまの里,グループホーム,滋賀県,甲賀市,"介護,グループホーム,認知症",認知症のある方が少人数で生活する施設です。要支援・要介護度や地域要件を確認します。,https://www.google.com/search?q=%E3%82%B0%E3%83%AB%E3%83%BC%E3%83%97%E3%83%9B%E3%83%BC%E3%83%A0%E3%81%9D%E3%81%BE%E3%81%AE%E9%87%8C%20%E7%94%B2%E8%B3%80%E5%B8%82,滋賀県甲賀市水口町虫生野中央26番地グループホームそまの里,0748-70-3100,厚生労働省オープンデータ,https://www.mhlw.go.jp/content/12300000/jigyosho_320.csv,2025-12末,https://www.google.com/search?q=%E3%82%B0%E3%83%AB%E3%83%BC%E3%83%97%E3%83%9B%E3%83%BC%E3%83%A0%E3%81%9D%E3%81%BE%E3%81%AE%E9%87%8C%20%E7%94%B2%E8%B3%80%E5%B8%82
グループホームそまの夢,グループホーム,滋賀県,甲賀市,"介護,グループホーム,認知症",認知症のある方が少人数で生活する施設です。要支援・要介護度や地域要件を確認します。,http://hc-koga.com,甲南町野田866-6,0748-69-5503,厚生労働省オープンデータ,https://www.mhlw.go.jp/content/12300000/jigyosho_320.csv,2025-12末,https://www.google.com/search?q=%E3%82%B0%E3%83%AB%E3%83%BC%E3%83%97%E3%83%9B%E3%83%BC%E3%83%A0%E3%81%9D%E3%81%BE%E3%81%AE%E5%A4%A2%20%E7%94%B2%E8%B3%80%E5%B8%82
グループホームみなくち,グループホーム,滋賀県,甲賀市,"介護,グループホーム,認知症",認知症のある方が少人数で生活する施設です。要支援・要介護度や地域要件を確認します。,http://hachikikai.com,滋賀県甲賀市水口町朝日が丘6番37号,0748-65-0771,厚生労働省オープンデータ,https://www.mhlw.go.jp/content/12300000/jigyosho_320.csv,2025-12末,https://www.google.com/search?q=%E3%82%B0%E3%83%AB%E3%83%BC%E3%83%97%E3%83%9B%E3%83%BC%E3%83%A0%E3%81%BF%E3%81%AA%E3%81%8F%E3%81%A1%20%E7%94%B2%E8%B3%80%E5%B8%82
社会福祉法人湖青福祉会高齢者グループホームかふかの里,グループホーム,滋賀県,甲賀市,"介護,グループホーム,認知症",認知症のある方が少人数で生活する施設です。要支援・要介護度や地域要件を確認します。,http://www.kosei-f.jp/,252098,0748-88-8177,厚生労働省オープンデータ,https://www.mhlw.go.jp/content/12300000/jigyosho_320.csv,2025-12末,https://www.google.com/search?q=%E7%A4%BE%E4%BC%9A%E7%A6%8F%E7%A5%89%E6%B3%95%E4%BA%BA%E6%B9%96%E9%9D%92%E7%A6%8F%E7%A5%89%E4%BC%9A%E9%AB%98%E9%BD%A2%E8%80%85%E3%82%B0%E3%83%AB%E3%83%BC%E3%83%97%E3%83%9B%E3%83%BC%E3%83%A0%E3%81%8B%E3%81%B5%E3%81%8B%E3%81%AE%E9%87%8C%20%E7%94%B2%E8%B3%80%E5%B8%82
グループホームせせらぎ,グループホーム,滋賀県,甲賀市,"介護,グループホーム,認知症",認知症のある方が少人数で生活する施設です。要支援・要介護度や地域要件を確認します。,http://kohnankai.jp,甲南町葛木８６９－２,0748-86-0033,厚生労働省オープンデータ,https://www.mhlw.go.jp/content/12300000/jigyosho_320.csv,2025-12末,https://www.google.com/search?q=%E3%82%B0%E3%83%AB%E3%83%BC%E3%83%97%E3%83%9B%E3%83%BC%E3%83%A0%E3%81%9B%E3%81%9B%E3%82%89%E3%81%8E%20%E7%94%B2%E8%B3%80%E5%B8%82
グループホーム　みなくち　みんなの家,グループホーム,滋賀県,甲賀市,"介護,グループホーム,認知症",認知症のある方が少人数で生活する施設です。要支援・要介護度や地域要件を確認します。,http://chiiroba.jp,水口町本丸2-54,0748-76-3092,厚生労働省オープンデータ,https://www.mhlw.go.jp/content/12300000/jigyosho_320.csv,2025-12末,https://www.google.com/search?q=%E3%82%B0%E3%83%AB%E3%83%BC%E3%83%97%E3%83%9B%E3%83%BC%E3%83%A0%E3%80%80%E3%81%BF%E3%81%AA%E3%81%8F%E3%81%A1%E3%80%80%E3%81%BF%E3%82%93%E3%81%AA%E3%81%AE%E5%AE%B6%20%E7%94%B2%E8%B3%80%E5%B8%82
グループホーム笑楽,グループホーム,滋賀県,甲賀市,"介護,グループホーム,認知症",認知症のある方が少人数で生活する施設です。要支援・要介護度や地域要件を確認します。,http://www.shigaraki-itsuki.com,滋賀県甲賀市信楽町牧１１５９番地,0748-83-1313,厚生労働省オープンデータ,https://www.mhlw.go.jp/content/12300000/jigyosho_320.csv,2025-12末,https://www.google.com/search?q=%E3%82%B0%E3%83%AB%E3%83%BC%E3%83%97%E3%83%9B%E3%83%BC%E3%83%A0%E7%AC%91%E6%A5%BD%20%E7%94%B2%E8%B3%80%E5%B8%82
グループホーム　やすの憩,グループホーム,滋賀県,野洲市,"介護,グループホーム,認知症",認知症のある方が少人数で生活する施設です。要支援・要介護度や地域要件を確認します。,http://www.frontiernokaigo.jp,滋賀県野洲市行畑881番地,077-518-1555,厚生労働省オープンデータ,https://www.mhlw.go.jp/content/12300000/jigyosho_320.csv,2025-12末,https://www.google.com/search?q=%E3%82%B0%E3%83%AB%E3%83%BC%E3%83%97%E3%83%9B%E3%83%BC%E3%83%A0%E3%80%80%E3%82%84%E3%81%99%E3%81%AE%E6%86%A9%20%E9%87%8E%E6%B4%B2%E5%B8%82
グループホーム野洲すみれホーム,グループホーム,滋賀県,野洲市,"介護,グループホーム,認知症",認知症のある方が少人数で生活する施設です。要支援・要介護度や地域要件を確認します。,http://www.moriyama-sumire.jp,滋賀県野洲市小篠原476番地1,077-584-5064,厚生労働省オープンデータ,https://www.mhlw.go.jp/content/12300000/jigyosho_320.csv,2025-12末,https://www.google.com/search?q=%E3%82%B0%E3%83%AB%E3%83%BC%E3%83%97%E3%83%9B%E3%83%BC%E3%83%A0%E9%87%8E%E6%B4%B2%E3%81%99%E3%81%BF%E3%82%8C%E3%83%9B%E3%83%BC%E3%83%A0%20%E9%87%8E%E6%B4%B2%E5%B8%82
ニチイケアセンター野洲,グループホーム,滋賀県,野洲市,"介護,グループホーム,認知症",認知症のある方が少人数で生活する施設です。要支援・要介護度や地域要件を確認します。,http://www.nichiigakkan.co.jp/,滋賀県野洲市比江966-4,077-589-8035,厚生労働省オープンデータ,https://www.mhlw.go.jp/content/12300000/jigyosho_320.csv,2025-12末,https://www.google.com/search?q=%E3%83%8B%E3%83%81%E3%82%A4%E3%82%B1%E3%82%A2%E3%82%BB%E3%83%B3%E3%82%BF%E3%83%BC%E9%87%8E%E6%B4%B2%20%E9%87%8E%E6%B4%B2%E5%B8%82
グループホームあかり家,グループホーム,滋賀県,湖南市,"介護,グループホーム,認知症",認知症のある方が少人数で生活する施設です。要支援・要介護度や地域要件を確認します。,http://sksupport.pupu.jp/,滋賀県湖南市下田９０３－３８,0748-69-6533,厚生労働省オープンデータ,https://www.mhlw.go.jp/content/12300000/jigyosho_320.csv,2025-12末,https://www.google.com/search?q=%E3%82%B0%E3%83%AB%E3%83%BC%E3%83%97%E3%83%9B%E3%83%BC%E3%83%A0%E3%81%82%E3%81%8B%E3%82%8A%E5%AE%B6%20%E6%B9%96%E5%8D%97%E5%B8%82
グループホーム三雲,グループホーム,滋賀県,湖南市,"介護,グループホーム,認知症",認知症のある方が少人数で生活する施設です。要支援・要介護度や地域要件を確認します。,https://asahi-care-service.com/,滋賀県湖南市三雲ナガレ69,0748723004,厚生労働省オープンデータ,https://www.mhlw.go.jp/content/12300000/jigyosho_320.csv,2025-12末,https://www.google.com/search?q=%E3%82%B0%E3%83%AB%E3%83%BC%E3%83%97%E3%83%9B%E3%83%BC%E3%83%A0%E4%B8%89%E9%9B%B2%20%E6%B9%96%E5%8D%97%E5%B8%82
グループホーム大空,グループホーム,滋賀県,湖南市,"介護,グループホーム,認知症",認知症のある方が少人数で生活する施設です。要支援・要介護度や地域要件を確認します。,https://www.oozora-konan.com,滋賀県湖南市吉永２７２番地,0748-72-8160,厚生労働省オープンデータ,https://www.mhlw.go.jp/content/12300000/jigyosho_320.csv,2025-12末,https://www.google.com/search?q=%E3%82%B0%E3%83%AB%E3%83%BC%E3%83%97%E3%83%9B%E3%83%BC%E3%83%A0%E5%A4%A7%E7%A9%BA%20%E6%B9%96%E5%8D%97%E5%B8%82
グループホームぼだいじ,グループホーム,滋賀県,湖南市,"介護,グループホーム,認知症",認知症のある方が少人数で生活する施設です。要支援・要介護度や地域要件を確認します。,http://chiiroba.jp/,滋賀県湖南市菩提寺327番地16,0748-74-4144,厚生労働省オープンデータ,https://www.mhlw.go.jp/content/12300000/jigyosho_320.csv,2025-12末,https://www.google.com/search?q=%E3%82%B0%E3%83%AB%E3%83%BC%E3%83%97%E3%83%9B%E3%83%BC%E3%83%A0%E3%81%BC%E3%81%A0%E3%81%84%E3%81%98%20%E6%B9%96%E5%8D%97%E5%B8%82
グループホームわいわい,グループホーム,滋賀県,湖南市,"介護,グループホーム,認知症",認知症のある方が少人数で生活する施設です。要支援・要介護度や地域要件を確認します。,https://www.google.com/search?q=%E3%82%B0%E3%83%AB%E3%83%BC%E3%83%97%E3%83%9B%E3%83%BC%E3%83%A0%E3%82%8F%E3%81%84%E3%82%8F%E3%81%84%20%E6%B9%96%E5%8D%97%E5%B8%82,滋賀県湖南市石部東七丁目5番25号,0748-77-5741,厚生労働省オープンデータ,https://www.mhlw.go.jp/content/12300000/jigyosho_320.csv,2025-12末,https://www.google.com/search?q=%E3%82%B0%E3%83%AB%E3%83%BC%E3%83%97%E3%83%9B%E3%83%BC%E3%83%A0%E3%82%8F%E3%81%84%E3%82%8F%E3%81%84%20%E6%B9%96%E5%8D%97%E5%B8%82
グループホームねねの家,グループホーム,滋賀県,高島市,"介護,グループホーム,認知症",認知症のある方が少人数で生活する施設です。要支援・要介護度や地域要件を確認します。,https://biwanone.jp,滋賀県高島市今津町名小路1-3-1,0740-22-1665,厚生労働省オープンデータ,https://www.mhlw.go.jp/content/12300000/jigyosho_320.csv,2025-12末,https://www.google.com/search?q=%E3%82%B0%E3%83%AB%E3%83%BC%E3%83%97%E3%83%9B%E3%83%BC%E3%83%A0%E3%81%AD%E3%81%AD%E3%81%AE%E5%AE%B6%20%E9%AB%98%E5%B3%B6%E5%B8%82
グループホームねねの家3号館,グループホーム,滋賀県,高島市,"介護,グループホーム,認知症",認知症のある方が少人数で生活する施設です。要支援・要介護度や地域要件を確認します。,https://biwanone.jp,滋賀県高島市今津町桜町1-6-3,0740-22-1665,厚生労働省オープンデータ,https://www.mhlw.go.jp/content/12300000/jigyosho_320.csv,2025-12末,https://www.google.com/search?q=%E3%82%B0%E3%83%AB%E3%83%BC%E3%83%97%E3%83%9B%E3%83%BC%E3%83%A0%E3%81%AD%E3%81%AD%E3%81%AE%E5%AE%B63%E5%8F%B7%E9%A4%A8%20%E9%AB%98%E5%B3%B6%E5%B8%82
グループホーム　くつろぎ,グループホーム,滋賀県,高島市,"介護,グループホーム,認知症",認知症のある方が少人数で生活する施設です。要支援・要介護度や地域要件を確認します。,https://www.google.com/search?q=%E3%82%B0%E3%83%AB%E3%83%BC%E3%83%97%E3%83%9B%E3%83%BC%E3%83%A0%E3%80%80%E3%81%8F%E3%81%A4%E3%82%8D%E3%81%8E%20%E9%AB%98%E5%B3%B6%E5%B8%82,滋賀県高島市新旭町北畑183-1,0740-25-5260,厚生労働省オープンデータ,https://www.mhlw.go.jp/content/12300000/jigyosho_320.csv,2025-12末,https://www.google.com/search?q=%E3%82%B0%E3%83%AB%E3%83%BC%E3%83%97%E3%83%9B%E3%83%BC%E3%83%A0%E3%80%80%E3%81%8F%E3%81%A4%E3%82%8D%E3%81%8E%20%E9%AB%98%E5%B3%B6%E5%B8%82
（株）ニチイ学館　ニチイケアセンター高島,グループホーム,滋賀県,高島市,"介護,グループホーム,認知症",認知症のある方が少人数で生活する施設です。要支援・要介護度や地域要件を確認します。,http://www.nichiigakkn.co.jp/,高島市勝野1725,0740-36-8701,厚生労働省オープンデータ,https://www.mhlw.go.jp/content/12300000/jigyosho_320.csv,2025-12末,https://www.google.com/search?q=%EF%BC%88%E6%A0%AA%EF%BC%89%E3%83%8B%E3%83%81%E3%82%A4%E5%AD%A6%E9%A4%A8%E3%80%80%E3%83%8B%E3%83%81%E3%82%A4%E3%82%B1%E3%82%A2%E3%82%BB%E3%83%B3%E3%82%BF%E3%83%BC%E9%AB%98%E5%B3%B6%20%E9%AB%98%E5%B3%B6%E5%B8%82
グループホーム　沖の白石,グループホーム,滋賀県,高島市,"介護,グループホーム,認知症",認知症のある方が少人数で生活する施設です。要支援・要介護度や地域要件を確認します。,https://www.google.com/search?q=%E3%82%B0%E3%83%AB%E3%83%BC%E3%83%97%E3%83%9B%E3%83%BC%E3%83%A0%E3%80%80%E6%B2%96%E3%81%AE%E7%99%BD%E7%9F%B3%20%E9%AB%98%E5%B3%B6%E5%B8%82,滋賀県高島市安曇川北船木1729番地1,0740-34-0880,厚生労働省オープンデータ,https://www.mhlw.go.jp/content/12300000/jigyosho_320.csv,2025-12末,https://www.google.com/search?q=%E3%82%B0%E3%83%AB%E3%83%BC%E3%83%97%E3%83%9B%E3%83%BC%E3%83%A0%E3%80%80%E6%B2%96%E3%81%AE%E7%99%BD%E7%9F%B3%20%E9%AB%98%E5%B3%B6%E5%B8%82
グループホームBeスマイルあど川,グループホーム,滋賀県,高島市,"介護,グループホーム,認知症",認知症のある方が少人数で生活する施設です。要支援・要介護度や地域要件を確認します。,www.besmile39.co.jp,滋賀県高島市安曇川町田中３０２,0740-32-0587,厚生労働省オープンデータ,https://www.mhlw.go.jp/content/12300000/jigyosho_320.csv,2025-12末,https://www.google.com/search?q=%E3%82%B0%E3%83%AB%E3%83%BC%E3%83%97%E3%83%9B%E3%83%BC%E3%83%A0Be%E3%82%B9%E3%83%9E%E3%82%A4%E3%83%AB%E3%81%82%E3%81%A9%E5%B7%9D%20%E9%AB%98%E5%B3%B6%E5%B8%82
グループホームＢｅスマイル新旭,グループホーム,滋賀県,高島市,"介護,グループホーム,認知症",認知症のある方が少人数で生活する施設です。要支援・要介護度や地域要件を確認します。,www.besmile39.co.jp,滋賀県高島市新旭町安井川１丁目１２－１,0740-20-1270,厚生労働省オープンデータ,https://www.mhlw.go.jp/content/12300000/jigyosho_320.csv,2025-12末,https://www.google.com/search?q=%E3%82%B0%E3%83%AB%E3%83%BC%E3%83%97%E3%83%9B%E3%83%BC%E3%83%A0%EF%BC%A2%EF%BD%85%E3%82%B9%E3%83%9E%E3%82%A4%E3%83%AB%E6%96%B0%E6%97%AD%20%E9%AB%98%E5%B3%B6%E5%B8%82
グループホームはあとふるマキノ,グループホーム,滋賀県,高島市,"介護,グループホーム,認知症",認知症のある方が少人数で生活する施設です。要支援・要介護度や地域要件を確認します。,https://www.google.com/search?q=%E3%82%B0%E3%83%AB%E3%83%BC%E3%83%97%E3%83%9B%E3%83%BC%E3%83%A0%E3%81%AF%E3%81%82%E3%81%A8%E3%81%B5%E3%82%8B%E3%83%9E%E3%82%AD%E3%83%8E%20%E9%AB%98%E5%B3%B6%E5%B8%82,高島市マキノ町新保1095番地在宅介護サービスセンター「はあとふるマキノ」,0740-27-1823,厚生労働省オープンデータ,https://www.mhlw.go.jp/content/12300000/jigyosho_320.csv,2025-12末,https://www.google.com/search?q=%E3%82%B0%E3%83%AB%E3%83%BC%E3%83%97%E3%83%9B%E3%83%BC%E3%83%A0%E3%81%AF%E3%81%82%E3%81%A8%E3%81%B5%E3%82%8B%E3%83%9E%E3%82%AD%E3%83%8E%20%E9%AB%98%E5%B3%B6%E5%B8%82
グループホームはあとふる朽木,グループホーム,滋賀県,高島市,"介護,グループホーム,認知症",認知症のある方が少人数で生活する施設です。要支援・要介護度や地域要件を確認します。,https://www.google.com/search?q=%E3%82%B0%E3%83%AB%E3%83%BC%E3%83%97%E3%83%9B%E3%83%BC%E3%83%A0%E3%81%AF%E3%81%82%E3%81%A8%E3%81%B5%E3%82%8B%E6%9C%BD%E6%9C%A8%20%E9%AB%98%E5%B3%B6%E5%B8%82,滋賀県高島市朽木市場５９３番地１,0740-38-8000,厚生労働省オープンデータ,https://www.mhlw.go.jp/content/12300000/jigyosho_320.csv,2025-12末,https://www.google.com/search?q=%E3%82%B0%E3%83%AB%E3%83%BC%E3%83%97%E3%83%9B%E3%83%BC%E3%83%A0%E3%81%AF%E3%81%82%E3%81%A8%E3%81%B5%E3%82%8B%E6%9C%BD%E6%9C%A8%20%E9%AB%98%E5%B3%B6%E5%B8%82
グループホームさくら苑,グループホーム,滋賀県,東近江市,"介護,グループホーム,認知症",認知症のある方が少人数で生活する施設です。要支援・要介護度や地域要件を確認します。,https://www.eonet.ne.jp/~sakurakaigo/index.html,滋賀県東近江市聖徳町4-23,0748-22-1988,厚生労働省オープンデータ,https://www.mhlw.go.jp/content/12300000/jigyosho_320.csv,2025-12末,https://www.google.com/search?q=%E3%82%B0%E3%83%AB%E3%83%BC%E3%83%97%E3%83%9B%E3%83%BC%E3%83%A0%E3%81%95%E3%81%8F%E3%82%89%E8%8B%91%20%E6%9D%B1%E8%BF%91%E6%B1%9F%E5%B8%82
グループホームひいらぎの里,グループホーム,滋賀県,東近江市,"介護,グループホーム,認知症",認知症のある方が少人数で生活する施設です。要支援・要介護度や地域要件を確認します。,https://www.google.com/search?q=%E3%82%B0%E3%83%AB%E3%83%BC%E3%83%97%E3%83%9B%E3%83%BC%E3%83%A0%E3%81%B2%E3%81%84%E3%82%89%E3%81%8E%E3%81%AE%E9%87%8C%20%E6%9D%B1%E8%BF%91%E6%B1%9F%E5%B8%82,上平木町1158,0748-24-5353,厚生労働省オープンデータ,https://www.mhlw.go.jp/content/12300000/jigyosho_320.csv,2025-12末,https://www.google.com/search?q=%E3%82%B0%E3%83%AB%E3%83%BC%E3%83%97%E3%83%9B%E3%83%BC%E3%83%A0%E3%81%B2%E3%81%84%E3%82%89%E3%81%8E%E3%81%AE%E9%87%8C%20%E6%9D%B1%E8%BF%91%E6%B1%9F%E5%B8%82
認知症高齢者グループホーム檀那木,グループホーム,滋賀県,東近江市,"介護,グループホーム,認知症",認知症のある方が少人数で生活する施設です。要支援・要介護度や地域要件を確認します。,mail:dannaboku@e‐omi.ne.jp,滋賀県東近江市上山町８８３番地６,0749-46-2117,厚生労働省オープンデータ,https://www.mhlw.go.jp/content/12300000/jigyosho_320.csv,2025-12末,https://www.google.com/search?q=%E8%AA%8D%E7%9F%A5%E7%97%87%E9%AB%98%E9%BD%A2%E8%80%85%E3%82%B0%E3%83%AB%E3%83%BC%E3%83%97%E3%83%9B%E3%83%BC%E3%83%A0%E6%AA%80%E9%82%A3%E6%9C%A8%20%E6%9D%B1%E8%BF%91%E6%B1%9F%E5%B8%82
愛東の杜　グループホーム,グループホーム,滋賀県,東近江市,"介護,グループホーム,認知症",認知症のある方が少人数で生活する施設です。要支援・要介護度や地域要件を確認します。,aitounomori＠e-omi.ne.ｊｐ,滋賀県東近江市妹町１０２６番地,0749-46-8800,厚生労働省オープンデータ,https://www.mhlw.go.jp/content/12300000/jigyosho_320.csv,2025-12末,https://www.google.com/search?q=%E6%84%9B%E6%9D%B1%E3%81%AE%E6%9D%9C%E3%80%80%E3%82%B0%E3%83%AB%E3%83%BC%E3%83%97%E3%83%9B%E3%83%BC%E3%83%A0%20%E6%9D%B1%E8%BF%91%E6%B1%9F%E5%B8%82
しみんふくしの家八日市グループホーム,グループホーム,滋賀県,東近江市,"介護,グループホーム,認知症",認知症のある方が少人数で生活する施設です。要支援・要介護度や地域要件を確認します。,http://shimin-yokaichi.net/,東近江市東沖野２丁目５－５,0748-24-5216,厚生労働省オープンデータ,https://www.mhlw.go.jp/content/12300000/jigyosho_320.csv,2025-12末,https://www.google.com/search?q=%E3%81%97%E3%81%BF%E3%82%93%E3%81%B5%E3%81%8F%E3%81%97%E3%81%AE%E5%AE%B6%E5%85%AB%E6%97%A5%E5%B8%82%E3%82%B0%E3%83%AB%E3%83%BC%E3%83%97%E3%83%9B%E3%83%BC%E3%83%A0%20%E6%9D%B1%E8%BF%91%E6%B1%9F%E5%B8%82
認知症対応型共同生活介護　グループホームのと川,グループホーム,滋賀県,東近江市,"介護,グループホーム,認知症",認知症のある方が少人数で生活する施設です。要支援・要介護度や地域要件を確認します。,http://shiga-shinjyukai.or.jp,東近江市新宮町３３０,0748-42-8118,厚生労働省オープンデータ,https://www.mhlw.go.jp/content/12300000/jigyosho_320.csv,2025-12末,https://www.google.com/search?q=%E8%AA%8D%E7%9F%A5%E7%97%87%E5%AF%BE%E5%BF%9C%E5%9E%8B%E5%85%B1%E5%90%8C%E7%94%9F%E6%B4%BB%E4%BB%8B%E8%AD%B7%E3%80%80%E3%82%B0%E3%83%AB%E3%83%BC%E3%83%97%E3%83%9B%E3%83%BC%E3%83%A0%E3%81%AE%E3%81%A8%E5%B7%9D%20%E6%9D%B1%E8%BF%91%E6%B1%9F%E5%B8%82
認知症対応型共同生活介護　グループホーム彩葉,グループホーム,滋賀県,東近江市,"介護,グループホーム,認知症",認知症のある方が少人数で生活する施設です。要支援・要介護度や地域要件を確認します。,http://shiga-shinjyukai.or.jp/,滋賀県東近江市新宮町330番地10,0748-42-8165,厚生労働省オープンデータ,https://www.mhlw.go.jp/content/12300000/jigyosho_320.csv,2025-12末,https://www.google.com/search?q=%E8%AA%8D%E7%9F%A5%E7%97%87%E5%AF%BE%E5%BF%9C%E5%9E%8B%E5%85%B1%E5%90%8C%E7%94%9F%E6%B4%BB%E4%BB%8B%E8%AD%B7%E3%80%80%E3%82%B0%E3%83%AB%E3%83%BC%E3%83%97%E3%83%9B%E3%83%BC%E3%83%A0%E5%BD%A9%E8%91%89%20%E6%9D%B1%E8%BF%91%E6%B1%9F%E5%B8%82
グループホーム悠愛,グループホーム,滋賀県,東近江市,"介護,グループホーム,認知症",認知症のある方が少人数で生活する施設です。要支援・要介護度や地域要件を確認します。,URLhttp://sakura-nagaoka.com,滋賀県東近江市五個荘竜田町528-4,0748-48-4787,厚生労働省オープンデータ,https://www.mhlw.go.jp/content/12300000/jigyosho_320.csv,2025-12末,https://www.google.com/search?q=%E3%82%B0%E3%83%AB%E3%83%BC%E3%83%97%E3%83%9B%E3%83%BC%E3%83%A0%E6%82%A0%E6%84%9B%20%E6%9D%B1%E8%BF%91%E6%B1%9F%E5%B8%82
グループホームやすらぎの里永源寺,グループホーム,滋賀県,東近江市,"介護,グループホーム,認知症",認知症のある方が少人数で生活する施設です。要支援・要介護度や地域要件を確認します。,https://www.google.com/search?q=%E3%82%B0%E3%83%AB%E3%83%BC%E3%83%97%E3%83%9B%E3%83%BC%E3%83%A0%E3%82%84%E3%81%99%E3%82%89%E3%81%8E%E3%81%AE%E9%87%8C%E6%B0%B8%E6%BA%90%E5%AF%BA%20%E6%9D%B1%E8%BF%91%E6%B1%9F%E5%B8%82,滋賀県東近江市山上町5045,0748-27-1199,厚生労働省オープンデータ,https://www.mhlw.go.jp/content/12300000/jigyosho_320.csv,2025-12末,https://www.google.com/search?q=%E3%82%B0%E3%83%AB%E3%83%BC%E3%83%97%E3%83%9B%E3%83%BC%E3%83%A0%E3%82%84%E3%81%99%E3%82%89%E3%81%8E%E3%81%AE%E9%87%8C%E6%B0%B8%E6%BA%90%E5%AF%BA%20%E6%9D%B1%E8%BF%91%E6%B1%9F%E5%B8%82
グループホームやすらぎの里けやき,グループホーム,滋賀県,東近江市,"介護,グループホーム,認知症",認知症のある方が少人数で生活する施設です。要支援・要介護度や地域要件を確認します。,https://www.google.com/search?q=%E3%82%B0%E3%83%AB%E3%83%BC%E3%83%97%E3%83%9B%E3%83%BC%E3%83%A0%E3%82%84%E3%81%99%E3%82%89%E3%81%8E%E3%81%AE%E9%87%8C%E3%81%91%E3%82%84%E3%81%8D%20%E6%9D%B1%E8%BF%91%E6%B1%9F%E5%B8%82,山上町5040,0748-27-1234,厚生労働省オープンデータ,https://www.mhlw.go.jp/content/12300000/jigyosho_320.csv,2025-12末,https://www.google.com/search?q=%E3%82%B0%E3%83%AB%E3%83%BC%E3%83%97%E3%83%9B%E3%83%BC%E3%83%A0%E3%82%84%E3%81%99%E3%82%89%E3%81%8E%E3%81%AE%E9%87%8C%E3%81%91%E3%82%84%E3%81%8D%20%E6%9D%B1%E8%BF%91%E6%B1%9F%E5%B8%82
特定非営利活動法人　ふるさと苑,グループホーム,滋賀県,東近江市,"介護,グループホーム,認知症",認知症のある方が少人数で生活する施設です。要支援・要介護度や地域要件を確認します。,gh-furusatoen@way.ocn.ne.jp,佐野町9－1,0748-42-8048,厚生労働省オープンデータ,https://www.mhlw.go.jp/content/12300000/jigyosho_320.csv,2025-12末,https://www.google.com/search?q=%E7%89%B9%E5%AE%9A%E9%9D%9E%E5%96%B6%E5%88%A9%E6%B4%BB%E5%8B%95%E6%B3%95%E4%BA%BA%E3%80%80%E3%81%B5%E3%82%8B%E3%81%95%E3%81%A8%E8%8B%91%20%E6%9D%B1%E8%BF%91%E6%B1%9F%E5%B8%82
グループホームはなのき,グループホーム,滋賀県,東近江市,"介護,グループホーム,認知症",認知症のある方が少人数で生活する施設です。要支援・要介護度や地域要件を確認します。,https://shiga-shinjyukai.or.jp/,滋賀県東近江市長町304番地,0749-45-8000,厚生労働省オープンデータ,https://www.mhlw.go.jp/content/12300000/jigyosho_320.csv,2025-12末,https://www.google.com/search?q=%E3%82%B0%E3%83%AB%E3%83%BC%E3%83%97%E3%83%9B%E3%83%BC%E3%83%A0%E3%81%AF%E3%81%AA%E3%81%AE%E3%81%8D%20%E6%9D%B1%E8%BF%91%E6%B1%9F%E5%B8%82
沖野原グループホーム,グループホーム,滋賀県,東近江市,"介護,グループホーム,認知症",認知症のある方が少人数で生活する施設です。要支援・要介護度や地域要件を確認します。,http://www.ex.biwa.ne.jp/^okinohara/,滋賀県東近江市沖野三丁目１０－１８,0748-22-7555,厚生労働省オープンデータ,https://www.mhlw.go.jp/content/12300000/jigyosho_320.csv,2025-12末,https://www.google.com/search?q=%E6%B2%96%E9%87%8E%E5%8E%9F%E3%82%B0%E3%83%AB%E3%83%BC%E3%83%97%E3%83%9B%E3%83%BC%E3%83%A0%20%E6%9D%B1%E8%BF%91%E6%B1%9F%E5%B8%82
グループホーム　悠　楽,グループホーム,滋賀県,米原市,"介護,グループホーム,認知症",認知症のある方が少人数で生活する施設です。要支援・要介護度や地域要件を確認します。,http://www.jigen.co.jp/,滋賀県米原市上野1881番地,0749-58-2135,厚生労働省オープンデータ,https://www.mhlw.go.jp/content/12300000/jigyosho_320.csv,2025-12末,https://www.google.com/search?q=%E3%82%B0%E3%83%AB%E3%83%BC%E3%83%97%E3%83%9B%E3%83%BC%E3%83%A0%E3%80%80%E6%82%A0%E3%80%80%E6%A5%BD%20%E7%B1%B3%E5%8E%9F%E5%B8%82
水野グループホーム,グループホーム,滋賀県,米原市,"介護,グループホーム,認知症",認知症のある方が少人数で生活する施設です。要支援・要介護度や地域要件を確認します。,htt://www.ryokusenkai.com/ryokusenkann/gruphome.html,滋賀県米原市長岡６４５番地複合住宅緑泉館,０７４９－５５－８７６５,厚生労働省オープンデータ,https://www.mhlw.go.jp/content/12300000/jigyosho_320.csv,2025-12末,https://www.google.com/search?q=%E6%B0%B4%E9%87%8E%E3%82%B0%E3%83%AB%E3%83%BC%E3%83%97%E3%83%9B%E3%83%BC%E3%83%A0%20%E7%B1%B3%E5%8E%9F%E5%B8%82
グループホーム千寿庵,グループホーム,滋賀県,米原市,"介護,グループホーム,認知症",認知症のある方が少人数で生活する施設です。要支援・要介護度や地域要件を確認します。,http://senjyukai.shiga.jp,滋賀県米原市上多良228番地1,0749-52-6830,厚生労働省オープンデータ,https://www.mhlw.go.jp/content/12300000/jigyosho_320.csv,2025-12末,https://www.google.com/search?q=%E3%82%B0%E3%83%AB%E3%83%BC%E3%83%97%E3%83%9B%E3%83%BC%E3%83%A0%E5%8D%83%E5%AF%BF%E5%BA%B5%20%E7%B1%B3%E5%8E%9F%E5%B8%82
縁ひだまり,グループホーム,滋賀県,米原市,"介護,グループホーム,認知症",認知症のある方が少人数で生活する施設です。要支援・要介護度や地域要件を確認します。,https://www.hidamari-shiga.jp,滋賀県米原市一色４９４,０７４９－５４－１１２２,厚生労働省オープンデータ,https://www.mhlw.go.jp/content/12300000/jigyosho_320.csv,2025-12末,https://www.google.com/search?q=%E7%B8%81%E3%81%B2%E3%81%A0%E3%81%BE%E3%82%8A%20%E7%B1%B3%E5%8E%9F%E5%B8%82
スマイルグループホーム,グループホーム,滋賀県,米原市,"介護,グループホーム,認知症",認知症のある方が少人数で生活する施設です。要支援・要介護度や地域要件を確認します。,https://www.oumikunpuukai.com,滋賀県米原市寺倉603番地の3,0749-54-8202,厚生労働省オープンデータ,https://www.mhlw.go.jp/content/12300000/jigyosho_320.csv,2025-12末,https://www.google.com/search?q=%E3%82%B9%E3%83%9E%E3%82%A4%E3%83%AB%E3%82%B0%E3%83%AB%E3%83%BC%E3%83%97%E3%83%9B%E3%83%BC%E3%83%A0%20%E7%B1%B3%E5%8E%9F%E5%B8%82
社会福祉法人　日野友愛会　ほまれの里グループホーム,グループホーム,滋賀県,日野町,"介護,グループホーム,認知症",認知症のある方が少人数で生活する施設です。要支援・要介護度や地域要件を確認します。,http://www.homarenosato.com/,滋賀県蒲生郡日野町西大路440-1,0748-43-2882,厚生労働省オープンデータ,https://www.mhlw.go.jp/content/12300000/jigyosho_320.csv,2025-12末,https://www.google.com/search?q=%E7%A4%BE%E4%BC%9A%E7%A6%8F%E7%A5%89%E6%B3%95%E4%BA%BA%E3%80%80%E6%97%A5%E9%87%8E%E5%8F%8B%E6%84%9B%E4%BC%9A%E3%80%80%E3%81%BB%E3%81%BE%E3%82%8C%E3%81%AE%E9%87%8C%E3%82%B0%E3%83%AB%E3%83%BC%E3%83%97%E3%83%9B%E3%83%BC%E3%83%A0%20%E6%97%A5%E9%87%8E%E7%94%BA
株式会社　ドリエジョ　ゆめさとグループホーム,グループホーム,滋賀県,日野町,"介護,グループホーム,認知症",認知症のある方が少人数で生活する施設です。要支援・要介護度や地域要件を確認します。,dreyejo.com,滋賀県蒲生郡日野町西大路井上４３４－２,0748-53-8722,厚生労働省オープンデータ,https://www.mhlw.go.jp/content/12300000/jigyosho_320.csv,2025-12末,https://www.google.com/search?q=%E6%A0%AA%E5%BC%8F%E4%BC%9A%E7%A4%BE%E3%80%80%E3%83%89%E3%83%AA%E3%82%A8%E3%82%B8%E3%83%A7%E3%80%80%E3%82%86%E3%82%81%E3%81%95%E3%81%A8%E3%82%B0%E3%83%AB%E3%83%BC%E3%83%97%E3%83%9B%E3%83%BC%E3%83%A0%20%E6%97%A5%E9%87%8E%E7%94%BA
グループホーム万葉の里,グループホーム,滋賀県,竜王町,"介護,グループホーム,認知症",認知症のある方が少人数で生活する施設です。要支援・要介護度や地域要件を確認します。,https://yukinokai.com/,滋賀県蒲生郡竜王町山之上６０６８,0748-57-2106,厚生労働省オープンデータ,https://www.mhlw.go.jp/content/12300000/jigyosho_320.csv,2025-12末,https://www.google.com/search?q=%E3%82%B0%E3%83%AB%E3%83%BC%E3%83%97%E3%83%9B%E3%83%BC%E3%83%A0%E4%B8%87%E8%91%89%E3%81%AE%E9%87%8C%20%E7%AB%9C%E7%8E%8B%E7%94%BA
グループホーム希望の家・綾戸,グループホーム,滋賀県,竜王町,"介護,グループホーム,認知症",認知症のある方が少人数で生活する施設です。要支援・要介護度や地域要件を確認します。,https://www.npo-ryuoh.org/,滋賀県蒲生郡竜王町綾戸1041番地,0748-57-0093,厚生労働省オープンデータ,https://www.mhlw.go.jp/content/12300000/jigyosho_320.csv,2025-12末,https://www.google.com/search?q=%E3%82%B0%E3%83%AB%E3%83%BC%E3%83%97%E3%83%9B%E3%83%BC%E3%83%A0%E5%B8%8C%E6%9C%9B%E3%81%AE%E5%AE%B6%E3%83%BB%E7%B6%BE%E6%88%B8%20%E7%AB%9C%E7%8E%8B%E7%94%BA
グループホームわかすぎの丘・七里,グループホーム,滋賀県,竜王町,"介護,グループホーム,認知症",認知症のある方が少人数で生活する施設です。要支援・要介護度や地域要件を確認します。,wakasugi@npo-ryuoh.org,滋賀県蒲生郡竜王町七里545番地1,0748-58-3428,厚生労働省オープンデータ,https://www.mhlw.go.jp/content/12300000/jigyosho_320.csv,2025-12末,https://www.google.com/search?q=%E3%82%B0%E3%83%AB%E3%83%BC%E3%83%97%E3%83%9B%E3%83%BC%E3%83%A0%E3%82%8F%E3%81%8B%E3%81%99%E3%81%8E%E3%81%AE%E4%B8%98%E3%83%BB%E4%B8%83%E9%87%8C%20%E7%AB%9C%E7%8E%8B%E7%94%BA
グループホーム　きずな,グループホーム,滋賀県,愛荘町,"介護,グループホーム,認知症",認知症のある方が少人数で生活する施設です。要支援・要介護度や地域要件を確認します。,http://www.asahi-net.or.jp/~TK6S-IMMR,滋賀県愛知郡愛荘町長野２３８０番地１１,0749-42-8300,厚生労働省オープンデータ,https://www.mhlw.go.jp/content/12300000/jigyosho_320.csv,2025-12末,https://www.google.com/search?q=%E3%82%B0%E3%83%AB%E3%83%BC%E3%83%97%E3%83%9B%E3%83%BC%E3%83%A0%E3%80%80%E3%81%8D%E3%81%9A%E3%81%AA%20%E6%84%9B%E8%8D%98%E7%94%BA
グループホームかがやき,グループホーム,滋賀県,豊郷町,"介護,グループホーム,認知症",認知症のある方が少人数で生活する施設です。要支援・要介護度や地域要件を確認します。,https://asunaroiyashinosat.wixsite.com/asunaro,犬上郡豊郷町沢506-1,0749-35-3015,厚生労働省オープンデータ,https://www.mhlw.go.jp/content/12300000/jigyosho_320.csv,2025-12末,https://www.google.com/search?q=%E3%82%B0%E3%83%AB%E3%83%BC%E3%83%97%E3%83%9B%E3%83%BC%E3%83%A0%E3%81%8B%E3%81%8C%E3%82%84%E3%81%8D%20%E8%B1%8A%E9%83%B7%E7%94%BA
甲良町グループホームらくらく,グループホーム,滋賀県,甲良町,"介護,グループホーム,認知症",認知症のある方が少人数で生活する施設です。要支援・要介護度や地域要件を確認します。,http://www.toyosato.or.jp,滋賀県犬上郡甲良町在士625,0749-38-8182,厚生労働省オープンデータ,https://www.mhlw.go.jp/content/12300000/jigyosho_320.csv,2025-12末,https://www.google.com/search?q=%E7%94%B2%E8%89%AF%E7%94%BA%E3%82%B0%E3%83%AB%E3%83%BC%E3%83%97%E3%83%9B%E3%83%BC%E3%83%A0%E3%82%89%E3%81%8F%E3%82%89%E3%81%8F%20%E7%94%B2%E8%89%AF%E7%94%BA
認知症対応型共同生活介護施設　ささゆりの家,グループホーム,滋賀県,多賀町,"介護,グループホーム,認知症",認知症のある方が少人数で生活する施設です。要支援・要介護度や地域要件を確認します。,http://tashinkai.jp/,滋賀県犬上郡多賀町大字佐目675番地,0749-49-8030,厚生労働省オープンデータ,https://www.mhlw.go.jp/content/12300000/jigyosho_320.csv,2025-12末,https://www.google.com/search?q=%E8%AA%8D%E7%9F%A5%E7%97%87%E5%AF%BE%E5%BF%9C%E5%9E%8B%E5%85%B1%E5%90%8C%E7%94%9F%E6%B4%BB%E4%BB%8B%E8%AD%B7%E6%96%BD%E8%A8%AD%E3%80%80%E3%81%95%E3%81%95%E3%82%86%E3%82%8A%E3%81%AE%E5%AE%B6%20%E5%A4%9A%E8%B3%80%E7%94%BA
社会福祉法人　湖東会　グループホーム　ハートフル,グループホーム,滋賀県,多賀町,"介護,グループホーム,認知症",認知症のある方が少人数で生活する施設です。要支援・要介護度や地域要件を確認します。,heartful@jasmine.ocn.jp,滋賀県犬上郡多賀町中川原605-2,0749-48-2600,厚生労働省オープンデータ,https://www.mhlw.go.jp/content/12300000/jigyosho_320.csv,2025-12末,https://www.google.com/search?q=%E7%A4%BE%E4%BC%9A%E7%A6%8F%E7%A5%89%E6%B3%95%E4%BA%BA%E3%80%80%E6%B9%96%E6%9D%B1%E4%BC%9A%E3%80%80%E3%82%B0%E3%83%AB%E3%83%BC%E3%83%97%E3%83%9B%E3%83%BC%E3%83%A0%E3%80%80%E3%83%8F%E3%83%BC%E3%83%88%E3%83%95%E3%83%AB%20%E5%A4%9A%E8%B3%80%E7%94%BA
アクティバ琵琶,介護付き有料老人ホーム,滋賀県,大津市,"介護,介護付き有料老人ホーム,入所",介護付き有料老人ホームの公式オープンデータから取り込んだ候補です。詳細は公式情報・電話・見学で確認してください。,https://www.activabiwa.jp,滋賀県大津市雄琴6-17-17,077-578-7222,厚生労働省オープンデータ,https://www.mhlw.go.jp/content/12300000/jigyosho_331.csv,2025-12末,https://www.google.com/search?q=%E3%82%A2%E3%82%AF%E3%83%86%E3%82%A3%E3%83%90%E7%90%B5%E7%90%B6%20%E5%A4%A7%E6%B4%A5%E5%B8%82
シニアホーム勢多夕照苑,介護付き有料老人ホーム,滋賀県,大津市,"介護,介護付き有料老人ホーム,入所",介護付き有料老人ホームの公式オープンデータから取り込んだ候補です。詳細は公式情報・電話・見学で確認してください。,http://siga-seniorhome.jp/,滋賀県大津市唐橋町23-1,077-537-1782,厚生労働省オープンデータ,https://www.mhlw.go.jp/content/12300000/jigyosho_331.csv,2025-12末,https://www.google.com/search?q=%E3%82%B7%E3%83%8B%E3%82%A2%E3%83%9B%E3%83%BC%E3%83%A0%E5%8B%A2%E5%A4%9A%E5%A4%95%E7%85%A7%E8%8B%91%20%E5%A4%A7%E6%B4%A5%E5%B8%82
介護付有料老人ホームかおりの里,介護付き有料老人ホーム,滋賀県,大津市,"介護,介護付き有料老人ホーム,入所",介護付き有料老人ホームの公式オープンデータから取り込んだ候補です。詳細は公式情報・電話・見学で確認してください。,http://www.bikentechno.co.jp,滋賀県大津市伊香立向在地町２５０番地,077-598-2790,厚生労働省オープンデータ,https://www.mhlw.go.jp/content/12300000/jigyosho_331.csv,2025-12末,https://www.google.com/search?q=%E4%BB%8B%E8%AD%B7%E4%BB%98%E6%9C%89%E6%96%99%E8%80%81%E4%BA%BA%E3%83%9B%E3%83%BC%E3%83%A0%E3%81%8B%E3%81%8A%E3%82%8A%E3%81%AE%E9%87%8C%20%E5%A4%A7%E6%B4%A5%E5%B8%82
介護付有料老人ホーム　コンソルテ瀬田,介護付き有料老人ホーム,滋賀県,大津市,"介護,介護付き有料老人ホーム,入所",介護付き有料老人ホームの公式オープンデータから取り込んだ候補です。詳細は公式情報・電話・見学で確認してください。,https://www.consorte-seta.co.jp,大津市大江１丁目３番２０号,077-544-7311,厚生労働省オープンデータ,https://www.mhlw.go.jp/content/12300000/jigyosho_331.csv,2025-12末,https://www.google.com/search?q=%E4%BB%8B%E8%AD%B7%E4%BB%98%E6%9C%89%E6%96%99%E8%80%81%E4%BA%BA%E3%83%9B%E3%83%BC%E3%83%A0%E3%80%80%E3%82%B3%E3%83%B3%E3%82%BD%E3%83%AB%E3%83%86%E7%80%AC%E7%94%B0%20%E5%A4%A7%E6%B4%A5%E5%B8%82
湖郷の彩風彦根,介護付き有料老人ホーム,滋賀県,彦根市,"介護,介護付き有料老人ホーム,入所",介護付き有料老人ホームの公式オープンデータから取り込んだ候補です。詳細は公式情報・電話・見学で確認してください。,http://senior-life.jp/ayakaze/,滋賀県彦根市松原町1435-13,0749-21-5300,厚生労働省オープンデータ,https://www.mhlw.go.jp/content/12300000/jigyosho_331.csv,2025-12末,https://www.google.com/search?q=%E6%B9%96%E9%83%B7%E3%81%AE%E5%BD%A9%E9%A2%A8%E5%BD%A6%E6%A0%B9%20%E5%BD%A6%E6%A0%B9%E5%B8%82
介護付有料老人ホーム　ケアフル楠の葉,介護付き有料老人ホーム,滋賀県,守山市,"介護,介護付き有料老人ホーム,入所",介護付き有料老人ホームの公式オープンデータから取り込んだ候補です。詳細は公式情報・電話・見学で確認してください。,https://www.sou-seniorcare.co.jp/,滋賀県守山市今浜町２５３７－８,077-584-3771,厚生労働省オープンデータ,https://www.mhlw.go.jp/content/12300000/jigyosho_331.csv,2025-12末,https://www.google.com/search?q=%E4%BB%8B%E8%AD%B7%E4%BB%98%E6%9C%89%E6%96%99%E8%80%81%E4%BA%BA%E3%83%9B%E3%83%BC%E3%83%A0%E3%80%80%E3%82%B1%E3%82%A2%E3%83%95%E3%83%AB%E6%A5%A0%E3%81%AE%E8%91%89%20%E5%AE%88%E5%B1%B1%E5%B8%82
チャーム栗東,介護付き有料老人ホーム,滋賀県,栗東市,"介護,介護付き有料老人ホーム,入所",介護付き有料老人ホームの公式オープンデータから取り込んだ候補です。詳細は公式情報・電話・見学で確認してください。,http://www.charmcc.jp,滋賀県栗東市野尻443番,077-598-5261,厚生労働省オープンデータ,https://www.mhlw.go.jp/content/12300000/jigyosho_331.csv,2025-12末,https://www.google.com/search?q=%E3%83%81%E3%83%A3%E3%83%BC%E3%83%A0%E6%A0%97%E6%9D%B1%20%E6%A0%97%E6%9D%B1%E5%B8%82
特定施設入居者生活介護まごころ湖東,介護付き有料老人ホーム,滋賀県,東近江市,"介護,介護付き有料老人ホーム,入所",介護付き有料老人ホームの公式オープンデータから取り込んだ候補です。詳細は公式情報・電話・見学で確認してください。,https://magokoro-home.co.jp/,湯屋町１１８１－１,0749-20-3531,厚生労働省オープンデータ,https://www.mhlw.go.jp/content/12300000/jigyosho_331.csv,2025-12末,https://www.google.com/search?q=%E7%89%B9%E5%AE%9A%E6%96%BD%E8%A8%AD%E5%85%A5%E5%B1%85%E8%80%85%E7%94%9F%E6%B4%BB%E4%BB%8B%E8%AD%B7%E3%81%BE%E3%81%94%E3%81%93%E3%82%8D%E6%B9%96%E6%9D%B1%20%E6%9D%B1%E8%BF%91%E6%B1%9F%E5%B8%82
ハーモニーハウス甲賀,サービス付き高齢者向け住宅,滋賀県,甲賀市,"介護,サービス付き高齢者向け住宅,入所",サービス付き高齢者向け住宅の公式オープンデータから取り込んだ候補です。詳細は公式情報・電話・見学で確認してください。,https://www.h-ikkou.co.jp/harmony_koka/index.html,滋賀県甲賀市甲南町野田字下浦806,0748-86-8688,厚生労働省オープンデータ,https://www.mhlw.go.jp/content/12300000/jigyosho_334.csv,2025-12末,https://www.google.com/search?q=%E3%83%8F%E3%83%BC%E3%83%A2%E3%83%8B%E3%83%BC%E3%83%8F%E3%82%A6%E3%82%B9%E7%94%B2%E8%B3%80%20%E7%94%B2%E8%B3%80%E5%B8%82
ハーモニーハウス愛荘,サービス付き高齢者向け住宅,滋賀県,愛荘町,"介護,サービス付き高齢者向け住宅,入所",サービス付き高齢者向け住宅の公式オープンデータから取り込んだ候補です。詳細は公式情報・電話・見学で確認してください。,https://www.h-ikkou.co.jp/harmony_aisho/index.html,滋賀県愛知郡愛荘町豊満字砂川原1291-1,0749-49-5225,厚生労働省オープンデータ,https://www.mhlw.go.jp/content/12300000/jigyosho_334.csv,2025-12末,https://www.google.com/search?q=%E3%83%8F%E3%83%BC%E3%83%A2%E3%83%8B%E3%83%BC%E3%83%8F%E3%82%A6%E3%82%B9%E6%84%9B%E8%8D%98%20%E6%84%9B%E8%8D%98%E7%94%BA
平田ケアレジデンス翔裕館,地域密着型有料老人ホーム,滋賀県,彦根市,"介護,地域密着型有料老人ホーム,入所",地域密着型有料老人ホームの公式オープンデータから取り込んだ候補です。詳細は公式情報・電話・見学で確認してください。,https://www.sanga-kaigo.co.jp/,滋賀県彦根市平田町1114-1ひらた翔裕館Ⅰ号館,0749-21-2881,厚生労働省オープンデータ,https://www.mhlw.go.jp/content/12300000/jigyosho_361.csv,2025-12末,https://www.google.com/search?q=%E5%B9%B3%E7%94%B0%E3%82%B1%E3%82%A2%E3%83%AC%E3%82%B8%E3%83%87%E3%83%B3%E3%82%B9%E7%BF%94%E8%A3%95%E9%A4%A8%20%E5%BD%A6%E6%A0%B9%E5%B8%82
地域密着型介護付有料老人ホームつながり,地域密着型有料老人ホーム,滋賀県,甲賀市,"介護,地域密着型有料老人ホーム,入所",地域密着型有料老人ホームの公式オープンデータから取り込んだ候補です。詳細は公式情報・電話・見学で確認してください。,https://www.fujisawakaigoservice.com/,滋賀県甲賀市土山町南土山甲４４９番地1,0748-66-0100,厚生労働省オープンデータ,https://www.mhlw.go.jp/content/12300000/jigyosho_361.csv,2025-12末,https://www.google.com/search?q=%E5%9C%B0%E5%9F%9F%E5%AF%86%E7%9D%80%E5%9E%8B%E4%BB%8B%E8%AD%B7%E4%BB%98%E6%9C%89%E6%96%99%E8%80%81%E4%BA%BA%E3%83%9B%E3%83%BC%E3%83%A0%E3%81%A4%E3%81%AA%E3%81%8C%E3%82%8A%20%E7%94%B2%E8%B3%80%E5%B8%82
ハーネスト居宅介護支援事業所,ケアマネジャー・居宅介護支援,滋賀県,大津市,"介護,ケアマネジャー・居宅介護支援,相談",介護サービスの計画作成や事業所調整を行う相談先です。退院後の生活準備で重要です。,http://www.hernest.jp/,大津市坂本1丁目13-12,077-577-1770,厚生労働省オープンデータ,https://www.mhlw.go.jp/content/12300000/jigyosho_430.csv,2025-12末,https://www.google.com/search?q=%E3%83%8F%E3%83%BC%E3%83%8D%E3%82%B9%E3%83%88%E5%B1%85%E5%AE%85%E4%BB%8B%E8%AD%B7%E6%94%AF%E6%8F%B4%E4%BA%8B%E6%A5%AD%E6%89%80%20%E5%A4%A7%E6%B4%A5%E5%B8%82
凛居宅介護支援事業所,ケアマネジャー・居宅介護支援,滋賀県,大津市,"介護,ケアマネジャー・居宅介護支援,相談",介護サービスの計画作成や事業所調整を行う相談先です。退院後の生活準備で重要です。,https://www.google.com/search?q=%E5%87%9B%E5%B1%85%E5%AE%85%E4%BB%8B%E8%AD%B7%E6%94%AF%E6%8F%B4%E4%BA%8B%E6%A5%AD%E6%89%80%20%E5%A4%A7%E6%B4%A5%E5%B8%82,滋賀県大津市皇子が丘1丁目2番29号2階,077－526-7850,厚生労働省オープンデータ,https://www.mhlw.go.jp/content/12300000/jigyosho_430.csv,2025-12末,https://www.google.com/search?q=%E5%87%9B%E5%B1%85%E5%AE%85%E4%BB%8B%E8%AD%B7%E6%94%AF%E6%8F%B4%E4%BA%8B%E6%A5%AD%E6%89%80%20%E5%A4%A7%E6%B4%A5%E5%B8%82
近江ケアプランセンター,ケアマネジャー・居宅介護支援,滋賀県,大津市,"介護,ケアマネジャー・居宅介護支援,相談",介護サービスの計画作成や事業所調整を行う相談先です。退院後の生活準備で重要です。,https://www.google.com/search?q=%E8%BF%91%E6%B1%9F%E3%82%B1%E3%82%A2%E3%83%97%E3%83%A9%E3%83%B3%E3%82%BB%E3%83%B3%E3%82%BF%E3%83%BC%20%E5%A4%A7%E6%B4%A5%E5%B8%82,滋賀県大津市萱野浦5番6号１F,077-544-4449,厚生労働省オープンデータ,https://www.mhlw.go.jp/content/12300000/jigyosho_430.csv,2025-12末,https://www.google.com/search?q=%E8%BF%91%E6%B1%9F%E3%82%B1%E3%82%A2%E3%83%97%E3%83%A9%E3%83%B3%E3%82%BB%E3%83%B3%E3%82%BF%E3%83%BC%20%E5%A4%A7%E6%B4%A5%E5%B8%82
居宅介護支援センターじんりょう,ケアマネジャー・居宅介護支援,滋賀県,大津市,"介護,ケアマネジャー・居宅介護支援,相談",介護サービスの計画作成や事業所調整を行う相談先です。退院後の生活準備で重要です。,https://www.google.com/search?q=%E5%B1%85%E5%AE%85%E4%BB%8B%E8%AD%B7%E6%94%AF%E6%8F%B4%E3%82%BB%E3%83%B3%E3%82%BF%E3%83%BC%E3%81%98%E3%82%93%E3%82%8A%E3%82%87%E3%81%86%20%E5%A4%A7%E6%B4%A5%E5%B8%82,神領３丁目20-24,077-543-6718,厚生労働省オープンデータ,https://www.mhlw.go.jp/content/12300000/jigyosho_430.csv,2025-12末,https://www.google.com/search?q=%E5%B1%85%E5%AE%85%E4%BB%8B%E8%AD%B7%E6%94%AF%E6%8F%B4%E3%82%BB%E3%83%B3%E3%82%BF%E3%83%BC%E3%81%98%E3%82%93%E3%82%8A%E3%82%87%E3%81%86%20%E5%A4%A7%E6%B4%A5%E5%B8%82
もも薬局居宅介護支援事業所,ケアマネジャー・居宅介護支援,滋賀県,大津市,"介護,ケアマネジャー・居宅介護支援,相談",介護サービスの計画作成や事業所調整を行う相談先です。退院後の生活準備で重要です。,https://www.google.com/search?q=%E3%82%82%E3%82%82%E8%96%AC%E5%B1%80%E5%B1%85%E5%AE%85%E4%BB%8B%E8%AD%B7%E6%94%AF%E6%8F%B4%E4%BA%8B%E6%A5%AD%E6%89%80%20%E5%A4%A7%E6%B4%A5%E5%B8%82,大津市丸の内町9-30,077－510－0301,厚生労働省オープンデータ,https://www.mhlw.go.jp/content/12300000/jigyosho_430.csv,2025-12末,https://www.google.com/search?q=%E3%82%82%E3%82%82%E8%96%AC%E5%B1%80%E5%B1%85%E5%AE%85%E4%BB%8B%E8%AD%B7%E6%94%AF%E6%8F%B4%E4%BA%8B%E6%A5%AD%E6%89%80%20%E5%A4%A7%E6%B4%A5%E5%B8%82
ケアプランセンターふく,ケアマネジャー・居宅介護支援,滋賀県,大津市,"介護,ケアマネジャー・居宅介護支援,相談",介護サービスの計画作成や事業所調整を行う相談先です。退院後の生活準備で重要です。,https://www.google.com/search?q=%E3%82%B1%E3%82%A2%E3%83%97%E3%83%A9%E3%83%B3%E3%82%BB%E3%83%B3%E3%82%BF%E3%83%BC%E3%81%B5%E3%81%8F%20%E5%A4%A7%E6%B4%A5%E5%B8%82,滋賀県大津市平津二丁目４－２０サンシティ大津石山４０３号,0775343983,厚生労働省オープンデータ,https://www.mhlw.go.jp/content/12300000/jigyosho_430.csv,2025-12末,https://www.google.com/search?q=%E3%82%B1%E3%82%A2%E3%83%97%E3%83%A9%E3%83%B3%E3%82%BB%E3%83%B3%E3%82%BF%E3%83%BC%E3%81%B5%E3%81%8F%20%E5%A4%A7%E6%B4%A5%E5%B8%82
合同会社居宅介護支援事業所さち,ケアマネジャー・居宅介護支援,滋賀県,大津市,"介護,ケアマネジャー・居宅介護支援,相談",介護サービスの計画作成や事業所調整を行う相談先です。退院後の生活準備で重要です。,https://www.google.com/search?q=%E5%90%88%E5%90%8C%E4%BC%9A%E7%A4%BE%E5%B1%85%E5%AE%85%E4%BB%8B%E8%AD%B7%E6%94%AF%E6%8F%B4%E4%BA%8B%E6%A5%AD%E6%89%80%E3%81%95%E3%81%A1%20%E5%A4%A7%E6%B4%A5%E5%B8%82,滋賀県大津市瀬田３丁目３９番１１号,0775458933,厚生労働省オープンデータ,https://www.mhlw.go.jp/content/12300000/jigyosho_430.csv,2025-12末,https://www.google.com/search?q=%E5%90%88%E5%90%8C%E4%BC%9A%E7%A4%BE%E5%B1%85%E5%AE%85%E4%BB%8B%E8%AD%B7%E6%94%AF%E6%8F%B4%E4%BA%8B%E6%A5%AD%E6%89%80%E3%81%95%E3%81%A1%20%E5%A4%A7%E6%B4%A5%E5%B8%82
居宅介護支援事業所　グリーンプラン,ケアマネジャー・居宅介護支援,滋賀県,大津市,"介護,ケアマネジャー・居宅介護支援,相談",介護サービスの計画作成や事業所調整を行う相談先です。退院後の生活準備で重要です。,https://www.google.com/search?q=%E5%B1%85%E5%AE%85%E4%BB%8B%E8%AD%B7%E6%94%AF%E6%8F%B4%E4%BA%8B%E6%A5%AD%E6%89%80%E3%80%80%E3%82%B0%E3%83%AA%E3%83%BC%E3%83%B3%E3%83%97%E3%83%A9%E3%83%B3%20%E5%A4%A7%E6%B4%A5%E5%B8%82,滋賀県大津市南郷１丁目8-11金田ビル,077-507-4925,厚生労働省オープンデータ,https://www.mhlw.go.jp/content/12300000/jigyosho_430.csv,2025-12末,https://www.google.com/search?q=%E5%B1%85%E5%AE%85%E4%BB%8B%E8%AD%B7%E6%94%AF%E6%8F%B4%E4%BA%8B%E6%A5%AD%E6%89%80%E3%80%80%E3%82%B0%E3%83%AA%E3%83%BC%E3%83%B3%E3%83%97%E3%83%A9%E3%83%B3%20%E5%A4%A7%E6%B4%A5%E5%B8%82
医療法人白櫻会小金沢歯科診療所居宅介護支援サービス,ケアマネジャー・居宅介護支援,滋賀県,大津市,"介護,ケアマネジャー・居宅介護支援,相談",介護サービスの計画作成や事業所調整を行う相談先です。退院後の生活準備で重要です。,https://www.google.com/search?q=%E5%8C%BB%E7%99%82%E6%B3%95%E4%BA%BA%E7%99%BD%E6%AB%BB%E4%BC%9A%E5%B0%8F%E9%87%91%E6%B2%A2%E6%AD%AF%E7%A7%91%E8%A8%BA%E7%99%82%E6%89%80%E5%B1%85%E5%AE%85%E4%BB%8B%E8%AD%B7%E6%94%AF%E6%8F%B4%E3%82%B5%E3%83%BC%E3%83%93%E3%82%B9%20%E5%A4%A7%E6%B4%A5%E5%B8%82,滋賀県大津市大石東４丁目５番６号,077-546-5167,厚生労働省オープンデータ,https://www.mhlw.go.jp/content/12300000/jigyosho_430.csv,2025-12末,https://www.google.com/search?q=%E5%8C%BB%E7%99%82%E6%B3%95%E4%BA%BA%E7%99%BD%E6%AB%BB%E4%BC%9A%E5%B0%8F%E9%87%91%E6%B2%A2%E6%AD%AF%E7%A7%91%E8%A8%BA%E7%99%82%E6%89%80%E5%B1%85%E5%AE%85%E4%BB%8B%E8%AD%B7%E6%94%AF%E6%8F%B4%E3%82%B5%E3%83%BC%E3%83%93%E3%82%B9%20%E5%A4%A7%E6%B4%A5%E5%B8%82
居宅介護支援事業所矢野,ケアマネジャー・居宅介護支援,滋賀県,大津市,"介護,ケアマネジャー・居宅介護支援,相談",介護サービスの計画作成や事業所調整を行う相談先です。退院後の生活準備で重要です。,https://www.google.com/search?q=%E5%B1%85%E5%AE%85%E4%BB%8B%E8%AD%B7%E6%94%AF%E6%8F%B4%E4%BA%8B%E6%A5%AD%E6%89%80%E7%9F%A2%E9%87%8E%20%E5%A4%A7%E6%B4%A5%E5%B8%82,滋賀県大津市大石東五丁目13番17号無し,077-546-5195,厚生労働省オープンデータ,https://www.mhlw.go.jp/content/12300000/jigyosho_430.csv,2025-12末,https://www.google.com/search?q=%E5%B1%85%E5%AE%85%E4%BB%8B%E8%AD%B7%E6%94%AF%E6%8F%B4%E4%BA%8B%E6%A5%AD%E6%89%80%E7%9F%A2%E9%87%8E%20%E5%A4%A7%E6%B4%A5%E5%B8%82
ケアプランセンター　たなかみ,ケアマネジャー・居宅介護支援,滋賀県,大津市,"介護,ケアマネジャー・居宅介護支援,相談",介護サービスの計画作成や事業所調整を行う相談先です。退院後の生活準備で重要です。,https://www.google.com/search?q=%E3%82%B1%E3%82%A2%E3%83%97%E3%83%A9%E3%83%B3%E3%82%BB%E3%83%B3%E3%82%BF%E3%83%BC%E3%80%80%E3%81%9F%E3%81%AA%E3%81%8B%E3%81%BF%20%E5%A4%A7%E6%B4%A5%E5%B8%82,黒津2丁目21番13号,077-507-7082,厚生労働省オープンデータ,https://www.mhlw.go.jp/content/12300000/jigyosho_430.csv,2025-12末,https://www.google.com/search?q=%E3%82%B1%E3%82%A2%E3%83%97%E3%83%A9%E3%83%B3%E3%82%BB%E3%83%B3%E3%82%BF%E3%83%BC%E3%80%80%E3%81%9F%E3%81%AA%E3%81%8B%E3%81%BF%20%E5%A4%A7%E6%B4%A5%E5%B8%82
みらいケア,ケアマネジャー・居宅介護支援,滋賀県,大津市,"介護,ケアマネジャー・居宅介護支援,相談",介護サービスの計画作成や事業所調整を行う相談先です。退院後の生活準備で重要です。,https://www.google.com/search?q=%E3%81%BF%E3%82%89%E3%81%84%E3%82%B1%E3%82%A2%20%E5%A4%A7%E6%B4%A5%E5%B8%82,滋賀県大津市蓮池町14-30シャルム大津706,077-523-3506,厚生労働省オープンデータ,https://www.mhlw.go.jp/content/12300000/jigyosho_430.csv,2025-12末,https://www.google.com/search?q=%E3%81%BF%E3%82%89%E3%81%84%E3%82%B1%E3%82%A2%20%E5%A4%A7%E6%B4%A5%E5%B8%82
桐生居宅介護支援事業所,ケアマネジャー・居宅介護支援,滋賀県,大津市,"介護,ケアマネジャー・居宅介護支援,相談",介護サービスの計画作成や事業所調整を行う相談先です。退院後の生活準備で重要です。,http://www.kiryuen.jp/,滋賀県大津市桐生一丁目26番7号,077-549-1816,厚生労働省オープンデータ,https://www.mhlw.go.jp/content/12300000/jigyosho_430.csv,2025-12末,https://www.google.com/search?q=%E6%A1%90%E7%94%9F%E5%B1%85%E5%AE%85%E4%BB%8B%E8%AD%B7%E6%94%AF%E6%8F%B4%E4%BA%8B%E6%A5%AD%E6%89%80%20%E5%A4%A7%E6%B4%A5%E5%B8%82
グランユニライフケアプランセンター大津大将軍,ケアマネジャー・居宅介護支援,滋賀県,大津市,"介護,ケアマネジャー・居宅介護支援,相談",介護サービスの計画作成や事業所調整を行う相談先です。退院後の生活準備で重要です。,https://www.google.com/search?q=%E3%82%B0%E3%83%A9%E3%83%B3%E3%83%A6%E3%83%8B%E3%83%A9%E3%82%A4%E3%83%95%E3%82%B1%E3%82%A2%E3%83%97%E3%83%A9%E3%83%B3%E3%82%BB%E3%83%B3%E3%82%BF%E3%83%BC%E5%A4%A7%E6%B4%A5%E5%A4%A7%E5%B0%86%E8%BB%8D%20%E5%A4%A7%E6%B4%A5%E5%B8%82,大津市大将軍3丁目19番5号,077-501-3687,厚生労働省オープンデータ,https://www.mhlw.go.jp/content/12300000/jigyosho_430.csv,2025-12末,https://www.google.com/search?q=%E3%82%B0%E3%83%A9%E3%83%B3%E3%83%A6%E3%83%8B%E3%83%A9%E3%82%A4%E3%83%95%E3%82%B1%E3%82%A2%E3%83%97%E3%83%A9%E3%83%B3%E3%82%BB%E3%83%B3%E3%82%BF%E3%83%BC%E5%A4%A7%E6%B4%A5%E5%A4%A7%E5%B0%86%E8%BB%8D%20%E5%A4%A7%E6%B4%A5%E5%B8%82
ケアプランセンターまぁる,ケアマネジャー・居宅介護支援,滋賀県,大津市,"介護,ケアマネジャー・居宅介護支援,相談",介護サービスの計画作成や事業所調整を行う相談先です。退院後の生活準備で重要です。,https://www.google.com/search?q=%E3%82%B1%E3%82%A2%E3%83%97%E3%83%A9%E3%83%B3%E3%82%BB%E3%83%B3%E3%82%BF%E3%83%BC%E3%81%BE%E3%81%81%E3%82%8B%20%E5%A4%A7%E6%B4%A5%E5%B8%82,滋賀県大津市坂本七丁目13番22号,077-548-8019,厚生労働省オープンデータ,https://www.mhlw.go.jp/content/12300000/jigyosho_430.csv,2025-12末,https://www.google.com/search?q=%E3%82%B1%E3%82%A2%E3%83%97%E3%83%A9%E3%83%B3%E3%82%BB%E3%83%B3%E3%82%BF%E3%83%BC%E3%81%BE%E3%81%81%E3%82%8B%20%E5%A4%A7%E6%B4%A5%E5%B8%82
あい・ネット居宅介護支援センター,ケアマネジャー・居宅介護支援,滋賀県,大津市,"介護,ケアマネジャー・居宅介護支援,相談",介護サービスの計画作成や事業所調整を行う相談先です。退院後の生活準備で重要です。,https://www.ainet-otsu.com/,滋賀県大津市秋葉台７番２号,077-511-3480,厚生労働省オープンデータ,https://www.mhlw.go.jp/content/12300000/jigyosho_430.csv,2025-12末,https://www.google.com/search?q=%E3%81%82%E3%81%84%E3%83%BB%E3%83%8D%E3%83%83%E3%83%88%E5%B1%85%E5%AE%85%E4%BB%8B%E8%AD%B7%E6%94%AF%E6%8F%B4%E3%82%BB%E3%83%B3%E3%82%BF%E3%83%BC%20%E5%A4%A7%E6%B4%A5%E5%B8%82
あいサポートおおつ,ケアマネジャー・居宅介護支援,滋賀県,大津市,"介護,ケアマネジャー・居宅介護支援,相談",介護サービスの計画作成や事業所調整を行う相談先です。退院後の生活準備で重要です。,http://love-smile-happiness.co.jp,月輪三丁目29番4号２F２F,077-548-8307,厚生労働省オープンデータ,https://www.mhlw.go.jp/content/12300000/jigyosho_430.csv,2025-12末,https://www.google.com/search?q=%E3%81%82%E3%81%84%E3%82%B5%E3%83%9D%E3%83%BC%E3%83%88%E3%81%8A%E3%81%8A%E3%81%A4%20%E5%A4%A7%E6%B4%A5%E5%B8%82
居宅介護支援事業所　輝楽里,ケアマネジャー・居宅介護支援,滋賀県,大津市,"介護,ケアマネジャー・居宅介護支援,相談",介護サービスの計画作成や事業所調整を行う相談先です。退院後の生活準備で重要です。,https://www.google.com/search?q=%E5%B1%85%E5%AE%85%E4%BB%8B%E8%AD%B7%E6%94%AF%E6%8F%B4%E4%BA%8B%E6%A5%AD%E6%89%80%E3%80%80%E8%BC%9D%E6%A5%BD%E9%87%8C%20%E5%A4%A7%E6%B4%A5%E5%B8%82,滋賀県大津市下阪本3－16－18,077－578-8825,厚生労働省オープンデータ,https://www.mhlw.go.jp/content/12300000/jigyosho_430.csv,2025-12末,https://www.google.com/search?q=%E5%B1%85%E5%AE%85%E4%BB%8B%E8%AD%B7%E6%94%AF%E6%8F%B4%E4%BA%8B%E6%A5%AD%E6%89%80%E3%80%80%E8%BC%9D%E6%A5%BD%E9%87%8C%20%E5%A4%A7%E6%B4%A5%E5%B8%82
あいサポートいしやま,ケアマネジャー・居宅介護支援,滋賀県,大津市,"介護,ケアマネジャー・居宅介護支援,相談",介護サービスの計画作成や事業所調整を行う相談先です。退院後の生活準備で重要です。,http://love-smile-happiness.co.jp,滋賀県大津市北大路1丁目4番15号,077-574-7901,厚生労働省オープンデータ,https://www.mhlw.go.jp/content/12300000/jigyosho_430.csv,2025-12末,https://www.google.com/search?q=%E3%81%82%E3%81%84%E3%82%B5%E3%83%9D%E3%83%BC%E3%83%88%E3%81%84%E3%81%97%E3%82%84%E3%81%BE%20%E5%A4%A7%E6%B4%A5%E5%B8%82
Nアートおおつ居宅介護支援事業所,ケアマネジャー・居宅介護支援,滋賀県,大津市,"介護,ケアマネジャー・居宅介護支援,相談",介護サービスの計画作成や事業所調整を行う相談先です。退院後の生活準備で重要です。,https://jpkango.co.jp/,滋賀県大津市大江4丁目21-18,080-7505-6549,厚生労働省オープンデータ,https://www.mhlw.go.jp/content/12300000/jigyosho_430.csv,2025-12末,https://www.google.com/search?q=N%E3%82%A2%E3%83%BC%E3%83%88%E3%81%8A%E3%81%8A%E3%81%A4%E5%B1%85%E5%AE%85%E4%BB%8B%E8%AD%B7%E6%94%AF%E6%8F%B4%E4%BA%8B%E6%A5%AD%E6%89%80%20%E5%A4%A7%E6%B4%A5%E5%B8%82
真情ケアプランニング瀬田,ケアマネジャー・居宅介護支援,滋賀県,大津市,"介護,ケアマネジャー・居宅介護支援,相談",介護サービスの計画作成や事業所調整を行う相談先です。退院後の生活準備で重要です。,https://www.google.com/search?q=%E7%9C%9F%E6%83%85%E3%82%B1%E3%82%A2%E3%83%97%E3%83%A9%E3%83%B3%E3%83%8B%E3%83%B3%E3%82%B0%E7%80%AC%E7%94%B0%20%E5%A4%A7%E6%B4%A5%E5%B8%82,大江4-12-14,077-575-4161,厚生労働省オープンデータ,https://www.mhlw.go.jp/content/12300000/jigyosho_430.csv,2025-12末,https://www.google.com/search?q=%E7%9C%9F%E6%83%85%E3%82%B1%E3%82%A2%E3%83%97%E3%83%A9%E3%83%B3%E3%83%8B%E3%83%B3%E3%82%B0%E7%80%AC%E7%94%B0%20%E5%A4%A7%E6%B4%A5%E5%B8%82
真情（まごころ）ケア・プランニング,ケアマネジャー・居宅介護支援,滋賀県,大津市,"介護,ケアマネジャー・居宅介護支援,相談",介護サービスの計画作成や事業所調整を行う相談先です。退院後の生活準備で重要です。,http//newones.co.jp//,滋賀県大津市横木一丁目９番４号,077--575-1460,厚生労働省オープンデータ,https://www.mhlw.go.jp/content/12300000/jigyosho_430.csv,2025-12末,https://www.google.com/search?q=%E7%9C%9F%E6%83%85%EF%BC%88%E3%81%BE%E3%81%94%E3%81%93%E3%82%8D%EF%BC%89%E3%82%B1%E3%82%A2%E3%83%BB%E3%83%97%E3%83%A9%E3%83%B3%E3%83%8B%E3%83%B3%E3%82%B0%20%E5%A4%A7%E6%B4%A5%E5%B8%82
ケアプラン勧学,ケアマネジャー・居宅介護支援,滋賀県,大津市,"介護,ケアマネジャー・居宅介護支援,相談",介護サービスの計画作成や事業所調整を行う相談先です。退院後の生活準備で重要です。,https://www.google.com/search?q=%E3%82%B1%E3%82%A2%E3%83%97%E3%83%A9%E3%83%B3%E5%8B%A7%E5%AD%A6%20%E5%A4%A7%E6%B4%A5%E5%B8%82,滋賀県大津市見世1丁目2-31,077-521-0808,厚生労働省オープンデータ,https://www.mhlw.go.jp/content/12300000/jigyosho_430.csv,2025-12末,https://www.google.com/search?q=%E3%82%B1%E3%82%A2%E3%83%97%E3%83%A9%E3%83%B3%E5%8B%A7%E5%AD%A6%20%E5%A4%A7%E6%B4%A5%E5%B8%82
居宅介護支援センターほむぎ,ケアマネジャー・居宅介護支援,滋賀県,大津市,"介護,ケアマネジャー・居宅介護支援,相談",介護サービスの計画作成や事業所調整を行う相談先です。退院後の生活準備で重要です。,https://www.google.com/search?q=%E5%B1%85%E5%AE%85%E4%BB%8B%E8%AD%B7%E6%94%AF%E6%8F%B4%E3%82%BB%E3%83%B3%E3%82%BF%E3%83%BC%E3%81%BB%E3%82%80%E3%81%8E%20%E5%A4%A7%E6%B4%A5%E5%B8%82,滋賀県大津市音羽台２－１５,077-572-6689,厚生労働省オープンデータ,https://www.mhlw.go.jp/content/12300000/jigyosho_430.csv,2025-12末,https://www.google.com/search?q=%E5%B1%85%E5%AE%85%E4%BB%8B%E8%AD%B7%E6%94%AF%E6%8F%B4%E3%82%BB%E3%83%B3%E3%82%BF%E3%83%BC%E3%81%BB%E3%82%80%E3%81%8E%20%E5%A4%A7%E6%B4%A5%E5%B8%82
ケアプラン真砂,ケアマネジャー・居宅介護支援,滋賀県,大津市,"介護,ケアマネジャー・居宅介護支援,相談",介護サービスの計画作成や事業所調整を行う相談先です。退院後の生活準備で重要です。,https://www.google.com/search?q=%E3%82%B1%E3%82%A2%E3%83%97%E3%83%A9%E3%83%B3%E7%9C%9F%E7%A0%82%20%E5%A4%A7%E6%B4%A5%E5%B8%82,滋賀県大津市仰木の里5-2-1,077-572-7105,厚生労働省オープンデータ,https://www.mhlw.go.jp/content/12300000/jigyosho_430.csv,2025-12末,https://www.google.com/search?q=%E3%82%B1%E3%82%A2%E3%83%97%E3%83%A9%E3%83%B3%E7%9C%9F%E7%A0%82%20%E5%A4%A7%E6%B4%A5%E5%B8%82
まごころ滋賀居宅介護支援事業所,ケアマネジャー・居宅介護支援,滋賀県,大津市,"介護,ケアマネジャー・居宅介護支援,相談",介護サービスの計画作成や事業所調整を行う相談先です。退院後の生活準備で重要です。,http://magokoro-ie.net,滋賀県大津市勧学2-4-1,077-527-3078,厚生労働省オープンデータ,https://www.mhlw.go.jp/content/12300000/jigyosho_430.csv,2025-12末,https://www.google.com/search?q=%E3%81%BE%E3%81%94%E3%81%93%E3%82%8D%E6%BB%8B%E8%B3%80%E5%B1%85%E5%AE%85%E4%BB%8B%E8%AD%B7%E6%94%AF%E6%8F%B4%E4%BA%8B%E6%A5%AD%E6%89%80%20%E5%A4%A7%E6%B4%A5%E5%B8%82
レーク・ホロニー居宅介護支援事業所,ケアマネジャー・居宅介護支援,滋賀県,大津市,"介護,ケアマネジャー・居宅介護支援,相談",介護サービスの計画作成や事業所調整を行う相談先です。退院後の生活準備で重要です。,lake-horony.jp/,滋賀県大津市大萱七丁目２２－５レインボーハイツ２０２号,077-545-3150,厚生労働省オープンデータ,https://www.mhlw.go.jp/content/12300000/jigyosho_430.csv,2025-12末,https://www.google.com/search?q=%E3%83%AC%E3%83%BC%E3%82%AF%E3%83%BB%E3%83%9B%E3%83%AD%E3%83%8B%E3%83%BC%E5%B1%85%E5%AE%85%E4%BB%8B%E8%AD%B7%E6%94%AF%E6%8F%B4%E4%BA%8B%E6%A5%AD%E6%89%80%20%E5%A4%A7%E6%B4%A5%E5%B8%82
彩葉ケアサポート,ケアマネジャー・居宅介護支援,滋賀県,大津市,"介護,ケアマネジャー・居宅介護支援,相談",介護サービスの計画作成や事業所調整を行う相談先です。退院後の生活準備で重要です。,https://www.google.com/search?q=%E5%BD%A9%E8%91%89%E3%82%B1%E3%82%A2%E3%82%B5%E3%83%9D%E3%83%BC%E3%83%88%20%E5%A4%A7%E6%B4%A5%E5%B8%82,滋賀県大津市清和町20番8号,050-3786-9027,厚生労働省オープンデータ,https://www.mhlw.go.jp/content/12300000/jigyosho_430.csv,2025-12末,https://www.google.com/search?q=%E5%BD%A9%E8%91%89%E3%82%B1%E3%82%A2%E3%82%B5%E3%83%9D%E3%83%BC%E3%83%88%20%E5%A4%A7%E6%B4%A5%E5%B8%82
田原居宅介護支援事業所,ケアマネジャー・居宅介護支援,滋賀県,大津市,"介護,ケアマネジャー・居宅介護支援,相談",介護サービスの計画作成や事業所調整を行う相談先です。退院後の生活準備で重要です。,https://www.google.com/search?q=%E7%94%B0%E5%8E%9F%E5%B1%85%E5%AE%85%E4%BB%8B%E8%AD%B7%E6%94%AF%E6%8F%B4%E4%BA%8B%E6%A5%AD%E6%89%80%20%E5%A4%A7%E6%B4%A5%E5%B8%82,月輪五丁目３１番２号,077-548-9797,厚生労働省オープンデータ,https://www.mhlw.go.jp/content/12300000/jigyosho_430.csv,2025-12末,https://www.google.com/search?q=%E7%94%B0%E5%8E%9F%E5%B1%85%E5%AE%85%E4%BB%8B%E8%AD%B7%E6%94%AF%E6%8F%B4%E4%BA%8B%E6%A5%AD%E6%89%80%20%E5%A4%A7%E6%B4%A5%E5%B8%82
居宅介護支援事業所石山寺,ケアマネジャー・居宅介護支援,滋賀県,大津市,"介護,ケアマネジャー・居宅介護支援,相談",介護サービスの計画作成や事業所調整を行う相談先です。退院後の生活準備で重要です。,cm-isiyamadera@rakuwa.or.jp,平津1丁目17-32,077-531-1314,厚生労働省オープンデータ,https://www.mhlw.go.jp/content/12300000/jigyosho_430.csv,2025-12末,https://www.google.com/search?q=%E5%B1%85%E5%AE%85%E4%BB%8B%E8%AD%B7%E6%94%AF%E6%8F%B4%E4%BA%8B%E6%A5%AD%E6%89%80%E7%9F%B3%E5%B1%B1%E5%AF%BA%20%E5%A4%A7%E6%B4%A5%E5%B8%82
居宅介護支援事業所ライフケアなごみ,ケアマネジャー・居宅介護支援,滋賀県,大津市,"介護,ケアマネジャー・居宅介護支援,相談",介護サービスの計画作成や事業所調整を行う相談先です。退院後の生活準備で重要です。,https://www.google.com/search?q=%E5%B1%85%E5%AE%85%E4%BB%8B%E8%AD%B7%E6%94%AF%E6%8F%B4%E4%BA%8B%E6%A5%AD%E6%89%80%E3%83%A9%E3%82%A4%E3%83%95%E3%82%B1%E3%82%A2%E3%81%AA%E3%81%94%E3%81%BF%20%E5%A4%A7%E6%B4%A5%E5%B8%82,滋賀県大津市中央二丁目3-26小堀マンションＤ-2,077-527-5225,厚生労働省オープンデータ,https://www.mhlw.go.jp/content/12300000/jigyosho_430.csv,2025-12末,https://www.google.com/search?q=%E5%B1%85%E5%AE%85%E4%BB%8B%E8%AD%B7%E6%94%AF%E6%8F%B4%E4%BA%8B%E6%A5%AD%E6%89%80%E3%83%A9%E3%82%A4%E3%83%95%E3%82%B1%E3%82%A2%E3%81%AA%E3%81%94%E3%81%BF%20%E5%A4%A7%E6%B4%A5%E5%B8%82
介護マネジメントＢｅ環,ケアマネジャー・居宅介護支援,滋賀県,大津市,"介護,ケアマネジャー・居宅介護支援,相談",介護サービスの計画作成や事業所調整を行う相談先です。退院後の生活準備で重要です。,https://biwasunsun.com/,滋賀県大津市朝日一丁目4-6,077-594-8771,厚生労働省オープンデータ,https://www.mhlw.go.jp/content/12300000/jigyosho_430.csv,2025-12末,https://www.google.com/search?q=%E4%BB%8B%E8%AD%B7%E3%83%9E%E3%83%8D%E3%82%B8%E3%83%A1%E3%83%B3%E3%83%88%EF%BC%A2%EF%BD%85%E7%92%B0%20%E5%A4%A7%E6%B4%A5%E5%B8%82
医療法人誠心会　居宅介護支援事業所　石山,ケアマネジャー・居宅介護支援,滋賀県,大津市,"介護,ケアマネジャー・居宅介護支援,相談",介護サービスの計画作成や事業所調整を行う相談先です。退院後の生活準備で重要です。,https://www.google.com/search?q=%E5%8C%BB%E7%99%82%E6%B3%95%E4%BA%BA%E8%AA%A0%E5%BF%83%E4%BC%9A%E3%80%80%E5%B1%85%E5%AE%85%E4%BB%8B%E8%AD%B7%E6%94%AF%E6%8F%B4%E4%BA%8B%E6%A5%AD%E6%89%80%E3%80%80%E7%9F%B3%E5%B1%B1%20%E5%A4%A7%E6%B4%A5%E5%B8%82,別保1丁目15-４増田ビル1F,077-534-5500,厚生労働省オープンデータ,https://www.mhlw.go.jp/content/12300000/jigyosho_430.csv,2025-12末,https://www.google.com/search?q=%E5%8C%BB%E7%99%82%E6%B3%95%E4%BA%BA%E8%AA%A0%E5%BF%83%E4%BC%9A%E3%80%80%E5%B1%85%E5%AE%85%E4%BB%8B%E8%AD%B7%E6%94%AF%E6%8F%B4%E4%BA%8B%E6%A5%AD%E6%89%80%E3%80%80%E7%9F%B3%E5%B1%B1%20%E5%A4%A7%E6%B4%A5%E5%B8%82
医療法人社団　加音　湖乃美介護相談室,ケアマネジャー・居宅介護支援,滋賀県,大津市,"介護,ケアマネジャー・居宅介護支援,相談",介護サービスの計画作成や事業所調整を行う相談先です。退院後の生活準備で重要です。,https://www.setanishi.jp/,滋賀県大津市三大寺6-9,077-575-7575,厚生労働省オープンデータ,https://www.mhlw.go.jp/content/12300000/jigyosho_430.csv,2025-12末,https://www.google.com/search?q=%E5%8C%BB%E7%99%82%E6%B3%95%E4%BA%BA%E7%A4%BE%E5%9B%A3%E3%80%80%E5%8A%A0%E9%9F%B3%E3%80%80%E6%B9%96%E4%B9%83%E7%BE%8E%E4%BB%8B%E8%AD%B7%E7%9B%B8%E8%AB%87%E5%AE%A4%20%E5%A4%A7%E6%B4%A5%E5%B8%82
ツクイ大津神領,ケアマネジャー・居宅介護支援,滋賀県,大津市,"介護,ケアマネジャー・居宅介護支援,相談",介護サービスの計画作成や事業所調整を行う相談先です。退院後の生活準備で重要です。,www.tsukui.net,神領2丁目３２－２１,077-500-6482,厚生労働省オープンデータ,https://www.mhlw.go.jp/content/12300000/jigyosho_430.csv,2025-12末,https://www.google.com/search?q=%E3%83%84%E3%82%AF%E3%82%A4%E5%A4%A7%E6%B4%A5%E7%A5%9E%E9%A0%98%20%E5%A4%A7%E6%B4%A5%E5%B8%82
居宅介護支援事業所　もなみ,ケアマネジャー・居宅介護支援,滋賀県,大津市,"介護,ケアマネジャー・居宅介護支援,相談",介護サービスの計画作成や事業所調整を行う相談先です。退院後の生活準備で重要です。,https://www.eonet.ne.jp/~monami/,大津市衣川1丁目24-51,077-571-1377,厚生労働省オープンデータ,https://www.mhlw.go.jp/content/12300000/jigyosho_430.csv,2025-12末,https://www.google.com/search?q=%E5%B1%85%E5%AE%85%E4%BB%8B%E8%AD%B7%E6%94%AF%E6%8F%B4%E4%BA%8B%E6%A5%AD%E6%89%80%E3%80%80%E3%82%82%E3%81%AA%E3%81%BF%20%E5%A4%A7%E6%B4%A5%E5%B8%82
ケアプランセンター白ゆり,ケアマネジャー・居宅介護支援,滋賀県,大津市,"介護,ケアマネジャー・居宅介護支援,相談",介護サービスの計画作成や事業所調整を行う相談先です。退院後の生活準備で重要です。,https://www.google.com/search?q=%E3%82%B1%E3%82%A2%E3%83%97%E3%83%A9%E3%83%B3%E3%82%BB%E3%83%B3%E3%82%BF%E3%83%BC%E7%99%BD%E3%82%86%E3%82%8A%20%E5%A4%A7%E6%B4%A5%E5%B8%82,滋賀県大津市南郷4丁目11番14号,077-537-2618,厚生労働省オープンデータ,https://www.mhlw.go.jp/content/12300000/jigyosho_430.csv,2025-12末,https://www.google.com/search?q=%E3%82%B1%E3%82%A2%E3%83%97%E3%83%A9%E3%83%B3%E3%82%BB%E3%83%B3%E3%82%BF%E3%83%BC%E7%99%BD%E3%82%86%E3%82%8A%20%E5%A4%A7%E6%B4%A5%E5%B8%82
ケアプランセンター円,ケアマネジャー・居宅介護支援,滋賀県,大津市,"介護,ケアマネジャー・居宅介護支援,相談",介護サービスの計画作成や事業所調整を行う相談先です。退院後の生活準備で重要です。,https://www.google.com/search?q=%E3%82%B1%E3%82%A2%E3%83%97%E3%83%A9%E3%83%B3%E3%82%BB%E3%83%B3%E3%82%BF%E3%83%BC%E5%86%86%20%E5%A4%A7%E6%B4%A5%E5%B8%82,滋賀県大津市富士見台１５番地３６号,077-534-8522,厚生労働省オープンデータ,https://www.mhlw.go.jp/content/12300000/jigyosho_430.csv,2025-12末,https://www.google.com/search?q=%E3%82%B1%E3%82%A2%E3%83%97%E3%83%A9%E3%83%B3%E3%82%BB%E3%83%B3%E3%82%BF%E3%83%BC%E5%86%86%20%E5%A4%A7%E6%B4%A5%E5%B8%82
有限会社ケアサポートリブ,ケアマネジャー・居宅介護支援,滋賀県,大津市,"介護,ケアマネジャー・居宅介護支援,相談",介護サービスの計画作成や事業所調整を行う相談先です。退院後の生活準備で重要です。,http://carelive.jp,滋賀県大津市仰木の里東１丁目１５－２０,077-532-4994,厚生労働省オープンデータ,https://www.mhlw.go.jp/content/12300000/jigyosho_430.csv,2025-12末,https://www.google.com/search?q=%E6%9C%89%E9%99%90%E4%BC%9A%E7%A4%BE%E3%82%B1%E3%82%A2%E3%82%B5%E3%83%9D%E3%83%BC%E3%83%88%E3%83%AA%E3%83%96%20%E5%A4%A7%E6%B4%A5%E5%B8%82
居宅介護支援事業所　もも,ケアマネジャー・居宅介護支援,滋賀県,大津市,"介護,ケアマネジャー・居宅介護支援,相談",介護サービスの計画作成や事業所調整を行う相談先です。退院後の生活準備で重要です。,https://als-shiga.net/202020,滋賀県大津市浜大津三丁目2番31号,077-535-0055,厚生労働省オープンデータ,https://www.mhlw.go.jp/content/12300000/jigyosho_430.csv,2025-12末,https://www.google.com/search?q=%E5%B1%85%E5%AE%85%E4%BB%8B%E8%AD%B7%E6%94%AF%E6%8F%B4%E4%BA%8B%E6%A5%AD%E6%89%80%E3%80%80%E3%82%82%E3%82%82%20%E5%A4%A7%E6%B4%A5%E5%B8%82
ケアプランセンター南郷,ケアマネジャー・居宅介護支援,滋賀県,大津市,"介護,ケアマネジャー・居宅介護支援,相談",介護サービスの計画作成や事業所調整を行う相談先です。退院後の生活準備で重要です。,https://www.google.com/search?q=%E3%82%B1%E3%82%A2%E3%83%97%E3%83%A9%E3%83%B3%E3%82%BB%E3%83%B3%E3%82%BF%E3%83%BC%E5%8D%97%E9%83%B7%20%E5%A4%A7%E6%B4%A5%E5%B8%82,大津市南郷一丁目７番２１号,077-534-5509,厚生労働省オープンデータ,https://www.mhlw.go.jp/content/12300000/jigyosho_430.csv,2025-12末,https://www.google.com/search?q=%E3%82%B1%E3%82%A2%E3%83%97%E3%83%A9%E3%83%B3%E3%82%BB%E3%83%B3%E3%82%BF%E3%83%BC%E5%8D%97%E9%83%B7%20%E5%A4%A7%E6%B4%A5%E5%B8%82
マザーレイク田上居宅介護支援事業所,ケアマネジャー・居宅介護支援,滋賀県,大津市,"介護,ケアマネジャー・居宅介護支援,相談",介護サービスの計画作成や事業所調整を行う相談先です。退院後の生活準備で重要です。,http://www.grouphome.jp,黒津１－６－１８,077-536-3901,厚生労働省オープンデータ,https://www.mhlw.go.jp/content/12300000/jigyosho_430.csv,2025-12末,https://www.google.com/search?q=%E3%83%9E%E3%82%B6%E3%83%BC%E3%83%AC%E3%82%A4%E3%82%AF%E7%94%B0%E4%B8%8A%E5%B1%85%E5%AE%85%E4%BB%8B%E8%AD%B7%E6%94%AF%E6%8F%B4%E4%BA%8B%E6%A5%AD%E6%89%80%20%E5%A4%A7%E6%B4%A5%E5%B8%82
ふれあいサポート小野ケアステーション,ケアマネジャー・居宅介護支援,滋賀県,大津市,"介護,ケアマネジャー・居宅介護支援,相談",介護サービスの計画作成や事業所調整を行う相談先です。退院後の生活準備で重要です。,http://www.furesuppo.com/,滋賀県大津市湖青1丁目1-20ローズプラザ小野内,077-592-3518,厚生労働省オープンデータ,https://www.mhlw.go.jp/content/12300000/jigyosho_430.csv,2025-12末,https://www.google.com/search?q=%E3%81%B5%E3%82%8C%E3%81%82%E3%81%84%E3%82%B5%E3%83%9D%E3%83%BC%E3%83%88%E5%B0%8F%E9%87%8E%E3%82%B1%E3%82%A2%E3%82%B9%E3%83%86%E3%83%BC%E3%82%B7%E3%83%A7%E3%83%B3%20%E5%A4%A7%E6%B4%A5%E5%B8%82
さくら会居宅介護支援事業所,ケアマネジャー・居宅介護支援,滋賀県,大津市,"介護,ケアマネジャー・居宅介護支援,相談",介護サービスの計画作成や事業所調整を行う相談先です。退院後の生活準備で重要です。,http://sakurakai-forestmano.jimdofree.com,滋賀県大津市真野6－6－21,077-574-5571,厚生労働省オープンデータ,https://www.mhlw.go.jp/content/12300000/jigyosho_430.csv,2025-12末,https://www.google.com/search?q=%E3%81%95%E3%81%8F%E3%82%89%E4%BC%9A%E5%B1%85%E5%AE%85%E4%BB%8B%E8%AD%B7%E6%94%AF%E6%8F%B4%E4%BA%8B%E6%A5%AD%E6%89%80%20%E5%A4%A7%E6%B4%A5%E5%B8%82
居宅介護支援事業所こてつ,ケアマネジャー・居宅介護支援,滋賀県,大津市,"介護,ケアマネジャー・居宅介護支援,相談",介護サービスの計画作成や事業所調整を行う相談先です。退院後の生活準備で重要です。,https://www.google.com/search?q=%E5%B1%85%E5%AE%85%E4%BB%8B%E8%AD%B7%E6%94%AF%E6%8F%B4%E4%BA%8B%E6%A5%AD%E6%89%80%E3%81%93%E3%81%A6%E3%81%A4%20%E5%A4%A7%E6%B4%A5%E5%B8%82,滋賀県大津市大萱7丁目21-5ハイツアムール101,077-572-9750,厚生労働省オープンデータ,https://www.mhlw.go.jp/content/12300000/jigyosho_430.csv,2025-12末,https://www.google.com/search?q=%E5%B1%85%E5%AE%85%E4%BB%8B%E8%AD%B7%E6%94%AF%E6%8F%B4%E4%BA%8B%E6%A5%AD%E6%89%80%E3%81%93%E3%81%A6%E3%81%A4%20%E5%A4%A7%E6%B4%A5%E5%B8%82
ケアプランセンターえんじゅ大津,ケアマネジャー・居宅介護支援,滋賀県,大津市,"介護,ケアマネジャー・居宅介護支援,相談",介護サービスの計画作成や事業所調整を行う相談先です。退院後の生活準備で重要です。,url:https://www.t-s-i.jp,滋賀県大津市苗鹿2丁目37-32,077-579-7337,厚生労働省オープンデータ,https://www.mhlw.go.jp/content/12300000/jigyosho_430.csv,2025-12末,https://www.google.com/search?q=%E3%82%B1%E3%82%A2%E3%83%97%E3%83%A9%E3%83%B3%E3%82%BB%E3%83%B3%E3%82%BF%E3%83%BC%E3%81%88%E3%82%93%E3%81%98%E3%82%85%E5%A4%A7%E6%B4%A5%20%E5%A4%A7%E6%B4%A5%E5%B8%82
居宅介護支援事業所みどり,ケアマネジャー・居宅介護支援,滋賀県,大津市,"介護,ケアマネジャー・居宅介護支援,相談",介護サービスの計画作成や事業所調整を行う相談先です。退院後の生活準備で重要です。,http://www.reach-green.com/,御殿浜2-30,077-572-5943,厚生労働省オープンデータ,https://www.mhlw.go.jp/content/12300000/jigyosho_430.csv,2025-12末,https://www.google.com/search?q=%E5%B1%85%E5%AE%85%E4%BB%8B%E8%AD%B7%E6%94%AF%E6%8F%B4%E4%BA%8B%E6%A5%AD%E6%89%80%E3%81%BF%E3%81%A9%E3%82%8A%20%E5%A4%A7%E6%B4%A5%E5%B8%82
あいむケアプランセンタ―大津,ケアマネジャー・居宅介護支援,滋賀県,大津市,"介護,ケアマネジャー・居宅介護支援,相談",介護サービスの計画作成や事業所調整を行う相談先です。退院後の生活準備で重要です。,http://k-aimu.co.jp/,大津市瀬田1丁目4-10,077-548-7855,厚生労働省オープンデータ,https://www.mhlw.go.jp/content/12300000/jigyosho_430.csv,2025-12末,https://www.google.com/search?q=%E3%81%82%E3%81%84%E3%82%80%E3%82%B1%E3%82%A2%E3%83%97%E3%83%A9%E3%83%B3%E3%82%BB%E3%83%B3%E3%82%BF%E2%80%95%E5%A4%A7%E6%B4%A5%20%E5%A4%A7%E6%B4%A5%E5%B8%82
居宅介護支援センター志賀,ケアマネジャー・居宅介護支援,滋賀県,大津市,"介護,ケアマネジャー・居宅介護支援,相談",介護サービスの計画作成や事業所調整を行う相談先です。退院後の生活準備で重要です。,http://www.koseikai.care/,大津市和邇高城260番地の1,077-594-0322,厚生労働省オープンデータ,https://www.mhlw.go.jp/content/12300000/jigyosho_430.csv,2025-12末,https://www.google.com/search?q=%E5%B1%85%E5%AE%85%E4%BB%8B%E8%AD%B7%E6%94%AF%E6%8F%B4%E3%82%BB%E3%83%B3%E3%82%BF%E3%83%BC%E5%BF%97%E8%B3%80%20%E5%A4%A7%E6%B4%A5%E5%B8%82
有限会社ケイアイティ介護支援サービスセンター,ケアマネジャー・居宅介護支援,滋賀県,大津市,"介護,ケアマネジャー・居宅介護支援,相談",介護サービスの計画作成や事業所調整を行う相談先です。退院後の生活準備で重要です。,https://www.google.com/search?q=%E6%9C%89%E9%99%90%E4%BC%9A%E7%A4%BE%E3%82%B1%E3%82%A4%E3%82%A2%E3%82%A4%E3%83%86%E3%82%A3%E4%BB%8B%E8%AD%B7%E6%94%AF%E6%8F%B4%E3%82%B5%E3%83%BC%E3%83%93%E3%82%B9%E3%82%BB%E3%83%B3%E3%82%BF%E3%83%BC%20%E5%A4%A7%E6%B4%A5%E5%B8%82,滋賀県大津市唐橋町7番44号,077-533-4070,厚生労働省オープンデータ,https://www.mhlw.go.jp/content/12300000/jigyosho_430.csv,2025-12末,https://www.google.com/search?q=%E6%9C%89%E9%99%90%E4%BC%9A%E7%A4%BE%E3%82%B1%E3%82%A4%E3%82%A2%E3%82%A4%E3%83%86%E3%82%A3%E4%BB%8B%E8%AD%B7%E6%94%AF%E6%8F%B4%E3%82%B5%E3%83%BC%E3%83%93%E3%82%B9%E3%82%BB%E3%83%B3%E3%82%BF%E3%83%BC%20%E5%A4%A7%E6%B4%A5%E5%B8%82
真野居宅介護支援事業所,ケアマネジャー・居宅介護支援,滋賀県,大津市,"介護,ケアマネジャー・居宅介護支援,相談",介護サービスの計画作成や事業所調整を行う相談先です。退院後の生活準備で重要です。,http://www.fukusi-otsu.or.jp/,滋賀県大津市真野普門三丁目1120番地,077-573-9905,厚生労働省オープンデータ,https://www.mhlw.go.jp/content/12300000/jigyosho_430.csv,2025-12末,https://www.google.com/search?q=%E7%9C%9F%E9%87%8E%E5%B1%85%E5%AE%85%E4%BB%8B%E8%AD%B7%E6%94%AF%E6%8F%B4%E4%BA%8B%E6%A5%AD%E6%89%80%20%E5%A4%A7%E6%B4%A5%E5%B8%82
おたすけくんケアプランセンター,ケアマネジャー・居宅介護支援,滋賀県,大津市,"介護,ケアマネジャー・居宅介護支援,相談",介護サービスの計画作成や事業所調整を行う相談先です。退院後の生活準備で重要です。,https://www.google.com/search?q=%E3%81%8A%E3%81%9F%E3%81%99%E3%81%91%E3%81%8F%E3%82%93%E3%82%B1%E3%82%A2%E3%83%97%E3%83%A9%E3%83%B3%E3%82%BB%E3%83%B3%E3%82%BF%E3%83%BC%20%E5%A4%A7%E6%B4%A5%E5%B8%82,大津市神領2丁目17－26,077-545-4087,厚生労働省オープンデータ,https://www.mhlw.go.jp/content/12300000/jigyosho_430.csv,2025-12末,https://www.google.com/search?q=%E3%81%8A%E3%81%9F%E3%81%99%E3%81%91%E3%81%8F%E3%82%93%E3%82%B1%E3%82%A2%E3%83%97%E3%83%A9%E3%83%B3%E3%82%BB%E3%83%B3%E3%82%BF%E3%83%BC%20%E5%A4%A7%E6%B4%A5%E5%B8%82
たかまケアマネジメント,ケアマネジャー・居宅介護支援,滋賀県,大津市,"介護,ケアマネジャー・居宅介護支援,相談",介護サービスの計画作成や事業所調整を行う相談先です。退院後の生活準備で重要です。,https://www.takama.org/,滋賀県大津市本堅田五丁目16-7-405,050-5526-6948,厚生労働省オープンデータ,https://www.mhlw.go.jp/content/12300000/jigyosho_430.csv,2025-12末,https://www.google.com/search?q=%E3%81%9F%E3%81%8B%E3%81%BE%E3%82%B1%E3%82%A2%E3%83%9E%E3%83%8D%E3%82%B8%E3%83%A1%E3%83%B3%E3%83%88%20%E5%A4%A7%E6%B4%A5%E5%B8%82
けあまね事業所衣川,ケアマネジャー・居宅介護支援,滋賀県,大津市,"介護,ケアマネジャー・居宅介護支援,相談",介護サービスの計画作成や事業所調整を行う相談先です。退院後の生活準備で重要です。,https://www.keamanekinugawa.com/,滋賀県大津市衣川2-23-5,077-532-9295,厚生労働省オープンデータ,https://www.mhlw.go.jp/content/12300000/jigyosho_430.csv,2025-12末,https://www.google.com/search?q=%E3%81%91%E3%81%82%E3%81%BE%E3%81%AD%E4%BA%8B%E6%A5%AD%E6%89%80%E8%A1%A3%E5%B7%9D%20%E5%A4%A7%E6%B4%A5%E5%B8%82
独立行政法人地域医療機能推進機構　滋賀病院附属居宅介護支援センター,ケアマネジャー・居宅介護支援,滋賀県,大津市,"介護,ケアマネジャー・居宅介護支援,相談",介護サービスの計画作成や事業所調整を行う相談先です。退院後の生活準備で重要です。,http://shiga.jcho.go.jp/rouken/,富士見台１６－１,077-531-4617,厚生労働省オープンデータ,https://www.mhlw.go.jp/content/12300000/jigyosho_430.csv,2025-12末,https://www.google.com/search?q=%E7%8B%AC%E7%AB%8B%E8%A1%8C%E6%94%BF%E6%B3%95%E4%BA%BA%E5%9C%B0%E5%9F%9F%E5%8C%BB%E7%99%82%E6%A9%9F%E8%83%BD%E6%8E%A8%E9%80%B2%E6%A9%9F%E6%A7%8B%E3%80%80%E6%BB%8B%E8%B3%80%E7%97%85%E9%99%A2%E9%99%84%E5%B1%9E%E5%B1%85%E5%AE%85%E4%BB%8B%E8%AD%B7%E6%94%AF%E6%8F%B4%E3%82%BB%E3%83%B3%E3%82%BF%E3%83%BC%20%E5%A4%A7%E6%B4%A5%E5%B8%82
あかねはうす居宅介護支援事業所,ケアマネジャー・居宅介護支援,滋賀県,大津市,"介護,ケアマネジャー・居宅介護支援,相談",介護サービスの計画作成や事業所調整を行う相談先です。退院後の生活準備で重要です。,http://www.akanehouse.com,大津市唐崎1-30-10,077-526-5501,厚生労働省オープンデータ,https://www.mhlw.go.jp/content/12300000/jigyosho_430.csv,2025-12末,https://www.google.com/search?q=%E3%81%82%E3%81%8B%E3%81%AD%E3%81%AF%E3%81%86%E3%81%99%E5%B1%85%E5%AE%85%E4%BB%8B%E8%AD%B7%E6%94%AF%E6%8F%B4%E4%BA%8B%E6%A5%AD%E6%89%80%20%E5%A4%A7%E6%B4%A5%E5%B8%82
ケアプランセンターすばる,ケアマネジャー・居宅介護支援,滋賀県,大津市,"介護,ケアマネジャー・居宅介護支援,相談",介護サービスの計画作成や事業所調整を行う相談先です。退院後の生活準備で重要です。,https://www.google.com/search?q=%E3%82%B1%E3%82%A2%E3%83%97%E3%83%A9%E3%83%B3%E3%82%BB%E3%83%B3%E3%82%BF%E3%83%BC%E3%81%99%E3%81%B0%E3%82%8B%20%E5%A4%A7%E6%B4%A5%E5%B8%82,滋賀県大津市秋葉台３番６号,077-548-6323,厚生労働省オープンデータ,https://www.mhlw.go.jp/content/12300000/jigyosho_430.csv,2025-12末,https://www.google.com/search?q=%E3%82%B1%E3%82%A2%E3%83%97%E3%83%A9%E3%83%B3%E3%82%BB%E3%83%B3%E3%82%BF%E3%83%BC%E3%81%99%E3%81%B0%E3%82%8B%20%E5%A4%A7%E6%B4%A5%E5%B8%82
居宅介護支援事業所みちくさ,ケアマネジャー・居宅介護支援,滋賀県,大津市,"介護,ケアマネジャー・居宅介護支援,相談",介護サービスの計画作成や事業所調整を行う相談先です。退院後の生活準備で重要です。,https://www.google.com/search?q=%E5%B1%85%E5%AE%85%E4%BB%8B%E8%AD%B7%E6%94%AF%E6%8F%B4%E4%BA%8B%E6%A5%AD%E6%89%80%E3%81%BF%E3%81%A1%E3%81%8F%E3%81%95%20%E5%A4%A7%E6%B4%A5%E5%B8%82,滋賀県大津市月輪２丁目３－２１,077-544-3193,厚生労働省オープンデータ,https://www.mhlw.go.jp/content/12300000/jigyosho_430.csv,2025-12末,https://www.google.com/search?q=%E5%B1%85%E5%AE%85%E4%BB%8B%E8%AD%B7%E6%94%AF%E6%8F%B4%E4%BA%8B%E6%A5%AD%E6%89%80%E3%81%BF%E3%81%A1%E3%81%8F%E3%81%95%20%E5%A4%A7%E6%B4%A5%E5%B8%82
合同会社　わかば　居宅介護支援事業所,ケアマネジャー・居宅介護支援,滋賀県,大津市,"介護,ケアマネジャー・居宅介護支援,相談",介護サービスの計画作成や事業所調整を行う相談先です。退院後の生活準備で重要です。,https://www.google.com/search?q=%E5%90%88%E5%90%8C%E4%BC%9A%E7%A4%BE%E3%80%80%E3%82%8F%E3%81%8B%E3%81%B0%E3%80%80%E5%B1%85%E5%AE%85%E4%BB%8B%E8%AD%B7%E6%94%AF%E6%8F%B4%E4%BA%8B%E6%A5%AD%E6%89%80%20%E5%A4%A7%E6%B4%A5%E5%B8%82,大津市浜大津4丁目8-3ネバーランド大津914,077-536-6030,厚生労働省オープンデータ,https://www.mhlw.go.jp/content/12300000/jigyosho_430.csv,2025-12末,https://www.google.com/search?q=%E5%90%88%E5%90%8C%E4%BC%9A%E7%A4%BE%E3%80%80%E3%82%8F%E3%81%8B%E3%81%B0%E3%80%80%E5%B1%85%E5%AE%85%E4%BB%8B%E8%AD%B7%E6%94%AF%E6%8F%B4%E4%BA%8B%E6%A5%AD%E6%89%80%20%E5%A4%A7%E6%B4%A5%E5%B8%82
ケアプランステーションここあ石山,ケアマネジャー・居宅介護支援,滋賀県,大津市,"介護,ケアマネジャー・居宅介護支援,相談",介護サービスの計画作成や事業所調整を行う相談先です。退院後の生活準備で重要です。,http://kokoa.jp/,滋賀県大津市栄町2番5号,077-533-0600,厚生労働省オープンデータ,https://www.mhlw.go.jp/content/12300000/jigyosho_430.csv,2025-12末,https://www.google.com/search?q=%E3%82%B1%E3%82%A2%E3%83%97%E3%83%A9%E3%83%B3%E3%82%B9%E3%83%86%E3%83%BC%E3%82%B7%E3%83%A7%E3%83%B3%E3%81%93%E3%81%93%E3%81%82%E7%9F%B3%E5%B1%B1%20%E5%A4%A7%E6%B4%A5%E5%B8%82
桐生居宅介護支援事業所,ケアマネジャー・居宅介護支援,滋賀県,大津市,"介護,ケアマネジャー・居宅介護支援,相談",介護サービスの計画作成や事業所調整を行う相談先です。退院後の生活準備で重要です。,https://www.kiryukai.net/,滋賀県大津市玉野浦15番1号,077-548-1022,厚生労働省オープンデータ,https://www.mhlw.go.jp/content/12300000/jigyosho_430.csv,2025-12末,https://www.google.com/search?q=%E6%A1%90%E7%94%9F%E5%B1%85%E5%AE%85%E4%BB%8B%E8%AD%B7%E6%94%AF%E6%8F%B4%E4%BA%8B%E6%A5%AD%E6%89%80%20%E5%A4%A7%E6%B4%A5%E5%B8%82
居宅介護支援事業所　そら音（ね）,ケアマネジャー・居宅介護支援,滋賀県,大津市,"介護,ケアマネジャー・居宅介護支援,相談",介護サービスの計画作成や事業所調整を行う相談先です。退院後の生活準備で重要です。,http://bridge-nurse.com/,滋賀県大津市追分町16-21,077-572-8091,厚生労働省オープンデータ,https://www.mhlw.go.jp/content/12300000/jigyosho_430.csv,2025-12末,https://www.google.com/search?q=%E5%B1%85%E5%AE%85%E4%BB%8B%E8%AD%B7%E6%94%AF%E6%8F%B4%E4%BA%8B%E6%A5%AD%E6%89%80%E3%80%80%E3%81%9D%E3%82%89%E9%9F%B3%EF%BC%88%E3%81%AD%EF%BC%89%20%E5%A4%A7%E6%B4%A5%E5%B8%82
かたた駅前ケアプランセンター,ケアマネジャー・居宅介護支援,滋賀県,大津市,"介護,ケアマネジャー・居宅介護支援,相談",介護サービスの計画作成や事業所調整を行う相談先です。退院後の生活準備で重要です。,https://www.sangajapan.jp/,滋賀県大津市本堅田6丁目31番29号,077-571-6552,厚生労働省オープンデータ,https://www.mhlw.go.jp/content/12300000/jigyosho_430.csv,2025-12末,https://www.google.com/search?q=%E3%81%8B%E3%81%9F%E3%81%9F%E9%A7%85%E5%89%8D%E3%82%B1%E3%82%A2%E3%83%97%E3%83%A9%E3%83%B3%E3%82%BB%E3%83%B3%E3%82%BF%E3%83%BC%20%E5%A4%A7%E6%B4%A5%E5%B8%82
やわらケアプレイス,ケアマネジャー・居宅介護支援,滋賀県,大津市,"介護,ケアマネジャー・居宅介護支援,相談",介護サービスの計画作成や事業所調整を行う相談先です。退院後の生活準備で重要です。,https://www.google.com/search?q=%E3%82%84%E3%82%8F%E3%82%89%E3%82%B1%E3%82%A2%E3%83%97%E3%83%AC%E3%82%A4%E3%82%B9%20%E5%A4%A7%E6%B4%A5%E5%B8%82,滋賀県大津市大江三丁目23-18101,077-572-6816,厚生労働省オープンデータ,https://www.mhlw.go.jp/content/12300000/jigyosho_430.csv,2025-12末,https://www.google.com/search?q=%E3%82%84%E3%82%8F%E3%82%89%E3%82%B1%E3%82%A2%E3%83%97%E3%83%AC%E3%82%A4%E3%82%B9%20%E5%A4%A7%E6%B4%A5%E5%B8%82
ケアプランささなみ,ケアマネジャー・居宅介護支援,滋賀県,大津市,"介護,ケアマネジャー・居宅介護支援,相談",介護サービスの計画作成や事業所調整を行う相談先です。退院後の生活準備で重要です。,https://www.google.com/search?q=%E3%82%B1%E3%82%A2%E3%83%97%E3%83%A9%E3%83%B3%E3%81%95%E3%81%95%E3%81%AA%E3%81%BF%20%E5%A4%A7%E6%B4%A5%E5%B8%82,滋賀県大津市今堅田二丁目２２番６号,077-572-6211,厚生労働省オープンデータ,https://www.mhlw.go.jp/content/12300000/jigyosho_430.csv,2025-12末,https://www.google.com/search?q=%E3%82%B1%E3%82%A2%E3%83%97%E3%83%A9%E3%83%B3%E3%81%95%E3%81%95%E3%81%AA%E3%81%BF%20%E5%A4%A7%E6%B4%A5%E5%B8%82
コスモス居宅介護支援事業所,ケアマネジャー・居宅介護支援,滋賀県,大津市,"介護,ケアマネジャー・居宅介護支援,相談",介護サービスの計画作成や事業所調整を行う相談先です。退院後の生活準備で重要です。,http://shigamin.jp/network/network01/network0103/,大津市坂本6-6-31,077-579-0442,厚生労働省オープンデータ,https://www.mhlw.go.jp/content/12300000/jigyosho_430.csv,2025-12末,https://www.google.com/search?q=%E3%82%B3%E3%82%B9%E3%83%A2%E3%82%B9%E5%B1%85%E5%AE%85%E4%BB%8B%E8%AD%B7%E6%94%AF%E6%8F%B4%E4%BA%8B%E6%A5%AD%E6%89%80%20%E5%A4%A7%E6%B4%A5%E5%B8%82
居宅介護支援事業所大津,ケアマネジャー・居宅介護支援,滋賀県,大津市,"介護,ケアマネジャー・居宅介護支援,相談",介護サービスの計画作成や事業所調整を行う相談先です。退院後の生活準備で重要です。,https://www.rakuwa.or.jp,滋賀県大津市大門通11番11号,077-522-6917,厚生労働省オープンデータ,https://www.mhlw.go.jp/content/12300000/jigyosho_430.csv,2025-12末,https://www.google.com/search?q=%E5%B1%85%E5%AE%85%E4%BB%8B%E8%AD%B7%E6%94%AF%E6%8F%B4%E4%BA%8B%E6%A5%AD%E6%89%80%E5%A4%A7%E6%B4%A5%20%E5%A4%A7%E6%B4%A5%E5%B8%82
ケアタウンからさき　居宅介護支援センター,ケアマネジャー・居宅介護支援,滋賀県,大津市,"介護,ケアマネジャー・居宅介護支援,相談",介護サービスの計画作成や事業所調整を行う相談先です。退院後の生活準備で重要です。,http://www.kosei-f.jp/,滋賀県大津市見世一丁目17番1号,077-511-6226,厚生労働省オープンデータ,https://www.mhlw.go.jp/content/12300000/jigyosho_430.csv,2025-12末,https://www.google.com/search?q=%E3%82%B1%E3%82%A2%E3%82%BF%E3%82%A6%E3%83%B3%E3%81%8B%E3%82%89%E3%81%95%E3%81%8D%E3%80%80%E5%B1%85%E5%AE%85%E4%BB%8B%E8%AD%B7%E6%94%AF%E6%8F%B4%E3%82%BB%E3%83%B3%E3%82%BF%E3%83%BC%20%E5%A4%A7%E6%B4%A5%E5%B8%82
医療法人弘英会琵琶湖大橋病院居宅介護支援事業所,ケアマネジャー・居宅介護支援,滋賀県,大津市,"介護,ケアマネジャー・居宅介護支援,相談",介護サービスの計画作成や事業所調整を行う相談先です。退院後の生活準備で重要です。,http://www.with-heart＠boh-care.jp,滋賀県大津市本堅田5丁目20番10号アルプラザ堅田2階,077-573-2525,厚生労働省オープンデータ,https://www.mhlw.go.jp/content/12300000/jigyosho_430.csv,2025-12末,https://www.google.com/search?q=%E5%8C%BB%E7%99%82%E6%B3%95%E4%BA%BA%E5%BC%98%E8%8B%B1%E4%BC%9A%E7%90%B5%E7%90%B6%E6%B9%96%E5%A4%A7%E6%A9%8B%E7%97%85%E9%99%A2%E5%B1%85%E5%AE%85%E4%BB%8B%E8%AD%B7%E6%94%AF%E6%8F%B4%E4%BA%8B%E6%A5%AD%E6%89%80%20%E5%A4%A7%E6%B4%A5%E5%B8%82
医療法人啓信会萌木の村　居宅介護支援事業所リエゾン大津,ケアマネジャー・居宅介護支援,滋賀県,大津市,"介護,ケアマネジャー・居宅介護支援,相談",介護サービスの計画作成や事業所調整を行う相談先です。退院後の生活準備で重要です。,http://www.kyoto-keishinkai.or.jp,滋賀県大津市尾花川11-31ロータリーマンション西大津III番館1Ｆ,077-511-3083,厚生労働省オープンデータ,https://www.mhlw.go.jp/content/12300000/jigyosho_430.csv,2025-12末,https://www.google.com/search?q=%E5%8C%BB%E7%99%82%E6%B3%95%E4%BA%BA%E5%95%93%E4%BF%A1%E4%BC%9A%E8%90%8C%E6%9C%A8%E3%81%AE%E6%9D%91%E3%80%80%E5%B1%85%E5%AE%85%E4%BB%8B%E8%AD%B7%E6%94%AF%E6%8F%B4%E4%BA%8B%E6%A5%AD%E6%89%80%E3%83%AA%E3%82%A8%E3%82%BE%E3%83%B3%E5%A4%A7%E6%B4%A5%20%E5%A4%A7%E6%B4%A5%E5%B8%82
輝生会居宅介護支援事業所,ケアマネジャー・居宅介護支援,滋賀県,大津市,"介護,ケアマネジャー・居宅介護支援,相談",介護サービスの計画作成や事業所調整を行う相談先です。退院後の生活準備で重要です。,http://lumies.jp,滋賀県大津市大萱１丁目５－２８クラベスビル１階,077-547-3385,厚生労働省オープンデータ,https://www.mhlw.go.jp/content/12300000/jigyosho_430.csv,2025-12末,https://www.google.com/search?q=%E8%BC%9D%E7%94%9F%E4%BC%9A%E5%B1%85%E5%AE%85%E4%BB%8B%E8%AD%B7%E6%94%AF%E6%8F%B4%E4%BA%8B%E6%A5%AD%E6%89%80%20%E5%A4%A7%E6%B4%A5%E5%B8%82
近江舞子しょうぶ苑居宅介護支援センター,ケアマネジャー・居宅介護支援,滋賀県,大津市,"介護,ケアマネジャー・居宅介護支援,相談",介護サービスの計画作成や事業所調整を行う相談先です。退院後の生活準備で重要です。,shiga-f.com,滋賀県大津市南小松９０番地,077-596-2233,厚生労働省オープンデータ,https://www.mhlw.go.jp/content/12300000/jigyosho_430.csv,2025-12末,https://www.google.com/search?q=%E8%BF%91%E6%B1%9F%E8%88%9E%E5%AD%90%E3%81%97%E3%82%87%E3%81%86%E3%81%B6%E8%8B%91%E5%B1%85%E5%AE%85%E4%BB%8B%E8%AD%B7%E6%94%AF%E6%8F%B4%E3%82%BB%E3%83%B3%E3%82%BF%E3%83%BC%20%E5%A4%A7%E6%B4%A5%E5%B8%82
ふれあいサポート西大津ケアステーション,ケアマネジャー・居宅介護支援,滋賀県,大津市,"介護,ケアマネジャー・居宅介護支援,相談",介護サービスの計画作成や事業所調整を行う相談先です。退院後の生活準備で重要です。,http://www.furesuppo.com/,滋賀県大津市山上町5-37シャルム皇子山1F-D,077-511-3518,厚生労働省オープンデータ,https://www.mhlw.go.jp/content/12300000/jigyosho_430.csv,2025-12末,https://www.google.com/search?q=%E3%81%B5%E3%82%8C%E3%81%82%E3%81%84%E3%82%B5%E3%83%9D%E3%83%BC%E3%83%88%E8%A5%BF%E5%A4%A7%E6%B4%A5%E3%82%B1%E3%82%A2%E3%82%B9%E3%83%86%E3%83%BC%E3%82%B7%E3%83%A7%E3%83%B3%20%E5%A4%A7%E6%B4%A5%E5%B8%82
こころケア・サポート居宅介護支援事業所,ケアマネジャー・居宅介護支援,滋賀県,大津市,"介護,ケアマネジャー・居宅介護支援,相談",介護サービスの計画作成や事業所調整を行う相談先です。退院後の生活準備で重要です。,https;//kokorokea.my.canva.site/daglg6aqnl8,滋賀県大津市本堅田5丁目3-2,077-532-7798,厚生労働省オープンデータ,https://www.mhlw.go.jp/content/12300000/jigyosho_430.csv,2025-12末,https://www.google.com/search?q=%E3%81%93%E3%81%93%E3%82%8D%E3%82%B1%E3%82%A2%E3%83%BB%E3%82%B5%E3%83%9D%E3%83%BC%E3%83%88%E5%B1%85%E5%AE%85%E4%BB%8B%E8%AD%B7%E6%94%AF%E6%8F%B4%E4%BA%8B%E6%A5%AD%E6%89%80%20%E5%A4%A7%E6%B4%A5%E5%B8%82
ケアプラン　さくらはうす,ケアマネジャー・居宅介護支援,滋賀県,大津市,"介護,ケアマネジャー・居宅介護支援,相談",介護サービスの計画作成や事業所調整を行う相談先です。退院後の生活準備で重要です。,https://www.google.com/search?q=%E3%82%B1%E3%82%A2%E3%83%97%E3%83%A9%E3%83%B3%E3%80%80%E3%81%95%E3%81%8F%E3%82%89%E3%81%AF%E3%81%86%E3%81%99%20%E5%A4%A7%E6%B4%A5%E5%B8%82,滋賀県大津市雄琴2丁目13－22,077-572-8958,厚生労働省オープンデータ,https://www.mhlw.go.jp/content/12300000/jigyosho_430.csv,2025-12末,https://www.google.com/search?q=%E3%82%B1%E3%82%A2%E3%83%97%E3%83%A9%E3%83%B3%E3%80%80%E3%81%95%E3%81%8F%E3%82%89%E3%81%AF%E3%81%86%E3%81%99%20%E5%A4%A7%E6%B4%A5%E5%B8%82
居宅介護支援事業所コミュニティライフ,ケアマネジャー・居宅介護支援,滋賀県,大津市,"介護,ケアマネジャー・居宅介護支援,相談",介護サービスの計画作成や事業所調整を行う相談先です。退院後の生活準備で重要です。,https://communitylifecare.jimdofree.com,大津市瀬田五丁目２８番１１号,077-576-5672,厚生労働省オープンデータ,https://www.mhlw.go.jp/content/12300000/jigyosho_430.csv,2025-12末,https://www.google.com/search?q=%E5%B1%85%E5%AE%85%E4%BB%8B%E8%AD%B7%E6%94%AF%E6%8F%B4%E4%BA%8B%E6%A5%AD%E6%89%80%E3%82%B3%E3%83%9F%E3%83%A5%E3%83%8B%E3%83%86%E3%82%A3%E3%83%A9%E3%82%A4%E3%83%95%20%E5%A4%A7%E6%B4%A5%E5%B8%82
コンソルテ居宅介護支援事業所,ケアマネジャー・居宅介護支援,滋賀県,大津市,"介護,ケアマネジャー・居宅介護支援,相談",介護サービスの計画作成や事業所調整を行う相談先です。退院後の生活準備で重要です。,https://totalcarelife.jp/,滋賀県大津市大江１丁目3番15号メゾン・ド・コンソルテ1Ｆ,077-572-6535,厚生労働省オープンデータ,https://www.mhlw.go.jp/content/12300000/jigyosho_430.csv,2025-12末,https://www.google.com/search?q=%E3%82%B3%E3%83%B3%E3%82%BD%E3%83%AB%E3%83%86%E5%B1%85%E5%AE%85%E4%BB%8B%E8%AD%B7%E6%94%AF%E6%8F%B4%E4%BA%8B%E6%A5%AD%E6%89%80%20%E5%A4%A7%E6%B4%A5%E5%B8%82
ケアプランセンター時間の森,ケアマネジャー・居宅介護支援,滋賀県,大津市,"介護,ケアマネジャー・居宅介護支援,相談",介護サービスの計画作成や事業所調整を行う相談先です。退院後の生活準備で重要です。,http://www.geocities.jp/rokusyo_honnbu/index.html,大将軍1丁目15-2,077-547-2288,厚生労働省オープンデータ,https://www.mhlw.go.jp/content/12300000/jigyosho_430.csv,2025-12末,https://www.google.com/search?q=%E3%82%B1%E3%82%A2%E3%83%97%E3%83%A9%E3%83%B3%E3%82%BB%E3%83%B3%E3%82%BF%E3%83%BC%E6%99%82%E9%96%93%E3%81%AE%E6%A3%AE%20%E5%A4%A7%E6%B4%A5%E5%B8%82
ケアプランセンターまった里,ケアマネジャー・居宅介護支援,滋賀県,大津市,"介護,ケアマネジャー・居宅介護支援,相談",介護サービスの計画作成や事業所調整を行う相談先です。退院後の生活準備で重要です。,mattari.care@crocus.ocn.ne.jp,大津市瀬田5丁目14-1リバーサイドヒルズ１０７号室,077-572-5815,厚生労働省オープンデータ,https://www.mhlw.go.jp/content/12300000/jigyosho_430.csv,2025-12末,https://www.google.com/search?q=%E3%82%B1%E3%82%A2%E3%83%97%E3%83%A9%E3%83%B3%E3%82%BB%E3%83%B3%E3%82%BF%E3%83%BC%E3%81%BE%E3%81%A3%E3%81%9F%E9%87%8C%20%E5%A4%A7%E6%B4%A5%E5%B8%82
よつば居宅介護支援事業所ふるさと,ケアマネジャー・居宅介護支援,滋賀県,大津市,"介護,ケアマネジャー・居宅介護支援,相談",介護サービスの計画作成や事業所調整を行う相談先です。退院後の生活準備で重要です。,http://www.yotsuba-lcn.or.jp/,滋賀県大津市相模町１０－１特別養護老人ホーム　風流里内,077-510-7310,厚生労働省オープンデータ,https://www.mhlw.go.jp/content/12300000/jigyosho_430.csv,2025-12末,https://www.google.com/search?q=%E3%82%88%E3%81%A4%E3%81%B0%E5%B1%85%E5%AE%85%E4%BB%8B%E8%AD%B7%E6%94%AF%E6%8F%B4%E4%BA%8B%E6%A5%AD%E6%89%80%E3%81%B5%E3%82%8B%E3%81%95%E3%81%A8%20%E5%A4%A7%E6%B4%A5%E5%B8%82
うさぎマネジメントケア,ケアマネジャー・居宅介護支援,滋賀県,大津市,"介護,ケアマネジャー・居宅介護支援,相談",介護サービスの計画作成や事業所調整を行う相談先です。退院後の生活準備で重要です。,http://usagizaitakuiryousiga.com,滋賀県大津市松本２丁目８－１０,077-510-7471,厚生労働省オープンデータ,https://www.mhlw.go.jp/content/12300000/jigyosho_430.csv,2025-12末,https://www.google.com/search?q=%E3%81%86%E3%81%95%E3%81%8E%E3%83%9E%E3%83%8D%E3%82%B8%E3%83%A1%E3%83%B3%E3%83%88%E3%82%B1%E3%82%A2%20%E5%A4%A7%E6%B4%A5%E5%B8%82
陽だまり居宅介護支援事業所,ケアマネジャー・居宅介護支援,滋賀県,大津市,"介護,ケアマネジャー・居宅介護支援,相談",介護サービスの計画作成や事業所調整を行う相談先です。退院後の生活準備で重要です。,hidamari-cm@shigamin.jp,滋賀県大津市昭和町7-16,077-526-5159,厚生労働省オープンデータ,https://www.mhlw.go.jp/content/12300000/jigyosho_430.csv,2025-12末,https://www.google.com/search?q=%E9%99%BD%E3%81%A0%E3%81%BE%E3%82%8A%E5%B1%85%E5%AE%85%E4%BB%8B%E8%AD%B7%E6%94%AF%E6%8F%B4%E4%BA%8B%E6%A5%AD%E6%89%80%20%E5%A4%A7%E6%B4%A5%E5%B8%82
ケアプランセンター琵琶の風,ケアマネジャー・居宅介護支援,滋賀県,大津市,"介護,ケアマネジャー・居宅介護支援,相談",介護サービスの計画作成や事業所調整を行う相談先です。退院後の生活準備で重要です。,https://www.google.com/search?q=%E3%82%B1%E3%82%A2%E3%83%97%E3%83%A9%E3%83%B3%E3%82%BB%E3%83%B3%E3%82%BF%E3%83%BC%E7%90%B5%E7%90%B6%E3%81%AE%E9%A2%A8%20%E5%A4%A7%E6%B4%A5%E5%B8%82,滋賀県大津市本堅田1丁目２－17,077-548-8350,厚生労働省オープンデータ,https://www.mhlw.go.jp/content/12300000/jigyosho_430.csv,2025-12末,https://www.google.com/search?q=%E3%82%B1%E3%82%A2%E3%83%97%E3%83%A9%E3%83%B3%E3%82%BB%E3%83%B3%E3%82%BF%E3%83%BC%E7%90%B5%E7%90%B6%E3%81%AE%E9%A2%A8%20%E5%A4%A7%E6%B4%A5%E5%B8%82
ケアセンターMILLE,ケアマネジャー・居宅介護支援,滋賀県,大津市,"介護,ケアマネジャー・居宅介護支援,相談",介護サービスの計画作成や事業所調整を行う相談先です。退院後の生活準備で重要です。,https://kabushikigaishamille.amebaownd.com/,滋賀県大津市茶戸町16-11,077-527-1186,厚生労働省オープンデータ,https://www.mhlw.go.jp/content/12300000/jigyosho_430.csv,2025-12末,https://www.google.com/search?q=%E3%82%B1%E3%82%A2%E3%82%BB%E3%83%B3%E3%82%BF%E3%83%BCMILLE%20%E5%A4%A7%E6%B4%A5%E5%B8%82
居宅介護支援事業所きよら,ケアマネジャー・居宅介護支援,滋賀県,大津市,"介護,ケアマネジャー・居宅介護支援,相談",介護サービスの計画作成や事業所調整を行う相談先です。退院後の生活準備で重要です。,https://www.google.com/search?q=%E5%B1%85%E5%AE%85%E4%BB%8B%E8%AD%B7%E6%94%AF%E6%8F%B4%E4%BA%8B%E6%A5%AD%E6%89%80%E3%81%8D%E3%82%88%E3%82%89%20%E5%A4%A7%E6%B4%A5%E5%B8%82,大将軍１丁目14-11HARIMAビル302号,077-572-7338,厚生労働省オープンデータ,https://www.mhlw.go.jp/content/12300000/jigyosho_430.csv,2025-12末,https://www.google.com/search?q=%E5%B1%85%E5%AE%85%E4%BB%8B%E8%AD%B7%E6%94%AF%E6%8F%B4%E4%BA%8B%E6%A5%AD%E6%89%80%E3%81%8D%E3%82%88%E3%82%89%20%E5%A4%A7%E6%B4%A5%E5%B8%82
ミライリハケアプラン,ケアマネジャー・居宅介護支援,滋賀県,大津市,"介護,ケアマネジャー・居宅介護支援,相談",介護サービスの計画作成や事業所調整を行う相談先です。退院後の生活準備で重要です。,https://mirai-riha.com,滋賀県大津市石山寺3‐10‐25,077‐574‐7617,厚生労働省オープンデータ,https://www.mhlw.go.jp/content/12300000/jigyosho_430.csv,2025-12末,https://www.google.com/search?q=%E3%83%9F%E3%83%A9%E3%82%A4%E3%83%AA%E3%83%8F%E3%82%B1%E3%82%A2%E3%83%97%E3%83%A9%E3%83%B3%20%E5%A4%A7%E6%B4%A5%E5%B8%82
ケアプランセンタークローバー,ケアマネジャー・居宅介護支援,滋賀県,大津市,"介護,ケアマネジャー・居宅介護支援,相談",介護サービスの計画作成や事業所調整を行う相談先です。退院後の生活準備で重要です。,https://www.google.com/search?q=%E3%82%B1%E3%82%A2%E3%83%97%E3%83%A9%E3%83%B3%E3%82%BB%E3%83%B3%E3%82%BF%E3%83%BC%E3%82%AF%E3%83%AD%E3%83%BC%E3%83%90%E3%83%BC%20%E5%A4%A7%E6%B4%A5%E5%B8%82,相模町5-26,0775105006,厚生労働省オープンデータ,https://www.mhlw.go.jp/content/12300000/jigyosho_430.csv,2025-12末,https://www.google.com/search?q=%E3%82%B1%E3%82%A2%E3%83%97%E3%83%A9%E3%83%B3%E3%82%BB%E3%83%B3%E3%82%BF%E3%83%BC%E3%82%AF%E3%83%AD%E3%83%BC%E3%83%90%E3%83%BC%20%E5%A4%A7%E6%B4%A5%E5%B8%82
湖南居宅介護支援事業所,ケアマネジャー・居宅介護支援,滋賀県,大津市,"介護,ケアマネジャー・居宅介護支援,相談",介護サービスの計画作成や事業所調整を行う相談先です。退院後の生活準備で重要です。,https://yoshitoku.or.jp,滋賀県大津市里5-2-14,077-546-3055,厚生労働省オープンデータ,https://www.mhlw.go.jp/content/12300000/jigyosho_430.csv,2025-12末,https://www.google.com/search?q=%E6%B9%96%E5%8D%97%E5%B1%85%E5%AE%85%E4%BB%8B%E8%AD%B7%E6%94%AF%E6%8F%B4%E4%BA%8B%E6%A5%AD%E6%89%80%20%E5%A4%A7%E6%B4%A5%E5%B8%82
なごね居宅介護相談所,ケアマネジャー・居宅介護支援,滋賀県,大津市,"介護,ケアマネジャー・居宅介護支援,相談",介護サービスの計画作成や事業所調整を行う相談先です。退院後の生活準備で重要です。,https://www.google.com/search?q=%E3%81%AA%E3%81%94%E3%81%AD%E5%B1%85%E5%AE%85%E4%BB%8B%E8%AD%B7%E7%9B%B8%E8%AB%87%E6%89%80%20%E5%A4%A7%E6%B4%A5%E5%B8%82,滋賀県大津市緑町22-1,077-572-9802,厚生労働省オープンデータ,https://www.mhlw.go.jp/content/12300000/jigyosho_430.csv,2025-12末,https://www.google.com/search?q=%E3%81%AA%E3%81%94%E3%81%AD%E5%B1%85%E5%AE%85%E4%BB%8B%E8%AD%B7%E7%9B%B8%E8%AB%87%E6%89%80%20%E5%A4%A7%E6%B4%A5%E5%B8%82
悠悠,ケアマネジャー・居宅介護支援,滋賀県,大津市,"介護,ケアマネジャー・居宅介護支援,相談",介護サービスの計画作成や事業所調整を行う相談先です。退院後の生活準備で重要です。,https://www.google.com/search?q=%E6%82%A0%E6%82%A0%20%E5%A4%A7%E6%B4%A5%E5%B8%82,大津市一里山五丁目20番37号,077-547-6828,厚生労働省オープンデータ,https://www.mhlw.go.jp/content/12300000/jigyosho_430.csv,2025-12末,https://www.google.com/search?q=%E6%82%A0%E6%82%A0%20%E5%A4%A7%E6%B4%A5%E5%B8%82
居宅介護支援事業所坂本,ケアマネジャー・居宅介護支援,滋賀県,大津市,"介護,ケアマネジャー・居宅介護支援,相談",介護サービスの計画作成や事業所調整を行う相談先です。退院後の生活準備で重要です。,http://www.rakuwa.or.jp,滋賀県大津市下阪本6丁目13-11,077-577-1132,厚生労働省オープンデータ,https://www.mhlw.go.jp/content/12300000/jigyosho_430.csv,2025-12末,https://www.google.com/search?q=%E5%B1%85%E5%AE%85%E4%BB%8B%E8%AD%B7%E6%94%AF%E6%8F%B4%E4%BA%8B%E6%A5%AD%E6%89%80%E5%9D%82%E6%9C%AC%20%E5%A4%A7%E6%B4%A5%E5%B8%82
大津市社会福祉事業団比叡すこやか居宅介護支援事業所,ケアマネジャー・居宅介護支援,滋賀県,大津市,"介護,ケアマネジャー・居宅介護支援,相談",介護サービスの計画作成や事業所調整を行う相談先です。退院後の生活準備で重要です。,https://www.google.com/search?q=%E5%A4%A7%E6%B4%A5%E5%B8%82%E7%A4%BE%E4%BC%9A%E7%A6%8F%E7%A5%89%E4%BA%8B%E6%A5%AD%E5%9B%A3%E6%AF%94%E5%8F%A1%E3%81%99%E3%81%93%E3%82%84%E3%81%8B%E5%B1%85%E5%AE%85%E4%BB%8B%E8%AD%B7%E6%94%AF%E6%8F%B4%E4%BA%8B%E6%A5%AD%E6%89%80%20%E5%A4%A7%E6%B4%A5%E5%B8%82,大津市坂本六丁目33－19,077-572-7768,厚生労働省オープンデータ,https://www.mhlw.go.jp/content/12300000/jigyosho_430.csv,2025-12末,https://www.google.com/search?q=%E5%A4%A7%E6%B4%A5%E5%B8%82%E7%A4%BE%E4%BC%9A%E7%A6%8F%E7%A5%89%E4%BA%8B%E6%A5%AD%E5%9B%A3%E6%AF%94%E5%8F%A1%E3%81%99%E3%81%93%E3%82%84%E3%81%8B%E5%B1%85%E5%AE%85%E4%BB%8B%E8%AD%B7%E6%94%AF%E6%8F%B4%E4%BA%8B%E6%A5%AD%E6%89%80%20%E5%A4%A7%E6%B4%A5%E5%B8%82
大津市社会福祉事業団中すこやか居宅介護支援事業所,ケアマネジャー・居宅介護支援,滋賀県,大津市,"介護,ケアマネジャー・居宅介護支援,相談",介護サービスの計画作成や事業所調整を行う相談先です。退院後の生活準備で重要です。,http://www.fukusi-otsu.or.jp/,大津市浜大津四丁目1-1明日都浜大津5階,077-536-6449,厚生労働省オープンデータ,https://www.mhlw.go.jp/content/12300000/jigyosho_430.csv,2025-12末,https://www.google.com/search?q=%E5%A4%A7%E6%B4%A5%E5%B8%82%E7%A4%BE%E4%BC%9A%E7%A6%8F%E7%A5%89%E4%BA%8B%E6%A5%AD%E5%9B%A3%E4%B8%AD%E3%81%99%E3%81%93%E3%82%84%E3%81%8B%E5%B1%85%E5%AE%85%E4%BB%8B%E8%AD%B7%E6%94%AF%E6%8F%B4%E4%BA%8B%E6%A5%AD%E6%89%80%20%E5%A4%A7%E6%B4%A5%E5%B8%82
居宅介護支援事業所　湖の花,ケアマネジャー・居宅介護支援,滋賀県,大津市,"介護,ケアマネジャー・居宅介護支援,相談",介護サービスの計画作成や事業所調整を行う相談先です。退院後の生活準備で重要です。,http://rakujyu-konohana.com/,滋賀県大津市衣川２－２７－１,077-572-3006,厚生労働省オープンデータ,https://www.mhlw.go.jp/content/12300000/jigyosho_430.csv,2025-12末,https://www.google.com/search?q=%E5%B1%85%E5%AE%85%E4%BB%8B%E8%AD%B7%E6%94%AF%E6%8F%B4%E4%BA%8B%E6%A5%AD%E6%89%80%E3%80%80%E6%B9%96%E3%81%AE%E8%8A%B1%20%E5%A4%A7%E6%B4%A5%E5%B8%82
ふれあいサポート瀬田ケアステーション,ケアマネジャー・居宅介護支援,滋賀県,大津市,"介護,ケアマネジャー・居宅介護支援,相談",介護サービスの計画作成や事業所調整を行う相談先です。退院後の生活準備で重要です。,http://www.furesuppo.com/,滋賀県大津市大江3丁目6-29,077-548-3518,厚生労働省オープンデータ,https://www.mhlw.go.jp/content/12300000/jigyosho_430.csv,2025-12末,https://www.google.com/search?q=%E3%81%B5%E3%82%8C%E3%81%82%E3%81%84%E3%82%B5%E3%83%9D%E3%83%BC%E3%83%88%E7%80%AC%E7%94%B0%E3%82%B1%E3%82%A2%E3%82%B9%E3%83%86%E3%83%BC%E3%82%B7%E3%83%A7%E3%83%B3%20%E5%A4%A7%E6%B4%A5%E5%B8%82
おうみ居宅介護支援事業所,ケアマネジャー・居宅介護支援,滋賀県,大津市,"介護,ケアマネジャー・居宅介護支援,相談",介護サービスの計画作成や事業所調整を行う相談先です。退院後の生活準備で重要です。,https://www.google.com/search?q=%E3%81%8A%E3%81%86%E3%81%BF%E5%B1%85%E5%AE%85%E4%BB%8B%E8%AD%B7%E6%94%AF%E6%8F%B4%E4%BA%8B%E6%A5%AD%E6%89%80%20%E5%A4%A7%E6%B4%A5%E5%B8%82,大津市皇子が丘二丁目10番13号西大津ビル501号室,077-526-6355,厚生労働省オープンデータ,https://www.mhlw.go.jp/content/12300000/jigyosho_430.csv,2025-12末,https://www.google.com/search?q=%E3%81%8A%E3%81%86%E3%81%BF%E5%B1%85%E5%AE%85%E4%BB%8B%E8%AD%B7%E6%94%AF%E6%8F%B4%E4%BA%8B%E6%A5%AD%E6%89%80%20%E5%A4%A7%E6%B4%A5%E5%B8%82
ケアプランセンター天神山,ケアマネジャー・居宅介護支援,滋賀県,大津市,"介護,ケアマネジャー・居宅介護支援,相談",介護サービスの計画作成や事業所調整を行う相談先です。退院後の生活準備で重要です。,http://newearth.co.jp,滋賀県大津市衣川３－７－１０,077-575-9904,厚生労働省オープンデータ,https://www.mhlw.go.jp/content/12300000/jigyosho_430.csv,2025-12末,https://www.google.com/search?q=%E3%82%B1%E3%82%A2%E3%83%97%E3%83%A9%E3%83%B3%E3%82%BB%E3%83%B3%E3%82%BF%E3%83%BC%E5%A4%A9%E7%A5%9E%E5%B1%B1%20%E5%A4%A7%E6%B4%A5%E5%B8%82
希望かいご相談所,ケアマネジャー・居宅介護支援,滋賀県,大津市,"介護,ケアマネジャー・居宅介護支援,相談",介護サービスの計画作成や事業所調整を行う相談先です。退院後の生活準備で重要です。,https://www.google.com/search?q=%E5%B8%8C%E6%9C%9B%E3%81%8B%E3%81%84%E3%81%94%E7%9B%B8%E8%AB%87%E6%89%80%20%E5%A4%A7%E6%B4%A5%E5%B8%82,滋賀県大津市田辺町5-4,077-531-0012,厚生労働省オープンデータ,https://www.mhlw.go.jp/content/12300000/jigyosho_430.csv,2025-12末,https://www.google.com/search?q=%E5%B8%8C%E6%9C%9B%E3%81%8B%E3%81%84%E3%81%94%E7%9B%B8%E8%AB%87%E6%89%80%20%E5%A4%A7%E6%B4%A5%E5%B8%82
ワンモアケアプランニング,ケアマネジャー・居宅介護支援,滋賀県,大津市,"介護,ケアマネジャー・居宅介護支援,相談",介護サービスの計画作成や事業所調整を行う相談先です。退院後の生活準備で重要です。,https://onemoreship.com,滋賀県大津市日吉台二丁目19-10,077-572-7897,厚生労働省オープンデータ,https://www.mhlw.go.jp/content/12300000/jigyosho_430.csv,2025-12末,https://www.google.com/search?q=%E3%83%AF%E3%83%B3%E3%83%A2%E3%82%A2%E3%82%B1%E3%82%A2%E3%83%97%E3%83%A9%E3%83%B3%E3%83%8B%E3%83%B3%E3%82%B0%20%E5%A4%A7%E6%B4%A5%E5%B8%82
うさぎマネジメントケア　南志賀,ケアマネジャー・居宅介護支援,滋賀県,大津市,"介護,ケアマネジャー・居宅介護支援,相談",介護サービスの計画作成や事業所調整を行う相談先です。退院後の生活準備で重要です。,https://usagizaitakuiryoushiga.com,滋賀県大津市南志賀１丁目7－27丸一荘105号室,077‐574‐7695,厚生労働省オープンデータ,https://www.mhlw.go.jp/content/12300000/jigyosho_430.csv,2025-12末,https://www.google.com/search?q=%E3%81%86%E3%81%95%E3%81%8E%E3%83%9E%E3%83%8D%E3%82%B8%E3%83%A1%E3%83%B3%E3%83%88%E3%82%B1%E3%82%A2%E3%80%80%E5%8D%97%E5%BF%97%E8%B3%80%20%E5%A4%A7%E6%B4%A5%E5%B8%82
ケアサポート　りさと,ケアマネジャー・居宅介護支援,滋賀県,大津市,"介護,ケアマネジャー・居宅介護支援,相談",介護サービスの計画作成や事業所調整を行う相談先です。退院後の生活準備で重要です。,https://www.google.com/search?q=%E3%82%B1%E3%82%A2%E3%82%B5%E3%83%9D%E3%83%BC%E3%83%88%E3%80%80%E3%82%8A%E3%81%95%E3%81%A8%20%E5%A4%A7%E6%B4%A5%E5%B8%82,滋賀県大津市中央２丁目５番１８号メゾンSANO２０２号室,０７７－５７２－９３８９,厚生労働省オープンデータ,https://www.mhlw.go.jp/content/12300000/jigyosho_430.csv,2025-12末,https://www.google.com/search?q=%E3%82%B1%E3%82%A2%E3%82%B5%E3%83%9D%E3%83%BC%E3%83%88%E3%80%80%E3%82%8A%E3%81%95%E3%81%A8%20%E5%A4%A7%E6%B4%A5%E5%B8%82
ケアプランセンターひまわり,ケアマネジャー・居宅介護支援,滋賀県,大津市,"介護,ケアマネジャー・居宅介護支援,相談",介護サービスの計画作成や事業所調整を行う相談先です。退院後の生活準備で重要です。,https://www.google.com/search?q=%E3%82%B1%E3%82%A2%E3%83%97%E3%83%A9%E3%83%B3%E3%82%BB%E3%83%B3%E3%82%BF%E3%83%BC%E3%81%B2%E3%81%BE%E3%82%8F%E3%82%8A%20%E5%A4%A7%E6%B4%A5%E5%B8%82,滋賀県大津市大石東三丁目８番１２号,077-536-6071,厚生労働省オープンデータ,https://www.mhlw.go.jp/content/12300000/jigyosho_430.csv,2025-12末,https://www.google.com/search?q=%E3%82%B1%E3%82%A2%E3%83%97%E3%83%A9%E3%83%B3%E3%82%BB%E3%83%B3%E3%82%BF%E3%83%BC%E3%81%B2%E3%81%BE%E3%82%8F%E3%82%8A%20%E5%A4%A7%E6%B4%A5%E5%B8%82
ケアプランセンターいづも,ケアマネジャー・居宅介護支援,滋賀県,大津市,"介護,ケアマネジャー・居宅介護支援,相談",介護サービスの計画作成や事業所調整を行う相談先です。退院後の生活準備で重要です。,https://www.google.com/search?q=%E3%82%B1%E3%82%A2%E3%83%97%E3%83%A9%E3%83%B3%E3%82%BB%E3%83%B3%E3%82%BF%E3%83%BC%E3%81%84%E3%81%A5%E3%82%82%20%E5%A4%A7%E6%B4%A5%E5%B8%82,大津市一里山四丁目25-14,070-6926-2212,厚生労働省オープンデータ,https://www.mhlw.go.jp/content/12300000/jigyosho_430.csv,2025-12末,https://www.google.com/search?q=%E3%82%B1%E3%82%A2%E3%83%97%E3%83%A9%E3%83%B3%E3%82%BB%E3%83%B3%E3%82%BF%E3%83%BC%E3%81%84%E3%81%A5%E3%82%82%20%E5%A4%A7%E6%B4%A5%E5%B8%82
医療法人良善会居宅介護支援事業所介護情報センターヴィーナス24,ケアマネジャー・居宅介護支援,滋賀県,大津市,"介護,ケアマネジャー・居宅介護支援,相談",介護サービスの計画作成や事業所調整を行う相談先です。退院後の生活準備で重要です。,http://hikaribyouin.com,滋賀県大津市際川3丁目35-1,077-522-5323,厚生労働省オープンデータ,https://www.mhlw.go.jp/content/12300000/jigyosho_430.csv,2025-12末,https://www.google.com/search?q=%E5%8C%BB%E7%99%82%E6%B3%95%E4%BA%BA%E8%89%AF%E5%96%84%E4%BC%9A%E5%B1%85%E5%AE%85%E4%BB%8B%E8%AD%B7%E6%94%AF%E6%8F%B4%E4%BA%8B%E6%A5%AD%E6%89%80%E4%BB%8B%E8%AD%B7%E6%83%85%E5%A0%B1%E3%82%BB%E3%83%B3%E3%82%BF%E3%83%BC%E3%83%B4%E3%82%A3%E3%83%BC%E3%83%8A%E3%82%B924%20%E5%A4%A7%E6%B4%A5%E5%B8%82
在宅介護ファミールケア　堅田センター,ケアマネジャー・居宅介護支援,滋賀県,大津市,"介護,ケアマネジャー・居宅介護支援,相談",介護サービスの計画作成や事業所調整を行う相談先です。退院後の生活準備で重要です。,http://www.famille-care.co.jp,大津市今堅田2丁目26-8　サンユートラストビル３Ｆ,077-571-2102,厚生労働省オープンデータ,https://www.mhlw.go.jp/content/12300000/jigyosho_430.csv,2025-12末,https://www.google.com/search?q=%E5%9C%A8%E5%AE%85%E4%BB%8B%E8%AD%B7%E3%83%95%E3%82%A1%E3%83%9F%E3%83%BC%E3%83%AB%E3%82%B1%E3%82%A2%E3%80%80%E5%A0%85%E7%94%B0%E3%82%BB%E3%83%B3%E3%82%BF%E3%83%BC%20%E5%A4%A7%E6%B4%A5%E5%B8%82
ケアプランセンター中川,ケアマネジャー・居宅介護支援,滋賀県,大津市,"介護,ケアマネジャー・居宅介護支援,相談",介護サービスの計画作成や事業所調整を行う相談先です。退院後の生活準備で重要です。,https://www.google.com/search?q=%E3%82%B1%E3%82%A2%E3%83%97%E3%83%A9%E3%83%B3%E3%82%BB%E3%83%B3%E3%82%BF%E3%83%BC%E4%B8%AD%E5%B7%9D%20%E5%A4%A7%E6%B4%A5%E5%B8%82,滋賀県大津市一里山二丁目23番20号,077-515-4371,厚生労働省オープンデータ,https://www.mhlw.go.jp/content/12300000/jigyosho_430.csv,2025-12末,https://www.google.com/search?q=%E3%82%B1%E3%82%A2%E3%83%97%E3%83%A9%E3%83%B3%E3%82%BB%E3%83%B3%E3%82%BF%E3%83%BC%E4%B8%AD%E5%B7%9D%20%E5%A4%A7%E6%B4%A5%E5%B8%82
ラ・ケアながら,ケアマネジャー・居宅介護支援,滋賀県,大津市,"介護,ケアマネジャー・居宅介護支援,相談",介護サービスの計画作成や事業所調整を行う相談先です。退院後の生活準備で重要です。,http://www.la-care.jp,大津市長等二丁目７－４,077-510-1760,厚生労働省オープンデータ,https://www.mhlw.go.jp/content/12300000/jigyosho_430.csv,2025-12末,https://www.google.com/search?q=%E3%83%A9%E3%83%BB%E3%82%B1%E3%82%A2%E3%81%AA%E3%81%8C%E3%82%89%20%E5%A4%A7%E6%B4%A5%E5%B8%82
木戸居宅介護支援事業所,ケアマネジャー・居宅介護支援,滋賀県,大津市,"介護,ケアマネジャー・居宅介護支援,相談",介護サービスの計画作成や事業所調整を行う相談先です。退院後の生活準備で重要です。,http://www.eonet.ne.jp/~jigyoudankido/,大津市木戸709番地,077-592-8022,厚生労働省オープンデータ,https://www.mhlw.go.jp/content/12300000/jigyosho_430.csv,2025-12末,https://www.google.com/search?q=%E6%9C%A8%E6%88%B8%E5%B1%85%E5%AE%85%E4%BB%8B%E8%AD%B7%E6%94%AF%E6%8F%B4%E4%BA%8B%E6%A5%AD%E6%89%80%20%E5%A4%A7%E6%B4%A5%E5%B8%82
めろん大津居宅介護支援事業所,ケアマネジャー・居宅介護支援,滋賀県,大津市,"介護,ケアマネジャー・居宅介護支援,相談",介護サービスの計画作成や事業所調整を行う相談先です。退院後の生活準備で重要です。,https://www.google.com/search?q=%E3%82%81%E3%82%8D%E3%82%93%E5%A4%A7%E6%B4%A5%E5%B1%85%E5%AE%85%E4%BB%8B%E8%AD%B7%E6%94%AF%E6%8F%B4%E4%BA%8B%E6%A5%AD%E6%89%80%20%E5%A4%A7%E6%B4%A5%E5%B8%82,大津市大石中３丁目１－２５,077-546-0111,厚生労働省オープンデータ,https://www.mhlw.go.jp/content/12300000/jigyosho_430.csv,2025-12末,https://www.google.com/search?q=%E3%82%81%E3%82%8D%E3%82%93%E5%A4%A7%E6%B4%A5%E5%B1%85%E5%AE%85%E4%BB%8B%E8%AD%B7%E6%94%AF%E6%8F%B4%E4%BA%8B%E6%A5%AD%E6%89%80%20%E5%A4%A7%E6%B4%A5%E5%B8%82
大津市社会福祉事業団瀬田すこやか居宅介護支援事業所,ケアマネジャー・居宅介護支援,滋賀県,大津市,"介護,ケアマネジャー・居宅介護支援,相談",介護サービスの計画作成や事業所調整を行う相談先です。退院後の生活準備で重要です。,http://www.fukusi-otsu.or.jp/publics/index/17/,滋賀県大津市三大寺8番D3ー101,077-548-6068,厚生労働省オープンデータ,https://www.mhlw.go.jp/content/12300000/jigyosho_430.csv,2025-12末,https://www.google.com/search?q=%E5%A4%A7%E6%B4%A5%E5%B8%82%E7%A4%BE%E4%BC%9A%E7%A6%8F%E7%A5%89%E4%BA%8B%E6%A5%AD%E5%9B%A3%E7%80%AC%E7%94%B0%E3%81%99%E3%81%93%E3%82%84%E3%81%8B%E5%B1%85%E5%AE%85%E4%BB%8B%E8%AD%B7%E6%94%AF%E6%8F%B4%E4%BA%8B%E6%A5%AD%E6%89%80%20%E5%A4%A7%E6%B4%A5%E5%B8%82
居宅介護支援事業所　みずうみ,ケアマネジャー・居宅介護支援,滋賀県,大津市,"介護,ケアマネジャー・居宅介護支援,相談",介護サービスの計画作成や事業所調整を行う相談先です。退院後の生活準備で重要です。,http://hp.kaipoke.biz/nkz/,坂本三丁目３３－５５,０７７－５７６－０２７１,厚生労働省オープンデータ,https://www.mhlw.go.jp/content/12300000/jigyosho_430.csv,2025-12末,https://www.google.com/search?q=%E5%B1%85%E5%AE%85%E4%BB%8B%E8%AD%B7%E6%94%AF%E6%8F%B4%E4%BA%8B%E6%A5%AD%E6%89%80%E3%80%80%E3%81%BF%E3%81%9A%E3%81%86%E3%81%BF%20%E5%A4%A7%E6%B4%A5%E5%B8%82
すまいるえがお介護相談センター,ケアマネジャー・居宅介護支援,滋賀県,大津市,"介護,ケアマネジャー・居宅介護支援,相談",介護サービスの計画作成や事業所調整を行う相談先です。退院後の生活準備で重要です。,https://www.google.com/search?q=%E3%81%99%E3%81%BE%E3%81%84%E3%82%8B%E3%81%88%E3%81%8C%E3%81%8A%E4%BB%8B%E8%AD%B7%E7%9B%B8%E8%AB%87%E3%82%BB%E3%83%B3%E3%82%BF%E3%83%BC%20%E5%A4%A7%E6%B4%A5%E5%B8%82,大津市水明一丁目１６番地８,077-594-3521、,厚生労働省オープンデータ,https://www.mhlw.go.jp/content/12300000/jigyosho_430.csv,2025-12末,https://www.google.com/search?q=%E3%81%99%E3%81%BE%E3%81%84%E3%82%8B%E3%81%88%E3%81%8C%E3%81%8A%E4%BB%8B%E8%AD%B7%E7%9B%B8%E8%AB%87%E3%82%BB%E3%83%B3%E3%82%BF%E3%83%BC%20%E5%A4%A7%E6%B4%A5%E5%B8%82
あんしぃ居宅介護支援事業所,ケアマネジャー・居宅介護支援,滋賀県,大津市,"介護,ケアマネジャー・居宅介護支援,相談",介護サービスの計画作成や事業所調整を行う相談先です。退院後の生活準備で重要です。,https://www.an-sea.com,滋賀県大津市大江八丁目１６６番地の１４,077-543-5638,厚生労働省オープンデータ,https://www.mhlw.go.jp/content/12300000/jigyosho_430.csv,2025-12末,https://www.google.com/search?q=%E3%81%82%E3%82%93%E3%81%97%E3%81%83%E5%B1%85%E5%AE%85%E4%BB%8B%E8%AD%B7%E6%94%AF%E6%8F%B4%E4%BA%8B%E6%A5%AD%E6%89%80%20%E5%A4%A7%E6%B4%A5%E5%B8%82
居宅介護支援事業所りんく大津,ケアマネジャー・居宅介護支援,滋賀県,大津市,"介護,ケアマネジャー・居宅介護支援,相談",介護サービスの計画作成や事業所調整を行う相談先です。退院後の生活準備で重要です。,http://link-otsu.jp,滋賀県大津市坂本1丁目3番27号,077-579-5112,厚生労働省オープンデータ,https://www.mhlw.go.jp/content/12300000/jigyosho_430.csv,2025-12末,https://www.google.com/search?q=%E5%B1%85%E5%AE%85%E4%BB%8B%E8%AD%B7%E6%94%AF%E6%8F%B4%E4%BA%8B%E6%A5%AD%E6%89%80%E3%82%8A%E3%82%93%E3%81%8F%E5%A4%A7%E6%B4%A5%20%E5%A4%A7%E6%B4%A5%E5%B8%82
アルカラ介護相談室,ケアマネジャー・居宅介護支援,滋賀県,大津市,"介護,ケアマネジャー・居宅介護支援,相談",介護サービスの計画作成や事業所調整を行う相談先です。退院後の生活準備で重要です。,http://hp.kaipoke.biz/uvu/,湖城が丘31番76号,077-576-6684,厚生労働省オープンデータ,https://www.mhlw.go.jp/content/12300000/jigyosho_430.csv,2025-12末,https://www.google.com/search?q=%E3%82%A2%E3%83%AB%E3%82%AB%E3%83%A9%E4%BB%8B%E8%AD%B7%E7%9B%B8%E8%AB%87%E5%AE%A4%20%E5%A4%A7%E6%B4%A5%E5%B8%82
居宅介護支援事業所みずうみ和迩,ケアマネジャー・居宅介護支援,滋賀県,大津市,"介護,ケアマネジャー・居宅介護支援,相談",介護サービスの計画作成や事業所調整を行う相談先です。退院後の生活準備で重要です。,https://kokokufukushikai.com/,滋賀県大津市和邇中浜４７６,077-594-0210,厚生労働省オープンデータ,https://www.mhlw.go.jp/content/12300000/jigyosho_430.csv,2025-12末,https://www.google.com/search?q=%E5%B1%85%E5%AE%85%E4%BB%8B%E8%AD%B7%E6%94%AF%E6%8F%B4%E4%BA%8B%E6%A5%AD%E6%89%80%E3%81%BF%E3%81%9A%E3%81%86%E3%81%BF%E5%92%8C%E8%BF%A9%20%E5%A4%A7%E6%B4%A5%E5%B8%82
居宅介護支援事業所　笑心,ケアマネジャー・居宅介護支援,滋賀県,大津市,"介護,ケアマネジャー・居宅介護支援,相談",介護サービスの計画作成や事業所調整を行う相談先です。退院後の生活準備で重要です。,https://rush-ns.co.jp/,滋賀県大津市小関町7-33,077-523-7070,厚生労働省オープンデータ,https://www.mhlw.go.jp/content/12300000/jigyosho_430.csv,2025-12末,https://www.google.com/search?q=%E5%B1%85%E5%AE%85%E4%BB%8B%E8%AD%B7%E6%94%AF%E6%8F%B4%E4%BA%8B%E6%A5%AD%E6%89%80%E3%80%80%E7%AC%91%E5%BF%83%20%E5%A4%A7%E6%B4%A5%E5%B8%82
介護なんでも相談所くろづ,ケアマネジャー・居宅介護支援,滋賀県,大津市,"介護,ケアマネジャー・居宅介護支援,相談",介護サービスの計画作成や事業所調整を行う相談先です。退院後の生活準備で重要です。,https：//kurodu-clinic.jp,滋賀県大津市黒津２丁目15-28,077-572-5818,厚生労働省オープンデータ,https://www.mhlw.go.jp/content/12300000/jigyosho_430.csv,2025-12末,https://www.google.com/search?q=%E4%BB%8B%E8%AD%B7%E3%81%AA%E3%82%93%E3%81%A7%E3%82%82%E7%9B%B8%E8%AB%87%E6%89%80%E3%81%8F%E3%82%8D%E3%81%A5%20%E5%A4%A7%E6%B4%A5%E5%B8%82
ケアプランセンターあんず,ケアマネジャー・居宅介護支援,滋賀県,大津市,"介護,ケアマネジャー・居宅介護支援,相談",介護サービスの計画作成や事業所調整を行う相談先です。退院後の生活準備で重要です。,https://www.google.com/search?q=%E3%82%B1%E3%82%A2%E3%83%97%E3%83%A9%E3%83%B3%E3%82%BB%E3%83%B3%E3%82%BF%E3%83%BC%E3%81%82%E3%82%93%E3%81%9A%20%E5%A4%A7%E6%B4%A5%E5%B8%82,滋賀県大津市稲津二丁目３の３０,０７７－５３６－６２６２,厚生労働省オープンデータ,https://www.mhlw.go.jp/content/12300000/jigyosho_430.csv,2025-12末,https://www.google.com/search?q=%E3%82%B1%E3%82%A2%E3%83%97%E3%83%A9%E3%83%B3%E3%82%BB%E3%83%B3%E3%82%BF%E3%83%BC%E3%81%82%E3%82%93%E3%81%9A%20%E5%A4%A7%E6%B4%A5%E5%B8%82
うらら居宅介護支援事業所,ケアマネジャー・居宅介護支援,滋賀県,大津市,"介護,ケアマネジャー・居宅介護支援,相談",介護サービスの計画作成や事業所調整を行う相談先です。退院後の生活準備で重要です。,https://urara-kaigo.com,大津市木下町7-39,077-525-7245,厚生労働省オープンデータ,https://www.mhlw.go.jp/content/12300000/jigyosho_430.csv,2025-12末,https://www.google.com/search?q=%E3%81%86%E3%82%89%E3%82%89%E5%B1%85%E5%AE%85%E4%BB%8B%E8%AD%B7%E6%94%AF%E6%8F%B4%E4%BA%8B%E6%A5%AD%E6%89%80%20%E5%A4%A7%E6%B4%A5%E5%B8%82
ケアプランセンター　よもぎの里,ケアマネジャー・居宅介護支援,滋賀県,彦根市,"介護,ケアマネジャー・居宅介護支援,相談",介護サービスの計画作成や事業所調整を行う相談先です。退院後の生活準備で重要です。,hi-yomogi.com,滋賀県彦根市平田町901番地,0749-20-5181,厚生労働省オープンデータ,https://www.mhlw.go.jp/content/12300000/jigyosho_430.csv,2025-12末,https://www.google.com/search?q=%E3%82%B1%E3%82%A2%E3%83%97%E3%83%A9%E3%83%B3%E3%82%BB%E3%83%B3%E3%82%BF%E3%83%BC%E3%80%80%E3%82%88%E3%82%82%E3%81%8E%E3%81%AE%E9%87%8C%20%E5%BD%A6%E6%A0%B9%E5%B8%82
友仁ケアプラン支援センター,ケアマネジャー・居宅介護支援,滋賀県,彦根市,"介護,ケアマネジャー・居宅介護支援,相談",介護サービスの計画作成や事業所調整を行う相談先です。退院後の生活準備で重要です。,http://www.yujin-kaigo.com/,彦根市竹ヶ鼻町８０番地,0749-21-3305,厚生労働省オープンデータ,https://www.mhlw.go.jp/content/12300000/jigyosho_430.csv,2025-12末,https://www.google.com/search?q=%E5%8F%8B%E4%BB%81%E3%82%B1%E3%82%A2%E3%83%97%E3%83%A9%E3%83%B3%E6%94%AF%E6%8F%B4%E3%82%BB%E3%83%B3%E3%82%BF%E3%83%BC%20%E5%BD%A6%E6%A0%B9%E5%B8%82
ケアプランセンターわかば,ケアマネジャー・居宅介護支援,滋賀県,彦根市,"介護,ケアマネジャー・居宅介護支援,相談",介護サービスの計画作成や事業所調整を行う相談先です。退院後の生活準備で重要です。,oozora-care.com,滋賀県彦根市平田町162番地15,0749-30-1153,厚生労働省オープンデータ,https://www.mhlw.go.jp/content/12300000/jigyosho_430.csv,2025-12末,https://www.google.com/search?q=%E3%82%B1%E3%82%A2%E3%83%97%E3%83%A9%E3%83%B3%E3%82%BB%E3%83%B3%E3%82%BF%E3%83%BC%E3%82%8F%E3%81%8B%E3%81%B0%20%E5%BD%A6%E6%A0%B9%E5%B8%82
ゆりの木ケアプランセンター,ケアマネジャー・居宅介護支援,滋賀県,彦根市,"介護,ケアマネジャー・居宅介護支援,相談",介護サービスの計画作成や事業所調整を行う相談先です。退院後の生活準備で重要です。,https://www.google.com/search?q=%E3%82%86%E3%82%8A%E3%81%AE%E6%9C%A8%E3%82%B1%E3%82%A2%E3%83%97%E3%83%A9%E3%83%B3%E3%82%BB%E3%83%B3%E3%82%BF%E3%83%BC%20%E5%BD%A6%E6%A0%B9%E5%B8%82,滋賀県彦根市松原町網代口1435-13,0749-26-9880,厚生労働省オープンデータ,https://www.mhlw.go.jp/content/12300000/jigyosho_430.csv,2025-12末,https://www.google.com/search?q=%E3%82%86%E3%82%8A%E3%81%AE%E6%9C%A8%E3%82%B1%E3%82%A2%E3%83%97%E3%83%A9%E3%83%B3%E3%82%BB%E3%83%B3%E3%82%BF%E3%83%BC%20%E5%BD%A6%E6%A0%B9%E5%B8%82
ケアプランセンターAsumo,ケアマネジャー・居宅介護支援,滋賀県,彦根市,"介護,ケアマネジャー・居宅介護支援,相談",介護サービスの計画作成や事業所調整を行う相談先です。退院後の生活準備で重要です。,https://www.google.com/search?q=%E3%82%B1%E3%82%A2%E3%83%97%E3%83%A9%E3%83%B3%E3%82%BB%E3%83%B3%E3%82%BF%E3%83%BCAsumo%20%E5%BD%A6%E6%A0%B9%E5%B8%82,滋賀県彦根市清崎町274-14,0749-47-6291,厚生労働省オープンデータ,https://www.mhlw.go.jp/content/12300000/jigyosho_430.csv,2025-12末,https://www.google.com/search?q=%E3%82%B1%E3%82%A2%E3%83%97%E3%83%A9%E3%83%B3%E3%82%BB%E3%83%B3%E3%82%BF%E3%83%BCAsumo%20%E5%BD%A6%E6%A0%B9%E5%B8%82
有限会社　フロルケア,ケアマネジャー・居宅介護支援,滋賀県,彦根市,"介護,ケアマネジャー・居宅介護支援,相談",介護サービスの計画作成や事業所調整を行う相談先です。退院後の生活準備で重要です。,https://www.google.com/search?q=%E6%9C%89%E9%99%90%E4%BC%9A%E7%A4%BE%E3%80%80%E3%83%95%E3%83%AD%E3%83%AB%E3%82%B1%E3%82%A2%20%E5%BD%A6%E6%A0%B9%E5%B8%82,彦根市日夏町３６６２－４メイプルコート日夏,0749-28-4135,厚生労働省オープンデータ,https://www.mhlw.go.jp/content/12300000/jigyosho_430.csv,2025-12末,https://www.google.com/search?q=%E6%9C%89%E9%99%90%E4%BC%9A%E7%A4%BE%E3%80%80%E3%83%95%E3%83%AD%E3%83%AB%E3%82%B1%E3%82%A2%20%E5%BD%A6%E6%A0%B9%E5%B8%82
ケアプランセンターひまわり,ケアマネジャー・居宅介護支援,滋賀県,彦根市,"介護,ケアマネジャー・居宅介護支援,相談",介護サービスの計画作成や事業所調整を行う相談先です。退院後の生活準備で重要です。,http：//www.soin-vie.co.jp,滋賀県彦根市里根町191番地1,0749-26-5520,厚生労働省オープンデータ,https://www.mhlw.go.jp/content/12300000/jigyosho_430.csv,2025-12末,https://www.google.com/search?q=%E3%82%B1%E3%82%A2%E3%83%97%E3%83%A9%E3%83%B3%E3%82%BB%E3%83%B3%E3%82%BF%E3%83%BC%E3%81%B2%E3%81%BE%E3%82%8F%E3%82%8A%20%E5%BD%A6%E6%A0%B9%E5%B8%82
ぴあ野ケアプランセンター,ケアマネジャー・居宅介護支援,滋賀県,彦根市,"介護,ケアマネジャー・居宅介護支援,相談",介護サービスの計画作成や事業所調整を行う相談先です。退院後の生活準備で重要です。,https://www.google.com/search?q=%E3%81%B4%E3%81%82%E9%87%8E%E3%82%B1%E3%82%A2%E3%83%97%E3%83%A9%E3%83%B3%E3%82%BB%E3%83%B3%E3%82%BF%E3%83%BC%20%E5%BD%A6%E6%A0%B9%E5%B8%82,滋賀県彦根市南川瀬町1516,0749-30-9888,厚生労働省オープンデータ,https://www.mhlw.go.jp/content/12300000/jigyosho_430.csv,2025-12末,https://www.google.com/search?q=%E3%81%B4%E3%81%82%E9%87%8E%E3%82%B1%E3%82%A2%E3%83%97%E3%83%A9%E3%83%B3%E3%82%BB%E3%83%B3%E3%82%BF%E3%83%BC%20%E5%BD%A6%E6%A0%B9%E5%B8%82
社会福祉法人千歳会,ケアマネジャー・居宅介護支援,滋賀県,彦根市,"介護,ケアマネジャー・居宅介護支援,相談",介護サービスの計画作成や事業所調整を行う相談先です。退院後の生活準備で重要です。,http://chitosekai.net,河原二丁目１番３号,0749-21-5144,厚生労働省オープンデータ,https://www.mhlw.go.jp/content/12300000/jigyosho_430.csv,2025-12末,https://www.google.com/search?q=%E7%A4%BE%E4%BC%9A%E7%A6%8F%E7%A5%89%E6%B3%95%E4%BA%BA%E5%8D%83%E6%AD%B3%E4%BC%9A%20%E5%BD%A6%E6%A0%B9%E5%B8%82
医療法人恭昭会彦根中央病院居宅介護支援事業所はるのうみ,ケアマネジャー・居宅介護支援,滋賀県,彦根市,"介護,ケアマネジャー・居宅介護支援,相談",介護サービスの計画作成や事業所調整を行う相談先です。退院後の生活準備で重要です。,http://www.hikone.or.jp/,滋賀県彦根市西今町369-1,0749-27-6531,厚生労働省オープンデータ,https://www.mhlw.go.jp/content/12300000/jigyosho_430.csv,2025-12末,https://www.google.com/search?q=%E5%8C%BB%E7%99%82%E6%B3%95%E4%BA%BA%E6%81%AD%E6%98%AD%E4%BC%9A%E5%BD%A6%E6%A0%B9%E4%B8%AD%E5%A4%AE%E7%97%85%E9%99%A2%E5%B1%85%E5%AE%85%E4%BB%8B%E8%AD%B7%E6%94%AF%E6%8F%B4%E4%BA%8B%E6%A5%AD%E6%89%80%E3%81%AF%E3%82%8B%E3%81%AE%E3%81%86%E3%81%BF%20%E5%BD%A6%E6%A0%B9%E5%B8%82
ケアプランセンターはえみ,ケアマネジャー・居宅介護支援,滋賀県,彦根市,"介護,ケアマネジャー・居宅介護支援,相談",介護サービスの計画作成や事業所調整を行う相談先です。退院後の生活準備で重要です。,https://www.google.com/search?q=%E3%82%B1%E3%82%A2%E3%83%97%E3%83%A9%E3%83%B3%E3%82%BB%E3%83%B3%E3%82%BF%E3%83%BC%E3%81%AF%E3%81%88%E3%81%BF%20%E5%BD%A6%E6%A0%B9%E5%B8%82,彦根市田附町1227,0749-20-4876,厚生労働省オープンデータ,https://www.mhlw.go.jp/content/12300000/jigyosho_430.csv,2025-12末,https://www.google.com/search?q=%E3%82%B1%E3%82%A2%E3%83%97%E3%83%A9%E3%83%B3%E3%82%BB%E3%83%B3%E3%82%BF%E3%83%BC%E3%81%AF%E3%81%88%E3%81%BF%20%E5%BD%A6%E6%A0%B9%E5%B8%82
社会福祉法人彦根市社会福祉協議会居宅介護支援事業所,ケアマネジャー・居宅介護支援,滋賀県,彦根市,"介護,ケアマネジャー・居宅介護支援,相談",介護サービスの計画作成や事業所調整を行う相談先です。退院後の生活準備で重要です。,https://www.hikone-shakyo.or.jp,彦根市平田町670番地彦根市福祉センター別館１階,0749-21-4117,厚生労働省オープンデータ,https://www.mhlw.go.jp/content/12300000/jigyosho_430.csv,2025-12末,https://www.google.com/search?q=%E7%A4%BE%E4%BC%9A%E7%A6%8F%E7%A5%89%E6%B3%95%E4%BA%BA%E5%BD%A6%E6%A0%B9%E5%B8%82%E7%A4%BE%E4%BC%9A%E7%A6%8F%E7%A5%89%E5%8D%94%E8%AD%B0%E4%BC%9A%E5%B1%85%E5%AE%85%E4%BB%8B%E8%AD%B7%E6%94%AF%E6%8F%B4%E4%BA%8B%E6%A5%AD%E6%89%80%20%E5%BD%A6%E6%A0%B9%E5%B8%82
JA東びわこ愛あいステーション,ケアマネジャー・居宅介護支援,滋賀県,彦根市,"介護,ケアマネジャー・居宅介護支援,相談",介護サービスの計画作成や事業所調整を行う相談先です。退院後の生活準備で重要です。,http://www.east.jas.or.jp,滋賀県彦根市賀田山町234-6,0749-28-7171,厚生労働省オープンデータ,https://www.mhlw.go.jp/content/12300000/jigyosho_430.csv,2025-12末,https://www.google.com/search?q=JA%E6%9D%B1%E3%81%B3%E3%82%8F%E3%81%93%E6%84%9B%E3%81%82%E3%81%84%E3%82%B9%E3%83%86%E3%83%BC%E3%82%B7%E3%83%A7%E3%83%B3%20%E5%BD%A6%E6%A0%B9%E5%B8%82
みずほ介護支援センター,ケアマネジャー・居宅介護支援,滋賀県,彦根市,"介護,ケアマネジャー・居宅介護支援,相談",介護サービスの計画作成や事業所調整を行う相談先です。退院後の生活準備で重要です。,https://www.google.com/search?q=%E3%81%BF%E3%81%9A%E3%81%BB%E4%BB%8B%E8%AD%B7%E6%94%AF%E6%8F%B4%E3%82%BB%E3%83%B3%E3%82%BF%E3%83%BC%20%E5%BD%A6%E6%A0%B9%E5%B8%82,滋賀県彦根市日夏町2906番地5,0749-28-0841,厚生労働省オープンデータ,https://www.mhlw.go.jp/content/12300000/jigyosho_430.csv,2025-12末,https://www.google.com/search?q=%E3%81%BF%E3%81%9A%E3%81%BB%E4%BB%8B%E8%AD%B7%E6%94%AF%E6%8F%B4%E3%82%BB%E3%83%B3%E3%82%BF%E3%83%BC%20%E5%BD%A6%E6%A0%B9%E5%B8%82
ケアマネジメントもくれん,ケアマネジャー・居宅介護支援,滋賀県,彦根市,"介護,ケアマネジャー・居宅介護支援,相談",介護サービスの計画作成や事業所調整を行う相談先です。退院後の生活準備で重要です。,https://mokuren-hikone.amebaownd.com/,滋賀県彦根市野瀬町658番地メゾンレトワール103号室,0749-49-3202,厚生労働省オープンデータ,https://www.mhlw.go.jp/content/12300000/jigyosho_430.csv,2025-12末,https://www.google.com/search?q=%E3%82%B1%E3%82%A2%E3%83%9E%E3%83%8D%E3%82%B8%E3%83%A1%E3%83%B3%E3%83%88%E3%82%82%E3%81%8F%E3%82%8C%E3%82%93%20%E5%BD%A6%E6%A0%B9%E5%B8%82
ケアプランセンターナッツ,ケアマネジャー・居宅介護支援,滋賀県,彦根市,"介護,ケアマネジャー・居宅介護支援,相談",介護サービスの計画作成や事業所調整を行う相談先です。退院後の生活準備で重要です。,https://www.google.com/search?q=%E3%82%B1%E3%82%A2%E3%83%97%E3%83%A9%E3%83%B3%E3%82%BB%E3%83%B3%E3%82%BF%E3%83%BC%E3%83%8A%E3%83%83%E3%83%84%20%E5%BD%A6%E6%A0%B9%E5%B8%82,滋賀県彦根市野瀬町683,0749-28-4565,厚生労働省オープンデータ,https://www.mhlw.go.jp/content/12300000/jigyosho_430.csv,2025-12末,https://www.google.com/search?q=%E3%82%B1%E3%82%A2%E3%83%97%E3%83%A9%E3%83%B3%E3%82%BB%E3%83%B3%E3%82%BF%E3%83%BC%E3%83%8A%E3%83%83%E3%83%84%20%E5%BD%A6%E6%A0%B9%E5%B8%82
ケアプランセンターアピオ,ケアマネジャー・居宅介護支援,滋賀県,彦根市,"介護,ケアマネジャー・居宅介護支援,相談",介護サービスの計画作成や事業所調整を行う相談先です。退院後の生活準備で重要です。,https://www.google.com/search?q=%E3%82%B1%E3%82%A2%E3%83%97%E3%83%A9%E3%83%B3%E3%82%BB%E3%83%B3%E3%82%BF%E3%83%BC%E3%82%A2%E3%83%94%E3%82%AA%20%E5%BD%A6%E6%A0%B9%E5%B8%82,滋賀県彦根市竹ヶ鼻町124-3プレステージⅠテナントB,0749-47-3919,厚生労働省オープンデータ,https://www.mhlw.go.jp/content/12300000/jigyosho_430.csv,2025-12末,https://www.google.com/search?q=%E3%82%B1%E3%82%A2%E3%83%97%E3%83%A9%E3%83%B3%E3%82%BB%E3%83%B3%E3%82%BF%E3%83%BC%E3%82%A2%E3%83%94%E3%82%AA%20%E5%BD%A6%E6%A0%B9%E5%B8%82
さざなみ苑居宅介護支援センター,ケアマネジャー・居宅介護支援,滋賀県,彦根市,"介護,ケアマネジャー・居宅介護支援,相談",介護サービスの計画作成や事業所調整を行う相談先です。退院後の生活準備で重要です。,http://www.sazanamien.com,彦根市城町二丁目１３番３号,0749-27-1564,厚生労働省オープンデータ,https://www.mhlw.go.jp/content/12300000/jigyosho_430.csv,2025-12末,https://www.google.com/search?q=%E3%81%95%E3%81%96%E3%81%AA%E3%81%BF%E8%8B%91%E5%B1%85%E5%AE%85%E4%BB%8B%E8%AD%B7%E6%94%AF%E6%8F%B4%E3%82%BB%E3%83%B3%E3%82%BF%E3%83%BC%20%E5%BD%A6%E6%A0%B9%E5%B8%82
居宅介護支援センター　マックスひこね,ケアマネジャー・居宅介護支援,滋賀県,彦根市,"介護,ケアマネジャー・居宅介護支援,相談",介護サービスの計画作成や事業所調整を行う相談先です。退院後の生活準備で重要です。,https://www.google.com/search?q=%E5%B1%85%E5%AE%85%E4%BB%8B%E8%AD%B7%E6%94%AF%E6%8F%B4%E3%82%BB%E3%83%B3%E3%82%BF%E3%83%BC%E3%80%80%E3%83%9E%E3%83%83%E3%82%AF%E3%82%B9%E3%81%B2%E3%81%93%E3%81%AD%20%E5%BD%A6%E6%A0%B9%E5%B8%82,彦根市後三条520-1,0749-21-4800,厚生労働省オープンデータ,https://www.mhlw.go.jp/content/12300000/jigyosho_430.csv,2025-12末,https://www.google.com/search?q=%E5%B1%85%E5%AE%85%E4%BB%8B%E8%AD%B7%E6%94%AF%E6%8F%B4%E3%82%BB%E3%83%B3%E3%82%BF%E3%83%BC%E3%80%80%E3%83%9E%E3%83%83%E3%82%AF%E3%82%B9%E3%81%B2%E3%81%93%E3%81%AD%20%E5%BD%A6%E6%A0%B9%E5%B8%82
鈴木ヘルスケアサービスいなえ,ケアマネジャー・居宅介護支援,滋賀県,彦根市,"介護,ケアマネジャー・居宅介護支援,相談",介護サービスの計画作成や事業所調整を行う相談先です。退院後の生活準備で重要です。,http://suzukihealthcare.co.jp,彦根市田原町87-2,0749-43-7660,厚生労働省オープンデータ,https://www.mhlw.go.jp/content/12300000/jigyosho_430.csv,2025-12末,https://www.google.com/search?q=%E9%88%B4%E6%9C%A8%E3%83%98%E3%83%AB%E3%82%B9%E3%82%B1%E3%82%A2%E3%82%B5%E3%83%BC%E3%83%93%E3%82%B9%E3%81%84%E3%81%AA%E3%81%88%20%E5%BD%A6%E6%A0%B9%E5%B8%82
ケアプランセンターどりーむ,ケアマネジャー・居宅介護支援,滋賀県,彦根市,"介護,ケアマネジャー・居宅介護支援,相談",介護サービスの計画作成や事業所調整を行う相談先です。退院後の生活準備で重要です。,careplancenter-dream.jimdosite.com,滋賀県彦根市和田町2番地11,0749-49-2671,厚生労働省オープンデータ,https://www.mhlw.go.jp/content/12300000/jigyosho_430.csv,2025-12末,https://www.google.com/search?q=%E3%82%B1%E3%82%A2%E3%83%97%E3%83%A9%E3%83%B3%E3%82%BB%E3%83%B3%E3%82%BF%E3%83%BC%E3%81%A9%E3%82%8A%E3%83%BC%E3%82%80%20%E5%BD%A6%E6%A0%B9%E5%B8%82
ＪＡ東びわこ愛あいステーションたかみや,ケアマネジャー・居宅介護支援,滋賀県,彦根市,"介護,ケアマネジャー・居宅介護支援,相談",介護サービスの計画作成や事業所調整を行う相談先です。退院後の生活準備で重要です。,http://www.east.jas.or.jp,滋賀県彦根市高宮町１０１７－２,０７４９－２４－１１６６,厚生労働省オープンデータ,https://www.mhlw.go.jp/content/12300000/jigyosho_430.csv,2025-12末,https://www.google.com/search?q=%EF%BC%AA%EF%BC%A1%E6%9D%B1%E3%81%B3%E3%82%8F%E3%81%93%E6%84%9B%E3%81%82%E3%81%84%E3%82%B9%E3%83%86%E3%83%BC%E3%82%B7%E3%83%A7%E3%83%B3%E3%81%9F%E3%81%8B%E3%81%BF%E3%82%84%20%E5%BD%A6%E6%A0%B9%E5%B8%82
田中ケアサービス株式会社彦根支援センター,ケアマネジャー・居宅介護支援,滋賀県,彦根市,"介護,ケアマネジャー・居宅介護支援,相談",介護サービスの計画作成や事業所調整を行う相談先です。退院後の生活準備で重要です。,http://www.tanakacare.co.jp,滋賀県彦根市外町浄土１２９－２,0749-21-1117,厚生労働省オープンデータ,https://www.mhlw.go.jp/content/12300000/jigyosho_430.csv,2025-12末,https://www.google.com/search?q=%E7%94%B0%E4%B8%AD%E3%82%B1%E3%82%A2%E3%82%B5%E3%83%BC%E3%83%93%E3%82%B9%E6%A0%AA%E5%BC%8F%E4%BC%9A%E7%A4%BE%E5%BD%A6%E6%A0%B9%E6%94%AF%E6%8F%B4%E3%82%BB%E3%83%B3%E3%82%BF%E3%83%BC%20%E5%BD%A6%E6%A0%B9%E5%B8%82
居宅介護支援事業所ピリカ,ケアマネジャー・居宅介護支援,滋賀県,彦根市,"介護,ケアマネジャー・居宅介護支援,相談",介護サービスの計画作成や事業所調整を行う相談先です。退院後の生活準備で重要です。,http://homesweethome.jp/pirica,滋賀県彦根市新海浜2-4-15,0749-20-2489,厚生労働省オープンデータ,https://www.mhlw.go.jp/content/12300000/jigyosho_430.csv,2025-12末,https://www.google.com/search?q=%E5%B1%85%E5%AE%85%E4%BB%8B%E8%AD%B7%E6%94%AF%E6%8F%B4%E4%BA%8B%E6%A5%AD%E6%89%80%E3%83%94%E3%83%AA%E3%82%AB%20%E5%BD%A6%E6%A0%B9%E5%B8%82
アイズケア居宅介護支援事業所　あったかケアプランセンター,ケアマネジャー・居宅介護支援,滋賀県,彦根市,"介護,ケアマネジャー・居宅介護支援,相談",介護サービスの計画作成や事業所調整を行う相談先です。退院後の生活準備で重要です。,https://www.iscare.co.jp,滋賀県彦根市戸賀町100-50,0749-23-2430,厚生労働省オープンデータ,https://www.mhlw.go.jp/content/12300000/jigyosho_430.csv,2025-12末,https://www.google.com/search?q=%E3%82%A2%E3%82%A4%E3%82%BA%E3%82%B1%E3%82%A2%E5%B1%85%E5%AE%85%E4%BB%8B%E8%AD%B7%E6%94%AF%E6%8F%B4%E4%BA%8B%E6%A5%AD%E6%89%80%E3%80%80%E3%81%82%E3%81%A3%E3%81%9F%E3%81%8B%E3%82%B1%E3%82%A2%E3%83%97%E3%83%A9%E3%83%B3%E3%82%BB%E3%83%B3%E3%82%BF%E3%83%BC%20%E5%BD%A6%E6%A0%B9%E5%B8%82
かいこうの郷居宅介護支援事業所,ケアマネジャー・居宅介護支援,滋賀県,彦根市,"介護,ケアマネジャー・居宅介護支援,相談",介護サービスの計画作成や事業所調整を行う相談先です。退院後の生活準備で重要です。,www.taijyukai.net,滋賀県彦根市日夏町151,0749-28-7951,厚生労働省オープンデータ,https://www.mhlw.go.jp/content/12300000/jigyosho_430.csv,2025-12末,https://www.google.com/search?q=%E3%81%8B%E3%81%84%E3%81%93%E3%81%86%E3%81%AE%E9%83%B7%E5%B1%85%E5%AE%85%E4%BB%8B%E8%AD%B7%E6%94%AF%E6%8F%B4%E4%BA%8B%E6%A5%AD%E6%89%80%20%E5%BD%A6%E6%A0%B9%E5%B8%82
彦根ケアセンターそよ風,ケアマネジャー・居宅介護支援,滋賀県,彦根市,"介護,ケアマネジャー・居宅介護支援,相談",介護サービスの計画作成や事業所調整を行う相談先です。退院後の生活準備で重要です。,https://www.sykz.co.jp/shisetsu-zaitaku/254493,駅東町2番3,0749-27-2131,厚生労働省オープンデータ,https://www.mhlw.go.jp/content/12300000/jigyosho_430.csv,2025-12末,https://www.google.com/search?q=%E5%BD%A6%E6%A0%B9%E3%82%B1%E3%82%A2%E3%82%BB%E3%83%B3%E3%82%BF%E3%83%BC%E3%81%9D%E3%82%88%E9%A2%A8%20%E5%BD%A6%E6%A0%B9%E5%B8%82
近江ふるさと会居宅介護支援事業所,ケアマネジャー・居宅介護支援,滋賀県,彦根市,"介護,ケアマネジャー・居宅介護支援,相談",介護サービスの計画作成や事業所調整を行う相談先です。退院後の生活準備で重要です。,http://www.omi-furusato.jp,滋賀県彦根市開出今町1351番地3近江ふるさと会館,0749-22-1121,厚生労働省オープンデータ,https://www.mhlw.go.jp/content/12300000/jigyosho_430.csv,2025-12末,https://www.google.com/search?q=%E8%BF%91%E6%B1%9F%E3%81%B5%E3%82%8B%E3%81%95%E3%81%A8%E4%BC%9A%E5%B1%85%E5%AE%85%E4%BB%8B%E8%AD%B7%E6%94%AF%E6%8F%B4%E4%BA%8B%E6%A5%AD%E6%89%80%20%E5%BD%A6%E6%A0%B9%E5%B8%82
ケアプランセンターえんじゅ河瀬,ケアマネジャー・居宅介護支援,滋賀県,彦根市,"介護,ケアマネジャー・居宅介護支援,相談",介護サービスの計画作成や事業所調整を行う相談先です。退院後の生活準備で重要です。,https://www.t-s-i.jp,彦根市西葛籠町西浦322-6,0749-46-3773,厚生労働省オープンデータ,https://www.mhlw.go.jp/content/12300000/jigyosho_430.csv,2025-12末,https://www.google.com/search?q=%E3%82%B1%E3%82%A2%E3%83%97%E3%83%A9%E3%83%B3%E3%82%BB%E3%83%B3%E3%82%BF%E3%83%BC%E3%81%88%E3%82%93%E3%81%98%E3%82%85%E6%B2%B3%E7%80%AC%20%E5%BD%A6%E6%A0%B9%E5%B8%82
すみよしクリニックケアプランセンター,ケアマネジャー・居宅介護支援,滋賀県,彦根市,"介護,ケアマネジャー・居宅介護支援,相談",介護サービスの計画作成や事業所調整を行う相談先です。退院後の生活準備で重要です。,http://www.koyoukai.com,滋賀県彦根市竹ヶ鼻町292－1,0749－30－9600,厚生労働省オープンデータ,https://www.mhlw.go.jp/content/12300000/jigyosho_430.csv,2025-12末,https://www.google.com/search?q=%E3%81%99%E3%81%BF%E3%82%88%E3%81%97%E3%82%AF%E3%83%AA%E3%83%8B%E3%83%83%E3%82%AF%E3%82%B1%E3%82%A2%E3%83%97%E3%83%A9%E3%83%B3%E3%82%BB%E3%83%B3%E3%82%BF%E3%83%BC%20%E5%BD%A6%E6%A0%B9%E5%B8%82
鈴木ヘルスケアサービス,ケアマネジャー・居宅介護支援,滋賀県,彦根市,"介護,ケアマネジャー・居宅介護支援,相談",介護サービスの計画作成や事業所調整を行う相談先です。退院後の生活準備で重要です。,http://suzukihealthcare.co.jp,彦根市後三条町３５０－３,0749-24-0656,厚生労働省オープンデータ,https://www.mhlw.go.jp/content/12300000/jigyosho_430.csv,2025-12末,https://www.google.com/search?q=%E9%88%B4%E6%9C%A8%E3%83%98%E3%83%AB%E3%82%B9%E3%82%B1%E3%82%A2%E3%82%B5%E3%83%BC%E3%83%93%E3%82%B9%20%E5%BD%A6%E6%A0%B9%E5%B8%82
ニチイケアセンター彦根,ケアマネジャー・居宅介護支援,滋賀県,彦根市,"介護,ケアマネジャー・居宅介護支援,相談",介護サービスの計画作成や事業所調整を行う相談先です。退院後の生活準備で重要です。,https://www.google.com/search?q=%E3%83%8B%E3%83%81%E3%82%A4%E3%82%B1%E3%82%A2%E3%82%BB%E3%83%B3%E3%82%BF%E3%83%BC%E5%BD%A6%E6%A0%B9%20%E5%BD%A6%E6%A0%B9%E5%B8%82,滋賀県彦根市西葛籠町311番地６,0749-28-7117,厚生労働省オープンデータ,https://www.mhlw.go.jp/content/12300000/jigyosho_430.csv,2025-12末,https://www.google.com/search?q=%E3%83%8B%E3%83%81%E3%82%A4%E3%82%B1%E3%82%A2%E3%82%BB%E3%83%B3%E3%82%BF%E3%83%BC%E5%BD%A6%E6%A0%B9%20%E5%BD%A6%E6%A0%B9%E5%B8%82
シンシア・ケアプランセンター彦根,ケアマネジャー・居宅介護支援,滋賀県,彦根市,"介護,ケアマネジャー・居宅介護支援,相談",介護サービスの計画作成や事業所調整を行う相談先です。退院後の生活準備で重要です。,https://www.google.com/search?q=%E3%82%B7%E3%83%B3%E3%82%B7%E3%82%A2%E3%83%BB%E3%82%B1%E3%82%A2%E3%83%97%E3%83%A9%E3%83%B3%E3%82%BB%E3%83%B3%E3%82%BF%E3%83%BC%E5%BD%A6%E6%A0%B9%20%E5%BD%A6%E6%A0%B9%E5%B8%82,鳥居本町1389-1,0749-23-0968,厚生労働省オープンデータ,https://www.mhlw.go.jp/content/12300000/jigyosho_430.csv,2025-12末,https://www.google.com/search?q=%E3%82%B7%E3%83%B3%E3%82%B7%E3%82%A2%E3%83%BB%E3%82%B1%E3%82%A2%E3%83%97%E3%83%A9%E3%83%B3%E3%82%BB%E3%83%B3%E3%82%BF%E3%83%BC%E5%BD%A6%E6%A0%B9%20%E5%BD%A6%E6%A0%B9%E5%B8%82
平田ケアプランセンター爽やかな風,ケアマネジャー・居宅介護支援,滋賀県,彦根市,"介護,ケアマネジャー・居宅介護支援,相談",介護サービスの計画作成や事業所調整を行う相談先です。退院後の生活準備で重要です。,https://www.sanga-kaigo.co.jp/,滋賀県彦根市平田町1114-1ひらた翔裕館Ⅰ号館,0749-21-2881,厚生労働省オープンデータ,https://www.mhlw.go.jp/content/12300000/jigyosho_430.csv,2025-12末,https://www.google.com/search?q=%E5%B9%B3%E7%94%B0%E3%82%B1%E3%82%A2%E3%83%97%E3%83%A9%E3%83%B3%E3%82%BB%E3%83%B3%E3%82%BF%E3%83%BC%E7%88%BD%E3%82%84%E3%81%8B%E3%81%AA%E9%A2%A8%20%E5%BD%A6%E6%A0%B9%E5%B8%82
おぎはらケアサポート,ケアマネジャー・居宅介護支援,滋賀県,長浜市,"介護,ケアマネジャー・居宅介護支援,相談",介護サービスの計画作成や事業所調整を行う相談先です。退院後の生活準備で重要です。,https://www.big-advance.site/s/171/1267,滋賀県長浜市神照町783番地21,0749-57-6333,厚生労働省オープンデータ,https://www.mhlw.go.jp/content/12300000/jigyosho_430.csv,2025-12末,https://www.google.com/search?q=%E3%81%8A%E3%81%8E%E3%81%AF%E3%82%89%E3%82%B1%E3%82%A2%E3%82%B5%E3%83%9D%E3%83%BC%E3%83%88%20%E9%95%B7%E6%B5%9C%E5%B8%82
ケアマネジメントセンター琵琶,ケアマネジャー・居宅介護支援,滋賀県,長浜市,"介護,ケアマネジャー・居宅介護支援,相談",介護サービスの計画作成や事業所調整を行う相談先です。退院後の生活準備で重要です。,http://www.simosaka.jp,滋賀県長浜市川道町2694,0749-72-8003,厚生労働省オープンデータ,https://www.mhlw.go.jp/content/12300000/jigyosho_430.csv,2025-12末,https://www.google.com/search?q=%E3%82%B1%E3%82%A2%E3%83%9E%E3%83%8D%E3%82%B8%E3%83%A1%E3%83%B3%E3%83%88%E3%82%BB%E3%83%B3%E3%82%BF%E3%83%BC%E7%90%B5%E7%90%B6%20%E9%95%B7%E6%B5%9C%E5%B8%82
ケアプラン　いっぽん,ケアマネジャー・居宅介護支援,滋賀県,長浜市,"介護,ケアマネジャー・居宅介護支援,相談",介護サービスの計画作成や事業所調整を行う相談先です。退院後の生活準備で重要です。,https://www.google.com/search?q=%E3%82%B1%E3%82%A2%E3%83%97%E3%83%A9%E3%83%B3%E3%80%80%E3%81%84%E3%81%A3%E3%81%BD%E3%82%93%20%E9%95%B7%E6%B5%9C%E5%B8%82,滋賀県長浜市高月町高月167,0749-85-5443,厚生労働省オープンデータ,https://www.mhlw.go.jp/content/12300000/jigyosho_430.csv,2025-12末,https://www.google.com/search?q=%E3%82%B1%E3%82%A2%E3%83%97%E3%83%A9%E3%83%B3%E3%80%80%E3%81%84%E3%81%A3%E3%81%BD%E3%82%93%20%E9%95%B7%E6%B5%9C%E5%B8%82
ケアプランセンターまんてん,ケアマネジャー・居宅介護支援,滋賀県,長浜市,"介護,ケアマネジャー・居宅介護支援,相談",介護サービスの計画作成や事業所調整を行う相談先です。退院後の生活準備で重要です。,https://www.man-ten.org/,滋賀県長浜市高月町高月641番地2,0749-51-9069,厚生労働省オープンデータ,https://www.mhlw.go.jp/content/12300000/jigyosho_430.csv,2025-12末,https://www.google.com/search?q=%E3%82%B1%E3%82%A2%E3%83%97%E3%83%A9%E3%83%B3%E3%82%BB%E3%83%B3%E3%82%BF%E3%83%BC%E3%81%BE%E3%82%93%E3%81%A6%E3%82%93%20%E9%95%B7%E6%B5%9C%E5%B8%82
ケアプランセンターふれあい,ケアマネジャー・居宅介護支援,滋賀県,長浜市,"介護,ケアマネジャー・居宅介護支援,相談",介護サービスの計画作成や事業所調整を行う相談先です。退院後の生活準備で重要です。,http://www.fureai-s.jp/,滋賀県長浜市口分田町528-21,0749-63-0050,厚生労働省オープンデータ,https://www.mhlw.go.jp/content/12300000/jigyosho_430.csv,2025-12末,https://www.google.com/search?q=%E3%82%B1%E3%82%A2%E3%83%97%E3%83%A9%E3%83%B3%E3%82%BB%E3%83%B3%E3%82%BF%E3%83%BC%E3%81%B5%E3%82%8C%E3%81%82%E3%81%84%20%E9%95%B7%E6%B5%9C%E5%B8%82
ケアプランオレンジ,ケアマネジャー・居宅介護支援,滋賀県,長浜市,"介護,ケアマネジャー・居宅介護支援,相談",介護サービスの計画作成や事業所調整を行う相談先です。退院後の生活準備で重要です。,https://www.google.com/search?q=%E3%82%B1%E3%82%A2%E3%83%97%E3%83%A9%E3%83%B3%E3%82%AA%E3%83%AC%E3%83%B3%E3%82%B8%20%E9%95%B7%E6%B5%9C%E5%B8%82,内保町1033番地,0749－74－9011,厚生労働省オープンデータ,https://www.mhlw.go.jp/content/12300000/jigyosho_430.csv,2025-12末,https://www.google.com/search?q=%E3%82%B1%E3%82%A2%E3%83%97%E3%83%A9%E3%83%B3%E3%82%AA%E3%83%AC%E3%83%B3%E3%82%B8%20%E9%95%B7%E6%B5%9C%E5%B8%82
ふくら居宅介護支援事業所,ケアマネジャー・居宅介護支援,滋賀県,長浜市,"介護,ケアマネジャー・居宅介護支援,相談",介護サービスの計画作成や事業所調整を行う相談先です。退院後の生活準備で重要です。,http://www.glow.or.jp,長浜市内保町４８０番地,0749-74-0044,厚生労働省オープンデータ,https://www.mhlw.go.jp/content/12300000/jigyosho_430.csv,2025-12末,https://www.google.com/search?q=%E3%81%B5%E3%81%8F%E3%82%89%E5%B1%85%E5%AE%85%E4%BB%8B%E8%AD%B7%E6%94%AF%E6%8F%B4%E4%BA%8B%E6%A5%AD%E6%89%80%20%E9%95%B7%E6%B5%9C%E5%B8%82
けあカフェ　あんど,ケアマネジャー・居宅介護支援,滋賀県,長浜市,"介護,ケアマネジャー・居宅介護支援,相談",介護サービスの計画作成や事業所調整を行う相談先です。退院後の生活準備で重要です。,http://www.o-kourakukai.or.jp,滋賀県長浜市下坂中町２００番地１,0479-68-4025,厚生労働省オープンデータ,https://www.mhlw.go.jp/content/12300000/jigyosho_430.csv,2025-12末,https://www.google.com/search?q=%E3%81%91%E3%81%82%E3%82%AB%E3%83%95%E3%82%A7%E3%80%80%E3%81%82%E3%82%93%E3%81%A9%20%E9%95%B7%E6%B5%9C%E5%B8%82
シャトンケアプランセンター,ケアマネジャー・居宅介護支援,滋賀県,長浜市,"介護,ケアマネジャー・居宅介護支援,相談",介護サービスの計画作成や事業所調整を行う相談先です。退院後の生活準備で重要です。,https://www.google.com/search?q=%E3%82%B7%E3%83%A3%E3%83%88%E3%83%B3%E3%82%B1%E3%82%A2%E3%83%97%E3%83%A9%E3%83%B3%E3%82%BB%E3%83%B3%E3%82%BF%E3%83%BC%20%E9%95%B7%E6%B5%9C%E5%B8%82,滋賀県長浜市平方町1210番地25リバティハイツ　1階　102号室,0749－53－2156,厚生労働省オープンデータ,https://www.mhlw.go.jp/content/12300000/jigyosho_430.csv,2025-12末,https://www.google.com/search?q=%E3%82%B7%E3%83%A3%E3%83%88%E3%83%B3%E3%82%B1%E3%82%A2%E3%83%97%E3%83%A9%E3%83%B3%E3%82%BB%E3%83%B3%E3%82%BF%E3%83%BC%20%E9%95%B7%E6%B5%9C%E5%B8%82
田中ケアサービス株式会社長浜支援センター居宅介護支援事業所,ケアマネジャー・居宅介護支援,滋賀県,長浜市,"介護,ケアマネジャー・居宅介護支援,相談",介護サービスの計画作成や事業所調整を行う相談先です。退院後の生活準備で重要です。,http://ｗｗｗ.ｔanakacare.co.jp,滋賀県長浜市祇園町278-5,0749-68-2033,厚生労働省オープンデータ,https://www.mhlw.go.jp/content/12300000/jigyosho_430.csv,2025-12末,https://www.google.com/search?q=%E7%94%B0%E4%B8%AD%E3%82%B1%E3%82%A2%E3%82%B5%E3%83%BC%E3%83%93%E3%82%B9%E6%A0%AA%E5%BC%8F%E4%BC%9A%E7%A4%BE%E9%95%B7%E6%B5%9C%E6%94%AF%E6%8F%B4%E3%82%BB%E3%83%B3%E3%82%BF%E3%83%BC%E5%B1%85%E5%AE%85%E4%BB%8B%E8%AD%B7%E6%94%AF%E6%8F%B4%E4%BA%8B%E6%A5%AD%E6%89%80%20%E9%95%B7%E6%B5%9C%E5%B8%82
ケアマネ事業所三万一心,ケアマネジャー・居宅介護支援,滋賀県,長浜市,"介護,ケアマネジャー・居宅介護支援,相談",介護サービスの計画作成や事業所調整を行う相談先です。退院後の生活準備で重要です。,https://www.google.com/search?q=%E3%82%B1%E3%82%A2%E3%83%9E%E3%83%8D%E4%BA%8B%E6%A5%AD%E6%89%80%E4%B8%89%E4%B8%87%E4%B8%80%E5%BF%83%20%E9%95%B7%E6%B5%9C%E5%B8%82,滋賀県長浜市余呉町東野217番地1,09049549169,厚生労働省オープンデータ,https://www.mhlw.go.jp/content/12300000/jigyosho_430.csv,2025-12末,https://www.google.com/search?q=%E3%82%B1%E3%82%A2%E3%83%9E%E3%83%8D%E4%BA%8B%E6%A5%AD%E6%89%80%E4%B8%89%E4%B8%87%E4%B8%80%E5%BF%83%20%E9%95%B7%E6%B5%9C%E5%B8%82
ケアプランセンター　Garden,ケアマネジャー・居宅介護支援,滋賀県,長浜市,"介護,ケアマネジャー・居宅介護支援,相談",介護サービスの計画作成や事業所調整を行う相談先です。退院後の生活準備で重要です。,https://www.google.com/search?q=%E3%82%B1%E3%82%A2%E3%83%97%E3%83%A9%E3%83%B3%E3%82%BB%E3%83%B3%E3%82%BF%E3%83%BC%E3%80%80Garden%20%E9%95%B7%E6%B5%9C%E5%B8%82,滋賀県長浜市南田附町470,050-8894-7154,厚生労働省オープンデータ,https://www.mhlw.go.jp/content/12300000/jigyosho_430.csv,2025-12末,https://www.google.com/search?q=%E3%82%B1%E3%82%A2%E3%83%97%E3%83%A9%E3%83%B3%E3%82%BB%E3%83%B3%E3%82%BF%E3%83%BC%E3%80%80Garden%20%E9%95%B7%E6%B5%9C%E5%B8%82
田中ケアサービス株式会社高月支援センター,ケアマネジャー・居宅介護支援,滋賀県,長浜市,"介護,ケアマネジャー・居宅介護支援,相談",介護サービスの計画作成や事業所調整を行う相談先です。退院後の生活準備で重要です。,http://www.tanakacare.co.jp/,滋賀県長浜市高月町柏原418-1,0749-85-3365,厚生労働省オープンデータ,https://www.mhlw.go.jp/content/12300000/jigyosho_430.csv,2025-12末,https://www.google.com/search?q=%E7%94%B0%E4%B8%AD%E3%82%B1%E3%82%A2%E3%82%B5%E3%83%BC%E3%83%93%E3%82%B9%E6%A0%AA%E5%BC%8F%E4%BC%9A%E7%A4%BE%E9%AB%98%E6%9C%88%E6%94%AF%E6%8F%B4%E3%82%BB%E3%83%B3%E3%82%BF%E3%83%BC%20%E9%95%B7%E6%B5%9C%E5%B8%82
ケアプランつどい,ケアマネジャー・居宅介護支援,滋賀県,長浜市,"介護,ケアマネジャー・居宅介護支援,相談",介護サービスの計画作成や事業所調整を行う相談先です。退院後の生活準備で重要です。,http://chitoteto.net,滋賀県長浜市常喜町885番地,0749-57-6780,厚生労働省オープンデータ,https://www.mhlw.go.jp/content/12300000/jigyosho_430.csv,2025-12末,https://www.google.com/search?q=%E3%82%B1%E3%82%A2%E3%83%97%E3%83%A9%E3%83%B3%E3%81%A4%E3%81%A9%E3%81%84%20%E9%95%B7%E6%B5%9C%E5%B8%82
ケアパートナーヨシイ,ケアマネジャー・居宅介護支援,滋賀県,長浜市,"介護,ケアマネジャー・居宅介護支援,相談",介護サービスの計画作成や事業所調整を行う相談先です。退院後の生活準備で重要です。,https://www.cpsafa.com,滋賀県長浜市八幡東町308-4,0749-65-2822,厚生労働省オープンデータ,https://www.mhlw.go.jp/content/12300000/jigyosho_430.csv,2025-12末,https://www.google.com/search?q=%E3%82%B1%E3%82%A2%E3%83%91%E3%83%BC%E3%83%88%E3%83%8A%E3%83%BC%E3%83%A8%E3%82%B7%E3%82%A4%20%E9%95%B7%E6%B5%9C%E5%B8%82
真ごころケアプランセンター,ケアマネジャー・居宅介護支援,滋賀県,長浜市,"介護,ケアマネジャー・居宅介護支援,相談",介護サービスの計画作成や事業所調整を行う相談先です。退院後の生活準備で重要です。,https://www.google.com/search?q=%E7%9C%9F%E3%81%94%E3%81%93%E3%82%8D%E3%82%B1%E3%82%A2%E3%83%97%E3%83%A9%E3%83%B3%E3%82%BB%E3%83%B3%E3%82%BF%E3%83%BC%20%E9%95%B7%E6%B5%9C%E5%B8%82,滋賀県長浜市湖北町延勝寺1498,0749－50－4536,厚生労働省オープンデータ,https://www.mhlw.go.jp/content/12300000/jigyosho_430.csv,2025-12末,https://www.google.com/search?q=%E7%9C%9F%E3%81%94%E3%81%93%E3%82%8D%E3%82%B1%E3%82%A2%E3%83%97%E3%83%A9%E3%83%B3%E3%82%BB%E3%83%B3%E3%82%BF%E3%83%BC%20%E9%95%B7%E6%B5%9C%E5%B8%82
リーフル居宅介護支援事業所,ケアマネジャー・居宅介護支援,滋賀県,長浜市,"介護,ケアマネジャー・居宅介護支援,相談",介護サービスの計画作成や事業所調整を行う相談先です。退院後の生活準備で重要です。,https://leaful.jp/,滋賀県長浜市勝町３７２－１,070-1492-2382,厚生労働省オープンデータ,https://www.mhlw.go.jp/content/12300000/jigyosho_430.csv,2025-12末,https://www.google.com/search?q=%E3%83%AA%E3%83%BC%E3%83%95%E3%83%AB%E5%B1%85%E5%AE%85%E4%BB%8B%E8%AD%B7%E6%94%AF%E6%8F%B4%E4%BA%8B%E6%A5%AD%E6%89%80%20%E9%95%B7%E6%B5%9C%E5%B8%82
社会福祉法人芳醇会　ケアステーションかけはし居宅介護支援事業所,ケアマネジャー・居宅介護支援,滋賀県,長浜市,"介護,ケアマネジャー・居宅介護支援,相談",介護サービスの計画作成や事業所調整を行う相談先です。退院後の生活準備で重要です。,http://www.care-station-kakehashi.com/,滋賀県長浜市湖北町山本4290,0749-79-8966,厚生労働省オープンデータ,https://www.mhlw.go.jp/content/12300000/jigyosho_430.csv,2025-12末,https://www.google.com/search?q=%E7%A4%BE%E4%BC%9A%E7%A6%8F%E7%A5%89%E6%B3%95%E4%BA%BA%E8%8A%B3%E9%86%87%E4%BC%9A%E3%80%80%E3%82%B1%E3%82%A2%E3%82%B9%E3%83%86%E3%83%BC%E3%82%B7%E3%83%A7%E3%83%B3%E3%81%8B%E3%81%91%E3%81%AF%E3%81%97%E5%B1%85%E5%AE%85%E4%BB%8B%E8%AD%B7%E6%94%AF%E6%8F%B4%E4%BA%8B%E6%A5%AD%E6%89%80%20%E9%95%B7%E6%B5%9C%E5%B8%82
居宅介護支援事業所すずらん,ケアマネジャー・居宅介護支援,滋賀県,長浜市,"介護,ケアマネジャー・居宅介護支援,相談",介護サービスの計画作成や事業所調整を行う相談先です。退院後の生活準備で重要です。,sontokukai.com,滋賀県長浜市高月町落川134-3,0749-85-2200,厚生労働省オープンデータ,https://www.mhlw.go.jp/content/12300000/jigyosho_430.csv,2025-12末,https://www.google.com/search?q=%E5%B1%85%E5%AE%85%E4%BB%8B%E8%AD%B7%E6%94%AF%E6%8F%B4%E4%BA%8B%E6%A5%AD%E6%89%80%E3%81%99%E3%81%9A%E3%82%89%E3%82%93%20%E9%95%B7%E6%B5%9C%E5%B8%82
ケアプランほほえみ,ケアマネジャー・居宅介護支援,滋賀県,長浜市,"介護,ケアマネジャー・居宅介護支援,相談",介護サービスの計画作成や事業所調整を行う相談先です。退院後の生活準備で重要です。,https://www.google.com/search?q=%E3%82%B1%E3%82%A2%E3%83%97%E3%83%A9%E3%83%B3%E3%81%BB%E3%81%BB%E3%81%88%E3%81%BF%20%E9%95%B7%E6%B5%9C%E5%B8%82,滋賀県長浜市高月町高月111,0749-85-5155,厚生労働省オープンデータ,https://www.mhlw.go.jp/content/12300000/jigyosho_430.csv,2025-12末,https://www.google.com/search?q=%E3%82%B1%E3%82%A2%E3%83%97%E3%83%A9%E3%83%B3%E3%81%BB%E3%81%BB%E3%81%88%E3%81%BF%20%E9%95%B7%E6%B5%9C%E5%B8%82
ケアプランセンター結,ケアマネジャー・居宅介護支援,滋賀県,長浜市,"介護,ケアマネジャー・居宅介護支援,相談",介護サービスの計画作成や事業所調整を行う相談先です。退院後の生活準備で重要です。,https://konet.or.jp,滋賀県長浜市月ヶ瀬町423,0749-73-4185,厚生労働省オープンデータ,https://www.mhlw.go.jp/content/12300000/jigyosho_430.csv,2025-12末,https://www.google.com/search?q=%E3%82%B1%E3%82%A2%E3%83%97%E3%83%A9%E3%83%B3%E3%82%BB%E3%83%B3%E3%82%BF%E3%83%BC%E7%B5%90%20%E9%95%B7%E6%B5%9C%E5%B8%82
ケアプランセンターおうみ,ケアマネジャー・居宅介護支援,滋賀県,長浜市,"介護,ケアマネジャー・居宅介護支援,相談",介護サービスの計画作成や事業所調整を行う相談先です。退院後の生活準備で重要です。,https：//www.kaigo-oumi.co.jp,滋賀県長浜市本庄町700-1,0749-53-3300,厚生労働省オープンデータ,https://www.mhlw.go.jp/content/12300000/jigyosho_430.csv,2025-12末,https://www.google.com/search?q=%E3%82%B1%E3%82%A2%E3%83%97%E3%83%A9%E3%83%B3%E3%82%BB%E3%83%B3%E3%82%BF%E3%83%BC%E3%81%8A%E3%81%86%E3%81%BF%20%E9%95%B7%E6%B5%9C%E5%B8%82
医療法人安達会　ケアプランマリー,ケアマネジャー・居宅介護支援,滋賀県,長浜市,"介護,ケアマネジャー・居宅介護支援,相談",介護サービスの計画作成や事業所調整を行う相談先です。退院後の生活準備で重要です。,https://www.google.com/search?q=%E5%8C%BB%E7%99%82%E6%B3%95%E4%BA%BA%E5%AE%89%E9%81%94%E4%BC%9A%E3%80%80%E3%82%B1%E3%82%A2%E3%83%97%E3%83%A9%E3%83%B3%E3%83%9E%E3%83%AA%E3%83%BC%20%E9%95%B7%E6%B5%9C%E5%B8%82,滋賀県長浜市小谷丁野町３７９－２,0749-78-2058,厚生労働省オープンデータ,https://www.mhlw.go.jp/content/12300000/jigyosho_430.csv,2025-12末,https://www.google.com/search?q=%E5%8C%BB%E7%99%82%E6%B3%95%E4%BA%BA%E5%AE%89%E9%81%94%E4%BC%9A%E3%80%80%E3%82%B1%E3%82%A2%E3%83%97%E3%83%A9%E3%83%B3%E3%83%9E%E3%83%AA%E3%83%BC%20%E9%95%B7%E6%B5%9C%E5%B8%82
なないろケアプランセンター,ケアマネジャー・居宅介護支援,滋賀県,長浜市,"介護,ケアマネジャー・居宅介護支援,相談",介護サービスの計画作成や事業所調整を行う相談先です。退院後の生活準備で重要です。,https://www.google.com/search?q=%E3%81%AA%E3%81%AA%E3%81%84%E3%82%8D%E3%82%B1%E3%82%A2%E3%83%97%E3%83%A9%E3%83%B3%E3%82%BB%E3%83%B3%E3%82%BF%E3%83%BC%20%E9%95%B7%E6%B5%9C%E5%B8%82,滋賀県長浜市八島町1557番地1,0749-53-4327,厚生労働省オープンデータ,https://www.mhlw.go.jp/content/12300000/jigyosho_430.csv,2025-12末,https://www.google.com/search?q=%E3%81%AA%E3%81%AA%E3%81%84%E3%82%8D%E3%82%B1%E3%82%A2%E3%83%97%E3%83%A9%E3%83%B3%E3%82%BB%E3%83%B3%E3%82%BF%E3%83%BC%20%E9%95%B7%E6%B5%9C%E5%B8%82
ニチイケアセンター湖北,ケアマネジャー・居宅介護支援,滋賀県,長浜市,"介護,ケアマネジャー・居宅介護支援,相談",介護サービスの計画作成や事業所調整を行う相談先です。退院後の生活準備で重要です。,http://www.nichiigakkann.co.jp,長浜市加納町886,0749-68-1896,厚生労働省オープンデータ,https://www.mhlw.go.jp/content/12300000/jigyosho_430.csv,2025-12末,https://www.google.com/search?q=%E3%83%8B%E3%83%81%E3%82%A4%E3%82%B1%E3%82%A2%E3%82%BB%E3%83%B3%E3%82%BF%E3%83%BC%E6%B9%96%E5%8C%97%20%E9%95%B7%E6%B5%9C%E5%B8%82
オリーブケアプランセンター,ケアマネジャー・居宅介護支援,滋賀県,長浜市,"介護,ケアマネジャー・居宅介護支援,相談",介護サービスの計画作成や事業所調整を行う相談先です。退院後の生活準備で重要です。,https://www.google.com/search?q=%E3%82%AA%E3%83%AA%E3%83%BC%E3%83%96%E3%82%B1%E3%82%A2%E3%83%97%E3%83%A9%E3%83%B3%E3%82%BB%E3%83%B3%E3%82%BF%E3%83%BC%20%E9%95%B7%E6%B5%9C%E5%B8%82,滋賀県長浜市八幡東町210-6,0749-64-1303,厚生労働省オープンデータ,https://www.mhlw.go.jp/content/12300000/jigyosho_430.csv,2025-12末,https://www.google.com/search?q=%E3%82%AA%E3%83%AA%E3%83%BC%E3%83%96%E3%82%B1%E3%82%A2%E3%83%97%E3%83%A9%E3%83%B3%E3%82%BB%E3%83%B3%E3%82%BF%E3%83%BC%20%E9%95%B7%E6%B5%9C%E5%B8%82
有限会社ケアサービスほっとみるく居宅介護支援事業所,ケアマネジャー・居宅介護支援,滋賀県,長浜市,"介護,ケアマネジャー・居宅介護支援,相談",介護サービスの計画作成や事業所調整を行う相談先です。退院後の生活準備で重要です。,https://www.google.com/search?q=%E6%9C%89%E9%99%90%E4%BC%9A%E7%A4%BE%E3%82%B1%E3%82%A2%E3%82%B5%E3%83%BC%E3%83%93%E3%82%B9%E3%81%BB%E3%81%A3%E3%81%A8%E3%81%BF%E3%82%8B%E3%81%8F%E5%B1%85%E5%AE%85%E4%BB%8B%E8%AD%B7%E6%94%AF%E6%8F%B4%E4%BA%8B%E6%A5%AD%E6%89%80%20%E9%95%B7%E6%B5%9C%E5%B8%82,長浜市八島町１５１９－７,0749-74-3768,厚生労働省オープンデータ,https://www.mhlw.go.jp/content/12300000/jigyosho_430.csv,2025-12末,https://www.google.com/search?q=%E6%9C%89%E9%99%90%E4%BC%9A%E7%A4%BE%E3%82%B1%E3%82%A2%E3%82%B5%E3%83%BC%E3%83%93%E3%82%B9%E3%81%BB%E3%81%A3%E3%81%A8%E3%81%BF%E3%82%8B%E3%81%8F%E5%B1%85%E5%AE%85%E4%BB%8B%E8%AD%B7%E6%94%AF%E6%8F%B4%E4%BA%8B%E6%A5%AD%E6%89%80%20%E9%95%B7%E6%B5%9C%E5%B8%82
けあぷらんアリエス,ケアマネジャー・居宅介護支援,滋賀県,長浜市,"介護,ケアマネジャー・居宅介護支援,相談",介護サービスの計画作成や事業所調整を行う相談先です。退院後の生活準備で重要です。,https://www.google.com/search?q=%E3%81%91%E3%81%82%E3%81%B7%E3%82%89%E3%82%93%E3%82%A2%E3%83%AA%E3%82%A8%E3%82%B9%20%E9%95%B7%E6%B5%9C%E5%B8%82,下八木町1654-1,090-6518-5435,厚生労働省オープンデータ,https://www.mhlw.go.jp/content/12300000/jigyosho_430.csv,2025-12末,https://www.google.com/search?q=%E3%81%91%E3%81%82%E3%81%B7%E3%82%89%E3%82%93%E3%82%A2%E3%83%AA%E3%82%A8%E3%82%B9%20%E9%95%B7%E6%B5%9C%E5%B8%82
しゃきょうケアプランセンターぴいす,ケアマネジャー・居宅介護支援,滋賀県,長浜市,"介護,ケアマネジャー・居宅介護支援,相談",介護サービスの計画作成や事業所調整を行う相談先です。退院後の生活準備で重要です。,http://www.nagahama-shakyo-kaigo.jp,滋賀県長浜市神照町288-1長浜北部福祉ステーション,0749-65-8268,厚生労働省オープンデータ,https://www.mhlw.go.jp/content/12300000/jigyosho_430.csv,2025-12末,https://www.google.com/search?q=%E3%81%97%E3%82%83%E3%81%8D%E3%82%87%E3%81%86%E3%82%B1%E3%82%A2%E3%83%97%E3%83%A9%E3%83%B3%E3%82%BB%E3%83%B3%E3%82%BF%E3%83%BC%E3%81%B4%E3%81%84%E3%81%99%20%E9%95%B7%E6%B5%9C%E5%B8%82
ケアプランセンターれもん,ケアマネジャー・居宅介護支援,滋賀県,長浜市,"介護,ケアマネジャー・居宅介護支援,相談",介護サービスの計画作成や事業所調整を行う相談先です。退院後の生活準備で重要です。,https://www.google.com/search?q=%E3%82%B1%E3%82%A2%E3%83%97%E3%83%A9%E3%83%B3%E3%82%BB%E3%83%B3%E3%82%BF%E3%83%BC%E3%82%8C%E3%82%82%E3%82%93%20%E9%95%B7%E6%B5%9C%E5%B8%82,滋賀県長浜市湖北町山本２６３８－２,0749-79-1375,厚生労働省オープンデータ,https://www.mhlw.go.jp/content/12300000/jigyosho_430.csv,2025-12末,https://www.google.com/search?q=%E3%82%B1%E3%82%A2%E3%83%97%E3%83%A9%E3%83%B3%E3%82%BB%E3%83%B3%E3%82%BF%E3%83%BC%E3%82%8C%E3%82%82%E3%82%93%20%E9%95%B7%E6%B5%9C%E5%B8%82
いと,ケアマネジャー・居宅介護支援,滋賀県,長浜市,"介護,ケアマネジャー・居宅介護支援,相談",介護サービスの計画作成や事業所調整を行う相談先です。退院後の生活準備で重要です。,https://www.google.com/search?q=%E3%81%84%E3%81%A8%20%E9%95%B7%E6%B5%9C%E5%B8%82,滋賀県長浜市落合町765,0749-50-2388,厚生労働省オープンデータ,https://www.mhlw.go.jp/content/12300000/jigyosho_430.csv,2025-12末,https://www.google.com/search?q=%E3%81%84%E3%81%A8%20%E9%95%B7%E6%B5%9C%E5%B8%82
湖北やすらぎの里ケアプランセンター,ケアマネジャー・居宅介護支援,滋賀県,長浜市,"介護,ケアマネジャー・居宅介護支援,相談",介護サービスの計画作成や事業所調整を行う相談先です。退院後の生活準備で重要です。,http://www.ikbk.jp/kohokuyasuraginosato/,滋賀県長浜市木之本町黒田1221番地,0749-82-3751,厚生労働省オープンデータ,https://www.mhlw.go.jp/content/12300000/jigyosho_430.csv,2025-12末,https://www.google.com/search?q=%E6%B9%96%E5%8C%97%E3%82%84%E3%81%99%E3%82%89%E3%81%8E%E3%81%AE%E9%87%8C%E3%82%B1%E3%82%A2%E3%83%97%E3%83%A9%E3%83%B3%E3%82%BB%E3%83%B3%E3%82%BF%E3%83%BC%20%E9%95%B7%E6%B5%9C%E5%B8%82
西部ケアプランセンター,ケアマネジャー・居宅介護支援,滋賀県,長浜市,"介護,ケアマネジャー・居宅介護支援,相談",介護サービスの計画作成や事業所調整を行う相談先です。退院後の生活準備で重要です。,http://seisyokai.jp/seijoen,長浜市朝日町19番3号,0749-65-8389,厚生労働省オープンデータ,https://www.mhlw.go.jp/content/12300000/jigyosho_430.csv,2025-12末,https://www.google.com/search?q=%E8%A5%BF%E9%83%A8%E3%82%B1%E3%82%A2%E3%83%97%E3%83%A9%E3%83%B3%E3%82%BB%E3%83%B3%E3%82%BF%E3%83%BC%20%E9%95%B7%E6%B5%9C%E5%B8%82
アンタレスケアプランセンター,ケアマネジャー・居宅介護支援,滋賀県,長浜市,"介護,ケアマネジャー・居宅介護支援,相談",介護サービスの計画作成や事業所調整を行う相談先です。退院後の生活準備で重要です。,https://www.seishokai.jp/antares,滋賀県長浜市加田町3360,0749-68-4113,厚生労働省オープンデータ,https://www.mhlw.go.jp/content/12300000/jigyosho_430.csv,2025-12末,https://www.google.com/search?q=%E3%82%A2%E3%83%B3%E3%82%BF%E3%83%AC%E3%82%B9%E3%82%B1%E3%82%A2%E3%83%97%E3%83%A9%E3%83%B3%E3%82%BB%E3%83%B3%E3%82%BF%E3%83%BC%20%E9%95%B7%E6%B5%9C%E5%B8%82
ケアプランセンター　アリビオ,ケアマネジャー・居宅介護支援,滋賀県,長浜市,"介護,ケアマネジャー・居宅介護支援,相談",介護サービスの計画作成や事業所調整を行う相談先です。退院後の生活準備で重要です。,https://askacare.com,滋賀県長浜市加田町1402,0749-65-7388,厚生労働省オープンデータ,https://www.mhlw.go.jp/content/12300000/jigyosho_430.csv,2025-12末,https://www.google.com/search?q=%E3%82%B1%E3%82%A2%E3%83%97%E3%83%A9%E3%83%B3%E3%82%BB%E3%83%B3%E3%82%BF%E3%83%BC%E3%80%80%E3%82%A2%E3%83%AA%E3%83%93%E3%82%AA%20%E9%95%B7%E6%B5%9C%E5%B8%82
医療法人東川クリニック　ケアプランセンターこっこ,ケアマネジャー・居宅介護支援,滋賀県,長浜市,"介護,ケアマネジャー・居宅介護支援,相談",介護サービスの計画作成や事業所調整を行う相談先です。退院後の生活準備で重要です。,https://www.google.com/search?q=%E5%8C%BB%E7%99%82%E6%B3%95%E4%BA%BA%E6%9D%B1%E5%B7%9D%E3%82%AF%E3%83%AA%E3%83%8B%E3%83%83%E3%82%AF%E3%80%80%E3%82%B1%E3%82%A2%E3%83%97%E3%83%A9%E3%83%B3%E3%82%BB%E3%83%B3%E3%82%BF%E3%83%BC%E3%81%93%E3%81%A3%E3%81%93%20%E9%95%B7%E6%B5%9C%E5%B8%82,滋賀県長浜市弓削町342番地,080-3025-9386,厚生労働省オープンデータ,https://www.mhlw.go.jp/content/12300000/jigyosho_430.csv,2025-12末,https://www.google.com/search?q=%E5%8C%BB%E7%99%82%E6%B3%95%E4%BA%BA%E6%9D%B1%E5%B7%9D%E3%82%AF%E3%83%AA%E3%83%8B%E3%83%83%E3%82%AF%E3%80%80%E3%82%B1%E3%82%A2%E3%83%97%E3%83%A9%E3%83%B3%E3%82%BB%E3%83%B3%E3%82%BF%E3%83%BC%E3%81%93%E3%81%A3%E3%81%93%20%E9%95%B7%E6%B5%9C%E5%B8%82
あおい,ケアマネジャー・居宅介護支援,滋賀県,長浜市,"介護,ケアマネジャー・居宅介護支援,相談",介護サービスの計画作成や事業所調整を行う相談先です。退院後の生活準備で重要です。,https://www.google.com/search?q=%E3%81%82%E3%81%8A%E3%81%84%20%E9%95%B7%E6%B5%9C%E5%B8%82,滋賀県長浜市小野寺町４６５番地３,0749-56-3266,厚生労働省オープンデータ,https://www.mhlw.go.jp/content/12300000/jigyosho_430.csv,2025-12末,https://www.google.com/search?q=%E3%81%82%E3%81%8A%E3%81%84%20%E9%95%B7%E6%B5%9C%E5%B8%82
ケアプランセンター青芳,ケアマネジャー・居宅介護支援,滋賀県,長浜市,"介護,ケアマネジャー・居宅介護支援,相談",介護サービスの計画作成や事業所調整を行う相談先です。退院後の生活準備で重要です。,http://www.seishokai.jp/seiho,滋賀県長浜市川道町2572,0749-72-8250,厚生労働省オープンデータ,https://www.mhlw.go.jp/content/12300000/jigyosho_430.csv,2025-12末,https://www.google.com/search?q=%E3%82%B1%E3%82%A2%E3%83%97%E3%83%A9%E3%83%B3%E3%82%BB%E3%83%B3%E3%82%BF%E3%83%BC%E9%9D%92%E8%8A%B3%20%E9%95%B7%E6%B5%9C%E5%B8%82
けやきの杜ケアプランセンター,ケアマネジャー・居宅介護支援,滋賀県,長浜市,"介護,ケアマネジャー・居宅介護支援,相談",介護サービスの計画作成や事業所調整を行う相談先です。退院後の生活準備で重要です。,http://tashinkai.jp/,滋賀県長浜市高月町柏原1055番地,0749-85-8383,厚生労働省オープンデータ,https://www.mhlw.go.jp/content/12300000/jigyosho_430.csv,2025-12末,https://www.google.com/search?q=%E3%81%91%E3%82%84%E3%81%8D%E3%81%AE%E6%9D%9C%E3%82%B1%E3%82%A2%E3%83%97%E3%83%A9%E3%83%B3%E3%82%BB%E3%83%B3%E3%82%BF%E3%83%BC%20%E9%95%B7%E6%B5%9C%E5%B8%82
しゃきょうケアプランセンターらいと,ケアマネジャー・居宅介護支援,滋賀県,長浜市,"介護,ケアマネジャー・居宅介護支援,相談",介護サービスの計画作成や事業所調整を行う相談先です。退院後の生活準備で重要です。,http://www.nagahama-shakyo.or.jp/,滋賀県長浜市西浅井町塩津浜1795番地西浅井福祉ステーション,0749-88-0070,厚生労働省オープンデータ,https://www.mhlw.go.jp/content/12300000/jigyosho_430.csv,2025-12末,https://www.google.com/search?q=%E3%81%97%E3%82%83%E3%81%8D%E3%82%87%E3%81%86%E3%82%B1%E3%82%A2%E3%83%97%E3%83%A9%E3%83%B3%E3%82%BB%E3%83%B3%E3%82%BF%E3%83%BC%E3%82%89%E3%81%84%E3%81%A8%20%E9%95%B7%E6%B5%9C%E5%B8%82
さくらみや薬局居宅介護支援事業所,ケアマネジャー・居宅介護支援,滋賀県,近江八幡市,"介護,ケアマネジャー・居宅介護支援,相談",介護サービスの計画作成や事業所調整を行う相談先です。退院後の生活準備で重要です。,https://www.google.com/search?q=%E3%81%95%E3%81%8F%E3%82%89%E3%81%BF%E3%82%84%E8%96%AC%E5%B1%80%E5%B1%85%E5%AE%85%E4%BB%8B%E8%AD%B7%E6%94%AF%E6%8F%B4%E4%BA%8B%E6%A5%AD%E6%89%80%20%E8%BF%91%E6%B1%9F%E5%85%AB%E5%B9%A1%E5%B8%82,滋賀県近江八幡市桜宮町299番地１,0748-32-6638,厚生労働省オープンデータ,https://www.mhlw.go.jp/content/12300000/jigyosho_430.csv,2025-12末,https://www.google.com/search?q=%E3%81%95%E3%81%8F%E3%82%89%E3%81%BF%E3%82%84%E8%96%AC%E5%B1%80%E5%B1%85%E5%AE%85%E4%BB%8B%E8%AD%B7%E6%94%AF%E6%8F%B4%E4%BA%8B%E6%A5%AD%E6%89%80%20%E8%BF%91%E6%B1%9F%E5%85%AB%E5%B9%A1%E5%B8%82
ｹｱｽﾃｰｼｮﾝ万里庵居宅介護支援事業所,ケアマネジャー・居宅介護支援,滋賀県,近江八幡市,"介護,ケアマネジャー・居宅介護支援,相談",介護サービスの計画作成や事業所調整を行う相談先です。退院後の生活準備で重要です。,www.gakidaisyou.co.jp/,滋賀県近江八幡市出町６７７番地第1深尾マンション　１０５号,0748-36-2802,厚生労働省オープンデータ,https://www.mhlw.go.jp/content/12300000/jigyosho_430.csv,2025-12末,https://www.google.com/search?q=%EF%BD%B9%EF%BD%B1%EF%BD%BD%EF%BE%83%EF%BD%B0%EF%BD%BC%EF%BD%AE%EF%BE%9D%E4%B8%87%E9%87%8C%E5%BA%B5%E5%B1%85%E5%AE%85%E4%BB%8B%E8%AD%B7%E6%94%AF%E6%8F%B4%E4%BA%8B%E6%A5%AD%E6%89%80%20%E8%BF%91%E6%B1%9F%E5%85%AB%E5%B9%A1%E5%B8%82
居宅介護支援事業所　むべの里,ケアマネジャー・居宅介護支援,滋賀県,近江八幡市,"介護,ケアマネジャー・居宅介護支援,相談",介護サービスの計画作成や事業所調整を行う相談先です。退院後の生活準備で重要です。,http://www.kohitujikai/net/,滋賀県近江八幡市北津田町346-15,0748-31-0035,厚生労働省オープンデータ,https://www.mhlw.go.jp/content/12300000/jigyosho_430.csv,2025-12末,https://www.google.com/search?q=%E5%B1%85%E5%AE%85%E4%BB%8B%E8%AD%B7%E6%94%AF%E6%8F%B4%E4%BA%8B%E6%A5%AD%E6%89%80%E3%80%80%E3%82%80%E3%81%B9%E3%81%AE%E9%87%8C%20%E8%BF%91%E6%B1%9F%E5%85%AB%E5%B9%A1%E5%B8%82
ケアコネクション居宅,ケアマネジャー・居宅介護支援,滋賀県,近江八幡市,"介護,ケアマネジャー・居宅介護支援,相談",介護サービスの計画作成や事業所調整を行う相談先です。退院後の生活準備で重要です。,https://www.google.com/search?q=%E3%82%B1%E3%82%A2%E3%82%B3%E3%83%8D%E3%82%AF%E3%82%B7%E3%83%A7%E3%83%B3%E5%B1%85%E5%AE%85%20%E8%BF%91%E6%B1%9F%E5%85%AB%E5%B9%A1%E5%B8%82,滋賀県近江八幡市西宿町217-1,0748-34-1705,厚生労働省オープンデータ,https://www.mhlw.go.jp/content/12300000/jigyosho_430.csv,2025-12末,https://www.google.com/search?q=%E3%82%B1%E3%82%A2%E3%82%B3%E3%83%8D%E3%82%AF%E3%82%B7%E3%83%A7%E3%83%B3%E5%B1%85%E5%AE%85%20%E8%BF%91%E6%B1%9F%E5%85%AB%E5%B9%A1%E5%B8%82
オアシス居宅介護支援事業所,ケアマネジャー・居宅介護支援,滋賀県,近江八幡市,"介護,ケアマネジャー・居宅介護支援,相談",介護サービスの計画作成や事業所調整を行う相談先です。退院後の生活準備で重要です。,http://www.biwa.ne.jp/~ods,近江八幡市馬渕町６９０番地,0748-38-0294,厚生労働省オープンデータ,https://www.mhlw.go.jp/content/12300000/jigyosho_430.csv,2025-12末,https://www.google.com/search?q=%E3%82%AA%E3%82%A2%E3%82%B7%E3%82%B9%E5%B1%85%E5%AE%85%E4%BB%8B%E8%AD%B7%E6%94%AF%E6%8F%B4%E4%BA%8B%E6%A5%AD%E6%89%80%20%E8%BF%91%E6%B1%9F%E5%85%AB%E5%B9%A1%E5%B8%82
居宅介護支援事業所はちまん,ケアマネジャー・居宅介護支援,滋賀県,近江八幡市,"介護,ケアマネジャー・居宅介護支援,相談",介護サービスの計画作成や事業所調整を行う相談先です。退院後の生活準備で重要です。,mihan-shiga.ｓiｔe,滋賀県近江八幡市長田町1268番地1おさだﾌｧﾐﾘｰｸﾘﾆｯｸ2階,0748-34-7373,厚生労働省オープンデータ,https://www.mhlw.go.jp/content/12300000/jigyosho_430.csv,2025-12末,https://www.google.com/search?q=%E5%B1%85%E5%AE%85%E4%BB%8B%E8%AD%B7%E6%94%AF%E6%8F%B4%E4%BA%8B%E6%A5%AD%E6%89%80%E3%81%AF%E3%81%A1%E3%81%BE%E3%82%93%20%E8%BF%91%E6%B1%9F%E5%85%AB%E5%B9%A1%E5%B8%82
ケアプランセンターぴの,ケアマネジャー・居宅介護支援,滋賀県,近江八幡市,"介護,ケアマネジャー・居宅介護支援,相談",介護サービスの計画作成や事業所調整を行う相談先です。退院後の生活準備で重要です。,https://www.google.com/search?q=%E3%82%B1%E3%82%A2%E3%83%97%E3%83%A9%E3%83%B3%E3%82%BB%E3%83%B3%E3%82%BF%E3%83%BC%E3%81%B4%E3%81%AE%20%E8%BF%91%E6%B1%9F%E5%85%AB%E5%B9%A1%E5%B8%82,近江八幡市出町665番地3,0748－47－8044,厚生労働省オープンデータ,https://www.mhlw.go.jp/content/12300000/jigyosho_430.csv,2025-12末,https://www.google.com/search?q=%E3%82%B1%E3%82%A2%E3%83%97%E3%83%A9%E3%83%B3%E3%82%BB%E3%83%B3%E3%82%BF%E3%83%BC%E3%81%B4%E3%81%AE%20%E8%BF%91%E6%B1%9F%E5%85%AB%E5%B9%A1%E5%B8%82
しみんふくし滋賀近江八幡居宅介護支援事業所,ケアマネジャー・居宅介護支援,滋賀県,近江八幡市,"介護,ケアマネジャー・居宅介護支援,相談",介護サービスの計画作成や事業所調整を行う相談先です。退院後の生活準備で重要です。,http://www.shiminfukushi-shiga.jp/,滋賀県近江八幡市出町４１４-５フラワー１番館１０７号室,0748-31-3612,厚生労働省オープンデータ,https://www.mhlw.go.jp/content/12300000/jigyosho_430.csv,2025-12末,https://www.google.com/search?q=%E3%81%97%E3%81%BF%E3%82%93%E3%81%B5%E3%81%8F%E3%81%97%E6%BB%8B%E8%B3%80%E8%BF%91%E6%B1%9F%E5%85%AB%E5%B9%A1%E5%B1%85%E5%AE%85%E4%BB%8B%E8%AD%B7%E6%94%AF%E6%8F%B4%E4%BA%8B%E6%A5%AD%E6%89%80%20%E8%BF%91%E6%B1%9F%E5%85%AB%E5%B9%A1%E5%B8%82
ケアプランセンターゆうゆう,ケアマネジャー・居宅介護支援,滋賀県,近江八幡市,"介護,ケアマネジャー・居宅介護支援,相談",介護サービスの計画作成や事業所調整を行う相談先です。退院後の生活準備で重要です。,https://www.google.com/search?q=%E3%82%B1%E3%82%A2%E3%83%97%E3%83%A9%E3%83%B3%E3%82%BB%E3%83%B3%E3%82%BF%E3%83%BC%E3%82%86%E3%81%86%E3%82%86%E3%81%86%20%E8%BF%91%E6%B1%9F%E5%85%AB%E5%B9%A1%E5%B8%82,滋賀県近江八幡市丸の内町6番50,0748-47-9132,厚生労働省オープンデータ,https://www.mhlw.go.jp/content/12300000/jigyosho_430.csv,2025-12末,https://www.google.com/search?q=%E3%82%B1%E3%82%A2%E3%83%97%E3%83%A9%E3%83%B3%E3%82%BB%E3%83%B3%E3%82%BF%E3%83%BC%E3%82%86%E3%81%86%E3%82%86%E3%81%86%20%E8%BF%91%E6%B1%9F%E5%85%AB%E5%B9%A1%E5%B8%82
居宅介護支援事業所ぷろっと,ケアマネジャー・居宅介護支援,滋賀県,近江八幡市,"介護,ケアマネジャー・居宅介護支援,相談",介護サービスの計画作成や事業所調整を行う相談先です。退院後の生活準備で重要です。,https://www.google.com/search?q=%E5%B1%85%E5%AE%85%E4%BB%8B%E8%AD%B7%E6%94%AF%E6%8F%B4%E4%BA%8B%E6%A5%AD%E6%89%80%E3%81%B7%E3%82%8D%E3%81%A3%E3%81%A8%20%E8%BF%91%E6%B1%9F%E5%85%AB%E5%B9%A1%E5%B8%82,滋賀県近江八幡市出町622番地ベル・フルール103,0748341277,厚生労働省オープンデータ,https://www.mhlw.go.jp/content/12300000/jigyosho_430.csv,2025-12末,https://www.google.com/search?q=%E5%B1%85%E5%AE%85%E4%BB%8B%E8%AD%B7%E6%94%AF%E6%8F%B4%E4%BA%8B%E6%A5%AD%E6%89%80%E3%81%B7%E3%82%8D%E3%81%A3%E3%81%A8%20%E8%BF%91%E6%B1%9F%E5%85%AB%E5%B9%A1%E5%B8%82
近江八幡市社会福祉協議会居宅介護支援事業所,ケアマネジャー・居宅介護支援,滋賀県,近江八幡市,"介護,ケアマネジャー・居宅介護支援,相談",介護サービスの計画作成や事業所調整を行う相談先です。退院後の生活準備で重要です。,http://ohshakyo.or.jp,滋賀県近江八幡市土田町1313番地,0748-34-6906,厚生労働省オープンデータ,https://www.mhlw.go.jp/content/12300000/jigyosho_430.csv,2025-12末,https://www.google.com/search?q=%E8%BF%91%E6%B1%9F%E5%85%AB%E5%B9%A1%E5%B8%82%E7%A4%BE%E4%BC%9A%E7%A6%8F%E7%A5%89%E5%8D%94%E8%AD%B0%E4%BC%9A%E5%B1%85%E5%AE%85%E4%BB%8B%E8%AD%B7%E6%94%AF%E6%8F%B4%E4%BA%8B%E6%A5%AD%E6%89%80%20%E8%BF%91%E6%B1%9F%E5%85%AB%E5%B9%A1%E5%B8%82
居宅介護支援事業所　赤煉瓦の郷,ケアマネジャー・居宅介護支援,滋賀県,近江八幡市,"介護,ケアマネジャー・居宅介護支援,相談",介護サービスの計画作成や事業所調整を行う相談先です。退院後の生活準備で重要です。,https://ichizenkai.com,滋賀県近江八幡市船木町59番地3,0748-34-8830,厚生労働省オープンデータ,https://www.mhlw.go.jp/content/12300000/jigyosho_430.csv,2025-12末,https://www.google.com/search?q=%E5%B1%85%E5%AE%85%E4%BB%8B%E8%AD%B7%E6%94%AF%E6%8F%B4%E4%BA%8B%E6%A5%AD%E6%89%80%E3%80%80%E8%B5%A4%E7%85%89%E7%93%A6%E3%81%AE%E9%83%B7%20%E8%BF%91%E6%B1%9F%E5%85%AB%E5%B9%A1%E5%B8%82
水茎の里居宅介護支援事業所,ケアマネジャー・居宅介護支援,滋賀県,近江八幡市,"介護,ケアマネジャー・居宅介護支援,相談",介護サービスの計画作成や事業所調整を行う相談先です。退院後の生活準備で重要です。,www.ii-kaigo.or.jp,滋賀県近江八幡市牧町1885番地,0748-33-8486,厚生労働省オープンデータ,https://www.mhlw.go.jp/content/12300000/jigyosho_430.csv,2025-12末,https://www.google.com/search?q=%E6%B0%B4%E8%8C%8E%E3%81%AE%E9%87%8C%E5%B1%85%E5%AE%85%E4%BB%8B%E8%AD%B7%E6%94%AF%E6%8F%B4%E4%BA%8B%E6%A5%AD%E6%89%80%20%E8%BF%91%E6%B1%9F%E5%85%AB%E5%B9%A1%E5%B8%82
ヴォーリズ居宅介護支援事業所,ケアマネジャー・居宅介護支援,滋賀県,近江八幡市,"介護,ケアマネジャー・居宅介護支援,相談",介護サービスの計画作成や事業所調整を行う相談先です。退院後の生活準備で重要です。,http;//www.vories.or.jp,近江八幡市北之庄町４９２,0748-31-3301,厚生労働省オープンデータ,https://www.mhlw.go.jp/content/12300000/jigyosho_430.csv,2025-12末,https://www.google.com/search?q=%E3%83%B4%E3%82%A9%E3%83%BC%E3%83%AA%E3%82%BA%E5%B1%85%E5%AE%85%E4%BB%8B%E8%AD%B7%E6%94%AF%E6%8F%B4%E4%BA%8B%E6%A5%AD%E6%89%80%20%E8%BF%91%E6%B1%9F%E5%85%AB%E5%B9%A1%E5%B8%82
居宅介護支援事業所ふれあい,ケアマネジャー・居宅介護支援,滋賀県,近江八幡市,"介護,ケアマネジャー・居宅介護支援,相談",介護サービスの計画作成や事業所調整を行う相談先です。退院後の生活準備で重要です。,https://www.honobonokai.com,近江八幡市上田町１３１５－１,0748-37-8720,厚生労働省オープンデータ,https://www.mhlw.go.jp/content/12300000/jigyosho_430.csv,2025-12末,https://www.google.com/search?q=%E5%B1%85%E5%AE%85%E4%BB%8B%E8%AD%B7%E6%94%AF%E6%8F%B4%E4%BA%8B%E6%A5%AD%E6%89%80%E3%81%B5%E3%82%8C%E3%81%82%E3%81%84%20%E8%BF%91%E6%B1%9F%E5%85%AB%E5%B9%A1%E5%B8%82
一般社団法人　安土,ケアマネジャー・居宅介護支援,滋賀県,近江八幡市,"介護,ケアマネジャー・居宅介護支援,相談",介護サービスの計画作成や事業所調整を行う相談先です。退院後の生活準備で重要です。,http://nishiki.shiga-saku.net/,滋賀県近江八幡市安土町上豊浦628-8,0748265400,厚生労働省オープンデータ,https://www.mhlw.go.jp/content/12300000/jigyosho_430.csv,2025-12末,https://www.google.com/search?q=%E4%B8%80%E8%88%AC%E7%A4%BE%E5%9B%A3%E6%B3%95%E4%BA%BA%E3%80%80%E5%AE%89%E5%9C%9F%20%E8%BF%91%E6%B1%9F%E5%85%AB%E5%B9%A1%E5%B8%82
居宅介護支援事業所　カイト,ケアマネジャー・居宅介護支援,滋賀県,近江八幡市,"介護,ケアマネジャー・居宅介護支援,相談",介護サービスの計画作成や事業所調整を行う相談先です。退院後の生活準備で重要です。,https://www.google.com/search?q=%E5%B1%85%E5%AE%85%E4%BB%8B%E8%AD%B7%E6%94%AF%E6%8F%B4%E4%BA%8B%E6%A5%AD%E6%89%80%E3%80%80%E3%82%AB%E3%82%A4%E3%83%88%20%E8%BF%91%E6%B1%9F%E5%85%AB%E5%B9%A1%E5%B8%82,滋賀県近江八幡市中小森町276-17,0748-47-8179,厚生労働省オープンデータ,https://www.mhlw.go.jp/content/12300000/jigyosho_430.csv,2025-12末,https://www.google.com/search?q=%E5%B1%85%E5%AE%85%E4%BB%8B%E8%AD%B7%E6%94%AF%E6%8F%B4%E4%BA%8B%E6%A5%AD%E6%89%80%E3%80%80%E3%82%AB%E3%82%A4%E3%83%88%20%E8%BF%91%E6%B1%9F%E5%85%AB%E5%B9%A1%E5%B8%82
居宅介護支援事業所　ゆうき,ケアマネジャー・居宅介護支援,滋賀県,草津市,"介護,ケアマネジャー・居宅介護支援,相談",介護サービスの計画作成や事業所調整を行う相談先です。退院後の生活準備で重要です。,https://www.google.com/search?q=%E5%B1%85%E5%AE%85%E4%BB%8B%E8%AD%B7%E6%94%AF%E6%8F%B4%E4%BA%8B%E6%A5%AD%E6%89%80%E3%80%80%E3%82%86%E3%81%86%E3%81%8D%20%E8%8D%89%E6%B4%A5%E5%B8%82,滋賀県栗東市下鈎477-１アラモードK　A号室,077-518-7887,厚生労働省オープンデータ,https://www.mhlw.go.jp/content/12300000/jigyosho_430.csv,2025-12末,https://www.google.com/search?q=%E5%B1%85%E5%AE%85%E4%BB%8B%E8%AD%B7%E6%94%AF%E6%8F%B4%E4%BA%8B%E6%A5%AD%E6%89%80%E3%80%80%E3%82%86%E3%81%86%E3%81%8D%20%E8%8D%89%E6%B4%A5%E5%B8%82
指定居宅介護支援事業所　ケアプランそら,ケアマネジャー・居宅介護支援,滋賀県,草津市,"介護,ケアマネジャー・居宅介護支援,相談",介護サービスの計画作成や事業所調整を行う相談先です。退院後の生活準備で重要です。,https://www.google.com/search?q=%E6%8C%87%E5%AE%9A%E5%B1%85%E5%AE%85%E4%BB%8B%E8%AD%B7%E6%94%AF%E6%8F%B4%E4%BA%8B%E6%A5%AD%E6%89%80%E3%80%80%E3%82%B1%E3%82%A2%E3%83%97%E3%83%A9%E3%83%B3%E3%81%9D%E3%82%89%20%E8%8D%89%E6%B4%A5%E5%B8%82,滋賀県草津市野路８丁目１５-８クラージュ２１　２０５号,077-535-8284,厚生労働省オープンデータ,https://www.mhlw.go.jp/content/12300000/jigyosho_430.csv,2025-12末,https://www.google.com/search?q=%E6%8C%87%E5%AE%9A%E5%B1%85%E5%AE%85%E4%BB%8B%E8%AD%B7%E6%94%AF%E6%8F%B4%E4%BA%8B%E6%A5%AD%E6%89%80%E3%80%80%E3%82%B1%E3%82%A2%E3%83%97%E3%83%A9%E3%83%B3%E3%81%9D%E3%82%89%20%E8%8D%89%E6%B4%A5%E5%B8%82
メディケア湖南居宅介護支援事業所,ケアマネジャー・居宅介護支援,滋賀県,草津市,"介護,ケアマネジャー・居宅介護支援,相談",介護サービスの計画作成や事業所調整を行う相談先です。退院後の生活準備で重要です。,https://www.google.com/search?q=%E3%83%A1%E3%83%87%E3%82%A3%E3%82%B1%E3%82%A2%E6%B9%96%E5%8D%97%E5%B1%85%E5%AE%85%E4%BB%8B%E8%AD%B7%E6%94%AF%E6%8F%B4%E4%BA%8B%E6%A5%AD%E6%89%80%20%E8%8D%89%E6%B4%A5%E5%B8%82,滋賀県草津市草津3丁目14-44木村ビル,077-563-5981,厚生労働省オープンデータ,https://www.mhlw.go.jp/content/12300000/jigyosho_430.csv,2025-12末,https://www.google.com/search?q=%E3%83%A1%E3%83%87%E3%82%A3%E3%82%B1%E3%82%A2%E6%B9%96%E5%8D%97%E5%B1%85%E5%AE%85%E4%BB%8B%E8%AD%B7%E6%94%AF%E6%8F%B4%E4%BA%8B%E6%A5%AD%E6%89%80%20%E8%8D%89%E6%B4%A5%E5%B8%82
居宅介護支援事業所　夕照,ケアマネジャー・居宅介護支援,滋賀県,草津市,"介護,ケアマネジャー・居宅介護支援,相談",介護サービスの計画作成や事業所調整を行う相談先です。退院後の生活準備で重要です。,https://www.google.com/search?q=%E5%B1%85%E5%AE%85%E4%BB%8B%E8%AD%B7%E6%94%AF%E6%8F%B4%E4%BA%8B%E6%A5%AD%E6%89%80%E3%80%80%E5%A4%95%E7%85%A7%20%E8%8D%89%E6%B4%A5%E5%B8%82,滋賀県草津市矢橋町7-8,077-575-5730,厚生労働省オープンデータ,https://www.mhlw.go.jp/content/12300000/jigyosho_430.csv,2025-12末,https://www.google.com/search?q=%E5%B1%85%E5%AE%85%E4%BB%8B%E8%AD%B7%E6%94%AF%E6%8F%B4%E4%BA%8B%E6%A5%AD%E6%89%80%E3%80%80%E5%A4%95%E7%85%A7%20%E8%8D%89%E6%B4%A5%E5%B8%82
居宅介護支援事業所からん,ケアマネジャー・居宅介護支援,滋賀県,草津市,"介護,ケアマネジャー・居宅介護支援,相談",介護サービスの計画作成や事業所調整を行う相談先です。退院後の生活準備で重要です。,https://dst48.jp/company.html,滋賀県草津市東草津1丁目4-53ビワコホンダビル１階　D号室,077-516-1211,厚生労働省オープンデータ,https://www.mhlw.go.jp/content/12300000/jigyosho_430.csv,2025-12末,https://www.google.com/search?q=%E5%B1%85%E5%AE%85%E4%BB%8B%E8%AD%B7%E6%94%AF%E6%8F%B4%E4%BA%8B%E6%A5%AD%E6%89%80%E3%81%8B%E3%82%89%E3%82%93%20%E8%8D%89%E6%B4%A5%E5%B8%82
うさぎマネジメントケア南草津,ケアマネジャー・居宅介護支援,滋賀県,草津市,"介護,ケアマネジャー・居宅介護支援,相談",介護サービスの計画作成や事業所調整を行う相談先です。退院後の生活準備で重要です。,https://share.google/gnzvMgfxDZDvTWuJw,滋賀県草津市南笠東4丁目8-68Casa岡田203号室,077-584-5716,厚生労働省オープンデータ,https://www.mhlw.go.jp/content/12300000/jigyosho_430.csv,2025-12末,https://www.google.com/search?q=%E3%81%86%E3%81%95%E3%81%8E%E3%83%9E%E3%83%8D%E3%82%B8%E3%83%A1%E3%83%B3%E3%83%88%E3%82%B1%E3%82%A2%E5%8D%97%E8%8D%89%E6%B4%A5%20%E8%8D%89%E6%B4%A5%E5%B8%82
社会福祉法人寿会指定居宅支援事業所常輝の里,ケアマネジャー・居宅介護支援,滋賀県,草津市,"介護,ケアマネジャー・居宅介護支援,相談",介護サービスの計画作成や事業所調整を行う相談先です。退院後の生活準備で重要です。,http://tokinosato-com/,草津市志那中町25番地,077-568-2161,厚生労働省オープンデータ,https://www.mhlw.go.jp/content/12300000/jigyosho_430.csv,2025-12末,https://www.google.com/search?q=%E7%A4%BE%E4%BC%9A%E7%A6%8F%E7%A5%89%E6%B3%95%E4%BA%BA%E5%AF%BF%E4%BC%9A%E6%8C%87%E5%AE%9A%E5%B1%85%E5%AE%85%E6%94%AF%E6%8F%B4%E4%BA%8B%E6%A5%AD%E6%89%80%E5%B8%B8%E8%BC%9D%E3%81%AE%E9%87%8C%20%E8%8D%89%E6%B4%A5%E5%B8%82
咲桜ケアプランセンター,ケアマネジャー・居宅介護支援,滋賀県,草津市,"介護,ケアマネジャー・居宅介護支援,相談",介護サービスの計画作成や事業所調整を行う相談先です。退院後の生活準備で重要です。,https://citrus-shiga.com/,滋賀県草津市草津四丁目８番１３号,077-575-2766,厚生労働省オープンデータ,https://www.mhlw.go.jp/content/12300000/jigyosho_430.csv,2025-12末,https://www.google.com/search?q=%E5%92%B2%E6%A1%9C%E3%82%B1%E3%82%A2%E3%83%97%E3%83%A9%E3%83%B3%E3%82%BB%E3%83%B3%E3%82%BF%E3%83%BC%20%E8%8D%89%E6%B4%A5%E5%B8%82
居宅介護支援事業所Ｍａｔｓ,ケアマネジャー・居宅介護支援,滋賀県,草津市,"介護,ケアマネジャー・居宅介護支援,相談",介護サービスの計画作成や事業所調整を行う相談先です。退院後の生活準備で重要です。,https://www.google.com/search?q=%E5%B1%85%E5%AE%85%E4%BB%8B%E8%AD%B7%E6%94%AF%E6%8F%B4%E4%BA%8B%E6%A5%AD%E6%89%80%EF%BC%AD%EF%BD%81%EF%BD%94%EF%BD%93%20%E8%8D%89%E6%B4%A5%E5%B8%82,滋賀県草津市南草津５丁目4-7　KNKレジデンス南草津203KNKレジデンス南草津203,077-574-8824,厚生労働省オープンデータ,https://www.mhlw.go.jp/content/12300000/jigyosho_430.csv,2025-12末,https://www.google.com/search?q=%E5%B1%85%E5%AE%85%E4%BB%8B%E8%AD%B7%E6%94%AF%E6%8F%B4%E4%BA%8B%E6%A5%AD%E6%89%80%EF%BC%AD%EF%BD%81%EF%BD%94%EF%BD%93%20%E8%8D%89%E6%B4%A5%E5%B8%82
菖蒲の郷居宅介護支援センター,ケアマネジャー・居宅介護支援,滋賀県,草津市,"介護,ケアマネジャー・居宅介護支援,相談",介護サービスの計画作成や事業所調整を行う相談先です。退院後の生活準備で重要です。,https://www.google.com/search?q=%E8%8F%96%E8%92%B2%E3%81%AE%E9%83%B7%E5%B1%85%E5%AE%85%E4%BB%8B%E8%AD%B7%E6%94%AF%E6%8F%B4%E3%82%BB%E3%83%B3%E3%82%BF%E3%83%BC%20%E8%8D%89%E6%B4%A5%E5%B8%82,滋賀県草津市山寺町837番地,077-566-1199,厚生労働省オープンデータ,https://www.mhlw.go.jp/content/12300000/jigyosho_430.csv,2025-12末,https://www.google.com/search?q=%E8%8F%96%E8%92%B2%E3%81%AE%E9%83%B7%E5%B1%85%E5%AE%85%E4%BB%8B%E8%AD%B7%E6%94%AF%E6%8F%B4%E3%82%BB%E3%83%B3%E3%82%BF%E3%83%BC%20%E8%8D%89%E6%B4%A5%E5%B8%82
社会医療法人誠光会指定居宅介護支援事業所きらら,ケアマネジャー・居宅介護支援,滋賀県,草津市,"介護,ケアマネジャー・居宅介護支援,相談",介護サービスの計画作成や事業所調整を行う相談先です。退院後の生活準備で重要です。,https://www.google.com/search?q=%E7%A4%BE%E4%BC%9A%E5%8C%BB%E7%99%82%E6%B3%95%E4%BA%BA%E8%AA%A0%E5%85%89%E4%BC%9A%E6%8C%87%E5%AE%9A%E5%B1%85%E5%AE%85%E4%BB%8B%E8%AD%B7%E6%94%AF%E6%8F%B4%E4%BA%8B%E6%A5%AD%E6%89%80%E3%81%8D%E3%82%89%E3%82%89%20%E8%8D%89%E6%B4%A5%E5%B8%82,草津市野村2丁目13番13号,077-567-5177,厚生労働省オープンデータ,https://www.mhlw.go.jp/content/12300000/jigyosho_430.csv,2025-12末,https://www.google.com/search?q=%E7%A4%BE%E4%BC%9A%E5%8C%BB%E7%99%82%E6%B3%95%E4%BA%BA%E8%AA%A0%E5%85%89%E4%BC%9A%E6%8C%87%E5%AE%9A%E5%B1%85%E5%AE%85%E4%BB%8B%E8%AD%B7%E6%94%AF%E6%8F%B4%E4%BA%8B%E6%A5%AD%E6%89%80%E3%81%8D%E3%82%89%E3%82%89%20%E8%8D%89%E6%B4%A5%E5%B8%82
マザーレイク居宅介護支援事業所,ケアマネジャー・居宅介護支援,滋賀県,草津市,"介護,ケアマネジャー・居宅介護支援,相談",介護サービスの計画作成や事業所調整を行う相談先です。退院後の生活準備で重要です。,http://www.grouphome.jp,滋賀県草津市笠山５丁目3-66メゾンドール瀬田公園都市内,077-561-5135,厚生労働省オープンデータ,https://www.mhlw.go.jp/content/12300000/jigyosho_430.csv,2025-12末,https://www.google.com/search?q=%E3%83%9E%E3%82%B6%E3%83%BC%E3%83%AC%E3%82%A4%E3%82%AF%E5%B1%85%E5%AE%85%E4%BB%8B%E8%AD%B7%E6%94%AF%E6%8F%B4%E4%BA%8B%E6%A5%AD%E6%89%80%20%E8%8D%89%E6%B4%A5%E5%B8%82
アスケア　ケアプランセンタ－かがやき,ケアマネジャー・居宅介護支援,滋賀県,草津市,"介護,ケアマネジャー・居宅介護支援,相談",介護サービスの計画作成や事業所調整を行う相談先です。退院後の生活準備で重要です。,https://www.as-care.co.jp,滋賀県草津市追分南5丁目12-2,050-3317-7768,厚生労働省オープンデータ,https://www.mhlw.go.jp/content/12300000/jigyosho_430.csv,2025-12末,https://www.google.com/search?q=%E3%82%A2%E3%82%B9%E3%82%B1%E3%82%A2%E3%80%80%E3%82%B1%E3%82%A2%E3%83%97%E3%83%A9%E3%83%B3%E3%82%BB%E3%83%B3%E3%82%BF%EF%BC%8D%E3%81%8B%E3%81%8C%E3%82%84%E3%81%8D%20%E8%8D%89%E6%B4%A5%E5%B8%82
はぴねすさぽーと滋賀支店,ケアマネジャー・居宅介護支援,滋賀県,草津市,"介護,ケアマネジャー・居宅介護支援,相談",介護サービスの計画作成や事業所調整を行う相談先です。退院後の生活準備で重要です。,http://www.regalore.net,滋賀県草津市平井2丁目９－１１EspoirTakaya305,077-563-0125,厚生労働省オープンデータ,https://www.mhlw.go.jp/content/12300000/jigyosho_430.csv,2025-12末,https://www.google.com/search?q=%E3%81%AF%E3%81%B4%E3%81%AD%E3%81%99%E3%81%95%E3%81%BD%E3%83%BC%E3%81%A8%E6%BB%8B%E8%B3%80%E6%94%AF%E5%BA%97%20%E8%8D%89%E6%B4%A5%E5%B8%82
あやは居宅介護支援事業所,ケアマネジャー・居宅介護支援,滋賀県,草津市,"介護,ケアマネジャー・居宅介護支援,相談",介護サービスの計画作成や事業所調整を行う相談先です。退院後の生活準備で重要です。,https://www.google.com/search?q=%E3%81%82%E3%82%84%E3%81%AF%E5%B1%85%E5%AE%85%E4%BB%8B%E8%AD%B7%E6%94%AF%E6%8F%B4%E4%BA%8B%E6%A5%AD%E6%89%80%20%E8%8D%89%E6%B4%A5%E5%B8%82,滋賀県草津市西渋川1-17-25　綾羽企業年金基金会館内,077-566-6273,厚生労働省オープンデータ,https://www.mhlw.go.jp/content/12300000/jigyosho_430.csv,2025-12末,https://www.google.com/search?q=%E3%81%82%E3%82%84%E3%81%AF%E5%B1%85%E5%AE%85%E4%BB%8B%E8%AD%B7%E6%94%AF%E6%8F%B4%E4%BA%8B%E6%A5%AD%E6%89%80%20%E8%8D%89%E6%B4%A5%E5%B8%82
ひびきプランセンター,ケアマネジャー・居宅介護支援,滋賀県,草津市,"介護,ケアマネジャー・居宅介護支援,相談",介護サービスの計画作成や事業所調整を行う相談先です。退院後の生活準備で重要です。,https://hibiki-llc.jimdosite.com/,滋賀県草津市野村一丁目14番8号,077-562-2851,厚生労働省オープンデータ,https://www.mhlw.go.jp/content/12300000/jigyosho_430.csv,2025-12末,https://www.google.com/search?q=%E3%81%B2%E3%81%B3%E3%81%8D%E3%83%97%E3%83%A9%E3%83%B3%E3%82%BB%E3%83%B3%E3%82%BF%E3%83%BC%20%E8%8D%89%E6%B4%A5%E5%B8%82
近江草津徳洲会介護センター,ケアマネジャー・居宅介護支援,滋賀県,草津市,"介護,ケアマネジャー・居宅介護支援,相談",介護サービスの計画作成や事業所調整を行う相談先です。退院後の生活準備で重要です。,http://www.oumi-kusatsu-hp.jp,草津市東矢倉3丁目34-52,077-562-5400,厚生労働省オープンデータ,https://www.mhlw.go.jp/content/12300000/jigyosho_430.csv,2025-12末,https://www.google.com/search?q=%E8%BF%91%E6%B1%9F%E8%8D%89%E6%B4%A5%E5%BE%B3%E6%B4%B2%E4%BC%9A%E4%BB%8B%E8%AD%B7%E3%82%BB%E3%83%B3%E3%82%BF%E3%83%BC%20%E8%8D%89%E6%B4%A5%E5%B8%82
社会福祉法人みのり草津市上笠居宅介護支援事業所,ケアマネジャー・居宅介護支援,滋賀県,草津市,"介護,ケアマネジャー・居宅介護支援,相談",介護サービスの計画作成や事業所調整を行う相談先です。退院後の生活準備で重要です。,http://www.popura.or.jp/,滋賀県草津市上笠1丁目9番11号,077-565-0293,厚生労働省オープンデータ,https://www.mhlw.go.jp/content/12300000/jigyosho_430.csv,2025-12末,https://www.google.com/search?q=%E7%A4%BE%E4%BC%9A%E7%A6%8F%E7%A5%89%E6%B3%95%E4%BA%BA%E3%81%BF%E3%81%AE%E3%82%8A%E8%8D%89%E6%B4%A5%E5%B8%82%E4%B8%8A%E7%AC%A0%E5%B1%85%E5%AE%85%E4%BB%8B%E8%AD%B7%E6%94%AF%E6%8F%B4%E4%BA%8B%E6%A5%AD%E6%89%80%20%E8%8D%89%E6%B4%A5%E5%B8%82
はな．居宅介護支援事業所,ケアマネジャー・居宅介護支援,滋賀県,草津市,"介護,ケアマネジャー・居宅介護支援,相談",介護サービスの計画作成や事業所調整を行う相談先です。退院後の生活準備で重要です。,https;//www.hana-cp.jp/,滋賀県草津市木川町1607番地,077－565－0711,厚生労働省オープンデータ,https://www.mhlw.go.jp/content/12300000/jigyosho_430.csv,2025-12末,https://www.google.com/search?q=%E3%81%AF%E3%81%AA%EF%BC%8E%E5%B1%85%E5%AE%85%E4%BB%8B%E8%AD%B7%E6%94%AF%E6%8F%B4%E4%BA%8B%E6%A5%AD%E6%89%80%20%E8%8D%89%E6%B4%A5%E5%B8%82
ケアプランセンター　ティエール,ケアマネジャー・居宅介護支援,滋賀県,草津市,"介護,ケアマネジャー・居宅介護支援,相談",介護サービスの計画作成や事業所調整を行う相談先です。退院後の生活準備で重要です。,https://www.google.com/search?q=%E3%82%B1%E3%82%A2%E3%83%97%E3%83%A9%E3%83%B3%E3%82%BB%E3%83%B3%E3%82%BF%E3%83%BC%E3%80%80%E3%83%86%E3%82%A3%E3%82%A8%E3%83%BC%E3%83%AB%20%E8%8D%89%E6%B4%A5%E5%B8%82,滋賀県草津市東矢倉2丁目2番33号,077-567-1414,厚生労働省オープンデータ,https://www.mhlw.go.jp/content/12300000/jigyosho_430.csv,2025-12末,https://www.google.com/search?q=%E3%82%B1%E3%82%A2%E3%83%97%E3%83%A9%E3%83%B3%E3%82%BB%E3%83%B3%E3%82%BF%E3%83%BC%E3%80%80%E3%83%86%E3%82%A3%E3%82%A8%E3%83%BC%E3%83%AB%20%E8%8D%89%E6%B4%A5%E5%B8%82
萩の里　居宅介護支援事業所,ケアマネジャー・居宅介護支援,滋賀県,草津市,"介護,ケアマネジャー・居宅介護支援,相談",介護サービスの計画作成や事業所調整を行う相談先です。退院後の生活準備で重要です。,http://yotsuba-lcn.or.jp,滋賀県草津市野路東2丁目4番10号,077-567-8567,厚生労働省オープンデータ,https://www.mhlw.go.jp/content/12300000/jigyosho_430.csv,2025-12末,https://www.google.com/search?q=%E8%90%A9%E3%81%AE%E9%87%8C%E3%80%80%E5%B1%85%E5%AE%85%E4%BB%8B%E8%AD%B7%E6%94%AF%E6%8F%B4%E4%BA%8B%E6%A5%AD%E6%89%80%20%E8%8D%89%E6%B4%A5%E5%B8%82
居宅介護支援かえで,ケアマネジャー・居宅介護支援,滋賀県,草津市,"介護,ケアマネジャー・居宅介護支援,相談",介護サービスの計画作成や事業所調整を行う相談先です。退院後の生活準備で重要です。,https://maple-kofu.com/,滋賀県草津市追分南一丁目８番３４号かえで２号館,077-566-0088,厚生労働省オープンデータ,https://www.mhlw.go.jp/content/12300000/jigyosho_430.csv,2025-12末,https://www.google.com/search?q=%E5%B1%85%E5%AE%85%E4%BB%8B%E8%AD%B7%E6%94%AF%E6%8F%B4%E3%81%8B%E3%81%88%E3%81%A7%20%E8%8D%89%E6%B4%A5%E5%B8%82
介護相談となりぐみ,ケアマネジャー・居宅介護支援,滋賀県,草津市,"介護,ケアマネジャー・居宅介護支援,相談",介護サービスの計画作成や事業所調整を行う相談先です。退院後の生活準備で重要です。,http://www.edanlife.com/,滋賀県草津市上笠2-18-16上笠ビル1階,(077)596-5646,厚生労働省オープンデータ,https://www.mhlw.go.jp/content/12300000/jigyosho_430.csv,2025-12末,https://www.google.com/search?q=%E4%BB%8B%E8%AD%B7%E7%9B%B8%E8%AB%87%E3%81%A8%E3%81%AA%E3%82%8A%E3%81%90%E3%81%BF%20%E8%8D%89%E6%B4%A5%E5%B8%82
医心館居宅介護支援事業所南草津,ケアマネジャー・居宅介護支援,滋賀県,草津市,"介護,ケアマネジャー・居宅介護支援,相談",介護サービスの計画作成や事業所調整を行う相談先です。退院後の生活準備で重要です。,https://www.google.com/search?q=%E5%8C%BB%E5%BF%83%E9%A4%A8%E5%B1%85%E5%AE%85%E4%BB%8B%E8%AD%B7%E6%94%AF%E6%8F%B4%E4%BA%8B%E6%A5%AD%E6%89%80%E5%8D%97%E8%8D%89%E6%B4%A5%20%E8%8D%89%E6%B4%A5%E5%B8%82,滋賀県草津市追分南二丁目３番17号,077-516-6120,厚生労働省オープンデータ,https://www.mhlw.go.jp/content/12300000/jigyosho_430.csv,2025-12末,https://www.google.com/search?q=%E5%8C%BB%E5%BF%83%E9%A4%A8%E5%B1%85%E5%AE%85%E4%BB%8B%E8%AD%B7%E6%94%AF%E6%8F%B4%E4%BA%8B%E6%A5%AD%E6%89%80%E5%8D%97%E8%8D%89%E6%B4%A5%20%E8%8D%89%E6%B4%A5%E5%B8%82
社会医療法人誠光会　指定居宅介護支援事業所　ふれあい,ケアマネジャー・居宅介護支援,滋賀県,草津市,"介護,ケアマネジャー・居宅介護支援,相談",介護サービスの計画作成や事業所調整を行う相談先です。退院後の生活準備で重要です。,https://www.seikoukai-sc.or.jp,滋賀県草津市矢橋町1629-5,077-516-2347,厚生労働省オープンデータ,https://www.mhlw.go.jp/content/12300000/jigyosho_430.csv,2025-12末,https://www.google.com/search?q=%E7%A4%BE%E4%BC%9A%E5%8C%BB%E7%99%82%E6%B3%95%E4%BA%BA%E8%AA%A0%E5%85%89%E4%BC%9A%E3%80%80%E6%8C%87%E5%AE%9A%E5%B1%85%E5%AE%85%E4%BB%8B%E8%AD%B7%E6%94%AF%E6%8F%B4%E4%BA%8B%E6%A5%AD%E6%89%80%E3%80%80%E3%81%B5%E3%82%8C%E3%81%82%E3%81%84%20%E8%8D%89%E6%B4%A5%E5%B8%82
居宅介護支援事業所　和花,ケアマネジャー・居宅介護支援,滋賀県,草津市,"介護,ケアマネジャー・居宅介護支援,相談",介護サービスの計画作成や事業所調整を行う相談先です。退院後の生活準備で重要です。,https://chowa888.com/care-waka,草津市上笠二丁目5-8,077-564-0788,厚生労働省オープンデータ,https://www.mhlw.go.jp/content/12300000/jigyosho_430.csv,2025-12末,https://www.google.com/search?q=%E5%B1%85%E5%AE%85%E4%BB%8B%E8%AD%B7%E6%94%AF%E6%8F%B4%E4%BA%8B%E6%A5%AD%E6%89%80%E3%80%80%E5%92%8C%E8%8A%B1%20%E8%8D%89%E6%B4%A5%E5%B8%82
ルナケアプランセンター,ケアマネジャー・居宅介護支援,滋賀県,草津市,"介護,ケアマネジャー・居宅介護支援,相談",介護サービスの計画作成や事業所調整を行う相談先です。退院後の生活準備で重要です。,https://www.google.com/search?q=%E3%83%AB%E3%83%8A%E3%82%B1%E3%82%A2%E3%83%97%E3%83%A9%E3%83%B3%E3%82%BB%E3%83%B3%E3%82%BF%E3%83%BC%20%E8%8D%89%E6%B4%A5%E5%B8%82,青地町1025番地の14,077-516-2011,厚生労働省オープンデータ,https://www.mhlw.go.jp/content/12300000/jigyosho_430.csv,2025-12末,https://www.google.com/search?q=%E3%83%AB%E3%83%8A%E3%82%B1%E3%82%A2%E3%83%97%E3%83%A9%E3%83%B3%E3%82%BB%E3%83%B3%E3%82%BF%E3%83%BC%20%E8%8D%89%E6%B4%A5%E5%B8%82
オフィス豆の木　介護支援事務所,ケアマネジャー・居宅介護支援,滋賀県,草津市,"介護,ケアマネジャー・居宅介護支援,相談",介護サービスの計画作成や事業所調整を行う相談先です。退院後の生活準備で重要です。,https://www.google.com/search?q=%E3%82%AA%E3%83%95%E3%82%A3%E3%82%B9%E8%B1%86%E3%81%AE%E6%9C%A8%E3%80%80%E4%BB%8B%E8%AD%B7%E6%94%AF%E6%8F%B4%E4%BA%8B%E5%8B%99%E6%89%80%20%E8%8D%89%E6%B4%A5%E5%B8%82,滋賀県草津市大路1丁目7-1-3103号,077-567-2115,厚生労働省オープンデータ,https://www.mhlw.go.jp/content/12300000/jigyosho_430.csv,2025-12末,https://www.google.com/search?q=%E3%82%AA%E3%83%95%E3%82%A3%E3%82%B9%E8%B1%86%E3%81%AE%E6%9C%A8%E3%80%80%E4%BB%8B%E8%AD%B7%E6%94%AF%E6%8F%B4%E4%BA%8B%E5%8B%99%E6%89%80%20%E8%8D%89%E6%B4%A5%E5%B8%82
草津市南笠居宅介護支援センターあさひ,ケアマネジャー・居宅介護支援,滋賀県,草津市,"介護,ケアマネジャー・居宅介護支援,相談",介護サービスの計画作成や事業所調整を行う相談先です。退院後の生活準備で重要です。,https://www.google.com/search?q=%E8%8D%89%E6%B4%A5%E5%B8%82%E5%8D%97%E7%AC%A0%E5%B1%85%E5%AE%85%E4%BB%8B%E8%AD%B7%E6%94%AF%E6%8F%B4%E3%82%BB%E3%83%B3%E3%82%BF%E3%83%BC%E3%81%82%E3%81%95%E3%81%B2%20%E8%8D%89%E6%B4%A5%E5%B8%82,滋賀県草津市笠山１丁目１－４６,077-569-0938,厚生労働省オープンデータ,https://www.mhlw.go.jp/content/12300000/jigyosho_430.csv,2025-12末,https://www.google.com/search?q=%E8%8D%89%E6%B4%A5%E5%B8%82%E5%8D%97%E7%AC%A0%E5%B1%85%E5%AE%85%E4%BB%8B%E8%AD%B7%E6%94%AF%E6%8F%B4%E3%82%BB%E3%83%B3%E3%82%BF%E3%83%BC%E3%81%82%E3%81%95%E3%81%B2%20%E8%8D%89%E6%B4%A5%E5%B8%82
あおばな居宅介護支援事業所,ケアマネジャー・居宅介護支援,滋賀県,草津市,"介護,ケアマネジャー・居宅介護支援,相談",介護サービスの計画作成や事業所調整を行う相談先です。退院後の生活準備で重要です。,http://www.aobana.jp/,滋賀県草津市草津町1527番地2ベルエール草津202号,007-567-2592,厚生労働省オープンデータ,https://www.mhlw.go.jp/content/12300000/jigyosho_430.csv,2025-12末,https://www.google.com/search?q=%E3%81%82%E3%81%8A%E3%81%B0%E3%81%AA%E5%B1%85%E5%AE%85%E4%BB%8B%E8%AD%B7%E6%94%AF%E6%8F%B4%E4%BA%8B%E6%A5%AD%E6%89%80%20%E8%8D%89%E6%B4%A5%E5%B8%82
ケアタウン南草津居宅介護支援事業所,ケアマネジャー・居宅介護支援,滋賀県,草津市,"介護,ケアマネジャー・居宅介護支援,相談",介護サービスの計画作成や事業所調整を行う相談先です。退院後の生活準備で重要です。,http://www.yotsuba-lcn.or.jp/,矢橋町６２１番地,077-562-8002,厚生労働省オープンデータ,https://www.mhlw.go.jp/content/12300000/jigyosho_430.csv,2025-12末,https://www.google.com/search?q=%E3%82%B1%E3%82%A2%E3%82%BF%E3%82%A6%E3%83%B3%E5%8D%97%E8%8D%89%E6%B4%A5%E5%B1%85%E5%AE%85%E4%BB%8B%E8%AD%B7%E6%94%AF%E6%8F%B4%E4%BA%8B%E6%A5%AD%E6%89%80%20%E8%8D%89%E6%B4%A5%E5%B8%82
居宅介護支援事業所ライフパートナー,ケアマネジャー・居宅介護支援,滋賀県,草津市,"介護,ケアマネジャー・居宅介護支援,相談",介護サービスの計画作成や事業所調整を行う相談先です。退院後の生活準備で重要です。,nextlife-care.com,滋賀県草津市若竹町7-10Act213F,077-561-2227,厚生労働省オープンデータ,https://www.mhlw.go.jp/content/12300000/jigyosho_430.csv,2025-12末,https://www.google.com/search?q=%E5%B1%85%E5%AE%85%E4%BB%8B%E8%AD%B7%E6%94%AF%E6%8F%B4%E4%BA%8B%E6%A5%AD%E6%89%80%E3%83%A9%E3%82%A4%E3%83%95%E3%83%91%E3%83%BC%E3%83%88%E3%83%8A%E3%83%BC%20%E8%8D%89%E6%B4%A5%E5%B8%82
ケアプランセンター向日葵,ケアマネジャー・居宅介護支援,滋賀県,草津市,"介護,ケアマネジャー・居宅介護支援,相談",介護サービスの計画作成や事業所調整を行う相談先です。退院後の生活準備で重要です。,https://www.fukurou-care.com/company,滋賀県草津市若竹町10-41丸十ビル４F,077－518－8881,厚生労働省オープンデータ,https://www.mhlw.go.jp/content/12300000/jigyosho_430.csv,2025-12末,https://www.google.com/search?q=%E3%82%B1%E3%82%A2%E3%83%97%E3%83%A9%E3%83%B3%E3%82%BB%E3%83%B3%E3%82%BF%E3%83%BC%E5%90%91%E6%97%A5%E8%91%B5%20%E8%8D%89%E6%B4%A5%E5%B8%82
岸本ケアプランセンター,ケアマネジャー・居宅介護支援,滋賀県,草津市,"介護,ケアマネジャー・居宅介護支援,相談",介護サービスの計画作成や事業所調整を行う相談先です。退院後の生活準備で重要です。,https://kishimoto-cp.co.jp/,滋賀県草津市芦浦町４６番地１,077-568-2415,厚生労働省オープンデータ,https://www.mhlw.go.jp/content/12300000/jigyosho_430.csv,2025-12末,https://www.google.com/search?q=%E5%B2%B8%E6%9C%AC%E3%82%B1%E3%82%A2%E3%83%97%E3%83%A9%E3%83%B3%E3%82%BB%E3%83%B3%E3%82%BF%E3%83%BC%20%E8%8D%89%E6%B4%A5%E5%B8%82
居宅介護支援事業所　しがそせい苑,ケアマネジャー・居宅介護支援,滋賀県,守山市,"介護,ケアマネジャー・居宅介護支援,相談",介護サービスの計画作成や事業所調整を行う相談先です。退院後の生活準備で重要です。,http://soseien.jp/shiga/index.html,守山市水保町２６５０－１,077-585-7878,厚生労働省オープンデータ,https://www.mhlw.go.jp/content/12300000/jigyosho_430.csv,2025-12末,https://www.google.com/search?q=%E5%B1%85%E5%AE%85%E4%BB%8B%E8%AD%B7%E6%94%AF%E6%8F%B4%E4%BA%8B%E6%A5%AD%E6%89%80%E3%80%80%E3%81%97%E3%81%8C%E3%81%9D%E3%81%9B%E3%81%84%E8%8B%91%20%E5%AE%88%E5%B1%B1%E5%B8%82
ケア・サポート愛居宅介護支援事業所,ケアマネジャー・居宅介護支援,滋賀県,守山市,"介護,ケアマネジャー・居宅介護支援,相談",介護サービスの計画作成や事業所調整を行う相談先です。退院後の生活準備で重要です。,http://caresupportai.jp,守山市杉江町714-3,077-585-1211,厚生労働省オープンデータ,https://www.mhlw.go.jp/content/12300000/jigyosho_430.csv,2025-12末,https://www.google.com/search?q=%E3%82%B1%E3%82%A2%E3%83%BB%E3%82%B5%E3%83%9D%E3%83%BC%E3%83%88%E6%84%9B%E5%B1%85%E5%AE%85%E4%BB%8B%E8%AD%B7%E6%94%AF%E6%8F%B4%E4%BA%8B%E6%A5%AD%E6%89%80%20%E5%AE%88%E5%B1%B1%E5%B8%82
ケアプランステーションここあ勝部,ケアマネジャー・居宅介護支援,滋賀県,守山市,"介護,ケアマネジャー・居宅介護支援,相談",介護サービスの計画作成や事業所調整を行う相談先です。退院後の生活準備で重要です。,http://www.kokoa.jp,勝部3丁目10-34,077-582-8556,厚生労働省オープンデータ,https://www.mhlw.go.jp/content/12300000/jigyosho_430.csv,2025-12末,https://www.google.com/search?q=%E3%82%B1%E3%82%A2%E3%83%97%E3%83%A9%E3%83%B3%E3%82%B9%E3%83%86%E3%83%BC%E3%82%B7%E3%83%A7%E3%83%B3%E3%81%93%E3%81%93%E3%81%82%E5%8B%9D%E9%83%A8%20%E5%AE%88%E5%B1%B1%E5%B8%82
社会福祉法人友愛三宅ケアセンター,ケアマネジャー・居宅介護支援,滋賀県,守山市,"介護,ケアマネジャー・居宅介護支援,相談",介護サービスの計画作成や事業所調整を行う相談先です。退院後の生活準備で重要です。,http://www.kanariya.or.jp,守山市三宅町833-4,077-581-1551,厚生労働省オープンデータ,https://www.mhlw.go.jp/content/12300000/jigyosho_430.csv,2025-12末,https://www.google.com/search?q=%E7%A4%BE%E4%BC%9A%E7%A6%8F%E7%A5%89%E6%B3%95%E4%BA%BA%E5%8F%8B%E6%84%9B%E4%B8%89%E5%AE%85%E3%82%B1%E3%82%A2%E3%82%BB%E3%83%B3%E3%82%BF%E3%83%BC%20%E5%AE%88%E5%B1%B1%E5%B8%82
居宅介護支援事業所　ふくろうさん,ケアマネジャー・居宅介護支援,滋賀県,守山市,"介護,ケアマネジャー・居宅介護支援,相談",介護サービスの計画作成や事業所調整を行う相談先です。退院後の生活準備で重要です。,https://www.google.com/search?q=%E5%B1%85%E5%AE%85%E4%BB%8B%E8%AD%B7%E6%94%AF%E6%8F%B4%E4%BA%8B%E6%A5%AD%E6%89%80%E3%80%80%E3%81%B5%E3%81%8F%E3%82%8D%E3%81%86%E3%81%95%E3%82%93%20%E5%AE%88%E5%B1%B1%E5%B8%82,滋賀県守山市小島町1808-8,077-576-1348,厚生労働省オープンデータ,https://www.mhlw.go.jp/content/12300000/jigyosho_430.csv,2025-12末,https://www.google.com/search?q=%E5%B1%85%E5%AE%85%E4%BB%8B%E8%AD%B7%E6%94%AF%E6%8F%B4%E4%BA%8B%E6%A5%AD%E6%89%80%E3%80%80%E3%81%B5%E3%81%8F%E3%82%8D%E3%81%86%E3%81%95%E3%82%93%20%E5%AE%88%E5%B1%B1%E5%B8%82
すこやか生活支援センター,ケアマネジャー・居宅介護支援,滋賀県,守山市,"介護,ケアマネジャー・居宅介護支援,相談",介護サービスの計画作成や事業所調整を行う相談先です。退院後の生活準備で重要です。,https://www.google.com/search?q=%E3%81%99%E3%81%93%E3%82%84%E3%81%8B%E7%94%9F%E6%B4%BB%E6%94%AF%E6%8F%B4%E3%82%BB%E3%83%B3%E3%82%BF%E3%83%BC%20%E5%AE%88%E5%B1%B1%E5%B8%82,滋賀県守山市古高町98-9,077-574-8088,厚生労働省オープンデータ,https://www.mhlw.go.jp/content/12300000/jigyosho_430.csv,2025-12末,https://www.google.com/search?q=%E3%81%99%E3%81%93%E3%82%84%E3%81%8B%E7%94%9F%E6%B4%BB%E6%94%AF%E6%8F%B4%E3%82%BB%E3%83%B3%E3%82%BF%E3%83%BC%20%E5%AE%88%E5%B1%B1%E5%B8%82
有限会社ゆうすげ介護居宅介護支援事業所,ケアマネジャー・居宅介護支援,滋賀県,守山市,"介護,ケアマネジャー・居宅介護支援,相談",介護サービスの計画作成や事業所調整を行う相談先です。退院後の生活準備で重要です。,http://www.yuusuge.co.jp/,滋賀県守山市下之郷一丁目2番32-301号,077-583-2700,厚生労働省オープンデータ,https://www.mhlw.go.jp/content/12300000/jigyosho_430.csv,2025-12末,https://www.google.com/search?q=%E6%9C%89%E9%99%90%E4%BC%9A%E7%A4%BE%E3%82%86%E3%81%86%E3%81%99%E3%81%92%E4%BB%8B%E8%AD%B7%E5%B1%85%E5%AE%85%E4%BB%8B%E8%AD%B7%E6%94%AF%E6%8F%B4%E4%BA%8B%E6%A5%AD%E6%89%80%20%E5%AE%88%E5%B1%B1%E5%B8%82
ゆいの里守山居宅介護支援事業所,ケアマネジャー・居宅介護支援,滋賀県,守山市,"介護,ケアマネジャー・居宅介護支援,相談",介護サービスの計画作成や事業所調整を行う相談先です。退院後の生活準備で重要です。,http://www.yuinosato.or.jp/,洲本町１番地,077-584-2156,厚生労働省オープンデータ,https://www.mhlw.go.jp/content/12300000/jigyosho_430.csv,2025-12末,https://www.google.com/search?q=%E3%82%86%E3%81%84%E3%81%AE%E9%87%8C%E5%AE%88%E5%B1%B1%E5%B1%85%E5%AE%85%E4%BB%8B%E8%AD%B7%E6%94%AF%E6%8F%B4%E4%BA%8B%E6%A5%AD%E6%89%80%20%E5%AE%88%E5%B1%B1%E5%B8%82
ＪＡレーク滋賀守山居宅介護支援事業所,ケアマネジャー・居宅介護支援,滋賀県,守山市,"介護,ケアマネジャー・居宅介護支援,相談",介護サービスの計画作成や事業所調整を行う相談先です。退院後の生活準備で重要です。,https://www.google.com/search?q=%EF%BC%AA%EF%BC%A1%E3%83%AC%E3%83%BC%E3%82%AF%E6%BB%8B%E8%B3%80%E5%AE%88%E5%B1%B1%E5%B1%85%E5%AE%85%E4%BB%8B%E8%AD%B7%E6%94%AF%E6%8F%B4%E4%BA%8B%E6%A5%AD%E6%89%80%20%E5%AE%88%E5%B1%B1%E5%B8%82,滋賀県守山市吉身三丁目７番６号,077-582-8814,厚生労働省オープンデータ,https://www.mhlw.go.jp/content/12300000/jigyosho_430.csv,2025-12末,https://www.google.com/search?q=%EF%BC%AA%EF%BC%A1%E3%83%AC%E3%83%BC%E3%82%AF%E6%BB%8B%E8%B3%80%E5%AE%88%E5%B1%B1%E5%B1%85%E5%AE%85%E4%BB%8B%E8%AD%B7%E6%94%AF%E6%8F%B4%E4%BA%8B%E6%A5%AD%E6%89%80%20%E5%AE%88%E5%B1%B1%E5%B8%82
社会福祉法人守山市社会福祉協議会居宅介護支援事業所,ケアマネジャー・居宅介護支援,滋賀県,守山市,"介護,ケアマネジャー・居宅介護支援,相談",介護サービスの計画作成や事業所調整を行う相談先です。退院後の生活準備で重要です。,https://www.google.com/search?q=%E7%A4%BE%E4%BC%9A%E7%A6%8F%E7%A5%89%E6%B3%95%E4%BA%BA%E5%AE%88%E5%B1%B1%E5%B8%82%E7%A4%BE%E4%BC%9A%E7%A6%8F%E7%A5%89%E5%8D%94%E8%AD%B0%E4%BC%9A%E5%B1%85%E5%AE%85%E4%BB%8B%E8%AD%B7%E6%94%AF%E6%8F%B4%E4%BA%8B%E6%A5%AD%E6%89%80%20%E5%AE%88%E5%B1%B1%E5%B8%82,滋賀県守山市石田町422番地,077-585-8841,厚生労働省オープンデータ,https://www.mhlw.go.jp/content/12300000/jigyosho_430.csv,2025-12末,https://www.google.com/search?q=%E7%A4%BE%E4%BC%9A%E7%A6%8F%E7%A5%89%E6%B3%95%E4%BA%BA%E5%AE%88%E5%B1%B1%E5%B8%82%E7%A4%BE%E4%BC%9A%E7%A6%8F%E7%A5%89%E5%8D%94%E8%AD%B0%E4%BC%9A%E5%B1%85%E5%AE%85%E4%BB%8B%E8%AD%B7%E6%94%AF%E6%8F%B4%E4%BA%8B%E6%A5%AD%E6%89%80%20%E5%AE%88%E5%B1%B1%E5%B8%82
居宅介護支援事業所　いおり,ケアマネジャー・居宅介護支援,滋賀県,守山市,"介護,ケアマネジャー・居宅介護支援,相談",介護サービスの計画作成や事業所調整を行う相談先です。退院後の生活準備で重要です。,https://www.google.com/search?q=%E5%B1%85%E5%AE%85%E4%BB%8B%E8%AD%B7%E6%94%AF%E6%8F%B4%E4%BA%8B%E6%A5%AD%E6%89%80%E3%80%80%E3%81%84%E3%81%8A%E3%82%8A%20%E5%AE%88%E5%B1%B1%E5%B8%82,滋賀県守山市古高町４１８番地の３,077-583-9922,厚生労働省オープンデータ,https://www.mhlw.go.jp/content/12300000/jigyosho_430.csv,2025-12末,https://www.google.com/search?q=%E5%B1%85%E5%AE%85%E4%BB%8B%E8%AD%B7%E6%94%AF%E6%8F%B4%E4%BA%8B%E6%A5%AD%E6%89%80%E3%80%80%E3%81%84%E3%81%8A%E3%82%8A%20%E5%AE%88%E5%B1%B1%E5%B8%82
居宅介護支援事業所ゆうらいふ,ケアマネジャー・居宅介護支援,滋賀県,守山市,"介護,ケアマネジャー・居宅介護支援,相談",介護サービスの計画作成や事業所調整を行う相談先です。退院後の生活準備で重要です。,http://www.youlife.ne.jp,滋賀県守山市石田町735-3,077-584-5841,厚生労働省オープンデータ,https://www.mhlw.go.jp/content/12300000/jigyosho_430.csv,2025-12末,https://www.google.com/search?q=%E5%B1%85%E5%AE%85%E4%BB%8B%E8%AD%B7%E6%94%AF%E6%8F%B4%E4%BA%8B%E6%A5%AD%E6%89%80%E3%82%86%E3%81%86%E3%82%89%E3%81%84%E3%81%B5%20%E5%AE%88%E5%B1%B1%E5%B8%82
またあした居宅介護支援事業所,ケアマネジャー・居宅介護支援,滋賀県,守山市,"介護,ケアマネジャー・居宅介護支援,相談",介護サービスの計画作成や事業所調整を行う相談先です。退院後の生活準備で重要です。,https://mataashita-shiga.com/,滋賀県守山市小島町1613-8,077-575-0516,厚生労働省オープンデータ,https://www.mhlw.go.jp/content/12300000/jigyosho_430.csv,2025-12末,https://www.google.com/search?q=%E3%81%BE%E3%81%9F%E3%81%82%E3%81%97%E3%81%9F%E5%B1%85%E5%AE%85%E4%BB%8B%E8%AD%B7%E6%94%AF%E6%8F%B4%E4%BA%8B%E6%A5%AD%E6%89%80%20%E5%AE%88%E5%B1%B1%E5%B8%82
くらしサポート　華,ケアマネジャー・居宅介護支援,滋賀県,守山市,"介護,ケアマネジャー・居宅介護支援,相談",介護サービスの計画作成や事業所調整を行う相談先です。退院後の生活準備で重要です。,https://www.google.com/search?q=%E3%81%8F%E3%82%89%E3%81%97%E3%82%B5%E3%83%9D%E3%83%BC%E3%83%88%E3%80%80%E8%8F%AF%20%E5%AE%88%E5%B1%B1%E5%B8%82,滋賀県守山市吉身二丁目8－7,090－6053－9077,厚生労働省オープンデータ,https://www.mhlw.go.jp/content/12300000/jigyosho_430.csv,2025-12末,https://www.google.com/search?q=%E3%81%8F%E3%82%89%E3%81%97%E3%82%B5%E3%83%9D%E3%83%BC%E3%83%88%E3%80%80%E8%8F%AF%20%E5%AE%88%E5%B1%B1%E5%B8%82
有限会社びわこメディカル居宅介護支援事業所,ケアマネジャー・居宅介護支援,滋賀県,守山市,"介護,ケアマネジャー・居宅介護支援,相談",介護サービスの計画作成や事業所調整を行う相談先です。退院後の生活準備で重要です。,URL:http://www.biwakomedical.com/,滋賀県守山市播磨田町107-1,077-583-3352,厚生労働省オープンデータ,https://www.mhlw.go.jp/content/12300000/jigyosho_430.csv,2025-12末,https://www.google.com/search?q=%E6%9C%89%E9%99%90%E4%BC%9A%E7%A4%BE%E3%81%B3%E3%82%8F%E3%81%93%E3%83%A1%E3%83%87%E3%82%A3%E3%82%AB%E3%83%AB%E5%B1%85%E5%AE%85%E4%BB%8B%E8%AD%B7%E6%94%AF%E6%8F%B4%E4%BA%8B%E6%A5%AD%E6%89%80%20%E5%AE%88%E5%B1%B1%E5%B8%82
あいむケアプランセンター,ケアマネジャー・居宅介護支援,滋賀県,守山市,"介護,ケアマネジャー・居宅介護支援,相談",介護サービスの計画作成や事業所調整を行う相談先です。退院後の生活準備で重要です。,http://k-aimu.co.jp,滋賀県守山市守山四丁目6番11号,077-514-1641,厚生労働省オープンデータ,https://www.mhlw.go.jp/content/12300000/jigyosho_430.csv,2025-12末,https://www.google.com/search?q=%E3%81%82%E3%81%84%E3%82%80%E3%82%B1%E3%82%A2%E3%83%97%E3%83%A9%E3%83%B3%E3%82%BB%E3%83%B3%E3%82%BF%E3%83%BC%20%E5%AE%88%E5%B1%B1%E5%B8%82
医療法人小西醫院　小西醫院居宅介護支援事業所,ケアマネジャー・居宅介護支援,滋賀県,守山市,"介護,ケアマネジャー・居宅介護支援,相談",介護サービスの計画作成や事業所調整を行う相談先です。退院後の生活準備で重要です。,http://www.konishiclinic.jp/,滋賀県守山市洲本町1256-6,077-584-2685,厚生労働省オープンデータ,https://www.mhlw.go.jp/content/12300000/jigyosho_430.csv,2025-12末,https://www.google.com/search?q=%E5%8C%BB%E7%99%82%E6%B3%95%E4%BA%BA%E5%B0%8F%E8%A5%BF%E9%86%AB%E9%99%A2%E3%80%80%E5%B0%8F%E8%A5%BF%E9%86%AB%E9%99%A2%E5%B1%85%E5%AE%85%E4%BB%8B%E8%AD%B7%E6%94%AF%E6%8F%B4%E4%BA%8B%E6%A5%AD%E6%89%80%20%E5%AE%88%E5%B1%B1%E5%B8%82
ケアプラン杜,ケアマネジャー・居宅介護支援,滋賀県,守山市,"介護,ケアマネジャー・居宅介護支援,相談",介護サービスの計画作成や事業所調整を行う相談先です。退院後の生活準備で重要です。,https://tkk-kaigoservice.com/,今浜町2620-132,077-599-0148,厚生労働省オープンデータ,https://www.mhlw.go.jp/content/12300000/jigyosho_430.csv,2025-12末,https://www.google.com/search?q=%E3%82%B1%E3%82%A2%E3%83%97%E3%83%A9%E3%83%B3%E6%9D%9C%20%E5%AE%88%E5%B1%B1%E5%B8%82
あうん居宅介護支援栗東,ケアマネジャー・居宅介護支援,滋賀県,栗東市,"介護,ケアマネジャー・居宅介護支援,相談",介護サービスの計画作成や事業所調整を行う相談先です。退院後の生活準備で重要です。,https://aun-care.com/,滋賀県栗東市手原3丁目11-12,077-584-5596,厚生労働省オープンデータ,https://www.mhlw.go.jp/content/12300000/jigyosho_430.csv,2025-12末,https://www.google.com/search?q=%E3%81%82%E3%81%86%E3%82%93%E5%B1%85%E5%AE%85%E4%BB%8B%E8%AD%B7%E6%94%AF%E6%8F%B4%E6%A0%97%E6%9D%B1%20%E6%A0%97%E6%9D%B1%E5%B8%82
こびらい生協診療所居宅介護支援事業所,ケアマネジャー・居宅介護支援,滋賀県,栗東市,"介護,ケアマネジャー・居宅介護支援,相談",介護サービスの計画作成や事業所調整を行う相談先です。退院後の生活準備で重要です。,http://www.kobirai-seikyou.com/,栗東市小平井３丁目２番２７号GREENAWAY1F,077-551-6162,厚生労働省オープンデータ,https://www.mhlw.go.jp/content/12300000/jigyosho_430.csv,2025-12末,https://www.google.com/search?q=%E3%81%93%E3%81%B3%E3%82%89%E3%81%84%E7%94%9F%E5%8D%94%E8%A8%BA%E7%99%82%E6%89%80%E5%B1%85%E5%AE%85%E4%BB%8B%E8%AD%B7%E6%94%AF%E6%8F%B4%E4%BA%8B%E6%A5%AD%E6%89%80%20%E6%A0%97%E6%9D%B1%E5%B8%82
社会福祉法人栗東市社会福祉協議会居宅介護支援事業所,ケアマネジャー・居宅介護支援,滋賀県,栗東市,"介護,ケアマネジャー・居宅介護支援,相談",介護サービスの計画作成や事業所調整を行う相談先です。退院後の生活準備で重要です。,http://www.ritto-syakyo.jp/,滋賀県栗東市安養寺１９０番地なごやかセンター内,077-554-6102,厚生労働省オープンデータ,https://www.mhlw.go.jp/content/12300000/jigyosho_430.csv,2025-12末,https://www.google.com/search?q=%E7%A4%BE%E4%BC%9A%E7%A6%8F%E7%A5%89%E6%B3%95%E4%BA%BA%E6%A0%97%E6%9D%B1%E5%B8%82%E7%A4%BE%E4%BC%9A%E7%A6%8F%E7%A5%89%E5%8D%94%E8%AD%B0%E4%BC%9A%E5%B1%85%E5%AE%85%E4%BB%8B%E8%AD%B7%E6%94%AF%E6%8F%B4%E4%BA%8B%E6%A5%AD%E6%89%80%20%E6%A0%97%E6%9D%B1%E5%B8%82
ケアプランセンターあかり,ケアマネジャー・居宅介護支援,滋賀県,栗東市,"介護,ケアマネジャー・居宅介護支援,相談",介護サービスの計画作成や事業所調整を行う相談先です。退院後の生活準備で重要です。,http://www.sksupport.net/,滋賀県栗東市綣6-8-14,077-552-5333,厚生労働省オープンデータ,https://www.mhlw.go.jp/content/12300000/jigyosho_430.csv,2025-12末,https://www.google.com/search?q=%E3%82%B1%E3%82%A2%E3%83%97%E3%83%A9%E3%83%B3%E3%82%BB%E3%83%B3%E3%82%BF%E3%83%BC%E3%81%82%E3%81%8B%E3%82%8A%20%E6%A0%97%E6%9D%B1%E5%B8%82
居宅介護支援事業所はなえみ,ケアマネジャー・居宅介護支援,滋賀県,栗東市,"介護,ケアマネジャー・居宅介護支援,相談",介護サービスの計画作成や事業所調整を行う相談先です。退院後の生活準備で重要です。,https://www.google.com/search?q=%E5%B1%85%E5%AE%85%E4%BB%8B%E8%AD%B7%E6%94%AF%E6%8F%B4%E4%BA%8B%E6%A5%AD%E6%89%80%E3%81%AF%E3%81%AA%E3%81%88%E3%81%BF%20%E6%A0%97%E6%9D%B1%E5%B8%82,滋賀県栗東市上鈎265番地3,077-598-6627,厚生労働省オープンデータ,https://www.mhlw.go.jp/content/12300000/jigyosho_430.csv,2025-12末,https://www.google.com/search?q=%E5%B1%85%E5%AE%85%E4%BB%8B%E8%AD%B7%E6%94%AF%E6%8F%B4%E4%BA%8B%E6%A5%AD%E6%89%80%E3%81%AF%E3%81%AA%E3%81%88%E3%81%BF%20%E6%A0%97%E6%9D%B1%E5%B8%82
日昇居宅介護支援事業所,ケアマネジャー・居宅介護支援,滋賀県,栗東市,"介護,ケアマネジャー・居宅介護支援,相談",介護サービスの計画作成や事業所調整を行う相談先です。退院後の生活準備で重要です。,https://nissyou.hp.peraichi.com/0905,滋賀県栗東市綣6丁目6-4,077-599-1528,厚生労働省オープンデータ,https://www.mhlw.go.jp/content/12300000/jigyosho_430.csv,2025-12末,https://www.google.com/search?q=%E6%97%A5%E6%98%87%E5%B1%85%E5%AE%85%E4%BB%8B%E8%AD%B7%E6%94%AF%E6%8F%B4%E4%BA%8B%E6%A5%AD%E6%89%80%20%E6%A0%97%E6%9D%B1%E5%B8%82
ケアプランセンターここいろ,ケアマネジャー・居宅介護支援,滋賀県,栗東市,"介護,ケアマネジャー・居宅介護支援,相談",介護サービスの計画作成や事業所調整を行う相談先です。退院後の生活準備で重要です。,https://www.google.com/search?q=%E3%82%B1%E3%82%A2%E3%83%97%E3%83%A9%E3%83%B3%E3%82%BB%E3%83%B3%E3%82%BF%E3%83%BC%E3%81%93%E3%81%93%E3%81%84%E3%82%8D%20%E6%A0%97%E6%9D%B1%E5%B8%82,滋賀県栗東市御園1016-1,077-532-2272,厚生労働省オープンデータ,https://www.mhlw.go.jp/content/12300000/jigyosho_430.csv,2025-12末,https://www.google.com/search?q=%E3%82%B1%E3%82%A2%E3%83%97%E3%83%A9%E3%83%B3%E3%82%BB%E3%83%B3%E3%82%BF%E3%83%BC%E3%81%93%E3%81%93%E3%81%84%E3%82%8D%20%E6%A0%97%E6%9D%B1%E5%B8%82
ケアプランセンターすずらん,ケアマネジャー・居宅介護支援,滋賀県,栗東市,"介護,ケアマネジャー・居宅介護支援,相談",介護サービスの計画作成や事業所調整を行う相談先です。退院後の生活準備で重要です。,https://www.big-advance.site/c/135/1734,滋賀県栗東市下戸山1493-1,077-552-7755,厚生労働省オープンデータ,https://www.mhlw.go.jp/content/12300000/jigyosho_430.csv,2025-12末,https://www.google.com/search?q=%E3%82%B1%E3%82%A2%E3%83%97%E3%83%A9%E3%83%B3%E3%82%BB%E3%83%B3%E3%82%BF%E3%83%BC%E3%81%99%E3%81%9A%E3%82%89%E3%82%93%20%E6%A0%97%E6%9D%B1%E5%B8%82
済生会居宅介護支援事業所栗東,ケアマネジャー・居宅介護支援,滋賀県,栗東市,"介護,ケアマネジャー・居宅介護支援,相談",介護サービスの計画作成や事業所調整を行う相談先です。退院後の生活準備で重要です。,http://www.saiseikai-shiga.jp/tankaiso/,小柿4丁目１－１,０７７－５５２－９９２９,厚生労働省オープンデータ,https://www.mhlw.go.jp/content/12300000/jigyosho_430.csv,2025-12末,https://www.google.com/search?q=%E6%B8%88%E7%94%9F%E4%BC%9A%E5%B1%85%E5%AE%85%E4%BB%8B%E8%AD%B7%E6%94%AF%E6%8F%B4%E4%BA%8B%E6%A5%AD%E6%89%80%E6%A0%97%E6%9D%B1%20%E6%A0%97%E6%9D%B1%E5%B8%82
医療法人社団真下胃腸科医院居宅介護支援事業所,ケアマネジャー・居宅介護支援,滋賀県,栗東市,"介護,ケアマネジャー・居宅介護支援,相談",介護サービスの計画作成や事業所調整を行う相談先です。退院後の生活準備で重要です。,http://www.mashimo.or.jp/,滋賀県栗東市霊仙寺1丁目1番52号,077-551-3255,厚生労働省オープンデータ,https://www.mhlw.go.jp/content/12300000/jigyosho_430.csv,2025-12末,https://www.google.com/search?q=%E5%8C%BB%E7%99%82%E6%B3%95%E4%BA%BA%E7%A4%BE%E5%9B%A3%E7%9C%9F%E4%B8%8B%E8%83%83%E8%85%B8%E7%A7%91%E5%8C%BB%E9%99%A2%E5%B1%85%E5%AE%85%E4%BB%8B%E8%AD%B7%E6%94%AF%E6%8F%B4%E4%BA%8B%E6%A5%AD%E6%89%80%20%E6%A0%97%E6%9D%B1%E5%B8%82
居宅介護支援事業所　栗東すみれ園,ケアマネジャー・居宅介護支援,滋賀県,栗東市,"介護,ケアマネジャー・居宅介護支援,相談",介護サービスの計画作成や事業所調整を行う相談先です。退院後の生活準備で重要です。,www.rittou-sumire-en.jp,滋賀県栗東市小野363番地,077-552-1368,厚生労働省オープンデータ,https://www.mhlw.go.jp/content/12300000/jigyosho_430.csv,2025-12末,https://www.google.com/search?q=%E5%B1%85%E5%AE%85%E4%BB%8B%E8%AD%B7%E6%94%AF%E6%8F%B4%E4%BA%8B%E6%A5%AD%E6%89%80%E3%80%80%E6%A0%97%E6%9D%B1%E3%81%99%E3%81%BF%E3%82%8C%E5%9C%92%20%E6%A0%97%E6%9D%B1%E5%B8%82
らっくケアプランセンター,ケアマネジャー・居宅介護支援,滋賀県,栗東市,"介護,ケアマネジャー・居宅介護支援,相談",介護サービスの計画作成や事業所調整を行う相談先です。退院後の生活準備で重要です。,https://www.rac-kaigo.jp/,滋賀県栗東市小柿６丁目２－２,077-552-7800,厚生労働省オープンデータ,https://www.mhlw.go.jp/content/12300000/jigyosho_430.csv,2025-12末,https://www.google.com/search?q=%E3%82%89%E3%81%A3%E3%81%8F%E3%82%B1%E3%82%A2%E3%83%97%E3%83%A9%E3%83%B3%E3%82%BB%E3%83%B3%E3%82%BF%E3%83%BC%20%E6%A0%97%E6%9D%B1%E5%B8%82
エスト居宅介護支援事業所,ケアマネジャー・居宅介護支援,滋賀県,栗東市,"介護,ケアマネジャー・居宅介護支援,相談",介護サービスの計画作成や事業所調整を行う相談先です。退院後の生活準備で重要です。,https://www.google.com/search?q=%E3%82%A8%E3%82%B9%E3%83%88%E5%B1%85%E5%AE%85%E4%BB%8B%E8%AD%B7%E6%94%AF%E6%8F%B4%E4%BA%8B%E6%A5%AD%E6%89%80%20%E6%A0%97%E6%9D%B1%E5%B8%82,滋賀県栗東市大橋5丁目4ｰ1,077-502-0081,厚生労働省オープンデータ,https://www.mhlw.go.jp/content/12300000/jigyosho_430.csv,2025-12末,https://www.google.com/search?q=%E3%82%A8%E3%82%B9%E3%83%88%E5%B1%85%E5%AE%85%E4%BB%8B%E8%AD%B7%E6%94%AF%E6%8F%B4%E4%BA%8B%E6%A5%AD%E6%89%80%20%E6%A0%97%E6%9D%B1%E5%B8%82
あすなろ居宅介護支援事業所,ケアマネジャー・居宅介護支援,滋賀県,栗東市,"介護,ケアマネジャー・居宅介護支援,相談",介護サービスの計画作成や事業所調整を行う相談先です。退院後の生活準備で重要です。,https://www.google.com/search?q=%E3%81%82%E3%81%99%E3%81%AA%E3%82%8D%E5%B1%85%E5%AE%85%E4%BB%8B%E8%AD%B7%E6%94%AF%E6%8F%B4%E4%BA%8B%E6%A5%AD%E6%89%80%20%E6%A0%97%E6%9D%B1%E5%B8%82,滋賀県栗東市中沢一丁目１番１６号,077-553-5314,厚生労働省オープンデータ,https://www.mhlw.go.jp/content/12300000/jigyosho_430.csv,2025-12末,https://www.google.com/search?q=%E3%81%82%E3%81%99%E3%81%AA%E3%82%8D%E5%B1%85%E5%AE%85%E4%BB%8B%E8%AD%B7%E6%94%AF%E6%8F%B4%E4%BA%8B%E6%A5%AD%E6%89%80%20%E6%A0%97%E6%9D%B1%E5%B8%82
居宅介護支援事業所さと　甲賀,ケアマネジャー・居宅介護支援,滋賀県,甲賀市,"介護,ケアマネジャー・居宅介護支援,相談",介護サービスの計画作成や事業所調整を行う相談先です。退院後の生活準備で重要です。,https://www.google.com/search?q=%E5%B1%85%E5%AE%85%E4%BB%8B%E8%AD%B7%E6%94%AF%E6%8F%B4%E4%BA%8B%E6%A5%AD%E6%89%80%E3%81%95%E3%81%A8%E3%80%80%E7%94%B2%E8%B3%80%20%E7%94%B2%E8%B3%80%E5%B8%82,滋賀県甲賀市土山町北土山1714番地1,0748-64-9026,厚生労働省オープンデータ,https://www.mhlw.go.jp/content/12300000/jigyosho_430.csv,2025-12末,https://www.google.com/search?q=%E5%B1%85%E5%AE%85%E4%BB%8B%E8%AD%B7%E6%94%AF%E6%8F%B4%E4%BA%8B%E6%A5%AD%E6%89%80%E3%81%95%E3%81%A8%E3%80%80%E7%94%B2%E8%B3%80%20%E7%94%B2%E8%B3%80%E5%B8%82
ＪＡゆうハートケアプランセンター,ケアマネジャー・居宅介護支援,滋賀県,甲賀市,"介護,ケアマネジャー・居宅介護支援,相談",介護サービスの計画作成や事業所調整を行う相談先です。退院後の生活準備で重要です。,www.ja.youheart.co.jp,滋賀県甲賀市甲南町杉谷106,0748-86-8614,厚生労働省オープンデータ,https://www.mhlw.go.jp/content/12300000/jigyosho_430.csv,2025-12末,https://www.google.com/search?q=%EF%BC%AA%EF%BC%A1%E3%82%86%E3%81%86%E3%83%8F%E3%83%BC%E3%83%88%E3%82%B1%E3%82%A2%E3%83%97%E3%83%A9%E3%83%B3%E3%82%BB%E3%83%B3%E3%82%BF%E3%83%BC%20%E7%94%B2%E8%B3%80%E5%B8%82
兆生園居宅介護支援センター,ケアマネジャー・居宅介護支援,滋賀県,甲賀市,"介護,ケアマネジャー・居宅介護支援,相談",介護サービスの計画作成や事業所調整を行う相談先です。退院後の生活準備で重要です。,http://care-care.jp/kaigo/ty_facilities.php?tyid=16,滋賀県甲賀市水口町今郷1032番地の25,0748-63-7711,厚生労働省オープンデータ,https://www.mhlw.go.jp/content/12300000/jigyosho_430.csv,2025-12末,https://www.google.com/search?q=%E5%85%86%E7%94%9F%E5%9C%92%E5%B1%85%E5%AE%85%E4%BB%8B%E8%AD%B7%E6%94%AF%E6%8F%B4%E3%82%BB%E3%83%B3%E3%82%BF%E3%83%BC%20%E7%94%B2%E8%B3%80%E5%B8%82
居宅介護支援事業所オリーブのさと,ケアマネジャー・居宅介護支援,滋賀県,甲賀市,"介護,ケアマネジャー・居宅介護支援,相談",介護サービスの計画作成や事業所調整を行う相談先です。退院後の生活準備で重要です。,URL:http://houkan-olive.shiga.jp,滋賀県甲賀市土山町北土山1714-1,0748-64-9026,厚生労働省オープンデータ,https://www.mhlw.go.jp/content/12300000/jigyosho_430.csv,2025-12末,https://www.google.com/search?q=%E5%B1%85%E5%AE%85%E4%BB%8B%E8%AD%B7%E6%94%AF%E6%8F%B4%E4%BA%8B%E6%A5%AD%E6%89%80%E3%82%AA%E3%83%AA%E3%83%BC%E3%83%96%E3%81%AE%E3%81%95%E3%81%A8%20%E7%94%B2%E8%B3%80%E5%B8%82
居宅介護支援センター甲賀,ケアマネジャー・居宅介護支援,滋賀県,甲賀市,"介護,ケアマネジャー・居宅介護支援,相談",介護サービスの計画作成や事業所調整を行う相談先です。退院後の生活準備で重要です。,https://hc-koga.com/,滋賀県甲賀市甲南町深川2201番地,0748-70-2560,厚生労働省オープンデータ,https://www.mhlw.go.jp/content/12300000/jigyosho_430.csv,2025-12末,https://www.google.com/search?q=%E5%B1%85%E5%AE%85%E4%BB%8B%E8%AD%B7%E6%94%AF%E6%8F%B4%E3%82%BB%E3%83%B3%E3%82%BF%E3%83%BC%E7%94%B2%E8%B3%80%20%E7%94%B2%E8%B3%80%E5%B8%82
せせらぎ苑居宅介護支援センター,ケアマネジャー・居宅介護支援,滋賀県,甲賀市,"介護,ケアマネジャー・居宅介護支援,相談",介護サービスの計画作成や事業所調整を行う相談先です。退院後の生活準備で重要です。,http://kohnankai.jp,滋賀県甲賀市甲南町葛木855番地,0748-86-1021,厚生労働省オープンデータ,https://www.mhlw.go.jp/content/12300000/jigyosho_430.csv,2025-12末,https://www.google.com/search?q=%E3%81%9B%E3%81%9B%E3%82%89%E3%81%8E%E8%8B%91%E5%B1%85%E5%AE%85%E4%BB%8B%E8%AD%B7%E6%94%AF%E6%8F%B4%E3%82%BB%E3%83%B3%E3%82%BF%E3%83%BC%20%E7%94%B2%E8%B3%80%E5%B8%82
ケアプランセンターエーデル土山,ケアマネジャー・居宅介護支援,滋賀県,甲賀市,"介護,ケアマネジャー・居宅介護支援,相談",介護サービスの計画作成や事業所調整を行う相談先です。退院後の生活準備で重要です。,http://www.edeltutiyama.com,滋賀県甲賀市土山町北土山2062番地,0748-66-1920,厚生労働省オープンデータ,https://www.mhlw.go.jp/content/12300000/jigyosho_430.csv,2025-12末,https://www.google.com/search?q=%E3%82%B1%E3%82%A2%E3%83%97%E3%83%A9%E3%83%B3%E3%82%BB%E3%83%B3%E3%82%BF%E3%83%BC%E3%82%A8%E3%83%BC%E3%83%87%E3%83%AB%E5%9C%9F%E5%B1%B1%20%E7%94%B2%E8%B3%80%E5%B8%82
竹内整形外科　ケアプランセンター心地,ケアマネジャー・居宅介護支援,滋賀県,甲賀市,"介護,ケアマネジャー・居宅介護支援,相談",介護サービスの計画作成や事業所調整を行う相談先です。退院後の生活準備で重要です。,t-seikei.jp,滋賀県甲賀市甲南町野尻７７－１,0748-86-1330,厚生労働省オープンデータ,https://www.mhlw.go.jp/content/12300000/jigyosho_430.csv,2025-12末,https://www.google.com/search?q=%E7%AB%B9%E5%86%85%E6%95%B4%E5%BD%A2%E5%A4%96%E7%A7%91%E3%80%80%E3%82%B1%E3%82%A2%E3%83%97%E3%83%A9%E3%83%B3%E3%82%BB%E3%83%B3%E3%82%BF%E3%83%BC%E5%BF%83%E5%9C%B0%20%E7%94%B2%E8%B3%80%E5%B8%82
公立甲賀病院居宅介護支援事業所,ケアマネジャー・居宅介護支援,滋賀県,甲賀市,"介護,ケアマネジャー・居宅介護支援,相談",介護サービスの計画作成や事業所調整を行う相談先です。退院後の生活準備で重要です。,https://www.kohka-hp.or.jp/,滋賀県甲賀市水口町松尾1256番地,0748-65-1661,厚生労働省オープンデータ,https://www.mhlw.go.jp/content/12300000/jigyosho_430.csv,2025-12末,https://www.google.com/search?q=%E5%85%AC%E7%AB%8B%E7%94%B2%E8%B3%80%E7%97%85%E9%99%A2%E5%B1%85%E5%AE%85%E4%BB%8B%E8%AD%B7%E6%94%AF%E6%8F%B4%E4%BA%8B%E6%A5%AD%E6%89%80%20%E7%94%B2%E8%B3%80%E5%B8%82
甲賀荘居宅介護支援センター,ケアマネジャー・居宅介護支援,滋賀県,甲賀市,"介護,ケアマネジャー・居宅介護支援,相談",介護サービスの計画作成や事業所調整を行う相談先です。退院後の生活準備で重要です。,https://kougakai.org/,甲賀市甲賀町大原中９０４,0748-88-7050,厚生労働省オープンデータ,https://www.mhlw.go.jp/content/12300000/jigyosho_430.csv,2025-12末,https://www.google.com/search?q=%E7%94%B2%E8%B3%80%E8%8D%98%E5%B1%85%E5%AE%85%E4%BB%8B%E8%AD%B7%E6%94%AF%E6%8F%B4%E3%82%BB%E3%83%B3%E3%82%BF%E3%83%BC%20%E7%94%B2%E8%B3%80%E5%B8%82
甲賀市社協ケアプランセンターしがらき,ケアマネジャー・居宅介護支援,滋賀県,甲賀市,"介護,ケアマネジャー・居宅介護支援,相談",介護サービスの計画作成や事業所調整を行う相談先です。退院後の生活準備で重要です。,http://www.kokashakyo.sakura.ne.jp,甲賀市信楽町長野1252番地信楽開発センター2階,0748-82-8111,厚生労働省オープンデータ,https://www.mhlw.go.jp/content/12300000/jigyosho_430.csv,2025-12末,https://www.google.com/search?q=%E7%94%B2%E8%B3%80%E5%B8%82%E7%A4%BE%E5%8D%94%E3%82%B1%E3%82%A2%E3%83%97%E3%83%A9%E3%83%B3%E3%82%BB%E3%83%B3%E3%82%BF%E3%83%BC%E3%81%97%E3%81%8C%E3%82%89%E3%81%8D%20%E7%94%B2%E8%B3%80%E5%B8%82
はとがひらケアプランセンター,ケアマネジャー・居宅介護支援,滋賀県,甲賀市,"介護,ケアマネジャー・居宅介護支援,相談",介護サービスの計画作成や事業所調整を行う相談先です。退院後の生活準備で重要です。,http://www.ohmiwajunkai.or.jp,滋賀県甲賀市水口町水口6837-5,0748-65-0067,厚生労働省オープンデータ,https://www.mhlw.go.jp/content/12300000/jigyosho_430.csv,2025-12末,https://www.google.com/search?q=%E3%81%AF%E3%81%A8%E3%81%8C%E3%81%B2%E3%82%89%E3%82%B1%E3%82%A2%E3%83%97%E3%83%A9%E3%83%B3%E3%82%BB%E3%83%B3%E3%82%BF%E3%83%BC%20%E7%94%B2%E8%B3%80%E5%B8%82
医療法人社団仁生会甲南病院居宅介護支援事業所,ケアマネジャー・居宅介護支援,滋賀県,甲賀市,"介護,ケアマネジャー・居宅介護支援,相談",介護サービスの計画作成や事業所調整を行う相談先です。退院後の生活準備で重要です。,http://www.kohnan-shiga.or.jp,滋賀県甲賀市甲南町葛木958番地,0748-86-8761,厚生労働省オープンデータ,https://www.mhlw.go.jp/content/12300000/jigyosho_430.csv,2025-12末,https://www.google.com/search?q=%E5%8C%BB%E7%99%82%E6%B3%95%E4%BA%BA%E7%A4%BE%E5%9B%A3%E4%BB%81%E7%94%9F%E4%BC%9A%E7%94%B2%E5%8D%97%E7%97%85%E9%99%A2%E5%B1%85%E5%AE%85%E4%BB%8B%E8%AD%B7%E6%94%AF%E6%8F%B4%E4%BA%8B%E6%A5%AD%E6%89%80%20%E7%94%B2%E8%B3%80%E5%B8%82
まごころ居宅介護支援事業所,ケアマネジャー・居宅介護支援,滋賀県,甲賀市,"介護,ケアマネジャー・居宅介護支援,相談",介護サービスの計画作成や事業所調整を行う相談先です。退院後の生活準備で重要です。,https://www.dayservice-magokoro.com/service/kyotaku/,滋賀県甲賀市水口町牛飼395-4,080-5368-8193,厚生労働省オープンデータ,https://www.mhlw.go.jp/content/12300000/jigyosho_430.csv,2025-12末,https://www.google.com/search?q=%E3%81%BE%E3%81%94%E3%81%93%E3%82%8D%E5%B1%85%E5%AE%85%E4%BB%8B%E8%AD%B7%E6%94%AF%E6%8F%B4%E4%BA%8B%E6%A5%AD%E6%89%80%20%E7%94%B2%E8%B3%80%E5%B8%82
甲賀市社協ケアプランセンターぬくもり,ケアマネジャー・居宅介護支援,滋賀県,甲賀市,"介護,ケアマネジャー・居宅介護支援,相談",介護サービスの計画作成や事業所調整を行う相談先です。退院後の生活準備で重要です。,http://www.kokashakyo.sakura.ne.jp/,甲賀市水口町水口5609番地,0748-63-7951,厚生労働省オープンデータ,https://www.mhlw.go.jp/content/12300000/jigyosho_430.csv,2025-12末,https://www.google.com/search?q=%E7%94%B2%E8%B3%80%E5%B8%82%E7%A4%BE%E5%8D%94%E3%82%B1%E3%82%A2%E3%83%97%E3%83%A9%E3%83%B3%E3%82%BB%E3%83%B3%E3%82%BF%E3%83%BC%E3%81%AC%E3%81%8F%E3%82%82%E3%82%8A%20%E7%94%B2%E8%B3%80%E5%B8%82
ひなたぼっこ居宅介護支援事業所,ケアマネジャー・居宅介護支援,滋賀県,甲賀市,"介護,ケアマネジャー・居宅介護支援,相談",介護サービスの計画作成や事業所調整を行う相談先です。退院後の生活準備で重要です。,http://hinata-bokko.org/,滋賀県甲賀市甲南町葛木397番地,0748-76-2836,厚生労働省オープンデータ,https://www.mhlw.go.jp/content/12300000/jigyosho_430.csv,2025-12末,https://www.google.com/search?q=%E3%81%B2%E3%81%AA%E3%81%9F%E3%81%BC%E3%81%A3%E3%81%93%E5%B1%85%E5%AE%85%E4%BB%8B%E8%AD%B7%E6%94%AF%E6%8F%B4%E4%BA%8B%E6%A5%AD%E6%89%80%20%E7%94%B2%E8%B3%80%E5%B8%82
樹の郷居宅介護支援センター,ケアマネジャー・居宅介護支援,滋賀県,甲賀市,"介護,ケアマネジャー・居宅介護支援,相談",介護サービスの計画作成や事業所調整を行う相談先です。退院後の生活準備で重要です。,http://shigaraki-itsuki.com/index.html,滋賀県甲賀市水口町山3309,0748-63-2900,厚生労働省オープンデータ,https://www.mhlw.go.jp/content/12300000/jigyosho_430.csv,2025-12末,https://www.google.com/search?q=%E6%A8%B9%E3%81%AE%E9%83%B7%E5%B1%85%E5%AE%85%E4%BB%8B%E8%AD%B7%E6%94%AF%E6%8F%B4%E3%82%BB%E3%83%B3%E3%82%BF%E3%83%BC%20%E7%94%B2%E8%B3%80%E5%B8%82
甲賀市社協ケアプランセンターあい,ケアマネジャー・居宅介護支援,滋賀県,甲賀市,"介護,ケアマネジャー・居宅介護支援,相談",介護サービスの計画作成や事業所調整を行う相談先です。退院後の生活準備で重要です。,http://www.kokashakyo.sakura.ne.jp/,滋賀県甲賀市甲賀町相模220番地,0748-88-8151,厚生労働省オープンデータ,https://www.mhlw.go.jp/content/12300000/jigyosho_430.csv,2025-12末,https://www.google.com/search?q=%E7%94%B2%E8%B3%80%E5%B8%82%E7%A4%BE%E5%8D%94%E3%82%B1%E3%82%A2%E3%83%97%E3%83%A9%E3%83%B3%E3%82%BB%E3%83%B3%E3%82%BF%E3%83%BC%E3%81%82%E3%81%84%20%E7%94%B2%E8%B3%80%E5%B8%82
ケアプランセンターみなくちみんなの家,ケアマネジャー・居宅介護支援,滋賀県,甲賀市,"介護,ケアマネジャー・居宅介護支援,相談",介護サービスの計画作成や事業所調整を行う相談先です。退院後の生活準備で重要です。,https://chiiroba.jp,滋賀県甲賀市水口町中邸1-20,0748-76-3090,厚生労働省オープンデータ,https://www.mhlw.go.jp/content/12300000/jigyosho_430.csv,2025-12末,https://www.google.com/search?q=%E3%82%B1%E3%82%A2%E3%83%97%E3%83%A9%E3%83%B3%E3%82%BB%E3%83%B3%E3%82%BF%E3%83%BC%E3%81%BF%E3%81%AA%E3%81%8F%E3%81%A1%E3%81%BF%E3%82%93%E3%81%AA%E3%81%AE%E5%AE%B6%20%E7%94%B2%E8%B3%80%E5%B8%82
信楽荘居宅介護支援センター,ケアマネジャー・居宅介護支援,滋賀県,甲賀市,"介護,ケアマネジャー・居宅介護支援,相談",介護サービスの計画作成や事業所調整を行う相談先です。退院後の生活準備で重要です。,http://www.shigaraki-itsuki.com,滋賀県甲賀市信楽町牧1159番地,0748-83-0088,厚生労働省オープンデータ,https://www.mhlw.go.jp/content/12300000/jigyosho_430.csv,2025-12末,https://www.google.com/search?q=%E4%BF%A1%E6%A5%BD%E8%8D%98%E5%B1%85%E5%AE%85%E4%BB%8B%E8%AD%B7%E6%94%AF%E6%8F%B4%E3%82%BB%E3%83%B3%E3%82%BF%E3%83%BC%20%E7%94%B2%E8%B3%80%E5%B8%82
居宅介護支援センター甲賀シルバーケア豊壽園,ケアマネジャー・居宅介護支援,滋賀県,甲賀市,"介護,ケアマネジャー・居宅介護支援,相談",介護サービスの計画作成や事業所調整を行う相談先です。退院後の生活準備で重要です。,http://www.sensin.or.jp/,滋賀県甲賀市土山町北土山479,0748-66-8085,厚生労働省オープンデータ,https://www.mhlw.go.jp/content/12300000/jigyosho_430.csv,2025-12末,https://www.google.com/search?q=%E5%B1%85%E5%AE%85%E4%BB%8B%E8%AD%B7%E6%94%AF%E6%8F%B4%E3%82%BB%E3%83%B3%E3%82%BF%E3%83%BC%E7%94%B2%E8%B3%80%E3%82%B7%E3%83%AB%E3%83%90%E3%83%BC%E3%82%B1%E3%82%A2%E8%B1%8A%E5%A3%BD%E5%9C%92%20%E7%94%B2%E8%B3%80%E5%B8%82
ＮＰＯみなくちケアプランセンター,ケアマネジャー・居宅介護支援,滋賀県,甲賀市,"介護,ケアマネジャー・居宅介護支援,相談",介護サービスの計画作成や事業所調整を行う相談先です。退院後の生活準備で重要です。,https://npominakuchi.jp/,甲賀市水口町京町7番5号,0748-62-2880,厚生労働省オープンデータ,https://www.mhlw.go.jp/content/12300000/jigyosho_430.csv,2025-12末,https://www.google.com/search?q=%EF%BC%AE%EF%BC%B0%EF%BC%AF%E3%81%BF%E3%81%AA%E3%81%8F%E3%81%A1%E3%82%B1%E3%82%A2%E3%83%97%E3%83%A9%E3%83%B3%E3%82%BB%E3%83%B3%E3%82%BF%E3%83%BC%20%E7%94%B2%E8%B3%80%E5%B8%82
光華居宅介護支援事業所,ケアマネジャー・居宅介護支援,滋賀県,甲賀市,"介護,ケアマネジャー・居宅介護支援,相談",介護サービスの計画作成や事業所調整を行う相談先です。退院後の生活準備で重要です。,https://www.google.com/search?q=%E5%85%89%E8%8F%AF%E5%B1%85%E5%AE%85%E4%BB%8B%E8%AD%B7%E6%94%AF%E6%8F%B4%E4%BA%8B%E6%A5%AD%E6%89%80%20%E7%94%B2%E8%B3%80%E5%B8%82,滋賀県甲賀市土山町南土山甲５２番地,0748-66-8277,厚生労働省オープンデータ,https://www.mhlw.go.jp/content/12300000/jigyosho_430.csv,2025-12末,https://www.google.com/search?q=%E5%85%89%E8%8F%AF%E5%B1%85%E5%AE%85%E4%BB%8B%E8%AD%B7%E6%94%AF%E6%8F%B4%E4%BA%8B%E6%A5%AD%E6%89%80%20%E7%94%B2%E8%B3%80%E5%B8%82
ケアプランセンター　楓,ケアマネジャー・居宅介護支援,滋賀県,野洲市,"介護,ケアマネジャー・居宅介護支援,相談",介護サービスの計画作成や事業所調整を行う相談先です。退院後の生活準備で重要です。,https://www.google.com/search?q=%E3%82%B1%E3%82%A2%E3%83%97%E3%83%A9%E3%83%B3%E3%82%BB%E3%83%B3%E3%82%BF%E3%83%BC%E3%80%80%E6%A5%93%20%E9%87%8E%E6%B4%B2%E5%B8%82,滋賀県野洲市野洲１０１２番地１,077-576-9320,厚生労働省オープンデータ,https://www.mhlw.go.jp/content/12300000/jigyosho_430.csv,2025-12末,https://www.google.com/search?q=%E3%82%B1%E3%82%A2%E3%83%97%E3%83%A9%E3%83%B3%E3%82%BB%E3%83%B3%E3%82%BF%E3%83%BC%E3%80%80%E6%A5%93%20%E9%87%8E%E6%B4%B2%E5%B8%82
ケアプランセンター向日葵･野洲,ケアマネジャー・居宅介護支援,滋賀県,野洲市,"介護,ケアマネジャー・居宅介護支援,相談",介護サービスの計画作成や事業所調整を行う相談先です。退院後の生活準備で重要です。,https://www.fukurou-care.com,滋賀県野洲市小南1876番地,077‐535‐0948,厚生労働省オープンデータ,https://www.mhlw.go.jp/content/12300000/jigyosho_430.csv,2025-12末,https://www.google.com/search?q=%E3%82%B1%E3%82%A2%E3%83%97%E3%83%A9%E3%83%B3%E3%82%BB%E3%83%B3%E3%82%BF%E3%83%BC%E5%90%91%E6%97%A5%E8%91%B5%EF%BD%A5%E9%87%8E%E6%B4%B2%20%E9%87%8E%E6%B4%B2%E5%B8%82
市立野洲病院居宅介護支援事業所,ケアマネジャー・居宅介護支援,滋賀県,野洲市,"介護,ケアマネジャー・居宅介護支援,相談",介護サービスの計画作成や事業所調整を行う相談先です。退院後の生活準備で重要です。,https://www.google.com/search?q=%E5%B8%82%E7%AB%8B%E9%87%8E%E6%B4%B2%E7%97%85%E9%99%A2%E5%B1%85%E5%AE%85%E4%BB%8B%E8%AD%B7%E6%94%AF%E6%8F%B4%E4%BA%8B%E6%A5%AD%E6%89%80%20%E9%87%8E%E6%B4%B2%E5%B8%82,吉地1127番地,077-589-3915,厚生労働省オープンデータ,https://www.mhlw.go.jp/content/12300000/jigyosho_430.csv,2025-12末,https://www.google.com/search?q=%E5%B8%82%E7%AB%8B%E9%87%8E%E6%B4%B2%E7%97%85%E9%99%A2%E5%B1%85%E5%AE%85%E4%BB%8B%E8%AD%B7%E6%94%AF%E6%8F%B4%E4%BA%8B%E6%A5%AD%E6%89%80%20%E9%87%8E%E6%B4%B2%E5%B8%82
のどかの家高木居宅介護支援事業所,ケアマネジャー・居宅介護支援,滋賀県,野洲市,"介護,ケアマネジャー・居宅介護支援,相談",介護サービスの計画作成や事業所調整を行う相談先です。退院後の生活準備で重要です。,http://www.eonet.ne.jp/~nodokanoie/,滋賀県野洲市高木７３７,077-587-4561,厚生労働省オープンデータ,https://www.mhlw.go.jp/content/12300000/jigyosho_430.csv,2025-12末,https://www.google.com/search?q=%E3%81%AE%E3%81%A9%E3%81%8B%E3%81%AE%E5%AE%B6%E9%AB%98%E6%9C%A8%E5%B1%85%E5%AE%85%E4%BB%8B%E8%AD%B7%E6%94%AF%E6%8F%B4%E4%BA%8B%E6%A5%AD%E6%89%80%20%E9%87%8E%E6%B4%B2%E5%B8%82
ケアプランスィッチオン近江　居宅介護支援事業所,ケアマネジャー・居宅介護支援,滋賀県,野洲市,"介護,ケアマネジャー・居宅介護支援,相談",介護サービスの計画作成や事業所調整を行う相談先です。退院後の生活準備で重要です。,http://switchon-service.co.jp,滋賀県野洲市野洲９６４番地,077-518-0555,厚生労働省オープンデータ,https://www.mhlw.go.jp/content/12300000/jigyosho_430.csv,2025-12末,https://www.google.com/search?q=%E3%82%B1%E3%82%A2%E3%83%97%E3%83%A9%E3%83%B3%E3%82%B9%E3%82%A3%E3%83%83%E3%83%81%E3%82%AA%E3%83%B3%E8%BF%91%E6%B1%9F%E3%80%80%E5%B1%85%E5%AE%85%E4%BB%8B%E8%AD%B7%E6%94%AF%E6%8F%B4%E4%BA%8B%E6%A5%AD%E6%89%80%20%E9%87%8E%E6%B4%B2%E5%B8%82
野洲すみれ苑居宅介護支援事業所,ケアマネジャー・居宅介護支援,滋賀県,野洲市,"介護,ケアマネジャー・居宅介護支援,相談",介護サービスの計画作成や事業所調整を行う相談先です。退院後の生活準備で重要です。,https://yasu-sumire.jp/,滋賀県野洲市栄1-2大村ハイツ3F,077-584-5588,厚生労働省オープンデータ,https://www.mhlw.go.jp/content/12300000/jigyosho_430.csv,2025-12末,https://www.google.com/search?q=%E9%87%8E%E6%B4%B2%E3%81%99%E3%81%BF%E3%82%8C%E8%8B%91%E5%B1%85%E5%AE%85%E4%BB%8B%E8%AD%B7%E6%94%AF%E6%8F%B4%E4%BA%8B%E6%A5%AD%E6%89%80%20%E9%87%8E%E6%B4%B2%E5%B8%82
あいむケアプランセンター野洲,ケアマネジャー・居宅介護支援,滋賀県,野洲市,"介護,ケアマネジャー・居宅介護支援,相談",介護サービスの計画作成や事業所調整を行う相談先です。退院後の生活準備で重要です。,http://k-aimu.co.jp,滋賀県野洲市冨波乙190,077-584-4870,厚生労働省オープンデータ,https://www.mhlw.go.jp/content/12300000/jigyosho_430.csv,2025-12末,https://www.google.com/search?q=%E3%81%82%E3%81%84%E3%82%80%E3%82%B1%E3%82%A2%E3%83%97%E3%83%A9%E3%83%B3%E3%82%BB%E3%83%B3%E3%82%BF%E3%83%BC%E9%87%8E%E6%B4%B2%20%E9%87%8E%E6%B4%B2%E5%B8%82
医療法人周行会　居宅介護支援事業所,ケアマネジャー・居宅介護支援,滋賀県,野洲市,"介護,ケアマネジャー・居宅介護支援,相談",介護サービスの計画作成や事業所調整を行う相談先です。退院後の生活準備で重要です。,http://www.konan-psy.or.jp,滋賀県野洲市八夫2077,077-589-8318/,厚生労働省オープンデータ,https://www.mhlw.go.jp/content/12300000/jigyosho_430.csv,2025-12末,https://www.google.com/search?q=%E5%8C%BB%E7%99%82%E6%B3%95%E4%BA%BA%E5%91%A8%E8%A1%8C%E4%BC%9A%E3%80%80%E5%B1%85%E5%AE%85%E4%BB%8B%E8%AD%B7%E6%94%AF%E6%8F%B4%E4%BA%8B%E6%A5%AD%E6%89%80%20%E9%87%8E%E6%B4%B2%E5%B8%82
居宅介護支援事業所　ふくろう,ケアマネジャー・居宅介護支援,滋賀県,野洲市,"介護,ケアマネジャー・居宅介護支援,相談",介護サービスの計画作成や事業所調整を行う相談先です。退院後の生活準備で重要です。,http://www.kaigo-fukurou.jp,滋賀県野洲市吉地1丁目1171番地,077-599-5280,厚生労働省オープンデータ,https://www.mhlw.go.jp/content/12300000/jigyosho_430.csv,2025-12末,https://www.google.com/search?q=%E5%B1%85%E5%AE%85%E4%BB%8B%E8%AD%B7%E6%94%AF%E6%8F%B4%E4%BA%8B%E6%A5%AD%E6%89%80%E3%80%80%E3%81%B5%E3%81%8F%E3%82%8D%E3%81%86%20%E9%87%8E%E6%B4%B2%E5%B8%82
しみんふくし滋賀野洲居宅介護支援事業所,ケアマネジャー・居宅介護支援,滋賀県,野洲市,"介護,ケアマネジャー・居宅介護支援,相談",介護サービスの計画作成や事業所調整を行う相談先です。退院後の生活準備で重要です。,http://www.shiminfukushi-shiga.jp/,滋賀県野洲市小篠原1111-1ロイヤルコーポヤス103号,077-586-8785,厚生労働省オープンデータ,https://www.mhlw.go.jp/content/12300000/jigyosho_430.csv,2025-12末,https://www.google.com/search?q=%E3%81%97%E3%81%BF%E3%82%93%E3%81%B5%E3%81%8F%E3%81%97%E6%BB%8B%E8%B3%80%E9%87%8E%E6%B4%B2%E5%B1%85%E5%AE%85%E4%BB%8B%E8%AD%B7%E6%94%AF%E6%8F%B4%E4%BA%8B%E6%A5%AD%E6%89%80%20%E9%87%8E%E6%B4%B2%E5%B8%82
居宅介護支援事業所　ふじ,ケアマネジャー・居宅介護支援,滋賀県,野洲市,"介護,ケアマネジャー・居宅介護支援,相談",介護サービスの計画作成や事業所調整を行う相談先です。退院後の生活準備で重要です。,https://www.google.com/search?q=%E5%B1%85%E5%AE%85%E4%BB%8B%E8%AD%B7%E6%94%AF%E6%8F%B4%E4%BA%8B%E6%A5%AD%E6%89%80%E3%80%80%E3%81%B5%E3%81%98%20%E9%87%8E%E6%B4%B2%E5%B8%82,三上241-8,077-518-1980,厚生労働省オープンデータ,https://www.mhlw.go.jp/content/12300000/jigyosho_430.csv,2025-12末,https://www.google.com/search?q=%E5%B1%85%E5%AE%85%E4%BB%8B%E8%AD%B7%E6%94%AF%E6%8F%B4%E4%BA%8B%E6%A5%AD%E6%89%80%E3%80%80%E3%81%B5%E3%81%98%20%E9%87%8E%E6%B4%B2%E5%B8%82
コープしがケアプランセンターぽこ野洲,ケアマネジャー・居宅介護支援,滋賀県,野洲市,"介護,ケアマネジャー・居宅介護支援,相談",介護サービスの計画作成や事業所調整を行う相談先です。退院後の生活準備で重要です。,http://www.pak2.com/fukushi/yasu.html,滋賀県野洲市冨波甲972,077-588-6580,厚生労働省オープンデータ,https://www.mhlw.go.jp/content/12300000/jigyosho_430.csv,2025-12末,https://www.google.com/search?q=%E3%82%B3%E3%83%BC%E3%83%97%E3%81%97%E3%81%8C%E3%82%B1%E3%82%A2%E3%83%97%E3%83%A9%E3%83%B3%E3%82%BB%E3%83%B3%E3%82%BF%E3%83%BC%E3%81%BD%E3%81%93%E9%87%8E%E6%B4%B2%20%E9%87%8E%E6%B4%B2%E5%B8%82
ケアプランセンターぎおうの里,ケアマネジャー・居宅介護支援,滋賀県,野洲市,"介護,ケアマネジャー・居宅介護支援,相談",介護サービスの計画作成や事業所調整を行う相談先です。退院後の生活準備で重要です。,https://yasujikeikai.jp/,滋賀県野洲市冨波甲1340番地1,077-586-5444,厚生労働省オープンデータ,https://www.mhlw.go.jp/content/12300000/jigyosho_430.csv,2025-12末,https://www.google.com/search?q=%E3%82%B1%E3%82%A2%E3%83%97%E3%83%A9%E3%83%B3%E3%82%BB%E3%83%B3%E3%82%BF%E3%83%BC%E3%81%8E%E3%81%8A%E3%81%86%E3%81%AE%E9%87%8C%20%E9%87%8E%E6%B4%B2%E5%B8%82
社会福祉法人　野洲市社会福祉協議会　居宅介護支援事業所,ケアマネジャー・居宅介護支援,滋賀県,野洲市,"介護,ケアマネジャー・居宅介護支援,相談",介護サービスの計画作成や事業所調整を行う相談先です。退院後の生活準備で重要です。,http://www.yasu-syakyo.or.jp,滋賀県野洲市西河原2400番地北部合同庁舎,077-589-5741,厚生労働省オープンデータ,https://www.mhlw.go.jp/content/12300000/jigyosho_430.csv,2025-12末,https://www.google.com/search?q=%E7%A4%BE%E4%BC%9A%E7%A6%8F%E7%A5%89%E6%B3%95%E4%BA%BA%E3%80%80%E9%87%8E%E6%B4%B2%E5%B8%82%E7%A4%BE%E4%BC%9A%E7%A6%8F%E7%A5%89%E5%8D%94%E8%AD%B0%E4%BC%9A%E3%80%80%E5%B1%85%E5%AE%85%E4%BB%8B%E8%AD%B7%E6%94%AF%E6%8F%B4%E4%BA%8B%E6%A5%AD%E6%89%80%20%E9%87%8E%E6%B4%B2%E5%B8%82
ケアプランセンターあやめの里,ケアマネジャー・居宅介護支援,滋賀県,野洲市,"介護,ケアマネジャー・居宅介護支援,相談",介護サービスの計画作成や事業所調整を行う相談先です。退院後の生活準備で重要です。,http://yasujikeikai.jp/,滋賀県野洲市吉川3854番地1,077-589-8535,厚生労働省オープンデータ,https://www.mhlw.go.jp/content/12300000/jigyosho_430.csv,2025-12末,https://www.google.com/search?q=%E3%82%B1%E3%82%A2%E3%83%97%E3%83%A9%E3%83%B3%E3%82%BB%E3%83%B3%E3%82%BF%E3%83%BC%E3%81%82%E3%82%84%E3%82%81%E3%81%AE%E9%87%8C%20%E9%87%8E%E6%B4%B2%E5%B8%82
居宅介護支援事業所純花,ケアマネジャー・居宅介護支援,滋賀県,野洲市,"介護,ケアマネジャー・居宅介護支援,相談",介護サービスの計画作成や事業所調整を行う相談先です。退院後の生活準備で重要です。,https://www.kk-bt-sumika.com/map.html,滋賀県野洲市三上1370番地,077-575-2528,厚生労働省オープンデータ,https://www.mhlw.go.jp/content/12300000/jigyosho_430.csv,2025-12末,https://www.google.com/search?q=%E5%B1%85%E5%AE%85%E4%BB%8B%E8%AD%B7%E6%94%AF%E6%8F%B4%E4%BA%8B%E6%A5%AD%E6%89%80%E7%B4%94%E8%8A%B1%20%E9%87%8E%E6%B4%B2%E5%B8%82
ケアプランセンター　ふぇいす,ケアマネジャー・居宅介護支援,滋賀県,湖南市,"介護,ケアマネジャー・居宅介護支援,相談",介護サービスの計画作成や事業所調整を行う相談先です。退院後の生活準備で重要です。,faith@brown.plala.or.jp,滋賀県湖南市石部北3丁目1-18,080-5302-5855,厚生労働省オープンデータ,https://www.mhlw.go.jp/content/12300000/jigyosho_430.csv,2025-12末,https://www.google.com/search?q=%E3%82%B1%E3%82%A2%E3%83%97%E3%83%A9%E3%83%B3%E3%82%BB%E3%83%B3%E3%82%BF%E3%83%BC%E3%80%80%E3%81%B5%E3%81%87%E3%81%84%E3%81%99%20%E6%B9%96%E5%8D%97%E5%B8%82
ケアプランセンター寄添,ケアマネジャー・居宅介護支援,滋賀県,湖南市,"介護,ケアマネジャー・居宅介護支援,相談",介護サービスの計画作成や事業所調整を行う相談先です。退院後の生活準備で重要です。,https://www.google.com/search?q=%E3%82%B1%E3%82%A2%E3%83%97%E3%83%A9%E3%83%B3%E3%82%BB%E3%83%B3%E3%82%BF%E3%83%BC%E5%AF%84%E6%B7%BB%20%E6%B9%96%E5%8D%97%E5%B8%82,滋賀県湖南市下田1552,090-8166-7180,厚生労働省オープンデータ,https://www.mhlw.go.jp/content/12300000/jigyosho_430.csv,2025-12末,https://www.google.com/search?q=%E3%82%B1%E3%82%A2%E3%83%97%E3%83%A9%E3%83%B3%E3%82%BB%E3%83%B3%E3%82%BF%E3%83%BC%E5%AF%84%E6%B7%BB%20%E6%B9%96%E5%8D%97%E5%B8%82
ぼだいじ居宅介護支援センター,ケアマネジャー・居宅介護支援,滋賀県,湖南市,"介護,ケアマネジャー・居宅介護支援,相談",介護サービスの計画作成や事業所調整を行う相談先です。退院後の生活準備で重要です。,https://chiiroba.jp/,滋賀県湖南市菩提寺327番地4,0748-74-3993,厚生労働省オープンデータ,https://www.mhlw.go.jp/content/12300000/jigyosho_430.csv,2025-12末,https://www.google.com/search?q=%E3%81%BC%E3%81%A0%E3%81%84%E3%81%98%E5%B1%85%E5%AE%85%E4%BB%8B%E8%AD%B7%E6%94%AF%E6%8F%B4%E3%82%BB%E3%83%B3%E3%82%BF%E3%83%BC%20%E6%B9%96%E5%8D%97%E5%B8%82
ケアプランセンター大空,ケアマネジャー・居宅介護支援,滋賀県,湖南市,"介護,ケアマネジャー・居宅介護支援,相談",介護サービスの計画作成や事業所調整を行う相談先です。退院後の生活準備で重要です。,https://www.oozora-konan.com/,滋賀県湖南市吉永170-4,0748-71-4330,厚生労働省オープンデータ,https://www.mhlw.go.jp/content/12300000/jigyosho_430.csv,2025-12末,https://www.google.com/search?q=%E3%82%B1%E3%82%A2%E3%83%97%E3%83%A9%E3%83%B3%E3%82%BB%E3%83%B3%E3%82%BF%E3%83%BC%E5%A4%A7%E7%A9%BA%20%E6%B9%96%E5%8D%97%E5%B8%82
医療法人社団美松会　　美松会居宅介護支援センター,ケアマネジャー・居宅介護支援,滋賀県,湖南市,"介護,ケアマネジャー・居宅介護支援,相談",介護サービスの計画作成や事業所調整を行う相談先です。退院後の生活準備で重要です。,http://ikuta-hospital.com/,滋賀県湖南市中央二丁目125番地,０７４８－７１－３１５４,厚生労働省オープンデータ,https://www.mhlw.go.jp/content/12300000/jigyosho_430.csv,2025-12末,https://www.google.com/search?q=%E5%8C%BB%E7%99%82%E6%B3%95%E4%BA%BA%E7%A4%BE%E5%9B%A3%E7%BE%8E%E6%9D%BE%E4%BC%9A%E3%80%80%E3%80%80%E7%BE%8E%E6%9D%BE%E4%BC%9A%E5%B1%85%E5%AE%85%E4%BB%8B%E8%AD%B7%E6%94%AF%E6%8F%B4%E3%82%BB%E3%83%B3%E3%82%BF%E3%83%BC%20%E6%B9%96%E5%8D%97%E5%B8%82
いとは居宅介護支援事業所,ケアマネジャー・居宅介護支援,滋賀県,湖南市,"介護,ケアマネジャー・居宅介護支援,相談",介護サービスの計画作成や事業所調整を行う相談先です。退院後の生活準備で重要です。,https://www.google.com/search?q=%E3%81%84%E3%81%A8%E3%81%AF%E5%B1%85%E5%AE%85%E4%BB%8B%E8%AD%B7%E6%94%AF%E6%8F%B4%E4%BA%8B%E6%A5%AD%E6%89%80%20%E6%B9%96%E5%8D%97%E5%B8%82,滋賀県湖南市北山台四丁目16-1,090-6047-9137,厚生労働省オープンデータ,https://www.mhlw.go.jp/content/12300000/jigyosho_430.csv,2025-12末,https://www.google.com/search?q=%E3%81%84%E3%81%A8%E3%81%AF%E5%B1%85%E5%AE%85%E4%BB%8B%E8%AD%B7%E6%94%AF%E6%8F%B4%E4%BA%8B%E6%A5%AD%E6%89%80%20%E6%B9%96%E5%8D%97%E5%B8%82
八起会居宅介護支援相談所,ケアマネジャー・居宅介護支援,滋賀県,湖南市,"介護,ケアマネジャー・居宅介護支援,相談",介護サービスの計画作成や事業所調整を行う相談先です。退院後の生活準備で重要です。,http://www.hachikikai.com,滋賀県湖南市丸山四丁目5番1号,0748-77-0145,厚生労働省オープンデータ,https://www.mhlw.go.jp/content/12300000/jigyosho_430.csv,2025-12末,https://www.google.com/search?q=%E5%85%AB%E8%B5%B7%E4%BC%9A%E5%B1%85%E5%AE%85%E4%BB%8B%E8%AD%B7%E6%94%AF%E6%8F%B4%E7%9B%B8%E8%AB%87%E6%89%80%20%E6%B9%96%E5%8D%97%E5%B8%82
十二坊ケアプランセンター,ケアマネジャー・居宅介護支援,滋賀県,湖南市,"介護,ケアマネジャー・居宅介護支援,相談",介護サービスの計画作成や事業所調整を行う相談先です。退院後の生活準備で重要です。,http://www.ohmiwajunkai.or.jp,滋賀県湖南市岩根690番地の4,0748-75-8885,厚生労働省オープンデータ,https://www.mhlw.go.jp/content/12300000/jigyosho_430.csv,2025-12末,https://www.google.com/search?q=%E5%8D%81%E4%BA%8C%E5%9D%8A%E3%82%B1%E3%82%A2%E3%83%97%E3%83%A9%E3%83%B3%E3%82%BB%E3%83%B3%E3%82%BF%E3%83%BC%20%E6%B9%96%E5%8D%97%E5%B8%82
ひばり居宅介護支援事業所,ケアマネジャー・居宅介護支援,滋賀県,湖南市,"介護,ケアマネジャー・居宅介護支援,相談",介護サービスの計画作成や事業所調整を行う相談先です。退院後の生活準備で重要です。,http://www.shiga-mcoop.jp/jigyo/kyotaku.html#introjigyo,滋賀県湖南市針３３７－１（こうせい駅前診療所２階）,0748-71-2900,厚生労働省オープンデータ,https://www.mhlw.go.jp/content/12300000/jigyosho_430.csv,2025-12末,https://www.google.com/search?q=%E3%81%B2%E3%81%B0%E3%82%8A%E5%B1%85%E5%AE%85%E4%BB%8B%E8%AD%B7%E6%94%AF%E6%8F%B4%E4%BA%8B%E6%A5%AD%E6%89%80%20%E6%B9%96%E5%8D%97%E5%B8%82
心和ケアプランセンター,ケアマネジャー・居宅介護支援,滋賀県,湖南市,"介護,ケアマネジャー・居宅介護支援,相談",介護サービスの計画作成や事業所調整を行う相談先です。退院後の生活準備で重要です。,https://www.google.com/search?q=%E5%BF%83%E5%92%8C%E3%82%B1%E3%82%A2%E3%83%97%E3%83%A9%E3%83%B3%E3%82%BB%E3%83%B3%E3%82%BF%E3%83%BC%20%E6%B9%96%E5%8D%97%E5%B8%82,滋賀県湖南市下田909-9,0748-76-0019,厚生労働省オープンデータ,https://www.mhlw.go.jp/content/12300000/jigyosho_430.csv,2025-12末,https://www.google.com/search?q=%E5%BF%83%E5%92%8C%E3%82%B1%E3%82%A2%E3%83%97%E3%83%A9%E3%83%B3%E3%82%BB%E3%83%B3%E3%82%BF%E3%83%BC%20%E6%B9%96%E5%8D%97%E5%B8%82
美松苑居宅介護支援センター,ケアマネジャー・居宅介護支援,滋賀県,湖南市,"介護,ケアマネジャー・居宅介護支援,相談",介護サービスの計画作成や事業所調整を行う相談先です。退院後の生活準備で重要です。,bishouen_kyotaku@ohmiwajunkai.or.jp,滋賀県湖南市針1325,0748-72-8100,厚生労働省オープンデータ,https://www.mhlw.go.jp/content/12300000/jigyosho_430.csv,2025-12末,https://www.google.com/search?q=%E7%BE%8E%E6%9D%BE%E8%8B%91%E5%B1%85%E5%AE%85%E4%BB%8B%E8%AD%B7%E6%94%AF%E6%8F%B4%E3%82%BB%E3%83%B3%E3%82%BF%E3%83%BC%20%E6%B9%96%E5%8D%97%E5%B8%82
甲西リハビリ病院居宅介護支援センター,ケアマネジャー・居宅介護支援,滋賀県,湖南市,"介護,ケアマネジャー・居宅介護支援,相談",介護サービスの計画作成や事業所調整を行う相談先です。退院後の生活準備で重要です。,https://www.kousei-rh-hp.or.jp,滋賀県湖南市夏見１１６８番地,0748-72-6909,厚生労働省オープンデータ,https://www.mhlw.go.jp/content/12300000/jigyosho_430.csv,2025-12末,https://www.google.com/search?q=%E7%94%B2%E8%A5%BF%E3%83%AA%E3%83%8F%E3%83%93%E3%83%AA%E7%97%85%E9%99%A2%E5%B1%85%E5%AE%85%E4%BB%8B%E8%AD%B7%E6%94%AF%E6%8F%B4%E3%82%BB%E3%83%B3%E3%82%BF%E3%83%BC%20%E6%B9%96%E5%8D%97%E5%B8%82
ケアプラン元気な仲間,ケアマネジャー・居宅介護支援,滋賀県,高島市,"介護,ケアマネジャー・居宅介護支援,相談",介護サービスの計画作成や事業所調整を行う相談先です。退院後の生活準備で重要です。,https://www.google.com/search?q=%E3%82%B1%E3%82%A2%E3%83%97%E3%83%A9%E3%83%B3%E5%85%83%E6%B0%97%E3%81%AA%E4%BB%B2%E9%96%93%20%E9%AB%98%E5%B3%B6%E5%B8%82,滋賀県高島市新旭町針江291,0740-25-8360,厚生労働省オープンデータ,https://www.mhlw.go.jp/content/12300000/jigyosho_430.csv,2025-12末,https://www.google.com/search?q=%E3%82%B1%E3%82%A2%E3%83%97%E3%83%A9%E3%83%B3%E5%85%83%E6%B0%97%E3%81%AA%E4%BB%B2%E9%96%93%20%E9%AB%98%E5%B3%B6%E5%B8%82
居宅介護支援事業所　　ケアプランひより,ケアマネジャー・居宅介護支援,滋賀県,高島市,"介護,ケアマネジャー・居宅介護支援,相談",介護サービスの計画作成や事業所調整を行う相談先です。退院後の生活準備で重要です。,https://www.google.com/search?q=%E5%B1%85%E5%AE%85%E4%BB%8B%E8%AD%B7%E6%94%AF%E6%8F%B4%E4%BA%8B%E6%A5%AD%E6%89%80%E3%80%80%E3%80%80%E3%82%B1%E3%82%A2%E3%83%97%E3%83%A9%E3%83%B3%E3%81%B2%E3%82%88%E3%82%8A%20%E9%AB%98%E5%B3%B6%E5%B8%82,高島市新旭町旭1丁目1-7-1山本ビル,0740-20-2185,厚生労働省オープンデータ,https://www.mhlw.go.jp/content/12300000/jigyosho_430.csv,2025-12末,https://www.google.com/search?q=%E5%B1%85%E5%AE%85%E4%BB%8B%E8%AD%B7%E6%94%AF%E6%8F%B4%E4%BA%8B%E6%A5%AD%E6%89%80%E3%80%80%E3%80%80%E3%82%B1%E3%82%A2%E3%83%97%E3%83%A9%E3%83%B3%E3%81%B2%E3%82%88%E3%82%8A%20%E9%AB%98%E5%B3%B6%E5%B8%82
あずみの郷居宅介護支援事業所,ケアマネジャー・居宅介護支援,滋賀県,高島市,"介護,ケアマネジャー・居宅介護支援,相談",介護サービスの計画作成や事業所調整を行う相談先です。退院後の生活準備で重要です。,www.ohyama-inc.co.jp,滋賀県高島市安曇川町田中3741-1あずみの郷,0740-32-8391,厚生労働省オープンデータ,https://www.mhlw.go.jp/content/12300000/jigyosho_430.csv,2025-12末,https://www.google.com/search?q=%E3%81%82%E3%81%9A%E3%81%BF%E3%81%AE%E9%83%B7%E5%B1%85%E5%AE%85%E4%BB%8B%E8%AD%B7%E6%94%AF%E6%8F%B4%E4%BA%8B%E6%A5%AD%E6%89%80%20%E9%AB%98%E5%B3%B6%E5%B8%82
じゃがいもの家,ケアマネジャー・居宅介護支援,滋賀県,高島市,"介護,ケアマネジャー・居宅介護支援,相談",介護サービスの計画作成や事業所調整を行う相談先です。退院後の生活準備で重要です。,https://www.google.com/search?q=%E3%81%98%E3%82%83%E3%81%8C%E3%81%84%E3%82%82%E3%81%AE%E5%AE%B6%20%E9%AB%98%E5%B3%B6%E5%B8%82,滋賀県高島市マキノ町浦３４５番地,0740-28-8068,厚生労働省オープンデータ,https://www.mhlw.go.jp/content/12300000/jigyosho_430.csv,2025-12末,https://www.google.com/search?q=%E3%81%98%E3%82%83%E3%81%8C%E3%81%84%E3%82%82%E3%81%AE%E5%AE%B6%20%E9%AB%98%E5%B3%B6%E5%B8%82
あいりん居宅介護支援事業所,ケアマネジャー・居宅介護支援,滋賀県,高島市,"介護,ケアマネジャー・居宅介護支援,相談",介護サービスの計画作成や事業所調整を行う相談先です。退院後の生活準備で重要です。,http://www.oumiairinen.org,滋賀県高島市今津町南新保87-1一般財団法人　今津病院内,0740-22-2234,厚生労働省オープンデータ,https://www.mhlw.go.jp/content/12300000/jigyosho_430.csv,2025-12末,https://www.google.com/search?q=%E3%81%82%E3%81%84%E3%82%8A%E3%82%93%E5%B1%85%E5%AE%85%E4%BB%8B%E8%AD%B7%E6%94%AF%E6%8F%B4%E4%BA%8B%E6%A5%AD%E6%89%80%20%E9%AB%98%E5%B3%B6%E5%B8%82
こころいちばん居宅介護支援センター,ケアマネジャー・居宅介護支援,滋賀県,高島市,"介護,ケアマネジャー・居宅介護支援,相談",介護サービスの計画作成や事業所調整を行う相談先です。退院後の生活準備で重要です。,http://yutakakai.jp,滋賀県高島市今津町住吉2丁目11番2,0740-22-5572,厚生労働省オープンデータ,https://www.mhlw.go.jp/content/12300000/jigyosho_430.csv,2025-12末,https://www.google.com/search?q=%E3%81%93%E3%81%93%E3%82%8D%E3%81%84%E3%81%A1%E3%81%B0%E3%82%93%E5%B1%85%E5%AE%85%E4%BB%8B%E8%AD%B7%E6%94%AF%E6%8F%B4%E3%82%BB%E3%83%B3%E3%82%BF%E3%83%BC%20%E9%AB%98%E5%B3%B6%E5%B8%82
朽木居宅介護支援事業所,ケアマネジャー・居宅介護支援,滋賀県,高島市,"介護,ケアマネジャー・居宅介護支援,相談",介護サービスの計画作成や事業所調整を行う相談先です。退院後の生活準備で重要です。,https://hatsuho-yamayuri.com,滋賀県高島市朽木市場656,0740-38-8030,厚生労働省オープンデータ,https://www.mhlw.go.jp/content/12300000/jigyosho_430.csv,2025-12末,https://www.google.com/search?q=%E6%9C%BD%E6%9C%A8%E5%B1%85%E5%AE%85%E4%BB%8B%E8%AD%B7%E6%94%AF%E6%8F%B4%E4%BA%8B%E6%A5%AD%E6%89%80%20%E9%AB%98%E5%B3%B6%E5%B8%82
医療法人かおり会　ケアプランさくら,ケアマネジャー・居宅介護支援,滋賀県,高島市,"介護,ケアマネジャー・居宅介護支援,相談",介護サービスの計画作成や事業所調整を行う相談先です。退院後の生活準備で重要です。,http://www.honda-clinic.com,高島市新旭町旭605-1メディケアさくら２Ｆ,0740-25-0688,厚生労働省オープンデータ,https://www.mhlw.go.jp/content/12300000/jigyosho_430.csv,2025-12末,https://www.google.com/search?q=%E5%8C%BB%E7%99%82%E6%B3%95%E4%BA%BA%E3%81%8B%E3%81%8A%E3%82%8A%E4%BC%9A%E3%80%80%E3%82%B1%E3%82%A2%E3%83%97%E3%83%A9%E3%83%B3%E3%81%95%E3%81%8F%E3%82%89%20%E9%AB%98%E5%B3%B6%E5%B8%82
高島市社会福祉協議会きらり今津北,ケアマネジャー・居宅介護支援,滋賀県,高島市,"介護,ケアマネジャー・居宅介護支援,相談",介護サービスの計画作成や事業所調整を行う相談先です。退院後の生活準備で重要です。,https://www.google.com/search?q=%E9%AB%98%E5%B3%B6%E5%B8%82%E7%A4%BE%E4%BC%9A%E7%A6%8F%E7%A5%89%E5%8D%94%E8%AD%B0%E4%BC%9A%E3%81%8D%E3%82%89%E3%82%8A%E4%BB%8A%E6%B4%A5%E5%8C%97%20%E9%AB%98%E5%B3%B6%E5%B8%82,滋賀県高島市今津町桂830番地1,0740-22-8211,厚生労働省オープンデータ,https://www.mhlw.go.jp/content/12300000/jigyosho_430.csv,2025-12末,https://www.google.com/search?q=%E9%AB%98%E5%B3%B6%E5%B8%82%E7%A4%BE%E4%BC%9A%E7%A6%8F%E7%A5%89%E5%8D%94%E8%AD%B0%E4%BC%9A%E3%81%8D%E3%82%89%E3%82%8A%E4%BB%8A%E6%B4%A5%E5%8C%97%20%E9%AB%98%E5%B3%B6%E5%B8%82
ふじの里ケアプランセンター,ケアマネジャー・居宅介護支援,滋賀県,高島市,"介護,ケアマネジャー・居宅介護支援,相談",介護サービスの計画作成や事業所調整を行う相談先です。退院後の生活準備で重要です。,www.kouyoukai-fujinosato.jp,滋賀県高島市安曇川町下小川3220番地1,0740-32-4019,厚生労働省オープンデータ,https://www.mhlw.go.jp/content/12300000/jigyosho_430.csv,2025-12末,https://www.google.com/search?q=%E3%81%B5%E3%81%98%E3%81%AE%E9%87%8C%E3%82%B1%E3%82%A2%E3%83%97%E3%83%A9%E3%83%B3%E3%82%BB%E3%83%B3%E3%82%BF%E3%83%BC%20%E9%AB%98%E5%B3%B6%E5%B8%82
新旭介護サービスセンター,ケアマネジャー・居宅介護支援,滋賀県,高島市,"介護,ケアマネジャー・居宅介護支援,相談",介護サービスの計画作成や事業所調整を行う相談先です。退院後の生活準備で重要です。,http://shinasahi-minorikai.or.jp/,滋賀県高島市新旭町藁園２６０３番地,0740-25-8310,厚生労働省オープンデータ,https://www.mhlw.go.jp/content/12300000/jigyosho_430.csv,2025-12末,https://www.google.com/search?q=%E6%96%B0%E6%97%AD%E4%BB%8B%E8%AD%B7%E3%82%B5%E3%83%BC%E3%83%93%E3%82%B9%E3%82%BB%E3%83%B3%E3%82%BF%E3%83%BC%20%E9%AB%98%E5%B3%B6%E5%B8%82
高島市社会福祉協議会きらり高島,ケアマネジャー・居宅介護支援,滋賀県,高島市,"介護,ケアマネジャー・居宅介護支援,相談",介護サービスの計画作成や事業所調整を行う相談先です。退院後の生活準備で重要です。,https://www.google.com/search?q=%E9%AB%98%E5%B3%B6%E5%B8%82%E7%A4%BE%E4%BC%9A%E7%A6%8F%E7%A5%89%E5%8D%94%E8%AD%B0%E4%BC%9A%E3%81%8D%E3%82%89%E3%82%8A%E9%AB%98%E5%B3%B6%20%E9%AB%98%E5%B3%B6%E5%B8%82,高島市勝野680番地,0740-36-1998,厚生労働省オープンデータ,https://www.mhlw.go.jp/content/12300000/jigyosho_430.csv,2025-12末,https://www.google.com/search?q=%E9%AB%98%E5%B3%B6%E5%B8%82%E7%A4%BE%E4%BC%9A%E7%A6%8F%E7%A5%89%E5%8D%94%E8%AD%B0%E4%BC%9A%E3%81%8D%E3%82%89%E3%82%8A%E9%AB%98%E5%B3%B6%20%E9%AB%98%E5%B3%B6%E5%B8%82
ケアプランセンター　おおやま,ケアマネジャー・居宅介護支援,滋賀県,高島市,"介護,ケアマネジャー・居宅介護支援,相談",介護サービスの計画作成や事業所調整を行う相談先です。退院後の生活準備で重要です。,https://www.google.com/search?q=%E3%82%B1%E3%82%A2%E3%83%97%E3%83%A9%E3%83%B3%E3%82%BB%E3%83%B3%E3%82%BF%E3%83%BC%E3%80%80%E3%81%8A%E3%81%8A%E3%82%84%E3%81%BE%20%E9%AB%98%E5%B3%B6%E5%B8%82,安曇川町田中3741-1,0740-32-2222,厚生労働省オープンデータ,https://www.mhlw.go.jp/content/12300000/jigyosho_430.csv,2025-12末,https://www.google.com/search?q=%E3%82%B1%E3%82%A2%E3%83%97%E3%83%A9%E3%83%B3%E3%82%BB%E3%83%B3%E3%82%BF%E3%83%BC%E3%80%80%E3%81%8A%E3%81%8A%E3%82%84%E3%81%BE%20%E9%AB%98%E5%B3%B6%E5%B8%82
居宅介護支援事業所ラスリーズ,ケアマネジャー・居宅介護支援,滋賀県,東近江市,"介護,ケアマネジャー・居宅介護支援,相談",介護サービスの計画作成や事業所調整を行う相談先です。退院後の生活準備で重要です。,https://www.google.com/search?q=%E5%B1%85%E5%AE%85%E4%BB%8B%E8%AD%B7%E6%94%AF%E6%8F%B4%E4%BA%8B%E6%A5%AD%E6%89%80%E3%83%A9%E3%82%B9%E3%83%AA%E3%83%BC%E3%82%BA%20%E6%9D%B1%E8%BF%91%E6%B1%9F%E5%B8%82,滋賀県東近江市上平木町1506番地,050-5801-9694,厚生労働省オープンデータ,https://www.mhlw.go.jp/content/12300000/jigyosho_430.csv,2025-12末,https://www.google.com/search?q=%E5%B1%85%E5%AE%85%E4%BB%8B%E8%AD%B7%E6%94%AF%E6%8F%B4%E4%BA%8B%E6%A5%AD%E6%89%80%E3%83%A9%E3%82%B9%E3%83%AA%E3%83%BC%E3%82%BA%20%E6%9D%B1%E8%BF%91%E6%B1%9F%E5%B8%82
居宅介護支援事業所　けいあい,ケアマネジャー・居宅介護支援,滋賀県,東近江市,"介護,ケアマネジャー・居宅介護支援,相談",介護サービスの計画作成や事業所調整を行う相談先です。退院後の生活準備で重要です。,https://www.google.com/search?q=%E5%B1%85%E5%AE%85%E4%BB%8B%E8%AD%B7%E6%94%AF%E6%8F%B4%E4%BA%8B%E6%A5%AD%E6%89%80%E3%80%80%E3%81%91%E3%81%84%E3%81%82%E3%81%84%20%E6%9D%B1%E8%BF%91%E6%B1%9F%E5%B8%82,滋賀県東近江市八日市東本町4番13号,0748-23-7550,厚生労働省オープンデータ,https://www.mhlw.go.jp/content/12300000/jigyosho_430.csv,2025-12末,https://www.google.com/search?q=%E5%B1%85%E5%AE%85%E4%BB%8B%E8%AD%B7%E6%94%AF%E6%8F%B4%E4%BA%8B%E6%A5%AD%E6%89%80%E3%80%80%E3%81%91%E3%81%84%E3%81%82%E3%81%84%20%E6%9D%B1%E8%BF%91%E6%B1%9F%E5%B8%82
ケアプランセンターあい,ケアマネジャー・居宅介護支援,滋賀県,東近江市,"介護,ケアマネジャー・居宅介護支援,相談",介護サービスの計画作成や事業所調整を行う相談先です。退院後の生活準備で重要です。,https://www.google.com/search?q=%E3%82%B1%E3%82%A2%E3%83%97%E3%83%A9%E3%83%B3%E3%82%BB%E3%83%B3%E3%82%BF%E3%83%BC%E3%81%82%E3%81%84%20%E6%9D%B1%E8%BF%91%E6%B1%9F%E5%B8%82,滋賀県東近江市市子殿町1308番地,0748-45-2345,厚生労働省オープンデータ,https://www.mhlw.go.jp/content/12300000/jigyosho_430.csv,2025-12末,https://www.google.com/search?q=%E3%82%B1%E3%82%A2%E3%83%97%E3%83%A9%E3%83%B3%E3%82%BB%E3%83%B3%E3%82%BF%E3%83%BC%E3%81%82%E3%81%84%20%E6%9D%B1%E8%BF%91%E6%B1%9F%E5%B8%82
近江温泉病院居宅介護支援事業所,ケアマネジャー・居宅介護支援,滋賀県,東近江市,"介護,ケアマネジャー・居宅介護支援,相談",介護サービスの計画作成や事業所調整を行う相談先です。退院後の生活準備で重要です。,http://oumi-hp.or.jp,東近江市百済寺本町１－１１,0749-46-1140,厚生労働省オープンデータ,https://www.mhlw.go.jp/content/12300000/jigyosho_430.csv,2025-12末,https://www.google.com/search?q=%E8%BF%91%E6%B1%9F%E6%B8%A9%E6%B3%89%E7%97%85%E9%99%A2%E5%B1%85%E5%AE%85%E4%BB%8B%E8%AD%B7%E6%94%AF%E6%8F%B4%E4%BA%8B%E6%A5%AD%E6%89%80%20%E6%9D%B1%E8%BF%91%E6%B1%9F%E5%B8%82
医療法人社団幸信会　ウェルあおば介護相談室,ケアマネジャー・居宅介護支援,滋賀県,東近江市,"介護,ケアマネジャー・居宅介護支援,相談",介護サービスの計画作成や事業所調整を行う相談先です。退院後の生活準備で重要です。,https://aoba-med.com,滋賀県東近江市青葉町1-46,0748-20-2121,厚生労働省オープンデータ,https://www.mhlw.go.jp/content/12300000/jigyosho_430.csv,2025-12末,https://www.google.com/search?q=%E5%8C%BB%E7%99%82%E6%B3%95%E4%BA%BA%E7%A4%BE%E5%9B%A3%E5%B9%B8%E4%BF%A1%E4%BC%9A%E3%80%80%E3%82%A6%E3%82%A7%E3%83%AB%E3%81%82%E3%81%8A%E3%81%B0%E4%BB%8B%E8%AD%B7%E7%9B%B8%E8%AB%87%E5%AE%A4%20%E6%9D%B1%E8%BF%91%E6%B1%9F%E5%B8%82
ケア工房,ケアマネジャー・居宅介護支援,滋賀県,東近江市,"介護,ケアマネジャー・居宅介護支援,相談",介護サービスの計画作成や事業所調整を行う相談先です。退院後の生活準備で重要です。,https://www.google.com/search?q=%E3%82%B1%E3%82%A2%E5%B7%A5%E6%88%BF%20%E6%9D%B1%E8%BF%91%E6%B1%9F%E5%B8%82,東近江市中小路町５４９番地４,0748-24-3106,厚生労働省オープンデータ,https://www.mhlw.go.jp/content/12300000/jigyosho_430.csv,2025-12末,https://www.google.com/search?q=%E3%82%B1%E3%82%A2%E5%B7%A5%E6%88%BF%20%E6%9D%B1%E8%BF%91%E6%B1%9F%E5%B8%82
陽だまり倶楽部　介護の相談室,ケアマネジャー・居宅介護支援,滋賀県,東近江市,"介護,ケアマネジャー・居宅介護支援,相談",介護サービスの計画作成や事業所調整を行う相談先です。退院後の生活準備で重要です。,https://www.google.com/search?q=%E9%99%BD%E3%81%A0%E3%81%BE%E3%82%8A%E5%80%B6%E6%A5%BD%E9%83%A8%E3%80%80%E4%BB%8B%E8%AD%B7%E3%81%AE%E7%9B%B8%E8%AB%87%E5%AE%A4%20%E6%9D%B1%E8%BF%91%E6%B1%9F%E5%B8%82,滋賀県東近江市北花沢町1812,0749-20-2055,厚生労働省オープンデータ,https://www.mhlw.go.jp/content/12300000/jigyosho_430.csv,2025-12末,https://www.google.com/search?q=%E9%99%BD%E3%81%A0%E3%81%BE%E3%82%8A%E5%80%B6%E6%A5%BD%E9%83%A8%E3%80%80%E4%BB%8B%E8%AD%B7%E3%81%AE%E7%9B%B8%E8%AB%87%E5%AE%A4%20%E6%9D%B1%E8%BF%91%E6%B1%9F%E5%B8%82
ケアプランセンター加楽,ケアマネジャー・居宅介護支援,滋賀県,東近江市,"介護,ケアマネジャー・居宅介護支援,相談",介護サービスの計画作成や事業所調整を行う相談先です。退院後の生活準備で重要です。,http://npokaraku.web.fc2.com/about.html,東近江市下中野町637番地,0749-46-0608,厚生労働省オープンデータ,https://www.mhlw.go.jp/content/12300000/jigyosho_430.csv,2025-12末,https://www.google.com/search?q=%E3%82%B1%E3%82%A2%E3%83%97%E3%83%A9%E3%83%B3%E3%82%BB%E3%83%B3%E3%82%BF%E3%83%BC%E5%8A%A0%E6%A5%BD%20%E6%9D%B1%E8%BF%91%E6%B1%9F%E5%B8%82
居宅介護支援事業所七彩,ケアマネジャー・居宅介護支援,滋賀県,東近江市,"介護,ケアマネジャー・居宅介護支援,相談",介護サービスの計画作成や事業所調整を行う相談先です。退院後の生活準備で重要です。,nanairo＠e-omi.ne.jp,滋賀県東近江市葛巻町394番地,0748-55-8105,厚生労働省オープンデータ,https://www.mhlw.go.jp/content/12300000/jigyosho_430.csv,2025-12末,https://www.google.com/search?q=%E5%B1%85%E5%AE%85%E4%BB%8B%E8%AD%B7%E6%94%AF%E6%8F%B4%E4%BA%8B%E6%A5%AD%E6%89%80%E4%B8%83%E5%BD%A9%20%E6%9D%B1%E8%BF%91%E6%B1%9F%E5%B8%82
公益社団法人滋賀県看護協会居宅介護支援事業所,ケアマネジャー・居宅介護支援,滋賀県,東近江市,"介護,ケアマネジャー・居宅介護支援,相談",介護サービスの計画作成や事業所調整を行う相談先です。退院後の生活準備で重要です。,https://shiga-kango.jp,滋賀県東近江市八日市上之町1-39,0748-20-3355,厚生労働省オープンデータ,https://www.mhlw.go.jp/content/12300000/jigyosho_430.csv,2025-12末,https://www.google.com/search?q=%E5%85%AC%E7%9B%8A%E7%A4%BE%E5%9B%A3%E6%B3%95%E4%BA%BA%E6%BB%8B%E8%B3%80%E7%9C%8C%E7%9C%8B%E8%AD%B7%E5%8D%94%E4%BC%9A%E5%B1%85%E5%AE%85%E4%BB%8B%E8%AD%B7%E6%94%AF%E6%8F%B4%E4%BA%8B%E6%A5%AD%E6%89%80%20%E6%9D%B1%E8%BF%91%E6%B1%9F%E5%B8%82
もみじケアプランセンター,ケアマネジャー・居宅介護支援,滋賀県,東近江市,"介護,ケアマネジャー・居宅介護支援,相談",介護サービスの計画作成や事業所調整を行う相談先です。退院後の生活準備で重要です。,http://www.hachikikai.com,滋賀県東近江市永源寺高野町431‐2,0748-27-2050,厚生労働省オープンデータ,https://www.mhlw.go.jp/content/12300000/jigyosho_430.csv,2025-12末,https://www.google.com/search?q=%E3%82%82%E3%81%BF%E3%81%98%E3%82%B1%E3%82%A2%E3%83%97%E3%83%A9%E3%83%B3%E3%82%BB%E3%83%B3%E3%82%BF%E3%83%BC%20%E6%9D%B1%E8%BF%91%E6%B1%9F%E5%B8%82
清水苑居宅介護支援センター,ケアマネジャー・居宅介護支援,滋賀県,東近江市,"介護,ケアマネジャー・居宅介護支援,相談",介護サービスの計画作成や事業所調整を行う相談先です。退院後の生活準備で重要です。,https://www.rokushinkai.com,東近江市五個荘川並町268番地,0748-48-5062,厚生労働省オープンデータ,https://www.mhlw.go.jp/content/12300000/jigyosho_430.csv,2025-12末,https://www.google.com/search?q=%E6%B8%85%E6%B0%B4%E8%8B%91%E5%B1%85%E5%AE%85%E4%BB%8B%E8%AD%B7%E6%94%AF%E6%8F%B4%E3%82%BB%E3%83%B3%E3%82%BF%E3%83%BC%20%E6%9D%B1%E8%BF%91%E6%B1%9F%E5%B8%82
ケアプランセンターカルナハウス,ケアマネジャー・居宅介護支援,滋賀県,東近江市,"介護,ケアマネジャー・居宅介護支援,相談",介護サービスの計画作成や事業所調整を行う相談先です。退院後の生活準備で重要です。,http://www.jishoukai.or.jp,東近江市建部下野町７９７番地,0748-24-3250,厚生労働省オープンデータ,https://www.mhlw.go.jp/content/12300000/jigyosho_430.csv,2025-12末,https://www.google.com/search?q=%E3%82%B1%E3%82%A2%E3%83%97%E3%83%A9%E3%83%B3%E3%82%BB%E3%83%B3%E3%82%BF%E3%83%BC%E3%82%AB%E3%83%AB%E3%83%8A%E3%83%8F%E3%82%A6%E3%82%B9%20%E6%9D%B1%E8%BF%91%E6%B1%9F%E5%B8%82
いずみ介護サービスおがわ居宅介護支援,ケアマネジャー・居宅介護支援,滋賀県,東近江市,"介護,ケアマネジャー・居宅介護支援,相談",介護サービスの計画作成や事業所調整を行う相談先です。退院後の生活準備で重要です。,care-net.biz/25/izumikaigo/,東近江市小川町3317番,0748-42-6071,厚生労働省オープンデータ,https://www.mhlw.go.jp/content/12300000/jigyosho_430.csv,2025-12末,https://www.google.com/search?q=%E3%81%84%E3%81%9A%E3%81%BF%E4%BB%8B%E8%AD%B7%E3%82%B5%E3%83%BC%E3%83%93%E3%82%B9%E3%81%8A%E3%81%8C%E3%82%8F%E5%B1%85%E5%AE%85%E4%BB%8B%E8%AD%B7%E6%94%AF%E6%8F%B4%20%E6%9D%B1%E8%BF%91%E6%B1%9F%E5%B8%82
ケアプランセンター玉園ハイム,ケアマネジャー・居宅介護支援,滋賀県,東近江市,"介護,ケアマネジャー・居宅介護支援,相談",介護サービスの計画作成や事業所調整を行う相談先です。退院後の生活準備で重要です。,http://tama-zono.com,滋賀県東近江市尻無町字山ノ間1170番地3,0748-23-6992,厚生労働省オープンデータ,https://www.mhlw.go.jp/content/12300000/jigyosho_430.csv,2025-12末,https://www.google.com/search?q=%E3%82%B1%E3%82%A2%E3%83%97%E3%83%A9%E3%83%B3%E3%82%BB%E3%83%B3%E3%82%BF%E3%83%BC%E7%8E%89%E5%9C%92%E3%83%8F%E3%82%A4%E3%83%A0%20%E6%9D%B1%E8%BF%91%E6%B1%9F%E5%B8%82
ケアプランセンター　みやび,ケアマネジャー・居宅介護支援,滋賀県,東近江市,"介護,ケアマネジャー・居宅介護支援,相談",介護サービスの計画作成や事業所調整を行う相談先です。退院後の生活準備で重要です。,ＵＲⅬ　http://miyabi-kaigo.com,滋賀県東近江市池庄町1554-5,0749-45-0100,厚生労働省オープンデータ,https://www.mhlw.go.jp/content/12300000/jigyosho_430.csv,2025-12末,https://www.google.com/search?q=%E3%82%B1%E3%82%A2%E3%83%97%E3%83%A9%E3%83%B3%E3%82%BB%E3%83%B3%E3%82%BF%E3%83%BC%E3%80%80%E3%81%BF%E3%82%84%E3%81%B3%20%E6%9D%B1%E8%BF%91%E6%B1%9F%E5%B8%82
居宅介護支援事業所　サンフラワー建部,ケアマネジャー・居宅介護支援,滋賀県,東近江市,"介護,ケアマネジャー・居宅介護支援,相談",介護サービスの計画作成や事業所調整を行う相談先です。退院後の生活準備で重要です。,https://www.google.com/search?q=%E5%B1%85%E5%AE%85%E4%BB%8B%E8%AD%B7%E6%94%AF%E6%8F%B4%E4%BA%8B%E6%A5%AD%E6%89%80%E3%80%80%E3%82%B5%E3%83%B3%E3%83%95%E3%83%A9%E3%83%AF%E3%83%BC%E5%BB%BA%E9%83%A8%20%E6%9D%B1%E8%BF%91%E6%B1%9F%E5%B8%82,滋賀県東近江市建部日吉町347-10グランドール103,080-7391-4378,厚生労働省オープンデータ,https://www.mhlw.go.jp/content/12300000/jigyosho_430.csv,2025-12末,https://www.google.com/search?q=%E5%B1%85%E5%AE%85%E4%BB%8B%E8%AD%B7%E6%94%AF%E6%8F%B4%E4%BA%8B%E6%A5%AD%E6%89%80%E3%80%80%E3%82%B5%E3%83%B3%E3%83%95%E3%83%A9%E3%83%AF%E3%83%BC%E5%BB%BA%E9%83%A8%20%E6%9D%B1%E8%BF%91%E6%B1%9F%E5%B8%82
あおぞらケアプランステーション,ケアマネジャー・居宅介護支援,滋賀県,東近江市,"介護,ケアマネジャー・居宅介護支援,相談",介護サービスの計画作成や事業所調整を行う相談先です。退院後の生活準備で重要です。,https://aozora-lake-east.com/,滋賀県東近江市平松町４97-1,0749-45-8278,厚生労働省オープンデータ,https://www.mhlw.go.jp/content/12300000/jigyosho_430.csv,2025-12末,https://www.google.com/search?q=%E3%81%82%E3%81%8A%E3%81%9E%E3%82%89%E3%82%B1%E3%82%A2%E3%83%97%E3%83%A9%E3%83%B3%E3%82%B9%E3%83%86%E3%83%BC%E3%82%B7%E3%83%A7%E3%83%B3%20%E6%9D%B1%E8%BF%91%E6%B1%9F%E5%B8%82
やすらぎの里ケアプラザ,ケアマネジャー・居宅介護支援,滋賀県,東近江市,"介護,ケアマネジャー・居宅介護支援,相談",介護サービスの計画作成や事業所調整を行う相談先です。退院後の生活準備で重要です。,https://fukushi-eigenji.jp/,東近江市山上町5040,0748-27-1555,厚生労働省オープンデータ,https://www.mhlw.go.jp/content/12300000/jigyosho_430.csv,2025-12末,https://www.google.com/search?q=%E3%82%84%E3%81%99%E3%82%89%E3%81%8E%E3%81%AE%E9%87%8C%E3%82%B1%E3%82%A2%E3%83%97%E3%83%A9%E3%82%B6%20%E6%9D%B1%E8%BF%91%E6%B1%9F%E5%B8%82
ケアプランスイッチオン五個荘居宅介護支援事業所,ケアマネジャー・居宅介護支援,滋賀県,東近江市,"介護,ケアマネジャー・居宅介護支援,相談",介護サービスの計画作成や事業所調整を行う相談先です。退院後の生活準備で重要です。,https://www.google.com/search?q=%E3%82%B1%E3%82%A2%E3%83%97%E3%83%A9%E3%83%B3%E3%82%B9%E3%82%A4%E3%83%83%E3%83%81%E3%82%AA%E3%83%B3%E4%BA%94%E5%80%8B%E8%8D%98%E5%B1%85%E5%AE%85%E4%BB%8B%E8%AD%B7%E6%94%AF%E6%8F%B4%E4%BA%8B%E6%A5%AD%E6%89%80%20%E6%9D%B1%E8%BF%91%E6%B1%9F%E5%B8%82,東近江市五個荘町五位田592番地,0748-29-3880,厚生労働省オープンデータ,https://www.mhlw.go.jp/content/12300000/jigyosho_430.csv,2025-12末,https://www.google.com/search?q=%E3%82%B1%E3%82%A2%E3%83%97%E3%83%A9%E3%83%B3%E3%82%B9%E3%82%A4%E3%83%83%E3%83%81%E3%82%AA%E3%83%B3%E4%BA%94%E5%80%8B%E8%8D%98%E5%B1%85%E5%AE%85%E4%BB%8B%E8%AD%B7%E6%94%AF%E6%8F%B4%E4%BA%8B%E6%A5%AD%E6%89%80%20%E6%9D%B1%E8%BF%91%E6%B1%9F%E5%B8%82
東近江市蒲生医療センター居宅介護支援事業所,ケアマネジャー・居宅介護支援,滋賀県,東近江市,"介護,ケアマネジャー・居宅介護支援,相談",介護サービスの計画作成や事業所調整を行う相談先です。退院後の生活準備で重要です。,http://gamo-hp.siga.jp/,東近江市桜川西町340東近江市蒲生医療センター内,0748-55-5700,厚生労働省オープンデータ,https://www.mhlw.go.jp/content/12300000/jigyosho_430.csv,2025-12末,https://www.google.com/search?q=%E6%9D%B1%E8%BF%91%E6%B1%9F%E5%B8%82%E8%92%B2%E7%94%9F%E5%8C%BB%E7%99%82%E3%82%BB%E3%83%B3%E3%82%BF%E3%83%BC%E5%B1%85%E5%AE%85%E4%BB%8B%E8%AD%B7%E6%94%AF%E6%8F%B4%E4%BA%8B%E6%A5%AD%E6%89%80%20%E6%9D%B1%E8%BF%91%E6%B1%9F%E5%B8%82
たんぽぽ介護相談室,ケアマネジャー・居宅介護支援,滋賀県,東近江市,"介護,ケアマネジャー・居宅介護支援,相談",介護サービスの計画作成や事業所調整を行う相談先です。退院後の生活準備で重要です。,https://www.google.com/search?q=%E3%81%9F%E3%82%93%E3%81%BD%E3%81%BD%E4%BB%8B%E8%AD%B7%E7%9B%B8%E8%AB%87%E5%AE%A4%20%E6%9D%B1%E8%BF%91%E6%B1%9F%E5%B8%82,滋賀県東近江市桜川西町448-2,0748-26-7898,厚生労働省オープンデータ,https://www.mhlw.go.jp/content/12300000/jigyosho_430.csv,2025-12末,https://www.google.com/search?q=%E3%81%9F%E3%82%93%E3%81%BD%E3%81%BD%E4%BB%8B%E8%AD%B7%E7%9B%B8%E8%AB%87%E5%AE%A4%20%E6%9D%B1%E8%BF%91%E6%B1%9F%E5%B8%82
居宅介護支援事業所　ニコリハ,ケアマネジャー・居宅介護支援,滋賀県,東近江市,"介護,ケアマネジャー・居宅介護支援,相談",介護サービスの計画作成や事業所調整を行う相談先です。退院後の生活準備で重要です。,https://www.google.com/search?q=%E5%B1%85%E5%AE%85%E4%BB%8B%E8%AD%B7%E6%94%AF%E6%8F%B4%E4%BA%8B%E6%A5%AD%E6%89%80%E3%80%80%E3%83%8B%E3%82%B3%E3%83%AA%E3%83%8F%20%E6%9D%B1%E8%BF%91%E6%B1%9F%E5%B8%82,滋賀県東近江市垣見町1598,0748-36-1629,厚生労働省オープンデータ,https://www.mhlw.go.jp/content/12300000/jigyosho_430.csv,2025-12末,https://www.google.com/search?q=%E5%B1%85%E5%AE%85%E4%BB%8B%E8%AD%B7%E6%94%AF%E6%8F%B4%E4%BA%8B%E6%A5%AD%E6%89%80%E3%80%80%E3%83%8B%E3%82%B3%E3%83%AA%E3%83%8F%20%E6%9D%B1%E8%BF%91%E6%B1%9F%E5%B8%82
ケアプランセンターのとがわ,ケアマネジャー・居宅介護支援,滋賀県,東近江市,"介護,ケアマネジャー・居宅介護支援,相談",介護サービスの計画作成や事業所調整を行う相談先です。退院後の生活準備で重要です。,http://shiga-shinjyukai.or.jp/,東近江市躰光寺町234番地1,0748-42-7051,厚生労働省オープンデータ,https://www.mhlw.go.jp/content/12300000/jigyosho_430.csv,2025-12末,https://www.google.com/search?q=%E3%82%B1%E3%82%A2%E3%83%97%E3%83%A9%E3%83%B3%E3%82%BB%E3%83%B3%E3%82%BF%E3%83%BC%E3%81%AE%E3%81%A8%E3%81%8C%E3%82%8F%20%E6%9D%B1%E8%BF%91%E6%B1%9F%E5%B8%82
NPO結の家ケアプランセンター,ケアマネジャー・居宅介護支援,滋賀県,東近江市,"介護,ケアマネジャー・居宅介護支援,相談",介護サービスの計画作成や事業所調整を行う相談先です。退院後の生活準備で重要です。,https://www.google.com/search?q=NPO%E7%B5%90%E3%81%AE%E5%AE%B6%E3%82%B1%E3%82%A2%E3%83%97%E3%83%A9%E3%83%B3%E3%82%BB%E3%83%B3%E3%82%BF%E3%83%BC%20%E6%9D%B1%E8%BF%91%E6%B1%9F%E5%B8%82,滋賀県東近江市愛東外町７００番地,0749-46-2177,厚生労働省オープンデータ,https://www.mhlw.go.jp/content/12300000/jigyosho_430.csv,2025-12末,https://www.google.com/search?q=NPO%E7%B5%90%E3%81%AE%E5%AE%B6%E3%82%B1%E3%82%A2%E3%83%97%E3%83%A9%E3%83%B3%E3%82%BB%E3%83%B3%E3%82%BF%E3%83%BC%20%E6%9D%B1%E8%BF%91%E6%B1%9F%E5%B8%82
在宅介護ファミールケア　米原センター,ケアマネジャー・居宅介護支援,滋賀県,米原市,"介護,ケアマネジャー・居宅介護支援,相談",介護サービスの計画作成や事業所調整を行う相談先です。退院後の生活準備で重要です。,https://www.famille-care.co.jp,米原市中多良一丁目１７,0749-52-5665,厚生労働省オープンデータ,https://www.mhlw.go.jp/content/12300000/jigyosho_430.csv,2025-12末,https://www.google.com/search?q=%E5%9C%A8%E5%AE%85%E4%BB%8B%E8%AD%B7%E3%83%95%E3%82%A1%E3%83%9F%E3%83%BC%E3%83%AB%E3%82%B1%E3%82%A2%E3%80%80%E7%B1%B3%E5%8E%9F%E3%82%BB%E3%83%B3%E3%82%BF%E3%83%BC%20%E7%B1%B3%E5%8E%9F%E5%B8%82
水野ケアプランセンター,ケアマネジャー・居宅介護支援,滋賀県,米原市,"介護,ケアマネジャー・居宅介護支援,相談",介護サービスの計画作成や事業所調整を行う相談先です。退院後の生活準備で重要です。,http://www.ryokusenkai.com/ryokusenkan/careplan.html,滋賀県米原市長岡645番地,0749-55-4110,厚生労働省オープンデータ,https://www.mhlw.go.jp/content/12300000/jigyosho_430.csv,2025-12末,https://www.google.com/search?q=%E6%B0%B4%E9%87%8E%E3%82%B1%E3%82%A2%E3%83%97%E3%83%A9%E3%83%B3%E3%82%BB%E3%83%B3%E3%82%BF%E3%83%BC%20%E7%B1%B3%E5%8E%9F%E5%B8%82
ケアプランセンターあすか,ケアマネジャー・居宅介護支援,滋賀県,米原市,"介護,ケアマネジャー・居宅介護支援,相談",介護サービスの計画作成や事業所調整を行う相談先です。退院後の生活準備で重要です。,https://askacare.com/,米原市顔戸1411-50,0749-52-1444,厚生労働省オープンデータ,https://www.mhlw.go.jp/content/12300000/jigyosho_430.csv,2025-12末,https://www.google.com/search?q=%E3%82%B1%E3%82%A2%E3%83%97%E3%83%A9%E3%83%B3%E3%82%BB%E3%83%B3%E3%82%BF%E3%83%BC%E3%81%82%E3%81%99%E3%81%8B%20%E7%B1%B3%E5%8E%9F%E5%B8%82
坂本ケアサービス居宅介護支援事業所,ケアマネジャー・居宅介護支援,滋賀県,米原市,"介護,ケアマネジャー・居宅介護支援,相談",介護サービスの計画作成や事業所調整を行う相談先です。退院後の生活準備で重要です。,https://sakamotocare.com/,滋賀県米原市宇賀野219番地32,0749-52-4664,厚生労働省オープンデータ,https://www.mhlw.go.jp/content/12300000/jigyosho_430.csv,2025-12末,https://www.google.com/search?q=%E5%9D%82%E6%9C%AC%E3%82%B1%E3%82%A2%E3%82%B5%E3%83%BC%E3%83%93%E3%82%B9%E5%B1%85%E5%AE%85%E4%BB%8B%E8%AD%B7%E6%94%AF%E6%8F%B4%E4%BA%8B%E6%A5%AD%E6%89%80%20%E7%B1%B3%E5%8E%9F%E5%B8%82
やすらぎハウス居宅介護支援事業所,ケアマネジャー・居宅介護支援,滋賀県,米原市,"介護,ケアマネジャー・居宅介護支援,相談",介護サービスの計画作成や事業所調整を行う相談先です。退院後の生活準備で重要です。,http://www.taijyukai.net,滋賀県米原市顔戸２１番地２,0749-52-1470,厚生労働省オープンデータ,https://www.mhlw.go.jp/content/12300000/jigyosho_430.csv,2025-12末,https://www.google.com/search?q=%E3%82%84%E3%81%99%E3%82%89%E3%81%8E%E3%83%8F%E3%82%A6%E3%82%B9%E5%B1%85%E5%AE%85%E4%BB%8B%E8%AD%B7%E6%94%AF%E6%8F%B4%E4%BA%8B%E6%A5%AD%E6%89%80%20%E7%B1%B3%E5%8E%9F%E5%B8%82
ひだまり,ケアマネジャー・居宅介護支援,滋賀県,米原市,"介護,ケアマネジャー・居宅介護支援,相談",介護サービスの計画作成や事業所調整を行う相談先です。退院後の生活準備で重要です。,www.hidamari-shiga.jp,滋賀県米原市能登瀬1322-1,0749-54-0166,厚生労働省オープンデータ,https://www.mhlw.go.jp/content/12300000/jigyosho_430.csv,2025-12末,https://www.google.com/search?q=%E3%81%B2%E3%81%A0%E3%81%BE%E3%82%8A%20%E7%B1%B3%E5%8E%9F%E5%B8%82
Links　(リンクス),ケアマネジャー・居宅介護支援,滋賀県,米原市,"介護,ケアマネジャー・居宅介護支援,相談",介護サービスの計画作成や事業所調整を行う相談先です。退院後の生活準備で重要です。,https://www.google.com/search?q=Links%E3%80%80%28%E3%83%AA%E3%83%B3%E3%82%AF%E3%82%B9%29%20%E7%B1%B3%E5%8E%9F%E5%B8%82,滋賀県米原市顔戸501番地5,0749-57-6310,厚生労働省オープンデータ,https://www.mhlw.go.jp/content/12300000/jigyosho_430.csv,2025-12末,https://www.google.com/search?q=Links%E3%80%80%28%E3%83%AA%E3%83%B3%E3%82%AF%E3%82%B9%29%20%E7%B1%B3%E5%8E%9F%E5%B8%82
つむぎ,ケアマネジャー・居宅介護支援,滋賀県,米原市,"介護,ケアマネジャー・居宅介護支援,相談",介護サービスの計画作成や事業所調整を行う相談先です。退院後の生活準備で重要です。,https://www.sinca100.biz,滋賀県米原市多和田1031-3,0749-50-2993,厚生労働省オープンデータ,https://www.mhlw.go.jp/content/12300000/jigyosho_430.csv,2025-12末,https://www.google.com/search?q=%E3%81%A4%E3%82%80%E3%81%8E%20%E7%B1%B3%E5%8E%9F%E5%B8%82
うぃんぐ居宅介護相談センター,ケアマネジャー・居宅介護支援,滋賀県,米原市,"介護,ケアマネジャー・居宅介護支援,相談",介護サービスの計画作成や事業所調整を行う相談先です。退院後の生活準備で重要です。,https://www.google.com/search?q=%E3%81%86%E3%81%83%E3%82%93%E3%81%90%E5%B1%85%E5%AE%85%E4%BB%8B%E8%AD%B7%E7%9B%B8%E8%AB%87%E3%82%BB%E3%83%B3%E3%82%BF%E3%83%BC%20%E7%B1%B3%E5%8E%9F%E5%B8%82,滋賀県米原市井之口180,0749-53-0048,厚生労働省オープンデータ,https://www.mhlw.go.jp/content/12300000/jigyosho_430.csv,2025-12末,https://www.google.com/search?q=%E3%81%86%E3%81%83%E3%82%93%E3%81%90%E5%B1%85%E5%AE%85%E4%BB%8B%E8%AD%B7%E7%9B%B8%E8%AB%87%E3%82%BB%E3%83%B3%E3%82%BF%E3%83%BC%20%E7%B1%B3%E5%8E%9F%E5%B8%82
ケアプランセンター米原市社会福祉協議会,ケアマネジャー・居宅介護支援,滋賀県,米原市,"介護,ケアマネジャー・居宅介護支援,相談",介護サービスの計画作成や事業所調整を行う相談先です。退院後の生活準備で重要です。,https://www.google.com/search?q=%E3%82%B1%E3%82%A2%E3%83%97%E3%83%A9%E3%83%B3%E3%82%BB%E3%83%B3%E3%82%BF%E3%83%BC%E7%B1%B3%E5%8E%9F%E5%B8%82%E7%A4%BE%E4%BC%9A%E7%A6%8F%E7%A5%89%E5%8D%94%E8%AD%B0%E4%BC%9A%20%E7%B1%B3%E5%8E%9F%E5%B8%82,滋賀県米原市顔戸1729-1みんなの家,0749-52-1463,厚生労働省オープンデータ,https://www.mhlw.go.jp/content/12300000/jigyosho_430.csv,2025-12末,https://www.google.com/search?q=%E3%82%B1%E3%82%A2%E3%83%97%E3%83%A9%E3%83%B3%E3%82%BB%E3%83%B3%E3%82%BF%E3%83%BC%E7%B1%B3%E5%8E%9F%E5%B8%82%E7%A4%BE%E4%BC%9A%E7%A6%8F%E7%A5%89%E5%8D%94%E8%AD%B0%E4%BC%9A%20%E7%B1%B3%E5%8E%9F%E5%B8%82
ケアマネジメントセンター・ライフ,ケアマネジャー・居宅介護支援,滋賀県,米原市,"介護,ケアマネジャー・居宅介護支援,相談",介護サービスの計画作成や事業所調整を行う相談先です。退院後の生活準備で重要です。,http://www.lifewelfa.com,滋賀県米原市高溝636‐6番地,0749-52-9191,厚生労働省オープンデータ,https://www.mhlw.go.jp/content/12300000/jigyosho_430.csv,2025-12末,https://www.google.com/search?q=%E3%82%B1%E3%82%A2%E3%83%9E%E3%83%8D%E3%82%B8%E3%83%A1%E3%83%B3%E3%83%88%E3%82%BB%E3%83%B3%E3%82%BF%E3%83%BC%E3%83%BB%E3%83%A9%E3%82%A4%E3%83%95%20%E7%B1%B3%E5%8E%9F%E5%B8%82
ケアセンターいぶき居宅介護支援事業所,ケアマネジャー・居宅介護支援,滋賀県,米原市,"介護,ケアマネジャー・居宅介護支援,相談",介護サービスの計画作成や事業所調整を行う相談先です。退院後の生活準備で重要です。,http://www.jadecom.or.jp/jadecomhp/ibuki,滋賀県米原市春照58-1,0749-58-1222,厚生労働省オープンデータ,https://www.mhlw.go.jp/content/12300000/jigyosho_430.csv,2025-12末,https://www.google.com/search?q=%E3%82%B1%E3%82%A2%E3%82%BB%E3%83%B3%E3%82%BF%E3%83%BC%E3%81%84%E3%81%B6%E3%81%8D%E5%B1%85%E5%AE%85%E4%BB%8B%E8%AD%B7%E6%94%AF%E6%8F%B4%E4%BA%8B%E6%A5%AD%E6%89%80%20%E7%B1%B3%E5%8E%9F%E5%B8%82
ケアプランみしま池,ケアマネジャー・居宅介護支援,滋賀県,米原市,"介護,ケアマネジャー・居宅介護支援,相談",介護サービスの計画作成や事業所調整を行う相談先です。退院後の生活準備で重要です。,https://www.cs-mishimaike.com/,池下５６３－１,０７４９－５５－０３０４,厚生労働省オープンデータ,https://www.mhlw.go.jp/content/12300000/jigyosho_430.csv,2025-12末,https://www.google.com/search?q=%E3%82%B1%E3%82%A2%E3%83%97%E3%83%A9%E3%83%B3%E3%81%BF%E3%81%97%E3%81%BE%E6%B1%A0%20%E7%B1%B3%E5%8E%9F%E5%B8%82
坂田ケアプランセンター,ケアマネジャー・居宅介護支援,滋賀県,米原市,"介護,ケアマネジャー・居宅介護支援,相談",介護サービスの計画作成や事業所調整を行う相談先です。退院後の生活準備で重要です。,http://www.seishokai.jp/sakata,滋賀県米原市野一色1136,0749-55-3522,厚生労働省オープンデータ,https://www.mhlw.go.jp/content/12300000/jigyosho_430.csv,2025-12末,https://www.google.com/search?q=%E5%9D%82%E7%94%B0%E3%82%B1%E3%82%A2%E3%83%97%E3%83%A9%E3%83%B3%E3%82%BB%E3%83%B3%E3%82%BF%E3%83%BC%20%E7%B1%B3%E5%8E%9F%E5%B8%82
ケアプランセンターおおきに,ケアマネジャー・居宅介護支援,滋賀県,日野町,"介護,ケアマネジャー・居宅介護支援,相談",介護サービスの計画作成や事業所調整を行う相談先です。退院後の生活準備で重要です。,https://hinoookini.com/,滋賀県蒲生郡日野町いせの46,0748ー52－5599,厚生労働省オープンデータ,https://www.mhlw.go.jp/content/12300000/jigyosho_430.csv,2025-12末,https://www.google.com/search?q=%E3%82%B1%E3%82%A2%E3%83%97%E3%83%A9%E3%83%B3%E3%82%BB%E3%83%B3%E3%82%BF%E3%83%BC%E3%81%8A%E3%81%8A%E3%81%8D%E3%81%AB%20%E6%97%A5%E9%87%8E%E7%94%BA
医療法人社団昴会　介護老人保健施設リスタあすなろ居宅介護支援事業所,ケアマネジャー・居宅介護支援,滋賀県,日野町,"介護,ケアマネジャー・居宅介護支援,相談",介護サービスの計画作成や事業所調整を行う相談先です。退院後の生活準備で重要です。,https://www.subarukai.jp/cms_asunaro/service/home,上野田２４６番地,０７４８－５２－６０００,厚生労働省オープンデータ,https://www.mhlw.go.jp/content/12300000/jigyosho_430.csv,2025-12末,https://www.google.com/search?q=%E5%8C%BB%E7%99%82%E6%B3%95%E4%BA%BA%E7%A4%BE%E5%9B%A3%E6%98%B4%E4%BC%9A%E3%80%80%E4%BB%8B%E8%AD%B7%E8%80%81%E4%BA%BA%E4%BF%9D%E5%81%A5%E6%96%BD%E8%A8%AD%E3%83%AA%E3%82%B9%E3%82%BF%E3%81%82%E3%81%99%E3%81%AA%E3%82%8D%E5%B1%85%E5%AE%85%E4%BB%8B%E8%AD%B7%E6%94%AF%E6%8F%B4%E4%BA%8B%E6%A5%AD%E6%89%80%20%E6%97%A5%E9%87%8E%E7%94%BA
日野町社会福祉協議会　居宅介護支援サービスひだまり,ケアマネジャー・居宅介護支援,滋賀県,日野町,"介護,ケアマネジャー・居宅介護支援,相談",介護サービスの計画作成や事業所調整を行う相談先です。退院後の生活準備で重要です。,http://www.hinoshakyo.or.jp/,滋賀県蒲生郡日野町河原一丁目１番地,0748-52-5556,厚生労働省オープンデータ,https://www.mhlw.go.jp/content/12300000/jigyosho_430.csv,2025-12末,https://www.google.com/search?q=%E6%97%A5%E9%87%8E%E7%94%BA%E7%A4%BE%E4%BC%9A%E7%A6%8F%E7%A5%89%E5%8D%94%E8%AD%B0%E4%BC%9A%E3%80%80%E5%B1%85%E5%AE%85%E4%BB%8B%E8%AD%B7%E6%94%AF%E6%8F%B4%E3%82%B5%E3%83%BC%E3%83%93%E3%82%B9%E3%81%B2%E3%81%A0%E3%81%BE%E3%82%8A%20%E6%97%A5%E9%87%8E%E7%94%BA
いずみ介護サービスひふみ居宅介護支援,ケアマネジャー・居宅介護支援,滋賀県,日野町,"介護,ケアマネジャー・居宅介護支援,相談",介護サービスの計画作成や事業所調整を行う相談先です。退院後の生活準備で重要です。,http://www.izumisoko.co.jp/,滋賀県蒲生郡日野町大字里口48番地,0748-53-2345,厚生労働省オープンデータ,https://www.mhlw.go.jp/content/12300000/jigyosho_430.csv,2025-12末,https://www.google.com/search?q=%E3%81%84%E3%81%9A%E3%81%BF%E4%BB%8B%E8%AD%B7%E3%82%B5%E3%83%BC%E3%83%93%E3%82%B9%E3%81%B2%E3%81%B5%E3%81%BF%E5%B1%85%E5%AE%85%E4%BB%8B%E8%AD%B7%E6%94%AF%E6%8F%B4%20%E6%97%A5%E9%87%8E%E7%94%BA
弓削メディカルクリニック在宅医療部居宅介護支援事業所,ケアマネジャー・居宅介護支援,滋賀県,竜王町,"介護,ケアマネジャー・居宅介護支援,相談",介護サービスの計画作成や事業所調整を行う相談先です。退院後の生活準備で重要です。,https://yugemed.com,滋賀県蒲生郡竜王町弓削１８２５,0748-57-0584,厚生労働省オープンデータ,https://www.mhlw.go.jp/content/12300000/jigyosho_430.csv,2025-12末,https://www.google.com/search?q=%E5%BC%93%E5%89%8A%E3%83%A1%E3%83%87%E3%82%A3%E3%82%AB%E3%83%AB%E3%82%AF%E3%83%AA%E3%83%8B%E3%83%83%E3%82%AF%E5%9C%A8%E5%AE%85%E5%8C%BB%E7%99%82%E9%83%A8%E5%B1%85%E5%AE%85%E4%BB%8B%E8%AD%B7%E6%94%AF%E6%8F%B4%E4%BA%8B%E6%A5%AD%E6%89%80%20%E7%AB%9C%E7%8E%8B%E7%94%BA
合同会社モーブ,ケアマネジャー・居宅介護支援,滋賀県,竜王町,"介護,ケアマネジャー・居宅介護支援,相談",介護サービスの計画作成や事業所調整を行う相談先です。退院後の生活準備で重要です。,https://www.google.com/search?q=%E5%90%88%E5%90%8C%E4%BC%9A%E7%A4%BE%E3%83%A2%E3%83%BC%E3%83%96%20%E7%AB%9C%E7%8E%8B%E7%94%BA,大字弓削字車瀬23-1,0748-34-1085,厚生労働省オープンデータ,https://www.mhlw.go.jp/content/12300000/jigyosho_430.csv,2025-12末,https://www.google.com/search?q=%E5%90%88%E5%90%8C%E4%BC%9A%E7%A4%BE%E3%83%A2%E3%83%BC%E3%83%96%20%E7%AB%9C%E7%8E%8B%E7%94%BA
居宅介護支援事業所万葉の里,ケアマネジャー・居宅介護支援,滋賀県,竜王町,"介護,ケアマネジャー・居宅介護支援,相談",介護サービスの計画作成や事業所調整を行う相談先です。退院後の生活準備で重要です。,https://yukinokai.com/,滋賀県蒲生郡竜王町大字山之上６３２,0748-57-2100,厚生労働省オープンデータ,https://www.mhlw.go.jp/content/12300000/jigyosho_430.csv,2025-12末,https://www.google.com/search?q=%E5%B1%85%E5%AE%85%E4%BB%8B%E8%AD%B7%E6%94%AF%E6%8F%B4%E4%BA%8B%E6%A5%AD%E6%89%80%E4%B8%87%E8%91%89%E3%81%AE%E9%87%8C%20%E7%AB%9C%E7%8E%8B%E7%94%BA
みわ居宅介護支援事業所,ケアマネジャー・居宅介護支援,滋賀県,竜王町,"介護,ケアマネジャー・居宅介護支援,相談",介護サービスの計画作成や事業所調整を行う相談先です。退院後の生活準備で重要です。,http://hp.kaipoke.biz/ua0/,滋賀県蒲生郡竜王町大字小口１１３９番地９５,０７４８－５８－２５９７,厚生労働省オープンデータ,https://www.mhlw.go.jp/content/12300000/jigyosho_430.csv,2025-12末,https://www.google.com/search?q=%E3%81%BF%E3%82%8F%E5%B1%85%E5%AE%85%E4%BB%8B%E8%AD%B7%E6%94%AF%E6%8F%B4%E4%BA%8B%E6%A5%AD%E6%89%80%20%E7%AB%9C%E7%8E%8B%E7%94%BA
居宅介護支援事業所りゅうおう,ケアマネジャー・居宅介護支援,滋賀県,竜王町,"介護,ケアマネジャー・居宅介護支援,相談",介護サービスの計画作成や事業所調整を行う相談先です。退院後の生活準備で重要です。,http://mihan-shiga.site/,滋賀県蒲生郡竜王町林1346,0748-57-2155,厚生労働省オープンデータ,https://www.mhlw.go.jp/content/12300000/jigyosho_430.csv,2025-12末,https://www.google.com/search?q=%E5%B1%85%E5%AE%85%E4%BB%8B%E8%AD%B7%E6%94%AF%E6%8F%B4%E4%BA%8B%E6%A5%AD%E6%89%80%E3%82%8A%E3%82%85%E3%81%86%E3%81%8A%E3%81%86%20%E7%AB%9C%E7%8E%8B%E7%94%BA
ケアプランセンターアーク,ケアマネジャー・居宅介護支援,滋賀県,竜王町,"介護,ケアマネジャー・居宅介護支援,相談",介護サービスの計画作成や事業所調整を行う相談先です。退院後の生活準備で重要です。,https://www.google.com/search?q=%E3%82%B1%E3%82%A2%E3%83%97%E3%83%A9%E3%83%B3%E3%82%BB%E3%83%B3%E3%82%BF%E3%83%BC%E3%82%A2%E3%83%BC%E3%82%AF%20%E7%AB%9C%E7%8E%8B%E7%94%BA,滋賀県蒲生郡竜王町大字弓削字車瀬23-1,0748-57-1423,厚生労働省オープンデータ,https://www.mhlw.go.jp/content/12300000/jigyosho_430.csv,2025-12末,https://www.google.com/search?q=%E3%82%B1%E3%82%A2%E3%83%97%E3%83%A9%E3%83%B3%E3%82%BB%E3%83%B3%E3%82%BF%E3%83%BC%E3%82%A2%E3%83%BC%E3%82%AF%20%E7%AB%9C%E7%8E%8B%E7%94%BA
株式会社アクエリアス居宅介護支援事業所,ケアマネジャー・居宅介護支援,滋賀県,竜王町,"介護,ケアマネジャー・居宅介護支援,相談",介護サービスの計画作成や事業所調整を行う相談先です。退院後の生活準備で重要です。,https://www.google.com/search?q=%E6%A0%AA%E5%BC%8F%E4%BC%9A%E7%A4%BE%E3%82%A2%E3%82%AF%E3%82%A8%E3%83%AA%E3%82%A2%E3%82%B9%E5%B1%85%E5%AE%85%E4%BB%8B%E8%AD%B7%E6%94%AF%E6%8F%B4%E4%BA%8B%E6%A5%AD%E6%89%80%20%E7%AB%9C%E7%8E%8B%E7%94%BA,滋賀県蒲生郡竜王町小口1251－246,0748-43-2192,厚生労働省オープンデータ,https://www.mhlw.go.jp/content/12300000/jigyosho_430.csv,2025-12末,https://www.google.com/search?q=%E6%A0%AA%E5%BC%8F%E4%BC%9A%E7%A4%BE%E3%82%A2%E3%82%AF%E3%82%A8%E3%83%AA%E3%82%A2%E3%82%B9%E5%B1%85%E5%AE%85%E4%BB%8B%E8%AD%B7%E6%94%AF%E6%8F%B4%E4%BA%8B%E6%A5%AD%E6%89%80%20%E7%AB%9C%E7%8E%8B%E7%94%BA
株式会社愛ユーケアサービス,ケアマネジャー・居宅介護支援,滋賀県,愛荘町,"介護,ケアマネジャー・居宅介護支援,相談",介護サービスの計画作成や事業所調整を行う相談先です。退院後の生活準備で重要です。,https://www.google.com/search?q=%E6%A0%AA%E5%BC%8F%E4%BC%9A%E7%A4%BE%E6%84%9B%E3%83%A6%E3%83%BC%E3%82%B1%E3%82%A2%E3%82%B5%E3%83%BC%E3%83%93%E3%82%B9%20%E6%84%9B%E8%8D%98%E7%94%BA,滋賀県愛知郡愛荘町石橋905番地,0749-42-7158,厚生労働省オープンデータ,https://www.mhlw.go.jp/content/12300000/jigyosho_430.csv,2025-12末,https://www.google.com/search?q=%E6%A0%AA%E5%BC%8F%E4%BC%9A%E7%A4%BE%E6%84%9B%E3%83%A6%E3%83%BC%E3%82%B1%E3%82%A2%E3%82%B5%E3%83%BC%E3%83%93%E3%82%B9%20%E6%84%9B%E8%8D%98%E7%94%BA
ケアプランオフィスカーム,ケアマネジャー・居宅介護支援,滋賀県,愛荘町,"介護,ケアマネジャー・居宅介護支援,相談",介護サービスの計画作成や事業所調整を行う相談先です。退院後の生活準備で重要です。,https://www.google.com/search?q=%E3%82%B1%E3%82%A2%E3%83%97%E3%83%A9%E3%83%B3%E3%82%AA%E3%83%95%E3%82%A3%E3%82%B9%E3%82%AB%E3%83%BC%E3%83%A0%20%E6%84%9B%E8%8D%98%E7%94%BA,滋賀県愛知郡愛荘町香之庄660番地,0749-37-3549（,厚生労働省オープンデータ,https://www.mhlw.go.jp/content/12300000/jigyosho_430.csv,2025-12末,https://www.google.com/search?q=%E3%82%B1%E3%82%A2%E3%83%97%E3%83%A9%E3%83%B3%E3%82%AA%E3%83%95%E3%82%A3%E3%82%B9%E3%82%AB%E3%83%BC%E3%83%A0%20%E6%84%9B%E8%8D%98%E7%94%BA
社会福祉法人青祥会　秦荘ケアプランセンター,ケアマネジャー・居宅介護支援,滋賀県,愛荘町,"介護,ケアマネジャー・居宅介護支援,相談",介護サービスの計画作成や事業所調整を行う相談先です。退院後の生活準備で重要です。,http://www.seishokai.jp/,滋賀県愛知郡愛荘町安孫子1235番地,0749-37-2669,厚生労働省オープンデータ,https://www.mhlw.go.jp/content/12300000/jigyosho_430.csv,2025-12末,https://www.google.com/search?q=%E7%A4%BE%E4%BC%9A%E7%A6%8F%E7%A5%89%E6%B3%95%E4%BA%BA%E9%9D%92%E7%A5%A5%E4%BC%9A%E3%80%80%E7%A7%A6%E8%8D%98%E3%82%B1%E3%82%A2%E3%83%97%E3%83%A9%E3%83%B3%E3%82%BB%E3%83%B3%E3%82%BF%E3%83%BC%20%E6%84%9B%E8%8D%98%E7%94%BA
居宅介護支援事業所　愛荘,ケアマネジャー・居宅介護支援,滋賀県,愛荘町,"介護,ケアマネジャー・居宅介護支援,相談",介護サービスの計画作成や事業所調整を行う相談先です。退院後の生活準備で重要です。,http://homesweethome.jp/,滋賀県愛知郡愛荘町愛知川８０８,0749-20-4271,厚生労働省オープンデータ,https://www.mhlw.go.jp/content/12300000/jigyosho_430.csv,2025-12末,https://www.google.com/search?q=%E5%B1%85%E5%AE%85%E4%BB%8B%E8%AD%B7%E6%94%AF%E6%8F%B4%E4%BA%8B%E6%A5%AD%E6%89%80%E3%80%80%E6%84%9B%E8%8D%98%20%E6%84%9B%E8%8D%98%E7%94%BA
ケアサポートセンター愛らいふ,ケアマネジャー・居宅介護支援,滋賀県,愛荘町,"介護,ケアマネジャー・居宅介護支援,相談",介護サービスの計画作成や事業所調整を行う相談先です。退院後の生活準備で重要です。,https://www.google.com/search?q=%E3%82%B1%E3%82%A2%E3%82%B5%E3%83%9D%E3%83%BC%E3%83%88%E3%82%BB%E3%83%B3%E3%82%BF%E3%83%BC%E6%84%9B%E3%82%89%E3%81%84%E3%81%B5%20%E6%84%9B%E8%8D%98%E7%94%BA,滋賀県愛知郡愛荘町長野８６４番地,0749-49-3678,厚生労働省オープンデータ,https://www.mhlw.go.jp/content/12300000/jigyosho_430.csv,2025-12末,https://www.google.com/search?q=%E3%82%B1%E3%82%A2%E3%82%B5%E3%83%9D%E3%83%BC%E3%83%88%E3%82%BB%E3%83%B3%E3%82%BF%E3%83%BC%E6%84%9B%E3%82%89%E3%81%84%E3%81%B5%20%E6%84%9B%E8%8D%98%E7%94%BA
社会福祉法人　豊郷町社会福祉協議会　居宅介護支援事業所,ケアマネジャー・居宅介護支援,滋賀県,豊郷町,"介護,ケアマネジャー・居宅介護支援,相談",介護サービスの計画作成や事業所調整を行う相談先です。退院後の生活準備で重要です。,https://www.google.com/search?q=%E7%A4%BE%E4%BC%9A%E7%A6%8F%E7%A5%89%E6%B3%95%E4%BA%BA%E3%80%80%E8%B1%8A%E9%83%B7%E7%94%BA%E7%A4%BE%E4%BC%9A%E7%A6%8F%E7%A5%89%E5%8D%94%E8%AD%B0%E4%BC%9A%E3%80%80%E5%B1%85%E5%AE%85%E4%BB%8B%E8%AD%B7%E6%94%AF%E6%8F%B4%E4%BA%8B%E6%A5%AD%E6%89%80%20%E8%B1%8A%E9%83%B7%E7%94%BA,滋賀県犬上郡豊郷町四十九院１２５２,0749-35-8056,厚生労働省オープンデータ,https://www.mhlw.go.jp/content/12300000/jigyosho_430.csv,2025-12末,https://www.google.com/search?q=%E7%A4%BE%E4%BC%9A%E7%A6%8F%E7%A5%89%E6%B3%95%E4%BA%BA%E3%80%80%E8%B1%8A%E9%83%B7%E7%94%BA%E7%A4%BE%E4%BC%9A%E7%A6%8F%E7%A5%89%E5%8D%94%E8%AD%B0%E4%BC%9A%E3%80%80%E5%B1%85%E5%AE%85%E4%BB%8B%E8%AD%B7%E6%94%AF%E6%8F%B4%E4%BA%8B%E6%A5%AD%E6%89%80%20%E8%B1%8A%E9%83%B7%E7%94%BA
居宅介護支援センター　マックスとよさと,ケアマネジャー・居宅介護支援,滋賀県,豊郷町,"介護,ケアマネジャー・居宅介護支援,相談",介護サービスの計画作成や事業所調整を行う相談先です。退院後の生活準備で重要です。,http://www.toyosato.or.jp/,滋賀県犬上郡豊郷町石畑２１２,0749-35-0151,厚生労働省オープンデータ,https://www.mhlw.go.jp/content/12300000/jigyosho_430.csv,2025-12末,https://www.google.com/search?q=%E5%B1%85%E5%AE%85%E4%BB%8B%E8%AD%B7%E6%94%AF%E6%8F%B4%E3%82%BB%E3%83%B3%E3%82%BF%E3%83%BC%E3%80%80%E3%83%9E%E3%83%83%E3%82%AF%E3%82%B9%E3%81%A8%E3%82%88%E3%81%95%E3%81%A8%20%E8%B1%8A%E9%83%B7%E7%94%BA
居宅介護支援センター　元気村,ケアマネジャー・居宅介護支援,滋賀県,豊郷町,"介護,ケアマネジャー・居宅介護支援,相談",介護サービスの計画作成や事業所調整を行う相談先です。退院後の生活準備で重要です。,www.eonet.ne.jp/~genkimura/,滋賀県犬上郡豊郷町石畑374-1,0749-35-2990,厚生労働省オープンデータ,https://www.mhlw.go.jp/content/12300000/jigyosho_430.csv,2025-12末,https://www.google.com/search?q=%E5%B1%85%E5%AE%85%E4%BB%8B%E8%AD%B7%E6%94%AF%E6%8F%B4%E3%82%BB%E3%83%B3%E3%82%BF%E3%83%BC%E3%80%80%E5%85%83%E6%B0%97%E6%9D%91%20%E8%B1%8A%E9%83%B7%E7%94%BA
せせらぎ居宅介護支援事業所,ケアマネジャー・居宅介護支援,滋賀県,甲良町,"介護,ケアマネジャー・居宅介護支援,相談",介護サービスの計画作成や事業所調整を行う相談先です。退院後の生活準備で重要です。,https://www.google.com/search?q=%E3%81%9B%E3%81%9B%E3%82%89%E3%81%8E%E5%B1%85%E5%AE%85%E4%BB%8B%E8%AD%B7%E6%94%AF%E6%8F%B4%E4%BA%8B%E6%A5%AD%E6%89%80%20%E7%94%B2%E8%89%AF%E7%94%BA,滋賀県犬上郡甲良町在士３５７－１甲良町保健福祉センター２F,0749-38-4667,厚生労働省オープンデータ,https://www.mhlw.go.jp/content/12300000/jigyosho_430.csv,2025-12末,https://www.google.com/search?q=%E3%81%9B%E3%81%9B%E3%82%89%E3%81%8E%E5%B1%85%E5%AE%85%E4%BB%8B%E8%AD%B7%E6%94%AF%E6%8F%B4%E4%BA%8B%E6%A5%AD%E6%89%80%20%E7%94%B2%E8%89%AF%E7%94%BA
ケアプランセンターあかり,ケアマネジャー・居宅介護支援,滋賀県,甲良町,"介護,ケアマネジャー・居宅介護支援,相談",介護サービスの計画作成や事業所調整を行う相談先です。退院後の生活準備で重要です。,http://hp.kaipoke.biz/au6/58943/index_0001.html,滋賀県犬上郡甲良町大字在士702番地1,0749-38-8023,厚生労働省オープンデータ,https://www.mhlw.go.jp/content/12300000/jigyosho_430.csv,2025-12末,https://www.google.com/search?q=%E3%82%B1%E3%82%A2%E3%83%97%E3%83%A9%E3%83%B3%E3%82%BB%E3%83%B3%E3%82%BF%E3%83%BC%E3%81%82%E3%81%8B%E3%82%8A%20%E7%94%B2%E8%89%AF%E7%94%BA
居宅介護支援事業所　多賀清流の里,ケアマネジャー・居宅介護支援,滋賀県,多賀町,"介護,ケアマネジャー・居宅介護支援,相談",介護サービスの計画作成や事業所調整を行う相談先です。退院後の生活準備で重要です。,http://tashinkai.jp/,滋賀県犬上郡多賀町大字佐目６７５番地,0749-49-8030,厚生労働省オープンデータ,https://www.mhlw.go.jp/content/12300000/jigyosho_430.csv,2025-12末,https://www.google.com/search?q=%E5%B1%85%E5%AE%85%E4%BB%8B%E8%AD%B7%E6%94%AF%E6%8F%B4%E4%BA%8B%E6%A5%AD%E6%89%80%E3%80%80%E5%A4%9A%E8%B3%80%E6%B8%85%E6%B5%81%E3%81%AE%E9%87%8C%20%E5%A4%9A%E8%B3%80%E7%94%BA
社会福祉法人多賀町社会福祉協議会居宅介護支援事業所,ケアマネジャー・居宅介護支援,滋賀県,多賀町,"介護,ケアマネジャー・居宅介護支援,相談",介護サービスの計画作成や事業所調整を行う相談先です。退院後の生活準備で重要です。,https://www.taga-shakyo.or.jp/,滋賀県犬上郡多賀町多賀221番地１多賀町総合福祉保健センターふれあいの郷,0749-48-8127,厚生労働省オープンデータ,https://www.mhlw.go.jp/content/12300000/jigyosho_430.csv,2025-12末,https://www.google.com/search?q=%E7%A4%BE%E4%BC%9A%E7%A6%8F%E7%A5%89%E6%B3%95%E4%BA%BA%E5%A4%9A%E8%B3%80%E7%94%BA%E7%A4%BE%E4%BC%9A%E7%A6%8F%E7%A5%89%E5%8D%94%E8%AD%B0%E4%BC%9A%E5%B1%85%E5%AE%85%E4%BB%8B%E8%AD%B7%E6%94%AF%E6%8F%B4%E4%BA%8B%E6%A5%AD%E6%89%80%20%E5%A4%9A%E8%B3%80%E7%94%BA
社会福祉法人　湖東会　ハートフルケアプランセンター,ケアマネジャー・居宅介護支援,滋賀県,多賀町,"介護,ケアマネジャー・居宅介護支援,相談",介護サービスの計画作成や事業所調整を行う相談先です。退院後の生活準備で重要です。,http://kotoukai.or.jp/,滋賀県犬上郡多賀町中川原605－2,0749-48-2601,厚生労働省オープンデータ,https://www.mhlw.go.jp/content/12300000/jigyosho_430.csv,2025-12末,https://www.google.com/search?q=%E7%A4%BE%E4%BC%9A%E7%A6%8F%E7%A5%89%E6%B3%95%E4%BA%BA%E3%80%80%E6%B9%96%E6%9D%B1%E4%BC%9A%E3%80%80%E3%83%8F%E3%83%BC%E3%83%88%E3%83%95%E3%83%AB%E3%82%B1%E3%82%A2%E3%83%97%E3%83%A9%E3%83%B3%E3%82%BB%E3%83%B3%E3%82%BF%E3%83%BC%20%E5%A4%9A%E8%B3%80%E7%94%BA
特別養護老人ホーム　千寿の郷,特別養護老人ホーム,滋賀県,大津市,"介護,特別養護老人ホーム,入所",常時介護が必要で在宅生活が難しい方の生活の場となる施設です。入所条件や待機状況を確認します。,http://senjyunosato.or.jp/,滋賀県大津市石山千町276-1,077-531-1105,厚生労働省オープンデータ,https://www.mhlw.go.jp/content/12300000/jigyosho_510.csv,2025-12末,https://www.google.com/search?q=%E7%89%B9%E5%88%A5%E9%A4%8A%E8%AD%B7%E8%80%81%E4%BA%BA%E3%83%9B%E3%83%BC%E3%83%A0%E3%80%80%E5%8D%83%E5%AF%BF%E3%81%AE%E9%83%B7%20%E5%A4%A7%E6%B4%A5%E5%B8%82
特別養護老人ホーム福寿荘,特別養護老人ホーム,滋賀県,大津市,"介護,特別養護老人ホーム,入所",常時介護が必要で在宅生活が難しい方の生活の場となる施設です。入所条件や待機状況を確認します。,https://fukuju-sou.com/fukuju/,大津市大萱七丁目7番1号特別養護老人ホーム,077-545-2160,厚生労働省オープンデータ,https://www.mhlw.go.jp/content/12300000/jigyosho_510.csv,2025-12末,https://www.google.com/search?q=%E7%89%B9%E5%88%A5%E9%A4%8A%E8%AD%B7%E8%80%81%E4%BA%BA%E3%83%9B%E3%83%BC%E3%83%A0%E7%A6%8F%E5%AF%BF%E8%8D%98%20%E5%A4%A7%E6%B4%A5%E5%B8%82
特別養護老人ホーム真盛園,特別養護老人ホーム,滋賀県,大津市,"介護,特別養護老人ホーム,入所",常時介護が必要で在宅生活が難しい方の生活の場となる施設です。入所条件や待機状況を確認します。,https://www.sinseien.jp/,滋賀県大津市坂本５丁目１３番１号,077-578-0044,厚生労働省オープンデータ,https://www.mhlw.go.jp/content/12300000/jigyosho_510.csv,2025-12末,https://www.google.com/search?q=%E7%89%B9%E5%88%A5%E9%A4%8A%E8%AD%B7%E8%80%81%E4%BA%BA%E3%83%9B%E3%83%BC%E3%83%A0%E7%9C%9F%E7%9B%9B%E5%9C%92%20%E5%A4%A7%E6%B4%A5%E5%B8%82
特別養護老人ホーム松の浦湯治の郷,特別養護老人ホーム,滋賀県,大津市,"介護,特別養護老人ホーム,入所",常時介護が必要で在宅生活が難しい方の生活の場となる施設です。入所条件や待機状況を確認します。,https://biwakoaiwakai.com,滋賀県大津市大物668番地,077-592-2641,厚生労働省オープンデータ,https://www.mhlw.go.jp/content/12300000/jigyosho_510.csv,2025-12末,https://www.google.com/search?q=%E7%89%B9%E5%88%A5%E9%A4%8A%E8%AD%B7%E8%80%81%E4%BA%BA%E3%83%9B%E3%83%BC%E3%83%A0%E6%9D%BE%E3%81%AE%E6%B5%A6%E6%B9%AF%E6%B2%BB%E3%81%AE%E9%83%B7%20%E5%A4%A7%E6%B4%A5%E5%B8%82
特別養護老人ホーム　真野しょうぶ苑,特別養護老人ホーム,滋賀県,大津市,"介護,特別養護老人ホーム,入所",常時介護が必要で在宅生活が難しい方の生活の場となる施設です。入所条件や待機状況を確認します。,shiga-f.com,滋賀県大津市真野4-2-1,077-573-1155,厚生労働省オープンデータ,https://www.mhlw.go.jp/content/12300000/jigyosho_510.csv,2025-12末,https://www.google.com/search?q=%E7%89%B9%E5%88%A5%E9%A4%8A%E8%AD%B7%E8%80%81%E4%BA%BA%E3%83%9B%E3%83%BC%E3%83%A0%E3%80%80%E7%9C%9F%E9%87%8E%E3%81%97%E3%82%87%E3%81%86%E3%81%B6%E8%8B%91%20%E5%A4%A7%E6%B4%A5%E5%B8%82
特別養護老人ホームリバプール,特別養護老人ホーム,滋賀県,大津市,"介護,特別養護老人ホーム,入所",常時介護が必要で在宅生活が難しい方の生活の場となる施設です。入所条件や待機状況を確認します。,http://www.liverpool.or.jp,大津市大石中1丁目5番14号,077-536-3111,厚生労働省オープンデータ,https://www.mhlw.go.jp/content/12300000/jigyosho_510.csv,2025-12末,https://www.google.com/search?q=%E7%89%B9%E5%88%A5%E9%A4%8A%E8%AD%B7%E8%80%81%E4%BA%BA%E3%83%9B%E3%83%BC%E3%83%A0%E3%83%AA%E3%83%90%E3%83%97%E3%83%BC%E3%83%AB%20%E5%A4%A7%E6%B4%A5%E5%B8%82
近江舞子しょうぶ苑,特別養護老人ホーム,滋賀県,大津市,"介護,特別養護老人ホーム,入所",常時介護が必要で在宅生活が難しい方の生活の場となる施設です。入所条件や待機状況を確認します。,shiga-f.com,滋賀県大津市南小松90番地,077-596-2233,厚生労働省オープンデータ,https://www.mhlw.go.jp/content/12300000/jigyosho_510.csv,2025-12末,https://www.google.com/search?q=%E8%BF%91%E6%B1%9F%E8%88%9E%E5%AD%90%E3%81%97%E3%82%87%E3%81%86%E3%81%B6%E8%8B%91%20%E5%A4%A7%E6%B4%A5%E5%B8%82
特別養護老人ホーム　近江舞子しょうぶ苑（ユニット型）,特別養護老人ホーム,滋賀県,大津市,"介護,特別養護老人ホーム,入所",常時介護が必要で在宅生活が難しい方の生活の場となる施設です。入所条件や待機状況を確認します。,shiga-f.com,滋賀県大津市南小松90番地,077-596-2233,厚生労働省オープンデータ,https://www.mhlw.go.jp/content/12300000/jigyosho_510.csv,2025-12末,https://www.google.com/search?q=%E7%89%B9%E5%88%A5%E9%A4%8A%E8%AD%B7%E8%80%81%E4%BA%BA%E3%83%9B%E3%83%BC%E3%83%A0%E3%80%80%E8%BF%91%E6%B1%9F%E8%88%9E%E5%AD%90%E3%81%97%E3%82%87%E3%81%86%E3%81%B6%E8%8B%91%EF%BC%88%E3%83%A6%E3%83%8B%E3%83%83%E3%83%88%E5%9E%8B%EF%BC%89%20%E5%A4%A7%E6%B4%A5%E5%B8%82
特別養護老人ホーム夕照たまのうら,特別養護老人ホーム,滋賀県,大津市,"介護,特別養護老人ホーム,入所",常時介護が必要で在宅生活が難しい方の生活の場となる施設です。入所条件や待機状況を確認します。,https://www.kiryukai.net/,滋賀県大津市玉野浦15-1,077-548-1022,厚生労働省オープンデータ,https://www.mhlw.go.jp/content/12300000/jigyosho_510.csv,2025-12末,https://www.google.com/search?q=%E7%89%B9%E5%88%A5%E9%A4%8A%E8%AD%B7%E8%80%81%E4%BA%BA%E3%83%9B%E3%83%BC%E3%83%A0%E5%A4%95%E7%85%A7%E3%81%9F%E3%81%BE%E3%81%AE%E3%81%86%E3%82%89%20%E5%A4%A7%E6%B4%A5%E5%B8%82
特別養護老人ホームあすは,特別養護老人ホーム,滋賀県,大津市,"介護,特別養護老人ホーム,入所",常時介護が必要で在宅生活が難しい方の生活の場となる施設です。入所条件や待機状況を確認します。,https://428kai.or.jp/,滋賀県大津市瀬田5丁目1-55,077-548-7651,厚生労働省オープンデータ,https://www.mhlw.go.jp/content/12300000/jigyosho_510.csv,2025-12末,https://www.google.com/search?q=%E7%89%B9%E5%88%A5%E9%A4%8A%E8%AD%B7%E8%80%81%E4%BA%BA%E3%83%9B%E3%83%BC%E3%83%A0%E3%81%82%E3%81%99%E3%81%AF%20%E5%A4%A7%E6%B4%A5%E5%B8%82
特別養護老人ホーム　長等の里,特別養護老人ホーム,滋賀県,大津市,"介護,特別養護老人ホーム,入所",常時介護が必要で在宅生活が難しい方の生活の場となる施設です。入所条件や待機状況を確認します。,http://koujyukai-otsu.com,大津市神出開町字徴妙寺２６０番９号,077-510-0017,厚生労働省オープンデータ,https://www.mhlw.go.jp/content/12300000/jigyosho_510.csv,2025-12末,https://www.google.com/search?q=%E7%89%B9%E5%88%A5%E9%A4%8A%E8%AD%B7%E8%80%81%E4%BA%BA%E3%83%9B%E3%83%BC%E3%83%A0%E3%80%80%E9%95%B7%E7%AD%89%E3%81%AE%E9%87%8C%20%E5%A4%A7%E6%B4%A5%E5%B8%82
ケアタウンからさき　介護老人福祉施設,特別養護老人ホーム,滋賀県,大津市,"介護,特別養護老人ホーム,入所",常時介護が必要で在宅生活が難しい方の生活の場となる施設です。入所条件や待機状況を確認します。,http://www.kosei-f.jp/,滋賀県大津市見世一丁目17番1号,077-511-6222,厚生労働省オープンデータ,https://www.mhlw.go.jp/content/12300000/jigyosho_510.csv,2025-12末,https://www.google.com/search?q=%E3%82%B1%E3%82%A2%E3%82%BF%E3%82%A6%E3%83%B3%E3%81%8B%E3%82%89%E3%81%95%E3%81%8D%E3%80%80%E4%BB%8B%E8%AD%B7%E8%80%81%E4%BA%BA%E7%A6%8F%E7%A5%89%E6%96%BD%E8%A8%AD%20%E5%A4%A7%E6%B4%A5%E5%B8%82
特別養護老人ホーム風流里,特別養護老人ホーム,滋賀県,大津市,"介護,特別養護老人ホーム,入所",常時介護が必要で在宅生活が難しい方の生活の場となる施設です。入所条件や待機状況を確認します。,https://428kai.or.jp/,滋賀県大津市相模町10番1号,077-510-7320,厚生労働省オープンデータ,https://www.mhlw.go.jp/content/12300000/jigyosho_510.csv,2025-12末,https://www.google.com/search?q=%E7%89%B9%E5%88%A5%E9%A4%8A%E8%AD%B7%E8%80%81%E4%BA%BA%E3%83%9B%E3%83%BC%E3%83%A0%E9%A2%A8%E6%B5%81%E9%87%8C%20%E5%A4%A7%E6%B4%A5%E5%B8%82
特別養護老人ホーム榛原の里,特別養護老人ホーム,滋賀県,大津市,"介護,特別養護老人ホーム,入所",常時介護が必要で在宅生活が難しい方の生活の場となる施設です。入所条件や待機状況を確認します。,http://www.fukusi-otsu.or.jp/,滋賀県大津市真野普門三丁目1120番地,077-573-9901,厚生労働省オープンデータ,https://www.mhlw.go.jp/content/12300000/jigyosho_510.csv,2025-12末,https://www.google.com/search?q=%E7%89%B9%E5%88%A5%E9%A4%8A%E8%AD%B7%E8%80%81%E4%BA%BA%E3%83%9B%E3%83%BC%E3%83%A0%E6%A6%9B%E5%8E%9F%E3%81%AE%E9%87%8C%20%E5%A4%A7%E6%B4%A5%E5%B8%82
特別養護老人ホーム　湖の花,特別養護老人ホーム,滋賀県,大津市,"介護,特別養護老人ホーム,入所",常時介護が必要で在宅生活が難しい方の生活の場となる施設です。入所条件や待機状況を確認します。,http://rakujyu-konohana.com,滋賀県大津市衣川二丁目２７番１号,077-572-3006,厚生労働省オープンデータ,https://www.mhlw.go.jp/content/12300000/jigyosho_510.csv,2025-12末,https://www.google.com/search?q=%E7%89%B9%E5%88%A5%E9%A4%8A%E8%AD%B7%E8%80%81%E4%BA%BA%E3%83%9B%E3%83%BC%E3%83%A0%E3%80%80%E6%B9%96%E3%81%AE%E8%8A%B1%20%E5%A4%A7%E6%B4%A5%E5%B8%82
特別養護老人ホーム　ひかりの里,特別養護老人ホーム,滋賀県,大津市,"介護,特別養護老人ホーム,入所",常時介護が必要で在宅生活が難しい方の生活の場となる施設です。入所条件や待機状況を確認します。,https://hikarinosato.org/,滋賀県大津市錦織3丁目10番27号,077－525－1115,厚生労働省オープンデータ,https://www.mhlw.go.jp/content/12300000/jigyosho_510.csv,2025-12末,https://www.google.com/search?q=%E7%89%B9%E5%88%A5%E9%A4%8A%E8%AD%B7%E8%80%81%E4%BA%BA%E3%83%9B%E3%83%BC%E3%83%A0%E3%80%80%E3%81%B2%E3%81%8B%E3%82%8A%E3%81%AE%E9%87%8C%20%E5%A4%A7%E6%B4%A5%E5%B8%82
特別養護老人ホーム　桐生園,特別養護老人ホーム,滋賀県,大津市,"介護,特別養護老人ホーム,入所",常時介護が必要で在宅生活が難しい方の生活の場となる施設です。入所条件や待機状況を確認します。,http://www.kiryuen.jp/,大津市桐生一丁目26番7号,077-549-1129,厚生労働省オープンデータ,https://www.mhlw.go.jp/content/12300000/jigyosho_510.csv,2025-12末,https://www.google.com/search?q=%E7%89%B9%E5%88%A5%E9%A4%8A%E8%AD%B7%E8%80%81%E4%BA%BA%E3%83%9B%E3%83%BC%E3%83%A0%E3%80%80%E6%A1%90%E7%94%9F%E5%9C%92%20%E5%A4%A7%E6%B4%A5%E5%B8%82
特別養護老人ホーム　カーサ月の輪,特別養護老人ホーム,滋賀県,大津市,"介護,特別養護老人ホーム,入所",常時介護が必要で在宅生活が難しい方の生活の場となる施設です。入所条件や待機状況を確認します。,http://koujyukai-otsu.com/casa/,滋賀県大津市月輪１丁目１２番８号,077-547-0950,厚生労働省オープンデータ,https://www.mhlw.go.jp/content/12300000/jigyosho_510.csv,2025-12末,https://www.google.com/search?q=%E7%89%B9%E5%88%A5%E9%A4%8A%E8%AD%B7%E8%80%81%E4%BA%BA%E3%83%9B%E3%83%BC%E3%83%A0%E3%80%80%E3%82%AB%E3%83%BC%E3%82%B5%E6%9C%88%E3%81%AE%E8%BC%AA%20%E5%A4%A7%E6%B4%A5%E5%B8%82
介護老人福祉施設桐生園,特別養護老人ホーム,滋賀県,大津市,"介護,特別養護老人ホーム,入所",常時介護が必要で在宅生活が難しい方の生活の場となる施設です。入所条件や待機状況を確認します。,http://www.kiryuen.jp/,滋賀県大津市桐生一丁目２６番７号,077-549-1129,厚生労働省オープンデータ,https://www.mhlw.go.jp/content/12300000/jigyosho_510.csv,2025-12末,https://www.google.com/search?q=%E4%BB%8B%E8%AD%B7%E8%80%81%E4%BA%BA%E7%A6%8F%E7%A5%89%E6%96%BD%E8%A8%AD%E6%A1%90%E7%94%9F%E5%9C%92%20%E5%A4%A7%E6%B4%A5%E5%B8%82
特別養護老人ホーム　千松の郷,特別養護老人ホーム,滋賀県,彦根市,"介護,特別養護老人ホーム,入所",常時介護が必要で在宅生活が難しい方の生活の場となる施設です。入所条件や待機状況を確認します。,http:/www.homare.or.jp,滋賀県彦根市松原町520-1,0749-22-2255,厚生労働省オープンデータ,https://www.mhlw.go.jp/content/12300000/jigyosho_510.csv,2025-12末,https://www.google.com/search?q=%E7%89%B9%E5%88%A5%E9%A4%8A%E8%AD%B7%E8%80%81%E4%BA%BA%E3%83%9B%E3%83%BC%E3%83%A0%E3%80%80%E5%8D%83%E6%9D%BE%E3%81%AE%E9%83%B7%20%E5%BD%A6%E6%A0%B9%E5%B8%82
特別養護老人ホーム　近江第二ふるさと園,特別養護老人ホーム,滋賀県,彦根市,"介護,特別養護老人ホーム,入所",常時介護が必要で在宅生活が難しい方の生活の場となる施設です。入所条件や待機状況を確認します。,http://www.omi-furusato.jp,開出今町1343-3,0749-22-4321,厚生労働省オープンデータ,https://www.mhlw.go.jp/content/12300000/jigyosho_510.csv,2025-12末,https://www.google.com/search?q=%E7%89%B9%E5%88%A5%E9%A4%8A%E8%AD%B7%E8%80%81%E4%BA%BA%E3%83%9B%E3%83%BC%E3%83%A0%E3%80%80%E8%BF%91%E6%B1%9F%E7%AC%AC%E4%BA%8C%E3%81%B5%E3%82%8B%E3%81%95%E3%81%A8%E5%9C%92%20%E5%BD%A6%E6%A0%B9%E5%B8%82
特別養護老人ホームサニープレイス彦根,特別養護老人ホーム,滋賀県,彦根市,"介護,特別養護老人ホーム,入所",常時介護が必要で在宅生活が難しい方の生活の場となる施設です。入所条件や待機状況を確認します。,https://sunnyplace.or.jp/,滋賀県彦根市三津町４４６番地１特別養護老人ホームサニープレイス彦根,0749-47-3577,厚生労働省オープンデータ,https://www.mhlw.go.jp/content/12300000/jigyosho_510.csv,2025-12末,https://www.google.com/search?q=%E7%89%B9%E5%88%A5%E9%A4%8A%E8%AD%B7%E8%80%81%E4%BA%BA%E3%83%9B%E3%83%BC%E3%83%A0%E3%82%B5%E3%83%8B%E3%83%BC%E3%83%97%E3%83%AC%E3%82%A4%E3%82%B9%E5%BD%A6%E6%A0%B9%20%E5%BD%A6%E6%A0%B9%E5%B8%82
特別養護老人ホーム近江ふるさと園,特別養護老人ホーム,滋賀県,彦根市,"介護,特別養護老人ホーム,入所",常時介護が必要で在宅生活が難しい方の生活の場となる施設です。入所条件や待機状況を確認します。,http://www.omi-furusato.jp,滋賀県彦根市石寺町713番地,0749-43-5800,厚生労働省オープンデータ,https://www.mhlw.go.jp/content/12300000/jigyosho_510.csv,2025-12末,https://www.google.com/search?q=%E7%89%B9%E5%88%A5%E9%A4%8A%E8%AD%B7%E8%80%81%E4%BA%BA%E3%83%9B%E3%83%BC%E3%83%A0%E8%BF%91%E6%B1%9F%E3%81%B5%E3%82%8B%E3%81%95%E3%81%A8%E5%9C%92%20%E5%BD%A6%E6%A0%B9%E5%B8%82
特別養護老人ホーム　さざなみ苑,特別養護老人ホーム,滋賀県,彦根市,"介護,特別養護老人ホーム,入所",常時介護が必要で在宅生活が難しい方の生活の場となる施設です。入所条件や待機状況を確認します。,https://sazanamikai1411.com,滋賀県彦根市城町２丁目１３番３号,0749-27-1411,厚生労働省オープンデータ,https://www.mhlw.go.jp/content/12300000/jigyosho_510.csv,2025-12末,https://www.google.com/search?q=%E7%89%B9%E5%88%A5%E9%A4%8A%E8%AD%B7%E8%80%81%E4%BA%BA%E3%83%9B%E3%83%BC%E3%83%A0%E3%80%80%E3%81%95%E3%81%96%E3%81%AA%E3%81%BF%E8%8B%91%20%E5%BD%A6%E6%A0%B9%E5%B8%82
特別養護老人ホーム近江ふるさと園,特別養護老人ホーム,滋賀県,彦根市,"介護,特別養護老人ホーム,入所",常時介護が必要で在宅生活が難しい方の生活の場となる施設です。入所条件や待機状況を確認します。,http://www.omi-furusato.jp,滋賀県彦根市石寺町713番地,0749-43-5800,厚生労働省オープンデータ,https://www.mhlw.go.jp/content/12300000/jigyosho_510.csv,2025-12末,https://www.google.com/search?q=%E7%89%B9%E5%88%A5%E9%A4%8A%E8%AD%B7%E8%80%81%E4%BA%BA%E3%83%9B%E3%83%BC%E3%83%A0%E8%BF%91%E6%B1%9F%E3%81%B5%E3%82%8B%E3%81%95%E3%81%A8%E5%9C%92%20%E5%BD%A6%E6%A0%B9%E5%B8%82
特別養護老人ホームさざなみ苑,特別養護老人ホーム,滋賀県,彦根市,"介護,特別養護老人ホーム,入所",常時介護が必要で在宅生活が難しい方の生活の場となる施設です。入所条件や待機状況を確認します。,http://www.sazanamien.com,滋賀県彦根市城町２丁目13番3号,0749-27-1411,厚生労働省オープンデータ,https://www.mhlw.go.jp/content/12300000/jigyosho_510.csv,2025-12末,https://www.google.com/search?q=%E7%89%B9%E5%88%A5%E9%A4%8A%E8%AD%B7%E8%80%81%E4%BA%BA%E3%83%9B%E3%83%BC%E3%83%A0%E3%81%95%E3%81%96%E3%81%AA%E3%81%BF%E8%8B%91%20%E5%BD%A6%E6%A0%B9%E5%B8%82
滋賀県立特別養護老人ホーム福良荘,特別養護老人ホーム,滋賀県,長浜市,"介護,特別養護老人ホーム,入所",常時介護が必要で在宅生活が難しい方の生活の場となる施設です。入所条件や待機状況を確認します。,https://www.google.com/search?q=%E6%BB%8B%E8%B3%80%E7%9C%8C%E7%AB%8B%E7%89%B9%E5%88%A5%E9%A4%8A%E8%AD%B7%E8%80%81%E4%BA%BA%E3%83%9B%E3%83%BC%E3%83%A0%E7%A6%8F%E8%89%AF%E8%8D%98%20%E9%95%B7%E6%B5%9C%E5%B8%82,長浜市内保町４８０番地,0749-74-0044,厚生労働省オープンデータ,https://www.mhlw.go.jp/content/12300000/jigyosho_510.csv,2025-12末,https://www.google.com/search?q=%E6%BB%8B%E8%B3%80%E7%9C%8C%E7%AB%8B%E7%89%B9%E5%88%A5%E9%A4%8A%E8%AD%B7%E8%80%81%E4%BA%BA%E3%83%9B%E3%83%BC%E3%83%A0%E7%A6%8F%E8%89%AF%E8%8D%98%20%E9%95%B7%E6%B5%9C%E5%B8%82
とくべつようごろうじんほーむ　こほくあさひのさと,特別養護老人ホーム,滋賀県,長浜市,"介護,特別養護老人ホーム,入所",常時介護が必要で在宅生活が難しい方の生活の場となる施設です。入所条件や待機状況を確認します。,http://kohokushinkoukai.net/,滋賀県長浜市湖北町延勝寺２９７－１,0749-79-8111,厚生労働省オープンデータ,https://www.mhlw.go.jp/content/12300000/jigyosho_510.csv,2025-12末,https://www.google.com/search?q=%E3%81%A8%E3%81%8F%E3%81%B9%E3%81%A4%E3%82%88%E3%81%86%E3%81%94%E3%82%8D%E3%81%86%E3%81%98%E3%82%93%E3%81%BB%E3%83%BC%E3%82%80%E3%80%80%E3%81%93%E3%81%BB%E3%81%8F%E3%81%82%E3%81%95%E3%81%B2%E3%81%AE%E3%81%95%E3%81%A8%20%E9%95%B7%E6%B5%9C%E5%B8%82
社会福祉法人さざなみ会　特別養護老人ホーム姉川の里,特別養護老人ホーム,滋賀県,長浜市,"介護,特別養護老人ホーム,入所",常時介護が必要で在宅生活が難しい方の生活の場となる施設です。入所条件や待機状況を確認します。,http://www.sazanamien.com/,滋賀県長浜市大井町９７３－１,0749-73-8010,厚生労働省オープンデータ,https://www.mhlw.go.jp/content/12300000/jigyosho_510.csv,2025-12末,https://www.google.com/search?q=%E7%A4%BE%E4%BC%9A%E7%A6%8F%E7%A5%89%E6%B3%95%E4%BA%BA%E3%81%95%E3%81%96%E3%81%AA%E3%81%BF%E4%BC%9A%E3%80%80%E7%89%B9%E5%88%A5%E9%A4%8A%E8%AD%B7%E8%80%81%E4%BA%BA%E3%83%9B%E3%83%BC%E3%83%A0%E5%A7%89%E5%B7%9D%E3%81%AE%E9%87%8C%20%E9%95%B7%E6%B5%9C%E5%B8%82
特別養護老人ホーム　今浜の郷,特別養護老人ホーム,滋賀県,長浜市,"介護,特別養護老人ホーム,入所",常時介護が必要で在宅生活が難しい方の生活の場となる施設です。入所条件や待機状況を確認します。,http://o-kourakukai.or.jp,滋賀県長浜市下坂中町200番地1,0749-68-4024,厚生労働省オープンデータ,https://www.mhlw.go.jp/content/12300000/jigyosho_510.csv,2025-12末,https://www.google.com/search?q=%E7%89%B9%E5%88%A5%E9%A4%8A%E8%AD%B7%E8%80%81%E4%BA%BA%E3%83%9B%E3%83%BC%E3%83%A0%E3%80%80%E4%BB%8A%E6%B5%9C%E3%81%AE%E9%83%B7%20%E9%95%B7%E6%B5%9C%E5%B8%82
特別養護老人ホーム　けやきの杜,特別養護老人ホーム,滋賀県,長浜市,"介護,特別養護老人ホーム,入所",常時介護が必要で在宅生活が難しい方の生活の場となる施設です。入所条件や待機状況を確認します。,http://tashinkai.jp/,滋賀県長浜市高月町柏原1055番地,0749-85-8383,厚生労働省オープンデータ,https://www.mhlw.go.jp/content/12300000/jigyosho_510.csv,2025-12末,https://www.google.com/search?q=%E7%89%B9%E5%88%A5%E9%A4%8A%E8%AD%B7%E8%80%81%E4%BA%BA%E3%83%9B%E3%83%BC%E3%83%A0%E3%80%80%E3%81%91%E3%82%84%E3%81%8D%E3%81%AE%E6%9D%9C%20%E9%95%B7%E6%B5%9C%E5%B8%82
特別養護老人ホーム　奥びわこ,特別養護老人ホーム,滋賀県,長浜市,"介護,特別養護老人ホーム,入所",常時介護が必要で在宅生活が難しい方の生活の場となる施設です。入所条件や待機状況を確認します。,http://sontokukai.com/,滋賀県長浜市西浅井町大浦１７８８－３,0749-89-1689,厚生労働省オープンデータ,https://www.mhlw.go.jp/content/12300000/jigyosho_510.csv,2025-12末,https://www.google.com/search?q=%E7%89%B9%E5%88%A5%E9%A4%8A%E8%AD%B7%E8%80%81%E4%BA%BA%E3%83%9B%E3%83%BC%E3%83%A0%E3%80%80%E5%A5%A5%E3%81%B3%E3%82%8F%E3%81%93%20%E9%95%B7%E6%B5%9C%E5%B8%82
特別養護老人ホーム伊香の里,特別養護老人ホーム,滋賀県,長浜市,"介護,特別養護老人ホーム,入所",常時介護が必要で在宅生活が難しい方の生活の場となる施設です。入所条件や待機状況を確認します。,http://www.nagahama-shakyo.or.jp/,滋賀県長浜市木之本町黒田1221,0749-82-5611,厚生労働省オープンデータ,https://www.mhlw.go.jp/content/12300000/jigyosho_510.csv,2025-12末,https://www.google.com/search?q=%E7%89%B9%E5%88%A5%E9%A4%8A%E8%AD%B7%E8%80%81%E4%BA%BA%E3%83%9B%E3%83%BC%E3%83%A0%E4%BC%8A%E9%A6%99%E3%81%AE%E9%87%8C%20%E9%95%B7%E6%B5%9C%E5%B8%82
特別養護老人ホーム青浄苑,特別養護老人ホーム,滋賀県,長浜市,"介護,特別養護老人ホーム,入所",常時介護が必要で在宅生活が難しい方の生活の場となる施設です。入所条件や待機状況を確認します。,http://www.seishokai.jp/seijoen,滋賀県長浜市加田町２９９５,0749-63-7111,厚生労働省オープンデータ,https://www.mhlw.go.jp/content/12300000/jigyosho_510.csv,2025-12末,https://www.google.com/search?q=%E7%89%B9%E5%88%A5%E9%A4%8A%E8%AD%B7%E8%80%81%E4%BA%BA%E3%83%9B%E3%83%BC%E3%83%A0%E9%9D%92%E6%B5%84%E8%8B%91%20%E9%95%B7%E6%B5%9C%E5%B8%82
特別養護老人ホーム　アンタレス,特別養護老人ホーム,滋賀県,長浜市,"介護,特別養護老人ホーム,入所",常時介護が必要で在宅生活が難しい方の生活の場となる施設です。入所条件や待機状況を確認します。,https://www.seishokai.jp/antares,滋賀県長浜市加田町3360,0749-68-4111,厚生労働省オープンデータ,https://www.mhlw.go.jp/content/12300000/jigyosho_510.csv,2025-12末,https://www.google.com/search?q=%E7%89%B9%E5%88%A5%E9%A4%8A%E8%AD%B7%E8%80%81%E4%BA%BA%E3%83%9B%E3%83%BC%E3%83%A0%E3%80%80%E3%82%A2%E3%83%B3%E3%82%BF%E3%83%AC%E3%82%B9%20%E9%95%B7%E6%B5%9C%E5%B8%82
特別養護老人ホーム　湖北水鳥の里,特別養護老人ホーム,滋賀県,長浜市,"介護,特別養護老人ホーム,入所",常時介護が必要で在宅生活が難しい方の生活の場となる施設です。入所条件や待機状況を確認します。,http://www18.ocn.ne.jp/~mizudori/,滋賀県長浜市湖北町延勝寺1844番地,0749-79-8100,厚生労働省オープンデータ,https://www.mhlw.go.jp/content/12300000/jigyosho_510.csv,2025-12末,https://www.google.com/search?q=%E7%89%B9%E5%88%A5%E9%A4%8A%E8%AD%B7%E8%80%81%E4%BA%BA%E3%83%9B%E3%83%BC%E3%83%A0%E3%80%80%E6%B9%96%E5%8C%97%E6%B0%B4%E9%B3%A5%E3%81%AE%E9%87%8C%20%E9%95%B7%E6%B5%9C%E5%B8%82
特別養護老人ホーム青芳,特別養護老人ホーム,滋賀県,長浜市,"介護,特別養護老人ホーム,入所",常時介護が必要で在宅生活が難しい方の生活の場となる施設です。入所条件や待機状況を確認します。,http://www.seishokai.jp/seiho,滋賀県長浜市川道町2572,0749-72-8311,厚生労働省オープンデータ,https://www.mhlw.go.jp/content/12300000/jigyosho_510.csv,2025-12末,https://www.google.com/search?q=%E7%89%B9%E5%88%A5%E9%A4%8A%E8%AD%B7%E8%80%81%E4%BA%BA%E3%83%9B%E3%83%BC%E3%83%A0%E9%9D%92%E8%8A%B3%20%E9%95%B7%E6%B5%9C%E5%B8%82
特別養護老人ホームふくら,特別養護老人ホーム,滋賀県,長浜市,"介護,特別養護老人ホーム,入所",常時介護が必要で在宅生活が難しい方の生活の場となる施設です。入所条件や待機状況を確認します。,http//www.glow.or.jp/,長浜市内保町４８０,0749-74-0044,厚生労働省オープンデータ,https://www.mhlw.go.jp/content/12300000/jigyosho_510.csv,2025-12末,https://www.google.com/search?q=%E7%89%B9%E5%88%A5%E9%A4%8A%E8%AD%B7%E8%80%81%E4%BA%BA%E3%83%9B%E3%83%BC%E3%83%A0%E3%81%B5%E3%81%8F%E3%82%89%20%E9%95%B7%E6%B5%9C%E5%B8%82
特別養護老人ホーム　安土やすらぎの郷,特別養護老人ホーム,滋賀県,近江八幡市,"介護,特別養護老人ホーム,入所",常時介護が必要で在宅生活が難しい方の生活の場となる施設です。入所条件や待機状況を確認します。,https://ichizenkai.com,滋賀県近江八幡市安土町下豊浦4141,0748-57-3333,厚生労働省オープンデータ,https://www.mhlw.go.jp/content/12300000/jigyosho_510.csv,2025-12末,https://www.google.com/search?q=%E7%89%B9%E5%88%A5%E9%A4%8A%E8%AD%B7%E8%80%81%E4%BA%BA%E3%83%9B%E3%83%BC%E3%83%A0%E3%80%80%E5%AE%89%E5%9C%9F%E3%82%84%E3%81%99%E3%82%89%E3%81%8E%E3%81%AE%E9%83%B7%20%E8%BF%91%E6%B1%9F%E5%85%AB%E5%B9%A1%E5%B8%82
特別養護老人ホーム水茎の里,特別養護老人ホーム,滋賀県,近江八幡市,"介護,特別養護老人ホーム,入所",常時介護が必要で在宅生活が難しい方の生活の場となる施設です。入所条件や待機状況を確認します。,http://www.ii-kaigo.or.jp,滋賀県近江八幡市牧町１８８５,0748-33-5321,厚生労働省オープンデータ,https://www.mhlw.go.jp/content/12300000/jigyosho_510.csv,2025-12末,https://www.google.com/search?q=%E7%89%B9%E5%88%A5%E9%A4%8A%E8%AD%B7%E8%80%81%E4%BA%BA%E3%83%9B%E3%83%BC%E3%83%A0%E6%B0%B4%E8%8C%8E%E3%81%AE%E9%87%8C%20%E8%BF%91%E6%B1%9F%E5%85%AB%E5%B9%A1%E5%B8%82
特別養護老人ホーム水茎の里個室ユニット棟,特別養護老人ホーム,滋賀県,近江八幡市,"介護,特別養護老人ホーム,入所",常時介護が必要で在宅生活が難しい方の生活の場となる施設です。入所条件や待機状況を確認します。,http://www.ii-kaigo.or.jp/,滋賀県近江八幡市牧町１８８５,0748-33-5321,厚生労働省オープンデータ,https://www.mhlw.go.jp/content/12300000/jigyosho_510.csv,2025-12末,https://www.google.com/search?q=%E7%89%B9%E5%88%A5%E9%A4%8A%E8%AD%B7%E8%80%81%E4%BA%BA%E3%83%9B%E3%83%BC%E3%83%A0%E6%B0%B4%E8%8C%8E%E3%81%AE%E9%87%8C%E5%80%8B%E5%AE%A4%E3%83%A6%E3%83%8B%E3%83%83%E3%83%88%E6%A3%9F%20%E8%BF%91%E6%B1%9F%E5%85%AB%E5%B9%A1%E5%B8%82
特別養護老人ホーム　赤煉瓦の郷,特別養護老人ホーム,滋賀県,近江八幡市,"介護,特別養護老人ホーム,入所",常時介護が必要で在宅生活が難しい方の生活の場となる施設です。入所条件や待機状況を確認します。,https://ichizenkai.com,滋賀県近江八幡市船木町５９番地３,0748-34-7123,厚生労働省オープンデータ,https://www.mhlw.go.jp/content/12300000/jigyosho_510.csv,2025-12末,https://www.google.com/search?q=%E7%89%B9%E5%88%A5%E9%A4%8A%E8%AD%B7%E8%80%81%E4%BA%BA%E3%83%9B%E3%83%BC%E3%83%A0%E3%80%80%E8%B5%A4%E7%85%89%E7%93%A6%E3%81%AE%E9%83%B7%20%E8%BF%91%E6%B1%9F%E5%85%AB%E5%B9%A1%E5%B8%82
特別養護老人ホームふれあい,特別養護老人ホーム,滋賀県,近江八幡市,"介護,特別養護老人ホーム,入所",常時介護が必要で在宅生活が難しい方の生活の場となる施設です。入所条件や待機状況を確認します。,https://www.honobonokai.com,滋賀県近江八幡市上田町1315-1,0748-37-8716,厚生労働省オープンデータ,https://www.mhlw.go.jp/content/12300000/jigyosho_510.csv,2025-12末,https://www.google.com/search?q=%E7%89%B9%E5%88%A5%E9%A4%8A%E8%AD%B7%E8%80%81%E4%BA%BA%E3%83%9B%E3%83%BC%E3%83%A0%E3%81%B5%E3%82%8C%E3%81%82%E3%81%84%20%E8%BF%91%E6%B1%9F%E5%85%AB%E5%B9%A1%E5%B8%82
特別養護老人ホーム四季の郷,特別養護老人ホーム,滋賀県,近江八幡市,"介護,特別養護老人ホーム,入所",常時介護が必要で在宅生活が難しい方の生活の場となる施設です。入所条件や待機状況を確認します。,http://www.houjyu-kai.or.jp/,滋賀県近江八幡市十王町1061,0748-36-3770,厚生労働省オープンデータ,https://www.mhlw.go.jp/content/12300000/jigyosho_510.csv,2025-12末,https://www.google.com/search?q=%E7%89%B9%E5%88%A5%E9%A4%8A%E8%AD%B7%E8%80%81%E4%BA%BA%E3%83%9B%E3%83%BC%E3%83%A0%E5%9B%9B%E5%AD%A3%E3%81%AE%E9%83%B7%20%E8%BF%91%E6%B1%9F%E5%85%AB%E5%B9%A1%E5%B8%82
特別養護老人ホーム第二菖蒲の郷,特別養護老人ホーム,滋賀県,草津市,"介護,特別養護老人ホーム,入所",常時介護が必要で在宅生活が難しい方の生活の場となる施設です。入所条件や待機状況を確認します。,http://shoubunosato.jp,滋賀県草津市追分南5丁目18番8号,077-566-5366,厚生労働省オープンデータ,https://www.mhlw.go.jp/content/12300000/jigyosho_510.csv,2025-12末,https://www.google.com/search?q=%E7%89%B9%E5%88%A5%E9%A4%8A%E8%AD%B7%E8%80%81%E4%BA%BA%E3%83%9B%E3%83%BC%E3%83%A0%E7%AC%AC%E4%BA%8C%E8%8F%96%E8%92%B2%E3%81%AE%E9%83%B7%20%E8%8D%89%E6%B4%A5%E5%B8%82
社会福祉法人　よつば会　特別養護老人ホーム　風和里,特別養護老人ホーム,滋賀県,草津市,"介護,特別養護老人ホーム,入所",常時介護が必要で在宅生活が難しい方の生活の場となる施設です。入所条件や待機状況を確認します。,http://www.yotsuba-lcn.or.jp/,岡本町２１７,077-561-7500,厚生労働省オープンデータ,https://www.mhlw.go.jp/content/12300000/jigyosho_510.csv,2025-12末,https://www.google.com/search?q=%E7%A4%BE%E4%BC%9A%E7%A6%8F%E7%A5%89%E6%B3%95%E4%BA%BA%E3%80%80%E3%82%88%E3%81%A4%E3%81%B0%E4%BC%9A%E3%80%80%E7%89%B9%E5%88%A5%E9%A4%8A%E8%AD%B7%E8%80%81%E4%BA%BA%E3%83%9B%E3%83%BC%E3%83%A0%E3%80%80%E9%A2%A8%E5%92%8C%E9%87%8C%20%E8%8D%89%E6%B4%A5%E5%B8%82
特別養護老人ホーム　やわらぎ苑,特別養護老人ホーム,滋賀県,草津市,"介護,特別養護老人ホーム,入所",常時介護が必要で在宅生活が難しい方の生活の場となる施設です。入所条件や待機状況を確認します。,https://428kai.or.jp/facility/yawaragi/,滋賀県草津市南笠町891番地,077-564-6500,厚生労働省オープンデータ,https://www.mhlw.go.jp/content/12300000/jigyosho_510.csv,2025-12末,https://www.google.com/search?q=%E7%89%B9%E5%88%A5%E9%A4%8A%E8%AD%B7%E8%80%81%E4%BA%BA%E3%83%9B%E3%83%BC%E3%83%A0%E3%80%80%E3%82%84%E3%82%8F%E3%82%89%E3%81%8E%E8%8B%91%20%E8%8D%89%E6%B4%A5%E5%B8%82
特別養護老人ホーム茜の郷,特別養護老人ホーム,滋賀県,草津市,"介護,特別養護老人ホーム,入所",常時介護が必要で在宅生活が難しい方の生活の場となる施設です。入所条件や待機状況を確認します。,http://shoubunosato.jp,滋賀県草津市下笠町733-1,077-599-1977,厚生労働省オープンデータ,https://www.mhlw.go.jp/content/12300000/jigyosho_510.csv,2025-12末,https://www.google.com/search?q=%E7%89%B9%E5%88%A5%E9%A4%8A%E8%AD%B7%E8%80%81%E4%BA%BA%E3%83%9B%E3%83%BC%E3%83%A0%E8%8C%9C%E3%81%AE%E9%83%B7%20%E8%8D%89%E6%B4%A5%E5%B8%82
特別養護老人ホーム　萩の里,特別養護老人ホーム,滋賀県,草津市,"介護,特別養護老人ホーム,入所",常時介護が必要で在宅生活が難しい方の生活の場となる施設です。入所条件や待機状況を確認します。,http://yotsuba-lcn.or.jp,滋賀県草津市野路東２丁目４番１０号,077-567-8560,厚生労働省オープンデータ,https://www.mhlw.go.jp/content/12300000/jigyosho_510.csv,2025-12末,https://www.google.com/search?q=%E7%89%B9%E5%88%A5%E9%A4%8A%E8%AD%B7%E8%80%81%E4%BA%BA%E3%83%9B%E3%83%BC%E3%83%A0%E3%80%80%E8%90%A9%E3%81%AE%E9%87%8C%20%E8%8D%89%E6%B4%A5%E5%B8%82
特別養護老人ホームぽぷら,特別養護老人ホーム,滋賀県,草津市,"介護,特別養護老人ホーム,入所",常時介護が必要で在宅生活が難しい方の生活の場となる施設です。入所条件や待機状況を確認します。,http://www.popura.or.jp,滋賀県草津市上笠1丁目1-22,077-563-0030,厚生労働省オープンデータ,https://www.mhlw.go.jp/content/12300000/jigyosho_510.csv,2025-12末,https://www.google.com/search?q=%E7%89%B9%E5%88%A5%E9%A4%8A%E8%AD%B7%E8%80%81%E4%BA%BA%E3%83%9B%E3%83%BC%E3%83%A0%E3%81%BD%E3%81%B7%E3%82%89%20%E8%8D%89%E6%B4%A5%E5%B8%82
特別養護老人ホーム　えんゆうの郷,特別養護老人ホーム,滋賀県,草津市,"介護,特別養護老人ホーム,入所",常時介護が必要で在宅生活が難しい方の生活の場となる施設です。入所条件や待機状況を確認します。,http://kaigo-nagisa.com/,滋賀県草津市南山田町761,077-598-1866,厚生労働省オープンデータ,https://www.mhlw.go.jp/content/12300000/jigyosho_510.csv,2025-12末,https://www.google.com/search?q=%E7%89%B9%E5%88%A5%E9%A4%8A%E8%AD%B7%E8%80%81%E4%BA%BA%E3%83%9B%E3%83%BC%E3%83%A0%E3%80%80%E3%81%88%E3%82%93%E3%82%86%E3%81%86%E3%81%AE%E9%83%B7%20%E8%8D%89%E6%B4%A5%E5%B8%82
特別養護老人ホーム菖蒲の郷,特別養護老人ホーム,滋賀県,草津市,"介護,特別養護老人ホーム,入所",常時介護が必要で在宅生活が難しい方の生活の場となる施設です。入所条件や待機状況を確認します。,http://shoubunosato.jp,滋賀県草津市山寺町837番地,077-566-3888,厚生労働省オープンデータ,https://www.mhlw.go.jp/content/12300000/jigyosho_510.csv,2025-12末,https://www.google.com/search?q=%E7%89%B9%E5%88%A5%E9%A4%8A%E8%AD%B7%E8%80%81%E4%BA%BA%E3%83%9B%E3%83%BC%E3%83%A0%E8%8F%96%E8%92%B2%E3%81%AE%E9%83%B7%20%E8%8D%89%E6%B4%A5%E5%B8%82
特別養護老人ホーム　しがそせい苑,特別養護老人ホーム,滋賀県,守山市,"介護,特別養護老人ホーム,入所",常時介護が必要で在宅生活が難しい方の生活の場となる施設です。入所条件や待機状況を確認します。,http://www.soseien.jp/shiga/,守山市水保町２６５０－１,077-585-7878,厚生労働省オープンデータ,https://www.mhlw.go.jp/content/12300000/jigyosho_510.csv,2025-12末,https://www.google.com/search?q=%E7%89%B9%E5%88%A5%E9%A4%8A%E8%AD%B7%E8%80%81%E4%BA%BA%E3%83%9B%E3%83%BC%E3%83%A0%E3%80%80%E3%81%97%E3%81%8C%E3%81%9D%E3%81%9B%E3%81%84%E8%8B%91%20%E5%AE%88%E5%B1%B1%E5%B8%82
特別養護老人ホームゆいの里　別館,特別養護老人ホーム,滋賀県,守山市,"介護,特別養護老人ホーム,入所",常時介護が必要で在宅生活が難しい方の生活の場となる施設です。入所条件や待機状況を確認します。,http://www.yuinosato.or.jp,滋賀県守山市笠原町1313-3,077-585-4566,厚生労働省オープンデータ,https://www.mhlw.go.jp/content/12300000/jigyosho_510.csv,2025-12末,https://www.google.com/search?q=%E7%89%B9%E5%88%A5%E9%A4%8A%E8%AD%B7%E8%80%81%E4%BA%BA%E3%83%9B%E3%83%BC%E3%83%A0%E3%82%86%E3%81%84%E3%81%AE%E9%87%8C%E3%80%80%E5%88%A5%E9%A4%A8%20%E5%AE%88%E5%B1%B1%E5%B8%82
特別養護老人ホーム　ゆいの里,特別養護老人ホーム,滋賀県,守山市,"介護,特別養護老人ホーム,入所",常時介護が必要で在宅生活が難しい方の生活の場となる施設です。入所条件や待機状況を確認します。,http://www.yuinosato.or.jp/,笠原町1313-3,077-585-4566,厚生労働省オープンデータ,https://www.mhlw.go.jp/content/12300000/jigyosho_510.csv,2025-12末,https://www.google.com/search?q=%E7%89%B9%E5%88%A5%E9%A4%8A%E8%AD%B7%E8%80%81%E4%BA%BA%E3%83%9B%E3%83%BC%E3%83%A0%E3%80%80%E3%82%86%E3%81%84%E3%81%AE%E9%87%8C%20%E5%AE%88%E5%B1%B1%E5%B8%82
特別養護老人ホームサクラベル守山,特別養護老人ホーム,滋賀県,守山市,"介護,特別養護老人ホーム,入所",常時介護が必要で在宅生活が難しい方の生活の場となる施設です。入所条件や待機状況を確認します。,http://www.edeitutiyama.net,滋賀県守山市石田町424-1,077-585-8200,厚生労働省オープンデータ,https://www.mhlw.go.jp/content/12300000/jigyosho_510.csv,2025-12末,https://www.google.com/search?q=%E7%89%B9%E5%88%A5%E9%A4%8A%E8%AD%B7%E8%80%81%E4%BA%BA%E3%83%9B%E3%83%BC%E3%83%A0%E3%82%B5%E3%82%AF%E3%83%A9%E3%83%99%E3%83%AB%E5%AE%88%E5%B1%B1%20%E5%AE%88%E5%B1%B1%E5%B8%82
特別養護老人ホーム　栗東すみれ園,特別養護老人ホーム,滋賀県,栗東市,"介護,特別養護老人ホーム,入所",常時介護が必要で在宅生活が難しい方の生活の場となる施設です。入所条件や待機状況を確認します。,http://www.ritto-sumire-en.jp/,滋賀県栗東市小野３６３番地,077-551-5525,厚生労働省オープンデータ,https://www.mhlw.go.jp/content/12300000/jigyosho_510.csv,2025-12末,https://www.google.com/search?q=%E7%89%B9%E5%88%A5%E9%A4%8A%E8%AD%B7%E8%80%81%E4%BA%BA%E3%83%9B%E3%83%BC%E3%83%A0%E3%80%80%E6%A0%97%E6%9D%B1%E3%81%99%E3%81%BF%E3%82%8C%E5%9C%92%20%E6%A0%97%E6%9D%B1%E5%B8%82
特別養護老人ホームはなえみ,特別養護老人ホーム,滋賀県,栗東市,"介護,特別養護老人ホーム,入所",常時介護が必要で在宅生活が難しい方の生活の場となる施設です。入所条件や待機状況を確認します。,https://428kai.or.jp/,滋賀県栗東市上鈎265-1,077-596-5282,厚生労働省オープンデータ,https://www.mhlw.go.jp/content/12300000/jigyosho_510.csv,2025-12末,https://www.google.com/search?q=%E7%89%B9%E5%88%A5%E9%A4%8A%E8%AD%B7%E8%80%81%E4%BA%BA%E3%83%9B%E3%83%BC%E3%83%A0%E3%81%AF%E3%81%AA%E3%81%88%E3%81%BF%20%E6%A0%97%E6%9D%B1%E5%B8%82
特別養護老人ホーム淡海荘,特別養護老人ホーム,滋賀県,栗東市,"介護,特別養護老人ホーム,入所",常時介護が必要で在宅生活が難しい方の生活の場となる施設です。入所条件や待機状況を確認します。,https://tankaisou.jp/,滋賀県栗東市出庭697-1,077-552-1224,厚生労働省オープンデータ,https://www.mhlw.go.jp/content/12300000/jigyosho_510.csv,2025-12末,https://www.google.com/search?q=%E7%89%B9%E5%88%A5%E9%A4%8A%E8%AD%B7%E8%80%81%E4%BA%BA%E3%83%9B%E3%83%BC%E3%83%A0%E6%B7%A1%E6%B5%B7%E8%8D%98%20%E6%A0%97%E6%9D%B1%E5%B8%82
特別養護老人ホーム兆生園,特別養護老人ホーム,滋賀県,甲賀市,"介護,特別養護老人ホーム,入所",常時介護が必要で在宅生活が難しい方の生活の場となる施設です。入所条件や待機状況を確認します。,https://choseien.com,滋賀県甲賀市水口町今郷1032番地の25,0748-63-1784,厚生労働省オープンデータ,https://www.mhlw.go.jp/content/12300000/jigyosho_510.csv,2025-12末,https://www.google.com/search?q=%E7%89%B9%E5%88%A5%E9%A4%8A%E8%AD%B7%E8%80%81%E4%BA%BA%E3%83%9B%E3%83%BC%E3%83%A0%E5%85%86%E7%94%9F%E5%9C%92%20%E7%94%B2%E8%B3%80%E5%B8%82
特別養護老人ホームせせらぎ苑,特別養護老人ホーム,滋賀県,甲賀市,"介護,特別養護老人ホーム,入所",常時介護が必要で在宅生活が難しい方の生活の場となる施設です。入所条件や待機状況を確認します。,http://kohnankai.jp,滋賀県甲賀市甲南町葛木855番地,0748-86-1020,厚生労働省オープンデータ,https://www.mhlw.go.jp/content/12300000/jigyosho_510.csv,2025-12末,https://www.google.com/search?q=%E7%89%B9%E5%88%A5%E9%A4%8A%E8%AD%B7%E8%80%81%E4%BA%BA%E3%83%9B%E3%83%BC%E3%83%A0%E3%81%9B%E3%81%9B%E3%82%89%E3%81%8E%E8%8B%91%20%E7%94%B2%E8%B3%80%E5%B8%82
特別養護老人ホーム　エーデル土山,特別養護老人ホーム,滋賀県,甲賀市,"介護,特別養護老人ホーム,入所",常時介護が必要で在宅生活が難しい方の生活の場となる施設です。入所条件や待機状況を確認します。,http://www.edeltutiyama.com,甲賀市土山町北土山2062,0748-66-1911,厚生労働省オープンデータ,https://www.mhlw.go.jp/content/12300000/jigyosho_510.csv,2025-12末,https://www.google.com/search?q=%E7%89%B9%E5%88%A5%E9%A4%8A%E8%AD%B7%E8%80%81%E4%BA%BA%E3%83%9B%E3%83%BC%E3%83%A0%E3%80%80%E3%82%A8%E3%83%BC%E3%83%87%E3%83%AB%E5%9C%9F%E5%B1%B1%20%E7%94%B2%E8%B3%80%E5%B8%82
特別養護老人ホーム甲賀荘,特別養護老人ホーム,滋賀県,甲賀市,"介護,特別養護老人ホーム,入所",常時介護が必要で在宅生活が難しい方の生活の場となる施設です。入所条件や待機状況を確認します。,https://kougakai.org/,滋賀県甲賀市甲賀町大原中９０４,0748-88-5723,厚生労働省オープンデータ,https://www.mhlw.go.jp/content/12300000/jigyosho_510.csv,2025-12末,https://www.google.com/search?q=%E7%89%B9%E5%88%A5%E9%A4%8A%E8%AD%B7%E8%80%81%E4%BA%BA%E3%83%9B%E3%83%BC%E3%83%A0%E7%94%B2%E8%B3%80%E8%8D%98%20%E7%94%B2%E8%B3%80%E5%B8%82
特別養護老人ホーム　ユニット型　エーデル土山,特別養護老人ホーム,滋賀県,甲賀市,"介護,特別養護老人ホーム,入所",常時介護が必要で在宅生活が難しい方の生活の場となる施設です。入所条件や待機状況を確認します。,http://www.edeltutiyama.jp/,滋賀県甲賀市土山町北土山2062,0748-66-1911,厚生労働省オープンデータ,https://www.mhlw.go.jp/content/12300000/jigyosho_510.csv,2025-12末,https://www.google.com/search?q=%E7%89%B9%E5%88%A5%E9%A4%8A%E8%AD%B7%E8%80%81%E4%BA%BA%E3%83%9B%E3%83%BC%E3%83%A0%E3%80%80%E3%83%A6%E3%83%8B%E3%83%83%E3%83%88%E5%9E%8B%E3%80%80%E3%82%A8%E3%83%BC%E3%83%87%E3%83%AB%E5%9C%9F%E5%B1%B1%20%E7%94%B2%E8%B3%80%E5%B8%82
社会福祉法人近江和順会　特別養護老人ホームレーベンはとがひら,特別養護老人ホーム,滋賀県,甲賀市,"介護,特別養護老人ホーム,入所",常時介護が必要で在宅生活が難しい方の生活の場となる施設です。入所条件や待機状況を確認します。,http://www.ohmiwajunkai.or.jp/,滋賀県甲賀市水口町水口6837-5,0748-65-0066,厚生労働省オープンデータ,https://www.mhlw.go.jp/content/12300000/jigyosho_510.csv,2025-12末,https://www.google.com/search?q=%E7%A4%BE%E4%BC%9A%E7%A6%8F%E7%A5%89%E6%B3%95%E4%BA%BA%E8%BF%91%E6%B1%9F%E5%92%8C%E9%A0%86%E4%BC%9A%E3%80%80%E7%89%B9%E5%88%A5%E9%A4%8A%E8%AD%B7%E8%80%81%E4%BA%BA%E3%83%9B%E3%83%BC%E3%83%A0%E3%83%AC%E3%83%BC%E3%83%99%E3%83%B3%E3%81%AF%E3%81%A8%E3%81%8C%E3%81%B2%E3%82%89%20%E7%94%B2%E8%B3%80%E5%B8%82
社会福祉法人近江和順会　特別養護老人ホームレーベンはとがひら（従来型）,特別養護老人ホーム,滋賀県,甲賀市,"介護,特別養護老人ホーム,入所",常時介護が必要で在宅生活が難しい方の生活の場となる施設です。入所条件や待機状況を確認します。,http://www.ohmiwajunkai.or.jp/,滋賀県甲賀市水口町水口6837-5,0748-65-0066,厚生労働省オープンデータ,https://www.mhlw.go.jp/content/12300000/jigyosho_510.csv,2025-12末,https://www.google.com/search?q=%E7%A4%BE%E4%BC%9A%E7%A6%8F%E7%A5%89%E6%B3%95%E4%BA%BA%E8%BF%91%E6%B1%9F%E5%92%8C%E9%A0%86%E4%BC%9A%E3%80%80%E7%89%B9%E5%88%A5%E9%A4%8A%E8%AD%B7%E8%80%81%E4%BA%BA%E3%83%9B%E3%83%BC%E3%83%A0%E3%83%AC%E3%83%BC%E3%83%99%E3%83%B3%E3%81%AF%E3%81%A8%E3%81%8C%E3%81%B2%E3%82%89%EF%BC%88%E5%BE%93%E6%9D%A5%E5%9E%8B%EF%BC%89%20%E7%94%B2%E8%B3%80%E5%B8%82
特別養護老人ホーム　樹の郷,特別養護老人ホーム,滋賀県,甲賀市,"介護,特別養護老人ホーム,入所",常時介護が必要で在宅生活が難しい方の生活の場となる施設です。入所条件や待機状況を確認します。,http://www.shigaraki-itsuki.com/,甲賀市水口町山3309,0748-63-2900,厚生労働省オープンデータ,https://www.mhlw.go.jp/content/12300000/jigyosho_510.csv,2025-12末,https://www.google.com/search?q=%E7%89%B9%E5%88%A5%E9%A4%8A%E8%AD%B7%E8%80%81%E4%BA%BA%E3%83%9B%E3%83%BC%E3%83%A0%E3%80%80%E6%A8%B9%E3%81%AE%E9%83%B7%20%E7%94%B2%E8%B3%80%E5%B8%82
特別養護老人ホーム甲賀シルバーケア豊壽園,特別養護老人ホーム,滋賀県,甲賀市,"介護,特別養護老人ホーム,入所",常時介護が必要で在宅生活が難しい方の生活の場となる施設です。入所条件や待機状況を確認します。,http://www.sensin.or.jp,滋賀県甲賀市土山町北土山479番地,0748-66-8065,厚生労働省オープンデータ,https://www.mhlw.go.jp/content/12300000/jigyosho_510.csv,2025-12末,https://www.google.com/search?q=%E7%89%B9%E5%88%A5%E9%A4%8A%E8%AD%B7%E8%80%81%E4%BA%BA%E3%83%9B%E3%83%BC%E3%83%A0%E7%94%B2%E8%B3%80%E3%82%B7%E3%83%AB%E3%83%90%E3%83%BC%E3%82%B1%E3%82%A2%E8%B1%8A%E5%A3%BD%E5%9C%92%20%E7%94%B2%E8%B3%80%E5%B8%82
特別養護老人ホーム　信楽荘,特別養護老人ホーム,滋賀県,甲賀市,"介護,特別養護老人ホーム,入所",常時介護が必要で在宅生活が難しい方の生活の場となる施設です。入所条件や待機状況を確認します。,http://www.shigaraki-itsuki.com,滋賀県甲賀市信楽町牧１１５９,0748-83-1313,厚生労働省オープンデータ,https://www.mhlw.go.jp/content/12300000/jigyosho_510.csv,2025-12末,https://www.google.com/search?q=%E7%89%B9%E5%88%A5%E9%A4%8A%E8%AD%B7%E8%80%81%E4%BA%BA%E3%83%9B%E3%83%BC%E3%83%A0%E3%80%80%E4%BF%A1%E6%A5%BD%E8%8D%98%20%E7%94%B2%E8%B3%80%E5%B8%82
特別養護老人ホーム信楽荘,特別養護老人ホーム,滋賀県,甲賀市,"介護,特別養護老人ホーム,入所",常時介護が必要で在宅生活が難しい方の生活の場となる施設です。入所条件や待機状況を確認します。,http://www.shigaraki-itsuki.com,滋賀県甲賀市信楽町牧１１５９番地,0748-83-1313,厚生労働省オープンデータ,https://www.mhlw.go.jp/content/12300000/jigyosho_510.csv,2025-12末,https://www.google.com/search?q=%E7%89%B9%E5%88%A5%E9%A4%8A%E8%AD%B7%E8%80%81%E4%BA%BA%E3%83%9B%E3%83%BC%E3%83%A0%E4%BF%A1%E6%A5%BD%E8%8D%98%20%E7%94%B2%E8%B3%80%E5%B8%82
特別養護老人ホームあやめの里,特別養護老人ホーム,滋賀県,野洲市,"介護,特別養護老人ホーム,入所",常時介護が必要で在宅生活が難しい方の生活の場となる施設です。入所条件や待機状況を確認します。,http://yasujikeikai/.jp/,滋賀県野洲市吉川3854番地1,077-589-8533,厚生労働省オープンデータ,https://www.mhlw.go.jp/content/12300000/jigyosho_510.csv,2025-12末,https://www.google.com/search?q=%E7%89%B9%E5%88%A5%E9%A4%8A%E8%AD%B7%E8%80%81%E4%BA%BA%E3%83%9B%E3%83%BC%E3%83%A0%E3%81%82%E3%82%84%E3%82%81%E3%81%AE%E9%87%8C%20%E9%87%8E%E6%B4%B2%E5%B8%82
特別養護老人ホーム悠紀の里,特別養護老人ホーム,滋賀県,野洲市,"介護,特別養護老人ホーム,入所",常時介護が必要で在宅生活が難しい方の生活の場となる施設です。入所条件や待機状況を確認します。,https://yasujikeikai.jp/,野洲市南桜2131番地1,077-587-4111,厚生労働省オープンデータ,https://www.mhlw.go.jp/content/12300000/jigyosho_510.csv,2025-12末,https://www.google.com/search?q=%E7%89%B9%E5%88%A5%E9%A4%8A%E8%AD%B7%E8%80%81%E4%BA%BA%E3%83%9B%E3%83%BC%E3%83%A0%E6%82%A0%E7%B4%80%E3%81%AE%E9%87%8C%20%E9%87%8E%E6%B4%B2%E5%B8%82
特別養護老人ホーム野洲篠原すみれ園,特別養護老人ホーム,滋賀県,野洲市,"介護,特別養護老人ホーム,入所",常時介護が必要で在宅生活が難しい方の生活の場となる施設です。入所条件や待機状況を確認します。,https://www.shinohara-sumire.jp/,滋賀県野洲市大篠原951番地1,077-596-5991,厚生労働省オープンデータ,https://www.mhlw.go.jp/content/12300000/jigyosho_510.csv,2025-12末,https://www.google.com/search?q=%E7%89%B9%E5%88%A5%E9%A4%8A%E8%AD%B7%E8%80%81%E4%BA%BA%E3%83%9B%E3%83%BC%E3%83%A0%E9%87%8E%E6%B4%B2%E7%AF%A0%E5%8E%9F%E3%81%99%E3%81%BF%E3%82%8C%E5%9C%92%20%E9%87%8E%E6%B4%B2%E5%B8%82
特別養護老人ホームあぼし,特別養護老人ホーム,滋賀県,湖南市,"介護,特別養護老人ホーム,入所",常時介護が必要で在宅生活が難しい方の生活の場となる施設です。入所条件や待機状況を確認します。,http://www.hachikikai.com,滋賀県湖南市丸山四丁目５番１号,0748-77-0037,厚生労働省オープンデータ,https://www.mhlw.go.jp/content/12300000/jigyosho_510.csv,2025-12末,https://www.google.com/search?q=%E7%89%B9%E5%88%A5%E9%A4%8A%E8%AD%B7%E8%80%81%E4%BA%BA%E3%83%9B%E3%83%BC%E3%83%A0%E3%81%82%E3%81%BC%E3%81%97%20%E6%B9%96%E5%8D%97%E5%B8%82
特別養護老人ホーム美松苑,特別養護老人ホーム,滋賀県,湖南市,"介護,特別養護老人ホーム,入所",常時介護が必要で在宅生活が難しい方の生活の場となる施設です。入所条件や待機状況を確認します。,http://www.ohmiwajunkai.or.jp/,滋賀県湖南市針１３２５番地,0748-72-4705,厚生労働省オープンデータ,https://www.mhlw.go.jp/content/12300000/jigyosho_510.csv,2025-12末,https://www.google.com/search?q=%E7%89%B9%E5%88%A5%E9%A4%8A%E8%AD%B7%E8%80%81%E4%BA%BA%E3%83%9B%E3%83%BC%E3%83%A0%E7%BE%8E%E6%9D%BE%E8%8B%91%20%E6%B9%96%E5%8D%97%E5%B8%82
特別養護老人ホームヴィラ十二坊,特別養護老人ホーム,滋賀県,湖南市,"介護,特別養護老人ホーム,入所",常時介護が必要で在宅生活が難しい方の生活の場となる施設です。入所条件や待機状況を確認します。,https://www.google.com/search?q=%E7%89%B9%E5%88%A5%E9%A4%8A%E8%AD%B7%E8%80%81%E4%BA%BA%E3%83%9B%E3%83%BC%E3%83%A0%E3%83%B4%E3%82%A3%E3%83%A9%E5%8D%81%E4%BA%8C%E5%9D%8A%20%E6%B9%96%E5%8D%97%E5%B8%82,湖南市岩根690-4,0748-75-8883,厚生労働省オープンデータ,https://www.mhlw.go.jp/content/12300000/jigyosho_510.csv,2025-12末,https://www.google.com/search?q=%E7%89%B9%E5%88%A5%E9%A4%8A%E8%AD%B7%E8%80%81%E4%BA%BA%E3%83%9B%E3%83%BC%E3%83%A0%E3%83%B4%E3%82%A3%E3%83%A9%E5%8D%81%E4%BA%8C%E5%9D%8A%20%E6%B9%96%E5%8D%97%E5%B8%82
朽木小規模特別養護老人ホームやまゆりの里,特別養護老人ホーム,滋賀県,高島市,"介護,特別養護老人ホーム,入所",常時介護が必要で在宅生活が難しい方の生活の場となる施設です。入所条件や待機状況を確認します。,http://hatsuho-yamayuri.com,滋賀県高島市朽木市場656,0740-38-8030,厚生労働省オープンデータ,https://www.mhlw.go.jp/content/12300000/jigyosho_510.csv,2025-12末,https://www.google.com/search?q=%E6%9C%BD%E6%9C%A8%E5%B0%8F%E8%A6%8F%E6%A8%A1%E7%89%B9%E5%88%A5%E9%A4%8A%E8%AD%B7%E8%80%81%E4%BA%BA%E3%83%9B%E3%83%BC%E3%83%A0%E3%82%84%E3%81%BE%E3%82%86%E3%82%8A%E3%81%AE%E9%87%8C%20%E9%AB%98%E5%B3%B6%E5%B8%82
社会福祉法人　ゆたか会　特別養護老人ホーム　清風荘,特別養護老人ホーム,滋賀県,高島市,"介護,特別養護老人ホーム,入所",常時介護が必要で在宅生活が難しい方の生活の場となる施設です。入所条件や待機状況を確認します。,http://yutakakai.jp/,滋賀県高島市今津町南新保87番地15,0740-22-1601,厚生労働省オープンデータ,https://www.mhlw.go.jp/content/12300000/jigyosho_510.csv,2025-12末,https://www.google.com/search?q=%E7%A4%BE%E4%BC%9A%E7%A6%8F%E7%A5%89%E6%B3%95%E4%BA%BA%E3%80%80%E3%82%86%E3%81%9F%E3%81%8B%E4%BC%9A%E3%80%80%E7%89%B9%E5%88%A5%E9%A4%8A%E8%AD%B7%E8%80%81%E4%BA%BA%E3%83%9B%E3%83%BC%E3%83%A0%E3%80%80%E6%B8%85%E9%A2%A8%E8%8D%98%20%E9%AB%98%E5%B3%B6%E5%B8%82
特別養護老人ホームふじの里なごみの家,特別養護老人ホーム,滋賀県,高島市,"介護,特別養護老人ホーム,入所",常時介護が必要で在宅生活が難しい方の生活の場となる施設です。入所条件や待機状況を確認します。,www.kouyoukai-fujinosato.jp,滋賀県高島市安曇川町下小川3220番地1,0740-32-4165,厚生労働省オープンデータ,https://www.mhlw.go.jp/content/12300000/jigyosho_510.csv,2025-12末,https://www.google.com/search?q=%E7%89%B9%E5%88%A5%E9%A4%8A%E8%AD%B7%E8%80%81%E4%BA%BA%E3%83%9B%E3%83%BC%E3%83%A0%E3%81%B5%E3%81%98%E3%81%AE%E9%87%8C%E3%81%AA%E3%81%94%E3%81%BF%E3%81%AE%E5%AE%B6%20%E9%AB%98%E5%B3%B6%E5%B8%82
特別養護老人ホームふじの里,特別養護老人ホーム,滋賀県,高島市,"介護,特別養護老人ホーム,入所",常時介護が必要で在宅生活が難しい方の生活の場となる施設です。入所条件や待機状況を確認します。,www.kouyoukai-fujinosato.jp,滋賀県高島市安曇川町下小川3220番地1,0740-32-4165,厚生労働省オープンデータ,https://www.mhlw.go.jp/content/12300000/jigyosho_510.csv,2025-12末,https://www.google.com/search?q=%E7%89%B9%E5%88%A5%E9%A4%8A%E8%AD%B7%E8%80%81%E4%BA%BA%E3%83%9B%E3%83%BC%E3%83%A0%E3%81%B5%E3%81%98%E3%81%AE%E9%87%8C%20%E9%AB%98%E5%B3%B6%E5%B8%82
特別養護老人ホームニューサンライズ,特別養護老人ホーム,滋賀県,高島市,"介護,特別養護老人ホーム,入所",常時介護が必要で在宅生活が難しい方の生活の場となる施設です。入所条件や待機状況を確認します。,http://shinasahi-minorikai.or.jp/,滋賀県高島市新旭町藁園2603番地,0740-25-8288,厚生労働省オープンデータ,https://www.mhlw.go.jp/content/12300000/jigyosho_510.csv,2025-12末,https://www.google.com/search?q=%E7%89%B9%E5%88%A5%E9%A4%8A%E8%AD%B7%E8%80%81%E4%BA%BA%E3%83%9B%E3%83%BC%E3%83%A0%E3%83%8B%E3%83%A5%E3%83%BC%E3%82%B5%E3%83%B3%E3%83%A9%E3%82%A4%E3%82%BA%20%E9%AB%98%E5%B3%B6%E5%B8%82
特別養護老人ホーム藤のれん,特別養護老人ホーム,滋賀県,高島市,"介護,特別養護老人ホーム,入所",常時介護が必要で在宅生活が難しい方の生活の場となる施設です。入所条件や待機状況を確認します。,www.kouyoukai-fujinosato.jp,滋賀県高島市安曇川町下小川127番地1,0740-32-1515,厚生労働省オープンデータ,https://www.mhlw.go.jp/content/12300000/jigyosho_510.csv,2025-12末,https://www.google.com/search?q=%E7%89%B9%E5%88%A5%E9%A4%8A%E8%AD%B7%E8%80%81%E4%BA%BA%E3%83%9B%E3%83%BC%E3%83%A0%E8%97%A4%E3%81%AE%E3%82%8C%E3%82%93%20%E9%AB%98%E5%B3%B6%E5%B8%82
特別養護老人ホームカルナハウス,特別養護老人ホーム,滋賀県,東近江市,"介護,特別養護老人ホーム,入所",常時介護が必要で在宅生活が難しい方の生活の場となる施設です。入所条件や待機状況を確認します。,htttp://www.jishoukai.or.jp,東近江市建部下野町７９７番地,0748-23-3250,厚生労働省オープンデータ,https://www.mhlw.go.jp/content/12300000/jigyosho_510.csv,2025-12末,https://www.google.com/search?q=%E7%89%B9%E5%88%A5%E9%A4%8A%E8%AD%B7%E8%80%81%E4%BA%BA%E3%83%9B%E3%83%BC%E3%83%A0%E3%82%AB%E3%83%AB%E3%83%8A%E3%83%8F%E3%82%A6%E3%82%B9%20%E6%9D%B1%E8%BF%91%E6%B1%9F%E5%B8%82
特別養護老人ホーム　清水苑,特別養護老人ホーム,滋賀県,東近江市,"介護,特別養護老人ホーム,入所",常時介護が必要で在宅生活が難しい方の生活の場となる施設です。入所条件や待機状況を確認します。,https://rokushinkai.com,滋賀県東近江市五個荘川並町268番地,0748-48-5000,厚生労働省オープンデータ,https://www.mhlw.go.jp/content/12300000/jigyosho_510.csv,2025-12末,https://www.google.com/search?q=%E7%89%B9%E5%88%A5%E9%A4%8A%E8%AD%B7%E8%80%81%E4%BA%BA%E3%83%9B%E3%83%BC%E3%83%A0%E3%80%80%E6%B8%85%E6%B0%B4%E8%8B%91%20%E6%9D%B1%E8%BF%91%E6%B1%9F%E5%B8%82
特別養護老人ホーム　玉園ハイム,特別養護老人ホーム,滋賀県,東近江市,"介護,特別養護老人ホーム,入所",常時介護が必要で在宅生活が難しい方の生活の場となる施設です。入所条件や待機状況を確認します。,http://tama-zono.com/,滋賀県東近江市尻無町字山ノ間１１７０番地の３,0748-23-6886,厚生労働省オープンデータ,https://www.mhlw.go.jp/content/12300000/jigyosho_510.csv,2025-12末,https://www.google.com/search?q=%E7%89%B9%E5%88%A5%E9%A4%8A%E8%AD%B7%E8%80%81%E4%BA%BA%E3%83%9B%E3%83%BC%E3%83%A0%E3%80%80%E7%8E%89%E5%9C%92%E3%83%8F%E3%82%A4%E3%83%A0%20%E6%9D%B1%E8%BF%91%E6%B1%9F%E5%B8%82
介護老人福祉施設　もみじ,特別養護老人ホーム,滋賀県,東近江市,"介護,特別養護老人ホーム,入所",常時介護が必要で在宅生活が難しい方の生活の場となる施設です。入所条件や待機状況を確認します。,http//www.hachikikai.com,滋賀県東近江市永源寺高野町431-2,0748-27-2031,厚生労働省オープンデータ,https://www.mhlw.go.jp/content/12300000/jigyosho_510.csv,2025-12末,https://www.google.com/search?q=%E4%BB%8B%E8%AD%B7%E8%80%81%E4%BA%BA%E7%A6%8F%E7%A5%89%E6%96%BD%E8%A8%AD%E3%80%80%E3%82%82%E3%81%BF%E3%81%98%20%E6%9D%B1%E8%BF%91%E6%B1%9F%E5%B8%82
介護老人福祉施設こぼしの家,特別養護老人ホーム,滋賀県,東近江市,"介護,特別養護老人ホーム,入所",常時介護が必要で在宅生活が難しい方の生活の場となる施設です。入所条件や待機状況を確認します。,https://koboshi.p-kit.com/,滋賀県東近江市市辺町3477,0748-20-0511,厚生労働省オープンデータ,https://www.mhlw.go.jp/content/12300000/jigyosho_510.csv,2025-12末,https://www.google.com/search?q=%E4%BB%8B%E8%AD%B7%E8%80%81%E4%BA%BA%E7%A6%8F%E7%A5%89%E6%96%BD%E8%A8%AD%E3%81%93%E3%81%BC%E3%81%97%E3%81%AE%E5%AE%B6%20%E6%9D%B1%E8%BF%91%E6%B1%9F%E5%B8%82
特別養護老人ホーム菊水園,特別養護老人ホーム,滋賀県,東近江市,"介護,特別養護老人ホーム,入所",常時介護が必要で在宅生活が難しい方の生活の場となる施設です。入所条件や待機状況を確認します。,http://www.keisenkaikikusuien.com,東近江市下里町789,0749-45-1518,厚生労働省オープンデータ,https://www.mhlw.go.jp/content/12300000/jigyosho_510.csv,2025-12末,https://www.google.com/search?q=%E7%89%B9%E5%88%A5%E9%A4%8A%E8%AD%B7%E8%80%81%E4%BA%BA%E3%83%9B%E3%83%BC%E3%83%A0%E8%8F%8A%E6%B0%B4%E5%9C%92%20%E6%9D%B1%E8%BF%91%E6%B1%9F%E5%B8%82
特別養護老人ホーム　能登川園,特別養護老人ホーム,滋賀県,東近江市,"介護,特別養護老人ホーム,入所",常時介護が必要で在宅生活が難しい方の生活の場となる施設です。入所条件や待機状況を確認します。,http://shiga-shinjyukai.or.jp,東近江市新宮町５４７,0748-42-7025,厚生労働省オープンデータ,https://www.mhlw.go.jp/content/12300000/jigyosho_510.csv,2025-12末,https://www.google.com/search?q=%E7%89%B9%E5%88%A5%E9%A4%8A%E8%AD%B7%E8%80%81%E4%BA%BA%E3%83%9B%E3%83%BC%E3%83%A0%E3%80%80%E8%83%BD%E7%99%BB%E5%B7%9D%E5%9C%92%20%E6%9D%B1%E8%BF%91%E6%B1%9F%E5%B8%82
特別養護老人ホーム沖野原,特別養護老人ホーム,滋賀県,東近江市,"介護,特別養護老人ホーム,入所",常時介護が必要で在宅生活が難しい方の生活の場となる施設です。入所条件や待機状況を確認します。,http://www.ex.biwa.ne.jp/~okinohara/,滋賀県東近江市沖野三丁目１０番１８号,0748-22-7555,厚生労働省オープンデータ,https://www.mhlw.go.jp/content/12300000/jigyosho_510.csv,2025-12末,https://www.google.com/search?q=%E7%89%B9%E5%88%A5%E9%A4%8A%E8%AD%B7%E8%80%81%E4%BA%BA%E3%83%9B%E3%83%BC%E3%83%A0%E6%B2%96%E9%87%8E%E5%8E%9F%20%E6%9D%B1%E8%BF%91%E6%B1%9F%E5%B8%82
社会福祉法人青祥会特別養護老人ホーム坂田青成苑,特別養護老人ホーム,滋賀県,米原市,"介護,特別養護老人ホーム,入所",常時介護が必要で在宅生活が難しい方の生活の場となる施設です。入所条件や待機状況を確認します。,http://www.seishokai.jp/sakata,滋賀県米原市野一色１１３６,0749-55-3511,厚生労働省オープンデータ,https://www.mhlw.go.jp/content/12300000/jigyosho_510.csv,2025-12末,https://www.google.com/search?q=%E7%A4%BE%E4%BC%9A%E7%A6%8F%E7%A5%89%E6%B3%95%E4%BA%BA%E9%9D%92%E7%A5%A5%E4%BC%9A%E7%89%B9%E5%88%A5%E9%A4%8A%E8%AD%B7%E8%80%81%E4%BA%BA%E3%83%9B%E3%83%BC%E3%83%A0%E5%9D%82%E7%94%B0%E9%9D%92%E6%88%90%E8%8B%91%20%E7%B1%B3%E5%8E%9F%E5%B8%82
特別養護老人ホーム　スマイル,特別養護老人ホーム,滋賀県,米原市,"介護,特別養護老人ホーム,入所",常時介護が必要で在宅生活が難しい方の生活の場となる施設です。入所条件や待機状況を確認します。,https://www.oumikunpuukai.com,滋賀県米原市寺倉603－1,0749－54－8201,厚生労働省オープンデータ,https://www.mhlw.go.jp/content/12300000/jigyosho_510.csv,2025-12末,https://www.google.com/search?q=%E7%89%B9%E5%88%A5%E9%A4%8A%E8%AD%B7%E8%80%81%E4%BA%BA%E3%83%9B%E3%83%BC%E3%83%A0%E3%80%80%E3%82%B9%E3%83%9E%E3%82%A4%E3%83%AB%20%E7%B1%B3%E5%8E%9F%E5%B8%82
特別養護老人ホーム白寿荘,特別養護老人ホーム,滋賀県,日野町,"介護,特別養護老人ホーム,入所",常時介護が必要で在宅生活が難しい方の生活の場となる施設です。入所条件や待機状況を確認します。,hakujuso@kotoukai.or.jp,滋賀県蒲生郡日野町松尾359番地,0748-52-5616,厚生労働省オープンデータ,https://www.mhlw.go.jp/content/12300000/jigyosho_510.csv,2025-12末,https://www.google.com/search?q=%E7%89%B9%E5%88%A5%E9%A4%8A%E8%AD%B7%E8%80%81%E4%BA%BA%E3%83%9B%E3%83%BC%E3%83%A0%E7%99%BD%E5%AF%BF%E8%8D%98%20%E6%97%A5%E9%87%8E%E7%94%BA
特別養護老人ホーム誉の松,特別養護老人ホーム,滋賀県,日野町,"介護,特別養護老人ホーム,入所",常時介護が必要で在宅生活が難しい方の生活の場となる施設です。入所条件や待機状況を確認します。,http://www.homare.or.jp,滋賀県蒲生郡日野町大字深山口524番地,0748-53-0261,厚生労働省オープンデータ,https://www.mhlw.go.jp/content/12300000/jigyosho_510.csv,2025-12末,https://www.google.com/search?q=%E7%89%B9%E5%88%A5%E9%A4%8A%E8%AD%B7%E8%80%81%E4%BA%BA%E3%83%9B%E3%83%BC%E3%83%A0%E8%AA%89%E3%81%AE%E6%9D%BE%20%E6%97%A5%E9%87%8E%E7%94%BA
特別養護老人ホーム万葉の里,特別養護老人ホーム,滋賀県,竜王町,"介護,特別養護老人ホーム,入所",常時介護が必要で在宅生活が難しい方の生活の場となる施設です。入所条件や待機状況を確認します。,https://yukinokai.com/,滋賀県蒲生郡竜王町大字山之上６３２,0748-57-2100,厚生労働省オープンデータ,https://www.mhlw.go.jp/content/12300000/jigyosho_510.csv,2025-12末,https://www.google.com/search?q=%E7%89%B9%E5%88%A5%E9%A4%8A%E8%AD%B7%E8%80%81%E4%BA%BA%E3%83%9B%E3%83%BC%E3%83%A0%E4%B8%87%E8%91%89%E3%81%AE%E9%87%8C%20%E7%AB%9C%E7%8E%8B%E7%94%BA
社会福祉法人青祥会　指定介護老人福祉施設やまびこ,特別養護老人ホーム,滋賀県,愛荘町,"介護,特別養護老人ホーム,入所",常時介護が必要で在宅生活が難しい方の生活の場となる施設です。入所条件や待機状況を確認します。,http://www.seishokai.jp/,滋賀県愛知郡愛荘町安孫子1235番地,0749-37-8532,厚生労働省オープンデータ,https://www.mhlw.go.jp/content/12300000/jigyosho_510.csv,2025-12末,https://www.google.com/search?q=%E7%A4%BE%E4%BC%9A%E7%A6%8F%E7%A5%89%E6%B3%95%E4%BA%BA%E9%9D%92%E7%A5%A5%E4%BC%9A%E3%80%80%E6%8C%87%E5%AE%9A%E4%BB%8B%E8%AD%B7%E8%80%81%E4%BA%BA%E7%A6%8F%E7%A5%89%E6%96%BD%E8%A8%AD%E3%82%84%E3%81%BE%E3%81%B3%E3%81%93%20%E6%84%9B%E8%8D%98%E7%94%BA
特別養護老人ホーム　ハッピーライフゆりの郷,特別養護老人ホーム,滋賀県,愛荘町,"介護,特別養護老人ホーム,入所",常時介護が必要で在宅生活が難しい方の生活の場となる施設です。入所条件や待機状況を確認します。,http://www.yurinosato.or.jp/,滋賀県愛知郡愛荘町市１５０９番地,0749-49-5125,厚生労働省オープンデータ,https://www.mhlw.go.jp/content/12300000/jigyosho_510.csv,2025-12末,https://www.google.com/search?q=%E7%89%B9%E5%88%A5%E9%A4%8A%E8%AD%B7%E8%80%81%E4%BA%BA%E3%83%9B%E3%83%BC%E3%83%A0%E3%80%80%E3%83%8F%E3%83%83%E3%83%94%E3%83%BC%E3%83%A9%E3%82%A4%E3%83%95%E3%82%86%E3%82%8A%E3%81%AE%E9%83%B7%20%E6%84%9B%E8%8D%98%E7%94%BA
特別養護老人ホームいやしのさと,特別養護老人ホーム,滋賀県,豊郷町,"介護,特別養護老人ホーム,入所",常時介護が必要で在宅生活が難しい方の生活の場となる施設です。入所条件や待機状況を確認します。,https://www.asunarofukushikai.com/,犬上郡豊郷町沢517-4,0749-35-0216,厚生労働省オープンデータ,https://www.mhlw.go.jp/content/12300000/jigyosho_510.csv,2025-12末,https://www.google.com/search?q=%E7%89%B9%E5%88%A5%E9%A4%8A%E8%AD%B7%E8%80%81%E4%BA%BA%E3%83%9B%E3%83%BC%E3%83%A0%E3%81%84%E3%82%84%E3%81%97%E3%81%AE%E3%81%95%E3%81%A8%20%E8%B1%8A%E9%83%B7%E7%94%BA
特別養護老人ホームいぬかみ,特別養護老人ホーム,滋賀県,多賀町,"介護,特別養護老人ホーム,入所",常時介護が必要で在宅生活が難しい方の生活の場となる施設です。入所条件や待機状況を確認します。,http://kotoukai.or.jp/,滋賀県犬上郡多賀町中川原605-2,0749-48-2600,厚生労働省オープンデータ,https://www.mhlw.go.jp/content/12300000/jigyosho_510.csv,2025-12末,https://www.google.com/search?q=%E7%89%B9%E5%88%A5%E9%A4%8A%E8%AD%B7%E8%80%81%E4%BA%BA%E3%83%9B%E3%83%BC%E3%83%A0%E3%81%84%E3%81%AC%E3%81%8B%E3%81%BF%20%E5%A4%9A%E8%B3%80%E7%94%BA
特別養護老人ホーム　多賀清流の里,特別養護老人ホーム,滋賀県,多賀町,"介護,特別養護老人ホーム,入所",常時介護が必要で在宅生活が難しい方の生活の場となる施設です。入所条件や待機状況を確認します。,https://tashinkai.jp/,滋賀県犬上郡多賀町大字佐目６７５,0749-49-8030,厚生労働省オープンデータ,https://www.mhlw.go.jp/content/12300000/jigyosho_510.csv,2025-12末,https://www.google.com/search?q=%E7%89%B9%E5%88%A5%E9%A4%8A%E8%AD%B7%E8%80%81%E4%BA%BA%E3%83%9B%E3%83%BC%E3%83%A0%E3%80%80%E5%A4%9A%E8%B3%80%E6%B8%85%E6%B5%81%E3%81%AE%E9%87%8C%20%E5%A4%9A%E8%B3%80%E7%94%BA
介護老人保健施設日和の里,介護老人保健施設,滋賀県,大津市,"介護,介護老人保健施設,リハビリ",病院退院後すぐ自宅へ戻るのが不安な場合に、リハビリをしながら在宅復帰を目指す施設です。,http://shigamin.jp/hiyori/,滋賀県大津市坂本6丁目25番3号,077-579-0309,厚生労働省オープンデータ,https://www.mhlw.go.jp/content/12300000/jigyosho_520.csv,2025-12末,https://www.google.com/search?q=%E4%BB%8B%E8%AD%B7%E8%80%81%E4%BA%BA%E4%BF%9D%E5%81%A5%E6%96%BD%E8%A8%AD%E6%97%A5%E5%92%8C%E3%81%AE%E9%87%8C%20%E5%A4%A7%E6%B4%A5%E5%B8%82
介護老人保健施設レーク・ホロニー,介護老人保健施設,滋賀県,大津市,"介護,介護老人保健施設,リハビリ",病院退院後すぐ自宅へ戻るのが不安な場合に、リハビリをしながら在宅復帰を目指す施設です。,https://lake-horony.jp/,滋賀県大津市大萱七丁目7番3号介護老人保健施設レーク・ホロニー,077-545-2555,厚生労働省オープンデータ,https://www.mhlw.go.jp/content/12300000/jigyosho_520.csv,2025-12末,https://www.google.com/search?q=%E4%BB%8B%E8%AD%B7%E8%80%81%E4%BA%BA%E4%BF%9D%E5%81%A5%E6%96%BD%E8%A8%AD%E3%83%AC%E3%83%BC%E3%82%AF%E3%83%BB%E3%83%9B%E3%83%AD%E3%83%8B%E3%83%BC%20%E5%A4%A7%E6%B4%A5%E5%B8%82
独立行政法人地域医療機能推進機構　滋賀病院附属介護老人保健施設,介護老人保健施設,滋賀県,大津市,"介護,介護老人保健施設,リハビリ",病院退院後すぐ自宅へ戻るのが不安な場合に、リハビリをしながら在宅復帰を目指す施設です。,http://shiga.jcho.go.jp/rouken/,大津市富士見台16-1,077-537-3102,厚生労働省オープンデータ,https://www.mhlw.go.jp/content/12300000/jigyosho_520.csv,2025-12末,https://www.google.com/search?q=%E7%8B%AC%E7%AB%8B%E8%A1%8C%E6%94%BF%E6%B3%95%E4%BA%BA%E5%9C%B0%E5%9F%9F%E5%8C%BB%E7%99%82%E6%A9%9F%E8%83%BD%E6%8E%A8%E9%80%B2%E6%A9%9F%E6%A7%8B%E3%80%80%E6%BB%8B%E8%B3%80%E7%97%85%E9%99%A2%E9%99%84%E5%B1%9E%E4%BB%8B%E8%AD%B7%E8%80%81%E4%BA%BA%E4%BF%9D%E5%81%A5%E6%96%BD%E8%A8%AD%20%E5%A4%A7%E6%B4%A5%E5%B8%82
介護老人保健施設チェルシー,介護老人保健施設,滋賀県,大津市,"介護,介護老人保健施設,リハビリ",病院退院後すぐ自宅へ戻るのが不安な場合に、リハビリをしながら在宅復帰を目指す施設です。,ｈｔｔｐ://ｗｗｗ.ｒｙｏｋｕｓｅｉｋａｉ.ｊｐ,大石淀三丁目8-23,077-546-1121,厚生労働省オープンデータ,https://www.mhlw.go.jp/content/12300000/jigyosho_520.csv,2025-12末,https://www.google.com/search?q=%E4%BB%8B%E8%AD%B7%E8%80%81%E4%BA%BA%E4%BF%9D%E5%81%A5%E6%96%BD%E8%A8%AD%E3%83%81%E3%82%A7%E3%83%AB%E3%82%B7%E3%83%BC%20%E5%A4%A7%E6%B4%A5%E5%B8%82
医療法人堅田病院介護老人保健施設虹水苑,介護老人保健施設,滋賀県,大津市,"介護,介護老人保健施設,リハビリ",病院退院後すぐ自宅へ戻るのが不安な場合に、リハビリをしながら在宅復帰を目指す施設です。,https://www.google.com/search?q=%E5%8C%BB%E7%99%82%E6%B3%95%E4%BA%BA%E5%A0%85%E7%94%B0%E7%97%85%E9%99%A2%E4%BB%8B%E8%AD%B7%E8%80%81%E4%BA%BA%E4%BF%9D%E5%81%A5%E6%96%BD%E8%A8%AD%E8%99%B9%E6%B0%B4%E8%8B%91%20%E5%A4%A7%E6%B4%A5%E5%B8%82,滋賀県大津市仰木七丁目18-15,077-571-3336,厚生労働省オープンデータ,https://www.mhlw.go.jp/content/12300000/jigyosho_520.csv,2025-12末,https://www.google.com/search?q=%E5%8C%BB%E7%99%82%E6%B3%95%E4%BA%BA%E5%A0%85%E7%94%B0%E7%97%85%E9%99%A2%E4%BB%8B%E8%AD%B7%E8%80%81%E4%BA%BA%E4%BF%9D%E5%81%A5%E6%96%BD%E8%A8%AD%E8%99%B9%E6%B0%B4%E8%8B%91%20%E5%A4%A7%E6%B4%A5%E5%B8%82
医療法人弘英会　介護老人保健施設Ｂ・Ｏ・Ｈケア・サービスセンター,介護老人保健施設,滋賀県,大津市,"介護,介護老人保健施設,リハビリ",病院退院後すぐ自宅へ戻るのが不安な場合に、リハビリをしながら在宅復帰を目指す施設です。,http://www.boh-care.jp,滋賀県大津市伊香立途中町７０４番地,077-598-2133,厚生労働省オープンデータ,https://www.mhlw.go.jp/content/12300000/jigyosho_520.csv,2025-12末,https://www.google.com/search?q=%E5%8C%BB%E7%99%82%E6%B3%95%E4%BA%BA%E5%BC%98%E8%8B%B1%E4%BC%9A%E3%80%80%E4%BB%8B%E8%AD%B7%E8%80%81%E4%BA%BA%E4%BF%9D%E5%81%A5%E6%96%BD%E8%A8%AD%EF%BC%A2%E3%83%BB%EF%BC%AF%E3%83%BB%EF%BC%A8%E3%82%B1%E3%82%A2%E3%83%BB%E3%82%B5%E3%83%BC%E3%83%93%E3%82%B9%E3%82%BB%E3%83%B3%E3%82%BF%E3%83%BC%20%E5%A4%A7%E6%B4%A5%E5%B8%82
介護老人保健施設ケアセンター志賀,介護老人保健施設,滋賀県,大津市,"介護,介護老人保健施設,リハビリ",病院退院後すぐ自宅へ戻るのが不安な場合に、リハビリをしながら在宅復帰を目指す施設です。,http://www.koseikai.care/,大津市和邇高城260番地の1,077-594-0110,厚生労働省オープンデータ,https://www.mhlw.go.jp/content/12300000/jigyosho_520.csv,2025-12末,https://www.google.com/search?q=%E4%BB%8B%E8%AD%B7%E8%80%81%E4%BA%BA%E4%BF%9D%E5%81%A5%E6%96%BD%E8%A8%AD%E3%82%B1%E3%82%A2%E3%82%BB%E3%83%B3%E3%82%BF%E3%83%BC%E5%BF%97%E8%B3%80%20%E5%A4%A7%E6%B4%A5%E5%B8%82
介護老人保健施設アロフェンテ彦根,介護老人保健施設,滋賀県,彦根市,"介護,介護老人保健施設,リハビリ",病院退院後すぐ自宅へ戻るのが不安な場合に、リハビリをしながら在宅復帰を目指す施設です。,http://www.yujin-yamazaki.co.jp,滋賀県彦根市竹ヶ鼻町80番地,0749-21-3300,厚生労働省オープンデータ,https://www.mhlw.go.jp/content/12300000/jigyosho_520.csv,2025-12末,https://www.google.com/search?q=%E4%BB%8B%E8%AD%B7%E8%80%81%E4%BA%BA%E4%BF%9D%E5%81%A5%E6%96%BD%E8%A8%AD%E3%82%A2%E3%83%AD%E3%83%95%E3%82%A7%E3%83%B3%E3%83%86%E5%BD%A6%E6%A0%B9%20%E5%BD%A6%E6%A0%B9%E5%B8%82
介護老人保健施設　琵琶,介護老人保健施設,滋賀県,長浜市,"介護,介護老人保健施設,リハビリ",病院退院後すぐ自宅へ戻るのが不安な場合に、リハビリをしながら在宅復帰を目指す施設です。,http://www.simosaka.jp/indexhtml,滋賀県長浜市川道町２６９４,0749-72-8080,厚生労働省オープンデータ,https://www.mhlw.go.jp/content/12300000/jigyosho_520.csv,2025-12末,https://www.google.com/search?q=%E4%BB%8B%E8%AD%B7%E8%80%81%E4%BA%BA%E4%BF%9D%E5%81%A5%E6%96%BD%E8%A8%AD%E3%80%80%E7%90%B5%E7%90%B6%20%E9%95%B7%E6%B5%9C%E5%B8%82
介護老人保健施設　長浜メディケアセンター,介護老人保健施設,滋賀県,長浜市,"介護,介護老人保健施設,リハビリ",病院退院後すぐ自宅へ戻るのが不安な場合に、リハビリをしながら在宅復帰を目指す施設です。,http://seishokai.jp/nmc,滋賀県長浜市加田町2984-1,0749-65-2011,厚生労働省オープンデータ,https://www.mhlw.go.jp/content/12300000/jigyosho_520.csv,2025-12末,https://www.google.com/search?q=%E4%BB%8B%E8%AD%B7%E8%80%81%E4%BA%BA%E4%BF%9D%E5%81%A5%E6%96%BD%E8%A8%AD%E3%80%80%E9%95%B7%E6%B5%9C%E3%83%A1%E3%83%87%E3%82%A3%E3%82%B1%E3%82%A2%E3%82%BB%E3%83%B3%E3%82%BF%E3%83%BC%20%E9%95%B7%E6%B5%9C%E5%B8%82
介護老人保健施設　湖北やすらぎの里,介護老人保健施設,滋賀県,長浜市,"介護,介護老人保健施設,リハビリ",病院退院後すぐ自宅へ戻るのが不安な場合に、リハビリをしながら在宅復帰を目指す施設です。,http://www.ikbk.jp/kohokuyasuraginosato/,滋賀県長浜市木之本町黒田１２２１番地,0749-82-3725,厚生労働省オープンデータ,https://www.mhlw.go.jp/content/12300000/jigyosho_520.csv,2025-12末,https://www.google.com/search?q=%E4%BB%8B%E8%AD%B7%E8%80%81%E4%BA%BA%E4%BF%9D%E5%81%A5%E6%96%BD%E8%A8%AD%E3%80%80%E6%B9%96%E5%8C%97%E3%82%84%E3%81%99%E3%82%89%E3%81%8E%E3%81%AE%E9%87%8C%20%E9%95%B7%E6%B5%9C%E5%B8%82
介護老人保健施設　ヴォーリズ老健センター,介護老人保健施設,滋賀県,近江八幡市,"介護,介護老人保健施設,リハビリ",病院退院後すぐ自宅へ戻るのが不安な場合に、リハビリをしながら在宅復帰を目指す施設です。,http://vo-roken.com/,近江八幡市北之庄町４９２番地,0748-32-2007,厚生労働省オープンデータ,https://www.mhlw.go.jp/content/12300000/jigyosho_520.csv,2025-12末,https://www.google.com/search?q=%E4%BB%8B%E8%AD%B7%E8%80%81%E4%BA%BA%E4%BF%9D%E5%81%A5%E6%96%BD%E8%A8%AD%E3%80%80%E3%83%B4%E3%82%A9%E3%83%BC%E3%83%AA%E3%82%BA%E8%80%81%E5%81%A5%E3%82%BB%E3%83%B3%E3%82%BF%E3%83%BC%20%E8%BF%91%E6%B1%9F%E5%85%AB%E5%B9%A1%E5%B8%82
医療法人医誠会　介護老人保健施設　エスペラル近江八幡,介護老人保健施設,滋賀県,近江八幡市,"介護,介護老人保健施設,リハビリ",病院退院後すぐ自宅へ戻るのが不安な場合に、リハビリをしながら在宅復帰を目指す施設です。,https://esp.iseikaihp.com/fcl/esp-omi/,滋賀県近江八幡市大房町1002番地1,0748-32-1165,厚生労働省オープンデータ,https://www.mhlw.go.jp/content/12300000/jigyosho_520.csv,2025-12末,https://www.google.com/search?q=%E5%8C%BB%E7%99%82%E6%B3%95%E4%BA%BA%E5%8C%BB%E8%AA%A0%E4%BC%9A%E3%80%80%E4%BB%8B%E8%AD%B7%E8%80%81%E4%BA%BA%E4%BF%9D%E5%81%A5%E6%96%BD%E8%A8%AD%E3%80%80%E3%82%A8%E3%82%B9%E3%83%9A%E3%83%A9%E3%83%AB%E8%BF%91%E6%B1%9F%E5%85%AB%E5%B9%A1%20%E8%BF%91%E6%B1%9F%E5%85%AB%E5%B9%A1%E5%B8%82
介護老人保健施設ケアタウン南草津,介護老人保健施設,滋賀県,草津市,"介護,介護老人保健施設,リハビリ",病院退院後すぐ自宅へ戻るのが不安な場合に、リハビリをしながら在宅復帰を目指す施設です。,http://www.yotsuba-lcn.jp,草津市矢橋町６２１番地,077-562-1001,厚生労働省オープンデータ,https://www.mhlw.go.jp/content/12300000/jigyosho_520.csv,2025-12末,https://www.google.com/search?q=%E4%BB%8B%E8%AD%B7%E8%80%81%E4%BA%BA%E4%BF%9D%E5%81%A5%E6%96%BD%E8%A8%AD%E3%82%B1%E3%82%A2%E3%82%BF%E3%82%A6%E3%83%B3%E5%8D%97%E8%8D%89%E6%B4%A5%20%E8%8D%89%E6%B4%A5%E5%B8%82
社会医療法人　誠光会　介護老人保健施設草津ケアセンター,介護老人保健施設,滋賀県,草津市,"介護,介護老人保健施設,リハビリ",病院退院後すぐ自宅へ戻るのが不安な場合に、リハビリをしながら在宅復帰を目指す施設です。,https://www.seikoukai-sc.or.jp/care_center/,草津市野村二丁目13-13,077-567-1122,厚生労働省オープンデータ,https://www.mhlw.go.jp/content/12300000/jigyosho_520.csv,2025-12末,https://www.google.com/search?q=%E7%A4%BE%E4%BC%9A%E5%8C%BB%E7%99%82%E6%B3%95%E4%BA%BA%E3%80%80%E8%AA%A0%E5%85%89%E4%BC%9A%E3%80%80%E4%BB%8B%E8%AD%B7%E8%80%81%E4%BA%BA%E4%BF%9D%E5%81%A5%E6%96%BD%E8%A8%AD%E8%8D%89%E6%B4%A5%E3%82%B1%E3%82%A2%E3%82%BB%E3%83%B3%E3%82%BF%E3%83%BC%20%E8%8D%89%E6%B4%A5%E5%B8%82
介護老人保健施設　守山すみれ苑,介護老人保健施設,滋賀県,守山市,"介護,介護老人保健施設,リハビリ",病院退院後すぐ自宅へ戻るのが不安な場合に、リハビリをしながら在宅復帰を目指す施設です。,https://www.google.com/search?q=%E4%BB%8B%E8%AD%B7%E8%80%81%E4%BA%BA%E4%BF%9D%E5%81%A5%E6%96%BD%E8%A8%AD%E3%80%80%E5%AE%88%E5%B1%B1%E3%81%99%E3%81%BF%E3%82%8C%E8%8B%91%20%E5%AE%88%E5%B1%B1%E5%B8%82,荒見町300番地１,077-584-3811,厚生労働省オープンデータ,https://www.mhlw.go.jp/content/12300000/jigyosho_520.csv,2025-12末,https://www.google.com/search?q=%E4%BB%8B%E8%AD%B7%E8%80%81%E4%BA%BA%E4%BF%9D%E5%81%A5%E6%96%BD%E8%A8%AD%E3%80%80%E5%AE%88%E5%B1%B1%E3%81%99%E3%81%BF%E3%82%8C%E8%8B%91%20%E5%AE%88%E5%B1%B1%E5%B8%82
介護老人保健施設ケアポート栗東,介護老人保健施設,滋賀県,栗東市,"介護,介護老人保健施設,リハビリ",病院退院後すぐ自宅へ戻るのが不安な場合に、リハビリをしながら在宅復帰を目指す施設です。,http://www.careport-rittou.jp,栗東市大橋二丁目８番２号,077-551-2600,厚生労働省オープンデータ,https://www.mhlw.go.jp/content/12300000/jigyosho_520.csv,2025-12末,https://www.google.com/search?q=%E4%BB%8B%E8%AD%B7%E8%80%81%E4%BA%BA%E4%BF%9D%E5%81%A5%E6%96%BD%E8%A8%AD%E3%82%B1%E3%82%A2%E3%83%9D%E3%83%BC%E3%83%88%E6%A0%97%E6%9D%B1%20%E6%A0%97%E6%9D%B1%E5%B8%82
介護老人保健施設　スキナヴィラ水口,介護老人保健施設,滋賀県,甲賀市,"介護,介護老人保健施設,リハビリ",病院退院後すぐ自宅へ戻るのが不安な場合に、リハビリをしながら在宅復帰を目指す施設です。,http://www.minakuchi-hp.or.jp/,滋賀県甲賀市水口町本町2丁目2番43号,0748-62-1281,厚生労働省オープンデータ,https://www.mhlw.go.jp/content/12300000/jigyosho_520.csv,2025-12末,https://www.google.com/search?q=%E4%BB%8B%E8%AD%B7%E8%80%81%E4%BA%BA%E4%BF%9D%E5%81%A5%E6%96%BD%E8%A8%AD%E3%80%80%E3%82%B9%E3%82%AD%E3%83%8A%E3%83%B4%E3%82%A3%E3%83%A9%E6%B0%B4%E5%8F%A3%20%E7%94%B2%E8%B3%80%E5%B8%82
介護老人保健施設スキナヴィラ甲賀,介護老人保健施設,滋賀県,甲賀市,"介護,介護老人保健施設,リハビリ",病院退院後すぐ自宅へ戻るのが不安な場合に、リハビリをしながら在宅復帰を目指す施設です。,http://www.minakuchi-hp.or.jp/,滋賀県甲賀市水口町新町１丁目１－１３,０７４８－６２－１４１１,厚生労働省オープンデータ,https://www.mhlw.go.jp/content/12300000/jigyosho_520.csv,2025-12末,https://www.google.com/search?q=%E4%BB%8B%E8%AD%B7%E8%80%81%E4%BA%BA%E4%BF%9D%E5%81%A5%E6%96%BD%E8%A8%AD%E3%82%B9%E3%82%AD%E3%83%8A%E3%83%B4%E3%82%A3%E3%83%A9%E7%94%B2%E8%B3%80%20%E7%94%B2%E8%B3%80%E5%B8%82
介護老人保健施設　寿々はうす,介護老人保健施設,滋賀県,野洲市,"介護,介護老人保健施設,リハビリ",病院退院後すぐ自宅へ戻るのが不安な場合に、リハビリをしながら在宅復帰を目指す施設です。,http://www.konan-psy.or.jp/,滋賀県野洲市八夫2077,077-589-8320,厚生労働省オープンデータ,https://www.mhlw.go.jp/content/12300000/jigyosho_520.csv,2025-12末,https://www.google.com/search?q=%E4%BB%8B%E8%AD%B7%E8%80%81%E4%BA%BA%E4%BF%9D%E5%81%A5%E6%96%BD%E8%A8%AD%E3%80%80%E5%AF%BF%E3%80%85%E3%81%AF%E3%81%86%E3%81%99%20%E9%87%8E%E6%B4%B2%E5%B8%82
介護老人保健施設　野洲すみれ苑,介護老人保健施設,滋賀県,野洲市,"介護,介護老人保健施設,リハビリ",病院退院後すぐ自宅へ戻るのが不安な場合に、リハビリをしながら在宅復帰を目指す施設です。,http://www.sumire.jp/,滋賀県野洲市小篠原490-1,077-588-3001,厚生労働省オープンデータ,https://www.mhlw.go.jp/content/12300000/jigyosho_520.csv,2025-12末,https://www.google.com/search?q=%E4%BB%8B%E8%AD%B7%E8%80%81%E4%BA%BA%E4%BF%9D%E5%81%A5%E6%96%BD%E8%A8%AD%E3%80%80%E9%87%8E%E6%B4%B2%E3%81%99%E3%81%BF%E3%82%8C%E8%8B%91%20%E9%87%8E%E6%B4%B2%E5%B8%82
介護老人保健施設石部ケアセンター,介護老人保健施設,滋賀県,湖南市,"介護,介護老人保健施設,リハビリ",病院退院後すぐ自宅へ戻るのが不安な場合に、リハビリをしながら在宅復帰を目指す施設です。,http://hachikikai.com,湖南市丸山四丁目5番1号,0748-77-0013,厚生労働省オープンデータ,https://www.mhlw.go.jp/content/12300000/jigyosho_520.csv,2025-12末,https://www.google.com/search?q=%E4%BB%8B%E8%AD%B7%E8%80%81%E4%BA%BA%E4%BF%9D%E5%81%A5%E6%96%BD%E8%A8%AD%E7%9F%B3%E9%83%A8%E3%82%B1%E3%82%A2%E3%82%BB%E3%83%B3%E3%82%BF%E3%83%BC%20%E6%B9%96%E5%8D%97%E5%B8%82
介護老人保健施設　ケアセンターこうせい,介護老人保健施設,滋賀県,湖南市,"介護,介護老人保健施設,リハビリ",病院退院後すぐ自宅へ戻るのが不安な場合に、リハビリをしながら在宅復帰を目指す施設です。,http://carecenter-kosei.com,滋賀県湖南市菩提寺104-14,0748-74-8411,厚生労働省オープンデータ,https://www.mhlw.go.jp/content/12300000/jigyosho_520.csv,2025-12末,https://www.google.com/search?q=%E4%BB%8B%E8%AD%B7%E8%80%81%E4%BA%BA%E4%BF%9D%E5%81%A5%E6%96%BD%E8%A8%AD%E3%80%80%E3%82%B1%E3%82%A2%E3%82%BB%E3%83%B3%E3%82%BF%E3%83%BC%E3%81%93%E3%81%86%E3%81%9B%E3%81%84%20%E6%B9%96%E5%8D%97%E5%B8%82
介護老人保健施設グリーンテラス,介護老人保健施設,滋賀県,高島市,"介護,介護老人保健施設,リハビリ",病院退院後すぐ自宅へ戻るのが不安な場合に、リハビリをしながら在宅復帰を目指す施設です。,https://www.google.com/search?q=%E4%BB%8B%E8%AD%B7%E8%80%81%E4%BA%BA%E4%BF%9D%E5%81%A5%E6%96%BD%E8%A8%AD%E3%82%B0%E3%83%AA%E3%83%BC%E3%83%B3%E3%83%86%E3%83%A9%E3%82%B9%20%E9%AB%98%E5%B3%B6%E5%B8%82,新旭町旭696,0740-25-5090,厚生労働省オープンデータ,https://www.mhlw.go.jp/content/12300000/jigyosho_520.csv,2025-12末,https://www.google.com/search?q=%E4%BB%8B%E8%AD%B7%E8%80%81%E4%BA%BA%E4%BF%9D%E5%81%A5%E6%96%BD%E8%A8%AD%E3%82%B0%E3%83%AA%E3%83%BC%E3%83%B3%E3%83%86%E3%83%A9%E3%82%B9%20%E9%AB%98%E5%B3%B6%E5%B8%82
介護老人保健施設陽光の里,介護老人保健施設,滋賀県,高島市,"介護,介護老人保健施設,リハビリ",病院退院後すぐ自宅へ戻るのが不安な場合に、リハビリをしながら在宅復帰を目指す施設です。,http://www.city.takashima.lg.jp,滋賀県高島市勝野1667番地14,0740-36-1220,厚生労働省オープンデータ,https://www.mhlw.go.jp/content/12300000/jigyosho_520.csv,2025-12末,https://www.google.com/search?q=%E4%BB%8B%E8%AD%B7%E8%80%81%E4%BA%BA%E4%BF%9D%E5%81%A5%E6%96%BD%E8%A8%AD%E9%99%BD%E5%85%89%E3%81%AE%E9%87%8C%20%E9%AB%98%E5%B3%B6%E5%B8%82
介護老人保健施設　ここちの郷,介護老人保健施設,滋賀県,東近江市,"介護,介護老人保健施設,リハビリ",病院退院後すぐ自宅へ戻るのが不安な場合に、リハビリをしながら在宅復帰を目指す施設です。,https://www.rokushinkai.com/kokochi/,滋賀県東近江市五個荘山本町４６６番地,0748-48-8300,厚生労働省オープンデータ,https://www.mhlw.go.jp/content/12300000/jigyosho_520.csv,2025-12末,https://www.google.com/search?q=%E4%BB%8B%E8%AD%B7%E8%80%81%E4%BA%BA%E4%BF%9D%E5%81%A5%E6%96%BD%E8%A8%AD%E3%80%80%E3%81%93%E3%81%93%E3%81%A1%E3%81%AE%E9%83%B7%20%E6%9D%B1%E8%BF%91%E6%B1%9F%E5%B8%82
リハビリセンターあゆみ,介護老人保健施設,滋賀県,東近江市,"介護,介護老人保健施設,リハビリ",病院退院後すぐ自宅へ戻るのが不安な場合に、リハビリをしながら在宅復帰を目指す施設です。,http://shiga-shinjyukai.or.jp/,東近江市新宮町５５８,0748-42-3355,厚生労働省オープンデータ,https://www.mhlw.go.jp/content/12300000/jigyosho_520.csv,2025-12末,https://www.google.com/search?q=%E3%83%AA%E3%83%8F%E3%83%93%E3%83%AA%E3%82%BB%E3%83%B3%E3%82%BF%E3%83%BC%E3%81%82%E3%82%86%E3%81%BF%20%E6%9D%B1%E8%BF%91%E6%B1%9F%E5%B8%82
介護老人保健施設ケアセンター蒲生野,介護老人保健施設,滋賀県,東近江市,"介護,介護老人保健施設,リハビリ",病院退院後すぐ自宅へ戻るのが不安な場合に、リハビリをしながら在宅復帰を目指す施設です。,https://yukinokai.com/,東近江市桜川西町３４０,0748-55-5533,厚生労働省オープンデータ,https://www.mhlw.go.jp/content/12300000/jigyosho_520.csv,2025-12末,https://www.google.com/search?q=%E4%BB%8B%E8%AD%B7%E8%80%81%E4%BA%BA%E4%BF%9D%E5%81%A5%E6%96%BD%E8%A8%AD%E3%82%B1%E3%82%A2%E3%82%BB%E3%83%B3%E3%82%BF%E3%83%BC%E8%92%B2%E7%94%9F%E9%87%8E%20%E6%9D%B1%E8%BF%91%E6%B1%9F%E5%B8%82
医療法人社団幸信会　介護老人保健施設ウェル青葉,介護老人保健施設,滋賀県,東近江市,"介護,介護老人保健施設,リハビリ",病院退院後すぐ自宅へ戻るのが不安な場合に、リハビリをしながら在宅復帰を目指す施設です。,https://aoba-med.com,滋賀県東近江市青葉町1-46,0748-20-2345,厚生労働省オープンデータ,https://www.mhlw.go.jp/content/12300000/jigyosho_520.csv,2025-12末,https://www.google.com/search?q=%E5%8C%BB%E7%99%82%E6%B3%95%E4%BA%BA%E7%A4%BE%E5%9B%A3%E5%B9%B8%E4%BF%A1%E4%BC%9A%E3%80%80%E4%BB%8B%E8%AD%B7%E8%80%81%E4%BA%BA%E4%BF%9D%E5%81%A5%E6%96%BD%E8%A8%AD%E3%82%A6%E3%82%A7%E3%83%AB%E9%9D%92%E8%91%89%20%E6%9D%B1%E8%BF%91%E6%B1%9F%E5%B8%82
ケアセンターいぶき介護老人保健施設,介護老人保健施設,滋賀県,米原市,"介護,介護老人保健施設,リハビリ",病院退院後すぐ自宅へ戻るのが不安な場合に、リハビリをしながら在宅復帰を目指す施設です。,https://ibuki.jadecom.or.jp/,滋賀県米原市春照58-1,0749-58-1222,厚生労働省オープンデータ,https://www.mhlw.go.jp/content/12300000/jigyosho_520.csv,2025-12末,https://www.google.com/search?q=%E3%82%B1%E3%82%A2%E3%82%BB%E3%83%B3%E3%82%BF%E3%83%BC%E3%81%84%E3%81%B6%E3%81%8D%E4%BB%8B%E8%AD%B7%E8%80%81%E4%BA%BA%E4%BF%9D%E5%81%A5%E6%96%BD%E8%A8%AD%20%E7%B1%B3%E5%8E%9F%E5%B8%82
介護老人保健施設　坂田メディケアセンター,介護老人保健施設,滋賀県,米原市,"介護,介護老人保健施設,リハビリ",病院退院後すぐ自宅へ戻るのが不安な場合に、リハビリをしながら在宅復帰を目指す施設です。,http://www.seishokai.jp/smc,滋賀県米原市野一色1136,0749-55-8211,厚生労働省オープンデータ,https://www.mhlw.go.jp/content/12300000/jigyosho_520.csv,2025-12末,https://www.google.com/search?q=%E4%BB%8B%E8%AD%B7%E8%80%81%E4%BA%BA%E4%BF%9D%E5%81%A5%E6%96%BD%E8%A8%AD%E3%80%80%E5%9D%82%E7%94%B0%E3%83%A1%E3%83%87%E3%82%A3%E3%82%B1%E3%82%A2%E3%82%BB%E3%83%B3%E3%82%BF%E3%83%BC%20%E7%B1%B3%E5%8E%9F%E5%B8%82
医療法人社団昴会　介護老人保健施設リスタあすなろ,介護老人保健施設,滋賀県,日野町,"介護,介護老人保健施設,リハビリ",病院退院後すぐ自宅へ戻るのが不安な場合に、リハビリをしながら在宅復帰を目指す施設です。,http://www.subarukai.jp/cms_asunaro/,上野田２４６番地,０７４８－５２－６０００,厚生労働省オープンデータ,https://www.mhlw.go.jp/content/12300000/jigyosho_520.csv,2025-12末,https://www.google.com/search?q=%E5%8C%BB%E7%99%82%E6%B3%95%E4%BA%BA%E7%A4%BE%E5%9B%A3%E6%98%B4%E4%BC%9A%E3%80%80%E4%BB%8B%E8%AD%B7%E8%80%81%E4%BA%BA%E4%BF%9D%E5%81%A5%E6%96%BD%E8%A8%AD%E3%83%AA%E3%82%B9%E3%82%BF%E3%81%82%E3%81%99%E3%81%AA%E3%82%8D%20%E6%97%A5%E9%87%8E%E7%94%BA
介護老人保健施設　パストラールとよさと,介護老人保健施設,滋賀県,豊郷町,"介護,介護老人保健施設,リハビリ",病院退院後すぐ自宅へ戻るのが不安な場合に、リハビリをしながら在宅復帰を目指す施設です。,http://www.toyosato.or.jp/,滋賀県犬上郡豊郷町石畑２１２,0749-35-3002,厚生労働省オープンデータ,https://www.mhlw.go.jp/content/12300000/jigyosho_520.csv,2025-12末,https://www.google.com/search?q=%E4%BB%8B%E8%AD%B7%E8%80%81%E4%BA%BA%E4%BF%9D%E5%81%A5%E6%96%BD%E8%A8%AD%E3%80%80%E3%83%91%E3%82%B9%E3%83%88%E3%83%A9%E3%83%BC%E3%83%AB%E3%81%A8%E3%82%88%E3%81%95%E3%81%A8%20%E8%B1%8A%E9%83%B7%E7%94%BA
特別養護老人ホーム　けやきの杜,地域密着型特別養護老人ホーム,滋賀県,大津市,"介護,地域密着型特別養護老人ホーム,入所",常時介護が必要で在宅生活が難しい方の生活の場となる施設です。入所条件や待機状況を確認します。,https://keyaki-no-mori.com/,滋賀県大津市小野372-1,077-594-3330,厚生労働省オープンデータ,https://www.mhlw.go.jp/content/12300000/jigyosho_540.csv,2025-12末,https://www.google.com/search?q=%E7%89%B9%E5%88%A5%E9%A4%8A%E8%AD%B7%E8%80%81%E4%BA%BA%E3%83%9B%E3%83%BC%E3%83%A0%E3%80%80%E3%81%91%E3%82%84%E3%81%8D%E3%81%AE%E6%9D%9C%20%E5%A4%A7%E6%B4%A5%E5%B8%82
地域密着型特別養護老人ホーム紬,地域密着型特別養護老人ホーム,滋賀県,大津市,"介護,地域密着型特別養護老人ホーム,入所",常時介護が必要で在宅生活が難しい方の生活の場となる施設です。入所条件や待機状況を確認します。,https://rokushokai.or.jp/,滋賀県大津市南郷六丁目1102番地の1,077-531-0102,厚生労働省オープンデータ,https://www.mhlw.go.jp/content/12300000/jigyosho_540.csv,2025-12末,https://www.google.com/search?q=%E5%9C%B0%E5%9F%9F%E5%AF%86%E7%9D%80%E5%9E%8B%E7%89%B9%E5%88%A5%E9%A4%8A%E8%AD%B7%E8%80%81%E4%BA%BA%E3%83%9B%E3%83%BC%E3%83%A0%E7%B4%AC%20%E5%A4%A7%E6%B4%A5%E5%B8%82
特別養護老人ホーム　アシタバ,地域密着型特別養護老人ホーム,滋賀県,大津市,"介護,地域密着型特別養護老人ホーム,入所",常時介護が必要で在宅生活が難しい方の生活の場となる施設です。入所条件や待機状況を確認します。,https://oumi-syouseikai.jp/ashitaba/,滋賀県大津市松が丘7丁目15番6号,077-549-3260,厚生労働省オープンデータ,https://www.mhlw.go.jp/content/12300000/jigyosho_540.csv,2025-12末,https://www.google.com/search?q=%E7%89%B9%E5%88%A5%E9%A4%8A%E8%AD%B7%E8%80%81%E4%BA%BA%E3%83%9B%E3%83%BC%E3%83%A0%E3%80%80%E3%82%A2%E3%82%B7%E3%82%BF%E3%83%90%20%E5%A4%A7%E6%B4%A5%E5%B8%82
特別養護老人ホーム　南天,地域密着型特別養護老人ホーム,滋賀県,大津市,"介護,地域密着型特別養護老人ホーム,入所",常時介護が必要で在宅生活が難しい方の生活の場となる施設です。入所条件や待機状況を確認します。,http://oumi-syouseikai.jp,滋賀県大津市松が丘7丁目8番10号,077-548-6660,厚生労働省オープンデータ,https://www.mhlw.go.jp/content/12300000/jigyosho_540.csv,2025-12末,https://www.google.com/search?q=%E7%89%B9%E5%88%A5%E9%A4%8A%E8%AD%B7%E8%80%81%E4%BA%BA%E3%83%9B%E3%83%BC%E3%83%A0%E3%80%80%E5%8D%97%E5%A4%A9%20%E5%A4%A7%E6%B4%A5%E5%B8%82
地域密着型特別養護老人ホーム　千松の郷Ⅱ番館,地域密着型特別養護老人ホーム,滋賀県,彦根市,"介護,地域密着型特別養護老人ホーム,入所",常時介護が必要で在宅生活が難しい方の生活の場となる施設です。入所条件や待機状況を確認します。,https://www.google.com/search?q=%E5%9C%B0%E5%9F%9F%E5%AF%86%E7%9D%80%E5%9E%8B%E7%89%B9%E5%88%A5%E9%A4%8A%E8%AD%B7%E8%80%81%E4%BA%BA%E3%83%9B%E3%83%BC%E3%83%A0%E3%80%80%E5%8D%83%E6%9D%BE%E3%81%AE%E9%83%B7%E2%85%A1%E7%95%AA%E9%A4%A8%20%E5%BD%A6%E6%A0%B9%E5%B8%82,滋賀県彦根市松原町524,0749-22-2255,厚生労働省オープンデータ,https://www.mhlw.go.jp/content/12300000/jigyosho_540.csv,2025-12末,https://www.google.com/search?q=%E5%9C%B0%E5%9F%9F%E5%AF%86%E7%9D%80%E5%9E%8B%E7%89%B9%E5%88%A5%E9%A4%8A%E8%AD%B7%E8%80%81%E4%BA%BA%E3%83%9B%E3%83%BC%E3%83%A0%E3%80%80%E5%8D%83%E6%9D%BE%E3%81%AE%E9%83%B7%E2%85%A1%E7%95%AA%E9%A4%A8%20%E5%BD%A6%E6%A0%B9%E5%B8%82
第2邂逅の郷特別養護老人ホーム,地域密着型特別養護老人ホーム,滋賀県,彦根市,"介護,地域密着型特別養護老人ホーム,入所",常時介護が必要で在宅生活が難しい方の生活の場となる施設です。入所条件や待機状況を確認します。,http://www.taijyukai.net,彦根市日夏町151番地,0749-28-7951,厚生労働省オープンデータ,https://www.mhlw.go.jp/content/12300000/jigyosho_540.csv,2025-12末,https://www.google.com/search?q=%E7%AC%AC2%E9%82%82%E9%80%85%E3%81%AE%E9%83%B7%E7%89%B9%E5%88%A5%E9%A4%8A%E8%AD%B7%E8%80%81%E4%BA%BA%E3%83%9B%E3%83%BC%E3%83%A0%20%E5%BD%A6%E6%A0%B9%E5%B8%82
特別養護老人ホーム　風蝶木,地域密着型特別養護老人ホーム,滋賀県,彦根市,"介護,地域密着型特別養護老人ホーム,入所",常時介護が必要で在宅生活が難しい方の生活の場となる施設です。入所条件や待機状況を確認します。,http://www.kisoukai.com,滋賀県彦根市極楽寺町596番地,0749-25-5288,厚生労働省オープンデータ,https://www.mhlw.go.jp/content/12300000/jigyosho_540.csv,2025-12末,https://www.google.com/search?q=%E7%89%B9%E5%88%A5%E9%A4%8A%E8%AD%B7%E8%80%81%E4%BA%BA%E3%83%9B%E3%83%BC%E3%83%A0%E3%80%80%E9%A2%A8%E8%9D%B6%E6%9C%A8%20%E5%BD%A6%E6%A0%B9%E5%B8%82
邂逅の郷特別養護老人ホーム,地域密着型特別養護老人ホーム,滋賀県,彦根市,"介護,地域密着型特別養護老人ホーム,入所",常時介護が必要で在宅生活が難しい方の生活の場となる施設です。入所条件や待機状況を確認します。,http://www.taijyukai.net/,滋賀県彦根市日夏町151番地,0749-28-7950,厚生労働省オープンデータ,https://www.mhlw.go.jp/content/12300000/jigyosho_540.csv,2025-12末,https://www.google.com/search?q=%E9%82%82%E9%80%85%E3%81%AE%E9%83%B7%E7%89%B9%E5%88%A5%E9%A4%8A%E8%AD%B7%E8%80%81%E4%BA%BA%E3%83%9B%E3%83%BC%E3%83%A0%20%E5%BD%A6%E6%A0%B9%E5%B8%82
特別養護老人ホーム　ナースログ,地域密着型特別養護老人ホーム,滋賀県,彦根市,"介護,地域密着型特別養護老人ホーム,入所",常時介護が必要で在宅生活が難しい方の生活の場となる施設です。入所条件や待機状況を確認します。,http://www.kisoukai.com,滋賀県彦根市極楽寺町605番地,0749-25-5508,厚生労働省オープンデータ,https://www.mhlw.go.jp/content/12300000/jigyosho_540.csv,2025-12末,https://www.google.com/search?q=%E7%89%B9%E5%88%A5%E9%A4%8A%E8%AD%B7%E8%80%81%E4%BA%BA%E3%83%9B%E3%83%BC%E3%83%A0%E3%80%80%E3%83%8A%E3%83%BC%E3%82%B9%E3%83%AD%E3%82%B0%20%E5%BD%A6%E6%A0%B9%E5%B8%82
特別養護老人ホームまんてん塩津,地域密着型特別養護老人ホーム,滋賀県,長浜市,"介護,地域密着型特別養護老人ホーム,入所",常時介護が必要で在宅生活が難しい方の生活の場となる施設です。入所条件や待機状況を確認します。,www.man-ten.org,滋賀県長浜市西浅井町塩津中１１２３番地,0749-88-8031,厚生労働省オープンデータ,https://www.mhlw.go.jp/content/12300000/jigyosho_540.csv,2025-12末,https://www.google.com/search?q=%E7%89%B9%E5%88%A5%E9%A4%8A%E8%AD%B7%E8%80%81%E4%BA%BA%E3%83%9B%E3%83%BC%E3%83%A0%E3%81%BE%E3%82%93%E3%81%A6%E3%82%93%E5%A1%A9%E6%B4%A5%20%E9%95%B7%E6%B5%9C%E5%B8%82
地域密着型特別養護老人ホーム　あじさいの郷,地域密着型特別養護老人ホーム,滋賀県,長浜市,"介護,地域密着型特別養護老人ホーム,入所",常時介護が必要で在宅生活が難しい方の生活の場となる施設です。入所条件や待機状況を確認します。,sontokukai.com/,滋賀県長浜市余呉町池原85番地特別養護老人ホームあじさいの郷,0749-86-4100,厚生労働省オープンデータ,https://www.mhlw.go.jp/content/12300000/jigyosho_540.csv,2025-12末,https://www.google.com/search?q=%E5%9C%B0%E5%9F%9F%E5%AF%86%E7%9D%80%E5%9E%8B%E7%89%B9%E5%88%A5%E9%A4%8A%E8%AD%B7%E8%80%81%E4%BA%BA%E3%83%9B%E3%83%BC%E3%83%A0%E3%80%80%E3%81%82%E3%81%98%E3%81%95%E3%81%84%E3%81%AE%E9%83%B7%20%E9%95%B7%E6%B5%9C%E5%B8%82
地域密着型介護老人福祉施設　赤煉瓦の郷,地域密着型特別養護老人ホーム,滋賀県,近江八幡市,"介護,地域密着型特別養護老人ホーム,入所",常時介護が必要で在宅生活が難しい方の生活の場となる施設です。入所条件や待機状況を確認します。,https://ichizenkai.com,滋賀県近江八幡市船木町５９番地３,0748-34-7123,厚生労働省オープンデータ,https://www.mhlw.go.jp/content/12300000/jigyosho_540.csv,2025-12末,https://www.google.com/search?q=%E5%9C%B0%E5%9F%9F%E5%AF%86%E7%9D%80%E5%9E%8B%E4%BB%8B%E8%AD%B7%E8%80%81%E4%BA%BA%E7%A6%8F%E7%A5%89%E6%96%BD%E8%A8%AD%E3%80%80%E8%B5%A4%E7%85%89%E7%93%A6%E3%81%AE%E9%83%B7%20%E8%BF%91%E6%B1%9F%E5%85%AB%E5%B9%A1%E5%B8%82
地域密着型特別養護老人ホーム　漫遊の郷,地域密着型特別養護老人ホーム,滋賀県,近江八幡市,"介護,地域密着型特別養護老人ホーム,入所",常時介護が必要で在宅生活が難しい方の生活の場となる施設です。入所条件や待機状況を確認します。,http://www.houjyu-kai.or.jp/,滋賀県近江八幡市十王町1061,0748-36-3797,厚生労働省オープンデータ,https://www.mhlw.go.jp/content/12300000/jigyosho_540.csv,2025-12末,https://www.google.com/search?q=%E5%9C%B0%E5%9F%9F%E5%AF%86%E7%9D%80%E5%9E%8B%E7%89%B9%E5%88%A5%E9%A4%8A%E8%AD%B7%E8%80%81%E4%BA%BA%E3%83%9B%E3%83%BC%E3%83%A0%E3%80%80%E6%BC%AB%E9%81%8A%E3%81%AE%E9%83%B7%20%E8%BF%91%E6%B1%9F%E5%85%AB%E5%B9%A1%E5%B8%82
特別養護老人ホームゆうすいのさと,地域密着型特別養護老人ホーム,滋賀県,草津市,"介護,地域密着型特別養護老人ホーム,入所",常時介護が必要で在宅生活が難しい方の生活の場となる施設です。入所条件や待機状況を確認します。,https://428kai.or.jp/,滋賀県草津市駒井沢町400－1,077-568-3600,厚生労働省オープンデータ,https://www.mhlw.go.jp/content/12300000/jigyosho_540.csv,2025-12末,https://www.google.com/search?q=%E7%89%B9%E5%88%A5%E9%A4%8A%E8%AD%B7%E8%80%81%E4%BA%BA%E3%83%9B%E3%83%BC%E3%83%A0%E3%82%86%E3%81%86%E3%81%99%E3%81%84%E3%81%AE%E3%81%95%E3%81%A8%20%E8%8D%89%E6%B4%A5%E5%B8%82
特別養護老人ホーム　やまでら,地域密着型特別養護老人ホーム,滋賀県,草津市,"介護,地域密着型特別養護老人ホーム,入所",常時介護が必要で在宅生活が難しい方の生活の場となる施設です。入所条件や待機状況を確認します。,https://428kai.or.jp/facility/yamadera/,滋賀県草津市山寺町１１１８,０７７－５６４－８２１６,厚生労働省オープンデータ,https://www.mhlw.go.jp/content/12300000/jigyosho_540.csv,2025-12末,https://www.google.com/search?q=%E7%89%B9%E5%88%A5%E9%A4%8A%E8%AD%B7%E8%80%81%E4%BA%BA%E3%83%9B%E3%83%BC%E3%83%A0%E3%80%80%E3%82%84%E3%81%BE%E3%81%A7%E3%82%89%20%E8%8D%89%E6%B4%A5%E5%B8%82
特別養護老人ホームしあわせ,地域密着型特別養護老人ホーム,滋賀県,草津市,"介護,地域密着型特別養護老人ホーム,入所",常時介護が必要で在宅生活が難しい方の生活の場となる施設です。入所条件や待機状況を確認します。,https://428kai.or.jp/facility/shiawase/,滋賀県草津市南笠町905番地,077-561-3755,厚生労働省オープンデータ,https://www.mhlw.go.jp/content/12300000/jigyosho_540.csv,2025-12末,https://www.google.com/search?q=%E7%89%B9%E5%88%A5%E9%A4%8A%E8%AD%B7%E8%80%81%E4%BA%BA%E3%83%9B%E3%83%BC%E3%83%A0%E3%81%97%E3%81%82%E3%82%8F%E3%81%9B%20%E8%8D%89%E6%B4%A5%E5%B8%82
特別養護老人ホーム　帆の里,地域密着型特別養護老人ホーム,滋賀県,草津市,"介護,地域密着型特別養護老人ホーム,入所",常時介護が必要で在宅生活が難しい方の生活の場となる施設です。入所条件や待機状況を確認します。,https://428kai.or.jp/,矢橋町500-1,077-566-8620,厚生労働省オープンデータ,https://www.mhlw.go.jp/content/12300000/jigyosho_540.csv,2025-12末,https://www.google.com/search?q=%E7%89%B9%E5%88%A5%E9%A4%8A%E8%AD%B7%E8%80%81%E4%BA%BA%E3%83%9B%E3%83%BC%E3%83%A0%E3%80%80%E5%B8%86%E3%81%AE%E9%87%8C%20%E8%8D%89%E6%B4%A5%E5%B8%82
介護老人福祉施設なみき,地域密着型特別養護老人ホーム,滋賀県,草津市,"介護,地域密着型特別養護老人ホーム,入所",常時介護が必要で在宅生活が難しい方の生活の場となる施設です。入所条件や待機状況を確認します。,http://www.popura.or.jp,草津市上笠一丁目1-16,077-563-6600,厚生労働省オープンデータ,https://www.mhlw.go.jp/content/12300000/jigyosho_540.csv,2025-12末,https://www.google.com/search?q=%E4%BB%8B%E8%AD%B7%E8%80%81%E4%BA%BA%E7%A6%8F%E7%A5%89%E6%96%BD%E8%A8%AD%E3%81%AA%E3%81%BF%E3%81%8D%20%E8%8D%89%E6%B4%A5%E5%B8%82
カナリヤの家大門,地域密着型特別養護老人ホーム,滋賀県,守山市,"介護,地域密着型特別養護老人ホーム,入所",常時介護が必要で在宅生活が難しい方の生活の場となる施設です。入所条件や待機状況を確認します。,http://www.kanariya.or.jp,滋賀県守山市大門町284番地,077-584-4710,厚生労働省オープンデータ,https://www.mhlw.go.jp/content/12300000/jigyosho_540.csv,2025-12末,https://www.google.com/search?q=%E3%82%AB%E3%83%8A%E3%83%AA%E3%83%A4%E3%81%AE%E5%AE%B6%E5%A4%A7%E9%96%80%20%E5%AE%88%E5%B1%B1%E5%B8%82
カナリヤの家,地域密着型特別養護老人ホーム,滋賀県,守山市,"介護,地域密着型特別養護老人ホーム,入所",常時介護が必要で在宅生活が難しい方の生活の場となる施設です。入所条件や待機状況を確認します。,http://www.kanariya.or.jp/,守山市三宅町833,077-581-1551,厚生労働省オープンデータ,https://www.mhlw.go.jp/content/12300000/jigyosho_540.csv,2025-12末,https://www.google.com/search?q=%E3%82%AB%E3%83%8A%E3%83%AA%E3%83%A4%E3%81%AE%E5%AE%B6%20%E5%AE%88%E5%B1%B1%E5%B8%82
南平の郷,地域密着型特別養護老人ホーム,滋賀県,守山市,"介護,地域密着型特別養護老人ホーム,入所",常時介護が必要で在宅生活が難しい方の生活の場となる施設です。入所条件や待機状況を確認します。,www.nampei.jp,横江町155,077-599-3555,厚生労働省オープンデータ,https://www.mhlw.go.jp/content/12300000/jigyosho_540.csv,2025-12末,https://www.google.com/search?q=%E5%8D%97%E5%B9%B3%E3%81%AE%E9%83%B7%20%E5%AE%88%E5%B1%B1%E5%B8%82
カナリヤの家大門,地域密着型特別養護老人ホーム,滋賀県,守山市,"介護,地域密着型特別養護老人ホーム,入所",常時介護が必要で在宅生活が難しい方の生活の場となる施設です。入所条件や待機状況を確認します。,https://kaigo-nagisa.com,滋賀県守山市大門町284,077-584-4710,厚生労働省オープンデータ,https://www.mhlw.go.jp/content/12300000/jigyosho_540.csv,2025-12末,https://www.google.com/search?q=%E3%82%AB%E3%83%8A%E3%83%AA%E3%83%A4%E3%81%AE%E5%AE%B6%E5%A4%A7%E9%96%80%20%E5%AE%88%E5%B1%B1%E5%B8%82
特別養護老人ホームひいらぎ,地域密着型特別養護老人ホーム,滋賀県,守山市,"介護,地域密着型特別養護老人ホーム,入所",常時介護が必要で在宅生活が難しい方の生活の場となる施設です。入所条件や待機状況を確認します。,http://oumi-syouseikai.jp,滋賀県守山市荒見町85番地,077-514-1680,厚生労働省オープンデータ,https://www.mhlw.go.jp/content/12300000/jigyosho_540.csv,2025-12末,https://www.google.com/search?q=%E7%89%B9%E5%88%A5%E9%A4%8A%E8%AD%B7%E8%80%81%E4%BA%BA%E3%83%9B%E3%83%BC%E3%83%A0%E3%81%B2%E3%81%84%E3%82%89%E3%81%8E%20%E5%AE%88%E5%B1%B1%E5%B8%82
地域密着型特別養護老人ホームるりあんはうす,地域密着型特別養護老人ホーム,滋賀県,栗東市,"介護,地域密着型特別養護老人ホーム,入所",常時介護が必要で在宅生活が難しい方の生活の場となる施設です。入所条件や待機状況を確認します。,https://rurianhouse.or.jp/,滋賀県栗東市小野８１４番地,077－596－3170,厚生労働省オープンデータ,https://www.mhlw.go.jp/content/12300000/jigyosho_540.csv,2025-12末,https://www.google.com/search?q=%E5%9C%B0%E5%9F%9F%E5%AF%86%E7%9D%80%E5%9E%8B%E7%89%B9%E5%88%A5%E9%A4%8A%E8%AD%B7%E8%80%81%E4%BA%BA%E3%83%9B%E3%83%BC%E3%83%A0%E3%82%8B%E3%82%8A%E3%81%82%E3%82%93%E3%81%AF%E3%81%86%E3%81%99%20%E6%A0%97%E6%9D%B1%E5%B8%82
特別養護老人ホーム　治田の里,地域密着型特別養護老人ホーム,滋賀県,栗東市,"介護,地域密着型特別養護老人ホーム,入所",常時介護が必要で在宅生活が難しい方の生活の場となる施設です。入所条件や待機状況を確認します。,http://www.yotsuba-lcn.or.jp,滋賀県栗東市川辺627番地,077-599-5002,厚生労働省オープンデータ,https://www.mhlw.go.jp/content/12300000/jigyosho_540.csv,2025-12末,https://www.google.com/search?q=%E7%89%B9%E5%88%A5%E9%A4%8A%E8%AD%B7%E8%80%81%E4%BA%BA%E3%83%9B%E3%83%BC%E3%83%A0%E3%80%80%E6%B2%BB%E7%94%B0%E3%81%AE%E9%87%8C%20%E6%A0%97%E6%9D%B1%E5%B8%82
地域密着型特別養護老人ホーム　リトルブック,地域密着型特別養護老人ホーム,滋賀県,甲賀市,"介護,地域密着型特別養護老人ホーム,入所",常時介護が必要で在宅生活が難しい方の生活の場となる施設です。入所条件や待機状況を確認します。,https://www.edeltutiyama.net/,滋賀県甲賀市土山町北土山2061－1,0748-66-1911,厚生労働省オープンデータ,https://www.mhlw.go.jp/content/12300000/jigyosho_540.csv,2025-12末,https://www.google.com/search?q=%E5%9C%B0%E5%9F%9F%E5%AF%86%E7%9D%80%E5%9E%8B%E7%89%B9%E5%88%A5%E9%A4%8A%E8%AD%B7%E8%80%81%E4%BA%BA%E3%83%9B%E3%83%BC%E3%83%A0%E3%80%80%E3%83%AA%E3%83%88%E3%83%AB%E3%83%96%E3%83%83%E3%82%AF%20%E7%94%B2%E8%B3%80%E5%B8%82
特別養護老人ホームぎおうの里,地域密着型特別養護老人ホーム,滋賀県,野洲市,"介護,地域密着型特別養護老人ホーム,入所",常時介護が必要で在宅生活が難しい方の生活の場となる施設です。入所条件や待機状況を確認します。,https://yasujikeikai.jp/,滋賀県野洲市冨波甲1340番地1,077-586-5444,厚生労働省オープンデータ,https://www.mhlw.go.jp/content/12300000/jigyosho_540.csv,2025-12末,https://www.google.com/search?q=%E7%89%B9%E5%88%A5%E9%A4%8A%E8%AD%B7%E8%80%81%E4%BA%BA%E3%83%9B%E3%83%BC%E3%83%A0%E3%81%8E%E3%81%8A%E3%81%86%E3%81%AE%E9%87%8C%20%E9%87%8E%E6%B4%B2%E5%B8%82
特別養護老人ホーム悠紀の里びわ,地域密着型特別養護老人ホーム,滋賀県,野洲市,"介護,地域密着型特別養護老人ホーム,入所",常時介護が必要で在宅生活が難しい方の生活の場となる施設です。入所条件や待機状況を確認します。,https://yasujikeikai.jp/,滋賀県野洲市南桜2131番地1,077-587-4111,厚生労働省オープンデータ,https://www.mhlw.go.jp/content/12300000/jigyosho_540.csv,2025-12末,https://www.google.com/search?q=%E7%89%B9%E5%88%A5%E9%A4%8A%E8%AD%B7%E8%80%81%E4%BA%BA%E3%83%9B%E3%83%BC%E3%83%A0%E6%82%A0%E7%B4%80%E3%81%AE%E9%87%8C%E3%81%B3%E3%82%8F%20%E9%87%8E%E6%B4%B2%E5%B8%82
地域密着型特別養護老人ホームみやのもり,地域密着型特別養護老人ホーム,滋賀県,湖南市,"介護,地域密着型特別養護老人ホーム,入所",常時介護が必要で在宅生活が難しい方の生活の場となる施設です。入所条件や待機状況を確認します。,http://www.hachikikai.com,宮の森1丁目2番1号,0748－77－0016,厚生労働省オープンデータ,https://www.mhlw.go.jp/content/12300000/jigyosho_540.csv,2025-12末,https://www.google.com/search?q=%E5%9C%B0%E5%9F%9F%E5%AF%86%E7%9D%80%E5%9E%8B%E7%89%B9%E5%88%A5%E9%A4%8A%E8%AD%B7%E8%80%81%E4%BA%BA%E3%83%9B%E3%83%BC%E3%83%A0%E3%81%BF%E3%82%84%E3%81%AE%E3%82%82%E3%82%8A%20%E6%B9%96%E5%8D%97%E5%B8%82
小規模特別養護老人ホーム　百伝の杜,地域密着型特別養護老人ホーム,滋賀県,湖南市,"介護,地域密着型特別養護老人ホーム,入所",常時介護が必要で在宅生活が難しい方の生活の場となる施設です。入所条件や待機状況を確認します。,vira12@arrow.ocn.ne.jp,湖南市岩根690番地4,0748-69-7688,厚生労働省オープンデータ,https://www.mhlw.go.jp/content/12300000/jigyosho_540.csv,2025-12末,https://www.google.com/search?q=%E5%B0%8F%E8%A6%8F%E6%A8%A1%E7%89%B9%E5%88%A5%E9%A4%8A%E8%AD%B7%E8%80%81%E4%BA%BA%E3%83%9B%E3%83%BC%E3%83%A0%E3%80%80%E7%99%BE%E4%BC%9D%E3%81%AE%E6%9D%9C%20%E6%B9%96%E5%8D%97%E5%B8%82
小規模特別養護老人ホーム　針っ子,地域密着型特別養護老人ホーム,滋賀県,湖南市,"介護,地域密着型特別養護老人ホーム,入所",常時介護が必要で在宅生活が難しい方の生活の場となる施設です。入所条件や待機状況を確認します。,http://ikuta-hospital.com/shisetsu_satsuki_hariko/,滋賀県湖南市針１３２５番地,0748-71-2223,厚生労働省オープンデータ,https://www.mhlw.go.jp/content/12300000/jigyosho_540.csv,2025-12末,https://www.google.com/search?q=%E5%B0%8F%E8%A6%8F%E6%A8%A1%E7%89%B9%E5%88%A5%E9%A4%8A%E8%AD%B7%E8%80%81%E4%BA%BA%E3%83%9B%E3%83%BC%E3%83%A0%E3%80%80%E9%87%9D%E3%81%A3%E5%AD%90%20%E6%B9%96%E5%8D%97%E5%B8%82
社会福祉法人ゆたか会　地域密着型小規模特別養護老人ホーム　さわの風,地域密着型特別養護老人ホーム,滋賀県,高島市,"介護,地域密着型特別養護老人ホーム,入所",常時介護が必要で在宅生活が難しい方の生活の場となる施設です。入所条件や待機状況を確認します。,yutakakai.jp,滋賀県高島市マキノ町沢1791-1,0740-27-8020,厚生労働省オープンデータ,https://www.mhlw.go.jp/content/12300000/jigyosho_540.csv,2025-12末,https://www.google.com/search?q=%E7%A4%BE%E4%BC%9A%E7%A6%8F%E7%A5%89%E6%B3%95%E4%BA%BA%E3%82%86%E3%81%9F%E3%81%8B%E4%BC%9A%E3%80%80%E5%9C%B0%E5%9F%9F%E5%AF%86%E7%9D%80%E5%9E%8B%E5%B0%8F%E8%A6%8F%E6%A8%A1%E7%89%B9%E5%88%A5%E9%A4%8A%E8%AD%B7%E8%80%81%E4%BA%BA%E3%83%9B%E3%83%BC%E3%83%A0%E3%80%80%E3%81%95%E3%82%8F%E3%81%AE%E9%A2%A8%20%E9%AB%98%E5%B3%B6%E5%B8%82
地域密着型介護老人福祉施設あっとほーむ萩,地域密着型特別養護老人ホーム,滋賀県,高島市,"介護,地域密着型特別養護老人ホーム,入所",常時介護が必要で在宅生活が難しい方の生活の場となる施設です。入所条件や待機状況を確認します。,http://shinasahi-minorikai.or.jp/,滋賀県高島市勝野1－2,0740-36-0122,厚生労働省オープンデータ,https://www.mhlw.go.jp/content/12300000/jigyosho_540.csv,2025-12末,https://www.google.com/search?q=%E5%9C%B0%E5%9F%9F%E5%AF%86%E7%9D%80%E5%9E%8B%E4%BB%8B%E8%AD%B7%E8%80%81%E4%BA%BA%E7%A6%8F%E7%A5%89%E6%96%BD%E8%A8%AD%E3%81%82%E3%81%A3%E3%81%A8%E3%81%BB%E3%83%BC%E3%82%80%E8%90%A9%20%E9%AB%98%E5%B3%B6%E5%B8%82
桜美林シューレ高島,地域密着型特別養護老人ホーム,滋賀県,高島市,"介護,地域密着型特別養護老人ホーム,入所",常時介護が必要で在宅生活が難しい方の生活の場となる施設です。入所条件や待機状況を確認します。,https://os-takashima.org,滋賀県高島市新旭町北畑525-2,0740-28-7666,厚生労働省オープンデータ,https://www.mhlw.go.jp/content/12300000/jigyosho_540.csv,2025-12末,https://www.google.com/search?q=%E6%A1%9C%E7%BE%8E%E6%9E%97%E3%82%B7%E3%83%A5%E3%83%BC%E3%83%AC%E9%AB%98%E5%B3%B6%20%E9%AB%98%E5%B3%B6%E5%B8%82
地域密着型小規模特別養護老人ホームやまゆりの里,地域密着型特別養護老人ホーム,滋賀県,高島市,"介護,地域密着型特別養護老人ホーム,入所",常時介護が必要で在宅生活が難しい方の生活の場となる施設です。入所条件や待機状況を確認します。,http://hatsuho-yamayuri.com,滋賀県高島市朽木市場656,0740-38-8030,厚生労働省オープンデータ,https://www.mhlw.go.jp/content/12300000/jigyosho_540.csv,2025-12末,https://www.google.com/search?q=%E5%9C%B0%E5%9F%9F%E5%AF%86%E7%9D%80%E5%9E%8B%E5%B0%8F%E8%A6%8F%E6%A8%A1%E7%89%B9%E5%88%A5%E9%A4%8A%E8%AD%B7%E8%80%81%E4%BA%BA%E3%83%9B%E3%83%BC%E3%83%A0%E3%82%84%E3%81%BE%E3%82%86%E3%82%8A%E3%81%AE%E9%87%8C%20%E9%AB%98%E5%B3%B6%E5%B8%82
小規模特別養護老人ホームのとがわ,地域密着型特別養護老人ホーム,滋賀県,東近江市,"介護,地域密着型特別養護老人ホーム,入所",常時介護が必要で在宅生活が難しい方の生活の場となる施設です。入所条件や待機状況を確認します。,http://shiga-shinjyukai.or.jp/,滋賀県東近江市新宮町３１６番１,0748-42-3377,厚生労働省オープンデータ,https://www.mhlw.go.jp/content/12300000/jigyosho_540.csv,2025-12末,https://www.google.com/search?q=%E5%B0%8F%E8%A6%8F%E6%A8%A1%E7%89%B9%E5%88%A5%E9%A4%8A%E8%AD%B7%E8%80%81%E4%BA%BA%E3%83%9B%E3%83%BC%E3%83%A0%E3%81%AE%E3%81%A8%E3%81%8C%E3%82%8F%20%E6%9D%B1%E8%BF%91%E6%B1%9F%E5%B8%82
地域密着型特別養護老人ホームきいと,地域密着型特別養護老人ホーム,滋賀県,東近江市,"介護,地域密着型特別養護老人ホーム,入所",常時介護が必要で在宅生活が難しい方の生活の場となる施設です。入所条件や待機状況を確認します。,http://www.rokushinkai.com/service/kiito/,滋賀県東近江市五個荘山本町447番地34,0748-48-7501,厚生労働省オープンデータ,https://www.mhlw.go.jp/content/12300000/jigyosho_540.csv,2025-12末,https://www.google.com/search?q=%E5%9C%B0%E5%9F%9F%E5%AF%86%E7%9D%80%E5%9E%8B%E7%89%B9%E5%88%A5%E9%A4%8A%E8%AD%B7%E8%80%81%E4%BA%BA%E3%83%9B%E3%83%BC%E3%83%A0%E3%81%8D%E3%81%84%E3%81%A8%20%E6%9D%B1%E8%BF%91%E6%B1%9F%E5%B8%82
地域密着型特別養護老人ホーム　菊水ビラ,地域密着型特別養護老人ホーム,滋賀県,東近江市,"介護,地域密着型特別養護老人ホーム,入所",常時介護が必要で在宅生活が難しい方の生活の場となる施設です。入所条件や待機状況を確認します。,http://www.keisenkaikikusuien.com/,東近江市下里町789,0749-45-2718,厚生労働省オープンデータ,https://www.mhlw.go.jp/content/12300000/jigyosho_540.csv,2025-12末,https://www.google.com/search?q=%E5%9C%B0%E5%9F%9F%E5%AF%86%E7%9D%80%E5%9E%8B%E7%89%B9%E5%88%A5%E9%A4%8A%E8%AD%B7%E8%80%81%E4%BA%BA%E3%83%9B%E3%83%BC%E3%83%A0%E3%80%80%E8%8F%8A%E6%B0%B4%E3%83%93%E3%83%A9%20%E6%9D%B1%E8%BF%91%E6%B1%9F%E5%B8%82
地域密着型特別養護老人ホーム　わが家ひだまり,地域密着型特別養護老人ホーム,滋賀県,米原市,"介護,地域密着型特別養護老人ホーム,入所",常時介護が必要で在宅生活が難しい方の生活の場となる施設です。入所条件や待機状況を確認します。,http://www.hidamari-shiga.jp,滋賀県米原市本郷603番1,0749-55-8500,厚生労働省オープンデータ,https://www.mhlw.go.jp/content/12300000/jigyosho_540.csv,2025-12末,https://www.google.com/search?q=%E5%9C%B0%E5%9F%9F%E5%AF%86%E7%9D%80%E5%9E%8B%E7%89%B9%E5%88%A5%E9%A4%8A%E8%AD%B7%E8%80%81%E4%BA%BA%E3%83%9B%E3%83%BC%E3%83%A0%E3%80%80%E3%82%8F%E3%81%8C%E5%AE%B6%E3%81%B2%E3%81%A0%E3%81%BE%E3%82%8A%20%E7%B1%B3%E5%8E%9F%E5%B8%82
特別養護老人ホーム長野の里,地域密着型特別養護老人ホーム,滋賀県,愛荘町,"介護,地域密着型特別養護老人ホーム,入所",常時介護が必要で在宅生活が難しい方の生活の場となる施設です。入所条件や待機状況を確認します。,http://www.nagano-sato.com/,長野1499番地,0749-47-3200,厚生労働省オープンデータ,https://www.mhlw.go.jp/content/12300000/jigyosho_540.csv,2025-12末,https://www.google.com/search?q=%E7%89%B9%E5%88%A5%E9%A4%8A%E8%AD%B7%E8%80%81%E4%BA%BA%E3%83%9B%E3%83%BC%E3%83%A0%E9%95%B7%E9%87%8E%E3%81%AE%E9%87%8C%20%E6%84%9B%E8%8D%98%E7%94%BA
彦根中央介護医療院,介護医療院,滋賀県,彦根市,"介護,介護医療院,医療,入所",長期的な医療管理と介護の両方が必要な方の入所施設です。,https://www.hikone.or.jp/,滋賀県彦根市西今町421,0749-23-1211,厚生労働省オープンデータ,https://www.mhlw.go.jp/content/12300000/jigyosho_550.csv,2025-12末,https://www.google.com/search?q=%E5%BD%A6%E6%A0%B9%E4%B8%AD%E5%A4%AE%E4%BB%8B%E8%AD%B7%E5%8C%BB%E7%99%82%E9%99%A2%20%E5%BD%A6%E6%A0%B9%E5%B8%82
社会医療法人　誠光会　草津介護医療院,介護医療院,滋賀県,草津市,"介護,介護医療院,医療,入所",長期的な医療管理と介護の両方が必要な方の入所施設です。,https://www.kusatsu-gh.or.jp/ghk/,滋賀県草津市矢橋町1629-5,077-516-2121,厚生労働省オープンデータ,https://www.mhlw.go.jp/content/12300000/jigyosho_550.csv,2025-12末,https://www.google.com/search?q=%E7%A4%BE%E4%BC%9A%E5%8C%BB%E7%99%82%E6%B3%95%E4%BA%BA%E3%80%80%E8%AA%A0%E5%85%89%E4%BC%9A%E3%80%80%E8%8D%89%E6%B4%A5%E4%BB%8B%E8%AD%B7%E5%8C%BB%E7%99%82%E9%99%A2%20%E8%8D%89%E6%B4%A5%E5%B8%82
介護医療院生田病院,介護医療院,滋賀県,湖南市,"介護,介護医療院,医療,入所",長期的な医療管理と介護の両方が必要な方の入所施設です。,http://ikuta-hospital.com,滋賀県湖南市菩提寺104-13,0748-74-8577,厚生労働省オープンデータ,https://www.mhlw.go.jp/content/12300000/jigyosho_550.csv,2025-12末,https://www.google.com/search?q=%E4%BB%8B%E8%AD%B7%E5%8C%BB%E7%99%82%E9%99%A2%E7%94%9F%E7%94%B0%E7%97%85%E9%99%A2%20%E6%B9%96%E5%8D%97%E5%B8%82
近江温泉病院介護医療院,介護医療院,滋賀県,東近江市,"介護,介護医療院,医療,入所",長期的な医療管理と介護の両方が必要な方の入所施設です。,http://www.oumi-hp.or.jp,滋賀県東近江市北坂町966近江温泉病院,0749-46-1125,厚生労働省オープンデータ,https://www.mhlw.go.jp/content/12300000/jigyosho_550.csv,2025-12末,https://www.google.com/search?q=%E8%BF%91%E6%B1%9F%E6%B8%A9%E6%B3%89%E7%97%85%E9%99%A2%E4%BB%8B%E8%AD%B7%E5%8C%BB%E7%99%82%E9%99%A2%20%E6%9D%B1%E8%BF%91%E6%B1%9F%E5%B8%82
ニチイケアセンター大津仰木の里,認知症対応型デイサービス,滋賀県,大津市,"介護,認知症対応型デイサービス,認知症",日中に通って食事・入浴・機能訓練・見守りなどを受けるサービスです。,http://www.nichiigakkan.co.jp,大津市仰木の里3丁目5-20,077-574-2631,厚生労働省オープンデータ,https://www.mhlw.go.jp/content/12300000/jigyosho_720.csv,2025-12末,https://www.google.com/search?q=%E3%83%8B%E3%83%81%E3%82%A4%E3%82%B1%E3%82%A2%E3%82%BB%E3%83%B3%E3%82%BF%E3%83%BC%E5%A4%A7%E6%B4%A5%E4%BB%B0%E6%9C%A8%E3%81%AE%E9%87%8C%20%E5%A4%A7%E6%B4%A5%E5%B8%82
南志賀の里ディサービスセンター,認知症対応型デイサービス,滋賀県,大津市,"介護,認知症対応型デイサービス,認知症",日中に通って食事・入浴・機能訓練・見守りなどを受けるサービスです。,https://www.google.com/search?q=%E5%8D%97%E5%BF%97%E8%B3%80%E3%81%AE%E9%87%8C%E3%83%87%E3%82%A3%E3%82%B5%E3%83%BC%E3%83%93%E3%82%B9%E3%82%BB%E3%83%B3%E3%82%BF%E3%83%BC%20%E5%A4%A7%E6%B4%A5%E5%B8%82,滋賀県大津市南志賀３丁目１番１８,077-522-0033,厚生労働省オープンデータ,https://www.mhlw.go.jp/content/12300000/jigyosho_720.csv,2025-12末,https://www.google.com/search?q=%E5%8D%97%E5%BF%97%E8%B3%80%E3%81%AE%E9%87%8C%E3%83%87%E3%82%A3%E3%82%B5%E3%83%BC%E3%83%93%E3%82%B9%E3%82%BB%E3%83%B3%E3%82%BF%E3%83%BC%20%E5%A4%A7%E6%B4%A5%E5%B8%82
デイサービスセンターほっこり,認知症対応型デイサービス,滋賀県,大津市,"介護,認知症対応型デイサービス,認知症",日中に通って食事・入浴・機能訓練・見守りなどを受けるサービスです。,https://www.google.com/search?q=%E3%83%87%E3%82%A4%E3%82%B5%E3%83%BC%E3%83%93%E3%82%B9%E3%82%BB%E3%83%B3%E3%82%BF%E3%83%BC%E3%81%BB%E3%81%A3%E3%81%93%E3%82%8A%20%E5%A4%A7%E6%B4%A5%E5%B8%82,大津市昭和町7-11,077-510-5810,厚生労働省オープンデータ,https://www.mhlw.go.jp/content/12300000/jigyosho_720.csv,2025-12末,https://www.google.com/search?q=%E3%83%87%E3%82%A4%E3%82%B5%E3%83%BC%E3%83%93%E3%82%B9%E3%82%BB%E3%83%B3%E3%82%BF%E3%83%BC%E3%81%BB%E3%81%A3%E3%81%93%E3%82%8A%20%E5%A4%A7%E6%B4%A5%E5%B8%82
やすらぎの郷デイサービスセンター,認知症対応型デイサービス,滋賀県,大津市,"介護,認知症対応型デイサービス,認知症",日中に通って食事・入浴・機能訓練・見守りなどを受けるサービスです。,ysrg710.herb.ocn.ne.jp,滋賀県　大津市下阪本４丁目6－37,077-579-1010,厚生労働省オープンデータ,https://www.mhlw.go.jp/content/12300000/jigyosho_720.csv,2025-12末,https://www.google.com/search?q=%E3%82%84%E3%81%99%E3%82%89%E3%81%8E%E3%81%AE%E9%83%B7%E3%83%87%E3%82%A4%E3%82%B5%E3%83%BC%E3%83%93%E3%82%B9%E3%82%BB%E3%83%B3%E3%82%BF%E3%83%BC%20%E5%A4%A7%E6%B4%A5%E5%B8%82
医療法人湖青会　志賀の里デイサービスセンター,認知症対応型デイサービス,滋賀県,大津市,"介護,認知症対応型デイサービス,認知症",日中に通って食事・入浴・機能訓練・見守りなどを受けるサービスです。,www.koseikai.care,滋賀県大津市和邇高城２７０番２,077-594-0326,厚生労働省オープンデータ,https://www.mhlw.go.jp/content/12300000/jigyosho_720.csv,2025-12末,https://www.google.com/search?q=%E5%8C%BB%E7%99%82%E6%B3%95%E4%BA%BA%E6%B9%96%E9%9D%92%E4%BC%9A%E3%80%80%E5%BF%97%E8%B3%80%E3%81%AE%E9%87%8C%E3%83%87%E3%82%A4%E3%82%B5%E3%83%BC%E3%83%93%E3%82%B9%E3%82%BB%E3%83%B3%E3%82%BF%E3%83%BC%20%E5%A4%A7%E6%B4%A5%E5%B8%82
まごころ大津デイサービスセンター,認知症対応型デイサービス,滋賀県,大津市,"介護,認知症対応型デイサービス,認知症",日中に通って食事・入浴・機能訓練・見守りなどを受けるサービスです。,http://magokoro-ie.net,滋賀県大津市皇子が丘１－１－３０,077-527-7760,厚生労働省オープンデータ,https://www.mhlw.go.jp/content/12300000/jigyosho_720.csv,2025-12末,https://www.google.com/search?q=%E3%81%BE%E3%81%94%E3%81%93%E3%82%8D%E5%A4%A7%E6%B4%A5%E3%83%87%E3%82%A4%E3%82%B5%E3%83%BC%E3%83%93%E3%82%B9%E3%82%BB%E3%83%B3%E3%82%BF%E3%83%BC%20%E5%A4%A7%E6%B4%A5%E5%B8%82
しみんふくし滋賀仰木台デイサービスセンター,認知症対応型デイサービス,滋賀県,大津市,"介護,認知症対応型デイサービス,認知症",日中に通って食事・入浴・機能訓練・見守りなどを受けるサービスです。,http://www.shiminfukushi-shiga.jp/,滋賀県大津市仰木の里東8丁目11-13,077-574-7361,厚生労働省オープンデータ,https://www.mhlw.go.jp/content/12300000/jigyosho_720.csv,2025-12末,https://www.google.com/search?q=%E3%81%97%E3%81%BF%E3%82%93%E3%81%B5%E3%81%8F%E3%81%97%E6%BB%8B%E8%B3%80%E4%BB%B0%E6%9C%A8%E5%8F%B0%E3%83%87%E3%82%A4%E3%82%B5%E3%83%BC%E3%83%93%E3%82%B9%E3%82%BB%E3%83%B3%E3%82%BF%E3%83%BC%20%E5%A4%A7%E6%B4%A5%E5%B8%82
輝生会デイサービス楽寿,認知症対応型デイサービス,滋賀県,大津市,"介護,認知症対応型デイサービス,認知症",日中に通って食事・入浴・機能訓練・見守りなどを受けるサービスです。,http://www.kiseikai.co.jp,滋賀県大津市大萱１丁目５－２８クラベスビル４・５階クラベスビル,077-547-6050,厚生労働省オープンデータ,https://www.mhlw.go.jp/content/12300000/jigyosho_720.csv,2025-12末,https://www.google.com/search?q=%E8%BC%9D%E7%94%9F%E4%BC%9A%E3%83%87%E3%82%A4%E3%82%B5%E3%83%BC%E3%83%93%E3%82%B9%E6%A5%BD%E5%AF%BF%20%E5%A4%A7%E6%B4%A5%E5%B8%82
デイサービスセンターこすもす,認知症対応型デイサービス,滋賀県,大津市,"介護,認知症対応型デイサービス,認知症",日中に通って食事・入浴・機能訓練・見守りなどを受けるサービスです。,https://www.google.com/search?q=%E3%83%87%E3%82%A4%E3%82%B5%E3%83%BC%E3%83%93%E3%82%B9%E3%82%BB%E3%83%B3%E3%82%BF%E3%83%BC%E3%81%93%E3%81%99%E3%82%82%E3%81%99%20%E5%A4%A7%E6%B4%A5%E5%B8%82,大津市坂本６丁目6-31,077-577-1116,厚生労働省オープンデータ,https://www.mhlw.go.jp/content/12300000/jigyosho_720.csv,2025-12末,https://www.google.com/search?q=%E3%83%87%E3%82%A4%E3%82%B5%E3%83%BC%E3%83%93%E3%82%B9%E3%82%BB%E3%83%B3%E3%82%BF%E3%83%BC%E3%81%93%E3%81%99%E3%82%82%E3%81%99%20%E5%A4%A7%E6%B4%A5%E5%B8%82
デイサービスセンターのぞみ,認知症対応型デイサービス,滋賀県,大津市,"介護,認知症対応型デイサービス,認知症",日中に通って食事・入浴・機能訓練・見守りなどを受けるサービスです。,http://nozomi-shiga.com/,滋賀県大津市中庄二丁目１６－４１,077-521-6817,厚生労働省オープンデータ,https://www.mhlw.go.jp/content/12300000/jigyosho_720.csv,2025-12末,https://www.google.com/search?q=%E3%83%87%E3%82%A4%E3%82%B5%E3%83%BC%E3%83%93%E3%82%B9%E3%82%BB%E3%83%B3%E3%82%BF%E3%83%BC%E3%81%AE%E3%81%9E%E3%81%BF%20%E5%A4%A7%E6%B4%A5%E5%B8%82
デイサービス久左,認知症対応型デイサービス,滋賀県,彦根市,"介護,認知症対応型デイサービス,認知症",日中に通って食事・入浴・機能訓練・見守りなどを受けるサービスです。,http://www.chitosekai.net/,滋賀県彦根市河原二丁目１番３号,0749-24-6600,厚生労働省オープンデータ,https://www.mhlw.go.jp/content/12300000/jigyosho_720.csv,2025-12末,https://www.google.com/search?q=%E3%83%87%E3%82%A4%E3%82%B5%E3%83%BC%E3%83%93%E3%82%B9%E4%B9%85%E5%B7%A6%20%E5%BD%A6%E6%A0%B9%E5%B8%82
ぬくもりの家みかさつかさ,認知症対応型デイサービス,滋賀県,彦根市,"介護,認知症対応型デイサービス,認知症",日中に通って食事・入浴・機能訓練・見守りなどを受けるサービスです。,http://homesweethome.jp/,滋賀県彦根市新海町2243-2,0749-43-6114,厚生労働省オープンデータ,https://www.mhlw.go.jp/content/12300000/jigyosho_720.csv,2025-12末,https://www.google.com/search?q=%E3%81%AC%E3%81%8F%E3%82%82%E3%82%8A%E3%81%AE%E5%AE%B6%E3%81%BF%E3%81%8B%E3%81%95%E3%81%A4%E3%81%8B%E3%81%95%20%E5%BD%A6%E6%A0%B9%E5%B8%82
デイサービスセンター鈴の音,認知症対応型デイサービス,滋賀県,彦根市,"介護,認知症対応型デイサービス,認知症",日中に通って食事・入浴・機能訓練・見守りなどを受けるサービスです。,https://suzukihealthcare.co.jp,滋賀県彦根市鳥居本町670,0749-21-5460,厚生労働省オープンデータ,https://www.mhlw.go.jp/content/12300000/jigyosho_720.csv,2025-12末,https://www.google.com/search?q=%E3%83%87%E3%82%A4%E3%82%B5%E3%83%BC%E3%83%93%E3%82%B9%E3%82%BB%E3%83%B3%E3%82%BF%E3%83%BC%E9%88%B4%E3%81%AE%E9%9F%B3%20%E5%BD%A6%E6%A0%B9%E5%B8%82
すみよしクリニックデイサービスセンター,認知症対応型デイサービス,滋賀県,彦根市,"介護,認知症対応型デイサービス,認知症",日中に通って食事・入浴・機能訓練・見守りなどを受けるサービスです。,http://www.koyoukai.com/dayservice,滋賀県彦根市竹ヶ鼻町292-1,0749-26-2468,厚生労働省オープンデータ,https://www.mhlw.go.jp/content/12300000/jigyosho_720.csv,2025-12末,https://www.google.com/search?q=%E3%81%99%E3%81%BF%E3%82%88%E3%81%97%E3%82%AF%E3%83%AA%E3%83%8B%E3%83%83%E3%82%AF%E3%83%87%E3%82%A4%E3%82%B5%E3%83%BC%E3%83%93%E3%82%B9%E3%82%BB%E3%83%B3%E3%82%BF%E3%83%BC%20%E5%BD%A6%E6%A0%B9%E5%B8%82
あったかハウス京町デイサービスセンター,認知症対応型デイサービス,滋賀県,彦根市,"介護,認知症対応型デイサービス,認知症",日中に通って食事・入浴・機能訓練・見守りなどを受けるサービスです。,http://www.iscare.co.jp,滋賀県彦根市京町1町目4-7,0749-30-0170,厚生労働省オープンデータ,https://www.mhlw.go.jp/content/12300000/jigyosho_720.csv,2025-12末,https://www.google.com/search?q=%E3%81%82%E3%81%A3%E3%81%9F%E3%81%8B%E3%83%8F%E3%82%A6%E3%82%B9%E4%BA%AC%E7%94%BA%E3%83%87%E3%82%A4%E3%82%B5%E3%83%BC%E3%83%93%E3%82%B9%E3%82%BB%E3%83%B3%E3%82%BF%E3%83%BC%20%E5%BD%A6%E6%A0%B9%E5%B8%82
あったかハウス甘呂デイサービスセンター,認知症対応型デイサービス,滋賀県,彦根市,"介護,認知症対応型デイサービス,認知症",日中に通って食事・入浴・機能訓練・見守りなどを受けるサービスです。,http://www.iscare.co.jp,滋賀県彦根市甘呂町490,0749-28-1710,厚生労働省オープンデータ,https://www.mhlw.go.jp/content/12300000/jigyosho_720.csv,2025-12末,https://www.google.com/search?q=%E3%81%82%E3%81%A3%E3%81%9F%E3%81%8B%E3%83%8F%E3%82%A6%E3%82%B9%E7%94%98%E5%91%82%E3%83%87%E3%82%A4%E3%82%B5%E3%83%BC%E3%83%93%E3%82%B9%E3%82%BB%E3%83%B3%E3%82%BF%E3%83%BC%20%E5%BD%A6%E6%A0%B9%E5%B8%82
デイサービスセンターべるグリーン,認知症対応型デイサービス,滋賀県,彦根市,"介護,認知症対応型デイサービス,認知症",日中に通って食事・入浴・機能訓練・見守りなどを受けるサービスです。,http://suzukihealthcare.co.jp,滋賀県彦根市田原町８７－２,0749-43-7661,厚生労働省オープンデータ,https://www.mhlw.go.jp/content/12300000/jigyosho_720.csv,2025-12末,https://www.google.com/search?q=%E3%83%87%E3%82%A4%E3%82%B5%E3%83%BC%E3%83%93%E3%82%B9%E3%82%BB%E3%83%B3%E3%82%BF%E3%83%BC%E3%81%B9%E3%82%8B%E3%82%B0%E3%83%AA%E3%83%BC%E3%83%B3%20%E5%BD%A6%E6%A0%B9%E5%B8%82
デイホームぶどう,認知症対応型デイサービス,滋賀県,彦根市,"介護,認知症対応型デイサービス,認知症",日中に通って食事・入浴・機能訓練・見守りなどを受けるサービスです。,https://www.budou-kiboukai.com/dayhome,彦根市後三条町４６８番地,0749-26-3135,厚生労働省オープンデータ,https://www.mhlw.go.jp/content/12300000/jigyosho_720.csv,2025-12末,https://www.google.com/search?q=%E3%83%87%E3%82%A4%E3%83%9B%E3%83%BC%E3%83%A0%E3%81%B6%E3%81%A9%E3%81%86%20%E5%BD%A6%E6%A0%B9%E5%B8%82
平田デイサービス爽やかな風,認知症対応型デイサービス,滋賀県,彦根市,"介護,認知症対応型デイサービス,認知症",日中に通って食事・入浴・機能訓練・見守りなどを受けるサービスです。,https://www.sanga-kaigo.co.jp/,滋賀県　彦根市　平田町1114-1ひらた翔裕館Ⅰ号館,0749-21-2881,厚生労働省オープンデータ,https://www.mhlw.go.jp/content/12300000/jigyosho_720.csv,2025-12末,https://www.google.com/search?q=%E5%B9%B3%E7%94%B0%E3%83%87%E3%82%A4%E3%82%B5%E3%83%BC%E3%83%93%E3%82%B9%E7%88%BD%E3%82%84%E3%81%8B%E3%81%AA%E9%A2%A8%20%E5%BD%A6%E6%A0%B9%E5%B8%82
ほんわかサロン　まんてん塩津,認知症対応型デイサービス,滋賀県,長浜市,"介護,認知症対応型デイサービス,認知症",日中に通って食事・入浴・機能訓練・見守りなどを受けるサービスです。,https://www.google.com/search?q=%E3%81%BB%E3%82%93%E3%82%8F%E3%81%8B%E3%82%B5%E3%83%AD%E3%83%B3%E3%80%80%E3%81%BE%E3%82%93%E3%81%A6%E3%82%93%E5%A1%A9%E6%B4%A5%20%E9%95%B7%E6%B5%9C%E5%B8%82,滋賀県長浜市西浅井町塩津中270,0749-88-0031,厚生労働省オープンデータ,https://www.mhlw.go.jp/content/12300000/jigyosho_720.csv,2025-12末,https://www.google.com/search?q=%E3%81%BB%E3%82%93%E3%82%8F%E3%81%8B%E3%82%B5%E3%83%AD%E3%83%B3%E3%80%80%E3%81%BE%E3%82%93%E3%81%A6%E3%82%93%E5%A1%A9%E6%B4%A5%20%E9%95%B7%E6%B5%9C%E5%B8%82
デイサービスほのか,認知症対応型デイサービス,滋賀県,長浜市,"介護,認知症対応型デイサービス,認知症",日中に通って食事・入浴・機能訓練・見守りなどを受けるサービスです。,http://nagahama-honoka.net/,滋賀県長浜市加納町989-6,0749-50-7596,厚生労働省オープンデータ,https://www.mhlw.go.jp/content/12300000/jigyosho_720.csv,2025-12末,https://www.google.com/search?q=%E3%83%87%E3%82%A4%E3%82%B5%E3%83%BC%E3%83%93%E3%82%B9%E3%81%BB%E3%81%AE%E3%81%8B%20%E9%95%B7%E6%B5%9C%E5%B8%82
デイサービスセンター中重　かすみそう,認知症対応型デイサービス,滋賀県,長浜市,"介護,認知症対応型デイサービス,認知症",日中に通って食事・入浴・機能訓練・見守りなどを受けるサービスです。,http://care-care.jp/kaigo/ty_facilities.php?tyid=92,長浜市高月町横山298番地,0749‐85‐8118,厚生労働省オープンデータ,https://www.mhlw.go.jp/content/12300000/jigyosho_720.csv,2025-12末,https://www.google.com/search?q=%E3%83%87%E3%82%A4%E3%82%B5%E3%83%BC%E3%83%93%E3%82%B9%E3%82%BB%E3%83%B3%E3%82%BF%E3%83%BC%E4%B8%AD%E9%87%8D%E3%80%80%E3%81%8B%E3%81%99%E3%81%BF%E3%81%9D%E3%81%86%20%E9%95%B7%E6%B5%9C%E5%B8%82
長浜長寿デイサービスセンター,認知症対応型デイサービス,滋賀県,長浜市,"介護,認知症対応型デイサービス,認知症",日中に通って食事・入浴・機能訓練・見守りなどを受けるサービスです。,http://www.seishokai.jp/seijoen,滋賀県長浜市朝日町１９－３,0749-63-5999,厚生労働省オープンデータ,https://www.mhlw.go.jp/content/12300000/jigyosho_720.csv,2025-12末,https://www.google.com/search?q=%E9%95%B7%E6%B5%9C%E9%95%B7%E5%AF%BF%E3%83%87%E3%82%A4%E3%82%B5%E3%83%BC%E3%83%93%E3%82%B9%E3%82%BB%E3%83%B3%E3%82%BF%E3%83%BC%20%E9%95%B7%E6%B5%9C%E5%B8%82
ほんわかリビング　まんてん小谷,認知症対応型デイサービス,滋賀県,長浜市,"介護,認知症対応型デイサービス,認知症",日中に通って食事・入浴・機能訓練・見守りなどを受けるサービスです。,http://odani.swo-shinai.org/,滋賀県長浜市小谷郡上町５６２番地,0749-78-8101,厚生労働省オープンデータ,https://www.mhlw.go.jp/content/12300000/jigyosho_720.csv,2025-12末,https://www.google.com/search?q=%E3%81%BB%E3%82%93%E3%82%8F%E3%81%8B%E3%83%AA%E3%83%93%E3%83%B3%E3%82%B0%E3%80%80%E3%81%BE%E3%82%93%E3%81%A6%E3%82%93%E5%B0%8F%E8%B0%B7%20%E9%95%B7%E6%B5%9C%E5%B8%82
デイサービスセンター　花みずき,認知症対応型デイサービス,滋賀県,長浜市,"介護,認知症対応型デイサービス,認知症",日中に通って食事・入浴・機能訓練・見守りなどを受けるサービスです。,http://o-kourakukai.or.jp/,滋賀県長浜市下坂中町２００番地１,0749-68-4017,厚生労働省オープンデータ,https://www.mhlw.go.jp/content/12300000/jigyosho_720.csv,2025-12末,https://www.google.com/search?q=%E3%83%87%E3%82%A4%E3%82%B5%E3%83%BC%E3%83%93%E3%82%B9%E3%82%BB%E3%83%B3%E3%82%BF%E3%83%BC%E3%80%80%E8%8A%B1%E3%81%BF%E3%81%9A%E3%81%8D%20%E9%95%B7%E6%B5%9C%E5%B8%82
ﾃﾞｲｻｰﾋﾞｽｾﾝﾀｰ　ただすの森,認知症対応型デイサービス,滋賀県,長浜市,"介護,認知症対応型デイサービス,認知症",日中に通って食事・入浴・機能訓練・見守りなどを受けるサービスです。,http：//www.o-kourakukai.or.jp,滋賀県長浜市下坂中町２００－１,0749-68-4012,厚生労働省オープンデータ,https://www.mhlw.go.jp/content/12300000/jigyosho_720.csv,2025-12末,https://www.google.com/search?q=%EF%BE%83%EF%BE%9E%EF%BD%B2%EF%BD%BB%EF%BD%B0%EF%BE%8B%EF%BE%9E%EF%BD%BD%EF%BD%BE%EF%BE%9D%EF%BE%80%EF%BD%B0%E3%80%80%E3%81%9F%E3%81%A0%E3%81%99%E3%81%AE%E6%A3%AE%20%E9%95%B7%E6%B5%9C%E5%B8%82
デイサービスセンター　ほほえみ,認知症対応型デイサービス,滋賀県,長浜市,"介護,認知症対応型デイサービス,認知症",日中に通って食事・入浴・機能訓練・見守りなどを受けるサービスです。,http://www.o-kourakukai.or.jp,滋賀県長浜市下坂中町２００番地１,0749-68-4014,厚生労働省オープンデータ,https://www.mhlw.go.jp/content/12300000/jigyosho_720.csv,2025-12末,https://www.google.com/search?q=%E3%83%87%E3%82%A4%E3%82%B5%E3%83%BC%E3%83%93%E3%82%B9%E3%82%BB%E3%83%B3%E3%82%BF%E3%83%BC%E3%80%80%E3%81%BB%E3%81%BB%E3%81%88%E3%81%BF%20%E9%95%B7%E6%B5%9C%E5%B8%82
認知症デイサービス事業所　さくら番場,認知症対応型デイサービス,滋賀県,長浜市,"介護,認知症対応型デイサービス,認知症",日中に通って食事・入浴・機能訓練・見守りなどを受けるサービスです。,http://www.glow.or.jp,長浜市高畑町２０７,0749-74-9155,厚生労働省オープンデータ,https://www.mhlw.go.jp/content/12300000/jigyosho_720.csv,2025-12末,https://www.google.com/search?q=%E8%AA%8D%E7%9F%A5%E7%97%87%E3%83%87%E3%82%A4%E3%82%B5%E3%83%BC%E3%83%93%E3%82%B9%E4%BA%8B%E6%A5%AD%E6%89%80%E3%80%80%E3%81%95%E3%81%8F%E3%82%89%E7%95%AA%E5%A0%B4%20%E9%95%B7%E6%B5%9C%E5%B8%82
デイケアハウスおかえり,認知症対応型デイサービス,滋賀県,近江八幡市,"介護,認知症対応型デイサービス,認知症",日中に通って食事・入浴・機能訓練・見守りなどを受けるサービスです。,http://hoonoki.or.jp/,中小森町600,0748-31-3150,厚生労働省オープンデータ,https://www.mhlw.go.jp/content/12300000/jigyosho_720.csv,2025-12末,https://www.google.com/search?q=%E3%83%87%E3%82%A4%E3%82%B1%E3%82%A2%E3%83%8F%E3%82%A6%E3%82%B9%E3%81%8A%E3%81%8B%E3%81%88%E3%82%8A%20%E8%BF%91%E6%B1%9F%E5%85%AB%E5%B9%A1%E5%B8%82
デイサービスセンター　あっとほーむ,認知症対応型デイサービス,滋賀県,近江八幡市,"介護,認知症対応型デイサービス,認知症",日中に通って食事・入浴・機能訓練・見守りなどを受けるサービスです。,http://www.kohitujikai.net,近江八幡市船木町１１９２－５,0748-31-3132,厚生労働省オープンデータ,https://www.mhlw.go.jp/content/12300000/jigyosho_720.csv,2025-12末,https://www.google.com/search?q=%E3%83%87%E3%82%A4%E3%82%B5%E3%83%BC%E3%83%93%E3%82%B9%E3%82%BB%E3%83%B3%E3%82%BF%E3%83%BC%E3%80%80%E3%81%82%E3%81%A3%E3%81%A8%E3%81%BB%E3%83%BC%E3%82%80%20%E8%BF%91%E6%B1%9F%E5%85%AB%E5%B9%A1%E5%B8%82
ケアホーム木もれび,認知症対応型デイサービス,滋賀県,近江八幡市,"介護,認知症対応型デイサービス,認知症",日中に通って食事・入浴・機能訓練・見守りなどを受けるサービスです。,carehomekomorebi@gmail.com,滋賀県近江八幡市西生来町2402-17,0748-37-7373,厚生労働省オープンデータ,https://www.mhlw.go.jp/content/12300000/jigyosho_720.csv,2025-12末,https://www.google.com/search?q=%E3%82%B1%E3%82%A2%E3%83%9B%E3%83%BC%E3%83%A0%E6%9C%A8%E3%82%82%E3%82%8C%E3%81%B3%20%E8%BF%91%E6%B1%9F%E5%85%AB%E5%B9%A1%E5%B8%82
しが健康医療生活協同組合　デイサービスセンターにじの家　くさつ,認知症対応型デイサービス,滋賀県,草津市,"介護,認知症対応型デイサービス,認知症",日中に通って食事・入浴・機能訓練・見守りなどを受けるサービスです。,https://www.google.com/search?q=%E3%81%97%E3%81%8C%E5%81%A5%E5%BA%B7%E5%8C%BB%E7%99%82%E7%94%9F%E6%B4%BB%E5%8D%94%E5%90%8C%E7%B5%84%E5%90%88%E3%80%80%E3%83%87%E3%82%A4%E3%82%B5%E3%83%BC%E3%83%93%E3%82%B9%E3%82%BB%E3%83%B3%E3%82%BF%E3%83%BC%E3%81%AB%E3%81%98%E3%81%AE%E5%AE%B6%E3%80%80%E3%81%8F%E3%81%95%E3%81%A4%20%E8%8D%89%E6%B4%A5%E5%B8%82,草津市野村7丁目9番17号,077-514-7010,厚生労働省オープンデータ,https://www.mhlw.go.jp/content/12300000/jigyosho_720.csv,2025-12末,https://www.google.com/search?q=%E3%81%97%E3%81%8C%E5%81%A5%E5%BA%B7%E5%8C%BB%E7%99%82%E7%94%9F%E6%B4%BB%E5%8D%94%E5%90%8C%E7%B5%84%E5%90%88%E3%80%80%E3%83%87%E3%82%A4%E3%82%B5%E3%83%BC%E3%83%93%E3%82%B9%E3%82%BB%E3%83%B3%E3%82%BF%E3%83%BC%E3%81%AB%E3%81%98%E3%81%AE%E5%AE%B6%E3%80%80%E3%81%8F%E3%81%95%E3%81%A4%20%E8%8D%89%E6%B4%A5%E5%B8%82
社会福祉法人慈惠会ゆいの里守山デイサービスセンター,認知症対応型デイサービス,滋賀県,守山市,"介護,認知症対応型デイサービス,認知症",日中に通って食事・入浴・機能訓練・見守りなどを受けるサービスです。,http://www.yuinosato.or.jp,守山市洲本町１番地,077-585-5020,厚生労働省オープンデータ,https://www.mhlw.go.jp/content/12300000/jigyosho_720.csv,2025-12末,https://www.google.com/search?q=%E7%A4%BE%E4%BC%9A%E7%A6%8F%E7%A5%89%E6%B3%95%E4%BA%BA%E6%85%88%E6%83%A0%E4%BC%9A%E3%82%86%E3%81%84%E3%81%AE%E9%87%8C%E5%AE%88%E5%B1%B1%E3%83%87%E3%82%A4%E3%82%B5%E3%83%BC%E3%83%93%E3%82%B9%E3%82%BB%E3%83%B3%E3%82%BF%E3%83%BC%20%E5%AE%88%E5%B1%B1%E5%B8%82
藤本クリニックデイサービスセンター,認知症対応型デイサービス,滋賀県,守山市,"介護,認知症対応型デイサービス,認知症",日中に通って食事・入浴・機能訓練・見守りなどを受けるサービスです。,http：//www.fujimoto-clinic.net/,滋賀県守山市梅田町2-1-302,077-582-6032,厚生労働省オープンデータ,https://www.mhlw.go.jp/content/12300000/jigyosho_720.csv,2025-12末,https://www.google.com/search?q=%E8%97%A4%E6%9C%AC%E3%82%AF%E3%83%AA%E3%83%8B%E3%83%83%E3%82%AF%E3%83%87%E3%82%A4%E3%82%B5%E3%83%BC%E3%83%93%E3%82%B9%E3%82%BB%E3%83%B3%E3%82%BF%E3%83%BC%20%E5%AE%88%E5%B1%B1%E5%B8%82
認知症対応型デイサービスひだまり,認知症対応型デイサービス,滋賀県,守山市,"介護,認知症対応型デイサービス,認知症",日中に通って食事・入浴・機能訓練・見守りなどを受けるサービスです。,http://www.moriyama-shakyo.or.jp,滋賀県守山市石田町422番地社協石田ケアセンター,077-585-2200,厚生労働省オープンデータ,https://www.mhlw.go.jp/content/12300000/jigyosho_720.csv,2025-12末,https://www.google.com/search?q=%E8%AA%8D%E7%9F%A5%E7%97%87%E5%AF%BE%E5%BF%9C%E5%9E%8B%E3%83%87%E3%82%A4%E3%82%B5%E3%83%BC%E3%83%93%E3%82%B9%E3%81%B2%E3%81%A0%E3%81%BE%E3%82%8A%20%E5%AE%88%E5%B1%B1%E5%B8%82
甲賀市デイサービスセンター,認知症対応型デイサービス,滋賀県,甲賀市,"介護,認知症対応型デイサービス,認知症",日中に通って食事・入浴・機能訓練・見守りなどを受けるサービスです。,https://www.google.com/search?q=%E7%94%B2%E8%B3%80%E5%B8%82%E3%83%87%E3%82%A4%E3%82%B5%E3%83%BC%E3%83%93%E3%82%B9%E3%82%BB%E3%83%B3%E3%82%BF%E3%83%BC%20%E7%94%B2%E8%B3%80%E5%B8%82,滋賀県甲賀市水口町宇川２５番地,0748-63-6080,厚生労働省オープンデータ,https://www.mhlw.go.jp/content/12300000/jigyosho_720.csv,2025-12末,https://www.google.com/search?q=%E7%94%B2%E8%B3%80%E5%B8%82%E3%83%87%E3%82%A4%E3%82%B5%E3%83%BC%E3%83%93%E3%82%B9%E3%82%BB%E3%83%B3%E3%82%BF%E3%83%BC%20%E7%94%B2%E8%B3%80%E5%B8%82
グループホームせせらぎ,認知症対応型デイサービス,滋賀県,甲賀市,"介護,認知症対応型デイサービス,認知症",日中に通って食事・入浴・機能訓練・見守りなどを受けるサービスです。,gh-soudan@kohnankai.jp,滋賀県甲賀市甲南町葛木869番地2グループホームせせらぎ,0748－86－0033,厚生労働省オープンデータ,https://www.mhlw.go.jp/content/12300000/jigyosho_720.csv,2025-12末,https://www.google.com/search?q=%E3%82%B0%E3%83%AB%E3%83%BC%E3%83%97%E3%83%9B%E3%83%BC%E3%83%A0%E3%81%9B%E3%81%9B%E3%82%89%E3%81%8E%20%E7%94%B2%E8%B3%80%E5%B8%82
デイサービスセンターあさひがおか,認知症対応型デイサービス,滋賀県,甲賀市,"介護,認知症対応型デイサービス,認知症",日中に通って食事・入浴・機能訓練・見守りなどを受けるサービスです。,http://www.hachikikai.com,滋賀県甲賀市水口町朝日が丘6番37号,0748-65-0772,厚生労働省オープンデータ,https://www.mhlw.go.jp/content/12300000/jigyosho_720.csv,2025-12末,https://www.google.com/search?q=%E3%83%87%E3%82%A4%E3%82%B5%E3%83%BC%E3%83%93%E3%82%B9%E3%82%BB%E3%83%B3%E3%82%BF%E3%83%BC%E3%81%82%E3%81%95%E3%81%B2%E3%81%8C%E3%81%8A%E3%81%8B%20%E7%94%B2%E8%B3%80%E5%B8%82
社会福祉法人湖青福祉会かふかの里デイサービスセンター,認知症対応型デイサービス,滋賀県,甲賀市,"介護,認知症対応型デイサービス,認知症",日中に通って食事・入浴・機能訓練・見守りなどを受けるサービスです。,http://www.kosei-f.jp/,滋賀県甲賀市甲賀町大原中1161番地,0748-88-8177,厚生労働省オープンデータ,https://www.mhlw.go.jp/content/12300000/jigyosho_720.csv,2025-12末,https://www.google.com/search?q=%E7%A4%BE%E4%BC%9A%E7%A6%8F%E7%A5%89%E6%B3%95%E4%BA%BA%E6%B9%96%E9%9D%92%E7%A6%8F%E7%A5%89%E4%BC%9A%E3%81%8B%E3%81%B5%E3%81%8B%E3%81%AE%E9%87%8C%E3%83%87%E3%82%A4%E3%82%B5%E3%83%BC%E3%83%93%E3%82%B9%E3%82%BB%E3%83%B3%E3%82%BF%E3%83%BC%20%E7%94%B2%E8%B3%80%E5%B8%82
ひなたぼっこつちやま,認知症対応型デイサービス,滋賀県,甲賀市,"介護,認知症対応型デイサービス,認知症",日中に通って食事・入浴・機能訓練・見守りなどを受けるサービスです。,http://hinata-bokko.org/,滋賀県甲賀市土山町北土山1553-2,0748-70-2471,厚生労働省オープンデータ,https://www.mhlw.go.jp/content/12300000/jigyosho_720.csv,2025-12末,https://www.google.com/search?q=%E3%81%B2%E3%81%AA%E3%81%9F%E3%81%BC%E3%81%A3%E3%81%93%E3%81%A4%E3%81%A1%E3%82%84%E3%81%BE%20%E7%94%B2%E8%B3%80%E5%B8%82
デイサービス笑おう家,認知症対応型デイサービス,滋賀県,野洲市,"介護,認知症対応型デイサービス,認知症",日中に通って食事・入浴・機能訓練・見守りなどを受けるサービスです。,https://www.google.com/search?q=%E3%83%87%E3%82%A4%E3%82%B5%E3%83%BC%E3%83%93%E3%82%B9%E7%AC%91%E3%81%8A%E3%81%86%E5%AE%B6%20%E9%87%8E%E6%B4%B2%E5%B8%82,滋賀県野洲市行畑102-8,077-584-4333,厚生労働省オープンデータ,https://www.mhlw.go.jp/content/12300000/jigyosho_720.csv,2025-12末,https://www.google.com/search?q=%E3%83%87%E3%82%A4%E3%82%B5%E3%83%BC%E3%83%93%E3%82%B9%E7%AC%91%E3%81%8A%E3%81%86%E5%AE%B6%20%E9%87%8E%E6%B4%B2%E5%B8%82
中央デイサービスセンターしんあい,認知症対応型デイサービス,滋賀県,湖南市,"介護,認知症対応型デイサービス,認知症",日中に通って食事・入浴・機能訓練・見守りなどを受けるサービスです。,http://chiiroba.jp/,滋賀県湖南市中央4丁目93番地,0748-72-6889,厚生労働省オープンデータ,https://www.mhlw.go.jp/content/12300000/jigyosho_720.csv,2025-12末,https://www.google.com/search?q=%E4%B8%AD%E5%A4%AE%E3%83%87%E3%82%A4%E3%82%B5%E3%83%BC%E3%83%93%E3%82%B9%E3%82%BB%E3%83%B3%E3%82%BF%E3%83%BC%E3%81%97%E3%82%93%E3%81%82%E3%81%84%20%E6%B9%96%E5%8D%97%E5%B8%82
ぼだいじデイサービスセンターいこい,認知症対応型デイサービス,滋賀県,湖南市,"介護,認知症対応型デイサービス,認知症",日中に通って食事・入浴・機能訓練・見守りなどを受けるサービスです。,https://chiiroba.jp/,湖南市菩提寺東4丁目1-5,0748-74-3902,厚生労働省オープンデータ,https://www.mhlw.go.jp/content/12300000/jigyosho_720.csv,2025-12末,https://www.google.com/search?q=%E3%81%BC%E3%81%A0%E3%81%84%E3%81%98%E3%83%87%E3%82%A4%E3%82%B5%E3%83%BC%E3%83%93%E3%82%B9%E3%82%BB%E3%83%B3%E3%82%BF%E3%83%BC%E3%81%84%E3%81%93%E3%81%84%20%E6%B9%96%E5%8D%97%E5%B8%82
デイサービスセンターらく,認知症対応型デイサービス,滋賀県,湖南市,"介護,認知症対応型デイサービス,認知症",日中に通って食事・入浴・機能訓練・見守りなどを受けるサービスです。,http://www.glow.or.jp/,滋賀県湖南市西峰町1-1,0748-75-7196,厚生労働省オープンデータ,https://www.mhlw.go.jp/content/12300000/jigyosho_720.csv,2025-12末,https://www.google.com/search?q=%E3%83%87%E3%82%A4%E3%82%B5%E3%83%BC%E3%83%93%E3%82%B9%E3%82%BB%E3%83%B3%E3%82%BF%E3%83%BC%E3%82%89%E3%81%8F%20%E6%B9%96%E5%8D%97%E5%B8%82
デイサービスセンター　にこにこ,認知症対応型デイサービス,滋賀県,湖南市,"介護,認知症対応型デイサービス,認知症",日中に通って食事・入浴・機能訓練・見守りなどを受けるサービスです。,http://www.hachikikai.com,滋賀県湖南市石部西一丁目3番30号,0748-77-2022,厚生労働省オープンデータ,https://www.mhlw.go.jp/content/12300000/jigyosho_720.csv,2025-12末,https://www.google.com/search?q=%E3%83%87%E3%82%A4%E3%82%B5%E3%83%BC%E3%83%93%E3%82%B9%E3%82%BB%E3%83%B3%E3%82%BF%E3%83%BC%E3%80%80%E3%81%AB%E3%81%93%E3%81%AB%E3%81%93%20%E6%B9%96%E5%8D%97%E5%B8%82
デイサービスセンターいまづ,認知症対応型デイサービス,滋賀県,高島市,"介護,認知症対応型デイサービス,認知症",日中に通って食事・入浴・機能訓練・見守りなどを受けるサービスです。,https://www.google.com/search?q=%E3%83%87%E3%82%A4%E3%82%B5%E3%83%BC%E3%83%93%E3%82%B9%E3%82%BB%E3%83%B3%E3%82%BF%E3%83%BC%E3%81%84%E3%81%BE%E3%81%A5%20%E9%AB%98%E5%B3%B6%E5%B8%82,滋賀県高島市今津町弘川１５３３－１,0740-22-1194,厚生労働省オープンデータ,https://www.mhlw.go.jp/content/12300000/jigyosho_720.csv,2025-12末,https://www.google.com/search?q=%E3%83%87%E3%82%A4%E3%82%B5%E3%83%BC%E3%83%93%E3%82%B9%E3%82%BB%E3%83%B3%E3%82%BF%E3%83%BC%E3%81%84%E3%81%BE%E3%81%A5%20%E9%AB%98%E5%B3%B6%E5%B8%82
高島市社会福祉協議会きらりマキノ,認知症対応型デイサービス,滋賀県,高島市,"介護,認知症対応型デイサービス,認知症",日中に通って食事・入浴・機能訓練・見守りなどを受けるサービスです。,https://www.google.com/search?q=%E9%AB%98%E5%B3%B6%E5%B8%82%E7%A4%BE%E4%BC%9A%E7%A6%8F%E7%A5%89%E5%8D%94%E8%AD%B0%E4%BC%9A%E3%81%8D%E3%82%89%E3%82%8A%E3%83%9E%E3%82%AD%E3%83%8E%20%E9%AB%98%E5%B3%B6%E5%B8%82,滋賀県高島市マキノ町新保１０９５番地,0740-27-1823,厚生労働省オープンデータ,https://www.mhlw.go.jp/content/12300000/jigyosho_720.csv,2025-12末,https://www.google.com/search?q=%E9%AB%98%E5%B3%B6%E5%B8%82%E7%A4%BE%E4%BC%9A%E7%A6%8F%E7%A5%89%E5%8D%94%E8%AD%B0%E4%BC%9A%E3%81%8D%E3%82%89%E3%82%8A%E3%83%9E%E3%82%AD%E3%83%8E%20%E9%AB%98%E5%B3%B6%E5%B8%82
デイサービス七彩,認知症対応型デイサービス,滋賀県,東近江市,"介護,認知症対応型デイサービス,認知症",日中に通って食事・入浴・機能訓練・見守りなどを受けるサービスです。,http://npo-nanairo.com,滋賀県東近江市葛巻町394番地,0748-55-8105,厚生労働省オープンデータ,https://www.mhlw.go.jp/content/12300000/jigyosho_720.csv,2025-12末,https://www.google.com/search?q=%E3%83%87%E3%82%A4%E3%82%B5%E3%83%BC%E3%83%93%E3%82%B9%E4%B8%83%E5%BD%A9%20%E6%9D%B1%E8%BF%91%E6%B1%9F%E5%B8%82
認知症対応型デイサービスやすらぎの里,認知症対応型デイサービス,滋賀県,東近江市,"介護,認知症対応型デイサービス,認知症",日中に通って食事・入浴・機能訓練・見守りなどを受けるサービスです。,https://www.google.com/search?q=%E8%AA%8D%E7%9F%A5%E7%97%87%E5%AF%BE%E5%BF%9C%E5%9E%8B%E3%83%87%E3%82%A4%E3%82%B5%E3%83%BC%E3%83%93%E3%82%B9%E3%82%84%E3%81%99%E3%82%89%E3%81%8E%E3%81%AE%E9%87%8C%20%E6%9D%B1%E8%BF%91%E6%B1%9F%E5%B8%82,東近江市山上町5045,0748-27-1555,厚生労働省オープンデータ,https://www.mhlw.go.jp/content/12300000/jigyosho_720.csv,2025-12末,https://www.google.com/search?q=%E8%AA%8D%E7%9F%A5%E7%97%87%E5%AF%BE%E5%BF%9C%E5%9E%8B%E3%83%87%E3%82%A4%E3%82%B5%E3%83%BC%E3%83%93%E3%82%B9%E3%82%84%E3%81%99%E3%82%89%E3%81%8E%E3%81%AE%E9%87%8C%20%E6%9D%B1%E8%BF%91%E6%B1%9F%E5%B8%82
東近江市社会福祉協議会デイサービスセンターちゃがゆの郷,認知症対応型デイサービス,滋賀県,東近江市,"介護,認知症対応型デイサービス,認知症",日中に通って食事・入浴・機能訓練・見守りなどを受けるサービスです。,http://www.higashiomi-shakyo.or.jp/,東近江市乙女浜町５２７番地,0748-45-8033,厚生労働省オープンデータ,https://www.mhlw.go.jp/content/12300000/jigyosho_720.csv,2025-12末,https://www.google.com/search?q=%E6%9D%B1%E8%BF%91%E6%B1%9F%E5%B8%82%E7%A4%BE%E4%BC%9A%E7%A6%8F%E7%A5%89%E5%8D%94%E8%AD%B0%E4%BC%9A%E3%83%87%E3%82%A4%E3%82%B5%E3%83%BC%E3%83%93%E3%82%B9%E3%82%BB%E3%83%B3%E3%82%BF%E3%83%BC%E3%81%A1%E3%82%83%E3%81%8C%E3%82%86%E3%81%AE%E9%83%B7%20%E6%9D%B1%E8%BF%91%E6%B1%9F%E5%B8%82
共用型デイサービス　縁ひだまり,認知症対応型デイサービス,滋賀県,米原市,"介護,認知症対応型デイサービス,認知症",日中に通って食事・入浴・機能訓練・見守りなどを受けるサービスです。,http://www.hidamari-shiga.jp,滋賀県米原市一色494,0749-54-1122,厚生労働省オープンデータ,https://www.mhlw.go.jp/content/12300000/jigyosho_720.csv,2025-12末,https://www.google.com/search?q=%E5%85%B1%E7%94%A8%E5%9E%8B%E3%83%87%E3%82%A4%E3%82%B5%E3%83%BC%E3%83%93%E3%82%B9%E3%80%80%E7%B8%81%E3%81%B2%E3%81%A0%E3%81%BE%E3%82%8A%20%E7%B1%B3%E5%8E%9F%E5%B8%82
社会福祉法人　千寿会　デイサービスセンター千寿倶楽部,認知症対応型デイサービス,滋賀県,米原市,"介護,認知症対応型デイサービス,認知症",日中に通って食事・入浴・機能訓練・見守りなどを受けるサービスです。,http://senjyukai.shiga.jp,滋賀県米原市上多良228番地1,0749-52-6830,厚生労働省オープンデータ,https://www.mhlw.go.jp/content/12300000/jigyosho_720.csv,2025-12末,https://www.google.com/search?q=%E7%A4%BE%E4%BC%9A%E7%A6%8F%E7%A5%89%E6%B3%95%E4%BA%BA%E3%80%80%E5%8D%83%E5%AF%BF%E4%BC%9A%E3%80%80%E3%83%87%E3%82%A4%E3%82%B5%E3%83%BC%E3%83%93%E3%82%B9%E3%82%BB%E3%83%B3%E3%82%BF%E3%83%BC%E5%8D%83%E5%AF%BF%E5%80%B6%E6%A5%BD%E9%83%A8%20%E7%B1%B3%E5%8E%9F%E5%B8%82
いずみ介護サービス　デイハウスひふみ,認知症対応型デイサービス,滋賀県,日野町,"介護,認知症対応型デイサービス,認知症",日中に通って食事・入浴・機能訓練・見守りなどを受けるサービスです。,http://care-net.biz/25/izumikaigo/,滋賀県蒲生郡日野町里口４８番地,0748-53-0866,厚生労働省オープンデータ,https://www.mhlw.go.jp/content/12300000/jigyosho_720.csv,2025-12末,https://www.google.com/search?q=%E3%81%84%E3%81%9A%E3%81%BF%E4%BB%8B%E8%AD%B7%E3%82%B5%E3%83%BC%E3%83%93%E3%82%B9%E3%80%80%E3%83%87%E3%82%A4%E3%83%8F%E3%82%A6%E3%82%B9%E3%81%B2%E3%81%B5%E3%81%BF%20%E6%97%A5%E9%87%8E%E7%94%BA
デイハウス須恵の郷,認知症対応型デイサービス,滋賀県,竜王町,"介護,認知症対応型デイサービス,認知症",日中に通って食事・入浴・機能訓練・見守りなどを受けるサービスです。,https://npo-ryuoh.org/,滋賀県蒲生郡竜王町大字須恵48番地の3,0748-58-3513,厚生労働省オープンデータ,https://www.mhlw.go.jp/content/12300000/jigyosho_720.csv,2025-12末,https://www.google.com/search?q=%E3%83%87%E3%82%A4%E3%83%8F%E3%82%A6%E3%82%B9%E9%A0%88%E6%81%B5%E3%81%AE%E9%83%B7%20%E7%AB%9C%E7%8E%8B%E7%94%BA
木のおうちいっぷく家,認知症対応型デイサービス,滋賀県,竜王町,"介護,認知症対応型デイサービス,認知症",日中に通って食事・入浴・機能訓練・見守りなどを受けるサービスです。,https://mihan-shiga.site/,滋賀県蒲生郡竜王町林1346,0748-57-1058,厚生労働省オープンデータ,https://www.mhlw.go.jp/content/12300000/jigyosho_720.csv,2025-12末,https://www.google.com/search?q=%E6%9C%A8%E3%81%AE%E3%81%8A%E3%81%86%E3%81%A1%E3%81%84%E3%81%A3%E3%81%B7%E3%81%8F%E5%AE%B6%20%E7%AB%9C%E7%8E%8B%E7%94%BA
こんぺいとう,認知症対応型デイサービス,滋賀県,愛荘町,"介護,認知症対応型デイサービス,認知症",日中に通って食事・入浴・機能訓練・見守りなどを受けるサービスです。,http://homesweethome.jp/,滋賀県愛知郡愛荘町愛知川８０８,0749-20-2136,厚生労働省オープンデータ,https://www.mhlw.go.jp/content/12300000/jigyosho_720.csv,2025-12末,https://www.google.com/search?q=%E3%81%93%E3%82%93%E3%81%BA%E3%81%84%E3%81%A8%E3%81%86%20%E6%84%9B%E8%8D%98%E7%94%BA
小規模多機能型居宅介護サービスひらり,小規模多機能型居宅介護,滋賀県,大津市,"介護,小規模多機能型居宅介護",小規模多機能型居宅介護の公式オープンデータから取り込んだ候補です。詳細は公式情報・電話・見学で確認してください。,http://www.kosei-f.jp/,滋賀県大津市北比良２９３番３,077-596-8002,厚生労働省オープンデータ,https://www.mhlw.go.jp/content/12300000/jigyosho_730.csv,2025-12末,https://www.google.com/search?q=%E5%B0%8F%E8%A6%8F%E6%A8%A1%E5%A4%9A%E6%A9%9F%E8%83%BD%E5%9E%8B%E5%B1%85%E5%AE%85%E4%BB%8B%E8%AD%B7%E3%82%B5%E3%83%BC%E3%83%93%E3%82%B9%E3%81%B2%E3%82%89%E3%82%8A%20%E5%A4%A7%E6%B4%A5%E5%B8%82
ケアセンターほたるの里,小規模多機能型居宅介護,滋賀県,大津市,"介護,小規模多機能型居宅介護",小規模多機能型居宅介護の公式オープンデータから取り込んだ候補です。詳細は公式情報・電話・見学で確認してください。,https://www.google.com/search?q=%E3%82%B1%E3%82%A2%E3%82%BB%E3%83%B3%E3%82%BF%E3%83%BC%E3%81%BB%E3%81%9F%E3%82%8B%E3%81%AE%E9%87%8C%20%E5%A4%A7%E6%B4%A5%E5%B8%82,滋賀県大津市南郷一丁目9-21,077-507-0177,厚生労働省オープンデータ,https://www.mhlw.go.jp/content/12300000/jigyosho_730.csv,2025-12末,https://www.google.com/search?q=%E3%82%B1%E3%82%A2%E3%82%BB%E3%83%B3%E3%82%BF%E3%83%BC%E3%81%BB%E3%81%9F%E3%82%8B%E3%81%AE%E9%87%8C%20%E5%A4%A7%E6%B4%A5%E5%B8%82
小規模多機能愛和,小規模多機能型居宅介護,滋賀県,大津市,"介護,小規模多機能型居宅介護",小規模多機能型居宅介護の公式オープンデータから取り込んだ候補です。詳細は公式情報・電話・見学で確認してください。,http://ai-wa.jp/shoukibo/,蓮池町13-10,077-521-0124,厚生労働省オープンデータ,https://www.mhlw.go.jp/content/12300000/jigyosho_730.csv,2025-12末,https://www.google.com/search?q=%E5%B0%8F%E8%A6%8F%E6%A8%A1%E5%A4%9A%E6%A9%9F%E8%83%BD%E6%84%9B%E5%92%8C%20%E5%A4%A7%E6%B4%A5%E5%B8%82
小規模多機能型居宅介護サービス絆,小規模多機能型居宅介護,滋賀県,大津市,"介護,小規模多機能型居宅介護",小規模多機能型居宅介護の公式オープンデータから取り込んだ候補です。詳細は公式情報・電話・見学で確認してください。,http://www.koseikai.care,滋賀県大津市和邇中浜303番1,077-594-8011,厚生労働省オープンデータ,https://www.mhlw.go.jp/content/12300000/jigyosho_730.csv,2025-12末,https://www.google.com/search?q=%E5%B0%8F%E8%A6%8F%E6%A8%A1%E5%A4%9A%E6%A9%9F%E8%83%BD%E5%9E%8B%E5%B1%85%E5%AE%85%E4%BB%8B%E8%AD%B7%E3%82%B5%E3%83%BC%E3%83%93%E3%82%B9%E7%B5%86%20%E5%A4%A7%E6%B4%A5%E5%B8%82
小桜の里,小規模多機能型居宅介護,滋賀県,大津市,"介護,小規模多機能型居宅介護",小規模多機能型居宅介護の公式オープンデータから取り込んだ候補です。詳細は公式情報・電話・見学で確認してください。,http://hakuokai.jp/smarts/index/0/,滋賀県大津市大石東四丁目５番６号,077-546-5167,厚生労働省オープンデータ,https://www.mhlw.go.jp/content/12300000/jigyosho_730.csv,2025-12末,https://www.google.com/search?q=%E5%B0%8F%E6%A1%9C%E3%81%AE%E9%87%8C%20%E5%A4%A7%E6%B4%A5%E5%B8%82
小規模多機能型居宅介護事業所　まごころの家なごみ,小規模多機能型居宅介護,滋賀県,大津市,"介護,小規模多機能型居宅介護",小規模多機能型居宅介護の公式オープンデータから取り込んだ候補です。詳細は公式情報・電話・見学で確認してください。,http://magokoro-ie.net/,滋賀県大津市勧学2－4－1,077－510－0753,厚生労働省オープンデータ,https://www.mhlw.go.jp/content/12300000/jigyosho_730.csv,2025-12末,https://www.google.com/search?q=%E5%B0%8F%E8%A6%8F%E6%A8%A1%E5%A4%9A%E6%A9%9F%E8%83%BD%E5%9E%8B%E5%B1%85%E5%AE%85%E4%BB%8B%E8%AD%B7%E4%BA%8B%E6%A5%AD%E6%89%80%E3%80%80%E3%81%BE%E3%81%94%E3%81%93%E3%82%8D%E3%81%AE%E5%AE%B6%E3%81%AA%E3%81%94%E3%81%BF%20%E5%A4%A7%E6%B4%A5%E5%B8%82
瀬田３丁目の家,小規模多機能型居宅介護,滋賀県,大津市,"介護,小規模多機能型居宅介護",小規模多機能型居宅介護の公式オープンデータから取り込んだ候補です。詳細は公式情報・電話・見学で確認してください。,http://www8.ocn.ne.jp/~hakuo/,大津市瀬田三丁目39-19,077-543-1451,厚生労働省オープンデータ,https://www.mhlw.go.jp/content/12300000/jigyosho_730.csv,2025-12末,https://www.google.com/search?q=%E7%80%AC%E7%94%B0%EF%BC%93%E4%B8%81%E7%9B%AE%E3%81%AE%E5%AE%B6%20%E5%A4%A7%E6%B4%A5%E5%B8%82
マザーレイク　湖の波,小規模多機能型居宅介護,滋賀県,大津市,"介護,小規模多機能型居宅介護",小規模多機能型居宅介護の公式オープンデータから取り込んだ候補です。詳細は公式情報・電話・見学で確認してください。,matherlakekonoha@zeus.eonet.ne.jp,新免2丁目6－13,077－549－2271,厚生労働省オープンデータ,https://www.mhlw.go.jp/content/12300000/jigyosho_730.csv,2025-12末,https://www.google.com/search?q=%E3%83%9E%E3%82%B6%E3%83%BC%E3%83%AC%E3%82%A4%E3%82%AF%E3%80%80%E6%B9%96%E3%81%AE%E6%B3%A2%20%E5%A4%A7%E6%B4%A5%E5%B8%82
ラ・ケアCoCo,小規模多機能型居宅介護,滋賀県,大津市,"介護,小規模多機能型居宅介護",小規模多機能型居宅介護の公式オープンデータから取り込んだ候補です。詳細は公式情報・電話・見学で確認してください。,https://www.la-care.jp/,滋賀県大津市長等2丁目3-19,077-510-5050,厚生労働省オープンデータ,https://www.mhlw.go.jp/content/12300000/jigyosho_730.csv,2025-12末,https://www.google.com/search?q=%E3%83%A9%E3%83%BB%E3%82%B1%E3%82%A2CoCo%20%E5%A4%A7%E6%B4%A5%E5%B8%82
ぜぜの家,小規模多機能型居宅介護,滋賀県,大津市,"介護,小規模多機能型居宅介護",小規模多機能型居宅介護の公式オープンデータから取り込んだ候補です。詳細は公式情報・電話・見学で確認してください。,http//www8.con.jp/^hakuo/,大津市中庄1丁目7-36,077-522-8883,厚生労働省オープンデータ,https://www.mhlw.go.jp/content/12300000/jigyosho_730.csv,2025-12末,https://www.google.com/search?q=%E3%81%9C%E3%81%9C%E3%81%AE%E5%AE%B6%20%E5%A4%A7%E6%B4%A5%E5%B8%82
小規模多機能型居宅介護グリーングラス富士,小規模多機能型居宅介護,滋賀県,大津市,"介護,小規模多機能型居宅介護",小規模多機能型居宅介護の公式オープンデータから取り込んだ候補です。詳細は公式情報・電話・見学で確認してください。,http://www.ryokuseikai.jp,秋葉台13番5号,077-533-2100,厚生労働省オープンデータ,https://www.mhlw.go.jp/content/12300000/jigyosho_730.csv,2025-12末,https://www.google.com/search?q=%E5%B0%8F%E8%A6%8F%E6%A8%A1%E5%A4%9A%E6%A9%9F%E8%83%BD%E5%9E%8B%E5%B1%85%E5%AE%85%E4%BB%8B%E8%AD%B7%E3%82%B0%E3%83%AA%E3%83%BC%E3%83%B3%E3%82%B0%E3%83%A9%E3%82%B9%E5%AF%8C%E5%A3%AB%20%E5%A4%A7%E6%B4%A5%E5%B8%82
かすがやま小規模多機能ホーム爽やかな風,小規模多機能型居宅介護,滋賀県,大津市,"介護,小規模多機能型居宅介護",小規模多機能型居宅介護の公式オープンデータから取り込んだ候補です。詳細は公式情報・電話・見学で確認してください。,https://www.google.com/search?q=%E3%81%8B%E3%81%99%E3%81%8C%E3%82%84%E3%81%BE%E5%B0%8F%E8%A6%8F%E6%A8%A1%E5%A4%9A%E6%A9%9F%E8%83%BD%E3%83%9B%E3%83%BC%E3%83%A0%E7%88%BD%E3%82%84%E3%81%8B%E3%81%AA%E9%A2%A8%20%E5%A4%A7%E6%B4%A5%E5%B8%82,滋賀県大津市本堅田６丁目16-7かすがやま翔裕館Ⅱ号館,077-571-2551,厚生労働省オープンデータ,https://www.mhlw.go.jp/content/12300000/jigyosho_730.csv,2025-12末,https://www.google.com/search?q=%E3%81%8B%E3%81%99%E3%81%8C%E3%82%84%E3%81%BE%E5%B0%8F%E8%A6%8F%E6%A8%A1%E5%A4%9A%E6%A9%9F%E8%83%BD%E3%83%9B%E3%83%BC%E3%83%A0%E7%88%BD%E3%82%84%E3%81%8B%E3%81%AA%E9%A2%A8%20%E5%A4%A7%E6%B4%A5%E5%B8%82
時間の奏,小規模多機能型居宅介護,滋賀県,大津市,"介護,小規模多機能型居宅介護",小規模多機能型居宅介護の公式オープンデータから取り込んだ候補です。詳細は公式情報・電話・見学で確認してください。,https://rokusho.net,滋賀県大津市一里山六丁目5-10,077-547-4500,厚生労働省オープンデータ,https://www.mhlw.go.jp/content/12300000/jigyosho_730.csv,2025-12末,https://www.google.com/search?q=%E6%99%82%E9%96%93%E3%81%AE%E5%A5%8F%20%E5%A4%A7%E6%B4%A5%E5%B8%82
ぶどうの家　芹橋,小規模多機能型居宅介護,滋賀県,彦根市,"介護,小規模多機能型居宅介護",小規模多機能型居宅介護の公式オープンデータから取り込んだ候補です。詳細は公式情報・電話・見学で確認してください。,https://kiboukai-budou.jp,滋賀県彦根市芹橋２丁目９番４２号,0749-21-4770,厚生労働省オープンデータ,https://www.mhlw.go.jp/content/12300000/jigyosho_730.csv,2025-12末,https://www.google.com/search?q=%E3%81%B6%E3%81%A9%E3%81%86%E3%81%AE%E5%AE%B6%E3%80%80%E8%8A%B9%E6%A9%8B%20%E5%BD%A6%E6%A0%B9%E5%B8%82
じょいふるびわこ,小規模多機能型居宅介護,滋賀県,彦根市,"介護,小規模多機能型居宅介護",小規模多機能型居宅介護の公式オープンデータから取り込んだ候補です。詳細は公式情報・電話・見学で確認してください。,http://homesweethome.jp/,滋賀県彦根市新海町2240,0749-43-5675,厚生労働省オープンデータ,https://www.mhlw.go.jp/content/12300000/jigyosho_730.csv,2025-12末,https://www.google.com/search?q=%E3%81%98%E3%82%87%E3%81%84%E3%81%B5%E3%82%8B%E3%81%B3%E3%82%8F%E3%81%93%20%E5%BD%A6%E6%A0%B9%E5%B8%82
じょいふるあっといなえ,小規模多機能型居宅介護,滋賀県,彦根市,"介護,小規模多機能型居宅介護",小規模多機能型居宅介護の公式オープンデータから取り込んだ候補です。詳細は公式情報・電話・見学で確認してください。,http://homesweethome.jp/,滋賀県彦根市下西川町1098,0749-43-2274,厚生労働省オープンデータ,https://www.mhlw.go.jp/content/12300000/jigyosho_730.csv,2025-12末,https://www.google.com/search?q=%E3%81%98%E3%82%87%E3%81%84%E3%81%B5%E3%82%8B%E3%81%82%E3%81%A3%E3%81%A8%E3%81%84%E3%81%AA%E3%81%88%20%E5%BD%A6%E6%A0%B9%E5%B8%82
久左の家,小規模多機能型居宅介護,滋賀県,彦根市,"介護,小規模多機能型居宅介護",小規模多機能型居宅介護の公式オープンデータから取り込んだ候補です。詳細は公式情報・電話・見学で確認してください。,hppt://www.chitosekai.or.jp,滋賀県彦根市河原二丁目１番３号,0749-21-2666,厚生労働省オープンデータ,https://www.mhlw.go.jp/content/12300000/jigyosho_730.csv,2025-12末,https://www.google.com/search?q=%E4%B9%85%E5%B7%A6%E3%81%AE%E5%AE%B6%20%E5%BD%A6%E6%A0%B9%E5%B8%82
わいわいがやが家　甘呂,小規模多機能型居宅介護,滋賀県,彦根市,"介護,小規模多機能型居宅介護",小規模多機能型居宅介護の公式オープンデータから取り込んだ候補です。詳細は公式情報・電話・見学で確認してください。,http://www.iscare.co.jp,滋賀県彦根市甘呂町491,0749-28-3611,厚生労働省オープンデータ,https://www.mhlw.go.jp/content/12300000/jigyosho_730.csv,2025-12末,https://www.google.com/search?q=%E3%82%8F%E3%81%84%E3%82%8F%E3%81%84%E3%81%8C%E3%82%84%E3%81%8C%E5%AE%B6%E3%80%80%E7%94%98%E5%91%82%20%E5%BD%A6%E6%A0%B9%E5%B8%82
平田小規模多機能ホーム爽やかな風,小規模多機能型居宅介護,滋賀県,彦根市,"介護,小規模多機能型居宅介護",小規模多機能型居宅介護の公式オープンデータから取り込んだ候補です。詳細は公式情報・電話・見学で確認してください。,https://www.sanga-kaigo.co.jp/,滋賀県彦根市平田町1114-1ひらた翔裕館Ⅰ号館,0749-21-2881,厚生労働省オープンデータ,https://www.mhlw.go.jp/content/12300000/jigyosho_730.csv,2025-12末,https://www.google.com/search?q=%E5%B9%B3%E7%94%B0%E5%B0%8F%E8%A6%8F%E6%A8%A1%E5%A4%9A%E6%A9%9F%E8%83%BD%E3%83%9B%E3%83%BC%E3%83%A0%E7%88%BD%E3%82%84%E3%81%8B%E3%81%AA%E9%A2%A8%20%E5%BD%A6%E6%A0%B9%E5%B8%82
まごころホームまんてん高月,小規模多機能型居宅介護,滋賀県,長浜市,"介護,小規模多機能型居宅介護",小規模多機能型居宅介護の公式オープンデータから取り込んだ候補です。詳細は公式情報・電話・見学で確認してください。,http://www.man-ten.org,滋賀県長浜市高月町高月641-2,0749-51-9077,厚生労働省オープンデータ,https://www.mhlw.go.jp/content/12300000/jigyosho_730.csv,2025-12末,https://www.google.com/search?q=%E3%81%BE%E3%81%94%E3%81%93%E3%82%8D%E3%83%9B%E3%83%BC%E3%83%A0%E3%81%BE%E3%82%93%E3%81%A6%E3%82%93%E9%AB%98%E6%9C%88%20%E9%95%B7%E6%B5%9C%E5%B8%82
しゃきょう小規模多機能型居宅介護　ひなたぼっこ,小規模多機能型居宅介護,滋賀県,長浜市,"介護,小規模多機能型居宅介護",小規模多機能型居宅介護の公式オープンデータから取り込んだ候補です。詳細は公式情報・電話・見学で確認してください。,http://www.nagahama-shakyo.or.jp,滋賀県長浜市木之本町田部６４７－１,0749-59-3340,厚生労働省オープンデータ,https://www.mhlw.go.jp/content/12300000/jigyosho_730.csv,2025-12末,https://www.google.com/search?q=%E3%81%97%E3%82%83%E3%81%8D%E3%82%87%E3%81%86%E5%B0%8F%E8%A6%8F%E6%A8%A1%E5%A4%9A%E6%A9%9F%E8%83%BD%E5%9E%8B%E5%B1%85%E5%AE%85%E4%BB%8B%E8%AD%B7%E3%80%80%E3%81%B2%E3%81%AA%E3%81%9F%E3%81%BC%E3%81%A3%E3%81%93%20%E9%95%B7%E6%B5%9C%E5%B8%82
小規模多機能型居宅介護事業所　奥びわこ,小規模多機能型居宅介護,滋賀県,長浜市,"介護,小規模多機能型居宅介護",小規模多機能型居宅介護の公式オープンデータから取り込んだ候補です。詳細は公式情報・電話・見学で確認してください。,http://sontokukai.com/,滋賀県長浜市西浅井町大浦1777,0749-89-8016,厚生労働省オープンデータ,https://www.mhlw.go.jp/content/12300000/jigyosho_730.csv,2025-12末,https://www.google.com/search?q=%E5%B0%8F%E8%A6%8F%E6%A8%A1%E5%A4%9A%E6%A9%9F%E8%83%BD%E5%9E%8B%E5%B1%85%E5%AE%85%E4%BB%8B%E8%AD%B7%E4%BA%8B%E6%A5%AD%E6%89%80%E3%80%80%E5%A5%A5%E3%81%B3%E3%82%8F%E3%81%93%20%E9%95%B7%E6%B5%9C%E5%B8%82
まごころホームまんてん小谷,小規模多機能型居宅介護,滋賀県,長浜市,"介護,小規模多機能型居宅介護",小規模多機能型居宅介護の公式オープンデータから取り込んだ候補です。詳細は公式情報・電話・見学で確認してください。,http://www.man-ten.org/,小谷郡上町562番地地域密着介護ホームまんてん小谷,0749-78-8101,厚生労働省オープンデータ,https://www.mhlw.go.jp/content/12300000/jigyosho_730.csv,2025-12末,https://www.google.com/search?q=%E3%81%BE%E3%81%94%E3%81%93%E3%82%8D%E3%83%9B%E3%83%BC%E3%83%A0%E3%81%BE%E3%82%93%E3%81%A6%E3%82%93%E5%B0%8F%E8%B0%B7%20%E9%95%B7%E6%B5%9C%E5%B8%82
北ながはま小規模多機能ホーム,小規模多機能型居宅介護,滋賀県,長浜市,"介護,小規模多機能型居宅介護",小規模多機能型居宅介護の公式オープンデータから取り込んだ候補です。詳細は公式情報・電話・見学で確認してください。,https://sangajapan.jp/kitanagahama/kitanagahama01/,神照町460-10,0749-53-2286,厚生労働省オープンデータ,https://www.mhlw.go.jp/content/12300000/jigyosho_730.csv,2025-12末,https://www.google.com/search?q=%E5%8C%97%E3%81%AA%E3%81%8C%E3%81%AF%E3%81%BE%E5%B0%8F%E8%A6%8F%E6%A8%A1%E5%A4%9A%E6%A9%9F%E8%83%BD%E3%83%9B%E3%83%BC%E3%83%A0%20%E9%95%B7%E6%B5%9C%E5%B8%82
船木・えんの家,小規模多機能型居宅介護,滋賀県,近江八幡市,"介護,小規模多機能型居宅介護",小規模多機能型居宅介護の公式オープンデータから取り込んだ候補です。詳細は公式情報・電話・見学で確認してください。,http://kohitujikai.net/,滋賀県近江八幡市船木町１３８３,0748-31-0033,厚生労働省オープンデータ,https://www.mhlw.go.jp/content/12300000/jigyosho_730.csv,2025-12末,https://www.google.com/search?q=%E8%88%B9%E6%9C%A8%E3%83%BB%E3%81%88%E3%82%93%E3%81%AE%E5%AE%B6%20%E8%BF%91%E6%B1%9F%E5%85%AB%E5%B9%A1%E5%B8%82
小規模多機能型居宅介護事業所　ひまわり,小規模多機能型居宅介護,滋賀県,近江八幡市,"介護,小規模多機能型居宅介護",小規模多機能型居宅介護の公式オープンデータから取り込んだ候補です。詳細は公式情報・電話・見学で確認してください。,http://www.emino-sato.com/,滋賀県近江八幡市千僧供町127番地1,0748-38-0028,厚生労働省オープンデータ,https://www.mhlw.go.jp/content/12300000/jigyosho_730.csv,2025-12末,https://www.google.com/search?q=%E5%B0%8F%E8%A6%8F%E6%A8%A1%E5%A4%9A%E6%A9%9F%E8%83%BD%E5%9E%8B%E5%B1%85%E5%AE%85%E4%BB%8B%E8%AD%B7%E4%BA%8B%E6%A5%AD%E6%89%80%E3%80%80%E3%81%B2%E3%81%BE%E3%82%8F%E3%82%8A%20%E8%BF%91%E6%B1%9F%E5%85%AB%E5%B9%A1%E5%B8%82
しみんふくし滋賀　材久さん,小規模多機能型居宅介護,滋賀県,近江八幡市,"介護,小規模多機能型居宅介護",小規模多機能型居宅介護の公式オープンデータから取り込んだ候補です。詳細は公式情報・電話・見学で確認してください。,http://www.shiminfukushi-shiga.jp/,滋賀県近江八幡市博労町上1,0748-36-5427,厚生労働省オープンデータ,https://www.mhlw.go.jp/content/12300000/jigyosho_730.csv,2025-12末,https://www.google.com/search?q=%E3%81%97%E3%81%BF%E3%82%93%E3%81%B5%E3%81%8F%E3%81%97%E6%BB%8B%E8%B3%80%E3%80%80%E6%9D%90%E4%B9%85%E3%81%95%E3%82%93%20%E8%BF%91%E6%B1%9F%E5%85%AB%E5%B9%A1%E5%B8%82
サポートセンターすくすくの館,小規模多機能型居宅介護,滋賀県,近江八幡市,"介護,小規模多機能型居宅介護",小規模多機能型居宅介護の公式オープンデータから取り込んだ候補です。詳細は公式情報・電話・見学で確認してください。,https://suku-suku.or.jp,近江八幡市西元町５９番地,0748-31-3460,厚生労働省オープンデータ,https://www.mhlw.go.jp/content/12300000/jigyosho_730.csv,2025-12末,https://www.google.com/search?q=%E3%82%B5%E3%83%9D%E3%83%BC%E3%83%88%E3%82%BB%E3%83%B3%E3%82%BF%E3%83%BC%E3%81%99%E3%81%8F%E3%81%99%E3%81%8F%E3%81%AE%E9%A4%A8%20%E8%BF%91%E6%B1%9F%E5%85%AB%E5%B9%A1%E5%B8%82
木もれびの家,小規模多機能型居宅介護,滋賀県,近江八幡市,"介護,小規模多機能型居宅介護",小規模多機能型居宅介護の公式オープンデータから取り込んだ候補です。詳細は公式情報・電話・見学で確認してください。,mihan-shiga.site,滋賀県近江八幡市西生来町2415番地2,0748-38-8181,厚生労働省オープンデータ,https://www.mhlw.go.jp/content/12300000/jigyosho_730.csv,2025-12末,https://www.google.com/search?q=%E6%9C%A8%E3%82%82%E3%82%8C%E3%81%B3%E3%81%AE%E5%AE%B6%20%E8%BF%91%E6%B1%9F%E5%85%AB%E5%B9%A1%E5%B8%82
パナソニックエイジフリーケアセンター草津野村・小規模多機能,小規模多機能型居宅介護,滋賀県,草津市,"介護,小規模多機能型居宅介護",小規模多機能型居宅介護の公式オープンデータから取り込んだ候補です。詳細は公式情報・電話・見学で確認してください。,http://sumai.panasonic.jp/agefree/facility_care/agefree-house/kusatsunomura/,滋賀県草津市野村1丁目24番10号,077-564-6592,厚生労働省オープンデータ,https://www.mhlw.go.jp/content/12300000/jigyosho_730.csv,2025-12末,https://www.google.com/search?q=%E3%83%91%E3%83%8A%E3%82%BD%E3%83%8B%E3%83%83%E3%82%AF%E3%82%A8%E3%82%A4%E3%82%B8%E3%83%95%E3%83%AA%E3%83%BC%E3%82%B1%E3%82%A2%E3%82%BB%E3%83%B3%E3%82%BF%E3%83%BC%E8%8D%89%E6%B4%A5%E9%87%8E%E6%9D%91%E3%83%BB%E5%B0%8F%E8%A6%8F%E6%A8%A1%E5%A4%9A%E6%A9%9F%E8%83%BD%20%E8%8D%89%E6%B4%A5%E5%B8%82
社会福祉法人　ご縁会　地域密着型小規模多機能居宅介護サービス　フェイス,小規模多機能型居宅介護,滋賀県,草津市,"介護,小規模多機能型居宅介護",小規模多機能型居宅介護の公式オープンデータから取り込んだ候補です。詳細は公式情報・電話・見学で確認してください。,https://www.google.com/search?q=%E7%A4%BE%E4%BC%9A%E7%A6%8F%E7%A5%89%E6%B3%95%E4%BA%BA%E3%80%80%E3%81%94%E7%B8%81%E4%BC%9A%E3%80%80%E5%9C%B0%E5%9F%9F%E5%AF%86%E7%9D%80%E5%9E%8B%E5%B0%8F%E8%A6%8F%E6%A8%A1%E5%A4%9A%E6%A9%9F%E8%83%BD%E5%B1%85%E5%AE%85%E4%BB%8B%E8%AD%B7%E3%82%B5%E3%83%BC%E3%83%93%E3%82%B9%E3%80%80%E3%83%95%E3%82%A7%E3%82%A4%E3%82%B9%20%E8%8D%89%E6%B4%A5%E5%B8%82,草津2丁目14番32号,077-565-6442,厚生労働省オープンデータ,https://www.mhlw.go.jp/content/12300000/jigyosho_730.csv,2025-12末,https://www.google.com/search?q=%E7%A4%BE%E4%BC%9A%E7%A6%8F%E7%A5%89%E6%B3%95%E4%BA%BA%E3%80%80%E3%81%94%E7%B8%81%E4%BC%9A%E3%80%80%E5%9C%B0%E5%9F%9F%E5%AF%86%E7%9D%80%E5%9E%8B%E5%B0%8F%E8%A6%8F%E6%A8%A1%E5%A4%9A%E6%A9%9F%E8%83%BD%E5%B1%85%E5%AE%85%E4%BB%8B%E8%AD%B7%E3%82%B5%E3%83%BC%E3%83%93%E3%82%B9%E3%80%80%E3%83%95%E3%82%A7%E3%82%A4%E3%82%B9%20%E8%8D%89%E6%B4%A5%E5%B8%82
ステップアップ（小規模多機能）,小規模多機能型居宅介護,滋賀県,草津市,"介護,小規模多機能型居宅介護",小規模多機能型居宅介護の公式オープンデータから取り込んだ候補です。詳細は公式情報・電話・見学で確認してください。,https://www.google.com/search?q=%E3%82%B9%E3%83%86%E3%83%83%E3%83%97%E3%82%A2%E3%83%83%E3%83%97%EF%BC%88%E5%B0%8F%E8%A6%8F%E6%A8%A1%E5%A4%9A%E6%A9%9F%E8%83%BD%EF%BC%89%20%E8%8D%89%E6%B4%A5%E5%B8%82,矢橋町１５５－１,０７７－５３５－９１８０,厚生労働省オープンデータ,https://www.mhlw.go.jp/content/12300000/jigyosho_730.csv,2025-12末,https://www.google.com/search?q=%E3%82%B9%E3%83%86%E3%83%83%E3%83%97%E3%82%A2%E3%83%83%E3%83%97%EF%BC%88%E5%B0%8F%E8%A6%8F%E6%A8%A1%E5%A4%9A%E6%A9%9F%E8%83%BD%EF%BC%89%20%E8%8D%89%E6%B4%A5%E5%B8%82
小規模多機能型居宅介護事業所　こころね,小規模多機能型居宅介護,滋賀県,草津市,"介護,小規模多機能型居宅介護",小規模多機能型居宅介護の公式オープンデータから取り込んだ候補です。詳細は公式情報・電話・見学で確認してください。,http://www.npo-kokoro.net,草津市南山田町960-5小規模多機能型居宅介護事業所　こころね,077-575-3140,厚生労働省オープンデータ,https://www.mhlw.go.jp/content/12300000/jigyosho_730.csv,2025-12末,https://www.google.com/search?q=%E5%B0%8F%E8%A6%8F%E6%A8%A1%E5%A4%9A%E6%A9%9F%E8%83%BD%E5%9E%8B%E5%B1%85%E5%AE%85%E4%BB%8B%E8%AD%B7%E4%BA%8B%E6%A5%AD%E6%89%80%E3%80%80%E3%81%93%E3%81%93%E3%82%8D%E3%81%AD%20%E8%8D%89%E6%B4%A5%E5%B8%82
小規模多機能型居宅介護事業所心,小規模多機能型居宅介護,滋賀県,草津市,"介護,小規模多機能型居宅介護",小規模多機能型居宅介護の公式オープンデータから取り込んだ候補です。詳細は公式情報・電話・見学で確認してください。,http://www.ex.biwa.ne.jp/~kokoro115/,駒井沢町２４６番地の１,077-568-3175,厚生労働省オープンデータ,https://www.mhlw.go.jp/content/12300000/jigyosho_730.csv,2025-12末,https://www.google.com/search?q=%E5%B0%8F%E8%A6%8F%E6%A8%A1%E5%A4%9A%E6%A9%9F%E8%83%BD%E5%9E%8B%E5%B1%85%E5%AE%85%E4%BB%8B%E8%AD%B7%E4%BA%8B%E6%A5%AD%E6%89%80%E5%BF%83%20%E8%8D%89%E6%B4%A5%E5%B8%82
小規模多機能ホームあん矢倉,小規模多機能型居宅介護,滋賀県,草津市,"介護,小規模多機能型居宅介護",小規模多機能型居宅介護の公式オープンデータから取り込んだ候補です。詳細は公式情報・電話・見学で確認してください。,http://an932.jp,草津市東矢倉3丁目4-48,077-564-9555,厚生労働省オープンデータ,https://www.mhlw.go.jp/content/12300000/jigyosho_730.csv,2025-12末,https://www.google.com/search?q=%E5%B0%8F%E8%A6%8F%E6%A8%A1%E5%A4%9A%E6%A9%9F%E8%83%BD%E3%83%9B%E3%83%BC%E3%83%A0%E3%81%82%E3%82%93%E7%9F%A2%E5%80%89%20%E8%8D%89%E6%B4%A5%E5%B8%82
小規模多機能ホームあん常盤,小規模多機能型居宅介護,滋賀県,草津市,"介護,小規模多機能型居宅介護",小規模多機能型居宅介護の公式オープンデータから取り込んだ候補です。詳細は公式情報・電話・見学で確認してください。,http://an932.jp,滋賀県草津市芦浦町326-7,077-575-9653,厚生労働省オープンデータ,https://www.mhlw.go.jp/content/12300000/jigyosho_730.csv,2025-12末,https://www.google.com/search?q=%E5%B0%8F%E8%A6%8F%E6%A8%A1%E5%A4%9A%E6%A9%9F%E8%83%BD%E3%83%9B%E3%83%BC%E3%83%A0%E3%81%82%E3%82%93%E5%B8%B8%E7%9B%A4%20%E8%8D%89%E6%B4%A5%E5%B8%82
小規模多機能事業所デイサロンすずらん,小規模多機能型居宅介護,滋賀県,草津市,"介護,小規模多機能型居宅介護",小規模多機能型居宅介護の公式オープンデータから取り込んだ候補です。詳細は公式情報・電話・見学で確認してください。,https://www.big-advance.site/c/135/1734/service#ser3,滋賀県草津市大路３丁目３－１３,077-561-3860,厚生労働省オープンデータ,https://www.mhlw.go.jp/content/12300000/jigyosho_730.csv,2025-12末,https://www.google.com/search?q=%E5%B0%8F%E8%A6%8F%E6%A8%A1%E5%A4%9A%E6%A9%9F%E8%83%BD%E4%BA%8B%E6%A5%AD%E6%89%80%E3%83%87%E3%82%A4%E3%82%B5%E3%83%AD%E3%83%B3%E3%81%99%E3%81%9A%E3%82%89%E3%82%93%20%E8%8D%89%E6%B4%A5%E5%B8%82
小規模多機能型居宅介護事業所　萩の里,小規模多機能型居宅介護,滋賀県,草津市,"介護,小規模多機能型居宅介護",小規模多機能型居宅介護の公式オープンデータから取り込んだ候補です。詳細は公式情報・電話・見学で確認してください。,http://yotsuba-lcn.or.jp,滋賀県草津市野路東2丁目4番10号,077-567-8570,厚生労働省オープンデータ,https://www.mhlw.go.jp/content/12300000/jigyosho_730.csv,2025-12末,https://www.google.com/search?q=%E5%B0%8F%E8%A6%8F%E6%A8%A1%E5%A4%9A%E6%A9%9F%E8%83%BD%E5%9E%8B%E5%B1%85%E5%AE%85%E4%BB%8B%E8%AD%B7%E4%BA%8B%E6%A5%AD%E6%89%80%E3%80%80%E8%90%A9%E3%81%AE%E9%87%8C%20%E8%8D%89%E6%B4%A5%E5%B8%82
あろは南草津,小規模多機能型居宅介護,滋賀県,草津市,"介護,小規模多機能型居宅介護",小規模多機能型居宅介護の公式オープンデータから取り込んだ候補です。詳細は公式情報・電話・見学で確認してください。,https://www.love-smile-happiness.co.jp,追分南六丁目20番1号,077‐569-0330,厚生労働省オープンデータ,https://www.mhlw.go.jp/content/12300000/jigyosho_730.csv,2025-12末,https://www.google.com/search?q=%E3%81%82%E3%82%8D%E3%81%AF%E5%8D%97%E8%8D%89%E6%B4%A5%20%E8%8D%89%E6%B4%A5%E5%B8%82
あいむ勝部小規模多機能型居宅介護,小規模多機能型居宅介護,滋賀県,守山市,"介護,小規模多機能型居宅介護",小規模多機能型居宅介護の公式オープンデータから取り込んだ候補です。詳細は公式情報・電話・見学で確認してください。,http://k-aimu.co.jp,勝部二丁目4-12BH勝部ビル,077-514-0770,厚生労働省オープンデータ,https://www.mhlw.go.jp/content/12300000/jigyosho_730.csv,2025-12末,https://www.google.com/search?q=%E3%81%82%E3%81%84%E3%82%80%E5%8B%9D%E9%83%A8%E5%B0%8F%E8%A6%8F%E6%A8%A1%E5%A4%9A%E6%A9%9F%E8%83%BD%E5%9E%8B%E5%B1%85%E5%AE%85%E4%BB%8B%E8%AD%B7%20%E5%AE%88%E5%B1%B1%E5%B8%82
小規模多機能型居宅介護事業所　花梨,小規模多機能型居宅介護,滋賀県,守山市,"介護,小規模多機能型居宅介護",小規模多機能型居宅介護の公式オープンデータから取り込んだ候補です。詳細は公式情報・電話・見学で確認してください。,http://www.youliefe.ne.jp,守山市立田町4135-1,077-599-0531,厚生労働省オープンデータ,https://www.mhlw.go.jp/content/12300000/jigyosho_730.csv,2025-12末,https://www.google.com/search?q=%E5%B0%8F%E8%A6%8F%E6%A8%A1%E5%A4%9A%E6%A9%9F%E8%83%BD%E5%9E%8B%E5%B1%85%E5%AE%85%E4%BB%8B%E8%AD%B7%E4%BA%8B%E6%A5%AD%E6%89%80%E3%80%80%E8%8A%B1%E6%A2%A8%20%E5%AE%88%E5%B1%B1%E5%B8%82
らいふステーション憩い,小規模多機能型居宅介護,滋賀県,守山市,"介護,小規模多機能型居宅介護",小規模多機能型居宅介護の公式オープンデータから取り込んだ候補です。詳細は公式情報・電話・見学で確認してください。,https://www.youlife.ne.jp/,滋賀県守山市石田町735-3,077-584-2300,厚生労働省オープンデータ,https://www.mhlw.go.jp/content/12300000/jigyosho_730.csv,2025-12末,https://www.google.com/search?q=%E3%82%89%E3%81%84%E3%81%B5%E3%82%B9%E3%83%86%E3%83%BC%E3%82%B7%E3%83%A7%E3%83%B3%E6%86%A9%E3%81%84%20%E5%AE%88%E5%B1%B1%E5%B8%82
あいむ守山小規模多機能型居宅介護,小規模多機能型居宅介護,滋賀県,守山市,"介護,小規模多機能型居宅介護",小規模多機能型居宅介護の公式オープンデータから取り込んだ候補です。詳細は公式情報・電話・見学で確認してください。,http://k-aimu.co.jp,滋賀県守山市守山四丁目13-26-101,077-514-4015,厚生労働省オープンデータ,https://www.mhlw.go.jp/content/12300000/jigyosho_730.csv,2025-12末,https://www.google.com/search?q=%E3%81%82%E3%81%84%E3%82%80%E5%AE%88%E5%B1%B1%E5%B0%8F%E8%A6%8F%E6%A8%A1%E5%A4%9A%E6%A9%9F%E8%83%BD%E5%9E%8B%E5%B1%85%E5%AE%85%E4%BB%8B%E8%AD%B7%20%E5%AE%88%E5%B1%B1%E5%B8%82
おうみの里ほたる,小規模多機能型居宅介護,滋賀県,守山市,"介護,小規模多機能型居宅介護",小規模多機能型居宅介護の公式オープンデータから取り込んだ候補です。詳細は公式情報・電話・見学で確認してください。,https://www.google.com/search?q=%E3%81%8A%E3%81%86%E3%81%BF%E3%81%AE%E9%87%8C%E3%81%BB%E3%81%9F%E3%82%8B%20%E5%AE%88%E5%B1%B1%E5%B8%82,滋賀県守山市播磨田町3058番地,0775824705,厚生労働省オープンデータ,https://www.mhlw.go.jp/content/12300000/jigyosho_730.csv,2025-12末,https://www.google.com/search?q=%E3%81%8A%E3%81%86%E3%81%BF%E3%81%AE%E9%87%8C%E3%81%BB%E3%81%9F%E3%82%8B%20%E5%AE%88%E5%B1%B1%E5%B8%82
小規模多機能型居宅介護事業所　心のさと,小規模多機能型居宅介護,滋賀県,栗東市,"介護,小規模多機能型居宅介護",小規模多機能型居宅介護の公式オープンデータから取り込んだ候補です。詳細は公式情報・電話・見学で確認してください。,https://takurou-kokoro.com/,滋賀県栗東市十里330-1,077-584-4310,厚生労働省オープンデータ,https://www.mhlw.go.jp/content/12300000/jigyosho_730.csv,2025-12末,https://www.google.com/search?q=%E5%B0%8F%E8%A6%8F%E6%A8%A1%E5%A4%9A%E6%A9%9F%E8%83%BD%E5%9E%8B%E5%B1%85%E5%AE%85%E4%BB%8B%E8%AD%B7%E4%BA%8B%E6%A5%AD%E6%89%80%E3%80%80%E5%BF%83%E3%81%AE%E3%81%95%E3%81%A8%20%E6%A0%97%E6%9D%B1%E5%B8%82
済生会なでしこ栗東,小規模多機能型居宅介護,滋賀県,栗東市,"介護,小規模多機能型居宅介護",小規模多機能型居宅介護の公式オープンデータから取り込んだ候補です。詳細は公式情報・電話・見学で確認してください。,http://www.saiseikai-shiga.jp/tankaiso/kyotakukaigo.html,滋賀県栗東市出庭697-1,077-551-2803,厚生労働省オープンデータ,https://www.mhlw.go.jp/content/12300000/jigyosho_730.csv,2025-12末,https://www.google.com/search?q=%E6%B8%88%E7%94%9F%E4%BC%9A%E3%81%AA%E3%81%A7%E3%81%97%E3%81%93%E6%A0%97%E6%9D%B1%20%E6%A0%97%E6%9D%B1%E5%B8%82
小規模多機能ホーム　志,小規模多機能型居宅介護,滋賀県,栗東市,"介護,小規模多機能型居宅介護",小規模多機能型居宅介護の公式オープンデータから取り込んだ候補です。詳細は公式情報・電話・見学で確認してください。,https://www.kokorozashi1003.com,滋賀県栗東市御園2629,077-599-0488,厚生労働省オープンデータ,https://www.mhlw.go.jp/content/12300000/jigyosho_730.csv,2025-12末,https://www.google.com/search?q=%E5%B0%8F%E8%A6%8F%E6%A8%A1%E5%A4%9A%E6%A9%9F%E8%83%BD%E3%83%9B%E3%83%BC%E3%83%A0%E3%80%80%E5%BF%97%20%E6%A0%97%E6%9D%B1%E5%B8%82
ＪＡゆうハート　かなえ手,小規模多機能型居宅介護,滋賀県,甲賀市,"介護,小規模多機能型居宅介護",小規模多機能型居宅介護の公式オープンデータから取り込んだ候補です。詳細は公式情報・電話・見学で確認してください。,http://www.ja-youheart.co.jp,滋賀県甲賀市信楽町柞原792-2,0748-70-2533,厚生労働省オープンデータ,https://www.mhlw.go.jp/content/12300000/jigyosho_730.csv,2025-12末,https://www.google.com/search?q=%EF%BC%AA%EF%BC%A1%E3%82%86%E3%81%86%E3%83%8F%E3%83%BC%E3%83%88%E3%80%80%E3%81%8B%E3%81%AA%E3%81%88%E6%89%8B%20%E7%94%B2%E8%B3%80%E5%B8%82
むすん手,小規模多機能型居宅介護,滋賀県,甲賀市,"介護,小規模多機能型居宅介護",小規模多機能型居宅介護の公式オープンデータから取り込んだ候補です。詳細は公式情報・電話・見学で確認してください。,http://www.ja-youheart.co.jp/,甲南町杉谷108-2,0748-86-7004,厚生労働省オープンデータ,https://www.mhlw.go.jp/content/12300000/jigyosho_730.csv,2025-12末,https://www.google.com/search?q=%E3%82%80%E3%81%99%E3%82%93%E6%89%8B%20%E7%94%B2%E8%B3%80%E5%B8%82
甲賀荘小規模多機能ホームあかり,小規模多機能型居宅介護,滋賀県,甲賀市,"介護,小規模多機能型居宅介護",小規模多機能型居宅介護の公式オープンデータから取り込んだ候補です。詳細は公式情報・電話・見学で確認してください。,https://kougakai.org/,甲賀町大原中904,0748-88-5750,厚生労働省オープンデータ,https://www.mhlw.go.jp/content/12300000/jigyosho_730.csv,2025-12末,https://www.google.com/search?q=%E7%94%B2%E8%B3%80%E8%8D%98%E5%B0%8F%E8%A6%8F%E6%A8%A1%E5%A4%9A%E6%A9%9F%E8%83%BD%E3%83%9B%E3%83%BC%E3%83%A0%E3%81%82%E3%81%8B%E3%82%8A%20%E7%94%B2%E8%B3%80%E5%B8%82
ライフサポートみなくちみんなの家,小規模多機能型居宅介護,滋賀県,甲賀市,"介護,小規模多機能型居宅介護",小規模多機能型居宅介護の公式オープンデータから取り込んだ候補です。詳細は公式情報・電話・見学で確認してください。,https://chiiroba,滋賀県甲賀市水口町中邸1-20,0748-63-5901,厚生労働省オープンデータ,https://www.mhlw.go.jp/content/12300000/jigyosho_730.csv,2025-12末,https://www.google.com/search?q=%E3%83%A9%E3%82%A4%E3%83%95%E3%82%B5%E3%83%9D%E3%83%BC%E3%83%88%E3%81%BF%E3%81%AA%E3%81%8F%E3%81%A1%E3%81%BF%E3%82%93%E3%81%AA%E3%81%AE%E5%AE%B6%20%E7%94%B2%E8%B3%80%E5%B8%82
ＪＡゆうハート　つない手,小規模多機能型居宅介護,滋賀県,甲賀市,"介護,小規模多機能型居宅介護",小規模多機能型居宅介護の公式オープンデータから取り込んだ候補です。詳細は公式情報・電話・見学で確認してください。,www.ja-youheart.co.jp,滋賀県甲賀市水口町新城５２０番地,0748-63-4425,厚生労働省オープンデータ,https://www.mhlw.go.jp/content/12300000/jigyosho_730.csv,2025-12末,https://www.google.com/search?q=%EF%BC%AA%EF%BC%A1%E3%82%86%E3%81%86%E3%83%8F%E3%83%BC%E3%83%88%E3%80%80%E3%81%A4%E3%81%AA%E3%81%84%E6%89%8B%20%E7%94%B2%E8%B3%80%E5%B8%82
小規模多機能型居宅介護ほほえみ,小規模多機能型居宅介護,滋賀県,野洲市,"介護,小規模多機能型居宅介護",小規模多機能型居宅介護の公式オープンデータから取り込んだ候補です。詳細は公式情報・電話・見学で確認してください。,http://www.hohoemi-hohoemi.com/,滋賀県野洲市吉地1127旧ふれあいセンター,077-599-3810,厚生労働省オープンデータ,https://www.mhlw.go.jp/content/12300000/jigyosho_730.csv,2025-12末,https://www.google.com/search?q=%E5%B0%8F%E8%A6%8F%E6%A8%A1%E5%A4%9A%E6%A9%9F%E8%83%BD%E5%9E%8B%E5%B1%85%E5%AE%85%E4%BB%8B%E8%AD%B7%E3%81%BB%E3%81%BB%E3%81%88%E3%81%BF%20%E9%87%8E%E6%B4%B2%E5%B8%82
あいむ祇王小規模多機能型居宅介護事業所,小規模多機能型居宅介護,滋賀県,野洲市,"介護,小規模多機能型居宅介護",小規模多機能型居宅介護の公式オープンデータから取り込んだ候補です。詳細は公式情報・電話・見学で確認してください。,http://k-aimu.co.jp,冨波乙190,077-518-1171,厚生労働省オープンデータ,https://www.mhlw.go.jp/content/12300000/jigyosho_730.csv,2025-12末,https://www.google.com/search?q=%E3%81%82%E3%81%84%E3%82%80%E7%A5%87%E7%8E%8B%E5%B0%8F%E8%A6%8F%E6%A8%A1%E5%A4%9A%E6%A9%9F%E8%83%BD%E5%9E%8B%E5%B1%85%E5%AE%85%E4%BB%8B%E8%AD%B7%E4%BA%8B%E6%A5%AD%E6%89%80%20%E9%87%8E%E6%B4%B2%E5%B8%82
秋桜舎,小規模多機能型居宅介護,滋賀県,湖南市,"介護,小規模多機能型居宅介護",小規模多機能型居宅介護の公式オープンデータから取り込んだ候補です。詳細は公式情報・電話・見学で確認してください。,http://nanten-net.com,滋賀県湖南市石部東一丁目９番２６号,0748-77-6780,厚生労働省オープンデータ,https://www.mhlw.go.jp/content/12300000/jigyosho_730.csv,2025-12末,https://www.google.com/search?q=%E7%A7%8B%E6%A1%9C%E8%88%8E%20%E6%B9%96%E5%8D%97%E5%B8%82
小規模多機能型居宅介護事業所ぬくもりの家大空,小規模多機能型居宅介護,滋賀県,湖南市,"介護,小規模多機能型居宅介護",小規模多機能型居宅介護の公式オープンデータから取り込んだ候補です。詳細は公式情報・電話・見学で確認してください。,https://www.oozora-konan.com/,滋賀県湖南市吉永２７０番地１,０７４８－７０－３１７６,厚生労働省オープンデータ,https://www.mhlw.go.jp/content/12300000/jigyosho_730.csv,2025-12末,https://www.google.com/search?q=%E5%B0%8F%E8%A6%8F%E6%A8%A1%E5%A4%9A%E6%A9%9F%E8%83%BD%E5%9E%8B%E5%B1%85%E5%AE%85%E4%BB%8B%E8%AD%B7%E4%BA%8B%E6%A5%AD%E6%89%80%E3%81%AC%E3%81%8F%E3%82%82%E3%82%8A%E3%81%AE%E5%AE%B6%E5%A4%A7%E7%A9%BA%20%E6%B9%96%E5%8D%97%E5%B8%82
小規模多機能型居宅介護事業所　ぼだいじみんなの家,小規模多機能型居宅介護,滋賀県,湖南市,"介護,小規模多機能型居宅介護",小規模多機能型居宅介護の公式オープンデータから取り込んだ候補です。詳細は公式情報・電話・見学で確認してください。,https://chiiroba.jp/,菩提寺３２７番地１６,0748-74-4147,厚生労働省オープンデータ,https://www.mhlw.go.jp/content/12300000/jigyosho_730.csv,2025-12末,https://www.google.com/search?q=%E5%B0%8F%E8%A6%8F%E6%A8%A1%E5%A4%9A%E6%A9%9F%E8%83%BD%E5%9E%8B%E5%B1%85%E5%AE%85%E4%BB%8B%E8%AD%B7%E4%BA%8B%E6%A5%AD%E6%89%80%E3%80%80%E3%81%BC%E3%81%A0%E3%81%84%E3%81%98%E3%81%BF%E3%82%93%E3%81%AA%E3%81%AE%E5%AE%B6%20%E6%B9%96%E5%8D%97%E5%B8%82
小規模多機能型居宅介護　樹林,小規模多機能型居宅介護,滋賀県,湖南市,"介護,小規模多機能型居宅介護",小規模多機能型居宅介護の公式オープンデータから取り込んだ候補です。詳細は公式情報・電話・見学で確認してください。,http:nanten-net.com,滋賀県湖南市石部南4丁目５－１１,０７４８－６９－５２０７,厚生労働省オープンデータ,https://www.mhlw.go.jp/content/12300000/jigyosho_730.csv,2025-12末,https://www.google.com/search?q=%E5%B0%8F%E8%A6%8F%E6%A8%A1%E5%A4%9A%E6%A9%9F%E8%83%BD%E5%9E%8B%E5%B1%85%E5%AE%85%E4%BB%8B%E8%AD%B7%E3%80%80%E6%A8%B9%E6%9E%97%20%E6%B9%96%E5%8D%97%E5%B8%82
小規模多機能型居宅介護事業所　陽だまり,小規模多機能型居宅介護,滋賀県,高島市,"介護,小規模多機能型居宅介護",小規模多機能型居宅介護の公式オープンデータから取り込んだ候補です。詳細は公式情報・電話・見学で確認してください。,http://takashimakai.or.jp/,滋賀県高島市今津町南新保1番地18,0740-22-2321,厚生労働省オープンデータ,https://www.mhlw.go.jp/content/12300000/jigyosho_730.csv,2025-12末,https://www.google.com/search?q=%E5%B0%8F%E8%A6%8F%E6%A8%A1%E5%A4%9A%E6%A9%9F%E8%83%BD%E5%9E%8B%E5%B1%85%E5%AE%85%E4%BB%8B%E8%AD%B7%E4%BA%8B%E6%A5%AD%E6%89%80%E3%80%80%E9%99%BD%E3%81%A0%E3%81%BE%E3%82%8A%20%E9%AB%98%E5%B3%B6%E5%B8%82
小規模多機能型居宅介護事業所　さわの風,小規模多機能型居宅介護,滋賀県,高島市,"介護,小規模多機能型居宅介護",小規模多機能型居宅介護の公式オープンデータから取り込んだ候補です。詳細は公式情報・電話・見学で確認してください。,http://yutakakai.jp/,マキノ町沢１７９１－１,0740-27-8020,厚生労働省オープンデータ,https://www.mhlw.go.jp/content/12300000/jigyosho_730.csv,2025-12末,https://www.google.com/search?q=%E5%B0%8F%E8%A6%8F%E6%A8%A1%E5%A4%9A%E6%A9%9F%E8%83%BD%E5%9E%8B%E5%B1%85%E5%AE%85%E4%BB%8B%E8%AD%B7%E4%BA%8B%E6%A5%AD%E6%89%80%E3%80%80%E3%81%95%E3%82%8F%E3%81%AE%E9%A2%A8%20%E9%AB%98%E5%B3%B6%E5%B8%82
小規模多機能型居宅介護　元気な仲間,小規模多機能型居宅介護,滋賀県,高島市,"介護,小規模多機能型居宅介護",小規模多機能型居宅介護の公式オープンデータから取り込んだ候補です。詳細は公式情報・電話・見学で確認してください。,www.npo-genki.com,滋賀県高島市新旭町安井川148-4,0740-25-5703,厚生労働省オープンデータ,https://www.mhlw.go.jp/content/12300000/jigyosho_730.csv,2025-12末,https://www.google.com/search?q=%E5%B0%8F%E8%A6%8F%E6%A8%A1%E5%A4%9A%E6%A9%9F%E8%83%BD%E5%9E%8B%E5%B1%85%E5%AE%85%E4%BB%8B%E8%AD%B7%E3%80%80%E5%85%83%E6%B0%97%E3%81%AA%E4%BB%B2%E9%96%93%20%E9%AB%98%E5%B3%B6%E5%B8%82
株式会社ニチイ学館　ニチイケアセンタ－高島やわらぎ,小規模多機能型居宅介護,滋賀県,高島市,"介護,小規模多機能型居宅介護",小規模多機能型居宅介護の公式オープンデータから取り込んだ候補です。詳細は公式情報・電話・見学で確認してください。,www.nichiigakkan.co.jp,高島市勝野1725,0740-36-8711,厚生労働省オープンデータ,https://www.mhlw.go.jp/content/12300000/jigyosho_730.csv,2025-12末,https://www.google.com/search?q=%E6%A0%AA%E5%BC%8F%E4%BC%9A%E7%A4%BE%E3%83%8B%E3%83%81%E3%82%A4%E5%AD%A6%E9%A4%A8%E3%80%80%E3%83%8B%E3%83%81%E3%82%A4%E3%82%B1%E3%82%A2%E3%82%BB%E3%83%B3%E3%82%BF%EF%BC%8D%E9%AB%98%E5%B3%B6%E3%82%84%E3%82%8F%E3%82%89%E3%81%8E%20%E9%AB%98%E5%B3%B6%E5%B8%82
えがお屋本舗下古賀店,小規模多機能型居宅介護,滋賀県,高島市,"介護,小規模多機能型居宅介護",小規模多機能型居宅介護の公式オープンデータから取り込んだ候補です。詳細は公式情報・電話・見学で確認してください。,https://www.google.com/search?q=%E3%81%88%E3%81%8C%E3%81%8A%E5%B1%8B%E6%9C%AC%E8%88%97%E4%B8%8B%E5%8F%A4%E8%B3%80%E5%BA%97%20%E9%AB%98%E5%B3%B6%E5%B8%82,滋賀県高島市安曇川町下古賀1255番地,0740-20-1352,厚生労働省オープンデータ,https://www.mhlw.go.jp/content/12300000/jigyosho_730.csv,2025-12末,https://www.google.com/search?q=%E3%81%88%E3%81%8C%E3%81%8A%E5%B1%8B%E6%9C%AC%E8%88%97%E4%B8%8B%E5%8F%A4%E8%B3%80%E5%BA%97%20%E9%AB%98%E5%B3%B6%E5%B8%82
えがお屋本舗上弘部店,小規模多機能型居宅介護,滋賀県,高島市,"介護,小規模多機能型居宅介護",小規模多機能型居宅介護の公式オープンデータから取り込んだ候補です。詳細は公式情報・電話・見学で確認してください。,https://www.google.com/search?q=%E3%81%88%E3%81%8C%E3%81%8A%E5%B1%8B%E6%9C%AC%E8%88%97%E4%B8%8A%E5%BC%98%E9%83%A8%E5%BA%97%20%E9%AB%98%E5%B3%B6%E5%B8%82,滋賀県高島市今津町上弘部438番地2,0740-28-7525,厚生労働省オープンデータ,https://www.mhlw.go.jp/content/12300000/jigyosho_730.csv,2025-12末,https://www.google.com/search?q=%E3%81%88%E3%81%8C%E3%81%8A%E5%B1%8B%E6%9C%AC%E8%88%97%E4%B8%8A%E5%BC%98%E9%83%A8%E5%BA%97%20%E9%AB%98%E5%B3%B6%E5%B8%82
小規模多機能型居宅介護　メデイケアさくら,小規模多機能型居宅介護,滋賀県,高島市,"介護,小規模多機能型居宅介護",小規模多機能型居宅介護の公式オープンデータから取り込んだ候補です。詳細は公式情報・電話・見学で確認してください。,medicare@castle.ocn.ne.jp,新旭町旭６０５番地１,0740-25-2525,厚生労働省オープンデータ,https://www.mhlw.go.jp/content/12300000/jigyosho_730.csv,2025-12末,https://www.google.com/search?q=%E5%B0%8F%E8%A6%8F%E6%A8%A1%E5%A4%9A%E6%A9%9F%E8%83%BD%E5%9E%8B%E5%B1%85%E5%AE%85%E4%BB%8B%E8%AD%B7%E3%80%80%E3%83%A1%E3%83%87%E3%82%A4%E3%82%B1%E3%82%A2%E3%81%95%E3%81%8F%E3%82%89%20%E9%AB%98%E5%B3%B6%E5%B8%82
小規模多機能型居宅介護事業所　はぴねすマキノ,小規模多機能型居宅介護,滋賀県,高島市,"介護,小規模多機能型居宅介護",小規模多機能型居宅介護の公式オープンデータから取り込んだ候補です。詳細は公式情報・電話・見学で確認してください。,https://www.google.com/search?q=%E5%B0%8F%E8%A6%8F%E6%A8%A1%E5%A4%9A%E6%A9%9F%E8%83%BD%E5%9E%8B%E5%B1%85%E5%AE%85%E4%BB%8B%E8%AD%B7%E4%BA%8B%E6%A5%AD%E6%89%80%E3%80%80%E3%81%AF%E3%81%B4%E3%81%AD%E3%81%99%E3%83%9E%E3%82%AD%E3%83%8E%20%E9%AB%98%E5%B3%B6%E5%B8%82,滋賀県高島市マキノ町新保1097番地,0740-27-0230,厚生労働省オープンデータ,https://www.mhlw.go.jp/content/12300000/jigyosho_730.csv,2025-12末,https://www.google.com/search?q=%E5%B0%8F%E8%A6%8F%E6%A8%A1%E5%A4%9A%E6%A9%9F%E8%83%BD%E5%9E%8B%E5%B1%85%E5%AE%85%E4%BB%8B%E8%AD%B7%E4%BA%8B%E6%A5%AD%E6%89%80%E3%80%80%E3%81%AF%E3%81%B4%E3%81%AD%E3%81%99%E3%83%9E%E3%82%AD%E3%83%8E%20%E9%AB%98%E5%B3%B6%E5%B8%82
萩の浜荘,小規模多機能型居宅介護,滋賀県,高島市,"介護,小規模多機能型居宅介護",小規模多機能型居宅介護の公式オープンデータから取り込んだ候補です。詳細は公式情報・電話・見学で確認してください。,www.hginohamasou.jp,滋賀県高島市勝野1-79,0740-28-7010,厚生労働省オープンデータ,https://www.mhlw.go.jp/content/12300000/jigyosho_730.csv,2025-12末,https://www.google.com/search?q=%E8%90%A9%E3%81%AE%E6%B5%9C%E8%8D%98%20%E9%AB%98%E5%B3%B6%E5%B8%82
愛東の杜,小規模多機能型居宅介護,滋賀県,東近江市,"介護,小規模多機能型居宅介護",小規模多機能型居宅介護の公式オープンデータから取り込んだ候補です。詳細は公式情報・電話・見学で確認してください。,aitounomori@e-omi.ne.jp,妹町１０２６番地,0749-46-8800,厚生労働省オープンデータ,https://www.mhlw.go.jp/content/12300000/jigyosho_730.csv,2025-12末,https://www.google.com/search?q=%E6%84%9B%E6%9D%B1%E3%81%AE%E6%9D%9C%20%E6%9D%B1%E8%BF%91%E6%B1%9F%E5%B8%82
しみんふくしの家八日市小規模多機能型居宅介護,小規模多機能型居宅介護,滋賀県,東近江市,"介護,小規模多機能型居宅介護",小規模多機能型居宅介護の公式オープンデータから取り込んだ候補です。詳細は公式情報・電話・見学で確認してください。,http://shimin-yokaichi.net,滋賀県東近江市栄町７－５,0748-29-3195,厚生労働省オープンデータ,https://www.mhlw.go.jp/content/12300000/jigyosho_730.csv,2025-12末,https://www.google.com/search?q=%E3%81%97%E3%81%BF%E3%82%93%E3%81%B5%E3%81%8F%E3%81%97%E3%81%AE%E5%AE%B6%E5%85%AB%E6%97%A5%E5%B8%82%E5%B0%8F%E8%A6%8F%E6%A8%A1%E5%A4%9A%E6%A9%9F%E8%83%BD%E5%9E%8B%E5%B1%85%E5%AE%85%E4%BB%8B%E8%AD%B7%20%E6%9D%B1%E8%BF%91%E6%B1%9F%E5%B8%82
小規模多機能型居宅介護　しんぐう,小規模多機能型居宅介護,滋賀県,東近江市,"介護,小規模多機能型居宅介護",小規模多機能型居宅介護の公式オープンデータから取り込んだ候補です。詳細は公式情報・電話・見学で確認してください。,shiga-shinjyukai.or.jp,滋賀県東近江市新宮町323番地1,0748-42-8233,厚生労働省オープンデータ,https://www.mhlw.go.jp/content/12300000/jigyosho_730.csv,2025-12末,https://www.google.com/search?q=%E5%B0%8F%E8%A6%8F%E6%A8%A1%E5%A4%9A%E6%A9%9F%E8%83%BD%E5%9E%8B%E5%B1%85%E5%AE%85%E4%BB%8B%E8%AD%B7%E3%80%80%E3%81%97%E3%82%93%E3%81%90%E3%81%86%20%E6%9D%B1%E8%BF%91%E6%B1%9F%E5%B8%82
小規模多機能型居宅介護施設第二ともの家,小規模多機能型居宅介護,滋賀県,東近江市,"介護,小規模多機能型居宅介護",小規模多機能型居宅介護の公式オープンデータから取り込んだ候補です。詳細は公式情報・電話・見学で確認してください。,http://www.tomonoie.org/public/,宮川町６９１番地２９１,0748-55-1135,厚生労働省オープンデータ,https://www.mhlw.go.jp/content/12300000/jigyosho_730.csv,2025-12末,https://www.google.com/search?q=%E5%B0%8F%E8%A6%8F%E6%A8%A1%E5%A4%9A%E6%A9%9F%E8%83%BD%E5%9E%8B%E5%B1%85%E5%AE%85%E4%BB%8B%E8%AD%B7%E6%96%BD%E8%A8%AD%E7%AC%AC%E4%BA%8C%E3%81%A8%E3%82%82%E3%81%AE%E5%AE%B6%20%E6%9D%B1%E8%BF%91%E6%B1%9F%E5%B8%82
愛近江　ゆ加里,小規模多機能型居宅介護,滋賀県,東近江市,"介護,小規模多機能型居宅介護",小規模多機能型居宅介護の公式オープンデータから取り込んだ候補です。詳細は公式情報・電話・見学で確認してください。,https://www.google.com/search?q=%E6%84%9B%E8%BF%91%E6%B1%9F%E3%80%80%E3%82%86%E5%8A%A0%E9%87%8C%20%E6%9D%B1%E8%BF%91%E6%B1%9F%E5%B8%82,滋賀県東近江市勝堂町1702,0749-45-0151,厚生労働省オープンデータ,https://www.mhlw.go.jp/content/12300000/jigyosho_730.csv,2025-12末,https://www.google.com/search?q=%E6%84%9B%E8%BF%91%E6%B1%9F%E3%80%80%E3%82%86%E5%8A%A0%E9%87%8C%20%E6%9D%B1%E8%BF%91%E6%B1%9F%E5%B8%82
東近江市社会福祉協議会小規模多機能型居宅介護事業所かじやの里の新兵衛さん,小規模多機能型居宅介護,滋賀県,東近江市,"介護,小規模多機能型居宅介護",小規模多機能型居宅介護の公式オープンデータから取り込んだ候補です。詳細は公式情報・電話・見学で確認してください。,http://www.higashiomi-shakyo.or.jp/,東近江市佐野町35番地,0748-42-8377,厚生労働省オープンデータ,https://www.mhlw.go.jp/content/12300000/jigyosho_730.csv,2025-12末,https://www.google.com/search?q=%E6%9D%B1%E8%BF%91%E6%B1%9F%E5%B8%82%E7%A4%BE%E4%BC%9A%E7%A6%8F%E7%A5%89%E5%8D%94%E8%AD%B0%E4%BC%9A%E5%B0%8F%E8%A6%8F%E6%A8%A1%E5%A4%9A%E6%A9%9F%E8%83%BD%E5%9E%8B%E5%B1%85%E5%AE%85%E4%BB%8B%E8%AD%B7%E4%BA%8B%E6%A5%AD%E6%89%80%E3%81%8B%E3%81%98%E3%82%84%E3%81%AE%E9%87%8C%E3%81%AE%E6%96%B0%E5%85%B5%E8%A1%9B%E3%81%95%E3%82%93%20%E6%9D%B1%E8%BF%91%E6%B1%9F%E5%B8%82
小規模多機能型居宅介護ひばり,小規模多機能型居宅介護,滋賀県,東近江市,"介護,小規模多機能型居宅介護",小規模多機能型居宅介護の公式オープンデータから取り込んだ候補です。詳細は公式情報・電話・見学で確認してください。,http://shiga-shinjyukai.or.jp/,滋賀県東近江地長町304番地,0749-45-8000,厚生労働省オープンデータ,https://www.mhlw.go.jp/content/12300000/jigyosho_730.csv,2025-12末,https://www.google.com/search?q=%E5%B0%8F%E8%A6%8F%E6%A8%A1%E5%A4%9A%E6%A9%9F%E8%83%BD%E5%9E%8B%E5%B1%85%E5%AE%85%E4%BB%8B%E8%AD%B7%E3%81%B2%E3%81%B0%E3%82%8A%20%E6%9D%B1%E8%BF%91%E6%B1%9F%E5%B8%82
小規模多機能型居宅介護　沖野原,小規模多機能型居宅介護,滋賀県,東近江市,"介護,小規模多機能型居宅介護",小規模多機能型居宅介護の公式オープンデータから取り込んだ候補です。詳細は公式情報・電話・見学で確認してください。,https://okinohara.jp,滋賀県東近江市沖野三丁目10-18,0748-22-7555,厚生労働省オープンデータ,https://www.mhlw.go.jp/content/12300000/jigyosho_730.csv,2025-12末,https://www.google.com/search?q=%E5%B0%8F%E8%A6%8F%E6%A8%A1%E5%A4%9A%E6%A9%9F%E8%83%BD%E5%9E%8B%E5%B1%85%E5%AE%85%E4%BB%8B%E8%AD%B7%E3%80%80%E6%B2%96%E9%87%8E%E5%8E%9F%20%E6%9D%B1%E8%BF%91%E6%B1%9F%E5%B8%82
はなれひだまり,小規模多機能型居宅介護,滋賀県,米原市,"介護,小規模多機能型居宅介護",小規模多機能型居宅介護の公式オープンデータから取り込んだ候補です。詳細は公式情報・電話・見学で確認してください。,http://www.hidamari-shiga.jp,滋賀県米原市本郷６０３－１,０７４９－５５－９０００,厚生労働省オープンデータ,https://www.mhlw.go.jp/content/12300000/jigyosho_730.csv,2025-12末,https://www.google.com/search?q=%E3%81%AF%E3%81%AA%E3%82%8C%E3%81%B2%E3%81%A0%E3%81%BE%E3%82%8A%20%E7%B1%B3%E5%8E%9F%E5%B8%82
ほっとひだまり,小規模多機能型居宅介護,滋賀県,米原市,"介護,小規模多機能型居宅介護",小規模多機能型居宅介護の公式オープンデータから取り込んだ候補です。詳細は公式情報・電話・見学で確認してください。,http://www.hidamari-shiga.jp,滋賀県米原市一色458-1,0749-54-2277,厚生労働省オープンデータ,https://www.mhlw.go.jp/content/12300000/jigyosho_730.csv,2025-12末,https://www.google.com/search?q=%E3%81%BB%E3%81%A3%E3%81%A8%E3%81%B2%E3%81%A0%E3%81%BE%E3%82%8A%20%E7%B1%B3%E5%8E%9F%E5%B8%82
みんなの家,小規模多機能型居宅介護,滋賀県,米原市,"介護,小規模多機能型居宅介護",小規模多機能型居宅介護の公式オープンデータから取り込んだ候補です。詳細は公式情報・電話・見学で確認してください。,http://maibara-shakyo.or.jp/,滋賀県米原市顔戸1729-1,0749-52-6006,厚生労働省オープンデータ,https://www.mhlw.go.jp/content/12300000/jigyosho_730.csv,2025-12末,https://www.google.com/search?q=%E3%81%BF%E3%82%93%E3%81%AA%E3%81%AE%E5%AE%B6%20%E7%B1%B3%E5%8E%9F%E5%B8%82
白寿荘小規模多機能ホームさくらの里,小規模多機能型居宅介護,滋賀県,日野町,"介護,小規模多機能型居宅介護",小規模多機能型居宅介護の公式オープンデータから取り込んだ候補です。詳細は公式情報・電話・見学で確認してください。,http://koktoukai.or.jp/,滋賀県蒲生郡日野町蓮花寺382番地,0748-53-8677,厚生労働省オープンデータ,https://www.mhlw.go.jp/content/12300000/jigyosho_730.csv,2025-12末,https://www.google.com/search?q=%E7%99%BD%E5%AF%BF%E8%8D%98%E5%B0%8F%E8%A6%8F%E6%A8%A1%E5%A4%9A%E6%A9%9F%E8%83%BD%E3%83%9B%E3%83%BC%E3%83%A0%E3%81%95%E3%81%8F%E3%82%89%E3%81%AE%E9%87%8C%20%E6%97%A5%E9%87%8E%E7%94%BA
小規模多機能山かがみ,小規模多機能型居宅介護,滋賀県,竜王町,"介護,小規模多機能型居宅介護",小規模多機能型居宅介護の公式オープンデータから取り込んだ候補です。詳細は公式情報・電話・見学で確認してください。,https://yukinokai.com/,滋賀県蒲生郡竜王町鏡587-2,0748-58-5066,厚生労働省オープンデータ,https://www.mhlw.go.jp/content/12300000/jigyosho_730.csv,2025-12末,https://www.google.com/search?q=%E5%B0%8F%E8%A6%8F%E6%A8%A1%E5%A4%9A%E6%A9%9F%E8%83%BD%E5%B1%B1%E3%81%8B%E3%81%8C%E3%81%BF%20%E7%AB%9C%E7%8E%8B%E7%94%BA
じょいふるあいしょう,小規模多機能型居宅介護,滋賀県,愛荘町,"介護,小規模多機能型居宅介護",小規模多機能型居宅介護の公式オープンデータから取り込んだ候補です。詳細は公式情報・電話・見学で確認してください。,http://homesweethome.jp/,滋賀県愛知郡愛荘町愛知川808,0749-20-2130,厚生労働省オープンデータ,https://www.mhlw.go.jp/content/12300000/jigyosho_730.csv,2025-12末,https://www.google.com/search?q=%E3%81%98%E3%82%87%E3%81%84%E3%81%B5%E3%82%8B%E3%81%82%E3%81%84%E3%81%97%E3%82%87%E3%81%86%20%E6%84%9B%E8%8D%98%E7%94%BA
愛荘ゆらぎあんどん,小規模多機能型居宅介護,滋賀県,愛荘町,"介護,小規模多機能型居宅介護",小規模多機能型居宅介護の公式オープンデータから取り込んだ候補です。詳細は公式情報・電話・見学で確認してください。,https://www.google.com/search?q=%E6%84%9B%E8%8D%98%E3%82%86%E3%82%89%E3%81%8E%E3%81%82%E3%82%93%E3%81%A9%E3%82%93%20%E6%84%9B%E8%8D%98%E7%94%BA,滋賀県愛知郡愛荘町島川1321,0749-42-6006,厚生労働省オープンデータ,https://www.mhlw.go.jp/content/12300000/jigyosho_730.csv,2025-12末,https://www.google.com/search?q=%E6%84%9B%E8%8D%98%E3%82%86%E3%82%89%E3%81%8E%E3%81%82%E3%82%93%E3%81%A9%E3%82%93%20%E6%84%9B%E8%8D%98%E7%94%BA
ファミリーステーション甲良,小規模多機能型居宅介護,滋賀県,甲良町,"介護,小規模多機能型居宅介護",小規模多機能型居宅介護の公式オープンデータから取り込んだ候補です。詳細は公式情報・電話・見学で確認してください。,http://kotoukai.or.jp/,滋賀県犬上郡甲良町小川原536-1,0749-28-8880,厚生労働省オープンデータ,https://www.mhlw.go.jp/content/12300000/jigyosho_730.csv,2025-12末,https://www.google.com/search?q=%E3%83%95%E3%82%A1%E3%83%9F%E3%83%AA%E3%83%BC%E3%82%B9%E3%83%86%E3%83%BC%E3%82%B7%E3%83%A7%E3%83%B3%E7%94%B2%E8%89%AF%20%E7%94%B2%E8%89%AF%E7%94%BA
ファミリーステーション多賀,小規模多機能型居宅介護,滋賀県,多賀町,"介護,小規模多機能型居宅介護",小規模多機能型居宅介護の公式オープンデータから取り込んだ候補です。詳細は公式情報・電話・見学で確認してください。,http://kotoukai.or.jp/publics/index/2/,滋賀県犬上郡多賀町敏満寺1273-3多賀町立清涼ファミリーステーション内,0749-49-2288,厚生労働省オープンデータ,https://www.mhlw.go.jp/content/12300000/jigyosho_730.csv,2025-12末,https://www.google.com/search?q=%E3%83%95%E3%82%A1%E3%83%9F%E3%83%AA%E3%83%BC%E3%82%B9%E3%83%86%E3%83%BC%E3%82%B7%E3%83%A7%E3%83%B3%E5%A4%9A%E8%B3%80%20%E5%A4%9A%E8%B3%80%E7%94%BA
そよ風定期巡回おおつ月輪,定期巡回・随時対応型訪問介護看護,滋賀県,大津市,"介護,定期巡回・随時対応型訪問介護看護",定期巡回・随時対応型訪問介護看護の公式オープンデータから取り込んだ候補です。詳細は公式情報・電話・見学で確認してください。,https://www.sykz.co.jp/shisetsu-zaitaku/253335,月輪三丁目２４－２,077-544-5830,厚生労働省オープンデータ,https://www.mhlw.go.jp/content/12300000/jigyosho_760.csv,2025-12末,https://www.google.com/search?q=%E3%81%9D%E3%82%88%E9%A2%A8%E5%AE%9A%E6%9C%9F%E5%B7%A1%E5%9B%9E%E3%81%8A%E3%81%8A%E3%81%A4%E6%9C%88%E8%BC%AA%20%E5%A4%A7%E6%B4%A5%E5%B8%82
トゥインクル定期巡回サービス瀬田,定期巡回・随時対応型訪問介護看護,滋賀県,大津市,"介護,定期巡回・随時対応型訪問介護看護",定期巡回・随時対応型訪問介護看護の公式オープンデータから取り込んだ候補です。詳細は公式情報・電話・見学で確認してください。,https://www.google.com/search?q=%E3%83%88%E3%82%A5%E3%82%A4%E3%83%B3%E3%82%AF%E3%83%AB%E5%AE%9A%E6%9C%9F%E5%B7%A1%E5%9B%9E%E3%82%B5%E3%83%BC%E3%83%93%E3%82%B9%E7%80%AC%E7%94%B0%20%E5%A4%A7%E6%B4%A5%E5%B8%82,滋賀県大津市大萱4丁目6番地1号有料老人ホーム　トゥインクル瀬田,077-526-7787,厚生労働省オープンデータ,https://www.mhlw.go.jp/content/12300000/jigyosho_760.csv,2025-12末,https://www.google.com/search?q=%E3%83%88%E3%82%A5%E3%82%A4%E3%83%B3%E3%82%AF%E3%83%AB%E5%AE%9A%E6%9C%9F%E5%B7%A1%E5%9B%9E%E3%82%B5%E3%83%BC%E3%83%93%E3%82%B9%E7%80%AC%E7%94%B0%20%E5%A4%A7%E6%B4%A5%E5%B8%82
定期巡回・随時対応型訪問介護看護事業所あったかステーション２４Sひこね,定期巡回・随時対応型訪問介護看護,滋賀県,彦根市,"介護,定期巡回・随時対応型訪問介護看護",定期巡回・随時対応型訪問介護看護の公式オープンデータから取り込んだ候補です。詳細は公式情報・電話・見学で確認してください。,https://www.google.com/search?q=%E5%AE%9A%E6%9C%9F%E5%B7%A1%E5%9B%9E%E3%83%BB%E9%9A%8F%E6%99%82%E5%AF%BE%E5%BF%9C%E5%9E%8B%E8%A8%AA%E5%95%8F%E4%BB%8B%E8%AD%B7%E7%9C%8B%E8%AD%B7%E4%BA%8B%E6%A5%AD%E6%89%80%E3%81%82%E3%81%A3%E3%81%9F%E3%81%8B%E3%82%B9%E3%83%86%E3%83%BC%E3%82%B7%E3%83%A7%E3%83%B3%EF%BC%92%EF%BC%94S%E3%81%B2%E3%81%93%E3%81%AD%20%E5%BD%A6%E6%A0%B9%E5%B8%82,滋賀県彦根市甘呂町491,0749-25-0611,厚生労働省オープンデータ,https://www.mhlw.go.jp/content/12300000/jigyosho_760.csv,2025-12末,https://www.google.com/search?q=%E5%AE%9A%E6%9C%9F%E5%B7%A1%E5%9B%9E%E3%83%BB%E9%9A%8F%E6%99%82%E5%AF%BE%E5%BF%9C%E5%9E%8B%E8%A8%AA%E5%95%8F%E4%BB%8B%E8%AD%B7%E7%9C%8B%E8%AD%B7%E4%BA%8B%E6%A5%AD%E6%89%80%E3%81%82%E3%81%A3%E3%81%9F%E3%81%8B%E3%82%B9%E3%83%86%E3%83%BC%E3%82%B7%E3%83%A7%E3%83%B3%EF%BC%92%EF%BC%94S%E3%81%B2%E3%81%93%E3%81%AD%20%E5%BD%A6%E6%A0%B9%E5%B8%82
定期巡回・随時対応型訪問介護看護事業所あったかステーション24Nひこね,定期巡回・随時対応型訪問介護看護,滋賀県,彦根市,"介護,定期巡回・随時対応型訪問介護看護",定期巡回・随時対応型訪問介護看護の公式オープンデータから取り込んだ候補です。詳細は公式情報・電話・見学で確認してください。,wttps://www.iscare.co.jp,滋賀県彦根市地蔵町73-2,0749-23-3039,厚生労働省オープンデータ,https://www.mhlw.go.jp/content/12300000/jigyosho_760.csv,2025-12末,https://www.google.com/search?q=%E5%AE%9A%E6%9C%9F%E5%B7%A1%E5%9B%9E%E3%83%BB%E9%9A%8F%E6%99%82%E5%AF%BE%E5%BF%9C%E5%9E%8B%E8%A8%AA%E5%95%8F%E4%BB%8B%E8%AD%B7%E7%9C%8B%E8%AD%B7%E4%BA%8B%E6%A5%AD%E6%89%80%E3%81%82%E3%81%A3%E3%81%9F%E3%81%8B%E3%82%B9%E3%83%86%E3%83%BC%E3%82%B7%E3%83%A7%E3%83%B324N%E3%81%B2%E3%81%93%E3%81%AD%20%E5%BD%A6%E6%A0%B9%E5%B8%82
訪問介護センターなでしこ草津,定期巡回・随時対応型訪問介護看護,滋賀県,草津市,"介護,定期巡回・随時対応型訪問介護看護",定期巡回・随時対応型訪問介護看護の公式オープンデータから取り込んだ候補です。詳細は公式情報・電話・見学で確認してください。,http://www.saiseikai-shiga.jp/tankaiso/,草津市西渋川2丁目９－４８－１１,077-516-0387,厚生労働省オープンデータ,https://www.mhlw.go.jp/content/12300000/jigyosho_760.csv,2025-12末,https://www.google.com/search?q=%E8%A8%AA%E5%95%8F%E4%BB%8B%E8%AD%B7%E3%82%BB%E3%83%B3%E3%82%BF%E3%83%BC%E3%81%AA%E3%81%A7%E3%81%97%E3%81%93%E8%8D%89%E6%B4%A5%20%E8%8D%89%E6%B4%A5%E5%B8%82
ゆうらいふケアステーション,定期巡回・随時対応型訪問介護看護,滋賀県,守山市,"介護,定期巡回・随時対応型訪問介護看護",定期巡回・随時対応型訪問介護看護の公式オープンデータから取り込んだ候補です。詳細は公式情報・電話・見学で確認してください。,http://www.youlife.ne.jp,守山市石田町735-3,077-599-0536,厚生労働省オープンデータ,https://www.mhlw.go.jp/content/12300000/jigyosho_760.csv,2025-12末,https://www.google.com/search?q=%E3%82%86%E3%81%86%E3%82%89%E3%81%84%E3%81%B5%E3%82%B1%E3%82%A2%E3%82%B9%E3%83%86%E3%83%BC%E3%82%B7%E3%83%A7%E3%83%B3%20%E5%AE%88%E5%B1%B1%E5%B8%82
訪問介護センターなでしこ,定期巡回・随時対応型訪問介護看護,滋賀県,栗東市,"介護,定期巡回・随時対応型訪問介護看護",定期巡回・随時対応型訪問介護看護の公式オープンデータから取り込んだ候補です。詳細は公式情報・電話・見学で確認してください。,http://www.saiseikai-shiga.jp/tankaiso/,滋賀県栗東市小柿4丁目1-1,077-552-9930,厚生労働省オープンデータ,https://www.mhlw.go.jp/content/12300000/jigyosho_760.csv,2025-12末,https://www.google.com/search?q=%E8%A8%AA%E5%95%8F%E4%BB%8B%E8%AD%B7%E3%82%BB%E3%83%B3%E3%82%BF%E3%83%BC%E3%81%AA%E3%81%A7%E3%81%97%E3%81%93%20%E6%A0%97%E6%9D%B1%E5%B8%82
あいむ野洲定期巡回・随時対応訪問介護看護,定期巡回・随時対応型訪問介護看護,滋賀県,野洲市,"介護,定期巡回・随時対応型訪問介護看護",定期巡回・随時対応型訪問介護看護の公式オープンデータから取り込んだ候補です。詳細は公式情報・電話・見学で確認してください。,http://k-aimu.co.jp,富波乙190番地,077-518-1171,厚生労働省オープンデータ,https://www.mhlw.go.jp/content/12300000/jigyosho_760.csv,2025-12末,https://www.google.com/search?q=%E3%81%82%E3%81%84%E3%82%80%E9%87%8E%E6%B4%B2%E5%AE%9A%E6%9C%9F%E5%B7%A1%E5%9B%9E%E3%83%BB%E9%9A%8F%E6%99%82%E5%AF%BE%E5%BF%9C%E8%A8%AA%E5%95%8F%E4%BB%8B%E8%AD%B7%E7%9C%8B%E8%AD%B7%20%E9%87%8E%E6%B4%B2%E5%B8%82
看護小規模多機能　ソワン逢坂,看護小規模多機能型居宅介護,滋賀県,大津市,"介護,看護小規模多機能型居宅介護,医療",看護小規模多機能型居宅介護の公式オープンデータから取り込んだ候補です。詳細は公式情報・電話・見学で確認してください。,https://www.google.com/search?q=%E7%9C%8B%E8%AD%B7%E5%B0%8F%E8%A6%8F%E6%A8%A1%E5%A4%9A%E6%A9%9F%E8%83%BD%E3%80%80%E3%82%BD%E3%83%AF%E3%83%B3%E9%80%A2%E5%9D%82%20%E5%A4%A7%E6%B4%A5%E5%B8%82,滋賀県大津市音羽台3－5,077‐572-5590,厚生労働省オープンデータ,https://www.mhlw.go.jp/content/12300000/jigyosho_770.csv,2025-12末,https://www.google.com/search?q=%E7%9C%8B%E8%AD%B7%E5%B0%8F%E8%A6%8F%E6%A8%A1%E5%A4%9A%E6%A9%9F%E8%83%BD%E3%80%80%E3%82%BD%E3%83%AF%E3%83%B3%E9%80%A2%E5%9D%82%20%E5%A4%A7%E6%B4%A5%E5%B8%82
看護小規模多機能居宅介護サービスめぐり,看護小規模多機能型居宅介護,滋賀県,大津市,"介護,看護小規模多機能型居宅介護,医療",看護小規模多機能型居宅介護の公式オープンデータから取り込んだ候補です。詳細は公式情報・電話・見学で確認してください。,https://www.koseikai.care/,和邇中浜345-1,077-594-5500,厚生労働省オープンデータ,https://www.mhlw.go.jp/content/12300000/jigyosho_770.csv,2025-12末,https://www.google.com/search?q=%E7%9C%8B%E8%AD%B7%E5%B0%8F%E8%A6%8F%E6%A8%A1%E5%A4%9A%E6%A9%9F%E8%83%BD%E5%B1%85%E5%AE%85%E4%BB%8B%E8%AD%B7%E3%82%B5%E3%83%BC%E3%83%93%E3%82%B9%E3%82%81%E3%81%90%E3%82%8A%20%E5%A4%A7%E6%B4%A5%E5%B8%82
白櫻会複合型サービスひなた,看護小規模多機能型居宅介護,滋賀県,大津市,"介護,看護小規模多機能型居宅介護,医療",看護小規模多機能型居宅介護の公式オープンデータから取り込んだ候補です。詳細は公式情報・電話・見学で確認してください。,http://hakuokai.jp,滋賀県大津市別保二丁目８番３３号,077-534-0005,厚生労働省オープンデータ,https://www.mhlw.go.jp/content/12300000/jigyosho_770.csv,2025-12末,https://www.google.com/search?q=%E7%99%BD%E6%AB%BB%E4%BC%9A%E8%A4%87%E5%90%88%E5%9E%8B%E3%82%B5%E3%83%BC%E3%83%93%E3%82%B9%E3%81%B2%E3%81%AA%E3%81%9F%20%E5%A4%A7%E6%B4%A5%E5%B8%82
看護小規模多機能型居宅介護　湖の癒,看護小規模多機能型居宅介護,滋賀県,大津市,"介護,看護小規模多機能型居宅介護,医療",看護小規模多機能型居宅介護の公式オープンデータから取り込んだ候補です。詳細は公式情報・電話・見学で確認してください。,https://www.google.com/search?q=%E7%9C%8B%E8%AD%B7%E5%B0%8F%E8%A6%8F%E6%A8%A1%E5%A4%9A%E6%A9%9F%E8%83%BD%E5%9E%8B%E5%B1%85%E5%AE%85%E4%BB%8B%E8%AD%B7%E3%80%80%E6%B9%96%E3%81%AE%E7%99%92%20%E5%A4%A7%E6%B4%A5%E5%B8%82,滋賀県大津市今堅田２丁目31番77号,077－574－7257,厚生労働省オープンデータ,https://www.mhlw.go.jp/content/12300000/jigyosho_770.csv,2025-12末,https://www.google.com/search?q=%E7%9C%8B%E8%AD%B7%E5%B0%8F%E8%A6%8F%E6%A8%A1%E5%A4%9A%E6%A9%9F%E8%83%BD%E5%9E%8B%E5%B1%85%E5%AE%85%E4%BB%8B%E8%AD%B7%E3%80%80%E6%B9%96%E3%81%AE%E7%99%92%20%E5%A4%A7%E6%B4%A5%E5%B8%82
友仁ﾅｰｼﾝｸﾞﾎｰﾑ河原町,看護小規模多機能型居宅介護,滋賀県,彦根市,"介護,看護小規模多機能型居宅介護,医療",看護小規模多機能型居宅介護の公式オープンデータから取り込んだ候補です。詳細は公式情報・電話・見学で確認してください。,https://www.yujin-yamazaki.co.jp,滋賀県彦根市河原2丁目3-2,0749-21-6335,厚生労働省オープンデータ,https://www.mhlw.go.jp/content/12300000/jigyosho_770.csv,2025-12末,https://www.google.com/search?q=%E5%8F%8B%E4%BB%81%EF%BE%85%EF%BD%B0%EF%BD%BC%EF%BE%9D%EF%BD%B8%EF%BE%9E%EF%BE%8E%EF%BD%B0%EF%BE%91%E6%B2%B3%E5%8E%9F%E7%94%BA%20%E5%BD%A6%E6%A0%B9%E5%B8%82
風蝶木の実　ケイパハウス,看護小規模多機能型居宅介護,滋賀県,彦根市,"介護,看護小規模多機能型居宅介護,医療",看護小規模多機能型居宅介護の公式オープンデータから取り込んだ候補です。詳細は公式情報・電話・見学で確認してください。,http://www.kisoukai.com,彦根市極楽寺町596番地,0749-25-5355,厚生労働省オープンデータ,https://www.mhlw.go.jp/content/12300000/jigyosho_770.csv,2025-12末,https://www.google.com/search?q=%E9%A2%A8%E8%9D%B6%E6%9C%A8%E3%81%AE%E5%AE%9F%E3%80%80%E3%82%B1%E3%82%A4%E3%83%91%E3%83%8F%E3%82%A6%E3%82%B9%20%E5%BD%A6%E6%A0%B9%E5%B8%82
ナーシングホームすずらん,看護小規模多機能型居宅介護,滋賀県,彦根市,"介護,看護小規模多機能型居宅介護,医療",看護小規模多機能型居宅介護の公式オープンデータから取り込んだ候補です。詳細は公式情報・電話・見学で確認してください。,https://yujin-kaigo.com/service/ナーシングホーム%E3%80%80すずらん/nssuzuran2017@yahoo.co.jp,滋賀県彦根市高宮町1368‐7,0749-26-0816,厚生労働省オープンデータ,https://www.mhlw.go.jp/content/12300000/jigyosho_770.csv,2025-12末,https://www.google.com/search?q=%E3%83%8A%E3%83%BC%E3%82%B7%E3%83%B3%E3%82%B0%E3%83%9B%E3%83%BC%E3%83%A0%E3%81%99%E3%81%9A%E3%82%89%E3%82%93%20%E5%BD%A6%E6%A0%B9%E5%B8%82
看護小規模多機能ケアさいかち,看護小規模多機能型居宅介護,滋賀県,長浜市,"介護,看護小規模多機能型居宅介護,医療",看護小規模多機能型居宅介護の公式オープンデータから取り込んだ候補です。詳細は公式情報・電話・見学で確認してください。,http://o-kourakukai.or.jp/,滋賀県長浜市下坂中町200番地1,0749-68-4000,厚生労働省オープンデータ,https://www.mhlw.go.jp/content/12300000/jigyosho_770.csv,2025-12末,https://www.google.com/search?q=%E7%9C%8B%E8%AD%B7%E5%B0%8F%E8%A6%8F%E6%A8%A1%E5%A4%9A%E6%A9%9F%E8%83%BD%E3%82%B1%E3%82%A2%E3%81%95%E3%81%84%E3%81%8B%E3%81%A1%20%E9%95%B7%E6%B5%9C%E5%B8%82
北ながはま看護小規模多機能ホーム,看護小規模多機能型居宅介護,滋賀県,長浜市,"介護,看護小規模多機能型居宅介護,医療",看護小規模多機能型居宅介護の公式オープンデータから取り込んだ候補です。詳細は公式情報・電話・見学で確認してください。,https://sangajapan.jp/kitanagahama/,神照町463ｰ1,0749-53-2212,厚生労働省オープンデータ,https://www.mhlw.go.jp/content/12300000/jigyosho_770.csv,2025-12末,https://www.google.com/search?q=%E5%8C%97%E3%81%AA%E3%81%8C%E3%81%AF%E3%81%BE%E7%9C%8B%E8%AD%B7%E5%B0%8F%E8%A6%8F%E6%A8%A1%E5%A4%9A%E6%A9%9F%E8%83%BD%E3%83%9B%E3%83%BC%E3%83%A0%20%E9%95%B7%E6%B5%9C%E5%B8%82
看護小規模多機能型居宅介護　友愛の家　ヴォーリズ,看護小規模多機能型居宅介護,滋賀県,近江八幡市,"介護,看護小規模多機能型居宅介護,医療",看護小規模多機能型居宅介護の公式オープンデータから取り込んだ候補です。詳細は公式情報・電話・見学で確認してください。,http://www.vories.or.jp,滋賀県近江八幡市北之庄町492番地,0748-36-5474,厚生労働省オープンデータ,https://www.mhlw.go.jp/content/12300000/jigyosho_770.csv,2025-12末,https://www.google.com/search?q=%E7%9C%8B%E8%AD%B7%E5%B0%8F%E8%A6%8F%E6%A8%A1%E5%A4%9A%E6%A9%9F%E8%83%BD%E5%9E%8B%E5%B1%85%E5%AE%85%E4%BB%8B%E8%AD%B7%E3%80%80%E5%8F%8B%E6%84%9B%E3%81%AE%E5%AE%B6%E3%80%80%E3%83%B4%E3%82%A9%E3%83%BC%E3%83%AA%E3%82%BA%20%E8%BF%91%E6%B1%9F%E5%85%AB%E5%B9%A1%E5%B8%82
看護小規模多機能型居宅介護事業所なでしこ草津,看護小規模多機能型居宅介護,滋賀県,草津市,"介護,看護小規模多機能型居宅介護,医療",看護小規模多機能型居宅介護の公式オープンデータから取り込んだ候補です。詳細は公式情報・電話・見学で確認してください。,http://www.saiseikai-shiga.jp/houkan/,滋賀県草津市西渋川二丁目9番48-11号複合施設済生会なでしこ草津　１階,077-516-0383,厚生労働省オープンデータ,https://www.mhlw.go.jp/content/12300000/jigyosho_770.csv,2025-12末,https://www.google.com/search?q=%E7%9C%8B%E8%AD%B7%E5%B0%8F%E8%A6%8F%E6%A8%A1%E5%A4%9A%E6%A9%9F%E8%83%BD%E5%9E%8B%E5%B1%85%E5%AE%85%E4%BB%8B%E8%AD%B7%E4%BA%8B%E6%A5%AD%E6%89%80%E3%81%AA%E3%81%A7%E3%81%97%E3%81%93%E8%8D%89%E6%B4%A5%20%E8%8D%89%E6%B4%A5%E5%B8%82
看護小規模多機能型居宅介護そまの音,看護小規模多機能型居宅介護,滋賀県,甲賀市,"介護,看護小規模多機能型居宅介護,医療",看護小規模多機能型居宅介護の公式オープンデータから取り込んだ候補です。詳細は公式情報・電話・見学で確認してください。,https://somanone.conohawing.com/aboutus/,滋賀県甲賀市甲南町深川市場10番1,0748-70-2573,厚生労働省オープンデータ,https://www.mhlw.go.jp/content/12300000/jigyosho_770.csv,2025-12末,https://www.google.com/search?q=%E7%9C%8B%E8%AD%B7%E5%B0%8F%E8%A6%8F%E6%A8%A1%E5%A4%9A%E6%A9%9F%E8%83%BD%E5%9E%8B%E5%B1%85%E5%AE%85%E4%BB%8B%E8%AD%B7%E3%81%9D%E3%81%BE%E3%81%AE%E9%9F%B3%20%E7%94%B2%E8%B3%80%E5%B8%82
笑みの家ひだまり,看護小規模多機能型居宅介護,滋賀県,米原市,"介護,看護小規模多機能型居宅介護,医療",看護小規模多機能型居宅介護の公式オープンデータから取り込んだ候補です。詳細は公式情報・電話・見学で確認してください。,http://www.hidamari-shiga.jp,滋賀県米原市能登瀬1322－１,0749-54-3377,厚生労働省オープンデータ,https://www.mhlw.go.jp/content/12300000/jigyosho_770.csv,2025-12末,https://www.google.com/search?q=%E7%AC%91%E3%81%BF%E3%81%AE%E5%AE%B6%E3%81%B2%E3%81%A0%E3%81%BE%E3%82%8A%20%E7%B1%B3%E5%8E%9F%E5%B8%82
デイサービスセンターこてつ,地域密着型デイサービス,滋賀県,大津市,"介護,地域密着型デイサービス",日中に通って食事・入浴・機能訓練・見守りなどを受けるサービスです。,https://www.google.com/search?q=%E3%83%87%E3%82%A4%E3%82%B5%E3%83%BC%E3%83%93%E3%82%B9%E3%82%BB%E3%83%B3%E3%82%BF%E3%83%BC%E3%81%93%E3%81%A6%E3%81%A4%20%E5%A4%A7%E6%B4%A5%E5%B8%82,滋賀県大津市大萱6丁目4番18号,077-544-1100,厚生労働省オープンデータ,https://www.mhlw.go.jp/content/12300000/jigyosho_780.csv,2025-12末,https://www.google.com/search?q=%E3%83%87%E3%82%A4%E3%82%B5%E3%83%BC%E3%83%93%E3%82%B9%E3%82%BB%E3%83%B3%E3%82%BF%E3%83%BC%E3%81%93%E3%81%A6%E3%81%A4%20%E5%A4%A7%E6%B4%A5%E5%B8%82
真情デイ・サービス衣川,地域密着型デイサービス,滋賀県,大津市,"介護,地域密着型デイサービス",日中に通って食事・入浴・機能訓練・見守りなどを受けるサービスです。,http://newones.co.jp/,衣川一丁目１１－３１,077-573-3511,厚生労働省オープンデータ,https://www.mhlw.go.jp/content/12300000/jigyosho_780.csv,2025-12末,https://www.google.com/search?q=%E7%9C%9F%E6%83%85%E3%83%87%E3%82%A4%E3%83%BB%E3%82%B5%E3%83%BC%E3%83%93%E3%82%B9%E8%A1%A3%E5%B7%9D%20%E5%A4%A7%E6%B4%A5%E5%B8%82
デイサービスまった里,地域密着型デイサービス,滋賀県,大津市,"介護,地域密着型デイサービス",日中に通って食事・入浴・機能訓練・見守りなどを受けるサービスです。,https://www.google.com/search?q=%E3%83%87%E3%82%A4%E3%82%B5%E3%83%BC%E3%83%93%E3%82%B9%E3%81%BE%E3%81%A3%E3%81%9F%E9%87%8C%20%E5%A4%A7%E6%B4%A5%E5%B8%82,滋賀県大津市里6丁目24番4号,077－572－5914,厚生労働省オープンデータ,https://www.mhlw.go.jp/content/12300000/jigyosho_780.csv,2025-12末,https://www.google.com/search?q=%E3%83%87%E3%82%A4%E3%82%B5%E3%83%BC%E3%83%93%E3%82%B9%E3%81%BE%E3%81%A3%E3%81%9F%E9%87%8C%20%E5%A4%A7%E6%B4%A5%E5%B8%82
真情デイ・サービス南志賀,地域密着型デイサービス,滋賀県,大津市,"介護,地域密着型デイサービス",日中に通って食事・入浴・機能訓練・見守りなどを受けるサービスです。,https://newones.co.jp/,滋賀県大津市南志賀三丁目6番31号,077-510-7330,厚生労働省オープンデータ,https://www.mhlw.go.jp/content/12300000/jigyosho_780.csv,2025-12末,https://www.google.com/search?q=%E7%9C%9F%E6%83%85%E3%83%87%E3%82%A4%E3%83%BB%E3%82%B5%E3%83%BC%E3%83%93%E3%82%B9%E5%8D%97%E5%BF%97%E8%B3%80%20%E5%A4%A7%E6%B4%A5%E5%B8%82
リハビリデイサービスはるか,地域密着型デイサービス,滋賀県,大津市,"介護,地域密着型デイサービス",日中に通って食事・入浴・機能訓練・見守りなどを受けるサービスです。,https://dayservice-haruka.net/,滋賀県大津市見世2丁目10番10号,077-521-6686,厚生労働省オープンデータ,https://www.mhlw.go.jp/content/12300000/jigyosho_780.csv,2025-12末,https://www.google.com/search?q=%E3%83%AA%E3%83%8F%E3%83%93%E3%83%AA%E3%83%87%E3%82%A4%E3%82%B5%E3%83%BC%E3%83%93%E3%82%B9%E3%81%AF%E3%82%8B%E3%81%8B%20%E5%A4%A7%E6%B4%A5%E5%B8%82
デイサービスハイライト,地域密着型デイサービス,滋賀県,大津市,"介護,地域密着型デイサービス",日中に通って食事・入浴・機能訓練・見守りなどを受けるサービスです。,https://highlight.shiga-saku.net/,滋賀県大津市大萱一丁目5－2ＹＵＷＡSeta１Ｆ,077-545-6780,厚生労働省オープンデータ,https://www.mhlw.go.jp/content/12300000/jigyosho_780.csv,2025-12末,https://www.google.com/search?q=%E3%83%87%E3%82%A4%E3%82%B5%E3%83%BC%E3%83%93%E3%82%B9%E3%83%8F%E3%82%A4%E3%83%A9%E3%82%A4%E3%83%88%20%E5%A4%A7%E6%B4%A5%E5%B8%82
大津市立南老人福祉センター,地域密着型デイサービス,滋賀県,大津市,"介護,地域密着型デイサービス",日中に通って食事・入浴・機能訓練・見守りなどを受けるサービスです。,http://www.fukusi-otsu.or.jp,大津市南郷１丁目14-30,077-537-7417,厚生労働省オープンデータ,https://www.mhlw.go.jp/content/12300000/jigyosho_780.csv,2025-12末,https://www.google.com/search?q=%E5%A4%A7%E6%B4%A5%E5%B8%82%E7%AB%8B%E5%8D%97%E8%80%81%E4%BA%BA%E7%A6%8F%E7%A5%89%E3%82%BB%E3%83%B3%E3%82%BF%E3%83%BC%20%E5%A4%A7%E6%B4%A5%E5%B8%82
デイサービス笑輪,地域密着型デイサービス,滋賀県,大津市,"介護,地域密着型デイサービス",日中に通って食事・入浴・機能訓練・見守りなどを受けるサービスです。,eewa.net,大平一丁目12番30号,077-526-6683,厚生労働省オープンデータ,https://www.mhlw.go.jp/content/12300000/jigyosho_780.csv,2025-12末,https://www.google.com/search?q=%E3%83%87%E3%82%A4%E3%82%B5%E3%83%BC%E3%83%93%E3%82%B9%E7%AC%91%E8%BC%AA%20%E5%A4%A7%E6%B4%A5%E5%B8%82
デイサービスポノ,地域密着型デイサービス,滋賀県,大津市,"介護,地域密着型デイサービス",日中に通って食事・入浴・機能訓練・見守りなどを受けるサービスです。,http://careq-s.com,滋賀県大津市際川３丁目３３ー２,0775760801,厚生労働省オープンデータ,https://www.mhlw.go.jp/content/12300000/jigyosho_780.csv,2025-12末,https://www.google.com/search?q=%E3%83%87%E3%82%A4%E3%82%B5%E3%83%BC%E3%83%93%E3%82%B9%E3%83%9D%E3%83%8E%20%E5%A4%A7%E6%B4%A5%E5%B8%82
デイサービスさんさん,地域密着型デイサービス,滋賀県,大津市,"介護,地域密着型デイサービス",日中に通って食事・入浴・機能訓練・見守りなどを受けるサービスです。,biwasunsun.com,大津市朝日１丁目４－６,077-594-5772,厚生労働省オープンデータ,https://www.mhlw.go.jp/content/12300000/jigyosho_780.csv,2025-12末,https://www.google.com/search?q=%E3%83%87%E3%82%A4%E3%82%B5%E3%83%BC%E3%83%93%E3%82%B9%E3%81%95%E3%82%93%E3%81%95%E3%82%93%20%E5%A4%A7%E6%B4%A5%E5%B8%82
MSコーポレーション合同会社デイサービス近江,地域密着型デイサービス,滋賀県,大津市,"介護,地域密着型デイサービス",日中に通って食事・入浴・機能訓練・見守りなどを受けるサービスです。,https://msc-care.com/new-job-information,滋賀県大津市若葉台3番12号,077-531-1003,厚生労働省オープンデータ,https://www.mhlw.go.jp/content/12300000/jigyosho_780.csv,2025-12末,https://www.google.com/search?q=MS%E3%82%B3%E3%83%BC%E3%83%9D%E3%83%AC%E3%83%BC%E3%82%B7%E3%83%A7%E3%83%B3%E5%90%88%E5%90%8C%E4%BC%9A%E7%A4%BE%E3%83%87%E3%82%A4%E3%82%B5%E3%83%BC%E3%83%93%E3%82%B9%E8%BF%91%E6%B1%9F%20%E5%A4%A7%E6%B4%A5%E5%B8%82
デイサービスまつり,地域密着型デイサービス,滋賀県,大津市,"介護,地域密着型デイサービス",日中に通って食事・入浴・機能訓練・見守りなどを受けるサービスです。,https://www.google.com/search?q=%E3%83%87%E3%82%A4%E3%82%B5%E3%83%BC%E3%83%93%E3%82%B9%E3%81%BE%E3%81%A4%E3%82%8A%20%E5%A4%A7%E6%B4%A5%E5%B8%82,滋賀県大津市桜野町１丁目1－6西大津ISⅡ　1F,077-572-7465,厚生労働省オープンデータ,https://www.mhlw.go.jp/content/12300000/jigyosho_780.csv,2025-12末,https://www.google.com/search?q=%E3%83%87%E3%82%A4%E3%82%B5%E3%83%BC%E3%83%93%E3%82%B9%E3%81%BE%E3%81%A4%E3%82%8A%20%E5%A4%A7%E6%B4%A5%E5%B8%82
地域密着型デイサービスアネモネ,地域密着型デイサービス,滋賀県,大津市,"介護,地域密着型デイサービス",日中に通って食事・入浴・機能訓練・見守りなどを受けるサービスです。,https://day-anemone.jp,滋賀県大津市南郷二丁目29番7号,077-534-4165,厚生労働省オープンデータ,https://www.mhlw.go.jp/content/12300000/jigyosho_780.csv,2025-12末,https://www.google.com/search?q=%E5%9C%B0%E5%9F%9F%E5%AF%86%E7%9D%80%E5%9E%8B%E3%83%87%E3%82%A4%E3%82%B5%E3%83%BC%E3%83%93%E3%82%B9%E3%82%A2%E3%83%8D%E3%83%A2%E3%83%8D%20%E5%A4%A7%E6%B4%A5%E5%B8%82
やすらぎの郷デイサービスセンターⅡ番館,地域密着型デイサービス,滋賀県,大津市,"介護,地域密着型デイサービス",日中に通って食事・入浴・機能訓練・見守りなどを受けるサービスです。,https://www.google.com/search?q=%E3%82%84%E3%81%99%E3%82%89%E3%81%8E%E3%81%AE%E9%83%B7%E3%83%87%E3%82%A4%E3%82%B5%E3%83%BC%E3%83%93%E3%82%B9%E3%82%BB%E3%83%B3%E3%82%BF%E3%83%BC%E2%85%A1%E7%95%AA%E9%A4%A8%20%E5%A4%A7%E6%B4%A5%E5%B8%82,滋賀県大津市下阪本4-6-27,077-572-9010,厚生労働省オープンデータ,https://www.mhlw.go.jp/content/12300000/jigyosho_780.csv,2025-12末,https://www.google.com/search?q=%E3%82%84%E3%81%99%E3%82%89%E3%81%8E%E3%81%AE%E9%83%B7%E3%83%87%E3%82%A4%E3%82%B5%E3%83%BC%E3%83%93%E3%82%B9%E3%82%BB%E3%83%B3%E3%82%BF%E3%83%BC%E2%85%A1%E7%95%AA%E9%A4%A8%20%E5%A4%A7%E6%B4%A5%E5%B8%82
福寿荘デイサービスセンター,地域密着型デイサービス,滋賀県,大津市,"介護,地域密着型デイサービス",日中に通って食事・入浴・機能訓練・見守りなどを受けるサービスです。,katyokai@poem.ocn.ne.jp,大津市大萱七丁目7番１号,077-545-2160,厚生労働省オープンデータ,https://www.mhlw.go.jp/content/12300000/jigyosho_780.csv,2025-12末,https://www.google.com/search?q=%E7%A6%8F%E5%AF%BF%E8%8D%98%E3%83%87%E3%82%A4%E3%82%B5%E3%83%BC%E3%83%93%E3%82%B9%E3%82%BB%E3%83%B3%E3%82%BF%E3%83%BC%20%E5%A4%A7%E6%B4%A5%E5%B8%82
フィルマ石山リハビリデイサービス,地域密着型デイサービス,滋賀県,大津市,"介護,地域密着型デイサービス",日中に通って食事・入浴・機能訓練・見守りなどを受けるサービスです。,https://wwwfirmahabicht.net/,滋賀県大津市松原町１７番１０号　コスモ石山101,077-537-6333,厚生労働省オープンデータ,https://www.mhlw.go.jp/content/12300000/jigyosho_780.csv,2025-12末,https://www.google.com/search?q=%E3%83%95%E3%82%A3%E3%83%AB%E3%83%9E%E7%9F%B3%E5%B1%B1%E3%83%AA%E3%83%8F%E3%83%93%E3%83%AA%E3%83%87%E3%82%A4%E3%82%B5%E3%83%BC%E3%83%93%E3%82%B9%20%E5%A4%A7%E6%B4%A5%E5%B8%82
フィルマ膳所リハビリデイサービス,地域密着型デイサービス,滋賀県,大津市,"介護,地域密着型デイサービス",日中に通って食事・入浴・機能訓練・見守りなどを受けるサービスです。,https://firmahabicht.net/,滋賀県大津市本宮2丁目10－15,077-526-5100,厚生労働省オープンデータ,https://www.mhlw.go.jp/content/12300000/jigyosho_780.csv,2025-12末,https://www.google.com/search?q=%E3%83%95%E3%82%A3%E3%83%AB%E3%83%9E%E8%86%B3%E6%89%80%E3%83%AA%E3%83%8F%E3%83%93%E3%83%AA%E3%83%87%E3%82%A4%E3%82%B5%E3%83%BC%E3%83%93%E3%82%B9%20%E5%A4%A7%E6%B4%A5%E5%B8%82
はなまるデイサービス,地域密着型デイサービス,滋賀県,大津市,"介護,地域密着型デイサービス",日中に通って食事・入浴・機能訓練・見守りなどを受けるサービスです。,https://www.google.com/search?q=%E3%81%AF%E3%81%AA%E3%81%BE%E3%82%8B%E3%83%87%E3%82%A4%E3%82%B5%E3%83%BC%E3%83%93%E3%82%B9%20%E5%A4%A7%E6%B4%A5%E5%B8%82,滋賀県大津市光が丘町４番７７号,077-533-5311,厚生労働省オープンデータ,https://www.mhlw.go.jp/content/12300000/jigyosho_780.csv,2025-12末,https://www.google.com/search?q=%E3%81%AF%E3%81%AA%E3%81%BE%E3%82%8B%E3%83%87%E3%82%A4%E3%82%B5%E3%83%BC%E3%83%93%E3%82%B9%20%E5%A4%A7%E6%B4%A5%E5%B8%82
リハプライド・大津阪本,地域密着型デイサービス,滋賀県,大津市,"介護,地域密着型デイサービス",日中に通って食事・入浴・機能訓練・見守りなどを受けるサービスです。,https://rehacon.com/profile.html#prof_04,滋賀県大津市下阪本1-15-1,077-511-9707,厚生労働省オープンデータ,https://www.mhlw.go.jp/content/12300000/jigyosho_780.csv,2025-12末,https://www.google.com/search?q=%E3%83%AA%E3%83%8F%E3%83%97%E3%83%A9%E3%82%A4%E3%83%89%E3%83%BB%E5%A4%A7%E6%B4%A5%E9%98%AA%E6%9C%AC%20%E5%A4%A7%E6%B4%A5%E5%B8%82
ウェルフィット石山,地域密着型デイサービス,滋賀県,大津市,"介護,地域密着型デイサービス",日中に通って食事・入浴・機能訓練・見守りなどを受けるサービスです。,https://www.google.com/search?q=%E3%82%A6%E3%82%A7%E3%83%AB%E3%83%95%E3%82%A3%E3%83%83%E3%83%88%E7%9F%B3%E5%B1%B1%20%E5%A4%A7%E6%B4%A5%E5%B8%82,滋賀県大津市別保1丁目15-4増田ビル1F,077-534-6055,厚生労働省オープンデータ,https://www.mhlw.go.jp/content/12300000/jigyosho_780.csv,2025-12末,https://www.google.com/search?q=%E3%82%A6%E3%82%A7%E3%83%AB%E3%83%95%E3%82%A3%E3%83%83%E3%83%88%E7%9F%B3%E5%B1%B1%20%E5%A4%A7%E6%B4%A5%E5%B8%82
リハビリりんく大津,地域密着型デイサービス,滋賀県,大津市,"介護,地域密着型デイサービス",日中に通って食事・入浴・機能訓練・見守りなどを受けるサービスです。,https://link-otsu.jp/,雄琴3丁目13番20号　2階,077-578-8269,厚生労働省オープンデータ,https://www.mhlw.go.jp/content/12300000/jigyosho_780.csv,2025-12末,https://www.google.com/search?q=%E3%83%AA%E3%83%8F%E3%83%93%E3%83%AA%E3%82%8A%E3%82%93%E3%81%8F%E5%A4%A7%E6%B4%A5%20%E5%A4%A7%E6%B4%A5%E5%B8%82
高齢者デイサービススピーク,地域密着型デイサービス,滋賀県,大津市,"介護,地域密着型デイサービス",日中に通って食事・入浴・機能訓練・見守りなどを受けるサービスです。,https://speak-deorum.jp,膳所１丁目１３－３,077-524-3680,厚生労働省オープンデータ,https://www.mhlw.go.jp/content/12300000/jigyosho_780.csv,2025-12末,https://www.google.com/search?q=%E9%AB%98%E9%BD%A2%E8%80%85%E3%83%87%E3%82%A4%E3%82%B5%E3%83%BC%E3%83%93%E3%82%B9%E3%82%B9%E3%83%94%E3%83%BC%E3%82%AF%20%E5%A4%A7%E6%B4%A5%E5%B8%82
陽だまりデイサービスセンター,地域密着型デイサービス,滋賀県,大津市,"介護,地域密着型デイサービス",日中に通って食事・入浴・機能訓練・見守りなどを受けるサービスです。,https://shigahokenkai.jp/pages/50/,滋賀県大津市昭和町8-15,077-527-3131,厚生労働省オープンデータ,https://www.mhlw.go.jp/content/12300000/jigyosho_780.csv,2025-12末,https://www.google.com/search?q=%E9%99%BD%E3%81%A0%E3%81%BE%E3%82%8A%E3%83%87%E3%82%A4%E3%82%B5%E3%83%BC%E3%83%93%E3%82%B9%E3%82%BB%E3%83%B3%E3%82%BF%E3%83%BC%20%E5%A4%A7%E6%B4%A5%E5%B8%82
デイサービス葵,地域密着型デイサービス,滋賀県,大津市,"介護,地域密着型デイサービス",日中に通って食事・入浴・機能訓練・見守りなどを受けるサービスです。,https://www.google.com/search?q=%E3%83%87%E3%82%A4%E3%82%B5%E3%83%BC%E3%83%93%E3%82%B9%E8%91%B5%20%E5%A4%A7%E6%B4%A5%E5%B8%82,滋賀県大津市松陽3丁目3-5,077-536-6039,厚生労働省オープンデータ,https://www.mhlw.go.jp/content/12300000/jigyosho_780.csv,2025-12末,https://www.google.com/search?q=%E3%83%87%E3%82%A4%E3%82%B5%E3%83%BC%E3%83%93%E3%82%B9%E8%91%B5%20%E5%A4%A7%E6%B4%A5%E5%B8%82
ラ・ケアこくぶ,地域密着型デイサービス,滋賀県,大津市,"介護,地域密着型デイサービス",日中に通って食事・入浴・機能訓練・見守りなどを受けるサービスです。,http://la-care.jp/,滋賀県大津市国分１丁目4-1,077-526-5660,厚生労働省オープンデータ,https://www.mhlw.go.jp/content/12300000/jigyosho_780.csv,2025-12末,https://www.google.com/search?q=%E3%83%A9%E3%83%BB%E3%82%B1%E3%82%A2%E3%81%93%E3%81%8F%E3%81%B6%20%E5%A4%A7%E6%B4%A5%E5%B8%82
くるみの森　唐崎,地域密着型デイサービス,滋賀県,大津市,"介護,地域密着型デイサービス",日中に通って食事・入浴・機能訓練・見守りなどを受けるサービスです。,http://ecopraise.jp/comfort/,際川3丁目19-2,077-526-7689,厚生労働省オープンデータ,https://www.mhlw.go.jp/content/12300000/jigyosho_780.csv,2025-12末,https://www.google.com/search?q=%E3%81%8F%E3%82%8B%E3%81%BF%E3%81%AE%E6%A3%AE%E3%80%80%E5%94%90%E5%B4%8E%20%E5%A4%A7%E6%B4%A5%E5%B8%82
デイサービス　たなかみ,地域密着型デイサービス,滋賀県,大津市,"介護,地域密着型デイサービス",日中に通って食事・入浴・機能訓練・見守りなどを受けるサービスです。,https://www.google.com/search?q=%E3%83%87%E3%82%A4%E3%82%B5%E3%83%BC%E3%83%93%E3%82%B9%E3%80%80%E3%81%9F%E3%81%AA%E3%81%8B%E3%81%BF%20%E5%A4%A7%E6%B4%A5%E5%B8%82,黒津2丁目21番13号,077-507-7082,厚生労働省オープンデータ,https://www.mhlw.go.jp/content/12300000/jigyosho_780.csv,2025-12末,https://www.google.com/search?q=%E3%83%87%E3%82%A4%E3%82%B5%E3%83%BC%E3%83%93%E3%82%B9%E3%80%80%E3%81%9F%E3%81%AA%E3%81%8B%E3%81%BF%20%E5%A4%A7%E6%B4%A5%E5%B8%82
真情デイ・サービス　良庵,地域密着型デイサービス,滋賀県,大津市,"介護,地域密着型デイサービス",日中に通って食事・入浴・機能訓練・見守りなどを受けるサービスです。,http://newones.co.jp/,滋賀県大津市中央一丁目２－３４,０７７－５１０－５２２３,厚生労働省オープンデータ,https://www.mhlw.go.jp/content/12300000/jigyosho_780.csv,2025-12末,https://www.google.com/search?q=%E7%9C%9F%E6%83%85%E3%83%87%E3%82%A4%E3%83%BB%E3%82%B5%E3%83%BC%E3%83%93%E3%82%B9%E3%80%80%E8%89%AF%E5%BA%B5%20%E5%A4%A7%E6%B4%A5%E5%B8%82
FLAT,地域密着型デイサービス,滋賀県,大津市,"介護,地域密着型デイサービス",日中に通って食事・入浴・機能訓練・見守りなどを受けるサービスです。,http://flat.jw-hp.com/,滋賀県大津市馬場二丁目12番62号,077-523-3601,厚生労働省オープンデータ,https://www.mhlw.go.jp/content/12300000/jigyosho_780.csv,2025-12末,https://www.google.com/search?q=FLAT%20%E5%A4%A7%E6%B4%A5%E5%B8%82
JAレーク滋賀デイサービスセンター湖都里,地域密着型デイサービス,滋賀県,大津市,"介護,地域密着型デイサービス",日中に通って食事・入浴・機能訓練・見守りなどを受けるサービスです。,https://www.google.com/search?q=JA%E3%83%AC%E3%83%BC%E3%82%AF%E6%BB%8B%E8%B3%80%E3%83%87%E3%82%A4%E3%82%B5%E3%83%BC%E3%83%93%E3%82%B9%E3%82%BB%E3%83%B3%E3%82%BF%E3%83%BC%E6%B9%96%E9%83%BD%E9%87%8C%20%E5%A4%A7%E6%B4%A5%E5%B8%82,滋賀県大津市大萱三丁目7番1号,077-545-3366,厚生労働省オープンデータ,https://www.mhlw.go.jp/content/12300000/jigyosho_780.csv,2025-12末,https://www.google.com/search?q=JA%E3%83%AC%E3%83%BC%E3%82%AF%E6%BB%8B%E8%B3%80%E3%83%87%E3%82%A4%E3%82%B5%E3%83%BC%E3%83%93%E3%82%B9%E3%82%BB%E3%83%B3%E3%82%BF%E3%83%BC%E6%B9%96%E9%83%BD%E9%87%8C%20%E5%A4%A7%E6%B4%A5%E5%B8%82
ポシブルさくら石山,地域密着型デイサービス,滋賀県,大津市,"介護,地域密着型デイサービス",日中に通って食事・入浴・機能訓練・見守りなどを受けるサービスです。,https://www.google.com/search?q=%E3%83%9D%E3%82%B7%E3%83%96%E3%83%AB%E3%81%95%E3%81%8F%E3%82%89%E7%9F%B3%E5%B1%B1%20%E5%A4%A7%E6%B4%A5%E5%B8%82,滋賀県大津市大平二丁目４－１５,077－536－6686,厚生労働省オープンデータ,https://www.mhlw.go.jp/content/12300000/jigyosho_780.csv,2025-12末,https://www.google.com/search?q=%E3%83%9D%E3%82%B7%E3%83%96%E3%83%AB%E3%81%95%E3%81%8F%E3%82%89%E7%9F%B3%E5%B1%B1%20%E5%A4%A7%E6%B4%A5%E5%B8%82
はーとふるリハビリ幸　個別対応型半日デイサービス,地域密着型デイサービス,滋賀県,大津市,"介護,地域密着型デイサービス",日中に通って食事・入浴・機能訓練・見守りなどを受けるサービスです。,http://hp.kaipoke.biz/cs8/,滋賀県大津市別保2丁目９－４５,０７７－５３４－５６５６,厚生労働省オープンデータ,https://www.mhlw.go.jp/content/12300000/jigyosho_780.csv,2025-12末,https://www.google.com/search?q=%E3%81%AF%E3%83%BC%E3%81%A8%E3%81%B5%E3%82%8B%E3%83%AA%E3%83%8F%E3%83%93%E3%83%AA%E5%B9%B8%E3%80%80%E5%80%8B%E5%88%A5%E5%AF%BE%E5%BF%9C%E5%9E%8B%E5%8D%8A%E6%97%A5%E3%83%87%E3%82%A4%E3%82%B5%E3%83%BC%E3%83%93%E3%82%B9%20%E5%A4%A7%E6%B4%A5%E5%B8%82
特定非営利活動法人宅老所はな,地域密着型デイサービス,滋賀県,大津市,"介護,地域密着型デイサービス",日中に通って食事・入浴・機能訓練・見守りなどを受けるサービスです。,http://www.hana-npo.net,滋賀県大津市坂本五丁目２６－３１,077-578-6587,厚生労働省オープンデータ,https://www.mhlw.go.jp/content/12300000/jigyosho_780.csv,2025-12末,https://www.google.com/search?q=%E7%89%B9%E5%AE%9A%E9%9D%9E%E5%96%B6%E5%88%A9%E6%B4%BB%E5%8B%95%E6%B3%95%E4%BA%BA%E5%AE%85%E8%80%81%E6%89%80%E3%81%AF%E3%81%AA%20%E5%A4%A7%E6%B4%A5%E5%B8%82
ほねつぎデイサービス浜大津,地域密着型デイサービス,滋賀県,大津市,"介護,地域密着型デイサービス",日中に通って食事・入浴・機能訓練・見守りなどを受けるサービスです。,https://honedeihamaotsu.com/,滋賀県大津市長等２丁目８−４０グランメゾン浜大津１０１,077-526-7584,厚生労働省オープンデータ,https://www.mhlw.go.jp/content/12300000/jigyosho_780.csv,2025-12末,https://www.google.com/search?q=%E3%81%BB%E3%81%AD%E3%81%A4%E3%81%8E%E3%83%87%E3%82%A4%E3%82%B5%E3%83%BC%E3%83%93%E3%82%B9%E6%B5%9C%E5%A4%A7%E6%B4%A5%20%E5%A4%A7%E6%B4%A5%E5%B8%82
だんらんの家大津千町,地域密着型デイサービス,滋賀県,大津市,"介護,地域密着型デイサービス",日中に通って食事・入浴・機能訓練・見守りなどを受けるサービスです。,https://bbd-shiga.jp/,千町1丁目4-20,077-548-7667,厚生労働省オープンデータ,https://www.mhlw.go.jp/content/12300000/jigyosho_780.csv,2025-12末,https://www.google.com/search?q=%E3%81%A0%E3%82%93%E3%82%89%E3%82%93%E3%81%AE%E5%AE%B6%E5%A4%A7%E6%B4%A5%E5%8D%83%E7%94%BA%20%E5%A4%A7%E6%B4%A5%E5%B8%82
集・もなみ,地域密着型デイサービス,滋賀県,大津市,"介護,地域密着型デイサービス",日中に通って食事・入浴・機能訓練・見守りなどを受けるサービスです。,http://www.eonet.ne.jp/~monami/,大津市衣川１－２３－４０,077-573-6234,厚生労働省オープンデータ,https://www.mhlw.go.jp/content/12300000/jigyosho_780.csv,2025-12末,https://www.google.com/search?q=%E9%9B%86%E3%83%BB%E3%82%82%E3%81%AA%E3%81%BF%20%E5%A4%A7%E6%B4%A5%E5%B8%82
でい・もなみ,地域密着型デイサービス,滋賀県,大津市,"介護,地域密着型デイサービス",日中に通って食事・入浴・機能訓練・見守りなどを受けるサービスです。,http://www.eonet.ne.jp/~monami/,大津市衣川1－24－51,077-573-5008,厚生労働省オープンデータ,https://www.mhlw.go.jp/content/12300000/jigyosho_780.csv,2025-12末,https://www.google.com/search?q=%E3%81%A7%E3%81%84%E3%83%BB%E3%82%82%E3%81%AA%E3%81%BF%20%E5%A4%A7%E6%B4%A5%E5%B8%82
香・もなみ,地域密着型デイサービス,滋賀県,大津市,"介護,地域密着型デイサービス",日中に通って食事・入浴・機能訓練・見守りなどを受けるサービスです。,http://www.eonet.ne.jp/~monami/,大津市伊香立生津町75番１,０７７－５９８－３１２０,厚生労働省オープンデータ,https://www.mhlw.go.jp/content/12300000/jigyosho_780.csv,2025-12末,https://www.google.com/search?q=%E9%A6%99%E3%83%BB%E3%82%82%E3%81%AA%E3%81%BF%20%E5%A4%A7%E6%B4%A5%E5%B8%82
真情（まごころ）デイサービス大江,地域密着型デイサービス,滋賀県,大津市,"介護,地域密着型デイサービス",日中に通って食事・入浴・機能訓練・見守りなどを受けるサービスです。,http://newones.co.jp,大津市大江四丁目12-14,077-544-1174,厚生労働省オープンデータ,https://www.mhlw.go.jp/content/12300000/jigyosho_780.csv,2025-12末,https://www.google.com/search?q=%E7%9C%9F%E6%83%85%EF%BC%88%E3%81%BE%E3%81%94%E3%81%93%E3%82%8D%EF%BC%89%E3%83%87%E3%82%A4%E3%82%B5%E3%83%BC%E3%83%93%E3%82%B9%E5%A4%A7%E6%B1%9F%20%E5%A4%A7%E6%B4%A5%E5%B8%82
ヘルス＆フィットネス　シェイクハンズ,地域密着型デイサービス,滋賀県,大津市,"介護,地域密着型デイサービス",日中に通って食事・入浴・機能訓練・見守りなどを受けるサービスです。,https://www.fukurou-care.com/,滋賀県大津市坂本7丁目32-30ロータスビル1F,077-579-2350,厚生労働省オープンデータ,https://www.mhlw.go.jp/content/12300000/jigyosho_780.csv,2025-12末,https://www.google.com/search?q=%E3%83%98%E3%83%AB%E3%82%B9%EF%BC%86%E3%83%95%E3%82%A3%E3%83%83%E3%83%88%E3%83%8D%E3%82%B9%E3%80%80%E3%82%B7%E3%82%A7%E3%82%A4%E3%82%AF%E3%83%8F%E3%83%B3%E3%82%BA%20%E5%A4%A7%E6%B4%A5%E5%B8%82
まごころリハビリデイサービスにおの浜,地域密着型デイサービス,滋賀県,大津市,"介護,地域密着型デイサービス",日中に通って食事・入浴・機能訓練・見守りなどを受けるサービスです。,http://magokoro-ie.net/,滋賀県大津市西の庄5-17,077-527-9111,厚生労働省オープンデータ,https://www.mhlw.go.jp/content/12300000/jigyosho_780.csv,2025-12末,https://www.google.com/search?q=%E3%81%BE%E3%81%94%E3%81%93%E3%82%8D%E3%83%AA%E3%83%8F%E3%83%93%E3%83%AA%E3%83%87%E3%82%A4%E3%82%B5%E3%83%BC%E3%83%93%E3%82%B9%E3%81%AB%E3%81%8A%E3%81%AE%E6%B5%9C%20%E5%A4%A7%E6%B4%A5%E5%B8%82
唐崎デイサービスセンター,地域密着型デイサービス,滋賀県,大津市,"介護,地域密着型デイサービス",日中に通って食事・入浴・機能訓練・見守りなどを受けるサービスです。,http://www.fukusi-otsu.or.jp,大津市唐崎三丁目17番35号,077-578-6488,厚生労働省オープンデータ,https://www.mhlw.go.jp/content/12300000/jigyosho_780.csv,2025-12末,https://www.google.com/search?q=%E5%94%90%E5%B4%8E%E3%83%87%E3%82%A4%E3%82%B5%E3%83%BC%E3%83%93%E3%82%B9%E3%82%BB%E3%83%B3%E3%82%BF%E3%83%BC%20%E5%A4%A7%E6%B4%A5%E5%B8%82
ハーベスト介護予防センター,地域密着型デイサービス,滋賀県,大津市,"介護,地域密着型デイサービス",日中に通って食事・入浴・機能訓練・見守りなどを受けるサービスです。,http://itahara-amjt.com/harvest/,滋賀県大津市札の辻3-24,077-521-4156,厚生労働省オープンデータ,https://www.mhlw.go.jp/content/12300000/jigyosho_780.csv,2025-12末,https://www.google.com/search?q=%E3%83%8F%E3%83%BC%E3%83%99%E3%82%B9%E3%83%88%E4%BB%8B%E8%AD%B7%E4%BA%88%E9%98%B2%E3%82%BB%E3%83%B3%E3%82%BF%E3%83%BC%20%E5%A4%A7%E6%B4%A5%E5%B8%82
リハビリ特化型デイサービス　リハビリフィールド瀬田,地域密着型デイサービス,滋賀県,大津市,"介護,地域密着型デイサービス",日中に通って食事・入浴・機能訓練・見守りなどを受けるサービスです。,https://www.google.com/search?q=%E3%83%AA%E3%83%8F%E3%83%93%E3%83%AA%E7%89%B9%E5%8C%96%E5%9E%8B%E3%83%87%E3%82%A4%E3%82%B5%E3%83%BC%E3%83%93%E3%82%B9%E3%80%80%E3%83%AA%E3%83%8F%E3%83%93%E3%83%AA%E3%83%95%E3%82%A3%E3%83%BC%E3%83%AB%E3%83%89%E7%80%AC%E7%94%B0%20%E5%A4%A7%E6%B4%A5%E5%B8%82,滋賀県大津市神領３丁目２０番１０号,０７７－５０７－９８０４,厚生労働省オープンデータ,https://www.mhlw.go.jp/content/12300000/jigyosho_780.csv,2025-12末,https://www.google.com/search?q=%E3%83%AA%E3%83%8F%E3%83%93%E3%83%AA%E7%89%B9%E5%8C%96%E5%9E%8B%E3%83%87%E3%82%A4%E3%82%B5%E3%83%BC%E3%83%93%E3%82%B9%E3%80%80%E3%83%AA%E3%83%8F%E3%83%93%E3%83%AA%E3%83%95%E3%82%A3%E3%83%BC%E3%83%AB%E3%83%89%E7%80%AC%E7%94%B0%20%E5%A4%A7%E6%B4%A5%E5%B8%82
ブリッジライフ　大津,地域密着型デイサービス,滋賀県,大津市,"介護,地域密着型デイサービス",日中に通って食事・入浴・機能訓練・見守りなどを受けるサービスです。,https://www.google.com/search?q=%E3%83%96%E3%83%AA%E3%83%83%E3%82%B8%E3%83%A9%E3%82%A4%E3%83%95%E3%80%80%E5%A4%A7%E6%B4%A5%20%E5%A4%A7%E6%B4%A5%E5%B8%82,滋賀県大津市長等3丁目6番16号,077-572-8712,厚生労働省オープンデータ,https://www.mhlw.go.jp/content/12300000/jigyosho_780.csv,2025-12末,https://www.google.com/search?q=%E3%83%96%E3%83%AA%E3%83%83%E3%82%B8%E3%83%A9%E3%82%A4%E3%83%95%E3%80%80%E5%A4%A7%E6%B4%A5%20%E5%A4%A7%E6%B4%A5%E5%B8%82
SPROUTデイサービスポラリスKATATA,地域密着型デイサービス,滋賀県,大津市,"介護,地域密着型デイサービス",日中に通って食事・入浴・機能訓練・見守りなどを受けるサービスです。,https://www.polaris.care/office/,滋賀県大津市本堅田2-31-15,077-572-7845,厚生労働省オープンデータ,https://www.mhlw.go.jp/content/12300000/jigyosho_780.csv,2025-12末,https://www.google.com/search?q=SPROUT%E3%83%87%E3%82%A4%E3%82%B5%E3%83%BC%E3%83%93%E3%82%B9%E3%83%9D%E3%83%A9%E3%83%AA%E3%82%B9KATATA%20%E5%A4%A7%E6%B4%A5%E5%B8%82
近江リハビリセンター　おごと,地域密着型デイサービス,滋賀県,大津市,"介護,地域密着型デイサービス",日中に通って食事・入浴・機能訓練・見守りなどを受けるサービスです。,https://www.google.com/search?q=%E8%BF%91%E6%B1%9F%E3%83%AA%E3%83%8F%E3%83%93%E3%83%AA%E3%82%BB%E3%83%B3%E3%82%BF%E3%83%BC%E3%80%80%E3%81%8A%E3%81%94%E3%81%A8%20%E5%A4%A7%E6%B4%A5%E5%B8%82,滋賀県大津市雄琴６丁目11-3,077-532-1809,厚生労働省オープンデータ,https://www.mhlw.go.jp/content/12300000/jigyosho_780.csv,2025-12末,https://www.google.com/search?q=%E8%BF%91%E6%B1%9F%E3%83%AA%E3%83%8F%E3%83%93%E3%83%AA%E3%82%BB%E3%83%B3%E3%82%BF%E3%83%BC%E3%80%80%E3%81%8A%E3%81%94%E3%81%A8%20%E5%A4%A7%E6%B4%A5%E5%B8%82
近江リハビリセンター,地域密着型デイサービス,滋賀県,大津市,"介護,地域密着型デイサービス",日中に通って食事・入浴・機能訓練・見守りなどを受けるサービスです。,https://www.google.com/search?q=%E8%BF%91%E6%B1%9F%E3%83%AA%E3%83%8F%E3%83%93%E3%83%AA%E3%82%BB%E3%83%B3%E3%82%BF%E3%83%BC%20%E5%A4%A7%E6%B4%A5%E5%B8%82,唐崎3丁目8-13,077-578-5757,厚生労働省オープンデータ,https://www.mhlw.go.jp/content/12300000/jigyosho_780.csv,2025-12末,https://www.google.com/search?q=%E8%BF%91%E6%B1%9F%E3%83%AA%E3%83%8F%E3%83%93%E3%83%AA%E3%82%BB%E3%83%B3%E3%82%BF%E3%83%BC%20%E5%A4%A7%E6%B4%A5%E5%B8%82
デイ平津合同会社,地域密着型デイサービス,滋賀県,大津市,"介護,地域密着型デイサービス",日中に通って食事・入浴・機能訓練・見守りなどを受けるサービスです。,https://www.google.com/search?q=%E3%83%87%E3%82%A4%E5%B9%B3%E6%B4%A5%E5%90%88%E5%90%8C%E4%BC%9A%E7%A4%BE%20%E5%A4%A7%E6%B4%A5%E5%B8%82,滋賀県大津市平津１丁目２１番２２号本郷ビル１F,572-5070,厚生労働省オープンデータ,https://www.mhlw.go.jp/content/12300000/jigyosho_780.csv,2025-12末,https://www.google.com/search?q=%E3%83%87%E3%82%A4%E5%B9%B3%E6%B4%A5%E5%90%88%E5%90%8C%E4%BC%9A%E7%A4%BE%20%E5%A4%A7%E6%B4%A5%E5%B8%82
近江リハビリセンター坂本,地域密着型デイサービス,滋賀県,大津市,"介護,地域密着型デイサービス",日中に通って食事・入浴・機能訓練・見守りなどを受けるサービスです。,https://www.google.com/search?q=%E8%BF%91%E6%B1%9F%E3%83%AA%E3%83%8F%E3%83%93%E3%83%AA%E3%82%BB%E3%83%B3%E3%82%BF%E3%83%BC%E5%9D%82%E6%9C%AC%20%E5%A4%A7%E6%B4%A5%E5%B8%82,坂本3丁目18-58,077-579-0355,厚生労働省オープンデータ,https://www.mhlw.go.jp/content/12300000/jigyosho_780.csv,2025-12末,https://www.google.com/search?q=%E8%BF%91%E6%B1%9F%E3%83%AA%E3%83%8F%E3%83%93%E3%83%AA%E3%82%BB%E3%83%B3%E3%82%BF%E3%83%BC%E5%9D%82%E6%9C%AC%20%E5%A4%A7%E6%B4%A5%E5%B8%82
リハビリデイサービス　ドリーブ,地域密着型デイサービス,滋賀県,大津市,"介護,地域密着型デイサービス",日中に通って食事・入浴・機能訓練・見守りなどを受けるサービスです。,https://www.google.com/search?q=%E3%83%AA%E3%83%8F%E3%83%93%E3%83%AA%E3%83%87%E3%82%A4%E3%82%B5%E3%83%BC%E3%83%93%E3%82%B9%E3%80%80%E3%83%89%E3%83%AA%E3%83%BC%E3%83%96%20%E5%A4%A7%E6%B4%A5%E5%B8%82,滋賀県大津市御殿浜６－２９,077-537-2178,厚生労働省オープンデータ,https://www.mhlw.go.jp/content/12300000/jigyosho_780.csv,2025-12末,https://www.google.com/search?q=%E3%83%AA%E3%83%8F%E3%83%93%E3%83%AA%E3%83%87%E3%82%A4%E3%82%B5%E3%83%BC%E3%83%93%E3%82%B9%E3%80%80%E3%83%89%E3%83%AA%E3%83%BC%E3%83%96%20%E5%A4%A7%E6%B4%A5%E5%B8%82
リハビリデイ大津,地域密着型デイサービス,滋賀県,大津市,"介護,地域密着型デイサービス",日中に通って食事・入浴・機能訓練・見守りなどを受けるサービスです。,https://www.google.com/search?q=%E3%83%AA%E3%83%8F%E3%83%93%E3%83%AA%E3%83%87%E3%82%A4%E5%A4%A7%E6%B4%A5%20%E5%A4%A7%E6%B4%A5%E5%B8%82,滋賀県大津市大江二丁目25-2,077-547-4801,厚生労働省オープンデータ,https://www.mhlw.go.jp/content/12300000/jigyosho_780.csv,2025-12末,https://www.google.com/search?q=%E3%83%AA%E3%83%8F%E3%83%93%E3%83%AA%E3%83%87%E3%82%A4%E5%A4%A7%E6%B4%A5%20%E5%A4%A7%E6%B4%A5%E5%B8%82
サポートスペース　めろんLavie,地域密着型デイサービス,滋賀県,大津市,"介護,地域密着型デイサービス",日中に通って食事・入浴・機能訓練・見守りなどを受けるサービスです。,https://www.google.com/search?q=%E3%82%B5%E3%83%9D%E3%83%BC%E3%83%88%E3%82%B9%E3%83%9A%E3%83%BC%E3%82%B9%E3%80%80%E3%82%81%E3%82%8D%E3%82%93Lavie%20%E5%A4%A7%E6%B4%A5%E5%B8%82,滋賀県大津市大平2丁目7-14,077-572-8066,厚生労働省オープンデータ,https://www.mhlw.go.jp/content/12300000/jigyosho_780.csv,2025-12末,https://www.google.com/search?q=%E3%82%B5%E3%83%9D%E3%83%BC%E3%83%88%E3%82%B9%E3%83%9A%E3%83%BC%E3%82%B9%E3%80%80%E3%82%81%E3%82%8D%E3%82%93Lavie%20%E5%A4%A7%E6%B4%A5%E5%B8%82
アルカディアリハステーション,地域密着型デイサービス,滋賀県,大津市,"介護,地域密着型デイサービス",日中に通って食事・入浴・機能訓練・見守りなどを受けるサービスです。,https://www.ai-seikotsu.net,中庄1-15-18クレストビル１Ｆ,077-575-2498,厚生労働省オープンデータ,https://www.mhlw.go.jp/content/12300000/jigyosho_780.csv,2025-12末,https://www.google.com/search?q=%E3%82%A2%E3%83%AB%E3%82%AB%E3%83%87%E3%82%A3%E3%82%A2%E3%83%AA%E3%83%8F%E3%82%B9%E3%83%86%E3%83%BC%E3%82%B7%E3%83%A7%E3%83%B3%20%E5%A4%A7%E6%B4%A5%E5%B8%82
NPO法人　デイサービス　花みずき,地域密着型デイサービス,滋賀県,大津市,"介護,地域密着型デイサービス",日中に通って食事・入浴・機能訓練・見守りなどを受けるサービスです。,https://www.google.com/search?q=NPO%E6%B3%95%E4%BA%BA%E3%80%80%E3%83%87%E3%82%A4%E3%82%B5%E3%83%BC%E3%83%93%E3%82%B9%E3%80%80%E8%8A%B1%E3%81%BF%E3%81%9A%E3%81%8D%20%E5%A4%A7%E6%B4%A5%E5%B8%82,松が丘５丁目１３－５,０７７ー５４９ー１６６８,厚生労働省オープンデータ,https://www.mhlw.go.jp/content/12300000/jigyosho_780.csv,2025-12末,https://www.google.com/search?q=NPO%E6%B3%95%E4%BA%BA%E3%80%80%E3%83%87%E3%82%A4%E3%82%B5%E3%83%BC%E3%83%93%E3%82%B9%E3%80%80%E8%8A%B1%E3%81%BF%E3%81%9A%E3%81%8D%20%E5%A4%A7%E6%B4%A5%E5%B8%82
早稲田イーライフ大津,地域密着型デイサービス,滋賀県,大津市,"介護,地域密着型デイサービス",日中に通って食事・入浴・機能訓練・見守りなどを受けるサービスです。,http://hp.kaipoke.biz/kk4/,滋賀県大津市本宮二丁目34-2,0775090676,厚生労働省オープンデータ,https://www.mhlw.go.jp/content/12300000/jigyosho_780.csv,2025-12末,https://www.google.com/search?q=%E6%97%A9%E7%A8%B2%E7%94%B0%E3%82%A4%E3%83%BC%E3%83%A9%E3%82%A4%E3%83%95%E5%A4%A7%E6%B4%A5%20%E5%A4%A7%E6%B4%A5%E5%B8%82
しみんふくし滋賀　柳川デイサービスセンター,地域密着型デイサービス,滋賀県,大津市,"介護,地域密着型デイサービス",日中に通って食事・入浴・機能訓練・見守りなどを受けるサービスです。,http://www.shiminfukushi-shiga.jp/,滋賀県大津市柳川2丁目11-25,077-526-7610,厚生労働省オープンデータ,https://www.mhlw.go.jp/content/12300000/jigyosho_780.csv,2025-12末,https://www.google.com/search?q=%E3%81%97%E3%81%BF%E3%82%93%E3%81%B5%E3%81%8F%E3%81%97%E6%BB%8B%E8%B3%80%E3%80%80%E6%9F%B3%E5%B7%9D%E3%83%87%E3%82%A4%E3%82%B5%E3%83%BC%E3%83%93%E3%82%B9%E3%82%BB%E3%83%B3%E3%82%BF%E3%83%BC%20%E5%A4%A7%E6%B4%A5%E5%B8%82
デイサービス　ベーススタジオ大津稲津,地域密着型デイサービス,滋賀県,大津市,"介護,地域密着型デイサービス",日中に通って食事・入浴・機能訓練・見守りなどを受けるサービスです。,https://www.wellbeingbase.site/basestudio-otsuinazu/,滋賀県大津市稲津一丁目13-38,077-576-1579,厚生労働省オープンデータ,https://www.mhlw.go.jp/content/12300000/jigyosho_780.csv,2025-12末,https://www.google.com/search?q=%E3%83%87%E3%82%A4%E3%82%B5%E3%83%BC%E3%83%93%E3%82%B9%E3%80%80%E3%83%99%E3%83%BC%E3%82%B9%E3%82%B9%E3%82%BF%E3%82%B8%E3%82%AA%E5%A4%A7%E6%B4%A5%E7%A8%B2%E6%B4%A5%20%E5%A4%A7%E6%B4%A5%E5%B8%82
悠悠,地域密着型デイサービス,滋賀県,大津市,"介護,地域密着型デイサービス",日中に通って食事・入浴・機能訓練・見守りなどを受けるサービスです。,http://www,大津市一里山五丁目20番37号,077-547-6828,厚生労働省オープンデータ,https://www.mhlw.go.jp/content/12300000/jigyosho_780.csv,2025-12末,https://www.google.com/search?q=%E6%82%A0%E6%82%A0%20%E5%A4%A7%E6%B4%A5%E5%B8%82
あかねはうすデイサービス,地域密着型デイサービス,滋賀県,大津市,"介護,地域密着型デイサービス",日中に通って食事・入浴・機能訓練・見守りなどを受けるサービスです。,http://www.akanehouse.com,滋賀県大津市唐崎一丁目30-10,077-526-5501,厚生労働省オープンデータ,https://www.mhlw.go.jp/content/12300000/jigyosho_780.csv,2025-12末,https://www.google.com/search?q=%E3%81%82%E3%81%8B%E3%81%AD%E3%81%AF%E3%81%86%E3%81%99%E3%83%87%E3%82%A4%E3%82%B5%E3%83%BC%E3%83%93%E3%82%B9%20%E5%A4%A7%E6%B4%A5%E5%B8%82
デイサービスさくら倶楽部,地域密着型デイサービス,滋賀県,大津市,"介護,地域密着型デイサービス",日中に通って食事・入浴・機能訓練・見守りなどを受けるサービスです。,http://hakuokai.jp,大津市石山寺三丁目24-1　アメニティ石山101,077-531-0515,厚生労働省オープンデータ,https://www.mhlw.go.jp/content/12300000/jigyosho_780.csv,2025-12末,https://www.google.com/search?q=%E3%83%87%E3%82%A4%E3%82%B5%E3%83%BC%E3%83%93%E3%82%B9%E3%81%95%E3%81%8F%E3%82%89%E5%80%B6%E6%A5%BD%E9%83%A8%20%E5%A4%A7%E6%B4%A5%E5%B8%82
サポートスペース　ル・ムロン,地域密着型デイサービス,滋賀県,大津市,"介護,地域密着型デイサービス",日中に通って食事・入浴・機能訓練・見守りなどを受けるサービスです。,https://www.google.com/search?q=%E3%82%B5%E3%83%9D%E3%83%BC%E3%83%88%E3%82%B9%E3%83%9A%E3%83%BC%E3%82%B9%E3%80%80%E3%83%AB%E3%83%BB%E3%83%A0%E3%83%AD%E3%83%B3%20%E5%A4%A7%E6%B4%A5%E5%B8%82,滋賀県大津市大石中３丁目1-25,077-546-0111,厚生労働省オープンデータ,https://www.mhlw.go.jp/content/12300000/jigyosho_780.csv,2025-12末,https://www.google.com/search?q=%E3%82%B5%E3%83%9D%E3%83%BC%E3%83%88%E3%82%B9%E3%83%9A%E3%83%BC%E3%82%B9%E3%80%80%E3%83%AB%E3%83%BB%E3%83%A0%E3%83%AD%E3%83%B3%20%E5%A4%A7%E6%B4%A5%E5%B8%82
大津市立北老人福祉センター,地域密着型デイサービス,滋賀県,大津市,"介護,地域密着型デイサービス",日中に通って食事・入浴・機能訓練・見守りなどを受けるサービスです。,http://www.fukusi-otsu.or.jp,大津市今堅田二丁目4番1号,077-573-7123,厚生労働省オープンデータ,https://www.mhlw.go.jp/content/12300000/jigyosho_780.csv,2025-12末,https://www.google.com/search?q=%E5%A4%A7%E6%B4%A5%E5%B8%82%E7%AB%8B%E5%8C%97%E8%80%81%E4%BA%BA%E7%A6%8F%E7%A5%89%E3%82%BB%E3%83%B3%E3%82%BF%E3%83%BC%20%E5%A4%A7%E6%B4%A5%E5%B8%82
大津市立東老人福祉センター,地域密着型デイサービス,滋賀県,大津市,"介護,地域密着型デイサービス",日中に通って食事・入浴・機能訓練・見守りなどを受けるサービスです。,http://www.fukusi-otsu.or.jp,大津市玉野浦６－３３,077-545-5970,厚生労働省オープンデータ,https://www.mhlw.go.jp/content/12300000/jigyosho_780.csv,2025-12末,https://www.google.com/search?q=%E5%A4%A7%E6%B4%A5%E5%B8%82%E7%AB%8B%E6%9D%B1%E8%80%81%E4%BA%BA%E7%A6%8F%E7%A5%89%E3%82%BB%E3%83%B3%E3%82%BF%E3%83%BC%20%E5%A4%A7%E6%B4%A5%E5%B8%82
晴嵐デイサービスセンター,地域密着型デイサービス,滋賀県,大津市,"介護,地域密着型デイサービス",日中に通って食事・入浴・機能訓練・見守りなどを受けるサービスです。,http://wwww.fukusi-otsu.or.jp,大津市北大路一丁目9-2,077-537-3909,厚生労働省オープンデータ,https://www.mhlw.go.jp/content/12300000/jigyosho_780.csv,2025-12末,https://www.google.com/search?q=%E6%99%B4%E5%B5%90%E3%83%87%E3%82%A4%E3%82%B5%E3%83%BC%E3%83%93%E3%82%B9%E3%82%BB%E3%83%B3%E3%82%BF%E3%83%BC%20%E5%A4%A7%E6%B4%A5%E5%B8%82
うさぎリハビリステーション,地域密着型デイサービス,滋賀県,大津市,"介護,地域密着型デイサービス",日中に通って食事・入浴・機能訓練・見守りなどを受けるサービスです。,https://usagizaitakuiryoushiga.com,滋賀県大津市松本2-8-101階,077-525-7424,厚生労働省オープンデータ,https://www.mhlw.go.jp/content/12300000/jigyosho_780.csv,2025-12末,https://www.google.com/search?q=%E3%81%86%E3%81%95%E3%81%8E%E3%83%AA%E3%83%8F%E3%83%93%E3%83%AA%E3%82%B9%E3%83%86%E3%83%BC%E3%82%B7%E3%83%A7%E3%83%B3%20%E5%A4%A7%E6%B4%A5%E5%B8%82
時間の森,地域密着型デイサービス,滋賀県,大津市,"介護,地域密着型デイサービス",日中に通って食事・入浴・機能訓練・見守りなどを受けるサービスです。,http://rokusho.net/,大津市大将軍1丁目15-2,077-547-2288,厚生労働省オープンデータ,https://www.mhlw.go.jp/content/12300000/jigyosho_780.csv,2025-12末,https://www.google.com/search?q=%E6%99%82%E9%96%93%E3%81%AE%E6%A3%AE%20%E5%A4%A7%E6%B4%A5%E5%B8%82
あろはstyle大石,地域密着型デイサービス,滋賀県,大津市,"介護,地域密着型デイサービス",日中に通って食事・入浴・機能訓練・見守りなどを受けるサービスです。,http://love-smile-happiness.co.jp/company/index.html,滋賀県大津市大石東六丁目４番22号,077‐535‐0006,厚生労働省オープンデータ,https://www.mhlw.go.jp/content/12300000/jigyosho_780.csv,2025-12末,https://www.google.com/search?q=%E3%81%82%E3%82%8D%E3%81%AFstyle%E5%A4%A7%E7%9F%B3%20%E5%A4%A7%E6%B4%A5%E5%B8%82
デイサービスたんぽぽ,地域密着型デイサービス,滋賀県,大津市,"介護,地域密着型デイサービス",日中に通って食事・入浴・機能訓練・見守りなどを受けるサービスです。,http://www.ryokuseikai.jp,大津市大石東六丁目1-11,077-546-4666,厚生労働省オープンデータ,https://www.mhlw.go.jp/content/12300000/jigyosho_780.csv,2025-12末,https://www.google.com/search?q=%E3%83%87%E3%82%A4%E3%82%B5%E3%83%BC%E3%83%93%E3%82%B9%E3%81%9F%E3%82%93%E3%81%BD%E3%81%BD%20%E5%A4%A7%E6%B4%A5%E5%B8%82
かすがやまデイサービス,地域密着型デイサービス,滋賀県,大津市,"介護,地域密着型デイサービス",日中に通って食事・入浴・機能訓練・見守りなどを受けるサービスです。,https://www.google.com/search?q=%E3%81%8B%E3%81%99%E3%81%8C%E3%82%84%E3%81%BE%E3%83%87%E3%82%A4%E3%82%B5%E3%83%BC%E3%83%93%E3%82%B9%20%E5%A4%A7%E6%B4%A5%E5%B8%82,滋賀県大津市本堅田６丁目16-8かすがやま翔裕館Ⅰ号館,077-571-2510,厚生労働省オープンデータ,https://www.mhlw.go.jp/content/12300000/jigyosho_780.csv,2025-12末,https://www.google.com/search?q=%E3%81%8B%E3%81%99%E3%81%8C%E3%82%84%E3%81%BE%E3%83%87%E3%82%A4%E3%82%B5%E3%83%BC%E3%83%93%E3%82%B9%20%E5%A4%A7%E6%B4%A5%E5%B8%82
デイサービスセンターあろは瀬田川,地域密着型デイサービス,滋賀県,大津市,"介護,地域密着型デイサービス",日中に通って食事・入浴・機能訓練・見守りなどを受けるサービスです。,https://www.love-smile-happiness.co.jp,滋賀県大津瀬田五丁目22番3号,077-535-0968,厚生労働省オープンデータ,https://www.mhlw.go.jp/content/12300000/jigyosho_780.csv,2025-12末,https://www.google.com/search?q=%E3%83%87%E3%82%A4%E3%82%B5%E3%83%BC%E3%83%93%E3%82%B9%E3%82%BB%E3%83%B3%E3%82%BF%E3%83%BC%E3%81%82%E3%82%8D%E3%81%AF%E7%80%AC%E7%94%B0%E5%B7%9D%20%E5%A4%A7%E6%B4%A5%E5%B8%82
有限会社　さくらケアセンター,地域密着型デイサービス,滋賀県,大津市,"介護,地域密着型デイサービス",日中に通って食事・入浴・機能訓練・見守りなどを受けるサービスです。,http://sakura-center.co.jp,滋賀県大津市湖城が丘44番番18号,077-522-8686,厚生労働省オープンデータ,https://www.mhlw.go.jp/content/12300000/jigyosho_780.csv,2025-12末,https://www.google.com/search?q=%E6%9C%89%E9%99%90%E4%BC%9A%E7%A4%BE%E3%80%80%E3%81%95%E3%81%8F%E3%82%89%E3%82%B1%E3%82%A2%E3%82%BB%E3%83%B3%E3%82%BF%E3%83%BC%20%E5%A4%A7%E6%B4%A5%E5%B8%82
純夢デイサービスセンター,地域密着型デイサービス,滋賀県,大津市,"介護,地域密着型デイサービス",日中に通って食事・入浴・機能訓練・見守りなどを受けるサービスです。,https://www.google.com/search?q=%E7%B4%94%E5%A4%A2%E3%83%87%E3%82%A4%E3%82%B5%E3%83%BC%E3%83%93%E3%82%B9%E3%82%BB%E3%83%B3%E3%82%BF%E3%83%BC%20%E5%A4%A7%E6%B4%A5%E5%B8%82,滋賀県大津市和邇中浜444-1S・Rビル1F,077-594-8024,厚生労働省オープンデータ,https://www.mhlw.go.jp/content/12300000/jigyosho_780.csv,2025-12末,https://www.google.com/search?q=%E7%B4%94%E5%A4%A2%E3%83%87%E3%82%A4%E3%82%B5%E3%83%BC%E3%83%93%E3%82%B9%E3%82%BB%E3%83%B3%E3%82%BF%E3%83%BC%20%E5%A4%A7%E6%B4%A5%E5%B8%82
純夢デイサービスセンター感謝,地域密着型デイサービス,滋賀県,大津市,"介護,地域密着型デイサービス",日中に通って食事・入浴・機能訓練・見守りなどを受けるサービスです。,https://www.google.com/search?q=%E7%B4%94%E5%A4%A2%E3%83%87%E3%82%A4%E3%82%B5%E3%83%BC%E3%83%93%E3%82%B9%E3%82%BB%E3%83%B3%E3%82%BF%E3%83%BC%E6%84%9F%E8%AC%9D%20%E5%A4%A7%E6%B4%A5%E5%B8%82,滋賀県大津市唐崎3-21-8つるやビル1F,077-572-8875,厚生労働省オープンデータ,https://www.mhlw.go.jp/content/12300000/jigyosho_780.csv,2025-12末,https://www.google.com/search?q=%E7%B4%94%E5%A4%A2%E3%83%87%E3%82%A4%E3%82%B5%E3%83%BC%E3%83%93%E3%82%B9%E3%82%BB%E3%83%B3%E3%82%BF%E3%83%BC%E6%84%9F%E8%AC%9D%20%E5%A4%A7%E6%B4%A5%E5%B8%82
集いの家　不動寺,地域密着型デイサービス,滋賀県,大津市,"介護,地域密着型デイサービス",日中に通って食事・入浴・機能訓練・見守りなどを受けるサービスです。,http://nozomi-shiga.com/,滋賀県大津市中庄１丁目３－２,077-524-2102,厚生労働省オープンデータ,https://www.mhlw.go.jp/content/12300000/jigyosho_780.csv,2025-12末,https://www.google.com/search?q=%E9%9B%86%E3%81%84%E3%81%AE%E5%AE%B6%E3%80%80%E4%B8%8D%E5%8B%95%E5%AF%BA%20%E5%A4%A7%E6%B4%A5%E5%B8%82
純夢デイサービスセンター心,地域密着型デイサービス,滋賀県,大津市,"介護,地域密着型デイサービス",日中に通って食事・入浴・機能訓練・見守りなどを受けるサービスです。,https://www.google.com/search?q=%E7%B4%94%E5%A4%A2%E3%83%87%E3%82%A4%E3%82%B5%E3%83%BC%E3%83%93%E3%82%B9%E3%82%BB%E3%83%B3%E3%82%BF%E3%83%BC%E5%BF%83%20%E5%A4%A7%E6%B4%A5%E5%B8%82,滋賀県大津市衣川1丁目30-4,077-574-7358,厚生労働省オープンデータ,https://www.mhlw.go.jp/content/12300000/jigyosho_780.csv,2025-12末,https://www.google.com/search?q=%E7%B4%94%E5%A4%A2%E3%83%87%E3%82%A4%E3%82%B5%E3%83%BC%E3%83%93%E3%82%B9%E3%82%BB%E3%83%B3%E3%82%BF%E3%83%BC%E5%BF%83%20%E5%A4%A7%E6%B4%A5%E5%B8%82
デイサービスほんかたた,地域密着型デイサービス,滋賀県,大津市,"介護,地域密着型デイサービス",日中に通って食事・入浴・機能訓練・見守りなどを受けるサービスです。,http://newearth.co.jp,滋賀県大津市本堅田1-23-32,077-532-9111,厚生労働省オープンデータ,https://www.mhlw.go.jp/content/12300000/jigyosho_780.csv,2025-12末,https://www.google.com/search?q=%E3%83%87%E3%82%A4%E3%82%B5%E3%83%BC%E3%83%93%E3%82%B9%E3%81%BB%E3%82%93%E3%81%8B%E3%81%9F%E3%81%9F%20%E5%A4%A7%E6%B4%A5%E5%B8%82
リハビリデイサービスセンター大津店,地域密着型デイサービス,滋賀県,大津市,"介護,地域密着型デイサービス",日中に通って食事・入浴・機能訓練・見守りなどを受けるサービスです。,https://www.google.com/search?q=%E3%83%AA%E3%83%8F%E3%83%93%E3%83%AA%E3%83%87%E3%82%A4%E3%82%B5%E3%83%BC%E3%83%93%E3%82%B9%E3%82%BB%E3%83%B3%E3%82%BF%E3%83%BC%E5%A4%A7%E6%B4%A5%E5%BA%97%20%E5%A4%A7%E6%B4%A5%E5%B8%82,滋賀県大津市朝日が丘1丁目4-40,077-510-1001,厚生労働省オープンデータ,https://www.mhlw.go.jp/content/12300000/jigyosho_780.csv,2025-12末,https://www.google.com/search?q=%E3%83%AA%E3%83%8F%E3%83%93%E3%83%AA%E3%83%87%E3%82%A4%E3%82%B5%E3%83%BC%E3%83%93%E3%82%B9%E3%82%BB%E3%83%B3%E3%82%BF%E3%83%BC%E5%A4%A7%E6%B4%A5%E5%BA%97%20%E5%A4%A7%E6%B4%A5%E5%B8%82
京進のリハビリフィットネスPitaLab【ピタラボ】大津瀬田,地域密着型デイサービス,滋賀県,大津市,"介護,地域密着型デイサービス",日中に通って食事・入浴・機能訓練・見守りなどを受けるサービスです。,https://pita-lab.kyoshin.co.jp/,大江二丁目30番8号,077‐526‐6701,厚生労働省オープンデータ,https://www.mhlw.go.jp/content/12300000/jigyosho_780.csv,2025-12末,https://www.google.com/search?q=%E4%BA%AC%E9%80%B2%E3%81%AE%E3%83%AA%E3%83%8F%E3%83%93%E3%83%AA%E3%83%95%E3%82%A3%E3%83%83%E3%83%88%E3%83%8D%E3%82%B9PitaLab%E3%80%90%E3%83%94%E3%82%BF%E3%83%A9%E3%83%9C%E3%80%91%E5%A4%A7%E6%B4%A5%E7%80%AC%E7%94%B0%20%E5%A4%A7%E6%B4%A5%E5%B8%82
社会福祉法人ことぶき会指定通所介護事業所,地域密着型デイサービス,滋賀県,彦根市,"介護,地域密着型デイサービス",日中に通って食事・入浴・機能訓練・見守りなどを受けるサービスです。,http//www.ans.co.jp/n/kotobukihoikuen/,彦根市上岡部町５０３番地,0749-43-6484,厚生労働省オープンデータ,https://www.mhlw.go.jp/content/12300000/jigyosho_780.csv,2025-12末,https://www.google.com/search?q=%E7%A4%BE%E4%BC%9A%E7%A6%8F%E7%A5%89%E6%B3%95%E4%BA%BA%E3%81%93%E3%81%A8%E3%81%B6%E3%81%8D%E4%BC%9A%E6%8C%87%E5%AE%9A%E9%80%9A%E6%89%80%E4%BB%8B%E8%AD%B7%E4%BA%8B%E6%A5%AD%E6%89%80%20%E5%BD%A6%E6%A0%B9%E5%B8%82
機能訓練特化型デイサービスがじゅまる,地域密着型デイサービス,滋賀県,彦根市,"介護,地域密着型デイサービス",日中に通って食事・入浴・機能訓練・見守りなどを受けるサービスです。,day-gajumaru.com,滋賀県彦根市川瀬馬場町1082-3,0749-20-7074,厚生労働省オープンデータ,https://www.mhlw.go.jp/content/12300000/jigyosho_780.csv,2025-12末,https://www.google.com/search?q=%E6%A9%9F%E8%83%BD%E8%A8%93%E7%B7%B4%E7%89%B9%E5%8C%96%E5%9E%8B%E3%83%87%E3%82%A4%E3%82%B5%E3%83%BC%E3%83%93%E3%82%B9%E3%81%8C%E3%81%98%E3%82%85%E3%81%BE%E3%82%8B%20%E5%BD%A6%E6%A0%B9%E5%B8%82
信幸ケアサービスセンター,地域密着型デイサービス,滋賀県,彦根市,"介護,地域密着型デイサービス",日中に通って食事・入浴・機能訓練・見守りなどを受けるサービスです。,shinkohcare@gmail.com,滋賀県彦根市賀田山町240-2,0749-28-0294,厚生労働省オープンデータ,https://www.mhlw.go.jp/content/12300000/jigyosho_780.csv,2025-12末,https://www.google.com/search?q=%E4%BF%A1%E5%B9%B8%E3%82%B1%E3%82%A2%E3%82%B5%E3%83%BC%E3%83%93%E3%82%B9%E3%82%BB%E3%83%B3%E3%82%BF%E3%83%BC%20%E5%BD%A6%E6%A0%B9%E5%B8%82
ポラリスデイサービスセンター彦根,地域密着型デイサービス,滋賀県,彦根市,"介護,地域密着型デイサービス",日中に通って食事・入浴・機能訓練・見守りなどを受けるサービスです。,https://www.google.com/search?q=%E3%83%9D%E3%83%A9%E3%83%AA%E3%82%B9%E3%83%87%E3%82%A4%E3%82%B5%E3%83%BC%E3%83%93%E3%82%B9%E3%82%BB%E3%83%B3%E3%82%BF%E3%83%BC%E5%BD%A6%E6%A0%B9%20%E5%BD%A6%E6%A0%B9%E5%B8%82,滋賀県彦根市大藪町2509-2,0749-27-3560,厚生労働省オープンデータ,https://www.mhlw.go.jp/content/12300000/jigyosho_780.csv,2025-12末,https://www.google.com/search?q=%E3%83%9D%E3%83%A9%E3%83%AA%E3%82%B9%E3%83%87%E3%82%A4%E3%82%B5%E3%83%BC%E3%83%93%E3%82%B9%E3%82%BB%E3%83%B3%E3%82%BF%E3%83%BC%E5%BD%A6%E6%A0%B9%20%E5%BD%A6%E6%A0%B9%E5%B8%82
デイサービスセンター　　城,地域密着型デイサービス,滋賀県,彦根市,"介護,地域密着型デイサービス",日中に通って食事・入浴・機能訓練・見守りなどを受けるサービスです。,https://www.google.com/search?q=%E3%83%87%E3%82%A4%E3%82%B5%E3%83%BC%E3%83%93%E3%82%B9%E3%82%BB%E3%83%B3%E3%82%BF%E3%83%BC%E3%80%80%E3%80%80%E5%9F%8E%20%E5%BD%A6%E6%A0%B9%E5%B8%82,滋賀県彦根市甘呂町918,0749-47-5650,厚生労働省オープンデータ,https://www.mhlw.go.jp/content/12300000/jigyosho_780.csv,2025-12末,https://www.google.com/search?q=%E3%83%87%E3%82%A4%E3%82%B5%E3%83%BC%E3%83%93%E3%82%B9%E3%82%BB%E3%83%B3%E3%82%BF%E3%83%BC%E3%80%80%E3%80%80%E5%9F%8E%20%E5%BD%A6%E6%A0%B9%E5%B8%82
デイサービスひまわり,地域密着型デイサービス,滋賀県,彦根市,"介護,地域密着型デイサービス",日中に通って食事・入浴・機能訓練・見守りなどを受けるサービスです。,http://www.soin-vie.co.jp,滋賀県彦根市里根町191-1ハートフルヒルズ彦根,0749-26-5520,厚生労働省オープンデータ,https://www.mhlw.go.jp/content/12300000/jigyosho_780.csv,2025-12末,https://www.google.com/search?q=%E3%83%87%E3%82%A4%E3%82%B5%E3%83%BC%E3%83%93%E3%82%B9%E3%81%B2%E3%81%BE%E3%82%8F%E3%82%8A%20%E5%BD%A6%E6%A0%B9%E5%B8%82
ミドリヤいなえ,地域密着型デイサービス,滋賀県,彦根市,"介護,地域密着型デイサービス",日中に通って食事・入浴・機能訓練・見守りなどを受けるサービスです。,www.kyoto-midoriya.co.jp,肥田町1013-2,0749-20-0003,厚生労働省オープンデータ,https://www.mhlw.go.jp/content/12300000/jigyosho_780.csv,2025-12末,https://www.google.com/search?q=%E3%83%9F%E3%83%89%E3%83%AA%E3%83%A4%E3%81%84%E3%81%AA%E3%81%88%20%E5%BD%A6%E6%A0%B9%E5%B8%82
デイサービス　クローバー,地域密着型デイサービス,滋賀県,彦根市,"介護,地域密着型デイサービス",日中に通って食事・入浴・機能訓練・見守りなどを受けるサービスです。,https://www.google.com/search?q=%E3%83%87%E3%82%A4%E3%82%B5%E3%83%BC%E3%83%93%E3%82%B9%E3%80%80%E3%82%AF%E3%83%AD%E3%83%BC%E3%83%90%E3%83%BC%20%E5%BD%A6%E6%A0%B9%E5%B8%82,256-1,0749-47-3901,厚生労働省オープンデータ,https://www.mhlw.go.jp/content/12300000/jigyosho_780.csv,2025-12末,https://www.google.com/search?q=%E3%83%87%E3%82%A4%E3%82%B5%E3%83%BC%E3%83%93%E3%82%B9%E3%80%80%E3%82%AF%E3%83%AD%E3%83%BC%E3%83%90%E3%83%BC%20%E5%BD%A6%E6%A0%B9%E5%B8%82
デイサービスはえみ,地域密着型デイサービス,滋賀県,彦根市,"介護,地域密着型デイサービス",日中に通って食事・入浴・機能訓練・見守りなどを受けるサービスです。,https://www.haemi.jp,彦根市田附町１２２７,0749-20-4876,厚生労働省オープンデータ,https://www.mhlw.go.jp/content/12300000/jigyosho_780.csv,2025-12末,https://www.google.com/search?q=%E3%83%87%E3%82%A4%E3%82%B5%E3%83%BC%E3%83%93%E3%82%B9%E3%81%AF%E3%81%88%E3%81%BF%20%E5%BD%A6%E6%A0%B9%E5%B8%82
花しょうぶの郷デイサービス,地域密着型デイサービス,滋賀県,彦根市,"介護,地域密着型デイサービス",日中に通って食事・入浴・機能訓練・見守りなどを受けるサービスです。,http://h-shobu.jp,稲枝町27-1,0749-43-2431,厚生労働省オープンデータ,https://www.mhlw.go.jp/content/12300000/jigyosho_780.csv,2025-12末,https://www.google.com/search?q=%E8%8A%B1%E3%81%97%E3%82%87%E3%81%86%E3%81%B6%E3%81%AE%E9%83%B7%E3%83%87%E3%82%A4%E3%82%B5%E3%83%BC%E3%83%93%E3%82%B9%20%E5%BD%A6%E6%A0%B9%E5%B8%82
アネシス南彦根,地域密着型デイサービス,滋賀県,彦根市,"介護,地域密着型デイサービス",日中に通って食事・入浴・機能訓練・見守りなどを受けるサービスです。,http://www.tanakacare.co.jp/,滋賀県彦根市小泉町木立135,0749-27-3354,厚生労働省オープンデータ,https://www.mhlw.go.jp/content/12300000/jigyosho_780.csv,2025-12末,https://www.google.com/search?q=%E3%82%A2%E3%83%8D%E3%82%B7%E3%82%B9%E5%8D%97%E5%BD%A6%E6%A0%B9%20%E5%BD%A6%E6%A0%B9%E5%B8%82
URBAN　STUDIO　ゆるりは　平田,地域密着型デイサービス,滋賀県,彦根市,"介護,地域密着型デイサービス",日中に通って食事・入浴・機能訓練・見守りなどを受けるサービスです。,https://us-yururiha.com/,滋賀県彦根市平田町409-1,0749-21-5585,厚生労働省オープンデータ,https://www.mhlw.go.jp/content/12300000/jigyosho_780.csv,2025-12末,https://www.google.com/search?q=URBAN%E3%80%80STUDIO%E3%80%80%E3%82%86%E3%82%8B%E3%82%8A%E3%81%AF%E3%80%80%E5%B9%B3%E7%94%B0%20%E5%BD%A6%E6%A0%B9%E5%B8%82
レジリエンスラボ仄香,地域密着型デイサービス,滋賀県,彦根市,"介護,地域密着型デイサービス",日中に通って食事・入浴・機能訓練・見守りなどを受けるサービスです。,ssu@iscare.co.jp,滋賀県彦根市戸賀町100-50,0749-49-3566,厚生労働省オープンデータ,https://www.mhlw.go.jp/content/12300000/jigyosho_780.csv,2025-12末,https://www.google.com/search?q=%E3%83%AC%E3%82%B8%E3%83%AA%E3%82%A8%E3%83%B3%E3%82%B9%E3%83%A9%E3%83%9C%E4%BB%84%E9%A6%99%20%E5%BD%A6%E6%A0%B9%E5%B8%82
ぽぽハウス,地域密着型デイサービス,滋賀県,彦根市,"介護,地域密着型デイサービス",日中に通って食事・入浴・機能訓練・見守りなどを受けるサービスです。,http//www.popo-house.jp,彦根市平田町107-11,0749-21-0664,厚生労働省オープンデータ,https://www.mhlw.go.jp/content/12300000/jigyosho_780.csv,2025-12末,https://www.google.com/search?q=%E3%81%BD%E3%81%BD%E3%83%8F%E3%82%A6%E3%82%B9%20%E5%BD%A6%E6%A0%B9%E5%B8%82
リハデイ優美,地域密着型デイサービス,滋賀県,長浜市,"介護,地域密着型デイサービス",日中に通って食事・入浴・機能訓練・見守りなどを受けるサービスです。,https://www.fureai-s.jp/u_bi/,東主計町165,0749-74-8333,厚生労働省オープンデータ,https://www.mhlw.go.jp/content/12300000/jigyosho_780.csv,2025-12末,https://www.google.com/search?q=%E3%83%AA%E3%83%8F%E3%83%87%E3%82%A4%E5%84%AA%E7%BE%8E%20%E9%95%B7%E6%B5%9C%E5%B8%82
デイサービス　ナナ,地域密着型デイサービス,滋賀県,長浜市,"介護,地域密着型デイサービス",日中に通って食事・入浴・機能訓練・見守りなどを受けるサービスです。,https://www.google.com/search?q=%E3%83%87%E3%82%A4%E3%82%B5%E3%83%BC%E3%83%93%E3%82%B9%E3%80%80%E3%83%8A%E3%83%8A%20%E9%95%B7%E6%B5%9C%E5%B8%82,長浜市高月町磯野538番地,0749-50-1316,厚生労働省オープンデータ,https://www.mhlw.go.jp/content/12300000/jigyosho_780.csv,2025-12末,https://www.google.com/search?q=%E3%83%87%E3%82%A4%E3%82%B5%E3%83%BC%E3%83%93%E3%82%B9%E3%80%80%E3%83%8A%E3%83%8A%20%E9%95%B7%E6%B5%9C%E5%B8%82
デイプラザゆるりは,地域密着型デイサービス,滋賀県,長浜市,"介護,地域密着型デイサービス",日中に通って食事・入浴・機能訓練・見守りなどを受けるサービスです。,http://www.yururiha.com,滋賀県長浜市小堀町１１８－１,0749-65-0441,厚生労働省オープンデータ,https://www.mhlw.go.jp/content/12300000/jigyosho_780.csv,2025-12末,https://www.google.com/search?q=%E3%83%87%E3%82%A4%E3%83%97%E3%83%A9%E3%82%B6%E3%82%86%E3%82%8B%E3%82%8A%E3%81%AF%20%E9%95%B7%E6%B5%9C%E5%B8%82
デイサービス　とよしま,地域密着型デイサービス,滋賀県,長浜市,"介護,地域密着型デイサービス",日中に通って食事・入浴・機能訓練・見守りなどを受けるサービスです。,glow.or.jp/,滋賀県長浜市加田町１９－６老人ホームながはま,０７４９－６２－２８９７,厚生労働省オープンデータ,https://www.mhlw.go.jp/content/12300000/jigyosho_780.csv,2025-12末,https://www.google.com/search?q=%E3%83%87%E3%82%A4%E3%82%B5%E3%83%BC%E3%83%93%E3%82%B9%E3%80%80%E3%81%A8%E3%82%88%E3%81%97%E3%81%BE%20%E9%95%B7%E6%B5%9C%E5%B8%82
早稲田イーライフ長浜,地域密着型デイサービス,滋賀県,長浜市,"介護,地域密着型デイサービス",日中に通って食事・入浴・機能訓練・見守りなどを受けるサービスです。,http://hp.kaipoke.biz/w2d/index.html,八幡東町７９－１,0749-62-3860,厚生労働省オープンデータ,https://www.mhlw.go.jp/content/12300000/jigyosho_780.csv,2025-12末,https://www.google.com/search?q=%E6%97%A9%E7%A8%B2%E7%94%B0%E3%82%A4%E3%83%BC%E3%83%A9%E3%82%A4%E3%83%95%E9%95%B7%E6%B5%9C%20%E9%95%B7%E6%B5%9C%E5%B8%82
リハビリデイサービス　しゅん,地域密着型デイサービス,滋賀県,長浜市,"介護,地域密着型デイサービス",日中に通って食事・入浴・機能訓練・見守りなどを受けるサービスです。,https://page.line.me/ofi3655h,滋賀県長浜市木之本町木之本739-5,0749-82-8506,厚生労働省オープンデータ,https://www.mhlw.go.jp/content/12300000/jigyosho_780.csv,2025-12末,https://www.google.com/search?q=%E3%83%AA%E3%83%8F%E3%83%93%E3%83%AA%E3%83%87%E3%82%A4%E3%82%B5%E3%83%BC%E3%83%93%E3%82%B9%E3%80%80%E3%81%97%E3%82%85%E3%82%93%20%E9%95%B7%E6%B5%9C%E5%B8%82
リハビリデイサービスいっぽん,地域密着型デイサービス,滋賀県,長浜市,"介護,地域密着型デイサービス",日中に通って食事・入浴・機能訓練・見守りなどを受けるサービスです。,https://www.google.com/search?q=%E3%83%AA%E3%83%8F%E3%83%93%E3%83%AA%E3%83%87%E3%82%A4%E3%82%B5%E3%83%BC%E3%83%93%E3%82%B9%E3%81%84%E3%81%A3%E3%81%BD%E3%82%93%20%E9%95%B7%E6%B5%9C%E5%B8%82,長浜市高月町高月167,0749-85-5443,厚生労働省オープンデータ,https://www.mhlw.go.jp/content/12300000/jigyosho_780.csv,2025-12末,https://www.google.com/search?q=%E3%83%AA%E3%83%8F%E3%83%93%E3%83%AA%E3%83%87%E3%82%A4%E3%82%B5%E3%83%BC%E3%83%93%E3%82%B9%E3%81%84%E3%81%A3%E3%81%BD%E3%82%93%20%E9%95%B7%E6%B5%9C%E5%B8%82
真ごころデイサービス,地域密着型デイサービス,滋賀県,長浜市,"介護,地域密着型デイサービス",日中に通って食事・入浴・機能訓練・見守りなどを受けるサービスです。,https://www.google.com/search?q=%E7%9C%9F%E3%81%94%E3%81%93%E3%82%8D%E3%83%87%E3%82%A4%E3%82%B5%E3%83%BC%E3%83%93%E3%82%B9%20%E9%95%B7%E6%B5%9C%E5%B8%82,滋賀県長浜市湖北町今西743番地,0749-79-0016,厚生労働省オープンデータ,https://www.mhlw.go.jp/content/12300000/jigyosho_780.csv,2025-12末,https://www.google.com/search?q=%E7%9C%9F%E3%81%94%E3%81%93%E3%82%8D%E3%83%87%E3%82%A4%E3%82%B5%E3%83%BC%E3%83%93%E3%82%B9%20%E9%95%B7%E6%B5%9C%E5%B8%82
安達クリニック　マリーデイサービス,地域密着型デイサービス,滋賀県,長浜市,"介護,地域密着型デイサービス",日中に通って食事・入浴・機能訓練・見守りなどを受けるサービスです。,https://www.google.com/search?q=%E5%AE%89%E9%81%94%E3%82%AF%E3%83%AA%E3%83%8B%E3%83%83%E3%82%AF%E3%80%80%E3%83%9E%E3%83%AA%E3%83%BC%E3%83%87%E3%82%A4%E3%82%B5%E3%83%BC%E3%83%93%E3%82%B9%20%E9%95%B7%E6%B5%9C%E5%B8%82,滋賀県長浜市小谷丁野町379-2,0749-78-0055,厚生労働省オープンデータ,https://www.mhlw.go.jp/content/12300000/jigyosho_780.csv,2025-12末,https://www.google.com/search?q=%E5%AE%89%E9%81%94%E3%82%AF%E3%83%AA%E3%83%8B%E3%83%83%E3%82%AF%E3%80%80%E3%83%9E%E3%83%AA%E3%83%BC%E3%83%87%E3%82%A4%E3%82%B5%E3%83%BC%E3%83%93%E3%82%B9%20%E9%95%B7%E6%B5%9C%E5%B8%82
通所介護施設　咲くら,地域密着型デイサービス,滋賀県,長浜市,"介護,地域密着型デイサービス",日中に通って食事・入浴・機能訓練・見守りなどを受けるサービスです。,https://konet.or.jp/,滋賀県長浜市富田町　482-1,0749-72-5311,厚生労働省オープンデータ,https://www.mhlw.go.jp/content/12300000/jigyosho_780.csv,2025-12末,https://www.google.com/search?q=%E9%80%9A%E6%89%80%E4%BB%8B%E8%AD%B7%E6%96%BD%E8%A8%AD%E3%80%80%E5%92%B2%E3%81%8F%E3%82%89%20%E9%95%B7%E6%B5%9C%E5%B8%82
デイサービス　すずらん,地域密着型デイサービス,滋賀県,長浜市,"介護,地域密着型デイサービス",日中に通って食事・入浴・機能訓練・見守りなどを受けるサービスです。,https://sontokukai.com/,滋賀県長浜市三ツ矢町13－16,0749-62-3630,厚生労働省オープンデータ,https://www.mhlw.go.jp/content/12300000/jigyosho_780.csv,2025-12末,https://www.google.com/search?q=%E3%83%87%E3%82%A4%E3%82%B5%E3%83%BC%E3%83%93%E3%82%B9%E3%80%80%E3%81%99%E3%81%9A%E3%82%89%E3%82%93%20%E9%95%B7%E6%B5%9C%E5%B8%82
リハビリデイ楽りら,地域密着型デイサービス,滋賀県,長浜市,"介護,地域密着型デイサービス",日中に通って食事・入浴・機能訓練・見守りなどを受けるサービスです。,www.raku-rira.jp,滋賀県長浜市大辰巳町36第17森野ビル,0749-50-7449,厚生労働省オープンデータ,https://www.mhlw.go.jp/content/12300000/jigyosho_780.csv,2025-12末,https://www.google.com/search?q=%E3%83%AA%E3%83%8F%E3%83%93%E3%83%AA%E3%83%87%E3%82%A4%E6%A5%BD%E3%82%8A%E3%82%89%20%E9%95%B7%E6%B5%9C%E5%B8%82
スマイル長浜店,地域密着型デイサービス,滋賀県,長浜市,"介護,地域密着型デイサービス",日中に通って食事・入浴・機能訓練・見守りなどを受けるサービスです。,smile-shiga.net,滋賀県長浜市平方町238番地YFビル23　1F,0749-53-2870,厚生労働省オープンデータ,https://www.mhlw.go.jp/content/12300000/jigyosho_780.csv,2025-12末,https://www.google.com/search?q=%E3%82%B9%E3%83%9E%E3%82%A4%E3%83%AB%E9%95%B7%E6%B5%9C%E5%BA%97%20%E9%95%B7%E6%B5%9C%E5%B8%82
リハビリデイ湯本,地域密着型デイサービス,滋賀県,長浜市,"介護,地域密着型デイサービス",日中に通って食事・入浴・機能訓練・見守りなどを受けるサービスです。,https://sites.google.com/view/websiteofrehamanagement-yumoto/,滋賀県弥高町231,0749-50-3691,厚生労働省オープンデータ,https://www.mhlw.go.jp/content/12300000/jigyosho_780.csv,2025-12末,https://www.google.com/search?q=%E3%83%AA%E3%83%8F%E3%83%93%E3%83%AA%E3%83%87%E3%82%A4%E6%B9%AF%E6%9C%AC%20%E9%95%B7%E6%B5%9C%E5%B8%82
リハビリデイ湯本　神照,地域密着型デイサービス,滋賀県,長浜市,"介護,地域密着型デイサービス",日中に通って食事・入浴・機能訓練・見守りなどを受けるサービスです。,https://sites.google.com/view/websiteofrehamanagement-yumoto/,長浜市新庄寺町286-8,0749-50-1910,厚生労働省オープンデータ,https://www.mhlw.go.jp/content/12300000/jigyosho_780.csv,2025-12末,https://www.google.com/search?q=%E3%83%AA%E3%83%8F%E3%83%93%E3%83%AA%E3%83%87%E3%82%A4%E6%B9%AF%E6%9C%AC%E3%80%80%E7%A5%9E%E7%85%A7%20%E9%95%B7%E6%B5%9C%E5%B8%82
多世代型通所事業所　里,地域密着型デイサービス,滋賀県,近江八幡市,"介護,地域密着型デイサービス",日中に通って食事・入浴・機能訓練・見守りなどを受けるサービスです。,http://hp.kaipoke.biz/b49/,滋賀県近江八幡市小田町79-16,0748-26-1050,厚生労働省オープンデータ,https://www.mhlw.go.jp/content/12300000/jigyosho_780.csv,2025-12末,https://www.google.com/search?q=%E5%A4%9A%E4%B8%96%E4%BB%A3%E5%9E%8B%E9%80%9A%E6%89%80%E4%BA%8B%E6%A5%AD%E6%89%80%E3%80%80%E9%87%8C%20%E8%BF%91%E6%B1%9F%E5%85%AB%E5%B9%A1%E5%B8%82
デイサービス　やおみ,地域密着型デイサービス,滋賀県,近江八幡市,"介護,地域密着型デイサービス",日中に通って食事・入浴・機能訓練・見守りなどを受けるサービスです。,https://www.google.com/search?q=%E3%83%87%E3%82%A4%E3%82%B5%E3%83%BC%E3%83%93%E3%82%B9%E3%80%80%E3%82%84%E3%81%8A%E3%81%BF%20%E8%BF%91%E6%B1%9F%E5%85%AB%E5%B9%A1%E5%B8%82,滋賀県近江八幡市中村町628番地,0748-33-4854,厚生労働省オープンデータ,https://www.mhlw.go.jp/content/12300000/jigyosho_780.csv,2025-12末,https://www.google.com/search?q=%E3%83%87%E3%82%A4%E3%82%B5%E3%83%BC%E3%83%93%E3%82%B9%E3%80%80%E3%82%84%E3%81%8A%E3%81%BF%20%E8%BF%91%E6%B1%9F%E5%85%AB%E5%B9%A1%E5%B8%82
アシストケアクラブ近江八幡,地域密着型デイサービス,滋賀県,近江八幡市,"介護,地域密着型デイサービス",日中に通って食事・入浴・機能訓練・見守りなどを受けるサービスです。,https://www.assist-care-club.com/,滋賀県近江八幡市池田本町２２８番地,0748-37-2113,厚生労働省オープンデータ,https://www.mhlw.go.jp/content/12300000/jigyosho_780.csv,2025-12末,https://www.google.com/search?q=%E3%82%A2%E3%82%B7%E3%82%B9%E3%83%88%E3%82%B1%E3%82%A2%E3%82%AF%E3%83%A9%E3%83%96%E8%BF%91%E6%B1%9F%E5%85%AB%E5%B9%A1%20%E8%BF%91%E6%B1%9F%E5%85%AB%E5%B9%A1%E5%B8%82
ポラリスデイサービスセンター鷹飼,地域密着型デイサービス,滋賀県,近江八幡市,"介護,地域密着型デイサービス",日中に通って食事・入浴・機能訓練・見守りなどを受けるサービスです。,https://www.google.com/search?q=%E3%83%9D%E3%83%A9%E3%83%AA%E3%82%B9%E3%83%87%E3%82%A4%E3%82%B5%E3%83%BC%E3%83%93%E3%82%B9%E3%82%BB%E3%83%B3%E3%82%BF%E3%83%BC%E9%B7%B9%E9%A3%BC%20%E8%BF%91%E6%B1%9F%E5%85%AB%E5%B9%A1%E5%B8%82,滋賀県近江八幡市鷹飼町北3-18-5,0748-31-0310,厚生労働省オープンデータ,https://www.mhlw.go.jp/content/12300000/jigyosho_780.csv,2025-12末,https://www.google.com/search?q=%E3%83%9D%E3%83%A9%E3%83%AA%E3%82%B9%E3%83%87%E3%82%A4%E3%82%B5%E3%83%BC%E3%83%93%E3%82%B9%E3%82%BB%E3%83%B3%E3%82%BF%E3%83%BC%E9%B7%B9%E9%A3%BC%20%E8%BF%91%E6%B1%9F%E5%85%AB%E5%B9%A1%E5%B8%82
通所介護事業所ディサービス桐原,地域密着型デイサービス,滋賀県,近江八幡市,"介護,地域密着型デイサービス",日中に通って食事・入浴・機能訓練・見守りなどを受けるサービスです。,https://www.google.com/search?q=%E9%80%9A%E6%89%80%E4%BB%8B%E8%AD%B7%E4%BA%8B%E6%A5%AD%E6%89%80%E3%83%87%E3%82%A3%E3%82%B5%E3%83%BC%E3%83%93%E3%82%B9%E6%A1%90%E5%8E%9F%20%E8%BF%91%E6%B1%9F%E5%85%AB%E5%B9%A1%E5%B8%82,滋賀県近江八幡市丸の内町5-122,0748-31-2331,厚生労働省オープンデータ,https://www.mhlw.go.jp/content/12300000/jigyosho_780.csv,2025-12末,https://www.google.com/search?q=%E9%80%9A%E6%89%80%E4%BB%8B%E8%AD%B7%E4%BA%8B%E6%A5%AD%E6%89%80%E3%83%87%E3%82%A3%E3%82%B5%E3%83%BC%E3%83%93%E3%82%B9%E6%A1%90%E5%8E%9F%20%E8%BF%91%E6%B1%9F%E5%85%AB%E5%B9%A1%E5%B8%82
ベストライフデイサービスセンター近江八幡,地域密着型デイサービス,滋賀県,近江八幡市,"介護,地域密着型デイサービス",日中に通って食事・入浴・機能訓練・見守りなどを受けるサービスです。,http://bestlifesiga.com,滋賀県近江八幡市白鳥町30-3敷島第2ビル103号,0748-36-6020,厚生労働省オープンデータ,https://www.mhlw.go.jp/content/12300000/jigyosho_780.csv,2025-12末,https://www.google.com/search?q=%E3%83%99%E3%82%B9%E3%83%88%E3%83%A9%E3%82%A4%E3%83%95%E3%83%87%E3%82%A4%E3%82%B5%E3%83%BC%E3%83%93%E3%82%B9%E3%82%BB%E3%83%B3%E3%82%BF%E3%83%BC%E8%BF%91%E6%B1%9F%E5%85%AB%E5%B9%A1%20%E8%BF%91%E6%B1%9F%E5%85%AB%E5%B9%A1%E5%B8%82
アクティブプラ虹,地域密着型デイサービス,滋賀県,近江八幡市,"介護,地域密着型デイサービス",日中に通って食事・入浴・機能訓練・見守りなどを受けるサービスです。,https://mihan-shiga.site,滋賀県近江八幡市長田町2200,0748-37-1458,厚生労働省オープンデータ,https://www.mhlw.go.jp/content/12300000/jigyosho_780.csv,2025-12末,https://www.google.com/search?q=%E3%82%A2%E3%82%AF%E3%83%86%E3%82%A3%E3%83%96%E3%83%97%E3%83%A9%E8%99%B9%20%E8%BF%91%E6%B1%9F%E5%85%AB%E5%B9%A1%E5%B8%82
デイサービスセンターむべの里・島,地域密着型デイサービス,滋賀県,近江八幡市,"介護,地域密着型デイサービス",日中に通って食事・入浴・機能訓練・見守りなどを受けるサービスです。,http://kohitujikai.net/kaigo/,滋賀県近江八幡市北津田町346-15,0748-32-3651,厚生労働省オープンデータ,https://www.mhlw.go.jp/content/12300000/jigyosho_780.csv,2025-12末,https://www.google.com/search?q=%E3%83%87%E3%82%A4%E3%82%B5%E3%83%BC%E3%83%93%E3%82%B9%E3%82%BB%E3%83%B3%E3%82%BF%E3%83%BC%E3%82%80%E3%81%B9%E3%81%AE%E9%87%8C%E3%83%BB%E5%B3%B6%20%E8%BF%91%E6%B1%9F%E5%85%AB%E5%B9%A1%E5%B8%82
あかつきの郷,地域密着型デイサービス,滋賀県,近江八幡市,"介護,地域密着型デイサービス",日中に通って食事・入浴・機能訓練・見守りなどを受けるサービスです。,https://www.google.com/search?q=%E3%81%82%E3%81%8B%E3%81%A4%E3%81%8D%E3%81%AE%E9%83%B7%20%E8%BF%91%E6%B1%9F%E5%85%AB%E5%B9%A1%E5%B8%82,滋賀県近江八幡市東町414番地,0748-37-8126,厚生労働省オープンデータ,https://www.mhlw.go.jp/content/12300000/jigyosho_780.csv,2025-12末,https://www.google.com/search?q=%E3%81%82%E3%81%8B%E3%81%A4%E3%81%8D%E3%81%AE%E9%83%B7%20%E8%BF%91%E6%B1%9F%E5%85%AB%E5%B9%A1%E5%B8%82
長命デイサービスちとせ,地域密着型デイサービス,滋賀県,近江八幡市,"介護,地域密着型デイサービス",日中に通って食事・入浴・機能訓練・見守りなどを受けるサービスです。,http://www.shoushikai.or.jp,滋賀県近江八幡市長命寺町３７－１,0748－31－1117,厚生労働省オープンデータ,https://www.mhlw.go.jp/content/12300000/jigyosho_780.csv,2025-12末,https://www.google.com/search?q=%E9%95%B7%E5%91%BD%E3%83%87%E3%82%A4%E3%82%B5%E3%83%BC%E3%83%93%E3%82%B9%E3%81%A1%E3%81%A8%E3%81%9B%20%E8%BF%91%E6%B1%9F%E5%85%AB%E5%B9%A1%E5%B8%82
いっぷく老蘇庵,地域密着型デイサービス,滋賀県,近江八幡市,"介護,地域密着型デイサービス",日中に通って食事・入浴・機能訓練・見守りなどを受けるサービスです。,mihan-shiga.site,安土町西老蘇964番地,0748-46-8581,厚生労働省オープンデータ,https://www.mhlw.go.jp/content/12300000/jigyosho_780.csv,2025-12末,https://www.google.com/search?q=%E3%81%84%E3%81%A3%E3%81%B7%E3%81%8F%E8%80%81%E8%98%87%E5%BA%B5%20%E8%BF%91%E6%B1%9F%E5%85%AB%E5%B9%A1%E5%B8%82
デイサービスセンター　にしき,地域密着型デイサービス,滋賀県,近江八幡市,"介護,地域密着型デイサービス",日中に通って食事・入浴・機能訓練・見守りなどを受けるサービスです。,http://nishiki.shiga-saku.net/,滋賀県近江八幡市安土町上豊浦６２８－８デイサービスセンター　にしき,0748-26-5400,厚生労働省オープンデータ,https://www.mhlw.go.jp/content/12300000/jigyosho_780.csv,2025-12末,https://www.google.com/search?q=%E3%83%87%E3%82%A4%E3%82%B5%E3%83%BC%E3%83%93%E3%82%B9%E3%82%BB%E3%83%B3%E3%82%BF%E3%83%BC%E3%80%80%E3%81%AB%E3%81%97%E3%81%8D%20%E8%BF%91%E6%B1%9F%E5%85%AB%E5%B9%A1%E5%B8%82
デイサービスセンターそら,地域密着型デイサービス,滋賀県,草津市,"介護,地域密着型デイサービス",日中に通って食事・入浴・機能訓練・見守りなどを受けるサービスです。,http://www.leciel3588.com/,滋賀県草津市野路8丁目15番9号,077-507-0707,厚生労働省オープンデータ,https://www.mhlw.go.jp/content/12300000/jigyosho_780.csv,2025-12末,https://www.google.com/search?q=%E3%83%87%E3%82%A4%E3%82%B5%E3%83%BC%E3%83%93%E3%82%B9%E3%82%BB%E3%83%B3%E3%82%BF%E3%83%BC%E3%81%9D%E3%82%89%20%E8%8D%89%E6%B4%A5%E5%B8%82
地域密着型通所介護事業所　心のほとり,地域密着型デイサービス,滋賀県,草津市,"介護,地域密着型デイサービス",日中に通って食事・入浴・機能訓練・見守りなどを受けるサービスです。,https://takurou-kokoro.com/,滋賀県草津市駒井沢町337番地1,077-584-5961,厚生労働省オープンデータ,https://www.mhlw.go.jp/content/12300000/jigyosho_780.csv,2025-12末,https://www.google.com/search?q=%E5%9C%B0%E5%9F%9F%E5%AF%86%E7%9D%80%E5%9E%8B%E9%80%9A%E6%89%80%E4%BB%8B%E8%AD%B7%E4%BA%8B%E6%A5%AD%E6%89%80%E3%80%80%E5%BF%83%E3%81%AE%E3%81%BB%E3%81%A8%E3%82%8A%20%E8%8D%89%E6%B4%A5%E5%B8%82
楽　地域密着型　通所介護事業所,地域密着型デイサービス,滋賀県,草津市,"介護,地域密着型デイサービス",日中に通って食事・入浴・機能訓練・見守りなどを受けるサービスです。,http://raku-kusatsu.com/,草津市野路町645-2,077-563-2515,厚生労働省オープンデータ,https://www.mhlw.go.jp/content/12300000/jigyosho_780.csv,2025-12末,https://www.google.com/search?q=%E6%A5%BD%E3%80%80%E5%9C%B0%E5%9F%9F%E5%AF%86%E7%9D%80%E5%9E%8B%E3%80%80%E9%80%9A%E6%89%80%E4%BB%8B%E8%AD%B7%E4%BA%8B%E6%A5%AD%E6%89%80%20%E8%8D%89%E6%B4%A5%E5%B8%82
アルクスタジオ草津支店,地域密着型デイサービス,滋賀県,草津市,"介護,地域密着型デイサービス",日中に通って食事・入浴・機能訓練・見守りなどを受けるサービスです。,https://arukusutadio.com,滋賀県草津市上笠2丁目18番16号2階,077-599-5827,厚生労働省オープンデータ,https://www.mhlw.go.jp/content/12300000/jigyosho_780.csv,2025-12末,https://www.google.com/search?q=%E3%82%A2%E3%83%AB%E3%82%AF%E3%82%B9%E3%82%BF%E3%82%B8%E3%82%AA%E8%8D%89%E6%B4%A5%E6%94%AF%E5%BA%97%20%E8%8D%89%E6%B4%A5%E5%B8%82
通所介護ステーションハーモニー,地域密着型デイサービス,滋賀県,草津市,"介護,地域密着型デイサービス",日中に通って食事・入浴・機能訓練・見守りなどを受けるサービスです。,https://www.google.com/search?q=%E9%80%9A%E6%89%80%E4%BB%8B%E8%AD%B7%E3%82%B9%E3%83%86%E3%83%BC%E3%82%B7%E3%83%A7%E3%83%B3%E3%83%8F%E3%83%BC%E3%83%A2%E3%83%8B%E3%83%BC%20%E8%8D%89%E6%B4%A5%E5%B8%82,滋賀県草津市上笠三丁目27番22号,077-565-1538,厚生労働省オープンデータ,https://www.mhlw.go.jp/content/12300000/jigyosho_780.csv,2025-12末,https://www.google.com/search?q=%E9%80%9A%E6%89%80%E4%BB%8B%E8%AD%B7%E3%82%B9%E3%83%86%E3%83%BC%E3%82%B7%E3%83%A7%E3%83%B3%E3%83%8F%E3%83%BC%E3%83%A2%E3%83%8B%E3%83%BC%20%E8%8D%89%E6%B4%A5%E5%B8%82
共生型デイサービス向日葵,地域密着型デイサービス,滋賀県,草津市,"介護,地域密着型デイサービス",日中に通って食事・入浴・機能訓練・見守りなどを受けるサービスです。,https://www.fukurou-care.com,滋賀県草津市北山田町866番地,0775748334,厚生労働省オープンデータ,https://www.mhlw.go.jp/content/12300000/jigyosho_780.csv,2025-12末,https://www.google.com/search?q=%E5%85%B1%E7%94%9F%E5%9E%8B%E3%83%87%E3%82%A4%E3%82%B5%E3%83%BC%E3%83%93%E3%82%B9%E5%90%91%E6%97%A5%E8%91%B5%20%E8%8D%89%E6%B4%A5%E5%B8%82
デイサービスリハビリあっとほーむ,地域密着型デイサービス,滋賀県,草津市,"介護,地域密着型デイサービス",日中に通って食事・入浴・機能訓練・見守りなどを受けるサービスです。,https://www.google.com/search?q=%E3%83%87%E3%82%A4%E3%82%B5%E3%83%BC%E3%83%93%E3%82%B9%E3%83%AA%E3%83%8F%E3%83%93%E3%83%AA%E3%81%82%E3%81%A3%E3%81%A8%E3%81%BB%E3%83%BC%E3%82%80%20%E8%8D%89%E6%B4%A5%E5%B8%82,滋賀県草津市矢橋町7-8,077-575-5730,厚生労働省オープンデータ,https://www.mhlw.go.jp/content/12300000/jigyosho_780.csv,2025-12末,https://www.google.com/search?q=%E3%83%87%E3%82%A4%E3%82%B5%E3%83%BC%E3%83%93%E3%82%B9%E3%83%AA%E3%83%8F%E3%83%93%E3%83%AA%E3%81%82%E3%81%A3%E3%81%A8%E3%81%BB%E3%83%BC%E3%82%80%20%E8%8D%89%E6%B4%A5%E5%B8%82
でいさーびすとなりぐみ,地域密着型デイサービス,滋賀県,草津市,"介護,地域密着型デイサービス",日中に通って食事・入浴・機能訓練・見守りなどを受けるサービスです。,http://www.edanlife.com,滋賀県草津市上笠2-18-16上笠ビル1階,077-596-5647,厚生労働省オープンデータ,https://www.mhlw.go.jp/content/12300000/jigyosho_780.csv,2025-12末,https://www.google.com/search?q=%E3%81%A7%E3%81%84%E3%81%95%E3%83%BC%E3%81%B3%E3%81%99%E3%81%A8%E3%81%AA%E3%82%8A%E3%81%90%E3%81%BF%20%E8%8D%89%E6%B4%A5%E5%B8%82
リハプライド草津中央,地域密着型デイサービス,滋賀県,草津市,"介護,地域密着型デイサービス",日中に通って食事・入浴・機能訓練・見守りなどを受けるサービスです。,http://www.rehapride.co.jp/kusatsuchuo/,滋賀県草津市草津町1512セジュール１階１号,077-585-9170,厚生労働省オープンデータ,https://www.mhlw.go.jp/content/12300000/jigyosho_780.csv,2025-12末,https://www.google.com/search?q=%E3%83%AA%E3%83%8F%E3%83%97%E3%83%A9%E3%82%A4%E3%83%89%E8%8D%89%E6%B4%A5%E4%B8%AD%E5%A4%AE%20%E8%8D%89%E6%B4%A5%E5%B8%82
デイサービス　オリーブ,地域密着型デイサービス,滋賀県,草津市,"介護,地域密着型デイサービス",日中に通って食事・入浴・機能訓練・見守りなどを受けるサービスです。,https://citrus-shiga.com/,滋賀県草津市草津四丁目8番13号,077-576-0050,厚生労働省オープンデータ,https://www.mhlw.go.jp/content/12300000/jigyosho_780.csv,2025-12末,https://www.google.com/search?q=%E3%83%87%E3%82%A4%E3%82%B5%E3%83%BC%E3%83%93%E3%82%B9%E3%80%80%E3%82%AA%E3%83%AA%E3%83%BC%E3%83%96%20%E8%8D%89%E6%B4%A5%E5%B8%82
デイサービス　オリーブ別邸,地域密着型デイサービス,滋賀県,草津市,"介護,地域密着型デイサービス",日中に通って食事・入浴・機能訓練・見守りなどを受けるサービスです。,https://citrus-shiga.com/,滋賀県草津市野路東五丁目４番２２号,077-575-1451,厚生労働省オープンデータ,https://www.mhlw.go.jp/content/12300000/jigyosho_780.csv,2025-12末,https://www.google.com/search?q=%E3%83%87%E3%82%A4%E3%82%B5%E3%83%BC%E3%83%93%E3%82%B9%E3%80%80%E3%82%AA%E3%83%AA%E3%83%BC%E3%83%96%E5%88%A5%E9%82%B8%20%E8%8D%89%E6%B4%A5%E5%B8%82
デイサービスかえで,地域密着型デイサービス,滋賀県,草津市,"介護,地域密着型デイサービス",日中に通って食事・入浴・機能訓練・見守りなどを受けるサービスです。,http://maple-kofu.com/,滋賀県草津市追分南一丁目７－３かえで,０７７-５６６-００１１,厚生労働省オープンデータ,https://www.mhlw.go.jp/content/12300000/jigyosho_780.csv,2025-12末,https://www.google.com/search?q=%E3%83%87%E3%82%A4%E3%82%B5%E3%83%BC%E3%83%93%E3%82%B9%E3%81%8B%E3%81%88%E3%81%A7%20%E8%8D%89%E6%B4%A5%E5%B8%82
リハステーション草津　デイサービス,地域密着型デイサービス,滋賀県,草津市,"介護,地域密着型デイサービス",日中に通って食事・入浴・機能訓練・見守りなどを受けるサービスです。,http://yuinosato.or.jp,滋賀県草津市下笠町338-1,077-598-5491,厚生労働省オープンデータ,https://www.mhlw.go.jp/content/12300000/jigyosho_780.csv,2025-12末,https://www.google.com/search?q=%E3%83%AA%E3%83%8F%E3%82%B9%E3%83%86%E3%83%BC%E3%82%B7%E3%83%A7%E3%83%B3%E8%8D%89%E6%B4%A5%E3%80%80%E3%83%87%E3%82%A4%E3%82%B5%E3%83%BC%E3%83%93%E3%82%B9%20%E8%8D%89%E6%B4%A5%E5%B8%82
だんらんの家南草津,地域密着型デイサービス,滋賀県,草津市,"介護,地域密着型デイサービス",日中に通って食事・入浴・機能訓練・見守りなどを受けるサービスです。,http://caretasu.com/C2001?t_shisetsucode=2500179#tab,橋岡町2-24,077-574-8101,厚生労働省オープンデータ,https://www.mhlw.go.jp/content/12300000/jigyosho_780.csv,2025-12末,https://www.google.com/search?q=%E3%81%A0%E3%82%93%E3%82%89%E3%82%93%E3%81%AE%E5%AE%B6%E5%8D%97%E8%8D%89%E6%B4%A5%20%E8%8D%89%E6%B4%A5%E5%B8%82
だんらんの家近江,地域密着型デイサービス,滋賀県,草津市,"介護,地域密着型デイサービス",日中に通って食事・入浴・機能訓練・見守りなどを受けるサービスです。,http://caretasu.com/C2001?t_shisetsucode=2500181,橋岡町2-25１F,0775633655,厚生労働省オープンデータ,https://www.mhlw.go.jp/content/12300000/jigyosho_780.csv,2025-12末,https://www.google.com/search?q=%E3%81%A0%E3%82%93%E3%82%89%E3%82%93%E3%81%AE%E5%AE%B6%E8%BF%91%E6%B1%9F%20%E8%8D%89%E6%B4%A5%E5%B8%82
だんらんの家東草津,地域密着型デイサービス,滋賀県,草津市,"介護,地域密着型デイサービス",日中に通って食事・入浴・機能訓練・見守りなどを受けるサービスです。,https://www.google.com/search?q=%E3%81%A0%E3%82%93%E3%82%89%E3%82%93%E3%81%AE%E5%AE%B6%E6%9D%B1%E8%8D%89%E6%B4%A5%20%E8%8D%89%E6%B4%A5%E5%B8%82,滋賀県草津市東草津１－３－２１,０７７－５６１－３７７３,厚生労働省オープンデータ,https://www.mhlw.go.jp/content/12300000/jigyosho_780.csv,2025-12末,https://www.google.com/search?q=%E3%81%A0%E3%82%93%E3%82%89%E3%82%93%E3%81%AE%E5%AE%B6%E6%9D%B1%E8%8D%89%E6%B4%A5%20%E8%8D%89%E6%B4%A5%E5%B8%82
新庄こすもす,地域密着型デイサービス,滋賀県,守山市,"介護,地域密着型デイサービス",日中に通って食事・入浴・機能訓練・見守りなどを受けるサービスです。,http://www.day-cosmos.com,滋賀県守山市新庄町1300番地,(077)585-6118,厚生労働省オープンデータ,https://www.mhlw.go.jp/content/12300000/jigyosho_780.csv,2025-12末,https://www.google.com/search?q=%E6%96%B0%E5%BA%84%E3%81%93%E3%81%99%E3%82%82%E3%81%99%20%E5%AE%88%E5%B1%B1%E5%B8%82
デイホームきむらさんち,地域密着型デイサービス,滋賀県,守山市,"介護,地域密着型デイサービス",日中に通って食事・入浴・機能訓練・見守りなどを受けるサービスです。,http://caresupportai.jp,守山市杉江町714-3,077-585-1211,厚生労働省オープンデータ,https://www.mhlw.go.jp/content/12300000/jigyosho_780.csv,2025-12末,https://www.google.com/search?q=%E3%83%87%E3%82%A4%E3%83%9B%E3%83%BC%E3%83%A0%E3%81%8D%E3%82%80%E3%82%89%E3%81%95%E3%82%93%E3%81%A1%20%E5%AE%88%E5%B1%B1%E5%B8%82
デイホームみずほのきむらさんち,地域密着型デイサービス,滋賀県,守山市,"介護,地域密着型デイサービス",日中に通って食事・入浴・機能訓練・見守りなどを受けるサービスです。,https://www.google.com/search?q=%E3%83%87%E3%82%A4%E3%83%9B%E3%83%BC%E3%83%A0%E3%81%BF%E3%81%9A%E3%81%BB%E3%81%AE%E3%81%8D%E3%82%80%E3%82%89%E3%81%95%E3%82%93%E3%81%A1%20%E5%AE%88%E5%B1%B1%E5%B8%82,守山市水保町1338番地の5,077-585-8848,厚生労働省オープンデータ,https://www.mhlw.go.jp/content/12300000/jigyosho_780.csv,2025-12末,https://www.google.com/search?q=%E3%83%87%E3%82%A4%E3%83%9B%E3%83%BC%E3%83%A0%E3%81%BF%E3%81%9A%E3%81%BB%E3%81%AE%E3%81%8D%E3%82%80%E3%82%89%E3%81%95%E3%82%93%E3%81%A1%20%E5%AE%88%E5%B1%B1%E5%B8%82
リハビリスペース　はなみずき,地域密着型デイサービス,滋賀県,守山市,"介護,地域密着型デイサービス",日中に通って食事・入浴・機能訓練・見守りなどを受けるサービスです。,http://caresupportai.jp,守山市水保町１３３６番地の３１,０７７－５３５－７０２８,厚生労働省オープンデータ,https://www.mhlw.go.jp/content/12300000/jigyosho_780.csv,2025-12末,https://www.google.com/search?q=%E3%83%AA%E3%83%8F%E3%83%93%E3%83%AA%E3%82%B9%E3%83%9A%E3%83%BC%E3%82%B9%E3%80%80%E3%81%AF%E3%81%AA%E3%81%BF%E3%81%9A%E3%81%8D%20%E5%AE%88%E5%B1%B1%E5%B8%82
木浜デイサービス　えんがわ,地域密着型デイサービス,滋賀県,守山市,"介護,地域密着型デイサービス",日中に通って食事・入浴・機能訓練・見守りなどを受けるサービスです。,engawa-net.com,滋賀県守山市木浜町1931－1,０７７－５８５－７７１５,厚生労働省オープンデータ,https://www.mhlw.go.jp/content/12300000/jigyosho_780.csv,2025-12末,https://www.google.com/search?q=%E6%9C%A8%E6%B5%9C%E3%83%87%E3%82%A4%E3%82%B5%E3%83%BC%E3%83%93%E3%82%B9%E3%80%80%E3%81%88%E3%82%93%E3%81%8C%E3%82%8F%20%E5%AE%88%E5%B1%B1%E5%B8%82
デイサービスラポール,地域密着型デイサービス,滋賀県,守山市,"介護,地域密着型デイサービス",日中に通って食事・入浴・機能訓練・見守りなどを受けるサービスです。,https://www.google.com/search?q=%E3%83%87%E3%82%A4%E3%82%B5%E3%83%BC%E3%83%93%E3%82%B9%E3%83%A9%E3%83%9D%E3%83%BC%E3%83%AB%20%E5%AE%88%E5%B1%B1%E5%B8%82,滋賀県守山市守山６丁目１番５号,０７７ー５８１－２７９５,厚生労働省オープンデータ,https://www.mhlw.go.jp/content/12300000/jigyosho_780.csv,2025-12末,https://www.google.com/search?q=%E3%83%87%E3%82%A4%E3%82%B5%E3%83%BC%E3%83%93%E3%82%B9%E3%83%A9%E3%83%9D%E3%83%BC%E3%83%AB%20%E5%AE%88%E5%B1%B1%E5%B8%82
デイサービス浜風,地域密着型デイサービス,滋賀県,守山市,"介護,地域密着型デイサービス",日中に通って食事・入浴・機能訓練・見守りなどを受けるサービスです。,https://www.google.com/search?q=%E3%83%87%E3%82%A4%E3%82%B5%E3%83%BC%E3%83%93%E3%82%B9%E6%B5%9C%E9%A2%A8%20%E5%AE%88%E5%B1%B1%E5%B8%82,滋賀県守山市木浜町1730番地1デイサービス浜風,077-598-6888,厚生労働省オープンデータ,https://www.mhlw.go.jp/content/12300000/jigyosho_780.csv,2025-12末,https://www.google.com/search?q=%E3%83%87%E3%82%A4%E3%82%B5%E3%83%BC%E3%83%93%E3%82%B9%E6%B5%9C%E9%A2%A8%20%E5%AE%88%E5%B1%B1%E5%B8%82
リハステーション守山　デイサービス,地域密着型デイサービス,滋賀県,守山市,"介護,地域密着型デイサービス",日中に通って食事・入浴・機能訓練・見守りなどを受けるサービスです。,http://yuinosato.or.jp,滋賀県守山市守山6丁目11-51,077-514-0346,厚生労働省オープンデータ,https://www.mhlw.go.jp/content/12300000/jigyosho_780.csv,2025-12末,https://www.google.com/search?q=%E3%83%AA%E3%83%8F%E3%82%B9%E3%83%86%E3%83%BC%E3%82%B7%E3%83%A7%E3%83%B3%E5%AE%88%E5%B1%B1%E3%80%80%E3%83%87%E3%82%A4%E3%82%B5%E3%83%BC%E3%83%93%E3%82%B9%20%E5%AE%88%E5%B1%B1%E5%B8%82
まごころの家・守山,地域密着型デイサービス,滋賀県,守山市,"介護,地域密着型デイサービス",日中に通って食事・入浴・機能訓練・見守りなどを受けるサービスです。,http://www.sofia-magokoro.com/,滋賀県守山市立入町37,077-514-3930,厚生労働省オープンデータ,https://www.mhlw.go.jp/content/12300000/jigyosho_780.csv,2025-12末,https://www.google.com/search?q=%E3%81%BE%E3%81%94%E3%81%93%E3%82%8D%E3%81%AE%E5%AE%B6%E3%83%BB%E5%AE%88%E5%B1%B1%20%E5%AE%88%E5%B1%B1%E5%B8%82
デイサービスあいむ今浜,地域密着型デイサービス,滋賀県,守山市,"介護,地域密着型デイサービス",日中に通って食事・入浴・機能訓練・見守りなどを受けるサービスです。,http://k-aimu.co.jp,今浜町157-1,077-584-3355,厚生労働省オープンデータ,https://www.mhlw.go.jp/content/12300000/jigyosho_780.csv,2025-12末,https://www.google.com/search?q=%E3%83%87%E3%82%A4%E3%82%B5%E3%83%BC%E3%83%93%E3%82%B9%E3%81%82%E3%81%84%E3%82%80%E4%BB%8A%E6%B5%9C%20%E5%AE%88%E5%B1%B1%E5%B8%82
デイサービス彩り,地域密着型デイサービス,滋賀県,守山市,"介護,地域密着型デイサービス",日中に通って食事・入浴・機能訓練・見守りなどを受けるサービスです。,https://www.google.com/search?q=%E3%83%87%E3%82%A4%E3%82%B5%E3%83%BC%E3%83%93%E3%82%B9%E5%BD%A9%E3%82%8A%20%E5%AE%88%E5%B1%B1%E5%B8%82,守山市焔魔堂町96番地の2,077-514-1755,厚生労働省オープンデータ,https://www.mhlw.go.jp/content/12300000/jigyosho_780.csv,2025-12末,https://www.google.com/search?q=%E3%83%87%E3%82%A4%E3%82%B5%E3%83%BC%E3%83%93%E3%82%B9%E5%BD%A9%E3%82%8A%20%E5%AE%88%E5%B1%B1%E5%B8%82
すこやかの家・さくら,地域密着型デイサービス,滋賀県,守山市,"介護,地域密着型デイサービス",日中に通って食事・入浴・機能訓練・見守りなどを受けるサービスです。,https://www.google.com/search?q=%E3%81%99%E3%81%93%E3%82%84%E3%81%8B%E3%81%AE%E5%AE%B6%E3%83%BB%E3%81%95%E3%81%8F%E3%82%89%20%E5%AE%88%E5%B1%B1%E5%B8%82,滋賀県守山市古高町98-9,077-583-7718,厚生労働省オープンデータ,https://www.mhlw.go.jp/content/12300000/jigyosho_780.csv,2025-12末,https://www.google.com/search?q=%E3%81%99%E3%81%93%E3%82%84%E3%81%8B%E3%81%AE%E5%AE%B6%E3%83%BB%E3%81%95%E3%81%8F%E3%82%89%20%E5%AE%88%E5%B1%B1%E5%B8%82
でいさーびすらっくもりやまよしみ,地域密着型デイサービス,滋賀県,守山市,"介護,地域密着型デイサービス",日中に通って食事・入浴・機能訓練・見守りなどを受けるサービスです。,http://www.rac-kaigo.jp/,滋賀県守山市吉身1丁目2-17,077-582-7070,厚生労働省オープンデータ,https://www.mhlw.go.jp/content/12300000/jigyosho_780.csv,2025-12末,https://www.google.com/search?q=%E3%81%A7%E3%81%84%E3%81%95%E3%83%BC%E3%81%B3%E3%81%99%E3%82%89%E3%81%A3%E3%81%8F%E3%82%82%E3%82%8A%E3%82%84%E3%81%BE%E3%82%88%E3%81%97%E3%81%BF%20%E5%AE%88%E5%B1%B1%E5%B8%82
大宝リハビリセンター,地域密着型デイサービス,滋賀県,守山市,"介護,地域密着型デイサービス",日中に通って食事・入浴・機能訓練・見守りなどを受けるサービスです。,https://www.google.com/search?q=%E5%A4%A7%E5%AE%9D%E3%83%AA%E3%83%8F%E3%83%93%E3%83%AA%E3%82%BB%E3%83%B3%E3%82%BF%E3%83%BC%20%E5%AE%88%E5%B1%B1%E5%B8%82,守山3-7-5,077-598-5182,厚生労働省オープンデータ,https://www.mhlw.go.jp/content/12300000/jigyosho_780.csv,2025-12末,https://www.google.com/search?q=%E5%A4%A7%E5%AE%9D%E3%83%AA%E3%83%8F%E3%83%93%E3%83%AA%E3%82%BB%E3%83%B3%E3%82%BF%E3%83%BC%20%E5%AE%88%E5%B1%B1%E5%B8%82
機能訓練デイサービス　ふくろうさん,地域密着型デイサービス,滋賀県,守山市,"介護,地域密着型デイサービス",日中に通って食事・入浴・機能訓練・見守りなどを受けるサービスです。,https://www.google.com/search?q=%E6%A9%9F%E8%83%BD%E8%A8%93%E7%B7%B4%E3%83%87%E3%82%A4%E3%82%B5%E3%83%BC%E3%83%93%E3%82%B9%E3%80%80%E3%81%B5%E3%81%8F%E3%82%8D%E3%81%86%E3%81%95%E3%82%93%20%E5%AE%88%E5%B1%B1%E5%B8%82,滋賀県守山市小島町1808番地8,077-576-1348,厚生労働省オープンデータ,https://www.mhlw.go.jp/content/12300000/jigyosho_780.csv,2025-12末,https://www.google.com/search?q=%E6%A9%9F%E8%83%BD%E8%A8%93%E7%B7%B4%E3%83%87%E3%82%A4%E3%82%B5%E3%83%BC%E3%83%93%E3%82%B9%E3%80%80%E3%81%B5%E3%81%8F%E3%82%8D%E3%81%86%E3%81%95%E3%82%93%20%E5%AE%88%E5%B1%B1%E5%B8%82
デイサービス華,地域密着型デイサービス,滋賀県,栗東市,"介護,地域密着型デイサービス",日中に通って食事・入浴・機能訓練・見守りなどを受けるサービスです。,https://www.google.com/search?q=%E3%83%87%E3%82%A4%E3%82%B5%E3%83%BC%E3%83%93%E3%82%B9%E8%8F%AF%20%E6%A0%97%E6%9D%B1%E5%B8%82,御園1822-2,077-558-0123,厚生労働省オープンデータ,https://www.mhlw.go.jp/content/12300000/jigyosho_780.csv,2025-12末,https://www.google.com/search?q=%E3%83%87%E3%82%A4%E3%82%B5%E3%83%BC%E3%83%93%E3%82%B9%E8%8F%AF%20%E6%A0%97%E6%9D%B1%E5%B8%82
東和デイサービス大宝の家,地域密着型デイサービス,滋賀県,栗東市,"介護,地域密着型デイサービス",日中に通って食事・入浴・機能訓練・見守りなどを受けるサービスです。,http://towa-care.net/,綣8丁目19-31,077-551-0456,厚生労働省オープンデータ,https://www.mhlw.go.jp/content/12300000/jigyosho_780.csv,2025-12末,https://www.google.com/search?q=%E6%9D%B1%E5%92%8C%E3%83%87%E3%82%A4%E3%82%B5%E3%83%BC%E3%83%93%E3%82%B9%E5%A4%A7%E5%AE%9D%E3%81%AE%E5%AE%B6%20%E6%A0%97%E6%9D%B1%E5%B8%82
デイサービスセンターこんぜの郷,地域密着型デイサービス,滋賀県,栗東市,"介護,地域密着型デイサービス",日中に通って食事・入浴・機能訓練・見守りなどを受けるサービスです。,http://www.hachikikai.com,滋賀県栗東市御園2025番地2,0775580056,厚生労働省オープンデータ,https://www.mhlw.go.jp/content/12300000/jigyosho_780.csv,2025-12末,https://www.google.com/search?q=%E3%83%87%E3%82%A4%E3%82%B5%E3%83%BC%E3%83%93%E3%82%B9%E3%82%BB%E3%83%B3%E3%82%BF%E3%83%BC%E3%81%93%E3%82%93%E3%81%9C%E3%81%AE%E9%83%B7%20%E6%A0%97%E6%9D%B1%E5%B8%82
多世代型通所事業所　志,地域密着型デイサービス,滋賀県,栗東市,"介護,地域密着型デイサービス",日中に通って食事・入浴・機能訓練・見守りなどを受けるサービスです。,https://www.kokorozashi1003.com/index.html,滋賀県栗東市御園1016-11F,077-575-4222,厚生労働省オープンデータ,https://www.mhlw.go.jp/content/12300000/jigyosho_780.csv,2025-12末,https://www.google.com/search?q=%E5%A4%9A%E4%B8%96%E4%BB%A3%E5%9E%8B%E9%80%9A%E6%89%80%E4%BA%8B%E6%A5%AD%E6%89%80%E3%80%80%E5%BF%97%20%E6%A0%97%E6%9D%B1%E5%B8%82
栗東リハビリテーションセンターゆたか,地域密着型デイサービス,滋賀県,栗東市,"介護,地域密着型デイサービス",日中に通って食事・入浴・機能訓練・見守りなどを受けるサービスです。,https://hp.kaipoke.biz/f25/,滋賀県栗東市北中小路27-1,077-553-4605,厚生労働省オープンデータ,https://www.mhlw.go.jp/content/12300000/jigyosho_780.csv,2025-12末,https://www.google.com/search?q=%E6%A0%97%E6%9D%B1%E3%83%AA%E3%83%8F%E3%83%93%E3%83%AA%E3%83%86%E3%83%BC%E3%82%B7%E3%83%A7%E3%83%B3%E3%82%BB%E3%83%B3%E3%82%BF%E3%83%BC%E3%82%86%E3%81%9F%E3%81%8B%20%E6%A0%97%E6%9D%B1%E5%B8%82
リハプライド栗東,地域密着型デイサービス,滋賀県,栗東市,"介護,地域密着型デイサービス",日中に通って食事・入浴・機能訓練・見守りなどを受けるサービスです。,https://www.rehapride.co.jp/moriyama/,滋賀県栗東市川辺201-4,077-576-7515,厚生労働省オープンデータ,https://www.mhlw.go.jp/content/12300000/jigyosho_780.csv,2025-12末,https://www.google.com/search?q=%E3%83%AA%E3%83%8F%E3%83%97%E3%83%A9%E3%82%A4%E3%83%89%E6%A0%97%E6%9D%B1%20%E6%A0%97%E6%9D%B1%E5%B8%82
デイサービス　リハビリサポート結,地域密着型デイサービス,滋賀県,栗東市,"介護,地域密着型デイサービス",日中に通って食事・入浴・機能訓練・見守りなどを受けるサービスです。,https://www.google.com/search?q=%E3%83%87%E3%82%A4%E3%82%B5%E3%83%BC%E3%83%93%E3%82%B9%E3%80%80%E3%83%AA%E3%83%8F%E3%83%93%E3%83%AA%E3%82%B5%E3%83%9D%E3%83%BC%E3%83%88%E7%B5%90%20%E6%A0%97%E6%9D%B1%E5%B8%82,下鈎878-1ＨＡＴ’ｓ101号室,077-574-8448,厚生労働省オープンデータ,https://www.mhlw.go.jp/content/12300000/jigyosho_780.csv,2025-12末,https://www.google.com/search?q=%E3%83%87%E3%82%A4%E3%82%B5%E3%83%BC%E3%83%93%E3%82%B9%E3%80%80%E3%83%AA%E3%83%8F%E3%83%93%E3%83%AA%E3%82%B5%E3%83%9D%E3%83%BC%E3%83%88%E7%B5%90%20%E6%A0%97%E6%9D%B1%E5%B8%82
デイサービス　赤とんぼ,地域密着型デイサービス,滋賀県,栗東市,"介護,地域密着型デイサービス",日中に通って食事・入浴・機能訓練・見守りなどを受けるサービスです。,http://hp.kaipoke.biz/r99/,手原6-6-35,077-554-2110,厚生労働省オープンデータ,https://www.mhlw.go.jp/content/12300000/jigyosho_780.csv,2025-12末,https://www.google.com/search?q=%E3%83%87%E3%82%A4%E3%82%B5%E3%83%BC%E3%83%93%E3%82%B9%E3%80%80%E8%B5%A4%E3%81%A8%E3%82%93%E3%81%BC%20%E6%A0%97%E6%9D%B1%E5%B8%82
ＮＰＯしがらきデイセンター,地域密着型デイサービス,滋賀県,甲賀市,"介護,地域密着型デイサービス",日中に通って食事・入浴・機能訓練・見守りなどを受けるサービスです。,https://npominakuchi.jp/,滋賀県甲賀市信楽町江田６６－４,0748-64-1021,厚生労働省オープンデータ,https://www.mhlw.go.jp/content/12300000/jigyosho_780.csv,2025-12末,https://www.google.com/search?q=%EF%BC%AE%EF%BC%B0%EF%BC%AF%E3%81%97%E3%81%8C%E3%82%89%E3%81%8D%E3%83%87%E3%82%A4%E3%82%BB%E3%83%B3%E3%82%BF%E3%83%BC%20%E7%94%B2%E8%B3%80%E5%B8%82
レッツ倶楽部たかはし信楽,地域密着型デイサービス,滋賀県,甲賀市,"介護,地域密着型デイサービス",日中に通って食事・入浴・機能訓練・見守りなどを受けるサービスです。,https://www.lets-club.jp/shop/takahashi-shigaraki/,滋賀県甲賀市信楽町牧1520-1,0748-60-7413,厚生労働省オープンデータ,https://www.mhlw.go.jp/content/12300000/jigyosho_780.csv,2025-12末,https://www.google.com/search?q=%E3%83%AC%E3%83%83%E3%83%84%E5%80%B6%E6%A5%BD%E9%83%A8%E3%81%9F%E3%81%8B%E3%81%AF%E3%81%97%E4%BF%A1%E6%A5%BD%20%E7%94%B2%E8%B3%80%E5%B8%82
デイサービスみどり水口,地域密着型デイサービス,滋賀県,甲賀市,"介護,地域密着型デイサービス",日中に通って食事・入浴・機能訓練・見守りなどを受けるサービスです。,https://www.google.com/search?q=%E3%83%87%E3%82%A4%E3%82%B5%E3%83%BC%E3%83%93%E3%82%B9%E3%81%BF%E3%81%A9%E3%82%8A%E6%B0%B4%E5%8F%A3%20%E7%94%B2%E8%B3%80%E5%B8%82,滋賀県甲賀市水口町牛飼395--11,0748－78－0215,厚生労働省オープンデータ,https://www.mhlw.go.jp/content/12300000/jigyosho_780.csv,2025-12末,https://www.google.com/search?q=%E3%83%87%E3%82%A4%E3%82%B5%E3%83%BC%E3%83%93%E3%82%B9%E3%81%BF%E3%81%A9%E3%82%8A%E6%B0%B4%E5%8F%A3%20%E7%94%B2%E8%B3%80%E5%B8%82
ＪＡゆうハートリハステージほそはら,地域密着型デイサービス,滋賀県,甲賀市,"介護,地域密着型デイサービス",日中に通って食事・入浴・機能訓練・見守りなどを受けるサービスです。,https://www.google.com/search?q=%EF%BC%AA%EF%BC%A1%E3%82%86%E3%81%86%E3%83%8F%E3%83%BC%E3%83%88%E3%83%AA%E3%83%8F%E3%82%B9%E3%83%86%E3%83%BC%E3%82%B8%E3%81%BB%E3%81%9D%E3%81%AF%E3%82%89%20%E7%94%B2%E8%B3%80%E5%B8%82,滋賀県甲賀市信楽町柞原793,0748-70-6455,厚生労働省オープンデータ,https://www.mhlw.go.jp/content/12300000/jigyosho_780.csv,2025-12末,https://www.google.com/search?q=%EF%BC%AA%EF%BC%A1%E3%82%86%E3%81%86%E3%83%8F%E3%83%BC%E3%83%88%E3%83%AA%E3%83%8F%E3%82%B9%E3%83%86%E3%83%BC%E3%82%B8%E3%81%BB%E3%81%9D%E3%81%AF%E3%82%89%20%E7%94%B2%E8%B3%80%E5%B8%82
デイサービス董花庵,地域密着型デイサービス,滋賀県,甲賀市,"介護,地域密着型デイサービス",日中に通って食事・入浴・機能訓練・見守りなどを受けるサービスです。,https://www.google.com/search?q=%E3%83%87%E3%82%A4%E3%82%B5%E3%83%BC%E3%83%93%E3%82%B9%E8%91%A3%E8%8A%B1%E5%BA%B5%20%E7%94%B2%E8%B3%80%E5%B8%82,水口町城内８番１号,0748-76-4375,厚生労働省オープンデータ,https://www.mhlw.go.jp/content/12300000/jigyosho_780.csv,2025-12末,https://www.google.com/search?q=%E3%83%87%E3%82%A4%E3%82%B5%E3%83%BC%E3%83%93%E3%82%B9%E8%91%A3%E8%8A%B1%E5%BA%B5%20%E7%94%B2%E8%B3%80%E5%B8%82
デイサービスすみれ弐番館,地域密着型デイサービス,滋賀県,甲賀市,"介護,地域密着型デイサービス",日中に通って食事・入浴・機能訓練・見守りなどを受けるサービスです。,https://www.google.com/search?q=%E3%83%87%E3%82%A4%E3%82%B5%E3%83%BC%E3%83%93%E3%82%B9%E3%81%99%E3%81%BF%E3%82%8C%E5%BC%90%E7%95%AA%E9%A4%A8%20%E7%94%B2%E8%B3%80%E5%B8%82,水口町城内４番９号,748-76-4375,厚生労働省オープンデータ,https://www.mhlw.go.jp/content/12300000/jigyosho_780.csv,2025-12末,https://www.google.com/search?q=%E3%83%87%E3%82%A4%E3%82%B5%E3%83%BC%E3%83%93%E3%82%B9%E3%81%99%E3%81%BF%E3%82%8C%E5%BC%90%E7%95%AA%E9%A4%A8%20%E7%94%B2%E8%B3%80%E5%B8%82
デイサービスセンター四季の里,地域密着型デイサービス,滋賀県,甲賀市,"介護,地域密着型デイサービス",日中に通って食事・入浴・機能訓練・見守りなどを受けるサービスです。,http://www.d-shikinosato.com,滋賀県甲賀市甲賀町隠岐２１７７番地四季の里,0748-88-8363,厚生労働省オープンデータ,https://www.mhlw.go.jp/content/12300000/jigyosho_780.csv,2025-12末,https://www.google.com/search?q=%E3%83%87%E3%82%A4%E3%82%B5%E3%83%BC%E3%83%93%E3%82%B9%E3%82%BB%E3%83%B3%E3%82%BF%E3%83%BC%E5%9B%9B%E5%AD%A3%E3%81%AE%E9%87%8C%20%E7%94%B2%E8%B3%80%E5%B8%82
デイサービスみどり水口,地域密着型デイサービス,滋賀県,甲賀市,"介護,地域密着型デイサービス",日中に通って食事・入浴・機能訓練・見守りなどを受けるサービスです。,https://www.google.com/search?q=%E3%83%87%E3%82%A4%E3%82%B5%E3%83%BC%E3%83%93%E3%82%B9%E3%81%BF%E3%81%A9%E3%82%8A%E6%B0%B4%E5%8F%A3%20%E7%94%B2%E8%B3%80%E5%B8%82,滋賀県甲賀市水口町牛飼395-11,0748-78-0215,厚生労働省オープンデータ,https://www.mhlw.go.jp/content/12300000/jigyosho_780.csv,2025-12末,https://www.google.com/search?q=%E3%83%87%E3%82%A4%E3%82%B5%E3%83%BC%E3%83%93%E3%82%B9%E3%81%BF%E3%81%A9%E3%82%8A%E6%B0%B4%E5%8F%A3%20%E7%94%B2%E8%B3%80%E5%B8%82
甲賀荘デイサービスセンター,地域密着型デイサービス,滋賀県,甲賀市,"介護,地域密着型デイサービス",日中に通って食事・入浴・機能訓練・見守りなどを受けるサービスです。,https://kougakai.org/,甲賀市甲賀町大原中904,0748-88-5723,厚生労働省オープンデータ,https://www.mhlw.go.jp/content/12300000/jigyosho_780.csv,2025-12末,https://www.google.com/search?q=%E7%94%B2%E8%B3%80%E8%8D%98%E3%83%87%E3%82%A4%E3%82%B5%E3%83%BC%E3%83%93%E3%82%B9%E3%82%BB%E3%83%B3%E3%82%BF%E3%83%BC%20%E7%94%B2%E8%B3%80%E5%B8%82
デイサービスセンター　みなくち　みんなの家,地域密着型デイサービス,滋賀県,甲賀市,"介護,地域密着型デイサービス",日中に通って食事・入浴・機能訓練・見守りなどを受けるサービスです。,http://chiiroba.jp,水口町本丸2-54,0748-76-3091,厚生労働省オープンデータ,https://www.mhlw.go.jp/content/12300000/jigyosho_780.csv,2025-12末,https://www.google.com/search?q=%E3%83%87%E3%82%A4%E3%82%B5%E3%83%BC%E3%83%93%E3%82%B9%E3%82%BB%E3%83%B3%E3%82%BF%E3%83%BC%E3%80%80%E3%81%BF%E3%81%AA%E3%81%8F%E3%81%A1%E3%80%80%E3%81%BF%E3%82%93%E3%81%AA%E3%81%AE%E5%AE%B6%20%E7%94%B2%E8%B3%80%E5%B8%82
ひなたぼっこ　げんき,地域密着型デイサービス,滋賀県,甲賀市,"介護,地域密着型デイサービス",日中に通って食事・入浴・機能訓練・見守りなどを受けるサービスです。,http://hinata-bokko.org,滋賀県甲賀市水口町本綾野566番地の1,0748-78-0278,厚生労働省オープンデータ,https://www.mhlw.go.jp/content/12300000/jigyosho_780.csv,2025-12末,https://www.google.com/search?q=%E3%81%B2%E3%81%AA%E3%81%9F%E3%81%BC%E3%81%A3%E3%81%93%E3%80%80%E3%81%92%E3%82%93%E3%81%8D%20%E7%94%B2%E8%B3%80%E5%B8%82
ひなたぼっこかつらぎ,地域密着型デイサービス,滋賀県,甲賀市,"介護,地域密着型デイサービス",日中に通って食事・入浴・機能訓練・見守りなどを受けるサービスです。,https://hinata-bokko.org,滋賀県甲賀市甲南町葛木398番地,0748-86-8875,厚生労働省オープンデータ,https://www.mhlw.go.jp/content/12300000/jigyosho_780.csv,2025-12末,https://www.google.com/search?q=%E3%81%B2%E3%81%AA%E3%81%9F%E3%81%BC%E3%81%A3%E3%81%93%E3%81%8B%E3%81%A4%E3%82%89%E3%81%8E%20%E7%94%B2%E8%B3%80%E5%B8%82
樹の郷デイサービスセンター,地域密着型デイサービス,滋賀県,甲賀市,"介護,地域密着型デイサービス",日中に通って食事・入浴・機能訓練・見守りなどを受けるサービスです。,http://www.shigaraki-itsuki.com/index.html,甲賀市水口町山3309,0748-63-2900,厚生労働省オープンデータ,https://www.mhlw.go.jp/content/12300000/jigyosho_780.csv,2025-12末,https://www.google.com/search?q=%E6%A8%B9%E3%81%AE%E9%83%B7%E3%83%87%E3%82%A4%E3%82%B5%E3%83%BC%E3%83%93%E3%82%B9%E3%82%BB%E3%83%B3%E3%82%BF%E3%83%BC%20%E7%94%B2%E8%B3%80%E5%B8%82
がんばるステーション,地域密着型デイサービス,滋賀県,甲賀市,"介護,地域密着型デイサービス",日中に通って食事・入浴・機能訓練・見守りなどを受けるサービスです。,https://www.google.com/search?q=%E3%81%8C%E3%82%93%E3%81%B0%E3%82%8B%E3%82%B9%E3%83%86%E3%83%BC%E3%82%B7%E3%83%A7%E3%83%B3%20%E7%94%B2%E8%B3%80%E5%B8%82,水口町南林口１７,0748-62-0263,厚生労働省オープンデータ,https://www.mhlw.go.jp/content/12300000/jigyosho_780.csv,2025-12末,https://www.google.com/search?q=%E3%81%8C%E3%82%93%E3%81%B0%E3%82%8B%E3%82%B9%E3%83%86%E3%83%BC%E3%82%B7%E3%83%A7%E3%83%B3%20%E7%94%B2%E8%B3%80%E5%B8%82
しゃかいふくしほうじん　あいしんかい　はないちご,地域密着型デイサービス,滋賀県,甲賀市,"介護,地域密着型デイサービス",日中に通って食事・入浴・機能訓練・見守りなどを受けるサービスです。,https://r.goope.jp/shion/free/kessankoukoku,滋賀県甲賀市水口町北泉二丁目７１番地,0748-63-1161,厚生労働省オープンデータ,https://www.mhlw.go.jp/content/12300000/jigyosho_780.csv,2025-12末,https://www.google.com/search?q=%E3%81%97%E3%82%83%E3%81%8B%E3%81%84%E3%81%B5%E3%81%8F%E3%81%97%E3%81%BB%E3%81%86%E3%81%98%E3%82%93%E3%80%80%E3%81%82%E3%81%84%E3%81%97%E3%82%93%E3%81%8B%E3%81%84%E3%80%80%E3%81%AF%E3%81%AA%E3%81%84%E3%81%A1%E3%81%94%20%E7%94%B2%E8%B3%80%E5%B8%82
デイサービス　あっちゃん家,地域密着型デイサービス,滋賀県,野洲市,"介護,地域密着型デイサービス",日中に通って食事・入浴・機能訓練・見守りなどを受けるサービスです。,https://www.google.com/search?q=%E3%83%87%E3%82%A4%E3%82%B5%E3%83%BC%E3%83%93%E3%82%B9%E3%80%80%E3%81%82%E3%81%A3%E3%81%A1%E3%82%83%E3%82%93%E5%AE%B6%20%E9%87%8E%E6%B4%B2%E5%B8%82,冨波乙311-2,077-586-7273,厚生労働省オープンデータ,https://www.mhlw.go.jp/content/12300000/jigyosho_780.csv,2025-12末,https://www.google.com/search?q=%E3%83%87%E3%82%A4%E3%82%B5%E3%83%BC%E3%83%93%E3%82%B9%E3%80%80%E3%81%82%E3%81%A3%E3%81%A1%E3%82%83%E3%82%93%E5%AE%B6%20%E9%87%8E%E6%B4%B2%E5%B8%82
のどかの家長島,地域密着型デイサービス,滋賀県,野洲市,"介護,地域密着型デイサービス",日中に通って食事・入浴・機能訓練・見守りなどを受けるサービスです。,http://www.eonet.ne.jp/~nodokanoie/,滋賀県野洲市長島６０６－２,077-587-4530,厚生労働省オープンデータ,https://www.mhlw.go.jp/content/12300000/jigyosho_780.csv,2025-12末,https://www.google.com/search?q=%E3%81%AE%E3%81%A9%E3%81%8B%E3%81%AE%E5%AE%B6%E9%95%B7%E5%B3%B6%20%E9%87%8E%E6%B4%B2%E5%B8%82
プチ・トマト堤地域密着型通所介護事業所,地域密着型デイサービス,滋賀県,野洲市,"介護,地域密着型デイサービス",日中に通って食事・入浴・機能訓練・見守りなどを受けるサービスです。,http://www.yuusuge.co.jp/,滋賀県野洲市堤323-8,077-589-6647,厚生労働省オープンデータ,https://www.mhlw.go.jp/content/12300000/jigyosho_780.csv,2025-12末,https://www.google.com/search?q=%E3%83%97%E3%83%81%E3%83%BB%E3%83%88%E3%83%9E%E3%83%88%E5%A0%A4%E5%9C%B0%E5%9F%9F%E5%AF%86%E7%9D%80%E5%9E%8B%E9%80%9A%E6%89%80%E4%BB%8B%E8%AD%B7%E4%BA%8B%E6%A5%AD%E6%89%80%20%E9%87%8E%E6%B4%B2%E5%B8%82
共生型デイサービス芽ばえ,地域密着型デイサービス,滋賀県,野洲市,"介護,地域密着型デイサービス",日中に通って食事・入浴・機能訓練・見守りなどを受けるサービスです。,https://www.fukurou-care.com/,滋賀県野洲市小南1876番地,077-535-0914,厚生労働省オープンデータ,https://www.mhlw.go.jp/content/12300000/jigyosho_780.csv,2025-12末,https://www.google.com/search?q=%E5%85%B1%E7%94%9F%E5%9E%8B%E3%83%87%E3%82%A4%E3%82%B5%E3%83%BC%E3%83%93%E3%82%B9%E8%8A%BD%E3%81%B0%E3%81%88%20%E9%87%8E%E6%B4%B2%E5%B8%82
のどかの家高木,地域密着型デイサービス,滋賀県,野洲市,"介護,地域密着型デイサービス",日中に通って食事・入浴・機能訓練・見守りなどを受けるサービスです。,http://www.eonet.ne.jp/~nodokanoie/,滋賀県野洲市高木７３７,077-587-4561,厚生労働省オープンデータ,https://www.mhlw.go.jp/content/12300000/jigyosho_780.csv,2025-12末,https://www.google.com/search?q=%E3%81%AE%E3%81%A9%E3%81%8B%E3%81%AE%E5%AE%B6%E9%AB%98%E6%9C%A8%20%E9%87%8E%E6%B4%B2%E5%B8%82
のどかの家大篠原,地域密着型デイサービス,滋賀県,野洲市,"介護,地域密着型デイサービス",日中に通って食事・入浴・機能訓練・見守りなどを受けるサービスです。,http://www.eonet.ne.jp/~nodokanoie/,滋賀県野洲市大篠原２９７９,077-587-2477,厚生労働省オープンデータ,https://www.mhlw.go.jp/content/12300000/jigyosho_780.csv,2025-12末,https://www.google.com/search?q=%E3%81%AE%E3%81%A9%E3%81%8B%E3%81%AE%E5%AE%B6%E5%A4%A7%E7%AF%A0%E5%8E%9F%20%E9%87%8E%E6%B4%B2%E5%B8%82
デイサービスセンター　ほほえみ,地域密着型デイサービス,滋賀県,野洲市,"介護,地域密着型デイサービス",日中に通って食事・入浴・機能訓練・見守りなどを受けるサービスです。,http://www.hohoemi-hohoemi.com/,滋賀県野洲市吉地419番地,077-575-5547,厚生労働省オープンデータ,https://www.mhlw.go.jp/content/12300000/jigyosho_780.csv,2025-12末,https://www.google.com/search?q=%E3%83%87%E3%82%A4%E3%82%B5%E3%83%BC%E3%83%93%E3%82%B9%E3%82%BB%E3%83%B3%E3%82%BF%E3%83%BC%E3%80%80%E3%81%BB%E3%81%BB%E3%81%88%E3%81%BF%20%E9%87%8E%E6%B4%B2%E5%B8%82
デイサービスセンターほほえみプラス,地域密着型デイサービス,滋賀県,野洲市,"介護,地域密着型デイサービス",日中に通って食事・入浴・機能訓練・見守りなどを受けるサービスです。,http://www.hohoemi-hohoemi.com/,久野部138-7サントピアビル1-Ｃ,077-518-2533,厚生労働省オープンデータ,https://www.mhlw.go.jp/content/12300000/jigyosho_780.csv,2025-12末,https://www.google.com/search?q=%E3%83%87%E3%82%A4%E3%82%B5%E3%83%BC%E3%83%93%E3%82%B9%E3%82%BB%E3%83%B3%E3%82%BF%E3%83%BC%E3%81%BB%E3%81%BB%E3%81%88%E3%81%BF%E3%83%97%E3%83%A9%E3%82%B9%20%E9%87%8E%E6%B4%B2%E5%B8%82
アクティブ野洲,地域密着型デイサービス,滋賀県,野洲市,"介護,地域密着型デイサービス",日中に通って食事・入浴・機能訓練・見守りなどを受けるサービスです。,http://activeoumi.web.fc2.com/,滋賀県野洲市冨波乙712-12,077-587-1055,厚生労働省オープンデータ,https://www.mhlw.go.jp/content/12300000/jigyosho_780.csv,2025-12末,https://www.google.com/search?q=%E3%82%A2%E3%82%AF%E3%83%86%E3%82%A3%E3%83%96%E9%87%8E%E6%B4%B2%20%E9%87%8E%E6%B4%B2%E5%B8%82
ライブリースペース　ＣＯＣＯＲＯ祇王,地域密着型デイサービス,滋賀県,野洲市,"介護,地域密着型デイサービス",日中に通って食事・入浴・機能訓練・見守りなどを受けるサービスです。,http://k-aimu.co.jp,滋賀県野洲市冨波乙176,077-518-1008,厚生労働省オープンデータ,https://www.mhlw.go.jp/content/12300000/jigyosho_780.csv,2025-12末,https://www.google.com/search?q=%E3%83%A9%E3%82%A4%E3%83%96%E3%83%AA%E3%83%BC%E3%82%B9%E3%83%9A%E3%83%BC%E3%82%B9%E3%80%80%EF%BC%A3%EF%BC%AF%EF%BC%A3%EF%BC%AF%EF%BC%B2%EF%BC%AF%E7%A5%87%E7%8E%8B%20%E9%87%8E%E6%B4%B2%E5%B8%82
野洲篠原デイサービス,地域密着型デイサービス,滋賀県,野洲市,"介護,地域密着型デイサービス",日中に通って食事・入浴・機能訓練・見守りなどを受けるサービスです。,https://shinohara-sumire-en.com/,滋賀県野洲市大篠原951番地1,077-596-5991,厚生労働省オープンデータ,https://www.mhlw.go.jp/content/12300000/jigyosho_780.csv,2025-12末,https://www.google.com/search?q=%E9%87%8E%E6%B4%B2%E7%AF%A0%E5%8E%9F%E3%83%87%E3%82%A4%E3%82%B5%E3%83%BC%E3%83%93%E3%82%B9%20%E9%87%8E%E6%B4%B2%E5%B8%82
やすリハビリセンター,地域密着型デイサービス,滋賀県,野洲市,"介護,地域密着型デイサービス",日中に通って食事・入浴・機能訓練・見守りなどを受けるサービスです。,https://www.google.com/search?q=%E3%82%84%E3%81%99%E3%83%AA%E3%83%8F%E3%83%93%E3%83%AA%E3%82%BB%E3%83%B3%E3%82%BF%E3%83%BC%20%E9%87%8E%E6%B4%B2%E5%B8%82,滋賀県野洲市小篠原1570-5,077-587-5188,厚生労働省オープンデータ,https://www.mhlw.go.jp/content/12300000/jigyosho_780.csv,2025-12末,https://www.google.com/search?q=%E3%82%84%E3%81%99%E3%83%AA%E3%83%8F%E3%83%93%E3%83%AA%E3%82%BB%E3%83%B3%E3%82%BF%E3%83%BC%20%E9%87%8E%E6%B4%B2%E5%B8%82
デイサービスセンターらく,地域密着型デイサービス,滋賀県,湖南市,"介護,地域密着型デイサービス",日中に通って食事・入浴・機能訓練・見守りなどを受けるサービスです。,http://www.glow.or.jp/,滋賀県湖南市西峰町1-1,0748-75-7196,厚生労働省オープンデータ,https://www.mhlw.go.jp/content/12300000/jigyosho_780.csv,2025-12末,https://www.google.com/search?q=%E3%83%87%E3%82%A4%E3%82%B5%E3%83%BC%E3%83%93%E3%82%B9%E3%82%BB%E3%83%B3%E3%82%BF%E3%83%BC%E3%82%89%E3%81%8F%20%E6%B9%96%E5%8D%97%E5%B8%82
さつきデイサービスセンター,地域密着型デイサービス,滋賀県,湖南市,"介護,地域密着型デイサービス",日中に通って食事・入浴・機能訓練・見守りなどを受けるサービスです。,http://ikuta-hospital.com/satuki-ds,中央二丁目125番地,0748-71-3157,厚生労働省オープンデータ,https://www.mhlw.go.jp/content/12300000/jigyosho_780.csv,2025-12末,https://www.google.com/search?q=%E3%81%95%E3%81%A4%E3%81%8D%E3%83%87%E3%82%A4%E3%82%B5%E3%83%BC%E3%83%93%E3%82%B9%E3%82%BB%E3%83%B3%E3%82%BF%E3%83%BC%20%E6%B9%96%E5%8D%97%E5%B8%82
デイケアの家おしどり,地域密着型デイサービス,滋賀県,湖南市,"介護,地域密着型デイサービス",日中に通って食事・入浴・機能訓練・見守りなどを受けるサービスです。,https://www.google.com/search?q=%E3%83%87%E3%82%A4%E3%82%B1%E3%82%A2%E3%81%AE%E5%AE%B6%E3%81%8A%E3%81%97%E3%81%A9%E3%82%8A%20%E6%B9%96%E5%8D%97%E5%B8%82,滋賀県湖南市サイドタウン3-16-72,0748-74-0005,厚生労働省オープンデータ,https://www.mhlw.go.jp/content/12300000/jigyosho_780.csv,2025-12末,https://www.google.com/search?q=%E3%83%87%E3%82%A4%E3%82%B1%E3%82%A2%E3%81%AE%E5%AE%B6%E3%81%8A%E3%81%97%E3%81%A9%E3%82%8A%20%E6%B9%96%E5%8D%97%E5%B8%82
ゆめとまの家おしどり,地域密着型デイサービス,滋賀県,湖南市,"介護,地域密着型デイサービス",日中に通って食事・入浴・機能訓練・見守りなどを受けるサービスです。,http://chiiroba.jp,滋賀県湖南市サイドタウン３丁目8-33,0748-74-8880,厚生労働省オープンデータ,https://www.mhlw.go.jp/content/12300000/jigyosho_780.csv,2025-12末,https://www.google.com/search?q=%E3%82%86%E3%82%81%E3%81%A8%E3%81%BE%E3%81%AE%E5%AE%B6%E3%81%8A%E3%81%97%E3%81%A9%E3%82%8A%20%E6%B9%96%E5%8D%97%E5%B8%82
リハビリデイサービス　いきいき下田,地域密着型デイサービス,滋賀県,湖南市,"介護,地域密着型デイサービス",日中に通って食事・入浴・機能訓練・見守りなどを受けるサービスです。,https://www.ikik-simoda.com,滋賀県湖南市下田4171番地3,0748-75-0375,厚生労働省オープンデータ,https://www.mhlw.go.jp/content/12300000/jigyosho_780.csv,2025-12末,https://www.google.com/search?q=%E3%83%AA%E3%83%8F%E3%83%93%E3%83%AA%E3%83%87%E3%82%A4%E3%82%B5%E3%83%BC%E3%83%93%E3%82%B9%E3%80%80%E3%81%84%E3%81%8D%E3%81%84%E3%81%8D%E4%B8%8B%E7%94%B0%20%E6%B9%96%E5%8D%97%E5%B8%82
いく歩デイサービス近江今津,地域密着型デイサービス,滋賀県,高島市,"介護,地域密着型デイサービス",日中に通って食事・入浴・機能訓練・見守りなどを受けるサービスです。,https://www.google.com/search?q=%E3%81%84%E3%81%8F%E6%AD%A9%E3%83%87%E3%82%A4%E3%82%B5%E3%83%BC%E3%83%93%E3%82%B9%E8%BF%91%E6%B1%9F%E4%BB%8A%E6%B4%A5%20%E9%AB%98%E5%B3%B6%E5%B8%82,今津町弘川１５２０－３,0740－24－7070,厚生労働省オープンデータ,https://www.mhlw.go.jp/content/12300000/jigyosho_780.csv,2025-12末,https://www.google.com/search?q=%E3%81%84%E3%81%8F%E6%AD%A9%E3%83%87%E3%82%A4%E3%82%B5%E3%83%BC%E3%83%93%E3%82%B9%E8%BF%91%E6%B1%9F%E4%BB%8A%E6%B4%A5%20%E9%AB%98%E5%B3%B6%E5%B8%82
おうみの里マキノデイサービスセンター,地域密着型デイサービス,滋賀県,高島市,"介護,地域密着型デイサービス",日中に通って食事・入浴・機能訓練・見守りなどを受けるサービスです。,https://www.google.com/search?q=%E3%81%8A%E3%81%86%E3%81%BF%E3%81%AE%E9%87%8C%E3%83%9E%E3%82%AD%E3%83%8E%E3%83%87%E3%82%A4%E3%82%B5%E3%83%BC%E3%83%93%E3%82%B9%E3%82%BB%E3%83%B3%E3%82%BF%E3%83%BC%20%E9%AB%98%E5%B3%B6%E5%B8%82,滋賀県高島市マキノ町西浜748-2,0740-20-2177,厚生労働省オープンデータ,https://www.mhlw.go.jp/content/12300000/jigyosho_780.csv,2025-12末,https://www.google.com/search?q=%E3%81%8A%E3%81%86%E3%81%BF%E3%81%AE%E9%87%8C%E3%83%9E%E3%82%AD%E3%83%8E%E3%83%87%E3%82%A4%E3%82%B5%E3%83%BC%E3%83%93%E3%82%B9%E3%82%BB%E3%83%B3%E3%82%BF%E3%83%BC%20%E9%AB%98%E5%B3%B6%E5%B8%82
リハビリステーションオアフ,地域密着型デイサービス,滋賀県,高島市,"介護,地域密着型デイサービス",日中に通って食事・入浴・機能訓練・見守りなどを受けるサービスです。,https://www.google.com/search?q=%E3%83%AA%E3%83%8F%E3%83%93%E3%83%AA%E3%82%B9%E3%83%86%E3%83%BC%E3%82%B7%E3%83%A7%E3%83%B3%E3%82%AA%E3%82%A2%E3%83%95%20%E9%AB%98%E5%B3%B6%E5%B8%82,滋賀県高島市朽木市場875-1,080-9165-7864,厚生労働省オープンデータ,https://www.mhlw.go.jp/content/12300000/jigyosho_780.csv,2025-12末,https://www.google.com/search?q=%E3%83%AA%E3%83%8F%E3%83%93%E3%83%AA%E3%82%B9%E3%83%86%E3%83%BC%E3%82%B7%E3%83%A7%E3%83%B3%E3%82%AA%E3%82%A2%E3%83%95%20%E9%AB%98%E5%B3%B6%E5%B8%82
デイサービスセンターじゃがいもの家,地域密着型デイサービス,滋賀県,高島市,"介護,地域密着型デイサービス",日中に通って食事・入浴・機能訓練・見守りなどを受けるサービスです。,https://www.google.com/search?q=%E3%83%87%E3%82%A4%E3%82%B5%E3%83%BC%E3%83%93%E3%82%B9%E3%82%BB%E3%83%B3%E3%82%BF%E3%83%BC%E3%81%98%E3%82%83%E3%81%8C%E3%81%84%E3%82%82%E3%81%AE%E5%AE%B6%20%E9%AB%98%E5%B3%B6%E5%B8%82,滋賀県高島市マキノ町浦345番地,0740-28-8068,厚生労働省オープンデータ,https://www.mhlw.go.jp/content/12300000/jigyosho_780.csv,2025-12末,https://www.google.com/search?q=%E3%83%87%E3%82%A4%E3%82%B5%E3%83%BC%E3%83%93%E3%82%B9%E3%82%BB%E3%83%B3%E3%82%BF%E3%83%BC%E3%81%98%E3%82%83%E3%81%8C%E3%81%84%E3%82%82%E3%81%AE%E5%AE%B6%20%E9%AB%98%E5%B3%B6%E5%B8%82
デイサービスさくら,地域密着型デイサービス,滋賀県,高島市,"介護,地域密着型デイサービス",日中に通って食事・入浴・機能訓練・見守りなどを受けるサービスです。,kaorikai4123@yahoo.co.jp,滋賀県高島市新旭町藁園1326番地2,0740-25-8261,厚生労働省オープンデータ,https://www.mhlw.go.jp/content/12300000/jigyosho_780.csv,2025-12末,https://www.google.com/search?q=%E3%83%87%E3%82%A4%E3%82%B5%E3%83%BC%E3%83%93%E3%82%B9%E3%81%95%E3%81%8F%E3%82%89%20%E9%AB%98%E5%B3%B6%E5%B8%82
デイサービスひより遊庵,地域密着型デイサービス,滋賀県,高島市,"介護,地域密着型デイサービス",日中に通って食事・入浴・機能訓練・見守りなどを受けるサービスです。,https://www.google.com/search?q=%E3%83%87%E3%82%A4%E3%82%B5%E3%83%BC%E3%83%93%E3%82%B9%E3%81%B2%E3%82%88%E3%82%8A%E9%81%8A%E5%BA%B5%20%E9%AB%98%E5%B3%B6%E5%B8%82,滋賀県高島市新旭町北畑2-2-18,0740-20-9036,厚生労働省オープンデータ,https://www.mhlw.go.jp/content/12300000/jigyosho_780.csv,2025-12末,https://www.google.com/search?q=%E3%83%87%E3%82%A4%E3%82%B5%E3%83%BC%E3%83%93%E3%82%B9%E3%81%B2%E3%82%88%E3%82%8A%E9%81%8A%E5%BA%B5%20%E9%AB%98%E5%B3%B6%E5%B8%82
機能訓練デイサービス　ウォーク,地域密着型デイサービス,滋賀県,高島市,"介護,地域密着型デイサービス",日中に通って食事・入浴・機能訓練・見守りなどを受けるサービスです。,https://www.google.com/search?q=%E6%A9%9F%E8%83%BD%E8%A8%93%E7%B7%B4%E3%83%87%E3%82%A4%E3%82%B5%E3%83%BC%E3%83%93%E3%82%B9%E3%80%80%E3%82%A6%E3%82%A9%E3%83%BC%E3%82%AF%20%E9%AB%98%E5%B3%B6%E5%B8%82,滋賀県高島市勝野2245-9,0740-36-8103,厚生労働省オープンデータ,https://www.mhlw.go.jp/content/12300000/jigyosho_780.csv,2025-12末,https://www.google.com/search?q=%E6%A9%9F%E8%83%BD%E8%A8%93%E7%B7%B4%E3%83%87%E3%82%A4%E3%82%B5%E3%83%BC%E3%83%93%E3%82%B9%E3%80%80%E3%82%A6%E3%82%A9%E3%83%BC%E3%82%AF%20%E9%AB%98%E5%B3%B6%E5%B8%82
リハビリデイサービスひまわり,地域密着型デイサービス,滋賀県,高島市,"介護,地域密着型デイサービス",日中に通って食事・入浴・機能訓練・見守りなどを受けるサービスです。,https://www.google.com/search?q=%E3%83%AA%E3%83%8F%E3%83%93%E3%83%AA%E3%83%87%E3%82%A4%E3%82%B5%E3%83%BC%E3%83%93%E3%82%B9%E3%81%B2%E3%81%BE%E3%82%8F%E3%82%8A%20%E9%AB%98%E5%B3%B6%E5%B8%82,滋賀県高島市安曇川町田中299リハビリデイサービスひまわり,0740-20-4252,厚生労働省オープンデータ,https://www.mhlw.go.jp/content/12300000/jigyosho_780.csv,2025-12末,https://www.google.com/search?q=%E3%83%AA%E3%83%8F%E3%83%93%E3%83%AA%E3%83%87%E3%82%A4%E3%82%B5%E3%83%BC%E3%83%93%E3%82%B9%E3%81%B2%E3%81%BE%E3%82%8F%E3%82%8A%20%E9%AB%98%E5%B3%B6%E5%B8%82
デイサービス　より愛,地域密着型デイサービス,滋賀県,高島市,"介護,地域密着型デイサービス",日中に通って食事・入浴・機能訓練・見守りなどを受けるサービスです。,http://www.npo-genki.com,滋賀県高島市新旭町針江２９１,0740-25-5301,厚生労働省オープンデータ,https://www.mhlw.go.jp/content/12300000/jigyosho_780.csv,2025-12末,https://www.google.com/search?q=%E3%83%87%E3%82%A4%E3%82%B5%E3%83%BC%E3%83%93%E3%82%B9%E3%80%80%E3%82%88%E3%82%8A%E6%84%9B%20%E9%AB%98%E5%B3%B6%E5%B8%82
リハビリデイサービスほたる,地域密着型デイサービス,滋賀県,高島市,"介護,地域密着型デイサービス",日中に通って食事・入浴・機能訓練・見守りなどを受けるサービスです。,https://www.google.com/search?q=%E3%83%AA%E3%83%8F%E3%83%93%E3%83%AA%E3%83%87%E3%82%A4%E3%82%B5%E3%83%BC%E3%83%93%E3%82%B9%E3%81%BB%E3%81%9F%E3%82%8B%20%E9%AB%98%E5%B3%B6%E5%B8%82,滋賀県高島市鴨川平3丁目4番地９,0740-20-4052,厚生労働省オープンデータ,https://www.mhlw.go.jp/content/12300000/jigyosho_780.csv,2025-12末,https://www.google.com/search?q=%E3%83%AA%E3%83%8F%E3%83%93%E3%83%AA%E3%83%87%E3%82%A4%E3%82%B5%E3%83%BC%E3%83%93%E3%82%B9%E3%81%BB%E3%81%9F%E3%82%8B%20%E9%AB%98%E5%B3%B6%E5%B8%82
デイサービスセンター水車,地域密着型デイサービス,滋賀県,東近江市,"介護,地域密着型デイサービス",日中に通って食事・入浴・機能訓練・見守りなどを受けるサービスです。,https://www.google.com/search?q=%E3%83%87%E3%82%A4%E3%82%B5%E3%83%BC%E3%83%93%E3%82%B9%E3%82%BB%E3%83%B3%E3%82%BF%E3%83%BC%E6%B0%B4%E8%BB%8A%20%E6%9D%B1%E8%BF%91%E6%B1%9F%E5%B8%82,滋賀県東近江市垣見町725,0748-42-5300,厚生労働省オープンデータ,https://www.mhlw.go.jp/content/12300000/jigyosho_780.csv,2025-12末,https://www.google.com/search?q=%E3%83%87%E3%82%A4%E3%82%B5%E3%83%BC%E3%83%93%E3%82%B9%E3%82%BB%E3%83%B3%E3%82%BF%E3%83%BC%E6%B0%B4%E8%BB%8A%20%E6%9D%B1%E8%BF%91%E6%B1%9F%E5%B8%82
デイサービスセンター　陽だまり倶楽部,地域密着型デイサービス,滋賀県,東近江市,"介護,地域密着型デイサービス",日中に通って食事・入浴・機能訓練・見守りなどを受けるサービスです。,https://www.google.com/search?q=%E3%83%87%E3%82%A4%E3%82%B5%E3%83%BC%E3%83%93%E3%82%B9%E3%82%BB%E3%83%B3%E3%82%BF%E3%83%BC%E3%80%80%E9%99%BD%E3%81%A0%E3%81%BE%E3%82%8A%E5%80%B6%E6%A5%BD%E9%83%A8%20%E6%9D%B1%E8%BF%91%E6%B1%9F%E5%B8%82,滋賀県東近江市北花沢町１８１２,0749-45-3465,厚生労働省オープンデータ,https://www.mhlw.go.jp/content/12300000/jigyosho_780.csv,2025-12末,https://www.google.com/search?q=%E3%83%87%E3%82%A4%E3%82%B5%E3%83%BC%E3%83%93%E3%82%B9%E3%82%BB%E3%83%B3%E3%82%BF%E3%83%BC%E3%80%80%E9%99%BD%E3%81%A0%E3%81%BE%E3%82%8A%E5%80%B6%E6%A5%BD%E9%83%A8%20%E6%9D%B1%E8%BF%91%E6%B1%9F%E5%B8%82
デイサービスセンター楓,地域密着型デイサービス,滋賀県,東近江市,"介護,地域密着型デイサービス",日中に通って食事・入浴・機能訓練・見守りなどを受けるサービスです。,https://www.google.com/search?q=%E3%83%87%E3%82%A4%E3%82%B5%E3%83%BC%E3%83%93%E3%82%B9%E3%82%BB%E3%83%B3%E3%82%BF%E3%83%BC%E6%A5%93%20%E6%9D%B1%E8%BF%91%E6%B1%9F%E5%B8%82,宮川町２４４－４４４,０７４８－５５－５２２３,厚生労働省オープンデータ,https://www.mhlw.go.jp/content/12300000/jigyosho_780.csv,2025-12末,https://www.google.com/search?q=%E3%83%87%E3%82%A4%E3%82%B5%E3%83%BC%E3%83%93%E3%82%B9%E3%82%BB%E3%83%B3%E3%82%BF%E3%83%BC%E6%A5%93%20%E6%9D%B1%E8%BF%91%E6%B1%9F%E5%B8%82
菊水神郷デイサービスセンター,地域密着型デイサービス,滋賀県,東近江市,"介護,地域密着型デイサービス",日中に通って食事・入浴・機能訓練・見守りなどを受けるサービスです。,http://keisenkaikikusuien.com/,滋賀県東近江市神郷町1076-1,0748-43-0728,厚生労働省オープンデータ,https://www.mhlw.go.jp/content/12300000/jigyosho_780.csv,2025-12末,https://www.google.com/search?q=%E8%8F%8A%E6%B0%B4%E7%A5%9E%E9%83%B7%E3%83%87%E3%82%A4%E3%82%B5%E3%83%BC%E3%83%93%E3%82%B9%E3%82%BB%E3%83%B3%E3%82%BF%E3%83%BC%20%E6%9D%B1%E8%BF%91%E6%B1%9F%E5%B8%82
デイサービスおひさま,地域密着型デイサービス,滋賀県,東近江市,"介護,地域密着型デイサービス",日中に通って食事・入浴・機能訓練・見守りなどを受けるサービスです。,https://www.google.com/search?q=%E3%83%87%E3%82%A4%E3%82%B5%E3%83%BC%E3%83%93%E3%82%B9%E3%81%8A%E3%81%B2%E3%81%95%E3%81%BE%20%E6%9D%B1%E8%BF%91%E6%B1%9F%E5%B8%82,東近江市中小路町549番地4,0748-24-3106,厚生労働省オープンデータ,https://www.mhlw.go.jp/content/12300000/jigyosho_780.csv,2025-12末,https://www.google.com/search?q=%E3%83%87%E3%82%A4%E3%82%B5%E3%83%BC%E3%83%93%E3%82%B9%E3%81%8A%E3%81%B2%E3%81%95%E3%81%BE%20%E6%9D%B1%E8%BF%91%E6%B1%9F%E5%B8%82
でいサービスセンター年輪,地域密着型デイサービス,滋賀県,東近江市,"介護,地域密着型デイサービス",日中に通って食事・入浴・機能訓練・見守りなどを受けるサービスです。,http://www.e-nenrin.com/,東近江市市辺町3834,0748-20-3711,厚生労働省オープンデータ,https://www.mhlw.go.jp/content/12300000/jigyosho_780.csv,2025-12末,https://www.google.com/search?q=%E3%81%A7%E3%81%84%E3%82%B5%E3%83%BC%E3%83%93%E3%82%B9%E3%82%BB%E3%83%B3%E3%82%BF%E3%83%BC%E5%B9%B4%E8%BC%AA%20%E6%9D%B1%E8%BF%91%E6%B1%9F%E5%B8%82
和久わくライフデイサービスセンター,地域密着型デイサービス,滋賀県,東近江市,"介護,地域密着型デイサービス",日中に通って食事・入浴・機能訓練・見守りなどを受けるサービスです。,http://www.wakuwakulife.biz/,滋賀県東近江市蛇溝町1114-1,0748-20-1313,厚生労働省オープンデータ,https://www.mhlw.go.jp/content/12300000/jigyosho_780.csv,2025-12末,https://www.google.com/search?q=%E5%92%8C%E4%B9%85%E3%82%8F%E3%81%8F%E3%83%A9%E3%82%A4%E3%83%95%E3%83%87%E3%82%A4%E3%82%B5%E3%83%BC%E3%83%93%E3%82%B9%E3%82%BB%E3%83%B3%E3%82%BF%E3%83%BC%20%E6%9D%B1%E8%BF%91%E6%B1%9F%E5%B8%82
デイサービスセンターてんまや,地域密着型デイサービス,滋賀県,東近江市,"介護,地域密着型デイサービス",日中に通って食事・入浴・機能訓練・見守りなどを受けるサービスです。,https://www.google.com/search?q=%E3%83%87%E3%82%A4%E3%82%B5%E3%83%BC%E3%83%93%E3%82%B9%E3%82%BB%E3%83%B3%E3%82%BF%E3%83%BC%E3%81%A6%E3%82%93%E3%81%BE%E3%82%84%20%E6%9D%B1%E8%BF%91%E6%B1%9F%E5%B8%82,滋賀県東近江市建部日吉町312番地,0748-36-2112,厚生労働省オープンデータ,https://www.mhlw.go.jp/content/12300000/jigyosho_780.csv,2025-12末,https://www.google.com/search?q=%E3%83%87%E3%82%A4%E3%82%B5%E3%83%BC%E3%83%93%E3%82%B9%E3%82%BB%E3%83%B3%E3%82%BF%E3%83%BC%E3%81%A6%E3%82%93%E3%81%BE%E3%82%84%20%E6%9D%B1%E8%BF%91%E6%B1%9F%E5%B8%82
デイサービスひいらぎの里,地域密着型デイサービス,滋賀県,東近江市,"介護,地域密着型デイサービス",日中に通って食事・入浴・機能訓練・見守りなどを受けるサービスです。,https://www.google.com/search?q=%E3%83%87%E3%82%A4%E3%82%B5%E3%83%BC%E3%83%93%E3%82%B9%E3%81%B2%E3%81%84%E3%82%89%E3%81%8E%E3%81%AE%E9%87%8C%20%E6%9D%B1%E8%BF%91%E6%B1%9F%E5%B8%82,東近江市上平木町1150,0748-24-5353,厚生労働省オープンデータ,https://www.mhlw.go.jp/content/12300000/jigyosho_780.csv,2025-12末,https://www.google.com/search?q=%E3%83%87%E3%82%A4%E3%82%B5%E3%83%BC%E3%83%93%E3%82%B9%E3%81%B2%E3%81%84%E3%82%89%E3%81%8E%E3%81%AE%E9%87%8C%20%E6%9D%B1%E8%BF%91%E6%B1%9F%E5%B8%82
デイサービスセンター加楽,地域密着型デイサービス,滋賀県,東近江市,"介護,地域密着型デイサービス",日中に通って食事・入浴・機能訓練・見守りなどを受けるサービスです。,http://npokaraku.web.fc2.com/index.html,滋賀県東近江市下中野町６３７番地,0749-46-0608,厚生労働省オープンデータ,https://www.mhlw.go.jp/content/12300000/jigyosho_780.csv,2025-12末,https://www.google.com/search?q=%E3%83%87%E3%82%A4%E3%82%B5%E3%83%BC%E3%83%93%E3%82%B9%E3%82%BB%E3%83%B3%E3%82%BF%E3%83%BC%E5%8A%A0%E6%A5%BD%20%E6%9D%B1%E8%BF%91%E6%B1%9F%E5%B8%82
ほっとタイム,地域密着型デイサービス,滋賀県,東近江市,"介護,地域密着型デイサービス",日中に通って食事・入浴・機能訓練・見守りなどを受けるサービスです。,http://shimin-yokaichi.net/,滋賀県東近江市東沖野2-5-5,0748-23-7042,厚生労働省オープンデータ,https://www.mhlw.go.jp/content/12300000/jigyosho_780.csv,2025-12末,https://www.google.com/search?q=%E3%81%BB%E3%81%A3%E3%81%A8%E3%82%BF%E3%82%A4%E3%83%A0%20%E6%9D%B1%E8%BF%91%E6%B1%9F%E5%B8%82
デイサービスセンター・アンサンブル,地域密着型デイサービス,滋賀県,東近江市,"介護,地域密着型デイサービス",日中に通って食事・入浴・機能訓練・見守りなどを受けるサービスです。,https//kk-ensemble.jp,滋賀県東近江市小脇町1286-5,0748-43-2341,厚生労働省オープンデータ,https://www.mhlw.go.jp/content/12300000/jigyosho_780.csv,2025-12末,https://www.google.com/search?q=%E3%83%87%E3%82%A4%E3%82%B5%E3%83%BC%E3%83%93%E3%82%B9%E3%82%BB%E3%83%B3%E3%82%BF%E3%83%BC%E3%83%BB%E3%82%A2%E3%83%B3%E3%82%B5%E3%83%B3%E3%83%96%E3%83%AB%20%E6%9D%B1%E8%BF%91%E6%B1%9F%E5%B8%82
もくれんの小径　デイサービスセンター,地域密着型デイサービス,滋賀県,東近江市,"介護,地域密着型デイサービス",日中に通って食事・入浴・機能訓練・見守りなどを受けるサービスです。,http://www.taijyukai.net/kizuna/index.html,滋賀県東近江市湯屋町1320-1,0749-45-3233,厚生労働省オープンデータ,https://www.mhlw.go.jp/content/12300000/jigyosho_780.csv,2025-12末,https://www.google.com/search?q=%E3%82%82%E3%81%8F%E3%82%8C%E3%82%93%E3%81%AE%E5%B0%8F%E5%BE%84%E3%80%80%E3%83%87%E3%82%A4%E3%82%B5%E3%83%BC%E3%83%93%E3%82%B9%E3%82%BB%E3%83%B3%E3%82%BF%E3%83%BC%20%E6%9D%B1%E8%BF%91%E6%B1%9F%E5%B8%82
デイサービス　リハセンターかけはし,地域密着型デイサービス,滋賀県,東近江市,"介護,地域密着型デイサービス",日中に通って食事・入浴・機能訓練・見守りなどを受けるサービスです。,https://www.google.com/search?q=%E3%83%87%E3%82%A4%E3%82%B5%E3%83%BC%E3%83%93%E3%82%B9%E3%80%80%E3%83%AA%E3%83%8F%E3%82%BB%E3%83%B3%E3%82%BF%E3%83%BC%E3%81%8B%E3%81%91%E3%81%AF%E3%81%97%20%E6%9D%B1%E8%BF%91%E6%B1%9F%E5%B8%82,滋賀県東近江市沖野五丁目10-8,0748-56-1460,厚生労働省オープンデータ,https://www.mhlw.go.jp/content/12300000/jigyosho_780.csv,2025-12末,https://www.google.com/search?q=%E3%83%87%E3%82%A4%E3%82%B5%E3%83%BC%E3%83%93%E3%82%B9%E3%80%80%E3%83%AA%E3%83%8F%E3%82%BB%E3%83%B3%E3%82%BF%E3%83%BC%E3%81%8B%E3%81%91%E3%81%AF%E3%81%97%20%E6%9D%B1%E8%BF%91%E6%B1%9F%E5%B8%82
地域福祉館　雅,地域密着型デイサービス,滋賀県,東近江市,"介護,地域密着型デイサービス",日中に通って食事・入浴・機能訓練・見守りなどを受けるサービスです。,http://www.katogroup.jp/,滋賀県東近江市池庄町1554-2,0749-45-0044,厚生労働省オープンデータ,https://www.mhlw.go.jp/content/12300000/jigyosho_780.csv,2025-12末,https://www.google.com/search?q=%E5%9C%B0%E5%9F%9F%E7%A6%8F%E7%A5%89%E9%A4%A8%E3%80%80%E9%9B%85%20%E6%9D%B1%E8%BF%91%E6%B1%9F%E5%B8%82
でいさーびすせんたーじゅぴあ,地域密着型デイサービス,滋賀県,東近江市,"介護,地域密着型デイサービス",日中に通って食事・入浴・機能訓練・見守りなどを受けるサービスです。,https://www.google.com/search?q=%E3%81%A7%E3%81%84%E3%81%95%E3%83%BC%E3%81%B3%E3%81%99%E3%81%9B%E3%82%93%E3%81%9F%E3%83%BC%E3%81%98%E3%82%85%E3%81%B4%E3%81%82%20%E6%9D%B1%E8%BF%91%E6%B1%9F%E5%B8%82,滋賀県東近江市妹町29,080-7841-7916,厚生労働省オープンデータ,https://www.mhlw.go.jp/content/12300000/jigyosho_780.csv,2025-12末,https://www.google.com/search?q=%E3%81%A7%E3%81%84%E3%81%95%E3%83%BC%E3%81%B3%E3%81%99%E3%81%9B%E3%82%93%E3%81%9F%E3%83%BC%E3%81%98%E3%82%85%E3%81%B4%E3%81%82%20%E6%9D%B1%E8%BF%91%E6%B1%9F%E5%B8%82
東近江市社会福祉協議会デイサービスセンターゆうあいの家,地域密着型デイサービス,滋賀県,東近江市,"介護,地域密着型デイサービス",日中に通って食事・入浴・機能訓練・見守りなどを受けるサービスです。,http://www.higashiomi-shakyo.or.jp/,滋賀県東近江市永源寺高野町437番地,0748-27-2066,厚生労働省オープンデータ,https://www.mhlw.go.jp/content/12300000/jigyosho_780.csv,2025-12末,https://www.google.com/search?q=%E6%9D%B1%E8%BF%91%E6%B1%9F%E5%B8%82%E7%A4%BE%E4%BC%9A%E7%A6%8F%E7%A5%89%E5%8D%94%E8%AD%B0%E4%BC%9A%E3%83%87%E3%82%A4%E3%82%B5%E3%83%BC%E3%83%93%E3%82%B9%E3%82%BB%E3%83%B3%E3%82%BF%E3%83%BC%E3%82%86%E3%81%86%E3%81%82%E3%81%84%E3%81%AE%E5%AE%B6%20%E6%9D%B1%E8%BF%91%E6%B1%9F%E5%B8%82
i・mart　ヘルス＆ワーク倶楽部,地域密着型デイサービス,滋賀県,東近江市,"介護,地域密着型デイサービス",日中に通って食事・入浴・機能訓練・見守りなどを受けるサービスです。,https://www.instagram.com/imart_healthworkclub/,滋賀県東近江市市ケ原町109番地,080-3459-3442,厚生労働省オープンデータ,https://www.mhlw.go.jp/content/12300000/jigyosho_780.csv,2025-12末,https://www.google.com/search?q=i%E3%83%BBmart%E3%80%80%E3%83%98%E3%83%AB%E3%82%B9%EF%BC%86%E3%83%AF%E3%83%BC%E3%82%AF%E5%80%B6%E6%A5%BD%E9%83%A8%20%E6%9D%B1%E8%BF%91%E6%B1%9F%E5%B8%82
ＮＰＯ結の家ディサービスセンターとの,地域密着型デイサービス,滋賀県,東近江市,"介護,地域密着型デイサービス",日中に通って食事・入浴・機能訓練・見守りなどを受けるサービスです。,http://fukushi-mall.com/,滋賀県東近江市愛東外町７００番地の１,080-8507-1148,厚生労働省オープンデータ,https://www.mhlw.go.jp/content/12300000/jigyosho_780.csv,2025-12末,https://www.google.com/search?q=%EF%BC%AE%EF%BC%B0%EF%BC%AF%E7%B5%90%E3%81%AE%E5%AE%B6%E3%83%87%E3%82%A3%E3%82%B5%E3%83%BC%E3%83%93%E3%82%B9%E3%82%BB%E3%83%B3%E3%82%BF%E3%83%BC%E3%81%A8%E3%81%AE%20%E6%9D%B1%E8%BF%91%E6%B1%9F%E5%B8%82
結の家デイサービスセンターおぐら,地域密着型デイサービス,滋賀県,東近江市,"介護,地域密着型デイサービス",日中に通って食事・入浴・機能訓練・見守りなどを受けるサービスです。,http://fukushi-mall.com/,滋賀県東近江市小倉町1975番地2,0749-46-2166,厚生労働省オープンデータ,https://www.mhlw.go.jp/content/12300000/jigyosho_780.csv,2025-12末,https://www.google.com/search?q=%E7%B5%90%E3%81%AE%E5%AE%B6%E3%83%87%E3%82%A4%E3%82%B5%E3%83%BC%E3%83%93%E3%82%B9%E3%82%BB%E3%83%B3%E3%82%BF%E3%83%BC%E3%81%8A%E3%81%90%E3%82%89%20%E6%9D%B1%E8%BF%91%E6%B1%9F%E5%B8%82
ファミールケア米原センター,地域密着型デイサービス,滋賀県,米原市,"介護,地域密着型デイサービス",日中に通って食事・入浴・機能訓練・見守りなどを受けるサービスです。,https://www.famille-care.co.jp,米原市中多良１丁目１７番,0749-52-5665,厚生労働省オープンデータ,https://www.mhlw.go.jp/content/12300000/jigyosho_780.csv,2025-12末,https://www.google.com/search?q=%E3%83%95%E3%82%A1%E3%83%9F%E3%83%BC%E3%83%AB%E3%82%B1%E3%82%A2%E7%B1%B3%E5%8E%9F%E3%82%BB%E3%83%B3%E3%82%BF%E3%83%BC%20%E7%B1%B3%E5%8E%9F%E5%B8%82
いぶきの家,地域密着型デイサービス,滋賀県,米原市,"介護,地域密着型デイサービス",日中に通って食事・入浴・機能訓練・見守りなどを受けるサービスです。,https://www.google.com/search?q=%E3%81%84%E3%81%B6%E3%81%8D%E3%81%AE%E5%AE%B6%20%E7%B1%B3%E5%8E%9F%E5%B8%82,滋賀県米原市井之口180,0749-55-0205,厚生労働省オープンデータ,https://www.mhlw.go.jp/content/12300000/jigyosho_780.csv,2025-12末,https://www.google.com/search?q=%E3%81%84%E3%81%B6%E3%81%8D%E3%81%AE%E5%AE%B6%20%E7%B1%B3%E5%8E%9F%E5%B8%82
社会福祉法人米原市社会福祉協議会デイサービスセンター寄ろ家うかの,地域密着型デイサービス,滋賀県,米原市,"介護,地域密着型デイサービス",日中に通って食事・入浴・機能訓練・見守りなどを受けるサービスです。,http://maibara-shakyo.or.jp,滋賀県米原市宇賀野590,0749-52-6880,厚生労働省オープンデータ,https://www.mhlw.go.jp/content/12300000/jigyosho_780.csv,2025-12末,https://www.google.com/search?q=%E7%A4%BE%E4%BC%9A%E7%A6%8F%E7%A5%89%E6%B3%95%E4%BA%BA%E7%B1%B3%E5%8E%9F%E5%B8%82%E7%A4%BE%E4%BC%9A%E7%A6%8F%E7%A5%89%E5%8D%94%E8%AD%B0%E4%BC%9A%E3%83%87%E3%82%A4%E3%82%B5%E3%83%BC%E3%83%93%E3%82%B9%E3%82%BB%E3%83%B3%E3%82%BF%E3%83%BC%E5%AF%84%E3%82%8D%E5%AE%B6%E3%81%86%E3%81%8B%E3%81%AE%20%E7%B1%B3%E5%8E%9F%E5%B8%82
特定非営利活動法人　ほほえみ,地域密着型デイサービス,滋賀県,米原市,"介護,地域密着型デイサービス",日中に通って食事・入浴・機能訓練・見守りなどを受けるサービスです。,https://www.google.com/search?q=%E7%89%B9%E5%AE%9A%E9%9D%9E%E5%96%B6%E5%88%A9%E6%B4%BB%E5%8B%95%E6%B3%95%E4%BA%BA%E3%80%80%E3%81%BB%E3%81%BB%E3%81%88%E3%81%BF%20%E7%B1%B3%E5%8E%9F%E5%B8%82,滋賀県米原市上野1056番地,0749-58-2288,厚生労働省オープンデータ,https://www.mhlw.go.jp/content/12300000/jigyosho_780.csv,2025-12末,https://www.google.com/search?q=%E7%89%B9%E5%AE%9A%E9%9D%9E%E5%96%B6%E5%88%A9%E6%B4%BB%E5%8B%95%E6%B3%95%E4%BA%BA%E3%80%80%E3%81%BB%E3%81%BB%E3%81%88%E3%81%BF%20%E7%B1%B3%E5%8E%9F%E5%B8%82
ひだまり,地域密着型デイサービス,滋賀県,米原市,"介護,地域密着型デイサービス",日中に通って食事・入浴・機能訓練・見守りなどを受けるサービスです。,http://www.hidamari-shiga.jp,滋賀県米原市一色458-2,0749-54-2277,厚生労働省オープンデータ,https://www.mhlw.go.jp/content/12300000/jigyosho_780.csv,2025-12末,https://www.google.com/search?q=%E3%81%B2%E3%81%A0%E3%81%BE%E3%82%8A%20%E7%B1%B3%E5%8E%9F%E5%B8%82
スタイルケア,地域密着型デイサービス,滋賀県,米原市,"介護,地域密着型デイサービス",日中に通って食事・入浴・機能訓練・見守りなどを受けるサービスです。,http://style2010.com/,滋賀県米原市高番408,0749-58-8003,厚生労働省オープンデータ,https://www.mhlw.go.jp/content/12300000/jigyosho_780.csv,2025-12末,https://www.google.com/search?q=%E3%82%B9%E3%82%BF%E3%82%A4%E3%83%AB%E3%82%B1%E3%82%A2%20%E7%B1%B3%E5%8E%9F%E5%B8%82
社会福祉法人米原市社会福祉協議会北部デイサービスセンターきたで～,地域密着型デイサービス,滋賀県,米原市,"介護,地域密着型デイサービス",日中に通って食事・入浴・機能訓練・見守りなどを受けるサービスです。,maibara-shakyo.or.jp/,滋賀県米原市大久保885番地,0749-58-8010,厚生労働省オープンデータ,https://www.mhlw.go.jp/content/12300000/jigyosho_780.csv,2025-12末,https://www.google.com/search?q=%E7%A4%BE%E4%BC%9A%E7%A6%8F%E7%A5%89%E6%B3%95%E4%BA%BA%E7%B1%B3%E5%8E%9F%E5%B8%82%E7%A4%BE%E4%BC%9A%E7%A6%8F%E7%A5%89%E5%8D%94%E8%AD%B0%E4%BC%9A%E5%8C%97%E9%83%A8%E3%83%87%E3%82%A4%E3%82%B5%E3%83%BC%E3%83%93%E3%82%B9%E3%82%BB%E3%83%B3%E3%82%BF%E3%83%BC%E3%81%8D%E3%81%9F%E3%81%A7%EF%BD%9E%20%E7%B1%B3%E5%8E%9F%E5%B8%82
社会福祉法人米原市社会福祉協議会東部デイサービスセンターはびろ,地域密着型デイサービス,滋賀県,米原市,"介護,地域密着型デイサービス",日中に通って食事・入浴・機能訓練・見守りなどを受けるサービスです。,habiroday@maibara-shakyo.or.jp,滋賀県米原市柏原2202柏原福祉交流センター,0749-57-1800,厚生労働省オープンデータ,https://www.mhlw.go.jp/content/12300000/jigyosho_780.csv,2025-12末,https://www.google.com/search?q=%E7%A4%BE%E4%BC%9A%E7%A6%8F%E7%A5%89%E6%B3%95%E4%BA%BA%E7%B1%B3%E5%8E%9F%E5%B8%82%E7%A4%BE%E4%BC%9A%E7%A6%8F%E7%A5%89%E5%8D%94%E8%AD%B0%E4%BC%9A%E6%9D%B1%E9%83%A8%E3%83%87%E3%82%A4%E3%82%B5%E3%83%BC%E3%83%93%E3%82%B9%E3%82%BB%E3%83%B3%E3%82%BF%E3%83%BC%E3%81%AF%E3%81%B3%E3%82%8D%20%E7%B1%B3%E5%8E%9F%E5%B8%82
ラウンド多和田,地域密着型デイサービス,滋賀県,米原市,"介護,地域密着型デイサービス",日中に通って食事・入浴・機能訓練・見守りなどを受けるサービスです。,http://www.sinca100.biz/,滋賀県米原市多和田1033番地1,0749-54-1022,厚生労働省オープンデータ,https://www.mhlw.go.jp/content/12300000/jigyosho_780.csv,2025-12末,https://www.google.com/search?q=%E3%83%A9%E3%82%A6%E3%83%B3%E3%83%89%E5%A4%9A%E5%92%8C%E7%94%B0%20%E7%B1%B3%E5%8E%9F%E5%B8%82
ｅｓｔ,地域密着型デイサービス,滋賀県,米原市,"介護,地域密着型デイサービス",日中に通って食事・入浴・機能訓練・見守りなどを受けるサービスです。,http://style2010.com/,滋賀県米原市顔戸501-5,0749-57-6277,厚生労働省オープンデータ,https://www.mhlw.go.jp/content/12300000/jigyosho_780.csv,2025-12末,https://www.google.com/search?q=%EF%BD%85%EF%BD%93%EF%BD%94%20%E7%B1%B3%E5%8E%9F%E5%B8%82
スマイルデイサービスセンター,地域密着型デイサービス,滋賀県,米原市,"介護,地域密着型デイサービス",日中に通って食事・入浴・機能訓練・見守りなどを受けるサービスです。,https://www.oumikunpuukai.com,米原市寺倉603番地の3,0749-54-8204,厚生労働省オープンデータ,https://www.mhlw.go.jp/content/12300000/jigyosho_780.csv,2025-12末,https://www.google.com/search?q=%E3%82%B9%E3%83%9E%E3%82%A4%E3%83%AB%E3%83%87%E3%82%A4%E3%82%B5%E3%83%BC%E3%83%93%E3%82%B9%E3%82%BB%E3%83%B3%E3%82%BF%E3%83%BC%20%E7%B1%B3%E5%8E%9F%E5%B8%82
あーばん　すたじおゆるりはまいばら,地域密着型デイサービス,滋賀県,米原市,"介護,地域密着型デイサービス",日中に通って食事・入浴・機能訓練・見守りなどを受けるサービスです。,https://us-yururiha.com/,顔戸1315-7URBANSTUDIOゆるりは米原,0749-52-8550,厚生労働省オープンデータ,https://www.mhlw.go.jp/content/12300000/jigyosho_780.csv,2025-12末,https://www.google.com/search?q=%E3%81%82%E3%83%BC%E3%81%B0%E3%82%93%E3%80%80%E3%81%99%E3%81%9F%E3%81%98%E3%81%8A%E3%82%86%E3%82%8B%E3%82%8A%E3%81%AF%E3%81%BE%E3%81%84%E3%81%B0%E3%82%89%20%E7%B1%B3%E5%8E%9F%E5%B8%82
社会福祉法人米原市社会福祉協議会デイサービスセンターゆめホール,地域密着型デイサービス,滋賀県,米原市,"介護,地域密着型デイサービス",日中に通って食事・入浴・機能訓練・見守りなどを受けるサービスです。,http://maibara-shakyo.or.jp/,滋賀県米原市三吉570,0749-51-9098,厚生労働省オープンデータ,https://www.mhlw.go.jp/content/12300000/jigyosho_780.csv,2025-12末,https://www.google.com/search?q=%E7%A4%BE%E4%BC%9A%E7%A6%8F%E7%A5%89%E6%B3%95%E4%BA%BA%E7%B1%B3%E5%8E%9F%E5%B8%82%E7%A4%BE%E4%BC%9A%E7%A6%8F%E7%A5%89%E5%8D%94%E8%AD%B0%E4%BC%9A%E3%83%87%E3%82%A4%E3%82%B5%E3%83%BC%E3%83%93%E3%82%B9%E3%82%BB%E3%83%B3%E3%82%BF%E3%83%BC%E3%82%86%E3%82%81%E3%83%9B%E3%83%BC%E3%83%AB%20%E7%B1%B3%E5%8E%9F%E5%B8%82
社会福祉法人米原市社会福祉協議会デイサービスセンター行こ家のとせ,地域密着型デイサービス,滋賀県,米原市,"介護,地域密着型デイサービス",日中に通って食事・入浴・機能訓練・見守りなどを受けるサービスです。,ikokanotose@maibara-shakyo.or.Jp,滋賀県米原市能登瀬1294-3,0749-54-8188,厚生労働省オープンデータ,https://www.mhlw.go.jp/content/12300000/jigyosho_780.csv,2025-12末,https://www.google.com/search?q=%E7%A4%BE%E4%BC%9A%E7%A6%8F%E7%A5%89%E6%B3%95%E4%BA%BA%E7%B1%B3%E5%8E%9F%E5%B8%82%E7%A4%BE%E4%BC%9A%E7%A6%8F%E7%A5%89%E5%8D%94%E8%AD%B0%E4%BC%9A%E3%83%87%E3%82%A4%E3%82%B5%E3%83%BC%E3%83%93%E3%82%B9%E3%82%BB%E3%83%B3%E3%82%BF%E3%83%BC%E8%A1%8C%E3%81%93%E5%AE%B6%E3%81%AE%E3%81%A8%E3%81%9B%20%E7%B1%B3%E5%8E%9F%E5%B8%82
リハビリデイサービスここりは,地域密着型デイサービス,滋賀県,米原市,"介護,地域密着型デイサービス",日中に通って食事・入浴・機能訓練・見守りなどを受けるサービスです。,https://raiseru.co.jp,滋賀県米原市宇賀野181なし,0749-52-1211,厚生労働省オープンデータ,https://www.mhlw.go.jp/content/12300000/jigyosho_780.csv,2025-12末,https://www.google.com/search?q=%E3%83%AA%E3%83%8F%E3%83%93%E3%83%AA%E3%83%87%E3%82%A4%E3%82%B5%E3%83%BC%E3%83%93%E3%82%B9%E3%81%93%E3%81%93%E3%82%8A%E3%81%AF%20%E7%B1%B3%E5%8E%9F%E5%B8%82
デイサービス　ともの家　ひの,地域密着型デイサービス,滋賀県,日野町,"介護,地域密着型デイサービス",日中に通って食事・入浴・機能訓練・見守りなどを受けるサービスです。,http://www.tomonoie.org/public/,滋賀県蒲生郡日野町大窪１３６３番地,０７４８－２６－１５２３,厚生労働省オープンデータ,https://www.mhlw.go.jp/content/12300000/jigyosho_780.csv,2025-12末,https://www.google.com/search?q=%E3%83%87%E3%82%A4%E3%82%B5%E3%83%BC%E3%83%93%E3%82%B9%E3%80%80%E3%81%A8%E3%82%82%E3%81%AE%E5%AE%B6%E3%80%80%E3%81%B2%E3%81%AE%20%E6%97%A5%E9%87%8E%E7%94%BA
デイサービスセンター　樹,地域密着型デイサービス,滋賀県,竜王町,"介護,地域密着型デイサービス",日中に通って食事・入浴・機能訓練・見守りなどを受けるサービスです。,https://www.google.com/search?q=%E3%83%87%E3%82%A4%E3%82%B5%E3%83%BC%E3%83%93%E3%82%B9%E3%82%BB%E3%83%B3%E3%82%BF%E3%83%BC%E3%80%80%E6%A8%B9%20%E7%AB%9C%E7%8E%8B%E7%94%BA,滋賀県蒲生郡竜王町小口５４１－４,０７４８－２６－６０５５,厚生労働省オープンデータ,https://www.mhlw.go.jp/content/12300000/jigyosho_780.csv,2025-12末,https://www.google.com/search?q=%E3%83%87%E3%82%A4%E3%82%B5%E3%83%BC%E3%83%93%E3%82%B9%E3%82%BB%E3%83%B3%E3%82%BF%E3%83%BC%E3%80%80%E6%A8%B9%20%E7%AB%9C%E7%8E%8B%E7%94%BA
デイサービスセンター愛・ユー,地域密着型デイサービス,滋賀県,愛荘町,"介護,地域密着型デイサービス",日中に通って食事・入浴・機能訓練・見守りなどを受けるサービスです。,https://www.google.com/search?q=%E3%83%87%E3%82%A4%E3%82%B5%E3%83%BC%E3%83%93%E3%82%B9%E3%82%BB%E3%83%B3%E3%82%BF%E3%83%BC%E6%84%9B%E3%83%BB%E3%83%A6%E3%83%BC%20%E6%84%9B%E8%8D%98%E7%94%BA,滋賀県愛知郡愛荘町石橋905,0749-42-7158,厚生労働省オープンデータ,https://www.mhlw.go.jp/content/12300000/jigyosho_780.csv,2025-12末,https://www.google.com/search?q=%E3%83%87%E3%82%A4%E3%82%B5%E3%83%BC%E3%83%93%E3%82%B9%E3%82%BB%E3%83%B3%E3%82%BF%E3%83%BC%E6%84%9B%E3%83%BB%E3%83%A6%E3%83%BC%20%E6%84%9B%E8%8D%98%E7%94%BA
デイサービス　いしころ民家,地域密着型デイサービス,滋賀県,愛荘町,"介護,地域密着型デイサービス",日中に通って食事・入浴・機能訓練・見守りなどを受けるサービスです。,https://www.google.com/search?q=%E3%83%87%E3%82%A4%E3%82%B5%E3%83%BC%E3%83%93%E3%82%B9%E3%80%80%E3%81%84%E3%81%97%E3%81%93%E3%82%8D%E6%B0%91%E5%AE%B6%20%E6%84%9B%E8%8D%98%E7%94%BA,滋賀県愛知郡愛荘町市１３４９番地１,0749295677,厚生労働省オープンデータ,https://www.mhlw.go.jp/content/12300000/jigyosho_780.csv,2025-12末,https://www.google.com/search?q=%E3%83%87%E3%82%A4%E3%82%B5%E3%83%BC%E3%83%93%E3%82%B9%E3%80%80%E3%81%84%E3%81%97%E3%81%93%E3%82%8D%E6%B0%91%E5%AE%B6%20%E6%84%9B%E8%8D%98%E7%94%BA
ゆらぎデイサービス,地域密着型デイサービス,滋賀県,愛荘町,"介護,地域密着型デイサービス",日中に通って食事・入浴・機能訓練・見守りなどを受けるサービスです。,https://www.google.com/search?q=%E3%82%86%E3%82%89%E3%81%8E%E3%83%87%E3%82%A4%E3%82%B5%E3%83%BC%E3%83%93%E3%82%B9%20%E6%84%9B%E8%8D%98%E7%94%BA,滋賀県愛知郡愛荘町島川1321,0749-42-6006,厚生労働省オープンデータ,https://www.mhlw.go.jp/content/12300000/jigyosho_780.csv,2025-12末,https://www.google.com/search?q=%E3%82%86%E3%82%89%E3%81%8E%E3%83%87%E3%82%A4%E3%82%B5%E3%83%BC%E3%83%93%E3%82%B9%20%E6%84%9B%E8%8D%98%E7%94%BA
愛荘町社会福祉協議会秦荘通所介護事業所,地域密着型デイサービス,滋賀県,愛荘町,"介護,地域密着型デイサービス",日中に通って食事・入浴・機能訓練・見守りなどを受けるサービスです。,http://aisho-shakyo.or.jp,滋賀県愛知郡愛荘町安孫子1216番地-１愛荘町立福祉センターラポール秦荘　いきいきセンター,0749-37-8063,厚生労働省オープンデータ,https://www.mhlw.go.jp/content/12300000/jigyosho_780.csv,2025-12末,https://www.google.com/search?q=%E6%84%9B%E8%8D%98%E7%94%BA%E7%A4%BE%E4%BC%9A%E7%A6%8F%E7%A5%89%E5%8D%94%E8%AD%B0%E4%BC%9A%E7%A7%A6%E8%8D%98%E9%80%9A%E6%89%80%E4%BB%8B%E8%AD%B7%E4%BA%8B%E6%A5%AD%E6%89%80%20%E6%84%9B%E8%8D%98%E7%94%BA
デイサービス笑楽,地域密着型デイサービス,滋賀県,甲良町,"介護,地域密着型デイサービス",日中に通って食事・入浴・機能訓練・見守りなどを受けるサービスです。,http://www.,滋賀県犬上郡甲良町正楽寺１５０番地１,0749-38-8118,厚生労働省オープンデータ,https://www.mhlw.go.jp/content/12300000/jigyosho_780.csv,2025-12末,https://www.google.com/search?q=%E3%83%87%E3%82%A4%E3%82%B5%E3%83%BC%E3%83%93%E3%82%B9%E7%AC%91%E6%A5%BD%20%E7%94%B2%E8%89%AF%E7%94%BA
デイサービスあかり,地域密着型デイサービス,滋賀県,甲良町,"介護,地域密着型デイサービス",日中に通って食事・入浴・機能訓練・見守りなどを受けるサービスです。,http://hp.kaipoke.biz/au6/61395/index_0004.html,滋賀県犬上郡甲良町大字在士７０２番地１,0749-38-8131,厚生労働省オープンデータ,https://www.mhlw.go.jp/content/12300000/jigyosho_780.csv,2025-12末,https://www.google.com/search?q=%E3%83%87%E3%82%A4%E3%82%B5%E3%83%BC%E3%83%93%E3%82%B9%E3%81%82%E3%81%8B%E3%82%8A%20%E7%94%B2%E8%89%AF%E7%94%BA
甲良町デイサービスセンターかつらぎ,地域密着型デイサービス,滋賀県,甲良町,"介護,地域密着型デイサービス",日中に通って食事・入浴・機能訓練・見守りなどを受けるサービスです。,http://www.suzukihealthcare.co.jp,下之郷１５０９,0749-38-8233,厚生労働省オープンデータ,https://www.mhlw.go.jp/content/12300000/jigyosho_780.csv,2025-12末,https://www.google.com/search?q=%E7%94%B2%E8%89%AF%E7%94%BA%E3%83%87%E3%82%A4%E3%82%B5%E3%83%BC%E3%83%93%E3%82%B9%E3%82%BB%E3%83%B3%E3%82%BF%E3%83%BC%E3%81%8B%E3%81%A4%E3%82%89%E3%81%8E%20%E7%94%B2%E8%89%AF%E7%94%BA
はぐくみデイサービス,地域密着型デイサービス,滋賀県,多賀町,"介護,地域密着型デイサービス",日中に通って食事・入浴・機能訓練・見守りなどを受けるサービスです。,https://hagukumi-shiga.com/,滋賀県犬上郡多賀町多賀　215-11,0749-48-7272,厚生労働省オープンデータ,https://www.mhlw.go.jp/content/12300000/jigyosho_780.csv,2025-12末,https://www.google.com/search?q=%E3%81%AF%E3%81%90%E3%81%8F%E3%81%BF%E3%83%87%E3%82%A4%E3%82%B5%E3%83%BC%E3%83%93%E3%82%B9%20%E5%A4%9A%E8%B3%80%E7%94%BA
